07/14/26 16:41:43 ******************************************************
07/14/26 16:41:43 ** condor_scheduniv_exec.9401729.0 (CONDOR_DAGMAN) STARTING UP
07/14/26 16:41:43 ** /usr/bin/condor_dagman
07/14/26 16:41:43 ** SubsystemInfo: name=DAGMAN type=DAGMAN(9) class=CLIENT(2)
07/14/26 16:41:43 ** Configuration: subsystem:DAGMAN local:<NONE> class:CLIENT
07/14/26 16:41:43 ** $CondorVersion: 24.12.17 2026-02-12 BuildID: 873637 PackageID: 24.12.17-1 GitSHA: 2f0748e8 $
07/14/26 16:41:43 ** $CondorPlatform: x86_64_AlmaLinux9 $
07/14/26 16:41:43 ** PID = 3214269 RealUID = 175117
07/14/26 16:41:43 ** Log last touched time unavailable (No such file or directory)
07/14/26 16:41:43 ******************************************************
07/14/26 16:41:43 Using config source: /etc/condor/condor_config
07/14/26 16:41:43 Using local config sources: 
07/14/26 16:41:43    /etc/condor/config.d/00-security
07/14/26 16:41:43    /etc/condor/config.d/10-stash-plugin.conf
07/14/26 16:41:43    /etc/condor/config.d/10_security.config
07/14/26 16:41:43    /etc/condor/config.d/12_resourcelimits.config
07/14/26 16:41:43    /etc/condor/config.d/14_network.config
07/14/26 16:41:43    /etc/condor/config.d/21_schedd.config
07/14/26 16:41:43    /etc/condor/config.d/21_submit_requirements.config
07/14/26 16:41:43    /etc/condor/config.d/31_krbrenewal.config
07/14/26 16:41:43    /etc/condor/config.d/41_job_transform.config
07/14/26 16:41:43    /etc/condor/config.d/80_banning_rules.config
07/14/26 16:41:43    /etc/condor/config.d/99_ben_submit_req.config
07/14/26 16:41:43    /etc/condor/condor_config.local
07/14/26 16:41:43 config Macros = 277, Sorted = 277, StringBytes = 34372, TablesBytes = 10108
07/14/26 16:41:43 CLASSAD_CACHING is ENABLED
07/14/26 16:41:43 Daemon Log is logging: D_ALWAYS D_ERROR D_STATUS
07/14/26 16:41:43 Daemoncore: Listening at <0.0.0.0:17963> on TCP (ReliSock) and UDP (SafeSock).
07/14/26 16:41:43 Daemoncore: Listening at <[::]:17963> on TCP (ReliSock) and UDP (SafeSock).
07/14/26 16:41:43 DaemonCore: command socket at <137.138.44.55:17963?addrs=137.138.44.55-17963+[2001-1458-d00-1a--48]-17963&alias=bigbird17.cern.ch>
07/14/26 16:41:43 DaemonCore: private command socket at <137.138.44.55:17963?addrs=137.138.44.55-17963+[2001-1458-d00-1a--48]-17963&alias=bigbird17.cern.ch>
07/14/26 16:41:43 DAGMAN_USE_STRICT setting: 1
07/14/26 16:41:43 DAGMAN_VERBOSITY setting: 3
07/14/26 16:41:43 DAGMAN_DEBUG_CACHE_SIZE setting: 5242880
07/14/26 16:41:43 DAGMAN_DEBUG_CACHE_ENABLE setting: False
07/14/26 16:41:43 DAGMAN_SUBMIT_DELAY setting: 0
07/14/26 16:41:43 DAGMAN_MAX_SUBMIT_ATTEMPTS setting: 6
07/14/26 16:41:43 DAGMAN_STARTUP_CYCLE_DETECT setting: False
07/14/26 16:41:43 DAGMAN_USE_JOIN_NODES setting: True
07/14/26 16:41:43 DAGMAN_REPORT_GRAPH_METRICS setting: False
07/14/26 16:41:43 DAGMAN_MAX_SUBMITS_PER_INTERVAL setting: 100
07/14/26 16:41:43 DAGMAN_AGGRESSIVE_SUBMIT setting: False
07/14/26 16:41:43 DAGMAN_USER_LOG_SCAN_INTERVAL setting: 5
07/14/26 16:41:43 DAGMAN_QUEUE_UPDATE_INTERVAL setting: 300.000000
07/14/26 16:41:43 DAGMAN_DEFAULT_PRIORITY setting: 0
07/14/26 16:41:43 DAGMAN_SUPPRESS_NOTIFICATION setting: False
07/14/26 16:41:43 allow_events (DAGMAN_ALLOW_EVENTS) setting: 114
07/14/26 16:41:43 DAGMAN_RETRY_SUBMIT_FIRST setting: True
07/14/26 16:41:43 DAGMAN_RETRY_NODE_FIRST setting: False
07/14/26 16:41:43 DAGMAN_MAX_JOBS_IDLE setting: 1000
07/14/26 16:41:43 DAGMAN_MAX_JOBS_SUBMITTED setting: 0
07/14/26 16:41:43 DAGMAN_MAX_PRE_SCRIPTS setting: 20
07/14/26 16:41:43 DAGMAN_MAX_POST_SCRIPTS setting: 20
07/14/26 16:41:43 DAGMAN_MAX_HOLD_SCRIPTS setting: 20
07/14/26 16:41:43 DAGMAN_MUNGE_NODE_NAMES setting: True
07/14/26 16:41:43 DAGMAN_ALLOW_ANY_NODE_NAME_CHARACTERS setting: False
07/14/26 16:41:43 DAGMAN_PROHIBIT_MULTI_JOBS setting: False
07/14/26 16:41:43 DAGMAN_SUBMIT_DEPTH_FIRST setting: False
07/14/26 16:41:43 DAGMAN_ALWAYS_RUN_POST setting: False
07/14/26 16:41:43 DAGMAN_CONDOR_SUBMIT_EXE setting: /usr/bin/condor_submit
07/14/26 16:41:43 DAGMAN_CONDOR_RM_EXE setting: /usr/bin/condor_rm
07/14/26 16:41:43 DAGMAN_USE_DIRECT_SUBMIT setting: True
07/14/26 16:41:43 DAGMAN_PRODUCE_JOB_CREDENTIALS setting: True
07/14/26 16:41:43 DAGMAN_DEFAULT_APPEND_VARS setting: False
07/14/26 16:41:43 DAGMAN_INHERIT_ATTRS_PREFIX setting: 
07/14/26 16:41:43 DAGMAN_INHERIT_ATTRS setting: 
07/14/26 16:41:43 DAGMAN_ABORT_DUPLICATES setting: True
07/14/26 16:41:43 DAGMAN_ABORT_ON_SCARY_SUBMIT setting: True
07/14/26 16:41:43 DAGMAN_PENDING_REPORT_INTERVAL setting: 600
07/14/26 16:41:43 DAGMAN_CHECK_QUEUE_INTERVAL setting: 28800
07/14/26 16:41:43 DAGMAN_PRINT_JOB_TABLE_INTERVAL setting: 900
07/14/26 16:41:43 DAGMAN_AUTO_RESCUE setting: True
07/14/26 16:41:43 DAGMAN_MAX_RESCUE_NUM setting: 100
07/14/26 16:41:43 DAGMAN_WRITE_PARTIAL_RESCUE setting: True
07/14/26 16:41:43 DAGMAN_RESET_RETRIES_UPON_RESCUE setting: True
07/14/26 16:41:43 DAGMAN_METRICS_FILE_VERSION setting: 2
07/14/26 16:41:43 DAGMAN_DEFAULT_NODE_LOG setting: @(DAG_DIR)/@(DAG_FILE).nodes.log
07/14/26 16:41:43 DAGMAN_LOG_ON_NFS_IS_ERROR setting: False
07/14/26 16:41:43 DAGMAN_GENERATE_SUBDAG_SUBMITS setting: True
07/14/26 16:41:43 DAGMAN_MAX_JOB_HOLDS setting: 100
07/14/26 16:41:43 DAGMAN_NODE_JOB_FAILURE_TOLERANCE setting: 0
07/14/26 16:41:43 DAGMAN_HOLD_CLAIM_TIME setting: 20
07/14/26 16:41:43 DAGMAN_SUPPRESS_JOB_LOGS setting: False
07/14/26 16:41:43 DAGMAN_REMOVE_NODE_JOBS setting: True
07/14/26 16:41:43 DAGMAN_PUT_FAILED_JOBS_ON_HOLD setting: False
07/14/26 16:41:43 DAGMAN_REMOVE_JOBS_AFTER_LIMIT_CHANGE setting: False
07/14/26 16:41:43 DAGMAN will adjust edges after parsing
07/14/26 16:41:43 argv[0] == "condor_scheduniv_exec.9401729.0"
07/14/26 16:41:43 argv[1] == "-Lockfile"
07/14/26 16:41:43 argv[2] == "condor/scan_apply_rerun.dag.lock"
07/14/26 16:41:43 argv[3] == "-Dag"
07/14/26 16:41:43 argv[4] == "condor/scan_apply_rerun.dag"
07/14/26 16:41:43 argv[5] == "-CsdVersion"
07/14/26 16:41:43 argv[6] == "$CondorVersion: 24.12.16 2026-01-29 BuildID: 869053 PackageID: 24.12.16-1 GitSHA: d5741e8b $"
07/14/26 16:41:43 argv[7] == "-dagman"
07/14/26 16:41:43 argv[8] == "/usr/bin/condor_dagman"
07/14/26 16:41:43 argv[9] == "-AutoRescue"
07/14/26 16:41:43 argv[10] == "1"
07/14/26 16:41:43 argv[11] == "-DoRescueFrom"
07/14/26 16:41:43 argv[12] == "0"
07/14/26 16:41:43 Workflow batch-id: <9401729.0>
07/14/26 16:41:43 Workflow batch-name: <scan_apply_rerun.dag+9401729>
07/14/26 16:41:43 Workflow accounting_group: <>
07/14/26 16:41:43 Workflow accounting_group_user: <>
07/14/26 16:41:43 Warning: failed to get attribute DAGNodeName
07/14/26 16:41:43 Default node log file is: </afs/cern.ch/user/l/lbailloe/private/autoDQM/isolation_forest/condor/scan_apply_rerun.dag.nodes.log>
07/14/26 16:41:43 Note: the version ($CondorVersion: 24.12.16 2026-01-29 BuildID: 869053 PackageID: 24.12.16-1 GitSHA: d5741e8b $) of this DAG's HTCondor submit file differs from condor_dagman version ($CondorVersion: 24.12.17 2026-02-12 BuildID: 873637 PackageID: 24.12.17-1 GitSHA: 2f0748e8 $), but the difference is permissible
07/14/26 16:41:43 DAG Lockfile will be written to condor/scan_apply_rerun.dag.lock
07/14/26 16:41:43 DAG Input file is condor/scan_apply_rerun.dag
07/14/26 16:41:43 Parsing 1 dagfiles
07/14/26 16:41:43 Parsing condor/scan_apply_rerun.dag ...
07/14/26 16:41:43 Adjusting edges
07/14/26 16:41:43 Dag contains 2 total nodes
07/14/26 16:41:43 Bootstrapping...
07/14/26 16:41:43 Number of pre-completed nodes: 0
07/14/26 16:41:43 MultiLogFiles: truncating log file /afs/cern.ch/user/l/lbailloe/private/autoDQM/isolation_forest/condor/scan_apply_rerun.dag.nodes.log
07/14/26 16:41:43 DAG status: 0 (DAG_STATUS_OK)
07/14/26 16:41:43 Of 2 nodes total:
07/14/26 16:41:43  Done     Pre   Queued    Post   Ready   Un-Ready   Failed   Futile
07/14/26 16:41:43   ===     ===      ===     ===     ===        ===      ===      ===
07/14/26 16:41:43     0       0        0       0       1          1        0        0
07/14/26 16:41:43 0 job proc(s) currently held
07/14/26 16:41:43 DAGMan Runtime Statistics: [EventCycleTimeSum=0.000; SleepCycleTimeSum=0.000; SubmitCycleTimeSum=0.000; EventCycleTimeCount=0.000; SleepCycleTimeCount=0.000; SubmitCycleTimeCount=0.000; LogProcessCycleTimeSum=0.000; LogProcessCycleTimeCount=0.000; ]
07/14/26 16:41:43 Registering condor_event_timer...
07/14/26 16:41:44 Submitting HTCondor Node apply job(s)...
07/14/26 16:41:44 Submitting node apply from file condor/submit_scan_apply.sub using direct job submission
07/14/26 16:41:47 	assigned HTCondor ID (9401730.0.0)
07/14/26 16:41:47 Just submitted 1 job this cycle...
07/14/26 16:41:47 DAG status: 0 (DAG_STATUS_OK)
07/14/26 16:41:47 Of 2 nodes total:
07/14/26 16:41:47  Done     Pre   Queued    Post   Ready   Un-Ready   Failed   Futile
07/14/26 16:41:47   ===     ===      ===     ===     ===        ===      ===      ===
07/14/26 16:41:47     0       0        1       0       0          1        0        0
07/14/26 16:41:47 0 job proc(s) currently held
07/14/26 16:41:47 DAGMan Runtime Statistics: [EventCycleTimeSum=0.000; SleepCycleTimeSum=0.000; SubmitCycleTimeAvg=2.637; SubmitCycleTimeMax=2.637; SubmitCycleTimeMin=2.637; SubmitCycleTimeStd=2.637; SubmitCycleTimeSum=2.637; EventCycleTimeCount=0.000; SleepCycleTimeCount=0.000; SubmitCycleTimeCount=1.000; LogProcessCycleTimeSum=0.000; LogProcessCycleTimeCount=0.000; ]
07/14/26 16:41:52 Currently monitoring 1 HTCondor log file(s)
07/14/26 16:41:52 Reassigning the id of job apply from (9401730.0.0) to (9401730.0.0)
07/14/26 16:41:52 Event: ULOG_SUBMIT for HTCondor Node apply (9401730.0.0) {07/14/26 16:41:45}
07/14/26 16:41:52 Number of idle job procs: 1
07/14/26 16:41:52 Reassigning the id of job apply from (9401730.0.0) to (9401730.1.0)
07/14/26 16:41:52 Event: ULOG_SUBMIT for HTCondor Node apply (9401730.1.0) {07/14/26 16:41:45}
07/14/26 16:41:52 Number of idle job procs: 2
07/14/26 16:41:52 Reassigning the id of job apply from (9401730.1.0) to (9401730.10.0)
07/14/26 16:41:52 Event: ULOG_SUBMIT for HTCondor Node apply (9401730.10.0) {07/14/26 16:41:45}
07/14/26 16:41:52 Number of idle job procs: 3
07/14/26 16:41:52 Reassigning the id of job apply from (9401730.10.0) to (9401730.100.0)
07/14/26 16:41:52 Event: ULOG_SUBMIT for HTCondor Node apply (9401730.100.0) {07/14/26 16:41:45}
07/14/26 16:41:52 Number of idle job procs: 4
07/14/26 16:41:52 Reassigning the id of job apply from (9401730.100.0) to (9401730.101.0)
07/14/26 16:41:52 Event: ULOG_SUBMIT for HTCondor Node apply (9401730.101.0) {07/14/26 16:41:45}
07/14/26 16:41:52 Number of idle job procs: 5
07/14/26 16:41:52 Reassigning the id of job apply from (9401730.101.0) to (9401730.102.0)
07/14/26 16:41:52 Event: ULOG_SUBMIT for HTCondor Node apply (9401730.102.0) {07/14/26 16:41:45}
07/14/26 16:41:52 Number of idle job procs: 6
07/14/26 16:41:52 Reassigning the id of job apply from (9401730.102.0) to (9401730.103.0)
07/14/26 16:41:52 Event: ULOG_SUBMIT for HTCondor Node apply (9401730.103.0) {07/14/26 16:41:45}
07/14/26 16:41:52 Number of idle job procs: 7
07/14/26 16:41:52 Reassigning the id of job apply from (9401730.103.0) to (9401730.104.0)
07/14/26 16:41:52 Event: ULOG_SUBMIT for HTCondor Node apply (9401730.104.0) {07/14/26 16:41:45}
07/14/26 16:41:52 Number of idle job procs: 8
07/14/26 16:41:52 Reassigning the id of job apply from (9401730.104.0) to (9401730.105.0)
07/14/26 16:41:52 Event: ULOG_SUBMIT for HTCondor Node apply (9401730.105.0) {07/14/26 16:41:45}
07/14/26 16:41:52 Number of idle job procs: 9
07/14/26 16:41:52 Reassigning the id of job apply from (9401730.105.0) to (9401730.106.0)
07/14/26 16:41:52 Event: ULOG_SUBMIT for HTCondor Node apply (9401730.106.0) {07/14/26 16:41:45}
07/14/26 16:41:52 Number of idle job procs: 10
07/14/26 16:41:52 Reassigning the id of job apply from (9401730.106.0) to (9401730.107.0)
07/14/26 16:41:52 Event: ULOG_SUBMIT for HTCondor Node apply (9401730.107.0) {07/14/26 16:41:45}
07/14/26 16:41:52 Number of idle job procs: 11
07/14/26 16:41:52 Reassigning the id of job apply from (9401730.107.0) to (9401730.108.0)
07/14/26 16:41:52 Event: ULOG_SUBMIT for HTCondor Node apply (9401730.108.0) {07/14/26 16:41:45}
07/14/26 16:41:52 Number of idle job procs: 12
07/14/26 16:41:52 Reassigning the id of job apply from (9401730.108.0) to (9401730.109.0)
07/14/26 16:41:52 Event: ULOG_SUBMIT for HTCondor Node apply (9401730.109.0) {07/14/26 16:41:45}
07/14/26 16:41:52 Number of idle job procs: 13
07/14/26 16:41:52 Reassigning the id of job apply from (9401730.109.0) to (9401730.11.0)
07/14/26 16:41:52 Event: ULOG_SUBMIT for HTCondor Node apply (9401730.11.0) {07/14/26 16:41:45}
07/14/26 16:41:52 Number of idle job procs: 14
07/14/26 16:41:52 Reassigning the id of job apply from (9401730.11.0) to (9401730.110.0)
07/14/26 16:41:52 Event: ULOG_SUBMIT for HTCondor Node apply (9401730.110.0) {07/14/26 16:41:45}
07/14/26 16:41:52 Number of idle job procs: 15
07/14/26 16:41:52 Reassigning the id of job apply from (9401730.110.0) to (9401730.111.0)
07/14/26 16:41:52 Event: ULOG_SUBMIT for HTCondor Node apply (9401730.111.0) {07/14/26 16:41:45}
07/14/26 16:41:52 Number of idle job procs: 16
07/14/26 16:41:52 Reassigning the id of job apply from (9401730.111.0) to (9401730.112.0)
07/14/26 16:41:52 Event: ULOG_SUBMIT for HTCondor Node apply (9401730.112.0) {07/14/26 16:41:45}
07/14/26 16:41:52 Number of idle job procs: 17
07/14/26 16:41:52 Reassigning the id of job apply from (9401730.112.0) to (9401730.113.0)
07/14/26 16:41:52 Event: ULOG_SUBMIT for HTCondor Node apply (9401730.113.0) {07/14/26 16:41:45}
07/14/26 16:41:52 Number of idle job procs: 18
07/14/26 16:41:52 Reassigning the id of job apply from (9401730.113.0) to (9401730.114.0)
07/14/26 16:41:52 Event: ULOG_SUBMIT for HTCondor Node apply (9401730.114.0) {07/14/26 16:41:45}
07/14/26 16:41:52 Number of idle job procs: 19
07/14/26 16:41:52 Reassigning the id of job apply from (9401730.114.0) to (9401730.115.0)
07/14/26 16:41:52 Event: ULOG_SUBMIT for HTCondor Node apply (9401730.115.0) {07/14/26 16:41:45}
07/14/26 16:41:52 Number of idle job procs: 20
07/14/26 16:41:52 Reassigning the id of job apply from (9401730.115.0) to (9401730.116.0)
07/14/26 16:41:52 Event: ULOG_SUBMIT for HTCondor Node apply (9401730.116.0) {07/14/26 16:41:45}
07/14/26 16:41:52 Number of idle job procs: 21
07/14/26 16:41:52 Reassigning the id of job apply from (9401730.116.0) to (9401730.117.0)
07/14/26 16:41:52 Event: ULOG_SUBMIT for HTCondor Node apply (9401730.117.0) {07/14/26 16:41:45}
07/14/26 16:41:52 Number of idle job procs: 22
07/14/26 16:41:52 Reassigning the id of job apply from (9401730.117.0) to (9401730.118.0)
07/14/26 16:41:52 Event: ULOG_SUBMIT for HTCondor Node apply (9401730.118.0) {07/14/26 16:41:45}
07/14/26 16:41:52 Number of idle job procs: 23
07/14/26 16:41:52 Reassigning the id of job apply from (9401730.118.0) to (9401730.119.0)
07/14/26 16:41:52 Event: ULOG_SUBMIT for HTCondor Node apply (9401730.119.0) {07/14/26 16:41:45}
07/14/26 16:41:52 Number of idle job procs: 24
07/14/26 16:41:52 Reassigning the id of job apply from (9401730.119.0) to (9401730.12.0)
07/14/26 16:41:52 Event: ULOG_SUBMIT for HTCondor Node apply (9401730.12.0) {07/14/26 16:41:45}
07/14/26 16:41:52 Number of idle job procs: 25
07/14/26 16:41:52 Reassigning the id of job apply from (9401730.12.0) to (9401730.120.0)
07/14/26 16:41:52 Event: ULOG_SUBMIT for HTCondor Node apply (9401730.120.0) {07/14/26 16:41:45}
07/14/26 16:41:52 Number of idle job procs: 26
07/14/26 16:41:52 Reassigning the id of job apply from (9401730.120.0) to (9401730.121.0)
07/14/26 16:41:52 Event: ULOG_SUBMIT for HTCondor Node apply (9401730.121.0) {07/14/26 16:41:45}
07/14/26 16:41:52 Number of idle job procs: 27
07/14/26 16:41:52 Reassigning the id of job apply from (9401730.121.0) to (9401730.122.0)
07/14/26 16:41:52 Event: ULOG_SUBMIT for HTCondor Node apply (9401730.122.0) {07/14/26 16:41:45}
07/14/26 16:41:52 Number of idle job procs: 28
07/14/26 16:41:52 Reassigning the id of job apply from (9401730.122.0) to (9401730.123.0)
07/14/26 16:41:52 Event: ULOG_SUBMIT for HTCondor Node apply (9401730.123.0) {07/14/26 16:41:45}
07/14/26 16:41:52 Number of idle job procs: 29
07/14/26 16:41:52 Reassigning the id of job apply from (9401730.123.0) to (9401730.124.0)
07/14/26 16:41:52 Event: ULOG_SUBMIT for HTCondor Node apply (9401730.124.0) {07/14/26 16:41:45}
07/14/26 16:41:52 Number of idle job procs: 30
07/14/26 16:41:52 Reassigning the id of job apply from (9401730.124.0) to (9401730.125.0)
07/14/26 16:41:52 Event: ULOG_SUBMIT for HTCondor Node apply (9401730.125.0) {07/14/26 16:41:45}
07/14/26 16:41:52 Number of idle job procs: 31
07/14/26 16:41:52 Reassigning the id of job apply from (9401730.125.0) to (9401730.126.0)
07/14/26 16:41:52 Event: ULOG_SUBMIT for HTCondor Node apply (9401730.126.0) {07/14/26 16:41:45}
07/14/26 16:41:52 Number of idle job procs: 32
07/14/26 16:41:52 Reassigning the id of job apply from (9401730.126.0) to (9401730.127.0)
07/14/26 16:41:52 Event: ULOG_SUBMIT for HTCondor Node apply (9401730.127.0) {07/14/26 16:41:45}
07/14/26 16:41:52 Number of idle job procs: 33
07/14/26 16:41:52 Reassigning the id of job apply from (9401730.127.0) to (9401730.128.0)
07/14/26 16:41:52 Event: ULOG_SUBMIT for HTCondor Node apply (9401730.128.0) {07/14/26 16:41:45}
07/14/26 16:41:52 Number of idle job procs: 34
07/14/26 16:41:52 Reassigning the id of job apply from (9401730.128.0) to (9401730.129.0)
07/14/26 16:41:52 Event: ULOG_SUBMIT for HTCondor Node apply (9401730.129.0) {07/14/26 16:41:45}
07/14/26 16:41:52 Number of idle job procs: 35
07/14/26 16:41:52 Reassigning the id of job apply from (9401730.129.0) to (9401730.13.0)
07/14/26 16:41:52 Event: ULOG_SUBMIT for HTCondor Node apply (9401730.13.0) {07/14/26 16:41:45}
07/14/26 16:41:52 Number of idle job procs: 36
07/14/26 16:41:52 Reassigning the id of job apply from (9401730.13.0) to (9401730.130.0)
07/14/26 16:41:52 Event: ULOG_SUBMIT for HTCondor Node apply (9401730.130.0) {07/14/26 16:41:45}
07/14/26 16:41:52 Number of idle job procs: 37
07/14/26 16:41:52 Reassigning the id of job apply from (9401730.130.0) to (9401730.131.0)
07/14/26 16:41:52 Event: ULOG_SUBMIT for HTCondor Node apply (9401730.131.0) {07/14/26 16:41:45}
07/14/26 16:41:52 Number of idle job procs: 38
07/14/26 16:41:52 Reassigning the id of job apply from (9401730.131.0) to (9401730.132.0)
07/14/26 16:41:52 Event: ULOG_SUBMIT for HTCondor Node apply (9401730.132.0) {07/14/26 16:41:45}
07/14/26 16:41:52 Number of idle job procs: 39
07/14/26 16:41:52 Reassigning the id of job apply from (9401730.132.0) to (9401730.133.0)
07/14/26 16:41:52 Event: ULOG_SUBMIT for HTCondor Node apply (9401730.133.0) {07/14/26 16:41:45}
07/14/26 16:41:52 Number of idle job procs: 40
07/14/26 16:41:52 Reassigning the id of job apply from (9401730.133.0) to (9401730.134.0)
07/14/26 16:41:52 Event: ULOG_SUBMIT for HTCondor Node apply (9401730.134.0) {07/14/26 16:41:45}
07/14/26 16:41:52 Number of idle job procs: 41
07/14/26 16:41:52 Reassigning the id of job apply from (9401730.134.0) to (9401730.135.0)
07/14/26 16:41:52 Event: ULOG_SUBMIT for HTCondor Node apply (9401730.135.0) {07/14/26 16:41:45}
07/14/26 16:41:52 Number of idle job procs: 42
07/14/26 16:41:52 Reassigning the id of job apply from (9401730.135.0) to (9401730.136.0)
07/14/26 16:41:52 Event: ULOG_SUBMIT for HTCondor Node apply (9401730.136.0) {07/14/26 16:41:45}
07/14/26 16:41:52 Number of idle job procs: 43
07/14/26 16:41:52 Reassigning the id of job apply from (9401730.136.0) to (9401730.137.0)
07/14/26 16:41:52 Event: ULOG_SUBMIT for HTCondor Node apply (9401730.137.0) {07/14/26 16:41:45}
07/14/26 16:41:52 Number of idle job procs: 44
07/14/26 16:41:52 Reassigning the id of job apply from (9401730.137.0) to (9401730.138.0)
07/14/26 16:41:52 Event: ULOG_SUBMIT for HTCondor Node apply (9401730.138.0) {07/14/26 16:41:45}
07/14/26 16:41:52 Number of idle job procs: 45
07/14/26 16:41:52 Reassigning the id of job apply from (9401730.138.0) to (9401730.139.0)
07/14/26 16:41:52 Event: ULOG_SUBMIT for HTCondor Node apply (9401730.139.0) {07/14/26 16:41:45}
07/14/26 16:41:52 Number of idle job procs: 46
07/14/26 16:41:52 Reassigning the id of job apply from (9401730.139.0) to (9401730.14.0)
07/14/26 16:41:52 Event: ULOG_SUBMIT for HTCondor Node apply (9401730.14.0) {07/14/26 16:41:45}
07/14/26 16:41:52 Number of idle job procs: 47
07/14/26 16:41:52 Reassigning the id of job apply from (9401730.14.0) to (9401730.140.0)
07/14/26 16:41:52 Event: ULOG_SUBMIT for HTCondor Node apply (9401730.140.0) {07/14/26 16:41:45}
07/14/26 16:41:52 Number of idle job procs: 48
07/14/26 16:41:52 Reassigning the id of job apply from (9401730.140.0) to (9401730.141.0)
07/14/26 16:41:52 Event: ULOG_SUBMIT for HTCondor Node apply (9401730.141.0) {07/14/26 16:41:45}
07/14/26 16:41:52 Number of idle job procs: 49
07/14/26 16:41:52 Reassigning the id of job apply from (9401730.141.0) to (9401730.142.0)
07/14/26 16:41:52 Event: ULOG_SUBMIT for HTCondor Node apply (9401730.142.0) {07/14/26 16:41:45}
07/14/26 16:41:52 Number of idle job procs: 50
07/14/26 16:41:52 Reassigning the id of job apply from (9401730.142.0) to (9401730.143.0)
07/14/26 16:41:52 Event: ULOG_SUBMIT for HTCondor Node apply (9401730.143.0) {07/14/26 16:41:45}
07/14/26 16:41:52 Number of idle job procs: 51
07/14/26 16:41:52 Reassigning the id of job apply from (9401730.143.0) to (9401730.144.0)
07/14/26 16:41:52 Event: ULOG_SUBMIT for HTCondor Node apply (9401730.144.0) {07/14/26 16:41:45}
07/14/26 16:41:52 Number of idle job procs: 52
07/14/26 16:41:52 Reassigning the id of job apply from (9401730.144.0) to (9401730.145.0)
07/14/26 16:41:52 Event: ULOG_SUBMIT for HTCondor Node apply (9401730.145.0) {07/14/26 16:41:45}
07/14/26 16:41:52 Number of idle job procs: 53
07/14/26 16:41:52 Reassigning the id of job apply from (9401730.145.0) to (9401730.146.0)
07/14/26 16:41:52 Event: ULOG_SUBMIT for HTCondor Node apply (9401730.146.0) {07/14/26 16:41:45}
07/14/26 16:41:52 Number of idle job procs: 54
07/14/26 16:41:52 Reassigning the id of job apply from (9401730.146.0) to (9401730.147.0)
07/14/26 16:41:52 Event: ULOG_SUBMIT for HTCondor Node apply (9401730.147.0) {07/14/26 16:41:45}
07/14/26 16:41:52 Number of idle job procs: 55
07/14/26 16:41:52 Reassigning the id of job apply from (9401730.147.0) to (9401730.148.0)
07/14/26 16:41:52 Event: ULOG_SUBMIT for HTCondor Node apply (9401730.148.0) {07/14/26 16:41:45}
07/14/26 16:41:52 Number of idle job procs: 56
07/14/26 16:41:52 Reassigning the id of job apply from (9401730.148.0) to (9401730.149.0)
07/14/26 16:41:52 Event: ULOG_SUBMIT for HTCondor Node apply (9401730.149.0) {07/14/26 16:41:45}
07/14/26 16:41:52 Number of idle job procs: 57
07/14/26 16:41:52 Reassigning the id of job apply from (9401730.149.0) to (9401730.15.0)
07/14/26 16:41:52 Event: ULOG_SUBMIT for HTCondor Node apply (9401730.15.0) {07/14/26 16:41:45}
07/14/26 16:41:52 Number of idle job procs: 58
07/14/26 16:41:52 Reassigning the id of job apply from (9401730.15.0) to (9401730.150.0)
07/14/26 16:41:52 Event: ULOG_SUBMIT for HTCondor Node apply (9401730.150.0) {07/14/26 16:41:45}
07/14/26 16:41:52 Number of idle job procs: 59
07/14/26 16:41:52 Reassigning the id of job apply from (9401730.150.0) to (9401730.151.0)
07/14/26 16:41:52 Event: ULOG_SUBMIT for HTCondor Node apply (9401730.151.0) {07/14/26 16:41:45}
07/14/26 16:41:52 Number of idle job procs: 60
07/14/26 16:41:52 Reassigning the id of job apply from (9401730.151.0) to (9401730.152.0)
07/14/26 16:41:52 Event: ULOG_SUBMIT for HTCondor Node apply (9401730.152.0) {07/14/26 16:41:45}
07/14/26 16:41:52 Number of idle job procs: 61
07/14/26 16:41:52 Reassigning the id of job apply from (9401730.152.0) to (9401730.153.0)
07/14/26 16:41:52 Event: ULOG_SUBMIT for HTCondor Node apply (9401730.153.0) {07/14/26 16:41:45}
07/14/26 16:41:52 Number of idle job procs: 62
07/14/26 16:41:52 Reassigning the id of job apply from (9401730.153.0) to (9401730.154.0)
07/14/26 16:41:52 Event: ULOG_SUBMIT for HTCondor Node apply (9401730.154.0) {07/14/26 16:41:45}
07/14/26 16:41:52 Number of idle job procs: 63
07/14/26 16:41:52 Reassigning the id of job apply from (9401730.154.0) to (9401730.155.0)
07/14/26 16:41:52 Event: ULOG_SUBMIT for HTCondor Node apply (9401730.155.0) {07/14/26 16:41:45}
07/14/26 16:41:52 Number of idle job procs: 64
07/14/26 16:41:52 Reassigning the id of job apply from (9401730.155.0) to (9401730.156.0)
07/14/26 16:41:52 Event: ULOG_SUBMIT for HTCondor Node apply (9401730.156.0) {07/14/26 16:41:45}
07/14/26 16:41:52 Number of idle job procs: 65
07/14/26 16:41:52 Reassigning the id of job apply from (9401730.156.0) to (9401730.157.0)
07/14/26 16:41:52 Event: ULOG_SUBMIT for HTCondor Node apply (9401730.157.0) {07/14/26 16:41:45}
07/14/26 16:41:52 Number of idle job procs: 66
07/14/26 16:41:52 Reassigning the id of job apply from (9401730.157.0) to (9401730.158.0)
07/14/26 16:41:52 Event: ULOG_SUBMIT for HTCondor Node apply (9401730.158.0) {07/14/26 16:41:45}
07/14/26 16:41:52 Number of idle job procs: 67
07/14/26 16:41:52 Reassigning the id of job apply from (9401730.158.0) to (9401730.159.0)
07/14/26 16:41:52 Event: ULOG_SUBMIT for HTCondor Node apply (9401730.159.0) {07/14/26 16:41:45}
07/14/26 16:41:52 Number of idle job procs: 68
07/14/26 16:41:52 Reassigning the id of job apply from (9401730.159.0) to (9401730.16.0)
07/14/26 16:41:52 Event: ULOG_SUBMIT for HTCondor Node apply (9401730.16.0) {07/14/26 16:41:45}
07/14/26 16:41:52 Number of idle job procs: 69
07/14/26 16:41:52 Reassigning the id of job apply from (9401730.16.0) to (9401730.160.0)
07/14/26 16:41:52 Event: ULOG_SUBMIT for HTCondor Node apply (9401730.160.0) {07/14/26 16:41:45}
07/14/26 16:41:52 Number of idle job procs: 70
07/14/26 16:41:52 Reassigning the id of job apply from (9401730.160.0) to (9401730.161.0)
07/14/26 16:41:52 Event: ULOG_SUBMIT for HTCondor Node apply (9401730.161.0) {07/14/26 16:41:45}
07/14/26 16:41:52 Number of idle job procs: 71
07/14/26 16:41:52 Reassigning the id of job apply from (9401730.161.0) to (9401730.162.0)
07/14/26 16:41:52 Event: ULOG_SUBMIT for HTCondor Node apply (9401730.162.0) {07/14/26 16:41:45}
07/14/26 16:41:52 Number of idle job procs: 72
07/14/26 16:41:52 Reassigning the id of job apply from (9401730.162.0) to (9401730.163.0)
07/14/26 16:41:52 Event: ULOG_SUBMIT for HTCondor Node apply (9401730.163.0) {07/14/26 16:41:45}
07/14/26 16:41:52 Number of idle job procs: 73
07/14/26 16:41:52 Reassigning the id of job apply from (9401730.163.0) to (9401730.164.0)
07/14/26 16:41:52 Event: ULOG_SUBMIT for HTCondor Node apply (9401730.164.0) {07/14/26 16:41:45}
07/14/26 16:41:52 Number of idle job procs: 74
07/14/26 16:41:52 Reassigning the id of job apply from (9401730.164.0) to (9401730.165.0)
07/14/26 16:41:52 Event: ULOG_SUBMIT for HTCondor Node apply (9401730.165.0) {07/14/26 16:41:45}
07/14/26 16:41:52 Number of idle job procs: 75
07/14/26 16:41:52 Reassigning the id of job apply from (9401730.165.0) to (9401730.166.0)
07/14/26 16:41:52 Event: ULOG_SUBMIT for HTCondor Node apply (9401730.166.0) {07/14/26 16:41:45}
07/14/26 16:41:52 Number of idle job procs: 76
07/14/26 16:41:52 Reassigning the id of job apply from (9401730.166.0) to (9401730.167.0)
07/14/26 16:41:52 Event: ULOG_SUBMIT for HTCondor Node apply (9401730.167.0) {07/14/26 16:41:45}
07/14/26 16:41:53 Number of idle job procs: 77
07/14/26 16:41:53 Reassigning the id of job apply from (9401730.167.0) to (9401730.168.0)
07/14/26 16:41:53 Event: ULOG_SUBMIT for HTCondor Node apply (9401730.168.0) {07/14/26 16:41:45}
07/14/26 16:41:53 Number of idle job procs: 78
07/14/26 16:41:53 Reassigning the id of job apply from (9401730.168.0) to (9401730.169.0)
07/14/26 16:41:53 Event: ULOG_SUBMIT for HTCondor Node apply (9401730.169.0) {07/14/26 16:41:45}
07/14/26 16:41:53 Number of idle job procs: 79
07/14/26 16:41:53 Reassigning the id of job apply from (9401730.169.0) to (9401730.17.0)
07/14/26 16:41:53 Event: ULOG_SUBMIT for HTCondor Node apply (9401730.17.0) {07/14/26 16:41:45}
07/14/26 16:41:53 Number of idle job procs: 80
07/14/26 16:41:53 Reassigning the id of job apply from (9401730.17.0) to (9401730.170.0)
07/14/26 16:41:53 Event: ULOG_SUBMIT for HTCondor Node apply (9401730.170.0) {07/14/26 16:41:45}
07/14/26 16:41:53 Number of idle job procs: 81
07/14/26 16:41:53 Reassigning the id of job apply from (9401730.170.0) to (9401730.171.0)
07/14/26 16:41:53 Event: ULOG_SUBMIT for HTCondor Node apply (9401730.171.0) {07/14/26 16:41:46}
07/14/26 16:41:53 Number of idle job procs: 82
07/14/26 16:41:53 Reassigning the id of job apply from (9401730.171.0) to (9401730.172.0)
07/14/26 16:41:53 Event: ULOG_SUBMIT for HTCondor Node apply (9401730.172.0) {07/14/26 16:41:46}
07/14/26 16:41:53 Number of idle job procs: 83
07/14/26 16:41:53 Reassigning the id of job apply from (9401730.172.0) to (9401730.173.0)
07/14/26 16:41:53 Event: ULOG_SUBMIT for HTCondor Node apply (9401730.173.0) {07/14/26 16:41:46}
07/14/26 16:41:53 Number of idle job procs: 84
07/14/26 16:41:53 Reassigning the id of job apply from (9401730.173.0) to (9401730.174.0)
07/14/26 16:41:53 Event: ULOG_SUBMIT for HTCondor Node apply (9401730.174.0) {07/14/26 16:41:46}
07/14/26 16:41:53 Number of idle job procs: 85
07/14/26 16:41:53 Reassigning the id of job apply from (9401730.174.0) to (9401730.175.0)
07/14/26 16:41:53 Event: ULOG_SUBMIT for HTCondor Node apply (9401730.175.0) {07/14/26 16:41:46}
07/14/26 16:41:53 Number of idle job procs: 86
07/14/26 16:41:53 Reassigning the id of job apply from (9401730.175.0) to (9401730.176.0)
07/14/26 16:41:53 Event: ULOG_SUBMIT for HTCondor Node apply (9401730.176.0) {07/14/26 16:41:46}
07/14/26 16:41:53 Number of idle job procs: 87
07/14/26 16:41:53 Reassigning the id of job apply from (9401730.176.0) to (9401730.177.0)
07/14/26 16:41:53 Event: ULOG_SUBMIT for HTCondor Node apply (9401730.177.0) {07/14/26 16:41:46}
07/14/26 16:41:53 Number of idle job procs: 88
07/14/26 16:41:53 Reassigning the id of job apply from (9401730.177.0) to (9401730.178.0)
07/14/26 16:41:53 Event: ULOG_SUBMIT for HTCondor Node apply (9401730.178.0) {07/14/26 16:41:46}
07/14/26 16:41:53 Number of idle job procs: 89
07/14/26 16:41:53 Reassigning the id of job apply from (9401730.178.0) to (9401730.179.0)
07/14/26 16:41:53 Event: ULOG_SUBMIT for HTCondor Node apply (9401730.179.0) {07/14/26 16:41:46}
07/14/26 16:41:53 Number of idle job procs: 90
07/14/26 16:41:53 Reassigning the id of job apply from (9401730.179.0) to (9401730.18.0)
07/14/26 16:41:53 Event: ULOG_SUBMIT for HTCondor Node apply (9401730.18.0) {07/14/26 16:41:46}
07/14/26 16:41:53 Number of idle job procs: 91
07/14/26 16:41:53 Reassigning the id of job apply from (9401730.18.0) to (9401730.180.0)
07/14/26 16:41:53 Event: ULOG_SUBMIT for HTCondor Node apply (9401730.180.0) {07/14/26 16:41:46}
07/14/26 16:41:53 Number of idle job procs: 92
07/14/26 16:41:53 Reassigning the id of job apply from (9401730.180.0) to (9401730.181.0)
07/14/26 16:41:53 Event: ULOG_SUBMIT for HTCondor Node apply (9401730.181.0) {07/14/26 16:41:46}
07/14/26 16:41:53 Number of idle job procs: 93
07/14/26 16:41:53 Reassigning the id of job apply from (9401730.181.0) to (9401730.182.0)
07/14/26 16:41:53 Event: ULOG_SUBMIT for HTCondor Node apply (9401730.182.0) {07/14/26 16:41:46}
07/14/26 16:41:53 Number of idle job procs: 94
07/14/26 16:41:53 Reassigning the id of job apply from (9401730.182.0) to (9401730.183.0)
07/14/26 16:41:53 Event: ULOG_SUBMIT for HTCondor Node apply (9401730.183.0) {07/14/26 16:41:46}
07/14/26 16:41:53 Number of idle job procs: 95
07/14/26 16:41:53 Reassigning the id of job apply from (9401730.183.0) to (9401730.184.0)
07/14/26 16:41:53 Event: ULOG_SUBMIT for HTCondor Node apply (9401730.184.0) {07/14/26 16:41:46}
07/14/26 16:41:53 Number of idle job procs: 96
07/14/26 16:41:53 Reassigning the id of job apply from (9401730.184.0) to (9401730.185.0)
07/14/26 16:41:53 Event: ULOG_SUBMIT for HTCondor Node apply (9401730.185.0) {07/14/26 16:41:46}
07/14/26 16:41:53 Number of idle job procs: 97
07/14/26 16:41:53 Reassigning the id of job apply from (9401730.185.0) to (9401730.186.0)
07/14/26 16:41:53 Event: ULOG_SUBMIT for HTCondor Node apply (9401730.186.0) {07/14/26 16:41:46}
07/14/26 16:41:53 Number of idle job procs: 98
07/14/26 16:41:53 Reassigning the id of job apply from (9401730.186.0) to (9401730.187.0)
07/14/26 16:41:53 Event: ULOG_SUBMIT for HTCondor Node apply (9401730.187.0) {07/14/26 16:41:46}
07/14/26 16:41:53 Number of idle job procs: 99
07/14/26 16:41:53 Reassigning the id of job apply from (9401730.187.0) to (9401730.188.0)
07/14/26 16:41:53 Event: ULOG_SUBMIT for HTCondor Node apply (9401730.188.0) {07/14/26 16:41:46}
07/14/26 16:41:53 Number of idle job procs: 100
07/14/26 16:41:53 Reassigning the id of job apply from (9401730.188.0) to (9401730.189.0)
07/14/26 16:41:53 Event: ULOG_SUBMIT for HTCondor Node apply (9401730.189.0) {07/14/26 16:41:46}
07/14/26 16:41:53 Number of idle job procs: 101
07/14/26 16:41:53 Reassigning the id of job apply from (9401730.189.0) to (9401730.19.0)
07/14/26 16:41:53 Event: ULOG_SUBMIT for HTCondor Node apply (9401730.19.0) {07/14/26 16:41:46}
07/14/26 16:41:53 Number of idle job procs: 102
07/14/26 16:41:53 Reassigning the id of job apply from (9401730.19.0) to (9401730.190.0)
07/14/26 16:41:53 Event: ULOG_SUBMIT for HTCondor Node apply (9401730.190.0) {07/14/26 16:41:46}
07/14/26 16:41:53 Number of idle job procs: 103
07/14/26 16:41:53 Reassigning the id of job apply from (9401730.190.0) to (9401730.191.0)
07/14/26 16:41:53 Event: ULOG_SUBMIT for HTCondor Node apply (9401730.191.0) {07/14/26 16:41:46}
07/14/26 16:41:53 Number of idle job procs: 104
07/14/26 16:41:53 Reassigning the id of job apply from (9401730.191.0) to (9401730.192.0)
07/14/26 16:41:53 Event: ULOG_SUBMIT for HTCondor Node apply (9401730.192.0) {07/14/26 16:41:46}
07/14/26 16:41:53 Number of idle job procs: 105
07/14/26 16:41:53 Reassigning the id of job apply from (9401730.192.0) to (9401730.193.0)
07/14/26 16:41:53 Event: ULOG_SUBMIT for HTCondor Node apply (9401730.193.0) {07/14/26 16:41:46}
07/14/26 16:41:53 Number of idle job procs: 106
07/14/26 16:41:53 Reassigning the id of job apply from (9401730.193.0) to (9401730.194.0)
07/14/26 16:41:53 Event: ULOG_SUBMIT for HTCondor Node apply (9401730.194.0) {07/14/26 16:41:46}
07/14/26 16:41:53 Number of idle job procs: 107
07/14/26 16:41:53 Reassigning the id of job apply from (9401730.194.0) to (9401730.195.0)
07/14/26 16:41:53 Event: ULOG_SUBMIT for HTCondor Node apply (9401730.195.0) {07/14/26 16:41:46}
07/14/26 16:41:53 Number of idle job procs: 108
07/14/26 16:41:53 Reassigning the id of job apply from (9401730.195.0) to (9401730.196.0)
07/14/26 16:41:53 Event: ULOG_SUBMIT for HTCondor Node apply (9401730.196.0) {07/14/26 16:41:46}
07/14/26 16:41:53 Number of idle job procs: 109
07/14/26 16:41:53 Reassigning the id of job apply from (9401730.196.0) to (9401730.197.0)
07/14/26 16:41:53 Event: ULOG_SUBMIT for HTCondor Node apply (9401730.197.0) {07/14/26 16:41:46}
07/14/26 16:41:53 Number of idle job procs: 110
07/14/26 16:41:53 Reassigning the id of job apply from (9401730.197.0) to (9401730.198.0)
07/14/26 16:41:53 Event: ULOG_SUBMIT for HTCondor Node apply (9401730.198.0) {07/14/26 16:41:46}
07/14/26 16:41:53 Number of idle job procs: 111
07/14/26 16:41:53 Reassigning the id of job apply from (9401730.198.0) to (9401730.199.0)
07/14/26 16:41:53 Event: ULOG_SUBMIT for HTCondor Node apply (9401730.199.0) {07/14/26 16:41:46}
07/14/26 16:41:53 Number of idle job procs: 112
07/14/26 16:41:53 Reassigning the id of job apply from (9401730.199.0) to (9401730.2.0)
07/14/26 16:41:53 Event: ULOG_SUBMIT for HTCondor Node apply (9401730.2.0) {07/14/26 16:41:46}
07/14/26 16:41:53 Number of idle job procs: 113
07/14/26 16:41:53 Reassigning the id of job apply from (9401730.2.0) to (9401730.20.0)
07/14/26 16:41:53 Event: ULOG_SUBMIT for HTCondor Node apply (9401730.20.0) {07/14/26 16:41:46}
07/14/26 16:41:53 Number of idle job procs: 114
07/14/26 16:41:53 Reassigning the id of job apply from (9401730.20.0) to (9401730.200.0)
07/14/26 16:41:53 Event: ULOG_SUBMIT for HTCondor Node apply (9401730.200.0) {07/14/26 16:41:46}
07/14/26 16:41:53 Number of idle job procs: 115
07/14/26 16:41:53 Reassigning the id of job apply from (9401730.200.0) to (9401730.201.0)
07/14/26 16:41:53 Event: ULOG_SUBMIT for HTCondor Node apply (9401730.201.0) {07/14/26 16:41:46}
07/14/26 16:41:53 Number of idle job procs: 116
07/14/26 16:41:53 Reassigning the id of job apply from (9401730.201.0) to (9401730.202.0)
07/14/26 16:41:53 Event: ULOG_SUBMIT for HTCondor Node apply (9401730.202.0) {07/14/26 16:41:46}
07/14/26 16:41:53 Number of idle job procs: 117
07/14/26 16:41:53 Reassigning the id of job apply from (9401730.202.0) to (9401730.203.0)
07/14/26 16:41:53 Event: ULOG_SUBMIT for HTCondor Node apply (9401730.203.0) {07/14/26 16:41:46}
07/14/26 16:41:53 Number of idle job procs: 118
07/14/26 16:41:53 Reassigning the id of job apply from (9401730.203.0) to (9401730.204.0)
07/14/26 16:41:53 Event: ULOG_SUBMIT for HTCondor Node apply (9401730.204.0) {07/14/26 16:41:46}
07/14/26 16:41:53 Number of idle job procs: 119
07/14/26 16:41:53 Reassigning the id of job apply from (9401730.204.0) to (9401730.205.0)
07/14/26 16:41:53 Event: ULOG_SUBMIT for HTCondor Node apply (9401730.205.0) {07/14/26 16:41:46}
07/14/26 16:41:53 Number of idle job procs: 120
07/14/26 16:41:53 Reassigning the id of job apply from (9401730.205.0) to (9401730.206.0)
07/14/26 16:41:53 Event: ULOG_SUBMIT for HTCondor Node apply (9401730.206.0) {07/14/26 16:41:46}
07/14/26 16:41:53 Number of idle job procs: 121
07/14/26 16:41:53 Reassigning the id of job apply from (9401730.206.0) to (9401730.207.0)
07/14/26 16:41:53 Event: ULOG_SUBMIT for HTCondor Node apply (9401730.207.0) {07/14/26 16:41:46}
07/14/26 16:41:53 Number of idle job procs: 122
07/14/26 16:41:53 Reassigning the id of job apply from (9401730.207.0) to (9401730.208.0)
07/14/26 16:41:53 Event: ULOG_SUBMIT for HTCondor Node apply (9401730.208.0) {07/14/26 16:41:46}
07/14/26 16:41:53 Number of idle job procs: 123
07/14/26 16:41:53 Reassigning the id of job apply from (9401730.208.0) to (9401730.209.0)
07/14/26 16:41:53 Event: ULOG_SUBMIT for HTCondor Node apply (9401730.209.0) {07/14/26 16:41:46}
07/14/26 16:41:53 Number of idle job procs: 124
07/14/26 16:41:53 Reassigning the id of job apply from (9401730.209.0) to (9401730.21.0)
07/14/26 16:41:53 Event: ULOG_SUBMIT for HTCondor Node apply (9401730.21.0) {07/14/26 16:41:46}
07/14/26 16:41:53 Number of idle job procs: 125
07/14/26 16:41:53 Reassigning the id of job apply from (9401730.21.0) to (9401730.210.0)
07/14/26 16:41:53 Event: ULOG_SUBMIT for HTCondor Node apply (9401730.210.0) {07/14/26 16:41:46}
07/14/26 16:41:53 Number of idle job procs: 126
07/14/26 16:41:53 Reassigning the id of job apply from (9401730.210.0) to (9401730.211.0)
07/14/26 16:41:53 Event: ULOG_SUBMIT for HTCondor Node apply (9401730.211.0) {07/14/26 16:41:46}
07/14/26 16:41:53 Number of idle job procs: 127
07/14/26 16:41:53 Reassigning the id of job apply from (9401730.211.0) to (9401730.212.0)
07/14/26 16:41:53 Event: ULOG_SUBMIT for HTCondor Node apply (9401730.212.0) {07/14/26 16:41:46}
07/14/26 16:41:53 Number of idle job procs: 128
07/14/26 16:41:53 Reassigning the id of job apply from (9401730.212.0) to (9401730.213.0)
07/14/26 16:41:53 Event: ULOG_SUBMIT for HTCondor Node apply (9401730.213.0) {07/14/26 16:41:46}
07/14/26 16:41:53 Number of idle job procs: 129
07/14/26 16:41:53 Reassigning the id of job apply from (9401730.213.0) to (9401730.214.0)
07/14/26 16:41:53 Event: ULOG_SUBMIT for HTCondor Node apply (9401730.214.0) {07/14/26 16:41:46}
07/14/26 16:41:53 Number of idle job procs: 130
07/14/26 16:41:53 Reassigning the id of job apply from (9401730.214.0) to (9401730.215.0)
07/14/26 16:41:53 Event: ULOG_SUBMIT for HTCondor Node apply (9401730.215.0) {07/14/26 16:41:46}
07/14/26 16:41:53 Number of idle job procs: 131
07/14/26 16:41:53 Reassigning the id of job apply from (9401730.215.0) to (9401730.216.0)
07/14/26 16:41:53 Event: ULOG_SUBMIT for HTCondor Node apply (9401730.216.0) {07/14/26 16:41:46}
07/14/26 16:41:53 Number of idle job procs: 132
07/14/26 16:41:53 Reassigning the id of job apply from (9401730.216.0) to (9401730.217.0)
07/14/26 16:41:53 Event: ULOG_SUBMIT for HTCondor Node apply (9401730.217.0) {07/14/26 16:41:46}
07/14/26 16:41:53 Number of idle job procs: 133
07/14/26 16:41:53 Reassigning the id of job apply from (9401730.217.0) to (9401730.218.0)
07/14/26 16:41:53 Event: ULOG_SUBMIT for HTCondor Node apply (9401730.218.0) {07/14/26 16:41:46}
07/14/26 16:41:53 Number of idle job procs: 134
07/14/26 16:41:53 Reassigning the id of job apply from (9401730.218.0) to (9401730.219.0)
07/14/26 16:41:53 Event: ULOG_SUBMIT for HTCondor Node apply (9401730.219.0) {07/14/26 16:41:46}
07/14/26 16:41:53 Number of idle job procs: 135
07/14/26 16:41:53 Reassigning the id of job apply from (9401730.219.0) to (9401730.22.0)
07/14/26 16:41:53 Event: ULOG_SUBMIT for HTCondor Node apply (9401730.22.0) {07/14/26 16:41:46}
07/14/26 16:41:53 Number of idle job procs: 136
07/14/26 16:41:53 Reassigning the id of job apply from (9401730.22.0) to (9401730.220.0)
07/14/26 16:41:53 Event: ULOG_SUBMIT for HTCondor Node apply (9401730.220.0) {07/14/26 16:41:46}
07/14/26 16:41:53 Number of idle job procs: 137
07/14/26 16:41:53 Reassigning the id of job apply from (9401730.220.0) to (9401730.221.0)
07/14/26 16:41:53 Event: ULOG_SUBMIT for HTCondor Node apply (9401730.221.0) {07/14/26 16:41:46}
07/14/26 16:41:53 Number of idle job procs: 138
07/14/26 16:41:53 Reassigning the id of job apply from (9401730.221.0) to (9401730.222.0)
07/14/26 16:41:53 Event: ULOG_SUBMIT for HTCondor Node apply (9401730.222.0) {07/14/26 16:41:46}
07/14/26 16:41:53 Number of idle job procs: 139
07/14/26 16:41:53 Reassigning the id of job apply from (9401730.222.0) to (9401730.223.0)
07/14/26 16:41:53 Event: ULOG_SUBMIT for HTCondor Node apply (9401730.223.0) {07/14/26 16:41:46}
07/14/26 16:41:53 Number of idle job procs: 140
07/14/26 16:41:53 Reassigning the id of job apply from (9401730.223.0) to (9401730.224.0)
07/14/26 16:41:53 Event: ULOG_SUBMIT for HTCondor Node apply (9401730.224.0) {07/14/26 16:41:46}
07/14/26 16:41:53 Number of idle job procs: 141
07/14/26 16:41:53 Reassigning the id of job apply from (9401730.224.0) to (9401730.225.0)
07/14/26 16:41:53 Event: ULOG_SUBMIT for HTCondor Node apply (9401730.225.0) {07/14/26 16:41:46}
07/14/26 16:41:53 Number of idle job procs: 142
07/14/26 16:41:53 Reassigning the id of job apply from (9401730.225.0) to (9401730.226.0)
07/14/26 16:41:53 Event: ULOG_SUBMIT for HTCondor Node apply (9401730.226.0) {07/14/26 16:41:46}
07/14/26 16:41:53 Number of idle job procs: 143
07/14/26 16:41:53 Reassigning the id of job apply from (9401730.226.0) to (9401730.227.0)
07/14/26 16:41:53 Event: ULOG_SUBMIT for HTCondor Node apply (9401730.227.0) {07/14/26 16:41:46}
07/14/26 16:41:53 Number of idle job procs: 144
07/14/26 16:41:53 Reassigning the id of job apply from (9401730.227.0) to (9401730.228.0)
07/14/26 16:41:53 Event: ULOG_SUBMIT for HTCondor Node apply (9401730.228.0) {07/14/26 16:41:46}
07/14/26 16:41:53 Number of idle job procs: 145
07/14/26 16:41:53 Reassigning the id of job apply from (9401730.228.0) to (9401730.229.0)
07/14/26 16:41:53 Event: ULOG_SUBMIT for HTCondor Node apply (9401730.229.0) {07/14/26 16:41:46}
07/14/26 16:41:53 Number of idle job procs: 146
07/14/26 16:41:53 Reassigning the id of job apply from (9401730.229.0) to (9401730.23.0)
07/14/26 16:41:53 Event: ULOG_SUBMIT for HTCondor Node apply (9401730.23.0) {07/14/26 16:41:46}
07/14/26 16:41:53 Number of idle job procs: 147
07/14/26 16:41:53 Reassigning the id of job apply from (9401730.23.0) to (9401730.230.0)
07/14/26 16:41:53 Event: ULOG_SUBMIT for HTCondor Node apply (9401730.230.0) {07/14/26 16:41:46}
07/14/26 16:41:53 Number of idle job procs: 148
07/14/26 16:41:53 Reassigning the id of job apply from (9401730.230.0) to (9401730.231.0)
07/14/26 16:41:53 Event: ULOG_SUBMIT for HTCondor Node apply (9401730.231.0) {07/14/26 16:41:46}
07/14/26 16:41:53 Number of idle job procs: 149
07/14/26 16:41:53 Reassigning the id of job apply from (9401730.231.0) to (9401730.232.0)
07/14/26 16:41:53 Event: ULOG_SUBMIT for HTCondor Node apply (9401730.232.0) {07/14/26 16:41:46}
07/14/26 16:41:53 Number of idle job procs: 150
07/14/26 16:41:53 Reassigning the id of job apply from (9401730.232.0) to (9401730.233.0)
07/14/26 16:41:53 Event: ULOG_SUBMIT for HTCondor Node apply (9401730.233.0) {07/14/26 16:41:46}
07/14/26 16:41:53 Number of idle job procs: 151
07/14/26 16:41:53 Reassigning the id of job apply from (9401730.233.0) to (9401730.234.0)
07/14/26 16:41:53 Event: ULOG_SUBMIT for HTCondor Node apply (9401730.234.0) {07/14/26 16:41:46}
07/14/26 16:41:53 Number of idle job procs: 152
07/14/26 16:41:53 Reassigning the id of job apply from (9401730.234.0) to (9401730.235.0)
07/14/26 16:41:53 Event: ULOG_SUBMIT for HTCondor Node apply (9401730.235.0) {07/14/26 16:41:46}
07/14/26 16:41:53 Number of idle job procs: 153
07/14/26 16:41:53 Reassigning the id of job apply from (9401730.235.0) to (9401730.236.0)
07/14/26 16:41:53 Event: ULOG_SUBMIT for HTCondor Node apply (9401730.236.0) {07/14/26 16:41:46}
07/14/26 16:41:53 Number of idle job procs: 154
07/14/26 16:41:53 Reassigning the id of job apply from (9401730.236.0) to (9401730.237.0)
07/14/26 16:41:53 Event: ULOG_SUBMIT for HTCondor Node apply (9401730.237.0) {07/14/26 16:41:46}
07/14/26 16:41:53 Number of idle job procs: 155
07/14/26 16:41:53 Reassigning the id of job apply from (9401730.237.0) to (9401730.238.0)
07/14/26 16:41:53 Event: ULOG_SUBMIT for HTCondor Node apply (9401730.238.0) {07/14/26 16:41:46}
07/14/26 16:41:53 Number of idle job procs: 156
07/14/26 16:41:53 Reassigning the id of job apply from (9401730.238.0) to (9401730.239.0)
07/14/26 16:41:53 Event: ULOG_SUBMIT for HTCondor Node apply (9401730.239.0) {07/14/26 16:41:46}
07/14/26 16:41:53 Number of idle job procs: 157
07/14/26 16:41:53 Reassigning the id of job apply from (9401730.239.0) to (9401730.24.0)
07/14/26 16:41:53 Event: ULOG_SUBMIT for HTCondor Node apply (9401730.24.0) {07/14/26 16:41:46}
07/14/26 16:41:53 Number of idle job procs: 158
07/14/26 16:41:53 Reassigning the id of job apply from (9401730.24.0) to (9401730.240.0)
07/14/26 16:41:53 Event: ULOG_SUBMIT for HTCondor Node apply (9401730.240.0) {07/14/26 16:41:46}
07/14/26 16:41:53 Number of idle job procs: 159
07/14/26 16:41:53 Reassigning the id of job apply from (9401730.240.0) to (9401730.241.0)
07/14/26 16:41:53 Event: ULOG_SUBMIT for HTCondor Node apply (9401730.241.0) {07/14/26 16:41:46}
07/14/26 16:41:53 Number of idle job procs: 160
07/14/26 16:41:53 Reassigning the id of job apply from (9401730.241.0) to (9401730.242.0)
07/14/26 16:41:53 Event: ULOG_SUBMIT for HTCondor Node apply (9401730.242.0) {07/14/26 16:41:46}
07/14/26 16:41:53 Number of idle job procs: 161
07/14/26 16:41:53 Reassigning the id of job apply from (9401730.242.0) to (9401730.243.0)
07/14/26 16:41:53 Event: ULOG_SUBMIT for HTCondor Node apply (9401730.243.0) {07/14/26 16:41:46}
07/14/26 16:41:53 Number of idle job procs: 162
07/14/26 16:41:53 Reassigning the id of job apply from (9401730.243.0) to (9401730.244.0)
07/14/26 16:41:53 Event: ULOG_SUBMIT for HTCondor Node apply (9401730.244.0) {07/14/26 16:41:46}
07/14/26 16:41:53 Number of idle job procs: 163
07/14/26 16:41:53 Reassigning the id of job apply from (9401730.244.0) to (9401730.245.0)
07/14/26 16:41:53 Event: ULOG_SUBMIT for HTCondor Node apply (9401730.245.0) {07/14/26 16:41:46}
07/14/26 16:41:53 Number of idle job procs: 164
07/14/26 16:41:53 Reassigning the id of job apply from (9401730.245.0) to (9401730.246.0)
07/14/26 16:41:53 Event: ULOG_SUBMIT for HTCondor Node apply (9401730.246.0) {07/14/26 16:41:46}
07/14/26 16:41:53 Number of idle job procs: 165
07/14/26 16:41:53 Reassigning the id of job apply from (9401730.246.0) to (9401730.247.0)
07/14/26 16:41:53 Event: ULOG_SUBMIT for HTCondor Node apply (9401730.247.0) {07/14/26 16:41:46}
07/14/26 16:41:53 Number of idle job procs: 166
07/14/26 16:41:53 Reassigning the id of job apply from (9401730.247.0) to (9401730.248.0)
07/14/26 16:41:53 Event: ULOG_SUBMIT for HTCondor Node apply (9401730.248.0) {07/14/26 16:41:46}
07/14/26 16:41:53 Number of idle job procs: 167
07/14/26 16:41:53 Reassigning the id of job apply from (9401730.248.0) to (9401730.249.0)
07/14/26 16:41:53 Event: ULOG_SUBMIT for HTCondor Node apply (9401730.249.0) {07/14/26 16:41:46}
07/14/26 16:41:53 Number of idle job procs: 168
07/14/26 16:41:53 Reassigning the id of job apply from (9401730.249.0) to (9401730.25.0)
07/14/26 16:41:53 Event: ULOG_SUBMIT for HTCondor Node apply (9401730.25.0) {07/14/26 16:41:46}
07/14/26 16:41:53 Number of idle job procs: 169
07/14/26 16:41:53 Reassigning the id of job apply from (9401730.25.0) to (9401730.250.0)
07/14/26 16:41:53 Event: ULOG_SUBMIT for HTCondor Node apply (9401730.250.0) {07/14/26 16:41:46}
07/14/26 16:41:53 Number of idle job procs: 170
07/14/26 16:41:53 Reassigning the id of job apply from (9401730.250.0) to (9401730.251.0)
07/14/26 16:41:53 Event: ULOG_SUBMIT for HTCondor Node apply (9401730.251.0) {07/14/26 16:41:46}
07/14/26 16:41:53 Number of idle job procs: 171
07/14/26 16:41:53 Reassigning the id of job apply from (9401730.251.0) to (9401730.252.0)
07/14/26 16:41:53 Event: ULOG_SUBMIT for HTCondor Node apply (9401730.252.0) {07/14/26 16:41:46}
07/14/26 16:41:53 Number of idle job procs: 172
07/14/26 16:41:53 Reassigning the id of job apply from (9401730.252.0) to (9401730.253.0)
07/14/26 16:41:53 Event: ULOG_SUBMIT for HTCondor Node apply (9401730.253.0) {07/14/26 16:41:46}
07/14/26 16:41:53 Number of idle job procs: 173
07/14/26 16:41:53 Reassigning the id of job apply from (9401730.253.0) to (9401730.254.0)
07/14/26 16:41:53 Event: ULOG_SUBMIT for HTCondor Node apply (9401730.254.0) {07/14/26 16:41:46}
07/14/26 16:41:53 Number of idle job procs: 174
07/14/26 16:41:53 Reassigning the id of job apply from (9401730.254.0) to (9401730.255.0)
07/14/26 16:41:53 Event: ULOG_SUBMIT for HTCondor Node apply (9401730.255.0) {07/14/26 16:41:46}
07/14/26 16:41:53 Number of idle job procs: 175
07/14/26 16:41:53 Reassigning the id of job apply from (9401730.255.0) to (9401730.256.0)
07/14/26 16:41:53 Event: ULOG_SUBMIT for HTCondor Node apply (9401730.256.0) {07/14/26 16:41:46}
07/14/26 16:41:53 Number of idle job procs: 176
07/14/26 16:41:53 Reassigning the id of job apply from (9401730.256.0) to (9401730.257.0)
07/14/26 16:41:53 Event: ULOG_SUBMIT for HTCondor Node apply (9401730.257.0) {07/14/26 16:41:46}
07/14/26 16:41:53 Number of idle job procs: 177
07/14/26 16:41:53 Reassigning the id of job apply from (9401730.257.0) to (9401730.258.0)
07/14/26 16:41:53 Event: ULOG_SUBMIT for HTCondor Node apply (9401730.258.0) {07/14/26 16:41:46}
07/14/26 16:41:53 Number of idle job procs: 178
07/14/26 16:41:53 Reassigning the id of job apply from (9401730.258.0) to (9401730.259.0)
07/14/26 16:41:53 Event: ULOG_SUBMIT for HTCondor Node apply (9401730.259.0) {07/14/26 16:41:46}
07/14/26 16:41:53 Number of idle job procs: 179
07/14/26 16:41:53 Reassigning the id of job apply from (9401730.259.0) to (9401730.26.0)
07/14/26 16:41:53 Event: ULOG_SUBMIT for HTCondor Node apply (9401730.26.0) {07/14/26 16:41:46}
07/14/26 16:41:53 Number of idle job procs: 180
07/14/26 16:41:53 Reassigning the id of job apply from (9401730.26.0) to (9401730.260.0)
07/14/26 16:41:53 Event: ULOG_SUBMIT for HTCondor Node apply (9401730.260.0) {07/14/26 16:41:46}
07/14/26 16:41:53 Number of idle job procs: 181
07/14/26 16:41:53 Reassigning the id of job apply from (9401730.260.0) to (9401730.261.0)
07/14/26 16:41:53 Event: ULOG_SUBMIT for HTCondor Node apply (9401730.261.0) {07/14/26 16:41:46}
07/14/26 16:41:53 Number of idle job procs: 182
07/14/26 16:41:53 Reassigning the id of job apply from (9401730.261.0) to (9401730.262.0)
07/14/26 16:41:53 Event: ULOG_SUBMIT for HTCondor Node apply (9401730.262.0) {07/14/26 16:41:46}
07/14/26 16:41:53 Number of idle job procs: 183
07/14/26 16:41:53 Reassigning the id of job apply from (9401730.262.0) to (9401730.263.0)
07/14/26 16:41:53 Event: ULOG_SUBMIT for HTCondor Node apply (9401730.263.0) {07/14/26 16:41:46}
07/14/26 16:41:53 Number of idle job procs: 184
07/14/26 16:41:53 Reassigning the id of job apply from (9401730.263.0) to (9401730.264.0)
07/14/26 16:41:53 Event: ULOG_SUBMIT for HTCondor Node apply (9401730.264.0) {07/14/26 16:41:46}
07/14/26 16:41:53 Number of idle job procs: 185
07/14/26 16:41:53 Reassigning the id of job apply from (9401730.264.0) to (9401730.265.0)
07/14/26 16:41:53 Event: ULOG_SUBMIT for HTCondor Node apply (9401730.265.0) {07/14/26 16:41:46}
07/14/26 16:41:53 Number of idle job procs: 186
07/14/26 16:41:53 Reassigning the id of job apply from (9401730.265.0) to (9401730.266.0)
07/14/26 16:41:53 Event: ULOG_SUBMIT for HTCondor Node apply (9401730.266.0) {07/14/26 16:41:46}
07/14/26 16:41:53 Number of idle job procs: 187
07/14/26 16:41:53 Reassigning the id of job apply from (9401730.266.0) to (9401730.267.0)
07/14/26 16:41:53 Event: ULOG_SUBMIT for HTCondor Node apply (9401730.267.0) {07/14/26 16:41:46}
07/14/26 16:41:53 Number of idle job procs: 188
07/14/26 16:41:53 Reassigning the id of job apply from (9401730.267.0) to (9401730.268.0)
07/14/26 16:41:53 Event: ULOG_SUBMIT for HTCondor Node apply (9401730.268.0) {07/14/26 16:41:46}
07/14/26 16:41:53 Number of idle job procs: 189
07/14/26 16:41:53 Reassigning the id of job apply from (9401730.268.0) to (9401730.269.0)
07/14/26 16:41:53 Event: ULOG_SUBMIT for HTCondor Node apply (9401730.269.0) {07/14/26 16:41:46}
07/14/26 16:41:53 Number of idle job procs: 190
07/14/26 16:41:53 Reassigning the id of job apply from (9401730.269.0) to (9401730.27.0)
07/14/26 16:41:53 Event: ULOG_SUBMIT for HTCondor Node apply (9401730.27.0) {07/14/26 16:41:46}
07/14/26 16:41:53 Number of idle job procs: 191
07/14/26 16:41:53 Reassigning the id of job apply from (9401730.27.0) to (9401730.270.0)
07/14/26 16:41:53 Event: ULOG_SUBMIT for HTCondor Node apply (9401730.270.0) {07/14/26 16:41:46}
07/14/26 16:41:53 Number of idle job procs: 192
07/14/26 16:41:53 Reassigning the id of job apply from (9401730.270.0) to (9401730.271.0)
07/14/26 16:41:53 Event: ULOG_SUBMIT for HTCondor Node apply (9401730.271.0) {07/14/26 16:41:46}
07/14/26 16:41:53 Number of idle job procs: 193
07/14/26 16:41:53 Reassigning the id of job apply from (9401730.271.0) to (9401730.272.0)
07/14/26 16:41:53 Event: ULOG_SUBMIT for HTCondor Node apply (9401730.272.0) {07/14/26 16:41:46}
07/14/26 16:41:53 Number of idle job procs: 194
07/14/26 16:41:53 Reassigning the id of job apply from (9401730.272.0) to (9401730.273.0)
07/14/26 16:41:53 Event: ULOG_SUBMIT for HTCondor Node apply (9401730.273.0) {07/14/26 16:41:46}
07/14/26 16:41:53 Number of idle job procs: 195
07/14/26 16:41:53 Reassigning the id of job apply from (9401730.273.0) to (9401730.274.0)
07/14/26 16:41:53 Event: ULOG_SUBMIT for HTCondor Node apply (9401730.274.0) {07/14/26 16:41:46}
07/14/26 16:41:53 Number of idle job procs: 196
07/14/26 16:41:53 Reassigning the id of job apply from (9401730.274.0) to (9401730.275.0)
07/14/26 16:41:53 Event: ULOG_SUBMIT for HTCondor Node apply (9401730.275.0) {07/14/26 16:41:46}
07/14/26 16:41:53 Number of idle job procs: 197
07/14/26 16:41:53 Reassigning the id of job apply from (9401730.275.0) to (9401730.276.0)
07/14/26 16:41:53 Event: ULOG_SUBMIT for HTCondor Node apply (9401730.276.0) {07/14/26 16:41:46}
07/14/26 16:41:53 Number of idle job procs: 198
07/14/26 16:41:53 Reassigning the id of job apply from (9401730.276.0) to (9401730.277.0)
07/14/26 16:41:53 Event: ULOG_SUBMIT for HTCondor Node apply (9401730.277.0) {07/14/26 16:41:46}
07/14/26 16:41:53 Number of idle job procs: 199
07/14/26 16:41:53 Reassigning the id of job apply from (9401730.277.0) to (9401730.278.0)
07/14/26 16:41:53 Event: ULOG_SUBMIT for HTCondor Node apply (9401730.278.0) {07/14/26 16:41:46}
07/14/26 16:41:53 Number of idle job procs: 200
07/14/26 16:41:54 Reassigning the id of job apply from (9401730.278.0) to (9401730.279.0)
07/14/26 16:41:54 Event: ULOG_SUBMIT for HTCondor Node apply (9401730.279.0) {07/14/26 16:41:46}
07/14/26 16:41:54 Number of idle job procs: 201
07/14/26 16:41:54 Reassigning the id of job apply from (9401730.279.0) to (9401730.28.0)
07/14/26 16:41:54 Event: ULOG_SUBMIT for HTCondor Node apply (9401730.28.0) {07/14/26 16:41:46}
07/14/26 16:41:54 Number of idle job procs: 202
07/14/26 16:41:54 Reassigning the id of job apply from (9401730.28.0) to (9401730.280.0)
07/14/26 16:41:54 Event: ULOG_SUBMIT for HTCondor Node apply (9401730.280.0) {07/14/26 16:41:46}
07/14/26 16:41:54 Number of idle job procs: 203
07/14/26 16:41:54 Reassigning the id of job apply from (9401730.280.0) to (9401730.281.0)
07/14/26 16:41:54 Event: ULOG_SUBMIT for HTCondor Node apply (9401730.281.0) {07/14/26 16:41:46}
07/14/26 16:41:54 Number of idle job procs: 204
07/14/26 16:41:54 Reassigning the id of job apply from (9401730.281.0) to (9401730.282.0)
07/14/26 16:41:54 Event: ULOG_SUBMIT for HTCondor Node apply (9401730.282.0) {07/14/26 16:41:46}
07/14/26 16:41:54 Number of idle job procs: 205
07/14/26 16:41:54 Reassigning the id of job apply from (9401730.282.0) to (9401730.283.0)
07/14/26 16:41:54 Event: ULOG_SUBMIT for HTCondor Node apply (9401730.283.0) {07/14/26 16:41:46}
07/14/26 16:41:54 Number of idle job procs: 206
07/14/26 16:41:54 Reassigning the id of job apply from (9401730.283.0) to (9401730.284.0)
07/14/26 16:41:54 Event: ULOG_SUBMIT for HTCondor Node apply (9401730.284.0) {07/14/26 16:41:46}
07/14/26 16:41:54 Number of idle job procs: 207
07/14/26 16:41:54 Reassigning the id of job apply from (9401730.284.0) to (9401730.285.0)
07/14/26 16:41:54 Event: ULOG_SUBMIT for HTCondor Node apply (9401730.285.0) {07/14/26 16:41:46}
07/14/26 16:41:54 Number of idle job procs: 208
07/14/26 16:41:54 Reassigning the id of job apply from (9401730.285.0) to (9401730.286.0)
07/14/26 16:41:54 Event: ULOG_SUBMIT for HTCondor Node apply (9401730.286.0) {07/14/26 16:41:46}
07/14/26 16:41:54 Number of idle job procs: 209
07/14/26 16:41:54 Reassigning the id of job apply from (9401730.286.0) to (9401730.287.0)
07/14/26 16:41:54 Event: ULOG_SUBMIT for HTCondor Node apply (9401730.287.0) {07/14/26 16:41:46}
07/14/26 16:41:54 Number of idle job procs: 210
07/14/26 16:41:54 Reassigning the id of job apply from (9401730.287.0) to (9401730.288.0)
07/14/26 16:41:54 Event: ULOG_SUBMIT for HTCondor Node apply (9401730.288.0) {07/14/26 16:41:46}
07/14/26 16:41:54 Number of idle job procs: 211
07/14/26 16:41:54 Reassigning the id of job apply from (9401730.288.0) to (9401730.289.0)
07/14/26 16:41:54 Event: ULOG_SUBMIT for HTCondor Node apply (9401730.289.0) {07/14/26 16:41:46}
07/14/26 16:41:54 Number of idle job procs: 212
07/14/26 16:41:54 Reassigning the id of job apply from (9401730.289.0) to (9401730.29.0)
07/14/26 16:41:54 Event: ULOG_SUBMIT for HTCondor Node apply (9401730.29.0) {07/14/26 16:41:46}
07/14/26 16:41:54 Number of idle job procs: 213
07/14/26 16:41:54 Reassigning the id of job apply from (9401730.29.0) to (9401730.290.0)
07/14/26 16:41:54 Event: ULOG_SUBMIT for HTCondor Node apply (9401730.290.0) {07/14/26 16:41:46}
07/14/26 16:41:54 Number of idle job procs: 214
07/14/26 16:41:54 Reassigning the id of job apply from (9401730.290.0) to (9401730.291.0)
07/14/26 16:41:54 Event: ULOG_SUBMIT for HTCondor Node apply (9401730.291.0) {07/14/26 16:41:46}
07/14/26 16:41:54 Number of idle job procs: 215
07/14/26 16:41:54 Reassigning the id of job apply from (9401730.291.0) to (9401730.292.0)
07/14/26 16:41:54 Event: ULOG_SUBMIT for HTCondor Node apply (9401730.292.0) {07/14/26 16:41:46}
07/14/26 16:41:54 Number of idle job procs: 216
07/14/26 16:41:54 Reassigning the id of job apply from (9401730.292.0) to (9401730.293.0)
07/14/26 16:41:54 Event: ULOG_SUBMIT for HTCondor Node apply (9401730.293.0) {07/14/26 16:41:46}
07/14/26 16:41:54 Number of idle job procs: 217
07/14/26 16:41:54 Reassigning the id of job apply from (9401730.293.0) to (9401730.294.0)
07/14/26 16:41:54 Event: ULOG_SUBMIT for HTCondor Node apply (9401730.294.0) {07/14/26 16:41:46}
07/14/26 16:41:54 Number of idle job procs: 218
07/14/26 16:41:54 Reassigning the id of job apply from (9401730.294.0) to (9401730.295.0)
07/14/26 16:41:54 Event: ULOG_SUBMIT for HTCondor Node apply (9401730.295.0) {07/14/26 16:41:46}
07/14/26 16:41:54 Number of idle job procs: 219
07/14/26 16:41:54 Reassigning the id of job apply from (9401730.295.0) to (9401730.296.0)
07/14/26 16:41:54 Event: ULOG_SUBMIT for HTCondor Node apply (9401730.296.0) {07/14/26 16:41:46}
07/14/26 16:41:54 Number of idle job procs: 220
07/14/26 16:41:54 Reassigning the id of job apply from (9401730.296.0) to (9401730.297.0)
07/14/26 16:41:54 Event: ULOG_SUBMIT for HTCondor Node apply (9401730.297.0) {07/14/26 16:41:46}
07/14/26 16:41:54 Number of idle job procs: 221
07/14/26 16:41:54 Reassigning the id of job apply from (9401730.297.0) to (9401730.298.0)
07/14/26 16:41:54 Event: ULOG_SUBMIT for HTCondor Node apply (9401730.298.0) {07/14/26 16:41:46}
07/14/26 16:41:54 Number of idle job procs: 222
07/14/26 16:41:54 Reassigning the id of job apply from (9401730.298.0) to (9401730.299.0)
07/14/26 16:41:54 Event: ULOG_SUBMIT for HTCondor Node apply (9401730.299.0) {07/14/26 16:41:46}
07/14/26 16:41:54 Number of idle job procs: 223
07/14/26 16:41:54 Reassigning the id of job apply from (9401730.299.0) to (9401730.3.0)
07/14/26 16:41:54 Event: ULOG_SUBMIT for HTCondor Node apply (9401730.3.0) {07/14/26 16:41:46}
07/14/26 16:41:54 Number of idle job procs: 224
07/14/26 16:41:54 Reassigning the id of job apply from (9401730.3.0) to (9401730.30.0)
07/14/26 16:41:54 Event: ULOG_SUBMIT for HTCondor Node apply (9401730.30.0) {07/14/26 16:41:46}
07/14/26 16:41:54 Number of idle job procs: 225
07/14/26 16:41:54 Reassigning the id of job apply from (9401730.30.0) to (9401730.300.0)
07/14/26 16:41:54 Event: ULOG_SUBMIT for HTCondor Node apply (9401730.300.0) {07/14/26 16:41:46}
07/14/26 16:41:54 Number of idle job procs: 226
07/14/26 16:41:54 Reassigning the id of job apply from (9401730.300.0) to (9401730.301.0)
07/14/26 16:41:54 Event: ULOG_SUBMIT for HTCondor Node apply (9401730.301.0) {07/14/26 16:41:46}
07/14/26 16:41:54 Number of idle job procs: 227
07/14/26 16:41:54 Reassigning the id of job apply from (9401730.301.0) to (9401730.302.0)
07/14/26 16:41:54 Event: ULOG_SUBMIT for HTCondor Node apply (9401730.302.0) {07/14/26 16:41:46}
07/14/26 16:41:54 Number of idle job procs: 228
07/14/26 16:41:54 Reassigning the id of job apply from (9401730.302.0) to (9401730.303.0)
07/14/26 16:41:54 Event: ULOG_SUBMIT for HTCondor Node apply (9401730.303.0) {07/14/26 16:41:46}
07/14/26 16:41:54 Number of idle job procs: 229
07/14/26 16:41:54 Reassigning the id of job apply from (9401730.303.0) to (9401730.304.0)
07/14/26 16:41:54 Event: ULOG_SUBMIT for HTCondor Node apply (9401730.304.0) {07/14/26 16:41:46}
07/14/26 16:41:54 Number of idle job procs: 230
07/14/26 16:41:54 Reassigning the id of job apply from (9401730.304.0) to (9401730.305.0)
07/14/26 16:41:54 Event: ULOG_SUBMIT for HTCondor Node apply (9401730.305.0) {07/14/26 16:41:46}
07/14/26 16:41:54 Number of idle job procs: 231
07/14/26 16:41:54 Reassigning the id of job apply from (9401730.305.0) to (9401730.306.0)
07/14/26 16:41:54 Event: ULOG_SUBMIT for HTCondor Node apply (9401730.306.0) {07/14/26 16:41:46}
07/14/26 16:41:54 Number of idle job procs: 232
07/14/26 16:41:54 Reassigning the id of job apply from (9401730.306.0) to (9401730.307.0)
07/14/26 16:41:54 Event: ULOG_SUBMIT for HTCondor Node apply (9401730.307.0) {07/14/26 16:41:46}
07/14/26 16:41:54 Number of idle job procs: 233
07/14/26 16:41:54 Reassigning the id of job apply from (9401730.307.0) to (9401730.308.0)
07/14/26 16:41:54 Event: ULOG_SUBMIT for HTCondor Node apply (9401730.308.0) {07/14/26 16:41:46}
07/14/26 16:41:54 Number of idle job procs: 234
07/14/26 16:41:54 Reassigning the id of job apply from (9401730.308.0) to (9401730.309.0)
07/14/26 16:41:54 Event: ULOG_SUBMIT for HTCondor Node apply (9401730.309.0) {07/14/26 16:41:46}
07/14/26 16:41:54 Number of idle job procs: 235
07/14/26 16:41:54 Reassigning the id of job apply from (9401730.309.0) to (9401730.31.0)
07/14/26 16:41:54 Event: ULOG_SUBMIT for HTCondor Node apply (9401730.31.0) {07/14/26 16:41:46}
07/14/26 16:41:54 Number of idle job procs: 236
07/14/26 16:41:54 Reassigning the id of job apply from (9401730.31.0) to (9401730.310.0)
07/14/26 16:41:54 Event: ULOG_SUBMIT for HTCondor Node apply (9401730.310.0) {07/14/26 16:41:46}
07/14/26 16:41:54 Number of idle job procs: 237
07/14/26 16:41:54 Reassigning the id of job apply from (9401730.310.0) to (9401730.311.0)
07/14/26 16:41:54 Event: ULOG_SUBMIT for HTCondor Node apply (9401730.311.0) {07/14/26 16:41:46}
07/14/26 16:41:54 Number of idle job procs: 238
07/14/26 16:41:54 Reassigning the id of job apply from (9401730.311.0) to (9401730.312.0)
07/14/26 16:41:54 Event: ULOG_SUBMIT for HTCondor Node apply (9401730.312.0) {07/14/26 16:41:46}
07/14/26 16:41:54 Number of idle job procs: 239
07/14/26 16:41:54 Reassigning the id of job apply from (9401730.312.0) to (9401730.313.0)
07/14/26 16:41:54 Event: ULOG_SUBMIT for HTCondor Node apply (9401730.313.0) {07/14/26 16:41:46}
07/14/26 16:41:54 Number of idle job procs: 240
07/14/26 16:41:54 Reassigning the id of job apply from (9401730.313.0) to (9401730.314.0)
07/14/26 16:41:54 Event: ULOG_SUBMIT for HTCondor Node apply (9401730.314.0) {07/14/26 16:41:46}
07/14/26 16:41:54 Number of idle job procs: 241
07/14/26 16:41:54 Reassigning the id of job apply from (9401730.314.0) to (9401730.315.0)
07/14/26 16:41:54 Event: ULOG_SUBMIT for HTCondor Node apply (9401730.315.0) {07/14/26 16:41:46}
07/14/26 16:41:54 Number of idle job procs: 242
07/14/26 16:41:54 Reassigning the id of job apply from (9401730.315.0) to (9401730.316.0)
07/14/26 16:41:54 Event: ULOG_SUBMIT for HTCondor Node apply (9401730.316.0) {07/14/26 16:41:46}
07/14/26 16:41:54 Number of idle job procs: 243
07/14/26 16:41:54 Reassigning the id of job apply from (9401730.316.0) to (9401730.317.0)
07/14/26 16:41:54 Event: ULOG_SUBMIT for HTCondor Node apply (9401730.317.0) {07/14/26 16:41:46}
07/14/26 16:41:54 Number of idle job procs: 244
07/14/26 16:41:54 Reassigning the id of job apply from (9401730.317.0) to (9401730.318.0)
07/14/26 16:41:54 Event: ULOG_SUBMIT for HTCondor Node apply (9401730.318.0) {07/14/26 16:41:46}
07/14/26 16:41:54 Number of idle job procs: 245
07/14/26 16:41:54 Reassigning the id of job apply from (9401730.318.0) to (9401730.319.0)
07/14/26 16:41:54 Event: ULOG_SUBMIT for HTCondor Node apply (9401730.319.0) {07/14/26 16:41:46}
07/14/26 16:41:54 Number of idle job procs: 246
07/14/26 16:41:54 Reassigning the id of job apply from (9401730.319.0) to (9401730.32.0)
07/14/26 16:41:54 Event: ULOG_SUBMIT for HTCondor Node apply (9401730.32.0) {07/14/26 16:41:46}
07/14/26 16:41:54 Number of idle job procs: 247
07/14/26 16:41:54 Reassigning the id of job apply from (9401730.32.0) to (9401730.320.0)
07/14/26 16:41:54 Event: ULOG_SUBMIT for HTCondor Node apply (9401730.320.0) {07/14/26 16:41:46}
07/14/26 16:41:54 Number of idle job procs: 248
07/14/26 16:41:54 Reassigning the id of job apply from (9401730.320.0) to (9401730.321.0)
07/14/26 16:41:54 Event: ULOG_SUBMIT for HTCondor Node apply (9401730.321.0) {07/14/26 16:41:46}
07/14/26 16:41:54 Number of idle job procs: 249
07/14/26 16:41:54 Reassigning the id of job apply from (9401730.321.0) to (9401730.322.0)
07/14/26 16:41:54 Event: ULOG_SUBMIT for HTCondor Node apply (9401730.322.0) {07/14/26 16:41:46}
07/14/26 16:41:54 Number of idle job procs: 250
07/14/26 16:41:54 Reassigning the id of job apply from (9401730.322.0) to (9401730.323.0)
07/14/26 16:41:54 Event: ULOG_SUBMIT for HTCondor Node apply (9401730.323.0) {07/14/26 16:41:46}
07/14/26 16:41:54 Number of idle job procs: 251
07/14/26 16:41:54 Reassigning the id of job apply from (9401730.323.0) to (9401730.324.0)
07/14/26 16:41:54 Event: ULOG_SUBMIT for HTCondor Node apply (9401730.324.0) {07/14/26 16:41:46}
07/14/26 16:41:54 Number of idle job procs: 252
07/14/26 16:41:54 Reassigning the id of job apply from (9401730.324.0) to (9401730.325.0)
07/14/26 16:41:54 Event: ULOG_SUBMIT for HTCondor Node apply (9401730.325.0) {07/14/26 16:41:46}
07/14/26 16:41:54 Number of idle job procs: 253
07/14/26 16:41:54 Reassigning the id of job apply from (9401730.325.0) to (9401730.326.0)
07/14/26 16:41:54 Event: ULOG_SUBMIT for HTCondor Node apply (9401730.326.0) {07/14/26 16:41:46}
07/14/26 16:41:54 Number of idle job procs: 254
07/14/26 16:41:54 Reassigning the id of job apply from (9401730.326.0) to (9401730.327.0)
07/14/26 16:41:54 Event: ULOG_SUBMIT for HTCondor Node apply (9401730.327.0) {07/14/26 16:41:46}
07/14/26 16:41:54 Number of idle job procs: 255
07/14/26 16:41:54 Reassigning the id of job apply from (9401730.327.0) to (9401730.328.0)
07/14/26 16:41:54 Event: ULOG_SUBMIT for HTCondor Node apply (9401730.328.0) {07/14/26 16:41:46}
07/14/26 16:41:54 Number of idle job procs: 256
07/14/26 16:41:54 Reassigning the id of job apply from (9401730.328.0) to (9401730.329.0)
07/14/26 16:41:54 Event: ULOG_SUBMIT for HTCondor Node apply (9401730.329.0) {07/14/26 16:41:46}
07/14/26 16:41:54 Number of idle job procs: 257
07/14/26 16:41:54 Reassigning the id of job apply from (9401730.329.0) to (9401730.33.0)
07/14/26 16:41:54 Event: ULOG_SUBMIT for HTCondor Node apply (9401730.33.0) {07/14/26 16:41:46}
07/14/26 16:41:54 Number of idle job procs: 258
07/14/26 16:41:54 Reassigning the id of job apply from (9401730.33.0) to (9401730.330.0)
07/14/26 16:41:54 Event: ULOG_SUBMIT for HTCondor Node apply (9401730.330.0) {07/14/26 16:41:46}
07/14/26 16:41:54 Number of idle job procs: 259
07/14/26 16:41:54 Reassigning the id of job apply from (9401730.330.0) to (9401730.331.0)
07/14/26 16:41:54 Event: ULOG_SUBMIT for HTCondor Node apply (9401730.331.0) {07/14/26 16:41:46}
07/14/26 16:41:54 Number of idle job procs: 260
07/14/26 16:41:54 Reassigning the id of job apply from (9401730.331.0) to (9401730.332.0)
07/14/26 16:41:54 Event: ULOG_SUBMIT for HTCondor Node apply (9401730.332.0) {07/14/26 16:41:46}
07/14/26 16:41:54 Number of idle job procs: 261
07/14/26 16:41:54 Reassigning the id of job apply from (9401730.332.0) to (9401730.333.0)
07/14/26 16:41:54 Event: ULOG_SUBMIT for HTCondor Node apply (9401730.333.0) {07/14/26 16:41:46}
07/14/26 16:41:54 Number of idle job procs: 262
07/14/26 16:41:54 Reassigning the id of job apply from (9401730.333.0) to (9401730.334.0)
07/14/26 16:41:54 Event: ULOG_SUBMIT for HTCondor Node apply (9401730.334.0) {07/14/26 16:41:46}
07/14/26 16:41:54 Number of idle job procs: 263
07/14/26 16:41:54 Reassigning the id of job apply from (9401730.334.0) to (9401730.335.0)
07/14/26 16:41:54 Event: ULOG_SUBMIT for HTCondor Node apply (9401730.335.0) {07/14/26 16:41:46}
07/14/26 16:41:54 Number of idle job procs: 264
07/14/26 16:41:54 Reassigning the id of job apply from (9401730.335.0) to (9401730.336.0)
07/14/26 16:41:54 Event: ULOG_SUBMIT for HTCondor Node apply (9401730.336.0) {07/14/26 16:41:46}
07/14/26 16:41:54 Number of idle job procs: 265
07/14/26 16:41:54 Reassigning the id of job apply from (9401730.336.0) to (9401730.337.0)
07/14/26 16:41:54 Event: ULOG_SUBMIT for HTCondor Node apply (9401730.337.0) {07/14/26 16:41:46}
07/14/26 16:41:54 Number of idle job procs: 266
07/14/26 16:41:54 Reassigning the id of job apply from (9401730.337.0) to (9401730.338.0)
07/14/26 16:41:54 Event: ULOG_SUBMIT for HTCondor Node apply (9401730.338.0) {07/14/26 16:41:46}
07/14/26 16:41:54 Number of idle job procs: 267
07/14/26 16:41:54 Reassigning the id of job apply from (9401730.338.0) to (9401730.339.0)
07/14/26 16:41:54 Event: ULOG_SUBMIT for HTCondor Node apply (9401730.339.0) {07/14/26 16:41:46}
07/14/26 16:41:54 Number of idle job procs: 268
07/14/26 16:41:54 Reassigning the id of job apply from (9401730.339.0) to (9401730.34.0)
07/14/26 16:41:54 Event: ULOG_SUBMIT for HTCondor Node apply (9401730.34.0) {07/14/26 16:41:46}
07/14/26 16:41:54 Number of idle job procs: 269
07/14/26 16:41:54 Reassigning the id of job apply from (9401730.34.0) to (9401730.340.0)
07/14/26 16:41:54 Event: ULOG_SUBMIT for HTCondor Node apply (9401730.340.0) {07/14/26 16:41:46}
07/14/26 16:41:54 Number of idle job procs: 270
07/14/26 16:41:54 Reassigning the id of job apply from (9401730.340.0) to (9401730.341.0)
07/14/26 16:41:54 Event: ULOG_SUBMIT for HTCondor Node apply (9401730.341.0) {07/14/26 16:41:46}
07/14/26 16:41:54 Number of idle job procs: 271
07/14/26 16:41:54 Reassigning the id of job apply from (9401730.341.0) to (9401730.342.0)
07/14/26 16:41:54 Event: ULOG_SUBMIT for HTCondor Node apply (9401730.342.0) {07/14/26 16:41:46}
07/14/26 16:41:54 Number of idle job procs: 272
07/14/26 16:41:54 Reassigning the id of job apply from (9401730.342.0) to (9401730.343.0)
07/14/26 16:41:54 Event: ULOG_SUBMIT for HTCondor Node apply (9401730.343.0) {07/14/26 16:41:46}
07/14/26 16:41:54 Number of idle job procs: 273
07/14/26 16:41:54 Reassigning the id of job apply from (9401730.343.0) to (9401730.344.0)
07/14/26 16:41:54 Event: ULOG_SUBMIT for HTCondor Node apply (9401730.344.0) {07/14/26 16:41:46}
07/14/26 16:41:54 Number of idle job procs: 274
07/14/26 16:41:54 Reassigning the id of job apply from (9401730.344.0) to (9401730.345.0)
07/14/26 16:41:54 Event: ULOG_SUBMIT for HTCondor Node apply (9401730.345.0) {07/14/26 16:41:46}
07/14/26 16:41:54 Number of idle job procs: 275
07/14/26 16:41:54 Reassigning the id of job apply from (9401730.345.0) to (9401730.346.0)
07/14/26 16:41:54 Event: ULOG_SUBMIT for HTCondor Node apply (9401730.346.0) {07/14/26 16:41:46}
07/14/26 16:41:54 Number of idle job procs: 276
07/14/26 16:41:54 Reassigning the id of job apply from (9401730.346.0) to (9401730.347.0)
07/14/26 16:41:54 Event: ULOG_SUBMIT for HTCondor Node apply (9401730.347.0) {07/14/26 16:41:46}
07/14/26 16:41:54 Number of idle job procs: 277
07/14/26 16:41:54 Reassigning the id of job apply from (9401730.347.0) to (9401730.348.0)
07/14/26 16:41:54 Event: ULOG_SUBMIT for HTCondor Node apply (9401730.348.0) {07/14/26 16:41:46}
07/14/26 16:41:54 Number of idle job procs: 278
07/14/26 16:41:54 Reassigning the id of job apply from (9401730.348.0) to (9401730.349.0)
07/14/26 16:41:54 Event: ULOG_SUBMIT for HTCondor Node apply (9401730.349.0) {07/14/26 16:41:46}
07/14/26 16:41:54 Number of idle job procs: 279
07/14/26 16:41:54 Reassigning the id of job apply from (9401730.349.0) to (9401730.35.0)
07/14/26 16:41:54 Event: ULOG_SUBMIT for HTCondor Node apply (9401730.35.0) {07/14/26 16:41:46}
07/14/26 16:41:54 Number of idle job procs: 280
07/14/26 16:41:54 Reassigning the id of job apply from (9401730.35.0) to (9401730.350.0)
07/14/26 16:41:54 Event: ULOG_SUBMIT for HTCondor Node apply (9401730.350.0) {07/14/26 16:41:46}
07/14/26 16:41:54 Number of idle job procs: 281
07/14/26 16:41:54 Reassigning the id of job apply from (9401730.350.0) to (9401730.351.0)
07/14/26 16:41:54 Event: ULOG_SUBMIT for HTCondor Node apply (9401730.351.0) {07/14/26 16:41:46}
07/14/26 16:41:54 Number of idle job procs: 282
07/14/26 16:41:54 Reassigning the id of job apply from (9401730.351.0) to (9401730.352.0)
07/14/26 16:41:54 Event: ULOG_SUBMIT for HTCondor Node apply (9401730.352.0) {07/14/26 16:41:46}
07/14/26 16:41:54 Number of idle job procs: 283
07/14/26 16:41:54 Reassigning the id of job apply from (9401730.352.0) to (9401730.353.0)
07/14/26 16:41:54 Event: ULOG_SUBMIT for HTCondor Node apply (9401730.353.0) {07/14/26 16:41:46}
07/14/26 16:41:54 Number of idle job procs: 284
07/14/26 16:41:54 Reassigning the id of job apply from (9401730.353.0) to (9401730.354.0)
07/14/26 16:41:54 Event: ULOG_SUBMIT for HTCondor Node apply (9401730.354.0) {07/14/26 16:41:46}
07/14/26 16:41:54 Number of idle job procs: 285
07/14/26 16:41:54 Reassigning the id of job apply from (9401730.354.0) to (9401730.355.0)
07/14/26 16:41:54 Event: ULOG_SUBMIT for HTCondor Node apply (9401730.355.0) {07/14/26 16:41:46}
07/14/26 16:41:54 Number of idle job procs: 286
07/14/26 16:41:54 Reassigning the id of job apply from (9401730.355.0) to (9401730.356.0)
07/14/26 16:41:54 Event: ULOG_SUBMIT for HTCondor Node apply (9401730.356.0) {07/14/26 16:41:46}
07/14/26 16:41:54 Number of idle job procs: 287
07/14/26 16:41:54 Reassigning the id of job apply from (9401730.356.0) to (9401730.357.0)
07/14/26 16:41:54 Event: ULOG_SUBMIT for HTCondor Node apply (9401730.357.0) {07/14/26 16:41:46}
07/14/26 16:41:54 Number of idle job procs: 288
07/14/26 16:41:54 Reassigning the id of job apply from (9401730.357.0) to (9401730.358.0)
07/14/26 16:41:54 Event: ULOG_SUBMIT for HTCondor Node apply (9401730.358.0) {07/14/26 16:41:46}
07/14/26 16:41:54 Number of idle job procs: 289
07/14/26 16:41:54 Reassigning the id of job apply from (9401730.358.0) to (9401730.359.0)
07/14/26 16:41:54 Event: ULOG_SUBMIT for HTCondor Node apply (9401730.359.0) {07/14/26 16:41:46}
07/14/26 16:41:54 Number of idle job procs: 290
07/14/26 16:41:54 Reassigning the id of job apply from (9401730.359.0) to (9401730.36.0)
07/14/26 16:41:54 Event: ULOG_SUBMIT for HTCondor Node apply (9401730.36.0) {07/14/26 16:41:46}
07/14/26 16:41:54 Number of idle job procs: 291
07/14/26 16:41:54 Reassigning the id of job apply from (9401730.36.0) to (9401730.360.0)
07/14/26 16:41:54 Event: ULOG_SUBMIT for HTCondor Node apply (9401730.360.0) {07/14/26 16:41:46}
07/14/26 16:41:54 Number of idle job procs: 292
07/14/26 16:41:54 Reassigning the id of job apply from (9401730.360.0) to (9401730.361.0)
07/14/26 16:41:54 Event: ULOG_SUBMIT for HTCondor Node apply (9401730.361.0) {07/14/26 16:41:46}
07/14/26 16:41:54 Number of idle job procs: 293
07/14/26 16:41:55 Reassigning the id of job apply from (9401730.361.0) to (9401730.362.0)
07/14/26 16:41:55 Event: ULOG_SUBMIT for HTCondor Node apply (9401730.362.0) {07/14/26 16:41:46}
07/14/26 16:41:55 Number of idle job procs: 294
07/14/26 16:41:55 Reassigning the id of job apply from (9401730.362.0) to (9401730.363.0)
07/14/26 16:41:55 Event: ULOG_SUBMIT for HTCondor Node apply (9401730.363.0) {07/14/26 16:41:46}
07/14/26 16:41:55 Number of idle job procs: 295
07/14/26 16:41:55 Reassigning the id of job apply from (9401730.363.0) to (9401730.364.0)
07/14/26 16:41:55 Event: ULOG_SUBMIT for HTCondor Node apply (9401730.364.0) {07/14/26 16:41:46}
07/14/26 16:41:55 Number of idle job procs: 296
07/14/26 16:41:55 Reassigning the id of job apply from (9401730.364.0) to (9401730.365.0)
07/14/26 16:41:55 Event: ULOG_SUBMIT for HTCondor Node apply (9401730.365.0) {07/14/26 16:41:46}
07/14/26 16:41:55 Number of idle job procs: 297
07/14/26 16:41:55 Reassigning the id of job apply from (9401730.365.0) to (9401730.366.0)
07/14/26 16:41:55 Event: ULOG_SUBMIT for HTCondor Node apply (9401730.366.0) {07/14/26 16:41:46}
07/14/26 16:41:55 Number of idle job procs: 298
07/14/26 16:41:55 Reassigning the id of job apply from (9401730.366.0) to (9401730.367.0)
07/14/26 16:41:55 Event: ULOG_SUBMIT for HTCondor Node apply (9401730.367.0) {07/14/26 16:41:46}
07/14/26 16:41:55 Number of idle job procs: 299
07/14/26 16:41:55 Reassigning the id of job apply from (9401730.367.0) to (9401730.368.0)
07/14/26 16:41:55 Event: ULOG_SUBMIT for HTCondor Node apply (9401730.368.0) {07/14/26 16:41:46}
07/14/26 16:41:55 Number of idle job procs: 300
07/14/26 16:41:55 Reassigning the id of job apply from (9401730.368.0) to (9401730.369.0)
07/14/26 16:41:55 Event: ULOG_SUBMIT for HTCondor Node apply (9401730.369.0) {07/14/26 16:41:46}
07/14/26 16:41:55 Number of idle job procs: 301
07/14/26 16:41:55 Reassigning the id of job apply from (9401730.369.0) to (9401730.37.0)
07/14/26 16:41:55 Event: ULOG_SUBMIT for HTCondor Node apply (9401730.37.0) {07/14/26 16:41:46}
07/14/26 16:41:55 Number of idle job procs: 302
07/14/26 16:41:55 Reassigning the id of job apply from (9401730.37.0) to (9401730.370.0)
07/14/26 16:41:55 Event: ULOG_SUBMIT for HTCondor Node apply (9401730.370.0) {07/14/26 16:41:46}
07/14/26 16:41:55 Number of idle job procs: 303
07/14/26 16:41:55 Reassigning the id of job apply from (9401730.370.0) to (9401730.371.0)
07/14/26 16:41:55 Event: ULOG_SUBMIT for HTCondor Node apply (9401730.371.0) {07/14/26 16:41:46}
07/14/26 16:41:55 Number of idle job procs: 304
07/14/26 16:41:55 Reassigning the id of job apply from (9401730.371.0) to (9401730.372.0)
07/14/26 16:41:55 Event: ULOG_SUBMIT for HTCondor Node apply (9401730.372.0) {07/14/26 16:41:46}
07/14/26 16:41:55 Number of idle job procs: 305
07/14/26 16:41:55 Reassigning the id of job apply from (9401730.372.0) to (9401730.373.0)
07/14/26 16:41:55 Event: ULOG_SUBMIT for HTCondor Node apply (9401730.373.0) {07/14/26 16:41:46}
07/14/26 16:41:55 Number of idle job procs: 306
07/14/26 16:41:55 Reassigning the id of job apply from (9401730.373.0) to (9401730.374.0)
07/14/26 16:41:55 Event: ULOG_SUBMIT for HTCondor Node apply (9401730.374.0) {07/14/26 16:41:46}
07/14/26 16:41:55 Number of idle job procs: 307
07/14/26 16:41:55 Reassigning the id of job apply from (9401730.374.0) to (9401730.375.0)
07/14/26 16:41:55 Event: ULOG_SUBMIT for HTCondor Node apply (9401730.375.0) {07/14/26 16:41:46}
07/14/26 16:41:55 Number of idle job procs: 308
07/14/26 16:41:55 Reassigning the id of job apply from (9401730.375.0) to (9401730.376.0)
07/14/26 16:41:55 Event: ULOG_SUBMIT for HTCondor Node apply (9401730.376.0) {07/14/26 16:41:46}
07/14/26 16:41:55 Number of idle job procs: 309
07/14/26 16:41:55 Reassigning the id of job apply from (9401730.376.0) to (9401730.377.0)
07/14/26 16:41:55 Event: ULOG_SUBMIT for HTCondor Node apply (9401730.377.0) {07/14/26 16:41:46}
07/14/26 16:41:55 Number of idle job procs: 310
07/14/26 16:41:55 Reassigning the id of job apply from (9401730.377.0) to (9401730.378.0)
07/14/26 16:41:55 Event: ULOG_SUBMIT for HTCondor Node apply (9401730.378.0) {07/14/26 16:41:46}
07/14/26 16:41:55 Number of idle job procs: 311
07/14/26 16:41:55 Reassigning the id of job apply from (9401730.378.0) to (9401730.379.0)
07/14/26 16:41:55 Event: ULOG_SUBMIT for HTCondor Node apply (9401730.379.0) {07/14/26 16:41:46}
07/14/26 16:41:55 Number of idle job procs: 312
07/14/26 16:41:55 Reassigning the id of job apply from (9401730.379.0) to (9401730.38.0)
07/14/26 16:41:55 Event: ULOG_SUBMIT for HTCondor Node apply (9401730.38.0) {07/14/26 16:41:46}
07/14/26 16:41:55 Number of idle job procs: 313
07/14/26 16:41:55 Reassigning the id of job apply from (9401730.38.0) to (9401730.380.0)
07/14/26 16:41:55 Event: ULOG_SUBMIT for HTCondor Node apply (9401730.380.0) {07/14/26 16:41:46}
07/14/26 16:41:55 Number of idle job procs: 314
07/14/26 16:41:55 Reassigning the id of job apply from (9401730.380.0) to (9401730.381.0)
07/14/26 16:41:55 Event: ULOG_SUBMIT for HTCondor Node apply (9401730.381.0) {07/14/26 16:41:46}
07/14/26 16:41:55 Number of idle job procs: 315
07/14/26 16:41:55 Reassigning the id of job apply from (9401730.381.0) to (9401730.382.0)
07/14/26 16:41:55 Event: ULOG_SUBMIT for HTCondor Node apply (9401730.382.0) {07/14/26 16:41:46}
07/14/26 16:41:55 Number of idle job procs: 316
07/14/26 16:41:55 Reassigning the id of job apply from (9401730.382.0) to (9401730.383.0)
07/14/26 16:41:55 Event: ULOG_SUBMIT for HTCondor Node apply (9401730.383.0) {07/14/26 16:41:46}
07/14/26 16:41:55 Number of idle job procs: 317
07/14/26 16:41:55 Reassigning the id of job apply from (9401730.383.0) to (9401730.384.0)
07/14/26 16:41:55 Event: ULOG_SUBMIT for HTCondor Node apply (9401730.384.0) {07/14/26 16:41:46}
07/14/26 16:41:55 Number of idle job procs: 318
07/14/26 16:41:55 Reassigning the id of job apply from (9401730.384.0) to (9401730.385.0)
07/14/26 16:41:55 Event: ULOG_SUBMIT for HTCondor Node apply (9401730.385.0) {07/14/26 16:41:46}
07/14/26 16:41:55 Number of idle job procs: 319
07/14/26 16:41:55 Reassigning the id of job apply from (9401730.385.0) to (9401730.386.0)
07/14/26 16:41:55 Event: ULOG_SUBMIT for HTCondor Node apply (9401730.386.0) {07/14/26 16:41:46}
07/14/26 16:41:55 Number of idle job procs: 320
07/14/26 16:41:55 Reassigning the id of job apply from (9401730.386.0) to (9401730.387.0)
07/14/26 16:41:55 Event: ULOG_SUBMIT for HTCondor Node apply (9401730.387.0) {07/14/26 16:41:46}
07/14/26 16:41:55 Number of idle job procs: 321
07/14/26 16:41:55 Reassigning the id of job apply from (9401730.387.0) to (9401730.388.0)
07/14/26 16:41:55 Event: ULOG_SUBMIT for HTCondor Node apply (9401730.388.0) {07/14/26 16:41:46}
07/14/26 16:41:55 Number of idle job procs: 322
07/14/26 16:41:55 Reassigning the id of job apply from (9401730.388.0) to (9401730.389.0)
07/14/26 16:41:55 Event: ULOG_SUBMIT for HTCondor Node apply (9401730.389.0) {07/14/26 16:41:46}
07/14/26 16:41:55 Number of idle job procs: 323
07/14/26 16:41:55 Reassigning the id of job apply from (9401730.389.0) to (9401730.39.0)
07/14/26 16:41:55 Event: ULOG_SUBMIT for HTCondor Node apply (9401730.39.0) {07/14/26 16:41:46}
07/14/26 16:41:55 Number of idle job procs: 324
07/14/26 16:41:55 Reassigning the id of job apply from (9401730.39.0) to (9401730.390.0)
07/14/26 16:41:55 Event: ULOG_SUBMIT for HTCondor Node apply (9401730.390.0) {07/14/26 16:41:46}
07/14/26 16:41:55 Number of idle job procs: 325
07/14/26 16:41:55 Reassigning the id of job apply from (9401730.390.0) to (9401730.391.0)
07/14/26 16:41:55 Event: ULOG_SUBMIT for HTCondor Node apply (9401730.391.0) {07/14/26 16:41:46}
07/14/26 16:41:55 Number of idle job procs: 326
07/14/26 16:41:55 Reassigning the id of job apply from (9401730.391.0) to (9401730.392.0)
07/14/26 16:41:55 Event: ULOG_SUBMIT for HTCondor Node apply (9401730.392.0) {07/14/26 16:41:46}
07/14/26 16:41:55 Number of idle job procs: 327
07/14/26 16:41:55 Reassigning the id of job apply from (9401730.392.0) to (9401730.393.0)
07/14/26 16:41:55 Event: ULOG_SUBMIT for HTCondor Node apply (9401730.393.0) {07/14/26 16:41:46}
07/14/26 16:41:55 Number of idle job procs: 328
07/14/26 16:41:55 Reassigning the id of job apply from (9401730.393.0) to (9401730.394.0)
07/14/26 16:41:55 Event: ULOG_SUBMIT for HTCondor Node apply (9401730.394.0) {07/14/26 16:41:46}
07/14/26 16:41:55 Number of idle job procs: 329
07/14/26 16:41:55 Reassigning the id of job apply from (9401730.394.0) to (9401730.395.0)
07/14/26 16:41:55 Event: ULOG_SUBMIT for HTCondor Node apply (9401730.395.0) {07/14/26 16:41:46}
07/14/26 16:41:55 Number of idle job procs: 330
07/14/26 16:41:55 Reassigning the id of job apply from (9401730.395.0) to (9401730.396.0)
07/14/26 16:41:55 Event: ULOG_SUBMIT for HTCondor Node apply (9401730.396.0) {07/14/26 16:41:46}
07/14/26 16:41:55 Number of idle job procs: 331
07/14/26 16:41:55 Reassigning the id of job apply from (9401730.396.0) to (9401730.397.0)
07/14/26 16:41:55 Event: ULOG_SUBMIT for HTCondor Node apply (9401730.397.0) {07/14/26 16:41:46}
07/14/26 16:41:55 Number of idle job procs: 332
07/14/26 16:41:55 Reassigning the id of job apply from (9401730.397.0) to (9401730.398.0)
07/14/26 16:41:55 Event: ULOG_SUBMIT for HTCondor Node apply (9401730.398.0) {07/14/26 16:41:46}
07/14/26 16:41:55 Number of idle job procs: 333
07/14/26 16:41:55 Reassigning the id of job apply from (9401730.398.0) to (9401730.399.0)
07/14/26 16:41:55 Event: ULOG_SUBMIT for HTCondor Node apply (9401730.399.0) {07/14/26 16:41:46}
07/14/26 16:41:55 Number of idle job procs: 334
07/14/26 16:41:55 Reassigning the id of job apply from (9401730.399.0) to (9401730.4.0)
07/14/26 16:41:55 Event: ULOG_SUBMIT for HTCondor Node apply (9401730.4.0) {07/14/26 16:41:46}
07/14/26 16:41:55 Number of idle job procs: 335
07/14/26 16:41:55 Reassigning the id of job apply from (9401730.4.0) to (9401730.40.0)
07/14/26 16:41:55 Event: ULOG_SUBMIT for HTCondor Node apply (9401730.40.0) {07/14/26 16:41:46}
07/14/26 16:41:55 Number of idle job procs: 336
07/14/26 16:41:55 Reassigning the id of job apply from (9401730.40.0) to (9401730.400.0)
07/14/26 16:41:55 Event: ULOG_SUBMIT for HTCondor Node apply (9401730.400.0) {07/14/26 16:41:46}
07/14/26 16:41:55 Number of idle job procs: 337
07/14/26 16:41:55 Reassigning the id of job apply from (9401730.400.0) to (9401730.401.0)
07/14/26 16:41:55 Event: ULOG_SUBMIT for HTCondor Node apply (9401730.401.0) {07/14/26 16:41:46}
07/14/26 16:41:55 Number of idle job procs: 338
07/14/26 16:41:55 Reassigning the id of job apply from (9401730.401.0) to (9401730.402.0)
07/14/26 16:41:55 Event: ULOG_SUBMIT for HTCondor Node apply (9401730.402.0) {07/14/26 16:41:46}
07/14/26 16:41:55 Number of idle job procs: 339
07/14/26 16:41:55 Reassigning the id of job apply from (9401730.402.0) to (9401730.403.0)
07/14/26 16:41:55 Event: ULOG_SUBMIT for HTCondor Node apply (9401730.403.0) {07/14/26 16:41:46}
07/14/26 16:41:55 Number of idle job procs: 340
07/14/26 16:41:55 Reassigning the id of job apply from (9401730.403.0) to (9401730.404.0)
07/14/26 16:41:55 Event: ULOG_SUBMIT for HTCondor Node apply (9401730.404.0) {07/14/26 16:41:46}
07/14/26 16:41:55 Number of idle job procs: 341
07/14/26 16:41:55 Reassigning the id of job apply from (9401730.404.0) to (9401730.405.0)
07/14/26 16:41:55 Event: ULOG_SUBMIT for HTCondor Node apply (9401730.405.0) {07/14/26 16:41:46}
07/14/26 16:41:55 Number of idle job procs: 342
07/14/26 16:41:55 Reassigning the id of job apply from (9401730.405.0) to (9401730.406.0)
07/14/26 16:41:55 Event: ULOG_SUBMIT for HTCondor Node apply (9401730.406.0) {07/14/26 16:41:46}
07/14/26 16:41:55 Number of idle job procs: 343
07/14/26 16:41:55 Reassigning the id of job apply from (9401730.406.0) to (9401730.407.0)
07/14/26 16:41:55 Event: ULOG_SUBMIT for HTCondor Node apply (9401730.407.0) {07/14/26 16:41:46}
07/14/26 16:41:55 Number of idle job procs: 344
07/14/26 16:41:55 Reassigning the id of job apply from (9401730.407.0) to (9401730.408.0)
07/14/26 16:41:55 Event: ULOG_SUBMIT for HTCondor Node apply (9401730.408.0) {07/14/26 16:41:46}
07/14/26 16:41:55 Number of idle job procs: 345
07/14/26 16:41:55 Reassigning the id of job apply from (9401730.408.0) to (9401730.409.0)
07/14/26 16:41:55 Event: ULOG_SUBMIT for HTCondor Node apply (9401730.409.0) {07/14/26 16:41:46}
07/14/26 16:41:55 Number of idle job procs: 346
07/14/26 16:41:55 Reassigning the id of job apply from (9401730.409.0) to (9401730.41.0)
07/14/26 16:41:55 Event: ULOG_SUBMIT for HTCondor Node apply (9401730.41.0) {07/14/26 16:41:46}
07/14/26 16:41:55 Number of idle job procs: 347
07/14/26 16:41:55 Reassigning the id of job apply from (9401730.41.0) to (9401730.410.0)
07/14/26 16:41:55 Event: ULOG_SUBMIT for HTCondor Node apply (9401730.410.0) {07/14/26 16:41:46}
07/14/26 16:41:55 Number of idle job procs: 348
07/14/26 16:41:55 Reassigning the id of job apply from (9401730.410.0) to (9401730.411.0)
07/14/26 16:41:55 Event: ULOG_SUBMIT for HTCondor Node apply (9401730.411.0) {07/14/26 16:41:46}
07/14/26 16:41:55 Number of idle job procs: 349
07/14/26 16:41:55 Reassigning the id of job apply from (9401730.411.0) to (9401730.412.0)
07/14/26 16:41:55 Event: ULOG_SUBMIT for HTCondor Node apply (9401730.412.0) {07/14/26 16:41:46}
07/14/26 16:41:55 Number of idle job procs: 350
07/14/26 16:41:55 Reassigning the id of job apply from (9401730.412.0) to (9401730.413.0)
07/14/26 16:41:55 Event: ULOG_SUBMIT for HTCondor Node apply (9401730.413.0) {07/14/26 16:41:46}
07/14/26 16:41:55 Number of idle job procs: 351
07/14/26 16:41:55 Reassigning the id of job apply from (9401730.413.0) to (9401730.414.0)
07/14/26 16:41:55 Event: ULOG_SUBMIT for HTCondor Node apply (9401730.414.0) {07/14/26 16:41:46}
07/14/26 16:41:55 Number of idle job procs: 352
07/14/26 16:41:55 Reassigning the id of job apply from (9401730.414.0) to (9401730.415.0)
07/14/26 16:41:55 Event: ULOG_SUBMIT for HTCondor Node apply (9401730.415.0) {07/14/26 16:41:46}
07/14/26 16:41:55 Number of idle job procs: 353
07/14/26 16:41:55 Reassigning the id of job apply from (9401730.415.0) to (9401730.416.0)
07/14/26 16:41:55 Event: ULOG_SUBMIT for HTCondor Node apply (9401730.416.0) {07/14/26 16:41:46}
07/14/26 16:41:55 Number of idle job procs: 354
07/14/26 16:41:55 Reassigning the id of job apply from (9401730.416.0) to (9401730.417.0)
07/14/26 16:41:55 Event: ULOG_SUBMIT for HTCondor Node apply (9401730.417.0) {07/14/26 16:41:46}
07/14/26 16:41:55 Number of idle job procs: 355
07/14/26 16:41:55 Reassigning the id of job apply from (9401730.417.0) to (9401730.418.0)
07/14/26 16:41:55 Event: ULOG_SUBMIT for HTCondor Node apply (9401730.418.0) {07/14/26 16:41:46}
07/14/26 16:41:55 Number of idle job procs: 356
07/14/26 16:41:55 Reassigning the id of job apply from (9401730.418.0) to (9401730.419.0)
07/14/26 16:41:55 Event: ULOG_SUBMIT for HTCondor Node apply (9401730.419.0) {07/14/26 16:41:46}
07/14/26 16:41:55 Number of idle job procs: 357
07/14/26 16:41:55 Reassigning the id of job apply from (9401730.419.0) to (9401730.42.0)
07/14/26 16:41:55 Event: ULOG_SUBMIT for HTCondor Node apply (9401730.42.0) {07/14/26 16:41:46}
07/14/26 16:41:55 Number of idle job procs: 358
07/14/26 16:41:55 Reassigning the id of job apply from (9401730.42.0) to (9401730.420.0)
07/14/26 16:41:55 Event: ULOG_SUBMIT for HTCondor Node apply (9401730.420.0) {07/14/26 16:41:46}
07/14/26 16:41:55 Number of idle job procs: 359
07/14/26 16:41:55 Reassigning the id of job apply from (9401730.420.0) to (9401730.421.0)
07/14/26 16:41:55 Event: ULOG_SUBMIT for HTCondor Node apply (9401730.421.0) {07/14/26 16:41:46}
07/14/26 16:41:55 Number of idle job procs: 360
07/14/26 16:41:55 Reassigning the id of job apply from (9401730.421.0) to (9401730.422.0)
07/14/26 16:41:55 Event: ULOG_SUBMIT for HTCondor Node apply (9401730.422.0) {07/14/26 16:41:46}
07/14/26 16:41:55 Number of idle job procs: 361
07/14/26 16:41:55 Reassigning the id of job apply from (9401730.422.0) to (9401730.423.0)
07/14/26 16:41:55 Event: ULOG_SUBMIT for HTCondor Node apply (9401730.423.0) {07/14/26 16:41:46}
07/14/26 16:41:55 Number of idle job procs: 362
07/14/26 16:41:55 Reassigning the id of job apply from (9401730.423.0) to (9401730.424.0)
07/14/26 16:41:55 Event: ULOG_SUBMIT for HTCondor Node apply (9401730.424.0) {07/14/26 16:41:46}
07/14/26 16:41:55 Number of idle job procs: 363
07/14/26 16:41:55 Reassigning the id of job apply from (9401730.424.0) to (9401730.425.0)
07/14/26 16:41:55 Event: ULOG_SUBMIT for HTCondor Node apply (9401730.425.0) {07/14/26 16:41:46}
07/14/26 16:41:55 Number of idle job procs: 364
07/14/26 16:41:55 Reassigning the id of job apply from (9401730.425.0) to (9401730.426.0)
07/14/26 16:41:55 Event: ULOG_SUBMIT for HTCondor Node apply (9401730.426.0) {07/14/26 16:41:46}
07/14/26 16:41:55 Number of idle job procs: 365
07/14/26 16:41:55 Reassigning the id of job apply from (9401730.426.0) to (9401730.427.0)
07/14/26 16:41:55 Event: ULOG_SUBMIT for HTCondor Node apply (9401730.427.0) {07/14/26 16:41:46}
07/14/26 16:41:55 Number of idle job procs: 366
07/14/26 16:41:55 Reassigning the id of job apply from (9401730.427.0) to (9401730.428.0)
07/14/26 16:41:55 Event: ULOG_SUBMIT for HTCondor Node apply (9401730.428.0) {07/14/26 16:41:46}
07/14/26 16:41:55 Number of idle job procs: 367
07/14/26 16:41:55 Reassigning the id of job apply from (9401730.428.0) to (9401730.429.0)
07/14/26 16:41:55 Event: ULOG_SUBMIT for HTCondor Node apply (9401730.429.0) {07/14/26 16:41:46}
07/14/26 16:41:55 Number of idle job procs: 368
07/14/26 16:41:55 Reassigning the id of job apply from (9401730.429.0) to (9401730.43.0)
07/14/26 16:41:55 Event: ULOG_SUBMIT for HTCondor Node apply (9401730.43.0) {07/14/26 16:41:46}
07/14/26 16:41:56 Number of idle job procs: 369
07/14/26 16:41:56 Reassigning the id of job apply from (9401730.43.0) to (9401730.430.0)
07/14/26 16:41:56 Event: ULOG_SUBMIT for HTCondor Node apply (9401730.430.0) {07/14/26 16:41:46}
07/14/26 16:41:56 Number of idle job procs: 370
07/14/26 16:41:56 Reassigning the id of job apply from (9401730.430.0) to (9401730.431.0)
07/14/26 16:41:56 Event: ULOG_SUBMIT for HTCondor Node apply (9401730.431.0) {07/14/26 16:41:46}
07/14/26 16:41:56 Number of idle job procs: 371
07/14/26 16:41:56 Reassigning the id of job apply from (9401730.431.0) to (9401730.432.0)
07/14/26 16:41:56 Event: ULOG_SUBMIT for HTCondor Node apply (9401730.432.0) {07/14/26 16:41:46}
07/14/26 16:41:56 Number of idle job procs: 372
07/14/26 16:41:56 Reassigning the id of job apply from (9401730.432.0) to (9401730.433.0)
07/14/26 16:41:56 Event: ULOG_SUBMIT for HTCondor Node apply (9401730.433.0) {07/14/26 16:41:46}
07/14/26 16:41:56 Number of idle job procs: 373
07/14/26 16:41:56 Reassigning the id of job apply from (9401730.433.0) to (9401730.434.0)
07/14/26 16:41:56 Event: ULOG_SUBMIT for HTCondor Node apply (9401730.434.0) {07/14/26 16:41:46}
07/14/26 16:41:56 Number of idle job procs: 374
07/14/26 16:41:56 Reassigning the id of job apply from (9401730.434.0) to (9401730.435.0)
07/14/26 16:41:56 Event: ULOG_SUBMIT for HTCondor Node apply (9401730.435.0) {07/14/26 16:41:46}
07/14/26 16:41:56 Number of idle job procs: 375
07/14/26 16:41:56 Reassigning the id of job apply from (9401730.435.0) to (9401730.436.0)
07/14/26 16:41:56 Event: ULOG_SUBMIT for HTCondor Node apply (9401730.436.0) {07/14/26 16:41:46}
07/14/26 16:41:56 Number of idle job procs: 376
07/14/26 16:41:56 Reassigning the id of job apply from (9401730.436.0) to (9401730.437.0)
07/14/26 16:41:56 Event: ULOG_SUBMIT for HTCondor Node apply (9401730.437.0) {07/14/26 16:41:46}
07/14/26 16:41:56 Number of idle job procs: 377
07/14/26 16:41:56 Reassigning the id of job apply from (9401730.437.0) to (9401730.438.0)
07/14/26 16:41:56 Event: ULOG_SUBMIT for HTCondor Node apply (9401730.438.0) {07/14/26 16:41:46}
07/14/26 16:41:56 Number of idle job procs: 378
07/14/26 16:41:56 Reassigning the id of job apply from (9401730.438.0) to (9401730.439.0)
07/14/26 16:41:56 Event: ULOG_SUBMIT for HTCondor Node apply (9401730.439.0) {07/14/26 16:41:46}
07/14/26 16:41:56 Number of idle job procs: 379
07/14/26 16:41:56 Reassigning the id of job apply from (9401730.439.0) to (9401730.44.0)
07/14/26 16:41:56 Event: ULOG_SUBMIT for HTCondor Node apply (9401730.44.0) {07/14/26 16:41:46}
07/14/26 16:41:56 Number of idle job procs: 380
07/14/26 16:41:56 Reassigning the id of job apply from (9401730.44.0) to (9401730.440.0)
07/14/26 16:41:56 Event: ULOG_SUBMIT for HTCondor Node apply (9401730.440.0) {07/14/26 16:41:46}
07/14/26 16:41:56 Number of idle job procs: 381
07/14/26 16:41:56 Reassigning the id of job apply from (9401730.440.0) to (9401730.441.0)
07/14/26 16:41:56 Event: ULOG_SUBMIT for HTCondor Node apply (9401730.441.0) {07/14/26 16:41:46}
07/14/26 16:41:56 Number of idle job procs: 382
07/14/26 16:41:56 Reassigning the id of job apply from (9401730.441.0) to (9401730.442.0)
07/14/26 16:41:56 Event: ULOG_SUBMIT for HTCondor Node apply (9401730.442.0) {07/14/26 16:41:46}
07/14/26 16:41:56 Number of idle job procs: 383
07/14/26 16:41:56 Reassigning the id of job apply from (9401730.442.0) to (9401730.443.0)
07/14/26 16:41:56 Event: ULOG_SUBMIT for HTCondor Node apply (9401730.443.0) {07/14/26 16:41:46}
07/14/26 16:41:56 Number of idle job procs: 384
07/14/26 16:41:56 Reassigning the id of job apply from (9401730.443.0) to (9401730.444.0)
07/14/26 16:41:56 Event: ULOG_SUBMIT for HTCondor Node apply (9401730.444.0) {07/14/26 16:41:46}
07/14/26 16:41:56 Number of idle job procs: 385
07/14/26 16:41:56 Reassigning the id of job apply from (9401730.444.0) to (9401730.445.0)
07/14/26 16:41:56 Event: ULOG_SUBMIT for HTCondor Node apply (9401730.445.0) {07/14/26 16:41:46}
07/14/26 16:41:56 Number of idle job procs: 386
07/14/26 16:41:56 Reassigning the id of job apply from (9401730.445.0) to (9401730.446.0)
07/14/26 16:41:56 Event: ULOG_SUBMIT for HTCondor Node apply (9401730.446.0) {07/14/26 16:41:46}
07/14/26 16:41:56 Number of idle job procs: 387
07/14/26 16:41:56 Reassigning the id of job apply from (9401730.446.0) to (9401730.447.0)
07/14/26 16:41:56 Event: ULOG_SUBMIT for HTCondor Node apply (9401730.447.0) {07/14/26 16:41:46}
07/14/26 16:41:56 Number of idle job procs: 388
07/14/26 16:41:56 Reassigning the id of job apply from (9401730.447.0) to (9401730.448.0)
07/14/26 16:41:56 Event: ULOG_SUBMIT for HTCondor Node apply (9401730.448.0) {07/14/26 16:41:46}
07/14/26 16:41:56 Number of idle job procs: 389
07/14/26 16:41:56 Reassigning the id of job apply from (9401730.448.0) to (9401730.449.0)
07/14/26 16:41:56 Event: ULOG_SUBMIT for HTCondor Node apply (9401730.449.0) {07/14/26 16:41:46}
07/14/26 16:41:56 Number of idle job procs: 390
07/14/26 16:41:56 Reassigning the id of job apply from (9401730.449.0) to (9401730.45.0)
07/14/26 16:41:56 Event: ULOG_SUBMIT for HTCondor Node apply (9401730.45.0) {07/14/26 16:41:46}
07/14/26 16:41:56 Number of idle job procs: 391
07/14/26 16:41:56 Reassigning the id of job apply from (9401730.45.0) to (9401730.450.0)
07/14/26 16:41:56 Event: ULOG_SUBMIT for HTCondor Node apply (9401730.450.0) {07/14/26 16:41:46}
07/14/26 16:41:56 Number of idle job procs: 392
07/14/26 16:41:56 Reassigning the id of job apply from (9401730.450.0) to (9401730.451.0)
07/14/26 16:41:56 Event: ULOG_SUBMIT for HTCondor Node apply (9401730.451.0) {07/14/26 16:41:47}
07/14/26 16:41:56 Number of idle job procs: 393
07/14/26 16:41:56 Reassigning the id of job apply from (9401730.451.0) to (9401730.452.0)
07/14/26 16:41:56 Event: ULOG_SUBMIT for HTCondor Node apply (9401730.452.0) {07/14/26 16:41:47}
07/14/26 16:41:56 Number of idle job procs: 394
07/14/26 16:41:56 Reassigning the id of job apply from (9401730.452.0) to (9401730.453.0)
07/14/26 16:41:56 Event: ULOG_SUBMIT for HTCondor Node apply (9401730.453.0) {07/14/26 16:41:47}
07/14/26 16:41:56 Number of idle job procs: 395
07/14/26 16:41:56 Reassigning the id of job apply from (9401730.453.0) to (9401730.454.0)
07/14/26 16:41:56 Event: ULOG_SUBMIT for HTCondor Node apply (9401730.454.0) {07/14/26 16:41:47}
07/14/26 16:41:56 Number of idle job procs: 396
07/14/26 16:41:56 Reassigning the id of job apply from (9401730.454.0) to (9401730.455.0)
07/14/26 16:41:56 Event: ULOG_SUBMIT for HTCondor Node apply (9401730.455.0) {07/14/26 16:41:47}
07/14/26 16:41:56 Number of idle job procs: 397
07/14/26 16:41:56 Reassigning the id of job apply from (9401730.455.0) to (9401730.456.0)
07/14/26 16:41:56 Event: ULOG_SUBMIT for HTCondor Node apply (9401730.456.0) {07/14/26 16:41:47}
07/14/26 16:41:56 Number of idle job procs: 398
07/14/26 16:41:56 Reassigning the id of job apply from (9401730.456.0) to (9401730.457.0)
07/14/26 16:41:56 Event: ULOG_SUBMIT for HTCondor Node apply (9401730.457.0) {07/14/26 16:41:47}
07/14/26 16:41:56 Number of idle job procs: 399
07/14/26 16:41:56 Reassigning the id of job apply from (9401730.457.0) to (9401730.458.0)
07/14/26 16:41:56 Event: ULOG_SUBMIT for HTCondor Node apply (9401730.458.0) {07/14/26 16:41:47}
07/14/26 16:41:56 Number of idle job procs: 400
07/14/26 16:41:56 Reassigning the id of job apply from (9401730.458.0) to (9401730.459.0)
07/14/26 16:41:56 Event: ULOG_SUBMIT for HTCondor Node apply (9401730.459.0) {07/14/26 16:41:47}
07/14/26 16:41:56 Number of idle job procs: 401
07/14/26 16:41:56 Reassigning the id of job apply from (9401730.459.0) to (9401730.46.0)
07/14/26 16:41:56 Event: ULOG_SUBMIT for HTCondor Node apply (9401730.46.0) {07/14/26 16:41:47}
07/14/26 16:41:56 Number of idle job procs: 402
07/14/26 16:41:56 Reassigning the id of job apply from (9401730.46.0) to (9401730.460.0)
07/14/26 16:41:56 Event: ULOG_SUBMIT for HTCondor Node apply (9401730.460.0) {07/14/26 16:41:47}
07/14/26 16:41:56 Number of idle job procs: 403
07/14/26 16:41:56 Reassigning the id of job apply from (9401730.460.0) to (9401730.461.0)
07/14/26 16:41:56 Event: ULOG_SUBMIT for HTCondor Node apply (9401730.461.0) {07/14/26 16:41:47}
07/14/26 16:41:56 Number of idle job procs: 404
07/14/26 16:41:56 Reassigning the id of job apply from (9401730.461.0) to (9401730.462.0)
07/14/26 16:41:56 Event: ULOG_SUBMIT for HTCondor Node apply (9401730.462.0) {07/14/26 16:41:47}
07/14/26 16:41:56 Number of idle job procs: 405
07/14/26 16:41:56 Reassigning the id of job apply from (9401730.462.0) to (9401730.463.0)
07/14/26 16:41:56 Event: ULOG_SUBMIT for HTCondor Node apply (9401730.463.0) {07/14/26 16:41:47}
07/14/26 16:41:56 Number of idle job procs: 406
07/14/26 16:41:56 Reassigning the id of job apply from (9401730.463.0) to (9401730.464.0)
07/14/26 16:41:56 Event: ULOG_SUBMIT for HTCondor Node apply (9401730.464.0) {07/14/26 16:41:47}
07/14/26 16:41:56 Number of idle job procs: 407
07/14/26 16:41:56 Reassigning the id of job apply from (9401730.464.0) to (9401730.465.0)
07/14/26 16:41:56 Event: ULOG_SUBMIT for HTCondor Node apply (9401730.465.0) {07/14/26 16:41:47}
07/14/26 16:41:56 Number of idle job procs: 408
07/14/26 16:41:56 Reassigning the id of job apply from (9401730.465.0) to (9401730.466.0)
07/14/26 16:41:56 Event: ULOG_SUBMIT for HTCondor Node apply (9401730.466.0) {07/14/26 16:41:47}
07/14/26 16:41:56 Number of idle job procs: 409
07/14/26 16:41:56 Reassigning the id of job apply from (9401730.466.0) to (9401730.467.0)
07/14/26 16:41:56 Event: ULOG_SUBMIT for HTCondor Node apply (9401730.467.0) {07/14/26 16:41:47}
07/14/26 16:41:56 Number of idle job procs: 410
07/14/26 16:41:56 Reassigning the id of job apply from (9401730.467.0) to (9401730.468.0)
07/14/26 16:41:56 Event: ULOG_SUBMIT for HTCondor Node apply (9401730.468.0) {07/14/26 16:41:47}
07/14/26 16:41:56 Number of idle job procs: 411
07/14/26 16:41:56 Reassigning the id of job apply from (9401730.468.0) to (9401730.469.0)
07/14/26 16:41:56 Event: ULOG_SUBMIT for HTCondor Node apply (9401730.469.0) {07/14/26 16:41:47}
07/14/26 16:41:56 Number of idle job procs: 412
07/14/26 16:41:56 Reassigning the id of job apply from (9401730.469.0) to (9401730.47.0)
07/14/26 16:41:56 Event: ULOG_SUBMIT for HTCondor Node apply (9401730.47.0) {07/14/26 16:41:47}
07/14/26 16:41:56 Number of idle job procs: 413
07/14/26 16:41:56 Reassigning the id of job apply from (9401730.47.0) to (9401730.470.0)
07/14/26 16:41:56 Event: ULOG_SUBMIT for HTCondor Node apply (9401730.470.0) {07/14/26 16:41:47}
07/14/26 16:41:56 Number of idle job procs: 414
07/14/26 16:41:56 Reassigning the id of job apply from (9401730.470.0) to (9401730.471.0)
07/14/26 16:41:56 Event: ULOG_SUBMIT for HTCondor Node apply (9401730.471.0) {07/14/26 16:41:47}
07/14/26 16:41:56 Number of idle job procs: 415
07/14/26 16:41:56 Reassigning the id of job apply from (9401730.471.0) to (9401730.472.0)
07/14/26 16:41:56 Event: ULOG_SUBMIT for HTCondor Node apply (9401730.472.0) {07/14/26 16:41:47}
07/14/26 16:41:56 Number of idle job procs: 416
07/14/26 16:41:56 Reassigning the id of job apply from (9401730.472.0) to (9401730.473.0)
07/14/26 16:41:56 Event: ULOG_SUBMIT for HTCondor Node apply (9401730.473.0) {07/14/26 16:41:47}
07/14/26 16:41:56 Number of idle job procs: 417
07/14/26 16:41:56 Reassigning the id of job apply from (9401730.473.0) to (9401730.474.0)
07/14/26 16:41:56 Event: ULOG_SUBMIT for HTCondor Node apply (9401730.474.0) {07/14/26 16:41:47}
07/14/26 16:41:56 Number of idle job procs: 418
07/14/26 16:41:56 Reassigning the id of job apply from (9401730.474.0) to (9401730.475.0)
07/14/26 16:41:56 Event: ULOG_SUBMIT for HTCondor Node apply (9401730.475.0) {07/14/26 16:41:47}
07/14/26 16:41:56 Number of idle job procs: 419
07/14/26 16:41:56 Reassigning the id of job apply from (9401730.475.0) to (9401730.476.0)
07/14/26 16:41:56 Event: ULOG_SUBMIT for HTCondor Node apply (9401730.476.0) {07/14/26 16:41:47}
07/14/26 16:41:56 Number of idle job procs: 420
07/14/26 16:41:56 Reassigning the id of job apply from (9401730.476.0) to (9401730.477.0)
07/14/26 16:41:56 Event: ULOG_SUBMIT for HTCondor Node apply (9401730.477.0) {07/14/26 16:41:47}
07/14/26 16:41:56 Number of idle job procs: 421
07/14/26 16:41:56 Reassigning the id of job apply from (9401730.477.0) to (9401730.478.0)
07/14/26 16:41:56 Event: ULOG_SUBMIT for HTCondor Node apply (9401730.478.0) {07/14/26 16:41:47}
07/14/26 16:41:56 Number of idle job procs: 422
07/14/26 16:41:56 Reassigning the id of job apply from (9401730.478.0) to (9401730.479.0)
07/14/26 16:41:56 Event: ULOG_SUBMIT for HTCondor Node apply (9401730.479.0) {07/14/26 16:41:47}
07/14/26 16:41:56 Number of idle job procs: 423
07/14/26 16:41:56 Reassigning the id of job apply from (9401730.479.0) to (9401730.48.0)
07/14/26 16:41:56 Event: ULOG_SUBMIT for HTCondor Node apply (9401730.48.0) {07/14/26 16:41:47}
07/14/26 16:41:56 Number of idle job procs: 424
07/14/26 16:41:56 Reassigning the id of job apply from (9401730.48.0) to (9401730.480.0)
07/14/26 16:41:56 Event: ULOG_SUBMIT for HTCondor Node apply (9401730.480.0) {07/14/26 16:41:47}
07/14/26 16:41:56 Number of idle job procs: 425
07/14/26 16:41:56 Reassigning the id of job apply from (9401730.480.0) to (9401730.481.0)
07/14/26 16:41:56 Event: ULOG_SUBMIT for HTCondor Node apply (9401730.481.0) {07/14/26 16:41:47}
07/14/26 16:41:56 Number of idle job procs: 426
07/14/26 16:41:56 Reassigning the id of job apply from (9401730.481.0) to (9401730.482.0)
07/14/26 16:41:56 Event: ULOG_SUBMIT for HTCondor Node apply (9401730.482.0) {07/14/26 16:41:47}
07/14/26 16:41:56 Number of idle job procs: 427
07/14/26 16:41:56 Reassigning the id of job apply from (9401730.482.0) to (9401730.483.0)
07/14/26 16:41:56 Event: ULOG_SUBMIT for HTCondor Node apply (9401730.483.0) {07/14/26 16:41:47}
07/14/26 16:41:56 Number of idle job procs: 428
07/14/26 16:41:56 Reassigning the id of job apply from (9401730.483.0) to (9401730.484.0)
07/14/26 16:41:56 Event: ULOG_SUBMIT for HTCondor Node apply (9401730.484.0) {07/14/26 16:41:47}
07/14/26 16:41:56 Number of idle job procs: 429
07/14/26 16:41:56 Reassigning the id of job apply from (9401730.484.0) to (9401730.485.0)
07/14/26 16:41:56 Event: ULOG_SUBMIT for HTCondor Node apply (9401730.485.0) {07/14/26 16:41:47}
07/14/26 16:41:56 Number of idle job procs: 430
07/14/26 16:41:56 Reassigning the id of job apply from (9401730.485.0) to (9401730.486.0)
07/14/26 16:41:56 Event: ULOG_SUBMIT for HTCondor Node apply (9401730.486.0) {07/14/26 16:41:47}
07/14/26 16:41:56 Number of idle job procs: 431
07/14/26 16:41:56 Reassigning the id of job apply from (9401730.486.0) to (9401730.487.0)
07/14/26 16:41:56 Event: ULOG_SUBMIT for HTCondor Node apply (9401730.487.0) {07/14/26 16:41:47}
07/14/26 16:41:56 Number of idle job procs: 432
07/14/26 16:41:56 Reassigning the id of job apply from (9401730.487.0) to (9401730.488.0)
07/14/26 16:41:56 Event: ULOG_SUBMIT for HTCondor Node apply (9401730.488.0) {07/14/26 16:41:47}
07/14/26 16:41:56 Number of idle job procs: 433
07/14/26 16:41:56 Reassigning the id of job apply from (9401730.488.0) to (9401730.489.0)
07/14/26 16:41:56 Event: ULOG_SUBMIT for HTCondor Node apply (9401730.489.0) {07/14/26 16:41:47}
07/14/26 16:41:56 Number of idle job procs: 434
07/14/26 16:41:56 Reassigning the id of job apply from (9401730.489.0) to (9401730.49.0)
07/14/26 16:41:56 Event: ULOG_SUBMIT for HTCondor Node apply (9401730.49.0) {07/14/26 16:41:47}
07/14/26 16:41:56 Number of idle job procs: 435
07/14/26 16:41:56 Reassigning the id of job apply from (9401730.49.0) to (9401730.490.0)
07/14/26 16:41:56 Event: ULOG_SUBMIT for HTCondor Node apply (9401730.490.0) {07/14/26 16:41:47}
07/14/26 16:41:56 Number of idle job procs: 436
07/14/26 16:41:56 Reassigning the id of job apply from (9401730.490.0) to (9401730.491.0)
07/14/26 16:41:56 Event: ULOG_SUBMIT for HTCondor Node apply (9401730.491.0) {07/14/26 16:41:47}
07/14/26 16:41:56 Number of idle job procs: 437
07/14/26 16:41:56 Reassigning the id of job apply from (9401730.491.0) to (9401730.492.0)
07/14/26 16:41:56 Event: ULOG_SUBMIT for HTCondor Node apply (9401730.492.0) {07/14/26 16:41:47}
07/14/26 16:41:56 Number of idle job procs: 438
07/14/26 16:41:56 Reassigning the id of job apply from (9401730.492.0) to (9401730.493.0)
07/14/26 16:41:56 Event: ULOG_SUBMIT for HTCondor Node apply (9401730.493.0) {07/14/26 16:41:47}
07/14/26 16:41:56 Number of idle job procs: 439
07/14/26 16:41:56 Reassigning the id of job apply from (9401730.493.0) to (9401730.494.0)
07/14/26 16:41:57 Event: ULOG_SUBMIT for HTCondor Node apply (9401730.494.0) {07/14/26 16:41:47}
07/14/26 16:41:57 Number of idle job procs: 440
07/14/26 16:41:57 Reassigning the id of job apply from (9401730.494.0) to (9401730.495.0)
07/14/26 16:41:57 Event: ULOG_SUBMIT for HTCondor Node apply (9401730.495.0) {07/14/26 16:41:47}
07/14/26 16:41:57 Number of idle job procs: 441
07/14/26 16:41:57 Reassigning the id of job apply from (9401730.495.0) to (9401730.496.0)
07/14/26 16:41:57 Event: ULOG_SUBMIT for HTCondor Node apply (9401730.496.0) {07/14/26 16:41:47}
07/14/26 16:41:57 Number of idle job procs: 442
07/14/26 16:41:57 Reassigning the id of job apply from (9401730.496.0) to (9401730.497.0)
07/14/26 16:41:57 Event: ULOG_SUBMIT for HTCondor Node apply (9401730.497.0) {07/14/26 16:41:47}
07/14/26 16:41:57 Number of idle job procs: 443
07/14/26 16:41:57 Reassigning the id of job apply from (9401730.497.0) to (9401730.498.0)
07/14/26 16:41:57 Event: ULOG_SUBMIT for HTCondor Node apply (9401730.498.0) {07/14/26 16:41:47}
07/14/26 16:41:57 Number of idle job procs: 444
07/14/26 16:41:57 Reassigning the id of job apply from (9401730.498.0) to (9401730.499.0)
07/14/26 16:41:57 Event: ULOG_SUBMIT for HTCondor Node apply (9401730.499.0) {07/14/26 16:41:47}
07/14/26 16:41:57 Number of idle job procs: 445
07/14/26 16:41:57 Reassigning the id of job apply from (9401730.499.0) to (9401730.5.0)
07/14/26 16:41:57 Event: ULOG_SUBMIT for HTCondor Node apply (9401730.5.0) {07/14/26 16:41:47}
07/14/26 16:41:57 Number of idle job procs: 446
07/14/26 16:41:57 Reassigning the id of job apply from (9401730.5.0) to (9401730.50.0)
07/14/26 16:41:57 Event: ULOG_SUBMIT for HTCondor Node apply (9401730.50.0) {07/14/26 16:41:47}
07/14/26 16:41:57 Number of idle job procs: 447
07/14/26 16:41:57 Reassigning the id of job apply from (9401730.50.0) to (9401730.51.0)
07/14/26 16:41:57 Event: ULOG_SUBMIT for HTCondor Node apply (9401730.51.0) {07/14/26 16:41:47}
07/14/26 16:41:57 Number of idle job procs: 448
07/14/26 16:41:57 Reassigning the id of job apply from (9401730.51.0) to (9401730.52.0)
07/14/26 16:41:57 Event: ULOG_SUBMIT for HTCondor Node apply (9401730.52.0) {07/14/26 16:41:47}
07/14/26 16:41:57 Number of idle job procs: 449
07/14/26 16:41:57 Reassigning the id of job apply from (9401730.52.0) to (9401730.53.0)
07/14/26 16:41:57 Event: ULOG_SUBMIT for HTCondor Node apply (9401730.53.0) {07/14/26 16:41:47}
07/14/26 16:41:57 Number of idle job procs: 450
07/14/26 16:41:57 Reassigning the id of job apply from (9401730.53.0) to (9401730.54.0)
07/14/26 16:41:57 Event: ULOG_SUBMIT for HTCondor Node apply (9401730.54.0) {07/14/26 16:41:47}
07/14/26 16:41:57 Number of idle job procs: 451
07/14/26 16:41:57 Reassigning the id of job apply from (9401730.54.0) to (9401730.55.0)
07/14/26 16:41:57 Event: ULOG_SUBMIT for HTCondor Node apply (9401730.55.0) {07/14/26 16:41:47}
07/14/26 16:41:57 Number of idle job procs: 452
07/14/26 16:41:57 Reassigning the id of job apply from (9401730.55.0) to (9401730.56.0)
07/14/26 16:41:57 Event: ULOG_SUBMIT for HTCondor Node apply (9401730.56.0) {07/14/26 16:41:47}
07/14/26 16:41:57 Number of idle job procs: 453
07/14/26 16:41:57 Reassigning the id of job apply from (9401730.56.0) to (9401730.57.0)
07/14/26 16:41:57 Event: ULOG_SUBMIT for HTCondor Node apply (9401730.57.0) {07/14/26 16:41:47}
07/14/26 16:41:57 Number of idle job procs: 454
07/14/26 16:41:57 Reassigning the id of job apply from (9401730.57.0) to (9401730.58.0)
07/14/26 16:41:57 Event: ULOG_SUBMIT for HTCondor Node apply (9401730.58.0) {07/14/26 16:41:47}
07/14/26 16:41:57 Number of idle job procs: 455
07/14/26 16:41:57 Reassigning the id of job apply from (9401730.58.0) to (9401730.59.0)
07/14/26 16:41:57 Event: ULOG_SUBMIT for HTCondor Node apply (9401730.59.0) {07/14/26 16:41:47}
07/14/26 16:41:57 Number of idle job procs: 456
07/14/26 16:41:57 Reassigning the id of job apply from (9401730.59.0) to (9401730.6.0)
07/14/26 16:41:57 Event: ULOG_SUBMIT for HTCondor Node apply (9401730.6.0) {07/14/26 16:41:47}
07/14/26 16:41:57 Number of idle job procs: 457
07/14/26 16:41:57 Reassigning the id of job apply from (9401730.6.0) to (9401730.60.0)
07/14/26 16:41:57 Event: ULOG_SUBMIT for HTCondor Node apply (9401730.60.0) {07/14/26 16:41:47}
07/14/26 16:41:57 Number of idle job procs: 458
07/14/26 16:41:57 Reassigning the id of job apply from (9401730.60.0) to (9401730.61.0)
07/14/26 16:41:57 Event: ULOG_SUBMIT for HTCondor Node apply (9401730.61.0) {07/14/26 16:41:47}
07/14/26 16:41:57 Number of idle job procs: 459
07/14/26 16:41:57 Reassigning the id of job apply from (9401730.61.0) to (9401730.62.0)
07/14/26 16:41:57 Event: ULOG_SUBMIT for HTCondor Node apply (9401730.62.0) {07/14/26 16:41:47}
07/14/26 16:41:57 Number of idle job procs: 460
07/14/26 16:41:57 Reassigning the id of job apply from (9401730.62.0) to (9401730.63.0)
07/14/26 16:41:57 Event: ULOG_SUBMIT for HTCondor Node apply (9401730.63.0) {07/14/26 16:41:47}
07/14/26 16:41:57 Number of idle job procs: 461
07/14/26 16:41:57 Reassigning the id of job apply from (9401730.63.0) to (9401730.64.0)
07/14/26 16:41:57 Event: ULOG_SUBMIT for HTCondor Node apply (9401730.64.0) {07/14/26 16:41:47}
07/14/26 16:41:57 Number of idle job procs: 462
07/14/26 16:41:57 Reassigning the id of job apply from (9401730.64.0) to (9401730.65.0)
07/14/26 16:41:57 Event: ULOG_SUBMIT for HTCondor Node apply (9401730.65.0) {07/14/26 16:41:47}
07/14/26 16:41:57 Number of idle job procs: 463
07/14/26 16:41:57 Reassigning the id of job apply from (9401730.65.0) to (9401730.66.0)
07/14/26 16:41:57 Event: ULOG_SUBMIT for HTCondor Node apply (9401730.66.0) {07/14/26 16:41:47}
07/14/26 16:41:57 Number of idle job procs: 464
07/14/26 16:41:57 Reassigning the id of job apply from (9401730.66.0) to (9401730.67.0)
07/14/26 16:41:57 Event: ULOG_SUBMIT for HTCondor Node apply (9401730.67.0) {07/14/26 16:41:47}
07/14/26 16:41:57 Number of idle job procs: 465
07/14/26 16:41:57 Reassigning the id of job apply from (9401730.67.0) to (9401730.68.0)
07/14/26 16:41:57 Event: ULOG_SUBMIT for HTCondor Node apply (9401730.68.0) {07/14/26 16:41:47}
07/14/26 16:41:57 Number of idle job procs: 466
07/14/26 16:41:57 Reassigning the id of job apply from (9401730.68.0) to (9401730.69.0)
07/14/26 16:41:57 Event: ULOG_SUBMIT for HTCondor Node apply (9401730.69.0) {07/14/26 16:41:47}
07/14/26 16:41:57 Number of idle job procs: 467
07/14/26 16:41:57 Reassigning the id of job apply from (9401730.69.0) to (9401730.7.0)
07/14/26 16:41:57 Event: ULOG_SUBMIT for HTCondor Node apply (9401730.7.0) {07/14/26 16:41:47}
07/14/26 16:41:57 Number of idle job procs: 468
07/14/26 16:41:57 Reassigning the id of job apply from (9401730.7.0) to (9401730.70.0)
07/14/26 16:41:57 Event: ULOG_SUBMIT for HTCondor Node apply (9401730.70.0) {07/14/26 16:41:47}
07/14/26 16:41:57 Number of idle job procs: 469
07/14/26 16:41:57 Reassigning the id of job apply from (9401730.70.0) to (9401730.71.0)
07/14/26 16:41:57 Event: ULOG_SUBMIT for HTCondor Node apply (9401730.71.0) {07/14/26 16:41:47}
07/14/26 16:41:57 Number of idle job procs: 470
07/14/26 16:41:57 Reassigning the id of job apply from (9401730.71.0) to (9401730.72.0)
07/14/26 16:41:57 Event: ULOG_SUBMIT for HTCondor Node apply (9401730.72.0) {07/14/26 16:41:47}
07/14/26 16:41:57 Number of idle job procs: 471
07/14/26 16:41:57 Reassigning the id of job apply from (9401730.72.0) to (9401730.73.0)
07/14/26 16:41:57 Event: ULOG_SUBMIT for HTCondor Node apply (9401730.73.0) {07/14/26 16:41:47}
07/14/26 16:41:57 Number of idle job procs: 472
07/14/26 16:41:57 Reassigning the id of job apply from (9401730.73.0) to (9401730.74.0)
07/14/26 16:41:57 Event: ULOG_SUBMIT for HTCondor Node apply (9401730.74.0) {07/14/26 16:41:47}
07/14/26 16:41:57 Number of idle job procs: 473
07/14/26 16:41:57 Reassigning the id of job apply from (9401730.74.0) to (9401730.75.0)
07/14/26 16:41:57 Event: ULOG_SUBMIT for HTCondor Node apply (9401730.75.0) {07/14/26 16:41:47}
07/14/26 16:41:57 Number of idle job procs: 474
07/14/26 16:41:57 Reassigning the id of job apply from (9401730.75.0) to (9401730.76.0)
07/14/26 16:41:57 Event: ULOG_SUBMIT for HTCondor Node apply (9401730.76.0) {07/14/26 16:41:47}
07/14/26 16:41:57 Number of idle job procs: 475
07/14/26 16:41:57 Reassigning the id of job apply from (9401730.76.0) to (9401730.77.0)
07/14/26 16:41:57 Event: ULOG_SUBMIT for HTCondor Node apply (9401730.77.0) {07/14/26 16:41:47}
07/14/26 16:41:57 Number of idle job procs: 476
07/14/26 16:41:57 Reassigning the id of job apply from (9401730.77.0) to (9401730.78.0)
07/14/26 16:41:57 Event: ULOG_SUBMIT for HTCondor Node apply (9401730.78.0) {07/14/26 16:41:47}
07/14/26 16:41:57 Number of idle job procs: 477
07/14/26 16:41:57 Reassigning the id of job apply from (9401730.78.0) to (9401730.79.0)
07/14/26 16:41:57 Event: ULOG_SUBMIT for HTCondor Node apply (9401730.79.0) {07/14/26 16:41:47}
07/14/26 16:41:57 Number of idle job procs: 478
07/14/26 16:41:57 Reassigning the id of job apply from (9401730.79.0) to (9401730.8.0)
07/14/26 16:41:57 Event: ULOG_SUBMIT for HTCondor Node apply (9401730.8.0) {07/14/26 16:41:47}
07/14/26 16:41:57 Number of idle job procs: 479
07/14/26 16:41:57 Reassigning the id of job apply from (9401730.8.0) to (9401730.80.0)
07/14/26 16:41:57 Event: ULOG_SUBMIT for HTCondor Node apply (9401730.80.0) {07/14/26 16:41:47}
07/14/26 16:41:57 Number of idle job procs: 480
07/14/26 16:41:57 Reassigning the id of job apply from (9401730.80.0) to (9401730.81.0)
07/14/26 16:41:57 Event: ULOG_SUBMIT for HTCondor Node apply (9401730.81.0) {07/14/26 16:41:47}
07/14/26 16:41:57 Number of idle job procs: 481
07/14/26 16:41:57 Reassigning the id of job apply from (9401730.81.0) to (9401730.82.0)
07/14/26 16:41:57 Event: ULOG_SUBMIT for HTCondor Node apply (9401730.82.0) {07/14/26 16:41:47}
07/14/26 16:41:57 Number of idle job procs: 482
07/14/26 16:41:57 Reassigning the id of job apply from (9401730.82.0) to (9401730.83.0)
07/14/26 16:41:57 Event: ULOG_SUBMIT for HTCondor Node apply (9401730.83.0) {07/14/26 16:41:47}
07/14/26 16:41:57 Number of idle job procs: 483
07/14/26 16:41:57 Reassigning the id of job apply from (9401730.83.0) to (9401730.84.0)
07/14/26 16:41:57 Event: ULOG_SUBMIT for HTCondor Node apply (9401730.84.0) {07/14/26 16:41:47}
07/14/26 16:41:57 Number of idle job procs: 484
07/14/26 16:41:57 Reassigning the id of job apply from (9401730.84.0) to (9401730.85.0)
07/14/26 16:41:57 Event: ULOG_SUBMIT for HTCondor Node apply (9401730.85.0) {07/14/26 16:41:47}
07/14/26 16:41:57 Number of idle job procs: 485
07/14/26 16:41:57 Reassigning the id of job apply from (9401730.85.0) to (9401730.86.0)
07/14/26 16:41:57 Event: ULOG_SUBMIT for HTCondor Node apply (9401730.86.0) {07/14/26 16:41:47}
07/14/26 16:41:57 Number of idle job procs: 486
07/14/26 16:41:57 Reassigning the id of job apply from (9401730.86.0) to (9401730.87.0)
07/14/26 16:41:57 Event: ULOG_SUBMIT for HTCondor Node apply (9401730.87.0) {07/14/26 16:41:47}
07/14/26 16:41:57 Number of idle job procs: 487
07/14/26 16:41:57 Reassigning the id of job apply from (9401730.87.0) to (9401730.88.0)
07/14/26 16:41:57 Event: ULOG_SUBMIT for HTCondor Node apply (9401730.88.0) {07/14/26 16:41:47}
07/14/26 16:41:57 Number of idle job procs: 488
07/14/26 16:41:57 Reassigning the id of job apply from (9401730.88.0) to (9401730.89.0)
07/14/26 16:41:57 Event: ULOG_SUBMIT for HTCondor Node apply (9401730.89.0) {07/14/26 16:41:47}
07/14/26 16:41:57 Number of idle job procs: 489
07/14/26 16:41:57 Reassigning the id of job apply from (9401730.89.0) to (9401730.9.0)
07/14/26 16:41:57 Event: ULOG_SUBMIT for HTCondor Node apply (9401730.9.0) {07/14/26 16:41:47}
07/14/26 16:41:57 Number of idle job procs: 490
07/14/26 16:41:57 Reassigning the id of job apply from (9401730.9.0) to (9401730.90.0)
07/14/26 16:41:57 Event: ULOG_SUBMIT for HTCondor Node apply (9401730.90.0) {07/14/26 16:41:47}
07/14/26 16:41:57 Number of idle job procs: 491
07/14/26 16:41:57 Reassigning the id of job apply from (9401730.90.0) to (9401730.91.0)
07/14/26 16:41:57 Event: ULOG_SUBMIT for HTCondor Node apply (9401730.91.0) {07/14/26 16:41:47}
07/14/26 16:41:57 Number of idle job procs: 492
07/14/26 16:41:57 Reassigning the id of job apply from (9401730.91.0) to (9401730.92.0)
07/14/26 16:41:57 Event: ULOG_SUBMIT for HTCondor Node apply (9401730.92.0) {07/14/26 16:41:47}
07/14/26 16:41:57 Number of idle job procs: 493
07/14/26 16:41:57 Reassigning the id of job apply from (9401730.92.0) to (9401730.93.0)
07/14/26 16:41:57 Event: ULOG_SUBMIT for HTCondor Node apply (9401730.93.0) {07/14/26 16:41:47}
07/14/26 16:41:57 Number of idle job procs: 494
07/14/26 16:41:57 Reassigning the id of job apply from (9401730.93.0) to (9401730.94.0)
07/14/26 16:41:57 Event: ULOG_SUBMIT for HTCondor Node apply (9401730.94.0) {07/14/26 16:41:47}
07/14/26 16:41:57 Number of idle job procs: 495
07/14/26 16:41:57 Reassigning the id of job apply from (9401730.94.0) to (9401730.95.0)
07/14/26 16:41:57 Event: ULOG_SUBMIT for HTCondor Node apply (9401730.95.0) {07/14/26 16:41:47}
07/14/26 16:41:57 Number of idle job procs: 496
07/14/26 16:41:57 Reassigning the id of job apply from (9401730.95.0) to (9401730.96.0)
07/14/26 16:41:57 Event: ULOG_SUBMIT for HTCondor Node apply (9401730.96.0) {07/14/26 16:41:47}
07/14/26 16:41:57 Number of idle job procs: 497
07/14/26 16:41:57 Reassigning the id of job apply from (9401730.96.0) to (9401730.97.0)
07/14/26 16:41:57 Event: ULOG_SUBMIT for HTCondor Node apply (9401730.97.0) {07/14/26 16:41:47}
07/14/26 16:41:57 Number of idle job procs: 498
07/14/26 16:41:57 Reassigning the id of job apply from (9401730.97.0) to (9401730.98.0)
07/14/26 16:41:57 Event: ULOG_SUBMIT for HTCondor Node apply (9401730.98.0) {07/14/26 16:41:47}
07/14/26 16:41:57 Number of idle job procs: 499
07/14/26 16:41:57 Reassigning the id of job apply from (9401730.98.0) to (9401730.99.0)
07/14/26 16:41:57 Event: ULOG_SUBMIT for HTCondor Node apply (9401730.99.0) {07/14/26 16:41:47}
07/14/26 16:41:57 Number of idle job procs: 500
07/14/26 16:51:54 602 seconds since last log event
07/14/26 16:51:54 Pending DAG nodes:
07/14/26 16:51:54   Node apply, HTCondor ID 9401730, status STATUS_SUBMITTED
07/14/26 16:56:44 Total jobs placed to AP: 500
07/14/26 16:56:44      Idle     Held     Running     Successful     Failed
07/14/26 16:56:44       ===      ===         ===            ===        ===
07/14/26 16:56:44       500        0           0              0          0
07/14/26 16:59:49 Currently monitoring 1 HTCondor log file(s)
07/14/26 16:59:49 Event: ULOG_EXECUTE for HTCondor Node apply (9401730.1.0) {07/14/26 16:59:48}
07/14/26 16:59:49 Number of idle job procs: 499
07/14/26 16:59:49 Event: ULOG_EXECUTE for HTCondor Node apply (9401730.0.0) {07/14/26 16:59:48}
07/14/26 16:59:49 Number of idle job procs: 498
07/14/26 16:59:54 Currently monitoring 1 HTCondor log file(s)
07/14/26 16:59:54 Event: ULOG_EXECUTE for HTCondor Node apply (9401730.2.0) {07/14/26 16:59:49}
07/14/26 16:59:54 Number of idle job procs: 497
07/14/26 16:59:54 Event: ULOG_EXECUTE for HTCondor Node apply (9401730.3.0) {07/14/26 16:59:50}
07/14/26 16:59:54 Number of idle job procs: 496
07/14/26 16:59:54 Event: ULOG_EXECUTE for HTCondor Node apply (9401730.4.0) {07/14/26 16:59:50}
07/14/26 16:59:54 Number of idle job procs: 495
07/14/26 16:59:54 Event: ULOG_EXECUTE for HTCondor Node apply (9401730.5.0) {07/14/26 16:59:50}
07/14/26 16:59:54 Number of idle job procs: 494
07/14/26 16:59:54 Event: ULOG_EXECUTE for HTCondor Node apply (9401730.6.0) {07/14/26 16:59:50}
07/14/26 16:59:54 Number of idle job procs: 493
07/14/26 16:59:54 Event: ULOG_EXECUTE for HTCondor Node apply (9401730.7.0) {07/14/26 16:59:51}
07/14/26 16:59:54 Number of idle job procs: 492
07/14/26 16:59:54 Event: ULOG_EXECUTE for HTCondor Node apply (9401730.8.0) {07/14/26 16:59:51}
07/14/26 16:59:54 Number of idle job procs: 491
07/14/26 16:59:54 Event: ULOG_EXECUTE for HTCondor Node apply (9401730.10.0) {07/14/26 16:59:52}
07/14/26 16:59:54 Number of idle job procs: 490
07/14/26 16:59:54 Event: ULOG_EXECUTE for HTCondor Node apply (9401730.9.0) {07/14/26 16:59:52}
07/14/26 16:59:54 Number of idle job procs: 489
07/14/26 16:59:54 Event: ULOG_EXECUTE for HTCondor Node apply (9401730.11.0) {07/14/26 16:59:53}
07/14/26 16:59:54 Number of idle job procs: 488
07/14/26 16:59:54 Event: ULOG_EXECUTE for HTCondor Node apply (9401730.12.0) {07/14/26 16:59:53}
07/14/26 16:59:54 Number of idle job procs: 487
07/14/26 16:59:54 Event: ULOG_EXECUTE for HTCondor Node apply (9401730.13.0) {07/14/26 16:59:54}
07/14/26 16:59:54 Number of idle job procs: 486
07/14/26 16:59:59 Currently monitoring 1 HTCondor log file(s)
07/14/26 16:59:59 Event: ULOG_EXECUTE for HTCondor Node apply (9401730.15.0) {07/14/26 16:59:55}
07/14/26 16:59:59 Number of idle job procs: 485
07/14/26 16:59:59 Event: ULOG_EXECUTE for HTCondor Node apply (9401730.16.0) {07/14/26 16:59:55}
07/14/26 17:00:00 Number of idle job procs: 484
07/14/26 17:00:00 Event: ULOG_EXECUTE for HTCondor Node apply (9401730.14.0) {07/14/26 16:59:55}
07/14/26 17:00:00 Number of idle job procs: 483
07/14/26 17:00:00 Event: ULOG_EXECUTE for HTCondor Node apply (9401730.17.0) {07/14/26 16:59:56}
07/14/26 17:00:00 Number of idle job procs: 482
07/14/26 17:00:00 Event: ULOG_EXECUTE for HTCondor Node apply (9401730.18.0) {07/14/26 16:59:56}
07/14/26 17:00:00 Number of idle job procs: 481
07/14/26 17:00:00 Event: ULOG_EXECUTE for HTCondor Node apply (9401730.19.0) {07/14/26 16:59:56}
07/14/26 17:00:00 Number of idle job procs: 480
07/14/26 17:00:00 Event: ULOG_EXECUTE for HTCondor Node apply (9401730.20.0) {07/14/26 16:59:57}
07/14/26 17:00:00 Number of idle job procs: 479
07/14/26 17:00:00 Event: ULOG_EXECUTE for HTCondor Node apply (9401730.21.0) {07/14/26 16:59:57}
07/14/26 17:00:00 Number of idle job procs: 478
07/14/26 17:00:00 Event: ULOG_EXECUTE for HTCondor Node apply (9401730.22.0) {07/14/26 16:59:57}
07/14/26 17:00:00 Number of idle job procs: 477
07/14/26 17:00:00 Event: ULOG_EXECUTE for HTCondor Node apply (9401730.23.0) {07/14/26 16:59:59}
07/14/26 17:00:00 Number of idle job procs: 476
07/14/26 17:00:00 Event: ULOG_EXECUTE for HTCondor Node apply (9401730.24.0) {07/14/26 16:59:59}
07/14/26 17:00:00 Number of idle job procs: 475
07/14/26 17:00:05 Currently monitoring 1 HTCondor log file(s)
07/14/26 17:00:05 Event: ULOG_EXECUTE for HTCondor Node apply (9401730.27.0) {07/14/26 17:00:00}
07/14/26 17:00:05 Number of idle job procs: 474
07/14/26 17:00:05 Event: ULOG_EXECUTE for HTCondor Node apply (9401730.28.0) {07/14/26 17:00:01}
07/14/26 17:00:05 Number of idle job procs: 473
07/14/26 17:00:05 Event: ULOG_EXECUTE for HTCondor Node apply (9401730.30.0) {07/14/26 17:00:02}
07/14/26 17:00:05 Number of idle job procs: 472
07/14/26 17:00:05 Event: ULOG_EXECUTE for HTCondor Node apply (9401730.31.0) {07/14/26 17:00:02}
07/14/26 17:00:05 Number of idle job procs: 471
07/14/26 17:00:05 Event: ULOG_EXECUTE for HTCondor Node apply (9401730.29.0) {07/14/26 17:00:02}
07/14/26 17:00:05 Number of idle job procs: 470
07/14/26 17:00:05 Event: ULOG_EXECUTE for HTCondor Node apply (9401730.32.0) {07/14/26 17:00:02}
07/14/26 17:00:05 Number of idle job procs: 469
07/14/26 17:00:05 Event: ULOG_EXECUTE for HTCondor Node apply (9401730.33.0) {07/14/26 17:00:02}
07/14/26 17:00:05 Number of idle job procs: 468
07/14/26 17:00:05 Event: ULOG_EXECUTE for HTCondor Node apply (9401730.34.0) {07/14/26 17:00:03}
07/14/26 17:00:05 Number of idle job procs: 467
07/14/26 17:00:05 Event: ULOG_EXECUTE for HTCondor Node apply (9401730.35.0) {07/14/26 17:00:03}
07/14/26 17:00:05 Number of idle job procs: 466
07/14/26 17:00:05 Event: ULOG_EXECUTE for HTCondor Node apply (9401730.36.0) {07/14/26 17:00:04}
07/14/26 17:00:05 Number of idle job procs: 465
07/14/26 17:00:05 Event: ULOG_EXECUTE for HTCondor Node apply (9401730.37.0) {07/14/26 17:00:05}
07/14/26 17:00:05 Number of idle job procs: 464
07/14/26 17:00:10 Currently monitoring 1 HTCondor log file(s)
07/14/26 17:00:10 Event: ULOG_EXECUTE for HTCondor Node apply (9401730.38.0) {07/14/26 17:00:05}
07/14/26 17:00:10 Number of idle job procs: 463
07/14/26 17:00:10 Event: ULOG_EXECUTE for HTCondor Node apply (9401730.39.0) {07/14/26 17:00:05}
07/14/26 17:00:10 Number of idle job procs: 462
07/14/26 17:00:10 Event: ULOG_EXECUTE for HTCondor Node apply (9401730.40.0) {07/14/26 17:00:06}
07/14/26 17:00:10 Number of idle job procs: 461
07/14/26 17:00:10 Event: ULOG_EXECUTE for HTCondor Node apply (9401730.41.0) {07/14/26 17:00:06}
07/14/26 17:00:10 Number of idle job procs: 460
07/14/26 17:00:10 Event: ULOG_EXECUTE for HTCondor Node apply (9401730.42.0) {07/14/26 17:00:07}
07/14/26 17:00:10 Number of idle job procs: 459
07/14/26 17:00:10 Event: ULOG_EXECUTE for HTCondor Node apply (9401730.43.0) {07/14/26 17:00:07}
07/14/26 17:00:10 Number of idle job procs: 458
07/14/26 17:00:10 Event: ULOG_EXECUTE for HTCondor Node apply (9401730.44.0) {07/14/26 17:00:07}
07/14/26 17:00:11 Number of idle job procs: 457
07/14/26 17:00:11 Event: ULOG_EXECUTE for HTCondor Node apply (9401730.45.0) {07/14/26 17:00:08}
07/14/26 17:00:11 Number of idle job procs: 456
07/14/26 17:00:11 Event: ULOG_EXECUTE for HTCondor Node apply (9401730.47.0) {07/14/26 17:00:08}
07/14/26 17:00:11 Number of idle job procs: 455
07/14/26 17:00:11 Event: ULOG_EXECUTE for HTCondor Node apply (9401730.49.0) {07/14/26 17:00:09}
07/14/26 17:00:11 Number of idle job procs: 454
07/14/26 17:00:11 Event: ULOG_EXECUTE for HTCondor Node apply (9401730.51.0) {07/14/26 17:00:10}
07/14/26 17:00:11 Number of idle job procs: 453
07/14/26 17:00:11 Event: ULOG_EXECUTE for HTCondor Node apply (9401730.52.0) {07/14/26 17:00:10}
07/14/26 17:00:11 Number of idle job procs: 452
07/14/26 17:00:11 Event: ULOG_EXECUTE for HTCondor Node apply (9401730.50.0) {07/14/26 17:00:10}
07/14/26 17:00:11 Number of idle job procs: 451
07/14/26 17:00:16 Currently monitoring 1 HTCondor log file(s)
07/14/26 17:00:16 Event: ULOG_EXECUTE for HTCondor Node apply (9401730.54.0) {07/14/26 17:00:11}
07/14/26 17:00:16 Number of idle job procs: 450
07/14/26 17:00:16 Event: ULOG_EXECUTE for HTCondor Node apply (9401730.55.0) {07/14/26 17:00:11}
07/14/26 17:00:16 Number of idle job procs: 449
07/14/26 17:00:16 Event: ULOG_EXECUTE for HTCondor Node apply (9401730.58.0) {07/14/26 17:00:12}
07/14/26 17:00:16 Number of idle job procs: 448
07/14/26 17:00:16 Event: ULOG_EXECUTE for HTCondor Node apply (9401730.60.0) {07/14/26 17:00:13}
07/14/26 17:00:16 Number of idle job procs: 447
07/14/26 17:00:16 Event: ULOG_EXECUTE for HTCondor Node apply (9401730.61.0) {07/14/26 17:00:13}
07/14/26 17:00:16 Number of idle job procs: 446
07/14/26 17:00:16 Event: ULOG_EXECUTE for HTCondor Node apply (9401730.62.0) {07/14/26 17:00:13}
07/14/26 17:00:16 Number of idle job procs: 445
07/14/26 17:00:16 Event: ULOG_EXECUTE for HTCondor Node apply (9401730.63.0) {07/14/26 17:00:14}
07/14/26 17:00:16 Number of idle job procs: 444
07/14/26 17:00:16 Event: ULOG_EXECUTE for HTCondor Node apply (9401730.64.0) {07/14/26 17:00:14}
07/14/26 17:00:16 Number of idle job procs: 443
07/14/26 17:00:16 Event: ULOG_EXECUTE for HTCondor Node apply (9401730.65.0) {07/14/26 17:00:14}
07/14/26 17:00:16 Number of idle job procs: 442
07/14/26 17:00:16 Event: ULOG_EXECUTE for HTCondor Node apply (9401730.68.0) {07/14/26 17:00:14}
07/14/26 17:00:17 Number of idle job procs: 441
07/14/26 17:00:17 Event: ULOG_EXECUTE for HTCondor Node apply (9401730.66.0) {07/14/26 17:00:15}
07/14/26 17:00:17 Number of idle job procs: 440
07/14/26 17:00:17 Event: ULOG_EXECUTE for HTCondor Node apply (9401730.67.0) {07/14/26 17:00:15}
07/14/26 17:00:17 Number of idle job procs: 439
07/14/26 17:00:17 Event: ULOG_EXECUTE for HTCondor Node apply (9401730.69.0) {07/14/26 17:00:16}
07/14/26 17:00:17 Number of idle job procs: 438
07/14/26 17:00:17 Event: ULOG_EXECUTE for HTCondor Node apply (9401730.46.0) {07/14/26 17:00:16}
07/14/26 17:00:17 Number of idle job procs: 437
07/14/26 17:00:17 Event: ULOG_EXECUTE for HTCondor Node apply (9401730.53.0) {07/14/26 17:00:16}
07/14/26 17:00:17 Number of idle job procs: 436
07/14/26 17:00:17 Event: ULOG_EXECUTE for HTCondor Node apply (9401730.71.0) {07/14/26 17:00:17}
07/14/26 17:00:17 Number of idle job procs: 435
07/14/26 17:00:22 Currently monitoring 1 HTCondor log file(s)
07/14/26 17:00:22 Event: ULOG_EXECUTE for HTCondor Node apply (9401730.70.0) {07/14/26 17:00:17}
07/14/26 17:00:22 Number of idle job procs: 434
07/14/26 17:00:52 Currently monitoring 1 HTCondor log file(s)
07/14/26 17:00:52 Event: ULOG_JOB_TERMINATED for HTCondor Node apply (9401730.36.0) {07/14/26 17:00:49}
07/14/26 17:00:52 Number of idle job procs: 434
07/14/26 17:00:52 Node apply job proc (9401730.36.0) completed successfully.
07/14/26 17:00:52 Event: ULOG_JOB_TERMINATED for HTCondor Node apply (9401730.37.0) {07/14/26 17:00:52}
07/14/26 17:00:52 Number of idle job procs: 434
07/14/26 17:00:52 Node apply job proc (9401730.37.0) completed successfully.
07/14/26 17:00:57 Currently monitoring 1 HTCondor log file(s)
07/14/26 17:00:57 Event: ULOG_EXECUTE for HTCondor Node apply (9401730.26.0) {07/14/26 17:00:55}
07/14/26 17:00:57 Number of idle job procs: 433
07/14/26 17:01:02 Currently monitoring 1 HTCondor log file(s)
07/14/26 17:01:02 Event: ULOG_JOB_RECONNECT_FAILED for HTCondor Node apply (9401730.25.0) {07/14/26 17:01:01}
07/14/26 17:01:02 Number of idle job procs: 433
07/14/26 17:01:02 Event: ULOG_JOB_EVICTED for HTCondor Node apply (9401730.25.0) {07/14/26 17:01:01}
07/14/26 17:01:02 Number of idle job procs: 433
07/14/26 17:01:07 Currently monitoring 1 HTCondor log file(s)
07/14/26 17:01:07 Event: ULOG_JOB_TERMINATED for HTCondor Node apply (9401730.33.0) {07/14/26 17:01:06}
07/14/26 17:01:07 Number of idle job procs: 433
07/14/26 17:01:07 Node apply job proc (9401730.33.0) completed successfully.
07/14/26 17:01:07 Event: ULOG_JOB_TERMINATED for HTCondor Node apply (9401730.39.0) {07/14/26 17:01:06}
07/14/26 17:01:07 Number of idle job procs: 433
07/14/26 17:01:07 Node apply job proc (9401730.39.0) completed successfully.
07/14/26 17:01:12 Currently monitoring 1 HTCondor log file(s)
07/14/26 17:01:12 Event: ULOG_JOB_TERMINATED for HTCondor Node apply (9401730.38.0) {07/14/26 17:01:10}
07/14/26 17:01:12 Number of idle job procs: 433
07/14/26 17:01:12 Node apply job proc (9401730.38.0) completed successfully.
07/14/26 17:01:17 Currently monitoring 1 HTCondor log file(s)
07/14/26 17:01:17 Event: ULOG_JOB_TERMINATED for HTCondor Node apply (9401730.35.0) {07/14/26 17:01:15}
07/14/26 17:01:17 Number of idle job procs: 433
07/14/26 17:01:17 Node apply job proc (9401730.35.0) completed successfully.
07/14/26 17:01:52 Currently monitoring 1 HTCondor log file(s)
07/14/26 17:01:52 Event: ULOG_JOB_TERMINATED for HTCondor Node apply (9401730.27.0) {07/14/26 17:01:49}
07/14/26 17:01:52 Number of idle job procs: 433
07/14/26 17:01:52 Node apply job proc (9401730.27.0) completed successfully.
07/14/26 17:01:52 Event: ULOG_JOB_TERMINATED for HTCondor Node apply (9401730.45.0) {07/14/26 17:01:52}
07/14/26 17:01:52 Number of idle job procs: 433
07/14/26 17:01:52 Node apply job proc (9401730.45.0) completed successfully.
07/14/26 17:02:13 Currently monitoring 1 HTCondor log file(s)
07/14/26 17:02:13 Event: ULOG_JOB_TERMINATED for HTCondor Node apply (9401730.11.0) {07/14/26 17:02:11}
07/14/26 17:02:13 Number of idle job procs: 433
07/14/26 17:02:13 Node apply job proc (9401730.11.0) completed successfully.
07/14/26 17:02:33 Currently monitoring 1 HTCondor log file(s)
07/14/26 17:02:33 Event: ULOG_JOB_TERMINATED for HTCondor Node apply (9401730.34.0) {07/14/26 17:02:31}
07/14/26 17:02:33 Number of idle job procs: 433
07/14/26 17:02:33 Node apply job proc (9401730.34.0) completed successfully.
07/14/26 17:02:43 Currently monitoring 1 HTCondor log file(s)
07/14/26 17:02:43 Event: ULOG_JOB_TERMINATED for HTCondor Node apply (9401730.29.0) {07/14/26 17:02:38}
07/14/26 17:02:43 Number of idle job procs: 433
07/14/26 17:02:43 Node apply job proc (9401730.29.0) completed successfully.
07/14/26 17:02:48 Currently monitoring 1 HTCondor log file(s)
07/14/26 17:02:48 Event: ULOG_JOB_TERMINATED for HTCondor Node apply (9401730.40.0) {07/14/26 17:02:45}
07/14/26 17:02:48 Number of idle job procs: 433
07/14/26 17:02:48 Node apply job proc (9401730.40.0) completed successfully.
07/14/26 17:03:28 Currently monitoring 1 HTCondor log file(s)
07/14/26 17:03:28 Event: ULOG_EXECUTE for HTCondor Node apply (9401730.73.0) {07/14/26 17:03:27}
07/14/26 17:03:28 Number of idle job procs: 432
07/14/26 17:03:28 Event: ULOG_EXECUTE for HTCondor Node apply (9401730.74.0) {07/14/26 17:03:27}
07/14/26 17:03:28 Number of idle job procs: 431
07/14/26 17:03:33 Currently monitoring 1 HTCondor log file(s)
07/14/26 17:03:33 Event: ULOG_EXECUTE for HTCondor Node apply (9401730.72.0) {07/14/26 17:03:28}
07/14/26 17:03:33 Number of idle job procs: 430
07/14/26 17:03:33 Event: ULOG_EXECUTE for HTCondor Node apply (9401730.75.0) {07/14/26 17:03:28}
07/14/26 17:03:33 Number of idle job procs: 429
07/14/26 17:03:33 Event: ULOG_EXECUTE for HTCondor Node apply (9401730.76.0) {07/14/26 17:03:28}
07/14/26 17:03:33 Number of idle job procs: 428
07/14/26 17:03:33 Event: ULOG_EXECUTE for HTCondor Node apply (9401730.77.0) {07/14/26 17:03:29}
07/14/26 17:03:33 Number of idle job procs: 427
07/14/26 17:03:33 Event: ULOG_EXECUTE for HTCondor Node apply (9401730.78.0) {07/14/26 17:03:29}
07/14/26 17:03:33 Number of idle job procs: 426
07/14/26 17:03:33 Event: ULOG_EXECUTE for HTCondor Node apply (9401730.79.0) {07/14/26 17:03:29}
07/14/26 17:03:33 Number of idle job procs: 425
07/14/26 17:03:33 Event: ULOG_EXECUTE for HTCondor Node apply (9401730.80.0) {07/14/26 17:03:30}
07/14/26 17:03:33 Number of idle job procs: 424
07/14/26 17:03:33 Event: ULOG_EXECUTE for HTCondor Node apply (9401730.81.0) {07/14/26 17:03:30}
07/14/26 17:03:33 Number of idle job procs: 423
07/14/26 17:03:33 Event: ULOG_EXECUTE for HTCondor Node apply (9401730.82.0) {07/14/26 17:03:30}
07/14/26 17:03:33 Number of idle job procs: 422
07/14/26 17:03:33 Event: ULOG_EXECUTE for HTCondor Node apply (9401730.83.0) {07/14/26 17:03:31}
07/14/26 17:03:33 Number of idle job procs: 421
07/14/26 17:03:33 Event: ULOG_EXECUTE for HTCondor Node apply (9401730.84.0) {07/14/26 17:03:31}
07/14/26 17:03:33 Number of idle job procs: 420
07/14/26 17:03:33 Event: ULOG_EXECUTE for HTCondor Node apply (9401730.85.0) {07/14/26 17:03:31}
07/14/26 17:03:33 Number of idle job procs: 419
07/14/26 17:03:33 Event: ULOG_EXECUTE for HTCondor Node apply (9401730.86.0) {07/14/26 17:03:32}
07/14/26 17:03:33 Number of idle job procs: 418
07/14/26 17:03:33 Event: ULOG_EXECUTE for HTCondor Node apply (9401730.87.0) {07/14/26 17:03:32}
07/14/26 17:03:33 Number of idle job procs: 417
07/14/26 17:03:33 Event: ULOG_EXECUTE for HTCondor Node apply (9401730.88.0) {07/14/26 17:03:33}
07/14/26 17:03:33 Number of idle job procs: 416
07/14/26 17:03:38 Currently monitoring 1 HTCondor log file(s)
07/14/26 17:03:38 Event: ULOG_EXECUTE for HTCondor Node apply (9401730.89.0) {07/14/26 17:03:33}
07/14/26 17:03:38 Number of idle job procs: 415
07/14/26 17:03:38 Event: ULOG_EXECUTE for HTCondor Node apply (9401730.91.0) {07/14/26 17:03:33}
07/14/26 17:03:38 Number of idle job procs: 414
07/14/26 17:03:38 Event: ULOG_EXECUTE for HTCondor Node apply (9401730.90.0) {07/14/26 17:03:34}
07/14/26 17:03:38 Number of idle job procs: 413
07/14/26 17:03:38 Event: ULOG_EXECUTE for HTCondor Node apply (9401730.96.0) {07/14/26 17:03:34}
07/14/26 17:03:38 Number of idle job procs: 412
07/14/26 17:03:38 Event: ULOG_EXECUTE for HTCondor Node apply (9401730.92.0) {07/14/26 17:03:34}
07/14/26 17:03:38 Number of idle job procs: 411
07/14/26 17:03:38 Event: ULOG_EXECUTE for HTCondor Node apply (9401730.93.0) {07/14/26 17:03:34}
07/14/26 17:03:38 Number of idle job procs: 410
07/14/26 17:03:38 Event: ULOG_EXECUTE for HTCondor Node apply (9401730.94.0) {07/14/26 17:03:34}
07/14/26 17:03:38 Number of idle job procs: 409
07/14/26 17:03:38 Event: ULOG_EXECUTE for HTCondor Node apply (9401730.95.0) {07/14/26 17:03:35}
07/14/26 17:03:38 Number of idle job procs: 408
07/14/26 17:03:38 Event: ULOG_EXECUTE for HTCondor Node apply (9401730.97.0) {07/14/26 17:03:35}
07/14/26 17:03:38 Number of idle job procs: 407
07/14/26 17:03:38 Event: ULOG_EXECUTE for HTCondor Node apply (9401730.100.0) {07/14/26 17:03:36}
07/14/26 17:03:38 Number of idle job procs: 406
07/14/26 17:03:38 Event: ULOG_EXECUTE for HTCondor Node apply (9401730.99.0) {07/14/26 17:03:36}
07/14/26 17:03:38 Number of idle job procs: 405
07/14/26 17:03:38 Event: ULOG_EXECUTE for HTCondor Node apply (9401730.98.0) {07/14/26 17:03:36}
07/14/26 17:03:38 Number of idle job procs: 404
07/14/26 17:03:38 Event: ULOG_EXECUTE for HTCondor Node apply (9401730.101.0) {07/14/26 17:03:37}
07/14/26 17:03:38 Number of idle job procs: 403
07/14/26 17:03:38 Event: ULOG_EXECUTE for HTCondor Node apply (9401730.102.0) {07/14/26 17:03:37}
07/14/26 17:03:38 Number of idle job procs: 402
07/14/26 17:03:38 Event: ULOG_EXECUTE for HTCondor Node apply (9401730.103.0) {07/14/26 17:03:37}
07/14/26 17:03:38 Number of idle job procs: 401
07/14/26 17:03:38 Event: ULOG_EXECUTE for HTCondor Node apply (9401730.104.0) {07/14/26 17:03:38}
07/14/26 17:03:38 Number of idle job procs: 400
07/14/26 17:03:39 Event: ULOG_EXECUTE for HTCondor Node apply (9401730.106.0) {07/14/26 17:03:38}
07/14/26 17:03:39 Number of idle job procs: 399
07/14/26 17:03:39 Event: ULOG_EXECUTE for HTCondor Node apply (9401730.107.0) {07/14/26 17:03:38}
07/14/26 17:03:39 Number of idle job procs: 398
07/14/26 17:03:44 Currently monitoring 1 HTCondor log file(s)
07/14/26 17:03:44 Event: ULOG_EXECUTE for HTCondor Node apply (9401730.108.0) {07/14/26 17:03:39}
07/14/26 17:03:44 Number of idle job procs: 397
07/14/26 17:03:44 Event: ULOG_EXECUTE for HTCondor Node apply (9401730.109.0) {07/14/26 17:03:39}
07/14/26 17:03:44 Number of idle job procs: 396
07/14/26 17:03:44 Event: ULOG_EXECUTE for HTCondor Node apply (9401730.110.0) {07/14/26 17:03:39}
07/14/26 17:03:44 Number of idle job procs: 395
07/14/26 17:03:44 Event: ULOG_EXECUTE for HTCondor Node apply (9401730.111.0) {07/14/26 17:03:40}
07/14/26 17:03:44 Number of idle job procs: 394
07/14/26 17:03:44 Event: ULOG_EXECUTE for HTCondor Node apply (9401730.112.0) {07/14/26 17:03:40}
07/14/26 17:03:44 Number of idle job procs: 393
07/14/26 17:03:44 Event: ULOG_EXECUTE for HTCondor Node apply (9401730.113.0) {07/14/26 17:03:40}
07/14/26 17:03:44 Number of idle job procs: 392
07/14/26 17:03:44 Event: ULOG_EXECUTE for HTCondor Node apply (9401730.114.0) {07/14/26 17:03:41}
07/14/26 17:03:44 Number of idle job procs: 391
07/14/26 17:03:44 Event: ULOG_EXECUTE for HTCondor Node apply (9401730.116.0) {07/14/26 17:03:41}
07/14/26 17:03:44 Number of idle job procs: 390
07/14/26 17:03:44 Event: ULOG_EXECUTE for HTCondor Node apply (9401730.115.0) {07/14/26 17:03:41}
07/14/26 17:03:44 Number of idle job procs: 389
07/14/26 17:03:44 Event: ULOG_EXECUTE for HTCondor Node apply (9401730.117.0) {07/14/26 17:03:42}
07/14/26 17:03:44 Number of idle job procs: 388
07/14/26 17:03:44 Event: ULOG_EXECUTE for HTCondor Node apply (9401730.122.0) {07/14/26 17:03:42}
07/14/26 17:03:44 Number of idle job procs: 387
07/14/26 17:03:44 Event: ULOG_EXECUTE for HTCondor Node apply (9401730.119.0) {07/14/26 17:03:42}
07/14/26 17:03:44 Number of idle job procs: 386
07/14/26 17:03:44 Event: ULOG_EXECUTE for HTCondor Node apply (9401730.118.0) {07/14/26 17:03:42}
07/14/26 17:03:44 Number of idle job procs: 385
07/14/26 17:03:45 Event: ULOG_EXECUTE for HTCondor Node apply (9401730.120.0) {07/14/26 17:03:43}
07/14/26 17:03:45 Number of idle job procs: 384
07/14/26 17:03:45 Event: ULOG_EXECUTE for HTCondor Node apply (9401730.121.0) {07/14/26 17:03:43}
07/14/26 17:03:45 Number of idle job procs: 383
07/14/26 17:03:45 Event: ULOG_EXECUTE for HTCondor Node apply (9401730.124.0) {07/14/26 17:03:44}
07/14/26 17:03:45 Number of idle job procs: 382
07/14/26 17:03:45 Event: ULOG_EXECUTE for HTCondor Node apply (9401730.123.0) {07/14/26 17:03:44}
07/14/26 17:03:45 Number of idle job procs: 381
07/14/26 17:03:45 Event: ULOG_EXECUTE for HTCondor Node apply (9401730.125.0) {07/14/26 17:03:44}
07/14/26 17:03:45 Number of idle job procs: 380
07/14/26 17:03:50 Currently monitoring 1 HTCondor log file(s)
07/14/26 17:03:50 Event: ULOG_EXECUTE for HTCondor Node apply (9401730.126.0) {07/14/26 17:03:45}
07/14/26 17:03:50 Number of idle job procs: 379
07/14/26 17:03:50 Event: ULOG_EXECUTE for HTCondor Node apply (9401730.127.0) {07/14/26 17:03:45}
07/14/26 17:03:50 Number of idle job procs: 378
07/14/26 17:03:50 Event: ULOG_EXECUTE for HTCondor Node apply (9401730.130.0) {07/14/26 17:03:45}
07/14/26 17:03:50 Number of idle job procs: 377
07/14/26 17:03:50 Event: ULOG_EXECUTE for HTCondor Node apply (9401730.128.0) {07/14/26 17:03:45}
07/14/26 17:03:50 Number of idle job procs: 376
07/14/26 17:03:50 Event: ULOG_EXECUTE for HTCondor Node apply (9401730.131.0) {07/14/26 17:03:47}
07/14/26 17:03:50 Number of idle job procs: 375
07/14/26 17:03:50 Event: ULOG_EXECUTE for HTCondor Node apply (9401730.129.0) {07/14/26 17:03:47}
07/14/26 17:03:50 Number of idle job procs: 374
07/14/26 17:03:50 Event: ULOG_EXECUTE for HTCondor Node apply (9401730.132.0) {07/14/26 17:03:48}
07/14/26 17:03:50 Number of idle job procs: 373
07/14/26 17:03:50 Event: ULOG_EXECUTE for HTCondor Node apply (9401730.133.0) {07/14/26 17:03:48}
07/14/26 17:03:50 Number of idle job procs: 372
07/14/26 17:03:50 Event: ULOG_EXECUTE for HTCondor Node apply (9401730.134.0) {07/14/26 17:03:48}
07/14/26 17:03:50 Number of idle job procs: 371
07/14/26 17:03:51 Event: ULOG_EXECUTE for HTCondor Node apply (9401730.135.0) {07/14/26 17:03:48}
07/14/26 17:03:51 Number of idle job procs: 370
07/14/26 17:03:51 Event: ULOG_EXECUTE for HTCondor Node apply (9401730.136.0) {07/14/26 17:03:49}
07/14/26 17:03:51 Number of idle job procs: 369
07/14/26 17:03:51 Event: ULOG_EXECUTE for HTCondor Node apply (9401730.137.0) {07/14/26 17:03:49}
07/14/26 17:03:51 Number of idle job procs: 368
07/14/26 17:03:51 Event: ULOG_EXECUTE for HTCondor Node apply (9401730.138.0) {07/14/26 17:03:49}
07/14/26 17:03:51 Number of idle job procs: 367
07/14/26 17:03:51 Event: ULOG_EXECUTE for HTCondor Node apply (9401730.139.0) {07/14/26 17:03:50}
07/14/26 17:03:51 Number of idle job procs: 366
07/14/26 17:03:51 Event: ULOG_EXECUTE for HTCondor Node apply (9401730.140.0) {07/14/26 17:03:50}
07/14/26 17:03:51 Number of idle job procs: 365
07/14/26 17:03:51 Event: ULOG_EXECUTE for HTCondor Node apply (9401730.141.0) {07/14/26 17:03:50}
07/14/26 17:03:51 Number of idle job procs: 364
07/14/26 17:03:51 Event: ULOG_EXECUTE for HTCondor Node apply (9401730.142.0) {07/14/26 17:03:51}
07/14/26 17:03:51 Number of idle job procs: 363
07/14/26 17:03:51 Event: ULOG_EXECUTE for HTCondor Node apply (9401730.143.0) {07/14/26 17:03:51}
07/14/26 17:03:51 Number of idle job procs: 362
07/14/26 17:03:51 Event: ULOG_EXECUTE for HTCondor Node apply (9401730.144.0) {07/14/26 17:03:51}
07/14/26 17:03:51 Number of idle job procs: 361
07/14/26 17:03:56 Currently monitoring 1 HTCondor log file(s)
07/14/26 17:03:56 Event: ULOG_EXECUTE for HTCondor Node apply (9401730.145.0) {07/14/26 17:03:52}
07/14/26 17:03:56 Number of idle job procs: 360
07/14/26 17:03:57 Event: ULOG_EXECUTE for HTCondor Node apply (9401730.146.0) {07/14/26 17:03:52}
07/14/26 17:03:57 Number of idle job procs: 359
07/14/26 17:03:57 Event: ULOG_EXECUTE for HTCondor Node apply (9401730.149.0) {07/14/26 17:03:52}
07/14/26 17:03:57 Number of idle job procs: 358
07/14/26 17:03:57 Event: ULOG_EXECUTE for HTCondor Node apply (9401730.150.0) {07/14/26 17:03:52}
07/14/26 17:03:57 Number of idle job procs: 357
07/14/26 17:03:57 Event: ULOG_JOB_TERMINATED for HTCondor Node apply (9401730.49.0) {07/14/26 17:03:52}
07/14/26 17:03:57 Number of idle job procs: 357
07/14/26 17:03:57 Node apply job proc (9401730.49.0) completed successfully.
07/14/26 17:03:57 Event: ULOG_EXECUTE for HTCondor Node apply (9401730.147.0) {07/14/26 17:03:53}
07/14/26 17:03:57 Number of idle job procs: 356
07/14/26 17:03:57 Event: ULOG_EXECUTE for HTCondor Node apply (9401730.148.0) {07/14/26 17:03:53}
07/14/26 17:03:57 Number of idle job procs: 355
07/14/26 17:03:58 Event: ULOG_EXECUTE for HTCondor Node apply (9401730.152.0) {07/14/26 17:03:54}
07/14/26 17:03:58 Number of idle job procs: 354
07/14/26 17:03:58 Event: ULOG_EXECUTE for HTCondor Node apply (9401730.153.0) {07/14/26 17:03:54}
07/14/26 17:03:58 Number of idle job procs: 353
07/14/26 17:03:58 Event: ULOG_EXECUTE for HTCondor Node apply (9401730.154.0) {07/14/26 17:03:54}
07/14/26 17:03:58 Number of idle job procs: 352
07/14/26 17:03:58 Event: ULOG_EXECUTE for HTCondor Node apply (9401730.155.0) {07/14/26 17:03:54}
07/14/26 17:03:58 Number of idle job procs: 351
07/14/26 17:03:58 Event: ULOG_EXECUTE for HTCondor Node apply (9401730.156.0) {07/14/26 17:03:55}
07/14/26 17:03:58 Number of idle job procs: 350
07/14/26 17:03:58 Event: ULOG_EXECUTE for HTCondor Node apply (9401730.157.0) {07/14/26 17:03:56}
07/14/26 17:03:58 Number of idle job procs: 349
07/14/26 17:03:58 Event: ULOG_EXECUTE for HTCondor Node apply (9401730.158.0) {07/14/26 17:03:56}
07/14/26 17:03:58 Number of idle job procs: 348
07/14/26 17:03:59 Event: ULOG_EXECUTE for HTCondor Node apply (9401730.159.0) {07/14/26 17:03:56}
07/14/26 17:03:59 Number of idle job procs: 347
07/14/26 17:03:59 Event: ULOG_EXECUTE for HTCondor Node apply (9401730.160.0) {07/14/26 17:03:56}
07/14/26 17:03:59 Number of idle job procs: 346
07/14/26 17:03:59 Event: ULOG_EXECUTE for HTCondor Node apply (9401730.165.0) {07/14/26 17:03:57}
07/14/26 17:03:59 Number of idle job procs: 345
07/14/26 17:03:59 Event: ULOG_EXECUTE for HTCondor Node apply (9401730.162.0) {07/14/26 17:03:57}
07/14/26 17:03:59 Number of idle job procs: 344
07/14/26 17:03:59 Event: ULOG_EXECUTE for HTCondor Node apply (9401730.166.0) {07/14/26 17:03:57}
07/14/26 17:03:59 Number of idle job procs: 343
07/14/26 17:03:59 Event: ULOG_EXECUTE for HTCondor Node apply (9401730.163.0) {07/14/26 17:03:57}
07/14/26 17:03:59 Number of idle job procs: 342
07/14/26 17:03:59 Event: ULOG_EXECUTE for HTCondor Node apply (9401730.161.0) {07/14/26 17:03:57}
07/14/26 17:03:59 Number of idle job procs: 341
07/14/26 17:04:00 Event: ULOG_EXECUTE for HTCondor Node apply (9401730.164.0) {07/14/26 17:03:58}
07/14/26 17:04:00 Number of idle job procs: 340
07/14/26 17:04:00 Event: ULOG_EXECUTE for HTCondor Node apply (9401730.168.0) {07/14/26 17:03:58}
07/14/26 17:04:00 Number of idle job procs: 339
07/14/26 17:04:00 Event: ULOG_JOB_TERMINATED for HTCondor Node apply (9401730.96.0) {07/14/26 17:03:58}
07/14/26 17:04:00 Number of idle job procs: 339
07/14/26 17:04:00 Node apply job proc (9401730.96.0) completed successfully.
07/14/26 17:04:00 Event: ULOG_EXECUTE for HTCondor Node apply (9401730.167.0) {07/14/26 17:03:59}
07/14/26 17:04:00 Number of idle job procs: 338
07/14/26 17:04:00 Event: ULOG_EXECUTE for HTCondor Node apply (9401730.169.0) {07/14/26 17:04:00}
07/14/26 17:04:00 Number of idle job procs: 337
07/14/26 17:04:00 Event: ULOG_EXECUTE for HTCondor Node apply (9401730.170.0) {07/14/26 17:04:00}
07/14/26 17:04:00 Number of idle job procs: 336
07/14/26 17:04:05 Currently monitoring 1 HTCondor log file(s)
07/14/26 17:04:05 Event: ULOG_EXECUTE for HTCondor Node apply (9401730.171.0) {07/14/26 17:04:00}
07/14/26 17:04:06 Number of idle job procs: 335
07/14/26 17:04:06 Event: ULOG_EXECUTE for HTCondor Node apply (9401730.172.0) {07/14/26 17:04:01}
07/14/26 17:04:06 Number of idle job procs: 334
07/14/26 17:04:06 Event: ULOG_EXECUTE for HTCondor Node apply (9401730.173.0) {07/14/26 17:04:01}
07/14/26 17:04:06 Number of idle job procs: 333
07/14/26 17:04:06 Event: ULOG_EXECUTE for HTCondor Node apply (9401730.174.0) {07/14/26 17:04:01}
07/14/26 17:04:06 Number of idle job procs: 332
07/14/26 17:04:06 Event: ULOG_EXECUTE for HTCondor Node apply (9401730.175.0) {07/14/26 17:04:02}
07/14/26 17:04:06 Number of idle job procs: 331
07/14/26 17:04:06 Event: ULOG_EXECUTE for HTCondor Node apply (9401730.176.0) {07/14/26 17:04:02}
07/14/26 17:04:06 Number of idle job procs: 330
07/14/26 17:04:07 Event: ULOG_EXECUTE for HTCondor Node apply (9401730.179.0) {07/14/26 17:04:03}
07/14/26 17:04:07 Number of idle job procs: 329
07/14/26 17:04:07 Event: ULOG_EXECUTE for HTCondor Node apply (9401730.177.0) {07/14/26 17:04:03}
07/14/26 17:04:07 Number of idle job procs: 328
07/14/26 17:04:07 Event: ULOG_EXECUTE for HTCondor Node apply (9401730.178.0) {07/14/26 17:04:03}
07/14/26 17:04:07 Number of idle job procs: 327
07/14/26 17:04:07 Event: ULOG_EXECUTE for HTCondor Node apply (9401730.180.0) {07/14/26 17:04:04}
07/14/26 17:04:07 Number of idle job procs: 326
07/14/26 17:04:08 Event: ULOG_EXECUTE for HTCondor Node apply (9401730.181.0) {07/14/26 17:04:04}
07/14/26 17:04:08 Number of idle job procs: 325
07/14/26 17:04:08 Event: ULOG_EXECUTE for HTCondor Node apply (9401730.182.0) {07/14/26 17:04:05}
07/14/26 17:04:08 Number of idle job procs: 324
07/14/26 17:04:08 Event: ULOG_JOB_TERMINATED for HTCondor Node apply (9401730.31.0) {07/14/26 17:04:05}
07/14/26 17:04:08 Number of idle job procs: 324
07/14/26 17:04:08 Node apply job proc (9401730.31.0) completed successfully.
07/14/26 17:04:08 Event: ULOG_EXECUTE for HTCondor Node apply (9401730.183.0) {07/14/26 17:04:05}
07/14/26 17:04:08 Number of idle job procs: 323
07/14/26 17:04:09 Event: ULOG_EXECUTE for HTCondor Node apply (9401730.184.0) {07/14/26 17:04:05}
07/14/26 17:04:09 Number of idle job procs: 322
07/14/26 17:04:09 Event: ULOG_EXECUTE for HTCondor Node apply (9401730.185.0) {07/14/26 17:04:06}
07/14/26 17:04:09 Number of idle job procs: 321
07/14/26 17:04:09 Event: ULOG_EXECUTE for HTCondor Node apply (9401730.186.0) {07/14/26 17:04:06}
07/14/26 17:04:09 Number of idle job procs: 320
07/14/26 17:04:09 Event: ULOG_EXECUTE for HTCondor Node apply (9401730.189.0) {07/14/26 17:04:07}
07/14/26 17:04:09 Number of idle job procs: 319
07/14/26 17:04:09 Event: ULOG_EXECUTE for HTCondor Node apply (9401730.187.0) {07/14/26 17:04:07}
07/14/26 17:04:09 Number of idle job procs: 318
07/14/26 17:04:09 Event: ULOG_EXECUTE for HTCondor Node apply (9401730.188.0) {07/14/26 17:04:07}
07/14/26 17:04:10 Number of idle job procs: 317
07/14/26 17:04:10 Event: ULOG_JOB_TERMINATED for HTCondor Node apply (9401730.70.0) {07/14/26 17:04:07}
07/14/26 17:04:10 Number of idle job procs: 317
07/14/26 17:04:10 Node apply job proc (9401730.70.0) completed successfully.
07/14/26 17:04:10 Event: ULOG_EXECUTE for HTCondor Node apply (9401730.191.0) {07/14/26 17:04:08}
07/14/26 17:04:10 Number of idle job procs: 316
07/14/26 17:04:10 Event: ULOG_EXECUTE for HTCondor Node apply (9401730.192.0) {07/14/26 17:04:08}
07/14/26 17:04:10 Number of idle job procs: 315
07/14/26 17:04:10 Event: ULOG_EXECUTE for HTCondor Node apply (9401730.190.0) {07/14/26 17:04:08}
07/14/26 17:04:10 Number of idle job procs: 314
07/14/26 17:04:10 Event: ULOG_EXECUTE for HTCondor Node apply (9401730.193.0) {07/14/26 17:04:08}
07/14/26 17:04:11 Number of idle job procs: 313
07/14/26 17:04:11 Event: ULOG_EXECUTE for HTCondor Node apply (9401730.194.0) {07/14/26 17:04:09}
07/14/26 17:04:11 Number of idle job procs: 312
07/14/26 17:04:11 Event: ULOG_EXECUTE for HTCondor Node apply (9401730.195.0) {07/14/26 17:04:09}
07/14/26 17:04:11 Number of idle job procs: 311
07/14/26 17:04:11 Event: ULOG_EXECUTE for HTCondor Node apply (9401730.196.0) {07/14/26 17:04:09}
07/14/26 17:04:11 Number of idle job procs: 310
07/14/26 17:04:11 Event: ULOG_EXECUTE for HTCondor Node apply (9401730.199.0) {07/14/26 17:04:11}
07/14/26 17:04:11 Number of idle job procs: 309
07/14/26 17:04:11 Event: ULOG_EXECUTE for HTCondor Node apply (9401730.197.0) {07/14/26 17:04:11}
07/14/26 17:04:11 Number of idle job procs: 308
07/14/26 17:04:12 Event: ULOG_EXECUTE for HTCondor Node apply (9401730.198.0) {07/14/26 17:04:11}
07/14/26 17:04:12 Number of idle job procs: 307
07/14/26 17:04:17 Currently monitoring 1 HTCondor log file(s)
07/14/26 17:04:17 Event: ULOG_EXECUTE for HTCondor Node apply (9401730.200.0) {07/14/26 17:04:12}
07/14/26 17:04:17 Number of idle job procs: 306
07/14/26 17:04:17 Event: ULOG_EXECUTE for HTCondor Node apply (9401730.201.0) {07/14/26 17:04:12}
07/14/26 17:04:17 Number of idle job procs: 305
07/14/26 17:04:17 Event: ULOG_EXECUTE for HTCondor Node apply (9401730.202.0) {07/14/26 17:04:13}
07/14/26 17:04:17 Number of idle job procs: 304
07/14/26 17:04:17 Event: ULOG_EXECUTE for HTCondor Node apply (9401730.203.0) {07/14/26 17:04:13}
07/14/26 17:04:17 Number of idle job procs: 303
07/14/26 17:04:18 Event: ULOG_EXECUTE for HTCondor Node apply (9401730.209.0) {07/14/26 17:04:14}
07/14/26 17:04:18 Number of idle job procs: 302
07/14/26 17:04:18 Event: ULOG_EXECUTE for HTCondor Node apply (9401730.204.0) {07/14/26 17:04:15}
07/14/26 17:04:18 Number of idle job procs: 301
07/14/26 17:04:18 Event: ULOG_EXECUTE for HTCondor Node apply (9401730.208.0) {07/14/26 17:04:16}
07/14/26 17:04:18 Number of idle job procs: 300
07/14/26 17:04:18 Event: ULOG_EXECUTE for HTCondor Node apply (9401730.207.0) {07/14/26 17:04:16}
07/14/26 17:04:19 Number of idle job procs: 299
07/14/26 17:04:19 Event: ULOG_EXECUTE for HTCondor Node apply (9401730.205.0) {07/14/26 17:04:16}
07/14/26 17:04:19 Number of idle job procs: 298
07/14/26 17:04:19 Event: ULOG_EXECUTE for HTCondor Node apply (9401730.206.0) {07/14/26 17:04:16}
07/14/26 17:04:19 Number of idle job procs: 297
07/14/26 17:04:19 Event: ULOG_EXECUTE for HTCondor Node apply (9401730.210.0) {07/14/26 17:04:16}
07/14/26 17:04:19 Number of idle job procs: 296
07/14/26 17:04:19 Event: ULOG_EXECUTE for HTCondor Node apply (9401730.211.0) {07/14/26 17:04:16}
07/14/26 17:04:19 Number of idle job procs: 295
07/14/26 17:04:19 Event: ULOG_EXECUTE for HTCondor Node apply (9401730.212.0) {07/14/26 17:04:16}
07/14/26 17:04:19 Number of idle job procs: 294
07/14/26 17:04:20 Event: ULOG_JOB_TERMINATED for HTCondor Node apply (9401730.52.0) {07/14/26 17:04:18}
07/14/26 17:04:20 Number of idle job procs: 294
07/14/26 17:04:20 Node apply job proc (9401730.52.0) completed successfully.
07/14/26 17:04:20 Event: ULOG_EXECUTE for HTCondor Node apply (9401730.213.0) {07/14/26 17:04:18}
07/14/26 17:04:20 Number of idle job procs: 293
07/14/26 17:04:20 Event: ULOG_JOB_TERMINATED for HTCondor Node apply (9401730.30.0) {07/14/26 17:04:18}
07/14/26 17:04:20 Number of idle job procs: 293
07/14/26 17:04:20 Node apply job proc (9401730.30.0) completed successfully.
07/14/26 17:04:20 Event: ULOG_EXECUTE for HTCondor Node apply (9401730.214.0) {07/14/26 17:04:18}
07/14/26 17:04:21 Number of idle job procs: 292
07/14/26 17:04:21 Event: ULOG_EXECUTE for HTCondor Node apply (9401730.215.0) {07/14/26 17:04:18}
07/14/26 17:04:21 Number of idle job procs: 291
07/14/26 17:04:21 Event: ULOG_EXECUTE for HTCondor Node apply (9401730.217.0) {07/14/26 17:04:18}
07/14/26 17:04:21 Number of idle job procs: 290
07/14/26 17:04:21 Event: ULOG_EXECUTE for HTCondor Node apply (9401730.216.0) {07/14/26 17:04:19}
07/14/26 17:04:21 Number of idle job procs: 289
07/14/26 17:04:21 Event: ULOG_EXECUTE for HTCondor Node apply (9401730.218.0) {07/14/26 17:04:19}
07/14/26 17:04:21 Number of idle job procs: 288
07/14/26 17:04:21 Event: ULOG_EXECUTE for HTCondor Node apply (9401730.219.0) {07/14/26 17:04:20}
07/14/26 17:04:22 Number of idle job procs: 287
07/14/26 17:04:22 Event: ULOG_EXECUTE for HTCondor Node apply (9401730.223.0) {07/14/26 17:04:20}
07/14/26 17:04:22 Number of idle job procs: 286
07/14/26 17:04:22 Event: ULOG_EXECUTE for HTCondor Node apply (9401730.220.0) {07/14/26 17:04:20}
07/14/26 17:04:22 Number of idle job procs: 285
07/14/26 17:04:22 Event: ULOG_EXECUTE for HTCondor Node apply (9401730.221.0) {07/14/26 17:04:20}
07/14/26 17:04:22 Number of idle job procs: 284
07/14/26 17:04:22 Event: ULOG_EXECUTE for HTCondor Node apply (9401730.222.0) {07/14/26 17:04:21}
07/14/26 17:04:22 Number of idle job procs: 283
07/14/26 17:04:23 Event: ULOG_EXECUTE for HTCondor Node apply (9401730.224.0) {07/14/26 17:04:21}
07/14/26 17:04:23 Number of idle job procs: 282
07/14/26 17:04:23 Event: ULOG_EXECUTE for HTCondor Node apply (9401730.226.0) {07/14/26 17:04:22}
07/14/26 17:04:23 Number of idle job procs: 281
07/14/26 17:04:23 Event: ULOG_EXECUTE for HTCondor Node apply (9401730.225.0) {07/14/26 17:04:22}
07/14/26 17:04:23 Number of idle job procs: 280
07/14/26 17:04:23 Event: ULOG_EXECUTE for HTCondor Node apply (9401730.231.0) {07/14/26 17:04:23}
07/14/26 17:04:23 Number of idle job procs: 279
07/14/26 17:04:23 Event: ULOG_EXECUTE for HTCondor Node apply (9401730.229.0) {07/14/26 17:04:23}
07/14/26 17:04:23 Number of idle job procs: 278
07/14/26 17:04:29 Currently monitoring 1 HTCondor log file(s)
07/14/26 17:04:29 Event: ULOG_EXECUTE for HTCondor Node apply (9401730.233.0) {07/14/26 17:04:24}
07/14/26 17:04:29 Number of idle job procs: 277
07/14/26 17:04:29 Event: ULOG_EXECUTE for HTCondor Node apply (9401730.234.0) {07/14/26 17:04:24}
07/14/26 17:04:29 Number of idle job procs: 276
07/14/26 17:04:29 Event: ULOG_EXECUTE for HTCondor Node apply (9401730.235.0) {07/14/26 17:04:25}
07/14/26 17:04:29 Number of idle job procs: 275
07/14/26 17:04:29 Event: ULOG_JOB_TERMINATED for HTCondor Node apply (9401730.90.0) {07/14/26 17:04:25}
07/14/26 17:04:29 Number of idle job procs: 275
07/14/26 17:04:30 Node apply job proc (9401730.90.0) completed successfully.
07/14/26 17:04:30 Event: ULOG_EXECUTE for HTCondor Node apply (9401730.243.0) {07/14/26 17:04:27}
07/14/26 17:04:30 Number of idle job procs: 274
07/14/26 17:04:30 Event: ULOG_EXECUTE for HTCondor Node apply (9401730.241.0) {07/14/26 17:04:27}
07/14/26 17:04:30 Number of idle job procs: 273
07/14/26 17:04:30 Event: ULOG_EXECUTE for HTCondor Node apply (9401730.244.0) {07/14/26 17:04:28}
07/14/26 17:04:30 Number of idle job procs: 272
07/14/26 17:04:31 Event: ULOG_EXECUTE for HTCondor Node apply (9401730.230.0) {07/14/26 17:04:28}
07/14/26 17:04:31 Number of idle job procs: 271
07/14/26 17:04:31 Event: ULOG_EXECUTE for HTCondor Node apply (9401730.105.0) {07/14/26 17:04:28}
07/14/26 17:04:31 Number of idle job procs: 270
07/14/26 17:04:31 Event: ULOG_EXECUTE for HTCondor Node apply (9401730.249.0) {07/14/26 17:04:29}
07/14/26 17:04:31 Number of idle job procs: 269
07/14/26 17:04:31 Event: ULOG_EXECUTE for HTCondor Node apply (9401730.246.0) {07/14/26 17:04:29}
07/14/26 17:04:32 Number of idle job procs: 268
07/14/26 17:04:32 Event: ULOG_EXECUTE for HTCondor Node apply (9401730.247.0) {07/14/26 17:04:29}
07/14/26 17:04:32 Number of idle job procs: 267
07/14/26 17:04:32 Event: ULOG_JOB_TERMINATED for HTCondor Node apply (9401730.42.0) {07/14/26 17:04:29}
07/14/26 17:04:32 Number of idle job procs: 267
07/14/26 17:04:32 Node apply job proc (9401730.42.0) completed successfully.
07/14/26 17:04:32 Event: ULOG_EXECUTE for HTCondor Node apply (9401730.250.0) {07/14/26 17:04:30}
07/14/26 17:04:32 Number of idle job procs: 266
07/14/26 17:04:33 Event: ULOG_EXECUTE for HTCondor Node apply (9401730.252.0) {07/14/26 17:04:30}
07/14/26 17:04:33 Number of idle job procs: 265
07/14/26 17:04:33 Event: ULOG_EXECUTE for HTCondor Node apply (9401730.251.0) {07/14/26 17:04:30}
07/14/26 17:04:33 Number of idle job procs: 264
07/14/26 17:04:33 Event: ULOG_JOB_TERMINATED for HTCondor Node apply (9401730.94.0) {07/14/26 17:04:31}
07/14/26 17:04:33 Number of idle job procs: 264
07/14/26 17:04:33 Node apply job proc (9401730.94.0) completed successfully.
07/14/26 17:04:33 Event: ULOG_EXECUTE for HTCondor Node apply (9401730.253.0) {07/14/26 17:04:31}
07/14/26 17:04:33 Number of idle job procs: 263
07/14/26 17:04:34 Event: ULOG_EXECUTE for HTCondor Node apply (9401730.255.0) {07/14/26 17:04:32}
07/14/26 17:04:34 Number of idle job procs: 262
07/14/26 17:04:34 Event: ULOG_JOB_TERMINATED for HTCondor Node apply (9401730.93.0) {07/14/26 17:04:32}
07/14/26 17:04:34 Number of idle job procs: 262
07/14/26 17:04:34 Node apply job proc (9401730.93.0) completed successfully.
07/14/26 17:04:34 Event: ULOG_EXECUTE for HTCondor Node apply (9401730.256.0) {07/14/26 17:04:32}
07/14/26 17:04:34 Number of idle job procs: 261
07/14/26 17:04:34 Event: ULOG_EXECUTE for HTCondor Node apply (9401730.257.0) {07/14/26 17:04:32}
07/14/26 17:04:35 Number of idle job procs: 260
07/14/26 17:04:35 Event: ULOG_EXECUTE for HTCondor Node apply (9401730.254.0) {07/14/26 17:04:32}
07/14/26 17:04:35 Number of idle job procs: 259
07/14/26 17:04:35 Event: ULOG_EXECUTE for HTCondor Node apply (9401730.258.0) {07/14/26 17:04:32}
07/14/26 17:04:35 Number of idle job procs: 258
07/14/26 17:04:35 Event: ULOG_EXECUTE for HTCondor Node apply (9401730.259.0) {07/14/26 17:04:33}
07/14/26 17:04:35 Number of idle job procs: 257
07/14/26 17:04:36 Event: ULOG_EXECUTE for HTCondor Node apply (9401730.260.0) {07/14/26 17:04:33}
07/14/26 17:04:36 Number of idle job procs: 256
07/14/26 17:04:36 Event: ULOG_EXECUTE for HTCondor Node apply (9401730.261.0) {07/14/26 17:04:33}
07/14/26 17:04:36 Number of idle job procs: 255
07/14/26 17:04:36 Event: ULOG_EXECUTE for HTCondor Node apply (9401730.262.0) {07/14/26 17:04:34}
07/14/26 17:04:37 Number of idle job procs: 254
07/14/26 17:04:37 Event: ULOG_EXECUTE for HTCondor Node apply (9401730.263.0) {07/14/26 17:04:34}
07/14/26 17:04:37 Number of idle job procs: 253
07/14/26 17:04:37 Event: ULOG_EXECUTE for HTCondor Node apply (9401730.264.0) {07/14/26 17:04:34}
07/14/26 17:04:37 Number of idle job procs: 252
07/14/26 17:04:37 Event: ULOG_EXECUTE for HTCondor Node apply (9401730.265.0) {07/14/26 17:04:35}
07/14/26 17:04:37 Number of idle job procs: 251
07/14/26 17:04:38 Event: ULOG_EXECUTE for HTCondor Node apply (9401730.267.0) {07/14/26 17:04:35}
07/14/26 17:04:38 Number of idle job procs: 250
07/14/26 17:04:38 Event: ULOG_EXECUTE for HTCondor Node apply (9401730.266.0) {07/14/26 17:04:35}
07/14/26 17:04:38 Number of idle job procs: 249
07/14/26 17:04:38 Event: ULOG_EXECUTE for HTCondor Node apply (9401730.268.0) {07/14/26 17:04:36}
07/14/26 17:04:38 Number of idle job procs: 248
07/14/26 17:04:38 Event: ULOG_EXECUTE for HTCondor Node apply (9401730.269.0) {07/14/26 17:04:36}
07/14/26 17:04:38 Number of idle job procs: 247
07/14/26 17:04:39 Event: ULOG_EXECUTE for HTCondor Node apply (9401730.270.0) {07/14/26 17:04:36}
07/14/26 17:04:39 Number of idle job procs: 246
07/14/26 17:04:39 Event: ULOG_JOB_TERMINATED for HTCondor Node apply (9401730.91.0) {07/14/26 17:04:36}
07/14/26 17:04:39 Number of idle job procs: 246
07/14/26 17:04:39 Node apply job proc (9401730.91.0) completed successfully.
07/14/26 17:04:39 Event: ULOG_JOB_TERMINATED for HTCondor Node apply (9401730.196.0) {07/14/26 17:04:37}
07/14/26 17:04:39 Number of idle job procs: 246
07/14/26 17:04:39 Node apply job proc (9401730.196.0) completed successfully.
07/14/26 17:04:40 Event: ULOG_EXECUTE for HTCondor Node apply (9401730.271.0) {07/14/26 17:04:37}
07/14/26 17:04:40 Number of idle job procs: 245
07/14/26 17:04:40 Event: ULOG_EXECUTE for HTCondor Node apply (9401730.272.0) {07/14/26 17:04:37}
07/14/26 17:04:40 Number of idle job procs: 244
07/14/26 17:04:40 Event: ULOG_EXECUTE for HTCondor Node apply (9401730.273.0) {07/14/26 17:04:37}
07/14/26 17:04:40 Number of idle job procs: 243
07/14/26 17:04:40 Event: ULOG_JOB_TERMINATED for HTCondor Node apply (9401730.97.0) {07/14/26 17:04:37}
07/14/26 17:04:41 Number of idle job procs: 243
07/14/26 17:04:41 Node apply job proc (9401730.97.0) completed successfully.
07/14/26 17:04:41 Event: ULOG_EXECUTE for HTCondor Node apply (9401730.274.0) {07/14/26 17:04:38}
07/14/26 17:04:41 Number of idle job procs: 242
07/14/26 17:04:41 Event: ULOG_EXECUTE for HTCondor Node apply (9401730.277.0) {07/14/26 17:04:39}
07/14/26 17:04:41 Number of idle job procs: 241
07/14/26 17:04:41 Event: ULOG_EXECUTE for HTCondor Node apply (9401730.278.0) {07/14/26 17:04:39}
07/14/26 17:04:41 Number of idle job procs: 240
07/14/26 17:04:42 Event: ULOG_JOB_TERMINATED for HTCondor Node apply (9401730.195.0) {07/14/26 17:04:39}
07/14/26 17:04:42 Number of idle job procs: 240
07/14/26 17:04:42 Node apply job proc (9401730.195.0) completed successfully.
07/14/26 17:04:42 Event: ULOG_EXECUTE for HTCondor Node apply (9401730.280.0) {07/14/26 17:04:40}
07/14/26 17:04:42 Number of idle job procs: 239
07/14/26 17:04:42 Event: ULOG_EXECUTE for HTCondor Node apply (9401730.281.0) {07/14/26 17:04:40}
07/14/26 17:04:42 Number of idle job procs: 238
07/14/26 17:04:42 Event: ULOG_EXECUTE for HTCondor Node apply (9401730.282.0) {07/14/26 17:04:40}
07/14/26 17:04:43 Number of idle job procs: 237
07/14/26 17:04:43 Event: ULOG_EXECUTE for HTCondor Node apply (9401730.288.0) {07/14/26 17:04:42}
07/14/26 17:04:43 Number of idle job procs: 236
07/14/26 17:04:48 Currently monitoring 1 HTCondor log file(s)
07/14/26 17:04:48 Event: ULOG_EXECUTE for HTCondor Node apply (9401730.291.0) {07/14/26 17:04:43}
07/14/26 17:04:48 Number of idle job procs: 235
07/14/26 17:04:48 Event: ULOG_EXECUTE for HTCondor Node apply (9401730.290.0) {07/14/26 17:04:43}
07/14/26 17:04:48 Number of idle job procs: 234
07/14/26 17:04:48 Event: ULOG_JOB_TERMINATED for HTCondor Node apply (9401730.95.0) {07/14/26 17:04:43}
07/14/26 17:04:49 Number of idle job procs: 234
07/14/26 17:04:49 Node apply job proc (9401730.95.0) completed successfully.
07/14/26 17:04:49 Event: ULOG_EXECUTE for HTCondor Node apply (9401730.292.0) {07/14/26 17:04:44}
07/14/26 17:04:49 Number of idle job procs: 233
07/14/26 17:04:49 Event: ULOG_EXECUTE for HTCondor Node apply (9401730.294.0) {07/14/26 17:04:44}
07/14/26 17:04:49 Number of idle job procs: 232
07/14/26 17:04:49 Event: ULOG_EXECUTE for HTCondor Node apply (9401730.297.0) {07/14/26 17:04:45}
07/14/26 17:04:49 Number of idle job procs: 231
07/14/26 17:04:49 Event: ULOG_EXECUTE for HTCondor Node apply (9401730.298.0) {07/14/26 17:04:45}
07/14/26 17:04:49 Number of idle job procs: 230
07/14/26 17:04:50 Event: ULOG_EXECUTE for HTCondor Node apply (9401730.295.0) {07/14/26 17:04:45}
07/14/26 17:04:50 Number of idle job procs: 229
07/14/26 17:04:50 Event: ULOG_EXECUTE for HTCondor Node apply (9401730.299.0) {07/14/26 17:04:46}
07/14/26 17:04:50 Number of idle job procs: 228
07/14/26 17:04:50 Event: ULOG_EXECUTE for HTCondor Node apply (9401730.301.0) {07/14/26 17:04:46}
07/14/26 17:04:50 Number of idle job procs: 227
07/14/26 17:04:50 Event: ULOG_EXECUTE for HTCondor Node apply (9401730.300.0) {07/14/26 17:04:46}
07/14/26 17:04:50 Number of idle job procs: 226
07/14/26 17:04:50 Event: ULOG_EXECUTE for HTCondor Node apply (9401730.302.0) {07/14/26 17:04:47}
07/14/26 17:04:51 Number of idle job procs: 225
07/14/26 17:04:51 Event: ULOG_EXECUTE for HTCondor Node apply (9401730.303.0) {07/14/26 17:04:47}
07/14/26 17:04:51 Number of idle job procs: 224
07/14/26 17:04:51 Event: ULOG_EXECUTE for HTCondor Node apply (9401730.306.0) {07/14/26 17:04:48}
07/14/26 17:04:51 Number of idle job procs: 223
07/14/26 17:04:51 Event: ULOG_EXECUTE for HTCondor Node apply (9401730.307.0) {07/14/26 17:04:48}
07/14/26 17:04:51 Number of idle job procs: 222
07/14/26 17:04:51 Event: ULOG_EXECUTE for HTCondor Node apply (9401730.309.0) {07/14/26 17:04:49}
07/14/26 17:04:51 Number of idle job procs: 221
07/14/26 17:04:51 Event: ULOG_EXECUTE for HTCondor Node apply (9401730.310.0) {07/14/26 17:04:49}
07/14/26 17:04:51 Number of idle job procs: 220
07/14/26 17:04:52 Event: ULOG_EXECUTE for HTCondor Node apply (9401730.311.0) {07/14/26 17:04:50}
07/14/26 17:04:52 Number of idle job procs: 219
07/14/26 17:04:57 Currently monitoring 1 HTCondor log file(s)
07/14/26 17:04:57 Event: ULOG_EXECUTE for HTCondor Node apply (9401730.317.0) {07/14/26 17:04:52}
07/14/26 17:04:57 Number of idle job procs: 218
07/14/26 17:04:57 Event: ULOG_EXECUTE for HTCondor Node apply (9401730.319.0) {07/14/26 17:04:52}
07/14/26 17:04:57 Number of idle job procs: 217
07/14/26 17:04:57 Event: ULOG_EXECUTE for HTCondor Node apply (9401730.321.0) {07/14/26 17:04:53}
07/14/26 17:04:57 Number of idle job procs: 216
07/14/26 17:04:57 Event: ULOG_EXECUTE for HTCondor Node apply (9401730.320.0) {07/14/26 17:04:54}
07/14/26 17:04:57 Number of idle job procs: 215
07/14/26 17:04:58 Event: ULOG_EXECUTE for HTCondor Node apply (9401730.323.0) {07/14/26 17:04:54}
07/14/26 17:04:58 Number of idle job procs: 214
07/14/26 17:04:58 Event: ULOG_EXECUTE for HTCondor Node apply (9401730.325.0) {07/14/26 17:04:56}
07/14/26 17:04:58 Number of idle job procs: 213
07/14/26 17:04:58 Event: ULOG_EXECUTE for HTCondor Node apply (9401730.326.0) {07/14/26 17:04:56}
07/14/26 17:04:58 Number of idle job procs: 212
07/14/26 17:04:58 Event: ULOG_EXECUTE for HTCondor Node apply (9401730.327.0) {07/14/26 17:04:56}
07/14/26 17:04:58 Number of idle job procs: 211
07/14/26 17:04:58 Event: ULOG_EXECUTE for HTCondor Node apply (9401730.330.0) {07/14/26 17:04:57}
07/14/26 17:04:59 Number of idle job procs: 210
07/14/26 17:04:59 Event: ULOG_EXECUTE for HTCondor Node apply (9401730.331.0) {07/14/26 17:04:58}
07/14/26 17:04:59 Number of idle job procs: 209
07/14/26 17:04:59 Event: ULOG_EXECUTE for HTCondor Node apply (9401730.333.0) {07/14/26 17:04:58}
07/14/26 17:04:59 Number of idle job procs: 208
07/14/26 17:04:59 Event: ULOG_EXECUTE for HTCondor Node apply (9401730.335.0) {07/14/26 17:04:59}
07/14/26 17:04:59 Number of idle job procs: 207
07/14/26 17:04:59 Event: ULOG_EXECUTE for HTCondor Node apply (9401730.334.0) {07/14/26 17:04:59}
07/14/26 17:04:59 Number of idle job procs: 206
07/14/26 17:05:05 Currently monitoring 1 HTCondor log file(s)
07/14/26 17:05:05 Event: ULOG_JOB_TERMINATED for HTCondor Node apply (9401730.179.0) {07/14/26 17:05:00}
07/14/26 17:05:05 Number of idle job procs: 206
07/14/26 17:05:05 Node apply job proc (9401730.179.0) completed successfully.
07/14/26 17:05:05 Event: ULOG_EXECUTE for HTCondor Node apply (9401730.341.0) {07/14/26 17:05:01}
07/14/26 17:05:05 Number of idle job procs: 205
07/14/26 17:05:05 Event: ULOG_JOB_TERMINATED for HTCondor Node apply (9401730.51.0) {07/14/26 17:05:01}
07/14/26 17:05:05 Number of idle job procs: 205
07/14/26 17:05:05 Node apply job proc (9401730.51.0) completed successfully.
07/14/26 17:05:06 Event: ULOG_EXECUTE for HTCondor Node apply (9401730.343.0) {07/14/26 17:05:02}
07/14/26 17:05:06 Number of idle job procs: 204
07/14/26 17:05:06 Event: ULOG_EXECUTE for HTCondor Node apply (9401730.345.0) {07/14/26 17:05:02}
07/14/26 17:05:06 Number of idle job procs: 203
07/14/26 17:05:06 Event: ULOG_EXECUTE for HTCondor Node apply (9401730.324.0) {07/14/26 17:05:02}
07/14/26 17:05:06 Number of idle job procs: 202
07/14/26 17:05:06 Event: ULOG_EXECUTE for HTCondor Node apply (9401730.346.0) {07/14/26 17:05:03}
07/14/26 17:05:06 Number of idle job procs: 201
07/14/26 17:05:06 Event: ULOG_JOB_TERMINATED for HTCondor Node apply (9401730.98.0) {07/14/26 17:05:04}
07/14/26 17:05:06 Number of idle job procs: 201
07/14/26 17:05:07 Node apply job proc (9401730.98.0) completed successfully.
07/14/26 17:05:07 Event: ULOG_EXECUTE for HTCondor Node apply (9401730.349.0) {07/14/26 17:05:04}
07/14/26 17:05:07 Number of idle job procs: 200
07/14/26 17:05:07 Event: ULOG_EXECUTE for HTCondor Node apply (9401730.348.0) {07/14/26 17:05:04}
07/14/26 17:05:07 Number of idle job procs: 199
07/14/26 17:05:07 Event: ULOG_EXECUTE for HTCondor Node apply (9401730.350.0) {07/14/26 17:05:04}
07/14/26 17:05:07 Number of idle job procs: 198
07/14/26 17:05:07 Event: ULOG_EXECUTE for HTCondor Node apply (9401730.352.0) {07/14/26 17:05:05}
07/14/26 17:05:07 Number of idle job procs: 197
07/14/26 17:05:07 Event: ULOG_EXECUTE for HTCondor Node apply (9401730.353.0) {07/14/26 17:05:05}
07/14/26 17:05:07 Number of idle job procs: 196
07/14/26 17:05:08 Event: ULOG_JOB_TERMINATED for HTCondor Node apply (9401730.291.0) {07/14/26 17:05:05}
07/14/26 17:05:08 Number of idle job procs: 196
07/14/26 17:05:08 Node apply job proc (9401730.291.0) completed successfully.
07/14/26 17:05:08 Event: ULOG_EXECUTE for HTCondor Node apply (9401730.354.0) {07/14/26 17:05:06}
07/14/26 17:05:08 Number of idle job procs: 195
07/14/26 17:05:08 Event: ULOG_EXECUTE for HTCondor Node apply (9401730.360.0) {07/14/26 17:05:08}
07/14/26 17:05:08 Number of idle job procs: 194
07/14/26 17:05:08 Event: ULOG_EXECUTE for HTCondor Node apply (9401730.362.0) {07/14/26 17:05:08}
07/14/26 17:05:08 Number of idle job procs: 193
07/14/26 17:05:13 Currently monitoring 1 HTCondor log file(s)
07/14/26 17:05:14 Event: ULOG_JOB_TERMINATED for HTCondor Node apply (9401730.193.0) {07/14/26 17:05:09}
07/14/26 17:05:14 Number of idle job procs: 193
07/14/26 17:05:14 Node apply job proc (9401730.193.0) completed successfully.
07/14/26 17:05:14 Event: ULOG_EXECUTE for HTCondor Node apply (9401730.363.0) {07/14/26 17:05:09}
07/14/26 17:05:14 Number of idle job procs: 192
07/14/26 17:05:14 Event: ULOG_EXECUTE for HTCondor Node apply (9401730.364.0) {07/14/26 17:05:09}
07/14/26 17:05:14 Number of idle job procs: 191
07/14/26 17:05:14 Event: ULOG_EXECUTE for HTCondor Node apply (9401730.368.0) {07/14/26 17:05:11}
07/14/26 17:05:14 Number of idle job procs: 190
07/14/26 17:05:14 Event: ULOG_EXECUTE for HTCondor Node apply (9401730.370.0) {07/14/26 17:05:12}
07/14/26 17:05:14 Number of idle job procs: 189
07/14/26 17:05:14 Event: ULOG_EXECUTE for HTCondor Node apply (9401730.369.0) {07/14/26 17:05:12}
07/14/26 17:05:14 Number of idle job procs: 188
07/14/26 17:05:15 Event: ULOG_EXECUTE for HTCondor Node apply (9401730.375.0) {07/14/26 17:05:14}
07/14/26 17:05:15 Number of idle job procs: 187
07/14/26 17:05:15 Event: ULOG_EXECUTE for HTCondor Node apply (9401730.377.0) {07/14/26 17:05:14}
07/14/26 17:05:15 Number of idle job procs: 186
07/14/26 17:05:20 Currently monitoring 1 HTCondor log file(s)
07/14/26 17:05:20 Event: ULOG_EXECUTE for HTCondor Node apply (9401730.379.0) {07/14/26 17:05:15}
07/14/26 17:05:20 Number of idle job procs: 185
07/14/26 17:05:20 Event: ULOG_EXECUTE for HTCondor Node apply (9401730.378.0) {07/14/26 17:05:15}
07/14/26 17:05:20 Number of idle job procs: 184
07/14/26 17:05:20 Event: ULOG_EXECUTE for HTCondor Node apply (9401730.367.0) {07/14/26 17:05:15}
07/14/26 17:05:20 Number of idle job procs: 183
07/14/26 17:05:20 Event: ULOG_EXECUTE for HTCondor Node apply (9401730.382.0) {07/14/26 17:05:16}
07/14/26 17:05:20 Number of idle job procs: 182
07/14/26 17:05:20 Event: ULOG_JOB_TERMINATED for HTCondor Node apply (9401730.79.0) {07/14/26 17:05:18}
07/14/26 17:05:20 Number of idle job procs: 182
07/14/26 17:05:21 Node apply job proc (9401730.79.0) completed successfully.
07/14/26 17:05:21 Event: ULOG_EXECUTE for HTCondor Node apply (9401730.386.0) {07/14/26 17:05:18}
07/14/26 17:05:21 Number of idle job procs: 181
07/14/26 17:05:21 Event: ULOG_EXECUTE for HTCondor Node apply (9401730.388.0) {07/14/26 17:05:18}
07/14/26 17:05:21 Number of idle job procs: 180
07/14/26 17:05:21 Event: ULOG_JOB_TERMINATED for HTCondor Node apply (9401730.159.0) {07/14/26 17:05:19}
07/14/26 17:05:21 Number of idle job procs: 180
07/14/26 17:05:21 Node apply job proc (9401730.159.0) completed successfully.
07/14/26 17:05:21 Event: ULOG_EXECUTE for HTCondor Node apply (9401730.389.0) {07/14/26 17:05:19}
07/14/26 17:05:21 Number of idle job procs: 179
07/14/26 17:05:21 Event: ULOG_EXECUTE for HTCondor Node apply (9401730.390.0) {07/14/26 17:05:19}
07/14/26 17:05:21 Number of idle job procs: 178
07/14/26 17:05:21 Event: ULOG_EXECUTE for HTCondor Node apply (9401730.391.0) {07/14/26 17:05:20}
07/14/26 17:05:21 Number of idle job procs: 177
07/14/26 17:05:26 Currently monitoring 1 HTCondor log file(s)
07/14/26 17:05:26 Event: ULOG_JOB_TERMINATED for HTCondor Node apply (9401730.111.0) {07/14/26 17:05:21}
07/14/26 17:05:26 Number of idle job procs: 177
07/14/26 17:05:26 Node apply job proc (9401730.111.0) completed successfully.
07/14/26 17:05:26 Event: ULOG_EXECUTE for HTCondor Node apply (9401730.394.0) {07/14/26 17:05:22}
07/14/26 17:05:26 Number of idle job procs: 176
07/14/26 17:05:26 Event: ULOG_EXECUTE for HTCondor Node apply (9401730.396.0) {07/14/26 17:05:22}
07/14/26 17:05:26 Number of idle job procs: 175
07/14/26 17:05:26 Event: ULOG_JOB_TERMINATED for HTCondor Node apply (9401730.137.0) {07/14/26 17:05:23}
07/14/26 17:05:26 Number of idle job procs: 175
07/14/26 17:05:26 Node apply job proc (9401730.137.0) completed successfully.
07/14/26 17:05:26 Event: ULOG_EXECUTE for HTCondor Node apply (9401730.397.0) {07/14/26 17:05:23}
07/14/26 17:05:26 Number of idle job procs: 174
07/14/26 17:05:26 Event: ULOG_EXECUTE for HTCondor Node apply (9401730.399.0) {07/14/26 17:05:24}
07/14/26 17:05:26 Number of idle job procs: 173
07/14/26 17:05:26 Event: ULOG_EXECUTE for HTCondor Node apply (9401730.400.0) {07/14/26 17:05:25}
07/14/26 17:05:26 Number of idle job procs: 172
07/14/26 17:05:26 Event: ULOG_EXECUTE for HTCondor Node apply (9401730.402.0) {07/14/26 17:05:26}
07/14/26 17:05:26 Number of idle job procs: 171
07/14/26 17:05:31 Currently monitoring 1 HTCondor log file(s)
07/14/26 17:05:31 Event: ULOG_EXECUTE for HTCondor Node apply (9401730.403.0) {07/14/26 17:05:26}
07/14/26 17:05:31 Number of idle job procs: 170
07/14/26 17:05:31 Event: ULOG_EXECUTE for HTCondor Node apply (9401730.404.0) {07/14/26 17:05:27}
07/14/26 17:05:31 Number of idle job procs: 169
07/14/26 17:05:31 Event: ULOG_EXECUTE for HTCondor Node apply (9401730.405.0) {07/14/26 17:05:28}
07/14/26 17:05:31 Number of idle job procs: 168
07/14/26 17:05:31 Event: ULOG_EXECUTE for HTCondor Node apply (9401730.407.0) {07/14/26 17:05:28}
07/14/26 17:05:31 Number of idle job procs: 167
07/14/26 17:05:31 Event: ULOG_EXECUTE for HTCondor Node apply (9401730.409.0) {07/14/26 17:05:28}
07/14/26 17:05:31 Number of idle job procs: 166
07/14/26 17:05:31 Event: ULOG_EXECUTE for HTCondor Node apply (9401730.408.0) {07/14/26 17:05:28}
07/14/26 17:05:32 Number of idle job procs: 165
07/14/26 17:05:37 Currently monitoring 1 HTCondor log file(s)
07/14/26 17:05:37 Event: ULOG_EXECUTE for HTCondor Node apply (9401730.411.0) {07/14/26 17:05:34}
07/14/26 17:05:37 Number of idle job procs: 164
07/14/26 17:05:37 Event: ULOG_EXECUTE for HTCondor Node apply (9401730.414.0) {07/14/26 17:05:35}
07/14/26 17:05:37 Number of idle job procs: 163
07/14/26 17:05:37 Event: ULOG_EXECUTE for HTCondor Node apply (9401730.413.0) {07/14/26 17:05:35}
07/14/26 17:05:37 Number of idle job procs: 162
07/14/26 17:05:42 Currently monitoring 1 HTCondor log file(s)
07/14/26 17:05:42 Event: ULOG_EXECUTE for HTCondor Node apply (9401730.418.0) {07/14/26 17:05:39}
07/14/26 17:05:42 Number of idle job procs: 161
07/14/26 17:05:42 Event: ULOG_JOB_TERMINATED for HTCondor Node apply (9401730.92.0) {07/14/26 17:05:41}
07/14/26 17:05:42 Number of idle job procs: 161
07/14/26 17:05:42 Node apply job proc (9401730.92.0) completed successfully.
07/14/26 17:05:42 Event: ULOG_EXECUTE for HTCondor Node apply (9401730.419.0) {07/14/26 17:05:41}
07/14/26 17:05:42 Number of idle job procs: 160
07/14/26 17:05:47 Currently monitoring 1 HTCondor log file(s)
07/14/26 17:05:47 Event: ULOG_EXECUTE for HTCondor Node apply (9401730.417.0) {07/14/26 17:05:43}
07/14/26 17:05:47 Number of idle job procs: 159
07/14/26 17:05:47 Event: ULOG_EXECUTE for HTCondor Node apply (9401730.421.0) {07/14/26 17:05:46}
07/14/26 17:05:47 Number of idle job procs: 158
07/14/26 17:05:47 Event: ULOG_JOB_TERMINATED for HTCondor Node apply (9401730.194.0) {07/14/26 17:05:46}
07/14/26 17:05:47 Number of idle job procs: 158
07/14/26 17:05:47 Node apply job proc (9401730.194.0) completed successfully.
07/14/26 17:05:52 Currently monitoring 1 HTCondor log file(s)
07/14/26 17:05:52 Event: ULOG_JOB_TERMINATED for HTCondor Node apply (9401730.191.0) {07/14/26 17:05:48}
07/14/26 17:05:52 Number of idle job procs: 158
07/14/26 17:05:52 Node apply job proc (9401730.191.0) completed successfully.
07/14/26 17:05:52 Event: ULOG_EXECUTE for HTCondor Node apply (9401730.423.0) {07/14/26 17:05:49}
07/14/26 17:05:52 Number of idle job procs: 157
07/14/26 17:05:52 Event: ULOG_JOB_TERMINATED for HTCondor Node apply (9401730.73.0) {07/14/26 17:05:50}
07/14/26 17:05:52 Number of idle job procs: 157
07/14/26 17:05:52 Node apply job proc (9401730.73.0) completed successfully.
07/14/26 17:05:57 Currently monitoring 1 HTCondor log file(s)
07/14/26 17:05:57 Event: ULOG_JOB_TERMINATED for HTCondor Node apply (9401730.192.0) {07/14/26 17:05:52}
07/14/26 17:05:57 Number of idle job procs: 157
07/14/26 17:05:57 Node apply job proc (9401730.192.0) completed successfully.
07/14/26 17:05:57 Event: ULOG_EXECUTE for HTCondor Node apply (9401730.424.0) {07/14/26 17:05:56}
07/14/26 17:05:57 Number of idle job procs: 156
07/14/26 17:06:02 Currently monitoring 1 HTCondor log file(s)
07/14/26 17:06:02 Event: ULOG_EXECUTE for HTCondor Node apply (9401730.426.0) {07/14/26 17:05:58}
07/14/26 17:06:02 Number of idle job procs: 155
07/14/26 17:06:02 Event: ULOG_JOB_TERMINATED for HTCondor Node apply (9401730.75.0) {07/14/26 17:05:59}
07/14/26 17:06:02 Number of idle job procs: 155
07/14/26 17:06:02 Node apply job proc (9401730.75.0) completed successfully.
07/14/26 17:06:02 Event: ULOG_JOB_TERMINATED for HTCondor Node apply (9401730.138.0) {07/14/26 17:06:01}
07/14/26 17:06:02 Number of idle job procs: 155
07/14/26 17:06:02 Node apply job proc (9401730.138.0) completed successfully.
07/14/26 17:06:02 Event: ULOG_EXECUTE for HTCondor Node apply (9401730.428.0) {07/14/26 17:06:02}
07/14/26 17:06:02 Number of idle job procs: 154
07/14/26 17:06:07 Currently monitoring 1 HTCondor log file(s)
07/14/26 17:06:07 Event: ULOG_JOB_TERMINATED for HTCondor Node apply (9401730.197.0) {07/14/26 17:06:03}
07/14/26 17:06:07 Number of idle job procs: 154
07/14/26 17:06:07 Node apply job proc (9401730.197.0) completed successfully.
07/14/26 17:06:07 Event: ULOG_JOB_TERMINATED for HTCondor Node apply (9401730.136.0) {07/14/26 17:06:07}
07/14/26 17:06:07 Number of idle job procs: 154
07/14/26 17:06:07 Node apply job proc (9401730.136.0) completed successfully.
07/14/26 17:06:12 Currently monitoring 1 HTCondor log file(s)
07/14/26 17:06:12 Event: ULOG_JOB_TERMINATED for HTCondor Node apply (9401730.294.0) {07/14/26 17:06:07}
07/14/26 17:06:12 Number of idle job procs: 154
07/14/26 17:06:12 Node apply job proc (9401730.294.0) completed successfully.
07/14/26 17:06:12 Event: ULOG_JOB_TERMINATED for HTCondor Node apply (9401730.198.0) {07/14/26 17:06:07}
07/14/26 17:06:12 Number of idle job procs: 154
07/14/26 17:06:12 Node apply job proc (9401730.198.0) completed successfully.
07/14/26 17:06:12 Event: ULOG_JOB_TERMINATED for HTCondor Node apply (9401730.135.0) {07/14/26 17:06:09}
07/14/26 17:06:12 Number of idle job procs: 154
07/14/26 17:06:12 Node apply job proc (9401730.135.0) completed successfully.
07/14/26 17:06:12 Event: ULOG_JOB_TERMINATED for HTCondor Node apply (9401730.259.0) {07/14/26 17:06:10}
07/14/26 17:06:12 Number of idle job procs: 154
07/14/26 17:06:12 Node apply job proc (9401730.259.0) completed successfully.
07/14/26 17:06:17 Currently monitoring 1 HTCondor log file(s)
07/14/26 17:06:17 Event: ULOG_JOB_TERMINATED for HTCondor Node apply (9401730.127.0) {07/14/26 17:06:13}
07/14/26 17:06:17 Number of idle job procs: 154
07/14/26 17:06:17 Node apply job proc (9401730.127.0) completed successfully.
07/14/26 17:06:17 Event: ULOG_JOB_TERMINATED for HTCondor Node apply (9401730.53.0) {07/14/26 17:06:14}
07/14/26 17:06:17 Number of idle job procs: 154
07/14/26 17:06:17 Node apply job proc (9401730.53.0) completed successfully.
07/14/26 17:06:17 Event: ULOG_JOB_TERMINATED for HTCondor Node apply (9401730.74.0) {07/14/26 17:06:15}
07/14/26 17:06:17 Number of idle job procs: 154
07/14/26 17:06:17 Node apply job proc (9401730.74.0) completed successfully.
07/14/26 17:06:22 Currently monitoring 1 HTCondor log file(s)
07/14/26 17:06:22 Event: ULOG_JOB_TERMINATED for HTCondor Node apply (9401730.174.0) {07/14/26 17:06:17}
07/14/26 17:06:22 Number of idle job procs: 154
07/14/26 17:06:22 Node apply job proc (9401730.174.0) completed successfully.
07/14/26 17:06:22 Event: ULOG_JOB_TERMINATED for HTCondor Node apply (9401730.134.0) {07/14/26 17:06:19}
07/14/26 17:06:22 Number of idle job procs: 154
07/14/26 17:06:22 Node apply job proc (9401730.134.0) completed successfully.
07/14/26 17:06:27 Currently monitoring 1 HTCondor log file(s)
07/14/26 17:06:27 Event: ULOG_EXECUTE for HTCondor Node apply (9401730.449.0) {07/14/26 17:06:23}
07/14/26 17:06:27 Number of idle job procs: 153
07/14/26 17:06:27 Event: ULOG_EXECUTE for HTCondor Node apply (9401730.444.0) {07/14/26 17:06:24}
07/14/26 17:06:27 Number of idle job procs: 152
07/14/26 17:06:27 Event: ULOG_EXECUTE for HTCondor Node apply (9401730.445.0) {07/14/26 17:06:25}
07/14/26 17:06:27 Number of idle job procs: 151
07/14/26 17:06:27 Event: ULOG_EXECUTE for HTCondor Node apply (9401730.447.0) {07/14/26 17:06:25}
07/14/26 17:06:27 Number of idle job procs: 150
07/14/26 17:06:27 Event: ULOG_EXECUTE for HTCondor Node apply (9401730.446.0) {07/14/26 17:06:25}
07/14/26 17:06:27 Number of idle job procs: 149
07/14/26 17:06:27 Event: ULOG_JOB_TERMINATED for HTCondor Node apply (9401730.173.0) {07/14/26 17:06:26}
07/14/26 17:06:27 Number of idle job procs: 149
07/14/26 17:06:27 Node apply job proc (9401730.173.0) completed successfully.
07/14/26 17:06:27 Event: ULOG_EXECUTE for HTCondor Node apply (9401730.495.0) {07/14/26 17:06:26}
07/14/26 17:06:27 Number of idle job procs: 148
07/14/26 17:06:27 Event: ULOG_EXECUTE for HTCondor Node apply (9401730.450.0) {07/14/26 17:06:26}
07/14/26 17:06:27 Number of idle job procs: 147
07/14/26 17:06:27 Event: ULOG_EXECUTE for HTCondor Node apply (9401730.496.0) {07/14/26 17:06:26}
07/14/26 17:06:27 Number of idle job procs: 146
07/14/26 17:06:27 Event: ULOG_JOB_TERMINATED for HTCondor Node apply (9401730.175.0) {07/14/26 17:06:27}
07/14/26 17:06:27 Number of idle job procs: 146
07/14/26 17:06:27 Node apply job proc (9401730.175.0) completed successfully.
07/14/26 17:06:27 Event: ULOG_EXECUTE for HTCondor Node apply (9401730.453.0) {07/14/26 17:06:27}
07/14/26 17:06:27 Number of idle job procs: 145
07/14/26 17:06:32 Currently monitoring 1 HTCondor log file(s)
07/14/26 17:06:33 Event: ULOG_EXECUTE for HTCondor Node apply (9401730.448.0) {07/14/26 17:06:28}
07/14/26 17:06:33 Number of idle job procs: 144
07/14/26 17:06:33 Event: ULOG_EXECUTE for HTCondor Node apply (9401730.454.0) {07/14/26 17:06:28}
07/14/26 17:06:33 Number of idle job procs: 143
07/14/26 17:06:33 Event: ULOG_EXECUTE for HTCondor Node apply (9401730.456.0) {07/14/26 17:06:28}
07/14/26 17:06:33 Number of idle job procs: 142
07/14/26 17:06:33 Event: ULOG_EXECUTE for HTCondor Node apply (9401730.455.0) {07/14/26 17:06:28}
07/14/26 17:06:33 Number of idle job procs: 141
07/14/26 17:06:33 Event: ULOG_EXECUTE for HTCondor Node apply (9401730.451.0) {07/14/26 17:06:28}
07/14/26 17:06:33 Number of idle job procs: 140
07/14/26 17:06:33 Event: ULOG_EXECUTE for HTCondor Node apply (9401730.457.0) {07/14/26 17:06:29}
07/14/26 17:06:33 Number of idle job procs: 139
07/14/26 17:06:33 Event: ULOG_EXECUTE for HTCondor Node apply (9401730.458.0) {07/14/26 17:06:29}
07/14/26 17:06:33 Number of idle job procs: 138
07/14/26 17:06:33 Event: ULOG_EXECUTE for HTCondor Node apply (9401730.459.0) {07/14/26 17:06:29}
07/14/26 17:06:33 Number of idle job procs: 137
07/14/26 17:06:33 Event: ULOG_EXECUTE for HTCondor Node apply (9401730.460.0) {07/14/26 17:06:30}
07/14/26 17:06:33 Number of idle job procs: 136
07/14/26 17:06:33 Event: ULOG_EXECUTE for HTCondor Node apply (9401730.464.0) {07/14/26 17:06:30}
07/14/26 17:06:33 Number of idle job procs: 135
07/14/26 17:06:33 Event: ULOG_EXECUTE for HTCondor Node apply (9401730.461.0) {07/14/26 17:06:30}
07/14/26 17:06:33 Number of idle job procs: 134
07/14/26 17:06:33 Event: ULOG_EXECUTE for HTCondor Node apply (9401730.465.0) {07/14/26 17:06:31}
07/14/26 17:06:33 Number of idle job procs: 133
07/14/26 17:06:33 Event: ULOG_EXECUTE for HTCondor Node apply (9401730.463.0) {07/14/26 17:06:31}
07/14/26 17:06:33 Number of idle job procs: 132
07/14/26 17:06:33 Event: ULOG_EXECUTE for HTCondor Node apply (9401730.467.0) {07/14/26 17:06:31}
07/14/26 17:06:33 Number of idle job procs: 131
07/14/26 17:06:33 Event: ULOG_EXECUTE for HTCondor Node apply (9401730.466.0) {07/14/26 17:06:32}
07/14/26 17:06:33 Number of idle job procs: 130
07/14/26 17:06:33 Event: ULOG_EXECUTE for HTCondor Node apply (9401730.468.0) {07/14/26 17:06:32}
07/14/26 17:06:33 Number of idle job procs: 129
07/14/26 17:06:33 Event: ULOG_JOB_TERMINATED for HTCondor Node apply (9401730.394.0) {07/14/26 17:06:32}
07/14/26 17:06:33 Number of idle job procs: 129
07/14/26 17:06:33 Node apply job proc (9401730.394.0) completed successfully.
07/14/26 17:06:38 Currently monitoring 1 HTCondor log file(s)
07/14/26 17:06:38 Event: ULOG_EXECUTE for HTCondor Node apply (9401730.474.0) {07/14/26 17:06:33}
07/14/26 17:06:38 Number of idle job procs: 128
07/14/26 17:06:38 Event: ULOG_EXECUTE for HTCondor Node apply (9401730.470.0) {07/14/26 17:06:33}
07/14/26 17:06:38 Number of idle job procs: 127
07/14/26 17:06:38 Event: ULOG_JOB_TERMINATED for HTCondor Node apply (9401730.139.0) {07/14/26 17:06:33}
07/14/26 17:06:38 Number of idle job procs: 127
07/14/26 17:06:38 Node apply job proc (9401730.139.0) completed successfully.
07/14/26 17:06:38 Event: ULOG_EXECUTE for HTCondor Node apply (9401730.472.0) {07/14/26 17:06:34}
07/14/26 17:06:38 Number of idle job procs: 126
07/14/26 17:06:38 Event: ULOG_EXECUTE for HTCondor Node apply (9401730.473.0) {07/14/26 17:06:34}
07/14/26 17:06:38 Number of idle job procs: 125
07/14/26 17:06:38 Event: ULOG_EXECUTE for HTCondor Node apply (9401730.469.0) {07/14/26 17:06:34}
07/14/26 17:06:38 Number of idle job procs: 124
07/14/26 17:06:38 Event: ULOG_JOB_TERMINATED for HTCondor Node apply (9401730.211.0) {07/14/26 17:06:35}
07/14/26 17:06:38 Number of idle job procs: 124
07/14/26 17:06:38 Node apply job proc (9401730.211.0) completed successfully.
07/14/26 17:06:38 Event: ULOG_JOB_TERMINATED for HTCondor Node apply (9401730.150.0) {07/14/26 17:06:35}
07/14/26 17:06:38 Number of idle job procs: 124
07/14/26 17:06:38 Node apply job proc (9401730.150.0) completed successfully.
07/14/26 17:06:38 Event: ULOG_EXECUTE for HTCondor Node apply (9401730.477.0) {07/14/26 17:06:35}
07/14/26 17:06:38 Number of idle job procs: 123
07/14/26 17:06:38 Event: ULOG_EXECUTE for HTCondor Node apply (9401730.476.0) {07/14/26 17:06:35}
07/14/26 17:06:38 Number of idle job procs: 122
07/14/26 17:06:38 Event: ULOG_JOB_TERMINATED for HTCondor Node apply (9401730.133.0) {07/14/26 17:06:35}
07/14/26 17:06:38 Number of idle job procs: 122
07/14/26 17:06:38 Node apply job proc (9401730.133.0) completed successfully.
07/14/26 17:06:38 Event: ULOG_EXECUTE for HTCondor Node apply (9401730.479.0) {07/14/26 17:06:35}
07/14/26 17:06:38 Number of idle job procs: 121
07/14/26 17:06:38 Event: ULOG_JOB_TERMINATED for HTCondor Node apply (9401730.292.0) {07/14/26 17:06:35}
07/14/26 17:06:38 Number of idle job procs: 121
07/14/26 17:06:38 Node apply job proc (9401730.292.0) completed successfully.
07/14/26 17:06:38 Event: ULOG_EXECUTE for HTCondor Node apply (9401730.475.0) {07/14/26 17:06:35}
07/14/26 17:06:38 Number of idle job procs: 120
07/14/26 17:06:38 Event: ULOG_EXECUTE for HTCondor Node apply (9401730.480.0) {07/14/26 17:06:36}
07/14/26 17:06:38 Number of idle job procs: 119
07/14/26 17:06:38 Event: ULOG_EXECUTE for HTCondor Node apply (9401730.478.0) {07/14/26 17:06:36}
07/14/26 17:06:38 Number of idle job procs: 118
07/14/26 17:06:38 Event: ULOG_JOB_TERMINATED for HTCondor Node apply (9401730.297.0) {07/14/26 17:06:36}
07/14/26 17:06:38 Number of idle job procs: 118
07/14/26 17:06:39 Node apply job proc (9401730.297.0) completed successfully.
07/14/26 17:06:39 Event: ULOG_EXECUTE for HTCondor Node apply (9401730.481.0) {07/14/26 17:06:37}
07/14/26 17:06:39 Number of idle job procs: 117
07/14/26 17:06:39 Event: ULOG_EXECUTE for HTCondor Node apply (9401730.485.0) {07/14/26 17:06:37}
07/14/26 17:06:39 Number of idle job procs: 116
07/14/26 17:06:39 Event: ULOG_EXECUTE for HTCondor Node apply (9401730.486.0) {07/14/26 17:06:37}
07/14/26 17:06:39 Number of idle job procs: 115
07/14/26 17:06:39 Event: ULOG_EXECUTE for HTCondor Node apply (9401730.482.0) {07/14/26 17:06:37}
07/14/26 17:06:39 Number of idle job procs: 114
07/14/26 17:06:39 Event: ULOG_EXECUTE for HTCondor Node apply (9401730.483.0) {07/14/26 17:06:38}
07/14/26 17:06:39 Number of idle job procs: 113
07/14/26 17:06:39 Event: ULOG_EXECUTE for HTCondor Node apply (9401730.484.0) {07/14/26 17:06:38}
07/14/26 17:06:39 Number of idle job procs: 112
07/14/26 17:06:44 Currently monitoring 1 HTCondor log file(s)
07/14/26 17:06:44 Event: ULOG_EXECUTE for HTCondor Node apply (9401730.487.0) {07/14/26 17:06:39}
07/14/26 17:06:44 Number of idle job procs: 111
07/14/26 17:06:44 Event: ULOG_EXECUTE for HTCondor Node apply (9401730.488.0) {07/14/26 17:06:39}
07/14/26 17:06:44 Number of idle job procs: 110
07/14/26 17:06:44 Event: ULOG_EXECUTE for HTCondor Node apply (9401730.490.0) {07/14/26 17:06:40}
07/14/26 17:06:44 Number of idle job procs: 109
07/14/26 17:06:44 Event: ULOG_EXECUTE for HTCondor Node apply (9401730.493.0) {07/14/26 17:06:40}
07/14/26 17:06:44 Number of idle job procs: 108
07/14/26 17:06:44 Event: ULOG_EXECUTE for HTCondor Node apply (9401730.491.0) {07/14/26 17:06:40}
07/14/26 17:06:44 Number of idle job procs: 107
07/14/26 17:06:44 Event: ULOG_EXECUTE for HTCondor Node apply (9401730.492.0) {07/14/26 17:06:40}
07/14/26 17:06:44 Number of idle job procs: 106
07/14/26 17:06:44 Event: ULOG_EXECUTE for HTCondor Node apply (9401730.494.0) {07/14/26 17:06:41}
07/14/26 17:06:44 Number of idle job procs: 105
07/14/26 17:06:44 Event: ULOG_EXECUTE for HTCondor Node apply (9401730.497.0) {07/14/26 17:06:41}
07/14/26 17:06:44 Number of idle job procs: 104
07/14/26 17:06:44 Event: ULOG_EXECUTE for HTCondor Node apply (9401730.498.0) {07/14/26 17:06:43}
07/14/26 17:06:44 Number of idle job procs: 103
07/14/26 17:06:44 Event: ULOG_EXECUTE for HTCondor Node apply (9401730.499.0) {07/14/26 17:06:43}
07/14/26 17:06:44 Number of idle job procs: 102
07/14/26 17:06:49 Currently monitoring 1 HTCondor log file(s)
07/14/26 17:06:49 Event: ULOG_JOB_TERMINATED for HTCondor Node apply (9401730.397.0) {07/14/26 17:06:48}
07/14/26 17:06:50 Number of idle job procs: 102
07/14/26 17:06:50 Node apply job proc (9401730.397.0) completed successfully.
07/14/26 17:06:55 Currently monitoring 1 HTCondor log file(s)
07/14/26 17:06:55 Event: ULOG_JOB_TERMINATED for HTCondor Node apply (9401730.89.0) {07/14/26 17:06:50}
07/14/26 17:06:55 Number of idle job procs: 102
07/14/26 17:06:55 Node apply job proc (9401730.89.0) completed successfully.
07/14/26 17:06:55 Event: ULOG_JOB_TERMINATED for HTCondor Node apply (9401730.233.0) {07/14/26 17:06:53}
07/14/26 17:06:55 Number of idle job procs: 102
07/14/26 17:06:55 Node apply job proc (9401730.233.0) completed successfully.
07/14/26 17:06:55 Event: ULOG_JOB_TERMINATED for HTCondor Node apply (9401730.496.0) {07/14/26 17:06:54}
07/14/26 17:06:55 Number of idle job procs: 102
07/14/26 17:06:55 Node apply job proc (9401730.496.0) completed successfully.
07/14/26 17:07:00 Currently monitoring 1 HTCondor log file(s)
07/14/26 17:07:00 Event: ULOG_JOB_TERMINATED for HTCondor Node apply (9401730.333.0) {07/14/26 17:06:58}
07/14/26 17:07:00 Number of idle job procs: 102
07/14/26 17:07:00 Node apply job proc (9401730.333.0) completed successfully.
07/14/26 17:07:05 Currently monitoring 1 HTCondor log file(s)
07/14/26 17:07:05 Event: ULOG_JOB_TERMINATED for HTCondor Node apply (9401730.274.0) {07/14/26 17:07:00}
07/14/26 17:07:05 Number of idle job procs: 102
07/14/26 17:07:05 Node apply job proc (9401730.274.0) completed successfully.
07/14/26 17:07:05 Event: ULOG_JOB_TERMINATED for HTCondor Node apply (9401730.298.0) {07/14/26 17:07:01}
07/14/26 17:07:05 Number of idle job procs: 102
07/14/26 17:07:05 Node apply job proc (9401730.298.0) completed successfully.
07/14/26 17:07:10 Currently monitoring 1 HTCondor log file(s)
07/14/26 17:07:10 Event: ULOG_JOB_TERMINATED for HTCondor Node apply (9401730.145.0) {07/14/26 17:07:07}
07/14/26 17:07:10 Number of idle job procs: 102
07/14/26 17:07:10 Node apply job proc (9401730.145.0) completed successfully.
07/14/26 17:07:10 Event: ULOG_JOB_TERMINATED for HTCondor Node apply (9401730.190.0) {07/14/26 17:07:10}
07/14/26 17:07:10 Number of idle job procs: 102
07/14/26 17:07:10 Node apply job proc (9401730.190.0) completed successfully.
07/14/26 17:07:15 Currently monitoring 1 HTCondor log file(s)
07/14/26 17:07:15 Event: ULOG_JOB_TERMINATED for HTCondor Node apply (9401730.391.0) {07/14/26 17:07:13}
07/14/26 17:07:15 Number of idle job procs: 102
07/14/26 17:07:15 Node apply job proc (9401730.391.0) completed successfully.
07/14/26 17:07:15 Event: ULOG_JOB_TERMINATED for HTCondor Node apply (9401730.459.0) {07/14/26 17:07:14}
07/14/26 17:07:15 Number of idle job procs: 102
07/14/26 17:07:15 Node apply job proc (9401730.459.0) completed successfully.
07/14/26 17:07:20 Currently monitoring 1 HTCondor log file(s)
07/14/26 17:07:20 Event: ULOG_JOB_TERMINATED for HTCondor Node apply (9401730.494.0) {07/14/26 17:07:16}
07/14/26 17:07:20 Number of idle job procs: 102
07/14/26 17:07:20 Node apply job proc (9401730.494.0) completed successfully.
07/14/26 17:07:20 Event: ULOG_JOB_TERMINATED for HTCondor Node apply (9401730.490.0) {07/14/26 17:07:20}
07/14/26 17:07:20 Number of idle job procs: 102
07/14/26 17:07:20 Node apply job proc (9401730.490.0) completed successfully.
07/14/26 17:07:25 Currently monitoring 1 HTCondor log file(s)
07/14/26 17:07:25 Event: ULOG_JOB_TERMINATED for HTCondor Node apply (9401730.497.0) {07/14/26 17:07:21}
07/14/26 17:07:25 Number of idle job procs: 102
07/14/26 17:07:25 Node apply job proc (9401730.497.0) completed successfully.
07/14/26 17:07:25 Event: ULOG_JOB_TERMINATED for HTCondor Node apply (9401730.491.0) {07/14/26 17:07:22}
07/14/26 17:07:25 Number of idle job procs: 102
07/14/26 17:07:25 Node apply job proc (9401730.491.0) completed successfully.
07/14/26 17:07:26 Event: ULOG_JOB_TERMINATED for HTCondor Node apply (9401730.295.0) {07/14/26 17:07:22}
07/14/26 17:07:26 Number of idle job procs: 102
07/14/26 17:07:26 Node apply job proc (9401730.295.0) completed successfully.
07/14/26 17:07:26 Event: ULOG_JOB_TERMINATED for HTCondor Node apply (9401730.493.0) {07/14/26 17:07:23}
07/14/26 17:07:26 Number of idle job procs: 102
07/14/26 17:07:26 Node apply job proc (9401730.493.0) completed successfully.
07/14/26 17:07:31 Currently monitoring 1 HTCondor log file(s)
07/14/26 17:07:31 Event: ULOG_JOB_TERMINATED for HTCondor Node apply (9401730.72.0) {07/14/26 17:07:28}
07/14/26 17:07:31 Number of idle job procs: 102
07/14/26 17:07:31 Node apply job proc (9401730.72.0) completed successfully.
07/14/26 17:07:36 Currently monitoring 1 HTCondor log file(s)
07/14/26 17:07:36 Event: ULOG_JOB_TERMINATED for HTCondor Node apply (9401730.189.0) {07/14/26 17:07:31}
07/14/26 17:07:36 Number of idle job procs: 102
07/14/26 17:07:36 Node apply job proc (9401730.189.0) completed successfully.
07/14/26 17:07:36 Event: ULOG_JOB_TERMINATED for HTCondor Node apply (9401730.495.0) {07/14/26 17:07:35}
07/14/26 17:07:36 Number of idle job procs: 102
07/14/26 17:07:36 Node apply job proc (9401730.495.0) completed successfully.
07/14/26 17:07:36 Event: ULOG_JOB_TERMINATED for HTCondor Node apply (9401730.375.0) {07/14/26 17:07:35}
07/14/26 17:07:36 Number of idle job procs: 102
07/14/26 17:07:36 Node apply job proc (9401730.375.0) completed successfully.
07/14/26 17:07:41 Currently monitoring 1 HTCondor log file(s)
07/14/26 17:07:41 Event: ULOG_JOB_TERMINATED for HTCondor Node apply (9401730.252.0) {07/14/26 17:07:39}
07/14/26 17:07:41 Number of idle job procs: 102
07/14/26 17:07:41 Node apply job proc (9401730.252.0) completed successfully.
07/14/26 17:07:46 Currently monitoring 1 HTCondor log file(s)
07/14/26 17:07:46 Event: ULOG_JOB_TERMINATED for HTCondor Node apply (9401730.475.0) {07/14/26 17:07:41}
07/14/26 17:07:46 Number of idle job procs: 102
07/14/26 17:07:46 Node apply job proc (9401730.475.0) completed successfully.
07/14/26 17:07:46 Event: ULOG_JOB_TERMINATED for HTCondor Node apply (9401730.479.0) {07/14/26 17:07:43}
07/14/26 17:07:46 Number of idle job procs: 102
07/14/26 17:07:46 Node apply job proc (9401730.479.0) completed successfully.
07/14/26 17:07:46 Event: ULOG_JOB_TERMINATED for HTCondor Node apply (9401730.498.0) {07/14/26 17:07:44}
07/14/26 17:07:46 Number of idle job procs: 102
07/14/26 17:07:46 Node apply job proc (9401730.498.0) completed successfully.
07/14/26 17:07:51 Currently monitoring 1 HTCondor log file(s)
07/14/26 17:07:51 Event: ULOG_JOB_TERMINATED for HTCondor Node apply (9401730.345.0) {07/14/26 17:07:48}
07/14/26 17:07:51 Number of idle job procs: 102
07/14/26 17:07:51 Node apply job proc (9401730.345.0) completed successfully.
07/14/26 17:07:56 Currently monitoring 1 HTCondor log file(s)
07/14/26 17:07:56 Event: ULOG_JOB_TERMINATED for HTCondor Node apply (9401730.396.0) {07/14/26 17:07:54}
07/14/26 17:07:56 Number of idle job procs: 102
07/14/26 17:07:56 Node apply job proc (9401730.396.0) completed successfully.
07/14/26 17:08:06 Currently monitoring 1 HTCondor log file(s)
07/14/26 17:08:06 Event: ULOG_JOB_TERMINATED for HTCondor Node apply (9401730.492.0) {07/14/26 17:08:04}
07/14/26 17:08:06 Number of idle job procs: 102
07/14/26 17:08:06 Node apply job proc (9401730.492.0) completed successfully.
07/14/26 17:08:06 Event: ULOG_JOB_TERMINATED for HTCondor Node apply (9401730.273.0) {07/14/26 17:08:04}
07/14/26 17:08:06 Number of idle job procs: 102
07/14/26 17:08:06 Node apply job proc (9401730.273.0) completed successfully.
07/14/26 17:08:06 Event: ULOG_JOB_TERMINATED for HTCondor Node apply (9401730.330.0) {07/14/26 17:08:04}
07/14/26 17:08:06 Number of idle job procs: 102
07/14/26 17:08:06 Node apply job proc (9401730.330.0) completed successfully.
07/14/26 17:08:06 Event: ULOG_JOB_TERMINATED for HTCondor Node apply (9401730.251.0) {07/14/26 17:08:05}
07/14/26 17:08:06 Number of idle job procs: 102
07/14/26 17:08:06 Node apply job proc (9401730.251.0) completed successfully.
07/14/26 17:08:11 Currently monitoring 1 HTCondor log file(s)
07/14/26 17:08:11 Event: ULOG_JOB_TERMINATED for HTCondor Node apply (9401730.290.0) {07/14/26 17:08:07}
07/14/26 17:08:11 Number of idle job procs: 102
07/14/26 17:08:11 Node apply job proc (9401730.290.0) completed successfully.
07/14/26 17:08:11 Event: ULOG_JOB_TERMINATED for HTCondor Node apply (9401730.445.0) {07/14/26 17:08:08}
07/14/26 17:08:11 Number of idle job procs: 102
07/14/26 17:08:11 Node apply job proc (9401730.445.0) completed successfully.
07/14/26 17:08:16 Currently monitoring 1 HTCondor log file(s)
07/14/26 17:08:16 Event: ULOG_JOB_TERMINATED for HTCondor Node apply (9401730.389.0) {07/14/26 17:08:16}
07/14/26 17:08:16 Number of idle job procs: 102
07/14/26 17:08:16 Node apply job proc (9401730.389.0) completed successfully.
07/14/26 17:08:21 Currently monitoring 1 HTCondor log file(s)
07/14/26 17:08:21 Event: ULOG_JOB_TERMINATED for HTCondor Node apply (9401730.379.0) {07/14/26 17:08:21}
07/14/26 17:08:21 Number of idle job procs: 102
07/14/26 17:08:21 Node apply job proc (9401730.379.0) completed successfully.
07/14/26 17:08:36 Currently monitoring 1 HTCondor log file(s)
07/14/26 17:08:36 Event: ULOG_JOB_TERMINATED for HTCondor Node apply (9401730.474.0) {07/14/26 17:08:34}
07/14/26 17:08:36 Number of idle job procs: 102
07/14/26 17:08:36 Node apply job proc (9401730.474.0) completed successfully.
07/14/26 17:08:41 Currently monitoring 1 HTCondor log file(s)
07/14/26 17:08:41 Event: ULOG_JOB_TERMINATED for HTCondor Node apply (9401730.327.0) {07/14/26 17:08:38}
07/14/26 17:08:41 Number of idle job procs: 102
07/14/26 17:08:41 Node apply job proc (9401730.327.0) completed successfully.
07/14/26 17:08:41 Event: ULOG_JOB_TERMINATED for HTCondor Node apply (9401730.234.0) {07/14/26 17:08:41}
07/14/26 17:08:41 Number of idle job procs: 102
07/14/26 17:08:41 Node apply job proc (9401730.234.0) completed successfully.
07/14/26 17:08:46 Currently monitoring 1 HTCondor log file(s)
07/14/26 17:08:46 Event: ULOG_JOB_TERMINATED for HTCondor Node apply (9401730.390.0) {07/14/26 17:08:43}
07/14/26 17:08:47 Number of idle job procs: 102
07/14/26 17:08:47 Node apply job proc (9401730.390.0) completed successfully.
07/14/26 17:08:47 Event: ULOG_JOB_TERMINATED for HTCondor Node apply (9401730.176.0) {07/14/26 17:08:44}
07/14/26 17:08:47 Number of idle job procs: 102
07/14/26 17:08:47 Node apply job proc (9401730.176.0) completed successfully.
07/14/26 17:08:47 Event: ULOG_JOB_TERMINATED for HTCondor Node apply (9401730.472.0) {07/14/26 17:08:46}
07/14/26 17:08:47 Number of idle job procs: 102
07/14/26 17:08:47 Node apply job proc (9401730.472.0) completed successfully.
07/14/26 17:08:57 Currently monitoring 1 HTCondor log file(s)
07/14/26 17:08:57 Event: ULOG_JOB_TERMINATED for HTCondor Node apply (9401730.411.0) {07/14/26 17:08:55}
07/14/26 17:08:57 Number of idle job procs: 102
07/14/26 17:08:57 Node apply job proc (9401730.411.0) completed successfully.
07/14/26 17:08:57 Event: ULOG_JOB_TERMINATED for HTCondor Node apply (9401730.473.0) {07/14/26 17:08:56}
07/14/26 17:08:57 Number of idle job procs: 102
07/14/26 17:08:57 Node apply job proc (9401730.473.0) completed successfully.
07/14/26 17:09:02 Currently monitoring 1 HTCondor log file(s)
07/14/26 17:09:02 Event: ULOG_JOB_TERMINATED for HTCondor Node apply (9401730.129.0) {07/14/26 17:08:59}
07/14/26 17:09:02 Number of idle job procs: 102
07/14/26 17:09:02 Node apply job proc (9401730.129.0) completed successfully.
07/14/26 17:09:02 Event: ULOG_JOB_TERMINATED for HTCondor Node apply (9401730.453.0) {07/14/26 17:09:02}
07/14/26 17:09:02 Number of idle job procs: 102
07/14/26 17:09:02 Node apply job proc (9401730.453.0) completed successfully.
07/14/26 17:09:07 Currently monitoring 1 HTCondor log file(s)
07/14/26 17:09:07 Event: ULOG_JOB_TERMINATED for HTCondor Node apply (9401730.352.0) {07/14/26 17:09:05}
07/14/26 17:09:07 Number of idle job procs: 102
07/14/26 17:09:07 Node apply job proc (9401730.352.0) completed successfully.
07/14/26 17:09:37 Currently monitoring 1 HTCondor log file(s)
07/14/26 17:09:37 Event: ULOG_JOB_TERMINATED for HTCondor Node apply (9401730.230.0) {07/14/26 17:09:34}
07/14/26 17:09:37 Number of idle job procs: 102
07/14/26 17:09:37 Node apply job proc (9401730.230.0) completed successfully.
07/14/26 17:09:37 Event: ULOG_JOB_TERMINATED for HTCondor Node apply (9401730.249.0) {07/14/26 17:09:34}
07/14/26 17:09:37 Number of idle job procs: 102
07/14/26 17:09:37 Node apply job proc (9401730.249.0) completed successfully.
07/14/26 17:09:42 Currently monitoring 1 HTCondor log file(s)
07/14/26 17:09:42 Event: ULOG_JOB_TERMINATED for HTCondor Node apply (9401730.229.0) {07/14/26 17:09:38}
07/14/26 17:09:42 Number of idle job procs: 102
07/14/26 17:09:42 Node apply job proc (9401730.229.0) completed successfully.
07/14/26 17:09:42 Event: ULOG_JOB_TERMINATED for HTCondor Node apply (9401730.477.0) {07/14/26 17:09:41}
07/14/26 17:09:42 Number of idle job procs: 102
07/14/26 17:09:42 Node apply job proc (9401730.477.0) completed successfully.
07/14/26 17:09:47 Currently monitoring 1 HTCondor log file(s)
07/14/26 17:09:47 Event: ULOG_JOB_TERMINATED for HTCondor Node apply (9401730.470.0) {07/14/26 17:09:43}
07/14/26 17:09:47 Number of idle job procs: 102
07/14/26 17:09:47 Node apply job proc (9401730.470.0) completed successfully.
07/14/26 17:09:57 Currently monitoring 1 HTCondor log file(s)
07/14/26 17:09:57 Event: ULOG_JOB_TERMINATED for HTCondor Node apply (9401730.353.0) {07/14/26 17:09:54}
07/14/26 17:09:57 Number of idle job procs: 102
07/14/26 17:09:57 Node apply job proc (9401730.353.0) completed successfully.
07/14/26 17:09:57 Event: ULOG_JOB_TERMINATED for HTCondor Node apply (9401730.270.0) {07/14/26 17:09:54}
07/14/26 17:09:57 Number of idle job procs: 102
07/14/26 17:09:57 Node apply job proc (9401730.270.0) completed successfully.
07/14/26 17:09:57 Event: ULOG_JOB_TERMINATED for HTCondor Node apply (9401730.253.0) {07/14/26 17:09:55}
07/14/26 17:09:57 Number of idle job procs: 102
07/14/26 17:09:57 Node apply job proc (9401730.253.0) completed successfully.
07/14/26 17:10:17 Currently monitoring 1 HTCondor log file(s)
07/14/26 17:10:17 Event: ULOG_JOB_TERMINATED for HTCondor Node apply (9401730.331.0) {07/14/26 17:10:14}
07/14/26 17:10:17 Number of idle job procs: 102
07/14/26 17:10:17 Node apply job proc (9401730.331.0) completed successfully.
07/14/26 17:10:17 Event: ULOG_JOB_TERMINATED for HTCondor Node apply (9401730.231.0) {07/14/26 17:10:16}
07/14/26 17:10:17 Number of idle job procs: 102
07/14/26 17:10:17 Node apply job proc (9401730.231.0) completed successfully.
07/14/26 17:10:22 Currently monitoring 1 HTCondor log file(s)
07/14/26 17:10:22 Event: ULOG_JOB_TERMINATED for HTCondor Node apply (9401730.172.0) {07/14/26 17:10:19}
07/14/26 17:10:22 Number of idle job procs: 102
07/14/26 17:10:23 Node apply job proc (9401730.172.0) completed successfully.
07/14/26 17:10:23 Event: ULOG_JOB_TERMINATED for HTCondor Node apply (9401730.149.0) {07/14/26 17:10:19}
07/14/26 17:10:23 Number of idle job procs: 102
07/14/26 17:10:23 Node apply job proc (9401730.149.0) completed successfully.
07/14/26 17:10:23 Event: ULOG_JOB_TERMINATED for HTCondor Node apply (9401730.235.0) {07/14/26 17:10:19}
07/14/26 17:10:23 Number of idle job procs: 102
07/14/26 17:10:23 Node apply job proc (9401730.235.0) completed successfully.
07/14/26 17:10:23 Event: ULOG_JOB_TERMINATED for HTCondor Node apply (9401730.131.0) {07/14/26 17:10:19}
07/14/26 17:10:23 Number of idle job procs: 102
07/14/26 17:10:23 Node apply job proc (9401730.131.0) completed successfully.
07/14/26 17:10:28 Currently monitoring 1 HTCondor log file(s)
07/14/26 17:10:28 Event: ULOG_JOB_TERMINATED for HTCondor Node apply (9401730.335.0) {07/14/26 17:10:26}
07/14/26 17:10:28 Number of idle job procs: 102
07/14/26 17:10:28 Node apply job proc (9401730.335.0) completed successfully.
07/14/26 17:10:28 Event: ULOG_JOB_TERMINATED for HTCondor Node apply (9401730.130.0) {07/14/26 17:10:27}
07/14/26 17:10:28 Number of idle job procs: 102
07/14/26 17:10:28 Node apply job proc (9401730.130.0) completed successfully.
07/14/26 17:10:43 Currently monitoring 1 HTCondor log file(s)
07/14/26 17:10:43 Event: ULOG_JOB_TERMINATED for HTCondor Node apply (9401730.334.0) {07/14/26 17:10:38}
07/14/26 17:10:43 Number of idle job procs: 102
07/14/26 17:10:43 Node apply job proc (9401730.334.0) completed successfully.
07/14/26 17:10:43 Event: ULOG_JOB_TERMINATED for HTCondor Node apply (9401730.142.0) {07/14/26 17:10:42}
07/14/26 17:10:43 Number of idle job procs: 102
07/14/26 17:10:43 Node apply job proc (9401730.142.0) completed successfully.
07/14/26 17:10:53 Currently monitoring 1 HTCondor log file(s)
07/14/26 17:10:53 Event: ULOG_JOB_TERMINATED for HTCondor Node apply (9401730.140.0) {07/14/26 17:10:49}
07/14/26 17:10:53 Number of idle job procs: 102
07/14/26 17:10:53 Node apply job proc (9401730.140.0) completed successfully.
07/14/26 17:11:48 Total jobs placed to AP: 500
07/14/26 17:11:48      Idle     Held     Running     Successful     Failed
07/14/26 17:11:48       ===      ===         ===            ===        ===
07/14/26 17:11:48       102        0         270            128          0
07/14/26 17:12:14 Currently monitoring 1 HTCondor log file(s)
07/14/26 17:12:14 Event: ULOG_JOB_TERMINATED for HTCondor Node apply (9401730.311.0) {07/14/26 17:12:08}
07/14/26 17:12:14 Number of idle job procs: 102
07/14/26 17:12:14 Node apply job proc (9401730.311.0) completed successfully.
07/14/26 17:12:14 Event: ULOG_JOB_TERMINATED for HTCondor Node apply (9401730.170.0) {07/14/26 17:12:09}
07/14/26 17:12:14 Number of idle job procs: 102
07/14/26 17:12:14 Node apply job proc (9401730.170.0) completed successfully.
07/14/26 17:12:14 Event: ULOG_JOB_TERMINATED for HTCondor Node apply (9401730.153.0) {07/14/26 17:12:09}
07/14/26 17:12:14 Number of idle job procs: 102
07/14/26 17:12:14 Node apply job proc (9401730.153.0) completed successfully.
07/14/26 17:12:14 Event: ULOG_JOB_TERMINATED for HTCondor Node apply (9401730.476.0) {07/14/26 17:12:09}
07/14/26 17:12:14 Number of idle job procs: 102
07/14/26 17:12:14 Node apply job proc (9401730.476.0) completed successfully.
07/14/26 17:12:14 Event: ULOG_JOB_TERMINATED for HTCondor Node apply (9401730.272.0) {07/14/26 17:12:09}
07/14/26 17:12:14 Number of idle job procs: 102
07/14/26 17:12:14 Node apply job proc (9401730.272.0) completed successfully.
07/14/26 17:12:14 Event: ULOG_JOB_TERMINATED for HTCondor Node apply (9401730.349.0) {07/14/26 17:12:10}
07/14/26 17:12:14 Number of idle job procs: 102
07/14/26 17:12:14 Node apply job proc (9401730.349.0) completed successfully.
07/14/26 17:12:14 Event: ULOG_JOB_TERMINATED for HTCondor Node apply (9401730.152.0) {07/14/26 17:12:10}
07/14/26 17:12:14 Number of idle job procs: 102
07/14/26 17:12:14 Node apply job proc (9401730.152.0) completed successfully.
07/14/26 17:12:14 Event: ULOG_JOB_TERMINATED for HTCondor Node apply (9401730.277.0) {07/14/26 17:12:10}
07/14/26 17:12:14 Number of idle job procs: 102
07/14/26 17:12:14 Node apply job proc (9401730.277.0) completed successfully.
07/14/26 17:12:14 Event: ULOG_JOB_TERMINATED for HTCondor Node apply (9401730.449.0) {07/14/26 17:12:11}
07/14/26 17:12:14 Number of idle job procs: 102
07/14/26 17:12:14 Node apply job proc (9401730.449.0) completed successfully.
07/14/26 17:12:14 Event: ULOG_JOB_TERMINATED for HTCondor Node apply (9401730.157.0) {07/14/26 17:12:11}
07/14/26 17:12:14 Number of idle job procs: 102
07/14/26 17:12:14 Node apply job proc (9401730.157.0) completed successfully.
07/14/26 17:12:14 Event: ULOG_JOB_TERMINATED for HTCondor Node apply (9401730.155.0) {07/14/26 17:12:11}
07/14/26 17:12:14 Number of idle job procs: 102
07/14/26 17:12:14 Node apply job proc (9401730.155.0) completed successfully.
07/14/26 17:12:29 Currently monitoring 1 HTCondor log file(s)
07/14/26 17:12:29 Event: ULOG_JOB_TERMINATED for HTCondor Node apply (9401730.269.0) {07/14/26 17:12:27}
07/14/26 17:12:29 Number of idle job procs: 102
07/14/26 17:12:29 Node apply job proc (9401730.269.0) completed successfully.
07/14/26 17:12:29 Event: ULOG_JOB_TERMINATED for HTCondor Node apply (9401730.478.0) {07/14/26 17:12:28}
07/14/26 17:12:29 Number of idle job procs: 102
07/14/26 17:12:29 Node apply job proc (9401730.478.0) completed successfully.
07/14/26 17:12:39 Currently monitoring 1 HTCondor log file(s)
07/14/26 17:12:39 Event: ULOG_JOB_TERMINATED for HTCondor Node apply (9401730.450.0) {07/14/26 17:12:34}
07/14/26 17:12:39 Number of idle job procs: 102
07/14/26 17:12:39 Node apply job proc (9401730.450.0) completed successfully.
07/14/26 17:12:59 Currently monitoring 1 HTCondor log file(s)
07/14/26 17:12:59 Event: ULOG_JOB_TERMINATED for HTCondor Node apply (9401730.378.0) {07/14/26 17:12:56}
07/14/26 17:12:59 Number of idle job procs: 102
07/14/26 17:12:59 Node apply job proc (9401730.378.0) completed successfully.
07/14/26 17:12:59 Event: ULOG_JOB_TERMINATED for HTCondor Node apply (9401730.451.0) {07/14/26 17:12:57}
07/14/26 17:12:59 Number of idle job procs: 102
07/14/26 17:12:59 Node apply job proc (9401730.451.0) completed successfully.
07/14/26 17:13:24 Currently monitoring 1 HTCondor log file(s)
07/14/26 17:13:24 Event: ULOG_JOB_TERMINATED for HTCondor Node apply (9401730.177.0) {07/14/26 17:13:22}
07/14/26 17:13:24 Number of idle job procs: 102
07/14/26 17:13:24 Node apply job proc (9401730.177.0) completed successfully.
07/14/26 17:13:34 Currently monitoring 1 HTCondor log file(s)
07/14/26 17:13:34 Event: ULOG_JOB_TERMINATED for HTCondor Node apply (9401730.278.0) {07/14/26 17:13:34}
07/14/26 17:13:34 Number of idle job procs: 102
07/14/26 17:13:34 Node apply job proc (9401730.278.0) completed successfully.
07/14/26 17:13:34 Event: ULOG_JOB_TERMINATED for HTCondor Node apply (9401730.463.0) {07/14/26 17:13:34}
07/14/26 17:13:34 Number of idle job procs: 102
07/14/26 17:13:34 Node apply job proc (9401730.463.0) completed successfully.
07/14/26 17:13:44 Currently monitoring 1 HTCondor log file(s)
07/14/26 17:13:44 Event: ULOG_JOB_TERMINATED for HTCondor Node apply (9401730.457.0) {07/14/26 17:13:40}
07/14/26 17:13:44 Number of idle job procs: 102
07/14/26 17:13:45 Node apply job proc (9401730.457.0) completed successfully.
07/14/26 17:14:15 Currently monitoring 1 HTCondor log file(s)
07/14/26 17:14:15 Event: ULOG_JOB_TERMINATED for HTCondor Node apply (9401730.250.0) {07/14/26 17:14:12}
07/14/26 17:14:15 Number of idle job procs: 102
07/14/26 17:14:15 Node apply job proc (9401730.250.0) completed successfully.
07/14/26 17:14:15 Event: ULOG_JOB_TERMINATED for HTCondor Node apply (9401730.178.0) {07/14/26 17:14:12}
07/14/26 17:14:15 Number of idle job procs: 102
07/14/26 17:14:15 Node apply job proc (9401730.178.0) completed successfully.
07/14/26 17:14:15 Event: ULOG_JOB_TERMINATED for HTCondor Node apply (9401730.254.0) {07/14/26 17:14:14}
07/14/26 17:14:15 Number of idle job procs: 102
07/14/26 17:14:15 Node apply job proc (9401730.254.0) completed successfully.
07/14/26 17:14:20 Currently monitoring 1 HTCondor log file(s)
07/14/26 17:14:20 Event: ULOG_JOB_TERMINATED for HTCondor Node apply (9401730.15.0) {07/14/26 17:14:19}
07/14/26 17:14:20 Number of idle job procs: 102
07/14/26 17:14:20 Node apply job proc (9401730.15.0) completed successfully.
07/14/26 17:14:25 Currently monitoring 1 HTCondor log file(s)
07/14/26 17:14:25 Event: ULOG_JOB_TERMINATED for HTCondor Node apply (9401730.50.0) {07/14/26 17:14:22}
07/14/26 17:14:25 Number of idle job procs: 102
07/14/26 17:14:25 Node apply job proc (9401730.50.0) completed successfully.
07/14/26 17:14:40 Currently monitoring 1 HTCondor log file(s)
07/14/26 17:14:40 Event: ULOG_JOB_TERMINATED for HTCondor Node apply (9401730.370.0) {07/14/26 17:14:37}
07/14/26 17:14:40 Number of idle job procs: 102
07/14/26 17:14:40 Node apply job proc (9401730.370.0) completed successfully.
07/14/26 17:14:45 Currently monitoring 1 HTCondor log file(s)
07/14/26 17:14:45 Event: ULOG_JOB_TERMINATED for HTCondor Node apply (9401730.350.0) {07/14/26 17:14:42}
07/14/26 17:14:45 Number of idle job procs: 102
07/14/26 17:14:45 Node apply job proc (9401730.350.0) completed successfully.
07/14/26 17:15:15 Currently monitoring 1 HTCondor log file(s)
07/14/26 17:15:15 Event: ULOG_JOB_TERMINATED for HTCondor Node apply (9401730.54.0) {07/14/26 17:15:10}
07/14/26 17:15:15 Number of idle job procs: 102
07/14/26 17:15:15 Node apply job proc (9401730.54.0) completed successfully.
07/14/26 17:15:20 Currently monitoring 1 HTCondor log file(s)
07/14/26 17:15:20 Event: ULOG_JOB_TERMINATED for HTCondor Node apply (9401730.255.0) {07/14/26 17:15:15}
07/14/26 17:15:20 Number of idle job procs: 102
07/14/26 17:15:20 Node apply job proc (9401730.255.0) completed successfully.
07/14/26 17:15:35 Currently monitoring 1 HTCondor log file(s)
07/14/26 17:15:35 Event: ULOG_JOB_TERMINATED for HTCondor Node apply (9401730.454.0) {07/14/26 17:15:32}
07/14/26 17:15:35 Number of idle job procs: 102
07/14/26 17:15:35 Node apply job proc (9401730.454.0) completed successfully.
07/14/26 17:15:50 Currently monitoring 1 HTCondor log file(s)
07/14/26 17:15:50 Event: ULOG_JOB_TERMINATED for HTCondor Node apply (9401730.55.0) {07/14/26 17:15:47}
07/14/26 17:15:50 Number of idle job procs: 102
07/14/26 17:15:50 Node apply job proc (9401730.55.0) completed successfully.
07/14/26 17:16:00 Currently monitoring 1 HTCondor log file(s)
07/14/26 17:16:00 Event: ULOG_JOB_TERMINATED for HTCondor Node apply (9401730.377.0) {07/14/26 17:15:57}
07/14/26 17:16:00 Number of idle job procs: 102
07/14/26 17:16:00 Node apply job proc (9401730.377.0) completed successfully.
07/14/26 17:16:05 Currently monitoring 1 HTCondor log file(s)
07/14/26 17:16:05 Event: ULOG_JOB_TERMINATED for HTCondor Node apply (9401730.46.0) {07/14/26 17:16:03}
07/14/26 17:16:05 Number of idle job procs: 102
07/14/26 17:16:05 Node apply job proc (9401730.46.0) completed successfully.
07/14/26 17:16:55 Currently monitoring 1 HTCondor log file(s)
07/14/26 17:16:55 Event: ULOG_JOB_TERMINATED for HTCondor Node apply (9401730.455.0) {07/14/26 17:16:54}
07/14/26 17:16:55 Number of idle job procs: 102
07/14/26 17:16:55 Node apply job proc (9401730.455.0) completed successfully.
07/14/26 17:17:00 Currently monitoring 1 HTCondor log file(s)
07/14/26 17:17:01 Event: ULOG_JOB_TERMINATED for HTCondor Node apply (9401730.78.0) {07/14/26 17:16:57}
07/14/26 17:17:01 Number of idle job procs: 102
07/14/26 17:17:01 Node apply job proc (9401730.78.0) completed successfully.
07/14/26 17:17:06 Currently monitoring 1 HTCondor log file(s)
07/14/26 17:17:06 Event: ULOG_JOB_TERMINATED for HTCondor Node apply (9401730.154.0) {07/14/26 17:17:04}
07/14/26 17:17:06 Number of idle job procs: 102
07/14/26 17:17:06 Node apply job proc (9401730.154.0) completed successfully.
07/14/26 17:17:51 Currently monitoring 1 HTCondor log file(s)
07/14/26 17:17:51 Event: ULOG_EXECUTE for HTCondor Node apply (9401730.48.0) {07/14/26 17:17:47}
07/14/26 17:17:51 Number of idle job procs: 101
07/14/26 17:17:51 Event: ULOG_JOB_TERMINATED for HTCondor Node apply (9401730.110.0) {07/14/26 17:17:48}
07/14/26 17:17:51 Number of idle job procs: 101
07/14/26 17:17:51 Node apply job proc (9401730.110.0) completed successfully.
07/14/26 17:17:56 Currently monitoring 1 HTCondor log file(s)
07/14/26 17:17:56 Event: ULOG_EXECUTE for HTCondor Node apply (9401730.56.0) {07/14/26 17:17:51}
07/14/26 17:17:56 Number of idle job procs: 100
07/14/26 17:17:56 Event: ULOG_JOB_TERMINATED for HTCondor Node apply (9401730.369.0) {07/14/26 17:17:52}
07/14/26 17:17:56 Number of idle job procs: 100
07/14/26 17:17:56 Node apply job proc (9401730.369.0) completed successfully.
07/14/26 17:18:01 Currently monitoring 1 HTCondor log file(s)
07/14/26 17:18:01 Event: ULOG_EXECUTE for HTCondor Node apply (9401730.25.0) {07/14/26 17:18:00}
07/14/26 17:18:01 Number of idle job procs: 99
07/14/26 17:18:06 Currently monitoring 1 HTCondor log file(s)
07/14/26 17:18:06 Event: ULOG_EXECUTE for HTCondor Node apply (9401730.57.0) {07/14/26 17:18:01}
07/14/26 17:18:06 Number of idle job procs: 98
07/14/26 17:18:06 Event: ULOG_EXECUTE for HTCondor Node apply (9401730.59.0) {07/14/26 17:18:05}
07/14/26 17:18:06 Number of idle job procs: 97
07/14/26 17:18:11 Currently monitoring 1 HTCondor log file(s)
07/14/26 17:18:11 Event: ULOG_JOB_TERMINATED for HTCondor Node apply (9401730.482.0) {07/14/26 17:18:07}
07/14/26 17:18:11 Number of idle job procs: 97
07/14/26 17:18:11 Node apply job proc (9401730.482.0) completed successfully.
07/14/26 17:19:01 Currently monitoring 1 HTCondor log file(s)
07/14/26 17:19:01 Event: ULOG_JOB_TERMINATED for HTCondor Node apply (9401730.59.0) {07/14/26 17:18:57}
07/14/26 17:19:01 Number of idle job procs: 97
07/14/26 17:19:01 Node apply job proc (9401730.59.0) completed successfully.
07/14/26 17:19:01 Event: ULOG_JOB_TERMINATED for HTCondor Node apply (9401730.257.0) {07/14/26 17:18:57}
07/14/26 17:19:01 Number of idle job procs: 97
07/14/26 17:19:01 Node apply job proc (9401730.257.0) completed successfully.
07/14/26 17:19:16 Currently monitoring 1 HTCondor log file(s)
07/14/26 17:19:16 Event: ULOG_JOB_TERMINATED for HTCondor Node apply (9401730.61.0) {07/14/26 17:19:15}
07/14/26 17:19:16 Number of idle job procs: 97
07/14/26 17:19:16 Node apply job proc (9401730.61.0) completed successfully.
07/14/26 17:20:06 Currently monitoring 1 HTCondor log file(s)
07/14/26 17:20:06 Event: ULOG_JOB_TERMINATED for HTCondor Node apply (9401730.77.0) {07/14/26 17:20:03}
07/14/26 17:20:06 Number of idle job procs: 97
07/14/26 17:20:06 Node apply job proc (9401730.77.0) completed successfully.
07/14/26 17:20:11 Currently monitoring 1 HTCondor log file(s)
07/14/26 17:20:11 Event: ULOG_JOB_TERMINATED for HTCondor Node apply (9401730.21.0) {07/14/26 17:20:10}
07/14/26 17:20:11 Number of idle job procs: 97
07/14/26 17:20:11 Node apply job proc (9401730.21.0) completed successfully.
07/14/26 17:20:11 Event: ULOG_JOB_TERMINATED for HTCondor Node apply (9401730.321.0) {07/14/26 17:20:10}
07/14/26 17:20:11 Number of idle job procs: 97
07/14/26 17:20:12 Node apply job proc (9401730.321.0) completed successfully.
07/14/26 17:20:52 Currently monitoring 1 HTCondor log file(s)
07/14/26 17:20:52 Event: ULOG_JOB_TERMINATED for HTCondor Node apply (9401730.354.0) {07/14/26 17:20:49}
07/14/26 17:20:52 Number of idle job procs: 97
07/14/26 17:20:52 Node apply job proc (9401730.354.0) completed successfully.
07/14/26 17:20:57 Currently monitoring 1 HTCondor log file(s)
07/14/26 17:20:57 Event: ULOG_JOB_TERMINATED for HTCondor Node apply (9401730.143.0) {07/14/26 17:20:56}
07/14/26 17:20:57 Number of idle job procs: 97
07/14/26 17:20:57 Node apply job proc (9401730.143.0) completed successfully.
07/14/26 17:20:57 Event: ULOG_JOB_TERMINATED for HTCondor Node apply (9401730.82.0) {07/14/26 17:20:56}
07/14/26 17:20:57 Number of idle job procs: 97
07/14/26 17:20:57 Node apply job proc (9401730.82.0) completed successfully.
07/14/26 17:21:07 Currently monitoring 1 HTCondor log file(s)
07/14/26 17:21:07 Event: ULOG_EXECUTE for HTCondor Node apply (9401730.151.0) {07/14/26 17:21:04}
07/14/26 17:21:07 Number of idle job procs: 96
07/14/26 17:21:07 Event: ULOG_EXECUTE for HTCondor Node apply (9401730.227.0) {07/14/26 17:21:06}
07/14/26 17:21:07 Number of idle job procs: 95
07/14/26 17:21:07 Event: ULOG_EXECUTE for HTCondor Node apply (9401730.228.0) {07/14/26 17:21:06}
07/14/26 17:21:07 Number of idle job procs: 94
07/14/26 17:21:07 Event: ULOG_EXECUTE for HTCondor Node apply (9401730.232.0) {07/14/26 17:21:06}
07/14/26 17:21:07 Number of idle job procs: 93
07/14/26 17:21:12 Currently monitoring 1 HTCondor log file(s)
07/14/26 17:21:12 Event: ULOG_EXECUTE for HTCondor Node apply (9401730.237.0) {07/14/26 17:21:07}
07/14/26 17:21:12 Number of idle job procs: 92
07/14/26 17:21:12 Event: ULOG_EXECUTE for HTCondor Node apply (9401730.236.0) {07/14/26 17:21:07}
07/14/26 17:21:12 Number of idle job procs: 91
07/14/26 17:21:12 Event: ULOG_EXECUTE for HTCondor Node apply (9401730.238.0) {07/14/26 17:21:07}
07/14/26 17:21:12 Number of idle job procs: 90
07/14/26 17:21:12 Event: ULOG_EXECUTE for HTCondor Node apply (9401730.240.0) {07/14/26 17:21:08}
07/14/26 17:21:12 Number of idle job procs: 89
07/14/26 17:21:12 Event: ULOG_EXECUTE for HTCondor Node apply (9401730.239.0) {07/14/26 17:21:08}
07/14/26 17:21:12 Number of idle job procs: 88
07/14/26 17:21:12 Event: ULOG_EXECUTE for HTCondor Node apply (9401730.248.0) {07/14/26 17:21:09}
07/14/26 17:21:12 Number of idle job procs: 87
07/14/26 17:21:12 Event: ULOG_EXECUTE for HTCondor Node apply (9401730.242.0) {07/14/26 17:21:09}
07/14/26 17:21:12 Number of idle job procs: 86
07/14/26 17:21:12 Event: ULOG_EXECUTE for HTCondor Node apply (9401730.275.0) {07/14/26 17:21:10}
07/14/26 17:21:12 Number of idle job procs: 85
07/14/26 17:21:12 Event: ULOG_EXECUTE for HTCondor Node apply (9401730.245.0) {07/14/26 17:21:10}
07/14/26 17:21:12 Number of idle job procs: 84
07/14/26 17:21:12 Event: ULOG_EXECUTE for HTCondor Node apply (9401730.276.0) {07/14/26 17:21:11}
07/14/26 17:21:12 Number of idle job procs: 83
07/14/26 17:21:17 Currently monitoring 1 HTCondor log file(s)
07/14/26 17:21:17 Event: ULOG_EXECUTE for HTCondor Node apply (9401730.279.0) {07/14/26 17:21:13}
07/14/26 17:21:17 Number of idle job procs: 82
07/14/26 17:21:17 Event: ULOG_EXECUTE for HTCondor Node apply (9401730.283.0) {07/14/26 17:21:13}
07/14/26 17:21:17 Number of idle job procs: 81
07/14/26 17:21:17 Event: ULOG_EXECUTE for HTCondor Node apply (9401730.285.0) {07/14/26 17:21:15}
07/14/26 17:21:17 Number of idle job procs: 80
07/14/26 17:21:17 Event: ULOG_EXECUTE for HTCondor Node apply (9401730.284.0) {07/14/26 17:21:15}
07/14/26 17:21:17 Number of idle job procs: 79
07/14/26 17:21:17 Event: ULOG_EXECUTE for HTCondor Node apply (9401730.286.0) {07/14/26 17:21:16}
07/14/26 17:21:17 Number of idle job procs: 78
07/14/26 17:21:22 Currently monitoring 1 HTCondor log file(s)
07/14/26 17:21:22 Event: ULOG_EXECUTE for HTCondor Node apply (9401730.289.0) {07/14/26 17:21:18}
07/14/26 17:21:22 Number of idle job procs: 77
07/14/26 17:21:22 Event: ULOG_EXECUTE for HTCondor Node apply (9401730.287.0) {07/14/26 17:21:18}
07/14/26 17:21:22 Number of idle job procs: 76
07/14/26 17:21:22 Event: ULOG_EXECUTE for HTCondor Node apply (9401730.293.0) {07/14/26 17:21:19}
07/14/26 17:21:22 Number of idle job procs: 75
07/14/26 17:21:22 Event: ULOG_EXECUTE for HTCondor Node apply (9401730.296.0) {07/14/26 17:21:19}
07/14/26 17:21:22 Number of idle job procs: 74
07/14/26 17:21:22 Event: ULOG_EXECUTE for HTCondor Node apply (9401730.304.0) {07/14/26 17:21:22}
07/14/26 17:21:22 Number of idle job procs: 73
07/14/26 17:21:22 Event: ULOG_EXECUTE for HTCondor Node apply (9401730.305.0) {07/14/26 17:21:22}
07/14/26 17:21:22 Number of idle job procs: 72
07/14/26 17:21:27 Currently monitoring 1 HTCondor log file(s)
07/14/26 17:21:28 Event: ULOG_EXECUTE for HTCondor Node apply (9401730.308.0) {07/14/26 17:21:23}
07/14/26 17:21:28 Number of idle job procs: 71
07/14/26 17:21:28 Event: ULOG_EXECUTE for HTCondor Node apply (9401730.313.0) {07/14/26 17:21:24}
07/14/26 17:21:28 Number of idle job procs: 70
07/14/26 17:21:28 Event: ULOG_EXECUTE for HTCondor Node apply (9401730.312.0) {07/14/26 17:21:24}
07/14/26 17:21:28 Number of idle job procs: 69
07/14/26 17:21:28 Event: ULOG_EXECUTE for HTCondor Node apply (9401730.316.0) {07/14/26 17:21:26}
07/14/26 17:21:28 Number of idle job procs: 68
07/14/26 17:21:28 Event: ULOG_EXECUTE for HTCondor Node apply (9401730.318.0) {07/14/26 17:21:26}
07/14/26 17:21:28 Number of idle job procs: 67
07/14/26 17:21:28 Event: ULOG_EXECUTE for HTCondor Node apply (9401730.314.0) {07/14/26 17:21:27}
07/14/26 17:21:28 Number of idle job procs: 66
07/14/26 17:21:33 Currently monitoring 1 HTCondor log file(s)
07/14/26 17:21:33 Event: ULOG_EXECUTE for HTCondor Node apply (9401730.315.0) {07/14/26 17:21:29}
07/14/26 17:21:33 Number of idle job procs: 65
07/14/26 17:21:33 Event: ULOG_EXECUTE for HTCondor Node apply (9401730.329.0) {07/14/26 17:21:30}
07/14/26 17:21:33 Number of idle job procs: 64
07/14/26 17:21:33 Event: ULOG_EXECUTE for HTCondor Node apply (9401730.332.0) {07/14/26 17:21:30}
07/14/26 17:21:33 Number of idle job procs: 63
07/14/26 17:21:33 Event: ULOG_EXECUTE for HTCondor Node apply (9401730.336.0) {07/14/26 17:21:30}
07/14/26 17:21:33 Number of idle job procs: 62
07/14/26 17:21:33 Event: ULOG_JOB_TERMINATED for HTCondor Node apply (9401730.182.0) {07/14/26 17:21:31}
07/14/26 17:21:33 Number of idle job procs: 62
07/14/26 17:21:33 Node apply job proc (9401730.182.0) completed successfully.
07/14/26 17:21:33 Event: ULOG_EXECUTE for HTCondor Node apply (9401730.328.0) {07/14/26 17:21:32}
07/14/26 17:21:33 Number of idle job procs: 61
07/14/26 17:21:33 Event: ULOG_EXECUTE for HTCondor Node apply (9401730.337.0) {07/14/26 17:21:33}
07/14/26 17:21:33 Number of idle job procs: 60
07/14/26 17:21:38 Currently monitoring 1 HTCondor log file(s)
07/14/26 17:21:38 Event: ULOG_JOB_TERMINATED for HTCondor Node apply (9401730.236.0) {07/14/26 17:21:33}
07/14/26 17:21:38 Number of idle job procs: 60
07/14/26 17:21:38 Node apply job proc (9401730.236.0) completed successfully.
07/14/26 17:21:38 Event: ULOG_EXECUTE for HTCondor Node apply (9401730.338.0) {07/14/26 17:21:34}
07/14/26 17:21:38 Number of idle job procs: 59
07/14/26 17:21:38 Event: ULOG_EXECUTE for HTCondor Node apply (9401730.322.0) {07/14/26 17:21:36}
07/14/26 17:21:38 Number of idle job procs: 58
07/14/26 17:21:38 Event: ULOG_EXECUTE for HTCondor Node apply (9401730.339.0) {07/14/26 17:21:36}
07/14/26 17:21:38 Number of idle job procs: 57
07/14/26 17:21:38 Event: ULOG_EXECUTE for HTCondor Node apply (9401730.340.0) {07/14/26 17:21:37}
07/14/26 17:21:38 Number of idle job procs: 56
07/14/26 17:21:43 Currently monitoring 1 HTCondor log file(s)
07/14/26 17:21:43 Event: ULOG_JOB_TERMINATED for HTCondor Node apply (9401730.246.0) {07/14/26 17:21:39}
07/14/26 17:21:43 Number of idle job procs: 56
07/14/26 17:21:43 Node apply job proc (9401730.246.0) completed successfully.
07/14/26 17:21:43 Event: ULOG_EXECUTE for HTCondor Node apply (9401730.344.0) {07/14/26 17:21:40}
07/14/26 17:21:43 Number of idle job procs: 55
07/14/26 17:21:43 Event: ULOG_EXECUTE for HTCondor Node apply (9401730.342.0) {07/14/26 17:21:40}
07/14/26 17:21:43 Number of idle job procs: 54
07/14/26 17:21:43 Event: ULOG_EXECUTE for HTCondor Node apply (9401730.351.0) {07/14/26 17:21:41}
07/14/26 17:21:43 Number of idle job procs: 53
07/14/26 17:21:43 Event: ULOG_EXECUTE for HTCondor Node apply (9401730.347.0) {07/14/26 17:21:41}
07/14/26 17:21:43 Number of idle job procs: 52
07/14/26 17:21:43 Event: ULOG_EXECUTE for HTCondor Node apply (9401730.357.0) {07/14/26 17:21:42}
07/14/26 17:21:43 Number of idle job procs: 51
07/14/26 17:21:43 Event: ULOG_EXECUTE for HTCondor Node apply (9401730.358.0) {07/14/26 17:21:43}
07/14/26 17:21:43 Number of idle job procs: 50
07/14/26 17:21:48 Currently monitoring 1 HTCondor log file(s)
07/14/26 17:21:48 Event: ULOG_EXECUTE for HTCondor Node apply (9401730.365.0) {07/14/26 17:21:43}
07/14/26 17:21:48 Number of idle job procs: 49
07/14/26 17:21:48 Event: ULOG_EXECUTE for HTCondor Node apply (9401730.366.0) {07/14/26 17:21:44}
07/14/26 17:21:48 Number of idle job procs: 48
07/14/26 17:21:48 Event: ULOG_EXECUTE for HTCondor Node apply (9401730.355.0) {07/14/26 17:21:44}
07/14/26 17:21:48 Number of idle job procs: 47
07/14/26 17:21:48 Event: ULOG_EXECUTE for HTCondor Node apply (9401730.356.0) {07/14/26 17:21:45}
07/14/26 17:21:48 Number of idle job procs: 46
07/14/26 17:21:48 Event: ULOG_EXECUTE for HTCondor Node apply (9401730.359.0) {07/14/26 17:21:46}
07/14/26 17:21:48 Number of idle job procs: 45
07/14/26 17:21:49 Event: ULOG_EXECUTE for HTCondor Node apply (9401730.361.0) {07/14/26 17:21:47}
07/14/26 17:21:49 Number of idle job procs: 44
07/14/26 17:21:49 Event: ULOG_EXECUTE for HTCondor Node apply (9401730.371.0) {07/14/26 17:21:47}
07/14/26 17:21:49 Number of idle job procs: 43
07/14/26 17:21:49 Event: ULOG_EXECUTE for HTCondor Node apply (9401730.372.0) {07/14/26 17:21:48}
07/14/26 17:21:49 Number of idle job procs: 42
07/14/26 17:21:49 Event: ULOG_EXECUTE for HTCondor Node apply (9401730.373.0) {07/14/26 17:21:48}
07/14/26 17:21:49 Number of idle job procs: 41
07/14/26 17:21:49 Event: ULOG_EXECUTE for HTCondor Node apply (9401730.374.0) {07/14/26 17:21:48}
07/14/26 17:21:49 Number of idle job procs: 40
07/14/26 17:21:54 Currently monitoring 1 HTCondor log file(s)
07/14/26 17:21:54 Event: ULOG_JOB_TERMINATED for HTCondor Node apply (9401730.237.0) {07/14/26 17:21:49}
07/14/26 17:21:54 Number of idle job procs: 40
07/14/26 17:21:54 Node apply job proc (9401730.237.0) completed successfully.
07/14/26 17:21:54 Event: ULOG_JOB_TERMINATED for HTCondor Node apply (9401730.293.0) {07/14/26 17:21:52}
07/14/26 17:21:54 Number of idle job procs: 40
07/14/26 17:21:54 Node apply job proc (9401730.293.0) completed successfully.
07/14/26 17:21:59 Currently monitoring 1 HTCondor log file(s)
07/14/26 17:21:59 Event: ULOG_JOB_TERMINATED for HTCondor Node apply (9401730.336.0) {07/14/26 17:21:55}
07/14/26 17:21:59 Number of idle job procs: 40
07/14/26 17:21:59 Node apply job proc (9401730.336.0) completed successfully.
07/14/26 17:21:59 Event: ULOG_JOB_TERMINATED for HTCondor Node apply (9401730.239.0) {07/14/26 17:21:56}
07/14/26 17:21:59 Number of idle job procs: 40
07/14/26 17:21:59 Node apply job proc (9401730.239.0) completed successfully.
07/14/26 17:21:59 Event: ULOG_JOB_TERMINATED for HTCondor Node apply (9401730.337.0) {07/14/26 17:21:57}
07/14/26 17:21:59 Number of idle job procs: 40
07/14/26 17:21:59 Node apply job proc (9401730.337.0) completed successfully.
07/14/26 17:22:09 Currently monitoring 1 HTCondor log file(s)
07/14/26 17:22:09 Event: ULOG_EXECUTE for HTCondor Node apply (9401730.376.0) {07/14/26 17:22:05}
07/14/26 17:22:09 Number of idle job procs: 39
07/14/26 17:22:09 Event: ULOG_EXECUTE for HTCondor Node apply (9401730.380.0) {07/14/26 17:22:06}
07/14/26 17:22:09 Number of idle job procs: 38
07/14/26 17:22:09 Event: ULOG_JOB_TERMINATED for HTCondor Node apply (9401730.289.0) {07/14/26 17:22:06}
07/14/26 17:22:09 Number of idle job procs: 38
07/14/26 17:22:09 Node apply job proc (9401730.289.0) completed successfully.
07/14/26 17:22:09 Event: ULOG_EXECUTE for HTCondor Node apply (9401730.381.0) {07/14/26 17:22:08}
07/14/26 17:22:09 Number of idle job procs: 37
07/14/26 17:22:09 Event: ULOG_EXECUTE for HTCondor Node apply (9401730.383.0) {07/14/26 17:22:09}
07/14/26 17:22:09 Number of idle job procs: 36
07/14/26 17:22:14 Currently monitoring 1 HTCondor log file(s)
07/14/26 17:22:14 Event: ULOG_EXECUTE for HTCondor Node apply (9401730.384.0) {07/14/26 17:22:10}
07/14/26 17:22:14 Number of idle job procs: 35
07/14/26 17:22:14 Event: ULOG_JOB_TERMINATED for HTCondor Node apply (9401730.69.0) {07/14/26 17:22:10}
07/14/26 17:22:14 Number of idle job procs: 35
07/14/26 17:22:14 Node apply job proc (9401730.69.0) completed successfully.
07/14/26 17:22:14 Event: ULOG_JOB_TERMINATED for HTCondor Node apply (9401730.245.0) {07/14/26 17:22:14}
07/14/26 17:22:14 Number of idle job procs: 35
07/14/26 17:22:14 Node apply job proc (9401730.245.0) completed successfully.
07/14/26 17:22:14 Event: ULOG_EXECUTE for HTCondor Node apply (9401730.385.0) {07/14/26 17:22:14}
07/14/26 17:22:14 Number of idle job procs: 34
07/14/26 17:22:19 Currently monitoring 1 HTCondor log file(s)
07/14/26 17:22:19 Event: ULOG_JOB_TERMINATED for HTCondor Node apply (9401730.296.0) {07/14/26 17:22:14}
07/14/26 17:22:19 Number of idle job procs: 34
07/14/26 17:22:19 Node apply job proc (9401730.296.0) completed successfully.
07/14/26 17:22:19 Event: ULOG_EXECUTE for HTCondor Node apply (9401730.387.0) {07/14/26 17:22:16}
07/14/26 17:22:19 Number of idle job procs: 33
07/14/26 17:22:19 Event: ULOG_EXECUTE for HTCondor Node apply (9401730.392.0) {07/14/26 17:22:19}
07/14/26 17:22:19 Number of idle job procs: 32
07/14/26 17:22:24 Currently monitoring 1 HTCondor log file(s)
07/14/26 17:22:24 Event: ULOG_EXECUTE for HTCondor Node apply (9401730.393.0) {07/14/26 17:22:19}
07/14/26 17:22:24 Number of idle job procs: 31
07/14/26 17:22:24 Event: ULOG_EXECUTE for HTCondor Node apply (9401730.395.0) {07/14/26 17:22:23}
07/14/26 17:22:25 Number of idle job procs: 30
07/14/26 17:22:25 Event: ULOG_EXECUTE for HTCondor Node apply (9401730.398.0) {07/14/26 17:22:24}
07/14/26 17:22:25 Number of idle job procs: 29
07/14/26 17:22:30 Currently monitoring 1 HTCondor log file(s)
07/14/26 17:22:30 Event: ULOG_EXECUTE for HTCondor Node apply (9401730.401.0) {07/14/26 17:22:26}
07/14/26 17:22:30 Number of idle job procs: 28
07/14/26 17:22:30 Event: ULOG_EXECUTE for HTCondor Node apply (9401730.406.0) {07/14/26 17:22:27}
07/14/26 17:22:30 Number of idle job procs: 27
07/14/26 17:22:30 Event: ULOG_JOB_TERMINATED for HTCondor Node apply (9401730.339.0) {07/14/26 17:22:29}
07/14/26 17:22:30 Number of idle job procs: 27
07/14/26 17:22:30 Node apply job proc (9401730.339.0) completed successfully.
07/14/26 17:22:35 Currently monitoring 1 HTCondor log file(s)
07/14/26 17:22:35 Event: ULOG_EXECUTE for HTCondor Node apply (9401730.410.0) {07/14/26 17:22:30}
07/14/26 17:22:35 Number of idle job procs: 26
07/14/26 17:22:35 Event: ULOG_EXECUTE for HTCondor Node apply (9401730.412.0) {07/14/26 17:22:31}
07/14/26 17:22:35 Number of idle job procs: 25
07/14/26 17:22:35 Event: ULOG_EXECUTE for HTCondor Node apply (9401730.415.0) {07/14/26 17:22:33}
07/14/26 17:22:35 Number of idle job procs: 24
07/14/26 17:22:35 Event: ULOG_JOB_TERMINATED for HTCondor Node apply (9401730.282.0) {07/14/26 17:22:34}
07/14/26 17:22:35 Number of idle job procs: 24
07/14/26 17:22:35 Node apply job proc (9401730.282.0) completed successfully.
07/14/26 17:22:35 Event: ULOG_EXECUTE for HTCondor Node apply (9401730.416.0) {07/14/26 17:22:34}
07/14/26 17:22:35 Number of idle job procs: 23
07/14/26 17:22:35 Event: ULOG_JOB_TERMINATED for HTCondor Node apply (9401730.146.0) {07/14/26 17:22:35}
07/14/26 17:22:35 Number of idle job procs: 23
07/14/26 17:22:35 Node apply job proc (9401730.146.0) completed successfully.
07/14/26 17:22:40 Currently monitoring 1 HTCondor log file(s)
07/14/26 17:22:40 Event: ULOG_JOB_TERMINATED for HTCondor Node apply (9401730.279.0) {07/14/26 17:22:37}
07/14/26 17:22:40 Number of idle job procs: 23
07/14/26 17:22:40 Node apply job proc (9401730.279.0) completed successfully.
07/14/26 17:22:40 Event: ULOG_EXECUTE for HTCondor Node apply (9401730.420.0) {07/14/26 17:22:38}
07/14/26 17:22:40 Number of idle job procs: 22
07/14/26 17:22:45 Currently monitoring 1 HTCondor log file(s)
07/14/26 17:22:45 Event: ULOG_EXECUTE for HTCondor Node apply (9401730.422.0) {07/14/26 17:22:40}
07/14/26 17:22:45 Number of idle job procs: 21
07/14/26 17:22:45 Event: ULOG_EXECUTE for HTCondor Node apply (9401730.425.0) {07/14/26 17:22:41}
07/14/26 17:22:45 Number of idle job procs: 20
07/14/26 17:22:45 Event: ULOG_EXECUTE for HTCondor Node apply (9401730.429.0) {07/14/26 17:22:42}
07/14/26 17:22:45 Number of idle job procs: 19
07/14/26 17:22:45 Event: ULOG_EXECUTE for HTCondor Node apply (9401730.430.0) {07/14/26 17:22:42}
07/14/26 17:22:45 Number of idle job procs: 18
07/14/26 17:22:45 Event: ULOG_EXECUTE for HTCondor Node apply (9401730.431.0) {07/14/26 17:22:43}
07/14/26 17:22:45 Number of idle job procs: 17
07/14/26 17:22:50 Currently monitoring 1 HTCondor log file(s)
07/14/26 17:22:50 Event: ULOG_JOB_TERMINATED for HTCondor Node apply (9401730.469.0) {07/14/26 17:22:45}
07/14/26 17:22:50 Number of idle job procs: 17
07/14/26 17:22:50 Node apply job proc (9401730.469.0) completed successfully.
07/14/26 17:22:50 Event: ULOG_JOB_TERMINATED for HTCondor Node apply (9401730.373.0) {07/14/26 17:22:46}
07/14/26 17:22:50 Number of idle job procs: 17
07/14/26 17:22:50 Node apply job proc (9401730.373.0) completed successfully.
07/14/26 17:22:50 Event: ULOG_EXECUTE for HTCondor Node apply (9401730.427.0) {07/14/26 17:22:49}
07/14/26 17:22:50 Number of idle job procs: 16
07/14/26 17:22:50 Event: ULOG_EXECUTE for HTCondor Node apply (9401730.432.0) {07/14/26 17:22:49}
07/14/26 17:22:50 Number of idle job procs: 15
07/14/26 17:23:00 Currently monitoring 1 HTCondor log file(s)
07/14/26 17:23:00 Event: ULOG_JOB_TERMINATED for HTCondor Node apply (9401730.227.0) {07/14/26 17:22:56}
07/14/26 17:23:00 Number of idle job procs: 15
07/14/26 17:23:00 Node apply job proc (9401730.227.0) completed successfully.
07/14/26 17:23:05 Currently monitoring 1 HTCondor log file(s)
07/14/26 17:23:05 Event: ULOG_EXECUTE for HTCondor Node apply (9401730.433.0) {07/14/26 17:23:02}
07/14/26 17:23:05 Number of idle job procs: 14
07/14/26 17:23:05 Event: ULOG_JOB_TERMINATED for HTCondor Node apply (9401730.275.0) {07/14/26 17:23:03}
07/14/26 17:23:05 Number of idle job procs: 14
07/14/26 17:23:05 Node apply job proc (9401730.275.0) completed successfully.
07/14/26 17:23:06 Event: ULOG_JOB_TERMINATED for HTCondor Node apply (9401730.338.0) {07/14/26 17:23:04}
07/14/26 17:23:06 Number of idle job procs: 14
07/14/26 17:23:06 Node apply job proc (9401730.338.0) completed successfully.
07/14/26 17:23:26 Currently monitoring 1 HTCondor log file(s)
07/14/26 17:23:26 Event: ULOG_JOB_TERMINATED for HTCondor Node apply (9401730.393.0) {07/14/26 17:23:24}
07/14/26 17:23:26 Number of idle job procs: 14
07/14/26 17:23:26 Node apply job proc (9401730.393.0) completed successfully.
07/14/26 17:23:26 Event: ULOG_EXECUTE for HTCondor Node apply (9401730.434.0) {07/14/26 17:23:25}
07/14/26 17:23:26 Number of idle job procs: 13
07/14/26 17:23:46 Currently monitoring 1 HTCondor log file(s)
07/14/26 17:23:46 Event: ULOG_JOB_TERMINATED for HTCondor Node apply (9401730.156.0) {07/14/26 17:23:42}
07/14/26 17:23:46 Number of idle job procs: 13
07/14/26 17:23:46 Node apply job proc (9401730.156.0) completed successfully.
07/14/26 17:23:46 Event: ULOG_JOB_TERMINATED for HTCondor Node apply (9401730.238.0) {07/14/26 17:23:44}
07/14/26 17:23:46 Number of idle job procs: 13
07/14/26 17:23:46 Node apply job proc (9401730.238.0) completed successfully.
07/14/26 17:23:51 Currently monitoring 1 HTCondor log file(s)
07/14/26 17:23:51 Event: ULOG_JOB_TERMINATED for HTCondor Node apply (9401730.359.0) {07/14/26 17:23:47}
07/14/26 17:23:51 Number of idle job procs: 13
07/14/26 17:23:51 Node apply job proc (9401730.359.0) completed successfully.
07/14/26 17:23:51 Event: ULOG_JOB_TERMINATED for HTCondor Node apply (9401730.151.0) {07/14/26 17:23:47}
07/14/26 17:23:51 Number of idle job procs: 13
07/14/26 17:23:51 Node apply job proc (9401730.151.0) completed successfully.
07/14/26 17:23:51 Event: ULOG_JOB_TERMINATED for HTCondor Node apply (9401730.374.0) {07/14/26 17:23:48}
07/14/26 17:23:51 Number of idle job procs: 13
07/14/26 17:23:51 Node apply job proc (9401730.374.0) completed successfully.
07/14/26 17:23:51 Event: ULOG_JOB_TERMINATED for HTCondor Node apply (9401730.392.0) {07/14/26 17:23:49}
07/14/26 17:23:51 Number of idle job procs: 13
07/14/26 17:23:51 Node apply job proc (9401730.392.0) completed successfully.
07/14/26 17:23:51 Event: ULOG_JOB_TERMINATED for HTCondor Node apply (9401730.382.0) {07/14/26 17:23:49}
07/14/26 17:23:51 Number of idle job procs: 13
07/14/26 17:23:51 Node apply job proc (9401730.382.0) completed successfully.
07/14/26 17:23:51 Event: ULOG_EXECUTE for HTCondor Node apply (9401730.435.0) {07/14/26 17:23:49}
07/14/26 17:23:51 Number of idle job procs: 12
07/14/26 17:23:51 Event: ULOG_JOB_TERMINATED for HTCondor Node apply (9401730.141.0) {07/14/26 17:23:49}
07/14/26 17:23:51 Number of idle job procs: 12
07/14/26 17:23:51 Node apply job proc (9401730.141.0) completed successfully.
07/14/26 17:23:51 Event: ULOG_EXECUTE for HTCondor Node apply (9401730.436.0) {07/14/26 17:23:51}
07/14/26 17:23:51 Number of idle job procs: 11
07/14/26 17:23:56 Currently monitoring 1 HTCondor log file(s)
07/14/26 17:24:06 Currently monitoring 1 HTCondor log file(s)
07/14/26 17:24:06 Event: ULOG_EXECUTE for HTCondor Node apply (9401730.438.0) {07/14/26 17:24:03}
07/14/26 17:24:06 Number of idle job procs: 10
07/14/26 17:24:06 Event: ULOG_EXECUTE for HTCondor Node apply (9401730.439.0) {07/14/26 17:24:06}
07/14/26 17:24:06 Number of idle job procs: 9
07/14/26 17:24:06 Event: ULOG_JOB_TERMINATED for HTCondor Node apply (9401730.163.0) {07/14/26 17:24:06}
07/14/26 17:24:06 Number of idle job procs: 9
07/14/26 17:24:06 Node apply job proc (9401730.163.0) completed successfully.
07/14/26 17:24:11 Currently monitoring 1 HTCondor log file(s)
07/14/26 17:24:11 Event: ULOG_JOB_TERMINATED for HTCondor Node apply (9401730.84.0) {07/14/26 17:24:06}
07/14/26 17:24:11 Number of idle job procs: 9
07/14/26 17:24:11 Node apply job proc (9401730.84.0) completed successfully.
07/14/26 17:24:11 Event: ULOG_JOB_TERMINATED for HTCondor Node apply (9401730.372.0) {07/14/26 17:24:07}
07/14/26 17:24:11 Number of idle job procs: 9
07/14/26 17:24:11 Node apply job proc (9401730.372.0) completed successfully.
07/14/26 17:24:16 Currently monitoring 1 HTCondor log file(s)
07/14/26 17:24:16 Event: ULOG_EXECUTE for HTCondor Node apply (9401730.440.0) {07/14/26 17:24:13}
07/14/26 17:24:16 Number of idle job procs: 8
07/14/26 17:24:17 Event: ULOG_JOB_TERMINATED for HTCondor Node apply (9401730.436.0) {07/14/26 17:24:14}
07/14/26 17:24:17 Number of idle job procs: 8
07/14/26 17:24:17 Node apply job proc (9401730.436.0) completed successfully.
07/14/26 17:24:17 Event: ULOG_EXECUTE for HTCondor Node apply (9401730.441.0) {07/14/26 17:24:16}
07/14/26 17:24:17 Number of idle job procs: 7
07/14/26 17:24:22 Currently monitoring 1 HTCondor log file(s)
07/14/26 17:24:22 Event: ULOG_JOB_TERMINATED for HTCondor Node apply (9401730.427.0) {07/14/26 17:24:20}
07/14/26 17:24:22 Number of idle job procs: 7
07/14/26 17:24:22 Node apply job proc (9401730.427.0) completed successfully.
07/14/26 17:24:27 Currently monitoring 1 HTCondor log file(s)
07/14/26 17:24:27 Event: ULOG_EXECUTE for HTCondor Node apply (9401730.443.0) {07/14/26 17:24:23}
07/14/26 17:24:27 Number of idle job procs: 6
07/14/26 17:24:27 Event: ULOG_JOB_TERMINATED for HTCondor Node apply (9401730.240.0) {07/14/26 17:24:23}
07/14/26 17:24:27 Number of idle job procs: 6
07/14/26 17:24:27 Node apply job proc (9401730.240.0) completed successfully.
07/14/26 17:24:27 Event: ULOG_JOB_TERMINATED for HTCondor Node apply (9401730.398.0) {07/14/26 17:24:26}
07/14/26 17:24:27 Number of idle job procs: 6
07/14/26 17:24:27 Node apply job proc (9401730.398.0) completed successfully.
07/14/26 17:24:42 Currently monitoring 1 HTCondor log file(s)
07/14/26 17:24:42 Event: ULOG_JOB_TERMINATED for HTCondor Node apply (9401730.435.0) {07/14/26 17:24:40}
07/14/26 17:24:42 Number of idle job procs: 6
07/14/26 17:24:42 Node apply job proc (9401730.435.0) completed successfully.
07/14/26 17:24:47 Currently monitoring 1 HTCondor log file(s)
07/14/26 17:24:47 Event: ULOG_JOB_TERMINATED for HTCondor Node apply (9401730.438.0) {07/14/26 17:24:44}
07/14/26 17:24:47 Number of idle job procs: 6
07/14/26 17:24:47 Node apply job proc (9401730.438.0) completed successfully.
07/14/26 17:24:47 Event: ULOG_JOB_TERMINATED for HTCondor Node apply (9401730.433.0) {07/14/26 17:24:44}
07/14/26 17:24:47 Number of idle job procs: 6
07/14/26 17:24:47 Node apply job proc (9401730.433.0) completed successfully.
07/14/26 17:24:47 Event: ULOG_EXECUTE for HTCondor Node apply (9401730.462.0) {07/14/26 17:24:47}
07/14/26 17:24:47 Number of idle job procs: 5
07/14/26 17:24:47 Event: ULOG_EXECUTE for HTCondor Node apply (9401730.452.0) {07/14/26 17:24:47}
07/14/26 17:24:47 Number of idle job procs: 4
07/14/26 17:24:52 Currently monitoring 1 HTCondor log file(s)
07/14/26 17:24:52 Event: ULOG_JOB_TERMINATED for HTCondor Node apply (9401730.439.0) {07/14/26 17:24:49}
07/14/26 17:24:52 Number of idle job procs: 4
07/14/26 17:24:52 Node apply job proc (9401730.439.0) completed successfully.
07/14/26 17:24:52 Event: ULOG_EXECUTE for HTCondor Node apply (9401730.471.0) {07/14/26 17:24:49}
07/14/26 17:24:52 Number of idle job procs: 3
07/14/26 17:24:57 Currently monitoring 1 HTCondor log file(s)
07/14/26 17:24:57 Event: ULOG_EXECUTE for HTCondor Node apply (9401730.489.0) {07/14/26 17:24:53}
07/14/26 17:24:57 Number of idle job procs: 2
07/14/26 17:25:07 Currently monitoring 1 HTCondor log file(s)
07/14/26 17:25:07 Event: ULOG_JOB_TERMINATED for HTCondor Node apply (9401730.71.0) {07/14/26 17:25:02}
07/14/26 17:25:07 Number of idle job procs: 2
07/14/26 17:25:07 Node apply job proc (9401730.71.0) completed successfully.
07/14/26 17:25:32 Currently monitoring 1 HTCondor log file(s)
07/14/26 17:25:32 Event: ULOG_JOB_TERMINATED for HTCondor Node apply (9401730.329.0) {07/14/26 17:25:30}
07/14/26 17:25:32 Number of idle job procs: 2
07/14/26 17:25:32 Node apply job proc (9401730.329.0) completed successfully.
07/14/26 17:25:37 Currently monitoring 1 HTCondor log file(s)
07/14/26 17:25:37 Event: ULOG_JOB_TERMINATED for HTCondor Node apply (9401730.346.0) {07/14/26 17:25:33}
07/14/26 17:25:37 Number of idle job procs: 2
07/14/26 17:25:37 Node apply job proc (9401730.346.0) completed successfully.
07/14/26 17:25:37 Event: ULOG_JOB_TERMINATED for HTCondor Node apply (9401730.395.0) {07/14/26 17:25:35}
07/14/26 17:25:37 Number of idle job procs: 2
07/14/26 17:25:38 Node apply job proc (9401730.395.0) completed successfully.
07/14/26 17:25:38 Event: ULOG_JOB_TERMINATED for HTCondor Node apply (9401730.32.0) {07/14/26 17:25:37}
07/14/26 17:25:38 Number of idle job procs: 2
07/14/26 17:25:38 Node apply job proc (9401730.32.0) completed successfully.
07/14/26 17:25:53 Currently monitoring 1 HTCondor log file(s)
07/14/26 17:25:53 Event: ULOG_JOB_TERMINATED for HTCondor Node apply (9401730.430.0) {07/14/26 17:25:49}
07/14/26 17:25:53 Number of idle job procs: 2
07/14/26 17:25:53 Node apply job proc (9401730.430.0) completed successfully.
07/14/26 17:25:58 Currently monitoring 1 HTCondor log file(s)
07/14/26 17:25:58 Event: ULOG_JOB_TERMINATED for HTCondor Node apply (9401730.489.0) {07/14/26 17:25:53}
07/14/26 17:25:58 Number of idle job procs: 2
07/14/26 17:25:58 Node apply job proc (9401730.489.0) completed successfully.
07/14/26 17:25:58 Event: ULOG_JOB_TERMINATED for HTCondor Node apply (9401730.458.0) {07/14/26 17:25:54}
07/14/26 17:25:58 Number of idle job procs: 2
07/14/26 17:25:58 Node apply job proc (9401730.458.0) completed successfully.
07/14/26 17:26:23 Currently monitoring 1 HTCondor log file(s)
07/14/26 17:26:23 Event: ULOG_JOB_TERMINATED for HTCondor Node apply (9401730.429.0) {07/14/26 17:26:18}
07/14/26 17:26:23 Number of idle job procs: 2
07/14/26 17:26:23 Node apply job proc (9401730.429.0) completed successfully.
07/14/26 17:26:28 Currently monitoring 1 HTCondor log file(s)
07/14/26 17:26:28 Event: ULOG_JOB_TERMINATED for HTCondor Node apply (9401730.57.0) {07/14/26 17:26:24}
07/14/26 17:26:28 Number of idle job procs: 2
07/14/26 17:26:28 Node apply job proc (9401730.57.0) completed successfully.
07/14/26 17:26:38 Currently monitoring 1 HTCondor log file(s)
07/14/26 17:26:38 Event: ULOG_JOB_TERMINATED for HTCondor Node apply (9401730.434.0) {07/14/26 17:26:33}
07/14/26 17:26:38 Number of idle job procs: 2
07/14/26 17:26:38 Node apply job proc (9401730.434.0) completed successfully.
07/14/26 17:26:43 Currently monitoring 1 HTCondor log file(s)
07/14/26 17:26:43 Event: ULOG_JOB_TERMINATED for HTCondor Node apply (9401730.340.0) {07/14/26 17:26:42}
07/14/26 17:26:43 Number of idle job procs: 2
07/14/26 17:26:43 Node apply job proc (9401730.340.0) completed successfully.
07/14/26 17:26:43 Event: ULOG_JOB_TERMINATED for HTCondor Node apply (9401730.460.0) {07/14/26 17:26:43}
07/14/26 17:26:43 Number of idle job procs: 2
07/14/26 17:26:43 Node apply job proc (9401730.460.0) completed successfully.
07/14/26 17:26:48 Total jobs placed to AP: 500
07/14/26 17:26:48      Idle     Held     Running     Successful     Failed
07/14/26 17:26:48       ===      ===         ===            ===        ===
07/14/26 17:26:48         2        0         268            230          0
07/14/26 17:26:53 Currently monitoring 1 HTCondor log file(s)
07/14/26 17:26:53 Event: ULOG_JOB_TERMINATED for HTCondor Node apply (9401730.342.0) {07/14/26 17:26:50}
07/14/26 17:26:53 Number of idle job procs: 2
07/14/26 17:26:53 Node apply job proc (9401730.342.0) completed successfully.
07/14/26 17:27:03 Currently monitoring 1 HTCondor log file(s)
07/14/26 17:27:03 Event: ULOG_JOB_TERMINATED for HTCondor Node apply (9401730.440.0) {07/14/26 17:27:02}
07/14/26 17:27:03 Number of idle job procs: 2
07/14/26 17:27:03 Node apply job proc (9401730.440.0) completed successfully.
07/14/26 17:27:13 Currently monitoring 1 HTCondor log file(s)
07/14/26 17:27:13 Event: ULOG_JOB_TERMINATED for HTCondor Node apply (9401730.431.0) {07/14/26 17:27:09}
07/14/26 17:27:13 Number of idle job procs: 2
07/14/26 17:27:13 Node apply job proc (9401730.431.0) completed successfully.
07/14/26 17:27:13 Event: ULOG_JOB_TERMINATED for HTCondor Node apply (9401730.158.0) {07/14/26 17:27:12}
07/14/26 17:27:13 Number of idle job procs: 2
07/14/26 17:27:13 Node apply job proc (9401730.158.0) completed successfully.
07/14/26 17:27:18 Currently monitoring 1 HTCondor log file(s)
07/14/26 17:27:18 Event: ULOG_JOB_TERMINATED for HTCondor Node apply (9401730.351.0) {07/14/26 17:27:14}
07/14/26 17:27:18 Number of idle job procs: 2
07/14/26 17:27:18 Node apply job proc (9401730.351.0) completed successfully.
07/14/26 17:27:18 Event: ULOG_JOB_TERMINATED for HTCondor Node apply (9401730.242.0) {07/14/26 17:27:16}
07/14/26 17:27:18 Number of idle job procs: 2
07/14/26 17:27:18 Node apply job proc (9401730.242.0) completed successfully.
07/14/26 17:27:28 Currently monitoring 1 HTCondor log file(s)
07/14/26 17:27:28 Event: ULOG_JOB_TERMINATED for HTCondor Node apply (9401730.271.0) {07/14/26 17:27:26}
07/14/26 17:27:28 Number of idle job procs: 2
07/14/26 17:27:28 Node apply job proc (9401730.271.0) completed successfully.
07/14/26 17:27:33 Currently monitoring 1 HTCondor log file(s)
07/14/26 17:27:33 Event: ULOG_JOB_TERMINATED for HTCondor Node apply (9401730.456.0) {07/14/26 17:27:31}
07/14/26 17:27:33 Number of idle job procs: 2
07/14/26 17:27:33 Node apply job proc (9401730.456.0) completed successfully.
07/14/26 17:28:08 Currently monitoring 1 HTCondor log file(s)
07/14/26 17:28:08 Event: ULOG_JOB_TERMINATED for HTCondor Node apply (9401730.355.0) {07/14/26 17:28:06}
07/14/26 17:28:08 Number of idle job procs: 2
07/14/26 17:28:08 Node apply job proc (9401730.355.0) completed successfully.
07/14/26 17:28:43 Currently monitoring 1 HTCondor log file(s)
07/14/26 17:28:43 Event: ULOG_JOB_TERMINATED for HTCondor Node apply (9401730.247.0) {07/14/26 17:28:39}
07/14/26 17:28:43 Number of idle job procs: 2
07/14/26 17:28:43 Node apply job proc (9401730.247.0) completed successfully.
07/14/26 17:29:03 Currently monitoring 1 HTCondor log file(s)
07/14/26 17:29:03 Event: ULOG_JOB_TERMINATED for HTCondor Node apply (9401730.276.0) {07/14/26 17:28:59}
07/14/26 17:29:03 Number of idle job procs: 2
07/14/26 17:29:03 Node apply job proc (9401730.276.0) completed successfully.
07/14/26 17:29:13 Currently monitoring 1 HTCondor log file(s)
07/14/26 17:29:13 Event: ULOG_JOB_TERMINATED for HTCondor Node apply (9401730.452.0) {07/14/26 17:29:09}
07/14/26 17:29:13 Number of idle job procs: 2
07/14/26 17:29:13 Node apply job proc (9401730.452.0) completed successfully.
07/14/26 17:29:13 Event: ULOG_JOB_TERMINATED for HTCondor Node apply (9401730.215.0) {07/14/26 17:29:10}
07/14/26 17:29:13 Number of idle job procs: 2
07/14/26 17:29:13 Node apply job proc (9401730.215.0) completed successfully.
07/14/26 17:29:33 Currently monitoring 1 HTCondor log file(s)
07/14/26 17:29:33 Event: ULOG_JOB_TERMINATED for HTCondor Node apply (9401730.256.0) {07/14/26 17:29:29}
07/14/26 17:29:33 Number of idle job procs: 2
07/14/26 17:29:33 Node apply job proc (9401730.256.0) completed successfully.
07/14/26 17:30:43 Currently monitoring 1 HTCondor log file(s)
07/14/26 17:30:43 Event: ULOG_JOB_TERMINATED for HTCondor Node apply (9401730.56.0) {07/14/26 17:30:43}
07/14/26 17:30:43 Number of idle job procs: 2
07/14/26 17:30:43 Node apply job proc (9401730.56.0) completed successfully.
07/14/26 17:30:48 Currently monitoring 1 HTCondor log file(s)
07/14/26 17:30:48 Event: ULOG_JOB_TERMINATED for HTCondor Node apply (9401730.357.0) {07/14/26 17:30:45}
07/14/26 17:30:48 Number of idle job procs: 2
07/14/26 17:30:48 Node apply job proc (9401730.357.0) completed successfully.
07/14/26 17:31:53 Currently monitoring 1 HTCondor log file(s)
07/14/26 17:31:53 Event: ULOG_JOB_TERMINATED for HTCondor Node apply (9401730.343.0) {07/14/26 17:31:52}
07/14/26 17:31:53 Number of idle job procs: 2
07/14/26 17:31:53 Node apply job proc (9401730.343.0) completed successfully.
07/14/26 17:31:53 Event: ULOG_JOB_TERMINATED for HTCondor Node apply (9401730.76.0) {07/14/26 17:31:52}
07/14/26 17:31:53 Number of idle job procs: 2
07/14/26 17:31:53 Node apply job proc (9401730.76.0) completed successfully.
07/14/26 17:31:53 Event: ULOG_JOB_TERMINATED for HTCondor Node apply (9401730.483.0) {07/14/26 17:31:52}
07/14/26 17:31:53 Number of idle job procs: 2
07/14/26 17:31:53 Node apply job proc (9401730.483.0) completed successfully.
07/14/26 17:31:53 Event: ULOG_JOB_TERMINATED for HTCondor Node apply (9401730.99.0) {07/14/26 17:31:53}
07/14/26 17:31:53 Number of idle job procs: 2
07/14/26 17:31:53 Node apply job proc (9401730.99.0) completed successfully.
07/14/26 17:31:53 Event: ULOG_JOB_TERMINATED for HTCondor Node apply (9401730.169.0) {07/14/26 17:31:53}
07/14/26 17:31:53 Number of idle job procs: 2
07/14/26 17:31:53 Node apply job proc (9401730.169.0) completed successfully.
07/14/26 17:31:53 Event: ULOG_JOB_TERMINATED for HTCondor Node apply (9401730.446.0) {07/14/26 17:31:53}
07/14/26 17:31:53 Number of idle job procs: 2
07/14/26 17:31:53 Node apply job proc (9401730.446.0) completed successfully.
07/14/26 17:31:58 Currently monitoring 1 HTCondor log file(s)
07/14/26 17:31:58 Event: ULOG_JOB_TERMINATED for HTCondor Node apply (9401730.199.0) {07/14/26 17:31:54}
07/14/26 17:31:58 Number of idle job procs: 2
07/14/26 17:31:58 Node apply job proc (9401730.199.0) completed successfully.
07/14/26 17:32:19 Currently monitoring 1 HTCondor log file(s)
07/14/26 17:32:19 Event: ULOG_JOB_TERMINATED for HTCondor Node apply (9401730.115.0) {07/14/26 17:32:15}
07/14/26 17:32:19 Number of idle job procs: 2
07/14/26 17:32:19 Node apply job proc (9401730.115.0) completed successfully.
07/14/26 17:34:39 Currently monitoring 1 HTCondor log file(s)
07/14/26 17:34:39 Event: ULOG_JOB_TERMINATED for HTCondor Node apply (9401730.60.0) {07/14/26 17:34:36}
07/14/26 17:34:39 Number of idle job procs: 2
07/14/26 17:34:39 Node apply job proc (9401730.60.0) completed successfully.
07/14/26 17:34:39 Event: ULOG_JOB_TERMINATED for HTCondor Node apply (9401730.361.0) {07/14/26 17:34:37}
07/14/26 17:34:39 Number of idle job procs: 2
07/14/26 17:34:39 Node apply job proc (9401730.361.0) completed successfully.
07/14/26 17:34:49 Currently monitoring 1 HTCondor log file(s)
07/14/26 17:34:49 Event: ULOG_JOB_TERMINATED for HTCondor Node apply (9401730.183.0) {07/14/26 17:34:47}
07/14/26 17:34:49 Number of idle job procs: 2
07/14/26 17:34:49 Node apply job proc (9401730.183.0) completed successfully.
07/14/26 17:34:54 Currently monitoring 1 HTCondor log file(s)
07/14/26 17:34:54 Event: ULOG_JOB_TERMINATED for HTCondor Node apply (9401730.186.0) {07/14/26 17:34:54}
07/14/26 17:34:54 Number of idle job procs: 2
07/14/26 17:34:54 Node apply job proc (9401730.186.0) completed successfully.
07/14/26 17:34:59 Currently monitoring 1 HTCondor log file(s)
07/14/26 17:34:59 Event: ULOG_JOB_TERMINATED for HTCondor Node apply (9401730.341.0) {07/14/26 17:34:55}
07/14/26 17:34:59 Number of idle job procs: 2
07/14/26 17:34:59 Node apply job proc (9401730.341.0) completed successfully.
07/14/26 17:35:05 Currently monitoring 1 HTCondor log file(s)
07/14/26 17:35:05 Event: ULOG_JOB_TERMINATED for HTCondor Node apply (9401730.67.0) {07/14/26 17:35:03}
07/14/26 17:35:05 Number of idle job procs: 2
07/14/26 17:35:05 Node apply job proc (9401730.67.0) completed successfully.
07/14/26 17:35:15 Currently monitoring 1 HTCondor log file(s)
07/14/26 17:35:15 Event: ULOG_JOB_TERMINATED for HTCondor Node apply (9401730.280.0) {07/14/26 17:35:14}
07/14/26 17:35:15 Number of idle job procs: 2
07/14/26 17:35:15 Node apply job proc (9401730.280.0) completed successfully.
07/14/26 17:35:20 Currently monitoring 1 HTCondor log file(s)
07/14/26 17:35:20 Event: ULOG_JOB_TERMINATED for HTCondor Node apply (9401730.241.0) {07/14/26 17:35:16}
07/14/26 17:35:20 Number of idle job procs: 2
07/14/26 17:35:20 Node apply job proc (9401730.241.0) completed successfully.
07/14/26 17:35:20 Event: ULOG_JOB_TERMINATED for HTCondor Node apply (9401730.47.0) {07/14/26 17:35:19}
07/14/26 17:35:20 Number of idle job procs: 2
07/14/26 17:35:20 Node apply job proc (9401730.47.0) completed successfully.
07/14/26 17:35:30 Currently monitoring 1 HTCondor log file(s)
07/14/26 17:35:30 Event: ULOG_JOB_TERMINATED for HTCondor Node apply (9401730.326.0) {07/14/26 17:35:27}
07/14/26 17:35:30 Number of idle job procs: 2
07/14/26 17:35:30 Node apply job proc (9401730.326.0) completed successfully.
07/14/26 17:36:15 Currently monitoring 1 HTCondor log file(s)
07/14/26 17:36:15 Event: ULOG_JOB_TERMINATED for HTCondor Node apply (9401730.64.0) {07/14/26 17:36:10}
07/14/26 17:36:15 Number of idle job procs: 2
07/14/26 17:36:15 Node apply job proc (9401730.64.0) completed successfully.
07/14/26 17:36:40 Currently monitoring 1 HTCondor log file(s)
07/14/26 17:36:40 Event: ULOG_JOB_TERMINATED for HTCondor Node apply (9401730.83.0) {07/14/26 17:36:35}
07/14/26 17:36:40 Number of idle job procs: 2
07/14/26 17:36:40 Node apply job proc (9401730.83.0) completed successfully.
07/14/26 17:36:55 Currently monitoring 1 HTCondor log file(s)
07/14/26 17:36:55 Event: ULOG_JOB_TERMINATED for HTCondor Node apply (9401730.332.0) {07/14/26 17:36:53}
07/14/26 17:36:55 Number of idle job procs: 2
07/14/26 17:36:55 Node apply job proc (9401730.332.0) completed successfully.
07/14/26 17:36:55 Event: ULOG_JOB_TERMINATED for HTCondor Node apply (9401730.310.0) {07/14/26 17:36:54}
07/14/26 17:36:55 Number of idle job procs: 2
07/14/26 17:36:55 Node apply job proc (9401730.310.0) completed successfully.
07/14/26 17:38:00 Currently monitoring 1 HTCondor log file(s)
07/14/26 17:38:00 Event: ULOG_JOB_TERMINATED for HTCondor Node apply (9401730.187.0) {07/14/26 17:37:58}
07/14/26 17:38:00 Number of idle job procs: 2
07/14/26 17:38:00 Node apply job proc (9401730.187.0) completed successfully.
07/14/26 17:38:10 Currently monitoring 1 HTCondor log file(s)
07/14/26 17:38:10 Event: ULOG_JOB_TERMINATED for HTCondor Node apply (9401730.58.0) {07/14/26 17:38:07}
07/14/26 17:38:10 Number of idle job procs: 2
07/14/26 17:38:10 Node apply job proc (9401730.58.0) completed successfully.
07/14/26 17:38:45 Currently monitoring 1 HTCondor log file(s)
07/14/26 17:38:45 Event: ULOG_JOB_TERMINATED for HTCondor Node apply (9401730.383.0) {07/14/26 17:38:44}
07/14/26 17:38:45 Number of idle job procs: 2
07/14/26 17:38:45 Node apply job proc (9401730.383.0) completed successfully.
07/14/26 17:39:30 Currently monitoring 1 HTCondor log file(s)
07/14/26 17:39:30 Event: ULOG_EXECUTE for HTCondor Node apply (9401730.437.0) {07/14/26 17:39:28}
07/14/26 17:39:30 Number of idle job procs: 1
07/14/26 17:39:35 Currently monitoring 1 HTCondor log file(s)
07/14/26 17:39:35 Event: ULOG_JOB_TERMINATED for HTCondor Node apply (9401730.464.0) {07/14/26 17:39:33}
07/14/26 17:39:35 Number of idle job procs: 1
07/14/26 17:39:35 Node apply job proc (9401730.464.0) completed successfully.
07/14/26 17:39:50 Currently monitoring 1 HTCondor log file(s)
07/14/26 17:39:50 Event: ULOG_EXECUTE for HTCondor Node apply (9401730.442.0) {07/14/26 17:39:49}
07/14/26 17:39:50 Number of idle job procs: 0
07/14/26 17:39:55 Currently monitoring 1 HTCondor log file(s)
07/14/26 17:39:55 Event: ULOG_JOB_TERMINATED for HTCondor Node apply (9401730.437.0) {07/14/26 17:39:53}
07/14/26 17:39:55 Number of idle job procs: 0
07/14/26 17:39:55 Node apply job proc (9401730.437.0) completed successfully.
07/14/26 17:40:05 Currently monitoring 1 HTCondor log file(s)
07/14/26 17:40:05 Event: ULOG_JOB_TERMINATED for HTCondor Node apply (9401730.487.0) {07/14/26 17:40:04}
07/14/26 17:40:05 Number of idle job procs: 0
07/14/26 17:40:05 Node apply job proc (9401730.487.0) completed successfully.
07/14/26 17:40:10 Currently monitoring 1 HTCondor log file(s)
07/14/26 17:40:10 Event: ULOG_JOB_TERMINATED for HTCondor Node apply (9401730.180.0) {07/14/26 17:40:10}
07/14/26 17:40:10 Number of idle job procs: 0
07/14/26 17:40:10 Node apply job proc (9401730.180.0) completed successfully.
07/14/26 17:40:10 Event: ULOG_JOB_TERMINATED for HTCondor Node apply (9401730.421.0) {07/14/26 17:40:10}
07/14/26 17:40:10 Number of idle job procs: 0
07/14/26 17:40:10 Node apply job proc (9401730.421.0) completed successfully.
07/14/26 17:41:10 Currently monitoring 1 HTCondor log file(s)
07/14/26 17:41:10 Event: ULOG_JOB_TERMINATED for HTCondor Node apply (9401730.356.0) {07/14/26 17:41:10}
07/14/26 17:41:10 Number of idle job procs: 0
07/14/26 17:41:10 Node apply job proc (9401730.356.0) completed successfully.
07/14/26 17:41:30 Currently monitoring 1 HTCondor log file(s)
07/14/26 17:41:30 Event: ULOG_JOB_TERMINATED for HTCondor Node apply (9401730.261.0) {07/14/26 17:41:25}
07/14/26 17:41:30 Number of idle job procs: 0
07/14/26 17:41:30 Node apply job proc (9401730.261.0) completed successfully.
07/14/26 17:41:50 Currently monitoring 1 HTCondor log file(s)
07/14/26 17:41:50 Event: ULOG_JOB_TERMINATED for HTCondor Node apply (9401730.348.0) {07/14/26 17:41:50}
07/14/26 17:41:50 Number of idle job procs: 0
07/14/26 17:41:50 Node apply job proc (9401730.348.0) completed successfully.
07/14/26 17:41:50 Total jobs placed to AP: 500
07/14/26 17:41:50      Idle     Held     Running     Successful     Failed
07/14/26 17:41:50       ===      ===         ===            ===        ===
07/14/26 17:41:50         0        0         221            279          0
07/14/26 17:42:10 Currently monitoring 1 HTCondor log file(s)
07/14/26 17:42:10 Event: ULOG_JOB_TERMINATED for HTCondor Node apply (9401730.410.0) {07/14/26 17:42:09}
07/14/26 17:42:10 Number of idle job procs: 0
07/14/26 17:42:10 Node apply job proc (9401730.410.0) completed successfully.
07/14/26 17:43:00 Currently monitoring 1 HTCondor log file(s)
07/14/26 17:43:00 Event: ULOG_JOB_TERMINATED for HTCondor Node apply (9401730.360.0) {07/14/26 17:42:58}
07/14/26 17:43:00 Number of idle job procs: 0
07/14/26 17:43:00 Node apply job proc (9401730.360.0) completed successfully.
07/14/26 17:43:00 Event: ULOG_JOB_TERMINATED for HTCondor Node apply (9401730.499.0) {07/14/26 17:43:00}
07/14/26 17:43:00 Number of idle job procs: 0
07/14/26 17:43:00 Node apply job proc (9401730.499.0) completed successfully.
07/14/26 17:43:25 Currently monitoring 1 HTCondor log file(s)
07/14/26 17:43:25 Event: ULOG_JOB_TERMINATED for HTCondor Node apply (9401730.442.0) {07/14/26 17:43:23}
07/14/26 17:43:25 Number of idle job procs: 0
07/14/26 17:43:25 Node apply job proc (9401730.442.0) completed successfully.
07/14/26 17:43:45 Currently monitoring 1 HTCondor log file(s)
07/14/26 17:43:45 Event: ULOG_JOB_TERMINATED for HTCondor Node apply (9401730.388.0) {07/14/26 17:43:44}
07/14/26 17:43:45 Number of idle job procs: 0
07/14/26 17:43:45 Node apply job proc (9401730.388.0) completed successfully.
07/14/26 17:44:21 Currently monitoring 1 HTCondor log file(s)
07/14/26 17:44:21 Event: ULOG_JOB_TERMINATED for HTCondor Node apply (9401730.248.0) {07/14/26 17:44:17}
07/14/26 17:44:21 Number of idle job procs: 0
07/14/26 17:44:21 Node apply job proc (9401730.248.0) completed successfully.
07/14/26 17:44:31 Currently monitoring 1 HTCondor log file(s)
07/14/26 17:44:31 Event: ULOG_JOB_TERMINATED for HTCondor Node apply (9401730.376.0) {07/14/26 17:44:29}
07/14/26 17:44:31 Number of idle job procs: 0
07/14/26 17:44:31 Node apply job proc (9401730.376.0) completed successfully.
07/14/26 17:45:56 Currently monitoring 1 HTCondor log file(s)
07/14/26 17:45:56 Event: ULOG_JOB_TERMINATED for HTCondor Node apply (9401730.471.0) {07/14/26 17:45:51}
07/14/26 17:45:56 Number of idle job procs: 0
07/14/26 17:45:56 Node apply job proc (9401730.471.0) completed successfully.
07/14/26 17:46:21 Currently monitoring 1 HTCondor log file(s)
07/14/26 17:46:21 Event: ULOG_JOB_TERMINATED for HTCondor Node apply (9401730.109.0) {07/14/26 17:46:19}
07/14/26 17:46:21 Number of idle job procs: 0
07/14/26 17:46:21 Node apply job proc (9401730.109.0) completed successfully.
07/14/26 17:46:26 Currently monitoring 1 HTCondor log file(s)
07/14/26 17:46:26 Event: ULOG_JOB_TERMINATED for HTCondor Node apply (9401730.399.0) {07/14/26 17:46:24}
07/14/26 17:46:26 Number of idle job procs: 0
07/14/26 17:46:26 Node apply job proc (9401730.399.0) completed successfully.
07/14/26 17:46:36 Currently monitoring 1 HTCondor log file(s)
07/14/26 17:46:36 Event: ULOG_JOB_TERMINATED for HTCondor Node apply (9401730.184.0) {07/14/26 17:46:34}
07/14/26 17:46:36 Number of idle job procs: 0
07/14/26 17:46:36 Node apply job proc (9401730.184.0) completed successfully.
07/14/26 17:46:36 Event: ULOG_JOB_TERMINATED for HTCondor Node apply (9401730.243.0) {07/14/26 17:46:35}
07/14/26 17:46:36 Number of idle job procs: 0
07/14/26 17:46:36 Node apply job proc (9401730.243.0) completed successfully.
07/14/26 17:47:21 Currently monitoring 1 HTCondor log file(s)
07/14/26 17:47:21 Event: ULOG_JOB_TERMINATED for HTCondor Node apply (9401730.147.0) {07/14/26 17:47:20}
07/14/26 17:47:21 Number of idle job procs: 0
07/14/26 17:47:21 Node apply job proc (9401730.147.0) completed successfully.
07/14/26 17:47:31 Currently monitoring 1 HTCondor log file(s)
07/14/26 17:47:31 Event: ULOG_JOB_TERMINATED for HTCondor Node apply (9401730.164.0) {07/14/26 17:47:28}
07/14/26 17:47:31 Number of idle job procs: 0
07/14/26 17:47:31 Node apply job proc (9401730.164.0) completed successfully.
07/14/26 17:47:46 Currently monitoring 1 HTCondor log file(s)
07/14/26 17:47:46 Event: ULOG_JOB_TERMINATED for HTCondor Node apply (9401730.371.0) {07/14/26 17:47:45}
07/14/26 17:47:46 Number of idle job procs: 0
07/14/26 17:47:46 Node apply job proc (9401730.371.0) completed successfully.
07/14/26 17:48:01 Currently monitoring 1 HTCondor log file(s)
07/14/26 17:48:01 Event: ULOG_JOB_TERMINATED for HTCondor Node apply (9401730.161.0) {07/14/26 17:47:59}
07/14/26 17:48:01 Number of idle job procs: 0
07/14/26 17:48:01 Node apply job proc (9401730.161.0) completed successfully.
07/14/26 17:48:11 Currently monitoring 1 HTCondor log file(s)
07/14/26 17:48:11 Event: ULOG_JOB_TERMINATED for HTCondor Node apply (9401730.10.0) {07/14/26 17:48:07}
07/14/26 17:48:11 Number of idle job procs: 0
07/14/26 17:48:11 Node apply job proc (9401730.10.0) completed successfully.
07/14/26 17:48:11 Event: ULOG_JOB_TERMINATED for HTCondor Node apply (9401730.363.0) {07/14/26 17:48:11}
07/14/26 17:48:11 Number of idle job procs: 0
07/14/26 17:48:11 Node apply job proc (9401730.363.0) completed successfully.
07/14/26 17:48:16 Currently monitoring 1 HTCondor log file(s)
07/14/26 17:48:16 Event: ULOG_JOB_TERMINATED for HTCondor Node apply (9401730.171.0) {07/14/26 17:48:13}
07/14/26 17:48:16 Number of idle job procs: 0
07/14/26 17:48:16 Node apply job proc (9401730.171.0) completed successfully.
07/14/26 17:48:31 Currently monitoring 1 HTCondor log file(s)
07/14/26 17:48:31 Event: ULOG_JOB_TERMINATED for HTCondor Node apply (9401730.386.0) {07/14/26 17:48:27}
07/14/26 17:48:31 Number of idle job procs: 0
07/14/26 17:48:31 Node apply job proc (9401730.386.0) completed successfully.
07/14/26 17:48:31 Event: ULOG_JOB_TERMINATED for HTCondor Node apply (9401730.16.0) {07/14/26 17:48:31}
07/14/26 17:48:31 Number of idle job procs: 0
07/14/26 17:48:31 Node apply job proc (9401730.16.0) completed successfully.
07/14/26 17:48:36 Currently monitoring 1 HTCondor log file(s)
07/14/26 17:48:56 Currently monitoring 1 HTCondor log file(s)
07/14/26 17:48:56 Event: ULOG_JOB_TERMINATED for HTCondor Node apply (9401730.309.0) {07/14/26 17:48:55}
07/14/26 17:48:56 Number of idle job procs: 0
07/14/26 17:48:56 Node apply job proc (9401730.309.0) completed successfully.
07/14/26 17:49:31 Currently monitoring 1 HTCondor log file(s)
07/14/26 17:49:31 Event: ULOG_JOB_TERMINATED for HTCondor Node apply (9401730.260.0) {07/14/26 17:49:28}
07/14/26 17:49:31 Number of idle job procs: 0
07/14/26 17:49:31 Node apply job proc (9401730.260.0) completed successfully.
07/14/26 17:49:56 Currently monitoring 1 HTCondor log file(s)
07/14/26 17:49:56 Event: ULOG_JOB_TERMINATED for HTCondor Node apply (9401730.384.0) {07/14/26 17:49:53}
07/14/26 17:49:56 Number of idle job procs: 0
07/14/26 17:49:56 Node apply job proc (9401730.384.0) completed successfully.
07/14/26 17:50:11 Currently monitoring 1 HTCondor log file(s)
07/14/26 17:50:11 Event: ULOG_JOB_TERMINATED for HTCondor Node apply (9401730.116.0) {07/14/26 17:50:09}
07/14/26 17:50:11 Number of idle job procs: 0
07/14/26 17:50:11 Node apply job proc (9401730.116.0) completed successfully.
07/14/26 17:50:21 Currently monitoring 1 HTCondor log file(s)
07/14/26 17:50:21 Event: ULOG_JOB_TERMINATED for HTCondor Node apply (9401730.441.0) {07/14/26 17:50:19}
07/14/26 17:50:21 Number of idle job procs: 0
07/14/26 17:50:21 Node apply job proc (9401730.441.0) completed successfully.
07/14/26 17:50:31 Currently monitoring 1 HTCondor log file(s)
07/14/26 17:50:31 Event: ULOG_JOB_TERMINATED for HTCondor Node apply (9401730.428.0) {07/14/26 17:50:28}
07/14/26 17:50:31 Number of idle job procs: 0
07/14/26 17:50:31 Node apply job proc (9401730.428.0) completed successfully.
07/14/26 17:50:41 Currently monitoring 1 HTCondor log file(s)
07/14/26 17:50:41 Event: ULOG_JOB_TERMINATED for HTCondor Node apply (9401730.364.0) {07/14/26 17:50:40}
07/14/26 17:50:41 Number of idle job procs: 0
07/14/26 17:50:41 Node apply job proc (9401730.364.0) completed successfully.
07/14/26 17:51:01 Currently monitoring 1 HTCondor log file(s)
07/14/26 17:51:01 Event: ULOG_JOB_TERMINATED for HTCondor Node apply (9401730.132.0) {07/14/26 17:50:56}
07/14/26 17:51:01 Number of idle job procs: 0
07/14/26 17:51:01 Node apply job proc (9401730.132.0) completed successfully.
07/14/26 17:53:38 Currently monitoring 1 HTCondor log file(s)
07/14/26 17:53:38 Event: ULOG_JOB_TERMINATED for HTCondor Node apply (9401730.12.0) {07/14/26 17:53:36}
07/14/26 17:53:38 Number of idle job procs: 0
07/14/26 17:53:38 Node apply job proc (9401730.12.0) completed successfully.
07/14/26 17:53:38 Event: ULOG_JOB_TERMINATED for HTCondor Node apply (9401730.7.0) {07/14/26 17:53:36}
07/14/26 17:53:38 Number of idle job procs: 0
07/14/26 17:53:38 Node apply job proc (9401730.7.0) completed successfully.
07/14/26 17:53:38 Event: ULOG_JOB_TERMINATED for HTCondor Node apply (9401730.160.0) {07/14/26 17:53:37}
07/14/26 17:53:38 Number of idle job procs: 0
07/14/26 17:53:38 Node apply job proc (9401730.160.0) completed successfully.
07/14/26 17:53:43 Currently monitoring 1 HTCondor log file(s)
07/14/26 17:53:43 Event: ULOG_JOB_TERMINATED for HTCondor Node apply (9401730.210.0) {07/14/26 17:53:39}
07/14/26 17:53:43 Number of idle job procs: 0
07/14/26 17:53:43 Node apply job proc (9401730.210.0) completed successfully.
07/14/26 17:53:43 Event: ULOG_JOB_TERMINATED for HTCondor Node apply (9401730.80.0) {07/14/26 17:53:39}
07/14/26 17:53:43 Number of idle job procs: 0
07/14/26 17:53:43 Node apply job proc (9401730.80.0) completed successfully.
07/14/26 17:53:43 Event: ULOG_JOB_TERMINATED for HTCondor Node apply (9401730.221.0) {07/14/26 17:53:41}
07/14/26 17:53:43 Number of idle job procs: 0
07/14/26 17:53:43 Node apply job proc (9401730.221.0) completed successfully.
07/14/26 17:53:43 Event: ULOG_JOB_TERMINATED for HTCondor Node apply (9401730.48.0) {07/14/26 17:53:41}
07/14/26 17:53:43 Number of idle job procs: 0
07/14/26 17:53:43 Node apply job proc (9401730.48.0) completed successfully.
07/14/26 17:53:48 Currently monitoring 1 HTCondor log file(s)
07/14/26 17:53:48 Event: ULOG_JOB_TERMINATED for HTCondor Node apply (9401730.387.0) {07/14/26 17:53:47}
07/14/26 17:53:48 Number of idle job procs: 0
07/14/26 17:53:48 Node apply job proc (9401730.387.0) completed successfully.
07/14/26 17:53:48 Event: ULOG_JOB_TERMINATED for HTCondor Node apply (9401730.347.0) {07/14/26 17:53:47}
07/14/26 17:53:48 Number of idle job procs: 0
07/14/26 17:53:48 Node apply job proc (9401730.347.0) completed successfully.
07/14/26 17:53:58 Currently monitoring 1 HTCondor log file(s)
07/14/26 17:53:58 Event: ULOG_JOB_TERMINATED for HTCondor Node apply (9401730.415.0) {07/14/26 17:53:54}
07/14/26 17:53:58 Number of idle job procs: 0
07/14/26 17:53:58 Node apply job proc (9401730.415.0) completed successfully.
07/14/26 17:54:23 Currently monitoring 1 HTCondor log file(s)
07/14/26 17:54:23 Event: ULOG_JOB_TERMINATED for HTCondor Node apply (9401730.299.0) {07/14/26 17:54:20}
07/14/26 17:54:23 Number of idle job procs: 0
07/14/26 17:54:23 Node apply job proc (9401730.299.0) completed successfully.
07/14/26 17:54:53 Currently monitoring 1 HTCondor log file(s)
07/14/26 17:54:53 Event: ULOG_JOB_TERMINATED for HTCondor Node apply (9401730.461.0) {07/14/26 17:54:52}
07/14/26 17:54:53 Number of idle job procs: 0
07/14/26 17:54:53 Node apply job proc (9401730.461.0) completed successfully.
07/14/26 17:54:58 Currently monitoring 1 HTCondor log file(s)
07/14/26 17:54:58 Event: ULOG_JOB_TERMINATED for HTCondor Node apply (9401730.43.0) {07/14/26 17:54:54}
07/14/26 17:54:58 Number of idle job procs: 0
07/14/26 17:54:58 Node apply job proc (9401730.43.0) completed successfully.
07/14/26 17:54:58 Event: ULOG_JOB_TERMINATED for HTCondor Node apply (9401730.443.0) {07/14/26 17:54:54}
07/14/26 17:54:58 Number of idle job procs: 0
07/14/26 17:54:58 Node apply job proc (9401730.443.0) completed successfully.
07/14/26 17:54:58 Event: ULOG_JOB_TERMINATED for HTCondor Node apply (9401730.232.0) {07/14/26 17:54:54}
07/14/26 17:54:58 Number of idle job procs: 0
07/14/26 17:54:58 Node apply job proc (9401730.232.0) completed successfully.
07/14/26 17:54:58 Event: ULOG_JOB_TERMINATED for HTCondor Node apply (9401730.484.0) {07/14/26 17:54:57}
07/14/26 17:54:58 Number of idle job procs: 0
07/14/26 17:54:58 Node apply job proc (9401730.484.0) completed successfully.
07/14/26 17:55:04 Currently monitoring 1 HTCondor log file(s)
07/14/26 17:55:04 Event: ULOG_JOB_TERMINATED for HTCondor Node apply (9401730.448.0) {07/14/26 17:55:03}
07/14/26 17:55:04 Number of idle job procs: 0
07/14/26 17:55:04 Node apply job proc (9401730.448.0) completed successfully.
07/14/26 17:55:09 Currently monitoring 1 HTCondor log file(s)
07/14/26 17:55:09 Event: ULOG_JOB_TERMINATED for HTCondor Node apply (9401730.283.0) {07/14/26 17:55:05}
07/14/26 17:55:09 Number of idle job procs: 0
07/14/26 17:55:09 Node apply job proc (9401730.283.0) completed successfully.
07/14/26 17:55:24 Currently monitoring 1 HTCondor log file(s)
07/14/26 17:55:24 Event: ULOG_JOB_TERMINATED for HTCondor Node apply (9401730.41.0) {07/14/26 17:55:20}
07/14/26 17:55:24 Number of idle job procs: 0
07/14/26 17:55:24 Node apply job proc (9401730.41.0) completed successfully.
07/14/26 17:55:44 Currently monitoring 1 HTCondor log file(s)
07/14/26 17:55:44 Event: ULOG_JOB_TERMINATED for HTCondor Node apply (9401730.486.0) {07/14/26 17:55:42}
07/14/26 17:55:44 Number of idle job procs: 0
07/14/26 17:55:44 Node apply job proc (9401730.486.0) completed successfully.
07/14/26 17:56:09 Currently monitoring 1 HTCondor log file(s)
07/14/26 17:56:09 Event: ULOG_JOB_TERMINATED for HTCondor Node apply (9401730.118.0) {07/14/26 17:56:05}
07/14/26 17:56:09 Number of idle job procs: 0
07/14/26 17:56:09 Node apply job proc (9401730.118.0) completed successfully.
07/14/26 17:56:09 Event: ULOG_JOB_TERMINATED for HTCondor Node apply (9401730.284.0) {07/14/26 17:56:05}
07/14/26 17:56:09 Number of idle job procs: 0
07/14/26 17:56:09 Node apply job proc (9401730.284.0) completed successfully.
07/14/26 17:56:19 Currently monitoring 1 HTCondor log file(s)
07/14/26 17:56:19 Event: ULOG_JOB_TERMINATED for HTCondor Node apply (9401730.447.0) {07/14/26 17:56:15}
07/14/26 17:56:19 Number of idle job procs: 0
07/14/26 17:56:19 Node apply job proc (9401730.447.0) completed successfully.
07/14/26 17:56:54 Total jobs placed to AP: 500
07/14/26 17:56:54      Idle     Held     Running     Successful     Failed
07/14/26 17:56:54       ===      ===         ===            ===        ===
07/14/26 17:56:54         0        0         169            331          0
07/14/26 17:57:04 Currently monitoring 1 HTCondor log file(s)
07/14/26 17:57:04 Event: ULOG_JOB_TERMINATED for HTCondor Node apply (9401730.480.0) {07/14/26 17:57:02}
07/14/26 17:57:04 Number of idle job procs: 0
07/14/26 17:57:04 Node apply job proc (9401730.480.0) completed successfully.
07/14/26 17:57:39 Currently monitoring 1 HTCondor log file(s)
07/14/26 17:57:39 Event: ULOG_JOB_TERMINATED for HTCondor Node apply (9401730.106.0) {07/14/26 17:57:37}
07/14/26 17:57:39 Number of idle job procs: 0
07/14/26 17:57:39 Node apply job proc (9401730.106.0) completed successfully.
07/14/26 17:57:44 Currently monitoring 1 HTCondor log file(s)
07/14/26 17:57:44 Event: ULOG_JOB_TERMINATED for HTCondor Node apply (9401730.408.0) {07/14/26 17:57:43}
07/14/26 17:57:44 Number of idle job procs: 0
07/14/26 17:57:44 Node apply job proc (9401730.408.0) completed successfully.
07/14/26 17:58:04 Currently monitoring 1 HTCondor log file(s)
07/14/26 17:58:04 Event: ULOG_JOB_TERMINATED for HTCondor Node apply (9401730.258.0) {07/14/26 17:57:59}
07/14/26 17:58:04 Number of idle job procs: 0
07/14/26 17:58:04 Node apply job proc (9401730.258.0) completed successfully.
07/14/26 17:58:39 Currently monitoring 1 HTCondor log file(s)
07/14/26 17:58:39 Event: ULOG_JOB_TERMINATED for HTCondor Node apply (9401730.63.0) {07/14/26 17:58:38}
07/14/26 17:58:39 Number of idle job procs: 0
07/14/26 17:58:39 Node apply job proc (9401730.63.0) completed successfully.
07/14/26 17:58:44 Currently monitoring 1 HTCondor log file(s)
07/14/26 17:58:44 Event: ULOG_JOB_TERMINATED for HTCondor Node apply (9401730.108.0) {07/14/26 17:58:43}
07/14/26 17:58:44 Number of idle job procs: 0
07/14/26 17:58:44 Node apply job proc (9401730.108.0) completed successfully.
07/14/26 17:58:59 Currently monitoring 1 HTCondor log file(s)
07/14/26 17:58:59 Event: ULOG_JOB_TERMINATED for HTCondor Node apply (9401730.266.0) {07/14/26 17:58:56}
07/14/26 17:58:59 Number of idle job procs: 0
07/14/26 17:58:59 Node apply job proc (9401730.266.0) completed successfully.
07/14/26 18:00:04 Currently monitoring 1 HTCondor log file(s)
07/14/26 18:00:04 Event: ULOG_JOB_TERMINATED for HTCondor Node apply (9401730.66.0) {07/14/26 18:00:03}
07/14/26 18:00:04 Number of idle job procs: 0
07/14/26 18:00:04 Node apply job proc (9401730.66.0) completed successfully.
07/14/26 18:00:09 Currently monitoring 1 HTCondor log file(s)
07/14/26 18:00:09 Event: ULOG_JOB_TERMINATED for HTCondor Node apply (9401730.87.0) {07/14/26 18:00:09}
07/14/26 18:00:09 Number of idle job procs: 0
07/14/26 18:00:09 Node apply job proc (9401730.87.0) completed successfully.
07/14/26 18:00:14 Currently monitoring 1 HTCondor log file(s)
07/14/26 18:00:14 Event: ULOG_JOB_TERMINATED for HTCondor Node apply (9401730.315.0) {07/14/26 18:00:12}
07/14/26 18:00:14 Number of idle job procs: 0
07/14/26 18:00:14 Node apply job proc (9401730.315.0) completed successfully.
07/14/26 18:00:59 Currently monitoring 1 HTCondor log file(s)
07/14/26 18:00:59 Event: ULOG_JOB_TERMINATED for HTCondor Node apply (9401730.264.0) {07/14/26 18:00:58}
07/14/26 18:00:59 Number of idle job procs: 0
07/14/26 18:00:59 Node apply job proc (9401730.264.0) completed successfully.
07/14/26 18:01:09 Currently monitoring 1 HTCondor log file(s)
07/14/26 18:01:09 Event: ULOG_JOB_TERMINATED for HTCondor Node apply (9401730.119.0) {07/14/26 18:01:09}
07/14/26 18:01:09 Number of idle job procs: 0
07/14/26 18:01:09 Node apply job proc (9401730.119.0) completed successfully.
07/14/26 18:01:14 Currently monitoring 1 HTCondor log file(s)
07/14/26 18:01:14 Event: ULOG_JOB_TERMINATED for HTCondor Node apply (9401730.288.0) {07/14/26 18:01:10}
07/14/26 18:01:14 Number of idle job procs: 0
07/14/26 18:01:14 Node apply job proc (9401730.288.0) completed successfully.
07/14/26 18:01:34 Currently monitoring 1 HTCondor log file(s)
07/14/26 18:01:34 Event: ULOG_JOB_TERMINATED for HTCondor Node apply (9401730.8.0) {07/14/26 18:01:33}
07/14/26 18:01:34 Number of idle job procs: 0
07/14/26 18:01:34 Node apply job proc (9401730.8.0) completed successfully.
07/14/26 18:02:44 Currently monitoring 1 HTCondor log file(s)
07/14/26 18:02:44 Event: ULOG_JOB_TERMINATED for HTCondor Node apply (9401730.432.0) {07/14/26 18:02:40}
07/14/26 18:02:44 Number of idle job procs: 0
07/14/26 18:02:44 Node apply job proc (9401730.432.0) completed successfully.
07/14/26 18:03:24 Currently monitoring 1 HTCondor log file(s)
07/14/26 18:03:24 Event: ULOG_JOB_TERMINATED for HTCondor Node apply (9401730.319.0) {07/14/26 18:03:23}
07/14/26 18:03:24 Number of idle job procs: 0
07/14/26 18:03:24 Node apply job proc (9401730.319.0) completed successfully.
07/14/26 18:04:29 Currently monitoring 1 HTCondor log file(s)
07/14/26 18:04:29 Event: ULOG_JOB_TERMINATED for HTCondor Node apply (9401730.402.0) {07/14/26 18:04:26}
07/14/26 18:04:29 Number of idle job procs: 0
07/14/26 18:04:29 Node apply job proc (9401730.402.0) completed successfully.
07/14/26 18:04:59 Currently monitoring 1 HTCondor log file(s)
07/14/26 18:04:59 Event: ULOG_JOB_TERMINATED for HTCondor Node apply (9401730.485.0) {07/14/26 18:04:59}
07/14/26 18:04:59 Number of idle job procs: 0
07/14/26 18:04:59 Node apply job proc (9401730.485.0) completed successfully.
07/14/26 18:05:14 Currently monitoring 1 HTCondor log file(s)
07/14/26 18:05:14 Event: ULOG_JOB_TERMINATED for HTCondor Node apply (9401730.366.0) {07/14/26 18:05:11}
07/14/26 18:05:14 Number of idle job procs: 0
07/14/26 18:05:14 Node apply job proc (9401730.366.0) completed successfully.
07/14/26 18:06:24 Currently monitoring 1 HTCondor log file(s)
07/14/26 18:06:24 Event: ULOG_JOB_TERMINATED for HTCondor Node apply (9401730.465.0) {07/14/26 18:06:24}
07/14/26 18:06:24 Number of idle job procs: 0
07/14/26 18:06:24 Node apply job proc (9401730.465.0) completed successfully.
07/14/26 18:07:14 Currently monitoring 1 HTCondor log file(s)
07/14/26 18:07:14 Event: ULOG_JOB_TERMINATED for HTCondor Node apply (9401730.86.0) {07/14/26 18:07:10}
07/14/26 18:07:14 Number of idle job procs: 0
07/14/26 18:07:14 Node apply job proc (9401730.86.0) completed successfully.
07/14/26 18:07:14 Event: ULOG_JOB_TERMINATED for HTCondor Node apply (9401730.416.0) {07/14/26 18:07:13}
07/14/26 18:07:14 Number of idle job procs: 0
07/14/26 18:07:14 Node apply job proc (9401730.416.0) completed successfully.
07/14/26 18:07:30 Currently monitoring 1 HTCondor log file(s)
07/14/26 18:07:30 Event: ULOG_JOB_TERMINATED for HTCondor Node apply (9401730.148.0) {07/14/26 18:07:26}
07/14/26 18:07:30 Number of idle job procs: 0
07/14/26 18:07:30 Node apply job proc (9401730.148.0) completed successfully.
07/14/26 18:08:15 Currently monitoring 1 HTCondor log file(s)
07/14/26 18:08:15 Event: ULOG_JOB_TERMINATED for HTCondor Node apply (9401730.358.0) {07/14/26 18:08:13}
07/14/26 18:08:15 Number of idle job procs: 0
07/14/26 18:08:15 Node apply job proc (9401730.358.0) completed successfully.
07/14/26 18:09:25 Currently monitoring 1 HTCondor log file(s)
07/14/26 18:09:25 Event: ULOG_JOB_TERMINATED for HTCondor Node apply (9401730.412.0) {07/14/26 18:09:22}
07/14/26 18:09:25 Number of idle job procs: 0
07/14/26 18:09:25 Node apply job proc (9401730.412.0) completed successfully.
07/14/26 18:10:35 Currently monitoring 1 HTCondor log file(s)
07/14/26 18:10:35 Event: ULOG_JOB_TERMINATED for HTCondor Node apply (9401730.20.0) {07/14/26 18:10:34}
07/14/26 18:10:35 Number of idle job procs: 0
07/14/26 18:10:35 Node apply job proc (9401730.20.0) completed successfully.
07/14/26 18:10:50 Currently monitoring 1 HTCondor log file(s)
07/14/26 18:10:50 Event: ULOG_JOB_TERMINATED for HTCondor Node apply (9401730.263.0) {07/14/26 18:10:47}
07/14/26 18:10:50 Number of idle job procs: 0
07/14/26 18:10:50 Node apply job proc (9401730.263.0) completed successfully.
07/14/26 18:11:20 Currently monitoring 1 HTCondor log file(s)
07/14/26 18:11:20 Event: ULOG_JOB_TERMINATED for HTCondor Node apply (9401730.287.0) {07/14/26 18:11:17}
07/14/26 18:11:20 Number of idle job procs: 0
07/14/26 18:11:20 Node apply job proc (9401730.287.0) completed successfully.
07/14/26 18:11:20 Event: ULOG_JOB_TERMINATED for HTCondor Node apply (9401730.385.0) {07/14/26 18:11:18}
07/14/26 18:11:20 Number of idle job procs: 0
07/14/26 18:11:20 Node apply job proc (9401730.385.0) completed successfully.
07/14/26 18:11:55 Total jobs placed to AP: 500
07/14/26 18:11:55      Idle     Held     Running     Successful     Failed
07/14/26 18:11:55       ===      ===         ===            ===        ===
07/14/26 18:11:55         0        0         140            360          0
07/14/26 18:12:25 Currently monitoring 1 HTCondor log file(s)
07/14/26 18:12:25 Event: ULOG_JOB_TERMINATED for HTCondor Node apply (9401730.85.0) {07/14/26 18:12:23}
07/14/26 18:12:25 Number of idle job procs: 0
07/14/26 18:12:25 Node apply job proc (9401730.85.0) completed successfully.
07/14/26 18:12:55 Currently monitoring 1 HTCondor log file(s)
07/14/26 18:12:55 Event: ULOG_JOB_TERMINATED for HTCondor Node apply (9401730.409.0) {07/14/26 18:12:53}
07/14/26 18:12:55 Number of idle job procs: 0
07/14/26 18:12:55 Node apply job proc (9401730.409.0) completed successfully.
07/14/26 18:14:25 Currently monitoring 1 HTCondor log file(s)
07/14/26 18:14:25 Event: ULOG_JOB_TERMINATED for HTCondor Node apply (9401730.406.0) {07/14/26 18:14:21}
07/14/26 18:14:25 Number of idle job procs: 0
07/14/26 18:14:25 Node apply job proc (9401730.406.0) completed successfully.
07/14/26 18:15:00 Currently monitoring 1 HTCondor log file(s)
07/14/26 18:15:00 Event: ULOG_JOB_TERMINATED for HTCondor Node apply (9401730.9.0) {07/14/26 18:14:55}
07/14/26 18:15:00 Number of idle job procs: 0
07/14/26 18:15:00 Node apply job proc (9401730.9.0) completed successfully.
07/14/26 18:15:25 Currently monitoring 1 HTCondor log file(s)
07/14/26 18:15:25 Event: ULOG_JOB_TERMINATED for HTCondor Node apply (9401730.185.0) {07/14/26 18:15:22}
07/14/26 18:15:25 Number of idle job procs: 0
07/14/26 18:15:25 Node apply job proc (9401730.185.0) completed successfully.
07/14/26 18:16:05 Currently monitoring 1 HTCondor log file(s)
07/14/26 18:16:05 Event: ULOG_JOB_TERMINATED for HTCondor Node apply (9401730.212.0) {07/14/26 18:16:05}
07/14/26 18:16:05 Number of idle job procs: 0
07/14/26 18:16:05 Node apply job proc (9401730.212.0) completed successfully.
07/14/26 18:16:10 Currently monitoring 1 HTCondor log file(s)
07/14/26 18:16:10 Event: ULOG_JOB_TERMINATED for HTCondor Node apply (9401730.209.0) {07/14/26 18:16:06}
07/14/26 18:16:10 Number of idle job procs: 0
07/14/26 18:16:10 Node apply job proc (9401730.209.0) completed successfully.
07/14/26 18:16:15 Currently monitoring 1 HTCondor log file(s)
07/14/26 18:16:15 Event: ULOG_JOB_TERMINATED for HTCondor Node apply (9401730.307.0) {07/14/26 18:16:12}
07/14/26 18:16:15 Number of idle job procs: 0
07/14/26 18:16:15 Node apply job proc (9401730.307.0) completed successfully.
07/14/26 18:17:56 Currently monitoring 1 HTCondor log file(s)
07/14/26 18:17:56 Event: ULOG_JOB_TERMINATED for HTCondor Node apply (9401730.444.0) {07/14/26 18:17:54}
07/14/26 18:17:56 Number of idle job procs: 0
07/14/26 18:17:56 Node apply job proc (9401730.444.0) completed successfully.
07/14/26 18:18:56 Currently monitoring 1 HTCondor log file(s)
07/14/26 18:18:56 Event: ULOG_JOB_TERMINATED for HTCondor Node apply (9401730.368.0) {07/14/26 18:18:53}
07/14/26 18:18:56 Number of idle job procs: 0
07/14/26 18:18:56 Node apply job proc (9401730.368.0) completed successfully.
07/14/26 18:19:26 Currently monitoring 1 HTCondor log file(s)
07/14/26 18:19:26 Event: ULOG_JOB_TERMINATED for HTCondor Node apply (9401730.419.0) {07/14/26 18:19:22}
07/14/26 18:19:26 Number of idle job procs: 0
07/14/26 18:19:26 Node apply job proc (9401730.419.0) completed successfully.
07/14/26 18:19:56 Currently monitoring 1 HTCondor log file(s)
07/14/26 18:19:56 Event: ULOG_JOB_TERMINATED for HTCondor Node apply (9401730.286.0) {07/14/26 18:19:52}
07/14/26 18:19:56 Number of idle job procs: 0
07/14/26 18:19:56 Node apply job proc (9401730.286.0) completed successfully.
07/14/26 18:20:16 Currently monitoring 1 HTCondor log file(s)
07/14/26 18:20:16 Event: ULOG_JOB_TERMINATED for HTCondor Node apply (9401730.18.0) {07/14/26 18:20:12}
07/14/26 18:20:16 Number of idle job procs: 0
07/14/26 18:20:16 Node apply job proc (9401730.18.0) completed successfully.
07/14/26 18:20:46 Currently monitoring 1 HTCondor log file(s)
07/14/26 18:20:46 Event: ULOG_JOB_TERMINATED for HTCondor Node apply (9401730.268.0) {07/14/26 18:20:42}
07/14/26 18:20:46 Number of idle job procs: 0
07/14/26 18:20:46 Node apply job proc (9401730.268.0) completed successfully.
07/14/26 18:20:51 Currently monitoring 1 HTCondor log file(s)
07/14/26 18:20:51 Event: ULOG_JOB_TERMINATED for HTCondor Node apply (9401730.300.0) {07/14/26 18:20:47}
07/14/26 18:20:51 Number of idle job procs: 0
07/14/26 18:20:51 Node apply job proc (9401730.300.0) completed successfully.
07/14/26 18:21:16 Currently monitoring 1 HTCondor log file(s)
07/14/26 18:21:16 Event: ULOG_JOB_TERMINATED for HTCondor Node apply (9401730.306.0) {07/14/26 18:21:12}
07/14/26 18:21:16 Number of idle job procs: 0
07/14/26 18:21:16 Node apply job proc (9401730.306.0) completed successfully.
07/14/26 18:21:51 Currently monitoring 1 HTCondor log file(s)
07/14/26 18:21:51 Event: ULOG_JOB_TERMINATED for HTCondor Node apply (9401730.44.0) {07/14/26 18:21:47}
07/14/26 18:21:51 Number of idle job procs: 0
07/14/26 18:21:51 Node apply job proc (9401730.44.0) completed successfully.
07/14/26 18:21:51 Event: ULOG_JOB_TERMINATED for HTCondor Node apply (9401730.6.0) {07/14/26 18:21:48}
07/14/26 18:21:51 Number of idle job procs: 0
07/14/26 18:21:51 Node apply job proc (9401730.6.0) completed successfully.
07/14/26 18:22:06 Currently monitoring 1 HTCondor log file(s)
07/14/26 18:22:06 Event: ULOG_JOB_TERMINATED for HTCondor Node apply (9401730.219.0) {07/14/26 18:22:05}
07/14/26 18:22:06 Number of idle job procs: 0
07/14/26 18:22:06 Node apply job proc (9401730.219.0) completed successfully.
07/14/26 18:22:51 Currently monitoring 1 HTCondor log file(s)
07/14/26 18:22:51 Event: ULOG_JOB_TERMINATED for HTCondor Node apply (9401730.285.0) {07/14/26 18:22:47}
07/14/26 18:22:51 Number of idle job procs: 0
07/14/26 18:22:51 Node apply job proc (9401730.285.0) completed successfully.
07/14/26 18:23:01 Currently monitoring 1 HTCondor log file(s)
07/14/26 18:23:01 Event: ULOG_JOB_TERMINATED for HTCondor Node apply (9401730.117.0) {07/14/26 18:22:57}
07/14/26 18:23:01 Number of idle job procs: 0
07/14/26 18:23:01 Node apply job proc (9401730.117.0) completed successfully.
07/14/26 18:23:06 Currently monitoring 1 HTCondor log file(s)
07/14/26 18:23:06 Event: ULOG_JOB_TERMINATED for HTCondor Node apply (9401730.302.0) {07/14/26 18:23:01}
07/14/26 18:23:06 Number of idle job procs: 0
07/14/26 18:23:06 Node apply job proc (9401730.302.0) completed successfully.
07/14/26 18:24:06 Currently monitoring 1 HTCondor log file(s)
07/14/26 18:24:06 Event: ULOG_JOB_TERMINATED for HTCondor Node apply (9401730.407.0) {07/14/26 18:24:04}
07/14/26 18:24:06 Number of idle job procs: 0
07/14/26 18:24:06 Node apply job proc (9401730.407.0) completed successfully.
07/14/26 18:24:31 Currently monitoring 1 HTCondor log file(s)
07/14/26 18:24:31 Event: ULOG_JOB_TERMINATED for HTCondor Node apply (9401730.120.0) {07/14/26 18:24:26}
07/14/26 18:24:31 Number of idle job procs: 0
07/14/26 18:24:31 Node apply job proc (9401730.120.0) completed successfully.
07/14/26 18:24:46 Currently monitoring 1 HTCondor log file(s)
07/14/26 18:24:46 Event: ULOG_JOB_TERMINATED for HTCondor Node apply (9401730.112.0) {07/14/26 18:24:42}
07/14/26 18:24:46 Number of idle job procs: 0
07/14/26 18:24:46 Node apply job proc (9401730.112.0) completed successfully.
07/14/26 18:26:06 Currently monitoring 1 HTCondor log file(s)
07/14/26 18:26:06 Event: ULOG_JOB_TERMINATED for HTCondor Node apply (9401730.380.0) {07/14/26 18:26:03}
07/14/26 18:26:06 Number of idle job procs: 0
07/14/26 18:26:06 Node apply job proc (9401730.380.0) completed successfully.
07/14/26 18:26:11 Currently monitoring 1 HTCondor log file(s)
07/14/26 18:26:11 Event: ULOG_JOB_TERMINATED for HTCondor Node apply (9401730.281.0) {07/14/26 18:26:08}
07/14/26 18:26:11 Number of idle job procs: 0
07/14/26 18:26:11 Node apply job proc (9401730.281.0) completed successfully.
07/14/26 18:26:21 Currently monitoring 1 HTCondor log file(s)
07/14/26 18:26:21 Event: ULOG_JOB_TERMINATED for HTCondor Node apply (9401730.202.0) {07/14/26 18:26:21}
07/14/26 18:26:21 Number of idle job procs: 0
07/14/26 18:26:21 Node apply job proc (9401730.202.0) completed successfully.
07/14/26 18:26:57 Total jobs placed to AP: 500
07/14/26 18:26:57      Idle     Held     Running     Successful     Failed
07/14/26 18:26:57       ===      ===         ===            ===        ===
07/14/26 18:26:57         0        0         112            388          0
07/14/26 18:28:02 Currently monitoring 1 HTCondor log file(s)
07/14/26 18:28:02 Event: ULOG_JOB_TERMINATED for HTCondor Node apply (9401730.403.0) {07/14/26 18:27:59}
07/14/26 18:28:02 Number of idle job procs: 0
07/14/26 18:28:02 Node apply job proc (9401730.403.0) completed successfully.
07/14/26 18:28:07 Currently monitoring 1 HTCondor log file(s)
07/14/26 18:28:07 Event: ULOG_JOB_TERMINATED for HTCondor Node apply (9401730.418.0) {07/14/26 18:28:04}
07/14/26 18:28:07 Number of idle job procs: 0
07/14/26 18:28:07 Node apply job proc (9401730.418.0) completed successfully.
07/14/26 18:28:12 Currently monitoring 1 HTCondor log file(s)
07/14/26 18:28:12 Event: ULOG_JOB_TERMINATED for HTCondor Node apply (9401730.220.0) {07/14/26 18:28:07}
07/14/26 18:28:12 Number of idle job procs: 0
07/14/26 18:28:12 Node apply job proc (9401730.220.0) completed successfully.
07/14/26 18:28:22 Currently monitoring 1 HTCondor log file(s)
07/14/26 18:28:22 Event: ULOG_JOB_TERMINATED for HTCondor Node apply (9401730.216.0) {07/14/26 18:28:19}
07/14/26 18:28:22 Number of idle job procs: 0
07/14/26 18:28:22 Node apply job proc (9401730.216.0) completed successfully.
07/14/26 18:28:37 Currently monitoring 1 HTCondor log file(s)
07/14/26 18:28:37 Event: ULOG_JOB_TERMINATED for HTCondor Node apply (9401730.102.0) {07/14/26 18:28:34}
07/14/26 18:28:37 Number of idle job procs: 0
07/14/26 18:28:37 Node apply job proc (9401730.102.0) completed successfully.
07/14/26 18:30:47 Currently monitoring 1 HTCondor log file(s)
07/14/26 18:30:47 Event: ULOG_JOB_TERMINATED for HTCondor Node apply (9401730.128.0) {07/14/26 18:30:47}
07/14/26 18:30:47 Number of idle job procs: 0
07/14/26 18:30:47 Node apply job proc (9401730.128.0) completed successfully.
07/14/26 18:31:17 Currently monitoring 1 HTCondor log file(s)
07/14/26 18:31:17 Event: ULOG_JOB_TERMINATED for HTCondor Node apply (9401730.308.0) {07/14/26 18:31:17}
07/14/26 18:31:17 Number of idle job procs: 0
07/14/26 18:31:17 Node apply job proc (9401730.308.0) completed successfully.
07/14/26 18:31:52 Currently monitoring 1 HTCondor log file(s)
07/14/26 18:31:52 Event: ULOG_JOB_TERMINATED for HTCondor Node apply (9401730.316.0) {07/14/26 18:31:48}
07/14/26 18:31:52 Number of idle job procs: 0
07/14/26 18:31:52 Node apply job proc (9401730.316.0) completed successfully.
07/14/26 18:32:07 Currently monitoring 1 HTCondor log file(s)
07/14/26 18:32:07 Event: ULOG_JOB_TERMINATED for HTCondor Node apply (9401730.365.0) {07/14/26 18:32:05}
07/14/26 18:32:07 Number of idle job procs: 0
07/14/26 18:32:07 Node apply job proc (9401730.365.0) completed successfully.
07/14/26 18:32:32 Currently monitoring 1 HTCondor log file(s)
07/14/26 18:32:32 Event: ULOG_JOB_TERMINATED for HTCondor Node apply (9401730.107.0) {07/14/26 18:32:32}
07/14/26 18:32:32 Number of idle job procs: 0
07/14/26 18:32:32 Node apply job proc (9401730.107.0) completed successfully.
07/14/26 18:32:42 Currently monitoring 1 HTCondor log file(s)
07/14/26 18:32:42 Event: ULOG_JOB_TERMINATED for HTCondor Node apply (9401730.344.0) {07/14/26 18:32:39}
07/14/26 18:32:42 Number of idle job procs: 0
07/14/26 18:32:42 Node apply job proc (9401730.344.0) completed successfully.
07/14/26 18:32:52 Currently monitoring 1 HTCondor log file(s)
07/14/26 18:32:52 Event: ULOG_JOB_TERMINATED for HTCondor Node apply (9401730.65.0) {07/14/26 18:32:49}
07/14/26 18:32:52 Number of idle job procs: 0
07/14/26 18:32:52 Node apply job proc (9401730.65.0) completed successfully.
07/14/26 18:34:02 Currently monitoring 1 HTCondor log file(s)
07/14/26 18:34:02 Event: ULOG_JOB_TERMINATED for HTCondor Node apply (9401730.466.0) {07/14/26 18:34:01}
07/14/26 18:34:02 Number of idle job procs: 0
07/14/26 18:34:02 Node apply job proc (9401730.466.0) completed successfully.
07/14/26 18:34:22 Currently monitoring 1 HTCondor log file(s)
07/14/26 18:34:22 Event: ULOG_JOB_TERMINATED for HTCondor Node apply (9401730.166.0) {07/14/26 18:34:21}
07/14/26 18:34:22 Number of idle job procs: 0
07/14/26 18:34:22 Node apply job proc (9401730.166.0) completed successfully.
07/14/26 18:34:32 Currently monitoring 1 HTCondor log file(s)
07/14/26 18:34:32 Event: ULOG_JOB_TERMINATED for HTCondor Node apply (9401730.103.0) {07/14/26 18:34:30}
07/14/26 18:34:32 Number of idle job procs: 0
07/14/26 18:34:32 Node apply job proc (9401730.103.0) completed successfully.
07/14/26 18:34:37 Currently monitoring 1 HTCondor log file(s)
07/14/26 18:34:37 Event: ULOG_JOB_TERMINATED for HTCondor Node apply (9401730.244.0) {07/14/26 18:34:35}
07/14/26 18:34:37 Number of idle job procs: 0
07/14/26 18:34:37 Node apply job proc (9401730.244.0) completed successfully.
07/14/26 18:35:42 Currently monitoring 1 HTCondor log file(s)
07/14/26 18:35:42 Event: ULOG_JOB_TERMINATED for HTCondor Node apply (9401730.101.0) {07/14/26 18:35:42}
07/14/26 18:35:42 Number of idle job procs: 0
07/14/26 18:35:42 Node apply job proc (9401730.101.0) completed successfully.
07/14/26 18:36:27 Currently monitoring 1 HTCondor log file(s)
07/14/26 18:36:27 Event: ULOG_JOB_TERMINATED for HTCondor Node apply (9401730.417.0) {07/14/26 18:36:23}
07/14/26 18:36:27 Number of idle job procs: 0
07/14/26 18:36:27 Node apply job proc (9401730.417.0) completed successfully.
07/14/26 18:37:07 Currently monitoring 1 HTCondor log file(s)
07/14/26 18:37:07 Event: ULOG_JOB_TERMINATED for HTCondor Node apply (9401730.367.0) {07/14/26 18:37:03}
07/14/26 18:37:07 Number of idle job procs: 0
07/14/26 18:37:07 Node apply job proc (9401730.367.0) completed successfully.
07/14/26 18:37:22 Currently monitoring 1 HTCondor log file(s)
07/14/26 18:37:22 Event: ULOG_JOB_TERMINATED for HTCondor Node apply (9401730.144.0) {07/14/26 18:37:18}
07/14/26 18:37:22 Number of idle job procs: 0
07/14/26 18:37:22 Node apply job proc (9401730.144.0) completed successfully.
07/14/26 18:38:03 Currently monitoring 1 HTCondor log file(s)
07/14/26 18:38:03 Event: ULOG_JOB_TERMINATED for HTCondor Node apply (9401730.165.0) {07/14/26 18:37:58}
07/14/26 18:38:03 Number of idle job procs: 0
07/14/26 18:38:03 Node apply job proc (9401730.165.0) completed successfully.
07/14/26 18:38:28 Currently monitoring 1 HTCondor log file(s)
07/14/26 18:38:28 Event: ULOG_JOB_TERMINATED for HTCondor Node apply (9401730.206.0) {07/14/26 18:38:24}
07/14/26 18:38:28 Number of idle job procs: 0
07/14/26 18:38:28 Node apply job proc (9401730.206.0) completed successfully.
07/14/26 18:39:03 Currently monitoring 1 HTCondor log file(s)
07/14/26 18:39:03 Event: ULOG_JOB_TERMINATED for HTCondor Node apply (9401730.318.0) {07/14/26 18:38:59}
07/14/26 18:39:03 Number of idle job procs: 0
07/14/26 18:39:03 Node apply job proc (9401730.318.0) completed successfully.
07/14/26 18:39:38 Currently monitoring 1 HTCondor log file(s)
07/14/26 18:39:38 Event: ULOG_JOB_TERMINATED for HTCondor Node apply (9401730.28.0) {07/14/26 18:39:36}
07/14/26 18:39:38 Number of idle job procs: 0
07/14/26 18:39:38 Node apply job proc (9401730.28.0) completed successfully.
07/14/26 18:41:58 Total jobs placed to AP: 500
07/14/26 18:41:58      Idle     Held     Running     Successful     Failed
07/14/26 18:41:58       ===      ===         ===            ===        ===
07/14/26 18:41:58         0        0          88            412          0
07/14/26 18:43:43 Currently monitoring 1 HTCondor log file(s)
07/14/26 18:43:43 Event: ULOG_JOB_TERMINATED for HTCondor Node apply (9401730.267.0) {07/14/26 18:43:40}
07/14/26 18:43:43 Number of idle job procs: 0
07/14/26 18:43:43 Node apply job proc (9401730.267.0) completed successfully.
07/14/26 18:46:43 Currently monitoring 1 HTCondor log file(s)
07/14/26 18:46:43 Event: ULOG_JOB_TERMINATED for HTCondor Node apply (9401730.312.0) {07/14/26 18:46:42}
07/14/26 18:46:43 Number of idle job procs: 0
07/14/26 18:46:43 Node apply job proc (9401730.312.0) completed successfully.
07/14/26 18:48:09 Currently monitoring 1 HTCondor log file(s)
07/14/26 18:48:09 Event: ULOG_JOB_TERMINATED for HTCondor Node apply (9401730.168.0) {07/14/26 18:48:06}
07/14/26 18:48:09 Number of idle job procs: 0
07/14/26 18:48:09 Node apply job proc (9401730.168.0) completed successfully.
07/14/26 18:49:54 Currently monitoring 1 HTCondor log file(s)
07/14/26 18:49:54 Event: ULOG_JOB_TERMINATED for HTCondor Node apply (9401730.104.0) {07/14/26 18:49:52}
07/14/26 18:49:54 Number of idle job procs: 0
07/14/26 18:49:54 Node apply job proc (9401730.104.0) completed successfully.
07/14/26 18:52:10 Currently monitoring 1 HTCondor log file(s)
07/14/26 18:52:10 Event: ULOG_JOB_TERMINATED for HTCondor Node apply (9401730.113.0) {07/14/26 18:52:08}
07/14/26 18:52:10 Number of idle job procs: 0
07/14/26 18:52:10 Node apply job proc (9401730.113.0) completed successfully.
07/14/26 18:52:20 Currently monitoring 1 HTCondor log file(s)
07/14/26 18:52:20 Event: ULOG_JOB_TERMINATED for HTCondor Node apply (9401730.167.0) {07/14/26 18:52:15}
07/14/26 18:52:20 Number of idle job procs: 0
07/14/26 18:52:20 Node apply job proc (9401730.167.0) completed successfully.
07/14/26 18:54:05 Currently monitoring 1 HTCondor log file(s)
07/14/26 18:54:05 Event: ULOG_JOB_TERMINATED for HTCondor Node apply (9401730.401.0) {07/14/26 18:54:05}
07/14/26 18:54:05 Number of idle job procs: 0
07/14/26 18:54:05 Node apply job proc (9401730.401.0) completed successfully.
07/14/26 18:54:25 Currently monitoring 1 HTCondor log file(s)
07/14/26 18:54:25 Event: ULOG_JOB_TERMINATED for HTCondor Node apply (9401730.208.0) {07/14/26 18:54:20}
07/14/26 18:54:25 Number of idle job procs: 0
07/14/26 18:54:25 Node apply job proc (9401730.208.0) completed successfully.
07/14/26 18:56:40 Currently monitoring 1 HTCondor log file(s)
07/14/26 18:56:40 Event: ULOG_JOB_TERMINATED for HTCondor Node apply (9401730.4.0) {07/14/26 18:56:39}
07/14/26 18:56:40 Number of idle job procs: 0
07/14/26 18:56:40 Node apply job proc (9401730.4.0) completed successfully.
07/14/26 18:57:00 Total jobs placed to AP: 500
07/14/26 18:57:00      Idle     Held     Running     Successful     Failed
07/14/26 18:57:00       ===      ===         ===            ===        ===
07/14/26 18:57:00         0        0          79            421          0
07/14/26 18:57:30 Currently monitoring 1 HTCondor log file(s)
07/14/26 18:57:30 Event: ULOG_JOB_TERMINATED for HTCondor Node apply (9401730.144.0) {07/14/26 18:57:26}
07/14/26 18:57:30 BAD EVENT: job (9401730.144.0) ended, total end count != 1 (2)
07/14/26 18:57:30 Continuing with DAG in spite of bad event (BAD EVENT: job (9401730.144.0) ended, total end count != 1 (2)) because of allow_events setting
07/14/26 18:59:40 Currently monitoring 1 HTCondor log file(s)
07/14/26 18:59:40 Event: ULOG_JOB_TERMINATED for HTCondor Node apply (9401730.467.0) {07/14/26 18:59:39}
07/14/26 18:59:40 Number of idle job procs: 0
07/14/26 18:59:40 Node apply job proc (9401730.467.0) completed successfully.
07/14/26 19:01:46 Currently monitoring 1 HTCondor log file(s)
07/14/26 19:01:46 Event: ULOG_JOB_TERMINATED for HTCondor Node apply (9401730.203.0) {07/14/26 19:01:42}
07/14/26 19:01:46 Number of idle job procs: 0
07/14/26 19:01:46 Node apply job proc (9401730.203.0) completed successfully.
07/14/26 19:02:26 Currently monitoring 1 HTCondor log file(s)
07/14/26 19:02:26 Event: ULOG_JOB_TERMINATED for HTCondor Node apply (9401730.405.0) {07/14/26 19:02:22}
07/14/26 19:02:26 Number of idle job procs: 0
07/14/26 19:02:26 Node apply job proc (9401730.405.0) completed successfully.
07/14/26 19:03:41 Currently monitoring 1 HTCondor log file(s)
07/14/26 19:03:41 Event: ULOG_JOB_TERMINATED for HTCondor Node apply (9401730.213.0) {07/14/26 19:03:37}
07/14/26 19:03:41 Number of idle job procs: 0
07/14/26 19:03:41 Node apply job proc (9401730.213.0) completed successfully.
07/14/26 19:05:01 Currently monitoring 1 HTCondor log file(s)
07/14/26 19:05:01 Event: ULOG_JOB_TERMINATED for HTCondor Node apply (9401730.317.0) {07/14/26 19:04:59}
07/14/26 19:05:01 Number of idle job procs: 0
07/14/26 19:05:01 Node apply job proc (9401730.317.0) completed successfully.
07/14/26 19:05:11 Currently monitoring 1 HTCondor log file(s)
07/14/26 19:05:11 Event: ULOG_JOB_TERMINATED for HTCondor Node apply (9401730.2.0) {07/14/26 19:05:06}
07/14/26 19:05:11 Number of idle job procs: 0
07/14/26 19:05:11 Node apply job proc (9401730.2.0) completed successfully.
07/14/26 19:07:11 Currently monitoring 1 HTCondor log file(s)
07/14/26 19:07:11 Event: ULOG_JOB_TERMINATED for HTCondor Node apply (9401730.19.0) {07/14/26 19:07:07}
07/14/26 19:07:11 Number of idle job procs: 0
07/14/26 19:07:11 Node apply job proc (9401730.19.0) completed successfully.
07/14/26 19:08:16 Currently monitoring 1 HTCondor log file(s)
07/14/26 19:08:16 Event: ULOG_JOB_TERMINATED for HTCondor Node apply (9401730.68.0) {07/14/26 19:08:12}
07/14/26 19:08:16 Number of idle job procs: 0
07/14/26 19:08:16 Node apply job proc (9401730.68.0) completed successfully.
07/14/26 19:09:46 Currently monitoring 1 HTCondor log file(s)
07/14/26 19:09:46 Event: ULOG_JOB_TERMINATED for HTCondor Node apply (9401730.265.0) {07/14/26 19:09:41}
07/14/26 19:09:46 Number of idle job procs: 0
07/14/26 19:09:46 Node apply job proc (9401730.265.0) completed successfully.
07/14/26 19:12:01 Total jobs placed to AP: 500
07/14/26 19:12:01      Idle     Held     Running     Successful     Failed
07/14/26 19:12:01       ===      ===         ===            ===        ===
07/14/26 19:12:01         0        0          70            430          0
07/14/26 19:13:01 Currently monitoring 1 HTCondor log file(s)
07/14/26 19:13:01 Event: ULOG_JOB_TERMINATED for HTCondor Node apply (9401730.218.0) {07/14/26 19:13:00}
07/14/26 19:13:01 Number of idle job procs: 0
07/14/26 19:13:01 Node apply job proc (9401730.218.0) completed successfully.
07/14/26 19:17:07 Currently monitoring 1 HTCondor log file(s)
07/14/26 19:17:07 Event: ULOG_JOB_TERMINATED for HTCondor Node apply (9401730.404.0) {07/14/26 19:17:02}
07/14/26 19:17:07 Number of idle job procs: 0
07/14/26 19:17:07 Node apply job proc (9401730.404.0) completed successfully.
07/14/26 19:20:07 Currently monitoring 1 HTCondor log file(s)
07/14/26 19:20:07 Event: ULOG_JOB_TERMINATED for HTCondor Node apply (9401730.413.0) {07/14/26 19:20:04}
07/14/26 19:20:07 Number of idle job procs: 0
07/14/26 19:20:07 Node apply job proc (9401730.413.0) completed successfully.
07/14/26 19:20:12 Currently monitoring 1 HTCondor log file(s)
07/14/26 19:20:12 Event: ULOG_JOB_TERMINATED for HTCondor Node apply (9401730.303.0) {07/14/26 19:20:09}
07/14/26 19:20:12 Number of idle job procs: 0
07/14/26 19:20:12 Node apply job proc (9401730.303.0) completed successfully.
07/14/26 19:20:32 Currently monitoring 1 HTCondor log file(s)
07/14/26 19:20:32 Event: ULOG_JOB_TERMINATED for HTCondor Node apply (9401730.207.0) {07/14/26 19:20:28}
07/14/26 19:20:32 Number of idle job procs: 0
07/14/26 19:20:32 Node apply job proc (9401730.207.0) completed successfully.
07/14/26 19:22:52 Currently monitoring 1 HTCondor log file(s)
07/14/26 19:22:52 Event: ULOG_JOB_TERMINATED for HTCondor Node apply (9401730.301.0) {07/14/26 19:22:49}
07/14/26 19:22:52 Number of idle job procs: 0
07/14/26 19:22:52 Node apply job proc (9401730.301.0) completed successfully.
07/14/26 19:23:02 Currently monitoring 1 HTCondor log file(s)
07/14/26 19:23:02 Event: ULOG_JOB_TERMINATED for HTCondor Node apply (9401730.114.0) {07/14/26 19:22:59}
07/14/26 19:23:02 Number of idle job procs: 0
07/14/26 19:23:02 Node apply job proc (9401730.114.0) completed successfully.
07/14/26 19:23:37 Currently monitoring 1 HTCondor log file(s)
07/14/26 19:23:37 Event: ULOG_JOB_TERMINATED for HTCondor Node apply (9401730.314.0) {07/14/26 19:23:33}
07/14/26 19:23:37 Number of idle job procs: 0
07/14/26 19:23:37 Node apply job proc (9401730.314.0) completed successfully.
07/14/26 19:24:42 Currently monitoring 1 HTCondor log file(s)
07/14/26 19:24:42 Event: ULOG_JOB_TERMINATED for HTCondor Node apply (9401730.414.0) {07/14/26 19:24:42}
07/14/26 19:24:42 Number of idle job procs: 0
07/14/26 19:24:42 Node apply job proc (9401730.414.0) completed successfully.
07/14/26 19:25:17 Currently monitoring 1 HTCondor log file(s)
07/14/26 19:25:17 Event: ULOG_JOB_TERMINATED for HTCondor Node apply (9401730.17.0) {07/14/26 19:25:15}
07/14/26 19:25:17 Number of idle job procs: 0
07/14/26 19:25:17 Node apply job proc (9401730.17.0) completed successfully.
07/14/26 19:25:57 Currently monitoring 1 HTCondor log file(s)
07/14/26 19:25:57 Event: ULOG_JOB_TERMINATED for HTCondor Node apply (9401730.205.0) {07/14/26 19:25:57}
07/14/26 19:25:57 Number of idle job procs: 0
07/14/26 19:25:57 Node apply job proc (9401730.205.0) completed successfully.
07/14/26 19:26:02 Currently monitoring 1 HTCondor log file(s)
07/14/26 19:26:02 Event: ULOG_JOB_TERMINATED for HTCondor Node apply (9401730.426.0) {07/14/26 19:26:02}
07/14/26 19:26:02 Number of idle job procs: 0
07/14/26 19:26:02 Node apply job proc (9401730.426.0) completed successfully.
07/14/26 19:27:02 Total jobs placed to AP: 500
07/14/26 19:27:02      Idle     Held     Running     Successful     Failed
07/14/26 19:27:02       ===      ===         ===            ===        ===
07/14/26 19:27:02         0        0          58            442          0
07/14/26 19:27:17 Currently monitoring 1 HTCondor log file(s)
07/14/26 19:27:17 Event: ULOG_JOB_TERMINATED for HTCondor Node apply (9401730.204.0) {07/14/26 19:27:15}
07/14/26 19:27:17 Number of idle job procs: 0
07/14/26 19:27:17 Node apply job proc (9401730.204.0) completed successfully.
07/14/26 19:29:02 Currently monitoring 1 HTCondor log file(s)
07/14/26 19:29:02 Event: ULOG_JOB_TERMINATED for HTCondor Node apply (9401730.81.0) {07/14/26 19:28:59}
07/14/26 19:29:02 Number of idle job procs: 0
07/14/26 19:29:02 Node apply job proc (9401730.81.0) completed successfully.
07/14/26 19:30:28 Currently monitoring 1 HTCondor log file(s)
07/14/26 19:30:28 Event: ULOG_JOB_TERMINATED for HTCondor Node apply (9401730.123.0) {07/14/26 19:30:27}
07/14/26 19:30:28 Number of idle job procs: 0
07/14/26 19:30:28 Node apply job proc (9401730.123.0) completed successfully.
07/14/26 19:33:23 Currently monitoring 1 HTCondor log file(s)
07/14/26 19:33:23 Event: ULOG_JOB_TERMINATED for HTCondor Node apply (9401730.214.0) {07/14/26 19:33:23}
07/14/26 19:33:23 Number of idle job procs: 0
07/14/26 19:33:23 Node apply job proc (9401730.214.0) completed successfully.
07/14/26 19:37:03 Currently monitoring 1 HTCondor log file(s)
07/14/26 19:37:03 Event: ULOG_JOB_TERMINATED for HTCondor Node apply (9401730.381.0) {07/14/26 19:36:59}
07/14/26 19:37:03 Number of idle job procs: 0
07/14/26 19:37:03 Node apply job proc (9401730.381.0) completed successfully.
07/14/26 19:37:28 Currently monitoring 1 HTCondor log file(s)
07/14/26 19:37:28 Event: ULOG_JOB_TERMINATED for HTCondor Node apply (9401730.423.0) {07/14/26 19:37:24}
07/14/26 19:37:28 Number of idle job procs: 0
07/14/26 19:37:28 Node apply job proc (9401730.423.0) completed successfully.
07/14/26 19:38:43 Currently monitoring 1 HTCondor log file(s)
07/14/26 19:38:43 Event: ULOG_JOB_TERMINATED for HTCondor Node apply (9401730.188.0) {07/14/26 19:38:40}
07/14/26 19:38:43 Number of idle job procs: 0
07/14/26 19:38:43 Node apply job proc (9401730.188.0) completed successfully.
07/14/26 19:39:59 Currently monitoring 1 HTCondor log file(s)
07/14/26 19:39:59 Event: ULOG_JOB_TERMINATED for HTCondor Node apply (9401730.100.0) {07/14/26 19:39:54}
07/14/26 19:39:59 Number of idle job procs: 0
07/14/26 19:39:59 Node apply job proc (9401730.100.0) completed successfully.
07/14/26 19:40:04 Currently monitoring 1 HTCondor log file(s)
07/14/26 19:40:04 Event: ULOG_JOB_TERMINATED for HTCondor Node apply (9401730.123.0) {07/14/26 19:40:03}
07/14/26 19:40:04 BAD EVENT: job (9401730.123.0) ended, total end count != 1 (2)
07/14/26 19:40:04 Continuing with DAG in spite of bad event (BAD EVENT: job (9401730.123.0) ended, total end count != 1 (2)) because of allow_events setting
07/14/26 19:41:39 Currently monitoring 1 HTCondor log file(s)
07/14/26 19:41:39 Event: ULOG_JOB_TERMINATED for HTCondor Node apply (9401730.400.0) {07/14/26 19:41:39}
07/14/26 19:41:39 Number of idle job procs: 0
07/14/26 19:41:39 Node apply job proc (9401730.400.0) completed successfully.
07/14/26 19:42:04 Currently monitoring 1 HTCondor log file(s)
07/14/26 19:42:04 Event: ULOG_JOB_TERMINATED for HTCondor Node apply (9401730.3.0) {07/14/26 19:42:00}
07/14/26 19:42:04 Number of idle job procs: 0
07/14/26 19:42:04 Node apply job proc (9401730.3.0) completed successfully.
07/14/26 19:42:04 Total jobs placed to AP: 500
07/14/26 19:42:04      Idle     Held     Running     Successful     Failed
07/14/26 19:42:04       ===      ===         ===            ===        ===
07/14/26 19:42:04         0        0          48            452          0
07/14/26 19:42:39 Currently monitoring 1 HTCondor log file(s)
07/14/26 19:42:39 Event: ULOG_JOB_TERMINATED for HTCondor Node apply (9401730.181.0) {07/14/26 19:42:37}
07/14/26 19:42:39 Number of idle job procs: 0
07/14/26 19:42:39 Node apply job proc (9401730.181.0) completed successfully.
07/14/26 19:42:59 Currently monitoring 1 HTCondor log file(s)
07/14/26 19:42:59 Event: ULOG_JOB_TERMINATED for HTCondor Node apply (9401730.124.0) {07/14/26 19:42:56}
07/14/26 19:42:59 Number of idle job procs: 0
07/14/26 19:42:59 Node apply job proc (9401730.124.0) completed successfully.
07/14/26 19:43:14 Currently monitoring 1 HTCondor log file(s)
07/14/26 19:43:14 Event: ULOG_JOB_TERMINATED for HTCondor Node apply (9401730.468.0) {07/14/26 19:43:13}
07/14/26 19:43:14 Number of idle job procs: 0
07/14/26 19:43:14 Node apply job proc (9401730.468.0) completed successfully.
07/14/26 19:49:09 Currently monitoring 1 HTCondor log file(s)
07/14/26 19:49:09 Event: ULOG_JOB_TERMINATED for HTCondor Node apply (9401730.313.0) {07/14/26 19:49:07}
07/14/26 19:49:09 Number of idle job procs: 0
07/14/26 19:49:09 Node apply job proc (9401730.313.0) completed successfully.
07/14/26 19:49:49 Currently monitoring 1 HTCondor log file(s)
07/14/26 19:49:49 Event: ULOG_JOB_TERMINATED for HTCondor Node apply (9401730.5.0) {07/14/26 19:49:46}
07/14/26 19:49:49 Number of idle job procs: 0
07/14/26 19:49:49 Node apply job proc (9401730.5.0) completed successfully.
07/14/26 19:50:59 Currently monitoring 1 HTCondor log file(s)
07/14/26 19:50:59 Event: ULOG_JOB_TERMINATED for HTCondor Node apply (9401730.200.0) {07/14/26 19:50:56}
07/14/26 19:50:59 Number of idle job procs: 0
07/14/26 19:50:59 Node apply job proc (9401730.200.0) completed successfully.
07/14/26 19:57:05 Total jobs placed to AP: 500
07/14/26 19:57:05      Idle     Held     Running     Successful     Failed
07/14/26 19:57:05       ===      ===         ===            ===        ===
07/14/26 19:57:05         0        0          42            458          0
07/14/26 19:57:10 Currently monitoring 1 HTCondor log file(s)
07/14/26 19:57:10 Event: ULOG_JOB_TERMINATED for HTCondor Node apply (9401730.201.0) {07/14/26 19:57:05}
07/14/26 19:57:10 Number of idle job procs: 0
07/14/26 19:57:10 Node apply job proc (9401730.201.0) completed successfully.
07/14/26 19:57:10 Event: ULOG_JOB_TERMINATED for HTCondor Node apply (9401730.0.0) {07/14/26 19:57:07}
07/14/26 19:57:10 Number of idle job procs: 0
07/14/26 19:57:10 Node apply job proc (9401730.0.0) completed successfully.
07/14/26 19:58:40 Currently monitoring 1 HTCondor log file(s)
07/14/26 19:58:40 Event: ULOG_JOB_TERMINATED for HTCondor Node apply (9401730.121.0) {07/14/26 19:58:39}
07/14/26 19:58:40 Number of idle job procs: 0
07/14/26 19:58:40 Node apply job proc (9401730.121.0) completed successfully.
07/14/26 20:01:10 Currently monitoring 1 HTCondor log file(s)
07/14/26 20:01:10 Event: ULOG_JOB_TERMINATED for HTCondor Node apply (9401730.1.0) {07/14/26 20:01:10}
07/14/26 20:01:10 Number of idle job procs: 0
07/14/26 20:01:10 Node apply job proc (9401730.1.0) completed successfully.
07/14/26 20:09:56 Currently monitoring 1 HTCondor log file(s)
07/14/26 20:09:56 Event: ULOG_JOB_TERMINATED for HTCondor Node apply (9401730.105.0) {07/14/26 20:09:52}
07/14/26 20:09:56 Number of idle job procs: 0
07/14/26 20:09:56 Node apply job proc (9401730.105.0) completed successfully.
07/14/26 20:10:16 Currently monitoring 1 HTCondor log file(s)
07/14/26 20:10:16 Event: ULOG_JOB_TERMINATED for HTCondor Node apply (9401730.328.0) {07/14/26 20:10:14}
07/14/26 20:10:16 Number of idle job procs: 0
07/14/26 20:10:16 Node apply job proc (9401730.328.0) completed successfully.
07/14/26 20:12:06 Total jobs placed to AP: 500
07/14/26 20:12:06      Idle     Held     Running     Successful     Failed
07/14/26 20:12:06       ===      ===         ===            ===        ===
07/14/26 20:12:06         0        0          36            464          0
07/14/26 20:20:17 601 seconds since last log event
07/14/26 20:20:17 Pending DAG nodes:
07/14/26 20:20:17   Node apply, HTCondor ID 9401730, status STATUS_SUBMITTED
07/14/26 20:21:22 Currently monitoring 1 HTCondor log file(s)
07/14/26 20:21:22 Event: ULOG_JOB_TERMINATED for HTCondor Node apply (9401730.305.0) {07/14/26 20:21:18}
07/14/26 20:21:22 Number of idle job procs: 0
07/14/26 20:21:22 Node apply job proc (9401730.305.0) completed successfully.
07/14/26 20:27:07 Total jobs placed to AP: 500
07/14/26 20:27:07      Idle     Held     Running     Successful     Failed
07/14/26 20:27:07       ===      ===         ===            ===        ===
07/14/26 20:27:07         0        0          35            465          0
07/14/26 20:31:23 601 seconds since last log event
07/14/26 20:31:23 Pending DAG nodes:
07/14/26 20:31:23   Node apply, HTCondor ID 9401730, status STATUS_SUBMITTED
07/14/26 20:31:53 Currently monitoring 1 HTCondor log file(s)
07/14/26 20:31:53 Event: ULOG_JOB_TERMINATED for HTCondor Node apply (9401730.217.0) {07/14/26 20:31:52}
07/14/26 20:31:53 Number of idle job procs: 0
07/14/26 20:31:53 Node apply job proc (9401730.217.0) completed successfully.
07/14/26 20:38:09 Currently monitoring 1 HTCondor log file(s)
07/14/26 20:38:09 Event: ULOG_JOB_TERMINATED for HTCondor Node apply (9401730.13.0) {07/14/26 20:38:07}
07/14/26 20:38:09 Number of idle job procs: 0
07/14/26 20:38:09 Node apply job proc (9401730.13.0) completed successfully.
07/14/26 20:39:59 Currently monitoring 1 HTCondor log file(s)
07/14/26 20:39:59 Event: ULOG_JOB_TERMINATED for HTCondor Node apply (9401730.14.0) {07/14/26 20:39:59}
07/14/26 20:39:59 Number of idle job procs: 0
07/14/26 20:39:59 Node apply job proc (9401730.14.0) completed successfully.
07/14/26 20:40:19 Currently monitoring 1 HTCondor log file(s)
07/14/26 20:40:19 Event: ULOG_JOB_TERMINATED for HTCondor Node apply (9401730.126.0) {07/14/26 20:40:16}
07/14/26 20:40:19 Number of idle job procs: 0
07/14/26 20:40:19 Node apply job proc (9401730.126.0) completed successfully.
07/14/26 20:41:29 Currently monitoring 1 HTCondor log file(s)
07/14/26 20:41:29 Event: ULOG_JOB_TERMINATED for HTCondor Node apply (9401730.481.0) {07/14/26 20:41:29}
07/14/26 20:41:29 Number of idle job procs: 0
07/14/26 20:41:30 Node apply job proc (9401730.481.0) completed successfully.
07/14/26 20:42:10 Currently monitoring 1 HTCondor log file(s)
07/14/26 20:42:10 Event: ULOG_JOB_TERMINATED for HTCondor Node apply (9401730.304.0) {07/14/26 20:42:05}
07/14/26 20:42:10 Number of idle job procs: 0
07/14/26 20:42:10 Node apply job proc (9401730.304.0) completed successfully.
07/14/26 20:42:10 Total jobs placed to AP: 500
07/14/26 20:42:10      Idle     Held     Running     Successful     Failed
07/14/26 20:42:10       ===      ===         ===            ===        ===
07/14/26 20:42:10         0        0          29            471          0
07/14/26 20:44:30 Currently monitoring 1 HTCondor log file(s)
07/14/26 20:44:30 Event: ULOG_JOB_TERMINATED for HTCondor Node apply (9401730.88.0) {07/14/26 20:44:28}
07/14/26 20:44:30 Number of idle job procs: 0
07/14/26 20:44:30 Node apply job proc (9401730.88.0) completed successfully.
07/14/26 20:45:05 Currently monitoring 1 HTCondor log file(s)
07/14/26 20:45:05 Event: ULOG_JOB_TERMINATED for HTCondor Node apply (9401730.462.0) {07/14/26 20:45:03}
07/14/26 20:45:05 Number of idle job procs: 0
07/14/26 20:45:05 Node apply job proc (9401730.462.0) completed successfully.
07/14/26 20:55:05 600 seconds since last log event
07/14/26 20:55:05 Pending DAG nodes:
07/14/26 20:55:05   Node apply, HTCondor ID 9401730, status STATUS_SUBMITTED
07/14/26 20:57:10 Currently monitoring 1 HTCondor log file(s)
07/14/26 20:57:10 Event: ULOG_JOB_TERMINATED for HTCondor Node apply (9401730.420.0) {07/14/26 20:57:06}
07/14/26 20:57:10 Number of idle job procs: 0
07/14/26 20:57:10 Node apply job proc (9401730.420.0) completed successfully.
07/14/26 20:57:10 Total jobs placed to AP: 500
07/14/26 20:57:10      Idle     Held     Running     Successful     Failed
07/14/26 20:57:10       ===      ===         ===            ===        ===
07/14/26 20:57:10         0        0          26            474          0
07/14/26 21:01:50 Currently monitoring 1 HTCondor log file(s)
07/14/26 21:01:50 Event: ULOG_JOB_TERMINATED for HTCondor Node apply (9401730.424.0) {07/14/26 21:01:50}
07/14/26 21:01:50 Number of idle job procs: 0
07/14/26 21:01:50 Node apply job proc (9401730.424.0) completed successfully.
07/14/26 21:02:00 Currently monitoring 1 HTCondor log file(s)
07/14/26 21:02:00 Event: ULOG_JOB_TERMINATED for HTCondor Node apply (9401730.323.0) {07/14/26 21:01:56}
07/14/26 21:02:00 Number of idle job procs: 0
07/14/26 21:02:00 Node apply job proc (9401730.323.0) completed successfully.
07/14/26 21:04:25 Currently monitoring 1 HTCondor log file(s)
07/14/26 21:04:25 Event: ULOG_JOB_TERMINATED for HTCondor Node apply (9401730.223.0) {07/14/26 21:04:21}
07/14/26 21:04:25 Number of idle job procs: 0
07/14/26 21:04:25 Node apply job proc (9401730.223.0) completed successfully.
07/14/26 21:05:10 Currently monitoring 1 HTCondor log file(s)
07/14/26 21:05:10 Event: ULOG_JOB_TERMINATED for HTCondor Node apply (9401730.226.0) {07/14/26 21:05:06}
07/14/26 21:05:10 Number of idle job procs: 0
07/14/26 21:05:10 Node apply job proc (9401730.226.0) completed successfully.
07/14/26 21:05:50 Currently monitoring 1 HTCondor log file(s)
07/14/26 21:05:50 Event: ULOG_JOB_TERMINATED for HTCondor Node apply (9401730.420.0) {07/14/26 21:05:47}
07/14/26 21:05:50 BAD EVENT: job (9401730.420.0) ended, total end count != 1 (2)
07/14/26 21:05:50 Continuing with DAG in spite of bad event (BAD EVENT: job (9401730.420.0) ended, total end count != 1 (2)) because of allow_events setting
07/14/26 21:09:36 Currently monitoring 1 HTCondor log file(s)
07/14/26 21:09:36 Event: ULOG_JOB_TERMINATED for HTCondor Node apply (9401730.228.0) {07/14/26 21:09:34}
07/14/26 21:09:36 Number of idle job procs: 0
07/14/26 21:09:36 Node apply job proc (9401730.228.0) completed successfully.
07/14/26 21:12:11 Total jobs placed to AP: 500
07/14/26 21:12:11      Idle     Held     Running     Successful     Failed
07/14/26 21:12:11       ===      ===         ===            ===        ===
07/14/26 21:12:11         0        0          21            479          0
07/14/26 21:19:36 600 seconds since last log event
07/14/26 21:19:36 Pending DAG nodes:
07/14/26 21:19:36   Node apply, HTCondor ID 9401730, status STATUS_SUBMITTED
07/14/26 21:27:12 Total jobs placed to AP: 500
07/14/26 21:27:12      Idle     Held     Running     Successful     Failed
07/14/26 21:27:12       ===      ===         ===            ===        ===
07/14/26 21:27:12         0        0          21            479          0
07/14/26 21:27:47 Currently monitoring 1 HTCondor log file(s)
07/14/26 21:27:47 Event: ULOG_JOB_TERMINATED for HTCondor Node apply (9401730.488.0) {07/14/26 21:27:43}
07/14/26 21:27:47 Number of idle job procs: 0
07/14/26 21:27:47 Node apply job proc (9401730.488.0) completed successfully.
07/14/26 21:29:37 Currently monitoring 1 HTCondor log file(s)
07/14/26 21:29:37 Event: ULOG_JOB_TERMINATED for HTCondor Node apply (9401730.162.0) {07/14/26 21:29:34}
07/14/26 21:29:37 Number of idle job procs: 0
07/14/26 21:29:37 Node apply job proc (9401730.162.0) completed successfully.
07/14/26 21:39:08 Currently monitoring 1 HTCondor log file(s)
07/14/26 21:39:08 Event: ULOG_JOB_TERMINATED for HTCondor Node apply (9401730.362.0) {07/14/26 21:39:05}
07/14/26 21:39:08 Number of idle job procs: 0
07/14/26 21:39:08 Node apply job proc (9401730.362.0) completed successfully.
07/14/26 21:42:13 Total jobs placed to AP: 500
07/14/26 21:42:13      Idle     Held     Running     Successful     Failed
07/14/26 21:42:13       ===      ===         ===            ===        ===
07/14/26 21:42:13         0        0          18            482          0
07/14/26 21:49:08 600 seconds since last log event
07/14/26 21:49:08 Pending DAG nodes:
07/14/26 21:49:08   Node apply, HTCondor ID 9401730, status STATUS_SUBMITTED
07/14/26 21:50:23 Currently monitoring 1 HTCondor log file(s)
07/14/26 21:50:23 Event: ULOG_JOB_TERMINATED for HTCondor Node apply (9401730.125.0) {07/14/26 21:50:19}
07/14/26 21:50:23 Number of idle job procs: 0
07/14/26 21:50:23 Node apply job proc (9401730.125.0) completed successfully.
07/14/26 21:52:58 Currently monitoring 1 HTCondor log file(s)
07/14/26 21:52:58 Event: ULOG_JOB_TERMINATED for HTCondor Node apply (9401730.262.0) {07/14/26 21:52:54}
07/14/26 21:52:58 Number of idle job procs: 0
07/14/26 21:52:58 Node apply job proc (9401730.262.0) completed successfully.
07/14/26 21:57:14 Total jobs placed to AP: 500
07/14/26 21:57:14      Idle     Held     Running     Successful     Failed
07/14/26 21:57:14       ===      ===         ===            ===        ===
07/14/26 21:57:14         0        0          16            484          0
07/14/26 22:02:59 601 seconds since last log event
07/14/26 22:02:59 Pending DAG nodes:
07/14/26 22:02:59   Node apply, HTCondor ID 9401730, status STATUS_SUBMITTED
07/14/26 22:12:15 Total jobs placed to AP: 500
07/14/26 22:12:15      Idle     Held     Running     Successful     Failed
07/14/26 22:12:15       ===      ===         ===            ===        ===
07/14/26 22:12:15         0        0          16            484          0
07/14/26 22:13:00 1202 seconds since last log event
07/14/26 22:13:00 Pending DAG nodes:
07/14/26 22:13:00   Node apply, HTCondor ID 9401730, status STATUS_SUBMITTED
07/14/26 22:14:00 Currently monitoring 1 HTCondor log file(s)
07/14/26 22:14:00 Event: ULOG_JOB_TERMINATED for HTCondor Node apply (9401730.62.0) {07/14/26 22:13:57}
07/14/26 22:14:00 Number of idle job procs: 0
07/14/26 22:14:00 Node apply job proc (9401730.62.0) completed successfully.
07/14/26 22:19:35 Currently monitoring 1 HTCondor log file(s)
07/14/26 22:19:35 Event: ULOG_JOB_TERMINATED for HTCondor Node apply (9401730.23.0) {07/14/26 22:19:32}
07/14/26 22:19:35 Number of idle job procs: 0
07/14/26 22:19:35 Node apply job proc (9401730.23.0) completed successfully.
07/14/26 22:27:16 Total jobs placed to AP: 500
07/14/26 22:27:16      Idle     Held     Running     Successful     Failed
07/14/26 22:27:16       ===      ===         ===            ===        ===
07/14/26 22:27:16         0        0          14            486          0
07/14/26 22:28:41 Currently monitoring 1 HTCondor log file(s)
07/14/26 22:28:41 Event: ULOG_JOB_TERMINATED for HTCondor Node apply (9401730.320.0) {07/14/26 22:28:38}
07/14/26 22:28:41 Number of idle job procs: 0
07/14/26 22:28:41 Node apply job proc (9401730.320.0) completed successfully.
07/14/26 22:31:46 Currently monitoring 1 HTCondor log file(s)
07/14/26 22:31:46 Event: ULOG_JOB_TERMINATED for HTCondor Node apply (9401730.324.0) {07/14/26 22:31:43}
07/14/26 22:31:46 Number of idle job procs: 0
07/14/26 22:31:46 Node apply job proc (9401730.324.0) completed successfully.
07/14/26 22:35:26 Currently monitoring 1 HTCondor log file(s)
07/14/26 22:35:26 Event: ULOG_JOB_TERMINATED for HTCondor Node apply (9401730.24.0) {07/14/26 22:35:23}
07/14/26 22:35:26 Number of idle job procs: 0
07/14/26 22:35:26 Node apply job proc (9401730.24.0) completed successfully.
07/14/26 22:42:17 Total jobs placed to AP: 500
07/14/26 22:42:17      Idle     Held     Running     Successful     Failed
07/14/26 22:42:17       ===      ===         ===            ===        ===
07/14/26 22:42:17         0        0          11            489          0
07/14/26 22:45:27 601 seconds since last log event
07/14/26 22:45:27 Pending DAG nodes:
07/14/26 22:45:27   Node apply, HTCondor ID 9401730, status STATUS_SUBMITTED
07/14/26 22:55:28 1202 seconds since last log event
07/14/26 22:55:28 Pending DAG nodes:
07/14/26 22:55:28   Node apply, HTCondor ID 9401730, status STATUS_SUBMITTED
07/14/26 22:57:18 Total jobs placed to AP: 500
07/14/26 22:57:18      Idle     Held     Running     Successful     Failed
07/14/26 22:57:18       ===      ===         ===            ===        ===
07/14/26 22:57:18         0        0          11            489          0
07/14/26 23:05:28 1802 seconds since last log event
07/14/26 23:05:28 Pending DAG nodes:
07/14/26 23:05:28   Node apply, HTCondor ID 9401730, status STATUS_SUBMITTED
07/14/26 23:12:19 Total jobs placed to AP: 500
07/14/26 23:12:19      Idle     Held     Running     Successful     Failed
07/14/26 23:12:19       ===      ===         ===            ===        ===
07/14/26 23:12:19         0        0          11            489          0
07/14/26 23:13:44 Currently monitoring 1 HTCondor log file(s)
07/14/26 23:13:44 Event: ULOG_JOB_TERMINATED for HTCondor Node apply (9401730.22.0) {07/14/26 23:13:40}
07/14/26 23:13:44 Number of idle job procs: 0
07/14/26 23:13:44 Node apply job proc (9401730.22.0) completed successfully.
07/14/26 23:23:44 600 seconds since last log event
07/14/26 23:23:44 Pending DAG nodes:
07/14/26 23:23:44   Node apply, HTCondor ID 9401730, status STATUS_SUBMITTED
07/14/26 23:27:20 Total jobs placed to AP: 500
07/14/26 23:27:20      Idle     Held     Running     Successful     Failed
07/14/26 23:27:20       ===      ===         ===            ===        ===
07/14/26 23:27:20         0        0          10            490          0
07/14/26 23:33:45 1201 seconds since last log event
07/14/26 23:33:45 Pending DAG nodes:
07/14/26 23:33:45   Node apply, HTCondor ID 9401730, status STATUS_SUBMITTED
07/14/26 23:42:21 Total jobs placed to AP: 500
07/14/26 23:42:21      Idle     Held     Running     Successful     Failed
07/14/26 23:42:21       ===      ===         ===            ===        ===
07/14/26 23:42:21         0        0          10            490          0
07/14/26 23:43:46 1802 seconds since last log event
07/14/26 23:43:46 Pending DAG nodes:
07/14/26 23:43:46   Node apply, HTCondor ID 9401730, status STATUS_SUBMITTED
07/14/26 23:53:46 2402 seconds since last log event
07/14/26 23:53:46 Pending DAG nodes:
07/14/26 23:53:46   Node apply, HTCondor ID 9401730, status STATUS_SUBMITTED
07/14/26 23:56:31 Currently monitoring 1 HTCondor log file(s)
07/14/26 23:56:31 Event: ULOG_JOB_TERMINATED for HTCondor Node apply (9401730.222.0) {07/14/26 23:56:28}
07/14/26 23:56:31 Number of idle job procs: 0
07/14/26 23:56:31 Node apply job proc (9401730.222.0) completed successfully.
07/14/26 23:57:22 Total jobs placed to AP: 500
07/14/26 23:57:22      Idle     Held     Running     Successful     Failed
07/14/26 23:57:22       ===      ===         ===            ===        ===
07/14/26 23:57:22         0        0           9            491          0
07/15/26 00:06:32 601 seconds since last log event
07/15/26 00:06:32 Pending DAG nodes:
07/15/26 00:06:32   Node apply, HTCondor ID 9401730, status STATUS_SUBMITTED
07/15/26 00:12:22 Total jobs placed to AP: 500
07/15/26 00:12:22      Idle     Held     Running     Successful     Failed
07/15/26 00:12:22       ===      ===         ===            ===        ===
07/15/26 00:12:22         0        0           9            491          0
07/15/26 00:16:33 1202 seconds since last log event
07/15/26 00:16:33 Pending DAG nodes:
07/15/26 00:16:33   Node apply, HTCondor ID 9401730, status STATUS_SUBMITTED
07/15/26 00:26:33 1802 seconds since last log event
07/15/26 00:26:33 Pending DAG nodes:
07/15/26 00:26:33   Node apply, HTCondor ID 9401730, status STATUS_SUBMITTED
07/15/26 00:27:23 Total jobs placed to AP: 500
07/15/26 00:27:23      Idle     Held     Running     Successful     Failed
07/15/26 00:27:23       ===      ===         ===            ===        ===
07/15/26 00:27:23         0        0           9            491          0
07/15/26 00:36:34 2403 seconds since last log event
07/15/26 00:36:34 Pending DAG nodes:
07/15/26 00:36:34   Node apply, HTCondor ID 9401730, status STATUS_SUBMITTED
07/15/26 00:42:24 Total jobs placed to AP: 500
07/15/26 00:42:24      Idle     Held     Running     Successful     Failed
07/15/26 00:42:24       ===      ===         ===            ===        ===
07/15/26 00:42:24         0        0           9            491          0
07/15/26 00:46:35 3004 seconds since last log event
07/15/26 00:46:35 Pending DAG nodes:
07/15/26 00:46:35   Node apply, HTCondor ID 9401730, status STATUS_SUBMITTED
07/15/26 00:56:35 3604 seconds since last log event
07/15/26 00:56:35 Pending DAG nodes:
07/15/26 00:56:35   Node apply, HTCondor ID 9401730, status STATUS_SUBMITTED
07/15/26 00:57:25 Total jobs placed to AP: 500
07/15/26 00:57:25      Idle     Held     Running     Successful     Failed
07/15/26 00:57:25       ===      ===         ===            ===        ===
07/15/26 00:57:25         0        0           9            491          0
07/15/26 01:06:36 4205 seconds since last log event
07/15/26 01:06:36 Pending DAG nodes:
07/15/26 01:06:36   Node apply, HTCondor ID 9401730, status STATUS_SUBMITTED
07/15/26 01:12:26 Total jobs placed to AP: 500
07/15/26 01:12:26      Idle     Held     Running     Successful     Failed
07/15/26 01:12:26       ===      ===         ===            ===        ===
07/15/26 01:12:26         0        0           9            491          0
07/15/26 01:16:36 4805 seconds since last log event
07/15/26 01:16:36 Pending DAG nodes:
07/15/26 01:16:36   Node apply, HTCondor ID 9401730, status STATUS_SUBMITTED
07/15/26 01:26:37 5406 seconds since last log event
07/15/26 01:26:37 Pending DAG nodes:
07/15/26 01:26:37   Node apply, HTCondor ID 9401730, status STATUS_SUBMITTED
07/15/26 01:27:27 Total jobs placed to AP: 500
07/15/26 01:27:27      Idle     Held     Running     Successful     Failed
07/15/26 01:27:27       ===      ===         ===            ===        ===
07/15/26 01:27:27         0        0           9            491          0
07/15/26 01:36:37 6006 seconds since last log event
07/15/26 01:36:37 Pending DAG nodes:
07/15/26 01:36:37   Node apply, HTCondor ID 9401730, status STATUS_SUBMITTED
07/15/26 01:42:27 Total jobs placed to AP: 500
07/15/26 01:42:27      Idle     Held     Running     Successful     Failed
07/15/26 01:42:27       ===      ===         ===            ===        ===
07/15/26 01:42:27         0        0           9            491          0
07/15/26 01:46:37 6606 seconds since last log event
07/15/26 01:46:37 Pending DAG nodes:
07/15/26 01:46:37   Node apply, HTCondor ID 9401730, status STATUS_SUBMITTED
07/15/26 01:56:38 7207 seconds since last log event
07/15/26 01:56:38 Pending DAG nodes:
07/15/26 01:56:38   Node apply, HTCondor ID 9401730, status STATUS_SUBMITTED
07/15/26 01:57:28 Total jobs placed to AP: 500
07/15/26 01:57:28      Idle     Held     Running     Successful     Failed
07/15/26 01:57:28       ===      ===         ===            ===        ===
07/15/26 01:57:28         0        0           9            491          0
07/15/26 02:06:09 Currently monitoring 1 HTCondor log file(s)
07/15/26 02:06:09 Event: ULOG_JOB_TERMINATED for HTCondor Node apply (9401730.224.0) {07/15/26 02:06:05}
07/15/26 02:06:09 Number of idle job procs: 0
07/15/26 02:06:09 Node apply job proc (9401730.224.0) completed successfully.
07/15/26 02:06:24 Currently monitoring 1 HTCondor log file(s)
07/15/26 02:06:24 Event: ULOG_JOB_TERMINATED for HTCondor Node apply (9401730.25.0) {07/15/26 02:06:19}
07/15/26 02:06:24 Number of idle job procs: 0
07/15/26 02:06:24 Node apply job proc (9401730.25.0) completed successfully.
07/15/26 02:12:29 Total jobs placed to AP: 500
07/15/26 02:12:29      Idle     Held     Running     Successful     Failed
07/15/26 02:12:29       ===      ===         ===            ===        ===
07/15/26 02:12:29         0        0           7            493          0
07/15/26 02:16:24 600 seconds since last log event
07/15/26 02:16:24 Pending DAG nodes:
07/15/26 02:16:24   Node apply, HTCondor ID 9401730, status STATUS_SUBMITTED
07/15/26 02:26:25 1201 seconds since last log event
07/15/26 02:26:25 Pending DAG nodes:
07/15/26 02:26:25   Node apply, HTCondor ID 9401730, status STATUS_SUBMITTED
07/15/26 02:27:30 Total jobs placed to AP: 500
07/15/26 02:27:30      Idle     Held     Running     Successful     Failed
07/15/26 02:27:30       ===      ===         ===            ===        ===
07/15/26 02:27:30         0        0           7            493          0
07/15/26 02:36:26 1802 seconds since last log event
07/15/26 02:36:26 Pending DAG nodes:
07/15/26 02:36:26   Node apply, HTCondor ID 9401730, status STATUS_SUBMITTED
07/15/26 02:42:31 Total jobs placed to AP: 500
07/15/26 02:42:31      Idle     Held     Running     Successful     Failed
07/15/26 02:42:31       ===      ===         ===            ===        ===
07/15/26 02:42:31         0        0           7            493          0
07/15/26 02:46:26 2402 seconds since last log event
07/15/26 02:46:26 Pending DAG nodes:
07/15/26 02:46:26   Node apply, HTCondor ID 9401730, status STATUS_SUBMITTED
07/15/26 02:56:27 3003 seconds since last log event
07/15/26 02:56:27 Pending DAG nodes:
07/15/26 02:56:27   Node apply, HTCondor ID 9401730, status STATUS_SUBMITTED
07/15/26 02:57:32 Total jobs placed to AP: 500
07/15/26 02:57:32      Idle     Held     Running     Successful     Failed
07/15/26 02:57:32       ===      ===         ===            ===        ===
07/15/26 02:57:32         0        0           7            493          0
07/15/26 03:06:27 3603 seconds since last log event
07/15/26 03:06:27 Pending DAG nodes:
07/15/26 03:06:27   Node apply, HTCondor ID 9401730, status STATUS_SUBMITTED
07/15/26 03:09:43 Currently monitoring 1 HTCondor log file(s)
07/15/26 03:09:43 Event: ULOG_JOB_TERMINATED for HTCondor Node apply (9401730.425.0) {07/15/26 03:09:39}
07/15/26 03:09:43 Number of idle job procs: 0
07/15/26 03:09:43 Node apply job proc (9401730.425.0) completed successfully.
07/15/26 03:12:33 Total jobs placed to AP: 500
07/15/26 03:12:33      Idle     Held     Running     Successful     Failed
07/15/26 03:12:33       ===      ===         ===            ===        ===
07/15/26 03:12:33         0        0           6            494          0
07/15/26 03:15:58 Currently monitoring 1 HTCondor log file(s)
07/15/26 03:15:58 Event: ULOG_JOB_TERMINATED for HTCondor Node apply (9401730.422.0) {07/15/26 03:15:53}
07/15/26 03:15:58 Number of idle job procs: 0
07/15/26 03:15:58 Node apply job proc (9401730.422.0) completed successfully.
07/15/26 03:25:59 601 seconds since last log event
07/15/26 03:25:59 Pending DAG nodes:
07/15/26 03:25:59   Node apply, HTCondor ID 9401730, status STATUS_SUBMITTED
07/15/26 03:27:19 Currently monitoring 1 HTCondor log file(s)
07/15/26 03:27:19 Event: ULOG_JOB_TERMINATED for HTCondor Node apply (9401730.225.0) {07/15/26 03:27:16}
07/15/26 03:27:19 Number of idle job procs: 0
07/15/26 03:27:19 Node apply job proc (9401730.225.0) completed successfully.
07/15/26 03:27:34 Total jobs placed to AP: 500
07/15/26 03:27:34      Idle     Held     Running     Successful     Failed
07/15/26 03:27:34       ===      ===         ===            ===        ===
07/15/26 03:27:34         0        0           4            496          0
07/15/26 03:37:19 600 seconds since last log event
07/15/26 03:37:19 Pending DAG nodes:
07/15/26 03:37:19   Node apply, HTCondor ID 9401730, status STATUS_SUBMITTED
07/15/26 03:42:34 Total jobs placed to AP: 500
07/15/26 03:42:34      Idle     Held     Running     Successful     Failed
07/15/26 03:42:34       ===      ===         ===            ===        ===
07/15/26 03:42:34         0        0           4            496          0
07/15/26 03:47:19 1200 seconds since last log event
07/15/26 03:47:19 Pending DAG nodes:
07/15/26 03:47:19   Node apply, HTCondor ID 9401730, status STATUS_SUBMITTED
07/15/26 03:57:20 1801 seconds since last log event
07/15/26 03:57:20 Pending DAG nodes:
07/15/26 03:57:20   Node apply, HTCondor ID 9401730, status STATUS_SUBMITTED
07/15/26 03:57:35 Total jobs placed to AP: 500
07/15/26 03:57:35      Idle     Held     Running     Successful     Failed
07/15/26 03:57:35       ===      ===         ===            ===        ===
07/15/26 03:57:35         0        0           4            496          0
07/15/26 04:07:20 2401 seconds since last log event
07/15/26 04:07:20 Pending DAG nodes:
07/15/26 04:07:20   Node apply, HTCondor ID 9401730, status STATUS_SUBMITTED
07/15/26 04:12:36 Total jobs placed to AP: 500
07/15/26 04:12:36      Idle     Held     Running     Successful     Failed
07/15/26 04:12:36       ===      ===         ===            ===        ===
07/15/26 04:12:36         0        0           4            496          0
07/15/26 04:17:21 3002 seconds since last log event
07/15/26 04:17:21 Pending DAG nodes:
07/15/26 04:17:21   Node apply, HTCondor ID 9401730, status STATUS_SUBMITTED
07/15/26 04:27:21 3602 seconds since last log event
07/15/26 04:27:21 Pending DAG nodes:
07/15/26 04:27:21   Node apply, HTCondor ID 9401730, status STATUS_SUBMITTED
07/15/26 04:27:36 Total jobs placed to AP: 500
07/15/26 04:27:36      Idle     Held     Running     Successful     Failed
07/15/26 04:27:36       ===      ===         ===            ===        ===
07/15/26 04:27:36         0        0           4            496          0
07/15/26 04:37:22 4203 seconds since last log event
07/15/26 04:37:22 Pending DAG nodes:
07/15/26 04:37:22   Node apply, HTCondor ID 9401730, status STATUS_SUBMITTED
07/15/26 04:42:37 Total jobs placed to AP: 500
07/15/26 04:42:37      Idle     Held     Running     Successful     Failed
07/15/26 04:42:37       ===      ===         ===            ===        ===
07/15/26 04:42:37         0        0           4            496          0
07/15/26 04:47:23 4804 seconds since last log event
07/15/26 04:47:23 Pending DAG nodes:
07/15/26 04:47:23   Node apply, HTCondor ID 9401730, status STATUS_SUBMITTED
07/15/26 04:57:23 5404 seconds since last log event
07/15/26 04:57:23 Pending DAG nodes:
07/15/26 04:57:23   Node apply, HTCondor ID 9401730, status STATUS_SUBMITTED
07/15/26 04:57:38 Total jobs placed to AP: 500
07/15/26 04:57:38      Idle     Held     Running     Successful     Failed
07/15/26 04:57:38       ===      ===         ===            ===        ===
07/15/26 04:57:38         0        0           4            496          0
07/15/26 05:02:39 Currently monitoring 1 HTCondor log file(s)
07/15/26 05:02:39 Event: ULOG_JOB_TERMINATED for HTCondor Node apply (9401730.122.0) {07/15/26 05:02:36}
07/15/26 05:02:39 Number of idle job procs: 0
07/15/26 05:02:39 Node apply job proc (9401730.122.0) completed successfully.
07/15/26 05:12:39 600 seconds since last log event
07/15/26 05:12:39 Pending DAG nodes:
07/15/26 05:12:39   Node apply, HTCondor ID 9401730, status STATUS_SUBMITTED
07/15/26 05:12:39 Total jobs placed to AP: 500
07/15/26 05:12:39      Idle     Held     Running     Successful     Failed
07/15/26 05:12:39       ===      ===         ===            ===        ===
07/15/26 05:12:39         0        0           3            497          0
07/15/26 05:22:39 1200 seconds since last log event
07/15/26 05:22:39 Pending DAG nodes:
07/15/26 05:22:39   Node apply, HTCondor ID 9401730, status STATUS_SUBMITTED
07/15/26 05:27:39 Total jobs placed to AP: 500
07/15/26 05:27:39      Idle     Held     Running     Successful     Failed
07/15/26 05:27:39       ===      ===         ===            ===        ===
07/15/26 05:27:39         0        0           3            497          0
07/15/26 05:32:39 1800 seconds since last log event
07/15/26 05:32:39 Pending DAG nodes:
07/15/26 05:32:39   Node apply, HTCondor ID 9401730, status STATUS_SUBMITTED
07/15/26 05:42:39 2400 seconds since last log event
07/15/26 05:42:39 Pending DAG nodes:
07/15/26 05:42:39   Node apply, HTCondor ID 9401730, status STATUS_SUBMITTED
07/15/26 05:42:39 Total jobs placed to AP: 500
07/15/26 05:42:39      Idle     Held     Running     Successful     Failed
07/15/26 05:42:39       ===      ===         ===            ===        ===
07/15/26 05:42:39         0        0           3            497          0
07/15/26 05:52:40 3001 seconds since last log event
07/15/26 05:52:40 Pending DAG nodes:
07/15/26 05:52:40   Node apply, HTCondor ID 9401730, status STATUS_SUBMITTED
07/15/26 05:57:40 Total jobs placed to AP: 500
07/15/26 05:57:40      Idle     Held     Running     Successful     Failed
07/15/26 05:57:40       ===      ===         ===            ===        ===
07/15/26 05:57:40         0        0           3            497          0
07/15/26 06:02:40 3601 seconds since last log event
07/15/26 06:02:40 Pending DAG nodes:
07/15/26 06:02:40   Node apply, HTCondor ID 9401730, status STATUS_SUBMITTED
07/15/26 06:12:41 4202 seconds since last log event
07/15/26 06:12:41 Pending DAG nodes:
07/15/26 06:12:41   Node apply, HTCondor ID 9401730, status STATUS_SUBMITTED
07/15/26 06:12:41 Total jobs placed to AP: 500
07/15/26 06:12:41      Idle     Held     Running     Successful     Failed
07/15/26 06:12:41       ===      ===         ===            ===        ===
07/15/26 06:12:41         0        0           3            497          0
07/15/26 06:22:42 4803 seconds since last log event
07/15/26 06:22:42 Pending DAG nodes:
07/15/26 06:22:42   Node apply, HTCondor ID 9401730, status STATUS_SUBMITTED
07/15/26 06:27:42 Total jobs placed to AP: 500
07/15/26 06:27:42      Idle     Held     Running     Successful     Failed
07/15/26 06:27:42       ===      ===         ===            ===        ===
07/15/26 06:27:42         0        0           3            497          0
07/15/26 06:32:42 5403 seconds since last log event
07/15/26 06:32:42 Pending DAG nodes:
07/15/26 06:32:42   Node apply, HTCondor ID 9401730, status STATUS_SUBMITTED
07/15/26 06:42:43 6004 seconds since last log event
07/15/26 06:42:43 Pending DAG nodes:
07/15/26 06:42:43   Node apply, HTCondor ID 9401730, status STATUS_SUBMITTED
07/15/26 06:42:43 Total jobs placed to AP: 500
07/15/26 06:42:43      Idle     Held     Running     Successful     Failed
07/15/26 06:42:43       ===      ===         ===            ===        ===
07/15/26 06:42:43         0        0           3            497          0
07/15/26 06:51:43 Currently monitoring 1 HTCondor log file(s)
07/15/26 06:51:43 Event: ULOG_JOB_TERMINATED for HTCondor Node apply (9401730.325.0) {07/15/26 06:51:41}
07/15/26 06:51:43 Number of idle job procs: 0
07/15/26 06:51:44 Node apply job proc (9401730.325.0) completed successfully.
07/15/26 06:57:44 Total jobs placed to AP: 500
07/15/26 06:57:44      Idle     Held     Running     Successful     Failed
07/15/26 06:57:44       ===      ===         ===            ===        ===
07/15/26 06:57:44         0        0           2            498          0
07/15/26 06:59:49 Currently monitoring 1 HTCondor log file(s)
07/15/26 06:59:49 Event: ULOG_JOB_TERMINATED for HTCondor Node apply (9401730.322.0) {07/15/26 06:59:49}
07/15/26 06:59:49 Number of idle job procs: 0
07/15/26 06:59:49 Node apply job proc (9401730.322.0) completed successfully.
07/15/26 07:09:50 601 seconds since last log event
07/15/26 07:09:50 Pending DAG nodes:
07/15/26 07:09:50   Node apply, HTCondor ID 9401730, status STATUS_SUBMITTED
07/15/26 07:12:45 Total jobs placed to AP: 500
07/15/26 07:12:45      Idle     Held     Running     Successful     Failed
07/15/26 07:12:45       ===      ===         ===            ===        ===
07/15/26 07:12:45         0        0           1            499          0
07/15/26 07:19:50 1201 seconds since last log event
07/15/26 07:19:50 Pending DAG nodes:
07/15/26 07:19:50   Node apply, HTCondor ID 9401730, status STATUS_SUBMITTED
07/15/26 07:27:46 Total jobs placed to AP: 500
07/15/26 07:27:46      Idle     Held     Running     Successful     Failed
07/15/26 07:27:46       ===      ===         ===            ===        ===
07/15/26 07:27:46         0        0           1            499          0
07/15/26 07:29:51 1802 seconds since last log event
07/15/26 07:29:51 Pending DAG nodes:
07/15/26 07:29:51   Node apply, HTCondor ID 9401730, status STATUS_SUBMITTED
07/15/26 07:39:52 2403 seconds since last log event
07/15/26 07:39:52 Pending DAG nodes:
07/15/26 07:39:52   Node apply, HTCondor ID 9401730, status STATUS_SUBMITTED
07/15/26 07:42:47 Total jobs placed to AP: 500
07/15/26 07:42:47      Idle     Held     Running     Successful     Failed
07/15/26 07:42:47       ===      ===         ===            ===        ===
07/15/26 07:42:47         0        0           1            499          0
07/15/26 07:49:52 3003 seconds since last log event
07/15/26 07:49:52 Pending DAG nodes:
07/15/26 07:49:52   Node apply, HTCondor ID 9401730, status STATUS_SUBMITTED
07/15/26 07:57:48 Total jobs placed to AP: 500
07/15/26 07:57:48      Idle     Held     Running     Successful     Failed
07/15/26 07:57:48       ===      ===         ===            ===        ===
07/15/26 07:57:48         0        0           1            499          0
07/15/26 07:59:53 3604 seconds since last log event
07/15/26 07:59:53 Pending DAG nodes:
07/15/26 07:59:53   Node apply, HTCondor ID 9401730, status STATUS_SUBMITTED
07/15/26 08:09:53 4204 seconds since last log event
07/15/26 08:09:53 Pending DAG nodes:
07/15/26 08:09:53   Node apply, HTCondor ID 9401730, status STATUS_SUBMITTED
07/15/26 08:12:48 Total jobs placed to AP: 500
07/15/26 08:12:48      Idle     Held     Running     Successful     Failed
07/15/26 08:12:48       ===      ===         ===            ===        ===
07/15/26 08:12:48         0        0           1            499          0
07/15/26 08:19:53 4804 seconds since last log event
07/15/26 08:19:53 Pending DAG nodes:
07/15/26 08:19:53   Node apply, HTCondor ID 9401730, status STATUS_SUBMITTED
07/15/26 08:27:49 Total jobs placed to AP: 500
07/15/26 08:27:49      Idle     Held     Running     Successful     Failed
07/15/26 08:27:49       ===      ===         ===            ===        ===
07/15/26 08:27:49         0        0           1            499          0
07/15/26 08:29:54 5405 seconds since last log event
07/15/26 08:29:54 Pending DAG nodes:
07/15/26 08:29:54   Node apply, HTCondor ID 9401730, status STATUS_SUBMITTED
07/15/26 08:39:54 6005 seconds since last log event
07/15/26 08:39:54 Pending DAG nodes:
07/15/26 08:39:54   Node apply, HTCondor ID 9401730, status STATUS_SUBMITTED
07/15/26 08:42:50 Total jobs placed to AP: 500
07/15/26 08:42:50      Idle     Held     Running     Successful     Failed
07/15/26 08:42:50       ===      ===         ===            ===        ===
07/15/26 08:42:50         0        0           1            499          0
07/15/26 08:49:55 6606 seconds since last log event
07/15/26 08:49:55 Pending DAG nodes:
07/15/26 08:49:55   Node apply, HTCondor ID 9401730, status STATUS_SUBMITTED
07/15/26 08:57:50 Total jobs placed to AP: 500
07/15/26 08:57:50      Idle     Held     Running     Successful     Failed
07/15/26 08:57:50       ===      ===         ===            ===        ===
07/15/26 08:57:50         0        0           1            499          0
07/15/26 08:59:56 7207 seconds since last log event
07/15/26 08:59:56 Pending DAG nodes:
07/15/26 08:59:56   Node apply, HTCondor ID 9401730, status STATUS_SUBMITTED
07/15/26 09:09:56 7807 seconds since last log event
07/15/26 09:09:56 Pending DAG nodes:
07/15/26 09:09:56   Node apply, HTCondor ID 9401730, status STATUS_SUBMITTED
07/15/26 09:12:51 Total jobs placed to AP: 500
07/15/26 09:12:51      Idle     Held     Running     Successful     Failed
07/15/26 09:12:51       ===      ===         ===            ===        ===
07/15/26 09:12:51         0        0           1            499          0
07/15/26 09:19:57 8408 seconds since last log event
07/15/26 09:19:57 Pending DAG nodes:
07/15/26 09:19:57   Node apply, HTCondor ID 9401730, status STATUS_SUBMITTED
07/15/26 09:27:52 Total jobs placed to AP: 500
07/15/26 09:27:52      Idle     Held     Running     Successful     Failed
07/15/26 09:27:52       ===      ===         ===            ===        ===
07/15/26 09:27:52         0        0           1            499          0
07/15/26 09:29:58 9009 seconds since last log event
07/15/26 09:29:58 Pending DAG nodes:
07/15/26 09:29:58   Node apply, HTCondor ID 9401730, status STATUS_SUBMITTED
07/15/26 09:39:58 9609 seconds since last log event
07/15/26 09:39:58 Pending DAG nodes:
07/15/26 09:39:58   Node apply, HTCondor ID 9401730, status STATUS_SUBMITTED
07/15/26 09:42:53 Total jobs placed to AP: 500
07/15/26 09:42:53      Idle     Held     Running     Successful     Failed
07/15/26 09:42:53       ===      ===         ===            ===        ===
07/15/26 09:42:53         0        0           1            499          0
07/15/26 09:49:59 10210 seconds since last log event
07/15/26 09:49:59 Pending DAG nodes:
07/15/26 09:49:59   Node apply, HTCondor ID 9401730, status STATUS_SUBMITTED
07/15/26 09:57:54 Total jobs placed to AP: 500
07/15/26 09:57:54      Idle     Held     Running     Successful     Failed
07/15/26 09:57:54       ===      ===         ===            ===        ===
07/15/26 09:57:54         0        0           1            499          0
07/15/26 09:59:59 10810 seconds since last log event
07/15/26 09:59:59 Pending DAG nodes:
07/15/26 09:59:59   Node apply, HTCondor ID 9401730, status STATUS_SUBMITTED
07/15/26 10:10:00 11411 seconds since last log event
07/15/26 10:10:00 Pending DAG nodes:
07/15/26 10:10:00   Node apply, HTCondor ID 9401730, status STATUS_SUBMITTED
07/15/26 10:12:55 Total jobs placed to AP: 500
07/15/26 10:12:55      Idle     Held     Running     Successful     Failed
07/15/26 10:12:55       ===      ===         ===            ===        ===
07/15/26 10:12:55         0        0           1            499          0
07/15/26 10:20:01 12012 seconds since last log event
07/15/26 10:20:01 Pending DAG nodes:
07/15/26 10:20:01   Node apply, HTCondor ID 9401730, status STATUS_SUBMITTED
07/15/26 10:27:56 Total jobs placed to AP: 500
07/15/26 10:27:56      Idle     Held     Running     Successful     Failed
07/15/26 10:27:56       ===      ===         ===            ===        ===
07/15/26 10:27:56         0        0           1            499          0
07/15/26 10:30:39 ******************************************************
07/15/26 10:30:39 ** condor_scheduniv_exec.9401729.0 (CONDOR_DAGMAN) STARTING UP
07/15/26 10:30:39 ** /usr/bin/condor_dagman
07/15/26 10:30:39 ** SubsystemInfo: name=DAGMAN type=DAGMAN(9) class=CLIENT(2)
07/15/26 10:30:39 ** Configuration: subsystem:DAGMAN local:<NONE> class:CLIENT
07/15/26 10:30:39 ** $CondorVersion: 24.12.17 2026-02-12 BuildID: 873637 PackageID: 24.12.17-1 GitSHA: 2f0748e8 $
07/15/26 10:30:39 ** $CondorPlatform: x86_64_AlmaLinux9 $
07/15/26 10:30:39 ** PID = 6409 RealUID = 175117
07/15/26 10:30:39 ** Log last touched 7/15 10:27:56
07/15/26 10:30:39 ******************************************************
07/15/26 10:30:39 Using config source: /etc/condor/condor_config
07/15/26 10:30:39 Using local config sources: 
07/15/26 10:30:39    /etc/condor/config.d/00-security
07/15/26 10:30:39    /etc/condor/config.d/10-stash-plugin.conf
07/15/26 10:30:39    /etc/condor/config.d/10_security.config
07/15/26 10:30:39    /etc/condor/config.d/12_resourcelimits.config
07/15/26 10:30:39    /etc/condor/config.d/14_network.config
07/15/26 10:30:39    /etc/condor/config.d/21_schedd.config
07/15/26 10:30:39    /etc/condor/config.d/21_submit_requirements.config
07/15/26 10:30:39    /etc/condor/config.d/31_krbrenewal.config
07/15/26 10:30:39    /etc/condor/config.d/41_job_transform.config
07/15/26 10:30:39    /etc/condor/config.d/80_banning_rules.config
07/15/26 10:30:39    /etc/condor/config.d/99_ben_submit_req.config
07/15/26 10:30:39    /etc/condor/condor_config.local
07/15/26 10:30:39 config Macros = 277, Sorted = 277, StringBytes = 34357, TablesBytes = 10108
07/15/26 10:30:39 CLASSAD_CACHING is ENABLED
07/15/26 10:30:39 Daemon Log is logging: D_ALWAYS D_ERROR D_STATUS
07/15/26 10:30:39 Daemoncore: Listening at <0.0.0.0:6515> on TCP (ReliSock) and UDP (SafeSock).
07/15/26 10:30:39 Daemoncore: Listening at <[::]:6515> on TCP (ReliSock) and UDP (SafeSock).
07/15/26 10:30:39 DaemonCore: command socket at <137.138.44.55:6515?addrs=137.138.44.55-6515+[2001-1458-d00-1a--48]-6515&alias=bigbird17.cern.ch>
07/15/26 10:30:39 DaemonCore: private command socket at <137.138.44.55:6515?addrs=137.138.44.55-6515+[2001-1458-d00-1a--48]-6515&alias=bigbird17.cern.ch>
07/15/26 10:30:39 DAGMAN_USE_STRICT setting: 1
07/15/26 10:30:39 DAGMAN_VERBOSITY setting: 3
07/15/26 10:30:39 DAGMAN_DEBUG_CACHE_SIZE setting: 5242880
07/15/26 10:30:39 DAGMAN_DEBUG_CACHE_ENABLE setting: False
07/15/26 10:30:39 DAGMAN_SUBMIT_DELAY setting: 0
07/15/26 10:30:39 DAGMAN_MAX_SUBMIT_ATTEMPTS setting: 6
07/15/26 10:30:39 DAGMAN_STARTUP_CYCLE_DETECT setting: False
07/15/26 10:30:39 DAGMAN_USE_JOIN_NODES setting: True
07/15/26 10:30:39 DAGMAN_REPORT_GRAPH_METRICS setting: False
07/15/26 10:30:39 DAGMAN_MAX_SUBMITS_PER_INTERVAL setting: 100
07/15/26 10:30:39 DAGMAN_AGGRESSIVE_SUBMIT setting: False
07/15/26 10:30:39 DAGMAN_USER_LOG_SCAN_INTERVAL setting: 5
07/15/26 10:30:39 DAGMAN_QUEUE_UPDATE_INTERVAL setting: 300.000000
07/15/26 10:30:39 DAGMAN_DEFAULT_PRIORITY setting: 0
07/15/26 10:30:39 DAGMAN_SUPPRESS_NOTIFICATION setting: False
07/15/26 10:30:39 allow_events (DAGMAN_ALLOW_EVENTS) setting: 114
07/15/26 10:30:39 DAGMAN_RETRY_SUBMIT_FIRST setting: True
07/15/26 10:30:39 DAGMAN_RETRY_NODE_FIRST setting: False
07/15/26 10:30:39 DAGMAN_MAX_JOBS_IDLE setting: 1000
07/15/26 10:30:39 DAGMAN_MAX_JOBS_SUBMITTED setting: 0
07/15/26 10:30:39 DAGMAN_MAX_PRE_SCRIPTS setting: 20
07/15/26 10:30:39 DAGMAN_MAX_POST_SCRIPTS setting: 20
07/15/26 10:30:39 DAGMAN_MAX_HOLD_SCRIPTS setting: 20
07/15/26 10:30:39 DAGMAN_MUNGE_NODE_NAMES setting: True
07/15/26 10:30:39 DAGMAN_ALLOW_ANY_NODE_NAME_CHARACTERS setting: False
07/15/26 10:30:39 DAGMAN_PROHIBIT_MULTI_JOBS setting: False
07/15/26 10:30:39 DAGMAN_SUBMIT_DEPTH_FIRST setting: False
07/15/26 10:30:39 DAGMAN_ALWAYS_RUN_POST setting: False
07/15/26 10:30:39 DAGMAN_CONDOR_SUBMIT_EXE setting: /usr/bin/condor_submit
07/15/26 10:30:39 DAGMAN_CONDOR_RM_EXE setting: /usr/bin/condor_rm
07/15/26 10:30:39 DAGMAN_USE_DIRECT_SUBMIT setting: True
07/15/26 10:30:39 DAGMAN_PRODUCE_JOB_CREDENTIALS setting: True
07/15/26 10:30:39 DAGMAN_DEFAULT_APPEND_VARS setting: False
07/15/26 10:30:39 DAGMAN_INHERIT_ATTRS_PREFIX setting: 
07/15/26 10:30:39 DAGMAN_INHERIT_ATTRS setting: 
07/15/26 10:30:39 DAGMAN_ABORT_DUPLICATES setting: True
07/15/26 10:30:39 DAGMAN_ABORT_ON_SCARY_SUBMIT setting: True
07/15/26 10:30:39 DAGMAN_PENDING_REPORT_INTERVAL setting: 600
07/15/26 10:30:39 DAGMAN_CHECK_QUEUE_INTERVAL setting: 28800
07/15/26 10:30:39 DAGMAN_PRINT_JOB_TABLE_INTERVAL setting: 900
07/15/26 10:30:39 DAGMAN_AUTO_RESCUE setting: True
07/15/26 10:30:39 DAGMAN_MAX_RESCUE_NUM setting: 100
07/15/26 10:30:39 DAGMAN_WRITE_PARTIAL_RESCUE setting: True
07/15/26 10:30:39 DAGMAN_RESET_RETRIES_UPON_RESCUE setting: True
07/15/26 10:30:39 DAGMAN_METRICS_FILE_VERSION setting: 2
07/15/26 10:30:39 DAGMAN_DEFAULT_NODE_LOG setting: @(DAG_DIR)/@(DAG_FILE).nodes.log
07/15/26 10:30:39 DAGMAN_LOG_ON_NFS_IS_ERROR setting: False
07/15/26 10:30:39 DAGMAN_GENERATE_SUBDAG_SUBMITS setting: True
07/15/26 10:30:39 DAGMAN_MAX_JOB_HOLDS setting: 100
07/15/26 10:30:39 DAGMAN_NODE_JOB_FAILURE_TOLERANCE setting: 0
07/15/26 10:30:39 DAGMAN_HOLD_CLAIM_TIME setting: 20
07/15/26 10:30:39 DAGMAN_SUPPRESS_JOB_LOGS setting: False
07/15/26 10:30:39 DAGMAN_REMOVE_NODE_JOBS setting: True
07/15/26 10:30:39 DAGMAN_PUT_FAILED_JOBS_ON_HOLD setting: False
07/15/26 10:30:39 DAGMAN_REMOVE_JOBS_AFTER_LIMIT_CHANGE setting: False
07/15/26 10:30:39 DAGMAN will adjust edges after parsing
07/15/26 10:30:39 argv[0] == "condor_scheduniv_exec.9401729.0"
07/15/26 10:30:39 argv[1] == "-Lockfile"
07/15/26 10:30:39 argv[2] == "condor/scan_apply_rerun.dag.lock"
07/15/26 10:30:39 argv[3] == "-Dag"
07/15/26 10:30:39 argv[4] == "condor/scan_apply_rerun.dag"
07/15/26 10:30:39 argv[5] == "-CsdVersion"
07/15/26 10:30:39 argv[6] == "$CondorVersion: 24.12.16 2026-01-29 BuildID: 869053 PackageID: 24.12.16-1 GitSHA: d5741e8b $"
07/15/26 10:30:39 argv[7] == "-dagman"
07/15/26 10:30:39 argv[8] == "/usr/bin/condor_dagman"
07/15/26 10:30:39 argv[9] == "-AutoRescue"
07/15/26 10:30:39 argv[10] == "1"
07/15/26 10:30:39 argv[11] == "-DoRescueFrom"
07/15/26 10:30:39 argv[12] == "0"
07/15/26 10:30:48 Workflow batch-id: <9401729.0>
07/15/26 10:30:48 Workflow batch-name: <scan_apply_rerun.dag+9401729>
07/15/26 10:30:48 Workflow accounting_group: <>
07/15/26 10:30:48 Workflow accounting_group_user: <>
07/15/26 10:30:48 Warning: failed to get attribute DAGNodeName
07/15/26 10:30:48 Default node log file is: </afs/cern.ch/user/l/lbailloe/private/autoDQM/isolation_forest/condor/scan_apply_rerun.dag.nodes.log>
07/15/26 10:30:48 Note: the version ($CondorVersion: 24.12.16 2026-01-29 BuildID: 869053 PackageID: 24.12.16-1 GitSHA: d5741e8b $) of this DAG's HTCondor submit file differs from condor_dagman version ($CondorVersion: 24.12.17 2026-02-12 BuildID: 873637 PackageID: 24.12.17-1 GitSHA: 2f0748e8 $), but the difference is permissible
07/15/26 10:30:48 DAG Lockfile will be written to condor/scan_apply_rerun.dag.lock
07/15/26 10:30:48 DAG Input file is condor/scan_apply_rerun.dag
07/15/26 10:30:48 Parsing 1 dagfiles
07/15/26 10:30:48 Parsing condor/scan_apply_rerun.dag ...
07/15/26 10:30:48 Adjusting edges
07/15/26 10:30:48 Dag contains 2 total nodes
07/15/26 10:30:48 Lock file condor/scan_apply_rerun.dag.lock detected,
07/15/26 10:30:48 Duplicate DAGMan PID 3214269 is no longer alive; this DAGMan should continue.
07/15/26 10:30:48 Bootstrapping...
07/15/26 10:30:48 Number of pre-completed nodes: 0
07/15/26 10:30:48 Running in RECOVERY mode... >>>>>>>>>>>>>>>>>>>>>>>>>>>>>>
07/15/26 10:30:48 Currently monitoring 1 HTCondor log file(s)
07/15/26 10:30:48 Event: ULOG_SUBMIT for HTCondor Node apply (9401730.0.0) {07/14/26 16:41:45} [recovery mode]
07/15/26 10:30:48 Number of idle job procs: 1
07/15/26 10:30:48 Reassigning the id of job apply from (9401730.0.0) to (9401730.1.0)
07/15/26 10:30:48 Event: ULOG_SUBMIT for HTCondor Node apply (9401730.1.0) {07/14/26 16:41:45} [recovery mode]
07/15/26 10:30:48 Number of idle job procs: 2
07/15/26 10:30:48 Reassigning the id of job apply from (9401730.1.0) to (9401730.10.0)
07/15/26 10:30:48 Event: ULOG_SUBMIT for HTCondor Node apply (9401730.10.0) {07/14/26 16:41:45} [recovery mode]
07/15/26 10:30:48 Number of idle job procs: 3
07/15/26 10:30:48 Reassigning the id of job apply from (9401730.10.0) to (9401730.100.0)
07/15/26 10:30:48 Event: ULOG_SUBMIT for HTCondor Node apply (9401730.100.0) {07/14/26 16:41:45} [recovery mode]
07/15/26 10:30:48 Number of idle job procs: 4
07/15/26 10:30:48 Reassigning the id of job apply from (9401730.100.0) to (9401730.101.0)
07/15/26 10:30:48 Event: ULOG_SUBMIT for HTCondor Node apply (9401730.101.0) {07/14/26 16:41:45} [recovery mode]
07/15/26 10:30:48 Number of idle job procs: 5
07/15/26 10:30:48 Reassigning the id of job apply from (9401730.101.0) to (9401730.102.0)
07/15/26 10:30:48 Event: ULOG_SUBMIT for HTCondor Node apply (9401730.102.0) {07/14/26 16:41:45} [recovery mode]
07/15/26 10:30:48 Number of idle job procs: 6
07/15/26 10:30:48 Reassigning the id of job apply from (9401730.102.0) to (9401730.103.0)
07/15/26 10:30:48 Event: ULOG_SUBMIT for HTCondor Node apply (9401730.103.0) {07/14/26 16:41:45} [recovery mode]
07/15/26 10:30:48 Number of idle job procs: 7
07/15/26 10:30:48 Reassigning the id of job apply from (9401730.103.0) to (9401730.104.0)
07/15/26 10:30:48 Event: ULOG_SUBMIT for HTCondor Node apply (9401730.104.0) {07/14/26 16:41:45} [recovery mode]
07/15/26 10:30:48 Number of idle job procs: 8
07/15/26 10:30:48 Reassigning the id of job apply from (9401730.104.0) to (9401730.105.0)
07/15/26 10:30:48 Event: ULOG_SUBMIT for HTCondor Node apply (9401730.105.0) {07/14/26 16:41:45} [recovery mode]
07/15/26 10:30:48 Number of idle job procs: 9
07/15/26 10:30:48 Reassigning the id of job apply from (9401730.105.0) to (9401730.106.0)
07/15/26 10:30:48 Event: ULOG_SUBMIT for HTCondor Node apply (9401730.106.0) {07/14/26 16:41:45} [recovery mode]
07/15/26 10:30:48 Number of idle job procs: 10
07/15/26 10:30:48 Reassigning the id of job apply from (9401730.106.0) to (9401730.107.0)
07/15/26 10:30:48 Event: ULOG_SUBMIT for HTCondor Node apply (9401730.107.0) {07/14/26 16:41:45} [recovery mode]
07/15/26 10:30:48 Number of idle job procs: 11
07/15/26 10:30:48 Reassigning the id of job apply from (9401730.107.0) to (9401730.108.0)
07/15/26 10:30:48 Event: ULOG_SUBMIT for HTCondor Node apply (9401730.108.0) {07/14/26 16:41:45} [recovery mode]
07/15/26 10:30:48 Number of idle job procs: 12
07/15/26 10:30:48 Reassigning the id of job apply from (9401730.108.0) to (9401730.109.0)
07/15/26 10:30:48 Event: ULOG_SUBMIT for HTCondor Node apply (9401730.109.0) {07/14/26 16:41:45} [recovery mode]
07/15/26 10:30:48 Number of idle job procs: 13
07/15/26 10:30:49 Reassigning the id of job apply from (9401730.109.0) to (9401730.11.0)
07/15/26 10:30:49 Event: ULOG_SUBMIT for HTCondor Node apply (9401730.11.0) {07/14/26 16:41:45} [recovery mode]
07/15/26 10:30:49 Number of idle job procs: 14
07/15/26 10:30:49 Reassigning the id of job apply from (9401730.11.0) to (9401730.110.0)
07/15/26 10:30:49 Event: ULOG_SUBMIT for HTCondor Node apply (9401730.110.0) {07/14/26 16:41:45} [recovery mode]
07/15/26 10:30:49 Number of idle job procs: 15
07/15/26 10:30:49 Reassigning the id of job apply from (9401730.110.0) to (9401730.111.0)
07/15/26 10:30:49 Event: ULOG_SUBMIT for HTCondor Node apply (9401730.111.0) {07/14/26 16:41:45} [recovery mode]
07/15/26 10:30:49 Number of idle job procs: 16
07/15/26 10:30:49 Reassigning the id of job apply from (9401730.111.0) to (9401730.112.0)
07/15/26 10:30:49 Event: ULOG_SUBMIT for HTCondor Node apply (9401730.112.0) {07/14/26 16:41:45} [recovery mode]
07/15/26 10:30:49 Number of idle job procs: 17
07/15/26 10:30:49 Reassigning the id of job apply from (9401730.112.0) to (9401730.113.0)
07/15/26 10:30:49 Event: ULOG_SUBMIT for HTCondor Node apply (9401730.113.0) {07/14/26 16:41:45} [recovery mode]
07/15/26 10:30:49 Number of idle job procs: 18
07/15/26 10:30:49 Reassigning the id of job apply from (9401730.113.0) to (9401730.114.0)
07/15/26 10:30:49 Event: ULOG_SUBMIT for HTCondor Node apply (9401730.114.0) {07/14/26 16:41:45} [recovery mode]
07/15/26 10:30:49 Number of idle job procs: 19
07/15/26 10:30:49 Reassigning the id of job apply from (9401730.114.0) to (9401730.115.0)
07/15/26 10:30:49 Event: ULOG_SUBMIT for HTCondor Node apply (9401730.115.0) {07/14/26 16:41:45} [recovery mode]
07/15/26 10:30:49 Number of idle job procs: 20
07/15/26 10:30:49 Reassigning the id of job apply from (9401730.115.0) to (9401730.116.0)
07/15/26 10:30:49 Event: ULOG_SUBMIT for HTCondor Node apply (9401730.116.0) {07/14/26 16:41:45} [recovery mode]
07/15/26 10:30:49 Number of idle job procs: 21
07/15/26 10:30:49 Reassigning the id of job apply from (9401730.116.0) to (9401730.117.0)
07/15/26 10:30:49 Event: ULOG_SUBMIT for HTCondor Node apply (9401730.117.0) {07/14/26 16:41:45} [recovery mode]
07/15/26 10:30:49 Number of idle job procs: 22
07/15/26 10:30:49 Reassigning the id of job apply from (9401730.117.0) to (9401730.118.0)
07/15/26 10:30:49 Event: ULOG_SUBMIT for HTCondor Node apply (9401730.118.0) {07/14/26 16:41:45} [recovery mode]
07/15/26 10:30:49 Number of idle job procs: 23
07/15/26 10:30:49 Reassigning the id of job apply from (9401730.118.0) to (9401730.119.0)
07/15/26 10:30:49 Event: ULOG_SUBMIT for HTCondor Node apply (9401730.119.0) {07/14/26 16:41:45} [recovery mode]
07/15/26 10:30:49 Number of idle job procs: 24
07/15/26 10:30:49 Reassigning the id of job apply from (9401730.119.0) to (9401730.12.0)
07/15/26 10:30:49 Event: ULOG_SUBMIT for HTCondor Node apply (9401730.12.0) {07/14/26 16:41:45} [recovery mode]
07/15/26 10:30:49 Number of idle job procs: 25
07/15/26 10:30:49 Reassigning the id of job apply from (9401730.12.0) to (9401730.120.0)
07/15/26 10:30:49 Event: ULOG_SUBMIT for HTCondor Node apply (9401730.120.0) {07/14/26 16:41:45} [recovery mode]
07/15/26 10:30:49 Number of idle job procs: 26
07/15/26 10:30:49 Reassigning the id of job apply from (9401730.120.0) to (9401730.121.0)
07/15/26 10:30:49 Event: ULOG_SUBMIT for HTCondor Node apply (9401730.121.0) {07/14/26 16:41:45} [recovery mode]
07/15/26 10:30:49 Number of idle job procs: 27
07/15/26 10:30:49 Reassigning the id of job apply from (9401730.121.0) to (9401730.122.0)
07/15/26 10:30:49 Event: ULOG_SUBMIT for HTCondor Node apply (9401730.122.0) {07/14/26 16:41:45} [recovery mode]
07/15/26 10:30:49 Number of idle job procs: 28
07/15/26 10:30:49 Reassigning the id of job apply from (9401730.122.0) to (9401730.123.0)
07/15/26 10:30:49 Event: ULOG_SUBMIT for HTCondor Node apply (9401730.123.0) {07/14/26 16:41:45} [recovery mode]
07/15/26 10:30:49 Number of idle job procs: 29
07/15/26 10:30:49 Reassigning the id of job apply from (9401730.123.0) to (9401730.124.0)
07/15/26 10:30:49 Event: ULOG_SUBMIT for HTCondor Node apply (9401730.124.0) {07/14/26 16:41:45} [recovery mode]
07/15/26 10:30:49 Number of idle job procs: 30
07/15/26 10:30:49 Reassigning the id of job apply from (9401730.124.0) to (9401730.125.0)
07/15/26 10:30:49 Event: ULOG_SUBMIT for HTCondor Node apply (9401730.125.0) {07/14/26 16:41:45} [recovery mode]
07/15/26 10:30:49 Number of idle job procs: 31
07/15/26 10:30:49 Reassigning the id of job apply from (9401730.125.0) to (9401730.126.0)
07/15/26 10:30:49 Event: ULOG_SUBMIT for HTCondor Node apply (9401730.126.0) {07/14/26 16:41:45} [recovery mode]
07/15/26 10:30:49 Number of idle job procs: 32
07/15/26 10:30:49 Reassigning the id of job apply from (9401730.126.0) to (9401730.127.0)
07/15/26 10:30:49 Event: ULOG_SUBMIT for HTCondor Node apply (9401730.127.0) {07/14/26 16:41:45} [recovery mode]
07/15/26 10:30:49 Number of idle job procs: 33
07/15/26 10:30:49 Reassigning the id of job apply from (9401730.127.0) to (9401730.128.0)
07/15/26 10:30:49 Event: ULOG_SUBMIT for HTCondor Node apply (9401730.128.0) {07/14/26 16:41:45} [recovery mode]
07/15/26 10:30:49 Number of idle job procs: 34
07/15/26 10:30:49 Reassigning the id of job apply from (9401730.128.0) to (9401730.129.0)
07/15/26 10:30:49 Event: ULOG_SUBMIT for HTCondor Node apply (9401730.129.0) {07/14/26 16:41:45} [recovery mode]
07/15/26 10:30:49 Number of idle job procs: 35
07/15/26 10:30:49 Reassigning the id of job apply from (9401730.129.0) to (9401730.13.0)
07/15/26 10:30:49 Event: ULOG_SUBMIT for HTCondor Node apply (9401730.13.0) {07/14/26 16:41:45} [recovery mode]
07/15/26 10:30:49 Number of idle job procs: 36
07/15/26 10:30:49 Reassigning the id of job apply from (9401730.13.0) to (9401730.130.0)
07/15/26 10:30:49 Event: ULOG_SUBMIT for HTCondor Node apply (9401730.130.0) {07/14/26 16:41:45} [recovery mode]
07/15/26 10:30:49 Number of idle job procs: 37
07/15/26 10:30:49 Reassigning the id of job apply from (9401730.130.0) to (9401730.131.0)
07/15/26 10:30:49 Event: ULOG_SUBMIT for HTCondor Node apply (9401730.131.0) {07/14/26 16:41:45} [recovery mode]
07/15/26 10:30:49 Number of idle job procs: 38
07/15/26 10:30:49 Reassigning the id of job apply from (9401730.131.0) to (9401730.132.0)
07/15/26 10:30:49 Event: ULOG_SUBMIT for HTCondor Node apply (9401730.132.0) {07/14/26 16:41:45} [recovery mode]
07/15/26 10:30:49 Number of idle job procs: 39
07/15/26 10:30:49 Reassigning the id of job apply from (9401730.132.0) to (9401730.133.0)
07/15/26 10:30:49 Event: ULOG_SUBMIT for HTCondor Node apply (9401730.133.0) {07/14/26 16:41:45} [recovery mode]
07/15/26 10:30:49 Number of idle job procs: 40
07/15/26 10:30:49 Reassigning the id of job apply from (9401730.133.0) to (9401730.134.0)
07/15/26 10:30:49 Event: ULOG_SUBMIT for HTCondor Node apply (9401730.134.0) {07/14/26 16:41:45} [recovery mode]
07/15/26 10:30:49 Number of idle job procs: 41
07/15/26 10:30:49 Reassigning the id of job apply from (9401730.134.0) to (9401730.135.0)
07/15/26 10:30:49 Event: ULOG_SUBMIT for HTCondor Node apply (9401730.135.0) {07/14/26 16:41:45} [recovery mode]
07/15/26 10:30:49 Number of idle job procs: 42
07/15/26 10:30:49 Reassigning the id of job apply from (9401730.135.0) to (9401730.136.0)
07/15/26 10:30:49 Event: ULOG_SUBMIT for HTCondor Node apply (9401730.136.0) {07/14/26 16:41:45} [recovery mode]
07/15/26 10:30:49 Number of idle job procs: 43
07/15/26 10:30:49 Reassigning the id of job apply from (9401730.136.0) to (9401730.137.0)
07/15/26 10:30:49 Event: ULOG_SUBMIT for HTCondor Node apply (9401730.137.0) {07/14/26 16:41:45} [recovery mode]
07/15/26 10:30:49 Number of idle job procs: 44
07/15/26 10:30:49 Reassigning the id of job apply from (9401730.137.0) to (9401730.138.0)
07/15/26 10:30:49 Event: ULOG_SUBMIT for HTCondor Node apply (9401730.138.0) {07/14/26 16:41:45} [recovery mode]
07/15/26 10:30:49 Number of idle job procs: 45
07/15/26 10:30:49 Reassigning the id of job apply from (9401730.138.0) to (9401730.139.0)
07/15/26 10:30:49 Event: ULOG_SUBMIT for HTCondor Node apply (9401730.139.0) {07/14/26 16:41:45} [recovery mode]
07/15/26 10:30:49 Number of idle job procs: 46
07/15/26 10:30:49 Reassigning the id of job apply from (9401730.139.0) to (9401730.14.0)
07/15/26 10:30:49 Event: ULOG_SUBMIT for HTCondor Node apply (9401730.14.0) {07/14/26 16:41:45} [recovery mode]
07/15/26 10:30:49 Number of idle job procs: 47
07/15/26 10:30:49 Reassigning the id of job apply from (9401730.14.0) to (9401730.140.0)
07/15/26 10:30:49 Event: ULOG_SUBMIT for HTCondor Node apply (9401730.140.0) {07/14/26 16:41:45} [recovery mode]
07/15/26 10:30:49 Number of idle job procs: 48
07/15/26 10:30:49 Reassigning the id of job apply from (9401730.140.0) to (9401730.141.0)
07/15/26 10:30:49 Event: ULOG_SUBMIT for HTCondor Node apply (9401730.141.0) {07/14/26 16:41:45} [recovery mode]
07/15/26 10:30:49 Number of idle job procs: 49
07/15/26 10:30:49 Reassigning the id of job apply from (9401730.141.0) to (9401730.142.0)
07/15/26 10:30:49 Event: ULOG_SUBMIT for HTCondor Node apply (9401730.142.0) {07/14/26 16:41:45} [recovery mode]
07/15/26 10:30:49 Number of idle job procs: 50
07/15/26 10:30:49 Reassigning the id of job apply from (9401730.142.0) to (9401730.143.0)
07/15/26 10:30:49 Event: ULOG_SUBMIT for HTCondor Node apply (9401730.143.0) {07/14/26 16:41:45} [recovery mode]
07/15/26 10:30:49 Number of idle job procs: 51
07/15/26 10:30:49 Reassigning the id of job apply from (9401730.143.0) to (9401730.144.0)
07/15/26 10:30:49 Event: ULOG_SUBMIT for HTCondor Node apply (9401730.144.0) {07/14/26 16:41:45} [recovery mode]
07/15/26 10:30:49 Number of idle job procs: 52
07/15/26 10:30:49 Reassigning the id of job apply from (9401730.144.0) to (9401730.145.0)
07/15/26 10:30:49 Event: ULOG_SUBMIT for HTCondor Node apply (9401730.145.0) {07/14/26 16:41:45} [recovery mode]
07/15/26 10:30:49 Number of idle job procs: 53
07/15/26 10:30:49 Reassigning the id of job apply from (9401730.145.0) to (9401730.146.0)
07/15/26 10:30:49 Event: ULOG_SUBMIT for HTCondor Node apply (9401730.146.0) {07/14/26 16:41:45} [recovery mode]
07/15/26 10:30:49 Number of idle job procs: 54
07/15/26 10:30:49 Reassigning the id of job apply from (9401730.146.0) to (9401730.147.0)
07/15/26 10:30:49 Event: ULOG_SUBMIT for HTCondor Node apply (9401730.147.0) {07/14/26 16:41:45} [recovery mode]
07/15/26 10:30:49 Number of idle job procs: 55
07/15/26 10:30:49 Reassigning the id of job apply from (9401730.147.0) to (9401730.148.0)
07/15/26 10:30:49 Event: ULOG_SUBMIT for HTCondor Node apply (9401730.148.0) {07/14/26 16:41:45} [recovery mode]
07/15/26 10:30:49 Number of idle job procs: 56
07/15/26 10:30:49 Reassigning the id of job apply from (9401730.148.0) to (9401730.149.0)
07/15/26 10:30:49 Event: ULOG_SUBMIT for HTCondor Node apply (9401730.149.0) {07/14/26 16:41:45} [recovery mode]
07/15/26 10:30:49 Number of idle job procs: 57
07/15/26 10:30:49 Reassigning the id of job apply from (9401730.149.0) to (9401730.15.0)
07/15/26 10:30:49 Event: ULOG_SUBMIT for HTCondor Node apply (9401730.15.0) {07/14/26 16:41:45} [recovery mode]
07/15/26 10:30:49 Number of idle job procs: 58
07/15/26 10:30:49 Reassigning the id of job apply from (9401730.15.0) to (9401730.150.0)
07/15/26 10:30:49 Event: ULOG_SUBMIT for HTCondor Node apply (9401730.150.0) {07/14/26 16:41:45} [recovery mode]
07/15/26 10:30:49 Number of idle job procs: 59
07/15/26 10:30:49 Reassigning the id of job apply from (9401730.150.0) to (9401730.151.0)
07/15/26 10:30:49 Event: ULOG_SUBMIT for HTCondor Node apply (9401730.151.0) {07/14/26 16:41:45} [recovery mode]
07/15/26 10:30:49 Number of idle job procs: 60
07/15/26 10:30:49 Reassigning the id of job apply from (9401730.151.0) to (9401730.152.0)
07/15/26 10:30:49 Event: ULOG_SUBMIT for HTCondor Node apply (9401730.152.0) {07/14/26 16:41:45} [recovery mode]
07/15/26 10:30:49 Number of idle job procs: 61
07/15/26 10:30:49 Reassigning the id of job apply from (9401730.152.0) to (9401730.153.0)
07/15/26 10:30:49 Event: ULOG_SUBMIT for HTCondor Node apply (9401730.153.0) {07/14/26 16:41:45} [recovery mode]
07/15/26 10:30:49 Number of idle job procs: 62
07/15/26 10:30:49 Reassigning the id of job apply from (9401730.153.0) to (9401730.154.0)
07/15/26 10:30:49 Event: ULOG_SUBMIT for HTCondor Node apply (9401730.154.0) {07/14/26 16:41:45} [recovery mode]
07/15/26 10:30:49 Number of idle job procs: 63
07/15/26 10:30:49 Reassigning the id of job apply from (9401730.154.0) to (9401730.155.0)
07/15/26 10:30:49 Event: ULOG_SUBMIT for HTCondor Node apply (9401730.155.0) {07/14/26 16:41:45} [recovery mode]
07/15/26 10:30:49 Number of idle job procs: 64
07/15/26 10:30:49 Reassigning the id of job apply from (9401730.155.0) to (9401730.156.0)
07/15/26 10:30:49 Event: ULOG_SUBMIT for HTCondor Node apply (9401730.156.0) {07/14/26 16:41:45} [recovery mode]
07/15/26 10:30:49 Number of idle job procs: 65
07/15/26 10:30:49 Reassigning the id of job apply from (9401730.156.0) to (9401730.157.0)
07/15/26 10:30:49 Event: ULOG_SUBMIT for HTCondor Node apply (9401730.157.0) {07/14/26 16:41:45} [recovery mode]
07/15/26 10:30:49 Number of idle job procs: 66
07/15/26 10:30:49 Reassigning the id of job apply from (9401730.157.0) to (9401730.158.0)
07/15/26 10:30:49 Event: ULOG_SUBMIT for HTCondor Node apply (9401730.158.0) {07/14/26 16:41:45} [recovery mode]
07/15/26 10:30:49 Number of idle job procs: 67
07/15/26 10:30:49 Reassigning the id of job apply from (9401730.158.0) to (9401730.159.0)
07/15/26 10:30:49 Event: ULOG_SUBMIT for HTCondor Node apply (9401730.159.0) {07/14/26 16:41:45} [recovery mode]
07/15/26 10:30:49 Number of idle job procs: 68
07/15/26 10:30:49 Reassigning the id of job apply from (9401730.159.0) to (9401730.16.0)
07/15/26 10:30:49 Event: ULOG_SUBMIT for HTCondor Node apply (9401730.16.0) {07/14/26 16:41:45} [recovery mode]
07/15/26 10:30:49 Number of idle job procs: 69
07/15/26 10:30:49 Reassigning the id of job apply from (9401730.16.0) to (9401730.160.0)
07/15/26 10:30:49 Event: ULOG_SUBMIT for HTCondor Node apply (9401730.160.0) {07/14/26 16:41:45} [recovery mode]
07/15/26 10:30:49 Number of idle job procs: 70
07/15/26 10:30:49 Reassigning the id of job apply from (9401730.160.0) to (9401730.161.0)
07/15/26 10:30:49 Event: ULOG_SUBMIT for HTCondor Node apply (9401730.161.0) {07/14/26 16:41:45} [recovery mode]
07/15/26 10:30:49 Number of idle job procs: 71
07/15/26 10:30:49 Reassigning the id of job apply from (9401730.161.0) to (9401730.162.0)
07/15/26 10:30:49 Event: ULOG_SUBMIT for HTCondor Node apply (9401730.162.0) {07/14/26 16:41:45} [recovery mode]
07/15/26 10:30:49 Number of idle job procs: 72
07/15/26 10:30:49 Reassigning the id of job apply from (9401730.162.0) to (9401730.163.0)
07/15/26 10:30:49 Event: ULOG_SUBMIT for HTCondor Node apply (9401730.163.0) {07/14/26 16:41:45} [recovery mode]
07/15/26 10:30:49 Number of idle job procs: 73
07/15/26 10:30:49 Reassigning the id of job apply from (9401730.163.0) to (9401730.164.0)
07/15/26 10:30:49 Event: ULOG_SUBMIT for HTCondor Node apply (9401730.164.0) {07/14/26 16:41:45} [recovery mode]
07/15/26 10:30:49 Number of idle job procs: 74
07/15/26 10:30:49 Reassigning the id of job apply from (9401730.164.0) to (9401730.165.0)
07/15/26 10:30:49 Event: ULOG_SUBMIT for HTCondor Node apply (9401730.165.0) {07/14/26 16:41:45} [recovery mode]
07/15/26 10:30:49 Number of idle job procs: 75
07/15/26 10:30:50 Reassigning the id of job apply from (9401730.165.0) to (9401730.166.0)
07/15/26 10:30:50 Event: ULOG_SUBMIT for HTCondor Node apply (9401730.166.0) {07/14/26 16:41:45} [recovery mode]
07/15/26 10:30:50 Number of idle job procs: 76
07/15/26 10:30:50 Reassigning the id of job apply from (9401730.166.0) to (9401730.167.0)
07/15/26 10:30:50 Event: ULOG_SUBMIT for HTCondor Node apply (9401730.167.0) {07/14/26 16:41:45} [recovery mode]
07/15/26 10:30:50 Number of idle job procs: 77
07/15/26 10:30:50 Reassigning the id of job apply from (9401730.167.0) to (9401730.168.0)
07/15/26 10:30:50 Event: ULOG_SUBMIT for HTCondor Node apply (9401730.168.0) {07/14/26 16:41:45} [recovery mode]
07/15/26 10:30:50 Number of idle job procs: 78
07/15/26 10:30:50 Reassigning the id of job apply from (9401730.168.0) to (9401730.169.0)
07/15/26 10:30:50 Event: ULOG_SUBMIT for HTCondor Node apply (9401730.169.0) {07/14/26 16:41:45} [recovery mode]
07/15/26 10:30:50 Number of idle job procs: 79
07/15/26 10:30:50 Reassigning the id of job apply from (9401730.169.0) to (9401730.17.0)
07/15/26 10:30:50 Event: ULOG_SUBMIT for HTCondor Node apply (9401730.17.0) {07/14/26 16:41:45} [recovery mode]
07/15/26 10:30:50 Number of idle job procs: 80
07/15/26 10:30:50 Reassigning the id of job apply from (9401730.17.0) to (9401730.170.0)
07/15/26 10:30:50 Event: ULOG_SUBMIT for HTCondor Node apply (9401730.170.0) {07/14/26 16:41:45} [recovery mode]
07/15/26 10:30:50 Number of idle job procs: 81
07/15/26 10:30:50 Reassigning the id of job apply from (9401730.170.0) to (9401730.171.0)
07/15/26 10:30:50 Event: ULOG_SUBMIT for HTCondor Node apply (9401730.171.0) {07/14/26 16:41:46} [recovery mode]
07/15/26 10:30:50 Number of idle job procs: 82
07/15/26 10:30:50 Reassigning the id of job apply from (9401730.171.0) to (9401730.172.0)
07/15/26 10:30:50 Event: ULOG_SUBMIT for HTCondor Node apply (9401730.172.0) {07/14/26 16:41:46} [recovery mode]
07/15/26 10:30:50 Number of idle job procs: 83
07/15/26 10:30:50 Reassigning the id of job apply from (9401730.172.0) to (9401730.173.0)
07/15/26 10:30:50 Event: ULOG_SUBMIT for HTCondor Node apply (9401730.173.0) {07/14/26 16:41:46} [recovery mode]
07/15/26 10:30:50 Number of idle job procs: 84
07/15/26 10:30:50 Reassigning the id of job apply from (9401730.173.0) to (9401730.174.0)
07/15/26 10:30:50 Event: ULOG_SUBMIT for HTCondor Node apply (9401730.174.0) {07/14/26 16:41:46} [recovery mode]
07/15/26 10:30:50 Number of idle job procs: 85
07/15/26 10:30:50 Reassigning the id of job apply from (9401730.174.0) to (9401730.175.0)
07/15/26 10:30:50 Event: ULOG_SUBMIT for HTCondor Node apply (9401730.175.0) {07/14/26 16:41:46} [recovery mode]
07/15/26 10:30:50 Number of idle job procs: 86
07/15/26 10:30:50 Reassigning the id of job apply from (9401730.175.0) to (9401730.176.0)
07/15/26 10:30:50 Event: ULOG_SUBMIT for HTCondor Node apply (9401730.176.0) {07/14/26 16:41:46} [recovery mode]
07/15/26 10:30:50 Number of idle job procs: 87
07/15/26 10:30:50 Reassigning the id of job apply from (9401730.176.0) to (9401730.177.0)
07/15/26 10:30:50 Event: ULOG_SUBMIT for HTCondor Node apply (9401730.177.0) {07/14/26 16:41:46} [recovery mode]
07/15/26 10:30:50 Number of idle job procs: 88
07/15/26 10:30:50 Reassigning the id of job apply from (9401730.177.0) to (9401730.178.0)
07/15/26 10:30:50 Event: ULOG_SUBMIT for HTCondor Node apply (9401730.178.0) {07/14/26 16:41:46} [recovery mode]
07/15/26 10:30:50 Number of idle job procs: 89
07/15/26 10:30:50 Reassigning the id of job apply from (9401730.178.0) to (9401730.179.0)
07/15/26 10:30:50 Event: ULOG_SUBMIT for HTCondor Node apply (9401730.179.0) {07/14/26 16:41:46} [recovery mode]
07/15/26 10:30:50 Number of idle job procs: 90
07/15/26 10:30:50 Reassigning the id of job apply from (9401730.179.0) to (9401730.18.0)
07/15/26 10:30:50 Event: ULOG_SUBMIT for HTCondor Node apply (9401730.18.0) {07/14/26 16:41:46} [recovery mode]
07/15/26 10:30:50 Number of idle job procs: 91
07/15/26 10:30:50 Reassigning the id of job apply from (9401730.18.0) to (9401730.180.0)
07/15/26 10:30:50 Event: ULOG_SUBMIT for HTCondor Node apply (9401730.180.0) {07/14/26 16:41:46} [recovery mode]
07/15/26 10:30:50 Number of idle job procs: 92
07/15/26 10:30:50 Reassigning the id of job apply from (9401730.180.0) to (9401730.181.0)
07/15/26 10:30:50 Event: ULOG_SUBMIT for HTCondor Node apply (9401730.181.0) {07/14/26 16:41:46} [recovery mode]
07/15/26 10:30:50 Number of idle job procs: 93
07/15/26 10:30:50 Reassigning the id of job apply from (9401730.181.0) to (9401730.182.0)
07/15/26 10:30:50 Event: ULOG_SUBMIT for HTCondor Node apply (9401730.182.0) {07/14/26 16:41:46} [recovery mode]
07/15/26 10:30:50 Number of idle job procs: 94
07/15/26 10:30:50 Reassigning the id of job apply from (9401730.182.0) to (9401730.183.0)
07/15/26 10:30:50 Event: ULOG_SUBMIT for HTCondor Node apply (9401730.183.0) {07/14/26 16:41:46} [recovery mode]
07/15/26 10:30:50 Number of idle job procs: 95
07/15/26 10:30:50 Reassigning the id of job apply from (9401730.183.0) to (9401730.184.0)
07/15/26 10:30:50 Event: ULOG_SUBMIT for HTCondor Node apply (9401730.184.0) {07/14/26 16:41:46} [recovery mode]
07/15/26 10:30:50 Number of idle job procs: 96
07/15/26 10:30:50 Reassigning the id of job apply from (9401730.184.0) to (9401730.185.0)
07/15/26 10:30:50 Event: ULOG_SUBMIT for HTCondor Node apply (9401730.185.0) {07/14/26 16:41:46} [recovery mode]
07/15/26 10:30:50 Number of idle job procs: 97
07/15/26 10:30:50 Reassigning the id of job apply from (9401730.185.0) to (9401730.186.0)
07/15/26 10:30:50 Event: ULOG_SUBMIT for HTCondor Node apply (9401730.186.0) {07/14/26 16:41:46} [recovery mode]
07/15/26 10:30:50 Number of idle job procs: 98
07/15/26 10:30:50 Reassigning the id of job apply from (9401730.186.0) to (9401730.187.0)
07/15/26 10:30:50 Event: ULOG_SUBMIT for HTCondor Node apply (9401730.187.0) {07/14/26 16:41:46} [recovery mode]
07/15/26 10:30:50 Number of idle job procs: 99
07/15/26 10:30:50 Reassigning the id of job apply from (9401730.187.0) to (9401730.188.0)
07/15/26 10:30:50 Event: ULOG_SUBMIT for HTCondor Node apply (9401730.188.0) {07/14/26 16:41:46} [recovery mode]
07/15/26 10:30:50 Number of idle job procs: 100
07/15/26 10:30:50 Reassigning the id of job apply from (9401730.188.0) to (9401730.189.0)
07/15/26 10:30:50 Event: ULOG_SUBMIT for HTCondor Node apply (9401730.189.0) {07/14/26 16:41:46} [recovery mode]
07/15/26 10:30:50 Number of idle job procs: 101
07/15/26 10:30:50 Reassigning the id of job apply from (9401730.189.0) to (9401730.19.0)
07/15/26 10:30:50 Event: ULOG_SUBMIT for HTCondor Node apply (9401730.19.0) {07/14/26 16:41:46} [recovery mode]
07/15/26 10:30:50 Number of idle job procs: 102
07/15/26 10:30:50 Reassigning the id of job apply from (9401730.19.0) to (9401730.190.0)
07/15/26 10:30:50 Event: ULOG_SUBMIT for HTCondor Node apply (9401730.190.0) {07/14/26 16:41:46} [recovery mode]
07/15/26 10:30:50 Number of idle job procs: 103
07/15/26 10:30:50 Reassigning the id of job apply from (9401730.190.0) to (9401730.191.0)
07/15/26 10:30:50 Event: ULOG_SUBMIT for HTCondor Node apply (9401730.191.0) {07/14/26 16:41:46} [recovery mode]
07/15/26 10:30:50 Number of idle job procs: 104
07/15/26 10:30:50 Reassigning the id of job apply from (9401730.191.0) to (9401730.192.0)
07/15/26 10:30:50 Event: ULOG_SUBMIT for HTCondor Node apply (9401730.192.0) {07/14/26 16:41:46} [recovery mode]
07/15/26 10:30:50 Number of idle job procs: 105
07/15/26 10:30:50 Reassigning the id of job apply from (9401730.192.0) to (9401730.193.0)
07/15/26 10:30:50 Event: ULOG_SUBMIT for HTCondor Node apply (9401730.193.0) {07/14/26 16:41:46} [recovery mode]
07/15/26 10:30:50 Number of idle job procs: 106
07/15/26 10:30:50 Reassigning the id of job apply from (9401730.193.0) to (9401730.194.0)
07/15/26 10:30:50 Event: ULOG_SUBMIT for HTCondor Node apply (9401730.194.0) {07/14/26 16:41:46} [recovery mode]
07/15/26 10:30:50 Number of idle job procs: 107
07/15/26 10:30:50 Reassigning the id of job apply from (9401730.194.0) to (9401730.195.0)
07/15/26 10:30:50 Event: ULOG_SUBMIT for HTCondor Node apply (9401730.195.0) {07/14/26 16:41:46} [recovery mode]
07/15/26 10:30:50 Number of idle job procs: 108
07/15/26 10:30:50 Reassigning the id of job apply from (9401730.195.0) to (9401730.196.0)
07/15/26 10:30:50 Event: ULOG_SUBMIT for HTCondor Node apply (9401730.196.0) {07/14/26 16:41:46} [recovery mode]
07/15/26 10:30:50 Number of idle job procs: 109
07/15/26 10:30:50 Reassigning the id of job apply from (9401730.196.0) to (9401730.197.0)
07/15/26 10:30:50 Event: ULOG_SUBMIT for HTCondor Node apply (9401730.197.0) {07/14/26 16:41:46} [recovery mode]
07/15/26 10:30:50 Number of idle job procs: 110
07/15/26 10:30:50 Reassigning the id of job apply from (9401730.197.0) to (9401730.198.0)
07/15/26 10:30:50 Event: ULOG_SUBMIT for HTCondor Node apply (9401730.198.0) {07/14/26 16:41:46} [recovery mode]
07/15/26 10:30:50 Number of idle job procs: 111
07/15/26 10:30:50 Reassigning the id of job apply from (9401730.198.0) to (9401730.199.0)
07/15/26 10:30:50 Event: ULOG_SUBMIT for HTCondor Node apply (9401730.199.0) {07/14/26 16:41:46} [recovery mode]
07/15/26 10:30:50 Number of idle job procs: 112
07/15/26 10:30:50 Reassigning the id of job apply from (9401730.199.0) to (9401730.2.0)
07/15/26 10:30:50 Event: ULOG_SUBMIT for HTCondor Node apply (9401730.2.0) {07/14/26 16:41:46} [recovery mode]
07/15/26 10:30:50 Number of idle job procs: 113
07/15/26 10:30:50 Reassigning the id of job apply from (9401730.2.0) to (9401730.20.0)
07/15/26 10:30:50 Event: ULOG_SUBMIT for HTCondor Node apply (9401730.20.0) {07/14/26 16:41:46} [recovery mode]
07/15/26 10:30:50 Number of idle job procs: 114
07/15/26 10:30:50 Reassigning the id of job apply from (9401730.20.0) to (9401730.200.0)
07/15/26 10:30:50 Event: ULOG_SUBMIT for HTCondor Node apply (9401730.200.0) {07/14/26 16:41:46} [recovery mode]
07/15/26 10:30:50 Number of idle job procs: 115
07/15/26 10:30:50 Reassigning the id of job apply from (9401730.200.0) to (9401730.201.0)
07/15/26 10:30:50 Event: ULOG_SUBMIT for HTCondor Node apply (9401730.201.0) {07/14/26 16:41:46} [recovery mode]
07/15/26 10:30:50 Number of idle job procs: 116
07/15/26 10:30:50 Reassigning the id of job apply from (9401730.201.0) to (9401730.202.0)
07/15/26 10:30:50 Event: ULOG_SUBMIT for HTCondor Node apply (9401730.202.0) {07/14/26 16:41:46} [recovery mode]
07/15/26 10:30:50 Number of idle job procs: 117
07/15/26 10:30:50 Reassigning the id of job apply from (9401730.202.0) to (9401730.203.0)
07/15/26 10:30:50 Event: ULOG_SUBMIT for HTCondor Node apply (9401730.203.0) {07/14/26 16:41:46} [recovery mode]
07/15/26 10:30:50 Number of idle job procs: 118
07/15/26 10:30:50 Reassigning the id of job apply from (9401730.203.0) to (9401730.204.0)
07/15/26 10:30:50 Event: ULOG_SUBMIT for HTCondor Node apply (9401730.204.0) {07/14/26 16:41:46} [recovery mode]
07/15/26 10:30:50 Number of idle job procs: 119
07/15/26 10:30:50 Reassigning the id of job apply from (9401730.204.0) to (9401730.205.0)
07/15/26 10:30:50 Event: ULOG_SUBMIT for HTCondor Node apply (9401730.205.0) {07/14/26 16:41:46} [recovery mode]
07/15/26 10:30:50 Number of idle job procs: 120
07/15/26 10:30:50 Reassigning the id of job apply from (9401730.205.0) to (9401730.206.0)
07/15/26 10:30:50 Event: ULOG_SUBMIT for HTCondor Node apply (9401730.206.0) {07/14/26 16:41:46} [recovery mode]
07/15/26 10:30:50 Number of idle job procs: 121
07/15/26 10:30:50 Reassigning the id of job apply from (9401730.206.0) to (9401730.207.0)
07/15/26 10:30:50 Event: ULOG_SUBMIT for HTCondor Node apply (9401730.207.0) {07/14/26 16:41:46} [recovery mode]
07/15/26 10:30:50 Number of idle job procs: 122
07/15/26 10:30:50 Reassigning the id of job apply from (9401730.207.0) to (9401730.208.0)
07/15/26 10:30:50 Event: ULOG_SUBMIT for HTCondor Node apply (9401730.208.0) {07/14/26 16:41:46} [recovery mode]
07/15/26 10:30:50 Number of idle job procs: 123
07/15/26 10:30:50 Reassigning the id of job apply from (9401730.208.0) to (9401730.209.0)
07/15/26 10:30:50 Event: ULOG_SUBMIT for HTCondor Node apply (9401730.209.0) {07/14/26 16:41:46} [recovery mode]
07/15/26 10:30:50 Number of idle job procs: 124
07/15/26 10:30:50 Reassigning the id of job apply from (9401730.209.0) to (9401730.21.0)
07/15/26 10:30:50 Event: ULOG_SUBMIT for HTCondor Node apply (9401730.21.0) {07/14/26 16:41:46} [recovery mode]
07/15/26 10:30:50 Number of idle job procs: 125
07/15/26 10:30:50 Reassigning the id of job apply from (9401730.21.0) to (9401730.210.0)
07/15/26 10:30:50 Event: ULOG_SUBMIT for HTCondor Node apply (9401730.210.0) {07/14/26 16:41:46} [recovery mode]
07/15/26 10:30:50 Number of idle job procs: 126
07/15/26 10:30:50 Reassigning the id of job apply from (9401730.210.0) to (9401730.211.0)
07/15/26 10:30:50 Event: ULOG_SUBMIT for HTCondor Node apply (9401730.211.0) {07/14/26 16:41:46} [recovery mode]
07/15/26 10:30:50 Number of idle job procs: 127
07/15/26 10:30:50 Reassigning the id of job apply from (9401730.211.0) to (9401730.212.0)
07/15/26 10:30:50 Event: ULOG_SUBMIT for HTCondor Node apply (9401730.212.0) {07/14/26 16:41:46} [recovery mode]
07/15/26 10:30:50 Number of idle job procs: 128
07/15/26 10:30:50 Reassigning the id of job apply from (9401730.212.0) to (9401730.213.0)
07/15/26 10:30:50 Event: ULOG_SUBMIT for HTCondor Node apply (9401730.213.0) {07/14/26 16:41:46} [recovery mode]
07/15/26 10:30:50 Number of idle job procs: 129
07/15/26 10:30:50 Reassigning the id of job apply from (9401730.213.0) to (9401730.214.0)
07/15/26 10:30:50 Event: ULOG_SUBMIT for HTCondor Node apply (9401730.214.0) {07/14/26 16:41:46} [recovery mode]
07/15/26 10:30:50 Number of idle job procs: 130
07/15/26 10:30:50 Reassigning the id of job apply from (9401730.214.0) to (9401730.215.0)
07/15/26 10:30:50 Event: ULOG_SUBMIT for HTCondor Node apply (9401730.215.0) {07/14/26 16:41:46} [recovery mode]
07/15/26 10:30:50 Number of idle job procs: 131
07/15/26 10:30:50 Reassigning the id of job apply from (9401730.215.0) to (9401730.216.0)
07/15/26 10:30:50 Event: ULOG_SUBMIT for HTCondor Node apply (9401730.216.0) {07/14/26 16:41:46} [recovery mode]
07/15/26 10:30:50 Number of idle job procs: 132
07/15/26 10:30:50 Reassigning the id of job apply from (9401730.216.0) to (9401730.217.0)
07/15/26 10:30:51 Event: ULOG_SUBMIT for HTCondor Node apply (9401730.217.0) {07/14/26 16:41:46} [recovery mode]
07/15/26 10:30:51 Number of idle job procs: 133
07/15/26 10:30:51 Reassigning the id of job apply from (9401730.217.0) to (9401730.218.0)
07/15/26 10:30:51 Event: ULOG_SUBMIT for HTCondor Node apply (9401730.218.0) {07/14/26 16:41:46} [recovery mode]
07/15/26 10:30:51 Number of idle job procs: 134
07/15/26 10:30:51 Reassigning the id of job apply from (9401730.218.0) to (9401730.219.0)
07/15/26 10:30:51 Event: ULOG_SUBMIT for HTCondor Node apply (9401730.219.0) {07/14/26 16:41:46} [recovery mode]
07/15/26 10:30:51 Number of idle job procs: 135
07/15/26 10:30:51 Reassigning the id of job apply from (9401730.219.0) to (9401730.22.0)
07/15/26 10:30:51 Event: ULOG_SUBMIT for HTCondor Node apply (9401730.22.0) {07/14/26 16:41:46} [recovery mode]
07/15/26 10:30:51 Number of idle job procs: 136
07/15/26 10:30:51 Reassigning the id of job apply from (9401730.22.0) to (9401730.220.0)
07/15/26 10:30:51 Event: ULOG_SUBMIT for HTCondor Node apply (9401730.220.0) {07/14/26 16:41:46} [recovery mode]
07/15/26 10:30:51 Number of idle job procs: 137
07/15/26 10:30:51 Reassigning the id of job apply from (9401730.220.0) to (9401730.221.0)
07/15/26 10:30:51 Event: ULOG_SUBMIT for HTCondor Node apply (9401730.221.0) {07/14/26 16:41:46} [recovery mode]
07/15/26 10:30:51 Number of idle job procs: 138
07/15/26 10:30:51 Reassigning the id of job apply from (9401730.221.0) to (9401730.222.0)
07/15/26 10:30:51 Event: ULOG_SUBMIT for HTCondor Node apply (9401730.222.0) {07/14/26 16:41:46} [recovery mode]
07/15/26 10:30:51 Number of idle job procs: 139
07/15/26 10:30:51 Reassigning the id of job apply from (9401730.222.0) to (9401730.223.0)
07/15/26 10:30:51 Event: ULOG_SUBMIT for HTCondor Node apply (9401730.223.0) {07/14/26 16:41:46} [recovery mode]
07/15/26 10:30:51 Number of idle job procs: 140
07/15/26 10:30:51 Reassigning the id of job apply from (9401730.223.0) to (9401730.224.0)
07/15/26 10:30:51 Event: ULOG_SUBMIT for HTCondor Node apply (9401730.224.0) {07/14/26 16:41:46} [recovery mode]
07/15/26 10:30:51 Number of idle job procs: 141
07/15/26 10:30:51 Reassigning the id of job apply from (9401730.224.0) to (9401730.225.0)
07/15/26 10:30:51 Event: ULOG_SUBMIT for HTCondor Node apply (9401730.225.0) {07/14/26 16:41:46} [recovery mode]
07/15/26 10:30:51 Number of idle job procs: 142
07/15/26 10:30:51 Reassigning the id of job apply from (9401730.225.0) to (9401730.226.0)
07/15/26 10:30:51 Event: ULOG_SUBMIT for HTCondor Node apply (9401730.226.0) {07/14/26 16:41:46} [recovery mode]
07/15/26 10:30:51 Number of idle job procs: 143
07/15/26 10:30:51 Reassigning the id of job apply from (9401730.226.0) to (9401730.227.0)
07/15/26 10:30:51 Event: ULOG_SUBMIT for HTCondor Node apply (9401730.227.0) {07/14/26 16:41:46} [recovery mode]
07/15/26 10:30:51 Number of idle job procs: 144
07/15/26 10:30:51 Reassigning the id of job apply from (9401730.227.0) to (9401730.228.0)
07/15/26 10:30:51 Event: ULOG_SUBMIT for HTCondor Node apply (9401730.228.0) {07/14/26 16:41:46} [recovery mode]
07/15/26 10:30:51 Number of idle job procs: 145
07/15/26 10:30:51 Reassigning the id of job apply from (9401730.228.0) to (9401730.229.0)
07/15/26 10:30:51 Event: ULOG_SUBMIT for HTCondor Node apply (9401730.229.0) {07/14/26 16:41:46} [recovery mode]
07/15/26 10:30:51 Number of idle job procs: 146
07/15/26 10:30:51 Reassigning the id of job apply from (9401730.229.0) to (9401730.23.0)
07/15/26 10:30:51 Event: ULOG_SUBMIT for HTCondor Node apply (9401730.23.0) {07/14/26 16:41:46} [recovery mode]
07/15/26 10:30:51 Number of idle job procs: 147
07/15/26 10:30:51 Reassigning the id of job apply from (9401730.23.0) to (9401730.230.0)
07/15/26 10:30:51 Event: ULOG_SUBMIT for HTCondor Node apply (9401730.230.0) {07/14/26 16:41:46} [recovery mode]
07/15/26 10:30:51 Number of idle job procs: 148
07/15/26 10:30:51 Reassigning the id of job apply from (9401730.230.0) to (9401730.231.0)
07/15/26 10:30:51 Event: ULOG_SUBMIT for HTCondor Node apply (9401730.231.0) {07/14/26 16:41:46} [recovery mode]
07/15/26 10:30:51 Number of idle job procs: 149
07/15/26 10:30:51 Reassigning the id of job apply from (9401730.231.0) to (9401730.232.0)
07/15/26 10:30:51 Event: ULOG_SUBMIT for HTCondor Node apply (9401730.232.0) {07/14/26 16:41:46} [recovery mode]
07/15/26 10:30:51 Number of idle job procs: 150
07/15/26 10:30:51 Reassigning the id of job apply from (9401730.232.0) to (9401730.233.0)
07/15/26 10:30:51 Event: ULOG_SUBMIT for HTCondor Node apply (9401730.233.0) {07/14/26 16:41:46} [recovery mode]
07/15/26 10:30:51 Number of idle job procs: 151
07/15/26 10:30:51 Reassigning the id of job apply from (9401730.233.0) to (9401730.234.0)
07/15/26 10:30:51 Event: ULOG_SUBMIT for HTCondor Node apply (9401730.234.0) {07/14/26 16:41:46} [recovery mode]
07/15/26 10:30:51 Number of idle job procs: 152
07/15/26 10:30:51 Reassigning the id of job apply from (9401730.234.0) to (9401730.235.0)
07/15/26 10:30:51 Event: ULOG_SUBMIT for HTCondor Node apply (9401730.235.0) {07/14/26 16:41:46} [recovery mode]
07/15/26 10:30:51 Number of idle job procs: 153
07/15/26 10:30:51 Reassigning the id of job apply from (9401730.235.0) to (9401730.236.0)
07/15/26 10:30:51 Event: ULOG_SUBMIT for HTCondor Node apply (9401730.236.0) {07/14/26 16:41:46} [recovery mode]
07/15/26 10:30:51 Number of idle job procs: 154
07/15/26 10:30:51 Reassigning the id of job apply from (9401730.236.0) to (9401730.237.0)
07/15/26 10:30:51 Event: ULOG_SUBMIT for HTCondor Node apply (9401730.237.0) {07/14/26 16:41:46} [recovery mode]
07/15/26 10:30:51 Number of idle job procs: 155
07/15/26 10:30:51 Reassigning the id of job apply from (9401730.237.0) to (9401730.238.0)
07/15/26 10:30:51 Event: ULOG_SUBMIT for HTCondor Node apply (9401730.238.0) {07/14/26 16:41:46} [recovery mode]
07/15/26 10:30:51 Number of idle job procs: 156
07/15/26 10:30:51 Reassigning the id of job apply from (9401730.238.0) to (9401730.239.0)
07/15/26 10:30:51 Event: ULOG_SUBMIT for HTCondor Node apply (9401730.239.0) {07/14/26 16:41:46} [recovery mode]
07/15/26 10:30:51 Number of idle job procs: 157
07/15/26 10:30:51 Reassigning the id of job apply from (9401730.239.0) to (9401730.24.0)
07/15/26 10:30:51 Event: ULOG_SUBMIT for HTCondor Node apply (9401730.24.0) {07/14/26 16:41:46} [recovery mode]
07/15/26 10:30:51 Number of idle job procs: 158
07/15/26 10:30:51 Reassigning the id of job apply from (9401730.24.0) to (9401730.240.0)
07/15/26 10:30:51 Event: ULOG_SUBMIT for HTCondor Node apply (9401730.240.0) {07/14/26 16:41:46} [recovery mode]
07/15/26 10:30:51 Number of idle job procs: 159
07/15/26 10:30:51 Reassigning the id of job apply from (9401730.240.0) to (9401730.241.0)
07/15/26 10:30:51 Event: ULOG_SUBMIT for HTCondor Node apply (9401730.241.0) {07/14/26 16:41:46} [recovery mode]
07/15/26 10:30:51 Number of idle job procs: 160
07/15/26 10:30:51 Reassigning the id of job apply from (9401730.241.0) to (9401730.242.0)
07/15/26 10:30:51 Event: ULOG_SUBMIT for HTCondor Node apply (9401730.242.0) {07/14/26 16:41:46} [recovery mode]
07/15/26 10:30:51 Number of idle job procs: 161
07/15/26 10:30:51 Reassigning the id of job apply from (9401730.242.0) to (9401730.243.0)
07/15/26 10:30:51 Event: ULOG_SUBMIT for HTCondor Node apply (9401730.243.0) {07/14/26 16:41:46} [recovery mode]
07/15/26 10:30:51 Number of idle job procs: 162
07/15/26 10:30:51 Reassigning the id of job apply from (9401730.243.0) to (9401730.244.0)
07/15/26 10:30:51 Event: ULOG_SUBMIT for HTCondor Node apply (9401730.244.0) {07/14/26 16:41:46} [recovery mode]
07/15/26 10:30:51 Number of idle job procs: 163
07/15/26 10:30:51 Reassigning the id of job apply from (9401730.244.0) to (9401730.245.0)
07/15/26 10:30:51 Event: ULOG_SUBMIT for HTCondor Node apply (9401730.245.0) {07/14/26 16:41:46} [recovery mode]
07/15/26 10:30:51 Number of idle job procs: 164
07/15/26 10:30:51 Reassigning the id of job apply from (9401730.245.0) to (9401730.246.0)
07/15/26 10:30:51 Event: ULOG_SUBMIT for HTCondor Node apply (9401730.246.0) {07/14/26 16:41:46} [recovery mode]
07/15/26 10:30:51 Number of idle job procs: 165
07/15/26 10:30:51 Reassigning the id of job apply from (9401730.246.0) to (9401730.247.0)
07/15/26 10:30:51 Event: ULOG_SUBMIT for HTCondor Node apply (9401730.247.0) {07/14/26 16:41:46} [recovery mode]
07/15/26 10:30:51 Number of idle job procs: 166
07/15/26 10:30:51 Reassigning the id of job apply from (9401730.247.0) to (9401730.248.0)
07/15/26 10:30:51 Event: ULOG_SUBMIT for HTCondor Node apply (9401730.248.0) {07/14/26 16:41:46} [recovery mode]
07/15/26 10:30:51 Number of idle job procs: 167
07/15/26 10:30:51 Reassigning the id of job apply from (9401730.248.0) to (9401730.249.0)
07/15/26 10:30:51 Event: ULOG_SUBMIT for HTCondor Node apply (9401730.249.0) {07/14/26 16:41:46} [recovery mode]
07/15/26 10:30:51 Number of idle job procs: 168
07/15/26 10:30:51 Reassigning the id of job apply from (9401730.249.0) to (9401730.25.0)
07/15/26 10:30:51 Event: ULOG_SUBMIT for HTCondor Node apply (9401730.25.0) {07/14/26 16:41:46} [recovery mode]
07/15/26 10:30:51 Number of idle job procs: 169
07/15/26 10:30:51 Reassigning the id of job apply from (9401730.25.0) to (9401730.250.0)
07/15/26 10:30:51 Event: ULOG_SUBMIT for HTCondor Node apply (9401730.250.0) {07/14/26 16:41:46} [recovery mode]
07/15/26 10:30:51 Number of idle job procs: 170
07/15/26 10:30:51 Reassigning the id of job apply from (9401730.250.0) to (9401730.251.0)
07/15/26 10:30:51 Event: ULOG_SUBMIT for HTCondor Node apply (9401730.251.0) {07/14/26 16:41:46} [recovery mode]
07/15/26 10:30:51 Number of idle job procs: 171
07/15/26 10:30:51 Reassigning the id of job apply from (9401730.251.0) to (9401730.252.0)
07/15/26 10:30:51 Event: ULOG_SUBMIT for HTCondor Node apply (9401730.252.0) {07/14/26 16:41:46} [recovery mode]
07/15/26 10:30:51 Number of idle job procs: 172
07/15/26 10:30:51 Reassigning the id of job apply from (9401730.252.0) to (9401730.253.0)
07/15/26 10:30:51 Event: ULOG_SUBMIT for HTCondor Node apply (9401730.253.0) {07/14/26 16:41:46} [recovery mode]
07/15/26 10:30:51 Number of idle job procs: 173
07/15/26 10:30:51 Reassigning the id of job apply from (9401730.253.0) to (9401730.254.0)
07/15/26 10:30:51 Event: ULOG_SUBMIT for HTCondor Node apply (9401730.254.0) {07/14/26 16:41:46} [recovery mode]
07/15/26 10:30:51 Number of idle job procs: 174
07/15/26 10:30:51 Reassigning the id of job apply from (9401730.254.0) to (9401730.255.0)
07/15/26 10:30:51 Event: ULOG_SUBMIT for HTCondor Node apply (9401730.255.0) {07/14/26 16:41:46} [recovery mode]
07/15/26 10:30:51 Number of idle job procs: 175
07/15/26 10:30:51 Reassigning the id of job apply from (9401730.255.0) to (9401730.256.0)
07/15/26 10:30:51 Event: ULOG_SUBMIT for HTCondor Node apply (9401730.256.0) {07/14/26 16:41:46} [recovery mode]
07/15/26 10:30:51 Number of idle job procs: 176
07/15/26 10:30:51 Reassigning the id of job apply from (9401730.256.0) to (9401730.257.0)
07/15/26 10:30:51 Event: ULOG_SUBMIT for HTCondor Node apply (9401730.257.0) {07/14/26 16:41:46} [recovery mode]
07/15/26 10:30:51 Number of idle job procs: 177
07/15/26 10:30:51 Reassigning the id of job apply from (9401730.257.0) to (9401730.258.0)
07/15/26 10:30:51 Event: ULOG_SUBMIT for HTCondor Node apply (9401730.258.0) {07/14/26 16:41:46} [recovery mode]
07/15/26 10:30:51 Number of idle job procs: 178
07/15/26 10:30:51 Reassigning the id of job apply from (9401730.258.0) to (9401730.259.0)
07/15/26 10:30:51 Event: ULOG_SUBMIT for HTCondor Node apply (9401730.259.0) {07/14/26 16:41:46} [recovery mode]
07/15/26 10:30:51 Number of idle job procs: 179
07/15/26 10:30:51 Reassigning the id of job apply from (9401730.259.0) to (9401730.26.0)
07/15/26 10:30:51 Event: ULOG_SUBMIT for HTCondor Node apply (9401730.26.0) {07/14/26 16:41:46} [recovery mode]
07/15/26 10:30:51 Number of idle job procs: 180
07/15/26 10:30:51 Reassigning the id of job apply from (9401730.26.0) to (9401730.260.0)
07/15/26 10:30:51 Event: ULOG_SUBMIT for HTCondor Node apply (9401730.260.0) {07/14/26 16:41:46} [recovery mode]
07/15/26 10:30:51 Number of idle job procs: 181
07/15/26 10:30:51 Reassigning the id of job apply from (9401730.260.0) to (9401730.261.0)
07/15/26 10:30:51 Event: ULOG_SUBMIT for HTCondor Node apply (9401730.261.0) {07/14/26 16:41:46} [recovery mode]
07/15/26 10:30:51 Number of idle job procs: 182
07/15/26 10:30:51 Reassigning the id of job apply from (9401730.261.0) to (9401730.262.0)
07/15/26 10:30:51 Event: ULOG_SUBMIT for HTCondor Node apply (9401730.262.0) {07/14/26 16:41:46} [recovery mode]
07/15/26 10:30:51 Number of idle job procs: 183
07/15/26 10:30:51 Reassigning the id of job apply from (9401730.262.0) to (9401730.263.0)
07/15/26 10:30:51 Event: ULOG_SUBMIT for HTCondor Node apply (9401730.263.0) {07/14/26 16:41:46} [recovery mode]
07/15/26 10:30:51 Number of idle job procs: 184
07/15/26 10:30:51 Reassigning the id of job apply from (9401730.263.0) to (9401730.264.0)
07/15/26 10:30:51 Event: ULOG_SUBMIT for HTCondor Node apply (9401730.264.0) {07/14/26 16:41:46} [recovery mode]
07/15/26 10:30:51 Number of idle job procs: 185
07/15/26 10:30:51 Reassigning the id of job apply from (9401730.264.0) to (9401730.265.0)
07/15/26 10:30:51 Event: ULOG_SUBMIT for HTCondor Node apply (9401730.265.0) {07/14/26 16:41:46} [recovery mode]
07/15/26 10:30:51 Number of idle job procs: 186
07/15/26 10:30:51 Reassigning the id of job apply from (9401730.265.0) to (9401730.266.0)
07/15/26 10:30:51 Event: ULOG_SUBMIT for HTCondor Node apply (9401730.266.0) {07/14/26 16:41:46} [recovery mode]
07/15/26 10:30:51 Number of idle job procs: 187
07/15/26 10:30:51 Reassigning the id of job apply from (9401730.266.0) to (9401730.267.0)
07/15/26 10:30:51 Event: ULOG_SUBMIT for HTCondor Node apply (9401730.267.0) {07/14/26 16:41:46} [recovery mode]
07/15/26 10:30:51 Number of idle job procs: 188
07/15/26 10:30:51 Reassigning the id of job apply from (9401730.267.0) to (9401730.268.0)
07/15/26 10:30:52 Event: ULOG_SUBMIT for HTCondor Node apply (9401730.268.0) {07/14/26 16:41:46} [recovery mode]
07/15/26 10:30:52 Number of idle job procs: 189
07/15/26 10:30:52 Reassigning the id of job apply from (9401730.268.0) to (9401730.269.0)
07/15/26 10:30:52 Event: ULOG_SUBMIT for HTCondor Node apply (9401730.269.0) {07/14/26 16:41:46} [recovery mode]
07/15/26 10:30:52 Number of idle job procs: 190
07/15/26 10:30:52 Reassigning the id of job apply from (9401730.269.0) to (9401730.27.0)
07/15/26 10:30:52 Event: ULOG_SUBMIT for HTCondor Node apply (9401730.27.0) {07/14/26 16:41:46} [recovery mode]
07/15/26 10:30:52 Number of idle job procs: 191
07/15/26 10:30:52 Reassigning the id of job apply from (9401730.27.0) to (9401730.270.0)
07/15/26 10:30:52 Event: ULOG_SUBMIT for HTCondor Node apply (9401730.270.0) {07/14/26 16:41:46} [recovery mode]
07/15/26 10:30:52 Number of idle job procs: 192
07/15/26 10:30:52 Reassigning the id of job apply from (9401730.270.0) to (9401730.271.0)
07/15/26 10:30:52 Event: ULOG_SUBMIT for HTCondor Node apply (9401730.271.0) {07/14/26 16:41:46} [recovery mode]
07/15/26 10:30:52 Number of idle job procs: 193
07/15/26 10:30:52 Reassigning the id of job apply from (9401730.271.0) to (9401730.272.0)
07/15/26 10:30:52 Event: ULOG_SUBMIT for HTCondor Node apply (9401730.272.0) {07/14/26 16:41:46} [recovery mode]
07/15/26 10:30:52 Number of idle job procs: 194
07/15/26 10:30:52 Reassigning the id of job apply from (9401730.272.0) to (9401730.273.0)
07/15/26 10:30:52 Event: ULOG_SUBMIT for HTCondor Node apply (9401730.273.0) {07/14/26 16:41:46} [recovery mode]
07/15/26 10:30:52 Number of idle job procs: 195
07/15/26 10:30:52 Reassigning the id of job apply from (9401730.273.0) to (9401730.274.0)
07/15/26 10:30:52 Event: ULOG_SUBMIT for HTCondor Node apply (9401730.274.0) {07/14/26 16:41:46} [recovery mode]
07/15/26 10:30:52 Number of idle job procs: 196
07/15/26 10:30:52 Reassigning the id of job apply from (9401730.274.0) to (9401730.275.0)
07/15/26 10:30:52 Event: ULOG_SUBMIT for HTCondor Node apply (9401730.275.0) {07/14/26 16:41:46} [recovery mode]
07/15/26 10:30:52 Number of idle job procs: 197
07/15/26 10:30:52 Reassigning the id of job apply from (9401730.275.0) to (9401730.276.0)
07/15/26 10:30:52 Event: ULOG_SUBMIT for HTCondor Node apply (9401730.276.0) {07/14/26 16:41:46} [recovery mode]
07/15/26 10:30:52 Number of idle job procs: 198
07/15/26 10:30:52 Reassigning the id of job apply from (9401730.276.0) to (9401730.277.0)
07/15/26 10:30:52 Event: ULOG_SUBMIT for HTCondor Node apply (9401730.277.0) {07/14/26 16:41:46} [recovery mode]
07/15/26 10:30:52 Number of idle job procs: 199
07/15/26 10:30:52 Reassigning the id of job apply from (9401730.277.0) to (9401730.278.0)
07/15/26 10:30:52 Event: ULOG_SUBMIT for HTCondor Node apply (9401730.278.0) {07/14/26 16:41:46} [recovery mode]
07/15/26 10:30:52 Number of idle job procs: 200
07/15/26 10:30:52 Reassigning the id of job apply from (9401730.278.0) to (9401730.279.0)
07/15/26 10:30:52 Event: ULOG_SUBMIT for HTCondor Node apply (9401730.279.0) {07/14/26 16:41:46} [recovery mode]
07/15/26 10:30:52 Number of idle job procs: 201
07/15/26 10:30:52 Reassigning the id of job apply from (9401730.279.0) to (9401730.28.0)
07/15/26 10:30:52 Event: ULOG_SUBMIT for HTCondor Node apply (9401730.28.0) {07/14/26 16:41:46} [recovery mode]
07/15/26 10:30:52 Number of idle job procs: 202
07/15/26 10:30:52 Reassigning the id of job apply from (9401730.28.0) to (9401730.280.0)
07/15/26 10:30:52 Event: ULOG_SUBMIT for HTCondor Node apply (9401730.280.0) {07/14/26 16:41:46} [recovery mode]
07/15/26 10:30:52 Number of idle job procs: 203
07/15/26 10:30:52 Reassigning the id of job apply from (9401730.280.0) to (9401730.281.0)
07/15/26 10:30:52 Event: ULOG_SUBMIT for HTCondor Node apply (9401730.281.0) {07/14/26 16:41:46} [recovery mode]
07/15/26 10:30:52 Number of idle job procs: 204
07/15/26 10:30:52 Reassigning the id of job apply from (9401730.281.0) to (9401730.282.0)
07/15/26 10:30:52 Event: ULOG_SUBMIT for HTCondor Node apply (9401730.282.0) {07/14/26 16:41:46} [recovery mode]
07/15/26 10:30:52 Number of idle job procs: 205
07/15/26 10:30:52 Reassigning the id of job apply from (9401730.282.0) to (9401730.283.0)
07/15/26 10:30:52 Event: ULOG_SUBMIT for HTCondor Node apply (9401730.283.0) {07/14/26 16:41:46} [recovery mode]
07/15/26 10:30:52 Number of idle job procs: 206
07/15/26 10:30:52 Reassigning the id of job apply from (9401730.283.0) to (9401730.284.0)
07/15/26 10:30:52 Event: ULOG_SUBMIT for HTCondor Node apply (9401730.284.0) {07/14/26 16:41:46} [recovery mode]
07/15/26 10:30:52 Number of idle job procs: 207
07/15/26 10:30:52 Reassigning the id of job apply from (9401730.284.0) to (9401730.285.0)
07/15/26 10:30:52 Event: ULOG_SUBMIT for HTCondor Node apply (9401730.285.0) {07/14/26 16:41:46} [recovery mode]
07/15/26 10:30:52 Number of idle job procs: 208
07/15/26 10:30:52 Reassigning the id of job apply from (9401730.285.0) to (9401730.286.0)
07/15/26 10:30:52 Event: ULOG_SUBMIT for HTCondor Node apply (9401730.286.0) {07/14/26 16:41:46} [recovery mode]
07/15/26 10:30:52 Number of idle job procs: 209
07/15/26 10:30:52 Reassigning the id of job apply from (9401730.286.0) to (9401730.287.0)
07/15/26 10:30:52 Event: ULOG_SUBMIT for HTCondor Node apply (9401730.287.0) {07/14/26 16:41:46} [recovery mode]
07/15/26 10:30:52 Number of idle job procs: 210
07/15/26 10:30:52 Reassigning the id of job apply from (9401730.287.0) to (9401730.288.0)
07/15/26 10:30:52 Event: ULOG_SUBMIT for HTCondor Node apply (9401730.288.0) {07/14/26 16:41:46} [recovery mode]
07/15/26 10:30:52 Number of idle job procs: 211
07/15/26 10:30:52 Reassigning the id of job apply from (9401730.288.0) to (9401730.289.0)
07/15/26 10:30:52 Event: ULOG_SUBMIT for HTCondor Node apply (9401730.289.0) {07/14/26 16:41:46} [recovery mode]
07/15/26 10:30:52 Number of idle job procs: 212
07/15/26 10:30:52 Reassigning the id of job apply from (9401730.289.0) to (9401730.29.0)
07/15/26 10:30:52 Event: ULOG_SUBMIT for HTCondor Node apply (9401730.29.0) {07/14/26 16:41:46} [recovery mode]
07/15/26 10:30:52 Number of idle job procs: 213
07/15/26 10:30:52 Reassigning the id of job apply from (9401730.29.0) to (9401730.290.0)
07/15/26 10:30:52 Event: ULOG_SUBMIT for HTCondor Node apply (9401730.290.0) {07/14/26 16:41:46} [recovery mode]
07/15/26 10:30:52 Number of idle job procs: 214
07/15/26 10:30:52 Reassigning the id of job apply from (9401730.290.0) to (9401730.291.0)
07/15/26 10:30:52 Event: ULOG_SUBMIT for HTCondor Node apply (9401730.291.0) {07/14/26 16:41:46} [recovery mode]
07/15/26 10:30:52 Number of idle job procs: 215
07/15/26 10:30:52 Reassigning the id of job apply from (9401730.291.0) to (9401730.292.0)
07/15/26 10:30:52 Event: ULOG_SUBMIT for HTCondor Node apply (9401730.292.0) {07/14/26 16:41:46} [recovery mode]
07/15/26 10:30:52 Number of idle job procs: 216
07/15/26 10:30:52 Reassigning the id of job apply from (9401730.292.0) to (9401730.293.0)
07/15/26 10:30:52 Event: ULOG_SUBMIT for HTCondor Node apply (9401730.293.0) {07/14/26 16:41:46} [recovery mode]
07/15/26 10:30:52 Number of idle job procs: 217
07/15/26 10:30:52 Reassigning the id of job apply from (9401730.293.0) to (9401730.294.0)
07/15/26 10:30:52 Event: ULOG_SUBMIT for HTCondor Node apply (9401730.294.0) {07/14/26 16:41:46} [recovery mode]
07/15/26 10:30:52 Number of idle job procs: 218
07/15/26 10:30:52 Reassigning the id of job apply from (9401730.294.0) to (9401730.295.0)
07/15/26 10:30:52 Event: ULOG_SUBMIT for HTCondor Node apply (9401730.295.0) {07/14/26 16:41:46} [recovery mode]
07/15/26 10:30:52 Number of idle job procs: 219
07/15/26 10:30:52 Reassigning the id of job apply from (9401730.295.0) to (9401730.296.0)
07/15/26 10:30:52 Event: ULOG_SUBMIT for HTCondor Node apply (9401730.296.0) {07/14/26 16:41:46} [recovery mode]
07/15/26 10:30:52 Number of idle job procs: 220
07/15/26 10:30:52 Reassigning the id of job apply from (9401730.296.0) to (9401730.297.0)
07/15/26 10:30:52 Event: ULOG_SUBMIT for HTCondor Node apply (9401730.297.0) {07/14/26 16:41:46} [recovery mode]
07/15/26 10:30:52 Number of idle job procs: 221
07/15/26 10:30:52 Reassigning the id of job apply from (9401730.297.0) to (9401730.298.0)
07/15/26 10:30:52 Event: ULOG_SUBMIT for HTCondor Node apply (9401730.298.0) {07/14/26 16:41:46} [recovery mode]
07/15/26 10:30:52 Number of idle job procs: 222
07/15/26 10:30:52 Reassigning the id of job apply from (9401730.298.0) to (9401730.299.0)
07/15/26 10:30:52 Event: ULOG_SUBMIT for HTCondor Node apply (9401730.299.0) {07/14/26 16:41:46} [recovery mode]
07/15/26 10:30:52 Number of idle job procs: 223
07/15/26 10:30:52 Reassigning the id of job apply from (9401730.299.0) to (9401730.3.0)
07/15/26 10:30:52 Event: ULOG_SUBMIT for HTCondor Node apply (9401730.3.0) {07/14/26 16:41:46} [recovery mode]
07/15/26 10:30:52 Number of idle job procs: 224
07/15/26 10:30:52 Reassigning the id of job apply from (9401730.3.0) to (9401730.30.0)
07/15/26 10:30:52 Event: ULOG_SUBMIT for HTCondor Node apply (9401730.30.0) {07/14/26 16:41:46} [recovery mode]
07/15/26 10:30:52 Number of idle job procs: 225
07/15/26 10:30:52 Reassigning the id of job apply from (9401730.30.0) to (9401730.300.0)
07/15/26 10:30:52 Event: ULOG_SUBMIT for HTCondor Node apply (9401730.300.0) {07/14/26 16:41:46} [recovery mode]
07/15/26 10:30:52 Number of idle job procs: 226
07/15/26 10:30:52 Reassigning the id of job apply from (9401730.300.0) to (9401730.301.0)
07/15/26 10:30:52 Event: ULOG_SUBMIT for HTCondor Node apply (9401730.301.0) {07/14/26 16:41:46} [recovery mode]
07/15/26 10:30:52 Number of idle job procs: 227
07/15/26 10:30:52 Reassigning the id of job apply from (9401730.301.0) to (9401730.302.0)
07/15/26 10:30:52 Event: ULOG_SUBMIT for HTCondor Node apply (9401730.302.0) {07/14/26 16:41:46} [recovery mode]
07/15/26 10:30:52 Number of idle job procs: 228
07/15/26 10:30:52 Reassigning the id of job apply from (9401730.302.0) to (9401730.303.0)
07/15/26 10:30:52 Event: ULOG_SUBMIT for HTCondor Node apply (9401730.303.0) {07/14/26 16:41:46} [recovery mode]
07/15/26 10:30:52 Number of idle job procs: 229
07/15/26 10:30:52 Reassigning the id of job apply from (9401730.303.0) to (9401730.304.0)
07/15/26 10:30:52 Event: ULOG_SUBMIT for HTCondor Node apply (9401730.304.0) {07/14/26 16:41:46} [recovery mode]
07/15/26 10:30:52 Number of idle job procs: 230
07/15/26 10:30:52 Reassigning the id of job apply from (9401730.304.0) to (9401730.305.0)
07/15/26 10:30:52 Event: ULOG_SUBMIT for HTCondor Node apply (9401730.305.0) {07/14/26 16:41:46} [recovery mode]
07/15/26 10:30:52 Number of idle job procs: 231
07/15/26 10:30:52 Reassigning the id of job apply from (9401730.305.0) to (9401730.306.0)
07/15/26 10:30:52 Event: ULOG_SUBMIT for HTCondor Node apply (9401730.306.0) {07/14/26 16:41:46} [recovery mode]
07/15/26 10:30:52 Number of idle job procs: 232
07/15/26 10:30:52 Reassigning the id of job apply from (9401730.306.0) to (9401730.307.0)
07/15/26 10:30:52 Event: ULOG_SUBMIT for HTCondor Node apply (9401730.307.0) {07/14/26 16:41:46} [recovery mode]
07/15/26 10:30:52 Number of idle job procs: 233
07/15/26 10:30:52 Reassigning the id of job apply from (9401730.307.0) to (9401730.308.0)
07/15/26 10:30:52 Event: ULOG_SUBMIT for HTCondor Node apply (9401730.308.0) {07/14/26 16:41:46} [recovery mode]
07/15/26 10:30:52 Number of idle job procs: 234
07/15/26 10:30:52 Reassigning the id of job apply from (9401730.308.0) to (9401730.309.0)
07/15/26 10:30:52 Event: ULOG_SUBMIT for HTCondor Node apply (9401730.309.0) {07/14/26 16:41:46} [recovery mode]
07/15/26 10:30:52 Number of idle job procs: 235
07/15/26 10:30:52 Reassigning the id of job apply from (9401730.309.0) to (9401730.31.0)
07/15/26 10:30:52 Event: ULOG_SUBMIT for HTCondor Node apply (9401730.31.0) {07/14/26 16:41:46} [recovery mode]
07/15/26 10:30:52 Number of idle job procs: 236
07/15/26 10:30:52 Reassigning the id of job apply from (9401730.31.0) to (9401730.310.0)
07/15/26 10:30:52 Event: ULOG_SUBMIT for HTCondor Node apply (9401730.310.0) {07/14/26 16:41:46} [recovery mode]
07/15/26 10:30:52 Number of idle job procs: 237
07/15/26 10:30:52 Reassigning the id of job apply from (9401730.310.0) to (9401730.311.0)
07/15/26 10:30:52 Event: ULOG_SUBMIT for HTCondor Node apply (9401730.311.0) {07/14/26 16:41:46} [recovery mode]
07/15/26 10:30:52 Number of idle job procs: 238
07/15/26 10:30:52 Reassigning the id of job apply from (9401730.311.0) to (9401730.312.0)
07/15/26 10:30:52 Event: ULOG_SUBMIT for HTCondor Node apply (9401730.312.0) {07/14/26 16:41:46} [recovery mode]
07/15/26 10:30:52 Number of idle job procs: 239
07/15/26 10:30:52 Reassigning the id of job apply from (9401730.312.0) to (9401730.313.0)
07/15/26 10:30:52 Event: ULOG_SUBMIT for HTCondor Node apply (9401730.313.0) {07/14/26 16:41:46} [recovery mode]
07/15/26 10:30:52 Number of idle job procs: 240
07/15/26 10:30:53 Reassigning the id of job apply from (9401730.313.0) to (9401730.314.0)
07/15/26 10:30:53 Event: ULOG_SUBMIT for HTCondor Node apply (9401730.314.0) {07/14/26 16:41:46} [recovery mode]
07/15/26 10:30:53 Number of idle job procs: 241
07/15/26 10:30:53 Reassigning the id of job apply from (9401730.314.0) to (9401730.315.0)
07/15/26 10:30:53 Event: ULOG_SUBMIT for HTCondor Node apply (9401730.315.0) {07/14/26 16:41:46} [recovery mode]
07/15/26 10:30:53 Number of idle job procs: 242
07/15/26 10:30:53 Reassigning the id of job apply from (9401730.315.0) to (9401730.316.0)
07/15/26 10:30:53 Event: ULOG_SUBMIT for HTCondor Node apply (9401730.316.0) {07/14/26 16:41:46} [recovery mode]
07/15/26 10:30:53 Number of idle job procs: 243
07/15/26 10:30:53 Reassigning the id of job apply from (9401730.316.0) to (9401730.317.0)
07/15/26 10:30:53 Event: ULOG_SUBMIT for HTCondor Node apply (9401730.317.0) {07/14/26 16:41:46} [recovery mode]
07/15/26 10:30:53 Number of idle job procs: 244
07/15/26 10:30:53 Reassigning the id of job apply from (9401730.317.0) to (9401730.318.0)
07/15/26 10:30:53 Event: ULOG_SUBMIT for HTCondor Node apply (9401730.318.0) {07/14/26 16:41:46} [recovery mode]
07/15/26 10:30:53 Number of idle job procs: 245
07/15/26 10:30:53 Reassigning the id of job apply from (9401730.318.0) to (9401730.319.0)
07/15/26 10:30:53 Event: ULOG_SUBMIT for HTCondor Node apply (9401730.319.0) {07/14/26 16:41:46} [recovery mode]
07/15/26 10:30:53 Number of idle job procs: 246
07/15/26 10:30:53 Reassigning the id of job apply from (9401730.319.0) to (9401730.32.0)
07/15/26 10:30:53 Event: ULOG_SUBMIT for HTCondor Node apply (9401730.32.0) {07/14/26 16:41:46} [recovery mode]
07/15/26 10:30:53 Number of idle job procs: 247
07/15/26 10:30:53 Reassigning the id of job apply from (9401730.32.0) to (9401730.320.0)
07/15/26 10:30:53 Event: ULOG_SUBMIT for HTCondor Node apply (9401730.320.0) {07/14/26 16:41:46} [recovery mode]
07/15/26 10:30:53 Number of idle job procs: 248
07/15/26 10:30:53 Reassigning the id of job apply from (9401730.320.0) to (9401730.321.0)
07/15/26 10:30:53 Event: ULOG_SUBMIT for HTCondor Node apply (9401730.321.0) {07/14/26 16:41:46} [recovery mode]
07/15/26 10:30:53 Number of idle job procs: 249
07/15/26 10:30:53 Reassigning the id of job apply from (9401730.321.0) to (9401730.322.0)
07/15/26 10:30:53 Event: ULOG_SUBMIT for HTCondor Node apply (9401730.322.0) {07/14/26 16:41:46} [recovery mode]
07/15/26 10:30:53 Number of idle job procs: 250
07/15/26 10:30:53 Reassigning the id of job apply from (9401730.322.0) to (9401730.323.0)
07/15/26 10:30:53 Event: ULOG_SUBMIT for HTCondor Node apply (9401730.323.0) {07/14/26 16:41:46} [recovery mode]
07/15/26 10:30:53 Number of idle job procs: 251
07/15/26 10:30:53 Reassigning the id of job apply from (9401730.323.0) to (9401730.324.0)
07/15/26 10:30:53 Event: ULOG_SUBMIT for HTCondor Node apply (9401730.324.0) {07/14/26 16:41:46} [recovery mode]
07/15/26 10:30:53 Number of idle job procs: 252
07/15/26 10:30:53 Reassigning the id of job apply from (9401730.324.0) to (9401730.325.0)
07/15/26 10:30:53 Event: ULOG_SUBMIT for HTCondor Node apply (9401730.325.0) {07/14/26 16:41:46} [recovery mode]
07/15/26 10:30:53 Number of idle job procs: 253
07/15/26 10:30:53 Reassigning the id of job apply from (9401730.325.0) to (9401730.326.0)
07/15/26 10:30:53 Event: ULOG_SUBMIT for HTCondor Node apply (9401730.326.0) {07/14/26 16:41:46} [recovery mode]
07/15/26 10:30:53 Number of idle job procs: 254
07/15/26 10:30:53 Reassigning the id of job apply from (9401730.326.0) to (9401730.327.0)
07/15/26 10:30:53 Event: ULOG_SUBMIT for HTCondor Node apply (9401730.327.0) {07/14/26 16:41:46} [recovery mode]
07/15/26 10:30:53 Number of idle job procs: 255
07/15/26 10:30:53 Reassigning the id of job apply from (9401730.327.0) to (9401730.328.0)
07/15/26 10:30:53 Event: ULOG_SUBMIT for HTCondor Node apply (9401730.328.0) {07/14/26 16:41:46} [recovery mode]
07/15/26 10:30:53 Number of idle job procs: 256
07/15/26 10:30:53 Reassigning the id of job apply from (9401730.328.0) to (9401730.329.0)
07/15/26 10:30:53 Event: ULOG_SUBMIT for HTCondor Node apply (9401730.329.0) {07/14/26 16:41:46} [recovery mode]
07/15/26 10:30:53 Number of idle job procs: 257
07/15/26 10:30:53 Reassigning the id of job apply from (9401730.329.0) to (9401730.33.0)
07/15/26 10:30:53 Event: ULOG_SUBMIT for HTCondor Node apply (9401730.33.0) {07/14/26 16:41:46} [recovery mode]
07/15/26 10:30:53 Number of idle job procs: 258
07/15/26 10:30:53 Reassigning the id of job apply from (9401730.33.0) to (9401730.330.0)
07/15/26 10:30:53 Event: ULOG_SUBMIT for HTCondor Node apply (9401730.330.0) {07/14/26 16:41:46} [recovery mode]
07/15/26 10:30:53 Number of idle job procs: 259
07/15/26 10:30:53 Reassigning the id of job apply from (9401730.330.0) to (9401730.331.0)
07/15/26 10:30:53 Event: ULOG_SUBMIT for HTCondor Node apply (9401730.331.0) {07/14/26 16:41:46} [recovery mode]
07/15/26 10:30:53 Number of idle job procs: 260
07/15/26 10:30:53 Reassigning the id of job apply from (9401730.331.0) to (9401730.332.0)
07/15/26 10:30:53 Event: ULOG_SUBMIT for HTCondor Node apply (9401730.332.0) {07/14/26 16:41:46} [recovery mode]
07/15/26 10:30:53 Number of idle job procs: 261
07/15/26 10:30:53 Reassigning the id of job apply from (9401730.332.0) to (9401730.333.0)
07/15/26 10:30:53 Event: ULOG_SUBMIT for HTCondor Node apply (9401730.333.0) {07/14/26 16:41:46} [recovery mode]
07/15/26 10:30:53 Number of idle job procs: 262
07/15/26 10:30:53 Reassigning the id of job apply from (9401730.333.0) to (9401730.334.0)
07/15/26 10:30:53 Event: ULOG_SUBMIT for HTCondor Node apply (9401730.334.0) {07/14/26 16:41:46} [recovery mode]
07/15/26 10:30:53 Number of idle job procs: 263
07/15/26 10:30:53 Reassigning the id of job apply from (9401730.334.0) to (9401730.335.0)
07/15/26 10:30:53 Event: ULOG_SUBMIT for HTCondor Node apply (9401730.335.0) {07/14/26 16:41:46} [recovery mode]
07/15/26 10:30:53 Number of idle job procs: 264
07/15/26 10:30:53 Reassigning the id of job apply from (9401730.335.0) to (9401730.336.0)
07/15/26 10:30:53 Event: ULOG_SUBMIT for HTCondor Node apply (9401730.336.0) {07/14/26 16:41:46} [recovery mode]
07/15/26 10:30:53 Number of idle job procs: 265
07/15/26 10:30:53 Reassigning the id of job apply from (9401730.336.0) to (9401730.337.0)
07/15/26 10:30:53 Event: ULOG_SUBMIT for HTCondor Node apply (9401730.337.0) {07/14/26 16:41:46} [recovery mode]
07/15/26 10:30:53 Number of idle job procs: 266
07/15/26 10:30:53 Reassigning the id of job apply from (9401730.337.0) to (9401730.338.0)
07/15/26 10:30:53 Event: ULOG_SUBMIT for HTCondor Node apply (9401730.338.0) {07/14/26 16:41:46} [recovery mode]
07/15/26 10:30:53 Number of idle job procs: 267
07/15/26 10:30:53 Reassigning the id of job apply from (9401730.338.0) to (9401730.339.0)
07/15/26 10:30:53 Event: ULOG_SUBMIT for HTCondor Node apply (9401730.339.0) {07/14/26 16:41:46} [recovery mode]
07/15/26 10:30:53 Number of idle job procs: 268
07/15/26 10:30:53 Reassigning the id of job apply from (9401730.339.0) to (9401730.34.0)
07/15/26 10:30:53 Event: ULOG_SUBMIT for HTCondor Node apply (9401730.34.0) {07/14/26 16:41:46} [recovery mode]
07/15/26 10:30:53 Number of idle job procs: 269
07/15/26 10:30:53 Reassigning the id of job apply from (9401730.34.0) to (9401730.340.0)
07/15/26 10:30:53 Event: ULOG_SUBMIT for HTCondor Node apply (9401730.340.0) {07/14/26 16:41:46} [recovery mode]
07/15/26 10:30:53 Number of idle job procs: 270
07/15/26 10:30:53 Reassigning the id of job apply from (9401730.340.0) to (9401730.341.0)
07/15/26 10:30:53 Event: ULOG_SUBMIT for HTCondor Node apply (9401730.341.0) {07/14/26 16:41:46} [recovery mode]
07/15/26 10:30:53 Number of idle job procs: 271
07/15/26 10:30:53 Reassigning the id of job apply from (9401730.341.0) to (9401730.342.0)
07/15/26 10:30:53 Event: ULOG_SUBMIT for HTCondor Node apply (9401730.342.0) {07/14/26 16:41:46} [recovery mode]
07/15/26 10:30:53 Number of idle job procs: 272
07/15/26 10:30:53 Reassigning the id of job apply from (9401730.342.0) to (9401730.343.0)
07/15/26 10:30:53 Event: ULOG_SUBMIT for HTCondor Node apply (9401730.343.0) {07/14/26 16:41:46} [recovery mode]
07/15/26 10:30:53 Number of idle job procs: 273
07/15/26 10:30:53 Reassigning the id of job apply from (9401730.343.0) to (9401730.344.0)
07/15/26 10:30:53 Event: ULOG_SUBMIT for HTCondor Node apply (9401730.344.0) {07/14/26 16:41:46} [recovery mode]
07/15/26 10:30:53 Number of idle job procs: 274
07/15/26 10:30:53 Reassigning the id of job apply from (9401730.344.0) to (9401730.345.0)
07/15/26 10:30:53 Event: ULOG_SUBMIT for HTCondor Node apply (9401730.345.0) {07/14/26 16:41:46} [recovery mode]
07/15/26 10:30:53 Number of idle job procs: 275
07/15/26 10:30:53 Reassigning the id of job apply from (9401730.345.0) to (9401730.346.0)
07/15/26 10:30:53 Event: ULOG_SUBMIT for HTCondor Node apply (9401730.346.0) {07/14/26 16:41:46} [recovery mode]
07/15/26 10:30:53 Number of idle job procs: 276
07/15/26 10:30:53 Reassigning the id of job apply from (9401730.346.0) to (9401730.347.0)
07/15/26 10:30:53 Event: ULOG_SUBMIT for HTCondor Node apply (9401730.347.0) {07/14/26 16:41:46} [recovery mode]
07/15/26 10:30:53 Number of idle job procs: 277
07/15/26 10:30:53 Reassigning the id of job apply from (9401730.347.0) to (9401730.348.0)
07/15/26 10:30:53 Event: ULOG_SUBMIT for HTCondor Node apply (9401730.348.0) {07/14/26 16:41:46} [recovery mode]
07/15/26 10:30:53 Number of idle job procs: 278
07/15/26 10:30:53 Reassigning the id of job apply from (9401730.348.0) to (9401730.349.0)
07/15/26 10:30:53 Event: ULOG_SUBMIT for HTCondor Node apply (9401730.349.0) {07/14/26 16:41:46} [recovery mode]
07/15/26 10:30:53 Number of idle job procs: 279
07/15/26 10:30:53 Reassigning the id of job apply from (9401730.349.0) to (9401730.35.0)
07/15/26 10:30:53 Event: ULOG_SUBMIT for HTCondor Node apply (9401730.35.0) {07/14/26 16:41:46} [recovery mode]
07/15/26 10:30:53 Number of idle job procs: 280
07/15/26 10:30:53 Reassigning the id of job apply from (9401730.35.0) to (9401730.350.0)
07/15/26 10:30:53 Event: ULOG_SUBMIT for HTCondor Node apply (9401730.350.0) {07/14/26 16:41:46} [recovery mode]
07/15/26 10:30:53 Number of idle job procs: 281
07/15/26 10:30:53 Reassigning the id of job apply from (9401730.350.0) to (9401730.351.0)
07/15/26 10:30:53 Event: ULOG_SUBMIT for HTCondor Node apply (9401730.351.0) {07/14/26 16:41:46} [recovery mode]
07/15/26 10:30:53 Number of idle job procs: 282
07/15/26 10:30:53 Reassigning the id of job apply from (9401730.351.0) to (9401730.352.0)
07/15/26 10:30:53 Event: ULOG_SUBMIT for HTCondor Node apply (9401730.352.0) {07/14/26 16:41:46} [recovery mode]
07/15/26 10:30:53 Number of idle job procs: 283
07/15/26 10:30:53 Reassigning the id of job apply from (9401730.352.0) to (9401730.353.0)
07/15/26 10:30:53 Event: ULOG_SUBMIT for HTCondor Node apply (9401730.353.0) {07/14/26 16:41:46} [recovery mode]
07/15/26 10:30:53 Number of idle job procs: 284
07/15/26 10:30:53 Reassigning the id of job apply from (9401730.353.0) to (9401730.354.0)
07/15/26 10:30:53 Event: ULOG_SUBMIT for HTCondor Node apply (9401730.354.0) {07/14/26 16:41:46} [recovery mode]
07/15/26 10:30:53 Number of idle job procs: 285
07/15/26 10:30:53 Reassigning the id of job apply from (9401730.354.0) to (9401730.355.0)
07/15/26 10:30:53 Event: ULOG_SUBMIT for HTCondor Node apply (9401730.355.0) {07/14/26 16:41:46} [recovery mode]
07/15/26 10:30:53 Number of idle job procs: 286
07/15/26 10:30:53 Reassigning the id of job apply from (9401730.355.0) to (9401730.356.0)
07/15/26 10:30:53 Event: ULOG_SUBMIT for HTCondor Node apply (9401730.356.0) {07/14/26 16:41:46} [recovery mode]
07/15/26 10:30:53 Number of idle job procs: 287
07/15/26 10:30:53 Reassigning the id of job apply from (9401730.356.0) to (9401730.357.0)
07/15/26 10:30:53 Event: ULOG_SUBMIT for HTCondor Node apply (9401730.357.0) {07/14/26 16:41:46} [recovery mode]
07/15/26 10:30:53 Number of idle job procs: 288
07/15/26 10:30:53 Reassigning the id of job apply from (9401730.357.0) to (9401730.358.0)
07/15/26 10:30:54 Event: ULOG_SUBMIT for HTCondor Node apply (9401730.358.0) {07/14/26 16:41:46} [recovery mode]
07/15/26 10:30:54 Number of idle job procs: 289
07/15/26 10:30:54 Reassigning the id of job apply from (9401730.358.0) to (9401730.359.0)
07/15/26 10:30:54 Event: ULOG_SUBMIT for HTCondor Node apply (9401730.359.0) {07/14/26 16:41:46} [recovery mode]
07/15/26 10:30:54 Number of idle job procs: 290
07/15/26 10:30:54 Reassigning the id of job apply from (9401730.359.0) to (9401730.36.0)
07/15/26 10:30:54 Event: ULOG_SUBMIT for HTCondor Node apply (9401730.36.0) {07/14/26 16:41:46} [recovery mode]
07/15/26 10:30:54 Number of idle job procs: 291
07/15/26 10:30:54 Reassigning the id of job apply from (9401730.36.0) to (9401730.360.0)
07/15/26 10:30:54 Event: ULOG_SUBMIT for HTCondor Node apply (9401730.360.0) {07/14/26 16:41:46} [recovery mode]
07/15/26 10:30:54 Number of idle job procs: 292
07/15/26 10:30:54 Reassigning the id of job apply from (9401730.360.0) to (9401730.361.0)
07/15/26 10:30:54 Event: ULOG_SUBMIT for HTCondor Node apply (9401730.361.0) {07/14/26 16:41:46} [recovery mode]
07/15/26 10:30:54 Number of idle job procs: 293
07/15/26 10:30:54 Reassigning the id of job apply from (9401730.361.0) to (9401730.362.0)
07/15/26 10:30:54 Event: ULOG_SUBMIT for HTCondor Node apply (9401730.362.0) {07/14/26 16:41:46} [recovery mode]
07/15/26 10:30:54 Number of idle job procs: 294
07/15/26 10:30:54 Reassigning the id of job apply from (9401730.362.0) to (9401730.363.0)
07/15/26 10:30:54 Event: ULOG_SUBMIT for HTCondor Node apply (9401730.363.0) {07/14/26 16:41:46} [recovery mode]
07/15/26 10:30:54 Number of idle job procs: 295
07/15/26 10:30:54 Reassigning the id of job apply from (9401730.363.0) to (9401730.364.0)
07/15/26 10:30:54 Event: ULOG_SUBMIT for HTCondor Node apply (9401730.364.0) {07/14/26 16:41:46} [recovery mode]
07/15/26 10:30:54 Number of idle job procs: 296
07/15/26 10:30:54 Reassigning the id of job apply from (9401730.364.0) to (9401730.365.0)
07/15/26 10:30:54 Event: ULOG_SUBMIT for HTCondor Node apply (9401730.365.0) {07/14/26 16:41:46} [recovery mode]
07/15/26 10:30:54 Number of idle job procs: 297
07/15/26 10:30:54 Reassigning the id of job apply from (9401730.365.0) to (9401730.366.0)
07/15/26 10:30:54 Event: ULOG_SUBMIT for HTCondor Node apply (9401730.366.0) {07/14/26 16:41:46} [recovery mode]
07/15/26 10:30:54 Number of idle job procs: 298
07/15/26 10:30:54 Reassigning the id of job apply from (9401730.366.0) to (9401730.367.0)
07/15/26 10:30:54 Event: ULOG_SUBMIT for HTCondor Node apply (9401730.367.0) {07/14/26 16:41:46} [recovery mode]
07/15/26 10:30:54 Number of idle job procs: 299
07/15/26 10:30:54 Reassigning the id of job apply from (9401730.367.0) to (9401730.368.0)
07/15/26 10:30:54 Event: ULOG_SUBMIT for HTCondor Node apply (9401730.368.0) {07/14/26 16:41:46} [recovery mode]
07/15/26 10:30:54 Number of idle job procs: 300
07/15/26 10:30:54 Reassigning the id of job apply from (9401730.368.0) to (9401730.369.0)
07/15/26 10:30:54 Event: ULOG_SUBMIT for HTCondor Node apply (9401730.369.0) {07/14/26 16:41:46} [recovery mode]
07/15/26 10:30:54 Number of idle job procs: 301
07/15/26 10:30:54 Reassigning the id of job apply from (9401730.369.0) to (9401730.37.0)
07/15/26 10:30:54 Event: ULOG_SUBMIT for HTCondor Node apply (9401730.37.0) {07/14/26 16:41:46} [recovery mode]
07/15/26 10:30:54 Number of idle job procs: 302
07/15/26 10:30:54 Reassigning the id of job apply from (9401730.37.0) to (9401730.370.0)
07/15/26 10:30:54 Event: ULOG_SUBMIT for HTCondor Node apply (9401730.370.0) {07/14/26 16:41:46} [recovery mode]
07/15/26 10:30:54 Number of idle job procs: 303
07/15/26 10:30:54 Reassigning the id of job apply from (9401730.370.0) to (9401730.371.0)
07/15/26 10:30:54 Event: ULOG_SUBMIT for HTCondor Node apply (9401730.371.0) {07/14/26 16:41:46} [recovery mode]
07/15/26 10:30:54 Number of idle job procs: 304
07/15/26 10:30:54 Reassigning the id of job apply from (9401730.371.0) to (9401730.372.0)
07/15/26 10:30:54 Event: ULOG_SUBMIT for HTCondor Node apply (9401730.372.0) {07/14/26 16:41:46} [recovery mode]
07/15/26 10:30:54 Number of idle job procs: 305
07/15/26 10:30:54 Reassigning the id of job apply from (9401730.372.0) to (9401730.373.0)
07/15/26 10:30:54 Event: ULOG_SUBMIT for HTCondor Node apply (9401730.373.0) {07/14/26 16:41:46} [recovery mode]
07/15/26 10:30:54 Number of idle job procs: 306
07/15/26 10:30:54 Reassigning the id of job apply from (9401730.373.0) to (9401730.374.0)
07/15/26 10:30:54 Event: ULOG_SUBMIT for HTCondor Node apply (9401730.374.0) {07/14/26 16:41:46} [recovery mode]
07/15/26 10:30:54 Number of idle job procs: 307
07/15/26 10:30:54 Reassigning the id of job apply from (9401730.374.0) to (9401730.375.0)
07/15/26 10:30:54 Event: ULOG_SUBMIT for HTCondor Node apply (9401730.375.0) {07/14/26 16:41:46} [recovery mode]
07/15/26 10:30:54 Number of idle job procs: 308
07/15/26 10:30:54 Reassigning the id of job apply from (9401730.375.0) to (9401730.376.0)
07/15/26 10:30:54 Event: ULOG_SUBMIT for HTCondor Node apply (9401730.376.0) {07/14/26 16:41:46} [recovery mode]
07/15/26 10:30:54 Number of idle job procs: 309
07/15/26 10:30:54 Reassigning the id of job apply from (9401730.376.0) to (9401730.377.0)
07/15/26 10:30:54 Event: ULOG_SUBMIT for HTCondor Node apply (9401730.377.0) {07/14/26 16:41:46} [recovery mode]
07/15/26 10:30:54 Number of idle job procs: 310
07/15/26 10:30:54 Reassigning the id of job apply from (9401730.377.0) to (9401730.378.0)
07/15/26 10:30:54 Event: ULOG_SUBMIT for HTCondor Node apply (9401730.378.0) {07/14/26 16:41:46} [recovery mode]
07/15/26 10:30:54 Number of idle job procs: 311
07/15/26 10:30:54 Reassigning the id of job apply from (9401730.378.0) to (9401730.379.0)
07/15/26 10:30:54 Event: ULOG_SUBMIT for HTCondor Node apply (9401730.379.0) {07/14/26 16:41:46} [recovery mode]
07/15/26 10:30:54 Number of idle job procs: 312
07/15/26 10:30:54 Reassigning the id of job apply from (9401730.379.0) to (9401730.38.0)
07/15/26 10:30:54 Event: ULOG_SUBMIT for HTCondor Node apply (9401730.38.0) {07/14/26 16:41:46} [recovery mode]
07/15/26 10:30:54 Number of idle job procs: 313
07/15/26 10:30:54 Reassigning the id of job apply from (9401730.38.0) to (9401730.380.0)
07/15/26 10:30:54 Event: ULOG_SUBMIT for HTCondor Node apply (9401730.380.0) {07/14/26 16:41:46} [recovery mode]
07/15/26 10:30:54 Number of idle job procs: 314
07/15/26 10:30:54 Reassigning the id of job apply from (9401730.380.0) to (9401730.381.0)
07/15/26 10:30:54 Event: ULOG_SUBMIT for HTCondor Node apply (9401730.381.0) {07/14/26 16:41:46} [recovery mode]
07/15/26 10:30:54 Number of idle job procs: 315
07/15/26 10:30:54 Reassigning the id of job apply from (9401730.381.0) to (9401730.382.0)
07/15/26 10:30:54 Event: ULOG_SUBMIT for HTCondor Node apply (9401730.382.0) {07/14/26 16:41:46} [recovery mode]
07/15/26 10:30:54 Number of idle job procs: 316
07/15/26 10:30:54 Reassigning the id of job apply from (9401730.382.0) to (9401730.383.0)
07/15/26 10:30:54 Event: ULOG_SUBMIT for HTCondor Node apply (9401730.383.0) {07/14/26 16:41:46} [recovery mode]
07/15/26 10:30:54 Number of idle job procs: 317
07/15/26 10:30:54 Reassigning the id of job apply from (9401730.383.0) to (9401730.384.0)
07/15/26 10:30:54 Event: ULOG_SUBMIT for HTCondor Node apply (9401730.384.0) {07/14/26 16:41:46} [recovery mode]
07/15/26 10:30:54 Number of idle job procs: 318
07/15/26 10:30:54 Reassigning the id of job apply from (9401730.384.0) to (9401730.385.0)
07/15/26 10:30:54 Event: ULOG_SUBMIT for HTCondor Node apply (9401730.385.0) {07/14/26 16:41:46} [recovery mode]
07/15/26 10:30:54 Number of idle job procs: 319
07/15/26 10:30:54 Reassigning the id of job apply from (9401730.385.0) to (9401730.386.0)
07/15/26 10:30:54 Event: ULOG_SUBMIT for HTCondor Node apply (9401730.386.0) {07/14/26 16:41:46} [recovery mode]
07/15/26 10:30:54 Number of idle job procs: 320
07/15/26 10:30:54 Reassigning the id of job apply from (9401730.386.0) to (9401730.387.0)
07/15/26 10:30:54 Event: ULOG_SUBMIT for HTCondor Node apply (9401730.387.0) {07/14/26 16:41:46} [recovery mode]
07/15/26 10:30:54 Number of idle job procs: 321
07/15/26 10:30:54 Reassigning the id of job apply from (9401730.387.0) to (9401730.388.0)
07/15/26 10:30:54 Event: ULOG_SUBMIT for HTCondor Node apply (9401730.388.0) {07/14/26 16:41:46} [recovery mode]
07/15/26 10:30:54 Number of idle job procs: 322
07/15/26 10:30:54 Reassigning the id of job apply from (9401730.388.0) to (9401730.389.0)
07/15/26 10:30:54 Event: ULOG_SUBMIT for HTCondor Node apply (9401730.389.0) {07/14/26 16:41:46} [recovery mode]
07/15/26 10:30:54 Number of idle job procs: 323
07/15/26 10:30:54 Reassigning the id of job apply from (9401730.389.0) to (9401730.39.0)
07/15/26 10:30:54 Event: ULOG_SUBMIT for HTCondor Node apply (9401730.39.0) {07/14/26 16:41:46} [recovery mode]
07/15/26 10:30:54 Number of idle job procs: 324
07/15/26 10:30:54 Reassigning the id of job apply from (9401730.39.0) to (9401730.390.0)
07/15/26 10:30:54 Event: ULOG_SUBMIT for HTCondor Node apply (9401730.390.0) {07/14/26 16:41:46} [recovery mode]
07/15/26 10:30:54 Number of idle job procs: 325
07/15/26 10:30:54 Reassigning the id of job apply from (9401730.390.0) to (9401730.391.0)
07/15/26 10:30:54 Event: ULOG_SUBMIT for HTCondor Node apply (9401730.391.0) {07/14/26 16:41:46} [recovery mode]
07/15/26 10:30:54 Number of idle job procs: 326
07/15/26 10:30:54 Reassigning the id of job apply from (9401730.391.0) to (9401730.392.0)
07/15/26 10:30:54 Event: ULOG_SUBMIT for HTCondor Node apply (9401730.392.0) {07/14/26 16:41:46} [recovery mode]
07/15/26 10:30:54 Number of idle job procs: 327
07/15/26 10:30:54 Reassigning the id of job apply from (9401730.392.0) to (9401730.393.0)
07/15/26 10:30:54 Event: ULOG_SUBMIT for HTCondor Node apply (9401730.393.0) {07/14/26 16:41:46} [recovery mode]
07/15/26 10:30:54 Number of idle job procs: 328
07/15/26 10:30:54 Reassigning the id of job apply from (9401730.393.0) to (9401730.394.0)
07/15/26 10:30:54 Event: ULOG_SUBMIT for HTCondor Node apply (9401730.394.0) {07/14/26 16:41:46} [recovery mode]
07/15/26 10:30:54 Number of idle job procs: 329
07/15/26 10:30:54 Reassigning the id of job apply from (9401730.394.0) to (9401730.395.0)
07/15/26 10:30:54 Event: ULOG_SUBMIT for HTCondor Node apply (9401730.395.0) {07/14/26 16:41:46} [recovery mode]
07/15/26 10:30:54 Number of idle job procs: 330
07/15/26 10:30:54 Reassigning the id of job apply from (9401730.395.0) to (9401730.396.0)
07/15/26 10:30:54 Event: ULOG_SUBMIT for HTCondor Node apply (9401730.396.0) {07/14/26 16:41:46} [recovery mode]
07/15/26 10:30:54 Number of idle job procs: 331
07/15/26 10:30:54 Reassigning the id of job apply from (9401730.396.0) to (9401730.397.0)
07/15/26 10:30:54 Event: ULOG_SUBMIT for HTCondor Node apply (9401730.397.0) {07/14/26 16:41:46} [recovery mode]
07/15/26 10:30:54 Number of idle job procs: 332
07/15/26 10:30:54 Reassigning the id of job apply from (9401730.397.0) to (9401730.398.0)
07/15/26 10:30:54 Event: ULOG_SUBMIT for HTCondor Node apply (9401730.398.0) {07/14/26 16:41:46} [recovery mode]
07/15/26 10:30:54 Number of idle job procs: 333
07/15/26 10:30:54 Reassigning the id of job apply from (9401730.398.0) to (9401730.399.0)
07/15/26 10:30:55 Event: ULOG_SUBMIT for HTCondor Node apply (9401730.399.0) {07/14/26 16:41:46} [recovery mode]
07/15/26 10:30:55 Number of idle job procs: 334
07/15/26 10:30:55 Reassigning the id of job apply from (9401730.399.0) to (9401730.4.0)
07/15/26 10:30:55 Event: ULOG_SUBMIT for HTCondor Node apply (9401730.4.0) {07/14/26 16:41:46} [recovery mode]
07/15/26 10:30:55 Number of idle job procs: 335
07/15/26 10:30:55 Reassigning the id of job apply from (9401730.4.0) to (9401730.40.0)
07/15/26 10:30:55 Event: ULOG_SUBMIT for HTCondor Node apply (9401730.40.0) {07/14/26 16:41:46} [recovery mode]
07/15/26 10:30:55 Number of idle job procs: 336
07/15/26 10:30:55 Reassigning the id of job apply from (9401730.40.0) to (9401730.400.0)
07/15/26 10:30:55 Event: ULOG_SUBMIT for HTCondor Node apply (9401730.400.0) {07/14/26 16:41:46} [recovery mode]
07/15/26 10:30:55 Number of idle job procs: 337
07/15/26 10:30:55 Reassigning the id of job apply from (9401730.400.0) to (9401730.401.0)
07/15/26 10:30:55 Event: ULOG_SUBMIT for HTCondor Node apply (9401730.401.0) {07/14/26 16:41:46} [recovery mode]
07/15/26 10:30:55 Number of idle job procs: 338
07/15/26 10:30:55 Reassigning the id of job apply from (9401730.401.0) to (9401730.402.0)
07/15/26 10:30:55 Event: ULOG_SUBMIT for HTCondor Node apply (9401730.402.0) {07/14/26 16:41:46} [recovery mode]
07/15/26 10:30:55 Number of idle job procs: 339
07/15/26 10:30:55 Reassigning the id of job apply from (9401730.402.0) to (9401730.403.0)
07/15/26 10:30:55 Event: ULOG_SUBMIT for HTCondor Node apply (9401730.403.0) {07/14/26 16:41:46} [recovery mode]
07/15/26 10:30:55 Number of idle job procs: 340
07/15/26 10:30:55 Reassigning the id of job apply from (9401730.403.0) to (9401730.404.0)
07/15/26 10:30:55 Event: ULOG_SUBMIT for HTCondor Node apply (9401730.404.0) {07/14/26 16:41:46} [recovery mode]
07/15/26 10:30:55 Number of idle job procs: 341
07/15/26 10:30:55 Reassigning the id of job apply from (9401730.404.0) to (9401730.405.0)
07/15/26 10:30:55 Event: ULOG_SUBMIT for HTCondor Node apply (9401730.405.0) {07/14/26 16:41:46} [recovery mode]
07/15/26 10:30:55 Number of idle job procs: 342
07/15/26 10:30:55 Reassigning the id of job apply from (9401730.405.0) to (9401730.406.0)
07/15/26 10:30:55 Event: ULOG_SUBMIT for HTCondor Node apply (9401730.406.0) {07/14/26 16:41:46} [recovery mode]
07/15/26 10:30:55 Number of idle job procs: 343
07/15/26 10:30:55 Reassigning the id of job apply from (9401730.406.0) to (9401730.407.0)
07/15/26 10:30:55 Event: ULOG_SUBMIT for HTCondor Node apply (9401730.407.0) {07/14/26 16:41:46} [recovery mode]
07/15/26 10:30:55 Number of idle job procs: 344
07/15/26 10:30:55 Reassigning the id of job apply from (9401730.407.0) to (9401730.408.0)
07/15/26 10:30:55 Event: ULOG_SUBMIT for HTCondor Node apply (9401730.408.0) {07/14/26 16:41:46} [recovery mode]
07/15/26 10:30:55 Number of idle job procs: 345
07/15/26 10:30:55 Reassigning the id of job apply from (9401730.408.0) to (9401730.409.0)
07/15/26 10:30:55 Event: ULOG_SUBMIT for HTCondor Node apply (9401730.409.0) {07/14/26 16:41:46} [recovery mode]
07/15/26 10:30:55 Number of idle job procs: 346
07/15/26 10:30:55 Reassigning the id of job apply from (9401730.409.0) to (9401730.41.0)
07/15/26 10:30:55 Event: ULOG_SUBMIT for HTCondor Node apply (9401730.41.0) {07/14/26 16:41:46} [recovery mode]
07/15/26 10:30:55 Number of idle job procs: 347
07/15/26 10:30:55 Reassigning the id of job apply from (9401730.41.0) to (9401730.410.0)
07/15/26 10:30:55 Event: ULOG_SUBMIT for HTCondor Node apply (9401730.410.0) {07/14/26 16:41:46} [recovery mode]
07/15/26 10:30:55 Number of idle job procs: 348
07/15/26 10:30:55 Reassigning the id of job apply from (9401730.410.0) to (9401730.411.0)
07/15/26 10:30:55 Event: ULOG_SUBMIT for HTCondor Node apply (9401730.411.0) {07/14/26 16:41:46} [recovery mode]
07/15/26 10:30:55 Number of idle job procs: 349
07/15/26 10:30:55 Reassigning the id of job apply from (9401730.411.0) to (9401730.412.0)
07/15/26 10:30:55 Event: ULOG_SUBMIT for HTCondor Node apply (9401730.412.0) {07/14/26 16:41:46} [recovery mode]
07/15/26 10:30:55 Number of idle job procs: 350
07/15/26 10:30:55 Reassigning the id of job apply from (9401730.412.0) to (9401730.413.0)
07/15/26 10:30:55 Event: ULOG_SUBMIT for HTCondor Node apply (9401730.413.0) {07/14/26 16:41:46} [recovery mode]
07/15/26 10:30:55 Number of idle job procs: 351
07/15/26 10:30:55 Reassigning the id of job apply from (9401730.413.0) to (9401730.414.0)
07/15/26 10:30:55 Event: ULOG_SUBMIT for HTCondor Node apply (9401730.414.0) {07/14/26 16:41:46} [recovery mode]
07/15/26 10:30:55 Number of idle job procs: 352
07/15/26 10:30:55 Reassigning the id of job apply from (9401730.414.0) to (9401730.415.0)
07/15/26 10:30:55 Event: ULOG_SUBMIT for HTCondor Node apply (9401730.415.0) {07/14/26 16:41:46} [recovery mode]
07/15/26 10:30:55 Number of idle job procs: 353
07/15/26 10:30:55 Reassigning the id of job apply from (9401730.415.0) to (9401730.416.0)
07/15/26 10:30:55 Event: ULOG_SUBMIT for HTCondor Node apply (9401730.416.0) {07/14/26 16:41:46} [recovery mode]
07/15/26 10:30:55 Number of idle job procs: 354
07/15/26 10:30:55 Reassigning the id of job apply from (9401730.416.0) to (9401730.417.0)
07/15/26 10:30:55 Event: ULOG_SUBMIT for HTCondor Node apply (9401730.417.0) {07/14/26 16:41:46} [recovery mode]
07/15/26 10:30:55 Number of idle job procs: 355
07/15/26 10:30:55 Reassigning the id of job apply from (9401730.417.0) to (9401730.418.0)
07/15/26 10:30:55 Event: ULOG_SUBMIT for HTCondor Node apply (9401730.418.0) {07/14/26 16:41:46} [recovery mode]
07/15/26 10:30:55 Number of idle job procs: 356
07/15/26 10:30:55 Reassigning the id of job apply from (9401730.418.0) to (9401730.419.0)
07/15/26 10:30:55 Event: ULOG_SUBMIT for HTCondor Node apply (9401730.419.0) {07/14/26 16:41:46} [recovery mode]
07/15/26 10:30:55 Number of idle job procs: 357
07/15/26 10:30:55 Reassigning the id of job apply from (9401730.419.0) to (9401730.42.0)
07/15/26 10:30:55 Event: ULOG_SUBMIT for HTCondor Node apply (9401730.42.0) {07/14/26 16:41:46} [recovery mode]
07/15/26 10:30:55 Number of idle job procs: 358
07/15/26 10:30:55 Reassigning the id of job apply from (9401730.42.0) to (9401730.420.0)
07/15/26 10:30:55 Event: ULOG_SUBMIT for HTCondor Node apply (9401730.420.0) {07/14/26 16:41:46} [recovery mode]
07/15/26 10:30:55 Number of idle job procs: 359
07/15/26 10:30:55 Reassigning the id of job apply from (9401730.420.0) to (9401730.421.0)
07/15/26 10:30:55 Event: ULOG_SUBMIT for HTCondor Node apply (9401730.421.0) {07/14/26 16:41:46} [recovery mode]
07/15/26 10:30:55 Number of idle job procs: 360
07/15/26 10:30:55 Reassigning the id of job apply from (9401730.421.0) to (9401730.422.0)
07/15/26 10:30:55 Event: ULOG_SUBMIT for HTCondor Node apply (9401730.422.0) {07/14/26 16:41:46} [recovery mode]
07/15/26 10:30:55 Number of idle job procs: 361
07/15/26 10:30:55 Reassigning the id of job apply from (9401730.422.0) to (9401730.423.0)
07/15/26 10:30:55 Event: ULOG_SUBMIT for HTCondor Node apply (9401730.423.0) {07/14/26 16:41:46} [recovery mode]
07/15/26 10:30:55 Number of idle job procs: 362
07/15/26 10:30:55 Reassigning the id of job apply from (9401730.423.0) to (9401730.424.0)
07/15/26 10:30:55 Event: ULOG_SUBMIT for HTCondor Node apply (9401730.424.0) {07/14/26 16:41:46} [recovery mode]
07/15/26 10:30:55 Number of idle job procs: 363
07/15/26 10:30:55 Reassigning the id of job apply from (9401730.424.0) to (9401730.425.0)
07/15/26 10:30:55 Event: ULOG_SUBMIT for HTCondor Node apply (9401730.425.0) {07/14/26 16:41:46} [recovery mode]
07/15/26 10:30:55 Number of idle job procs: 364
07/15/26 10:30:55 Reassigning the id of job apply from (9401730.425.0) to (9401730.426.0)
07/15/26 10:30:55 Event: ULOG_SUBMIT for HTCondor Node apply (9401730.426.0) {07/14/26 16:41:46} [recovery mode]
07/15/26 10:30:55 Number of idle job procs: 365
07/15/26 10:30:55 Reassigning the id of job apply from (9401730.426.0) to (9401730.427.0)
07/15/26 10:30:55 Event: ULOG_SUBMIT for HTCondor Node apply (9401730.427.0) {07/14/26 16:41:46} [recovery mode]
07/15/26 10:30:55 Number of idle job procs: 366
07/15/26 10:30:55 Reassigning the id of job apply from (9401730.427.0) to (9401730.428.0)
07/15/26 10:30:55 Event: ULOG_SUBMIT for HTCondor Node apply (9401730.428.0) {07/14/26 16:41:46} [recovery mode]
07/15/26 10:30:55 Number of idle job procs: 367
07/15/26 10:30:55 Reassigning the id of job apply from (9401730.428.0) to (9401730.429.0)
07/15/26 10:30:55 Event: ULOG_SUBMIT for HTCondor Node apply (9401730.429.0) {07/14/26 16:41:46} [recovery mode]
07/15/26 10:30:55 Number of idle job procs: 368
07/15/26 10:30:55 Reassigning the id of job apply from (9401730.429.0) to (9401730.43.0)
07/15/26 10:30:55 Event: ULOG_SUBMIT for HTCondor Node apply (9401730.43.0) {07/14/26 16:41:46} [recovery mode]
07/15/26 10:30:55 Number of idle job procs: 369
07/15/26 10:30:55 Reassigning the id of job apply from (9401730.43.0) to (9401730.430.0)
07/15/26 10:30:55 Event: ULOG_SUBMIT for HTCondor Node apply (9401730.430.0) {07/14/26 16:41:46} [recovery mode]
07/15/26 10:30:55 Number of idle job procs: 370
07/15/26 10:30:55 Reassigning the id of job apply from (9401730.430.0) to (9401730.431.0)
07/15/26 10:30:55 Event: ULOG_SUBMIT for HTCondor Node apply (9401730.431.0) {07/14/26 16:41:46} [recovery mode]
07/15/26 10:30:55 Number of idle job procs: 371
07/15/26 10:30:55 Reassigning the id of job apply from (9401730.431.0) to (9401730.432.0)
07/15/26 10:30:55 Event: ULOG_SUBMIT for HTCondor Node apply (9401730.432.0) {07/14/26 16:41:46} [recovery mode]
07/15/26 10:30:55 Number of idle job procs: 372
07/15/26 10:30:55 Reassigning the id of job apply from (9401730.432.0) to (9401730.433.0)
07/15/26 10:30:55 Event: ULOG_SUBMIT for HTCondor Node apply (9401730.433.0) {07/14/26 16:41:46} [recovery mode]
07/15/26 10:30:55 Number of idle job procs: 373
07/15/26 10:30:56 Reassigning the id of job apply from (9401730.433.0) to (9401730.434.0)
07/15/26 10:30:56 Event: ULOG_SUBMIT for HTCondor Node apply (9401730.434.0) {07/14/26 16:41:46} [recovery mode]
07/15/26 10:30:56 Number of idle job procs: 374
07/15/26 10:30:56 Reassigning the id of job apply from (9401730.434.0) to (9401730.435.0)
07/15/26 10:30:56 Event: ULOG_SUBMIT for HTCondor Node apply (9401730.435.0) {07/14/26 16:41:46} [recovery mode]
07/15/26 10:30:56 Number of idle job procs: 375
07/15/26 10:30:56 Reassigning the id of job apply from (9401730.435.0) to (9401730.436.0)
07/15/26 10:30:56 Event: ULOG_SUBMIT for HTCondor Node apply (9401730.436.0) {07/14/26 16:41:46} [recovery mode]
07/15/26 10:30:56 Number of idle job procs: 376
07/15/26 10:30:56 Reassigning the id of job apply from (9401730.436.0) to (9401730.437.0)
07/15/26 10:30:56 Event: ULOG_SUBMIT for HTCondor Node apply (9401730.437.0) {07/14/26 16:41:46} [recovery mode]
07/15/26 10:30:56 Number of idle job procs: 377
07/15/26 10:30:56 Reassigning the id of job apply from (9401730.437.0) to (9401730.438.0)
07/15/26 10:30:56 Event: ULOG_SUBMIT for HTCondor Node apply (9401730.438.0) {07/14/26 16:41:46} [recovery mode]
07/15/26 10:30:56 Number of idle job procs: 378
07/15/26 10:30:56 Reassigning the id of job apply from (9401730.438.0) to (9401730.439.0)
07/15/26 10:30:56 Event: ULOG_SUBMIT for HTCondor Node apply (9401730.439.0) {07/14/26 16:41:46} [recovery mode]
07/15/26 10:30:56 Number of idle job procs: 379
07/15/26 10:30:56 Reassigning the id of job apply from (9401730.439.0) to (9401730.44.0)
07/15/26 10:30:56 Event: ULOG_SUBMIT for HTCondor Node apply (9401730.44.0) {07/14/26 16:41:46} [recovery mode]
07/15/26 10:30:56 Number of idle job procs: 380
07/15/26 10:30:56 Reassigning the id of job apply from (9401730.44.0) to (9401730.440.0)
07/15/26 10:30:56 Event: ULOG_SUBMIT for HTCondor Node apply (9401730.440.0) {07/14/26 16:41:46} [recovery mode]
07/15/26 10:30:56 Number of idle job procs: 381
07/15/26 10:30:56 Reassigning the id of job apply from (9401730.440.0) to (9401730.441.0)
07/15/26 10:30:56 Event: ULOG_SUBMIT for HTCondor Node apply (9401730.441.0) {07/14/26 16:41:46} [recovery mode]
07/15/26 10:30:56 Number of idle job procs: 382
07/15/26 10:30:56 Reassigning the id of job apply from (9401730.441.0) to (9401730.442.0)
07/15/26 10:30:56 Event: ULOG_SUBMIT for HTCondor Node apply (9401730.442.0) {07/14/26 16:41:46} [recovery mode]
07/15/26 10:30:56 Number of idle job procs: 383
07/15/26 10:30:56 Reassigning the id of job apply from (9401730.442.0) to (9401730.443.0)
07/15/26 10:30:56 Event: ULOG_SUBMIT for HTCondor Node apply (9401730.443.0) {07/14/26 16:41:46} [recovery mode]
07/15/26 10:30:56 Number of idle job procs: 384
07/15/26 10:30:56 Reassigning the id of job apply from (9401730.443.0) to (9401730.444.0)
07/15/26 10:30:56 Event: ULOG_SUBMIT for HTCondor Node apply (9401730.444.0) {07/14/26 16:41:46} [recovery mode]
07/15/26 10:30:56 Number of idle job procs: 385
07/15/26 10:30:56 Reassigning the id of job apply from (9401730.444.0) to (9401730.445.0)
07/15/26 10:30:56 Event: ULOG_SUBMIT for HTCondor Node apply (9401730.445.0) {07/14/26 16:41:46} [recovery mode]
07/15/26 10:30:56 Number of idle job procs: 386
07/15/26 10:30:56 Reassigning the id of job apply from (9401730.445.0) to (9401730.446.0)
07/15/26 10:30:56 Event: ULOG_SUBMIT for HTCondor Node apply (9401730.446.0) {07/14/26 16:41:46} [recovery mode]
07/15/26 10:30:56 Number of idle job procs: 387
07/15/26 10:30:56 Reassigning the id of job apply from (9401730.446.0) to (9401730.447.0)
07/15/26 10:30:56 Event: ULOG_SUBMIT for HTCondor Node apply (9401730.447.0) {07/14/26 16:41:46} [recovery mode]
07/15/26 10:30:56 Number of idle job procs: 388
07/15/26 10:30:56 Reassigning the id of job apply from (9401730.447.0) to (9401730.448.0)
07/15/26 10:30:56 Event: ULOG_SUBMIT for HTCondor Node apply (9401730.448.0) {07/14/26 16:41:46} [recovery mode]
07/15/26 10:30:56 Number of idle job procs: 389
07/15/26 10:30:56 Reassigning the id of job apply from (9401730.448.0) to (9401730.449.0)
07/15/26 10:30:56 Event: ULOG_SUBMIT for HTCondor Node apply (9401730.449.0) {07/14/26 16:41:46} [recovery mode]
07/15/26 10:30:56 Number of idle job procs: 390
07/15/26 10:30:56 Reassigning the id of job apply from (9401730.449.0) to (9401730.45.0)
07/15/26 10:30:56 Event: ULOG_SUBMIT for HTCondor Node apply (9401730.45.0) {07/14/26 16:41:46} [recovery mode]
07/15/26 10:30:56 Number of idle job procs: 391
07/15/26 10:30:56 Reassigning the id of job apply from (9401730.45.0) to (9401730.450.0)
07/15/26 10:30:56 Event: ULOG_SUBMIT for HTCondor Node apply (9401730.450.0) {07/14/26 16:41:46} [recovery mode]
07/15/26 10:30:56 Number of idle job procs: 392
07/15/26 10:30:56 Reassigning the id of job apply from (9401730.450.0) to (9401730.451.0)
07/15/26 10:30:56 Event: ULOG_SUBMIT for HTCondor Node apply (9401730.451.0) {07/14/26 16:41:47} [recovery mode]
07/15/26 10:30:56 Number of idle job procs: 393
07/15/26 10:30:56 Reassigning the id of job apply from (9401730.451.0) to (9401730.452.0)
07/15/26 10:30:56 Event: ULOG_SUBMIT for HTCondor Node apply (9401730.452.0) {07/14/26 16:41:47} [recovery mode]
07/15/26 10:30:56 Number of idle job procs: 394
07/15/26 10:30:56 Reassigning the id of job apply from (9401730.452.0) to (9401730.453.0)
07/15/26 10:30:56 Event: ULOG_SUBMIT for HTCondor Node apply (9401730.453.0) {07/14/26 16:41:47} [recovery mode]
07/15/26 10:30:56 Number of idle job procs: 395
07/15/26 10:30:56 Reassigning the id of job apply from (9401730.453.0) to (9401730.454.0)
07/15/26 10:30:56 Event: ULOG_SUBMIT for HTCondor Node apply (9401730.454.0) {07/14/26 16:41:47} [recovery mode]
07/15/26 10:30:56 Number of idle job procs: 396
07/15/26 10:30:56 Reassigning the id of job apply from (9401730.454.0) to (9401730.455.0)
07/15/26 10:30:56 Event: ULOG_SUBMIT for HTCondor Node apply (9401730.455.0) {07/14/26 16:41:47} [recovery mode]
07/15/26 10:30:56 Number of idle job procs: 397
07/15/26 10:30:56 Reassigning the id of job apply from (9401730.455.0) to (9401730.456.0)
07/15/26 10:30:56 Event: ULOG_SUBMIT for HTCondor Node apply (9401730.456.0) {07/14/26 16:41:47} [recovery mode]
07/15/26 10:30:56 Number of idle job procs: 398
07/15/26 10:30:56 Reassigning the id of job apply from (9401730.456.0) to (9401730.457.0)
07/15/26 10:30:56 Event: ULOG_SUBMIT for HTCondor Node apply (9401730.457.0) {07/14/26 16:41:47} [recovery mode]
07/15/26 10:30:56 Number of idle job procs: 399
07/15/26 10:30:56 Reassigning the id of job apply from (9401730.457.0) to (9401730.458.0)
07/15/26 10:30:56 Event: ULOG_SUBMIT for HTCondor Node apply (9401730.458.0) {07/14/26 16:41:47} [recovery mode]
07/15/26 10:30:56 Number of idle job procs: 400
07/15/26 10:30:56 Reassigning the id of job apply from (9401730.458.0) to (9401730.459.0)
07/15/26 10:30:56 Event: ULOG_SUBMIT for HTCondor Node apply (9401730.459.0) {07/14/26 16:41:47} [recovery mode]
07/15/26 10:30:56 Number of idle job procs: 401
07/15/26 10:30:56 Reassigning the id of job apply from (9401730.459.0) to (9401730.46.0)
07/15/26 10:30:56 Event: ULOG_SUBMIT for HTCondor Node apply (9401730.46.0) {07/14/26 16:41:47} [recovery mode]
07/15/26 10:30:56 Number of idle job procs: 402
07/15/26 10:30:56 Reassigning the id of job apply from (9401730.46.0) to (9401730.460.0)
07/15/26 10:30:56 Event: ULOG_SUBMIT for HTCondor Node apply (9401730.460.0) {07/14/26 16:41:47} [recovery mode]
07/15/26 10:30:56 Number of idle job procs: 403
07/15/26 10:30:56 Reassigning the id of job apply from (9401730.460.0) to (9401730.461.0)
07/15/26 10:30:56 Event: ULOG_SUBMIT for HTCondor Node apply (9401730.461.0) {07/14/26 16:41:47} [recovery mode]
07/15/26 10:30:56 Number of idle job procs: 404
07/15/26 10:30:56 Reassigning the id of job apply from (9401730.461.0) to (9401730.462.0)
07/15/26 10:30:56 Event: ULOG_SUBMIT for HTCondor Node apply (9401730.462.0) {07/14/26 16:41:47} [recovery mode]
07/15/26 10:30:56 Number of idle job procs: 405
07/15/26 10:30:56 Reassigning the id of job apply from (9401730.462.0) to (9401730.463.0)
07/15/26 10:30:56 Event: ULOG_SUBMIT for HTCondor Node apply (9401730.463.0) {07/14/26 16:41:47} [recovery mode]
07/15/26 10:30:56 Number of idle job procs: 406
07/15/26 10:30:56 Reassigning the id of job apply from (9401730.463.0) to (9401730.464.0)
07/15/26 10:30:56 Event: ULOG_SUBMIT for HTCondor Node apply (9401730.464.0) {07/14/26 16:41:47} [recovery mode]
07/15/26 10:30:56 Number of idle job procs: 407
07/15/26 10:30:56 Reassigning the id of job apply from (9401730.464.0) to (9401730.465.0)
07/15/26 10:30:56 Event: ULOG_SUBMIT for HTCondor Node apply (9401730.465.0) {07/14/26 16:41:47} [recovery mode]
07/15/26 10:30:56 Number of idle job procs: 408
07/15/26 10:30:57 Reassigning the id of job apply from (9401730.465.0) to (9401730.466.0)
07/15/26 10:30:57 Event: ULOG_SUBMIT for HTCondor Node apply (9401730.466.0) {07/14/26 16:41:47} [recovery mode]
07/15/26 10:30:57 Number of idle job procs: 409
07/15/26 10:30:57 Reassigning the id of job apply from (9401730.466.0) to (9401730.467.0)
07/15/26 10:30:57 Event: ULOG_SUBMIT for HTCondor Node apply (9401730.467.0) {07/14/26 16:41:47} [recovery mode]
07/15/26 10:30:57 Number of idle job procs: 410
07/15/26 10:30:57 Reassigning the id of job apply from (9401730.467.0) to (9401730.468.0)
07/15/26 10:30:57 Event: ULOG_SUBMIT for HTCondor Node apply (9401730.468.0) {07/14/26 16:41:47} [recovery mode]
07/15/26 10:30:57 Number of idle job procs: 411
07/15/26 10:30:57 Reassigning the id of job apply from (9401730.468.0) to (9401730.469.0)
07/15/26 10:30:57 Event: ULOG_SUBMIT for HTCondor Node apply (9401730.469.0) {07/14/26 16:41:47} [recovery mode]
07/15/26 10:30:57 Number of idle job procs: 412
07/15/26 10:30:57 Reassigning the id of job apply from (9401730.469.0) to (9401730.47.0)
07/15/26 10:30:57 Event: ULOG_SUBMIT for HTCondor Node apply (9401730.47.0) {07/14/26 16:41:47} [recovery mode]
07/15/26 10:30:57 Number of idle job procs: 413
07/15/26 10:30:57 Reassigning the id of job apply from (9401730.47.0) to (9401730.470.0)
07/15/26 10:30:57 Event: ULOG_SUBMIT for HTCondor Node apply (9401730.470.0) {07/14/26 16:41:47} [recovery mode]
07/15/26 10:30:57 Number of idle job procs: 414
07/15/26 10:30:57 Reassigning the id of job apply from (9401730.470.0) to (9401730.471.0)
07/15/26 10:30:57 Event: ULOG_SUBMIT for HTCondor Node apply (9401730.471.0) {07/14/26 16:41:47} [recovery mode]
07/15/26 10:30:57 Number of idle job procs: 415
07/15/26 10:30:57 Reassigning the id of job apply from (9401730.471.0) to (9401730.472.0)
07/15/26 10:30:57 Event: ULOG_SUBMIT for HTCondor Node apply (9401730.472.0) {07/14/26 16:41:47} [recovery mode]
07/15/26 10:30:57 Number of idle job procs: 416
07/15/26 10:30:57 Reassigning the id of job apply from (9401730.472.0) to (9401730.473.0)
07/15/26 10:30:57 Event: ULOG_SUBMIT for HTCondor Node apply (9401730.473.0) {07/14/26 16:41:47} [recovery mode]
07/15/26 10:30:57 Number of idle job procs: 417
07/15/26 10:30:57 Reassigning the id of job apply from (9401730.473.0) to (9401730.474.0)
07/15/26 10:30:57 Event: ULOG_SUBMIT for HTCondor Node apply (9401730.474.0) {07/14/26 16:41:47} [recovery mode]
07/15/26 10:30:57 Number of idle job procs: 418
07/15/26 10:30:57 Reassigning the id of job apply from (9401730.474.0) to (9401730.475.0)
07/15/26 10:30:57 Event: ULOG_SUBMIT for HTCondor Node apply (9401730.475.0) {07/14/26 16:41:47} [recovery mode]
07/15/26 10:30:57 Number of idle job procs: 419
07/15/26 10:30:57 Reassigning the id of job apply from (9401730.475.0) to (9401730.476.0)
07/15/26 10:30:57 Event: ULOG_SUBMIT for HTCondor Node apply (9401730.476.0) {07/14/26 16:41:47} [recovery mode]
07/15/26 10:30:57 Number of idle job procs: 420
07/15/26 10:30:57 Reassigning the id of job apply from (9401730.476.0) to (9401730.477.0)
07/15/26 10:30:57 Event: ULOG_SUBMIT for HTCondor Node apply (9401730.477.0) {07/14/26 16:41:47} [recovery mode]
07/15/26 10:30:57 Number of idle job procs: 421
07/15/26 10:30:57 Reassigning the id of job apply from (9401730.477.0) to (9401730.478.0)
07/15/26 10:30:57 Event: ULOG_SUBMIT for HTCondor Node apply (9401730.478.0) {07/14/26 16:41:47} [recovery mode]
07/15/26 10:30:57 Number of idle job procs: 422
07/15/26 10:30:57 Reassigning the id of job apply from (9401730.478.0) to (9401730.479.0)
07/15/26 10:30:57 Event: ULOG_SUBMIT for HTCondor Node apply (9401730.479.0) {07/14/26 16:41:47} [recovery mode]
07/15/26 10:30:57 Number of idle job procs: 423
07/15/26 10:30:57 Reassigning the id of job apply from (9401730.479.0) to (9401730.48.0)
07/15/26 10:30:57 Event: ULOG_SUBMIT for HTCondor Node apply (9401730.48.0) {07/14/26 16:41:47} [recovery mode]
07/15/26 10:30:57 Number of idle job procs: 424
07/15/26 10:30:57 Reassigning the id of job apply from (9401730.48.0) to (9401730.480.0)
07/15/26 10:30:57 Event: ULOG_SUBMIT for HTCondor Node apply (9401730.480.0) {07/14/26 16:41:47} [recovery mode]
07/15/26 10:30:57 Number of idle job procs: 425
07/15/26 10:30:57 Reassigning the id of job apply from (9401730.480.0) to (9401730.481.0)
07/15/26 10:30:57 Event: ULOG_SUBMIT for HTCondor Node apply (9401730.481.0) {07/14/26 16:41:47} [recovery mode]
07/15/26 10:30:57 Number of idle job procs: 426
07/15/26 10:30:57 Reassigning the id of job apply from (9401730.481.0) to (9401730.482.0)
07/15/26 10:30:57 Event: ULOG_SUBMIT for HTCondor Node apply (9401730.482.0) {07/14/26 16:41:47} [recovery mode]
07/15/26 10:30:57 Number of idle job procs: 427
07/15/26 10:30:57 Reassigning the id of job apply from (9401730.482.0) to (9401730.483.0)
07/15/26 10:30:57 Event: ULOG_SUBMIT for HTCondor Node apply (9401730.483.0) {07/14/26 16:41:47} [recovery mode]
07/15/26 10:30:57 Number of idle job procs: 428
07/15/26 10:30:57 Reassigning the id of job apply from (9401730.483.0) to (9401730.484.0)
07/15/26 10:30:57 Event: ULOG_SUBMIT for HTCondor Node apply (9401730.484.0) {07/14/26 16:41:47} [recovery mode]
07/15/26 10:30:57 Number of idle job procs: 429
07/15/26 10:30:57 Reassigning the id of job apply from (9401730.484.0) to (9401730.485.0)
07/15/26 10:30:57 Event: ULOG_SUBMIT for HTCondor Node apply (9401730.485.0) {07/14/26 16:41:47} [recovery mode]
07/15/26 10:30:57 Number of idle job procs: 430
07/15/26 10:30:57 Reassigning the id of job apply from (9401730.485.0) to (9401730.486.0)
07/15/26 10:30:57 Event: ULOG_SUBMIT for HTCondor Node apply (9401730.486.0) {07/14/26 16:41:47} [recovery mode]
07/15/26 10:30:57 Number of idle job procs: 431
07/15/26 10:30:57 Reassigning the id of job apply from (9401730.486.0) to (9401730.487.0)
07/15/26 10:30:57 Event: ULOG_SUBMIT for HTCondor Node apply (9401730.487.0) {07/14/26 16:41:47} [recovery mode]
07/15/26 10:30:57 Number of idle job procs: 432
07/15/26 10:30:57 Reassigning the id of job apply from (9401730.487.0) to (9401730.488.0)
07/15/26 10:30:57 Event: ULOG_SUBMIT for HTCondor Node apply (9401730.488.0) {07/14/26 16:41:47} [recovery mode]
07/15/26 10:30:57 Number of idle job procs: 433
07/15/26 10:30:57 Reassigning the id of job apply from (9401730.488.0) to (9401730.489.0)
07/15/26 10:30:57 Event: ULOG_SUBMIT for HTCondor Node apply (9401730.489.0) {07/14/26 16:41:47} [recovery mode]
07/15/26 10:30:57 Number of idle job procs: 434
07/15/26 10:30:57 Reassigning the id of job apply from (9401730.489.0) to (9401730.49.0)
07/15/26 10:30:57 Event: ULOG_SUBMIT for HTCondor Node apply (9401730.49.0) {07/14/26 16:41:47} [recovery mode]
07/15/26 10:30:57 Number of idle job procs: 435
07/15/26 10:30:57 Reassigning the id of job apply from (9401730.49.0) to (9401730.490.0)
07/15/26 10:30:57 Event: ULOG_SUBMIT for HTCondor Node apply (9401730.490.0) {07/14/26 16:41:47} [recovery mode]
07/15/26 10:30:57 Number of idle job procs: 436
07/15/26 10:30:57 Reassigning the id of job apply from (9401730.490.0) to (9401730.491.0)
07/15/26 10:30:57 Event: ULOG_SUBMIT for HTCondor Node apply (9401730.491.0) {07/14/26 16:41:47} [recovery mode]
07/15/26 10:30:57 Number of idle job procs: 437
07/15/26 10:30:57 Reassigning the id of job apply from (9401730.491.0) to (9401730.492.0)
07/15/26 10:30:57 Event: ULOG_SUBMIT for HTCondor Node apply (9401730.492.0) {07/14/26 16:41:47} [recovery mode]
07/15/26 10:30:57 Number of idle job procs: 438
07/15/26 10:30:57 Reassigning the id of job apply from (9401730.492.0) to (9401730.493.0)
07/15/26 10:30:57 Event: ULOG_SUBMIT for HTCondor Node apply (9401730.493.0) {07/14/26 16:41:47} [recovery mode]
07/15/26 10:30:57 Number of idle job procs: 439
07/15/26 10:30:57 Reassigning the id of job apply from (9401730.493.0) to (9401730.494.0)
07/15/26 10:30:57 Event: ULOG_SUBMIT for HTCondor Node apply (9401730.494.0) {07/14/26 16:41:47} [recovery mode]
07/15/26 10:30:57 Number of idle job procs: 440
07/15/26 10:30:57 Reassigning the id of job apply from (9401730.494.0) to (9401730.495.0)
07/15/26 10:30:57 Event: ULOG_SUBMIT for HTCondor Node apply (9401730.495.0) {07/14/26 16:41:47} [recovery mode]
07/15/26 10:30:57 Number of idle job procs: 441
07/15/26 10:30:57 Reassigning the id of job apply from (9401730.495.0) to (9401730.496.0)
07/15/26 10:30:57 Event: ULOG_SUBMIT for HTCondor Node apply (9401730.496.0) {07/14/26 16:41:47} [recovery mode]
07/15/26 10:30:57 Number of idle job procs: 442
07/15/26 10:30:57 Reassigning the id of job apply from (9401730.496.0) to (9401730.497.0)
07/15/26 10:30:57 Event: ULOG_SUBMIT for HTCondor Node apply (9401730.497.0) {07/14/26 16:41:47} [recovery mode]
07/15/26 10:30:57 Number of idle job procs: 443
07/15/26 10:30:57 Reassigning the id of job apply from (9401730.497.0) to (9401730.498.0)
07/15/26 10:30:57 Event: ULOG_SUBMIT for HTCondor Node apply (9401730.498.0) {07/14/26 16:41:47} [recovery mode]
07/15/26 10:30:57 Number of idle job procs: 444
07/15/26 10:30:57 Reassigning the id of job apply from (9401730.498.0) to (9401730.499.0)
07/15/26 10:30:57 Event: ULOG_SUBMIT for HTCondor Node apply (9401730.499.0) {07/14/26 16:41:47} [recovery mode]
07/15/26 10:30:57 Number of idle job procs: 445
07/15/26 10:30:57 Reassigning the id of job apply from (9401730.499.0) to (9401730.5.0)
07/15/26 10:30:58 Event: ULOG_SUBMIT for HTCondor Node apply (9401730.5.0) {07/14/26 16:41:47} [recovery mode]
07/15/26 10:30:58 Number of idle job procs: 446
07/15/26 10:30:58 Reassigning the id of job apply from (9401730.5.0) to (9401730.50.0)
07/15/26 10:30:58 Event: ULOG_SUBMIT for HTCondor Node apply (9401730.50.0) {07/14/26 16:41:47} [recovery mode]
07/15/26 10:30:58 Number of idle job procs: 447
07/15/26 10:30:58 Reassigning the id of job apply from (9401730.50.0) to (9401730.51.0)
07/15/26 10:30:58 Event: ULOG_SUBMIT for HTCondor Node apply (9401730.51.0) {07/14/26 16:41:47} [recovery mode]
07/15/26 10:30:58 Number of idle job procs: 448
07/15/26 10:30:58 Reassigning the id of job apply from (9401730.51.0) to (9401730.52.0)
07/15/26 10:30:58 Event: ULOG_SUBMIT for HTCondor Node apply (9401730.52.0) {07/14/26 16:41:47} [recovery mode]
07/15/26 10:30:58 Number of idle job procs: 449
07/15/26 10:30:58 Reassigning the id of job apply from (9401730.52.0) to (9401730.53.0)
07/15/26 10:30:58 Event: ULOG_SUBMIT for HTCondor Node apply (9401730.53.0) {07/14/26 16:41:47} [recovery mode]
07/15/26 10:30:58 Number of idle job procs: 450
07/15/26 10:30:58 Reassigning the id of job apply from (9401730.53.0) to (9401730.54.0)
07/15/26 10:30:58 Event: ULOG_SUBMIT for HTCondor Node apply (9401730.54.0) {07/14/26 16:41:47} [recovery mode]
07/15/26 10:30:58 Number of idle job procs: 451
07/15/26 10:30:58 Reassigning the id of job apply from (9401730.54.0) to (9401730.55.0)
07/15/26 10:30:58 Event: ULOG_SUBMIT for HTCondor Node apply (9401730.55.0) {07/14/26 16:41:47} [recovery mode]
07/15/26 10:30:58 Number of idle job procs: 452
07/15/26 10:30:58 Reassigning the id of job apply from (9401730.55.0) to (9401730.56.0)
07/15/26 10:30:58 Event: ULOG_SUBMIT for HTCondor Node apply (9401730.56.0) {07/14/26 16:41:47} [recovery mode]
07/15/26 10:30:58 Number of idle job procs: 453
07/15/26 10:30:58 Reassigning the id of job apply from (9401730.56.0) to (9401730.57.0)
07/15/26 10:30:58 Event: ULOG_SUBMIT for HTCondor Node apply (9401730.57.0) {07/14/26 16:41:47} [recovery mode]
07/15/26 10:30:58 Number of idle job procs: 454
07/15/26 10:30:58 Reassigning the id of job apply from (9401730.57.0) to (9401730.58.0)
07/15/26 10:30:58 Event: ULOG_SUBMIT for HTCondor Node apply (9401730.58.0) {07/14/26 16:41:47} [recovery mode]
07/15/26 10:30:58 Number of idle job procs: 455
07/15/26 10:30:58 Reassigning the id of job apply from (9401730.58.0) to (9401730.59.0)
07/15/26 10:30:58 Event: ULOG_SUBMIT for HTCondor Node apply (9401730.59.0) {07/14/26 16:41:47} [recovery mode]
07/15/26 10:30:58 Number of idle job procs: 456
07/15/26 10:30:58 Reassigning the id of job apply from (9401730.59.0) to (9401730.6.0)
07/15/26 10:30:58 Event: ULOG_SUBMIT for HTCondor Node apply (9401730.6.0) {07/14/26 16:41:47} [recovery mode]
07/15/26 10:30:58 Number of idle job procs: 457
07/15/26 10:30:58 Reassigning the id of job apply from (9401730.6.0) to (9401730.60.0)
07/15/26 10:30:58 Event: ULOG_SUBMIT for HTCondor Node apply (9401730.60.0) {07/14/26 16:41:47} [recovery mode]
07/15/26 10:30:58 Number of idle job procs: 458
07/15/26 10:30:58 Reassigning the id of job apply from (9401730.60.0) to (9401730.61.0)
07/15/26 10:30:58 Event: ULOG_SUBMIT for HTCondor Node apply (9401730.61.0) {07/14/26 16:41:47} [recovery mode]
07/15/26 10:30:58 Number of idle job procs: 459
07/15/26 10:30:58 Reassigning the id of job apply from (9401730.61.0) to (9401730.62.0)
07/15/26 10:30:58 Event: ULOG_SUBMIT for HTCondor Node apply (9401730.62.0) {07/14/26 16:41:47} [recovery mode]
07/15/26 10:30:58 Number of idle job procs: 460
07/15/26 10:30:58 Reassigning the id of job apply from (9401730.62.0) to (9401730.63.0)
07/15/26 10:30:58 Event: ULOG_SUBMIT for HTCondor Node apply (9401730.63.0) {07/14/26 16:41:47} [recovery mode]
07/15/26 10:30:58 Number of idle job procs: 461
07/15/26 10:30:58 Reassigning the id of job apply from (9401730.63.0) to (9401730.64.0)
07/15/26 10:30:58 Event: ULOG_SUBMIT for HTCondor Node apply (9401730.64.0) {07/14/26 16:41:47} [recovery mode]
07/15/26 10:30:58 Number of idle job procs: 462
07/15/26 10:30:58 Reassigning the id of job apply from (9401730.64.0) to (9401730.65.0)
07/15/26 10:30:58 Event: ULOG_SUBMIT for HTCondor Node apply (9401730.65.0) {07/14/26 16:41:47} [recovery mode]
07/15/26 10:30:58 Number of idle job procs: 463
07/15/26 10:30:58 Reassigning the id of job apply from (9401730.65.0) to (9401730.66.0)
07/15/26 10:30:58 Event: ULOG_SUBMIT for HTCondor Node apply (9401730.66.0) {07/14/26 16:41:47} [recovery mode]
07/15/26 10:30:58 Number of idle job procs: 464
07/15/26 10:30:58 Reassigning the id of job apply from (9401730.66.0) to (9401730.67.0)
07/15/26 10:30:58 Event: ULOG_SUBMIT for HTCondor Node apply (9401730.67.0) {07/14/26 16:41:47} [recovery mode]
07/15/26 10:30:58 Number of idle job procs: 465
07/15/26 10:30:58 Reassigning the id of job apply from (9401730.67.0) to (9401730.68.0)
07/15/26 10:30:58 Event: ULOG_SUBMIT for HTCondor Node apply (9401730.68.0) {07/14/26 16:41:47} [recovery mode]
07/15/26 10:30:58 Number of idle job procs: 466
07/15/26 10:30:58 Reassigning the id of job apply from (9401730.68.0) to (9401730.69.0)
07/15/26 10:30:58 Event: ULOG_SUBMIT for HTCondor Node apply (9401730.69.0) {07/14/26 16:41:47} [recovery mode]
07/15/26 10:30:58 Number of idle job procs: 467
07/15/26 10:30:58 Reassigning the id of job apply from (9401730.69.0) to (9401730.7.0)
07/15/26 10:30:58 Event: ULOG_SUBMIT for HTCondor Node apply (9401730.7.0) {07/14/26 16:41:47} [recovery mode]
07/15/26 10:30:58 Number of idle job procs: 468
07/15/26 10:30:58 Reassigning the id of job apply from (9401730.7.0) to (9401730.70.0)
07/15/26 10:30:58 Event: ULOG_SUBMIT for HTCondor Node apply (9401730.70.0) {07/14/26 16:41:47} [recovery mode]
07/15/26 10:30:58 Number of idle job procs: 469
07/15/26 10:30:58 Reassigning the id of job apply from (9401730.70.0) to (9401730.71.0)
07/15/26 10:30:58 Event: ULOG_SUBMIT for HTCondor Node apply (9401730.71.0) {07/14/26 16:41:47} [recovery mode]
07/15/26 10:30:58 Number of idle job procs: 470
07/15/26 10:30:58 Reassigning the id of job apply from (9401730.71.0) to (9401730.72.0)
07/15/26 10:30:58 Event: ULOG_SUBMIT for HTCondor Node apply (9401730.72.0) {07/14/26 16:41:47} [recovery mode]
07/15/26 10:30:58 Number of idle job procs: 471
07/15/26 10:30:58 Reassigning the id of job apply from (9401730.72.0) to (9401730.73.0)
07/15/26 10:30:58 Event: ULOG_SUBMIT for HTCondor Node apply (9401730.73.0) {07/14/26 16:41:47} [recovery mode]
07/15/26 10:30:58 Number of idle job procs: 472
07/15/26 10:30:58 Reassigning the id of job apply from (9401730.73.0) to (9401730.74.0)
07/15/26 10:30:58 Event: ULOG_SUBMIT for HTCondor Node apply (9401730.74.0) {07/14/26 16:41:47} [recovery mode]
07/15/26 10:30:58 Number of idle job procs: 473
07/15/26 10:30:58 Reassigning the id of job apply from (9401730.74.0) to (9401730.75.0)
07/15/26 10:30:58 Event: ULOG_SUBMIT for HTCondor Node apply (9401730.75.0) {07/14/26 16:41:47} [recovery mode]
07/15/26 10:30:58 Number of idle job procs: 474
07/15/26 10:30:58 Reassigning the id of job apply from (9401730.75.0) to (9401730.76.0)
07/15/26 10:30:58 Event: ULOG_SUBMIT for HTCondor Node apply (9401730.76.0) {07/14/26 16:41:47} [recovery mode]
07/15/26 10:30:58 Number of idle job procs: 475
07/15/26 10:30:58 Reassigning the id of job apply from (9401730.76.0) to (9401730.77.0)
07/15/26 10:30:58 Event: ULOG_SUBMIT for HTCondor Node apply (9401730.77.0) {07/14/26 16:41:47} [recovery mode]
07/15/26 10:30:58 Number of idle job procs: 476
07/15/26 10:30:58 Reassigning the id of job apply from (9401730.77.0) to (9401730.78.0)
07/15/26 10:30:58 Event: ULOG_SUBMIT for HTCondor Node apply (9401730.78.0) {07/14/26 16:41:47} [recovery mode]
07/15/26 10:30:58 Number of idle job procs: 477
07/15/26 10:30:58 Reassigning the id of job apply from (9401730.78.0) to (9401730.79.0)
07/15/26 10:30:58 Event: ULOG_SUBMIT for HTCondor Node apply (9401730.79.0) {07/14/26 16:41:47} [recovery mode]
07/15/26 10:30:58 Number of idle job procs: 478
07/15/26 10:30:58 Reassigning the id of job apply from (9401730.79.0) to (9401730.8.0)
07/15/26 10:30:58 Event: ULOG_SUBMIT for HTCondor Node apply (9401730.8.0) {07/14/26 16:41:47} [recovery mode]
07/15/26 10:30:58 Number of idle job procs: 479
07/15/26 10:30:58 Reassigning the id of job apply from (9401730.8.0) to (9401730.80.0)
07/15/26 10:30:58 Event: ULOG_SUBMIT for HTCondor Node apply (9401730.80.0) {07/14/26 16:41:47} [recovery mode]
07/15/26 10:30:59 Number of idle job procs: 480
07/15/26 10:30:59 Reassigning the id of job apply from (9401730.80.0) to (9401730.81.0)
07/15/26 10:30:59 Event: ULOG_SUBMIT for HTCondor Node apply (9401730.81.0) {07/14/26 16:41:47} [recovery mode]
07/15/26 10:30:59 Number of idle job procs: 481
07/15/26 10:30:59 Reassigning the id of job apply from (9401730.81.0) to (9401730.82.0)
07/15/26 10:30:59 Event: ULOG_SUBMIT for HTCondor Node apply (9401730.82.0) {07/14/26 16:41:47} [recovery mode]
07/15/26 10:30:59 Number of idle job procs: 482
07/15/26 10:30:59 Reassigning the id of job apply from (9401730.82.0) to (9401730.83.0)
07/15/26 10:30:59 Event: ULOG_SUBMIT for HTCondor Node apply (9401730.83.0) {07/14/26 16:41:47} [recovery mode]
07/15/26 10:30:59 Number of idle job procs: 483
07/15/26 10:30:59 Reassigning the id of job apply from (9401730.83.0) to (9401730.84.0)
07/15/26 10:30:59 Event: ULOG_SUBMIT for HTCondor Node apply (9401730.84.0) {07/14/26 16:41:47} [recovery mode]
07/15/26 10:30:59 Number of idle job procs: 484
07/15/26 10:30:59 Reassigning the id of job apply from (9401730.84.0) to (9401730.85.0)
07/15/26 10:30:59 Event: ULOG_SUBMIT for HTCondor Node apply (9401730.85.0) {07/14/26 16:41:47} [recovery mode]
07/15/26 10:30:59 Number of idle job procs: 485
07/15/26 10:30:59 Reassigning the id of job apply from (9401730.85.0) to (9401730.86.0)
07/15/26 10:30:59 Event: ULOG_SUBMIT for HTCondor Node apply (9401730.86.0) {07/14/26 16:41:47} [recovery mode]
07/15/26 10:30:59 Number of idle job procs: 486
07/15/26 10:30:59 Reassigning the id of job apply from (9401730.86.0) to (9401730.87.0)
07/15/26 10:30:59 Event: ULOG_SUBMIT for HTCondor Node apply (9401730.87.0) {07/14/26 16:41:47} [recovery mode]
07/15/26 10:30:59 Number of idle job procs: 487
07/15/26 10:30:59 Reassigning the id of job apply from (9401730.87.0) to (9401730.88.0)
07/15/26 10:30:59 Event: ULOG_SUBMIT for HTCondor Node apply (9401730.88.0) {07/14/26 16:41:47} [recovery mode]
07/15/26 10:30:59 Number of idle job procs: 488
07/15/26 10:30:59 Reassigning the id of job apply from (9401730.88.0) to (9401730.89.0)
07/15/26 10:30:59 Event: ULOG_SUBMIT for HTCondor Node apply (9401730.89.0) {07/14/26 16:41:47} [recovery mode]
07/15/26 10:30:59 Number of idle job procs: 489
07/15/26 10:30:59 Reassigning the id of job apply from (9401730.89.0) to (9401730.9.0)
07/15/26 10:30:59 Event: ULOG_SUBMIT for HTCondor Node apply (9401730.9.0) {07/14/26 16:41:47} [recovery mode]
07/15/26 10:30:59 Number of idle job procs: 490
07/15/26 10:30:59 Reassigning the id of job apply from (9401730.9.0) to (9401730.90.0)
07/15/26 10:30:59 Event: ULOG_SUBMIT for HTCondor Node apply (9401730.90.0) {07/14/26 16:41:47} [recovery mode]
07/15/26 10:30:59 Number of idle job procs: 491
07/15/26 10:30:59 Reassigning the id of job apply from (9401730.90.0) to (9401730.91.0)
07/15/26 10:30:59 Event: ULOG_SUBMIT for HTCondor Node apply (9401730.91.0) {07/14/26 16:41:47} [recovery mode]
07/15/26 10:30:59 Number of idle job procs: 492
07/15/26 10:30:59 Reassigning the id of job apply from (9401730.91.0) to (9401730.92.0)
07/15/26 10:30:59 Event: ULOG_SUBMIT for HTCondor Node apply (9401730.92.0) {07/14/26 16:41:47} [recovery mode]
07/15/26 10:30:59 Number of idle job procs: 493
07/15/26 10:30:59 Reassigning the id of job apply from (9401730.92.0) to (9401730.93.0)
07/15/26 10:30:59 Event: ULOG_SUBMIT for HTCondor Node apply (9401730.93.0) {07/14/26 16:41:47} [recovery mode]
07/15/26 10:30:59 Number of idle job procs: 494
07/15/26 10:30:59 Reassigning the id of job apply from (9401730.93.0) to (9401730.94.0)
07/15/26 10:30:59 Event: ULOG_SUBMIT for HTCondor Node apply (9401730.94.0) {07/14/26 16:41:47} [recovery mode]
07/15/26 10:30:59 Number of idle job procs: 495
07/15/26 10:30:59 Reassigning the id of job apply from (9401730.94.0) to (9401730.95.0)
07/15/26 10:30:59 Event: ULOG_SUBMIT for HTCondor Node apply (9401730.95.0) {07/14/26 16:41:47} [recovery mode]
07/15/26 10:30:59 Number of idle job procs: 496
07/15/26 10:30:59 Reassigning the id of job apply from (9401730.95.0) to (9401730.96.0)
07/15/26 10:30:59 Event: ULOG_SUBMIT for HTCondor Node apply (9401730.96.0) {07/14/26 16:41:47} [recovery mode]
07/15/26 10:30:59 Number of idle job procs: 497
07/15/26 10:30:59 Reassigning the id of job apply from (9401730.96.0) to (9401730.97.0)
07/15/26 10:30:59 Event: ULOG_SUBMIT for HTCondor Node apply (9401730.97.0) {07/14/26 16:41:47} [recovery mode]
07/15/26 10:30:59 Number of idle job procs: 498
07/15/26 10:30:59 Reassigning the id of job apply from (9401730.97.0) to (9401730.98.0)
07/15/26 10:30:59 Event: ULOG_SUBMIT for HTCondor Node apply (9401730.98.0) {07/14/26 16:41:47} [recovery mode]
07/15/26 10:30:59 Number of idle job procs: 499
07/15/26 10:30:59 Reassigning the id of job apply from (9401730.98.0) to (9401730.99.0)
07/15/26 10:30:59 Event: ULOG_SUBMIT for HTCondor Node apply (9401730.99.0) {07/14/26 16:41:47} [recovery mode]
07/15/26 10:30:59 Number of idle job procs: 500
07/15/26 10:30:59 Event: ULOG_EXECUTE for HTCondor Node apply (9401730.1.0) {07/14/26 16:59:48} [recovery mode]
07/15/26 10:30:59 Number of idle job procs: 499
07/15/26 10:30:59 Event: ULOG_EXECUTE for HTCondor Node apply (9401730.0.0) {07/14/26 16:59:48} [recovery mode]
07/15/26 10:30:59 Number of idle job procs: 498
07/15/26 10:30:59 Event: ULOG_EXECUTE for HTCondor Node apply (9401730.2.0) {07/14/26 16:59:49} [recovery mode]
07/15/26 10:30:59 Number of idle job procs: 497
07/15/26 10:30:59 Event: ULOG_EXECUTE for HTCondor Node apply (9401730.3.0) {07/14/26 16:59:50} [recovery mode]
07/15/26 10:30:59 Number of idle job procs: 496
07/15/26 10:30:59 Event: ULOG_EXECUTE for HTCondor Node apply (9401730.4.0) {07/14/26 16:59:50} [recovery mode]
07/15/26 10:30:59 Number of idle job procs: 495
07/15/26 10:30:59 Event: ULOG_EXECUTE for HTCondor Node apply (9401730.5.0) {07/14/26 16:59:50} [recovery mode]
07/15/26 10:30:59 Number of idle job procs: 494
07/15/26 10:30:59 Event: ULOG_EXECUTE for HTCondor Node apply (9401730.6.0) {07/14/26 16:59:50} [recovery mode]
07/15/26 10:30:59 Number of idle job procs: 493
07/15/26 10:30:59 Event: ULOG_EXECUTE for HTCondor Node apply (9401730.7.0) {07/14/26 16:59:51} [recovery mode]
07/15/26 10:30:59 Number of idle job procs: 492
07/15/26 10:30:59 Event: ULOG_EXECUTE for HTCondor Node apply (9401730.8.0) {07/14/26 16:59:51} [recovery mode]
07/15/26 10:30:59 Number of idle job procs: 491
07/15/26 10:30:59 Event: ULOG_EXECUTE for HTCondor Node apply (9401730.10.0) {07/14/26 16:59:52} [recovery mode]
07/15/26 10:30:59 Number of idle job procs: 490
07/15/26 10:30:59 Event: ULOG_EXECUTE for HTCondor Node apply (9401730.9.0) {07/14/26 16:59:52} [recovery mode]
07/15/26 10:30:59 Number of idle job procs: 489
07/15/26 10:30:59 Event: ULOG_EXECUTE for HTCondor Node apply (9401730.11.0) {07/14/26 16:59:53} [recovery mode]
07/15/26 10:30:59 Number of idle job procs: 488
07/15/26 10:30:59 Event: ULOG_EXECUTE for HTCondor Node apply (9401730.12.0) {07/14/26 16:59:53} [recovery mode]
07/15/26 10:30:59 Number of idle job procs: 487
07/15/26 10:30:59 Event: ULOG_EXECUTE for HTCondor Node apply (9401730.13.0) {07/14/26 16:59:54} [recovery mode]
07/15/26 10:30:59 Number of idle job procs: 486
07/15/26 10:30:59 Event: ULOG_EXECUTE for HTCondor Node apply (9401730.15.0) {07/14/26 16:59:55} [recovery mode]
07/15/26 10:30:59 Number of idle job procs: 485
07/15/26 10:30:59 Event: ULOG_EXECUTE for HTCondor Node apply (9401730.16.0) {07/14/26 16:59:55} [recovery mode]
07/15/26 10:30:59 Number of idle job procs: 484
07/15/26 10:30:59 Event: ULOG_EXECUTE for HTCondor Node apply (9401730.14.0) {07/14/26 16:59:55} [recovery mode]
07/15/26 10:30:59 Number of idle job procs: 483
07/15/26 10:30:59 Event: ULOG_EXECUTE for HTCondor Node apply (9401730.17.0) {07/14/26 16:59:56} [recovery mode]
07/15/26 10:30:59 Number of idle job procs: 482
07/15/26 10:30:59 Event: ULOG_EXECUTE for HTCondor Node apply (9401730.18.0) {07/14/26 16:59:56} [recovery mode]
07/15/26 10:30:59 Number of idle job procs: 481
07/15/26 10:30:59 Event: ULOG_EXECUTE for HTCondor Node apply (9401730.19.0) {07/14/26 16:59:56} [recovery mode]
07/15/26 10:30:59 Number of idle job procs: 480
07/15/26 10:30:59 Event: ULOG_EXECUTE for HTCondor Node apply (9401730.20.0) {07/14/26 16:59:57} [recovery mode]
07/15/26 10:30:59 Number of idle job procs: 479
07/15/26 10:30:59 Event: ULOG_EXECUTE for HTCondor Node apply (9401730.21.0) {07/14/26 16:59:57} [recovery mode]
07/15/26 10:30:59 Number of idle job procs: 478
07/15/26 10:31:00 Event: ULOG_EXECUTE for HTCondor Node apply (9401730.22.0) {07/14/26 16:59:57} [recovery mode]
07/15/26 10:31:00 Number of idle job procs: 477
07/15/26 10:31:00 Event: ULOG_EXECUTE for HTCondor Node apply (9401730.23.0) {07/14/26 16:59:59} [recovery mode]
07/15/26 10:31:00 Number of idle job procs: 476
07/15/26 10:31:00 Event: ULOG_EXECUTE for HTCondor Node apply (9401730.24.0) {07/14/26 16:59:59} [recovery mode]
07/15/26 10:31:00 Number of idle job procs: 475
07/15/26 10:31:00 Event: ULOG_EXECUTE for HTCondor Node apply (9401730.27.0) {07/14/26 17:00:00} [recovery mode]
07/15/26 10:31:00 Number of idle job procs: 474
07/15/26 10:31:00 Event: ULOG_EXECUTE for HTCondor Node apply (9401730.28.0) {07/14/26 17:00:01} [recovery mode]
07/15/26 10:31:00 Number of idle job procs: 473
07/15/26 10:31:00 Event: ULOG_EXECUTE for HTCondor Node apply (9401730.30.0) {07/14/26 17:00:02} [recovery mode]
07/15/26 10:31:00 Number of idle job procs: 472
07/15/26 10:31:00 Event: ULOG_EXECUTE for HTCondor Node apply (9401730.31.0) {07/14/26 17:00:02} [recovery mode]
07/15/26 10:31:00 Number of idle job procs: 471
07/15/26 10:31:00 Event: ULOG_EXECUTE for HTCondor Node apply (9401730.29.0) {07/14/26 17:00:02} [recovery mode]
07/15/26 10:31:00 Number of idle job procs: 470
07/15/26 10:31:00 Event: ULOG_EXECUTE for HTCondor Node apply (9401730.32.0) {07/14/26 17:00:02} [recovery mode]
07/15/26 10:31:00 Number of idle job procs: 469
07/15/26 10:31:00 Event: ULOG_EXECUTE for HTCondor Node apply (9401730.33.0) {07/14/26 17:00:02} [recovery mode]
07/15/26 10:31:00 Number of idle job procs: 468
07/15/26 10:31:00 Event: ULOG_EXECUTE for HTCondor Node apply (9401730.34.0) {07/14/26 17:00:03} [recovery mode]
07/15/26 10:31:00 Number of idle job procs: 467
07/15/26 10:31:00 Event: ULOG_EXECUTE for HTCondor Node apply (9401730.35.0) {07/14/26 17:00:03} [recovery mode]
07/15/26 10:31:00 Number of idle job procs: 466
07/15/26 10:31:00 Event: ULOG_EXECUTE for HTCondor Node apply (9401730.36.0) {07/14/26 17:00:04} [recovery mode]
07/15/26 10:31:00 Number of idle job procs: 465
07/15/26 10:31:00 Event: ULOG_EXECUTE for HTCondor Node apply (9401730.37.0) {07/14/26 17:00:05} [recovery mode]
07/15/26 10:31:00 Number of idle job procs: 464
07/15/26 10:31:00 Event: ULOG_EXECUTE for HTCondor Node apply (9401730.38.0) {07/14/26 17:00:05} [recovery mode]
07/15/26 10:31:00 Number of idle job procs: 463
07/15/26 10:31:00 Event: ULOG_EXECUTE for HTCondor Node apply (9401730.39.0) {07/14/26 17:00:05} [recovery mode]
07/15/26 10:31:00 Number of idle job procs: 462
07/15/26 10:31:00 Event: ULOG_EXECUTE for HTCondor Node apply (9401730.40.0) {07/14/26 17:00:06} [recovery mode]
07/15/26 10:31:00 Number of idle job procs: 461
07/15/26 10:31:00 Event: ULOG_EXECUTE for HTCondor Node apply (9401730.41.0) {07/14/26 17:00:06} [recovery mode]
07/15/26 10:31:00 Number of idle job procs: 460
07/15/26 10:31:00 Event: ULOG_EXECUTE for HTCondor Node apply (9401730.42.0) {07/14/26 17:00:07} [recovery mode]
07/15/26 10:31:00 Number of idle job procs: 459
07/15/26 10:31:00 Event: ULOG_EXECUTE for HTCondor Node apply (9401730.43.0) {07/14/26 17:00:07} [recovery mode]
07/15/26 10:31:00 Number of idle job procs: 458
07/15/26 10:31:00 Event: ULOG_EXECUTE for HTCondor Node apply (9401730.44.0) {07/14/26 17:00:07} [recovery mode]
07/15/26 10:31:00 Number of idle job procs: 457
07/15/26 10:31:00 Event: ULOG_EXECUTE for HTCondor Node apply (9401730.45.0) {07/14/26 17:00:08} [recovery mode]
07/15/26 10:31:00 Number of idle job procs: 456
07/15/26 10:31:00 Event: ULOG_EXECUTE for HTCondor Node apply (9401730.47.0) {07/14/26 17:00:08} [recovery mode]
07/15/26 10:31:00 Number of idle job procs: 455
07/15/26 10:31:00 Event: ULOG_EXECUTE for HTCondor Node apply (9401730.49.0) {07/14/26 17:00:09} [recovery mode]
07/15/26 10:31:00 Number of idle job procs: 454
07/15/26 10:31:00 Event: ULOG_EXECUTE for HTCondor Node apply (9401730.51.0) {07/14/26 17:00:10} [recovery mode]
07/15/26 10:31:00 Number of idle job procs: 453
07/15/26 10:31:00 Event: ULOG_EXECUTE for HTCondor Node apply (9401730.52.0) {07/14/26 17:00:10} [recovery mode]
07/15/26 10:31:00 Number of idle job procs: 452
07/15/26 10:31:00 Event: ULOG_EXECUTE for HTCondor Node apply (9401730.50.0) {07/14/26 17:00:10} [recovery mode]
07/15/26 10:31:00 Number of idle job procs: 451
07/15/26 10:31:00 Event: ULOG_EXECUTE for HTCondor Node apply (9401730.54.0) {07/14/26 17:00:11} [recovery mode]
07/15/26 10:31:00 Number of idle job procs: 450
07/15/26 10:31:00 Event: ULOG_EXECUTE for HTCondor Node apply (9401730.55.0) {07/14/26 17:00:11} [recovery mode]
07/15/26 10:31:00 Number of idle job procs: 449
07/15/26 10:31:00 Event: ULOG_EXECUTE for HTCondor Node apply (9401730.58.0) {07/14/26 17:00:12} [recovery mode]
07/15/26 10:31:00 Number of idle job procs: 448
07/15/26 10:31:00 Event: ULOG_EXECUTE for HTCondor Node apply (9401730.60.0) {07/14/26 17:00:13} [recovery mode]
07/15/26 10:31:00 Number of idle job procs: 447
07/15/26 10:31:00 Event: ULOG_EXECUTE for HTCondor Node apply (9401730.61.0) {07/14/26 17:00:13} [recovery mode]
07/15/26 10:31:00 Number of idle job procs: 446
07/15/26 10:31:00 Event: ULOG_EXECUTE for HTCondor Node apply (9401730.62.0) {07/14/26 17:00:13} [recovery mode]
07/15/26 10:31:00 Number of idle job procs: 445
07/15/26 10:31:00 Event: ULOG_EXECUTE for HTCondor Node apply (9401730.63.0) {07/14/26 17:00:14} [recovery mode]
07/15/26 10:31:00 Number of idle job procs: 444
07/15/26 10:31:00 Event: ULOG_EXECUTE for HTCondor Node apply (9401730.64.0) {07/14/26 17:00:14} [recovery mode]
07/15/26 10:31:00 Number of idle job procs: 443
07/15/26 10:31:00 Event: ULOG_EXECUTE for HTCondor Node apply (9401730.65.0) {07/14/26 17:00:14} [recovery mode]
07/15/26 10:31:00 Number of idle job procs: 442
07/15/26 10:31:00 Event: ULOG_EXECUTE for HTCondor Node apply (9401730.68.0) {07/14/26 17:00:14} [recovery mode]
07/15/26 10:31:00 Number of idle job procs: 441
07/15/26 10:31:00 Event: ULOG_EXECUTE for HTCondor Node apply (9401730.66.0) {07/14/26 17:00:15} [recovery mode]
07/15/26 10:31:00 Number of idle job procs: 440
07/15/26 10:31:00 Event: ULOG_EXECUTE for HTCondor Node apply (9401730.67.0) {07/14/26 17:00:15} [recovery mode]
07/15/26 10:31:00 Number of idle job procs: 439
07/15/26 10:31:00 Event: ULOG_EXECUTE for HTCondor Node apply (9401730.69.0) {07/14/26 17:00:16} [recovery mode]
07/15/26 10:31:00 Number of idle job procs: 438
07/15/26 10:31:00 Event: ULOG_EXECUTE for HTCondor Node apply (9401730.46.0) {07/14/26 17:00:16} [recovery mode]
07/15/26 10:31:00 Number of idle job procs: 437
07/15/26 10:31:00 Event: ULOG_EXECUTE for HTCondor Node apply (9401730.53.0) {07/14/26 17:00:16} [recovery mode]
07/15/26 10:31:00 Number of idle job procs: 436
07/15/26 10:31:00 Event: ULOG_EXECUTE for HTCondor Node apply (9401730.71.0) {07/14/26 17:00:17} [recovery mode]
07/15/26 10:31:00 Number of idle job procs: 435
07/15/26 10:31:00 Event: ULOG_EXECUTE for HTCondor Node apply (9401730.70.0) {07/14/26 17:00:17} [recovery mode]
07/15/26 10:31:00 Number of idle job procs: 434
07/15/26 10:31:00 Event: ULOG_JOB_TERMINATED for HTCondor Node apply (9401730.36.0) {07/14/26 17:00:49} [recovery mode]
07/15/26 10:31:00 Number of idle job procs: 434
07/15/26 10:31:00 Node apply job proc (9401730.36.0) completed successfully.
07/15/26 10:31:01 Event: ULOG_JOB_TERMINATED for HTCondor Node apply (9401730.37.0) {07/14/26 17:00:52} [recovery mode]
07/15/26 10:31:01 Number of idle job procs: 434
07/15/26 10:31:01 Node apply job proc (9401730.37.0) completed successfully.
07/15/26 10:31:01 Event: ULOG_EXECUTE for HTCondor Node apply (9401730.26.0) {07/14/26 17:00:55} [recovery mode]
07/15/26 10:31:01 Number of idle job procs: 433
07/15/26 10:31:01 Event: ULOG_JOB_RECONNECT_FAILED for HTCondor Node apply (9401730.25.0) {07/14/26 17:01:01} [recovery mode]
07/15/26 10:31:01 Number of idle job procs: 433
07/15/26 10:31:01 Event: ULOG_JOB_EVICTED for HTCondor Node apply (9401730.25.0) {07/14/26 17:01:01} [recovery mode]
07/15/26 10:31:01 Number of idle job procs: 433
07/15/26 10:31:01 Event: ULOG_JOB_TERMINATED for HTCondor Node apply (9401730.33.0) {07/14/26 17:01:06} [recovery mode]
07/15/26 10:31:01 Number of idle job procs: 433
07/15/26 10:31:01 Node apply job proc (9401730.33.0) completed successfully.
07/15/26 10:31:01 Event: ULOG_JOB_TERMINATED for HTCondor Node apply (9401730.39.0) {07/14/26 17:01:06} [recovery mode]
07/15/26 10:31:01 Number of idle job procs: 433
07/15/26 10:31:01 Node apply job proc (9401730.39.0) completed successfully.
07/15/26 10:31:01 Event: ULOG_JOB_TERMINATED for HTCondor Node apply (9401730.38.0) {07/14/26 17:01:10} [recovery mode]
07/15/26 10:31:01 Number of idle job procs: 433
07/15/26 10:31:01 Node apply job proc (9401730.38.0) completed successfully.
07/15/26 10:31:01 Event: ULOG_JOB_TERMINATED for HTCondor Node apply (9401730.35.0) {07/14/26 17:01:15} [recovery mode]
07/15/26 10:31:01 Number of idle job procs: 433
07/15/26 10:31:01 Node apply job proc (9401730.35.0) completed successfully.
07/15/26 10:31:01 Event: ULOG_JOB_TERMINATED for HTCondor Node apply (9401730.27.0) {07/14/26 17:01:49} [recovery mode]
07/15/26 10:31:01 Number of idle job procs: 433
07/15/26 10:31:01 Node apply job proc (9401730.27.0) completed successfully.
07/15/26 10:31:01 Event: ULOG_JOB_TERMINATED for HTCondor Node apply (9401730.45.0) {07/14/26 17:01:52} [recovery mode]
07/15/26 10:31:01 Number of idle job procs: 433
07/15/26 10:31:01 Node apply job proc (9401730.45.0) completed successfully.
07/15/26 10:31:01 Event: ULOG_JOB_TERMINATED for HTCondor Node apply (9401730.11.0) {07/14/26 17:02:11} [recovery mode]
07/15/26 10:31:01 Number of idle job procs: 433
07/15/26 10:31:01 Node apply job proc (9401730.11.0) completed successfully.
07/15/26 10:31:01 Event: ULOG_JOB_TERMINATED for HTCondor Node apply (9401730.34.0) {07/14/26 17:02:31} [recovery mode]
07/15/26 10:31:01 Number of idle job procs: 433
07/15/26 10:31:01 Node apply job proc (9401730.34.0) completed successfully.
07/15/26 10:31:01 Event: ULOG_JOB_TERMINATED for HTCondor Node apply (9401730.29.0) {07/14/26 17:02:38} [recovery mode]
07/15/26 10:31:01 Number of idle job procs: 433
07/15/26 10:31:01 Node apply job proc (9401730.29.0) completed successfully.
07/15/26 10:31:01 Event: ULOG_JOB_TERMINATED for HTCondor Node apply (9401730.40.0) {07/14/26 17:02:45} [recovery mode]
07/15/26 10:31:01 Number of idle job procs: 433
07/15/26 10:31:01 Node apply job proc (9401730.40.0) completed successfully.
07/15/26 10:31:01 Event: ULOG_EXECUTE for HTCondor Node apply (9401730.73.0) {07/14/26 17:03:27} [recovery mode]
07/15/26 10:31:01 Number of idle job procs: 432
07/15/26 10:31:01 Event: ULOG_EXECUTE for HTCondor Node apply (9401730.74.0) {07/14/26 17:03:27} [recovery mode]
07/15/26 10:31:01 Number of idle job procs: 431
07/15/26 10:31:01 Event: ULOG_EXECUTE for HTCondor Node apply (9401730.72.0) {07/14/26 17:03:28} [recovery mode]
07/15/26 10:31:01 Number of idle job procs: 430
07/15/26 10:31:01 Event: ULOG_EXECUTE for HTCondor Node apply (9401730.75.0) {07/14/26 17:03:28} [recovery mode]
07/15/26 10:31:01 Number of idle job procs: 429
07/15/26 10:31:01 Event: ULOG_EXECUTE for HTCondor Node apply (9401730.76.0) {07/14/26 17:03:28} [recovery mode]
07/15/26 10:31:01 Number of idle job procs: 428
07/15/26 10:31:01 Event: ULOG_EXECUTE for HTCondor Node apply (9401730.77.0) {07/14/26 17:03:29} [recovery mode]
07/15/26 10:31:01 Number of idle job procs: 427
07/15/26 10:31:01 Event: ULOG_EXECUTE for HTCondor Node apply (9401730.78.0) {07/14/26 17:03:29} [recovery mode]
07/15/26 10:31:01 Number of idle job procs: 426
07/15/26 10:31:01 Event: ULOG_EXECUTE for HTCondor Node apply (9401730.79.0) {07/14/26 17:03:29} [recovery mode]
07/15/26 10:31:01 Number of idle job procs: 425
07/15/26 10:31:01 Event: ULOG_EXECUTE for HTCondor Node apply (9401730.80.0) {07/14/26 17:03:30} [recovery mode]
07/15/26 10:31:01 Number of idle job procs: 424
07/15/26 10:31:01 Event: ULOG_EXECUTE for HTCondor Node apply (9401730.81.0) {07/14/26 17:03:30} [recovery mode]
07/15/26 10:31:01 Number of idle job procs: 423
07/15/26 10:31:01 Event: ULOG_EXECUTE for HTCondor Node apply (9401730.82.0) {07/14/26 17:03:30} [recovery mode]
07/15/26 10:31:01 Number of idle job procs: 422
07/15/26 10:31:01 Event: ULOG_EXECUTE for HTCondor Node apply (9401730.83.0) {07/14/26 17:03:31} [recovery mode]
07/15/26 10:31:01 Number of idle job procs: 421
07/15/26 10:31:01 Event: ULOG_EXECUTE for HTCondor Node apply (9401730.84.0) {07/14/26 17:03:31} [recovery mode]
07/15/26 10:31:01 Number of idle job procs: 420
07/15/26 10:31:01 Event: ULOG_EXECUTE for HTCondor Node apply (9401730.85.0) {07/14/26 17:03:31} [recovery mode]
07/15/26 10:31:01 Number of idle job procs: 419
07/15/26 10:31:01 Event: ULOG_EXECUTE for HTCondor Node apply (9401730.86.0) {07/14/26 17:03:32} [recovery mode]
07/15/26 10:31:01 Number of idle job procs: 418
07/15/26 10:31:01 Event: ULOG_EXECUTE for HTCondor Node apply (9401730.87.0) {07/14/26 17:03:32} [recovery mode]
07/15/26 10:31:01 Number of idle job procs: 417
07/15/26 10:31:01 Event: ULOG_EXECUTE for HTCondor Node apply (9401730.88.0) {07/14/26 17:03:33} [recovery mode]
07/15/26 10:31:01 Number of idle job procs: 416
07/15/26 10:31:01 Event: ULOG_EXECUTE for HTCondor Node apply (9401730.89.0) {07/14/26 17:03:33} [recovery mode]
07/15/26 10:31:01 Number of idle job procs: 415
07/15/26 10:31:01 Event: ULOG_EXECUTE for HTCondor Node apply (9401730.91.0) {07/14/26 17:03:33} [recovery mode]
07/15/26 10:31:01 Number of idle job procs: 414
07/15/26 10:31:01 Event: ULOG_EXECUTE for HTCondor Node apply (9401730.90.0) {07/14/26 17:03:34} [recovery mode]
07/15/26 10:31:01 Number of idle job procs: 413
07/15/26 10:31:01 Event: ULOG_EXECUTE for HTCondor Node apply (9401730.96.0) {07/14/26 17:03:34} [recovery mode]
07/15/26 10:31:01 Number of idle job procs: 412
07/15/26 10:31:01 Event: ULOG_EXECUTE for HTCondor Node apply (9401730.92.0) {07/14/26 17:03:34} [recovery mode]
07/15/26 10:31:01 Number of idle job procs: 411
07/15/26 10:31:01 Event: ULOG_EXECUTE for HTCondor Node apply (9401730.93.0) {07/14/26 17:03:34} [recovery mode]
07/15/26 10:31:01 Number of idle job procs: 410
07/15/26 10:31:01 Event: ULOG_EXECUTE for HTCondor Node apply (9401730.94.0) {07/14/26 17:03:34} [recovery mode]
07/15/26 10:31:01 Number of idle job procs: 409
07/15/26 10:31:01 Event: ULOG_EXECUTE for HTCondor Node apply (9401730.95.0) {07/14/26 17:03:35} [recovery mode]
07/15/26 10:31:01 Number of idle job procs: 408
07/15/26 10:31:01 Event: ULOG_EXECUTE for HTCondor Node apply (9401730.97.0) {07/14/26 17:03:35} [recovery mode]
07/15/26 10:31:01 Number of idle job procs: 407
07/15/26 10:31:01 Event: ULOG_EXECUTE for HTCondor Node apply (9401730.100.0) {07/14/26 17:03:36} [recovery mode]
07/15/26 10:31:01 Number of idle job procs: 406
07/15/26 10:31:01 Event: ULOG_EXECUTE for HTCondor Node apply (9401730.99.0) {07/14/26 17:03:36} [recovery mode]
07/15/26 10:31:01 Number of idle job procs: 405
07/15/26 10:31:01 Event: ULOG_EXECUTE for HTCondor Node apply (9401730.98.0) {07/14/26 17:03:36} [recovery mode]
07/15/26 10:31:01 Number of idle job procs: 404
07/15/26 10:31:01 Event: ULOG_EXECUTE for HTCondor Node apply (9401730.101.0) {07/14/26 17:03:37} [recovery mode]
07/15/26 10:31:01 Number of idle job procs: 403
07/15/26 10:31:01 Event: ULOG_EXECUTE for HTCondor Node apply (9401730.102.0) {07/14/26 17:03:37} [recovery mode]
07/15/26 10:31:01 Number of idle job procs: 402
07/15/26 10:31:02 Event: ULOG_EXECUTE for HTCondor Node apply (9401730.103.0) {07/14/26 17:03:37} [recovery mode]
07/15/26 10:31:02 Number of idle job procs: 401
07/15/26 10:31:02 Event: ULOG_EXECUTE for HTCondor Node apply (9401730.104.0) {07/14/26 17:03:38} [recovery mode]
07/15/26 10:31:02 Number of idle job procs: 400
07/15/26 10:31:02 Event: ULOG_EXECUTE for HTCondor Node apply (9401730.106.0) {07/14/26 17:03:38} [recovery mode]
07/15/26 10:31:02 Number of idle job procs: 399
07/15/26 10:31:02 Event: ULOG_EXECUTE for HTCondor Node apply (9401730.107.0) {07/14/26 17:03:38} [recovery mode]
07/15/26 10:31:02 Number of idle job procs: 398
07/15/26 10:31:02 Event: ULOG_EXECUTE for HTCondor Node apply (9401730.108.0) {07/14/26 17:03:39} [recovery mode]
07/15/26 10:31:02 Number of idle job procs: 397
07/15/26 10:31:02 Event: ULOG_EXECUTE for HTCondor Node apply (9401730.109.0) {07/14/26 17:03:39} [recovery mode]
07/15/26 10:31:02 Number of idle job procs: 396
07/15/26 10:31:02 Event: ULOG_EXECUTE for HTCondor Node apply (9401730.110.0) {07/14/26 17:03:39} [recovery mode]
07/15/26 10:31:02 Number of idle job procs: 395
07/15/26 10:31:02 Event: ULOG_EXECUTE for HTCondor Node apply (9401730.111.0) {07/14/26 17:03:40} [recovery mode]
07/15/26 10:31:02 Number of idle job procs: 394
07/15/26 10:31:02 Event: ULOG_EXECUTE for HTCondor Node apply (9401730.112.0) {07/14/26 17:03:40} [recovery mode]
07/15/26 10:31:02 Number of idle job procs: 393
07/15/26 10:31:02 Event: ULOG_EXECUTE for HTCondor Node apply (9401730.113.0) {07/14/26 17:03:40} [recovery mode]
07/15/26 10:31:02 Number of idle job procs: 392
07/15/26 10:31:02 Event: ULOG_EXECUTE for HTCondor Node apply (9401730.114.0) {07/14/26 17:03:41} [recovery mode]
07/15/26 10:31:02 Number of idle job procs: 391
07/15/26 10:31:02 Event: ULOG_EXECUTE for HTCondor Node apply (9401730.116.0) {07/14/26 17:03:41} [recovery mode]
07/15/26 10:31:02 Number of idle job procs: 390
07/15/26 10:31:02 Event: ULOG_EXECUTE for HTCondor Node apply (9401730.115.0) {07/14/26 17:03:41} [recovery mode]
07/15/26 10:31:02 Number of idle job procs: 389
07/15/26 10:31:02 Event: ULOG_EXECUTE for HTCondor Node apply (9401730.117.0) {07/14/26 17:03:42} [recovery mode]
07/15/26 10:31:02 Number of idle job procs: 388
07/15/26 10:31:02 Event: ULOG_EXECUTE for HTCondor Node apply (9401730.122.0) {07/14/26 17:03:42} [recovery mode]
07/15/26 10:31:02 Number of idle job procs: 387
07/15/26 10:31:02 Event: ULOG_EXECUTE for HTCondor Node apply (9401730.119.0) {07/14/26 17:03:42} [recovery mode]
07/15/26 10:31:02 Number of idle job procs: 386
07/15/26 10:31:02 Event: ULOG_EXECUTE for HTCondor Node apply (9401730.118.0) {07/14/26 17:03:42} [recovery mode]
07/15/26 10:31:02 Number of idle job procs: 385
07/15/26 10:31:02 Event: ULOG_EXECUTE for HTCondor Node apply (9401730.120.0) {07/14/26 17:03:43} [recovery mode]
07/15/26 10:31:02 Number of idle job procs: 384
07/15/26 10:31:02 Event: ULOG_EXECUTE for HTCondor Node apply (9401730.121.0) {07/14/26 17:03:43} [recovery mode]
07/15/26 10:31:02 Number of idle job procs: 383
07/15/26 10:31:02 Event: ULOG_EXECUTE for HTCondor Node apply (9401730.124.0) {07/14/26 17:03:44} [recovery mode]
07/15/26 10:31:02 Number of idle job procs: 382
07/15/26 10:31:02 Event: ULOG_EXECUTE for HTCondor Node apply (9401730.123.0) {07/14/26 17:03:44} [recovery mode]
07/15/26 10:31:02 Number of idle job procs: 381
07/15/26 10:31:02 Event: ULOG_EXECUTE for HTCondor Node apply (9401730.125.0) {07/14/26 17:03:44} [recovery mode]
07/15/26 10:31:02 Number of idle job procs: 380
07/15/26 10:31:02 Event: ULOG_EXECUTE for HTCondor Node apply (9401730.126.0) {07/14/26 17:03:45} [recovery mode]
07/15/26 10:31:02 Number of idle job procs: 379
07/15/26 10:31:02 Event: ULOG_EXECUTE for HTCondor Node apply (9401730.127.0) {07/14/26 17:03:45} [recovery mode]
07/15/26 10:31:02 Number of idle job procs: 378
07/15/26 10:31:02 Event: ULOG_EXECUTE for HTCondor Node apply (9401730.130.0) {07/14/26 17:03:45} [recovery mode]
07/15/26 10:31:02 Number of idle job procs: 377
07/15/26 10:31:02 Event: ULOG_EXECUTE for HTCondor Node apply (9401730.128.0) {07/14/26 17:03:45} [recovery mode]
07/15/26 10:31:02 Number of idle job procs: 376
07/15/26 10:31:02 Event: ULOG_EXECUTE for HTCondor Node apply (9401730.131.0) {07/14/26 17:03:47} [recovery mode]
07/15/26 10:31:02 Number of idle job procs: 375
07/15/26 10:31:02 Event: ULOG_EXECUTE for HTCondor Node apply (9401730.129.0) {07/14/26 17:03:47} [recovery mode]
07/15/26 10:31:02 Number of idle job procs: 374
07/15/26 10:31:02 Event: ULOG_EXECUTE for HTCondor Node apply (9401730.132.0) {07/14/26 17:03:48} [recovery mode]
07/15/26 10:31:02 Number of idle job procs: 373
07/15/26 10:31:02 Event: ULOG_EXECUTE for HTCondor Node apply (9401730.133.0) {07/14/26 17:03:48} [recovery mode]
07/15/26 10:31:02 Number of idle job procs: 372
07/15/26 10:31:02 Event: ULOG_EXECUTE for HTCondor Node apply (9401730.134.0) {07/14/26 17:03:48} [recovery mode]
07/15/26 10:31:02 Number of idle job procs: 371
07/15/26 10:31:02 Event: ULOG_EXECUTE for HTCondor Node apply (9401730.135.0) {07/14/26 17:03:48} [recovery mode]
07/15/26 10:31:02 Number of idle job procs: 370
07/15/26 10:31:02 Event: ULOG_EXECUTE for HTCondor Node apply (9401730.136.0) {07/14/26 17:03:49} [recovery mode]
07/15/26 10:31:02 Number of idle job procs: 369
07/15/26 10:31:02 Event: ULOG_EXECUTE for HTCondor Node apply (9401730.137.0) {07/14/26 17:03:49} [recovery mode]
07/15/26 10:31:02 Number of idle job procs: 368
07/15/26 10:31:02 Event: ULOG_EXECUTE for HTCondor Node apply (9401730.138.0) {07/14/26 17:03:49} [recovery mode]
07/15/26 10:31:02 Number of idle job procs: 367
07/15/26 10:31:02 Event: ULOG_EXECUTE for HTCondor Node apply (9401730.139.0) {07/14/26 17:03:50} [recovery mode]
07/15/26 10:31:02 Number of idle job procs: 366
07/15/26 10:31:02 Event: ULOG_EXECUTE for HTCondor Node apply (9401730.140.0) {07/14/26 17:03:50} [recovery mode]
07/15/26 10:31:02 Number of idle job procs: 365
07/15/26 10:31:02 Event: ULOG_EXECUTE for HTCondor Node apply (9401730.141.0) {07/14/26 17:03:50} [recovery mode]
07/15/26 10:31:02 Number of idle job procs: 364
07/15/26 10:31:02 Event: ULOG_EXECUTE for HTCondor Node apply (9401730.142.0) {07/14/26 17:03:51} [recovery mode]
07/15/26 10:31:02 Number of idle job procs: 363
07/15/26 10:31:02 Event: ULOG_EXECUTE for HTCondor Node apply (9401730.143.0) {07/14/26 17:03:51} [recovery mode]
07/15/26 10:31:02 Number of idle job procs: 362
07/15/26 10:31:02 Event: ULOG_EXECUTE for HTCondor Node apply (9401730.144.0) {07/14/26 17:03:51} [recovery mode]
07/15/26 10:31:02 Number of idle job procs: 361
07/15/26 10:31:02 Event: ULOG_EXECUTE for HTCondor Node apply (9401730.145.0) {07/14/26 17:03:52} [recovery mode]
07/15/26 10:31:02 Number of idle job procs: 360
07/15/26 10:31:02 Event: ULOG_EXECUTE for HTCondor Node apply (9401730.146.0) {07/14/26 17:03:52} [recovery mode]
07/15/26 10:31:02 Number of idle job procs: 359
07/15/26 10:31:02 Event: ULOG_EXECUTE for HTCondor Node apply (9401730.149.0) {07/14/26 17:03:52} [recovery mode]
07/15/26 10:31:02 Number of idle job procs: 358
07/15/26 10:31:02 Event: ULOG_EXECUTE for HTCondor Node apply (9401730.150.0) {07/14/26 17:03:52} [recovery mode]
07/15/26 10:31:02 Number of idle job procs: 357
07/15/26 10:31:02 Event: ULOG_JOB_TERMINATED for HTCondor Node apply (9401730.49.0) {07/14/26 17:03:52} [recovery mode]
07/15/26 10:31:02 Number of idle job procs: 357
07/15/26 10:31:02 Node apply job proc (9401730.49.0) completed successfully.
07/15/26 10:31:02 Event: ULOG_EXECUTE for HTCondor Node apply (9401730.147.0) {07/14/26 17:03:53} [recovery mode]
07/15/26 10:31:02 Number of idle job procs: 356
07/15/26 10:31:02 Event: ULOG_EXECUTE for HTCondor Node apply (9401730.148.0) {07/14/26 17:03:53} [recovery mode]
07/15/26 10:31:02 Number of idle job procs: 355
07/15/26 10:31:02 Event: ULOG_EXECUTE for HTCondor Node apply (9401730.152.0) {07/14/26 17:03:54} [recovery mode]
07/15/26 10:31:02 Number of idle job procs: 354
07/15/26 10:31:02 Event: ULOG_EXECUTE for HTCondor Node apply (9401730.153.0) {07/14/26 17:03:54} [recovery mode]
07/15/26 10:31:02 Number of idle job procs: 353
07/15/26 10:31:02 Event: ULOG_EXECUTE for HTCondor Node apply (9401730.154.0) {07/14/26 17:03:54} [recovery mode]
07/15/26 10:31:02 Number of idle job procs: 352
07/15/26 10:31:02 Event: ULOG_EXECUTE for HTCondor Node apply (9401730.155.0) {07/14/26 17:03:54} [recovery mode]
07/15/26 10:31:02 Number of idle job procs: 351
07/15/26 10:31:02 Event: ULOG_EXECUTE for HTCondor Node apply (9401730.156.0) {07/14/26 17:03:55} [recovery mode]
07/15/26 10:31:02 Number of idle job procs: 350
07/15/26 10:31:02 Event: ULOG_EXECUTE for HTCondor Node apply (9401730.157.0) {07/14/26 17:03:56} [recovery mode]
07/15/26 10:31:02 Number of idle job procs: 349
07/15/26 10:31:02 Event: ULOG_EXECUTE for HTCondor Node apply (9401730.158.0) {07/14/26 17:03:56} [recovery mode]
07/15/26 10:31:02 Number of idle job procs: 348
07/15/26 10:31:02 Event: ULOG_EXECUTE for HTCondor Node apply (9401730.159.0) {07/14/26 17:03:56} [recovery mode]
07/15/26 10:31:02 Number of idle job procs: 347
07/15/26 10:31:02 Event: ULOG_EXECUTE for HTCondor Node apply (9401730.160.0) {07/14/26 17:03:56} [recovery mode]
07/15/26 10:31:02 Number of idle job procs: 346
07/15/26 10:31:02 Event: ULOG_EXECUTE for HTCondor Node apply (9401730.165.0) {07/14/26 17:03:57} [recovery mode]
07/15/26 10:31:02 Number of idle job procs: 345
07/15/26 10:31:02 Event: ULOG_EXECUTE for HTCondor Node apply (9401730.162.0) {07/14/26 17:03:57} [recovery mode]
07/15/26 10:31:02 Number of idle job procs: 344
07/15/26 10:31:02 Event: ULOG_EXECUTE for HTCondor Node apply (9401730.166.0) {07/14/26 17:03:57} [recovery mode]
07/15/26 10:31:02 Number of idle job procs: 343
07/15/26 10:31:02 Event: ULOG_EXECUTE for HTCondor Node apply (9401730.163.0) {07/14/26 17:03:57} [recovery mode]
07/15/26 10:31:02 Number of idle job procs: 342
07/15/26 10:31:02 Event: ULOG_EXECUTE for HTCondor Node apply (9401730.161.0) {07/14/26 17:03:57} [recovery mode]
07/15/26 10:31:02 Number of idle job procs: 341
07/15/26 10:31:02 Event: ULOG_EXECUTE for HTCondor Node apply (9401730.164.0) {07/14/26 17:03:58} [recovery mode]
07/15/26 10:31:02 Number of idle job procs: 340
07/15/26 10:31:02 Event: ULOG_EXECUTE for HTCondor Node apply (9401730.168.0) {07/14/26 17:03:58} [recovery mode]
07/15/26 10:31:02 Number of idle job procs: 339
07/15/26 10:31:02 Event: ULOG_JOB_TERMINATED for HTCondor Node apply (9401730.96.0) {07/14/26 17:03:58} [recovery mode]
07/15/26 10:31:02 Number of idle job procs: 339
07/15/26 10:31:02 Node apply job proc (9401730.96.0) completed successfully.
07/15/26 10:31:02 Event: ULOG_EXECUTE for HTCondor Node apply (9401730.167.0) {07/14/26 17:03:59} [recovery mode]
07/15/26 10:31:02 Number of idle job procs: 338
07/15/26 10:31:02 Event: ULOG_EXECUTE for HTCondor Node apply (9401730.169.0) {07/14/26 17:04:00} [recovery mode]
07/15/26 10:31:02 Number of idle job procs: 337
07/15/26 10:31:02 Event: ULOG_EXECUTE for HTCondor Node apply (9401730.170.0) {07/14/26 17:04:00} [recovery mode]
07/15/26 10:31:02 Number of idle job procs: 336
07/15/26 10:31:02 Event: ULOG_EXECUTE for HTCondor Node apply (9401730.171.0) {07/14/26 17:04:00} [recovery mode]
07/15/26 10:31:02 Number of idle job procs: 335
07/15/26 10:31:02 Event: ULOG_EXECUTE for HTCondor Node apply (9401730.172.0) {07/14/26 17:04:01} [recovery mode]
07/15/26 10:31:02 Number of idle job procs: 334
07/15/26 10:31:02 Event: ULOG_EXECUTE for HTCondor Node apply (9401730.173.0) {07/14/26 17:04:01} [recovery mode]
07/15/26 10:31:02 Number of idle job procs: 333
07/15/26 10:31:02 Event: ULOG_EXECUTE for HTCondor Node apply (9401730.174.0) {07/14/26 17:04:01} [recovery mode]
07/15/26 10:31:02 Number of idle job procs: 332
07/15/26 10:31:02 Event: ULOG_EXECUTE for HTCondor Node apply (9401730.175.0) {07/14/26 17:04:02} [recovery mode]
07/15/26 10:31:02 Number of idle job procs: 331
07/15/26 10:31:02 Event: ULOG_EXECUTE for HTCondor Node apply (9401730.176.0) {07/14/26 17:04:02} [recovery mode]
07/15/26 10:31:02 Number of idle job procs: 330
07/15/26 10:31:02 Event: ULOG_EXECUTE for HTCondor Node apply (9401730.179.0) {07/14/26 17:04:03} [recovery mode]
07/15/26 10:31:02 Number of idle job procs: 329
07/15/26 10:31:02 Event: ULOG_EXECUTE for HTCondor Node apply (9401730.177.0) {07/14/26 17:04:03} [recovery mode]
07/15/26 10:31:02 Number of idle job procs: 328
07/15/26 10:31:02 Event: ULOG_EXECUTE for HTCondor Node apply (9401730.178.0) {07/14/26 17:04:03} [recovery mode]
07/15/26 10:31:02 Number of idle job procs: 327
07/15/26 10:31:02 Event: ULOG_EXECUTE for HTCondor Node apply (9401730.180.0) {07/14/26 17:04:04} [recovery mode]
07/15/26 10:31:02 Number of idle job procs: 326
07/15/26 10:31:02 Event: ULOG_EXECUTE for HTCondor Node apply (9401730.181.0) {07/14/26 17:04:04} [recovery mode]
07/15/26 10:31:02 Number of idle job procs: 325
07/15/26 10:31:02 Event: ULOG_EXECUTE for HTCondor Node apply (9401730.182.0) {07/14/26 17:04:05} [recovery mode]
07/15/26 10:31:02 Number of idle job procs: 324
07/15/26 10:31:02 Event: ULOG_JOB_TERMINATED for HTCondor Node apply (9401730.31.0) {07/14/26 17:04:05} [recovery mode]
07/15/26 10:31:02 Number of idle job procs: 324
07/15/26 10:31:02 Node apply job proc (9401730.31.0) completed successfully.
07/15/26 10:31:02 Event: ULOG_EXECUTE for HTCondor Node apply (9401730.183.0) {07/14/26 17:04:05} [recovery mode]
07/15/26 10:31:02 Number of idle job procs: 323
07/15/26 10:31:02 Event: ULOG_EXECUTE for HTCondor Node apply (9401730.184.0) {07/14/26 17:04:05} [recovery mode]
07/15/26 10:31:02 Number of idle job procs: 322
07/15/26 10:31:02 Event: ULOG_EXECUTE for HTCondor Node apply (9401730.185.0) {07/14/26 17:04:06} [recovery mode]
07/15/26 10:31:02 Number of idle job procs: 321
07/15/26 10:31:02 Event: ULOG_EXECUTE for HTCondor Node apply (9401730.186.0) {07/14/26 17:04:06} [recovery mode]
07/15/26 10:31:02 Number of idle job procs: 320
07/15/26 10:31:02 Event: ULOG_EXECUTE for HTCondor Node apply (9401730.189.0) {07/14/26 17:04:07} [recovery mode]
07/15/26 10:31:02 Number of idle job procs: 319
07/15/26 10:31:02 Event: ULOG_EXECUTE for HTCondor Node apply (9401730.187.0) {07/14/26 17:04:07} [recovery mode]
07/15/26 10:31:02 Number of idle job procs: 318
07/15/26 10:31:02 Event: ULOG_EXECUTE for HTCondor Node apply (9401730.188.0) {07/14/26 17:04:07} [recovery mode]
07/15/26 10:31:02 Number of idle job procs: 317
07/15/26 10:31:02 Event: ULOG_JOB_TERMINATED for HTCondor Node apply (9401730.70.0) {07/14/26 17:04:07} [recovery mode]
07/15/26 10:31:02 Number of idle job procs: 317
07/15/26 10:31:02 Node apply job proc (9401730.70.0) completed successfully.
07/15/26 10:31:02 Event: ULOG_EXECUTE for HTCondor Node apply (9401730.191.0) {07/14/26 17:04:08} [recovery mode]
07/15/26 10:31:02 Number of idle job procs: 316
07/15/26 10:31:02 Event: ULOG_EXECUTE for HTCondor Node apply (9401730.192.0) {07/14/26 17:04:08} [recovery mode]
07/15/26 10:31:02 Number of idle job procs: 315
07/15/26 10:31:02 Event: ULOG_EXECUTE for HTCondor Node apply (9401730.190.0) {07/14/26 17:04:08} [recovery mode]
07/15/26 10:31:02 Number of idle job procs: 314
07/15/26 10:31:02 Event: ULOG_EXECUTE for HTCondor Node apply (9401730.193.0) {07/14/26 17:04:08} [recovery mode]
07/15/26 10:31:02 Number of idle job procs: 313
07/15/26 10:31:02 Event: ULOG_EXECUTE for HTCondor Node apply (9401730.194.0) {07/14/26 17:04:09} [recovery mode]
07/15/26 10:31:02 Number of idle job procs: 312
07/15/26 10:31:02 Event: ULOG_EXECUTE for HTCondor Node apply (9401730.195.0) {07/14/26 17:04:09} [recovery mode]
07/15/26 10:31:02 Number of idle job procs: 311
07/15/26 10:31:02 Event: ULOG_EXECUTE for HTCondor Node apply (9401730.196.0) {07/14/26 17:04:09} [recovery mode]
07/15/26 10:31:02 Number of idle job procs: 310
07/15/26 10:31:02 Event: ULOG_EXECUTE for HTCondor Node apply (9401730.199.0) {07/14/26 17:04:11} [recovery mode]
07/15/26 10:31:02 Number of idle job procs: 309
07/15/26 10:31:02 Event: ULOG_EXECUTE for HTCondor Node apply (9401730.197.0) {07/14/26 17:04:11} [recovery mode]
07/15/26 10:31:02 Number of idle job procs: 308
07/15/26 10:31:02 Event: ULOG_EXECUTE for HTCondor Node apply (9401730.198.0) {07/14/26 17:04:11} [recovery mode]
07/15/26 10:31:02 Number of idle job procs: 307
07/15/26 10:31:02 Event: ULOG_EXECUTE for HTCondor Node apply (9401730.200.0) {07/14/26 17:04:12} [recovery mode]
07/15/26 10:31:02 Number of idle job procs: 306
07/15/26 10:31:02 Event: ULOG_EXECUTE for HTCondor Node apply (9401730.201.0) {07/14/26 17:04:12} [recovery mode]
07/15/26 10:31:02 Number of idle job procs: 305
07/15/26 10:31:02 Event: ULOG_EXECUTE for HTCondor Node apply (9401730.202.0) {07/14/26 17:04:13} [recovery mode]
07/15/26 10:31:02 Number of idle job procs: 304
07/15/26 10:31:02 Event: ULOG_EXECUTE for HTCondor Node apply (9401730.203.0) {07/14/26 17:04:13} [recovery mode]
07/15/26 10:31:02 Number of idle job procs: 303
07/15/26 10:31:02 Event: ULOG_EXECUTE for HTCondor Node apply (9401730.209.0) {07/14/26 17:04:14} [recovery mode]
07/15/26 10:31:02 Number of idle job procs: 302
07/15/26 10:31:02 Event: ULOG_EXECUTE for HTCondor Node apply (9401730.204.0) {07/14/26 17:04:15} [recovery mode]
07/15/26 10:31:02 Number of idle job procs: 301
07/15/26 10:31:02 Event: ULOG_EXECUTE for HTCondor Node apply (9401730.208.0) {07/14/26 17:04:16} [recovery mode]
07/15/26 10:31:02 Number of idle job procs: 300
07/15/26 10:31:02 Event: ULOG_EXECUTE for HTCondor Node apply (9401730.207.0) {07/14/26 17:04:16} [recovery mode]
07/15/26 10:31:02 Number of idle job procs: 299
07/15/26 10:31:02 Event: ULOG_EXECUTE for HTCondor Node apply (9401730.205.0) {07/14/26 17:04:16} [recovery mode]
07/15/26 10:31:02 Number of idle job procs: 298
07/15/26 10:31:02 Event: ULOG_EXECUTE for HTCondor Node apply (9401730.206.0) {07/14/26 17:04:16} [recovery mode]
07/15/26 10:31:02 Number of idle job procs: 297
07/15/26 10:31:02 Event: ULOG_EXECUTE for HTCondor Node apply (9401730.210.0) {07/14/26 17:04:16} [recovery mode]
07/15/26 10:31:02 Number of idle job procs: 296
07/15/26 10:31:02 Event: ULOG_EXECUTE for HTCondor Node apply (9401730.211.0) {07/14/26 17:04:16} [recovery mode]
07/15/26 10:31:02 Number of idle job procs: 295
07/15/26 10:31:02 Event: ULOG_EXECUTE for HTCondor Node apply (9401730.212.0) {07/14/26 17:04:16} [recovery mode]
07/15/26 10:31:02 Number of idle job procs: 294
07/15/26 10:31:02 Event: ULOG_JOB_TERMINATED for HTCondor Node apply (9401730.52.0) {07/14/26 17:04:18} [recovery mode]
07/15/26 10:31:02 Number of idle job procs: 294
07/15/26 10:31:02 Node apply job proc (9401730.52.0) completed successfully.
07/15/26 10:31:02 Event: ULOG_EXECUTE for HTCondor Node apply (9401730.213.0) {07/14/26 17:04:18} [recovery mode]
07/15/26 10:31:02 Number of idle job procs: 293
07/15/26 10:31:02 Event: ULOG_JOB_TERMINATED for HTCondor Node apply (9401730.30.0) {07/14/26 17:04:18} [recovery mode]
07/15/26 10:31:02 Number of idle job procs: 293
07/15/26 10:31:02 Node apply job proc (9401730.30.0) completed successfully.
07/15/26 10:31:02 Event: ULOG_EXECUTE for HTCondor Node apply (9401730.214.0) {07/14/26 17:04:18} [recovery mode]
07/15/26 10:31:02 Number of idle job procs: 292
07/15/26 10:31:02 Event: ULOG_EXECUTE for HTCondor Node apply (9401730.215.0) {07/14/26 17:04:18} [recovery mode]
07/15/26 10:31:02 Number of idle job procs: 291
07/15/26 10:31:02 Event: ULOG_EXECUTE for HTCondor Node apply (9401730.217.0) {07/14/26 17:04:18} [recovery mode]
07/15/26 10:31:02 Number of idle job procs: 290
07/15/26 10:31:02 Event: ULOG_EXECUTE for HTCondor Node apply (9401730.216.0) {07/14/26 17:04:19} [recovery mode]
07/15/26 10:31:02 Number of idle job procs: 289
07/15/26 10:31:02 Event: ULOG_EXECUTE for HTCondor Node apply (9401730.218.0) {07/14/26 17:04:19} [recovery mode]
07/15/26 10:31:02 Number of idle job procs: 288
07/15/26 10:31:02 Event: ULOG_EXECUTE for HTCondor Node apply (9401730.219.0) {07/14/26 17:04:20} [recovery mode]
07/15/26 10:31:02 Number of idle job procs: 287
07/15/26 10:31:02 Event: ULOG_EXECUTE for HTCondor Node apply (9401730.223.0) {07/14/26 17:04:20} [recovery mode]
07/15/26 10:31:02 Number of idle job procs: 286
07/15/26 10:31:02 Event: ULOG_EXECUTE for HTCondor Node apply (9401730.220.0) {07/14/26 17:04:20} [recovery mode]
07/15/26 10:31:02 Number of idle job procs: 285
07/15/26 10:31:02 Event: ULOG_EXECUTE for HTCondor Node apply (9401730.221.0) {07/14/26 17:04:20} [recovery mode]
07/15/26 10:31:02 Number of idle job procs: 284
07/15/26 10:31:02 Event: ULOG_EXECUTE for HTCondor Node apply (9401730.222.0) {07/14/26 17:04:21} [recovery mode]
07/15/26 10:31:02 Number of idle job procs: 283
07/15/26 10:31:02 Event: ULOG_EXECUTE for HTCondor Node apply (9401730.224.0) {07/14/26 17:04:21} [recovery mode]
07/15/26 10:31:02 Number of idle job procs: 282
07/15/26 10:31:02 Event: ULOG_EXECUTE for HTCondor Node apply (9401730.226.0) {07/14/26 17:04:22} [recovery mode]
07/15/26 10:31:02 Number of idle job procs: 281
07/15/26 10:31:02 Event: ULOG_EXECUTE for HTCondor Node apply (9401730.225.0) {07/14/26 17:04:22} [recovery mode]
07/15/26 10:31:02 Number of idle job procs: 280
07/15/26 10:31:02 Event: ULOG_EXECUTE for HTCondor Node apply (9401730.231.0) {07/14/26 17:04:23} [recovery mode]
07/15/26 10:31:02 Number of idle job procs: 279
07/15/26 10:31:02 Event: ULOG_EXECUTE for HTCondor Node apply (9401730.229.0) {07/14/26 17:04:23} [recovery mode]
07/15/26 10:31:02 Number of idle job procs: 278
07/15/26 10:31:02 Event: ULOG_EXECUTE for HTCondor Node apply (9401730.233.0) {07/14/26 17:04:24} [recovery mode]
07/15/26 10:31:02 Number of idle job procs: 277
07/15/26 10:31:02 Event: ULOG_EXECUTE for HTCondor Node apply (9401730.234.0) {07/14/26 17:04:24} [recovery mode]
07/15/26 10:31:02 Number of idle job procs: 276
07/15/26 10:31:02 Event: ULOG_EXECUTE for HTCondor Node apply (9401730.235.0) {07/14/26 17:04:25} [recovery mode]
07/15/26 10:31:02 Number of idle job procs: 275
07/15/26 10:31:02 Event: ULOG_JOB_TERMINATED for HTCondor Node apply (9401730.90.0) {07/14/26 17:04:25} [recovery mode]
07/15/26 10:31:02 Number of idle job procs: 275
07/15/26 10:31:02 Node apply job proc (9401730.90.0) completed successfully.
07/15/26 10:31:02 Event: ULOG_EXECUTE for HTCondor Node apply (9401730.243.0) {07/14/26 17:04:27} [recovery mode]
07/15/26 10:31:02 Number of idle job procs: 274
07/15/26 10:31:02 Event: ULOG_EXECUTE for HTCondor Node apply (9401730.241.0) {07/14/26 17:04:27} [recovery mode]
07/15/26 10:31:02 Number of idle job procs: 273
07/15/26 10:31:02 Event: ULOG_EXECUTE for HTCondor Node apply (9401730.244.0) {07/14/26 17:04:28} [recovery mode]
07/15/26 10:31:02 Number of idle job procs: 272
07/15/26 10:31:02 Event: ULOG_EXECUTE for HTCondor Node apply (9401730.230.0) {07/14/26 17:04:28} [recovery mode]
07/15/26 10:31:02 Number of idle job procs: 271
07/15/26 10:31:02 Event: ULOG_EXECUTE for HTCondor Node apply (9401730.105.0) {07/14/26 17:04:28} [recovery mode]
07/15/26 10:31:02 Number of idle job procs: 270
07/15/26 10:31:02 Event: ULOG_EXECUTE for HTCondor Node apply (9401730.249.0) {07/14/26 17:04:29} [recovery mode]
07/15/26 10:31:02 Number of idle job procs: 269
07/15/26 10:31:02 Event: ULOG_EXECUTE for HTCondor Node apply (9401730.246.0) {07/14/26 17:04:29} [recovery mode]
07/15/26 10:31:02 Number of idle job procs: 268
07/15/26 10:31:02 Event: ULOG_EXECUTE for HTCondor Node apply (9401730.247.0) {07/14/26 17:04:29} [recovery mode]
07/15/26 10:31:02 Number of idle job procs: 267
07/15/26 10:31:02 Event: ULOG_JOB_TERMINATED for HTCondor Node apply (9401730.42.0) {07/14/26 17:04:29} [recovery mode]
07/15/26 10:31:02 Number of idle job procs: 267
07/15/26 10:31:02 Node apply job proc (9401730.42.0) completed successfully.
07/15/26 10:31:02 Event: ULOG_EXECUTE for HTCondor Node apply (9401730.250.0) {07/14/26 17:04:30} [recovery mode]
07/15/26 10:31:02 Number of idle job procs: 266
07/15/26 10:31:02 Event: ULOG_EXECUTE for HTCondor Node apply (9401730.252.0) {07/14/26 17:04:30} [recovery mode]
07/15/26 10:31:02 Number of idle job procs: 265
07/15/26 10:31:02 Event: ULOG_EXECUTE for HTCondor Node apply (9401730.251.0) {07/14/26 17:04:30} [recovery mode]
07/15/26 10:31:02 Number of idle job procs: 264
07/15/26 10:31:02 Event: ULOG_JOB_TERMINATED for HTCondor Node apply (9401730.94.0) {07/14/26 17:04:31} [recovery mode]
07/15/26 10:31:02 Number of idle job procs: 264
07/15/26 10:31:02 Node apply job proc (9401730.94.0) completed successfully.
07/15/26 10:31:02 Event: ULOG_EXECUTE for HTCondor Node apply (9401730.253.0) {07/14/26 17:04:31} [recovery mode]
07/15/26 10:31:02 Number of idle job procs: 263
07/15/26 10:31:02 Event: ULOG_EXECUTE for HTCondor Node apply (9401730.255.0) {07/14/26 17:04:32} [recovery mode]
07/15/26 10:31:02 Number of idle job procs: 262
07/15/26 10:31:02 Event: ULOG_JOB_TERMINATED for HTCondor Node apply (9401730.93.0) {07/14/26 17:04:32} [recovery mode]
07/15/26 10:31:02 Number of idle job procs: 262
07/15/26 10:31:02 Node apply job proc (9401730.93.0) completed successfully.
07/15/26 10:31:02 Event: ULOG_EXECUTE for HTCondor Node apply (9401730.256.0) {07/14/26 17:04:32} [recovery mode]
07/15/26 10:31:02 Number of idle job procs: 261
07/15/26 10:31:02 Event: ULOG_EXECUTE for HTCondor Node apply (9401730.257.0) {07/14/26 17:04:32} [recovery mode]
07/15/26 10:31:02 Number of idle job procs: 260
07/15/26 10:31:02 Event: ULOG_EXECUTE for HTCondor Node apply (9401730.254.0) {07/14/26 17:04:32} [recovery mode]
07/15/26 10:31:02 Number of idle job procs: 259
07/15/26 10:31:02 Event: ULOG_EXECUTE for HTCondor Node apply (9401730.258.0) {07/14/26 17:04:32} [recovery mode]
07/15/26 10:31:02 Number of idle job procs: 258
07/15/26 10:31:02 Event: ULOG_EXECUTE for HTCondor Node apply (9401730.259.0) {07/14/26 17:04:33} [recovery mode]
07/15/26 10:31:02 Number of idle job procs: 257
07/15/26 10:31:02 Event: ULOG_EXECUTE for HTCondor Node apply (9401730.260.0) {07/14/26 17:04:33} [recovery mode]
07/15/26 10:31:02 Number of idle job procs: 256
07/15/26 10:31:02 Event: ULOG_EXECUTE for HTCondor Node apply (9401730.261.0) {07/14/26 17:04:33} [recovery mode]
07/15/26 10:31:02 Number of idle job procs: 255
07/15/26 10:31:02 Event: ULOG_EXECUTE for HTCondor Node apply (9401730.262.0) {07/14/26 17:04:34} [recovery mode]
07/15/26 10:31:02 Number of idle job procs: 254
07/15/26 10:31:02 Event: ULOG_EXECUTE for HTCondor Node apply (9401730.263.0) {07/14/26 17:04:34} [recovery mode]
07/15/26 10:31:02 Number of idle job procs: 253
07/15/26 10:31:02 Event: ULOG_EXECUTE for HTCondor Node apply (9401730.264.0) {07/14/26 17:04:34} [recovery mode]
07/15/26 10:31:02 Number of idle job procs: 252
07/15/26 10:31:02 Event: ULOG_EXECUTE for HTCondor Node apply (9401730.265.0) {07/14/26 17:04:35} [recovery mode]
07/15/26 10:31:02 Number of idle job procs: 251
07/15/26 10:31:02 Event: ULOG_EXECUTE for HTCondor Node apply (9401730.267.0) {07/14/26 17:04:35} [recovery mode]
07/15/26 10:31:02 Number of idle job procs: 250
07/15/26 10:31:02 Event: ULOG_EXECUTE for HTCondor Node apply (9401730.266.0) {07/14/26 17:04:35} [recovery mode]
07/15/26 10:31:02 Number of idle job procs: 249
07/15/26 10:31:02 Event: ULOG_EXECUTE for HTCondor Node apply (9401730.268.0) {07/14/26 17:04:36} [recovery mode]
07/15/26 10:31:02 Number of idle job procs: 248
07/15/26 10:31:02 Event: ULOG_EXECUTE for HTCondor Node apply (9401730.269.0) {07/14/26 17:04:36} [recovery mode]
07/15/26 10:31:02 Number of idle job procs: 247
07/15/26 10:31:02 Event: ULOG_EXECUTE for HTCondor Node apply (9401730.270.0) {07/14/26 17:04:36} [recovery mode]
07/15/26 10:31:02 Number of idle job procs: 246
07/15/26 10:31:02 Event: ULOG_JOB_TERMINATED for HTCondor Node apply (9401730.91.0) {07/14/26 17:04:36} [recovery mode]
07/15/26 10:31:02 Number of idle job procs: 246
07/15/26 10:31:02 Node apply job proc (9401730.91.0) completed successfully.
07/15/26 10:31:02 Event: ULOG_JOB_TERMINATED for HTCondor Node apply (9401730.196.0) {07/14/26 17:04:37} [recovery mode]
07/15/26 10:31:02 Number of idle job procs: 246
07/15/26 10:31:02 Node apply job proc (9401730.196.0) completed successfully.
07/15/26 10:31:02 Event: ULOG_EXECUTE for HTCondor Node apply (9401730.271.0) {07/14/26 17:04:37} [recovery mode]
07/15/26 10:31:02 Number of idle job procs: 245
07/15/26 10:31:02 Event: ULOG_EXECUTE for HTCondor Node apply (9401730.272.0) {07/14/26 17:04:37} [recovery mode]
07/15/26 10:31:02 Number of idle job procs: 244
07/15/26 10:31:02 Event: ULOG_EXECUTE for HTCondor Node apply (9401730.273.0) {07/14/26 17:04:37} [recovery mode]
07/15/26 10:31:02 Number of idle job procs: 243
07/15/26 10:31:02 Event: ULOG_JOB_TERMINATED for HTCondor Node apply (9401730.97.0) {07/14/26 17:04:37} [recovery mode]
07/15/26 10:31:02 Number of idle job procs: 243
07/15/26 10:31:02 Node apply job proc (9401730.97.0) completed successfully.
07/15/26 10:31:02 Event: ULOG_EXECUTE for HTCondor Node apply (9401730.274.0) {07/14/26 17:04:38} [recovery mode]
07/15/26 10:31:02 Number of idle job procs: 242
07/15/26 10:31:02 Event: ULOG_EXECUTE for HTCondor Node apply (9401730.277.0) {07/14/26 17:04:39} [recovery mode]
07/15/26 10:31:02 Number of idle job procs: 241
07/15/26 10:31:02 Event: ULOG_EXECUTE for HTCondor Node apply (9401730.278.0) {07/14/26 17:04:39} [recovery mode]
07/15/26 10:31:02 Number of idle job procs: 240
07/15/26 10:31:02 Event: ULOG_JOB_TERMINATED for HTCondor Node apply (9401730.195.0) {07/14/26 17:04:39} [recovery mode]
07/15/26 10:31:02 Number of idle job procs: 240
07/15/26 10:31:02 Node apply job proc (9401730.195.0) completed successfully.
07/15/26 10:31:02 Event: ULOG_EXECUTE for HTCondor Node apply (9401730.280.0) {07/14/26 17:04:40} [recovery mode]
07/15/26 10:31:02 Number of idle job procs: 239
07/15/26 10:31:02 Event: ULOG_EXECUTE for HTCondor Node apply (9401730.281.0) {07/14/26 17:04:40} [recovery mode]
07/15/26 10:31:02 Number of idle job procs: 238
07/15/26 10:31:02 Event: ULOG_EXECUTE for HTCondor Node apply (9401730.282.0) {07/14/26 17:04:40} [recovery mode]
07/15/26 10:31:02 Number of idle job procs: 237
07/15/26 10:31:02 Event: ULOG_EXECUTE for HTCondor Node apply (9401730.288.0) {07/14/26 17:04:42} [recovery mode]
07/15/26 10:31:02 Number of idle job procs: 236
07/15/26 10:31:02 Event: ULOG_EXECUTE for HTCondor Node apply (9401730.291.0) {07/14/26 17:04:43} [recovery mode]
07/15/26 10:31:02 Number of idle job procs: 235
07/15/26 10:31:02 Event: ULOG_EXECUTE for HTCondor Node apply (9401730.290.0) {07/14/26 17:04:43} [recovery mode]
07/15/26 10:31:02 Number of idle job procs: 234
07/15/26 10:31:02 Event: ULOG_JOB_TERMINATED for HTCondor Node apply (9401730.95.0) {07/14/26 17:04:43} [recovery mode]
07/15/26 10:31:02 Number of idle job procs: 234
07/15/26 10:31:02 Node apply job proc (9401730.95.0) completed successfully.
07/15/26 10:31:02 Event: ULOG_EXECUTE for HTCondor Node apply (9401730.292.0) {07/14/26 17:04:44} [recovery mode]
07/15/26 10:31:02 Number of idle job procs: 233
07/15/26 10:31:02 Event: ULOG_EXECUTE for HTCondor Node apply (9401730.294.0) {07/14/26 17:04:44} [recovery mode]
07/15/26 10:31:02 Number of idle job procs: 232
07/15/26 10:31:02 Event: ULOG_EXECUTE for HTCondor Node apply (9401730.297.0) {07/14/26 17:04:45} [recovery mode]
07/15/26 10:31:02 Number of idle job procs: 231
07/15/26 10:31:02 Event: ULOG_EXECUTE for HTCondor Node apply (9401730.298.0) {07/14/26 17:04:45} [recovery mode]
07/15/26 10:31:02 Number of idle job procs: 230
07/15/26 10:31:02 Event: ULOG_EXECUTE for HTCondor Node apply (9401730.295.0) {07/14/26 17:04:45} [recovery mode]
07/15/26 10:31:02 Number of idle job procs: 229
07/15/26 10:31:02 Event: ULOG_EXECUTE for HTCondor Node apply (9401730.299.0) {07/14/26 17:04:46} [recovery mode]
07/15/26 10:31:02 Number of idle job procs: 228
07/15/26 10:31:02 Event: ULOG_EXECUTE for HTCondor Node apply (9401730.301.0) {07/14/26 17:04:46} [recovery mode]
07/15/26 10:31:02 Number of idle job procs: 227
07/15/26 10:31:02 Event: ULOG_EXECUTE for HTCondor Node apply (9401730.300.0) {07/14/26 17:04:46} [recovery mode]
07/15/26 10:31:02 Number of idle job procs: 226
07/15/26 10:31:02 Event: ULOG_EXECUTE for HTCondor Node apply (9401730.302.0) {07/14/26 17:04:47} [recovery mode]
07/15/26 10:31:02 Number of idle job procs: 225
07/15/26 10:31:02 Event: ULOG_EXECUTE for HTCondor Node apply (9401730.303.0) {07/14/26 17:04:47} [recovery mode]
07/15/26 10:31:02 Number of idle job procs: 224
07/15/26 10:31:02 Event: ULOG_EXECUTE for HTCondor Node apply (9401730.306.0) {07/14/26 17:04:48} [recovery mode]
07/15/26 10:31:02 Number of idle job procs: 223
07/15/26 10:31:02 Event: ULOG_EXECUTE for HTCondor Node apply (9401730.307.0) {07/14/26 17:04:48} [recovery mode]
07/15/26 10:31:02 Number of idle job procs: 222
07/15/26 10:31:02 Event: ULOG_EXECUTE for HTCondor Node apply (9401730.309.0) {07/14/26 17:04:49} [recovery mode]
07/15/26 10:31:02 Number of idle job procs: 221
07/15/26 10:31:02 Event: ULOG_EXECUTE for HTCondor Node apply (9401730.310.0) {07/14/26 17:04:49} [recovery mode]
07/15/26 10:31:02 Number of idle job procs: 220
07/15/26 10:31:02 Event: ULOG_EXECUTE for HTCondor Node apply (9401730.311.0) {07/14/26 17:04:50} [recovery mode]
07/15/26 10:31:02 Number of idle job procs: 219
07/15/26 10:31:02 Event: ULOG_EXECUTE for HTCondor Node apply (9401730.317.0) {07/14/26 17:04:52} [recovery mode]
07/15/26 10:31:02 Number of idle job procs: 218
07/15/26 10:31:02 Event: ULOG_EXECUTE for HTCondor Node apply (9401730.319.0) {07/14/26 17:04:52} [recovery mode]
07/15/26 10:31:02 Number of idle job procs: 217
07/15/26 10:31:02 Event: ULOG_EXECUTE for HTCondor Node apply (9401730.321.0) {07/14/26 17:04:53} [recovery mode]
07/15/26 10:31:02 Number of idle job procs: 216
07/15/26 10:31:02 Event: ULOG_EXECUTE for HTCondor Node apply (9401730.320.0) {07/14/26 17:04:54} [recovery mode]
07/15/26 10:31:02 Number of idle job procs: 215
07/15/26 10:31:02 Event: ULOG_EXECUTE for HTCondor Node apply (9401730.323.0) {07/14/26 17:04:54} [recovery mode]
07/15/26 10:31:02 Number of idle job procs: 214
07/15/26 10:31:02 Event: ULOG_EXECUTE for HTCondor Node apply (9401730.325.0) {07/14/26 17:04:56} [recovery mode]
07/15/26 10:31:02 Number of idle job procs: 213
07/15/26 10:31:02 Event: ULOG_EXECUTE for HTCondor Node apply (9401730.326.0) {07/14/26 17:04:56} [recovery mode]
07/15/26 10:31:02 Number of idle job procs: 212
07/15/26 10:31:02 Event: ULOG_EXECUTE for HTCondor Node apply (9401730.327.0) {07/14/26 17:04:56} [recovery mode]
07/15/26 10:31:02 Number of idle job procs: 211
07/15/26 10:31:02 Event: ULOG_EXECUTE for HTCondor Node apply (9401730.330.0) {07/14/26 17:04:57} [recovery mode]
07/15/26 10:31:02 Number of idle job procs: 210
07/15/26 10:31:02 Event: ULOG_EXECUTE for HTCondor Node apply (9401730.331.0) {07/14/26 17:04:58} [recovery mode]
07/15/26 10:31:02 Number of idle job procs: 209
07/15/26 10:31:02 Event: ULOG_EXECUTE for HTCondor Node apply (9401730.333.0) {07/14/26 17:04:58} [recovery mode]
07/15/26 10:31:02 Number of idle job procs: 208
07/15/26 10:31:02 Event: ULOG_EXECUTE for HTCondor Node apply (9401730.335.0) {07/14/26 17:04:59} [recovery mode]
07/15/26 10:31:02 Number of idle job procs: 207
07/15/26 10:31:02 Event: ULOG_EXECUTE for HTCondor Node apply (9401730.334.0) {07/14/26 17:04:59} [recovery mode]
07/15/26 10:31:02 Number of idle job procs: 206
07/15/26 10:31:02 Event: ULOG_JOB_TERMINATED for HTCondor Node apply (9401730.179.0) {07/14/26 17:05:00} [recovery mode]
07/15/26 10:31:02 Number of idle job procs: 206
07/15/26 10:31:02 Node apply job proc (9401730.179.0) completed successfully.
07/15/26 10:31:02 Event: ULOG_EXECUTE for HTCondor Node apply (9401730.341.0) {07/14/26 17:05:01} [recovery mode]
07/15/26 10:31:02 Number of idle job procs: 205
07/15/26 10:31:02 Event: ULOG_JOB_TERMINATED for HTCondor Node apply (9401730.51.0) {07/14/26 17:05:01} [recovery mode]
07/15/26 10:31:02 Number of idle job procs: 205
07/15/26 10:31:02 Node apply job proc (9401730.51.0) completed successfully.
07/15/26 10:31:02 Event: ULOG_EXECUTE for HTCondor Node apply (9401730.343.0) {07/14/26 17:05:02} [recovery mode]
07/15/26 10:31:02 Number of idle job procs: 204
07/15/26 10:31:02 Event: ULOG_EXECUTE for HTCondor Node apply (9401730.345.0) {07/14/26 17:05:02} [recovery mode]
07/15/26 10:31:02 Number of idle job procs: 203
07/15/26 10:31:02 Event: ULOG_EXECUTE for HTCondor Node apply (9401730.324.0) {07/14/26 17:05:02} [recovery mode]
07/15/26 10:31:02 Number of idle job procs: 202
07/15/26 10:31:02 Event: ULOG_EXECUTE for HTCondor Node apply (9401730.346.0) {07/14/26 17:05:03} [recovery mode]
07/15/26 10:31:02 Number of idle job procs: 201
07/15/26 10:31:02 Event: ULOG_JOB_TERMINATED for HTCondor Node apply (9401730.98.0) {07/14/26 17:05:04} [recovery mode]
07/15/26 10:31:02 Number of idle job procs: 201
07/15/26 10:31:02 Node apply job proc (9401730.98.0) completed successfully.
07/15/26 10:31:02 Event: ULOG_EXECUTE for HTCondor Node apply (9401730.349.0) {07/14/26 17:05:04} [recovery mode]
07/15/26 10:31:02 Number of idle job procs: 200
07/15/26 10:31:02 Event: ULOG_EXECUTE for HTCondor Node apply (9401730.348.0) {07/14/26 17:05:04} [recovery mode]
07/15/26 10:31:02 Number of idle job procs: 199
07/15/26 10:31:02 Event: ULOG_EXECUTE for HTCondor Node apply (9401730.350.0) {07/14/26 17:05:04} [recovery mode]
07/15/26 10:31:02 Number of idle job procs: 198
07/15/26 10:31:02 Event: ULOG_EXECUTE for HTCondor Node apply (9401730.352.0) {07/14/26 17:05:05} [recovery mode]
07/15/26 10:31:02 Number of idle job procs: 197
07/15/26 10:31:02 Event: ULOG_EXECUTE for HTCondor Node apply (9401730.353.0) {07/14/26 17:05:05} [recovery mode]
07/15/26 10:31:02 Number of idle job procs: 196
07/15/26 10:31:02 Event: ULOG_JOB_TERMINATED for HTCondor Node apply (9401730.291.0) {07/14/26 17:05:05} [recovery mode]
07/15/26 10:31:02 Number of idle job procs: 196
07/15/26 10:31:02 Node apply job proc (9401730.291.0) completed successfully.
07/15/26 10:31:02 Event: ULOG_EXECUTE for HTCondor Node apply (9401730.354.0) {07/14/26 17:05:06} [recovery mode]
07/15/26 10:31:02 Number of idle job procs: 195
07/15/26 10:31:02 Event: ULOG_EXECUTE for HTCondor Node apply (9401730.360.0) {07/14/26 17:05:08} [recovery mode]
07/15/26 10:31:02 Number of idle job procs: 194
07/15/26 10:31:02 Event: ULOG_EXECUTE for HTCondor Node apply (9401730.362.0) {07/14/26 17:05:08} [recovery mode]
07/15/26 10:31:02 Number of idle job procs: 193
07/15/26 10:31:02 Event: ULOG_JOB_TERMINATED for HTCondor Node apply (9401730.193.0) {07/14/26 17:05:09} [recovery mode]
07/15/26 10:31:02 Number of idle job procs: 193
07/15/26 10:31:02 Node apply job proc (9401730.193.0) completed successfully.
07/15/26 10:31:02 Event: ULOG_EXECUTE for HTCondor Node apply (9401730.363.0) {07/14/26 17:05:09} [recovery mode]
07/15/26 10:31:02 Number of idle job procs: 192
07/15/26 10:31:02 Event: ULOG_EXECUTE for HTCondor Node apply (9401730.364.0) {07/14/26 17:05:09} [recovery mode]
07/15/26 10:31:02 Number of idle job procs: 191
07/15/26 10:31:02 Event: ULOG_EXECUTE for HTCondor Node apply (9401730.368.0) {07/14/26 17:05:11} [recovery mode]
07/15/26 10:31:02 Number of idle job procs: 190
07/15/26 10:31:02 Event: ULOG_EXECUTE for HTCondor Node apply (9401730.370.0) {07/14/26 17:05:12} [recovery mode]
07/15/26 10:31:02 Number of idle job procs: 189
07/15/26 10:31:02 Event: ULOG_EXECUTE for HTCondor Node apply (9401730.369.0) {07/14/26 17:05:12} [recovery mode]
07/15/26 10:31:02 Number of idle job procs: 188
07/15/26 10:31:02 Event: ULOG_EXECUTE for HTCondor Node apply (9401730.375.0) {07/14/26 17:05:14} [recovery mode]
07/15/26 10:31:02 Number of idle job procs: 187
07/15/26 10:31:02 Event: ULOG_EXECUTE for HTCondor Node apply (9401730.377.0) {07/14/26 17:05:14} [recovery mode]
07/15/26 10:31:02 Number of idle job procs: 186
07/15/26 10:31:02 Event: ULOG_EXECUTE for HTCondor Node apply (9401730.379.0) {07/14/26 17:05:15} [recovery mode]
07/15/26 10:31:02 Number of idle job procs: 185
07/15/26 10:31:02 Event: ULOG_EXECUTE for HTCondor Node apply (9401730.378.0) {07/14/26 17:05:15} [recovery mode]
07/15/26 10:31:02 Number of idle job procs: 184
07/15/26 10:31:02 Event: ULOG_EXECUTE for HTCondor Node apply (9401730.367.0) {07/14/26 17:05:15} [recovery mode]
07/15/26 10:31:02 Number of idle job procs: 183
07/15/26 10:31:02 Event: ULOG_EXECUTE for HTCondor Node apply (9401730.382.0) {07/14/26 17:05:16} [recovery mode]
07/15/26 10:31:02 Number of idle job procs: 182
07/15/26 10:31:03 Event: ULOG_JOB_TERMINATED for HTCondor Node apply (9401730.79.0) {07/14/26 17:05:18} [recovery mode]
07/15/26 10:31:03 Number of idle job procs: 182
07/15/26 10:31:03 Node apply job proc (9401730.79.0) completed successfully.
07/15/26 10:31:03 Event: ULOG_EXECUTE for HTCondor Node apply (9401730.386.0) {07/14/26 17:05:18} [recovery mode]
07/15/26 10:31:03 Number of idle job procs: 181
07/15/26 10:31:03 Event: ULOG_EXECUTE for HTCondor Node apply (9401730.388.0) {07/14/26 17:05:18} [recovery mode]
07/15/26 10:31:03 Number of idle job procs: 180
07/15/26 10:31:03 Event: ULOG_JOB_TERMINATED for HTCondor Node apply (9401730.159.0) {07/14/26 17:05:19} [recovery mode]
07/15/26 10:31:03 Number of idle job procs: 180
07/15/26 10:31:03 Node apply job proc (9401730.159.0) completed successfully.
07/15/26 10:31:03 Event: ULOG_EXECUTE for HTCondor Node apply (9401730.389.0) {07/14/26 17:05:19} [recovery mode]
07/15/26 10:31:03 Number of idle job procs: 179
07/15/26 10:31:03 Event: ULOG_EXECUTE for HTCondor Node apply (9401730.390.0) {07/14/26 17:05:19} [recovery mode]
07/15/26 10:31:03 Number of idle job procs: 178
07/15/26 10:31:03 Event: ULOG_EXECUTE for HTCondor Node apply (9401730.391.0) {07/14/26 17:05:20} [recovery mode]
07/15/26 10:31:03 Number of idle job procs: 177
07/15/26 10:31:03 Event: ULOG_JOB_TERMINATED for HTCondor Node apply (9401730.111.0) {07/14/26 17:05:21} [recovery mode]
07/15/26 10:31:03 Number of idle job procs: 177
07/15/26 10:31:03 Node apply job proc (9401730.111.0) completed successfully.
07/15/26 10:31:03 Event: ULOG_EXECUTE for HTCondor Node apply (9401730.394.0) {07/14/26 17:05:22} [recovery mode]
07/15/26 10:31:03 Number of idle job procs: 176
07/15/26 10:31:03 Event: ULOG_EXECUTE for HTCondor Node apply (9401730.396.0) {07/14/26 17:05:22} [recovery mode]
07/15/26 10:31:03 Number of idle job procs: 175
07/15/26 10:31:03 Event: ULOG_JOB_TERMINATED for HTCondor Node apply (9401730.137.0) {07/14/26 17:05:23} [recovery mode]
07/15/26 10:31:03 Number of idle job procs: 175
07/15/26 10:31:03 Node apply job proc (9401730.137.0) completed successfully.
07/15/26 10:31:03 Event: ULOG_EXECUTE for HTCondor Node apply (9401730.397.0) {07/14/26 17:05:23} [recovery mode]
07/15/26 10:31:03 Number of idle job procs: 174
07/15/26 10:31:03 Event: ULOG_EXECUTE for HTCondor Node apply (9401730.399.0) {07/14/26 17:05:24} [recovery mode]
07/15/26 10:31:03 Number of idle job procs: 173
07/15/26 10:31:03 Event: ULOG_EXECUTE for HTCondor Node apply (9401730.400.0) {07/14/26 17:05:25} [recovery mode]
07/15/26 10:31:03 Number of idle job procs: 172
07/15/26 10:31:03 Event: ULOG_EXECUTE for HTCondor Node apply (9401730.402.0) {07/14/26 17:05:26} [recovery mode]
07/15/26 10:31:03 Number of idle job procs: 171
07/15/26 10:31:03 Event: ULOG_EXECUTE for HTCondor Node apply (9401730.403.0) {07/14/26 17:05:26} [recovery mode]
07/15/26 10:31:03 Number of idle job procs: 170
07/15/26 10:31:03 Event: ULOG_EXECUTE for HTCondor Node apply (9401730.404.0) {07/14/26 17:05:27} [recovery mode]
07/15/26 10:31:03 Number of idle job procs: 169
07/15/26 10:31:03 Event: ULOG_EXECUTE for HTCondor Node apply (9401730.405.0) {07/14/26 17:05:28} [recovery mode]
07/15/26 10:31:03 Number of idle job procs: 168
07/15/26 10:31:03 Event: ULOG_EXECUTE for HTCondor Node apply (9401730.407.0) {07/14/26 17:05:28} [recovery mode]
07/15/26 10:31:03 Number of idle job procs: 167
07/15/26 10:31:03 Event: ULOG_EXECUTE for HTCondor Node apply (9401730.409.0) {07/14/26 17:05:28} [recovery mode]
07/15/26 10:31:03 Number of idle job procs: 166
07/15/26 10:31:03 Event: ULOG_EXECUTE for HTCondor Node apply (9401730.408.0) {07/14/26 17:05:28} [recovery mode]
07/15/26 10:31:03 Number of idle job procs: 165
07/15/26 10:31:03 Event: ULOG_EXECUTE for HTCondor Node apply (9401730.411.0) {07/14/26 17:05:34} [recovery mode]
07/15/26 10:31:03 Number of idle job procs: 164
07/15/26 10:31:03 Event: ULOG_EXECUTE for HTCondor Node apply (9401730.414.0) {07/14/26 17:05:35} [recovery mode]
07/15/26 10:31:03 Number of idle job procs: 163
07/15/26 10:31:03 Event: ULOG_EXECUTE for HTCondor Node apply (9401730.413.0) {07/14/26 17:05:35} [recovery mode]
07/15/26 10:31:03 Number of idle job procs: 162
07/15/26 10:31:03 Event: ULOG_EXECUTE for HTCondor Node apply (9401730.418.0) {07/14/26 17:05:39} [recovery mode]
07/15/26 10:31:03 Number of idle job procs: 161
07/15/26 10:31:03 Event: ULOG_JOB_TERMINATED for HTCondor Node apply (9401730.92.0) {07/14/26 17:05:41} [recovery mode]
07/15/26 10:31:03 Number of idle job procs: 161
07/15/26 10:31:03 Node apply job proc (9401730.92.0) completed successfully.
07/15/26 10:31:03 Event: ULOG_EXECUTE for HTCondor Node apply (9401730.419.0) {07/14/26 17:05:41} [recovery mode]
07/15/26 10:31:03 Number of idle job procs: 160
07/15/26 10:31:03 Event: ULOG_EXECUTE for HTCondor Node apply (9401730.417.0) {07/14/26 17:05:43} [recovery mode]
07/15/26 10:31:03 Number of idle job procs: 159
07/15/26 10:31:03 Event: ULOG_EXECUTE for HTCondor Node apply (9401730.421.0) {07/14/26 17:05:46} [recovery mode]
07/15/26 10:31:03 Number of idle job procs: 158
07/15/26 10:31:03 Event: ULOG_JOB_TERMINATED for HTCondor Node apply (9401730.194.0) {07/14/26 17:05:46} [recovery mode]
07/15/26 10:31:03 Number of idle job procs: 158
07/15/26 10:31:03 Node apply job proc (9401730.194.0) completed successfully.
07/15/26 10:31:03 Event: ULOG_JOB_TERMINATED for HTCondor Node apply (9401730.191.0) {07/14/26 17:05:48} [recovery mode]
07/15/26 10:31:03 Number of idle job procs: 158
07/15/26 10:31:03 Node apply job proc (9401730.191.0) completed successfully.
07/15/26 10:31:03 Event: ULOG_EXECUTE for HTCondor Node apply (9401730.423.0) {07/14/26 17:05:49} [recovery mode]
07/15/26 10:31:03 Number of idle job procs: 157
07/15/26 10:31:03 Event: ULOG_JOB_TERMINATED for HTCondor Node apply (9401730.73.0) {07/14/26 17:05:50} [recovery mode]
07/15/26 10:31:03 Number of idle job procs: 157
07/15/26 10:31:03 Node apply job proc (9401730.73.0) completed successfully.
07/15/26 10:31:03 Event: ULOG_JOB_TERMINATED for HTCondor Node apply (9401730.192.0) {07/14/26 17:05:52} [recovery mode]
07/15/26 10:31:03 Number of idle job procs: 157
07/15/26 10:31:03 Node apply job proc (9401730.192.0) completed successfully.
07/15/26 10:31:03 Event: ULOG_EXECUTE for HTCondor Node apply (9401730.424.0) {07/14/26 17:05:56} [recovery mode]
07/15/26 10:31:03 Number of idle job procs: 156
07/15/26 10:31:03 Event: ULOG_EXECUTE for HTCondor Node apply (9401730.426.0) {07/14/26 17:05:58} [recovery mode]
07/15/26 10:31:03 Number of idle job procs: 155
07/15/26 10:31:03 Event: ULOG_JOB_TERMINATED for HTCondor Node apply (9401730.75.0) {07/14/26 17:05:59} [recovery mode]
07/15/26 10:31:03 Number of idle job procs: 155
07/15/26 10:31:03 Node apply job proc (9401730.75.0) completed successfully.
07/15/26 10:31:03 Event: ULOG_JOB_TERMINATED for HTCondor Node apply (9401730.138.0) {07/14/26 17:06:01} [recovery mode]
07/15/26 10:31:03 Number of idle job procs: 155
07/15/26 10:31:03 Node apply job proc (9401730.138.0) completed successfully.
07/15/26 10:31:03 Event: ULOG_EXECUTE for HTCondor Node apply (9401730.428.0) {07/14/26 17:06:02} [recovery mode]
07/15/26 10:31:03 Number of idle job procs: 154
07/15/26 10:31:03 Event: ULOG_JOB_TERMINATED for HTCondor Node apply (9401730.197.0) {07/14/26 17:06:03} [recovery mode]
07/15/26 10:31:03 Number of idle job procs: 154
07/15/26 10:31:03 Node apply job proc (9401730.197.0) completed successfully.
07/15/26 10:31:03 Event: ULOG_JOB_TERMINATED for HTCondor Node apply (9401730.136.0) {07/14/26 17:06:07} [recovery mode]
07/15/26 10:31:03 Number of idle job procs: 154
07/15/26 10:31:03 Node apply job proc (9401730.136.0) completed successfully.
07/15/26 10:31:03 Event: ULOG_JOB_TERMINATED for HTCondor Node apply (9401730.294.0) {07/14/26 17:06:07} [recovery mode]
07/15/26 10:31:03 Number of idle job procs: 154
07/15/26 10:31:03 Node apply job proc (9401730.294.0) completed successfully.
07/15/26 10:31:03 Event: ULOG_JOB_TERMINATED for HTCondor Node apply (9401730.198.0) {07/14/26 17:06:07} [recovery mode]
07/15/26 10:31:03 Number of idle job procs: 154
07/15/26 10:31:03 Node apply job proc (9401730.198.0) completed successfully.
07/15/26 10:31:03 Event: ULOG_JOB_TERMINATED for HTCondor Node apply (9401730.135.0) {07/14/26 17:06:09} [recovery mode]
07/15/26 10:31:03 Number of idle job procs: 154
07/15/26 10:31:03 Node apply job proc (9401730.135.0) completed successfully.
07/15/26 10:31:03 Event: ULOG_JOB_TERMINATED for HTCondor Node apply (9401730.259.0) {07/14/26 17:06:10} [recovery mode]
07/15/26 10:31:03 Number of idle job procs: 154
07/15/26 10:31:03 Node apply job proc (9401730.259.0) completed successfully.
07/15/26 10:31:03 Event: ULOG_JOB_TERMINATED for HTCondor Node apply (9401730.127.0) {07/14/26 17:06:13} [recovery mode]
07/15/26 10:31:03 Number of idle job procs: 154
07/15/26 10:31:03 Node apply job proc (9401730.127.0) completed successfully.
07/15/26 10:31:03 Event: ULOG_JOB_TERMINATED for HTCondor Node apply (9401730.53.0) {07/14/26 17:06:14} [recovery mode]
07/15/26 10:31:03 Number of idle job procs: 154
07/15/26 10:31:03 Node apply job proc (9401730.53.0) completed successfully.
07/15/26 10:31:03 Event: ULOG_JOB_TERMINATED for HTCondor Node apply (9401730.74.0) {07/14/26 17:06:15} [recovery mode]
07/15/26 10:31:03 Number of idle job procs: 154
07/15/26 10:31:03 Node apply job proc (9401730.74.0) completed successfully.
07/15/26 10:31:03 Event: ULOG_JOB_TERMINATED for HTCondor Node apply (9401730.174.0) {07/14/26 17:06:17} [recovery mode]
07/15/26 10:31:03 Number of idle job procs: 154
07/15/26 10:31:03 Node apply job proc (9401730.174.0) completed successfully.
07/15/26 10:31:03 Event: ULOG_JOB_TERMINATED for HTCondor Node apply (9401730.134.0) {07/14/26 17:06:19} [recovery mode]
07/15/26 10:31:03 Number of idle job procs: 154
07/15/26 10:31:03 Node apply job proc (9401730.134.0) completed successfully.
07/15/26 10:31:03 Event: ULOG_EXECUTE for HTCondor Node apply (9401730.449.0) {07/14/26 17:06:23} [recovery mode]
07/15/26 10:31:03 Number of idle job procs: 153
07/15/26 10:31:03 Event: ULOG_EXECUTE for HTCondor Node apply (9401730.444.0) {07/14/26 17:06:24} [recovery mode]
07/15/26 10:31:03 Number of idle job procs: 152
07/15/26 10:31:03 Event: ULOG_EXECUTE for HTCondor Node apply (9401730.445.0) {07/14/26 17:06:25} [recovery mode]
07/15/26 10:31:03 Number of idle job procs: 151
07/15/26 10:31:03 Event: ULOG_EXECUTE for HTCondor Node apply (9401730.447.0) {07/14/26 17:06:25} [recovery mode]
07/15/26 10:31:03 Number of idle job procs: 150
07/15/26 10:31:03 Event: ULOG_EXECUTE for HTCondor Node apply (9401730.446.0) {07/14/26 17:06:25} [recovery mode]
07/15/26 10:31:03 Number of idle job procs: 149
07/15/26 10:31:03 Event: ULOG_JOB_TERMINATED for HTCondor Node apply (9401730.173.0) {07/14/26 17:06:26} [recovery mode]
07/15/26 10:31:03 Number of idle job procs: 149
07/15/26 10:31:03 Node apply job proc (9401730.173.0) completed successfully.
07/15/26 10:31:03 Event: ULOG_EXECUTE for HTCondor Node apply (9401730.495.0) {07/14/26 17:06:26} [recovery mode]
07/15/26 10:31:03 Number of idle job procs: 148
07/15/26 10:31:03 Event: ULOG_EXECUTE for HTCondor Node apply (9401730.450.0) {07/14/26 17:06:26} [recovery mode]
07/15/26 10:31:03 Number of idle job procs: 147
07/15/26 10:31:03 Event: ULOG_EXECUTE for HTCondor Node apply (9401730.496.0) {07/14/26 17:06:26} [recovery mode]
07/15/26 10:31:03 Number of idle job procs: 146
07/15/26 10:31:03 Event: ULOG_JOB_TERMINATED for HTCondor Node apply (9401730.175.0) {07/14/26 17:06:27} [recovery mode]
07/15/26 10:31:03 Number of idle job procs: 146
07/15/26 10:31:03 Node apply job proc (9401730.175.0) completed successfully.
07/15/26 10:31:03 Event: ULOG_EXECUTE for HTCondor Node apply (9401730.453.0) {07/14/26 17:06:27} [recovery mode]
07/15/26 10:31:03 Number of idle job procs: 145
07/15/26 10:31:03 Event: ULOG_EXECUTE for HTCondor Node apply (9401730.448.0) {07/14/26 17:06:28} [recovery mode]
07/15/26 10:31:03 Number of idle job procs: 144
07/15/26 10:31:03 Event: ULOG_EXECUTE for HTCondor Node apply (9401730.454.0) {07/14/26 17:06:28} [recovery mode]
07/15/26 10:31:03 Number of idle job procs: 143
07/15/26 10:31:03 Event: ULOG_EXECUTE for HTCondor Node apply (9401730.456.0) {07/14/26 17:06:28} [recovery mode]
07/15/26 10:31:03 Number of idle job procs: 142
07/15/26 10:31:03 Event: ULOG_EXECUTE for HTCondor Node apply (9401730.455.0) {07/14/26 17:06:28} [recovery mode]
07/15/26 10:31:03 Number of idle job procs: 141
07/15/26 10:31:03 Event: ULOG_EXECUTE for HTCondor Node apply (9401730.451.0) {07/14/26 17:06:28} [recovery mode]
07/15/26 10:31:03 Number of idle job procs: 140
07/15/26 10:31:03 Event: ULOG_EXECUTE for HTCondor Node apply (9401730.457.0) {07/14/26 17:06:29} [recovery mode]
07/15/26 10:31:03 Number of idle job procs: 139
07/15/26 10:31:03 Event: ULOG_EXECUTE for HTCondor Node apply (9401730.458.0) {07/14/26 17:06:29} [recovery mode]
07/15/26 10:31:03 Number of idle job procs: 138
07/15/26 10:31:03 Event: ULOG_EXECUTE for HTCondor Node apply (9401730.459.0) {07/14/26 17:06:29} [recovery mode]
07/15/26 10:31:03 Number of idle job procs: 137
07/15/26 10:31:03 Event: ULOG_EXECUTE for HTCondor Node apply (9401730.460.0) {07/14/26 17:06:30} [recovery mode]
07/15/26 10:31:03 Number of idle job procs: 136
07/15/26 10:31:03 Event: ULOG_EXECUTE for HTCondor Node apply (9401730.464.0) {07/14/26 17:06:30} [recovery mode]
07/15/26 10:31:03 Number of idle job procs: 135
07/15/26 10:31:03 Event: ULOG_EXECUTE for HTCondor Node apply (9401730.461.0) {07/14/26 17:06:30} [recovery mode]
07/15/26 10:31:03 Number of idle job procs: 134
07/15/26 10:31:03 Event: ULOG_EXECUTE for HTCondor Node apply (9401730.465.0) {07/14/26 17:06:31} [recovery mode]
07/15/26 10:31:03 Number of idle job procs: 133
07/15/26 10:31:03 Event: ULOG_EXECUTE for HTCondor Node apply (9401730.463.0) {07/14/26 17:06:31} [recovery mode]
07/15/26 10:31:03 Number of idle job procs: 132
07/15/26 10:31:03 Event: ULOG_EXECUTE for HTCondor Node apply (9401730.467.0) {07/14/26 17:06:31} [recovery mode]
07/15/26 10:31:03 Number of idle job procs: 131
07/15/26 10:31:03 Event: ULOG_EXECUTE for HTCondor Node apply (9401730.466.0) {07/14/26 17:06:32} [recovery mode]
07/15/26 10:31:03 Number of idle job procs: 130
07/15/26 10:31:03 Event: ULOG_EXECUTE for HTCondor Node apply (9401730.468.0) {07/14/26 17:06:32} [recovery mode]
07/15/26 10:31:03 Number of idle job procs: 129
07/15/26 10:31:03 Event: ULOG_JOB_TERMINATED for HTCondor Node apply (9401730.394.0) {07/14/26 17:06:32} [recovery mode]
07/15/26 10:31:03 Number of idle job procs: 129
07/15/26 10:31:03 Node apply job proc (9401730.394.0) completed successfully.
07/15/26 10:31:03 Event: ULOG_EXECUTE for HTCondor Node apply (9401730.474.0) {07/14/26 17:06:33} [recovery mode]
07/15/26 10:31:03 Number of idle job procs: 128
07/15/26 10:31:03 Event: ULOG_EXECUTE for HTCondor Node apply (9401730.470.0) {07/14/26 17:06:33} [recovery mode]
07/15/26 10:31:03 Number of idle job procs: 127
07/15/26 10:31:03 Event: ULOG_JOB_TERMINATED for HTCondor Node apply (9401730.139.0) {07/14/26 17:06:33} [recovery mode]
07/15/26 10:31:03 Number of idle job procs: 127
07/15/26 10:31:03 Node apply job proc (9401730.139.0) completed successfully.
07/15/26 10:31:03 Event: ULOG_EXECUTE for HTCondor Node apply (9401730.472.0) {07/14/26 17:06:34} [recovery mode]
07/15/26 10:31:03 Number of idle job procs: 126
07/15/26 10:31:03 Event: ULOG_EXECUTE for HTCondor Node apply (9401730.473.0) {07/14/26 17:06:34} [recovery mode]
07/15/26 10:31:03 Number of idle job procs: 125
07/15/26 10:31:03 Event: ULOG_EXECUTE for HTCondor Node apply (9401730.469.0) {07/14/26 17:06:34} [recovery mode]
07/15/26 10:31:03 Number of idle job procs: 124
07/15/26 10:31:03 Event: ULOG_JOB_TERMINATED for HTCondor Node apply (9401730.211.0) {07/14/26 17:06:35} [recovery mode]
07/15/26 10:31:03 Number of idle job procs: 124
07/15/26 10:31:03 Node apply job proc (9401730.211.0) completed successfully.
07/15/26 10:31:03 Event: ULOG_JOB_TERMINATED for HTCondor Node apply (9401730.150.0) {07/14/26 17:06:35} [recovery mode]
07/15/26 10:31:03 Number of idle job procs: 124
07/15/26 10:31:03 Node apply job proc (9401730.150.0) completed successfully.
07/15/26 10:31:03 Event: ULOG_EXECUTE for HTCondor Node apply (9401730.477.0) {07/14/26 17:06:35} [recovery mode]
07/15/26 10:31:03 Number of idle job procs: 123
07/15/26 10:31:03 Event: ULOG_EXECUTE for HTCondor Node apply (9401730.476.0) {07/14/26 17:06:35} [recovery mode]
07/15/26 10:31:03 Number of idle job procs: 122
07/15/26 10:31:03 Event: ULOG_JOB_TERMINATED for HTCondor Node apply (9401730.133.0) {07/14/26 17:06:35} [recovery mode]
07/15/26 10:31:03 Number of idle job procs: 122
07/15/26 10:31:03 Node apply job proc (9401730.133.0) completed successfully.
07/15/26 10:31:03 Event: ULOG_EXECUTE for HTCondor Node apply (9401730.479.0) {07/14/26 17:06:35} [recovery mode]
07/15/26 10:31:03 Number of idle job procs: 121
07/15/26 10:31:03 Event: ULOG_JOB_TERMINATED for HTCondor Node apply (9401730.292.0) {07/14/26 17:06:35} [recovery mode]
07/15/26 10:31:03 Number of idle job procs: 121
07/15/26 10:31:03 Node apply job proc (9401730.292.0) completed successfully.
07/15/26 10:31:03 Event: ULOG_EXECUTE for HTCondor Node apply (9401730.475.0) {07/14/26 17:06:35} [recovery mode]
07/15/26 10:31:03 Number of idle job procs: 120
07/15/26 10:31:03 Event: ULOG_EXECUTE for HTCondor Node apply (9401730.480.0) {07/14/26 17:06:36} [recovery mode]
07/15/26 10:31:03 Number of idle job procs: 119
07/15/26 10:31:03 Event: ULOG_EXECUTE for HTCondor Node apply (9401730.478.0) {07/14/26 17:06:36} [recovery mode]
07/15/26 10:31:03 Number of idle job procs: 118
07/15/26 10:31:03 Event: ULOG_JOB_TERMINATED for HTCondor Node apply (9401730.297.0) {07/14/26 17:06:36} [recovery mode]
07/15/26 10:31:03 Number of idle job procs: 118
07/15/26 10:31:03 Node apply job proc (9401730.297.0) completed successfully.
07/15/26 10:31:03 Event: ULOG_EXECUTE for HTCondor Node apply (9401730.481.0) {07/14/26 17:06:37} [recovery mode]
07/15/26 10:31:03 Number of idle job procs: 117
07/15/26 10:31:03 Event: ULOG_EXECUTE for HTCondor Node apply (9401730.485.0) {07/14/26 17:06:37} [recovery mode]
07/15/26 10:31:03 Number of idle job procs: 116
07/15/26 10:31:03 Event: ULOG_EXECUTE for HTCondor Node apply (9401730.486.0) {07/14/26 17:06:37} [recovery mode]
07/15/26 10:31:03 Number of idle job procs: 115
07/15/26 10:31:03 Event: ULOG_EXECUTE for HTCondor Node apply (9401730.482.0) {07/14/26 17:06:37} [recovery mode]
07/15/26 10:31:03 Number of idle job procs: 114
07/15/26 10:31:03 Event: ULOG_EXECUTE for HTCondor Node apply (9401730.483.0) {07/14/26 17:06:38} [recovery mode]
07/15/26 10:31:03 Number of idle job procs: 113
07/15/26 10:31:03 Event: ULOG_EXECUTE for HTCondor Node apply (9401730.484.0) {07/14/26 17:06:38} [recovery mode]
07/15/26 10:31:03 Number of idle job procs: 112
07/15/26 10:31:03 Event: ULOG_EXECUTE for HTCondor Node apply (9401730.487.0) {07/14/26 17:06:39} [recovery mode]
07/15/26 10:31:03 Number of idle job procs: 111
07/15/26 10:31:03 Event: ULOG_EXECUTE for HTCondor Node apply (9401730.488.0) {07/14/26 17:06:39} [recovery mode]
07/15/26 10:31:03 Number of idle job procs: 110
07/15/26 10:31:03 Event: ULOG_EXECUTE for HTCondor Node apply (9401730.490.0) {07/14/26 17:06:40} [recovery mode]
07/15/26 10:31:03 Number of idle job procs: 109
07/15/26 10:31:03 Event: ULOG_EXECUTE for HTCondor Node apply (9401730.493.0) {07/14/26 17:06:40} [recovery mode]
07/15/26 10:31:03 Number of idle job procs: 108
07/15/26 10:31:03 Event: ULOG_EXECUTE for HTCondor Node apply (9401730.491.0) {07/14/26 17:06:40} [recovery mode]
07/15/26 10:31:03 Number of idle job procs: 107
07/15/26 10:31:03 Event: ULOG_EXECUTE for HTCondor Node apply (9401730.492.0) {07/14/26 17:06:40} [recovery mode]
07/15/26 10:31:03 Number of idle job procs: 106
07/15/26 10:31:03 Event: ULOG_EXECUTE for HTCondor Node apply (9401730.494.0) {07/14/26 17:06:41} [recovery mode]
07/15/26 10:31:03 Number of idle job procs: 105
07/15/26 10:31:03 Event: ULOG_EXECUTE for HTCondor Node apply (9401730.497.0) {07/14/26 17:06:41} [recovery mode]
07/15/26 10:31:03 Number of idle job procs: 104
07/15/26 10:31:03 Event: ULOG_EXECUTE for HTCondor Node apply (9401730.498.0) {07/14/26 17:06:43} [recovery mode]
07/15/26 10:31:03 Number of idle job procs: 103
07/15/26 10:31:03 Event: ULOG_EXECUTE for HTCondor Node apply (9401730.499.0) {07/14/26 17:06:43} [recovery mode]
07/15/26 10:31:03 Number of idle job procs: 102
07/15/26 10:31:03 Event: ULOG_JOB_TERMINATED for HTCondor Node apply (9401730.397.0) {07/14/26 17:06:48} [recovery mode]
07/15/26 10:31:03 Number of idle job procs: 102
07/15/26 10:31:03 Node apply job proc (9401730.397.0) completed successfully.
07/15/26 10:31:03 Event: ULOG_JOB_TERMINATED for HTCondor Node apply (9401730.89.0) {07/14/26 17:06:50} [recovery mode]
07/15/26 10:31:03 Number of idle job procs: 102
07/15/26 10:31:03 Node apply job proc (9401730.89.0) completed successfully.
07/15/26 10:31:03 Event: ULOG_JOB_TERMINATED for HTCondor Node apply (9401730.233.0) {07/14/26 17:06:53} [recovery mode]
07/15/26 10:31:03 Number of idle job procs: 102
07/15/26 10:31:03 Node apply job proc (9401730.233.0) completed successfully.
07/15/26 10:31:03 Event: ULOG_JOB_TERMINATED for HTCondor Node apply (9401730.496.0) {07/14/26 17:06:54} [recovery mode]
07/15/26 10:31:03 Number of idle job procs: 102
07/15/26 10:31:03 Node apply job proc (9401730.496.0) completed successfully.
07/15/26 10:31:03 Event: ULOG_JOB_TERMINATED for HTCondor Node apply (9401730.333.0) {07/14/26 17:06:58} [recovery mode]
07/15/26 10:31:03 Number of idle job procs: 102
07/15/26 10:31:03 Node apply job proc (9401730.333.0) completed successfully.
07/15/26 10:31:03 Event: ULOG_JOB_TERMINATED for HTCondor Node apply (9401730.274.0) {07/14/26 17:07:00} [recovery mode]
07/15/26 10:31:03 Number of idle job procs: 102
07/15/26 10:31:03 Node apply job proc (9401730.274.0) completed successfully.
07/15/26 10:31:03 Event: ULOG_JOB_TERMINATED for HTCondor Node apply (9401730.298.0) {07/14/26 17:07:01} [recovery mode]
07/15/26 10:31:03 Number of idle job procs: 102
07/15/26 10:31:03 Node apply job proc (9401730.298.0) completed successfully.
07/15/26 10:31:03 Event: ULOG_JOB_TERMINATED for HTCondor Node apply (9401730.145.0) {07/14/26 17:07:07} [recovery mode]
07/15/26 10:31:03 Number of idle job procs: 102
07/15/26 10:31:03 Node apply job proc (9401730.145.0) completed successfully.
07/15/26 10:31:03 Event: ULOG_JOB_TERMINATED for HTCondor Node apply (9401730.190.0) {07/14/26 17:07:10} [recovery mode]
07/15/26 10:31:03 Number of idle job procs: 102
07/15/26 10:31:03 Node apply job proc (9401730.190.0) completed successfully.
07/15/26 10:31:03 Event: ULOG_JOB_TERMINATED for HTCondor Node apply (9401730.391.0) {07/14/26 17:07:13} [recovery mode]
07/15/26 10:31:03 Number of idle job procs: 102
07/15/26 10:31:03 Node apply job proc (9401730.391.0) completed successfully.
07/15/26 10:31:03 Event: ULOG_JOB_TERMINATED for HTCondor Node apply (9401730.459.0) {07/14/26 17:07:14} [recovery mode]
07/15/26 10:31:03 Number of idle job procs: 102
07/15/26 10:31:03 Node apply job proc (9401730.459.0) completed successfully.
07/15/26 10:31:03 Event: ULOG_JOB_TERMINATED for HTCondor Node apply (9401730.494.0) {07/14/26 17:07:16} [recovery mode]
07/15/26 10:31:03 Number of idle job procs: 102
07/15/26 10:31:03 Node apply job proc (9401730.494.0) completed successfully.
07/15/26 10:31:04 Event: ULOG_JOB_TERMINATED for HTCondor Node apply (9401730.490.0) {07/14/26 17:07:20} [recovery mode]
07/15/26 10:31:04 Number of idle job procs: 102
07/15/26 10:31:04 Node apply job proc (9401730.490.0) completed successfully.
07/15/26 10:31:04 Event: ULOG_JOB_TERMINATED for HTCondor Node apply (9401730.497.0) {07/14/26 17:07:21} [recovery mode]
07/15/26 10:31:04 Number of idle job procs: 102
07/15/26 10:31:04 Node apply job proc (9401730.497.0) completed successfully.
07/15/26 10:31:04 Event: ULOG_JOB_TERMINATED for HTCondor Node apply (9401730.491.0) {07/14/26 17:07:22} [recovery mode]
07/15/26 10:31:04 Number of idle job procs: 102
07/15/26 10:31:04 Node apply job proc (9401730.491.0) completed successfully.
07/15/26 10:31:04 Event: ULOG_JOB_TERMINATED for HTCondor Node apply (9401730.295.0) {07/14/26 17:07:22} [recovery mode]
07/15/26 10:31:04 Number of idle job procs: 102
07/15/26 10:31:04 Node apply job proc (9401730.295.0) completed successfully.
07/15/26 10:31:04 Event: ULOG_JOB_TERMINATED for HTCondor Node apply (9401730.493.0) {07/14/26 17:07:23} [recovery mode]
07/15/26 10:31:04 Number of idle job procs: 102
07/15/26 10:31:04 Node apply job proc (9401730.493.0) completed successfully.
07/15/26 10:31:04 Event: ULOG_JOB_TERMINATED for HTCondor Node apply (9401730.72.0) {07/14/26 17:07:28} [recovery mode]
07/15/26 10:31:04 Number of idle job procs: 102
07/15/26 10:31:04 Node apply job proc (9401730.72.0) completed successfully.
07/15/26 10:31:04 Event: ULOG_JOB_TERMINATED for HTCondor Node apply (9401730.189.0) {07/14/26 17:07:31} [recovery mode]
07/15/26 10:31:04 Number of idle job procs: 102
07/15/26 10:31:04 Node apply job proc (9401730.189.0) completed successfully.
07/15/26 10:31:04 Event: ULOG_JOB_TERMINATED for HTCondor Node apply (9401730.495.0) {07/14/26 17:07:35} [recovery mode]
07/15/26 10:31:04 Number of idle job procs: 102
07/15/26 10:31:04 Node apply job proc (9401730.495.0) completed successfully.
07/15/26 10:31:04 Event: ULOG_JOB_TERMINATED for HTCondor Node apply (9401730.375.0) {07/14/26 17:07:35} [recovery mode]
07/15/26 10:31:04 Number of idle job procs: 102
07/15/26 10:31:04 Node apply job proc (9401730.375.0) completed successfully.
07/15/26 10:31:04 Event: ULOG_JOB_TERMINATED for HTCondor Node apply (9401730.252.0) {07/14/26 17:07:39} [recovery mode]
07/15/26 10:31:04 Number of idle job procs: 102
07/15/26 10:31:04 Node apply job proc (9401730.252.0) completed successfully.
07/15/26 10:31:04 Event: ULOG_JOB_TERMINATED for HTCondor Node apply (9401730.475.0) {07/14/26 17:07:41} [recovery mode]
07/15/26 10:31:04 Number of idle job procs: 102
07/15/26 10:31:04 Node apply job proc (9401730.475.0) completed successfully.
07/15/26 10:31:04 Event: ULOG_JOB_TERMINATED for HTCondor Node apply (9401730.479.0) {07/14/26 17:07:43} [recovery mode]
07/15/26 10:31:04 Number of idle job procs: 102
07/15/26 10:31:04 Node apply job proc (9401730.479.0) completed successfully.
07/15/26 10:31:04 Event: ULOG_JOB_TERMINATED for HTCondor Node apply (9401730.498.0) {07/14/26 17:07:44} [recovery mode]
07/15/26 10:31:04 Number of idle job procs: 102
07/15/26 10:31:04 Node apply job proc (9401730.498.0) completed successfully.
07/15/26 10:31:04 Event: ULOG_JOB_TERMINATED for HTCondor Node apply (9401730.345.0) {07/14/26 17:07:48} [recovery mode]
07/15/26 10:31:04 Number of idle job procs: 102
07/15/26 10:31:04 Node apply job proc (9401730.345.0) completed successfully.
07/15/26 10:31:04 Event: ULOG_JOB_TERMINATED for HTCondor Node apply (9401730.396.0) {07/14/26 17:07:54} [recovery mode]
07/15/26 10:31:04 Number of idle job procs: 102
07/15/26 10:31:04 Node apply job proc (9401730.396.0) completed successfully.
07/15/26 10:31:04 Event: ULOG_JOB_TERMINATED for HTCondor Node apply (9401730.492.0) {07/14/26 17:08:04} [recovery mode]
07/15/26 10:31:04 Number of idle job procs: 102
07/15/26 10:31:04 Node apply job proc (9401730.492.0) completed successfully.
07/15/26 10:31:04 Event: ULOG_JOB_TERMINATED for HTCondor Node apply (9401730.273.0) {07/14/26 17:08:04} [recovery mode]
07/15/26 10:31:04 Number of idle job procs: 102
07/15/26 10:31:04 Node apply job proc (9401730.273.0) completed successfully.
07/15/26 10:31:04 Event: ULOG_JOB_TERMINATED for HTCondor Node apply (9401730.330.0) {07/14/26 17:08:04} [recovery mode]
07/15/26 10:31:04 Number of idle job procs: 102
07/15/26 10:31:04 Node apply job proc (9401730.330.0) completed successfully.
07/15/26 10:31:04 Event: ULOG_JOB_TERMINATED for HTCondor Node apply (9401730.251.0) {07/14/26 17:08:05} [recovery mode]
07/15/26 10:31:04 Number of idle job procs: 102
07/15/26 10:31:04 Node apply job proc (9401730.251.0) completed successfully.
07/15/26 10:31:04 Event: ULOG_JOB_TERMINATED for HTCondor Node apply (9401730.290.0) {07/14/26 17:08:07} [recovery mode]
07/15/26 10:31:04 Number of idle job procs: 102
07/15/26 10:31:04 Node apply job proc (9401730.290.0) completed successfully.
07/15/26 10:31:04 Event: ULOG_JOB_TERMINATED for HTCondor Node apply (9401730.445.0) {07/14/26 17:08:08} [recovery mode]
07/15/26 10:31:04 Number of idle job procs: 102
07/15/26 10:31:04 Node apply job proc (9401730.445.0) completed successfully.
07/15/26 10:31:04 Event: ULOG_JOB_TERMINATED for HTCondor Node apply (9401730.389.0) {07/14/26 17:08:16} [recovery mode]
07/15/26 10:31:04 Number of idle job procs: 102
07/15/26 10:31:04 Node apply job proc (9401730.389.0) completed successfully.
07/15/26 10:31:04 Event: ULOG_JOB_TERMINATED for HTCondor Node apply (9401730.379.0) {07/14/26 17:08:21} [recovery mode]
07/15/26 10:31:04 Number of idle job procs: 102
07/15/26 10:31:04 Node apply job proc (9401730.379.0) completed successfully.
07/15/26 10:31:04 Event: ULOG_JOB_TERMINATED for HTCondor Node apply (9401730.474.0) {07/14/26 17:08:34} [recovery mode]
07/15/26 10:31:04 Number of idle job procs: 102
07/15/26 10:31:04 Node apply job proc (9401730.474.0) completed successfully.
07/15/26 10:31:04 Event: ULOG_JOB_TERMINATED for HTCondor Node apply (9401730.327.0) {07/14/26 17:08:38} [recovery mode]
07/15/26 10:31:04 Number of idle job procs: 102
07/15/26 10:31:04 Node apply job proc (9401730.327.0) completed successfully.
07/15/26 10:31:04 Event: ULOG_JOB_TERMINATED for HTCondor Node apply (9401730.234.0) {07/14/26 17:08:41} [recovery mode]
07/15/26 10:31:04 Number of idle job procs: 102
07/15/26 10:31:04 Node apply job proc (9401730.234.0) completed successfully.
07/15/26 10:31:04 Event: ULOG_JOB_TERMINATED for HTCondor Node apply (9401730.390.0) {07/14/26 17:08:43} [recovery mode]
07/15/26 10:31:04 Number of idle job procs: 102
07/15/26 10:31:04 Node apply job proc (9401730.390.0) completed successfully.
07/15/26 10:31:04 Event: ULOG_JOB_TERMINATED for HTCondor Node apply (9401730.176.0) {07/14/26 17:08:44} [recovery mode]
07/15/26 10:31:04 Number of idle job procs: 102
07/15/26 10:31:04 Node apply job proc (9401730.176.0) completed successfully.
07/15/26 10:31:04 Event: ULOG_JOB_TERMINATED for HTCondor Node apply (9401730.472.0) {07/14/26 17:08:46} [recovery mode]
07/15/26 10:31:04 Number of idle job procs: 102
07/15/26 10:31:04 Node apply job proc (9401730.472.0) completed successfully.
07/15/26 10:31:04 Event: ULOG_JOB_TERMINATED for HTCondor Node apply (9401730.411.0) {07/14/26 17:08:55} [recovery mode]
07/15/26 10:31:04 Number of idle job procs: 102
07/15/26 10:31:04 Node apply job proc (9401730.411.0) completed successfully.
07/15/26 10:31:04 Event: ULOG_JOB_TERMINATED for HTCondor Node apply (9401730.473.0) {07/14/26 17:08:56} [recovery mode]
07/15/26 10:31:04 Number of idle job procs: 102
07/15/26 10:31:04 Node apply job proc (9401730.473.0) completed successfully.
07/15/26 10:31:04 Event: ULOG_JOB_TERMINATED for HTCondor Node apply (9401730.129.0) {07/14/26 17:08:59} [recovery mode]
07/15/26 10:31:04 Number of idle job procs: 102
07/15/26 10:31:04 Node apply job proc (9401730.129.0) completed successfully.
07/15/26 10:31:04 Event: ULOG_JOB_TERMINATED for HTCondor Node apply (9401730.453.0) {07/14/26 17:09:02} [recovery mode]
07/15/26 10:31:04 Number of idle job procs: 102
07/15/26 10:31:04 Node apply job proc (9401730.453.0) completed successfully.
07/15/26 10:31:04 Event: ULOG_JOB_TERMINATED for HTCondor Node apply (9401730.352.0) {07/14/26 17:09:05} [recovery mode]
07/15/26 10:31:04 Number of idle job procs: 102
07/15/26 10:31:04 Node apply job proc (9401730.352.0) completed successfully.
07/15/26 10:31:04 Event: ULOG_JOB_TERMINATED for HTCondor Node apply (9401730.230.0) {07/14/26 17:09:34} [recovery mode]
07/15/26 10:31:04 Number of idle job procs: 102
07/15/26 10:31:04 Node apply job proc (9401730.230.0) completed successfully.
07/15/26 10:31:04 Event: ULOG_JOB_TERMINATED for HTCondor Node apply (9401730.249.0) {07/14/26 17:09:34} [recovery mode]
07/15/26 10:31:04 Number of idle job procs: 102
07/15/26 10:31:04 Node apply job proc (9401730.249.0) completed successfully.
07/15/26 10:31:04 Event: ULOG_JOB_TERMINATED for HTCondor Node apply (9401730.229.0) {07/14/26 17:09:38} [recovery mode]
07/15/26 10:31:04 Number of idle job procs: 102
07/15/26 10:31:04 Node apply job proc (9401730.229.0) completed successfully.
07/15/26 10:31:04 Event: ULOG_JOB_TERMINATED for HTCondor Node apply (9401730.477.0) {07/14/26 17:09:41} [recovery mode]
07/15/26 10:31:04 Number of idle job procs: 102
07/15/26 10:31:04 Node apply job proc (9401730.477.0) completed successfully.
07/15/26 10:31:04 Event: ULOG_JOB_TERMINATED for HTCondor Node apply (9401730.470.0) {07/14/26 17:09:43} [recovery mode]
07/15/26 10:31:04 Number of idle job procs: 102
07/15/26 10:31:04 Node apply job proc (9401730.470.0) completed successfully.
07/15/26 10:31:04 Event: ULOG_JOB_TERMINATED for HTCondor Node apply (9401730.353.0) {07/14/26 17:09:54} [recovery mode]
07/15/26 10:31:04 Number of idle job procs: 102
07/15/26 10:31:04 Node apply job proc (9401730.353.0) completed successfully.
07/15/26 10:31:04 Event: ULOG_JOB_TERMINATED for HTCondor Node apply (9401730.270.0) {07/14/26 17:09:54} [recovery mode]
07/15/26 10:31:04 Number of idle job procs: 102
07/15/26 10:31:04 Node apply job proc (9401730.270.0) completed successfully.
07/15/26 10:31:04 Event: ULOG_JOB_TERMINATED for HTCondor Node apply (9401730.253.0) {07/14/26 17:09:55} [recovery mode]
07/15/26 10:31:04 Number of idle job procs: 102
07/15/26 10:31:04 Node apply job proc (9401730.253.0) completed successfully.
07/15/26 10:31:04 Event: ULOG_JOB_TERMINATED for HTCondor Node apply (9401730.331.0) {07/14/26 17:10:14} [recovery mode]
07/15/26 10:31:04 Number of idle job procs: 102
07/15/26 10:31:04 Node apply job proc (9401730.331.0) completed successfully.
07/15/26 10:31:04 Event: ULOG_JOB_TERMINATED for HTCondor Node apply (9401730.231.0) {07/14/26 17:10:16} [recovery mode]
07/15/26 10:31:04 Number of idle job procs: 102
07/15/26 10:31:04 Node apply job proc (9401730.231.0) completed successfully.
07/15/26 10:31:04 Event: ULOG_JOB_TERMINATED for HTCondor Node apply (9401730.172.0) {07/14/26 17:10:19} [recovery mode]
07/15/26 10:31:04 Number of idle job procs: 102
07/15/26 10:31:04 Node apply job proc (9401730.172.0) completed successfully.
07/15/26 10:31:04 Event: ULOG_JOB_TERMINATED for HTCondor Node apply (9401730.149.0) {07/14/26 17:10:19} [recovery mode]
07/15/26 10:31:04 Number of idle job procs: 102
07/15/26 10:31:04 Node apply job proc (9401730.149.0) completed successfully.
07/15/26 10:31:04 Event: ULOG_JOB_TERMINATED for HTCondor Node apply (9401730.235.0) {07/14/26 17:10:19} [recovery mode]
07/15/26 10:31:04 Number of idle job procs: 102
07/15/26 10:31:04 Node apply job proc (9401730.235.0) completed successfully.
07/15/26 10:31:04 Event: ULOG_JOB_TERMINATED for HTCondor Node apply (9401730.131.0) {07/14/26 17:10:19} [recovery mode]
07/15/26 10:31:04 Number of idle job procs: 102
07/15/26 10:31:04 Node apply job proc (9401730.131.0) completed successfully.
07/15/26 10:31:04 Event: ULOG_JOB_TERMINATED for HTCondor Node apply (9401730.335.0) {07/14/26 17:10:26} [recovery mode]
07/15/26 10:31:04 Number of idle job procs: 102
07/15/26 10:31:04 Node apply job proc (9401730.335.0) completed successfully.
07/15/26 10:31:04 Event: ULOG_JOB_TERMINATED for HTCondor Node apply (9401730.130.0) {07/14/26 17:10:27} [recovery mode]
07/15/26 10:31:04 Number of idle job procs: 102
07/15/26 10:31:04 Node apply job proc (9401730.130.0) completed successfully.
07/15/26 10:31:04 Event: ULOG_JOB_TERMINATED for HTCondor Node apply (9401730.334.0) {07/14/26 17:10:38} [recovery mode]
07/15/26 10:31:04 Number of idle job procs: 102
07/15/26 10:31:04 Node apply job proc (9401730.334.0) completed successfully.
07/15/26 10:31:04 Event: ULOG_JOB_TERMINATED for HTCondor Node apply (9401730.142.0) {07/14/26 17:10:42} [recovery mode]
07/15/26 10:31:04 Number of idle job procs: 102
07/15/26 10:31:04 Node apply job proc (9401730.142.0) completed successfully.
07/15/26 10:31:04 Event: ULOG_JOB_TERMINATED for HTCondor Node apply (9401730.140.0) {07/14/26 17:10:49} [recovery mode]
07/15/26 10:31:04 Number of idle job procs: 102
07/15/26 10:31:04 Node apply job proc (9401730.140.0) completed successfully.
07/15/26 10:31:04 Event: ULOG_JOB_TERMINATED for HTCondor Node apply (9401730.311.0) {07/14/26 17:12:08} [recovery mode]
07/15/26 10:31:04 Number of idle job procs: 102
07/15/26 10:31:04 Node apply job proc (9401730.311.0) completed successfully.
07/15/26 10:31:04 Event: ULOG_JOB_TERMINATED for HTCondor Node apply (9401730.170.0) {07/14/26 17:12:09} [recovery mode]
07/15/26 10:31:04 Number of idle job procs: 102
07/15/26 10:31:04 Node apply job proc (9401730.170.0) completed successfully.
07/15/26 10:31:04 Event: ULOG_JOB_TERMINATED for HTCondor Node apply (9401730.153.0) {07/14/26 17:12:09} [recovery mode]
07/15/26 10:31:04 Number of idle job procs: 102
07/15/26 10:31:04 Node apply job proc (9401730.153.0) completed successfully.
07/15/26 10:31:04 Event: ULOG_JOB_TERMINATED for HTCondor Node apply (9401730.476.0) {07/14/26 17:12:09} [recovery mode]
07/15/26 10:31:04 Number of idle job procs: 102
07/15/26 10:31:04 Node apply job proc (9401730.476.0) completed successfully.
07/15/26 10:31:04 Event: ULOG_JOB_TERMINATED for HTCondor Node apply (9401730.272.0) {07/14/26 17:12:09} [recovery mode]
07/15/26 10:31:04 Number of idle job procs: 102
07/15/26 10:31:04 Node apply job proc (9401730.272.0) completed successfully.
07/15/26 10:31:04 Event: ULOG_JOB_TERMINATED for HTCondor Node apply (9401730.349.0) {07/14/26 17:12:10} [recovery mode]
07/15/26 10:31:04 Number of idle job procs: 102
07/15/26 10:31:04 Node apply job proc (9401730.349.0) completed successfully.
07/15/26 10:31:04 Event: ULOG_JOB_TERMINATED for HTCondor Node apply (9401730.152.0) {07/14/26 17:12:10} [recovery mode]
07/15/26 10:31:04 Number of idle job procs: 102
07/15/26 10:31:04 Node apply job proc (9401730.152.0) completed successfully.
07/15/26 10:31:04 Event: ULOG_JOB_TERMINATED for HTCondor Node apply (9401730.277.0) {07/14/26 17:12:10} [recovery mode]
07/15/26 10:31:04 Number of idle job procs: 102
07/15/26 10:31:04 Node apply job proc (9401730.277.0) completed successfully.
07/15/26 10:31:04 Event: ULOG_JOB_TERMINATED for HTCondor Node apply (9401730.449.0) {07/14/26 17:12:11} [recovery mode]
07/15/26 10:31:04 Number of idle job procs: 102
07/15/26 10:31:04 Node apply job proc (9401730.449.0) completed successfully.
07/15/26 10:31:04 Event: ULOG_JOB_TERMINATED for HTCondor Node apply (9401730.157.0) {07/14/26 17:12:11} [recovery mode]
07/15/26 10:31:04 Number of idle job procs: 102
07/15/26 10:31:04 Node apply job proc (9401730.157.0) completed successfully.
07/15/26 10:31:04 Event: ULOG_JOB_TERMINATED for HTCondor Node apply (9401730.155.0) {07/14/26 17:12:11} [recovery mode]
07/15/26 10:31:04 Number of idle job procs: 102
07/15/26 10:31:04 Node apply job proc (9401730.155.0) completed successfully.
07/15/26 10:31:04 Event: ULOG_JOB_TERMINATED for HTCondor Node apply (9401730.269.0) {07/14/26 17:12:27} [recovery mode]
07/15/26 10:31:04 Number of idle job procs: 102
07/15/26 10:31:04 Node apply job proc (9401730.269.0) completed successfully.
07/15/26 10:31:04 Event: ULOG_JOB_TERMINATED for HTCondor Node apply (9401730.478.0) {07/14/26 17:12:28} [recovery mode]
07/15/26 10:31:04 Number of idle job procs: 102
07/15/26 10:31:04 Node apply job proc (9401730.478.0) completed successfully.
07/15/26 10:31:04 Event: ULOG_JOB_TERMINATED for HTCondor Node apply (9401730.450.0) {07/14/26 17:12:34} [recovery mode]
07/15/26 10:31:04 Number of idle job procs: 102
07/15/26 10:31:04 Node apply job proc (9401730.450.0) completed successfully.
07/15/26 10:31:04 Event: ULOG_JOB_TERMINATED for HTCondor Node apply (9401730.378.0) {07/14/26 17:12:56} [recovery mode]
07/15/26 10:31:04 Number of idle job procs: 102
07/15/26 10:31:04 Node apply job proc (9401730.378.0) completed successfully.
07/15/26 10:31:04 Event: ULOG_JOB_TERMINATED for HTCondor Node apply (9401730.451.0) {07/14/26 17:12:57} [recovery mode]
07/15/26 10:31:04 Number of idle job procs: 102
07/15/26 10:31:04 Node apply job proc (9401730.451.0) completed successfully.
07/15/26 10:31:04 Event: ULOG_JOB_TERMINATED for HTCondor Node apply (9401730.177.0) {07/14/26 17:13:22} [recovery mode]
07/15/26 10:31:04 Number of idle job procs: 102
07/15/26 10:31:04 Node apply job proc (9401730.177.0) completed successfully.
07/15/26 10:31:04 Event: ULOG_JOB_TERMINATED for HTCondor Node apply (9401730.278.0) {07/14/26 17:13:34} [recovery mode]
07/15/26 10:31:04 Number of idle job procs: 102
07/15/26 10:31:04 Node apply job proc (9401730.278.0) completed successfully.
07/15/26 10:31:04 Event: ULOG_JOB_TERMINATED for HTCondor Node apply (9401730.463.0) {07/14/26 17:13:34} [recovery mode]
07/15/26 10:31:04 Number of idle job procs: 102
07/15/26 10:31:04 Node apply job proc (9401730.463.0) completed successfully.
07/15/26 10:31:04 Event: ULOG_JOB_TERMINATED for HTCondor Node apply (9401730.457.0) {07/14/26 17:13:40} [recovery mode]
07/15/26 10:31:04 Number of idle job procs: 102
07/15/26 10:31:04 Node apply job proc (9401730.457.0) completed successfully.
07/15/26 10:31:04 Event: ULOG_JOB_TERMINATED for HTCondor Node apply (9401730.250.0) {07/14/26 17:14:12} [recovery mode]
07/15/26 10:31:04 Number of idle job procs: 102
07/15/26 10:31:04 Node apply job proc (9401730.250.0) completed successfully.
07/15/26 10:31:04 Event: ULOG_JOB_TERMINATED for HTCondor Node apply (9401730.178.0) {07/14/26 17:14:12} [recovery mode]
07/15/26 10:31:04 Number of idle job procs: 102
07/15/26 10:31:04 Node apply job proc (9401730.178.0) completed successfully.
07/15/26 10:31:04 Event: ULOG_JOB_TERMINATED for HTCondor Node apply (9401730.254.0) {07/14/26 17:14:14} [recovery mode]
07/15/26 10:31:04 Number of idle job procs: 102
07/15/26 10:31:04 Node apply job proc (9401730.254.0) completed successfully.
07/15/26 10:31:04 Event: ULOG_JOB_TERMINATED for HTCondor Node apply (9401730.15.0) {07/14/26 17:14:19} [recovery mode]
07/15/26 10:31:04 Number of idle job procs: 102
07/15/26 10:31:04 Node apply job proc (9401730.15.0) completed successfully.
07/15/26 10:31:04 Event: ULOG_JOB_TERMINATED for HTCondor Node apply (9401730.50.0) {07/14/26 17:14:22} [recovery mode]
07/15/26 10:31:04 Number of idle job procs: 102
07/15/26 10:31:04 Node apply job proc (9401730.50.0) completed successfully.
07/15/26 10:31:04 Event: ULOG_JOB_TERMINATED for HTCondor Node apply (9401730.370.0) {07/14/26 17:14:37} [recovery mode]
07/15/26 10:31:04 Number of idle job procs: 102
07/15/26 10:31:04 Node apply job proc (9401730.370.0) completed successfully.
07/15/26 10:31:04 Event: ULOG_JOB_TERMINATED for HTCondor Node apply (9401730.350.0) {07/14/26 17:14:42} [recovery mode]
07/15/26 10:31:04 Number of idle job procs: 102
07/15/26 10:31:04 Node apply job proc (9401730.350.0) completed successfully.
07/15/26 10:31:04 Event: ULOG_JOB_TERMINATED for HTCondor Node apply (9401730.54.0) {07/14/26 17:15:10} [recovery mode]
07/15/26 10:31:04 Number of idle job procs: 102
07/15/26 10:31:04 Node apply job proc (9401730.54.0) completed successfully.
07/15/26 10:31:04 Event: ULOG_JOB_TERMINATED for HTCondor Node apply (9401730.255.0) {07/14/26 17:15:15} [recovery mode]
07/15/26 10:31:04 Number of idle job procs: 102
07/15/26 10:31:04 Node apply job proc (9401730.255.0) completed successfully.
07/15/26 10:31:04 Event: ULOG_JOB_TERMINATED for HTCondor Node apply (9401730.454.0) {07/14/26 17:15:32} [recovery mode]
07/15/26 10:31:04 Number of idle job procs: 102
07/15/26 10:31:04 Node apply job proc (9401730.454.0) completed successfully.
07/15/26 10:31:04 Event: ULOG_JOB_TERMINATED for HTCondor Node apply (9401730.55.0) {07/14/26 17:15:47} [recovery mode]
07/15/26 10:31:04 Number of idle job procs: 102
07/15/26 10:31:04 Node apply job proc (9401730.55.0) completed successfully.
07/15/26 10:31:04 Event: ULOG_JOB_TERMINATED for HTCondor Node apply (9401730.377.0) {07/14/26 17:15:57} [recovery mode]
07/15/26 10:31:04 Number of idle job procs: 102
07/15/26 10:31:04 Node apply job proc (9401730.377.0) completed successfully.
07/15/26 10:31:04 Event: ULOG_JOB_TERMINATED for HTCondor Node apply (9401730.46.0) {07/14/26 17:16:03} [recovery mode]
07/15/26 10:31:04 Number of idle job procs: 102
07/15/26 10:31:04 Node apply job proc (9401730.46.0) completed successfully.
07/15/26 10:31:04 Event: ULOG_JOB_TERMINATED for HTCondor Node apply (9401730.455.0) {07/14/26 17:16:54} [recovery mode]
07/15/26 10:31:04 Number of idle job procs: 102
07/15/26 10:31:04 Node apply job proc (9401730.455.0) completed successfully.
07/15/26 10:31:04 Event: ULOG_JOB_TERMINATED for HTCondor Node apply (9401730.78.0) {07/14/26 17:16:57} [recovery mode]
07/15/26 10:31:04 Number of idle job procs: 102
07/15/26 10:31:04 Node apply job proc (9401730.78.0) completed successfully.
07/15/26 10:31:04 Event: ULOG_JOB_TERMINATED for HTCondor Node apply (9401730.154.0) {07/14/26 17:17:04} [recovery mode]
07/15/26 10:31:04 Number of idle job procs: 102
07/15/26 10:31:04 Node apply job proc (9401730.154.0) completed successfully.
07/15/26 10:31:04 Event: ULOG_EXECUTE for HTCondor Node apply (9401730.48.0) {07/14/26 17:17:47} [recovery mode]
07/15/26 10:31:04 Number of idle job procs: 101
07/15/26 10:31:05 Event: ULOG_JOB_TERMINATED for HTCondor Node apply (9401730.110.0) {07/14/26 17:17:48} [recovery mode]
07/15/26 10:31:05 Number of idle job procs: 101
07/15/26 10:31:05 Node apply job proc (9401730.110.0) completed successfully.
07/15/26 10:31:05 Event: ULOG_EXECUTE for HTCondor Node apply (9401730.56.0) {07/14/26 17:17:51} [recovery mode]
07/15/26 10:31:05 Number of idle job procs: 100
07/15/26 10:31:05 Event: ULOG_JOB_TERMINATED for HTCondor Node apply (9401730.369.0) {07/14/26 17:17:52} [recovery mode]
07/15/26 10:31:05 Number of idle job procs: 100
07/15/26 10:31:05 Node apply job proc (9401730.369.0) completed successfully.
07/15/26 10:31:05 Event: ULOG_EXECUTE for HTCondor Node apply (9401730.25.0) {07/14/26 17:18:00} [recovery mode]
07/15/26 10:31:05 Number of idle job procs: 99
07/15/26 10:31:05 Event: ULOG_EXECUTE for HTCondor Node apply (9401730.57.0) {07/14/26 17:18:01} [recovery mode]
07/15/26 10:31:05 Number of idle job procs: 98
07/15/26 10:31:05 Event: ULOG_EXECUTE for HTCondor Node apply (9401730.59.0) {07/14/26 17:18:05} [recovery mode]
07/15/26 10:31:05 Number of idle job procs: 97
07/15/26 10:31:05 Event: ULOG_JOB_TERMINATED for HTCondor Node apply (9401730.482.0) {07/14/26 17:18:07} [recovery mode]
07/15/26 10:31:05 Number of idle job procs: 97
07/15/26 10:31:05 Node apply job proc (9401730.482.0) completed successfully.
07/15/26 10:31:05 Event: ULOG_JOB_TERMINATED for HTCondor Node apply (9401730.59.0) {07/14/26 17:18:57} [recovery mode]
07/15/26 10:31:05 Number of idle job procs: 97
07/15/26 10:31:05 Node apply job proc (9401730.59.0) completed successfully.
07/15/26 10:31:05 Event: ULOG_JOB_TERMINATED for HTCondor Node apply (9401730.257.0) {07/14/26 17:18:57} [recovery mode]
07/15/26 10:31:05 Number of idle job procs: 97
07/15/26 10:31:05 Node apply job proc (9401730.257.0) completed successfully.
07/15/26 10:31:05 Event: ULOG_JOB_TERMINATED for HTCondor Node apply (9401730.61.0) {07/14/26 17:19:15} [recovery mode]
07/15/26 10:31:05 Number of idle job procs: 97
07/15/26 10:31:05 Node apply job proc (9401730.61.0) completed successfully.
07/15/26 10:31:05 Event: ULOG_JOB_TERMINATED for HTCondor Node apply (9401730.77.0) {07/14/26 17:20:03} [recovery mode]
07/15/26 10:31:05 Number of idle job procs: 97
07/15/26 10:31:05 Node apply job proc (9401730.77.0) completed successfully.
07/15/26 10:31:05 Event: ULOG_JOB_TERMINATED for HTCondor Node apply (9401730.21.0) {07/14/26 17:20:10} [recovery mode]
07/15/26 10:31:05 Number of idle job procs: 97
07/15/26 10:31:05 Node apply job proc (9401730.21.0) completed successfully.
07/15/26 10:31:05 Event: ULOG_JOB_TERMINATED for HTCondor Node apply (9401730.321.0) {07/14/26 17:20:10} [recovery mode]
07/15/26 10:31:05 Number of idle job procs: 97
07/15/26 10:31:05 Node apply job proc (9401730.321.0) completed successfully.
07/15/26 10:31:05 Event: ULOG_JOB_TERMINATED for HTCondor Node apply (9401730.354.0) {07/14/26 17:20:49} [recovery mode]
07/15/26 10:31:05 Number of idle job procs: 97
07/15/26 10:31:05 Node apply job proc (9401730.354.0) completed successfully.
07/15/26 10:31:05 Event: ULOG_JOB_TERMINATED for HTCondor Node apply (9401730.143.0) {07/14/26 17:20:56} [recovery mode]
07/15/26 10:31:05 Number of idle job procs: 97
07/15/26 10:31:05 Node apply job proc (9401730.143.0) completed successfully.
07/15/26 10:31:05 Event: ULOG_JOB_TERMINATED for HTCondor Node apply (9401730.82.0) {07/14/26 17:20:56} [recovery mode]
07/15/26 10:31:05 Number of idle job procs: 97
07/15/26 10:31:05 Node apply job proc (9401730.82.0) completed successfully.
07/15/26 10:31:05 Event: ULOG_EXECUTE for HTCondor Node apply (9401730.151.0) {07/14/26 17:21:04} [recovery mode]
07/15/26 10:31:05 Number of idle job procs: 96
07/15/26 10:31:05 Event: ULOG_EXECUTE for HTCondor Node apply (9401730.227.0) {07/14/26 17:21:06} [recovery mode]
07/15/26 10:31:05 Number of idle job procs: 95
07/15/26 10:31:05 Event: ULOG_EXECUTE for HTCondor Node apply (9401730.228.0) {07/14/26 17:21:06} [recovery mode]
07/15/26 10:31:05 Number of idle job procs: 94
07/15/26 10:31:05 Event: ULOG_EXECUTE for HTCondor Node apply (9401730.232.0) {07/14/26 17:21:06} [recovery mode]
07/15/26 10:31:05 Number of idle job procs: 93
07/15/26 10:31:05 Event: ULOG_EXECUTE for HTCondor Node apply (9401730.237.0) {07/14/26 17:21:07} [recovery mode]
07/15/26 10:31:05 Number of idle job procs: 92
07/15/26 10:31:05 Event: ULOG_EXECUTE for HTCondor Node apply (9401730.236.0) {07/14/26 17:21:07} [recovery mode]
07/15/26 10:31:05 Number of idle job procs: 91
07/15/26 10:31:05 Event: ULOG_EXECUTE for HTCondor Node apply (9401730.238.0) {07/14/26 17:21:07} [recovery mode]
07/15/26 10:31:05 Number of idle job procs: 90
07/15/26 10:31:05 Event: ULOG_EXECUTE for HTCondor Node apply (9401730.240.0) {07/14/26 17:21:08} [recovery mode]
07/15/26 10:31:05 Number of idle job procs: 89
07/15/26 10:31:05 Event: ULOG_EXECUTE for HTCondor Node apply (9401730.239.0) {07/14/26 17:21:08} [recovery mode]
07/15/26 10:31:05 Number of idle job procs: 88
07/15/26 10:31:05 Event: ULOG_EXECUTE for HTCondor Node apply (9401730.248.0) {07/14/26 17:21:09} [recovery mode]
07/15/26 10:31:05 Number of idle job procs: 87
07/15/26 10:31:05 Event: ULOG_EXECUTE for HTCondor Node apply (9401730.242.0) {07/14/26 17:21:09} [recovery mode]
07/15/26 10:31:05 Number of idle job procs: 86
07/15/26 10:31:05 Event: ULOG_EXECUTE for HTCondor Node apply (9401730.275.0) {07/14/26 17:21:10} [recovery mode]
07/15/26 10:31:05 Number of idle job procs: 85
07/15/26 10:31:05 Event: ULOG_EXECUTE for HTCondor Node apply (9401730.245.0) {07/14/26 17:21:10} [recovery mode]
07/15/26 10:31:05 Number of idle job procs: 84
07/15/26 10:31:05 Event: ULOG_EXECUTE for HTCondor Node apply (9401730.276.0) {07/14/26 17:21:11} [recovery mode]
07/15/26 10:31:05 Number of idle job procs: 83
07/15/26 10:31:05 Event: ULOG_EXECUTE for HTCondor Node apply (9401730.279.0) {07/14/26 17:21:13} [recovery mode]
07/15/26 10:31:05 Number of idle job procs: 82
07/15/26 10:31:05 Event: ULOG_EXECUTE for HTCondor Node apply (9401730.283.0) {07/14/26 17:21:13} [recovery mode]
07/15/26 10:31:05 Number of idle job procs: 81
07/15/26 10:31:05 Event: ULOG_EXECUTE for HTCondor Node apply (9401730.285.0) {07/14/26 17:21:15} [recovery mode]
07/15/26 10:31:05 Number of idle job procs: 80
07/15/26 10:31:05 Event: ULOG_EXECUTE for HTCondor Node apply (9401730.284.0) {07/14/26 17:21:15} [recovery mode]
07/15/26 10:31:05 Number of idle job procs: 79
07/15/26 10:31:05 Event: ULOG_EXECUTE for HTCondor Node apply (9401730.286.0) {07/14/26 17:21:16} [recovery mode]
07/15/26 10:31:05 Number of idle job procs: 78
07/15/26 10:31:05 Event: ULOG_EXECUTE for HTCondor Node apply (9401730.289.0) {07/14/26 17:21:18} [recovery mode]
07/15/26 10:31:05 Number of idle job procs: 77
07/15/26 10:31:05 Event: ULOG_EXECUTE for HTCondor Node apply (9401730.287.0) {07/14/26 17:21:18} [recovery mode]
07/15/26 10:31:05 Number of idle job procs: 76
07/15/26 10:31:05 Event: ULOG_EXECUTE for HTCondor Node apply (9401730.293.0) {07/14/26 17:21:19} [recovery mode]
07/15/26 10:31:05 Number of idle job procs: 75
07/15/26 10:31:05 Event: ULOG_EXECUTE for HTCondor Node apply (9401730.296.0) {07/14/26 17:21:19} [recovery mode]
07/15/26 10:31:05 Number of idle job procs: 74
07/15/26 10:31:05 Event: ULOG_EXECUTE for HTCondor Node apply (9401730.304.0) {07/14/26 17:21:22} [recovery mode]
07/15/26 10:31:05 Number of idle job procs: 73
07/15/26 10:31:05 Event: ULOG_EXECUTE for HTCondor Node apply (9401730.305.0) {07/14/26 17:21:22} [recovery mode]
07/15/26 10:31:05 Number of idle job procs: 72
07/15/26 10:31:05 Event: ULOG_EXECUTE for HTCondor Node apply (9401730.308.0) {07/14/26 17:21:23} [recovery mode]
07/15/26 10:31:05 Number of idle job procs: 71
07/15/26 10:31:05 Event: ULOG_EXECUTE for HTCondor Node apply (9401730.313.0) {07/14/26 17:21:24} [recovery mode]
07/15/26 10:31:05 Number of idle job procs: 70
07/15/26 10:31:05 Event: ULOG_EXECUTE for HTCondor Node apply (9401730.312.0) {07/14/26 17:21:24} [recovery mode]
07/15/26 10:31:05 Number of idle job procs: 69
07/15/26 10:31:05 Event: ULOG_EXECUTE for HTCondor Node apply (9401730.316.0) {07/14/26 17:21:26} [recovery mode]
07/15/26 10:31:05 Number of idle job procs: 68
07/15/26 10:31:05 Event: ULOG_EXECUTE for HTCondor Node apply (9401730.318.0) {07/14/26 17:21:26} [recovery mode]
07/15/26 10:31:05 Number of idle job procs: 67
07/15/26 10:31:05 Event: ULOG_EXECUTE for HTCondor Node apply (9401730.314.0) {07/14/26 17:21:27} [recovery mode]
07/15/26 10:31:05 Number of idle job procs: 66
07/15/26 10:31:05 Event: ULOG_EXECUTE for HTCondor Node apply (9401730.315.0) {07/14/26 17:21:29} [recovery mode]
07/15/26 10:31:05 Number of idle job procs: 65
07/15/26 10:31:05 Event: ULOG_EXECUTE for HTCondor Node apply (9401730.329.0) {07/14/26 17:21:30} [recovery mode]
07/15/26 10:31:05 Number of idle job procs: 64
07/15/26 10:31:05 Event: ULOG_EXECUTE for HTCondor Node apply (9401730.332.0) {07/14/26 17:21:30} [recovery mode]
07/15/26 10:31:05 Number of idle job procs: 63
07/15/26 10:31:05 Event: ULOG_EXECUTE for HTCondor Node apply (9401730.336.0) {07/14/26 17:21:30} [recovery mode]
07/15/26 10:31:05 Number of idle job procs: 62
07/15/26 10:31:05 Event: ULOG_JOB_TERMINATED for HTCondor Node apply (9401730.182.0) {07/14/26 17:21:31} [recovery mode]
07/15/26 10:31:05 Number of idle job procs: 62
07/15/26 10:31:05 Node apply job proc (9401730.182.0) completed successfully.
07/15/26 10:31:05 Event: ULOG_EXECUTE for HTCondor Node apply (9401730.328.0) {07/14/26 17:21:32} [recovery mode]
07/15/26 10:31:05 Number of idle job procs: 61
07/15/26 10:31:05 Event: ULOG_EXECUTE for HTCondor Node apply (9401730.337.0) {07/14/26 17:21:33} [recovery mode]
07/15/26 10:31:05 Number of idle job procs: 60
07/15/26 10:31:05 Event: ULOG_JOB_TERMINATED for HTCondor Node apply (9401730.236.0) {07/14/26 17:21:33} [recovery mode]
07/15/26 10:31:05 Number of idle job procs: 60
07/15/26 10:31:05 Node apply job proc (9401730.236.0) completed successfully.
07/15/26 10:31:05 Event: ULOG_EXECUTE for HTCondor Node apply (9401730.338.0) {07/14/26 17:21:34} [recovery mode]
07/15/26 10:31:05 Number of idle job procs: 59
07/15/26 10:31:05 Event: ULOG_EXECUTE for HTCondor Node apply (9401730.322.0) {07/14/26 17:21:36} [recovery mode]
07/15/26 10:31:05 Number of idle job procs: 58
07/15/26 10:31:05 Event: ULOG_EXECUTE for HTCondor Node apply (9401730.339.0) {07/14/26 17:21:36} [recovery mode]
07/15/26 10:31:05 Number of idle job procs: 57
07/15/26 10:31:05 Event: ULOG_EXECUTE for HTCondor Node apply (9401730.340.0) {07/14/26 17:21:37} [recovery mode]
07/15/26 10:31:05 Number of idle job procs: 56
07/15/26 10:31:05 Event: ULOG_JOB_TERMINATED for HTCondor Node apply (9401730.246.0) {07/14/26 17:21:39} [recovery mode]
07/15/26 10:31:05 Number of idle job procs: 56
07/15/26 10:31:05 Node apply job proc (9401730.246.0) completed successfully.
07/15/26 10:31:05 Event: ULOG_EXECUTE for HTCondor Node apply (9401730.344.0) {07/14/26 17:21:40} [recovery mode]
07/15/26 10:31:05 Number of idle job procs: 55
07/15/26 10:31:05 Event: ULOG_EXECUTE for HTCondor Node apply (9401730.342.0) {07/14/26 17:21:40} [recovery mode]
07/15/26 10:31:05 Number of idle job procs: 54
07/15/26 10:31:05 Event: ULOG_EXECUTE for HTCondor Node apply (9401730.351.0) {07/14/26 17:21:41} [recovery mode]
07/15/26 10:31:05 Number of idle job procs: 53
07/15/26 10:31:05 Event: ULOG_EXECUTE for HTCondor Node apply (9401730.347.0) {07/14/26 17:21:41} [recovery mode]
07/15/26 10:31:05 Number of idle job procs: 52
07/15/26 10:31:05 Event: ULOG_EXECUTE for HTCondor Node apply (9401730.357.0) {07/14/26 17:21:42} [recovery mode]
07/15/26 10:31:05 Number of idle job procs: 51
07/15/26 10:31:05 Event: ULOG_EXECUTE for HTCondor Node apply (9401730.358.0) {07/14/26 17:21:43} [recovery mode]
07/15/26 10:31:05 Number of idle job procs: 50
07/15/26 10:31:05 Event: ULOG_EXECUTE for HTCondor Node apply (9401730.365.0) {07/14/26 17:21:43} [recovery mode]
07/15/26 10:31:05 Number of idle job procs: 49
07/15/26 10:31:05 Event: ULOG_EXECUTE for HTCondor Node apply (9401730.366.0) {07/14/26 17:21:44} [recovery mode]
07/15/26 10:31:05 Number of idle job procs: 48
07/15/26 10:31:05 Event: ULOG_EXECUTE for HTCondor Node apply (9401730.355.0) {07/14/26 17:21:44} [recovery mode]
07/15/26 10:31:05 Number of idle job procs: 47
07/15/26 10:31:05 Event: ULOG_EXECUTE for HTCondor Node apply (9401730.356.0) {07/14/26 17:21:45} [recovery mode]
07/15/26 10:31:05 Number of idle job procs: 46
07/15/26 10:31:05 Event: ULOG_EXECUTE for HTCondor Node apply (9401730.359.0) {07/14/26 17:21:46} [recovery mode]
07/15/26 10:31:05 Number of idle job procs: 45
07/15/26 10:31:05 Event: ULOG_EXECUTE for HTCondor Node apply (9401730.361.0) {07/14/26 17:21:47} [recovery mode]
07/15/26 10:31:05 Number of idle job procs: 44
07/15/26 10:31:05 Event: ULOG_EXECUTE for HTCondor Node apply (9401730.371.0) {07/14/26 17:21:47} [recovery mode]
07/15/26 10:31:05 Number of idle job procs: 43
07/15/26 10:31:05 Event: ULOG_EXECUTE for HTCondor Node apply (9401730.372.0) {07/14/26 17:21:48} [recovery mode]
07/15/26 10:31:05 Number of idle job procs: 42
07/15/26 10:31:05 Event: ULOG_EXECUTE for HTCondor Node apply (9401730.373.0) {07/14/26 17:21:48} [recovery mode]
07/15/26 10:31:05 Number of idle job procs: 41
07/15/26 10:31:05 Event: ULOG_EXECUTE for HTCondor Node apply (9401730.374.0) {07/14/26 17:21:48} [recovery mode]
07/15/26 10:31:05 Number of idle job procs: 40
07/15/26 10:31:05 Event: ULOG_JOB_TERMINATED for HTCondor Node apply (9401730.237.0) {07/14/26 17:21:49} [recovery mode]
07/15/26 10:31:05 Number of idle job procs: 40
07/15/26 10:31:05 Node apply job proc (9401730.237.0) completed successfully.
07/15/26 10:31:05 Event: ULOG_JOB_TERMINATED for HTCondor Node apply (9401730.293.0) {07/14/26 17:21:52} [recovery mode]
07/15/26 10:31:05 Number of idle job procs: 40
07/15/26 10:31:05 Node apply job proc (9401730.293.0) completed successfully.
07/15/26 10:31:05 Event: ULOG_JOB_TERMINATED for HTCondor Node apply (9401730.336.0) {07/14/26 17:21:55} [recovery mode]
07/15/26 10:31:05 Number of idle job procs: 40
07/15/26 10:31:05 Node apply job proc (9401730.336.0) completed successfully.
07/15/26 10:31:05 Event: ULOG_JOB_TERMINATED for HTCondor Node apply (9401730.239.0) {07/14/26 17:21:56} [recovery mode]
07/15/26 10:31:05 Number of idle job procs: 40
07/15/26 10:31:05 Node apply job proc (9401730.239.0) completed successfully.
07/15/26 10:31:05 Event: ULOG_JOB_TERMINATED for HTCondor Node apply (9401730.337.0) {07/14/26 17:21:57} [recovery mode]
07/15/26 10:31:05 Number of idle job procs: 40
07/15/26 10:31:05 Node apply job proc (9401730.337.0) completed successfully.
07/15/26 10:31:05 Event: ULOG_EXECUTE for HTCondor Node apply (9401730.376.0) {07/14/26 17:22:05} [recovery mode]
07/15/26 10:31:05 Number of idle job procs: 39
07/15/26 10:31:05 Event: ULOG_EXECUTE for HTCondor Node apply (9401730.380.0) {07/14/26 17:22:06} [recovery mode]
07/15/26 10:31:05 Number of idle job procs: 38
07/15/26 10:31:05 Event: ULOG_JOB_TERMINATED for HTCondor Node apply (9401730.289.0) {07/14/26 17:22:06} [recovery mode]
07/15/26 10:31:05 Number of idle job procs: 38
07/15/26 10:31:05 Node apply job proc (9401730.289.0) completed successfully.
07/15/26 10:31:05 Event: ULOG_EXECUTE for HTCondor Node apply (9401730.381.0) {07/14/26 17:22:08} [recovery mode]
07/15/26 10:31:05 Number of idle job procs: 37
07/15/26 10:31:05 Event: ULOG_EXECUTE for HTCondor Node apply (9401730.383.0) {07/14/26 17:22:09} [recovery mode]
07/15/26 10:31:05 Number of idle job procs: 36
07/15/26 10:31:05 Event: ULOG_EXECUTE for HTCondor Node apply (9401730.384.0) {07/14/26 17:22:10} [recovery mode]
07/15/26 10:31:05 Number of idle job procs: 35
07/15/26 10:31:05 Event: ULOG_JOB_TERMINATED for HTCondor Node apply (9401730.69.0) {07/14/26 17:22:10} [recovery mode]
07/15/26 10:31:05 Number of idle job procs: 35
07/15/26 10:31:05 Node apply job proc (9401730.69.0) completed successfully.
07/15/26 10:31:05 Event: ULOG_JOB_TERMINATED for HTCondor Node apply (9401730.245.0) {07/14/26 17:22:14} [recovery mode]
07/15/26 10:31:05 Number of idle job procs: 35
07/15/26 10:31:05 Node apply job proc (9401730.245.0) completed successfully.
07/15/26 10:31:05 Event: ULOG_EXECUTE for HTCondor Node apply (9401730.385.0) {07/14/26 17:22:14} [recovery mode]
07/15/26 10:31:05 Number of idle job procs: 34
07/15/26 10:31:05 Event: ULOG_JOB_TERMINATED for HTCondor Node apply (9401730.296.0) {07/14/26 17:22:14} [recovery mode]
07/15/26 10:31:05 Number of idle job procs: 34
07/15/26 10:31:05 Node apply job proc (9401730.296.0) completed successfully.
07/15/26 10:31:05 Event: ULOG_EXECUTE for HTCondor Node apply (9401730.387.0) {07/14/26 17:22:16} [recovery mode]
07/15/26 10:31:05 Number of idle job procs: 33
07/15/26 10:31:05 Event: ULOG_EXECUTE for HTCondor Node apply (9401730.392.0) {07/14/26 17:22:19} [recovery mode]
07/15/26 10:31:05 Number of idle job procs: 32
07/15/26 10:31:05 Event: ULOG_EXECUTE for HTCondor Node apply (9401730.393.0) {07/14/26 17:22:19} [recovery mode]
07/15/26 10:31:05 Number of idle job procs: 31
07/15/26 10:31:05 Event: ULOG_EXECUTE for HTCondor Node apply (9401730.395.0) {07/14/26 17:22:23} [recovery mode]
07/15/26 10:31:05 Number of idle job procs: 30
07/15/26 10:31:05 Event: ULOG_EXECUTE for HTCondor Node apply (9401730.398.0) {07/14/26 17:22:24} [recovery mode]
07/15/26 10:31:05 Number of idle job procs: 29
07/15/26 10:31:05 Event: ULOG_EXECUTE for HTCondor Node apply (9401730.401.0) {07/14/26 17:22:26} [recovery mode]
07/15/26 10:31:05 Number of idle job procs: 28
07/15/26 10:31:05 Event: ULOG_EXECUTE for HTCondor Node apply (9401730.406.0) {07/14/26 17:22:27} [recovery mode]
07/15/26 10:31:05 Number of idle job procs: 27
07/15/26 10:31:05 Event: ULOG_JOB_TERMINATED for HTCondor Node apply (9401730.339.0) {07/14/26 17:22:29} [recovery mode]
07/15/26 10:31:05 Number of idle job procs: 27
07/15/26 10:31:05 Node apply job proc (9401730.339.0) completed successfully.
07/15/26 10:31:05 Event: ULOG_EXECUTE for HTCondor Node apply (9401730.410.0) {07/14/26 17:22:30} [recovery mode]
07/15/26 10:31:05 Number of idle job procs: 26
07/15/26 10:31:05 Event: ULOG_EXECUTE for HTCondor Node apply (9401730.412.0) {07/14/26 17:22:31} [recovery mode]
07/15/26 10:31:05 Number of idle job procs: 25
07/15/26 10:31:05 Event: ULOG_EXECUTE for HTCondor Node apply (9401730.415.0) {07/14/26 17:22:33} [recovery mode]
07/15/26 10:31:05 Number of idle job procs: 24
07/15/26 10:31:06 Event: ULOG_JOB_TERMINATED for HTCondor Node apply (9401730.282.0) {07/14/26 17:22:34} [recovery mode]
07/15/26 10:31:06 Number of idle job procs: 24
07/15/26 10:31:06 Node apply job proc (9401730.282.0) completed successfully.
07/15/26 10:31:06 Event: ULOG_EXECUTE for HTCondor Node apply (9401730.416.0) {07/14/26 17:22:34} [recovery mode]
07/15/26 10:31:06 Number of idle job procs: 23
07/15/26 10:31:06 Event: ULOG_JOB_TERMINATED for HTCondor Node apply (9401730.146.0) {07/14/26 17:22:35} [recovery mode]
07/15/26 10:31:06 Number of idle job procs: 23
07/15/26 10:31:06 Node apply job proc (9401730.146.0) completed successfully.
07/15/26 10:31:06 Event: ULOG_JOB_TERMINATED for HTCondor Node apply (9401730.279.0) {07/14/26 17:22:37} [recovery mode]
07/15/26 10:31:06 Number of idle job procs: 23
07/15/26 10:31:06 Node apply job proc (9401730.279.0) completed successfully.
07/15/26 10:31:06 Event: ULOG_EXECUTE for HTCondor Node apply (9401730.420.0) {07/14/26 17:22:38} [recovery mode]
07/15/26 10:31:06 Number of idle job procs: 22
07/15/26 10:31:06 Event: ULOG_EXECUTE for HTCondor Node apply (9401730.422.0) {07/14/26 17:22:40} [recovery mode]
07/15/26 10:31:06 Number of idle job procs: 21
07/15/26 10:31:06 Event: ULOG_EXECUTE for HTCondor Node apply (9401730.425.0) {07/14/26 17:22:41} [recovery mode]
07/15/26 10:31:06 Number of idle job procs: 20
07/15/26 10:31:06 Event: ULOG_EXECUTE for HTCondor Node apply (9401730.429.0) {07/14/26 17:22:42} [recovery mode]
07/15/26 10:31:06 Number of idle job procs: 19
07/15/26 10:31:06 Event: ULOG_EXECUTE for HTCondor Node apply (9401730.430.0) {07/14/26 17:22:42} [recovery mode]
07/15/26 10:31:06 Number of idle job procs: 18
07/15/26 10:31:06 Event: ULOG_EXECUTE for HTCondor Node apply (9401730.431.0) {07/14/26 17:22:43} [recovery mode]
07/15/26 10:31:06 Number of idle job procs: 17
07/15/26 10:31:06 Event: ULOG_JOB_TERMINATED for HTCondor Node apply (9401730.469.0) {07/14/26 17:22:45} [recovery mode]
07/15/26 10:31:06 Number of idle job procs: 17
07/15/26 10:31:06 Node apply job proc (9401730.469.0) completed successfully.
07/15/26 10:31:06 Event: ULOG_JOB_TERMINATED for HTCondor Node apply (9401730.373.0) {07/14/26 17:22:46} [recovery mode]
07/15/26 10:31:06 Number of idle job procs: 17
07/15/26 10:31:06 Node apply job proc (9401730.373.0) completed successfully.
07/15/26 10:31:06 Event: ULOG_EXECUTE for HTCondor Node apply (9401730.427.0) {07/14/26 17:22:49} [recovery mode]
07/15/26 10:31:06 Number of idle job procs: 16
07/15/26 10:31:06 Event: ULOG_EXECUTE for HTCondor Node apply (9401730.432.0) {07/14/26 17:22:49} [recovery mode]
07/15/26 10:31:06 Number of idle job procs: 15
07/15/26 10:31:06 Event: ULOG_JOB_TERMINATED for HTCondor Node apply (9401730.227.0) {07/14/26 17:22:56} [recovery mode]
07/15/26 10:31:06 Number of idle job procs: 15
07/15/26 10:31:06 Node apply job proc (9401730.227.0) completed successfully.
07/15/26 10:31:06 Event: ULOG_EXECUTE for HTCondor Node apply (9401730.433.0) {07/14/26 17:23:02} [recovery mode]
07/15/26 10:31:06 Number of idle job procs: 14
07/15/26 10:31:06 Event: ULOG_JOB_TERMINATED for HTCondor Node apply (9401730.275.0) {07/14/26 17:23:03} [recovery mode]
07/15/26 10:31:06 Number of idle job procs: 14
07/15/26 10:31:06 Node apply job proc (9401730.275.0) completed successfully.
07/15/26 10:31:06 Event: ULOG_JOB_TERMINATED for HTCondor Node apply (9401730.338.0) {07/14/26 17:23:04} [recovery mode]
07/15/26 10:31:06 Number of idle job procs: 14
07/15/26 10:31:06 Node apply job proc (9401730.338.0) completed successfully.
07/15/26 10:31:06 Event: ULOG_JOB_TERMINATED for HTCondor Node apply (9401730.393.0) {07/14/26 17:23:24} [recovery mode]
07/15/26 10:31:06 Number of idle job procs: 14
07/15/26 10:31:06 Node apply job proc (9401730.393.0) completed successfully.
07/15/26 10:31:06 Event: ULOG_EXECUTE for HTCondor Node apply (9401730.434.0) {07/14/26 17:23:25} [recovery mode]
07/15/26 10:31:06 Number of idle job procs: 13
07/15/26 10:31:06 Event: ULOG_JOB_TERMINATED for HTCondor Node apply (9401730.156.0) {07/14/26 17:23:42} [recovery mode]
07/15/26 10:31:06 Number of idle job procs: 13
07/15/26 10:31:06 Node apply job proc (9401730.156.0) completed successfully.
07/15/26 10:31:06 Event: ULOG_JOB_TERMINATED for HTCondor Node apply (9401730.238.0) {07/14/26 17:23:44} [recovery mode]
07/15/26 10:31:06 Number of idle job procs: 13
07/15/26 10:31:06 Node apply job proc (9401730.238.0) completed successfully.
07/15/26 10:31:06 Event: ULOG_JOB_TERMINATED for HTCondor Node apply (9401730.359.0) {07/14/26 17:23:47} [recovery mode]
07/15/26 10:31:06 Number of idle job procs: 13
07/15/26 10:31:06 Node apply job proc (9401730.359.0) completed successfully.
07/15/26 10:31:06 Event: ULOG_JOB_TERMINATED for HTCondor Node apply (9401730.151.0) {07/14/26 17:23:47} [recovery mode]
07/15/26 10:31:06 Number of idle job procs: 13
07/15/26 10:31:06 Node apply job proc (9401730.151.0) completed successfully.
07/15/26 10:31:06 Event: ULOG_JOB_TERMINATED for HTCondor Node apply (9401730.374.0) {07/14/26 17:23:48} [recovery mode]
07/15/26 10:31:06 Number of idle job procs: 13
07/15/26 10:31:06 Node apply job proc (9401730.374.0) completed successfully.
07/15/26 10:31:06 Event: ULOG_JOB_TERMINATED for HTCondor Node apply (9401730.392.0) {07/14/26 17:23:49} [recovery mode]
07/15/26 10:31:06 Number of idle job procs: 13
07/15/26 10:31:06 Node apply job proc (9401730.392.0) completed successfully.
07/15/26 10:31:06 Event: ULOG_JOB_TERMINATED for HTCondor Node apply (9401730.382.0) {07/14/26 17:23:49} [recovery mode]
07/15/26 10:31:06 Number of idle job procs: 13
07/15/26 10:31:06 Node apply job proc (9401730.382.0) completed successfully.
07/15/26 10:31:06 Event: ULOG_EXECUTE for HTCondor Node apply (9401730.435.0) {07/14/26 17:23:49} [recovery mode]
07/15/26 10:31:06 Number of idle job procs: 12
07/15/26 10:31:06 Event: ULOG_JOB_TERMINATED for HTCondor Node apply (9401730.141.0) {07/14/26 17:23:49} [recovery mode]
07/15/26 10:31:06 Number of idle job procs: 12
07/15/26 10:31:06 Node apply job proc (9401730.141.0) completed successfully.
07/15/26 10:31:06 Event: ULOG_EXECUTE for HTCondor Node apply (9401730.436.0) {07/14/26 17:23:51} [recovery mode]
07/15/26 10:31:06 Number of idle job procs: 11
07/15/26 10:31:06 Event: ULOG_EXECUTE for HTCondor Node apply (9401730.438.0) {07/14/26 17:24:03} [recovery mode]
07/15/26 10:31:06 Number of idle job procs: 10
07/15/26 10:31:06 Event: ULOG_EXECUTE for HTCondor Node apply (9401730.439.0) {07/14/26 17:24:06} [recovery mode]
07/15/26 10:31:06 Number of idle job procs: 9
07/15/26 10:31:06 Event: ULOG_JOB_TERMINATED for HTCondor Node apply (9401730.163.0) {07/14/26 17:24:06} [recovery mode]
07/15/26 10:31:06 Number of idle job procs: 9
07/15/26 10:31:06 Node apply job proc (9401730.163.0) completed successfully.
07/15/26 10:31:06 Event: ULOG_JOB_TERMINATED for HTCondor Node apply (9401730.84.0) {07/14/26 17:24:06} [recovery mode]
07/15/26 10:31:06 Number of idle job procs: 9
07/15/26 10:31:06 Node apply job proc (9401730.84.0) completed successfully.
07/15/26 10:31:06 Event: ULOG_JOB_TERMINATED for HTCondor Node apply (9401730.372.0) {07/14/26 17:24:07} [recovery mode]
07/15/26 10:31:06 Number of idle job procs: 9
07/15/26 10:31:06 Node apply job proc (9401730.372.0) completed successfully.
07/15/26 10:31:06 Event: ULOG_EXECUTE for HTCondor Node apply (9401730.440.0) {07/14/26 17:24:13} [recovery mode]
07/15/26 10:31:06 Number of idle job procs: 8
07/15/26 10:31:06 Event: ULOG_JOB_TERMINATED for HTCondor Node apply (9401730.436.0) {07/14/26 17:24:14} [recovery mode]
07/15/26 10:31:06 Number of idle job procs: 8
07/15/26 10:31:06 Node apply job proc (9401730.436.0) completed successfully.
07/15/26 10:31:06 Event: ULOG_EXECUTE for HTCondor Node apply (9401730.441.0) {07/14/26 17:24:16} [recovery mode]
07/15/26 10:31:06 Number of idle job procs: 7
07/15/26 10:31:06 Event: ULOG_JOB_TERMINATED for HTCondor Node apply (9401730.427.0) {07/14/26 17:24:20} [recovery mode]
07/15/26 10:31:06 Number of idle job procs: 7
07/15/26 10:31:06 Node apply job proc (9401730.427.0) completed successfully.
07/15/26 10:31:06 Event: ULOG_EXECUTE for HTCondor Node apply (9401730.443.0) {07/14/26 17:24:23} [recovery mode]
07/15/26 10:31:06 Number of idle job procs: 6
07/15/26 10:31:06 Event: ULOG_JOB_TERMINATED for HTCondor Node apply (9401730.240.0) {07/14/26 17:24:23} [recovery mode]
07/15/26 10:31:06 Number of idle job procs: 6
07/15/26 10:31:06 Node apply job proc (9401730.240.0) completed successfully.
07/15/26 10:31:06 Event: ULOG_JOB_TERMINATED for HTCondor Node apply (9401730.398.0) {07/14/26 17:24:26} [recovery mode]
07/15/26 10:31:06 Number of idle job procs: 6
07/15/26 10:31:06 Node apply job proc (9401730.398.0) completed successfully.
07/15/26 10:31:06 Event: ULOG_JOB_TERMINATED for HTCondor Node apply (9401730.435.0) {07/14/26 17:24:40} [recovery mode]
07/15/26 10:31:06 Number of idle job procs: 6
07/15/26 10:31:06 Node apply job proc (9401730.435.0) completed successfully.
07/15/26 10:31:06 Event: ULOG_JOB_TERMINATED for HTCondor Node apply (9401730.438.0) {07/14/26 17:24:44} [recovery mode]
07/15/26 10:31:06 Number of idle job procs: 6
07/15/26 10:31:06 Node apply job proc (9401730.438.0) completed successfully.
07/15/26 10:31:06 Event: ULOG_JOB_TERMINATED for HTCondor Node apply (9401730.433.0) {07/14/26 17:24:44} [recovery mode]
07/15/26 10:31:06 Number of idle job procs: 6
07/15/26 10:31:06 Node apply job proc (9401730.433.0) completed successfully.
07/15/26 10:31:06 Event: ULOG_EXECUTE for HTCondor Node apply (9401730.462.0) {07/14/26 17:24:47} [recovery mode]
07/15/26 10:31:06 Number of idle job procs: 5
07/15/26 10:31:06 Event: ULOG_EXECUTE for HTCondor Node apply (9401730.452.0) {07/14/26 17:24:47} [recovery mode]
07/15/26 10:31:06 Number of idle job procs: 4
07/15/26 10:31:06 Event: ULOG_JOB_TERMINATED for HTCondor Node apply (9401730.439.0) {07/14/26 17:24:49} [recovery mode]
07/15/26 10:31:06 Number of idle job procs: 4
07/15/26 10:31:06 Node apply job proc (9401730.439.0) completed successfully.
07/15/26 10:31:06 Event: ULOG_EXECUTE for HTCondor Node apply (9401730.471.0) {07/14/26 17:24:49} [recovery mode]
07/15/26 10:31:06 Number of idle job procs: 3
07/15/26 10:31:06 Event: ULOG_EXECUTE for HTCondor Node apply (9401730.489.0) {07/14/26 17:24:53} [recovery mode]
07/15/26 10:31:06 Number of idle job procs: 2
07/15/26 10:31:06 Event: ULOG_JOB_TERMINATED for HTCondor Node apply (9401730.71.0) {07/14/26 17:25:02} [recovery mode]
07/15/26 10:31:06 Number of idle job procs: 2
07/15/26 10:31:06 Node apply job proc (9401730.71.0) completed successfully.
07/15/26 10:31:06 Event: ULOG_JOB_TERMINATED for HTCondor Node apply (9401730.329.0) {07/14/26 17:25:30} [recovery mode]
07/15/26 10:31:06 Number of idle job procs: 2
07/15/26 10:31:06 Node apply job proc (9401730.329.0) completed successfully.
07/15/26 10:31:06 Event: ULOG_JOB_TERMINATED for HTCondor Node apply (9401730.346.0) {07/14/26 17:25:33} [recovery mode]
07/15/26 10:31:06 Number of idle job procs: 2
07/15/26 10:31:06 Node apply job proc (9401730.346.0) completed successfully.
07/15/26 10:31:06 Event: ULOG_JOB_TERMINATED for HTCondor Node apply (9401730.395.0) {07/14/26 17:25:35} [recovery mode]
07/15/26 10:31:06 Number of idle job procs: 2
07/15/26 10:31:06 Node apply job proc (9401730.395.0) completed successfully.
07/15/26 10:31:06 Event: ULOG_JOB_TERMINATED for HTCondor Node apply (9401730.32.0) {07/14/26 17:25:37} [recovery mode]
07/15/26 10:31:06 Number of idle job procs: 2
07/15/26 10:31:06 Node apply job proc (9401730.32.0) completed successfully.
07/15/26 10:31:06 Event: ULOG_JOB_TERMINATED for HTCondor Node apply (9401730.430.0) {07/14/26 17:25:49} [recovery mode]
07/15/26 10:31:06 Number of idle job procs: 2
07/15/26 10:31:06 Node apply job proc (9401730.430.0) completed successfully.
07/15/26 10:31:06 Event: ULOG_JOB_TERMINATED for HTCondor Node apply (9401730.489.0) {07/14/26 17:25:53} [recovery mode]
07/15/26 10:31:06 Number of idle job procs: 2
07/15/26 10:31:06 Node apply job proc (9401730.489.0) completed successfully.
07/15/26 10:31:06 Event: ULOG_JOB_TERMINATED for HTCondor Node apply (9401730.458.0) {07/14/26 17:25:54} [recovery mode]
07/15/26 10:31:06 Number of idle job procs: 2
07/15/26 10:31:06 Node apply job proc (9401730.458.0) completed successfully.
07/15/26 10:31:06 Event: ULOG_JOB_TERMINATED for HTCondor Node apply (9401730.429.0) {07/14/26 17:26:18} [recovery mode]
07/15/26 10:31:06 Number of idle job procs: 2
07/15/26 10:31:06 Node apply job proc (9401730.429.0) completed successfully.
07/15/26 10:31:06 Event: ULOG_JOB_TERMINATED for HTCondor Node apply (9401730.57.0) {07/14/26 17:26:24} [recovery mode]
07/15/26 10:31:06 Number of idle job procs: 2
07/15/26 10:31:06 Node apply job proc (9401730.57.0) completed successfully.
07/15/26 10:31:06 Event: ULOG_JOB_TERMINATED for HTCondor Node apply (9401730.434.0) {07/14/26 17:26:33} [recovery mode]
07/15/26 10:31:06 Number of idle job procs: 2
07/15/26 10:31:06 Node apply job proc (9401730.434.0) completed successfully.
07/15/26 10:31:06 Event: ULOG_JOB_TERMINATED for HTCondor Node apply (9401730.340.0) {07/14/26 17:26:42} [recovery mode]
07/15/26 10:31:06 Number of idle job procs: 2
07/15/26 10:31:06 Node apply job proc (9401730.340.0) completed successfully.
07/15/26 10:31:06 Event: ULOG_JOB_TERMINATED for HTCondor Node apply (9401730.460.0) {07/14/26 17:26:43} [recovery mode]
07/15/26 10:31:06 Number of idle job procs: 2
07/15/26 10:31:06 Node apply job proc (9401730.460.0) completed successfully.
07/15/26 10:31:06 Event: ULOG_JOB_TERMINATED for HTCondor Node apply (9401730.342.0) {07/14/26 17:26:50} [recovery mode]
07/15/26 10:31:06 Number of idle job procs: 2
07/15/26 10:31:06 Node apply job proc (9401730.342.0) completed successfully.
07/15/26 10:31:06 Event: ULOG_JOB_TERMINATED for HTCondor Node apply (9401730.440.0) {07/14/26 17:27:02} [recovery mode]
07/15/26 10:31:06 Number of idle job procs: 2
07/15/26 10:31:06 Node apply job proc (9401730.440.0) completed successfully.
07/15/26 10:31:06 Event: ULOG_JOB_TERMINATED for HTCondor Node apply (9401730.431.0) {07/14/26 17:27:09} [recovery mode]
07/15/26 10:31:06 Number of idle job procs: 2
07/15/26 10:31:06 Node apply job proc (9401730.431.0) completed successfully.
07/15/26 10:31:06 Event: ULOG_JOB_TERMINATED for HTCondor Node apply (9401730.158.0) {07/14/26 17:27:12} [recovery mode]
07/15/26 10:31:06 Number of idle job procs: 2
07/15/26 10:31:06 Node apply job proc (9401730.158.0) completed successfully.
07/15/26 10:31:06 Event: ULOG_JOB_TERMINATED for HTCondor Node apply (9401730.351.0) {07/14/26 17:27:14} [recovery mode]
07/15/26 10:31:06 Number of idle job procs: 2
07/15/26 10:31:06 Node apply job proc (9401730.351.0) completed successfully.
07/15/26 10:31:06 Event: ULOG_JOB_TERMINATED for HTCondor Node apply (9401730.242.0) {07/14/26 17:27:16} [recovery mode]
07/15/26 10:31:06 Number of idle job procs: 2
07/15/26 10:31:06 Node apply job proc (9401730.242.0) completed successfully.
07/15/26 10:31:06 Event: ULOG_JOB_TERMINATED for HTCondor Node apply (9401730.271.0) {07/14/26 17:27:26} [recovery mode]
07/15/26 10:31:06 Number of idle job procs: 2
07/15/26 10:31:06 Node apply job proc (9401730.271.0) completed successfully.
07/15/26 10:31:06 Event: ULOG_JOB_TERMINATED for HTCondor Node apply (9401730.456.0) {07/14/26 17:27:31} [recovery mode]
07/15/26 10:31:06 Number of idle job procs: 2
07/15/26 10:31:06 Node apply job proc (9401730.456.0) completed successfully.
07/15/26 10:31:06 Event: ULOG_JOB_TERMINATED for HTCondor Node apply (9401730.355.0) {07/14/26 17:28:06} [recovery mode]
07/15/26 10:31:06 Number of idle job procs: 2
07/15/26 10:31:06 Node apply job proc (9401730.355.0) completed successfully.
07/15/26 10:31:06 Event: ULOG_JOB_TERMINATED for HTCondor Node apply (9401730.247.0) {07/14/26 17:28:39} [recovery mode]
07/15/26 10:31:06 Number of idle job procs: 2
07/15/26 10:31:06 Node apply job proc (9401730.247.0) completed successfully.
07/15/26 10:31:06 Event: ULOG_JOB_TERMINATED for HTCondor Node apply (9401730.276.0) {07/14/26 17:28:59} [recovery mode]
07/15/26 10:31:06 Number of idle job procs: 2
07/15/26 10:31:06 Node apply job proc (9401730.276.0) completed successfully.
07/15/26 10:31:06 Event: ULOG_JOB_TERMINATED for HTCondor Node apply (9401730.452.0) {07/14/26 17:29:09} [recovery mode]
07/15/26 10:31:06 Number of idle job procs: 2
07/15/26 10:31:06 Node apply job proc (9401730.452.0) completed successfully.
07/15/26 10:31:06 Event: ULOG_JOB_TERMINATED for HTCondor Node apply (9401730.215.0) {07/14/26 17:29:10} [recovery mode]
07/15/26 10:31:06 Number of idle job procs: 2
07/15/26 10:31:07 Node apply job proc (9401730.215.0) completed successfully.
07/15/26 10:31:07 Event: ULOG_JOB_TERMINATED for HTCondor Node apply (9401730.256.0) {07/14/26 17:29:29} [recovery mode]
07/15/26 10:31:07 Number of idle job procs: 2
07/15/26 10:31:07 Node apply job proc (9401730.256.0) completed successfully.
07/15/26 10:31:07 Event: ULOG_JOB_TERMINATED for HTCondor Node apply (9401730.56.0) {07/14/26 17:30:43} [recovery mode]
07/15/26 10:31:07 Number of idle job procs: 2
07/15/26 10:31:07 Node apply job proc (9401730.56.0) completed successfully.
07/15/26 10:31:07 Event: ULOG_JOB_TERMINATED for HTCondor Node apply (9401730.357.0) {07/14/26 17:30:45} [recovery mode]
07/15/26 10:31:07 Number of idle job procs: 2
07/15/26 10:31:07 Node apply job proc (9401730.357.0) completed successfully.
07/15/26 10:31:07 Event: ULOG_JOB_TERMINATED for HTCondor Node apply (9401730.343.0) {07/14/26 17:31:52} [recovery mode]
07/15/26 10:31:07 Number of idle job procs: 2
07/15/26 10:31:07 Node apply job proc (9401730.343.0) completed successfully.
07/15/26 10:31:07 Event: ULOG_JOB_TERMINATED for HTCondor Node apply (9401730.76.0) {07/14/26 17:31:52} [recovery mode]
07/15/26 10:31:07 Number of idle job procs: 2
07/15/26 10:31:07 Node apply job proc (9401730.76.0) completed successfully.
07/15/26 10:31:07 Event: ULOG_JOB_TERMINATED for HTCondor Node apply (9401730.483.0) {07/14/26 17:31:52} [recovery mode]
07/15/26 10:31:07 Number of idle job procs: 2
07/15/26 10:31:07 Node apply job proc (9401730.483.0) completed successfully.
07/15/26 10:31:07 Event: ULOG_JOB_TERMINATED for HTCondor Node apply (9401730.99.0) {07/14/26 17:31:53} [recovery mode]
07/15/26 10:31:07 Number of idle job procs: 2
07/15/26 10:31:07 Node apply job proc (9401730.99.0) completed successfully.
07/15/26 10:31:07 Event: ULOG_JOB_TERMINATED for HTCondor Node apply (9401730.169.0) {07/14/26 17:31:53} [recovery mode]
07/15/26 10:31:07 Number of idle job procs: 2
07/15/26 10:31:07 Node apply job proc (9401730.169.0) completed successfully.
07/15/26 10:31:07 Event: ULOG_JOB_TERMINATED for HTCondor Node apply (9401730.446.0) {07/14/26 17:31:53} [recovery mode]
07/15/26 10:31:07 Number of idle job procs: 2
07/15/26 10:31:07 Node apply job proc (9401730.446.0) completed successfully.
07/15/26 10:31:07 Event: ULOG_JOB_TERMINATED for HTCondor Node apply (9401730.199.0) {07/14/26 17:31:54} [recovery mode]
07/15/26 10:31:07 Number of idle job procs: 2
07/15/26 10:31:07 Node apply job proc (9401730.199.0) completed successfully.
07/15/26 10:31:07 Event: ULOG_JOB_TERMINATED for HTCondor Node apply (9401730.115.0) {07/14/26 17:32:15} [recovery mode]
07/15/26 10:31:07 Number of idle job procs: 2
07/15/26 10:31:07 Node apply job proc (9401730.115.0) completed successfully.
07/15/26 10:31:07 Event: ULOG_JOB_TERMINATED for HTCondor Node apply (9401730.60.0) {07/14/26 17:34:36} [recovery mode]
07/15/26 10:31:07 Number of idle job procs: 2
07/15/26 10:31:07 Node apply job proc (9401730.60.0) completed successfully.
07/15/26 10:31:07 Event: ULOG_JOB_TERMINATED for HTCondor Node apply (9401730.361.0) {07/14/26 17:34:37} [recovery mode]
07/15/26 10:31:07 Number of idle job procs: 2
07/15/26 10:31:07 Node apply job proc (9401730.361.0) completed successfully.
07/15/26 10:31:07 Event: ULOG_JOB_TERMINATED for HTCondor Node apply (9401730.183.0) {07/14/26 17:34:47} [recovery mode]
07/15/26 10:31:07 Number of idle job procs: 2
07/15/26 10:31:07 Node apply job proc (9401730.183.0) completed successfully.
07/15/26 10:31:07 Event: ULOG_JOB_TERMINATED for HTCondor Node apply (9401730.186.0) {07/14/26 17:34:54} [recovery mode]
07/15/26 10:31:07 Number of idle job procs: 2
07/15/26 10:31:07 Node apply job proc (9401730.186.0) completed successfully.
07/15/26 10:31:07 Event: ULOG_JOB_TERMINATED for HTCondor Node apply (9401730.341.0) {07/14/26 17:34:55} [recovery mode]
07/15/26 10:31:07 Number of idle job procs: 2
07/15/26 10:31:07 Node apply job proc (9401730.341.0) completed successfully.
07/15/26 10:31:07 Event: ULOG_JOB_TERMINATED for HTCondor Node apply (9401730.67.0) {07/14/26 17:35:03} [recovery mode]
07/15/26 10:31:07 Number of idle job procs: 2
07/15/26 10:31:07 Node apply job proc (9401730.67.0) completed successfully.
07/15/26 10:31:07 Event: ULOG_JOB_TERMINATED for HTCondor Node apply (9401730.280.0) {07/14/26 17:35:14} [recovery mode]
07/15/26 10:31:07 Number of idle job procs: 2
07/15/26 10:31:07 Node apply job proc (9401730.280.0) completed successfully.
07/15/26 10:31:07 Event: ULOG_JOB_TERMINATED for HTCondor Node apply (9401730.241.0) {07/14/26 17:35:16} [recovery mode]
07/15/26 10:31:07 Number of idle job procs: 2
07/15/26 10:31:07 Node apply job proc (9401730.241.0) completed successfully.
07/15/26 10:31:07 Event: ULOG_JOB_TERMINATED for HTCondor Node apply (9401730.47.0) {07/14/26 17:35:19} [recovery mode]
07/15/26 10:31:07 Number of idle job procs: 2
07/15/26 10:31:07 Node apply job proc (9401730.47.0) completed successfully.
07/15/26 10:31:07 Event: ULOG_JOB_TERMINATED for HTCondor Node apply (9401730.326.0) {07/14/26 17:35:27} [recovery mode]
07/15/26 10:31:07 Number of idle job procs: 2
07/15/26 10:31:07 Node apply job proc (9401730.326.0) completed successfully.
07/15/26 10:31:07 Event: ULOG_JOB_TERMINATED for HTCondor Node apply (9401730.64.0) {07/14/26 17:36:10} [recovery mode]
07/15/26 10:31:07 Number of idle job procs: 2
07/15/26 10:31:07 Node apply job proc (9401730.64.0) completed successfully.
07/15/26 10:31:07 Event: ULOG_JOB_TERMINATED for HTCondor Node apply (9401730.83.0) {07/14/26 17:36:35} [recovery mode]
07/15/26 10:31:07 Number of idle job procs: 2
07/15/26 10:31:07 Node apply job proc (9401730.83.0) completed successfully.
07/15/26 10:31:07 Event: ULOG_JOB_TERMINATED for HTCondor Node apply (9401730.332.0) {07/14/26 17:36:53} [recovery mode]
07/15/26 10:31:07 Number of idle job procs: 2
07/15/26 10:31:07 Node apply job proc (9401730.332.0) completed successfully.
07/15/26 10:31:07 Event: ULOG_JOB_TERMINATED for HTCondor Node apply (9401730.310.0) {07/14/26 17:36:54} [recovery mode]
07/15/26 10:31:07 Number of idle job procs: 2
07/15/26 10:31:07 Node apply job proc (9401730.310.0) completed successfully.
07/15/26 10:31:07 Event: ULOG_JOB_TERMINATED for HTCondor Node apply (9401730.187.0) {07/14/26 17:37:58} [recovery mode]
07/15/26 10:31:07 Number of idle job procs: 2
07/15/26 10:31:07 Node apply job proc (9401730.187.0) completed successfully.
07/15/26 10:31:07 Event: ULOG_JOB_TERMINATED for HTCondor Node apply (9401730.58.0) {07/14/26 17:38:07} [recovery mode]
07/15/26 10:31:07 Number of idle job procs: 2
07/15/26 10:31:07 Node apply job proc (9401730.58.0) completed successfully.
07/15/26 10:31:07 Event: ULOG_JOB_TERMINATED for HTCondor Node apply (9401730.383.0) {07/14/26 17:38:44} [recovery mode]
07/15/26 10:31:07 Number of idle job procs: 2
07/15/26 10:31:07 Node apply job proc (9401730.383.0) completed successfully.
07/15/26 10:31:07 Event: ULOG_EXECUTE for HTCondor Node apply (9401730.437.0) {07/14/26 17:39:28} [recovery mode]
07/15/26 10:31:07 Number of idle job procs: 1
07/15/26 10:31:07 Event: ULOG_JOB_TERMINATED for HTCondor Node apply (9401730.464.0) {07/14/26 17:39:33} [recovery mode]
07/15/26 10:31:07 Number of idle job procs: 1
07/15/26 10:31:07 Node apply job proc (9401730.464.0) completed successfully.
07/15/26 10:31:07 Event: ULOG_EXECUTE for HTCondor Node apply (9401730.442.0) {07/14/26 17:39:49} [recovery mode]
07/15/26 10:31:07 Number of idle job procs: 0
07/15/26 10:31:07 Event: ULOG_JOB_TERMINATED for HTCondor Node apply (9401730.437.0) {07/14/26 17:39:53} [recovery mode]
07/15/26 10:31:07 Number of idle job procs: 0
07/15/26 10:31:07 Node apply job proc (9401730.437.0) completed successfully.
07/15/26 10:31:07 Event: ULOG_JOB_TERMINATED for HTCondor Node apply (9401730.487.0) {07/14/26 17:40:04} [recovery mode]
07/15/26 10:31:07 Number of idle job procs: 0
07/15/26 10:31:07 Node apply job proc (9401730.487.0) completed successfully.
07/15/26 10:31:07 Event: ULOG_JOB_TERMINATED for HTCondor Node apply (9401730.180.0) {07/14/26 17:40:10} [recovery mode]
07/15/26 10:31:07 Number of idle job procs: 0
07/15/26 10:31:07 Node apply job proc (9401730.180.0) completed successfully.
07/15/26 10:31:07 Event: ULOG_JOB_TERMINATED for HTCondor Node apply (9401730.421.0) {07/14/26 17:40:10} [recovery mode]
07/15/26 10:31:07 Number of idle job procs: 0
07/15/26 10:31:07 Node apply job proc (9401730.421.0) completed successfully.
07/15/26 10:31:07 Event: ULOG_JOB_TERMINATED for HTCondor Node apply (9401730.356.0) {07/14/26 17:41:10} [recovery mode]
07/15/26 10:31:07 Number of idle job procs: 0
07/15/26 10:31:07 Node apply job proc (9401730.356.0) completed successfully.
07/15/26 10:31:07 Event: ULOG_JOB_TERMINATED for HTCondor Node apply (9401730.261.0) {07/14/26 17:41:25} [recovery mode]
07/15/26 10:31:07 Number of idle job procs: 0
07/15/26 10:31:07 Node apply job proc (9401730.261.0) completed successfully.
07/15/26 10:31:07 Event: ULOG_JOB_TERMINATED for HTCondor Node apply (9401730.348.0) {07/14/26 17:41:50} [recovery mode]
07/15/26 10:31:07 Number of idle job procs: 0
07/15/26 10:31:07 Node apply job proc (9401730.348.0) completed successfully.
07/15/26 10:31:07 Event: ULOG_JOB_TERMINATED for HTCondor Node apply (9401730.410.0) {07/14/26 17:42:09} [recovery mode]
07/15/26 10:31:07 Number of idle job procs: 0
07/15/26 10:31:07 Node apply job proc (9401730.410.0) completed successfully.
07/15/26 10:31:07 Event: ULOG_JOB_TERMINATED for HTCondor Node apply (9401730.360.0) {07/14/26 17:42:58} [recovery mode]
07/15/26 10:31:07 Number of idle job procs: 0
07/15/26 10:31:07 Node apply job proc (9401730.360.0) completed successfully.
07/15/26 10:31:07 Event: ULOG_JOB_TERMINATED for HTCondor Node apply (9401730.499.0) {07/14/26 17:43:00} [recovery mode]
07/15/26 10:31:07 Number of idle job procs: 0
07/15/26 10:31:07 Node apply job proc (9401730.499.0) completed successfully.
07/15/26 10:31:07 Event: ULOG_JOB_TERMINATED for HTCondor Node apply (9401730.442.0) {07/14/26 17:43:23} [recovery mode]
07/15/26 10:31:07 Number of idle job procs: 0
07/15/26 10:31:07 Node apply job proc (9401730.442.0) completed successfully.
07/15/26 10:31:07 Event: ULOG_JOB_TERMINATED for HTCondor Node apply (9401730.388.0) {07/14/26 17:43:44} [recovery mode]
07/15/26 10:31:07 Number of idle job procs: 0
07/15/26 10:31:07 Node apply job proc (9401730.388.0) completed successfully.
07/15/26 10:31:07 Event: ULOG_JOB_TERMINATED for HTCondor Node apply (9401730.248.0) {07/14/26 17:44:17} [recovery mode]
07/15/26 10:31:07 Number of idle job procs: 0
07/15/26 10:31:07 Node apply job proc (9401730.248.0) completed successfully.
07/15/26 10:31:07 Event: ULOG_JOB_TERMINATED for HTCondor Node apply (9401730.376.0) {07/14/26 17:44:29} [recovery mode]
07/15/26 10:31:07 Number of idle job procs: 0
07/15/26 10:31:07 Node apply job proc (9401730.376.0) completed successfully.
07/15/26 10:31:07 Event: ULOG_JOB_TERMINATED for HTCondor Node apply (9401730.471.0) {07/14/26 17:45:51} [recovery mode]
07/15/26 10:31:07 Number of idle job procs: 0
07/15/26 10:31:07 Node apply job proc (9401730.471.0) completed successfully.
07/15/26 10:31:07 Event: ULOG_JOB_TERMINATED for HTCondor Node apply (9401730.109.0) {07/14/26 17:46:19} [recovery mode]
07/15/26 10:31:07 Number of idle job procs: 0
07/15/26 10:31:07 Node apply job proc (9401730.109.0) completed successfully.
07/15/26 10:31:07 Event: ULOG_JOB_TERMINATED for HTCondor Node apply (9401730.399.0) {07/14/26 17:46:24} [recovery mode]
07/15/26 10:31:07 Number of idle job procs: 0
07/15/26 10:31:07 Node apply job proc (9401730.399.0) completed successfully.
07/15/26 10:31:07 Event: ULOG_JOB_TERMINATED for HTCondor Node apply (9401730.184.0) {07/14/26 17:46:34} [recovery mode]
07/15/26 10:31:07 Number of idle job procs: 0
07/15/26 10:31:07 Node apply job proc (9401730.184.0) completed successfully.
07/15/26 10:31:07 Event: ULOG_JOB_TERMINATED for HTCondor Node apply (9401730.243.0) {07/14/26 17:46:35} [recovery mode]
07/15/26 10:31:07 Number of idle job procs: 0
07/15/26 10:31:07 Node apply job proc (9401730.243.0) completed successfully.
07/15/26 10:31:07 Event: ULOG_JOB_TERMINATED for HTCondor Node apply (9401730.147.0) {07/14/26 17:47:20} [recovery mode]
07/15/26 10:31:07 Number of idle job procs: 0
07/15/26 10:31:07 Node apply job proc (9401730.147.0) completed successfully.
07/15/26 10:31:07 Event: ULOG_JOB_TERMINATED for HTCondor Node apply (9401730.164.0) {07/14/26 17:47:28} [recovery mode]
07/15/26 10:31:07 Number of idle job procs: 0
07/15/26 10:31:07 Node apply job proc (9401730.164.0) completed successfully.
07/15/26 10:31:07 Event: ULOG_JOB_TERMINATED for HTCondor Node apply (9401730.371.0) {07/14/26 17:47:45} [recovery mode]
07/15/26 10:31:07 Number of idle job procs: 0
07/15/26 10:31:07 Node apply job proc (9401730.371.0) completed successfully.
07/15/26 10:31:07 Event: ULOG_JOB_TERMINATED for HTCondor Node apply (9401730.161.0) {07/14/26 17:47:59} [recovery mode]
07/15/26 10:31:07 Number of idle job procs: 0
07/15/26 10:31:07 Node apply job proc (9401730.161.0) completed successfully.
07/15/26 10:31:07 Event: ULOG_JOB_TERMINATED for HTCondor Node apply (9401730.10.0) {07/14/26 17:48:07} [recovery mode]
07/15/26 10:31:07 Number of idle job procs: 0
07/15/26 10:31:07 Node apply job proc (9401730.10.0) completed successfully.
07/15/26 10:31:07 Event: ULOG_JOB_TERMINATED for HTCondor Node apply (9401730.363.0) {07/14/26 17:48:11} [recovery mode]
07/15/26 10:31:07 Number of idle job procs: 0
07/15/26 10:31:07 Node apply job proc (9401730.363.0) completed successfully.
07/15/26 10:31:07 Event: ULOG_JOB_TERMINATED for HTCondor Node apply (9401730.171.0) {07/14/26 17:48:13} [recovery mode]
07/15/26 10:31:07 Number of idle job procs: 0
07/15/26 10:31:07 Node apply job proc (9401730.171.0) completed successfully.
07/15/26 10:31:07 Event: ULOG_JOB_TERMINATED for HTCondor Node apply (9401730.386.0) {07/14/26 17:48:27} [recovery mode]
07/15/26 10:31:07 Number of idle job procs: 0
07/15/26 10:31:07 Node apply job proc (9401730.386.0) completed successfully.
07/15/26 10:31:07 Event: ULOG_JOB_TERMINATED for HTCondor Node apply (9401730.16.0) {07/14/26 17:48:31} [recovery mode]
07/15/26 10:31:08 Number of idle job procs: 0
07/15/26 10:31:08 Node apply job proc (9401730.16.0) completed successfully.
07/15/26 10:31:08 Event: ULOG_JOB_TERMINATED for HTCondor Node apply (9401730.309.0) {07/14/26 17:48:55} [recovery mode]
07/15/26 10:31:08 Number of idle job procs: 0
07/15/26 10:31:08 Node apply job proc (9401730.309.0) completed successfully.
07/15/26 10:31:08 Event: ULOG_JOB_TERMINATED for HTCondor Node apply (9401730.260.0) {07/14/26 17:49:28} [recovery mode]
07/15/26 10:31:08 Number of idle job procs: 0
07/15/26 10:31:08 Node apply job proc (9401730.260.0) completed successfully.
07/15/26 10:31:08 Event: ULOG_JOB_TERMINATED for HTCondor Node apply (9401730.384.0) {07/14/26 17:49:53} [recovery mode]
07/15/26 10:31:08 Number of idle job procs: 0
07/15/26 10:31:08 Node apply job proc (9401730.384.0) completed successfully.
07/15/26 10:31:08 Event: ULOG_JOB_TERMINATED for HTCondor Node apply (9401730.116.0) {07/14/26 17:50:09} [recovery mode]
07/15/26 10:31:08 Number of idle job procs: 0
07/15/26 10:31:08 Node apply job proc (9401730.116.0) completed successfully.
07/15/26 10:31:08 Event: ULOG_JOB_TERMINATED for HTCondor Node apply (9401730.441.0) {07/14/26 17:50:19} [recovery mode]
07/15/26 10:31:08 Number of idle job procs: 0
07/15/26 10:31:08 Node apply job proc (9401730.441.0) completed successfully.
07/15/26 10:31:08 Event: ULOG_JOB_TERMINATED for HTCondor Node apply (9401730.428.0) {07/14/26 17:50:28} [recovery mode]
07/15/26 10:31:08 Number of idle job procs: 0
07/15/26 10:31:08 Node apply job proc (9401730.428.0) completed successfully.
07/15/26 10:31:08 Event: ULOG_JOB_TERMINATED for HTCondor Node apply (9401730.364.0) {07/14/26 17:50:40} [recovery mode]
07/15/26 10:31:08 Number of idle job procs: 0
07/15/26 10:31:08 Node apply job proc (9401730.364.0) completed successfully.
07/15/26 10:31:08 Event: ULOG_JOB_TERMINATED for HTCondor Node apply (9401730.132.0) {07/14/26 17:50:56} [recovery mode]
07/15/26 10:31:08 Number of idle job procs: 0
07/15/26 10:31:08 Node apply job proc (9401730.132.0) completed successfully.
07/15/26 10:31:08 Event: ULOG_JOB_TERMINATED for HTCondor Node apply (9401730.12.0) {07/14/26 17:53:36} [recovery mode]
07/15/26 10:31:08 Number of idle job procs: 0
07/15/26 10:31:08 Node apply job proc (9401730.12.0) completed successfully.
07/15/26 10:31:08 Event: ULOG_JOB_TERMINATED for HTCondor Node apply (9401730.7.0) {07/14/26 17:53:36} [recovery mode]
07/15/26 10:31:08 Number of idle job procs: 0
07/15/26 10:31:08 Node apply job proc (9401730.7.0) completed successfully.
07/15/26 10:31:08 Event: ULOG_JOB_TERMINATED for HTCondor Node apply (9401730.160.0) {07/14/26 17:53:37} [recovery mode]
07/15/26 10:31:08 Number of idle job procs: 0
07/15/26 10:31:08 Node apply job proc (9401730.160.0) completed successfully.
07/15/26 10:31:08 Event: ULOG_JOB_TERMINATED for HTCondor Node apply (9401730.210.0) {07/14/26 17:53:39} [recovery mode]
07/15/26 10:31:08 Number of idle job procs: 0
07/15/26 10:31:08 Node apply job proc (9401730.210.0) completed successfully.
07/15/26 10:31:08 Event: ULOG_JOB_TERMINATED for HTCondor Node apply (9401730.80.0) {07/14/26 17:53:39} [recovery mode]
07/15/26 10:31:08 Number of idle job procs: 0
07/15/26 10:31:08 Node apply job proc (9401730.80.0) completed successfully.
07/15/26 10:31:08 Event: ULOG_JOB_TERMINATED for HTCondor Node apply (9401730.221.0) {07/14/26 17:53:41} [recovery mode]
07/15/26 10:31:08 Number of idle job procs: 0
07/15/26 10:31:08 Node apply job proc (9401730.221.0) completed successfully.
07/15/26 10:31:08 Event: ULOG_JOB_TERMINATED for HTCondor Node apply (9401730.48.0) {07/14/26 17:53:41} [recovery mode]
07/15/26 10:31:08 Number of idle job procs: 0
07/15/26 10:31:08 Node apply job proc (9401730.48.0) completed successfully.
07/15/26 10:31:08 Event: ULOG_JOB_TERMINATED for HTCondor Node apply (9401730.387.0) {07/14/26 17:53:47} [recovery mode]
07/15/26 10:31:08 Number of idle job procs: 0
07/15/26 10:31:08 Node apply job proc (9401730.387.0) completed successfully.
07/15/26 10:31:08 Event: ULOG_JOB_TERMINATED for HTCondor Node apply (9401730.347.0) {07/14/26 17:53:47} [recovery mode]
07/15/26 10:31:08 Number of idle job procs: 0
07/15/26 10:31:08 Node apply job proc (9401730.347.0) completed successfully.
07/15/26 10:31:08 Event: ULOG_JOB_TERMINATED for HTCondor Node apply (9401730.415.0) {07/14/26 17:53:54} [recovery mode]
07/15/26 10:31:08 Number of idle job procs: 0
07/15/26 10:31:08 Node apply job proc (9401730.415.0) completed successfully.
07/15/26 10:31:08 Event: ULOG_JOB_TERMINATED for HTCondor Node apply (9401730.299.0) {07/14/26 17:54:20} [recovery mode]
07/15/26 10:31:08 Number of idle job procs: 0
07/15/26 10:31:08 Node apply job proc (9401730.299.0) completed successfully.
07/15/26 10:31:08 Event: ULOG_JOB_TERMINATED for HTCondor Node apply (9401730.461.0) {07/14/26 17:54:52} [recovery mode]
07/15/26 10:31:08 Number of idle job procs: 0
07/15/26 10:31:08 Node apply job proc (9401730.461.0) completed successfully.
07/15/26 10:31:08 Event: ULOG_JOB_TERMINATED for HTCondor Node apply (9401730.43.0) {07/14/26 17:54:54} [recovery mode]
07/15/26 10:31:08 Number of idle job procs: 0
07/15/26 10:31:08 Node apply job proc (9401730.43.0) completed successfully.
07/15/26 10:31:08 Event: ULOG_JOB_TERMINATED for HTCondor Node apply (9401730.443.0) {07/14/26 17:54:54} [recovery mode]
07/15/26 10:31:08 Number of idle job procs: 0
07/15/26 10:31:08 Node apply job proc (9401730.443.0) completed successfully.
07/15/26 10:31:08 Event: ULOG_JOB_TERMINATED for HTCondor Node apply (9401730.232.0) {07/14/26 17:54:54} [recovery mode]
07/15/26 10:31:08 Number of idle job procs: 0
07/15/26 10:31:08 Node apply job proc (9401730.232.0) completed successfully.
07/15/26 10:31:08 Event: ULOG_JOB_TERMINATED for HTCondor Node apply (9401730.484.0) {07/14/26 17:54:57} [recovery mode]
07/15/26 10:31:08 Number of idle job procs: 0
07/15/26 10:31:08 Node apply job proc (9401730.484.0) completed successfully.
07/15/26 10:31:08 Event: ULOG_JOB_TERMINATED for HTCondor Node apply (9401730.448.0) {07/14/26 17:55:03} [recovery mode]
07/15/26 10:31:08 Number of idle job procs: 0
07/15/26 10:31:08 Node apply job proc (9401730.448.0) completed successfully.
07/15/26 10:31:08 Event: ULOG_JOB_TERMINATED for HTCondor Node apply (9401730.283.0) {07/14/26 17:55:05} [recovery mode]
07/15/26 10:31:08 Number of idle job procs: 0
07/15/26 10:31:08 Node apply job proc (9401730.283.0) completed successfully.
07/15/26 10:31:08 Event: ULOG_JOB_TERMINATED for HTCondor Node apply (9401730.41.0) {07/14/26 17:55:20} [recovery mode]
07/15/26 10:31:08 Number of idle job procs: 0
07/15/26 10:31:08 Node apply job proc (9401730.41.0) completed successfully.
07/15/26 10:31:08 Event: ULOG_JOB_TERMINATED for HTCondor Node apply (9401730.486.0) {07/14/26 17:55:42} [recovery mode]
07/15/26 10:31:08 Number of idle job procs: 0
07/15/26 10:31:08 Node apply job proc (9401730.486.0) completed successfully.
07/15/26 10:31:08 Event: ULOG_JOB_TERMINATED for HTCondor Node apply (9401730.118.0) {07/14/26 17:56:05} [recovery mode]
07/15/26 10:31:08 Number of idle job procs: 0
07/15/26 10:31:08 Node apply job proc (9401730.118.0) completed successfully.
07/15/26 10:31:08 Event: ULOG_JOB_TERMINATED for HTCondor Node apply (9401730.284.0) {07/14/26 17:56:05} [recovery mode]
07/15/26 10:31:08 Number of idle job procs: 0
07/15/26 10:31:08 Node apply job proc (9401730.284.0) completed successfully.
07/15/26 10:31:08 Event: ULOG_JOB_TERMINATED for HTCondor Node apply (9401730.447.0) {07/14/26 17:56:15} [recovery mode]
07/15/26 10:31:08 Number of idle job procs: 0
07/15/26 10:31:08 Node apply job proc (9401730.447.0) completed successfully.
07/15/26 10:31:08 Event: ULOG_JOB_TERMINATED for HTCondor Node apply (9401730.480.0) {07/14/26 17:57:02} [recovery mode]
07/15/26 10:31:08 Number of idle job procs: 0
07/15/26 10:31:08 Node apply job proc (9401730.480.0) completed successfully.
07/15/26 10:31:08 Event: ULOG_JOB_TERMINATED for HTCondor Node apply (9401730.106.0) {07/14/26 17:57:37} [recovery mode]
07/15/26 10:31:08 Number of idle job procs: 0
07/15/26 10:31:08 Node apply job proc (9401730.106.0) completed successfully.
07/15/26 10:31:08 Event: ULOG_JOB_TERMINATED for HTCondor Node apply (9401730.408.0) {07/14/26 17:57:43} [recovery mode]
07/15/26 10:31:08 Number of idle job procs: 0
07/15/26 10:31:08 Node apply job proc (9401730.408.0) completed successfully.
07/15/26 10:31:08 Event: ULOG_JOB_TERMINATED for HTCondor Node apply (9401730.258.0) {07/14/26 17:57:59} [recovery mode]
07/15/26 10:31:08 Number of idle job procs: 0
07/15/26 10:31:08 Node apply job proc (9401730.258.0) completed successfully.
07/15/26 10:31:08 Event: ULOG_JOB_TERMINATED for HTCondor Node apply (9401730.63.0) {07/14/26 17:58:38} [recovery mode]
07/15/26 10:31:08 Number of idle job procs: 0
07/15/26 10:31:08 Node apply job proc (9401730.63.0) completed successfully.
07/15/26 10:31:08 Event: ULOG_JOB_TERMINATED for HTCondor Node apply (9401730.108.0) {07/14/26 17:58:43} [recovery mode]
07/15/26 10:31:08 Number of idle job procs: 0
07/15/26 10:31:08 Node apply job proc (9401730.108.0) completed successfully.
07/15/26 10:31:08 Event: ULOG_JOB_TERMINATED for HTCondor Node apply (9401730.266.0) {07/14/26 17:58:56} [recovery mode]
07/15/26 10:31:08 Number of idle job procs: 0
07/15/26 10:31:08 Node apply job proc (9401730.266.0) completed successfully.
07/15/26 10:31:08 Event: ULOG_JOB_TERMINATED for HTCondor Node apply (9401730.66.0) {07/14/26 18:00:03} [recovery mode]
07/15/26 10:31:08 Number of idle job procs: 0
07/15/26 10:31:08 Node apply job proc (9401730.66.0) completed successfully.
07/15/26 10:31:08 Event: ULOG_JOB_TERMINATED for HTCondor Node apply (9401730.87.0) {07/14/26 18:00:09} [recovery mode]
07/15/26 10:31:08 Number of idle job procs: 0
07/15/26 10:31:08 Node apply job proc (9401730.87.0) completed successfully.
07/15/26 10:31:08 Event: ULOG_JOB_TERMINATED for HTCondor Node apply (9401730.315.0) {07/14/26 18:00:12} [recovery mode]
07/15/26 10:31:08 Number of idle job procs: 0
07/15/26 10:31:08 Node apply job proc (9401730.315.0) completed successfully.
07/15/26 10:31:08 Event: ULOG_JOB_TERMINATED for HTCondor Node apply (9401730.264.0) {07/14/26 18:00:58} [recovery mode]
07/15/26 10:31:08 Number of idle job procs: 0
07/15/26 10:31:08 Node apply job proc (9401730.264.0) completed successfully.
07/15/26 10:31:08 Event: ULOG_JOB_TERMINATED for HTCondor Node apply (9401730.119.0) {07/14/26 18:01:09} [recovery mode]
07/15/26 10:31:08 Number of idle job procs: 0
07/15/26 10:31:08 Node apply job proc (9401730.119.0) completed successfully.
07/15/26 10:31:08 Event: ULOG_JOB_TERMINATED for HTCondor Node apply (9401730.288.0) {07/14/26 18:01:10} [recovery mode]
07/15/26 10:31:08 Number of idle job procs: 0
07/15/26 10:31:08 Node apply job proc (9401730.288.0) completed successfully.
07/15/26 10:31:08 Event: ULOG_JOB_TERMINATED for HTCondor Node apply (9401730.8.0) {07/14/26 18:01:33} [recovery mode]
07/15/26 10:31:08 Number of idle job procs: 0
07/15/26 10:31:08 Node apply job proc (9401730.8.0) completed successfully.
07/15/26 10:31:08 Event: ULOG_JOB_TERMINATED for HTCondor Node apply (9401730.432.0) {07/14/26 18:02:40} [recovery mode]
07/15/26 10:31:08 Number of idle job procs: 0
07/15/26 10:31:08 Node apply job proc (9401730.432.0) completed successfully.
07/15/26 10:31:08 Event: ULOG_JOB_TERMINATED for HTCondor Node apply (9401730.319.0) {07/14/26 18:03:23} [recovery mode]
07/15/26 10:31:08 Number of idle job procs: 0
07/15/26 10:31:08 Node apply job proc (9401730.319.0) completed successfully.
07/15/26 10:31:08 Event: ULOG_JOB_TERMINATED for HTCondor Node apply (9401730.402.0) {07/14/26 18:04:26} [recovery mode]
07/15/26 10:31:08 Number of idle job procs: 0
07/15/26 10:31:08 Node apply job proc (9401730.402.0) completed successfully.
07/15/26 10:31:08 Event: ULOG_JOB_TERMINATED for HTCondor Node apply (9401730.485.0) {07/14/26 18:04:59} [recovery mode]
07/15/26 10:31:08 Number of idle job procs: 0
07/15/26 10:31:08 Node apply job proc (9401730.485.0) completed successfully.
07/15/26 10:31:08 Event: ULOG_JOB_TERMINATED for HTCondor Node apply (9401730.366.0) {07/14/26 18:05:11} [recovery mode]
07/15/26 10:31:08 Number of idle job procs: 0
07/15/26 10:31:08 Node apply job proc (9401730.366.0) completed successfully.
07/15/26 10:31:08 Event: ULOG_JOB_TERMINATED for HTCondor Node apply (9401730.465.0) {07/14/26 18:06:24} [recovery mode]
07/15/26 10:31:08 Number of idle job procs: 0
07/15/26 10:31:08 Node apply job proc (9401730.465.0) completed successfully.
07/15/26 10:31:08 Event: ULOG_JOB_TERMINATED for HTCondor Node apply (9401730.86.0) {07/14/26 18:07:10} [recovery mode]
07/15/26 10:31:08 Number of idle job procs: 0
07/15/26 10:31:08 Node apply job proc (9401730.86.0) completed successfully.
07/15/26 10:31:09 Event: ULOG_JOB_TERMINATED for HTCondor Node apply (9401730.416.0) {07/14/26 18:07:13} [recovery mode]
07/15/26 10:31:09 Number of idle job procs: 0
07/15/26 10:31:09 Node apply job proc (9401730.416.0) completed successfully.
07/15/26 10:31:09 Event: ULOG_JOB_TERMINATED for HTCondor Node apply (9401730.148.0) {07/14/26 18:07:26} [recovery mode]
07/15/26 10:31:09 Number of idle job procs: 0
07/15/26 10:31:09 Node apply job proc (9401730.148.0) completed successfully.
07/15/26 10:31:09 Event: ULOG_JOB_TERMINATED for HTCondor Node apply (9401730.358.0) {07/14/26 18:08:13} [recovery mode]
07/15/26 10:31:09 Number of idle job procs: 0
07/15/26 10:31:09 Node apply job proc (9401730.358.0) completed successfully.
07/15/26 10:31:09 Event: ULOG_JOB_TERMINATED for HTCondor Node apply (9401730.412.0) {07/14/26 18:09:22} [recovery mode]
07/15/26 10:31:09 Number of idle job procs: 0
07/15/26 10:31:09 Node apply job proc (9401730.412.0) completed successfully.
07/15/26 10:31:09 Event: ULOG_JOB_TERMINATED for HTCondor Node apply (9401730.20.0) {07/14/26 18:10:34} [recovery mode]
07/15/26 10:31:09 Number of idle job procs: 0
07/15/26 10:31:09 Node apply job proc (9401730.20.0) completed successfully.
07/15/26 10:31:09 Event: ULOG_JOB_TERMINATED for HTCondor Node apply (9401730.263.0) {07/14/26 18:10:47} [recovery mode]
07/15/26 10:31:09 Number of idle job procs: 0
07/15/26 10:31:09 Node apply job proc (9401730.263.0) completed successfully.
07/15/26 10:31:09 Event: ULOG_JOB_TERMINATED for HTCondor Node apply (9401730.287.0) {07/14/26 18:11:17} [recovery mode]
07/15/26 10:31:09 Number of idle job procs: 0
07/15/26 10:31:09 Node apply job proc (9401730.287.0) completed successfully.
07/15/26 10:31:09 Event: ULOG_JOB_TERMINATED for HTCondor Node apply (9401730.385.0) {07/14/26 18:11:18} [recovery mode]
07/15/26 10:31:09 Number of idle job procs: 0
07/15/26 10:31:09 Node apply job proc (9401730.385.0) completed successfully.
07/15/26 10:31:09 Event: ULOG_JOB_TERMINATED for HTCondor Node apply (9401730.85.0) {07/14/26 18:12:23} [recovery mode]
07/15/26 10:31:09 Number of idle job procs: 0
07/15/26 10:31:09 Node apply job proc (9401730.85.0) completed successfully.
07/15/26 10:31:09 Event: ULOG_JOB_TERMINATED for HTCondor Node apply (9401730.409.0) {07/14/26 18:12:53} [recovery mode]
07/15/26 10:31:09 Number of idle job procs: 0
07/15/26 10:31:09 Node apply job proc (9401730.409.0) completed successfully.
07/15/26 10:31:09 Event: ULOG_JOB_TERMINATED for HTCondor Node apply (9401730.406.0) {07/14/26 18:14:21} [recovery mode]
07/15/26 10:31:09 Number of idle job procs: 0
07/15/26 10:31:09 Node apply job proc (9401730.406.0) completed successfully.
07/15/26 10:31:09 Event: ULOG_JOB_TERMINATED for HTCondor Node apply (9401730.9.0) {07/14/26 18:14:55} [recovery mode]
07/15/26 10:31:09 Number of idle job procs: 0
07/15/26 10:31:09 Node apply job proc (9401730.9.0) completed successfully.
07/15/26 10:31:09 Event: ULOG_JOB_TERMINATED for HTCondor Node apply (9401730.185.0) {07/14/26 18:15:22} [recovery mode]
07/15/26 10:31:09 Number of idle job procs: 0
07/15/26 10:31:09 Node apply job proc (9401730.185.0) completed successfully.
07/15/26 10:31:09 Event: ULOG_JOB_TERMINATED for HTCondor Node apply (9401730.212.0) {07/14/26 18:16:05} [recovery mode]
07/15/26 10:31:09 Number of idle job procs: 0
07/15/26 10:31:09 Node apply job proc (9401730.212.0) completed successfully.
07/15/26 10:31:09 Event: ULOG_JOB_TERMINATED for HTCondor Node apply (9401730.209.0) {07/14/26 18:16:06} [recovery mode]
07/15/26 10:31:09 Number of idle job procs: 0
07/15/26 10:31:09 Node apply job proc (9401730.209.0) completed successfully.
07/15/26 10:31:09 Event: ULOG_JOB_TERMINATED for HTCondor Node apply (9401730.307.0) {07/14/26 18:16:12} [recovery mode]
07/15/26 10:31:09 Number of idle job procs: 0
07/15/26 10:31:09 Node apply job proc (9401730.307.0) completed successfully.
07/15/26 10:31:09 Event: ULOG_JOB_TERMINATED for HTCondor Node apply (9401730.444.0) {07/14/26 18:17:54} [recovery mode]
07/15/26 10:31:09 Number of idle job procs: 0
07/15/26 10:31:09 Node apply job proc (9401730.444.0) completed successfully.
07/15/26 10:31:09 Event: ULOG_JOB_TERMINATED for HTCondor Node apply (9401730.368.0) {07/14/26 18:18:53} [recovery mode]
07/15/26 10:31:09 Number of idle job procs: 0
07/15/26 10:31:09 Node apply job proc (9401730.368.0) completed successfully.
07/15/26 10:31:09 Event: ULOG_JOB_TERMINATED for HTCondor Node apply (9401730.419.0) {07/14/26 18:19:22} [recovery mode]
07/15/26 10:31:09 Number of idle job procs: 0
07/15/26 10:31:09 Node apply job proc (9401730.419.0) completed successfully.
07/15/26 10:31:09 Event: ULOG_JOB_TERMINATED for HTCondor Node apply (9401730.286.0) {07/14/26 18:19:52} [recovery mode]
07/15/26 10:31:09 Number of idle job procs: 0
07/15/26 10:31:09 Node apply job proc (9401730.286.0) completed successfully.
07/15/26 10:31:09 Event: ULOG_JOB_TERMINATED for HTCondor Node apply (9401730.18.0) {07/14/26 18:20:12} [recovery mode]
07/15/26 10:31:09 Number of idle job procs: 0
07/15/26 10:31:09 Node apply job proc (9401730.18.0) completed successfully.
07/15/26 10:31:09 Event: ULOG_JOB_TERMINATED for HTCondor Node apply (9401730.268.0) {07/14/26 18:20:42} [recovery mode]
07/15/26 10:31:09 Number of idle job procs: 0
07/15/26 10:31:09 Node apply job proc (9401730.268.0) completed successfully.
07/15/26 10:31:09 Event: ULOG_JOB_TERMINATED for HTCondor Node apply (9401730.300.0) {07/14/26 18:20:47} [recovery mode]
07/15/26 10:31:09 Number of idle job procs: 0
07/15/26 10:31:09 Node apply job proc (9401730.300.0) completed successfully.
07/15/26 10:31:09 Event: ULOG_JOB_TERMINATED for HTCondor Node apply (9401730.306.0) {07/14/26 18:21:12} [recovery mode]
07/15/26 10:31:09 Number of idle job procs: 0
07/15/26 10:31:09 Node apply job proc (9401730.306.0) completed successfully.
07/15/26 10:31:09 Event: ULOG_JOB_TERMINATED for HTCondor Node apply (9401730.44.0) {07/14/26 18:21:47} [recovery mode]
07/15/26 10:31:09 Number of idle job procs: 0
07/15/26 10:31:09 Node apply job proc (9401730.44.0) completed successfully.
07/15/26 10:31:09 Event: ULOG_JOB_TERMINATED for HTCondor Node apply (9401730.6.0) {07/14/26 18:21:48} [recovery mode]
07/15/26 10:31:09 Number of idle job procs: 0
07/15/26 10:31:09 Node apply job proc (9401730.6.0) completed successfully.
07/15/26 10:31:09 Event: ULOG_JOB_TERMINATED for HTCondor Node apply (9401730.219.0) {07/14/26 18:22:05} [recovery mode]
07/15/26 10:31:09 Number of idle job procs: 0
07/15/26 10:31:09 Node apply job proc (9401730.219.0) completed successfully.
07/15/26 10:31:09 Event: ULOG_JOB_TERMINATED for HTCondor Node apply (9401730.285.0) {07/14/26 18:22:47} [recovery mode]
07/15/26 10:31:09 Number of idle job procs: 0
07/15/26 10:31:09 Node apply job proc (9401730.285.0) completed successfully.
07/15/26 10:31:09 Event: ULOG_JOB_TERMINATED for HTCondor Node apply (9401730.117.0) {07/14/26 18:22:57} [recovery mode]
07/15/26 10:31:09 Number of idle job procs: 0
07/15/26 10:31:09 Node apply job proc (9401730.117.0) completed successfully.
07/15/26 10:31:09 Event: ULOG_JOB_TERMINATED for HTCondor Node apply (9401730.302.0) {07/14/26 18:23:01} [recovery mode]
07/15/26 10:31:09 Number of idle job procs: 0
07/15/26 10:31:09 Node apply job proc (9401730.302.0) completed successfully.
07/15/26 10:31:09 Event: ULOG_JOB_TERMINATED for HTCondor Node apply (9401730.407.0) {07/14/26 18:24:04} [recovery mode]
07/15/26 10:31:09 Number of idle job procs: 0
07/15/26 10:31:09 Node apply job proc (9401730.407.0) completed successfully.
07/15/26 10:31:09 Event: ULOG_JOB_TERMINATED for HTCondor Node apply (9401730.120.0) {07/14/26 18:24:26} [recovery mode]
07/15/26 10:31:09 Number of idle job procs: 0
07/15/26 10:31:09 Node apply job proc (9401730.120.0) completed successfully.
07/15/26 10:31:09 Event: ULOG_JOB_TERMINATED for HTCondor Node apply (9401730.112.0) {07/14/26 18:24:42} [recovery mode]
07/15/26 10:31:09 Number of idle job procs: 0
07/15/26 10:31:09 Node apply job proc (9401730.112.0) completed successfully.
07/15/26 10:31:09 Event: ULOG_JOB_TERMINATED for HTCondor Node apply (9401730.380.0) {07/14/26 18:26:03} [recovery mode]
07/15/26 10:31:09 Number of idle job procs: 0
07/15/26 10:31:09 Node apply job proc (9401730.380.0) completed successfully.
07/15/26 10:31:09 Event: ULOG_JOB_TERMINATED for HTCondor Node apply (9401730.281.0) {07/14/26 18:26:08} [recovery mode]
07/15/26 10:31:09 Number of idle job procs: 0
07/15/26 10:31:09 Node apply job proc (9401730.281.0) completed successfully.
07/15/26 10:31:09 Event: ULOG_JOB_TERMINATED for HTCondor Node apply (9401730.202.0) {07/14/26 18:26:21} [recovery mode]
07/15/26 10:31:09 Number of idle job procs: 0
07/15/26 10:31:09 Node apply job proc (9401730.202.0) completed successfully.
07/15/26 10:31:09 Event: ULOG_JOB_TERMINATED for HTCondor Node apply (9401730.403.0) {07/14/26 18:27:59} [recovery mode]
07/15/26 10:31:09 Number of idle job procs: 0
07/15/26 10:31:09 Node apply job proc (9401730.403.0) completed successfully.
07/15/26 10:31:09 Event: ULOG_JOB_TERMINATED for HTCondor Node apply (9401730.418.0) {07/14/26 18:28:04} [recovery mode]
07/15/26 10:31:09 Number of idle job procs: 0
07/15/26 10:31:09 Node apply job proc (9401730.418.0) completed successfully.
07/15/26 10:31:09 Event: ULOG_JOB_TERMINATED for HTCondor Node apply (9401730.220.0) {07/14/26 18:28:07} [recovery mode]
07/15/26 10:31:09 Number of idle job procs: 0
07/15/26 10:31:09 Node apply job proc (9401730.220.0) completed successfully.
07/15/26 10:31:09 Event: ULOG_JOB_TERMINATED for HTCondor Node apply (9401730.216.0) {07/14/26 18:28:19} [recovery mode]
07/15/26 10:31:09 Number of idle job procs: 0
07/15/26 10:31:09 Node apply job proc (9401730.216.0) completed successfully.
07/15/26 10:31:09 Event: ULOG_JOB_TERMINATED for HTCondor Node apply (9401730.102.0) {07/14/26 18:28:34} [recovery mode]
07/15/26 10:31:09 Number of idle job procs: 0
07/15/26 10:31:09 Node apply job proc (9401730.102.0) completed successfully.
07/15/26 10:31:09 Event: ULOG_JOB_TERMINATED for HTCondor Node apply (9401730.128.0) {07/14/26 18:30:47} [recovery mode]
07/15/26 10:31:09 Number of idle job procs: 0
07/15/26 10:31:09 Node apply job proc (9401730.128.0) completed successfully.
07/15/26 10:31:09 Event: ULOG_JOB_TERMINATED for HTCondor Node apply (9401730.308.0) {07/14/26 18:31:17} [recovery mode]
07/15/26 10:31:09 Number of idle job procs: 0
07/15/26 10:31:09 Node apply job proc (9401730.308.0) completed successfully.
07/15/26 10:31:09 Event: ULOG_JOB_TERMINATED for HTCondor Node apply (9401730.316.0) {07/14/26 18:31:48} [recovery mode]
07/15/26 10:31:09 Number of idle job procs: 0
07/15/26 10:31:09 Node apply job proc (9401730.316.0) completed successfully.
07/15/26 10:31:09 Event: ULOG_JOB_TERMINATED for HTCondor Node apply (9401730.365.0) {07/14/26 18:32:05} [recovery mode]
07/15/26 10:31:09 Number of idle job procs: 0
07/15/26 10:31:09 Node apply job proc (9401730.365.0) completed successfully.
07/15/26 10:31:09 Event: ULOG_JOB_TERMINATED for HTCondor Node apply (9401730.107.0) {07/14/26 18:32:32} [recovery mode]
07/15/26 10:31:09 Number of idle job procs: 0
07/15/26 10:31:09 Node apply job proc (9401730.107.0) completed successfully.
07/15/26 10:31:09 Event: ULOG_JOB_TERMINATED for HTCondor Node apply (9401730.344.0) {07/14/26 18:32:39} [recovery mode]
07/15/26 10:31:09 Number of idle job procs: 0
07/15/26 10:31:09 Node apply job proc (9401730.344.0) completed successfully.
07/15/26 10:31:09 Event: ULOG_JOB_TERMINATED for HTCondor Node apply (9401730.65.0) {07/14/26 18:32:49} [recovery mode]
07/15/26 10:31:09 Number of idle job procs: 0
07/15/26 10:31:09 Node apply job proc (9401730.65.0) completed successfully.
07/15/26 10:31:09 Event: ULOG_JOB_TERMINATED for HTCondor Node apply (9401730.466.0) {07/14/26 18:34:01} [recovery mode]
07/15/26 10:31:09 Number of idle job procs: 0
07/15/26 10:31:09 Node apply job proc (9401730.466.0) completed successfully.
07/15/26 10:31:09 Event: ULOG_JOB_TERMINATED for HTCondor Node apply (9401730.166.0) {07/14/26 18:34:21} [recovery mode]
07/15/26 10:31:09 Number of idle job procs: 0
07/15/26 10:31:09 Node apply job proc (9401730.166.0) completed successfully.
07/15/26 10:31:09 Event: ULOG_JOB_TERMINATED for HTCondor Node apply (9401730.103.0) {07/14/26 18:34:30} [recovery mode]
07/15/26 10:31:09 Number of idle job procs: 0
07/15/26 10:31:09 Node apply job proc (9401730.103.0) completed successfully.
07/15/26 10:31:09 Event: ULOG_JOB_TERMINATED for HTCondor Node apply (9401730.244.0) {07/14/26 18:34:35} [recovery mode]
07/15/26 10:31:09 Number of idle job procs: 0
07/15/26 10:31:09 Node apply job proc (9401730.244.0) completed successfully.
07/15/26 10:31:09 Event: ULOG_JOB_TERMINATED for HTCondor Node apply (9401730.101.0) {07/14/26 18:35:42} [recovery mode]
07/15/26 10:31:09 Number of idle job procs: 0
07/15/26 10:31:09 Node apply job proc (9401730.101.0) completed successfully.
07/15/26 10:31:09 Event: ULOG_JOB_TERMINATED for HTCondor Node apply (9401730.417.0) {07/14/26 18:36:23} [recovery mode]
07/15/26 10:31:09 Number of idle job procs: 0
07/15/26 10:31:09 Node apply job proc (9401730.417.0) completed successfully.
07/15/26 10:31:09 Event: ULOG_JOB_TERMINATED for HTCondor Node apply (9401730.367.0) {07/14/26 18:37:03} [recovery mode]
07/15/26 10:31:09 Number of idle job procs: 0
07/15/26 10:31:09 Node apply job proc (9401730.367.0) completed successfully.
07/15/26 10:31:09 Event: ULOG_JOB_TERMINATED for HTCondor Node apply (9401730.144.0) {07/14/26 18:37:18} [recovery mode]
07/15/26 10:31:09 Number of idle job procs: 0
07/15/26 10:31:09 Node apply job proc (9401730.144.0) completed successfully.
07/15/26 10:31:10 Event: ULOG_JOB_TERMINATED for HTCondor Node apply (9401730.165.0) {07/14/26 18:37:58} [recovery mode]
07/15/26 10:31:10 Number of idle job procs: 0
07/15/26 10:31:10 Node apply job proc (9401730.165.0) completed successfully.
07/15/26 10:31:10 Event: ULOG_JOB_TERMINATED for HTCondor Node apply (9401730.206.0) {07/14/26 18:38:24} [recovery mode]
07/15/26 10:31:10 Number of idle job procs: 0
07/15/26 10:31:10 Node apply job proc (9401730.206.0) completed successfully.
07/15/26 10:31:10 Event: ULOG_JOB_TERMINATED for HTCondor Node apply (9401730.318.0) {07/14/26 18:38:59} [recovery mode]
07/15/26 10:31:10 Number of idle job procs: 0
07/15/26 10:31:10 Node apply job proc (9401730.318.0) completed successfully.
07/15/26 10:31:10 Event: ULOG_JOB_TERMINATED for HTCondor Node apply (9401730.28.0) {07/14/26 18:39:36} [recovery mode]
07/15/26 10:31:10 Number of idle job procs: 0
07/15/26 10:31:10 Node apply job proc (9401730.28.0) completed successfully.
07/15/26 10:31:10 Event: ULOG_JOB_TERMINATED for HTCondor Node apply (9401730.267.0) {07/14/26 18:43:40} [recovery mode]
07/15/26 10:31:10 Number of idle job procs: 0
07/15/26 10:31:10 Node apply job proc (9401730.267.0) completed successfully.
07/15/26 10:31:10 Event: ULOG_JOB_TERMINATED for HTCondor Node apply (9401730.312.0) {07/14/26 18:46:42} [recovery mode]
07/15/26 10:31:10 Number of idle job procs: 0
07/15/26 10:31:10 Node apply job proc (9401730.312.0) completed successfully.
07/15/26 10:31:10 Event: ULOG_JOB_TERMINATED for HTCondor Node apply (9401730.168.0) {07/14/26 18:48:06} [recovery mode]
07/15/26 10:31:10 Number of idle job procs: 0
07/15/26 10:31:10 Node apply job proc (9401730.168.0) completed successfully.
07/15/26 10:31:10 Event: ULOG_JOB_TERMINATED for HTCondor Node apply (9401730.104.0) {07/14/26 18:49:52} [recovery mode]
07/15/26 10:31:10 Number of idle job procs: 0
07/15/26 10:31:10 Node apply job proc (9401730.104.0) completed successfully.
07/15/26 10:31:10 Event: ULOG_JOB_TERMINATED for HTCondor Node apply (9401730.113.0) {07/14/26 18:52:08} [recovery mode]
07/15/26 10:31:10 Number of idle job procs: 0
07/15/26 10:31:10 Node apply job proc (9401730.113.0) completed successfully.
07/15/26 10:31:10 Event: ULOG_JOB_TERMINATED for HTCondor Node apply (9401730.167.0) {07/14/26 18:52:15} [recovery mode]
07/15/26 10:31:10 Number of idle job procs: 0
07/15/26 10:31:10 Node apply job proc (9401730.167.0) completed successfully.
07/15/26 10:31:10 Event: ULOG_JOB_TERMINATED for HTCondor Node apply (9401730.401.0) {07/14/26 18:54:05} [recovery mode]
07/15/26 10:31:10 Number of idle job procs: 0
07/15/26 10:31:10 Node apply job proc (9401730.401.0) completed successfully.
07/15/26 10:31:10 Event: ULOG_JOB_TERMINATED for HTCondor Node apply (9401730.208.0) {07/14/26 18:54:20} [recovery mode]
07/15/26 10:31:10 Number of idle job procs: 0
07/15/26 10:31:10 Node apply job proc (9401730.208.0) completed successfully.
07/15/26 10:31:10 Event: ULOG_JOB_TERMINATED for HTCondor Node apply (9401730.4.0) {07/14/26 18:56:39} [recovery mode]
07/15/26 10:31:10 Number of idle job procs: 0
07/15/26 10:31:10 Node apply job proc (9401730.4.0) completed successfully.
07/15/26 10:31:10 Event: ULOG_JOB_TERMINATED for HTCondor Node apply (9401730.144.0) {07/14/26 18:57:26} [recovery mode]
07/15/26 10:31:10 BAD EVENT: job (9401730.144.0) ended, total end count != 1 (2)
07/15/26 10:31:10 Continuing with DAG in spite of bad event (BAD EVENT: job (9401730.144.0) ended, total end count != 1 (2)) because of allow_events setting
07/15/26 10:31:10 Event: ULOG_JOB_TERMINATED for HTCondor Node apply (9401730.467.0) {07/14/26 18:59:39} [recovery mode]
07/15/26 10:31:10 Number of idle job procs: 0
07/15/26 10:31:10 Node apply job proc (9401730.467.0) completed successfully.
07/15/26 10:31:10 Event: ULOG_JOB_TERMINATED for HTCondor Node apply (9401730.203.0) {07/14/26 19:01:42} [recovery mode]
07/15/26 10:31:10 Number of idle job procs: 0
07/15/26 10:31:10 Node apply job proc (9401730.203.0) completed successfully.
07/15/26 10:31:10 Event: ULOG_JOB_TERMINATED for HTCondor Node apply (9401730.405.0) {07/14/26 19:02:22} [recovery mode]
07/15/26 10:31:10 Number of idle job procs: 0
07/15/26 10:31:10 Node apply job proc (9401730.405.0) completed successfully.
07/15/26 10:31:10 Event: ULOG_JOB_TERMINATED for HTCondor Node apply (9401730.213.0) {07/14/26 19:03:37} [recovery mode]
07/15/26 10:31:10 Number of idle job procs: 0
07/15/26 10:31:10 Node apply job proc (9401730.213.0) completed successfully.
07/15/26 10:31:10 Event: ULOG_JOB_TERMINATED for HTCondor Node apply (9401730.317.0) {07/14/26 19:04:59} [recovery mode]
07/15/26 10:31:10 Number of idle job procs: 0
07/15/26 10:31:10 Node apply job proc (9401730.317.0) completed successfully.
07/15/26 10:31:10 Event: ULOG_JOB_TERMINATED for HTCondor Node apply (9401730.2.0) {07/14/26 19:05:06} [recovery mode]
07/15/26 10:31:10 Number of idle job procs: 0
07/15/26 10:31:10 Node apply job proc (9401730.2.0) completed successfully.
07/15/26 10:31:10 Event: ULOG_JOB_TERMINATED for HTCondor Node apply (9401730.19.0) {07/14/26 19:07:07} [recovery mode]
07/15/26 10:31:10 Number of idle job procs: 0
07/15/26 10:31:10 Node apply job proc (9401730.19.0) completed successfully.
07/15/26 10:31:10 Event: ULOG_JOB_TERMINATED for HTCondor Node apply (9401730.68.0) {07/14/26 19:08:12} [recovery mode]
07/15/26 10:31:10 Number of idle job procs: 0
07/15/26 10:31:10 Node apply job proc (9401730.68.0) completed successfully.
07/15/26 10:31:10 Event: ULOG_JOB_TERMINATED for HTCondor Node apply (9401730.265.0) {07/14/26 19:09:41} [recovery mode]
07/15/26 10:31:10 Number of idle job procs: 0
07/15/26 10:31:10 Node apply job proc (9401730.265.0) completed successfully.
07/15/26 10:31:10 Event: ULOG_JOB_TERMINATED for HTCondor Node apply (9401730.218.0) {07/14/26 19:13:00} [recovery mode]
07/15/26 10:31:10 Number of idle job procs: 0
07/15/26 10:31:10 Node apply job proc (9401730.218.0) completed successfully.
07/15/26 10:31:10 Event: ULOG_JOB_TERMINATED for HTCondor Node apply (9401730.404.0) {07/14/26 19:17:02} [recovery mode]
07/15/26 10:31:10 Number of idle job procs: 0
07/15/26 10:31:10 Node apply job proc (9401730.404.0) completed successfully.
07/15/26 10:31:10 Event: ULOG_JOB_TERMINATED for HTCondor Node apply (9401730.413.0) {07/14/26 19:20:04} [recovery mode]
07/15/26 10:31:10 Number of idle job procs: 0
07/15/26 10:31:10 Node apply job proc (9401730.413.0) completed successfully.
07/15/26 10:31:10 Event: ULOG_JOB_TERMINATED for HTCondor Node apply (9401730.303.0) {07/14/26 19:20:09} [recovery mode]
07/15/26 10:31:10 Number of idle job procs: 0
07/15/26 10:31:10 Node apply job proc (9401730.303.0) completed successfully.
07/15/26 10:31:10 Event: ULOG_JOB_TERMINATED for HTCondor Node apply (9401730.207.0) {07/14/26 19:20:28} [recovery mode]
07/15/26 10:31:10 Number of idle job procs: 0
07/15/26 10:31:10 Node apply job proc (9401730.207.0) completed successfully.
07/15/26 10:31:10 Event: ULOG_JOB_TERMINATED for HTCondor Node apply (9401730.301.0) {07/14/26 19:22:49} [recovery mode]
07/15/26 10:31:10 Number of idle job procs: 0
07/15/26 10:31:10 Node apply job proc (9401730.301.0) completed successfully.
07/15/26 10:31:10 Event: ULOG_JOB_TERMINATED for HTCondor Node apply (9401730.114.0) {07/14/26 19:22:59} [recovery mode]
07/15/26 10:31:10 Number of idle job procs: 0
07/15/26 10:31:10 Node apply job proc (9401730.114.0) completed successfully.
07/15/26 10:31:10 Event: ULOG_JOB_TERMINATED for HTCondor Node apply (9401730.314.0) {07/14/26 19:23:33} [recovery mode]
07/15/26 10:31:10 Number of idle job procs: 0
07/15/26 10:31:10 Node apply job proc (9401730.314.0) completed successfully.
07/15/26 10:31:10 Event: ULOG_JOB_TERMINATED for HTCondor Node apply (9401730.414.0) {07/14/26 19:24:42} [recovery mode]
07/15/26 10:31:10 Number of idle job procs: 0
07/15/26 10:31:10 Node apply job proc (9401730.414.0) completed successfully.
07/15/26 10:31:10 Event: ULOG_JOB_TERMINATED for HTCondor Node apply (9401730.17.0) {07/14/26 19:25:15} [recovery mode]
07/15/26 10:31:10 Number of idle job procs: 0
07/15/26 10:31:10 Node apply job proc (9401730.17.0) completed successfully.
07/15/26 10:31:10 Event: ULOG_JOB_TERMINATED for HTCondor Node apply (9401730.205.0) {07/14/26 19:25:57} [recovery mode]
07/15/26 10:31:10 Number of idle job procs: 0
07/15/26 10:31:10 Node apply job proc (9401730.205.0) completed successfully.
07/15/26 10:31:10 Event: ULOG_JOB_TERMINATED for HTCondor Node apply (9401730.426.0) {07/14/26 19:26:02} [recovery mode]
07/15/26 10:31:10 Number of idle job procs: 0
07/15/26 10:31:10 Node apply job proc (9401730.426.0) completed successfully.
07/15/26 10:31:10 Event: ULOG_JOB_TERMINATED for HTCondor Node apply (9401730.204.0) {07/14/26 19:27:15} [recovery mode]
07/15/26 10:31:10 Number of idle job procs: 0
07/15/26 10:31:10 Node apply job proc (9401730.204.0) completed successfully.
07/15/26 10:31:10 Event: ULOG_JOB_TERMINATED for HTCondor Node apply (9401730.81.0) {07/14/26 19:28:59} [recovery mode]
07/15/26 10:31:10 Number of idle job procs: 0
07/15/26 10:31:10 Node apply job proc (9401730.81.0) completed successfully.
07/15/26 10:31:10 Event: ULOG_JOB_TERMINATED for HTCondor Node apply (9401730.123.0) {07/14/26 19:30:27} [recovery mode]
07/15/26 10:31:10 Number of idle job procs: 0
07/15/26 10:31:10 Node apply job proc (9401730.123.0) completed successfully.
07/15/26 10:31:10 Event: ULOG_JOB_TERMINATED for HTCondor Node apply (9401730.214.0) {07/14/26 19:33:23} [recovery mode]
07/15/26 10:31:10 Number of idle job procs: 0
07/15/26 10:31:10 Node apply job proc (9401730.214.0) completed successfully.
07/15/26 10:31:10 Event: ULOG_JOB_TERMINATED for HTCondor Node apply (9401730.381.0) {07/14/26 19:36:59} [recovery mode]
07/15/26 10:31:10 Number of idle job procs: 0
07/15/26 10:31:10 Node apply job proc (9401730.381.0) completed successfully.
07/15/26 10:31:10 Event: ULOG_JOB_TERMINATED for HTCondor Node apply (9401730.423.0) {07/14/26 19:37:24} [recovery mode]
07/15/26 10:31:10 Number of idle job procs: 0
07/15/26 10:31:10 Node apply job proc (9401730.423.0) completed successfully.
07/15/26 10:31:10 Event: ULOG_JOB_TERMINATED for HTCondor Node apply (9401730.188.0) {07/14/26 19:38:40} [recovery mode]
07/15/26 10:31:10 Number of idle job procs: 0
07/15/26 10:31:10 Node apply job proc (9401730.188.0) completed successfully.
07/15/26 10:31:10 Event: ULOG_JOB_TERMINATED for HTCondor Node apply (9401730.100.0) {07/14/26 19:39:54} [recovery mode]
07/15/26 10:31:10 Number of idle job procs: 0
07/15/26 10:31:10 Node apply job proc (9401730.100.0) completed successfully.
07/15/26 10:31:10 Event: ULOG_JOB_TERMINATED for HTCondor Node apply (9401730.123.0) {07/14/26 19:40:03} [recovery mode]
07/15/26 10:31:10 BAD EVENT: job (9401730.123.0) ended, total end count != 1 (2)
07/15/26 10:31:10 Continuing with DAG in spite of bad event (BAD EVENT: job (9401730.123.0) ended, total end count != 1 (2)) because of allow_events setting
07/15/26 10:31:10 Event: ULOG_JOB_TERMINATED for HTCondor Node apply (9401730.400.0) {07/14/26 19:41:39} [recovery mode]
07/15/26 10:31:10 Number of idle job procs: 0
07/15/26 10:31:10 Node apply job proc (9401730.400.0) completed successfully.
07/15/26 10:31:10 Event: ULOG_JOB_TERMINATED for HTCondor Node apply (9401730.3.0) {07/14/26 19:42:00} [recovery mode]
07/15/26 10:31:10 Number of idle job procs: 0
07/15/26 10:31:10 Node apply job proc (9401730.3.0) completed successfully.
07/15/26 10:31:10 Event: ULOG_JOB_TERMINATED for HTCondor Node apply (9401730.181.0) {07/14/26 19:42:37} [recovery mode]
07/15/26 10:31:10 Number of idle job procs: 0
07/15/26 10:31:10 Node apply job proc (9401730.181.0) completed successfully.
07/15/26 10:31:10 Event: ULOG_JOB_TERMINATED for HTCondor Node apply (9401730.124.0) {07/14/26 19:42:56} [recovery mode]
07/15/26 10:31:10 Number of idle job procs: 0
07/15/26 10:31:10 Node apply job proc (9401730.124.0) completed successfully.
07/15/26 10:31:10 Event: ULOG_JOB_TERMINATED for HTCondor Node apply (9401730.468.0) {07/14/26 19:43:13} [recovery mode]
07/15/26 10:31:10 Number of idle job procs: 0
07/15/26 10:31:10 Node apply job proc (9401730.468.0) completed successfully.
07/15/26 10:31:10 Event: ULOG_JOB_TERMINATED for HTCondor Node apply (9401730.313.0) {07/14/26 19:49:07} [recovery mode]
07/15/26 10:31:10 Number of idle job procs: 0
07/15/26 10:31:10 Node apply job proc (9401730.313.0) completed successfully.
07/15/26 10:31:10 Event: ULOG_JOB_TERMINATED for HTCondor Node apply (9401730.5.0) {07/14/26 19:49:46} [recovery mode]
07/15/26 10:31:10 Number of idle job procs: 0
07/15/26 10:31:10 Node apply job proc (9401730.5.0) completed successfully.
07/15/26 10:31:10 Event: ULOG_JOB_TERMINATED for HTCondor Node apply (9401730.200.0) {07/14/26 19:50:56} [recovery mode]
07/15/26 10:31:10 Number of idle job procs: 0
07/15/26 10:31:10 Node apply job proc (9401730.200.0) completed successfully.
07/15/26 10:31:10 Event: ULOG_JOB_TERMINATED for HTCondor Node apply (9401730.201.0) {07/14/26 19:57:05} [recovery mode]
07/15/26 10:31:10 Number of idle job procs: 0
07/15/26 10:31:10 Node apply job proc (9401730.201.0) completed successfully.
07/15/26 10:31:10 Event: ULOG_JOB_TERMINATED for HTCondor Node apply (9401730.0.0) {07/14/26 19:57:07} [recovery mode]
07/15/26 10:31:10 Number of idle job procs: 0
07/15/26 10:31:10 Node apply job proc (9401730.0.0) completed successfully.
07/15/26 10:31:10 Event: ULOG_JOB_TERMINATED for HTCondor Node apply (9401730.121.0) {07/14/26 19:58:39} [recovery mode]
07/15/26 10:31:10 Number of idle job procs: 0
07/15/26 10:31:11 Node apply job proc (9401730.121.0) completed successfully.
07/15/26 10:31:11 Event: ULOG_JOB_TERMINATED for HTCondor Node apply (9401730.1.0) {07/14/26 20:01:10} [recovery mode]
07/15/26 10:31:11 Number of idle job procs: 0
07/15/26 10:31:11 Node apply job proc (9401730.1.0) completed successfully.
07/15/26 10:31:11 Event: ULOG_JOB_TERMINATED for HTCondor Node apply (9401730.105.0) {07/14/26 20:09:52} [recovery mode]
07/15/26 10:31:11 Number of idle job procs: 0
07/15/26 10:31:11 Node apply job proc (9401730.105.0) completed successfully.
07/15/26 10:31:11 Event: ULOG_JOB_TERMINATED for HTCondor Node apply (9401730.328.0) {07/14/26 20:10:14} [recovery mode]
07/15/26 10:31:11 Number of idle job procs: 0
07/15/26 10:31:11 Node apply job proc (9401730.328.0) completed successfully.
07/15/26 10:31:11 Event: ULOG_JOB_TERMINATED for HTCondor Node apply (9401730.305.0) {07/14/26 20:21:18} [recovery mode]
07/15/26 10:31:11 Number of idle job procs: 0
07/15/26 10:31:11 Node apply job proc (9401730.305.0) completed successfully.
07/15/26 10:31:11 Event: ULOG_JOB_TERMINATED for HTCondor Node apply (9401730.217.0) {07/14/26 20:31:52} [recovery mode]
07/15/26 10:31:11 Number of idle job procs: 0
07/15/26 10:31:11 Node apply job proc (9401730.217.0) completed successfully.
07/15/26 10:31:11 Event: ULOG_JOB_TERMINATED for HTCondor Node apply (9401730.13.0) {07/14/26 20:38:07} [recovery mode]
07/15/26 10:31:11 Number of idle job procs: 0
07/15/26 10:31:11 Node apply job proc (9401730.13.0) completed successfully.
07/15/26 10:31:11 Event: ULOG_JOB_TERMINATED for HTCondor Node apply (9401730.14.0) {07/14/26 20:39:59} [recovery mode]
07/15/26 10:31:11 Number of idle job procs: 0
07/15/26 10:31:11 Node apply job proc (9401730.14.0) completed successfully.
07/15/26 10:31:11 Event: ULOG_JOB_TERMINATED for HTCondor Node apply (9401730.126.0) {07/14/26 20:40:16} [recovery mode]
07/15/26 10:31:11 Number of idle job procs: 0
07/15/26 10:31:11 Node apply job proc (9401730.126.0) completed successfully.
07/15/26 10:31:11 Event: ULOG_JOB_TERMINATED for HTCondor Node apply (9401730.481.0) {07/14/26 20:41:29} [recovery mode]
07/15/26 10:31:11 Number of idle job procs: 0
07/15/26 10:31:11 Node apply job proc (9401730.481.0) completed successfully.
07/15/26 10:31:11 Event: ULOG_JOB_TERMINATED for HTCondor Node apply (9401730.304.0) {07/14/26 20:42:05} [recovery mode]
07/15/26 10:31:11 Number of idle job procs: 0
07/15/26 10:31:11 Node apply job proc (9401730.304.0) completed successfully.
07/15/26 10:31:11 Event: ULOG_JOB_TERMINATED for HTCondor Node apply (9401730.88.0) {07/14/26 20:44:28} [recovery mode]
07/15/26 10:31:11 Number of idle job procs: 0
07/15/26 10:31:11 Node apply job proc (9401730.88.0) completed successfully.
07/15/26 10:31:11 Event: ULOG_JOB_TERMINATED for HTCondor Node apply (9401730.462.0) {07/14/26 20:45:03} [recovery mode]
07/15/26 10:31:11 Number of idle job procs: 0
07/15/26 10:31:11 Node apply job proc (9401730.462.0) completed successfully.
07/15/26 10:31:11 Event: ULOG_JOB_TERMINATED for HTCondor Node apply (9401730.420.0) {07/14/26 20:57:06} [recovery mode]
07/15/26 10:31:11 Number of idle job procs: 0
07/15/26 10:31:11 Node apply job proc (9401730.420.0) completed successfully.
07/15/26 10:31:11 Event: ULOG_JOB_TERMINATED for HTCondor Node apply (9401730.424.0) {07/14/26 21:01:50} [recovery mode]
07/15/26 10:31:11 Number of idle job procs: 0
07/15/26 10:31:11 Node apply job proc (9401730.424.0) completed successfully.
07/15/26 10:31:11 Event: ULOG_JOB_TERMINATED for HTCondor Node apply (9401730.323.0) {07/14/26 21:01:56} [recovery mode]
07/15/26 10:31:11 Number of idle job procs: 0
07/15/26 10:31:11 Node apply job proc (9401730.323.0) completed successfully.
07/15/26 10:31:11 Event: ULOG_JOB_TERMINATED for HTCondor Node apply (9401730.223.0) {07/14/26 21:04:21} [recovery mode]
07/15/26 10:31:11 Number of idle job procs: 0
07/15/26 10:31:11 Node apply job proc (9401730.223.0) completed successfully.
07/15/26 10:31:11 Event: ULOG_JOB_TERMINATED for HTCondor Node apply (9401730.226.0) {07/14/26 21:05:06} [recovery mode]
07/15/26 10:31:11 Number of idle job procs: 0
07/15/26 10:31:11 Node apply job proc (9401730.226.0) completed successfully.
07/15/26 10:31:11 Event: ULOG_JOB_TERMINATED for HTCondor Node apply (9401730.420.0) {07/14/26 21:05:47} [recovery mode]
07/15/26 10:31:11 BAD EVENT: job (9401730.420.0) ended, total end count != 1 (2)
07/15/26 10:31:11 Continuing with DAG in spite of bad event (BAD EVENT: job (9401730.420.0) ended, total end count != 1 (2)) because of allow_events setting
07/15/26 10:31:11 Event: ULOG_JOB_TERMINATED for HTCondor Node apply (9401730.228.0) {07/14/26 21:09:34} [recovery mode]
07/15/26 10:31:11 Number of idle job procs: 0
07/15/26 10:31:11 Node apply job proc (9401730.228.0) completed successfully.
07/15/26 10:31:11 Event: ULOG_JOB_TERMINATED for HTCondor Node apply (9401730.488.0) {07/14/26 21:27:43} [recovery mode]
07/15/26 10:31:11 Number of idle job procs: 0
07/15/26 10:31:11 Node apply job proc (9401730.488.0) completed successfully.
07/15/26 10:31:11 Event: ULOG_JOB_TERMINATED for HTCondor Node apply (9401730.162.0) {07/14/26 21:29:34} [recovery mode]
07/15/26 10:31:11 Number of idle job procs: 0
07/15/26 10:31:11 Node apply job proc (9401730.162.0) completed successfully.
07/15/26 10:31:11 Event: ULOG_JOB_TERMINATED for HTCondor Node apply (9401730.362.0) {07/14/26 21:39:05} [recovery mode]
07/15/26 10:31:11 Number of idle job procs: 0
07/15/26 10:31:11 Node apply job proc (9401730.362.0) completed successfully.
07/15/26 10:31:11 Event: ULOG_JOB_TERMINATED for HTCondor Node apply (9401730.125.0) {07/14/26 21:50:19} [recovery mode]
07/15/26 10:31:11 Number of idle job procs: 0
07/15/26 10:31:11 Node apply job proc (9401730.125.0) completed successfully.
07/15/26 10:31:11 Event: ULOG_JOB_TERMINATED for HTCondor Node apply (9401730.262.0) {07/14/26 21:52:54} [recovery mode]
07/15/26 10:31:11 Number of idle job procs: 0
07/15/26 10:31:11 Node apply job proc (9401730.262.0) completed successfully.
07/15/26 10:31:11 Event: ULOG_JOB_TERMINATED for HTCondor Node apply (9401730.62.0) {07/14/26 22:13:57} [recovery mode]
07/15/26 10:31:11 Number of idle job procs: 0
07/15/26 10:31:11 Node apply job proc (9401730.62.0) completed successfully.
07/15/26 10:31:11 Event: ULOG_JOB_TERMINATED for HTCondor Node apply (9401730.23.0) {07/14/26 22:19:32} [recovery mode]
07/15/26 10:31:11 Number of idle job procs: 0
07/15/26 10:31:11 Node apply job proc (9401730.23.0) completed successfully.
07/15/26 10:31:11 Event: ULOG_JOB_TERMINATED for HTCondor Node apply (9401730.320.0) {07/14/26 22:28:38} [recovery mode]
07/15/26 10:31:11 Number of idle job procs: 0
07/15/26 10:31:11 Node apply job proc (9401730.320.0) completed successfully.
07/15/26 10:31:11 Event: ULOG_JOB_TERMINATED for HTCondor Node apply (9401730.324.0) {07/14/26 22:31:43} [recovery mode]
07/15/26 10:31:11 Number of idle job procs: 0
07/15/26 10:31:11 Node apply job proc (9401730.324.0) completed successfully.
07/15/26 10:31:11 Event: ULOG_JOB_TERMINATED for HTCondor Node apply (9401730.24.0) {07/14/26 22:35:23} [recovery mode]
07/15/26 10:31:11 Number of idle job procs: 0
07/15/26 10:31:11 Node apply job proc (9401730.24.0) completed successfully.
07/15/26 10:31:11 Event: ULOG_JOB_TERMINATED for HTCondor Node apply (9401730.22.0) {07/14/26 23:13:40} [recovery mode]
07/15/26 10:31:11 Number of idle job procs: 0
07/15/26 10:31:11 Node apply job proc (9401730.22.0) completed successfully.
07/15/26 10:31:11 Event: ULOG_JOB_TERMINATED for HTCondor Node apply (9401730.222.0) {07/14/26 23:56:28} [recovery mode]
07/15/26 10:31:11 Number of idle job procs: 0
07/15/26 10:31:11 Node apply job proc (9401730.222.0) completed successfully.
07/15/26 10:31:11 Event: ULOG_JOB_TERMINATED for HTCondor Node apply (9401730.224.0) {07/15/26 02:06:05} [recovery mode]
07/15/26 10:31:11 Number of idle job procs: 0
07/15/26 10:31:11 Node apply job proc (9401730.224.0) completed successfully.
07/15/26 10:31:11 Event: ULOG_JOB_TERMINATED for HTCondor Node apply (9401730.25.0) {07/15/26 02:06:19} [recovery mode]
07/15/26 10:31:11 Number of idle job procs: 0
07/15/26 10:31:11 Node apply job proc (9401730.25.0) completed successfully.
07/15/26 10:31:11 Event: ULOG_JOB_TERMINATED for HTCondor Node apply (9401730.425.0) {07/15/26 03:09:39} [recovery mode]
07/15/26 10:31:11 Number of idle job procs: 0
07/15/26 10:31:11 Node apply job proc (9401730.425.0) completed successfully.
07/15/26 10:31:11 Event: ULOG_JOB_TERMINATED for HTCondor Node apply (9401730.422.0) {07/15/26 03:15:53} [recovery mode]
07/15/26 10:31:11 Number of idle job procs: 0
07/15/26 10:31:11 Node apply job proc (9401730.422.0) completed successfully.
07/15/26 10:31:11 Event: ULOG_JOB_TERMINATED for HTCondor Node apply (9401730.225.0) {07/15/26 03:27:16} [recovery mode]
07/15/26 10:31:11 Number of idle job procs: 0
07/15/26 10:31:11 Node apply job proc (9401730.225.0) completed successfully.
07/15/26 10:31:11 Event: ULOG_JOB_TERMINATED for HTCondor Node apply (9401730.122.0) {07/15/26 05:02:36} [recovery mode]
07/15/26 10:31:11 Number of idle job procs: 0
07/15/26 10:31:11 Node apply job proc (9401730.122.0) completed successfully.
07/15/26 10:31:11 Event: ULOG_JOB_TERMINATED for HTCondor Node apply (9401730.325.0) {07/15/26 06:51:41} [recovery mode]
07/15/26 10:31:11 Number of idle job procs: 0
07/15/26 10:31:11 Node apply job proc (9401730.325.0) completed successfully.
07/15/26 10:31:11 Event: ULOG_JOB_TERMINATED for HTCondor Node apply (9401730.322.0) {07/15/26 06:59:49} [recovery mode]
07/15/26 10:31:11 Number of idle job procs: 0
07/15/26 10:31:11 Node apply job proc (9401730.322.0) completed successfully.
07/15/26 10:31:11     ------------------------------
07/15/26 10:31:11        HTCondor Recovery Complete
07/15/26 10:31:11     ------------------------------
07/15/26 10:31:11 ...done with RECOVERY mode <<<<<<<<<<<<<<<<<<<<<<<<<<<<<<
07/15/26 10:31:11 1 nodes claim to have jobs submitted to queue. Verifying...
07/15/26 10:31:11 Querying local schedd for associated jobs in queue
07/15/26 10:31:11 All pending job states validated
07/15/26 10:31:11 DAG status: 0 (DAG_STATUS_OK)
07/15/26 10:31:11 Of 2 nodes total:
07/15/26 10:31:11  Done     Pre   Queued    Post   Ready   Un-Ready   Failed   Futile
07/15/26 10:31:11   ===     ===      ===     ===     ===        ===      ===      ===
07/15/26 10:31:11     0       0        1       0       0          1        0        0
07/15/26 10:31:11 0 job proc(s) currently held
07/15/26 10:31:11 DAGMan Runtime Statistics: [EventCycleTimeSum=0.000; SleepCycleTimeSum=0.000; SubmitCycleTimeSum=0.000; EventCycleTimeCount=0.000; SleepCycleTimeCount=0.000; SubmitCycleTimeCount=0.000; LogProcessCycleTimeSum=0.000; LogProcessCycleTimeCount=0.000; ]
07/15/26 10:31:11 DAG status: 0 (DAG_STATUS_OK)
07/15/26 10:31:11 Of 2 nodes total:
07/15/26 10:31:11  Done     Pre   Queued    Post   Ready   Un-Ready   Failed   Futile
07/15/26 10:31:11   ===     ===      ===     ===     ===        ===      ===      ===
07/15/26 10:31:11     0       0        1       0       0          1        0        0
07/15/26 10:31:11 0 job proc(s) currently held
07/15/26 10:31:11 DAGMan Runtime Statistics: [EventCycleTimeSum=0.000; SleepCycleTimeSum=0.000; SubmitCycleTimeSum=0.000; EventCycleTimeCount=0.000; SleepCycleTimeCount=0.000; SubmitCycleTimeCount=0.000; LogProcessCycleTimeSum=0.000; LogProcessCycleTimeCount=0.000; ]
07/15/26 10:31:11 Registering condor_event_timer...
07/15/26 10:31:12 Currently monitoring 1 HTCondor log file(s)
07/15/26 10:31:12 DAG status: 0 (DAG_STATUS_OK)
07/15/26 10:31:12 Of 2 nodes total:
07/15/26 10:31:12  Done     Pre   Queued    Post   Ready   Un-Ready   Failed   Futile
07/15/26 10:31:13   ===     ===      ===     ===     ===        ===      ===      ===
07/15/26 10:31:13     0       0        1       0       0          1        0        0
07/15/26 10:31:13 0 job proc(s) currently held
07/15/26 10:31:13 DAGMan Runtime Statistics: [EventCycleTimeSum=0.000; SleepCycleTimeSum=0.000; SubmitCycleTimeAvg=0.000; SubmitCycleTimeMax=0.000; SubmitCycleTimeMin=0.000; SubmitCycleTimeStd=0.000; SubmitCycleTimeSum=0.000; EventCycleTimeCount=0.000; SleepCycleTimeCount=0.000; SubmitCycleTimeCount=1.000; LogProcessCycleTimeAvg=0.007; LogProcessCycleTimeMax=0.007; LogProcessCycleTimeMin=0.007; LogProcessCycleTimeStd=0.007; LogProcessCycleTimeSum=0.007; LogProcessCycleTimeCount=1.000; ]
07/15/26 10:35:25 Received SIGUSR1
07/15/26 10:35:25 Aborting DAG...
07/15/26 10:35:25 Writing Rescue DAG to condor/scan_apply_rerun.dag.rescue001...
07/15/26 10:35:25 Removing submitted jobs...
07/15/26 10:35:25 Removing any/all submitted HTCondor jobs...
07/15/26 10:35:25 Running: /usr/bin/condor_rm -const DAGManJobId==9401729 -reason DAG' 'Removed:' 'User' 'removed' 'scheduler' 'job' 'from' 'queue.
07/15/26 10:35:25 Note: 0 total node deferrals because of -MaxJobs limit (0)
07/15/26 10:35:25 Note: 0 total node deferrals because of -MaxIdle limit (1000)
07/15/26 10:35:25 Note: 0 total node deferrals because of node category throttles
07/15/26 10:35:25 Note: 0 total PRE script deferrals because of -MaxPre limit (20) or DEFER
07/15/26 10:35:25 Note: 0 total POST script deferrals because of -MaxPost limit (20) or DEFER
07/15/26 10:35:25 Note: 0 total HOLD script deferrals because of -MaxHold limit (20) or DEFER
07/15/26 10:35:25 DAG status: 4 (DAG_STATUS_RM)
07/15/26 10:35:25 Of 2 nodes total:
07/15/26 10:35:25  Done     Pre   Queued    Post   Ready   Un-Ready   Failed   Futile
07/15/26 10:35:25   ===     ===      ===     ===     ===        ===      ===      ===
07/15/26 10:35:25     0       0        1       0       0          1        0        0
07/15/26 10:35:25 0 job proc(s) currently held
07/15/26 10:35:25 DAGMan Runtime Statistics: [EventCycleTimeAvg=0.002; EventCycleTimeMax=0.061; EventCycleTimeMin=0.000; EventCycleTimeStd=0.009; EventCycleTimeSum=0.077; SleepCycleTimeAvg=5.005; SleepCycleTimeMax=5.007; SleepCycleTimeMin=5.000; SleepCycleTimeStd=0.001; SleepCycleTimeSum=250.238; SubmitCycleTimeAvg=0.000; SubmitCycleTimeMax=0.000; SubmitCycleTimeMin=0.000; SubmitCycleTimeStd=0.000; SubmitCycleTimeSum=0.000; EventCycleTimeCount=51.000; SleepCycleTimeCount=50.000; SubmitCycleTimeCount=51.000; LogProcessCycleTimeAvg=0.007; LogProcessCycleTimeMax=0.007; LogProcessCycleTimeMin=0.007; LogProcessCycleTimeStd=0.007; LogProcessCycleTimeSum=0.007; LogProcessCycleTimeCount=1.000; ]
07/15/26 10:35:25 Wrote metrics file condor/scan_apply_rerun.dag.metrics.
07/15/26 10:35:25 DAGMan Runtime Statistics: [EventCycleTimeAvg=0.002; EventCycleTimeMax=0.061; EventCycleTimeMin=0.000; EventCycleTimeStd=0.009; EventCycleTimeSum=0.077; SleepCycleTimeAvg=5.005; SleepCycleTimeMax=5.007; SleepCycleTimeMin=5.000; SleepCycleTimeStd=0.001; SleepCycleTimeSum=250.238; SubmitCycleTimeAvg=0.000; SubmitCycleTimeMax=0.000; SubmitCycleTimeMin=0.000; SubmitCycleTimeStd=0.000; SubmitCycleTimeSum=0.000; EventCycleTimeCount=51.000; SleepCycleTimeCount=50.000; SubmitCycleTimeCount=51.000; LogProcessCycleTimeAvg=0.007; LogProcessCycleTimeMax=0.007; LogProcessCycleTimeMin=0.007; LogProcessCycleTimeStd=0.007; LogProcessCycleTimeSum=0.007; LogProcessCycleTimeCount=1.000; ]
07/15/26 10:35:25 **** condor_scheduniv_exec.9401729.0 (condor_DAGMAN) pid 6409 EXITING WITH STATUS 2
