07/22/26 16:47:22 ******************************************************
07/22/26 16:47:22 ** condor_scheduniv_exec.9419901.0 (CONDOR_DAGMAN) STARTING UP
07/22/26 16:47:22 ** /usr/bin/condor_dagman
07/22/26 16:47:22 ** SubsystemInfo: name=DAGMAN type=DAGMAN(9) class=CLIENT(2)
07/22/26 16:47:22 ** Configuration: subsystem:DAGMAN local:<NONE> class:CLIENT
07/22/26 16:47:22 ** $CondorVersion: 24.12.22 2026-07-07 BuildID: 930046 PackageID: 24.12.22-1 $
07/22/26 16:47:22 ** $CondorPlatform: x86_64_AlmaLinux9 $
07/22/26 16:47:22 ** PID = 1533502 RealUID = 175117
07/22/26 16:47:22 ** Log last touched time unavailable (No such file or directory)
07/22/26 16:47:22 ******************************************************
07/22/26 16:47:22 Using config source: /etc/condor/condor_config
07/22/26 16:47:22 Using local config sources: 
07/22/26 16:47:22    /etc/condor/config.d/00-security
07/22/26 16:47:22    /etc/condor/config.d/10-stash-plugin.conf
07/22/26 16:47:22    /etc/condor/config.d/10_security.config
07/22/26 16:47:22    /etc/condor/config.d/12_resourcelimits.config
07/22/26 16:47:22    /etc/condor/config.d/14_network.config
07/22/26 16:47:22    /etc/condor/config.d/21_schedd.config
07/22/26 16:47:22    /etc/condor/config.d/21_submit_requirements.config
07/22/26 16:47:22    /etc/condor/config.d/31_krbrenewal.config
07/22/26 16:47:22    /etc/condor/config.d/41_job_transform.config
07/22/26 16:47:22    /etc/condor/config.d/80_banning_rules.config
07/22/26 16:47:22    /etc/condor/config.d/99_ben_submit_req.config
07/22/26 16:47:22    /etc/condor/condor_config.local
07/22/26 16:47:22 config Macros = 277, Sorted = 277, StringBytes = 34357, TablesBytes = 10108
07/22/26 16:47:22 CLASSAD_CACHING is ENABLED
07/22/26 16:47:22 Daemon Log is logging: D_ALWAYS D_ERROR D_STATUS
07/22/26 16:47:22 Daemoncore: Listening at <0.0.0.0:2701> on TCP (ReliSock) and UDP (SafeSock).
07/22/26 16:47:22 Daemoncore: Listening at <[::]:2701> on TCP (ReliSock) and UDP (SafeSock).
07/22/26 16:47:22 DaemonCore: command socket at <137.138.44.55:2701?addrs=137.138.44.55-2701+[2001-1458-d00-1a--48]-2701&alias=bigbird17.cern.ch>
07/22/26 16:47:22 DaemonCore: private command socket at <137.138.44.55:2701?addrs=137.138.44.55-2701+[2001-1458-d00-1a--48]-2701&alias=bigbird17.cern.ch>
07/22/26 16:47:22 DAGMAN_USE_STRICT setting: 1
07/22/26 16:47:22 DAGMAN_VERBOSITY setting: 3
07/22/26 16:47:22 DAGMAN_DEBUG_CACHE_SIZE setting: 5242880
07/22/26 16:47:22 DAGMAN_DEBUG_CACHE_ENABLE setting: False
07/22/26 16:47:22 DAGMAN_SUBMIT_DELAY setting: 0
07/22/26 16:47:22 DAGMAN_MAX_SUBMIT_ATTEMPTS setting: 6
07/22/26 16:47:22 DAGMAN_STARTUP_CYCLE_DETECT setting: False
07/22/26 16:47:22 DAGMAN_USE_JOIN_NODES setting: True
07/22/26 16:47:22 DAGMAN_REPORT_GRAPH_METRICS setting: False
07/22/26 16:47:22 DAGMAN_MAX_SUBMITS_PER_INTERVAL setting: 100
07/22/26 16:47:22 DAGMAN_AGGRESSIVE_SUBMIT setting: False
07/22/26 16:47:22 DAGMAN_USER_LOG_SCAN_INTERVAL setting: 5
07/22/26 16:47:22 DAGMAN_QUEUE_UPDATE_INTERVAL setting: 300.000000
07/22/26 16:47:22 DAGMAN_DEFAULT_PRIORITY setting: 0
07/22/26 16:47:22 DAGMAN_SUPPRESS_NOTIFICATION setting: False
07/22/26 16:47:22 allow_events (DAGMAN_ALLOW_EVENTS) setting: 114
07/22/26 16:47:22 DAGMAN_RETRY_SUBMIT_FIRST setting: True
07/22/26 16:47:22 DAGMAN_RETRY_NODE_FIRST setting: False
07/22/26 16:47:22 DAGMAN_MAX_JOBS_IDLE setting: 1000
07/22/26 16:47:22 DAGMAN_MAX_JOBS_SUBMITTED setting: 0
07/22/26 16:47:22 DAGMAN_MAX_PRE_SCRIPTS setting: 20
07/22/26 16:47:22 DAGMAN_MAX_POST_SCRIPTS setting: 20
07/22/26 16:47:22 DAGMAN_MAX_HOLD_SCRIPTS setting: 20
07/22/26 16:47:22 DAGMAN_MUNGE_NODE_NAMES setting: True
07/22/26 16:47:22 DAGMAN_ALLOW_ANY_NODE_NAME_CHARACTERS setting: False
07/22/26 16:47:22 DAGMAN_PROHIBIT_MULTI_JOBS setting: False
07/22/26 16:47:22 DAGMAN_SUBMIT_DEPTH_FIRST setting: False
07/22/26 16:47:22 DAGMAN_ALWAYS_RUN_POST setting: False
07/22/26 16:47:22 DAGMAN_CONDOR_SUBMIT_EXE setting: /usr/bin/condor_submit
07/22/26 16:47:22 DAGMAN_CONDOR_RM_EXE setting: /usr/bin/condor_rm
07/22/26 16:47:22 DAGMAN_USE_DIRECT_SUBMIT setting: True
07/22/26 16:47:22 DAGMAN_PRODUCE_JOB_CREDENTIALS setting: True
07/22/26 16:47:22 DAGMAN_DEFAULT_APPEND_VARS setting: False
07/22/26 16:47:22 DAGMAN_INHERIT_ATTRS_PREFIX setting: 
07/22/26 16:47:22 DAGMAN_INHERIT_ATTRS setting: 
07/22/26 16:47:22 DAGMAN_ABORT_DUPLICATES setting: True
07/22/26 16:47:22 DAGMAN_ABORT_ON_SCARY_SUBMIT setting: True
07/22/26 16:47:22 DAGMAN_PENDING_REPORT_INTERVAL setting: 600
07/22/26 16:47:22 DAGMAN_CHECK_QUEUE_INTERVAL setting: 28800
07/22/26 16:47:22 DAGMAN_PRINT_JOB_TABLE_INTERVAL setting: 900
07/22/26 16:47:22 DAGMAN_AUTO_RESCUE setting: True
07/22/26 16:47:22 DAGMAN_MAX_RESCUE_NUM setting: 100
07/22/26 16:47:22 DAGMAN_WRITE_PARTIAL_RESCUE setting: True
07/22/26 16:47:22 DAGMAN_RESET_RETRIES_UPON_RESCUE setting: True
07/22/26 16:47:22 DAGMAN_METRICS_FILE_VERSION setting: 2
07/22/26 16:47:22 DAGMAN_DEFAULT_NODE_LOG setting: @(DAG_DIR)/@(DAG_FILE).nodes.log
07/22/26 16:47:22 DAGMAN_LOG_ON_NFS_IS_ERROR setting: False
07/22/26 16:47:22 DAGMAN_GENERATE_SUBDAG_SUBMITS setting: True
07/22/26 16:47:22 DAGMAN_MAX_JOB_HOLDS setting: 100
07/22/26 16:47:22 DAGMAN_NODE_JOB_FAILURE_TOLERANCE setting: 0
07/22/26 16:47:22 DAGMAN_HOLD_CLAIM_TIME setting: 20
07/22/26 16:47:22 DAGMAN_SUPPRESS_JOB_LOGS setting: False
07/22/26 16:47:22 DAGMAN_REMOVE_NODE_JOBS setting: True
07/22/26 16:47:22 DAGMAN_PUT_FAILED_JOBS_ON_HOLD setting: False
07/22/26 16:47:22 DAGMAN_REMOVE_JOBS_AFTER_LIMIT_CHANGE setting: False
07/22/26 16:47:22 DAGMAN will adjust edges after parsing
07/22/26 16:47:22 argv[0] == "condor_scheduniv_exec.9419901.0"
07/22/26 16:47:22 argv[1] == "-Lockfile"
07/22/26 16:47:22 argv[2] == "condor/scan.dag.lock"
07/22/26 16:47:22 argv[3] == "-Dag"
07/22/26 16:47:22 argv[4] == "condor/scan.dag"
07/22/26 16:47:22 argv[5] == "-CsdVersion"
07/22/26 16:47:22 argv[6] == "$CondorVersion: 24.12.16 2026-01-29 BuildID: 869053 PackageID: 24.12.16-1 GitSHA: d5741e8b $"
07/22/26 16:47:22 argv[7] == "-dagman"
07/22/26 16:47:22 argv[8] == "/usr/bin/condor_dagman"
07/22/26 16:47:22 argv[9] == "-AutoRescue"
07/22/26 16:47:22 argv[10] == "1"
07/22/26 16:47:22 argv[11] == "-DoRescueFrom"
07/22/26 16:47:22 argv[12] == "0"
07/22/26 16:47:23 Workflow batch-id: <9419901.0>
07/22/26 16:47:23 Workflow batch-name: <scan.dag+9419901>
07/22/26 16:47:23 Workflow accounting_group: <>
07/22/26 16:47:23 Workflow accounting_group_user: <>
07/22/26 16:47:23 Warning: failed to get attribute DAGNodeName
07/22/26 16:47:23 Default node log file is: </afs/cern.ch/user/l/lbailloe/private/autoDQM/isolation_forest/condor/scan.dag.nodes.log>
07/22/26 16:47:23 Note: the version ($CondorVersion: 24.12.16 2026-01-29 BuildID: 869053 PackageID: 24.12.16-1 GitSHA: d5741e8b $) of this DAG's HTCondor submit file differs from condor_dagman version ($CondorVersion: 24.12.22 2026-07-07 BuildID: 930046 PackageID: 24.12.22-1 $), but the difference is permissible
07/22/26 16:47:23 DAG Lockfile will be written to condor/scan.dag.lock
07/22/26 16:47:23 DAG Input file is condor/scan.dag
07/22/26 16:47:23 Parsing 1 dagfiles
07/22/26 16:47:23 Parsing condor/scan.dag ...
07/22/26 16:47:23 Adjusting edges
07/22/26 16:47:23 Dag contains 3 total nodes
07/22/26 16:47:23 Bootstrapping...
07/22/26 16:47:23 Number of pre-completed nodes: 0
07/22/26 16:47:23 MultiLogFiles: truncating log file /afs/cern.ch/user/l/lbailloe/private/autoDQM/isolation_forest/condor/scan.dag.nodes.log
07/22/26 16:47:23 DAG status: 0 (DAG_STATUS_OK)
07/22/26 16:47:23 Of 3 nodes total:
07/22/26 16:47:23  Done     Pre   Queued    Post   Ready   Un-Ready   Failed   Futile
07/22/26 16:47:23   ===     ===      ===     ===     ===        ===      ===      ===
07/22/26 16:47:23     0       0        0       0       1          2        0        0
07/22/26 16:47:23 0 job proc(s) currently held
07/22/26 16:47:23 DAGMan Runtime Statistics: [EventCycleTimeSum=0.000; SleepCycleTimeSum=0.000; SubmitCycleTimeSum=0.000; EventCycleTimeCount=0.000; SleepCycleTimeCount=0.000; SubmitCycleTimeCount=0.000; LogProcessCycleTimeSum=0.000; LogProcessCycleTimeCount=0.000; ]
07/22/26 16:47:23 Registering condor_event_timer...
07/22/26 16:47:24 Submitting HTCondor Node train job(s)...
07/22/26 16:47:24 Submitting node train from file condor/submit_scan_train.sub using direct job submission
07/22/26 16:47:25 	assigned HTCondor ID (9419902.0.0)
07/22/26 16:47:25 Just submitted 1 job this cycle...
07/22/26 16:47:25 DAG status: 0 (DAG_STATUS_OK)
07/22/26 16:47:25 Of 3 nodes total:
07/22/26 16:47:25  Done     Pre   Queued    Post   Ready   Un-Ready   Failed   Futile
07/22/26 16:47:25   ===     ===      ===     ===     ===        ===      ===      ===
07/22/26 16:47:25     0       0        1       0       0          2        0        0
07/22/26 16:47:25 0 job proc(s) currently held
07/22/26 16:47:25 DAGMan Runtime Statistics: [EventCycleTimeSum=0.000; SleepCycleTimeSum=0.000; SubmitCycleTimeAvg=0.521; SubmitCycleTimeMax=0.521; SubmitCycleTimeMin=0.521; SubmitCycleTimeStd=0.521; SubmitCycleTimeSum=0.521; EventCycleTimeCount=0.000; SleepCycleTimeCount=0.000; SubmitCycleTimeCount=1.000; LogProcessCycleTimeSum=0.000; LogProcessCycleTimeCount=0.000; ]
07/22/26 16:47:30 Currently monitoring 1 HTCondor log file(s)
07/22/26 16:47:30 Reassigning the id of job train from (9419902.0.0) to (9419902.0.0)
07/22/26 16:47:30 Event: ULOG_SUBMIT for HTCondor Node train (9419902.0.0) {07/22/26 16:47:25}
07/22/26 16:47:30 Number of idle job procs: 1
07/22/26 16:57:31 601 seconds since last log event
07/22/26 16:57:31 Pending DAG nodes:
07/22/26 16:57:31   Node train, HTCondor ID 9419902, status STATUS_SUBMITTED
07/22/26 17:02:27 Total jobs placed to AP: 1
07/22/26 17:02:27      Idle     Held     Running     Successful     Failed
07/22/26 17:02:27       ===      ===         ===            ===        ===
07/22/26 17:02:27         1        0           0              0          0
07/22/26 17:07:32 1202 seconds since last log event
07/22/26 17:07:32 Pending DAG nodes:
07/22/26 17:07:32   Node train, HTCondor ID 9419902, status STATUS_SUBMITTED
07/22/26 17:10:27 Currently monitoring 1 HTCondor log file(s)
07/22/26 17:10:27 Event: ULOG_EXECUTE for HTCondor Node train (9419902.0.0) {07/22/26 17:10:26}
07/22/26 17:10:27 Number of idle job procs: 0
07/22/26 17:17:29 Total jobs placed to AP: 1
07/22/26 17:17:29      Idle     Held     Running     Successful     Failed
07/22/26 17:17:29       ===      ===         ===            ===        ===
07/22/26 17:17:29         0        0           1              0          0
07/22/26 17:20:29 602 seconds since last log event
07/22/26 17:20:29 Pending DAG nodes:
07/22/26 17:20:29   Node train, HTCondor ID 9419902, status STATUS_SUBMITTED
07/22/26 17:27:21 Currently monitoring 1 HTCondor log file(s)
07/22/26 17:27:21 Event: ULOG_JOB_TERMINATED for HTCondor Node train (9419902.0.0) {07/22/26 17:27:20}
07/22/26 17:27:21 Number of idle job procs: 0
07/22/26 17:27:21 Node train job proc (9419902.0.0) completed successfully.
07/22/26 17:27:21 Node train job(s) have exited the queue
07/22/26 17:27:21 DAG status: 0 (DAG_STATUS_OK)
07/22/26 17:27:21 Of 3 nodes total:
07/22/26 17:27:21  Done     Pre   Queued    Post   Ready   Un-Ready   Failed   Futile
07/22/26 17:27:21   ===     ===      ===     ===     ===        ===      ===      ===
07/22/26 17:27:21     1       0        0       0       1          1        0        0
07/22/26 17:27:21 0 job proc(s) currently held
07/22/26 17:27:21 DAGMan Runtime Statistics: [EventCycleTimeAvg=0.012; EventCycleTimeMax=1.367; EventCycleTimeMin=0.000; EventCycleTimeStd=0.096; EventCycleTimeSum=5.515; SleepCycleTimeAvg=5.003; SleepCycleTimeMax=5.010; SleepCycleTimeMin=4.005; SleepCycleTimeStd=0.046; SleepCycleTimeSum=2391.239; SubmitCycleTimeAvg=0.001; SubmitCycleTimeMax=0.521; SubmitCycleTimeMin=0.000; SubmitCycleTimeStd=0.024; SubmitCycleTimeSum=0.522; EventCycleTimeCount=478.000; SleepCycleTimeCount=478.000; SubmitCycleTimeCount=479.000; LogProcessCycleTimeAvg=0.007; LogProcessCycleTimeMax=0.010; LogProcessCycleTimeMin=0.005; LogProcessCycleTimeStd=0.002; LogProcessCycleTimeSum=0.021; LogProcessCycleTimeCount=3.000; ]
07/22/26 17:27:26 Submitting HTCondor Node apply job(s)...
07/22/26 17:27:26 Submitting node apply from file condor/submit_scan_apply.sub using direct job submission
07/22/26 17:27:27 	assigned HTCondor ID (9419907.0.0)
07/22/26 17:27:27 Just submitted 1 job this cycle...
07/22/26 17:27:27 DAG status: 0 (DAG_STATUS_OK)
07/22/26 17:27:27 Of 3 nodes total:
07/22/26 17:27:27  Done     Pre   Queued    Post   Ready   Un-Ready   Failed   Futile
07/22/26 17:27:27   ===     ===      ===     ===     ===        ===      ===      ===
07/22/26 17:27:27     1       0        1       0       0          1        0        0
07/22/26 17:27:27 0 job proc(s) currently held
07/22/26 17:27:27 DAGMan Runtime Statistics: [EventCycleTimeAvg=0.012; EventCycleTimeMax=1.367; EventCycleTimeMin=0.000; EventCycleTimeStd=0.096; EventCycleTimeSum=5.536; SleepCycleTimeAvg=5.003; SleepCycleTimeMax=5.010; SleepCycleTimeMin=4.005; SleepCycleTimeStd=0.046; SleepCycleTimeSum=2396.246; SubmitCycleTimeAvg=0.003; SubmitCycleTimeMax=0.760; SubmitCycleTimeMin=0.000; SubmitCycleTimeStd=0.042; SubmitCycleTimeSum=1.282; EventCycleTimeCount=479.000; SleepCycleTimeCount=479.000; SubmitCycleTimeCount=480.000; LogProcessCycleTimeAvg=0.007; LogProcessCycleTimeMax=0.010; LogProcessCycleTimeMin=0.005; LogProcessCycleTimeStd=0.002; LogProcessCycleTimeSum=0.021; LogProcessCycleTimeCount=3.000; ]
07/22/26 17:27:32 Currently monitoring 1 HTCondor log file(s)
07/22/26 17:27:32 Reassigning the id of job apply from (9419907.0.0) to (9419907.0.0)
07/22/26 17:27:32 Event: ULOG_SUBMIT for HTCondor Node apply (9419907.0.0) {07/22/26 17:27:26}
07/22/26 17:27:32 Number of idle job procs: 1
07/22/26 17:27:32 Reassigning the id of job apply from (9419907.0.0) to (9419907.1.0)
07/22/26 17:27:32 Event: ULOG_SUBMIT for HTCondor Node apply (9419907.1.0) {07/22/26 17:27:26}
07/22/26 17:27:32 Number of idle job procs: 2
07/22/26 17:27:32 Reassigning the id of job apply from (9419907.1.0) to (9419907.10.0)
07/22/26 17:27:32 Event: ULOG_SUBMIT for HTCondor Node apply (9419907.10.0) {07/22/26 17:27:26}
07/22/26 17:27:32 Number of idle job procs: 3
07/22/26 17:27:32 Reassigning the id of job apply from (9419907.10.0) to (9419907.100.0)
07/22/26 17:27:32 Event: ULOG_SUBMIT for HTCondor Node apply (9419907.100.0) {07/22/26 17:27:26}
07/22/26 17:27:32 Number of idle job procs: 4
07/22/26 17:27:32 Reassigning the id of job apply from (9419907.100.0) to (9419907.101.0)
07/22/26 17:27:32 Event: ULOG_SUBMIT for HTCondor Node apply (9419907.101.0) {07/22/26 17:27:26}
07/22/26 17:27:32 Number of idle job procs: 5
07/22/26 17:27:32 Reassigning the id of job apply from (9419907.101.0) to (9419907.102.0)
07/22/26 17:27:32 Event: ULOG_SUBMIT for HTCondor Node apply (9419907.102.0) {07/22/26 17:27:26}
07/22/26 17:27:32 Number of idle job procs: 6
07/22/26 17:27:32 Reassigning the id of job apply from (9419907.102.0) to (9419907.103.0)
07/22/26 17:27:32 Event: ULOG_SUBMIT for HTCondor Node apply (9419907.103.0) {07/22/26 17:27:26}
07/22/26 17:27:32 Number of idle job procs: 7
07/22/26 17:27:32 Reassigning the id of job apply from (9419907.103.0) to (9419907.104.0)
07/22/26 17:27:32 Event: ULOG_SUBMIT for HTCondor Node apply (9419907.104.0) {07/22/26 17:27:26}
07/22/26 17:27:32 Number of idle job procs: 8
07/22/26 17:27:32 Reassigning the id of job apply from (9419907.104.0) to (9419907.105.0)
07/22/26 17:27:32 Event: ULOG_SUBMIT for HTCondor Node apply (9419907.105.0) {07/22/26 17:27:26}
07/22/26 17:27:32 Number of idle job procs: 9
07/22/26 17:27:32 Reassigning the id of job apply from (9419907.105.0) to (9419907.106.0)
07/22/26 17:27:32 Event: ULOG_SUBMIT for HTCondor Node apply (9419907.106.0) {07/22/26 17:27:26}
07/22/26 17:27:32 Number of idle job procs: 10
07/22/26 17:27:32 Reassigning the id of job apply from (9419907.106.0) to (9419907.107.0)
07/22/26 17:27:32 Event: ULOG_SUBMIT for HTCondor Node apply (9419907.107.0) {07/22/26 17:27:26}
07/22/26 17:27:32 Number of idle job procs: 11
07/22/26 17:27:32 Reassigning the id of job apply from (9419907.107.0) to (9419907.108.0)
07/22/26 17:27:32 Event: ULOG_SUBMIT for HTCondor Node apply (9419907.108.0) {07/22/26 17:27:26}
07/22/26 17:27:32 Number of idle job procs: 12
07/22/26 17:27:32 Reassigning the id of job apply from (9419907.108.0) to (9419907.109.0)
07/22/26 17:27:32 Event: ULOG_SUBMIT for HTCondor Node apply (9419907.109.0) {07/22/26 17:27:26}
07/22/26 17:27:32 Number of idle job procs: 13
07/22/26 17:27:32 Reassigning the id of job apply from (9419907.109.0) to (9419907.11.0)
07/22/26 17:27:32 Event: ULOG_SUBMIT for HTCondor Node apply (9419907.11.0) {07/22/26 17:27:26}
07/22/26 17:27:32 Number of idle job procs: 14
07/22/26 17:27:32 Reassigning the id of job apply from (9419907.11.0) to (9419907.110.0)
07/22/26 17:27:32 Event: ULOG_SUBMIT for HTCondor Node apply (9419907.110.0) {07/22/26 17:27:26}
07/22/26 17:27:32 Number of idle job procs: 15
07/22/26 17:27:32 Reassigning the id of job apply from (9419907.110.0) to (9419907.111.0)
07/22/26 17:27:32 Event: ULOG_SUBMIT for HTCondor Node apply (9419907.111.0) {07/22/26 17:27:26}
07/22/26 17:27:32 Number of idle job procs: 16
07/22/26 17:27:32 Reassigning the id of job apply from (9419907.111.0) to (9419907.112.0)
07/22/26 17:27:32 Event: ULOG_SUBMIT for HTCondor Node apply (9419907.112.0) {07/22/26 17:27:26}
07/22/26 17:27:32 Number of idle job procs: 17
07/22/26 17:27:32 Reassigning the id of job apply from (9419907.112.0) to (9419907.113.0)
07/22/26 17:27:32 Event: ULOG_SUBMIT for HTCondor Node apply (9419907.113.0) {07/22/26 17:27:26}
07/22/26 17:27:32 Number of idle job procs: 18
07/22/26 17:27:32 Reassigning the id of job apply from (9419907.113.0) to (9419907.114.0)
07/22/26 17:27:32 Event: ULOG_SUBMIT for HTCondor Node apply (9419907.114.0) {07/22/26 17:27:26}
07/22/26 17:27:32 Number of idle job procs: 19
07/22/26 17:27:32 Reassigning the id of job apply from (9419907.114.0) to (9419907.115.0)
07/22/26 17:27:32 Event: ULOG_SUBMIT for HTCondor Node apply (9419907.115.0) {07/22/26 17:27:26}
07/22/26 17:27:32 Number of idle job procs: 20
07/22/26 17:27:32 Reassigning the id of job apply from (9419907.115.0) to (9419907.116.0)
07/22/26 17:27:32 Event: ULOG_SUBMIT for HTCondor Node apply (9419907.116.0) {07/22/26 17:27:26}
07/22/26 17:27:32 Number of idle job procs: 21
07/22/26 17:27:32 Reassigning the id of job apply from (9419907.116.0) to (9419907.117.0)
07/22/26 17:27:32 Event: ULOG_SUBMIT for HTCondor Node apply (9419907.117.0) {07/22/26 17:27:26}
07/22/26 17:27:32 Number of idle job procs: 22
07/22/26 17:27:32 Reassigning the id of job apply from (9419907.117.0) to (9419907.118.0)
07/22/26 17:27:32 Event: ULOG_SUBMIT for HTCondor Node apply (9419907.118.0) {07/22/26 17:27:26}
07/22/26 17:27:32 Number of idle job procs: 23
07/22/26 17:27:32 Reassigning the id of job apply from (9419907.118.0) to (9419907.119.0)
07/22/26 17:27:32 Event: ULOG_SUBMIT for HTCondor Node apply (9419907.119.0) {07/22/26 17:27:26}
07/22/26 17:27:32 Number of idle job procs: 24
07/22/26 17:27:32 Reassigning the id of job apply from (9419907.119.0) to (9419907.12.0)
07/22/26 17:27:32 Event: ULOG_SUBMIT for HTCondor Node apply (9419907.12.0) {07/22/26 17:27:26}
07/22/26 17:27:32 Number of idle job procs: 25
07/22/26 17:27:32 Reassigning the id of job apply from (9419907.12.0) to (9419907.13.0)
07/22/26 17:27:32 Event: ULOG_SUBMIT for HTCondor Node apply (9419907.13.0) {07/22/26 17:27:26}
07/22/26 17:27:32 Number of idle job procs: 26
07/22/26 17:27:32 Reassigning the id of job apply from (9419907.13.0) to (9419907.14.0)
07/22/26 17:27:32 Event: ULOG_SUBMIT for HTCondor Node apply (9419907.14.0) {07/22/26 17:27:26}
07/22/26 17:27:32 Number of idle job procs: 27
07/22/26 17:27:32 Reassigning the id of job apply from (9419907.14.0) to (9419907.15.0)
07/22/26 17:27:32 Event: ULOG_SUBMIT for HTCondor Node apply (9419907.15.0) {07/22/26 17:27:26}
07/22/26 17:27:32 Number of idle job procs: 28
07/22/26 17:27:32 Reassigning the id of job apply from (9419907.15.0) to (9419907.16.0)
07/22/26 17:27:32 Event: ULOG_SUBMIT for HTCondor Node apply (9419907.16.0) {07/22/26 17:27:26}
07/22/26 17:27:32 Number of idle job procs: 29
07/22/26 17:27:32 Reassigning the id of job apply from (9419907.16.0) to (9419907.17.0)
07/22/26 17:27:32 Event: ULOG_SUBMIT for HTCondor Node apply (9419907.17.0) {07/22/26 17:27:26}
07/22/26 17:27:32 Number of idle job procs: 30
07/22/26 17:27:32 Reassigning the id of job apply from (9419907.17.0) to (9419907.18.0)
07/22/26 17:27:32 Event: ULOG_SUBMIT for HTCondor Node apply (9419907.18.0) {07/22/26 17:27:26}
07/22/26 17:27:32 Number of idle job procs: 31
07/22/26 17:27:32 Reassigning the id of job apply from (9419907.18.0) to (9419907.19.0)
07/22/26 17:27:32 Event: ULOG_SUBMIT for HTCondor Node apply (9419907.19.0) {07/22/26 17:27:26}
07/22/26 17:27:32 Number of idle job procs: 32
07/22/26 17:27:32 Reassigning the id of job apply from (9419907.19.0) to (9419907.2.0)
07/22/26 17:27:32 Event: ULOG_SUBMIT for HTCondor Node apply (9419907.2.0) {07/22/26 17:27:26}
07/22/26 17:27:32 Number of idle job procs: 33
07/22/26 17:27:32 Reassigning the id of job apply from (9419907.2.0) to (9419907.20.0)
07/22/26 17:27:32 Event: ULOG_SUBMIT for HTCondor Node apply (9419907.20.0) {07/22/26 17:27:26}
07/22/26 17:27:32 Number of idle job procs: 34
07/22/26 17:27:32 Reassigning the id of job apply from (9419907.20.0) to (9419907.21.0)
07/22/26 17:27:32 Event: ULOG_SUBMIT for HTCondor Node apply (9419907.21.0) {07/22/26 17:27:26}
07/22/26 17:27:32 Number of idle job procs: 35
07/22/26 17:27:32 Reassigning the id of job apply from (9419907.21.0) to (9419907.22.0)
07/22/26 17:27:32 Event: ULOG_SUBMIT for HTCondor Node apply (9419907.22.0) {07/22/26 17:27:26}
07/22/26 17:27:32 Number of idle job procs: 36
07/22/26 17:27:32 Reassigning the id of job apply from (9419907.22.0) to (9419907.23.0)
07/22/26 17:27:32 Event: ULOG_SUBMIT for HTCondor Node apply (9419907.23.0) {07/22/26 17:27:26}
07/22/26 17:27:32 Number of idle job procs: 37
07/22/26 17:27:32 Reassigning the id of job apply from (9419907.23.0) to (9419907.24.0)
07/22/26 17:27:32 Event: ULOG_SUBMIT for HTCondor Node apply (9419907.24.0) {07/22/26 17:27:26}
07/22/26 17:27:32 Number of idle job procs: 38
07/22/26 17:27:32 Reassigning the id of job apply from (9419907.24.0) to (9419907.25.0)
07/22/26 17:27:32 Event: ULOG_SUBMIT for HTCondor Node apply (9419907.25.0) {07/22/26 17:27:26}
07/22/26 17:27:32 Number of idle job procs: 39
07/22/26 17:27:32 Reassigning the id of job apply from (9419907.25.0) to (9419907.26.0)
07/22/26 17:27:32 Event: ULOG_SUBMIT for HTCondor Node apply (9419907.26.0) {07/22/26 17:27:26}
07/22/26 17:27:32 Number of idle job procs: 40
07/22/26 17:27:32 Reassigning the id of job apply from (9419907.26.0) to (9419907.27.0)
07/22/26 17:27:32 Event: ULOG_SUBMIT for HTCondor Node apply (9419907.27.0) {07/22/26 17:27:26}
07/22/26 17:27:32 Number of idle job procs: 41
07/22/26 17:27:32 Reassigning the id of job apply from (9419907.27.0) to (9419907.28.0)
07/22/26 17:27:32 Event: ULOG_SUBMIT for HTCondor Node apply (9419907.28.0) {07/22/26 17:27:26}
07/22/26 17:27:32 Number of idle job procs: 42
07/22/26 17:27:32 Reassigning the id of job apply from (9419907.28.0) to (9419907.29.0)
07/22/26 17:27:32 Event: ULOG_SUBMIT for HTCondor Node apply (9419907.29.0) {07/22/26 17:27:26}
07/22/26 17:27:32 Number of idle job procs: 43
07/22/26 17:27:32 Reassigning the id of job apply from (9419907.29.0) to (9419907.3.0)
07/22/26 17:27:32 Event: ULOG_SUBMIT for HTCondor Node apply (9419907.3.0) {07/22/26 17:27:27}
07/22/26 17:27:32 Number of idle job procs: 44
07/22/26 17:27:32 Reassigning the id of job apply from (9419907.3.0) to (9419907.30.0)
07/22/26 17:27:32 Event: ULOG_SUBMIT for HTCondor Node apply (9419907.30.0) {07/22/26 17:27:27}
07/22/26 17:27:32 Number of idle job procs: 45
07/22/26 17:27:32 Reassigning the id of job apply from (9419907.30.0) to (9419907.31.0)
07/22/26 17:27:32 Event: ULOG_SUBMIT for HTCondor Node apply (9419907.31.0) {07/22/26 17:27:27}
07/22/26 17:27:32 Number of idle job procs: 46
07/22/26 17:27:32 Reassigning the id of job apply from (9419907.31.0) to (9419907.32.0)
07/22/26 17:27:32 Event: ULOG_SUBMIT for HTCondor Node apply (9419907.32.0) {07/22/26 17:27:27}
07/22/26 17:27:32 Number of idle job procs: 47
07/22/26 17:27:32 Reassigning the id of job apply from (9419907.32.0) to (9419907.33.0)
07/22/26 17:27:32 Event: ULOG_SUBMIT for HTCondor Node apply (9419907.33.0) {07/22/26 17:27:27}
07/22/26 17:27:32 Number of idle job procs: 48
07/22/26 17:27:32 Reassigning the id of job apply from (9419907.33.0) to (9419907.34.0)
07/22/26 17:27:32 Event: ULOG_SUBMIT for HTCondor Node apply (9419907.34.0) {07/22/26 17:27:27}
07/22/26 17:27:32 Number of idle job procs: 49
07/22/26 17:27:32 Reassigning the id of job apply from (9419907.34.0) to (9419907.35.0)
07/22/26 17:27:32 Event: ULOG_SUBMIT for HTCondor Node apply (9419907.35.0) {07/22/26 17:27:27}
07/22/26 17:27:32 Number of idle job procs: 50
07/22/26 17:27:32 Reassigning the id of job apply from (9419907.35.0) to (9419907.36.0)
07/22/26 17:27:32 Event: ULOG_SUBMIT for HTCondor Node apply (9419907.36.0) {07/22/26 17:27:27}
07/22/26 17:27:32 Number of idle job procs: 51
07/22/26 17:27:32 Reassigning the id of job apply from (9419907.36.0) to (9419907.37.0)
07/22/26 17:27:32 Event: ULOG_SUBMIT for HTCondor Node apply (9419907.37.0) {07/22/26 17:27:27}
07/22/26 17:27:32 Number of idle job procs: 52
07/22/26 17:27:32 Reassigning the id of job apply from (9419907.37.0) to (9419907.38.0)
07/22/26 17:27:32 Event: ULOG_SUBMIT for HTCondor Node apply (9419907.38.0) {07/22/26 17:27:27}
07/22/26 17:27:32 Number of idle job procs: 53
07/22/26 17:27:32 Reassigning the id of job apply from (9419907.38.0) to (9419907.39.0)
07/22/26 17:27:32 Event: ULOG_SUBMIT for HTCondor Node apply (9419907.39.0) {07/22/26 17:27:27}
07/22/26 17:27:32 Number of idle job procs: 54
07/22/26 17:27:32 Reassigning the id of job apply from (9419907.39.0) to (9419907.4.0)
07/22/26 17:27:32 Event: ULOG_SUBMIT for HTCondor Node apply (9419907.4.0) {07/22/26 17:27:27}
07/22/26 17:27:32 Number of idle job procs: 55
07/22/26 17:27:32 Reassigning the id of job apply from (9419907.4.0) to (9419907.40.0)
07/22/26 17:27:32 Event: ULOG_SUBMIT for HTCondor Node apply (9419907.40.0) {07/22/26 17:27:27}
07/22/26 17:27:32 Number of idle job procs: 56
07/22/26 17:27:32 Reassigning the id of job apply from (9419907.40.0) to (9419907.41.0)
07/22/26 17:27:32 Event: ULOG_SUBMIT for HTCondor Node apply (9419907.41.0) {07/22/26 17:27:27}
07/22/26 17:27:32 Number of idle job procs: 57
07/22/26 17:27:32 Reassigning the id of job apply from (9419907.41.0) to (9419907.42.0)
07/22/26 17:27:32 Event: ULOG_SUBMIT for HTCondor Node apply (9419907.42.0) {07/22/26 17:27:27}
07/22/26 17:27:32 Number of idle job procs: 58
07/22/26 17:27:32 Reassigning the id of job apply from (9419907.42.0) to (9419907.43.0)
07/22/26 17:27:32 Event: ULOG_SUBMIT for HTCondor Node apply (9419907.43.0) {07/22/26 17:27:27}
07/22/26 17:27:32 Number of idle job procs: 59
07/22/26 17:27:32 Reassigning the id of job apply from (9419907.43.0) to (9419907.44.0)
07/22/26 17:27:32 Event: ULOG_SUBMIT for HTCondor Node apply (9419907.44.0) {07/22/26 17:27:27}
07/22/26 17:27:32 Number of idle job procs: 60
07/22/26 17:27:32 Reassigning the id of job apply from (9419907.44.0) to (9419907.45.0)
07/22/26 17:27:32 Event: ULOG_SUBMIT for HTCondor Node apply (9419907.45.0) {07/22/26 17:27:27}
07/22/26 17:27:32 Number of idle job procs: 61
07/22/26 17:27:32 Reassigning the id of job apply from (9419907.45.0) to (9419907.46.0)
07/22/26 17:27:32 Event: ULOG_SUBMIT for HTCondor Node apply (9419907.46.0) {07/22/26 17:27:27}
07/22/26 17:27:32 Number of idle job procs: 62
07/22/26 17:27:32 Reassigning the id of job apply from (9419907.46.0) to (9419907.47.0)
07/22/26 17:27:32 Event: ULOG_SUBMIT for HTCondor Node apply (9419907.47.0) {07/22/26 17:27:27}
07/22/26 17:27:32 Number of idle job procs: 63
07/22/26 17:27:32 Reassigning the id of job apply from (9419907.47.0) to (9419907.48.0)
07/22/26 17:27:32 Event: ULOG_SUBMIT for HTCondor Node apply (9419907.48.0) {07/22/26 17:27:27}
07/22/26 17:27:32 Number of idle job procs: 64
07/22/26 17:27:32 Reassigning the id of job apply from (9419907.48.0) to (9419907.49.0)
07/22/26 17:27:32 Event: ULOG_SUBMIT for HTCondor Node apply (9419907.49.0) {07/22/26 17:27:27}
07/22/26 17:27:32 Number of idle job procs: 65
07/22/26 17:27:32 Reassigning the id of job apply from (9419907.49.0) to (9419907.5.0)
07/22/26 17:27:32 Event: ULOG_SUBMIT for HTCondor Node apply (9419907.5.0) {07/22/26 17:27:27}
07/22/26 17:27:32 Number of idle job procs: 66
07/22/26 17:27:32 Reassigning the id of job apply from (9419907.5.0) to (9419907.50.0)
07/22/26 17:27:32 Event: ULOG_SUBMIT for HTCondor Node apply (9419907.50.0) {07/22/26 17:27:27}
07/22/26 17:27:32 Number of idle job procs: 67
07/22/26 17:27:32 Reassigning the id of job apply from (9419907.50.0) to (9419907.51.0)
07/22/26 17:27:32 Event: ULOG_SUBMIT for HTCondor Node apply (9419907.51.0) {07/22/26 17:27:27}
07/22/26 17:27:32 Number of idle job procs: 68
07/22/26 17:27:32 Reassigning the id of job apply from (9419907.51.0) to (9419907.52.0)
07/22/26 17:27:32 Event: ULOG_SUBMIT for HTCondor Node apply (9419907.52.0) {07/22/26 17:27:27}
07/22/26 17:27:32 Number of idle job procs: 69
07/22/26 17:27:32 Reassigning the id of job apply from (9419907.52.0) to (9419907.53.0)
07/22/26 17:27:32 Event: ULOG_SUBMIT for HTCondor Node apply (9419907.53.0) {07/22/26 17:27:27}
07/22/26 17:27:32 Number of idle job procs: 70
07/22/26 17:27:32 Reassigning the id of job apply from (9419907.53.0) to (9419907.54.0)
07/22/26 17:27:32 Event: ULOG_SUBMIT for HTCondor Node apply (9419907.54.0) {07/22/26 17:27:27}
07/22/26 17:27:32 Number of idle job procs: 71
07/22/26 17:27:32 Reassigning the id of job apply from (9419907.54.0) to (9419907.55.0)
07/22/26 17:27:32 Event: ULOG_SUBMIT for HTCondor Node apply (9419907.55.0) {07/22/26 17:27:27}
07/22/26 17:27:32 Number of idle job procs: 72
07/22/26 17:27:32 Reassigning the id of job apply from (9419907.55.0) to (9419907.56.0)
07/22/26 17:27:32 Event: ULOG_SUBMIT for HTCondor Node apply (9419907.56.0) {07/22/26 17:27:27}
07/22/26 17:27:32 Number of idle job procs: 73
07/22/26 17:27:32 Reassigning the id of job apply from (9419907.56.0) to (9419907.57.0)
07/22/26 17:27:32 Event: ULOG_SUBMIT for HTCondor Node apply (9419907.57.0) {07/22/26 17:27:27}
07/22/26 17:27:32 Number of idle job procs: 74
07/22/26 17:27:32 Reassigning the id of job apply from (9419907.57.0) to (9419907.58.0)
07/22/26 17:27:32 Event: ULOG_SUBMIT for HTCondor Node apply (9419907.58.0) {07/22/26 17:27:27}
07/22/26 17:27:32 Number of idle job procs: 75
07/22/26 17:27:32 Reassigning the id of job apply from (9419907.58.0) to (9419907.59.0)
07/22/26 17:27:32 Event: ULOG_SUBMIT for HTCondor Node apply (9419907.59.0) {07/22/26 17:27:27}
07/22/26 17:27:32 Number of idle job procs: 76
07/22/26 17:27:32 Reassigning the id of job apply from (9419907.59.0) to (9419907.6.0)
07/22/26 17:27:32 Event: ULOG_SUBMIT for HTCondor Node apply (9419907.6.0) {07/22/26 17:27:27}
07/22/26 17:27:32 Number of idle job procs: 77
07/22/26 17:27:32 Reassigning the id of job apply from (9419907.6.0) to (9419907.60.0)
07/22/26 17:27:32 Event: ULOG_SUBMIT for HTCondor Node apply (9419907.60.0) {07/22/26 17:27:27}
07/22/26 17:27:32 Number of idle job procs: 78
07/22/26 17:27:32 Reassigning the id of job apply from (9419907.60.0) to (9419907.61.0)
07/22/26 17:27:32 Event: ULOG_SUBMIT for HTCondor Node apply (9419907.61.0) {07/22/26 17:27:27}
07/22/26 17:27:32 Number of idle job procs: 79
07/22/26 17:27:32 Reassigning the id of job apply from (9419907.61.0) to (9419907.62.0)
07/22/26 17:27:32 Event: ULOG_SUBMIT for HTCondor Node apply (9419907.62.0) {07/22/26 17:27:27}
07/22/26 17:27:32 Number of idle job procs: 80
07/22/26 17:27:32 Reassigning the id of job apply from (9419907.62.0) to (9419907.63.0)
07/22/26 17:27:32 Event: ULOG_SUBMIT for HTCondor Node apply (9419907.63.0) {07/22/26 17:27:27}
07/22/26 17:27:32 Number of idle job procs: 81
07/22/26 17:27:32 Reassigning the id of job apply from (9419907.63.0) to (9419907.64.0)
07/22/26 17:27:32 Event: ULOG_SUBMIT for HTCondor Node apply (9419907.64.0) {07/22/26 17:27:27}
07/22/26 17:27:32 Number of idle job procs: 82
07/22/26 17:27:32 Reassigning the id of job apply from (9419907.64.0) to (9419907.65.0)
07/22/26 17:27:32 Event: ULOG_SUBMIT for HTCondor Node apply (9419907.65.0) {07/22/26 17:27:27}
07/22/26 17:27:32 Number of idle job procs: 83
07/22/26 17:27:32 Reassigning the id of job apply from (9419907.65.0) to (9419907.66.0)
07/22/26 17:27:32 Event: ULOG_SUBMIT for HTCondor Node apply (9419907.66.0) {07/22/26 17:27:27}
07/22/26 17:27:32 Number of idle job procs: 84
07/22/26 17:27:32 Reassigning the id of job apply from (9419907.66.0) to (9419907.67.0)
07/22/26 17:27:32 Event: ULOG_SUBMIT for HTCondor Node apply (9419907.67.0) {07/22/26 17:27:27}
07/22/26 17:27:32 Number of idle job procs: 85
07/22/26 17:27:32 Reassigning the id of job apply from (9419907.67.0) to (9419907.68.0)
07/22/26 17:27:32 Event: ULOG_SUBMIT for HTCondor Node apply (9419907.68.0) {07/22/26 17:27:27}
07/22/26 17:27:32 Number of idle job procs: 86
07/22/26 17:27:32 Reassigning the id of job apply from (9419907.68.0) to (9419907.69.0)
07/22/26 17:27:32 Event: ULOG_SUBMIT for HTCondor Node apply (9419907.69.0) {07/22/26 17:27:27}
07/22/26 17:27:32 Number of idle job procs: 87
07/22/26 17:27:32 Reassigning the id of job apply from (9419907.69.0) to (9419907.7.0)
07/22/26 17:27:32 Event: ULOG_SUBMIT for HTCondor Node apply (9419907.7.0) {07/22/26 17:27:27}
07/22/26 17:27:32 Number of idle job procs: 88
07/22/26 17:27:32 Reassigning the id of job apply from (9419907.7.0) to (9419907.70.0)
07/22/26 17:27:32 Event: ULOG_SUBMIT for HTCondor Node apply (9419907.70.0) {07/22/26 17:27:27}
07/22/26 17:27:32 Number of idle job procs: 89
07/22/26 17:27:32 Reassigning the id of job apply from (9419907.70.0) to (9419907.71.0)
07/22/26 17:27:32 Event: ULOG_SUBMIT for HTCondor Node apply (9419907.71.0) {07/22/26 17:27:27}
07/22/26 17:27:32 Number of idle job procs: 90
07/22/26 17:27:32 Reassigning the id of job apply from (9419907.71.0) to (9419907.72.0)
07/22/26 17:27:32 Event: ULOG_SUBMIT for HTCondor Node apply (9419907.72.0) {07/22/26 17:27:27}
07/22/26 17:27:32 Number of idle job procs: 91
07/22/26 17:27:32 Reassigning the id of job apply from (9419907.72.0) to (9419907.73.0)
07/22/26 17:27:32 Event: ULOG_SUBMIT for HTCondor Node apply (9419907.73.0) {07/22/26 17:27:27}
07/22/26 17:27:32 Number of idle job procs: 92
07/22/26 17:27:32 Reassigning the id of job apply from (9419907.73.0) to (9419907.74.0)
07/22/26 17:27:32 Event: ULOG_SUBMIT for HTCondor Node apply (9419907.74.0) {07/22/26 17:27:27}
07/22/26 17:27:32 Number of idle job procs: 93
07/22/26 17:27:32 Reassigning the id of job apply from (9419907.74.0) to (9419907.75.0)
07/22/26 17:27:32 Event: ULOG_SUBMIT for HTCondor Node apply (9419907.75.0) {07/22/26 17:27:27}
07/22/26 17:27:32 Number of idle job procs: 94
07/22/26 17:27:32 Reassigning the id of job apply from (9419907.75.0) to (9419907.76.0)
07/22/26 17:27:32 Event: ULOG_SUBMIT for HTCondor Node apply (9419907.76.0) {07/22/26 17:27:27}
07/22/26 17:27:32 Number of idle job procs: 95
07/22/26 17:27:32 Reassigning the id of job apply from (9419907.76.0) to (9419907.77.0)
07/22/26 17:27:32 Event: ULOG_SUBMIT for HTCondor Node apply (9419907.77.0) {07/22/26 17:27:27}
07/22/26 17:27:32 Number of idle job procs: 96
07/22/26 17:27:32 Reassigning the id of job apply from (9419907.77.0) to (9419907.78.0)
07/22/26 17:27:32 Event: ULOG_SUBMIT for HTCondor Node apply (9419907.78.0) {07/22/26 17:27:27}
07/22/26 17:27:32 Number of idle job procs: 97
07/22/26 17:27:32 Reassigning the id of job apply from (9419907.78.0) to (9419907.79.0)
07/22/26 17:27:32 Event: ULOG_SUBMIT for HTCondor Node apply (9419907.79.0) {07/22/26 17:27:27}
07/22/26 17:27:32 Number of idle job procs: 98
07/22/26 17:27:32 Reassigning the id of job apply from (9419907.79.0) to (9419907.8.0)
07/22/26 17:27:32 Event: ULOG_SUBMIT for HTCondor Node apply (9419907.8.0) {07/22/26 17:27:27}
07/22/26 17:27:32 Number of idle job procs: 99
07/22/26 17:27:32 Reassigning the id of job apply from (9419907.8.0) to (9419907.80.0)
07/22/26 17:27:32 Event: ULOG_SUBMIT for HTCondor Node apply (9419907.80.0) {07/22/26 17:27:27}
07/22/26 17:27:32 Number of idle job procs: 100
07/22/26 17:27:32 Reassigning the id of job apply from (9419907.80.0) to (9419907.81.0)
07/22/26 17:27:32 Event: ULOG_SUBMIT for HTCondor Node apply (9419907.81.0) {07/22/26 17:27:27}
07/22/26 17:27:32 Number of idle job procs: 101
07/22/26 17:27:32 Reassigning the id of job apply from (9419907.81.0) to (9419907.82.0)
07/22/26 17:27:32 Event: ULOG_SUBMIT for HTCondor Node apply (9419907.82.0) {07/22/26 17:27:27}
07/22/26 17:27:32 Number of idle job procs: 102
07/22/26 17:27:32 Reassigning the id of job apply from (9419907.82.0) to (9419907.83.0)
07/22/26 17:27:32 Event: ULOG_SUBMIT for HTCondor Node apply (9419907.83.0) {07/22/26 17:27:27}
07/22/26 17:27:32 Number of idle job procs: 103
07/22/26 17:27:32 Reassigning the id of job apply from (9419907.83.0) to (9419907.84.0)
07/22/26 17:27:32 Event: ULOG_SUBMIT for HTCondor Node apply (9419907.84.0) {07/22/26 17:27:27}
07/22/26 17:27:32 Number of idle job procs: 104
07/22/26 17:27:32 Reassigning the id of job apply from (9419907.84.0) to (9419907.85.0)
07/22/26 17:27:32 Event: ULOG_SUBMIT for HTCondor Node apply (9419907.85.0) {07/22/26 17:27:27}
07/22/26 17:27:32 Number of idle job procs: 105
07/22/26 17:27:32 Reassigning the id of job apply from (9419907.85.0) to (9419907.86.0)
07/22/26 17:27:32 Event: ULOG_SUBMIT for HTCondor Node apply (9419907.86.0) {07/22/26 17:27:27}
07/22/26 17:27:32 Number of idle job procs: 106
07/22/26 17:27:32 Reassigning the id of job apply from (9419907.86.0) to (9419907.87.0)
07/22/26 17:27:32 Event: ULOG_SUBMIT for HTCondor Node apply (9419907.87.0) {07/22/26 17:27:27}
07/22/26 17:27:32 Number of idle job procs: 107
07/22/26 17:27:32 Reassigning the id of job apply from (9419907.87.0) to (9419907.88.0)
07/22/26 17:27:32 Event: ULOG_SUBMIT for HTCondor Node apply (9419907.88.0) {07/22/26 17:27:27}
07/22/26 17:27:32 Number of idle job procs: 108
07/22/26 17:27:32 Reassigning the id of job apply from (9419907.88.0) to (9419907.89.0)
07/22/26 17:27:32 Event: ULOG_SUBMIT for HTCondor Node apply (9419907.89.0) {07/22/26 17:27:27}
07/22/26 17:27:32 Number of idle job procs: 109
07/22/26 17:27:32 Reassigning the id of job apply from (9419907.89.0) to (9419907.9.0)
07/22/26 17:27:32 Event: ULOG_SUBMIT for HTCondor Node apply (9419907.9.0) {07/22/26 17:27:27}
07/22/26 17:27:32 Number of idle job procs: 110
07/22/26 17:27:32 Reassigning the id of job apply from (9419907.9.0) to (9419907.90.0)
07/22/26 17:27:32 Event: ULOG_SUBMIT for HTCondor Node apply (9419907.90.0) {07/22/26 17:27:27}
07/22/26 17:27:32 Number of idle job procs: 111
07/22/26 17:27:32 Reassigning the id of job apply from (9419907.90.0) to (9419907.91.0)
07/22/26 17:27:32 Event: ULOG_SUBMIT for HTCondor Node apply (9419907.91.0) {07/22/26 17:27:27}
07/22/26 17:27:32 Number of idle job procs: 112
07/22/26 17:27:32 Reassigning the id of job apply from (9419907.91.0) to (9419907.92.0)
07/22/26 17:27:32 Event: ULOG_SUBMIT for HTCondor Node apply (9419907.92.0) {07/22/26 17:27:27}
07/22/26 17:27:32 Number of idle job procs: 113
07/22/26 17:27:33 Reassigning the id of job apply from (9419907.92.0) to (9419907.93.0)
07/22/26 17:27:33 Event: ULOG_SUBMIT for HTCondor Node apply (9419907.93.0) {07/22/26 17:27:27}
07/22/26 17:27:33 Number of idle job procs: 114
07/22/26 17:27:33 Reassigning the id of job apply from (9419907.93.0) to (9419907.94.0)
07/22/26 17:27:33 Event: ULOG_SUBMIT for HTCondor Node apply (9419907.94.0) {07/22/26 17:27:27}
07/22/26 17:27:33 Number of idle job procs: 115
07/22/26 17:27:33 Reassigning the id of job apply from (9419907.94.0) to (9419907.95.0)
07/22/26 17:27:33 Event: ULOG_SUBMIT for HTCondor Node apply (9419907.95.0) {07/22/26 17:27:27}
07/22/26 17:27:33 Number of idle job procs: 116
07/22/26 17:27:33 Reassigning the id of job apply from (9419907.95.0) to (9419907.96.0)
07/22/26 17:27:33 Event: ULOG_SUBMIT for HTCondor Node apply (9419907.96.0) {07/22/26 17:27:27}
07/22/26 17:27:33 Number of idle job procs: 117
07/22/26 17:27:33 Reassigning the id of job apply from (9419907.96.0) to (9419907.97.0)
07/22/26 17:27:33 Event: ULOG_SUBMIT for HTCondor Node apply (9419907.97.0) {07/22/26 17:27:27}
07/22/26 17:27:33 Number of idle job procs: 118
07/22/26 17:27:33 Reassigning the id of job apply from (9419907.97.0) to (9419907.98.0)
07/22/26 17:27:33 Event: ULOG_SUBMIT for HTCondor Node apply (9419907.98.0) {07/22/26 17:27:27}
07/22/26 17:27:33 Number of idle job procs: 119
07/22/26 17:27:33 Reassigning the id of job apply from (9419907.98.0) to (9419907.99.0)
07/22/26 17:27:33 Event: ULOG_SUBMIT for HTCondor Node apply (9419907.99.0) {07/22/26 17:27:27}
07/22/26 17:27:33 Number of idle job procs: 120
07/22/26 17:27:33 Event: ULOG_EXECUTE for HTCondor Node apply (9419907.0.0) {07/22/26 17:27:31}
07/22/26 17:27:33 Number of idle job procs: 119
07/22/26 17:32:33 Total jobs placed to AP: 121
07/22/26 17:32:33      Idle     Held     Running     Successful     Failed
07/22/26 17:32:33       ===      ===         ===            ===        ===
07/22/26 17:32:33       119        0           1              1          0
07/22/26 17:34:08 Currently monitoring 1 HTCondor log file(s)
07/22/26 17:34:08 Event: ULOG_EXECUTE for HTCondor Node apply (9419907.1.0) {07/22/26 17:34:06}
07/22/26 17:34:08 Number of idle job procs: 118
07/22/26 17:34:08 Event: ULOG_EXECUTE for HTCondor Node apply (9419907.2.0) {07/22/26 17:34:06}
07/22/26 17:34:08 Number of idle job procs: 117
07/22/26 17:34:08 Event: ULOG_EXECUTE for HTCondor Node apply (9419907.3.0) {07/22/26 17:34:07}
07/22/26 17:34:08 Number of idle job procs: 116
07/22/26 17:34:08 Event: ULOG_EXECUTE for HTCondor Node apply (9419907.4.0) {07/22/26 17:34:07}
07/22/26 17:34:08 Number of idle job procs: 115
07/22/26 17:34:08 Event: ULOG_EXECUTE for HTCondor Node apply (9419907.5.0) {07/22/26 17:34:07}
07/22/26 17:34:08 Number of idle job procs: 114
07/22/26 17:34:08 Event: ULOG_EXECUTE for HTCondor Node apply (9419907.6.0) {07/22/26 17:34:08}
07/22/26 17:34:08 Number of idle job procs: 113
07/22/26 17:34:13 Currently monitoring 1 HTCondor log file(s)
07/22/26 17:34:13 Event: ULOG_EXECUTE for HTCondor Node apply (9419907.7.0) {07/22/26 17:34:08}
07/22/26 17:34:13 Number of idle job procs: 112
07/22/26 17:34:13 Event: ULOG_EXECUTE for HTCondor Node apply (9419907.9.0) {07/22/26 17:34:08}
07/22/26 17:34:13 Number of idle job procs: 111
07/22/26 17:34:13 Event: ULOG_EXECUTE for HTCondor Node apply (9419907.8.0) {07/22/26 17:34:08}
07/22/26 17:34:13 Number of idle job procs: 110
07/22/26 17:34:13 Event: ULOG_EXECUTE for HTCondor Node apply (9419907.11.0) {07/22/26 17:34:09}
07/22/26 17:34:13 Number of idle job procs: 109
07/22/26 17:34:13 Event: ULOG_EXECUTE for HTCondor Node apply (9419907.12.0) {07/22/26 17:34:09}
07/22/26 17:34:13 Number of idle job procs: 108
07/22/26 17:34:13 Event: ULOG_EXECUTE for HTCondor Node apply (9419907.13.0) {07/22/26 17:34:10}
07/22/26 17:34:13 Number of idle job procs: 107
07/22/26 17:34:13 Event: ULOG_EXECUTE for HTCondor Node apply (9419907.14.0) {07/22/26 17:34:10}
07/22/26 17:34:13 Number of idle job procs: 106
07/22/26 17:34:13 Event: ULOG_EXECUTE for HTCondor Node apply (9419907.15.0) {07/22/26 17:34:11}
07/22/26 17:34:13 Number of idle job procs: 105
07/22/26 17:34:13 Event: ULOG_EXECUTE for HTCondor Node apply (9419907.16.0) {07/22/26 17:34:11}
07/22/26 17:34:13 Number of idle job procs: 104
07/22/26 17:34:14 Event: ULOG_EXECUTE for HTCondor Node apply (9419907.17.0) {07/22/26 17:34:11}
07/22/26 17:34:14 Number of idle job procs: 103
07/22/26 17:34:14 Event: ULOG_EXECUTE for HTCondor Node apply (9419907.18.0) {07/22/26 17:34:11}
07/22/26 17:34:14 Number of idle job procs: 102
07/22/26 17:34:14 Event: ULOG_EXECUTE for HTCondor Node apply (9419907.10.0) {07/22/26 17:34:12}
07/22/26 17:34:14 Number of idle job procs: 101
07/22/26 17:34:14 Event: ULOG_EXECUTE for HTCondor Node apply (9419907.19.0) {07/22/26 17:34:12}
07/22/26 17:34:14 Number of idle job procs: 100
07/22/26 17:34:14 Event: ULOG_EXECUTE for HTCondor Node apply (9419907.20.0) {07/22/26 17:34:12}
07/22/26 17:34:14 Number of idle job procs: 99
07/22/26 17:34:14 Event: ULOG_EXECUTE for HTCondor Node apply (9419907.22.0) {07/22/26 17:34:13}
07/22/26 17:34:14 Number of idle job procs: 98
07/22/26 17:34:14 Event: ULOG_EXECUTE for HTCondor Node apply (9419907.23.0) {07/22/26 17:34:14}
07/22/26 17:34:14 Number of idle job procs: 97
07/22/26 17:34:19 Currently monitoring 1 HTCondor log file(s)
07/22/26 17:34:19 Event: ULOG_EXECUTE for HTCondor Node apply (9419907.24.0) {07/22/26 17:34:14}
07/22/26 17:34:19 Number of idle job procs: 96
07/22/26 17:34:19 Event: ULOG_EXECUTE for HTCondor Node apply (9419907.25.0) {07/22/26 17:34:15}
07/22/26 17:34:19 Number of idle job procs: 95
07/22/26 17:34:19 Event: ULOG_EXECUTE for HTCondor Node apply (9419907.26.0) {07/22/26 17:34:15}
07/22/26 17:34:19 Number of idle job procs: 94
07/22/26 17:34:19 Event: ULOG_EXECUTE for HTCondor Node apply (9419907.27.0) {07/22/26 17:34:15}
07/22/26 17:34:19 Number of idle job procs: 93
07/22/26 17:34:19 Event: ULOG_EXECUTE for HTCondor Node apply (9419907.28.0) {07/22/26 17:34:16}
07/22/26 17:34:19 Number of idle job procs: 92
07/22/26 17:34:19 Event: ULOG_EXECUTE for HTCondor Node apply (9419907.29.0) {07/22/26 17:34:16}
07/22/26 17:34:19 Number of idle job procs: 91
07/22/26 17:34:19 Event: ULOG_EXECUTE for HTCondor Node apply (9419907.30.0) {07/22/26 17:34:16}
07/22/26 17:34:19 Number of idle job procs: 90
07/22/26 17:34:19 Event: ULOG_EXECUTE for HTCondor Node apply (9419907.21.0) {07/22/26 17:34:16}
07/22/26 17:34:19 Number of idle job procs: 89
07/22/26 17:34:19 Event: ULOG_EXECUTE for HTCondor Node apply (9419907.31.0) {07/22/26 17:34:16}
07/22/26 17:34:19 Number of idle job procs: 88
07/22/26 17:34:19 Event: ULOG_EXECUTE for HTCondor Node apply (9419907.32.0) {07/22/26 17:34:16}
07/22/26 17:34:19 Number of idle job procs: 87
07/22/26 17:34:20 Event: ULOG_EXECUTE for HTCondor Node apply (9419907.33.0) {07/22/26 17:34:16}
07/22/26 17:34:20 Number of idle job procs: 86
07/22/26 17:34:20 Event: ULOG_EXECUTE for HTCondor Node apply (9419907.34.0) {07/22/26 17:34:17}
07/22/26 17:34:20 Number of idle job procs: 85
07/22/26 17:34:20 Event: ULOG_EXECUTE for HTCondor Node apply (9419907.35.0) {07/22/26 17:34:17}
07/22/26 17:34:20 Number of idle job procs: 84
07/22/26 17:34:20 Event: ULOG_EXECUTE for HTCondor Node apply (9419907.36.0) {07/22/26 17:34:18}
07/22/26 17:34:20 Number of idle job procs: 83
07/22/26 17:34:20 Event: ULOG_EXECUTE for HTCondor Node apply (9419907.37.0) {07/22/26 17:34:18}
07/22/26 17:34:20 Number of idle job procs: 82
07/22/26 17:34:20 Event: ULOG_EXECUTE for HTCondor Node apply (9419907.38.0) {07/22/26 17:34:18}
07/22/26 17:34:20 Number of idle job procs: 81
07/22/26 17:34:20 Event: ULOG_EXECUTE for HTCondor Node apply (9419907.39.0) {07/22/26 17:34:18}
07/22/26 17:34:20 Number of idle job procs: 80
07/22/26 17:34:20 Event: ULOG_EXECUTE for HTCondor Node apply (9419907.40.0) {07/22/26 17:34:19}
07/22/26 17:34:20 Number of idle job procs: 79
07/22/26 17:34:20 Event: ULOG_EXECUTE for HTCondor Node apply (9419907.41.0) {07/22/26 17:34:19}
07/22/26 17:34:20 Number of idle job procs: 78
07/22/26 17:34:20 Event: ULOG_EXECUTE for HTCondor Node apply (9419907.42.0) {07/22/26 17:34:19}
07/22/26 17:34:20 Number of idle job procs: 77
07/22/26 17:34:20 Event: ULOG_EXECUTE for HTCondor Node apply (9419907.43.0) {07/22/26 17:34:20}
07/22/26 17:34:20 Number of idle job procs: 76
07/22/26 17:34:20 Event: ULOG_EXECUTE for HTCondor Node apply (9419907.45.0) {07/22/26 17:34:20}
07/22/26 17:34:20 Number of idle job procs: 75
07/22/26 17:34:20 Event: ULOG_EXECUTE for HTCondor Node apply (9419907.44.0) {07/22/26 17:34:20}
07/22/26 17:34:20 Number of idle job procs: 74
07/22/26 17:34:26 Currently monitoring 1 HTCondor log file(s)
07/22/26 17:34:26 Event: ULOG_EXECUTE for HTCondor Node apply (9419907.47.0) {07/22/26 17:34:21}
07/22/26 17:34:26 Number of idle job procs: 73
07/22/26 17:34:26 Event: ULOG_EXECUTE for HTCondor Node apply (9419907.48.0) {07/22/26 17:34:21}
07/22/26 17:34:26 Number of idle job procs: 72
07/22/26 17:34:26 Event: ULOG_EXECUTE for HTCondor Node apply (9419907.49.0) {07/22/26 17:34:22}
07/22/26 17:34:26 Number of idle job procs: 71
07/22/26 17:34:26 Event: ULOG_EXECUTE for HTCondor Node apply (9419907.53.0) {07/22/26 17:34:22}
07/22/26 17:34:26 Number of idle job procs: 70
07/22/26 17:34:26 Event: ULOG_EXECUTE for HTCondor Node apply (9419907.50.0) {07/22/26 17:34:23}
07/22/26 17:34:26 Number of idle job procs: 69
07/22/26 17:34:26 Event: ULOG_EXECUTE for HTCondor Node apply (9419907.46.0) {07/22/26 17:34:23}
07/22/26 17:34:26 Number of idle job procs: 68
07/22/26 17:34:26 Event: ULOG_EXECUTE for HTCondor Node apply (9419907.54.0) {07/22/26 17:34:23}
07/22/26 17:34:26 Number of idle job procs: 67
07/22/26 17:34:26 Event: ULOG_EXECUTE for HTCondor Node apply (9419907.51.0) {07/22/26 17:34:23}
07/22/26 17:34:26 Number of idle job procs: 66
07/22/26 17:34:26 Event: ULOG_EXECUTE for HTCondor Node apply (9419907.52.0) {07/22/26 17:34:23}
07/22/26 17:34:26 Number of idle job procs: 65
07/22/26 17:34:26 Event: ULOG_EXECUTE for HTCondor Node apply (9419907.55.0) {07/22/26 17:34:24}
07/22/26 17:34:26 Number of idle job procs: 64
07/22/26 17:34:26 Event: ULOG_EXECUTE for HTCondor Node apply (9419907.58.0) {07/22/26 17:34:25}
07/22/26 17:34:26 Number of idle job procs: 63
07/22/26 17:34:26 Event: ULOG_EXECUTE for HTCondor Node apply (9419907.59.0) {07/22/26 17:34:25}
07/22/26 17:34:27 Number of idle job procs: 62
07/22/26 17:34:27 Event: ULOG_EXECUTE for HTCondor Node apply (9419907.60.0) {07/22/26 17:34:25}
07/22/26 17:34:27 Number of idle job procs: 61
07/22/26 17:34:27 Event: ULOG_EXECUTE for HTCondor Node apply (9419907.61.0) {07/22/26 17:34:26}
07/22/26 17:34:27 Number of idle job procs: 60
07/22/26 17:34:27 Event: ULOG_EXECUTE for HTCondor Node apply (9419907.62.0) {07/22/26 17:34:26}
07/22/26 17:34:27 Number of idle job procs: 59
07/22/26 17:34:27 Event: ULOG_EXECUTE for HTCondor Node apply (9419907.63.0) {07/22/26 17:34:26}
07/22/26 17:34:27 Number of idle job procs: 58
07/22/26 17:34:32 Currently monitoring 1 HTCondor log file(s)
07/22/26 17:34:32 Event: ULOG_EXECUTE for HTCondor Node apply (9419907.56.0) {07/22/26 17:34:27}
07/22/26 17:34:32 Number of idle job procs: 57
07/22/26 17:34:32 Event: ULOG_EXECUTE for HTCondor Node apply (9419907.64.0) {07/22/26 17:34:27}
07/22/26 17:34:32 Number of idle job procs: 56
07/22/26 17:34:32 Event: ULOG_EXECUTE for HTCondor Node apply (9419907.57.0) {07/22/26 17:34:27}
07/22/26 17:34:32 Number of idle job procs: 55
07/22/26 17:34:32 Event: ULOG_EXECUTE for HTCondor Node apply (9419907.65.0) {07/22/26 17:34:27}
07/22/26 17:34:32 Number of idle job procs: 54
07/22/26 17:34:32 Event: ULOG_EXECUTE for HTCondor Node apply (9419907.66.0) {07/22/26 17:34:27}
07/22/26 17:34:32 Number of idle job procs: 53
07/22/26 17:34:33 Event: ULOG_EXECUTE for HTCondor Node apply (9419907.68.0) {07/22/26 17:34:28}
07/22/26 17:34:33 Number of idle job procs: 52
07/22/26 17:34:33 Event: ULOG_EXECUTE for HTCondor Node apply (9419907.67.0) {07/22/26 17:34:28}
07/22/26 17:34:33 Number of idle job procs: 51
07/22/26 17:34:33 Event: ULOG_EXECUTE for HTCondor Node apply (9419907.69.0) {07/22/26 17:34:28}
07/22/26 17:34:33 Number of idle job procs: 50
07/22/26 17:34:33 Event: ULOG_EXECUTE for HTCondor Node apply (9419907.70.0) {07/22/26 17:34:29}
07/22/26 17:34:33 Number of idle job procs: 49
07/22/26 17:34:33 Event: ULOG_EXECUTE for HTCondor Node apply (9419907.71.0) {07/22/26 17:34:29}
07/22/26 17:34:33 Number of idle job procs: 48
07/22/26 17:34:33 Event: ULOG_EXECUTE for HTCondor Node apply (9419907.75.0) {07/22/26 17:34:29}
07/22/26 17:34:33 Number of idle job procs: 47
07/22/26 17:34:33 Event: ULOG_EXECUTE for HTCondor Node apply (9419907.72.0) {07/22/26 17:34:29}
07/22/26 17:34:33 Number of idle job procs: 46
07/22/26 17:34:34 Event: ULOG_EXECUTE for HTCondor Node apply (9419907.73.0) {07/22/26 17:34:30}
07/22/26 17:34:34 Number of idle job procs: 45
07/22/26 17:34:34 Event: ULOG_EXECUTE for HTCondor Node apply (9419907.76.0) {07/22/26 17:34:30}
07/22/26 17:34:34 Number of idle job procs: 44
07/22/26 17:34:34 Event: ULOG_EXECUTE for HTCondor Node apply (9419907.74.0) {07/22/26 17:34:30}
07/22/26 17:34:34 Number of idle job procs: 43
07/22/26 17:34:34 Event: ULOG_EXECUTE for HTCondor Node apply (9419907.78.0) {07/22/26 17:34:30}
07/22/26 17:34:34 Number of idle job procs: 42
07/22/26 17:34:34 Event: ULOG_EXECUTE for HTCondor Node apply (9419907.77.0) {07/22/26 17:34:30}
07/22/26 17:34:34 Number of idle job procs: 41
07/22/26 17:34:34 Event: ULOG_EXECUTE for HTCondor Node apply (9419907.79.0) {07/22/26 17:34:31}
07/22/26 17:34:34 Number of idle job procs: 40
07/22/26 17:34:34 Event: ULOG_EXECUTE for HTCondor Node apply (9419907.81.0) {07/22/26 17:34:32}
07/22/26 17:34:34 Number of idle job procs: 39
07/22/26 17:34:34 Event: ULOG_EXECUTE for HTCondor Node apply (9419907.82.0) {07/22/26 17:34:32}
07/22/26 17:34:34 Number of idle job procs: 38
07/22/26 17:34:34 Event: ULOG_EXECUTE for HTCondor Node apply (9419907.83.0) {07/22/26 17:34:33}
07/22/26 17:34:35 Number of idle job procs: 37
07/22/26 17:34:35 Event: ULOG_EXECUTE for HTCondor Node apply (9419907.84.0) {07/22/26 17:34:33}
07/22/26 17:34:35 Number of idle job procs: 36
07/22/26 17:34:35 Event: ULOG_EXECUTE for HTCondor Node apply (9419907.85.0) {07/22/26 17:34:33}
07/22/26 17:34:35 Number of idle job procs: 35
07/22/26 17:34:35 Event: ULOG_EXECUTE for HTCondor Node apply (9419907.87.0) {07/22/26 17:34:34}
07/22/26 17:34:35 Number of idle job procs: 34
07/22/26 17:34:35 Event: ULOG_EXECUTE for HTCondor Node apply (9419907.80.0) {07/22/26 17:34:34}
07/22/26 17:34:35 Number of idle job procs: 33
07/22/26 17:34:35 Event: ULOG_EXECUTE for HTCondor Node apply (9419907.86.0) {07/22/26 17:34:34}
07/22/26 17:34:35 Number of idle job procs: 32
07/22/26 17:34:35 Event: ULOG_EXECUTE for HTCondor Node apply (9419907.89.0) {07/22/26 17:34:35}
07/22/26 17:34:35 Number of idle job procs: 31
07/22/26 17:34:35 Event: ULOG_EXECUTE for HTCondor Node apply (9419907.90.0) {07/22/26 17:34:35}
07/22/26 17:34:36 Number of idle job procs: 30
07/22/26 17:34:36 Event: ULOG_EXECUTE for HTCondor Node apply (9419907.88.0) {07/22/26 17:34:35}
07/22/26 17:34:36 Number of idle job procs: 29
07/22/26 17:34:41 Currently monitoring 1 HTCondor log file(s)
07/22/26 17:34:41 Event: ULOG_EXECUTE for HTCondor Node apply (9419907.92.0) {07/22/26 17:34:36}
07/22/26 17:34:41 Number of idle job procs: 28
07/22/26 17:34:41 Event: ULOG_EXECUTE for HTCondor Node apply (9419907.91.0) {07/22/26 17:34:36}
07/22/26 17:34:41 Number of idle job procs: 27
07/22/26 17:34:41 Event: ULOG_EXECUTE for HTCondor Node apply (9419907.93.0) {07/22/26 17:34:36}
07/22/26 17:34:41 Number of idle job procs: 26
07/22/26 17:34:41 Event: ULOG_EXECUTE for HTCondor Node apply (9419907.94.0) {07/22/26 17:34:37}
07/22/26 17:34:41 Number of idle job procs: 25
07/22/26 17:34:41 Event: ULOG_EXECUTE for HTCondor Node apply (9419907.95.0) {07/22/26 17:34:37}
07/22/26 17:34:41 Number of idle job procs: 24
07/22/26 17:34:42 Event: ULOG_EXECUTE for HTCondor Node apply (9419907.96.0) {07/22/26 17:34:37}
07/22/26 17:34:42 Number of idle job procs: 23
07/22/26 17:34:42 Event: ULOG_EXECUTE for HTCondor Node apply (9419907.97.0) {07/22/26 17:34:38}
07/22/26 17:34:42 Number of idle job procs: 22
07/22/26 17:34:42 Event: ULOG_EXECUTE for HTCondor Node apply (9419907.99.0) {07/22/26 17:34:39}
07/22/26 17:34:42 Number of idle job procs: 21
07/22/26 17:34:42 Event: ULOG_EXECUTE for HTCondor Node apply (9419907.98.0) {07/22/26 17:34:39}
07/22/26 17:34:42 Number of idle job procs: 20
07/22/26 17:34:42 Event: ULOG_EXECUTE for HTCondor Node apply (9419907.100.0) {07/22/26 17:34:39}
07/22/26 17:34:42 Number of idle job procs: 19
07/22/26 17:34:42 Event: ULOG_EXECUTE for HTCondor Node apply (9419907.101.0) {07/22/26 17:34:39}
07/22/26 17:34:42 Number of idle job procs: 18
07/22/26 17:34:43 Event: ULOG_EXECUTE for HTCondor Node apply (9419907.102.0) {07/22/26 17:34:39}
07/22/26 17:34:43 Number of idle job procs: 17
07/22/26 17:34:43 Event: ULOG_EXECUTE for HTCondor Node apply (9419907.103.0) {07/22/26 17:34:40}
07/22/26 17:34:43 Number of idle job procs: 16
07/22/26 17:34:43 Event: ULOG_EXECUTE for HTCondor Node apply (9419907.104.0) {07/22/26 17:34:41}
07/22/26 17:34:43 Number of idle job procs: 15
07/22/26 17:34:43 Event: ULOG_EXECUTE for HTCondor Node apply (9419907.105.0) {07/22/26 17:34:41}
07/22/26 17:34:43 Number of idle job procs: 14
07/22/26 17:34:43 Event: ULOG_EXECUTE for HTCondor Node apply (9419907.106.0) {07/22/26 17:34:41}
07/22/26 17:34:43 Number of idle job procs: 13
07/22/26 17:34:43 Event: ULOG_EXECUTE for HTCondor Node apply (9419907.107.0) {07/22/26 17:34:41}
07/22/26 17:34:43 Number of idle job procs: 12
07/22/26 17:34:43 Event: ULOG_EXECUTE for HTCondor Node apply (9419907.108.0) {07/22/26 17:34:42}
07/22/26 17:34:43 Number of idle job procs: 11
07/22/26 17:34:44 Event: ULOG_EXECUTE for HTCondor Node apply (9419907.109.0) {07/22/26 17:34:42}
07/22/26 17:34:44 Number of idle job procs: 10
07/22/26 17:34:44 Event: ULOG_EXECUTE for HTCondor Node apply (9419907.110.0) {07/22/26 17:34:42}
07/22/26 17:34:44 Number of idle job procs: 9
07/22/26 17:34:44 Event: ULOG_EXECUTE for HTCondor Node apply (9419907.111.0) {07/22/26 17:34:42}
07/22/26 17:34:44 Number of idle job procs: 8
07/22/26 17:34:44 Event: ULOG_EXECUTE for HTCondor Node apply (9419907.112.0) {07/22/26 17:34:44}
07/22/26 17:34:44 Number of idle job procs: 7
07/22/26 17:34:44 Event: ULOG_EXECUTE for HTCondor Node apply (9419907.113.0) {07/22/26 17:34:44}
07/22/26 17:34:44 Number of idle job procs: 6
07/22/26 17:34:44 Event: ULOG_EXECUTE for HTCondor Node apply (9419907.114.0) {07/22/26 17:34:44}
07/22/26 17:34:44 Number of idle job procs: 5
07/22/26 17:34:44 Event: ULOG_EXECUTE for HTCondor Node apply (9419907.115.0) {07/22/26 17:34:44}
07/22/26 17:34:45 Number of idle job procs: 4
07/22/26 17:34:45 Event: ULOG_EXECUTE for HTCondor Node apply (9419907.116.0) {07/22/26 17:34:45}
07/22/26 17:34:45 Number of idle job procs: 3
07/22/26 17:34:50 Currently monitoring 1 HTCondor log file(s)
07/22/26 17:34:50 Event: ULOG_EXECUTE for HTCondor Node apply (9419907.117.0) {07/22/26 17:34:45}
07/22/26 17:34:50 Number of idle job procs: 2
07/22/26 17:34:50 Event: ULOG_EXECUTE for HTCondor Node apply (9419907.119.0) {07/22/26 17:34:46}
07/22/26 17:34:50 Number of idle job procs: 1
07/22/26 17:34:50 Event: ULOG_EXECUTE for HTCondor Node apply (9419907.118.0) {07/22/26 17:34:48}
07/22/26 17:34:50 Number of idle job procs: 0
07/22/26 17:34:55 Currently monitoring 1 HTCondor log file(s)
07/22/26 17:34:55 Event: ULOG_JOB_TERMINATED for HTCondor Node apply (9419907.13.0) {07/22/26 17:34:55}
07/22/26 17:34:56 Number of idle job procs: 0
07/22/26 17:34:56 Node apply job proc (9419907.13.0) completed successfully.
07/22/26 17:35:41 Currently monitoring 1 HTCondor log file(s)
07/22/26 17:35:41 Event: ULOG_JOB_TERMINATED for HTCondor Node apply (9419907.44.0) {07/22/26 17:35:39}
07/22/26 17:35:41 Number of idle job procs: 0
07/22/26 17:35:41 Node apply job proc (9419907.44.0) completed successfully.
07/22/26 17:35:41 Event: ULOG_JOB_TERMINATED for HTCondor Node apply (9419907.43.0) {07/22/26 17:35:41}
07/22/26 17:35:41 Number of idle job procs: 0
07/22/26 17:35:41 Node apply job proc (9419907.43.0) completed successfully.
07/22/26 17:35:46 Currently monitoring 1 HTCondor log file(s)
07/22/26 17:35:46 Event: ULOG_JOB_TERMINATED for HTCondor Node apply (9419907.45.0) {07/22/26 17:35:42}
07/22/26 17:35:46 Number of idle job procs: 0
07/22/26 17:35:46 Node apply job proc (9419907.45.0) completed successfully.
07/22/26 17:35:46 Event: ULOG_JOB_TERMINATED for HTCondor Node apply (9419907.47.0) {07/22/26 17:35:42}
07/22/26 17:35:46 Number of idle job procs: 0
07/22/26 17:35:46 Node apply job proc (9419907.47.0) completed successfully.
07/22/26 17:35:46 Event: ULOG_JOB_TERMINATED for HTCondor Node apply (9419907.39.0) {07/22/26 17:35:43}
07/22/26 17:35:46 Number of idle job procs: 0
07/22/26 17:35:46 Node apply job proc (9419907.39.0) completed successfully.
07/22/26 17:35:46 Event: ULOG_JOB_TERMINATED for HTCondor Node apply (9419907.40.0) {07/22/26 17:35:43}
07/22/26 17:35:46 Number of idle job procs: 0
07/22/26 17:35:46 Node apply job proc (9419907.40.0) completed successfully.
07/22/26 17:35:46 Event: ULOG_JOB_TERMINATED for HTCondor Node apply (9419907.42.0) {07/22/26 17:35:44}
07/22/26 17:35:46 Number of idle job procs: 0
07/22/26 17:35:46 Node apply job proc (9419907.42.0) completed successfully.
07/22/26 17:35:51 Currently monitoring 1 HTCondor log file(s)
07/22/26 17:35:51 Event: ULOG_JOB_TERMINATED for HTCondor Node apply (9419907.46.0) {07/22/26 17:35:46}
07/22/26 17:35:51 Number of idle job procs: 0
07/22/26 17:35:51 Node apply job proc (9419907.46.0) completed successfully.
07/22/26 17:35:51 Event: ULOG_JOB_TERMINATED for HTCondor Node apply (9419907.71.0) {07/22/26 17:35:48}
07/22/26 17:35:51 Number of idle job procs: 0
07/22/26 17:35:51 Node apply job proc (9419907.71.0) completed successfully.
07/22/26 17:35:51 Event: ULOG_JOB_TERMINATED for HTCondor Node apply (9419907.113.0) {07/22/26 17:35:49}
07/22/26 17:35:51 Number of idle job procs: 0
07/22/26 17:35:51 Node apply job proc (9419907.113.0) completed successfully.
07/22/26 17:35:56 Currently monitoring 1 HTCondor log file(s)
07/22/26 17:35:56 Event: ULOG_JOB_TERMINATED for HTCondor Node apply (9419907.108.0) {07/22/26 17:35:51}
07/22/26 17:35:56 Number of idle job procs: 0
07/22/26 17:35:56 Node apply job proc (9419907.108.0) completed successfully.
07/22/26 17:35:56 Event: ULOG_JOB_TERMINATED for HTCondor Node apply (9419907.109.0) {07/22/26 17:35:53}
07/22/26 17:35:56 Number of idle job procs: 0
07/22/26 17:35:56 Node apply job proc (9419907.109.0) completed successfully.
07/22/26 17:35:56 Event: ULOG_JOB_TERMINATED for HTCondor Node apply (9419907.112.0) {07/22/26 17:35:53}
07/22/26 17:35:56 Number of idle job procs: 0
07/22/26 17:35:56 Node apply job proc (9419907.112.0) completed successfully.
07/22/26 17:36:01 Currently monitoring 1 HTCondor log file(s)
07/22/26 17:36:01 Event: ULOG_JOB_TERMINATED for HTCondor Node apply (9419907.54.0) {07/22/26 17:35:56}
07/22/26 17:36:01 Number of idle job procs: 0
07/22/26 17:36:01 Node apply job proc (9419907.54.0) completed successfully.
07/22/26 17:36:01 Event: ULOG_JOB_TERMINATED for HTCondor Node apply (9419907.116.0) {07/22/26 17:35:57}
07/22/26 17:36:01 Number of idle job procs: 0
07/22/26 17:36:01 Node apply job proc (9419907.116.0) completed successfully.
07/22/26 17:36:01 Event: ULOG_JOB_TERMINATED for HTCondor Node apply (9419907.117.0) {07/22/26 17:35:59}
07/22/26 17:36:01 Number of idle job procs: 0
07/22/26 17:36:01 Node apply job proc (9419907.117.0) completed successfully.
07/22/26 17:36:06 Currently monitoring 1 HTCondor log file(s)
07/22/26 17:36:06 Event: ULOG_JOB_TERMINATED for HTCondor Node apply (9419907.114.0) {07/22/26 17:36:02}
07/22/26 17:36:06 Number of idle job procs: 0
07/22/26 17:36:06 Node apply job proc (9419907.114.0) completed successfully.
07/22/26 17:36:11 Currently monitoring 1 HTCondor log file(s)
07/22/26 17:36:11 Event: ULOG_JOB_TERMINATED for HTCondor Node apply (9419907.88.0) {07/22/26 17:36:06}
07/22/26 17:36:11 Number of idle job procs: 0
07/22/26 17:36:11 Node apply job proc (9419907.88.0) completed successfully.
07/22/26 17:36:11 Event: ULOG_JOB_TERMINATED for HTCondor Node apply (9419907.95.0) {07/22/26 17:36:07}
07/22/26 17:36:11 Number of idle job procs: 0
07/22/26 17:36:11 Node apply job proc (9419907.95.0) completed successfully.
07/22/26 17:36:11 Event: ULOG_JOB_TERMINATED for HTCondor Node apply (9419907.106.0) {07/22/26 17:36:07}
07/22/26 17:36:11 Number of idle job procs: 0
07/22/26 17:36:11 Node apply job proc (9419907.106.0) completed successfully.
07/22/26 17:36:11 Event: ULOG_JOB_TERMINATED for HTCondor Node apply (9419907.94.0) {07/22/26 17:36:07}
07/22/26 17:36:11 Number of idle job procs: 0
07/22/26 17:36:11 Node apply job proc (9419907.94.0) completed successfully.
07/22/26 17:36:11 Event: ULOG_JOB_TERMINATED for HTCondor Node apply (9419907.115.0) {07/22/26 17:36:07}
07/22/26 17:36:11 Number of idle job procs: 0
07/22/26 17:36:11 Node apply job proc (9419907.115.0) completed successfully.
07/22/26 17:36:16 Currently monitoring 1 HTCondor log file(s)
07/22/26 17:36:16 Event: ULOG_JOB_TERMINATED for HTCondor Node apply (9419907.111.0) {07/22/26 17:36:12}
07/22/26 17:36:16 Number of idle job procs: 0
07/22/26 17:36:16 Node apply job proc (9419907.111.0) completed successfully.
07/22/26 17:36:16 Event: ULOG_JOB_TERMINATED for HTCondor Node apply (9419907.89.0) {07/22/26 17:36:12}
07/22/26 17:36:16 Number of idle job procs: 0
07/22/26 17:36:16 Node apply job proc (9419907.89.0) completed successfully.
07/22/26 17:36:16 Event: ULOG_JOB_TERMINATED for HTCondor Node apply (9419907.87.0) {07/22/26 17:36:12}
07/22/26 17:36:16 Number of idle job procs: 0
07/22/26 17:36:16 Node apply job proc (9419907.87.0) completed successfully.
07/22/26 17:36:16 Event: ULOG_JOB_TERMINATED for HTCondor Node apply (9419907.110.0) {07/22/26 17:36:12}
07/22/26 17:36:16 Number of idle job procs: 0
07/22/26 17:36:16 Node apply job proc (9419907.110.0) completed successfully.
07/22/26 17:36:16 Event: ULOG_JOB_TERMINATED for HTCondor Node apply (9419907.35.0) {07/22/26 17:36:12}
07/22/26 17:36:16 Number of idle job procs: 0
07/22/26 17:36:16 Node apply job proc (9419907.35.0) completed successfully.
07/22/26 17:36:16 Event: ULOG_JOB_TERMINATED for HTCondor Node apply (9419907.90.0) {07/22/26 17:36:12}
07/22/26 17:36:16 Number of idle job procs: 0
07/22/26 17:36:16 Node apply job proc (9419907.90.0) completed successfully.
07/22/26 17:36:16 Event: ULOG_JOB_TERMINATED for HTCondor Node apply (9419907.72.0) {07/22/26 17:36:14}
07/22/26 17:36:16 Number of idle job procs: 0
07/22/26 17:36:16 Node apply job proc (9419907.72.0) completed successfully.
07/22/26 17:36:16 Event: ULOG_JOB_TERMINATED for HTCondor Node apply (9419907.48.0) {07/22/26 17:36:15}
07/22/26 17:36:16 Number of idle job procs: 0
07/22/26 17:36:16 Node apply job proc (9419907.48.0) completed successfully.
07/22/26 17:36:16 Event: ULOG_JOB_TERMINATED for HTCondor Node apply (9419907.118.0) {07/22/26 17:36:15}
07/22/26 17:36:16 Number of idle job procs: 0
07/22/26 17:36:16 Node apply job proc (9419907.118.0) completed successfully.
07/22/26 17:36:16 Event: ULOG_JOB_TERMINATED for HTCondor Node apply (9419907.83.0) {07/22/26 17:36:16}
07/22/26 17:36:16 Number of idle job procs: 0
07/22/26 17:36:16 Node apply job proc (9419907.83.0) completed successfully.
07/22/26 17:36:26 Currently monitoring 1 HTCondor log file(s)
07/22/26 17:36:26 Event: ULOG_JOB_TERMINATED for HTCondor Node apply (9419907.61.0) {07/22/26 17:36:21}
07/22/26 17:36:26 Number of idle job procs: 0
07/22/26 17:36:26 Node apply job proc (9419907.61.0) completed successfully.
07/22/26 17:36:26 Event: ULOG_JOB_TERMINATED for HTCondor Node apply (9419907.84.0) {07/22/26 17:36:22}
07/22/26 17:36:26 Number of idle job procs: 0
07/22/26 17:36:26 Node apply job proc (9419907.84.0) completed successfully.
07/22/26 17:36:26 Event: ULOG_JOB_TERMINATED for HTCondor Node apply (9419907.41.0) {07/22/26 17:36:23}
07/22/26 17:36:26 Number of idle job procs: 0
07/22/26 17:36:26 Node apply job proc (9419907.41.0) completed successfully.
07/22/26 17:36:31 Currently monitoring 1 HTCondor log file(s)
07/22/26 17:36:31 Event: ULOG_JOB_TERMINATED for HTCondor Node apply (9419907.86.0) {07/22/26 17:36:29}
07/22/26 17:36:31 Number of idle job procs: 0
07/22/26 17:36:31 Node apply job proc (9419907.86.0) completed successfully.
07/22/26 17:36:31 Event: ULOG_JOB_TERMINATED for HTCondor Node apply (9419907.50.0) {07/22/26 17:36:30}
07/22/26 17:36:31 Number of idle job procs: 0
07/22/26 17:36:31 Node apply job proc (9419907.50.0) completed successfully.
07/22/26 17:36:36 Currently monitoring 1 HTCondor log file(s)
07/22/26 17:36:36 Event: ULOG_JOB_TERMINATED for HTCondor Node apply (9419907.59.0) {07/22/26 17:36:33}
07/22/26 17:36:36 Number of idle job procs: 0
07/22/26 17:36:36 Node apply job proc (9419907.59.0) completed successfully.
07/22/26 17:36:36 Event: ULOG_JOB_TERMINATED for HTCondor Node apply (9419907.32.0) {07/22/26 17:36:35}
07/22/26 17:36:36 Number of idle job procs: 0
07/22/26 17:36:36 Node apply job proc (9419907.32.0) completed successfully.
07/22/26 17:37:01 Currently monitoring 1 HTCondor log file(s)
07/22/26 17:37:01 Event: ULOG_JOB_TERMINATED for HTCondor Node apply (9419907.36.0) {07/22/26 17:37:00}
07/22/26 17:37:01 Number of idle job procs: 0
07/22/26 17:37:01 Node apply job proc (9419907.36.0) completed successfully.
07/22/26 17:37:01 Event: ULOG_JOB_TERMINATED for HTCondor Node apply (9419907.14.0) {07/22/26 17:37:01}
07/22/26 17:37:01 Number of idle job procs: 0
07/22/26 17:37:01 Node apply job proc (9419907.14.0) completed successfully.
07/22/26 17:37:06 Currently monitoring 1 HTCondor log file(s)
07/22/26 17:37:06 Event: ULOG_JOB_TERMINATED for HTCondor Node apply (9419907.64.0) {07/22/26 17:37:02}
07/22/26 17:37:06 Number of idle job procs: 0
07/22/26 17:37:06 Node apply job proc (9419907.64.0) completed successfully.
07/22/26 17:37:11 Currently monitoring 1 HTCondor log file(s)
07/22/26 17:37:11 Event: ULOG_JOB_TERMINATED for HTCondor Node apply (9419907.63.0) {07/22/26 17:37:07}
07/22/26 17:37:11 Number of idle job procs: 0
07/22/26 17:37:11 Node apply job proc (9419907.63.0) completed successfully.
07/22/26 17:37:21 Currently monitoring 1 HTCondor log file(s)
07/22/26 17:37:21 Event: ULOG_JOB_TERMINATED for HTCondor Node apply (9419907.69.0) {07/22/26 17:37:19}
07/22/26 17:37:21 Number of idle job procs: 0
07/22/26 17:37:21 Node apply job proc (9419907.69.0) completed successfully.
07/22/26 17:37:21 Event: ULOG_JOB_TERMINATED for HTCondor Node apply (9419907.107.0) {07/22/26 17:37:21}
07/22/26 17:37:21 Number of idle job procs: 0
07/22/26 17:37:21 Node apply job proc (9419907.107.0) completed successfully.
07/22/26 17:37:31 Currently monitoring 1 HTCondor log file(s)
07/22/26 17:37:31 Event: ULOG_JOB_TERMINATED for HTCondor Node apply (9419907.99.0) {07/22/26 17:37:31}
07/22/26 17:37:31 Number of idle job procs: 0
07/22/26 17:37:31 Node apply job proc (9419907.99.0) completed successfully.
07/22/26 17:37:41 Currently monitoring 1 HTCondor log file(s)
07/22/26 17:37:41 Event: ULOG_JOB_TERMINATED for HTCondor Node apply (9419907.62.0) {07/22/26 17:37:38}
07/22/26 17:37:41 Number of idle job procs: 0
07/22/26 17:37:41 Node apply job proc (9419907.62.0) completed successfully.
07/22/26 17:38:32 Currently monitoring 1 HTCondor log file(s)
07/22/26 17:38:32 Event: ULOG_JOB_TERMINATED for HTCondor Node apply (9419907.93.0) {07/22/26 17:38:29}
07/22/26 17:38:32 Number of idle job procs: 0
07/22/26 17:38:32 Node apply job proc (9419907.93.0) completed successfully.
07/22/26 17:38:42 Currently monitoring 1 HTCondor log file(s)
07/22/26 17:38:42 Event: ULOG_JOB_TERMINATED for HTCondor Node apply (9419907.66.0) {07/22/26 17:38:38}
07/22/26 17:38:42 Number of idle job procs: 0
07/22/26 17:38:42 Node apply job proc (9419907.66.0) completed successfully.
07/22/26 17:38:42 Event: ULOG_JOB_TERMINATED for HTCondor Node apply (9419907.57.0) {07/22/26 17:38:39}
07/22/26 17:38:42 Number of idle job procs: 0
07/22/26 17:38:42 Node apply job proc (9419907.57.0) completed successfully.
07/22/26 17:38:52 Currently monitoring 1 HTCondor log file(s)
07/22/26 17:38:52 Event: ULOG_JOB_TERMINATED for HTCondor Node apply (9419907.37.0) {07/22/26 17:38:50}
07/22/26 17:38:52 Number of idle job procs: 0
07/22/26 17:38:52 Node apply job proc (9419907.37.0) completed successfully.
07/22/26 17:39:17 Currently monitoring 1 HTCondor log file(s)
07/22/26 17:39:17 Event: ULOG_JOB_TERMINATED for HTCondor Node apply (9419907.55.0) {07/22/26 17:39:12}
07/22/26 17:39:17 Number of idle job procs: 0
07/22/26 17:39:17 Node apply job proc (9419907.55.0) completed successfully.
07/22/26 17:39:37 Currently monitoring 1 HTCondor log file(s)
07/22/26 17:39:37 Event: ULOG_JOB_TERMINATED for HTCondor Node apply (9419907.67.0) {07/22/26 17:39:34}
07/22/26 17:39:37 Number of idle job procs: 0
07/22/26 17:39:37 Node apply job proc (9419907.67.0) completed successfully.
07/22/26 17:39:47 Currently monitoring 1 HTCondor log file(s)
07/22/26 17:39:47 Event: ULOG_JOB_TERMINATED for HTCondor Node apply (9419907.68.0) {07/22/26 17:39:42}
07/22/26 17:39:47 Number of idle job procs: 0
07/22/26 17:39:47 Node apply job proc (9419907.68.0) completed successfully.
07/22/26 17:39:52 Currently monitoring 1 HTCondor log file(s)
07/22/26 17:39:52 Event: ULOG_JOB_TERMINATED for HTCondor Node apply (9419907.51.0) {07/22/26 17:39:49}
07/22/26 17:39:52 Number of idle job procs: 0
07/22/26 17:39:52 Node apply job proc (9419907.51.0) completed successfully.
07/22/26 17:40:12 Currently monitoring 1 HTCondor log file(s)
07/22/26 17:40:12 Event: ULOG_JOB_TERMINATED for HTCondor Node apply (9419907.76.0) {07/22/26 17:40:11}
07/22/26 17:40:12 Number of idle job procs: 0
07/22/26 17:40:12 Node apply job proc (9419907.76.0) completed successfully.
07/22/26 17:40:17 Currently monitoring 1 HTCondor log file(s)
07/22/26 17:40:17 Event: ULOG_JOB_TERMINATED for HTCondor Node apply (9419907.70.0) {07/22/26 17:40:17}
07/22/26 17:40:17 Number of idle job procs: 0
07/22/26 17:40:17 Node apply job proc (9419907.70.0) completed successfully.
07/22/26 17:40:47 Currently monitoring 1 HTCondor log file(s)
07/22/26 17:40:47 Event: ULOG_JOB_TERMINATED for HTCondor Node apply (9419907.100.0) {07/22/26 17:40:43}
07/22/26 17:40:47 Number of idle job procs: 0
07/22/26 17:40:47 Node apply job proc (9419907.100.0) completed successfully.
07/22/26 17:40:52 Currently monitoring 1 HTCondor log file(s)
07/22/26 17:40:52 Event: ULOG_JOB_TERMINATED for HTCondor Node apply (9419907.98.0) {07/22/26 17:40:48}
07/22/26 17:40:52 Number of idle job procs: 0
07/22/26 17:40:52 Node apply job proc (9419907.98.0) completed successfully.
07/22/26 17:40:57 Currently monitoring 1 HTCondor log file(s)
07/22/26 17:40:57 Event: ULOG_JOB_TERMINATED for HTCondor Node apply (9419907.38.0) {07/22/26 17:40:56}
07/22/26 17:40:57 Number of idle job procs: 0
07/22/26 17:40:57 Node apply job proc (9419907.38.0) completed successfully.
07/22/26 17:41:27 Currently monitoring 1 HTCondor log file(s)
07/22/26 17:41:27 Event: ULOG_JOB_TERMINATED for HTCondor Node apply (9419907.60.0) {07/22/26 17:41:26}
07/22/26 17:41:27 Number of idle job procs: 0
07/22/26 17:41:27 Node apply job proc (9419907.60.0) completed successfully.
07/22/26 17:41:42 Currently monitoring 1 HTCondor log file(s)
07/22/26 17:41:42 Event: ULOG_JOB_TERMINATED for HTCondor Node apply (9419907.65.0) {07/22/26 17:41:38}
07/22/26 17:41:42 Number of idle job procs: 0
07/22/26 17:41:42 Node apply job proc (9419907.65.0) completed successfully.
07/22/26 17:42:32 Currently monitoring 1 HTCondor log file(s)
07/22/26 17:42:32 Event: ULOG_JOB_TERMINATED for HTCondor Node apply (9419907.92.0) {07/22/26 17:42:29}
07/22/26 17:42:32 Number of idle job procs: 0
07/22/26 17:42:32 Node apply job proc (9419907.92.0) completed successfully.
07/22/26 17:42:32 Event: ULOG_JOB_TERMINATED for HTCondor Node apply (9419907.25.0) {07/22/26 17:42:29}
07/22/26 17:42:32 Number of idle job procs: 0
07/22/26 17:42:32 Node apply job proc (9419907.25.0) completed successfully.
07/22/26 17:43:22 Currently monitoring 1 HTCondor log file(s)
07/22/26 17:43:22 Event: ULOG_JOB_TERMINATED for HTCondor Node apply (9419907.91.0) {07/22/26 17:43:22}
07/22/26 17:43:22 Number of idle job procs: 0
07/22/26 17:43:22 Node apply job proc (9419907.91.0) completed successfully.
07/22/26 17:44:37 Currently monitoring 1 HTCondor log file(s)
07/22/26 17:44:37 Event: ULOG_JOB_TERMINATED for HTCondor Node apply (9419907.85.0) {07/22/26 17:44:37}
07/22/26 17:44:37 Number of idle job procs: 0
07/22/26 17:44:37 Node apply job proc (9419907.85.0) completed successfully.
07/22/26 17:45:32 Currently monitoring 1 HTCondor log file(s)
07/22/26 17:45:32 Event: ULOG_JOB_TERMINATED for HTCondor Node apply (9419907.49.0) {07/22/26 17:45:31}
07/22/26 17:45:32 Number of idle job procs: 0
07/22/26 17:45:32 Node apply job proc (9419907.49.0) completed successfully.
07/22/26 17:45:42 Currently monitoring 1 HTCondor log file(s)
07/22/26 17:45:42 Event: ULOG_JOB_TERMINATED for HTCondor Node apply (9419907.18.0) {07/22/26 17:45:42}
07/22/26 17:45:42 Number of idle job procs: 0
07/22/26 17:45:42 Node apply job proc (9419907.18.0) completed successfully.
07/22/26 17:45:47 Currently monitoring 1 HTCondor log file(s)
07/22/26 17:45:47 Event: ULOG_JOB_TERMINATED for HTCondor Node apply (9419907.10.0) {07/22/26 17:45:45}
07/22/26 17:45:47 Number of idle job procs: 0
07/22/26 17:45:47 Node apply job proc (9419907.10.0) completed successfully.
07/22/26 17:45:52 Currently monitoring 1 HTCondor log file(s)
07/22/26 17:45:52 Event: ULOG_JOB_TERMINATED for HTCondor Node apply (9419907.101.0) {07/22/26 17:45:51}
07/22/26 17:45:52 Number of idle job procs: 0
07/22/26 17:45:52 Node apply job proc (9419907.101.0) completed successfully.
07/22/26 17:47:33 Total jobs placed to AP: 121
07/22/26 17:47:33      Idle     Held     Running     Successful     Failed
07/22/26 17:47:33       ===      ===         ===            ===        ===
07/22/26 17:47:33         0        0          49             72          0
07/22/26 17:48:03 Currently monitoring 1 HTCondor log file(s)
07/22/26 17:48:03 Event: ULOG_JOB_TERMINATED for HTCondor Node apply (9419907.58.0) {07/22/26 17:47:59}
07/22/26 17:48:03 Number of idle job procs: 0
07/22/26 17:48:03 Node apply job proc (9419907.58.0) completed successfully.
07/22/26 17:48:43 Currently monitoring 1 HTCondor log file(s)
07/22/26 17:48:43 Event: ULOG_JOB_TERMINATED for HTCondor Node apply (9419907.103.0) {07/22/26 17:48:41}
07/22/26 17:48:43 Number of idle job procs: 0
07/22/26 17:48:43 Node apply job proc (9419907.103.0) completed successfully.
07/22/26 17:48:48 Currently monitoring 1 HTCondor log file(s)
07/22/26 17:48:48 Event: ULOG_JOB_TERMINATED for HTCondor Node apply (9419907.12.0) {07/22/26 17:48:46}
07/22/26 17:48:48 Number of idle job procs: 0
07/22/26 17:48:48 Node apply job proc (9419907.12.0) completed successfully.
07/22/26 17:51:24 Currently monitoring 1 HTCondor log file(s)
07/22/26 17:51:24 Event: ULOG_JOB_TERMINATED for HTCondor Node apply (9419907.96.0) {07/22/26 17:51:19}
07/22/26 17:51:24 Number of idle job procs: 0
07/22/26 17:51:24 Node apply job proc (9419907.96.0) completed successfully.
07/22/26 17:51:29 Currently monitoring 1 HTCondor log file(s)
07/22/26 17:51:29 Event: ULOG_JOB_TERMINATED for HTCondor Node apply (9419907.3.0) {07/22/26 17:51:26}
07/22/26 17:51:29 Number of idle job procs: 0
07/22/26 17:51:29 Node apply job proc (9419907.3.0) completed successfully.
07/22/26 17:52:09 Currently monitoring 1 HTCondor log file(s)
07/22/26 17:52:09 Event: ULOG_JOB_TERMINATED for HTCondor Node apply (9419907.56.0) {07/22/26 17:52:04}
07/22/26 17:52:09 Number of idle job procs: 0
07/22/26 17:52:09 Node apply job proc (9419907.56.0) completed successfully.
07/22/26 17:53:14 Currently monitoring 1 HTCondor log file(s)
07/22/26 17:53:14 Event: ULOG_JOB_TERMINATED for HTCondor Node apply (9419907.77.0) {07/22/26 17:53:13}
07/22/26 17:53:14 Number of idle job procs: 0
07/22/26 17:53:14 Node apply job proc (9419907.77.0) completed successfully.
07/22/26 17:53:24 Currently monitoring 1 HTCondor log file(s)
07/22/26 17:53:24 Event: ULOG_JOB_TERMINATED for HTCondor Node apply (9419907.11.0) {07/22/26 17:53:23}
07/22/26 17:53:24 Number of idle job procs: 0
07/22/26 17:53:24 Node apply job proc (9419907.11.0) completed successfully.
07/22/26 17:54:34 Currently monitoring 1 HTCondor log file(s)
07/22/26 17:54:34 Event: ULOG_JOB_TERMINATED for HTCondor Node apply (9419907.52.0) {07/22/26 17:54:33}
07/22/26 17:54:34 Number of idle job procs: 0
07/22/26 17:54:34 Node apply job proc (9419907.52.0) completed successfully.
07/22/26 17:55:54 Currently monitoring 1 HTCondor log file(s)
07/22/26 17:55:54 Event: ULOG_JOB_TERMINATED for HTCondor Node apply (9419907.104.0) {07/22/26 17:55:52}
07/22/26 17:55:54 Number of idle job procs: 0
07/22/26 17:55:54 Node apply job proc (9419907.104.0) completed successfully.
07/22/26 17:56:49 Currently monitoring 1 HTCondor log file(s)
07/22/26 17:56:49 Event: ULOG_JOB_TERMINATED for HTCondor Node apply (9419907.80.0) {07/22/26 17:56:46}
07/22/26 17:56:49 Number of idle job procs: 0
07/22/26 17:56:49 Node apply job proc (9419907.80.0) completed successfully.
07/22/26 17:57:39 Currently monitoring 1 HTCondor log file(s)
07/22/26 17:57:39 Event: ULOG_JOB_TERMINATED for HTCondor Node apply (9419907.79.0) {07/22/26 17:57:38}
07/22/26 17:57:39 Number of idle job procs: 0
07/22/26 17:57:39 Node apply job proc (9419907.79.0) completed successfully.
07/22/26 17:58:34 Currently monitoring 1 HTCondor log file(s)
07/22/26 17:58:34 Event: ULOG_JOB_TERMINATED for HTCondor Node apply (9419907.102.0) {07/22/26 17:58:31}
07/22/26 17:58:34 Number of idle job procs: 0
07/22/26 17:58:34 Node apply job proc (9419907.102.0) completed successfully.
07/22/26 17:58:44 Currently monitoring 1 HTCondor log file(s)
07/22/26 17:58:44 Event: ULOG_JOB_TERMINATED for HTCondor Node apply (9419907.73.0) {07/22/26 17:58:44}
07/22/26 17:58:44 Number of idle job procs: 0
07/22/26 17:58:44 Node apply job proc (9419907.73.0) completed successfully.
07/22/26 17:59:49 Currently monitoring 1 HTCondor log file(s)
07/22/26 17:59:49 Event: ULOG_JOB_TERMINATED for HTCondor Node apply (9419907.78.0) {07/22/26 17:59:49}
07/22/26 17:59:49 Number of idle job procs: 0
07/22/26 17:59:49 Node apply job proc (9419907.78.0) completed successfully.
07/22/26 17:59:54 Currently monitoring 1 HTCondor log file(s)
07/22/26 17:59:54 Event: ULOG_JOB_TERMINATED for HTCondor Node apply (9419907.19.0) {07/22/26 17:59:50}
07/22/26 17:59:54 Number of idle job procs: 0
07/22/26 17:59:54 Node apply job proc (9419907.19.0) completed successfully.
07/22/26 18:00:29 Currently monitoring 1 HTCondor log file(s)
07/22/26 18:00:29 Event: ULOG_JOB_TERMINATED for HTCondor Node apply (9419907.53.0) {07/22/26 18:00:27}
07/22/26 18:00:29 Number of idle job procs: 0
07/22/26 18:00:29 Node apply job proc (9419907.53.0) completed successfully.
07/22/26 18:01:04 Currently monitoring 1 HTCondor log file(s)
07/22/26 18:01:04 Event: ULOG_JOB_TERMINATED for HTCondor Node apply (9419907.9.0) {07/22/26 18:01:03}
07/22/26 18:01:04 Number of idle job procs: 0
07/22/26 18:01:04 Node apply job proc (9419907.9.0) completed successfully.
07/22/26 18:01:09 Currently monitoring 1 HTCondor log file(s)
07/22/26 18:01:09 Event: ULOG_JOB_TERMINATED for HTCondor Node apply (9419907.20.0) {07/22/26 18:01:08}
07/22/26 18:01:09 Number of idle job procs: 0
07/22/26 18:01:09 Node apply job proc (9419907.20.0) completed successfully.
07/22/26 18:02:14 Currently monitoring 1 HTCondor log file(s)
07/22/26 18:02:14 Event: ULOG_JOB_TERMINATED for HTCondor Node apply (9419907.23.0) {07/22/26 18:02:10}
07/22/26 18:02:14 Number of idle job procs: 0
07/22/26 18:02:14 Node apply job proc (9419907.23.0) completed successfully.
07/22/26 18:02:34 Total jobs placed to AP: 121
07/22/26 18:02:34      Idle     Held     Running     Successful     Failed
07/22/26 18:02:34       ===      ===         ===            ===        ===
07/22/26 18:02:34         0        0          29             92          0
07/22/26 18:05:24 Currently monitoring 1 HTCondor log file(s)
07/22/26 18:05:24 Event: ULOG_JOB_TERMINATED for HTCondor Node apply (9419907.7.0) {07/22/26 18:05:20}
07/22/26 18:05:24 Number of idle job procs: 0
07/22/26 18:05:24 Node apply job proc (9419907.7.0) completed successfully.
07/22/26 18:06:44 Currently monitoring 1 HTCondor log file(s)
07/22/26 18:06:44 Event: ULOG_JOB_TERMINATED for HTCondor Node apply (9419907.82.0) {07/22/26 18:06:41}
07/22/26 18:06:44 Number of idle job procs: 0
07/22/26 18:06:44 Node apply job proc (9419907.82.0) completed successfully.
07/22/26 18:06:59 Currently monitoring 1 HTCondor log file(s)
07/22/26 18:06:59 Event: ULOG_JOB_TERMINATED for HTCondor Node apply (9419907.21.0) {07/22/26 18:06:57}
07/22/26 18:06:59 Number of idle job procs: 0
07/22/26 18:06:59 Node apply job proc (9419907.21.0) completed successfully.
07/22/26 18:07:29 Currently monitoring 1 HTCondor log file(s)
07/22/26 18:07:29 Event: ULOG_JOB_TERMINATED for HTCondor Node apply (9419907.0.0) {07/22/26 18:07:28}
07/22/26 18:07:29 Number of idle job procs: 0
07/22/26 18:07:29 Node apply job proc (9419907.0.0) completed successfully.
07/22/26 18:08:19 Currently monitoring 1 HTCondor log file(s)
07/22/26 18:08:19 Event: ULOG_JOB_TERMINATED for HTCondor Node apply (9419907.119.0) {07/22/26 18:08:16}
07/22/26 18:08:19 Number of idle job procs: 0
07/22/26 18:08:19 Node apply job proc (9419907.119.0) completed successfully.
07/22/26 18:08:34 Currently monitoring 1 HTCondor log file(s)
07/22/26 18:08:34 Event: ULOG_JOB_TERMINATED for HTCondor Node apply (9419907.8.0) {07/22/26 18:08:30}
07/22/26 18:08:34 Number of idle job procs: 0
07/22/26 18:08:34 Node apply job proc (9419907.8.0) completed successfully.
07/22/26 18:10:34 Currently monitoring 1 HTCondor log file(s)
07/22/26 18:10:34 Event: ULOG_JOB_TERMINATED for HTCondor Node apply (9419907.16.0) {07/22/26 18:10:34}
07/22/26 18:10:34 Number of idle job procs: 0
07/22/26 18:10:34 Node apply job proc (9419907.16.0) completed successfully.
07/22/26 18:11:09 Currently monitoring 1 HTCondor log file(s)
07/22/26 18:11:09 Event: ULOG_JOB_TERMINATED for HTCondor Node apply (9419907.2.0) {07/22/26 18:11:05}
07/22/26 18:11:09 Number of idle job procs: 0
07/22/26 18:11:09 Node apply job proc (9419907.2.0) completed successfully.
07/22/26 18:11:09 Event: ULOG_JOB_TERMINATED for HTCondor Node apply (9419907.5.0) {07/22/26 18:11:09}
07/22/26 18:11:09 Number of idle job procs: 0
07/22/26 18:11:09 Node apply job proc (9419907.5.0) completed successfully.
07/22/26 18:11:54 Currently monitoring 1 HTCondor log file(s)
07/22/26 18:11:54 Event: ULOG_JOB_TERMINATED for HTCondor Node apply (9419907.4.0) {07/22/26 18:11:50}
07/22/26 18:11:54 Number of idle job procs: 0
07/22/26 18:11:54 Node apply job proc (9419907.4.0) completed successfully.
07/22/26 18:12:19 Currently monitoring 1 HTCondor log file(s)
07/22/26 18:12:19 Event: ULOG_JOB_TERMINATED for HTCondor Node apply (9419907.74.0) {07/22/26 18:12:17}
07/22/26 18:12:20 Number of idle job procs: 0
07/22/26 18:12:20 Node apply job proc (9419907.74.0) completed successfully.
07/22/26 18:13:50 Currently monitoring 1 HTCondor log file(s)
07/22/26 18:13:50 Event: ULOG_JOB_TERMINATED for HTCondor Node apply (9419907.15.0) {07/22/26 18:13:49}
07/22/26 18:13:50 Number of idle job procs: 0
07/22/26 18:13:50 Node apply job proc (9419907.15.0) completed successfully.
07/22/26 18:17:35 Total jobs placed to AP: 121
07/22/26 18:17:35      Idle     Held     Running     Successful     Failed
07/22/26 18:17:35       ===      ===         ===            ===        ===
07/22/26 18:17:35         0        0          17            104          0
07/22/26 18:18:35 Currently monitoring 1 HTCondor log file(s)
07/22/26 18:18:35 Event: ULOG_JOB_TERMINATED for HTCondor Node apply (9419907.97.0) {07/22/26 18:18:32}
07/22/26 18:18:35 Number of idle job procs: 0
07/22/26 18:18:35 Node apply job proc (9419907.97.0) completed successfully.
07/22/26 18:19:40 Currently monitoring 1 HTCondor log file(s)
07/22/26 18:19:40 Event: ULOG_JOB_TERMINATED for HTCondor Node apply (9419907.22.0) {07/22/26 18:19:38}
07/22/26 18:19:40 Number of idle job procs: 0
07/22/26 18:19:40 Node apply job proc (9419907.22.0) completed successfully.
07/22/26 18:22:55 Currently monitoring 1 HTCondor log file(s)
07/22/26 18:22:55 Event: ULOG_JOB_TERMINATED for HTCondor Node apply (9419907.33.0) {07/22/26 18:22:54}
07/22/26 18:22:55 Number of idle job procs: 0
07/22/26 18:22:55 Node apply job proc (9419907.33.0) completed successfully.
07/22/26 18:23:05 Currently monitoring 1 HTCondor log file(s)
07/22/26 18:23:05 Event: ULOG_JOB_TERMINATED for HTCondor Node apply (9419907.17.0) {07/22/26 18:23:03}
07/22/26 18:23:05 Number of idle job procs: 0
07/22/26 18:23:05 Node apply job proc (9419907.17.0) completed successfully.
07/22/26 18:24:46 Currently monitoring 1 HTCondor log file(s)
07/22/26 18:24:46 Event: ULOG_JOB_TERMINATED for HTCondor Node apply (9419907.34.0) {07/22/26 18:24:42}
07/22/26 18:24:46 Number of idle job procs: 0
07/22/26 18:24:46 Node apply job proc (9419907.34.0) completed successfully.
07/22/26 18:26:01 Currently monitoring 1 HTCondor log file(s)
07/22/26 18:26:01 Event: ULOG_JOB_TERMINATED for HTCondor Node apply (9419907.6.0) {07/22/26 18:26:01}
07/22/26 18:26:01 Number of idle job procs: 0
07/22/26 18:26:01 Node apply job proc (9419907.6.0) completed successfully.
07/22/26 18:27:36 Currently monitoring 1 HTCondor log file(s)
07/22/26 18:27:36 Event: ULOG_JOB_TERMINATED for HTCondor Node apply (9419907.105.0) {07/22/26 18:27:33}
07/22/26 18:27:36 Number of idle job procs: 0
07/22/26 18:27:36 Node apply job proc (9419907.105.0) completed successfully.
07/22/26 18:28:21 Currently monitoring 1 HTCondor log file(s)
07/22/26 18:28:21 Event: ULOG_JOB_TERMINATED for HTCondor Node apply (9419907.75.0) {07/22/26 18:28:16}
07/22/26 18:28:21 Number of idle job procs: 0
07/22/26 18:28:21 Node apply job proc (9419907.75.0) completed successfully.
07/22/26 18:32:36 Total jobs placed to AP: 121
07/22/26 18:32:36      Idle     Held     Running     Successful     Failed
07/22/26 18:32:36       ===      ===         ===            ===        ===
07/22/26 18:32:36         0        0           9            112          0
07/22/26 18:33:31 Currently monitoring 1 HTCondor log file(s)
07/22/26 18:33:31 Event: ULOG_JOB_TERMINATED for HTCondor Node apply (9419907.28.0) {07/22/26 18:33:27}
07/22/26 18:33:31 Number of idle job procs: 0
07/22/26 18:33:31 Node apply job proc (9419907.28.0) completed successfully.
07/22/26 18:34:51 Currently monitoring 1 HTCondor log file(s)
07/22/26 18:34:51 Event: ULOG_JOB_TERMINATED for HTCondor Node apply (9419907.1.0) {07/22/26 18:34:48}
07/22/26 18:34:51 Number of idle job procs: 0
07/22/26 18:34:51 Node apply job proc (9419907.1.0) completed successfully.
07/22/26 18:35:06 Currently monitoring 1 HTCondor log file(s)
07/22/26 18:35:06 Event: ULOG_JOB_TERMINATED for HTCondor Node apply (9419907.81.0) {07/22/26 18:35:06}
07/22/26 18:35:06 Number of idle job procs: 0
07/22/26 18:35:06 Node apply job proc (9419907.81.0) completed successfully.
07/22/26 18:45:07 601 seconds since last log event
07/22/26 18:45:07 Pending DAG nodes:
07/22/26 18:45:07   Node apply, HTCondor ID 9419907, status STATUS_SUBMITTED
07/22/26 18:47:37 Total jobs placed to AP: 121
07/22/26 18:47:37      Idle     Held     Running     Successful     Failed
07/22/26 18:47:37       ===      ===         ===            ===        ===
07/22/26 18:47:37         0        0           6            115          0
07/22/26 18:55:08 1202 seconds since last log event
07/22/26 18:55:08 Pending DAG nodes:
07/22/26 18:55:08   Node apply, HTCondor ID 9419907, status STATUS_SUBMITTED
07/22/26 19:02:38 Total jobs placed to AP: 121
07/22/26 19:02:38      Idle     Held     Running     Successful     Failed
07/22/26 19:02:38       ===      ===         ===            ===        ===
07/22/26 19:02:38         0        0           6            115          0
07/22/26 19:03:09 Currently monitoring 1 HTCondor log file(s)
07/22/26 19:03:09 Event: ULOG_JOB_TERMINATED for HTCondor Node apply (9419907.31.0) {07/22/26 19:03:04}
07/22/26 19:03:09 Number of idle job procs: 0
07/22/26 19:03:09 Node apply job proc (9419907.31.0) completed successfully.
07/22/26 19:13:09 600 seconds since last log event
07/22/26 19:13:09 Pending DAG nodes:
07/22/26 19:13:09   Node apply, HTCondor ID 9419907, status STATUS_SUBMITTED
07/22/26 19:17:40 Total jobs placed to AP: 121
07/22/26 19:17:40      Idle     Held     Running     Successful     Failed
07/22/26 19:17:40       ===      ===         ===            ===        ===
07/22/26 19:17:40         0        0           5            116          0
07/22/26 19:23:12 1203 seconds since last log event
07/22/26 19:23:12 Pending DAG nodes:
07/22/26 19:23:12   Node apply, HTCondor ID 9419907, status STATUS_SUBMITTED
07/22/26 19:23:57 Currently monitoring 1 HTCondor log file(s)
07/22/26 19:23:57 Event: ULOG_JOB_TERMINATED for HTCondor Node apply (9419907.24.0) {07/22/26 19:23:55}
07/22/26 19:23:57 Number of idle job procs: 0
07/22/26 19:23:57 Node apply job proc (9419907.24.0) completed successfully.
07/22/26 19:32:43 Total jobs placed to AP: 121
07/22/26 19:32:43      Idle     Held     Running     Successful     Failed
07/22/26 19:32:43       ===      ===         ===            ===        ===
07/22/26 19:32:43         0        0           4            117          0
07/22/26 19:33:58 601 seconds since last log event
07/22/26 19:33:58 Pending DAG nodes:
07/22/26 19:33:58   Node apply, HTCondor ID 9419907, status STATUS_SUBMITTED
07/22/26 19:43:59 1202 seconds since last log event
07/22/26 19:43:59 Pending DAG nodes:
07/22/26 19:43:59   Node apply, HTCondor ID 9419907, status STATUS_SUBMITTED
07/22/26 19:47:44 Total jobs placed to AP: 121
07/22/26 19:47:44      Idle     Held     Running     Successful     Failed
07/22/26 19:47:44       ===      ===         ===            ===        ===
07/22/26 19:47:44         0        0           4            117          0
07/22/26 19:53:59 1802 seconds since last log event
07/22/26 19:53:59 Pending DAG nodes:
07/22/26 19:53:59   Node apply, HTCondor ID 9419907, status STATUS_SUBMITTED
07/22/26 19:54:44 Currently monitoring 1 HTCondor log file(s)
07/22/26 19:54:44 Event: ULOG_JOB_TERMINATED for HTCondor Node apply (9419907.29.0) {07/22/26 19:54:43}
07/22/26 19:54:44 Number of idle job procs: 0
07/22/26 19:54:44 Node apply job proc (9419907.29.0) completed successfully.
07/22/26 20:02:45 Total jobs placed to AP: 121
07/22/26 20:02:45      Idle     Held     Running     Successful     Failed
07/22/26 20:02:45       ===      ===         ===            ===        ===
07/22/26 20:02:45         0        0           3            118          0
07/22/26 20:04:45 601 seconds since last log event
07/22/26 20:04:45 Pending DAG nodes:
07/22/26 20:04:45   Node apply, HTCondor ID 9419907, status STATUS_SUBMITTED
07/22/26 20:14:46 1202 seconds since last log event
07/22/26 20:14:46 Pending DAG nodes:
07/22/26 20:14:46   Node apply, HTCondor ID 9419907, status STATUS_SUBMITTED
07/22/26 20:17:46 Total jobs placed to AP: 121
07/22/26 20:17:46      Idle     Held     Running     Successful     Failed
07/22/26 20:17:46       ===      ===         ===            ===        ===
07/22/26 20:17:46         0        0           3            118          0
07/22/26 20:24:46 1802 seconds since last log event
07/22/26 20:24:46 Pending DAG nodes:
07/22/26 20:24:46   Node apply, HTCondor ID 9419907, status STATUS_SUBMITTED
07/22/26 20:32:47 Total jobs placed to AP: 121
07/22/26 20:32:47      Idle     Held     Running     Successful     Failed
07/22/26 20:32:47       ===      ===         ===            ===        ===
07/22/26 20:32:47         0        0           3            118          0
07/22/26 20:34:47 2403 seconds since last log event
07/22/26 20:34:47 Pending DAG nodes:
07/22/26 20:34:47   Node apply, HTCondor ID 9419907, status STATUS_SUBMITTED
07/22/26 20:38:37 Currently monitoring 1 HTCondor log file(s)
07/22/26 20:38:37 Event: ULOG_JOB_TERMINATED for HTCondor Node apply (9419907.26.0) {07/22/26 20:38:33}
07/22/26 20:38:37 Number of idle job procs: 0
07/22/26 20:38:37 Node apply job proc (9419907.26.0) completed successfully.
07/22/26 20:44:28 Currently monitoring 1 HTCondor log file(s)
07/22/26 20:44:28 Event: ULOG_JOB_TERMINATED for HTCondor Node apply (9419907.27.0) {07/22/26 20:44:24}
07/22/26 20:44:28 Number of idle job procs: 0
07/22/26 20:44:28 Node apply job proc (9419907.27.0) completed successfully.
07/22/26 20:47:48 Total jobs placed to AP: 121
07/22/26 20:47:48      Idle     Held     Running     Successful     Failed
07/22/26 20:47:48       ===      ===         ===            ===        ===
07/22/26 20:47:48         0        0           1            120          0
07/22/26 20:54:28 600 seconds since last log event
07/22/26 20:54:28 Pending DAG nodes:
07/22/26 20:54:28   Node apply, HTCondor ID 9419907, status STATUS_SUBMITTED
07/22/26 21:02:49 Total jobs placed to AP: 121
07/22/26 21:02:49      Idle     Held     Running     Successful     Failed
07/22/26 21:02:49       ===      ===         ===            ===        ===
07/22/26 21:02:49         0        0           1            120          0
07/22/26 21:04:29 1201 seconds since last log event
07/22/26 21:04:29 Pending DAG nodes:
07/22/26 21:04:29   Node apply, HTCondor ID 9419907, status STATUS_SUBMITTED
07/22/26 21:14:30 1802 seconds since last log event
07/22/26 21:14:30 Pending DAG nodes:
07/22/26 21:14:30   Node apply, HTCondor ID 9419907, status STATUS_SUBMITTED
07/22/26 21:17:50 Total jobs placed to AP: 121
07/22/26 21:17:50      Idle     Held     Running     Successful     Failed
07/22/26 21:17:50       ===      ===         ===            ===        ===
07/22/26 21:17:50         0        0           1            120          0
07/22/26 21:22:50 Currently monitoring 1 HTCondor log file(s)
07/22/26 21:22:50 Event: ULOG_JOB_TERMINATED for HTCondor Node apply (9419907.30.0) {07/22/26 21:22:46}
07/22/26 21:22:50 Number of idle job procs: 0
07/22/26 21:22:50 Node apply job proc (9419907.30.0) completed successfully.
07/22/26 21:22:50 Node apply job(s) have exited the queue
07/22/26 21:22:50 DAG status: 0 (DAG_STATUS_OK)
07/22/26 21:22:50 Of 3 nodes total:
07/22/26 21:22:50  Done     Pre   Queued    Post   Ready   Un-Ready   Failed   Futile
07/22/26 21:22:50   ===     ===      ===     ===     ===        ===      ===      ===
07/22/26 21:22:50     2       0        0       0       1          0        0        0
07/22/26 21:22:50 0 job proc(s) currently held
07/22/26 21:22:50 DAGMan Runtime Statistics: [EventCycleTimeAvg=0.008; EventCycleTimeMax=4.059; EventCycleTimeMin=0.000; EventCycleTimeStd=0.120; EventCycleTimeSum=27.402; SleepCycleTimeAvg=5.004; SleepCycleTimeMax=5.027; SleepCycleTimeMin=4.004; SleepCycleTimeStd=0.025; SleepCycleTimeSum=16498.484; SubmitCycleTimeAvg=0.000; SubmitCycleTimeMax=0.760; SubmitCycleTimeMin=0.000; SubmitCycleTimeStd=0.016; SubmitCycleTimeSum=1.285; EventCycleTimeCount=3297.000; SleepCycleTimeCount=3297.000; SubmitCycleTimeCount=3298.000; LogProcessCycleTimeAvg=0.154; LogProcessCycleTimeMax=4.059; LogProcessCycleTimeMin=0.005; LogProcessCycleTimeStd=0.599; LogProcessCycleTimeSum=15.120; LogProcessCycleTimeCount=98.000; ]
07/22/26 21:22:55 Submitting HTCondor Node combine job(s)...
07/22/26 21:22:55 Submitting node combine from file condor/submit_scan_combine.sub using direct job submission
07/22/26 21:22:55 	assigned HTCondor ID (9419916.0.0)
07/22/26 21:22:55 Just submitted 1 job this cycle...
07/22/26 21:22:55 DAG status: 0 (DAG_STATUS_OK)
07/22/26 21:22:55 Of 3 nodes total:
07/22/26 21:22:55  Done     Pre   Queued    Post   Ready   Un-Ready   Failed   Futile
07/22/26 21:22:55   ===     ===      ===     ===     ===        ===      ===      ===
07/22/26 21:22:55     2       0        1       0       0          0        0        0
07/22/26 21:22:55 0 job proc(s) currently held
07/22/26 21:22:55 DAGMan Runtime Statistics: [EventCycleTimeAvg=0.008; EventCycleTimeMax=4.059; EventCycleTimeMin=0.000; EventCycleTimeStd=0.120; EventCycleTimeSum=27.456; SleepCycleTimeAvg=5.004; SleepCycleTimeMax=5.027; SleepCycleTimeMin=4.004; SleepCycleTimeStd=0.025; SleepCycleTimeSum=16503.488; SubmitCycleTimeAvg=0.000; SubmitCycleTimeMax=0.760; SubmitCycleTimeMin=0.000; SubmitCycleTimeStd=0.016; SubmitCycleTimeSum=1.448; EventCycleTimeCount=3298.000; SleepCycleTimeCount=3298.000; SubmitCycleTimeCount=3299.000; LogProcessCycleTimeAvg=0.154; LogProcessCycleTimeMax=4.059; LogProcessCycleTimeMin=0.005; LogProcessCycleTimeStd=0.599; LogProcessCycleTimeSum=15.120; LogProcessCycleTimeCount=98.000; ]
07/22/26 21:23:00 Currently monitoring 1 HTCondor log file(s)
07/22/26 21:23:00 Reassigning the id of job combine from (9419916.0.0) to (9419916.0.0)
07/22/26 21:23:00 Event: ULOG_SUBMIT for HTCondor Node combine (9419916.0.0) {07/22/26 21:22:55}
07/22/26 21:23:00 Number of idle job procs: 1
07/22/26 21:25:46 Currently monitoring 1 HTCondor log file(s)
07/22/26 21:25:46 Event: ULOG_EXECUTE for HTCondor Node combine (9419916.0.0) {07/22/26 21:25:42}
07/22/26 21:25:46 Number of idle job procs: 0
07/22/26 21:32:51 Total jobs placed to AP: 122
07/22/26 21:32:51      Idle     Held     Running     Successful     Failed
07/22/26 21:32:51       ===      ===         ===            ===        ===
07/22/26 21:32:51         0        0           1            121          0
07/22/26 21:35:46 600 seconds since last log event
07/22/26 21:35:46 Pending DAG nodes:
07/22/26 21:35:46   Node combine, HTCondor ID 9419916, status STATUS_SUBMITTED
07/22/26 21:45:47 1201 seconds since last log event
07/22/26 21:45:47 Pending DAG nodes:
07/22/26 21:45:47   Node combine, HTCondor ID 9419916, status STATUS_SUBMITTED
07/22/26 21:47:52 Total jobs placed to AP: 122
07/22/26 21:47:52      Idle     Held     Running     Successful     Failed
07/22/26 21:47:52       ===      ===         ===            ===        ===
07/22/26 21:47:52         0        0           1            121          0
07/22/26 21:53:52 Currently monitoring 1 HTCondor log file(s)
07/22/26 21:53:52 Event: ULOG_JOB_TERMINATED for HTCondor Node combine (9419916.0.0) {07/22/26 21:53:49}
07/22/26 21:53:52 Number of idle job procs: 0
07/22/26 21:53:52 Node combine job proc (9419916.0.0) completed successfully.
07/22/26 21:53:52 Node combine job(s) have exited the queue
07/22/26 21:53:52 DAG status: 0 (DAG_STATUS_OK)
07/22/26 21:53:52 Of 3 nodes total:
07/22/26 21:53:52  Done     Pre   Queued    Post   Ready   Un-Ready   Failed   Futile
07/22/26 21:53:52   ===     ===      ===     ===     ===        ===      ===      ===
07/22/26 21:53:52     3       0        0       0       0          0        0        0
07/22/26 21:53:52 0 job proc(s) currently held
07/22/26 21:53:52 DAGMan Runtime Statistics: [EventCycleTimeAvg=0.008; EventCycleTimeMax=4.059; EventCycleTimeMin=0.000; EventCycleTimeStd=0.114; EventCycleTimeSum=28.150; SleepCycleTimeAvg=5.004; SleepCycleTimeMax=5.027; SleepCycleTimeMin=4.004; SleepCycleTimeStd=0.029; SleepCycleTimeSum=18359.178; SubmitCycleTimeAvg=0.000; SubmitCycleTimeMax=0.760; SubmitCycleTimeMin=0.000; SubmitCycleTimeStd=0.015; SubmitCycleTimeSum=1.448; EventCycleTimeCount=3669.000; SleepCycleTimeCount=3669.000; SubmitCycleTimeCount=3670.000; LogProcessCycleTimeAvg=0.150; LogProcessCycleTimeMax=4.059; LogProcessCycleTimeMin=0.005; LogProcessCycleTimeStd=0.590; LogProcessCycleTimeSum=15.184; LogProcessCycleTimeCount=101.000; ]
07/22/26 21:53:52 All jobs Completed!
07/22/26 21:53:52 Note: 0 total node deferrals because of -MaxJobs limit (0)
07/22/26 21:53:52 Note: 0 total node deferrals because of -MaxIdle limit (1000)
07/22/26 21:53:52 Note: 0 total node deferrals because of node category throttles
07/22/26 21:53:52 Note: 0 total PRE script deferrals because of -MaxPre limit (20) or DEFER
07/22/26 21:53:52 Note: 0 total POST script deferrals because of -MaxPost limit (20) or DEFER
07/22/26 21:53:52 Note: 0 total HOLD script deferrals because of -MaxHold limit (20) or DEFER
07/22/26 21:53:52 DAG status: 0 (DAG_STATUS_OK)
07/22/26 21:53:52 Of 3 nodes total:
07/22/26 21:53:52  Done     Pre   Queued    Post   Ready   Un-Ready   Failed   Futile
07/22/26 21:53:52   ===     ===      ===     ===     ===        ===      ===      ===
07/22/26 21:53:52     3       0        0       0       0          0        0        0
07/22/26 21:53:52 0 job proc(s) currently held
07/22/26 21:53:52 DAGMan Runtime Statistics: [EventCycleTimeAvg=0.008; EventCycleTimeMax=4.059; EventCycleTimeMin=0.000; EventCycleTimeStd=0.114; EventCycleTimeSum=28.150; SleepCycleTimeAvg=5.004; SleepCycleTimeMax=5.027; SleepCycleTimeMin=4.004; SleepCycleTimeStd=0.029; SleepCycleTimeSum=18359.178; SubmitCycleTimeAvg=0.000; SubmitCycleTimeMax=0.760; SubmitCycleTimeMin=0.000; SubmitCycleTimeStd=0.015; SubmitCycleTimeSum=1.448; EventCycleTimeCount=3669.000; SleepCycleTimeCount=3669.000; SubmitCycleTimeCount=3670.000; LogProcessCycleTimeAvg=0.150; LogProcessCycleTimeMax=4.059; LogProcessCycleTimeMin=0.005; LogProcessCycleTimeStd=0.590; LogProcessCycleTimeSum=15.184; LogProcessCycleTimeCount=101.000; ]
07/22/26 21:53:52 Wrote metrics file condor/scan.dag.metrics.
07/22/26 21:53:52 DAGMan Runtime Statistics: [EventCycleTimeAvg=0.008; EventCycleTimeMax=4.059; EventCycleTimeMin=0.000; EventCycleTimeStd=0.114; EventCycleTimeSum=28.150; SleepCycleTimeAvg=5.004; SleepCycleTimeMax=5.027; SleepCycleTimeMin=4.004; SleepCycleTimeStd=0.029; SleepCycleTimeSum=18359.178; SubmitCycleTimeAvg=0.000; SubmitCycleTimeMax=0.760; SubmitCycleTimeMin=0.000; SubmitCycleTimeStd=0.015; SubmitCycleTimeSum=1.448; EventCycleTimeCount=3669.000; SleepCycleTimeCount=3669.000; SubmitCycleTimeCount=3670.000; LogProcessCycleTimeAvg=0.150; LogProcessCycleTimeMax=4.059; LogProcessCycleTimeMin=0.005; LogProcessCycleTimeStd=0.590; LogProcessCycleTimeSum=15.184; LogProcessCycleTimeCount=101.000; ]
07/22/26 21:53:52 **** condor_scheduniv_exec.9419901.0 (condor_DAGMAN) pid 1533502 EXITING WITH STATUS 0
