============================================================
  autoDQM pipeline — variant: notrigger_lvds
  Host : b9p34p1016.cern.ch
  Start: Tue Apr 28 06:16:42 PM UTC 2026
============================================================
  Python : Python 3.9.25  (/usr/bin/python3)
  PYTHONPATH prefix: /afs/cern.ch/user/t/tafoyava/.local/lib/python3.9/site-packages
  Dependencies: OK

  Flags: --no-trigger

============================================================
  autoDQM  ·  pipeline
  config   : config_ignoreDAQConfig.yaml
  model tag              condor_full_260428_Tight_noTrigger_ignoreDAQConfig
  per-run mode           no
  log file               /afs/cern.ch/user/t/tafoyava/autoDQM/isolation_forest/logs/condor_full_260428_Tight_noTrigger_ignoreDAQConfig.csv
  train source           /afs/cern.ch/user/t/tafoyava/autoDQM/data/goodRunsListSlab.json [quality=Tight, fraction=0.1]
  train goodRunList      yes
  run range              1422 … —
  catalogue counts       60,210 total → 17,839 after Tight (94 runs) → 14,041 after range [1422,—] (54 runs) → ~1,404 entries sampled
  apply source           /afs/cern.ch/user/t/tafoyava/autoDQM/data/goodRunsListSlab.json [quality=Tight, fraction=0.1] [shared with training]
  full sample apply      no
  models dir             /afs/cern.ch/user/t/tafoyava/autoDQM/isolation_forest/models/condor_full_260428_Tight_noTrigger_ignoreDAQConfig
  reports dir            /afs/cern.ch/user/t/tafoyava/autoDQM/isolation_forest/reports/condor_full_260428_Tight_noTrigger_ignoreDAQConfig
  plots dir              /afs/cern.ch/user/t/tafoyava/autoDQM/isolation_forest/plots/condor_full_260428_Tight_noTrigger_ignoreDAQConfig
  trigger features       no
  LVDS features          yes
  ignore features        ['TDC*']
  z threshold            6.0σ
  IF contamination       0.01
  alert threshold        2 channels
  alert window           3 consecutive file(s)
  single-file bulk alert 5 ch
  single-file extreme alert z≥15.0
  max subrun plots       5
  plot format            png
  test seed              42
============================================================


============================================================
  STEP 1 — TRAIN
============================================================

  Reading full sample catalogue from /afs/cern.ch/user/t/tafoyava/autoDQM/data/goodRunsListSlab.json [quality=Tight, fraction=0.1] ...

  ── goodRunsListSlab.json statistics ────────────────────────
     Total entries (run+subrun pairs) :   60,210
     Tags                             : {'v1p0': 60210}
     Loose                            :   60,186
     Medium                           :   58,230
     Tight                            :   17,839
  ── After quality filter (Tight)
     Matching entries                 :   17,839
     Unique runs                      :       94
  ── After run range filter (min=1422, max=—)
     Matching entries                 :   14,041
     Unique runs                      :       54
  ── After fraction sub-sample (fraction=0.1, seed=42)
     Sampled entries                  :    1,404
     Unique runs in sample            :       39

  WARNING: 6 catalogue entries had no matching file on disk and were skipped.
  1398 file(s) resolved from full sample (Tight, fraction=0.1).
  Trigger features:        disabled
  LVDS features:           enabled
  Trigger config features: enabled  ['triggerBoard.trigger', 'triggerBoard.prescale', 'triggerBoard.trigger_mask']
  DAQ config features:     disabled
  Ignored features: ['TDC*']
Building reference from scratch...
  [Digitizer_run1422_subrun7.csv] extracting features...
  [Digitizer_run1422_subrun10.csv] extracting features...
  [Digitizer_run1422_subrun19.csv] extracting features...
  [Digitizer_run1422_subrun28.csv] extracting features...
  [Digitizer_run1422_subrun36.csv] extracting features...
  [Digitizer_run1422_subrun43.csv] extracting features...
  [Digitizer_run1422_subrun44.csv] extracting features...
  [Digitizer_run1422_subrun54.csv] extracting features...
  [Digitizer_run1422_subrun59.csv] extracting features...
  [Digitizer_run1422_subrun91.csv] extracting features...
  [Digitizer_run1422_subrun97.csv] extracting features...
  [Digitizer_run1422_subrun107.csv] extracting features...
  [Digitizer_run1422_subrun118.csv] extracting features...
  [Digitizer_run1422_subrun129.csv] extracting features...
  [Digitizer_run1422_subrun153.csv] extracting features...
  [Digitizer_run1422_subrun159.csv] extracting features...
  [Digitizer_run1422_subrun167.csv] extracting features...
  [Digitizer_run1422_subrun189.csv] extracting features...
  [Digitizer_run1422_subrun201.csv] extracting features...
  [Digitizer_run1422_subrun208.csv] extracting features...
  [Digitizer_run1422_subrun225.csv] extracting features...
  [Digitizer_run1422_subrun232.csv] extracting features...
  [Digitizer_run1422_subrun242.csv] extracting features...
  [Digitizer_run1422_subrun252.csv] extracting features...
  [Digitizer_run1422_subrun283.csv] extracting features...
  [Digitizer_run1422_subrun318.csv] extracting features...
  [Digitizer_run1422_subrun320.csv] extracting features...
  [Digitizer_run1422_subrun321.csv] extracting features...
  [Digitizer_run1422_subrun334.csv] extracting features...
  [Digitizer_run1422_subrun340.csv] extracting features...
  [Digitizer_run1422_subrun345.csv] extracting features...
  [Digitizer_run1422_subrun388.csv] extracting features...
  [Digitizer_run1422_subrun401.csv] extracting features...
  [Digitizer_run1422_subrun407.csv] extracting features...
  [Digitizer_run1422_subrun410.csv] extracting features...
  [Digitizer_run1422_subrun421.csv] extracting features...
  [Digitizer_run1422_subrun424.csv] extracting features...
  [Digitizer_run1422_subrun435.csv] extracting features...
  [Digitizer_run1422_subrun442.csv] extracting features...
  [Digitizer_run1422_subrun445.csv] extracting features...
  [Digitizer_run1422_subrun453.csv] extracting features...
  [Digitizer_run1422_subrun471.csv] extracting features...
  [Digitizer_run1422_subrun473.csv] extracting features...
  [Digitizer_run1422_subrun475.csv] extracting features...
  [Digitizer_run1422_subrun476.csv] extracting features...
  [Digitizer_run1422_subrun489.csv] extracting features...
  [Digitizer_run1422_subrun509.csv] extracting features...
  [Digitizer_run1422_subrun515.csv] extracting features...
  [Digitizer_run1422_subrun521.csv] extracting features...
  [Digitizer_run1422_subrun526.csv] extracting features...
  [Digitizer_run1422_subrun535.csv] extracting features...
  [Digitizer_run1422_subrun589.csv] extracting features...
  [Digitizer_run1422_subrun591.csv] extracting features...
  [Digitizer_run1422_subrun602.csv] extracting features...
  [Digitizer_run1422_subrun607.csv] extracting features...
  [Digitizer_run1431_subrun15.csv] extracting features...
  [Digitizer_run1431_subrun23.csv] extracting features...
  [Digitizer_run1431_subrun40.csv] extracting features...
  [Digitizer_run1431_subrun42.csv] extracting features...
  [Digitizer_run1431_subrun48.csv] extracting features...
  [Digitizer_run1431_subrun61.csv] extracting features...
  [Digitizer_run1431_subrun74.csv] extracting features...
  [Digitizer_run1431_subrun100.csv] extracting features...
  [Digitizer_run1431_subrun104.csv] extracting features...
  [Digitizer_run1431_subrun111.csv] extracting features...
  [Digitizer_run1431_subrun116.csv] extracting features...
  [Digitizer_run1432_subrun15.csv] extracting features...
  [Digitizer_run1432_subrun20.csv] extracting features...
  [Digitizer_run1432_subrun23.csv] extracting features...
  [Digitizer_run1432_subrun27.csv] extracting features...
  [Digitizer_run1432_subrun41.csv] extracting features...
  [Digitizer_run1432_subrun91.csv] extracting features...
  [Digitizer_run1432_subrun92.csv] extracting features...
  [Digitizer_run1432_subrun93.csv] extracting features...
  [Digitizer_run1432_subrun98.csv] extracting features...
  [Digitizer_run1432_subrun102.csv] extracting features...
  [Digitizer_run1432_subrun111.csv] extracting features...
  [Digitizer_run1432_subrun115.csv] extracting features...
  [Digitizer_run1432_subrun123.csv] extracting features...
  [Digitizer_run1432_subrun148.csv] extracting features...
  [Digitizer_run1432_subrun157.csv] extracting features...
  [Digitizer_run1432_subrun158.csv] extracting features...
  [Digitizer_run1432_subrun163.csv] extracting features...
  [Digitizer_run1432_subrun186.csv] extracting features...
  [Digitizer_run1432_subrun189.csv] extracting features...
  [Digitizer_run1432_subrun201.csv] extracting features...
  [Digitizer_run1432_subrun206.csv] extracting features...
  [Digitizer_run1432_subrun219.csv] extracting features...
  [Digitizer_run1432_subrun228.csv] extracting features...
  [Digitizer_run1432_subrun230.csv] extracting features...
  [Digitizer_run1432_subrun234.csv] extracting features...
  [Digitizer_run1432_subrun247.csv] extracting features...
  [Digitizer_run1432_subrun256.csv] extracting features...
  [Digitizer_run1432_subrun263.csv] extracting features...
  [Digitizer_run1432_subrun268.csv] extracting features...
  [Digitizer_run1432_subrun290.csv] extracting features...
  [Digitizer_run1432_subrun310.csv] extracting features...
  [Digitizer_run1432_subrun319.csv] extracting features...
  [Digitizer_run1432_subrun322.csv] extracting features...
  [Digitizer_run1432_subrun340.csv] extracting features...
  [Digitizer_run1432_subrun354.csv] extracting features...
  [Digitizer_run1432_subrun374.csv] extracting features...
  [Digitizer_run1432_subrun383.csv] extracting features...
  [Digitizer_run1432_subrun391.csv] extracting features...
  [Digitizer_run1432_subrun392.csv] extracting features...
  [Digitizer_run1432_subrun394.csv] extracting features...
  [Digitizer_run1432_subrun397.csv] extracting features...
  [Digitizer_run1432_subrun399.csv] extracting features...
  [Digitizer_run1432_subrun403.csv] extracting features...
  [Digitizer_run1432_subrun407.csv] extracting features...
  [Digitizer_run1432_subrun409.csv] extracting features...
  [Digitizer_run1432_subrun413.csv] extracting features...
  [Digitizer_run1432_subrun416.csv] extracting features...
  [Digitizer_run1432_subrun430.csv] extracting features...
  [Digitizer_run1432_subrun433.csv] extracting features...
  [Digitizer_run1432_subrun436.csv] extracting features...
  [Digitizer_run1432_subrun439.csv] extracting features...
  [Digitizer_run1432_subrun458.csv] extracting features...
  [Digitizer_run1432_subrun463.csv] extracting features...
  [Digitizer_run1433_subrun1.csv] extracting features...
  [Digitizer_run1434_subrun13.csv] extracting features...
  [Digitizer_run1434_subrun25.csv] extracting features...
  [Digitizer_run1434_subrun29.csv] extracting features...
  [Digitizer_run1434_subrun32.csv] extracting features...
  [Digitizer_run1434_subrun35.csv] extracting features...
  [Digitizer_run1434_subrun45.csv] extracting features...
  [Digitizer_run1434_subrun71.csv] extracting features...
  [Digitizer_run1434_subrun92.csv] extracting features...
  [Digitizer_run1434_subrun93.csv] extracting features...
  [Digitizer_run1436_subrun10.csv] extracting features...
  [Digitizer_run1436_subrun15.csv] extracting features...
  [Digitizer_run1436_subrun18.csv] extracting features...
  [Digitizer_run1436_subrun20.csv] extracting features...
  [Digitizer_run1436_subrun23.csv] extracting features...
  [Digitizer_run1436_subrun33.csv] extracting features...
  [Digitizer_run1436_subrun44.csv] extracting features...
  [Digitizer_run1436_subrun46.csv] extracting features...
  [Digitizer_run1436_subrun78.csv] extracting features...
  [Digitizer_run1436_subrun92.csv] extracting features...
  [Digitizer_run1436_subrun98.csv] extracting features...
  [Digitizer_run1436_subrun105.csv] extracting features...
  [Digitizer_run1436_subrun106.csv] extracting features...
  [Digitizer_run1436_subrun122.csv] extracting features...
  [Digitizer_run1436_subrun127.csv] extracting features...
  [Digitizer_run1436_subrun145.csv] extracting features...
  [Digitizer_run1436_subrun183.csv] extracting features...
  [Digitizer_run1436_subrun192.csv] extracting features...
  [Digitizer_run1436_subrun197.csv] extracting features...
  [Digitizer_run1436_subrun199.csv] extracting features...
  [Digitizer_run1436_subrun215.csv] extracting features...
  [Digitizer_run1436_subrun222.csv] extracting features...
  [Digitizer_run1436_subrun227.csv] extracting features...
  [Digitizer_run1436_subrun230.csv] extracting features...
  [Digitizer_run1436_subrun231.csv] extracting features...
  [Digitizer_run1436_subrun233.csv] extracting features...
  [Digitizer_run1436_subrun238.csv] extracting features...
  [Digitizer_run1436_subrun248.csv] extracting features...
  [Digitizer_run1436_subrun288.csv] extracting features...
  [Digitizer_run1436_subrun292.csv] extracting features...
  [Digitizer_run1436_subrun308.csv] extracting features...
  [Digitizer_run1436_subrun316.csv] extracting features...
  [Digitizer_run1436_subrun329.csv] extracting features...
  [Digitizer_run1436_subrun337.csv] extracting features...
  [Digitizer_run1436_subrun342.csv] extracting features...
  [Digitizer_run1436_subrun348.csv] extracting features...
  [Digitizer_run1436_subrun350.csv] extracting features...
  [Digitizer_run1436_subrun351.csv] extracting features...
  [Digitizer_run1436_subrun358.csv] extracting features...
  [Digitizer_run1436_subrun373.csv] extracting features...
  [Digitizer_run1436_subrun378.csv] extracting features...
  [Digitizer_run1436_subrun383.csv] extracting features...
  [Digitizer_run1436_subrun384.csv] extracting features...
  [Digitizer_run1436_subrun388.csv] extracting features...
  [Digitizer_run1436_subrun401.csv] extracting features...
  [Digitizer_run1436_subrun417.csv] extracting features...
  [Digitizer_run1436_subrun433.csv] extracting features...
  [Digitizer_run1437_subrun6.csv] extracting features...
  [Digitizer_run1437_subrun9.csv] extracting features...
  [Digitizer_run1437_subrun16.csv] extracting features...
  [Digitizer_run1437_subrun34.csv] extracting features...
  [Digitizer_run1437_subrun39.csv] extracting features...
  [Digitizer_run1437_subrun53.csv] extracting features...
  [Digitizer_run1437_subrun59.csv] extracting features...
  [Digitizer_run1443_subrun18.csv] extracting features...
  [Digitizer_run1443_subrun21.csv] extracting features...
  [Digitizer_run1443_subrun26.csv] extracting features...
  [Digitizer_run1443_subrun52.csv] extracting features...
  [Digitizer_run1443_subrun63.csv] extracting features...
  [Digitizer_run1443_subrun68.csv] extracting features...
  [Digitizer_run1443_subrun70.csv] extracting features...
  [Digitizer_run1443_subrun74.csv] extracting features...
  [Digitizer_run1443_subrun83.csv] extracting features...
  [Digitizer_run1443_subrun85.csv] extracting features...
  [Digitizer_run1443_subrun88.csv] extracting features...
  [Digitizer_run1443_subrun93.csv] extracting features...
  [Digitizer_run1443_subrun118.csv] extracting features...
  [Digitizer_run1443_subrun134.csv] extracting features...
  [Digitizer_run1443_subrun152.csv] extracting features...
  [Digitizer_run1443_subrun158.csv] extracting features...
  [Digitizer_run1443_subrun170.csv] extracting features...
  [Digitizer_run1443_subrun176.csv] extracting features...
  [Digitizer_run1443_subrun177.csv] extracting features...
  [Digitizer_run1443_subrun182.csv] extracting features...
  [Digitizer_run1443_subrun183.csv] extracting features...
  [Digitizer_run1443_subrun231.csv] extracting features...
  [Digitizer_run1443_subrun235.csv] extracting features...
  [Digitizer_run1443_subrun239.csv] extracting features...
  [Digitizer_run1443_subrun254.csv] extracting features...
  [Digitizer_run1443_subrun262.csv] extracting features...
  [Digitizer_run1443_subrun267.csv] extracting features...
  [Digitizer_run1443_subrun279.csv] extracting features...
  [Digitizer_run1443_subrun282.csv] extracting features...
  [Digitizer_run1443_subrun285.csv] extracting features...
  [Digitizer_run1443_subrun297.csv] extracting features...
  [Digitizer_run1443_subrun337.csv] extracting features...
  [Digitizer_run1443_subrun338.csv] extracting features...
  [Digitizer_run1443_subrun340.csv] extracting features...
  [Digitizer_run1443_subrun361.csv] extracting features...
  [Digitizer_run1443_subrun364.csv] extracting features...
  [Digitizer_run1443_subrun378.csv] extracting features...
  [Digitizer_run1443_subrun394.csv] extracting features...
  [Digitizer_run1443_subrun417.csv] extracting features...
  [Digitizer_run1443_subrun430.csv] extracting features...
  [Digitizer_run1443_subrun460.csv] extracting features...
  [Digitizer_run1443_subrun461.csv] extracting features...
  [Digitizer_run1448_subrun16.csv] extracting features...
  [Digitizer_run1448_subrun17.csv] extracting features...
  [Digitizer_run1448_subrun26.csv] extracting features...
  [Digitizer_run1457_subrun7.csv] extracting features...
  [Digitizer_run1457_subrun17.csv] extracting features...
  [Digitizer_run1457_subrun38.csv] extracting features...
  [Digitizer_run1457_subrun46.csv] extracting features...
  [Digitizer_run1457_subrun91.csv] extracting features...
  [Digitizer_run1457_subrun94.csv] extracting features...
  [Digitizer_run1457_subrun103.csv] extracting features...
  [Digitizer_run1457_subrun111.csv] extracting features...
  [Digitizer_run1457_subrun118.csv] extracting features...
  [Digitizer_run1457_subrun119.csv] extracting features...
  [Digitizer_run1457_subrun121.csv] extracting features...
  [Digitizer_run1457_subrun148.csv] extracting features...
  [Digitizer_run1457_subrun162.csv] extracting features...
  [Digitizer_run1457_subrun169.csv] extracting features...
  [Digitizer_run1457_subrun173.csv] extracting features...
  [Digitizer_run1457_subrun180.csv] extracting features...
  [Digitizer_run1457_subrun181.csv] extracting features...
  [Digitizer_run1457_subrun183.csv] extracting features...
  [Digitizer_run1457_subrun199.csv] extracting features...
  [Digitizer_run1457_subrun206.csv] extracting features...
  [Digitizer_run1457_subrun209.csv] extracting features...
  [Digitizer_run1457_subrun213.csv] extracting features...
  [Digitizer_run1457_subrun223.csv] extracting features...
  [Digitizer_run1457_subrun224.csv] extracting features...
  [Digitizer_run1457_subrun241.csv] extracting features...
  [Digitizer_run1457_subrun250.csv] extracting features...
  [Digitizer_run1457_subrun256.csv] extracting features...
  [Digitizer_run1457_subrun261.csv] extracting features...
  [Digitizer_run1457_subrun268.csv] extracting features...
  [Digitizer_run1457_subrun271.csv] extracting features...
  [Digitizer_run1457_subrun284.csv] extracting features...
  [Digitizer_run1457_subrun285.csv] extracting features...
  [Digitizer_run1457_subrun292.csv] extracting features...
  [Digitizer_run1457_subrun298.csv] extracting features...
  [Digitizer_run1457_subrun311.csv] extracting features...
  [Digitizer_run1457_subrun323.csv] extracting features...
  [Digitizer_run1457_subrun324.csv] extracting features...
  [Digitizer_run1457_subrun339.csv] extracting features...
  [Digitizer_run1457_subrun341.csv] extracting features...
  [Digitizer_run1457_subrun354.csv] extracting features...
  [Digitizer_run1457_subrun360.csv] extracting features...
  [Digitizer_run1457_subrun374.csv] extracting features...
  [Digitizer_run1457_subrun381.csv] extracting features...
  [Digitizer_run1457_subrun382.csv] extracting features...
  [Digitizer_run1457_subrun395.csv] extracting features...
  [Digitizer_run1457_subrun401.csv] extracting features...
  [Digitizer_run1457_subrun402.csv] extracting features...
  [Digitizer_run1457_subrun426.csv] extracting features...
  [Digitizer_run1457_subrun457.csv] extracting features...
  [Digitizer_run1457_subrun480.csv] extracting features...
  [Digitizer_run1457_subrun524.csv] extracting features...
  [Digitizer_run1457_subrun528.csv] extracting features...
  [Digitizer_run1457_subrun547.csv] extracting features...
  [Digitizer_run1457_subrun558.csv] extracting features...
  [Digitizer_run1457_subrun562.csv] extracting features...
  [Digitizer_run1457_subrun577.csv] extracting features...
  [Digitizer_run1458_subrun18.csv] extracting features...
  [Digitizer_run1458_subrun20.csv] extracting features...
  [Digitizer_run1458_subrun31.csv] extracting features...
  [Digitizer_run1458_subrun32.csv] extracting features...
  [Digitizer_run1458_subrun66.csv] extracting features...
  [Digitizer_run1458_subrun70.csv] extracting features...
  [Digitizer_run1458_subrun72.csv] extracting features...
  [Digitizer_run1458_subrun99.csv] extracting features...
  [Digitizer_run1458_subrun113.csv] extracting features...
  [Digitizer_run1458_subrun126.csv] extracting features...
  [Digitizer_run1458_subrun137.csv] extracting features...
  [Digitizer_run1458_subrun166.csv] extracting features...
  [Digitizer_run1458_subrun183.csv] extracting features...
  [Digitizer_run1458_subrun204.csv] extracting features...
  [Digitizer_run1458_subrun207.csv] extracting features...
  [Digitizer_run1458_subrun209.csv] extracting features...
  [Digitizer_run1458_subrun212.csv] extracting features...
  [Digitizer_run1458_subrun215.csv] extracting features...
  [Digitizer_run1458_subrun223.csv] extracting features...
  [Digitizer_run1458_subrun231.csv] extracting features...
  [Digitizer_run1458_subrun232.csv] extracting features...
  [Digitizer_run1458_subrun236.csv] extracting features...
  [Digitizer_run1458_subrun243.csv] extracting features...
  [Digitizer_run1458_subrun248.csv] extracting features...
  [Digitizer_run1458_subrun257.csv] extracting features...
  [Digitizer_run1458_subrun273.csv] extracting features...
  [Digitizer_run1458_subrun278.csv] extracting features...
  [Digitizer_run1458_subrun321.csv] extracting features...
  [Digitizer_run1458_subrun334.csv] extracting features...
  [Digitizer_run1458_subrun342.csv] extracting features...
  [Digitizer_run1458_subrun350.csv] extracting features...
  [Digitizer_run1458_subrun351.csv] extracting features...
  [Digitizer_run1458_subrun355.csv] extracting features...
  [Digitizer_run1458_subrun359.csv] extracting features...
  [Digitizer_run1458_subrun362.csv] extracting features...
  [Digitizer_run1458_subrun388.csv] extracting features...
  [Digitizer_run1458_subrun428.csv] extracting features...
  [Digitizer_run1458_subrun439.csv] extracting features...
  [Digitizer_run1458_subrun481.csv] extracting features...
  [Digitizer_run1458_subrun497.csv] extracting features...
  [Digitizer_run1458_subrun525.csv] extracting features...
  [Digitizer_run1458_subrun534.csv] extracting features...
  [Digitizer_run1458_subrun536.csv] extracting features...
  [Digitizer_run1458_subrun543.csv] extracting features...
  [Digitizer_run1458_subrun549.csv] extracting features...
  [Digitizer_run1458_subrun550.csv] extracting features...
  [Digitizer_run1458_subrun560.csv] extracting features...
  [Digitizer_run1458_subrun563.csv] extracting features...
  [Digitizer_run1458_subrun568.csv] extracting features...
  [Digitizer_run1458_subrun576.csv] extracting features...
  [Digitizer_run1459_subrun9.csv] extracting features...
  [Digitizer_run1459_subrun18.csv] extracting features...
  [Digitizer_run1459_subrun19.csv] extracting features...
  [Digitizer_run1459_subrun22.csv] extracting features...
  [Digitizer_run1459_subrun27.csv] extracting features...
  [Digitizer_run1459_subrun44.csv] extracting features...
  [Digitizer_run1459_subrun62.csv] extracting features...
  [Digitizer_run1459_subrun83.csv] extracting features...
  [Digitizer_run1459_subrun88.csv] extracting features...
  [Digitizer_run1459_subrun99.csv] extracting features...
  [Digitizer_run1459_subrun102.csv] extracting features...
  [Digitizer_run1459_subrun110.csv] extracting features...
  [Digitizer_run1459_subrun112.csv] extracting features...
  [Digitizer_run1459_subrun115.csv] extracting features...
  [Digitizer_run1459_subrun125.csv] extracting features...
  [Digitizer_run1459_subrun128.csv] extracting features...
  [Digitizer_run1459_subrun130.csv] extracting features...
  [Digitizer_run1459_subrun147.csv] extracting features...
  [Digitizer_run1459_subrun161.csv] extracting features...
  [Digitizer_run1459_subrun169.csv] extracting features...
  [Digitizer_run1459_subrun174.csv] extracting features...
  [Digitizer_run1459_subrun190.csv] extracting features...
  [Digitizer_run1459_subrun197.csv] extracting features...
  [Digitizer_run1459_subrun198.csv] extracting features...
  [Digitizer_run1459_subrun200.csv] extracting features...
  [Digitizer_run1459_subrun214.csv] extracting features...
  [Digitizer_run1459_subrun244.csv] extracting features...
  [Digitizer_run1459_subrun245.csv] extracting features...
  [Digitizer_run1459_subrun250.csv] extracting features...
  [Digitizer_run1459_subrun267.csv] extracting features...
  [Digitizer_run1459_subrun269.csv] extracting features...
  [Digitizer_run1459_subrun287.csv] extracting features...
  [Digitizer_run1459_subrun295.csv] extracting features...
  [Digitizer_run1459_subrun310.csv] extracting features...
  [Digitizer_run1459_subrun314.csv] extracting features...
  [Digitizer_run1459_subrun335.csv] extracting features...
  [Digitizer_run1459_subrun338.csv] extracting features...
  [Digitizer_run1459_subrun348.csv] extracting features...
  [Digitizer_run1459_subrun352.csv] extracting features...
  [Digitizer_run1459_subrun369.csv] extracting features...
  [Digitizer_run1459_subrun374.csv] extracting features...
  [Digitizer_run1459_subrun376.csv] extracting features...
  [Digitizer_run1459_subrun381.csv] extracting features...
  [Digitizer_run1459_subrun400.csv] extracting features...
  [Digitizer_run1459_subrun406.csv] extracting features...
  [Digitizer_run1459_subrun427.csv] extracting features...
  [Digitizer_run1459_subrun436.csv] extracting features...
  [Digitizer_run1459_subrun438.csv] extracting features...
  [Digitizer_run1459_subrun440.csv] extracting features...
  [Digitizer_run1459_subrun447.csv] extracting features...
  [Digitizer_run1459_subrun448.csv] extracting features...
  [Digitizer_run1459_subrun451.csv] extracting features...
  [Digitizer_run1459_subrun459.csv] extracting features...
  [Digitizer_run1459_subrun477.csv] extracting features...
  [Digitizer_run1459_subrun513.csv] extracting features...
  [Digitizer_run1459_subrun528.csv] extracting features...
  [Digitizer_run1459_subrun587.csv] extracting features...
  [Digitizer_run1459_subrun590.csv] extracting features...
  [Digitizer_run1500_subrun3.csv] extracting features...
  [Digitizer_run1500_subrun11.csv] extracting features...
  [Digitizer_run1500_subrun13.csv] extracting features...
  [Digitizer_run1500_subrun15.csv] extracting features...
  [Digitizer_run1500_subrun20.csv] extracting features...
  [Digitizer_run1500_subrun28.csv] extracting features...
  [Digitizer_run1500_subrun29.csv] extracting features...
  [Digitizer_run1500_subrun30.csv] extracting features...
  [Digitizer_run1500_subrun40.csv] extracting features...
  [Digitizer_run1500_subrun51.csv] extracting features...
  [Digitizer_run1500_subrun58.csv] extracting features...
  [Digitizer_run1500_subrun68.csv] extracting features...
  [Digitizer_run1500_subrun69.csv] extracting features...
  [Digitizer_run1500_subrun79.csv] extracting features...
  [Digitizer_run1500_subrun83.csv] extracting features...
  [Digitizer_run1500_subrun84.csv] extracting features...
  [Digitizer_run1501_subrun7.csv] extracting features...
  [Digitizer_run1501_subrun16.csv] extracting features...
  [Digitizer_run1501_subrun22.csv] extracting features...
  [Digitizer_run1501_subrun26.csv] extracting features...
  [Digitizer_run1501_subrun36.csv] extracting features...
  [Digitizer_run1501_subrun48.csv] extracting features...
  [Digitizer_run1501_subrun52.csv] extracting features...
  [Digitizer_run1501_subrun53.csv] extracting features...
  [Digitizer_run1501_subrun67.csv] extracting features...
  [Digitizer_run1501_subrun69.csv] extracting features...
  [Digitizer_run1501_subrun70.csv] extracting features...
  [Digitizer_run1501_subrun107.csv] extracting features...
  [Digitizer_run1501_subrun132.csv] extracting features...
  [Digitizer_run1501_subrun166.csv] extracting features...
  [Digitizer_run1501_subrun180.csv] extracting features...
  [Digitizer_run1501_subrun196.csv] extracting features...
  [Digitizer_run1501_subrun206.csv] extracting features...
  [Digitizer_run1501_subrun213.csv] extracting features...
  [Digitizer_run1501_subrun225.csv] extracting features...
  [Digitizer_run1501_subrun238.csv] extracting features...
  [Digitizer_run1501_subrun249.csv] extracting features...
  [Digitizer_run1501_subrun259.csv] extracting features...
  [Digitizer_run1501_subrun267.csv] extracting features...
  [Digitizer_run1501_subrun268.csv] extracting features...
  [Digitizer_run1501_subrun269.csv] extracting features...
  [Digitizer_run1501_subrun273.csv] extracting features...
  [Digitizer_run1501_subrun276.csv] extracting features...
  [Digitizer_run1501_subrun279.csv] extracting features...
  [Digitizer_run1501_subrun283.csv] extracting features...
  [Digitizer_run1501_subrun285.csv] extracting features...
  [Digitizer_run1501_subrun286.csv] extracting features...
  [Digitizer_run1501_subrun305.csv] extracting features...
  [Digitizer_run1501_subrun308.csv] extracting features...
  [Digitizer_run1501_subrun309.csv] extracting features...
  [Digitizer_run1501_subrun311.csv] extracting features...
  [Digitizer_run1501_subrun320.csv] extracting features...
  [Digitizer_run1501_subrun331.csv] extracting features...
  [Digitizer_run1501_subrun349.csv] extracting features...
  [Digitizer_run1501_subrun356.csv] extracting features...
  [Digitizer_run1501_subrun359.csv] extracting features...
  [Digitizer_run1501_subrun372.csv] extracting features...
  [Digitizer_run1501_subrun385.csv] extracting features...
  [Digitizer_run1501_subrun394.csv] extracting features...
  [Digitizer_run1501_subrun396.csv] extracting features...
  [Digitizer_run1501_subrun405.csv] extracting features...
  [Digitizer_run1501_subrun413.csv] extracting features...
  [Digitizer_run1501_subrun428.csv] extracting features...
  [Digitizer_run1501_subrun433.csv] extracting features...
  [Digitizer_run1501_subrun440.csv] extracting features...
  [Digitizer_run1501_subrun460.csv] extracting features...
  [Digitizer_run1501_subrun464.csv] extracting features...
  [Digitizer_run1501_subrun467.csv] extracting features...
  [Digitizer_run1501_subrun477.csv] extracting features...
  [Digitizer_run1501_subrun486.csv] extracting features...
  [Digitizer_run1501_subrun488.csv] extracting features...
  [Digitizer_run1501_subrun491.csv] extracting features...
  [Digitizer_run1501_subrun492.csv] extracting features...
  [Digitizer_run1501_subrun496.csv] extracting features...
  [Digitizer_run1501_subrun497.csv] extracting features...
  [Digitizer_run1501_subrun498.csv] extracting features...
  [Digitizer_run1501_subrun503.csv] extracting features...
  [Digitizer_run1501_subrun507.csv] extracting features...
  [Digitizer_run1501_subrun515.csv] extracting features...
  [Digitizer_run1501_subrun550.csv] extracting features...
  [Digitizer_run1502_subrun4.csv] extracting features...
  [Digitizer_run1502_subrun6.csv] extracting features...
  [Digitizer_run1502_subrun8.csv] extracting features...
  [Digitizer_run1502_subrun21.csv] extracting features...
  [Digitizer_run1502_subrun30.csv] extracting features...
  [Digitizer_run1502_subrun41.csv] extracting features...
  [Digitizer_run1502_subrun45.csv] extracting features...
  [Digitizer_run1502_subrun53.csv] extracting features...
  [Digitizer_run1502_subrun72.csv] extracting features...
  [Digitizer_run1502_subrun80.csv] extracting features...
  [Digitizer_run1502_subrun91.csv] extracting features...
  [Digitizer_run1502_subrun92.csv] extracting features...
  [Digitizer_run1502_subrun94.csv] extracting features...
  [Digitizer_run1502_subrun100.csv] extracting features...
  [Digitizer_run1502_subrun113.csv] extracting features...
  [Digitizer_run1502_subrun143.csv] extracting features...
  [Digitizer_run1502_subrun153.csv] extracting features...
  [Digitizer_run1502_subrun158.csv] extracting features...
  [Digitizer_run1502_subrun175.csv] extracting features...
  [Digitizer_run1502_subrun180.csv] extracting features...
  [Digitizer_run1502_subrun192.csv] extracting features...
  [Digitizer_run1502_subrun216.csv] extracting features...
  [Digitizer_run1502_subrun225.csv] extracting features...
  [Digitizer_run1502_subrun233.csv] extracting features...
  [Digitizer_run1502_subrun243.csv] extracting features...
  [Digitizer_run1502_subrun261.csv] extracting features...
  [Digitizer_run1502_subrun263.csv] extracting features...
  [Digitizer_run1502_subrun264.csv] extracting features...
  [Digitizer_run1502_subrun277.csv] extracting features...
  [Digitizer_run1502_subrun278.csv] extracting features...
  [Digitizer_run1502_subrun287.csv] extracting features...
  [Digitizer_run1502_subrun292.csv] extracting features...
  [Digitizer_run1502_subrun302.csv] extracting features...
  [Digitizer_run1502_subrun313.csv] extracting features...
  [Digitizer_run1502_subrun324.csv] extracting features...
  [Digitizer_run1502_subrun328.csv] extracting features...
  [Digitizer_run1502_subrun350.csv] extracting features...
  [Digitizer_run1502_subrun354.csv] extracting features...
  [Digitizer_run1502_subrun372.csv] extracting features...
  [Digitizer_run1502_subrun375.csv] extracting features...
  [Digitizer_run1502_subrun388.csv] extracting features...
  [Digitizer_run1502_subrun395.csv] extracting features...
  [Digitizer_run1502_subrun410.csv] extracting features...
  [Digitizer_run1502_subrun411.csv] extracting features...
  [Digitizer_run1502_subrun422.csv] extracting features...
  [Digitizer_run1502_subrun439.csv] extracting features...
  [Digitizer_run1502_subrun457.csv] extracting features...
  [Digitizer_run1502_subrun463.csv] extracting features...
  [Digitizer_run1502_subrun468.csv] extracting features...
  [Digitizer_run1502_subrun479.csv] extracting features...
  [Digitizer_run1502_subrun483.csv] extracting features...
  [Digitizer_run1502_subrun510.csv] extracting features...
  [Digitizer_run1502_subrun511.csv] extracting features...
  [Digitizer_run1502_subrun515.csv] extracting features...
  [Digitizer_run1502_subrun519.csv] extracting features...
  [Digitizer_run1502_subrun525.csv] extracting features...
  [Digitizer_run1502_subrun527.csv] extracting features...
  [Digitizer_run1502_subrun540.csv] extracting features...
  [Digitizer_run1502_subrun541.csv] extracting features...
  [Digitizer_run1502_subrun552.csv] extracting features...
  [Digitizer_run1502_subrun555.csv] extracting features...
  [Digitizer_run1502_subrun560.csv] extracting features...
  [Digitizer_run1502_subrun570.csv] extracting features...
  [Digitizer_run1502_subrun585.csv] extracting features...
  [Digitizer_run1502_subrun610.csv] extracting features...
  [Digitizer_run1502_subrun632.csv] extracting features...
  [Digitizer_run1502_subrun644.csv] extracting features...
  [Digitizer_run1502_subrun651.csv] extracting features...
  [Digitizer_run1502_subrun652.csv] extracting features...
  [Digitizer_run1503_subrun4.csv] extracting features...
  [Digitizer_run1503_subrun18.csv] extracting features...
  [Digitizer_run1503_subrun21.csv] extracting features...
  [Digitizer_run1503_subrun22.csv] extracting features...
  [Digitizer_run1503_subrun33.csv] extracting features...
  [Digitizer_run1503_subrun52.csv] extracting features...
  [Digitizer_run1503_subrun63.csv] extracting features...
  [Digitizer_run1503_subrun71.csv] extracting features...
  [Digitizer_run1503_subrun86.csv] extracting features...
  [Digitizer_run1503_subrun91.csv] extracting features...
  [Digitizer_run1503_subrun111.csv] extracting features...
  [Digitizer_run1503_subrun117.csv] extracting features...
  [Digitizer_run1503_subrun121.csv] extracting features...
  [Digitizer_run1503_subrun127.csv] extracting features...
  [Digitizer_run1503_subrun129.csv] extracting features...
  [Digitizer_run1503_subrun133.csv] extracting features...
  [Digitizer_run1503_subrun147.csv] extracting features...
  [Digitizer_run1503_subrun150.csv] extracting features...
  [Digitizer_run1503_subrun154.csv] extracting features...
  [Digitizer_run1503_subrun168.csv] extracting features...
  [Digitizer_run1503_subrun172.csv] extracting features...
  [Digitizer_run1503_subrun199.csv] extracting features...
  [Digitizer_run1503_subrun210.csv] extracting features...
  [Digitizer_run1503_subrun215.csv] extracting features...
  [Digitizer_run1503_subrun219.csv] extracting features...
  [Digitizer_run1503_subrun222.csv] extracting features...
  [Digitizer_run1503_subrun237.csv] extracting features...
  [Digitizer_run1503_subrun247.csv] extracting features...
  [Digitizer_run1503_subrun254.csv] extracting features...
  [Digitizer_run1503_subrun267.csv] extracting features...
  [Digitizer_run1503_subrun276.csv] extracting features...
  [Digitizer_run1503_subrun281.csv] extracting features...
  [Digitizer_run1503_subrun282.csv] extracting features...
  [Digitizer_run1503_subrun284.csv] extracting features...
  [Digitizer_run1503_subrun290.csv] extracting features...
  [Digitizer_run1503_subrun298.csv] extracting features...
  [Digitizer_run1503_subrun325.csv] extracting features...
  [Digitizer_run1503_subrun340.csv] extracting features...
  [Digitizer_run1503_subrun343.csv] extracting features...
  [Digitizer_run1503_subrun362.csv] extracting features...
  [Digitizer_run1503_subrun371.csv] extracting features...
  [Digitizer_run1503_subrun396.csv] extracting features...
  [Digitizer_run1503_subrun408.csv] extracting features...
  [Digitizer_run1503_subrun426.csv] extracting features...
  [Digitizer_run1503_subrun436.csv] extracting features...
  [Digitizer_run1503_subrun441.csv] extracting features...
  [Digitizer_run1503_subrun461.csv] extracting features...
  [Digitizer_run1503_subrun471.csv] extracting features...
  [Digitizer_run1503_subrun472.csv] extracting features...
  [Digitizer_run1503_subrun503.csv] extracting features...
  [Digitizer_run1503_subrun513.csv] extracting features...
  [Digitizer_run1503_subrun522.csv] extracting features...
  [Digitizer_run1503_subrun529.csv] extracting features...
  [Digitizer_run1503_subrun571.csv] extracting features...
  [Digitizer_run1503_subrun590.csv] extracting features...
  [Digitizer_run1503_subrun621.csv] extracting features...
  [Digitizer_run1503_subrun634.csv] extracting features...
  [Digitizer_run1503_subrun636.csv] extracting features...
  [Digitizer_run1503_subrun639.csv] extracting features...
  [Digitizer_run1503_subrun643.csv] extracting features...
  [Digitizer_run1503_subrun656.csv] extracting features...
  [Digitizer_run1503_subrun676.csv] extracting features...
  [Digitizer_run1503_subrun683.csv] extracting features...
  [Digitizer_run1504_subrun2.csv] extracting features...
  [Digitizer_run1504_subrun68.csv] extracting features...
  [Digitizer_run1504_subrun71.csv] extracting features...
  [Digitizer_run1504_subrun74.csv] extracting features...
  [Digitizer_run1504_subrun79.csv] extracting features...
  [Digitizer_run1504_subrun90.csv] extracting features...
  [Digitizer_run1504_subrun96.csv] extracting features...
  [Digitizer_run1504_subrun143.csv] extracting features...
  [Digitizer_run1504_subrun151.csv] extracting features...
  [Digitizer_run1504_subrun174.csv] extracting features...
  [Digitizer_run1504_subrun205.csv] extracting features...
  [Digitizer_run1504_subrun226.csv] extracting features...
  [Digitizer_run1504_subrun234.csv] extracting features...
  [Digitizer_run1504_subrun236.csv] extracting features...
  [Digitizer_run1504_subrun241.csv] extracting features...
  [Digitizer_run1504_subrun249.csv] extracting features...
  [Digitizer_run1504_subrun251.csv] extracting features...
  [Digitizer_run1504_subrun252.csv] extracting features...
  [Digitizer_run1504_subrun257.csv] extracting features...
  [Digitizer_run1504_subrun271.csv] extracting features...
  [Digitizer_run1504_subrun277.csv] extracting features...
  [Digitizer_run1504_subrun292.csv] extracting features...
  [Digitizer_run1504_subrun299.csv] extracting features...
  [Digitizer_run1504_subrun300.csv] extracting features...
  [Digitizer_run1504_subrun309.csv] extracting features...
  [Digitizer_run1504_subrun316.csv] extracting features...
  [Digitizer_run1504_subrun329.csv] extracting features...
  [Digitizer_run1504_subrun336.csv] extracting features...
  [Digitizer_run1504_subrun350.csv] extracting features...
  [Digitizer_run1504_subrun396.csv] extracting features...
  [Digitizer_run1504_subrun406.csv] extracting features...
  [Digitizer_run1504_subrun414.csv] extracting features...
  [Digitizer_run1504_subrun421.csv] extracting features...
  [Digitizer_run1504_subrun480.csv] extracting features...
  [Digitizer_run1504_subrun507.csv] extracting features...
  [Digitizer_run1504_subrun509.csv] extracting features...
  [Digitizer_run1504_subrun523.csv] extracting features...
  [Digitizer_run1504_subrun537.csv] extracting features...
  [Digitizer_run1504_subrun553.csv] extracting features...
  [Digitizer_run1504_subrun562.csv] extracting features...
  [Digitizer_run1504_subrun568.csv] extracting features...
  [Digitizer_run1504_subrun572.csv] extracting features...
  [Digitizer_run1504_subrun573.csv] extracting features...
  [Digitizer_run1504_subrun586.csv] extracting features...
  [Digitizer_run1504_subrun590.csv] extracting features...
  [Digitizer_run1504_subrun595.csv] extracting features...
  [Digitizer_run1504_subrun597.csv] extracting features...
  [Digitizer_run1504_subrun617.csv] extracting features...
  [Digitizer_run1504_subrun619.csv] extracting features...
  [Digitizer_run1504_subrun621.csv] extracting features...
  [Digitizer_run1504_subrun640.csv] extracting features...
  [Digitizer_run1504_subrun647.csv] extracting features...
  [Digitizer_run1504_subrun649.csv] extracting features...
  [Digitizer_run1504_subrun650.csv] extracting features...
  [Digitizer_run1505_subrun10.csv] extracting features...
  [Digitizer_run1505_subrun15.csv] extracting features...
  [Digitizer_run1505_subrun26.csv] extracting features...
  [Digitizer_run1505_subrun35.csv] extracting features...
  [Digitizer_run1505_subrun41.csv] extracting features...
  [Digitizer_run1505_subrun47.csv] extracting features...
  [Digitizer_run1505_subrun48.csv] extracting features...
  [Digitizer_run1505_subrun50.csv] extracting features...
  [Digitizer_run1505_subrun74.csv] extracting features...
  [Digitizer_run1505_subrun87.csv] extracting features...
  [Digitizer_run1505_subrun92.csv] extracting features...
  [Digitizer_run1505_subrun101.csv] extracting features...
  [Digitizer_run1505_subrun102.csv] extracting features...
  [Digitizer_run1506_subrun6.csv] extracting features...
  [Digitizer_run1506_subrun21.csv] extracting features...
  [Digitizer_run1506_subrun41.csv] extracting features...
  [Digitizer_run1506_subrun48.csv] extracting features...
  [Digitizer_run1506_subrun49.csv] extracting features...
  [Digitizer_run1506_subrun58.csv] extracting features...
  [Digitizer_run1506_subrun63.csv] extracting features...
  [Digitizer_run1506_subrun69.csv] extracting features...
  [Digitizer_run1507_subrun32.csv] extracting features...
  [Digitizer_run1507_subrun35.csv] extracting features...
  [Digitizer_run1507_subrun40.csv] extracting features...
  [Digitizer_run1507_subrun49.csv] extracting features...
  [Digitizer_run1507_subrun50.csv] extracting features...
  [Digitizer_run1507_subrun55.csv] extracting features...
  [Digitizer_run1507_subrun73.csv] extracting features...
  [Digitizer_run1507_subrun79.csv] extracting features...
  [Digitizer_run1507_subrun83.csv] extracting features...
  [Digitizer_run1507_subrun91.csv] extracting features...
  [Digitizer_run1507_subrun97.csv] extracting features...
  [Digitizer_run1507_subrun99.csv] extracting features...
  [Digitizer_run1514_subrun5.csv] extracting features...
  [Digitizer_run1514_subrun31.csv] extracting features...
  [Digitizer_run1514_subrun37.csv] extracting features...
  [Digitizer_run1514_subrun57.csv] extracting features...
  [Digitizer_run1514_subrun73.csv] extracting features...
  [Digitizer_run1514_subrun84.csv] extracting features...
  [Digitizer_run1514_subrun85.csv] extracting features...
  [Digitizer_run1514_subrun89.csv] extracting features...
  [Digitizer_run1514_subrun92.csv] extracting features...
  [Digitizer_run1514_subrun108.csv] extracting features...
  [Digitizer_run1514_subrun110.csv] extracting features...
  [Digitizer_run1514_subrun129.csv] extracting features...
  [Digitizer_run1514_subrun133.csv] extracting features...
  [Digitizer_run1514_subrun145.csv] extracting features...
  [Digitizer_run1514_subrun169.csv] extracting features...
  [Digitizer_run1514_subrun177.csv] extracting features...
  [Digitizer_run1514_subrun186.csv] extracting features...
  [Digitizer_run1514_subrun190.csv] extracting features...
  [Digitizer_run1514_subrun202.csv] extracting features...
  [Digitizer_run1514_subrun203.csv] extracting features...
  [Digitizer_run1514_subrun207.csv] extracting features...
  [Digitizer_run1514_subrun208.csv] extracting features...
  [Digitizer_run1514_subrun211.csv] extracting features...
  [Digitizer_run1514_subrun216.csv] extracting features...
  [Digitizer_run1514_subrun239.csv] extracting features...
  [Digitizer_run1514_subrun244.csv] extracting features...
  [Digitizer_run1514_subrun245.csv] extracting features...
  [Digitizer_run1514_subrun246.csv] extracting features...
  [Digitizer_run1514_subrun262.csv] extracting features...
  [Digitizer_run1514_subrun273.csv] extracting features...
  [Digitizer_run1514_subrun280.csv] extracting features...
  [Digitizer_run1514_subrun283.csv] extracting features...
  [Digitizer_run1514_subrun317.csv] extracting features...
  [Digitizer_run1514_subrun323.csv] extracting features...
  [Digitizer_run1514_subrun326.csv] extracting features...
  [Digitizer_run1514_subrun335.csv] extracting features...
  [Digitizer_run1514_subrun336.csv] extracting features...
  [Digitizer_run1514_subrun343.csv] extracting features...
  [Digitizer_run1514_subrun345.csv] extracting features...
  [Digitizer_run1514_subrun353.csv] extracting features...
  [Digitizer_run1514_subrun362.csv] extracting features...
  [Digitizer_run1514_subrun407.csv] extracting features...
  [Digitizer_run1514_subrun420.csv] extracting features...
  [Digitizer_run1520_subrun21.csv] extracting features...
  [Digitizer_run1520_subrun29.csv] extracting features...
  [Digitizer_run1520_subrun38.csv] extracting features...
  [Digitizer_run1528_subrun9.csv] extracting features...
  [Digitizer_run1528_subrun17.csv] extracting features...
  [Digitizer_run1528_subrun21.csv] extracting features...
  [Digitizer_run1528_subrun33.csv] extracting features...
  [Digitizer_run1528_subrun64.csv] extracting features...
  [Digitizer_run1528_subrun69.csv] extracting features...
  [Digitizer_run1528_subrun70.csv] extracting features...
  [Digitizer_run1528_subrun74.csv] extracting features...
  [Digitizer_run1528_subrun85.csv] extracting features...
  [Digitizer_run1528_subrun87.csv] extracting features...
  [Digitizer_run1528_subrun90.csv] extracting features...
  [Digitizer_run1528_subrun96.csv] extracting features...
  [Digitizer_run1528_subrun97.csv] extracting features...
  [Digitizer_run1528_subrun114.csv] extracting features...
  [Digitizer_run1528_subrun119.csv] extracting features...
  [Digitizer_run1528_subrun122.csv] extracting features...
  [Digitizer_run1528_subrun127.csv] extracting features...
  [Digitizer_run1528_subrun144.csv] extracting features...
  [Digitizer_run1528_subrun153.csv] extracting features...
  [Digitizer_run1528_subrun163.csv] extracting features...
  [Digitizer_run1528_subrun168.csv] extracting features...
  [Digitizer_run1528_subrun177.csv] extracting features...
  [Digitizer_run1528_subrun198.csv] extracting features...
  [Digitizer_run1528_subrun202.csv] extracting features...
  [Digitizer_run1528_subrun207.csv] extracting features...
  [Digitizer_run1528_subrun211.csv] extracting features...
  [Digitizer_run1528_subrun217.csv] extracting features...
  [Digitizer_run1528_subrun249.csv] extracting features...
  [Digitizer_run1528_subrun250.csv] extracting features...
  [Digitizer_run1528_subrun251.csv] extracting features...
  [Digitizer_run1528_subrun254.csv] extracting features...
  [Digitizer_run1528_subrun256.csv] extracting features...
  [Digitizer_run1528_subrun257.csv] extracting features...
  [Digitizer_run1528_subrun271.csv] extracting features...
  [Digitizer_run1528_subrun289.csv] extracting features...
  [Digitizer_run1528_subrun295.csv] extracting features...
  [Digitizer_run1528_subrun306.csv] extracting features...
  [Digitizer_run1528_subrun317.csv] extracting features...
  [Digitizer_run1528_subrun328.csv] extracting features...
  [Digitizer_run1528_subrun330.csv] extracting features...
  [Digitizer_run1528_subrun337.csv] extracting features...
  [Digitizer_run1528_subrun338.csv] extracting features...
  [Digitizer_run1528_subrun343.csv] extracting features...
  [Digitizer_run1528_subrun346.csv] extracting features...
  [Digitizer_run1528_subrun349.csv] extracting features...
  [Digitizer_run1528_subrun374.csv] extracting features...
  [Digitizer_run1528_subrun382.csv] extracting features...
  [Digitizer_run1528_subrun387.csv] extracting features...
  [Digitizer_run1528_subrun390.csv] extracting features...
  [Digitizer_run1528_subrun391.csv] extracting features...
  [Digitizer_run1528_subrun396.csv] extracting features...
  [Digitizer_run1528_subrun415.csv] extracting features...
  [Digitizer_run1528_subrun422.csv] extracting features...
  [Digitizer_run1528_subrun425.csv] extracting features...
  [Digitizer_run1528_subrun438.csv] extracting features...
  [Digitizer_run1528_subrun449.csv] extracting features...
  [Digitizer_run1528_subrun452.csv] extracting features...
  [Digitizer_run1529_subrun12.csv] extracting features...
  [Digitizer_run1529_subrun28.csv] extracting features...
  [Digitizer_run1529_subrun72.csv] extracting features...
  [Digitizer_run1530_subrun8.csv] extracting features...
  [Digitizer_run1530_subrun24.csv] extracting features...
  [Digitizer_run1530_subrun36.csv] extracting features...
  [Digitizer_run1530_subrun38.csv] extracting features...
  [Digitizer_run1532_subrun3.csv] extracting features...
  [Digitizer_run1532_subrun5.csv] extracting features...
  [Digitizer_run1532_subrun17.csv] extracting features...
  [Digitizer_run1532_subrun20.csv] extracting features...
  [Digitizer_run1532_subrun26.csv] extracting features...
  [Digitizer_run1532_subrun37.csv] extracting features...
  [Digitizer_run1532_subrun53.csv] extracting features...
  [Digitizer_run1532_subrun59.csv] extracting features...
  [Digitizer_run1532_subrun64.csv] extracting features...
  [Digitizer_run1532_subrun69.csv] extracting features...
  [Digitizer_run1532_subrun70.csv] extracting features...
  [Digitizer_run1532_subrun87.csv] extracting features...
  [Digitizer_run1532_subrun97.csv] extracting features...
  [Digitizer_run1532_subrun107.csv] extracting features...
  [Digitizer_run1532_subrun108.csv] extracting features...
  [Digitizer_run1532_subrun122.csv] extracting features...
  [Digitizer_run1532_subrun151.csv] extracting features...
  [Digitizer_run1532_subrun158.csv] extracting features...
  [Digitizer_run1532_subrun166.csv] extracting features...
  [Digitizer_run1532_subrun167.csv] extracting features...
  [Digitizer_run1532_subrun184.csv] extracting features...
  [Digitizer_run1532_subrun186.csv] extracting features...
  [Digitizer_run1532_subrun235.csv] extracting features...
  [Digitizer_run1532_subrun237.csv] extracting features...
  [Digitizer_run1532_subrun249.csv] extracting features...
  [Digitizer_run1532_subrun269.csv] extracting features...
  [Digitizer_run1532_subrun271.csv] extracting features...
  [Digitizer_run1532_subrun299.csv] extracting features...
  [Digitizer_run1532_subrun308.csv] extracting features...
  [Digitizer_run1532_subrun340.csv] extracting features...
  [Digitizer_run1532_subrun349.csv] extracting features...
  [Digitizer_run1532_subrun350.csv] extracting features...
  [Digitizer_run1532_subrun358.csv] extracting features...
  [Digitizer_run1532_subrun359.csv] extracting features...
  [Digitizer_run1532_subrun378.csv] extracting features...
  [Digitizer_run1532_subrun387.csv] extracting features...
  [Digitizer_run1532_subrun388.csv] extracting features...
  [Digitizer_run1532_subrun390.csv] extracting features...
  [Digitizer_run1532_subrun397.csv] extracting features...
  [Digitizer_run1532_subrun407.csv] extracting features...
  [Digitizer_run1532_subrun416.csv] extracting features...
  [Digitizer_run1532_subrun418.csv] extracting features...
  [Digitizer_run1532_subrun445.csv] extracting features...
  [Digitizer_run1532_subrun449.csv] extracting features...
  [Digitizer_run1532_subrun493.csv] extracting features...
  [Digitizer_run1532_subrun501.csv] extracting features...
  [Digitizer_run1532_subrun515.csv] extracting features...
  [Digitizer_run1532_subrun534.csv] extracting features...
  [Digitizer_run1532_subrun549.csv] extracting features...
  [Digitizer_run1532_subrun556.csv] extracting features...
  [Digitizer_run1532_subrun564.csv] extracting features...
  [Digitizer_run1532_subrun572.csv] extracting features...
  [Digitizer_run1532_subrun588.csv] extracting features...
  [Digitizer_run1532_subrun610.csv] extracting features...
  [Digitizer_run1532_subrun618.csv] extracting features...
  [Digitizer_run1532_subrun631.csv] extracting features...
  [Digitizer_run1532_subrun636.csv] extracting features...
  [Digitizer_run1532_subrun666.csv] extracting features...
  [Digitizer_run1532_subrun688.csv] extracting features...
  [Digitizer_run1532_subrun716.csv] extracting features...
  [Digitizer_run1532_subrun737.csv] extracting features...
  [Digitizer_run1532_subrun740.csv] extracting features...
  [Digitizer_run1532_subrun761.csv] extracting features...
  [Digitizer_run1532_subrun771.csv] extracting features...
  [Digitizer_run1532_subrun774.csv] extracting features...
  [Digitizer_run1532_subrun777.csv] extracting features...
  [Digitizer_run1532_subrun803.csv] extracting features...
  [Digitizer_run1532_subrun804.csv] extracting features...
  [Digitizer_run1532_subrun818.csv] extracting features...
  [Digitizer_run1532_subrun827.csv] extracting features...
  [Digitizer_run1532_subrun857.csv] extracting features...
  [Digitizer_run1532_subrun863.csv] extracting features...
  [Digitizer_run1532_subrun864.csv] extracting features...
  [Digitizer_run1532_subrun875.csv] extracting features...
  [Digitizer_run1532_subrun886.csv] extracting features...
  [Digitizer_run1532_subrun895.csv] extracting features...
  [Digitizer_run1532_subrun896.csv] extracting features...
  [Digitizer_run1532_subrun899.csv] extracting features...
  [Digitizer_run1532_subrun902.csv] extracting features...
  [Digitizer_run1532_subrun909.csv] extracting features...
  [Digitizer_run1532_subrun913.csv] extracting features...
  [Digitizer_run1532_subrun914.csv] extracting features...
  [Digitizer_run1532_subrun916.csv] extracting features...
  [Digitizer_run1532_subrun926.csv] extracting features...
  [Digitizer_run1532_subrun928.csv] extracting features...
  [Digitizer_run1532_subrun935.csv] extracting features...
  [Digitizer_run1532_subrun944.csv] extracting features...
  [Digitizer_run1532_subrun970.csv] extracting features...
  [Digitizer_run1532_subrun1015.csv] extracting features...
  [Digitizer_run1532_subrun1018.csv] extracting features...
  [Digitizer_run1532_subrun1027.csv] extracting features...
  [Digitizer_run1532_subrun1056.csv] extracting features...
  [Digitizer_run1532_subrun1057.csv] extracting features...
  [Digitizer_run1532_subrun1087.csv] extracting features...
  [Digitizer_run1535_subrun2.csv] extracting features...
  [Digitizer_run1535_subrun8.csv] extracting features...
  [Digitizer_run1535_subrun13.csv] extracting features...
  [Digitizer_run1535_subrun14.csv] extracting features...
  [Digitizer_run1535_subrun22.csv] extracting features...
  [Digitizer_run1535_subrun30.csv] extracting features...
  [Digitizer_run1535_subrun39.csv] extracting features...
  [Digitizer_run1535_subrun44.csv] extracting features...
  [Digitizer_run1535_subrun46.csv] extracting features...
  [Digitizer_run1535_subrun48.csv] extracting features...
  [Digitizer_run1535_subrun52.csv] extracting features...
  [Digitizer_run1535_subrun56.csv] extracting features...
  [Digitizer_run1535_subrun68.csv] extracting features...
  [Digitizer_run1535_subrun70.csv] extracting features...
  [Digitizer_run1535_subrun72.csv] extracting features...
  [Digitizer_run1535_subrun79.csv] extracting features...
  [Digitizer_run1535_subrun87.csv] extracting features...
  [Digitizer_run1535_subrun91.csv] extracting features...
  [Digitizer_run1535_subrun101.csv] extracting features...
  [Digitizer_run1535_subrun110.csv] extracting features...
  [Digitizer_run1535_subrun111.csv] extracting features...
  [Digitizer_run1535_subrun133.csv] extracting features...
  [Digitizer_run1535_subrun140.csv] extracting features...
  [Digitizer_run1535_subrun151.csv] extracting features...
  [Digitizer_run1535_subrun167.csv] extracting features...
  [Digitizer_run1535_subrun188.csv] extracting features...
  [Digitizer_run1535_subrun209.csv] extracting features...
  [Digitizer_run1535_subrun218.csv] extracting features...
  [Digitizer_run1535_subrun222.csv] extracting features...
  [Digitizer_run1535_subrun255.csv] extracting features...
  [Digitizer_run1535_subrun258.csv] extracting features...
  [Digitizer_run1535_subrun278.csv] extracting features...
  [Digitizer_run1535_subrun285.csv] extracting features...
  [Digitizer_run1535_subrun299.csv] extracting features...
  [Digitizer_run1535_subrun315.csv] extracting features...
  [Digitizer_run1535_subrun347.csv] extracting features...
  [Digitizer_run1535_subrun352.csv] extracting features...
  [Digitizer_run1535_subrun378.csv] extracting features...
  [Digitizer_run1535_subrun386.csv] extracting features...
  [Digitizer_run1535_subrun387.csv] extracting features...
  [Digitizer_run1535_subrun395.csv] extracting features...
  [Digitizer_run1535_subrun399.csv] extracting features...
  [Digitizer_run1535_subrun418.csv] extracting features...
  [Digitizer_run1535_subrun440.csv] extracting features...
  [Digitizer_run1535_subrun486.csv] extracting features...
  [Digitizer_run1535_subrun510.csv] extracting features...
  [Digitizer_run1535_subrun520.csv] extracting features...
  [Digitizer_run1535_subrun522.csv] extracting features...
  [Digitizer_run1535_subrun523.csv] extracting features...
  [Digitizer_run1535_subrun531.csv] extracting features...
  [Digitizer_run1535_subrun532.csv] extracting features...
  [Digitizer_run1535_subrun544.csv] extracting features...
  [Digitizer_run1535_subrun558.csv] extracting features...
  [Digitizer_run1536_subrun6.csv] extracting features...
  [Digitizer_run1536_subrun40.csv] extracting features...
  [Digitizer_run1536_subrun45.csv] extracting features...
  [Digitizer_run1536_subrun50.csv] extracting features...
  [Digitizer_run1536_subrun69.csv] extracting features...
  [Digitizer_run1536_subrun71.csv] extracting features...
  [Digitizer_run1537_subrun7.csv] extracting features...
  [Digitizer_run1537_subrun23.csv] extracting features...
  [Digitizer_run1537_subrun38.csv] extracting features...
  [Digitizer_run1537_subrun55.csv] extracting features...
  [Digitizer_run1537_subrun57.csv] extracting features...
  [Digitizer_run1537_subrun64.csv] extracting features...
  [Digitizer_run1537_subrun66.csv] extracting features...
  [Digitizer_run1537_subrun72.csv] extracting features...
  [Digitizer_run1537_subrun85.csv] extracting features...
  [Digitizer_run1537_subrun111.csv] extracting features...
  [Digitizer_run1537_subrun114.csv] extracting features...
  [Digitizer_run1537_subrun133.csv] extracting features...
  [Digitizer_run1537_subrun136.csv] extracting features...
  [Digitizer_run1537_subrun137.csv] extracting features...
  [Digitizer_run1537_subrun149.csv] extracting features...
  [Digitizer_run1537_subrun154.csv] extracting features...
  [Digitizer_run1537_subrun158.csv] extracting features...
  [Digitizer_run1537_subrun164.csv] extracting features...
  [Digitizer_run1537_subrun170.csv] extracting features...
  [Digitizer_run1537_subrun193.csv] extracting features...
  [Digitizer_run1537_subrun196.csv] extracting features...
  [Digitizer_run1537_subrun203.csv] extracting features...
  [Digitizer_run1537_subrun225.csv] extracting features...
  [Digitizer_run1537_subrun236.csv] extracting features...
  [Digitizer_run1537_subrun245.csv] extracting features...
  [Digitizer_run1537_subrun251.csv] extracting features...
  [Digitizer_run1537_subrun259.csv] extracting features...
  [Digitizer_run1537_subrun262.csv] extracting features...
  [Digitizer_run1537_subrun263.csv] extracting features...
  [Digitizer_run1537_subrun267.csv] extracting features...
  [Digitizer_run1537_subrun270.csv] extracting features...
  [Digitizer_run1537_subrun273.csv] extracting features...
  [Digitizer_run1537_subrun294.csv] extracting features...
  [Digitizer_run1537_subrun309.csv] extracting features...
  [Digitizer_run1537_subrun316.csv] extracting features...
  [Digitizer_run1537_subrun333.csv] extracting features...
  [Digitizer_run1537_subrun359.csv] extracting features...
  [Digitizer_run1537_subrun379.csv] extracting features...
  [Digitizer_run1537_subrun387.csv] extracting features...
  [Digitizer_run1537_subrun405.csv] extracting features...
  [Digitizer_run1541_subrun9.csv] extracting features...
  [Digitizer_run1541_subrun15.csv] extracting features...
  [Digitizer_run1541_subrun16.csv] extracting features...
  [Digitizer_run1541_subrun21.csv] extracting features...
  [Digitizer_run1541_subrun22.csv] extracting features...
  [Digitizer_run1541_subrun32.csv] extracting features...
  [Digitizer_run1541_subrun58.csv] extracting features...
  [Digitizer_run1541_subrun60.csv] extracting features...
  [Digitizer_run1541_subrun63.csv] extracting features...
  [Digitizer_run1541_subrun71.csv] extracting features...
  [Digitizer_run1541_subrun82.csv] extracting features...
  [Digitizer_run1541_subrun98.csv] extracting features...
  [Digitizer_run1541_subrun104.csv] extracting features...
  [Digitizer_run1541_subrun120.csv] extracting features...
  [Digitizer_run1541_subrun167.csv] extracting features...
  [Digitizer_run1541_subrun174.csv] extracting features...
  [Digitizer_run1541_subrun199.csv] extracting features...
  [Digitizer_run1541_subrun215.csv] extracting features...
  [Digitizer_run1541_subrun216.csv] extracting features...
  [Digitizer_run1541_subrun228.csv] extracting features...
  [Digitizer_run1541_subrun230.csv] extracting features...
  [Digitizer_run1541_subrun251.csv] extracting features...
  [Digitizer_run1541_subrun257.csv] extracting features...
  [Digitizer_run1541_subrun260.csv] extracting features...
  [Digitizer_run1541_subrun262.csv] extracting features...
  [Digitizer_run1541_subrun278.csv] extracting features...
  [Digitizer_run1541_subrun284.csv] extracting features...
  [Digitizer_run1541_subrun292.csv] extracting features...
  [Digitizer_run1541_subrun295.csv] extracting features...
  [Digitizer_run1541_subrun324.csv] extracting features...
  [Digitizer_run1541_subrun328.csv] extracting features...
  [Digitizer_run1541_subrun330.csv] extracting features...
  [Digitizer_run1541_subrun332.csv] extracting features...
  [Digitizer_run1541_subrun352.csv] extracting features...
  [Digitizer_run1541_subrun353.csv] extracting features...
  [Digitizer_run1541_subrun360.csv] extracting features...
  [Digitizer_run1541_subrun364.csv] extracting features...
  [Digitizer_run1541_subrun383.csv] extracting features...
  [Digitizer_run1541_subrun396.csv] extracting features...
  [Digitizer_run1541_subrun402.csv] extracting features...
  [Digitizer_run1541_subrun406.csv] extracting features...
  [Digitizer_run1541_subrun423.csv] extracting features...
  [Digitizer_run1541_subrun424.csv] extracting features...
  [Digitizer_run1541_subrun454.csv] extracting features...
  [Digitizer_run1541_subrun467.csv] extracting features...
  [Digitizer_run1541_subrun475.csv] extracting features...
  [Digitizer_run1541_subrun476.csv] extracting features...
  [Digitizer_run1541_subrun484.csv] extracting features...
  [Digitizer_run1541_subrun487.csv] extracting features...
  [Digitizer_run1541_subrun497.csv] extracting features...
  [Digitizer_run1541_subrun499.csv] extracting features...
  [Digitizer_run1541_subrun523.csv] extracting features...
  [Digitizer_run1541_subrun532.csv] extracting features...
  [Digitizer_run1541_subrun535.csv] extracting features...
  [Digitizer_run1543_subrun11.csv] extracting features...
  [Digitizer_run1543_subrun19.csv] extracting features...
  [Digitizer_run1543_subrun28.csv] extracting features...
  [Digitizer_run1543_subrun44.csv] extracting features...
  [Digitizer_run1543_subrun53.csv] extracting features...
  [Digitizer_run1543_subrun73.csv] extracting features...
  [Digitizer_run1543_subrun75.csv] extracting features...
  [Digitizer_run1543_subrun118.csv] extracting features...
  [Digitizer_run1543_subrun125.csv] extracting features...
  [Digitizer_run1543_subrun130.csv] extracting features...
  [Digitizer_run1543_subrun152.csv] extracting features...
  [Digitizer_run1543_subrun153.csv] extracting features...
  [Digitizer_run1543_subrun155.csv] extracting features...
  [Digitizer_run1543_subrun160.csv] extracting features...
  [Digitizer_run1543_subrun189.csv] extracting features...
  [Digitizer_run1543_subrun190.csv] extracting features...
  [Digitizer_run1543_subrun194.csv] extracting features...
  [Digitizer_run1543_subrun200.csv] extracting features...
  [Digitizer_run1543_subrun217.csv] extracting features...
  [Digitizer_run1543_subrun221.csv] extracting features...
  [Digitizer_run1543_subrun225.csv] extracting features...
  [Digitizer_run1543_subrun227.csv] extracting features...
  [Digitizer_run1543_subrun249.csv] extracting features...
  [Digitizer_run1543_subrun257.csv] extracting features...
  [Digitizer_run1543_subrun269.csv] extracting features...
  [Digitizer_run1543_subrun270.csv] extracting features...
  [Digitizer_run1543_subrun281.csv] extracting features...
  [Digitizer_run1543_subrun291.csv] extracting features...
  [Digitizer_run1543_subrun313.csv] extracting features...
  [Digitizer_run1543_subrun318.csv] extracting features...
  [Digitizer_run1543_subrun337.csv] extracting features...
  [Digitizer_run1543_subrun339.csv] extracting features...
  [Digitizer_run1543_subrun352.csv] extracting features...
  [Digitizer_run1543_subrun355.csv] extracting features...
  [Digitizer_run1543_subrun356.csv] extracting features...
  [Digitizer_run1543_subrun363.csv] extracting features...
  [Digitizer_run1543_subrun375.csv] extracting features...
  [Digitizer_run1543_subrun377.csv] extracting features...
  [Digitizer_run1543_subrun381.csv] extracting features...
  [Digitizer_run1543_subrun387.csv] extracting features...
  [Digitizer_run1543_subrun398.csv] extracting features...
  [Digitizer_run1543_subrun405.csv] extracting features...
  [Digitizer_run1543_subrun411.csv] extracting features...
  [Digitizer_run1543_subrun416.csv] extracting features...
  [Digitizer_run1543_subrun419.csv] extracting features...
  [Digitizer_run1543_subrun421.csv] extracting features...
  [Digitizer_run1543_subrun425.csv] extracting features...
  [Digitizer_run1543_subrun437.csv] extracting features...
  [Digitizer_run1543_subrun469.csv] extracting features...
  [Digitizer_run1543_subrun470.csv] extracting features...
  [Digitizer_run1543_subrun480.csv] extracting features...
  [Digitizer_run1543_subrun485.csv] extracting features...
  [Digitizer_run1543_subrun490.csv] extracting features...
  [Digitizer_run1543_subrun502.csv] extracting features...
  [Digitizer_run1543_subrun504.csv] extracting features...
  [Digitizer_run1543_subrun512.csv] extracting features...
  [Digitizer_run1543_subrun516.csv] extracting features...
  [Digitizer_run1543_subrun519.csv] extracting features...
  [Digitizer_run1543_subrun523.csv] extracting features...
  [Digitizer_run1543_subrun524.csv] extracting features...
  [Digitizer_run1543_subrun531.csv] extracting features...
  [Digitizer_run1543_subrun548.csv] extracting features...
  [Digitizer_run1543_subrun558.csv] extracting features...
  [Digitizer_run1543_subrun567.csv] extracting features...
  [Digitizer_run1543_subrun576.csv] extracting features...
  [Digitizer_run1544_subrun1.csv] extracting features...
  [Digitizer_run1544_subrun2.csv] extracting features...
  [Digitizer_run1544_subrun16.csv] extracting features...
  [Digitizer_run1544_subrun23.csv] extracting features...
  [Digitizer_run1544_subrun41.csv] extracting features...
  [Digitizer_run1544_subrun51.csv] extracting features...
  [Digitizer_run1544_subrun81.csv] extracting features...
  [Digitizer_run1544_subrun87.csv] extracting features...
  [Digitizer_run1544_subrun99.csv] extracting features...
  [Digitizer_run1544_subrun103.csv] extracting features...
  [Digitizer_run1544_subrun123.csv] extracting features...
  [Digitizer_run1544_subrun128.csv] extracting features...
  [Digitizer_run1544_subrun153.csv] extracting features...
  [Digitizer_run1544_subrun164.csv] extracting features...
  [Digitizer_run1544_subrun167.csv] extracting features...
  [Digitizer_run1552_subrun1.csv] extracting features...
  [Digitizer_run1552_subrun31.csv] extracting features...
  [Digitizer_run1552_subrun38.csv] extracting features...
  [Digitizer_run1552_subrun47.csv] extracting features...
  [Digitizer_run1552_subrun48.csv] extracting features...
  [Digitizer_run1552_subrun51.csv] extracting features...
  [Digitizer_run1552_subrun59.csv] extracting features...
  [Digitizer_run1552_subrun68.csv] extracting features...
  [Digitizer_run1552_subrun79.csv] extracting features...
  [Digitizer_run1552_subrun87.csv] extracting features...
  [Digitizer_run1552_subrun92.csv] extracting features...
  [Digitizer_run1552_subrun99.csv] extracting features...
  [Digitizer_run1552_subrun100.csv] extracting features...
  [Digitizer_run1552_subrun106.csv] extracting features...
  [Digitizer_run1552_subrun120.csv] extracting features...
  [Digitizer_run1552_subrun135.csv] extracting features...
  [Digitizer_run1552_subrun151.csv] extracting features...
  [Digitizer_run1552_subrun155.csv] extracting features...
  [Digitizer_run1552_subrun156.csv] extracting features...
  [Digitizer_run1552_subrun181.csv] extracting features...
  [Digitizer_run1552_subrun187.csv] extracting features...
  [Digitizer_run1552_subrun195.csv] extracting features...
  [Digitizer_run1552_subrun198.csv] extracting features...
  [Digitizer_run1552_subrun208.csv] extracting features...
  [Digitizer_run1552_subrun209.csv] extracting features...
  [Digitizer_run1552_subrun212.csv] extracting features...
  [Digitizer_run1552_subrun213.csv] extracting features...
  [Digitizer_run1552_subrun224.csv] extracting features...
  [Digitizer_run1552_subrun226.csv] extracting features...
  [Digitizer_run1552_subrun246.csv] extracting features...
  [Digitizer_run1552_subrun250.csv] extracting features...
  [Digitizer_run1552_subrun274.csv] extracting features...
  [Digitizer_run1552_subrun275.csv] extracting features...
  [Digitizer_run1552_subrun276.csv] extracting features...
  [Digitizer_run1552_subrun284.csv] extracting features...
  [Digitizer_run1552_subrun302.csv] extracting features...
  [Digitizer_run1552_subrun304.csv] extracting features...
  [Digitizer_run1552_subrun313.csv] extracting features...
  [Digitizer_run1552_subrun319.csv] extracting features...
  [Digitizer_run1552_subrun330.csv] extracting features...
  [Digitizer_run1552_subrun341.csv] extracting features...
  [Digitizer_run1552_subrun344.csv] extracting features...
  [Digitizer_run1552_subrun348.csv] extracting features...
  [Digitizer_run1552_subrun360.csv] extracting features...
  [Digitizer_run1552_subrun369.csv] extracting features...
  [Digitizer_run1552_subrun375.csv] extracting features...
  [Digitizer_run1552_subrun384.csv] extracting features...
  [Digitizer_run1552_subrun387.csv] extracting features...
  [Digitizer_run1552_subrun399.csv] extracting features...
  [Digitizer_run1552_subrun416.csv] extracting features...
  [Digitizer_run1552_subrun449.csv] extracting features...
  [Digitizer_run1552_subrun467.csv] extracting features...
  [Digitizer_run1552_subrun477.csv] extracting features...
  [Digitizer_run1552_subrun501.csv] extracting features...
  [Digitizer_run1552_subrun518.csv] extracting features...
  [Digitizer_run1552_subrun521.csv] extracting features...
  [Digitizer_run1552_subrun527.csv] extracting features...
  [Digitizer_run1552_subrun545.csv] extracting features...
  [Digitizer_run1553_subrun2.csv] extracting features...
  [Digitizer_run1553_subrun9.csv] extracting features...
  [Digitizer_run1553_subrun10.csv] extracting features...
  [Digitizer_run1553_subrun15.csv] extracting features...
  [Digitizer_run1553_subrun24.csv] extracting features...
  [Digitizer_run1553_subrun27.csv] extracting features...
  [Digitizer_run1553_subrun31.csv] extracting features...
  [Digitizer_run1553_subrun32.csv] extracting features...
  [Digitizer_run1553_subrun37.csv] extracting features...
  [Digitizer_run1553_subrun48.csv] extracting features...
  [Digitizer_run1553_subrun57.csv] extracting features...
  [Digitizer_run1553_subrun70.csv] extracting features...
  [Digitizer_run1553_subrun76.csv] extracting features...
  [Digitizer_run1553_subrun91.csv] extracting features...
  [Digitizer_run1553_subrun104.csv] extracting features...
  [Digitizer_run1553_subrun111.csv] extracting features...
  [Digitizer_run1553_subrun135.csv] extracting features...
  [Digitizer_run1553_subrun171.csv] extracting features...
  [Digitizer_run1553_subrun176.csv] extracting features...
  [Digitizer_run1553_subrun185.csv] extracting features...
  [Digitizer_run1553_subrun186.csv] extracting features...
  [Digitizer_run1553_subrun195.csv] extracting features...
  [Digitizer_run1553_subrun199.csv] extracting features...
  [Digitizer_run1553_subrun208.csv] extracting features...
  [Digitizer_run1553_subrun219.csv] extracting features...
  [Digitizer_run1553_subrun233.csv] extracting features...
  [Digitizer_run1553_subrun267.csv] extracting features...
  [Digitizer_run1553_subrun279.csv] extracting features...
  [Digitizer_run1553_subrun281.csv] extracting features...
  [Digitizer_run1553_subrun288.csv] extracting features...
  [Digitizer_run1553_subrun300.csv] extracting features...
  [Digitizer_run1553_subrun303.csv] extracting features...
  [Digitizer_run1553_subrun312.csv] extracting features...
  [Digitizer_run1553_subrun313.csv] extracting features...
  [Digitizer_run1553_subrun322.csv] extracting features...
  [Digitizer_run1553_subrun348.csv] extracting features...
  [Digitizer_run1553_subrun372.csv] extracting features...
  [Digitizer_run1553_subrun382.csv] extracting features...
  [Digitizer_run1553_subrun391.csv] extracting features...
  [Digitizer_run1553_subrun396.csv] extracting features...
  [Digitizer_run1553_subrun403.csv] extracting features...
  [Digitizer_run1553_subrun410.csv] extracting features...
  [Digitizer_run1553_subrun418.csv] extracting features...
  [Digitizer_run1553_subrun431.csv] extracting features...
  [Digitizer_run1553_subrun448.csv] extracting features...
  [Digitizer_run1553_subrun452.csv] extracting features...
  [Digitizer_run1553_subrun468.csv] extracting features...
  [Digitizer_run1553_subrun474.csv] extracting features...
  [Digitizer_run1553_subrun482.csv] extracting features...
  [Digitizer_run1553_subrun486.csv] extracting features...
  [Digitizer_run1553_subrun494.csv] extracting features...
  [Digitizer_run1553_subrun501.csv] extracting features...
  [Digitizer_run1553_subrun504.csv] extracting features...
  [Digitizer_run1553_subrun517.csv] extracting features...
  [Digitizer_run1553_subrun519.csv] extracting features...
  [Digitizer_run1553_subrun526.csv] extracting features...
  [Digitizer_run1553_subrun542.csv] extracting features...
  [Digitizer_run1553_subrun549.csv] extracting features...
  [Digitizer_run1553_subrun550.csv] extracting features...
  [Digitizer_run1553_subrun553.csv] extracting features...
  [Digitizer_run1553_subrun564.csv] extracting features...
  [Digitizer_run1553_subrun565.csv] extracting features...
  [Digitizer_run1553_subrun567.csv] extracting features...
  [Digitizer_run1553_subrun580.csv] extracting features...
  [Digitizer_run1554_subrun11.csv] extracting features...
  [Digitizer_run1554_subrun13.csv] extracting features...
  [Digitizer_run1554_subrun26.csv] extracting features...
  [Digitizer_run1554_subrun43.csv] extracting features...
  [Digitizer_run1554_subrun51.csv] extracting features...
  [Digitizer_run1554_subrun59.csv] extracting features...
  [Digitizer_run1554_subrun62.csv] extracting features...
  [Digitizer_run1554_subrun92.csv] extracting features...
  [Digitizer_run1554_subrun103.csv] extracting features...
  [Digitizer_run1554_subrun113.csv] extracting features...
  [Digitizer_run1554_subrun122.csv] extracting features...
  [Digitizer_run1554_subrun126.csv] extracting features...
  [Digitizer_run1554_subrun128.csv] extracting features...
  [Digitizer_run1554_subrun131.csv] extracting features...
  [Digitizer_run1554_subrun132.csv] extracting features...
  [Digitizer_run1554_subrun142.csv] extracting features...
  [Digitizer_run1554_subrun155.csv] extracting features...
  [Digitizer_run1554_subrun160.csv] extracting features...
  [Digitizer_run1554_subrun165.csv] extracting features...
  [Digitizer_run1554_subrun169.csv] extracting features...
  [Digitizer_run1554_subrun171.csv] extracting features...
  [Digitizer_run1554_subrun175.csv] extracting features...
  [Digitizer_run1554_subrun182.csv] extracting features...
  [Digitizer_run1554_subrun197.csv] extracting features...
  [Digitizer_run1554_subrun202.csv] extracting features...
  [Digitizer_run1554_subrun216.csv] extracting features...
  [Digitizer_run1554_subrun220.csv] extracting features...
  [Digitizer_run1554_subrun237.csv] extracting features...
  [Digitizer_run1554_subrun261.csv] extracting features...
  [Digitizer_run1554_subrun263.csv] extracting features...
  [Digitizer_run1554_subrun265.csv] extracting features...
  [Digitizer_run1554_subrun285.csv] extracting features...
  [Digitizer_run1554_subrun289.csv] extracting features...
  [Digitizer_run1554_subrun311.csv] extracting features...
  [Digitizer_run1554_subrun333.csv] extracting features...
  [Digitizer_run1554_subrun334.csv] extracting features...
  [Digitizer_run1554_subrun336.csv] extracting features...
  [Digitizer_run1554_subrun342.csv] extracting features...
  [Digitizer_run1554_subrun347.csv] extracting features...
  [Digitizer_run1554_subrun369.csv] extracting features...
  [Digitizer_run1554_subrun384.csv] extracting features...
  [Digitizer_run1554_subrun386.csv] extracting features...
  [Digitizer_run1554_subrun391.csv] extracting features...
  [Digitizer_run1554_subrun419.csv] extracting features...
  [Digitizer_run1554_subrun421.csv] extracting features...
  [Digitizer_run1554_subrun431.csv] extracting features...
  [Digitizer_run1554_subrun435.csv] extracting features...
  [Digitizer_run1554_subrun459.csv] extracting features...
  [Digitizer_run1554_subrun477.csv] extracting features...
  [Digitizer_run1554_subrun496.csv] extracting features...
  [Digitizer_run1554_subrun500.csv] extracting features...
  [Digitizer_run1554_subrun512.csv] extracting features...
  [Digitizer_run1554_subrun524.csv] extracting features...
  [Digitizer_run1554_subrun533.csv] extracting features...
  [Digitizer_run1554_subrun541.csv] extracting features...
  [Digitizer_run1554_subrun551.csv] extracting features...
  [Digitizer_run1554_subrun562.csv] extracting features...
  [Digitizer_run1554_subrun578.csv] extracting features...
  [Digitizer_run1555_subrun3.csv] extracting features...
  [Digitizer_run1555_subrun26.csv] extracting features...
  [Digitizer_run1555_subrun41.csv] extracting features...
  [Digitizer_run1555_subrun45.csv] extracting features...
  [Digitizer_run1555_subrun55.csv] extracting features...
  [Digitizer_run1555_subrun59.csv] extracting features...
  [Digitizer_run1555_subrun68.csv] extracting features...
  [Digitizer_run1555_subrun94.csv] extracting features...
  [Digitizer_run1555_subrun106.csv] extracting features...
  [Digitizer_run1555_subrun107.csv] extracting features...
  [Digitizer_run1555_subrun109.csv] extracting features...
  [Digitizer_run1555_subrun129.csv] extracting features...
  [Digitizer_run1555_subrun140.csv] extracting features...
  [Digitizer_run1555_subrun154.csv] extracting features...
  [Digitizer_run1555_subrun169.csv] extracting features...
  [Digitizer_run1555_subrun180.csv] extracting features...
  [Digitizer_run1555_subrun194.csv] extracting features...
  [Digitizer_run1555_subrun207.csv] extracting features...
  [Digitizer_run1555_subrun234.csv] extracting features...
  [Digitizer_run1555_subrun238.csv] extracting features...
  [Digitizer_run1555_subrun243.csv] extracting features...
  [Digitizer_run1555_subrun253.csv] extracting features...
  [Digitizer_run1555_subrun266.csv] extracting features...
  [Digitizer_run1555_subrun267.csv] extracting features...
  [Digitizer_run1555_subrun277.csv] extracting features...
  [Digitizer_run1555_subrun278.csv] extracting features...
  [Digitizer_run1555_subrun282.csv] extracting features...
  [Digitizer_run1555_subrun287.csv] extracting features...
  [Digitizer_run1555_subrun294.csv] extracting features...
  [Digitizer_run1555_subrun302.csv] extracting features...
  [Digitizer_run1555_subrun316.csv] extracting features...
  [Digitizer_run1555_subrun327.csv] extracting features...
  [Digitizer_run1555_subrun349.csv] extracting features...
  [Digitizer_run1555_subrun397.csv] extracting features...
  [Digitizer_run1555_subrun412.csv] extracting features...
  [Digitizer_run1555_subrun438.csv] extracting features...
  [Digitizer_run1555_subrun447.csv] extracting features...
  [Digitizer_run1555_subrun456.csv] extracting features...
  [Digitizer_run1555_subrun462.csv] extracting features...
  [Digitizer_run1555_subrun471.csv] extracting features...
  [Digitizer_run1555_subrun472.csv] extracting features...
  [Digitizer_run1555_subrun515.csv] extracting features...
  [Digitizer_run1555_subrun536.csv] extracting features...
  [Digitizer_run1555_subrun563.csv] extracting features...
  [Digitizer_run1555_subrun582.csv] extracting features...
  [Digitizer_run1555_subrun583.csv] extracting features...
  [Digitizer_run1555_subrun589.csv] extracting features...
  [Digitizer_run1555_subrun599.csv] extracting features...
  [Digitizer_run1555_subrun637.csv] extracting features...
  [Digitizer_run1555_subrun643.csv] extracting features...
  [Digitizer_run1556_subrun10.csv] extracting features...
  [Digitizer_run1556_subrun14.csv] extracting features...
  [Digitizer_run1556_subrun52.csv] extracting features...
  [Digitizer_run1556_subrun75.csv] extracting features...
  [Digitizer_run1556_subrun89.csv] extracting features...
  [Digitizer_run1556_subrun92.csv] extracting features...
  [Digitizer_run1556_subrun111.csv] extracting features...
  [Digitizer_run1556_subrun114.csv] extracting features...
  [Digitizer_run1557_subrun5.csv] extracting features...
  [Digitizer_run1557_subrun6.csv] extracting features...
  [Digitizer_run1557_subrun8.csv] extracting features...
  [Digitizer_run1557_subrun38.csv] extracting features...
  [Digitizer_run1557_subrun46.csv] extracting features...
  [Digitizer_run1557_subrun55.csv] extracting features...
  [Digitizer_run1557_subrun74.csv] extracting features...
  [Digitizer_run1557_subrun88.csv] extracting features...
  [Digitizer_run1557_subrun96.csv] extracting features...
  [Digitizer_run1557_subrun100.csv] extracting features...
  [Digitizer_run1557_subrun103.csv] extracting features...
  [Digitizer_run1557_subrun109.csv] extracting features...
  [Digitizer_run1557_subrun116.csv] extracting features...
  [Digitizer_run1557_subrun120.csv] extracting features...
  [Digitizer_run1557_subrun130.csv] extracting features...
  [Digitizer_run1557_subrun133.csv] extracting features...
  [Digitizer_run1557_subrun141.csv] extracting features...
  [Digitizer_run1557_subrun154.csv] extracting features...
  [Digitizer_run1557_subrun171.csv] extracting features...
  [Digitizer_run1557_subrun175.csv] extracting features...
  [Digitizer_run1557_subrun179.csv] extracting features...
  [Digitizer_run1557_subrun193.csv] extracting features...
  [Digitizer_run1557_subrun197.csv] extracting features...
  [Digitizer_run1557_subrun250.csv] extracting features...
  [Digitizer_run1557_subrun254.csv] extracting features...
  [Digitizer_run1557_subrun292.csv] extracting features...
  [Digitizer_run1557_subrun296.csv] extracting features...
  [Digitizer_run1557_subrun297.csv] extracting features...
  [Digitizer_run1557_subrun298.csv] extracting features...
  [Digitizer_run1557_subrun319.csv] extracting features...
  [Digitizer_run1557_subrun326.csv] extracting features...
  [Digitizer_run1562_subrun5.csv] extracting features...
  Reference built: 1398 file(s), 97 channels.
  Reference saved → /afs/cern.ch/user/t/tafoyava/autoDQM/isolation_forest/models/condor_full_260428_Tight_noTrigger_ignoreDAQConfig/reference.npz
Training Isolation Forest...
  Isolation Forest trained on 50000 (channel × file) z-score vectors.
  Detector saved  → /afs/cern.ch/user/t/tafoyava/autoDQM/isolation_forest/models/condor_full_260428_Tight_noTrigger_ignoreDAQConfig/detector.pkl
Saving mean feature table...
    reference_mean_table.png
  Mean table saved → /afs/cern.ch/user/t/tafoyava/autoDQM/isolation_forest/models/condor_full_260428_Tight_noTrigger_ignoreDAQConfig/reference_mean_table.png
  Config snapshot saved → /afs/cern.ch/user/t/tafoyava/autoDQM/isolation_forest/models/condor_full_260428_Tight_noTrigger_ignoreDAQConfig/config.yaml
  Training metadata saved → /afs/cern.ch/user/t/tafoyava/autoDQM/isolation_forest/models/condor_full_260428_Tight_noTrigger_ignoreDAQConfig/training_metadata.json

============================================================
  STEP 2 — APPLY
============================================================

  [--apply-to-training-list] Resolving apply list from same catalogue params as training [quality=Tight, fraction=0.1] ...

  ── goodRunsListSlab.json statistics ────────────────────────
     Total entries (run+subrun pairs) :   60,210
     Tags                             : {'v1p0': 60210}
     Loose                            :   60,186
     Medium                           :   58,230
     Tight                            :   17,839
  ── After quality filter (Tight)
     Matching entries                 :   17,839
     Unique runs                      :       94
  ── After run range filter (min=1422, max=—)
     Matching entries                 :   14,041
     Unique runs                      :       54
  ── After fraction sub-sample (fraction=0.1, seed=42)
     Sampled entries                  :    1,404
     Unique runs in sample            :       39

  WARNING: 6 catalogue entries had no matching file on disk and were skipped.
  1398 file(s) resolved from full sample (Tight, fraction=0.1).
  Reference: 97 channels  |  Z-threshold: 6.0σ
  1398 file(s) to process.
[OK]    2026-04-28T18:21:09Z  Digitizer_run1422_subrun7.csv  —  1 transient anomalous channel(s), streak not established  [window: 3 files]
                         ch80  method=isolation_forest      max_z=5.72      if_score=-0.6122     features=[]  [1/3 files]
[OK]    2026-04-28T18:21:11Z  Digitizer_run1422_subrun10.csv  —  1 transient anomalous channel(s), streak not established  [window: 3 files]
                          ch3  method=statistical           max_z=6.33      if_score=-0.5008     features=[sideband_mean_median]  [1/3 files]
[OK]    2026-04-28T18:21:12Z  Digitizer_run1422_subrun19.csv  —  97 channels, all nominal
[OK]    2026-04-28T18:21:14Z  Digitizer_run1422_subrun28.csv  —  1 transient anomalous channel(s), streak not established  [window: 3 files]
                          ch3  method=statistical           max_z=8.4       if_score=-0.5801     features=[sideband_mean_median]  [2/3 files]
[OK]    2026-04-28T18:21:16Z  Digitizer_run1422_subrun36.csv  —  1 transient anomalous channel(s), streak not established  [window: 3 files]
                          ch3  method=statistical           max_z=7.01      if_score=-0.514      features=[sideband_mean_median]  [2/3 files]
[OK]    2026-04-28T18:21:18Z  Digitizer_run1422_subrun43.csv  —  1 transient anomalous channel(s), streak not established  [window: 3 files]
                         ch93  method=statistical+IF        max_z=10.79     if_score=-0.648      features=[sideband_mean_mean;sideband_rms_mean]  [1/3 files]
[OK]    2026-04-28T18:21:20Z  Digitizer_run1422_subrun44.csv  —  1 transient anomalous channel(s), streak not established  [window: 3 files]
                         ch80  method=isolation_forest      max_z=5.94      if_score=-0.6243     features=[]  [1/3 files]
[OK]    2026-04-28T18:21:22Z  Digitizer_run1422_subrun54.csv  —  97 channels, all nominal
[OK]    2026-04-28T18:21:24Z  Digitizer_run1422_subrun59.csv  —  2 transient anomalous channel(s), streak not established  [window: 3 files]
                          ch3  method=statistical           max_z=6.64      if_score=-0.5082     features=[sideband_mean_median]  [1/3 files]
                         ch56  method=isolation_forest      max_z=5.68      if_score=-0.6022     features=[]  [1/3 files]
[OK]    2026-04-28T18:21:26Z  Digitizer_run1422_subrun91.csv  —  2 transient anomalous channel(s), streak not established  [window: 3 files]
                         ch91  method=statistical           max_z=7.92      if_score=-0.4305     features=[nPulses_median]  [1/3 files]
                         ch93  method=isolation_forest      max_z=4.87      if_score=-0.5986     features=[]  [1/3 files]
[OK]    2026-04-28T18:21:28Z  Digitizer_run1422_subrun97.csv  —  97 channels, all nominal
[OK]    2026-04-28T18:21:30Z  Digitizer_run1422_subrun107.csv  —  1 transient anomalous channel(s), streak not established  [window: 3 files]
                         ch56  method=isolation_forest      max_z=3.99      if_score=-0.6292     features=[]  [1/3 files]
[OK]    2026-04-28T18:21:32Z  Digitizer_run1422_subrun118.csv  —  97 channels, all nominal
[OK]    2026-04-28T18:21:34Z  Digitizer_run1422_subrun129.csv  —  2 transient anomalous channel(s), streak not established  [window: 3 files]
                         ch80  method=isolation_forest      max_z=4.83      if_score=-0.5971     features=[]  [1/3 files]
                         ch93  method=isolation_forest      max_z=5.26      if_score=-0.6627     features=[]  [1/3 files]
[OK]    2026-04-28T18:21:36Z  Digitizer_run1422_subrun153.csv  —  1 transient anomalous channel(s), streak not established  [window: 3 files]
                         ch93  method=statistical           max_z=6.23      if_score=-0.5739     features=[sideband_rms_mean]  [2/3 files]
[OK]    2026-04-28T18:21:38Z  Digitizer_run1422_subrun159.csv  —  1 transient anomalous channel(s), streak not established  [window: 3 files]
                          ch3  method=statistical           max_z=7.11      if_score=-0.5887     features=[sideband_mean_median]  [1/3 files]
[OK]    2026-04-28T18:21:40Z  Digitizer_run1422_subrun167.csv  —  3 transient anomalous channel(s), streak not established  [window: 3 files]
                          ch3  method=statistical           max_z=7.31      if_score=-0.5637     features=[sideband_mean_median]  [2/3 files]
                          ch6  method=statistical           max_z=6.64      if_score=-0.5099     features=[nPulses_median]  [1/3 files]
                         ch80  method=statistical           max_z=7.3       if_score=-0.5872     features=[pulseHeight_min_median;pulseArea_min_median]  [1/3 files]
[OK]    2026-04-28T18:21:42Z  Digitizer_run1422_subrun189.csv  —  97 channels, all nominal
[OK]    2026-04-28T18:21:44Z  Digitizer_run1422_subrun201.csv  —  1 transient anomalous channel(s), streak not established  [window: 3 files]
                          ch1  method=statistical           max_z=6.04      if_score=-0.5309     features=[nPulses_median]  [1/3 files]
[OK]    2026-04-28T18:21:46Z  Digitizer_run1422_subrun208.csv  —  2 transient anomalous channel(s), streak not established  [window: 3 files]
                          ch3  method=statistical           max_z=6.55      if_score=-0.5506     features=[sideband_mean_median]  [1/3 files]
                         ch93  method=statistical+IF        max_z=6.67      if_score=-0.7033     features=[pulseArea_max_mean;pulseArea_min_mean;pulseArea_min_std;pulseDuriation_min_std]  [1/3 files]
[OK]    2026-04-28T18:21:48Z  Digitizer_run1422_subrun225.csv  —  2 transient anomalous channel(s), streak not established  [window: 3 files]
                          ch3  method=statistical           max_z=7.29      if_score=-0.5335     features=[sideband_mean_median]  [2/3 files]
                         ch93  method=isolation_forest      max_z=5.86      if_score=-0.6531     features=[]  [2/3 files]
[WARN]  2026-04-28T18:21:50Z  Digitizer_run1422_subrun232.csv  —  1 persistent anomalous channel(s)  [window: 3 files, need 2 persistent for ALERT]
                         ch93  method=statistical+IF        max_z=7.63      if_score=-0.6299     features=[sideband_rms_mean]  [3/3 files]
[OK]    2026-04-28T18:21:52Z  Digitizer_run1422_subrun242.csv  —  1 transient anomalous channel(s), streak not established  [window: 3 files]
                          ch3  method=statistical           max_z=8.1       if_score=-0.5793     features=[sideband_mean_median]  [2/3 files]
[OK]    2026-04-28T18:21:54Z  Digitizer_run1422_subrun252.csv  —  2 transient anomalous channel(s), streak not established  [window: 3 files]
                          ch8  method=isolation_forest      max_z=3.91      if_score=-0.5947     features=[]  [1/3 files]
                         ch80  method=statistical+IF        max_z=9.05      if_score=-0.6061     features=[pulseHeight_min_median;pulseArea_min_median]  [1/3 files]
[OK]    2026-04-28T18:21:56Z  Digitizer_run1422_subrun283.csv  —  2 transient anomalous channel(s), streak not established  [window: 3 files]
                         ch80  method=statistical+IF        max_z=6.97      if_score=-0.6094     features=[pulseHeight_min_median;pulseArea_min_median]  [2/3 files]
                         ch93  method=isolation_forest      max_z=3.45      if_score=-0.6103     features=[]  [1/3 files]
[OK]    2026-04-28T18:21:58Z  Digitizer_run1422_subrun318.csv  —  2 transient anomalous channel(s), streak not established  [window: 3 files]
                         ch24  method=isolation_forest      max_z=3.52      if_score=-0.5992     features=[]  [1/3 files]
                          ch3  method=statistical           max_z=6.98      if_score=-0.4843     features=[sideband_mean_median]  [1/3 files]
[OK]    2026-04-28T18:22:00Z  Digitizer_run1422_subrun320.csv  —  1 transient anomalous channel(s), streak not established  [window: 3 files]
                         ch93  method=isolation_forest      max_z=3.94      if_score=-0.6229     features=[]  [2/3 files]
[OK]    2026-04-28T18:22:02Z  Digitizer_run1422_subrun321.csv  —  2 transient anomalous channel(s), streak not established  [window: 3 files]
                          ch3  method=statistical           max_z=6.33      if_score=-0.5604     features=[sideband_mean_median]  [2/3 files]
                         ch93  method=isolation_forest      max_z=4.08      if_score=-0.593      features=[]  [2/3 files]
[WARN]  2026-04-28T18:22:04Z  Digitizer_run1422_subrun334.csv  —  1 persistent anomalous channel(s)  [window: 3 files, need 2 persistent for ALERT]
                         ch93  method=isolation_forest      max_z=4.87      if_score=-0.6268     features=[]  [3/3 files]
[OK]    2026-04-28T18:22:06Z  Digitizer_run1422_subrun340.csv  —  2 transient anomalous channel(s), streak not established  [window: 3 files]
                          ch3  method=statistical           max_z=7.55      if_score=-0.5732     features=[sideband_mean_median]  [2/3 files]
                         ch62  method=statistical           max_z=7.76      if_score=-0.4535     features=[pulseDuriation_min_median]  [1/3 files]
[OK]    2026-04-28T18:22:08Z  Digitizer_run1422_subrun345.csv  —  1 transient anomalous channel(s), streak not established  [window: 3 files]
                         ch24  method=isolation_forest      max_z=5.31      if_score=-0.6036     features=[]  [1/3 files]
[OK]    2026-04-28T18:22:10Z  Digitizer_run1422_subrun388.csv  —  2 transient anomalous channel(s), streak not established  [window: 3 files]
                          ch3  method=statistical           max_z=6.81      if_score=-0.5172     features=[sideband_mean_median]  [2/3 files]
                         ch80  method=statistical+IF        max_z=6.03      if_score=-0.5993     features=[pulseArea_min_median]  [1/3 files]
[OK]    2026-04-28T18:22:12Z  Digitizer_run1422_subrun401.csv  —  3 transient anomalous channel(s), streak not established  [window: 3 files]
                          ch3  method=statistical           max_z=6.66      if_score=-0.5351     features=[sideband_mean_median]  [2/3 files]
                         ch56  method=statistical           max_z=6.3       if_score=-0.5583     features=[pulseArea_min_median]  [1/3 files]
                         ch93  method=isolation_forest      max_z=3.46      if_score=-0.5977     features=[]  [1/3 files]
[OK]    2026-04-28T18:22:14Z  Digitizer_run1422_subrun407.csv  —  2 transient anomalous channel(s), streak not established  [window: 3 files]
                         ch45  method=isolation_forest      max_z=4.55      if_score=-0.6143     features=[]  [1/3 files]
                         ch56  method=isolation_forest      max_z=3.88      if_score=-0.6046     features=[]  [2/3 files]
[WARN]  2026-04-28T18:22:16Z  Digitizer_run1422_subrun410.csv  —  1 persistent + 1 transient anomalous channel(s)  [window: 3 files, need 2 persistent for ALERT]
                         ch56  method=isolation_forest      max_z=4.33      if_score=-0.5917     features=[]  [3/3 files]
                         ch80  method=isolation_forest      max_z=4.66      if_score=-0.6194     features=[]  [1/3 files]
[OK]    2026-04-28T18:22:18Z  Digitizer_run1422_subrun421.csv  —  4 transient anomalous channel(s), streak not established  [window: 3 files]
                          ch3  method=statistical           max_z=6.49      if_score=-0.5607     features=[sideband_mean_median]  [1/3 files]
                         ch62  method=statistical           max_z=6.96      if_score=-0.5385     features=[pulseArea_max_median]  [1/3 files]
                         ch80  method=isolation_forest      max_z=4.44      if_score=-0.6014     features=[]  [2/3 files]
                         ch93  method=isolation_forest      max_z=3.4       if_score=-0.6066     features=[]  [1/3 files]
[OK]    2026-04-28T18:22:20Z  Digitizer_run1422_subrun424.csv  —  1 transient anomalous channel(s), streak not established  [window: 3 files]
                          ch3  method=statistical           max_z=7.03      if_score=-0.5772     features=[sideband_mean_median]  [2/3 files]
[OK]    2026-04-28T18:22:22Z  Digitizer_run1422_subrun435.csv  —  2 transient anomalous channel(s), streak not established  [window: 3 files]
                         ch56  method=isolation_forest      max_z=4.4       if_score=-0.611      features=[]  [1/3 files]
                         ch93  method=isolation_forest      max_z=3.92      if_score=-0.6345     features=[]  [2/3 files]
[OK]    2026-04-28T18:22:24Z  Digitizer_run1422_subrun442.csv  —  97 channels, all nominal
[OK]    2026-04-28T18:22:26Z  Digitizer_run1422_subrun445.csv  —  2 transient anomalous channel(s), streak not established  [window: 3 files]
                         ch80  method=isolation_forest      max_z=3.63      if_score=-0.6025     features=[]  [1/3 files]
                         ch93  method=isolation_forest      max_z=3.46      if_score=-0.5927     features=[]  [2/3 files]
[OK]    2026-04-28T18:22:28Z  Digitizer_run1422_subrun453.csv  —  2 transient anomalous channel(s), streak not established  [window: 3 files]
                         ch24  method=statistical+IF        max_z=8.18      if_score=-0.5935     features=[sideband_rms_mean]  [1/3 files]
                         ch25  method=statistical           max_z=6.14      if_score=-0.4727     features=[sideband_rms_mean]  [1/3 files]
[OK]    2026-04-28T18:22:30Z  Digitizer_run1422_subrun471.csv  —  1 transient anomalous channel(s), streak not established  [window: 3 files]
                         ch93  method=isolation_forest      max_z=4.53      if_score=-0.6255     features=[]  [2/3 files]
[OK]    2026-04-28T18:22:32Z  Digitizer_run1422_subrun473.csv  —  2 transient anomalous channel(s), streak not established  [window: 3 files]
                          ch3  method=statistical           max_z=6.81      if_score=-0.5328     features=[sideband_mean_median]  [1/3 files]
                         ch93  method=isolation_forest      max_z=3.73      if_score=-0.593      features=[]  [2/3 files]
[OK]    2026-04-28T18:22:34Z  Digitizer_run1422_subrun475.csv  —  1 transient anomalous channel(s), streak not established  [window: 3 files]
                         ch80  method=statistical           max_z=6.47      if_score=-0.5755     features=[pulseHeight_min_median;pulseArea_min_median]  [1/3 files]
[OK]    2026-04-28T18:22:36Z  Digitizer_run1422_subrun476.csv  —  1 transient anomalous channel(s), streak not established  [window: 3 files]
                         ch93  method=isolation_forest      max_z=5.2       if_score=-0.616      features=[]  [2/3 files]
[OK]    2026-04-28T18:22:38Z  Digitizer_run1422_subrun489.csv  —  1 transient anomalous channel(s), streak not established  [window: 3 files]
                          ch3  method=statistical           max_z=7.65      if_score=-0.5347     features=[sideband_mean_median]  [1/3 files]
[OK]    2026-04-28T18:22:40Z  Digitizer_run1422_subrun509.csv  —  1 transient anomalous channel(s), streak not established  [window: 3 files]
                         ch80  method=statistical+IF        max_z=8.36      if_score=-0.6251     features=[pulseHeight_max_median;pulseHeight_min_median;pulseArea_max_median;pulseArea_min_median]  [1/3 files]
[OK]    2026-04-28T18:22:42Z  Digitizer_run1422_subrun515.csv  —  3 transient anomalous channel(s), streak not established  [window: 3 files]
                         ch24  method=isolation_forest      max_z=3.85      if_score=-0.6243     features=[]  [1/3 files]
                         ch80  method=isolation_forest      max_z=4.66      if_score=-0.6318     features=[]  [2/3 files]
                         ch93  method=statistical+IF        max_z=7.62      if_score=-0.6368     features=[sideband_rms_mean]  [1/3 files]
[OK]    2026-04-28T18:22:44Z  Digitizer_run1422_subrun521.csv  —  1 transient anomalous channel(s), streak not established  [window: 3 files]
                          ch3  method=statistical           max_z=7.48      if_score=-0.5484     features=[sideband_mean_median]  [1/3 files]
[ALERT] 2026-04-28T18:22:46Z  Digitizer_run1422_subrun526.csv  —  21/97 anomalous ch  [bulk ≥5]
                          ch1  method=statistical           max_z=6.04      if_score=-0.4774     features=[nPulses_median]  [1/3 files]
                         ch13  method=statistical           max_z=9.46      if_score=-0.4545     features=[nPulses_std]  [1/3 files]
                         ch18  method=statistical           max_z=8.78      if_score=-0.533      features=[nPulses_mean;nPulses_std]  [1/3 files]
                          ch2  method=statistical           max_z=9.85      if_score=-0.4845     features=[nPulses_mean;nPulses_std]  [1/3 files]
                         ch23  method=statistical           max_z=7.93      if_score=-0.491      features=[nPulses_std]  [1/3 files]
                         ch26  method=statistical           max_z=9.6       if_score=-0.4555     features=[nPulses_mean;nPulses_std]  [1/3 files]
                          ch3  method=statistical           max_z=6.38      if_score=-0.5243     features=[nPulses_std]  [2/3 files]
                         ch30  method=statistical           max_z=8.9       if_score=-0.4384     features=[nPulses_std]  [1/3 files]
                         ch31  method=statistical           max_z=8.91      if_score=-0.4623     features=[nPulses_mean;nPulses_std]  [1/3 files]
                         ch32  method=statistical           max_z=10.63     if_score=-0.427      features=[nPulses_mean;nPulses_std]  [1/3 files]
                         ch38  method=statistical           max_z=7.66      if_score=-0.4292     features=[nPulses_std]  [1/3 files]
                         ch40  method=statistical           max_z=8.06      if_score=-0.4554     features=[nPulses_mean;nPulses_std]  [1/3 files]
                         ch48  method=statistical           max_z=10.61     if_score=-0.4964     features=[nPulses_mean;nPulses_std]  [1/3 files]
                         ch50  method=statistical           max_z=7.39      if_score=-0.4506     features=[nPulses_std]  [1/3 files]
                         ch59  method=statistical           max_z=10.44     if_score=-0.4374     features=[nPulses_std]  [1/3 files]
                          ch6  method=statistical           max_z=9.35      if_score=-0.4513     features=[nPulses_std]  [1/3 files]
                         ch63  method=statistical           max_z=9.25      if_score=-0.459      features=[nPulses_mean;nPulses_std]  [1/3 files]
                          ch8  method=statistical           max_z=8.95      if_score=-0.4689     features=[nPulses_mean;nPulses_std]  [1/3 files]
                         ch80  method=isolation_forest      max_z=4.63      if_score=-0.6008     features=[]  [2/3 files]
                         ch93  method=isolation_forest      max_z=5.12      if_score=-0.6318     features=[]  [2/3 files]
                         ch95  method=statistical           max_z=8.42      if_score=-0.4353     features=[nPulses_std]  [1/3 files]
[OK]    2026-04-28T18:22:48Z  Digitizer_run1422_subrun535.csv  —  3 transient anomalous channel(s), streak not established  [window: 3 files]
                         ch56  method=isolation_forest      max_z=5.49      if_score=-0.5958     features=[]  [1/3 files]
                         ch80  method=statistical+IF        max_z=7.22      if_score=-0.6327     features=[pulseHeight_max_median;pulseHeight_min_median;pulseArea_max_median;pulseArea_min_median]  [2/3 files]
                         ch93  method=isolation_forest      max_z=3.78      if_score=-0.6146     features=[]  [2/3 files]
[WARN]  2026-04-28T18:22:50Z  Digitizer_run1422_subrun589.csv  —  1 persistent + 1 transient anomalous channel(s)  [window: 3 files, need 2 persistent for ALERT]
                          ch3  method=statistical           max_z=6.49      if_score=-0.5523     features=[sideband_mean_median]  [2/3 files]
                         ch93  method=isolation_forest      max_z=3.75      if_score=-0.6106     features=[]  [3/3 files]
[OK]    2026-04-28T18:22:52Z  Digitizer_run1422_subrun591.csv  —  1 transient anomalous channel(s), streak not established  [window: 3 files]
                         ch18  method=isolation_forest      max_z=5.77      if_score=-0.5981     features=[]  [1/3 files]
[OK]    2026-04-28T18:22:54Z  Digitizer_run1422_subrun602.csv  —  1 transient anomalous channel(s), streak not established  [window: 3 files]
                         ch93  method=isolation_forest      max_z=4.27      if_score=-0.6209     features=[]  [2/3 files]
[OK]    2026-04-28T18:22:56Z  Digitizer_run1422_subrun607.csv  —  4 transient anomalous channel(s), streak not established  [window: 3 files]
                          ch3  method=statistical           max_z=6.15      if_score=-0.4847     features=[sideband_mean_median]  [1/3 files]
                         ch54  method=statistical           max_z=6.56      if_score=-0.4424     features=[pulseDuriation_min_median]  [1/3 files]
                         ch80  method=statistical+IF        max_z=6.94      if_score=-0.6225     features=[pulseHeight_min_median;pulseArea_min_median]  [1/3 files]
                         ch93  method=statistical+IF        max_z=6.84      if_score=-0.6759     features=[pulseArea_min_mean;pulseArea_min_std]  [2/3 files]
  [run 1431] New run — channel history reset
[OK]    2026-04-28T18:22:58Z  Digitizer_run1431_subrun15.csv  —  1 transient anomalous channel(s), streak not established  [window: 3 files]
                         ch80  method=isolation_forest      max_z=5.23      if_score=-0.602      features=[]  [1/3 files]
[OK]    2026-04-28T18:23:00Z  Digitizer_run1431_subrun23.csv  —  97 channels, all nominal
[OK]    2026-04-28T18:23:03Z  Digitizer_run1431_subrun40.csv  —  1 transient anomalous channel(s), streak not established  [window: 3 files]
                         ch93  method=isolation_forest      max_z=5.0       if_score=-0.6474     features=[]  [1/3 files]
[OK]    2026-04-28T18:23:04Z  Digitizer_run1431_subrun42.csv  —  1 transient anomalous channel(s), streak not established  [window: 3 files]
                         ch93  method=isolation_forest      max_z=3.33      if_score=-0.5925     features=[]  [2/3 files]
[OK]    2026-04-28T18:23:06Z  Digitizer_run1431_subrun48.csv  —  97 channels, all nominal
[ALERT] 2026-04-28T18:23:08Z  Digitizer_run1431_subrun61.csv  —  14/97 anomalous ch  [bulk ≥5]
                         ch18  method=statistical           max_z=7.71      if_score=-0.4673     features=[nPulses_std]  [1/3 files]
                          ch2  method=statistical           max_z=8.92      if_score=-0.4766     features=[nPulses_std]  [1/3 files]
                         ch23  method=statistical           max_z=6.22      if_score=-0.5156     features=[nPulses_std]  [1/3 files]
                         ch26  method=statistical           max_z=8.42      if_score=-0.4151     features=[nPulses_std]  [1/3 files]
                         ch30  method=statistical           max_z=11.23     if_score=-0.5762     features=[nPulses_std;nPulses_median]  [1/3 files]
                         ch31  method=statistical           max_z=6.48      if_score=-0.54       features=[nPulses_std]  [1/3 files]
                         ch32  method=statistical           max_z=6.76      if_score=-0.4268     features=[nPulses_std]  [1/3 files]
                         ch48  method=statistical           max_z=10.53     if_score=-0.439      features=[nPulses_std]  [1/3 files]
                         ch59  method=statistical           max_z=9.55      if_score=-0.4548     features=[nPulses_std]  [1/3 files]
                          ch6  method=statistical           max_z=6.26      if_score=-0.4759     features=[nPulses_std]  [1/3 files]
                         ch63  method=statistical           max_z=6.77      if_score=-0.4248     features=[nPulses_std]  [1/3 files]
                          ch8  method=statistical           max_z=8.65      if_score=-0.4585     features=[nPulses_std]  [1/3 files]
                         ch80  method=isolation_forest      max_z=5.65      if_score=-0.5951     features=[]  [1/3 files]
                         ch93  method=isolation_forest      max_z=4.47      if_score=-0.6117     features=[]  [2/3 files]
[OK]    2026-04-28T18:23:11Z  Digitizer_run1431_subrun74.csv  —  97 channels, all nominal
[OK]    2026-04-28T18:23:13Z  Digitizer_run1431_subrun100.csv  —  3 transient anomalous channel(s), streak not established  [window: 3 files]
                         ch54  method=statistical+IF        max_z=8.84      if_score=-0.6067     features=[pulseDuriation_min_median]  [1/3 files]
                         ch80  method=isolation_forest      max_z=5.18      if_score=-0.6072     features=[]  [2/3 files]
                         ch93  method=isolation_forest      max_z=4.47      if_score=-0.609      features=[]  [2/3 files]
[OK]    2026-04-28T18:23:15Z  Digitizer_run1431_subrun104.csv  —  3 transient anomalous channel(s), streak not established  [window: 3 files]
                         ch26  method=statistical           max_z=12.25     if_score=-0.5702     features=[nPulses_median;pulseHeight_max_median;pulseArea_max_median]  [1/3 files]
                         ch80  method=isolation_forest      max_z=5.53      if_score=-0.6148     features=[]  [2/3 files]
                         ch93  method=isolation_forest      max_z=4.1       if_score=-0.6099     features=[]  [2/3 files]
[OK]    2026-04-28T18:23:17Z  Digitizer_run1431_subrun111.csv  —  3 transient anomalous channel(s), streak not established  [window: 3 files]
                         ch24  method=isolation_forest      max_z=4.65      if_score=-0.6034     features=[]  [1/3 files]
                         ch54  method=statistical           max_z=6.25      if_score=-0.4959     features=[sideband_rms_mean]  [2/3 files]
                         ch55  method=statistical           max_z=6.11      if_score=-0.4821     features=[sideband_rms_mean]  [1/3 files]
[OK]    2026-04-28T18:23:19Z  Digitizer_run1431_subrun116.csv  —  97 channels, all nominal
  [run 1432] New run — channel history reset
[ALERT] 2026-04-28T18:23:21Z  Digitizer_run1432_subrun15.csv  —  extreme z=16.7 on ch14
                         ch14  method=statistical           max_z=16.69     if_score=-0.4946     features=[nPulses_median]  [1/3 files]
[OK]    2026-04-28T18:23:23Z  Digitizer_run1432_subrun20.csv  —  1 transient anomalous channel(s), streak not established  [window: 3 files]
                         ch23  method=statistical+IF        max_z=6.01      if_score=-0.6094     features=[pulseArea_min_median]  [1/3 files]
[OK]    2026-04-28T18:23:25Z  Digitizer_run1432_subrun23.csv  —  1 transient anomalous channel(s), streak not established  [window: 3 files]
                         ch95  method=statistical           max_z=7.37      if_score=-0.4697     features=[nPulses_median]  [1/3 files]
[OK]    2026-04-28T18:23:26Z  Digitizer_run1432_subrun27.csv  —  97 channels, all nominal
[OK]    2026-04-28T18:23:28Z  Digitizer_run1432_subrun41.csv  —  97 channels, all nominal
[OK]    2026-04-28T18:23:30Z  Digitizer_run1432_subrun91.csv  —  1 transient anomalous channel(s), streak not established  [window: 3 files]
                         ch45  method=statistical           max_z=6.49      if_score=-0.5609     features=[pulseArea_min_median]  [1/3 files]
[OK]    2026-04-28T18:23:32Z  Digitizer_run1432_subrun92.csv  —  97 channels, all nominal
[OK]    2026-04-28T18:23:34Z  Digitizer_run1432_subrun93.csv  —  97 channels, all nominal
[OK]    2026-04-28T18:23:35Z  Digitizer_run1432_subrun98.csv  —  1 transient anomalous channel(s), streak not established  [window: 3 files]
                         ch93  method=statistical+IF        max_z=6.44      if_score=-0.6439     features=[pulseDuriation_min_std]  [1/3 files]
[OK]    2026-04-28T18:23:37Z  Digitizer_run1432_subrun102.csv  —  1 transient anomalous channel(s), streak not established  [window: 3 files]
                         ch93  method=isolation_forest      max_z=3.7       if_score=-0.6149     features=[]  [2/3 files]
[OK]    2026-04-28T18:23:39Z  Digitizer_run1432_subrun111.csv  —  97 channels, all nominal
[OK]    2026-04-28T18:23:41Z  Digitizer_run1432_subrun115.csv  —  97 channels, all nominal
[OK]    2026-04-28T18:23:43Z  Digitizer_run1432_subrun123.csv  —  1 transient anomalous channel(s), streak not established  [window: 3 files]
                         ch45  method=statistical           max_z=7.33      if_score=-0.5076     features=[sideband_rms_mean]  [1/3 files]
[OK]    2026-04-28T18:23:45Z  Digitizer_run1432_subrun148.csv  —  1 transient anomalous channel(s), streak not established  [window: 3 files]
                         ch93  method=statistical+IF        max_z=8.98      if_score=-0.6493     features=[sideband_mean_mean]  [1/3 files]
[OK]    2026-04-28T18:23:47Z  Digitizer_run1432_subrun157.csv  —  1 transient anomalous channel(s), streak not established  [window: 3 files]
                         ch93  method=statistical+IF        max_z=6.3       if_score=-0.5926     features=[sideband_rms_mean]  [2/3 files]
[OK]    2026-04-28T18:23:49Z  Digitizer_run1432_subrun158.csv  —  1 transient anomalous channel(s), streak not established  [window: 3 files]
                          ch1  method=statistical           max_z=6.04      if_score=-0.4672     features=[nPulses_median]  [1/3 files]
[OK]    2026-04-28T18:23:51Z  Digitizer_run1432_subrun163.csv  —  2 transient anomalous channel(s), streak not established  [window: 3 files]
                         ch24  method=isolation_forest      max_z=5.89      if_score=-0.5944     features=[]  [1/3 files]
                         ch51  method=statistical           max_z=6.04      if_score=-0.531      features=[pulseArea_min_median]  [1/3 files]
[OK]    2026-04-28T18:23:52Z  Digitizer_run1432_subrun186.csv  —  97 channels, all nominal
[OK]    2026-04-28T18:23:54Z  Digitizer_run1432_subrun189.csv  —  97 channels, all nominal
[OK]    2026-04-28T18:23:56Z  Digitizer_run1432_subrun201.csv  —  97 channels, all nominal
[OK]    2026-04-28T18:23:58Z  Digitizer_run1432_subrun206.csv  —  97 channels, all nominal
[OK]    2026-04-28T18:24:00Z  Digitizer_run1432_subrun219.csv  —  1 transient anomalous channel(s), streak not established  [window: 3 files]
                         ch91  method=statistical           max_z=7.92      if_score=-0.4274     features=[nPulses_median]  [1/3 files]
[OK]    2026-04-28T18:24:01Z  Digitizer_run1432_subrun228.csv  —  1 transient anomalous channel(s), streak not established  [window: 3 files]
                         ch24  method=isolation_forest      max_z=5.04      if_score=-0.6019     features=[]  [1/3 files]
[OK]    2026-04-28T18:24:03Z  Digitizer_run1432_subrun230.csv  —  97 channels, all nominal
[OK]    2026-04-28T18:24:05Z  Digitizer_run1432_subrun234.csv  —  97 channels, all nominal
[OK]    2026-04-28T18:24:07Z  Digitizer_run1432_subrun247.csv  —  1 transient anomalous channel(s), streak not established  [window: 3 files]
                         ch93  method=isolation_forest      max_z=4.48      if_score=-0.6261     features=[]  [1/3 files]
[OK]    2026-04-28T18:24:09Z  Digitizer_run1432_subrun256.csv  —  1 transient anomalous channel(s), streak not established  [window: 3 files]
                         ch93  method=isolation_forest      max_z=3.73      if_score=-0.6091     features=[]  [2/3 files]
[WARN]  2026-04-28T18:24:10Z  Digitizer_run1432_subrun263.csv  —  1 persistent anomalous channel(s)  [window: 3 files, need 2 persistent for ALERT]
                         ch93  method=statistical+IF        max_z=7.94      if_score=-0.6133     features=[pulseHeight_max_median;pulseArea_max_median]  [3/3 files]
[WARN]  2026-04-28T18:24:12Z  Digitizer_run1432_subrun268.csv  —  1 persistent anomalous channel(s)  [window: 3 files, need 2 persistent for ALERT]
                         ch93  method=isolation_forest      max_z=4.17      if_score=-0.603      features=[]  [3/3 files]
[WARN]  2026-04-28T18:24:14Z  Digitizer_run1432_subrun290.csv  —  1 persistent anomalous channel(s)  [window: 3 files, need 2 persistent for ALERT]
                         ch93  method=isolation_forest      max_z=4.18      if_score=-0.6453     features=[]  [3/3 files]
[OK]    2026-04-28T18:24:16Z  Digitizer_run1432_subrun310.csv  —  97 channels, all nominal
[OK]    2026-04-28T18:24:17Z  Digitizer_run1432_subrun319.csv  —  97 channels, all nominal
[OK]    2026-04-28T18:24:19Z  Digitizer_run1432_subrun322.csv  —  1 transient anomalous channel(s), streak not established  [window: 3 files]
                         ch93  method=isolation_forest      max_z=3.76      if_score=-0.6252     features=[]  [1/3 files]
[OK]    2026-04-28T18:24:21Z  Digitizer_run1432_subrun340.csv  —  97 channels, all nominal
  --- 100/1398 files processed ---
[OK]    2026-04-28T18:24:23Z  Digitizer_run1432_subrun354.csv  —  1 transient anomalous channel(s), streak not established  [window: 3 files]
                         ch93  method=statistical+IF        max_z=10.24     if_score=-0.6434     features=[sideband_rms_mean]  [2/3 files]
[OK]    2026-04-28T18:24:25Z  Digitizer_run1432_subrun374.csv  —  2 transient anomalous channel(s), streak not established  [window: 3 files]
                         ch54  method=statistical           max_z=8.21      if_score=-0.5121     features=[pulseHeight_max_median;pulseArea_max_median]  [1/3 files]
                         ch93  method=isolation_forest      max_z=5.27      if_score=-0.5998     features=[]  [2/3 files]
[OK]    2026-04-28T18:24:27Z  Digitizer_run1432_subrun383.csv  —  1 transient anomalous channel(s), streak not established  [window: 3 files]
                         ch88  method=statistical           max_z=9.27      if_score=-0.488      features=[nPulses_median]  [1/3 files]
[OK]    2026-04-28T18:24:29Z  Digitizer_run1432_subrun391.csv  —  1 transient anomalous channel(s), streak not established  [window: 3 files]
                         ch54  method=statistical           max_z=6.94      if_score=-0.5103     features=[pulseDuriation_min_median]  [2/3 files]
[OK]    2026-04-28T18:24:30Z  Digitizer_run1432_subrun392.csv  —  97 channels, all nominal
[OK]    2026-04-28T18:24:32Z  Digitizer_run1432_subrun394.csv  —  1 transient anomalous channel(s), streak not established  [window: 3 files]
                         ch93  method=isolation_forest      max_z=4.34      if_score=-0.6144     features=[]  [1/3 files]
[OK]    2026-04-28T18:24:34Z  Digitizer_run1432_subrun397.csv  —  1 transient anomalous channel(s), streak not established  [window: 3 files]
                         ch93  method=isolation_forest      max_z=4.57      if_score=-0.6327     features=[]  [2/3 files]
[WARN]  2026-04-28T18:24:36Z  Digitizer_run1432_subrun399.csv  —  1 persistent anomalous channel(s)  [window: 3 files, need 2 persistent for ALERT]
                         ch93  method=isolation_forest      max_z=5.12      if_score=-0.6044     features=[]  [3/3 files]
[OK]    2026-04-28T18:24:38Z  Digitizer_run1432_subrun403.csv  —  1 transient anomalous channel(s), streak not established  [window: 3 files]
                         ch94  method=statistical           max_z=9.22      if_score=-0.5458     features=[nPulses_median]  [1/3 files]
[OK]    2026-04-28T18:24:40Z  Digitizer_run1432_subrun407.csv  —  97 channels, all nominal
[OK]    2026-04-28T18:24:42Z  Digitizer_run1432_subrun409.csv  —  2 transient anomalous channel(s), streak not established  [window: 3 files]
                          ch6  method=statistical           max_z=6.64      if_score=-0.4843     features=[nPulses_median]  [1/3 files]
                         ch93  method=isolation_forest      max_z=3.89      if_score=-0.621      features=[]  [1/3 files]
[OK]    2026-04-28T18:24:44Z  Digitizer_run1432_subrun413.csv  —  2 transient anomalous channel(s), streak not established  [window: 3 files]
                         ch93  method=isolation_forest      max_z=4.24      if_score=-0.599      features=[]  [2/3 files]
                         ch95  method=statistical           max_z=7.37      if_score=-0.567      features=[nPulses_median]  [1/3 files]
[WARN]  2026-04-28T18:24:46Z  Digitizer_run1432_subrun416.csv  —  1 persistent + 1 transient anomalous channel(s)  [window: 3 files, need 2 persistent for ALERT]
                         ch24  method=isolation_forest      max_z=3.48      if_score=-0.6208     features=[]  [1/3 files]
                         ch93  method=isolation_forest      max_z=4.06      if_score=-0.6282     features=[]  [3/3 files]
[OK]    2026-04-28T18:24:48Z  Digitizer_run1432_subrun430.csv  —  97 channels, all nominal
[OK]    2026-04-28T18:24:50Z  Digitizer_run1432_subrun433.csv  —  1 transient anomalous channel(s), streak not established  [window: 3 files]
                         ch23  method=statistical           max_z=6.39      if_score=-0.5762     features=[pulseHeight_min_median;pulseArea_min_median]  [1/3 files]
[OK]    2026-04-28T18:24:52Z  Digitizer_run1432_subrun436.csv  —  1 transient anomalous channel(s), streak not established  [window: 3 files]
                         ch56  method=isolation_forest      max_z=4.66      if_score=-0.6003     features=[]  [1/3 files]
[OK]    2026-04-28T18:24:54Z  Digitizer_run1432_subrun439.csv  —  97 channels, all nominal
[OK]    2026-04-28T18:24:56Z  Digitizer_run1432_subrun458.csv  —  97 channels, all nominal
[OK]    2026-04-28T18:24:57Z  Digitizer_run1432_subrun463.csv  —  1 transient anomalous channel(s), streak not established  [window: 3 files]
                          ch9  method=statistical+IF        max_z=11.23     if_score=-0.5961     features=[nPulses_median;pulseHeight_max_median]  [1/3 files]
  [run 1433] New run — channel history reset
[ALERT] 2026-04-28T18:24:59Z  Digitizer_run1433_subrun1.csv  —  38/97 anomalous ch  [bulk ≥5]  |  extreme z=37.4 on ch25
                         ch10  method=statistical+IF        max_z=15.23     if_score=-0.609      features=[nPulses_mean;nPulses_std;nPulses_median;pulseHeight_max_median;pulseArea_max_median]  [1/3 files]
                         ch13  method=statistical+IF        max_z=16.7      if_score=-0.6035     features=[nPulses_median;pulseHeight_max_mean;pulseHeight_max_median;pulseArea_max_median]  [1/3 files]
                         ch16  method=statistical           max_z=9.57      if_score=-0.5724     features=[pulseHeight_max_median;pulseArea_max_median]  [1/3 files]
                         ch18  method=statistical+IF        max_z=11.71     if_score=-0.6441     features=[nPulses_mean;nPulses_median;pulseHeight_max_mean;pulseHeight_max_median;pulseArea_max_median]  [1/3 files]
                         ch19  method=statistical+IF        max_z=7.88      if_score=-0.6319     features=[pulseHeight_max_median;pulseArea_max_median;pulseArea_min_mean]  [1/3 files]
                          ch2  method=statistical+IF        max_z=10.32     if_score=-0.6558     features=[nPulses_median;pulseHeight_min_median;pulseArea_max_median;pulseArea_min_median]  [1/3 files]
                         ch22  method=statistical           max_z=6.03      if_score=-0.5887     features=[pulseHeight_min_std]  [1/3 files]
                         ch24  method=statistical+IF        max_z=7.33      if_score=-0.6088     features=[pulseHeight_min_median]  [1/3 files]
                         ch25  method=statistical+IF        max_z=37.38     if_score=-0.6032     features=[nPulses_median]  [1/3 files]
                         ch28  method=statistical+IF        max_z=7.69      if_score=-0.6063     features=[pulseHeight_max_median;pulseArea_max_median]  [1/3 files]
                         ch29  method=statistical+IF        max_z=9.08      if_score=-0.6232     features=[pulseDuriation_max_median]  [1/3 files]
                          ch3  method=statistical+IF        max_z=12.83     if_score=-0.621      features=[pulseHeight_max_median;pulseArea_max_median;pulseDuriation_max_median]  [1/3 files]
                         ch30  method=statistical+IF        max_z=12.18     if_score=-0.6184     features=[nPulses_median;pulseHeight_max_median;pulseArea_max_median]  [1/3 files]
                         ch31  method=statistical+IF        max_z=21.16     if_score=-0.6342     features=[pulseHeight_max_mean;pulseHeight_max_median;pulseHeight_min_mean;pulseArea_max_median]  [1/3 files]
                         ch40  method=statistical           max_z=18.11     if_score=-0.5511     features=[nPulses_median]  [1/3 files]
                         ch41  method=statistical           max_z=7.29      if_score=-0.5244     features=[occupancy]  [1/3 files]
                         ch42  method=statistical+IF        max_z=7.53      if_score=-0.663      features=[pulseHeight_max_std;pulseDuriation_min_mean]  [1/3 files]
                         ch43  method=statistical+IF        max_z=10.04     if_score=-0.6317     features=[sideband_mean_median;pulseDuriation_max_mean;pulseDuriation_min_mean]  [1/3 files]
                         ch44  method=statistical+IF        max_z=10.21     if_score=-0.5915     features=[pulseHeight_min_median;pulseArea_min_median]  [1/3 files]
                         ch45  method=statistical           max_z=8.14      if_score=-0.5651     features=[pulseDuriation_max_median]  [1/3 files]
                         ch46  method=statistical           max_z=6.62      if_score=-0.4888     features=[sideband_rms_median]  [1/3 files]
                         ch48  method=statistical           max_z=23.63     if_score=-0.5645     features=[nPulses_median;pulseHeight_min_std]  [1/3 files]
                         ch49  method=statistical           max_z=6.77      if_score=-0.5583     features=[pulseHeight_max_median]  [1/3 files]
                          ch5  method=statistical+IF        max_z=16.83     if_score=-0.6334     features=[pulseHeight_min_mean;pulseHeight_min_median;pulseArea_min_median]  [1/3 files]
                         ch50  method=statistical+IF        max_z=17.69     if_score=-0.7218     features=[sideband_mean_mean;sideband_rms_mean;pulseHeight_max_median;pulseHeight_min_mean;pulseHeight_min_median;pulseArea_max_median;pulseArea_min_mean;pulseArea_min_median;pulseDuriation_min_mean;pulseDuriation_min_median]  [1/3 files]
                         ch51  method=statistical+IF        max_z=37.38     if_score=-0.6918     features=[sideband_mean_mean;sideband_rms_mean;sideband_rms_std;nPulses_mean;nPulses_median;pulseHeight_max_mean;pulseHeight_max_median;pulseArea_max_mean;pulseArea_max_median]  [1/3 files]
                         ch53  method=isolation_forest      max_z=5.98      if_score=-0.5935     features=[]  [1/3 files]
                         ch54  method=statistical           max_z=7.58      if_score=-0.588      features=[pulseHeight_min_median]  [1/3 files]
                         ch55  method=statistical           max_z=6.37      if_score=-0.5281     features=[pulseHeight_min_std;pulseArea_max_std]  [1/3 files]
                         ch62  method=statistical           max_z=7.52      if_score=-0.4873     features=[pulseArea_max_std]  [1/3 files]
                         ch63  method=statistical+IF        max_z=9.96      if_score=-0.6294     features=[pulseHeight_min_median;pulseArea_max_std;pulseArea_min_mean;pulseArea_min_std;pulseArea_min_median]  [1/3 files]
                         ch88  method=statistical+IF        max_z=9.27      if_score=-0.6396     features=[nPulses_median]  [1/3 files]
                         ch89  method=statistical+IF        max_z=16.65     if_score=-0.5974     features=[nPulses_median]  [1/3 files]
                         ch90  method=statistical           max_z=12.09     if_score=-0.5801     features=[nPulses_mean;nPulses_std;nPulses_median]  [1/3 files]
                         ch91  method=statistical           max_z=10.53     if_score=-0.5761     features=[pulseDuriation_max_mean;pulseDuriation_max_std;pulseDuriation_min_mean;pulseDuriation_min_std]  [1/3 files]
                         ch93  method=statistical+IF        max_z=8.14      if_score=-0.6589     features=[pulseArea_min_mean;pulseArea_min_std;pulseDuriation_min_std]  [1/3 files]
                         ch94  method=statistical           max_z=9.22      if_score=-0.5731     features=[nPulses_median]  [1/3 files]
           trigger_lvds_total  method=statistical           max_z=27.77     if_score=-0.3888     features=[LVDStotal]  [1/3 files]
  [run 1434] New run — channel history reset
[OK]    2026-04-28T18:25:02Z  Digitizer_run1434_subrun13.csv  —  1 transient anomalous channel(s), streak not established  [window: 3 files]
                         ch58  method=isolation_forest      max_z=4.11      if_score=-0.5953     features=[]  [1/3 files]
[OK]    2026-04-28T18:25:04Z  Digitizer_run1434_subrun25.csv  —  1 transient anomalous channel(s), streak not established  [window: 3 files]
                         ch57  method=statistical           max_z=7.1       if_score=-0.5561     features=[pulseArea_min_median]  [1/3 files]
[OK]    2026-04-28T18:25:06Z  Digitizer_run1434_subrun29.csv  —  97 channels, all nominal
[OK]    2026-04-28T18:25:08Z  Digitizer_run1434_subrun32.csv  —  97 channels, all nominal
[OK]    2026-04-28T18:25:10Z  Digitizer_run1434_subrun35.csv  —  1 transient anomalous channel(s), streak not established  [window: 3 files]
                         ch93  method=isolation_forest      max_z=4.59      if_score=-0.6138     features=[]  [1/3 files]
[OK]    2026-04-28T18:25:12Z  Digitizer_run1434_subrun45.csv  —  1 transient anomalous channel(s), streak not established  [window: 3 files]
                         ch93  method=isolation_forest      max_z=5.77      if_score=-0.6345     features=[]  [2/3 files]
[WARN]  2026-04-28T18:25:14Z  Digitizer_run1434_subrun71.csv  —  1 persistent anomalous channel(s)  [window: 3 files, need 2 persistent for ALERT]
                         ch93  method=isolation_forest      max_z=3.58      if_score=-0.6095     features=[]  [3/3 files]
[WARN]  2026-04-28T18:25:16Z  Digitizer_run1434_subrun92.csv  —  1 persistent anomalous channel(s)  [window: 3 files, need 2 persistent for ALERT]
                         ch93  method=statistical+IF        max_z=6.33      if_score=-0.6538     features=[sideband_mean_mean]  [3/3 files]
[ALERT] 2026-04-28T18:25:18Z  Digitizer_run1434_subrun93.csv  —  extreme z=20.0 on ch32
                         ch93  method=isolation_forest      max_z=5.34      if_score=-0.6279     features=[]  [3/3 files]
                          ch3  method=statistical           max_z=6.94      if_score=-0.5384     features=[pulseArea_min_median]  [1/3 files]
                         ch32  method=statistical           max_z=19.96     if_score=-0.5015     features=[nPulses_median]  [1/3 files]
  [run 1436] New run — channel history reset
[OK]    2026-04-28T18:25:20Z  Digitizer_run1436_subrun10.csv  —  97 channels, all nominal
[OK]    2026-04-28T18:25:22Z  Digitizer_run1436_subrun15.csv  —  97 channels, all nominal
[OK]    2026-04-28T18:25:24Z  Digitizer_run1436_subrun18.csv  —  1 transient anomalous channel(s), streak not established  [window: 3 files]
                         ch45  method=statistical           max_z=8.93      if_score=-0.5524     features=[pulseHeight_min_median;pulseArea_min_median]  [1/3 files]
[OK]    2026-04-28T18:25:26Z  Digitizer_run1436_subrun20.csv  —  97 channels, all nominal
[OK]    2026-04-28T18:25:28Z  Digitizer_run1436_subrun23.csv  —  2 transient anomalous channel(s), streak not established  [window: 3 files]
                          ch1  method=statistical           max_z=6.04      if_score=-0.4497     features=[nPulses_median]  [1/3 files]
                         ch88  method=statistical           max_z=6.44      if_score=-0.5304     features=[pulseHeight_max_median]  [1/3 files]
[OK]    2026-04-28T18:25:30Z  Digitizer_run1436_subrun33.csv  —  97 channels, all nominal
[OK]    2026-04-28T18:25:32Z  Digitizer_run1436_subrun44.csv  —  97 channels, all nominal
[OK]    2026-04-28T18:25:34Z  Digitizer_run1436_subrun46.csv  —  97 channels, all nominal
[OK]    2026-04-28T18:25:36Z  Digitizer_run1436_subrun78.csv  —  97 channels, all nominal
[OK]    2026-04-28T18:25:38Z  Digitizer_run1436_subrun92.csv  —  1 transient anomalous channel(s), streak not established  [window: 3 files]
                          ch9  method=statistical           max_z=11.23     if_score=-0.4952     features=[nPulses_median]  [1/3 files]
[OK]    2026-04-28T18:25:40Z  Digitizer_run1436_subrun98.csv  —  97 channels, all nominal
[OK]    2026-04-28T18:25:42Z  Digitizer_run1436_subrun105.csv  —  97 channels, all nominal
[OK]    2026-04-28T18:25:44Z  Digitizer_run1436_subrun106.csv  —  1 transient anomalous channel(s), streak not established  [window: 3 files]
                          ch6  method=statistical           max_z=6.64      if_score=-0.5149     features=[nPulses_median]  [1/3 files]
[OK]    2026-04-28T18:25:46Z  Digitizer_run1436_subrun122.csv  —  97 channels, all nominal
[OK]    2026-04-28T18:25:48Z  Digitizer_run1436_subrun127.csv  —  97 channels, all nominal
[OK]    2026-04-28T18:25:50Z  Digitizer_run1436_subrun145.csv  —  1 transient anomalous channel(s), streak not established  [window: 3 files]
                         ch33  method=statistical           max_z=8.88      if_score=-0.489      features=[nPulses_median]  [1/3 files]
[OK]    2026-04-28T18:25:52Z  Digitizer_run1436_subrun183.csv  —  97 channels, all nominal
[OK]    2026-04-28T18:25:54Z  Digitizer_run1436_subrun192.csv  —  97 channels, all nominal
[OK]    2026-04-28T18:25:57Z  Digitizer_run1436_subrun197.csv  —  97 channels, all nominal
[OK]    2026-04-28T18:25:58Z  Digitizer_run1436_subrun199.csv  —  1 transient anomalous channel(s), streak not established  [window: 3 files]
                          ch9  method=statistical           max_z=7.15      if_score=-0.5793     features=[pulseArea_min_median;pulseDuriation_min_mean]  [1/3 files]
[OK]    2026-04-28T18:26:00Z  Digitizer_run1436_subrun215.csv  —  97 channels, all nominal
[OK]    2026-04-28T18:26:02Z  Digitizer_run1436_subrun222.csv  —  97 channels, all nominal
[OK]    2026-04-28T18:26:04Z  Digitizer_run1436_subrun227.csv  —  97 channels, all nominal
[OK]    2026-04-28T18:26:06Z  Digitizer_run1436_subrun230.csv  —  97 channels, all nominal
[OK]    2026-04-28T18:26:08Z  Digitizer_run1436_subrun231.csv  —  1 transient anomalous channel(s), streak not established  [window: 3 files]
                         ch33  method=statistical           max_z=8.88      if_score=-0.4816     features=[nPulses_median]  [1/3 files]
[OK]    2026-04-28T18:26:10Z  Digitizer_run1436_subrun233.csv  —  1 transient anomalous channel(s), streak not established  [window: 3 files]
                         ch24  method=isolation_forest      max_z=3.68      if_score=-0.592      features=[]  [1/3 files]
[OK]    2026-04-28T18:26:12Z  Digitizer_run1436_subrun238.csv  —  97 channels, all nominal
[OK]    2026-04-28T18:26:14Z  Digitizer_run1436_subrun248.csv  —  1 transient anomalous channel(s), streak not established  [window: 3 files]
                         ch20  method=statistical           max_z=13.62     if_score=-0.4596     features=[nPulses_median]  [1/3 files]
[OK]    2026-04-28T18:26:16Z  Digitizer_run1436_subrun288.csv  —  97 channels, all nominal
[OK]    2026-04-28T18:26:18Z  Digitizer_run1436_subrun292.csv  —  97 channels, all nominal
[OK]    2026-04-28T18:26:20Z  Digitizer_run1436_subrun308.csv  —  97 channels, all nominal
[OK]    2026-04-28T18:26:22Z  Digitizer_run1436_subrun316.csv  —  97 channels, all nominal
[OK]    2026-04-28T18:26:24Z  Digitizer_run1436_subrun329.csv  —  1 transient anomalous channel(s), streak not established  [window: 3 files]
                         ch24  method=isolation_forest      max_z=5.76      if_score=-0.6186     features=[]  [1/3 files]
[OK]    2026-04-28T18:26:26Z  Digitizer_run1436_subrun337.csv  —  97 channels, all nominal
[OK]    2026-04-28T18:26:29Z  Digitizer_run1436_subrun342.csv  —  97 channels, all nominal
[OK]    2026-04-28T18:26:30Z  Digitizer_run1436_subrun348.csv  —  97 channels, all nominal
[OK]    2026-04-28T18:26:33Z  Digitizer_run1436_subrun350.csv  —  1 transient anomalous channel(s), streak not established  [window: 3 files]
                         ch41  method=statistical           max_z=6.33      if_score=-0.5604     features=[pulseHeight_min_median]  [1/3 files]
[OK]    2026-04-28T18:26:35Z  Digitizer_run1436_subrun351.csv  —  97 channels, all nominal
[OK]    2026-04-28T18:26:37Z  Digitizer_run1436_subrun358.csv  —  97 channels, all nominal
[OK]    2026-04-28T18:26:39Z  Digitizer_run1436_subrun373.csv  —  1 transient anomalous channel(s), streak not established  [window: 3 files]
                         ch88  method=statistical           max_z=9.27      if_score=-0.5252     features=[nPulses_median]  [1/3 files]
[OK]    2026-04-28T18:26:40Z  Digitizer_run1436_subrun378.csv  —  97 channels, all nominal
[OK]    2026-04-28T18:26:43Z  Digitizer_run1436_subrun383.csv  —  2 transient anomalous channel(s), streak not established  [window: 3 files]
                          ch2  method=statistical+IF        max_z=6.89      if_score=-0.5931     features=[pulseArea_min_median]  [1/3 files]
                         ch93  method=statistical           max_z=7.43      if_score=-0.522      features=[sideband_rms_mean;sideband_rms_std]  [1/3 files]
[OK]    2026-04-28T18:26:44Z  Digitizer_run1436_subrun384.csv  —  97 channels, all nominal
[OK]    2026-04-28T18:26:47Z  Digitizer_run1436_subrun388.csv  —  97 channels, all nominal
[OK]    2026-04-28T18:26:49Z  Digitizer_run1436_subrun401.csv  —  2 transient anomalous channel(s), streak not established  [window: 3 files]
                         ch32  method=statistical           max_z=9.95      if_score=-0.4747     features=[nPulses_median]  [1/3 files]
                         ch88  method=statistical           max_z=9.27      if_score=-0.4718     features=[nPulses_median]  [1/3 files]
[OK]    2026-04-28T18:26:51Z  Digitizer_run1436_subrun417.csv  —  97 channels, all nominal
[OK]    2026-04-28T18:26:53Z  Digitizer_run1436_subrun433.csv  —  1 transient anomalous channel(s), streak not established  [window: 3 files]
                         ch94  method=statistical           max_z=9.22      if_score=-0.4694     features=[nPulses_median]  [1/3 files]
  [run 1437] New run — channel history reset
[OK]    2026-04-28T18:26:55Z  Digitizer_run1437_subrun6.csv  —  97 channels, all nominal
[OK]    2026-04-28T18:26:58Z  Digitizer_run1437_subrun9.csv  —  3 transient anomalous channel(s), streak not established  [window: 3 files]
                          ch0  method=statistical           max_z=7.12      if_score=-0.5674     features=[pulseHeight_max_median;pulseArea_max_median]  [1/3 files]
                          ch1  method=statistical           max_z=7.06      if_score=-0.5452     features=[pulseHeight_max_median;pulseArea_max_median]  [1/3 files]
                          ch2  method=statistical           max_z=6.27      if_score=-0.5565     features=[sideband_rms_mean]  [1/3 files]
[OK]    2026-04-28T18:26:59Z  Digitizer_run1437_subrun16.csv  —  97 channels, all nominal
[OK]    2026-04-28T18:27:01Z  Digitizer_run1437_subrun34.csv  —  97 channels, all nominal
[OK]    2026-04-28T18:27:04Z  Digitizer_run1437_subrun39.csv  —  97 channels, all nominal
[OK]    2026-04-28T18:27:06Z  Digitizer_run1437_subrun53.csv  —  97 channels, all nominal
[OK]    2026-04-28T18:27:08Z  Digitizer_run1437_subrun59.csv  —  97 channels, all nominal
  [run 1443] New run — channel history reset
[OK]    2026-04-28T18:27:10Z  Digitizer_run1443_subrun18.csv  —  2 transient anomalous channel(s), streak not established  [window: 3 files]
                          ch1  method=statistical           max_z=6.04      if_score=-0.432      features=[nPulses_median]  [1/3 files]
                         ch59  method=isolation_forest      max_z=5.24      if_score=-0.6108     features=[]  [1/3 files]
[OK]    2026-04-28T18:27:12Z  Digitizer_run1443_subrun21.csv  —  97 channels, all nominal
[OK]    2026-04-28T18:27:14Z  Digitizer_run1443_subrun26.csv  —  97 channels, all nominal
[OK]    2026-04-28T18:27:16Z  Digitizer_run1443_subrun52.csv  —  1 transient anomalous channel(s), streak not established  [window: 3 files]
                         ch12  method=statistical           max_z=6.45      if_score=-0.5358     features=[pulseDuriation_max_std;pulseDuriation_min_std]  [1/3 files]
[OK]    2026-04-28T18:27:18Z  Digitizer_run1443_subrun63.csv  —  97 channels, all nominal
[OK]    2026-04-28T18:27:20Z  Digitizer_run1443_subrun68.csv  —  1 transient anomalous channel(s), streak not established  [window: 3 files]
                          ch1  method=statistical           max_z=6.04      if_score=-0.5051     features=[nPulses_median]  [1/3 files]
[OK]    2026-04-28T18:27:23Z  Digitizer_run1443_subrun70.csv  —  97 channels, all nominal
[OK]    2026-04-28T18:27:25Z  Digitizer_run1443_subrun74.csv  —  1 transient anomalous channel(s), streak not established  [window: 3 files]
                          ch1  method=statistical           max_z=6.04      if_score=-0.4868     features=[nPulses_median]  [2/3 files]
[OK]    2026-04-28T18:27:28Z  Digitizer_run1443_subrun83.csv  —  1 transient anomalous channel(s), streak not established  [window: 3 files]
                         ch48  method=statistical           max_z=11.79     if_score=-0.4889     features=[nPulses_median]  [1/3 files]
[ALERT] 2026-04-28T18:27:31Z  Digitizer_run1443_subrun85.csv  —  extreme z=26.4 on ch83
                         ch10  method=statistical           max_z=15.23     if_score=-0.4821     features=[nPulses_median]  [1/3 files]
                         ch83  method=statistical           max_z=26.42     if_score=-0.586      features=[nPulses_median]  [1/3 files]
[OK]    2026-04-28T18:27:33Z  Digitizer_run1443_subrun88.csv  —  97 channels, all nominal
[OK]    2026-04-28T18:27:35Z  Digitizer_run1443_subrun93.csv  —  97 channels, all nominal
[OK]    2026-04-28T18:27:37Z  Digitizer_run1443_subrun118.csv  —  97 channels, all nominal
[OK]    2026-04-28T18:27:39Z  Digitizer_run1443_subrun134.csv  —  1 transient anomalous channel(s), streak not established  [window: 3 files]
                         ch16  method=statistical           max_z=7.56      if_score=-0.4888     features=[pulseHeight_min_median;pulseArea_min_median]  [1/3 files]
[OK]    2026-04-28T18:27:41Z  Digitizer_run1443_subrun152.csv  —  97 channels, all nominal
[OK]    2026-04-28T18:27:44Z  Digitizer_run1443_subrun158.csv  —  97 channels, all nominal
[OK]    2026-04-28T18:27:48Z  Digitizer_run1443_subrun170.csv  —  1 transient anomalous channel(s), streak not established  [window: 3 files]
                         ch60  method=statistical           max_z=6.85      if_score=-0.5464     features=[pulseHeight_max_median]  [1/3 files]
  --- 200/1398 files processed ---
[OK]    2026-04-28T18:27:50Z  Digitizer_run1443_subrun176.csv  —  97 channels, all nominal
[OK]    2026-04-28T18:27:52Z  Digitizer_run1443_subrun177.csv  —  97 channels, all nominal
[OK]    2026-04-28T18:27:55Z  Digitizer_run1443_subrun182.csv  —  97 channels, all nominal
[OK]    2026-04-28T18:27:57Z  Digitizer_run1443_subrun183.csv  —  97 channels, all nominal
[OK]    2026-04-28T18:27:59Z  Digitizer_run1443_subrun231.csv  —  97 channels, all nominal
[OK]    2026-04-28T18:28:01Z  Digitizer_run1443_subrun235.csv  —  1 transient anomalous channel(s), streak not established  [window: 3 files]
                         ch18  method=statistical           max_z=8.8       if_score=-0.4939     features=[sideband_rms_mean;sideband_rms_std]  [1/3 files]
[OK]    2026-04-28T18:28:04Z  Digitizer_run1443_subrun239.csv  —  97 channels, all nominal
[ALERT] 2026-04-28T18:28:06Z  Digitizer_run1443_subrun254.csv  —  extreme z=16.7 on ch5
                          ch5  method=statistical           max_z=16.69     if_score=-0.5477     features=[nPulses_median]  [1/3 files]
[OK]    2026-04-28T18:28:08Z  Digitizer_run1443_subrun262.csv  —  97 channels, all nominal
[OK]    2026-04-28T18:28:11Z  Digitizer_run1443_subrun267.csv  —  97 channels, all nominal
[OK]    2026-04-28T18:28:13Z  Digitizer_run1443_subrun279.csv  —  97 channels, all nominal
[OK]    2026-04-28T18:28:15Z  Digitizer_run1443_subrun282.csv  —  97 channels, all nominal
[OK]    2026-04-28T18:28:17Z  Digitizer_run1443_subrun285.csv  —  97 channels, all nominal
[OK]    2026-04-28T18:28:20Z  Digitizer_run1443_subrun297.csv  —  97 channels, all nominal
[OK]    2026-04-28T18:28:22Z  Digitizer_run1443_subrun337.csv  —  97 channels, all nominal
[OK]    2026-04-28T18:28:24Z  Digitizer_run1443_subrun338.csv  —  1 transient anomalous channel(s), streak not established  [window: 3 files]
                         ch24  method=isolation_forest      max_z=4.19      if_score=-0.5992     features=[]  [1/3 files]
[OK]    2026-04-28T18:28:26Z  Digitizer_run1443_subrun340.csv  —  97 channels, all nominal
[OK]    2026-04-28T18:28:28Z  Digitizer_run1443_subrun361.csv  —  97 channels, all nominal
[OK]    2026-04-28T18:28:31Z  Digitizer_run1443_subrun364.csv  —  97 channels, all nominal
[OK]    2026-04-28T18:28:33Z  Digitizer_run1443_subrun378.csv  —  97 channels, all nominal
[OK]    2026-04-28T18:28:35Z  Digitizer_run1443_subrun394.csv  —  97 channels, all nominal
[OK]    2026-04-28T18:28:37Z  Digitizer_run1443_subrun417.csv  —  97 channels, all nominal
[OK]    2026-04-28T18:28:39Z  Digitizer_run1443_subrun430.csv  —  97 channels, all nominal
[OK]    2026-04-28T18:28:41Z  Digitizer_run1443_subrun460.csv  —  1 transient anomalous channel(s), streak not established  [window: 3 files]
                         ch11  method=statistical           max_z=10.86     if_score=-0.4782     features=[nPulses_median]  [1/3 files]
[OK]    2026-04-28T18:28:43Z  Digitizer_run1443_subrun461.csv  —  97 channels, all nominal
  [run 1448] New run — channel history reset
[OK]    2026-04-28T18:28:46Z  Digitizer_run1448_subrun16.csv  —  97 channels, all nominal
[ALERT] 2026-04-28T18:28:48Z  Digitizer_run1448_subrun17.csv  —  6/97 anomalous ch  [bulk ≥5]
                         ch34  method=statistical           max_z=6.15      if_score=-0.4877     features=[pulseDuriation_max_mean]  [1/3 files]
                         ch37  method=statistical           max_z=9.27      if_score=-0.5763     features=[pulseDuriation_max_mean;pulseDuriation_min_mean]  [1/3 files]
                         ch39  method=statistical           max_z=12.65     if_score=-0.5384     features=[pulseDuriation_max_mean;pulseDuriation_max_std;pulseDuriation_min_mean;pulseDuriation_min_std]  [1/3 files]
                         ch40  method=statistical           max_z=6.84      if_score=-0.5604     features=[pulseDuriation_max_mean;pulseDuriation_min_mean]  [1/3 files]
                         ch46  method=statistical           max_z=8.28      if_score=-0.5477     features=[pulseDuriation_max_mean;pulseDuriation_min_mean]  [1/3 files]
                         ch51  method=statistical           max_z=10.06     if_score=-0.5813     features=[pulseDuriation_max_mean;pulseDuriation_min_mean]  [1/3 files]
[OK]    2026-04-28T18:28:50Z  Digitizer_run1448_subrun26.csv  —  97 channels, all nominal
  [run 1457] New run — channel history reset
[OK]    2026-04-28T18:28:52Z  Digitizer_run1457_subrun7.csv  —  1 transient anomalous channel(s), streak not established  [window: 3 files]
                         ch23  method=isolation_forest      max_z=3.61      if_score=-0.5933     features=[]  [1/3 files]
[OK]    2026-04-28T18:28:54Z  Digitizer_run1457_subrun17.csv  —  97 channels, all nominal
[OK]    2026-04-28T18:28:56Z  Digitizer_run1457_subrun38.csv  —  97 channels, all nominal
[OK]    2026-04-28T18:28:59Z  Digitizer_run1457_subrun46.csv  —  2 transient anomalous channel(s), streak not established  [window: 3 files]
                         ch30  method=statistical           max_z=11.23     if_score=-0.5304     features=[nPulses_median]  [1/3 files]
                         ch50  method=isolation_forest      max_z=3.96      if_score=-0.5954     features=[]  [1/3 files]
[OK]    2026-04-28T18:29:01Z  Digitizer_run1457_subrun91.csv  —  97 channels, all nominal
[OK]    2026-04-28T18:29:03Z  Digitizer_run1457_subrun94.csv  —  1 transient anomalous channel(s), streak not established  [window: 3 files]
                          ch8  method=statistical           max_z=7.03      if_score=-0.5611     features=[pulseHeight_min_median;pulseArea_min_median]  [1/3 files]
[OK]    2026-04-28T18:29:05Z  Digitizer_run1457_subrun103.csv  —  1 transient anomalous channel(s), streak not established  [window: 3 files]
                          ch1  method=statistical           max_z=6.04      if_score=-0.4334     features=[nPulses_median]  [1/3 files]
[OK]    2026-04-28T18:29:07Z  Digitizer_run1457_subrun111.csv  —  97 channels, all nominal
[OK]    2026-04-28T18:29:09Z  Digitizer_run1457_subrun118.csv  —  97 channels, all nominal
[OK]    2026-04-28T18:29:12Z  Digitizer_run1457_subrun119.csv  —  97 channels, all nominal
[OK]    2026-04-28T18:29:14Z  Digitizer_run1457_subrun121.csv  —  97 channels, all nominal
[ALERT] 2026-04-28T18:29:16Z  Digitizer_run1457_subrun148.csv  —  extreme z=16.7 on ch14
                         ch14  method=statistical           max_z=16.69     if_score=-0.5027     features=[nPulses_median]  [1/3 files]
[OK]    2026-04-28T18:29:18Z  Digitizer_run1457_subrun162.csv  —  97 channels, all nominal
[OK]    2026-04-28T18:29:21Z  Digitizer_run1457_subrun169.csv  —  97 channels, all nominal
[OK]    2026-04-28T18:29:23Z  Digitizer_run1457_subrun173.csv  —  97 channels, all nominal
[OK]    2026-04-28T18:29:25Z  Digitizer_run1457_subrun180.csv  —  97 channels, all nominal
[OK]    2026-04-28T18:29:27Z  Digitizer_run1457_subrun181.csv  —  97 channels, all nominal
[OK]    2026-04-28T18:29:30Z  Digitizer_run1457_subrun183.csv  —  97 channels, all nominal
[OK]    2026-04-28T18:29:32Z  Digitizer_run1457_subrun199.csv  —  97 channels, all nominal
[OK]    2026-04-28T18:29:34Z  Digitizer_run1457_subrun206.csv  —  97 channels, all nominal
[OK]    2026-04-28T18:29:36Z  Digitizer_run1457_subrun209.csv  —  1 transient anomalous channel(s), streak not established  [window: 3 files]
                          ch1  method=statistical           max_z=6.04      if_score=-0.4838     features=[nPulses_median]  [1/3 files]
[OK]    2026-04-28T18:29:38Z  Digitizer_run1457_subrun213.csv  —  2 transient anomalous channel(s), streak not established  [window: 3 files]
                         ch18  method=statistical           max_z=11.52     if_score=-0.5602     features=[sideband_rms_mean;sideband_rms_std]  [1/3 files]
                         ch63  method=statistical           max_z=6.38      if_score=-0.4964     features=[sideband_mean_mean]  [1/3 files]
[OK]    2026-04-28T18:29:41Z  Digitizer_run1457_subrun223.csv  —  97 channels, all nominal
[OK]    2026-04-28T18:29:43Z  Digitizer_run1457_subrun224.csv  —  97 channels, all nominal
[OK]    2026-04-28T18:29:45Z  Digitizer_run1457_subrun241.csv  —  97 channels, all nominal
[OK]    2026-04-28T18:29:47Z  Digitizer_run1457_subrun250.csv  —  97 channels, all nominal
[OK]    2026-04-28T18:29:49Z  Digitizer_run1457_subrun256.csv  —  1 transient anomalous channel(s), streak not established  [window: 3 files]
                         ch16  method=statistical           max_z=7.18      if_score=-0.4953     features=[pulseHeight_min_median]  [1/3 files]
[OK]    2026-04-28T18:29:51Z  Digitizer_run1457_subrun261.csv  —  97 channels, all nominal
[OK]    2026-04-28T18:29:53Z  Digitizer_run1457_subrun268.csv  —  1 transient anomalous channel(s), streak not established  [window: 3 files]
                         ch43  method=statistical           max_z=6.95      if_score=-0.5883     features=[pulseHeight_min_median;pulseArea_min_median]  [1/3 files]
[OK]    2026-04-28T18:29:56Z  Digitizer_run1457_subrun271.csv  —  97 channels, all nominal
[OK]    2026-04-28T18:29:58Z  Digitizer_run1457_subrun284.csv  —  97 channels, all nominal
[OK]    2026-04-28T18:30:00Z  Digitizer_run1457_subrun285.csv  —  97 channels, all nominal
[OK]    2026-04-28T18:30:02Z  Digitizer_run1457_subrun292.csv  —  97 channels, all nominal
[OK]    2026-04-28T18:30:04Z  Digitizer_run1457_subrun298.csv  —  1 transient anomalous channel(s), streak not established  [window: 3 files]
                         ch53  method=statistical           max_z=6.89      if_score=-0.559      features=[pulseHeight_max_median]  [1/3 files]
[OK]    2026-04-28T18:30:10Z  Digitizer_run1457_subrun311.csv  —  1 transient anomalous channel(s), streak not established  [window: 3 files]
                         ch40  method=isolation_forest      max_z=5.21      if_score=-0.5954     features=[]  [1/3 files]
[OK]    2026-04-28T18:30:12Z  Digitizer_run1457_subrun323.csv  —  97 channels, all nominal
[OK]    2026-04-28T18:30:14Z  Digitizer_run1457_subrun324.csv  —  97 channels, all nominal
[OK]    2026-04-28T18:30:17Z  Digitizer_run1457_subrun339.csv  —  97 channels, all nominal
[OK]    2026-04-28T18:30:19Z  Digitizer_run1457_subrun341.csv  —  97 channels, all nominal
[OK]    2026-04-28T18:30:21Z  Digitizer_run1457_subrun354.csv  —  1 transient anomalous channel(s), streak not established  [window: 3 files]
                         ch20  method=isolation_forest      max_z=5.29      if_score=-0.6274     features=[]  [1/3 files]
[OK]    2026-04-28T18:30:23Z  Digitizer_run1457_subrun360.csv  —  1 transient anomalous channel(s), streak not established  [window: 3 files]
                         ch88  method=statistical           max_z=9.27      if_score=-0.4957     features=[nPulses_median]  [1/3 files]
[OK]    2026-04-28T18:30:25Z  Digitizer_run1457_subrun374.csv  —  97 channels, all nominal
[OK]    2026-04-28T18:30:27Z  Digitizer_run1457_subrun381.csv  —  97 channels, all nominal
[OK]    2026-04-28T18:30:29Z  Digitizer_run1457_subrun382.csv  —  97 channels, all nominal
[OK]    2026-04-28T18:30:31Z  Digitizer_run1457_subrun395.csv  —  97 channels, all nominal
[OK]    2026-04-28T18:30:34Z  Digitizer_run1457_subrun401.csv  —  1 transient anomalous channel(s), streak not established  [window: 3 files]
                         ch32  method=statistical           max_z=6.09      if_score=-0.5221     features=[pulseDuriation_min_mean]  [1/3 files]
[OK]    2026-04-28T18:30:36Z  Digitizer_run1457_subrun402.csv  —  97 channels, all nominal
[OK]    2026-04-28T18:30:38Z  Digitizer_run1457_subrun426.csv  —  97 channels, all nominal
[OK]    2026-04-28T18:30:41Z  Digitizer_run1457_subrun457.csv  —  1 transient anomalous channel(s), streak not established  [window: 3 files]
                          ch8  method=statistical           max_z=6.18      if_score=-0.5457     features=[pulseArea_min_median]  [1/3 files]
[OK]    2026-04-28T18:30:43Z  Digitizer_run1457_subrun480.csv  —  97 channels, all nominal
[OK]    2026-04-28T18:30:45Z  Digitizer_run1457_subrun524.csv  —  1 transient anomalous channel(s), streak not established  [window: 3 files]
                          ch1  method=statistical           max_z=6.04      if_score=-0.4893     features=[nPulses_median]  [1/3 files]
[OK]    2026-04-28T18:30:47Z  Digitizer_run1457_subrun528.csv  —  97 channels, all nominal
[OK]    2026-04-28T18:30:49Z  Digitizer_run1457_subrun547.csv  —  97 channels, all nominal
[OK]    2026-04-28T18:30:51Z  Digitizer_run1457_subrun558.csv  —  97 channels, all nominal
[OK]    2026-04-28T18:30:54Z  Digitizer_run1457_subrun562.csv  —  97 channels, all nominal
[OK]    2026-04-28T18:30:56Z  Digitizer_run1457_subrun577.csv  —  97 channels, all nominal
  [run 1458] New run — channel history reset
[ALERT] 2026-04-28T18:30:58Z  Digitizer_run1458_subrun18.csv  —  extreme z=16.7 on ch0
                          ch0  method=statistical+IF        max_z=16.7      if_score=-0.6057     features=[nPulses_median]  [1/3 files]
[OK]    2026-04-28T18:31:00Z  Digitizer_run1458_subrun20.csv  —  97 channels, all nominal
[OK]    2026-04-28T18:31:03Z  Digitizer_run1458_subrun31.csv  —  1 transient anomalous channel(s), streak not established  [window: 3 files]
                         ch42  method=statistical           max_z=7.05      if_score=-0.518      features=[pulseHeight_min_median;pulseArea_min_median]  [1/3 files]
[OK]    2026-04-28T18:31:05Z  Digitizer_run1458_subrun32.csv  —  97 channels, all nominal
[OK]    2026-04-28T18:31:07Z  Digitizer_run1458_subrun66.csv  —  97 channels, all nominal
[ALERT] 2026-04-28T18:31:10Z  Digitizer_run1458_subrun70.csv  —  extreme z=16.7 on ch14
                         ch14  method=statistical           max_z=16.69     if_score=-0.5233     features=[nPulses_median]  [1/3 files]
[OK]    2026-04-28T18:31:12Z  Digitizer_run1458_subrun72.csv  —  97 channels, all nominal
[OK]    2026-04-28T18:31:14Z  Digitizer_run1458_subrun99.csv  —  97 channels, all nominal
[OK]    2026-04-28T18:31:16Z  Digitizer_run1458_subrun113.csv  —  1 transient anomalous channel(s), streak not established  [window: 3 files]
                          ch6  method=statistical           max_z=6.64      if_score=-0.5094     features=[nPulses_median]  [1/3 files]
[OK]    2026-04-28T18:31:19Z  Digitizer_run1458_subrun126.csv  —  1 transient anomalous channel(s), streak not established  [window: 3 files]
                         ch26  method=statistical           max_z=6.21      if_score=-0.5457     features=[pulseHeight_min_median]  [1/3 files]
[OK]    2026-04-28T18:31:21Z  Digitizer_run1458_subrun137.csv  —  97 channels, all nominal
[OK]    2026-04-28T18:31:23Z  Digitizer_run1458_subrun166.csv  —  97 channels, all nominal
[OK]    2026-04-28T18:31:26Z  Digitizer_run1458_subrun183.csv  —  97 channels, all nominal
[OK]    2026-04-28T18:31:28Z  Digitizer_run1458_subrun204.csv  —  97 channels, all nominal
[OK]    2026-04-28T18:31:30Z  Digitizer_run1458_subrun207.csv  —  1 transient anomalous channel(s), streak not established  [window: 3 files]
                         ch17  method=statistical           max_z=6.13      if_score=-0.4923     features=[pulseHeight_min_median]  [1/3 files]
[OK]    2026-04-28T18:31:32Z  Digitizer_run1458_subrun209.csv  —  97 channels, all nominal
  --- 300/1398 files processed ---
[OK]    2026-04-28T18:31:34Z  Digitizer_run1458_subrun212.csv  —  97 channels, all nominal
[OK]    2026-04-28T18:31:37Z  Digitizer_run1458_subrun215.csv  —  97 channels, all nominal
[OK]    2026-04-28T18:31:39Z  Digitizer_run1458_subrun223.csv  —  97 channels, all nominal
[OK]    2026-04-28T18:31:41Z  Digitizer_run1458_subrun231.csv  —  97 channels, all nominal
[OK]    2026-04-28T18:31:43Z  Digitizer_run1458_subrun232.csv  —  97 channels, all nominal
[OK]    2026-04-28T18:31:46Z  Digitizer_run1458_subrun236.csv  —  97 channels, all nominal
[OK]    2026-04-28T18:31:48Z  Digitizer_run1458_subrun243.csv  —  97 channels, all nominal
[OK]    2026-04-28T18:31:50Z  Digitizer_run1458_subrun248.csv  —  1 transient anomalous channel(s), streak not established  [window: 3 files]
                         ch26  method=statistical           max_z=6.69      if_score=-0.5058     features=[sideband_rms_mean]  [1/3 files]
[OK]    2026-04-28T18:31:52Z  Digitizer_run1458_subrun257.csv  —  97 channels, all nominal
[OK]    2026-04-28T18:31:54Z  Digitizer_run1458_subrun273.csv  —  97 channels, all nominal
[OK]    2026-04-28T18:31:56Z  Digitizer_run1458_subrun278.csv  —  97 channels, all nominal
[OK]    2026-04-28T18:31:58Z  Digitizer_run1458_subrun321.csv  —  97 channels, all nominal
[OK]    2026-04-28T18:32:00Z  Digitizer_run1458_subrun334.csv  —  97 channels, all nominal
[OK]    2026-04-28T18:32:03Z  Digitizer_run1458_subrun342.csv  —  97 channels, all nominal
[OK]    2026-04-28T18:32:05Z  Digitizer_run1458_subrun350.csv  —  97 channels, all nominal
[OK]    2026-04-28T18:32:07Z  Digitizer_run1458_subrun351.csv  —  97 channels, all nominal
[OK]    2026-04-28T18:32:09Z  Digitizer_run1458_subrun355.csv  —  97 channels, all nominal
[OK]    2026-04-28T18:32:12Z  Digitizer_run1458_subrun359.csv  —  97 channels, all nominal
[OK]    2026-04-28T18:32:14Z  Digitizer_run1458_subrun362.csv  —  1 transient anomalous channel(s), streak not established  [window: 3 files]
                          ch1  method=statistical           max_z=6.04      if_score=-0.4498     features=[nPulses_median]  [1/3 files]
[OK]    2026-04-28T18:32:16Z  Digitizer_run1458_subrun388.csv  —  97 channels, all nominal
[OK]    2026-04-28T18:32:18Z  Digitizer_run1458_subrun428.csv  —  2 transient anomalous channel(s), streak not established  [window: 3 files]
                          ch2  method=statistical           max_z=9.52      if_score=-0.5241     features=[nPulses_median]  [1/3 files]
                         ch31  method=statistical           max_z=7.2       if_score=-0.4972     features=[sideband_rms_mean]  [1/3 files]
[OK]    2026-04-28T18:32:21Z  Digitizer_run1458_subrun439.csv  —  97 channels, all nominal
[OK]    2026-04-28T18:32:23Z  Digitizer_run1458_subrun481.csv  —  97 channels, all nominal
[OK]    2026-04-28T18:32:25Z  Digitizer_run1458_subrun497.csv  —  97 channels, all nominal
[OK]    2026-04-28T18:32:27Z  Digitizer_run1458_subrun525.csv  —  97 channels, all nominal
[OK]    2026-04-28T18:32:30Z  Digitizer_run1458_subrun534.csv  —  1 transient anomalous channel(s), streak not established  [window: 3 files]
                         ch54  method=statistical           max_z=7.66      if_score=-0.5609     features=[pulseArea_max_median]  [1/3 files]
[OK]    2026-04-28T18:32:32Z  Digitizer_run1458_subrun536.csv  —  1 transient anomalous channel(s), streak not established  [window: 3 files]
                         ch33  method=statistical           max_z=8.88      if_score=-0.5455     features=[nPulses_median]  [1/3 files]
[OK]    2026-04-28T18:32:34Z  Digitizer_run1458_subrun543.csv  —  97 channels, all nominal
[OK]    2026-04-28T18:32:36Z  Digitizer_run1458_subrun549.csv  —  1 transient anomalous channel(s), streak not established  [window: 3 files]
                         ch28  method=statistical           max_z=6.01      if_score=-0.4855     features=[pulseHeight_min_median]  [1/3 files]
[OK]    2026-04-28T18:32:39Z  Digitizer_run1458_subrun550.csv  —  97 channels, all nominal
[OK]    2026-04-28T18:32:41Z  Digitizer_run1458_subrun560.csv  —  97 channels, all nominal
[OK]    2026-04-28T18:32:43Z  Digitizer_run1458_subrun563.csv  —  1 transient anomalous channel(s), streak not established  [window: 3 files]
                          ch6  method=statistical           max_z=6.64      if_score=-0.5186     features=[nPulses_median]  [1/3 files]
[OK]    2026-04-28T18:32:46Z  Digitizer_run1458_subrun568.csv  —  97 channels, all nominal
[ALERT] 2026-04-28T18:32:48Z  Digitizer_run1458_subrun576.csv  —  16/97 anomalous ch  [bulk ≥5]  |  extreme z=15.4 on ch57
                          ch1  method=statistical           max_z=9.3       if_score=-0.5731     features=[pulseHeight_min_median;pulseArea_min_median]  [1/3 files]
                         ch11  method=statistical           max_z=10.86     if_score=-0.5591     features=[nPulses_median]  [1/3 files]
                         ch20  method=statistical+IF        max_z=12.01     if_score=-0.6509     features=[pulseHeight_min_median;pulseArea_min_mean;pulseArea_min_median;pulseDuriation_min_median]  [1/3 files]
                         ch21  method=statistical+IF        max_z=7.74      if_score=-0.6326     features=[nPulses_median;pulseArea_max_median]  [1/3 files]
                         ch27  method=statistical+IF        max_z=6.25      if_score=-0.594      features=[sideband_mean_mean]  [1/3 files]
                         ch32  method=statistical           max_z=9.59      if_score=-0.5739     features=[pulseArea_min_mean]  [1/3 files]
                         ch36  method=statistical+IF        max_z=7.6       if_score=-0.5915     features=[sideband_mean_mean;sideband_rms_mean]  [1/3 files]
                         ch37  method=statistical           max_z=7.38      if_score=-0.553      features=[sideband_rms_mean]  [1/3 files]
                         ch40  method=statistical+IF        max_z=12.17     if_score=-0.6255     features=[sideband_rms_mean;sideband_rms_std;pulseHeight_max_median;pulseArea_max_median]  [1/3 files]
                         ch41  method=statistical           max_z=9.58      if_score=-0.5829     features=[sideband_rms_mean;sideband_rms_std]  [1/3 files]
                         ch54  method=statistical           max_z=9.22      if_score=-0.5674     features=[pulseHeight_max_median;pulseArea_max_median;pulseDuriation_min_median]  [1/3 files]
                         ch57  method=statistical           max_z=15.42     if_score=-0.5457     features=[pulseHeight_max_median;pulseArea_max_median]  [1/3 files]
                          ch8  method=statistical+IF        max_z=7.77      if_score=-0.6888     features=[sideband_mean_mean;pulseHeight_min_median;pulseArea_max_mean;pulseDuriation_min_median]  [1/3 files]
                         ch88  method=statistical           max_z=6.16      if_score=-0.5136     features=[sideband_rms_mean]  [1/3 files]
                         ch89  method=statistical           max_z=9.85      if_score=-0.5227     features=[sideband_rms_mean;sideband_rms_std]  [1/3 files]
                          ch9  method=statistical+IF        max_z=7.24      if_score=-0.5971     features=[pulseHeight_min_median;pulseArea_max_mean]  [1/3 files]
  [run 1459] New run — channel history reset
[OK]    2026-04-28T18:32:50Z  Digitizer_run1459_subrun9.csv  —  97 channels, all nominal
[OK]    2026-04-28T18:32:52Z  Digitizer_run1459_subrun18.csv  —  97 channels, all nominal
[OK]    2026-04-28T18:32:54Z  Digitizer_run1459_subrun19.csv  —  1 transient anomalous channel(s), streak not established  [window: 3 files]
                          ch6  method=statistical           max_z=6.64      if_score=-0.5091     features=[nPulses_median]  [1/3 files]
[ALERT] 2026-04-28T18:32:57Z  Digitizer_run1459_subrun22.csv  —  extreme z=16.7 on ch14
                          ch1  method=statistical           max_z=6.33      if_score=-0.5349     features=[pulseArea_min_median]  [1/3 files]
                         ch14  method=statistical           max_z=16.69     if_score=-0.5482     features=[nPulses_median]  [1/3 files]
[OK]    2026-04-28T18:32:59Z  Digitizer_run1459_subrun27.csv  —  97 channels, all nominal
[OK]    2026-04-28T18:33:01Z  Digitizer_run1459_subrun44.csv  —  97 channels, all nominal
[OK]    2026-04-28T18:33:03Z  Digitizer_run1459_subrun62.csv  —  97 channels, all nominal
[OK]    2026-04-28T18:33:05Z  Digitizer_run1459_subrun83.csv  —  97 channels, all nominal
[OK]    2026-04-28T18:33:08Z  Digitizer_run1459_subrun88.csv  —  97 channels, all nominal
[OK]    2026-04-28T18:33:10Z  Digitizer_run1459_subrun99.csv  —  1 transient anomalous channel(s), streak not established  [window: 3 files]
                          ch9  method=statistical           max_z=11.23     if_score=-0.5198     features=[nPulses_median]  [1/3 files]
[OK]    2026-04-28T18:33:12Z  Digitizer_run1459_subrun102.csv  —  1 transient anomalous channel(s), streak not established  [window: 3 files]
                         ch33  method=statistical           max_z=8.88      if_score=-0.5173     features=[nPulses_median]  [1/3 files]
[OK]    2026-04-28T18:33:15Z  Digitizer_run1459_subrun110.csv  —  97 channels, all nominal
[ALERT] 2026-04-28T18:33:17Z  Digitizer_run1459_subrun112.csv  —  extreme z=15.6 on ch21
                         ch21  method=statistical           max_z=15.56     if_score=-0.4927     features=[nPulses_median]  [1/3 files]
[OK]    2026-04-28T18:33:19Z  Digitizer_run1459_subrun115.csv  —  97 channels, all nominal
[OK]    2026-04-28T18:33:21Z  Digitizer_run1459_subrun125.csv  —  97 channels, all nominal
[OK]    2026-04-28T18:33:23Z  Digitizer_run1459_subrun128.csv  —  97 channels, all nominal
[OK]    2026-04-28T18:33:26Z  Digitizer_run1459_subrun130.csv  —  1 transient anomalous channel(s), streak not established  [window: 3 files]
                          ch1  method=statistical           max_z=6.04      if_score=-0.502      features=[nPulses_median]  [1/3 files]
[OK]    2026-04-28T18:33:28Z  Digitizer_run1459_subrun147.csv  —  97 channels, all nominal
[OK]    2026-04-28T18:33:30Z  Digitizer_run1459_subrun161.csv  —  97 channels, all nominal
[OK]    2026-04-28T18:33:32Z  Digitizer_run1459_subrun169.csv  —  97 channels, all nominal
[OK]    2026-04-28T18:33:34Z  Digitizer_run1459_subrun174.csv  —  97 channels, all nominal
[OK]    2026-04-28T18:33:36Z  Digitizer_run1459_subrun190.csv  —  97 channels, all nominal
[OK]    2026-04-28T18:33:39Z  Digitizer_run1459_subrun197.csv  —  97 channels, all nominal
[OK]    2026-04-28T18:33:41Z  Digitizer_run1459_subrun198.csv  —  97 channels, all nominal
[OK]    2026-04-28T18:33:43Z  Digitizer_run1459_subrun200.csv  —  97 channels, all nominal
[OK]    2026-04-28T18:33:46Z  Digitizer_run1459_subrun214.csv  —  97 channels, all nominal
[OK]    2026-04-28T18:33:48Z  Digitizer_run1459_subrun244.csv  —  97 channels, all nominal
[OK]    2026-04-28T18:33:50Z  Digitizer_run1459_subrun245.csv  —  97 channels, all nominal
[OK]    2026-04-28T18:33:53Z  Digitizer_run1459_subrun250.csv  —  2 transient anomalous channel(s), streak not established  [window: 3 files]
                          ch0  method=statistical           max_z=6.88      if_score=-0.5309     features=[sideband_rms_mean]  [1/3 files]
                          ch1  method=statistical           max_z=6.42      if_score=-0.5378     features=[sideband_rms_mean]  [1/3 files]
[OK]    2026-04-28T18:33:55Z  Digitizer_run1459_subrun267.csv  —  1 transient anomalous channel(s), streak not established  [window: 3 files]
                          ch8  method=isolation_forest      max_z=3.57      if_score=-0.5973     features=[]  [1/3 files]
[OK]    2026-04-28T18:33:57Z  Digitizer_run1459_subrun269.csv  —  97 channels, all nominal
[OK]    2026-04-28T18:33:59Z  Digitizer_run1459_subrun287.csv  —  97 channels, all nominal
[OK]    2026-04-28T18:34:01Z  Digitizer_run1459_subrun295.csv  —  97 channels, all nominal
[OK]    2026-04-28T18:34:03Z  Digitizer_run1459_subrun310.csv  —  97 channels, all nominal
[OK]    2026-04-28T18:34:05Z  Digitizer_run1459_subrun314.csv  —  97 channels, all nominal
[OK]    2026-04-28T18:34:08Z  Digitizer_run1459_subrun335.csv  —  1 transient anomalous channel(s), streak not established  [window: 3 files]
                          ch8  method=statistical+IF        max_z=6.38      if_score=-0.5997     features=[pulseHeight_max_median;pulseArea_max_median]  [1/3 files]
[OK]    2026-04-28T18:34:10Z  Digitizer_run1459_subrun338.csv  —  97 channels, all nominal
[OK]    2026-04-28T18:34:13Z  Digitizer_run1459_subrun348.csv  —  97 channels, all nominal
[OK]    2026-04-28T18:34:15Z  Digitizer_run1459_subrun352.csv  —  97 channels, all nominal
[OK]    2026-04-28T18:34:17Z  Digitizer_run1459_subrun369.csv  —  97 channels, all nominal
[OK]    2026-04-28T18:34:19Z  Digitizer_run1459_subrun374.csv  —  97 channels, all nominal
[OK]    2026-04-28T18:34:21Z  Digitizer_run1459_subrun376.csv  —  97 channels, all nominal
[OK]    2026-04-28T18:34:24Z  Digitizer_run1459_subrun381.csv  —  1 transient anomalous channel(s), streak not established  [window: 3 files]
                         ch19  method=statistical           max_z=7.83      if_score=-0.4976     features=[pulseHeight_min_median;pulseArea_min_median]  [1/3 files]
[OK]    2026-04-28T18:34:26Z  Digitizer_run1459_subrun400.csv  —  97 channels, all nominal
[OK]    2026-04-28T18:34:28Z  Digitizer_run1459_subrun406.csv  —  97 channels, all nominal
[OK]    2026-04-28T18:34:31Z  Digitizer_run1459_subrun427.csv  —  97 channels, all nominal
[OK]    2026-04-28T18:34:33Z  Digitizer_run1459_subrun436.csv  —  1 transient anomalous channel(s), streak not established  [window: 3 files]
                         ch90  method=statistical           max_z=12.09     if_score=-0.4974     features=[nPulses_median]  [1/3 files]
[OK]    2026-04-28T18:34:35Z  Digitizer_run1459_subrun438.csv  —  1 transient anomalous channel(s), streak not established  [window: 3 files]
                         ch95  method=statistical           max_z=7.37      if_score=-0.4476     features=[nPulses_median]  [1/3 files]
[OK]    2026-04-28T18:34:38Z  Digitizer_run1459_subrun440.csv  —  97 channels, all nominal
[OK]    2026-04-28T18:34:40Z  Digitizer_run1459_subrun447.csv  —  97 channels, all nominal
[OK]    2026-04-28T18:34:43Z  Digitizer_run1459_subrun448.csv  —  97 channels, all nominal
[OK]    2026-04-28T18:34:45Z  Digitizer_run1459_subrun451.csv  —  1 transient anomalous channel(s), streak not established  [window: 3 files]
                         ch30  method=statistical           max_z=11.23     if_score=-0.5157     features=[nPulses_median]  [1/3 files]
[OK]    2026-04-28T18:34:47Z  Digitizer_run1459_subrun459.csv  —  2 transient anomalous channel(s), streak not established  [window: 3 files]
                          ch6  method=statistical           max_z=6.64      if_score=-0.5303     features=[nPulses_median]  [1/3 files]
                          ch9  method=statistical           max_z=11.23     if_score=-0.465      features=[nPulses_median]  [1/3 files]
[OK]    2026-04-28T18:34:49Z  Digitizer_run1459_subrun477.csv  —  97 channels, all nominal
[OK]    2026-04-28T18:34:52Z  Digitizer_run1459_subrun513.csv  —  97 channels, all nominal
[OK]    2026-04-28T18:34:54Z  Digitizer_run1459_subrun528.csv  —  97 channels, all nominal
[OK]    2026-04-28T18:34:56Z  Digitizer_run1459_subrun587.csv  —  1 transient anomalous channel(s), streak not established  [window: 3 files]
                         ch88  method=statistical           max_z=9.27      if_score=-0.4824     features=[nPulses_median]  [1/3 files]
[ALERT] 2026-04-28T18:34:58Z  Digitizer_run1459_subrun590.csv  —  68/97 anomalous ch  [bulk ≥5]  |  extreme z=37.4 on ch7
                          ch0  method=statistical           max_z=33.43     if_score=-0.5618     features=[nPulses_mean;nPulses_std;nPulses_median]  [1/3 files]
                          ch1  method=statistical           max_z=11.29     if_score=-0.5532     features=[nPulses_mean;nPulses_std;nPulses_median]  [1/3 files]
                         ch10  method=statistical           max_z=16.72     if_score=-0.5602     features=[nPulses_mean;nPulses_std;nPulses_median]  [1/3 files]
                         ch11  method=statistical           max_z=16.4      if_score=-0.5775     features=[nPulses_mean;nPulses_std;nPulses_median]  [1/3 files]
                         ch12  method=statistical           max_z=26.42     if_score=-0.557      features=[nPulses_mean;nPulses_std;nPulses_median]  [1/3 files]
                         ch13  method=statistical           max_z=33.43     if_score=-0.5475     features=[nPulses_mean;nPulses_std;nPulses_median]  [1/3 files]
                         ch14  method=statistical           max_z=11.34     if_score=-0.5362     features=[nPulses_mean;nPulses_std]  [1/3 files]
                         ch15  method=statistical           max_z=37.38     if_score=-0.5765     features=[nPulses_mean;nPulses_std;nPulses_median]  [1/3 files]
                         ch16  method=statistical           max_z=12.47     if_score=-0.5673     features=[nPulses_mean;nPulses_std]  [1/3 files]
                         ch17  method=statistical+IF        max_z=13.97     if_score=-0.606      features=[nPulses_mean;nPulses_std]  [1/3 files]
                         ch18  method=statistical           max_z=10.1      if_score=-0.5483     features=[nPulses_mean;nPulses_std]  [1/3 files]
                         ch19  method=statistical           max_z=15.15     if_score=-0.5696     features=[nPulses_mean;nPulses_std]  [1/3 files]
                          ch2  method=statistical           max_z=16.16     if_score=-0.5657     features=[nPulses_mean;nPulses_std;nPulses_median]  [1/3 files]
                         ch20  method=statistical           max_z=15.58     if_score=-0.536      features=[nPulses_mean;nPulses_std;nPulses_median]  [1/3 files]
                         ch21  method=statistical           max_z=16.66     if_score=-0.5626     features=[nPulses_mean;nPulses_std;nPulses_median]  [1/3 files]
                         ch22  method=statistical           max_z=37.38     if_score=-0.5767     features=[nPulses_mean;nPulses_std;nPulses_median]  [1/3 files]
                         ch23  method=statistical           max_z=37.38     if_score=-0.5666     features=[nPulses_mean;nPulses_std;nPulses_median]  [1/3 files]
                         ch25  method=statistical           max_z=20.7      if_score=-0.5898     features=[nPulses_mean;nPulses_std]  [1/3 files]
                         ch26  method=statistical           max_z=14.76     if_score=-0.5241     features=[nPulses_mean;nPulses_std;nPulses_median]  [1/3 files]
                         ch27  method=statistical           max_z=19.03     if_score=-0.522      features=[nPulses_mean;nPulses_std]  [1/3 files]
                         ch28  method=statistical+IF        max_z=15.41     if_score=-0.6058     features=[nPulses_mean;nPulses_std]  [1/3 files]
                         ch29  method=statistical+IF        max_z=37.38     if_score=-0.6291     features=[nPulses_mean;nPulses_std;nPulses_median]  [1/3 files]
                          ch3  method=statistical           max_z=8.03      if_score=-0.523      features=[nPulses_mean]  [1/3 files]
                         ch30  method=statistical           max_z=11.23     if_score=-0.5327     features=[nPulses_mean;nPulses_std;nPulses_median]  [1/3 files]
                         ch31  method=statistical           max_z=21.51     if_score=-0.4683     features=[nPulses_mean;nPulses_std]  [1/3 files]
                         ch32  method=statistical           max_z=14.92     if_score=-0.5428     features=[nPulses_mean;nPulses_std]  [1/3 files]
                         ch33  method=statistical           max_z=17.95     if_score=-0.5629     features=[nPulses_mean;nPulses_std;nPulses_median]  [1/3 files]
                         ch34  method=statistical           max_z=16.46     if_score=-0.5752     features=[nPulses_mean;nPulses_std]  [1/3 files]
                         ch35  method=statistical           max_z=20.35     if_score=-0.5568     features=[nPulses_mean;nPulses_std]  [1/3 files]
                         ch36  method=statistical           max_z=37.38     if_score=-0.5768     features=[nPulses_mean;nPulses_std;nPulses_median]  [1/3 files]
                         ch37  method=statistical           max_z=16.14     if_score=-0.5126     features=[nPulses_mean;nPulses_std]  [1/3 files]
                         ch38  method=statistical           max_z=37.38     if_score=-0.562      features=[nPulses_mean;nPulses_std;nPulses_median]  [1/3 files]
                         ch39  method=statistical           max_z=37.38     if_score=-0.5192     features=[nPulses_mean;nPulses_std;nPulses_median]  [1/3 files]
                          ch4  method=statistical           max_z=15.58     if_score=-0.508      features=[nPulses_mean;nPulses_std]  [1/3 files]
                         ch40  method=statistical           max_z=17.71     if_score=-0.5743     features=[nPulses_mean;nPulses_std;nPulses_median]  [1/3 files]
                         ch41  method=statistical           max_z=21.66     if_score=-0.5537     features=[nPulses_mean;nPulses_std]  [1/3 files]
                         ch42  method=statistical           max_z=8.72      if_score=-0.4509     features=[nPulses_mean]  [1/3 files]
                         ch43  method=statistical           max_z=37.38     if_score=-0.5779     features=[nPulses_mean;nPulses_std;nPulses_median]  [1/3 files]
                         ch44  method=statistical           max_z=13.02     if_score=-0.5521     features=[nPulses_mean;nPulses_std]  [1/3 files]
                         ch47  method=statistical+IF        max_z=24.91     if_score=-0.6001     features=[nPulses_mean;nPulses_std;nPulses_median]  [1/3 files]
                         ch48  method=statistical           max_z=13.1      if_score=-0.505      features=[nPulses_mean;nPulses_std]  [1/3 files]
                         ch49  method=statistical           max_z=20.72     if_score=-0.4953     features=[nPulses_mean;nPulses_std]  [1/3 files]
                          ch5  method=statistical           max_z=16.92     if_score=-0.5376     features=[nPulses_mean;nPulses_std]  [1/3 files]
                         ch50  method=statistical           max_z=13.76     if_score=-0.4892     features=[nPulses_mean;nPulses_std]  [1/3 files]
                         ch51  method=statistical           max_z=11.18     if_score=-0.5252     features=[nPulses_mean;nPulses_std]  [1/3 files]
                         ch52  method=statistical           max_z=14.41     if_score=-0.5244     features=[nPulses_mean;nPulses_std]  [1/3 files]
                         ch53  method=statistical           max_z=22.08     if_score=-0.5174     features=[nPulses_mean;nPulses_std]  [1/3 files]
                         ch54  method=statistical           max_z=12.3      if_score=-0.5504     features=[nPulses_mean;nPulses_std]  [1/3 files]
                         ch57  method=statistical           max_z=19.23     if_score=-0.5055     features=[nPulses_mean;nPulses_std]  [1/3 files]
                         ch58  method=statistical           max_z=9.5       if_score=-0.5036     features=[nPulses_mean;nPulses_std]  [1/3 files]
                         ch59  method=statistical           max_z=12.24     if_score=-0.4859     features=[nPulses_mean;nPulses_std]  [1/3 files]
                          ch6  method=statistical+IF        max_z=12.71     if_score=-0.592      features=[nPulses_mean;nPulses_std;nPulses_median]  [1/3 files]
                         ch60  method=statistical           max_z=13.6      if_score=-0.5478     features=[nPulses_mean;nPulses_std]  [1/3 files]
                         ch61  method=statistical           max_z=19.24     if_score=-0.5286     features=[nPulses_mean;nPulses_std]  [1/3 files]
                         ch63  method=statistical           max_z=14.35     if_score=-0.5425     features=[nPulses_mean;nPulses_std]  [1/3 files]
                          ch7  method=statistical           max_z=37.38     if_score=-0.5157     features=[nPulses_mean;nPulses_std;nPulses_median]  [1/3 files]
                          ch8  method=statistical           max_z=14.22     if_score=-0.5188     features=[nPulses_mean;nPulses_std]  [1/3 files]
                         ch81  method=statistical           max_z=8.38      if_score=-0.5145     features=[nPulses_mean]  [1/3 files]
                         ch83  method=statistical+IF        max_z=26.42     if_score=-0.624      features=[nPulses_mean;nPulses_std;nPulses_median]  [1/3 files]
                         ch84  method=statistical           max_z=8.87      if_score=-0.5731     features=[nPulses_mean;nPulses_std]  [1/3 files]
                         ch85  method=statistical           max_z=16.71     if_score=-0.5762     features=[nPulses_mean;nPulses_std]  [1/3 files]
                         ch88  method=statistical+IF        max_z=9.78      if_score=-0.6566     features=[nPulses_mean;nPulses_std;nPulses_median]  [2/3 files]
                         ch89  method=statistical+IF        max_z=33.34     if_score=-0.6499     features=[nPulses_mean;nPulses_std;nPulses_median]  [1/3 files]
                          ch9  method=statistical           max_z=15.51     if_score=-0.5633     features=[nPulses_mean;nPulses_std;nPulses_median]  [1/3 files]
                         ch90  method=statistical           max_z=15.41     if_score=-0.5363     features=[nPulses_mean;nPulses_std;nPulses_median]  [1/3 files]
                         ch91  method=statistical           max_z=6.33      if_score=-0.4751     features=[nPulses_mean]  [1/3 files]
                         ch94  method=statistical           max_z=9.72      if_score=-0.5905     features=[nPulses_mean;nPulses_std;nPulses_median]  [1/3 files]
                         ch95  method=statistical           max_z=16.47     if_score=-0.5537     features=[nPulses_mean;nPulses_std;nPulses_median]  [1/3 files]
  [run 1500] New run — channel history reset
[OK]    2026-04-28T18:35:00Z  Digitizer_run1500_subrun3.csv  —  97 channels, all nominal
[OK]    2026-04-28T18:35:03Z  Digitizer_run1500_subrun11.csv  —  97 channels, all nominal
[OK]    2026-04-28T18:35:05Z  Digitizer_run1500_subrun13.csv  —  97 channels, all nominal
[OK]    2026-04-28T18:35:07Z  Digitizer_run1500_subrun15.csv  —  97 channels, all nominal
[OK]    2026-04-28T18:35:09Z  Digitizer_run1500_subrun20.csv  —  97 channels, all nominal
[OK]    2026-04-28T18:35:11Z  Digitizer_run1500_subrun28.csv  —  97 channels, all nominal
[OK]    2026-04-28T18:35:14Z  Digitizer_run1500_subrun29.csv  —  97 channels, all nominal
[OK]    2026-04-28T18:35:16Z  Digitizer_run1500_subrun30.csv  —  97 channels, all nominal
  --- 400/1398 files processed ---
[OK]    2026-04-28T18:35:18Z  Digitizer_run1500_subrun40.csv  —  97 channels, all nominal
[OK]    2026-04-28T18:35:20Z  Digitizer_run1500_subrun51.csv  —  97 channels, all nominal
[OK]    2026-04-28T18:35:22Z  Digitizer_run1500_subrun58.csv  —  97 channels, all nominal
[OK]    2026-04-28T18:35:24Z  Digitizer_run1500_subrun68.csv  —  97 channels, all nominal
[OK]    2026-04-28T18:35:26Z  Digitizer_run1500_subrun69.csv  —  97 channels, all nominal
[ALERT] 2026-04-28T18:35:28Z  Digitizer_run1500_subrun79.csv  —  extreme z=16.7 on ch5
                          ch5  method=statistical           max_z=16.69     if_score=-0.5054     features=[nPulses_median]  [1/3 files]
                         ch88  method=statistical           max_z=9.27      if_score=-0.5532     features=[nPulses_median]  [1/3 files]
[OK]    2026-04-28T18:35:31Z  Digitizer_run1500_subrun83.csv  —  97 channels, all nominal
[OK]    2026-04-28T18:35:33Z  Digitizer_run1500_subrun84.csv  —  97 channels, all nominal
  [run 1501] New run — channel history reset
[OK]    2026-04-28T18:35:35Z  Digitizer_run1501_subrun7.csv  —  1 transient anomalous channel(s), streak not established  [window: 3 files]
                         ch28  method=statistical           max_z=6.88      if_score=-0.5196     features=[sideband_rms_mean]  [1/3 files]
[OK]    2026-04-28T18:35:37Z  Digitizer_run1501_subrun16.csv  —  97 channels, all nominal
[OK]    2026-04-28T18:35:39Z  Digitizer_run1501_subrun22.csv  —  97 channels, all nominal
[OK]    2026-04-28T18:35:42Z  Digitizer_run1501_subrun26.csv  —  97 channels, all nominal
[ALERT] 2026-04-28T18:35:44Z  Digitizer_run1501_subrun36.csv  —  extreme z=15.9 on ch91
                         ch91  method=statistical           max_z=15.91     if_score=-0.4714     features=[nPulses_median]  [1/3 files]
[OK]    2026-04-28T18:35:46Z  Digitizer_run1501_subrun48.csv  —  97 channels, all nominal
[OK]    2026-04-28T18:35:48Z  Digitizer_run1501_subrun52.csv  —  97 channels, all nominal
[OK]    2026-04-28T18:35:50Z  Digitizer_run1501_subrun53.csv  —  1 transient anomalous channel(s), streak not established  [window: 3 files]
                         ch90  method=statistical           max_z=12.09     if_score=-0.4774     features=[nPulses_median]  [1/3 files]
[OK]    2026-04-28T18:35:52Z  Digitizer_run1501_subrun67.csv  —  97 channels, all nominal
[OK]    2026-04-28T18:35:54Z  Digitizer_run1501_subrun69.csv  —  97 channels, all nominal
[OK]    2026-04-28T18:35:56Z  Digitizer_run1501_subrun70.csv  —  1 transient anomalous channel(s), streak not established  [window: 3 files]
                         ch33  method=statistical           max_z=8.88      if_score=-0.5881     features=[nPulses_median]  [1/3 files]
[ALERT] 2026-04-28T18:35:58Z  Digitizer_run1501_subrun107.csv  —  extreme z=23.6 on ch48
                         ch48  method=statistical           max_z=23.63     if_score=-0.5245     features=[nPulses_median]  [1/3 files]
[OK]    2026-04-28T18:36:01Z  Digitizer_run1501_subrun132.csv  —  97 channels, all nominal
[ALERT] 2026-04-28T18:36:03Z  Digitizer_run1501_subrun166.csv  —  extreme z=16.7 on ch5
                         ch14  method=statistical           max_z=6.23      if_score=-0.4986     features=[sideband_rms_mean]  [1/3 files]
                          ch5  method=statistical           max_z=16.69     if_score=-0.491      features=[nPulses_median]  [1/3 files]
[OK]    2026-04-28T18:36:05Z  Digitizer_run1501_subrun180.csv  —  97 channels, all nominal
[OK]    2026-04-28T18:36:07Z  Digitizer_run1501_subrun196.csv  —  97 channels, all nominal
[OK]    2026-04-28T18:36:09Z  Digitizer_run1501_subrun206.csv  —  1 transient anomalous channel(s), streak not established  [window: 3 files]
                         ch85  method=statistical           max_z=6.69      if_score=-0.4879     features=[pulseArea_min_median]  [1/3 files]
[OK]    2026-04-28T18:36:11Z  Digitizer_run1501_subrun213.csv  —  97 channels, all nominal
[OK]    2026-04-28T18:36:14Z  Digitizer_run1501_subrun225.csv  —  97 channels, all nominal
[OK]    2026-04-28T18:36:16Z  Digitizer_run1501_subrun238.csv  —  97 channels, all nominal
[OK]    2026-04-28T18:36:18Z  Digitizer_run1501_subrun249.csv  —  97 channels, all nominal
[OK]    2026-04-28T18:36:20Z  Digitizer_run1501_subrun259.csv  —  97 channels, all nominal
[OK]    2026-04-28T18:36:22Z  Digitizer_run1501_subrun267.csv  —  97 channels, all nominal
[OK]    2026-04-28T18:36:24Z  Digitizer_run1501_subrun268.csv  —  1 transient anomalous channel(s), streak not established  [window: 3 files]
                         ch33  method=statistical           max_z=8.88      if_score=-0.509      features=[nPulses_median]  [1/3 files]
[OK]    2026-04-28T18:36:27Z  Digitizer_run1501_subrun269.csv  —  97 channels, all nominal
[OK]    2026-04-28T18:36:29Z  Digitizer_run1501_subrun273.csv  —  97 channels, all nominal
[OK]    2026-04-28T18:36:31Z  Digitizer_run1501_subrun276.csv  —  97 channels, all nominal
[OK]    2026-04-28T18:36:33Z  Digitizer_run1501_subrun279.csv  —  97 channels, all nominal
[OK]    2026-04-28T18:36:35Z  Digitizer_run1501_subrun283.csv  —  97 channels, all nominal
[OK]    2026-04-28T18:36:37Z  Digitizer_run1501_subrun285.csv  —  97 channels, all nominal
[OK]    2026-04-28T18:36:40Z  Digitizer_run1501_subrun286.csv  —  97 channels, all nominal
[OK]    2026-04-28T18:36:42Z  Digitizer_run1501_subrun305.csv  —  97 channels, all nominal
[OK]    2026-04-28T18:36:44Z  Digitizer_run1501_subrun308.csv  —  97 channels, all nominal
[OK]    2026-04-28T18:36:46Z  Digitizer_run1501_subrun309.csv  —  97 channels, all nominal
[OK]    2026-04-28T18:36:49Z  Digitizer_run1501_subrun311.csv  —  97 channels, all nominal
[OK]    2026-04-28T18:36:51Z  Digitizer_run1501_subrun320.csv  —  97 channels, all nominal
[OK]    2026-04-28T18:36:53Z  Digitizer_run1501_subrun331.csv  —  97 channels, all nominal
[OK]    2026-04-28T18:36:55Z  Digitizer_run1501_subrun349.csv  —  97 channels, all nominal
[OK]    2026-04-28T18:36:57Z  Digitizer_run1501_subrun356.csv  —  97 channels, all nominal
[OK]    2026-04-28T18:37:00Z  Digitizer_run1501_subrun359.csv  —  97 channels, all nominal
[OK]    2026-04-28T18:37:02Z  Digitizer_run1501_subrun372.csv  —  97 channels, all nominal
[OK]    2026-04-28T18:37:04Z  Digitizer_run1501_subrun385.csv  —  1 transient anomalous channel(s), streak not established  [window: 3 files]
                          ch1  method=statistical           max_z=6.04      if_score=-0.5147     features=[nPulses_median]  [1/3 files]
[OK]    2026-04-28T18:37:06Z  Digitizer_run1501_subrun394.csv  —  97 channels, all nominal
[OK]    2026-04-28T18:37:08Z  Digitizer_run1501_subrun396.csv  —  97 channels, all nominal
[OK]    2026-04-28T18:37:10Z  Digitizer_run1501_subrun405.csv  —  97 channels, all nominal
[OK]    2026-04-28T18:37:12Z  Digitizer_run1501_subrun413.csv  —  1 transient anomalous channel(s), streak not established  [window: 3 files]
                         ch43  method=isolation_forest      max_z=4.7       if_score=-0.5921     features=[]  [1/3 files]
[OK]    2026-04-28T18:37:15Z  Digitizer_run1501_subrun428.csv  —  1 transient anomalous channel(s), streak not established  [window: 3 files]
                         ch95  method=statistical           max_z=7.37      if_score=-0.4616     features=[nPulses_median]  [1/3 files]
[OK]    2026-04-28T18:37:17Z  Digitizer_run1501_subrun433.csv  —  97 channels, all nominal
[OK]    2026-04-28T18:37:19Z  Digitizer_run1501_subrun440.csv  —  97 channels, all nominal
[OK]    2026-04-28T18:37:21Z  Digitizer_run1501_subrun460.csv  —  97 channels, all nominal
[OK]    2026-04-28T18:37:24Z  Digitizer_run1501_subrun464.csv  —  97 channels, all nominal
[OK]    2026-04-28T18:37:26Z  Digitizer_run1501_subrun467.csv  —  97 channels, all nominal
[OK]    2026-04-28T18:37:28Z  Digitizer_run1501_subrun477.csv  —  1 transient anomalous channel(s), streak not established  [window: 3 files]
                         ch33  method=statistical           max_z=6.11      if_score=-0.4958     features=[sideband_rms_mean]  [1/3 files]
[OK]    2026-04-28T18:37:30Z  Digitizer_run1501_subrun486.csv  —  97 channels, all nominal
[OK]    2026-04-28T18:37:32Z  Digitizer_run1501_subrun488.csv  —  97 channels, all nominal
[OK]    2026-04-28T18:37:34Z  Digitizer_run1501_subrun491.csv  —  97 channels, all nominal
[ALERT] 2026-04-28T18:37:37Z  Digitizer_run1501_subrun492.csv  —  extreme z=15.6 on ch21
                         ch21  method=statistical           max_z=15.56     if_score=-0.5035     features=[nPulses_median]  [1/3 files]
                          ch6  method=statistical           max_z=6.64      if_score=-0.4983     features=[nPulses_median]  [1/3 files]
[OK]    2026-04-28T18:37:39Z  Digitizer_run1501_subrun496.csv  —  1 transient anomalous channel(s), streak not established  [window: 3 files]
                         ch85  method=statistical           max_z=6.89      if_score=-0.5011     features=[sideband_rms_mean]  [1/3 files]
[OK]    2026-04-28T18:37:41Z  Digitizer_run1501_subrun497.csv  —  97 channels, all nominal
[OK]    2026-04-28T18:37:43Z  Digitizer_run1501_subrun498.csv  —  97 channels, all nominal
[OK]    2026-04-28T18:37:45Z  Digitizer_run1501_subrun503.csv  —  97 channels, all nominal
[OK]    2026-04-28T18:37:47Z  Digitizer_run1501_subrun507.csv  —  97 channels, all nominal
[OK]    2026-04-28T18:37:50Z  Digitizer_run1501_subrun515.csv  —  97 channels, all nominal
[OK]    2026-04-28T18:37:52Z  Digitizer_run1501_subrun550.csv  —  97 channels, all nominal
  [run 1502] New run — channel history reset
[OK]    2026-04-28T18:37:54Z  Digitizer_run1502_subrun4.csv  —  97 channels, all nominal
[OK]    2026-04-28T18:37:56Z  Digitizer_run1502_subrun6.csv  —  1 transient anomalous channel(s), streak not established  [window: 3 files]
                         ch90  method=statistical           max_z=6.0       if_score=-0.4711     features=[nPulses_median]  [1/3 files]
[OK]    2026-04-28T18:37:58Z  Digitizer_run1502_subrun8.csv  —  1 transient anomalous channel(s), streak not established  [window: 3 files]
                         ch95  method=statistical           max_z=7.37      if_score=-0.4441     features=[nPulses_median]  [1/3 files]
[OK]    2026-04-28T18:38:01Z  Digitizer_run1502_subrun21.csv  —  97 channels, all nominal
[OK]    2026-04-28T18:38:03Z  Digitizer_run1502_subrun30.csv  —  97 channels, all nominal
[OK]    2026-04-28T18:38:05Z  Digitizer_run1502_subrun41.csv  —  97 channels, all nominal
[OK]    2026-04-28T18:38:07Z  Digitizer_run1502_subrun45.csv  —  1 transient anomalous channel(s), streak not established  [window: 3 files]
                         ch90  method=statistical           max_z=12.09     if_score=-0.4511     features=[nPulses_median]  [1/3 files]
[OK]    2026-04-28T18:38:09Z  Digitizer_run1502_subrun53.csv  —  2 transient anomalous channel(s), streak not established  [window: 3 files]
                          ch1  method=statistical           max_z=6.04      if_score=-0.4425     features=[nPulses_median]  [1/3 files]
                         ch94  method=statistical           max_z=9.22      if_score=-0.5106     features=[nPulses_median]  [1/3 files]
[OK]    2026-04-28T18:38:11Z  Digitizer_run1502_subrun72.csv  —  97 channels, all nominal
[OK]    2026-04-28T18:38:14Z  Digitizer_run1502_subrun80.csv  —  1 transient anomalous channel(s), streak not established  [window: 3 files]
                         ch19  method=statistical           max_z=6.3       if_score=-0.5407     features=[pulseArea_max_median]  [1/3 files]
[OK]    2026-04-28T18:38:16Z  Digitizer_run1502_subrun91.csv  —  97 channels, all nominal
[OK]    2026-04-28T18:38:18Z  Digitizer_run1502_subrun92.csv  —  97 channels, all nominal
[OK]    2026-04-28T18:38:20Z  Digitizer_run1502_subrun94.csv  —  97 channels, all nominal
[OK]    2026-04-28T18:38:23Z  Digitizer_run1502_subrun100.csv  —  97 channels, all nominal
[OK]    2026-04-28T18:38:25Z  Digitizer_run1502_subrun113.csv  —  97 channels, all nominal
[OK]    2026-04-28T18:38:27Z  Digitizer_run1502_subrun143.csv  —  1 transient anomalous channel(s), streak not established  [window: 3 files]
                          ch6  method=statistical           max_z=6.64      if_score=-0.4483     features=[nPulses_median]  [1/3 files]
[OK]    2026-04-28T18:38:29Z  Digitizer_run1502_subrun153.csv  —  1 transient anomalous channel(s), streak not established  [window: 3 files]
                          ch2  method=statistical           max_z=6.63      if_score=-0.4498     features=[pulseHeight_min_median]  [1/3 files]
[OK]    2026-04-28T18:38:32Z  Digitizer_run1502_subrun158.csv  —  97 channels, all nominal
[OK]    2026-04-28T18:38:34Z  Digitizer_run1502_subrun175.csv  —  97 channels, all nominal
[OK]    2026-04-28T18:38:36Z  Digitizer_run1502_subrun180.csv  —  97 channels, all nominal
[OK]    2026-04-28T18:38:38Z  Digitizer_run1502_subrun192.csv  —  1 transient anomalous channel(s), streak not established  [window: 3 files]
                         ch33  method=statistical           max_z=6.2       if_score=-0.4661     features=[sideband_rms_mean]  [1/3 files]
[OK]    2026-04-28T18:38:40Z  Digitizer_run1502_subrun216.csv  —  97 channels, all nominal
[OK]    2026-04-28T18:38:43Z  Digitizer_run1502_subrun225.csv  —  97 channels, all nominal
[OK]    2026-04-28T18:38:45Z  Digitizer_run1502_subrun233.csv  —  97 channels, all nominal
[OK]    2026-04-28T18:38:47Z  Digitizer_run1502_subrun243.csv  —  1 transient anomalous channel(s), streak not established  [window: 3 files]
                         ch18  method=statistical           max_z=6.04      if_score=-0.5436     features=[pulseArea_min_median]  [1/3 files]
[OK]    2026-04-28T18:38:49Z  Digitizer_run1502_subrun261.csv  —  97 channels, all nominal
[OK]    2026-04-28T18:38:51Z  Digitizer_run1502_subrun263.csv  —  97 channels, all nominal
[OK]    2026-04-28T18:38:54Z  Digitizer_run1502_subrun264.csv  —  97 channels, all nominal
  --- 500/1398 files processed ---
[OK]    2026-04-28T18:38:56Z  Digitizer_run1502_subrun277.csv  —  1 transient anomalous channel(s), streak not established  [window: 3 files]
                         ch43  method=statistical           max_z=6.93      if_score=-0.5159     features=[sideband_rms_mean]  [1/3 files]
[OK]    2026-04-28T18:38:58Z  Digitizer_run1502_subrun278.csv  —  97 channels, all nominal
[OK]    2026-04-28T18:39:01Z  Digitizer_run1502_subrun287.csv  —  1 transient anomalous channel(s), streak not established  [window: 3 files]
                         ch95  method=statistical           max_z=7.37      if_score=-0.5554     features=[nPulses_median]  [1/3 files]
[OK]    2026-04-28T18:39:03Z  Digitizer_run1502_subrun292.csv  —  97 channels, all nominal
[OK]    2026-04-28T18:39:05Z  Digitizer_run1502_subrun302.csv  —  97 channels, all nominal
[OK]    2026-04-28T18:39:08Z  Digitizer_run1502_subrun313.csv  —  97 channels, all nominal
[OK]    2026-04-28T18:39:10Z  Digitizer_run1502_subrun324.csv  —  97 channels, all nominal
[OK]    2026-04-28T18:39:12Z  Digitizer_run1502_subrun328.csv  —  1 transient anomalous channel(s), streak not established  [window: 3 files]
                          ch6  method=statistical           max_z=6.64      if_score=-0.5501     features=[nPulses_median]  [1/3 files]
[OK]    2026-04-28T18:39:15Z  Digitizer_run1502_subrun350.csv  —  1 transient anomalous channel(s), streak not established  [window: 3 files]
                         ch20  method=statistical           max_z=13.62     if_score=-0.509      features=[nPulses_median]  [1/3 files]
[OK]    2026-04-28T18:39:17Z  Digitizer_run1502_subrun354.csv  —  97 channels, all nominal
[OK]    2026-04-28T18:39:19Z  Digitizer_run1502_subrun372.csv  —  97 channels, all nominal
[OK]    2026-04-28T18:39:21Z  Digitizer_run1502_subrun375.csv  —  97 channels, all nominal
[OK]    2026-04-28T18:39:24Z  Digitizer_run1502_subrun388.csv  —  97 channels, all nominal
[OK]    2026-04-28T18:39:26Z  Digitizer_run1502_subrun395.csv  —  97 channels, all nominal
[OK]    2026-04-28T18:39:28Z  Digitizer_run1502_subrun410.csv  —  97 channels, all nominal
[OK]    2026-04-28T18:39:30Z  Digitizer_run1502_subrun411.csv  —  1 transient anomalous channel(s), streak not established  [window: 3 files]
                         ch10  method=statistical           max_z=7.58      if_score=-0.4855     features=[nPulses_median]  [1/3 files]
[OK]    2026-04-28T18:39:32Z  Digitizer_run1502_subrun422.csv  —  97 channels, all nominal
[OK]    2026-04-28T18:39:35Z  Digitizer_run1502_subrun439.csv  —  97 channels, all nominal
[OK]    2026-04-28T18:39:37Z  Digitizer_run1502_subrun457.csv  —  97 channels, all nominal
[OK]    2026-04-28T18:39:39Z  Digitizer_run1502_subrun463.csv  —  1 transient anomalous channel(s), streak not established  [window: 3 files]
                         ch88  method=statistical           max_z=9.27      if_score=-0.5001     features=[nPulses_median]  [1/3 files]
[OK]    2026-04-28T18:39:41Z  Digitizer_run1502_subrun468.csv  —  1 transient anomalous channel(s), streak not established  [window: 3 files]
                          ch2  method=statistical           max_z=7.23      if_score=-0.5644     features=[pulseHeight_min_median;pulseArea_min_median]  [1/3 files]
[OK]    2026-04-28T18:39:43Z  Digitizer_run1502_subrun479.csv  —  97 channels, all nominal
[OK]    2026-04-28T18:39:46Z  Digitizer_run1502_subrun483.csv  —  97 channels, all nominal
[OK]    2026-04-28T18:39:48Z  Digitizer_run1502_subrun510.csv  —  97 channels, all nominal
[OK]    2026-04-28T18:39:50Z  Digitizer_run1502_subrun511.csv  —  97 channels, all nominal
[OK]    2026-04-28T18:39:52Z  Digitizer_run1502_subrun515.csv  —  97 channels, all nominal
[OK]    2026-04-28T18:39:54Z  Digitizer_run1502_subrun519.csv  —  1 transient anomalous channel(s), streak not established  [window: 3 files]
                         ch16  method=statistical           max_z=7.91      if_score=-0.5263     features=[pulseArea_min_median]  [1/3 files]
[OK]    2026-04-28T18:39:57Z  Digitizer_run1502_subrun525.csv  —  97 channels, all nominal
[OK]    2026-04-28T18:40:00Z  Digitizer_run1502_subrun527.csv  —  97 channels, all nominal
[OK]    2026-04-28T18:40:02Z  Digitizer_run1502_subrun540.csv  —  97 channels, all nominal
[OK]    2026-04-28T18:40:06Z  Digitizer_run1502_subrun541.csv  —  97 channels, all nominal
[OK]    2026-04-28T18:40:09Z  Digitizer_run1502_subrun552.csv  —  3 transient anomalous channel(s), streak not established  [window: 3 files]
                          ch1  method=statistical           max_z=6.04      if_score=-0.4582     features=[nPulses_median]  [1/3 files]
                         ch14  method=statistical           max_z=6.52      if_score=-0.5049     features=[pulseDuriation_min_mean]  [1/3 files]
                         ch22  method=statistical           max_z=6.18      if_score=-0.473      features=[pulseDuriation_min_std]  [1/3 files]
[OK]    2026-04-28T18:40:11Z  Digitizer_run1502_subrun555.csv  —  97 channels, all nominal
[OK]    2026-04-28T18:40:13Z  Digitizer_run1502_subrun560.csv  —  1 transient anomalous channel(s), streak not established  [window: 3 files]
                         ch90  method=statistical           max_z=12.09     if_score=-0.4277     features=[nPulses_median]  [1/3 files]
[OK]    2026-04-28T18:40:15Z  Digitizer_run1502_subrun570.csv  —  97 channels, all nominal
[OK]    2026-04-28T18:40:18Z  Digitizer_run1502_subrun585.csv  —  97 channels, all nominal
[OK]    2026-04-28T18:40:20Z  Digitizer_run1502_subrun610.csv  —  97 channels, all nominal
[OK]    2026-04-28T18:40:22Z  Digitizer_run1502_subrun632.csv  —  97 channels, all nominal
[OK]    2026-04-28T18:40:24Z  Digitizer_run1502_subrun644.csv  —  97 channels, all nominal
[OK]    2026-04-28T18:40:26Z  Digitizer_run1502_subrun651.csv  —  97 channels, all nominal
[OK]    2026-04-28T18:40:29Z  Digitizer_run1502_subrun652.csv  —  97 channels, all nominal
  [run 1503] New run — channel history reset
[OK]    2026-04-28T18:40:31Z  Digitizer_run1503_subrun4.csv  —  97 channels, all nominal
[OK]    2026-04-28T18:40:33Z  Digitizer_run1503_subrun18.csv  —  1 transient anomalous channel(s), streak not established  [window: 3 files]
                         ch40  method=statistical           max_z=6.23      if_score=-0.5046     features=[sideband_mean_mean]  [1/3 files]
[OK]    2026-04-28T18:40:35Z  Digitizer_run1503_subrun21.csv  —  97 channels, all nominal
[OK]    2026-04-28T18:40:37Z  Digitizer_run1503_subrun22.csv  —  97 channels, all nominal
[OK]    2026-04-28T18:40:39Z  Digitizer_run1503_subrun33.csv  —  97 channels, all nominal
[OK]    2026-04-28T18:40:42Z  Digitizer_run1503_subrun52.csv  —  97 channels, all nominal
[OK]    2026-04-28T18:40:44Z  Digitizer_run1503_subrun63.csv  —  1 transient anomalous channel(s), streak not established  [window: 3 files]
                          ch6  method=statistical           max_z=6.64      if_score=-0.4817     features=[nPulses_median]  [1/3 files]
[OK]    2026-04-28T18:40:46Z  Digitizer_run1503_subrun71.csv  —  97 channels, all nominal
[OK]    2026-04-28T18:40:49Z  Digitizer_run1503_subrun86.csv  —  97 channels, all nominal
[OK]    2026-04-28T18:40:51Z  Digitizer_run1503_subrun91.csv  —  97 channels, all nominal
[OK]    2026-04-28T18:40:53Z  Digitizer_run1503_subrun111.csv  —  1 transient anomalous channel(s), streak not established  [window: 3 files]
                         ch63  method=isolation_forest      max_z=5.08      if_score=-0.5963     features=[]  [1/3 files]
[ALERT] 2026-04-28T18:40:56Z  Digitizer_run1503_subrun117.csv  —  extreme z=18.1 on ch40
                         ch40  method=statistical           max_z=18.11     if_score=-0.4852     features=[nPulses_median]  [1/3 files]
                          ch9  method=statistical           max_z=11.23     if_score=-0.4963     features=[nPulses_median]  [1/3 files]
[ALERT] 2026-04-28T18:40:58Z  Digitizer_run1503_subrun121.csv  —  extreme z=33.4 on ch46
                         ch46  method=statistical           max_z=33.43     if_score=-0.5103     features=[nPulses_median]  [1/3 files]
[OK]    2026-04-28T18:41:00Z  Digitizer_run1503_subrun127.csv  —  97 channels, all nominal
[OK]    2026-04-28T18:41:02Z  Digitizer_run1503_subrun129.csv  —  97 channels, all nominal
[OK]    2026-04-28T18:41:04Z  Digitizer_run1503_subrun133.csv  —  97 channels, all nominal
[OK]    2026-04-28T18:41:07Z  Digitizer_run1503_subrun147.csv  —  97 channels, all nominal
[OK]    2026-04-28T18:41:09Z  Digitizer_run1503_subrun150.csv  —  1 transient anomalous channel(s), streak not established  [window: 3 files]
                         ch20  method=statistical           max_z=13.62     if_score=-0.5506     features=[nPulses_median]  [1/3 files]
[OK]    2026-04-28T18:41:11Z  Digitizer_run1503_subrun154.csv  —  97 channels, all nominal
[OK]    2026-04-28T18:41:13Z  Digitizer_run1503_subrun168.csv  —  97 channels, all nominal
[OK]    2026-04-28T18:41:16Z  Digitizer_run1503_subrun172.csv  —  97 channels, all nominal
[OK]    2026-04-28T18:41:18Z  Digitizer_run1503_subrun199.csv  —  97 channels, all nominal
[OK]    2026-04-28T18:41:20Z  Digitizer_run1503_subrun210.csv  —  97 channels, all nominal
[OK]    2026-04-28T18:41:22Z  Digitizer_run1503_subrun215.csv  —  97 channels, all nominal
[OK]    2026-04-28T18:41:25Z  Digitizer_run1503_subrun219.csv  —  1 transient anomalous channel(s), streak not established  [window: 3 files]
                         ch10  method=statistical           max_z=7.58      if_score=-0.4417     features=[nPulses_median]  [1/3 files]
[OK]    2026-04-28T18:41:27Z  Digitizer_run1503_subrun222.csv  —  97 channels, all nominal
[OK]    2026-04-28T18:41:29Z  Digitizer_run1503_subrun237.csv  —  1 transient anomalous channel(s), streak not established  [window: 3 files]
                          ch2  method=statistical           max_z=9.52      if_score=-0.5681     features=[nPulses_median]  [1/3 files]
[OK]    2026-04-28T18:41:32Z  Digitizer_run1503_subrun247.csv  —  97 channels, all nominal
[OK]    2026-04-28T18:41:34Z  Digitizer_run1503_subrun254.csv  —  97 channels, all nominal
[OK]    2026-04-28T18:41:36Z  Digitizer_run1503_subrun267.csv  —  97 channels, all nominal
[OK]    2026-04-28T18:41:38Z  Digitizer_run1503_subrun276.csv  —  97 channels, all nominal
[OK]    2026-04-28T18:41:41Z  Digitizer_run1503_subrun281.csv  —  97 channels, all nominal
[OK]    2026-04-28T18:41:43Z  Digitizer_run1503_subrun282.csv  —  97 channels, all nominal
[OK]    2026-04-28T18:41:46Z  Digitizer_run1503_subrun284.csv  —  97 channels, all nominal
[OK]    2026-04-28T18:41:48Z  Digitizer_run1503_subrun290.csv  —  97 channels, all nominal
[OK]    2026-04-28T18:41:50Z  Digitizer_run1503_subrun298.csv  —  97 channels, all nominal
[OK]    2026-04-28T18:41:52Z  Digitizer_run1503_subrun325.csv  —  1 transient anomalous channel(s), streak not established  [window: 3 files]
                          ch4  method=statistical           max_z=6.23      if_score=-0.5307     features=[sideband_rms_mean]  [1/3 files]
[OK]    2026-04-28T18:41:54Z  Digitizer_run1503_subrun340.csv  —  97 channels, all nominal
[OK]    2026-04-28T18:41:57Z  Digitizer_run1503_subrun343.csv  —  97 channels, all nominal
[OK]    2026-04-28T18:41:59Z  Digitizer_run1503_subrun362.csv  —  97 channels, all nominal
[OK]    2026-04-28T18:42:01Z  Digitizer_run1503_subrun371.csv  —  2 transient anomalous channel(s), streak not established  [window: 3 files]
                         ch33  method=statistical           max_z=8.88      if_score=-0.5695     features=[nPulses_median]  [1/3 files]
                          ch9  method=isolation_forest      max_z=4.83      if_score=-0.5933     features=[]  [1/3 files]
[OK]    2026-04-28T18:42:03Z  Digitizer_run1503_subrun396.csv  —  97 channels, all nominal
[OK]    2026-04-28T18:42:06Z  Digitizer_run1503_subrun408.csv  —  1 transient anomalous channel(s), streak not established  [window: 3 files]
                          ch1  method=statistical           max_z=6.04      if_score=-0.4964     features=[nPulses_median]  [1/3 files]
[OK]    2026-04-28T18:42:08Z  Digitizer_run1503_subrun426.csv  —  97 channels, all nominal
[OK]    2026-04-28T18:42:11Z  Digitizer_run1503_subrun436.csv  —  97 channels, all nominal
[OK]    2026-04-28T18:42:13Z  Digitizer_run1503_subrun441.csv  —  97 channels, all nominal
[OK]    2026-04-28T18:42:15Z  Digitizer_run1503_subrun461.csv  —  97 channels, all nominal
[OK]    2026-04-28T18:42:17Z  Digitizer_run1503_subrun471.csv  —  97 channels, all nominal
[OK]    2026-04-28T18:42:19Z  Digitizer_run1503_subrun472.csv  —  97 channels, all nominal
[OK]    2026-04-28T18:42:22Z  Digitizer_run1503_subrun503.csv  —  1 transient anomalous channel(s), streak not established  [window: 3 files]
                         ch30  method=statistical           max_z=11.23     if_score=-0.4999     features=[nPulses_median]  [1/3 files]
[ALERT] 2026-04-28T18:42:24Z  Digitizer_run1503_subrun513.csv  —  extreme z=15.6 on ch21
                         ch20  method=statistical           max_z=13.62     if_score=-0.4916     features=[nPulses_median]  [1/3 files]
                         ch21  method=statistical           max_z=15.56     if_score=-0.5492     features=[nPulses_median]  [1/3 files]
[OK]    2026-04-28T18:42:26Z  Digitizer_run1503_subrun522.csv  —  1 transient anomalous channel(s), streak not established  [window: 3 files]
                         ch94  method=statistical+IF        max_z=9.22      if_score=-0.6053     features=[nPulses_median]  [1/3 files]
[OK]    2026-04-28T18:42:29Z  Digitizer_run1503_subrun529.csv  —  97 channels, all nominal
[OK]    2026-04-28T18:42:31Z  Digitizer_run1503_subrun571.csv  —  97 channels, all nominal
[OK]    2026-04-28T18:42:33Z  Digitizer_run1503_subrun590.csv  —  97 channels, all nominal
[OK]    2026-04-28T18:42:35Z  Digitizer_run1503_subrun621.csv  —  1 transient anomalous channel(s), streak not established  [window: 3 files]
                         ch85  method=statistical+IF        max_z=6.76      if_score=-0.6424     features=[pulseHeight_max_median;pulseArea_max_median]  [1/3 files]
[OK]    2026-04-28T18:42:38Z  Digitizer_run1503_subrun634.csv  —  97 channels, all nominal
[OK]    2026-04-28T18:42:40Z  Digitizer_run1503_subrun636.csv  —  97 channels, all nominal
[OK]    2026-04-28T18:42:42Z  Digitizer_run1503_subrun639.csv  —  2 transient anomalous channel(s), streak not established  [window: 3 files]
                         ch90  method=statistical           max_z=12.09     if_score=-0.5521     features=[nPulses_median]  [1/3 files]
                         ch95  method=statistical           max_z=7.37      if_score=-0.4757     features=[nPulses_median]  [1/3 files]
  --- 600/1398 files processed ---
[OK]    2026-04-28T18:42:45Z  Digitizer_run1503_subrun643.csv  —  97 channels, all nominal
[OK]    2026-04-28T18:42:47Z  Digitizer_run1503_subrun656.csv  —  97 channels, all nominal
[OK]    2026-04-28T18:42:49Z  Digitizer_run1503_subrun676.csv  —  97 channels, all nominal
[OK]    2026-04-28T18:42:52Z  Digitizer_run1503_subrun683.csv  —  1 transient anomalous channel(s), streak not established  [window: 3 files]
                         ch95  method=statistical           max_z=7.37      if_score=-0.4512     features=[nPulses_median]  [1/3 files]
  [run 1504] New run — channel history reset
[OK]    2026-04-28T18:42:54Z  Digitizer_run1504_subrun2.csv  —  97 channels, all nominal
[OK]    2026-04-28T18:42:56Z  Digitizer_run1504_subrun68.csv  —  97 channels, all nominal
[OK]    2026-04-28T18:42:59Z  Digitizer_run1504_subrun71.csv  —  97 channels, all nominal
[OK]    2026-04-28T18:43:01Z  Digitizer_run1504_subrun74.csv  —  97 channels, all nominal
[OK]    2026-04-28T18:43:03Z  Digitizer_run1504_subrun79.csv  —  97 channels, all nominal
[OK]    2026-04-28T18:43:05Z  Digitizer_run1504_subrun90.csv  —  1 transient anomalous channel(s), streak not established  [window: 3 files]
                         ch90  method=statistical           max_z=12.09     if_score=-0.4624     features=[nPulses_median]  [1/3 files]
[OK]    2026-04-28T18:43:07Z  Digitizer_run1504_subrun96.csv  —  1 transient anomalous channel(s), streak not established  [window: 3 files]
                          ch1  method=statistical           max_z=6.04      if_score=-0.4602     features=[nPulses_median]  [1/3 files]
[OK]    2026-04-28T18:43:10Z  Digitizer_run1504_subrun143.csv  —  97 channels, all nominal
[OK]    2026-04-28T18:43:12Z  Digitizer_run1504_subrun151.csv  —  97 channels, all nominal
[OK]    2026-04-28T18:43:15Z  Digitizer_run1504_subrun174.csv  —  97 channels, all nominal
[OK]    2026-04-28T18:43:17Z  Digitizer_run1504_subrun205.csv  —  97 channels, all nominal
[OK]    2026-04-28T18:43:19Z  Digitizer_run1504_subrun226.csv  —  97 channels, all nominal
[OK]    2026-04-28T18:43:21Z  Digitizer_run1504_subrun234.csv  —  1 transient anomalous channel(s), streak not established  [window: 3 files]
                         ch95  method=statistical           max_z=7.37      if_score=-0.4393     features=[nPulses_median]  [1/3 files]
[OK]    2026-04-28T18:43:24Z  Digitizer_run1504_subrun236.csv  —  97 channels, all nominal
[OK]    2026-04-28T18:43:26Z  Digitizer_run1504_subrun241.csv  —  1 transient anomalous channel(s), streak not established  [window: 3 files]
                         ch88  method=statistical           max_z=9.27      if_score=-0.432      features=[nPulses_median]  [1/3 files]
[OK]    2026-04-28T18:43:28Z  Digitizer_run1504_subrun249.csv  —  97 channels, all nominal
[OK]    2026-04-28T18:43:30Z  Digitizer_run1504_subrun251.csv  —  97 channels, all nominal
[OK]    2026-04-28T18:43:33Z  Digitizer_run1504_subrun252.csv  —  97 channels, all nominal
[OK]    2026-04-28T18:43:35Z  Digitizer_run1504_subrun257.csv  —  2 transient anomalous channel(s), streak not established  [window: 3 files]
                          ch9  method=statistical           max_z=11.23     if_score=-0.4788     features=[nPulses_median]  [1/3 files]
                         ch94  method=statistical           max_z=6.22      if_score=-0.5245     features=[pulseArea_max_median]  [1/3 files]
[OK]    2026-04-28T18:43:37Z  Digitizer_run1504_subrun271.csv  —  97 channels, all nominal
[OK]    2026-04-28T18:43:40Z  Digitizer_run1504_subrun277.csv  —  1 transient anomalous channel(s), streak not established  [window: 3 files]
                         ch20  method=statistical           max_z=6.77      if_score=-0.5003     features=[nPulses_median]  [1/3 files]
[OK]    2026-04-28T18:43:42Z  Digitizer_run1504_subrun292.csv  —  97 channels, all nominal
[OK]    2026-04-28T18:43:44Z  Digitizer_run1504_subrun299.csv  —  97 channels, all nominal
[OK]    2026-04-28T18:43:46Z  Digitizer_run1504_subrun300.csv  —  97 channels, all nominal
[OK]    2026-04-28T18:43:48Z  Digitizer_run1504_subrun309.csv  —  97 channels, all nominal
[OK]    2026-04-28T18:43:51Z  Digitizer_run1504_subrun316.csv  —  97 channels, all nominal
[OK]    2026-04-28T18:43:53Z  Digitizer_run1504_subrun329.csv  —  97 channels, all nominal
[OK]    2026-04-28T18:43:55Z  Digitizer_run1504_subrun336.csv  —  1 transient anomalous channel(s), streak not established  [window: 3 files]
                         ch95  method=statistical           max_z=7.37      if_score=-0.4535     features=[nPulses_median]  [1/3 files]
[OK]    2026-04-28T18:43:58Z  Digitizer_run1504_subrun350.csv  —  2 transient anomalous channel(s), streak not established  [window: 3 files]
                         ch18  method=statistical           max_z=6.58      if_score=-0.5292     features=[pulseArea_min_median]  [1/3 files]
                         ch40  method=statistical           max_z=6.45      if_score=-0.5275     features=[sideband_rms_mean]  [1/3 files]
[OK]    2026-04-28T18:44:00Z  Digitizer_run1504_subrun396.csv  —  97 channels, all nominal
[OK]    2026-04-28T18:44:02Z  Digitizer_run1504_subrun406.csv  —  97 channels, all nominal
[OK]    2026-04-28T18:44:04Z  Digitizer_run1504_subrun414.csv  —  1 transient anomalous channel(s), streak not established  [window: 3 files]
                          ch6  method=statistical           max_z=6.64      if_score=-0.4577     features=[nPulses_median]  [1/3 files]
[OK]    2026-04-28T18:44:06Z  Digitizer_run1504_subrun421.csv  —  97 channels, all nominal
[OK]    2026-04-28T18:44:09Z  Digitizer_run1504_subrun480.csv  —  97 channels, all nominal
[OK]    2026-04-28T18:44:11Z  Digitizer_run1504_subrun507.csv  —  97 channels, all nominal
[OK]    2026-04-28T18:44:13Z  Digitizer_run1504_subrun509.csv  —  1 transient anomalous channel(s), streak not established  [window: 3 files]
                          ch1  method=statistical           max_z=6.04      if_score=-0.4769     features=[nPulses_median]  [1/3 files]
[OK]    2026-04-28T18:44:15Z  Digitizer_run1504_subrun523.csv  —  97 channels, all nominal
[OK]    2026-04-28T18:44:17Z  Digitizer_run1504_subrun537.csv  —  1 transient anomalous channel(s), streak not established  [window: 3 files]
                         ch33  method=statistical           max_z=8.88      if_score=-0.4998     features=[nPulses_median]  [1/3 files]
[OK]    2026-04-28T18:44:20Z  Digitizer_run1504_subrun553.csv  —  97 channels, all nominal
[OK]    2026-04-28T18:44:22Z  Digitizer_run1504_subrun562.csv  —  97 channels, all nominal
[OK]    2026-04-28T18:44:24Z  Digitizer_run1504_subrun568.csv  —  97 channels, all nominal
[OK]    2026-04-28T18:44:26Z  Digitizer_run1504_subrun572.csv  —  1 transient anomalous channel(s), streak not established  [window: 3 files]
                         ch54  method=statistical           max_z=9.67      if_score=-0.5157     features=[pulseHeight_max_median;pulseArea_max_median]  [1/3 files]
[OK]    2026-04-28T18:44:29Z  Digitizer_run1504_subrun573.csv  —  3 transient anomalous channel(s), streak not established  [window: 3 files]
                         ch34  method=statistical           max_z=9.03      if_score=-0.5176     features=[sideband_mean_mean]  [1/3 files]
                         ch35  method=statistical           max_z=7.49      if_score=-0.5215     features=[sideband_mean_mean]  [1/3 files]
                         ch95  method=statistical           max_z=7.37      if_score=-0.488      features=[nPulses_median]  [1/3 files]
[OK]    2026-04-28T18:44:31Z  Digitizer_run1504_subrun586.csv  —  97 channels, all nominal
[OK]    2026-04-28T18:44:33Z  Digitizer_run1504_subrun590.csv  —  97 channels, all nominal
[OK]    2026-04-28T18:44:35Z  Digitizer_run1504_subrun595.csv  —  97 channels, all nominal
[OK]    2026-04-28T18:44:37Z  Digitizer_run1504_subrun597.csv  —  2 transient anomalous channel(s), streak not established  [window: 3 files]
                         ch16  method=statistical           max_z=6.88      if_score=-0.5226     features=[pulseArea_min_median]  [1/3 files]
                         ch17  method=statistical           max_z=8.26      if_score=-0.5284     features=[pulseArea_min_median]  [1/3 files]
[OK]    2026-04-28T18:44:39Z  Digitizer_run1504_subrun617.csv  —  97 channels, all nominal
[OK]    2026-04-28T18:44:41Z  Digitizer_run1504_subrun619.csv  —  97 channels, all nominal
[OK]    2026-04-28T18:44:44Z  Digitizer_run1504_subrun621.csv  —  1 transient anomalous channel(s), streak not established  [window: 3 files]
                         ch94  method=statistical           max_z=9.22      if_score=-0.4571     features=[nPulses_median]  [1/3 files]
[OK]    2026-04-28T18:44:46Z  Digitizer_run1504_subrun640.csv  —  1 transient anomalous channel(s), streak not established  [window: 3 files]
                          ch9  method=statistical           max_z=11.23     if_score=-0.5176     features=[nPulses_median]  [1/3 files]
[OK]    2026-04-28T18:44:48Z  Digitizer_run1504_subrun647.csv  —  97 channels, all nominal
[OK]    2026-04-28T18:44:50Z  Digitizer_run1504_subrun649.csv  —  97 channels, all nominal
[OK]    2026-04-28T18:44:52Z  Digitizer_run1504_subrun650.csv  —  97 channels, all nominal
  [run 1505] New run — channel history reset
[OK]    2026-04-28T18:44:54Z  Digitizer_run1505_subrun10.csv  —  97 channels, all nominal
[OK]    2026-04-28T18:44:56Z  Digitizer_run1505_subrun15.csv  —  97 channels, all nominal
[OK]    2026-04-28T18:44:58Z  Digitizer_run1505_subrun26.csv  —  1 transient anomalous channel(s), streak not established  [window: 3 files]
                         ch48  method=statistical           max_z=11.79     if_score=-0.4667     features=[nPulses_median]  [1/3 files]
[OK]    2026-04-28T18:45:00Z  Digitizer_run1505_subrun35.csv  —  97 channels, all nominal
[OK]    2026-04-28T18:45:02Z  Digitizer_run1505_subrun41.csv  —  97 channels, all nominal
[OK]    2026-04-28T18:45:05Z  Digitizer_run1505_subrun47.csv  —  97 channels, all nominal
[OK]    2026-04-28T18:45:07Z  Digitizer_run1505_subrun48.csv  —  97 channels, all nominal
[OK]    2026-04-28T18:45:09Z  Digitizer_run1505_subrun50.csv  —  97 channels, all nominal
[OK]    2026-04-28T18:45:11Z  Digitizer_run1505_subrun74.csv  —  97 channels, all nominal
[OK]    2026-04-28T18:45:13Z  Digitizer_run1505_subrun87.csv  —  97 channels, all nominal
[OK]    2026-04-28T18:45:15Z  Digitizer_run1505_subrun92.csv  —  97 channels, all nominal
[OK]    2026-04-28T18:45:17Z  Digitizer_run1505_subrun101.csv  —  1 transient anomalous channel(s), streak not established  [window: 3 files]
                         ch95  method=statistical           max_z=7.37      if_score=-0.4784     features=[nPulses_median]  [1/3 files]
[OK]    2026-04-28T18:45:19Z  Digitizer_run1505_subrun102.csv  —  97 channels, all nominal
  [run 1506] New run — channel history reset
[OK]    2026-04-28T18:45:21Z  Digitizer_run1506_subrun6.csv  —  97 channels, all nominal
[OK]    2026-04-28T18:45:23Z  Digitizer_run1506_subrun21.csv  —  97 channels, all nominal
[OK]    2026-04-28T18:45:26Z  Digitizer_run1506_subrun41.csv  —  97 channels, all nominal
[OK]    2026-04-28T18:45:28Z  Digitizer_run1506_subrun48.csv  —  97 channels, all nominal
[OK]    2026-04-28T18:45:30Z  Digitizer_run1506_subrun49.csv  —  97 channels, all nominal
[OK]    2026-04-28T18:45:32Z  Digitizer_run1506_subrun58.csv  —  1 transient anomalous channel(s), streak not established  [window: 3 files]
                         ch30  method=statistical           max_z=11.23     if_score=-0.4583     features=[nPulses_median]  [1/3 files]
[ALERT] 2026-04-28T18:45:34Z  Digitizer_run1506_subrun63.csv  —  extreme z=15.9 on ch91
                         ch91  method=statistical           max_z=15.91     if_score=-0.4555     features=[nPulses_median]  [1/3 files]
[OK]    2026-04-28T18:45:36Z  Digitizer_run1506_subrun69.csv  —  97 channels, all nominal
  [run 1507] New run — channel history reset
[OK]    2026-04-28T18:45:38Z  Digitizer_run1507_subrun32.csv  —  97 channels, all nominal
[OK]    2026-04-28T18:45:40Z  Digitizer_run1507_subrun35.csv  —  97 channels, all nominal
[OK]    2026-04-28T18:45:42Z  Digitizer_run1507_subrun40.csv  —  1 transient anomalous channel(s), streak not established  [window: 3 files]
                         ch20  method=statistical           max_z=13.62     if_score=-0.5102     features=[nPulses_median]  [1/3 files]
[OK]    2026-04-28T18:45:44Z  Digitizer_run1507_subrun49.csv  —  97 channels, all nominal
[OK]    2026-04-28T18:45:46Z  Digitizer_run1507_subrun50.csv  —  97 channels, all nominal
[OK]    2026-04-28T18:45:48Z  Digitizer_run1507_subrun55.csv  —  97 channels, all nominal
[OK]    2026-04-28T18:45:50Z  Digitizer_run1507_subrun73.csv  —  97 channels, all nominal
[OK]    2026-04-28T18:45:52Z  Digitizer_run1507_subrun79.csv  —  97 channels, all nominal
[OK]    2026-04-28T18:45:55Z  Digitizer_run1507_subrun83.csv  —  97 channels, all nominal
[OK]    2026-04-28T18:45:57Z  Digitizer_run1507_subrun91.csv  —  97 channels, all nominal
[OK]    2026-04-28T18:45:59Z  Digitizer_run1507_subrun97.csv  —  97 channels, all nominal
[OK]    2026-04-28T18:46:01Z  Digitizer_run1507_subrun99.csv  —  1 transient anomalous channel(s), streak not established  [window: 3 files]
                         ch94  method=statistical           max_z=9.22      if_score=-0.5666     features=[nPulses_median]  [1/3 files]
  [run 1514] New run — channel history reset
[OK]    2026-04-28T18:46:03Z  Digitizer_run1514_subrun5.csv  —  97 channels, all nominal
[OK]    2026-04-28T18:46:05Z  Digitizer_run1514_subrun31.csv  —  97 channels, all nominal
[OK]    2026-04-28T18:46:07Z  Digitizer_run1514_subrun37.csv  —  1 transient anomalous channel(s), streak not established  [window: 3 files]
                          ch1  method=statistical           max_z=6.04      if_score=-0.4524     features=[nPulses_median]  [1/3 files]
[OK]    2026-04-28T18:46:09Z  Digitizer_run1514_subrun57.csv  —  97 channels, all nominal
[OK]    2026-04-28T18:46:11Z  Digitizer_run1514_subrun73.csv  —  97 channels, all nominal
[OK]    2026-04-28T18:46:13Z  Digitizer_run1514_subrun84.csv  —  97 channels, all nominal
[OK]    2026-04-28T18:46:15Z  Digitizer_run1514_subrun85.csv  —  2 transient anomalous channel(s), streak not established  [window: 3 files]
                         ch84  method=statistical           max_z=7.35      if_score=-0.4875     features=[sideband_rms_mean]  [1/3 files]
                         ch85  method=statistical           max_z=6.07      if_score=-0.4923     features=[sideband_rms_mean]  [1/3 files]
[OK]    2026-04-28T18:46:17Z  Digitizer_run1514_subrun89.csv  —  97 channels, all nominal
[OK]    2026-04-28T18:46:19Z  Digitizer_run1514_subrun92.csv  —  97 channels, all nominal
  --- 700/1398 files processed ---
[OK]    2026-04-28T18:46:21Z  Digitizer_run1514_subrun108.csv  —  97 channels, all nominal
[OK]    2026-04-28T18:46:23Z  Digitizer_run1514_subrun110.csv  —  97 channels, all nominal
[OK]    2026-04-28T18:46:25Z  Digitizer_run1514_subrun129.csv  —  97 channels, all nominal
[OK]    2026-04-28T18:46:27Z  Digitizer_run1514_subrun133.csv  —  97 channels, all nominal
[OK]    2026-04-28T18:46:29Z  Digitizer_run1514_subrun145.csv  —  1 transient anomalous channel(s), streak not established  [window: 3 files]
                         ch62  method=statistical           max_z=6.27      if_score=-0.5451     features=[pulseArea_max_median]  [1/3 files]
[OK]    2026-04-28T18:46:32Z  Digitizer_run1514_subrun169.csv  —  97 channels, all nominal
[OK]    2026-04-28T18:46:34Z  Digitizer_run1514_subrun177.csv  —  1 transient anomalous channel(s), streak not established  [window: 3 files]
                         ch26  method=statistical           max_z=12.25     if_score=-0.464      features=[nPulses_median]  [1/3 files]
[OK]    2026-04-28T18:46:36Z  Digitizer_run1514_subrun186.csv  —  97 channels, all nominal
[OK]    2026-04-28T18:46:38Z  Digitizer_run1514_subrun190.csv  —  97 channels, all nominal
[OK]    2026-04-28T18:46:40Z  Digitizer_run1514_subrun202.csv  —  97 channels, all nominal
[OK]    2026-04-28T18:46:42Z  Digitizer_run1514_subrun203.csv  —  97 channels, all nominal
[OK]    2026-04-28T18:46:44Z  Digitizer_run1514_subrun207.csv  —  97 channels, all nominal
[OK]    2026-04-28T18:46:46Z  Digitizer_run1514_subrun208.csv  —  1 transient anomalous channel(s), streak not established  [window: 3 files]
                         ch94  method=statistical           max_z=9.22      if_score=-0.4555     features=[nPulses_median]  [1/3 files]
[OK]    2026-04-28T18:46:49Z  Digitizer_run1514_subrun211.csv  —  97 channels, all nominal
[OK]    2026-04-28T18:46:51Z  Digitizer_run1514_subrun216.csv  —  97 channels, all nominal
[OK]    2026-04-28T18:46:53Z  Digitizer_run1514_subrun239.csv  —  97 channels, all nominal
[OK]    2026-04-28T18:46:55Z  Digitizer_run1514_subrun244.csv  —  97 channels, all nominal
[OK]    2026-04-28T18:46:57Z  Digitizer_run1514_subrun245.csv  —  97 channels, all nominal
[OK]    2026-04-28T18:46:59Z  Digitizer_run1514_subrun246.csv  —  97 channels, all nominal
[OK]    2026-04-28T18:47:01Z  Digitizer_run1514_subrun262.csv  —  1 transient anomalous channel(s), streak not established  [window: 3 files]
                         ch94  method=statistical           max_z=9.22      if_score=-0.4956     features=[nPulses_median]  [1/3 files]
[ALERT] 2026-04-28T18:47:03Z  Digitizer_run1514_subrun273.csv  —  37/97 anomalous ch  [bulk ≥5]  |  extreme z=26.4 on ch12
                          ch0  method=statistical           max_z=8.51      if_score=-0.474      features=[nPulses_std]  [1/3 files]
                          ch1  method=statistical           max_z=7.2       if_score=-0.5548     features=[nPulses_std;nPulses_median]  [1/3 files]
                         ch10  method=statistical           max_z=10.89     if_score=-0.4923     features=[nPulses_mean;nPulses_std]  [1/3 files]
                         ch11  method=statistical           max_z=11.7      if_score=-0.5599     features=[nPulses_mean;nPulses_std;nPulses_median]  [1/3 files]
                         ch12  method=statistical           max_z=26.42     if_score=-0.5033     features=[nPulses_median]  [1/3 files]
                         ch13  method=statistical           max_z=12.71     if_score=-0.4735     features=[nPulses_mean;nPulses_std]  [1/3 files]
                         ch15  method=statistical           max_z=11.18     if_score=-0.5228     features=[nPulses_mean;nPulses_std]  [1/3 files]
                         ch16  method=statistical           max_z=8.06      if_score=-0.5257     features=[nPulses_mean;nPulses_std]  [1/3 files]
                         ch18  method=statistical           max_z=13.7      if_score=-0.4832     features=[nPulses_mean;nPulses_std]  [1/3 files]
                          ch2  method=statistical           max_z=14.5      if_score=-0.4843     features=[nPulses_mean;nPulses_std]  [1/3 files]
                         ch20  method=statistical           max_z=6.26      if_score=-0.4406     features=[nPulses_std]  [1/3 files]
                         ch23  method=statistical           max_z=8.41      if_score=-0.4609     features=[nPulses_mean;nPulses_std]  [1/3 files]
                         ch26  method=statistical           max_z=14.93     if_score=-0.4627     features=[nPulses_mean;nPulses_std]  [1/3 files]
                          ch3  method=statistical           max_z=8.55      if_score=-0.4789     features=[nPulses_mean;nPulses_std]  [1/3 files]
                         ch30  method=statistical+IF        max_z=11.23     if_score=-0.6002     features=[nPulses_mean;nPulses_std;nPulses_median]  [1/3 files]
                         ch31  method=statistical           max_z=11.21     if_score=-0.557      features=[nPulses_mean;nPulses_std]  [1/3 files]
                         ch32  method=statistical           max_z=8.68      if_score=-0.445      features=[nPulses_std]  [1/3 files]
                         ch37  method=statistical           max_z=10.07     if_score=-0.4797     features=[nPulses_mean;nPulses_std]  [1/3 files]
                         ch38  method=statistical           max_z=10.53     if_score=-0.4812     features=[nPulses_mean;nPulses_std]  [1/3 files]
                          ch4  method=statistical           max_z=9.76      if_score=-0.4895     features=[nPulses_mean;nPulses_std]  [1/3 files]
                         ch40  method=statistical           max_z=8.58      if_score=-0.4455     features=[nPulses_std]  [1/3 files]
                         ch42  method=statistical           max_z=7.01      if_score=-0.4926     features=[nPulses_mean;nPulses_std]  [1/3 files]
                         ch44  method=statistical           max_z=6.04      if_score=-0.5237     features=[nPulses_std]  [1/3 files]
                         ch45  method=statistical           max_z=7.13      if_score=-0.5191     features=[nPulses_std]  [1/3 files]
                         ch47  method=statistical           max_z=6.16      if_score=-0.5797     features=[nPulses_std]  [1/3 files]
                         ch48  method=statistical           max_z=16.81     if_score=-0.5098     features=[nPulses_mean;nPulses_std]  [1/3 files]
                         ch50  method=statistical           max_z=7.55      if_score=-0.5081     features=[nPulses_std]  [1/3 files]
                         ch53  method=statistical           max_z=9.49      if_score=-0.4509     features=[nPulses_std]  [1/3 files]
                         ch57  method=statistical           max_z=8.69      if_score=-0.426      features=[nPulses_std]  [1/3 files]
                         ch59  method=statistical           max_z=10.23     if_score=-0.5045     features=[nPulses_std]  [1/3 files]
                          ch6  method=statistical           max_z=18.16     if_score=-0.5219     features=[nPulses_mean;nPulses_std;nPulses_median]  [1/3 files]
                         ch61  method=statistical           max_z=9.06      if_score=-0.4886     features=[nPulses_std]  [1/3 files]
                         ch63  method=statistical           max_z=13.6      if_score=-0.4675     features=[nPulses_mean;nPulses_std]  [1/3 files]
                          ch7  method=statistical           max_z=10.23     if_score=-0.4415     features=[nPulses_mean;nPulses_std]  [1/3 files]
                          ch8  method=statistical           max_z=14.87     if_score=-0.4987     features=[nPulses_mean;nPulses_std]  [1/3 files]
                         ch84  method=statistical           max_z=6.73      if_score=-0.446      features=[nPulses_std]  [1/3 files]
                         ch95  method=statistical           max_z=7.37      if_score=-0.4343     features=[nPulses_median]  [1/3 files]
[OK]    2026-04-28T18:47:06Z  Digitizer_run1514_subrun280.csv  —  97 channels, all nominal
[OK]    2026-04-28T18:47:08Z  Digitizer_run1514_subrun283.csv  —  2 transient anomalous channel(s), streak not established  [window: 3 files]
                         ch19  method=isolation_forest      max_z=5.58      if_score=-0.6012     features=[]  [1/3 files]
                         ch30  method=statistical           max_z=6.75      if_score=-0.5625     features=[pulseHeight_min_median;pulseArea_min_median]  [2/3 files]
[OK]    2026-04-28T18:47:09Z  Digitizer_run1514_subrun317.csv  —  97 channels, all nominal
[OK]    2026-04-28T18:47:12Z  Digitizer_run1514_subrun323.csv  —  97 channels, all nominal
[OK]    2026-04-28T18:47:14Z  Digitizer_run1514_subrun326.csv  —  97 channels, all nominal
[OK]    2026-04-28T18:47:16Z  Digitizer_run1514_subrun335.csv  —  97 channels, all nominal
[OK]    2026-04-28T18:47:18Z  Digitizer_run1514_subrun336.csv  —  97 channels, all nominal
[OK]    2026-04-28T18:47:20Z  Digitizer_run1514_subrun343.csv  —  1 transient anomalous channel(s), streak not established  [window: 3 files]
                         ch26  method=statistical           max_z=12.25     if_score=-0.542      features=[nPulses_median]  [1/3 files]
[OK]    2026-04-28T18:47:22Z  Digitizer_run1514_subrun345.csv  —  97 channels, all nominal
[OK]    2026-04-28T18:47:25Z  Digitizer_run1514_subrun353.csv  —  97 channels, all nominal
[OK]    2026-04-28T18:47:27Z  Digitizer_run1514_subrun362.csv  —  2 transient anomalous channel(s), streak not established  [window: 3 files]
                         ch11  method=statistical           max_z=10.86     if_score=-0.5094     features=[nPulses_median]  [1/3 files]
                         ch62  method=statistical           max_z=7.03      if_score=-0.5124     features=[pulseArea_max_median]  [1/3 files]
[OK]    2026-04-28T18:47:29Z  Digitizer_run1514_subrun407.csv  —  97 channels, all nominal
[OK]    2026-04-28T18:47:31Z  Digitizer_run1514_subrun420.csv  —  97 channels, all nominal
  [run 1520] New run — channel history reset
[OK]    2026-04-28T18:47:33Z  Digitizer_run1520_subrun21.csv  —  97 channels, all nominal
[OK]    2026-04-28T18:47:35Z  Digitizer_run1520_subrun29.csv  —  97 channels, all nominal
[OK]    2026-04-28T18:47:37Z  Digitizer_run1520_subrun38.csv  —  97 channels, all nominal
  [run 1528] New run — channel history reset
[OK]    2026-04-28T18:47:39Z  Digitizer_run1528_subrun9.csv  —  97 channels, all nominal
[OK]    2026-04-28T18:47:41Z  Digitizer_run1528_subrun17.csv  —  97 channels, all nominal
[OK]    2026-04-28T18:47:43Z  Digitizer_run1528_subrun21.csv  —  97 channels, all nominal
[OK]    2026-04-28T18:47:45Z  Digitizer_run1528_subrun33.csv  —  97 channels, all nominal
[OK]    2026-04-28T18:47:47Z  Digitizer_run1528_subrun64.csv  —  97 channels, all nominal
[OK]    2026-04-28T18:47:50Z  Digitizer_run1528_subrun69.csv  —  97 channels, all nominal
[OK]    2026-04-28T18:47:52Z  Digitizer_run1528_subrun70.csv  —  97 channels, all nominal
[OK]    2026-04-28T18:47:54Z  Digitizer_run1528_subrun74.csv  —  97 channels, all nominal
[OK]    2026-04-28T18:47:56Z  Digitizer_run1528_subrun85.csv  —  97 channels, all nominal
[OK]    2026-04-28T18:47:58Z  Digitizer_run1528_subrun87.csv  —  97 channels, all nominal
[OK]    2026-04-28T18:48:00Z  Digitizer_run1528_subrun90.csv  —  97 channels, all nominal
[OK]    2026-04-28T18:48:02Z  Digitizer_run1528_subrun96.csv  —  97 channels, all nominal
[OK]    2026-04-28T18:48:04Z  Digitizer_run1528_subrun97.csv  —  97 channels, all nominal
[OK]    2026-04-28T18:48:06Z  Digitizer_run1528_subrun114.csv  —  97 channels, all nominal
[OK]    2026-04-28T18:48:08Z  Digitizer_run1528_subrun119.csv  —  97 channels, all nominal
[OK]    2026-04-28T18:48:10Z  Digitizer_run1528_subrun122.csv  —  97 channels, all nominal
[OK]    2026-04-28T18:48:12Z  Digitizer_run1528_subrun127.csv  —  97 channels, all nominal
[OK]    2026-04-28T18:48:14Z  Digitizer_run1528_subrun144.csv  —  97 channels, all nominal
[OK]    2026-04-28T18:48:16Z  Digitizer_run1528_subrun153.csv  —  97 channels, all nominal
[OK]    2026-04-28T18:48:18Z  Digitizer_run1528_subrun163.csv  —  1 transient anomalous channel(s), streak not established  [window: 3 files]
                         ch95  method=statistical           max_z=7.37      if_score=-0.4924     features=[nPulses_median]  [1/3 files]
[OK]    2026-04-28T18:48:20Z  Digitizer_run1528_subrun168.csv  —  1 transient anomalous channel(s), streak not established  [window: 3 files]
                          ch1  method=statistical           max_z=6.04      if_score=-0.4695     features=[nPulses_median]  [1/3 files]
[OK]    2026-04-28T18:48:23Z  Digitizer_run1528_subrun177.csv  —  1 transient anomalous channel(s), streak not established  [window: 3 files]
                         ch43  method=statistical           max_z=6.61      if_score=-0.4926     features=[sideband_rms_mean]  [1/3 files]
[OK]    2026-04-28T18:48:25Z  Digitizer_run1528_subrun198.csv  —  97 channels, all nominal
[OK]    2026-04-28T18:48:27Z  Digitizer_run1528_subrun202.csv  —  97 channels, all nominal
[OK]    2026-04-28T18:48:29Z  Digitizer_run1528_subrun207.csv  —  97 channels, all nominal
[OK]    2026-04-28T18:48:31Z  Digitizer_run1528_subrun211.csv  —  1 transient anomalous channel(s), streak not established  [window: 3 files]
                         ch20  method=statistical           max_z=6.77      if_score=-0.4843     features=[nPulses_median]  [1/3 files]
[OK]    2026-04-28T18:48:33Z  Digitizer_run1528_subrun217.csv  —  97 channels, all nominal
[OK]    2026-04-28T18:48:35Z  Digitizer_run1528_subrun249.csv  —  1 transient anomalous channel(s), streak not established  [window: 3 files]
                          ch1  method=statistical           max_z=6.04      if_score=-0.4477     features=[nPulses_median]  [1/3 files]
[OK]    2026-04-28T18:48:38Z  Digitizer_run1528_subrun250.csv  —  97 channels, all nominal
[ALERT] 2026-04-28T18:48:40Z  Digitizer_run1528_subrun251.csv  —  extreme z=18.1 on ch40
                         ch40  method=statistical           max_z=18.11     if_score=-0.5216     features=[nPulses_median]  [1/3 files]
[OK]    2026-04-28T18:48:42Z  Digitizer_run1528_subrun254.csv  —  97 channels, all nominal
[OK]    2026-04-28T18:48:44Z  Digitizer_run1528_subrun256.csv  —  97 channels, all nominal
[OK]    2026-04-28T18:48:46Z  Digitizer_run1528_subrun257.csv  —  97 channels, all nominal
[OK]    2026-04-28T18:48:48Z  Digitizer_run1528_subrun271.csv  —  1 transient anomalous channel(s), streak not established  [window: 3 files]
                         ch84  method=statistical           max_z=6.69      if_score=-0.5047     features=[pulseArea_min_median]  [1/3 files]
[OK]    2026-04-28T18:48:51Z  Digitizer_run1528_subrun289.csv  —  97 channels, all nominal
[OK]    2026-04-28T18:48:53Z  Digitizer_run1528_subrun295.csv  —  97 channels, all nominal
[OK]    2026-04-28T18:48:55Z  Digitizer_run1528_subrun306.csv  —  97 channels, all nominal
[OK]    2026-04-28T18:48:57Z  Digitizer_run1528_subrun317.csv  —  97 channels, all nominal
[OK]    2026-04-28T18:48:59Z  Digitizer_run1528_subrun328.csv  —  97 channels, all nominal
[OK]    2026-04-28T18:49:01Z  Digitizer_run1528_subrun330.csv  —  97 channels, all nominal
[OK]    2026-04-28T18:49:04Z  Digitizer_run1528_subrun337.csv  —  97 channels, all nominal
[OK]    2026-04-28T18:49:06Z  Digitizer_run1528_subrun338.csv  —  97 channels, all nominal
[OK]    2026-04-28T18:49:08Z  Digitizer_run1528_subrun343.csv  —  97 channels, all nominal
[OK]    2026-04-28T18:49:10Z  Digitizer_run1528_subrun346.csv  —  97 channels, all nominal
[OK]    2026-04-28T18:49:12Z  Digitizer_run1528_subrun349.csv  —  2 transient anomalous channel(s), streak not established  [window: 3 files]
                         ch11  method=statistical           max_z=10.86     if_score=-0.4515     features=[nPulses_median]  [1/3 files]
                          ch6  method=statistical           max_z=6.64      if_score=-0.4923     features=[nPulses_median]  [1/3 files]
[OK]    2026-04-28T18:49:14Z  Digitizer_run1528_subrun374.csv  —  97 channels, all nominal
[OK]    2026-04-28T18:49:16Z  Digitizer_run1528_subrun382.csv  —  97 channels, all nominal
[OK]    2026-04-28T18:49:18Z  Digitizer_run1528_subrun387.csv  —  97 channels, all nominal
[OK]    2026-04-28T18:49:20Z  Digitizer_run1528_subrun390.csv  —  97 channels, all nominal
[OK]    2026-04-28T18:49:23Z  Digitizer_run1528_subrun391.csv  —  1 transient anomalous channel(s), streak not established  [window: 3 files]
                         ch26  method=statistical           max_z=12.25     if_score=-0.5322     features=[nPulses_median]  [1/3 files]
[OK]    2026-04-28T18:49:25Z  Digitizer_run1528_subrun396.csv  —  97 channels, all nominal
[OK]    2026-04-28T18:49:27Z  Digitizer_run1528_subrun415.csv  —  97 channels, all nominal
[OK]    2026-04-28T18:49:29Z  Digitizer_run1528_subrun422.csv  —  97 channels, all nominal
[OK]    2026-04-28T18:49:31Z  Digitizer_run1528_subrun425.csv  —  97 channels, all nominal
[OK]    2026-04-28T18:49:33Z  Digitizer_run1528_subrun438.csv  —  97 channels, all nominal
[OK]    2026-04-28T18:49:35Z  Digitizer_run1528_subrun449.csv  —  97 channels, all nominal
[OK]    2026-04-28T18:49:37Z  Digitizer_run1528_subrun452.csv  —  97 channels, all nominal
  [run 1529] New run — channel history reset
[OK]    2026-04-28T18:49:39Z  Digitizer_run1529_subrun12.csv  —  1 transient anomalous channel(s), streak not established  [window: 3 files]
                         ch17  method=statistical           max_z=9.81      if_score=-0.5444     features=[pulseHeight_min_median;pulseArea_min_median]  [1/3 files]
[OK]    2026-04-28T18:49:41Z  Digitizer_run1529_subrun28.csv  —  97 channels, all nominal
[OK]    2026-04-28T18:49:43Z  Digitizer_run1529_subrun72.csv  —  97 channels, all nominal
  [run 1530] New run — channel history reset
[OK]    2026-04-28T18:49:45Z  Digitizer_run1530_subrun8.csv  —  97 channels, all nominal
[OK]    2026-04-28T18:49:48Z  Digitizer_run1530_subrun24.csv  —  97 channels, all nominal
[OK]    2026-04-28T18:49:50Z  Digitizer_run1530_subrun36.csv  —  97 channels, all nominal
  --- 800/1398 files processed ---
[OK]    2026-04-28T18:49:52Z  Digitizer_run1530_subrun38.csv  —  97 channels, all nominal
  [run 1532] New run — channel history reset
[OK]    2026-04-28T18:49:54Z  Digitizer_run1532_subrun3.csv  —  97 channels, all nominal
[OK]    2026-04-28T18:49:56Z  Digitizer_run1532_subrun5.csv  —  97 channels, all nominal
[OK]    2026-04-28T18:49:58Z  Digitizer_run1532_subrun17.csv  —  97 channels, all nominal
[OK]    2026-04-28T18:50:00Z  Digitizer_run1532_subrun20.csv  —  97 channels, all nominal
[OK]    2026-04-28T18:50:03Z  Digitizer_run1532_subrun26.csv  —  97 channels, all nominal
[OK]    2026-04-28T18:50:05Z  Digitizer_run1532_subrun37.csv  —  97 channels, all nominal
[OK]    2026-04-28T18:50:08Z  Digitizer_run1532_subrun53.csv  —  97 channels, all nominal
[OK]    2026-04-28T18:50:10Z  Digitizer_run1532_subrun59.csv  —  1 transient anomalous channel(s), streak not established  [window: 3 files]
                         ch30  method=statistical           max_z=11.23     if_score=-0.4807     features=[nPulses_median]  [1/3 files]
[OK]    2026-04-28T18:50:13Z  Digitizer_run1532_subrun64.csv  —  97 channels, all nominal
[OK]    2026-04-28T18:50:15Z  Digitizer_run1532_subrun69.csv  —  97 channels, all nominal
[OK]    2026-04-28T18:50:17Z  Digitizer_run1532_subrun70.csv  —  97 channels, all nominal
[OK]    2026-04-28T18:50:19Z  Digitizer_run1532_subrun87.csv  —  97 channels, all nominal
[OK]    2026-04-28T18:50:21Z  Digitizer_run1532_subrun97.csv  —  97 channels, all nominal
[OK]    2026-04-28T18:50:23Z  Digitizer_run1532_subrun107.csv  —  97 channels, all nominal
[OK]    2026-04-28T18:50:25Z  Digitizer_run1532_subrun108.csv  —  1 transient anomalous channel(s), streak not established  [window: 3 files]
                         ch52  method=isolation_forest      max_z=4.58      if_score=-0.5972     features=[]  [1/3 files]
[OK]    2026-04-28T18:50:27Z  Digitizer_run1532_subrun122.csv  —  97 channels, all nominal
[OK]    2026-04-28T18:50:29Z  Digitizer_run1532_subrun151.csv  —  1 transient anomalous channel(s), streak not established  [window: 3 files]
                         ch88  method=statistical           max_z=9.27      if_score=-0.4592     features=[nPulses_median]  [1/3 files]
[OK]    2026-04-28T18:50:31Z  Digitizer_run1532_subrun158.csv  —  97 channels, all nominal
[OK]    2026-04-28T18:50:33Z  Digitizer_run1532_subrun166.csv  —  97 channels, all nominal
[OK]    2026-04-28T18:50:35Z  Digitizer_run1532_subrun167.csv  —  1 transient anomalous channel(s), streak not established  [window: 3 files]
                         ch88  method=statistical           max_z=9.27      if_score=-0.4507     features=[nPulses_median]  [1/3 files]
[OK]    2026-04-28T18:50:38Z  Digitizer_run1532_subrun184.csv  —  97 channels, all nominal
[OK]    2026-04-28T18:50:40Z  Digitizer_run1532_subrun186.csv  —  1 transient anomalous channel(s), streak not established  [window: 3 files]
                         ch88  method=statistical           max_z=9.27      if_score=-0.4613     features=[nPulses_median]  [2/3 files]
[OK]    2026-04-28T18:50:42Z  Digitizer_run1532_subrun235.csv  —  97 channels, all nominal
[OK]    2026-04-28T18:50:44Z  Digitizer_run1532_subrun237.csv  —  97 channels, all nominal
[OK]    2026-04-28T18:50:46Z  Digitizer_run1532_subrun249.csv  —  1 transient anomalous channel(s), streak not established  [window: 3 files]
                         ch89  method=statistical           max_z=7.57      if_score=-0.4688     features=[nPulses_std]  [1/3 files]
[OK]    2026-04-28T18:50:48Z  Digitizer_run1532_subrun269.csv  —  97 channels, all nominal
[OK]    2026-04-28T18:50:50Z  Digitizer_run1532_subrun271.csv  —  97 channels, all nominal
[OK]    2026-04-28T18:50:53Z  Digitizer_run1532_subrun299.csv  —  97 channels, all nominal
[OK]    2026-04-28T18:50:55Z  Digitizer_run1532_subrun308.csv  —  97 channels, all nominal
[OK]    2026-04-28T18:50:57Z  Digitizer_run1532_subrun340.csv  —  97 channels, all nominal
[OK]    2026-04-28T18:50:59Z  Digitizer_run1532_subrun349.csv  —  97 channels, all nominal
[OK]    2026-04-28T18:51:01Z  Digitizer_run1532_subrun350.csv  —  97 channels, all nominal
[OK]    2026-04-28T18:51:03Z  Digitizer_run1532_subrun358.csv  —  97 channels, all nominal
[OK]    2026-04-28T18:51:05Z  Digitizer_run1532_subrun359.csv  —  97 channels, all nominal
[OK]    2026-04-28T18:51:08Z  Digitizer_run1532_subrun378.csv  —  97 channels, all nominal
[OK]    2026-04-28T18:51:10Z  Digitizer_run1532_subrun387.csv  —  97 channels, all nominal
[OK]    2026-04-28T18:51:12Z  Digitizer_run1532_subrun388.csv  —  97 channels, all nominal
[OK]    2026-04-28T18:51:14Z  Digitizer_run1532_subrun390.csv  —  97 channels, all nominal
[OK]    2026-04-28T18:51:16Z  Digitizer_run1532_subrun397.csv  —  97 channels, all nominal
[OK]    2026-04-28T18:51:18Z  Digitizer_run1532_subrun407.csv  —  97 channels, all nominal
[OK]    2026-04-28T18:51:21Z  Digitizer_run1532_subrun416.csv  —  97 channels, all nominal
[OK]    2026-04-28T18:51:23Z  Digitizer_run1532_subrun418.csv  —  97 channels, all nominal
[OK]    2026-04-28T18:51:25Z  Digitizer_run1532_subrun445.csv  —  97 channels, all nominal
[OK]    2026-04-28T18:51:27Z  Digitizer_run1532_subrun449.csv  —  97 channels, all nominal
[OK]    2026-04-28T18:51:30Z  Digitizer_run1532_subrun493.csv  —  97 channels, all nominal
[OK]    2026-04-28T18:51:32Z  Digitizer_run1532_subrun501.csv  —  97 channels, all nominal
[OK]    2026-04-28T18:51:34Z  Digitizer_run1532_subrun515.csv  —  97 channels, all nominal
[OK]    2026-04-28T18:51:36Z  Digitizer_run1532_subrun534.csv  —  97 channels, all nominal
[OK]    2026-04-28T18:51:38Z  Digitizer_run1532_subrun549.csv  —  97 channels, all nominal
[OK]    2026-04-28T18:51:40Z  Digitizer_run1532_subrun556.csv  —  97 channels, all nominal
[OK]    2026-04-28T18:51:42Z  Digitizer_run1532_subrun564.csv  —  1 transient anomalous channel(s), streak not established  [window: 3 files]
                         ch11  method=isolation_forest      max_z=5.78      if_score=-0.6002     features=[]  [1/3 files]
[OK]    2026-04-28T18:51:44Z  Digitizer_run1532_subrun572.csv  —  97 channels, all nominal
[OK]    2026-04-28T18:51:47Z  Digitizer_run1532_subrun588.csv  —  97 channels, all nominal
[OK]    2026-04-28T18:51:49Z  Digitizer_run1532_subrun610.csv  —  97 channels, all nominal
[OK]    2026-04-28T18:51:51Z  Digitizer_run1532_subrun618.csv  —  97 channels, all nominal
[OK]    2026-04-28T18:51:53Z  Digitizer_run1532_subrun631.csv  —  97 channels, all nominal
[OK]    2026-04-28T18:51:55Z  Digitizer_run1532_subrun636.csv  —  97 channels, all nominal
[OK]    2026-04-28T18:51:58Z  Digitizer_run1532_subrun666.csv  —  97 channels, all nominal
[OK]    2026-04-28T18:52:00Z  Digitizer_run1532_subrun688.csv  —  97 channels, all nominal
[OK]    2026-04-28T18:52:02Z  Digitizer_run1532_subrun716.csv  —  97 channels, all nominal
[OK]    2026-04-28T18:52:04Z  Digitizer_run1532_subrun737.csv  —  97 channels, all nominal
[OK]    2026-04-28T18:52:06Z  Digitizer_run1532_subrun740.csv  —  97 channels, all nominal
[OK]    2026-04-28T18:52:08Z  Digitizer_run1532_subrun761.csv  —  97 channels, all nominal
[OK]    2026-04-28T18:52:10Z  Digitizer_run1532_subrun771.csv  —  97 channels, all nominal
[OK]    2026-04-28T18:52:12Z  Digitizer_run1532_subrun774.csv  —  97 channels, all nominal
[OK]    2026-04-28T18:52:14Z  Digitizer_run1532_subrun777.csv  —  97 channels, all nominal
[OK]    2026-04-28T18:52:16Z  Digitizer_run1532_subrun803.csv  —  1 transient anomalous channel(s), streak not established  [window: 3 files]
                         ch18  method=statistical           max_z=7.99      if_score=-0.5116     features=[pulseHeight_min_median;pulseArea_min_median]  [1/3 files]
[OK]    2026-04-28T18:52:18Z  Digitizer_run1532_subrun804.csv  —  97 channels, all nominal
[OK]    2026-04-28T18:52:20Z  Digitizer_run1532_subrun818.csv  —  97 channels, all nominal
[OK]    2026-04-28T18:52:22Z  Digitizer_run1532_subrun827.csv  —  1 transient anomalous channel(s), streak not established  [window: 3 files]
                         ch49  method=statistical           max_z=7.42      if_score=-0.5482     features=[pulseHeight_max_median]  [1/3 files]
[OK]    2026-04-28T18:52:24Z  Digitizer_run1532_subrun857.csv  —  97 channels, all nominal
[OK]    2026-04-28T18:52:26Z  Digitizer_run1532_subrun863.csv  —  97 channels, all nominal
[OK]    2026-04-28T18:52:28Z  Digitizer_run1532_subrun864.csv  —  97 channels, all nominal
[OK]    2026-04-28T18:52:30Z  Digitizer_run1532_subrun875.csv  —  97 channels, all nominal
[OK]    2026-04-28T18:52:32Z  Digitizer_run1532_subrun886.csv  —  97 channels, all nominal
[OK]    2026-04-28T18:52:34Z  Digitizer_run1532_subrun895.csv  —  97 channels, all nominal
[OK]    2026-04-28T18:52:36Z  Digitizer_run1532_subrun896.csv  —  97 channels, all nominal
[OK]    2026-04-28T18:52:38Z  Digitizer_run1532_subrun899.csv  —  97 channels, all nominal
[OK]    2026-04-28T18:52:40Z  Digitizer_run1532_subrun902.csv  —  97 channels, all nominal
[OK]    2026-04-28T18:52:42Z  Digitizer_run1532_subrun909.csv  —  97 channels, all nominal
[OK]    2026-04-28T18:52:44Z  Digitizer_run1532_subrun913.csv  —  97 channels, all nominal
[OK]    2026-04-28T18:52:46Z  Digitizer_run1532_subrun914.csv  —  97 channels, all nominal
[OK]    2026-04-28T18:52:48Z  Digitizer_run1532_subrun916.csv  —  1 transient anomalous channel(s), streak not established  [window: 3 files]
                         ch39  method=statistical           max_z=6.45      if_score=-0.5304     features=[pulseDuriation_max_std;pulseDuriation_min_std]  [1/3 files]
[OK]    2026-04-28T18:52:50Z  Digitizer_run1532_subrun926.csv  —  1 transient anomalous channel(s), streak not established  [window: 3 files]
                         ch21  method=statistical           max_z=7.74      if_score=-0.524      features=[nPulses_median]  [1/3 files]
[OK]    2026-04-28T18:52:53Z  Digitizer_run1532_subrun928.csv  —  97 channels, all nominal
[OK]    2026-04-28T18:52:54Z  Digitizer_run1532_subrun935.csv  —  97 channels, all nominal
[OK]    2026-04-28T18:52:57Z  Digitizer_run1532_subrun944.csv  —  97 channels, all nominal
[ALERT] 2026-04-28T18:52:59Z  Digitizer_run1532_subrun970.csv  —  11/97 anomalous ch  [bulk ≥5]
                         ch14  method=statistical           max_z=7.06      if_score=-0.4173     features=[occupancy]  [1/3 files]
                         ch15  method=statistical           max_z=7.26      if_score=-0.4348     features=[occupancy]  [1/3 files]
                         ch38  method=statistical           max_z=9.31      if_score=-0.3932     features=[occupancy]  [1/3 files]
                         ch39  method=statistical           max_z=9.28      if_score=-0.4058     features=[occupancy]  [1/3 files]
                         ch54  method=isolation_forest      max_z=5.99      if_score=-0.6093     features=[]  [1/3 files]
                         ch55  method=statistical           max_z=6.86      if_score=-0.5078     features=[sideband_mean_mean]  [1/3 files]
                         ch62  method=statistical           max_z=6.48      if_score=-0.4783     features=[pulseDuriation_min_median]  [1/3 files]
                         ch63  method=statistical           max_z=7.74      if_score=-0.4231     features=[occupancy]  [1/3 files]
                         ch81  method=statistical           max_z=6.1       if_score=-0.5338     features=[occupancy]  [1/3 files]
                         ch88  method=statistical           max_z=6.71      if_score=-0.5082     features=[sideband_rms_mean]  [1/3 files]
                         ch89  method=statistical           max_z=9.48      if_score=-0.5858     features=[sideband_rms_mean]  [1/3 files]
[OK]    2026-04-28T18:53:01Z  Digitizer_run1532_subrun1015.csv  —  1 transient anomalous channel(s), streak not established  [window: 3 files]
                          ch0  method=statistical           max_z=7.44      if_score=-0.5733     features=[pulseDuriation_max_std;pulseDuriation_min_mean;pulseDuriation_min_std]  [1/3 files]
[OK]    2026-04-28T18:53:04Z  Digitizer_run1532_subrun1018.csv  —  97 channels, all nominal
[OK]    2026-04-28T18:53:06Z  Digitizer_run1532_subrun1027.csv  —  1 transient anomalous channel(s), streak not established  [window: 3 files]
                          ch9  method=statistical           max_z=11.23     if_score=-0.5017     features=[nPulses_median]  [1/3 files]
[OK]    2026-04-28T18:53:08Z  Digitizer_run1532_subrun1056.csv  —  97 channels, all nominal
[OK]    2026-04-28T18:53:10Z  Digitizer_run1532_subrun1057.csv  —  97 channels, all nominal
[OK]    2026-04-28T18:53:12Z  Digitizer_run1532_subrun1087.csv  —  1 transient anomalous channel(s), streak not established  [window: 3 files]
                         ch34  method=statistical           max_z=6.12      if_score=-0.5788     features=[pulseDuriation_min_mean]  [1/3 files]
  [run 1535] New run — channel history reset
[OK]    2026-04-28T18:53:14Z  Digitizer_run1535_subrun2.csv  —  1 transient anomalous channel(s), streak not established  [window: 3 files]
                          ch1  method=statistical           max_z=6.04      if_score=-0.4541     features=[nPulses_median]  [1/3 files]
[OK]    2026-04-28T18:53:17Z  Digitizer_run1535_subrun8.csv  —  97 channels, all nominal
[OK]    2026-04-28T18:53:18Z  Digitizer_run1535_subrun13.csv  —  97 channels, all nominal
[OK]    2026-04-28T18:53:20Z  Digitizer_run1535_subrun14.csv  —  97 channels, all nominal
[OK]    2026-04-28T18:53:23Z  Digitizer_run1535_subrun22.csv  —  97 channels, all nominal
  --- 900/1398 files processed ---
[OK]    2026-04-28T18:53:25Z  Digitizer_run1535_subrun30.csv  —  97 channels, all nominal
[OK]    2026-04-28T18:53:27Z  Digitizer_run1535_subrun39.csv  —  97 channels, all nominal
[OK]    2026-04-28T18:53:29Z  Digitizer_run1535_subrun44.csv  —  97 channels, all nominal
[OK]    2026-04-28T18:53:31Z  Digitizer_run1535_subrun46.csv  —  97 channels, all nominal
[OK]    2026-04-28T18:53:33Z  Digitizer_run1535_subrun48.csv  —  97 channels, all nominal
[OK]    2026-04-28T18:53:35Z  Digitizer_run1535_subrun52.csv  —  97 channels, all nominal
[OK]    2026-04-28T18:53:38Z  Digitizer_run1535_subrun56.csv  —  97 channels, all nominal
[OK]    2026-04-28T18:53:40Z  Digitizer_run1535_subrun68.csv  —  97 channels, all nominal
[OK]    2026-04-28T18:53:42Z  Digitizer_run1535_subrun70.csv  —  97 channels, all nominal
[OK]    2026-04-28T18:53:44Z  Digitizer_run1535_subrun72.csv  —  97 channels, all nominal
[OK]    2026-04-28T18:53:46Z  Digitizer_run1535_subrun79.csv  —  97 channels, all nominal
[OK]    2026-04-28T18:53:48Z  Digitizer_run1535_subrun87.csv  —  97 channels, all nominal
[OK]    2026-04-28T18:53:50Z  Digitizer_run1535_subrun91.csv  —  97 channels, all nominal
[OK]    2026-04-28T18:53:52Z  Digitizer_run1535_subrun101.csv  —  97 channels, all nominal
[ALERT] 2026-04-28T18:53:54Z  Digitizer_run1535_subrun110.csv  —  extreme z=15.2 on ch10
                         ch10  method=statistical           max_z=15.23     if_score=-0.5027     features=[nPulses_median]  [1/3 files]
[OK]    2026-04-28T18:53:56Z  Digitizer_run1535_subrun111.csv  —  97 channels, all nominal
[OK]    2026-04-28T18:53:58Z  Digitizer_run1535_subrun133.csv  —  1 transient anomalous channel(s), streak not established  [window: 3 files]
                          ch6  method=statistical           max_z=6.64      if_score=-0.5188     features=[nPulses_median]  [1/3 files]
[OK]    2026-04-28T18:54:00Z  Digitizer_run1535_subrun140.csv  —  97 channels, all nominal
[OK]    2026-04-28T18:54:02Z  Digitizer_run1535_subrun151.csv  —  97 channels, all nominal
[OK]    2026-04-28T18:54:05Z  Digitizer_run1535_subrun167.csv  —  97 channels, all nominal
[OK]    2026-04-28T18:54:07Z  Digitizer_run1535_subrun188.csv  —  97 channels, all nominal
[OK]    2026-04-28T18:54:09Z  Digitizer_run1535_subrun209.csv  —  97 channels, all nominal
[OK]    2026-04-28T18:54:11Z  Digitizer_run1535_subrun218.csv  —  97 channels, all nominal
[OK]    2026-04-28T18:54:13Z  Digitizer_run1535_subrun222.csv  —  97 channels, all nominal
[OK]    2026-04-28T18:54:15Z  Digitizer_run1535_subrun255.csv  —  2 transient anomalous channel(s), streak not established  [window: 3 files]
                         ch30  method=statistical           max_z=11.23     if_score=-0.4944     features=[nPulses_median]  [1/3 files]
                          ch9  method=statistical           max_z=11.23     if_score=-0.5056     features=[nPulses_median]  [1/3 files]
[OK]    2026-04-28T18:54:17Z  Digitizer_run1535_subrun258.csv  —  1 transient anomalous channel(s), streak not established  [window: 3 files]
                         ch59  method=statistical           max_z=6.43      if_score=-0.5029     features=[sideband_rms_mean]  [1/3 files]
[OK]    2026-04-28T18:54:19Z  Digitizer_run1535_subrun278.csv  —  1 transient anomalous channel(s), streak not established  [window: 3 files]
                         ch11  method=statistical           max_z=10.86     if_score=-0.5151     features=[nPulses_median]  [1/3 files]
[OK]    2026-04-28T18:54:21Z  Digitizer_run1535_subrun285.csv  —  97 channels, all nominal
[OK]    2026-04-28T18:54:23Z  Digitizer_run1535_subrun299.csv  —  1 transient anomalous channel(s), streak not established  [window: 3 files]
                          ch2  method=statistical           max_z=9.52      if_score=-0.5325     features=[nPulses_median]  [1/3 files]
[OK]    2026-04-28T18:54:26Z  Digitizer_run1535_subrun315.csv  —  97 channels, all nominal
[OK]    2026-04-28T18:54:28Z  Digitizer_run1535_subrun347.csv  —  1 transient anomalous channel(s), streak not established  [window: 3 files]
                          ch1  method=statistical           max_z=6.04      if_score=-0.4181     features=[nPulses_median]  [1/3 files]
[OK]    2026-04-28T18:54:30Z  Digitizer_run1535_subrun352.csv  —  1 transient anomalous channel(s), streak not established  [window: 3 files]
                         ch61  method=statistical           max_z=6.21      if_score=-0.542      features=[pulseArea_min_median]  [1/3 files]
[OK]    2026-04-28T18:54:32Z  Digitizer_run1535_subrun378.csv  —  97 channels, all nominal
[OK]    2026-04-28T18:54:34Z  Digitizer_run1535_subrun386.csv  —  97 channels, all nominal
[OK]    2026-04-28T18:54:36Z  Digitizer_run1535_subrun387.csv  —  1 transient anomalous channel(s), streak not established  [window: 3 files]
                         ch94  method=statistical           max_z=9.22      if_score=-0.4668     features=[nPulses_median]  [1/3 files]
[OK]    2026-04-28T18:54:38Z  Digitizer_run1535_subrun395.csv  —  97 channels, all nominal
[OK]    2026-04-28T18:54:40Z  Digitizer_run1535_subrun399.csv  —  97 channels, all nominal
[OK]    2026-04-28T18:54:42Z  Digitizer_run1535_subrun418.csv  —  97 channels, all nominal
[OK]    2026-04-28T18:54:44Z  Digitizer_run1535_subrun440.csv  —  97 channels, all nominal
[OK]    2026-04-28T18:54:46Z  Digitizer_run1535_subrun486.csv  —  97 channels, all nominal
[OK]    2026-04-28T18:54:48Z  Digitizer_run1535_subrun510.csv  —  97 channels, all nominal
[OK]    2026-04-28T18:54:51Z  Digitizer_run1535_subrun520.csv  —  97 channels, all nominal
[OK]    2026-04-28T18:54:53Z  Digitizer_run1535_subrun522.csv  —  97 channels, all nominal
[OK]    2026-04-28T18:54:54Z  Digitizer_run1535_subrun523.csv  —  97 channels, all nominal
[OK]    2026-04-28T18:54:56Z  Digitizer_run1535_subrun531.csv  —  97 channels, all nominal
[OK]    2026-04-28T18:54:58Z  Digitizer_run1535_subrun532.csv  —  97 channels, all nominal
[OK]    2026-04-28T18:55:01Z  Digitizer_run1535_subrun544.csv  —  97 channels, all nominal
[OK]    2026-04-28T18:55:03Z  Digitizer_run1535_subrun558.csv  —  97 channels, all nominal
  [run 1536] New run — channel history reset
[OK]    2026-04-28T18:55:05Z  Digitizer_run1536_subrun6.csv  —  1 transient anomalous channel(s), streak not established  [window: 3 files]
                         ch11  method=statistical           max_z=10.86     if_score=-0.5384     features=[nPulses_median]  [1/3 files]
[OK]    2026-04-28T18:55:07Z  Digitizer_run1536_subrun40.csv  —  97 channels, all nominal
[OK]    2026-04-28T18:55:09Z  Digitizer_run1536_subrun45.csv  —  97 channels, all nominal
[OK]    2026-04-28T18:55:11Z  Digitizer_run1536_subrun50.csv  —  97 channels, all nominal
[OK]    2026-04-28T18:55:13Z  Digitizer_run1536_subrun69.csv  —  2 transient anomalous channel(s), streak not established  [window: 3 files]
                         ch94  method=statistical           max_z=6.21      if_score=-0.5392     features=[pulseArea_min_mean]  [1/3 files]
                         ch95  method=statistical           max_z=6.83      if_score=-0.5867     features=[pulseArea_min_mean]  [1/3 files]
[OK]    2026-04-28T18:55:15Z  Digitizer_run1536_subrun71.csv  —  97 channels, all nominal
  [run 1537] New run — channel history reset
[OK]    2026-04-28T18:55:17Z  Digitizer_run1537_subrun7.csv  —  97 channels, all nominal
[OK]    2026-04-28T18:55:20Z  Digitizer_run1537_subrun23.csv  —  1 transient anomalous channel(s), streak not established  [window: 3 files]
                          ch1  method=statistical           max_z=6.04      if_score=-0.4975     features=[nPulses_median]  [1/3 files]
[OK]    2026-04-28T18:55:22Z  Digitizer_run1537_subrun38.csv  —  97 channels, all nominal
[OK]    2026-04-28T18:55:24Z  Digitizer_run1537_subrun55.csv  —  97 channels, all nominal
[OK]    2026-04-28T18:55:26Z  Digitizer_run1537_subrun57.csv  —  97 channels, all nominal
[OK]    2026-04-28T18:55:28Z  Digitizer_run1537_subrun64.csv  —  97 channels, all nominal
[OK]    2026-04-28T18:55:30Z  Digitizer_run1537_subrun66.csv  —  97 channels, all nominal
[OK]    2026-04-28T18:55:32Z  Digitizer_run1537_subrun72.csv  —  97 channels, all nominal
[OK]    2026-04-28T18:55:34Z  Digitizer_run1537_subrun85.csv  —  97 channels, all nominal
[OK]    2026-04-28T18:55:36Z  Digitizer_run1537_subrun111.csv  —  97 channels, all nominal
[OK]    2026-04-28T18:55:38Z  Digitizer_run1537_subrun114.csv  —  97 channels, all nominal
[OK]    2026-04-28T18:55:40Z  Digitizer_run1537_subrun133.csv  —  97 channels, all nominal
[OK]    2026-04-28T18:55:42Z  Digitizer_run1537_subrun136.csv  —  97 channels, all nominal
[OK]    2026-04-28T18:55:45Z  Digitizer_run1537_subrun137.csv  —  97 channels, all nominal
[OK]    2026-04-28T18:55:47Z  Digitizer_run1537_subrun149.csv  —  97 channels, all nominal
[OK]    2026-04-28T18:55:49Z  Digitizer_run1537_subrun154.csv  —  97 channels, all nominal
[OK]    2026-04-28T18:55:51Z  Digitizer_run1537_subrun158.csv  —  97 channels, all nominal
[OK]    2026-04-28T18:55:53Z  Digitizer_run1537_subrun164.csv  —  97 channels, all nominal
[OK]    2026-04-28T18:55:55Z  Digitizer_run1537_subrun170.csv  —  97 channels, all nominal
[OK]    2026-04-28T18:55:57Z  Digitizer_run1537_subrun193.csv  —  97 channels, all nominal
[OK]    2026-04-28T18:55:58Z  Digitizer_run1537_subrun196.csv  —  97 channels, all nominal
[OK]    2026-04-28T18:56:01Z  Digitizer_run1537_subrun203.csv  —  97 channels, all nominal
[OK]    2026-04-28T18:56:03Z  Digitizer_run1537_subrun225.csv  —  97 channels, all nominal
[OK]    2026-04-28T18:56:04Z  Digitizer_run1537_subrun236.csv  —  97 channels, all nominal
[OK]    2026-04-28T18:56:06Z  Digitizer_run1537_subrun245.csv  —  97 channels, all nominal
[OK]    2026-04-28T18:56:08Z  Digitizer_run1537_subrun251.csv  —  97 channels, all nominal
[OK]    2026-04-28T18:56:10Z  Digitizer_run1537_subrun259.csv  —  1 transient anomalous channel(s), streak not established  [window: 3 files]
                         ch47  method=isolation_forest      max_z=5.14      if_score=-0.5969     features=[]  [1/3 files]
[OK]    2026-04-28T18:56:12Z  Digitizer_run1537_subrun262.csv  —  1 transient anomalous channel(s), streak not established  [window: 3 files]
                         ch85  method=statistical           max_z=6.55      if_score=-0.5285     features=[pulseArea_min_mean]  [1/3 files]
[OK]    2026-04-28T18:56:14Z  Digitizer_run1537_subrun263.csv  —  97 channels, all nominal
[OK]    2026-04-28T18:56:16Z  Digitizer_run1537_subrun267.csv  —  97 channels, all nominal
[OK]    2026-04-28T18:56:18Z  Digitizer_run1537_subrun270.csv  —  97 channels, all nominal
[OK]    2026-04-28T18:56:20Z  Digitizer_run1537_subrun273.csv  —  2 transient anomalous channel(s), streak not established  [window: 3 files]
                         ch38  method=statistical           max_z=7.04      if_score=-0.535      features=[sideband_rms_mean]  [1/3 files]
                         ch39  method=statistical           max_z=7.81      if_score=-0.5001     features=[sideband_rms_mean]  [1/3 files]
[OK]    2026-04-28T18:56:22Z  Digitizer_run1537_subrun294.csv  —  97 channels, all nominal
[OK]    2026-04-28T18:56:25Z  Digitizer_run1537_subrun309.csv  —  97 channels, all nominal
[OK]    2026-04-28T18:56:27Z  Digitizer_run1537_subrun316.csv  —  97 channels, all nominal
[OK]    2026-04-28T18:56:29Z  Digitizer_run1537_subrun333.csv  —  97 channels, all nominal
[OK]    2026-04-28T18:56:31Z  Digitizer_run1537_subrun359.csv  —  97 channels, all nominal
[OK]    2026-04-28T18:56:32Z  Digitizer_run1537_subrun379.csv  —  97 channels, all nominal
[OK]    2026-04-28T18:56:34Z  Digitizer_run1537_subrun387.csv  —  97 channels, all nominal
[OK]    2026-04-28T18:56:36Z  Digitizer_run1537_subrun405.csv  —  97 channels, all nominal
  [run 1541] New run — channel history reset
[ALERT] 2026-04-28T18:56:38Z  Digitizer_run1541_subrun9.csv  —  18/97 anomalous ch  [bulk ≥5]
                         ch64  method=isolation_forest      max_z=5.76      if_score=-0.7134     features=[]  [1/3 files]
                         ch65  method=isolation_forest      max_z=5.89      if_score=-0.7199     features=[]  [1/3 files]
                         ch66  method=statistical+IF        max_z=11.41     if_score=-0.7671     features=[sideband_rms_mean;sideband_rms_std;pulseHeight_max_median;pulseHeight_min_median;pulseArea_min_median]  [1/3 files]
                         ch67  method=statistical+IF        max_z=11.39     if_score=-0.7375     features=[sideband_mean_median]  [1/3 files]
                         ch68  method=statistical+IF        max_z=8.89      if_score=-0.761      features=[sideband_mean_std;sideband_rms_mean;sideband_rms_std;nPulses_median;pulseHeight_min_std;pulseDuriation_min_std]  [1/3 files]
                         ch69  method=statistical+IF        max_z=9.9       if_score=-0.7598     features=[sideband_mean_mean;sideband_mean_std;sideband_rms_mean;sideband_rms_std]  [1/3 files]
                         ch70  method=statistical+IF        max_z=6.99      if_score=-0.7268     features=[sideband_mean_median;pulseArea_max_median]  [1/3 files]
                         ch71  method=isolation_forest      max_z=5.82      if_score=-0.7166     features=[]  [1/3 files]
                         ch72  method=statistical+IF        max_z=6.57      if_score=-0.7404     features=[LVDSpin]  [1/3 files]
                         ch73  method=statistical+IF        max_z=6.57      if_score=-0.7237     features=[pulseDuriation_min_std;LVDSpin]  [1/3 files]
                         ch74  method=statistical+IF        max_z=11.03     if_score=-0.7292     features=[sideband_mean_mean;sideband_mean_std]  [1/3 files]
                         ch75  method=statistical+IF        max_z=10.74     if_score=-0.7015     features=[sideband_mean_mean;sideband_mean_std;sideband_mean_median;nPulses_std]  [1/3 files]
                         ch76  method=statistical+IF        max_z=6.52      if_score=-0.7561     features=[LVDSpin]  [1/3 files]
                         ch77  method=statistical+IF        max_z=6.52      if_score=-0.7425     features=[sideband_rms_mean;pulseArea_min_median;LVDSpin]  [1/3 files]
                         ch78  method=statistical+IF        max_z=6.94      if_score=-0.7392     features=[pulseHeight_min_mean;LVDSpin]  [1/3 files]
                         ch79  method=statistical+IF        max_z=6.29      if_score=-0.721      features=[pulseDuriation_min_std;occupancy;LVDSpin]  [1/3 files]
                         ch86  method=statistical+IF        max_z=10.57     if_score=-0.7308     features=[sideband_mean_median;pulseArea_min_std]  [1/3 files]
                         ch87  method=statistical+IF        max_z=6.48      if_score=-0.7495     features=[pulseArea_max_mean;pulseArea_max_std]  [1/3 files]
[ALERT] 2026-04-28T18:56:40Z  Digitizer_run1541_subrun15.csv  —  18/97 anomalous ch  [bulk ≥5]
                         ch64  method=statistical+IF        max_z=6.51      if_score=-0.7478     features=[pulseArea_max_std;pulseArea_min_std]  [2/3 files]
                         ch65  method=statistical+IF        max_z=8.02      if_score=-0.7577     features=[pulseArea_max_std;pulseArea_min_mean;pulseArea_min_std]  [2/3 files]
                         ch66  method=statistical+IF        max_z=9.14      if_score=-0.7565     features=[sideband_mean_mean;sideband_mean_std;pulseArea_max_std;pulseArea_min_mean;pulseArea_min_std;pulseArea_min_median]  [2/3 files]
                         ch67  method=statistical+IF        max_z=8.3       if_score=-0.7327     features=[sideband_mean_mean;sideband_mean_std;pulseArea_max_std;pulseArea_min_std]  [2/3 files]
                         ch68  method=statistical+IF        max_z=11.07     if_score=-0.7723     features=[sideband_rms_mean;sideband_rms_std;pulseHeight_min_mean;pulseHeight_min_std;pulseArea_max_std;pulseArea_min_mean;pulseArea_min_std;pulseDuriation_max_std;pulseDuriation_min_mean;pulseDuriation_min_std;occupancy]  [2/3 files]
                         ch69  method=statistical+IF        max_z=9.03      if_score=-0.7743     features=[sideband_rms_mean;nPulses_std;pulseHeight_min_median;pulseArea_max_std;pulseArea_min_std;pulseArea_min_median;pulseDuriation_max_std;pulseDuriation_min_std;occupancy]  [2/3 files]
                         ch70  method=statistical+IF        max_z=10.82     if_score=-0.7611     features=[pulseArea_max_mean;pulseArea_max_std;pulseArea_max_median;pulseArea_min_mean;pulseArea_min_std;pulseDuriation_max_mean;pulseDuriation_max_std;pulseDuriation_min_mean;pulseDuriation_min_std]  [2/3 files]
                         ch71  method=statistical+IF        max_z=12.02     if_score=-0.78       features=[sideband_rms_std;pulseHeight_min_mean;pulseHeight_min_std;pulseHeight_min_median;pulseArea_max_mean;pulseArea_max_std;pulseArea_min_mean;pulseArea_min_std;pulseArea_min_median;pulseDuriation_max_mean;pulseDuriation_max_std;pulseDuriation_min_mean;pulseDuriation_min_std;pulseDuriation_min_median]  [2/3 files]
                         ch72  method=statistical+IF        max_z=8.22      if_score=-0.7412     features=[pulseArea_max_std;pulseArea_min_std]  [2/3 files]
                         ch73  method=statistical+IF        max_z=6.66      if_score=-0.7203     features=[pulseArea_min_median;pulseDuriation_max_std;pulseDuriation_min_std]  [2/3 files]
                         ch74  method=statistical+IF        max_z=7.48      if_score=-0.7545     features=[sideband_rms_std;pulseArea_max_mean;pulseArea_max_std;pulseArea_min_std;pulseDuriation_max_std;pulseDuriation_min_std]  [2/3 files]
                         ch75  method=statistical+IF        max_z=7.24      if_score=-0.755      features=[sideband_rms_mean;sideband_rms_std;pulseArea_max_mean;pulseArea_max_std;pulseArea_min_mean;pulseArea_min_std]  [2/3 files]
                         ch76  method=isolation_forest      max_z=5.92      if_score=-0.7451     features=[]  [2/3 files]
                         ch77  method=statistical+IF        max_z=8.47      if_score=-0.7629     features=[nPulses_std;pulseArea_max_mean;pulseArea_max_std;pulseArea_min_mean;pulseArea_min_std]  [2/3 files]
                         ch78  method=statistical+IF        max_z=6.05      if_score=-0.7317     features=[pulseArea_max_median]  [2/3 files]
                         ch79  method=statistical+IF        max_z=8.43      if_score=-0.7263     features=[sideband_mean_median;nPulses_std;pulseArea_max_std;pulseArea_min_std]  [2/3 files]
                         ch86  method=statistical+IF        max_z=12.25     if_score=-0.7822     features=[sideband_mean_mean;sideband_mean_std;sideband_rms_mean;sideband_rms_std;nPulses_std;pulseHeight_max_median;pulseHeight_min_mean;pulseHeight_min_median;pulseArea_max_mean;pulseArea_max_std;pulseArea_max_median;pulseArea_min_mean;pulseArea_min_std;pulseArea_min_median;pulseDuriation_min_median]  [2/3 files]
                         ch87  method=statistical+IF        max_z=9.63      if_score=-0.7649     features=[sideband_mean_mean;sideband_mean_std;pulseHeight_min_mean;pulseArea_max_mean;pulseArea_max_std;pulseArea_max_median;pulseArea_min_mean;pulseArea_min_std;pulseArea_min_median;pulseDuriation_max_mean;pulseDuriation_max_std]  [2/3 files]
[ALERT] 2026-04-28T18:56:42Z  Digitizer_run1541_subrun16.csv  —  18 persistent + 2 transient anomalous ch  (window: 3 files)  |  20/97 anomalous ch  [bulk ≥5]
                         ch64  method=statistical+IF        max_z=9.45      if_score=-0.7078     features=[sideband_mean_median;pulseDuriation_max_std;pulseDuriation_min_std;LVDSpin]  [3/3 files]
                         ch65  method=statistical+IF        max_z=7.75      if_score=-0.7281     features=[pulseDuriation_max_std;pulseDuriation_min_std;LVDSpin]  [3/3 files]
                         ch66  method=statistical+IF        max_z=8.3       if_score=-0.7582     features=[sideband_mean_std;sideband_mean_median;pulseHeight_max_median;pulseArea_max_median;pulseDuriation_max_std;pulseDuriation_min_std]  [3/3 files]
                         ch67  method=statistical+IF        max_z=7.6       if_score=-0.7353     features=[sideband_mean_std;sideband_mean_median;pulseDuriation_max_std;pulseDuriation_min_std;occupancy]  [3/3 files]
                         ch68  method=statistical+IF        max_z=8.26      if_score=-0.745      features=[sideband_mean_mean;sideband_mean_std;sideband_mean_median;pulseHeight_max_median;pulseHeight_min_mean;pulseHeight_min_std;pulseArea_max_median;LVDSpin]  [3/3 files]
                         ch69  method=statistical+IF        max_z=10.16     if_score=-0.7469     features=[sideband_mean_mean;sideband_mean_std;LVDSpin]  [3/3 files]
                         ch70  method=isolation_forest      max_z=5.33      if_score=-0.73       features=[]  [3/3 files]
                         ch71  method=statistical+IF        max_z=8.3       if_score=-0.7392     features=[sideband_mean_median]  [3/3 files]
                         ch72  method=statistical+IF        max_z=8.01      if_score=-0.7623     features=[sideband_mean_std]  [3/3 files]
                         ch73  method=statistical+IF        max_z=7.48      if_score=-0.7368     features=[sideband_mean_mean;sideband_mean_std]  [3/3 files]
                         ch74  method=statistical+IF        max_z=10.69     if_score=-0.7707     features=[sideband_mean_mean;sideband_mean_std;sideband_rms_mean;sideband_rms_std;pulseArea_min_mean;pulseArea_min_std;pulseArea_min_median]  [3/3 files]
                         ch75  method=statistical+IF        max_z=11.16     if_score=-0.7656     features=[sideband_mean_mean;sideband_mean_std;sideband_mean_median;sideband_rms_mean;sideband_rms_std;pulseHeight_min_mean;pulseArea_min_mean;pulseArea_min_std]  [3/3 files]
                         ch76  method=statistical+IF        max_z=7.44      if_score=-0.7505     features=[pulseDuriation_max_std;pulseDuriation_min_std]  [3/3 files]
                         ch77  method=statistical+IF        max_z=7.57      if_score=-0.7359     features=[nPulses_std;pulseHeight_max_median;pulseArea_max_median]  [3/3 files]
                         ch78  method=statistical+IF        max_z=7.28      if_score=-0.7625     features=[pulseArea_max_std;pulseArea_min_std]  [3/3 files]
                         ch79  method=isolation_forest      max_z=5.5       if_score=-0.7456     features=[]  [3/3 files]
                         ch86  method=statistical+IF        max_z=6.01      if_score=-0.7109     features=[nPulses_std]  [3/3 files]
                         ch87  method=isolation_forest      max_z=5.71      if_score=-0.7181     features=[]  [3/3 files]
                          ch6  method=statistical           max_z=6.64      if_score=-0.5404     features=[nPulses_median]  [1/3 files]
                         ch95  method=statistical           max_z=7.37      if_score=-0.4577     features=[nPulses_median]  [1/3 files]
[ALERT] 2026-04-28T18:56:44Z  Digitizer_run1541_subrun21.csv  —  18 persistent anomalous ch  (window: 3 files)  |  18/97 anomalous ch  [bulk ≥5]
                         ch64  method=statistical+IF        max_z=6.76      if_score=-0.7148     features=[nPulses_std]  [3/3 files]
                         ch65  method=statistical+IF        max_z=7.82      if_score=-0.733      features=[pulseDuriation_max_std;pulseDuriation_min_std]  [3/3 files]
                         ch66  method=statistical+IF        max_z=9.1       if_score=-0.7466     features=[pulseHeight_max_median;pulseHeight_min_median;pulseArea_min_std;pulseArea_min_median;pulseDuriation_min_median;LVDSpin]  [3/3 files]
                         ch67  method=statistical+IF        max_z=6.49      if_score=-0.7338     features=[LVDSpin]  [3/3 files]
                         ch68  method=statistical+IF        max_z=8.71      if_score=-0.7521     features=[sideband_mean_median;sideband_rms_mean;sideband_rms_std;pulseHeight_min_median]  [3/3 files]
                         ch69  method=statistical+IF        max_z=6.5       if_score=-0.7318     features=[pulseHeight_min_mean;pulseArea_min_median]  [3/3 files]
                         ch70  method=statistical+IF        max_z=9.34      if_score=-0.7343     features=[pulseDuriation_max_std;pulseDuriation_min_std]  [3/3 files]
                         ch71  method=statistical+IF        max_z=8.19      if_score=-0.7581     features=[pulseDuriation_max_std;pulseDuriation_min_std]  [3/3 files]
                         ch72  method=isolation_forest      max_z=5.5       if_score=-0.758      features=[]  [3/3 files]
                         ch73  method=statistical+IF        max_z=6.73      if_score=-0.7562     features=[sideband_mean_median;pulseHeight_max_median;pulseArea_max_median;pulseArea_min_median;pulseDuriation_min_std]  [3/3 files]
                         ch74  method=statistical+IF        max_z=6.52      if_score=-0.7395     features=[sideband_mean_median;occupancy;LVDSpin]  [3/3 files]
                         ch75  method=statistical+IF        max_z=6.4       if_score=-0.7232     features=[occupancy;LVDSpin]  [3/3 files]
                         ch76  method=isolation_forest      max_z=5.98      if_score=-0.756      features=[]  [3/3 files]
                         ch77  method=statistical+IF        max_z=6.02      if_score=-0.7098     features=[occupancy]  [3/3 files]
                         ch78  method=isolation_forest      max_z=5.76      if_score=-0.7497     features=[]  [3/3 files]
                         ch79  method=statistical+IF        max_z=7.52      if_score=-0.7491     features=[sideband_mean_median;pulseDuriation_max_std;pulseDuriation_min_std]  [3/3 files]
                         ch86  method=statistical+IF        max_z=10.39     if_score=-0.7507     features=[pulseHeight_min_median;pulseArea_min_median;pulseDuriation_max_std;pulseDuriation_min_mean;pulseDuriation_min_std;LVDSpin]  [3/3 files]
                         ch87  method=statistical+IF        max_z=8.94      if_score=-0.7708     features=[sideband_mean_mean;sideband_mean_std;sideband_mean_median;nPulses_std;pulseDuriation_max_std;pulseDuriation_min_std;LVDSpin]  [3/3 files]
[ALERT] 2026-04-28T18:56:46Z  Digitizer_run1541_subrun22.csv  —  18 persistent anomalous ch  (window: 3 files)  |  18/97 anomalous ch  [bulk ≥5]  |  extreme z=16.2 on ch65
                         ch64  method=statistical+IF        max_z=13.51     if_score=-0.7694     features=[sideband_mean_mean;sideband_mean_std;sideband_rms_mean;sideband_rms_std]  [3/3 files]
                         ch65  method=statistical+IF        max_z=16.19     if_score=-0.7626     features=[sideband_mean_mean;sideband_mean_std;sideband_rms_mean;pulseHeight_min_median;pulseArea_min_median]  [3/3 files]
                         ch66  method=statistical+IF        max_z=7.68      if_score=-0.7543     features=[sideband_rms_mean;sideband_rms_std]  [3/3 files]
                         ch67  method=statistical+IF        max_z=8.68      if_score=-0.7442     features=[sideband_rms_mean;sideband_rms_std]  [3/3 files]
                         ch68  method=statistical+IF        max_z=6.92      if_score=-0.747      features=[pulseArea_max_std;pulseArea_min_mean;pulseArea_min_std]  [3/3 files]
                         ch69  method=statistical+IF        max_z=6.05      if_score=-0.7109     features=[occupancy]  [3/3 files]
                         ch70  method=statistical+IF        max_z=10.35     if_score=-0.7566     features=[sideband_mean_mean;sideband_mean_std;pulseArea_max_median]  [3/3 files]
                         ch71  method=statistical+IF        max_z=9.28      if_score=-0.7491     features=[sideband_mean_mean;sideband_mean_std;sideband_rms_std]  [3/3 files]
                         ch72  method=statistical+IF        max_z=12.16     if_score=-0.7652     features=[sideband_rms_mean;sideband_rms_std;pulseHeight_min_mean]  [3/3 files]
                         ch73  method=statistical+IF        max_z=12.34     if_score=-0.7503     features=[sideband_rms_mean;sideband_rms_std]  [3/3 files]
                         ch74  method=statistical+IF        max_z=6.45      if_score=-0.7718     features=[pulseHeight_max_median;pulseArea_max_median;pulseArea_min_median]  [3/3 files]
                         ch75  method=statistical+IF        max_z=7.55      if_score=-0.7671     features=[sideband_mean_std;sideband_rms_std;pulseHeight_max_median;pulseArea_max_median]  [3/3 files]
                         ch76  method=isolation_forest      max_z=5.6       if_score=-0.7571     features=[]  [3/3 files]
                         ch77  method=isolation_forest      max_z=5.39      if_score=-0.724      features=[]  [3/3 files]
                         ch78  method=isolation_forest      max_z=5.18      if_score=-0.7315     features=[]  [3/3 files]
                         ch79  method=statistical+IF        max_z=7.73      if_score=-0.721      features=[pulseHeight_max_median;pulseArea_max_median]  [3/3 files]
                         ch86  method=statistical+IF        max_z=6.3       if_score=-0.7378     features=[pulseHeight_max_median;pulseArea_max_mean;pulseArea_max_std;pulseArea_max_median]  [3/3 files]
                         ch87  method=isolation_forest      max_z=5.79      if_score=-0.7594     features=[]  [3/3 files]
[ALERT] 2026-04-28T18:56:48Z  Digitizer_run1541_subrun32.csv  —  18 persistent anomalous ch  (window: 3 files)  |  18/97 anomalous ch  [bulk ≥5]
                         ch64  method=statistical+IF        max_z=10.17     if_score=-0.7226     features=[sideband_mean_median]  [3/3 files]
                         ch65  method=isolation_forest      max_z=5.18      if_score=-0.7094     features=[]  [3/3 files]
                         ch66  method=statistical+IF        max_z=8.67      if_score=-0.745      features=[sideband_mean_mean;sideband_mean_std]  [3/3 files]
                         ch67  method=statistical+IF        max_z=9.18      if_score=-0.7581     features=[sideband_mean_mean;sideband_mean_std;sideband_rms_mean;pulseDuriation_max_std;pulseDuriation_min_std]  [3/3 files]
                         ch68  method=statistical+IF        max_z=8.25      if_score=-0.7574     features=[nPulses_median;pulseHeight_max_mean;pulseHeight_max_median;pulseHeight_min_mean;pulseHeight_min_std;pulseArea_max_mean;pulseArea_max_std;pulseArea_max_median;pulseArea_min_mean;pulseArea_min_std;pulseDuriation_max_std;pulseDuriation_min_mean;pulseDuriation_min_std]  [3/3 files]
                         ch69  method=statistical+IF        max_z=7.75      if_score=-0.7429     features=[pulseHeight_max_mean;pulseHeight_max_median;pulseHeight_min_mean;pulseHeight_min_median;pulseArea_max_mean;pulseArea_max_median;pulseArea_min_median]  [3/3 files]
                         ch70  method=statistical+IF        max_z=8.97      if_score=-0.7681     features=[sideband_mean_mean;sideband_mean_std;pulseHeight_max_mean;pulseHeight_min_mean;pulseHeight_min_std;pulseArea_max_median;occupancy]  [3/3 files]
                         ch71  method=statistical+IF        max_z=7.02      if_score=-0.7454     features=[sideband_mean_std;nPulses_std;occupancy]  [3/3 files]
                         ch72  method=statistical+IF        max_z=6.03      if_score=-0.7495     features=[pulseDuriation_min_std;LVDSpin]  [3/3 files]
                         ch73  method=statistical+IF        max_z=6.03      if_score=-0.7274     features=[LVDSpin]  [3/3 files]
                         ch74  method=statistical+IF        max_z=9.99      if_score=-0.7389     features=[sideband_mean_median;pulseDuriation_min_std]  [3/3 files]
                         ch75  method=statistical+IF        max_z=7.63      if_score=-0.7435     features=[nPulses_std;pulseArea_min_median]  [3/3 files]
                         ch76  method=statistical+IF        max_z=7.6       if_score=-0.7619     features=[pulseArea_min_mean;pulseDuriation_max_std;pulseDuriation_min_std]  [3/3 files]
                         ch77  method=statistical+IF        max_z=6.68      if_score=-0.7444     features=[pulseArea_min_median;occupancy]  [3/3 files]
                         ch78  method=statistical+IF        max_z=6.09      if_score=-0.737      features=[pulseArea_max_median]  [3/3 files]
                         ch79  method=statistical+IF        max_z=7.31      if_score=-0.7297     features=[pulseArea_max_median]  [3/3 files]
                         ch86  method=statistical+IF        max_z=9.43      if_score=-0.7104     features=[pulseDuriation_max_std;pulseDuriation_min_std]  [3/3 files]
                         ch87  method=statistical+IF        max_z=8.43      if_score=-0.7339     features=[pulseDuriation_max_std;pulseDuriation_min_std]  [3/3 files]
  --- 1000/1398 files processed ---
[ALERT] 2026-04-28T18:56:50Z  Digitizer_run1541_subrun58.csv  —  18 persistent anomalous ch  (window: 3 files)  |  18/97 anomalous ch  [bulk ≥5]
                         ch64  method=isolation_forest      max_z=5.73      if_score=-0.7146     features=[]  [3/3 files]
                         ch65  method=statistical+IF        max_z=6.6       if_score=-0.7155     features=[pulseArea_min_median]  [3/3 files]
                         ch66  method=isolation_forest      max_z=5.87      if_score=-0.7303     features=[]  [3/3 files]
                         ch67  method=statistical+IF        max_z=6.48      if_score=-0.7147     features=[nPulses_std;pulseDuriation_max_std]  [3/3 files]
                         ch68  method=statistical+IF        max_z=8.81      if_score=-0.7705     features=[sideband_rms_mean;sideband_rms_std;nPulses_median;pulseHeight_max_median;pulseHeight_min_mean;pulseHeight_min_std;pulseArea_max_mean;pulseArea_max_std;pulseArea_max_median;pulseArea_min_mean;pulseArea_min_std]  [3/3 files]
                         ch69  method=statistical+IF        max_z=7.48      if_score=-0.7648     features=[sideband_mean_median;sideband_rms_mean;sideband_rms_std;pulseHeight_max_mean;pulseHeight_max_median;pulseArea_max_mean;pulseArea_max_median;pulseArea_min_mean;pulseArea_min_std]  [3/3 files]
                         ch70  method=statistical+IF        max_z=10.09     if_score=-0.7527     features=[sideband_mean_mean;sideband_mean_std;pulseArea_max_std;pulseArea_min_mean;pulseArea_min_std]  [3/3 files]
                         ch71  method=statistical+IF        max_z=7.95      if_score=-0.7518     features=[sideband_mean_mean;sideband_mean_std;pulseHeight_max_median;pulseArea_max_std;pulseArea_max_median;pulseArea_min_std]  [3/3 files]
                         ch72  method=isolation_forest      max_z=5.5       if_score=-0.7419     features=[]  [3/3 files]
                         ch73  method=isolation_forest      max_z=5.81      if_score=-0.724      features=[]  [3/3 files]
                         ch74  method=statistical+IF        max_z=6.82      if_score=-0.7434     features=[pulseDuriation_max_std;pulseDuriation_min_std]  [3/3 files]
                         ch75  method=statistical+IF        max_z=7.9       if_score=-0.7478     features=[pulseArea_max_std;pulseArea_min_mean;pulseArea_min_std;pulseDuriation_max_std;pulseDuriation_min_mean;pulseDuriation_min_std]  [3/3 files]
                         ch76  method=statistical+IF        max_z=7.43      if_score=-0.7644     features=[sideband_mean_mean;sideband_mean_std;sideband_rms_mean;sideband_rms_std;pulseDuriation_max_std;pulseDuriation_min_std]  [3/3 files]
                         ch77  method=statistical+IF        max_z=10.62     if_score=-0.7829     features=[sideband_mean_mean;sideband_mean_std;sideband_rms_mean;sideband_rms_std;pulseHeight_max_mean;pulseHeight_max_median;pulseHeight_min_mean;pulseHeight_min_std;pulseArea_max_mean;pulseArea_max_std;pulseArea_max_median;pulseArea_min_mean;pulseArea_min_std]  [3/3 files]
                         ch78  method=isolation_forest      max_z=5.9       if_score=-0.7386     features=[]  [3/3 files]
                         ch79  method=statistical+IF        max_z=6.4       if_score=-0.7107     features=[pulseDuriation_max_std;pulseDuriation_min_std]  [3/3 files]
                         ch86  method=statistical+IF        max_z=6.39      if_score=-0.7442     features=[pulseHeight_max_median;pulseArea_max_mean;pulseArea_max_std]  [3/3 files]
                         ch87  method=statistical+IF        max_z=6.62      if_score=-0.7458     features=[pulseHeight_min_mean;pulseArea_max_mean;pulseArea_max_std;pulseArea_max_median;pulseDuriation_max_std]  [3/3 files]
[ALERT] 2026-04-28T18:56:52Z  Digitizer_run1541_subrun60.csv  —  18 persistent anomalous ch  (window: 3 files)  |  18/97 anomalous ch  [bulk ≥5]
                         ch64  method=statistical+IF        max_z=9.44      if_score=-0.7351     features=[pulseArea_min_median;pulseDuriation_max_std;pulseDuriation_min_std]  [3/3 files]
                         ch65  method=statistical+IF        max_z=7.93      if_score=-0.7233     features=[pulseDuriation_max_std;pulseDuriation_min_std]  [3/3 files]
                         ch66  method=statistical+IF        max_z=8.13      if_score=-0.7479     features=[sideband_mean_median;pulseHeight_max_median;pulseDuriation_max_std;pulseDuriation_min_std]  [3/3 files]
                         ch67  method=statistical+IF        max_z=8.0       if_score=-0.7443     features=[pulseArea_max_median;pulseDuriation_max_std;pulseDuriation_min_std]  [3/3 files]
                         ch68  method=statistical+IF        max_z=9.94      if_score=-0.7588     features=[sideband_mean_std;sideband_rms_mean;sideband_rms_std;pulseArea_max_std;pulseDuriation_max_std]  [3/3 files]
                         ch69  method=statistical+IF        max_z=12.11     if_score=-0.7624     features=[sideband_mean_mean;sideband_mean_std;sideband_rms_mean;sideband_rms_std;pulseDuriation_max_std]  [3/3 files]
                         ch70  method=statistical+IF        max_z=13.75     if_score=-0.7899     features=[sideband_mean_mean;sideband_mean_std;sideband_rms_mean;sideband_rms_std;nPulses_std;pulseHeight_max_mean;pulseHeight_max_median;pulseHeight_min_median;pulseArea_max_mean;pulseArea_max_std;pulseArea_max_median;pulseArea_min_std;pulseArea_min_median;pulseDuriation_max_mean;pulseDuriation_max_std;pulseDuriation_min_std]  [3/3 files]
                         ch71  method=statistical+IF        max_z=13.31     if_score=-0.7832     features=[sideband_mean_mean;sideband_mean_std;sideband_rms_mean;sideband_rms_std;nPulses_std;pulseHeight_max_mean;pulseHeight_max_median;pulseArea_max_mean;pulseArea_max_std;pulseArea_max_median;pulseArea_min_mean;pulseArea_min_std;pulseDuriation_max_std;pulseDuriation_min_std]  [3/3 files]
                         ch72  method=statistical+IF        max_z=7.2       if_score=-0.759      features=[sideband_mean_std]  [3/3 files]
                         ch73  method=statistical+IF        max_z=9.56      if_score=-0.7559     features=[pulseDuriation_max_std;pulseDuriation_min_mean;pulseDuriation_min_std]  [3/3 files]
                         ch74  method=statistical+IF        max_z=10.33     if_score=-0.7715     features=[sideband_mean_mean;sideband_mean_std;sideband_mean_median;sideband_rms_mean;sideband_rms_std;pulseArea_max_mean;pulseArea_max_std;pulseArea_min_mean;pulseArea_min_std]  [3/3 files]
                         ch75  method=statistical+IF        max_z=10.61     if_score=-0.7734     features=[sideband_mean_mean;sideband_mean_std;sideband_rms_mean;sideband_rms_std;pulseHeight_max_median;pulseArea_max_mean;pulseArea_max_std;pulseArea_max_median;pulseArea_min_mean;pulseArea_min_std]  [3/3 files]
                         ch76  method=isolation_forest      max_z=5.39      if_score=-0.729      features=[]  [3/3 files]
                         ch77  method=statistical+IF        max_z=6.33      if_score=-0.7203     features=[pulseArea_max_std;pulseArea_min_std;pulseArea_min_median]  [3/3 files]
                         ch78  method=statistical+IF        max_z=6.06      if_score=-0.7391     features=[pulseHeight_min_std]  [3/3 files]
                         ch79  method=statistical+IF        max_z=6.95      if_score=-0.7515     features=[pulseDuriation_max_std;pulseDuriation_min_std]  [3/3 files]
                         ch86  method=statistical+IF        max_z=11.94     if_score=-0.7468     features=[sideband_rms_mean;sideband_rms_std;pulseArea_max_std;pulseArea_min_mean;pulseArea_min_std]  [3/3 files]
                         ch87  method=statistical+IF        max_z=11.08     if_score=-0.7626     features=[sideband_mean_mean;sideband_mean_std;sideband_mean_median;sideband_rms_mean;sideband_rms_std;pulseArea_max_std;pulseArea_min_mean;pulseArea_min_std]  [3/3 files]
[ALERT] 2026-04-28T18:56:54Z  Digitizer_run1541_subrun63.csv  —  18 persistent anomalous ch  (window: 3 files)  |  18/97 anomalous ch  [bulk ≥5]  |  extreme z=16.4 on ch75
                         ch64  method=isolation_forest      max_z=5.72      if_score=-0.7202     features=[]  [3/3 files]
                         ch65  method=statistical+IF        max_z=8.85      if_score=-0.7279     features=[pulseHeight_min_median;pulseArea_min_median;pulseDuriation_max_std;pulseDuriation_min_std;pulseDuriation_min_median]  [3/3 files]
                         ch66  method=statistical+IF        max_z=14.74     if_score=-0.7509     features=[sideband_mean_mean;sideband_mean_std]  [3/3 files]
                         ch67  method=statistical+IF        max_z=13.67     if_score=-0.763      features=[sideband_mean_mean;sideband_mean_std;nPulses_std;pulseDuriation_min_std]  [3/3 files]
                         ch68  method=statistical+IF        max_z=6.97      if_score=-0.7256     features=[pulseHeight_min_median]  [3/3 files]
                         ch69  method=statistical+IF        max_z=6.64      if_score=-0.7403     features=[pulseHeight_min_mean;pulseHeight_min_std;pulseArea_min_mean]  [3/3 files]
                         ch70  method=statistical+IF        max_z=7.02      if_score=-0.7287     features=[pulseHeight_min_mean;pulseHeight_min_median;pulseArea_min_median]  [3/3 files]
                         ch71  method=statistical+IF        max_z=8.03      if_score=-0.7568     features=[pulseHeight_max_mean;pulseHeight_max_median;pulseHeight_min_mean;pulseHeight_min_std;pulseHeight_min_median;pulseArea_max_mean;pulseArea_max_median;pulseArea_min_mean;pulseArea_min_median]  [3/3 files]
                         ch72  method=isolation_forest      max_z=5.84      if_score=-0.751      features=[]  [3/3 files]
                         ch73  method=statistical+IF        max_z=6.49      if_score=-0.7325     features=[pulseDuriation_max_std;pulseDuriation_min_std]  [3/3 files]
                         ch74  method=statistical+IF        max_z=9.07      if_score=-0.767      features=[sideband_mean_mean;sideband_mean_std;sideband_rms_mean;sideband_rms_std;nPulses_std]  [3/3 files]
                         ch75  method=statistical+IF        max_z=16.38     if_score=-0.7579     features=[sideband_mean_mean;sideband_mean_std;sideband_mean_median;sideband_rms_mean;pulseHeight_min_median]  [3/3 files]
                         ch76  method=statistical+IF        max_z=11.41     if_score=-0.7543     features=[pulseHeight_max_mean;pulseHeight_min_mean;pulseHeight_min_std;pulseArea_max_mean;pulseArea_max_std;pulseArea_min_mean;pulseArea_min_std;pulseArea_min_median;pulseDuriation_max_mean;pulseDuriation_max_std;pulseDuriation_min_mean;pulseDuriation_min_std]  [3/3 files]
                         ch77  method=statistical+IF        max_z=11.4      if_score=-0.7458     features=[pulseHeight_min_std;pulseArea_max_mean;pulseArea_max_std;pulseArea_max_median;pulseArea_min_mean;pulseArea_min_std;pulseArea_min_median;pulseDuriation_max_mean;pulseDuriation_max_std;pulseDuriation_min_mean;pulseDuriation_min_std]  [3/3 files]
                         ch78  method=statistical+IF        max_z=8.81      if_score=-0.7697     features=[sideband_mean_mean;sideband_mean_std;sideband_rms_mean;sideband_rms_std;pulseArea_max_std;pulseArea_min_mean;pulseArea_min_std]  [3/3 files]
                         ch79  method=statistical+IF        max_z=8.12      if_score=-0.7632     features=[sideband_rms_mean;pulseArea_max_mean;pulseArea_max_std;pulseArea_min_mean;pulseArea_min_std;pulseDuriation_max_std;pulseDuriation_min_std]  [3/3 files]
                         ch86  method=statistical+IF        max_z=8.8       if_score=-0.7448     features=[sideband_mean_median]  [3/3 files]
                         ch87  method=statistical+IF        max_z=6.73      if_score=-0.7301     features=[pulseHeight_max_median;pulseArea_max_mean;pulseArea_max_median]  [3/3 files]
[ALERT] 2026-04-28T18:56:56Z  Digitizer_run1541_subrun71.csv  —  18 persistent anomalous ch  (window: 3 files)  |  18/97 anomalous ch  [bulk ≥5]
                         ch64  method=isolation_forest      max_z=5.58      if_score=-0.7371     features=[]  [3/3 files]
                         ch65  method=isolation_forest      max_z=5.47      if_score=-0.734      features=[]  [3/3 files]
                         ch66  method=statistical+IF        max_z=8.19      if_score=-0.7283     features=[sideband_mean_median;pulseDuriation_max_std;pulseDuriation_min_std]  [3/3 files]
                         ch67  method=statistical+IF        max_z=6.04      if_score=-0.721      features=[pulseDuriation_min_std]  [3/3 files]
                         ch68  method=statistical+IF        max_z=9.71      if_score=-0.7517     features=[sideband_mean_mean;sideband_mean_std]  [3/3 files]
                         ch69  method=statistical+IF        max_z=10.58     if_score=-0.7387     features=[sideband_mean_mean;sideband_mean_std]  [3/3 files]
                         ch70  method=statistical+IF        max_z=6.2       if_score=-0.7353     features=[pulseHeight_min_mean]  [3/3 files]
                         ch71  method=isolation_forest      max_z=5.5       if_score=-0.7348     features=[]  [3/3 files]
                         ch72  method=isolation_forest      max_z=5.74      if_score=-0.7429     features=[]  [3/3 files]
                         ch73  method=statistical+IF        max_z=8.44      if_score=-0.737      features=[pulseDuriation_max_std;pulseDuriation_min_std]  [3/3 files]
                         ch74  method=statistical+IF        max_z=10.87     if_score=-0.7631     features=[sideband_rms_mean;sideband_rms_std;pulseArea_max_mean;pulseArea_max_std;pulseArea_min_mean;pulseArea_min_std]  [3/3 files]
                         ch75  method=statistical+IF        max_z=9.74      if_score=-0.762      features=[sideband_rms_mean;sideband_rms_std;pulseHeight_min_median;pulseArea_max_mean;pulseArea_max_std;pulseArea_min_mean;pulseArea_min_std]  [3/3 files]
                         ch76  method=statistical+IF        max_z=11.04     if_score=-0.7773     features=[sideband_rms_mean;sideband_rms_std;pulseArea_max_mean;pulseArea_max_std;pulseArea_min_mean;pulseArea_min_std;pulseDuriation_max_std;pulseDuriation_min_std;LVDSpin]  [3/3 files]
                         ch77  method=statistical+IF        max_z=10.08     if_score=-0.7833     features=[sideband_mean_std;sideband_rms_std;pulseHeight_max_median;pulseHeight_min_std;pulseArea_max_mean;pulseArea_max_std;pulseArea_max_median;pulseArea_min_mean;pulseArea_min_std;pulseDuriation_max_std;pulseDuriation_min_std;LVDSpin]  [3/3 files]
                         ch78  method=statistical+IF        max_z=6.17      if_score=-0.7552     features=[pulseArea_min_median]  [3/3 files]
                         ch79  method=statistical+IF        max_z=6.42      if_score=-0.7331     features=[pulseDuriation_max_std;pulseDuriation_min_std;occupancy]  [3/3 files]
                         ch86  method=isolation_forest      max_z=5.34      if_score=-0.7312     features=[]  [3/3 files]
                         ch87  method=isolation_forest      max_z=5.4       if_score=-0.7377     features=[]  [3/3 files]
[ALERT] 2026-04-28T18:56:58Z  Digitizer_run1541_subrun82.csv  —  18 persistent anomalous ch  (window: 3 files)  |  18/97 anomalous ch  [bulk ≥5]
                         ch64  method=statistical+IF        max_z=6.04      if_score=-0.7053     features=[pulseArea_min_median]  [3/3 files]
                         ch65  method=statistical+IF        max_z=7.29      if_score=-0.7291     features=[sideband_mean_median]  [3/3 files]
                         ch66  method=statistical+IF        max_z=6.07      if_score=-0.746      features=[pulseArea_min_std]  [3/3 files]
                         ch67  method=statistical+IF        max_z=7.09      if_score=-0.7479     features=[pulseHeight_max_mean;pulseHeight_max_median;pulseArea_max_median]  [3/3 files]
                         ch68  method=isolation_forest      max_z=6.0       if_score=-0.7218     features=[]  [3/3 files]
                         ch69  method=statistical+IF        max_z=9.89      if_score=-0.7362     features=[pulseArea_max_median;pulseDuriation_max_std;pulseDuriation_min_std]  [3/3 files]
                         ch70  method=statistical+IF        max_z=6.09      if_score=-0.7256     features=[pulseArea_min_median]  [3/3 files]
                         ch71  method=isolation_forest      max_z=5.17      if_score=-0.7246     features=[]  [3/3 files]
                         ch72  method=isolation_forest      max_z=5.21      if_score=-0.7444     features=[]  [3/3 files]
                         ch73  method=statistical+IF        max_z=6.04      if_score=-0.7323     features=[pulseDuriation_min_std]  [3/3 files]
                         ch74  method=statistical+IF        max_z=6.19      if_score=-0.7419     features=[sideband_mean_median;pulseArea_max_std]  [3/3 files]
                         ch75  method=statistical+IF        max_z=6.43      if_score=-0.7418     features=[pulseArea_min_mean;pulseArea_min_std]  [3/3 files]
                         ch76  method=statistical+IF        max_z=7.02      if_score=-0.7684     features=[pulseHeight_min_mean;pulseHeight_min_std;pulseArea_min_mean;pulseArea_min_median]  [3/3 files]
                         ch77  method=statistical+IF        max_z=6.93      if_score=-0.7405     features=[sideband_mean_std;sideband_mean_median]  [3/3 files]
                         ch78  method=statistical+IF        max_z=6.31      if_score=-0.7371     features=[LVDSpin]  [3/3 files]
                         ch79  method=statistical+IF        max_z=7.76      if_score=-0.7317     features=[sideband_mean_median;LVDSpin]  [3/3 files]
                         ch86  method=statistical+IF        max_z=11.6      if_score=-0.7111     features=[sideband_mean_median]  [3/3 files]
                         ch87  method=isolation_forest      max_z=5.58      if_score=-0.6821     features=[]  [3/3 files]
[ALERT] 2026-04-28T18:57:00Z  Digitizer_run1541_subrun98.csv  —  18 persistent + 1 transient anomalous ch  (window: 3 files)  |  19/97 anomalous ch  [bulk ≥5]  |  extreme z=20.0 on ch32
                         ch64  method=statistical+IF        max_z=7.6       if_score=-0.7171     features=[sideband_mean_median;pulseHeight_min_median;pulseArea_min_median]  [3/3 files]
                         ch65  method=statistical+IF        max_z=6.31      if_score=-0.7106     features=[sideband_mean_median]  [3/3 files]
                         ch66  method=statistical+IF        max_z=6.13      if_score=-0.7543     features=[pulseHeight_min_std]  [3/3 files]
                         ch67  method=isolation_forest      max_z=5.8       if_score=-0.7396     features=[]  [3/3 files]
                         ch68  method=statistical+IF        max_z=7.11      if_score=-0.7556     features=[pulseHeight_min_mean;pulseArea_max_mean;pulseArea_max_std;pulseArea_min_mean;pulseArea_min_std;pulseDuriation_min_std]  [3/3 files]
                         ch69  method=statistical+IF        max_z=6.25      if_score=-0.7425     features=[pulseHeight_min_median]  [3/3 files]
                         ch70  method=statistical+IF        max_z=7.95      if_score=-0.7529     features=[sideband_mean_std;sideband_mean_median;sideband_rms_mean;sideband_rms_std]  [3/3 files]
                         ch71  method=statistical+IF        max_z=6.99      if_score=-0.7588     features=[sideband_mean_mean;sideband_mean_std;sideband_rms_mean]  [3/3 files]
                         ch72  method=statistical+IF        max_z=8.64      if_score=-0.7603     features=[pulseArea_max_std;pulseArea_min_mean;pulseArea_min_std]  [3/3 files]
                         ch73  method=statistical+IF        max_z=8.05      if_score=-0.7502     features=[pulseHeight_max_median;pulseArea_max_std;pulseArea_max_median;pulseArea_min_mean;pulseArea_min_std;pulseDuriation_max_std;pulseDuriation_min_std]  [3/3 files]
                         ch74  method=statistical+IF        max_z=8.4       if_score=-0.7572     features=[sideband_mean_std;sideband_rms_mean;sideband_rms_std;pulseHeight_min_median;pulseArea_min_median]  [3/3 files]
                         ch75  method=statistical+IF        max_z=9.87      if_score=-0.7542     features=[sideband_rms_mean;sideband_rms_std]  [3/3 files]
                         ch76  method=statistical+IF        max_z=11.46     if_score=-0.771      features=[sideband_mean_mean;sideband_mean_std;sideband_rms_mean;sideband_rms_std]  [3/3 files]
                         ch77  method=statistical+IF        max_z=12.05     if_score=-0.7529     features=[sideband_mean_mean;sideband_mean_std;sideband_rms_mean]  [3/3 files]
                         ch78  method=statistical+IF        max_z=7.68      if_score=-0.7531     features=[sideband_mean_std]  [3/3 files]
                         ch79  method=statistical+IF        max_z=8.1       if_score=-0.755      features=[sideband_mean_std;sideband_mean_median;sideband_rms_std]  [3/3 files]
                         ch86  method=statistical+IF        max_z=7.86      if_score=-0.7332     features=[sideband_rms_mean;sideband_rms_std]  [3/3 files]
                         ch87  method=statistical+IF        max_z=8.54      if_score=-0.7195     features=[sideband_rms_mean;sideband_rms_std]  [3/3 files]
                         ch32  method=statistical           max_z=19.96     if_score=-0.5649     features=[nPulses_median]  [1/3 files]
[ALERT] 2026-04-28T18:57:02Z  Digitizer_run1541_subrun104.csv  —  18 persistent anomalous ch  (window: 3 files)  |  18/97 anomalous ch  [bulk ≥5]
                         ch64  method=statistical+IF        max_z=10.21     if_score=-0.7356     features=[sideband_mean_median;LVDSpin]  [3/3 files]
                         ch65  method=statistical+IF        max_z=6.84      if_score=-0.735      features=[LVDSpin]  [3/3 files]
                         ch66  method=statistical+IF        max_z=7.27      if_score=-0.7674     features=[pulseArea_max_mean;pulseArea_max_std;pulseArea_min_mean;pulseArea_min_std]  [3/3 files]
                         ch67  method=statistical+IF        max_z=7.15      if_score=-0.7641     features=[pulseArea_max_mean;pulseArea_max_std;pulseArea_max_median;pulseArea_min_std]  [3/3 files]
                         ch68  method=statistical+IF        max_z=7.95      if_score=-0.7589     features=[sideband_mean_std;sideband_rms_mean;sideband_rms_std]  [3/3 files]
                         ch69  method=statistical+IF        max_z=8.33      if_score=-0.7692     features=[sideband_mean_std;sideband_rms_mean;sideband_rms_std]  [3/3 files]
                         ch70  method=statistical+IF        max_z=6.81      if_score=-0.7648     features=[sideband_mean_std;pulseArea_min_std]  [3/3 files]
                         ch71  method=statistical+IF        max_z=7.83      if_score=-0.7625     features=[pulseHeight_max_median;pulseArea_max_median;pulseArea_min_mean;pulseArea_min_std]  [3/3 files]
                         ch72  method=statistical+IF        max_z=6.61      if_score=-0.7504     features=[pulseDuriation_min_mean;pulseDuriation_min_std;LVDSpin]  [3/3 files]
                         ch73  method=statistical+IF        max_z=6.61      if_score=-0.7256     features=[LVDSpin]  [3/3 files]
                         ch74  method=statistical+IF        max_z=8.47      if_score=-0.759      features=[sideband_mean_mean;sideband_mean_std;pulseArea_min_mean;pulseArea_min_std;pulseArea_min_median]  [3/3 files]
                         ch75  method=statistical+IF        max_z=8.69      if_score=-0.7471     features=[sideband_mean_std;sideband_mean_median;pulseArea_min_mean;pulseArea_min_std]  [3/3 files]
                         ch76  method=statistical+IF        max_z=7.74      if_score=-0.744      features=[pulseArea_max_std;pulseArea_min_mean;pulseArea_min_std]  [3/3 files]
                         ch77  method=isolation_forest      max_z=5.79      if_score=-0.7261     features=[]  [3/3 files]
                         ch78  method=statistical+IF        max_z=9.75      if_score=-0.7762     features=[pulseHeight_max_mean;pulseHeight_min_mean;pulseHeight_min_std;pulseArea_max_mean;pulseArea_max_std;pulseArea_min_mean;pulseArea_min_std]  [3/3 files]
                         ch79  method=statistical+IF        max_z=9.56      if_score=-0.7336     features=[pulseArea_max_mean;pulseArea_max_std;pulseArea_min_mean;pulseArea_min_std]  [3/3 files]
                         ch86  method=isolation_forest      max_z=5.4       if_score=-0.7285     features=[]  [3/3 files]
                         ch87  method=statistical+IF        max_z=7.05      if_score=-0.742      features=[sideband_mean_median;pulseArea_min_std]  [3/3 files]
[ALERT] 2026-04-28T18:57:04Z  Digitizer_run1541_subrun120.csv  —  18 persistent anomalous ch  (window: 3 files)  |  18/97 anomalous ch  [bulk ≥5]
                         ch64  method=statistical+IF        max_z=9.46      if_score=-0.7557     features=[sideband_mean_mean;sideband_mean_std;pulseArea_min_std]  [3/3 files]
                         ch65  method=statistical+IF        max_z=10.07     if_score=-0.7492     features=[sideband_mean_std;sideband_mean_median;pulseArea_min_std]  [3/3 files]
                         ch66  method=statistical+IF        max_z=10.21     if_score=-0.7688     features=[sideband_mean_mean;sideband_mean_std;nPulses_std;pulseHeight_max_median;pulseArea_max_mean;pulseArea_max_std;pulseArea_min_mean;pulseArea_min_std]  [3/3 files]
                         ch67  method=statistical+IF        max_z=12.43     if_score=-0.7831     features=[sideband_mean_mean;sideband_mean_std;sideband_rms_mean;sideband_rms_std;pulseHeight_max_mean;pulseHeight_max_median;pulseHeight_min_mean;pulseArea_max_mean;pulseArea_max_std;pulseArea_max_median;pulseArea_min_mean;pulseArea_min_std;pulseArea_min_median]  [3/3 files]
                         ch68  method=statistical+IF        max_z=10.16     if_score=-0.7614     features=[sideband_mean_mean;sideband_mean_std;sideband_rms_mean;sideband_rms_std]  [3/3 files]
                         ch69  method=statistical+IF        max_z=11.0      if_score=-0.7669     features=[sideband_mean_mean;sideband_mean_std;sideband_rms_mean;sideband_rms_std]  [3/3 files]
                         ch70  method=statistical+IF        max_z=12.79     if_score=-0.748      features=[sideband_mean_median;pulseHeight_max_mean;pulseHeight_max_median;pulseHeight_min_std;pulseArea_max_mean;pulseArea_max_std;pulseArea_max_median;pulseArea_min_mean;pulseArea_min_std;pulseDuriation_max_std;pulseDuriation_min_std]  [3/3 files]
                         ch71  method=statistical+IF        max_z=10.4      if_score=-0.7502     features=[pulseHeight_max_mean;pulseHeight_max_median;pulseHeight_min_mean;pulseHeight_min_std;pulseArea_max_mean;pulseArea_max_std;pulseArea_max_median;pulseArea_min_mean;pulseArea_min_std]  [3/3 files]
                         ch72  method=statistical+IF        max_z=6.55      if_score=-0.7314     features=[LVDSpin]  [3/3 files]
                         ch73  method=statistical+IF        max_z=6.9       if_score=-0.7316     features=[nPulses_std;pulseDuriation_max_std;pulseDuriation_min_std;LVDSpin]  [3/3 files]
                         ch74  method=statistical+IF        max_z=7.53      if_score=-0.7323     features=[sideband_mean_median]  [3/3 files]
                         ch75  method=isolation_forest      max_z=5.45      if_score=-0.7118     features=[]  [3/3 files]
                         ch76  method=statistical+IF        max_z=7.25      if_score=-0.7562     features=[sideband_mean_std;pulseArea_max_std;pulseArea_min_std]  [3/3 files]
                         ch77  method=statistical+IF        max_z=6.6       if_score=-0.7407     features=[sideband_mean_std;pulseArea_max_std]  [3/3 files]
                         ch78  method=statistical+IF        max_z=7.67      if_score=-0.7536     features=[sideband_mean_std;pulseArea_max_std;pulseArea_min_std]  [3/3 files]
                         ch79  method=statistical+IF        max_z=8.0       if_score=-0.7316     features=[sideband_mean_mean;sideband_mean_std;pulseArea_max_std]  [3/3 files]
                         ch86  method=statistical+IF        max_z=10.19     if_score=-0.7412     features=[sideband_mean_mean;sideband_mean_std]  [3/3 files]
                         ch87  method=statistical+IF        max_z=8.51      if_score=-0.7533     features=[sideband_mean_mean;sideband_mean_std;pulseHeight_min_mean;pulseHeight_min_std;pulseArea_min_mean]  [3/3 files]
[ALERT] 2026-04-28T18:57:06Z  Digitizer_run1541_subrun167.csv  —  18 persistent anomalous ch  (window: 3 files)  |  18/97 anomalous ch  [bulk ≥5]
                         ch64  method=statistical+IF        max_z=8.03      if_score=-0.7492     features=[sideband_mean_mean;sideband_mean_std;sideband_rms_mean;sideband_rms_std;occupancy]  [3/3 files]
                         ch65  method=statistical+IF        max_z=9.75      if_score=-0.7497     features=[sideband_mean_mean;sideband_mean_std;sideband_rms_mean;sideband_rms_std]  [3/3 files]
                         ch66  method=statistical+IF        max_z=7.88      if_score=-0.7152     features=[sideband_mean_median]  [3/3 files]
                         ch67  method=statistical+IF        max_z=9.73      if_score=-0.7123     features=[sideband_mean_median]  [3/3 files]
                         ch68  method=statistical+IF        max_z=11.74     if_score=-0.744      features=[sideband_mean_median;nPulses_median;pulseHeight_max_median;pulseArea_max_mean;pulseArea_max_std;pulseArea_max_median;pulseArea_min_mean;pulseArea_min_std]  [3/3 files]
                         ch69  method=statistical+IF        max_z=6.88      if_score=-0.7172     features=[pulseArea_max_std]  [3/3 files]
                         ch70  method=statistical+IF        max_z=9.11      if_score=-0.745      features=[sideband_rms_std;nPulses_std;pulseHeight_max_median;pulseHeight_min_median;pulseArea_max_median;pulseArea_min_median]  [3/3 files]
                         ch71  method=statistical+IF        max_z=7.23      if_score=-0.7139     features=[sideband_mean_median]  [3/3 files]
                         ch72  method=statistical+IF        max_z=6.19      if_score=-0.7598     features=[LVDSpin]  [3/3 files]
                         ch73  method=statistical+IF        max_z=6.19      if_score=-0.7433     features=[LVDSpin]  [3/3 files]
                         ch74  method=statistical+IF        max_z=7.62      if_score=-0.7102     features=[pulseHeight_min_median;pulseArea_min_median;pulseDuriation_min_median]  [3/3 files]
                         ch75  method=isolation_forest      max_z=5.27      if_score=-0.7194     features=[]  [3/3 files]
                         ch76  method=isolation_forest      max_z=5.83      if_score=-0.7231     features=[]  [3/3 files]
                         ch77  method=statistical+IF        max_z=9.22      if_score=-0.7373     features=[pulseHeight_min_median;pulseArea_min_std;pulseArea_min_median]  [3/3 files]
                         ch78  method=statistical+IF        max_z=11.37     if_score=-0.7745     features=[sideband_mean_mean;sideband_mean_std;sideband_rms_mean;sideband_rms_std;pulseArea_max_mean;pulseArea_max_std;pulseArea_min_mean;pulseArea_min_std]  [3/3 files]
                         ch79  method=statistical+IF        max_z=11.28     if_score=-0.759      features=[sideband_mean_mean;sideband_mean_std;nPulses_mean;nPulses_median;pulseHeight_max_mean;pulseHeight_max_median;pulseArea_max_mean;pulseArea_max_std;pulseArea_max_median;pulseArea_min_mean;pulseArea_min_std]  [3/3 files]
                         ch86  method=statistical+IF        max_z=6.69      if_score=-0.7137     features=[occupancy]  [3/3 files]
                         ch87  method=statistical+IF        max_z=7.16      if_score=-0.7398     features=[pulseArea_min_mean;pulseArea_min_std]  [3/3 files]
[ALERT] 2026-04-28T18:57:08Z  Digitizer_run1541_subrun174.csv  —  18 persistent + 1 transient anomalous ch  (window: 3 files)  |  19/97 anomalous ch  [bulk ≥5]
                         ch64  method=statistical+IF        max_z=8.36      if_score=-0.7244     features=[sideband_mean_median;pulseArea_max_std;pulseArea_min_mean;pulseArea_min_std;pulseDuriation_min_std]  [3/3 files]
                         ch65  method=statistical+IF        max_z=8.84      if_score=-0.7331     features=[sideband_mean_median;pulseHeight_min_median;pulseArea_max_std;pulseArea_min_mean;pulseArea_min_std;pulseArea_min_median]  [3/3 files]
                         ch66  method=statistical+IF        max_z=9.13      if_score=-0.7458     features=[sideband_mean_median;pulseHeight_min_mean;pulseArea_max_std;pulseArea_min_mean;pulseArea_min_std]  [3/3 files]
                         ch67  method=statistical+IF        max_z=7.94      if_score=-0.7356     features=[sideband_mean_median;pulseArea_max_std;pulseArea_min_mean;pulseArea_min_std]  [3/3 files]
                         ch68  method=isolation_forest      max_z=5.44      if_score=-0.7071     features=[]  [3/3 files]
                         ch69  method=statistical+IF        max_z=6.06      if_score=-0.7324     features=[pulseHeight_min_median]  [3/3 files]
                         ch70  method=statistical+IF        max_z=7.23      if_score=-0.7536     features=[sideband_mean_std;sideband_rms_std]  [3/3 files]
                         ch71  method=statistical+IF        max_z=7.68      if_score=-0.7692     features=[sideband_mean_std;pulseHeight_max_median;pulseArea_max_median]  [3/3 files]
                         ch72  method=statistical+IF        max_z=8.44      if_score=-0.7639     features=[pulseArea_max_std;pulseArea_min_std]  [3/3 files]
                         ch73  method=statistical+IF        max_z=9.47      if_score=-0.7652     features=[pulseHeight_min_mean;pulseHeight_min_std;pulseArea_max_mean;pulseArea_max_std;pulseArea_min_mean;pulseArea_min_std]  [3/3 files]
                         ch74  method=statistical+IF        max_z=6.3       if_score=-0.7367     features=[LVDSpin]  [3/3 files]
                         ch75  method=statistical+IF        max_z=8.54      if_score=-0.7407     features=[sideband_mean_median;pulseArea_min_median;LVDSpin]  [3/3 files]
                         ch76  method=statistical+IF        max_z=8.55      if_score=-0.7616     features=[sideband_mean_mean;sideband_mean_std;sideband_mean_median;pulseArea_max_std;pulseArea_min_std]  [3/3 files]
                         ch77  method=statistical+IF        max_z=8.41      if_score=-0.7383     features=[sideband_mean_std;sideband_mean_median;nPulses_std;pulseArea_max_std;pulseArea_min_mean;pulseArea_min_std]  [3/3 files]
                         ch78  method=isolation_forest      max_z=5.93      if_score=-0.747      features=[]  [3/3 files]
                         ch79  method=statistical+IF        max_z=11.62     if_score=-0.7283     features=[sideband_mean_median;pulseArea_max_median;pulseDuriation_max_std;pulseDuriation_min_std]  [3/3 files]
                         ch86  method=statistical+IF        max_z=7.77      if_score=-0.7194     features=[pulseHeight_max_mean;pulseHeight_max_median;pulseArea_max_mean;pulseArea_max_median]  [3/3 files]
                         ch87  method=statistical+IF        max_z=11.82     if_score=-0.7508     features=[pulseHeight_max_mean;pulseHeight_max_median;pulseHeight_min_mean;pulseArea_max_mean;pulseArea_max_median;pulseArea_min_mean]  [3/3 files]
                          ch3  method=statistical           max_z=6.38      if_score=-0.4627     features=[pulseHeight_min_median]  [1/3 files]
[ALERT] 2026-04-28T18:57:10Z  Digitizer_run1541_subrun199.csv  —  18 persistent + 2 transient anomalous ch  (window: 3 files)  |  20/97 anomalous ch  [bulk ≥5]  |  extreme z=15.9 on ch91
                         ch64  method=statistical+IF        max_z=8.22      if_score=-0.7373     features=[pulseHeight_min_mean;pulseHeight_min_std;pulseArea_max_std;pulseArea_min_mean;pulseArea_min_std;pulseDuriation_min_std]  [3/3 files]
                         ch65  method=statistical+IF        max_z=6.43      if_score=-0.7111     features=[pulseArea_min_std]  [3/3 files]
                         ch66  method=isolation_forest      max_z=5.2       if_score=-0.7214     features=[]  [3/3 files]
                         ch67  method=isolation_forest      max_z=5.91      if_score=-0.7316     features=[]  [3/3 files]
                         ch68  method=statistical+IF        max_z=8.88      if_score=-0.7027     features=[sideband_mean_median;nPulses_median]  [3/3 files]
                         ch69  method=statistical+IF        max_z=6.86      if_score=-0.7245     features=[sideband_mean_median]  [3/3 files]
                         ch70  method=statistical+IF        max_z=10.44     if_score=-0.7715     features=[sideband_mean_mean;sideband_mean_std;sideband_rms_mean;sideband_rms_std;pulseArea_min_std]  [3/3 files]
                         ch71  method=statistical+IF        max_z=9.28      if_score=-0.7529     features=[sideband_mean_mean;sideband_mean_std;pulseArea_max_std;pulseArea_min_std]  [3/3 files]
                         ch72  method=statistical+IF        max_z=12.75     if_score=-0.7559     features=[sideband_mean_mean;sideband_mean_std;sideband_mean_median;sideband_rms_mean;sideband_rms_std]  [3/3 files]
                         ch73  method=statistical+IF        max_z=14.16     if_score=-0.7499     features=[sideband_mean_mean;sideband_mean_std;sideband_rms_mean;sideband_rms_std]  [3/3 files]
                         ch74  method=isolation_forest      max_z=5.37      if_score=-0.7498     features=[]  [3/3 files]
                         ch75  method=isolation_forest      max_z=5.56      if_score=-0.7329     features=[]  [3/3 files]
                         ch76  method=statistical+IF        max_z=12.78     if_score=-0.7353     features=[sideband_rms_mean;sideband_rms_std]  [3/3 files]
                         ch77  method=statistical+IF        max_z=14.19     if_score=-0.7184     features=[sideband_mean_mean;sideband_rms_mean;sideband_rms_std]  [3/3 files]
                         ch78  method=statistical+IF        max_z=6.43      if_score=-0.7278     features=[sideband_mean_median]  [3/3 files]
                         ch79  method=statistical+IF        max_z=7.0       if_score=-0.7186     features=[pulseHeight_min_median;pulseArea_min_median]  [3/3 files]
                         ch86  method=statistical+IF        max_z=10.57     if_score=-0.7397     features=[sideband_mean_median;pulseHeight_max_median;pulseArea_max_median;pulseDuriation_max_std;pulseDuriation_min_mean;pulseDuriation_min_std]  [3/3 files]
                         ch87  method=statistical+IF        max_z=9.45      if_score=-0.7511     features=[sideband_mean_median;pulseHeight_max_mean;pulseHeight_max_median;pulseHeight_min_mean;pulseArea_max_median;pulseArea_min_median;pulseDuriation_max_std;pulseDuriation_min_mean;pulseDuriation_min_std;pulseDuriation_min_median]  [3/3 files]
                          ch6  method=statistical           max_z=6.64      if_score=-0.5257     features=[nPulses_median]  [1/3 files]
                         ch91  method=statistical           max_z=15.91     if_score=-0.5165     features=[nPulses_median]  [1/3 files]
[ALERT] 2026-04-28T18:57:12Z  Digitizer_run1541_subrun215.csv  —  18 persistent anomalous ch  (window: 3 files)  |  18/97 anomalous ch  [bulk ≥5]
                         ch64  method=statistical+IF        max_z=11.75     if_score=-0.6893     features=[sideband_mean_median;LVDSpin]  [3/3 files]
                         ch65  method=statistical+IF        max_z=6.27      if_score=-0.7123     features=[LVDSpin]  [3/3 files]
                         ch66  method=statistical+IF        max_z=6.2       if_score=-0.743      features=[pulseHeight_min_mean;LVDSpin]  [3/3 files]
                         ch67  method=statistical+IF        max_z=10.19     if_score=-0.754      features=[sideband_rms_mean;pulseHeight_min_mean;pulseHeight_min_median;pulseArea_min_median;pulseDuriation_min_std;pulseDuriation_min_median;LVDSpin]  [3/3 files]
                         ch68  method=isolation_forest      max_z=5.82      if_score=-0.6891     features=[]  [3/3 files]
                         ch69  method=statistical+IF        max_z=6.63      if_score=-0.7415     features=[nPulses_std;pulseHeight_min_median;pulseArea_min_median]  [3/3 files]
                         ch70  method=statistical+IF        max_z=10.28     if_score=-0.7231     features=[pulseArea_max_std;pulseArea_min_std;pulseDuriation_max_std;pulseDuriation_min_std]  [3/3 files]
                         ch71  method=statistical+IF        max_z=8.12      if_score=-0.7209     features=[pulseDuriation_max_std;pulseDuriation_min_std]  [3/3 files]
                         ch72  method=statistical+IF        max_z=7.97      if_score=-0.754      features=[sideband_mean_mean;sideband_mean_std;pulseArea_min_median;pulseDuriation_min_mean;pulseDuriation_min_std]  [3/3 files]
                         ch73  method=statistical+IF        max_z=8.15      if_score=-0.7481     features=[sideband_mean_mean;sideband_mean_std;pulseDuriation_max_std;pulseDuriation_min_std]  [3/3 files]
                         ch74  method=statistical+IF        max_z=7.09      if_score=-0.7433     features=[pulseHeight_max_median;pulseArea_max_median;pulseDuriation_min_std]  [3/3 files]
                         ch75  method=statistical+IF        max_z=7.4       if_score=-0.7586     features=[pulseHeight_min_mean;pulseArea_min_median;pulseDuriation_max_std;pulseDuriation_min_std]  [3/3 files]
                         ch76  method=statistical+IF        max_z=6.17      if_score=-0.7309     features=[pulseHeight_max_mean;pulseHeight_min_mean;pulseArea_max_mean]  [3/3 files]
                         ch77  method=isolation_forest      max_z=5.98      if_score=-0.737      features=[]  [3/3 files]
                         ch78  method=isolation_forest      max_z=5.29      if_score=-0.7148     features=[]  [3/3 files]
                         ch79  method=statistical+IF        max_z=7.45      if_score=-0.7202     features=[pulseDuriation_max_std;pulseDuriation_min_std]  [3/3 files]
                         ch86  method=statistical+IF        max_z=11.92     if_score=-0.7545     features=[pulseArea_max_mean;pulseArea_max_std;pulseArea_min_mean;pulseArea_min_std;pulseDuriation_max_std;pulseDuriation_min_mean;pulseDuriation_min_std]  [3/3 files]
                         ch87  method=statistical+IF        max_z=10.07     if_score=-0.7474     features=[pulseArea_max_mean;pulseArea_max_std;pulseArea_min_mean;pulseArea_min_std;pulseDuriation_max_std;pulseDuriation_min_std]  [3/3 files]
[ALERT] 2026-04-28T18:57:14Z  Digitizer_run1541_subrun216.csv  —  18 persistent anomalous ch  (window: 3 files)  |  18/97 anomalous ch  [bulk ≥5]
                         ch64  method=statistical+IF        max_z=7.18      if_score=-0.7472     features=[sideband_mean_median;occupancy]  [3/3 files]
                         ch65  method=statistical+IF        max_z=6.7       if_score=-0.7549     features=[sideband_rms_mean;occupancy]  [3/3 files]
                         ch66  method=statistical+IF        max_z=7.59      if_score=-0.7421     features=[sideband_mean_median;pulseHeight_max_median;pulseArea_max_median]  [3/3 files]
                         ch67  method=statistical+IF        max_z=6.58      if_score=-0.7432     features=[sideband_mean_median;pulseHeight_max_median;pulseHeight_min_median;pulseArea_max_mean;pulseArea_max_median]  [3/3 files]
                         ch68  method=statistical+IF        max_z=7.08      if_score=-0.7454     features=[sideband_mean_std;LVDSpin]  [3/3 files]
                         ch69  method=statistical+IF        max_z=9.04      if_score=-0.7412     features=[sideband_mean_mean;sideband_mean_std;sideband_rms_mean;sideband_rms_std;LVDSpin]  [3/3 files]
                         ch70  method=statistical+IF        max_z=6.05      if_score=-0.724      features=[pulseHeight_max_mean]  [3/3 files]
                         ch71  method=isolation_forest      max_z=5.66      if_score=-0.7182     features=[]  [3/3 files]
                         ch72  method=statistical+IF        max_z=7.28      if_score=-0.7521     features=[sideband_mean_mean;sideband_mean_std;sideband_rms_std]  [3/3 files]
                         ch73  method=statistical+IF        max_z=7.91      if_score=-0.7346     features=[sideband_mean_mean;sideband_mean_std]  [3/3 files]
                         ch74  method=isolation_forest      max_z=5.92      if_score=-0.7262     features=[]  [3/3 files]
                         ch75  method=statistical+IF        max_z=7.36      if_score=-0.7361     features=[sideband_mean_median;pulseHeight_max_median;pulseHeight_min_median;pulseArea_max_median;pulseArea_min_median]  [3/3 files]
                         ch76  method=statistical+IF        max_z=14.3      if_score=-0.7708     features=[sideband_mean_mean;sideband_mean_std;sideband_rms_mean;sideband_rms_std]  [3/3 files]
                         ch77  method=statistical+IF        max_z=9.27      if_score=-0.7657     features=[sideband_mean_mean;sideband_mean_std;sideband_mean_median;sideband_rms_mean;sideband_rms_std;nPulses_median;pulseArea_min_std]  [3/3 files]
                         ch78  method=statistical+IF        max_z=6.86      if_score=-0.7428     features=[sideband_mean_std]  [3/3 files]
                         ch79  method=statistical+IF        max_z=10.54     if_score=-0.7407     features=[sideband_mean_std;sideband_mean_median;sideband_rms_std]  [3/3 files]
                         ch86  method=statistical+IF        max_z=7.09      if_score=-0.7497     features=[pulseHeight_min_mean;pulseHeight_min_std]  [3/3 files]
                         ch87  method=statistical+IF        max_z=7.05      if_score=-0.7645     features=[sideband_mean_mean;sideband_mean_std;sideband_rms_mean;sideband_rms_std;pulseHeight_min_median]  [3/3 files]
[ALERT] 2026-04-28T18:57:17Z  Digitizer_run1541_subrun228.csv  —  18 persistent anomalous ch  (window: 3 files)  |  18/97 anomalous ch  [bulk ≥5]
                         ch64  method=statistical+IF        max_z=7.65      if_score=-0.7334     features=[sideband_mean_median]  [3/3 files]
                         ch65  method=isolation_forest      max_z=5.6       if_score=-0.7333     features=[]  [3/3 files]
                         ch66  method=statistical+IF        max_z=7.53      if_score=-0.7483     features=[sideband_mean_std]  [3/3 files]
                         ch67  method=statistical+IF        max_z=7.55      if_score=-0.7551     features=[sideband_mean_std;pulseArea_min_median]  [3/3 files]
                         ch68  method=statistical+IF        max_z=7.15      if_score=-0.7109     features=[sideband_mean_median]  [3/3 files]
                         ch69  method=statistical+IF        max_z=6.67      if_score=-0.7189     features=[sideband_mean_median;nPulses_std]  [3/3 files]
                         ch70  method=isolation_forest      max_z=5.86      if_score=-0.7035     features=[]  [3/3 files]
                         ch71  method=statistical+IF        max_z=9.62      if_score=-0.7165     features=[sideband_mean_median;pulseDuriation_max_std;pulseDuriation_min_std]  [3/3 files]
                         ch72  method=statistical+IF        max_z=6.05      if_score=-0.7635     features=[pulseDuriation_min_std]  [3/3 files]
                         ch73  method=isolation_forest      max_z=5.86      if_score=-0.7456     features=[]  [3/3 files]
                         ch74  method=statistical+IF        max_z=8.15      if_score=-0.7592     features=[sideband_mean_mean;sideband_mean_std;sideband_mean_median;LVDSpin]  [3/3 files]
                         ch75  method=statistical+IF        max_z=8.04      if_score=-0.7404     features=[sideband_mean_mean;sideband_mean_std;LVDSpin]  [3/3 files]
                         ch76  method=statistical+IF        max_z=9.93      if_score=-0.7528     features=[sideband_rms_mean;sideband_rms_std]  [3/3 files]
                         ch77  method=statistical+IF        max_z=12.86     if_score=-0.7673     features=[sideband_mean_median;sideband_rms_mean;sideband_rms_std;nPulses_median;pulseArea_min_std;pulseDuriation_max_std;pulseDuriation_min_std]  [3/3 files]
                         ch78  method=statistical+IF        max_z=8.41      if_score=-0.7443     features=[pulseHeight_max_mean;pulseHeight_min_mean;pulseHeight_min_std;pulseArea_max_mean;pulseArea_min_mean]  [3/3 files]
                         ch79  method=isolation_forest      max_z=5.64      if_score=-0.7332     features=[]  [3/3 files]
                         ch86  method=statistical+IF        max_z=10.81     if_score=-0.7558     features=[sideband_mean_median;pulseArea_min_std;pulseDuriation_max_std;pulseDuriation_min_mean;pulseDuriation_min_std]  [3/3 files]
                         ch87  method=statistical+IF        max_z=8.81      if_score=-0.7552     features=[pulseDuriation_max_std;pulseDuriation_min_std]  [3/3 files]
[ALERT] 2026-04-28T18:57:19Z  Digitizer_run1541_subrun230.csv  —  18 persistent + 3 transient anomalous ch  (window: 3 files)  |  21/97 anomalous ch  [bulk ≥5]  |  extreme z=17.4 on ch70
                         ch64  method=statistical+IF        max_z=7.99      if_score=-0.703      features=[nPulses_std;pulseHeight_min_median;pulseArea_min_median]  [3/3 files]
                         ch65  method=isolation_forest      max_z=5.65      if_score=-0.7096     features=[]  [3/3 files]
                         ch66  method=statistical+IF        max_z=8.18      if_score=-0.7331     features=[pulseHeight_min_median;pulseArea_max_std;pulseArea_min_std;pulseArea_min_median]  [3/3 files]
                         ch67  method=statistical+IF        max_z=6.96      if_score=-0.7292     features=[pulseHeight_max_median;pulseArea_max_std;pulseArea_min_std]  [3/3 files]
                         ch68  method=statistical+IF        max_z=7.24      if_score=-0.7103     features=[nPulses_median]  [3/3 files]
                         ch69  method=isolation_forest      max_z=5.73      if_score=-0.7274     features=[]  [3/3 files]
                         ch70  method=statistical+IF        max_z=17.35     if_score=-0.7227     features=[sideband_mean_mean;sideband_mean_std;sideband_rms_mean;sideband_rms_std;nPulses_mean;nPulses_std]  [3/3 files]
                         ch71  method=statistical+IF        max_z=15.1      if_score=-0.7356     features=[sideband_mean_mean;sideband_mean_std;nPulses_std;pulseDuriation_max_std;pulseDuriation_min_std]  [3/3 files]
                         ch72  method=statistical+IF        max_z=8.19      if_score=-0.7569     features=[pulseArea_max_std;pulseArea_min_mean;pulseArea_min_std;LVDSpin]  [3/3 files]
                         ch73  method=statistical+IF        max_z=8.28      if_score=-0.7469     features=[pulseArea_max_mean;pulseArea_max_std;pulseArea_min_mean;pulseArea_min_std;pulseDuriation_max_std;pulseDuriation_min_std;LVDSpin]  [3/3 files]
                         ch74  method=statistical+IF        max_z=8.0       if_score=-0.7294     features=[nPulses_median;pulseHeight_max_median;pulseArea_max_median;pulseDuriation_max_std;pulseDuriation_min_std]  [3/3 files]
                         ch75  method=statistical+IF        max_z=7.18      if_score=-0.7156     features=[nPulses_std;pulseDuriation_max_std;pulseDuriation_min_std]  [3/3 files]
                         ch76  method=statistical+IF        max_z=6.08      if_score=-0.7535     features=[sideband_mean_std]  [3/3 files]
                         ch77  method=statistical+IF        max_z=9.11      if_score=-0.7298     features=[sideband_mean_median;nPulses_median]  [3/3 files]
                         ch78  method=statistical+IF        max_z=8.13      if_score=-0.7803     features=[sideband_mean_mean;sideband_mean_std;sideband_rms_mean;sideband_rms_std;LVDSpin]  [3/3 files]
                         ch79  method=statistical+IF        max_z=8.11      if_score=-0.7445     features=[sideband_mean_mean;sideband_mean_std;LVDSpin]  [3/3 files]
                         ch86  method=statistical+IF        max_z=6.25      if_score=-0.7356     features=[occupancy]  [3/3 files]
                         ch87  method=statistical+IF        max_z=6.35      if_score=-0.7321     features=[nPulses_std]  [3/3 files]
                         ch18  method=statistical           max_z=6.54      if_score=-0.5009     features=[sideband_mean_mean]  [1/3 files]
                         ch19  method=statistical           max_z=6.94      if_score=-0.5398     features=[sideband_mean_mean]  [1/3 files]
                          ch2  method=statistical           max_z=9.52      if_score=-0.5043     features=[nPulses_median]  [1/3 files]
[ALERT] 2026-04-28T18:57:21Z  Digitizer_run1541_subrun251.csv  —  18 persistent anomalous ch  (window: 3 files)  |  18/97 anomalous ch  [bulk ≥5]
                         ch64  method=statistical+IF        max_z=8.43      if_score=-0.7433     features=[sideband_rms_mean;sideband_rms_std]  [3/3 files]
                         ch65  method=statistical+IF        max_z=9.29      if_score=-0.7486     features=[sideband_mean_median;sideband_rms_mean;sideband_rms_std;pulseDuriation_max_std;pulseDuriation_min_std]  [3/3 files]
                         ch66  method=isolation_forest      max_z=5.53      if_score=-0.7034     features=[]  [3/3 files]
                         ch67  method=isolation_forest      max_z=5.83      if_score=-0.7011     features=[]  [3/3 files]
                         ch68  method=statistical+IF        max_z=7.46      if_score=-0.7632     features=[sideband_rms_mean;sideband_rms_std;nPulses_median;pulseHeight_max_median;pulseArea_max_median]  [3/3 files]
                         ch69  method=statistical+IF        max_z=8.55      if_score=-0.7604     features=[sideband_mean_median;sideband_rms_mean;sideband_rms_std;pulseHeight_min_median;pulseArea_min_median]  [3/3 files]
                         ch70  method=isolation_forest      max_z=5.24      if_score=-0.7089     features=[]  [3/3 files]
                         ch71  method=isolation_forest      max_z=5.83      if_score=-0.7234     features=[]  [3/3 files]
                         ch72  method=statistical+IF        max_z=6.77      if_score=-0.7587     features=[pulseArea_max_std]  [3/3 files]
                         ch73  method=statistical+IF        max_z=7.52      if_score=-0.7431     features=[sideband_mean_median;pulseArea_max_std;pulseArea_min_std;pulseDuriation_max_std;pulseDuriation_min_std]  [3/3 files]
                         ch74  method=statistical+IF        max_z=8.65      if_score=-0.7645     features=[sideband_mean_mean;sideband_mean_std;sideband_rms_mean;sideband_rms_std;pulseArea_max_std;pulseArea_min_std;pulseDuriation_min_std]  [3/3 files]
                         ch75  method=statistical+IF        max_z=9.09      if_score=-0.7664     features=[sideband_mean_mean;sideband_mean_std;sideband_rms_mean;sideband_rms_std;nPulses_std;pulseArea_max_std;pulseArea_min_mean;pulseArea_min_std;pulseDuriation_min_std]  [3/3 files]
                         ch76  method=statistical+IF        max_z=8.96      if_score=-0.771      features=[sideband_mean_mean;sideband_mean_std]  [3/3 files]
                         ch77  method=statistical+IF        max_z=10.08     if_score=-0.7401     features=[sideband_mean_mean;sideband_mean_std;sideband_rms_mean;sideband_rms_std]  [3/3 files]
                         ch78  method=statistical+IF        max_z=9.07      if_score=-0.7699     features=[sideband_mean_mean;sideband_mean_std;sideband_rms_mean;sideband_rms_std;LVDSpin]  [3/3 files]
                         ch79  method=statistical+IF        max_z=11.47     if_score=-0.7529     features=[sideband_mean_mean;sideband_mean_std;sideband_rms_mean;sideband_rms_std;LVDSpin]  [3/3 files]
                         ch86  method=statistical+IF        max_z=9.67      if_score=-0.7447     features=[sideband_rms_mean;sideband_rms_std]  [3/3 files]
                         ch87  method=isolation_forest      max_z=5.63      if_score=-0.7263     features=[]  [3/3 files]
[ALERT] 2026-04-28T18:57:23Z  Digitizer_run1541_subrun257.csv  —  18 persistent anomalous ch  (window: 3 files)  |  18/97 anomalous ch  [bulk ≥5]  |  extreme z=15.9 on ch64
                         ch64  method=statistical+IF        max_z=15.91     if_score=-0.7141     features=[sideband_mean_median]  [3/3 files]
                         ch65  method=isolation_forest      max_z=5.98      if_score=-0.7025     features=[]  [3/3 files]
                         ch66  method=statistical+IF        max_z=8.22      if_score=-0.7219     features=[sideband_mean_std;nPulses_std]  [3/3 files]
                         ch67  method=statistical+IF        max_z=8.24      if_score=-0.7406     features=[sideband_mean_mean;sideband_mean_std]  [3/3 files]
                         ch68  method=statistical+IF        max_z=7.24      if_score=-0.7201     features=[nPulses_median;LVDSpin]  [3/3 files]
                         ch69  method=statistical+IF        max_z=6.21      if_score=-0.7265     features=[LVDSpin]  [3/3 files]
                         ch70  method=isolation_forest      max_z=5.21      if_score=-0.7266     features=[]  [3/3 files]
                         ch71  method=statistical+IF        max_z=10.14     if_score=-0.7366     features=[sideband_mean_median]  [3/3 files]
                         ch72  method=statistical+IF        max_z=7.72      if_score=-0.7547     features=[sideband_mean_mean;sideband_mean_std]  [3/3 files]
                         ch73  method=statistical+IF        max_z=8.11      if_score=-0.724      features=[sideband_mean_mean;sideband_mean_std]  [3/3 files]
                         ch74  method=statistical+IF        max_z=7.46      if_score=-0.7567     features=[sideband_mean_std;sideband_mean_median;pulseHeight_min_mean;pulseHeight_min_std;pulseHeight_min_median;pulseArea_min_median]  [3/3 files]
                         ch75  method=statistical+IF        max_z=7.55      if_score=-0.7611     features=[sideband_mean_mean;sideband_mean_std;sideband_mean_median;pulseArea_min_median]  [3/3 files]
                         ch76  method=statistical+IF        max_z=6.74      if_score=-0.7525     features=[sideband_mean_std]  [3/3 files]
                         ch77  method=statistical+IF        max_z=6.61      if_score=-0.7315     features=[sideband_mean_std]  [3/3 files]
                         ch78  method=isolation_forest      max_z=5.74      if_score=-0.7281     features=[]  [3/3 files]
                         ch79  method=isolation_forest      max_z=5.74      if_score=-0.6936     features=[]  [3/3 files]
                         ch86  method=isolation_forest      max_z=5.84      if_score=-0.7007     features=[]  [3/3 files]
                         ch87  method=isolation_forest      max_z=5.95      if_score=-0.7064     features=[]  [3/3 files]
[ALERT] 2026-04-28T18:57:25Z  Digitizer_run1541_subrun260.csv  —  18 persistent anomalous ch  (window: 3 files)  |  18/97 anomalous ch  [bulk ≥5]  |  extreme z=17.9 on ch64
                         ch64  method=statistical+IF        max_z=17.95     if_score=-0.7719     features=[sideband_mean_mean;sideband_mean_std;sideband_rms_mean;sideband_rms_std;pulseArea_max_std;pulseArea_min_std]  [3/3 files]
                         ch65  method=statistical+IF        max_z=14.78     if_score=-0.7757     features=[sideband_mean_mean;sideband_mean_std;sideband_rms_mean;sideband_rms_std;nPulses_std;pulseArea_max_std;pulseArea_min_std]  [3/3 files]
                         ch66  method=statistical+IF        max_z=11.5      if_score=-0.769      features=[sideband_mean_mean;sideband_mean_std;sideband_rms_mean;sideband_rms_std]  [3/3 files]
                         ch67  method=statistical+IF        max_z=12.29     if_score=-0.7645     features=[sideband_mean_mean;sideband_mean_std;sideband_mean_median;sideband_rms_mean;sideband_rms_std]  [3/3 files]
                         ch68  method=statistical+IF        max_z=7.61      if_score=-0.7386     features=[sideband_mean_mean;sideband_mean_std]  [3/3 files]
                         ch69  method=statistical+IF        max_z=8.23      if_score=-0.7441     features=[sideband_mean_median;pulseHeight_min_median;pulseArea_min_median]  [3/3 files]
                         ch70  method=statistical+IF        max_z=6.53      if_score=-0.7256     features=[pulseHeight_max_median;pulseArea_max_median]  [3/3 files]
                         ch71  method=statistical+IF        max_z=6.64      if_score=-0.731      features=[pulseHeight_max_median;pulseArea_max_median]  [3/3 files]
                         ch72  method=statistical+IF        max_z=6.75      if_score=-0.7491     features=[pulseHeight_max_mean;pulseHeight_min_mean;pulseHeight_min_std;pulseArea_max_mean;pulseArea_min_mean]  [3/3 files]
                         ch73  method=statistical+IF        max_z=7.51      if_score=-0.743      features=[pulseHeight_max_median;pulseHeight_min_mean;pulseArea_max_median;pulseArea_min_mean;pulseDuriation_min_std]  [3/3 files]
                         ch74  method=statistical+IF        max_z=9.69      if_score=-0.7547     features=[sideband_mean_median;pulseHeight_min_std;pulseArea_max_mean;pulseArea_max_std;pulseArea_min_mean;pulseArea_min_std]  [3/3 files]
                         ch75  method=statistical+IF        max_z=8.08      if_score=-0.7592     features=[sideband_mean_mean;sideband_mean_std;sideband_rms_mean;pulseHeight_max_mean;pulseArea_max_mean;pulseArea_max_std;pulseArea_min_std]  [3/3 files]
                         ch76  method=statistical+IF        max_z=7.28      if_score=-0.7714     features=[sideband_mean_std;nPulses_std;pulseHeight_min_mean;pulseArea_max_median;pulseArea_min_median;pulseDuriation_max_median]  [3/3 files]
                         ch77  method=statistical+IF        max_z=6.32      if_score=-0.7422     features=[sideband_mean_std;occupancy]  [3/3 files]
                         ch78  method=isolation_forest      max_z=5.82      if_score=-0.7587     features=[]  [3/3 files]
                         ch79  method=statistical+IF        max_z=9.36      if_score=-0.7456     features=[pulseHeight_max_mean;pulseHeight_max_median;pulseArea_max_mean;pulseArea_max_median]  [3/3 files]
                         ch86  method=statistical+IF        max_z=9.91      if_score=-0.7447     features=[sideband_mean_mean;sideband_mean_std;pulseHeight_min_mean;pulseHeight_min_median;pulseArea_min_mean;pulseArea_min_median;pulseDuriation_min_median]  [3/3 files]
                         ch87  method=statistical+IF        max_z=8.63      if_score=-0.7658     features=[sideband_mean_mean;sideband_mean_std;pulseHeight_min_mean;pulseHeight_min_median;pulseArea_max_median;pulseArea_min_median;pulseDuriation_min_median]  [3/3 files]
[ALERT] 2026-04-28T18:57:27Z  Digitizer_run1541_subrun262.csv  —  18 persistent anomalous ch  (window: 3 files)  |  18/97 anomalous ch  [bulk ≥5]  |  extreme z=21.2 on ch66
                         ch64  method=statistical+IF        max_z=10.21     if_score=-0.754      features=[sideband_mean_mean;sideband_mean_std]  [3/3 files]
                         ch65  method=statistical+IF        max_z=8.61      if_score=-0.7553     features=[sideband_mean_mean;sideband_mean_std;pulseDuriation_max_std;pulseDuriation_min_std]  [3/3 files]
                         ch66  method=statistical+IF        max_z=21.23     if_score=-0.7744     features=[sideband_mean_mean;sideband_mean_std;sideband_rms_mean;sideband_rms_std;pulseHeight_min_mean;pulseHeight_min_std;pulseArea_min_mean]  [3/3 files]
                         ch67  method=statistical+IF        max_z=17.74     if_score=-0.7712     features=[sideband_mean_mean;sideband_mean_std;sideband_mean_median;sideband_rms_mean;sideband_rms_std;nPulses_std;pulseHeight_max_median;pulseArea_max_median]  [3/3 files]
                         ch68  method=statistical+IF        max_z=7.24      if_score=-0.7548     features=[nPulses_std;nPulses_median]  [3/3 files]
                         ch69  method=isolation_forest      max_z=5.74      if_score=-0.7445     features=[]  [3/3 files]
                         ch70  method=statistical+IF        max_z=9.91      if_score=-0.7705     features=[sideband_mean_std;pulseHeight_min_std;pulseArea_max_std;pulseArea_min_mean;pulseArea_min_std;LVDSpin]  [3/3 files]
                         ch71  method=statistical+IF        max_z=7.96      if_score=-0.7607     features=[sideband_mean_mean;sideband_mean_std;pulseArea_max_std;pulseArea_max_median;pulseArea_min_std;LVDSpin]  [3/3 files]
                         ch72  method=isolation_forest      max_z=5.2       if_score=-0.7449     features=[]  [3/3 files]
                         ch73  method=statistical+IF        max_z=11.9      if_score=-0.7348     features=[sideband_mean_median;pulseHeight_min_median;pulseArea_min_median;pulseDuriation_min_median]  [3/3 files]
                         ch74  method=statistical+IF        max_z=7.38      if_score=-0.7721     features=[sideband_mean_median;pulseHeight_max_median;pulseArea_max_median;pulseDuriation_max_std;pulseDuriation_min_std;LVDSpin]  [3/3 files]
                         ch75  method=statistical+IF        max_z=6.52      if_score=-0.7723     features=[sideband_mean_median;pulseArea_min_median;LVDSpin]  [3/3 files]
                         ch76  method=isolation_forest      max_z=5.89      if_score=-0.7159     features=[]  [3/3 files]
                         ch77  method=statistical+IF        max_z=8.09      if_score=-0.7103     features=[pulseArea_max_std;pulseArea_min_mean;pulseArea_min_std;pulseDuriation_max_std;pulseDuriation_min_mean;pulseDuriation_min_std]  [3/3 files]
                         ch78  method=statistical+IF        max_z=13.13     if_score=-0.7489     features=[sideband_mean_mean;sideband_mean_std;sideband_rms_mean;sideband_rms_std]  [3/3 files]
                         ch79  method=statistical+IF        max_z=18.37     if_score=-0.7243     features=[sideband_mean_mean;sideband_mean_std;sideband_mean_median]  [3/3 files]
                         ch86  method=statistical+IF        max_z=10.3      if_score=-0.7114     features=[sideband_mean_median;sideband_rms_std]  [3/3 files]
                         ch87  method=statistical+IF        max_z=10.1      if_score=-0.7424     features=[sideband_rms_mean;sideband_rms_std]  [3/3 files]
[ALERT] 2026-04-28T18:57:30Z  Digitizer_run1541_subrun278.csv  —  18 persistent anomalous ch  (window: 3 files)  |  18/97 anomalous ch  [bulk ≥5]
                         ch64  method=isolation_forest      max_z=5.28      if_score=-0.7156     features=[]  [3/3 files]
                         ch65  method=statistical+IF        max_z=6.36      if_score=-0.7467     features=[pulseHeight_min_mean;pulseHeight_min_std]  [3/3 files]
                         ch66  method=statistical+IF        max_z=7.86      if_score=-0.7463     features=[nPulses_std;pulseHeight_max_median;pulseArea_max_median]  [3/3 files]
                         ch67  method=statistical+IF        max_z=9.09      if_score=-0.7623     features=[sideband_rms_mean;sideband_rms_std]  [3/3 files]
                         ch68  method=statistical+IF        max_z=10.32     if_score=-0.7463     features=[sideband_mean_mean;sideband_mean_std;pulseHeight_min_median;pulseArea_min_median]  [3/3 files]
                         ch69  method=statistical+IF        max_z=12.47     if_score=-0.7516     features=[sideband_mean_mean;sideband_mean_std;sideband_rms_mean;sideband_rms_std]  [3/3 files]
                         ch70  method=statistical+IF        max_z=6.78      if_score=-0.719      features=[LVDSpin]  [3/3 files]
                         ch71  method=statistical+IF        max_z=6.78      if_score=-0.7153     features=[sideband_mean_median;LVDSpin]  [3/3 files]
                         ch72  method=statistical+IF        max_z=11.09     if_score=-0.756      features=[sideband_mean_mean;sideband_mean_std]  [3/3 files]
                         ch73  method=statistical+IF        max_z=13.08     if_score=-0.7637     features=[sideband_mean_mean;sideband_mean_std;pulseDuriation_max_std;pulseDuriation_min_std]  [3/3 files]
                         ch74  method=statistical+IF        max_z=10.34     if_score=-0.7807     features=[sideband_mean_mean;sideband_mean_std;pulseHeight_max_median;pulseArea_max_mean;pulseArea_max_std;pulseArea_max_median;pulseArea_min_mean;pulseArea_min_std;pulseDuriation_max_std;pulseDuriation_min_std;LVDSpin]  [3/3 files]
                         ch75  method=statistical+IF        max_z=10.09     if_score=-0.7516     features=[sideband_mean_mean;sideband_mean_std;pulseHeight_max_median;pulseArea_max_std;pulseArea_min_mean;pulseArea_min_std;LVDSpin]  [3/3 files]
                         ch76  method=isolation_forest      max_z=5.62      if_score=-0.7317     features=[]  [3/3 files]
                         ch77  method=statistical+IF        max_z=13.09     if_score=-0.7163     features=[sideband_mean_median]  [3/3 files]
                         ch78  method=statistical+IF        max_z=13.21     if_score=-0.7635     features=[sideband_rms_mean;sideband_rms_std;pulseHeight_min_mean;pulseHeight_min_std;pulseArea_max_mean;pulseArea_max_std;pulseArea_min_mean;pulseArea_min_std;pulseDuriation_max_std]  [3/3 files]
                         ch79  method=statistical+IF        max_z=14.64     if_score=-0.7407     features=[sideband_rms_mean;sideband_rms_std;pulseHeight_min_std;pulseArea_max_mean;pulseArea_max_std;pulseArea_min_mean;pulseArea_min_std]  [3/3 files]
                         ch86  method=statistical+IF        max_z=13.83     if_score=-0.7645     features=[sideband_mean_mean;sideband_mean_std;sideband_mean_median;sideband_rms_mean;sideband_rms_std;LVDSpin]  [3/3 files]
                         ch87  method=statistical+IF        max_z=10.86     if_score=-0.7765     features=[sideband_mean_mean;sideband_mean_std;sideband_rms_mean;sideband_rms_std;pulseHeight_max_median;pulseArea_max_median;pulseDuriation_max_std;LVDSpin]  [3/3 files]
[ALERT] 2026-04-28T18:57:32Z  Digitizer_run1541_subrun284.csv  —  18 persistent anomalous ch  (window: 3 files)  |  18/97 anomalous ch  [bulk ≥5]  |  extreme z=15.3 on ch64
                         ch64  method=statistical+IF        max_z=15.33     if_score=-0.7481     features=[sideband_rms_mean;sideband_rms_std;nPulses_std]  [3/3 files]
                         ch65  method=statistical+IF        max_z=12.28     if_score=-0.7619     features=[sideband_mean_median;sideband_rms_mean;sideband_rms_std;pulseDuriation_max_std;pulseDuriation_min_std]  [3/3 files]
                         ch66  method=statistical+IF        max_z=9.01      if_score=-0.7544     features=[sideband_mean_mean;sideband_mean_std;pulseArea_max_mean;pulseArea_max_std;pulseArea_min_std;pulseDuriation_max_std;pulseDuriation_min_std]  [3/3 files]
                         ch67  method=statistical+IF        max_z=9.11      if_score=-0.7628     features=[sideband_mean_mean;sideband_mean_std;sideband_mean_median;nPulses_std;pulseHeight_min_mean;pulseHeight_min_std;pulseArea_max_mean;pulseArea_max_std;pulseArea_min_mean;pulseArea_min_std;pulseDuriation_max_std;pulseDuriation_min_mean;pulseDuriation_min_std]  [3/3 files]
                         ch68  method=statistical+IF        max_z=7.14      if_score=-0.7293     features=[pulseHeight_min_median;pulseArea_min_median]  [3/3 files]
                         ch69  method=isolation_forest      max_z=5.82      if_score=-0.729      features=[]  [3/3 files]
                         ch70  method=statistical+IF        max_z=6.73      if_score=-0.7426     features=[sideband_mean_median;pulseHeight_max_median;pulseHeight_min_mean;pulseArea_max_median]  [3/3 files]
                         ch71  method=statistical+IF        max_z=8.64      if_score=-0.7469     features=[pulseDuriation_max_std;pulseDuriation_min_std]  [3/3 files]
                         ch72  method=statistical+IF        max_z=11.39     if_score=-0.7733     features=[sideband_rms_mean;sideband_rms_std;pulseArea_max_std;pulseArea_min_mean;pulseArea_min_std]  [3/3 files]
                         ch73  method=statistical+IF        max_z=14.37     if_score=-0.77       features=[sideband_mean_mean;sideband_mean_median;sideband_rms_mean;sideband_rms_std;pulseArea_max_std;pulseArea_min_mean;pulseArea_min_std]  [3/3 files]
                         ch74  method=statistical+IF        max_z=8.47      if_score=-0.7778     features=[sideband_mean_mean;sideband_mean_std;pulseDuriation_max_std;pulseDuriation_min_std]  [3/3 files]
                         ch75  method=statistical+IF        max_z=10.07     if_score=-0.7789     features=[sideband_mean_mean;sideband_mean_std;pulseHeight_min_mean;pulseArea_max_median;pulseArea_min_mean;pulseArea_min_median;pulseDuriation_max_std;pulseDuriation_min_mean;pulseDuriation_min_std]  [3/3 files]
                         ch76  method=statistical+IF        max_z=6.27      if_score=-0.7597     features=[pulseHeight_min_mean;pulseArea_max_median]  [3/3 files]
                         ch77  method=isolation_forest      max_z=5.81      if_score=-0.7179     features=[]  [3/3 files]
                         ch78  method=statistical+IF        max_z=6.58      if_score=-0.7622     features=[sideband_rms_mean;sideband_rms_std]  [3/3 files]
                         ch79  method=statistical+IF        max_z=6.91      if_score=-0.7485     features=[sideband_rms_mean;pulseHeight_min_median;pulseArea_min_median]  [3/3 files]
                         ch86  method=isolation_forest      max_z=5.75      if_score=-0.6997     features=[]  [3/3 files]
                         ch87  method=isolation_forest      max_z=5.75      if_score=-0.7348     features=[]  [3/3 files]
[ALERT] 2026-04-28T18:57:34Z  Digitizer_run1541_subrun292.csv  —  18 persistent anomalous ch  (window: 3 files)  |  18/97 anomalous ch  [bulk ≥5]  |  extreme z=15.9 on ch70
                         ch64  method=statistical+IF        max_z=6.17      if_score=-0.7377     features=[LVDSpin]  [3/3 files]
                         ch65  method=statistical+IF        max_z=7.73      if_score=-0.7492     features=[pulseDuriation_max_std;pulseDuriation_min_std;LVDSpin]  [3/3 files]
                         ch66  method=statistical+IF        max_z=7.12      if_score=-0.73       features=[sideband_mean_median;pulseHeight_min_median;pulseArea_min_median]  [3/3 files]
                         ch67  method=isolation_forest      max_z=4.97      if_score=-0.7051     features=[]  [3/3 files]
                         ch68  method=statistical+IF        max_z=6.56      if_score=-0.7134     features=[LVDSpin]  [3/3 files]
                         ch69  method=statistical+IF        max_z=6.56      if_score=-0.7245     features=[LVDSpin]  [3/3 files]
                         ch70  method=statistical+IF        max_z=15.87     if_score=-0.767      features=[sideband_mean_mean;sideband_mean_std;sideband_mean_median;sideband_rms_mean;sideband_rms_std]  [3/3 files]
                         ch71  method=statistical+IF        max_z=15.3      if_score=-0.7466     features=[sideband_mean_mean;sideband_mean_std;sideband_rms_mean;sideband_rms_std]  [3/3 files]
                         ch72  method=statistical+IF        max_z=6.0       if_score=-0.739      features=[pulseDuriation_min_std]  [3/3 files]
                         ch73  method=statistical+IF        max_z=13.52     if_score=-0.7171     features=[sideband_mean_median]  [3/3 files]
                         ch74  method=statistical+IF        max_z=9.61      if_score=-0.7182     features=[sideband_mean_median]  [3/3 files]
                         ch75  method=statistical+IF        max_z=6.82      if_score=-0.7345     features=[pulseDuriation_max_std]  [3/3 files]
                         ch76  method=statistical+IF        max_z=7.39      if_score=-0.742      features=[pulseDuriation_max_std;pulseDuriation_min_std]  [3/3 files]
                         ch77  method=statistical+IF        max_z=7.05      if_score=-0.723      features=[pulseDuriation_max_std;pulseDuriation_min_std]  [3/3 files]
                         ch78  method=statistical+IF        max_z=8.21      if_score=-0.7761     features=[sideband_mean_mean;sideband_rms_mean;sideband_rms_std;pulseArea_max_std;pulseArea_min_std;pulseDuriation_max_std;LVDSpin]  [3/3 files]
                         ch79  method=statistical+IF        max_z=7.6       if_score=-0.7674     features=[pulseArea_max_std;pulseArea_min_mean;pulseArea_min_std;pulseDuriation_max_std;LVDSpin]  [3/3 files]
                         ch86  method=statistical+IF        max_z=9.21      if_score=-0.7502     features=[sideband_mean_std;sideband_rms_mean;sideband_rms_std;nPulses_std]  [3/3 files]
                         ch87  method=statistical+IF        max_z=9.39      if_score=-0.771      features=[sideband_mean_mean;sideband_mean_std;pulseHeight_min_std;pulseArea_min_mean;pulseArea_min_std;pulseDuriation_max_std;pulseDuriation_min_mean;pulseDuriation_min_std]  [3/3 files]
[ALERT] 2026-04-28T18:57:36Z  Digitizer_run1541_subrun295.csv  —  18 persistent anomalous ch  (window: 3 files)  |  18/97 anomalous ch  [bulk ≥5]
                         ch64  method=statistical+IF        max_z=8.59      if_score=-0.7494     features=[sideband_mean_mean;sideband_mean_std;sideband_rms_mean;sideband_rms_std;nPulses_std;LVDSpin]  [3/3 files]
                         ch65  method=statistical+IF        max_z=8.81      if_score=-0.7518     features=[sideband_mean_mean;sideband_mean_std;sideband_rms_mean;sideband_rms_std;LVDSpin]  [3/3 files]
                         ch66  method=statistical+IF        max_z=8.78      if_score=-0.7673     features=[sideband_rms_mean;sideband_rms_std;pulseHeight_max_mean;pulseHeight_max_median;pulseHeight_min_mean;pulseHeight_min_std;pulseArea_max_mean;pulseArea_max_std;pulseArea_max_median;pulseArea_min_mean]  [3/3 files]
                         ch67  method=statistical+IF        max_z=9.45      if_score=-0.7638     features=[pulseHeight_max_mean;pulseHeight_max_median;pulseHeight_min_mean;pulseHeight_min_median;pulseArea_max_mean;pulseArea_max_median;pulseArea_min_mean;pulseArea_min_median;pulseDuriation_max_median;pulseDuriation_min_median]  [3/3 files]
                         ch68  method=statistical+IF        max_z=9.38      if_score=-0.7497     features=[sideband_mean_median;pulseHeight_max_median;pulseHeight_min_mean;pulseHeight_min_std;pulseArea_max_mean;pulseArea_max_std;pulseArea_max_median;pulseArea_min_mean;pulseArea_min_std]  [3/3 files]
                         ch69  method=statistical+IF        max_z=8.27      if_score=-0.7425     features=[pulseHeight_max_mean;pulseHeight_max_std;pulseHeight_max_median;pulseHeight_min_median;pulseArea_max_mean;pulseArea_max_std;pulseArea_max_median;pulseArea_min_mean;pulseArea_min_std]  [3/3 files]
                         ch70  method=statistical+IF        max_z=7.44      if_score=-0.729      features=[sideband_mean_median;pulseArea_max_mean;pulseArea_max_std]  [3/3 files]
                         ch71  method=statistical+IF        max_z=8.2       if_score=-0.7366     features=[pulseArea_max_mean;pulseArea_max_std;pulseArea_min_mean;pulseArea_min_std]  [3/3 files]
                         ch72  method=statistical+IF        max_z=6.46      if_score=-0.7626     features=[LVDSpin]  [3/3 files]
                         ch73  method=statistical+IF        max_z=6.46      if_score=-0.7489     features=[LVDSpin]  [3/3 files]
                         ch74  method=statistical+IF        max_z=7.23      if_score=-0.7387     features=[pulseHeight_min_mean;pulseHeight_min_std;pulseArea_max_mean;pulseArea_max_std;pulseArea_max_median;pulseArea_min_mean;pulseArea_min_std]  [3/3 files]
                         ch75  method=statistical+IF        max_z=7.01      if_score=-0.7435     features=[pulseArea_max_mean;pulseArea_max_std;pulseArea_min_mean;pulseArea_min_std;pulseArea_min_median]  [3/3 files]
                         ch76  method=statistical+IF        max_z=7.02      if_score=-0.7411     features=[pulseArea_max_mean;pulseArea_max_std]  [3/3 files]
                         ch77  method=statistical+IF        max_z=8.1       if_score=-0.7525     features=[pulseArea_max_std;pulseArea_min_mean;pulseArea_min_std]  [3/3 files]
                         ch78  method=statistical+IF        max_z=8.56      if_score=-0.737      features=[pulseDuriation_max_std;pulseDuriation_min_std]  [3/3 files]
                         ch79  method=statistical+IF        max_z=7.23      if_score=-0.7365     features=[pulseHeight_min_mean;pulseHeight_min_std;pulseHeight_min_median;pulseArea_min_mean;pulseArea_min_median;pulseDuriation_max_std;pulseDuriation_min_std]  [3/3 files]
                         ch86  method=statistical+IF        max_z=8.74      if_score=-0.7533     features=[sideband_mean_std;pulseDuriation_max_std;pulseDuriation_min_std;occupancy]  [3/3 files]
                         ch87  method=statistical+IF        max_z=8.63      if_score=-0.7793     features=[sideband_mean_std;sideband_mean_median;sideband_rms_std;pulseHeight_min_median;pulseArea_max_mean;pulseArea_max_std;pulseArea_min_mean;pulseArea_min_std;pulseArea_min_median;pulseDuriation_max_std;pulseDuriation_min_std]  [3/3 files]
[ALERT] 2026-04-28T18:57:38Z  Digitizer_run1541_subrun324.csv  —  18 persistent + 2 transient anomalous ch  (window: 3 files)  |  20/97 anomalous ch  [bulk ≥5]  |  extreme z=16.7 on ch46
                         ch64  method=statistical+IF        max_z=8.65      if_score=-0.7408     features=[pulseArea_max_std;pulseArea_min_mean;pulseArea_min_std]  [3/3 files]
                         ch65  method=statistical+IF        max_z=7.96      if_score=-0.7359     features=[pulseHeight_min_median;pulseArea_max_std;pulseArea_min_mean;pulseArea_min_std;pulseArea_min_median]  [3/3 files]
                         ch66  method=statistical+IF        max_z=9.86      if_score=-0.7248     features=[sideband_mean_median]  [3/3 files]
                         ch67  method=isolation_forest      max_z=5.53      if_score=-0.7055     features=[]  [3/3 files]
                         ch68  method=statistical+IF        max_z=10.97     if_score=-0.7562     features=[sideband_mean_mean;sideband_mean_std;sideband_rms_std]  [3/3 files]
                         ch69  method=statistical+IF        max_z=11.79     if_score=-0.7524     features=[sideband_mean_mean;sideband_mean_std]  [3/3 files]
                         ch70  method=isolation_forest      max_z=5.86      if_score=-0.7286     features=[]  [3/3 files]
                         ch71  method=isolation_forest      max_z=5.65      if_score=-0.7038     features=[]  [3/3 files]
                         ch72  method=statistical+IF        max_z=11.72     if_score=-0.7676     features=[sideband_rms_mean;sideband_rms_std;pulseArea_max_std;pulseArea_min_std]  [3/3 files]
                         ch73  method=statistical+IF        max_z=10.98     if_score=-0.7671     features=[sideband_rms_mean;sideband_rms_std;pulseArea_max_std;pulseArea_min_mean;pulseArea_min_std;pulseDuriation_min_std]  [3/3 files]
                         ch74  method=statistical+IF        max_z=8.28      if_score=-0.7352     features=[pulseDuriation_max_std;pulseDuriation_min_std]  [3/3 files]
                         ch75  method=statistical+IF        max_z=7.22      if_score=-0.7246     features=[sideband_mean_median;pulseDuriation_max_std;pulseDuriation_min_std]  [3/3 files]
                         ch76  method=statistical+IF        max_z=8.99      if_score=-0.7632     features=[pulseHeight_min_mean;pulseHeight_min_std;pulseArea_max_std;pulseArea_min_mean;pulseArea_min_std;pulseDuriation_max_std;pulseDuriation_min_std]  [3/3 files]
                         ch77  method=statistical+IF        max_z=7.29      if_score=-0.7482     features=[pulseArea_max_std;pulseArea_max_median;pulseArea_min_mean;pulseArea_min_std]  [3/3 files]
                         ch78  method=statistical+IF        max_z=12.64     if_score=-0.7658     features=[sideband_rms_mean;sideband_rms_std;pulseHeight_max_mean;pulseArea_max_mean]  [3/3 files]
                         ch79  method=statistical+IF        max_z=11.3      if_score=-0.7519     features=[sideband_rms_mean;sideband_rms_std;nPulses_mean;nPulses_std;nPulses_median;pulseHeight_max_mean;pulseHeight_max_median;pulseArea_max_mean;pulseArea_max_median]  [3/3 files]
                         ch86  method=statistical+IF        max_z=6.72      if_score=-0.7385     features=[pulseArea_max_median]  [3/3 files]
                         ch87  method=statistical+IF        max_z=6.12      if_score=-0.7278     features=[pulseArea_min_std]  [3/3 files]
                          ch1  method=statistical           max_z=6.04      if_score=-0.5251     features=[nPulses_median]  [1/3 files]
                         ch46  method=statistical           max_z=16.7      if_score=-0.4984     features=[nPulses_median]  [1/3 files]
[ALERT] 2026-04-28T18:57:40Z  Digitizer_run1541_subrun328.csv  —  18 persistent anomalous ch  (window: 3 files)  |  18/97 anomalous ch  [bulk ≥5]
                         ch64  method=statistical+IF        max_z=9.17      if_score=-0.76       features=[sideband_mean_mean;sideband_mean_std;sideband_rms_mean;sideband_rms_std]  [3/3 files]
                         ch65  method=statistical+IF        max_z=9.12      if_score=-0.7427     features=[sideband_mean_std;sideband_mean_median;sideband_rms_mean;sideband_rms_std]  [3/3 files]
                         ch66  method=statistical+IF        max_z=12.73     if_score=-0.7745     features=[sideband_mean_mean;sideband_mean_std;pulseHeight_max_mean;pulseHeight_max_median;pulseArea_max_mean;pulseArea_max_median;pulseArea_min_std;LVDSpin]  [3/3 files]
                         ch67  method=statistical+IF        max_z=11.69     if_score=-0.7847     features=[sideband_mean_mean;sideband_mean_std;pulseHeight_max_mean;pulseHeight_max_median;pulseHeight_min_mean;pulseArea_max_median;pulseArea_min_mean;pulseArea_min_std;LVDSpin]  [3/3 files]
                         ch68  method=statistical+IF        max_z=7.24      if_score=-0.7347     features=[sideband_mean_std;sideband_mean_median;nPulses_median]  [3/3 files]
                         ch69  method=statistical+IF        max_z=7.2       if_score=-0.7502     features=[sideband_rms_std]  [3/3 files]
                         ch70  method=statistical+IF        max_z=8.04      if_score=-0.6897     features=[pulseHeight_min_median;pulseArea_min_median;pulseDuriation_min_median]  [3/3 files]
                         ch71  method=statistical+IF        max_z=8.38      if_score=-0.6969     features=[pulseHeight_min_median;pulseArea_min_median;pulseDuriation_min_median]  [3/3 files]
                         ch72  method=statistical+IF        max_z=8.74      if_score=-0.7575     features=[sideband_mean_mean;sideband_mean_std;pulseHeight_min_mean]  [3/3 files]
                         ch73  method=statistical+IF        max_z=8.38      if_score=-0.7493     features=[sideband_mean_mean;sideband_mean_std]  [3/3 files]
                         ch74  method=statistical+IF        max_z=8.5       if_score=-0.7341     features=[sideband_mean_median;LVDSpin]  [3/3 files]
                         ch75  method=statistical+IF        max_z=6.47      if_score=-0.7165     features=[LVDSpin]  [3/3 files]
                         ch76  method=statistical+IF        max_z=7.83      if_score=-0.7512     features=[sideband_mean_mean;sideband_mean_std]  [3/3 files]
                         ch77  method=statistical+IF        max_z=8.97      if_score=-0.7352     features=[sideband_mean_mean;sideband_mean_std;sideband_mean_median;nPulses_median]  [3/3 files]
                         ch78  method=statistical+IF        max_z=9.37      if_score=-0.7615     features=[sideband_mean_mean;sideband_mean_std;pulseHeight_max_mean;pulseArea_max_mean;pulseArea_max_std]  [3/3 files]
                         ch79  method=statistical+IF        max_z=10.78     if_score=-0.7776     features=[sideband_mean_mean;sideband_mean_std;sideband_rms_mean;sideband_rms_std;pulseHeight_max_mean;pulseHeight_max_median;pulseHeight_min_mean;pulseHeight_min_std;pulseArea_max_mean;pulseArea_max_std;pulseArea_max_median;pulseArea_min_mean;pulseArea_min_std;pulseDuriation_max_std;pulseDuriation_min_mean;pulseDuriation_min_std]  [3/3 files]
                         ch86  method=statistical+IF        max_z=8.51      if_score=-0.7398     features=[sideband_mean_median;pulseHeight_min_median;pulseArea_min_median]  [3/3 files]
                         ch87  method=statistical+IF        max_z=6.73      if_score=-0.7297     features=[nPulses_std;occupancy]  [3/3 files]
[ALERT] 2026-04-28T18:57:42Z  Digitizer_run1541_subrun330.csv  —  18 persistent anomalous ch  (window: 3 files)  |  18/97 anomalous ch  [bulk ≥5]  |  extreme z=23.5 on ch64
                         ch64  method=statistical+IF        max_z=23.51     if_score=-0.7844     features=[sideband_mean_mean;sideband_mean_std;sideband_mean_median;sideband_rms_mean;sideband_rms_std;nPulses_std;pulseHeight_max_mean;pulseHeight_max_median;pulseHeight_min_mean;pulseHeight_min_std;pulseArea_max_mean;pulseArea_max_std;pulseArea_max_median;pulseArea_min_mean;pulseArea_min_std;pulseDuriation_max_std;pulseDuriation_min_std]  [3/3 files]
                         ch65  method=statistical+IF        max_z=22.66     if_score=-0.7661     features=[sideband_mean_mean;sideband_mean_std;sideband_mean_median;nPulses_mean;nPulses_std;pulseHeight_max_mean;pulseHeight_max_median;pulseHeight_min_mean;pulseHeight_min_std;pulseArea_max_mean;pulseArea_max_std;pulseArea_max_median;pulseArea_min_mean;pulseArea_min_std;pulseDuriation_max_mean;pulseDuriation_max_std;pulseDuriation_min_std]  [3/3 files]
                         ch66  method=statistical+IF        max_z=6.86      if_score=-0.7456     features=[pulseArea_min_mean;pulseArea_min_std;pulseDuriation_max_std]  [3/3 files]
                         ch67  method=statistical+IF        max_z=6.79      if_score=-0.741      features=[pulseHeight_min_median;pulseArea_min_median;pulseDuriation_max_std]  [3/3 files]
                         ch68  method=statistical+IF        max_z=6.98      if_score=-0.7506     features=[sideband_rms_std;occupancy]  [3/3 files]
                         ch69  method=statistical+IF        max_z=7.46      if_score=-0.7661     features=[pulseHeight_min_mean;pulseHeight_min_median;pulseArea_min_mean;pulseArea_min_median]  [3/3 files]
                         ch70  method=isolation_forest      max_z=5.02      if_score=-0.6974     features=[]  [3/3 files]
                         ch71  method=isolation_forest      max_z=4.96      if_score=-0.7052     features=[]  [3/3 files]
                         ch72  method=isolation_forest      max_z=5.36      if_score=-0.7391     features=[]  [3/3 files]
                         ch73  method=statistical+IF        max_z=9.13      if_score=-0.7246     features=[pulseHeight_min_median;pulseArea_min_median]  [3/3 files]
                         ch74  method=isolation_forest      max_z=5.67      if_score=-0.7292     features=[]  [3/3 files]
                         ch75  method=statistical+IF        max_z=6.09      if_score=-0.7309     features=[pulseArea_min_median]  [3/3 files]
                         ch76  method=statistical+IF        max_z=7.34      if_score=-0.7432     features=[sideband_mean_std]  [3/3 files]
                         ch77  method=statistical+IF        max_z=7.03      if_score=-0.7262     features=[sideband_mean_std]  [3/3 files]
                         ch78  method=statistical+IF        max_z=8.56      if_score=-0.7562     features=[sideband_mean_mean;sideband_mean_std]  [3/3 files]
                         ch79  method=statistical+IF        max_z=10.47     if_score=-0.7389     features=[sideband_mean_mean;sideband_mean_std;sideband_rms_mean;sideband_rms_std]  [3/3 files]
                         ch86  method=statistical+IF        max_z=8.57      if_score=-0.7482     features=[sideband_mean_mean;sideband_rms_mean;sideband_rms_std]  [3/3 files]
                         ch87  method=isolation_forest      max_z=5.36      if_score=-0.7246     features=[]  [3/3 files]
[ALERT] 2026-04-28T18:57:44Z  Digitizer_run1541_subrun332.csv  —  18 persistent anomalous ch  (window: 3 files)  |  18/97 anomalous ch  [bulk ≥5]  |  extreme z=18.8 on ch86
                         ch64  method=statistical+IF        max_z=9.7       if_score=-0.763      features=[sideband_mean_mean;sideband_mean_std]  [3/3 files]
                         ch65  method=statistical+IF        max_z=8.37      if_score=-0.7567     features=[sideband_mean_mean;sideband_mean_std]  [3/3 files]
                         ch66  method=isolation_forest      max_z=5.17      if_score=-0.7031     features=[]  [3/3 files]
                         ch67  method=statistical+IF        max_z=11.65     if_score=-0.7281     features=[sideband_mean_median;pulseDuriation_max_std;pulseDuriation_min_std]  [3/3 files]
                         ch68  method=statistical+IF        max_z=8.02      if_score=-0.7482     features=[sideband_mean_mean;sideband_mean_std;sideband_rms_mean;sideband_rms_std]  [3/3 files]
                         ch69  method=statistical+IF        max_z=6.95      if_score=-0.7412     features=[sideband_mean_median]  [3/3 files]
                         ch70  method=statistical+IF        max_z=9.7       if_score=-0.7385     features=[nPulses_std;pulseHeight_min_median;pulseArea_min_median;pulseDuriation_min_median]  [3/3 files]
                         ch71  method=statistical+IF        max_z=7.87      if_score=-0.7466     features=[sideband_mean_median;pulseHeight_min_median;pulseArea_min_median;pulseDuriation_max_std;pulseDuriation_min_std]  [3/3 files]
                         ch72  method=statistical+IF        max_z=6.25      if_score=-0.7689     features=[pulseHeight_max_mean;LVDSpin]  [3/3 files]
                         ch73  method=statistical+IF        max_z=6.23      if_score=-0.7668     features=[LVDSpin]  [3/3 files]
                         ch74  method=statistical+IF        max_z=6.47      if_score=-0.7299     features=[sideband_mean_median]  [3/3 files]
                         ch75  method=isolation_forest      max_z=5.84      if_score=-0.7163     features=[]  [3/3 files]
                         ch76  method=statistical+IF        max_z=8.14      if_score=-0.7503     features=[sideband_mean_mean;sideband_mean_std]  [3/3 files]
                         ch77  method=statistical+IF        max_z=9.1       if_score=-0.7178     features=[sideband_mean_mean;sideband_mean_std;sideband_rms_mean;sideband_rms_std]  [3/3 files]
                         ch78  method=statistical+IF        max_z=9.13      if_score=-0.7677     features=[sideband_rms_mean;sideband_rms_std;pulseDuriation_max_std;pulseDuriation_min_std]  [3/3 files]
                         ch79  method=statistical+IF        max_z=9.02      if_score=-0.7509     features=[sideband_rms_mean;pulseDuriation_max_std;pulseDuriation_min_std]  [3/3 files]
                         ch86  method=statistical+IF        max_z=18.79     if_score=-0.7566     features=[sideband_mean_mean;sideband_mean_std;sideband_rms_mean;sideband_rms_std]  [3/3 files]
                         ch87  method=statistical+IF        max_z=13.78     if_score=-0.7445     features=[sideband_mean_mean;sideband_mean_std]  [3/3 files]
[ALERT] 2026-04-28T18:57:46Z  Digitizer_run1541_subrun352.csv  —  18 persistent + 2 transient anomalous ch  (window: 3 files)  |  20/97 anomalous ch  [bulk ≥5]  |  extreme z=15.8 on ch65
                         ch64  method=statistical+IF        max_z=10.77     if_score=-0.7654     features=[sideband_rms_mean;sideband_rms_std;pulseHeight_min_mean;pulseArea_max_mean;pulseArea_max_std;pulseArea_min_mean;pulseArea_min_std;pulseArea_min_median]  [3/3 files]
                         ch65  method=statistical+IF        max_z=15.81     if_score=-0.7778     features=[sideband_rms_mean;sideband_rms_std;pulseHeight_max_median;pulseHeight_min_mean;pulseHeight_min_std;pulseHeight_min_median;pulseArea_max_std;pulseArea_max_median;pulseArea_min_mean;pulseArea_min_std;pulseArea_min_median]  [3/3 files]
                         ch66  method=statistical+IF        max_z=8.37      if_score=-0.7687     features=[sideband_mean_mean;sideband_mean_std;pulseHeight_max_mean;pulseHeight_max_median;pulseArea_max_mean;pulseArea_max_median;pulseDuriation_max_std]  [3/3 files]
                         ch67  method=statistical+IF        max_z=8.21      if_score=-0.7597     features=[sideband_mean_mean;sideband_mean_std;pulseHeight_max_mean;pulseHeight_max_median;pulseArea_max_mean;pulseArea_max_median;pulseDuriation_max_std;pulseDuriation_min_std]  [3/3 files]
                         ch68  method=statistical+IF        max_z=7.74      if_score=-0.7285     features=[sideband_mean_median;pulseArea_max_std;pulseArea_min_mean;pulseArea_min_std]  [3/3 files]
                         ch69  method=statistical+IF        max_z=8.69      if_score=-0.7235     features=[pulseArea_max_std;pulseArea_min_std]  [3/3 files]
                         ch70  method=statistical+IF        max_z=10.17     if_score=-0.7315     features=[sideband_mean_median;pulseArea_max_std;pulseArea_min_mean;pulseArea_min_std;pulseDuriation_max_std]  [3/3 files]
                         ch71  method=statistical+IF        max_z=8.47      if_score=-0.7673     features=[pulseArea_max_std;pulseArea_max_median;pulseArea_min_mean;pulseArea_min_std;pulseDuriation_max_std]  [3/3 files]
                         ch72  method=statistical+IF        max_z=10.51     if_score=-0.7519     features=[sideband_mean_std;sideband_rms_mean;sideband_rms_std]  [3/3 files]
                         ch73  method=statistical+IF        max_z=12.18     if_score=-0.7642     features=[sideband_mean_std;sideband_rms_mean;sideband_rms_std]  [3/3 files]
                         ch74  method=statistical+IF        max_z=9.13      if_score=-0.7806     features=[sideband_rms_mean;sideband_rms_std;nPulses_std;pulseHeight_max_mean;pulseHeight_max_median;pulseHeight_min_mean;pulseHeight_min_std;pulseArea_max_mean;pulseArea_max_std;pulseArea_max_median;pulseArea_min_mean;pulseArea_min_std;pulseDuriation_max_std;pulseDuriation_min_mean;pulseDuriation_min_std]  [3/3 files]
                         ch75  method=statistical+IF        max_z=8.81      if_score=-0.77       features=[sideband_rms_mean;sideband_rms_std;pulseArea_max_std;pulseArea_max_median;pulseArea_min_mean;pulseArea_min_std;pulseDuriation_max_std;pulseDuriation_min_std]  [3/3 files]
                         ch76  method=statistical+IF        max_z=7.18      if_score=-0.732      features=[pulseDuriation_max_std;pulseDuriation_min_std]  [3/3 files]
                         ch77  method=statistical+IF        max_z=7.5       if_score=-0.725      features=[sideband_mean_median;pulseHeight_min_mean;pulseHeight_min_std]  [3/3 files]
                         ch78  method=isolation_forest      max_z=5.86      if_score=-0.7426     features=[]  [3/3 files]
                         ch79  method=statistical+IF        max_z=7.94      if_score=-0.7496     features=[pulseHeight_max_mean;pulseHeight_min_mean;pulseHeight_min_std;pulseArea_min_mean;pulseArea_min_median;pulseDuriation_max_std;pulseDuriation_min_std]  [3/3 files]
                         ch86  method=statistical+IF        max_z=6.4       if_score=-0.7216     features=[occupancy]  [3/3 files]
                         ch87  method=statistical+IF        max_z=10.46     if_score=-0.7436     features=[sideband_mean_median;pulseHeight_max_median;pulseHeight_min_mean;pulseHeight_min_median;pulseArea_max_median;pulseArea_min_median;pulseDuriation_min_median]  [3/3 files]
                         ch85  method=isolation_forest      max_z=4.72      if_score=-0.5974     features=[]  [1/3 files]
                         ch95  method=statistical           max_z=7.37      if_score=-0.4602     features=[nPulses_median]  [1/3 files]
[ALERT] 2026-04-28T18:57:49Z  Digitizer_run1541_subrun353.csv  —  18 persistent anomalous ch  (window: 3 files)  |  18/97 anomalous ch  [bulk ≥5]
                         ch64  method=statistical+IF        max_z=6.63      if_score=-0.7378     features=[pulseHeight_min_mean;pulseArea_min_mean]  [3/3 files]
                         ch65  method=statistical+IF        max_z=6.5       if_score=-0.7427     features=[pulseArea_max_mean;pulseArea_min_mean;pulseArea_min_std]  [3/3 files]
                         ch66  method=statistical+IF        max_z=9.06      if_score=-0.7566     features=[sideband_rms_mean;sideband_rms_std;pulseHeight_max_median]  [3/3 files]
                         ch67  method=statistical+IF        max_z=12.88     if_score=-0.7446     features=[sideband_rms_mean;sideband_rms_std;nPulses_std]  [3/3 files]
                         ch68  method=statistical+IF        max_z=7.24      if_score=-0.7087     features=[nPulses_median]  [3/3 files]
                         ch69  method=statistical+IF        max_z=6.6       if_score=-0.7398     features=[pulseHeight_min_mean;pulseArea_min_mean;pulseArea_min_median]  [3/3 files]
                         ch70  method=statistical+IF        max_z=14.91     if_score=-0.7621     features=[sideband_mean_mean;sideband_mean_std;sideband_mean_median;sideband_rms_mean;sideband_rms_std]  [3/3 files]
                         ch71  method=statistical+IF        max_z=13.6      if_score=-0.7405     features=[sideband_mean_mean;sideband_mean_std;sideband_rms_mean;sideband_rms_std;nPulses_std]  [3/3 files]
                         ch72  method=statistical+IF        max_z=6.32      if_score=-0.766      features=[pulseArea_min_std]  [3/3 files]
                         ch73  method=statistical+IF        max_z=7.56      if_score=-0.7734     features=[sideband_rms_mean;pulseHeight_max_median;pulseArea_max_median]  [3/3 files]
                         ch74  method=isolation_forest      max_z=5.09      if_score=-0.7124     features=[]  [3/3 files]
                         ch75  method=statistical+IF        max_z=6.39      if_score=-0.7166     features=[pulseHeight_min_median;pulseArea_min_median]  [3/3 files]
                         ch76  method=isolation_forest      max_z=5.81      if_score=-0.753      features=[]  [3/3 files]
                         ch77  method=statistical+IF        max_z=10.32     if_score=-0.7486     features=[pulseHeight_min_median;pulseArea_min_median;pulseDuriation_min_median;occupancy]  [3/3 files]
                         ch78  method=statistical+IF        max_z=7.66      if_score=-0.771      features=[sideband_mean_mean;sideband_mean_std;pulseArea_max_mean;pulseArea_max_std;pulseDuriation_max_std;LVDSpin]  [3/3 files]
                         ch79  method=statistical+IF        max_z=8.72      if_score=-0.7646     features=[sideband_mean_mean;sideband_mean_std;sideband_mean_median;pulseHeight_min_mean;pulseHeight_min_std;pulseArea_max_mean;pulseArea_max_std;pulseArea_min_mean;pulseArea_min_std;pulseDuriation_max_std;pulseDuriation_min_mean;pulseDuriation_min_std;LVDSpin]  [3/3 files]
                         ch86  method=statistical+IF        max_z=10.51     if_score=-0.7465     features=[sideband_mean_mean;sideband_mean_std;nPulses_std;LVDSpin]  [3/3 files]
                         ch87  method=statistical+IF        max_z=8.87      if_score=-0.7468     features=[sideband_mean_mean;sideband_mean_std;sideband_mean_median;nPulses_std;LVDSpin]  [3/3 files]
[ALERT] 2026-04-28T18:57:50Z  Digitizer_run1541_subrun360.csv  —  18 persistent anomalous ch  (window: 3 files)  |  18/97 anomalous ch  [bulk ≥5]
                         ch64  method=statistical+IF        max_z=7.55      if_score=-0.7537     features=[pulseHeight_max_mean;pulseHeight_max_median;pulseHeight_min_mean;pulseArea_max_mean;pulseArea_max_std;pulseArea_max_median;pulseArea_min_mean;pulseArea_min_std;pulseDuriation_max_std;pulseDuriation_min_std]  [3/3 files]
                         ch65  method=statistical+IF        max_z=9.9       if_score=-0.7387     features=[nPulses_median;pulseHeight_max_mean;pulseHeight_max_median;pulseArea_max_mean;pulseArea_max_std;pulseArea_max_median;pulseArea_min_mean;pulseArea_min_std]  [3/3 files]
                         ch66  method=statistical+IF        max_z=10.03     if_score=-0.7311     features=[pulseArea_max_mean;pulseArea_max_std;pulseArea_min_mean;pulseArea_min_std]  [3/3 files]
                         ch67  method=statistical+IF        max_z=10.27     if_score=-0.7365     features=[pulseArea_max_mean;pulseArea_max_std;pulseArea_min_mean;pulseArea_min_std]  [3/3 files]
                         ch68  method=statistical+IF        max_z=10.08     if_score=-0.7551     features=[pulseHeight_min_mean;pulseHeight_min_std;pulseHeight_min_median;pulseArea_max_mean;pulseArea_max_std;pulseArea_min_mean;pulseArea_min_std;pulseArea_min_median;pulseDuriation_max_std;pulseDuriation_min_mean;pulseDuriation_min_std]  [3/3 files]
                         ch69  method=statistical+IF        max_z=6.38      if_score=-0.724      features=[pulseHeight_min_median;pulseArea_max_std]  [3/3 files]
                         ch70  method=statistical+IF        max_z=8.56      if_score=-0.7323     features=[pulseArea_max_std;pulseArea_min_mean;pulseArea_min_std;occupancy]  [3/3 files]
                         ch71  method=statistical+IF        max_z=7.75      if_score=-0.7519     features=[sideband_mean_median;pulseHeight_max_median;pulseHeight_min_mean;pulseHeight_min_std;pulseHeight_min_median;pulseArea_max_mean;pulseArea_max_std;pulseArea_max_median;pulseArea_min_mean;pulseArea_min_std;pulseArea_min_median;occupancy]  [3/3 files]
                         ch72  method=statistical+IF        max_z=6.03      if_score=-0.7564     features=[pulseHeight_max_mean]  [3/3 files]
                         ch73  method=statistical+IF        max_z=6.25      if_score=-0.7319     features=[pulseHeight_max_median;pulseArea_max_median]  [3/3 files]
                         ch74  method=statistical+IF        max_z=8.14      if_score=-0.7612     features=[sideband_rms_mean;sideband_rms_std;pulseDuriation_max_std;pulseDuriation_min_std]  [3/3 files]
                         ch75  method=statistical+IF        max_z=8.52      if_score=-0.753      features=[sideband_rms_mean;sideband_rms_std]  [3/3 files]
                         ch76  method=isolation_forest      max_z=5.95      if_score=-0.7297     features=[]  [3/3 files]
                         ch77  method=isolation_forest      max_z=5.95      if_score=-0.708      features=[]  [3/3 files]
                         ch78  method=isolation_forest      max_z=5.68      if_score=-0.7467     features=[]  [3/3 files]
                         ch79  method=statistical+IF        max_z=7.27      if_score=-0.7244     features=[sideband_mean_median]  [3/3 files]
                         ch86  method=statistical+IF        max_z=7.52      if_score=-0.7206     features=[sideband_mean_median]  [3/3 files]
                         ch87  method=statistical+IF        max_z=6.37      if_score=-0.7142     features=[nPulses_std]  [3/3 files]
[ALERT] 2026-04-28T18:57:53Z  Digitizer_run1541_subrun364.csv  —  18 persistent anomalous ch  (window: 3 files)  |  18/97 anomalous ch  [bulk ≥5]  |  extreme z=17.3 on ch86
                         ch64  method=statistical+IF        max_z=9.85      if_score=-0.7588     features=[pulseArea_max_mean;pulseArea_max_std;pulseArea_min_mean;pulseArea_min_std;pulseDuriation_max_std;pulseDuriation_min_std]  [3/3 files]
                         ch65  method=statistical+IF        max_z=9.17      if_score=-0.7521     features=[pulseArea_max_mean;pulseArea_max_std;pulseArea_min_std;pulseDuriation_max_std;pulseDuriation_min_std]  [3/3 files]
                         ch66  method=statistical+IF        max_z=9.33      if_score=-0.7402     features=[sideband_mean_median;pulseArea_max_std;pulseArea_min_mean;pulseArea_min_std]  [3/3 files]
                         ch67  method=statistical+IF        max_z=8.35      if_score=-0.7403     features=[pulseArea_max_std;pulseArea_min_mean;pulseArea_min_std;pulseDuriation_max_std;pulseDuriation_min_std]  [3/3 files]
                         ch68  method=statistical+IF        max_z=12.01     if_score=-0.7595     features=[sideband_mean_mean;sideband_mean_std;sideband_rms_mean;sideband_rms_std;nPulses_std;pulseDuriation_max_std;pulseDuriation_min_std]  [3/3 files]
                         ch69  method=statistical+IF        max_z=11.76     if_score=-0.7412     features=[sideband_mean_mean;sideband_rms_mean;sideband_rms_std;nPulses_std]  [3/3 files]
                         ch70  method=statistical+IF        max_z=7.34      if_score=-0.7237     features=[pulseHeight_max_mean;pulseHeight_max_median;pulseArea_max_median]  [3/3 files]
                         ch71  method=statistical+IF        max_z=7.59      if_score=-0.7391     features=[sideband_mean_median]  [3/3 files]
                         ch72  method=statistical+IF        max_z=6.24      if_score=-0.7515     features=[pulseHeight_max_mean;pulseArea_max_mean]  [3/3 files]
                         ch73  method=statistical+IF        max_z=8.2       if_score=-0.7341     features=[pulseHeight_max_mean;pulseHeight_max_median;pulseArea_max_mean;pulseArea_max_median]  [3/3 files]
                         ch74  method=statistical+IF        max_z=9.76      if_score=-0.7607     features=[sideband_mean_mean;sideband_mean_std]  [3/3 files]
                         ch75  method=statistical+IF        max_z=9.56      if_score=-0.7661     features=[sideband_mean_mean;sideband_mean_std;pulseHeight_min_median;pulseArea_min_median]  [3/3 files]
                         ch76  method=statistical+IF        max_z=7.35      if_score=-0.7508     features=[nPulses_std;pulseHeight_max_mean;pulseArea_max_median;pulseDuriation_max_std;pulseDuriation_min_std]  [3/3 files]
                         ch77  method=statistical+IF        max_z=7.78      if_score=-0.7136     features=[pulseHeight_max_median;pulseArea_max_median]  [3/3 files]
                         ch78  method=statistical+IF        max_z=6.78      if_score=-0.753      features=[sideband_mean_std]  [3/3 files]
                         ch79  method=statistical+IF        max_z=6.77      if_score=-0.7234     features=[sideband_mean_std]  [3/3 files]
                         ch86  method=statistical+IF        max_z=17.27     if_score=-0.7542     features=[pulseHeight_max_median;pulseHeight_min_mean;pulseHeight_min_std;pulseHeight_min_median;pulseArea_max_mean;pulseArea_max_std;pulseArea_max_median;pulseArea_min_mean;pulseArea_min_std;pulseArea_min_median;pulseDuriation_min_mean;pulseDuriation_min_std;pulseDuriation_min_median]  [3/3 files]
                         ch87  method=statistical+IF        max_z=10.43     if_score=-0.74       features=[sideband_mean_median;pulseArea_max_mean;pulseArea_max_std;pulseArea_min_mean;pulseArea_min_std]  [3/3 files]
[ALERT] 2026-04-28T18:57:55Z  Digitizer_run1541_subrun383.csv  —  18 persistent + 2 transient anomalous ch  (window: 3 files)  |  20/97 anomalous ch  [bulk ≥5]
                         ch64  method=statistical+IF        max_z=10.62     if_score=-0.7441     features=[sideband_mean_median;pulseArea_max_mean;pulseArea_max_std;pulseArea_min_mean;pulseArea_min_std;pulseDuriation_max_std;pulseDuriation_min_std;occupancy]  [3/3 files]
                         ch65  method=statistical+IF        max_z=9.23      if_score=-0.749      features=[sideband_mean_median;pulseArea_max_mean;pulseArea_max_std;pulseArea_min_mean;pulseArea_min_std;occupancy]  [3/3 files]
                         ch66  method=statistical+IF        max_z=7.8       if_score=-0.747      features=[pulseHeight_max_median;pulseHeight_min_mean;pulseArea_max_mean;pulseArea_max_std;pulseArea_max_median;pulseArea_min_mean;pulseArea_min_std]  [3/3 files]
                         ch67  method=statistical+IF        max_z=8.62      if_score=-0.7477     features=[pulseHeight_min_median;pulseArea_max_mean;pulseArea_max_std;pulseArea_min_mean;pulseArea_min_std;pulseArea_min_median;pulseDuriation_max_std;pulseDuriation_min_std]  [3/3 files]
                         ch68  method=statistical+IF        max_z=7.24      if_score=-0.7365     features=[nPulses_median]  [3/3 files]
                         ch69  method=statistical+IF        max_z=6.59      if_score=-0.7375     features=[sideband_mean_median]  [3/3 files]
                         ch70  method=statistical+IF        max_z=9.31      if_score=-0.7485     features=[sideband_rms_std;pulseDuriation_max_std;pulseDuriation_min_std]  [3/3 files]
                         ch71  method=statistical+IF        max_z=7.6       if_score=-0.7566     features=[sideband_mean_std;sideband_rms_mean;pulseArea_min_median;pulseDuriation_max_std;pulseDuriation_min_std]  [3/3 files]
                         ch72  method=isolation_forest      max_z=5.57      if_score=-0.7476     features=[]  [3/3 files]
                         ch73  method=statistical+IF        max_z=6.58      if_score=-0.7482     features=[pulseHeight_min_median;pulseArea_min_median;pulseDuriation_max_std;pulseDuriation_min_std]  [3/3 files]
                         ch74  method=isolation_forest      max_z=5.26      if_score=-0.7179     features=[]  [3/3 files]
                         ch75  method=isolation_forest      max_z=5.42      if_score=-0.723      features=[]  [3/3 files]
                         ch76  method=statistical+IF        max_z=8.88      if_score=-0.763      features=[sideband_mean_mean;sideband_mean_median;sideband_rms_mean;sideband_rms_std]  [3/3 files]
                         ch77  method=statistical+IF        max_z=10.23     if_score=-0.7665     features=[sideband_mean_mean;sideband_mean_std;sideband_mean_median;sideband_rms_mean;sideband_rms_std;pulseHeight_max_median;pulseHeight_min_mean;pulseHeight_min_median;pulseArea_min_median;pulseDuriation_min_median]  [3/3 files]
                         ch78  method=statistical+IF        max_z=7.11      if_score=-0.7582     features=[pulseArea_min_std]  [3/3 files]
                         ch79  method=statistical+IF        max_z=9.5       if_score=-0.7282     features=[pulseHeight_min_mean;pulseHeight_min_median;pulseArea_max_std;pulseArea_min_mean;pulseArea_min_std;pulseArea_min_median]  [3/3 files]
                         ch86  method=statistical+IF        max_z=6.23      if_score=-0.7527     features=[sideband_rms_mean]  [3/3 files]
                         ch87  method=statistical+IF        max_z=8.74      if_score=-0.7787     features=[sideband_mean_mean;sideband_mean_std;sideband_mean_median;sideband_rms_mean;sideband_rms_std;pulseHeight_max_median;pulseArea_max_median;pulseArea_min_median]  [3/3 files]
                         ch94  method=statistical           max_z=6.55      if_score=-0.4693     features=[sideband_rms_mean]  [1/3 files]
                         ch95  method=statistical           max_z=6.59      if_score=-0.4791     features=[sideband_rms_mean]  [1/3 files]
[ALERT] 2026-04-28T18:57:57Z  Digitizer_run1541_subrun396.csv  —  18 persistent anomalous ch  (window: 3 files)  |  18/97 anomalous ch  [bulk ≥5]
                         ch64  method=statistical+IF        max_z=10.2      if_score=-0.74       features=[sideband_mean_mean;sideband_mean_std;pulseArea_min_median]  [3/3 files]
                         ch65  method=statistical+IF        max_z=9.23      if_score=-0.7594     features=[sideband_mean_mean;sideband_mean_std;nPulses_std;pulseHeight_min_median;pulseArea_min_median;pulseDuriation_max_std;pulseDuriation_min_std]  [3/3 files]
                         ch66  method=statistical+IF        max_z=11.66     if_score=-0.7454     features=[sideband_mean_median;nPulses_std;pulseArea_min_median;pulseDuriation_max_mean;pulseDuriation_max_std;pulseDuriation_min_mean;pulseDuriation_min_std;LVDSpin]  [3/3 files]
                         ch67  method=statistical+IF        max_z=11.11     if_score=-0.7436     features=[pulseArea_min_mean;pulseArea_min_std;pulseDuriation_max_mean;pulseDuriation_max_std;pulseDuriation_min_mean;pulseDuriation_min_std;LVDSpin]  [3/3 files]
                         ch68  method=statistical+IF        max_z=8.07      if_score=-0.7307     features=[pulseArea_max_std;pulseArea_min_mean;pulseArea_min_std]  [3/3 files]
                         ch69  method=statistical+IF        max_z=6.03      if_score=-0.7254     features=[pulseArea_min_mean]  [3/3 files]
                         ch70  method=statistical+IF        max_z=6.4       if_score=-0.7171     features=[LVDSpin]  [3/3 files]
                         ch71  method=statistical+IF        max_z=8.1       if_score=-0.7412     features=[pulseHeight_min_mean;pulseHeight_min_median;pulseArea_min_mean;pulseArea_min_median;pulseDuriation_min_median;LVDSpin]  [3/3 files]
                         ch72  method=isolation_forest      max_z=5.9       if_score=-0.7507     features=[]  [3/3 files]
                         ch73  method=statistical+IF        max_z=6.39      if_score=-0.7409     features=[sideband_mean_median;pulseHeight_min_median]  [3/3 files]
                         ch74  method=statistical+IF        max_z=6.89      if_score=-0.7315     features=[LVDSpin]  [3/3 files]
                         ch75  method=statistical+IF        max_z=8.24      if_score=-0.7289     features=[pulseHeight_min_mean;pulseHeight_min_std;pulseHeight_min_median;pulseArea_min_median;LVDSpin]  [3/3 files]
                         ch76  method=statistical+IF        max_z=7.22      if_score=-0.7263     features=[sideband_mean_median]  [3/3 files]
                         ch77  method=statistical+IF        max_z=6.41      if_score=-0.7191     features=[pulseArea_min_median]  [3/3 files]
                         ch78  method=statistical+IF        max_z=7.6       if_score=-0.7522     features=[sideband_mean_std;pulseHeight_max_mean;pulseHeight_min_mean;pulseHeight_min_std;pulseArea_max_mean;pulseArea_max_std;pulseArea_min_mean]  [3/3 files]
                         ch79  method=statistical+IF        max_z=8.25      if_score=-0.7498     features=[sideband_mean_std;sideband_mean_median;pulseHeight_max_mean;pulseHeight_max_median;pulseHeight_min_mean;pulseHeight_min_std;pulseArea_max_mean;pulseArea_max_std;pulseArea_max_median;pulseArea_min_mean;pulseArea_min_std]  [3/3 files]
                         ch86  method=statistical+IF        max_z=7.86      if_score=-0.7473     features=[sideband_mean_median;pulseArea_max_mean;pulseArea_max_std;pulseArea_min_std;LVDSpin]  [3/3 files]
                         ch87  method=statistical+IF        max_z=13.26     if_score=-0.7578     features=[sideband_mean_median;sideband_rms_mean;sideband_rms_std;nPulses_std;pulseArea_max_mean;pulseArea_max_std;LVDSpin]  [3/3 files]
[ALERT] 2026-04-28T18:57:59Z  Digitizer_run1541_subrun402.csv  —  18 persistent anomalous ch  (window: 3 files)  |  18/97 anomalous ch  [bulk ≥5]
                         ch64  method=statistical+IF        max_z=10.65     if_score=-0.7359     features=[pulseHeight_min_mean;pulseHeight_min_std;pulseArea_max_mean;pulseArea_max_std;pulseArea_min_mean;pulseArea_min_std;pulseArea_min_median;pulseDuriation_max_std;pulseDuriation_min_mean;pulseDuriation_min_std]  [3/3 files]
                         ch65  method=statistical+IF        max_z=10.57     if_score=-0.7256     features=[pulseArea_max_mean;pulseArea_max_std;pulseArea_min_mean;pulseArea_min_std]  [3/3 files]
                         ch66  method=isolation_forest      max_z=5.34      if_score=-0.6926     features=[]  [3/3 files]
                         ch67  method=statistical+IF        max_z=7.78      if_score=-0.7099     features=[nPulses_std]  [3/3 files]
                         ch68  method=statistical+IF        max_z=7.41      if_score=-0.7454     features=[sideband_mean_median;pulseArea_max_std;pulseDuriation_min_std]  [3/3 files]
                         ch69  method=statistical+IF        max_z=6.18      if_score=-0.7378     features=[pulseArea_min_mean;pulseArea_min_std]  [3/3 files]
                         ch70  method=statistical+IF        max_z=6.43      if_score=-0.7364     features=[pulseHeight_min_mean;pulseHeight_min_std]  [3/3 files]
                         ch71  method=statistical+IF        max_z=9.51      if_score=-0.7323     features=[sideband_mean_median]  [3/3 files]
                         ch72  method=statistical+IF        max_z=11.21     if_score=-0.7528     features=[sideband_mean_mean;sideband_mean_std]  [3/3 files]
                         ch73  method=statistical+IF        max_z=13.03     if_score=-0.7545     features=[sideband_mean_mean;sideband_mean_std;nPulses_std;pulseArea_min_mean]  [3/3 files]
                         ch74  method=statistical+IF        max_z=9.99      if_score=-0.765      features=[sideband_mean_std;pulseArea_min_std;pulseDuriation_max_std;pulseDuriation_min_mean;pulseDuriation_min_std]  [3/3 files]
                         ch75  method=statistical+IF        max_z=9.06      if_score=-0.739      features=[sideband_mean_std;pulseDuriation_max_std;pulseDuriation_min_mean;pulseDuriation_min_std]  [3/3 files]
                         ch76  method=statistical+IF        max_z=9.38      if_score=-0.7709     features=[sideband_mean_mean;sideband_mean_std;pulseDuriation_max_std;pulseDuriation_min_std]  [3/3 files]
                         ch77  method=statistical+IF        max_z=8.34      if_score=-0.763      features=[sideband_mean_mean;sideband_mean_std;pulseDuriation_max_std;pulseDuriation_min_mean;pulseDuriation_min_std]  [3/3 files]
                         ch78  method=statistical+IF        max_z=8.4       if_score=-0.7626     features=[sideband_mean_mean;sideband_mean_std;pulseHeight_min_mean;pulseHeight_min_std;pulseArea_min_mean]  [3/3 files]
                         ch79  method=statistical+IF        max_z=8.0       if_score=-0.7473     features=[sideband_mean_std;pulseHeight_max_mean;pulseHeight_max_median;pulseArea_max_median]  [3/3 files]
                         ch86  method=statistical+IF        max_z=6.51      if_score=-0.7422     features=[sideband_mean_median;pulseHeight_max_median]  [3/3 files]
                         ch87  method=statistical+IF        max_z=7.38      if_score=-0.76       features=[sideband_mean_std;sideband_rms_mean;sideband_rms_std;pulseHeight_min_mean;pulseArea_max_median]  [3/3 files]
[ALERT] 2026-04-28T18:58:00Z  Digitizer_run1541_subrun406.csv  —  18 persistent + 1 transient anomalous ch  (window: 3 files)  |  19/97 anomalous ch  [bulk ≥5]
                         ch64  method=statistical+IF        max_z=6.26      if_score=-0.709      features=[occupancy]  [3/3 files]
                         ch65  method=statistical+IF        max_z=7.27      if_score=-0.7187     features=[pulseDuriation_max_std;pulseDuriation_min_std]  [3/3 files]
                         ch66  method=statistical+IF        max_z=10.56     if_score=-0.7555     features=[pulseHeight_max_mean;pulseHeight_min_mean;pulseHeight_min_std;pulseArea_max_median;pulseArea_min_median;pulseDuriation_max_mean;pulseDuriation_max_std;pulseDuriation_min_mean;pulseDuriation_min_std]  [3/3 files]
                         ch67  method=statistical+IF        max_z=7.84      if_score=-0.737      features=[pulseHeight_max_median;pulseArea_max_median;pulseDuriation_max_std;pulseDuriation_min_std]  [3/3 files]
                         ch68  method=statistical+IF        max_z=9.56      if_score=-0.7493     features=[sideband_mean_mean;sideband_mean_std;sideband_mean_median;sideband_rms_mean;sideband_rms_std]  [3/3 files]
                         ch69  method=isolation_forest      max_z=5.93      if_score=-0.7559     features=[]  [3/3 files]
                         ch70  method=statistical+IF        max_z=7.84      if_score=-0.7352     features=[sideband_mean_median;pulseHeight_max_median;pulseArea_max_median]  [3/3 files]
                         ch71  method=statistical+IF        max_z=8.83      if_score=-0.7372     features=[sideband_mean_median;pulseHeight_max_median;pulseHeight_min_mean;pulseHeight_min_std;pulseHeight_min_median;pulseArea_max_median;pulseArea_min_mean]  [3/3 files]
                         ch72  method=statistical+IF        max_z=9.68      if_score=-0.743      features=[pulseArea_max_mean;pulseArea_max_std;pulseArea_min_mean;pulseArea_min_std;pulseDuriation_min_std]  [3/3 files]
                         ch73  method=statistical+IF        max_z=9.81      if_score=-0.7519     features=[pulseArea_max_mean;pulseArea_max_std;pulseArea_max_median;pulseArea_min_mean;pulseArea_min_std;pulseDuriation_max_std;pulseDuriation_min_std]  [3/3 files]
                         ch74  method=statistical+IF        max_z=6.23      if_score=-0.7432     features=[pulseArea_max_std;pulseArea_min_std]  [3/3 files]
                         ch75  method=statistical+IF        max_z=6.73      if_score=-0.7464     features=[pulseArea_max_std;pulseArea_min_std]  [3/3 files]
                         ch76  method=isolation_forest      max_z=5.99      if_score=-0.7428     features=[]  [3/3 files]
                         ch77  method=statistical+IF        max_z=7.46      if_score=-0.7349     features=[pulseArea_max_std;pulseArea_min_mean;pulseArea_min_std]  [3/3 files]
                         ch78  method=statistical+IF        max_z=11.37     if_score=-0.7712     features=[sideband_mean_std;sideband_rms_mean;sideband_rms_std;pulseHeight_max_mean;pulseHeight_min_mean;pulseArea_max_mean;pulseArea_max_std;pulseArea_min_mean;pulseArea_min_std]  [3/3 files]
                         ch79  method=statistical+IF        max_z=10.39     if_score=-0.7542     features=[sideband_mean_std;sideband_mean_median;pulseArea_max_mean;pulseArea_max_std;pulseArea_min_std]  [3/3 files]
                         ch86  method=statistical+IF        max_z=9.52      if_score=-0.7211     features=[sideband_mean_median;sideband_rms_mean;sideband_rms_std;nPulses_std]  [3/3 files]
                         ch87  method=statistical+IF        max_z=9.98      if_score=-0.7432     features=[sideband_rms_mean;sideband_rms_std]  [3/3 files]
                          ch2  method=statistical           max_z=6.24      if_score=-0.4809     features=[pulseArea_min_median]  [1/3 files]
[ALERT] 2026-04-28T18:58:02Z  Digitizer_run1541_subrun423.csv  —  18 persistent + 1 transient anomalous ch  (window: 3 files)  |  19/97 anomalous ch  [bulk ≥5]  |  extreme z=24.9 on ch47
                         ch64  method=isolation_forest      max_z=5.14      if_score=-0.7169     features=[]  [3/3 files]
                         ch65  method=isolation_forest      max_z=5.46      if_score=-0.7376     features=[]  [3/3 files]
                         ch66  method=statistical+IF        max_z=7.09      if_score=-0.7337     features=[pulseHeight_min_median;pulseArea_min_median]  [3/3 files]
                         ch67  method=isolation_forest      max_z=5.74      if_score=-0.7324     features=[]  [3/3 files]
                         ch68  method=statistical+IF        max_z=9.09      if_score=-0.7229     features=[pulseDuriation_max_std;pulseDuriation_min_mean;pulseDuriation_min_std]  [3/3 files]
                         ch69  method=statistical+IF        max_z=10.94     if_score=-0.7401     features=[pulseDuriation_max_std;pulseDuriation_min_std]  [3/3 files]
                         ch70  method=statistical+IF        max_z=6.22      if_score=-0.7315     features=[sideband_mean_median]  [3/3 files]
                         ch71  method=statistical+IF        max_z=7.28      if_score=-0.7613     features=[sideband_mean_mean;sideband_mean_std;sideband_rms_mean;sideband_rms_std]  [3/3 files]
                         ch72  method=statistical+IF        max_z=7.97      if_score=-0.7592     features=[sideband_mean_std]  [3/3 files]
                         ch73  method=statistical+IF        max_z=7.89      if_score=-0.763      features=[sideband_mean_mean;sideband_mean_std;sideband_mean_median;pulseDuriation_min_std]  [3/3 files]
                         ch74  method=statistical+IF        max_z=6.86      if_score=-0.7598     features=[sideband_mean_std;pulseDuriation_min_std;LVDSpin]  [3/3 files]
                         ch75  method=statistical+IF        max_z=7.15      if_score=-0.7456     features=[sideband_mean_std;sideband_mean_median;LVDSpin]  [3/3 files]
                         ch76  method=isolation_forest      max_z=5.89      if_score=-0.7574     features=[]  [3/3 files]
                         ch77  method=statistical+IF        max_z=7.62      if_score=-0.7497     features=[sideband_mean_median;pulseHeight_min_mean;pulseHeight_min_std;pulseArea_min_mean]  [3/3 files]
                         ch78  method=statistical+IF        max_z=8.21      if_score=-0.73       features=[sideband_mean_median;pulseDuriation_max_std;pulseDuriation_min_std]  [3/3 files]
                         ch79  method=statistical+IF        max_z=12.81     if_score=-0.7172     features=[sideband_mean_median;pulseArea_max_mean;pulseArea_max_std;pulseDuriation_max_mean;pulseDuriation_max_std;pulseDuriation_min_mean;pulseDuriation_min_std]  [3/3 files]
                         ch86  method=statistical+IF        max_z=10.11     if_score=-0.7394     features=[sideband_mean_median;pulseDuriation_max_std;pulseDuriation_min_std]  [3/3 files]
                         ch87  method=statistical+IF        max_z=9.13      if_score=-0.7458     features=[sideband_mean_median;pulseArea_max_mean;pulseDuriation_max_std;pulseDuriation_min_std]  [3/3 files]
                         ch47  method=statistical           max_z=24.91     if_score=-0.5583     features=[nPulses_median]  [1/3 files]
[ALERT] 2026-04-28T18:58:04Z  Digitizer_run1541_subrun424.csv  —  18 persistent anomalous ch  (window: 3 files)  |  18/97 anomalous ch  [bulk ≥5]
                         ch64  method=statistical+IF        max_z=6.05      if_score=-0.7397     features=[nPulses_std]  [3/3 files]
                         ch65  method=statistical+IF        max_z=8.64      if_score=-0.7385     features=[sideband_mean_median;pulseArea_min_mean;pulseArea_min_std]  [3/3 files]
                         ch66  method=isolation_forest      max_z=5.82      if_score=-0.7075     features=[]  [3/3 files]
                         ch67  method=isolation_forest      max_z=5.26      if_score=-0.7083     features=[]  [3/3 files]
                         ch68  method=statistical+IF        max_z=10.84     if_score=-0.7358     features=[sideband_mean_median;nPulses_median;pulseArea_min_median]  [3/3 files]
                         ch69  method=statistical+IF        max_z=6.33      if_score=-0.7133     features=[sideband_mean_median]  [3/3 files]
                         ch70  method=statistical+IF        max_z=10.02     if_score=-0.7677     features=[sideband_mean_mean;sideband_mean_std;pulseArea_max_mean;pulseArea_max_std;pulseArea_min_mean;pulseArea_min_std;pulseDuriation_max_std;pulseDuriation_min_std]  [3/3 files]
                         ch71  method=statistical+IF        max_z=11.31     if_score=-0.7802     features=[sideband_mean_mean;sideband_mean_std;sideband_rms_mean;sideband_rms_std;pulseHeight_min_median;pulseArea_max_mean;pulseArea_max_std;pulseArea_min_mean;pulseArea_min_std;pulseArea_min_median;pulseDuriation_max_std;pulseDuriation_min_std]  [3/3 files]
                         ch72  method=isolation_forest      max_z=5.95      if_score=-0.7624     features=[]  [3/3 files]
                         ch73  method=statistical+IF        max_z=7.49      if_score=-0.7549     features=[pulseHeight_max_median;pulseArea_max_median;pulseDuriation_max_std;pulseDuriation_min_std]  [3/3 files]
                         ch74  method=statistical+IF        max_z=6.56      if_score=-0.735      features=[pulseArea_min_std;pulseDuriation_max_std;pulseDuriation_min_std]  [3/3 files]
                         ch75  method=isolation_forest      max_z=5.98      if_score=-0.7449     features=[]  [3/3 files]
                         ch76  method=statistical+IF        max_z=7.96      if_score=-0.7468     features=[pulseHeight_max_mean;pulseArea_max_mean;pulseArea_max_std;pulseArea_min_mean;pulseArea_min_std;pulseDuriation_max_std;pulseDuriation_min_std;LVDSpin]  [3/3 files]
                         ch77  method=statistical+IF        max_z=10.17     if_score=-0.7453     features=[nPulses_median;pulseHeight_max_mean;pulseHeight_max_median;pulseArea_max_mean;pulseArea_max_std;pulseArea_max_median;pulseArea_min_mean;pulseArea_min_std;pulseDuriation_max_mean;pulseDuriation_max_std;pulseDuriation_min_std;LVDSpin]  [3/3 files]
                         ch78  method=statistical+IF        max_z=13.52     if_score=-0.7672     features=[sideband_rms_mean;sideband_rms_std;pulseArea_max_mean;pulseArea_max_std;pulseDuriation_max_std]  [3/3 files]
                         ch79  method=statistical+IF        max_z=11.35     if_score=-0.7642     features=[sideband_mean_median;sideband_rms_mean;sideband_rms_std;pulseHeight_min_median;pulseArea_max_std]  [3/3 files]
                         ch86  method=statistical+IF        max_z=7.27      if_score=-0.7284     features=[nPulses_median;pulseArea_max_mean]  [3/3 files]
                         ch87  method=statistical+IF        max_z=6.3       if_score=-0.7349     features=[pulseArea_max_std]  [3/3 files]
[ALERT] 2026-04-28T18:58:06Z  Digitizer_run1541_subrun454.csv  —  18 persistent anomalous ch  (window: 3 files)  |  18/97 anomalous ch  [bulk ≥5]
                         ch64  method=statistical+IF        max_z=8.54      if_score=-0.7731     features=[sideband_rms_mean;sideband_rms_std;nPulses_std;pulseHeight_max_mean;pulseHeight_max_median;pulseArea_max_mean;pulseArea_max_std;pulseDuriation_max_mean;pulseDuriation_max_std]  [3/3 files]
                         ch65  method=statistical+IF        max_z=8.56      if_score=-0.7816     features=[sideband_rms_mean;sideband_rms_std;pulseHeight_max_median;pulseArea_max_mean;pulseArea_max_std;pulseArea_max_median;pulseArea_min_mean;pulseArea_min_std;pulseDuriation_max_std;pulseDuriation_min_std]  [3/3 files]
                         ch66  method=isolation_forest      max_z=5.83      if_score=-0.7007     features=[]  [3/3 files]
                         ch67  method=statistical+IF        max_z=10.96     if_score=-0.7292     features=[sideband_mean_median;pulseHeight_min_median;pulseArea_min_median]  [3/3 files]
                         ch68  method=statistical+IF        max_z=11.44     if_score=-0.7652     features=[sideband_mean_mean;sideband_mean_std;nPulses_mean;nPulses_std;nPulses_median;pulseHeight_max_mean;pulseHeight_max_median;pulseArea_max_median]  [3/3 files]
                         ch69  method=statistical+IF        max_z=9.74      if_score=-0.7662     features=[sideband_mean_mean;sideband_mean_std;sideband_rms_mean;sideband_rms_std;pulseHeight_max_median;pulseArea_max_median]  [3/3 files]
                         ch70  method=statistical+IF        max_z=7.32      if_score=-0.747      features=[pulseArea_min_mean;pulseArea_min_std;occupancy;LVDSpin]  [3/3 files]
                         ch71  method=statistical+IF        max_z=6.56      if_score=-0.7643     features=[pulseArea_max_std;pulseArea_min_std;LVDSpin]  [3/3 files]
                         ch72  method=statistical+IF        max_z=7.83      if_score=-0.7608     features=[sideband_mean_std]  [3/3 files]
                         ch73  method=statistical+IF        max_z=8.3       if_score=-0.7639     features=[sideband_mean_mean;sideband_mean_std;sideband_mean_median;pulseHeight_max_median;pulseHeight_min_mean;pulseHeight_min_median;pulseArea_max_median;pulseArea_min_mean;pulseArea_min_median]  [3/3 files]
                         ch74  method=statistical+IF        max_z=6.56      if_score=-0.7498     features=[pulseHeight_max_median;pulseArea_max_mean;pulseArea_max_std;pulseArea_max_median;pulseArea_min_mean;pulseArea_min_std;pulseDuriation_max_std;pulseDuriation_min_std]  [3/3 files]
                         ch75  method=statistical+IF        max_z=8.39      if_score=-0.7534     features=[sideband_mean_median;pulseHeight_max_mean;pulseHeight_max_median;pulseArea_max_mean;pulseArea_max_median;pulseArea_min_mean;pulseArea_min_median;pulseDuriation_min_std]  [3/3 files]
                         ch76  method=statistical+IF        max_z=7.9       if_score=-0.7545     features=[sideband_mean_mean;sideband_mean_std]  [3/3 files]
                         ch77  method=statistical+IF        max_z=8.43      if_score=-0.7528     features=[sideband_mean_mean;sideband_mean_std;pulseDuriation_max_std;pulseDuriation_min_std]  [3/3 files]
                         ch78  method=isolation_forest      max_z=5.28      if_score=-0.7202     features=[]  [3/3 files]
                         ch79  method=statistical+IF        max_z=6.46      if_score=-0.7255     features=[pulseHeight_max_median;pulseArea_max_median]  [3/3 files]
                         ch86  method=statistical+IF        max_z=6.36      if_score=-0.75       features=[pulseHeight_max_median;pulseArea_max_mean;pulseArea_max_median]  [3/3 files]
                         ch87  method=statistical+IF        max_z=7.17      if_score=-0.755      features=[sideband_rms_mean;nPulses_std;pulseHeight_min_mean;pulseArea_max_std;pulseArea_min_mean;pulseArea_min_std]  [3/3 files]
[ALERT] 2026-04-28T18:58:08Z  Digitizer_run1541_subrun467.csv  —  18 persistent anomalous ch  (window: 3 files)  |  18/97 anomalous ch  [bulk ≥5]
                         ch64  method=statistical+IF        max_z=10.39     if_score=-0.7278     features=[pulseHeight_max_median;pulseHeight_min_mean;pulseHeight_min_std;pulseArea_max_median]  [3/3 files]
                         ch65  method=statistical+IF        max_z=6.27      if_score=-0.7306     features=[pulseHeight_max_median]  [3/3 files]
                         ch66  method=statistical+IF        max_z=7.73      if_score=-0.7296     features=[pulseDuriation_max_std;pulseDuriation_min_std;LVDSpin]  [3/3 files]
                         ch67  method=statistical+IF        max_z=7.5       if_score=-0.732      features=[pulseDuriation_max_std;pulseDuriation_min_std;LVDSpin]  [3/3 files]
                         ch68  method=statistical+IF        max_z=6.66      if_score=-0.7095     features=[pulseDuriation_max_std;pulseDuriation_min_std]  [3/3 files]
                         ch69  method=statistical+IF        max_z=10.35     if_score=-0.6973     features=[sideband_mean_median]  [3/3 files]
                         ch70  method=isolation_forest      max_z=5.75      if_score=-0.7362     features=[]  [3/3 files]
                         ch71  method=statistical+IF        max_z=6.84      if_score=-0.7444     features=[sideband_rms_mean;sideband_rms_std;pulseHeight_min_median;pulseArea_min_median]  [3/3 files]
                         ch72  method=statistical+IF        max_z=9.1       if_score=-0.7595     features=[sideband_mean_mean;sideband_mean_std;sideband_rms_mean]  [3/3 files]
                         ch73  method=statistical+IF        max_z=11.99     if_score=-0.7651     features=[sideband_mean_mean;sideband_mean_std;sideband_rms_mean]  [3/3 files]
                         ch74  method=statistical+IF        max_z=12.13     if_score=-0.7375     features=[sideband_mean_median;sideband_rms_mean;sideband_rms_std;LVDSpin]  [3/3 files]
                         ch75  method=statistical+IF        max_z=13.54     if_score=-0.7464     features=[sideband_mean_median;sideband_rms_mean;sideband_rms_std;LVDSpin]  [3/3 files]
                         ch76  method=statistical+IF        max_z=6.16      if_score=-0.7218     features=[nPulses_std]  [3/3 files]
                         ch77  method=statistical+IF        max_z=6.1       if_score=-0.7107     features=[pulseHeight_min_mean]  [3/3 files]
                         ch78  method=isolation_forest      max_z=5.26      if_score=-0.722      features=[]  [3/3 files]
                         ch79  method=statistical+IF        max_z=13.25     if_score=-0.7203     features=[pulseHeight_min_mean;pulseHeight_min_median;pulseArea_min_median;pulseDuriation_min_median]  [3/3 files]
                         ch86  method=statistical+IF        max_z=6.3       if_score=-0.6925     features=[LVDSpin]  [3/3 files]
                         ch87  method=statistical+IF        max_z=6.68      if_score=-0.73       features=[pulseHeight_max_median;pulseHeight_min_median;pulseArea_min_median;LVDSpin]  [3/3 files]
[ALERT] 2026-04-28T18:58:10Z  Digitizer_run1541_subrun475.csv  —  18 persistent anomalous ch  (window: 3 files)  |  18/97 anomalous ch  [bulk ≥5]
                         ch64  method=statistical+IF        max_z=7.34      if_score=-0.7292     features=[pulseHeight_max_median;pulseArea_max_median]  [3/3 files]
                         ch65  method=isolation_forest      max_z=5.99      if_score=-0.7125     features=[]  [3/3 files]
                         ch66  method=isolation_forest      max_z=4.96      if_score=-0.7204     features=[]  [3/3 files]
                         ch67  method=isolation_forest      max_z=5.83      if_score=-0.7191     features=[]  [3/3 files]
                         ch68  method=statistical+IF        max_z=7.6       if_score=-0.7681     features=[sideband_mean_mean;sideband_mean_std;sideband_rms_std]  [3/3 files]
                         ch69  method=statistical+IF        max_z=8.67      if_score=-0.7684     features=[sideband_mean_median;sideband_rms_mean;sideband_rms_std;nPulses_std]  [3/3 files]
                         ch70  method=statistical+IF        max_z=6.51      if_score=-0.7406     features=[sideband_rms_mean]  [3/3 files]
                         ch71  method=statistical+IF        max_z=10.47     if_score=-0.757      features=[sideband_rms_mean;sideband_rms_std;pulseHeight_min_median;pulseArea_min_median;pulseDuriation_min_median]  [3/3 files]
                         ch72  method=isolation_forest      max_z=5.62      if_score=-0.7362     features=[]  [3/3 files]
                         ch73  method=statistical+IF        max_z=6.11      if_score=-0.7188     features=[occupancy]  [3/3 files]
                         ch74  method=statistical+IF        max_z=7.39      if_score=-0.7372     features=[nPulses_median;pulseArea_max_std;pulseArea_min_std]  [3/3 files]
                         ch75  method=statistical+IF        max_z=7.1       if_score=-0.7365     features=[pulseArea_max_std;pulseArea_min_std]  [3/3 files]
                         ch76  method=statistical+IF        max_z=7.51      if_score=-0.7236     features=[pulseArea_max_std]  [3/3 files]
                         ch77  method=statistical+IF        max_z=11.46     if_score=-0.7521     features=[sideband_mean_median;pulseHeight_max_median;pulseHeight_min_median;pulseArea_max_median;pulseArea_min_std;pulseArea_min_median;pulseDuriation_max_mean;pulseDuriation_max_std;pulseDuriation_min_mean;pulseDuriation_min_std;pulseDuriation_min_median]  [3/3 files]
                         ch78  method=isolation_forest      max_z=5.37      if_score=-0.7167     features=[]  [3/3 files]
                         ch79  method=statistical+IF        max_z=6.64      if_score=-0.7154     features=[sideband_mean_median;pulseHeight_min_mean;pulseHeight_min_std;pulseArea_min_mean]  [3/3 files]
                         ch86  method=statistical+IF        max_z=6.01      if_score=-0.7393     features=[sideband_rms_mean]  [3/3 files]
                         ch87  method=statistical+IF        max_z=10.82     if_score=-0.7266     features=[sideband_mean_median;sideband_rms_std]  [3/3 files]
[ALERT] 2026-04-28T18:58:12Z  Digitizer_run1541_subrun476.csv  —  18 persistent anomalous ch  (window: 3 files)  |  18/97 anomalous ch  [bulk ≥5]
                         ch64  method=statistical+IF        max_z=6.03      if_score=-0.7269     features=[pulseHeight_max_mean]  [3/3 files]
                         ch65  method=statistical+IF        max_z=10.37     if_score=-0.7209     features=[sideband_mean_median;sideband_rms_mean]  [3/3 files]
                         ch66  method=statistical+IF        max_z=8.49      if_score=-0.7531     features=[pulseArea_min_median;pulseDuriation_max_std;pulseDuriation_min_mean;pulseDuriation_min_std;pulseDuriation_min_median]  [3/3 files]
                         ch67  method=statistical+IF        max_z=6.39      if_score=-0.7477     features=[sideband_mean_median;pulseDuriation_min_std]  [3/3 files]
                         ch68  method=statistical+IF        max_z=7.31      if_score=-0.7585     features=[nPulses_median;pulseArea_max_mean;pulseArea_max_std;pulseArea_min_std;pulseDuriation_min_std]  [3/3 files]
                         ch69  method=statistical+IF        max_z=9.06      if_score=-0.751      features=[sideband_mean_median;nPulses_std;pulseArea_max_mean;pulseArea_max_median;pulseDuriation_max_std]  [3/3 files]
                         ch70  method=statistical+IF        max_z=6.82      if_score=-0.731      features=[pulseHeight_max_median;pulseArea_max_median;pulseArea_min_std]  [3/3 files]
                         ch71  method=statistical+IF        max_z=6.8       if_score=-0.738      features=[sideband_mean_median;pulseArea_max_std;pulseArea_min_std]  [3/3 files]
                         ch72  method=statistical+IF        max_z=8.46      if_score=-0.77       features=[sideband_mean_mean;sideband_mean_std]  [3/3 files]
                         ch73  method=statistical+IF        max_z=12.18     if_score=-0.7573     features=[sideband_mean_mean;sideband_mean_std;sideband_mean_median]  [3/3 files]
                         ch74  method=statistical+IF        max_z=11.85     if_score=-0.7614     features=[sideband_mean_mean;sideband_mean_std;sideband_rms_mean;sideband_rms_std;nPulses_std;pulseArea_max_std;pulseArea_min_std]  [3/3 files]
                         ch75  method=statistical+IF        max_z=11.19     if_score=-0.7589     features=[sideband_mean_mean;sideband_mean_std;sideband_rms_mean;sideband_rms_std;pulseArea_max_std;pulseArea_min_std]  [3/3 files]
                         ch76  method=statistical+IF        max_z=6.67      if_score=-0.7596     features=[sideband_rms_mean;sideband_rms_std]  [3/3 files]
                         ch77  method=statistical+IF        max_z=9.32      if_score=-0.7556     features=[sideband_mean_mean;sideband_rms_mean;sideband_rms_std;pulseHeight_max_median]  [3/3 files]
                         ch78  method=statistical+IF        max_z=6.16      if_score=-0.7188     features=[LVDSpin]  [3/3 files]
                         ch79  method=statistical+IF        max_z=8.22      if_score=-0.7451     features=[pulseHeight_min_median;pulseArea_min_median;pulseDuriation_max_std;pulseDuriation_min_std;LVDSpin]  [3/3 files]
                         ch86  method=statistical+IF        max_z=9.87      if_score=-0.7401     features=[pulseHeight_max_median;pulseHeight_min_mean;pulseHeight_min_median;pulseArea_max_median;pulseArea_min_median;pulseDuriation_min_median]  [3/3 files]
                         ch87  method=isolation_forest      max_z=5.6       if_score=-0.7299     features=[]  [3/3 files]
[ALERT] 2026-04-28T18:58:14Z  Digitizer_run1541_subrun484.csv  —  18 persistent anomalous ch  (window: 3 files)  |  18/97 anomalous ch  [bulk ≥5]
                         ch64  method=statistical+IF        max_z=8.17      if_score=-0.706      features=[pulseHeight_min_median;pulseArea_min_median]  [3/3 files]
                         ch65  method=statistical+IF        max_z=7.07      if_score=-0.7244     features=[pulseHeight_min_median;pulseArea_min_median]  [3/3 files]
                         ch66  method=statistical+IF        max_z=11.85     if_score=-0.7437     features=[sideband_rms_mean;sideband_rms_std;pulseHeight_min_median;pulseArea_min_median]  [3/3 files]
                         ch67  method=statistical+IF        max_z=9.42      if_score=-0.7459     features=[sideband_rms_mean;sideband_rms_std;pulseHeight_min_median;pulseArea_min_median;pulseDuriation_min_median]  [3/3 files]
                         ch68  method=statistical+IF        max_z=9.18      if_score=-0.7321     features=[sideband_mean_std;sideband_mean_median;LVDSpin]  [3/3 files]
                         ch69  method=statistical+IF        max_z=9.63      if_score=-0.7575     features=[sideband_mean_mean;sideband_mean_std;sideband_mean_median;LVDSpin]  [3/3 files]
                         ch70  method=statistical+IF        max_z=6.12      if_score=-0.7371     features=[pulseHeight_min_median]  [3/3 files]
                         ch71  method=statistical+IF        max_z=7.38      if_score=-0.7424     features=[sideband_rms_std]  [3/3 files]
                         ch72  method=isolation_forest      max_z=5.65      if_score=-0.7487     features=[]  [3/3 files]
                         ch73  method=isolation_forest      max_z=5.46      if_score=-0.72       features=[]  [3/3 files]
                         ch74  method=statistical+IF        max_z=8.96      if_score=-0.7623     features=[pulseArea_max_std;pulseArea_min_mean;pulseArea_min_std;pulseArea_min_median]  [3/3 files]
                         ch75  method=statistical+IF        max_z=9.44      if_score=-0.7485     features=[nPulses_std;pulseArea_max_mean;pulseArea_max_std;pulseArea_min_mean;pulseArea_min_std]  [3/3 files]
                         ch76  method=statistical+IF        max_z=10.33     if_score=-0.7686     features=[sideband_mean_mean;sideband_mean_std;pulseArea_max_mean;pulseArea_max_std;pulseArea_min_mean;pulseArea_min_std]  [3/3 files]
                         ch77  method=statistical+IF        max_z=8.75      if_score=-0.7765     features=[sideband_mean_mean;sideband_mean_std;pulseHeight_min_mean;pulseHeight_min_std;pulseHeight_min_median;pulseArea_max_std;pulseArea_min_mean;pulseArea_min_std;pulseArea_min_median;pulseDuriation_min_mean;pulseDuriation_min_std;pulseDuriation_min_median]  [3/3 files]
                         ch78  method=statistical+IF        max_z=8.14      if_score=-0.7483     features=[sideband_mean_mean;sideband_mean_std]  [3/3 files]
                         ch79  method=statistical+IF        max_z=9.81      if_score=-0.737      features=[sideband_mean_mean;sideband_mean_std]  [3/3 files]
                         ch86  method=isolation_forest      max_z=5.22      if_score=-0.7016     features=[]  [3/3 files]
                         ch87  method=isolation_forest      max_z=5.1       if_score=-0.7087     features=[]  [3/3 files]
[ALERT] 2026-04-28T18:58:16Z  Digitizer_run1541_subrun487.csv  —  18 persistent + 1 transient anomalous ch  (window: 3 files)  |  19/97 anomalous ch  [bulk ≥5]
                         ch64  method=statistical+IF        max_z=6.94      if_score=-0.7614     features=[sideband_mean_std;pulseHeight_max_mean;pulseHeight_max_median;pulseHeight_min_median;pulseArea_max_median;pulseArea_min_median]  [3/3 files]
                         ch65  method=statistical+IF        max_z=8.26      if_score=-0.7482     features=[sideband_mean_std;sideband_mean_median]  [3/3 files]
                         ch66  method=statistical+IF        max_z=10.77     if_score=-0.7612     features=[sideband_mean_mean;sideband_mean_std;sideband_rms_mean;sideband_rms_std;pulseArea_max_std;pulseArea_min_mean;pulseArea_min_std]  [3/3 files]
                         ch67  method=statistical+IF        max_z=12.44     if_score=-0.7651     features=[sideband_mean_mean;sideband_mean_std;sideband_mean_median;sideband_rms_mean;sideband_rms_std;pulseArea_max_std;pulseArea_min_mean;pulseArea_min_std]  [3/3 files]
                         ch68  method=statistical+IF        max_z=6.56      if_score=-0.7188     features=[sideband_mean_median]  [3/3 files]
                         ch69  method=isolation_forest      max_z=5.36      if_score=-0.7142     features=[]  [3/3 files]
                         ch70  method=statistical+IF        max_z=6.91      if_score=-0.7373     features=[pulseHeight_min_median;pulseArea_min_median;pulseDuriation_min_median]  [3/3 files]
                         ch71  method=statistical+IF        max_z=6.89      if_score=-0.7172     features=[pulseHeight_max_median;pulseArea_max_median]  [3/3 files]
                         ch72  method=isolation_forest      max_z=5.49      if_score=-0.7189     features=[]  [3/3 files]
                         ch73  method=isolation_forest      max_z=5.16      if_score=-0.717      features=[]  [3/3 files]
                         ch74  method=statistical+IF        max_z=7.07      if_score=-0.7386     features=[sideband_mean_median;nPulses_std;pulseHeight_max_median;pulseArea_max_median;pulseDuriation_max_std;pulseDuriation_min_std]  [3/3 files]
                         ch75  method=statistical+IF        max_z=6.23      if_score=-0.7396     features=[pulseHeight_max_median;pulseArea_max_median;pulseDuriation_max_std;pulseDuriation_min_std]  [3/3 files]
                         ch76  method=statistical+IF        max_z=6.37      if_score=-0.7481     features=[sideband_mean_mean;sideband_mean_std;sideband_mean_median]  [3/3 files]
                         ch77  method=statistical+IF        max_z=6.26      if_score=-0.7377     features=[sideband_mean_std;sideband_rms_mean]  [3/3 files]
                         ch78  method=statistical+IF        max_z=8.28      if_score=-0.734      features=[sideband_mean_median;pulseDuriation_max_std;pulseDuriation_min_std]  [3/3 files]
                         ch79  method=statistical+IF        max_z=10.01     if_score=-0.7264     features=[pulseArea_min_median;pulseDuriation_max_mean;pulseDuriation_max_std;pulseDuriation_min_mean;pulseDuriation_min_std;pulseDuriation_min_median]  [3/3 files]
                         ch86  method=statistical+IF        max_z=8.11      if_score=-0.7426     features=[sideband_mean_median;sideband_rms_mean;sideband_rms_std;nPulses_std;pulseHeight_min_std]  [3/3 files]
                         ch87  method=statistical+IF        max_z=9.74      if_score=-0.7394     features=[sideband_rms_mean;sideband_rms_std]  [3/3 files]
                          ch6  method=statistical           max_z=6.64      if_score=-0.5101     features=[nPulses_median]  [1/3 files]
[ALERT] 2026-04-28T18:58:18Z  Digitizer_run1541_subrun497.csv  —  18 persistent anomalous ch  (window: 3 files)  |  18/97 anomalous ch  [bulk ≥5]
                         ch64  method=statistical+IF        max_z=6.76      if_score=-0.7243     features=[pulseArea_min_median]  [3/3 files]
                         ch65  method=statistical+IF        max_z=6.95      if_score=-0.7255     features=[pulseHeight_max_median;pulseArea_max_median]  [3/3 files]
                         ch66  method=statistical+IF        max_z=7.82      if_score=-0.714      features=[pulseDuriation_max_std;pulseDuriation_min_std]  [3/3 files]
                         ch67  method=statistical+IF        max_z=7.79      if_score=-0.7308     features=[pulseDuriation_max_std;pulseDuriation_min_std]  [3/3 files]
                         ch68  method=statistical+IF        max_z=8.93      if_score=-0.7697     features=[sideband_mean_mean;sideband_mean_std;sideband_rms_mean;sideband_rms_std;pulseHeight_min_median;pulseArea_max_std;pulseArea_min_mean;pulseArea_min_std;pulseArea_min_median;pulseDuriation_max_std;pulseDuriation_min_mean;pulseDuriation_min_std]  [3/3 files]
                         ch69  method=statistical+IF        max_z=13.34     if_score=-0.7731     features=[sideband_mean_mean;sideband_rms_mean;sideband_rms_std;pulseHeight_max_median;pulseArea_max_mean;pulseArea_max_std;pulseArea_max_median;pulseArea_min_mean;pulseArea_min_std;pulseDuriation_min_std]  [3/3 files]
                         ch70  method=statistical+IF        max_z=8.73      if_score=-0.7539     features=[nPulses_std;pulseHeight_min_median;pulseArea_max_std;pulseArea_min_mean;pulseArea_min_std;pulseArea_min_median;pulseDuriation_min_median]  [3/3 files]
                         ch71  method=isolation_forest      max_z=5.88      if_score=-0.7356     features=[]  [3/3 files]
                         ch72  method=statistical+IF        max_z=11.92     if_score=-0.7638     features=[sideband_rms_mean;sideband_rms_std;pulseHeight_max_mean]  [3/3 files]
                         ch73  method=statistical+IF        max_z=11.5      if_score=-0.7636     features=[sideband_mean_median;sideband_rms_mean;sideband_rms_std;nPulses_std;pulseHeight_max_median;pulseArea_max_median]  [3/3 files]
                         ch74  method=statistical+IF        max_z=11.44     if_score=-0.7639     features=[sideband_rms_mean;sideband_rms_std;pulseArea_max_std;pulseArea_min_std]  [3/3 files]
                         ch75  method=statistical+IF        max_z=9.13      if_score=-0.7647     features=[sideband_rms_mean;sideband_rms_std;pulseArea_max_std;pulseArea_min_std]  [3/3 files]
                         ch76  method=statistical+IF        max_z=9.04      if_score=-0.7397     features=[pulseDuriation_max_std;pulseDuriation_min_std]  [3/3 files]
                         ch77  method=statistical+IF        max_z=8.16      if_score=-0.7234     features=[sideband_mean_median;nPulses_std;pulseDuriation_max_std;pulseDuriation_min_std]  [3/3 files]
                         ch78  method=isolation_forest      max_z=5.29      if_score=-0.7479     features=[]  [3/3 files]
                         ch79  method=statistical+IF        max_z=11.69     if_score=-0.7598     features=[sideband_rms_mean;sideband_rms_std;pulseHeight_max_median;pulseHeight_min_mean;pulseArea_min_median]  [3/3 files]
                         ch86  method=isolation_forest      max_z=5.92      if_score=-0.701      features=[]  [3/3 files]
                         ch87  method=isolation_forest      max_z=5.9       if_score=-0.75       features=[]  [3/3 files]
[ALERT] 2026-04-28T18:58:20Z  Digitizer_run1541_subrun499.csv  —  18 persistent anomalous ch  (window: 3 files)  |  18/97 anomalous ch  [bulk ≥5]
                         ch64  method=statistical+IF        max_z=6.68      if_score=-0.7284     features=[pulseHeight_max_median;pulseHeight_min_median;pulseArea_max_median;pulseArea_min_median]  [3/3 files]
                         ch65  method=statistical+IF        max_z=7.53      if_score=-0.7301     features=[pulseHeight_min_median;pulseArea_min_median]  [3/3 files]
                         ch66  method=statistical+IF        max_z=9.27      if_score=-0.7451     features=[sideband_mean_mean;sideband_mean_std;sideband_mean_median;pulseHeight_min_median;LVDSpin]  [3/3 files]
                         ch67  method=statistical+IF        max_z=8.77      if_score=-0.7449     features=[sideband_mean_mean;sideband_mean_std;LVDSpin]  [3/3 files]
                         ch68  method=statistical+IF        max_z=6.41      if_score=-0.7613     features=[sideband_rms_mean;sideband_rms_std;pulseArea_max_std;pulseDuriation_max_std]  [3/3 files]
                         ch69  method=statistical+IF        max_z=11.32     if_score=-0.7379     features=[nPulses_std;pulseArea_max_mean;pulseArea_max_std;pulseArea_min_mean;pulseArea_min_std]  [3/3 files]
                         ch70  method=statistical+IF        max_z=6.5       if_score=-0.7248     features=[sideband_mean_median;pulseHeight_min_mean]  [3/3 files]
                         ch71  method=statistical+IF        max_z=9.97      if_score=-0.7228     features=[sideband_mean_median]  [3/3 files]
                         ch72  method=statistical+IF        max_z=7.56      if_score=-0.7674     features=[sideband_mean_std;sideband_rms_std;pulseHeight_min_mean;pulseHeight_min_std;pulseArea_min_mean]  [3/3 files]
                         ch73  method=statistical+IF        max_z=8.35      if_score=-0.7703     features=[sideband_mean_std;sideband_mean_median;pulseHeight_max_median;pulseHeight_min_mean;pulseHeight_min_median;pulseArea_max_median;pulseArea_min_median]  [3/3 files]
                         ch74  method=statistical+IF        max_z=7.13      if_score=-0.7625     features=[sideband_mean_std;pulseHeight_max_median;pulseHeight_min_median;pulseArea_max_median;pulseArea_min_median]  [3/3 files]
                         ch75  method=statistical+IF        max_z=7.12      if_score=-0.7648     features=[sideband_mean_std;pulseHeight_max_mean;pulseHeight_max_median;pulseArea_max_median]  [3/3 files]
                         ch76  method=statistical+IF        max_z=12.82     if_score=-0.7722     features=[sideband_mean_mean;sideband_mean_std;sideband_mean_median;sideband_rms_mean;sideband_rms_std]  [3/3 files]
                         ch77  method=statistical+IF        max_z=12.83     if_score=-0.7616     features=[sideband_mean_mean;sideband_mean_std;sideband_rms_mean;sideband_rms_std;pulseArea_max_std;pulseArea_min_mean;pulseArea_min_std]  [3/3 files]
                         ch78  method=statistical+IF        max_z=7.31      if_score=-0.7507     features=[sideband_mean_std]  [3/3 files]
                         ch79  method=statistical+IF        max_z=8.69      if_score=-0.7334     features=[sideband_mean_mean;sideband_mean_std;pulseHeight_min_std]  [3/3 files]
                         ch86  method=statistical+IF        max_z=11.17     if_score=-0.7584     features=[sideband_mean_mean;sideband_mean_std;sideband_rms_mean;sideband_rms_std;pulseArea_max_std;pulseArea_min_mean;pulseArea_min_std]  [3/3 files]
                         ch87  method=statistical+IF        max_z=10.06     if_score=-0.7749     features=[sideband_mean_mean;sideband_mean_std;nPulses_std;pulseArea_max_std;pulseArea_min_mean;pulseArea_min_std]  [3/3 files]
[ALERT] 2026-04-28T18:58:22Z  Digitizer_run1541_subrun523.csv  —  18 persistent anomalous ch  (window: 3 files)  |  18/97 anomalous ch  [bulk ≥5]
                         ch64  method=statistical+IF        max_z=6.92      if_score=-0.7404     features=[pulseHeight_min_median;pulseArea_min_mean;pulseArea_min_std;pulseArea_min_median;pulseDuriation_min_std]  [3/3 files]
                         ch65  method=statistical+IF        max_z=8.13      if_score=-0.7302     features=[pulseArea_max_std;pulseArea_min_mean;pulseArea_min_std]  [3/3 files]
                         ch66  method=statistical+IF        max_z=9.9       if_score=-0.7534     features=[pulseHeight_min_mean;pulseHeight_min_std;pulseHeight_min_median;pulseArea_max_std;pulseArea_min_mean;pulseArea_min_std;pulseArea_min_median]  [3/3 files]
                         ch67  method=statistical+IF        max_z=8.65      if_score=-0.7494     features=[pulseHeight_max_median;pulseArea_max_std;pulseArea_max_median;pulseArea_min_mean;pulseArea_min_std]  [3/3 files]
                         ch68  method=statistical+IF        max_z=8.01      if_score=-0.7223     features=[sideband_mean_std]  [3/3 files]
                         ch69  method=statistical+IF        max_z=10.63     if_score=-0.7204     features=[sideband_mean_mean;sideband_mean_std]  [3/3 files]
                         ch70  method=statistical+IF        max_z=8.53      if_score=-0.7331     features=[sideband_mean_median;pulseHeight_min_median;pulseArea_min_median]  [3/3 files]
                         ch71  method=isolation_forest      max_z=5.79      if_score=-0.7299     features=[]  [3/3 files]
                         ch72  method=isolation_forest      max_z=5.44      if_score=-0.7541     features=[]  [3/3 files]
                         ch73  method=isolation_forest      max_z=5.88      if_score=-0.7506     features=[]  [3/3 files]
                         ch74  method=isolation_forest      max_z=5.67      if_score=-0.7082     features=[]  [3/3 files]
                         ch75  method=isolation_forest      max_z=5.85      if_score=-0.719      features=[]  [3/3 files]
                         ch76  method=statistical+IF        max_z=7.63      if_score=-0.7589     features=[sideband_mean_std]  [3/3 files]
                         ch77  method=statistical+IF        max_z=8.23      if_score=-0.7377     features=[sideband_mean_std;pulseHeight_min_mean;pulseHeight_min_median;pulseArea_min_median]  [3/3 files]
                         ch78  method=isolation_forest      max_z=5.68      if_score=-0.7365     features=[]  [3/3 files]
                         ch79  method=statistical+IF        max_z=7.22      if_score=-0.7334     features=[nPulses_std;pulseHeight_min_median;pulseArea_min_median]  [3/3 files]
                         ch86  method=isolation_forest      max_z=5.42      if_score=-0.7069     features=[]  [3/3 files]
                         ch87  method=isolation_forest      max_z=5.37      if_score=-0.7333     features=[]  [3/3 files]
[ALERT] 2026-04-28T18:58:24Z  Digitizer_run1541_subrun532.csv  —  18 persistent anomalous ch  (window: 3 files)  |  18/97 anomalous ch  [bulk ≥5]
                         ch64  method=statistical+IF        max_z=8.21      if_score=-0.7588     features=[sideband_mean_median;sideband_rms_mean;sideband_rms_std;pulseHeight_min_mean;pulseHeight_min_std;pulseArea_min_median;LVDSpin]  [3/3 files]
                         ch65  method=statistical+IF        max_z=6.85      if_score=-0.7431     features=[sideband_mean_std;sideband_rms_mean;sideband_rms_std;LVDSpin]  [3/3 files]
                         ch66  method=statistical+IF        max_z=7.04      if_score=-0.7262     features=[pulseHeight_min_median;pulseArea_min_median]  [3/3 files]
                         ch67  method=isolation_forest      max_z=5.81      if_score=-0.712      features=[]  [3/3 files]
                         ch68  method=statistical+IF        max_z=7.24      if_score=-0.7268     features=[nPulses_median]  [3/3 files]
                         ch69  method=statistical+IF        max_z=10.01     if_score=-0.7376     features=[sideband_mean_median;pulseArea_max_median]  [3/3 files]
                         ch70  method=isolation_forest      max_z=5.4       if_score=-0.713      features=[]  [3/3 files]
                         ch71  method=statistical+IF        max_z=7.59      if_score=-0.7314     features=[sideband_mean_median]  [3/3 files]
                         ch72  method=isolation_forest      max_z=5.49      if_score=-0.7509     features=[]  [3/3 files]
                         ch73  method=isolation_forest      max_z=5.79      if_score=-0.7422     features=[]  [3/3 files]
                         ch74  method=statistical+IF        max_z=7.3       if_score=-0.719      features=[pulseDuriation_max_std;pulseDuriation_min_std]  [3/3 files]
                         ch75  method=statistical+IF        max_z=9.48      if_score=-0.7378     features=[sideband_mean_median;pulseArea_max_median;pulseDuriation_max_std;pulseDuriation_min_mean;pulseDuriation_min_std]  [3/3 files]
                         ch76  method=statistical+IF        max_z=6.4       if_score=-0.7579     features=[sideband_rms_mean;sideband_rms_std;nPulses_std]  [3/3 files]
                         ch77  method=isolation_forest      max_z=5.29      if_score=-0.7222     features=[]  [3/3 files]
                         ch78  method=statistical+IF        max_z=8.26      if_score=-0.7572     features=[sideband_mean_mean;sideband_mean_std;pulseDuriation_max_std;pulseDuriation_min_std]  [3/3 files]
                         ch79  method=statistical+IF        max_z=7.87      if_score=-0.7717     features=[sideband_mean_mean;sideband_mean_std;sideband_rms_mean;sideband_rms_std;nPulses_std;pulseArea_max_std;pulseArea_min_mean;pulseArea_min_std;pulseDuriation_max_std;pulseDuriation_min_std]  [3/3 files]
                         ch86  method=statistical+IF        max_z=6.7       if_score=-0.7392     features=[sideband_mean_median]  [3/3 files]
                         ch87  method=statistical+IF        max_z=6.0       if_score=-0.6836     features=[sideband_mean_median]  [3/3 files]
[ALERT] 2026-04-28T18:58:26Z  Digitizer_run1541_subrun535.csv  —  18 persistent + 1 transient anomalous ch  (window: 3 files)  |  19/97 anomalous ch  [bulk ≥5]  |  extreme z=20.3 on ch86
                         ch64  method=isolation_forest      max_z=5.45      if_score=-0.725      features=[]  [3/3 files]
                         ch65  method=statistical+IF        max_z=6.27      if_score=-0.7239     features=[sideband_mean_median]  [3/3 files]
                         ch66  method=statistical+IF        max_z=6.86      if_score=-0.7588     features=[sideband_rms_std;nPulses_std;LVDSpin]  [3/3 files]
                         ch67  method=statistical+IF        max_z=10.22     if_score=-0.7756     features=[sideband_mean_median;sideband_rms_mean;sideband_rms_std;pulseDuriation_min_std;LVDSpin]  [3/3 files]
                         ch68  method=statistical+IF        max_z=11.82     if_score=-0.7678     features=[sideband_mean_mean;sideband_mean_std;pulseHeight_max_median;pulseHeight_min_mean;pulseHeight_min_std;pulseHeight_min_median;pulseArea_max_mean;pulseArea_max_std;pulseArea_max_median;pulseArea_min_mean;pulseArea_min_std;pulseArea_min_median;pulseDuriation_max_mean;pulseDuriation_max_std;pulseDuriation_min_mean;pulseDuriation_min_std]  [3/3 files]
                         ch69  method=statistical+IF        max_z=10.44     if_score=-0.777      features=[sideband_mean_mean;sideband_mean_std;pulseHeight_max_mean;pulseHeight_max_median;pulseHeight_min_mean;pulseHeight_min_std;pulseHeight_min_median;pulseArea_max_mean;pulseArea_max_std;pulseArea_max_median;pulseArea_min_mean;pulseArea_min_median;pulseDuriation_max_mean;pulseDuriation_max_std;pulseDuriation_min_mean;pulseDuriation_min_std]  [3/3 files]
                         ch70  method=statistical+IF        max_z=14.21     if_score=-0.7802     features=[sideband_mean_mean;sideband_mean_std;sideband_rms_mean;sideband_rms_std;pulseHeight_min_mean;pulseArea_max_std;pulseArea_min_mean;pulseArea_min_std;pulseDuriation_max_std;pulseDuriation_min_mean;pulseDuriation_min_std]  [3/3 files]
                         ch71  method=statistical+IF        max_z=10.76     if_score=-0.7651     features=[sideband_mean_mean;sideband_mean_std;sideband_rms_mean;sideband_rms_std;pulseArea_max_std;pulseArea_min_std;pulseDuriation_max_std;pulseDuriation_min_std]  [3/3 files]
                         ch72  method=statistical+IF        max_z=12.31     if_score=-0.7444     features=[sideband_rms_mean;sideband_rms_std]  [3/3 files]
                         ch73  method=statistical+IF        max_z=13.13     if_score=-0.7482     features=[sideband_rms_mean;sideband_rms_std;nPulses_std;pulseDuriation_max_std;pulseDuriation_min_std]  [3/3 files]
                         ch74  method=statistical+IF        max_z=7.74      if_score=-0.7661     features=[sideband_mean_mean;sideband_mean_std;sideband_mean_median;sideband_rms_std;pulseHeight_min_mean;pulseHeight_min_std;pulseHeight_min_median;pulseArea_min_mean;pulseArea_min_median]  [3/3 files]
                         ch75  method=statistical+IF        max_z=7.47      if_score=-0.7589     features=[sideband_mean_mean;sideband_mean_std;pulseHeight_min_mean;pulseHeight_min_std]  [3/3 files]
                         ch76  method=isolation_forest      max_z=5.61      if_score=-0.7046     features=[]  [3/3 files]
                         ch77  method=isolation_forest      max_z=5.21      if_score=-0.675      features=[]  [3/3 files]
                         ch78  method=statistical+IF        max_z=8.98      if_score=-0.7532     features=[sideband_mean_mean;sideband_mean_std]  [3/3 files]
                         ch79  method=statistical+IF        max_z=7.3       if_score=-0.7534     features=[sideband_mean_mean;pulseHeight_min_median]  [3/3 files]
                         ch86  method=statistical+IF        max_z=20.28     if_score=-0.7753     features=[sideband_mean_mean;sideband_mean_std;sideband_rms_mean;sideband_rms_std;nPulses_mean;nPulses_median;pulseHeight_max_mean;pulseHeight_max_median;pulseArea_max_mean;pulseArea_max_std;pulseArea_max_median]  [3/3 files]
                         ch87  method=statistical+IF        max_z=19.04     if_score=-0.7696     features=[sideband_mean_mean;sideband_mean_std;sideband_mean_median;sideband_rms_mean;sideband_rms_std;pulseHeight_max_mean]  [3/3 files]
                          ch6  method=statistical           max_z=6.64      if_score=-0.4736     features=[nPulses_median]  [1/3 files]
  [run 1543] New run — channel history reset
[OK]    2026-04-28T18:58:28Z  Digitizer_run1543_subrun11.csv  —  2 transient anomalous channel(s), streak not established  [window: 3 files]
                         ch80  method=statistical           max_z=6.01      if_score=-0.4994     features=[sideband_rms_mean]  [1/3 files]
                         ch81  method=statistical           max_z=7.03      if_score=-0.5307     features=[sideband_rms_mean]  [1/3 files]
[OK]    2026-04-28T18:58:30Z  Digitizer_run1543_subrun19.csv  —  97 channels, all nominal
[OK]    2026-04-28T18:58:32Z  Digitizer_run1543_subrun28.csv  —  97 channels, all nominal
[OK]    2026-04-28T18:58:34Z  Digitizer_run1543_subrun44.csv  —  97 channels, all nominal
[OK]    2026-04-28T18:58:36Z  Digitizer_run1543_subrun53.csv  —  97 channels, all nominal
[OK]    2026-04-28T18:58:38Z  Digitizer_run1543_subrun73.csv  —  1 transient anomalous channel(s), streak not established  [window: 3 files]
                          ch2  method=statistical           max_z=9.52      if_score=-0.5474     features=[nPulses_median]  [1/3 files]
[OK]    2026-04-28T18:58:40Z  Digitizer_run1543_subrun75.csv  —  97 channels, all nominal
[OK]    2026-04-28T18:58:42Z  Digitizer_run1543_subrun118.csv  —  97 channels, all nominal
[OK]    2026-04-28T18:58:44Z  Digitizer_run1543_subrun125.csv  —  97 channels, all nominal
[OK]    2026-04-28T18:58:45Z  Digitizer_run1543_subrun130.csv  —  1 transient anomalous channel(s), streak not established  [window: 3 files]
                         ch33  method=statistical           max_z=8.88      if_score=-0.5073     features=[nPulses_median]  [1/3 files]
[OK]    2026-04-28T18:58:47Z  Digitizer_run1543_subrun152.csv  —  97 channels, all nominal
[OK]    2026-04-28T18:58:49Z  Digitizer_run1543_subrun153.csv  —  97 channels, all nominal
[OK]    2026-04-28T18:58:51Z  Digitizer_run1543_subrun155.csv  —  1 transient anomalous channel(s), streak not established  [window: 3 files]
                          ch1  method=statistical           max_z=6.04      if_score=-0.4556     features=[nPulses_median]  [1/3 files]
[OK]    2026-04-28T18:58:53Z  Digitizer_run1543_subrun160.csv  —  1 transient anomalous channel(s), streak not established  [window: 3 files]
                          ch6  method=statistical           max_z=6.64      if_score=-0.4721     features=[nPulses_median]  [1/3 files]
[OK]    2026-04-28T18:58:55Z  Digitizer_run1543_subrun189.csv  —  97 channels, all nominal
[OK]    2026-04-28T18:58:57Z  Digitizer_run1543_subrun190.csv  —  97 channels, all nominal
[OK]    2026-04-28T18:58:59Z  Digitizer_run1543_subrun194.csv  —  97 channels, all nominal
[OK]    2026-04-28T18:59:01Z  Digitizer_run1543_subrun200.csv  —  97 channels, all nominal
[OK]    2026-04-28T18:59:03Z  Digitizer_run1543_subrun217.csv  —  97 channels, all nominal
[OK]    2026-04-28T18:59:05Z  Digitizer_run1543_subrun221.csv  —  97 channels, all nominal
[OK]    2026-04-28T18:59:07Z  Digitizer_run1543_subrun225.csv  —  1 transient anomalous channel(s), streak not established  [window: 3 files]
                          ch1  method=statistical           max_z=6.04      if_score=-0.453      features=[nPulses_median]  [1/3 files]
[OK]    2026-04-28T18:59:09Z  Digitizer_run1543_subrun227.csv  —  97 channels, all nominal
[OK]    2026-04-28T18:59:11Z  Digitizer_run1543_subrun249.csv  —  97 channels, all nominal
[OK]    2026-04-28T18:59:13Z  Digitizer_run1543_subrun257.csv  —  97 channels, all nominal
[OK]    2026-04-28T18:59:14Z  Digitizer_run1543_subrun269.csv  —  97 channels, all nominal
[OK]    2026-04-28T18:59:16Z  Digitizer_run1543_subrun270.csv  —  97 channels, all nominal
[OK]    2026-04-28T18:59:18Z  Digitizer_run1543_subrun281.csv  —  97 channels, all nominal
[OK]    2026-04-28T18:59:20Z  Digitizer_run1543_subrun291.csv  —  97 channels, all nominal
[OK]    2026-04-28T18:59:22Z  Digitizer_run1543_subrun313.csv  —  97 channels, all nominal
[OK]    2026-04-28T18:59:24Z  Digitizer_run1543_subrun318.csv  —  97 channels, all nominal
[OK]    2026-04-28T18:59:26Z  Digitizer_run1543_subrun337.csv  —  97 channels, all nominal
[OK]    2026-04-28T18:59:28Z  Digitizer_run1543_subrun339.csv  —  97 channels, all nominal
[OK]    2026-04-28T18:59:30Z  Digitizer_run1543_subrun352.csv  —  2 transient anomalous channel(s), streak not established  [window: 3 files]
                         ch32  method=statistical           max_z=7.89      if_score=-0.5234     features=[sideband_rms_mean]  [1/3 files]
                         ch33  method=statistical           max_z=6.25      if_score=-0.5046     features=[sideband_rms_mean]  [1/3 files]
[OK]    2026-04-28T18:59:32Z  Digitizer_run1543_subrun355.csv  —  97 channels, all nominal
[OK]    2026-04-28T18:59:34Z  Digitizer_run1543_subrun356.csv  —  97 channels, all nominal
[OK]    2026-04-28T18:59:36Z  Digitizer_run1543_subrun363.csv  —  97 channels, all nominal
[OK]    2026-04-28T18:59:38Z  Digitizer_run1543_subrun375.csv  —  1 transient anomalous channel(s), streak not established  [window: 3 files]
                         ch26  method=statistical           max_z=12.25     if_score=-0.4874     features=[nPulses_median]  [1/3 files]
[OK]    2026-04-28T18:59:40Z  Digitizer_run1543_subrun377.csv  —  97 channels, all nominal
[OK]    2026-04-28T18:59:42Z  Digitizer_run1543_subrun381.csv  —  1 transient anomalous channel(s), streak not established  [window: 3 files]
                          ch2  method=statistical           max_z=9.52      if_score=-0.4792     features=[nPulses_median]  [1/3 files]
[OK]    2026-04-28T18:59:43Z  Digitizer_run1543_subrun387.csv  —  97 channels, all nominal
[OK]    2026-04-28T18:59:46Z  Digitizer_run1543_subrun398.csv  —  97 channels, all nominal
[OK]    2026-04-28T18:59:47Z  Digitizer_run1543_subrun405.csv  —  97 channels, all nominal
[OK]    2026-04-28T18:59:50Z  Digitizer_run1543_subrun411.csv  —  1 transient anomalous channel(s), streak not established  [window: 3 files]
                         ch33  method=statistical           max_z=8.88      if_score=-0.5063     features=[nPulses_median]  [1/3 files]
[OK]    2026-04-28T18:59:51Z  Digitizer_run1543_subrun416.csv  —  97 channels, all nominal
[OK]    2026-04-28T18:59:53Z  Digitizer_run1543_subrun419.csv  —  97 channels, all nominal
[OK]    2026-04-28T18:59:55Z  Digitizer_run1543_subrun421.csv  —  97 channels, all nominal
[OK]    2026-04-28T18:59:57Z  Digitizer_run1543_subrun425.csv  —  97 channels, all nominal
[OK]    2026-04-28T18:59:59Z  Digitizer_run1543_subrun437.csv  —  97 channels, all nominal
[OK]    2026-04-28T19:00:01Z  Digitizer_run1543_subrun469.csv  —  97 channels, all nominal
[OK]    2026-04-28T19:00:03Z  Digitizer_run1543_subrun470.csv  —  2 transient anomalous channel(s), streak not established  [window: 3 files]
                         ch35  method=statistical           max_z=6.06      if_score=-0.5354     features=[pulseDuriation_min_mean]  [1/3 files]
                          ch6  method=statistical           max_z=6.64      if_score=-0.5061     features=[nPulses_median]  [1/3 files]
[OK]    2026-04-28T19:00:05Z  Digitizer_run1543_subrun480.csv  —  1 transient anomalous channel(s), streak not established  [window: 3 files]
                         ch88  method=statistical           max_z=9.27      if_score=-0.509      features=[nPulses_median]  [1/3 files]
[OK]    2026-04-28T19:00:08Z  Digitizer_run1543_subrun485.csv  —  1 transient anomalous channel(s), streak not established  [window: 3 files]
                         ch22  method=statistical           max_z=7.13      if_score=-0.5525     features=[pulseDuriation_max_std;pulseDuriation_min_std]  [1/3 files]
  --- 1100/1398 files processed ---
[OK]    2026-04-28T19:00:10Z  Digitizer_run1543_subrun490.csv  —  97 channels, all nominal
[OK]    2026-04-28T19:00:12Z  Digitizer_run1543_subrun502.csv  —  97 channels, all nominal
[OK]    2026-04-28T19:00:14Z  Digitizer_run1543_subrun504.csv  —  1 transient anomalous channel(s), streak not established  [window: 3 files]
                          ch2  method=statistical           max_z=9.52      if_score=-0.4567     features=[nPulses_median]  [1/3 files]
[OK]    2026-04-28T19:00:16Z  Digitizer_run1543_subrun512.csv  —  97 channels, all nominal
[OK]    2026-04-28T19:00:18Z  Digitizer_run1543_subrun516.csv  —  97 channels, all nominal
[OK]    2026-04-28T19:00:19Z  Digitizer_run1543_subrun519.csv  —  97 channels, all nominal
[OK]    2026-04-28T19:00:21Z  Digitizer_run1543_subrun523.csv  —  97 channels, all nominal
[OK]    2026-04-28T19:00:24Z  Digitizer_run1543_subrun524.csv  —  97 channels, all nominal
[OK]    2026-04-28T19:00:26Z  Digitizer_run1543_subrun531.csv  —  97 channels, all nominal
[OK]    2026-04-28T19:00:28Z  Digitizer_run1543_subrun548.csv  —  97 channels, all nominal
[OK]    2026-04-28T19:00:29Z  Digitizer_run1543_subrun558.csv  —  97 channels, all nominal
[OK]    2026-04-28T19:00:31Z  Digitizer_run1543_subrun567.csv  —  97 channels, all nominal
[OK]    2026-04-28T19:00:34Z  Digitizer_run1543_subrun576.csv  —  97 channels, all nominal
  [run 1544] New run — channel history reset
[OK]    2026-04-28T19:00:35Z  Digitizer_run1544_subrun1.csv  —  97 channels, all nominal
[OK]    2026-04-28T19:00:37Z  Digitizer_run1544_subrun2.csv  —  97 channels, all nominal
[OK]    2026-04-28T19:00:39Z  Digitizer_run1544_subrun16.csv  —  97 channels, all nominal
[OK]    2026-04-28T19:00:41Z  Digitizer_run1544_subrun23.csv  —  97 channels, all nominal
[OK]    2026-04-28T19:00:43Z  Digitizer_run1544_subrun41.csv  —  97 channels, all nominal
[OK]    2026-04-28T19:00:45Z  Digitizer_run1544_subrun51.csv  —  97 channels, all nominal
[OK]    2026-04-28T19:00:47Z  Digitizer_run1544_subrun81.csv  —  97 channels, all nominal
[OK]    2026-04-28T19:00:49Z  Digitizer_run1544_subrun87.csv  —  97 channels, all nominal
[OK]    2026-04-28T19:00:51Z  Digitizer_run1544_subrun99.csv  —  97 channels, all nominal
[OK]    2026-04-28T19:00:53Z  Digitizer_run1544_subrun103.csv  —  97 channels, all nominal
[OK]    2026-04-28T19:00:55Z  Digitizer_run1544_subrun123.csv  —  97 channels, all nominal
[OK]    2026-04-28T19:00:57Z  Digitizer_run1544_subrun128.csv  —  1 transient anomalous channel(s), streak not established  [window: 3 files]
                         ch95  method=statistical           max_z=7.37      if_score=-0.472      features=[nPulses_median]  [1/3 files]
[OK]    2026-04-28T19:00:59Z  Digitizer_run1544_subrun153.csv  —  97 channels, all nominal
[OK]    2026-04-28T19:01:01Z  Digitizer_run1544_subrun164.csv  —  97 channels, all nominal
[OK]    2026-04-28T19:01:03Z  Digitizer_run1544_subrun167.csv  —  97 channels, all nominal
  [run 1552] New run — channel history reset
[OK]    2026-04-28T19:01:04Z  Digitizer_run1552_subrun1.csv  —  1 transient anomalous channel(s), streak not established  [window: 3 files]
                         ch94  method=statistical           max_z=7.56      if_score=-0.5223     features=[pulseHeight_min_median;pulseArea_min_median]  [1/3 files]
[OK]    2026-04-28T19:01:07Z  Digitizer_run1552_subrun31.csv  —  1 transient anomalous channel(s), streak not established  [window: 3 files]
                          ch2  method=statistical           max_z=9.52      if_score=-0.4809     features=[nPulses_median]  [1/3 files]
[OK]    2026-04-28T19:01:08Z  Digitizer_run1552_subrun38.csv  —  97 channels, all nominal
[OK]    2026-04-28T19:01:10Z  Digitizer_run1552_subrun47.csv  —  97 channels, all nominal
[OK]    2026-04-28T19:01:12Z  Digitizer_run1552_subrun48.csv  —  97 channels, all nominal
[OK]    2026-04-28T19:01:14Z  Digitizer_run1552_subrun51.csv  —  2 transient anomalous channel(s), streak not established  [window: 3 files]
                         ch12  method=statistical           max_z=6.06      if_score=-0.5113     features=[pulseDuriation_min_std]  [1/3 files]
                          ch4  method=isolation_forest      max_z=5.07      if_score=-0.599      features=[]  [1/3 files]
[OK]    2026-04-28T19:01:16Z  Digitizer_run1552_subrun59.csv  —  97 channels, all nominal
[OK]    2026-04-28T19:01:18Z  Digitizer_run1552_subrun68.csv  —  97 channels, all nominal
[OK]    2026-04-28T19:01:20Z  Digitizer_run1552_subrun79.csv  —  97 channels, all nominal
[OK]    2026-04-28T19:01:22Z  Digitizer_run1552_subrun87.csv  —  97 channels, all nominal
[OK]    2026-04-28T19:01:24Z  Digitizer_run1552_subrun92.csv  —  97 channels, all nominal
[OK]    2026-04-28T19:01:26Z  Digitizer_run1552_subrun99.csv  —  1 transient anomalous channel(s), streak not established  [window: 3 files]
                          ch2  method=statistical           max_z=9.52      if_score=-0.5081     features=[nPulses_median]  [1/3 files]
[OK]    2026-04-28T19:01:27Z  Digitizer_run1552_subrun100.csv  —  97 channels, all nominal
[OK]    2026-04-28T19:01:29Z  Digitizer_run1552_subrun106.csv  —  97 channels, all nominal
[OK]    2026-04-28T19:01:32Z  Digitizer_run1552_subrun120.csv  —  1 transient anomalous channel(s), streak not established  [window: 3 files]
                         ch13  method=statistical+IF        max_z=7.4       if_score=-0.6022     features=[pulseHeight_min_median;pulseArea_min_median]  [1/3 files]
[OK]    2026-04-28T19:01:34Z  Digitizer_run1552_subrun135.csv  —  97 channels, all nominal
[OK]    2026-04-28T19:01:36Z  Digitizer_run1552_subrun151.csv  —  1 transient anomalous channel(s), streak not established  [window: 3 files]
                          ch7  method=statistical           max_z=6.35      if_score=-0.5222     features=[pulseDuriation_min_std]  [1/3 files]
[OK]    2026-04-28T19:01:38Z  Digitizer_run1552_subrun155.csv  —  97 channels, all nominal
[OK]    2026-04-28T19:01:40Z  Digitizer_run1552_subrun156.csv  —  97 channels, all nominal
[OK]    2026-04-28T19:01:42Z  Digitizer_run1552_subrun181.csv  —  97 channels, all nominal
[OK]    2026-04-28T19:01:44Z  Digitizer_run1552_subrun187.csv  —  2 transient anomalous channel(s), streak not established  [window: 3 files]
                         ch94  method=isolation_forest      max_z=4.37      if_score=-0.6016     features=[]  [1/3 files]
                         ch95  method=isolation_forest      max_z=4.4       if_score=-0.6094     features=[]  [1/3 files]
[OK]    2026-04-28T19:01:46Z  Digitizer_run1552_subrun195.csv  —  97 channels, all nominal
[OK]    2026-04-28T19:01:48Z  Digitizer_run1552_subrun198.csv  —  97 channels, all nominal
[OK]    2026-04-28T19:01:50Z  Digitizer_run1552_subrun208.csv  —  97 channels, all nominal
[OK]    2026-04-28T19:01:52Z  Digitizer_run1552_subrun209.csv  —  1 transient anomalous channel(s), streak not established  [window: 3 files]
                         ch26  method=statistical           max_z=12.25     if_score=-0.5377     features=[nPulses_median]  [1/3 files]
[OK]    2026-04-28T19:01:54Z  Digitizer_run1552_subrun212.csv  —  97 channels, all nominal
[OK]    2026-04-28T19:01:56Z  Digitizer_run1552_subrun213.csv  —  97 channels, all nominal
[OK]    2026-04-28T19:01:58Z  Digitizer_run1552_subrun224.csv  —  97 channels, all nominal
[OK]    2026-04-28T19:02:00Z  Digitizer_run1552_subrun226.csv  —  97 channels, all nominal
[OK]    2026-04-28T19:02:02Z  Digitizer_run1552_subrun246.csv  —  97 channels, all nominal
[OK]    2026-04-28T19:02:04Z  Digitizer_run1552_subrun250.csv  —  97 channels, all nominal
[OK]    2026-04-28T19:02:06Z  Digitizer_run1552_subrun274.csv  —  97 channels, all nominal
[OK]    2026-04-28T19:02:08Z  Digitizer_run1552_subrun275.csv  —  97 channels, all nominal
[OK]    2026-04-28T19:02:10Z  Digitizer_run1552_subrun276.csv  —  97 channels, all nominal
[OK]    2026-04-28T19:02:12Z  Digitizer_run1552_subrun284.csv  —  97 channels, all nominal
[OK]    2026-04-28T19:02:14Z  Digitizer_run1552_subrun302.csv  —  1 transient anomalous channel(s), streak not established  [window: 3 files]
                         ch33  method=statistical           max_z=8.88      if_score=-0.5098     features=[nPulses_median]  [1/3 files]
[OK]    2026-04-28T19:02:16Z  Digitizer_run1552_subrun304.csv  —  1 transient anomalous channel(s), streak not established  [window: 3 files]
                         ch32  method=statistical+IF        max_z=6.31      if_score=-0.5935     features=[pulseHeight_min_median;pulseArea_min_median]  [1/3 files]
[OK]    2026-04-28T19:02:18Z  Digitizer_run1552_subrun313.csv  —  1 transient anomalous channel(s), streak not established  [window: 3 files]
                          ch6  method=statistical           max_z=6.64      if_score=-0.5332     features=[nPulses_median]  [1/3 files]
[OK]    2026-04-28T19:02:20Z  Digitizer_run1552_subrun319.csv  —  97 channels, all nominal
[OK]    2026-04-28T19:02:22Z  Digitizer_run1552_subrun330.csv  —  97 channels, all nominal
[OK]    2026-04-28T19:02:24Z  Digitizer_run1552_subrun341.csv  —  97 channels, all nominal
[OK]    2026-04-28T19:02:27Z  Digitizer_run1552_subrun344.csv  —  1 transient anomalous channel(s), streak not established  [window: 3 files]
                         ch88  method=statistical           max_z=9.27      if_score=-0.5212     features=[nPulses_median]  [1/3 files]
[OK]    2026-04-28T19:02:29Z  Digitizer_run1552_subrun348.csv  —  97 channels, all nominal
[OK]    2026-04-28T19:02:31Z  Digitizer_run1552_subrun360.csv  —  1 transient anomalous channel(s), streak not established  [window: 3 files]
                          ch6  method=statistical           max_z=6.64      if_score=-0.4521     features=[nPulses_median]  [1/3 files]
[OK]    2026-04-28T19:02:33Z  Digitizer_run1552_subrun369.csv  —  97 channels, all nominal
[OK]    2026-04-28T19:02:35Z  Digitizer_run1552_subrun375.csv  —  2 transient anomalous channel(s), streak not established  [window: 3 files]
                          ch1  method=statistical           max_z=6.04      if_score=-0.4886     features=[nPulses_median]  [1/3 files]
                         ch26  method=statistical           max_z=12.25     if_score=-0.4604     features=[nPulses_median]  [1/3 files]
[OK]    2026-04-28T19:02:37Z  Digitizer_run1552_subrun384.csv  —  97 channels, all nominal
[OK]    2026-04-28T19:02:39Z  Digitizer_run1552_subrun387.csv  —  97 channels, all nominal
[OK]    2026-04-28T19:02:41Z  Digitizer_run1552_subrun399.csv  —  97 channels, all nominal
[OK]    2026-04-28T19:02:43Z  Digitizer_run1552_subrun416.csv  —  97 channels, all nominal
[OK]    2026-04-28T19:02:46Z  Digitizer_run1552_subrun449.csv  —  1 transient anomalous channel(s), streak not established  [window: 3 files]
                         ch94  method=statistical           max_z=9.22      if_score=-0.4662     features=[nPulses_median]  [1/3 files]
[OK]    2026-04-28T19:02:48Z  Digitizer_run1552_subrun467.csv  —  97 channels, all nominal
[OK]    2026-04-28T19:02:50Z  Digitizer_run1552_subrun477.csv  —  97 channels, all nominal
[OK]    2026-04-28T19:02:52Z  Digitizer_run1552_subrun501.csv  —  97 channels, all nominal
[OK]    2026-04-28T19:02:54Z  Digitizer_run1552_subrun518.csv  —  1 transient anomalous channel(s), streak not established  [window: 3 files]
                         ch94  method=statistical           max_z=9.22      if_score=-0.5478     features=[nPulses_median]  [1/3 files]
[OK]    2026-04-28T19:02:56Z  Digitizer_run1552_subrun521.csv  —  97 channels, all nominal
[OK]    2026-04-28T19:02:58Z  Digitizer_run1552_subrun527.csv  —  97 channels, all nominal
[OK]    2026-04-28T19:03:00Z  Digitizer_run1552_subrun545.csv  —  1 transient anomalous channel(s), streak not established  [window: 3 files]
                         ch18  method=statistical           max_z=6.56      if_score=-0.5305     features=[pulseArea_min_mean]  [1/3 files]
  [run 1553] New run — channel history reset
[OK]    2026-04-28T19:03:02Z  Digitizer_run1553_subrun2.csv  —  97 channels, all nominal
[OK]    2026-04-28T19:03:04Z  Digitizer_run1553_subrun9.csv  —  97 channels, all nominal
[OK]    2026-04-28T19:03:05Z  Digitizer_run1553_subrun10.csv  —  97 channels, all nominal
[OK]    2026-04-28T19:03:07Z  Digitizer_run1553_subrun15.csv  —  97 channels, all nominal
[OK]    2026-04-28T19:03:09Z  Digitizer_run1553_subrun24.csv  —  1 transient anomalous channel(s), streak not established  [window: 3 files]
                         ch33  method=statistical           max_z=8.88      if_score=-0.5227     features=[nPulses_median]  [1/3 files]
[OK]    2026-04-28T19:03:11Z  Digitizer_run1553_subrun27.csv  —  97 channels, all nominal
[OK]    2026-04-28T19:03:13Z  Digitizer_run1553_subrun31.csv  —  97 channels, all nominal
[OK]    2026-04-28T19:03:15Z  Digitizer_run1553_subrun32.csv  —  1 transient anomalous channel(s), streak not established  [window: 3 files]
                          ch3  method=statistical           max_z=7.06      if_score=-0.5507     features=[pulseHeight_min_median;pulseArea_min_median]  [1/3 files]
[OK]    2026-04-28T19:03:17Z  Digitizer_run1553_subrun37.csv  —  1 transient anomalous channel(s), streak not established  [window: 3 files]
                         ch20  method=statistical           max_z=13.62     if_score=-0.5162     features=[nPulses_median]  [1/3 files]
[OK]    2026-04-28T19:03:19Z  Digitizer_run1553_subrun48.csv  —  1 transient anomalous channel(s), streak not established  [window: 3 files]
                         ch11  method=statistical           max_z=10.86     if_score=-0.4664     features=[nPulses_median]  [1/3 files]
[OK]    2026-04-28T19:03:21Z  Digitizer_run1553_subrun57.csv  —  1 transient anomalous channel(s), streak not established  [window: 3 files]
                         ch84  method=statistical           max_z=6.41      if_score=-0.5461     features=[pulseHeight_min_median]  [1/3 files]
[OK]    2026-04-28T19:03:23Z  Digitizer_run1553_subrun70.csv  —  1 transient anomalous channel(s), streak not established  [window: 3 files]
                         ch30  method=statistical           max_z=11.23     if_score=-0.5337     features=[nPulses_median]  [1/3 files]
[OK]    2026-04-28T19:03:25Z  Digitizer_run1553_subrun76.csv  —  97 channels, all nominal
[OK]    2026-04-28T19:03:27Z  Digitizer_run1553_subrun91.csv  —  1 transient anomalous channel(s), streak not established  [window: 3 files]
                         ch10  method=statistical           max_z=7.58      if_score=-0.4933     features=[nPulses_median]  [1/3 files]
  --- 1200/1398 files processed ---
[OK]    2026-04-28T19:03:29Z  Digitizer_run1553_subrun104.csv  —  97 channels, all nominal
[OK]    2026-04-28T19:03:31Z  Digitizer_run1553_subrun111.csv  —  97 channels, all nominal
[OK]    2026-04-28T19:03:33Z  Digitizer_run1553_subrun135.csv  —  97 channels, all nominal
[OK]    2026-04-28T19:03:35Z  Digitizer_run1553_subrun171.csv  —  97 channels, all nominal
[OK]    2026-04-28T19:03:37Z  Digitizer_run1553_subrun176.csv  —  1 transient anomalous channel(s), streak not established  [window: 3 files]
                         ch47  method=statistical           max_z=12.43     if_score=-0.5452     features=[nPulses_median]  [1/3 files]
[OK]    2026-04-28T19:03:39Z  Digitizer_run1553_subrun185.csv  —  97 channels, all nominal
[OK]    2026-04-28T19:03:41Z  Digitizer_run1553_subrun186.csv  —  97 channels, all nominal
[OK]    2026-04-28T19:03:43Z  Digitizer_run1553_subrun195.csv  —  97 channels, all nominal
[OK]    2026-04-28T19:03:45Z  Digitizer_run1553_subrun199.csv  —  97 channels, all nominal
[OK]    2026-04-28T19:03:46Z  Digitizer_run1553_subrun208.csv  —  97 channels, all nominal
[OK]    2026-04-28T19:03:48Z  Digitizer_run1553_subrun219.csv  —  97 channels, all nominal
[OK]    2026-04-28T19:03:50Z  Digitizer_run1553_subrun233.csv  —  97 channels, all nominal
[OK]    2026-04-28T19:03:52Z  Digitizer_run1553_subrun267.csv  —  97 channels, all nominal
[OK]    2026-04-28T19:03:54Z  Digitizer_run1553_subrun279.csv  —  97 channels, all nominal
[OK]    2026-04-28T19:03:56Z  Digitizer_run1553_subrun281.csv  —  1 transient anomalous channel(s), streak not established  [window: 3 files]
                          ch1  method=statistical           max_z=6.04      if_score=-0.468      features=[nPulses_median]  [1/3 files]
[OK]    2026-04-28T19:03:58Z  Digitizer_run1553_subrun288.csv  —  97 channels, all nominal
[OK]    2026-04-28T19:04:00Z  Digitizer_run1553_subrun300.csv  —  97 channels, all nominal
[ALERT] 2026-04-28T19:04:02Z  Digitizer_run1553_subrun303.csv  —  extreme z=16.7 on ch5
                          ch5  method=statistical           max_z=16.69     if_score=-0.5383     features=[nPulses_median]  [1/3 files]
[OK]    2026-04-28T19:04:04Z  Digitizer_run1553_subrun312.csv  —  97 channels, all nominal
[OK]    2026-04-28T19:04:06Z  Digitizer_run1553_subrun313.csv  —  97 channels, all nominal
[OK]    2026-04-28T19:04:08Z  Digitizer_run1553_subrun322.csv  —  97 channels, all nominal
[OK]    2026-04-28T19:04:10Z  Digitizer_run1553_subrun348.csv  —  97 channels, all nominal
[OK]    2026-04-28T19:04:11Z  Digitizer_run1553_subrun372.csv  —  97 channels, all nominal
[OK]    2026-04-28T19:04:13Z  Digitizer_run1553_subrun382.csv  —  97 channels, all nominal
[OK]    2026-04-28T19:04:15Z  Digitizer_run1553_subrun391.csv  —  97 channels, all nominal
[ALERT] 2026-04-28T19:04:17Z  Digitizer_run1553_subrun396.csv  —  extreme z=20.0 on ch32
                         ch32  method=statistical           max_z=19.96     if_score=-0.484      features=[nPulses_median]  [1/3 files]
[OK]    2026-04-28T19:04:19Z  Digitizer_run1553_subrun403.csv  —  97 channels, all nominal
[OK]    2026-04-28T19:04:21Z  Digitizer_run1553_subrun410.csv  —  97 channels, all nominal
[OK]    2026-04-28T19:04:23Z  Digitizer_run1553_subrun418.csv  —  1 transient anomalous channel(s), streak not established  [window: 3 files]
                         ch14  method=statistical           max_z=6.12      if_score=-0.4839     features=[sideband_rms_mean]  [1/3 files]
[OK]    2026-04-28T19:04:25Z  Digitizer_run1553_subrun431.csv  —  97 channels, all nominal
[OK]    2026-04-28T19:04:27Z  Digitizer_run1553_subrun448.csv  —  97 channels, all nominal
[OK]    2026-04-28T19:04:29Z  Digitizer_run1553_subrun452.csv  —  97 channels, all nominal
[OK]    2026-04-28T19:04:31Z  Digitizer_run1553_subrun468.csv  —  97 channels, all nominal
[OK]    2026-04-28T19:04:33Z  Digitizer_run1553_subrun474.csv  —  1 transient anomalous channel(s), streak not established  [window: 3 files]
                          ch2  method=statistical           max_z=9.52      if_score=-0.487      features=[nPulses_median]  [1/3 files]
[OK]    2026-04-28T19:04:34Z  Digitizer_run1553_subrun482.csv  —  97 channels, all nominal
[OK]    2026-04-28T19:04:37Z  Digitizer_run1553_subrun486.csv  —  97 channels, all nominal
[OK]    2026-04-28T19:04:38Z  Digitizer_run1553_subrun494.csv  —  97 channels, all nominal
[OK]    2026-04-28T19:04:41Z  Digitizer_run1553_subrun501.csv  —  97 channels, all nominal
[OK]    2026-04-28T19:04:43Z  Digitizer_run1553_subrun504.csv  —  97 channels, all nominal
[OK]    2026-04-28T19:04:45Z  Digitizer_run1553_subrun517.csv  —  97 channels, all nominal
[OK]    2026-04-28T19:04:47Z  Digitizer_run1553_subrun519.csv  —  97 channels, all nominal
[OK]    2026-04-28T19:04:49Z  Digitizer_run1553_subrun526.csv  —  1 transient anomalous channel(s), streak not established  [window: 3 files]
                          ch6  method=statistical           max_z=6.64      if_score=-0.4738     features=[nPulses_median]  [1/3 files]
[OK]    2026-04-28T19:04:50Z  Digitizer_run1553_subrun542.csv  —  2 transient anomalous channel(s), streak not established  [window: 3 files]
                         ch52  method=statistical           max_z=6.05      if_score=-0.5416     features=[pulseDuriation_min_mean]  [1/3 files]
                         ch85  method=statistical           max_z=6.69      if_score=-0.5546     features=[pulseDuriation_max_mean;pulseDuriation_max_std;pulseDuriation_min_mean;pulseDuriation_min_std]  [1/3 files]
[OK]    2026-04-28T19:04:52Z  Digitizer_run1553_subrun549.csv  —  97 channels, all nominal
[OK]    2026-04-28T19:04:54Z  Digitizer_run1553_subrun550.csv  —  1 transient anomalous channel(s), streak not established  [window: 3 files]
                          ch6  method=statistical           max_z=6.64      if_score=-0.4445     features=[nPulses_median]  [1/3 files]
[OK]    2026-04-28T19:04:56Z  Digitizer_run1553_subrun553.csv  —  1 transient anomalous channel(s), streak not established  [window: 3 files]
                         ch83  method=isolation_forest      max_z=4.64      if_score=-0.5997     features=[]  [1/3 files]
[OK]    2026-04-28T19:04:59Z  Digitizer_run1553_subrun564.csv  —  97 channels, all nominal
[OK]    2026-04-28T19:05:00Z  Digitizer_run1553_subrun565.csv  —  97 channels, all nominal
[OK]    2026-04-28T19:05:02Z  Digitizer_run1553_subrun567.csv  —  97 channels, all nominal
[OK]    2026-04-28T19:05:04Z  Digitizer_run1553_subrun580.csv  —  2 transient anomalous channel(s), streak not established  [window: 3 files]
                         ch14  method=statistical+IF        max_z=7.63      if_score=-0.6265     features=[pulseHeight_min_median;pulseArea_min_median]  [1/3 files]
                         ch22  method=statistical+IF        max_z=7.43      if_score=-0.6285     features=[pulseDuriation_max_std;pulseDuriation_min_mean;pulseDuriation_min_std]  [1/3 files]
  [run 1554] New run — channel history reset
[OK]    2026-04-28T19:05:06Z  Digitizer_run1554_subrun11.csv  —  97 channels, all nominal
[OK]    2026-04-28T19:05:08Z  Digitizer_run1554_subrun13.csv  —  97 channels, all nominal
[OK]    2026-04-28T19:05:10Z  Digitizer_run1554_subrun26.csv  —  97 channels, all nominal
[OK]    2026-04-28T19:05:12Z  Digitizer_run1554_subrun43.csv  —  97 channels, all nominal
[OK]    2026-04-28T19:05:14Z  Digitizer_run1554_subrun51.csv  —  97 channels, all nominal
[OK]    2026-04-28T19:05:17Z  Digitizer_run1554_subrun59.csv  —  97 channels, all nominal
[OK]    2026-04-28T19:05:18Z  Digitizer_run1554_subrun62.csv  —  1 transient anomalous channel(s), streak not established  [window: 3 files]
                         ch94  method=statistical           max_z=9.22      if_score=-0.4719     features=[nPulses_median]  [1/3 files]
[OK]    2026-04-28T19:05:21Z  Digitizer_run1554_subrun92.csv  —  97 channels, all nominal
[OK]    2026-04-28T19:05:23Z  Digitizer_run1554_subrun103.csv  —  2 transient anomalous channel(s), streak not established  [window: 3 files]
                          ch1  method=statistical           max_z=6.04      if_score=-0.4525     features=[nPulses_median]  [1/3 files]
                         ch17  method=statistical           max_z=6.13      if_score=-0.5088     features=[pulseHeight_min_median]  [1/3 files]
[OK]    2026-04-28T19:05:25Z  Digitizer_run1554_subrun113.csv  —  97 channels, all nominal
[ALERT] 2026-04-28T19:05:27Z  Digitizer_run1554_subrun122.csv  —  extreme z=15.6 on ch21
                         ch21  method=statistical           max_z=15.56     if_score=-0.5031     features=[nPulses_median]  [1/3 files]
[OK]    2026-04-28T19:05:29Z  Digitizer_run1554_subrun126.csv  —  97 channels, all nominal
[OK]    2026-04-28T19:05:31Z  Digitizer_run1554_subrun128.csv  —  97 channels, all nominal
[ALERT] 2026-04-28T19:05:32Z  Digitizer_run1554_subrun131.csv  —  extreme z=16.7 on ch5
                          ch5  method=statistical           max_z=16.69     if_score=-0.4686     features=[nPulses_median]  [1/3 files]
[OK]    2026-04-28T19:05:34Z  Digitizer_run1554_subrun132.csv  —  97 channels, all nominal
[OK]    2026-04-28T19:05:36Z  Digitizer_run1554_subrun142.csv  —  1 transient anomalous channel(s), streak not established  [window: 3 files]
                         ch19  method=statistical           max_z=7.24      if_score=-0.5241     features=[pulseHeight_min_median]  [1/3 files]
[OK]    2026-04-28T19:05:38Z  Digitizer_run1554_subrun155.csv  —  1 transient anomalous channel(s), streak not established  [window: 3 files]
                          ch0  method=statistical           max_z=6.44      if_score=-0.5662     features=[pulseHeight_max_std]  [1/3 files]
[OK]    2026-04-28T19:05:40Z  Digitizer_run1554_subrun160.csv  —  97 channels, all nominal
[OK]    2026-04-28T19:05:42Z  Digitizer_run1554_subrun165.csv  —  97 channels, all nominal
[OK]    2026-04-28T19:05:44Z  Digitizer_run1554_subrun169.csv  —  1 transient anomalous channel(s), streak not established  [window: 3 files]
                         ch56  method=statistical           max_z=6.03      if_score=-0.4654     features=[sideband_mean_median]  [1/3 files]
[OK]    2026-04-28T19:05:46Z  Digitizer_run1554_subrun171.csv  —  1 transient anomalous channel(s), streak not established  [window: 3 files]
                          ch1  method=statistical           max_z=6.04      if_score=-0.4476     features=[nPulses_median]  [1/3 files]
[OK]    2026-04-28T19:05:47Z  Digitizer_run1554_subrun175.csv  —  97 channels, all nominal
[OK]    2026-04-28T19:05:49Z  Digitizer_run1554_subrun182.csv  —  1 transient anomalous channel(s), streak not established  [window: 3 files]
                          ch2  method=statistical           max_z=9.52      if_score=-0.5124     features=[nPulses_median]  [1/3 files]
[OK]    2026-04-28T19:05:51Z  Digitizer_run1554_subrun197.csv  —  97 channels, all nominal
[OK]    2026-04-28T19:05:53Z  Digitizer_run1554_subrun202.csv  —  97 channels, all nominal
[OK]    2026-04-28T19:05:55Z  Digitizer_run1554_subrun216.csv  —  97 channels, all nominal
[OK]    2026-04-28T19:05:57Z  Digitizer_run1554_subrun220.csv  —  97 channels, all nominal
[ALERT] 2026-04-28T19:05:59Z  Digitizer_run1554_subrun237.csv  —  extreme z=15.9 on ch91
                         ch26  method=statistical           max_z=12.25     if_score=-0.5187     features=[nPulses_median]  [1/3 files]
                         ch91  method=statistical           max_z=15.91     if_score=-0.5363     features=[nPulses_median]  [1/3 files]
[OK]    2026-04-28T19:06:00Z  Digitizer_run1554_subrun261.csv  —  97 channels, all nominal
[OK]    2026-04-28T19:06:02Z  Digitizer_run1554_subrun263.csv  —  2 transient anomalous channel(s), streak not established  [window: 3 files]
                         ch20  method=isolation_forest      max_z=4.11      if_score=-0.6008     features=[]  [1/3 files]
                         ch90  method=statistical           max_z=6.0       if_score=-0.4585     features=[nPulses_median]  [1/3 files]
[OK]    2026-04-28T19:06:04Z  Digitizer_run1554_subrun265.csv  —  97 channels, all nominal
[OK]    2026-04-28T19:06:06Z  Digitizer_run1554_subrun285.csv  —  97 channels, all nominal
[OK]    2026-04-28T19:06:08Z  Digitizer_run1554_subrun289.csv  —  97 channels, all nominal
[OK]    2026-04-28T19:06:10Z  Digitizer_run1554_subrun311.csv  —  97 channels, all nominal
[OK]    2026-04-28T19:06:12Z  Digitizer_run1554_subrun333.csv  —  97 channels, all nominal
[OK]    2026-04-28T19:06:14Z  Digitizer_run1554_subrun334.csv  —  97 channels, all nominal
[OK]    2026-04-28T19:06:16Z  Digitizer_run1554_subrun336.csv  —  97 channels, all nominal
[OK]    2026-04-28T19:06:18Z  Digitizer_run1554_subrun342.csv  —  97 channels, all nominal
[OK]    2026-04-28T19:06:20Z  Digitizer_run1554_subrun347.csv  —  97 channels, all nominal
[OK]    2026-04-28T19:06:22Z  Digitizer_run1554_subrun369.csv  —  97 channels, all nominal
[OK]    2026-04-28T19:06:24Z  Digitizer_run1554_subrun384.csv  —  2 transient anomalous channel(s), streak not established  [window: 3 files]
                         ch19  method=isolation_forest      max_z=4.63      if_score=-0.6121     features=[]  [1/3 files]
                         ch84  method=statistical           max_z=6.23      if_score=-0.585      features=[pulseArea_min_median]  [1/3 files]
[OK]    2026-04-28T19:06:26Z  Digitizer_run1554_subrun386.csv  —  1 transient anomalous channel(s), streak not established  [window: 3 files]
                         ch95  method=statistical           max_z=7.37      if_score=-0.4384     features=[nPulses_median]  [1/3 files]
[OK]    2026-04-28T19:06:28Z  Digitizer_run1554_subrun391.csv  —  1 transient anomalous channel(s), streak not established  [window: 3 files]
                          ch6  method=statistical           max_z=6.64      if_score=-0.5525     features=[nPulses_median]  [1/3 files]
[OK]    2026-04-28T19:06:29Z  Digitizer_run1554_subrun419.csv  —  97 channels, all nominal
[OK]    2026-04-28T19:06:31Z  Digitizer_run1554_subrun421.csv  —  97 channels, all nominal
[OK]    2026-04-28T19:06:33Z  Digitizer_run1554_subrun431.csv  —  97 channels, all nominal
[OK]    2026-04-28T19:06:35Z  Digitizer_run1554_subrun435.csv  —  97 channels, all nominal
[OK]    2026-04-28T19:06:37Z  Digitizer_run1554_subrun459.csv  —  97 channels, all nominal
[OK]    2026-04-28T19:06:39Z  Digitizer_run1554_subrun477.csv  —  97 channels, all nominal
[OK]    2026-04-28T19:06:41Z  Digitizer_run1554_subrun496.csv  —  1 transient anomalous channel(s), streak not established  [window: 3 files]
                         ch10  method=statistical           max_z=7.58      if_score=-0.554      features=[nPulses_median]  [1/3 files]
  --- 1300/1398 files processed ---
[OK]    2026-04-28T19:06:43Z  Digitizer_run1554_subrun500.csv  —  97 channels, all nominal
[OK]    2026-04-28T19:06:45Z  Digitizer_run1554_subrun512.csv  —  1 transient anomalous channel(s), streak not established  [window: 3 files]
                         ch16  method=statistical           max_z=6.19      if_score=-0.5225     features=[pulseHeight_min_median]  [1/3 files]
[OK]    2026-04-28T19:06:46Z  Digitizer_run1554_subrun524.csv  —  1 transient anomalous channel(s), streak not established  [window: 3 files]
                          ch6  method=statistical           max_z=6.64      if_score=-0.4292     features=[nPulses_median]  [1/3 files]
[OK]    2026-04-28T19:06:49Z  Digitizer_run1554_subrun533.csv  —  97 channels, all nominal
[OK]    2026-04-28T19:06:50Z  Digitizer_run1554_subrun541.csv  —  97 channels, all nominal
[OK]    2026-04-28T19:06:52Z  Digitizer_run1554_subrun551.csv  —  97 channels, all nominal
[OK]    2026-04-28T19:06:54Z  Digitizer_run1554_subrun562.csv  —  97 channels, all nominal
[OK]    2026-04-28T19:06:56Z  Digitizer_run1554_subrun578.csv  —  97 channels, all nominal
  [run 1555] New run — channel history reset
[OK]    2026-04-28T19:06:58Z  Digitizer_run1555_subrun3.csv  —  97 channels, all nominal
[OK]    2026-04-28T19:07:00Z  Digitizer_run1555_subrun26.csv  —  97 channels, all nominal
[OK]    2026-04-28T19:07:02Z  Digitizer_run1555_subrun41.csv  —  97 channels, all nominal
[OK]    2026-04-28T19:07:04Z  Digitizer_run1555_subrun45.csv  —  97 channels, all nominal
[OK]    2026-04-28T19:07:06Z  Digitizer_run1555_subrun55.csv  —  1 transient anomalous channel(s), streak not established  [window: 3 files]
                         ch11  method=statistical           max_z=10.12     if_score=-0.5407     features=[pulseHeight_min_median;pulseArea_min_median]  [1/3 files]
[OK]    2026-04-28T19:07:08Z  Digitizer_run1555_subrun59.csv  —  97 channels, all nominal
[OK]    2026-04-28T19:07:10Z  Digitizer_run1555_subrun68.csv  —  1 transient anomalous channel(s), streak not established  [window: 3 files]
                         ch11  method=statistical           max_z=10.86     if_score=-0.5678     features=[nPulses_median]  [2/3 files]
[OK]    2026-04-28T19:07:12Z  Digitizer_run1555_subrun94.csv  —  1 transient anomalous channel(s), streak not established  [window: 3 files]
                         ch63  method=statistical           max_z=6.01      if_score=-0.4821     features=[sideband_rms_mean]  [1/3 files]
[OK]    2026-04-28T19:07:14Z  Digitizer_run1555_subrun106.csv  —  97 channels, all nominal
[OK]    2026-04-28T19:07:16Z  Digitizer_run1555_subrun107.csv  —  97 channels, all nominal
[OK]    2026-04-28T19:07:18Z  Digitizer_run1555_subrun109.csv  —  97 channels, all nominal
[OK]    2026-04-28T19:07:20Z  Digitizer_run1555_subrun129.csv  —  97 channels, all nominal
[OK]    2026-04-28T19:07:22Z  Digitizer_run1555_subrun140.csv  —  1 transient anomalous channel(s), streak not established  [window: 3 files]
                         ch33  method=statistical           max_z=8.88      if_score=-0.4916     features=[nPulses_median]  [1/3 files]
[OK]    2026-04-28T19:07:23Z  Digitizer_run1555_subrun154.csv  —  1 transient anomalous channel(s), streak not established  [window: 3 files]
                         ch95  method=statistical           max_z=7.37      if_score=-0.4831     features=[nPulses_median]  [1/3 files]
[OK]    2026-04-28T19:07:25Z  Digitizer_run1555_subrun169.csv  —  97 channels, all nominal
[OK]    2026-04-28T19:07:27Z  Digitizer_run1555_subrun180.csv  —  97 channels, all nominal
[OK]    2026-04-28T19:07:29Z  Digitizer_run1555_subrun194.csv  —  97 channels, all nominal
[OK]    2026-04-28T19:07:31Z  Digitizer_run1555_subrun207.csv  —  97 channels, all nominal
[OK]    2026-04-28T19:07:33Z  Digitizer_run1555_subrun234.csv  —  97 channels, all nominal
[OK]    2026-04-28T19:07:35Z  Digitizer_run1555_subrun238.csv  —  97 channels, all nominal
[OK]    2026-04-28T19:07:37Z  Digitizer_run1555_subrun243.csv  —  97 channels, all nominal
[OK]    2026-04-28T19:07:39Z  Digitizer_run1555_subrun253.csv  —  97 channels, all nominal
[OK]    2026-04-28T19:07:41Z  Digitizer_run1555_subrun266.csv  —  97 channels, all nominal
[ALERT] 2026-04-28T19:07:43Z  Digitizer_run1555_subrun267.csv  —  extreme z=15.2 on ch10
                         ch10  method=statistical           max_z=15.23     if_score=-0.4779     features=[nPulses_median]  [1/3 files]
[OK]    2026-04-28T19:07:45Z  Digitizer_run1555_subrun277.csv  —  97 channels, all nominal
[OK]    2026-04-28T19:07:47Z  Digitizer_run1555_subrun278.csv  —  97 channels, all nominal
[OK]    2026-04-28T19:07:49Z  Digitizer_run1555_subrun282.csv  —  97 channels, all nominal
[OK]    2026-04-28T19:07:51Z  Digitizer_run1555_subrun287.csv  —  97 channels, all nominal
[OK]    2026-04-28T19:07:53Z  Digitizer_run1555_subrun294.csv  —  97 channels, all nominal
[OK]    2026-04-28T19:07:55Z  Digitizer_run1555_subrun302.csv  —  97 channels, all nominal
[OK]    2026-04-28T19:07:57Z  Digitizer_run1555_subrun316.csv  —  97 channels, all nominal
[OK]    2026-04-28T19:07:58Z  Digitizer_run1555_subrun327.csv  —  97 channels, all nominal
[OK]    2026-04-28T19:08:00Z  Digitizer_run1555_subrun349.csv  —  97 channels, all nominal
[OK]    2026-04-28T19:08:02Z  Digitizer_run1555_subrun397.csv  —  97 channels, all nominal
[OK]    2026-04-28T19:08:04Z  Digitizer_run1555_subrun412.csv  —  97 channels, all nominal
[OK]    2026-04-28T19:08:06Z  Digitizer_run1555_subrun438.csv  —  97 channels, all nominal
[OK]    2026-04-28T19:08:08Z  Digitizer_run1555_subrun447.csv  —  97 channels, all nominal
[OK]    2026-04-28T19:08:10Z  Digitizer_run1555_subrun456.csv  —  97 channels, all nominal
[OK]    2026-04-28T19:08:13Z  Digitizer_run1555_subrun462.csv  —  97 channels, all nominal
[OK]    2026-04-28T19:08:14Z  Digitizer_run1555_subrun471.csv  —  97 channels, all nominal
[OK]    2026-04-28T19:08:16Z  Digitizer_run1555_subrun472.csv  —  97 channels, all nominal
[OK]    2026-04-28T19:08:18Z  Digitizer_run1555_subrun515.csv  —  97 channels, all nominal
[OK]    2026-04-28T19:08:20Z  Digitizer_run1555_subrun536.csv  —  97 channels, all nominal
[OK]    2026-04-28T19:08:22Z  Digitizer_run1555_subrun563.csv  —  1 transient anomalous channel(s), streak not established  [window: 3 files]
                         ch95  method=statistical           max_z=7.37      if_score=-0.4905     features=[nPulses_median]  [1/3 files]
[OK]    2026-04-28T19:08:24Z  Digitizer_run1555_subrun582.csv  —  97 channels, all nominal
[OK]    2026-04-28T19:08:25Z  Digitizer_run1555_subrun583.csv  —  3 transient anomalous channel(s), streak not established  [window: 3 files]
                          ch1  method=statistical           max_z=6.04      if_score=-0.5031     features=[nPulses_median]  [1/3 files]
                         ch17  method=statistical           max_z=7.11      if_score=-0.4716     features=[pulseHeight_min_median;pulseArea_min_median]  [1/3 files]
                         ch19  method=statistical           max_z=6.21      if_score=-0.4804     features=[pulseDuriation_min_mean]  [1/3 files]
[OK]    2026-04-28T19:08:27Z  Digitizer_run1555_subrun589.csv  —  97 channels, all nominal
[OK]    2026-04-28T19:08:29Z  Digitizer_run1555_subrun599.csv  —  97 channels, all nominal
[OK]    2026-04-28T19:08:31Z  Digitizer_run1555_subrun637.csv  —  97 channels, all nominal
[OK]    2026-04-28T19:08:33Z  Digitizer_run1555_subrun643.csv  —  97 channels, all nominal
  [run 1556] New run — channel history reset
[OK]    2026-04-28T19:08:35Z  Digitizer_run1556_subrun10.csv  —  97 channels, all nominal
[OK]    2026-04-28T19:08:36Z  Digitizer_run1556_subrun14.csv  —  97 channels, all nominal
[OK]    2026-04-28T19:08:38Z  Digitizer_run1556_subrun52.csv  —  1 transient anomalous channel(s), streak not established  [window: 3 files]
                          ch6  method=statistical           max_z=6.64      if_score=-0.4436     features=[nPulses_median]  [1/3 files]
[OK]    2026-04-28T19:08:40Z  Digitizer_run1556_subrun75.csv  —  97 channels, all nominal
[OK]    2026-04-28T19:08:42Z  Digitizer_run1556_subrun89.csv  —  97 channels, all nominal
[ALERT] 2026-04-28T19:08:44Z  Digitizer_run1556_subrun92.csv  —  extreme z=15.9 on ch91
                          ch2  method=statistical           max_z=9.52      if_score=-0.4796     features=[nPulses_median]  [1/3 files]
                         ch91  method=statistical           max_z=15.91     if_score=-0.5177     features=[nPulses_median]  [1/3 files]
[OK]    2026-04-28T19:08:46Z  Digitizer_run1556_subrun111.csv  —  97 channels, all nominal
[OK]    2026-04-28T19:08:48Z  Digitizer_run1556_subrun114.csv  —  97 channels, all nominal
  [run 1557] New run — channel history reset
[ALERT] 2026-04-28T19:08:50Z  Digitizer_run1557_subrun5.csv  —  extreme z=16.7 on ch14
                         ch14  method=statistical           max_z=16.69     if_score=-0.523      features=[nPulses_median]  [1/3 files]
[OK]    2026-04-28T19:08:52Z  Digitizer_run1557_subrun6.csv  —  1 transient anomalous channel(s), streak not established  [window: 3 files]
                         ch33  method=statistical           max_z=8.88      if_score=-0.5077     features=[nPulses_median]  [1/3 files]
[OK]    2026-04-28T19:08:54Z  Digitizer_run1557_subrun8.csv  —  97 channels, all nominal
[OK]    2026-04-28T19:08:55Z  Digitizer_run1557_subrun38.csv  —  2 transient anomalous channel(s), streak not established  [window: 3 files]
                         ch54  method=isolation_forest      max_z=5.93      if_score=-0.6227     features=[]  [1/3 files]
                         ch90  method=statistical           max_z=12.09     if_score=-0.5224     features=[nPulses_median]  [1/3 files]
[OK]    2026-04-28T19:08:57Z  Digitizer_run1557_subrun46.csv  —  97 channels, all nominal
[OK]    2026-04-28T19:08:59Z  Digitizer_run1557_subrun55.csv  —  97 channels, all nominal
[OK]    2026-04-28T19:09:01Z  Digitizer_run1557_subrun74.csv  —  97 channels, all nominal
[OK]    2026-04-28T19:09:03Z  Digitizer_run1557_subrun88.csv  —  97 channels, all nominal
[OK]    2026-04-28T19:09:05Z  Digitizer_run1557_subrun96.csv  —  97 channels, all nominal
[OK]    2026-04-28T19:09:07Z  Digitizer_run1557_subrun100.csv  —  97 channels, all nominal
[OK]    2026-04-28T19:09:08Z  Digitizer_run1557_subrun103.csv  —  97 channels, all nominal
[OK]    2026-04-28T19:09:10Z  Digitizer_run1557_subrun109.csv  —  97 channels, all nominal
[OK]    2026-04-28T19:09:12Z  Digitizer_run1557_subrun116.csv  —  97 channels, all nominal
[OK]    2026-04-28T19:09:14Z  Digitizer_run1557_subrun120.csv  —  97 channels, all nominal
[OK]    2026-04-28T19:09:16Z  Digitizer_run1557_subrun130.csv  —  97 channels, all nominal
[OK]    2026-04-28T19:09:18Z  Digitizer_run1557_subrun133.csv  —  2 transient anomalous channel(s), streak not established  [window: 3 files]
                         ch21  method=statistical           max_z=7.74      if_score=-0.4926     features=[nPulses_median]  [1/3 files]
                         ch95  method=statistical           max_z=7.37      if_score=-0.4627     features=[nPulses_median]  [1/3 files]
[OK]    2026-04-28T19:09:20Z  Digitizer_run1557_subrun141.csv  —  1 transient anomalous channel(s), streak not established  [window: 3 files]
                          ch1  method=statistical           max_z=6.04      if_score=-0.4691     features=[nPulses_median]  [1/3 files]
[OK]    2026-04-28T19:09:22Z  Digitizer_run1557_subrun154.csv  —  1 transient anomalous channel(s), streak not established  [window: 3 files]
                         ch26  method=statistical           max_z=6.08      if_score=-0.5031     features=[nPulses_median]  [1/3 files]
[OK]    2026-04-28T19:09:24Z  Digitizer_run1557_subrun171.csv  —  97 channels, all nominal
[OK]    2026-04-28T19:09:26Z  Digitizer_run1557_subrun175.csv  —  97 channels, all nominal
[OK]    2026-04-28T19:09:28Z  Digitizer_run1557_subrun179.csv  —  97 channels, all nominal
[OK]    2026-04-28T19:09:30Z  Digitizer_run1557_subrun193.csv  —  97 channels, all nominal
[OK]    2026-04-28T19:09:31Z  Digitizer_run1557_subrun197.csv  —  97 channels, all nominal
[OK]    2026-04-28T19:09:33Z  Digitizer_run1557_subrun250.csv  —  97 channels, all nominal
[OK]    2026-04-28T19:09:35Z  Digitizer_run1557_subrun254.csv  —  1 transient anomalous channel(s), streak not established  [window: 3 files]
                         ch92  method=statistical+IF        max_z=11.54     if_score=-0.6722     features=[pulseHeight_max_median;pulseHeight_min_mean;pulseHeight_min_median;pulseArea_max_median;pulseArea_min_median]  [1/3 files]
[ALERT] 2026-04-28T19:09:37Z  Digitizer_run1557_subrun292.csv  —  9/97 anomalous ch  [bulk ≥5]  |  extreme z=25.3 on ch90
                         ch20  method=statistical           max_z=8.29      if_score=-0.5535     features=[pulseHeight_min_median;pulseArea_min_median]  [1/3 files]
                         ch88  method=missing_channel       max_z=nan       if_score=nan         features=[missing_channel]  [1/3 files]
                         ch89  method=missing_channel       max_z=nan       if_score=nan         features=[missing_channel]  [1/3 files]
                         ch90  method=statistical+IF        max_z=25.33     if_score=-0.6481     features=[sideband_mean_median;pulseHeight_max_median;pulseHeight_min_mean;pulseHeight_min_median;pulseArea_max_median;pulseArea_min_median;occupancy]  [1/3 files]
                         ch91  method=statistical+IF        max_z=21.86     if_score=-0.638      features=[pulseHeight_max_median;pulseHeight_min_mean;pulseHeight_min_median;pulseArea_max_median;pulseArea_min_median;occupancy]  [1/3 files]
                         ch92  method=statistical+IF        max_z=14.52     if_score=-0.62       features=[pulseHeight_min_median;pulseArea_min_median]  [2/3 files]
                         ch93  method=statistical+IF        max_z=8.08      if_score=-0.5958     features=[pulseHeight_min_mean;pulseHeight_min_std;pulseArea_min_mean]  [1/3 files]
                         ch94  method=statistical           max_z=7.13      if_score=-0.551      features=[pulseHeight_max_std]  [1/3 files]
                         ch95  method=statistical           max_z=7.26      if_score=-0.5802     features=[sideband_mean_median;pulseHeight_min_median]  [1/3 files]
[ALERT] 2026-04-28T19:09:39Z  Digitizer_run1557_subrun296.csv  —  9/97 anomalous ch  [bulk ≥5]  |  extreme z=17.3 on ch91
                         ch92  method=statistical+IF        max_z=15.49     if_score=-0.6306     features=[pulseHeight_max_std;pulseHeight_min_median;pulseArea_min_median]  [3/3 files]
                         ch21  method=isolation_forest      max_z=5.95      if_score=-0.5956     features=[]  [1/3 files]
                         ch88  method=missing_channel       max_z=nan       if_score=nan         features=[missing_channel]  [2/3 files]
                         ch89  method=missing_channel       max_z=nan       if_score=nan         features=[missing_channel]  [2/3 files]
                         ch90  method=statistical           max_z=6.21      if_score=-0.5832     features=[occupancy]  [2/3 files]
                         ch91  method=statistical+IF        max_z=17.33     if_score=-0.6665     features=[pulseHeight_max_std;pulseHeight_max_median;pulseHeight_min_mean;pulseHeight_min_median;pulseArea_min_median;occupancy]  [2/3 files]
                         ch93  method=statistical+IF        max_z=6.88      if_score=-0.5985     features=[pulseHeight_min_mean;pulseHeight_min_std]  [2/3 files]
                         ch94  method=statistical           max_z=9.81      if_score=-0.5873     features=[sideband_mean_median;pulseHeight_max_std;pulseHeight_min_median;pulseArea_min_median]  [2/3 files]
                         ch95  method=statistical           max_z=7.0       if_score=-0.5642     features=[sideband_mean_median]  [2/3 files]
[ALERT] 2026-04-28T19:09:40Z  Digitizer_run1557_subrun297.csv  —  7 persistent + 1 transient anomalous ch  (window: 3 files)  |  8/97 anomalous ch  [bulk ≥5]  |  extreme z=24.4 on ch93
                         ch88  method=missing_channel       max_z=nan       if_score=nan         features=[missing_channel]  [3/3 files]
                         ch89  method=missing_channel       max_z=nan       if_score=nan         features=[missing_channel]  [3/3 files]
                         ch90  method=statistical           max_z=6.42      if_score=-0.5429     features=[sideband_mean_median;pulseDuriation_max_median]  [3/3 files]
                         ch91  method=statistical+IF        max_z=14.63     if_score=-0.6371     features=[pulseHeight_min_median;pulseArea_min_median]  [3/3 files]
                         ch92  method=statistical+IF        max_z=12.16     if_score=-0.6336     features=[pulseHeight_min_median;pulseArea_min_median]  [3/3 files]
                         ch93  method=statistical+IF        max_z=24.39     if_score=-0.6833     features=[pulseHeight_max_mean;pulseHeight_max_median;pulseHeight_min_mean;pulseHeight_min_median;pulseArea_max_mean;pulseArea_max_median;pulseArea_min_mean;pulseArea_min_median;pulseDuriation_min_median]  [3/3 files]
                         ch94  method=statistical           max_z=7.09      if_score=-0.5541     features=[pulseHeight_max_std;pulseHeight_min_median;pulseArea_min_median]  [3/3 files]
                         ch40  method=statistical           max_z=18.11     if_score=-0.5649     features=[nPulses_median]  [1/3 files]
[ALERT] 2026-04-28T19:09:42Z  Digitizer_run1557_subrun298.csv  —  6 persistent + 2 transient anomalous ch  (window: 3 files)  |  8/97 anomalous ch  [bulk ≥5]
                         ch88  method=missing_channel       max_z=nan       if_score=nan         features=[missing_channel]  [3/3 files]
                         ch89  method=missing_channel       max_z=nan       if_score=nan         features=[missing_channel]  [3/3 files]
                         ch90  method=statistical+IF        max_z=7.68      if_score=-0.6265     features=[sideband_mean_median;pulseDuriation_max_mean;pulseDuriation_max_median]  [3/3 files]
                         ch91  method=statistical+IF        max_z=7.95      if_score=-0.6185     features=[sideband_mean_median;pulseDuriation_max_median;occupancy]  [3/3 files]
                         ch92  method=statistical+IF        max_z=11.23     if_score=-0.6122     features=[pulseHeight_max_std;pulseHeight_min_median;pulseArea_min_median]  [3/3 files]
                         ch94  method=statistical           max_z=10.95     if_score=-0.559      features=[pulseHeight_max_std;pulseHeight_min_median;pulseArea_min_median]  [3/3 files]
                         ch33  method=statistical           max_z=8.88      if_score=-0.5536     features=[nPulses_median]  [1/3 files]
                         ch95  method=statistical           max_z=12.78     if_score=-0.576      features=[pulseHeight_min_median;pulseArea_min_median]  [2/3 files]
[ALERT] 2026-04-28T19:09:44Z  Digitizer_run1557_subrun319.csv  —  6 persistent + 2 transient anomalous ch  (window: 3 files)  |  8/97 anomalous ch  [bulk ≥5]  |  extreme z=16.9 on ch95
                         ch88  method=missing_channel       max_z=nan       if_score=nan         features=[missing_channel]  [3/3 files]
                         ch89  method=missing_channel       max_z=nan       if_score=nan         features=[missing_channel]  [3/3 files]
                         ch90  method=statistical+IF        max_z=15.34     if_score=-0.636      features=[pulseHeight_max_median;pulseHeight_min_median;pulseArea_min_median;occupancy]  [3/3 files]
                         ch91  method=statistical+IF        max_z=9.78      if_score=-0.6261     features=[sideband_mean_median;pulseHeight_max_std;pulseHeight_min_median;pulseArea_min_median;occupancy]  [3/3 files]
                         ch92  method=statistical+IF        max_z=10.5      if_score=-0.6348     features=[pulseHeight_max_std;pulseHeight_min_median]  [3/3 files]
                         ch94  method=statistical           max_z=12.33     if_score=-0.5791     features=[sideband_mean_median;pulseHeight_max_std;pulseHeight_min_median;pulseArea_min_median]  [3/3 files]
                         ch93  method=statistical+IF        max_z=7.65      if_score=-0.6474     features=[pulseHeight_min_mean;pulseHeight_min_median]  [2/3 files]
                         ch95  method=statistical+IF        max_z=16.88     if_score=-0.6051     features=[pulseHeight_max_std;pulseHeight_min_median;pulseArea_min_median]  [2/3 files]
[ALERT] 2026-04-28T19:09:46Z  Digitizer_run1557_subrun326.csv  —  7 persistent + 2 transient anomalous ch  (window: 3 files)  |  9/97 anomalous ch  [bulk ≥5]  |  extreme z=19.2 on ch93
                         ch88  method=missing_channel       max_z=nan       if_score=nan         features=[missing_channel]  [3/3 files]
                         ch89  method=missing_channel       max_z=nan       if_score=nan         features=[missing_channel]  [3/3 files]
                         ch90  method=statistical+IF        max_z=12.35     if_score=-0.6391     features=[pulseHeight_min_median;pulseArea_min_median;pulseDuriation_max_mean;occupancy]  [3/3 files]
                         ch91  method=statistical+IF        max_z=8.49      if_score=-0.5991     features=[pulseHeight_max_std;pulseHeight_min_median;occupancy]  [3/3 files]
                         ch92  method=statistical+IF        max_z=11.24     if_score=-0.6096     features=[sideband_rms_median;pulseHeight_max_std]  [3/3 files]
                         ch94  method=statistical           max_z=7.25      if_score=-0.5091     features=[pulseHeight_max_std]  [3/3 files]
                         ch95  method=statistical           max_z=6.01      if_score=-0.5558     features=[pulseHeight_max_std]  [3/3 files]
                         ch38  method=isolation_forest      max_z=5.22      if_score=-0.6351     features=[]  [1/3 files]
                         ch93  method=statistical+IF        max_z=19.18     if_score=-0.6976     features=[pulseHeight_max_mean;pulseHeight_max_std;pulseHeight_max_median;pulseHeight_min_mean;pulseHeight_min_median;pulseArea_max_mean;pulseArea_max_median;pulseArea_min_mean;pulseArea_min_median;pulseDuriation_min_mean;pulseDuriation_min_median]  [2/3 files]
  [run 1562] New run — channel history reset
[ALERT] 2026-04-28T19:09:48Z  Digitizer_run1562_subrun5.csv  —  9/97 anomalous ch  [bulk ≥5]  |  extreme z=17.0 on ch93
                         ch32  method=statistical           max_z=9.95      if_score=-0.5309     features=[nPulses_median]  [1/3 files]
                         ch88  method=missing_channel       max_z=nan       if_score=nan         features=[missing_channel]  [1/3 files]
                         ch89  method=missing_channel       max_z=nan       if_score=nan         features=[missing_channel]  [1/3 files]
                         ch90  method=statistical+IF        max_z=9.44      if_score=-0.6302     features=[pulseHeight_max_std;pulseDuriation_max_mean;pulseDuriation_max_median;occupancy]  [1/3 files]
                         ch91  method=statistical+IF        max_z=10.83     if_score=-0.6294     features=[pulseHeight_max_mean;pulseHeight_max_std;pulseDuriation_max_mean;pulseDuriation_max_median;occupancy]  [1/3 files]
                         ch92  method=statistical+IF        max_z=13.9      if_score=-0.6459     features=[pulseHeight_max_std;pulseHeight_min_std;pulseDuriation_max_median]  [1/3 files]
                         ch93  method=statistical+IF        max_z=16.97     if_score=-0.7134     features=[sideband_rms_median;pulseHeight_max_mean;pulseHeight_max_std;pulseHeight_max_median;pulseHeight_min_mean;pulseHeight_min_median;pulseArea_max_median;pulseArea_min_mean;pulseArea_min_median]  [1/3 files]
                         ch94  method=statistical           max_z=7.73      if_score=-0.5722     features=[pulseHeight_max_std;pulseHeight_min_median]  [1/3 files]
                         ch95  method=statistical           max_z=10.66     if_score=-0.5807     features=[pulseHeight_max_std;pulseHeight_min_median;pulseArea_min_median]  [1/3 files]

  Log written → /afs/cern.ch/user/t/tafoyava/autoDQM/isolation_forest/logs/condor_full_260428_Tight_noTrigger_ignoreDAQConfig.csv

============================================================
  STEP 3 — EVALUATE
============================================================

  Replaying alert logic on 1398 subruns ...
  Loaded catalogue: 60,210 run+subrun entries.

  ──────────────────────────────────────────────────────────────
  EVALUATION SUMMARY
  Ground truth quality level : Tight
  Total subruns in log       : 1398
  ──────────────────────────────────────────────────────────────

  Known good (Tight) (N=1398)
    ok       :   1290  ( 92.3%)
    warn     :     11  (  0.8%)
    pend     :      0  (  0.0%)
    alert    :     97  (  6.9%)

  ── Rates on known-good subruns ──
    True Negative  (ok)    :   1290  ( 92.3%)
    Mild anomaly   (warn)  :     11  (  0.8%)
    Unverifiable   (pend)  :      0  (  0.0%)
    False Positive (alert) :     97  (  6.9%)

  ──────────────────────────────────────────────────────────────

  Evaluation summary → /afs/cern.ch/user/t/tafoyava/autoDQM/isolation_forest/reports/condor_full_260428_Tight_noTrigger_ignoreDAQConfig/eval_summary.txt
  Confusion data → /afs/cern.ch/user/t/tafoyava/autoDQM/isolation_forest/reports/condor_full_260428_Tight_noTrigger_ignoreDAQConfig/eval_confusion_data.json
  Framework good runs JSON → /afs/cern.ch/user/t/tafoyava/autoDQM/isolation_forest/reports/condor_full_260428_Tight_noTrigger_ignoreDAQConfig/framework_good_runs.json
    Tight=1290  Medium=1301  Loose=1301  (total subruns: 1398)

============================================================
  STEP 4 — REPORT
============================================================

  good_runs.txt  →  7 run(s): [1505, 1506, 1507, 1520, 1529, 1530, 1544]
  partial_good_runs.txt  →  1 run(s): [1434]
  persistent_fault_runs.txt  →  0 run(s): []
  bad runs   (3): [1433, 1541, 1562]   [not written to file]
  mixed runs (28): [1422, 1431, 1432, 1436, 1437, 1443, 1448, 1457, 1458, 1459, 1500, 1501, 1502, 1503, 1504, 1514, 1528, 1532, 1535, 1536, 1537, 1543, 1552, 1553, 1554, 1555, 1556, 1557]   [not written to file]
  run_summary.csv  →  39 run(s) total

============================================================
  STEP 5 — PLOTS
============================================================

Reference plots...
    reference_means.png
    reference_stds.png
    reference_coverage.png
  Reference plots saved to /afs/cern.ch/user/t/tafoyava/autoDQM/isolation_forest/plots/condor_full_260428_Tight_noTrigger_ignoreDAQConfig/
Log summary plots...
    log_anomaly_rate.png
    log_channel_frequency.png
    log_feature_frequency.png
    log_run_summary.png
    log_persistence_subrun_grid.png
    log_persistence_run_summary.png
  Log plots saved to /afs/cern.ch/user/t/tafoyava/autoDQM/isolation_forest/plots/condor_full_260428_Tight_noTrigger_ignoreDAQConfig/
Evaluation confusion plot...
    eval_confusion.png
Per-file plots (sample of good and bad subruns)...
  Plotting 5/150 bad file(s) (worst + 4 random) and 5/1248 good file(s) (random).
  Digitizer_run1459_subrun590.csv
    Digitizer_run1459_subrun590_zscore_heatmap.png
    Digitizer_run1459_subrun590_max_zscore.png
    Digitizer_run1459_subrun590_if_scores.png
    Digitizer_run1459_subrun590_geometry.png
    Digitizer_run1459_subrun590_config_zscore_comparison.png
    Digitizer_run1459_subrun590_config_mask.png
  File plots saved to /afs/cern.ch/user/t/tafoyava/autoDQM/isolation_forest/plots/condor_full_260428_Tight_noTrigger_ignoreDAQConfig/Digitizer_run1459_subrun590/
  Digitizer_run1541_subrun216.csv
    Digitizer_run1541_subrun216_zscore_heatmap.png
    Digitizer_run1541_subrun216_max_zscore.png
    Digitizer_run1541_subrun216_if_scores.png
    Digitizer_run1541_subrun216_geometry.png
    Digitizer_run1541_subrun216_config_zscore_comparison.png
  File plots saved to /afs/cern.ch/user/t/tafoyava/autoDQM/isolation_forest/plots/condor_full_260428_Tight_noTrigger_ignoreDAQConfig/Digitizer_run1541_subrun216/
  Digitizer_run1541_subrun199.csv
    Digitizer_run1541_subrun199_zscore_heatmap.png
    Digitizer_run1541_subrun199_max_zscore.png
    Digitizer_run1541_subrun199_if_scores.png
    Digitizer_run1541_subrun199_geometry.png
    Digitizer_run1541_subrun199_config_zscore_comparison.png
  File plots saved to /afs/cern.ch/user/t/tafoyava/autoDQM/isolation_forest/plots/condor_full_260428_Tight_noTrigger_ignoreDAQConfig/Digitizer_run1541_subrun199/
  Digitizer_run1431_subrun100.csv
    Digitizer_run1431_subrun100_zscore_heatmap.png
    Digitizer_run1431_subrun100_max_zscore.png
    Digitizer_run1431_subrun100_if_scores.png
    Digitizer_run1431_subrun100_geometry.png
    Digitizer_run1431_subrun100_config_zscore_comparison.png
    Digitizer_run1431_subrun100_config_mask.png
  File plots saved to /afs/cern.ch/user/t/tafoyava/autoDQM/isolation_forest/plots/condor_full_260428_Tight_noTrigger_ignoreDAQConfig/Digitizer_run1431_subrun100/
  Digitizer_run1557_subrun326.csv
    Digitizer_run1557_subrun326_zscore_heatmap.png
    Digitizer_run1557_subrun326_max_zscore.png
    Digitizer_run1557_subrun326_if_scores.png
    Digitizer_run1557_subrun326_geometry.png
    Digitizer_run1557_subrun326_config_zscore_comparison.png
    Digitizer_run1557_subrun326_config_mask.png
  File plots saved to /afs/cern.ch/user/t/tafoyava/autoDQM/isolation_forest/plots/condor_full_260428_Tight_noTrigger_ignoreDAQConfig/Digitizer_run1557_subrun326/
  Digitizer_run1502_subrun463.csv
    Digitizer_run1502_subrun463_zscore_heatmap.png
    Digitizer_run1502_subrun463_max_zscore.png
    Digitizer_run1502_subrun463_if_scores.png
    Digitizer_run1502_subrun463_geometry.png
    Digitizer_run1502_subrun463_config_zscore_comparison.png
    Digitizer_run1502_subrun463_config_mask.png
  File plots saved to /afs/cern.ch/user/t/tafoyava/autoDQM/isolation_forest/plots/condor_full_260428_Tight_noTrigger_ignoreDAQConfig/Digitizer_run1502_subrun463/
  Digitizer_run1458_subrun72.csv
    Digitizer_run1458_subrun72_zscore_heatmap.png
    Digitizer_run1458_subrun72_max_zscore.png
    Digitizer_run1458_subrun72_if_scores.png
    Digitizer_run1458_subrun72_geometry.png
    Digitizer_run1458_subrun72_config_zscore_comparison.png
    Digitizer_run1458_subrun72_config_mask.png
  File plots saved to /afs/cern.ch/user/t/tafoyava/autoDQM/isolation_forest/plots/condor_full_260428_Tight_noTrigger_ignoreDAQConfig/Digitizer_run1458_subrun72/
  Digitizer_run1457_subrun284.csv
    Digitizer_run1457_subrun284_zscore_heatmap.png
    Digitizer_run1457_subrun284_max_zscore.png
    Digitizer_run1457_subrun284_if_scores.png
    Digitizer_run1457_subrun284_geometry.png
    Digitizer_run1457_subrun284_config_zscore_comparison.png
    Digitizer_run1457_subrun284_config_mask.png
  File plots saved to /afs/cern.ch/user/t/tafoyava/autoDQM/isolation_forest/plots/condor_full_260428_Tight_noTrigger_ignoreDAQConfig/Digitizer_run1457_subrun284/
  Digitizer_run1554_subrun113.csv
    Digitizer_run1554_subrun113_zscore_heatmap.png
    Digitizer_run1554_subrun113_max_zscore.png
    Digitizer_run1554_subrun113_if_scores.png
    Digitizer_run1554_subrun113_geometry.png
    Digitizer_run1554_subrun113_config_zscore_comparison.png
    Digitizer_run1554_subrun113_config_mask.png
  File plots saved to /afs/cern.ch/user/t/tafoyava/autoDQM/isolation_forest/plots/condor_full_260428_Tight_noTrigger_ignoreDAQConfig/Digitizer_run1554_subrun113/
  Digitizer_run1443_subrun70.csv
    Digitizer_run1443_subrun70_zscore_heatmap.png
    Digitizer_run1443_subrun70_max_zscore.png
    Digitizer_run1443_subrun70_if_scores.png
    Digitizer_run1443_subrun70_geometry.png
    Digitizer_run1443_subrun70_config_zscore_comparison.png
    Digitizer_run1443_subrun70_config_mask.png
  File plots saved to /afs/cern.ch/user/t/tafoyava/autoDQM/isolation_forest/plots/condor_full_260428_Tight_noTrigger_ignoreDAQConfig/Digitizer_run1443_subrun70/

  10/10 file(s) plotted (5 bad, 5 good).
  All plots saved → /afs/cern.ch/user/t/tafoyava/autoDQM/isolation_forest/plots/condor_full_260428_Tight_noTrigger_ignoreDAQConfig/

============================================================
  Pipeline complete.
============================================================


============================================================
  Done: notrigger_lvds  Tue Apr 28 07:13:52 PM UTC 2026
============================================================
