============================================================
  autoDQM pipeline — variant: notrigger_nolvds
  Host : b9p34p1033.cern.ch
  Start: Tue Apr 28 06:16:40 PM UTC 2026
============================================================
  Python : Python 3.9.25  (/usr/bin/python3)
  PYTHONPATH prefix: /afs/cern.ch/user/t/tafoyava/.local/lib/python3.9/site-packages
  Dependencies: OK

  Flags: --no-trigger --no-trigger-LVDS

============================================================
  autoDQM  ·  pipeline
  config   : config_ignoreDAQConfig.yaml
  model tag              condor_full_260428_Tight_noTrigger_noLVDS_ignoreDAQConfig
  per-run mode           no
  log file               /afs/cern.ch/user/t/tafoyava/autoDQM/isolation_forest/logs/condor_full_260428_Tight_noTrigger_noLVDS_ignoreDAQConfig.csv
  train source           /afs/cern.ch/user/t/tafoyava/autoDQM/data/goodRunsListSlab.json [quality=Tight, fraction=0.1]
  train goodRunList      yes
  run range              1422 … —
  catalogue counts       60,210 total → 17,839 after Tight (94 runs) → 14,041 after range [1422,—] (54 runs) → ~1,404 entries sampled
  apply source           /afs/cern.ch/user/t/tafoyava/autoDQM/data/goodRunsListSlab.json [quality=Tight, fraction=0.1] [shared with training]
  full sample apply      no
  models dir             /afs/cern.ch/user/t/tafoyava/autoDQM/isolation_forest/models/condor_full_260428_Tight_noTrigger_noLVDS_ignoreDAQConfig
  reports dir            /afs/cern.ch/user/t/tafoyava/autoDQM/isolation_forest/reports/condor_full_260428_Tight_noTrigger_noLVDS_ignoreDAQConfig
  plots dir              /afs/cern.ch/user/t/tafoyava/autoDQM/isolation_forest/plots/condor_full_260428_Tight_noTrigger_noLVDS_ignoreDAQConfig
  trigger features       no
  LVDS features          no
  ignore features        ['TDC*']
  z threshold            6.0σ
  IF contamination       0.01
  alert threshold        2 channels
  alert window           3 consecutive file(s)
  single-file bulk alert 5 ch
  single-file extreme alert z≥15.0
  max subrun plots       5
  plot format            png
  test seed              42
============================================================


============================================================
  STEP 1 — TRAIN
============================================================

  Reading full sample catalogue from /afs/cern.ch/user/t/tafoyava/autoDQM/data/goodRunsListSlab.json [quality=Tight, fraction=0.1] ...

  ── goodRunsListSlab.json statistics ────────────────────────
     Total entries (run+subrun pairs) :   60,210
     Tags                             : {'v1p0': 60210}
     Loose                            :   60,186
     Medium                           :   58,230
     Tight                            :   17,839
  ── After quality filter (Tight)
     Matching entries                 :   17,839
     Unique runs                      :       94
  ── After run range filter (min=1422, max=—)
     Matching entries                 :   14,041
     Unique runs                      :       54
  ── After fraction sub-sample (fraction=0.1, seed=42)
     Sampled entries                  :    1,404
     Unique runs in sample            :       39

  WARNING: 6 catalogue entries had no matching file on disk and were skipped.
  1398 file(s) resolved from full sample (Tight, fraction=0.1).
  Trigger features:        disabled
  LVDS features:           disabled
  Trigger config features: enabled  ['triggerBoard.trigger', 'triggerBoard.prescale', 'triggerBoard.trigger_mask']
  DAQ config features:     disabled
  Ignored features: ['TDC*']
Building reference from scratch...
  [Digitizer_run1422_subrun7.csv] extracting features...
  [Digitizer_run1422_subrun10.csv] extracting features...
  [Digitizer_run1422_subrun19.csv] extracting features...
  [Digitizer_run1422_subrun28.csv] extracting features...
  [Digitizer_run1422_subrun36.csv] extracting features...
  [Digitizer_run1422_subrun43.csv] extracting features...
  [Digitizer_run1422_subrun44.csv] extracting features...
  [Digitizer_run1422_subrun54.csv] extracting features...
  [Digitizer_run1422_subrun59.csv] extracting features...
  [Digitizer_run1422_subrun91.csv] extracting features...
  [Digitizer_run1422_subrun97.csv] extracting features...
  [Digitizer_run1422_subrun107.csv] extracting features...
  [Digitizer_run1422_subrun118.csv] extracting features...
  [Digitizer_run1422_subrun129.csv] extracting features...
  [Digitizer_run1422_subrun153.csv] extracting features...
  [Digitizer_run1422_subrun159.csv] extracting features...
  [Digitizer_run1422_subrun167.csv] extracting features...
  [Digitizer_run1422_subrun189.csv] extracting features...
  [Digitizer_run1422_subrun201.csv] extracting features...
  [Digitizer_run1422_subrun208.csv] extracting features...
  [Digitizer_run1422_subrun225.csv] extracting features...
  [Digitizer_run1422_subrun232.csv] extracting features...
  [Digitizer_run1422_subrun242.csv] extracting features...
  [Digitizer_run1422_subrun252.csv] extracting features...
  [Digitizer_run1422_subrun283.csv] extracting features...
  [Digitizer_run1422_subrun318.csv] extracting features...
  [Digitizer_run1422_subrun320.csv] extracting features...
  [Digitizer_run1422_subrun321.csv] extracting features...
  [Digitizer_run1422_subrun334.csv] extracting features...
  [Digitizer_run1422_subrun340.csv] extracting features...
  [Digitizer_run1422_subrun345.csv] extracting features...
  [Digitizer_run1422_subrun388.csv] extracting features...
  [Digitizer_run1422_subrun401.csv] extracting features...
  [Digitizer_run1422_subrun407.csv] extracting features...
  [Digitizer_run1422_subrun410.csv] extracting features...
  [Digitizer_run1422_subrun421.csv] extracting features...
  [Digitizer_run1422_subrun424.csv] extracting features...
  [Digitizer_run1422_subrun435.csv] extracting features...
  [Digitizer_run1422_subrun442.csv] extracting features...
  [Digitizer_run1422_subrun445.csv] extracting features...
  [Digitizer_run1422_subrun453.csv] extracting features...
  [Digitizer_run1422_subrun471.csv] extracting features...
  [Digitizer_run1422_subrun473.csv] extracting features...
  [Digitizer_run1422_subrun475.csv] extracting features...
  [Digitizer_run1422_subrun476.csv] extracting features...
  [Digitizer_run1422_subrun489.csv] extracting features...
  [Digitizer_run1422_subrun509.csv] extracting features...
  [Digitizer_run1422_subrun515.csv] extracting features...
  [Digitizer_run1422_subrun521.csv] extracting features...
  [Digitizer_run1422_subrun526.csv] extracting features...
  [Digitizer_run1422_subrun535.csv] extracting features...
  [Digitizer_run1422_subrun589.csv] extracting features...
  [Digitizer_run1422_subrun591.csv] extracting features...
  [Digitizer_run1422_subrun602.csv] extracting features...
  [Digitizer_run1422_subrun607.csv] extracting features...
  [Digitizer_run1431_subrun15.csv] extracting features...
  [Digitizer_run1431_subrun23.csv] extracting features...
  [Digitizer_run1431_subrun40.csv] extracting features...
  [Digitizer_run1431_subrun42.csv] extracting features...
  [Digitizer_run1431_subrun48.csv] extracting features...
  [Digitizer_run1431_subrun61.csv] extracting features...
  [Digitizer_run1431_subrun74.csv] extracting features...
  [Digitizer_run1431_subrun100.csv] extracting features...
  [Digitizer_run1431_subrun104.csv] extracting features...
  [Digitizer_run1431_subrun111.csv] extracting features...
  [Digitizer_run1431_subrun116.csv] extracting features...
  [Digitizer_run1432_subrun15.csv] extracting features...
  [Digitizer_run1432_subrun20.csv] extracting features...
  [Digitizer_run1432_subrun23.csv] extracting features...
  [Digitizer_run1432_subrun27.csv] extracting features...
  [Digitizer_run1432_subrun41.csv] extracting features...
  [Digitizer_run1432_subrun91.csv] extracting features...
  [Digitizer_run1432_subrun92.csv] extracting features...
  [Digitizer_run1432_subrun93.csv] extracting features...
  [Digitizer_run1432_subrun98.csv] extracting features...
  [Digitizer_run1432_subrun102.csv] extracting features...
  [Digitizer_run1432_subrun111.csv] extracting features...
  [Digitizer_run1432_subrun115.csv] extracting features...
  [Digitizer_run1432_subrun123.csv] extracting features...
  [Digitizer_run1432_subrun148.csv] extracting features...
  [Digitizer_run1432_subrun157.csv] extracting features...
  [Digitizer_run1432_subrun158.csv] extracting features...
  [Digitizer_run1432_subrun163.csv] extracting features...
  [Digitizer_run1432_subrun186.csv] extracting features...
  [Digitizer_run1432_subrun189.csv] extracting features...
  [Digitizer_run1432_subrun201.csv] extracting features...
  [Digitizer_run1432_subrun206.csv] extracting features...
  [Digitizer_run1432_subrun219.csv] extracting features...
  [Digitizer_run1432_subrun228.csv] extracting features...
  [Digitizer_run1432_subrun230.csv] extracting features...
  [Digitizer_run1432_subrun234.csv] extracting features...
  [Digitizer_run1432_subrun247.csv] extracting features...
  [Digitizer_run1432_subrun256.csv] extracting features...
  [Digitizer_run1432_subrun263.csv] extracting features...
  [Digitizer_run1432_subrun268.csv] extracting features...
  [Digitizer_run1432_subrun290.csv] extracting features...
  [Digitizer_run1432_subrun310.csv] extracting features...
  [Digitizer_run1432_subrun319.csv] extracting features...
  [Digitizer_run1432_subrun322.csv] extracting features...
  [Digitizer_run1432_subrun340.csv] extracting features...
  [Digitizer_run1432_subrun354.csv] extracting features...
  [Digitizer_run1432_subrun374.csv] extracting features...
  [Digitizer_run1432_subrun383.csv] extracting features...
  [Digitizer_run1432_subrun391.csv] extracting features...
  [Digitizer_run1432_subrun392.csv] extracting features...
  [Digitizer_run1432_subrun394.csv] extracting features...
  [Digitizer_run1432_subrun397.csv] extracting features...
  [Digitizer_run1432_subrun399.csv] extracting features...
  [Digitizer_run1432_subrun403.csv] extracting features...
  [Digitizer_run1432_subrun407.csv] extracting features...
  [Digitizer_run1432_subrun409.csv] extracting features...
  [Digitizer_run1432_subrun413.csv] extracting features...
  [Digitizer_run1432_subrun416.csv] extracting features...
  [Digitizer_run1432_subrun430.csv] extracting features...
  [Digitizer_run1432_subrun433.csv] extracting features...
  [Digitizer_run1432_subrun436.csv] extracting features...
  [Digitizer_run1432_subrun439.csv] extracting features...
  [Digitizer_run1432_subrun458.csv] extracting features...
  [Digitizer_run1432_subrun463.csv] extracting features...
  [Digitizer_run1433_subrun1.csv] extracting features...
  [Digitizer_run1434_subrun13.csv] extracting features...
  [Digitizer_run1434_subrun25.csv] extracting features...
  [Digitizer_run1434_subrun29.csv] extracting features...
  [Digitizer_run1434_subrun32.csv] extracting features...
  [Digitizer_run1434_subrun35.csv] extracting features...
  [Digitizer_run1434_subrun45.csv] extracting features...
  [Digitizer_run1434_subrun71.csv] extracting features...
  [Digitizer_run1434_subrun92.csv] extracting features...
  [Digitizer_run1434_subrun93.csv] extracting features...
  [Digitizer_run1436_subrun10.csv] extracting features...
  [Digitizer_run1436_subrun15.csv] extracting features...
  [Digitizer_run1436_subrun18.csv] extracting features...
  [Digitizer_run1436_subrun20.csv] extracting features...
  [Digitizer_run1436_subrun23.csv] extracting features...
  [Digitizer_run1436_subrun33.csv] extracting features...
  [Digitizer_run1436_subrun44.csv] extracting features...
  [Digitizer_run1436_subrun46.csv] extracting features...
  [Digitizer_run1436_subrun78.csv] extracting features...
  [Digitizer_run1436_subrun92.csv] extracting features...
  [Digitizer_run1436_subrun98.csv] extracting features...
  [Digitizer_run1436_subrun105.csv] extracting features...
  [Digitizer_run1436_subrun106.csv] extracting features...
  [Digitizer_run1436_subrun122.csv] extracting features...
  [Digitizer_run1436_subrun127.csv] extracting features...
  [Digitizer_run1436_subrun145.csv] extracting features...
  [Digitizer_run1436_subrun183.csv] extracting features...
  [Digitizer_run1436_subrun192.csv] extracting features...
  [Digitizer_run1436_subrun197.csv] extracting features...
  [Digitizer_run1436_subrun199.csv] extracting features...
  [Digitizer_run1436_subrun215.csv] extracting features...
  [Digitizer_run1436_subrun222.csv] extracting features...
  [Digitizer_run1436_subrun227.csv] extracting features...
  [Digitizer_run1436_subrun230.csv] extracting features...
  [Digitizer_run1436_subrun231.csv] extracting features...
  [Digitizer_run1436_subrun233.csv] extracting features...
  [Digitizer_run1436_subrun238.csv] extracting features...
  [Digitizer_run1436_subrun248.csv] extracting features...
  [Digitizer_run1436_subrun288.csv] extracting features...
  [Digitizer_run1436_subrun292.csv] extracting features...
  [Digitizer_run1436_subrun308.csv] extracting features...
  [Digitizer_run1436_subrun316.csv] extracting features...
  [Digitizer_run1436_subrun329.csv] extracting features...
  [Digitizer_run1436_subrun337.csv] extracting features...
  [Digitizer_run1436_subrun342.csv] extracting features...
  [Digitizer_run1436_subrun348.csv] extracting features...
  [Digitizer_run1436_subrun350.csv] extracting features...
  [Digitizer_run1436_subrun351.csv] extracting features...
  [Digitizer_run1436_subrun358.csv] extracting features...
  [Digitizer_run1436_subrun373.csv] extracting features...
  [Digitizer_run1436_subrun378.csv] extracting features...
  [Digitizer_run1436_subrun383.csv] extracting features...
  [Digitizer_run1436_subrun384.csv] extracting features...
  [Digitizer_run1436_subrun388.csv] extracting features...
  [Digitizer_run1436_subrun401.csv] extracting features...
  [Digitizer_run1436_subrun417.csv] extracting features...
  [Digitizer_run1436_subrun433.csv] extracting features...
  [Digitizer_run1437_subrun6.csv] extracting features...
  [Digitizer_run1437_subrun9.csv] extracting features...
  [Digitizer_run1437_subrun16.csv] extracting features...
  [Digitizer_run1437_subrun34.csv] extracting features...
  [Digitizer_run1437_subrun39.csv] extracting features...
  [Digitizer_run1437_subrun53.csv] extracting features...
  [Digitizer_run1437_subrun59.csv] extracting features...
  [Digitizer_run1443_subrun18.csv] extracting features...
  [Digitizer_run1443_subrun21.csv] extracting features...
  [Digitizer_run1443_subrun26.csv] extracting features...
  [Digitizer_run1443_subrun52.csv] extracting features...
  [Digitizer_run1443_subrun63.csv] extracting features...
  [Digitizer_run1443_subrun68.csv] extracting features...
  [Digitizer_run1443_subrun70.csv] extracting features...
  [Digitizer_run1443_subrun74.csv] extracting features...
  [Digitizer_run1443_subrun83.csv] extracting features...
  [Digitizer_run1443_subrun85.csv] extracting features...
  [Digitizer_run1443_subrun88.csv] extracting features...
  [Digitizer_run1443_subrun93.csv] extracting features...
  [Digitizer_run1443_subrun118.csv] extracting features...
  [Digitizer_run1443_subrun134.csv] extracting features...
  [Digitizer_run1443_subrun152.csv] extracting features...
  [Digitizer_run1443_subrun158.csv] extracting features...
  [Digitizer_run1443_subrun170.csv] extracting features...
  [Digitizer_run1443_subrun176.csv] extracting features...
  [Digitizer_run1443_subrun177.csv] extracting features...
  [Digitizer_run1443_subrun182.csv] extracting features...
  [Digitizer_run1443_subrun183.csv] extracting features...
  [Digitizer_run1443_subrun231.csv] extracting features...
  [Digitizer_run1443_subrun235.csv] extracting features...
  [Digitizer_run1443_subrun239.csv] extracting features...
  [Digitizer_run1443_subrun254.csv] extracting features...
  [Digitizer_run1443_subrun262.csv] extracting features...
  [Digitizer_run1443_subrun267.csv] extracting features...
  [Digitizer_run1443_subrun279.csv] extracting features...
  [Digitizer_run1443_subrun282.csv] extracting features...
  [Digitizer_run1443_subrun285.csv] extracting features...
  [Digitizer_run1443_subrun297.csv] extracting features...
  [Digitizer_run1443_subrun337.csv] extracting features...
  [Digitizer_run1443_subrun338.csv] extracting features...
  [Digitizer_run1443_subrun340.csv] extracting features...
  [Digitizer_run1443_subrun361.csv] extracting features...
  [Digitizer_run1443_subrun364.csv] extracting features...
  [Digitizer_run1443_subrun378.csv] extracting features...
  [Digitizer_run1443_subrun394.csv] extracting features...
  [Digitizer_run1443_subrun417.csv] extracting features...
  [Digitizer_run1443_subrun430.csv] extracting features...
  [Digitizer_run1443_subrun460.csv] extracting features...
  [Digitizer_run1443_subrun461.csv] extracting features...
  [Digitizer_run1448_subrun16.csv] extracting features...
  [Digitizer_run1448_subrun17.csv] extracting features...
  [Digitizer_run1448_subrun26.csv] extracting features...
  [Digitizer_run1457_subrun7.csv] extracting features...
  [Digitizer_run1457_subrun17.csv] extracting features...
  [Digitizer_run1457_subrun38.csv] extracting features...
  [Digitizer_run1457_subrun46.csv] extracting features...
  [Digitizer_run1457_subrun91.csv] extracting features...
  [Digitizer_run1457_subrun94.csv] extracting features...
  [Digitizer_run1457_subrun103.csv] extracting features...
  [Digitizer_run1457_subrun111.csv] extracting features...
  [Digitizer_run1457_subrun118.csv] extracting features...
  [Digitizer_run1457_subrun119.csv] extracting features...
  [Digitizer_run1457_subrun121.csv] extracting features...
  [Digitizer_run1457_subrun148.csv] extracting features...
  [Digitizer_run1457_subrun162.csv] extracting features...
  [Digitizer_run1457_subrun169.csv] extracting features...
  [Digitizer_run1457_subrun173.csv] extracting features...
  [Digitizer_run1457_subrun180.csv] extracting features...
  [Digitizer_run1457_subrun181.csv] extracting features...
  [Digitizer_run1457_subrun183.csv] extracting features...
  [Digitizer_run1457_subrun199.csv] extracting features...
  [Digitizer_run1457_subrun206.csv] extracting features...
  [Digitizer_run1457_subrun209.csv] extracting features...
  [Digitizer_run1457_subrun213.csv] extracting features...
  [Digitizer_run1457_subrun223.csv] extracting features...
  [Digitizer_run1457_subrun224.csv] extracting features...
  [Digitizer_run1457_subrun241.csv] extracting features...
  [Digitizer_run1457_subrun250.csv] extracting features...
  [Digitizer_run1457_subrun256.csv] extracting features...
  [Digitizer_run1457_subrun261.csv] extracting features...
  [Digitizer_run1457_subrun268.csv] extracting features...
  [Digitizer_run1457_subrun271.csv] extracting features...
  [Digitizer_run1457_subrun284.csv] extracting features...
  [Digitizer_run1457_subrun285.csv] extracting features...
  [Digitizer_run1457_subrun292.csv] extracting features...
  [Digitizer_run1457_subrun298.csv] extracting features...
  [Digitizer_run1457_subrun311.csv] extracting features...
  [Digitizer_run1457_subrun323.csv] extracting features...
  [Digitizer_run1457_subrun324.csv] extracting features...
  [Digitizer_run1457_subrun339.csv] extracting features...
  [Digitizer_run1457_subrun341.csv] extracting features...
  [Digitizer_run1457_subrun354.csv] extracting features...
  [Digitizer_run1457_subrun360.csv] extracting features...
  [Digitizer_run1457_subrun374.csv] extracting features...
  [Digitizer_run1457_subrun381.csv] extracting features...
  [Digitizer_run1457_subrun382.csv] extracting features...
  [Digitizer_run1457_subrun395.csv] extracting features...
  [Digitizer_run1457_subrun401.csv] extracting features...
  [Digitizer_run1457_subrun402.csv] extracting features...
  [Digitizer_run1457_subrun426.csv] extracting features...
  [Digitizer_run1457_subrun457.csv] extracting features...
  [Digitizer_run1457_subrun480.csv] extracting features...
  [Digitizer_run1457_subrun524.csv] extracting features...
  [Digitizer_run1457_subrun528.csv] extracting features...
  [Digitizer_run1457_subrun547.csv] extracting features...
  [Digitizer_run1457_subrun558.csv] extracting features...
  [Digitizer_run1457_subrun562.csv] extracting features...
  [Digitizer_run1457_subrun577.csv] extracting features...
  [Digitizer_run1458_subrun18.csv] extracting features...
  [Digitizer_run1458_subrun20.csv] extracting features...
  [Digitizer_run1458_subrun31.csv] extracting features...
  [Digitizer_run1458_subrun32.csv] extracting features...
  [Digitizer_run1458_subrun66.csv] extracting features...
  [Digitizer_run1458_subrun70.csv] extracting features...
  [Digitizer_run1458_subrun72.csv] extracting features...
  [Digitizer_run1458_subrun99.csv] extracting features...
  [Digitizer_run1458_subrun113.csv] extracting features...
  [Digitizer_run1458_subrun126.csv] extracting features...
  [Digitizer_run1458_subrun137.csv] extracting features...
  [Digitizer_run1458_subrun166.csv] extracting features...
  [Digitizer_run1458_subrun183.csv] extracting features...
  [Digitizer_run1458_subrun204.csv] extracting features...
  [Digitizer_run1458_subrun207.csv] extracting features...
  [Digitizer_run1458_subrun209.csv] extracting features...
  [Digitizer_run1458_subrun212.csv] extracting features...
  [Digitizer_run1458_subrun215.csv] extracting features...
  [Digitizer_run1458_subrun223.csv] extracting features...
  [Digitizer_run1458_subrun231.csv] extracting features...
  [Digitizer_run1458_subrun232.csv] extracting features...
  [Digitizer_run1458_subrun236.csv] extracting features...
  [Digitizer_run1458_subrun243.csv] extracting features...
  [Digitizer_run1458_subrun248.csv] extracting features...
  [Digitizer_run1458_subrun257.csv] extracting features...
  [Digitizer_run1458_subrun273.csv] extracting features...
  [Digitizer_run1458_subrun278.csv] extracting features...
  [Digitizer_run1458_subrun321.csv] extracting features...
  [Digitizer_run1458_subrun334.csv] extracting features...
  [Digitizer_run1458_subrun342.csv] extracting features...
  [Digitizer_run1458_subrun350.csv] extracting features...
  [Digitizer_run1458_subrun351.csv] extracting features...
  [Digitizer_run1458_subrun355.csv] extracting features...
  [Digitizer_run1458_subrun359.csv] extracting features...
  [Digitizer_run1458_subrun362.csv] extracting features...
  [Digitizer_run1458_subrun388.csv] extracting features...
  [Digitizer_run1458_subrun428.csv] extracting features...
  [Digitizer_run1458_subrun439.csv] extracting features...
  [Digitizer_run1458_subrun481.csv] extracting features...
  [Digitizer_run1458_subrun497.csv] extracting features...
  [Digitizer_run1458_subrun525.csv] extracting features...
  [Digitizer_run1458_subrun534.csv] extracting features...
  [Digitizer_run1458_subrun536.csv] extracting features...
  [Digitizer_run1458_subrun543.csv] extracting features...
  [Digitizer_run1458_subrun549.csv] extracting features...
  [Digitizer_run1458_subrun550.csv] extracting features...
  [Digitizer_run1458_subrun560.csv] extracting features...
  [Digitizer_run1458_subrun563.csv] extracting features...
  [Digitizer_run1458_subrun568.csv] extracting features...
  [Digitizer_run1458_subrun576.csv] extracting features...
  [Digitizer_run1459_subrun9.csv] extracting features...
  [Digitizer_run1459_subrun18.csv] extracting features...
  [Digitizer_run1459_subrun19.csv] extracting features...
  [Digitizer_run1459_subrun22.csv] extracting features...
  [Digitizer_run1459_subrun27.csv] extracting features...
  [Digitizer_run1459_subrun44.csv] extracting features...
  [Digitizer_run1459_subrun62.csv] extracting features...
  [Digitizer_run1459_subrun83.csv] extracting features...
  [Digitizer_run1459_subrun88.csv] extracting features...
  [Digitizer_run1459_subrun99.csv] extracting features...
  [Digitizer_run1459_subrun102.csv] extracting features...
  [Digitizer_run1459_subrun110.csv] extracting features...
  [Digitizer_run1459_subrun112.csv] extracting features...
  [Digitizer_run1459_subrun115.csv] extracting features...
  [Digitizer_run1459_subrun125.csv] extracting features...
  [Digitizer_run1459_subrun128.csv] extracting features...
  [Digitizer_run1459_subrun130.csv] extracting features...
  [Digitizer_run1459_subrun147.csv] extracting features...
  [Digitizer_run1459_subrun161.csv] extracting features...
  [Digitizer_run1459_subrun169.csv] extracting features...
  [Digitizer_run1459_subrun174.csv] extracting features...
  [Digitizer_run1459_subrun190.csv] extracting features...
  [Digitizer_run1459_subrun197.csv] extracting features...
  [Digitizer_run1459_subrun198.csv] extracting features...
  [Digitizer_run1459_subrun200.csv] extracting features...
  [Digitizer_run1459_subrun214.csv] extracting features...
  [Digitizer_run1459_subrun244.csv] extracting features...
  [Digitizer_run1459_subrun245.csv] extracting features...
  [Digitizer_run1459_subrun250.csv] extracting features...
  [Digitizer_run1459_subrun267.csv] extracting features...
  [Digitizer_run1459_subrun269.csv] extracting features...
  [Digitizer_run1459_subrun287.csv] extracting features...
  [Digitizer_run1459_subrun295.csv] extracting features...
  [Digitizer_run1459_subrun310.csv] extracting features...
  [Digitizer_run1459_subrun314.csv] extracting features...
  [Digitizer_run1459_subrun335.csv] extracting features...
  [Digitizer_run1459_subrun338.csv] extracting features...
  [Digitizer_run1459_subrun348.csv] extracting features...
  [Digitizer_run1459_subrun352.csv] extracting features...
  [Digitizer_run1459_subrun369.csv] extracting features...
  [Digitizer_run1459_subrun374.csv] extracting features...
  [Digitizer_run1459_subrun376.csv] extracting features...
  [Digitizer_run1459_subrun381.csv] extracting features...
  [Digitizer_run1459_subrun400.csv] extracting features...
  [Digitizer_run1459_subrun406.csv] extracting features...
  [Digitizer_run1459_subrun427.csv] extracting features...
  [Digitizer_run1459_subrun436.csv] extracting features...
  [Digitizer_run1459_subrun438.csv] extracting features...
  [Digitizer_run1459_subrun440.csv] extracting features...
  [Digitizer_run1459_subrun447.csv] extracting features...
  [Digitizer_run1459_subrun448.csv] extracting features...
  [Digitizer_run1459_subrun451.csv] extracting features...
  [Digitizer_run1459_subrun459.csv] extracting features...
  [Digitizer_run1459_subrun477.csv] extracting features...
  [Digitizer_run1459_subrun513.csv] extracting features...
  [Digitizer_run1459_subrun528.csv] extracting features...
  [Digitizer_run1459_subrun587.csv] extracting features...
  [Digitizer_run1459_subrun590.csv] extracting features...
  [Digitizer_run1500_subrun3.csv] extracting features...
  [Digitizer_run1500_subrun11.csv] extracting features...
  [Digitizer_run1500_subrun13.csv] extracting features...
  [Digitizer_run1500_subrun15.csv] extracting features...
  [Digitizer_run1500_subrun20.csv] extracting features...
  [Digitizer_run1500_subrun28.csv] extracting features...
  [Digitizer_run1500_subrun29.csv] extracting features...
  [Digitizer_run1500_subrun30.csv] extracting features...
  [Digitizer_run1500_subrun40.csv] extracting features...
  [Digitizer_run1500_subrun51.csv] extracting features...
  [Digitizer_run1500_subrun58.csv] extracting features...
  [Digitizer_run1500_subrun68.csv] extracting features...
  [Digitizer_run1500_subrun69.csv] extracting features...
  [Digitizer_run1500_subrun79.csv] extracting features...
  [Digitizer_run1500_subrun83.csv] extracting features...
  [Digitizer_run1500_subrun84.csv] extracting features...
  [Digitizer_run1501_subrun7.csv] extracting features...
  [Digitizer_run1501_subrun16.csv] extracting features...
  [Digitizer_run1501_subrun22.csv] extracting features...
  [Digitizer_run1501_subrun26.csv] extracting features...
  [Digitizer_run1501_subrun36.csv] extracting features...
  [Digitizer_run1501_subrun48.csv] extracting features...
  [Digitizer_run1501_subrun52.csv] extracting features...
  [Digitizer_run1501_subrun53.csv] extracting features...
  [Digitizer_run1501_subrun67.csv] extracting features...
  [Digitizer_run1501_subrun69.csv] extracting features...
  [Digitizer_run1501_subrun70.csv] extracting features...
  [Digitizer_run1501_subrun107.csv] extracting features...
  [Digitizer_run1501_subrun132.csv] extracting features...
  [Digitizer_run1501_subrun166.csv] extracting features...
  [Digitizer_run1501_subrun180.csv] extracting features...
  [Digitizer_run1501_subrun196.csv] extracting features...
  [Digitizer_run1501_subrun206.csv] extracting features...
  [Digitizer_run1501_subrun213.csv] extracting features...
  [Digitizer_run1501_subrun225.csv] extracting features...
  [Digitizer_run1501_subrun238.csv] extracting features...
  [Digitizer_run1501_subrun249.csv] extracting features...
  [Digitizer_run1501_subrun259.csv] extracting features...
  [Digitizer_run1501_subrun267.csv] extracting features...
  [Digitizer_run1501_subrun268.csv] extracting features...
  [Digitizer_run1501_subrun269.csv] extracting features...
  [Digitizer_run1501_subrun273.csv] extracting features...
  [Digitizer_run1501_subrun276.csv] extracting features...
  [Digitizer_run1501_subrun279.csv] extracting features...
  [Digitizer_run1501_subrun283.csv] extracting features...
  [Digitizer_run1501_subrun285.csv] extracting features...
  [Digitizer_run1501_subrun286.csv] extracting features...
  [Digitizer_run1501_subrun305.csv] extracting features...
  [Digitizer_run1501_subrun308.csv] extracting features...
  [Digitizer_run1501_subrun309.csv] extracting features...
  [Digitizer_run1501_subrun311.csv] extracting features...
  [Digitizer_run1501_subrun320.csv] extracting features...
  [Digitizer_run1501_subrun331.csv] extracting features...
  [Digitizer_run1501_subrun349.csv] extracting features...
  [Digitizer_run1501_subrun356.csv] extracting features...
  [Digitizer_run1501_subrun359.csv] extracting features...
  [Digitizer_run1501_subrun372.csv] extracting features...
  [Digitizer_run1501_subrun385.csv] extracting features...
  [Digitizer_run1501_subrun394.csv] extracting features...
  [Digitizer_run1501_subrun396.csv] extracting features...
  [Digitizer_run1501_subrun405.csv] extracting features...
  [Digitizer_run1501_subrun413.csv] extracting features...
  [Digitizer_run1501_subrun428.csv] extracting features...
  [Digitizer_run1501_subrun433.csv] extracting features...
  [Digitizer_run1501_subrun440.csv] extracting features...
  [Digitizer_run1501_subrun460.csv] extracting features...
  [Digitizer_run1501_subrun464.csv] extracting features...
  [Digitizer_run1501_subrun467.csv] extracting features...
  [Digitizer_run1501_subrun477.csv] extracting features...
  [Digitizer_run1501_subrun486.csv] extracting features...
  [Digitizer_run1501_subrun488.csv] extracting features...
  [Digitizer_run1501_subrun491.csv] extracting features...
  [Digitizer_run1501_subrun492.csv] extracting features...
  [Digitizer_run1501_subrun496.csv] extracting features...
  [Digitizer_run1501_subrun497.csv] extracting features...
  [Digitizer_run1501_subrun498.csv] extracting features...
  [Digitizer_run1501_subrun503.csv] extracting features...
  [Digitizer_run1501_subrun507.csv] extracting features...
  [Digitizer_run1501_subrun515.csv] extracting features...
  [Digitizer_run1501_subrun550.csv] extracting features...
  [Digitizer_run1502_subrun4.csv] extracting features...
  [Digitizer_run1502_subrun6.csv] extracting features...
  [Digitizer_run1502_subrun8.csv] extracting features...
  [Digitizer_run1502_subrun21.csv] extracting features...
  [Digitizer_run1502_subrun30.csv] extracting features...
  [Digitizer_run1502_subrun41.csv] extracting features...
  [Digitizer_run1502_subrun45.csv] extracting features...
  [Digitizer_run1502_subrun53.csv] extracting features...
  [Digitizer_run1502_subrun72.csv] extracting features...
  [Digitizer_run1502_subrun80.csv] extracting features...
  [Digitizer_run1502_subrun91.csv] extracting features...
  [Digitizer_run1502_subrun92.csv] extracting features...
  [Digitizer_run1502_subrun94.csv] extracting features...
  [Digitizer_run1502_subrun100.csv] extracting features...
  [Digitizer_run1502_subrun113.csv] extracting features...
  [Digitizer_run1502_subrun143.csv] extracting features...
  [Digitizer_run1502_subrun153.csv] extracting features...
  [Digitizer_run1502_subrun158.csv] extracting features...
  [Digitizer_run1502_subrun175.csv] extracting features...
  [Digitizer_run1502_subrun180.csv] extracting features...
  [Digitizer_run1502_subrun192.csv] extracting features...
  [Digitizer_run1502_subrun216.csv] extracting features...
  [Digitizer_run1502_subrun225.csv] extracting features...
  [Digitizer_run1502_subrun233.csv] extracting features...
  [Digitizer_run1502_subrun243.csv] extracting features...
  [Digitizer_run1502_subrun261.csv] extracting features...
  [Digitizer_run1502_subrun263.csv] extracting features...
  [Digitizer_run1502_subrun264.csv] extracting features...
  [Digitizer_run1502_subrun277.csv] extracting features...
  [Digitizer_run1502_subrun278.csv] extracting features...
  [Digitizer_run1502_subrun287.csv] extracting features...
  [Digitizer_run1502_subrun292.csv] extracting features...
  [Digitizer_run1502_subrun302.csv] extracting features...
  [Digitizer_run1502_subrun313.csv] extracting features...
  [Digitizer_run1502_subrun324.csv] extracting features...
  [Digitizer_run1502_subrun328.csv] extracting features...
  [Digitizer_run1502_subrun350.csv] extracting features...
  [Digitizer_run1502_subrun354.csv] extracting features...
  [Digitizer_run1502_subrun372.csv] extracting features...
  [Digitizer_run1502_subrun375.csv] extracting features...
  [Digitizer_run1502_subrun388.csv] extracting features...
  [Digitizer_run1502_subrun395.csv] extracting features...
  [Digitizer_run1502_subrun410.csv] extracting features...
  [Digitizer_run1502_subrun411.csv] extracting features...
  [Digitizer_run1502_subrun422.csv] extracting features...
  [Digitizer_run1502_subrun439.csv] extracting features...
  [Digitizer_run1502_subrun457.csv] extracting features...
  [Digitizer_run1502_subrun463.csv] extracting features...
  [Digitizer_run1502_subrun468.csv] extracting features...
  [Digitizer_run1502_subrun479.csv] extracting features...
  [Digitizer_run1502_subrun483.csv] extracting features...
  [Digitizer_run1502_subrun510.csv] extracting features...
  [Digitizer_run1502_subrun511.csv] extracting features...
  [Digitizer_run1502_subrun515.csv] extracting features...
  [Digitizer_run1502_subrun519.csv] extracting features...
  [Digitizer_run1502_subrun525.csv] extracting features...
  [Digitizer_run1502_subrun527.csv] extracting features...
  [Digitizer_run1502_subrun540.csv] extracting features...
  [Digitizer_run1502_subrun541.csv] extracting features...
  [Digitizer_run1502_subrun552.csv] extracting features...
  [Digitizer_run1502_subrun555.csv] extracting features...
  [Digitizer_run1502_subrun560.csv] extracting features...
  [Digitizer_run1502_subrun570.csv] extracting features...
  [Digitizer_run1502_subrun585.csv] extracting features...
  [Digitizer_run1502_subrun610.csv] extracting features...
  [Digitizer_run1502_subrun632.csv] extracting features...
  [Digitizer_run1502_subrun644.csv] extracting features...
  [Digitizer_run1502_subrun651.csv] extracting features...
  [Digitizer_run1502_subrun652.csv] extracting features...
  [Digitizer_run1503_subrun4.csv] extracting features...
  [Digitizer_run1503_subrun18.csv] extracting features...
  [Digitizer_run1503_subrun21.csv] extracting features...
  [Digitizer_run1503_subrun22.csv] extracting features...
  [Digitizer_run1503_subrun33.csv] extracting features...
  [Digitizer_run1503_subrun52.csv] extracting features...
  [Digitizer_run1503_subrun63.csv] extracting features...
  [Digitizer_run1503_subrun71.csv] extracting features...
  [Digitizer_run1503_subrun86.csv] extracting features...
  [Digitizer_run1503_subrun91.csv] extracting features...
  [Digitizer_run1503_subrun111.csv] extracting features...
  [Digitizer_run1503_subrun117.csv] extracting features...
  [Digitizer_run1503_subrun121.csv] extracting features...
  [Digitizer_run1503_subrun127.csv] extracting features...
  [Digitizer_run1503_subrun129.csv] extracting features...
  [Digitizer_run1503_subrun133.csv] extracting features...
  [Digitizer_run1503_subrun147.csv] extracting features...
  [Digitizer_run1503_subrun150.csv] extracting features...
  [Digitizer_run1503_subrun154.csv] extracting features...
  [Digitizer_run1503_subrun168.csv] extracting features...
  [Digitizer_run1503_subrun172.csv] extracting features...
  [Digitizer_run1503_subrun199.csv] extracting features...
  [Digitizer_run1503_subrun210.csv] extracting features...
  [Digitizer_run1503_subrun215.csv] extracting features...
  [Digitizer_run1503_subrun219.csv] extracting features...
  [Digitizer_run1503_subrun222.csv] extracting features...
  [Digitizer_run1503_subrun237.csv] extracting features...
  [Digitizer_run1503_subrun247.csv] extracting features...
  [Digitizer_run1503_subrun254.csv] extracting features...
  [Digitizer_run1503_subrun267.csv] extracting features...
  [Digitizer_run1503_subrun276.csv] extracting features...
  [Digitizer_run1503_subrun281.csv] extracting features...
  [Digitizer_run1503_subrun282.csv] extracting features...
  [Digitizer_run1503_subrun284.csv] extracting features...
  [Digitizer_run1503_subrun290.csv] extracting features...
  [Digitizer_run1503_subrun298.csv] extracting features...
  [Digitizer_run1503_subrun325.csv] extracting features...
  [Digitizer_run1503_subrun340.csv] extracting features...
  [Digitizer_run1503_subrun343.csv] extracting features...
  [Digitizer_run1503_subrun362.csv] extracting features...
  [Digitizer_run1503_subrun371.csv] extracting features...
  [Digitizer_run1503_subrun396.csv] extracting features...
  [Digitizer_run1503_subrun408.csv] extracting features...
  [Digitizer_run1503_subrun426.csv] extracting features...
  [Digitizer_run1503_subrun436.csv] extracting features...
  [Digitizer_run1503_subrun441.csv] extracting features...
  [Digitizer_run1503_subrun461.csv] extracting features...
  [Digitizer_run1503_subrun471.csv] extracting features...
  [Digitizer_run1503_subrun472.csv] extracting features...
  [Digitizer_run1503_subrun503.csv] extracting features...
  [Digitizer_run1503_subrun513.csv] extracting features...
  [Digitizer_run1503_subrun522.csv] extracting features...
  [Digitizer_run1503_subrun529.csv] extracting features...
  [Digitizer_run1503_subrun571.csv] extracting features...
  [Digitizer_run1503_subrun590.csv] extracting features...
  [Digitizer_run1503_subrun621.csv] extracting features...
  [Digitizer_run1503_subrun634.csv] extracting features...
  [Digitizer_run1503_subrun636.csv] extracting features...
  [Digitizer_run1503_subrun639.csv] extracting features...
  [Digitizer_run1503_subrun643.csv] extracting features...
  [Digitizer_run1503_subrun656.csv] extracting features...
  [Digitizer_run1503_subrun676.csv] extracting features...
  [Digitizer_run1503_subrun683.csv] extracting features...
  [Digitizer_run1504_subrun2.csv] extracting features...
  [Digitizer_run1504_subrun68.csv] extracting features...
  [Digitizer_run1504_subrun71.csv] extracting features...
  [Digitizer_run1504_subrun74.csv] extracting features...
  [Digitizer_run1504_subrun79.csv] extracting features...
  [Digitizer_run1504_subrun90.csv] extracting features...
  [Digitizer_run1504_subrun96.csv] extracting features...
  [Digitizer_run1504_subrun143.csv] extracting features...
  [Digitizer_run1504_subrun151.csv] extracting features...
  [Digitizer_run1504_subrun174.csv] extracting features...
  [Digitizer_run1504_subrun205.csv] extracting features...
  [Digitizer_run1504_subrun226.csv] extracting features...
  [Digitizer_run1504_subrun234.csv] extracting features...
  [Digitizer_run1504_subrun236.csv] extracting features...
  [Digitizer_run1504_subrun241.csv] extracting features...
  [Digitizer_run1504_subrun249.csv] extracting features...
  [Digitizer_run1504_subrun251.csv] extracting features...
  [Digitizer_run1504_subrun252.csv] extracting features...
  [Digitizer_run1504_subrun257.csv] extracting features...
  [Digitizer_run1504_subrun271.csv] extracting features...
  [Digitizer_run1504_subrun277.csv] extracting features...
  [Digitizer_run1504_subrun292.csv] extracting features...
  [Digitizer_run1504_subrun299.csv] extracting features...
  [Digitizer_run1504_subrun300.csv] extracting features...
  [Digitizer_run1504_subrun309.csv] extracting features...
  [Digitizer_run1504_subrun316.csv] extracting features...
  [Digitizer_run1504_subrun329.csv] extracting features...
  [Digitizer_run1504_subrun336.csv] extracting features...
  [Digitizer_run1504_subrun350.csv] extracting features...
  [Digitizer_run1504_subrun396.csv] extracting features...
  [Digitizer_run1504_subrun406.csv] extracting features...
  [Digitizer_run1504_subrun414.csv] extracting features...
  [Digitizer_run1504_subrun421.csv] extracting features...
  [Digitizer_run1504_subrun480.csv] extracting features...
  [Digitizer_run1504_subrun507.csv] extracting features...
  [Digitizer_run1504_subrun509.csv] extracting features...
  [Digitizer_run1504_subrun523.csv] extracting features...
  [Digitizer_run1504_subrun537.csv] extracting features...
  [Digitizer_run1504_subrun553.csv] extracting features...
  [Digitizer_run1504_subrun562.csv] extracting features...
  [Digitizer_run1504_subrun568.csv] extracting features...
  [Digitizer_run1504_subrun572.csv] extracting features...
  [Digitizer_run1504_subrun573.csv] extracting features...
  [Digitizer_run1504_subrun586.csv] extracting features...
  [Digitizer_run1504_subrun590.csv] extracting features...
  [Digitizer_run1504_subrun595.csv] extracting features...
  [Digitizer_run1504_subrun597.csv] extracting features...
  [Digitizer_run1504_subrun617.csv] extracting features...
  [Digitizer_run1504_subrun619.csv] extracting features...
  [Digitizer_run1504_subrun621.csv] extracting features...
  [Digitizer_run1504_subrun640.csv] extracting features...
  [Digitizer_run1504_subrun647.csv] extracting features...
  [Digitizer_run1504_subrun649.csv] extracting features...
  [Digitizer_run1504_subrun650.csv] extracting features...
  [Digitizer_run1505_subrun10.csv] extracting features...
  [Digitizer_run1505_subrun15.csv] extracting features...
  [Digitizer_run1505_subrun26.csv] extracting features...
  [Digitizer_run1505_subrun35.csv] extracting features...
  [Digitizer_run1505_subrun41.csv] extracting features...
  [Digitizer_run1505_subrun47.csv] extracting features...
  [Digitizer_run1505_subrun48.csv] extracting features...
  [Digitizer_run1505_subrun50.csv] extracting features...
  [Digitizer_run1505_subrun74.csv] extracting features...
  [Digitizer_run1505_subrun87.csv] extracting features...
  [Digitizer_run1505_subrun92.csv] extracting features...
  [Digitizer_run1505_subrun101.csv] extracting features...
  [Digitizer_run1505_subrun102.csv] extracting features...
  [Digitizer_run1506_subrun6.csv] extracting features...
  [Digitizer_run1506_subrun21.csv] extracting features...
  [Digitizer_run1506_subrun41.csv] extracting features...
  [Digitizer_run1506_subrun48.csv] extracting features...
  [Digitizer_run1506_subrun49.csv] extracting features...
  [Digitizer_run1506_subrun58.csv] extracting features...
  [Digitizer_run1506_subrun63.csv] extracting features...
  [Digitizer_run1506_subrun69.csv] extracting features...
  [Digitizer_run1507_subrun32.csv] extracting features...
  [Digitizer_run1507_subrun35.csv] extracting features...
  [Digitizer_run1507_subrun40.csv] extracting features...
  [Digitizer_run1507_subrun49.csv] extracting features...
  [Digitizer_run1507_subrun50.csv] extracting features...
  [Digitizer_run1507_subrun55.csv] extracting features...
  [Digitizer_run1507_subrun73.csv] extracting features...
  [Digitizer_run1507_subrun79.csv] extracting features...
  [Digitizer_run1507_subrun83.csv] extracting features...
  [Digitizer_run1507_subrun91.csv] extracting features...
  [Digitizer_run1507_subrun97.csv] extracting features...
  [Digitizer_run1507_subrun99.csv] extracting features...
  [Digitizer_run1514_subrun5.csv] extracting features...
  [Digitizer_run1514_subrun31.csv] extracting features...
  [Digitizer_run1514_subrun37.csv] extracting features...
  [Digitizer_run1514_subrun57.csv] extracting features...
  [Digitizer_run1514_subrun73.csv] extracting features...
  [Digitizer_run1514_subrun84.csv] extracting features...
  [Digitizer_run1514_subrun85.csv] extracting features...
  [Digitizer_run1514_subrun89.csv] extracting features...
  [Digitizer_run1514_subrun92.csv] extracting features...
  [Digitizer_run1514_subrun108.csv] extracting features...
  [Digitizer_run1514_subrun110.csv] extracting features...
  [Digitizer_run1514_subrun129.csv] extracting features...
  [Digitizer_run1514_subrun133.csv] extracting features...
  [Digitizer_run1514_subrun145.csv] extracting features...
  [Digitizer_run1514_subrun169.csv] extracting features...
  [Digitizer_run1514_subrun177.csv] extracting features...
  [Digitizer_run1514_subrun186.csv] extracting features...
  [Digitizer_run1514_subrun190.csv] extracting features...
  [Digitizer_run1514_subrun202.csv] extracting features...
  [Digitizer_run1514_subrun203.csv] extracting features...
  [Digitizer_run1514_subrun207.csv] extracting features...
  [Digitizer_run1514_subrun208.csv] extracting features...
  [Digitizer_run1514_subrun211.csv] extracting features...
  [Digitizer_run1514_subrun216.csv] extracting features...
  [Digitizer_run1514_subrun239.csv] extracting features...
  [Digitizer_run1514_subrun244.csv] extracting features...
  [Digitizer_run1514_subrun245.csv] extracting features...
  [Digitizer_run1514_subrun246.csv] extracting features...
  [Digitizer_run1514_subrun262.csv] extracting features...
  [Digitizer_run1514_subrun273.csv] extracting features...
  [Digitizer_run1514_subrun280.csv] extracting features...
  [Digitizer_run1514_subrun283.csv] extracting features...
  [Digitizer_run1514_subrun317.csv] extracting features...
  [Digitizer_run1514_subrun323.csv] extracting features...
  [Digitizer_run1514_subrun326.csv] extracting features...
  [Digitizer_run1514_subrun335.csv] extracting features...
  [Digitizer_run1514_subrun336.csv] extracting features...
  [Digitizer_run1514_subrun343.csv] extracting features...
  [Digitizer_run1514_subrun345.csv] extracting features...
  [Digitizer_run1514_subrun353.csv] extracting features...
  [Digitizer_run1514_subrun362.csv] extracting features...
  [Digitizer_run1514_subrun407.csv] extracting features...
  [Digitizer_run1514_subrun420.csv] extracting features...
  [Digitizer_run1520_subrun21.csv] extracting features...
  [Digitizer_run1520_subrun29.csv] extracting features...
  [Digitizer_run1520_subrun38.csv] extracting features...
  [Digitizer_run1528_subrun9.csv] extracting features...
  [Digitizer_run1528_subrun17.csv] extracting features...
  [Digitizer_run1528_subrun21.csv] extracting features...
  [Digitizer_run1528_subrun33.csv] extracting features...
  [Digitizer_run1528_subrun64.csv] extracting features...
  [Digitizer_run1528_subrun69.csv] extracting features...
  [Digitizer_run1528_subrun70.csv] extracting features...
  [Digitizer_run1528_subrun74.csv] extracting features...
  [Digitizer_run1528_subrun85.csv] extracting features...
  [Digitizer_run1528_subrun87.csv] extracting features...
  [Digitizer_run1528_subrun90.csv] extracting features...
  [Digitizer_run1528_subrun96.csv] extracting features...
  [Digitizer_run1528_subrun97.csv] extracting features...
  [Digitizer_run1528_subrun114.csv] extracting features...
  [Digitizer_run1528_subrun119.csv] extracting features...
  [Digitizer_run1528_subrun122.csv] extracting features...
  [Digitizer_run1528_subrun127.csv] extracting features...
  [Digitizer_run1528_subrun144.csv] extracting features...
  [Digitizer_run1528_subrun153.csv] extracting features...
  [Digitizer_run1528_subrun163.csv] extracting features...
  [Digitizer_run1528_subrun168.csv] extracting features...
  [Digitizer_run1528_subrun177.csv] extracting features...
  [Digitizer_run1528_subrun198.csv] extracting features...
  [Digitizer_run1528_subrun202.csv] extracting features...
  [Digitizer_run1528_subrun207.csv] extracting features...
  [Digitizer_run1528_subrun211.csv] extracting features...
  [Digitizer_run1528_subrun217.csv] extracting features...
  [Digitizer_run1528_subrun249.csv] extracting features...
  [Digitizer_run1528_subrun250.csv] extracting features...
  [Digitizer_run1528_subrun251.csv] extracting features...
  [Digitizer_run1528_subrun254.csv] extracting features...
  [Digitizer_run1528_subrun256.csv] extracting features...
  [Digitizer_run1528_subrun257.csv] extracting features...
  [Digitizer_run1528_subrun271.csv] extracting features...
  [Digitizer_run1528_subrun289.csv] extracting features...
  [Digitizer_run1528_subrun295.csv] extracting features...
  [Digitizer_run1528_subrun306.csv] extracting features...
  [Digitizer_run1528_subrun317.csv] extracting features...
  [Digitizer_run1528_subrun328.csv] extracting features...
  [Digitizer_run1528_subrun330.csv] extracting features...
  [Digitizer_run1528_subrun337.csv] extracting features...
  [Digitizer_run1528_subrun338.csv] extracting features...
  [Digitizer_run1528_subrun343.csv] extracting features...
  [Digitizer_run1528_subrun346.csv] extracting features...
  [Digitizer_run1528_subrun349.csv] extracting features...
  [Digitizer_run1528_subrun374.csv] extracting features...
  [Digitizer_run1528_subrun382.csv] extracting features...
  [Digitizer_run1528_subrun387.csv] extracting features...
  [Digitizer_run1528_subrun390.csv] extracting features...
  [Digitizer_run1528_subrun391.csv] extracting features...
  [Digitizer_run1528_subrun396.csv] extracting features...
  [Digitizer_run1528_subrun415.csv] extracting features...
  [Digitizer_run1528_subrun422.csv] extracting features...
  [Digitizer_run1528_subrun425.csv] extracting features...
  [Digitizer_run1528_subrun438.csv] extracting features...
  [Digitizer_run1528_subrun449.csv] extracting features...
  [Digitizer_run1528_subrun452.csv] extracting features...
  [Digitizer_run1529_subrun12.csv] extracting features...
  [Digitizer_run1529_subrun28.csv] extracting features...
  [Digitizer_run1529_subrun72.csv] extracting features...
  [Digitizer_run1530_subrun8.csv] extracting features...
  [Digitizer_run1530_subrun24.csv] extracting features...
  [Digitizer_run1530_subrun36.csv] extracting features...
  [Digitizer_run1530_subrun38.csv] extracting features...
  [Digitizer_run1532_subrun3.csv] extracting features...
  [Digitizer_run1532_subrun5.csv] extracting features...
  [Digitizer_run1532_subrun17.csv] extracting features...
  [Digitizer_run1532_subrun20.csv] extracting features...
  [Digitizer_run1532_subrun26.csv] extracting features...
  [Digitizer_run1532_subrun37.csv] extracting features...
  [Digitizer_run1532_subrun53.csv] extracting features...
  [Digitizer_run1532_subrun59.csv] extracting features...
  [Digitizer_run1532_subrun64.csv] extracting features...
  [Digitizer_run1532_subrun69.csv] extracting features...
  [Digitizer_run1532_subrun70.csv] extracting features...
  [Digitizer_run1532_subrun87.csv] extracting features...
  [Digitizer_run1532_subrun97.csv] extracting features...
  [Digitizer_run1532_subrun107.csv] extracting features...
  [Digitizer_run1532_subrun108.csv] extracting features...
  [Digitizer_run1532_subrun122.csv] extracting features...
  [Digitizer_run1532_subrun151.csv] extracting features...
  [Digitizer_run1532_subrun158.csv] extracting features...
  [Digitizer_run1532_subrun166.csv] extracting features...
  [Digitizer_run1532_subrun167.csv] extracting features...
  [Digitizer_run1532_subrun184.csv] extracting features...
  [Digitizer_run1532_subrun186.csv] extracting features...
  [Digitizer_run1532_subrun235.csv] extracting features...
  [Digitizer_run1532_subrun237.csv] extracting features...
  [Digitizer_run1532_subrun249.csv] extracting features...
  [Digitizer_run1532_subrun269.csv] extracting features...
  [Digitizer_run1532_subrun271.csv] extracting features...
  [Digitizer_run1532_subrun299.csv] extracting features...
  [Digitizer_run1532_subrun308.csv] extracting features...
  [Digitizer_run1532_subrun340.csv] extracting features...
  [Digitizer_run1532_subrun349.csv] extracting features...
  [Digitizer_run1532_subrun350.csv] extracting features...
  [Digitizer_run1532_subrun358.csv] extracting features...
  [Digitizer_run1532_subrun359.csv] extracting features...
  [Digitizer_run1532_subrun378.csv] extracting features...
  [Digitizer_run1532_subrun387.csv] extracting features...
  [Digitizer_run1532_subrun388.csv] extracting features...
  [Digitizer_run1532_subrun390.csv] extracting features...
  [Digitizer_run1532_subrun397.csv] extracting features...
  [Digitizer_run1532_subrun407.csv] extracting features...
  [Digitizer_run1532_subrun416.csv] extracting features...
  [Digitizer_run1532_subrun418.csv] extracting features...
  [Digitizer_run1532_subrun445.csv] extracting features...
  [Digitizer_run1532_subrun449.csv] extracting features...
  [Digitizer_run1532_subrun493.csv] extracting features...
  [Digitizer_run1532_subrun501.csv] extracting features...
  [Digitizer_run1532_subrun515.csv] extracting features...
  [Digitizer_run1532_subrun534.csv] extracting features...
  [Digitizer_run1532_subrun549.csv] extracting features...
  [Digitizer_run1532_subrun556.csv] extracting features...
  [Digitizer_run1532_subrun564.csv] extracting features...
  [Digitizer_run1532_subrun572.csv] extracting features...
  [Digitizer_run1532_subrun588.csv] extracting features...
  [Digitizer_run1532_subrun610.csv] extracting features...
  [Digitizer_run1532_subrun618.csv] extracting features...
  [Digitizer_run1532_subrun631.csv] extracting features...
  [Digitizer_run1532_subrun636.csv] extracting features...
  [Digitizer_run1532_subrun666.csv] extracting features...
  [Digitizer_run1532_subrun688.csv] extracting features...
  [Digitizer_run1532_subrun716.csv] extracting features...
  [Digitizer_run1532_subrun737.csv] extracting features...
  [Digitizer_run1532_subrun740.csv] extracting features...
  [Digitizer_run1532_subrun761.csv] extracting features...
  [Digitizer_run1532_subrun771.csv] extracting features...
  [Digitizer_run1532_subrun774.csv] extracting features...
  [Digitizer_run1532_subrun777.csv] extracting features...
  [Digitizer_run1532_subrun803.csv] extracting features...
  [Digitizer_run1532_subrun804.csv] extracting features...
  [Digitizer_run1532_subrun818.csv] extracting features...
  [Digitizer_run1532_subrun827.csv] extracting features...
  [Digitizer_run1532_subrun857.csv] extracting features...
  [Digitizer_run1532_subrun863.csv] extracting features...
  [Digitizer_run1532_subrun864.csv] extracting features...
  [Digitizer_run1532_subrun875.csv] extracting features...
  [Digitizer_run1532_subrun886.csv] extracting features...
  [Digitizer_run1532_subrun895.csv] extracting features...
  [Digitizer_run1532_subrun896.csv] extracting features...
  [Digitizer_run1532_subrun899.csv] extracting features...
  [Digitizer_run1532_subrun902.csv] extracting features...
  [Digitizer_run1532_subrun909.csv] extracting features...
  [Digitizer_run1532_subrun913.csv] extracting features...
  [Digitizer_run1532_subrun914.csv] extracting features...
  [Digitizer_run1532_subrun916.csv] extracting features...
  [Digitizer_run1532_subrun926.csv] extracting features...
  [Digitizer_run1532_subrun928.csv] extracting features...
  [Digitizer_run1532_subrun935.csv] extracting features...
  [Digitizer_run1532_subrun944.csv] extracting features...
  [Digitizer_run1532_subrun970.csv] extracting features...
  [Digitizer_run1532_subrun1015.csv] extracting features...
  [Digitizer_run1532_subrun1018.csv] extracting features...
  [Digitizer_run1532_subrun1027.csv] extracting features...
  [Digitizer_run1532_subrun1056.csv] extracting features...
  [Digitizer_run1532_subrun1057.csv] extracting features...
  [Digitizer_run1532_subrun1087.csv] extracting features...
  [Digitizer_run1535_subrun2.csv] extracting features...
  [Digitizer_run1535_subrun8.csv] extracting features...
  [Digitizer_run1535_subrun13.csv] extracting features...
  [Digitizer_run1535_subrun14.csv] extracting features...
  [Digitizer_run1535_subrun22.csv] extracting features...
  [Digitizer_run1535_subrun30.csv] extracting features...
  [Digitizer_run1535_subrun39.csv] extracting features...
  [Digitizer_run1535_subrun44.csv] extracting features...
  [Digitizer_run1535_subrun46.csv] extracting features...
  [Digitizer_run1535_subrun48.csv] extracting features...
  [Digitizer_run1535_subrun52.csv] extracting features...
  [Digitizer_run1535_subrun56.csv] extracting features...
  [Digitizer_run1535_subrun68.csv] extracting features...
  [Digitizer_run1535_subrun70.csv] extracting features...
  [Digitizer_run1535_subrun72.csv] extracting features...
  [Digitizer_run1535_subrun79.csv] extracting features...
  [Digitizer_run1535_subrun87.csv] extracting features...
  [Digitizer_run1535_subrun91.csv] extracting features...
  [Digitizer_run1535_subrun101.csv] extracting features...
  [Digitizer_run1535_subrun110.csv] extracting features...
  [Digitizer_run1535_subrun111.csv] extracting features...
  [Digitizer_run1535_subrun133.csv] extracting features...
  [Digitizer_run1535_subrun140.csv] extracting features...
  [Digitizer_run1535_subrun151.csv] extracting features...
  [Digitizer_run1535_subrun167.csv] extracting features...
  [Digitizer_run1535_subrun188.csv] extracting features...
  [Digitizer_run1535_subrun209.csv] extracting features...
  [Digitizer_run1535_subrun218.csv] extracting features...
  [Digitizer_run1535_subrun222.csv] extracting features...
  [Digitizer_run1535_subrun255.csv] extracting features...
  [Digitizer_run1535_subrun258.csv] extracting features...
  [Digitizer_run1535_subrun278.csv] extracting features...
  [Digitizer_run1535_subrun285.csv] extracting features...
  [Digitizer_run1535_subrun299.csv] extracting features...
  [Digitizer_run1535_subrun315.csv] extracting features...
  [Digitizer_run1535_subrun347.csv] extracting features...
  [Digitizer_run1535_subrun352.csv] extracting features...
  [Digitizer_run1535_subrun378.csv] extracting features...
  [Digitizer_run1535_subrun386.csv] extracting features...
  [Digitizer_run1535_subrun387.csv] extracting features...
  [Digitizer_run1535_subrun395.csv] extracting features...
  [Digitizer_run1535_subrun399.csv] extracting features...
  [Digitizer_run1535_subrun418.csv] extracting features...
  [Digitizer_run1535_subrun440.csv] extracting features...
  [Digitizer_run1535_subrun486.csv] extracting features...
  [Digitizer_run1535_subrun510.csv] extracting features...
  [Digitizer_run1535_subrun520.csv] extracting features...
  [Digitizer_run1535_subrun522.csv] extracting features...
  [Digitizer_run1535_subrun523.csv] extracting features...
  [Digitizer_run1535_subrun531.csv] extracting features...
  [Digitizer_run1535_subrun532.csv] extracting features...
  [Digitizer_run1535_subrun544.csv] extracting features...
  [Digitizer_run1535_subrun558.csv] extracting features...
  [Digitizer_run1536_subrun6.csv] extracting features...
  [Digitizer_run1536_subrun40.csv] extracting features...
  [Digitizer_run1536_subrun45.csv] extracting features...
  [Digitizer_run1536_subrun50.csv] extracting features...
  [Digitizer_run1536_subrun69.csv] extracting features...
  [Digitizer_run1536_subrun71.csv] extracting features...
  [Digitizer_run1537_subrun7.csv] extracting features...
  [Digitizer_run1537_subrun23.csv] extracting features...
  [Digitizer_run1537_subrun38.csv] extracting features...
  [Digitizer_run1537_subrun55.csv] extracting features...
  [Digitizer_run1537_subrun57.csv] extracting features...
  [Digitizer_run1537_subrun64.csv] extracting features...
  [Digitizer_run1537_subrun66.csv] extracting features...
  [Digitizer_run1537_subrun72.csv] extracting features...
  [Digitizer_run1537_subrun85.csv] extracting features...
  [Digitizer_run1537_subrun111.csv] extracting features...
  [Digitizer_run1537_subrun114.csv] extracting features...
  [Digitizer_run1537_subrun133.csv] extracting features...
  [Digitizer_run1537_subrun136.csv] extracting features...
  [Digitizer_run1537_subrun137.csv] extracting features...
  [Digitizer_run1537_subrun149.csv] extracting features...
  [Digitizer_run1537_subrun154.csv] extracting features...
  [Digitizer_run1537_subrun158.csv] extracting features...
  [Digitizer_run1537_subrun164.csv] extracting features...
  [Digitizer_run1537_subrun170.csv] extracting features...
  [Digitizer_run1537_subrun193.csv] extracting features...
  [Digitizer_run1537_subrun196.csv] extracting features...
  [Digitizer_run1537_subrun203.csv] extracting features...
  [Digitizer_run1537_subrun225.csv] extracting features...
  [Digitizer_run1537_subrun236.csv] extracting features...
  [Digitizer_run1537_subrun245.csv] extracting features...
  [Digitizer_run1537_subrun251.csv] extracting features...
  [Digitizer_run1537_subrun259.csv] extracting features...
  [Digitizer_run1537_subrun262.csv] extracting features...
  [Digitizer_run1537_subrun263.csv] extracting features...
  [Digitizer_run1537_subrun267.csv] extracting features...
  [Digitizer_run1537_subrun270.csv] extracting features...
  [Digitizer_run1537_subrun273.csv] extracting features...
  [Digitizer_run1537_subrun294.csv] extracting features...
  [Digitizer_run1537_subrun309.csv] extracting features...
  [Digitizer_run1537_subrun316.csv] extracting features...
  [Digitizer_run1537_subrun333.csv] extracting features...
  [Digitizer_run1537_subrun359.csv] extracting features...
  [Digitizer_run1537_subrun379.csv] extracting features...
  [Digitizer_run1537_subrun387.csv] extracting features...
  [Digitizer_run1537_subrun405.csv] extracting features...
  [Digitizer_run1541_subrun9.csv] extracting features...
  [Digitizer_run1541_subrun15.csv] extracting features...
  [Digitizer_run1541_subrun16.csv] extracting features...
  [Digitizer_run1541_subrun21.csv] extracting features...
  [Digitizer_run1541_subrun22.csv] extracting features...
  [Digitizer_run1541_subrun32.csv] extracting features...
  [Digitizer_run1541_subrun58.csv] extracting features...
  [Digitizer_run1541_subrun60.csv] extracting features...
  [Digitizer_run1541_subrun63.csv] extracting features...
  [Digitizer_run1541_subrun71.csv] extracting features...
  [Digitizer_run1541_subrun82.csv] extracting features...
  [Digitizer_run1541_subrun98.csv] extracting features...
  [Digitizer_run1541_subrun104.csv] extracting features...
  [Digitizer_run1541_subrun120.csv] extracting features...
  [Digitizer_run1541_subrun167.csv] extracting features...
  [Digitizer_run1541_subrun174.csv] extracting features...
  [Digitizer_run1541_subrun199.csv] extracting features...
  [Digitizer_run1541_subrun215.csv] extracting features...
  [Digitizer_run1541_subrun216.csv] extracting features...
  [Digitizer_run1541_subrun228.csv] extracting features...
  [Digitizer_run1541_subrun230.csv] extracting features...
  [Digitizer_run1541_subrun251.csv] extracting features...
  [Digitizer_run1541_subrun257.csv] extracting features...
  [Digitizer_run1541_subrun260.csv] extracting features...
  [Digitizer_run1541_subrun262.csv] extracting features...
  [Digitizer_run1541_subrun278.csv] extracting features...
  [Digitizer_run1541_subrun284.csv] extracting features...
  [Digitizer_run1541_subrun292.csv] extracting features...
  [Digitizer_run1541_subrun295.csv] extracting features...
  [Digitizer_run1541_subrun324.csv] extracting features...
  [Digitizer_run1541_subrun328.csv] extracting features...
  [Digitizer_run1541_subrun330.csv] extracting features...
  [Digitizer_run1541_subrun332.csv] extracting features...
  [Digitizer_run1541_subrun352.csv] extracting features...
  [Digitizer_run1541_subrun353.csv] extracting features...
  [Digitizer_run1541_subrun360.csv] extracting features...
  [Digitizer_run1541_subrun364.csv] extracting features...
  [Digitizer_run1541_subrun383.csv] extracting features...
  [Digitizer_run1541_subrun396.csv] extracting features...
  [Digitizer_run1541_subrun402.csv] extracting features...
  [Digitizer_run1541_subrun406.csv] extracting features...
  [Digitizer_run1541_subrun423.csv] extracting features...
  [Digitizer_run1541_subrun424.csv] extracting features...
  [Digitizer_run1541_subrun454.csv] extracting features...
  [Digitizer_run1541_subrun467.csv] extracting features...
  [Digitizer_run1541_subrun475.csv] extracting features...
  [Digitizer_run1541_subrun476.csv] extracting features...
  [Digitizer_run1541_subrun484.csv] extracting features...
  [Digitizer_run1541_subrun487.csv] extracting features...
  [Digitizer_run1541_subrun497.csv] extracting features...
  [Digitizer_run1541_subrun499.csv] extracting features...
  [Digitizer_run1541_subrun523.csv] extracting features...
  [Digitizer_run1541_subrun532.csv] extracting features...
  [Digitizer_run1541_subrun535.csv] extracting features...
  [Digitizer_run1543_subrun11.csv] extracting features...
  [Digitizer_run1543_subrun19.csv] extracting features...
  [Digitizer_run1543_subrun28.csv] extracting features...
  [Digitizer_run1543_subrun44.csv] extracting features...
  [Digitizer_run1543_subrun53.csv] extracting features...
  [Digitizer_run1543_subrun73.csv] extracting features...
  [Digitizer_run1543_subrun75.csv] extracting features...
  [Digitizer_run1543_subrun118.csv] extracting features...
  [Digitizer_run1543_subrun125.csv] extracting features...
  [Digitizer_run1543_subrun130.csv] extracting features...
  [Digitizer_run1543_subrun152.csv] extracting features...
  [Digitizer_run1543_subrun153.csv] extracting features...
  [Digitizer_run1543_subrun155.csv] extracting features...
  [Digitizer_run1543_subrun160.csv] extracting features...
  [Digitizer_run1543_subrun189.csv] extracting features...
  [Digitizer_run1543_subrun190.csv] extracting features...
  [Digitizer_run1543_subrun194.csv] extracting features...
  [Digitizer_run1543_subrun200.csv] extracting features...
  [Digitizer_run1543_subrun217.csv] extracting features...
  [Digitizer_run1543_subrun221.csv] extracting features...
  [Digitizer_run1543_subrun225.csv] extracting features...
  [Digitizer_run1543_subrun227.csv] extracting features...
  [Digitizer_run1543_subrun249.csv] extracting features...
  [Digitizer_run1543_subrun257.csv] extracting features...
  [Digitizer_run1543_subrun269.csv] extracting features...
  [Digitizer_run1543_subrun270.csv] extracting features...
  [Digitizer_run1543_subrun281.csv] extracting features...
  [Digitizer_run1543_subrun291.csv] extracting features...
  [Digitizer_run1543_subrun313.csv] extracting features...
  [Digitizer_run1543_subrun318.csv] extracting features...
  [Digitizer_run1543_subrun337.csv] extracting features...
  [Digitizer_run1543_subrun339.csv] extracting features...
  [Digitizer_run1543_subrun352.csv] extracting features...
  [Digitizer_run1543_subrun355.csv] extracting features...
  [Digitizer_run1543_subrun356.csv] extracting features...
  [Digitizer_run1543_subrun363.csv] extracting features...
  [Digitizer_run1543_subrun375.csv] extracting features...
  [Digitizer_run1543_subrun377.csv] extracting features...
  [Digitizer_run1543_subrun381.csv] extracting features...
  [Digitizer_run1543_subrun387.csv] extracting features...
  [Digitizer_run1543_subrun398.csv] extracting features...
  [Digitizer_run1543_subrun405.csv] extracting features...
  [Digitizer_run1543_subrun411.csv] extracting features...
  [Digitizer_run1543_subrun416.csv] extracting features...
  [Digitizer_run1543_subrun419.csv] extracting features...
  [Digitizer_run1543_subrun421.csv] extracting features...
  [Digitizer_run1543_subrun425.csv] extracting features...
  [Digitizer_run1543_subrun437.csv] extracting features...
  [Digitizer_run1543_subrun469.csv] extracting features...
  [Digitizer_run1543_subrun470.csv] extracting features...
  [Digitizer_run1543_subrun480.csv] extracting features...
  [Digitizer_run1543_subrun485.csv] extracting features...
  [Digitizer_run1543_subrun490.csv] extracting features...
  [Digitizer_run1543_subrun502.csv] extracting features...
  [Digitizer_run1543_subrun504.csv] extracting features...
  [Digitizer_run1543_subrun512.csv] extracting features...
  [Digitizer_run1543_subrun516.csv] extracting features...
  [Digitizer_run1543_subrun519.csv] extracting features...
  [Digitizer_run1543_subrun523.csv] extracting features...
  [Digitizer_run1543_subrun524.csv] extracting features...
  [Digitizer_run1543_subrun531.csv] extracting features...
  [Digitizer_run1543_subrun548.csv] extracting features...
  [Digitizer_run1543_subrun558.csv] extracting features...
  [Digitizer_run1543_subrun567.csv] extracting features...
  [Digitizer_run1543_subrun576.csv] extracting features...
  [Digitizer_run1544_subrun1.csv] extracting features...
  [Digitizer_run1544_subrun2.csv] extracting features...
  [Digitizer_run1544_subrun16.csv] extracting features...
  [Digitizer_run1544_subrun23.csv] extracting features...
  [Digitizer_run1544_subrun41.csv] extracting features...
  [Digitizer_run1544_subrun51.csv] extracting features...
  [Digitizer_run1544_subrun81.csv] extracting features...
  [Digitizer_run1544_subrun87.csv] extracting features...
  [Digitizer_run1544_subrun99.csv] extracting features...
  [Digitizer_run1544_subrun103.csv] extracting features...
  [Digitizer_run1544_subrun123.csv] extracting features...
  [Digitizer_run1544_subrun128.csv] extracting features...
  [Digitizer_run1544_subrun153.csv] extracting features...
  [Digitizer_run1544_subrun164.csv] extracting features...
  [Digitizer_run1544_subrun167.csv] extracting features...
  [Digitizer_run1552_subrun1.csv] extracting features...
  [Digitizer_run1552_subrun31.csv] extracting features...
  [Digitizer_run1552_subrun38.csv] extracting features...
  [Digitizer_run1552_subrun47.csv] extracting features...
  [Digitizer_run1552_subrun48.csv] extracting features...
  [Digitizer_run1552_subrun51.csv] extracting features...
  [Digitizer_run1552_subrun59.csv] extracting features...
  [Digitizer_run1552_subrun68.csv] extracting features...
  [Digitizer_run1552_subrun79.csv] extracting features...
  [Digitizer_run1552_subrun87.csv] extracting features...
  [Digitizer_run1552_subrun92.csv] extracting features...
  [Digitizer_run1552_subrun99.csv] extracting features...
  [Digitizer_run1552_subrun100.csv] extracting features...
  [Digitizer_run1552_subrun106.csv] extracting features...
  [Digitizer_run1552_subrun120.csv] extracting features...
  [Digitizer_run1552_subrun135.csv] extracting features...
  [Digitizer_run1552_subrun151.csv] extracting features...
  [Digitizer_run1552_subrun155.csv] extracting features...
  [Digitizer_run1552_subrun156.csv] extracting features...
  [Digitizer_run1552_subrun181.csv] extracting features...
  [Digitizer_run1552_subrun187.csv] extracting features...
  [Digitizer_run1552_subrun195.csv] extracting features...
  [Digitizer_run1552_subrun198.csv] extracting features...
  [Digitizer_run1552_subrun208.csv] extracting features...
  [Digitizer_run1552_subrun209.csv] extracting features...
  [Digitizer_run1552_subrun212.csv] extracting features...
  [Digitizer_run1552_subrun213.csv] extracting features...
  [Digitizer_run1552_subrun224.csv] extracting features...
  [Digitizer_run1552_subrun226.csv] extracting features...
  [Digitizer_run1552_subrun246.csv] extracting features...
  [Digitizer_run1552_subrun250.csv] extracting features...
  [Digitizer_run1552_subrun274.csv] extracting features...
  [Digitizer_run1552_subrun275.csv] extracting features...
  [Digitizer_run1552_subrun276.csv] extracting features...
  [Digitizer_run1552_subrun284.csv] extracting features...
  [Digitizer_run1552_subrun302.csv] extracting features...
  [Digitizer_run1552_subrun304.csv] extracting features...
  [Digitizer_run1552_subrun313.csv] extracting features...
  [Digitizer_run1552_subrun319.csv] extracting features...
  [Digitizer_run1552_subrun330.csv] extracting features...
  [Digitizer_run1552_subrun341.csv] extracting features...
  [Digitizer_run1552_subrun344.csv] extracting features...
  [Digitizer_run1552_subrun348.csv] extracting features...
  [Digitizer_run1552_subrun360.csv] extracting features...
  [Digitizer_run1552_subrun369.csv] extracting features...
  [Digitizer_run1552_subrun375.csv] extracting features...
  [Digitizer_run1552_subrun384.csv] extracting features...
  [Digitizer_run1552_subrun387.csv] extracting features...
  [Digitizer_run1552_subrun399.csv] extracting features...
  [Digitizer_run1552_subrun416.csv] extracting features...
  [Digitizer_run1552_subrun449.csv] extracting features...
  [Digitizer_run1552_subrun467.csv] extracting features...
  [Digitizer_run1552_subrun477.csv] extracting features...
  [Digitizer_run1552_subrun501.csv] extracting features...
  [Digitizer_run1552_subrun518.csv] extracting features...
  [Digitizer_run1552_subrun521.csv] extracting features...
  [Digitizer_run1552_subrun527.csv] extracting features...
  [Digitizer_run1552_subrun545.csv] extracting features...
  [Digitizer_run1553_subrun2.csv] extracting features...
  [Digitizer_run1553_subrun9.csv] extracting features...
  [Digitizer_run1553_subrun10.csv] extracting features...
  [Digitizer_run1553_subrun15.csv] extracting features...
  [Digitizer_run1553_subrun24.csv] extracting features...
  [Digitizer_run1553_subrun27.csv] extracting features...
  [Digitizer_run1553_subrun31.csv] extracting features...
  [Digitizer_run1553_subrun32.csv] extracting features...
  [Digitizer_run1553_subrun37.csv] extracting features...
  [Digitizer_run1553_subrun48.csv] extracting features...
  [Digitizer_run1553_subrun57.csv] extracting features...
  [Digitizer_run1553_subrun70.csv] extracting features...
  [Digitizer_run1553_subrun76.csv] extracting features...
  [Digitizer_run1553_subrun91.csv] extracting features...
  [Digitizer_run1553_subrun104.csv] extracting features...
  [Digitizer_run1553_subrun111.csv] extracting features...
  [Digitizer_run1553_subrun135.csv] extracting features...
  [Digitizer_run1553_subrun171.csv] extracting features...
  [Digitizer_run1553_subrun176.csv] extracting features...
  [Digitizer_run1553_subrun185.csv] extracting features...
  [Digitizer_run1553_subrun186.csv] extracting features...
  [Digitizer_run1553_subrun195.csv] extracting features...
  [Digitizer_run1553_subrun199.csv] extracting features...
  [Digitizer_run1553_subrun208.csv] extracting features...
  [Digitizer_run1553_subrun219.csv] extracting features...
  [Digitizer_run1553_subrun233.csv] extracting features...
  [Digitizer_run1553_subrun267.csv] extracting features...
  [Digitizer_run1553_subrun279.csv] extracting features...
  [Digitizer_run1553_subrun281.csv] extracting features...
  [Digitizer_run1553_subrun288.csv] extracting features...
  [Digitizer_run1553_subrun300.csv] extracting features...
  [Digitizer_run1553_subrun303.csv] extracting features...
  [Digitizer_run1553_subrun312.csv] extracting features...
  [Digitizer_run1553_subrun313.csv] extracting features...
  [Digitizer_run1553_subrun322.csv] extracting features...
  [Digitizer_run1553_subrun348.csv] extracting features...
  [Digitizer_run1553_subrun372.csv] extracting features...
  [Digitizer_run1553_subrun382.csv] extracting features...
  [Digitizer_run1553_subrun391.csv] extracting features...
  [Digitizer_run1553_subrun396.csv] extracting features...
  [Digitizer_run1553_subrun403.csv] extracting features...
  [Digitizer_run1553_subrun410.csv] extracting features...
  [Digitizer_run1553_subrun418.csv] extracting features...
  [Digitizer_run1553_subrun431.csv] extracting features...
  [Digitizer_run1553_subrun448.csv] extracting features...
  [Digitizer_run1553_subrun452.csv] extracting features...
  [Digitizer_run1553_subrun468.csv] extracting features...
  [Digitizer_run1553_subrun474.csv] extracting features...
  [Digitizer_run1553_subrun482.csv] extracting features...
  [Digitizer_run1553_subrun486.csv] extracting features...
  [Digitizer_run1553_subrun494.csv] extracting features...
  [Digitizer_run1553_subrun501.csv] extracting features...
  [Digitizer_run1553_subrun504.csv] extracting features...
  [Digitizer_run1553_subrun517.csv] extracting features...
  [Digitizer_run1553_subrun519.csv] extracting features...
  [Digitizer_run1553_subrun526.csv] extracting features...
  [Digitizer_run1553_subrun542.csv] extracting features...
  [Digitizer_run1553_subrun549.csv] extracting features...
  [Digitizer_run1553_subrun550.csv] extracting features...
  [Digitizer_run1553_subrun553.csv] extracting features...
  [Digitizer_run1553_subrun564.csv] extracting features...
  [Digitizer_run1553_subrun565.csv] extracting features...
  [Digitizer_run1553_subrun567.csv] extracting features...
  [Digitizer_run1553_subrun580.csv] extracting features...
  [Digitizer_run1554_subrun11.csv] extracting features...
  [Digitizer_run1554_subrun13.csv] extracting features...
  [Digitizer_run1554_subrun26.csv] extracting features...
  [Digitizer_run1554_subrun43.csv] extracting features...
  [Digitizer_run1554_subrun51.csv] extracting features...
  [Digitizer_run1554_subrun59.csv] extracting features...
  [Digitizer_run1554_subrun62.csv] extracting features...
  [Digitizer_run1554_subrun92.csv] extracting features...
  [Digitizer_run1554_subrun103.csv] extracting features...
  [Digitizer_run1554_subrun113.csv] extracting features...
  [Digitizer_run1554_subrun122.csv] extracting features...
  [Digitizer_run1554_subrun126.csv] extracting features...
  [Digitizer_run1554_subrun128.csv] extracting features...
  [Digitizer_run1554_subrun131.csv] extracting features...
  [Digitizer_run1554_subrun132.csv] extracting features...
  [Digitizer_run1554_subrun142.csv] extracting features...
  [Digitizer_run1554_subrun155.csv] extracting features...
  [Digitizer_run1554_subrun160.csv] extracting features...
  [Digitizer_run1554_subrun165.csv] extracting features...
  [Digitizer_run1554_subrun169.csv] extracting features...
  [Digitizer_run1554_subrun171.csv] extracting features...
  [Digitizer_run1554_subrun175.csv] extracting features...
  [Digitizer_run1554_subrun182.csv] extracting features...
  [Digitizer_run1554_subrun197.csv] extracting features...
  [Digitizer_run1554_subrun202.csv] extracting features...
  [Digitizer_run1554_subrun216.csv] extracting features...
  [Digitizer_run1554_subrun220.csv] extracting features...
  [Digitizer_run1554_subrun237.csv] extracting features...
  [Digitizer_run1554_subrun261.csv] extracting features...
  [Digitizer_run1554_subrun263.csv] extracting features...
  [Digitizer_run1554_subrun265.csv] extracting features...
  [Digitizer_run1554_subrun285.csv] extracting features...
  [Digitizer_run1554_subrun289.csv] extracting features...
  [Digitizer_run1554_subrun311.csv] extracting features...
  [Digitizer_run1554_subrun333.csv] extracting features...
  [Digitizer_run1554_subrun334.csv] extracting features...
  [Digitizer_run1554_subrun336.csv] extracting features...
  [Digitizer_run1554_subrun342.csv] extracting features...
  [Digitizer_run1554_subrun347.csv] extracting features...
  [Digitizer_run1554_subrun369.csv] extracting features...
  [Digitizer_run1554_subrun384.csv] extracting features...
  [Digitizer_run1554_subrun386.csv] extracting features...
  [Digitizer_run1554_subrun391.csv] extracting features...
  [Digitizer_run1554_subrun419.csv] extracting features...
  [Digitizer_run1554_subrun421.csv] extracting features...
  [Digitizer_run1554_subrun431.csv] extracting features...
  [Digitizer_run1554_subrun435.csv] extracting features...
  [Digitizer_run1554_subrun459.csv] extracting features...
  [Digitizer_run1554_subrun477.csv] extracting features...
  [Digitizer_run1554_subrun496.csv] extracting features...
  [Digitizer_run1554_subrun500.csv] extracting features...
  [Digitizer_run1554_subrun512.csv] extracting features...
  [Digitizer_run1554_subrun524.csv] extracting features...
  [Digitizer_run1554_subrun533.csv] extracting features...
  [Digitizer_run1554_subrun541.csv] extracting features...
  [Digitizer_run1554_subrun551.csv] extracting features...
  [Digitizer_run1554_subrun562.csv] extracting features...
  [Digitizer_run1554_subrun578.csv] extracting features...
  [Digitizer_run1555_subrun3.csv] extracting features...
  [Digitizer_run1555_subrun26.csv] extracting features...
  [Digitizer_run1555_subrun41.csv] extracting features...
  [Digitizer_run1555_subrun45.csv] extracting features...
  [Digitizer_run1555_subrun55.csv] extracting features...
  [Digitizer_run1555_subrun59.csv] extracting features...
  [Digitizer_run1555_subrun68.csv] extracting features...
  [Digitizer_run1555_subrun94.csv] extracting features...
  [Digitizer_run1555_subrun106.csv] extracting features...
  [Digitizer_run1555_subrun107.csv] extracting features...
  [Digitizer_run1555_subrun109.csv] extracting features...
  [Digitizer_run1555_subrun129.csv] extracting features...
  [Digitizer_run1555_subrun140.csv] extracting features...
  [Digitizer_run1555_subrun154.csv] extracting features...
  [Digitizer_run1555_subrun169.csv] extracting features...
  [Digitizer_run1555_subrun180.csv] extracting features...
  [Digitizer_run1555_subrun194.csv] extracting features...
  [Digitizer_run1555_subrun207.csv] extracting features...
  [Digitizer_run1555_subrun234.csv] extracting features...
  [Digitizer_run1555_subrun238.csv] extracting features...
  [Digitizer_run1555_subrun243.csv] extracting features...
  [Digitizer_run1555_subrun253.csv] extracting features...
  [Digitizer_run1555_subrun266.csv] extracting features...
  [Digitizer_run1555_subrun267.csv] extracting features...
  [Digitizer_run1555_subrun277.csv] extracting features...
  [Digitizer_run1555_subrun278.csv] extracting features...
  [Digitizer_run1555_subrun282.csv] extracting features...
  [Digitizer_run1555_subrun287.csv] extracting features...
  [Digitizer_run1555_subrun294.csv] extracting features...
  [Digitizer_run1555_subrun302.csv] extracting features...
  [Digitizer_run1555_subrun316.csv] extracting features...
  [Digitizer_run1555_subrun327.csv] extracting features...
  [Digitizer_run1555_subrun349.csv] extracting features...
  [Digitizer_run1555_subrun397.csv] extracting features...
  [Digitizer_run1555_subrun412.csv] extracting features...
  [Digitizer_run1555_subrun438.csv] extracting features...
  [Digitizer_run1555_subrun447.csv] extracting features...
  [Digitizer_run1555_subrun456.csv] extracting features...
  [Digitizer_run1555_subrun462.csv] extracting features...
  [Digitizer_run1555_subrun471.csv] extracting features...
  [Digitizer_run1555_subrun472.csv] extracting features...
  [Digitizer_run1555_subrun515.csv] extracting features...
  [Digitizer_run1555_subrun536.csv] extracting features...
  [Digitizer_run1555_subrun563.csv] extracting features...
  [Digitizer_run1555_subrun582.csv] extracting features...
  [Digitizer_run1555_subrun583.csv] extracting features...
  [Digitizer_run1555_subrun589.csv] extracting features...
  [Digitizer_run1555_subrun599.csv] extracting features...
  [Digitizer_run1555_subrun637.csv] extracting features...
  [Digitizer_run1555_subrun643.csv] extracting features...
  [Digitizer_run1556_subrun10.csv] extracting features...
  [Digitizer_run1556_subrun14.csv] extracting features...
  [Digitizer_run1556_subrun52.csv] extracting features...
  [Digitizer_run1556_subrun75.csv] extracting features...
  [Digitizer_run1556_subrun89.csv] extracting features...
  [Digitizer_run1556_subrun92.csv] extracting features...
  [Digitizer_run1556_subrun111.csv] extracting features...
  [Digitizer_run1556_subrun114.csv] extracting features...
  [Digitizer_run1557_subrun5.csv] extracting features...
  [Digitizer_run1557_subrun6.csv] extracting features...
  [Digitizer_run1557_subrun8.csv] extracting features...
  [Digitizer_run1557_subrun38.csv] extracting features...
  [Digitizer_run1557_subrun46.csv] extracting features...
  [Digitizer_run1557_subrun55.csv] extracting features...
  [Digitizer_run1557_subrun74.csv] extracting features...
  [Digitizer_run1557_subrun88.csv] extracting features...
  [Digitizer_run1557_subrun96.csv] extracting features...
  [Digitizer_run1557_subrun100.csv] extracting features...
  [Digitizer_run1557_subrun103.csv] extracting features...
  [Digitizer_run1557_subrun109.csv] extracting features...
  [Digitizer_run1557_subrun116.csv] extracting features...
  [Digitizer_run1557_subrun120.csv] extracting features...
  [Digitizer_run1557_subrun130.csv] extracting features...
  [Digitizer_run1557_subrun133.csv] extracting features...
  [Digitizer_run1557_subrun141.csv] extracting features...
  [Digitizer_run1557_subrun154.csv] extracting features...
  [Digitizer_run1557_subrun171.csv] extracting features...
  [Digitizer_run1557_subrun175.csv] extracting features...
  [Digitizer_run1557_subrun179.csv] extracting features...
  [Digitizer_run1557_subrun193.csv] extracting features...
  [Digitizer_run1557_subrun197.csv] extracting features...
  [Digitizer_run1557_subrun250.csv] extracting features...
  [Digitizer_run1557_subrun254.csv] extracting features...
  [Digitizer_run1557_subrun292.csv] extracting features...
  [Digitizer_run1557_subrun296.csv] extracting features...
  [Digitizer_run1557_subrun297.csv] extracting features...
  [Digitizer_run1557_subrun298.csv] extracting features...
  [Digitizer_run1557_subrun319.csv] extracting features...
  [Digitizer_run1557_subrun326.csv] extracting features...
  [Digitizer_run1562_subrun5.csv] extracting features...
  Reference built: 1398 file(s), 96 channels.
  Reference saved → /afs/cern.ch/user/t/tafoyava/autoDQM/isolation_forest/models/condor_full_260428_Tight_noTrigger_noLVDS_ignoreDAQConfig/reference.npz
Training Isolation Forest...
  Isolation Forest trained on 50000 (channel × file) z-score vectors.
  Detector saved  → /afs/cern.ch/user/t/tafoyava/autoDQM/isolation_forest/models/condor_full_260428_Tight_noTrigger_noLVDS_ignoreDAQConfig/detector.pkl
Saving mean feature table...
    reference_mean_table.png
  Mean table saved → /afs/cern.ch/user/t/tafoyava/autoDQM/isolation_forest/models/condor_full_260428_Tight_noTrigger_noLVDS_ignoreDAQConfig/reference_mean_table.png
  Config snapshot saved → /afs/cern.ch/user/t/tafoyava/autoDQM/isolation_forest/models/condor_full_260428_Tight_noTrigger_noLVDS_ignoreDAQConfig/config.yaml
  Training metadata saved → /afs/cern.ch/user/t/tafoyava/autoDQM/isolation_forest/models/condor_full_260428_Tight_noTrigger_noLVDS_ignoreDAQConfig/training_metadata.json

============================================================
  STEP 2 — APPLY
============================================================

  [--apply-to-training-list] Resolving apply list from same catalogue params as training [quality=Tight, fraction=0.1] ...

  ── goodRunsListSlab.json statistics ────────────────────────
     Total entries (run+subrun pairs) :   60,210
     Tags                             : {'v1p0': 60210}
     Loose                            :   60,186
     Medium                           :   58,230
     Tight                            :   17,839
  ── After quality filter (Tight)
     Matching entries                 :   17,839
     Unique runs                      :       94
  ── After run range filter (min=1422, max=—)
     Matching entries                 :   14,041
     Unique runs                      :       54
  ── After fraction sub-sample (fraction=0.1, seed=42)
     Sampled entries                  :    1,404
     Unique runs in sample            :       39

  WARNING: 6 catalogue entries had no matching file on disk and were skipped.
  1398 file(s) resolved from full sample (Tight, fraction=0.1).
  Reference: 96 channels  |  Z-threshold: 6.0σ
  1398 file(s) to process.
[OK]    2026-04-28T18:20:08Z  Digitizer_run1422_subrun7.csv  —  1 transient anomalous channel(s), streak not established  [window: 3 files]
                         ch80  method=isolation_forest      max_z=5.72      if_score=-0.6102     features=[]  [1/3 files]
[OK]    2026-04-28T18:20:09Z  Digitizer_run1422_subrun10.csv  —  1 transient anomalous channel(s), streak not established  [window: 3 files]
                          ch3  method=statistical           max_z=6.33      if_score=-0.4961     features=[sideband_mean_median]  [1/3 files]
[OK]    2026-04-28T18:20:11Z  Digitizer_run1422_subrun19.csv  —  96 channels, all nominal
[OK]    2026-04-28T18:20:13Z  Digitizer_run1422_subrun28.csv  —  1 transient anomalous channel(s), streak not established  [window: 3 files]
                          ch3  method=statistical           max_z=8.4       if_score=-0.5718     features=[sideband_mean_median]  [2/3 files]
[OK]    2026-04-28T18:20:15Z  Digitizer_run1422_subrun36.csv  —  1 transient anomalous channel(s), streak not established  [window: 3 files]
                          ch3  method=statistical           max_z=7.01      if_score=-0.5056     features=[sideband_mean_median]  [2/3 files]
[OK]    2026-04-28T18:20:17Z  Digitizer_run1422_subrun43.csv  —  1 transient anomalous channel(s), streak not established  [window: 3 files]
                         ch93  method=statistical+IF        max_z=10.79     if_score=-0.6489     features=[sideband_mean_mean;sideband_rms_mean]  [1/3 files]
[OK]    2026-04-28T18:20:19Z  Digitizer_run1422_subrun44.csv  —  1 transient anomalous channel(s), streak not established  [window: 3 files]
                         ch80  method=isolation_forest      max_z=5.94      if_score=-0.6212     features=[]  [1/3 files]
[OK]    2026-04-28T18:20:20Z  Digitizer_run1422_subrun54.csv  —  96 channels, all nominal
[OK]    2026-04-28T18:20:22Z  Digitizer_run1422_subrun59.csv  —  1 transient anomalous channel(s), streak not established  [window: 3 files]
                          ch3  method=statistical           max_z=6.64      if_score=-0.5025     features=[sideband_mean_median]  [1/3 files]
[OK]    2026-04-28T18:20:24Z  Digitizer_run1422_subrun91.csv  —  1 transient anomalous channel(s), streak not established  [window: 3 files]
                         ch91  method=statistical           max_z=7.92      if_score=-0.4314     features=[nPulses_median]  [1/3 files]
[OK]    2026-04-28T18:20:26Z  Digitizer_run1422_subrun97.csv  —  96 channels, all nominal
[OK]    2026-04-28T18:20:28Z  Digitizer_run1422_subrun107.csv  —  1 transient anomalous channel(s), streak not established  [window: 3 files]
                         ch56  method=isolation_forest      max_z=3.99      if_score=-0.6356     features=[]  [1/3 files]
[OK]    2026-04-28T18:20:30Z  Digitizer_run1422_subrun118.csv  —  96 channels, all nominal
[OK]    2026-04-28T18:20:31Z  Digitizer_run1422_subrun129.csv  —  1 transient anomalous channel(s), streak not established  [window: 3 files]
                         ch93  method=isolation_forest      max_z=5.26      if_score=-0.6537     features=[]  [1/3 files]
[OK]    2026-04-28T18:20:33Z  Digitizer_run1422_subrun153.csv  —  1 transient anomalous channel(s), streak not established  [window: 3 files]
                         ch93  method=statistical           max_z=6.23      if_score=-0.5463     features=[sideband_rms_mean]  [2/3 files]
[OK]    2026-04-28T18:20:35Z  Digitizer_run1422_subrun159.csv  —  1 transient anomalous channel(s), streak not established  [window: 3 files]
                          ch3  method=statistical           max_z=7.11      if_score=-0.5841     features=[sideband_mean_median]  [1/3 files]
[OK]    2026-04-28T18:20:37Z  Digitizer_run1422_subrun167.csv  —  3 transient anomalous channel(s), streak not established  [window: 3 files]
                          ch3  method=statistical           max_z=7.31      if_score=-0.5406     features=[sideband_mean_median]  [2/3 files]
                          ch6  method=statistical           max_z=6.64      if_score=-0.503      features=[nPulses_median]  [1/3 files]
                         ch80  method=statistical           max_z=7.3       if_score=-0.5794     features=[pulseHeight_min_median;pulseArea_min_median]  [1/3 files]
[OK]    2026-04-28T18:20:38Z  Digitizer_run1422_subrun189.csv  —  96 channels, all nominal
[OK]    2026-04-28T18:20:40Z  Digitizer_run1422_subrun201.csv  —  1 transient anomalous channel(s), streak not established  [window: 3 files]
                          ch1  method=statistical           max_z=6.04      if_score=-0.5361     features=[nPulses_median]  [1/3 files]
[OK]    2026-04-28T18:20:42Z  Digitizer_run1422_subrun208.csv  —  2 transient anomalous channel(s), streak not established  [window: 3 files]
                          ch3  method=statistical           max_z=6.55      if_score=-0.5506     features=[sideband_mean_median]  [1/3 files]
                         ch93  method=statistical+IF        max_z=6.67      if_score=-0.7028     features=[pulseArea_max_mean;pulseArea_min_mean;pulseArea_min_std;pulseDuriation_min_std]  [1/3 files]
[OK]    2026-04-28T18:20:44Z  Digitizer_run1422_subrun225.csv  —  2 transient anomalous channel(s), streak not established  [window: 3 files]
                          ch3  method=statistical           max_z=7.29      if_score=-0.5131     features=[sideband_mean_median]  [2/3 files]
                         ch93  method=isolation_forest      max_z=5.86      if_score=-0.6518     features=[]  [2/3 files]
[WARN]  2026-04-28T18:20:45Z  Digitizer_run1422_subrun232.csv  —  1 persistent anomalous channel(s)  [window: 3 files, need 2 persistent for ALERT]
                         ch93  method=statistical+IF        max_z=7.63      if_score=-0.6225     features=[sideband_rms_mean]  [3/3 files]
[OK]    2026-04-28T18:20:47Z  Digitizer_run1422_subrun242.csv  —  1 transient anomalous channel(s), streak not established  [window: 3 files]
                          ch3  method=statistical           max_z=8.1       if_score=-0.5684     features=[sideband_mean_median]  [2/3 files]
[OK]    2026-04-28T18:20:49Z  Digitizer_run1422_subrun252.csv  —  1 transient anomalous channel(s), streak not established  [window: 3 files]
                         ch80  method=statistical+IF        max_z=9.05      if_score=-0.6151     features=[pulseHeight_min_median;pulseArea_min_median]  [1/3 files]
[OK]    2026-04-28T18:20:51Z  Digitizer_run1422_subrun283.csv  —  1 transient anomalous channel(s), streak not established  [window: 3 files]
                         ch80  method=statistical+IF        max_z=6.97      if_score=-0.6149     features=[pulseHeight_min_median;pulseArea_min_median]  [2/3 files]
[OK]    2026-04-28T18:20:53Z  Digitizer_run1422_subrun318.csv  —  1 transient anomalous channel(s), streak not established  [window: 3 files]
                          ch3  method=statistical           max_z=6.98      if_score=-0.4812     features=[sideband_mean_median]  [1/3 files]
[OK]    2026-04-28T18:20:55Z  Digitizer_run1422_subrun320.csv  —  1 transient anomalous channel(s), streak not established  [window: 3 files]
                         ch93  method=isolation_forest      max_z=3.94      if_score=-0.6205     features=[]  [1/3 files]
[OK]    2026-04-28T18:20:56Z  Digitizer_run1422_subrun321.csv  —  1 transient anomalous channel(s), streak not established  [window: 3 files]
                          ch3  method=statistical           max_z=6.33      if_score=-0.5632     features=[sideband_mean_median]  [2/3 files]
[OK]    2026-04-28T18:20:58Z  Digitizer_run1422_subrun334.csv  —  1 transient anomalous channel(s), streak not established  [window: 3 files]
                         ch93  method=isolation_forest      max_z=4.87      if_score=-0.6361     features=[]  [2/3 files]
[OK]    2026-04-28T18:21:00Z  Digitizer_run1422_subrun340.csv  —  2 transient anomalous channel(s), streak not established  [window: 3 files]
                          ch3  method=statistical           max_z=7.55      if_score=-0.5715     features=[sideband_mean_median]  [2/3 files]
                         ch62  method=statistical           max_z=7.76      if_score=-0.4445     features=[pulseDuriation_min_median]  [1/3 files]
[OK]    2026-04-28T18:21:01Z  Digitizer_run1422_subrun345.csv  —  96 channels, all nominal
[OK]    2026-04-28T18:21:03Z  Digitizer_run1422_subrun388.csv  —  2 transient anomalous channel(s), streak not established  [window: 3 files]
                          ch3  method=statistical           max_z=6.81      if_score=-0.5054     features=[sideband_mean_median]  [2/3 files]
                         ch80  method=statistical           max_z=6.03      if_score=-0.6013     features=[pulseArea_min_median]  [1/3 files]
[OK]    2026-04-28T18:21:05Z  Digitizer_run1422_subrun401.csv  —  2 transient anomalous channel(s), streak not established  [window: 3 files]
                          ch3  method=statistical           max_z=6.66      if_score=-0.5363     features=[sideband_mean_median]  [2/3 files]
                         ch56  method=statistical           max_z=6.3       if_score=-0.551      features=[pulseArea_min_median]  [1/3 files]
[OK]    2026-04-28T18:21:07Z  Digitizer_run1422_subrun407.csv  —  1 transient anomalous channel(s), streak not established  [window: 3 files]
                         ch56  method=isolation_forest      max_z=3.88      if_score=-0.608      features=[]  [2/3 files]
[OK]    2026-04-28T18:21:09Z  Digitizer_run1422_subrun410.csv  —  1 transient anomalous channel(s), streak not established  [window: 3 files]
                         ch80  method=isolation_forest      max_z=4.66      if_score=-0.6234     features=[]  [1/3 files]
[OK]    2026-04-28T18:21:11Z  Digitizer_run1422_subrun421.csv  —  2 transient anomalous channel(s), streak not established  [window: 3 files]
                          ch3  method=statistical           max_z=6.49      if_score=-0.5477     features=[sideband_mean_median]  [1/3 files]
                         ch62  method=statistical           max_z=6.96      if_score=-0.5176     features=[pulseArea_max_median]  [1/3 files]
[OK]    2026-04-28T18:21:13Z  Digitizer_run1422_subrun424.csv  —  1 transient anomalous channel(s), streak not established  [window: 3 files]
                          ch3  method=statistical           max_z=7.03      if_score=-0.5756     features=[sideband_mean_median]  [2/3 files]
[OK]    2026-04-28T18:21:15Z  Digitizer_run1422_subrun435.csv  —  1 transient anomalous channel(s), streak not established  [window: 3 files]
                         ch93  method=isolation_forest      max_z=3.92      if_score=-0.6298     features=[]  [1/3 files]
[OK]    2026-04-28T18:21:17Z  Digitizer_run1422_subrun442.csv  —  96 channels, all nominal
[OK]    2026-04-28T18:21:19Z  Digitizer_run1422_subrun445.csv  —  96 channels, all nominal
[OK]    2026-04-28T18:21:21Z  Digitizer_run1422_subrun453.csv  —  2 transient anomalous channel(s), streak not established  [window: 3 files]
                         ch24  method=statistical           max_z=8.18      if_score=-0.5834     features=[sideband_rms_mean]  [1/3 files]
                         ch25  method=statistical           max_z=6.14      if_score=-0.4608     features=[sideband_rms_mean]  [1/3 files]
[OK]    2026-04-28T18:21:23Z  Digitizer_run1422_subrun471.csv  —  1 transient anomalous channel(s), streak not established  [window: 3 files]
                         ch93  method=isolation_forest      max_z=4.53      if_score=-0.6149     features=[]  [1/3 files]
[OK]    2026-04-28T18:21:25Z  Digitizer_run1422_subrun473.csv  —  1 transient anomalous channel(s), streak not established  [window: 3 files]
                          ch3  method=statistical           max_z=6.81      if_score=-0.4959     features=[sideband_mean_median]  [1/3 files]
[OK]    2026-04-28T18:21:27Z  Digitizer_run1422_subrun475.csv  —  1 transient anomalous channel(s), streak not established  [window: 3 files]
                         ch80  method=statistical           max_z=6.47      if_score=-0.5746     features=[pulseHeight_min_median;pulseArea_min_median]  [1/3 files]
[OK]    2026-04-28T18:21:29Z  Digitizer_run1422_subrun476.csv  —  96 channels, all nominal
[OK]    2026-04-28T18:21:31Z  Digitizer_run1422_subrun489.csv  —  1 transient anomalous channel(s), streak not established  [window: 3 files]
                          ch3  method=statistical           max_z=7.65      if_score=-0.5234     features=[sideband_mean_median]  [1/3 files]
[OK]    2026-04-28T18:21:33Z  Digitizer_run1422_subrun509.csv  —  1 transient anomalous channel(s), streak not established  [window: 3 files]
                         ch80  method=statistical+IF        max_z=8.36      if_score=-0.6144     features=[pulseHeight_max_median;pulseHeight_min_median;pulseArea_max_median;pulseArea_min_median]  [1/3 files]
[OK]    2026-04-28T18:21:35Z  Digitizer_run1422_subrun515.csv  —  3 transient anomalous channel(s), streak not established  [window: 3 files]
                         ch24  method=isolation_forest      max_z=3.85      if_score=-0.6281     features=[]  [1/3 files]
                         ch80  method=isolation_forest      max_z=4.66      if_score=-0.6159     features=[]  [2/3 files]
                         ch93  method=statistical           max_z=7.62      if_score=-0.6065     features=[sideband_rms_mean]  [1/3 files]
[OK]    2026-04-28T18:21:37Z  Digitizer_run1422_subrun521.csv  —  1 transient anomalous channel(s), streak not established  [window: 3 files]
                          ch3  method=statistical           max_z=7.48      if_score=-0.5143     features=[sideband_mean_median]  [1/3 files]
[ALERT] 2026-04-28T18:21:38Z  Digitizer_run1422_subrun526.csv  —  20/96 anomalous ch  [bulk ≥5]
                          ch1  method=statistical           max_z=6.04      if_score=-0.5048     features=[nPulses_median]  [1/3 files]
                         ch13  method=statistical           max_z=9.46      if_score=-0.4628     features=[nPulses_std]  [1/3 files]
                         ch18  method=statistical           max_z=8.78      if_score=-0.5215     features=[nPulses_mean;nPulses_std]  [1/3 files]
                          ch2  method=statistical           max_z=9.85      if_score=-0.5178     features=[nPulses_mean;nPulses_std]  [1/3 files]
                         ch23  method=statistical           max_z=7.93      if_score=-0.5098     features=[nPulses_std]  [1/3 files]
                         ch26  method=statistical           max_z=9.6       if_score=-0.4802     features=[nPulses_mean;nPulses_std]  [1/3 files]
                          ch3  method=statistical           max_z=6.38      if_score=-0.518      features=[nPulses_std]  [2/3 files]
                         ch30  method=statistical           max_z=8.9       if_score=-0.4686     features=[nPulses_std]  [1/3 files]
                         ch31  method=statistical           max_z=8.91      if_score=-0.4787     features=[nPulses_mean;nPulses_std]  [1/3 files]
                         ch32  method=statistical           max_z=10.63     if_score=-0.459      features=[nPulses_mean;nPulses_std]  [1/3 files]
                         ch38  method=statistical           max_z=7.66      if_score=-0.4426     features=[nPulses_std]  [1/3 files]
                         ch40  method=statistical           max_z=8.06      if_score=-0.4896     features=[nPulses_mean;nPulses_std]  [1/3 files]
                         ch48  method=statistical           max_z=10.61     if_score=-0.4943     features=[nPulses_mean;nPulses_std]  [1/3 files]
                         ch50  method=statistical           max_z=7.39      if_score=-0.4699     features=[nPulses_std]  [1/3 files]
                         ch59  method=statistical           max_z=10.44     if_score=-0.4612     features=[nPulses_std]  [1/3 files]
                          ch6  method=statistical           max_z=9.35      if_score=-0.4714     features=[nPulses_std]  [1/3 files]
                         ch63  method=statistical           max_z=9.25      if_score=-0.4783     features=[nPulses_mean;nPulses_std]  [1/3 files]
                          ch8  method=statistical           max_z=8.95      if_score=-0.5066     features=[nPulses_mean;nPulses_std]  [1/3 files]
                         ch93  method=isolation_forest      max_z=5.12      if_score=-0.6328     features=[]  [2/3 files]
                         ch95  method=statistical           max_z=8.42      if_score=-0.4565     features=[nPulses_std]  [1/3 files]
[OK]    2026-04-28T18:21:41Z  Digitizer_run1422_subrun535.csv  —  1 transient anomalous channel(s), streak not established  [window: 3 files]
                         ch80  method=statistical+IF        max_z=7.22      if_score=-0.6307     features=[pulseHeight_max_median;pulseHeight_min_median;pulseArea_max_median;pulseArea_min_median]  [1/3 files]
[OK]    2026-04-28T18:21:42Z  Digitizer_run1422_subrun589.csv  —  2 transient anomalous channel(s), streak not established  [window: 3 files]
                          ch3  method=statistical           max_z=6.49      if_score=-0.5808     features=[sideband_mean_median]  [2/3 files]
                         ch93  method=isolation_forest      max_z=3.75      if_score=-0.6166     features=[]  [2/3 files]
[OK]    2026-04-28T18:21:44Z  Digitizer_run1422_subrun591.csv  —  96 channels, all nominal
[OK]    2026-04-28T18:21:46Z  Digitizer_run1422_subrun602.csv  —  96 channels, all nominal
[OK]    2026-04-28T18:21:48Z  Digitizer_run1422_subrun607.csv  —  4 transient anomalous channel(s), streak not established  [window: 3 files]
                          ch3  method=statistical           max_z=6.15      if_score=-0.4741     features=[sideband_mean_median]  [1/3 files]
                         ch54  method=statistical           max_z=6.56      if_score=-0.4355     features=[pulseDuriation_min_median]  [1/3 files]
                         ch80  method=statistical+IF        max_z=6.94      if_score=-0.6196     features=[pulseHeight_min_median;pulseArea_min_median]  [1/3 files]
                         ch93  method=statistical+IF        max_z=6.84      if_score=-0.6944     features=[pulseArea_min_mean;pulseArea_min_std]  [1/3 files]
  [run 1431] New run — channel history reset
[OK]    2026-04-28T18:21:50Z  Digitizer_run1431_subrun15.csv  —  96 channels, all nominal
[OK]    2026-04-28T18:21:52Z  Digitizer_run1431_subrun23.csv  —  96 channels, all nominal
[OK]    2026-04-28T18:21:53Z  Digitizer_run1431_subrun40.csv  —  1 transient anomalous channel(s), streak not established  [window: 3 files]
                         ch93  method=isolation_forest      max_z=5.0       if_score=-0.6687     features=[]  [1/3 files]
[OK]    2026-04-28T18:21:55Z  Digitizer_run1431_subrun42.csv  —  96 channels, all nominal
[OK]    2026-04-28T18:21:57Z  Digitizer_run1431_subrun48.csv  —  96 channels, all nominal
[ALERT] 2026-04-28T18:21:59Z  Digitizer_run1431_subrun61.csv  —  13/96 anomalous ch  [bulk ≥5]
                         ch18  method=statistical           max_z=7.71      if_score=-0.4897     features=[nPulses_std]  [1/3 files]
                          ch2  method=statistical           max_z=8.92      if_score=-0.4936     features=[nPulses_std]  [1/3 files]
                         ch23  method=statistical           max_z=6.22      if_score=-0.5443     features=[nPulses_std]  [1/3 files]
                         ch26  method=statistical           max_z=8.42      if_score=-0.4408     features=[nPulses_std]  [1/3 files]
                         ch30  method=statistical           max_z=11.23     if_score=-0.6039     features=[nPulses_std;nPulses_median]  [1/3 files]
                         ch31  method=statistical           max_z=6.48      if_score=-0.5491     features=[nPulses_std]  [1/3 files]
                         ch32  method=statistical           max_z=6.76      if_score=-0.4538     features=[nPulses_std]  [1/3 files]
                         ch48  method=statistical           max_z=10.53     if_score=-0.4429     features=[nPulses_std]  [1/3 files]
                         ch59  method=statistical           max_z=9.55      if_score=-0.461      features=[nPulses_std]  [1/3 files]
                          ch6  method=statistical           max_z=6.26      if_score=-0.504      features=[nPulses_std]  [1/3 files]
                         ch63  method=statistical           max_z=6.77      if_score=-0.4451     features=[nPulses_std]  [1/3 files]
                          ch8  method=statistical           max_z=8.65      if_score=-0.4942     features=[nPulses_std]  [1/3 files]
                         ch93  method=isolation_forest      max_z=4.47      if_score=-0.6178     features=[]  [1/3 files]
[OK]    2026-04-28T18:22:01Z  Digitizer_run1431_subrun74.csv  —  96 channels, all nominal
[OK]    2026-04-28T18:22:03Z  Digitizer_run1431_subrun100.csv  —  2 transient anomalous channel(s), streak not established  [window: 3 files]
                         ch54  method=statistical           max_z=8.84      if_score=-0.5925     features=[pulseDuriation_min_median]  [1/3 files]
                         ch93  method=isolation_forest      max_z=4.47      if_score=-0.6154     features=[]  [2/3 files]
[OK]    2026-04-28T18:22:05Z  Digitizer_run1431_subrun104.csv  —  2 transient anomalous channel(s), streak not established  [window: 3 files]
                         ch26  method=statistical           max_z=12.25     if_score=-0.5889     features=[nPulses_median;pulseHeight_max_median;pulseArea_max_median]  [1/3 files]
                         ch80  method=isolation_forest      max_z=5.53      if_score=-0.6157     features=[]  [1/3 files]
[OK]    2026-04-28T18:22:06Z  Digitizer_run1431_subrun111.csv  —  2 transient anomalous channel(s), streak not established  [window: 3 files]
                         ch54  method=statistical           max_z=6.25      if_score=-0.473      features=[sideband_rms_mean]  [2/3 files]
                         ch55  method=statistical           max_z=6.11      if_score=-0.4652     features=[sideband_rms_mean]  [1/3 files]
[OK]    2026-04-28T18:22:08Z  Digitizer_run1431_subrun116.csv  —  96 channels, all nominal
  [run 1432] New run — channel history reset
[ALERT] 2026-04-28T18:22:11Z  Digitizer_run1432_subrun15.csv  —  extreme z=16.7 on 14
                         ch14  method=statistical           max_z=16.69     if_score=-0.5004     features=[nPulses_median]  [1/3 files]
[OK]    2026-04-28T18:22:12Z  Digitizer_run1432_subrun20.csv  —  1 transient anomalous channel(s), streak not established  [window: 3 files]
                         ch23  method=statistical+IF        max_z=6.01      if_score=-0.6129     features=[pulseArea_min_median]  [1/3 files]
[OK]    2026-04-28T18:22:14Z  Digitizer_run1432_subrun23.csv  —  1 transient anomalous channel(s), streak not established  [window: 3 files]
                         ch95  method=statistical           max_z=7.37      if_score=-0.4916     features=[nPulses_median]  [1/3 files]
[OK]    2026-04-28T18:22:16Z  Digitizer_run1432_subrun27.csv  —  96 channels, all nominal
[OK]    2026-04-28T18:22:17Z  Digitizer_run1432_subrun41.csv  —  96 channels, all nominal
[OK]    2026-04-28T18:22:20Z  Digitizer_run1432_subrun91.csv  —  1 transient anomalous channel(s), streak not established  [window: 3 files]
                         ch45  method=statistical           max_z=6.49      if_score=-0.5556     features=[pulseArea_min_median]  [1/3 files]
[OK]    2026-04-28T18:22:22Z  Digitizer_run1432_subrun92.csv  —  96 channels, all nominal
[OK]    2026-04-28T18:22:24Z  Digitizer_run1432_subrun93.csv  —  96 channels, all nominal
[OK]    2026-04-28T18:22:26Z  Digitizer_run1432_subrun98.csv  —  1 transient anomalous channel(s), streak not established  [window: 3 files]
                         ch93  method=statistical+IF        max_z=6.44      if_score=-0.6548     features=[pulseDuriation_min_std]  [1/3 files]
[OK]    2026-04-28T18:22:27Z  Digitizer_run1432_subrun102.csv  —  1 transient anomalous channel(s), streak not established  [window: 3 files]
                         ch93  method=isolation_forest      max_z=3.7       if_score=-0.6147     features=[]  [2/3 files]
[OK]    2026-04-28T18:22:29Z  Digitizer_run1432_subrun111.csv  —  96 channels, all nominal
[OK]    2026-04-28T18:22:31Z  Digitizer_run1432_subrun115.csv  —  96 channels, all nominal
[OK]    2026-04-28T18:22:33Z  Digitizer_run1432_subrun123.csv  —  1 transient anomalous channel(s), streak not established  [window: 3 files]
                         ch45  method=statistical           max_z=7.33      if_score=-0.5052     features=[sideband_rms_mean]  [1/3 files]
[OK]    2026-04-28T18:22:34Z  Digitizer_run1432_subrun148.csv  —  1 transient anomalous channel(s), streak not established  [window: 3 files]
                         ch93  method=statistical+IF        max_z=8.98      if_score=-0.646      features=[sideband_mean_mean]  [1/3 files]
[OK]    2026-04-28T18:22:36Z  Digitizer_run1432_subrun157.csv  —  1 transient anomalous channel(s), streak not established  [window: 3 files]
                         ch93  method=statistical           max_z=6.3       if_score=-0.579      features=[sideband_rms_mean]  [2/3 files]
[OK]    2026-04-28T18:22:38Z  Digitizer_run1432_subrun158.csv  —  1 transient anomalous channel(s), streak not established  [window: 3 files]
                          ch1  method=statistical           max_z=6.04      if_score=-0.4878     features=[nPulses_median]  [1/3 files]
[OK]    2026-04-28T18:22:39Z  Digitizer_run1432_subrun163.csv  —  1 transient anomalous channel(s), streak not established  [window: 3 files]
                         ch51  method=statistical           max_z=6.04      if_score=-0.5345     features=[pulseArea_min_median]  [1/3 files]
[OK]    2026-04-28T18:22:41Z  Digitizer_run1432_subrun186.csv  —  96 channels, all nominal
[OK]    2026-04-28T18:22:42Z  Digitizer_run1432_subrun189.csv  —  96 channels, all nominal
[OK]    2026-04-28T18:22:44Z  Digitizer_run1432_subrun201.csv  —  96 channels, all nominal
[OK]    2026-04-28T18:22:46Z  Digitizer_run1432_subrun206.csv  —  96 channels, all nominal
[OK]    2026-04-28T18:22:48Z  Digitizer_run1432_subrun219.csv  —  1 transient anomalous channel(s), streak not established  [window: 3 files]
                         ch91  method=statistical           max_z=7.92      if_score=-0.4396     features=[nPulses_median]  [1/3 files]
[OK]    2026-04-28T18:22:50Z  Digitizer_run1432_subrun228.csv  —  96 channels, all nominal
[OK]    2026-04-28T18:22:52Z  Digitizer_run1432_subrun230.csv  —  96 channels, all nominal
[OK]    2026-04-28T18:22:54Z  Digitizer_run1432_subrun234.csv  —  96 channels, all nominal
[OK]    2026-04-28T18:22:55Z  Digitizer_run1432_subrun247.csv  —  1 transient anomalous channel(s), streak not established  [window: 3 files]
                         ch93  method=isolation_forest      max_z=4.48      if_score=-0.6261     features=[]  [1/3 files]
[OK]    2026-04-28T18:22:57Z  Digitizer_run1432_subrun256.csv  —  96 channels, all nominal
[OK]    2026-04-28T18:22:59Z  Digitizer_run1432_subrun263.csv  —  1 transient anomalous channel(s), streak not established  [window: 3 files]
                         ch93  method=statistical+IF        max_z=7.94      if_score=-0.6346     features=[pulseHeight_max_median;pulseArea_max_median]  [2/3 files]
[OK]    2026-04-28T18:23:01Z  Digitizer_run1432_subrun268.csv  —  96 channels, all nominal
[OK]    2026-04-28T18:23:03Z  Digitizer_run1432_subrun290.csv  —  1 transient anomalous channel(s), streak not established  [window: 3 files]
                         ch93  method=isolation_forest      max_z=4.18      if_score=-0.6317     features=[]  [2/3 files]
[OK]    2026-04-28T18:23:04Z  Digitizer_run1432_subrun310.csv  —  96 channels, all nominal
[OK]    2026-04-28T18:23:07Z  Digitizer_run1432_subrun319.csv  —  96 channels, all nominal
[OK]    2026-04-28T18:23:08Z  Digitizer_run1432_subrun322.csv  —  1 transient anomalous channel(s), streak not established  [window: 3 files]
                         ch93  method=isolation_forest      max_z=3.76      if_score=-0.6239     features=[]  [1/3 files]
[OK]    2026-04-28T18:23:10Z  Digitizer_run1432_subrun340.csv  —  96 channels, all nominal
  --- 100/1398 files processed ---
[OK]    2026-04-28T18:23:12Z  Digitizer_run1432_subrun354.csv  —  1 transient anomalous channel(s), streak not established  [window: 3 files]
                         ch93  method=statistical+IF        max_z=10.24     if_score=-0.6283     features=[sideband_rms_mean]  [2/3 files]
[OK]    2026-04-28T18:23:14Z  Digitizer_run1432_subrun374.csv  —  1 transient anomalous channel(s), streak not established  [window: 3 files]
                         ch54  method=statistical           max_z=8.21      if_score=-0.5175     features=[pulseHeight_max_median;pulseArea_max_median]  [1/3 files]
[OK]    2026-04-28T18:23:15Z  Digitizer_run1432_subrun383.csv  —  1 transient anomalous channel(s), streak not established  [window: 3 files]
                         ch88  method=statistical           max_z=9.27      if_score=-0.4781     features=[nPulses_median]  [1/3 files]
[OK]    2026-04-28T18:23:17Z  Digitizer_run1432_subrun391.csv  —  1 transient anomalous channel(s), streak not established  [window: 3 files]
                         ch54  method=statistical           max_z=6.94      if_score=-0.5185     features=[pulseDuriation_min_median]  [2/3 files]
[OK]    2026-04-28T18:23:19Z  Digitizer_run1432_subrun392.csv  —  96 channels, all nominal
[OK]    2026-04-28T18:23:21Z  Digitizer_run1432_subrun394.csv  —  96 channels, all nominal
[OK]    2026-04-28T18:23:23Z  Digitizer_run1432_subrun397.csv  —  1 transient anomalous channel(s), streak not established  [window: 3 files]
                         ch93  method=isolation_forest      max_z=4.57      if_score=-0.6377     features=[]  [1/3 files]
[OK]    2026-04-28T18:23:25Z  Digitizer_run1432_subrun399.csv  —  96 channels, all nominal
[OK]    2026-04-28T18:23:27Z  Digitizer_run1432_subrun403.csv  —  1 transient anomalous channel(s), streak not established  [window: 3 files]
                         ch94  method=statistical           max_z=9.22      if_score=-0.5405     features=[nPulses_median]  [1/3 files]
[OK]    2026-04-28T18:23:28Z  Digitizer_run1432_subrun407.csv  —  96 channels, all nominal
[OK]    2026-04-28T18:23:30Z  Digitizer_run1432_subrun409.csv  —  2 transient anomalous channel(s), streak not established  [window: 3 files]
                          ch6  method=statistical           max_z=6.64      if_score=-0.4923     features=[nPulses_median]  [1/3 files]
                         ch93  method=isolation_forest      max_z=3.89      if_score=-0.6227     features=[]  [1/3 files]
[OK]    2026-04-28T18:23:32Z  Digitizer_run1432_subrun413.csv  —  2 transient anomalous channel(s), streak not established  [window: 3 files]
                         ch93  method=isolation_forest      max_z=4.24      if_score=-0.6117     features=[]  [2/3 files]
                         ch95  method=statistical           max_z=7.37      if_score=-0.5396     features=[nPulses_median]  [1/3 files]
[WARN]  2026-04-28T18:23:33Z  Digitizer_run1432_subrun416.csv  —  1 persistent + 1 transient anomalous channel(s)  [window: 3 files, need 2 persistent for ALERT]
                         ch24  method=isolation_forest      max_z=3.48      if_score=-0.6219     features=[]  [1/3 files]
                         ch93  method=isolation_forest      max_z=4.06      if_score=-0.6113     features=[]  [3/3 files]
[OK]    2026-04-28T18:23:35Z  Digitizer_run1432_subrun430.csv  —  96 channels, all nominal
[OK]    2026-04-28T18:23:37Z  Digitizer_run1432_subrun433.csv  —  1 transient anomalous channel(s), streak not established  [window: 3 files]
                         ch23  method=statistical           max_z=6.39      if_score=-0.5588     features=[pulseHeight_min_median;pulseArea_min_median]  [1/3 files]
[OK]    2026-04-28T18:23:39Z  Digitizer_run1432_subrun436.csv  —  96 channels, all nominal
[OK]    2026-04-28T18:23:41Z  Digitizer_run1432_subrun439.csv  —  96 channels, all nominal
[OK]    2026-04-28T18:23:43Z  Digitizer_run1432_subrun458.csv  —  96 channels, all nominal
[OK]    2026-04-28T18:23:45Z  Digitizer_run1432_subrun463.csv  —  1 transient anomalous channel(s), streak not established  [window: 3 files]
                          ch9  method=statistical           max_z=11.23     if_score=-0.6078     features=[nPulses_median;pulseHeight_max_median]  [1/3 files]
  [run 1433] New run — channel history reset
[ALERT] 2026-04-28T18:23:47Z  Digitizer_run1433_subrun1.csv  —  36/96 anomalous ch  [bulk ≥5]  |  extreme z=37.4 on 25
                         ch10  method=statistical           max_z=15.23     if_score=-0.5993     features=[nPulses_mean;nPulses_std;nPulses_median;pulseHeight_max_median;pulseArea_max_median]  [1/3 files]
                         ch13  method=statistical           max_z=16.7      if_score=-0.6065     features=[nPulses_median;pulseHeight_max_mean;pulseHeight_max_median;pulseArea_max_median]  [1/3 files]
                         ch16  method=statistical           max_z=9.57      if_score=-0.5648     features=[pulseHeight_max_median;pulseArea_max_median]  [1/3 files]
                         ch18  method=statistical+IF        max_z=11.71     if_score=-0.6452     features=[nPulses_mean;nPulses_median;pulseHeight_max_mean;pulseHeight_max_median;pulseArea_max_median]  [1/3 files]
                         ch19  method=statistical+IF        max_z=7.88      if_score=-0.6392     features=[pulseHeight_max_median;pulseArea_max_median;pulseArea_min_mean]  [1/3 files]
                          ch2  method=statistical+IF        max_z=10.32     if_score=-0.6278     features=[nPulses_median;pulseHeight_min_median;pulseArea_max_median;pulseArea_min_median]  [1/3 files]
                         ch22  method=statistical           max_z=6.03      if_score=-0.5853     features=[pulseHeight_min_std]  [1/3 files]
                         ch24  method=statistical+IF        max_z=7.33      if_score=-0.6101     features=[pulseHeight_min_median]  [1/3 files]
                         ch25  method=statistical           max_z=37.38     if_score=-0.6045     features=[nPulses_median]  [1/3 files]
                         ch28  method=statistical+IF        max_z=7.69      if_score=-0.6089     features=[pulseHeight_max_median;pulseArea_max_median]  [1/3 files]
                         ch29  method=statistical+IF        max_z=9.08      if_score=-0.6107     features=[pulseDuriation_max_median]  [1/3 files]
                          ch3  method=statistical           max_z=12.83     if_score=-0.6063     features=[pulseHeight_max_median;pulseArea_max_median;pulseDuriation_max_median]  [1/3 files]
                         ch30  method=statistical           max_z=12.18     if_score=-0.5998     features=[nPulses_median;pulseHeight_max_median;pulseArea_max_median]  [1/3 files]
                         ch31  method=statistical+IF        max_z=21.16     if_score=-0.6248     features=[pulseHeight_max_mean;pulseHeight_max_median;pulseHeight_min_mean;pulseArea_max_median]  [1/3 files]
                         ch40  method=statistical           max_z=18.11     if_score=-0.5584     features=[nPulses_median]  [1/3 files]
                         ch41  method=statistical           max_z=7.29      if_score=-0.4902     features=[occupancy]  [1/3 files]
                         ch42  method=statistical+IF        max_z=7.53      if_score=-0.6655     features=[pulseHeight_max_std;pulseDuriation_min_mean]  [1/3 files]
                         ch43  method=statistical+IF        max_z=10.04     if_score=-0.6364     features=[sideband_mean_median;pulseDuriation_max_mean;pulseDuriation_min_mean]  [1/3 files]
                         ch44  method=statistical           max_z=10.21     if_score=-0.5716     features=[pulseHeight_min_median;pulseArea_min_median]  [1/3 files]
                         ch45  method=statistical           max_z=8.14      if_score=-0.5831     features=[pulseDuriation_max_median]  [1/3 files]
                         ch46  method=statistical           max_z=6.62      if_score=-0.5072     features=[sideband_rms_median]  [1/3 files]
                         ch48  method=statistical           max_z=23.63     if_score=-0.5828     features=[nPulses_median;pulseHeight_min_std]  [1/3 files]
                         ch49  method=statistical           max_z=6.77      if_score=-0.5408     features=[pulseHeight_max_median]  [1/3 files]
                          ch5  method=statistical+IF        max_z=16.83     if_score=-0.6245     features=[pulseHeight_min_mean;pulseHeight_min_median;pulseArea_min_median]  [1/3 files]
                         ch50  method=statistical+IF        max_z=17.69     if_score=-0.7233     features=[sideband_mean_mean;sideband_rms_mean;pulseHeight_max_median;pulseHeight_min_mean;pulseHeight_min_median;pulseArea_max_median;pulseArea_min_mean;pulseArea_min_median;pulseDuriation_min_mean;pulseDuriation_min_median]  [1/3 files]
                         ch51  method=statistical+IF        max_z=37.38     if_score=-0.6811     features=[sideband_mean_mean;sideband_rms_mean;sideband_rms_std;nPulses_mean;nPulses_median;pulseHeight_max_mean;pulseHeight_max_median;pulseArea_max_mean;pulseArea_max_median]  [1/3 files]
                         ch54  method=statistical           max_z=7.58      if_score=-0.6068     features=[pulseHeight_min_median]  [1/3 files]
                         ch55  method=statistical           max_z=6.37      if_score=-0.5647     features=[pulseHeight_min_std;pulseArea_max_std]  [1/3 files]
                         ch62  method=statistical           max_z=7.52      if_score=-0.4888     features=[pulseArea_max_std]  [1/3 files]
                         ch63  method=statistical+IF        max_z=9.96      if_score=-0.6135     features=[pulseHeight_min_median;pulseArea_max_std;pulseArea_min_mean;pulseArea_min_std;pulseArea_min_median]  [1/3 files]
                         ch88  method=statistical+IF        max_z=9.27      if_score=-0.6264     features=[nPulses_median]  [1/3 files]
                         ch89  method=statistical           max_z=16.65     if_score=-0.5933     features=[nPulses_median]  [1/3 files]
                         ch90  method=statistical           max_z=12.09     if_score=-0.6039     features=[nPulses_mean;nPulses_std;nPulses_median]  [1/3 files]
                         ch91  method=statistical           max_z=10.53     if_score=-0.589      features=[pulseDuriation_max_mean;pulseDuriation_max_std;pulseDuriation_min_mean;pulseDuriation_min_std]  [1/3 files]
                         ch93  method=statistical+IF        max_z=8.14      if_score=-0.6556     features=[pulseArea_min_mean;pulseArea_min_std;pulseDuriation_min_std]  [1/3 files]
                         ch94  method=statistical           max_z=9.22      if_score=-0.5523     features=[nPulses_median]  [1/3 files]
  [run 1434] New run — channel history reset
[OK]    2026-04-28T18:23:49Z  Digitizer_run1434_subrun13.csv  —  96 channels, all nominal
[OK]    2026-04-28T18:23:51Z  Digitizer_run1434_subrun25.csv  —  1 transient anomalous channel(s), streak not established  [window: 3 files]
                         ch57  method=statistical           max_z=7.1       if_score=-0.5286     features=[pulseArea_min_median]  [1/3 files]
[OK]    2026-04-28T18:23:53Z  Digitizer_run1434_subrun29.csv  —  96 channels, all nominal
[OK]    2026-04-28T18:23:55Z  Digitizer_run1434_subrun32.csv  —  96 channels, all nominal
[OK]    2026-04-28T18:23:57Z  Digitizer_run1434_subrun35.csv  —  1 transient anomalous channel(s), streak not established  [window: 3 files]
                         ch93  method=isolation_forest      max_z=4.59      if_score=-0.6179     features=[]  [1/3 files]
[OK]    2026-04-28T18:23:58Z  Digitizer_run1434_subrun45.csv  —  1 transient anomalous channel(s), streak not established  [window: 3 files]
                         ch93  method=isolation_forest      max_z=5.77      if_score=-0.6273     features=[]  [2/3 files]
[OK]    2026-04-28T18:24:00Z  Digitizer_run1434_subrun71.csv  —  96 channels, all nominal
[OK]    2026-04-28T18:24:02Z  Digitizer_run1434_subrun92.csv  —  1 transient anomalous channel(s), streak not established  [window: 3 files]
                         ch93  method=statistical+IF        max_z=6.33      if_score=-0.6569     features=[sideband_mean_mean]  [2/3 files]
[ALERT] 2026-04-28T18:24:04Z  Digitizer_run1434_subrun93.csv  —  extreme z=20.0 on 32
                          ch3  method=statistical           max_z=6.94      if_score=-0.5483     features=[pulseArea_min_median]  [1/3 files]
                         ch32  method=statistical           max_z=19.96     if_score=-0.5066     features=[nPulses_median]  [1/3 files]
                         ch93  method=isolation_forest      max_z=5.34      if_score=-0.6141     features=[]  [2/3 files]
  [run 1436] New run — channel history reset
[OK]    2026-04-28T18:24:06Z  Digitizer_run1436_subrun10.csv  —  96 channels, all nominal
[OK]    2026-04-28T18:24:08Z  Digitizer_run1436_subrun15.csv  —  96 channels, all nominal
[OK]    2026-04-28T18:24:10Z  Digitizer_run1436_subrun18.csv  —  1 transient anomalous channel(s), streak not established  [window: 3 files]
                         ch45  method=statistical           max_z=8.93      if_score=-0.5604     features=[pulseHeight_min_median;pulseArea_min_median]  [1/3 files]
[OK]    2026-04-28T18:24:12Z  Digitizer_run1436_subrun20.csv  —  96 channels, all nominal
[OK]    2026-04-28T18:24:14Z  Digitizer_run1436_subrun23.csv  —  2 transient anomalous channel(s), streak not established  [window: 3 files]
                          ch1  method=statistical           max_z=6.04      if_score=-0.4468     features=[nPulses_median]  [1/3 files]
                         ch88  method=statistical           max_z=6.44      if_score=-0.5277     features=[pulseHeight_max_median]  [1/3 files]
[OK]    2026-04-28T18:24:16Z  Digitizer_run1436_subrun33.csv  —  96 channels, all nominal
[OK]    2026-04-28T18:24:18Z  Digitizer_run1436_subrun44.csv  —  96 channels, all nominal
[OK]    2026-04-28T18:24:20Z  Digitizer_run1436_subrun46.csv  —  96 channels, all nominal
[OK]    2026-04-28T18:24:22Z  Digitizer_run1436_subrun78.csv  —  96 channels, all nominal
[OK]    2026-04-28T18:24:23Z  Digitizer_run1436_subrun92.csv  —  1 transient anomalous channel(s), streak not established  [window: 3 files]
                          ch9  method=statistical           max_z=11.23     if_score=-0.4898     features=[nPulses_median]  [1/3 files]
[OK]    2026-04-28T18:24:25Z  Digitizer_run1436_subrun98.csv  —  96 channels, all nominal
[OK]    2026-04-28T18:24:27Z  Digitizer_run1436_subrun105.csv  —  96 channels, all nominal
[OK]    2026-04-28T18:24:29Z  Digitizer_run1436_subrun106.csv  —  1 transient anomalous channel(s), streak not established  [window: 3 files]
                          ch6  method=statistical           max_z=6.64      if_score=-0.5158     features=[nPulses_median]  [1/3 files]
[OK]    2026-04-28T18:24:31Z  Digitizer_run1436_subrun122.csv  —  96 channels, all nominal
[OK]    2026-04-28T18:24:33Z  Digitizer_run1436_subrun127.csv  —  96 channels, all nominal
[OK]    2026-04-28T18:24:34Z  Digitizer_run1436_subrun145.csv  —  1 transient anomalous channel(s), streak not established  [window: 3 files]
                         ch33  method=statistical           max_z=8.88      if_score=-0.4882     features=[nPulses_median]  [1/3 files]
[OK]    2026-04-28T18:24:36Z  Digitizer_run1436_subrun183.csv  —  96 channels, all nominal
[OK]    2026-04-28T18:24:38Z  Digitizer_run1436_subrun192.csv  —  96 channels, all nominal
[OK]    2026-04-28T18:24:40Z  Digitizer_run1436_subrun197.csv  —  96 channels, all nominal
[OK]    2026-04-28T18:24:42Z  Digitizer_run1436_subrun199.csv  —  1 transient anomalous channel(s), streak not established  [window: 3 files]
                          ch9  method=statistical+IF        max_z=7.15      if_score=-0.6103     features=[pulseArea_min_median;pulseDuriation_min_mean]  [1/3 files]
[OK]    2026-04-28T18:24:44Z  Digitizer_run1436_subrun215.csv  —  96 channels, all nominal
[OK]    2026-04-28T18:24:46Z  Digitizer_run1436_subrun222.csv  —  96 channels, all nominal
[OK]    2026-04-28T18:24:47Z  Digitizer_run1436_subrun227.csv  —  96 channels, all nominal
[OK]    2026-04-28T18:24:49Z  Digitizer_run1436_subrun230.csv  —  96 channels, all nominal
[OK]    2026-04-28T18:24:51Z  Digitizer_run1436_subrun231.csv  —  1 transient anomalous channel(s), streak not established  [window: 3 files]
                         ch33  method=statistical           max_z=8.88      if_score=-0.4694     features=[nPulses_median]  [1/3 files]
[OK]    2026-04-28T18:24:53Z  Digitizer_run1436_subrun233.csv  —  96 channels, all nominal
[OK]    2026-04-28T18:24:55Z  Digitizer_run1436_subrun238.csv  —  96 channels, all nominal
[OK]    2026-04-28T18:24:57Z  Digitizer_run1436_subrun248.csv  —  1 transient anomalous channel(s), streak not established  [window: 3 files]
                         ch20  method=statistical           max_z=13.62     if_score=-0.4714     features=[nPulses_median]  [1/3 files]
[OK]    2026-04-28T18:24:58Z  Digitizer_run1436_subrun288.csv  —  96 channels, all nominal
[OK]    2026-04-28T18:25:00Z  Digitizer_run1436_subrun292.csv  —  96 channels, all nominal
[OK]    2026-04-28T18:25:02Z  Digitizer_run1436_subrun308.csv  —  96 channels, all nominal
[OK]    2026-04-28T18:25:04Z  Digitizer_run1436_subrun316.csv  —  96 channels, all nominal
[OK]    2026-04-28T18:25:06Z  Digitizer_run1436_subrun329.csv  —  1 transient anomalous channel(s), streak not established  [window: 3 files]
                         ch24  method=isolation_forest      max_z=5.76      if_score=-0.6372     features=[]  [1/3 files]
[OK]    2026-04-28T18:25:08Z  Digitizer_run1436_subrun337.csv  —  96 channels, all nominal
[OK]    2026-04-28T18:25:10Z  Digitizer_run1436_subrun342.csv  —  96 channels, all nominal
[OK]    2026-04-28T18:25:11Z  Digitizer_run1436_subrun348.csv  —  96 channels, all nominal
[OK]    2026-04-28T18:25:13Z  Digitizer_run1436_subrun350.csv  —  1 transient anomalous channel(s), streak not established  [window: 3 files]
                         ch41  method=statistical           max_z=6.33      if_score=-0.5682     features=[pulseHeight_min_median]  [1/3 files]
[OK]    2026-04-28T18:25:15Z  Digitizer_run1436_subrun351.csv  —  96 channels, all nominal
[OK]    2026-04-28T18:25:16Z  Digitizer_run1436_subrun358.csv  —  96 channels, all nominal
[OK]    2026-04-28T18:25:18Z  Digitizer_run1436_subrun373.csv  —  1 transient anomalous channel(s), streak not established  [window: 3 files]
                         ch88  method=statistical           max_z=9.27      if_score=-0.5118     features=[nPulses_median]  [1/3 files]
[OK]    2026-04-28T18:25:20Z  Digitizer_run1436_subrun378.csv  —  96 channels, all nominal
[OK]    2026-04-28T18:25:22Z  Digitizer_run1436_subrun383.csv  —  2 transient anomalous channel(s), streak not established  [window: 3 files]
                          ch2  method=statistical           max_z=6.89      if_score=-0.5916     features=[pulseArea_min_median]  [1/3 files]
                         ch93  method=statistical           max_z=7.43      if_score=-0.5157     features=[sideband_rms_mean;sideband_rms_std]  [1/3 files]
[OK]    2026-04-28T18:25:24Z  Digitizer_run1436_subrun384.csv  —  96 channels, all nominal
[OK]    2026-04-28T18:25:25Z  Digitizer_run1436_subrun388.csv  —  96 channels, all nominal
[OK]    2026-04-28T18:25:27Z  Digitizer_run1436_subrun401.csv  —  2 transient anomalous channel(s), streak not established  [window: 3 files]
                         ch32  method=statistical           max_z=9.95      if_score=-0.462      features=[nPulses_median]  [1/3 files]
                         ch88  method=statistical           max_z=9.27      if_score=-0.4631     features=[nPulses_median]  [1/3 files]
[OK]    2026-04-28T18:25:29Z  Digitizer_run1436_subrun417.csv  —  96 channels, all nominal
[OK]    2026-04-28T18:25:31Z  Digitizer_run1436_subrun433.csv  —  1 transient anomalous channel(s), streak not established  [window: 3 files]
                         ch94  method=statistical           max_z=9.22      if_score=-0.4719     features=[nPulses_median]  [1/3 files]
  [run 1437] New run — channel history reset
[OK]    2026-04-28T18:25:33Z  Digitizer_run1437_subrun6.csv  —  96 channels, all nominal
[OK]    2026-04-28T18:25:35Z  Digitizer_run1437_subrun9.csv  —  3 transient anomalous channel(s), streak not established  [window: 3 files]
                          ch0  method=statistical           max_z=7.12      if_score=-0.5705     features=[pulseHeight_max_median;pulseArea_max_median]  [1/3 files]
                          ch1  method=statistical           max_z=7.06      if_score=-0.5625     features=[pulseHeight_max_median;pulseArea_max_median]  [1/3 files]
                          ch2  method=statistical           max_z=6.27      if_score=-0.5494     features=[sideband_rms_mean]  [1/3 files]
[OK]    2026-04-28T18:25:37Z  Digitizer_run1437_subrun16.csv  —  96 channels, all nominal
[OK]    2026-04-28T18:25:38Z  Digitizer_run1437_subrun34.csv  —  96 channels, all nominal
[OK]    2026-04-28T18:25:40Z  Digitizer_run1437_subrun39.csv  —  96 channels, all nominal
[OK]    2026-04-28T18:25:42Z  Digitizer_run1437_subrun53.csv  —  96 channels, all nominal
[OK]    2026-04-28T18:25:43Z  Digitizer_run1437_subrun59.csv  —  96 channels, all nominal
  [run 1443] New run — channel history reset
[OK]    2026-04-28T18:25:45Z  Digitizer_run1443_subrun18.csv  —  1 transient anomalous channel(s), streak not established  [window: 3 files]
                          ch1  method=statistical           max_z=6.04      if_score=-0.4384     features=[nPulses_median]  [1/3 files]
[OK]    2026-04-28T18:25:47Z  Digitizer_run1443_subrun21.csv  —  96 channels, all nominal
[OK]    2026-04-28T18:25:48Z  Digitizer_run1443_subrun26.csv  —  96 channels, all nominal
[OK]    2026-04-28T18:25:51Z  Digitizer_run1443_subrun52.csv  —  1 transient anomalous channel(s), streak not established  [window: 3 files]
                         ch12  method=statistical           max_z=6.45      if_score=-0.5471     features=[pulseDuriation_max_std;pulseDuriation_min_std]  [1/3 files]
[OK]    2026-04-28T18:25:53Z  Digitizer_run1443_subrun63.csv  —  96 channels, all nominal
[OK]    2026-04-28T18:25:54Z  Digitizer_run1443_subrun68.csv  —  1 transient anomalous channel(s), streak not established  [window: 3 files]
                          ch1  method=statistical           max_z=6.04      if_score=-0.5019     features=[nPulses_median]  [1/3 files]
[OK]    2026-04-28T18:25:56Z  Digitizer_run1443_subrun70.csv  —  96 channels, all nominal
[OK]    2026-04-28T18:25:58Z  Digitizer_run1443_subrun74.csv  —  1 transient anomalous channel(s), streak not established  [window: 3 files]
                          ch1  method=statistical           max_z=6.04      if_score=-0.4936     features=[nPulses_median]  [2/3 files]
[OK]    2026-04-28T18:26:00Z  Digitizer_run1443_subrun83.csv  —  1 transient anomalous channel(s), streak not established  [window: 3 files]
                         ch48  method=statistical           max_z=11.79     if_score=-0.4985     features=[nPulses_median]  [1/3 files]
[ALERT] 2026-04-28T18:26:02Z  Digitizer_run1443_subrun85.csv  —  extreme z=26.4 on 83
                         ch10  method=statistical           max_z=15.23     if_score=-0.488      features=[nPulses_median]  [1/3 files]
                         ch83  method=statistical           max_z=26.42     if_score=-0.5846     features=[nPulses_median]  [1/3 files]
[OK]    2026-04-28T18:26:04Z  Digitizer_run1443_subrun88.csv  —  96 channels, all nominal
[OK]    2026-04-28T18:26:05Z  Digitizer_run1443_subrun93.csv  —  96 channels, all nominal
[OK]    2026-04-28T18:26:07Z  Digitizer_run1443_subrun118.csv  —  96 channels, all nominal
[OK]    2026-04-28T18:26:09Z  Digitizer_run1443_subrun134.csv  —  1 transient anomalous channel(s), streak not established  [window: 3 files]
                         ch16  method=statistical           max_z=7.56      if_score=-0.4802     features=[pulseHeight_min_median;pulseArea_min_median]  [1/3 files]
[OK]    2026-04-28T18:26:11Z  Digitizer_run1443_subrun152.csv  —  96 channels, all nominal
[OK]    2026-04-28T18:26:13Z  Digitizer_run1443_subrun158.csv  —  96 channels, all nominal
[OK]    2026-04-28T18:26:15Z  Digitizer_run1443_subrun170.csv  —  1 transient anomalous channel(s), streak not established  [window: 3 files]
                         ch60  method=statistical           max_z=6.85      if_score=-0.5322     features=[pulseHeight_max_median]  [1/3 files]
  --- 200/1398 files processed ---
[OK]    2026-04-28T18:26:16Z  Digitizer_run1443_subrun176.csv  —  96 channels, all nominal
[OK]    2026-04-28T18:26:18Z  Digitizer_run1443_subrun177.csv  —  96 channels, all nominal
[OK]    2026-04-28T18:26:20Z  Digitizer_run1443_subrun182.csv  —  96 channels, all nominal
[OK]    2026-04-28T18:26:21Z  Digitizer_run1443_subrun183.csv  —  96 channels, all nominal
[OK]    2026-04-28T18:26:23Z  Digitizer_run1443_subrun231.csv  —  96 channels, all nominal
[OK]    2026-04-28T18:26:25Z  Digitizer_run1443_subrun235.csv  —  1 transient anomalous channel(s), streak not established  [window: 3 files]
                         ch18  method=statistical           max_z=8.8       if_score=-0.4962     features=[sideband_rms_mean;sideband_rms_std]  [1/3 files]
[OK]    2026-04-28T18:26:27Z  Digitizer_run1443_subrun239.csv  —  96 channels, all nominal
[ALERT] 2026-04-28T18:26:29Z  Digitizer_run1443_subrun254.csv  —  extreme z=16.7 on 5
                          ch5  method=statistical           max_z=16.69     if_score=-0.5595     features=[nPulses_median]  [1/3 files]
[OK]    2026-04-28T18:26:30Z  Digitizer_run1443_subrun262.csv  —  96 channels, all nominal
[OK]    2026-04-28T18:26:32Z  Digitizer_run1443_subrun267.csv  —  96 channels, all nominal
[OK]    2026-04-28T18:26:34Z  Digitizer_run1443_subrun279.csv  —  96 channels, all nominal
[OK]    2026-04-28T18:26:36Z  Digitizer_run1443_subrun282.csv  —  96 channels, all nominal
[OK]    2026-04-28T18:26:37Z  Digitizer_run1443_subrun285.csv  —  96 channels, all nominal
[OK]    2026-04-28T18:26:39Z  Digitizer_run1443_subrun297.csv  —  96 channels, all nominal
[OK]    2026-04-28T18:26:41Z  Digitizer_run1443_subrun337.csv  —  96 channels, all nominal
[OK]    2026-04-28T18:26:43Z  Digitizer_run1443_subrun338.csv  —  96 channels, all nominal
[OK]    2026-04-28T18:26:45Z  Digitizer_run1443_subrun340.csv  —  96 channels, all nominal
[OK]    2026-04-28T18:26:47Z  Digitizer_run1443_subrun361.csv  —  96 channels, all nominal
[OK]    2026-04-28T18:26:48Z  Digitizer_run1443_subrun364.csv  —  96 channels, all nominal
[OK]    2026-04-28T18:26:50Z  Digitizer_run1443_subrun378.csv  —  96 channels, all nominal
[OK]    2026-04-28T18:26:52Z  Digitizer_run1443_subrun394.csv  —  96 channels, all nominal
[OK]    2026-04-28T18:26:54Z  Digitizer_run1443_subrun417.csv  —  96 channels, all nominal
[OK]    2026-04-28T18:26:55Z  Digitizer_run1443_subrun430.csv  —  96 channels, all nominal
[OK]    2026-04-28T18:26:57Z  Digitizer_run1443_subrun460.csv  —  1 transient anomalous channel(s), streak not established  [window: 3 files]
                         ch11  method=statistical           max_z=10.86     if_score=-0.4751     features=[nPulses_median]  [1/3 files]
[OK]    2026-04-28T18:26:59Z  Digitizer_run1443_subrun461.csv  —  96 channels, all nominal
  [run 1448] New run — channel history reset
[OK]    2026-04-28T18:27:01Z  Digitizer_run1448_subrun16.csv  —  96 channels, all nominal
[ALERT] 2026-04-28T18:27:03Z  Digitizer_run1448_subrun17.csv  —  6/96 anomalous ch  [bulk ≥5]
                         ch34  method=statistical           max_z=6.15      if_score=-0.5021     features=[pulseDuriation_max_mean]  [1/3 files]
                         ch37  method=statistical           max_z=9.27      if_score=-0.5933     features=[pulseDuriation_max_mean;pulseDuriation_min_mean]  [1/3 files]
                         ch39  method=statistical           max_z=12.65     if_score=-0.5605     features=[pulseDuriation_max_mean;pulseDuriation_max_std;pulseDuriation_min_mean;pulseDuriation_min_std]  [1/3 files]
                         ch40  method=statistical           max_z=6.84      if_score=-0.6028     features=[pulseDuriation_max_mean;pulseDuriation_min_mean]  [1/3 files]
                         ch46  method=statistical           max_z=8.28      if_score=-0.5826     features=[pulseDuriation_max_mean;pulseDuriation_min_mean]  [1/3 files]
                         ch51  method=statistical           max_z=10.06     if_score=-0.5899     features=[pulseDuriation_max_mean;pulseDuriation_min_mean]  [1/3 files]
[OK]    2026-04-28T18:27:05Z  Digitizer_run1448_subrun26.csv  —  96 channels, all nominal
  [run 1457] New run — channel history reset
[OK]    2026-04-28T18:27:07Z  Digitizer_run1457_subrun7.csv  —  96 channels, all nominal
[OK]    2026-04-28T18:27:09Z  Digitizer_run1457_subrun17.csv  —  96 channels, all nominal
[OK]    2026-04-28T18:27:10Z  Digitizer_run1457_subrun38.csv  —  96 channels, all nominal
[OK]    2026-04-28T18:27:12Z  Digitizer_run1457_subrun46.csv  —  1 transient anomalous channel(s), streak not established  [window: 3 files]
                         ch30  method=statistical           max_z=11.23     if_score=-0.508      features=[nPulses_median]  [1/3 files]
[OK]    2026-04-28T18:27:14Z  Digitizer_run1457_subrun91.csv  —  96 channels, all nominal
[OK]    2026-04-28T18:27:16Z  Digitizer_run1457_subrun94.csv  —  1 transient anomalous channel(s), streak not established  [window: 3 files]
                          ch8  method=statistical           max_z=7.03      if_score=-0.5339     features=[pulseHeight_min_median;pulseArea_min_median]  [1/3 files]
[OK]    2026-04-28T18:27:18Z  Digitizer_run1457_subrun103.csv  —  1 transient anomalous channel(s), streak not established  [window: 3 files]
                          ch1  method=statistical           max_z=6.04      if_score=-0.4261     features=[nPulses_median]  [1/3 files]
[OK]    2026-04-28T18:27:20Z  Digitizer_run1457_subrun111.csv  —  96 channels, all nominal
[OK]    2026-04-28T18:27:22Z  Digitizer_run1457_subrun118.csv  —  96 channels, all nominal
[OK]    2026-04-28T18:27:24Z  Digitizer_run1457_subrun119.csv  —  96 channels, all nominal
[OK]    2026-04-28T18:27:25Z  Digitizer_run1457_subrun121.csv  —  96 channels, all nominal
[ALERT] 2026-04-28T18:27:27Z  Digitizer_run1457_subrun148.csv  —  extreme z=16.7 on 14
                         ch14  method=statistical           max_z=16.69     if_score=-0.4811     features=[nPulses_median]  [1/3 files]
[OK]    2026-04-28T18:27:29Z  Digitizer_run1457_subrun162.csv  —  96 channels, all nominal
[OK]    2026-04-28T18:27:31Z  Digitizer_run1457_subrun169.csv  —  96 channels, all nominal
[OK]    2026-04-28T18:27:33Z  Digitizer_run1457_subrun173.csv  —  96 channels, all nominal
[OK]    2026-04-28T18:27:34Z  Digitizer_run1457_subrun180.csv  —  96 channels, all nominal
[OK]    2026-04-28T18:27:36Z  Digitizer_run1457_subrun181.csv  —  96 channels, all nominal
[OK]    2026-04-28T18:27:38Z  Digitizer_run1457_subrun183.csv  —  96 channels, all nominal
[OK]    2026-04-28T18:27:40Z  Digitizer_run1457_subrun199.csv  —  96 channels, all nominal
[OK]    2026-04-28T18:27:41Z  Digitizer_run1457_subrun206.csv  —  96 channels, all nominal
[OK]    2026-04-28T18:27:43Z  Digitizer_run1457_subrun209.csv  —  1 transient anomalous channel(s), streak not established  [window: 3 files]
                          ch1  method=statistical           max_z=6.04      if_score=-0.4804     features=[nPulses_median]  [1/3 files]
[OK]    2026-04-28T18:27:45Z  Digitizer_run1457_subrun213.csv  —  2 transient anomalous channel(s), streak not established  [window: 3 files]
                         ch18  method=statistical           max_z=11.52     if_score=-0.5823     features=[sideband_rms_mean;sideband_rms_std]  [1/3 files]
                         ch63  method=statistical           max_z=6.38      if_score=-0.4903     features=[sideband_mean_mean]  [1/3 files]
[OK]    2026-04-28T18:27:47Z  Digitizer_run1457_subrun223.csv  —  96 channels, all nominal
[OK]    2026-04-28T18:27:49Z  Digitizer_run1457_subrun224.csv  —  96 channels, all nominal
[OK]    2026-04-28T18:27:50Z  Digitizer_run1457_subrun241.csv  —  96 channels, all nominal
[OK]    2026-04-28T18:27:52Z  Digitizer_run1457_subrun250.csv  —  96 channels, all nominal
[OK]    2026-04-28T18:27:54Z  Digitizer_run1457_subrun256.csv  —  1 transient anomalous channel(s), streak not established  [window: 3 files]
                         ch16  method=statistical           max_z=7.18      if_score=-0.4728     features=[pulseHeight_min_median]  [1/3 files]
[OK]    2026-04-28T18:27:56Z  Digitizer_run1457_subrun261.csv  —  96 channels, all nominal
[OK]    2026-04-28T18:27:58Z  Digitizer_run1457_subrun268.csv  —  1 transient anomalous channel(s), streak not established  [window: 3 files]
                         ch43  method=statistical           max_z=6.95      if_score=-0.5965     features=[pulseHeight_min_median;pulseArea_min_median]  [1/3 files]
[OK]    2026-04-28T18:28:00Z  Digitizer_run1457_subrun271.csv  —  96 channels, all nominal
[OK]    2026-04-28T18:28:02Z  Digitizer_run1457_subrun284.csv  —  96 channels, all nominal
[OK]    2026-04-28T18:28:04Z  Digitizer_run1457_subrun285.csv  —  96 channels, all nominal
[OK]    2026-04-28T18:28:05Z  Digitizer_run1457_subrun292.csv  —  96 channels, all nominal
[OK]    2026-04-28T18:28:07Z  Digitizer_run1457_subrun298.csv  —  1 transient anomalous channel(s), streak not established  [window: 3 files]
                         ch53  method=statistical           max_z=6.89      if_score=-0.5343     features=[pulseHeight_max_median]  [1/3 files]
[OK]    2026-04-28T18:28:09Z  Digitizer_run1457_subrun311.csv  —  96 channels, all nominal
[OK]    2026-04-28T18:28:11Z  Digitizer_run1457_subrun323.csv  —  96 channels, all nominal
[OK]    2026-04-28T18:28:13Z  Digitizer_run1457_subrun324.csv  —  96 channels, all nominal
[OK]    2026-04-28T18:28:15Z  Digitizer_run1457_subrun339.csv  —  96 channels, all nominal
[OK]    2026-04-28T18:28:17Z  Digitizer_run1457_subrun341.csv  —  96 channels, all nominal
[OK]    2026-04-28T18:28:19Z  Digitizer_run1457_subrun354.csv  —  1 transient anomalous channel(s), streak not established  [window: 3 files]
                         ch20  method=isolation_forest      max_z=5.29      if_score=-0.6376     features=[]  [1/3 files]
[OK]    2026-04-28T18:28:21Z  Digitizer_run1457_subrun360.csv  —  1 transient anomalous channel(s), streak not established  [window: 3 files]
                         ch88  method=statistical           max_z=9.27      if_score=-0.4784     features=[nPulses_median]  [1/3 files]
[OK]    2026-04-28T18:28:22Z  Digitizer_run1457_subrun374.csv  —  96 channels, all nominal
[OK]    2026-04-28T18:28:24Z  Digitizer_run1457_subrun381.csv  —  96 channels, all nominal
[OK]    2026-04-28T18:28:26Z  Digitizer_run1457_subrun382.csv  —  96 channels, all nominal
[OK]    2026-04-28T18:28:28Z  Digitizer_run1457_subrun395.csv  —  96 channels, all nominal
[OK]    2026-04-28T18:28:30Z  Digitizer_run1457_subrun401.csv  —  1 transient anomalous channel(s), streak not established  [window: 3 files]
                         ch32  method=statistical           max_z=6.09      if_score=-0.5475     features=[pulseDuriation_min_mean]  [1/3 files]
[OK]    2026-04-28T18:28:32Z  Digitizer_run1457_subrun402.csv  —  96 channels, all nominal
[OK]    2026-04-28T18:28:34Z  Digitizer_run1457_subrun426.csv  —  96 channels, all nominal
[OK]    2026-04-28T18:28:36Z  Digitizer_run1457_subrun457.csv  —  1 transient anomalous channel(s), streak not established  [window: 3 files]
                          ch8  method=statistical           max_z=6.18      if_score=-0.5405     features=[pulseArea_min_median]  [1/3 files]
[OK]    2026-04-28T18:28:37Z  Digitizer_run1457_subrun480.csv  —  96 channels, all nominal
[OK]    2026-04-28T18:28:39Z  Digitizer_run1457_subrun524.csv  —  1 transient anomalous channel(s), streak not established  [window: 3 files]
                          ch1  method=statistical           max_z=6.04      if_score=-0.4842     features=[nPulses_median]  [1/3 files]
[OK]    2026-04-28T18:28:41Z  Digitizer_run1457_subrun528.csv  —  96 channels, all nominal
[OK]    2026-04-28T18:28:43Z  Digitizer_run1457_subrun547.csv  —  96 channels, all nominal
[OK]    2026-04-28T18:28:45Z  Digitizer_run1457_subrun558.csv  —  96 channels, all nominal
[OK]    2026-04-28T18:28:47Z  Digitizer_run1457_subrun562.csv  —  96 channels, all nominal
[OK]    2026-04-28T18:28:50Z  Digitizer_run1457_subrun577.csv  —  96 channels, all nominal
  [run 1458] New run — channel history reset
[ALERT] 2026-04-28T18:28:51Z  Digitizer_run1458_subrun18.csv  —  extreme z=16.7 on 0
                          ch0  method=statistical           max_z=16.7      if_score=-0.5839     features=[nPulses_median]  [1/3 files]
[OK]    2026-04-28T18:28:53Z  Digitizer_run1458_subrun20.csv  —  96 channels, all nominal
[OK]    2026-04-28T18:28:55Z  Digitizer_run1458_subrun31.csv  —  1 transient anomalous channel(s), streak not established  [window: 3 files]
                         ch42  method=statistical           max_z=7.05      if_score=-0.519      features=[pulseHeight_min_median;pulseArea_min_median]  [1/3 files]
[OK]    2026-04-28T18:28:57Z  Digitizer_run1458_subrun32.csv  —  96 channels, all nominal
[OK]    2026-04-28T18:28:59Z  Digitizer_run1458_subrun66.csv  —  96 channels, all nominal
[ALERT] 2026-04-28T18:29:01Z  Digitizer_run1458_subrun70.csv  —  extreme z=16.7 on 14
                         ch14  method=statistical           max_z=16.69     if_score=-0.5362     features=[nPulses_median]  [1/3 files]
[OK]    2026-04-28T18:29:03Z  Digitizer_run1458_subrun72.csv  —  96 channels, all nominal
[OK]    2026-04-28T18:29:05Z  Digitizer_run1458_subrun99.csv  —  96 channels, all nominal
[OK]    2026-04-28T18:29:07Z  Digitizer_run1458_subrun113.csv  —  1 transient anomalous channel(s), streak not established  [window: 3 files]
                          ch6  method=statistical           max_z=6.64      if_score=-0.4778     features=[nPulses_median]  [1/3 files]
[OK]    2026-04-28T18:29:09Z  Digitizer_run1458_subrun126.csv  —  1 transient anomalous channel(s), streak not established  [window: 3 files]
                         ch26  method=statistical           max_z=6.21      if_score=-0.5294     features=[pulseHeight_min_median]  [1/3 files]
[OK]    2026-04-28T18:29:11Z  Digitizer_run1458_subrun137.csv  —  96 channels, all nominal
[OK]    2026-04-28T18:29:12Z  Digitizer_run1458_subrun166.csv  —  96 channels, all nominal
[OK]    2026-04-28T18:29:14Z  Digitizer_run1458_subrun183.csv  —  96 channels, all nominal
[OK]    2026-04-28T18:29:16Z  Digitizer_run1458_subrun204.csv  —  96 channels, all nominal
[OK]    2026-04-28T18:29:18Z  Digitizer_run1458_subrun207.csv  —  1 transient anomalous channel(s), streak not established  [window: 3 files]
                         ch17  method=statistical           max_z=6.13      if_score=-0.4919     features=[pulseHeight_min_median]  [1/3 files]
[OK]    2026-04-28T18:29:20Z  Digitizer_run1458_subrun209.csv  —  96 channels, all nominal
  --- 300/1398 files processed ---
[OK]    2026-04-28T18:29:22Z  Digitizer_run1458_subrun212.csv  —  96 channels, all nominal
[OK]    2026-04-28T18:29:24Z  Digitizer_run1458_subrun215.csv  —  96 channels, all nominal
[OK]    2026-04-28T18:29:26Z  Digitizer_run1458_subrun223.csv  —  96 channels, all nominal
[OK]    2026-04-28T18:29:28Z  Digitizer_run1458_subrun231.csv  —  96 channels, all nominal
[OK]    2026-04-28T18:29:30Z  Digitizer_run1458_subrun232.csv  —  96 channels, all nominal
[OK]    2026-04-28T18:29:32Z  Digitizer_run1458_subrun236.csv  —  96 channels, all nominal
[OK]    2026-04-28T18:29:33Z  Digitizer_run1458_subrun243.csv  —  96 channels, all nominal
[OK]    2026-04-28T18:29:35Z  Digitizer_run1458_subrun248.csv  —  1 transient anomalous channel(s), streak not established  [window: 3 files]
                         ch26  method=statistical           max_z=6.69      if_score=-0.5078     features=[sideband_rms_mean]  [1/3 files]
[OK]    2026-04-28T18:29:37Z  Digitizer_run1458_subrun257.csv  —  96 channels, all nominal
[OK]    2026-04-28T18:29:39Z  Digitizer_run1458_subrun273.csv  —  96 channels, all nominal
[OK]    2026-04-28T18:29:41Z  Digitizer_run1458_subrun278.csv  —  96 channels, all nominal
[OK]    2026-04-28T18:29:43Z  Digitizer_run1458_subrun321.csv  —  96 channels, all nominal
[OK]    2026-04-28T18:29:45Z  Digitizer_run1458_subrun334.csv  —  96 channels, all nominal
[OK]    2026-04-28T18:29:47Z  Digitizer_run1458_subrun342.csv  —  96 channels, all nominal
[OK]    2026-04-28T18:29:49Z  Digitizer_run1458_subrun350.csv  —  96 channels, all nominal
[OK]    2026-04-28T18:29:50Z  Digitizer_run1458_subrun351.csv  —  96 channels, all nominal
[OK]    2026-04-28T18:29:52Z  Digitizer_run1458_subrun355.csv  —  96 channels, all nominal
[OK]    2026-04-28T18:29:54Z  Digitizer_run1458_subrun359.csv  —  96 channels, all nominal
[OK]    2026-04-28T18:29:56Z  Digitizer_run1458_subrun362.csv  —  1 transient anomalous channel(s), streak not established  [window: 3 files]
                          ch1  method=statistical           max_z=6.04      if_score=-0.4486     features=[nPulses_median]  [1/3 files]
[OK]    2026-04-28T18:29:58Z  Digitizer_run1458_subrun388.csv  —  96 channels, all nominal
[OK]    2026-04-28T18:30:00Z  Digitizer_run1458_subrun428.csv  —  2 transient anomalous channel(s), streak not established  [window: 3 files]
                          ch2  method=statistical           max_z=9.52      if_score=-0.51       features=[nPulses_median]  [1/3 files]
                         ch31  method=statistical           max_z=7.2       if_score=-0.4764     features=[sideband_rms_mean]  [1/3 files]
[OK]    2026-04-28T18:30:02Z  Digitizer_run1458_subrun439.csv  —  96 channels, all nominal
[OK]    2026-04-28T18:30:04Z  Digitizer_run1458_subrun481.csv  —  96 channels, all nominal
[OK]    2026-04-28T18:30:10Z  Digitizer_run1458_subrun497.csv  —  96 channels, all nominal
[OK]    2026-04-28T18:30:12Z  Digitizer_run1458_subrun525.csv  —  96 channels, all nominal
[OK]    2026-04-28T18:30:14Z  Digitizer_run1458_subrun534.csv  —  1 transient anomalous channel(s), streak not established  [window: 3 files]
                         ch54  method=statistical           max_z=7.66      if_score=-0.5325     features=[pulseArea_max_median]  [1/3 files]
[OK]    2026-04-28T18:30:16Z  Digitizer_run1458_subrun536.csv  —  1 transient anomalous channel(s), streak not established  [window: 3 files]
                         ch33  method=statistical           max_z=8.88      if_score=-0.5379     features=[nPulses_median]  [1/3 files]
[OK]    2026-04-28T18:30:17Z  Digitizer_run1458_subrun543.csv  —  96 channels, all nominal
[OK]    2026-04-28T18:30:19Z  Digitizer_run1458_subrun549.csv  —  1 transient anomalous channel(s), streak not established  [window: 3 files]
                         ch28  method=statistical           max_z=6.01      if_score=-0.4637     features=[pulseHeight_min_median]  [1/3 files]
[OK]    2026-04-28T18:30:21Z  Digitizer_run1458_subrun550.csv  —  96 channels, all nominal
[OK]    2026-04-28T18:30:23Z  Digitizer_run1458_subrun560.csv  —  96 channels, all nominal
[OK]    2026-04-28T18:30:25Z  Digitizer_run1458_subrun563.csv  —  1 transient anomalous channel(s), streak not established  [window: 3 files]
                          ch6  method=statistical           max_z=6.64      if_score=-0.5304     features=[nPulses_median]  [1/3 files]
[OK]    2026-04-28T18:30:27Z  Digitizer_run1458_subrun568.csv  —  96 channels, all nominal
[ALERT] 2026-04-28T18:30:29Z  Digitizer_run1458_subrun576.csv  —  16/96 anomalous ch  [bulk ≥5]  |  extreme z=15.4 on 57
                          ch1  method=statistical           max_z=9.3       if_score=-0.5892     features=[pulseHeight_min_median;pulseArea_min_median]  [1/3 files]
                         ch11  method=statistical           max_z=10.86     if_score=-0.5436     features=[nPulses_median]  [1/3 files]
                         ch20  method=statistical+IF        max_z=12.01     if_score=-0.6659     features=[pulseHeight_min_median;pulseArea_min_mean;pulseArea_min_median;pulseDuriation_min_median]  [1/3 files]
                         ch21  method=statistical           max_z=7.74      if_score=-0.6021     features=[nPulses_median;pulseArea_max_median]  [1/3 files]
                         ch27  method=statistical           max_z=6.25      if_score=-0.5808     features=[sideband_mean_mean]  [1/3 files]
                         ch32  method=statistical           max_z=9.59      if_score=-0.5915     features=[pulseArea_min_mean]  [1/3 files]
                         ch36  method=statistical           max_z=7.6       if_score=-0.6031     features=[sideband_mean_mean;sideband_rms_mean]  [1/3 files]
                         ch37  method=statistical           max_z=7.38      if_score=-0.5547     features=[sideband_rms_mean]  [1/3 files]
                         ch40  method=statistical+IF        max_z=12.17     if_score=-0.6201     features=[sideband_rms_mean;sideband_rms_std;pulseHeight_max_median;pulseArea_max_median]  [1/3 files]
                         ch41  method=statistical           max_z=9.58      if_score=-0.592      features=[sideband_rms_mean;sideband_rms_std]  [1/3 files]
                         ch54  method=statistical           max_z=9.22      if_score=-0.5463     features=[pulseHeight_max_median;pulseArea_max_median;pulseDuriation_min_median]  [1/3 files]
                         ch57  method=statistical           max_z=15.42     if_score=-0.5498     features=[pulseHeight_max_median;pulseArea_max_median]  [1/3 files]
                          ch8  method=statistical+IF        max_z=7.77      if_score=-0.7097     features=[sideband_mean_mean;pulseHeight_min_median;pulseArea_max_mean;pulseDuriation_min_median]  [1/3 files]
                         ch88  method=statistical           max_z=6.16      if_score=-0.5379     features=[sideband_rms_mean]  [1/3 files]
                         ch89  method=statistical           max_z=9.85      if_score=-0.5089     features=[sideband_rms_mean;sideband_rms_std]  [1/3 files]
                          ch9  method=statistical           max_z=7.24      if_score=-0.5998     features=[pulseHeight_min_median;pulseArea_max_mean]  [1/3 files]
  [run 1459] New run — channel history reset
[OK]    2026-04-28T18:30:31Z  Digitizer_run1459_subrun9.csv  —  96 channels, all nominal
[OK]    2026-04-28T18:30:33Z  Digitizer_run1459_subrun18.csv  —  96 channels, all nominal
[OK]    2026-04-28T18:30:35Z  Digitizer_run1459_subrun19.csv  —  1 transient anomalous channel(s), streak not established  [window: 3 files]
                          ch6  method=statistical           max_z=6.64      if_score=-0.4897     features=[nPulses_median]  [1/3 files]
[ALERT] 2026-04-28T18:30:37Z  Digitizer_run1459_subrun22.csv  —  extreme z=16.7 on 14
                          ch1  method=statistical           max_z=6.33      if_score=-0.5302     features=[pulseArea_min_median]  [1/3 files]
                         ch14  method=statistical           max_z=16.69     if_score=-0.5619     features=[nPulses_median]  [1/3 files]
[OK]    2026-04-28T18:30:38Z  Digitizer_run1459_subrun27.csv  —  96 channels, all nominal
[OK]    2026-04-28T18:30:40Z  Digitizer_run1459_subrun44.csv  —  96 channels, all nominal
[OK]    2026-04-28T18:30:42Z  Digitizer_run1459_subrun62.csv  —  96 channels, all nominal
[OK]    2026-04-28T18:30:44Z  Digitizer_run1459_subrun83.csv  —  96 channels, all nominal
[OK]    2026-04-28T18:30:46Z  Digitizer_run1459_subrun88.csv  —  96 channels, all nominal
[OK]    2026-04-28T18:30:47Z  Digitizer_run1459_subrun99.csv  —  1 transient anomalous channel(s), streak not established  [window: 3 files]
                          ch9  method=statistical           max_z=11.23     if_score=-0.5341     features=[nPulses_median]  [1/3 files]
[OK]    2026-04-28T18:30:49Z  Digitizer_run1459_subrun102.csv  —  1 transient anomalous channel(s), streak not established  [window: 3 files]
                         ch33  method=statistical           max_z=8.88      if_score=-0.5233     features=[nPulses_median]  [1/3 files]
[OK]    2026-04-28T18:30:51Z  Digitizer_run1459_subrun110.csv  —  96 channels, all nominal
[ALERT] 2026-04-28T18:30:53Z  Digitizer_run1459_subrun112.csv  —  extreme z=15.6 on 21
                         ch21  method=statistical           max_z=15.56     if_score=-0.5049     features=[nPulses_median]  [1/3 files]
[OK]    2026-04-28T18:30:55Z  Digitizer_run1459_subrun115.csv  —  96 channels, all nominal
[OK]    2026-04-28T18:30:57Z  Digitizer_run1459_subrun125.csv  —  96 channels, all nominal
[OK]    2026-04-28T18:30:59Z  Digitizer_run1459_subrun128.csv  —  96 channels, all nominal
[OK]    2026-04-28T18:31:01Z  Digitizer_run1459_subrun130.csv  —  1 transient anomalous channel(s), streak not established  [window: 3 files]
                          ch1  method=statistical           max_z=6.04      if_score=-0.5004     features=[nPulses_median]  [1/3 files]
[OK]    2026-04-28T18:31:03Z  Digitizer_run1459_subrun147.csv  —  96 channels, all nominal
[OK]    2026-04-28T18:31:05Z  Digitizer_run1459_subrun161.csv  —  96 channels, all nominal
[OK]    2026-04-28T18:31:06Z  Digitizer_run1459_subrun169.csv  —  96 channels, all nominal
[OK]    2026-04-28T18:31:08Z  Digitizer_run1459_subrun174.csv  —  96 channels, all nominal
[OK]    2026-04-28T18:31:10Z  Digitizer_run1459_subrun190.csv  —  96 channels, all nominal
[OK]    2026-04-28T18:31:12Z  Digitizer_run1459_subrun197.csv  —  96 channels, all nominal
[OK]    2026-04-28T18:31:14Z  Digitizer_run1459_subrun198.csv  —  96 channels, all nominal
[OK]    2026-04-28T18:31:16Z  Digitizer_run1459_subrun200.csv  —  96 channels, all nominal
[OK]    2026-04-28T18:31:18Z  Digitizer_run1459_subrun214.csv  —  96 channels, all nominal
[OK]    2026-04-28T18:31:20Z  Digitizer_run1459_subrun244.csv  —  96 channels, all nominal
[OK]    2026-04-28T18:31:21Z  Digitizer_run1459_subrun245.csv  —  96 channels, all nominal
[OK]    2026-04-28T18:31:23Z  Digitizer_run1459_subrun250.csv  —  2 transient anomalous channel(s), streak not established  [window: 3 files]
                          ch0  method=statistical           max_z=6.88      if_score=-0.5103     features=[sideband_rms_mean]  [1/3 files]
                          ch1  method=statistical           max_z=6.42      if_score=-0.5288     features=[sideband_rms_mean]  [1/3 files]
[OK]    2026-04-28T18:31:25Z  Digitizer_run1459_subrun267.csv  —  96 channels, all nominal
[OK]    2026-04-28T18:31:27Z  Digitizer_run1459_subrun269.csv  —  96 channels, all nominal
[OK]    2026-04-28T18:31:29Z  Digitizer_run1459_subrun287.csv  —  96 channels, all nominal
[OK]    2026-04-28T18:31:31Z  Digitizer_run1459_subrun295.csv  —  96 channels, all nominal
[OK]    2026-04-28T18:31:32Z  Digitizer_run1459_subrun310.csv  —  96 channels, all nominal
[OK]    2026-04-28T18:31:34Z  Digitizer_run1459_subrun314.csv  —  96 channels, all nominal
[OK]    2026-04-28T18:31:36Z  Digitizer_run1459_subrun335.csv  —  1 transient anomalous channel(s), streak not established  [window: 3 files]
                          ch8  method=statistical+IF        max_z=6.38      if_score=-0.622      features=[pulseHeight_max_median;pulseArea_max_median]  [1/3 files]
[OK]    2026-04-28T18:31:38Z  Digitizer_run1459_subrun338.csv  —  96 channels, all nominal
[OK]    2026-04-28T18:31:40Z  Digitizer_run1459_subrun348.csv  —  96 channels, all nominal
[OK]    2026-04-28T18:31:42Z  Digitizer_run1459_subrun352.csv  —  96 channels, all nominal
[OK]    2026-04-28T18:31:44Z  Digitizer_run1459_subrun369.csv  —  96 channels, all nominal
[OK]    2026-04-28T18:31:46Z  Digitizer_run1459_subrun374.csv  —  96 channels, all nominal
[OK]    2026-04-28T18:31:48Z  Digitizer_run1459_subrun376.csv  —  96 channels, all nominal
[OK]    2026-04-28T18:31:50Z  Digitizer_run1459_subrun381.csv  —  1 transient anomalous channel(s), streak not established  [window: 3 files]
                         ch19  method=statistical           max_z=7.83      if_score=-0.4829     features=[pulseHeight_min_median;pulseArea_min_median]  [1/3 files]
[OK]    2026-04-28T18:31:52Z  Digitizer_run1459_subrun400.csv  —  96 channels, all nominal
[OK]    2026-04-28T18:31:54Z  Digitizer_run1459_subrun406.csv  —  96 channels, all nominal
[OK]    2026-04-28T18:31:56Z  Digitizer_run1459_subrun427.csv  —  96 channels, all nominal
[OK]    2026-04-28T18:31:58Z  Digitizer_run1459_subrun436.csv  —  1 transient anomalous channel(s), streak not established  [window: 3 files]
                         ch90  method=statistical           max_z=12.09     if_score=-0.5006     features=[nPulses_median]  [1/3 files]
[OK]    2026-04-28T18:32:00Z  Digitizer_run1459_subrun438.csv  —  1 transient anomalous channel(s), streak not established  [window: 3 files]
                         ch95  method=statistical           max_z=7.37      if_score=-0.4504     features=[nPulses_median]  [1/3 files]
[OK]    2026-04-28T18:32:01Z  Digitizer_run1459_subrun440.csv  —  96 channels, all nominal
[OK]    2026-04-28T18:32:03Z  Digitizer_run1459_subrun447.csv  —  96 channels, all nominal
[OK]    2026-04-28T18:32:05Z  Digitizer_run1459_subrun448.csv  —  96 channels, all nominal
[OK]    2026-04-28T18:32:07Z  Digitizer_run1459_subrun451.csv  —  1 transient anomalous channel(s), streak not established  [window: 3 files]
                         ch30  method=statistical           max_z=11.23     if_score=-0.5176     features=[nPulses_median]  [1/3 files]
[OK]    2026-04-28T18:32:09Z  Digitizer_run1459_subrun459.csv  —  2 transient anomalous channel(s), streak not established  [window: 3 files]
                          ch6  method=statistical           max_z=6.64      if_score=-0.5257     features=[nPulses_median]  [1/3 files]
                          ch9  method=statistical           max_z=11.23     if_score=-0.4627     features=[nPulses_median]  [1/3 files]
[OK]    2026-04-28T18:32:11Z  Digitizer_run1459_subrun477.csv  —  96 channels, all nominal
[OK]    2026-04-28T18:32:13Z  Digitizer_run1459_subrun513.csv  —  96 channels, all nominal
[OK]    2026-04-28T18:32:14Z  Digitizer_run1459_subrun528.csv  —  96 channels, all nominal
[OK]    2026-04-28T18:32:16Z  Digitizer_run1459_subrun587.csv  —  1 transient anomalous channel(s), streak not established  [window: 3 files]
                         ch88  method=statistical           max_z=9.27      if_score=-0.4874     features=[nPulses_median]  [1/3 files]
[ALERT] 2026-04-28T18:32:18Z  Digitizer_run1459_subrun590.csv  —  68/96 anomalous ch  [bulk ≥5]  |  extreme z=37.4 on 7
                          ch0  method=statistical           max_z=33.43     if_score=-0.5819     features=[nPulses_mean;nPulses_std;nPulses_median]  [1/3 files]
                          ch1  method=statistical           max_z=11.29     if_score=-0.5649     features=[nPulses_mean;nPulses_std;nPulses_median]  [1/3 files]
                         ch10  method=statistical           max_z=16.72     if_score=-0.592      features=[nPulses_mean;nPulses_std;nPulses_median]  [1/3 files]
                         ch11  method=statistical           max_z=16.4      if_score=-0.5856     features=[nPulses_mean;nPulses_std;nPulses_median]  [1/3 files]
                         ch12  method=statistical           max_z=26.42     if_score=-0.5689     features=[nPulses_mean;nPulses_std;nPulses_median]  [1/3 files]
                         ch13  method=statistical           max_z=33.43     if_score=-0.5623     features=[nPulses_mean;nPulses_std;nPulses_median]  [1/3 files]
                         ch14  method=statistical           max_z=11.34     if_score=-0.5449     features=[nPulses_mean;nPulses_std]  [1/3 files]
                         ch15  method=statistical           max_z=37.38     if_score=-0.6002     features=[nPulses_mean;nPulses_std;nPulses_median]  [1/3 files]
                         ch16  method=statistical+IF        max_z=12.47     if_score=-0.613      features=[nPulses_mean;nPulses_std]  [1/3 files]
                         ch17  method=statistical+IF        max_z=13.97     if_score=-0.6254     features=[nPulses_mean;nPulses_std]  [1/3 files]
                         ch18  method=statistical           max_z=10.1      if_score=-0.5757     features=[nPulses_mean;nPulses_std]  [1/3 files]
                         ch19  method=statistical           max_z=15.15     if_score=-0.5899     features=[nPulses_mean;nPulses_std]  [1/3 files]
                          ch2  method=statistical           max_z=16.16     if_score=-0.5947     features=[nPulses_mean;nPulses_std;nPulses_median]  [1/3 files]
                         ch20  method=statistical           max_z=15.58     if_score=-0.55       features=[nPulses_mean;nPulses_std;nPulses_median]  [1/3 files]
                         ch21  method=statistical           max_z=16.66     if_score=-0.5634     features=[nPulses_mean;nPulses_std;nPulses_median]  [1/3 files]
                         ch22  method=statistical           max_z=37.38     if_score=-0.5768     features=[nPulses_mean;nPulses_std;nPulses_median]  [1/3 files]
                         ch23  method=statistical           max_z=37.38     if_score=-0.5945     features=[nPulses_mean;nPulses_std;nPulses_median]  [1/3 files]
                         ch25  method=statistical           max_z=20.7      if_score=-0.5938     features=[nPulses_mean;nPulses_std]  [1/3 files]
                         ch26  method=statistical           max_z=14.76     if_score=-0.5453     features=[nPulses_mean;nPulses_std;nPulses_median]  [1/3 files]
                         ch27  method=statistical           max_z=19.03     if_score=-0.5425     features=[nPulses_mean;nPulses_std]  [1/3 files]
                         ch28  method=statistical+IF        max_z=15.41     if_score=-0.6343     features=[nPulses_mean;nPulses_std]  [1/3 files]
                         ch29  method=statistical+IF        max_z=37.38     if_score=-0.6591     features=[nPulses_mean;nPulses_std;nPulses_median]  [1/3 files]
                          ch3  method=statistical           max_z=8.03      if_score=-0.5702     features=[nPulses_mean]  [1/3 files]
                         ch30  method=statistical           max_z=11.23     if_score=-0.5449     features=[nPulses_mean;nPulses_std;nPulses_median]  [1/3 files]
                         ch31  method=statistical           max_z=21.51     if_score=-0.5013     features=[nPulses_mean;nPulses_std]  [1/3 files]
                         ch32  method=statistical           max_z=14.92     if_score=-0.5289     features=[nPulses_mean;nPulses_std]  [1/3 files]
                         ch33  method=statistical           max_z=17.95     if_score=-0.565      features=[nPulses_mean;nPulses_std;nPulses_median]  [1/3 files]
                         ch34  method=statistical           max_z=16.46     if_score=-0.598      features=[nPulses_mean;nPulses_std]  [1/3 files]
                         ch35  method=statistical           max_z=20.35     if_score=-0.5821     features=[nPulses_mean;nPulses_std]  [1/3 files]
                         ch36  method=statistical           max_z=37.38     if_score=-0.6024     features=[nPulses_mean;nPulses_std;nPulses_median]  [1/3 files]
                         ch37  method=statistical           max_z=16.14     if_score=-0.5402     features=[nPulses_mean;nPulses_std]  [1/3 files]
                         ch38  method=statistical           max_z=37.38     if_score=-0.5881     features=[nPulses_mean;nPulses_std;nPulses_median]  [1/3 files]
                         ch39  method=statistical           max_z=37.38     if_score=-0.5332     features=[nPulses_mean;nPulses_std;nPulses_median]  [1/3 files]
                          ch4  method=statistical           max_z=15.58     if_score=-0.5317     features=[nPulses_mean;nPulses_std]  [1/3 files]
                         ch40  method=statistical           max_z=17.71     if_score=-0.5705     features=[nPulses_mean;nPulses_std;nPulses_median]  [1/3 files]
                         ch41  method=statistical           max_z=21.66     if_score=-0.5609     features=[nPulses_mean;nPulses_std]  [1/3 files]
                         ch42  method=statistical           max_z=8.72      if_score=-0.4788     features=[nPulses_mean]  [1/3 files]
                         ch43  method=statistical           max_z=37.38     if_score=-0.5899     features=[nPulses_mean;nPulses_std;nPulses_median]  [1/3 files]
                         ch44  method=statistical           max_z=13.02     if_score=-0.5697     features=[nPulses_mean;nPulses_std]  [1/3 files]
                         ch47  method=statistical           max_z=24.91     if_score=-0.582      features=[nPulses_mean;nPulses_std;nPulses_median]  [1/3 files]
                         ch48  method=statistical           max_z=13.1      if_score=-0.5359     features=[nPulses_mean;nPulses_std]  [1/3 files]
                         ch49  method=statistical           max_z=20.72     if_score=-0.5168     features=[nPulses_mean;nPulses_std]  [1/3 files]
                          ch5  method=statistical           max_z=16.92     if_score=-0.554      features=[nPulses_mean;nPulses_std]  [1/3 files]
                         ch50  method=statistical           max_z=13.76     if_score=-0.5448     features=[nPulses_mean;nPulses_std]  [1/3 files]
                         ch51  method=statistical           max_z=11.18     if_score=-0.5579     features=[nPulses_mean;nPulses_std]  [1/3 files]
                         ch52  method=statistical           max_z=14.41     if_score=-0.5707     features=[nPulses_mean;nPulses_std]  [1/3 files]
                         ch53  method=statistical           max_z=22.08     if_score=-0.572      features=[nPulses_mean;nPulses_std]  [1/3 files]
                         ch54  method=statistical           max_z=12.3      if_score=-0.5909     features=[nPulses_mean;nPulses_std]  [1/3 files]
                         ch57  method=statistical           max_z=19.23     if_score=-0.5465     features=[nPulses_mean;nPulses_std]  [1/3 files]
                         ch58  method=statistical           max_z=9.5       if_score=-0.5221     features=[nPulses_mean;nPulses_std]  [1/3 files]
                         ch59  method=statistical           max_z=12.24     if_score=-0.5182     features=[nPulses_mean;nPulses_std]  [1/3 files]
                          ch6  method=statistical           max_z=12.71     if_score=-0.5905     features=[nPulses_mean;nPulses_std;nPulses_median]  [1/3 files]
                         ch60  method=statistical           max_z=13.6      if_score=-0.5778     features=[nPulses_mean;nPulses_std]  [1/3 files]
                         ch61  method=statistical           max_z=19.24     if_score=-0.556      features=[nPulses_mean;nPulses_std]  [1/3 files]
                         ch63  method=statistical           max_z=14.35     if_score=-0.5542     features=[nPulses_mean;nPulses_std]  [1/3 files]
                          ch7  method=statistical           max_z=37.38     if_score=-0.5326     features=[nPulses_mean;nPulses_std;nPulses_median]  [1/3 files]
                          ch8  method=statistical           max_z=14.22     if_score=-0.5531     features=[nPulses_mean;nPulses_std]  [1/3 files]
                         ch81  method=statistical           max_z=8.38      if_score=-0.524      features=[nPulses_mean]  [1/3 files]
                         ch83  method=statistical+IF        max_z=26.42     if_score=-0.633      features=[nPulses_mean;nPulses_std;nPulses_median]  [1/3 files]
                         ch84  method=statistical           max_z=8.87      if_score=-0.5748     features=[nPulses_mean;nPulses_std]  [1/3 files]
                         ch85  method=statistical           max_z=16.71     if_score=-0.5897     features=[nPulses_mean;nPulses_std]  [1/3 files]
                         ch88  method=statistical+IF        max_z=9.78      if_score=-0.6633     features=[nPulses_mean;nPulses_std;nPulses_median]  [2/3 files]
                         ch89  method=statistical+IF        max_z=33.34     if_score=-0.6727     features=[nPulses_mean;nPulses_std;nPulses_median]  [1/3 files]
                          ch9  method=statistical           max_z=15.51     if_score=-0.5793     features=[nPulses_mean;nPulses_std;nPulses_median]  [1/3 files]
                         ch90  method=statistical           max_z=15.41     if_score=-0.5483     features=[nPulses_mean;nPulses_std;nPulses_median]  [1/3 files]
                         ch91  method=statistical           max_z=6.33      if_score=-0.495      features=[nPulses_mean]  [1/3 files]
                         ch94  method=statistical           max_z=9.72      if_score=-0.5856     features=[nPulses_mean;nPulses_std;nPulses_median]  [1/3 files]
                         ch95  method=statistical           max_z=16.47     if_score=-0.5465     features=[nPulses_mean;nPulses_std;nPulses_median]  [1/3 files]
  [run 1500] New run — channel history reset
[OK]    2026-04-28T18:32:20Z  Digitizer_run1500_subrun3.csv  —  96 channels, all nominal
[OK]    2026-04-28T18:32:22Z  Digitizer_run1500_subrun11.csv  —  96 channels, all nominal
[OK]    2026-04-28T18:32:24Z  Digitizer_run1500_subrun13.csv  —  96 channels, all nominal
[OK]    2026-04-28T18:32:26Z  Digitizer_run1500_subrun15.csv  —  96 channels, all nominal
[OK]    2026-04-28T18:32:28Z  Digitizer_run1500_subrun20.csv  —  96 channels, all nominal
[OK]    2026-04-28T18:32:30Z  Digitizer_run1500_subrun28.csv  —  96 channels, all nominal
[OK]    2026-04-28T18:32:32Z  Digitizer_run1500_subrun29.csv  —  96 channels, all nominal
[OK]    2026-04-28T18:32:34Z  Digitizer_run1500_subrun30.csv  —  96 channels, all nominal
  --- 400/1398 files processed ---
[OK]    2026-04-28T18:32:36Z  Digitizer_run1500_subrun40.csv  —  96 channels, all nominal
[OK]    2026-04-28T18:32:38Z  Digitizer_run1500_subrun51.csv  —  96 channels, all nominal
[OK]    2026-04-28T18:32:40Z  Digitizer_run1500_subrun58.csv  —  96 channels, all nominal
[OK]    2026-04-28T18:32:42Z  Digitizer_run1500_subrun68.csv  —  96 channels, all nominal
[OK]    2026-04-28T18:32:44Z  Digitizer_run1500_subrun69.csv  —  96 channels, all nominal
[ALERT] 2026-04-28T18:32:46Z  Digitizer_run1500_subrun79.csv  —  extreme z=16.7 on 5
                          ch5  method=statistical           max_z=16.69     if_score=-0.5052     features=[nPulses_median]  [1/3 files]
                         ch88  method=statistical           max_z=9.27      if_score=-0.5431     features=[nPulses_median]  [1/3 files]
[OK]    2026-04-28T18:32:48Z  Digitizer_run1500_subrun83.csv  —  96 channels, all nominal
[OK]    2026-04-28T18:32:50Z  Digitizer_run1500_subrun84.csv  —  96 channels, all nominal
  [run 1501] New run — channel history reset
[OK]    2026-04-28T18:32:52Z  Digitizer_run1501_subrun7.csv  —  1 transient anomalous channel(s), streak not established  [window: 3 files]
                         ch28  method=statistical           max_z=6.88      if_score=-0.5184     features=[sideband_rms_mean]  [1/3 files]
[OK]    2026-04-28T18:32:54Z  Digitizer_run1501_subrun16.csv  —  96 channels, all nominal
[OK]    2026-04-28T18:32:56Z  Digitizer_run1501_subrun22.csv  —  96 channels, all nominal
[OK]    2026-04-28T18:32:58Z  Digitizer_run1501_subrun26.csv  —  96 channels, all nominal
[ALERT] 2026-04-28T18:32:59Z  Digitizer_run1501_subrun36.csv  —  extreme z=15.9 on 91
                         ch91  method=statistical           max_z=15.91     if_score=-0.4983     features=[nPulses_median]  [1/3 files]
[OK]    2026-04-28T18:33:01Z  Digitizer_run1501_subrun48.csv  —  96 channels, all nominal
[OK]    2026-04-28T18:33:03Z  Digitizer_run1501_subrun52.csv  —  96 channels, all nominal
[OK]    2026-04-28T18:33:05Z  Digitizer_run1501_subrun53.csv  —  1 transient anomalous channel(s), streak not established  [window: 3 files]
                         ch90  method=statistical           max_z=12.09     if_score=-0.4649     features=[nPulses_median]  [1/3 files]
[OK]    2026-04-28T18:33:07Z  Digitizer_run1501_subrun67.csv  —  96 channels, all nominal
[OK]    2026-04-28T18:33:09Z  Digitizer_run1501_subrun69.csv  —  96 channels, all nominal
[OK]    2026-04-28T18:33:11Z  Digitizer_run1501_subrun70.csv  —  1 transient anomalous channel(s), streak not established  [window: 3 files]
                         ch33  method=statistical           max_z=8.88      if_score=-0.5989     features=[nPulses_median]  [1/3 files]
[ALERT] 2026-04-28T18:33:13Z  Digitizer_run1501_subrun107.csv  —  extreme z=23.6 on 48
                         ch48  method=statistical           max_z=23.63     if_score=-0.5257     features=[nPulses_median]  [1/3 files]
[OK]    2026-04-28T18:33:15Z  Digitizer_run1501_subrun132.csv  —  96 channels, all nominal
[ALERT] 2026-04-28T18:33:17Z  Digitizer_run1501_subrun166.csv  —  extreme z=16.7 on 5
                         ch14  method=statistical           max_z=6.23      if_score=-0.4782     features=[sideband_rms_mean]  [1/3 files]
                          ch5  method=statistical           max_z=16.69     if_score=-0.488      features=[nPulses_median]  [1/3 files]
[OK]    2026-04-28T18:33:18Z  Digitizer_run1501_subrun180.csv  —  96 channels, all nominal
[OK]    2026-04-28T18:33:20Z  Digitizer_run1501_subrun196.csv  —  96 channels, all nominal
[OK]    2026-04-28T18:33:22Z  Digitizer_run1501_subrun206.csv  —  1 transient anomalous channel(s), streak not established  [window: 3 files]
                         ch85  method=statistical           max_z=6.69      if_score=-0.479      features=[pulseArea_min_median]  [1/3 files]
[OK]    2026-04-28T18:33:24Z  Digitizer_run1501_subrun213.csv  —  96 channels, all nominal
[OK]    2026-04-28T18:33:26Z  Digitizer_run1501_subrun225.csv  —  96 channels, all nominal
[OK]    2026-04-28T18:33:29Z  Digitizer_run1501_subrun238.csv  —  96 channels, all nominal
[OK]    2026-04-28T18:33:31Z  Digitizer_run1501_subrun249.csv  —  96 channels, all nominal
[OK]    2026-04-28T18:33:33Z  Digitizer_run1501_subrun259.csv  —  96 channels, all nominal
[OK]    2026-04-28T18:33:35Z  Digitizer_run1501_subrun267.csv  —  96 channels, all nominal
[OK]    2026-04-28T18:33:37Z  Digitizer_run1501_subrun268.csv  —  1 transient anomalous channel(s), streak not established  [window: 3 files]
                         ch33  method=statistical           max_z=8.88      if_score=-0.5304     features=[nPulses_median]  [1/3 files]
[OK]    2026-04-28T18:33:38Z  Digitizer_run1501_subrun269.csv  —  96 channels, all nominal
[OK]    2026-04-28T18:33:40Z  Digitizer_run1501_subrun273.csv  —  96 channels, all nominal
[OK]    2026-04-28T18:33:42Z  Digitizer_run1501_subrun276.csv  —  96 channels, all nominal
[OK]    2026-04-28T18:33:44Z  Digitizer_run1501_subrun279.csv  —  96 channels, all nominal
[OK]    2026-04-28T18:33:46Z  Digitizer_run1501_subrun283.csv  —  96 channels, all nominal
[OK]    2026-04-28T18:33:48Z  Digitizer_run1501_subrun285.csv  —  96 channels, all nominal
[OK]    2026-04-28T18:33:50Z  Digitizer_run1501_subrun286.csv  —  96 channels, all nominal
[OK]    2026-04-28T18:33:52Z  Digitizer_run1501_subrun305.csv  —  96 channels, all nominal
[OK]    2026-04-28T18:33:54Z  Digitizer_run1501_subrun308.csv  —  96 channels, all nominal
[OK]    2026-04-28T18:33:56Z  Digitizer_run1501_subrun309.csv  —  96 channels, all nominal
[OK]    2026-04-28T18:33:57Z  Digitizer_run1501_subrun311.csv  —  96 channels, all nominal
[OK]    2026-04-28T18:33:59Z  Digitizer_run1501_subrun320.csv  —  96 channels, all nominal
[OK]    2026-04-28T18:34:01Z  Digitizer_run1501_subrun331.csv  —  96 channels, all nominal
[OK]    2026-04-28T18:34:03Z  Digitizer_run1501_subrun349.csv  —  96 channels, all nominal
[OK]    2026-04-28T18:34:05Z  Digitizer_run1501_subrun356.csv  —  96 channels, all nominal
[OK]    2026-04-28T18:34:06Z  Digitizer_run1501_subrun359.csv  —  96 channels, all nominal
[OK]    2026-04-28T18:34:08Z  Digitizer_run1501_subrun372.csv  —  96 channels, all nominal
[OK]    2026-04-28T18:34:10Z  Digitizer_run1501_subrun385.csv  —  1 transient anomalous channel(s), streak not established  [window: 3 files]
                          ch1  method=statistical           max_z=6.04      if_score=-0.5314     features=[nPulses_median]  [1/3 files]
[OK]    2026-04-28T18:34:12Z  Digitizer_run1501_subrun394.csv  —  96 channels, all nominal
[OK]    2026-04-28T18:34:14Z  Digitizer_run1501_subrun396.csv  —  96 channels, all nominal
[OK]    2026-04-28T18:34:16Z  Digitizer_run1501_subrun405.csv  —  96 channels, all nominal
[OK]    2026-04-28T18:34:18Z  Digitizer_run1501_subrun413.csv  —  96 channels, all nominal
[OK]    2026-04-28T18:34:19Z  Digitizer_run1501_subrun428.csv  —  1 transient anomalous channel(s), streak not established  [window: 3 files]
                         ch95  method=statistical           max_z=7.37      if_score=-0.4593     features=[nPulses_median]  [1/3 files]
[OK]    2026-04-28T18:34:21Z  Digitizer_run1501_subrun433.csv  —  96 channels, all nominal
[OK]    2026-04-28T18:34:23Z  Digitizer_run1501_subrun440.csv  —  96 channels, all nominal
[OK]    2026-04-28T18:34:25Z  Digitizer_run1501_subrun460.csv  —  96 channels, all nominal
[OK]    2026-04-28T18:34:26Z  Digitizer_run1501_subrun464.csv  —  96 channels, all nominal
[OK]    2026-04-28T18:34:28Z  Digitizer_run1501_subrun467.csv  —  96 channels, all nominal
[OK]    2026-04-28T18:34:30Z  Digitizer_run1501_subrun477.csv  —  1 transient anomalous channel(s), streak not established  [window: 3 files]
                         ch33  method=statistical           max_z=6.11      if_score=-0.5054     features=[sideband_rms_mean]  [1/3 files]
[OK]    2026-04-28T18:34:32Z  Digitizer_run1501_subrun486.csv  —  96 channels, all nominal
[OK]    2026-04-28T18:34:33Z  Digitizer_run1501_subrun488.csv  —  96 channels, all nominal
[OK]    2026-04-28T18:34:35Z  Digitizer_run1501_subrun491.csv  —  96 channels, all nominal
[ALERT] 2026-04-28T18:34:37Z  Digitizer_run1501_subrun492.csv  —  extreme z=15.6 on 21
                         ch21  method=statistical           max_z=15.56     if_score=-0.4883     features=[nPulses_median]  [1/3 files]
                          ch6  method=statistical           max_z=6.64      if_score=-0.5124     features=[nPulses_median]  [1/3 files]
[OK]    2026-04-28T18:34:39Z  Digitizer_run1501_subrun496.csv  —  1 transient anomalous channel(s), streak not established  [window: 3 files]
                         ch85  method=statistical           max_z=6.89      if_score=-0.5025     features=[sideband_rms_mean]  [1/3 files]
[OK]    2026-04-28T18:34:41Z  Digitizer_run1501_subrun497.csv  —  96 channels, all nominal
[OK]    2026-04-28T18:34:43Z  Digitizer_run1501_subrun498.csv  —  96 channels, all nominal
[OK]    2026-04-28T18:34:45Z  Digitizer_run1501_subrun503.csv  —  96 channels, all nominal
[OK]    2026-04-28T18:34:46Z  Digitizer_run1501_subrun507.csv  —  96 channels, all nominal
[OK]    2026-04-28T18:34:48Z  Digitizer_run1501_subrun515.csv  —  96 channels, all nominal
[OK]    2026-04-28T18:34:50Z  Digitizer_run1501_subrun550.csv  —  96 channels, all nominal
  [run 1502] New run — channel history reset
[OK]    2026-04-28T18:34:52Z  Digitizer_run1502_subrun4.csv  —  96 channels, all nominal
[OK]    2026-04-28T18:34:54Z  Digitizer_run1502_subrun6.csv  —  1 transient anomalous channel(s), streak not established  [window: 3 files]
                         ch90  method=statistical           max_z=6.0       if_score=-0.468      features=[nPulses_median]  [1/3 files]
[OK]    2026-04-28T18:34:55Z  Digitizer_run1502_subrun8.csv  —  1 transient anomalous channel(s), streak not established  [window: 3 files]
                         ch95  method=statistical           max_z=7.37      if_score=-0.4412     features=[nPulses_median]  [1/3 files]
[OK]    2026-04-28T18:34:57Z  Digitizer_run1502_subrun21.csv  —  96 channels, all nominal
[OK]    2026-04-28T18:34:59Z  Digitizer_run1502_subrun30.csv  —  96 channels, all nominal
[OK]    2026-04-28T18:35:00Z  Digitizer_run1502_subrun41.csv  —  96 channels, all nominal
[OK]    2026-04-28T18:35:02Z  Digitizer_run1502_subrun45.csv  —  1 transient anomalous channel(s), streak not established  [window: 3 files]
                         ch90  method=statistical           max_z=12.09     if_score=-0.4429     features=[nPulses_median]  [1/3 files]
[OK]    2026-04-28T18:35:04Z  Digitizer_run1502_subrun53.csv  —  2 transient anomalous channel(s), streak not established  [window: 3 files]
                          ch1  method=statistical           max_z=6.04      if_score=-0.4449     features=[nPulses_median]  [1/3 files]
                         ch94  method=statistical           max_z=9.22      if_score=-0.5024     features=[nPulses_median]  [1/3 files]
[OK]    2026-04-28T18:35:06Z  Digitizer_run1502_subrun72.csv  —  96 channels, all nominal
[OK]    2026-04-28T18:35:08Z  Digitizer_run1502_subrun80.csv  —  1 transient anomalous channel(s), streak not established  [window: 3 files]
                         ch19  method=statistical           max_z=6.3       if_score=-0.5333     features=[pulseArea_max_median]  [1/3 files]
[OK]    2026-04-28T18:35:10Z  Digitizer_run1502_subrun91.csv  —  96 channels, all nominal
[OK]    2026-04-28T18:35:11Z  Digitizer_run1502_subrun92.csv  —  96 channels, all nominal
[OK]    2026-04-28T18:35:13Z  Digitizer_run1502_subrun94.csv  —  96 channels, all nominal
[OK]    2026-04-28T18:35:15Z  Digitizer_run1502_subrun100.csv  —  96 channels, all nominal
[OK]    2026-04-28T18:35:17Z  Digitizer_run1502_subrun113.csv  —  96 channels, all nominal
[OK]    2026-04-28T18:35:19Z  Digitizer_run1502_subrun143.csv  —  1 transient anomalous channel(s), streak not established  [window: 3 files]
                          ch6  method=statistical           max_z=6.64      if_score=-0.4504     features=[nPulses_median]  [1/3 files]
[OK]    2026-04-28T18:35:20Z  Digitizer_run1502_subrun153.csv  —  1 transient anomalous channel(s), streak not established  [window: 3 files]
                          ch2  method=statistical           max_z=6.63      if_score=-0.455      features=[pulseHeight_min_median]  [1/3 files]
[OK]    2026-04-28T18:35:22Z  Digitizer_run1502_subrun158.csv  —  96 channels, all nominal
[OK]    2026-04-28T18:35:24Z  Digitizer_run1502_subrun175.csv  —  96 channels, all nominal
[OK]    2026-04-28T18:35:26Z  Digitizer_run1502_subrun180.csv  —  96 channels, all nominal
[OK]    2026-04-28T18:35:28Z  Digitizer_run1502_subrun192.csv  —  1 transient anomalous channel(s), streak not established  [window: 3 files]
                         ch33  method=statistical           max_z=6.2       if_score=-0.4822     features=[sideband_rms_mean]  [1/3 files]
[OK]    2026-04-28T18:35:30Z  Digitizer_run1502_subrun216.csv  —  96 channels, all nominal
[OK]    2026-04-28T18:35:32Z  Digitizer_run1502_subrun225.csv  —  96 channels, all nominal
[OK]    2026-04-28T18:35:34Z  Digitizer_run1502_subrun233.csv  —  96 channels, all nominal
[OK]    2026-04-28T18:35:35Z  Digitizer_run1502_subrun243.csv  —  1 transient anomalous channel(s), streak not established  [window: 3 files]
                         ch18  method=statistical           max_z=6.04      if_score=-0.5439     features=[pulseArea_min_median]  [1/3 files]
[OK]    2026-04-28T18:35:37Z  Digitizer_run1502_subrun261.csv  —  96 channels, all nominal
[OK]    2026-04-28T18:35:39Z  Digitizer_run1502_subrun263.csv  —  96 channels, all nominal
[OK]    2026-04-28T18:35:40Z  Digitizer_run1502_subrun264.csv  —  96 channels, all nominal
  --- 500/1398 files processed ---
[OK]    2026-04-28T18:35:42Z  Digitizer_run1502_subrun277.csv  —  1 transient anomalous channel(s), streak not established  [window: 3 files]
                         ch43  method=statistical           max_z=6.93      if_score=-0.5233     features=[sideband_rms_mean]  [1/3 files]
[OK]    2026-04-28T18:35:43Z  Digitizer_run1502_subrun278.csv  —  96 channels, all nominal
[OK]    2026-04-28T18:35:45Z  Digitizer_run1502_subrun287.csv  —  1 transient anomalous channel(s), streak not established  [window: 3 files]
                         ch95  method=statistical           max_z=7.37      if_score=-0.5725     features=[nPulses_median]  [1/3 files]
[OK]    2026-04-28T18:35:47Z  Digitizer_run1502_subrun292.csv  —  96 channels, all nominal
[OK]    2026-04-28T18:35:49Z  Digitizer_run1502_subrun302.csv  —  96 channels, all nominal
[OK]    2026-04-28T18:35:50Z  Digitizer_run1502_subrun313.csv  —  96 channels, all nominal
[OK]    2026-04-28T18:35:52Z  Digitizer_run1502_subrun324.csv  —  96 channels, all nominal
[OK]    2026-04-28T18:35:54Z  Digitizer_run1502_subrun328.csv  —  1 transient anomalous channel(s), streak not established  [window: 3 files]
                          ch6  method=statistical           max_z=6.64      if_score=-0.5269     features=[nPulses_median]  [1/3 files]
[OK]    2026-04-28T18:35:56Z  Digitizer_run1502_subrun350.csv  —  1 transient anomalous channel(s), streak not established  [window: 3 files]
                         ch20  method=statistical           max_z=13.62     if_score=-0.5034     features=[nPulses_median]  [1/3 files]
[OK]    2026-04-28T18:35:58Z  Digitizer_run1502_subrun354.csv  —  96 channels, all nominal
[OK]    2026-04-28T18:35:59Z  Digitizer_run1502_subrun372.csv  —  96 channels, all nominal
[OK]    2026-04-28T18:36:01Z  Digitizer_run1502_subrun375.csv  —  96 channels, all nominal
[OK]    2026-04-28T18:36:03Z  Digitizer_run1502_subrun388.csv  —  96 channels, all nominal
[OK]    2026-04-28T18:36:04Z  Digitizer_run1502_subrun395.csv  —  96 channels, all nominal
[OK]    2026-04-28T18:36:06Z  Digitizer_run1502_subrun410.csv  —  96 channels, all nominal
[OK]    2026-04-28T18:36:08Z  Digitizer_run1502_subrun411.csv  —  1 transient anomalous channel(s), streak not established  [window: 3 files]
                         ch10  method=statistical           max_z=7.58      if_score=-0.4885     features=[nPulses_median]  [1/3 files]
[OK]    2026-04-28T18:36:10Z  Digitizer_run1502_subrun422.csv  —  96 channels, all nominal
[OK]    2026-04-28T18:36:11Z  Digitizer_run1502_subrun439.csv  —  96 channels, all nominal
[OK]    2026-04-28T18:36:13Z  Digitizer_run1502_subrun457.csv  —  96 channels, all nominal
[OK]    2026-04-28T18:36:15Z  Digitizer_run1502_subrun463.csv  —  1 transient anomalous channel(s), streak not established  [window: 3 files]
                         ch88  method=statistical           max_z=9.27      if_score=-0.4994     features=[nPulses_median]  [1/3 files]
[OK]    2026-04-28T18:36:16Z  Digitizer_run1502_subrun468.csv  —  1 transient anomalous channel(s), streak not established  [window: 3 files]
                          ch2  method=statistical           max_z=7.23      if_score=-0.5714     features=[pulseHeight_min_median;pulseArea_min_median]  [1/3 files]
[OK]    2026-04-28T18:36:18Z  Digitizer_run1502_subrun479.csv  —  96 channels, all nominal
[OK]    2026-04-28T18:36:20Z  Digitizer_run1502_subrun483.csv  —  96 channels, all nominal
[OK]    2026-04-28T18:36:22Z  Digitizer_run1502_subrun510.csv  —  96 channels, all nominal
[OK]    2026-04-28T18:36:23Z  Digitizer_run1502_subrun511.csv  —  96 channels, all nominal
[OK]    2026-04-28T18:36:25Z  Digitizer_run1502_subrun515.csv  —  96 channels, all nominal
[OK]    2026-04-28T18:36:27Z  Digitizer_run1502_subrun519.csv  —  1 transient anomalous channel(s), streak not established  [window: 3 files]
                         ch16  method=statistical           max_z=7.91      if_score=-0.5264     features=[pulseArea_min_median]  [1/3 files]
[OK]    2026-04-28T18:36:29Z  Digitizer_run1502_subrun525.csv  —  96 channels, all nominal
[OK]    2026-04-28T18:36:31Z  Digitizer_run1502_subrun527.csv  —  96 channels, all nominal
[OK]    2026-04-28T18:36:32Z  Digitizer_run1502_subrun540.csv  —  96 channels, all nominal
[OK]    2026-04-28T18:36:34Z  Digitizer_run1502_subrun541.csv  —  96 channels, all nominal
[OK]    2026-04-28T18:36:36Z  Digitizer_run1502_subrun552.csv  —  3 transient anomalous channel(s), streak not established  [window: 3 files]
                          ch1  method=statistical           max_z=6.04      if_score=-0.4643     features=[nPulses_median]  [1/3 files]
                         ch14  method=statistical           max_z=6.52      if_score=-0.5108     features=[pulseDuriation_min_mean]  [1/3 files]
                         ch22  method=statistical           max_z=6.18      if_score=-0.4881     features=[pulseDuriation_min_std]  [1/3 files]
[OK]    2026-04-28T18:36:38Z  Digitizer_run1502_subrun555.csv  —  96 channels, all nominal
[OK]    2026-04-28T18:36:39Z  Digitizer_run1502_subrun560.csv  —  1 transient anomalous channel(s), streak not established  [window: 3 files]
                         ch90  method=statistical           max_z=12.09     if_score=-0.4231     features=[nPulses_median]  [1/3 files]
[OK]    2026-04-28T18:36:41Z  Digitizer_run1502_subrun570.csv  —  96 channels, all nominal
[OK]    2026-04-28T18:36:43Z  Digitizer_run1502_subrun585.csv  —  96 channels, all nominal
[OK]    2026-04-28T18:36:44Z  Digitizer_run1502_subrun610.csv  —  96 channels, all nominal
[OK]    2026-04-28T18:36:46Z  Digitizer_run1502_subrun632.csv  —  96 channels, all nominal
[OK]    2026-04-28T18:36:48Z  Digitizer_run1502_subrun644.csv  —  96 channels, all nominal
[OK]    2026-04-28T18:36:50Z  Digitizer_run1502_subrun651.csv  —  96 channels, all nominal
[OK]    2026-04-28T18:36:51Z  Digitizer_run1502_subrun652.csv  —  96 channels, all nominal
  [run 1503] New run — channel history reset
[OK]    2026-04-28T18:36:53Z  Digitizer_run1503_subrun4.csv  —  96 channels, all nominal
[OK]    2026-04-28T18:36:55Z  Digitizer_run1503_subrun18.csv  —  1 transient anomalous channel(s), streak not established  [window: 3 files]
                         ch40  method=statistical           max_z=6.23      if_score=-0.5019     features=[sideband_mean_mean]  [1/3 files]
[OK]    2026-04-28T18:36:57Z  Digitizer_run1503_subrun21.csv  —  96 channels, all nominal
[OK]    2026-04-28T18:36:59Z  Digitizer_run1503_subrun22.csv  —  96 channels, all nominal
[OK]    2026-04-28T18:37:01Z  Digitizer_run1503_subrun33.csv  —  96 channels, all nominal
[OK]    2026-04-28T18:37:03Z  Digitizer_run1503_subrun52.csv  —  96 channels, all nominal
[OK]    2026-04-28T18:37:05Z  Digitizer_run1503_subrun63.csv  —  1 transient anomalous channel(s), streak not established  [window: 3 files]
                          ch6  method=statistical           max_z=6.64      if_score=-0.4769     features=[nPulses_median]  [1/3 files]
[OK]    2026-04-28T18:37:06Z  Digitizer_run1503_subrun71.csv  —  96 channels, all nominal
[OK]    2026-04-28T18:37:08Z  Digitizer_run1503_subrun86.csv  —  96 channels, all nominal
[OK]    2026-04-28T18:37:10Z  Digitizer_run1503_subrun91.csv  —  96 channels, all nominal
[OK]    2026-04-28T18:37:12Z  Digitizer_run1503_subrun111.csv  —  1 transient anomalous channel(s), streak not established  [window: 3 files]
                         ch63  method=isolation_forest      max_z=5.08      if_score=-0.6104     features=[]  [1/3 files]
[ALERT] 2026-04-28T18:37:14Z  Digitizer_run1503_subrun117.csv  —  extreme z=18.1 on 40
                         ch40  method=statistical           max_z=18.11     if_score=-0.4666     features=[nPulses_median]  [1/3 files]
                          ch9  method=statistical           max_z=11.23     if_score=-0.498      features=[nPulses_median]  [1/3 files]
[ALERT] 2026-04-28T18:37:16Z  Digitizer_run1503_subrun121.csv  —  extreme z=33.4 on 46
                         ch46  method=statistical           max_z=33.43     if_score=-0.5079     features=[nPulses_median]  [1/3 files]
[OK]    2026-04-28T18:37:17Z  Digitizer_run1503_subrun127.csv  —  96 channels, all nominal
[OK]    2026-04-28T18:37:19Z  Digitizer_run1503_subrun129.csv  —  96 channels, all nominal
[OK]    2026-04-28T18:37:21Z  Digitizer_run1503_subrun133.csv  —  96 channels, all nominal
[OK]    2026-04-28T18:37:23Z  Digitizer_run1503_subrun147.csv  —  96 channels, all nominal
[OK]    2026-04-28T18:37:25Z  Digitizer_run1503_subrun150.csv  —  1 transient anomalous channel(s), streak not established  [window: 3 files]
                         ch20  method=statistical           max_z=13.62     if_score=-0.5337     features=[nPulses_median]  [1/3 files]
[OK]    2026-04-28T18:37:26Z  Digitizer_run1503_subrun154.csv  —  96 channels, all nominal
[OK]    2026-04-28T18:37:28Z  Digitizer_run1503_subrun168.csv  —  96 channels, all nominal
[OK]    2026-04-28T18:37:29Z  Digitizer_run1503_subrun172.csv  —  96 channels, all nominal
[OK]    2026-04-28T18:37:31Z  Digitizer_run1503_subrun199.csv  —  96 channels, all nominal
[OK]    2026-04-28T18:37:33Z  Digitizer_run1503_subrun210.csv  —  96 channels, all nominal
[OK]    2026-04-28T18:37:35Z  Digitizer_run1503_subrun215.csv  —  96 channels, all nominal
[OK]    2026-04-28T18:37:36Z  Digitizer_run1503_subrun219.csv  —  1 transient anomalous channel(s), streak not established  [window: 3 files]
                         ch10  method=statistical           max_z=7.58      if_score=-0.4459     features=[nPulses_median]  [1/3 files]
[OK]    2026-04-28T18:37:38Z  Digitizer_run1503_subrun222.csv  —  96 channels, all nominal
[OK]    2026-04-28T18:37:40Z  Digitizer_run1503_subrun237.csv  —  1 transient anomalous channel(s), streak not established  [window: 3 files]
                          ch2  method=statistical           max_z=9.52      if_score=-0.5689     features=[nPulses_median]  [1/3 files]
[OK]    2026-04-28T18:37:41Z  Digitizer_run1503_subrun247.csv  —  96 channels, all nominal
[OK]    2026-04-28T18:37:43Z  Digitizer_run1503_subrun254.csv  —  96 channels, all nominal
[OK]    2026-04-28T18:37:45Z  Digitizer_run1503_subrun267.csv  —  96 channels, all nominal
[OK]    2026-04-28T18:37:47Z  Digitizer_run1503_subrun276.csv  —  96 channels, all nominal
[OK]    2026-04-28T18:37:49Z  Digitizer_run1503_subrun281.csv  —  96 channels, all nominal
[OK]    2026-04-28T18:37:50Z  Digitizer_run1503_subrun282.csv  —  96 channels, all nominal
[OK]    2026-04-28T18:37:52Z  Digitizer_run1503_subrun284.csv  —  96 channels, all nominal
[OK]    2026-04-28T18:37:54Z  Digitizer_run1503_subrun290.csv  —  96 channels, all nominal
[OK]    2026-04-28T18:37:56Z  Digitizer_run1503_subrun298.csv  —  96 channels, all nominal
[OK]    2026-04-28T18:37:57Z  Digitizer_run1503_subrun325.csv  —  1 transient anomalous channel(s), streak not established  [window: 3 files]
                          ch4  method=statistical           max_z=6.23      if_score=-0.5214     features=[sideband_rms_mean]  [1/3 files]
[OK]    2026-04-28T18:37:59Z  Digitizer_run1503_subrun340.csv  —  96 channels, all nominal
[OK]    2026-04-28T18:38:01Z  Digitizer_run1503_subrun343.csv  —  96 channels, all nominal
[OK]    2026-04-28T18:38:03Z  Digitizer_run1503_subrun362.csv  —  96 channels, all nominal
[OK]    2026-04-28T18:38:05Z  Digitizer_run1503_subrun371.csv  —  1 transient anomalous channel(s), streak not established  [window: 3 files]
                         ch33  method=statistical           max_z=8.88      if_score=-0.5677     features=[nPulses_median]  [1/3 files]
[OK]    2026-04-28T18:38:07Z  Digitizer_run1503_subrun396.csv  —  96 channels, all nominal
[OK]    2026-04-28T18:38:08Z  Digitizer_run1503_subrun408.csv  —  1 transient anomalous channel(s), streak not established  [window: 3 files]
                          ch1  method=statistical           max_z=6.04      if_score=-0.5184     features=[nPulses_median]  [1/3 files]
[OK]    2026-04-28T18:38:11Z  Digitizer_run1503_subrun426.csv  —  96 channels, all nominal
[OK]    2026-04-28T18:38:13Z  Digitizer_run1503_subrun436.csv  —  96 channels, all nominal
[OK]    2026-04-28T18:38:15Z  Digitizer_run1503_subrun441.csv  —  96 channels, all nominal
[OK]    2026-04-28T18:38:16Z  Digitizer_run1503_subrun461.csv  —  96 channels, all nominal
[OK]    2026-04-28T18:38:18Z  Digitizer_run1503_subrun471.csv  —  96 channels, all nominal
[OK]    2026-04-28T18:38:20Z  Digitizer_run1503_subrun472.csv  —  96 channels, all nominal
[OK]    2026-04-28T18:38:22Z  Digitizer_run1503_subrun503.csv  —  1 transient anomalous channel(s), streak not established  [window: 3 files]
                         ch30  method=statistical           max_z=11.23     if_score=-0.5035     features=[nPulses_median]  [1/3 files]
[ALERT] 2026-04-28T18:38:24Z  Digitizer_run1503_subrun513.csv  —  extreme z=15.6 on 21
                         ch20  method=statistical           max_z=13.62     if_score=-0.499      features=[nPulses_median]  [1/3 files]
                         ch21  method=statistical           max_z=15.56     if_score=-0.5521     features=[nPulses_median]  [1/3 files]
[OK]    2026-04-28T18:38:26Z  Digitizer_run1503_subrun522.csv  —  1 transient anomalous channel(s), streak not established  [window: 3 files]
                         ch94  method=statistical           max_z=9.22      if_score=-0.5888     features=[nPulses_median]  [1/3 files]
[OK]    2026-04-28T18:38:27Z  Digitizer_run1503_subrun529.csv  —  96 channels, all nominal
[OK]    2026-04-28T18:38:29Z  Digitizer_run1503_subrun571.csv  —  96 channels, all nominal
[OK]    2026-04-28T18:38:31Z  Digitizer_run1503_subrun590.csv  —  96 channels, all nominal
[OK]    2026-04-28T18:38:33Z  Digitizer_run1503_subrun621.csv  —  1 transient anomalous channel(s), streak not established  [window: 3 files]
                         ch85  method=statistical+IF        max_z=6.76      if_score=-0.6397     features=[pulseHeight_max_median;pulseArea_max_median]  [1/3 files]
[OK]    2026-04-28T18:38:35Z  Digitizer_run1503_subrun634.csv  —  96 channels, all nominal
[OK]    2026-04-28T18:38:36Z  Digitizer_run1503_subrun636.csv  —  96 channels, all nominal
[OK]    2026-04-28T18:38:38Z  Digitizer_run1503_subrun639.csv  —  2 transient anomalous channel(s), streak not established  [window: 3 files]
                         ch90  method=statistical           max_z=12.09     if_score=-0.5629     features=[nPulses_median]  [1/3 files]
                         ch95  method=statistical           max_z=7.37      if_score=-0.4861     features=[nPulses_median]  [1/3 files]
  --- 600/1398 files processed ---
[OK]    2026-04-28T18:38:40Z  Digitizer_run1503_subrun643.csv  —  96 channels, all nominal
[OK]    2026-04-28T18:38:42Z  Digitizer_run1503_subrun656.csv  —  96 channels, all nominal
[OK]    2026-04-28T18:38:44Z  Digitizer_run1503_subrun676.csv  —  96 channels, all nominal
[OK]    2026-04-28T18:38:45Z  Digitizer_run1503_subrun683.csv  —  1 transient anomalous channel(s), streak not established  [window: 3 files]
                         ch95  method=statistical           max_z=7.37      if_score=-0.4544     features=[nPulses_median]  [1/3 files]
  [run 1504] New run — channel history reset
[OK]    2026-04-28T18:38:47Z  Digitizer_run1504_subrun2.csv  —  96 channels, all nominal
[OK]    2026-04-28T18:38:49Z  Digitizer_run1504_subrun68.csv  —  96 channels, all nominal
[OK]    2026-04-28T18:38:51Z  Digitizer_run1504_subrun71.csv  —  96 channels, all nominal
[OK]    2026-04-28T18:38:52Z  Digitizer_run1504_subrun74.csv  —  96 channels, all nominal
[OK]    2026-04-28T18:38:54Z  Digitizer_run1504_subrun79.csv  —  96 channels, all nominal
[OK]    2026-04-28T18:38:56Z  Digitizer_run1504_subrun90.csv  —  1 transient anomalous channel(s), streak not established  [window: 3 files]
                         ch90  method=statistical           max_z=12.09     if_score=-0.4636     features=[nPulses_median]  [1/3 files]
[OK]    2026-04-28T18:38:58Z  Digitizer_run1504_subrun96.csv  —  1 transient anomalous channel(s), streak not established  [window: 3 files]
                          ch1  method=statistical           max_z=6.04      if_score=-0.4624     features=[nPulses_median]  [1/3 files]
[OK]    2026-04-28T18:39:00Z  Digitizer_run1504_subrun143.csv  —  96 channels, all nominal
[OK]    2026-04-28T18:39:02Z  Digitizer_run1504_subrun151.csv  —  96 channels, all nominal
[OK]    2026-04-28T18:39:03Z  Digitizer_run1504_subrun174.csv  —  96 channels, all nominal
[OK]    2026-04-28T18:39:05Z  Digitizer_run1504_subrun205.csv  —  96 channels, all nominal
[OK]    2026-04-28T18:39:07Z  Digitizer_run1504_subrun226.csv  —  96 channels, all nominal
[OK]    2026-04-28T18:39:09Z  Digitizer_run1504_subrun234.csv  —  1 transient anomalous channel(s), streak not established  [window: 3 files]
                         ch95  method=statistical           max_z=7.37      if_score=-0.4337     features=[nPulses_median]  [1/3 files]
[OK]    2026-04-28T18:39:11Z  Digitizer_run1504_subrun236.csv  —  96 channels, all nominal
[OK]    2026-04-28T18:39:12Z  Digitizer_run1504_subrun241.csv  —  1 transient anomalous channel(s), streak not established  [window: 3 files]
                         ch88  method=statistical           max_z=9.27      if_score=-0.4333     features=[nPulses_median]  [1/3 files]
[OK]    2026-04-28T18:39:14Z  Digitizer_run1504_subrun249.csv  —  96 channels, all nominal
[OK]    2026-04-28T18:39:16Z  Digitizer_run1504_subrun251.csv  —  96 channels, all nominal
[OK]    2026-04-28T18:39:18Z  Digitizer_run1504_subrun252.csv  —  96 channels, all nominal
[OK]    2026-04-28T18:39:20Z  Digitizer_run1504_subrun257.csv  —  2 transient anomalous channel(s), streak not established  [window: 3 files]
                          ch9  method=statistical           max_z=11.23     if_score=-0.4769     features=[nPulses_median]  [1/3 files]
                         ch94  method=statistical           max_z=6.22      if_score=-0.5328     features=[pulseArea_max_median]  [1/3 files]
[OK]    2026-04-28T18:39:22Z  Digitizer_run1504_subrun271.csv  —  96 channels, all nominal
[OK]    2026-04-28T18:39:24Z  Digitizer_run1504_subrun277.csv  —  1 transient anomalous channel(s), streak not established  [window: 3 files]
                         ch20  method=statistical           max_z=6.77      if_score=-0.5046     features=[nPulses_median]  [1/3 files]
[OK]    2026-04-28T18:39:25Z  Digitizer_run1504_subrun292.csv  —  96 channels, all nominal
[OK]    2026-04-28T18:39:27Z  Digitizer_run1504_subrun299.csv  —  96 channels, all nominal
[OK]    2026-04-28T18:39:29Z  Digitizer_run1504_subrun300.csv  —  96 channels, all nominal
[OK]    2026-04-28T18:39:31Z  Digitizer_run1504_subrun309.csv  —  96 channels, all nominal
[OK]    2026-04-28T18:39:33Z  Digitizer_run1504_subrun316.csv  —  96 channels, all nominal
[OK]    2026-04-28T18:39:35Z  Digitizer_run1504_subrun329.csv  —  96 channels, all nominal
[OK]    2026-04-28T18:39:37Z  Digitizer_run1504_subrun336.csv  —  1 transient anomalous channel(s), streak not established  [window: 3 files]
                         ch95  method=statistical           max_z=7.37      if_score=-0.4523     features=[nPulses_median]  [1/3 files]
[OK]    2026-04-28T18:39:39Z  Digitizer_run1504_subrun350.csv  —  2 transient anomalous channel(s), streak not established  [window: 3 files]
                         ch18  method=statistical           max_z=6.58      if_score=-0.5255     features=[pulseArea_min_median]  [1/3 files]
                         ch40  method=statistical           max_z=6.45      if_score=-0.5207     features=[sideband_rms_mean]  [1/3 files]
[OK]    2026-04-28T18:39:41Z  Digitizer_run1504_subrun396.csv  —  96 channels, all nominal
[OK]    2026-04-28T18:39:43Z  Digitizer_run1504_subrun406.csv  —  96 channels, all nominal
[OK]    2026-04-28T18:39:45Z  Digitizer_run1504_subrun414.csv  —  1 transient anomalous channel(s), streak not established  [window: 3 files]
                          ch6  method=statistical           max_z=6.64      if_score=-0.4721     features=[nPulses_median]  [1/3 files]
[OK]    2026-04-28T18:39:47Z  Digitizer_run1504_subrun421.csv  —  96 channels, all nominal
[OK]    2026-04-28T18:39:48Z  Digitizer_run1504_subrun480.csv  —  96 channels, all nominal
[OK]    2026-04-28T18:39:50Z  Digitizer_run1504_subrun507.csv  —  96 channels, all nominal
[OK]    2026-04-28T18:39:52Z  Digitizer_run1504_subrun509.csv  —  1 transient anomalous channel(s), streak not established  [window: 3 files]
                          ch1  method=statistical           max_z=6.04      if_score=-0.4741     features=[nPulses_median]  [1/3 files]
[OK]    2026-04-28T18:39:54Z  Digitizer_run1504_subrun523.csv  —  96 channels, all nominal
[OK]    2026-04-28T18:39:56Z  Digitizer_run1504_subrun537.csv  —  1 transient anomalous channel(s), streak not established  [window: 3 files]
                         ch33  method=statistical           max_z=8.88      if_score=-0.4921     features=[nPulses_median]  [1/3 files]
[OK]    2026-04-28T18:39:58Z  Digitizer_run1504_subrun553.csv  —  96 channels, all nominal
[OK]    2026-04-28T18:40:00Z  Digitizer_run1504_subrun562.csv  —  96 channels, all nominal
[OK]    2026-04-28T18:40:02Z  Digitizer_run1504_subrun568.csv  —  96 channels, all nominal
[OK]    2026-04-28T18:40:04Z  Digitizer_run1504_subrun572.csv  —  1 transient anomalous channel(s), streak not established  [window: 3 files]
                         ch54  method=statistical           max_z=9.67      if_score=-0.5111     features=[pulseHeight_max_median;pulseArea_max_median]  [1/3 files]
[OK]    2026-04-28T18:40:06Z  Digitizer_run1504_subrun573.csv  —  3 transient anomalous channel(s), streak not established  [window: 3 files]
                         ch34  method=statistical           max_z=9.03      if_score=-0.5296     features=[sideband_mean_mean]  [1/3 files]
                         ch35  method=statistical           max_z=7.49      if_score=-0.521      features=[sideband_mean_mean]  [1/3 files]
                         ch95  method=statistical           max_z=7.37      if_score=-0.4698     features=[nPulses_median]  [1/3 files]
[OK]    2026-04-28T18:40:08Z  Digitizer_run1504_subrun586.csv  —  96 channels, all nominal
[OK]    2026-04-28T18:40:10Z  Digitizer_run1504_subrun590.csv  —  96 channels, all nominal
[OK]    2026-04-28T18:40:12Z  Digitizer_run1504_subrun595.csv  —  96 channels, all nominal
[OK]    2026-04-28T18:40:14Z  Digitizer_run1504_subrun597.csv  —  2 transient anomalous channel(s), streak not established  [window: 3 files]
                         ch16  method=statistical           max_z=6.88      if_score=-0.5104     features=[pulseArea_min_median]  [1/3 files]
                         ch17  method=statistical           max_z=8.26      if_score=-0.5244     features=[pulseArea_min_median]  [1/3 files]
[OK]    2026-04-28T18:40:16Z  Digitizer_run1504_subrun617.csv  —  96 channels, all nominal
[OK]    2026-04-28T18:40:17Z  Digitizer_run1504_subrun619.csv  —  96 channels, all nominal
[OK]    2026-04-28T18:40:19Z  Digitizer_run1504_subrun621.csv  —  1 transient anomalous channel(s), streak not established  [window: 3 files]
                         ch94  method=statistical           max_z=9.22      if_score=-0.45       features=[nPulses_median]  [1/3 files]
[OK]    2026-04-28T18:40:21Z  Digitizer_run1504_subrun640.csv  —  1 transient anomalous channel(s), streak not established  [window: 3 files]
                          ch9  method=statistical           max_z=11.23     if_score=-0.5129     features=[nPulses_median]  [1/3 files]
[OK]    2026-04-28T18:40:23Z  Digitizer_run1504_subrun647.csv  —  96 channels, all nominal
[OK]    2026-04-28T18:40:25Z  Digitizer_run1504_subrun649.csv  —  96 channels, all nominal
[OK]    2026-04-28T18:40:26Z  Digitizer_run1504_subrun650.csv  —  96 channels, all nominal
  [run 1505] New run — channel history reset
[OK]    2026-04-28T18:40:28Z  Digitizer_run1505_subrun10.csv  —  96 channels, all nominal
[OK]    2026-04-28T18:40:30Z  Digitizer_run1505_subrun15.csv  —  96 channels, all nominal
[OK]    2026-04-28T18:40:32Z  Digitizer_run1505_subrun26.csv  —  1 transient anomalous channel(s), streak not established  [window: 3 files]
                         ch48  method=statistical           max_z=11.79     if_score=-0.4653     features=[nPulses_median]  [1/3 files]
[OK]    2026-04-28T18:40:33Z  Digitizer_run1505_subrun35.csv  —  96 channels, all nominal
[OK]    2026-04-28T18:40:35Z  Digitizer_run1505_subrun41.csv  —  96 channels, all nominal
[OK]    2026-04-28T18:40:38Z  Digitizer_run1505_subrun47.csv  —  96 channels, all nominal
[OK]    2026-04-28T18:40:39Z  Digitizer_run1505_subrun48.csv  —  96 channels, all nominal
[OK]    2026-04-28T18:40:41Z  Digitizer_run1505_subrun50.csv  —  96 channels, all nominal
[OK]    2026-04-28T18:40:43Z  Digitizer_run1505_subrun74.csv  —  96 channels, all nominal
[OK]    2026-04-28T18:40:46Z  Digitizer_run1505_subrun87.csv  —  96 channels, all nominal
[OK]    2026-04-28T18:40:47Z  Digitizer_run1505_subrun92.csv  —  96 channels, all nominal
[OK]    2026-04-28T18:40:49Z  Digitizer_run1505_subrun101.csv  —  1 transient anomalous channel(s), streak not established  [window: 3 files]
                         ch95  method=statistical           max_z=7.37      if_score=-0.4796     features=[nPulses_median]  [1/3 files]
[OK]    2026-04-28T18:40:51Z  Digitizer_run1505_subrun102.csv  —  96 channels, all nominal
  [run 1506] New run — channel history reset
[OK]    2026-04-28T18:40:53Z  Digitizer_run1506_subrun6.csv  —  96 channels, all nominal
[OK]    2026-04-28T18:40:55Z  Digitizer_run1506_subrun21.csv  —  96 channels, all nominal
[OK]    2026-04-28T18:40:57Z  Digitizer_run1506_subrun41.csv  —  96 channels, all nominal
[OK]    2026-04-28T18:40:59Z  Digitizer_run1506_subrun48.csv  —  96 channels, all nominal
[OK]    2026-04-28T18:41:01Z  Digitizer_run1506_subrun49.csv  —  96 channels, all nominal
[OK]    2026-04-28T18:41:03Z  Digitizer_run1506_subrun58.csv  —  1 transient anomalous channel(s), streak not established  [window: 3 files]
                         ch30  method=statistical           max_z=11.23     if_score=-0.4496     features=[nPulses_median]  [1/3 files]
[ALERT] 2026-04-28T18:41:05Z  Digitizer_run1506_subrun63.csv  —  extreme z=15.9 on 91
                         ch91  method=statistical           max_z=15.91     if_score=-0.444      features=[nPulses_median]  [1/3 files]
[OK]    2026-04-28T18:41:07Z  Digitizer_run1506_subrun69.csv  —  96 channels, all nominal
  [run 1507] New run — channel history reset
[OK]    2026-04-28T18:41:09Z  Digitizer_run1507_subrun32.csv  —  96 channels, all nominal
[OK]    2026-04-28T18:41:11Z  Digitizer_run1507_subrun35.csv  —  96 channels, all nominal
[OK]    2026-04-28T18:41:12Z  Digitizer_run1507_subrun40.csv  —  1 transient anomalous channel(s), streak not established  [window: 3 files]
                         ch20  method=statistical           max_z=13.62     if_score=-0.5127     features=[nPulses_median]  [1/3 files]
[OK]    2026-04-28T18:41:14Z  Digitizer_run1507_subrun49.csv  —  96 channels, all nominal
[OK]    2026-04-28T18:41:16Z  Digitizer_run1507_subrun50.csv  —  96 channels, all nominal
[OK]    2026-04-28T18:41:18Z  Digitizer_run1507_subrun55.csv  —  96 channels, all nominal
[OK]    2026-04-28T18:41:20Z  Digitizer_run1507_subrun73.csv  —  96 channels, all nominal
[OK]    2026-04-28T18:41:22Z  Digitizer_run1507_subrun79.csv  —  96 channels, all nominal
[OK]    2026-04-28T18:41:24Z  Digitizer_run1507_subrun83.csv  —  96 channels, all nominal
[OK]    2026-04-28T18:41:26Z  Digitizer_run1507_subrun91.csv  —  96 channels, all nominal
[OK]    2026-04-28T18:41:28Z  Digitizer_run1507_subrun97.csv  —  96 channels, all nominal
[OK]    2026-04-28T18:41:30Z  Digitizer_run1507_subrun99.csv  —  1 transient anomalous channel(s), streak not established  [window: 3 files]
                         ch94  method=statistical           max_z=9.22      if_score=-0.5718     features=[nPulses_median]  [1/3 files]
  [run 1514] New run — channel history reset
[OK]    2026-04-28T18:41:32Z  Digitizer_run1514_subrun5.csv  —  96 channels, all nominal
[OK]    2026-04-28T18:41:34Z  Digitizer_run1514_subrun31.csv  —  96 channels, all nominal
[OK]    2026-04-28T18:41:36Z  Digitizer_run1514_subrun37.csv  —  1 transient anomalous channel(s), streak not established  [window: 3 files]
                          ch1  method=statistical           max_z=6.04      if_score=-0.4419     features=[nPulses_median]  [1/3 files]
[OK]    2026-04-28T18:41:37Z  Digitizer_run1514_subrun57.csv  —  96 channels, all nominal
[OK]    2026-04-28T18:41:39Z  Digitizer_run1514_subrun73.csv  —  96 channels, all nominal
[OK]    2026-04-28T18:41:41Z  Digitizer_run1514_subrun84.csv  —  96 channels, all nominal
[OK]    2026-04-28T18:41:43Z  Digitizer_run1514_subrun85.csv  —  2 transient anomalous channel(s), streak not established  [window: 3 files]
                         ch84  method=statistical           max_z=7.35      if_score=-0.48       features=[sideband_rms_mean]  [1/3 files]
                         ch85  method=statistical           max_z=6.07      if_score=-0.4949     features=[sideband_rms_mean]  [1/3 files]
[OK]    2026-04-28T18:41:44Z  Digitizer_run1514_subrun89.csv  —  96 channels, all nominal
[OK]    2026-04-28T18:41:46Z  Digitizer_run1514_subrun92.csv  —  96 channels, all nominal
  --- 700/1398 files processed ---
[OK]    2026-04-28T18:41:48Z  Digitizer_run1514_subrun108.csv  —  96 channels, all nominal
[OK]    2026-04-28T18:41:50Z  Digitizer_run1514_subrun110.csv  —  96 channels, all nominal
[OK]    2026-04-28T18:41:52Z  Digitizer_run1514_subrun129.csv  —  96 channels, all nominal
[OK]    2026-04-28T18:41:54Z  Digitizer_run1514_subrun133.csv  —  96 channels, all nominal
[OK]    2026-04-28T18:41:56Z  Digitizer_run1514_subrun145.csv  —  1 transient anomalous channel(s), streak not established  [window: 3 files]
                         ch62  method=statistical           max_z=6.27      if_score=-0.565      features=[pulseArea_max_median]  [1/3 files]
[OK]    2026-04-28T18:41:57Z  Digitizer_run1514_subrun169.csv  —  96 channels, all nominal
[OK]    2026-04-28T18:41:59Z  Digitizer_run1514_subrun177.csv  —  1 transient anomalous channel(s), streak not established  [window: 3 files]
                         ch26  method=statistical           max_z=12.25     if_score=-0.4742     features=[nPulses_median]  [1/3 files]
[OK]    2026-04-28T18:42:01Z  Digitizer_run1514_subrun186.csv  —  96 channels, all nominal
[OK]    2026-04-28T18:42:03Z  Digitizer_run1514_subrun190.csv  —  96 channels, all nominal
[OK]    2026-04-28T18:42:05Z  Digitizer_run1514_subrun202.csv  —  96 channels, all nominal
[OK]    2026-04-28T18:42:07Z  Digitizer_run1514_subrun203.csv  —  96 channels, all nominal
[OK]    2026-04-28T18:42:09Z  Digitizer_run1514_subrun207.csv  —  96 channels, all nominal
[OK]    2026-04-28T18:42:11Z  Digitizer_run1514_subrun208.csv  —  1 transient anomalous channel(s), streak not established  [window: 3 files]
                         ch94  method=statistical           max_z=9.22      if_score=-0.4412     features=[nPulses_median]  [1/3 files]
[OK]    2026-04-28T18:42:13Z  Digitizer_run1514_subrun211.csv  —  96 channels, all nominal
[OK]    2026-04-28T18:42:14Z  Digitizer_run1514_subrun216.csv  —  96 channels, all nominal
[OK]    2026-04-28T18:42:16Z  Digitizer_run1514_subrun239.csv  —  96 channels, all nominal
[OK]    2026-04-28T18:42:18Z  Digitizer_run1514_subrun244.csv  —  96 channels, all nominal
[OK]    2026-04-28T18:42:20Z  Digitizer_run1514_subrun245.csv  —  96 channels, all nominal
[OK]    2026-04-28T18:42:22Z  Digitizer_run1514_subrun246.csv  —  96 channels, all nominal
[OK]    2026-04-28T18:42:24Z  Digitizer_run1514_subrun262.csv  —  1 transient anomalous channel(s), streak not established  [window: 3 files]
                         ch94  method=statistical           max_z=9.22      if_score=-0.4847     features=[nPulses_median]  [1/3 files]
[ALERT] 2026-04-28T18:42:26Z  Digitizer_run1514_subrun273.csv  —  37/96 anomalous ch  [bulk ≥5]  |  extreme z=26.4 on 12
                          ch0  method=statistical           max_z=8.51      if_score=-0.5029     features=[nPulses_std]  [1/3 files]
                          ch1  method=statistical           max_z=7.2       if_score=-0.5791     features=[nPulses_std;nPulses_median]  [1/3 files]
                         ch10  method=statistical           max_z=10.89     if_score=-0.5033     features=[nPulses_mean;nPulses_std]  [1/3 files]
                         ch11  method=statistical           max_z=11.7      if_score=-0.5475     features=[nPulses_mean;nPulses_std;nPulses_median]  [1/3 files]
                         ch12  method=statistical           max_z=26.42     if_score=-0.4762     features=[nPulses_median]  [1/3 files]
                         ch13  method=statistical           max_z=12.71     if_score=-0.492      features=[nPulses_mean;nPulses_std]  [1/3 files]
                         ch15  method=statistical           max_z=11.18     if_score=-0.5273     features=[nPulses_mean;nPulses_std]  [1/3 files]
                         ch16  method=statistical           max_z=8.06      if_score=-0.5701     features=[nPulses_mean;nPulses_std]  [1/3 files]
                         ch18  method=statistical           max_z=13.7      if_score=-0.5135     features=[nPulses_mean;nPulses_std]  [1/3 files]
                          ch2  method=statistical           max_z=14.5      if_score=-0.5003     features=[nPulses_mean;nPulses_std]  [1/3 files]
                         ch20  method=statistical           max_z=6.26      if_score=-0.469      features=[nPulses_std]  [1/3 files]
                         ch23  method=statistical           max_z=8.41      if_score=-0.4831     features=[nPulses_mean;nPulses_std]  [1/3 files]
                         ch26  method=statistical           max_z=14.93     if_score=-0.4782     features=[nPulses_mean;nPulses_std]  [1/3 files]
                          ch3  method=statistical           max_z=8.55      if_score=-0.4993     features=[nPulses_mean;nPulses_std]  [1/3 files]
                         ch30  method=statistical           max_z=11.23     if_score=-0.5992     features=[nPulses_mean;nPulses_std;nPulses_median]  [1/3 files]
                         ch31  method=statistical           max_z=11.21     if_score=-0.5603     features=[nPulses_mean;nPulses_std]  [1/3 files]
                         ch32  method=statistical           max_z=8.68      if_score=-0.4583     features=[nPulses_std]  [1/3 files]
                         ch37  method=statistical           max_z=10.07     if_score=-0.4952     features=[nPulses_mean;nPulses_std]  [1/3 files]
                         ch38  method=statistical           max_z=10.53     if_score=-0.4869     features=[nPulses_mean;nPulses_std]  [1/3 files]
                          ch4  method=statistical           max_z=9.76      if_score=-0.4936     features=[nPulses_mean;nPulses_std]  [1/3 files]
                         ch40  method=statistical           max_z=8.58      if_score=-0.4774     features=[nPulses_std]  [1/3 files]
                         ch42  method=statistical           max_z=7.01      if_score=-0.4955     features=[nPulses_mean;nPulses_std]  [1/3 files]
                         ch44  method=statistical           max_z=6.04      if_score=-0.5178     features=[nPulses_std]  [1/3 files]
                         ch45  method=statistical           max_z=7.13      if_score=-0.5165     features=[nPulses_std]  [1/3 files]
                         ch47  method=statistical           max_z=6.16      if_score=-0.5859     features=[nPulses_std]  [1/3 files]
                         ch48  method=statistical           max_z=16.81     if_score=-0.5397     features=[nPulses_mean;nPulses_std]  [1/3 files]
                         ch50  method=statistical           max_z=7.55      if_score=-0.5218     features=[nPulses_std]  [1/3 files]
                         ch53  method=statistical           max_z=9.49      if_score=-0.4756     features=[nPulses_std]  [1/3 files]
                         ch57  method=statistical           max_z=8.69      if_score=-0.4447     features=[nPulses_std]  [1/3 files]
                         ch59  method=statistical           max_z=10.23     if_score=-0.5089     features=[nPulses_std]  [1/3 files]
                          ch6  method=statistical           max_z=18.16     if_score=-0.5425     features=[nPulses_mean;nPulses_std;nPulses_median]  [1/3 files]
                         ch61  method=statistical           max_z=9.06      if_score=-0.5063     features=[nPulses_std]  [1/3 files]
                         ch63  method=statistical           max_z=13.6      if_score=-0.4861     features=[nPulses_mean;nPulses_std]  [1/3 files]
                          ch7  method=statistical           max_z=10.23     if_score=-0.455      features=[nPulses_mean;nPulses_std]  [1/3 files]
                          ch8  method=statistical           max_z=14.87     if_score=-0.5318     features=[nPulses_mean;nPulses_std]  [1/3 files]
                         ch84  method=statistical           max_z=6.73      if_score=-0.4776     features=[nPulses_std]  [1/3 files]
                         ch95  method=statistical           max_z=7.37      if_score=-0.4331     features=[nPulses_median]  [1/3 files]
[OK]    2026-04-28T18:42:28Z  Digitizer_run1514_subrun280.csv  —  96 channels, all nominal
[OK]    2026-04-28T18:42:30Z  Digitizer_run1514_subrun283.csv  —  2 transient anomalous channel(s), streak not established  [window: 3 files]
                         ch19  method=isolation_forest      max_z=5.58      if_score=-0.6097     features=[]  [1/3 files]
                         ch30  method=statistical           max_z=6.75      if_score=-0.569      features=[pulseHeight_min_median;pulseArea_min_median]  [2/3 files]
[OK]    2026-04-28T18:42:31Z  Digitizer_run1514_subrun317.csv  —  96 channels, all nominal
[OK]    2026-04-28T18:42:33Z  Digitizer_run1514_subrun323.csv  —  96 channels, all nominal
[OK]    2026-04-28T18:42:35Z  Digitizer_run1514_subrun326.csv  —  96 channels, all nominal
[OK]    2026-04-28T18:42:37Z  Digitizer_run1514_subrun335.csv  —  96 channels, all nominal
[OK]    2026-04-28T18:42:39Z  Digitizer_run1514_subrun336.csv  —  96 channels, all nominal
[OK]    2026-04-28T18:42:41Z  Digitizer_run1514_subrun343.csv  —  1 transient anomalous channel(s), streak not established  [window: 3 files]
                         ch26  method=statistical           max_z=12.25     if_score=-0.5399     features=[nPulses_median]  [1/3 files]
[OK]    2026-04-28T18:42:43Z  Digitizer_run1514_subrun345.csv  —  96 channels, all nominal
[OK]    2026-04-28T18:42:44Z  Digitizer_run1514_subrun353.csv  —  96 channels, all nominal
[OK]    2026-04-28T18:42:46Z  Digitizer_run1514_subrun362.csv  —  2 transient anomalous channel(s), streak not established  [window: 3 files]
                         ch11  method=statistical           max_z=10.86     if_score=-0.506      features=[nPulses_median]  [1/3 files]
                         ch62  method=statistical           max_z=7.03      if_score=-0.5171     features=[pulseArea_max_median]  [1/3 files]
[OK]    2026-04-28T18:42:48Z  Digitizer_run1514_subrun407.csv  —  96 channels, all nominal
[OK]    2026-04-28T18:42:50Z  Digitizer_run1514_subrun420.csv  —  96 channels, all nominal
  [run 1520] New run — channel history reset
[OK]    2026-04-28T18:42:52Z  Digitizer_run1520_subrun21.csv  —  96 channels, all nominal
[OK]    2026-04-28T18:42:53Z  Digitizer_run1520_subrun29.csv  —  96 channels, all nominal
[OK]    2026-04-28T18:42:55Z  Digitizer_run1520_subrun38.csv  —  96 channels, all nominal
  [run 1528] New run — channel history reset
[OK]    2026-04-28T18:42:57Z  Digitizer_run1528_subrun9.csv  —  96 channels, all nominal
[OK]    2026-04-28T18:42:59Z  Digitizer_run1528_subrun17.csv  —  96 channels, all nominal
[OK]    2026-04-28T18:43:01Z  Digitizer_run1528_subrun21.csv  —  96 channels, all nominal
[OK]    2026-04-28T18:43:03Z  Digitizer_run1528_subrun33.csv  —  96 channels, all nominal
[OK]    2026-04-28T18:43:05Z  Digitizer_run1528_subrun64.csv  —  96 channels, all nominal
[OK]    2026-04-28T18:43:07Z  Digitizer_run1528_subrun69.csv  —  96 channels, all nominal
[OK]    2026-04-28T18:43:09Z  Digitizer_run1528_subrun70.csv  —  96 channels, all nominal
[OK]    2026-04-28T18:43:10Z  Digitizer_run1528_subrun74.csv  —  96 channels, all nominal
[OK]    2026-04-28T18:43:12Z  Digitizer_run1528_subrun85.csv  —  96 channels, all nominal
[OK]    2026-04-28T18:43:14Z  Digitizer_run1528_subrun87.csv  —  96 channels, all nominal
[OK]    2026-04-28T18:43:15Z  Digitizer_run1528_subrun90.csv  —  96 channels, all nominal
[OK]    2026-04-28T18:43:17Z  Digitizer_run1528_subrun96.csv  —  96 channels, all nominal
[OK]    2026-04-28T18:43:19Z  Digitizer_run1528_subrun97.csv  —  96 channels, all nominal
[OK]    2026-04-28T18:43:21Z  Digitizer_run1528_subrun114.csv  —  96 channels, all nominal
[OK]    2026-04-28T18:43:23Z  Digitizer_run1528_subrun119.csv  —  96 channels, all nominal
[OK]    2026-04-28T18:43:24Z  Digitizer_run1528_subrun122.csv  —  96 channels, all nominal
[OK]    2026-04-28T18:43:26Z  Digitizer_run1528_subrun127.csv  —  96 channels, all nominal
[OK]    2026-04-28T18:43:28Z  Digitizer_run1528_subrun144.csv  —  96 channels, all nominal
[OK]    2026-04-28T18:43:29Z  Digitizer_run1528_subrun153.csv  —  96 channels, all nominal
[OK]    2026-04-28T18:43:31Z  Digitizer_run1528_subrun163.csv  —  1 transient anomalous channel(s), streak not established  [window: 3 files]
                         ch95  method=statistical           max_z=7.37      if_score=-0.5041     features=[nPulses_median]  [1/3 files]
[OK]    2026-04-28T18:43:33Z  Digitizer_run1528_subrun168.csv  —  1 transient anomalous channel(s), streak not established  [window: 3 files]
                          ch1  method=statistical           max_z=6.04      if_score=-0.472      features=[nPulses_median]  [1/3 files]
[OK]    2026-04-28T18:43:35Z  Digitizer_run1528_subrun177.csv  —  1 transient anomalous channel(s), streak not established  [window: 3 files]
                         ch43  method=statistical           max_z=6.61      if_score=-0.4754     features=[sideband_rms_mean]  [1/3 files]
[OK]    2026-04-28T18:43:37Z  Digitizer_run1528_subrun198.csv  —  96 channels, all nominal
[OK]    2026-04-28T18:43:38Z  Digitizer_run1528_subrun202.csv  —  96 channels, all nominal
[OK]    2026-04-28T18:43:40Z  Digitizer_run1528_subrun207.csv  —  96 channels, all nominal
[OK]    2026-04-28T18:43:42Z  Digitizer_run1528_subrun211.csv  —  1 transient anomalous channel(s), streak not established  [window: 3 files]
                         ch20  method=statistical           max_z=6.77      if_score=-0.497      features=[nPulses_median]  [1/3 files]
[OK]    2026-04-28T18:43:44Z  Digitizer_run1528_subrun217.csv  —  96 channels, all nominal
[OK]    2026-04-28T18:43:46Z  Digitizer_run1528_subrun249.csv  —  1 transient anomalous channel(s), streak not established  [window: 3 files]
                          ch1  method=statistical           max_z=6.04      if_score=-0.4531     features=[nPulses_median]  [1/3 files]
[OK]    2026-04-28T18:43:48Z  Digitizer_run1528_subrun250.csv  —  96 channels, all nominal
[ALERT] 2026-04-28T18:43:50Z  Digitizer_run1528_subrun251.csv  —  extreme z=18.1 on 40
                         ch40  method=statistical           max_z=18.11     if_score=-0.5455     features=[nPulses_median]  [1/3 files]
[OK]    2026-04-28T18:43:52Z  Digitizer_run1528_subrun254.csv  —  96 channels, all nominal
[OK]    2026-04-28T18:43:53Z  Digitizer_run1528_subrun256.csv  —  96 channels, all nominal
[OK]    2026-04-28T18:43:55Z  Digitizer_run1528_subrun257.csv  —  96 channels, all nominal
[OK]    2026-04-28T18:43:57Z  Digitizer_run1528_subrun271.csv  —  1 transient anomalous channel(s), streak not established  [window: 3 files]
                         ch84  method=statistical           max_z=6.69      if_score=-0.508      features=[pulseArea_min_median]  [1/3 files]
[OK]    2026-04-28T18:43:59Z  Digitizer_run1528_subrun289.csv  —  96 channels, all nominal
[OK]    2026-04-28T18:44:01Z  Digitizer_run1528_subrun295.csv  —  96 channels, all nominal
[OK]    2026-04-28T18:44:03Z  Digitizer_run1528_subrun306.csv  —  96 channels, all nominal
[OK]    2026-04-28T18:44:05Z  Digitizer_run1528_subrun317.csv  —  96 channels, all nominal
[OK]    2026-04-28T18:44:07Z  Digitizer_run1528_subrun328.csv  —  96 channels, all nominal
[OK]    2026-04-28T18:44:09Z  Digitizer_run1528_subrun330.csv  —  96 channels, all nominal
[OK]    2026-04-28T18:44:11Z  Digitizer_run1528_subrun337.csv  —  96 channels, all nominal
[OK]    2026-04-28T18:44:12Z  Digitizer_run1528_subrun338.csv  —  96 channels, all nominal
[OK]    2026-04-28T18:44:14Z  Digitizer_run1528_subrun343.csv  —  96 channels, all nominal
[OK]    2026-04-28T18:44:16Z  Digitizer_run1528_subrun346.csv  —  96 channels, all nominal
[OK]    2026-04-28T18:44:18Z  Digitizer_run1528_subrun349.csv  —  2 transient anomalous channel(s), streak not established  [window: 3 files]
                         ch11  method=statistical           max_z=10.86     if_score=-0.4581     features=[nPulses_median]  [1/3 files]
                          ch6  method=statistical           max_z=6.64      if_score=-0.4973     features=[nPulses_median]  [1/3 files]
[OK]    2026-04-28T18:44:20Z  Digitizer_run1528_subrun374.csv  —  96 channels, all nominal
[OK]    2026-04-28T18:44:22Z  Digitizer_run1528_subrun382.csv  —  96 channels, all nominal
[OK]    2026-04-28T18:44:23Z  Digitizer_run1528_subrun387.csv  —  96 channels, all nominal
[OK]    2026-04-28T18:44:25Z  Digitizer_run1528_subrun390.csv  —  96 channels, all nominal
[OK]    2026-04-28T18:44:27Z  Digitizer_run1528_subrun391.csv  —  1 transient anomalous channel(s), streak not established  [window: 3 files]
                         ch26  method=statistical           max_z=12.25     if_score=-0.5217     features=[nPulses_median]  [1/3 files]
[OK]    2026-04-28T18:44:29Z  Digitizer_run1528_subrun396.csv  —  96 channels, all nominal
[OK]    2026-04-28T18:44:31Z  Digitizer_run1528_subrun415.csv  —  96 channels, all nominal
[OK]    2026-04-28T18:44:33Z  Digitizer_run1528_subrun422.csv  —  96 channels, all nominal
[OK]    2026-04-28T18:44:34Z  Digitizer_run1528_subrun425.csv  —  96 channels, all nominal
[OK]    2026-04-28T18:44:36Z  Digitizer_run1528_subrun438.csv  —  96 channels, all nominal
[OK]    2026-04-28T18:44:38Z  Digitizer_run1528_subrun449.csv  —  96 channels, all nominal
[OK]    2026-04-28T18:44:40Z  Digitizer_run1528_subrun452.csv  —  96 channels, all nominal
  [run 1529] New run — channel history reset
[OK]    2026-04-28T18:44:42Z  Digitizer_run1529_subrun12.csv  —  1 transient anomalous channel(s), streak not established  [window: 3 files]
                         ch17  method=statistical           max_z=9.81      if_score=-0.523      features=[pulseHeight_min_median;pulseArea_min_median]  [1/3 files]
[OK]    2026-04-28T18:44:44Z  Digitizer_run1529_subrun28.csv  —  96 channels, all nominal
[OK]    2026-04-28T18:44:45Z  Digitizer_run1529_subrun72.csv  —  96 channels, all nominal
  [run 1530] New run — channel history reset
[OK]    2026-04-28T18:44:47Z  Digitizer_run1530_subrun8.csv  —  96 channels, all nominal
[OK]    2026-04-28T18:44:49Z  Digitizer_run1530_subrun24.csv  —  96 channels, all nominal
[OK]    2026-04-28T18:44:51Z  Digitizer_run1530_subrun36.csv  —  96 channels, all nominal
  --- 800/1398 files processed ---
[OK]    2026-04-28T18:44:53Z  Digitizer_run1530_subrun38.csv  —  96 channels, all nominal
  [run 1532] New run — channel history reset
[OK]    2026-04-28T18:44:54Z  Digitizer_run1532_subrun3.csv  —  96 channels, all nominal
[OK]    2026-04-28T18:44:56Z  Digitizer_run1532_subrun5.csv  —  96 channels, all nominal
[OK]    2026-04-28T18:44:58Z  Digitizer_run1532_subrun17.csv  —  96 channels, all nominal
[OK]    2026-04-28T18:45:00Z  Digitizer_run1532_subrun20.csv  —  96 channels, all nominal
[OK]    2026-04-28T18:45:02Z  Digitizer_run1532_subrun26.csv  —  96 channels, all nominal
[OK]    2026-04-28T18:45:03Z  Digitizer_run1532_subrun37.csv  —  96 channels, all nominal
[OK]    2026-04-28T18:45:05Z  Digitizer_run1532_subrun53.csv  —  96 channels, all nominal
[OK]    2026-04-28T18:45:07Z  Digitizer_run1532_subrun59.csv  —  1 transient anomalous channel(s), streak not established  [window: 3 files]
                         ch30  method=statistical           max_z=11.23     if_score=-0.4914     features=[nPulses_median]  [1/3 files]
[OK]    2026-04-28T18:45:09Z  Digitizer_run1532_subrun64.csv  —  96 channels, all nominal
[OK]    2026-04-28T18:45:11Z  Digitizer_run1532_subrun69.csv  —  96 channels, all nominal
[OK]    2026-04-28T18:45:13Z  Digitizer_run1532_subrun70.csv  —  96 channels, all nominal
[OK]    2026-04-28T18:45:14Z  Digitizer_run1532_subrun87.csv  —  96 channels, all nominal
[OK]    2026-04-28T18:45:16Z  Digitizer_run1532_subrun97.csv  —  96 channels, all nominal
[OK]    2026-04-28T18:45:18Z  Digitizer_run1532_subrun107.csv  —  96 channels, all nominal
[OK]    2026-04-28T18:45:20Z  Digitizer_run1532_subrun108.csv  —  1 transient anomalous channel(s), streak not established  [window: 3 files]
                         ch52  method=isolation_forest      max_z=4.58      if_score=-0.6095     features=[]  [1/3 files]
[OK]    2026-04-28T18:45:22Z  Digitizer_run1532_subrun122.csv  —  96 channels, all nominal
[OK]    2026-04-28T18:45:24Z  Digitizer_run1532_subrun151.csv  —  1 transient anomalous channel(s), streak not established  [window: 3 files]
                         ch88  method=statistical           max_z=9.27      if_score=-0.4558     features=[nPulses_median]  [1/3 files]
[OK]    2026-04-28T18:45:25Z  Digitizer_run1532_subrun158.csv  —  96 channels, all nominal
[OK]    2026-04-28T18:45:27Z  Digitizer_run1532_subrun166.csv  —  96 channels, all nominal
[OK]    2026-04-28T18:45:29Z  Digitizer_run1532_subrun167.csv  —  1 transient anomalous channel(s), streak not established  [window: 3 files]
                         ch88  method=statistical           max_z=9.27      if_score=-0.4367     features=[nPulses_median]  [1/3 files]
[OK]    2026-04-28T18:45:30Z  Digitizer_run1532_subrun184.csv  —  96 channels, all nominal
[OK]    2026-04-28T18:45:32Z  Digitizer_run1532_subrun186.csv  —  1 transient anomalous channel(s), streak not established  [window: 3 files]
                         ch88  method=statistical           max_z=9.27      if_score=-0.4611     features=[nPulses_median]  [2/3 files]
[OK]    2026-04-28T18:45:34Z  Digitizer_run1532_subrun235.csv  —  96 channels, all nominal
[OK]    2026-04-28T18:45:36Z  Digitizer_run1532_subrun237.csv  —  96 channels, all nominal
[OK]    2026-04-28T18:45:38Z  Digitizer_run1532_subrun249.csv  —  1 transient anomalous channel(s), streak not established  [window: 3 files]
                         ch89  method=statistical           max_z=7.57      if_score=-0.4932     features=[nPulses_std]  [1/3 files]
[OK]    2026-04-28T18:45:40Z  Digitizer_run1532_subrun269.csv  —  96 channels, all nominal
[OK]    2026-04-28T18:45:41Z  Digitizer_run1532_subrun271.csv  —  96 channels, all nominal
[OK]    2026-04-28T18:45:43Z  Digitizer_run1532_subrun299.csv  —  96 channels, all nominal
[OK]    2026-04-28T18:45:44Z  Digitizer_run1532_subrun308.csv  —  96 channels, all nominal
[OK]    2026-04-28T18:45:46Z  Digitizer_run1532_subrun340.csv  —  96 channels, all nominal
[OK]    2026-04-28T18:45:48Z  Digitizer_run1532_subrun349.csv  —  96 channels, all nominal
[OK]    2026-04-28T18:45:49Z  Digitizer_run1532_subrun350.csv  —  96 channels, all nominal
[OK]    2026-04-28T18:45:51Z  Digitizer_run1532_subrun358.csv  —  96 channels, all nominal
[OK]    2026-04-28T18:45:53Z  Digitizer_run1532_subrun359.csv  —  96 channels, all nominal
[OK]    2026-04-28T18:45:55Z  Digitizer_run1532_subrun378.csv  —  96 channels, all nominal
[OK]    2026-04-28T18:45:57Z  Digitizer_run1532_subrun387.csv  —  96 channels, all nominal
[OK]    2026-04-28T18:45:58Z  Digitizer_run1532_subrun388.csv  —  96 channels, all nominal
[OK]    2026-04-28T18:46:00Z  Digitizer_run1532_subrun390.csv  —  96 channels, all nominal
[OK]    2026-04-28T18:46:02Z  Digitizer_run1532_subrun397.csv  —  96 channels, all nominal
[OK]    2026-04-28T18:46:04Z  Digitizer_run1532_subrun407.csv  —  96 channels, all nominal
[OK]    2026-04-28T18:46:05Z  Digitizer_run1532_subrun416.csv  —  96 channels, all nominal
[OK]    2026-04-28T18:46:07Z  Digitizer_run1532_subrun418.csv  —  96 channels, all nominal
[OK]    2026-04-28T18:46:09Z  Digitizer_run1532_subrun445.csv  —  96 channels, all nominal
[OK]    2026-04-28T18:46:11Z  Digitizer_run1532_subrun449.csv  —  96 channels, all nominal
[OK]    2026-04-28T18:46:13Z  Digitizer_run1532_subrun493.csv  —  96 channels, all nominal
[OK]    2026-04-28T18:46:15Z  Digitizer_run1532_subrun501.csv  —  96 channels, all nominal
[OK]    2026-04-28T18:46:16Z  Digitizer_run1532_subrun515.csv  —  96 channels, all nominal
[OK]    2026-04-28T18:46:18Z  Digitizer_run1532_subrun534.csv  —  96 channels, all nominal
[OK]    2026-04-28T18:46:20Z  Digitizer_run1532_subrun549.csv  —  96 channels, all nominal
[OK]    2026-04-28T18:46:22Z  Digitizer_run1532_subrun556.csv  —  96 channels, all nominal
[OK]    2026-04-28T18:46:23Z  Digitizer_run1532_subrun564.csv  —  96 channels, all nominal
[OK]    2026-04-28T18:46:25Z  Digitizer_run1532_subrun572.csv  —  96 channels, all nominal
[OK]    2026-04-28T18:46:27Z  Digitizer_run1532_subrun588.csv  —  96 channels, all nominal
[OK]    2026-04-28T18:46:29Z  Digitizer_run1532_subrun610.csv  —  96 channels, all nominal
[OK]    2026-04-28T18:46:30Z  Digitizer_run1532_subrun618.csv  —  96 channels, all nominal
[OK]    2026-04-28T18:46:32Z  Digitizer_run1532_subrun631.csv  —  96 channels, all nominal
[OK]    2026-04-28T18:46:34Z  Digitizer_run1532_subrun636.csv  —  96 channels, all nominal
[OK]    2026-04-28T18:46:36Z  Digitizer_run1532_subrun666.csv  —  96 channels, all nominal
[OK]    2026-04-28T18:46:38Z  Digitizer_run1532_subrun688.csv  —  96 channels, all nominal
[OK]    2026-04-28T18:46:40Z  Digitizer_run1532_subrun716.csv  —  96 channels, all nominal
[OK]    2026-04-28T18:46:42Z  Digitizer_run1532_subrun737.csv  —  96 channels, all nominal
[OK]    2026-04-28T18:46:44Z  Digitizer_run1532_subrun740.csv  —  96 channels, all nominal
[OK]    2026-04-28T18:46:46Z  Digitizer_run1532_subrun761.csv  —  96 channels, all nominal
[OK]    2026-04-28T18:46:48Z  Digitizer_run1532_subrun771.csv  —  96 channels, all nominal
[OK]    2026-04-28T18:46:50Z  Digitizer_run1532_subrun774.csv  —  96 channels, all nominal
[OK]    2026-04-28T18:46:52Z  Digitizer_run1532_subrun777.csv  —  96 channels, all nominal
[OK]    2026-04-28T18:46:53Z  Digitizer_run1532_subrun803.csv  —  1 transient anomalous channel(s), streak not established  [window: 3 files]
                         ch18  method=statistical           max_z=7.99      if_score=-0.4966     features=[pulseHeight_min_median;pulseArea_min_median]  [1/3 files]
[OK]    2026-04-28T18:46:55Z  Digitizer_run1532_subrun804.csv  —  96 channels, all nominal
[OK]    2026-04-28T18:46:57Z  Digitizer_run1532_subrun818.csv  —  96 channels, all nominal
[OK]    2026-04-28T18:46:59Z  Digitizer_run1532_subrun827.csv  —  1 transient anomalous channel(s), streak not established  [window: 3 files]
                         ch49  method=statistical           max_z=7.42      if_score=-0.5576     features=[pulseHeight_max_median]  [1/3 files]
[OK]    2026-04-28T18:47:01Z  Digitizer_run1532_subrun857.csv  —  96 channels, all nominal
[OK]    2026-04-28T18:47:03Z  Digitizer_run1532_subrun863.csv  —  96 channels, all nominal
[OK]    2026-04-28T18:47:05Z  Digitizer_run1532_subrun864.csv  —  96 channels, all nominal
[OK]    2026-04-28T18:47:07Z  Digitizer_run1532_subrun875.csv  —  96 channels, all nominal
[OK]    2026-04-28T18:47:08Z  Digitizer_run1532_subrun886.csv  —  96 channels, all nominal
[OK]    2026-04-28T18:47:10Z  Digitizer_run1532_subrun895.csv  —  96 channels, all nominal
[OK]    2026-04-28T18:47:12Z  Digitizer_run1532_subrun896.csv  —  96 channels, all nominal
[OK]    2026-04-28T18:47:14Z  Digitizer_run1532_subrun899.csv  —  96 channels, all nominal
[OK]    2026-04-28T18:47:15Z  Digitizer_run1532_subrun902.csv  —  96 channels, all nominal
[OK]    2026-04-28T18:47:17Z  Digitizer_run1532_subrun909.csv  —  96 channels, all nominal
[OK]    2026-04-28T18:47:18Z  Digitizer_run1532_subrun913.csv  —  96 channels, all nominal
[OK]    2026-04-28T18:47:21Z  Digitizer_run1532_subrun914.csv  —  96 channels, all nominal
[OK]    2026-04-28T18:47:22Z  Digitizer_run1532_subrun916.csv  —  1 transient anomalous channel(s), streak not established  [window: 3 files]
                         ch39  method=statistical           max_z=6.45      if_score=-0.5439     features=[pulseDuriation_max_std;pulseDuriation_min_std]  [1/3 files]
[OK]    2026-04-28T18:47:24Z  Digitizer_run1532_subrun926.csv  —  1 transient anomalous channel(s), streak not established  [window: 3 files]
                         ch21  method=statistical           max_z=7.74      if_score=-0.5324     features=[nPulses_median]  [1/3 files]
[OK]    2026-04-28T18:47:26Z  Digitizer_run1532_subrun928.csv  —  96 channels, all nominal
[OK]    2026-04-28T18:47:28Z  Digitizer_run1532_subrun935.csv  —  96 channels, all nominal
[OK]    2026-04-28T18:47:30Z  Digitizer_run1532_subrun944.csv  —  96 channels, all nominal
[ALERT] 2026-04-28T18:47:32Z  Digitizer_run1532_subrun970.csv  —  10/96 anomalous ch  [bulk ≥5]
                         ch14  method=statistical           max_z=7.06      if_score=-0.4197     features=[occupancy]  [1/3 files]
                         ch15  method=statistical           max_z=7.26      if_score=-0.432      features=[occupancy]  [1/3 files]
                         ch38  method=statistical           max_z=9.31      if_score=-0.4015     features=[occupancy]  [1/3 files]
                         ch39  method=statistical           max_z=9.28      if_score=-0.4202     features=[occupancy]  [1/3 files]
                         ch55  method=statistical           max_z=6.86      if_score=-0.4961     features=[sideband_mean_mean]  [1/3 files]
                         ch62  method=statistical           max_z=6.48      if_score=-0.4731     features=[pulseDuriation_min_median]  [1/3 files]
                         ch63  method=statistical           max_z=7.74      if_score=-0.4229     features=[occupancy]  [1/3 files]
                         ch81  method=statistical           max_z=6.1       if_score=-0.5145     features=[occupancy]  [1/3 files]
                         ch88  method=statistical           max_z=6.71      if_score=-0.5281     features=[sideband_rms_mean]  [1/3 files]
                         ch89  method=statistical           max_z=9.48      if_score=-0.5721     features=[sideband_rms_mean]  [1/3 files]
[OK]    2026-04-28T18:47:33Z  Digitizer_run1532_subrun1015.csv  —  1 transient anomalous channel(s), streak not established  [window: 3 files]
                          ch0  method=statistical           max_z=7.44      if_score=-0.5921     features=[pulseDuriation_max_std;pulseDuriation_min_mean;pulseDuriation_min_std]  [1/3 files]
[OK]    2026-04-28T18:47:35Z  Digitizer_run1532_subrun1018.csv  —  96 channels, all nominal
[OK]    2026-04-28T18:47:37Z  Digitizer_run1532_subrun1027.csv  —  1 transient anomalous channel(s), streak not established  [window: 3 files]
                          ch9  method=statistical           max_z=11.23     if_score=-0.4996     features=[nPulses_median]  [1/3 files]
[OK]    2026-04-28T18:47:39Z  Digitizer_run1532_subrun1056.csv  —  96 channels, all nominal
[OK]    2026-04-28T18:47:41Z  Digitizer_run1532_subrun1057.csv  —  96 channels, all nominal
[OK]    2026-04-28T18:47:43Z  Digitizer_run1532_subrun1087.csv  —  1 transient anomalous channel(s), streak not established  [window: 3 files]
                         ch34  method=statistical           max_z=6.12      if_score=-0.5859     features=[pulseDuriation_min_mean]  [1/3 files]
  [run 1535] New run — channel history reset
[OK]    2026-04-28T18:47:45Z  Digitizer_run1535_subrun2.csv  —  1 transient anomalous channel(s), streak not established  [window: 3 files]
                          ch1  method=statistical           max_z=6.04      if_score=-0.4454     features=[nPulses_median]  [1/3 files]
[OK]    2026-04-28T18:47:47Z  Digitizer_run1535_subrun8.csv  —  96 channels, all nominal
[OK]    2026-04-28T18:47:49Z  Digitizer_run1535_subrun13.csv  —  96 channels, all nominal
[OK]    2026-04-28T18:47:50Z  Digitizer_run1535_subrun14.csv  —  96 channels, all nominal
[OK]    2026-04-28T18:47:52Z  Digitizer_run1535_subrun22.csv  —  96 channels, all nominal
  --- 900/1398 files processed ---
[OK]    2026-04-28T18:47:54Z  Digitizer_run1535_subrun30.csv  —  96 channels, all nominal
[OK]    2026-04-28T18:47:55Z  Digitizer_run1535_subrun39.csv  —  96 channels, all nominal
[OK]    2026-04-28T18:47:57Z  Digitizer_run1535_subrun44.csv  —  96 channels, all nominal
[OK]    2026-04-28T18:47:58Z  Digitizer_run1535_subrun46.csv  —  96 channels, all nominal
[OK]    2026-04-28T18:48:00Z  Digitizer_run1535_subrun48.csv  —  96 channels, all nominal
[OK]    2026-04-28T18:48:02Z  Digitizer_run1535_subrun52.csv  —  96 channels, all nominal
[OK]    2026-04-28T18:48:03Z  Digitizer_run1535_subrun56.csv  —  96 channels, all nominal
[OK]    2026-04-28T18:48:05Z  Digitizer_run1535_subrun68.csv  —  96 channels, all nominal
[OK]    2026-04-28T18:48:07Z  Digitizer_run1535_subrun70.csv  —  96 channels, all nominal
[OK]    2026-04-28T18:48:08Z  Digitizer_run1535_subrun72.csv  —  96 channels, all nominal
[OK]    2026-04-28T18:48:10Z  Digitizer_run1535_subrun79.csv  —  96 channels, all nominal
[OK]    2026-04-28T18:48:12Z  Digitizer_run1535_subrun87.csv  —  96 channels, all nominal
[OK]    2026-04-28T18:48:13Z  Digitizer_run1535_subrun91.csv  —  96 channels, all nominal
[OK]    2026-04-28T18:48:15Z  Digitizer_run1535_subrun101.csv  —  96 channels, all nominal
[ALERT] 2026-04-28T18:48:17Z  Digitizer_run1535_subrun110.csv  —  extreme z=15.2 on 10
                         ch10  method=statistical           max_z=15.23     if_score=-0.4967     features=[nPulses_median]  [1/3 files]
[OK]    2026-04-28T18:48:18Z  Digitizer_run1535_subrun111.csv  —  96 channels, all nominal
[OK]    2026-04-28T18:48:20Z  Digitizer_run1535_subrun133.csv  —  1 transient anomalous channel(s), streak not established  [window: 3 files]
                          ch6  method=statistical           max_z=6.64      if_score=-0.5078     features=[nPulses_median]  [1/3 files]
[OK]    2026-04-28T18:48:22Z  Digitizer_run1535_subrun140.csv  —  96 channels, all nominal
[OK]    2026-04-28T18:48:24Z  Digitizer_run1535_subrun151.csv  —  96 channels, all nominal
[OK]    2026-04-28T18:48:26Z  Digitizer_run1535_subrun167.csv  —  96 channels, all nominal
[OK]    2026-04-28T18:48:27Z  Digitizer_run1535_subrun188.csv  —  96 channels, all nominal
[OK]    2026-04-28T18:48:29Z  Digitizer_run1535_subrun209.csv  —  96 channels, all nominal
[OK]    2026-04-28T18:48:31Z  Digitizer_run1535_subrun218.csv  —  96 channels, all nominal
[OK]    2026-04-28T18:48:33Z  Digitizer_run1535_subrun222.csv  —  96 channels, all nominal
[OK]    2026-04-28T18:48:34Z  Digitizer_run1535_subrun255.csv  —  2 transient anomalous channel(s), streak not established  [window: 3 files]
                         ch30  method=statistical           max_z=11.23     if_score=-0.4933     features=[nPulses_median]  [1/3 files]
                          ch9  method=statistical           max_z=11.23     if_score=-0.5028     features=[nPulses_median]  [1/3 files]
[OK]    2026-04-28T18:48:36Z  Digitizer_run1535_subrun258.csv  —  1 transient anomalous channel(s), streak not established  [window: 3 files]
                         ch59  method=statistical           max_z=6.43      if_score=-0.5104     features=[sideband_rms_mean]  [1/3 files]
[OK]    2026-04-28T18:48:38Z  Digitizer_run1535_subrun278.csv  —  1 transient anomalous channel(s), streak not established  [window: 3 files]
                         ch11  method=statistical           max_z=10.86     if_score=-0.5105     features=[nPulses_median]  [1/3 files]
[OK]    2026-04-28T18:48:40Z  Digitizer_run1535_subrun285.csv  —  96 channels, all nominal
[OK]    2026-04-28T18:48:41Z  Digitizer_run1535_subrun299.csv  —  1 transient anomalous channel(s), streak not established  [window: 3 files]
                          ch2  method=statistical           max_z=9.52      if_score=-0.5464     features=[nPulses_median]  [1/3 files]
[OK]    2026-04-28T18:48:43Z  Digitizer_run1535_subrun315.csv  —  96 channels, all nominal
[OK]    2026-04-28T18:48:44Z  Digitizer_run1535_subrun347.csv  —  1 transient anomalous channel(s), streak not established  [window: 3 files]
                          ch1  method=statistical           max_z=6.04      if_score=-0.4211     features=[nPulses_median]  [1/3 files]
[OK]    2026-04-28T18:48:46Z  Digitizer_run1535_subrun352.csv  —  1 transient anomalous channel(s), streak not established  [window: 3 files]
                         ch61  method=statistical           max_z=6.21      if_score=-0.526      features=[pulseArea_min_median]  [1/3 files]
[OK]    2026-04-28T18:48:48Z  Digitizer_run1535_subrun378.csv  —  96 channels, all nominal
[OK]    2026-04-28T18:48:50Z  Digitizer_run1535_subrun386.csv  —  96 channels, all nominal
[OK]    2026-04-28T18:48:51Z  Digitizer_run1535_subrun387.csv  —  1 transient anomalous channel(s), streak not established  [window: 3 files]
                         ch94  method=statistical           max_z=9.22      if_score=-0.4833     features=[nPulses_median]  [1/3 files]
[OK]    2026-04-28T18:48:53Z  Digitizer_run1535_subrun395.csv  —  96 channels, all nominal
[OK]    2026-04-28T18:48:54Z  Digitizer_run1535_subrun399.csv  —  96 channels, all nominal
[OK]    2026-04-28T18:48:56Z  Digitizer_run1535_subrun418.csv  —  96 channels, all nominal
[OK]    2026-04-28T18:48:58Z  Digitizer_run1535_subrun440.csv  —  96 channels, all nominal
[OK]    2026-04-28T18:49:00Z  Digitizer_run1535_subrun486.csv  —  96 channels, all nominal
[OK]    2026-04-28T18:49:01Z  Digitizer_run1535_subrun510.csv  —  96 channels, all nominal
[OK]    2026-04-28T18:49:03Z  Digitizer_run1535_subrun520.csv  —  96 channels, all nominal
[OK]    2026-04-28T18:49:05Z  Digitizer_run1535_subrun522.csv  —  96 channels, all nominal
[OK]    2026-04-28T18:49:07Z  Digitizer_run1535_subrun523.csv  —  96 channels, all nominal
[OK]    2026-04-28T18:49:09Z  Digitizer_run1535_subrun531.csv  —  96 channels, all nominal
[OK]    2026-04-28T18:49:10Z  Digitizer_run1535_subrun532.csv  —  96 channels, all nominal
[OK]    2026-04-28T18:49:12Z  Digitizer_run1535_subrun544.csv  —  96 channels, all nominal
[OK]    2026-04-28T18:49:14Z  Digitizer_run1535_subrun558.csv  —  96 channels, all nominal
  [run 1536] New run — channel history reset
[OK]    2026-04-28T18:49:15Z  Digitizer_run1536_subrun6.csv  —  1 transient anomalous channel(s), streak not established  [window: 3 files]
                         ch11  method=statistical           max_z=10.86     if_score=-0.5352     features=[nPulses_median]  [1/3 files]
[OK]    2026-04-28T18:49:17Z  Digitizer_run1536_subrun40.csv  —  96 channels, all nominal
[OK]    2026-04-28T18:49:19Z  Digitizer_run1536_subrun45.csv  —  96 channels, all nominal
[OK]    2026-04-28T18:49:20Z  Digitizer_run1536_subrun50.csv  —  96 channels, all nominal
[OK]    2026-04-28T18:49:22Z  Digitizer_run1536_subrun69.csv  —  2 transient anomalous channel(s), streak not established  [window: 3 files]
                         ch94  method=statistical           max_z=6.21      if_score=-0.5351     features=[pulseArea_min_mean]  [1/3 files]
                         ch95  method=statistical+IF        max_z=6.83      if_score=-0.6086     features=[pulseArea_min_mean]  [1/3 files]
[OK]    2026-04-28T18:49:24Z  Digitizer_run1536_subrun71.csv  —  96 channels, all nominal
  [run 1537] New run — channel history reset
[OK]    2026-04-28T18:49:25Z  Digitizer_run1537_subrun7.csv  —  96 channels, all nominal
[OK]    2026-04-28T18:49:27Z  Digitizer_run1537_subrun23.csv  —  1 transient anomalous channel(s), streak not established  [window: 3 files]
                          ch1  method=statistical           max_z=6.04      if_score=-0.5052     features=[nPulses_median]  [1/3 files]
[OK]    2026-04-28T18:49:29Z  Digitizer_run1537_subrun38.csv  —  96 channels, all nominal
[OK]    2026-04-28T18:49:31Z  Digitizer_run1537_subrun55.csv  —  96 channels, all nominal
[OK]    2026-04-28T18:49:33Z  Digitizer_run1537_subrun57.csv  —  96 channels, all nominal
[OK]    2026-04-28T18:49:34Z  Digitizer_run1537_subrun64.csv  —  96 channels, all nominal
[OK]    2026-04-28T18:49:36Z  Digitizer_run1537_subrun66.csv  —  96 channels, all nominal
[OK]    2026-04-28T18:49:38Z  Digitizer_run1537_subrun72.csv  —  96 channels, all nominal
[OK]    2026-04-28T18:49:39Z  Digitizer_run1537_subrun85.csv  —  96 channels, all nominal
[OK]    2026-04-28T18:49:41Z  Digitizer_run1537_subrun111.csv  —  96 channels, all nominal
[OK]    2026-04-28T18:49:43Z  Digitizer_run1537_subrun114.csv  —  96 channels, all nominal
[OK]    2026-04-28T18:49:44Z  Digitizer_run1537_subrun133.csv  —  96 channels, all nominal
[OK]    2026-04-28T18:49:46Z  Digitizer_run1537_subrun136.csv  —  96 channels, all nominal
[OK]    2026-04-28T18:49:48Z  Digitizer_run1537_subrun137.csv  —  96 channels, all nominal
[OK]    2026-04-28T18:49:49Z  Digitizer_run1537_subrun149.csv  —  96 channels, all nominal
[OK]    2026-04-28T18:49:51Z  Digitizer_run1537_subrun154.csv  —  96 channels, all nominal
[OK]    2026-04-28T18:49:53Z  Digitizer_run1537_subrun158.csv  —  96 channels, all nominal
[OK]    2026-04-28T18:49:55Z  Digitizer_run1537_subrun164.csv  —  96 channels, all nominal
[OK]    2026-04-28T18:49:56Z  Digitizer_run1537_subrun170.csv  —  96 channels, all nominal
[OK]    2026-04-28T18:49:58Z  Digitizer_run1537_subrun193.csv  —  96 channels, all nominal
[OK]    2026-04-28T18:49:59Z  Digitizer_run1537_subrun196.csv  —  96 channels, all nominal
[OK]    2026-04-28T18:50:01Z  Digitizer_run1537_subrun203.csv  —  96 channels, all nominal
[OK]    2026-04-28T18:50:03Z  Digitizer_run1537_subrun225.csv  —  96 channels, all nominal
[OK]    2026-04-28T18:50:05Z  Digitizer_run1537_subrun236.csv  —  96 channels, all nominal
[OK]    2026-04-28T18:50:08Z  Digitizer_run1537_subrun245.csv  —  96 channels, all nominal
[OK]    2026-04-28T18:50:10Z  Digitizer_run1537_subrun251.csv  —  96 channels, all nominal
[OK]    2026-04-28T18:50:12Z  Digitizer_run1537_subrun259.csv  —  96 channels, all nominal
[OK]    2026-04-28T18:50:14Z  Digitizer_run1537_subrun262.csv  —  1 transient anomalous channel(s), streak not established  [window: 3 files]
                         ch85  method=statistical           max_z=6.55      if_score=-0.5301     features=[pulseArea_min_mean]  [1/3 files]
[OK]    2026-04-28T18:50:15Z  Digitizer_run1537_subrun263.csv  —  96 channels, all nominal
[OK]    2026-04-28T18:50:17Z  Digitizer_run1537_subrun267.csv  —  96 channels, all nominal
[OK]    2026-04-28T18:50:19Z  Digitizer_run1537_subrun270.csv  —  96 channels, all nominal
[OK]    2026-04-28T18:50:20Z  Digitizer_run1537_subrun273.csv  —  2 transient anomalous channel(s), streak not established  [window: 3 files]
                         ch38  method=statistical           max_z=7.04      if_score=-0.5382     features=[sideband_rms_mean]  [1/3 files]
                         ch39  method=statistical           max_z=7.81      if_score=-0.496      features=[sideband_rms_mean]  [1/3 files]
[OK]    2026-04-28T18:50:21Z  Digitizer_run1537_subrun294.csv  —  96 channels, all nominal
[OK]    2026-04-28T18:50:23Z  Digitizer_run1537_subrun309.csv  —  96 channels, all nominal
[OK]    2026-04-28T18:50:25Z  Digitizer_run1537_subrun316.csv  —  96 channels, all nominal
[OK]    2026-04-28T18:50:27Z  Digitizer_run1537_subrun333.csv  —  96 channels, all nominal
[OK]    2026-04-28T18:50:28Z  Digitizer_run1537_subrun359.csv  —  96 channels, all nominal
[OK]    2026-04-28T18:50:30Z  Digitizer_run1537_subrun379.csv  —  96 channels, all nominal
[OK]    2026-04-28T18:50:32Z  Digitizer_run1537_subrun387.csv  —  96 channels, all nominal
[OK]    2026-04-28T18:50:33Z  Digitizer_run1537_subrun405.csv  —  96 channels, all nominal
  [run 1541] New run — channel history reset
[ALERT] 2026-04-28T18:50:35Z  Digitizer_run1541_subrun9.csv  —  18/96 anomalous ch  [bulk ≥5]
                         ch64  method=isolation_forest      max_z=5.73      if_score=-0.7094     features=[]  [1/3 files]
                         ch65  method=isolation_forest      max_z=5.89      if_score=-0.7267     features=[]  [1/3 files]
                         ch66  method=statistical+IF        max_z=11.41     if_score=-0.7638     features=[sideband_rms_mean;sideband_rms_std;pulseHeight_max_median;pulseHeight_min_median;pulseArea_min_median]  [1/3 files]
                         ch67  method=statistical+IF        max_z=11.39     if_score=-0.7439     features=[sideband_mean_median]  [1/3 files]
                         ch68  method=statistical+IF        max_z=8.89      if_score=-0.7649     features=[sideband_mean_std;sideband_rms_mean;sideband_rms_std;nPulses_median;pulseHeight_min_std;pulseDuriation_min_std]  [1/3 files]
                         ch69  method=statistical+IF        max_z=9.9       if_score=-0.7675     features=[sideband_mean_mean;sideband_mean_std;sideband_rms_mean;sideband_rms_std]  [1/3 files]
                         ch70  method=statistical+IF        max_z=6.99      if_score=-0.7469     features=[sideband_mean_median;pulseArea_max_median]  [1/3 files]
                         ch71  method=isolation_forest      max_z=5.82      if_score=-0.737      features=[]  [1/3 files]
                         ch72  method=isolation_forest      max_z=5.52      if_score=-0.7362     features=[]  [1/3 files]
                         ch73  method=statistical+IF        max_z=6.06      if_score=-0.7336     features=[pulseDuriation_min_std]  [1/3 files]
                         ch74  method=statistical+IF        max_z=11.03     if_score=-0.7343     features=[sideband_mean_mean;sideband_mean_std]  [1/3 files]
                         ch75  method=statistical+IF        max_z=10.74     if_score=-0.7235     features=[sideband_mean_mean;sideband_mean_std;sideband_mean_median;nPulses_std]  [1/3 files]
                         ch76  method=isolation_forest      max_z=5.78      if_score=-0.7544     features=[]  [1/3 files]
                         ch77  method=statistical+IF        max_z=6.49      if_score=-0.7447     features=[sideband_rms_mean;pulseArea_min_median]  [1/3 files]
                         ch78  method=statistical+IF        max_z=6.94      if_score=-0.7497     features=[pulseHeight_min_mean]  [1/3 files]
                         ch79  method=statistical+IF        max_z=6.29      if_score=-0.7253     features=[pulseDuriation_min_std;occupancy]  [1/3 files]
                         ch86  method=statistical+IF        max_z=10.57     if_score=-0.7493     features=[sideband_mean_median;pulseArea_min_std]  [1/3 files]
                         ch87  method=statistical+IF        max_z=6.48      if_score=-0.7531     features=[pulseArea_max_mean;pulseArea_max_std]  [1/3 files]
[ALERT] 2026-04-28T18:50:36Z  Digitizer_run1541_subrun15.csv  —  18/96 anomalous ch  [bulk ≥5]
                         ch64  method=statistical+IF        max_z=6.51      if_score=-0.7517     features=[pulseArea_max_std;pulseArea_min_std]  [2/3 files]
                         ch65  method=statistical+IF        max_z=8.02      if_score=-0.7546     features=[pulseArea_max_std;pulseArea_min_mean;pulseArea_min_std]  [2/3 files]
                         ch66  method=statistical+IF        max_z=9.14      if_score=-0.7667     features=[sideband_mean_mean;sideband_mean_std;pulseArea_max_std;pulseArea_min_mean;pulseArea_min_std;pulseArea_min_median]  [2/3 files]
                         ch67  method=statistical+IF        max_z=8.3       if_score=-0.747      features=[sideband_mean_mean;sideband_mean_std;pulseArea_max_std;pulseArea_min_std]  [2/3 files]
                         ch68  method=statistical+IF        max_z=11.07     if_score=-0.7796     features=[sideband_rms_mean;sideband_rms_std;pulseHeight_min_mean;pulseHeight_min_std;pulseArea_max_std;pulseArea_min_mean;pulseArea_min_std;pulseDuriation_max_std;pulseDuriation_min_mean;pulseDuriation_min_std;occupancy]  [2/3 files]
                         ch69  method=statistical+IF        max_z=9.03      if_score=-0.7804     features=[sideband_rms_mean;nPulses_std;pulseHeight_min_median;pulseArea_max_std;pulseArea_min_std;pulseArea_min_median;pulseDuriation_max_std;pulseDuriation_min_std;occupancy]  [2/3 files]
                         ch70  method=statistical+IF        max_z=10.82     if_score=-0.7694     features=[pulseArea_max_mean;pulseArea_max_std;pulseArea_max_median;pulseArea_min_mean;pulseArea_min_std;pulseDuriation_max_mean;pulseDuriation_max_std;pulseDuriation_min_mean;pulseDuriation_min_std]  [2/3 files]
                         ch71  method=statistical+IF        max_z=12.02     if_score=-0.7836     features=[sideband_rms_std;pulseHeight_min_mean;pulseHeight_min_std;pulseHeight_min_median;pulseArea_max_mean;pulseArea_max_std;pulseArea_min_mean;pulseArea_min_std;pulseArea_min_median;pulseDuriation_max_mean;pulseDuriation_max_std;pulseDuriation_min_mean;pulseDuriation_min_std;pulseDuriation_min_median]  [2/3 files]
                         ch72  method=statistical+IF        max_z=8.22      if_score=-0.7406     features=[pulseArea_max_std;pulseArea_min_std]  [2/3 files]
                         ch73  method=statistical+IF        max_z=6.66      if_score=-0.7447     features=[pulseArea_min_median;pulseDuriation_max_std;pulseDuriation_min_std]  [2/3 files]
                         ch74  method=statistical+IF        max_z=7.48      if_score=-0.7615     features=[sideband_rms_std;pulseArea_max_mean;pulseArea_max_std;pulseArea_min_std;pulseDuriation_max_std;pulseDuriation_min_std]  [2/3 files]
                         ch75  method=statistical+IF        max_z=7.24      if_score=-0.768      features=[sideband_rms_mean;sideband_rms_std;pulseArea_max_mean;pulseArea_max_std;pulseArea_min_mean;pulseArea_min_std]  [2/3 files]
                         ch76  method=isolation_forest      max_z=5.7       if_score=-0.7482     features=[]  [2/3 files]
                         ch77  method=statistical+IF        max_z=8.47      if_score=-0.7667     features=[nPulses_std;pulseArea_max_mean;pulseArea_max_std;pulseArea_min_mean;pulseArea_min_std]  [2/3 files]
                         ch78  method=statistical+IF        max_z=6.05      if_score=-0.7313     features=[pulseArea_max_median]  [2/3 files]
                         ch79  method=statistical+IF        max_z=8.43      if_score=-0.7386     features=[sideband_mean_median;nPulses_std;pulseArea_max_std;pulseArea_min_std]  [2/3 files]
                         ch86  method=statistical+IF        max_z=12.25     if_score=-0.7899     features=[sideband_mean_mean;sideband_mean_std;sideband_rms_mean;sideband_rms_std;nPulses_std;pulseHeight_max_median;pulseHeight_min_mean;pulseHeight_min_median;pulseArea_max_mean;pulseArea_max_std;pulseArea_max_median;pulseArea_min_mean;pulseArea_min_std;pulseArea_min_median;pulseDuriation_min_median]  [2/3 files]
                         ch87  method=statistical+IF        max_z=9.63      if_score=-0.7711     features=[sideband_mean_mean;sideband_mean_std;pulseHeight_min_mean;pulseArea_max_mean;pulseArea_max_std;pulseArea_max_median;pulseArea_min_mean;pulseArea_min_std;pulseArea_min_median;pulseDuriation_max_mean;pulseDuriation_max_std]  [2/3 files]
[ALERT] 2026-04-28T18:50:38Z  Digitizer_run1541_subrun16.csv  —  18 persistent + 2 transient anomalous ch  (window: 3 files)  |  20/96 anomalous ch  [bulk ≥5]
                         ch64  method=statistical+IF        max_z=9.45      if_score=-0.7176     features=[sideband_mean_median;pulseDuriation_max_std;pulseDuriation_min_std]  [3/3 files]
                         ch65  method=statistical+IF        max_z=7.75      if_score=-0.7313     features=[pulseDuriation_max_std;pulseDuriation_min_std]  [3/3 files]
                         ch66  method=statistical+IF        max_z=8.3       if_score=-0.7637     features=[sideband_mean_std;sideband_mean_median;pulseHeight_max_median;pulseArea_max_median;pulseDuriation_max_std;pulseDuriation_min_std]  [3/3 files]
                         ch67  method=statistical+IF        max_z=7.6       if_score=-0.7513     features=[sideband_mean_std;sideband_mean_median;pulseDuriation_max_std;pulseDuriation_min_std;occupancy]  [3/3 files]
                         ch68  method=statistical+IF        max_z=8.26      if_score=-0.7529     features=[sideband_mean_mean;sideband_mean_std;sideband_mean_median;pulseHeight_max_median;pulseHeight_min_mean;pulseHeight_min_std;pulseArea_max_median]  [3/3 files]
                         ch69  method=statistical+IF        max_z=10.16     if_score=-0.756      features=[sideband_mean_mean;sideband_mean_std]  [3/3 files]
                         ch70  method=isolation_forest      max_z=5.33      if_score=-0.7204     features=[]  [3/3 files]
                         ch71  method=statistical+IF        max_z=8.3       if_score=-0.7341     features=[sideband_mean_median]  [3/3 files]
                         ch72  method=statistical+IF        max_z=8.01      if_score=-0.7594     features=[sideband_mean_std]  [3/3 files]
                         ch73  method=statistical+IF        max_z=7.48      if_score=-0.7459     features=[sideband_mean_mean;sideband_mean_std]  [3/3 files]
                         ch74  method=statistical+IF        max_z=10.69     if_score=-0.7817     features=[sideband_mean_mean;sideband_mean_std;sideband_rms_mean;sideband_rms_std;pulseArea_min_mean;pulseArea_min_std;pulseArea_min_median]  [3/3 files]
                         ch75  method=statistical+IF        max_z=11.16     if_score=-0.7754     features=[sideband_mean_mean;sideband_mean_std;sideband_mean_median;sideband_rms_mean;sideband_rms_std;pulseHeight_min_mean;pulseArea_min_mean;pulseArea_min_std]  [3/3 files]
                         ch76  method=statistical+IF        max_z=7.44      if_score=-0.7541     features=[pulseDuriation_max_std;pulseDuriation_min_std]  [3/3 files]
                         ch77  method=statistical+IF        max_z=7.57      if_score=-0.7486     features=[nPulses_std;pulseHeight_max_median;pulseArea_max_median]  [3/3 files]
                         ch78  method=statistical+IF        max_z=7.28      if_score=-0.7564     features=[pulseArea_max_std;pulseArea_min_std]  [3/3 files]
                         ch79  method=isolation_forest      max_z=5.5       if_score=-0.7491     features=[]  [3/3 files]
                         ch86  method=statistical+IF        max_z=6.01      if_score=-0.7155     features=[nPulses_std]  [3/3 files]
                         ch87  method=isolation_forest      max_z=5.71      if_score=-0.7234     features=[]  [3/3 files]
                          ch6  method=statistical           max_z=6.64      if_score=-0.5468     features=[nPulses_median]  [1/3 files]
                         ch95  method=statistical           max_z=7.37      if_score=-0.451      features=[nPulses_median]  [1/3 files]
[ALERT] 2026-04-28T18:50:40Z  Digitizer_run1541_subrun21.csv  —  18 persistent anomalous ch  (window: 3 files)  |  18/96 anomalous ch  [bulk ≥5]
                         ch64  method=statistical+IF        max_z=6.76      if_score=-0.7301     features=[nPulses_std]  [3/3 files]
                         ch65  method=statistical+IF        max_z=7.82      if_score=-0.7506     features=[pulseDuriation_max_std;pulseDuriation_min_std]  [3/3 files]
                         ch66  method=statistical+IF        max_z=9.1       if_score=-0.7543     features=[pulseHeight_max_median;pulseHeight_min_median;pulseArea_min_std;pulseArea_min_median;pulseDuriation_min_median]  [3/3 files]
                         ch67  method=isolation_forest      max_z=5.62      if_score=-0.7376     features=[]  [3/3 files]
                         ch68  method=statistical+IF        max_z=8.71      if_score=-0.7544     features=[sideband_mean_median;sideband_rms_mean;sideband_rms_std;pulseHeight_min_median]  [3/3 files]
                         ch69  method=statistical+IF        max_z=6.5       if_score=-0.7501     features=[pulseHeight_min_mean;pulseArea_min_median]  [3/3 files]
                         ch70  method=statistical+IF        max_z=9.34      if_score=-0.7372     features=[pulseDuriation_max_std;pulseDuriation_min_std]  [3/3 files]
                         ch71  method=statistical+IF        max_z=8.19      if_score=-0.759      features=[pulseDuriation_max_std;pulseDuriation_min_std]  [3/3 files]
                         ch72  method=isolation_forest      max_z=5.5       if_score=-0.7532     features=[]  [3/3 files]
                         ch73  method=statistical+IF        max_z=6.73      if_score=-0.7621     features=[sideband_mean_median;pulseHeight_max_median;pulseArea_max_median;pulseArea_min_median;pulseDuriation_min_std]  [3/3 files]
                         ch74  method=statistical+IF        max_z=6.52      if_score=-0.7397     features=[sideband_mean_median;occupancy]  [3/3 files]
                         ch75  method=statistical+IF        max_z=6.4       if_score=-0.7236     features=[occupancy]  [3/3 files]
                         ch76  method=isolation_forest      max_z=5.98      if_score=-0.7512     features=[]  [3/3 files]
                         ch77  method=statistical+IF        max_z=6.02      if_score=-0.7142     features=[occupancy]  [3/3 files]
                         ch78  method=isolation_forest      max_z=5.76      if_score=-0.7559     features=[]  [3/3 files]
                         ch79  method=statistical+IF        max_z=7.52      if_score=-0.7554     features=[sideband_mean_median;pulseDuriation_max_std;pulseDuriation_min_std]  [3/3 files]
                         ch86  method=statistical+IF        max_z=10.39     if_score=-0.7529     features=[pulseHeight_min_median;pulseArea_min_median;pulseDuriation_max_std;pulseDuriation_min_mean;pulseDuriation_min_std]  [3/3 files]
                         ch87  method=statistical+IF        max_z=8.94      if_score=-0.7709     features=[sideband_mean_mean;sideband_mean_std;sideband_mean_median;nPulses_std;pulseDuriation_max_std;pulseDuriation_min_std]  [3/3 files]
[ALERT] 2026-04-28T18:50:42Z  Digitizer_run1541_subrun22.csv  —  18 persistent anomalous ch  (window: 3 files)  |  18/96 anomalous ch  [bulk ≥5]  |  extreme z=16.2 on 65
                         ch64  method=statistical+IF        max_z=13.51     if_score=-0.7643     features=[sideband_mean_mean;sideband_mean_std;sideband_rms_mean;sideband_rms_std]  [3/3 files]
                         ch65  method=statistical+IF        max_z=16.19     if_score=-0.7654     features=[sideband_mean_mean;sideband_mean_std;sideband_rms_mean;pulseHeight_min_median;pulseArea_min_median]  [3/3 files]
                         ch66  method=statistical+IF        max_z=7.68      if_score=-0.7542     features=[sideband_rms_mean;sideband_rms_std]  [3/3 files]
                         ch67  method=statistical+IF        max_z=8.68      if_score=-0.7457     features=[sideband_rms_mean;sideband_rms_std]  [3/3 files]
                         ch68  method=statistical+IF        max_z=6.92      if_score=-0.752      features=[pulseArea_max_std;pulseArea_min_mean;pulseArea_min_std]  [3/3 files]
                         ch69  method=statistical+IF        max_z=6.05      if_score=-0.7287     features=[occupancy]  [3/3 files]
                         ch70  method=statistical+IF        max_z=10.35     if_score=-0.7545     features=[sideband_mean_mean;sideband_mean_std;pulseArea_max_median]  [3/3 files]
                         ch71  method=statistical+IF        max_z=9.28      if_score=-0.7531     features=[sideband_mean_mean;sideband_mean_std;sideband_rms_std]  [3/3 files]
                         ch72  method=statistical+IF        max_z=12.16     if_score=-0.7634     features=[sideband_rms_mean;sideband_rms_std;pulseHeight_min_mean]  [3/3 files]
                         ch73  method=statistical+IF        max_z=12.34     if_score=-0.7448     features=[sideband_rms_mean;sideband_rms_std]  [3/3 files]
                         ch74  method=statistical+IF        max_z=6.45      if_score=-0.7683     features=[pulseHeight_max_median;pulseArea_max_median;pulseArea_min_median]  [3/3 files]
                         ch75  method=statistical+IF        max_z=7.55      if_score=-0.7604     features=[sideband_mean_std;sideband_rms_std;pulseHeight_max_median;pulseArea_max_median]  [3/3 files]
                         ch76  method=isolation_forest      max_z=5.6       if_score=-0.7562     features=[]  [3/3 files]
                         ch77  method=isolation_forest      max_z=5.39      if_score=-0.7251     features=[]  [3/3 files]
                         ch78  method=isolation_forest      max_z=5.18      if_score=-0.7362     features=[]  [3/3 files]
                         ch79  method=statistical+IF        max_z=7.73      if_score=-0.7203     features=[pulseHeight_max_median;pulseArea_max_median]  [3/3 files]
                         ch86  method=statistical+IF        max_z=6.3       if_score=-0.7416     features=[pulseHeight_max_median;pulseArea_max_mean;pulseArea_max_std;pulseArea_max_median]  [3/3 files]
                         ch87  method=isolation_forest      max_z=5.79      if_score=-0.7523     features=[]  [3/3 files]
[ALERT] 2026-04-28T18:50:43Z  Digitizer_run1541_subrun32.csv  —  18 persistent anomalous ch  (window: 3 files)  |  18/96 anomalous ch  [bulk ≥5]
                         ch64  method=statistical+IF        max_z=10.17     if_score=-0.7304     features=[sideband_mean_median]  [3/3 files]
                         ch65  method=isolation_forest      max_z=5.18      if_score=-0.7191     features=[]  [3/3 files]
                         ch66  method=statistical+IF        max_z=8.67      if_score=-0.7385     features=[sideband_mean_mean;sideband_mean_std]  [3/3 files]
                         ch67  method=statistical+IF        max_z=9.18      if_score=-0.759      features=[sideband_mean_mean;sideband_mean_std;sideband_rms_mean;pulseDuriation_max_std;pulseDuriation_min_std]  [3/3 files]
                         ch68  method=statistical+IF        max_z=8.25      if_score=-0.7661     features=[nPulses_median;pulseHeight_max_mean;pulseHeight_max_median;pulseHeight_min_mean;pulseHeight_min_std;pulseArea_max_mean;pulseArea_max_std;pulseArea_max_median;pulseArea_min_mean;pulseArea_min_std;pulseDuriation_max_std;pulseDuriation_min_mean;pulseDuriation_min_std]  [3/3 files]
                         ch69  method=statistical+IF        max_z=7.75      if_score=-0.7523     features=[pulseHeight_max_mean;pulseHeight_max_median;pulseHeight_min_mean;pulseHeight_min_median;pulseArea_max_mean;pulseArea_max_median;pulseArea_min_median]  [3/3 files]
                         ch70  method=statistical+IF        max_z=8.97      if_score=-0.7733     features=[sideband_mean_mean;sideband_mean_std;pulseHeight_max_mean;pulseHeight_min_mean;pulseHeight_min_std;pulseArea_max_median;occupancy]  [3/3 files]
                         ch71  method=statistical+IF        max_z=7.02      if_score=-0.7518     features=[sideband_mean_std;nPulses_std;occupancy]  [3/3 files]
                         ch72  method=statistical+IF        max_z=6.01      if_score=-0.7477     features=[pulseDuriation_min_std]  [3/3 files]
                         ch73  method=isolation_forest      max_z=4.96      if_score=-0.723      features=[]  [3/3 files]
                         ch74  method=statistical+IF        max_z=9.99      if_score=-0.7414     features=[sideband_mean_median;pulseDuriation_min_std]  [3/3 files]
                         ch75  method=statistical+IF        max_z=7.63      if_score=-0.7477     features=[nPulses_std;pulseArea_min_median]  [3/3 files]
                         ch76  method=statistical+IF        max_z=7.6       if_score=-0.7655     features=[pulseArea_min_mean;pulseDuriation_max_std;pulseDuriation_min_std]  [3/3 files]
                         ch77  method=statistical+IF        max_z=6.68      if_score=-0.7598     features=[pulseArea_min_median;occupancy]  [3/3 files]
                         ch78  method=statistical+IF        max_z=6.09      if_score=-0.731      features=[pulseArea_max_median]  [3/3 files]
                         ch79  method=statistical+IF        max_z=7.31      if_score=-0.7229     features=[pulseArea_max_median]  [3/3 files]
                         ch86  method=statistical+IF        max_z=9.43      if_score=-0.7214     features=[pulseDuriation_max_std;pulseDuriation_min_std]  [3/3 files]
                         ch87  method=statistical+IF        max_z=8.43      if_score=-0.7439     features=[pulseDuriation_max_std;pulseDuriation_min_std]  [3/3 files]
  --- 1000/1398 files processed ---
[ALERT] 2026-04-28T18:50:45Z  Digitizer_run1541_subrun58.csv  —  18 persistent anomalous ch  (window: 3 files)  |  18/96 anomalous ch  [bulk ≥5]
                         ch64  method=isolation_forest      max_z=5.73      if_score=-0.7306     features=[]  [3/3 files]
                         ch65  method=statistical+IF        max_z=6.6       if_score=-0.7332     features=[pulseArea_min_median]  [3/3 files]
                         ch66  method=isolation_forest      max_z=5.87      if_score=-0.7374     features=[]  [3/3 files]
                         ch67  method=statistical+IF        max_z=6.48      if_score=-0.7182     features=[nPulses_std;pulseDuriation_max_std]  [3/3 files]
                         ch68  method=statistical+IF        max_z=8.81      if_score=-0.7771     features=[sideband_rms_mean;sideband_rms_std;nPulses_median;pulseHeight_max_median;pulseHeight_min_mean;pulseHeight_min_std;pulseArea_max_mean;pulseArea_max_std;pulseArea_max_median;pulseArea_min_mean;pulseArea_min_std]  [3/3 files]
                         ch69  method=statistical+IF        max_z=7.48      if_score=-0.7694     features=[sideband_mean_median;sideband_rms_mean;sideband_rms_std;pulseHeight_max_mean;pulseHeight_max_median;pulseArea_max_mean;pulseArea_max_median;pulseArea_min_mean;pulseArea_min_std]  [3/3 files]
                         ch70  method=statistical+IF        max_z=10.09     if_score=-0.7686     features=[sideband_mean_mean;sideband_mean_std;pulseArea_max_std;pulseArea_min_mean;pulseArea_min_std]  [3/3 files]
                         ch71  method=statistical+IF        max_z=7.95      if_score=-0.7587     features=[sideband_mean_mean;sideband_mean_std;pulseHeight_max_median;pulseArea_max_std;pulseArea_max_median;pulseArea_min_std]  [3/3 files]
                         ch72  method=isolation_forest      max_z=5.5       if_score=-0.745      features=[]  [3/3 files]
                         ch73  method=isolation_forest      max_z=5.81      if_score=-0.7427     features=[]  [3/3 files]
                         ch74  method=statistical+IF        max_z=6.82      if_score=-0.7454     features=[pulseDuriation_max_std;pulseDuriation_min_std]  [3/3 files]
                         ch75  method=statistical+IF        max_z=7.9       if_score=-0.7546     features=[pulseArea_max_std;pulseArea_min_mean;pulseArea_min_std;pulseDuriation_max_std;pulseDuriation_min_mean;pulseDuriation_min_std]  [3/3 files]
                         ch76  method=statistical+IF        max_z=7.43      if_score=-0.7676     features=[sideband_mean_mean;sideband_mean_std;sideband_rms_mean;sideband_rms_std;pulseDuriation_max_std;pulseDuriation_min_std]  [3/3 files]
                         ch77  method=statistical+IF        max_z=10.62     if_score=-0.7894     features=[sideband_mean_mean;sideband_mean_std;sideband_rms_mean;sideband_rms_std;pulseHeight_max_mean;pulseHeight_max_median;pulseHeight_min_mean;pulseHeight_min_std;pulseArea_max_mean;pulseArea_max_std;pulseArea_max_median;pulseArea_min_mean;pulseArea_min_std]  [3/3 files]
                         ch78  method=isolation_forest      max_z=5.9       if_score=-0.7434     features=[]  [3/3 files]
                         ch79  method=statistical+IF        max_z=6.4       if_score=-0.73       features=[pulseDuriation_max_std;pulseDuriation_min_std]  [3/3 files]
                         ch86  method=statistical+IF        max_z=6.39      if_score=-0.7409     features=[pulseHeight_max_median;pulseArea_max_mean;pulseArea_max_std]  [3/3 files]
                         ch87  method=statistical+IF        max_z=6.62      if_score=-0.7485     features=[pulseHeight_min_mean;pulseArea_max_mean;pulseArea_max_std;pulseArea_max_median;pulseDuriation_max_std]  [3/3 files]
[ALERT] 2026-04-28T18:50:47Z  Digitizer_run1541_subrun60.csv  —  18 persistent anomalous ch  (window: 3 files)  |  18/96 anomalous ch  [bulk ≥5]
                         ch64  method=statistical+IF        max_z=9.44      if_score=-0.7482     features=[pulseArea_min_median;pulseDuriation_max_std;pulseDuriation_min_std]  [3/3 files]
                         ch65  method=statistical+IF        max_z=7.93      if_score=-0.7363     features=[pulseDuriation_max_std;pulseDuriation_min_std]  [3/3 files]
                         ch66  method=statistical+IF        max_z=8.13      if_score=-0.7539     features=[sideband_mean_median;pulseHeight_max_median;pulseDuriation_max_std;pulseDuriation_min_std]  [3/3 files]
                         ch67  method=statistical+IF        max_z=8.0       if_score=-0.7465     features=[pulseArea_max_median;pulseDuriation_max_std;pulseDuriation_min_std]  [3/3 files]
                         ch68  method=statistical+IF        max_z=9.94      if_score=-0.7572     features=[sideband_mean_std;sideband_rms_mean;sideband_rms_std;pulseArea_max_std;pulseDuriation_max_std]  [3/3 files]
                         ch69  method=statistical+IF        max_z=12.11     if_score=-0.7639     features=[sideband_mean_mean;sideband_mean_std;sideband_rms_mean;sideband_rms_std;pulseDuriation_max_std]  [3/3 files]
                         ch70  method=statistical+IF        max_z=13.75     if_score=-0.7926     features=[sideband_mean_mean;sideband_mean_std;sideband_rms_mean;sideband_rms_std;nPulses_std;pulseHeight_max_mean;pulseHeight_max_median;pulseHeight_min_median;pulseArea_max_mean;pulseArea_max_std;pulseArea_max_median;pulseArea_min_std;pulseArea_min_median;pulseDuriation_max_mean;pulseDuriation_max_std;pulseDuriation_min_std]  [3/3 files]
                         ch71  method=statistical+IF        max_z=13.31     if_score=-0.7891     features=[sideband_mean_mean;sideband_mean_std;sideband_rms_mean;sideband_rms_std;nPulses_std;pulseHeight_max_mean;pulseHeight_max_median;pulseArea_max_mean;pulseArea_max_std;pulseArea_max_median;pulseArea_min_mean;pulseArea_min_std;pulseDuriation_max_std;pulseDuriation_min_std]  [3/3 files]
                         ch72  method=statistical+IF        max_z=7.2       if_score=-0.7594     features=[sideband_mean_std]  [3/3 files]
                         ch73  method=statistical+IF        max_z=9.56      if_score=-0.7601     features=[pulseDuriation_max_std;pulseDuriation_min_mean;pulseDuriation_min_std]  [3/3 files]
                         ch74  method=statistical+IF        max_z=10.33     if_score=-0.7733     features=[sideband_mean_mean;sideband_mean_std;sideband_mean_median;sideband_rms_mean;sideband_rms_std;pulseArea_max_mean;pulseArea_max_std;pulseArea_min_mean;pulseArea_min_std]  [3/3 files]
                         ch75  method=statistical+IF        max_z=10.61     if_score=-0.7729     features=[sideband_mean_mean;sideband_mean_std;sideband_rms_mean;sideband_rms_std;pulseHeight_max_median;pulseArea_max_mean;pulseArea_max_std;pulseArea_max_median;pulseArea_min_mean;pulseArea_min_std]  [3/3 files]
                         ch76  method=isolation_forest      max_z=5.39      if_score=-0.7296     features=[]  [3/3 files]
                         ch77  method=statistical+IF        max_z=6.33      if_score=-0.7317     features=[pulseArea_max_std;pulseArea_min_std;pulseArea_min_median]  [3/3 files]
                         ch78  method=statistical+IF        max_z=6.06      if_score=-0.7463     features=[pulseHeight_min_std]  [3/3 files]
                         ch79  method=statistical+IF        max_z=6.95      if_score=-0.7518     features=[pulseDuriation_max_std;pulseDuriation_min_std]  [3/3 files]
                         ch86  method=statistical+IF        max_z=11.94     if_score=-0.7547     features=[sideband_rms_mean;sideband_rms_std;pulseArea_max_std;pulseArea_min_mean;pulseArea_min_std]  [3/3 files]
                         ch87  method=statistical+IF        max_z=11.08     if_score=-0.7639     features=[sideband_mean_mean;sideband_mean_std;sideband_mean_median;sideband_rms_mean;sideband_rms_std;pulseArea_max_std;pulseArea_min_mean;pulseArea_min_std]  [3/3 files]
[ALERT] 2026-04-28T18:50:48Z  Digitizer_run1541_subrun63.csv  —  18 persistent anomalous ch  (window: 3 files)  |  18/96 anomalous ch  [bulk ≥5]  |  extreme z=16.4 on 75
                         ch64  method=isolation_forest      max_z=5.72      if_score=-0.7339     features=[]  [3/3 files]
                         ch65  method=statistical+IF        max_z=8.85      if_score=-0.742      features=[pulseHeight_min_median;pulseArea_min_median;pulseDuriation_max_std;pulseDuriation_min_std;pulseDuriation_min_median]  [3/3 files]
                         ch66  method=statistical+IF        max_z=14.74     if_score=-0.748      features=[sideband_mean_mean;sideband_mean_std]  [3/3 files]
                         ch67  method=statistical+IF        max_z=13.67     if_score=-0.7668     features=[sideband_mean_mean;sideband_mean_std;nPulses_std;pulseDuriation_min_std]  [3/3 files]
                         ch68  method=statistical+IF        max_z=6.97      if_score=-0.732      features=[pulseHeight_min_median]  [3/3 files]
                         ch69  method=statistical+IF        max_z=6.64      if_score=-0.7465     features=[pulseHeight_min_mean;pulseHeight_min_std;pulseArea_min_mean]  [3/3 files]
                         ch70  method=statistical+IF        max_z=7.02      if_score=-0.7478     features=[pulseHeight_min_mean;pulseHeight_min_median;pulseArea_min_median]  [3/3 files]
                         ch71  method=statistical+IF        max_z=8.03      if_score=-0.7691     features=[pulseHeight_max_mean;pulseHeight_max_median;pulseHeight_min_mean;pulseHeight_min_std;pulseHeight_min_median;pulseArea_max_mean;pulseArea_max_median;pulseArea_min_mean;pulseArea_min_median]  [3/3 files]
                         ch72  method=isolation_forest      max_z=5.84      if_score=-0.7504     features=[]  [3/3 files]
                         ch73  method=statistical+IF        max_z=6.49      if_score=-0.7461     features=[pulseDuriation_max_std;pulseDuriation_min_std]  [3/3 files]
                         ch74  method=statistical+IF        max_z=9.07      if_score=-0.761      features=[sideband_mean_mean;sideband_mean_std;sideband_rms_mean;sideband_rms_std;nPulses_std]  [3/3 files]
                         ch75  method=statistical+IF        max_z=16.38     if_score=-0.7587     features=[sideband_mean_mean;sideband_mean_std;sideband_mean_median;sideband_rms_mean;pulseHeight_min_median]  [3/3 files]
                         ch76  method=statistical+IF        max_z=11.41     if_score=-0.7672     features=[pulseHeight_max_mean;pulseHeight_min_mean;pulseHeight_min_std;pulseArea_max_mean;pulseArea_max_std;pulseArea_min_mean;pulseArea_min_std;pulseArea_min_median;pulseDuriation_max_mean;pulseDuriation_max_std;pulseDuriation_min_mean;pulseDuriation_min_std]  [3/3 files]
                         ch77  method=statistical+IF        max_z=11.4      if_score=-0.7613     features=[pulseHeight_min_std;pulseArea_max_mean;pulseArea_max_std;pulseArea_max_median;pulseArea_min_mean;pulseArea_min_std;pulseArea_min_median;pulseDuriation_max_mean;pulseDuriation_max_std;pulseDuriation_min_mean;pulseDuriation_min_std]  [3/3 files]
                         ch78  method=statistical+IF        max_z=8.81      if_score=-0.7729     features=[sideband_mean_mean;sideband_mean_std;sideband_rms_mean;sideband_rms_std;pulseArea_max_std;pulseArea_min_mean;pulseArea_min_std]  [3/3 files]
                         ch79  method=statistical+IF        max_z=8.12      if_score=-0.7634     features=[sideband_rms_mean;pulseArea_max_mean;pulseArea_max_std;pulseArea_min_mean;pulseArea_min_std;pulseDuriation_max_std;pulseDuriation_min_std]  [3/3 files]
                         ch86  method=statistical+IF        max_z=8.8       if_score=-0.7531     features=[sideband_mean_median]  [3/3 files]
                         ch87  method=statistical+IF        max_z=6.73      if_score=-0.7361     features=[pulseHeight_max_median;pulseArea_max_mean;pulseArea_max_median]  [3/3 files]
[ALERT] 2026-04-28T18:50:50Z  Digitizer_run1541_subrun71.csv  —  18 persistent anomalous ch  (window: 3 files)  |  18/96 anomalous ch  [bulk ≥5]
                         ch64  method=isolation_forest      max_z=5.58      if_score=-0.7392     features=[]  [3/3 files]
                         ch65  method=isolation_forest      max_z=5.47      if_score=-0.7391     features=[]  [3/3 files]
                         ch66  method=statistical+IF        max_z=8.19      if_score=-0.7375     features=[sideband_mean_median;pulseDuriation_max_std;pulseDuriation_min_std]  [3/3 files]
                         ch67  method=statistical+IF        max_z=6.04      if_score=-0.7322     features=[pulseDuriation_min_std]  [3/3 files]
                         ch68  method=statistical+IF        max_z=9.71      if_score=-0.7569     features=[sideband_mean_mean;sideband_mean_std]  [3/3 files]
                         ch69  method=statistical+IF        max_z=10.58     if_score=-0.7453     features=[sideband_mean_mean;sideband_mean_std]  [3/3 files]
                         ch70  method=statistical+IF        max_z=6.2       if_score=-0.7422     features=[pulseHeight_min_mean]  [3/3 files]
                         ch71  method=isolation_forest      max_z=5.5       if_score=-0.7412     features=[]  [3/3 files]
                         ch72  method=isolation_forest      max_z=5.48      if_score=-0.7366     features=[]  [3/3 files]
                         ch73  method=statistical+IF        max_z=8.44      if_score=-0.7467     features=[pulseDuriation_max_std;pulseDuriation_min_std]  [3/3 files]
                         ch74  method=statistical+IF        max_z=10.87     if_score=-0.7634     features=[sideband_rms_mean;sideband_rms_std;pulseArea_max_mean;pulseArea_max_std;pulseArea_min_mean;pulseArea_min_std]  [3/3 files]
                         ch75  method=statistical+IF        max_z=9.74      if_score=-0.766      features=[sideband_rms_mean;sideband_rms_std;pulseHeight_min_median;pulseArea_max_mean;pulseArea_max_std;pulseArea_min_mean;pulseArea_min_std]  [3/3 files]
                         ch76  method=statistical+IF        max_z=11.04     if_score=-0.7756     features=[sideband_rms_mean;sideband_rms_std;pulseArea_max_mean;pulseArea_max_std;pulseArea_min_mean;pulseArea_min_std;pulseDuriation_max_std;pulseDuriation_min_std]  [3/3 files]
                         ch77  method=statistical+IF        max_z=10.08     if_score=-0.7788     features=[sideband_mean_std;sideband_rms_std;pulseHeight_max_median;pulseHeight_min_std;pulseArea_max_mean;pulseArea_max_std;pulseArea_max_median;pulseArea_min_mean;pulseArea_min_std;pulseDuriation_max_std;pulseDuriation_min_std]  [3/3 files]
                         ch78  method=statistical+IF        max_z=6.17      if_score=-0.7543     features=[pulseArea_min_median]  [3/3 files]
                         ch79  method=statistical+IF        max_z=6.42      if_score=-0.734      features=[pulseDuriation_max_std;pulseDuriation_min_std;occupancy]  [3/3 files]
                         ch86  method=isolation_forest      max_z=5.34      if_score=-0.7422     features=[]  [3/3 files]
                         ch87  method=isolation_forest      max_z=5.4       if_score=-0.7455     features=[]  [3/3 files]
[ALERT] 2026-04-28T18:50:52Z  Digitizer_run1541_subrun82.csv  —  18 persistent anomalous ch  (window: 3 files)  |  18/96 anomalous ch  [bulk ≥5]
                         ch64  method=statistical+IF        max_z=6.04      if_score=-0.719      features=[pulseArea_min_median]  [3/3 files]
                         ch65  method=statistical+IF        max_z=7.29      if_score=-0.7323     features=[sideband_mean_median]  [3/3 files]
                         ch66  method=statistical+IF        max_z=6.07      if_score=-0.748      features=[pulseArea_min_std]  [3/3 files]
                         ch67  method=statistical+IF        max_z=7.09      if_score=-0.7493     features=[pulseHeight_max_mean;pulseHeight_max_median;pulseArea_max_median]  [3/3 files]
                         ch68  method=isolation_forest      max_z=6.0       if_score=-0.7427     features=[]  [3/3 files]
                         ch69  method=statistical+IF        max_z=9.89      if_score=-0.7403     features=[pulseArea_max_median;pulseDuriation_max_std;pulseDuriation_min_std]  [3/3 files]
                         ch70  method=statistical+IF        max_z=6.09      if_score=-0.73       features=[pulseArea_min_median]  [3/3 files]
                         ch71  method=isolation_forest      max_z=5.17      if_score=-0.7272     features=[]  [3/3 files]
                         ch72  method=isolation_forest      max_z=5.21      if_score=-0.7438     features=[]  [3/3 files]
                         ch73  method=statistical+IF        max_z=6.04      if_score=-0.7386     features=[pulseDuriation_min_std]  [3/3 files]
                         ch74  method=statistical+IF        max_z=6.19      if_score=-0.7457     features=[sideband_mean_median;pulseArea_max_std]  [3/3 files]
                         ch75  method=statistical+IF        max_z=6.43      if_score=-0.7485     features=[pulseArea_min_mean;pulseArea_min_std]  [3/3 files]
                         ch76  method=statistical+IF        max_z=7.02      if_score=-0.7712     features=[pulseHeight_min_mean;pulseHeight_min_std;pulseArea_min_mean;pulseArea_min_median]  [3/3 files]
                         ch77  method=statistical+IF        max_z=6.93      if_score=-0.7382     features=[sideband_mean_std;sideband_mean_median]  [3/3 files]
                         ch78  method=isolation_forest      max_z=5.33      if_score=-0.7306     features=[]  [3/3 files]
                         ch79  method=statistical+IF        max_z=7.76      if_score=-0.7322     features=[sideband_mean_median]  [3/3 files]
                         ch86  method=statistical+IF        max_z=11.6      if_score=-0.7154     features=[sideband_mean_median]  [3/3 files]
                         ch87  method=isolation_forest      max_z=5.58      if_score=-0.6981     features=[]  [3/3 files]
[ALERT] 2026-04-28T18:50:53Z  Digitizer_run1541_subrun98.csv  —  18 persistent + 1 transient anomalous ch  (window: 3 files)  |  19/96 anomalous ch  [bulk ≥5]  |  extreme z=20.0 on 32
                         ch64  method=statistical+IF        max_z=7.6       if_score=-0.7215     features=[sideband_mean_median;pulseHeight_min_median;pulseArea_min_median]  [3/3 files]
                         ch65  method=statistical+IF        max_z=6.31      if_score=-0.7266     features=[sideband_mean_median]  [3/3 files]
                         ch66  method=statistical+IF        max_z=6.13      if_score=-0.759      features=[pulseHeight_min_std]  [3/3 files]
                         ch67  method=isolation_forest      max_z=5.8       if_score=-0.7433     features=[]  [3/3 files]
                         ch68  method=statistical+IF        max_z=7.11      if_score=-0.7704     features=[pulseHeight_min_mean;pulseArea_max_mean;pulseArea_max_std;pulseArea_min_mean;pulseArea_min_std;pulseDuriation_min_std]  [3/3 files]
                         ch69  method=statistical+IF        max_z=6.25      if_score=-0.7511     features=[pulseHeight_min_median]  [3/3 files]
                         ch70  method=statistical+IF        max_z=7.95      if_score=-0.7523     features=[sideband_mean_std;sideband_mean_median;sideband_rms_mean;sideband_rms_std]  [3/3 files]
                         ch71  method=statistical+IF        max_z=6.99      if_score=-0.7531     features=[sideband_mean_mean;sideband_mean_std;sideband_rms_mean]  [3/3 files]
                         ch72  method=statistical+IF        max_z=8.64      if_score=-0.76       features=[pulseArea_max_std;pulseArea_min_mean;pulseArea_min_std]  [3/3 files]
                         ch73  method=statistical+IF        max_z=8.05      if_score=-0.7574     features=[pulseHeight_max_median;pulseArea_max_std;pulseArea_max_median;pulseArea_min_mean;pulseArea_min_std;pulseDuriation_max_std;pulseDuriation_min_std]  [3/3 files]
                         ch74  method=statistical+IF        max_z=8.4       if_score=-0.7541     features=[sideband_mean_std;sideband_rms_mean;sideband_rms_std;pulseHeight_min_median;pulseArea_min_median]  [3/3 files]
                         ch75  method=statistical+IF        max_z=9.87      if_score=-0.7502     features=[sideband_rms_mean;sideband_rms_std]  [3/3 files]
                         ch76  method=statistical+IF        max_z=11.46     if_score=-0.7649     features=[sideband_mean_mean;sideband_mean_std;sideband_rms_mean;sideband_rms_std]  [3/3 files]
                         ch77  method=statistical+IF        max_z=12.05     if_score=-0.7524     features=[sideband_mean_mean;sideband_mean_std;sideband_rms_mean]  [3/3 files]
                         ch78  method=statistical+IF        max_z=7.68      if_score=-0.7529     features=[sideband_mean_std]  [3/3 files]
                         ch79  method=statistical+IF        max_z=8.1       if_score=-0.7409     features=[sideband_mean_std;sideband_mean_median;sideband_rms_std]  [3/3 files]
                         ch86  method=statistical+IF        max_z=7.86      if_score=-0.7384     features=[sideband_rms_mean;sideband_rms_std]  [3/3 files]
                         ch87  method=statistical+IF        max_z=8.54      if_score=-0.7248     features=[sideband_rms_mean;sideband_rms_std]  [3/3 files]
                         ch32  method=statistical           max_z=19.96     if_score=-0.5495     features=[nPulses_median]  [1/3 files]
[ALERT] 2026-04-28T18:50:55Z  Digitizer_run1541_subrun104.csv  —  18 persistent anomalous ch  (window: 3 files)  |  18/96 anomalous ch  [bulk ≥5]
                         ch64  method=statistical+IF        max_z=10.21     if_score=-0.7388     features=[sideband_mean_median]  [3/3 files]
                         ch65  method=isolation_forest      max_z=5.38      if_score=-0.7376     features=[]  [3/3 files]
                         ch66  method=statistical+IF        max_z=7.27      if_score=-0.767      features=[pulseArea_max_mean;pulseArea_max_std;pulseArea_min_mean;pulseArea_min_std]  [3/3 files]
                         ch67  method=statistical+IF        max_z=7.15      if_score=-0.7676     features=[pulseArea_max_mean;pulseArea_max_std;pulseArea_max_median;pulseArea_min_std]  [3/3 files]
                         ch68  method=statistical+IF        max_z=7.95      if_score=-0.7512     features=[sideband_mean_std;sideband_rms_mean;sideband_rms_std]  [3/3 files]
                         ch69  method=statistical+IF        max_z=8.33      if_score=-0.7623     features=[sideband_mean_std;sideband_rms_mean;sideband_rms_std]  [3/3 files]
                         ch70  method=statistical+IF        max_z=6.81      if_score=-0.7644     features=[sideband_mean_std;pulseArea_min_std]  [3/3 files]
                         ch71  method=statistical+IF        max_z=7.83      if_score=-0.7704     features=[pulseHeight_max_median;pulseArea_max_median;pulseArea_min_mean;pulseArea_min_std]  [3/3 files]
                         ch72  method=statistical+IF        max_z=6.1       if_score=-0.7518     features=[pulseDuriation_min_mean;pulseDuriation_min_std]  [3/3 files]
                         ch73  method=isolation_forest      max_z=5.39      if_score=-0.7264     features=[]  [3/3 files]
                         ch74  method=statistical+IF        max_z=8.47      if_score=-0.7693     features=[sideband_mean_mean;sideband_mean_std;pulseArea_min_mean;pulseArea_min_std;pulseArea_min_median]  [3/3 files]
                         ch75  method=statistical+IF        max_z=8.69      if_score=-0.755      features=[sideband_mean_std;sideband_mean_median;pulseArea_min_mean;pulseArea_min_std]  [3/3 files]
                         ch76  method=statistical+IF        max_z=7.74      if_score=-0.7523     features=[pulseArea_max_std;pulseArea_min_mean;pulseArea_min_std]  [3/3 files]
                         ch77  method=isolation_forest      max_z=5.79      if_score=-0.7374     features=[]  [3/3 files]
                         ch78  method=statistical+IF        max_z=9.75      if_score=-0.777      features=[pulseHeight_max_mean;pulseHeight_min_mean;pulseHeight_min_std;pulseArea_max_mean;pulseArea_max_std;pulseArea_min_mean;pulseArea_min_std]  [3/3 files]
                         ch79  method=statistical+IF        max_z=9.56      if_score=-0.746      features=[pulseArea_max_mean;pulseArea_max_std;pulseArea_min_mean;pulseArea_min_std]  [3/3 files]
                         ch86  method=isolation_forest      max_z=5.4       if_score=-0.7284     features=[]  [3/3 files]
                         ch87  method=statistical+IF        max_z=7.05      if_score=-0.7503     features=[sideband_mean_median;pulseArea_min_std]  [3/3 files]
[ALERT] 2026-04-28T18:50:57Z  Digitizer_run1541_subrun120.csv  —  18 persistent anomalous ch  (window: 3 files)  |  18/96 anomalous ch  [bulk ≥5]
                         ch64  method=statistical+IF        max_z=9.46      if_score=-0.7604     features=[sideband_mean_mean;sideband_mean_std;pulseArea_min_std]  [3/3 files]
                         ch65  method=statistical+IF        max_z=10.07     if_score=-0.7649     features=[sideband_mean_std;sideband_mean_median;pulseArea_min_std]  [3/3 files]
                         ch66  method=statistical+IF        max_z=10.21     if_score=-0.7778     features=[sideband_mean_mean;sideband_mean_std;nPulses_std;pulseHeight_max_median;pulseArea_max_mean;pulseArea_max_std;pulseArea_min_mean;pulseArea_min_std]  [3/3 files]
                         ch67  method=statistical+IF        max_z=12.43     if_score=-0.7907     features=[sideband_mean_mean;sideband_mean_std;sideband_rms_mean;sideband_rms_std;pulseHeight_max_mean;pulseHeight_max_median;pulseHeight_min_mean;pulseArea_max_mean;pulseArea_max_std;pulseArea_max_median;pulseArea_min_mean;pulseArea_min_std;pulseArea_min_median]  [3/3 files]
                         ch68  method=statistical+IF        max_z=10.16     if_score=-0.7717     features=[sideband_mean_mean;sideband_mean_std;sideband_rms_mean;sideband_rms_std]  [3/3 files]
                         ch69  method=statistical+IF        max_z=11.0      if_score=-0.7704     features=[sideband_mean_mean;sideband_mean_std;sideband_rms_mean;sideband_rms_std]  [3/3 files]
                         ch70  method=statistical+IF        max_z=12.79     if_score=-0.7646     features=[sideband_mean_median;pulseHeight_max_mean;pulseHeight_max_median;pulseHeight_min_std;pulseArea_max_mean;pulseArea_max_std;pulseArea_max_median;pulseArea_min_mean;pulseArea_min_std;pulseDuriation_max_std;pulseDuriation_min_std]  [3/3 files]
                         ch71  method=statistical+IF        max_z=10.4      if_score=-0.7659     features=[pulseHeight_max_mean;pulseHeight_max_median;pulseHeight_min_mean;pulseHeight_min_std;pulseArea_max_mean;pulseArea_max_std;pulseArea_max_median;pulseArea_min_mean;pulseArea_min_std]  [3/3 files]
                         ch72  method=isolation_forest      max_z=5.68      if_score=-0.7331     features=[]  [3/3 files]
                         ch73  method=statistical+IF        max_z=6.9       if_score=-0.7342     features=[nPulses_std;pulseDuriation_max_std;pulseDuriation_min_std]  [3/3 files]
                         ch74  method=statistical+IF        max_z=7.53      if_score=-0.7377     features=[sideband_mean_median]  [3/3 files]
                         ch75  method=isolation_forest      max_z=5.45      if_score=-0.7201     features=[]  [3/3 files]
                         ch76  method=statistical+IF        max_z=7.25      if_score=-0.7559     features=[sideband_mean_std;pulseArea_max_std;pulseArea_min_std]  [3/3 files]
                         ch77  method=statistical+IF        max_z=6.6       if_score=-0.7479     features=[sideband_mean_std;pulseArea_max_std]  [3/3 files]
                         ch78  method=statistical+IF        max_z=7.67      if_score=-0.7508     features=[sideband_mean_std;pulseArea_max_std;pulseArea_min_std]  [3/3 files]
                         ch79  method=statistical+IF        max_z=8.0       if_score=-0.7397     features=[sideband_mean_mean;sideband_mean_std;pulseArea_max_std]  [3/3 files]
                         ch86  method=statistical+IF        max_z=10.19     if_score=-0.7489     features=[sideband_mean_mean;sideband_mean_std]  [3/3 files]
                         ch87  method=statistical+IF        max_z=8.51      if_score=-0.7669     features=[sideband_mean_mean;sideband_mean_std;pulseHeight_min_mean;pulseHeight_min_std;pulseArea_min_mean]  [3/3 files]
[ALERT] 2026-04-28T18:50:59Z  Digitizer_run1541_subrun167.csv  —  18 persistent anomalous ch  (window: 3 files)  |  18/96 anomalous ch  [bulk ≥5]
                         ch64  method=statistical+IF        max_z=8.03      if_score=-0.749      features=[sideband_mean_mean;sideband_mean_std;sideband_rms_mean;sideband_rms_std;occupancy]  [3/3 files]
                         ch65  method=statistical+IF        max_z=9.75      if_score=-0.7499     features=[sideband_mean_mean;sideband_mean_std;sideband_rms_mean;sideband_rms_std]  [3/3 files]
                         ch66  method=statistical+IF        max_z=7.88      if_score=-0.7278     features=[sideband_mean_median]  [3/3 files]
                         ch67  method=statistical+IF        max_z=9.73      if_score=-0.7203     features=[sideband_mean_median]  [3/3 files]
                         ch68  method=statistical+IF        max_z=11.74     if_score=-0.7582     features=[sideband_mean_median;nPulses_median;pulseHeight_max_median;pulseArea_max_mean;pulseArea_max_std;pulseArea_max_median;pulseArea_min_mean;pulseArea_min_std]  [3/3 files]
                         ch69  method=statistical+IF        max_z=6.88      if_score=-0.7283     features=[pulseArea_max_std]  [3/3 files]
                         ch70  method=statistical+IF        max_z=9.11      if_score=-0.7488     features=[sideband_rms_std;nPulses_std;pulseHeight_max_median;pulseHeight_min_median;pulseArea_max_median;pulseArea_min_median]  [3/3 files]
                         ch71  method=statistical+IF        max_z=7.23      if_score=-0.7204     features=[sideband_mean_median]  [3/3 files]
                         ch72  method=isolation_forest      max_z=5.99      if_score=-0.754      features=[]  [3/3 files]
                         ch73  method=isolation_forest      max_z=5.69      if_score=-0.7378     features=[]  [3/3 files]
                         ch74  method=statistical+IF        max_z=7.62      if_score=-0.7106     features=[pulseHeight_min_median;pulseArea_min_median;pulseDuriation_min_median]  [3/3 files]
                         ch75  method=isolation_forest      max_z=5.27      if_score=-0.7154     features=[]  [3/3 files]
                         ch76  method=isolation_forest      max_z=5.83      if_score=-0.7356     features=[]  [3/3 files]
                         ch77  method=statistical+IF        max_z=9.22      if_score=-0.7561     features=[pulseHeight_min_median;pulseArea_min_std;pulseArea_min_median]  [3/3 files]
                         ch78  method=statistical+IF        max_z=11.37     if_score=-0.7771     features=[sideband_mean_mean;sideband_mean_std;sideband_rms_mean;sideband_rms_std;pulseArea_max_mean;pulseArea_max_std;pulseArea_min_mean;pulseArea_min_std]  [3/3 files]
                         ch79  method=statistical+IF        max_z=11.28     if_score=-0.7727     features=[sideband_mean_mean;sideband_mean_std;nPulses_mean;nPulses_median;pulseHeight_max_mean;pulseHeight_max_median;pulseArea_max_mean;pulseArea_max_std;pulseArea_max_median;pulseArea_min_mean;pulseArea_min_std]  [3/3 files]
                         ch86  method=statistical+IF        max_z=6.69      if_score=-0.7261     features=[occupancy]  [3/3 files]
                         ch87  method=statistical+IF        max_z=7.16      if_score=-0.7496     features=[pulseArea_min_mean;pulseArea_min_std]  [3/3 files]
[ALERT] 2026-04-28T18:51:01Z  Digitizer_run1541_subrun174.csv  —  18 persistent + 1 transient anomalous ch  (window: 3 files)  |  19/96 anomalous ch  [bulk ≥5]
                         ch64  method=statistical+IF        max_z=8.36      if_score=-0.7417     features=[sideband_mean_median;pulseArea_max_std;pulseArea_min_mean;pulseArea_min_std;pulseDuriation_min_std]  [3/3 files]
                         ch65  method=statistical+IF        max_z=8.84      if_score=-0.7541     features=[sideband_mean_median;pulseHeight_min_median;pulseArea_max_std;pulseArea_min_mean;pulseArea_min_std;pulseArea_min_median]  [3/3 files]
                         ch66  method=statistical+IF        max_z=9.13      if_score=-0.7523     features=[sideband_mean_median;pulseHeight_min_mean;pulseArea_max_std;pulseArea_min_mean;pulseArea_min_std]  [3/3 files]
                         ch67  method=statistical+IF        max_z=7.94      if_score=-0.747      features=[sideband_mean_median;pulseArea_max_std;pulseArea_min_mean;pulseArea_min_std]  [3/3 files]
                         ch68  method=isolation_forest      max_z=5.44      if_score=-0.7217     features=[]  [3/3 files]
                         ch69  method=statistical+IF        max_z=6.06      if_score=-0.7465     features=[pulseHeight_min_median]  [3/3 files]
                         ch70  method=statistical+IF        max_z=7.23      if_score=-0.7435     features=[sideband_mean_std;sideband_rms_std]  [3/3 files]
                         ch71  method=statistical+IF        max_z=7.68      if_score=-0.7613     features=[sideband_mean_std;pulseHeight_max_median;pulseArea_max_median]  [3/3 files]
                         ch72  method=statistical+IF        max_z=8.44      if_score=-0.761      features=[pulseArea_max_std;pulseArea_min_std]  [3/3 files]
                         ch73  method=statistical+IF        max_z=9.47      if_score=-0.7767     features=[pulseHeight_min_mean;pulseHeight_min_std;pulseArea_max_mean;pulseArea_max_std;pulseArea_min_mean;pulseArea_min_std]  [3/3 files]
                         ch74  method=isolation_forest      max_z=5.97      if_score=-0.745      features=[]  [3/3 files]
                         ch75  method=statistical+IF        max_z=8.54      if_score=-0.7528     features=[sideband_mean_median;pulseArea_min_median]  [3/3 files]
                         ch76  method=statistical+IF        max_z=8.55      if_score=-0.7688     features=[sideband_mean_mean;sideband_mean_std;sideband_mean_median;pulseArea_max_std;pulseArea_min_std]  [3/3 files]
                         ch77  method=statistical+IF        max_z=8.41      if_score=-0.7526     features=[sideband_mean_std;sideband_mean_median;nPulses_std;pulseArea_max_std;pulseArea_min_mean;pulseArea_min_std]  [3/3 files]
                         ch78  method=isolation_forest      max_z=5.93      if_score=-0.749      features=[]  [3/3 files]
                         ch79  method=statistical+IF        max_z=11.62     if_score=-0.7459     features=[sideband_mean_median;pulseArea_max_median;pulseDuriation_max_std;pulseDuriation_min_std]  [3/3 files]
                         ch86  method=statistical+IF        max_z=7.77      if_score=-0.7251     features=[pulseHeight_max_mean;pulseHeight_max_median;pulseArea_max_mean;pulseArea_max_median]  [3/3 files]
                         ch87  method=statistical+IF        max_z=11.82     if_score=-0.753      features=[pulseHeight_max_mean;pulseHeight_max_median;pulseHeight_min_mean;pulseArea_max_mean;pulseArea_max_median;pulseArea_min_mean]  [3/3 files]
                          ch3  method=statistical           max_z=6.38      if_score=-0.4525     features=[pulseHeight_min_median]  [1/3 files]
[ALERT] 2026-04-28T18:51:02Z  Digitizer_run1541_subrun199.csv  —  18 persistent + 2 transient anomalous ch  (window: 3 files)  |  20/96 anomalous ch  [bulk ≥5]  |  extreme z=15.9 on 91
                         ch64  method=statistical+IF        max_z=8.22      if_score=-0.7557     features=[pulseHeight_min_mean;pulseHeight_min_std;pulseArea_max_std;pulseArea_min_mean;pulseArea_min_std;pulseDuriation_min_std]  [3/3 files]
                         ch65  method=statistical+IF        max_z=6.43      if_score=-0.7281     features=[pulseArea_min_std]  [3/3 files]
                         ch66  method=isolation_forest      max_z=5.2       if_score=-0.7293     features=[]  [3/3 files]
                         ch67  method=isolation_forest      max_z=5.91      if_score=-0.7384     features=[]  [3/3 files]
                         ch68  method=statistical+IF        max_z=8.88      if_score=-0.7276     features=[sideband_mean_median;nPulses_median]  [3/3 files]
                         ch69  method=statistical+IF        max_z=6.86      if_score=-0.7334     features=[sideband_mean_median]  [3/3 files]
                         ch70  method=statistical+IF        max_z=10.44     if_score=-0.7738     features=[sideband_mean_mean;sideband_mean_std;sideband_rms_mean;sideband_rms_std;pulseArea_min_std]  [3/3 files]
                         ch71  method=statistical+IF        max_z=9.28      if_score=-0.7544     features=[sideband_mean_mean;sideband_mean_std;pulseArea_max_std;pulseArea_min_std]  [3/3 files]
                         ch72  method=statistical+IF        max_z=12.75     if_score=-0.7525     features=[sideband_mean_mean;sideband_mean_std;sideband_mean_median;sideband_rms_mean;sideband_rms_std]  [3/3 files]
                         ch73  method=statistical+IF        max_z=14.16     if_score=-0.7479     features=[sideband_mean_mean;sideband_mean_std;sideband_rms_mean;sideband_rms_std]  [3/3 files]
                         ch74  method=isolation_forest      max_z=5.37      if_score=-0.7483     features=[]  [3/3 files]
                         ch75  method=isolation_forest      max_z=5.56      if_score=-0.7404     features=[]  [3/3 files]
                         ch76  method=statistical+IF        max_z=12.78     if_score=-0.7378     features=[sideband_rms_mean;sideband_rms_std]  [3/3 files]
                         ch77  method=statistical+IF        max_z=14.19     if_score=-0.7235     features=[sideband_mean_mean;sideband_rms_mean;sideband_rms_std]  [3/3 files]
                         ch78  method=statistical+IF        max_z=6.43      if_score=-0.7391     features=[sideband_mean_median]  [3/3 files]
                         ch79  method=statistical+IF        max_z=7.0       if_score=-0.7217     features=[pulseHeight_min_median;pulseArea_min_median]  [3/3 files]
                         ch86  method=statistical+IF        max_z=10.57     if_score=-0.7493     features=[sideband_mean_median;pulseHeight_max_median;pulseArea_max_median;pulseDuriation_max_std;pulseDuriation_min_mean;pulseDuriation_min_std]  [3/3 files]
                         ch87  method=statistical+IF        max_z=9.45      if_score=-0.7613     features=[sideband_mean_median;pulseHeight_max_mean;pulseHeight_max_median;pulseHeight_min_mean;pulseArea_max_median;pulseArea_min_median;pulseDuriation_max_std;pulseDuriation_min_mean;pulseDuriation_min_std;pulseDuriation_min_median]  [3/3 files]
                          ch6  method=statistical           max_z=6.64      if_score=-0.5159     features=[nPulses_median]  [1/3 files]
                         ch91  method=statistical           max_z=15.91     if_score=-0.5195     features=[nPulses_median]  [1/3 files]
[ALERT] 2026-04-28T18:51:03Z  Digitizer_run1541_subrun215.csv  —  18 persistent anomalous ch  (window: 3 files)  |  18/96 anomalous ch  [bulk ≥5]
                         ch64  method=statistical+IF        max_z=11.75     if_score=-0.7025     features=[sideband_mean_median]  [3/3 files]
                         ch65  method=isolation_forest      max_z=5.86      if_score=-0.7182     features=[]  [3/3 files]
                         ch66  method=statistical+IF        max_z=6.2       if_score=-0.742      features=[pulseHeight_min_mean]  [3/3 files]
                         ch67  method=statistical+IF        max_z=10.19     if_score=-0.7582     features=[sideband_rms_mean;pulseHeight_min_mean;pulseHeight_min_median;pulseArea_min_median;pulseDuriation_min_std;pulseDuriation_min_median]  [3/3 files]
                         ch68  method=isolation_forest      max_z=5.82      if_score=-0.709      features=[]  [3/3 files]
                         ch69  method=statistical+IF        max_z=6.63      if_score=-0.748      features=[nPulses_std;pulseHeight_min_median;pulseArea_min_median]  [3/3 files]
                         ch70  method=statistical+IF        max_z=10.28     if_score=-0.7371     features=[pulseArea_max_std;pulseArea_min_std;pulseDuriation_max_std;pulseDuriation_min_std]  [3/3 files]
                         ch71  method=statistical+IF        max_z=8.12      if_score=-0.7197     features=[pulseDuriation_max_std;pulseDuriation_min_std]  [3/3 files]
                         ch72  method=statistical+IF        max_z=7.97      if_score=-0.7546     features=[sideband_mean_mean;sideband_mean_std;pulseArea_min_median;pulseDuriation_min_mean;pulseDuriation_min_std]  [3/3 files]
                         ch73  method=statistical+IF        max_z=8.15      if_score=-0.7542     features=[sideband_mean_mean;sideband_mean_std;pulseDuriation_max_std;pulseDuriation_min_std]  [3/3 files]
                         ch74  method=statistical+IF        max_z=7.09      if_score=-0.7508     features=[pulseHeight_max_median;pulseArea_max_median;pulseDuriation_min_std]  [3/3 files]
                         ch75  method=statistical+IF        max_z=7.4       if_score=-0.765      features=[pulseHeight_min_mean;pulseArea_min_median;pulseDuriation_max_std;pulseDuriation_min_std]  [3/3 files]
                         ch76  method=statistical+IF        max_z=6.17      if_score=-0.7461     features=[pulseHeight_max_mean;pulseHeight_min_mean;pulseArea_max_mean]  [3/3 files]
                         ch77  method=isolation_forest      max_z=5.98      if_score=-0.7483     features=[]  [3/3 files]
                         ch78  method=isolation_forest      max_z=5.29      if_score=-0.7165     features=[]  [3/3 files]
                         ch79  method=statistical+IF        max_z=7.45      if_score=-0.7324     features=[pulseDuriation_max_std;pulseDuriation_min_std]  [3/3 files]
                         ch86  method=statistical+IF        max_z=11.92     if_score=-0.7567     features=[pulseArea_max_mean;pulseArea_max_std;pulseArea_min_mean;pulseArea_min_std;pulseDuriation_max_std;pulseDuriation_min_mean;pulseDuriation_min_std]  [3/3 files]
                         ch87  method=statistical+IF        max_z=10.07     if_score=-0.7493     features=[pulseArea_max_mean;pulseArea_max_std;pulseArea_min_mean;pulseArea_min_std;pulseDuriation_max_std;pulseDuriation_min_std]  [3/3 files]
[ALERT] 2026-04-28T18:51:05Z  Digitizer_run1541_subrun216.csv  —  18 persistent anomalous ch  (window: 3 files)  |  18/96 anomalous ch  [bulk ≥5]
                         ch64  method=statistical+IF        max_z=7.18      if_score=-0.7425     features=[sideband_mean_median;occupancy]  [3/3 files]
                         ch65  method=statistical+IF        max_z=6.7       if_score=-0.7477     features=[sideband_rms_mean;occupancy]  [3/3 files]
                         ch66  method=statistical+IF        max_z=7.59      if_score=-0.7447     features=[sideband_mean_median;pulseHeight_max_median;pulseArea_max_median]  [3/3 files]
                         ch67  method=statistical+IF        max_z=6.58      if_score=-0.748      features=[sideband_mean_median;pulseHeight_max_median;pulseHeight_min_median;pulseArea_max_mean;pulseArea_max_median]  [3/3 files]
                         ch68  method=statistical+IF        max_z=7.08      if_score=-0.7424     features=[sideband_mean_std]  [3/3 files]
                         ch69  method=statistical+IF        max_z=9.04      if_score=-0.7402     features=[sideband_mean_mean;sideband_mean_std;sideband_rms_mean;sideband_rms_std]  [3/3 files]
                         ch70  method=statistical+IF        max_z=6.05      if_score=-0.7364     features=[pulseHeight_max_mean]  [3/3 files]
                         ch71  method=isolation_forest      max_z=5.66      if_score=-0.7227     features=[]  [3/3 files]
                         ch72  method=statistical+IF        max_z=7.28      if_score=-0.75       features=[sideband_mean_mean;sideband_mean_std;sideband_rms_std]  [3/3 files]
                         ch73  method=statistical+IF        max_z=7.91      if_score=-0.7415     features=[sideband_mean_mean;sideband_mean_std]  [3/3 files]
                         ch74  method=isolation_forest      max_z=5.92      if_score=-0.7326     features=[]  [3/3 files]
                         ch75  method=statistical+IF        max_z=7.36      if_score=-0.748      features=[sideband_mean_median;pulseHeight_max_median;pulseHeight_min_median;pulseArea_max_median;pulseArea_min_median]  [3/3 files]
                         ch76  method=statistical+IF        max_z=14.3      if_score=-0.7627     features=[sideband_mean_mean;sideband_mean_std;sideband_rms_mean;sideband_rms_std]  [3/3 files]
                         ch77  method=statistical+IF        max_z=9.27      if_score=-0.7725     features=[sideband_mean_mean;sideband_mean_std;sideband_mean_median;sideband_rms_mean;sideband_rms_std;nPulses_median;pulseArea_min_std]  [3/3 files]
                         ch78  method=statistical+IF        max_z=6.86      if_score=-0.7444     features=[sideband_mean_std]  [3/3 files]
                         ch79  method=statistical+IF        max_z=10.54     if_score=-0.7362     features=[sideband_mean_std;sideband_mean_median;sideband_rms_std]  [3/3 files]
                         ch86  method=statistical+IF        max_z=7.09      if_score=-0.758      features=[pulseHeight_min_mean;pulseHeight_min_std]  [3/3 files]
                         ch87  method=statistical+IF        max_z=7.05      if_score=-0.766      features=[sideband_mean_mean;sideband_mean_std;sideband_rms_mean;sideband_rms_std;pulseHeight_min_median]  [3/3 files]
[ALERT] 2026-04-28T18:51:07Z  Digitizer_run1541_subrun228.csv  —  18 persistent anomalous ch  (window: 3 files)  |  18/96 anomalous ch  [bulk ≥5]
                         ch64  method=statistical+IF        max_z=7.65      if_score=-0.7483     features=[sideband_mean_median]  [3/3 files]
                         ch65  method=isolation_forest      max_z=5.6       if_score=-0.745      features=[]  [3/3 files]
                         ch66  method=statistical+IF        max_z=7.53      if_score=-0.7339     features=[sideband_mean_std]  [3/3 files]
                         ch67  method=statistical+IF        max_z=7.55      if_score=-0.7399     features=[sideband_mean_std;pulseArea_min_median]  [3/3 files]
                         ch68  method=statistical+IF        max_z=7.15      if_score=-0.7212     features=[sideband_mean_median]  [3/3 files]
                         ch69  method=statistical+IF        max_z=6.67      if_score=-0.7282     features=[sideband_mean_median;nPulses_std]  [3/3 files]
                         ch70  method=isolation_forest      max_z=5.34      if_score=-0.7095     features=[]  [3/3 files]
                         ch71  method=statistical+IF        max_z=9.62      if_score=-0.7245     features=[sideband_mean_median;pulseDuriation_max_std;pulseDuriation_min_std]  [3/3 files]
                         ch72  method=statistical+IF        max_z=6.05      if_score=-0.7704     features=[pulseDuriation_min_std]  [3/3 files]
                         ch73  method=isolation_forest      max_z=5.86      if_score=-0.7544     features=[]  [3/3 files]
                         ch74  method=statistical+IF        max_z=8.15      if_score=-0.7503     features=[sideband_mean_mean;sideband_mean_std;sideband_mean_median]  [3/3 files]
                         ch75  method=statistical+IF        max_z=8.04      if_score=-0.7464     features=[sideband_mean_mean;sideband_mean_std]  [3/3 files]
                         ch76  method=statistical+IF        max_z=9.93      if_score=-0.7499     features=[sideband_rms_mean;sideband_rms_std]  [3/3 files]
                         ch77  method=statistical+IF        max_z=12.86     if_score=-0.7709     features=[sideband_mean_median;sideband_rms_mean;sideband_rms_std;nPulses_median;pulseArea_min_std;pulseDuriation_max_std;pulseDuriation_min_std]  [3/3 files]
                         ch78  method=statistical+IF        max_z=8.41      if_score=-0.7598     features=[pulseHeight_max_mean;pulseHeight_min_mean;pulseHeight_min_std;pulseArea_max_mean;pulseArea_min_mean]  [3/3 files]
                         ch79  method=isolation_forest      max_z=5.64      if_score=-0.7294     features=[]  [3/3 files]
                         ch86  method=statistical+IF        max_z=10.81     if_score=-0.767      features=[sideband_mean_median;pulseArea_min_std;pulseDuriation_max_std;pulseDuriation_min_mean;pulseDuriation_min_std]  [3/3 files]
                         ch87  method=statistical+IF        max_z=8.81      if_score=-0.7537     features=[pulseDuriation_max_std;pulseDuriation_min_std]  [3/3 files]
[ALERT] 2026-04-28T18:51:09Z  Digitizer_run1541_subrun230.csv  —  18 persistent + 3 transient anomalous ch  (window: 3 files)  |  21/96 anomalous ch  [bulk ≥5]  |  extreme z=17.4 on 70
                         ch64  method=statistical+IF        max_z=7.99      if_score=-0.7061     features=[nPulses_std;pulseHeight_min_median;pulseArea_min_median]  [3/3 files]
                         ch65  method=isolation_forest      max_z=5.65      if_score=-0.7158     features=[]  [3/3 files]
                         ch66  method=statistical+IF        max_z=8.18      if_score=-0.7434     features=[pulseHeight_min_median;pulseArea_max_std;pulseArea_min_std;pulseArea_min_median]  [3/3 files]
                         ch67  method=statistical+IF        max_z=6.96      if_score=-0.7393     features=[pulseHeight_max_median;pulseArea_max_std;pulseArea_min_std]  [3/3 files]
                         ch68  method=statistical+IF        max_z=7.24      if_score=-0.7139     features=[nPulses_median]  [3/3 files]
                         ch69  method=isolation_forest      max_z=5.73      if_score=-0.7377     features=[]  [3/3 files]
                         ch70  method=statistical+IF        max_z=17.35     if_score=-0.7304     features=[sideband_mean_mean;sideband_mean_std;sideband_rms_mean;sideband_rms_std;nPulses_mean;nPulses_std]  [3/3 files]
                         ch71  method=statistical+IF        max_z=15.1      if_score=-0.7547     features=[sideband_mean_mean;sideband_mean_std;nPulses_std;pulseDuriation_max_std;pulseDuriation_min_std]  [3/3 files]
                         ch72  method=statistical+IF        max_z=8.19      if_score=-0.7548     features=[pulseArea_max_std;pulseArea_min_mean;pulseArea_min_std]  [3/3 files]
                         ch73  method=statistical+IF        max_z=8.28      if_score=-0.758      features=[pulseArea_max_mean;pulseArea_max_std;pulseArea_min_mean;pulseArea_min_std;pulseDuriation_max_std;pulseDuriation_min_std]  [3/3 files]
                         ch74  method=statistical+IF        max_z=8.0       if_score=-0.7506     features=[nPulses_median;pulseHeight_max_median;pulseArea_max_median;pulseDuriation_max_std;pulseDuriation_min_std]  [3/3 files]
                         ch75  method=statistical+IF        max_z=7.18      if_score=-0.7353     features=[nPulses_std;pulseDuriation_max_std;pulseDuriation_min_std]  [3/3 files]
                         ch76  method=statistical+IF        max_z=6.08      if_score=-0.7512     features=[sideband_mean_std]  [3/3 files]
                         ch77  method=statistical+IF        max_z=9.11      if_score=-0.7365     features=[sideband_mean_median;nPulses_median]  [3/3 files]
                         ch78  method=statistical+IF        max_z=8.13      if_score=-0.7706     features=[sideband_mean_mean;sideband_mean_std;sideband_rms_mean;sideband_rms_std]  [3/3 files]
                         ch79  method=statistical+IF        max_z=8.11      if_score=-0.7506     features=[sideband_mean_mean;sideband_mean_std]  [3/3 files]
                         ch86  method=statistical+IF        max_z=6.25      if_score=-0.7444     features=[occupancy]  [3/3 files]
                         ch87  method=statistical+IF        max_z=6.35      if_score=-0.744      features=[nPulses_std]  [3/3 files]
                         ch18  method=statistical           max_z=6.54      if_score=-0.4957     features=[sideband_mean_mean]  [1/3 files]
                         ch19  method=statistical           max_z=6.94      if_score=-0.5311     features=[sideband_mean_mean]  [1/3 files]
                          ch2  method=statistical           max_z=9.52      if_score=-0.5007     features=[nPulses_median]  [1/3 files]
[ALERT] 2026-04-28T18:51:10Z  Digitizer_run1541_subrun251.csv  —  18 persistent anomalous ch  (window: 3 files)  |  18/96 anomalous ch  [bulk ≥5]
                         ch64  method=statistical+IF        max_z=8.43      if_score=-0.7439     features=[sideband_rms_mean;sideband_rms_std]  [3/3 files]
                         ch65  method=statistical+IF        max_z=9.29      if_score=-0.7582     features=[sideband_mean_median;sideband_rms_mean;sideband_rms_std;pulseDuriation_max_std;pulseDuriation_min_std]  [3/3 files]
                         ch66  method=isolation_forest      max_z=5.53      if_score=-0.706      features=[]  [3/3 files]
                         ch67  method=isolation_forest      max_z=5.83      if_score=-0.7062     features=[]  [3/3 files]
                         ch68  method=statistical+IF        max_z=7.46      if_score=-0.7641     features=[sideband_rms_mean;sideband_rms_std;nPulses_median;pulseHeight_max_median;pulseArea_max_median]  [3/3 files]
                         ch69  method=statistical+IF        max_z=8.55      if_score=-0.7691     features=[sideband_mean_median;sideband_rms_mean;sideband_rms_std;pulseHeight_min_median;pulseArea_min_median]  [3/3 files]
                         ch70  method=isolation_forest      max_z=5.24      if_score=-0.7266     features=[]  [3/3 files]
                         ch71  method=isolation_forest      max_z=5.83      if_score=-0.7241     features=[]  [3/3 files]
                         ch72  method=statistical+IF        max_z=6.77      if_score=-0.7543     features=[pulseArea_max_std]  [3/3 files]
                         ch73  method=statistical+IF        max_z=7.52      if_score=-0.7543     features=[sideband_mean_median;pulseArea_max_std;pulseArea_min_std;pulseDuriation_max_std;pulseDuriation_min_std]  [3/3 files]
                         ch74  method=statistical+IF        max_z=8.65      if_score=-0.7702     features=[sideband_mean_mean;sideband_mean_std;sideband_rms_mean;sideband_rms_std;pulseArea_max_std;pulseArea_min_std;pulseDuriation_min_std]  [3/3 files]
                         ch75  method=statistical+IF        max_z=9.09      if_score=-0.7753     features=[sideband_mean_mean;sideband_mean_std;sideband_rms_mean;sideband_rms_std;nPulses_std;pulseArea_max_std;pulseArea_min_mean;pulseArea_min_std;pulseDuriation_min_std]  [3/3 files]
                         ch76  method=statistical+IF        max_z=8.96      if_score=-0.7693     features=[sideband_mean_mean;sideband_mean_std]  [3/3 files]
                         ch77  method=statistical+IF        max_z=10.08     if_score=-0.7426     features=[sideband_mean_mean;sideband_mean_std;sideband_rms_mean;sideband_rms_std]  [3/3 files]
                         ch78  method=statistical+IF        max_z=9.07      if_score=-0.7636     features=[sideband_mean_mean;sideband_mean_std;sideband_rms_mean;sideband_rms_std]  [3/3 files]
                         ch79  method=statistical+IF        max_z=11.47     if_score=-0.7496     features=[sideband_mean_mean;sideband_mean_std;sideband_rms_mean;sideband_rms_std]  [3/3 files]
                         ch86  method=statistical+IF        max_z=9.67      if_score=-0.7343     features=[sideband_rms_mean;sideband_rms_std]  [3/3 files]
                         ch87  method=isolation_forest      max_z=5.63      if_score=-0.7205     features=[]  [3/3 files]
[ALERT] 2026-04-28T18:51:12Z  Digitizer_run1541_subrun257.csv  —  18 persistent anomalous ch  (window: 3 files)  |  18/96 anomalous ch  [bulk ≥5]  |  extreme z=15.9 on 64
                         ch64  method=statistical+IF        max_z=15.91     if_score=-0.7112     features=[sideband_mean_median]  [3/3 files]
                         ch65  method=isolation_forest      max_z=5.98      if_score=-0.7038     features=[]  [3/3 files]
                         ch66  method=statistical+IF        max_z=8.22      if_score=-0.7326     features=[sideband_mean_std;nPulses_std]  [3/3 files]
                         ch67  method=statistical+IF        max_z=8.24      if_score=-0.7487     features=[sideband_mean_mean;sideband_mean_std]  [3/3 files]
                         ch68  method=statistical+IF        max_z=7.24      if_score=-0.716      features=[nPulses_median]  [3/3 files]
                         ch69  method=isolation_forest      max_z=5.89      if_score=-0.7263     features=[]  [3/3 files]
                         ch70  method=isolation_forest      max_z=5.21      if_score=-0.7285     features=[]  [3/3 files]
                         ch71  method=statistical+IF        max_z=10.14     if_score=-0.7465     features=[sideband_mean_median]  [3/3 files]
                         ch72  method=statistical+IF        max_z=7.72      if_score=-0.7566     features=[sideband_mean_mean;sideband_mean_std]  [3/3 files]
                         ch73  method=statistical+IF        max_z=8.11      if_score=-0.7289     features=[sideband_mean_mean;sideband_mean_std]  [3/3 files]
                         ch74  method=statistical+IF        max_z=7.46      if_score=-0.7632     features=[sideband_mean_std;sideband_mean_median;pulseHeight_min_mean;pulseHeight_min_std;pulseHeight_min_median;pulseArea_min_median]  [3/3 files]
                         ch75  method=statistical+IF        max_z=7.55      if_score=-0.76       features=[sideband_mean_mean;sideband_mean_std;sideband_mean_median;pulseArea_min_median]  [3/3 files]
                         ch76  method=statistical+IF        max_z=6.74      if_score=-0.7534     features=[sideband_mean_std]  [3/3 files]
                         ch77  method=statistical+IF        max_z=6.61      if_score=-0.7356     features=[sideband_mean_std]  [3/3 files]
                         ch78  method=isolation_forest      max_z=5.74      if_score=-0.7249     features=[]  [3/3 files]
                         ch79  method=isolation_forest      max_z=5.37      if_score=-0.7        features=[]  [3/3 files]
                         ch86  method=isolation_forest      max_z=5.84      if_score=-0.7055     features=[]  [3/3 files]
                         ch87  method=isolation_forest      max_z=5.95      if_score=-0.7126     features=[]  [3/3 files]
[ALERT] 2026-04-28T18:51:14Z  Digitizer_run1541_subrun260.csv  —  18 persistent anomalous ch  (window: 3 files)  |  18/96 anomalous ch  [bulk ≥5]  |  extreme z=17.9 on 64
                         ch64  method=statistical+IF        max_z=17.95     if_score=-0.7699     features=[sideband_mean_mean;sideband_mean_std;sideband_rms_mean;sideband_rms_std;pulseArea_max_std;pulseArea_min_std]  [3/3 files]
                         ch65  method=statistical+IF        max_z=14.78     if_score=-0.771      features=[sideband_mean_mean;sideband_mean_std;sideband_rms_mean;sideband_rms_std;nPulses_std;pulseArea_max_std;pulseArea_min_std]  [3/3 files]
                         ch66  method=statistical+IF        max_z=11.5      if_score=-0.7629     features=[sideband_mean_mean;sideband_mean_std;sideband_rms_mean;sideband_rms_std]  [3/3 files]
                         ch67  method=statistical+IF        max_z=12.29     if_score=-0.7641     features=[sideband_mean_mean;sideband_mean_std;sideband_mean_median;sideband_rms_mean;sideband_rms_std]  [3/3 files]
                         ch68  method=statistical+IF        max_z=7.61      if_score=-0.7373     features=[sideband_mean_mean;sideband_mean_std]  [3/3 files]
                         ch69  method=statistical+IF        max_z=8.23      if_score=-0.7412     features=[sideband_mean_median;pulseHeight_min_median;pulseArea_min_median]  [3/3 files]
                         ch70  method=statistical+IF        max_z=6.53      if_score=-0.7268     features=[pulseHeight_max_median;pulseArea_max_median]  [3/3 files]
                         ch71  method=statistical+IF        max_z=6.64      if_score=-0.7281     features=[pulseHeight_max_median;pulseArea_max_median]  [3/3 files]
                         ch72  method=statistical+IF        max_z=6.75      if_score=-0.7582     features=[pulseHeight_max_mean;pulseHeight_min_mean;pulseHeight_min_std;pulseArea_max_mean;pulseArea_min_mean]  [3/3 files]
                         ch73  method=statistical+IF        max_z=7.51      if_score=-0.7543     features=[pulseHeight_max_median;pulseHeight_min_mean;pulseArea_max_median;pulseArea_min_mean;pulseDuriation_min_std]  [3/3 files]
                         ch74  method=statistical+IF        max_z=9.69      if_score=-0.7655     features=[sideband_mean_median;pulseHeight_min_std;pulseArea_max_mean;pulseArea_max_std;pulseArea_min_mean;pulseArea_min_std]  [3/3 files]
                         ch75  method=statistical+IF        max_z=8.08      if_score=-0.77       features=[sideband_mean_mean;sideband_mean_std;sideband_rms_mean;pulseHeight_max_mean;pulseArea_max_mean;pulseArea_max_std;pulseArea_min_std]  [3/3 files]
                         ch76  method=statistical+IF        max_z=7.28      if_score=-0.7717     features=[sideband_mean_std;nPulses_std;pulseHeight_min_mean;pulseArea_max_median;pulseArea_min_median;pulseDuriation_max_median]  [3/3 files]
                         ch77  method=statistical+IF        max_z=6.32      if_score=-0.7375     features=[sideband_mean_std;occupancy]  [3/3 files]
                         ch78  method=isolation_forest      max_z=5.82      if_score=-0.757      features=[]  [3/3 files]
                         ch79  method=statistical+IF        max_z=9.36      if_score=-0.7529     features=[pulseHeight_max_mean;pulseHeight_max_median;pulseArea_max_mean;pulseArea_max_median]  [3/3 files]
                         ch86  method=statistical+IF        max_z=9.91      if_score=-0.7652     features=[sideband_mean_mean;sideband_mean_std;pulseHeight_min_mean;pulseHeight_min_median;pulseArea_min_mean;pulseArea_min_median;pulseDuriation_min_median]  [3/3 files]
                         ch87  method=statistical+IF        max_z=8.63      if_score=-0.7736     features=[sideband_mean_mean;sideband_mean_std;pulseHeight_min_mean;pulseHeight_min_median;pulseArea_max_median;pulseArea_min_median;pulseDuriation_min_median]  [3/3 files]
[ALERT] 2026-04-28T18:51:16Z  Digitizer_run1541_subrun262.csv  —  18 persistent anomalous ch  (window: 3 files)  |  18/96 anomalous ch  [bulk ≥5]  |  extreme z=21.2 on 66
                         ch64  method=statistical+IF        max_z=10.21     if_score=-0.7618     features=[sideband_mean_mean;sideband_mean_std]  [3/3 files]
                         ch65  method=statistical+IF        max_z=8.61      if_score=-0.7707     features=[sideband_mean_mean;sideband_mean_std;pulseDuriation_max_std;pulseDuriation_min_std]  [3/3 files]
                         ch66  method=statistical+IF        max_z=21.23     if_score=-0.7717     features=[sideband_mean_mean;sideband_mean_std;sideband_rms_mean;sideband_rms_std;pulseHeight_min_mean;pulseHeight_min_std;pulseArea_min_mean]  [3/3 files]
                         ch67  method=statistical+IF        max_z=17.74     if_score=-0.7634     features=[sideband_mean_mean;sideband_mean_std;sideband_mean_median;sideband_rms_mean;sideband_rms_std;nPulses_std;pulseHeight_max_median;pulseArea_max_median]  [3/3 files]
                         ch68  method=statistical+IF        max_z=7.24      if_score=-0.7465     features=[nPulses_std;nPulses_median]  [3/3 files]
                         ch69  method=isolation_forest      max_z=5.74      if_score=-0.7422     features=[]  [3/3 files]
                         ch70  method=statistical+IF        max_z=9.91      if_score=-0.7692     features=[sideband_mean_std;pulseHeight_min_std;pulseArea_max_std;pulseArea_min_mean;pulseArea_min_std]  [3/3 files]
                         ch71  method=statistical+IF        max_z=7.96      if_score=-0.7607     features=[sideband_mean_mean;sideband_mean_std;pulseArea_max_std;pulseArea_max_median;pulseArea_min_std]  [3/3 files]
                         ch72  method=isolation_forest      max_z=5.2       if_score=-0.7381     features=[]  [3/3 files]
                         ch73  method=statistical+IF        max_z=11.9      if_score=-0.7418     features=[sideband_mean_median;pulseHeight_min_median;pulseArea_min_median;pulseDuriation_min_median]  [3/3 files]
                         ch74  method=statistical+IF        max_z=7.38      if_score=-0.7659     features=[sideband_mean_median;pulseHeight_max_median;pulseArea_max_median;pulseDuriation_max_std;pulseDuriation_min_std]  [3/3 files]
                         ch75  method=statistical+IF        max_z=6.52      if_score=-0.7706     features=[sideband_mean_median;pulseArea_min_median]  [3/3 files]
                         ch76  method=isolation_forest      max_z=5.89      if_score=-0.7142     features=[]  [3/3 files]
                         ch77  method=statistical+IF        max_z=8.09      if_score=-0.7324     features=[pulseArea_max_std;pulseArea_min_mean;pulseArea_min_std;pulseDuriation_max_std;pulseDuriation_min_mean;pulseDuriation_min_std]  [3/3 files]
                         ch78  method=statistical+IF        max_z=13.13     if_score=-0.7492     features=[sideband_mean_mean;sideband_mean_std;sideband_rms_mean;sideband_rms_std]  [3/3 files]
                         ch79  method=statistical+IF        max_z=18.37     if_score=-0.7321     features=[sideband_mean_mean;sideband_mean_std;sideband_mean_median]  [3/3 files]
                         ch86  method=statistical+IF        max_z=10.3      if_score=-0.7118     features=[sideband_mean_median;sideband_rms_std]  [3/3 files]
                         ch87  method=statistical+IF        max_z=10.1      if_score=-0.742      features=[sideband_rms_mean;sideband_rms_std]  [3/3 files]
[ALERT] 2026-04-28T18:51:17Z  Digitizer_run1541_subrun278.csv  —  18 persistent anomalous ch  (window: 3 files)  |  18/96 anomalous ch  [bulk ≥5]
                         ch64  method=isolation_forest      max_z=5.28      if_score=-0.7193     features=[]  [3/3 files]
                         ch65  method=statistical+IF        max_z=6.36      if_score=-0.7554     features=[pulseHeight_min_mean;pulseHeight_min_std]  [3/3 files]
                         ch66  method=statistical+IF        max_z=7.86      if_score=-0.7478     features=[nPulses_std;pulseHeight_max_median;pulseArea_max_median]  [3/3 files]
                         ch67  method=statistical+IF        max_z=9.09      if_score=-0.7572     features=[sideband_rms_mean;sideband_rms_std]  [3/3 files]
                         ch68  method=statistical+IF        max_z=10.32     if_score=-0.7508     features=[sideband_mean_mean;sideband_mean_std;pulseHeight_min_median;pulseArea_min_median]  [3/3 files]
                         ch69  method=statistical+IF        max_z=12.47     if_score=-0.7464     features=[sideband_mean_mean;sideband_mean_std;sideband_rms_mean;sideband_rms_std]  [3/3 files]
                         ch70  method=isolation_forest      max_z=5.61      if_score=-0.7207     features=[]  [3/3 files]
                         ch71  method=statistical+IF        max_z=6.65      if_score=-0.7125     features=[sideband_mean_median]  [3/3 files]
                         ch72  method=statistical+IF        max_z=11.09     if_score=-0.7555     features=[sideband_mean_mean;sideband_mean_std]  [3/3 files]
                         ch73  method=statistical+IF        max_z=13.08     if_score=-0.7667     features=[sideband_mean_mean;sideband_mean_std;pulseDuriation_max_std;pulseDuriation_min_std]  [3/3 files]
                         ch74  method=statistical+IF        max_z=10.34     if_score=-0.7809     features=[sideband_mean_mean;sideband_mean_std;pulseHeight_max_median;pulseArea_max_mean;pulseArea_max_std;pulseArea_max_median;pulseArea_min_mean;pulseArea_min_std;pulseDuriation_max_std;pulseDuriation_min_std]  [3/3 files]
                         ch75  method=statistical+IF        max_z=10.09     if_score=-0.7658     features=[sideband_mean_mean;sideband_mean_std;pulseHeight_max_median;pulseArea_max_std;pulseArea_min_mean;pulseArea_min_std]  [3/3 files]
                         ch76  method=isolation_forest      max_z=5.62      if_score=-0.7403     features=[]  [3/3 files]
                         ch77  method=statistical+IF        max_z=13.09     if_score=-0.7299     features=[sideband_mean_median]  [3/3 files]
                         ch78  method=statistical+IF        max_z=13.21     if_score=-0.7715     features=[sideband_rms_mean;sideband_rms_std;pulseHeight_min_mean;pulseHeight_min_std;pulseArea_max_mean;pulseArea_max_std;pulseArea_min_mean;pulseArea_min_std;pulseDuriation_max_std]  [3/3 files]
                         ch79  method=statistical+IF        max_z=14.64     if_score=-0.7557     features=[sideband_rms_mean;sideband_rms_std;pulseHeight_min_std;pulseArea_max_mean;pulseArea_max_std;pulseArea_min_mean;pulseArea_min_std]  [3/3 files]
                         ch86  method=statistical+IF        max_z=13.83     if_score=-0.7707     features=[sideband_mean_mean;sideband_mean_std;sideband_mean_median;sideband_rms_mean;sideband_rms_std]  [3/3 files]
                         ch87  method=statistical+IF        max_z=10.86     if_score=-0.7754     features=[sideband_mean_mean;sideband_mean_std;sideband_rms_mean;sideband_rms_std;pulseHeight_max_median;pulseArea_max_median;pulseDuriation_max_std]  [3/3 files]
[ALERT] 2026-04-28T18:51:19Z  Digitizer_run1541_subrun284.csv  —  18 persistent anomalous ch  (window: 3 files)  |  18/96 anomalous ch  [bulk ≥5]  |  extreme z=15.3 on 64
                         ch64  method=statistical+IF        max_z=15.33     if_score=-0.7474     features=[sideband_rms_mean;sideband_rms_std;nPulses_std]  [3/3 files]
                         ch65  method=statistical+IF        max_z=12.28     if_score=-0.7657     features=[sideband_mean_median;sideband_rms_mean;sideband_rms_std;pulseDuriation_max_std;pulseDuriation_min_std]  [3/3 files]
                         ch66  method=statistical+IF        max_z=9.01      if_score=-0.7704     features=[sideband_mean_mean;sideband_mean_std;pulseArea_max_mean;pulseArea_max_std;pulseArea_min_std;pulseDuriation_max_std;pulseDuriation_min_std]  [3/3 files]
                         ch67  method=statistical+IF        max_z=9.11      if_score=-0.7846     features=[sideband_mean_mean;sideband_mean_std;sideband_mean_median;nPulses_std;pulseHeight_min_mean;pulseHeight_min_std;pulseArea_max_mean;pulseArea_max_std;pulseArea_min_mean;pulseArea_min_std;pulseDuriation_max_std;pulseDuriation_min_mean;pulseDuriation_min_std]  [3/3 files]
                         ch68  method=statistical+IF        max_z=7.14      if_score=-0.7453     features=[pulseHeight_min_median;pulseArea_min_median]  [3/3 files]
                         ch69  method=isolation_forest      max_z=5.82      if_score=-0.7365     features=[]  [3/3 files]
                         ch70  method=statistical+IF        max_z=6.73      if_score=-0.7485     features=[sideband_mean_median;pulseHeight_max_median;pulseHeight_min_mean;pulseArea_max_median]  [3/3 files]
                         ch71  method=statistical+IF        max_z=8.64      if_score=-0.7522     features=[pulseDuriation_max_std;pulseDuriation_min_std]  [3/3 files]
                         ch72  method=statistical+IF        max_z=11.39     if_score=-0.7701     features=[sideband_rms_mean;sideband_rms_std;pulseArea_max_std;pulseArea_min_mean;pulseArea_min_std]  [3/3 files]
                         ch73  method=statistical+IF        max_z=14.37     if_score=-0.7671     features=[sideband_mean_mean;sideband_mean_median;sideband_rms_mean;sideband_rms_std;pulseArea_max_std;pulseArea_min_mean;pulseArea_min_std]  [3/3 files]
                         ch74  method=statistical+IF        max_z=8.47      if_score=-0.7746     features=[sideband_mean_mean;sideband_mean_std;pulseDuriation_max_std;pulseDuriation_min_std]  [3/3 files]
                         ch75  method=statistical+IF        max_z=10.07     if_score=-0.7838     features=[sideband_mean_mean;sideband_mean_std;pulseHeight_min_mean;pulseArea_max_median;pulseArea_min_mean;pulseArea_min_median;pulseDuriation_max_std;pulseDuriation_min_mean;pulseDuriation_min_std]  [3/3 files]
                         ch76  method=statistical+IF        max_z=6.27      if_score=-0.7593     features=[pulseHeight_min_mean;pulseArea_max_median]  [3/3 files]
                         ch77  method=isolation_forest      max_z=5.81      if_score=-0.7258     features=[]  [3/3 files]
                         ch78  method=statistical+IF        max_z=6.58      if_score=-0.7527     features=[sideband_rms_mean;sideband_rms_std]  [3/3 files]
                         ch79  method=statistical+IF        max_z=6.91      if_score=-0.7502     features=[sideband_rms_mean;pulseHeight_min_median;pulseArea_min_median]  [3/3 files]
                         ch86  method=isolation_forest      max_z=5.56      if_score=-0.7125     features=[]  [3/3 files]
                         ch87  method=isolation_forest      max_z=5.5       if_score=-0.7349     features=[]  [3/3 files]
[ALERT] 2026-04-28T18:51:21Z  Digitizer_run1541_subrun292.csv  —  18 persistent anomalous ch  (window: 3 files)  |  18/96 anomalous ch  [bulk ≥5]  |  extreme z=15.9 on 70
                         ch64  method=isolation_forest      max_z=5.62      if_score=-0.7297     features=[]  [3/3 files]
                         ch65  method=statistical+IF        max_z=7.73      if_score=-0.7506     features=[pulseDuriation_max_std;pulseDuriation_min_std]  [3/3 files]
                         ch66  method=statistical+IF        max_z=7.12      if_score=-0.7329     features=[sideband_mean_median;pulseHeight_min_median;pulseArea_min_median]  [3/3 files]
                         ch67  method=isolation_forest      max_z=4.97      if_score=-0.7171     features=[]  [3/3 files]
                         ch68  method=isolation_forest      max_z=5.81      if_score=-0.7179     features=[]  [3/3 files]
                         ch69  method=isolation_forest      max_z=5.69      if_score=-0.7198     features=[]  [3/3 files]
                         ch70  method=statistical+IF        max_z=15.87     if_score=-0.7636     features=[sideband_mean_mean;sideband_mean_std;sideband_mean_median;sideband_rms_mean;sideband_rms_std]  [3/3 files]
                         ch71  method=statistical+IF        max_z=15.3      if_score=-0.7563     features=[sideband_mean_mean;sideband_mean_std;sideband_rms_mean;sideband_rms_std]  [3/3 files]
                         ch72  method=statistical+IF        max_z=6.0       if_score=-0.7482     features=[pulseDuriation_min_std]  [3/3 files]
                         ch73  method=statistical+IF        max_z=13.52     if_score=-0.72       features=[sideband_mean_median]  [3/3 files]
                         ch74  method=statistical+IF        max_z=9.61      if_score=-0.7218     features=[sideband_mean_median]  [3/3 files]
                         ch75  method=statistical+IF        max_z=6.82      if_score=-0.735      features=[pulseDuriation_max_std]  [3/3 files]
                         ch76  method=statistical+IF        max_z=7.39      if_score=-0.7482     features=[pulseDuriation_max_std;pulseDuriation_min_std]  [3/3 files]
                         ch77  method=statistical+IF        max_z=7.05      if_score=-0.7433     features=[pulseDuriation_max_std;pulseDuriation_min_std]  [3/3 files]
                         ch78  method=statistical+IF        max_z=8.21      if_score=-0.7751     features=[sideband_mean_mean;sideband_rms_mean;sideband_rms_std;pulseArea_max_std;pulseArea_min_std;pulseDuriation_max_std]  [3/3 files]
                         ch79  method=statistical+IF        max_z=7.6       if_score=-0.767      features=[pulseArea_max_std;pulseArea_min_mean;pulseArea_min_std;pulseDuriation_max_std]  [3/3 files]
                         ch86  method=statistical+IF        max_z=9.21      if_score=-0.7525     features=[sideband_mean_std;sideband_rms_mean;sideband_rms_std;nPulses_std]  [3/3 files]
                         ch87  method=statistical+IF        max_z=9.39      if_score=-0.782      features=[sideband_mean_mean;sideband_mean_std;pulseHeight_min_std;pulseArea_min_mean;pulseArea_min_std;pulseDuriation_max_std;pulseDuriation_min_mean;pulseDuriation_min_std]  [3/3 files]
[ALERT] 2026-04-28T18:51:22Z  Digitizer_run1541_subrun295.csv  —  18 persistent anomalous ch  (window: 3 files)  |  18/96 anomalous ch  [bulk ≥5]
                         ch64  method=statistical+IF        max_z=8.59      if_score=-0.7539     features=[sideband_mean_mean;sideband_mean_std;sideband_rms_mean;sideband_rms_std;nPulses_std]  [3/3 files]
                         ch65  method=statistical+IF        max_z=8.81      if_score=-0.7557     features=[sideband_mean_mean;sideband_mean_std;sideband_rms_mean;sideband_rms_std]  [3/3 files]
                         ch66  method=statistical+IF        max_z=8.78      if_score=-0.7705     features=[sideband_rms_mean;sideband_rms_std;pulseHeight_max_mean;pulseHeight_max_median;pulseHeight_min_mean;pulseHeight_min_std;pulseArea_max_mean;pulseArea_max_std;pulseArea_max_median;pulseArea_min_mean]  [3/3 files]
                         ch67  method=statistical+IF        max_z=9.45      if_score=-0.7725     features=[pulseHeight_max_mean;pulseHeight_max_median;pulseHeight_min_mean;pulseHeight_min_median;pulseArea_max_mean;pulseArea_max_median;pulseArea_min_mean;pulseArea_min_median;pulseDuriation_max_median;pulseDuriation_min_median]  [3/3 files]
                         ch68  method=statistical+IF        max_z=9.38      if_score=-0.7672     features=[sideband_mean_median;pulseHeight_max_median;pulseHeight_min_mean;pulseHeight_min_std;pulseArea_max_mean;pulseArea_max_std;pulseArea_max_median;pulseArea_min_mean;pulseArea_min_std]  [3/3 files]
                         ch69  method=statistical+IF        max_z=8.27      if_score=-0.7597     features=[pulseHeight_max_mean;pulseHeight_max_std;pulseHeight_max_median;pulseHeight_min_median;pulseArea_max_mean;pulseArea_max_std;pulseArea_max_median;pulseArea_min_mean;pulseArea_min_std]  [3/3 files]
                         ch70  method=statistical+IF        max_z=7.44      if_score=-0.7497     features=[sideband_mean_median;pulseArea_max_mean;pulseArea_max_std]  [3/3 files]
                         ch71  method=statistical+IF        max_z=8.2       if_score=-0.758      features=[pulseArea_max_mean;pulseArea_max_std;pulseArea_min_mean;pulseArea_min_std]  [3/3 files]
                         ch72  method=isolation_forest      max_z=5.54      if_score=-0.7551     features=[]  [3/3 files]
                         ch73  method=isolation_forest      max_z=5.59      if_score=-0.7486     features=[]  [3/3 files]
                         ch74  method=statistical+IF        max_z=7.23      if_score=-0.7537     features=[pulseHeight_min_mean;pulseHeight_min_std;pulseArea_max_mean;pulseArea_max_std;pulseArea_max_median;pulseArea_min_mean;pulseArea_min_std]  [3/3 files]
                         ch75  method=statistical+IF        max_z=7.01      if_score=-0.7557     features=[pulseArea_max_mean;pulseArea_max_std;pulseArea_min_mean;pulseArea_min_std;pulseArea_min_median]  [3/3 files]
                         ch76  method=statistical+IF        max_z=7.02      if_score=-0.7565     features=[pulseArea_max_mean;pulseArea_max_std]  [3/3 files]
                         ch77  method=statistical+IF        max_z=8.1       if_score=-0.7616     features=[pulseArea_max_std;pulseArea_min_mean;pulseArea_min_std]  [3/3 files]
                         ch78  method=statistical+IF        max_z=8.56      if_score=-0.747      features=[pulseDuriation_max_std;pulseDuriation_min_std]  [3/3 files]
                         ch79  method=statistical+IF        max_z=7.23      if_score=-0.7516     features=[pulseHeight_min_mean;pulseHeight_min_std;pulseHeight_min_median;pulseArea_min_mean;pulseArea_min_median;pulseDuriation_max_std;pulseDuriation_min_std]  [3/3 files]
                         ch86  method=statistical+IF        max_z=8.74      if_score=-0.7616     features=[sideband_mean_std;pulseDuriation_max_std;pulseDuriation_min_std;occupancy]  [3/3 files]
                         ch87  method=statistical+IF        max_z=8.63      if_score=-0.7804     features=[sideband_mean_std;sideband_mean_median;sideband_rms_std;pulseHeight_min_median;pulseArea_max_mean;pulseArea_max_std;pulseArea_min_mean;pulseArea_min_std;pulseArea_min_median;pulseDuriation_max_std;pulseDuriation_min_std]  [3/3 files]
[ALERT] 2026-04-28T18:51:24Z  Digitizer_run1541_subrun324.csv  —  18 persistent + 2 transient anomalous ch  (window: 3 files)  |  20/96 anomalous ch  [bulk ≥5]  |  extreme z=16.7 on 46
                         ch64  method=statistical+IF        max_z=8.65      if_score=-0.7523     features=[pulseArea_max_std;pulseArea_min_mean;pulseArea_min_std]  [3/3 files]
                         ch65  method=statistical+IF        max_z=7.96      if_score=-0.7492     features=[pulseHeight_min_median;pulseArea_max_std;pulseArea_min_mean;pulseArea_min_std;pulseArea_min_median]  [3/3 files]
                         ch66  method=statistical+IF        max_z=9.86      if_score=-0.7331     features=[sideband_mean_median]  [3/3 files]
                         ch67  method=isolation_forest      max_z=5.53      if_score=-0.7124     features=[]  [3/3 files]
                         ch68  method=statistical+IF        max_z=10.97     if_score=-0.7618     features=[sideband_mean_mean;sideband_mean_std;sideband_rms_std]  [3/3 files]
                         ch69  method=statistical+IF        max_z=11.79     if_score=-0.7579     features=[sideband_mean_mean;sideband_mean_std]  [3/3 files]
                         ch70  method=isolation_forest      max_z=5.86      if_score=-0.7349     features=[]  [3/3 files]
                         ch71  method=isolation_forest      max_z=5.65      if_score=-0.7118     features=[]  [3/3 files]
                         ch72  method=statistical+IF        max_z=11.72     if_score=-0.7594     features=[sideband_rms_mean;sideband_rms_std;pulseArea_max_std;pulseArea_min_std]  [3/3 files]
                         ch73  method=statistical+IF        max_z=10.98     if_score=-0.7725     features=[sideband_rms_mean;sideband_rms_std;pulseArea_max_std;pulseArea_min_mean;pulseArea_min_std;pulseDuriation_min_std]  [3/3 files]
                         ch74  method=statistical+IF        max_z=8.28      if_score=-0.7529     features=[pulseDuriation_max_std;pulseDuriation_min_std]  [3/3 files]
                         ch75  method=statistical+IF        max_z=7.22      if_score=-0.7392     features=[sideband_mean_median;pulseDuriation_max_std;pulseDuriation_min_std]  [3/3 files]
                         ch76  method=statistical+IF        max_z=8.99      if_score=-0.7696     features=[pulseHeight_min_mean;pulseHeight_min_std;pulseArea_max_std;pulseArea_min_mean;pulseArea_min_std;pulseDuriation_max_std;pulseDuriation_min_std]  [3/3 files]
                         ch77  method=statistical+IF        max_z=7.29      if_score=-0.7616     features=[pulseArea_max_std;pulseArea_max_median;pulseArea_min_mean;pulseArea_min_std]  [3/3 files]
                         ch78  method=statistical+IF        max_z=12.64     if_score=-0.7657     features=[sideband_rms_mean;sideband_rms_std;pulseHeight_max_mean;pulseArea_max_mean]  [3/3 files]
                         ch79  method=statistical+IF        max_z=11.3      if_score=-0.7527     features=[sideband_rms_mean;sideband_rms_std;nPulses_mean;nPulses_std;nPulses_median;pulseHeight_max_mean;pulseHeight_max_median;pulseArea_max_mean;pulseArea_max_median]  [3/3 files]
                         ch86  method=statistical+IF        max_z=6.72      if_score=-0.7495     features=[pulseArea_max_median]  [3/3 files]
                         ch87  method=statistical+IF        max_z=6.12      if_score=-0.7427     features=[pulseArea_min_std]  [3/3 files]
                          ch1  method=statistical           max_z=6.04      if_score=-0.5256     features=[nPulses_median]  [1/3 files]
                         ch46  method=statistical           max_z=16.7      if_score=-0.5081     features=[nPulses_median]  [1/3 files]
[ALERT] 2026-04-28T18:51:26Z  Digitizer_run1541_subrun328.csv  —  18 persistent anomalous ch  (window: 3 files)  |  18/96 anomalous ch  [bulk ≥5]
                         ch64  method=statistical+IF        max_z=9.17      if_score=-0.7593     features=[sideband_mean_mean;sideband_mean_std;sideband_rms_mean;sideband_rms_std]  [3/3 files]
                         ch65  method=statistical+IF        max_z=9.12      if_score=-0.7384     features=[sideband_mean_std;sideband_mean_median;sideband_rms_mean;sideband_rms_std]  [3/3 files]
                         ch66  method=statistical+IF        max_z=12.73     if_score=-0.7739     features=[sideband_mean_mean;sideband_mean_std;pulseHeight_max_mean;pulseHeight_max_median;pulseArea_max_mean;pulseArea_max_median;pulseArea_min_std]  [3/3 files]
                         ch67  method=statistical+IF        max_z=11.69     if_score=-0.787      features=[sideband_mean_mean;sideband_mean_std;pulseHeight_max_mean;pulseHeight_max_median;pulseHeight_min_mean;pulseArea_max_median;pulseArea_min_mean;pulseArea_min_std]  [3/3 files]
                         ch68  method=statistical+IF        max_z=7.24      if_score=-0.734      features=[sideband_mean_std;sideband_mean_median;nPulses_median]  [3/3 files]
                         ch69  method=statistical+IF        max_z=7.2       if_score=-0.7486     features=[sideband_rms_std]  [3/3 files]
                         ch70  method=statistical+IF        max_z=8.04      if_score=-0.686      features=[pulseHeight_min_median;pulseArea_min_median;pulseDuriation_min_median]  [3/3 files]
                         ch71  method=statistical+IF        max_z=8.38      if_score=-0.6978     features=[pulseHeight_min_median;pulseArea_min_median;pulseDuriation_min_median]  [3/3 files]
                         ch72  method=statistical+IF        max_z=8.74      if_score=-0.7536     features=[sideband_mean_mean;sideband_mean_std;pulseHeight_min_mean]  [3/3 files]
                         ch73  method=statistical+IF        max_z=8.38      if_score=-0.7477     features=[sideband_mean_mean;sideband_mean_std]  [3/3 files]
                         ch74  method=statistical+IF        max_z=8.5       if_score=-0.7429     features=[sideband_mean_median]  [3/3 files]
                         ch75  method=isolation_forest      max_z=4.96      if_score=-0.7141     features=[]  [3/3 files]
                         ch76  method=statistical+IF        max_z=7.83      if_score=-0.7559     features=[sideband_mean_mean;sideband_mean_std]  [3/3 files]
                         ch77  method=statistical+IF        max_z=8.97      if_score=-0.7484     features=[sideband_mean_mean;sideband_mean_std;sideband_mean_median;nPulses_median]  [3/3 files]
                         ch78  method=statistical+IF        max_z=9.37      if_score=-0.7627     features=[sideband_mean_mean;sideband_mean_std;pulseHeight_max_mean;pulseArea_max_mean;pulseArea_max_std]  [3/3 files]
                         ch79  method=statistical+IF        max_z=10.78     if_score=-0.7913     features=[sideband_mean_mean;sideband_mean_std;sideband_rms_mean;sideband_rms_std;pulseHeight_max_mean;pulseHeight_max_median;pulseHeight_min_mean;pulseHeight_min_std;pulseArea_max_mean;pulseArea_max_std;pulseArea_max_median;pulseArea_min_mean;pulseArea_min_std;pulseDuriation_max_std;pulseDuriation_min_mean;pulseDuriation_min_std]  [3/3 files]
                         ch86  method=statistical+IF        max_z=8.51      if_score=-0.7495     features=[sideband_mean_median;pulseHeight_min_median;pulseArea_min_median]  [3/3 files]
                         ch87  method=statistical+IF        max_z=6.73      if_score=-0.7294     features=[nPulses_std;occupancy]  [3/3 files]
[ALERT] 2026-04-28T18:51:28Z  Digitizer_run1541_subrun330.csv  —  18 persistent anomalous ch  (window: 3 files)  |  18/96 anomalous ch  [bulk ≥5]  |  extreme z=23.5 on 64
                         ch64  method=statistical+IF        max_z=23.51     if_score=-0.7983     features=[sideband_mean_mean;sideband_mean_std;sideband_mean_median;sideband_rms_mean;sideband_rms_std;nPulses_std;pulseHeight_max_mean;pulseHeight_max_median;pulseHeight_min_mean;pulseHeight_min_std;pulseArea_max_mean;pulseArea_max_std;pulseArea_max_median;pulseArea_min_mean;pulseArea_min_std;pulseDuriation_max_std;pulseDuriation_min_std]  [3/3 files]
                         ch65  method=statistical+IF        max_z=22.66     if_score=-0.7849     features=[sideband_mean_mean;sideband_mean_std;sideband_mean_median;nPulses_mean;nPulses_std;pulseHeight_max_mean;pulseHeight_max_median;pulseHeight_min_mean;pulseHeight_min_std;pulseArea_max_mean;pulseArea_max_std;pulseArea_max_median;pulseArea_min_mean;pulseArea_min_std;pulseDuriation_max_mean;pulseDuriation_max_std;pulseDuriation_min_std]  [3/3 files]
                         ch66  method=statistical+IF        max_z=6.86      if_score=-0.7469     features=[pulseArea_min_mean;pulseArea_min_std;pulseDuriation_max_std]  [3/3 files]
                         ch67  method=statistical+IF        max_z=6.79      if_score=-0.748      features=[pulseHeight_min_median;pulseArea_min_median;pulseDuriation_max_std]  [3/3 files]
                         ch68  method=statistical+IF        max_z=6.98      if_score=-0.742      features=[sideband_rms_std;occupancy]  [3/3 files]
                         ch69  method=statistical+IF        max_z=7.46      if_score=-0.7709     features=[pulseHeight_min_mean;pulseHeight_min_median;pulseArea_min_mean;pulseArea_min_median]  [3/3 files]
                         ch70  method=isolation_forest      max_z=5.02      if_score=-0.7086     features=[]  [3/3 files]
                         ch71  method=isolation_forest      max_z=4.96      if_score=-0.7112     features=[]  [3/3 files]
                         ch72  method=isolation_forest      max_z=5.36      if_score=-0.7391     features=[]  [3/3 files]
                         ch73  method=statistical+IF        max_z=9.13      if_score=-0.7367     features=[pulseHeight_min_median;pulseArea_min_median]  [3/3 files]
                         ch74  method=isolation_forest      max_z=5.67      if_score=-0.7281     features=[]  [3/3 files]
                         ch75  method=statistical+IF        max_z=6.09      if_score=-0.7367     features=[pulseArea_min_median]  [3/3 files]
                         ch76  method=statistical+IF        max_z=7.34      if_score=-0.7351     features=[sideband_mean_std]  [3/3 files]
                         ch77  method=statistical+IF        max_z=7.03      if_score=-0.7381     features=[sideband_mean_std]  [3/3 files]
                         ch78  method=statistical+IF        max_z=8.56      if_score=-0.7545     features=[sideband_mean_mean;sideband_mean_std]  [3/3 files]
                         ch79  method=statistical+IF        max_z=10.47     if_score=-0.7385     features=[sideband_mean_mean;sideband_mean_std;sideband_rms_mean;sideband_rms_std]  [3/3 files]
                         ch86  method=statistical+IF        max_z=8.57      if_score=-0.751      features=[sideband_mean_mean;sideband_rms_mean;sideband_rms_std]  [3/3 files]
                         ch87  method=isolation_forest      max_z=5.36      if_score=-0.7281     features=[]  [3/3 files]
[ALERT] 2026-04-28T18:51:30Z  Digitizer_run1541_subrun332.csv  —  18 persistent anomalous ch  (window: 3 files)  |  18/96 anomalous ch  [bulk ≥5]  |  extreme z=18.8 on 86
                         ch64  method=statistical+IF        max_z=9.7       if_score=-0.7595     features=[sideband_mean_mean;sideband_mean_std]  [3/3 files]
                         ch65  method=statistical+IF        max_z=8.37      if_score=-0.7515     features=[sideband_mean_mean;sideband_mean_std]  [3/3 files]
                         ch66  method=isolation_forest      max_z=5.17      if_score=-0.7151     features=[]  [3/3 files]
                         ch67  method=statistical+IF        max_z=11.65     if_score=-0.7372     features=[sideband_mean_median;pulseDuriation_max_std;pulseDuriation_min_std]  [3/3 files]
                         ch68  method=statistical+IF        max_z=8.02      if_score=-0.7552     features=[sideband_mean_mean;sideband_mean_std;sideband_rms_mean;sideband_rms_std]  [3/3 files]
                         ch69  method=statistical+IF        max_z=6.95      if_score=-0.7364     features=[sideband_mean_median]  [3/3 files]
                         ch70  method=statistical+IF        max_z=9.7       if_score=-0.743      features=[nPulses_std;pulseHeight_min_median;pulseArea_min_median;pulseDuriation_min_median]  [3/3 files]
                         ch71  method=statistical+IF        max_z=7.87      if_score=-0.7491     features=[sideband_mean_median;pulseHeight_min_median;pulseArea_min_median;pulseDuriation_max_std;pulseDuriation_min_std]  [3/3 files]
                         ch72  method=statistical+IF        max_z=6.25      if_score=-0.7657     features=[pulseHeight_max_mean]  [3/3 files]
                         ch73  method=isolation_forest      max_z=5.67      if_score=-0.7582     features=[]  [3/3 files]
                         ch74  method=statistical+IF        max_z=6.47      if_score=-0.7292     features=[sideband_mean_median]  [3/3 files]
                         ch75  method=isolation_forest      max_z=5.84      if_score=-0.7186     features=[]  [3/3 files]
                         ch76  method=statistical+IF        max_z=8.14      if_score=-0.746      features=[sideband_mean_mean;sideband_mean_std]  [3/3 files]
                         ch77  method=statistical+IF        max_z=9.1       if_score=-0.7216     features=[sideband_mean_mean;sideband_mean_std;sideband_rms_mean;sideband_rms_std]  [3/3 files]
                         ch78  method=statistical+IF        max_z=9.13      if_score=-0.7652     features=[sideband_rms_mean;sideband_rms_std;pulseDuriation_max_std;pulseDuriation_min_std]  [3/3 files]
                         ch79  method=statistical+IF        max_z=9.02      if_score=-0.7547     features=[sideband_rms_mean;pulseDuriation_max_std;pulseDuriation_min_std]  [3/3 files]
                         ch86  method=statistical+IF        max_z=18.79     if_score=-0.7618     features=[sideband_mean_mean;sideband_mean_std;sideband_rms_mean;sideband_rms_std]  [3/3 files]
                         ch87  method=statistical+IF        max_z=13.78     if_score=-0.748      features=[sideband_mean_mean;sideband_mean_std]  [3/3 files]
[ALERT] 2026-04-28T18:51:31Z  Digitizer_run1541_subrun352.csv  —  18 persistent + 1 transient anomalous ch  (window: 3 files)  |  19/96 anomalous ch  [bulk ≥5]  |  extreme z=15.8 on 65
                         ch64  method=statistical+IF        max_z=10.77     if_score=-0.7756     features=[sideband_rms_mean;sideband_rms_std;pulseHeight_min_mean;pulseArea_max_mean;pulseArea_max_std;pulseArea_min_mean;pulseArea_min_std;pulseArea_min_median]  [3/3 files]
                         ch65  method=statistical+IF        max_z=15.81     if_score=-0.7812     features=[sideband_rms_mean;sideband_rms_std;pulseHeight_max_median;pulseHeight_min_mean;pulseHeight_min_std;pulseHeight_min_median;pulseArea_max_std;pulseArea_max_median;pulseArea_min_mean;pulseArea_min_std;pulseArea_min_median]  [3/3 files]
                         ch66  method=statistical+IF        max_z=8.37      if_score=-0.7686     features=[sideband_mean_mean;sideband_mean_std;pulseHeight_max_mean;pulseHeight_max_median;pulseArea_max_mean;pulseArea_max_median;pulseDuriation_max_std]  [3/3 files]
                         ch67  method=statistical+IF        max_z=8.21      if_score=-0.7704     features=[sideband_mean_mean;sideband_mean_std;pulseHeight_max_mean;pulseHeight_max_median;pulseArea_max_mean;pulseArea_max_median;pulseDuriation_max_std;pulseDuriation_min_std]  [3/3 files]
                         ch68  method=statistical+IF        max_z=7.74      if_score=-0.738      features=[sideband_mean_median;pulseArea_max_std;pulseArea_min_mean;pulseArea_min_std]  [3/3 files]
                         ch69  method=statistical+IF        max_z=8.69      if_score=-0.7381     features=[pulseArea_max_std;pulseArea_min_std]  [3/3 files]
                         ch70  method=statistical+IF        max_z=10.17     if_score=-0.74       features=[sideband_mean_median;pulseArea_max_std;pulseArea_min_mean;pulseArea_min_std;pulseDuriation_max_std]  [3/3 files]
                         ch71  method=statistical+IF        max_z=8.47      if_score=-0.7636     features=[pulseArea_max_std;pulseArea_max_median;pulseArea_min_mean;pulseArea_min_std;pulseDuriation_max_std]  [3/3 files]
                         ch72  method=statistical+IF        max_z=10.51     if_score=-0.7567     features=[sideband_mean_std;sideband_rms_mean;sideband_rms_std]  [3/3 files]
                         ch73  method=statistical+IF        max_z=12.18     if_score=-0.7559     features=[sideband_mean_std;sideband_rms_mean;sideband_rms_std]  [3/3 files]
                         ch74  method=statistical+IF        max_z=9.13      if_score=-0.7796     features=[sideband_rms_mean;sideband_rms_std;nPulses_std;pulseHeight_max_mean;pulseHeight_max_median;pulseHeight_min_mean;pulseHeight_min_std;pulseArea_max_mean;pulseArea_max_std;pulseArea_max_median;pulseArea_min_mean;pulseArea_min_std;pulseDuriation_max_std;pulseDuriation_min_mean;pulseDuriation_min_std]  [3/3 files]
                         ch75  method=statistical+IF        max_z=8.81      if_score=-0.7762     features=[sideband_rms_mean;sideband_rms_std;pulseArea_max_std;pulseArea_max_median;pulseArea_min_mean;pulseArea_min_std;pulseDuriation_max_std;pulseDuriation_min_std]  [3/3 files]
                         ch76  method=statistical+IF        max_z=7.18      if_score=-0.7374     features=[pulseDuriation_max_std;pulseDuriation_min_std]  [3/3 files]
                         ch77  method=statistical+IF        max_z=7.5       if_score=-0.7477     features=[sideband_mean_median;pulseHeight_min_mean;pulseHeight_min_std]  [3/3 files]
                         ch78  method=isolation_forest      max_z=5.86      if_score=-0.7498     features=[]  [3/3 files]
                         ch79  method=statistical+IF        max_z=7.94      if_score=-0.7603     features=[pulseHeight_max_mean;pulseHeight_min_mean;pulseHeight_min_std;pulseArea_min_mean;pulseArea_min_median;pulseDuriation_max_std;pulseDuriation_min_std]  [3/3 files]
                         ch86  method=statistical+IF        max_z=6.4       if_score=-0.7252     features=[occupancy]  [3/3 files]
                         ch87  method=statistical+IF        max_z=10.46     if_score=-0.7533     features=[sideband_mean_median;pulseHeight_max_median;pulseHeight_min_mean;pulseHeight_min_median;pulseArea_max_median;pulseArea_min_median;pulseDuriation_min_median]  [3/3 files]
                         ch95  method=statistical           max_z=7.37      if_score=-0.4808     features=[nPulses_median]  [1/3 files]
[ALERT] 2026-04-28T18:51:33Z  Digitizer_run1541_subrun353.csv  —  18 persistent anomalous ch  (window: 3 files)  |  18/96 anomalous ch  [bulk ≥5]
                         ch64  method=statistical+IF        max_z=6.63      if_score=-0.7528     features=[pulseHeight_min_mean;pulseArea_min_mean]  [3/3 files]
                         ch65  method=statistical+IF        max_z=6.5       if_score=-0.7512     features=[pulseArea_max_mean;pulseArea_min_mean;pulseArea_min_std]  [3/3 files]
                         ch66  method=statistical+IF        max_z=9.06      if_score=-0.7549     features=[sideband_rms_mean;sideband_rms_std;pulseHeight_max_median]  [3/3 files]
                         ch67  method=statistical+IF        max_z=12.88     if_score=-0.7428     features=[sideband_rms_mean;sideband_rms_std;nPulses_std]  [3/3 files]
                         ch68  method=statistical+IF        max_z=7.24      if_score=-0.7158     features=[nPulses_median]  [3/3 files]
                         ch69  method=statistical+IF        max_z=6.6       if_score=-0.7485     features=[pulseHeight_min_mean;pulseArea_min_mean;pulseArea_min_median]  [3/3 files]
                         ch70  method=statistical+IF        max_z=14.91     if_score=-0.7526     features=[sideband_mean_mean;sideband_mean_std;sideband_mean_median;sideband_rms_mean;sideband_rms_std]  [3/3 files]
                         ch71  method=statistical+IF        max_z=13.6      if_score=-0.746      features=[sideband_mean_mean;sideband_mean_std;sideband_rms_mean;sideband_rms_std;nPulses_std]  [3/3 files]
                         ch72  method=statistical+IF        max_z=6.32      if_score=-0.7625     features=[pulseArea_min_std]  [3/3 files]
                         ch73  method=statistical+IF        max_z=7.56      if_score=-0.7642     features=[sideband_rms_mean;pulseHeight_max_median;pulseArea_max_median]  [3/3 files]
                         ch74  method=isolation_forest      max_z=5.09      if_score=-0.7212     features=[]  [3/3 files]
                         ch75  method=statistical+IF        max_z=6.39      if_score=-0.726      features=[pulseHeight_min_median;pulseArea_min_median]  [3/3 files]
                         ch76  method=isolation_forest      max_z=5.75      if_score=-0.7557     features=[]  [3/3 files]
                         ch77  method=statistical+IF        max_z=10.32     if_score=-0.7449     features=[pulseHeight_min_median;pulseArea_min_median;pulseDuriation_min_median;occupancy]  [3/3 files]
                         ch78  method=statistical+IF        max_z=7.66      if_score=-0.7736     features=[sideband_mean_mean;sideband_mean_std;pulseArea_max_mean;pulseArea_max_std;pulseDuriation_max_std]  [3/3 files]
                         ch79  method=statistical+IF        max_z=8.72      if_score=-0.7804     features=[sideband_mean_mean;sideband_mean_std;sideband_mean_median;pulseHeight_min_mean;pulseHeight_min_std;pulseArea_max_mean;pulseArea_max_std;pulseArea_min_mean;pulseArea_min_std;pulseDuriation_max_std;pulseDuriation_min_mean;pulseDuriation_min_std]  [3/3 files]
                         ch86  method=statistical+IF        max_z=10.51     if_score=-0.7496     features=[sideband_mean_mean;sideband_mean_std;nPulses_std]  [3/3 files]
                         ch87  method=statistical+IF        max_z=8.87      if_score=-0.7504     features=[sideband_mean_mean;sideband_mean_std;sideband_mean_median;nPulses_std]  [3/3 files]
[ALERT] 2026-04-28T18:51:35Z  Digitizer_run1541_subrun360.csv  —  18 persistent anomalous ch  (window: 3 files)  |  18/96 anomalous ch  [bulk ≥5]
                         ch64  method=statistical+IF        max_z=7.55      if_score=-0.7589     features=[pulseHeight_max_mean;pulseHeight_max_median;pulseHeight_min_mean;pulseArea_max_mean;pulseArea_max_std;pulseArea_max_median;pulseArea_min_mean;pulseArea_min_std;pulseDuriation_max_std;pulseDuriation_min_std]  [3/3 files]
                         ch65  method=statistical+IF        max_z=9.9       if_score=-0.7462     features=[nPulses_median;pulseHeight_max_mean;pulseHeight_max_median;pulseArea_max_mean;pulseArea_max_std;pulseArea_max_median;pulseArea_min_mean;pulseArea_min_std]  [3/3 files]
                         ch66  method=statistical+IF        max_z=10.03     if_score=-0.7403     features=[pulseArea_max_mean;pulseArea_max_std;pulseArea_min_mean;pulseArea_min_std]  [3/3 files]
                         ch67  method=statistical+IF        max_z=10.27     if_score=-0.745      features=[pulseArea_max_mean;pulseArea_max_std;pulseArea_min_mean;pulseArea_min_std]  [3/3 files]
                         ch68  method=statistical+IF        max_z=10.08     if_score=-0.7646     features=[pulseHeight_min_mean;pulseHeight_min_std;pulseHeight_min_median;pulseArea_max_mean;pulseArea_max_std;pulseArea_min_mean;pulseArea_min_std;pulseArea_min_median;pulseDuriation_max_std;pulseDuriation_min_mean;pulseDuriation_min_std]  [3/3 files]
                         ch69  method=statistical+IF        max_z=6.38      if_score=-0.7424     features=[pulseHeight_min_median;pulseArea_max_std]  [3/3 files]
                         ch70  method=statistical+IF        max_z=8.56      if_score=-0.7496     features=[pulseArea_max_std;pulseArea_min_mean;pulseArea_min_std;occupancy]  [3/3 files]
                         ch71  method=statistical+IF        max_z=7.75      if_score=-0.7668     features=[sideband_mean_median;pulseHeight_max_median;pulseHeight_min_mean;pulseHeight_min_std;pulseHeight_min_median;pulseArea_max_mean;pulseArea_max_std;pulseArea_max_median;pulseArea_min_mean;pulseArea_min_std;pulseArea_min_median;occupancy]  [3/3 files]
                         ch72  method=statistical+IF        max_z=6.03      if_score=-0.7558     features=[pulseHeight_max_mean]  [3/3 files]
                         ch73  method=statistical+IF        max_z=6.25      if_score=-0.7379     features=[pulseHeight_max_median;pulseArea_max_median]  [3/3 files]
                         ch74  method=statistical+IF        max_z=8.14      if_score=-0.7619     features=[sideband_rms_mean;sideband_rms_std;pulseDuriation_max_std;pulseDuriation_min_std]  [3/3 files]
                         ch75  method=statistical+IF        max_z=8.52      if_score=-0.7596     features=[sideband_rms_mean;sideband_rms_std]  [3/3 files]
                         ch76  method=isolation_forest      max_z=5.21      if_score=-0.7321     features=[]  [3/3 files]
                         ch77  method=isolation_forest      max_z=5.2       if_score=-0.7287     features=[]  [3/3 files]
                         ch78  method=isolation_forest      max_z=5.68      if_score=-0.7513     features=[]  [3/3 files]
                         ch79  method=statistical+IF        max_z=7.27      if_score=-0.7303     features=[sideband_mean_median]  [3/3 files]
                         ch86  method=statistical+IF        max_z=7.52      if_score=-0.7404     features=[sideband_mean_median]  [3/3 files]
                         ch87  method=statistical+IF        max_z=6.37      if_score=-0.7263     features=[nPulses_std]  [3/3 files]
[ALERT] 2026-04-28T18:51:36Z  Digitizer_run1541_subrun364.csv  —  18 persistent anomalous ch  (window: 3 files)  |  18/96 anomalous ch  [bulk ≥5]  |  extreme z=17.3 on 86
                         ch64  method=statistical+IF        max_z=9.85      if_score=-0.7621     features=[pulseArea_max_mean;pulseArea_max_std;pulseArea_min_mean;pulseArea_min_std;pulseDuriation_max_std;pulseDuriation_min_std]  [3/3 files]
                         ch65  method=statistical+IF        max_z=9.17      if_score=-0.7592     features=[pulseArea_max_mean;pulseArea_max_std;pulseArea_min_std;pulseDuriation_max_std;pulseDuriation_min_std]  [3/3 files]
                         ch66  method=statistical+IF        max_z=9.33      if_score=-0.7515     features=[sideband_mean_median;pulseArea_max_std;pulseArea_min_mean;pulseArea_min_std]  [3/3 files]
                         ch67  method=statistical+IF        max_z=8.35      if_score=-0.747      features=[pulseArea_max_std;pulseArea_min_mean;pulseArea_min_std;pulseDuriation_max_std;pulseDuriation_min_std]  [3/3 files]
                         ch68  method=statistical+IF        max_z=12.01     if_score=-0.759      features=[sideband_mean_mean;sideband_mean_std;sideband_rms_mean;sideband_rms_std;nPulses_std;pulseDuriation_max_std;pulseDuriation_min_std]  [3/3 files]
                         ch69  method=statistical+IF        max_z=11.76     if_score=-0.742      features=[sideband_mean_mean;sideband_rms_mean;sideband_rms_std;nPulses_std]  [3/3 files]
                         ch70  method=statistical+IF        max_z=7.34      if_score=-0.7296     features=[pulseHeight_max_mean;pulseHeight_max_median;pulseArea_max_median]  [3/3 files]
                         ch71  method=statistical+IF        max_z=7.59      if_score=-0.738      features=[sideband_mean_median]  [3/3 files]
                         ch72  method=statistical+IF        max_z=6.24      if_score=-0.7565     features=[pulseHeight_max_mean;pulseArea_max_mean]  [3/3 files]
                         ch73  method=statistical+IF        max_z=8.2       if_score=-0.7432     features=[pulseHeight_max_mean;pulseHeight_max_median;pulseArea_max_mean;pulseArea_max_median]  [3/3 files]
                         ch74  method=statistical+IF        max_z=9.76      if_score=-0.7569     features=[sideband_mean_mean;sideband_mean_std]  [3/3 files]
                         ch75  method=statistical+IF        max_z=9.56      if_score=-0.7564     features=[sideband_mean_mean;sideband_mean_std;pulseHeight_min_median;pulseArea_min_median]  [3/3 files]
                         ch76  method=statistical+IF        max_z=7.35      if_score=-0.7644     features=[nPulses_std;pulseHeight_max_mean;pulseArea_max_median;pulseDuriation_max_std;pulseDuriation_min_std]  [3/3 files]
                         ch77  method=statistical+IF        max_z=7.78      if_score=-0.7293     features=[pulseHeight_max_median;pulseArea_max_median]  [3/3 files]
                         ch78  method=statistical+IF        max_z=6.78      if_score=-0.7554     features=[sideband_mean_std]  [3/3 files]
                         ch79  method=statistical+IF        max_z=6.77      if_score=-0.7337     features=[sideband_mean_std]  [3/3 files]
                         ch86  method=statistical+IF        max_z=17.27     if_score=-0.7628     features=[pulseHeight_max_median;pulseHeight_min_mean;pulseHeight_min_std;pulseHeight_min_median;pulseArea_max_mean;pulseArea_max_std;pulseArea_max_median;pulseArea_min_mean;pulseArea_min_std;pulseArea_min_median;pulseDuriation_min_mean;pulseDuriation_min_std;pulseDuriation_min_median]  [3/3 files]
                         ch87  method=statistical+IF        max_z=10.43     if_score=-0.7543     features=[sideband_mean_median;pulseArea_max_mean;pulseArea_max_std;pulseArea_min_mean;pulseArea_min_std]  [3/3 files]
[ALERT] 2026-04-28T18:51:38Z  Digitizer_run1541_subrun383.csv  —  18 persistent + 2 transient anomalous ch  (window: 3 files)  |  20/96 anomalous ch  [bulk ≥5]
                         ch64  method=statistical+IF        max_z=10.62     if_score=-0.7605     features=[sideband_mean_median;pulseArea_max_mean;pulseArea_max_std;pulseArea_min_mean;pulseArea_min_std;pulseDuriation_max_std;pulseDuriation_min_std;occupancy]  [3/3 files]
                         ch65  method=statistical+IF        max_z=9.23      if_score=-0.7678     features=[sideband_mean_median;pulseArea_max_mean;pulseArea_max_std;pulseArea_min_mean;pulseArea_min_std;occupancy]  [3/3 files]
                         ch66  method=statistical+IF        max_z=7.8       if_score=-0.7549     features=[pulseHeight_max_median;pulseHeight_min_mean;pulseArea_max_mean;pulseArea_max_std;pulseArea_max_median;pulseArea_min_mean;pulseArea_min_std]  [3/3 files]
                         ch67  method=statistical+IF        max_z=8.62      if_score=-0.759      features=[pulseHeight_min_median;pulseArea_max_mean;pulseArea_max_std;pulseArea_min_mean;pulseArea_min_std;pulseArea_min_median;pulseDuriation_max_std;pulseDuriation_min_std]  [3/3 files]
                         ch68  method=statistical+IF        max_z=7.24      if_score=-0.7505     features=[nPulses_median]  [3/3 files]
                         ch69  method=statistical+IF        max_z=6.59      if_score=-0.7392     features=[sideband_mean_median]  [3/3 files]
                         ch70  method=statistical+IF        max_z=9.31      if_score=-0.7427     features=[sideband_rms_std;pulseDuriation_max_std;pulseDuriation_min_std]  [3/3 files]
                         ch71  method=statistical+IF        max_z=7.6       if_score=-0.7496     features=[sideband_mean_std;sideband_rms_mean;pulseArea_min_median;pulseDuriation_max_std;pulseDuriation_min_std]  [3/3 files]
                         ch72  method=isolation_forest      max_z=5.57      if_score=-0.7469     features=[]  [3/3 files]
                         ch73  method=statistical+IF        max_z=6.58      if_score=-0.7593     features=[pulseHeight_min_median;pulseArea_min_median;pulseDuriation_max_std;pulseDuriation_min_std]  [3/3 files]
                         ch74  method=isolation_forest      max_z=5.11      if_score=-0.7209     features=[]  [3/3 files]
                         ch75  method=isolation_forest      max_z=5.42      if_score=-0.7253     features=[]  [3/3 files]
                         ch76  method=statistical+IF        max_z=8.88      if_score=-0.7583     features=[sideband_mean_mean;sideband_mean_median;sideband_rms_mean;sideband_rms_std]  [3/3 files]
                         ch77  method=statistical+IF        max_z=10.23     if_score=-0.7695     features=[sideband_mean_mean;sideband_mean_std;sideband_mean_median;sideband_rms_mean;sideband_rms_std;pulseHeight_max_median;pulseHeight_min_mean;pulseHeight_min_median;pulseArea_min_median;pulseDuriation_min_median]  [3/3 files]
                         ch78  method=statistical+IF        max_z=7.11      if_score=-0.7517     features=[pulseArea_min_std]  [3/3 files]
                         ch79  method=statistical+IF        max_z=9.5       if_score=-0.7452     features=[pulseHeight_min_mean;pulseHeight_min_median;pulseArea_max_std;pulseArea_min_mean;pulseArea_min_std;pulseArea_min_median]  [3/3 files]
                         ch86  method=statistical+IF        max_z=6.23      if_score=-0.7567     features=[sideband_rms_mean]  [3/3 files]
                         ch87  method=statistical+IF        max_z=8.74      if_score=-0.7748     features=[sideband_mean_mean;sideband_mean_std;sideband_mean_median;sideband_rms_mean;sideband_rms_std;pulseHeight_max_median;pulseArea_max_median;pulseArea_min_median]  [3/3 files]
                         ch94  method=statistical           max_z=6.55      if_score=-0.4611     features=[sideband_rms_mean]  [1/3 files]
                         ch95  method=statistical           max_z=6.59      if_score=-0.4715     features=[sideband_rms_mean]  [1/3 files]
[ALERT] 2026-04-28T18:51:40Z  Digitizer_run1541_subrun396.csv  —  18 persistent anomalous ch  (window: 3 files)  |  18/96 anomalous ch  [bulk ≥5]
                         ch64  method=statistical+IF        max_z=10.2      if_score=-0.7518     features=[sideband_mean_mean;sideband_mean_std;pulseArea_min_median]  [3/3 files]
                         ch65  method=statistical+IF        max_z=9.23      if_score=-0.7704     features=[sideband_mean_mean;sideband_mean_std;nPulses_std;pulseHeight_min_median;pulseArea_min_median;pulseDuriation_max_std;pulseDuriation_min_std]  [3/3 files]
                         ch66  method=statistical+IF        max_z=11.66     if_score=-0.7535     features=[sideband_mean_median;nPulses_std;pulseArea_min_median;pulseDuriation_max_mean;pulseDuriation_max_std;pulseDuriation_min_mean;pulseDuriation_min_std]  [3/3 files]
                         ch67  method=statistical+IF        max_z=11.11     if_score=-0.7489     features=[pulseArea_min_mean;pulseArea_min_std;pulseDuriation_max_mean;pulseDuriation_max_std;pulseDuriation_min_mean;pulseDuriation_min_std]  [3/3 files]
                         ch68  method=statistical+IF        max_z=8.07      if_score=-0.7425     features=[pulseArea_max_std;pulseArea_min_mean;pulseArea_min_std]  [3/3 files]
                         ch69  method=statistical+IF        max_z=6.03      if_score=-0.7407     features=[pulseArea_min_mean]  [3/3 files]
                         ch70  method=isolation_forest      max_z=5.25      if_score=-0.7201     features=[]  [3/3 files]
                         ch71  method=statistical+IF        max_z=8.1       if_score=-0.7543     features=[pulseHeight_min_mean;pulseHeight_min_median;pulseArea_min_mean;pulseArea_min_median;pulseDuriation_min_median]  [3/3 files]
                         ch72  method=isolation_forest      max_z=5.9       if_score=-0.7553     features=[]  [3/3 files]
                         ch73  method=statistical+IF        max_z=6.39      if_score=-0.7448     features=[sideband_mean_median;pulseHeight_min_median]  [3/3 files]
                         ch74  method=isolation_forest      max_z=5.94      if_score=-0.733      features=[]  [3/3 files]
                         ch75  method=statistical+IF        max_z=8.24      if_score=-0.737      features=[pulseHeight_min_mean;pulseHeight_min_std;pulseHeight_min_median;pulseArea_min_median]  [3/3 files]
                         ch76  method=statistical+IF        max_z=7.22      if_score=-0.7243     features=[sideband_mean_median]  [3/3 files]
                         ch77  method=statistical+IF        max_z=6.41      if_score=-0.7326     features=[pulseArea_min_median]  [3/3 files]
                         ch78  method=statistical+IF        max_z=7.6       if_score=-0.7656     features=[sideband_mean_std;pulseHeight_max_mean;pulseHeight_min_mean;pulseHeight_min_std;pulseArea_max_mean;pulseArea_max_std;pulseArea_min_mean]  [3/3 files]
                         ch79  method=statistical+IF        max_z=8.25      if_score=-0.767      features=[sideband_mean_std;sideband_mean_median;pulseHeight_max_mean;pulseHeight_max_median;pulseHeight_min_mean;pulseHeight_min_std;pulseArea_max_mean;pulseArea_max_std;pulseArea_max_median;pulseArea_min_mean;pulseArea_min_std]  [3/3 files]
                         ch86  method=statistical+IF        max_z=7.86      if_score=-0.7626     features=[sideband_mean_median;pulseArea_max_mean;pulseArea_max_std;pulseArea_min_std]  [3/3 files]
                         ch87  method=statistical+IF        max_z=13.26     if_score=-0.7525     features=[sideband_mean_median;sideband_rms_mean;sideband_rms_std;nPulses_std;pulseArea_max_mean;pulseArea_max_std]  [3/3 files]
[ALERT] 2026-04-28T18:51:42Z  Digitizer_run1541_subrun402.csv  —  18 persistent anomalous ch  (window: 3 files)  |  18/96 anomalous ch  [bulk ≥5]
                         ch64  method=statistical+IF        max_z=10.65     if_score=-0.7447     features=[pulseHeight_min_mean;pulseHeight_min_std;pulseArea_max_mean;pulseArea_max_std;pulseArea_min_mean;pulseArea_min_std;pulseArea_min_median;pulseDuriation_max_std;pulseDuriation_min_mean;pulseDuriation_min_std]  [3/3 files]
                         ch65  method=statistical+IF        max_z=10.57     if_score=-0.7373     features=[pulseArea_max_mean;pulseArea_max_std;pulseArea_min_mean;pulseArea_min_std]  [3/3 files]
                         ch66  method=isolation_forest      max_z=5.34      if_score=-0.7056     features=[]  [3/3 files]
                         ch67  method=statistical+IF        max_z=7.78      if_score=-0.7112     features=[nPulses_std]  [3/3 files]
                         ch68  method=statistical+IF        max_z=7.41      if_score=-0.7529     features=[sideband_mean_median;pulseArea_max_std;pulseDuriation_min_std]  [3/3 files]
                         ch69  method=statistical+IF        max_z=6.18      if_score=-0.748      features=[pulseArea_min_mean;pulseArea_min_std]  [3/3 files]
                         ch70  method=statistical+IF        max_z=6.43      if_score=-0.75       features=[pulseHeight_min_mean;pulseHeight_min_std]  [3/3 files]
                         ch71  method=statistical+IF        max_z=9.51      if_score=-0.7427     features=[sideband_mean_median]  [3/3 files]
                         ch72  method=statistical+IF        max_z=11.21     if_score=-0.7526     features=[sideband_mean_mean;sideband_mean_std]  [3/3 files]
                         ch73  method=statistical+IF        max_z=13.03     if_score=-0.7662     features=[sideband_mean_mean;sideband_mean_std;nPulses_std;pulseArea_min_mean]  [3/3 files]
                         ch74  method=statistical+IF        max_z=9.99      if_score=-0.7639     features=[sideband_mean_std;pulseArea_min_std;pulseDuriation_max_std;pulseDuriation_min_mean;pulseDuriation_min_std]  [3/3 files]
                         ch75  method=statistical+IF        max_z=9.06      if_score=-0.7486     features=[sideband_mean_std;pulseDuriation_max_std;pulseDuriation_min_mean;pulseDuriation_min_std]  [3/3 files]
                         ch76  method=statistical+IF        max_z=9.38      if_score=-0.7659     features=[sideband_mean_mean;sideband_mean_std;pulseDuriation_max_std;pulseDuriation_min_std]  [3/3 files]
                         ch77  method=statistical+IF        max_z=8.34      if_score=-0.7704     features=[sideband_mean_mean;sideband_mean_std;pulseDuriation_max_std;pulseDuriation_min_mean;pulseDuriation_min_std]  [3/3 files]
                         ch78  method=statistical+IF        max_z=8.4       if_score=-0.7641     features=[sideband_mean_mean;sideband_mean_std;pulseHeight_min_mean;pulseHeight_min_std;pulseArea_min_mean]  [3/3 files]
                         ch79  method=statistical+IF        max_z=8.0       if_score=-0.7491     features=[sideband_mean_std;pulseHeight_max_mean;pulseHeight_max_median;pulseArea_max_median]  [3/3 files]
                         ch86  method=statistical+IF        max_z=6.51      if_score=-0.7442     features=[sideband_mean_median;pulseHeight_max_median]  [3/3 files]
                         ch87  method=statistical+IF        max_z=7.38      if_score=-0.7691     features=[sideband_mean_std;sideband_rms_mean;sideband_rms_std;pulseHeight_min_mean;pulseArea_max_median]  [3/3 files]
[ALERT] 2026-04-28T18:51:43Z  Digitizer_run1541_subrun406.csv  —  18 persistent + 1 transient anomalous ch  (window: 3 files)  |  19/96 anomalous ch  [bulk ≥5]
                         ch64  method=statistical+IF        max_z=6.26      if_score=-0.7214     features=[occupancy]  [3/3 files]
                         ch65  method=statistical+IF        max_z=7.27      if_score=-0.7386     features=[pulseDuriation_max_std;pulseDuriation_min_std]  [3/3 files]
                         ch66  method=statistical+IF        max_z=10.56     if_score=-0.7592     features=[pulseHeight_max_mean;pulseHeight_min_mean;pulseHeight_min_std;pulseArea_max_median;pulseArea_min_median;pulseDuriation_max_mean;pulseDuriation_max_std;pulseDuriation_min_mean;pulseDuriation_min_std]  [3/3 files]
                         ch67  method=statistical+IF        max_z=7.84      if_score=-0.7465     features=[pulseHeight_max_median;pulseArea_max_median;pulseDuriation_max_std;pulseDuriation_min_std]  [3/3 files]
                         ch68  method=statistical+IF        max_z=9.56      if_score=-0.7503     features=[sideband_mean_mean;sideband_mean_std;sideband_mean_median;sideband_rms_mean;sideband_rms_std]  [3/3 files]
                         ch69  method=isolation_forest      max_z=5.93      if_score=-0.75       features=[]  [3/3 files]
                         ch70  method=statistical+IF        max_z=7.84      if_score=-0.7417     features=[sideband_mean_median;pulseHeight_max_median;pulseArea_max_median]  [3/3 files]
                         ch71  method=statistical+IF        max_z=8.83      if_score=-0.7557     features=[sideband_mean_median;pulseHeight_max_median;pulseHeight_min_mean;pulseHeight_min_std;pulseHeight_min_median;pulseArea_max_median;pulseArea_min_mean]  [3/3 files]
                         ch72  method=statistical+IF        max_z=9.68      if_score=-0.7616     features=[pulseArea_max_mean;pulseArea_max_std;pulseArea_min_mean;pulseArea_min_std;pulseDuriation_min_std]  [3/3 files]
                         ch73  method=statistical+IF        max_z=9.81      if_score=-0.761      features=[pulseArea_max_mean;pulseArea_max_std;pulseArea_max_median;pulseArea_min_mean;pulseArea_min_std;pulseDuriation_max_std;pulseDuriation_min_std]  [3/3 files]
                         ch74  method=statistical+IF        max_z=6.23      if_score=-0.745      features=[pulseArea_max_std;pulseArea_min_std]  [3/3 files]
                         ch75  method=statistical+IF        max_z=6.73      if_score=-0.7605     features=[pulseArea_max_std;pulseArea_min_std]  [3/3 files]
                         ch76  method=isolation_forest      max_z=5.99      if_score=-0.7424     features=[]  [3/3 files]
                         ch77  method=statistical+IF        max_z=7.46      if_score=-0.7488     features=[pulseArea_max_std;pulseArea_min_mean;pulseArea_min_std]  [3/3 files]
                         ch78  method=statistical+IF        max_z=11.37     if_score=-0.7737     features=[sideband_mean_std;sideband_rms_mean;sideband_rms_std;pulseHeight_max_mean;pulseHeight_min_mean;pulseArea_max_mean;pulseArea_max_std;pulseArea_min_mean;pulseArea_min_std]  [3/3 files]
                         ch79  method=statistical+IF        max_z=10.39     if_score=-0.7616     features=[sideband_mean_std;sideband_mean_median;pulseArea_max_mean;pulseArea_max_std;pulseArea_min_std]  [3/3 files]
                         ch86  method=statistical+IF        max_z=9.52      if_score=-0.721      features=[sideband_mean_median;sideband_rms_mean;sideband_rms_std;nPulses_std]  [3/3 files]
                         ch87  method=statistical+IF        max_z=9.98      if_score=-0.7317     features=[sideband_rms_mean;sideband_rms_std]  [3/3 files]
                          ch2  method=statistical           max_z=6.24      if_score=-0.4718     features=[pulseArea_min_median]  [1/3 files]
[ALERT] 2026-04-28T18:51:45Z  Digitizer_run1541_subrun423.csv  —  18 persistent + 1 transient anomalous ch  (window: 3 files)  |  19/96 anomalous ch  [bulk ≥5]  |  extreme z=24.9 on 47
                         ch64  method=isolation_forest      max_z=5.14      if_score=-0.7216     features=[]  [3/3 files]
                         ch65  method=isolation_forest      max_z=5.46      if_score=-0.7435     features=[]  [3/3 files]
                         ch66  method=statistical+IF        max_z=7.09      if_score=-0.7434     features=[pulseHeight_min_median;pulseArea_min_median]  [3/3 files]
                         ch67  method=isolation_forest      max_z=5.69      if_score=-0.7437     features=[]  [3/3 files]
                         ch68  method=statistical+IF        max_z=9.09      if_score=-0.7362     features=[pulseDuriation_max_std;pulseDuriation_min_mean;pulseDuriation_min_std]  [3/3 files]
                         ch69  method=statistical+IF        max_z=10.94     if_score=-0.7417     features=[pulseDuriation_max_std;pulseDuriation_min_std]  [3/3 files]
                         ch70  method=statistical+IF        max_z=6.22      if_score=-0.7334     features=[sideband_mean_median]  [3/3 files]
                         ch71  method=statistical+IF        max_z=7.28      if_score=-0.7549     features=[sideband_mean_mean;sideband_mean_std;sideband_rms_mean;sideband_rms_std]  [3/3 files]
                         ch72  method=statistical+IF        max_z=7.97      if_score=-0.7628     features=[sideband_mean_std]  [3/3 files]
                         ch73  method=statistical+IF        max_z=7.89      if_score=-0.7775     features=[sideband_mean_mean;sideband_mean_std;sideband_mean_median;pulseDuriation_min_std]  [3/3 files]
                         ch74  method=statistical+IF        max_z=6.86      if_score=-0.7549     features=[sideband_mean_std;pulseDuriation_min_std]  [3/3 files]
                         ch75  method=statistical+IF        max_z=7.15      if_score=-0.7538     features=[sideband_mean_std;sideband_mean_median]  [3/3 files]
                         ch76  method=isolation_forest      max_z=5.89      if_score=-0.7598     features=[]  [3/3 files]
                         ch77  method=statistical+IF        max_z=7.62      if_score=-0.7624     features=[sideband_mean_median;pulseHeight_min_mean;pulseHeight_min_std;pulseArea_min_mean]  [3/3 files]
                         ch78  method=statistical+IF        max_z=8.21      if_score=-0.7327     features=[sideband_mean_median;pulseDuriation_max_std;pulseDuriation_min_std]  [3/3 files]
                         ch79  method=statistical+IF        max_z=12.81     if_score=-0.7304     features=[sideband_mean_median;pulseArea_max_mean;pulseArea_max_std;pulseDuriation_max_mean;pulseDuriation_max_std;pulseDuriation_min_mean;pulseDuriation_min_std]  [3/3 files]
                         ch86  method=statistical+IF        max_z=10.11     if_score=-0.7529     features=[sideband_mean_median;pulseDuriation_max_std;pulseDuriation_min_std]  [3/3 files]
                         ch87  method=statistical+IF        max_z=9.13      if_score=-0.7509     features=[sideband_mean_median;pulseArea_max_mean;pulseDuriation_max_std;pulseDuriation_min_std]  [3/3 files]
                         ch47  method=statistical           max_z=24.91     if_score=-0.5502     features=[nPulses_median]  [1/3 files]
[ALERT] 2026-04-28T18:51:47Z  Digitizer_run1541_subrun424.csv  —  18 persistent anomalous ch  (window: 3 files)  |  18/96 anomalous ch  [bulk ≥5]
                         ch64  method=statistical+IF        max_z=6.05      if_score=-0.7505     features=[nPulses_std]  [3/3 files]
                         ch65  method=statistical+IF        max_z=8.64      if_score=-0.7517     features=[sideband_mean_median;pulseArea_min_mean;pulseArea_min_std]  [3/3 files]
                         ch66  method=isolation_forest      max_z=5.82      if_score=-0.718      features=[]  [3/3 files]
                         ch67  method=isolation_forest      max_z=5.26      if_score=-0.7074     features=[]  [3/3 files]
                         ch68  method=statistical+IF        max_z=10.84     if_score=-0.7416     features=[sideband_mean_median;nPulses_median;pulseArea_min_median]  [3/3 files]
                         ch69  method=statistical+IF        max_z=6.33      if_score=-0.708      features=[sideband_mean_median]  [3/3 files]
                         ch70  method=statistical+IF        max_z=10.02     if_score=-0.7753     features=[sideband_mean_mean;sideband_mean_std;pulseArea_max_mean;pulseArea_max_std;pulseArea_min_mean;pulseArea_min_std;pulseDuriation_max_std;pulseDuriation_min_std]  [3/3 files]
                         ch71  method=statistical+IF        max_z=11.31     if_score=-0.784      features=[sideband_mean_mean;sideband_mean_std;sideband_rms_mean;sideband_rms_std;pulseHeight_min_median;pulseArea_max_mean;pulseArea_max_std;pulseArea_min_mean;pulseArea_min_std;pulseArea_min_median;pulseDuriation_max_std;pulseDuriation_min_std]  [3/3 files]
                         ch72  method=isolation_forest      max_z=5.95      if_score=-0.7592     features=[]  [3/3 files]
                         ch73  method=statistical+IF        max_z=7.49      if_score=-0.7588     features=[pulseHeight_max_median;pulseArea_max_median;pulseDuriation_max_std;pulseDuriation_min_std]  [3/3 files]
                         ch74  method=statistical+IF        max_z=6.56      if_score=-0.7521     features=[pulseArea_min_std;pulseDuriation_max_std;pulseDuriation_min_std]  [3/3 files]
                         ch75  method=isolation_forest      max_z=5.98      if_score=-0.7539     features=[]  [3/3 files]
                         ch76  method=statistical+IF        max_z=7.96      if_score=-0.7598     features=[pulseHeight_max_mean;pulseArea_max_mean;pulseArea_max_std;pulseArea_min_mean;pulseArea_min_std;pulseDuriation_max_std;pulseDuriation_min_std]  [3/3 files]
                         ch77  method=statistical+IF        max_z=10.17     if_score=-0.7593     features=[nPulses_median;pulseHeight_max_mean;pulseHeight_max_median;pulseArea_max_mean;pulseArea_max_std;pulseArea_max_median;pulseArea_min_mean;pulseArea_min_std;pulseDuriation_max_mean;pulseDuriation_max_std;pulseDuriation_min_std]  [3/3 files]
                         ch78  method=statistical+IF        max_z=13.52     if_score=-0.7678     features=[sideband_rms_mean;sideband_rms_std;pulseArea_max_mean;pulseArea_max_std;pulseDuriation_max_std]  [3/3 files]
                         ch79  method=statistical+IF        max_z=11.35     if_score=-0.76       features=[sideband_mean_median;sideband_rms_mean;sideband_rms_std;pulseHeight_min_median;pulseArea_max_std]  [3/3 files]
                         ch86  method=statistical+IF        max_z=7.27      if_score=-0.738      features=[nPulses_median;pulseArea_max_mean]  [3/3 files]
                         ch87  method=statistical+IF        max_z=6.3       if_score=-0.746      features=[pulseArea_max_std]  [3/3 files]
[ALERT] 2026-04-28T18:51:49Z  Digitizer_run1541_subrun454.csv  —  18 persistent anomalous ch  (window: 3 files)  |  18/96 anomalous ch  [bulk ≥5]
                         ch64  method=statistical+IF        max_z=8.54      if_score=-0.7644     features=[sideband_rms_mean;sideband_rms_std;nPulses_std;pulseHeight_max_mean;pulseHeight_max_median;pulseArea_max_mean;pulseArea_max_std;pulseDuriation_max_mean;pulseDuriation_max_std]  [3/3 files]
                         ch65  method=statistical+IF        max_z=8.56      if_score=-0.778      features=[sideband_rms_mean;sideband_rms_std;pulseHeight_max_median;pulseArea_max_mean;pulseArea_max_std;pulseArea_max_median;pulseArea_min_mean;pulseArea_min_std;pulseDuriation_max_std;pulseDuriation_min_std]  [3/3 files]
                         ch66  method=isolation_forest      max_z=5.83      if_score=-0.7037     features=[]  [3/3 files]
                         ch67  method=statistical+IF        max_z=10.96     if_score=-0.7399     features=[sideband_mean_median;pulseHeight_min_median;pulseArea_min_median]  [3/3 files]
                         ch68  method=statistical+IF        max_z=11.44     if_score=-0.7639     features=[sideband_mean_mean;sideband_mean_std;nPulses_mean;nPulses_std;nPulses_median;pulseHeight_max_mean;pulseHeight_max_median;pulseArea_max_median]  [3/3 files]
                         ch69  method=statistical+IF        max_z=9.74      if_score=-0.7675     features=[sideband_mean_mean;sideband_mean_std;sideband_rms_mean;sideband_rms_std;pulseHeight_max_median;pulseArea_max_median]  [3/3 files]
                         ch70  method=statistical+IF        max_z=7.32      if_score=-0.7549     features=[pulseArea_min_mean;pulseArea_min_std;occupancy]  [3/3 files]
                         ch71  method=statistical+IF        max_z=6.56      if_score=-0.7591     features=[pulseArea_max_std;pulseArea_min_std]  [3/3 files]
                         ch72  method=statistical+IF        max_z=7.83      if_score=-0.761      features=[sideband_mean_std]  [3/3 files]
                         ch73  method=statistical+IF        max_z=8.3       if_score=-0.7707     features=[sideband_mean_mean;sideband_mean_std;sideband_mean_median;pulseHeight_max_median;pulseHeight_min_mean;pulseHeight_min_median;pulseArea_max_median;pulseArea_min_mean;pulseArea_min_median]  [3/3 files]
                         ch74  method=statistical+IF        max_z=6.56      if_score=-0.7577     features=[pulseHeight_max_median;pulseArea_max_mean;pulseArea_max_std;pulseArea_max_median;pulseArea_min_mean;pulseArea_min_std;pulseDuriation_max_std;pulseDuriation_min_std]  [3/3 files]
                         ch75  method=statistical+IF        max_z=8.39      if_score=-0.7667     features=[sideband_mean_median;pulseHeight_max_mean;pulseHeight_max_median;pulseArea_max_mean;pulseArea_max_median;pulseArea_min_mean;pulseArea_min_median;pulseDuriation_min_std]  [3/3 files]
                         ch76  method=statistical+IF        max_z=7.9       if_score=-0.7522     features=[sideband_mean_mean;sideband_mean_std]  [3/3 files]
                         ch77  method=statistical+IF        max_z=8.43      if_score=-0.7691     features=[sideband_mean_mean;sideband_mean_std;pulseDuriation_max_std;pulseDuriation_min_std]  [3/3 files]
                         ch78  method=isolation_forest      max_z=5.28      if_score=-0.7211     features=[]  [3/3 files]
                         ch79  method=statistical+IF        max_z=6.46      if_score=-0.7334     features=[pulseHeight_max_median;pulseArea_max_median]  [3/3 files]
                         ch86  method=statistical+IF        max_z=6.36      if_score=-0.7511     features=[pulseHeight_max_median;pulseArea_max_mean;pulseArea_max_median]  [3/3 files]
                         ch87  method=statistical+IF        max_z=7.17      if_score=-0.7655     features=[sideband_rms_mean;nPulses_std;pulseHeight_min_mean;pulseArea_max_std;pulseArea_min_mean;pulseArea_min_std]  [3/3 files]
[ALERT] 2026-04-28T18:51:50Z  Digitizer_run1541_subrun467.csv  —  18 persistent anomalous ch  (window: 3 files)  |  18/96 anomalous ch  [bulk ≥5]
                         ch64  method=statistical+IF        max_z=10.39     if_score=-0.7413     features=[pulseHeight_max_median;pulseHeight_min_mean;pulseHeight_min_std;pulseArea_max_median]  [3/3 files]
                         ch65  method=statistical+IF        max_z=6.27      if_score=-0.739      features=[pulseHeight_max_median]  [3/3 files]
                         ch66  method=statistical+IF        max_z=7.73      if_score=-0.7318     features=[pulseDuriation_max_std;pulseDuriation_min_std]  [3/3 files]
                         ch67  method=statistical+IF        max_z=7.5       if_score=-0.731      features=[pulseDuriation_max_std;pulseDuriation_min_std]  [3/3 files]
                         ch68  method=statistical+IF        max_z=6.66      if_score=-0.7211     features=[pulseDuriation_max_std;pulseDuriation_min_std]  [3/3 files]
                         ch69  method=statistical+IF        max_z=10.35     if_score=-0.705      features=[sideband_mean_median]  [3/3 files]
                         ch70  method=isolation_forest      max_z=5.31      if_score=-0.7345     features=[]  [3/3 files]
                         ch71  method=statistical+IF        max_z=6.84      if_score=-0.7534     features=[sideband_rms_mean;sideband_rms_std;pulseHeight_min_median;pulseArea_min_median]  [3/3 files]
                         ch72  method=statistical+IF        max_z=9.1       if_score=-0.7563     features=[sideband_mean_mean;sideband_mean_std;sideband_rms_mean]  [3/3 files]
                         ch73  method=statistical+IF        max_z=11.99     if_score=-0.757      features=[sideband_mean_mean;sideband_mean_std;sideband_rms_mean]  [3/3 files]
                         ch74  method=statistical+IF        max_z=12.13     if_score=-0.7347     features=[sideband_mean_median;sideband_rms_mean;sideband_rms_std]  [3/3 files]
                         ch75  method=statistical+IF        max_z=13.54     if_score=-0.7454     features=[sideband_mean_median;sideband_rms_mean;sideband_rms_std]  [3/3 files]
                         ch76  method=statistical+IF        max_z=6.16      if_score=-0.7135     features=[nPulses_std]  [3/3 files]
                         ch77  method=statistical+IF        max_z=6.1       if_score=-0.7273     features=[pulseHeight_min_mean]  [3/3 files]
                         ch78  method=isolation_forest      max_z=5.13      if_score=-0.7257     features=[]  [3/3 files]
                         ch79  method=statistical+IF        max_z=13.25     if_score=-0.7302     features=[pulseHeight_min_mean;pulseHeight_min_median;pulseArea_min_median;pulseDuriation_min_median]  [3/3 files]
                         ch86  method=isolation_forest      max_z=5.15      if_score=-0.6957     features=[]  [3/3 files]
                         ch87  method=statistical+IF        max_z=6.68      if_score=-0.7343     features=[pulseHeight_max_median;pulseHeight_min_median;pulseArea_min_median]  [3/3 files]
[ALERT] 2026-04-28T18:51:52Z  Digitizer_run1541_subrun475.csv  —  18 persistent anomalous ch  (window: 3 files)  |  18/96 anomalous ch  [bulk ≥5]
                         ch64  method=statistical+IF        max_z=7.34      if_score=-0.739      features=[pulseHeight_max_median;pulseArea_max_median]  [3/3 files]
                         ch65  method=isolation_forest      max_z=5.99      if_score=-0.7312     features=[]  [3/3 files]
                         ch66  method=isolation_forest      max_z=4.96      if_score=-0.7307     features=[]  [3/3 files]
                         ch67  method=isolation_forest      max_z=5.83      if_score=-0.7258     features=[]  [3/3 files]
                         ch68  method=statistical+IF        max_z=7.6       if_score=-0.7707     features=[sideband_mean_mean;sideband_mean_std;sideband_rms_std]  [3/3 files]
                         ch69  method=statistical+IF        max_z=8.67      if_score=-0.7605     features=[sideband_mean_median;sideband_rms_mean;sideband_rms_std;nPulses_std]  [3/3 files]
                         ch70  method=statistical+IF        max_z=6.51      if_score=-0.7437     features=[sideband_rms_mean]  [3/3 files]
                         ch71  method=statistical+IF        max_z=10.47     if_score=-0.7668     features=[sideband_rms_mean;sideband_rms_std;pulseHeight_min_median;pulseArea_min_median;pulseDuriation_min_median]  [3/3 files]
                         ch72  method=isolation_forest      max_z=5.62      if_score=-0.741      features=[]  [3/3 files]
                         ch73  method=statistical+IF        max_z=6.11      if_score=-0.7411     features=[occupancy]  [3/3 files]
                         ch74  method=statistical+IF        max_z=7.39      if_score=-0.7491     features=[nPulses_median;pulseArea_max_std;pulseArea_min_std]  [3/3 files]
                         ch75  method=statistical+IF        max_z=7.1       if_score=-0.7417     features=[pulseArea_max_std;pulseArea_min_std]  [3/3 files]
                         ch76  method=statistical+IF        max_z=7.51      if_score=-0.7353     features=[pulseArea_max_std]  [3/3 files]
                         ch77  method=statistical+IF        max_z=11.46     if_score=-0.7617     features=[sideband_mean_median;pulseHeight_max_median;pulseHeight_min_median;pulseArea_max_median;pulseArea_min_std;pulseArea_min_median;pulseDuriation_max_mean;pulseDuriation_max_std;pulseDuriation_min_mean;pulseDuriation_min_std;pulseDuriation_min_median]  [3/3 files]
                         ch78  method=isolation_forest      max_z=5.37      if_score=-0.7249     features=[]  [3/3 files]
                         ch79  method=statistical+IF        max_z=6.64      if_score=-0.7256     features=[sideband_mean_median;pulseHeight_min_mean;pulseHeight_min_std;pulseArea_min_mean]  [3/3 files]
                         ch86  method=statistical+IF        max_z=6.01      if_score=-0.743      features=[sideband_rms_mean]  [3/3 files]
                         ch87  method=statistical+IF        max_z=10.82     if_score=-0.73       features=[sideband_mean_median;sideband_rms_std]  [3/3 files]
[ALERT] 2026-04-28T18:51:54Z  Digitizer_run1541_subrun476.csv  —  18 persistent anomalous ch  (window: 3 files)  |  18/96 anomalous ch  [bulk ≥5]
                         ch64  method=statistical+IF        max_z=6.03      if_score=-0.7368     features=[pulseHeight_max_mean]  [3/3 files]
                         ch65  method=statistical+IF        max_z=10.37     if_score=-0.7325     features=[sideband_mean_median;sideband_rms_mean]  [3/3 files]
                         ch66  method=statistical+IF        max_z=8.49      if_score=-0.7611     features=[pulseArea_min_median;pulseDuriation_max_std;pulseDuriation_min_mean;pulseDuriation_min_std;pulseDuriation_min_median]  [3/3 files]
                         ch67  method=statistical+IF        max_z=6.39      if_score=-0.753      features=[sideband_mean_median;pulseDuriation_min_std]  [3/3 files]
                         ch68  method=statistical+IF        max_z=7.31      if_score=-0.7628     features=[nPulses_median;pulseArea_max_mean;pulseArea_max_std;pulseArea_min_std;pulseDuriation_min_std]  [3/3 files]
                         ch69  method=statistical+IF        max_z=9.06      if_score=-0.7613     features=[sideband_mean_median;nPulses_std;pulseArea_max_mean;pulseArea_max_median;pulseDuriation_max_std]  [3/3 files]
                         ch70  method=statistical+IF        max_z=6.82      if_score=-0.7465     features=[pulseHeight_max_median;pulseArea_max_median;pulseArea_min_std]  [3/3 files]
                         ch71  method=statistical+IF        max_z=6.8       if_score=-0.7495     features=[sideband_mean_median;pulseArea_max_std;pulseArea_min_std]  [3/3 files]
                         ch72  method=statistical+IF        max_z=8.46      if_score=-0.7712     features=[sideband_mean_mean;sideband_mean_std]  [3/3 files]
                         ch73  method=statistical+IF        max_z=12.18     if_score=-0.7563     features=[sideband_mean_mean;sideband_mean_std;sideband_mean_median]  [3/3 files]
                         ch74  method=statistical+IF        max_z=11.85     if_score=-0.7626     features=[sideband_mean_mean;sideband_mean_std;sideband_rms_mean;sideband_rms_std;nPulses_std;pulseArea_max_std;pulseArea_min_std]  [3/3 files]
                         ch75  method=statistical+IF        max_z=11.19     if_score=-0.7586     features=[sideband_mean_mean;sideband_mean_std;sideband_rms_mean;sideband_rms_std;pulseArea_max_std;pulseArea_min_std]  [3/3 files]
                         ch76  method=statistical+IF        max_z=6.67      if_score=-0.7571     features=[sideband_rms_mean;sideband_rms_std]  [3/3 files]
                         ch77  method=statistical+IF        max_z=9.32      if_score=-0.7569     features=[sideband_mean_mean;sideband_rms_mean;sideband_rms_std;pulseHeight_max_median]  [3/3 files]
                         ch78  method=isolation_forest      max_z=4.96      if_score=-0.7261     features=[]  [3/3 files]
                         ch79  method=statistical+IF        max_z=8.22      if_score=-0.7513     features=[pulseHeight_min_median;pulseArea_min_median;pulseDuriation_max_std;pulseDuriation_min_std]  [3/3 files]
                         ch86  method=statistical+IF        max_z=9.87      if_score=-0.7541     features=[pulseHeight_max_median;pulseHeight_min_mean;pulseHeight_min_median;pulseArea_max_median;pulseArea_min_median;pulseDuriation_min_median]  [3/3 files]
                         ch87  method=isolation_forest      max_z=5.54      if_score=-0.7409     features=[]  [3/3 files]
[ALERT] 2026-04-28T18:51:56Z  Digitizer_run1541_subrun484.csv  —  18 persistent anomalous ch  (window: 3 files)  |  18/96 anomalous ch  [bulk ≥5]
                         ch64  method=statistical+IF        max_z=8.17      if_score=-0.7134     features=[pulseHeight_min_median;pulseArea_min_median]  [3/3 files]
                         ch65  method=statistical+IF        max_z=7.07      if_score=-0.7354     features=[pulseHeight_min_median;pulseArea_min_median]  [3/3 files]
                         ch66  method=statistical+IF        max_z=11.85     if_score=-0.7437     features=[sideband_rms_mean;sideband_rms_std;pulseHeight_min_median;pulseArea_min_median]  [3/3 files]
                         ch67  method=statistical+IF        max_z=9.42      if_score=-0.744      features=[sideband_rms_mean;sideband_rms_std;pulseHeight_min_median;pulseArea_min_median;pulseDuriation_min_median]  [3/3 files]
                         ch68  method=statistical+IF        max_z=9.18      if_score=-0.739      features=[sideband_mean_std;sideband_mean_median]  [3/3 files]
                         ch69  method=statistical+IF        max_z=9.63      if_score=-0.7523     features=[sideband_mean_mean;sideband_mean_std;sideband_mean_median]  [3/3 files]
                         ch70  method=statistical+IF        max_z=6.12      if_score=-0.7397     features=[pulseHeight_min_median]  [3/3 files]
                         ch71  method=statistical+IF        max_z=7.38      if_score=-0.7342     features=[sideband_rms_std]  [3/3 files]
                         ch72  method=isolation_forest      max_z=5.65      if_score=-0.7616     features=[]  [3/3 files]
                         ch73  method=isolation_forest      max_z=5.46      if_score=-0.7322     features=[]  [3/3 files]
                         ch74  method=statistical+IF        max_z=8.96      if_score=-0.7698     features=[pulseArea_max_std;pulseArea_min_mean;pulseArea_min_std;pulseArea_min_median]  [3/3 files]
                         ch75  method=statistical+IF        max_z=9.44      if_score=-0.7512     features=[nPulses_std;pulseArea_max_mean;pulseArea_max_std;pulseArea_min_mean;pulseArea_min_std]  [3/3 files]
                         ch76  method=statistical+IF        max_z=10.33     if_score=-0.7698     features=[sideband_mean_mean;sideband_mean_std;pulseArea_max_mean;pulseArea_max_std;pulseArea_min_mean;pulseArea_min_std]  [3/3 files]
                         ch77  method=statistical+IF        max_z=8.75      if_score=-0.7873     features=[sideband_mean_mean;sideband_mean_std;pulseHeight_min_mean;pulseHeight_min_std;pulseHeight_min_median;pulseArea_max_std;pulseArea_min_mean;pulseArea_min_std;pulseArea_min_median;pulseDuriation_min_mean;pulseDuriation_min_std;pulseDuriation_min_median]  [3/3 files]
                         ch78  method=statistical+IF        max_z=8.14      if_score=-0.7524     features=[sideband_mean_mean;sideband_mean_std]  [3/3 files]
                         ch79  method=statistical+IF        max_z=9.81      if_score=-0.7359     features=[sideband_mean_mean;sideband_mean_std]  [3/3 files]
                         ch86  method=isolation_forest      max_z=5.22      if_score=-0.7197     features=[]  [3/3 files]
                         ch87  method=isolation_forest      max_z=5.1       if_score=-0.7128     features=[]  [3/3 files]
[ALERT] 2026-04-28T18:51:57Z  Digitizer_run1541_subrun487.csv  —  18 persistent + 1 transient anomalous ch  (window: 3 files)  |  19/96 anomalous ch  [bulk ≥5]
                         ch64  method=statistical+IF        max_z=6.94      if_score=-0.7551     features=[sideband_mean_std;pulseHeight_max_mean;pulseHeight_max_median;pulseHeight_min_median;pulseArea_max_median;pulseArea_min_median]  [3/3 files]
                         ch65  method=statistical+IF        max_z=8.26      if_score=-0.7479     features=[sideband_mean_std;sideband_mean_median]  [3/3 files]
                         ch66  method=statistical+IF        max_z=10.77     if_score=-0.7689     features=[sideband_mean_mean;sideband_mean_std;sideband_rms_mean;sideband_rms_std;pulseArea_max_std;pulseArea_min_mean;pulseArea_min_std]  [3/3 files]
                         ch67  method=statistical+IF        max_z=12.44     if_score=-0.7636     features=[sideband_mean_mean;sideband_mean_std;sideband_mean_median;sideband_rms_mean;sideband_rms_std;pulseArea_max_std;pulseArea_min_mean;pulseArea_min_std]  [3/3 files]
                         ch68  method=statistical+IF        max_z=6.56      if_score=-0.7285     features=[sideband_mean_median]  [3/3 files]
                         ch69  method=isolation_forest      max_z=5.36      if_score=-0.7058     features=[]  [3/3 files]
                         ch70  method=statistical+IF        max_z=6.91      if_score=-0.7518     features=[pulseHeight_min_median;pulseArea_min_median;pulseDuriation_min_median]  [3/3 files]
                         ch71  method=statistical+IF        max_z=6.89      if_score=-0.7276     features=[pulseHeight_max_median;pulseArea_max_median]  [3/3 files]
                         ch72  method=isolation_forest      max_z=5.49      if_score=-0.7332     features=[]  [3/3 files]
                         ch73  method=isolation_forest      max_z=5.16      if_score=-0.7227     features=[]  [3/3 files]
                         ch74  method=statistical+IF        max_z=7.07      if_score=-0.749      features=[sideband_mean_median;nPulses_std;pulseHeight_max_median;pulseArea_max_median;pulseDuriation_max_std;pulseDuriation_min_std]  [3/3 files]
                         ch75  method=statistical+IF        max_z=6.23      if_score=-0.7432     features=[pulseHeight_max_median;pulseArea_max_median;pulseDuriation_max_std;pulseDuriation_min_std]  [3/3 files]
                         ch76  method=statistical+IF        max_z=6.37      if_score=-0.7371     features=[sideband_mean_mean;sideband_mean_std;sideband_mean_median]  [3/3 files]
                         ch77  method=statistical+IF        max_z=6.26      if_score=-0.7374     features=[sideband_mean_std;sideband_rms_mean]  [3/3 files]
                         ch78  method=statistical+IF        max_z=8.28      if_score=-0.7356     features=[sideband_mean_median;pulseDuriation_max_std;pulseDuriation_min_std]  [3/3 files]
                         ch79  method=statistical+IF        max_z=10.01     if_score=-0.7336     features=[pulseArea_min_median;pulseDuriation_max_mean;pulseDuriation_max_std;pulseDuriation_min_mean;pulseDuriation_min_std;pulseDuriation_min_median]  [3/3 files]
                         ch86  method=statistical+IF        max_z=8.11      if_score=-0.7536     features=[sideband_mean_median;sideband_rms_mean;sideband_rms_std;nPulses_std;pulseHeight_min_std]  [3/3 files]
                         ch87  method=statistical+IF        max_z=9.74      if_score=-0.7414     features=[sideband_rms_mean;sideband_rms_std]  [3/3 files]
                          ch6  method=statistical           max_z=6.64      if_score=-0.5155     features=[nPulses_median]  [1/3 files]
[ALERT] 2026-04-28T18:51:59Z  Digitizer_run1541_subrun497.csv  —  18 persistent anomalous ch  (window: 3 files)  |  18/96 anomalous ch  [bulk ≥5]
                         ch64  method=statistical+IF        max_z=6.76      if_score=-0.7399     features=[pulseArea_min_median]  [3/3 files]
                         ch65  method=statistical+IF        max_z=6.95      if_score=-0.7359     features=[pulseHeight_max_median;pulseArea_max_median]  [3/3 files]
                         ch66  method=statistical+IF        max_z=7.82      if_score=-0.7167     features=[pulseDuriation_max_std;pulseDuriation_min_std]  [3/3 files]
                         ch67  method=statistical+IF        max_z=7.79      if_score=-0.7345     features=[pulseDuriation_max_std;pulseDuriation_min_std]  [3/3 files]
                         ch68  method=statistical+IF        max_z=8.93      if_score=-0.7806     features=[sideband_mean_mean;sideband_mean_std;sideband_rms_mean;sideband_rms_std;pulseHeight_min_median;pulseArea_max_std;pulseArea_min_mean;pulseArea_min_std;pulseArea_min_median;pulseDuriation_max_std;pulseDuriation_min_mean;pulseDuriation_min_std]  [3/3 files]
                         ch69  method=statistical+IF        max_z=13.34     if_score=-0.7803     features=[sideband_mean_mean;sideband_rms_mean;sideband_rms_std;pulseHeight_max_median;pulseArea_max_mean;pulseArea_max_std;pulseArea_max_median;pulseArea_min_mean;pulseArea_min_std;pulseDuriation_min_std]  [3/3 files]
                         ch70  method=statistical+IF        max_z=8.73      if_score=-0.7657     features=[nPulses_std;pulseHeight_min_median;pulseArea_max_std;pulseArea_min_mean;pulseArea_min_std;pulseArea_min_median;pulseDuriation_min_median]  [3/3 files]
                         ch71  method=isolation_forest      max_z=5.88      if_score=-0.7396     features=[]  [3/3 files]
                         ch72  method=statistical+IF        max_z=11.92     if_score=-0.76       features=[sideband_rms_mean;sideband_rms_std;pulseHeight_max_mean]  [3/3 files]
                         ch73  method=statistical+IF        max_z=11.5      if_score=-0.7607     features=[sideband_mean_median;sideband_rms_mean;sideband_rms_std;nPulses_std;pulseHeight_max_median;pulseArea_max_median]  [3/3 files]
                         ch74  method=statistical+IF        max_z=11.44     if_score=-0.7702     features=[sideband_rms_mean;sideband_rms_std;pulseArea_max_std;pulseArea_min_std]  [3/3 files]
                         ch75  method=statistical+IF        max_z=9.13      if_score=-0.7639     features=[sideband_rms_mean;sideband_rms_std;pulseArea_max_std;pulseArea_min_std]  [3/3 files]
                         ch76  method=statistical+IF        max_z=9.04      if_score=-0.7447     features=[pulseDuriation_max_std;pulseDuriation_min_std]  [3/3 files]
                         ch77  method=statistical+IF        max_z=8.16      if_score=-0.7359     features=[sideband_mean_median;nPulses_std;pulseDuriation_max_std;pulseDuriation_min_std]  [3/3 files]
                         ch78  method=isolation_forest      max_z=5.29      if_score=-0.7408     features=[]  [3/3 files]
                         ch79  method=statistical+IF        max_z=11.69     if_score=-0.7624     features=[sideband_rms_mean;sideband_rms_std;pulseHeight_max_median;pulseHeight_min_mean;pulseArea_min_median]  [3/3 files]
                         ch86  method=isolation_forest      max_z=5.92      if_score=-0.7062     features=[]  [3/3 files]
                         ch87  method=isolation_forest      max_z=5.32      if_score=-0.7459     features=[]  [3/3 files]
[ALERT] 2026-04-28T18:52:01Z  Digitizer_run1541_subrun499.csv  —  18 persistent anomalous ch  (window: 3 files)  |  18/96 anomalous ch  [bulk ≥5]
                         ch64  method=statistical+IF        max_z=6.68      if_score=-0.7449     features=[pulseHeight_max_median;pulseHeight_min_median;pulseArea_max_median;pulseArea_min_median]  [3/3 files]
                         ch65  method=statistical+IF        max_z=7.53      if_score=-0.7415     features=[pulseHeight_min_median;pulseArea_min_median]  [3/3 files]
                         ch66  method=statistical+IF        max_z=9.27      if_score=-0.7554     features=[sideband_mean_mean;sideband_mean_std;sideband_mean_median;pulseHeight_min_median]  [3/3 files]
                         ch67  method=statistical+IF        max_z=8.77      if_score=-0.745      features=[sideband_mean_mean;sideband_mean_std]  [3/3 files]
                         ch68  method=statistical+IF        max_z=6.41      if_score=-0.7588     features=[sideband_rms_mean;sideband_rms_std;pulseArea_max_std;pulseDuriation_max_std]  [3/3 files]
                         ch69  method=statistical+IF        max_z=11.32     if_score=-0.7578     features=[nPulses_std;pulseArea_max_mean;pulseArea_max_std;pulseArea_min_mean;pulseArea_min_std]  [3/3 files]
                         ch70  method=statistical+IF        max_z=6.5       if_score=-0.7363     features=[sideband_mean_median;pulseHeight_min_mean]  [3/3 files]
                         ch71  method=statistical+IF        max_z=9.97      if_score=-0.7393     features=[sideband_mean_median]  [3/3 files]
                         ch72  method=statistical+IF        max_z=7.56      if_score=-0.7695     features=[sideband_mean_std;sideband_rms_std;pulseHeight_min_mean;pulseHeight_min_std;pulseArea_min_mean]  [3/3 files]
                         ch73  method=statistical+IF        max_z=8.35      if_score=-0.7659     features=[sideband_mean_std;sideband_mean_median;pulseHeight_max_median;pulseHeight_min_mean;pulseHeight_min_median;pulseArea_max_median;pulseArea_min_median]  [3/3 files]
                         ch74  method=statistical+IF        max_z=7.13      if_score=-0.7595     features=[sideband_mean_std;pulseHeight_max_median;pulseHeight_min_median;pulseArea_max_median;pulseArea_min_median]  [3/3 files]
                         ch75  method=statistical+IF        max_z=7.12      if_score=-0.7559     features=[sideband_mean_std;pulseHeight_max_mean;pulseHeight_max_median;pulseArea_max_median]  [3/3 files]
                         ch76  method=statistical+IF        max_z=12.82     if_score=-0.7687     features=[sideband_mean_mean;sideband_mean_std;sideband_mean_median;sideband_rms_mean;sideband_rms_std]  [3/3 files]
                         ch77  method=statistical+IF        max_z=12.83     if_score=-0.7664     features=[sideband_mean_mean;sideband_mean_std;sideband_rms_mean;sideband_rms_std;pulseArea_max_std;pulseArea_min_mean;pulseArea_min_std]  [3/3 files]
                         ch78  method=statistical+IF        max_z=7.31      if_score=-0.75       features=[sideband_mean_std]  [3/3 files]
                         ch79  method=statistical+IF        max_z=8.69      if_score=-0.7407     features=[sideband_mean_mean;sideband_mean_std;pulseHeight_min_std]  [3/3 files]
                         ch86  method=statistical+IF        max_z=11.17     if_score=-0.7674     features=[sideband_mean_mean;sideband_mean_std;sideband_rms_mean;sideband_rms_std;pulseArea_max_std;pulseArea_min_mean;pulseArea_min_std]  [3/3 files]
                         ch87  method=statistical+IF        max_z=10.06     if_score=-0.7713     features=[sideband_mean_mean;sideband_mean_std;nPulses_std;pulseArea_max_std;pulseArea_min_mean;pulseArea_min_std]  [3/3 files]
[ALERT] 2026-04-28T18:52:02Z  Digitizer_run1541_subrun523.csv  —  18 persistent anomalous ch  (window: 3 files)  |  18/96 anomalous ch  [bulk ≥5]
                         ch64  method=statistical+IF        max_z=6.92      if_score=-0.751      features=[pulseHeight_min_median;pulseArea_min_mean;pulseArea_min_std;pulseArea_min_median;pulseDuriation_min_std]  [3/3 files]
                         ch65  method=statistical+IF        max_z=8.13      if_score=-0.7419     features=[pulseArea_max_std;pulseArea_min_mean;pulseArea_min_std]  [3/3 files]
                         ch66  method=statistical+IF        max_z=9.9       if_score=-0.7636     features=[pulseHeight_min_mean;pulseHeight_min_std;pulseHeight_min_median;pulseArea_max_std;pulseArea_min_mean;pulseArea_min_std;pulseArea_min_median]  [3/3 files]
                         ch67  method=statistical+IF        max_z=8.65      if_score=-0.7575     features=[pulseHeight_max_median;pulseArea_max_std;pulseArea_max_median;pulseArea_min_mean;pulseArea_min_std]  [3/3 files]
                         ch68  method=statistical+IF        max_z=8.01      if_score=-0.7204     features=[sideband_mean_std]  [3/3 files]
                         ch69  method=statistical+IF        max_z=10.63     if_score=-0.7199     features=[sideband_mean_mean;sideband_mean_std]  [3/3 files]
                         ch70  method=statistical+IF        max_z=8.53      if_score=-0.7427     features=[sideband_mean_median;pulseHeight_min_median;pulseArea_min_median]  [3/3 files]
                         ch71  method=isolation_forest      max_z=5.79      if_score=-0.7369     features=[]  [3/3 files]
                         ch72  method=isolation_forest      max_z=5.44      if_score=-0.7448     features=[]  [3/3 files]
                         ch73  method=isolation_forest      max_z=5.88      if_score=-0.7479     features=[]  [3/3 files]
                         ch74  method=isolation_forest      max_z=5.67      if_score=-0.7121     features=[]  [3/3 files]
                         ch75  method=isolation_forest      max_z=5.85      if_score=-0.7331     features=[]  [3/3 files]
                         ch76  method=statistical+IF        max_z=7.63      if_score=-0.7604     features=[sideband_mean_std]  [3/3 files]
                         ch77  method=statistical+IF        max_z=8.23      if_score=-0.7434     features=[sideband_mean_std;pulseHeight_min_mean;pulseHeight_min_median;pulseArea_min_median]  [3/3 files]
                         ch78  method=isolation_forest      max_z=5.68      if_score=-0.7374     features=[]  [3/3 files]
                         ch79  method=statistical+IF        max_z=7.22      if_score=-0.7379     features=[nPulses_std;pulseHeight_min_median;pulseArea_min_median]  [3/3 files]
                         ch86  method=isolation_forest      max_z=5.42      if_score=-0.7166     features=[]  [3/3 files]
                         ch87  method=isolation_forest      max_z=5.37      if_score=-0.7328     features=[]  [3/3 files]
[ALERT] 2026-04-28T18:52:04Z  Digitizer_run1541_subrun532.csv  —  18 persistent anomalous ch  (window: 3 files)  |  18/96 anomalous ch  [bulk ≥5]
                         ch64  method=statistical+IF        max_z=8.21      if_score=-0.7616     features=[sideband_mean_median;sideband_rms_mean;sideband_rms_std;pulseHeight_min_mean;pulseHeight_min_std;pulseArea_min_median]  [3/3 files]
                         ch65  method=statistical+IF        max_z=6.85      if_score=-0.7346     features=[sideband_mean_std;sideband_rms_mean;sideband_rms_std]  [3/3 files]
                         ch66  method=statistical+IF        max_z=7.04      if_score=-0.732      features=[pulseHeight_min_median;pulseArea_min_median]  [3/3 files]
                         ch67  method=isolation_forest      max_z=5.81      if_score=-0.7248     features=[]  [3/3 files]
                         ch68  method=statistical+IF        max_z=7.24      if_score=-0.7327     features=[nPulses_median]  [3/3 files]
                         ch69  method=statistical+IF        max_z=10.01     if_score=-0.7525     features=[sideband_mean_median;pulseArea_max_median]  [3/3 files]
                         ch70  method=isolation_forest      max_z=5.4       if_score=-0.7284     features=[]  [3/3 files]
                         ch71  method=statistical+IF        max_z=7.59      if_score=-0.7483     features=[sideband_mean_median]  [3/3 files]
                         ch72  method=isolation_forest      max_z=5.44      if_score=-0.7446     features=[]  [3/3 files]
                         ch73  method=isolation_forest      max_z=5.79      if_score=-0.7461     features=[]  [3/3 files]
                         ch74  method=statistical+IF        max_z=7.3       if_score=-0.7302     features=[pulseDuriation_max_std;pulseDuriation_min_std]  [3/3 files]
                         ch75  method=statistical+IF        max_z=9.48      if_score=-0.75       features=[sideband_mean_median;pulseArea_max_median;pulseDuriation_max_std;pulseDuriation_min_mean;pulseDuriation_min_std]  [3/3 files]
                         ch76  method=statistical+IF        max_z=6.4       if_score=-0.7474     features=[sideband_rms_mean;sideband_rms_std;nPulses_std]  [3/3 files]
                         ch77  method=isolation_forest      max_z=5.29      if_score=-0.7338     features=[]  [3/3 files]
                         ch78  method=statistical+IF        max_z=8.26      if_score=-0.7654     features=[sideband_mean_mean;sideband_mean_std;pulseDuriation_max_std;pulseDuriation_min_std]  [3/3 files]
                         ch79  method=statistical+IF        max_z=7.87      if_score=-0.7751     features=[sideband_mean_mean;sideband_mean_std;sideband_rms_mean;sideband_rms_std;nPulses_std;pulseArea_max_std;pulseArea_min_mean;pulseArea_min_std;pulseDuriation_max_std;pulseDuriation_min_std]  [3/3 files]
                         ch86  method=statistical+IF        max_z=6.7       if_score=-0.7402     features=[sideband_mean_median]  [3/3 files]
                         ch87  method=statistical+IF        max_z=6.0       if_score=-0.7116     features=[sideband_mean_median]  [3/3 files]
[ALERT] 2026-04-28T18:52:06Z  Digitizer_run1541_subrun535.csv  —  18 persistent + 1 transient anomalous ch  (window: 3 files)  |  19/96 anomalous ch  [bulk ≥5]  |  extreme z=20.3 on 86
                         ch64  method=isolation_forest      max_z=5.44      if_score=-0.7353     features=[]  [3/3 files]
                         ch65  method=statistical+IF        max_z=6.27      if_score=-0.7282     features=[sideband_mean_median]  [3/3 files]
                         ch66  method=statistical+IF        max_z=6.52      if_score=-0.7434     features=[sideband_rms_std;nPulses_std]  [3/3 files]
                         ch67  method=statistical+IF        max_z=10.22     if_score=-0.7738     features=[sideband_mean_median;sideband_rms_mean;sideband_rms_std;pulseDuriation_min_std]  [3/3 files]
                         ch68  method=statistical+IF        max_z=11.82     if_score=-0.7791     features=[sideband_mean_mean;sideband_mean_std;pulseHeight_max_median;pulseHeight_min_mean;pulseHeight_min_std;pulseHeight_min_median;pulseArea_max_mean;pulseArea_max_std;pulseArea_max_median;pulseArea_min_mean;pulseArea_min_std;pulseArea_min_median;pulseDuriation_max_mean;pulseDuriation_max_std;pulseDuriation_min_mean;pulseDuriation_min_std]  [3/3 files]
                         ch69  method=statistical+IF        max_z=10.44     if_score=-0.7862     features=[sideband_mean_mean;sideband_mean_std;pulseHeight_max_mean;pulseHeight_max_median;pulseHeight_min_mean;pulseHeight_min_std;pulseHeight_min_median;pulseArea_max_mean;pulseArea_max_std;pulseArea_max_median;pulseArea_min_mean;pulseArea_min_median;pulseDuriation_max_mean;pulseDuriation_max_std;pulseDuriation_min_mean;pulseDuriation_min_std]  [3/3 files]
                         ch70  method=statistical+IF        max_z=14.21     if_score=-0.7817     features=[sideband_mean_mean;sideband_mean_std;sideband_rms_mean;sideband_rms_std;pulseHeight_min_mean;pulseArea_max_std;pulseArea_min_mean;pulseArea_min_std;pulseDuriation_max_std;pulseDuriation_min_mean;pulseDuriation_min_std]  [3/3 files]
                         ch71  method=statistical+IF        max_z=10.76     if_score=-0.7743     features=[sideband_mean_mean;sideband_mean_std;sideband_rms_mean;sideband_rms_std;pulseArea_max_std;pulseArea_min_std;pulseDuriation_max_std;pulseDuriation_min_std]  [3/3 files]
                         ch72  method=statistical+IF        max_z=12.31     if_score=-0.7463     features=[sideband_rms_mean;sideband_rms_std]  [3/3 files]
                         ch73  method=statistical+IF        max_z=13.13     if_score=-0.7518     features=[sideband_rms_mean;sideband_rms_std;nPulses_std;pulseDuriation_max_std;pulseDuriation_min_std]  [3/3 files]
                         ch74  method=statistical+IF        max_z=7.74      if_score=-0.7738     features=[sideband_mean_mean;sideband_mean_std;sideband_mean_median;sideband_rms_std;pulseHeight_min_mean;pulseHeight_min_std;pulseHeight_min_median;pulseArea_min_mean;pulseArea_min_median]  [3/3 files]
                         ch75  method=statistical+IF        max_z=7.47      if_score=-0.7575     features=[sideband_mean_mean;sideband_mean_std;pulseHeight_min_mean;pulseHeight_min_std]  [3/3 files]
                         ch76  method=isolation_forest      max_z=5.61      if_score=-0.7144     features=[]  [3/3 files]
                         ch77  method=isolation_forest      max_z=5.21      if_score=-0.6893     features=[]  [3/3 files]
                         ch78  method=statistical+IF        max_z=8.98      if_score=-0.7512     features=[sideband_mean_mean;sideband_mean_std]  [3/3 files]
                         ch79  method=statistical+IF        max_z=7.3       if_score=-0.7525     features=[sideband_mean_mean;pulseHeight_min_median]  [3/3 files]
                         ch86  method=statistical+IF        max_z=20.28     if_score=-0.7783     features=[sideband_mean_mean;sideband_mean_std;sideband_rms_mean;sideband_rms_std;nPulses_mean;nPulses_median;pulseHeight_max_mean;pulseHeight_max_median;pulseArea_max_mean;pulseArea_max_std;pulseArea_max_median]  [3/3 files]
                         ch87  method=statistical+IF        max_z=19.04     if_score=-0.771      features=[sideband_mean_mean;sideband_mean_std;sideband_mean_median;sideband_rms_mean;sideband_rms_std;pulseHeight_max_mean]  [3/3 files]
                          ch6  method=statistical           max_z=6.64      if_score=-0.496      features=[nPulses_median]  [1/3 files]
  [run 1543] New run — channel history reset
[OK]    2026-04-28T18:52:08Z  Digitizer_run1543_subrun11.csv  —  2 transient anomalous channel(s), streak not established  [window: 3 files]
                         ch80  method=statistical           max_z=6.01      if_score=-0.4831     features=[sideband_rms_mean]  [1/3 files]
                         ch81  method=statistical           max_z=7.03      if_score=-0.5306     features=[sideband_rms_mean]  [1/3 files]
[OK]    2026-04-28T18:52:10Z  Digitizer_run1543_subrun19.csv  —  96 channels, all nominal
[OK]    2026-04-28T18:52:12Z  Digitizer_run1543_subrun28.csv  —  96 channels, all nominal
[OK]    2026-04-28T18:52:14Z  Digitizer_run1543_subrun44.csv  —  96 channels, all nominal
[OK]    2026-04-28T18:52:16Z  Digitizer_run1543_subrun53.csv  —  96 channels, all nominal
[OK]    2026-04-28T18:52:18Z  Digitizer_run1543_subrun73.csv  —  1 transient anomalous channel(s), streak not established  [window: 3 files]
                          ch2  method=statistical           max_z=9.52      if_score=-0.5592     features=[nPulses_median]  [1/3 files]
[OK]    2026-04-28T18:52:20Z  Digitizer_run1543_subrun75.csv  —  96 channels, all nominal
[OK]    2026-04-28T18:52:22Z  Digitizer_run1543_subrun118.csv  —  96 channels, all nominal
[OK]    2026-04-28T18:52:23Z  Digitizer_run1543_subrun125.csv  —  96 channels, all nominal
[OK]    2026-04-28T18:52:25Z  Digitizer_run1543_subrun130.csv  —  1 transient anomalous channel(s), streak not established  [window: 3 files]
                         ch33  method=statistical           max_z=8.88      if_score=-0.5083     features=[nPulses_median]  [1/3 files]
[OK]    2026-04-28T18:52:27Z  Digitizer_run1543_subrun152.csv  —  96 channels, all nominal
[OK]    2026-04-28T18:52:28Z  Digitizer_run1543_subrun153.csv  —  96 channels, all nominal
[OK]    2026-04-28T18:52:30Z  Digitizer_run1543_subrun155.csv  —  1 transient anomalous channel(s), streak not established  [window: 3 files]
                          ch1  method=statistical           max_z=6.04      if_score=-0.4633     features=[nPulses_median]  [1/3 files]
[OK]    2026-04-28T18:52:32Z  Digitizer_run1543_subrun160.csv  —  1 transient anomalous channel(s), streak not established  [window: 3 files]
                          ch6  method=statistical           max_z=6.64      if_score=-0.4552     features=[nPulses_median]  [1/3 files]
[OK]    2026-04-28T18:52:33Z  Digitizer_run1543_subrun189.csv  —  96 channels, all nominal
[OK]    2026-04-28T18:52:35Z  Digitizer_run1543_subrun190.csv  —  96 channels, all nominal
[OK]    2026-04-28T18:52:36Z  Digitizer_run1543_subrun194.csv  —  96 channels, all nominal
[OK]    2026-04-28T18:52:38Z  Digitizer_run1543_subrun200.csv  —  96 channels, all nominal
[OK]    2026-04-28T18:52:40Z  Digitizer_run1543_subrun217.csv  —  96 channels, all nominal
[OK]    2026-04-28T18:52:41Z  Digitizer_run1543_subrun221.csv  —  96 channels, all nominal
[OK]    2026-04-28T18:52:43Z  Digitizer_run1543_subrun225.csv  —  1 transient anomalous channel(s), streak not established  [window: 3 files]
                          ch1  method=statistical           max_z=6.04      if_score=-0.4455     features=[nPulses_median]  [1/3 files]
[OK]    2026-04-28T18:52:45Z  Digitizer_run1543_subrun227.csv  —  96 channels, all nominal
[OK]    2026-04-28T18:52:46Z  Digitizer_run1543_subrun249.csv  —  96 channels, all nominal
[OK]    2026-04-28T18:52:48Z  Digitizer_run1543_subrun257.csv  —  96 channels, all nominal
[OK]    2026-04-28T18:52:50Z  Digitizer_run1543_subrun269.csv  —  96 channels, all nominal
[OK]    2026-04-28T18:52:51Z  Digitizer_run1543_subrun270.csv  —  96 channels, all nominal
[OK]    2026-04-28T18:52:53Z  Digitizer_run1543_subrun281.csv  —  96 channels, all nominal
[OK]    2026-04-28T18:52:55Z  Digitizer_run1543_subrun291.csv  —  96 channels, all nominal
[OK]    2026-04-28T18:52:56Z  Digitizer_run1543_subrun313.csv  —  96 channels, all nominal
[OK]    2026-04-28T18:52:58Z  Digitizer_run1543_subrun318.csv  —  96 channels, all nominal
[OK]    2026-04-28T18:53:00Z  Digitizer_run1543_subrun337.csv  —  96 channels, all nominal
[OK]    2026-04-28T18:53:01Z  Digitizer_run1543_subrun339.csv  —  96 channels, all nominal
[OK]    2026-04-28T18:53:03Z  Digitizer_run1543_subrun352.csv  —  2 transient anomalous channel(s), streak not established  [window: 3 files]
                         ch32  method=statistical           max_z=7.89      if_score=-0.5298     features=[sideband_rms_mean]  [1/3 files]
                         ch33  method=statistical           max_z=6.25      if_score=-0.5191     features=[sideband_rms_mean]  [1/3 files]
[OK]    2026-04-28T18:53:04Z  Digitizer_run1543_subrun355.csv  —  96 channels, all nominal
[OK]    2026-04-28T18:53:06Z  Digitizer_run1543_subrun356.csv  —  96 channels, all nominal
[OK]    2026-04-28T18:53:08Z  Digitizer_run1543_subrun363.csv  —  96 channels, all nominal
[OK]    2026-04-28T18:53:10Z  Digitizer_run1543_subrun375.csv  —  1 transient anomalous channel(s), streak not established  [window: 3 files]
                         ch26  method=statistical           max_z=12.25     if_score=-0.4911     features=[nPulses_median]  [1/3 files]
[OK]    2026-04-28T18:53:12Z  Digitizer_run1543_subrun377.csv  —  96 channels, all nominal
[OK]    2026-04-28T18:53:14Z  Digitizer_run1543_subrun381.csv  —  1 transient anomalous channel(s), streak not established  [window: 3 files]
                          ch2  method=statistical           max_z=9.52      if_score=-0.4821     features=[nPulses_median]  [1/3 files]
[OK]    2026-04-28T18:53:15Z  Digitizer_run1543_subrun387.csv  —  96 channels, all nominal
[OK]    2026-04-28T18:53:17Z  Digitizer_run1543_subrun398.csv  —  96 channels, all nominal
[OK]    2026-04-28T18:53:19Z  Digitizer_run1543_subrun405.csv  —  96 channels, all nominal
[OK]    2026-04-28T18:53:21Z  Digitizer_run1543_subrun411.csv  —  1 transient anomalous channel(s), streak not established  [window: 3 files]
                         ch33  method=statistical           max_z=8.88      if_score=-0.5296     features=[nPulses_median]  [1/3 files]
[OK]    2026-04-28T18:53:23Z  Digitizer_run1543_subrun416.csv  —  96 channels, all nominal
[OK]    2026-04-28T18:53:24Z  Digitizer_run1543_subrun419.csv  —  96 channels, all nominal
[OK]    2026-04-28T18:53:26Z  Digitizer_run1543_subrun421.csv  —  96 channels, all nominal
[OK]    2026-04-28T18:53:28Z  Digitizer_run1543_subrun425.csv  —  96 channels, all nominal
[OK]    2026-04-28T18:53:30Z  Digitizer_run1543_subrun437.csv  —  96 channels, all nominal
[OK]    2026-04-28T18:53:32Z  Digitizer_run1543_subrun469.csv  —  96 channels, all nominal
[OK]    2026-04-28T18:53:33Z  Digitizer_run1543_subrun470.csv  —  2 transient anomalous channel(s), streak not established  [window: 3 files]
                         ch35  method=statistical           max_z=6.06      if_score=-0.5464     features=[pulseDuriation_min_mean]  [1/3 files]
                          ch6  method=statistical           max_z=6.64      if_score=-0.5024     features=[nPulses_median]  [1/3 files]
[OK]    2026-04-28T18:53:35Z  Digitizer_run1543_subrun480.csv  —  1 transient anomalous channel(s), streak not established  [window: 3 files]
                         ch88  method=statistical           max_z=9.27      if_score=-0.4975     features=[nPulses_median]  [1/3 files]
[OK]    2026-04-28T18:53:37Z  Digitizer_run1543_subrun485.csv  —  1 transient anomalous channel(s), streak not established  [window: 3 files]
                         ch22  method=statistical           max_z=7.13      if_score=-0.5795     features=[pulseDuriation_max_std;pulseDuriation_min_std]  [1/3 files]
  --- 1100/1398 files processed ---
[OK]    2026-04-28T18:53:39Z  Digitizer_run1543_subrun490.csv  —  96 channels, all nominal
[OK]    2026-04-28T18:53:41Z  Digitizer_run1543_subrun502.csv  —  96 channels, all nominal
[OK]    2026-04-28T18:53:43Z  Digitizer_run1543_subrun504.csv  —  1 transient anomalous channel(s), streak not established  [window: 3 files]
                          ch2  method=statistical           max_z=9.52      if_score=-0.444      features=[nPulses_median]  [1/3 files]
[OK]    2026-04-28T18:53:44Z  Digitizer_run1543_subrun512.csv  —  96 channels, all nominal
[OK]    2026-04-28T18:53:46Z  Digitizer_run1543_subrun516.csv  —  96 channels, all nominal
[OK]    2026-04-28T18:53:48Z  Digitizer_run1543_subrun519.csv  —  96 channels, all nominal
[OK]    2026-04-28T18:53:50Z  Digitizer_run1543_subrun523.csv  —  96 channels, all nominal
[OK]    2026-04-28T18:53:52Z  Digitizer_run1543_subrun524.csv  —  96 channels, all nominal
[OK]    2026-04-28T18:53:53Z  Digitizer_run1543_subrun531.csv  —  96 channels, all nominal
[OK]    2026-04-28T18:53:55Z  Digitizer_run1543_subrun548.csv  —  96 channels, all nominal
[OK]    2026-04-28T18:53:56Z  Digitizer_run1543_subrun558.csv  —  96 channels, all nominal
[OK]    2026-04-28T18:53:58Z  Digitizer_run1543_subrun567.csv  —  96 channels, all nominal
[OK]    2026-04-28T18:54:00Z  Digitizer_run1543_subrun576.csv  —  96 channels, all nominal
  [run 1544] New run — channel history reset
[OK]    2026-04-28T18:54:01Z  Digitizer_run1544_subrun1.csv  —  96 channels, all nominal
[OK]    2026-04-28T18:54:03Z  Digitizer_run1544_subrun2.csv  —  96 channels, all nominal
[OK]    2026-04-28T18:54:04Z  Digitizer_run1544_subrun16.csv  —  96 channels, all nominal
[OK]    2026-04-28T18:54:06Z  Digitizer_run1544_subrun23.csv  —  96 channels, all nominal
[OK]    2026-04-28T18:54:08Z  Digitizer_run1544_subrun41.csv  —  96 channels, all nominal
[OK]    2026-04-28T18:54:10Z  Digitizer_run1544_subrun51.csv  —  96 channels, all nominal
[OK]    2026-04-28T18:54:12Z  Digitizer_run1544_subrun81.csv  —  96 channels, all nominal
[OK]    2026-04-28T18:54:14Z  Digitizer_run1544_subrun87.csv  —  96 channels, all nominal
[OK]    2026-04-28T18:54:15Z  Digitizer_run1544_subrun99.csv  —  96 channels, all nominal
[OK]    2026-04-28T18:54:17Z  Digitizer_run1544_subrun103.csv  —  96 channels, all nominal
[OK]    2026-04-28T18:54:19Z  Digitizer_run1544_subrun123.csv  —  96 channels, all nominal
[OK]    2026-04-28T18:54:20Z  Digitizer_run1544_subrun128.csv  —  1 transient anomalous channel(s), streak not established  [window: 3 files]
                         ch95  method=statistical           max_z=7.37      if_score=-0.4633     features=[nPulses_median]  [1/3 files]
[OK]    2026-04-28T18:54:22Z  Digitizer_run1544_subrun153.csv  —  96 channels, all nominal
[OK]    2026-04-28T18:54:24Z  Digitizer_run1544_subrun164.csv  —  96 channels, all nominal
[OK]    2026-04-28T18:54:26Z  Digitizer_run1544_subrun167.csv  —  96 channels, all nominal
  [run 1552] New run — channel history reset
[OK]    2026-04-28T18:54:28Z  Digitizer_run1552_subrun1.csv  —  1 transient anomalous channel(s), streak not established  [window: 3 files]
                         ch94  method=statistical           max_z=7.56      if_score=-0.5209     features=[pulseHeight_min_median;pulseArea_min_median]  [1/3 files]
[OK]    2026-04-28T18:54:30Z  Digitizer_run1552_subrun31.csv  —  1 transient anomalous channel(s), streak not established  [window: 3 files]
                          ch2  method=statistical           max_z=9.52      if_score=-0.4888     features=[nPulses_median]  [1/3 files]
[OK]    2026-04-28T18:54:31Z  Digitizer_run1552_subrun38.csv  —  96 channels, all nominal
[OK]    2026-04-28T18:54:33Z  Digitizer_run1552_subrun47.csv  —  96 channels, all nominal
[OK]    2026-04-28T18:54:35Z  Digitizer_run1552_subrun48.csv  —  96 channels, all nominal
[OK]    2026-04-28T18:54:36Z  Digitizer_run1552_subrun51.csv  —  2 transient anomalous channel(s), streak not established  [window: 3 files]
                         ch12  method=statistical           max_z=6.06      if_score=-0.5304     features=[pulseDuriation_min_std]  [1/3 files]
                          ch4  method=isolation_forest      max_z=5.07      if_score=-0.609      features=[]  [1/3 files]
[OK]    2026-04-28T18:54:38Z  Digitizer_run1552_subrun59.csv  —  96 channels, all nominal
[OK]    2026-04-28T18:54:40Z  Digitizer_run1552_subrun68.csv  —  96 channels, all nominal
[OK]    2026-04-28T18:54:42Z  Digitizer_run1552_subrun79.csv  —  96 channels, all nominal
[OK]    2026-04-28T18:54:43Z  Digitizer_run1552_subrun87.csv  —  96 channels, all nominal
[OK]    2026-04-28T18:54:45Z  Digitizer_run1552_subrun92.csv  —  96 channels, all nominal
[OK]    2026-04-28T18:54:47Z  Digitizer_run1552_subrun99.csv  —  1 transient anomalous channel(s), streak not established  [window: 3 files]
                          ch2  method=statistical           max_z=9.52      if_score=-0.495      features=[nPulses_median]  [1/3 files]
[OK]    2026-04-28T18:54:49Z  Digitizer_run1552_subrun100.csv  —  96 channels, all nominal
[OK]    2026-04-28T18:54:50Z  Digitizer_run1552_subrun106.csv  —  96 channels, all nominal
[OK]    2026-04-28T18:54:52Z  Digitizer_run1552_subrun120.csv  —  1 transient anomalous channel(s), streak not established  [window: 3 files]
                         ch13  method=statistical+IF        max_z=7.4       if_score=-0.618      features=[pulseHeight_min_median;pulseArea_min_median]  [1/3 files]
[OK]    2026-04-28T18:54:54Z  Digitizer_run1552_subrun135.csv  —  96 channels, all nominal
[OK]    2026-04-28T18:54:56Z  Digitizer_run1552_subrun151.csv  —  1 transient anomalous channel(s), streak not established  [window: 3 files]
                          ch7  method=statistical           max_z=6.35      if_score=-0.536      features=[pulseDuriation_min_std]  [1/3 files]
[OK]    2026-04-28T18:54:58Z  Digitizer_run1552_subrun155.csv  —  96 channels, all nominal
[OK]    2026-04-28T18:55:00Z  Digitizer_run1552_subrun156.csv  —  96 channels, all nominal
[OK]    2026-04-28T18:55:01Z  Digitizer_run1552_subrun181.csv  —  96 channels, all nominal
[OK]    2026-04-28T18:55:03Z  Digitizer_run1552_subrun187.csv  —  1 transient anomalous channel(s), streak not established  [window: 3 files]
                         ch95  method=isolation_forest      max_z=4.4       if_score=-0.6241     features=[]  [1/3 files]
[OK]    2026-04-28T18:55:05Z  Digitizer_run1552_subrun195.csv  —  96 channels, all nominal
[OK]    2026-04-28T18:55:06Z  Digitizer_run1552_subrun198.csv  —  96 channels, all nominal
[OK]    2026-04-28T18:55:08Z  Digitizer_run1552_subrun208.csv  —  96 channels, all nominal
[OK]    2026-04-28T18:55:10Z  Digitizer_run1552_subrun209.csv  —  1 transient anomalous channel(s), streak not established  [window: 3 files]
                         ch26  method=statistical           max_z=12.25     if_score=-0.5334     features=[nPulses_median]  [1/3 files]
[OK]    2026-04-28T18:55:12Z  Digitizer_run1552_subrun212.csv  —  96 channels, all nominal
[OK]    2026-04-28T18:55:13Z  Digitizer_run1552_subrun213.csv  —  96 channels, all nominal
[OK]    2026-04-28T18:55:15Z  Digitizer_run1552_subrun224.csv  —  96 channels, all nominal
[OK]    2026-04-28T18:55:17Z  Digitizer_run1552_subrun226.csv  —  96 channels, all nominal
[OK]    2026-04-28T18:55:18Z  Digitizer_run1552_subrun246.csv  —  96 channels, all nominal
[OK]    2026-04-28T18:55:20Z  Digitizer_run1552_subrun250.csv  —  96 channels, all nominal
[OK]    2026-04-28T18:55:21Z  Digitizer_run1552_subrun274.csv  —  96 channels, all nominal
[OK]    2026-04-28T18:55:23Z  Digitizer_run1552_subrun275.csv  —  96 channels, all nominal
[OK]    2026-04-28T18:55:25Z  Digitizer_run1552_subrun276.csv  —  96 channels, all nominal
[OK]    2026-04-28T18:55:27Z  Digitizer_run1552_subrun284.csv  —  96 channels, all nominal
[OK]    2026-04-28T18:55:28Z  Digitizer_run1552_subrun302.csv  —  1 transient anomalous channel(s), streak not established  [window: 3 files]
                         ch33  method=statistical           max_z=8.88      if_score=-0.5106     features=[nPulses_median]  [1/3 files]
[OK]    2026-04-28T18:55:30Z  Digitizer_run1552_subrun304.csv  —  1 transient anomalous channel(s), streak not established  [window: 3 files]
                         ch32  method=statistical           max_z=6.31      if_score=-0.5941     features=[pulseHeight_min_median;pulseArea_min_median]  [1/3 files]
[OK]    2026-04-28T18:55:32Z  Digitizer_run1552_subrun313.csv  —  1 transient anomalous channel(s), streak not established  [window: 3 files]
                          ch6  method=statistical           max_z=6.64      if_score=-0.5246     features=[nPulses_median]  [1/3 files]
[OK]    2026-04-28T18:55:33Z  Digitizer_run1552_subrun319.csv  —  96 channels, all nominal
[OK]    2026-04-28T18:55:35Z  Digitizer_run1552_subrun330.csv  —  96 channels, all nominal
[OK]    2026-04-28T18:55:37Z  Digitizer_run1552_subrun341.csv  —  96 channels, all nominal
[OK]    2026-04-28T18:55:39Z  Digitizer_run1552_subrun344.csv  —  1 transient anomalous channel(s), streak not established  [window: 3 files]
                         ch88  method=statistical           max_z=9.27      if_score=-0.5025     features=[nPulses_median]  [1/3 files]
[OK]    2026-04-28T18:55:40Z  Digitizer_run1552_subrun348.csv  —  96 channels, all nominal
[OK]    2026-04-28T18:55:42Z  Digitizer_run1552_subrun360.csv  —  1 transient anomalous channel(s), streak not established  [window: 3 files]
                          ch6  method=statistical           max_z=6.64      if_score=-0.4367     features=[nPulses_median]  [1/3 files]
[OK]    2026-04-28T18:55:43Z  Digitizer_run1552_subrun369.csv  —  96 channels, all nominal
[OK]    2026-04-28T18:55:45Z  Digitizer_run1552_subrun375.csv  —  2 transient anomalous channel(s), streak not established  [window: 3 files]
                          ch1  method=statistical           max_z=6.04      if_score=-0.4735     features=[nPulses_median]  [1/3 files]
                         ch26  method=statistical           max_z=12.25     if_score=-0.4635     features=[nPulses_median]  [1/3 files]
[OK]    2026-04-28T18:55:47Z  Digitizer_run1552_subrun384.csv  —  96 channels, all nominal
[OK]    2026-04-28T18:55:48Z  Digitizer_run1552_subrun387.csv  —  96 channels, all nominal
[OK]    2026-04-28T18:55:50Z  Digitizer_run1552_subrun399.csv  —  96 channels, all nominal
[OK]    2026-04-28T18:55:51Z  Digitizer_run1552_subrun416.csv  —  96 channels, all nominal
[OK]    2026-04-28T18:55:53Z  Digitizer_run1552_subrun449.csv  —  1 transient anomalous channel(s), streak not established  [window: 3 files]
                         ch94  method=statistical           max_z=9.22      if_score=-0.4564     features=[nPulses_median]  [1/3 files]
[OK]    2026-04-28T18:55:55Z  Digitizer_run1552_subrun467.csv  —  96 channels, all nominal
[OK]    2026-04-28T18:55:57Z  Digitizer_run1552_subrun477.csv  —  96 channels, all nominal
[OK]    2026-04-28T18:55:58Z  Digitizer_run1552_subrun501.csv  —  96 channels, all nominal
[OK]    2026-04-28T18:56:00Z  Digitizer_run1552_subrun518.csv  —  1 transient anomalous channel(s), streak not established  [window: 3 files]
                         ch94  method=statistical           max_z=9.22      if_score=-0.5297     features=[nPulses_median]  [1/3 files]
[OK]    2026-04-28T18:56:01Z  Digitizer_run1552_subrun521.csv  —  96 channels, all nominal
[OK]    2026-04-28T18:56:03Z  Digitizer_run1552_subrun527.csv  —  96 channels, all nominal
[OK]    2026-04-28T18:56:05Z  Digitizer_run1552_subrun545.csv  —  1 transient anomalous channel(s), streak not established  [window: 3 files]
                         ch18  method=statistical           max_z=6.56      if_score=-0.5198     features=[pulseArea_min_mean]  [1/3 files]
  [run 1553] New run — channel history reset
[OK]    2026-04-28T18:56:06Z  Digitizer_run1553_subrun2.csv  —  96 channels, all nominal
[OK]    2026-04-28T18:56:08Z  Digitizer_run1553_subrun9.csv  —  96 channels, all nominal
[OK]    2026-04-28T18:56:09Z  Digitizer_run1553_subrun10.csv  —  96 channels, all nominal
[OK]    2026-04-28T18:56:11Z  Digitizer_run1553_subrun15.csv  —  96 channels, all nominal
[OK]    2026-04-28T18:56:13Z  Digitizer_run1553_subrun24.csv  —  1 transient anomalous channel(s), streak not established  [window: 3 files]
                         ch33  method=statistical           max_z=8.88      if_score=-0.5175     features=[nPulses_median]  [1/3 files]
[OK]    2026-04-28T18:56:14Z  Digitizer_run1553_subrun27.csv  —  96 channels, all nominal
[OK]    2026-04-28T18:56:16Z  Digitizer_run1553_subrun31.csv  —  96 channels, all nominal
[OK]    2026-04-28T18:56:18Z  Digitizer_run1553_subrun32.csv  —  1 transient anomalous channel(s), streak not established  [window: 3 files]
                          ch3  method=statistical           max_z=7.06      if_score=-0.548      features=[pulseHeight_min_median;pulseArea_min_median]  [1/3 files]
[OK]    2026-04-28T18:56:20Z  Digitizer_run1553_subrun37.csv  —  1 transient anomalous channel(s), streak not established  [window: 3 files]
                         ch20  method=statistical           max_z=13.62     if_score=-0.5083     features=[nPulses_median]  [1/3 files]
[OK]    2026-04-28T18:56:22Z  Digitizer_run1553_subrun48.csv  —  1 transient anomalous channel(s), streak not established  [window: 3 files]
                         ch11  method=statistical           max_z=10.86     if_score=-0.4553     features=[nPulses_median]  [1/3 files]
[OK]    2026-04-28T18:56:23Z  Digitizer_run1553_subrun57.csv  —  1 transient anomalous channel(s), streak not established  [window: 3 files]
                         ch84  method=statistical           max_z=6.41      if_score=-0.5414     features=[pulseHeight_min_median]  [1/3 files]
[OK]    2026-04-28T18:56:25Z  Digitizer_run1553_subrun70.csv  —  1 transient anomalous channel(s), streak not established  [window: 3 files]
                         ch30  method=statistical           max_z=11.23     if_score=-0.5251     features=[nPulses_median]  [1/3 files]
[OK]    2026-04-28T18:56:27Z  Digitizer_run1553_subrun76.csv  —  96 channels, all nominal
[OK]    2026-04-28T18:56:29Z  Digitizer_run1553_subrun91.csv  —  1 transient anomalous channel(s), streak not established  [window: 3 files]
                         ch10  method=statistical           max_z=7.58      if_score=-0.4827     features=[nPulses_median]  [1/3 files]
  --- 1200/1398 files processed ---
[OK]    2026-04-28T18:56:30Z  Digitizer_run1553_subrun104.csv  —  96 channels, all nominal
[OK]    2026-04-28T18:56:32Z  Digitizer_run1553_subrun111.csv  —  96 channels, all nominal
[OK]    2026-04-28T18:56:34Z  Digitizer_run1553_subrun135.csv  —  96 channels, all nominal
[OK]    2026-04-28T18:56:36Z  Digitizer_run1553_subrun171.csv  —  96 channels, all nominal
[OK]    2026-04-28T18:56:38Z  Digitizer_run1553_subrun176.csv  —  1 transient anomalous channel(s), streak not established  [window: 3 files]
                         ch47  method=statistical           max_z=12.43     if_score=-0.5519     features=[nPulses_median]  [1/3 files]
[OK]    2026-04-28T18:56:39Z  Digitizer_run1553_subrun185.csv  —  96 channels, all nominal
[OK]    2026-04-28T18:56:41Z  Digitizer_run1553_subrun186.csv  —  96 channels, all nominal
[OK]    2026-04-28T18:56:43Z  Digitizer_run1553_subrun195.csv  —  96 channels, all nominal
[OK]    2026-04-28T18:56:45Z  Digitizer_run1553_subrun199.csv  —  96 channels, all nominal
[OK]    2026-04-28T18:56:47Z  Digitizer_run1553_subrun208.csv  —  96 channels, all nominal
[OK]    2026-04-28T18:56:48Z  Digitizer_run1553_subrun219.csv  —  96 channels, all nominal
[OK]    2026-04-28T18:56:50Z  Digitizer_run1553_subrun233.csv  —  96 channels, all nominal
[OK]    2026-04-28T18:56:52Z  Digitizer_run1553_subrun267.csv  —  96 channels, all nominal
[OK]    2026-04-28T18:56:53Z  Digitizer_run1553_subrun279.csv  —  96 channels, all nominal
[OK]    2026-04-28T18:56:55Z  Digitizer_run1553_subrun281.csv  —  1 transient anomalous channel(s), streak not established  [window: 3 files]
                          ch1  method=statistical           max_z=6.04      if_score=-0.4701     features=[nPulses_median]  [1/3 files]
[OK]    2026-04-28T18:56:57Z  Digitizer_run1553_subrun288.csv  —  96 channels, all nominal
[OK]    2026-04-28T18:56:59Z  Digitizer_run1553_subrun300.csv  —  96 channels, all nominal
[ALERT] 2026-04-28T18:57:01Z  Digitizer_run1553_subrun303.csv  —  extreme z=16.7 on 5
                          ch5  method=statistical           max_z=16.69     if_score=-0.5426     features=[nPulses_median]  [1/3 files]
[OK]    2026-04-28T18:57:03Z  Digitizer_run1553_subrun312.csv  —  96 channels, all nominal
[OK]    2026-04-28T18:57:05Z  Digitizer_run1553_subrun313.csv  —  96 channels, all nominal
[OK]    2026-04-28T18:57:07Z  Digitizer_run1553_subrun322.csv  —  96 channels, all nominal
[OK]    2026-04-28T18:57:09Z  Digitizer_run1553_subrun348.csv  —  96 channels, all nominal
[OK]    2026-04-28T18:57:11Z  Digitizer_run1553_subrun372.csv  —  96 channels, all nominal
[OK]    2026-04-28T18:57:12Z  Digitizer_run1553_subrun382.csv  —  96 channels, all nominal
[OK]    2026-04-28T18:57:14Z  Digitizer_run1553_subrun391.csv  —  96 channels, all nominal
[ALERT] 2026-04-28T18:57:16Z  Digitizer_run1553_subrun396.csv  —  extreme z=20.0 on 32
                         ch32  method=statistical           max_z=19.96     if_score=-0.4845     features=[nPulses_median]  [1/3 files]
[OK]    2026-04-28T18:57:18Z  Digitizer_run1553_subrun403.csv  —  96 channels, all nominal
[OK]    2026-04-28T18:57:20Z  Digitizer_run1553_subrun410.csv  —  96 channels, all nominal
[OK]    2026-04-28T18:57:21Z  Digitizer_run1553_subrun418.csv  —  1 transient anomalous channel(s), streak not established  [window: 3 files]
                         ch14  method=statistical           max_z=6.12      if_score=-0.4865     features=[sideband_rms_mean]  [1/3 files]
[OK]    2026-04-28T18:57:23Z  Digitizer_run1553_subrun431.csv  —  96 channels, all nominal
[OK]    2026-04-28T18:57:25Z  Digitizer_run1553_subrun448.csv  —  96 channels, all nominal
[OK]    2026-04-28T18:57:27Z  Digitizer_run1553_subrun452.csv  —  96 channels, all nominal
[OK]    2026-04-28T18:57:29Z  Digitizer_run1553_subrun468.csv  —  96 channels, all nominal
[OK]    2026-04-28T18:57:31Z  Digitizer_run1553_subrun474.csv  —  1 transient anomalous channel(s), streak not established  [window: 3 files]
                          ch2  method=statistical           max_z=9.52      if_score=-0.4784     features=[nPulses_median]  [1/3 files]
[OK]    2026-04-28T18:57:32Z  Digitizer_run1553_subrun482.csv  —  96 channels, all nominal
[OK]    2026-04-28T18:57:34Z  Digitizer_run1553_subrun486.csv  —  96 channels, all nominal
[OK]    2026-04-28T18:57:36Z  Digitizer_run1553_subrun494.csv  —  96 channels, all nominal
[OK]    2026-04-28T18:57:38Z  Digitizer_run1553_subrun501.csv  —  96 channels, all nominal
[OK]    2026-04-28T18:57:39Z  Digitizer_run1553_subrun504.csv  —  96 channels, all nominal
[OK]    2026-04-28T18:57:41Z  Digitizer_run1553_subrun517.csv  —  96 channels, all nominal
[OK]    2026-04-28T18:57:43Z  Digitizer_run1553_subrun519.csv  —  96 channels, all nominal
[OK]    2026-04-28T18:57:44Z  Digitizer_run1553_subrun526.csv  —  1 transient anomalous channel(s), streak not established  [window: 3 files]
                          ch6  method=statistical           max_z=6.64      if_score=-0.4674     features=[nPulses_median]  [1/3 files]
[OK]    2026-04-28T18:57:46Z  Digitizer_run1553_subrun542.csv  —  2 transient anomalous channel(s), streak not established  [window: 3 files]
                         ch52  method=statistical           max_z=6.05      if_score=-0.5659     features=[pulseDuriation_min_mean]  [1/3 files]
                         ch85  method=statistical           max_z=6.69      if_score=-0.5613     features=[pulseDuriation_max_mean;pulseDuriation_max_std;pulseDuriation_min_mean;pulseDuriation_min_std]  [1/3 files]
[OK]    2026-04-28T18:57:48Z  Digitizer_run1553_subrun549.csv  —  96 channels, all nominal
[OK]    2026-04-28T18:57:50Z  Digitizer_run1553_subrun550.csv  —  1 transient anomalous channel(s), streak not established  [window: 3 files]
                          ch6  method=statistical           max_z=6.64      if_score=-0.4442     features=[nPulses_median]  [1/3 files]
[OK]    2026-04-28T18:57:51Z  Digitizer_run1553_subrun553.csv  —  96 channels, all nominal
[OK]    2026-04-28T18:57:53Z  Digitizer_run1553_subrun564.csv  —  96 channels, all nominal
[OK]    2026-04-28T18:57:55Z  Digitizer_run1553_subrun565.csv  —  96 channels, all nominal
[OK]    2026-04-28T18:57:57Z  Digitizer_run1553_subrun567.csv  —  96 channels, all nominal
[OK]    2026-04-28T18:57:59Z  Digitizer_run1553_subrun580.csv  —  2 transient anomalous channel(s), streak not established  [window: 3 files]
                         ch14  method=statistical+IF        max_z=7.63      if_score=-0.624      features=[pulseHeight_min_median;pulseArea_min_median]  [1/3 files]
                         ch22  method=statistical+IF        max_z=7.43      if_score=-0.6415     features=[pulseDuriation_max_std;pulseDuriation_min_mean;pulseDuriation_min_std]  [1/3 files]
  [run 1554] New run — channel history reset
[OK]    2026-04-28T18:58:01Z  Digitizer_run1554_subrun11.csv  —  96 channels, all nominal
[OK]    2026-04-28T18:58:03Z  Digitizer_run1554_subrun13.csv  —  96 channels, all nominal
[OK]    2026-04-28T18:58:04Z  Digitizer_run1554_subrun26.csv  —  96 channels, all nominal
[OK]    2026-04-28T18:58:06Z  Digitizer_run1554_subrun43.csv  —  96 channels, all nominal
[OK]    2026-04-28T18:58:08Z  Digitizer_run1554_subrun51.csv  —  96 channels, all nominal
[OK]    2026-04-28T18:58:10Z  Digitizer_run1554_subrun59.csv  —  96 channels, all nominal
[OK]    2026-04-28T18:58:12Z  Digitizer_run1554_subrun62.csv  —  1 transient anomalous channel(s), streak not established  [window: 3 files]
                         ch94  method=statistical           max_z=9.22      if_score=-0.472      features=[nPulses_median]  [1/3 files]
[OK]    2026-04-28T18:58:14Z  Digitizer_run1554_subrun92.csv  —  96 channels, all nominal
[OK]    2026-04-28T18:58:16Z  Digitizer_run1554_subrun103.csv  —  2 transient anomalous channel(s), streak not established  [window: 3 files]
                          ch1  method=statistical           max_z=6.04      if_score=-0.4478     features=[nPulses_median]  [1/3 files]
                         ch17  method=statistical           max_z=6.13      if_score=-0.4901     features=[pulseHeight_min_median]  [1/3 files]
[OK]    2026-04-28T18:58:18Z  Digitizer_run1554_subrun113.csv  —  96 channels, all nominal
[ALERT] 2026-04-28T18:58:19Z  Digitizer_run1554_subrun122.csv  —  extreme z=15.6 on 21
                         ch21  method=statistical           max_z=15.56     if_score=-0.5085     features=[nPulses_median]  [1/3 files]
[OK]    2026-04-28T18:58:21Z  Digitizer_run1554_subrun126.csv  —  96 channels, all nominal
[OK]    2026-04-28T18:58:23Z  Digitizer_run1554_subrun128.csv  —  96 channels, all nominal
[ALERT] 2026-04-28T18:58:25Z  Digitizer_run1554_subrun131.csv  —  extreme z=16.7 on 5
                          ch5  method=statistical           max_z=16.69     if_score=-0.4668     features=[nPulses_median]  [1/3 files]
[OK]    2026-04-28T18:58:27Z  Digitizer_run1554_subrun132.csv  —  96 channels, all nominal
[OK]    2026-04-28T18:58:29Z  Digitizer_run1554_subrun142.csv  —  1 transient anomalous channel(s), streak not established  [window: 3 files]
                         ch19  method=statistical           max_z=7.24      if_score=-0.5081     features=[pulseHeight_min_median]  [1/3 files]
[OK]    2026-04-28T18:58:31Z  Digitizer_run1554_subrun155.csv  —  1 transient anomalous channel(s), streak not established  [window: 3 files]
                          ch0  method=statistical           max_z=6.44      if_score=-0.5696     features=[pulseHeight_max_std]  [1/3 files]
[OK]    2026-04-28T18:58:33Z  Digitizer_run1554_subrun160.csv  —  96 channels, all nominal
[OK]    2026-04-28T18:58:34Z  Digitizer_run1554_subrun165.csv  —  96 channels, all nominal
[OK]    2026-04-28T18:58:36Z  Digitizer_run1554_subrun169.csv  —  1 transient anomalous channel(s), streak not established  [window: 3 files]
                         ch56  method=statistical           max_z=6.03      if_score=-0.5023     features=[sideband_mean_median]  [1/3 files]
[OK]    2026-04-28T18:58:38Z  Digitizer_run1554_subrun171.csv  —  1 transient anomalous channel(s), streak not established  [window: 3 files]
                          ch1  method=statistical           max_z=6.04      if_score=-0.4467     features=[nPulses_median]  [1/3 files]
[OK]    2026-04-28T18:58:40Z  Digitizer_run1554_subrun175.csv  —  96 channels, all nominal
[OK]    2026-04-28T18:58:42Z  Digitizer_run1554_subrun182.csv  —  1 transient anomalous channel(s), streak not established  [window: 3 files]
                          ch2  method=statistical           max_z=9.52      if_score=-0.5211     features=[nPulses_median]  [1/3 files]
[OK]    2026-04-28T18:58:44Z  Digitizer_run1554_subrun197.csv  —  96 channels, all nominal
[OK]    2026-04-28T18:58:45Z  Digitizer_run1554_subrun202.csv  —  96 channels, all nominal
[OK]    2026-04-28T18:58:47Z  Digitizer_run1554_subrun216.csv  —  96 channels, all nominal
[OK]    2026-04-28T18:58:49Z  Digitizer_run1554_subrun220.csv  —  96 channels, all nominal
[ALERT] 2026-04-28T18:58:51Z  Digitizer_run1554_subrun237.csv  —  extreme z=15.9 on 91
                         ch26  method=statistical           max_z=12.25     if_score=-0.5243     features=[nPulses_median]  [1/3 files]
                         ch91  method=statistical           max_z=15.91     if_score=-0.5462     features=[nPulses_median]  [1/3 files]
[OK]    2026-04-28T18:58:53Z  Digitizer_run1554_subrun261.csv  —  96 channels, all nominal
[OK]    2026-04-28T18:58:55Z  Digitizer_run1554_subrun263.csv  —  1 transient anomalous channel(s), streak not established  [window: 3 files]
                         ch90  method=statistical           max_z=6.0       if_score=-0.4653     features=[nPulses_median]  [1/3 files]
[OK]    2026-04-28T18:58:56Z  Digitizer_run1554_subrun265.csv  —  96 channels, all nominal
[OK]    2026-04-28T18:58:58Z  Digitizer_run1554_subrun285.csv  —  96 channels, all nominal
[OK]    2026-04-28T18:59:00Z  Digitizer_run1554_subrun289.csv  —  96 channels, all nominal
[OK]    2026-04-28T18:59:02Z  Digitizer_run1554_subrun311.csv  —  96 channels, all nominal
[OK]    2026-04-28T18:59:03Z  Digitizer_run1554_subrun333.csv  —  96 channels, all nominal
[OK]    2026-04-28T18:59:05Z  Digitizer_run1554_subrun334.csv  —  96 channels, all nominal
[OK]    2026-04-28T18:59:07Z  Digitizer_run1554_subrun336.csv  —  96 channels, all nominal
[OK]    2026-04-28T18:59:09Z  Digitizer_run1554_subrun342.csv  —  96 channels, all nominal
[OK]    2026-04-28T18:59:11Z  Digitizer_run1554_subrun347.csv  —  96 channels, all nominal
[OK]    2026-04-28T18:59:13Z  Digitizer_run1554_subrun369.csv  —  96 channels, all nominal
[OK]    2026-04-28T18:59:15Z  Digitizer_run1554_subrun384.csv  —  2 transient anomalous channel(s), streak not established  [window: 3 files]
                         ch19  method=isolation_forest      max_z=4.63      if_score=-0.626      features=[]  [1/3 files]
                         ch84  method=statistical           max_z=6.23      if_score=-0.5962     features=[pulseArea_min_median]  [1/3 files]
[OK]    2026-04-28T18:59:16Z  Digitizer_run1554_subrun386.csv  —  1 transient anomalous channel(s), streak not established  [window: 3 files]
                         ch95  method=statistical           max_z=7.37      if_score=-0.4453     features=[nPulses_median]  [1/3 files]
[OK]    2026-04-28T18:59:18Z  Digitizer_run1554_subrun391.csv  —  1 transient anomalous channel(s), streak not established  [window: 3 files]
                          ch6  method=statistical           max_z=6.64      if_score=-0.5504     features=[nPulses_median]  [1/3 files]
[OK]    2026-04-28T18:59:20Z  Digitizer_run1554_subrun419.csv  —  96 channels, all nominal
[OK]    2026-04-28T18:59:22Z  Digitizer_run1554_subrun421.csv  —  96 channels, all nominal
[OK]    2026-04-28T18:59:24Z  Digitizer_run1554_subrun431.csv  —  96 channels, all nominal
[OK]    2026-04-28T18:59:26Z  Digitizer_run1554_subrun435.csv  —  96 channels, all nominal
[OK]    2026-04-28T18:59:28Z  Digitizer_run1554_subrun459.csv  —  96 channels, all nominal
[OK]    2026-04-28T18:59:30Z  Digitizer_run1554_subrun477.csv  —  96 channels, all nominal
[OK]    2026-04-28T18:59:32Z  Digitizer_run1554_subrun496.csv  —  1 transient anomalous channel(s), streak not established  [window: 3 files]
                         ch10  method=statistical           max_z=7.58      if_score=-0.5341     features=[nPulses_median]  [1/3 files]
  --- 1300/1398 files processed ---
[OK]    2026-04-28T18:59:33Z  Digitizer_run1554_subrun500.csv  —  96 channels, all nominal
[OK]    2026-04-28T18:59:35Z  Digitizer_run1554_subrun512.csv  —  1 transient anomalous channel(s), streak not established  [window: 3 files]
                         ch16  method=statistical           max_z=6.19      if_score=-0.5025     features=[pulseHeight_min_median]  [1/3 files]
[OK]    2026-04-28T18:59:37Z  Digitizer_run1554_subrun524.csv  —  1 transient anomalous channel(s), streak not established  [window: 3 files]
                          ch6  method=statistical           max_z=6.64      if_score=-0.4281     features=[nPulses_median]  [1/3 files]
[OK]    2026-04-28T18:59:39Z  Digitizer_run1554_subrun533.csv  —  96 channels, all nominal
[OK]    2026-04-28T18:59:41Z  Digitizer_run1554_subrun541.csv  —  96 channels, all nominal
[OK]    2026-04-28T18:59:43Z  Digitizer_run1554_subrun551.csv  —  96 channels, all nominal
[OK]    2026-04-28T18:59:45Z  Digitizer_run1554_subrun562.csv  —  96 channels, all nominal
[OK]    2026-04-28T18:59:47Z  Digitizer_run1554_subrun578.csv  —  96 channels, all nominal
  [run 1555] New run — channel history reset
[OK]    2026-04-28T18:59:49Z  Digitizer_run1555_subrun3.csv  —  96 channels, all nominal
[OK]    2026-04-28T18:59:51Z  Digitizer_run1555_subrun26.csv  —  96 channels, all nominal
[OK]    2026-04-28T18:59:52Z  Digitizer_run1555_subrun41.csv  —  96 channels, all nominal
[OK]    2026-04-28T18:59:54Z  Digitizer_run1555_subrun45.csv  —  96 channels, all nominal
[OK]    2026-04-28T18:59:56Z  Digitizer_run1555_subrun55.csv  —  1 transient anomalous channel(s), streak not established  [window: 3 files]
                         ch11  method=statistical           max_z=10.12     if_score=-0.5324     features=[pulseHeight_min_median;pulseArea_min_median]  [1/3 files]
[OK]    2026-04-28T18:59:58Z  Digitizer_run1555_subrun59.csv  —  96 channels, all nominal
[OK]    2026-04-28T19:00:00Z  Digitizer_run1555_subrun68.csv  —  1 transient anomalous channel(s), streak not established  [window: 3 files]
                         ch11  method=statistical           max_z=10.86     if_score=-0.5582     features=[nPulses_median]  [2/3 files]
[OK]    2026-04-28T19:00:02Z  Digitizer_run1555_subrun94.csv  —  1 transient anomalous channel(s), streak not established  [window: 3 files]
                         ch63  method=statistical           max_z=6.01      if_score=-0.4694     features=[sideband_rms_mean]  [1/3 files]
[OK]    2026-04-28T19:00:05Z  Digitizer_run1555_subrun106.csv  —  96 channels, all nominal
[OK]    2026-04-28T19:00:08Z  Digitizer_run1555_subrun107.csv  —  96 channels, all nominal
[OK]    2026-04-28T19:00:10Z  Digitizer_run1555_subrun109.csv  —  96 channels, all nominal
[OK]    2026-04-28T19:00:12Z  Digitizer_run1555_subrun129.csv  —  96 channels, all nominal
[OK]    2026-04-28T19:00:14Z  Digitizer_run1555_subrun140.csv  —  1 transient anomalous channel(s), streak not established  [window: 3 files]
                         ch33  method=statistical           max_z=8.88      if_score=-0.4859     features=[nPulses_median]  [1/3 files]
[OK]    2026-04-28T19:00:16Z  Digitizer_run1555_subrun154.csv  —  1 transient anomalous channel(s), streak not established  [window: 3 files]
                         ch95  method=statistical           max_z=7.37      if_score=-0.4785     features=[nPulses_median]  [1/3 files]
[OK]    2026-04-28T19:00:17Z  Digitizer_run1555_subrun169.csv  —  96 channels, all nominal
[OK]    2026-04-28T19:00:19Z  Digitizer_run1555_subrun180.csv  —  96 channels, all nominal
[OK]    2026-04-28T19:00:21Z  Digitizer_run1555_subrun194.csv  —  96 channels, all nominal
[OK]    2026-04-28T19:00:23Z  Digitizer_run1555_subrun207.csv  —  96 channels, all nominal
[OK]    2026-04-28T19:00:25Z  Digitizer_run1555_subrun234.csv  —  96 channels, all nominal
[OK]    2026-04-28T19:00:27Z  Digitizer_run1555_subrun238.csv  —  96 channels, all nominal
[OK]    2026-04-28T19:00:29Z  Digitizer_run1555_subrun243.csv  —  96 channels, all nominal
[OK]    2026-04-28T19:00:31Z  Digitizer_run1555_subrun253.csv  —  96 channels, all nominal
[OK]    2026-04-28T19:00:33Z  Digitizer_run1555_subrun266.csv  —  96 channels, all nominal
[ALERT] 2026-04-28T19:00:35Z  Digitizer_run1555_subrun267.csv  —  extreme z=15.2 on 10
                         ch10  method=statistical           max_z=15.23     if_score=-0.4912     features=[nPulses_median]  [1/3 files]
[OK]    2026-04-28T19:00:37Z  Digitizer_run1555_subrun277.csv  —  96 channels, all nominal
[OK]    2026-04-28T19:00:39Z  Digitizer_run1555_subrun278.csv  —  96 channels, all nominal
[OK]    2026-04-28T19:00:40Z  Digitizer_run1555_subrun282.csv  —  96 channels, all nominal
[OK]    2026-04-28T19:00:42Z  Digitizer_run1555_subrun287.csv  —  96 channels, all nominal
[OK]    2026-04-28T19:00:44Z  Digitizer_run1555_subrun294.csv  —  96 channels, all nominal
[OK]    2026-04-28T19:00:46Z  Digitizer_run1555_subrun302.csv  —  96 channels, all nominal
[OK]    2026-04-28T19:00:48Z  Digitizer_run1555_subrun316.csv  —  96 channels, all nominal
[OK]    2026-04-28T19:00:50Z  Digitizer_run1555_subrun327.csv  —  96 channels, all nominal
[OK]    2026-04-28T19:00:52Z  Digitizer_run1555_subrun349.csv  —  96 channels, all nominal
[OK]    2026-04-28T19:00:53Z  Digitizer_run1555_subrun397.csv  —  96 channels, all nominal
[OK]    2026-04-28T19:00:55Z  Digitizer_run1555_subrun412.csv  —  96 channels, all nominal
[OK]    2026-04-28T19:00:59Z  Digitizer_run1555_subrun438.csv  —  96 channels, all nominal
[OK]    2026-04-28T19:01:01Z  Digitizer_run1555_subrun447.csv  —  96 channels, all nominal
[OK]    2026-04-28T19:01:03Z  Digitizer_run1555_subrun456.csv  —  96 channels, all nominal
[OK]    2026-04-28T19:01:04Z  Digitizer_run1555_subrun462.csv  —  96 channels, all nominal
[OK]    2026-04-28T19:01:06Z  Digitizer_run1555_subrun471.csv  —  96 channels, all nominal
[OK]    2026-04-28T19:01:08Z  Digitizer_run1555_subrun472.csv  —  96 channels, all nominal
[OK]    2026-04-28T19:01:10Z  Digitizer_run1555_subrun515.csv  —  96 channels, all nominal
[OK]    2026-04-28T19:01:11Z  Digitizer_run1555_subrun536.csv  —  96 channels, all nominal
[OK]    2026-04-28T19:01:13Z  Digitizer_run1555_subrun563.csv  —  1 transient anomalous channel(s), streak not established  [window: 3 files]
                         ch95  method=statistical           max_z=7.37      if_score=-0.4748     features=[nPulses_median]  [1/3 files]
[OK]    2026-04-28T19:01:15Z  Digitizer_run1555_subrun582.csv  —  96 channels, all nominal
[OK]    2026-04-28T19:01:17Z  Digitizer_run1555_subrun583.csv  —  3 transient anomalous channel(s), streak not established  [window: 3 files]
                          ch1  method=statistical           max_z=6.04      if_score=-0.5032     features=[nPulses_median]  [1/3 files]
                         ch17  method=statistical           max_z=7.11      if_score=-0.4573     features=[pulseHeight_min_median;pulseArea_min_median]  [1/3 files]
                         ch19  method=statistical           max_z=6.21      if_score=-0.5052     features=[pulseDuriation_min_mean]  [1/3 files]
[OK]    2026-04-28T19:01:19Z  Digitizer_run1555_subrun589.csv  —  96 channels, all nominal
[OK]    2026-04-28T19:01:21Z  Digitizer_run1555_subrun599.csv  —  96 channels, all nominal
[OK]    2026-04-28T19:01:23Z  Digitizer_run1555_subrun637.csv  —  96 channels, all nominal
[OK]    2026-04-28T19:01:25Z  Digitizer_run1555_subrun643.csv  —  96 channels, all nominal
  [run 1556] New run — channel history reset
[OK]    2026-04-28T19:01:27Z  Digitizer_run1556_subrun10.csv  —  96 channels, all nominal
[OK]    2026-04-28T19:01:28Z  Digitizer_run1556_subrun14.csv  —  96 channels, all nominal
[OK]    2026-04-28T19:01:30Z  Digitizer_run1556_subrun52.csv  —  1 transient anomalous channel(s), streak not established  [window: 3 files]
                          ch6  method=statistical           max_z=6.64      if_score=-0.4485     features=[nPulses_median]  [1/3 files]
[OK]    2026-04-28T19:01:32Z  Digitizer_run1556_subrun75.csv  —  96 channels, all nominal
[OK]    2026-04-28T19:01:34Z  Digitizer_run1556_subrun89.csv  —  96 channels, all nominal
[ALERT] 2026-04-28T19:01:36Z  Digitizer_run1556_subrun92.csv  —  extreme z=15.9 on 91
                          ch2  method=statistical           max_z=9.52      if_score=-0.4668     features=[nPulses_median]  [1/3 files]
                         ch91  method=statistical           max_z=15.91     if_score=-0.5155     features=[nPulses_median]  [1/3 files]
[OK]    2026-04-28T19:01:38Z  Digitizer_run1556_subrun111.csv  —  96 channels, all nominal
[OK]    2026-04-28T19:01:39Z  Digitizer_run1556_subrun114.csv  —  96 channels, all nominal
  [run 1557] New run — channel history reset
[ALERT] 2026-04-28T19:01:41Z  Digitizer_run1557_subrun5.csv  —  extreme z=16.7 on 14
                         ch14  method=statistical           max_z=16.69     if_score=-0.5245     features=[nPulses_median]  [1/3 files]
[OK]    2026-04-28T19:01:43Z  Digitizer_run1557_subrun6.csv  —  1 transient anomalous channel(s), streak not established  [window: 3 files]
                         ch33  method=statistical           max_z=8.88      if_score=-0.4879     features=[nPulses_median]  [1/3 files]
[OK]    2026-04-28T19:01:45Z  Digitizer_run1557_subrun8.csv  —  96 channels, all nominal
[OK]    2026-04-28T19:01:47Z  Digitizer_run1557_subrun38.csv  —  2 transient anomalous channel(s), streak not established  [window: 3 files]
                         ch54  method=isolation_forest      max_z=5.93      if_score=-0.6378     features=[]  [1/3 files]
                         ch90  method=statistical           max_z=12.09     if_score=-0.5153     features=[nPulses_median]  [1/3 files]
[OK]    2026-04-28T19:01:48Z  Digitizer_run1557_subrun46.csv  —  96 channels, all nominal
[OK]    2026-04-28T19:01:50Z  Digitizer_run1557_subrun55.csv  —  96 channels, all nominal
[OK]    2026-04-28T19:01:52Z  Digitizer_run1557_subrun74.csv  —  96 channels, all nominal
[OK]    2026-04-28T19:01:54Z  Digitizer_run1557_subrun88.csv  —  96 channels, all nominal
[OK]    2026-04-28T19:01:56Z  Digitizer_run1557_subrun96.csv  —  96 channels, all nominal
[OK]    2026-04-28T19:01:58Z  Digitizer_run1557_subrun100.csv  —  96 channels, all nominal
[OK]    2026-04-28T19:01:59Z  Digitizer_run1557_subrun103.csv  —  96 channels, all nominal
[OK]    2026-04-28T19:02:01Z  Digitizer_run1557_subrun109.csv  —  96 channels, all nominal
[OK]    2026-04-28T19:02:03Z  Digitizer_run1557_subrun116.csv  —  96 channels, all nominal
[OK]    2026-04-28T19:02:05Z  Digitizer_run1557_subrun120.csv  —  96 channels, all nominal
[OK]    2026-04-28T19:02:07Z  Digitizer_run1557_subrun130.csv  —  96 channels, all nominal
[OK]    2026-04-28T19:02:09Z  Digitizer_run1557_subrun133.csv  —  2 transient anomalous channel(s), streak not established  [window: 3 files]
                         ch21  method=statistical           max_z=7.74      if_score=-0.5029     features=[nPulses_median]  [1/3 files]
                         ch95  method=statistical           max_z=7.37      if_score=-0.4565     features=[nPulses_median]  [1/3 files]
[OK]    2026-04-28T19:02:11Z  Digitizer_run1557_subrun141.csv  —  1 transient anomalous channel(s), streak not established  [window: 3 files]
                          ch1  method=statistical           max_z=6.04      if_score=-0.4783     features=[nPulses_median]  [1/3 files]
[OK]    2026-04-28T19:02:12Z  Digitizer_run1557_subrun154.csv  —  1 transient anomalous channel(s), streak not established  [window: 3 files]
                         ch26  method=statistical           max_z=6.08      if_score=-0.5208     features=[nPulses_median]  [1/3 files]
[OK]    2026-04-28T19:02:14Z  Digitizer_run1557_subrun171.csv  —  96 channels, all nominal
[OK]    2026-04-28T19:02:16Z  Digitizer_run1557_subrun175.csv  —  96 channels, all nominal
[OK]    2026-04-28T19:02:18Z  Digitizer_run1557_subrun179.csv  —  96 channels, all nominal
[OK]    2026-04-28T19:02:20Z  Digitizer_run1557_subrun193.csv  —  96 channels, all nominal
[OK]    2026-04-28T19:02:22Z  Digitizer_run1557_subrun197.csv  —  96 channels, all nominal
[OK]    2026-04-28T19:02:24Z  Digitizer_run1557_subrun250.csv  —  96 channels, all nominal
[OK]    2026-04-28T19:02:25Z  Digitizer_run1557_subrun254.csv  —  1 transient anomalous channel(s), streak not established  [window: 3 files]
                         ch92  method=statistical+IF        max_z=11.54     if_score=-0.6673     features=[pulseHeight_max_median;pulseHeight_min_mean;pulseHeight_min_median;pulseArea_max_median;pulseArea_min_median]  [1/3 files]
[ALERT] 2026-04-28T19:02:27Z  Digitizer_run1557_subrun292.csv  —  9/96 anomalous ch  [bulk ≥5]  |  extreme z=25.3 on 90
                         ch20  method=statistical           max_z=8.29      if_score=-0.5355     features=[pulseHeight_min_median;pulseArea_min_median]  [1/3 files]
                         ch88  method=missing_channel       max_z=nan       if_score=nan         features=[missing_channel]  [1/3 files]
                         ch89  method=missing_channel       max_z=nan       if_score=nan         features=[missing_channel]  [1/3 files]
                         ch90  method=statistical+IF        max_z=25.33     if_score=-0.6148     features=[sideband_mean_median;pulseHeight_max_median;pulseHeight_min_mean;pulseHeight_min_median;pulseArea_max_median;pulseArea_min_median;occupancy]  [1/3 files]
                         ch91  method=statistical+IF        max_z=21.86     if_score=-0.6094     features=[pulseHeight_max_median;pulseHeight_min_mean;pulseHeight_min_median;pulseArea_max_median;pulseArea_min_median;occupancy]  [1/3 files]
                         ch92  method=statistical           max_z=14.52     if_score=-0.6034     features=[pulseHeight_min_median;pulseArea_min_median]  [2/3 files]
                         ch93  method=statistical+IF        max_z=8.08      if_score=-0.6255     features=[pulseHeight_min_mean;pulseHeight_min_std;pulseArea_min_mean]  [1/3 files]
                         ch94  method=statistical           max_z=7.13      if_score=-0.5462     features=[pulseHeight_max_std]  [1/3 files]
                         ch95  method=statistical           max_z=7.26      if_score=-0.5557     features=[sideband_mean_median;pulseHeight_min_median]  [1/3 files]
[ALERT] 2026-04-28T19:02:29Z  Digitizer_run1557_subrun296.csv  —  9/96 anomalous ch  [bulk ≥5]  |  extreme z=17.3 on 91
                         ch92  method=statistical+IF        max_z=15.49     if_score=-0.6192     features=[pulseHeight_max_std;pulseHeight_min_median;pulseArea_min_median]  [3/3 files]
                         ch21  method=isolation_forest      max_z=5.95      if_score=-0.6106     features=[]  [1/3 files]
                         ch88  method=missing_channel       max_z=nan       if_score=nan         features=[missing_channel]  [2/3 files]
                         ch89  method=missing_channel       max_z=nan       if_score=nan         features=[missing_channel]  [2/3 files]
                         ch90  method=statistical           max_z=6.21      if_score=-0.5547     features=[occupancy]  [2/3 files]
                         ch91  method=statistical+IF        max_z=17.33     if_score=-0.6352     features=[pulseHeight_max_std;pulseHeight_max_median;pulseHeight_min_mean;pulseHeight_min_median;pulseArea_min_median;occupancy]  [2/3 files]
                         ch93  method=statistical+IF        max_z=6.88      if_score=-0.6213     features=[pulseHeight_min_mean;pulseHeight_min_std]  [2/3 files]
                         ch94  method=statistical           max_z=9.81      if_score=-0.5992     features=[sideband_mean_median;pulseHeight_max_std;pulseHeight_min_median;pulseArea_min_median]  [2/3 files]
                         ch95  method=statistical           max_z=7.0       if_score=-0.5652     features=[sideband_mean_median]  [2/3 files]
[ALERT] 2026-04-28T19:02:31Z  Digitizer_run1557_subrun297.csv  —  7 persistent + 1 transient anomalous ch  (window: 3 files)  |  8/96 anomalous ch  [bulk ≥5]  |  extreme z=24.4 on 93
                         ch88  method=missing_channel       max_z=nan       if_score=nan         features=[missing_channel]  [3/3 files]
                         ch89  method=missing_channel       max_z=nan       if_score=nan         features=[missing_channel]  [3/3 files]
                         ch90  method=statistical           max_z=6.42      if_score=-0.5308     features=[sideband_mean_median;pulseDuriation_max_median]  [3/3 files]
                         ch91  method=statistical           max_z=14.63     if_score=-0.5991     features=[pulseHeight_min_median;pulseArea_min_median]  [3/3 files]
                         ch92  method=statistical+IF        max_z=12.16     if_score=-0.6176     features=[pulseHeight_min_median;pulseArea_min_median]  [3/3 files]
                         ch93  method=statistical+IF        max_z=24.39     if_score=-0.6921     features=[pulseHeight_max_mean;pulseHeight_max_median;pulseHeight_min_mean;pulseHeight_min_median;pulseArea_max_mean;pulseArea_max_median;pulseArea_min_mean;pulseArea_min_median;pulseDuriation_min_median]  [3/3 files]
                         ch94  method=statistical           max_z=7.09      if_score=-0.5544     features=[pulseHeight_max_std;pulseHeight_min_median;pulseArea_min_median]  [3/3 files]
                         ch40  method=statistical           max_z=18.11     if_score=-0.5414     features=[nPulses_median]  [1/3 files]
[ALERT] 2026-04-28T19:02:32Z  Digitizer_run1557_subrun298.csv  —  6 persistent + 2 transient anomalous ch  (window: 3 files)  |  8/96 anomalous ch  [bulk ≥5]
                         ch88  method=missing_channel       max_z=nan       if_score=nan         features=[missing_channel]  [3/3 files]
                         ch89  method=missing_channel       max_z=nan       if_score=nan         features=[missing_channel]  [3/3 files]
                         ch90  method=statistical           max_z=7.68      if_score=-0.5914     features=[sideband_mean_median;pulseDuriation_max_mean;pulseDuriation_max_median]  [3/3 files]
                         ch91  method=statistical           max_z=7.95      if_score=-0.5804     features=[sideband_mean_median;pulseDuriation_max_median;occupancy]  [3/3 files]
                         ch92  method=statistical           max_z=11.23     if_score=-0.6042     features=[pulseHeight_max_std;pulseHeight_min_median;pulseArea_min_median]  [3/3 files]
                         ch94  method=statistical           max_z=10.95     if_score=-0.5782     features=[pulseHeight_max_std;pulseHeight_min_median;pulseArea_min_median]  [3/3 files]
                         ch33  method=statistical           max_z=8.88      if_score=-0.5398     features=[nPulses_median]  [1/3 files]
                         ch95  method=statistical           max_z=12.78     if_score=-0.5762     features=[pulseHeight_min_median;pulseArea_min_median]  [2/3 files]
[ALERT] 2026-04-28T19:02:34Z  Digitizer_run1557_subrun319.csv  —  6 persistent + 2 transient anomalous ch  (window: 3 files)  |  8/96 anomalous ch  [bulk ≥5]  |  extreme z=16.9 on 95
                         ch88  method=missing_channel       max_z=nan       if_score=nan         features=[missing_channel]  [3/3 files]
                         ch89  method=missing_channel       max_z=nan       if_score=nan         features=[missing_channel]  [3/3 files]
                         ch90  method=statistical+IF        max_z=15.34     if_score=-0.6218     features=[pulseHeight_max_median;pulseHeight_min_median;pulseArea_min_median;occupancy]  [3/3 files]
                         ch91  method=statistical+IF        max_z=9.78      if_score=-0.6196     features=[sideband_mean_median;pulseHeight_max_std;pulseHeight_min_median;pulseArea_min_median;occupancy]  [3/3 files]
                         ch92  method=statistical+IF        max_z=10.5      if_score=-0.6258     features=[pulseHeight_max_std;pulseHeight_min_median]  [3/3 files]
                         ch94  method=statistical           max_z=12.33     if_score=-0.5859     features=[sideband_mean_median;pulseHeight_max_std;pulseHeight_min_median;pulseArea_min_median]  [3/3 files]
                         ch93  method=statistical+IF        max_z=7.65      if_score=-0.6428     features=[pulseHeight_min_mean;pulseHeight_min_median]  [2/3 files]
                         ch95  method=statistical+IF        max_z=16.88     if_score=-0.6126     features=[pulseHeight_max_std;pulseHeight_min_median;pulseArea_min_median]  [2/3 files]
[ALERT] 2026-04-28T19:02:36Z  Digitizer_run1557_subrun326.csv  —  7 persistent + 2 transient anomalous ch  (window: 3 files)  |  9/96 anomalous ch  [bulk ≥5]  |  extreme z=19.2 on 93
                         ch88  method=missing_channel       max_z=nan       if_score=nan         features=[missing_channel]  [3/3 files]
                         ch89  method=missing_channel       max_z=nan       if_score=nan         features=[missing_channel]  [3/3 files]
                         ch90  method=statistical+IF        max_z=12.35     if_score=-0.6197     features=[pulseHeight_min_median;pulseArea_min_median;pulseDuriation_max_mean;occupancy]  [3/3 files]
                         ch91  method=statistical           max_z=8.49      if_score=-0.5975     features=[pulseHeight_max_std;pulseHeight_min_median;occupancy]  [3/3 files]
                         ch92  method=statistical+IF        max_z=11.24     if_score=-0.6192     features=[sideband_rms_median;pulseHeight_max_std]  [3/3 files]
                         ch94  method=statistical           max_z=7.25      if_score=-0.5195     features=[pulseHeight_max_std]  [3/3 files]
                         ch95  method=statistical           max_z=6.01      if_score=-0.5534     features=[pulseHeight_max_std]  [3/3 files]
                         ch38  method=isolation_forest      max_z=5.22      if_score=-0.6572     features=[]  [1/3 files]
                         ch93  method=statistical+IF        max_z=19.18     if_score=-0.696      features=[pulseHeight_max_mean;pulseHeight_max_std;pulseHeight_max_median;pulseHeight_min_mean;pulseHeight_min_median;pulseArea_max_mean;pulseArea_max_median;pulseArea_min_mean;pulseArea_min_median;pulseDuriation_min_mean;pulseDuriation_min_median]  [2/3 files]
  [run 1562] New run — channel history reset
[ALERT] 2026-04-28T19:02:38Z  Digitizer_run1562_subrun5.csv  —  9/96 anomalous ch  [bulk ≥5]  |  extreme z=17.0 on 93
                         ch32  method=statistical           max_z=9.95      if_score=-0.5287     features=[nPulses_median]  [1/3 files]
                         ch88  method=missing_channel       max_z=nan       if_score=nan         features=[missing_channel]  [1/3 files]
                         ch89  method=missing_channel       max_z=nan       if_score=nan         features=[missing_channel]  [1/3 files]
                         ch90  method=statistical+IF        max_z=9.44      if_score=-0.6306     features=[pulseHeight_max_std;pulseDuriation_max_mean;pulseDuriation_max_median;occupancy]  [1/3 files]
                         ch91  method=statistical+IF        max_z=10.83     if_score=-0.6251     features=[pulseHeight_max_mean;pulseHeight_max_std;pulseDuriation_max_mean;pulseDuriation_max_median;occupancy]  [1/3 files]
                         ch92  method=statistical+IF        max_z=13.9      if_score=-0.6393     features=[pulseHeight_max_std;pulseHeight_min_std;pulseDuriation_max_median]  [1/3 files]
                         ch93  method=statistical+IF        max_z=16.97     if_score=-0.6953     features=[sideband_rms_median;pulseHeight_max_mean;pulseHeight_max_std;pulseHeight_max_median;pulseHeight_min_mean;pulseHeight_min_median;pulseArea_max_median;pulseArea_min_mean;pulseArea_min_median]  [1/3 files]
                         ch94  method=statistical           max_z=7.73      if_score=-0.5661     features=[pulseHeight_max_std;pulseHeight_min_median]  [1/3 files]
                         ch95  method=statistical           max_z=10.66     if_score=-0.5753     features=[pulseHeight_max_std;pulseHeight_min_median;pulseArea_min_median]  [1/3 files]

  Log written → /afs/cern.ch/user/t/tafoyava/autoDQM/isolation_forest/logs/condor_full_260428_Tight_noTrigger_noLVDS_ignoreDAQConfig.csv

============================================================
  STEP 3 — EVALUATE
============================================================

  Replaying alert logic on 1398 subruns ...
  Loaded catalogue: 60,210 run+subrun entries.

  ──────────────────────────────────────────────────────────────
  EVALUATION SUMMARY
  Ground truth quality level : Tight
  Total subruns in log       : 1398
  ──────────────────────────────────────────────────────────────

  Known good (Tight) (N=1398)
    ok       :   1299  ( 92.9%)
    warn     :      2  (  0.1%)
    pend     :      0  (  0.0%)
    alert    :     97  (  6.9%)

  ── Rates on known-good subruns ──
    True Negative  (ok)    :   1299  ( 92.9%)
    Mild anomaly   (warn)  :      2  (  0.1%)
    Unverifiable   (pend)  :      0  (  0.0%)
    False Positive (alert) :     97  (  6.9%)

  ──────────────────────────────────────────────────────────────

  Evaluation summary → /afs/cern.ch/user/t/tafoyava/autoDQM/isolation_forest/reports/condor_full_260428_Tight_noTrigger_noLVDS_ignoreDAQConfig/eval_summary.txt
  Confusion data → /afs/cern.ch/user/t/tafoyava/autoDQM/isolation_forest/reports/condor_full_260428_Tight_noTrigger_noLVDS_ignoreDAQConfig/eval_confusion_data.json
  Framework good runs JSON → /afs/cern.ch/user/t/tafoyava/autoDQM/isolation_forest/reports/condor_full_260428_Tight_noTrigger_noLVDS_ignoreDAQConfig/framework_good_runs.json
    Tight=1299  Medium=1301  Loose=1301  (total subruns: 1398)

============================================================
  STEP 4 — REPORT
============================================================

  good_runs.txt  →  7 run(s): [1505, 1506, 1507, 1520, 1529, 1530, 1544]
  partial_good_runs.txt  →  1 run(s): [1434]
  persistent_fault_runs.txt  →  0 run(s): []
  bad runs   (3): [1433, 1541, 1562]   [not written to file]
  mixed runs (28): [1422, 1431, 1432, 1436, 1437, 1443, 1448, 1457, 1458, 1459, 1500, 1501, 1502, 1503, 1504, 1514, 1528, 1532, 1535, 1536, 1537, 1543, 1552, 1553, 1554, 1555, 1556, 1557]   [not written to file]
  run_summary.csv  →  39 run(s) total

============================================================
  STEP 5 — PLOTS
============================================================

Reference plots...
    reference_means.png
    reference_stds.png
    reference_coverage.png
  Reference plots saved to /afs/cern.ch/user/t/tafoyava/autoDQM/isolation_forest/plots/condor_full_260428_Tight_noTrigger_noLVDS_ignoreDAQConfig/
Log summary plots...
    log_anomaly_rate.png
    log_channel_frequency.png
    log_feature_frequency.png
    log_run_summary.png
    log_persistence_subrun_grid.png
    log_persistence_run_summary.png
  Log plots saved to /afs/cern.ch/user/t/tafoyava/autoDQM/isolation_forest/plots/condor_full_260428_Tight_noTrigger_noLVDS_ignoreDAQConfig/
Evaluation confusion plot...
    eval_confusion.png
Per-file plots (sample of good and bad subruns)...
  Plotting 5/130 bad file(s) (worst + 4 random) and 5/1268 good file(s) (random).
  Digitizer_run1459_subrun590.csv
    Digitizer_run1459_subrun590_zscore_heatmap.png
    Digitizer_run1459_subrun590_max_zscore.png
    Digitizer_run1459_subrun590_if_scores.png
    Digitizer_run1459_subrun590_geometry.png
    Digitizer_run1459_subrun590_config_zscore_comparison.png
    Digitizer_run1459_subrun590_config_mask.png
  File plots saved to /afs/cern.ch/user/t/tafoyava/autoDQM/isolation_forest/plots/condor_full_260428_Tight_noTrigger_noLVDS_ignoreDAQConfig/Digitizer_run1459_subrun590/
  Digitizer_run1541_subrun120.csv
    Digitizer_run1541_subrun120_zscore_heatmap.png
    Digitizer_run1541_subrun120_max_zscore.png
    Digitizer_run1541_subrun120_if_scores.png
    Digitizer_run1541_subrun120_geometry.png
    Digitizer_run1541_subrun120_config_zscore_comparison.png
  File plots saved to /afs/cern.ch/user/t/tafoyava/autoDQM/isolation_forest/plots/condor_full_260428_Tight_noTrigger_noLVDS_ignoreDAQConfig/Digitizer_run1541_subrun120/
  Digitizer_run1541_subrun16.csv
    Digitizer_run1541_subrun16_zscore_heatmap.png
    Digitizer_run1541_subrun16_max_zscore.png
    Digitizer_run1541_subrun16_if_scores.png
    Digitizer_run1541_subrun16_geometry.png
    Digitizer_run1541_subrun16_config_zscore_comparison.png
  File plots saved to /afs/cern.ch/user/t/tafoyava/autoDQM/isolation_forest/plots/condor_full_260428_Tight_noTrigger_noLVDS_ignoreDAQConfig/Digitizer_run1541_subrun16/
  Digitizer_run1555_subrun583.csv
    Digitizer_run1555_subrun583_zscore_heatmap.png
    Digitizer_run1555_subrun583_max_zscore.png
    Digitizer_run1555_subrun583_if_scores.png
    Digitizer_run1555_subrun583_geometry.png
    Digitizer_run1555_subrun583_config_zscore_comparison.png
    Digitizer_run1555_subrun583_config_mask.png
  File plots saved to /afs/cern.ch/user/t/tafoyava/autoDQM/isolation_forest/plots/condor_full_260428_Tight_noTrigger_noLVDS_ignoreDAQConfig/Digitizer_run1555_subrun583/
  Digitizer_run1557_subrun326.csv
    Digitizer_run1557_subrun326_zscore_heatmap.png
    Digitizer_run1557_subrun326_max_zscore.png
    Digitizer_run1557_subrun326_if_scores.png
    Digitizer_run1557_subrun326_geometry.png
    Digitizer_run1557_subrun326_config_zscore_comparison.png
    Digitizer_run1557_subrun326_config_mask.png
  File plots saved to /afs/cern.ch/user/t/tafoyava/autoDQM/isolation_forest/plots/condor_full_260428_Tight_noTrigger_noLVDS_ignoreDAQConfig/Digitizer_run1557_subrun326/
  Digitizer_run1502_subrun313.csv
    Digitizer_run1502_subrun313_zscore_heatmap.png
    Digitizer_run1502_subrun313_max_zscore.png
    Digitizer_run1502_subrun313_if_scores.png
    Digitizer_run1502_subrun313_geometry.png
    Digitizer_run1502_subrun313_config_zscore_comparison.png
    Digitizer_run1502_subrun313_config_mask.png
  File plots saved to /afs/cern.ch/user/t/tafoyava/autoDQM/isolation_forest/plots/condor_full_260428_Tight_noTrigger_noLVDS_ignoreDAQConfig/Digitizer_run1502_subrun313/
  Digitizer_run1458_subrun359.csv
    Digitizer_run1458_subrun359_zscore_heatmap.png
    Digitizer_run1458_subrun359_max_zscore.png
    Digitizer_run1458_subrun359_if_scores.png
    Digitizer_run1458_subrun359_geometry.png
    Digitizer_run1458_subrun359_config_zscore_comparison.png
    Digitizer_run1458_subrun359_config_mask.png
  File plots saved to /afs/cern.ch/user/t/tafoyava/autoDQM/isolation_forest/plots/condor_full_260428_Tight_noTrigger_noLVDS_ignoreDAQConfig/Digitizer_run1458_subrun359/
  Digitizer_run1457_subrun17.csv
    Digitizer_run1457_subrun17_zscore_heatmap.png
    Digitizer_run1457_subrun17_max_zscore.png
    Digitizer_run1457_subrun17_if_scores.png
    Digitizer_run1457_subrun17_geometry.png
    Digitizer_run1457_subrun17_config_zscore_comparison.png
    Digitizer_run1457_subrun17_config_mask.png
  File plots saved to /afs/cern.ch/user/t/tafoyava/autoDQM/isolation_forest/plots/condor_full_260428_Tight_noTrigger_noLVDS_ignoreDAQConfig/Digitizer_run1457_subrun17/
  Digitizer_run1553_subrun486.csv
    Digitizer_run1553_subrun486_zscore_heatmap.png
    Digitizer_run1553_subrun486_max_zscore.png
    Digitizer_run1553_subrun486_if_scores.png
    Digitizer_run1553_subrun486_geometry.png
    Digitizer_run1553_subrun486_config_zscore_comparison.png
    Digitizer_run1553_subrun486_config_mask.png
  File plots saved to /afs/cern.ch/user/t/tafoyava/autoDQM/isolation_forest/plots/condor_full_260428_Tight_noTrigger_noLVDS_ignoreDAQConfig/Digitizer_run1553_subrun486/
  Digitizer_run1443_subrun285.csv
    Digitizer_run1443_subrun285_zscore_heatmap.png
    Digitizer_run1443_subrun285_max_zscore.png
    Digitizer_run1443_subrun285_if_scores.png
    Digitizer_run1443_subrun285_geometry.png
    Digitizer_run1443_subrun285_config_zscore_comparison.png
    Digitizer_run1443_subrun285_config_mask.png
  File plots saved to /afs/cern.ch/user/t/tafoyava/autoDQM/isolation_forest/plots/condor_full_260428_Tight_noTrigger_noLVDS_ignoreDAQConfig/Digitizer_run1443_subrun285/

  10/10 file(s) plotted (5 bad, 5 good).
  All plots saved → /afs/cern.ch/user/t/tafoyava/autoDQM/isolation_forest/plots/condor_full_260428_Tight_noTrigger_noLVDS_ignoreDAQConfig/

============================================================
  Pipeline complete.
============================================================


============================================================
  Done: notrigger_nolvds  Tue Apr 28 07:06:56 PM UTC 2026
============================================================
