000 (11067243.000.000) 04/09 20:08:12 Job submitted from host: <188.185.8.79:9618?addrs=188.185.8.79-9618+[2001-1458-d00-63--100-23a]-9618&alias=bigbird26.cern.ch&noUDP&sock=schedd_4914_2c7a>
...
000 (11067243.001.000) 04/09 20:08:12 Job submitted from host: <188.185.8.79:9618?addrs=188.185.8.79-9618+[2001-1458-d00-63--100-23a]-9618&alias=bigbird26.cern.ch&noUDP&sock=schedd_4914_2c7a>
...
000 (11067243.002.000) 04/09 20:08:12 Job submitted from host: <188.185.8.79:9618?addrs=188.185.8.79-9618+[2001-1458-d00-63--100-23a]-9618&alias=bigbird26.cern.ch&noUDP&sock=schedd_4914_2c7a>
...
000 (11067243.003.000) 04/09 20:08:12 Job submitted from host: <188.185.8.79:9618?addrs=188.185.8.79-9618+[2001-1458-d00-63--100-23a]-9618&alias=bigbird26.cern.ch&noUDP&sock=schedd_4914_2c7a>
...
009 (11067243.000.000) 04/09 20:12:05 Job was aborted.
	via condor_rm (by user tafoyava)
...
009 (11067243.001.000) 04/09 20:12:05 Job was aborted.
	via condor_rm (by user tafoyava)
...
009 (11067243.002.000) 04/09 20:12:05 Job was aborted.
	via condor_rm (by user tafoyava)
...
009 (11067243.003.000) 04/09 20:12:05 Job was aborted.
	via condor_rm (by user tafoyava)
...
000 (11067245.000.000) 04/09 20:12:14 Job submitted from host: <188.185.8.79:9618?addrs=188.185.8.79-9618+[2001-1458-d00-63--100-23a]-9618&alias=bigbird26.cern.ch&noUDP&sock=schedd_4914_2c7a>
...
000 (11067245.001.000) 04/09 20:12:14 Job submitted from host: <188.185.8.79:9618?addrs=188.185.8.79-9618+[2001-1458-d00-63--100-23a]-9618&alias=bigbird26.cern.ch&noUDP&sock=schedd_4914_2c7a>
...
000 (11067245.002.000) 04/09 20:12:14 Job submitted from host: <188.185.8.79:9618?addrs=188.185.8.79-9618+[2001-1458-d00-63--100-23a]-9618&alias=bigbird26.cern.ch&noUDP&sock=schedd_4914_2c7a>
...
000 (11067245.003.000) 04/09 20:12:14 Job submitted from host: <188.185.8.79:9618?addrs=188.185.8.79-9618+[2001-1458-d00-63--100-23a]-9618&alias=bigbird26.cern.ch&noUDP&sock=schedd_4914_2c7a>
...
040 (11067245.001.000) 04/09 20:14:31 Started transferring input files
	Transferring to host: <188.185.209.201:9618?addrs=188.185.209.201-9618+[2001-1458-303-12--100-46]-9618&alias=b9p12p4232.cern.ch&noUDP&sock=slot1_10_9279_a512_192045>
...
040 (11067245.001.000) 04/09 20:14:31 Finished transferring input files
...
040 (11067245.000.000) 04/09 20:14:31 Started transferring input files
	Transferring to host: <188.185.207.44:9618?addrs=188.185.207.44-9618+[2001-1458-303-d--100-29]-9618&alias=b9p07p9435.cern.ch&noUDP&sock=slot1_23_4907_2ce1_194075>
...
040 (11067245.000.000) 04/09 20:14:31 Finished transferring input files
...
001 (11067245.001.000) 04/09 20:14:32 Job executing on host: <188.185.209.201:9618?addrs=188.185.209.201-9618+[2001-1458-303-12--100-46]-9618&alias=b9p12p4232.cern.ch&noUDP&sock=startd_7503_032c>
	SlotName: slot1_10@b9p12p4232.cern.ch
	CondorScratchDir = "/pool/condor/dir_1518162"
	Cpus = 4
	Disk = 3587
	GPUs = 0
	Memory = 12000
...
001 (11067245.000.000) 04/09 20:14:32 Job executing on host: <188.185.207.44:9618?addrs=188.185.207.44-9618+[2001-1458-303-d--100-29]-9618&alias=b9p07p9435.cern.ch&noUDP&sock=startd_4091_aa09>
	SlotName: slot1_23@b9p07p9435.cern.ch
	CondorScratchDir = "/pool/condor/dir_3129606"
	Cpus = 4
	Disk = 3568
	GPUs = 0
	Memory = 12000
...
006 (11067245.000.000) 04/09 20:14:41 Image size of job updated: 256
	0  -  MemoryUsage of job (MB)
	0  -  ResidentSetSize of job (KB)
...
040 (11067245.000.000) 04/09 20:14:41 Started transferring output files
...
040 (11067245.000.000) 04/09 20:14:41 Finished transferring output files
...
005 (11067245.000.000) 04/09 20:14:41 Job terminated.
	(1) Normal termination (return value 1)
		Usr 0 00:00:00, Sys 0 00:00:00  -  Run Remote Usage
		Usr 0 00:00:00, Sys 0 00:00:00  -  Run Local Usage
		Usr 0 00:00:00, Sys 0 00:00:00  -  Total Remote Usage
		Usr 0 00:00:00, Sys 0 00:00:00  -  Total Local Usage
	549  -  Run Bytes Sent By Job
	2643  -  Run Bytes Received By Job
	549  -  Total Bytes Sent By Job
	2643  -  Total Bytes Received By Job
	Partitionable Resources :    Usage  Request Allocated 
	   Cpus                 :        0        4         4 
	   Disk (KB)            :       32        3      3568 
	   GPUs                 :                           0 
	   Memory (MB)          :        0    12000     12000 
	   TimeExecute (s)      :        9                    
	   TimeSlotBusy (s)     :       11                    

	Job terminated of its own accord at 2026-04-09T18:14:41Z with exit-code 1.
...
006 (11067245.001.000) 04/09 20:14:41 Image size of job updated: 244
	0  -  MemoryUsage of job (MB)
	0  -  ResidentSetSize of job (KB)
...
040 (11067245.001.000) 04/09 20:14:41 Started transferring output files
...
040 (11067245.001.000) 04/09 20:14:41 Finished transferring output files
...
005 (11067245.001.000) 04/09 20:14:41 Job terminated.
	(1) Normal termination (return value 1)
		Usr 0 00:00:00, Sys 0 00:00:00  -  Run Remote Usage
		Usr 0 00:00:00, Sys 0 00:00:00  -  Run Local Usage
		Usr 0 00:00:00, Sys 0 00:00:00  -  Total Remote Usage
		Usr 0 00:00:00, Sys 0 00:00:00  -  Total Local Usage
	539  -  Run Bytes Sent By Job
	2643  -  Run Bytes Received By Job
	539  -  Total Bytes Sent By Job
	2643  -  Total Bytes Received By Job
	Partitionable Resources :    Usage  Request Allocated 
	   Cpus                 :                 4         4 
	   Disk (KB)            :       23        3      3587 
	   GPUs                 :                           0 
	   Memory (MB)          :        0    12000     12000 
	   TimeExecute (s)      :        9                    
	   TimeSlotBusy (s)     :       11                    

	Job terminated of its own accord at 2026-04-09T18:14:41Z with exit-code 1.
...
040 (11067245.002.000) 04/09 20:14:42 Started transferring input files
	Transferring to host: <188.185.207.44:9618?addrs=188.185.207.44-9618+[2001-1458-303-d--100-29]-9618&alias=b9p07p9435.cern.ch&noUDP&sock=slot1_23_4907_2ce1_194076>
...
040 (11067245.002.000) 04/09 20:14:42 Finished transferring input files
...
040 (11067245.003.000) 04/09 20:14:42 Started transferring input files
	Transferring to host: <188.185.209.201:9618?addrs=188.185.209.201-9618+[2001-1458-303-12--100-46]-9618&alias=b9p12p4232.cern.ch&noUDP&sock=slot1_10_9279_a512_192046>
...
040 (11067245.003.000) 04/09 20:14:42 Finished transferring input files
...
001 (11067245.002.000) 04/09 20:14:43 Job executing on host: <188.185.207.44:9618?addrs=188.185.207.44-9618+[2001-1458-303-d--100-29]-9618&alias=b9p07p9435.cern.ch&noUDP&sock=startd_4091_aa09>
	SlotName: slot1_23@b9p07p9435.cern.ch
	CondorScratchDir = "/pool/condor/dir_3130547"
	Cpus = 4
	Disk = 3568
	GPUs = 0
	Memory = 12000
...
001 (11067245.003.000) 04/09 20:14:43 Job executing on host: <188.185.209.201:9618?addrs=188.185.209.201-9618+[2001-1458-303-12--100-46]-9618&alias=b9p12p4232.cern.ch&noUDP&sock=startd_7503_032c>
	SlotName: slot1_10@b9p12p4232.cern.ch
	CondorScratchDir = "/pool/condor/dir_1519558"
	Cpus = 4
	Disk = 3587
	GPUs = 0
	Memory = 12000
...
006 (11067245.002.000) 04/09 20:14:49 Image size of job updated: 308
	0  -  MemoryUsage of job (MB)
	0  -  ResidentSetSize of job (KB)
...
040 (11067245.002.000) 04/09 20:14:49 Started transferring output files
...
040 (11067245.002.000) 04/09 20:14:49 Finished transferring output files
...
005 (11067245.002.000) 04/09 20:14:49 Job terminated.
	(1) Normal termination (return value 1)
		Usr 0 00:00:00, Sys 0 00:00:00  -  Run Remote Usage
		Usr 0 00:00:00, Sys 0 00:00:00  -  Run Local Usage
		Usr 0 00:00:00, Sys 0 00:00:00  -  Total Remote Usage
		Usr 0 00:00:00, Sys 0 00:00:00  -  Total Local Usage
	534  -  Run Bytes Sent By Job
	2643  -  Run Bytes Received By Job
	534  -  Total Bytes Sent By Job
	2643  -  Total Bytes Received By Job
	Partitionable Resources :    Usage  Request Allocated 
	   Cpus                 :                 4         4 
	   Disk (KB)            :       24        3      3568 
	   GPUs                 :                           0 
	   Memory (MB)          :        0    12000     12000 
	   TimeExecute (s)      :        6                    
	   TimeSlotBusy (s)     :        7                    

	Job terminated of its own accord at 2026-04-09T18:14:49Z with exit-code 1.
...
006 (11067245.003.000) 04/09 20:14:50 Image size of job updated: 396
	0  -  MemoryUsage of job (MB)
	0  -  ResidentSetSize of job (KB)
...
040 (11067245.003.000) 04/09 20:14:50 Started transferring output files
...
040 (11067245.003.000) 04/09 20:14:50 Finished transferring output files
...
005 (11067245.003.000) 04/09 20:14:50 Job terminated.
	(1) Normal termination (return value 1)
		Usr 0 00:00:00, Sys 0 00:00:00  -  Run Remote Usage
		Usr 0 00:00:00, Sys 0 00:00:00  -  Run Local Usage
		Usr 0 00:00:00, Sys 0 00:00:00  -  Total Remote Usage
		Usr 0 00:00:00, Sys 0 00:00:00  -  Total Local Usage
	554  -  Run Bytes Sent By Job
	2643  -  Run Bytes Received By Job
	554  -  Total Bytes Sent By Job
	2643  -  Total Bytes Received By Job
	Partitionable Resources :    Usage  Request Allocated 
	   Cpus                 :        0        4         4 
	   Disk (KB)            :       33        3      3587 
	   GPUs                 :                           0 
	   Memory (MB)          :        0    12000     12000 
	   TimeExecute (s)      :        7                    
	   TimeSlotBusy (s)     :        8                    

	Job terminated of its own accord at 2026-04-09T18:14:50Z with exit-code 1.
...
000 (11067246.000.000) 04/09 20:18:00 Job submitted from host: <188.185.8.79:9618?addrs=188.185.8.79-9618+[2001-1458-d00-63--100-23a]-9618&alias=bigbird26.cern.ch&noUDP&sock=schedd_4914_2c7a>
...
000 (11067246.001.000) 04/09 20:18:00 Job submitted from host: <188.185.8.79:9618?addrs=188.185.8.79-9618+[2001-1458-d00-63--100-23a]-9618&alias=bigbird26.cern.ch&noUDP&sock=schedd_4914_2c7a>
...
000 (11067246.002.000) 04/09 20:18:00 Job submitted from host: <188.185.8.79:9618?addrs=188.185.8.79-9618+[2001-1458-d00-63--100-23a]-9618&alias=bigbird26.cern.ch&noUDP&sock=schedd_4914_2c7a>
...
000 (11067246.003.000) 04/09 20:18:00 Job submitted from host: <188.185.8.79:9618?addrs=188.185.8.79-9618+[2001-1458-d00-63--100-23a]-9618&alias=bigbird26.cern.ch&noUDP&sock=schedd_4914_2c7a>
...
040 (11067246.000.000) 04/09 21:29:22 Started transferring input files
	Transferring to host: <188.185.206.161:9618?addrs=188.185.206.161-9618+[2001-1458-303-c--100-1e]-9618&alias=b9p06p4981.cern.ch&noUDP&sock=slot1_27_5550_3a1b_194874>
...
040 (11067246.000.000) 04/09 21:29:22 Finished transferring input files
...
001 (11067246.000.000) 04/09 21:29:23 Job executing on host: <188.185.206.161:9618?addrs=188.185.206.161-9618+[2001-1458-303-c--100-1e]-9618&alias=b9p06p4981.cern.ch&noUDP&sock=startd_4633_6e5d>
	SlotName: slot1_27@b9p06p4981.cern.ch
	CondorScratchDir = "/pool/condor/dir_1974159"
	Cpus = 4
	Disk = 3748
	GPUs = 0
	Memory = 12000
...
006 (11067246.000.000) 04/09 21:29:32 Image size of job updated: 16
	0  -  MemoryUsage of job (MB)
	0  -  ResidentSetSize of job (KB)
...
040 (11067246.000.000) 04/09 21:29:32 Started transferring output files
...
040 (11067246.000.000) 04/09 21:29:32 Finished transferring output files
...
005 (11067246.000.000) 04/09 21:29:32 Job terminated.
	(1) Normal termination (return value 1)
		Usr 0 00:00:01, Sys 0 00:00:00  -  Run Remote Usage
		Usr 0 00:00:00, Sys 0 00:00:00  -  Run Local Usage
		Usr 0 00:00:01, Sys 0 00:00:00  -  Total Remote Usage
		Usr 0 00:00:00, Sys 0 00:00:00  -  Total Local Usage
	549  -  Run Bytes Sent By Job
	2797  -  Run Bytes Received By Job
	549  -  Total Bytes Sent By Job
	2797  -  Total Bytes Received By Job
	Partitionable Resources :    Usage  Request Allocated 
	   Cpus                 :        0        4         4 
	   Disk (KB)            :       33        3      3748 
	   GPUs                 :                           0 
	   Memory (MB)          :        0    12000     12000 
	   TimeExecute (s)      :        9                    
	   TimeSlotBusy (s)     :       11                    

	Job terminated of its own accord at 2026-04-09T19:29:32Z with exit-code 1.
...
040 (11067246.001.000) 04/09 21:29:32 Started transferring input files
	Transferring to host: <188.185.206.161:9618?addrs=188.185.206.161-9618+[2001-1458-303-c--100-1e]-9618&alias=b9p06p4981.cern.ch&noUDP&sock=slot1_27_5550_3a1b_194875>
...
040 (11067246.001.000) 04/09 21:29:32 Finished transferring input files
...
001 (11067246.001.000) 04/09 21:29:33 Job executing on host: <188.185.206.161:9618?addrs=188.185.206.161-9618+[2001-1458-303-c--100-1e]-9618&alias=b9p06p4981.cern.ch&noUDP&sock=startd_4633_6e5d>
	SlotName: slot1_27@b9p06p4981.cern.ch
	CondorScratchDir = "/pool/condor/dir_1975788"
	Cpus = 4
	Disk = 3749
	GPUs = 0
	Memory = 12000
...
006 (11067246.001.000) 04/09 21:29:40 Image size of job updated: 216
	0  -  MemoryUsage of job (MB)
	0  -  ResidentSetSize of job (KB)
...
040 (11067246.001.000) 04/09 21:29:40 Started transferring output files
...
040 (11067246.001.000) 04/09 21:29:40 Finished transferring output files
...
005 (11067246.001.000) 04/09 21:29:40 Job terminated.
	(1) Normal termination (return value 1)
		Usr 0 00:00:00, Sys 0 00:00:00  -  Run Remote Usage
		Usr 0 00:00:00, Sys 0 00:00:00  -  Run Local Usage
		Usr 0 00:00:00, Sys 0 00:00:00  -  Total Remote Usage
		Usr 0 00:00:00, Sys 0 00:00:00  -  Total Local Usage
	539  -  Run Bytes Sent By Job
	2797  -  Run Bytes Received By Job
	539  -  Total Bytes Sent By Job
	2797  -  Total Bytes Received By Job
	Partitionable Resources :    Usage  Request Allocated 
	   Cpus                 :        0        4         4 
	   Disk (KB)            :       34        3      3749 
	   GPUs                 :                           0 
	   Memory (MB)          :        0    12000     12000 
	   TimeExecute (s)      :        7                    
	   TimeSlotBusy (s)     :        8                    

	Job terminated of its own accord at 2026-04-09T19:29:40Z with exit-code 1.
...
040 (11067246.003.000) 04/09 21:44:59 Started transferring input files
	Transferring to host: <188.185.208.22:9618?addrs=188.185.208.22-9618+[2001-1458-303-f--100-13]-9618&alias=b9p09p3120.cern.ch&noUDP&sock=slot1_19_6314_88ba_188981>
...
040 (11067246.002.000) 04/09 21:44:59 Started transferring input files
	Transferring to host: <188.185.192.131:9618?addrs=188.185.192.131-9618+[2001-1458-303-1f--100-7f]-9618&alias=b9p13p9186.cern.ch&noUDP&sock=slot1_2_7724_01b3_196795>
...
040 (11067246.003.000) 04/09 21:44:59 Finished transferring input files
...
040 (11067246.002.000) 04/09 21:44:59 Finished transferring input files
...
001 (11067246.002.000) 04/09 21:45:00 Job executing on host: <188.185.192.131:9618?addrs=188.185.192.131-9618+[2001-1458-303-1f--100-7f]-9618&alias=b9p13p9186.cern.ch&noUDP&sock=startd_6466_b776>
	SlotName: slot1_2@b9p13p9186.cern.ch
	CondorScratchDir = "/pool/condor/dir_2151587"
	Cpus = 4
	Disk = 3805
	GPUs = 0
	Memory = 12000
...
001 (11067246.003.000) 04/09 21:45:00 Job executing on host: <188.185.208.22:9618?addrs=188.185.208.22-9618+[2001-1458-303-f--100-13]-9618&alias=b9p09p3120.cern.ch&noUDP&sock=startd_5483_75de>
	SlotName: slot1_19@b9p09p3120.cern.ch
	CondorScratchDir = "/pool/condor/dir_499892"
	Cpus = 4
	Disk = 3856
	GPUs = 0
	Memory = 12000
...
006 (11067246.003.000) 04/09 21:45:09 Image size of job updated: 100
	0  -  MemoryUsage of job (MB)
	0  -  ResidentSetSize of job (KB)
...
040 (11067246.003.000) 04/09 21:45:09 Started transferring output files
...
040 (11067246.003.000) 04/09 21:45:09 Finished transferring output files
...
005 (11067246.003.000) 04/09 21:45:09 Job terminated.
	(1) Normal termination (return value 1)
		Usr 0 00:00:00, Sys 0 00:00:00  -  Run Remote Usage
		Usr 0 00:00:00, Sys 0 00:00:00  -  Run Local Usage
		Usr 0 00:00:00, Sys 0 00:00:00  -  Total Remote Usage
		Usr 0 00:00:00, Sys 0 00:00:00  -  Total Local Usage
	554  -  Run Bytes Sent By Job
	2797  -  Run Bytes Received By Job
	554  -  Total Bytes Sent By Job
	2797  -  Total Bytes Received By Job
	Partitionable Resources :    Usage  Request Allocated 
	   Cpus                 :        0        4         4 
	   Disk (KB)            :       32        3      3856 
	   GPUs                 :                           0 
	   Memory (MB)          :        0    12000     12000 
	   TimeExecute (s)      :        9                    
	   TimeSlotBusy (s)     :       11                    

	Job terminated of its own accord at 2026-04-09T19:45:09Z with exit-code 1.
...
006 (11067246.002.000) 04/09 21:45:11 Image size of job updated: 63184
	0  -  MemoryUsage of job (MB)
	0  -  ResidentSetSize of job (KB)
...
040 (11067246.002.000) 04/09 21:45:11 Started transferring output files
...
040 (11067246.002.000) 04/09 21:45:11 Finished transferring output files
...
005 (11067246.002.000) 04/09 21:45:11 Job terminated.
	(1) Normal termination (return value 1)
		Usr 0 00:00:01, Sys 0 00:00:00  -  Run Remote Usage
		Usr 0 00:00:00, Sys 0 00:00:00  -  Run Local Usage
		Usr 0 00:00:01, Sys 0 00:00:00  -  Total Remote Usage
		Usr 0 00:00:00, Sys 0 00:00:00  -  Total Local Usage
	534  -  Run Bytes Sent By Job
	2797  -  Run Bytes Received By Job
	534  -  Total Bytes Sent By Job
	2797  -  Total Bytes Received By Job
	Partitionable Resources :    Usage  Request Allocated 
	   Cpus                 :        0        4         4 
	   Disk (KB)            :       31        3      3805 
	   GPUs                 :                           0 
	   Memory (MB)          :        0    12000     12000 
	   TimeExecute (s)      :       11                    
	   TimeSlotBusy (s)     :       13                    

	Job terminated of its own accord at 2026-04-09T19:45:11Z with exit-code 1.
...
000 (11067273.000.000) 04/09 22:33:05 Job submitted from host: <188.185.8.79:9618?addrs=188.185.8.79-9618+[2001-1458-d00-63--100-23a]-9618&alias=bigbird26.cern.ch&noUDP&sock=schedd_4914_2c7a>
...
000 (11067273.001.000) 04/09 22:33:05 Job submitted from host: <188.185.8.79:9618?addrs=188.185.8.79-9618+[2001-1458-d00-63--100-23a]-9618&alias=bigbird26.cern.ch&noUDP&sock=schedd_4914_2c7a>
...
000 (11067273.002.000) 04/09 22:33:05 Job submitted from host: <188.185.8.79:9618?addrs=188.185.8.79-9618+[2001-1458-d00-63--100-23a]-9618&alias=bigbird26.cern.ch&noUDP&sock=schedd_4914_2c7a>
...
000 (11067273.003.000) 04/09 22:33:05 Job submitted from host: <188.185.8.79:9618?addrs=188.185.8.79-9618+[2001-1458-d00-63--100-23a]-9618&alias=bigbird26.cern.ch&noUDP&sock=schedd_4914_2c7a>
...
040 (11067273.002.000) 04/09 22:34:16 Started transferring input files
	Transferring to host: <188.185.192.137:9618?addrs=188.185.192.137-9618+[2001-1458-303-1f--100-85]-9618&alias=b9p13p0967.cern.ch&noUDP&sock=slot1_10_4757_7c9b_209067>
...
040 (11067273.002.000) 04/09 22:34:16 Finished transferring input files
...
040 (11067273.003.000) 04/09 22:34:17 Started transferring input files
	Transferring to host: <188.185.195.26:9618?addrs=188.185.195.26-9618+[2001-1458-303-22--100-16]-9618&alias=b9p17p1611.cern.ch&noUDP&sock=slot1_25_1926004_cd69_143920>
...
040 (11067273.003.000) 04/09 22:34:17 Finished transferring input files
...
040 (11067273.001.000) 04/09 22:34:17 Started transferring input files
	Transferring to host: <188.185.196.127:9618?addrs=188.185.196.127-9618+[2001-1458-303-23--100-7b]-9618&alias=b9p16p6284.cern.ch&noUDP&sock=slot1_13_3495_4b27_63949>
...
040 (11067273.001.000) 04/09 22:34:17 Finished transferring input files
...
001 (11067273.002.000) 04/09 22:34:17 Job executing on host: <188.185.192.137:9618?addrs=188.185.192.137-9618+[2001-1458-303-1f--100-85]-9618&alias=b9p13p0967.cern.ch&noUDP&sock=startd_3870_139a>
	SlotName: slot1_10@b9p13p0967.cern.ch
	CondorScratchDir = "/pool/condor/dir_491416"
	Cpus = 4
	Disk = 3774
	GPUs = 0
	Memory = 12000
...
001 (11067273.003.000) 04/09 22:34:18 Job executing on host: <188.185.195.26:9618?addrs=188.185.195.26-9618+[2001-1458-303-22--100-16]-9618&alias=b9p17p1611.cern.ch&noUDP&sock=startd_4008_bbac>
	SlotName: slot1_25@b9p17p1611.cern.ch
	CondorScratchDir = "/pool/condor/dir_2235493"
	Cpus = 4
	Disk = 3802
	GPUs = 0
	Memory = 12000
...
001 (11067273.001.000) 04/09 22:34:18 Job executing on host: <188.185.196.127:9618?addrs=188.185.196.127-9618+[2001-1458-303-23--100-7b]-9618&alias=b9p16p6284.cern.ch&noUDP&sock=startd_3065_e9dd>
	SlotName: slot1_13@b9p16p6284.cern.ch
	CondorScratchDir = "/pool/condor/dir_1634635"
	Cpus = 4
	Disk = 3937
	GPUs = 0
	Memory = 12000
...
006 (11067273.002.000) 04/09 22:34:28 Image size of job updated: 24576
	0  -  MemoryUsage of job (MB)
	0  -  ResidentSetSize of job (KB)
...
040 (11067273.002.000) 04/09 22:34:28 Started transferring output files
...
040 (11067273.002.000) 04/09 22:34:28 Finished transferring output files
...
005 (11067273.002.000) 04/09 22:34:28 Job terminated.
	(1) Normal termination (return value 1)
		Usr 0 00:00:01, Sys 0 00:00:00  -  Run Remote Usage
		Usr 0 00:00:00, Sys 0 00:00:00  -  Run Local Usage
		Usr 0 00:00:01, Sys 0 00:00:00  -  Total Remote Usage
		Usr 0 00:00:00, Sys 0 00:00:00  -  Total Local Usage
	1476  -  Run Bytes Sent By Job
	2851  -  Run Bytes Received By Job
	1476  -  Total Bytes Sent By Job
	2851  -  Total Bytes Received By Job
	Partitionable Resources :    Usage  Request Allocated 
	   Cpus                 :        0        4         4 
	   Disk (KB)            :       31        3      3774 
	   GPUs                 :                           0 
	   Memory (MB)          :        0    12000     12000 
	   TimeExecute (s)      :       11                    
	   TimeSlotBusy (s)     :       13                    

	Job terminated of its own accord at 2026-04-09T20:34:28Z with exit-code 1.
...
040 (11067273.000.000) 04/09 22:34:28 Started transferring input files
	Transferring to host: <188.185.192.137:9618?addrs=188.185.192.137-9618+[2001-1458-303-1f--100-85]-9618&alias=b9p13p0967.cern.ch&noUDP&sock=slot1_10_4757_7c9b_209068>
...
040 (11067273.000.000) 04/09 22:34:28 Finished transferring input files
...
006 (11067273.003.000) 04/09 22:34:28 Image size of job updated: 38980
	0  -  MemoryUsage of job (MB)
	0  -  ResidentSetSize of job (KB)
...
040 (11067273.003.000) 04/09 22:34:28 Started transferring output files
...
040 (11067273.003.000) 04/09 22:34:28 Finished transferring output files
...
005 (11067273.003.000) 04/09 22:34:28 Job terminated.
	(1) Normal termination (return value 1)
		Usr 0 00:00:02, Sys 0 00:00:00  -  Run Remote Usage
		Usr 0 00:00:00, Sys 0 00:00:00  -  Run Local Usage
		Usr 0 00:00:02, Sys 0 00:00:00  -  Total Remote Usage
		Usr 0 00:00:00, Sys 0 00:00:00  -  Total Local Usage
	1498  -  Run Bytes Sent By Job
	2851  -  Run Bytes Received By Job
	1498  -  Total Bytes Sent By Job
	2851  -  Total Bytes Received By Job
	Partitionable Resources :    Usage  Request Allocated 
	   Cpus                 :        0        4         4 
	   Disk (KB)            :       31        3      3802 
	   GPUs                 :                           0 
	   Memory (MB)          :        0    12000     12000 
	   TimeExecute (s)      :       10                    
	   TimeSlotBusy (s)     :       12                    

	Job terminated of its own accord at 2026-04-09T20:34:28Z with exit-code 1.
...
006 (11067273.001.000) 04/09 22:34:28 Image size of job updated: 46332
	0  -  MemoryUsage of job (MB)
	0  -  ResidentSetSize of job (KB)
...
040 (11067273.001.000) 04/09 22:34:28 Started transferring output files
...
040 (11067273.001.000) 04/09 22:34:28 Finished transferring output files
...
005 (11067273.001.000) 04/09 22:34:29 Job terminated.
	(1) Normal termination (return value 1)
		Usr 0 00:00:02, Sys 0 00:00:00  -  Run Remote Usage
		Usr 0 00:00:00, Sys 0 00:00:00  -  Run Local Usage
		Usr 0 00:00:02, Sys 0 00:00:00  -  Total Remote Usage
		Usr 0 00:00:00, Sys 0 00:00:00  -  Total Local Usage
	1481  -  Run Bytes Sent By Job
	2851  -  Run Bytes Received By Job
	1481  -  Total Bytes Sent By Job
	2851  -  Total Bytes Received By Job
	Partitionable Resources :    Usage  Request Allocated 
	   Cpus                 :        0        4         4 
	   Disk (KB)            :       31        3      3937 
	   GPUs                 :                           0 
	   Memory (MB)          :        0    12000     12000 
	   TimeExecute (s)      :       10                    
	   TimeSlotBusy (s)     :       12                    

	Job terminated of its own accord at 2026-04-09T20:34:28Z with exit-code 1.
...
001 (11067273.000.000) 04/09 22:34:29 Job executing on host: <188.185.192.137:9618?addrs=188.185.192.137-9618+[2001-1458-303-1f--100-85]-9618&alias=b9p13p0967.cern.ch&noUDP&sock=startd_3870_139a>
	SlotName: slot1_10@b9p13p0967.cern.ch
	CondorScratchDir = "/pool/condor/dir_491707"
	Cpus = 4
	Disk = 3774
	GPUs = 0
	Memory = 12000
...
006 (11067273.000.000) 04/09 22:34:36 Image size of job updated: 200
	0  -  MemoryUsage of job (MB)
	0  -  ResidentSetSize of job (KB)
...
040 (11067273.000.000) 04/09 22:34:36 Started transferring output files
...
040 (11067273.000.000) 04/09 22:34:36 Finished transferring output files
...
005 (11067273.000.000) 04/09 22:34:36 Job terminated.
	(1) Normal termination (return value 1)
		Usr 0 00:00:01, Sys 0 00:00:00  -  Run Remote Usage
		Usr 0 00:00:00, Sys 0 00:00:00  -  Run Local Usage
		Usr 0 00:00:01, Sys 0 00:00:00  -  Total Remote Usage
		Usr 0 00:00:00, Sys 0 00:00:00  -  Total Local Usage
	1489  -  Run Bytes Sent By Job
	2851  -  Run Bytes Received By Job
	1489  -  Total Bytes Sent By Job
	2851  -  Total Bytes Received By Job
	Partitionable Resources :    Usage  Request Allocated 
	   Cpus                 :        0        4         4 
	   Disk (KB)            :       32        3      3774 
	   GPUs                 :                           0 
	   Memory (MB)          :        0    12000     12000 
	   TimeExecute (s)      :        7                    
	   TimeSlotBusy (s)     :        8                    

	Job terminated of its own accord at 2026-04-09T20:34:36Z with exit-code 1.
...
000 (11067274.000.000) 04/09 22:43:15 Job submitted from host: <188.185.8.79:9618?addrs=188.185.8.79-9618+[2001-1458-d00-63--100-23a]-9618&alias=bigbird26.cern.ch&noUDP&sock=schedd_4914_2c7a>
...
000 (11067274.001.000) 04/09 22:43:15 Job submitted from host: <188.185.8.79:9618?addrs=188.185.8.79-9618+[2001-1458-d00-63--100-23a]-9618&alias=bigbird26.cern.ch&noUDP&sock=schedd_4914_2c7a>
...
000 (11067274.002.000) 04/09 22:43:15 Job submitted from host: <188.185.8.79:9618?addrs=188.185.8.79-9618+[2001-1458-d00-63--100-23a]-9618&alias=bigbird26.cern.ch&noUDP&sock=schedd_4914_2c7a>
...
000 (11067274.003.000) 04/09 22:43:15 Job submitted from host: <188.185.8.79:9618?addrs=188.185.8.79-9618+[2001-1458-d00-63--100-23a]-9618&alias=bigbird26.cern.ch&noUDP&sock=schedd_4914_2c7a>
...
040 (11067274.002.000) 04/09 22:47:14 Started transferring input files
	Transferring to host: <128.142.51.203:9618?addrs=128.142.51.203-9618+[2001-1458-301-3--100-8]-9618&alias=b9g02p3210.cern.ch&noUDP&sock=slot1_30_1975134_54f7_140780>
...
040 (11067274.000.000) 04/09 22:47:14 Started transferring input files
	Transferring to host: <188.185.195.74:9618?addrs=188.185.195.74-9618+[2001-1458-303-22--100-46]-9618&alias=b9p17p8745.cern.ch&noUDP&sock=slot1_21_7565_fa0d_203944>
...
040 (11067274.002.000) 04/09 22:47:14 Finished transferring input files
...
040 (11067274.000.000) 04/09 22:47:14 Finished transferring input files
...
040 (11067274.001.000) 04/09 22:47:15 Started transferring input files
	Transferring to host: <188.185.193.133:9618?addrs=188.185.193.133-9618+[2001-1458-303-20--100-81]-9618&alias=b9p19p3628.cern.ch&noUDP&sock=slot1_3_4762_027b_196485>
...
040 (11067274.001.000) 04/09 22:47:15 Finished transferring input files
...
001 (11067274.002.000) 04/09 22:47:15 Job executing on host: <128.142.51.203:9618?addrs=128.142.51.203-9618+[2001-1458-301-3--100-8]-9618&alias=b9g02p3210.cern.ch&noUDP&sock=startd_7392_e029>
	SlotName: slot1_30@b9g02p3210.cern.ch
	CondorScratchDir = "/pool/condor/dir_1962099"
	Cpus = 4
	Disk = 3860
	GPUs = 0
	Memory = 12000
...
001 (11067274.000.000) 04/09 22:47:15 Job executing on host: <188.185.195.74:9618?addrs=188.185.195.74-9618+[2001-1458-303-22--100-46]-9618&alias=b9p17p8745.cern.ch&noUDP&sock=startd_6965_fd39>
	SlotName: slot1_21@b9p17p8745.cern.ch
	CondorScratchDir = "/pool/condor/dir_3274773"
	Cpus = 4
	Disk = 3825
	GPUs = 0
	Memory = 12000
...
001 (11067274.001.000) 04/09 22:47:16 Job executing on host: <188.185.193.133:9618?addrs=188.185.193.133-9618+[2001-1458-303-20--100-81]-9618&alias=b9p19p3628.cern.ch&noUDP&sock=startd_3744_a6ac>
	SlotName: slot1_3@b9p19p3628.cern.ch
	CondorScratchDir = "/pool/condor/dir_2559269"
	Cpus = 4
	Disk = 3909
	GPUs = 0
	Memory = 12000
...
006 (11067274.002.000) 04/09 22:47:28 Image size of job updated: 77652
	76  -  MemoryUsage of job (MB)
	77652  -  ResidentSetSize of job (KB)
...
006 (11067274.000.000) 04/09 22:47:28 Image size of job updated: 74756
	74  -  MemoryUsage of job (MB)
	74756  -  ResidentSetSize of job (KB)
...
006 (11067274.001.000) 04/09 22:47:29 Image size of job updated: 77040
	76  -  MemoryUsage of job (MB)
	77040  -  ResidentSetSize of job (KB)
...
040 (11067274.003.000) 04/09 22:48:03 Started transferring input files
	Transferring to host: <188.185.193.128:9618?addrs=188.185.193.128-9618+[2001-1458-303-20--100-7c]-9618&alias=b9p19p5066.cern.ch&noUDP&sock=slot1_5_9488_e77b_202019>
...
040 (11067274.003.000) 04/09 22:48:03 Finished transferring input files
...
001 (11067274.003.000) 04/09 22:48:04 Job executing on host: <188.185.193.128:9618?addrs=188.185.193.128-9618+[2001-1458-303-20--100-7c]-9618&alias=b9p19p5066.cern.ch&noUDP&sock=startd_7877_8b98>
	SlotName: slot1_5@b9p19p5066.cern.ch
	CondorScratchDir = "/pool/condor/dir_2376671"
	Cpus = 4
	Disk = 3855
	GPUs = 0
	Memory = 12000
...
006 (11067274.003.000) 04/09 22:48:17 Image size of job updated: 69608
	68  -  MemoryUsage of job (MB)
	69608  -  ResidentSetSize of job (KB)
...
006 (11067274.002.000) 04/09 22:52:28 Image size of job updated: 301692
	293  -  MemoryUsage of job (MB)
	299908  -  ResidentSetSize of job (KB)
...
006 (11067274.000.000) 04/09 22:52:28 Image size of job updated: 270952
	265  -  MemoryUsage of job (MB)
	270952  -  ResidentSetSize of job (KB)
...
006 (11067274.001.000) 04/09 22:52:29 Image size of job updated: 201684
	197  -  MemoryUsage of job (MB)
	201684  -  ResidentSetSize of job (KB)
...
006 (11067274.003.000) 04/09 22:53:17 Image size of job updated: 168052
	165  -  MemoryUsage of job (MB)
	168052  -  ResidentSetSize of job (KB)
...
006 (11067274.002.000) 04/09 22:57:29 Image size of job updated: 595928
	582  -  MemoryUsage of job (MB)
	595928  -  ResidentSetSize of job (KB)
...
006 (11067274.000.000) 04/09 22:57:29 Image size of job updated: 468268
	458  -  MemoryUsage of job (MB)
	468268  -  ResidentSetSize of job (KB)
...
006 (11067274.001.000) 04/09 22:57:30 Image size of job updated: 353628
	346  -  MemoryUsage of job (MB)
	353628  -  ResidentSetSize of job (KB)
...
006 (11067274.003.000) 04/09 22:58:18 Image size of job updated: 254072
	249  -  MemoryUsage of job (MB)
	254072  -  ResidentSetSize of job (KB)
...
006 (11067274.002.000) 04/09 23:02:29 Image size of job updated: 711812
	582  -  MemoryUsage of job (MB)
	595928  -  ResidentSetSize of job (KB)
...
006 (11067274.000.000) 04/09 23:02:29 Image size of job updated: 695652
	581  -  MemoryUsage of job (MB)
	594228  -  ResidentSetSize of job (KB)
...
006 (11067274.001.000) 04/09 23:02:30 Image size of job updated: 436656
	427  -  MemoryUsage of job (MB)
	436656  -  ResidentSetSize of job (KB)
...
006 (11067274.003.000) 04/09 23:03:18 Image size of job updated: 324508
	317  -  MemoryUsage of job (MB)
	324508  -  ResidentSetSize of job (KB)
...
040 (11067274.002.000) 04/10 00:47:38 Started transferring output files
...
040 (11067274.002.000) 04/10 00:47:38 Finished transferring output files
...
009 (11067274.002.000) 04/10 00:47:38 Job was aborted.
	Job removed by SYSTEM_PERIODIC_REMOVE due to wall time exceeded allowed max.
...
040 (11067274.000.000) 04/10 00:47:39 Started transferring output files
...
040 (11067274.000.000) 04/10 00:47:39 Finished transferring output files
...
040 (11067274.001.000) 04/10 00:47:40 Started transferring output files
...
040 (11067274.001.000) 04/10 00:47:40 Finished transferring output files
...
009 (11067274.000.000) 04/10 00:47:40 Job was aborted.
	Job removed by SYSTEM_PERIODIC_REMOVE due to wall time exceeded allowed max.
...
009 (11067274.001.000) 04/10 00:47:41 Job was aborted.
	Job removed by SYSTEM_PERIODIC_REMOVE due to wall time exceeded allowed max.
...
040 (11067274.003.000) 04/10 00:48:28 Started transferring output files
...
040 (11067274.003.000) 04/10 00:48:29 Finished transferring output files
...
009 (11067274.003.000) 04/10 00:48:29 Job was aborted.
	Job removed by SYSTEM_PERIODIC_REMOVE due to wall time exceeded allowed max.
...
000 (11076583.000.000) 04/10 16:44:50 Job submitted from host: <188.185.8.79:9618?addrs=188.185.8.79-9618+[2001-1458-d00-63--100-23a]-9618&alias=bigbird26.cern.ch&noUDP&sock=schedd_4914_2c7a>
...
000 (11076583.001.000) 04/10 16:44:50 Job submitted from host: <188.185.8.79:9618?addrs=188.185.8.79-9618+[2001-1458-d00-63--100-23a]-9618&alias=bigbird26.cern.ch&noUDP&sock=schedd_4914_2c7a>
...
000 (11076583.002.000) 04/10 16:44:50 Job submitted from host: <188.185.8.79:9618?addrs=188.185.8.79-9618+[2001-1458-d00-63--100-23a]-9618&alias=bigbird26.cern.ch&noUDP&sock=schedd_4914_2c7a>
...
000 (11076583.003.000) 04/10 16:44:50 Job submitted from host: <188.185.8.79:9618?addrs=188.185.8.79-9618+[2001-1458-d00-63--100-23a]-9618&alias=bigbird26.cern.ch&noUDP&sock=schedd_4914_2c7a>
...
040 (11076583.002.000) 04/10 16:49:53 Started transferring input files
	Transferring to host: <188.185.196.68:9618?addrs=188.185.196.68-9618+[2001-1458-303-23--100-40]-9618&alias=b9p16p2478.cern.ch&noUDP&sock=slot1_32_6103_dd91_198512>
...
040 (11076583.002.000) 04/10 16:49:53 Finished transferring input files
...
040 (11076583.003.000) 04/10 16:49:54 Started transferring input files
	Transferring to host: <188.185.193.19:9618?addrs=188.185.193.19-9618+[2001-1458-303-20--100-f]-9618&alias=b9p19p7881.cern.ch&noUDP&sock=slot1_5_5202_078d_204124>
...
040 (11076583.001.000) 04/10 16:49:54 Started transferring input files
	Transferring to host: <188.185.192.187:9618?addrs=188.185.192.187-9618+[2001-1458-303-1f--100-b7]-9618&alias=b9p13p1976.cern.ch&noUDP&sock=slot1_13_6854_0350_204954>
...
040 (11076583.003.000) 04/10 16:49:54 Finished transferring input files
...
040 (11076583.001.000) 04/10 16:49:54 Finished transferring input files
...
040 (11076583.000.000) 04/10 16:49:54 Started transferring input files
	Transferring to host: <188.185.192.92:9618?addrs=188.185.192.92-9618+[2001-1458-303-1f--100-58]-9618&alias=b9p13p0561.cern.ch&noUDP&sock=slot1_7_3433_9be5_1431>
...
040 (11076583.000.000) 04/10 16:49:54 Finished transferring input files
...
001 (11076583.002.000) 04/10 16:49:54 Job executing on host: <188.185.196.68:9618?addrs=188.185.196.68-9618+[2001-1458-303-23--100-40]-9618&alias=b9p16p2478.cern.ch&noUDP&sock=startd_5126_968e>
	SlotName: slot1_32@b9p16p2478.cern.ch
	CondorScratchDir = "/pool/condor/dir_3650951"
	Cpus = 4
	Disk = 3816
	GPUs = 0
	Memory = 12000
...
001 (11076583.003.000) 04/10 16:49:55 Job executing on host: <188.185.193.19:9618?addrs=188.185.193.19-9618+[2001-1458-303-20--100-f]-9618&alias=b9p19p7881.cern.ch&noUDP&sock=startd_4202_cd0c>
	SlotName: slot1_5@b9p19p7881.cern.ch
	CondorScratchDir = "/pool/condor/dir_1666267"
	Cpus = 4
	Disk = 3819
	GPUs = 0
	Memory = 12000
...
001 (11076583.001.000) 04/10 16:49:55 Job executing on host: <188.185.192.187:9618?addrs=188.185.192.187-9618+[2001-1458-303-1f--100-b7]-9618&alias=b9p13p1976.cern.ch&noUDP&sock=startd_5180_a0ab>
	SlotName: slot1_13@b9p13p1976.cern.ch
	CondorScratchDir = "/pool/condor/dir_1243849"
	Cpus = 4
	Disk = 3631
	GPUs = 0
	Memory = 12000
...
001 (11076583.000.000) 04/10 16:49:55 Job executing on host: <188.185.192.92:9618?addrs=188.185.192.92-9618+[2001-1458-303-1f--100-58]-9618&alias=b9p13p0561.cern.ch&noUDP&sock=startd_2681_857f>
	SlotName: slot1_7@b9p13p0561.cern.ch
	CondorScratchDir = "/pool/condor/dir_3898479"
	Cpus = 4
	Disk = 3918
	GPUs = 0
	Memory = 12000
...
006 (11076583.000.000) 04/10 16:50:03 Image size of job updated: 67504
	66  -  MemoryUsage of job (MB)
	67504  -  ResidentSetSize of job (KB)
...
006 (11076583.002.000) 04/10 16:50:07 Image size of job updated: 67404
	66  -  MemoryUsage of job (MB)
	67404  -  ResidentSetSize of job (KB)
...
006 (11076583.003.000) 04/10 16:50:08 Image size of job updated: 34752
	5  -  MemoryUsage of job (MB)
	4676  -  ResidentSetSize of job (KB)
...
006 (11076583.001.000) 04/10 16:50:08 Image size of job updated: 67684
	67  -  MemoryUsage of job (MB)
	67684  -  ResidentSetSize of job (KB)
...
006 (11076583.000.000) 04/10 16:55:03 Image size of job updated: 276580
	271  -  MemoryUsage of job (MB)
	276580  -  ResidentSetSize of job (KB)
...
006 (11076583.002.000) 04/10 16:55:07 Image size of job updated: 249792
	244  -  MemoryUsage of job (MB)
	249256  -  ResidentSetSize of job (KB)
...
006 (11076583.001.000) 04/10 16:55:08 Image size of job updated: 202436
	198  -  MemoryUsage of job (MB)
	202436  -  ResidentSetSize of job (KB)
...
006 (11076583.003.000) 04/10 16:55:08 Image size of job updated: 169928
	163  -  MemoryUsage of job (MB)
	166556  -  ResidentSetSize of job (KB)
...
006 (11076583.000.000) 04/10 17:00:04 Image size of job updated: 479152
	468  -  MemoryUsage of job (MB)
	479152  -  ResidentSetSize of job (KB)
...
006 (11076583.002.000) 04/10 17:00:08 Image size of job updated: 423924
	414  -  MemoryUsage of job (MB)
	423924  -  ResidentSetSize of job (KB)
...
006 (11076583.001.000) 04/10 17:00:09 Image size of job updated: 340320
	333  -  MemoryUsage of job (MB)
	340320  -  ResidentSetSize of job (KB)
...
006 (11076583.003.000) 04/10 17:00:09 Image size of job updated: 330696
	323  -  MemoryUsage of job (MB)
	330696  -  ResidentSetSize of job (KB)
...
006 (11076583.000.000) 04/10 17:05:04 Image size of job updated: 692140
	603  -  MemoryUsage of job (MB)
	617296  -  ResidentSetSize of job (KB)
...
006 (11076583.002.000) 04/10 17:05:08 Image size of job updated: 593392
	503  -  MemoryUsage of job (MB)
	514132  -  ResidentSetSize of job (KB)
...
006 (11076583.001.000) 04/10 17:05:09 Image size of job updated: 452768
	423  -  MemoryUsage of job (MB)
	432492  -  ResidentSetSize of job (KB)
...
040 (11076583.000.000) 04/10 18:50:15 Started transferring output files
...
040 (11076583.000.000) 04/10 18:50:15 Finished transferring output files
...
009 (11076583.000.000) 04/10 18:50:15 Job was aborted.
	Job removed by SYSTEM_PERIODIC_REMOVE due to wall time exceeded allowed max.
...
040 (11076583.002.000) 04/10 18:50:19 Started transferring output files
...
040 (11076583.002.000) 04/10 18:50:19 Finished transferring output files
...
009 (11076583.002.000) 04/10 18:50:19 Job was aborted.
	Job removed by SYSTEM_PERIODIC_REMOVE due to wall time exceeded allowed max.
...
040 (11076583.001.000) 04/10 18:50:21 Started transferring output files
...
040 (11076583.001.000) 04/10 18:50:21 Finished transferring output files
...
009 (11076583.001.000) 04/10 18:50:21 Job was aborted.
	Job removed by SYSTEM_PERIODIC_REMOVE due to wall time exceeded allowed max.
...
040 (11076583.003.000) 04/10 18:50:22 Started transferring output files
...
040 (11076583.003.000) 04/10 18:50:22 Finished transferring output files
...
009 (11076583.003.000) 04/10 18:50:22 Job was aborted.
	Job removed by SYSTEM_PERIODIC_REMOVE due to wall time exceeded allowed max.
...
000 (11077297.000.000) 04/10 21:23:27 Job submitted from host: <188.185.8.79:9618?addrs=188.185.8.79-9618+[2001-1458-d00-63--100-23a]-9618&alias=bigbird26.cern.ch&noUDP&sock=schedd_4914_2c7a>
...
000 (11077297.001.000) 04/10 21:23:27 Job submitted from host: <188.185.8.79:9618?addrs=188.185.8.79-9618+[2001-1458-d00-63--100-23a]-9618&alias=bigbird26.cern.ch&noUDP&sock=schedd_4914_2c7a>
...
000 (11077297.002.000) 04/10 21:23:27 Job submitted from host: <188.185.8.79:9618?addrs=188.185.8.79-9618+[2001-1458-d00-63--100-23a]-9618&alias=bigbird26.cern.ch&noUDP&sock=schedd_4914_2c7a>
...
000 (11077297.003.000) 04/10 21:23:27 Job submitted from host: <188.185.8.79:9618?addrs=188.185.8.79-9618+[2001-1458-d00-63--100-23a]-9618&alias=bigbird26.cern.ch&noUDP&sock=schedd_4914_2c7a>
...
040 (11077297.001.000) 04/10 21:24:13 Started transferring input files
	Transferring to host: <188.185.196.38:9618?addrs=188.185.196.38-9618+[2001-1458-303-23--100-22]-9618&alias=b9p16p0146.cern.ch&noUDP&sock=slot1_18_3533_1169_1474>
...
040 (11077297.001.000) 04/10 21:24:13 Finished transferring input files
...
040 (11077297.003.000) 04/10 21:24:14 Started transferring input files
	Transferring to host: <188.185.192.34:9618?addrs=188.185.192.34-9618+[2001-1458-303-1f--100-1e]-9618&alias=b9p13p8814.cern.ch&noUDP&sock=slot1_17_9970_844f_200691>
...
040 (11077297.003.000) 04/10 21:24:14 Finished transferring input files
...
001 (11077297.001.000) 04/10 21:24:14 Job executing on host: <188.185.196.38:9618?addrs=188.185.196.38-9618+[2001-1458-303-23--100-22]-9618&alias=b9p16p0146.cern.ch&noUDP&sock=startd_2775_ff66>
	SlotName: slot1_18@b9p16p0146.cern.ch
	CondorScratchDir = "/pool/condor/dir_2031077"
	Cpus = 4
	Disk = 3823
	GPUs = 0
	Memory = 12000
...
040 (11077297.002.000) 04/10 21:24:14 Started transferring input files
	Transferring to host: <188.185.195.128:9618?addrs=188.185.195.128-9618+[2001-1458-303-22--100-7c]-9618&alias=b9p17p8721.cern.ch&noUDP&sock=slot1_41_4998_4b04_201466>
...
040 (11077297.002.000) 04/10 21:24:14 Finished transferring input files
...
001 (11077297.003.000) 04/10 21:24:15 Job executing on host: <188.185.192.34:9618?addrs=188.185.192.34-9618+[2001-1458-303-1f--100-1e]-9618&alias=b9p13p8814.cern.ch&noUDP&sock=startd_8512_1a3c>
	SlotName: slot1_17@b9p13p8814.cern.ch
	CondorScratchDir = "/pool/condor/dir_3046085"
	Cpus = 4
	Disk = 3762
	GPUs = 0
	Memory = 12000
...
001 (11077297.002.000) 04/10 21:24:15 Job executing on host: <188.185.195.128:9618?addrs=188.185.195.128-9618+[2001-1458-303-22--100-7c]-9618&alias=b9p17p8721.cern.ch&noUDP&sock=startd_3937_0873>
	SlotName: slot1_41@b9p17p8721.cern.ch
	CondorScratchDir = "/pool/condor/dir_2783876"
	Cpus = 4
	Disk = 3730
	GPUs = 0
	Memory = 12000
...
006 (11077297.001.000) 04/10 21:24:23 Image size of job updated: 77656
	76  -  MemoryUsage of job (MB)
	77656  -  ResidentSetSize of job (KB)
...
040 (11077297.000.000) 04/10 21:24:28 Started transferring input files
	Transferring to host: <128.142.161.102:9618?addrs=128.142.161.102-9618+[2001-1458-301-b8--100-24]-9618&alias=b9g03p0525.cern.ch&noUDP&sock=slot1_29_3458683_cf7f_214665>
...
040 (11077297.000.000) 04/10 21:24:28 Finished transferring input files
...
001 (11077297.000.000) 04/10 21:24:29 Job executing on host: <128.142.161.102:9618?addrs=128.142.161.102-9618+[2001-1458-301-b8--100-24]-9618&alias=b9g03p0525.cern.ch&noUDP&sock=startd_4457_b5b2>
	SlotName: slot1_29@b9g03p0525.cern.ch
	CondorScratchDir = "/pool/condor/dir_1294768"
	Cpus = 4
	Disk = 3976
	GPUs = 0
	Memory = 12000
...
006 (11077297.003.000) 04/10 21:24:29 Image size of job updated: 83220
	82  -  MemoryUsage of job (MB)
	83220  -  ResidentSetSize of job (KB)
...
006 (11077297.002.000) 04/10 21:24:29 Image size of job updated: 77184
	76  -  MemoryUsage of job (MB)
	77184  -  ResidentSetSize of job (KB)
...
006 (11077297.000.000) 04/10 21:24:42 Image size of job updated: 18900
	19  -  MemoryUsage of job (MB)
	18900  -  ResidentSetSize of job (KB)
...
006 (11077297.001.000) 04/10 21:29:24 Image size of job updated: 214716
	210  -  MemoryUsage of job (MB)
	214716  -  ResidentSetSize of job (KB)
...
006 (11077297.002.000) 04/10 21:29:30 Image size of job updated: 261748
	256  -  MemoryUsage of job (MB)
	261748  -  ResidentSetSize of job (KB)
...
006 (11077297.003.000) 04/10 21:29:30 Image size of job updated: 175696
	172  -  MemoryUsage of job (MB)
	175696  -  ResidentSetSize of job (KB)
...
006 (11077297.000.000) 04/10 21:29:42 Image size of job updated: 217708
	213  -  MemoryUsage of job (MB)
	217708  -  ResidentSetSize of job (KB)
...
006 (11077297.001.000) 04/10 21:34:24 Image size of job updated: 348992
	341  -  MemoryUsage of job (MB)
	348992  -  ResidentSetSize of job (KB)
...
006 (11077297.002.000) 04/10 21:34:30 Image size of job updated: 430380
	421  -  MemoryUsage of job (MB)
	430380  -  ResidentSetSize of job (KB)
...
006 (11077297.003.000) 04/10 21:34:31 Image size of job updated: 353556
	326  -  MemoryUsage of job (MB)
	333304  -  ResidentSetSize of job (KB)
...
006 (11077297.000.000) 04/10 21:34:42 Image size of job updated: 402104
	393  -  MemoryUsage of job (MB)
	402104  -  ResidentSetSize of job (KB)
...
006 (11077297.001.000) 04/10 21:39:24 Image size of job updated: 447440
	430  -  MemoryUsage of job (MB)
	439808  -  ResidentSetSize of job (KB)
...
006 (11077297.002.000) 04/10 21:39:30 Image size of job updated: 592716
	494  -  MemoryUsage of job (MB)
	505372  -  ResidentSetSize of job (KB)
...
006 (11077297.000.000) 04/10 21:39:43 Image size of job updated: 630368
	616  -  MemoryUsage of job (MB)
	630368  -  ResidentSetSize of job (KB)
...
006 (11077297.000.000) 04/10 21:44:43 Image size of job updated: 761592
	744  -  MemoryUsage of job (MB)
	761592  -  ResidentSetSize of job (KB)
...
006 (11077297.002.000) 04/11 01:09:52 Image size of job updated: 592716
	496  -  MemoryUsage of job (MB)
	507544  -  ResidentSetSize of job (KB)
...
040 (11077297.001.000) 04/11 01:20:00 Started transferring output files
...
040 (11077297.001.000) 04/11 01:20:00 Finished transferring output files
...
040 (11077297.003.000) 04/11 01:20:00 Started transferring output files
...
040 (11077297.003.000) 04/11 01:20:00 Finished transferring output files
...
040 (11077297.000.000) 04/11 01:20:00 Started transferring output files
...
004 (11077297.001.000) 04/11 01:20:00 Job was evicted.
	(0) CPU times
		Usr 0 03:49:24, Sys 0 00:00:52  -  Run Remote Usage
		Usr 0 00:00:00, Sys 0 00:00:00  -  Run Local Usage
	2006184  -  Run Bytes Sent By Job
	2697  -  Run Bytes Received By Job
	Partitionable Resources :    Usage  Request Allocated 
	   Cpus                 :     0.97        4         4 
	   Disk (KB)            :  1985           3      3823 
	   GPUs                 :                           0 
	   Memory (MB)          :   430       12000     12000 
	   TimeExecute (s)      : 14146                       
	   TimeSlotBusy (s)     : 14148                       
...
040 (11077297.000.000) 04/11 01:20:00 Finished transferring output files
...
004 (11077297.003.000) 04/11 01:20:00 Job was evicted.
	(0) CPU times
		Usr 0 03:50:21, Sys 0 00:00:44  -  Run Remote Usage
		Usr 0 00:00:00, Sys 0 00:00:00  -  Run Local Usage
	1130169  -  Run Bytes Sent By Job
	2697  -  Run Bytes Received By Job
	Partitionable Resources :    Usage  Request Allocated 
	   Cpus                 :     0.99        4         4 
	   Disk (KB)            :  1129           3      3762 
	   GPUs                 :                           0 
	   Memory (MB)          :   326       12000     12000 
	   TimeExecute (s)      : 14145                       
	   TimeSlotBusy (s)     : 14147                       
...
004 (11077297.000.000) 04/11 01:20:00 Job was evicted.
	(0) CPU times
		Usr 0 03:47:14, Sys 0 00:00:50  -  Run Remote Usage
		Usr 0 00:00:00, Sys 0 00:00:00  -  Run Local Usage
	1985262  -  Run Bytes Sent By Job
	2697  -  Run Bytes Received By Job
	Partitionable Resources :    Usage  Request Allocated 
	   Cpus                 :     0.98        4         4 
	   Disk (KB)            :  1964           3      3976 
	   GPUs                 :                           0 
	   Memory (MB)          :   744       12000     12000 
	   TimeExecute (s)      : 14131                       
	   TimeSlotBusy (s)     : 14148                       
...
040 (11077297.002.000) 04/11 01:20:00 Started transferring output files
...
009 (11077297.001.000) 04/11 01:20:00 Job was aborted.
	via condor_rm (by user tafoyava)
...
009 (11077297.003.000) 04/11 01:20:00 Job was aborted.
	via condor_rm (by user tafoyava)
...
040 (11077297.002.000) 04/11 01:20:00 Finished transferring output files
...
009 (11077297.000.000) 04/11 01:20:00 Job was aborted.
	via condor_rm (by user tafoyava)
...
004 (11077297.002.000) 04/11 01:20:00 Job was evicted.
	(0) CPU times
		Usr 0 03:49:04, Sys 0 00:00:48  -  Run Remote Usage
		Usr 0 00:00:00, Sys 0 00:00:00  -  Run Local Usage
	1416733  -  Run Bytes Sent By Job
	2697  -  Run Bytes Received By Job
	Partitionable Resources :    Usage  Request Allocated 
	   Cpus                 :     0.99        4         4 
	   Disk (KB)            :  1409           3      3730 
	   GPUs                 :                           0 
	   Memory (MB)          :   496       12000     12000 
	   TimeExecute (s)      : 14145                       
	   TimeSlotBusy (s)     : 14147                       
...
009 (11077297.002.000) 04/11 01:20:00 Job was aborted.
	via condor_rm (by user tafoyava)
...
000 (11332299.000.000) 04/28 20:15:35 Job submitted from host: <188.185.8.79:9618?addrs=188.185.8.79-9618+[2001-1458-d00-63--100-23a]-9618&alias=bigbird26.cern.ch&noUDP&sock=schedd_4914_2c7a>
...
000 (11332299.001.000) 04/28 20:15:35 Job submitted from host: <188.185.8.79:9618?addrs=188.185.8.79-9618+[2001-1458-d00-63--100-23a]-9618&alias=bigbird26.cern.ch&noUDP&sock=schedd_4914_2c7a>
...
000 (11332299.002.000) 04/28 20:15:35 Job submitted from host: <188.185.8.79:9618?addrs=188.185.8.79-9618+[2001-1458-d00-63--100-23a]-9618&alias=bigbird26.cern.ch&noUDP&sock=schedd_4914_2c7a>
...
000 (11332299.003.000) 04/28 20:15:35 Job submitted from host: <188.185.8.79:9618?addrs=188.185.8.79-9618+[2001-1458-d00-63--100-23a]-9618&alias=bigbird26.cern.ch&noUDP&sock=schedd_4914_2c7a>
...
000 (11332300.000.000) 04/28 20:15:45 Job submitted from host: <188.185.8.79:9618?addrs=188.185.8.79-9618+[2001-1458-d00-63--100-23a]-9618&alias=bigbird26.cern.ch&noUDP&sock=schedd_4914_2c7a>
...
000 (11332300.001.000) 04/28 20:15:45 Job submitted from host: <188.185.8.79:9618?addrs=188.185.8.79-9618+[2001-1458-d00-63--100-23a]-9618&alias=bigbird26.cern.ch&noUDP&sock=schedd_4914_2c7a>
...
000 (11332300.002.000) 04/28 20:15:45 Job submitted from host: <188.185.8.79:9618?addrs=188.185.8.79-9618+[2001-1458-d00-63--100-23a]-9618&alias=bigbird26.cern.ch&noUDP&sock=schedd_4914_2c7a>
...
000 (11332300.003.000) 04/28 20:15:45 Job submitted from host: <188.185.8.79:9618?addrs=188.185.8.79-9618+[2001-1458-d00-63--100-23a]-9618&alias=bigbird26.cern.ch&noUDP&sock=schedd_4914_2c7a>
...
000 (11332301.000.000) 04/28 20:15:52 Job submitted from host: <188.185.8.79:9618?addrs=188.185.8.79-9618+[2001-1458-d00-63--100-23a]-9618&alias=bigbird26.cern.ch&noUDP&sock=schedd_4914_2c7a>
...
000 (11332301.001.000) 04/28 20:15:52 Job submitted from host: <188.185.8.79:9618?addrs=188.185.8.79-9618+[2001-1458-d00-63--100-23a]-9618&alias=bigbird26.cern.ch&noUDP&sock=schedd_4914_2c7a>
...
000 (11332301.002.000) 04/28 20:15:52 Job submitted from host: <188.185.8.79:9618?addrs=188.185.8.79-9618+[2001-1458-d00-63--100-23a]-9618&alias=bigbird26.cern.ch&noUDP&sock=schedd_4914_2c7a>
...
000 (11332301.003.000) 04/28 20:15:52 Job submitted from host: <188.185.8.79:9618?addrs=188.185.8.79-9618+[2001-1458-d00-63--100-23a]-9618&alias=bigbird26.cern.ch&noUDP&sock=schedd_4914_2c7a>
...
000 (11332302.000.000) 04/28 20:15:57 Job submitted from host: <188.185.8.79:9618?addrs=188.185.8.79-9618+[2001-1458-d00-63--100-23a]-9618&alias=bigbird26.cern.ch&noUDP&sock=schedd_4914_2c7a>
...
000 (11332302.001.000) 04/28 20:15:57 Job submitted from host: <188.185.8.79:9618?addrs=188.185.8.79-9618+[2001-1458-d00-63--100-23a]-9618&alias=bigbird26.cern.ch&noUDP&sock=schedd_4914_2c7a>
...
000 (11332302.002.000) 04/28 20:15:57 Job submitted from host: <188.185.8.79:9618?addrs=188.185.8.79-9618+[2001-1458-d00-63--100-23a]-9618&alias=bigbird26.cern.ch&noUDP&sock=schedd_4914_2c7a>
...
000 (11332302.003.000) 04/28 20:15:57 Job submitted from host: <188.185.8.79:9618?addrs=188.185.8.79-9618+[2001-1458-d00-63--100-23a]-9618&alias=bigbird26.cern.ch&noUDP&sock=schedd_4914_2c7a>
...
040 (11332299.001.000) 04/28 20:16:34 Started transferring input files
	Transferring to host: <128.142.132.172:9618?addrs=128.142.132.172-9618+[2001-1458-301-5a--100-a0]-9618&alias=b9g12p7551.cern.ch&noUDP&sock=slot1_6_2746149_2610_147042>
...
040 (11332299.001.000) 04/28 20:16:34 Finished transferring input files
...
040 (11332299.003.000) 04/28 20:16:34 Started transferring input files
	Transferring to host: <188.185.203.171:9618?addrs=188.185.203.171-9618+[2001-1458-303-6--100-28]-9618&alias=b9p34p1033.cern.ch&noUDP&sock=slot1_24_7019_4537_55087>
...
040 (11332299.003.000) 04/28 20:16:34 Finished transferring input files
...
001 (11332299.001.000) 04/28 20:16:35 Job executing on host: <128.142.132.172:9618?addrs=128.142.132.172-9618+[2001-1458-301-5a--100-a0]-9618&alias=b9g12p7551.cern.ch&noUDP&sock=startd_2346_bd45>
	SlotName: slot1_6@b9g12p7551.cern.ch
	CondorScratchDir = "/pool/condor/dir_2206342"
	Cpus = 4
	Disk = 2572
	GPUs = 0
	Memory = 12000
...
040 (11332299.000.000) 04/28 20:16:35 Started transferring input files
	Transferring to host: <188.185.211.142:9618?addrs=188.185.211.142-9618+[2001-1458-303-17--100-a]-9618&alias=b9p24p4776.cern.ch&noUDP&sock=slot1_19_8602_a317_244322>
...
040 (11332299.000.000) 04/28 20:16:35 Finished transferring input files
...
001 (11332299.003.000) 04/28 20:16:35 Job executing on host: <188.185.203.171:9618?addrs=188.185.203.171-9618+[2001-1458-303-6--100-28]-9618&alias=b9p34p1033.cern.ch&noUDP&sock=startd_6882_0edc>
	SlotName: slot1_24@b9p34p1033.cern.ch
	CondorScratchDir = "/pool/condor/dir_1543985"
	Cpus = 4
	Disk = 12778
	GPUs = 0
	Memory = 12000
...
040 (11332299.002.000) 04/28 20:16:35 Started transferring input files
	Transferring to host: <188.185.203.178:9618?addrs=188.185.203.178-9618+[2001-1458-303-6--100-2f]-9618&alias=b9p34p1016.cern.ch&noUDP&sock=slot1_23_9842_5449_92394>
...
040 (11332299.002.000) 04/28 20:16:35 Finished transferring input files
...
001 (11332299.000.000) 04/28 20:16:36 Job executing on host: <188.185.211.142:9618?addrs=188.185.211.142-9618+[2001-1458-303-17--100-a]-9618&alias=b9p24p4776.cern.ch&noUDP&sock=startd_7135_9852>
	SlotName: slot1_19@b9p24p4776.cern.ch
	CondorScratchDir = "/pool/condor/dir_1853690"
	Cpus = 4
	Disk = 3780
	GPUs = 0
	Memory = 12000
...
001 (11332299.002.000) 04/28 20:16:36 Job executing on host: <188.185.203.178:9618?addrs=188.185.203.178-9618+[2001-1458-303-6--100-2f]-9618&alias=b9p34p1016.cern.ch&noUDP&sock=startd_9349_3701>
	SlotName: slot1_23@b9p34p1016.cern.ch
	CondorScratchDir = "/pool/condor/dir_2143116"
	Cpus = 4
	Disk = 12449
	GPUs = 0
	Memory = 12000
...
006 (11332299.001.000) 04/28 20:16:48 Image size of job updated: 71936
	71  -  MemoryUsage of job (MB)
	71936  -  ResidentSetSize of job (KB)
...
006 (11332299.003.000) 04/28 20:16:49 Image size of job updated: 82136
	81  -  MemoryUsage of job (MB)
	82136  -  ResidentSetSize of job (KB)
...
006 (11332299.000.000) 04/28 20:16:50 Image size of job updated: 72436
	71  -  MemoryUsage of job (MB)
	72436  -  ResidentSetSize of job (KB)
...
006 (11332299.002.000) 04/28 20:16:50 Image size of job updated: 96552
	95  -  MemoryUsage of job (MB)
	96552  -  ResidentSetSize of job (KB)
...
006 (11332299.001.000) 04/28 20:21:48 Image size of job updated: 205336
	201  -  MemoryUsage of job (MB)
	205336  -  ResidentSetSize of job (KB)
...
006 (11332299.003.000) 04/28 20:21:50 Image size of job updated: 273236
	267  -  MemoryUsage of job (MB)
	273236  -  ResidentSetSize of job (KB)
...
006 (11332299.002.000) 04/28 20:21:51 Image size of job updated: 338828
	307  -  MemoryUsage of job (MB)
	314264  -  ResidentSetSize of job (KB)
...
006 (11332299.000.000) 04/28 20:21:51 Image size of job updated: 254624
	249  -  MemoryUsage of job (MB)
	254624  -  ResidentSetSize of job (KB)
...
040 (11332300.000.000) 04/28 20:21:52 Started transferring input files
	Transferring to host: <188.185.196.38:9618?addrs=188.185.196.38-9618+[2001-1458-303-23--100-22]-9618&alias=b9p16p0146.cern.ch&noUDP&sock=slot1_1_3533_1169_26824>
...
040 (11332300.000.000) 04/28 20:21:52 Finished transferring input files
...
040 (11332300.001.000) 04/28 20:21:52 Started transferring input files
	Transferring to host: <188.185.193.53:9618?addrs=188.185.193.53-9618+[2001-1458-303-20--100-31]-9618&alias=b9p19p5077.cern.ch&noUDP&sock=slot1_15_6696_b009_219936>
...
040 (11332300.001.000) 04/28 20:21:52 Finished transferring input files
...
040 (11332300.002.000) 04/28 20:21:52 Started transferring input files
	Transferring to host: <128.142.161.146:9618?addrs=128.142.161.146-9618+[2001-1458-301-b9--100-f]-9618&alias=b9g03p9555.cern.ch&noUDP&sock=slot1_1_4592_3ab4_82670>
...
040 (11332300.002.000) 04/28 20:21:52 Finished transferring input files
...
001 (11332300.000.000) 04/28 20:21:53 Job executing on host: <188.185.196.38:9618?addrs=188.185.196.38-9618+[2001-1458-303-23--100-22]-9618&alias=b9p16p0146.cern.ch&noUDP&sock=startd_2775_ff66>
	SlotName: slot1_1@b9p16p0146.cern.ch
	CondorScratchDir = "/pool/condor/dir_875053"
	Cpus = 4
	Disk = 3950
	GPUs = 0
	Memory = 12000
...
001 (11332300.001.000) 04/28 20:21:53 Job executing on host: <188.185.193.53:9618?addrs=188.185.193.53-9618+[2001-1458-303-20--100-31]-9618&alias=b9p19p5077.cern.ch&noUDP&sock=startd_5439_47b3>
	SlotName: slot1_15@b9p19p5077.cern.ch
	CondorScratchDir = "/pool/condor/dir_2903796"
	Cpus = 4
	Disk = 3982
	GPUs = 0
	Memory = 12000
...
040 (11332301.000.000) 04/28 20:21:53 Started transferring input files
	Transferring to host: <188.185.215.142:9618?addrs=188.185.215.142-9618+[2001-1458-303-26--100-a]-9618&alias=b9p18p7489.cern.ch&noUDP&sock=slot1_2_9044_10e9_223526>
...
040 (11332301.000.000) 04/28 20:21:53 Finished transferring input files
...
040 (11332300.003.000) 04/28 20:21:53 Started transferring input files
	Transferring to host: <188.185.194.141:9618?addrs=188.185.194.141-9618+[2001-1458-303-21--100-89]-9618&alias=b9p20p9420.cern.ch&noUDP&sock=slot1_8_3522973_ee76_62920>
...
040 (11332300.003.000) 04/28 20:21:53 Finished transferring input files
...
040 (11332301.001.000) 04/28 20:21:53 Started transferring input files
	Transferring to host: <188.185.192.66:9618?addrs=188.185.192.66-9618+[2001-1458-303-1f--100-3e]-9618&alias=b9p13p6504.cern.ch&noUDP&sock=slot1_3_1104504_bc6b_31336>
...
001 (11332300.002.000) 04/28 20:21:53 Job executing on host: <128.142.161.146:9618?addrs=128.142.161.146-9618+[2001-1458-301-b9--100-f]-9618&alias=b9g03p9555.cern.ch&noUDP&sock=startd_3739_38b2>
	SlotName: slot1_1@b9g03p9555.cern.ch
	CondorScratchDir = "/pool/condor/dir_494365"
	Cpus = 4
	Disk = 3995
	GPUs = 0
	Memory = 12000
...
040 (11332301.001.000) 04/28 20:21:53 Finished transferring input files
...
001 (11332301.000.000) 04/28 20:21:54 Job executing on host: <188.185.215.142:9618?addrs=188.185.215.142-9618+[2001-1458-303-26--100-a]-9618&alias=b9p18p7489.cern.ch&noUDP&sock=startd_8508_5bdb>
	SlotName: slot1_2@b9p18p7489.cern.ch
	CondorScratchDir = "/pool/condor/dir_3420826"
	Cpus = 4
	Disk = 3796
	GPUs = 0
	Memory = 12000
...
040 (11332302.000.000) 04/28 20:21:54 Started transferring input files
	Transferring to host: <188.185.192.145:9618?addrs=188.185.192.145-9618+[2001-1458-303-1f--100-8d]-9618&alias=b9p13p9370.cern.ch&noUDP&sock=slot1_25_5412_fe55_217863>
...
040 (11332301.002.000) 04/28 20:21:54 Started transferring input files
	Transferring to host: <188.185.193.164:9618?addrs=188.185.193.164-9618+[2001-1458-303-20--100-a0]-9618&alias=b9p19p0551.cern.ch&noUDP&sock=slot1_10_3206_aabb_27958>
...
040 (11332301.002.000) 04/28 20:21:54 Finished transferring input files
...
040 (11332302.000.000) 04/28 20:21:54 Finished transferring input files
...
001 (11332300.003.000) 04/28 20:21:54 Job executing on host: <188.185.194.141:9618?addrs=188.185.194.141-9618+[2001-1458-303-21--100-89]-9618&alias=b9p20p9420.cern.ch&noUDP&sock=startd_3522932_e7d2>
	SlotName: slot1_8@b9p20p9420.cern.ch
	CondorScratchDir = "/pool/condor/dir_844901"
	Cpus = 4
	Disk = 3911
	GPUs = 0
	Memory = 12000
...
001 (11332301.001.000) 04/28 20:21:54 Job executing on host: <188.185.192.66:9618?addrs=188.185.192.66-9618+[2001-1458-303-1f--100-3e]-9618&alias=b9p13p6504.cern.ch&noUDP&sock=startd_7035_00da>
	SlotName: slot1_3@b9p13p6504.cern.ch
	CondorScratchDir = "/pool/condor/dir_3547511"
	Cpus = 4
	Disk = 3897
	GPUs = 0
	Memory = 12000
...
040 (11332301.003.000) 04/28 20:21:54 Started transferring input files
	Transferring to host: <188.185.192.151:9618?addrs=188.185.192.151-9618+[2001-1458-303-1f--100-93]-9618&alias=b9p13p0528.cern.ch&noUDP&sock=slot1_15_1724942_6f39_40556>
...
040 (11332301.003.000) 04/28 20:21:54 Finished transferring input files
...
040 (11332302.001.000) 04/28 20:21:55 Started transferring input files
	Transferring to host: <128.142.161.98:9618?addrs=128.142.161.98-9618+[2001-1458-301-b8--100-20]-9618&alias=b9g03p9785.cern.ch&noUDP&sock=slot1_17_3086_1db7_16742>
...
040 (11332302.001.000) 04/28 20:21:55 Finished transferring input files
...
040 (11332302.002.000) 04/28 20:21:55 Started transferring input files
	Transferring to host: <188.185.193.117:9618?addrs=188.185.193.117-9618+[2001-1458-303-20--100-71]-9618&alias=b9p19p0088.cern.ch&noUDP&sock=slot1_11_5596_a35d_25074>
...
040 (11332302.002.000) 04/28 20:21:55 Finished transferring input files
...
040 (11332302.003.000) 04/28 20:21:55 Started transferring input files
	Transferring to host: <128.142.161.72:9618?addrs=128.142.161.72-9618+[2001-1458-301-b8--100-6]-9618&alias=b9g03p4300.cern.ch&noUDP&sock=slot1_7_7778_0df5_225274>
...
040 (11332302.003.000) 04/28 20:21:55 Finished transferring input files
...
001 (11332302.000.000) 04/28 20:21:55 Job executing on host: <188.185.192.145:9618?addrs=188.185.192.145-9618+[2001-1458-303-1f--100-8d]-9618&alias=b9p13p9370.cern.ch&noUDP&sock=startd_4308_8216>
	SlotName: slot1_25@b9p13p9370.cern.ch
	CondorScratchDir = "/pool/condor/dir_743982"
	Cpus = 4
	Disk = 3887
	GPUs = 0
	Memory = 12000
...
001 (11332301.002.000) 04/28 20:21:55 Job executing on host: <188.185.193.164:9618?addrs=188.185.193.164-9618+[2001-1458-303-20--100-a0]-9618&alias=b9p19p0551.cern.ch&noUDP&sock=startd_2554_68f8>
	SlotName: slot1_10@b9p19p0551.cern.ch
	CondorScratchDir = "/pool/condor/dir_1257395"
	Cpus = 4
	Disk = 3953
	GPUs = 0
	Memory = 12000
...
001 (11332301.003.000) 04/28 20:21:55 Job executing on host: <188.185.192.151:9618?addrs=188.185.192.151-9618+[2001-1458-303-1f--100-93]-9618&alias=b9p13p0528.cern.ch&noUDP&sock=startd_3830_a3d1>
	SlotName: slot1_15@b9p13p0528.cern.ch
	CondorScratchDir = "/pool/condor/dir_2735300"
	Cpus = 4
	Disk = 3812
	GPUs = 0
	Memory = 12000
...
001 (11332302.001.000) 04/28 20:21:56 Job executing on host: <128.142.161.98:9618?addrs=128.142.161.98-9618+[2001-1458-301-b8--100-20]-9618&alias=b9g03p9785.cern.ch&noUDP&sock=startd_2619_fea0>
	SlotName: slot1_17@b9g03p9785.cern.ch
	CondorScratchDir = "/pool/condor/dir_3506692"
	Cpus = 4
	Disk = 4068
	GPUs = 0
	Memory = 12000
...
001 (11332302.002.000) 04/28 20:21:56 Job executing on host: <188.185.193.117:9618?addrs=188.185.193.117-9618+[2001-1458-303-20--100-71]-9618&alias=b9p19p0088.cern.ch&noUDP&sock=startd_4427_21db>
	SlotName: slot1_11@b9p19p0088.cern.ch
	CondorScratchDir = "/pool/condor/dir_2203083"
	Cpus = 4
	Disk = 3966
	GPUs = 0
	Memory = 12000
...
001 (11332302.003.000) 04/28 20:21:56 Job executing on host: <128.142.161.72:9618?addrs=128.142.161.72-9618+[2001-1458-301-b8--100-6]-9618&alias=b9g03p4300.cern.ch&noUDP&sock=startd_6448_5ec2>
	SlotName: slot1_7@b9g03p4300.cern.ch
	CondorScratchDir = "/pool/condor/dir_2687175"
	Cpus = 4
	Disk = 3814
	GPUs = 0
	Memory = 12000
...
006 (11332300.000.000) 04/28 20:22:01 Image size of job updated: 116020
	114  -  MemoryUsage of job (MB)
	116020  -  ResidentSetSize of job (KB)
...
006 (11332301.002.000) 04/28 20:22:03 Image size of job updated: 72148
	71  -  MemoryUsage of job (MB)
	72148  -  ResidentSetSize of job (KB)
...
006 (11332301.003.000) 04/28 20:22:03 Image size of job updated: 71472
	70  -  MemoryUsage of job (MB)
	71472  -  ResidentSetSize of job (KB)
...
006 (11332302.002.000) 04/28 20:22:04 Image size of job updated: 70024
	69  -  MemoryUsage of job (MB)
	70024  -  ResidentSetSize of job (KB)
...
006 (11332300.001.000) 04/28 20:22:06 Image size of job updated: 69852
	69  -  MemoryUsage of job (MB)
	69852  -  ResidentSetSize of job (KB)
...
006 (11332300.002.000) 04/28 20:22:06 Image size of job updated: 67408
	66  -  MemoryUsage of job (MB)
	67408  -  ResidentSetSize of job (KB)
...
006 (11332301.000.000) 04/28 20:22:07 Image size of job updated: 69872
	69  -  MemoryUsage of job (MB)
	69872  -  ResidentSetSize of job (KB)
...
006 (11332300.003.000) 04/28 20:22:07 Image size of job updated: 33636
	28  -  MemoryUsage of job (MB)
	28376  -  ResidentSetSize of job (KB)
...
006 (11332301.001.000) 04/28 20:22:07 Image size of job updated: 45116
	45  -  MemoryUsage of job (MB)
	45116  -  ResidentSetSize of job (KB)
...
006 (11332302.000.000) 04/28 20:22:08 Image size of job updated: 69312
	68  -  MemoryUsage of job (MB)
	69312  -  ResidentSetSize of job (KB)
...
006 (11332302.001.000) 04/28 20:22:09 Image size of job updated: 67680
	67  -  MemoryUsage of job (MB)
	67680  -  ResidentSetSize of job (KB)
...
006 (11332302.003.000) 04/28 20:22:09 Image size of job updated: 67400
	66  -  MemoryUsage of job (MB)
	67400  -  ResidentSetSize of job (KB)
...
006 (11332299.001.000) 04/28 20:26:49 Image size of job updated: 489864
	401  -  MemoryUsage of job (MB)
	410624  -  ResidentSetSize of job (KB)
...
006 (11332299.000.000) 04/28 20:26:52 Image size of job updated: 517036
	446  -  MemoryUsage of job (MB)
	456512  -  ResidentSetSize of job (KB)
...
006 (11332300.000.000) 04/28 20:27:01 Image size of job updated: 257160
	252  -  MemoryUsage of job (MB)
	257160  -  ResidentSetSize of job (KB)
...
006 (11332301.002.000) 04/28 20:27:03 Image size of job updated: 452292
	338  -  MemoryUsage of job (MB)
	345248  -  ResidentSetSize of job (KB)
...
006 (11332301.003.000) 04/28 20:27:03 Image size of job updated: 356144
	277  -  MemoryUsage of job (MB)
	283212  -  ResidentSetSize of job (KB)
...
006 (11332302.002.000) 04/28 20:27:04 Image size of job updated: 176048
	172  -  MemoryUsage of job (MB)
	176048  -  ResidentSetSize of job (KB)
...
006 (11332300.001.000) 04/28 20:27:06 Image size of job updated: 730124
	446  -  MemoryUsage of job (MB)
	455748  -  ResidentSetSize of job (KB)
...
006 (11332300.002.000) 04/28 20:27:06 Image size of job updated: 168752
	165  -  MemoryUsage of job (MB)
	168752  -  ResidentSetSize of job (KB)
...
006 (11332301.000.000) 04/28 20:27:07 Image size of job updated: 596868
	583  -  MemoryUsage of job (MB)
	596868  -  ResidentSetSize of job (KB)
...
006 (11332301.001.000) 04/28 20:27:07 Image size of job updated: 625340
	445  -  MemoryUsage of job (MB)
	455540  -  ResidentSetSize of job (KB)
...
006 (11332300.003.000) 04/28 20:27:07 Image size of job updated: 372012
	277  -  MemoryUsage of job (MB)
	282820  -  ResidentSetSize of job (KB)
...
006 (11332302.000.000) 04/28 20:27:08 Image size of job updated: 461052
	451  -  MemoryUsage of job (MB)
	461052  -  ResidentSetSize of job (KB)
...
006 (11332302.001.000) 04/28 20:27:09 Image size of job updated: 229156
	224  -  MemoryUsage of job (MB)
	229156  -  ResidentSetSize of job (KB)
...
006 (11332302.003.000) 04/28 20:27:09 Image size of job updated: 440436
	298  -  MemoryUsage of job (MB)
	305020  -  ResidentSetSize of job (KB)
...
006 (11332299.001.000) 04/28 20:31:49 Image size of job updated: 489864
	407  -  MemoryUsage of job (MB)
	416656  -  ResidentSetSize of job (KB)
...
000 (11332305.000.000) 04/28 20:31:54 Job submitted from host: <188.185.8.79:9618?addrs=188.185.8.79-9618+[2001-1458-d00-63--100-23a]-9618&alias=bigbird26.cern.ch&noUDP&sock=schedd_4914_2c7a>
...
000 (11332305.001.000) 04/28 20:31:54 Job submitted from host: <188.185.8.79:9618?addrs=188.185.8.79-9618+[2001-1458-d00-63--100-23a]-9618&alias=bigbird26.cern.ch&noUDP&sock=schedd_4914_2c7a>
...
000 (11332305.002.000) 04/28 20:31:54 Job submitted from host: <188.185.8.79:9618?addrs=188.185.8.79-9618+[2001-1458-d00-63--100-23a]-9618&alias=bigbird26.cern.ch&noUDP&sock=schedd_4914_2c7a>
...
000 (11332305.003.000) 04/28 20:31:54 Job submitted from host: <188.185.8.79:9618?addrs=188.185.8.79-9618+[2001-1458-d00-63--100-23a]-9618&alias=bigbird26.cern.ch&noUDP&sock=schedd_4914_2c7a>
...
000 (11332306.000.000) 04/28 20:31:54 Job submitted from host: <188.185.8.79:9618?addrs=188.185.8.79-9618+[2001-1458-d00-63--100-23a]-9618&alias=bigbird26.cern.ch&noUDP&sock=schedd_4914_2c7a>
...
000 (11332306.001.000) 04/28 20:31:54 Job submitted from host: <188.185.8.79:9618?addrs=188.185.8.79-9618+[2001-1458-d00-63--100-23a]-9618&alias=bigbird26.cern.ch&noUDP&sock=schedd_4914_2c7a>
...
000 (11332306.002.000) 04/28 20:31:54 Job submitted from host: <188.185.8.79:9618?addrs=188.185.8.79-9618+[2001-1458-d00-63--100-23a]-9618&alias=bigbird26.cern.ch&noUDP&sock=schedd_4914_2c7a>
...
000 (11332306.003.000) 04/28 20:31:54 Job submitted from host: <188.185.8.79:9618?addrs=188.185.8.79-9618+[2001-1458-d00-63--100-23a]-9618&alias=bigbird26.cern.ch&noUDP&sock=schedd_4914_2c7a>
...
000 (11332307.000.000) 04/28 20:31:55 Job submitted from host: <188.185.8.79:9618?addrs=188.185.8.79-9618+[2001-1458-d00-63--100-23a]-9618&alias=bigbird26.cern.ch&noUDP&sock=schedd_4914_2c7a>
...
000 (11332307.001.000) 04/28 20:31:55 Job submitted from host: <188.185.8.79:9618?addrs=188.185.8.79-9618+[2001-1458-d00-63--100-23a]-9618&alias=bigbird26.cern.ch&noUDP&sock=schedd_4914_2c7a>
...
000 (11332307.002.000) 04/28 20:31:55 Job submitted from host: <188.185.8.79:9618?addrs=188.185.8.79-9618+[2001-1458-d00-63--100-23a]-9618&alias=bigbird26.cern.ch&noUDP&sock=schedd_4914_2c7a>
...
000 (11332307.003.000) 04/28 20:31:55 Job submitted from host: <188.185.8.79:9618?addrs=188.185.8.79-9618+[2001-1458-d00-63--100-23a]-9618&alias=bigbird26.cern.ch&noUDP&sock=schedd_4914_2c7a>
...
000 (11332308.000.000) 04/28 20:31:55 Job submitted from host: <188.185.8.79:9618?addrs=188.185.8.79-9618+[2001-1458-d00-63--100-23a]-9618&alias=bigbird26.cern.ch&noUDP&sock=schedd_4914_2c7a>
...
000 (11332308.001.000) 04/28 20:31:55 Job submitted from host: <188.185.8.79:9618?addrs=188.185.8.79-9618+[2001-1458-d00-63--100-23a]-9618&alias=bigbird26.cern.ch&noUDP&sock=schedd_4914_2c7a>
...
000 (11332308.002.000) 04/28 20:31:55 Job submitted from host: <188.185.8.79:9618?addrs=188.185.8.79-9618+[2001-1458-d00-63--100-23a]-9618&alias=bigbird26.cern.ch&noUDP&sock=schedd_4914_2c7a>
...
000 (11332308.003.000) 04/28 20:31:55 Job submitted from host: <188.185.8.79:9618?addrs=188.185.8.79-9618+[2001-1458-d00-63--100-23a]-9618&alias=bigbird26.cern.ch&noUDP&sock=schedd_4914_2c7a>
...
000 (11332309.000.000) 04/28 20:31:55 Job submitted from host: <188.185.8.79:9618?addrs=188.185.8.79-9618+[2001-1458-d00-63--100-23a]-9618&alias=bigbird26.cern.ch&noUDP&sock=schedd_4914_2c7a>
...
000 (11332309.001.000) 04/28 20:31:55 Job submitted from host: <188.185.8.79:9618?addrs=188.185.8.79-9618+[2001-1458-d00-63--100-23a]-9618&alias=bigbird26.cern.ch&noUDP&sock=schedd_4914_2c7a>
...
000 (11332309.002.000) 04/28 20:31:55 Job submitted from host: <188.185.8.79:9618?addrs=188.185.8.79-9618+[2001-1458-d00-63--100-23a]-9618&alias=bigbird26.cern.ch&noUDP&sock=schedd_4914_2c7a>
...
000 (11332309.003.000) 04/28 20:31:55 Job submitted from host: <188.185.8.79:9618?addrs=188.185.8.79-9618+[2001-1458-d00-63--100-23a]-9618&alias=bigbird26.cern.ch&noUDP&sock=schedd_4914_2c7a>
...
000 (11332310.000.000) 04/28 20:31:56 Job submitted from host: <188.185.8.79:9618?addrs=188.185.8.79-9618+[2001-1458-d00-63--100-23a]-9618&alias=bigbird26.cern.ch&noUDP&sock=schedd_4914_2c7a>
...
000 (11332310.001.000) 04/28 20:31:56 Job submitted from host: <188.185.8.79:9618?addrs=188.185.8.79-9618+[2001-1458-d00-63--100-23a]-9618&alias=bigbird26.cern.ch&noUDP&sock=schedd_4914_2c7a>
...
000 (11332310.002.000) 04/28 20:31:56 Job submitted from host: <188.185.8.79:9618?addrs=188.185.8.79-9618+[2001-1458-d00-63--100-23a]-9618&alias=bigbird26.cern.ch&noUDP&sock=schedd_4914_2c7a>
...
000 (11332310.003.000) 04/28 20:31:56 Job submitted from host: <188.185.8.79:9618?addrs=188.185.8.79-9618+[2001-1458-d00-63--100-23a]-9618&alias=bigbird26.cern.ch&noUDP&sock=schedd_4914_2c7a>
...
000 (11332311.000.000) 04/28 20:31:56 Job submitted from host: <188.185.8.79:9618?addrs=188.185.8.79-9618+[2001-1458-d00-63--100-23a]-9618&alias=bigbird26.cern.ch&noUDP&sock=schedd_4914_2c7a>
...
000 (11332311.001.000) 04/28 20:31:56 Job submitted from host: <188.185.8.79:9618?addrs=188.185.8.79-9618+[2001-1458-d00-63--100-23a]-9618&alias=bigbird26.cern.ch&noUDP&sock=schedd_4914_2c7a>
...
000 (11332311.002.000) 04/28 20:31:56 Job submitted from host: <188.185.8.79:9618?addrs=188.185.8.79-9618+[2001-1458-d00-63--100-23a]-9618&alias=bigbird26.cern.ch&noUDP&sock=schedd_4914_2c7a>
...
000 (11332311.003.000) 04/28 20:31:56 Job submitted from host: <188.185.8.79:9618?addrs=188.185.8.79-9618+[2001-1458-d00-63--100-23a]-9618&alias=bigbird26.cern.ch&noUDP&sock=schedd_4914_2c7a>
...
000 (11332312.000.000) 04/28 20:31:56 Job submitted from host: <188.185.8.79:9618?addrs=188.185.8.79-9618+[2001-1458-d00-63--100-23a]-9618&alias=bigbird26.cern.ch&noUDP&sock=schedd_4914_2c7a>
...
000 (11332312.001.000) 04/28 20:31:56 Job submitted from host: <188.185.8.79:9618?addrs=188.185.8.79-9618+[2001-1458-d00-63--100-23a]-9618&alias=bigbird26.cern.ch&noUDP&sock=schedd_4914_2c7a>
...
000 (11332312.002.000) 04/28 20:31:56 Job submitted from host: <188.185.8.79:9618?addrs=188.185.8.79-9618+[2001-1458-d00-63--100-23a]-9618&alias=bigbird26.cern.ch&noUDP&sock=schedd_4914_2c7a>
...
000 (11332312.003.000) 04/28 20:31:56 Job submitted from host: <188.185.8.79:9618?addrs=188.185.8.79-9618+[2001-1458-d00-63--100-23a]-9618&alias=bigbird26.cern.ch&noUDP&sock=schedd_4914_2c7a>
...
006 (11332300.000.000) 04/28 20:32:02 Image size of job updated: 517948
	447  -  MemoryUsage of job (MB)
	457424  -  ResidentSetSize of job (KB)
...
006 (11332302.002.000) 04/28 20:32:05 Image size of job updated: 407584
	359  -  MemoryUsage of job (MB)
	366724  -  ResidentSetSize of job (KB)
...
006 (11332300.002.000) 04/28 20:32:07 Image size of job updated: 379260
	347  -  MemoryUsage of job (MB)
	354648  -  ResidentSetSize of job (KB)
...
006 (11332301.000.000) 04/28 20:32:08 Image size of job updated: 598916
	585  -  MemoryUsage of job (MB)
	598916  -  ResidentSetSize of job (KB)
...
006 (11332302.000.000) 04/28 20:32:09 Image size of job updated: 463656
	451  -  MemoryUsage of job (MB)
	461052  -  ResidentSetSize of job (KB)
...
006 (11332302.001.000) 04/28 20:32:10 Image size of job updated: 487768
	408  -  MemoryUsage of job (MB)
	417056  -  ResidentSetSize of job (KB)
...
040 (11332305.002.000) 04/28 20:35:23 Started transferring input files
	Transferring to host: <128.142.161.72:9618?addrs=128.142.161.72-9618+[2001-1458-301-b8--100-6]-9618&alias=b9g03p4300.cern.ch&noUDP&sock=slot1_17_7778_0df5_225287>
...
040 (11332305.002.000) 04/28 20:35:23 Finished transferring input files
...
040 (11332306.001.000) 04/28 20:35:24 Started transferring input files
	Transferring to host: <188.185.192.141:9618?addrs=188.185.192.141-9618+[2001-1458-303-1f--100-89]-9618&alias=b9p13p6301.cern.ch&noUDP&sock=slot1_19_193885_45a5_214423>
...
040 (11332306.001.000) 04/28 20:35:24 Finished transferring input files
...
040 (11332305.001.000) 04/28 20:35:24 Started transferring input files
	Transferring to host: <188.185.193.80:9618?addrs=188.185.193.80-9618+[2001-1458-303-20--100-4c]-9618&alias=b9p19p0340.cern.ch&noUDP&sock=slot1_20_2116433_4289_27030>
...
040 (11332305.001.000) 04/28 20:35:24 Finished transferring input files
...
040 (11332305.003.000) 04/28 20:35:24 Started transferring input files
	Transferring to host: <188.185.194.101:9618?addrs=188.185.194.101-9618+[2001-1458-303-21--100-61]-9618&alias=b9p20p3637.cern.ch&noUDP&sock=slot1_2_9550_96bd_218935>
...
040 (11332305.003.000) 04/28 20:35:24 Finished transferring input files
...
040 (11332305.000.000) 04/28 20:35:24 Started transferring input files
	Transferring to host: <188.185.192.138:9618?addrs=188.185.192.138-9618+[2001-1458-303-1f--100-86]-9618&alias=b9p13p9545.cern.ch&noUDP&sock=slot1_15_5349_9ab3_220079>
...
040 (11332305.000.000) 04/28 20:35:24 Finished transferring input files
...
001 (11332305.002.000) 04/28 20:35:24 Job executing on host: <128.142.161.72:9618?addrs=128.142.161.72-9618+[2001-1458-301-b8--100-6]-9618&alias=b9g03p4300.cern.ch&noUDP&sock=startd_6448_5ec2>
	SlotName: slot1_17@b9g03p4300.cern.ch
	CondorScratchDir = "/pool/condor/dir_2692913"
	Cpus = 4
	Disk = 3815
	GPUs = 0
	Memory = 12000
...
001 (11332306.001.000) 04/28 20:35:25 Job executing on host: <188.185.192.141:9618?addrs=188.185.192.141-9618+[2001-1458-303-1f--100-89]-9618&alias=b9p13p6301.cern.ch&noUDP&sock=startd_4757_7c1c>
	SlotName: slot1_19@b9p13p6301.cern.ch
	CondorScratchDir = "/pool/condor/dir_1424129"
	Cpus = 4
	Disk = 3858
	GPUs = 0
	Memory = 12000
...
001 (11332305.001.000) 04/28 20:35:25 Job executing on host: <188.185.193.80:9618?addrs=188.185.193.80-9618+[2001-1458-303-20--100-4c]-9618&alias=b9p19p0340.cern.ch&noUDP&sock=startd_3982_e636>
	SlotName: slot1_20@b9p19p0340.cern.ch
	CondorScratchDir = "/pool/condor/dir_2548265"
	Cpus = 4
	Disk = 3928
	GPUs = 0
	Memory = 12000
...
040 (11332306.003.000) 04/28 20:35:25 Started transferring input files
	Transferring to host: <188.185.192.174:9618?addrs=188.185.192.174-9618+[2001-1458-303-1f--100-aa]-9618&alias=b9p13p7531.cern.ch&noUDP&sock=slot1_18_6272_f0f8_223207>
...
040 (11332306.000.000) 04/28 20:35:25 Started transferring input files
	Transferring to host: <188.185.192.176:9618?addrs=188.185.192.176-9618+[2001-1458-303-1f--100-ac]-9618&alias=b9p13p0499.cern.ch&noUDP&sock=slot1_3_8496_f353_26174>
...
040 (11332306.000.000) 04/28 20:35:25 Finished transferring input files
...
040 (11332306.003.000) 04/28 20:35:25 Finished transferring input files
...
040 (11332306.002.000) 04/28 20:35:25 Started transferring input files
	Transferring to host: <188.185.193.178:9618?addrs=188.185.193.178-9618+[2001-1458-303-20--100-ae]-9618&alias=b9p19p9149.cern.ch&noUDP&sock=slot1_3_5587_4bfc_215264>
...
040 (11332306.002.000) 04/28 20:35:25 Finished transferring input files
...
001 (11332305.003.000) 04/28 20:35:25 Job executing on host: <188.185.194.101:9618?addrs=188.185.194.101-9618+[2001-1458-303-21--100-61]-9618&alias=b9p20p3637.cern.ch&noUDP&sock=startd_8036_9b27>
	SlotName: slot1_2@b9p20p3637.cern.ch
	CondorScratchDir = "/pool/condor/dir_3980985"
	Cpus = 4
	Disk = 3955
	GPUs = 0
	Memory = 12000
...
001 (11332305.000.000) 04/28 20:35:25 Job executing on host: <188.185.192.138:9618?addrs=188.185.192.138-9618+[2001-1458-303-1f--100-86]-9618&alias=b9p13p9545.cern.ch&noUDP&sock=startd_4216_675f>
	SlotName: slot1_15@b9p13p9545.cern.ch
	CondorScratchDir = "/pool/condor/dir_817229"
	Cpus = 4
	Disk = 3955
	GPUs = 0
	Memory = 12000
...
001 (11332306.003.000) 04/28 20:35:26 Job executing on host: <188.185.192.174:9618?addrs=188.185.192.174-9618+[2001-1458-303-1f--100-aa]-9618&alias=b9p13p7531.cern.ch&noUDP&sock=startd_4727_e844>
	SlotName: slot1_18@b9p13p7531.cern.ch
	CondorScratchDir = "/pool/condor/dir_1543173"
	Cpus = 4
	Disk = 3849
	GPUs = 0
	Memory = 12000
...
001 (11332306.000.000) 04/28 20:35:26 Job executing on host: <188.185.192.176:9618?addrs=188.185.192.176-9618+[2001-1458-303-1f--100-ac]-9618&alias=b9p13p0499.cern.ch&noUDP&sock=startd_7255_e7b0>
	SlotName: slot1_3@b9p13p0499.cern.ch
	CondorScratchDir = "/pool/condor/dir_4012"
	Cpus = 4
	Disk = 3866
	GPUs = 0
	Memory = 12000
...
001 (11332306.002.000) 04/28 20:35:26 Job executing on host: <188.185.193.178:9618?addrs=188.185.193.178-9618+[2001-1458-303-20--100-ae]-9618&alias=b9p19p9149.cern.ch&noUDP&sock=startd_4483_8b29>
	SlotName: slot1_3@b9p19p9149.cern.ch
	CondorScratchDir = "/pool/condor/dir_2177060"
	Cpus = 4
	Disk = 3798
	GPUs = 0
	Memory = 12000
...
040 (11332307.002.000) 04/28 20:35:26 Started transferring input files
	Transferring to host: <188.185.192.20:9618?addrs=188.185.192.20-9618+[2001-1458-303-1f--100-10]-9618&alias=b9p13p5476.cern.ch&noUDP&sock=slot1_17_5775_c284_222696>
...
040 (11332307.002.000) 04/28 20:35:26 Finished transferring input files
...
040 (11332307.001.000) 04/28 20:35:26 Started transferring input files
	Transferring to host: <188.185.192.156:9618?addrs=188.185.192.156-9618+[2001-1458-303-1f--100-98]-9618&alias=b9p13p3671.cern.ch&noUDP&sock=slot1_11_5921_a14a_226458>
...
040 (11332307.001.000) 04/28 20:35:26 Finished transferring input files
...
040 (11332307.003.000) 04/28 20:35:26 Started transferring input files
	Transferring to host: <188.185.193.155:9618?addrs=188.185.193.155-9618+[2001-1458-303-20--100-97]-9618&alias=b9p19p5754.cern.ch&noUDP&sock=slot1_42_7632_2f2f_215410>
...
040 (11332307.003.000) 04/28 20:35:26 Finished transferring input files
...
040 (11332309.001.000) 04/28 20:35:27 Started transferring input files
	Transferring to host: <188.185.210.144:9618?addrs=188.185.210.144-9618+[2001-1458-303-15--100-c]-9618&alias=b9p22p6646.cern.ch&noUDP&sock=slot1_16_4281_1a07_243103>
...
040 (11332309.001.000) 04/28 20:35:27 Finished transferring input files
...
001 (11332307.002.000) 04/28 20:35:27 Job executing on host: <188.185.192.20:9618?addrs=188.185.192.20-9618+[2001-1458-303-1f--100-10]-9618&alias=b9p13p5476.cern.ch&noUDP&sock=startd_4288_ca31>
	SlotName: slot1_17@b9p13p5476.cern.ch
	CondorScratchDir = "/pool/condor/dir_178732"
	Cpus = 4
	Disk = 3810
	GPUs = 0
	Memory = 12000
...
001 (11332307.001.000) 04/28 20:35:27 Job executing on host: <188.185.192.156:9618?addrs=188.185.192.156-9618+[2001-1458-303-1f--100-98]-9618&alias=b9p13p3671.cern.ch&noUDP&sock=startd_4202_cd0c>
	SlotName: slot1_11@b9p13p3671.cern.ch
	CondorScratchDir = "/pool/condor/dir_3473126"
	Cpus = 4
	Disk = 3908
	GPUs = 0
	Memory = 12000
...
040 (11332308.001.000) 04/28 20:35:27 Started transferring input files
	Transferring to host: <188.185.193.86:9618?addrs=188.185.193.86-9618+[2001-1458-303-20--100-52]-9618&alias=b9p19p8854.cern.ch&noUDP&sock=slot1_18_1180387_2c99_996>
...
040 (11332308.001.000) 04/28 20:35:27 Finished transferring input files
...
040 (11332308.002.000) 04/28 20:35:27 Started transferring input files
	Transferring to host: <188.185.205.217:9618?addrs=188.185.205.217-9618+[2001-1458-303-a--100-56]-9618&alias=b9p04p4590.cern.ch&noUDP&sock=slot1_19_4043_68bd_211647>
...
001 (11332307.003.000) 04/28 20:35:27 Job executing on host: <188.185.193.155:9618?addrs=188.185.193.155-9618+[2001-1458-303-20--100-97]-9618&alias=b9p19p5754.cern.ch&noUDP&sock=startd_6430_060e>
	SlotName: slot1_42@b9p19p5754.cern.ch
	CondorScratchDir = "/pool/condor/dir_4117916"
	Cpus = 4
	Disk = 3985
	GPUs = 0
	Memory = 12000
...
040 (11332308.002.000) 04/28 20:35:27 Finished transferring input files
...
040 (11332310.001.000) 04/28 20:35:28 Started transferring input files
	Transferring to host: <188.185.213.218:9618?addrs=188.185.213.218-9618+[2001-1458-303-1b--100-56]-9618&alias=b9p28p9110.cern.ch&noUDP&sock=slot1_15_5379_bdf4_240494>
...
001 (11332309.001.000) 04/28 20:35:28 Job executing on host: <188.185.210.144:9618?addrs=188.185.210.144-9618+[2001-1458-303-15--100-c]-9618&alias=b9p22p6646.cern.ch&noUDP&sock=startd_3580_2923>
	SlotName: slot1_16@b9p22p6646.cern.ch
	CondorScratchDir = "/pool/condor/dir_1993291"
	Cpus = 4
	Disk = 3772
	GPUs = 0
	Memory = 12000
...
040 (11332309.002.000) 04/28 20:35:28 Started transferring input files
	Transferring to host: <188.185.214.89:9618?addrs=188.185.214.89-9618+[2001-1458-303-1c--100-55]-9618&alias=b9p29p0520.cern.ch&noUDP&sock=slot1_6_7952_a73c_240103>
...
040 (11332309.002.000) 04/28 20:35:28 Finished transferring input files
...
040 (11332310.001.000) 04/28 20:35:28 Finished transferring input files
...
040 (11332310.000.000) 04/28 20:35:28 Started transferring input files
	Transferring to host: <188.185.210.200:9618?addrs=188.185.210.200-9618+[2001-1458-303-15--100-44]-9618&alias=b9p22p1993.cern.ch&noUDP&sock=slot1_16_3775066_4161_66548>
...
040 (11332310.000.000) 04/28 20:35:28 Finished transferring input files
...
001 (11332308.001.000) 04/28 20:35:28 Job executing on host: <188.185.193.86:9618?addrs=188.185.193.86-9618+[2001-1458-303-20--100-52]-9618&alias=b9p19p8854.cern.ch&noUDP&sock=startd_5855_9f19>
	SlotName: slot1_18@b9p19p8854.cern.ch
	CondorScratchDir = "/pool/condor/dir_704528"
	Cpus = 4
	Disk = 3858
	GPUs = 0
	Memory = 12000
...
001 (11332308.002.000) 04/28 20:35:28 Job executing on host: <188.185.205.217:9618?addrs=188.185.205.217-9618+[2001-1458-303-a--100-56]-9618&alias=b9p04p4590.cern.ch&noUDP&sock=startd_3583_37ec>
	SlotName: slot1_19@b9p04p4590.cern.ch
	CondorScratchDir = "/pool/condor/dir_351813"
	Cpus = 4
	Disk = 3646
	GPUs = 0
	Memory = 12000
...
001 (11332309.002.000) 04/28 20:35:29 Job executing on host: <188.185.214.89:9618?addrs=188.185.214.89-9618+[2001-1458-303-1c--100-55]-9618&alias=b9p29p0520.cern.ch&noUDP&sock=startd_7033_a1a9>
	SlotName: slot1_6@b9p29p0520.cern.ch
	CondorScratchDir = "/pool/condor/dir_3572301"
	Cpus = 4
	Disk = 3867
	GPUs = 0
	Memory = 12000
...
001 (11332310.001.000) 04/28 20:35:29 Job executing on host: <188.185.213.218:9618?addrs=188.185.213.218-9618+[2001-1458-303-1b--100-56]-9618&alias=b9p28p9110.cern.ch&noUDP&sock=startd_4370_08f5>
	SlotName: slot1_15@b9p28p9110.cern.ch
	CondorScratchDir = "/pool/condor/dir_3497431"
	Cpus = 4
	Disk = 3878
	GPUs = 0
	Memory = 12000
...
001 (11332310.000.000) 04/28 20:35:29 Job executing on host: <188.185.210.200:9618?addrs=188.185.210.200-9618+[2001-1458-303-15--100-44]-9618&alias=b9p22p1993.cern.ch&noUDP&sock=startd_3775024_0ca8>
	SlotName: slot1_16@b9p22p1993.cern.ch
	CondorScratchDir = "/pool/condor/dir_1027765"
	Cpus = 4
	Disk = 3854
	GPUs = 0
	Memory = 12000
...
040 (11332311.000.000) 04/28 20:35:29 Started transferring input files
	Transferring to host: <188.185.192.65:9618?addrs=188.185.192.65-9618+[2001-1458-303-1f--100-3d]-9618&alias=b9p13p5106.cern.ch&noUDP&sock=slot1_15_8693_c13b_224541>
...
040 (11332311.000.000) 04/28 20:35:29 Finished transferring input files
...
040 (11332310.002.000) 04/28 20:35:29 Started transferring input files
	Transferring to host: <188.185.214.139:9618?addrs=188.185.214.139-9618+[2001-1458-303-1d--100-7]-9618&alias=b9p30p7929.cern.ch&noUDP&sock=slot1_3_7453_1008_243120>
...
040 (11332310.002.000) 04/28 20:35:29 Finished transferring input files
...
040 (11332310.003.000) 04/28 20:35:29 Started transferring input files
	Transferring to host: <188.185.192.29:9618?addrs=188.185.192.29-9618+[2001-1458-303-1f--100-19]-9618&alias=b9p13p1663.cern.ch&noUDP&sock=slot1_9_6186_58b5_223143>
...
040 (11332310.003.000) 04/28 20:35:29 Finished transferring input files
...
040 (11332308.003.000) 04/28 20:35:30 Started transferring input files
	Transferring to host: <188.185.210.143:9618?addrs=188.185.210.143-9618+[2001-1458-303-15--100-b]-9618&alias=b9p22p5953.cern.ch&noUDP&sock=slot1_9_7814_6b77_242038>
...
040 (11332308.003.000) 04/28 20:35:30 Finished transferring input files
...
040 (11332308.000.000) 04/28 20:35:30 Started transferring input files
	Transferring to host: <188.185.215.141:9618?addrs=188.185.215.141-9618+[2001-1458-303-26--100-9]-9618&alias=b9p18p4670.cern.ch&noUDP&sock=slot1_24_1559907_58e2_33613>
...
040 (11332308.000.000) 04/28 20:35:30 Finished transferring input files
...
001 (11332311.000.000) 04/28 20:35:30 Job executing on host: <188.185.192.65:9618?addrs=188.185.192.65-9618+[2001-1458-303-1f--100-3d]-9618&alias=b9p13p5106.cern.ch&noUDP&sock=startd_7213_18b5>
	SlotName: slot1_15@b9p13p5106.cern.ch
	CondorScratchDir = "/pool/condor/dir_1201968"
	Cpus = 4
	Disk = 3912
	GPUs = 0
	Memory = 12000
...
001 (11332310.002.000) 04/28 20:35:30 Job executing on host: <188.185.214.139:9618?addrs=188.185.214.139-9618+[2001-1458-303-1d--100-7]-9618&alias=b9p30p7929.cern.ch&noUDP&sock=startd_7038_0fa2>
	SlotName: slot1_3@b9p30p7929.cern.ch
	CondorScratchDir = "/pool/condor/dir_1423991"
	Cpus = 4
	Disk = 3789
	GPUs = 0
	Memory = 12000
...
001 (11332310.003.000) 04/28 20:35:30 Job executing on host: <188.185.192.29:9618?addrs=188.185.192.29-9618+[2001-1458-303-1f--100-19]-9618&alias=b9p13p1663.cern.ch&noUDP&sock=startd_5131_0487>
	SlotName: slot1_9@b9p13p1663.cern.ch
	CondorScratchDir = "/pool/condor/dir_2338528"
	Cpus = 4
	Disk = 3968
	GPUs = 0
	Memory = 12000
...
040 (11332311.001.000) 04/28 20:35:30 Started transferring input files
	Transferring to host: <188.185.193.143:9618?addrs=188.185.193.143-9618+[2001-1458-303-20--100-8b]-9618&alias=b9p19p5625.cern.ch&noUDP&sock=slot1_11_507407_e233_159864>
...
040 (11332311.001.000) 04/28 20:35:30 Finished transferring input files
...
001 (11332308.003.000) 04/28 20:35:31 Job executing on host: <188.185.210.143:9618?addrs=188.185.210.143-9618+[2001-1458-303-15--100-b]-9618&alias=b9p22p5953.cern.ch&noUDP&sock=startd_7166_dbc2>
	SlotName: slot1_9@b9p22p5953.cern.ch
	CondorScratchDir = "/pool/condor/dir_387516"
	Cpus = 4
	Disk = 3749
	GPUs = 0
	Memory = 12000
...
001 (11332308.000.000) 04/28 20:35:31 Job executing on host: <188.185.215.141:9618?addrs=188.185.215.141-9618+[2001-1458-303-26--100-9]-9618&alias=b9p18p4670.cern.ch&noUDP&sock=startd_1559867_98a7>
	SlotName: slot1_24@b9p18p4670.cern.ch
	CondorScratchDir = "/pool/condor/dir_1624557"
	Cpus = 4
	Disk = 3889
	GPUs = 0
	Memory = 12000
...
040 (11332309.000.000) 04/28 20:35:31 Started transferring input files
	Transferring to host: <188.185.214.27:9618?addrs=188.185.214.27-9618+[2001-1458-303-1c--100-17]-9618&alias=b9p29p9073.cern.ch&noUDP&sock=slot1_5_6441_045f_245082>
...
040 (11332309.000.000) 04/28 20:35:31 Finished transferring input files
...
040 (11332311.003.000) 04/28 20:35:31 Started transferring input files
	Transferring to host: <188.185.215.160:9618?addrs=188.185.215.160-9618+[2001-1458-303-26--100-1c]-9618&alias=b9p18p9531.cern.ch&noUDP&sock=slot1_1_6807_e5ae_219699>
...
040 (11332311.003.000) 04/28 20:35:31 Finished transferring input files
...
040 (11332311.002.000) 04/28 20:35:31 Started transferring input files
	Transferring to host: <188.185.213.165:9618?addrs=188.185.213.165-9618+[2001-1458-303-1b--100-21]-9618&alias=b9p28p2337.cern.ch&noUDP&sock=slot1_7_3202_d93b_89974>
...
040 (11332311.002.000) 04/28 20:35:31 Finished transferring input files
...
001 (11332311.001.000) 04/28 20:35:31 Job executing on host: <188.185.193.143:9618?addrs=188.185.193.143-9618+[2001-1458-303-20--100-8b]-9618&alias=b9p19p5625.cern.ch&noUDP&sock=startd_5503_2dc2>
	SlotName: slot1_11@b9p19p5625.cern.ch
	CondorScratchDir = "/pool/condor/dir_18822"
	Cpus = 4
	Disk = 3911
	GPUs = 0
	Memory = 12000
...
040 (11332307.000.000) 04/28 20:35:32 Started transferring input files
	Transferring to host: <188.185.192.65:9618?addrs=188.185.192.65-9618+[2001-1458-303-1f--100-3d]-9618&alias=b9p13p5106.cern.ch&noUDP&sock=slot1_22_8693_c13b_224542>
...
040 (11332307.000.000) 04/28 20:35:32 Finished transferring input files
...
040 (11332312.000.000) 04/28 20:35:32 Started transferring input files
	Transferring to host: <188.185.194.104:9618?addrs=188.185.194.104-9618+[2001-1458-303-21--100-64]-9618&alias=b9p20p2466.cern.ch&noUDP&sock=slot1_30_4194_cd64_215191>
...
040 (11332312.001.000) 04/28 20:35:32 Started transferring input files
	Transferring to host: <188.185.196.183:9618?addrs=188.185.196.183-9618+[2001-1458-303-23--100-b3]-9618&alias=b9p16p7145.cern.ch&noUDP&sock=slot1_22_5724_d362_217573>
...
040 (11332312.000.000) 04/28 20:35:32 Finished transferring input files
...
040 (11332312.001.000) 04/28 20:35:32 Finished transferring input files
...
040 (11332309.003.000) 04/28 20:35:32 Started transferring input files
	Transferring to host: <188.185.213.211:9618?addrs=188.185.213.211-9618+[2001-1458-303-1b--100-4f]-9618&alias=b9p28p7857.cern.ch&noUDP&sock=slot1_32_5267_d3ef_240573>
...
040 (11332309.003.000) 04/28 20:35:32 Finished transferring input files
...
001 (11332309.000.000) 04/28 20:35:32 Job executing on host: <188.185.214.27:9618?addrs=188.185.214.27-9618+[2001-1458-303-1c--100-17]-9618&alias=b9p29p9073.cern.ch&noUDP&sock=startd_5522_360f>
	SlotName: slot1_5@b9p29p9073.cern.ch
	CondorScratchDir = "/pool/condor/dir_3162940"
	Cpus = 4
	Disk = 3768
	GPUs = 0
	Memory = 12000
...
001 (11332311.003.000) 04/28 20:35:32 Job executing on host: <188.185.215.160:9618?addrs=188.185.215.160-9618+[2001-1458-303-26--100-1c]-9618&alias=b9p18p9531.cern.ch&noUDP&sock=startd_5521_8677>
	SlotName: slot1_1@b9p18p9531.cern.ch
	CondorScratchDir = "/pool/condor/dir_1378912"
	Cpus = 4
	Disk = 3858
	GPUs = 0
	Memory = 12000
...
001 (11332311.002.000) 04/28 20:35:32 Job executing on host: <188.185.213.165:9618?addrs=188.185.213.165-9618+[2001-1458-303-1b--100-21]-9618&alias=b9p28p2337.cern.ch&noUDP&sock=startd_3152_969b>
	SlotName: slot1_7@b9p28p2337.cern.ch
	CondorScratchDir = "/pool/condor/dir_1312122"
	Cpus = 4
	Disk = 3789
	GPUs = 0
	Memory = 12000
...
006 (11332305.001.000) 04/28 20:35:33 Image size of job updated: 74512
	73  -  MemoryUsage of job (MB)
	74512  -  ResidentSetSize of job (KB)
...
001 (11332307.000.000) 04/28 20:35:33 Job executing on host: <188.185.192.65:9618?addrs=188.185.192.65-9618+[2001-1458-303-1f--100-3d]-9618&alias=b9p13p5106.cern.ch&noUDP&sock=startd_7213_18b5>
	SlotName: slot1_22@b9p13p5106.cern.ch
	CondorScratchDir = "/pool/condor/dir_1202056"
	Cpus = 4
	Disk = 3912
	GPUs = 0
	Memory = 12000
...
001 (11332312.001.000) 04/28 20:35:33 Job executing on host: <188.185.196.183:9618?addrs=188.185.196.183-9618+[2001-1458-303-23--100-b3]-9618&alias=b9p16p7145.cern.ch&noUDP&sock=startd_4527_b953>
	SlotName: slot1_22@b9p16p7145.cern.ch
	CondorScratchDir = "/pool/condor/dir_196802"
	Cpus = 4
	Disk = 3867
	GPUs = 0
	Memory = 12000
...
001 (11332309.003.000) 04/28 20:35:33 Job executing on host: <188.185.213.211:9618?addrs=188.185.213.211-9618+[2001-1458-303-1b--100-4f]-9618&alias=b9p28p7857.cern.ch&noUDP&sock=startd_4303_141d>
	SlotName: slot1_32@b9p28p7857.cern.ch
	CondorScratchDir = "/pool/condor/dir_3032072"
	Cpus = 4
	Disk = 3809
	GPUs = 0
	Memory = 12000
...
001 (11332312.000.000) 04/28 20:35:33 Job executing on host: <188.185.194.104:9618?addrs=188.185.194.104-9618+[2001-1458-303-21--100-64]-9618&alias=b9p20p2466.cern.ch&noUDP&sock=startd_3237_e427>
	SlotName: slot1_30@b9p20p2466.cern.ch
	CondorScratchDir = "/pool/condor/dir_1335568"
	Cpus = 4
	Disk = 3905
	GPUs = 0
	Memory = 12000
...
040 (11332312.003.000) 04/28 20:35:33 Started transferring input files
	Transferring to host: <188.185.193.145:9618?addrs=188.185.193.145-9618+[2001-1458-303-20--100-8d]-9618&alias=b9p19p9101.cern.ch&noUDP&sock=slot1_5_5971_dc0c_103969>
...
040 (11332312.003.000) 04/28 20:35:33 Finished transferring input files
...
040 (11332312.002.000) 04/28 20:35:33 Started transferring input files
	Transferring to host: <128.142.192.172:9618?addrs=128.142.192.172-9618+[2001-1458-301-56--100-28]-9618&alias=b9g18p0729.cern.ch&noUDP&sock=slot1_7_3965_737a_284052>
...
040 (11332312.002.000) 04/28 20:35:33 Finished transferring input files
...
006 (11332306.000.000) 04/28 20:35:34 Image size of job updated: 75912
	75  -  MemoryUsage of job (MB)
	75912  -  ResidentSetSize of job (KB)
...
001 (11332312.003.000) 04/28 20:35:34 Job executing on host: <188.185.193.145:9618?addrs=188.185.193.145-9618+[2001-1458-303-20--100-8d]-9618&alias=b9p19p9101.cern.ch&noUDP&sock=startd_4987_3ee4>
	SlotName: slot1_5@b9p19p9101.cern.ch
	CondorScratchDir = "/pool/condor/dir_1748607"
	Cpus = 4
	Disk = 3798
	GPUs = 0
	Memory = 12000
...
001 (11332312.002.000) 04/28 20:35:34 Job executing on host: <128.142.192.172:9618?addrs=128.142.192.172-9618+[2001-1458-301-56--100-28]-9618&alias=b9g18p0729.cern.ch&noUDP&sock=startd_3209_af81>
	SlotName: slot1_7@b9g18p0729.cern.ch
	CondorScratchDir = "/pool/condor/dir_122289"
	Cpus = 4
	Disk = 3804
	GPUs = 0
	Memory = 12000
...
006 (11332306.001.000) 04/28 20:35:38 Image size of job updated: 67472
	66  -  MemoryUsage of job (MB)
	67472  -  ResidentSetSize of job (KB)
...
006 (11332305.003.000) 04/28 20:35:38 Image size of job updated: 38560
	38  -  MemoryUsage of job (MB)
	38560  -  ResidentSetSize of job (KB)
...
006 (11332305.002.000) 04/28 20:35:38 Image size of job updated: 116496
	102  -  MemoryUsage of job (MB)
	103428  -  ResidentSetSize of job (KB)
...
006 (11332306.003.000) 04/28 20:35:39 Image size of job updated: 38268
	38  -  MemoryUsage of job (MB)
	38268  -  ResidentSetSize of job (KB)
...
006 (11332306.002.000) 04/28 20:35:39 Image size of job updated: 35552
	35  -  MemoryUsage of job (MB)
	35552  -  ResidentSetSize of job (KB)
...
006 (11332305.000.000) 04/28 20:35:39 Image size of job updated: 40784
	40  -  MemoryUsage of job (MB)
	40784  -  ResidentSetSize of job (KB)
...
006 (11332307.002.000) 04/28 20:35:40 Image size of job updated: 35952
	36  -  MemoryUsage of job (MB)
	35952  -  ResidentSetSize of job (KB)
...
006 (11332307.001.000) 04/28 20:35:40 Image size of job updated: 35468
	35  -  MemoryUsage of job (MB)
	35468  -  ResidentSetSize of job (KB)
...
006 (11332307.003.000) 04/28 20:35:41 Image size of job updated: 35824
	35  -  MemoryUsage of job (MB)
	35824  -  ResidentSetSize of job (KB)
...
006 (11332309.002.000) 04/28 20:35:42 Image size of job updated: 30104
	30  -  MemoryUsage of job (MB)
	30104  -  ResidentSetSize of job (KB)
...
006 (11332310.001.000) 04/28 20:35:42 Image size of job updated: 28964
	29  -  MemoryUsage of job (MB)
	28964  -  ResidentSetSize of job (KB)
...
006 (11332310.000.000) 04/28 20:35:42 Image size of job updated: 29808
	30  -  MemoryUsage of job (MB)
	29808  -  ResidentSetSize of job (KB)
...
006 (11332308.001.000) 04/28 20:35:42 Image size of job updated: 31548
	31  -  MemoryUsage of job (MB)
	31548  -  ResidentSetSize of job (KB)
...
006 (11332308.002.000) 04/28 20:35:42 Image size of job updated: 33992
	34  -  MemoryUsage of job (MB)
	33992  -  ResidentSetSize of job (KB)
...
006 (11332309.001.000) 04/28 20:35:42 Image size of job updated: 34208
	34  -  MemoryUsage of job (MB)
	34208  -  ResidentSetSize of job (KB)
...
006 (11332308.000.000) 04/28 20:35:44 Image size of job updated: 28600
	28  -  MemoryUsage of job (MB)
	28600  -  ResidentSetSize of job (KB)
...
006 (11332308.003.000) 04/28 20:35:44 Image size of job updated: 30292
	30  -  MemoryUsage of job (MB)
	30292  -  ResidentSetSize of job (KB)
...
006 (11332311.000.000) 04/28 20:35:44 Image size of job updated: 33116
	33  -  MemoryUsage of job (MB)
	33116  -  ResidentSetSize of job (KB)
...
006 (11332310.002.000) 04/28 20:35:44 Image size of job updated: 32516
	32  -  MemoryUsage of job (MB)
	32516  -  ResidentSetSize of job (KB)
...
006 (11332310.003.000) 04/28 20:35:44 Image size of job updated: 31720
	31  -  MemoryUsage of job (MB)
	31720  -  ResidentSetSize of job (KB)
...
006 (11332309.000.000) 04/28 20:35:45 Image size of job updated: 28932
	29  -  MemoryUsage of job (MB)
	28932  -  ResidentSetSize of job (KB)
...
006 (11332311.001.000) 04/28 20:35:45 Image size of job updated: 31528
	31  -  MemoryUsage of job (MB)
	31528  -  ResidentSetSize of job (KB)
...
006 (11332307.000.000) 04/28 20:35:46 Image size of job updated: 36072
	36  -  MemoryUsage of job (MB)
	36072  -  ResidentSetSize of job (KB)
...
006 (11332312.001.000) 04/28 20:35:46 Image size of job updated: 27812
	28  -  MemoryUsage of job (MB)
	27812  -  ResidentSetSize of job (KB)
...
006 (11332309.003.000) 04/28 20:35:46 Image size of job updated: 28940
	29  -  MemoryUsage of job (MB)
	28940  -  ResidentSetSize of job (KB)
...
006 (11332312.000.000) 04/28 20:35:46 Image size of job updated: 29064
	29  -  MemoryUsage of job (MB)
	29064  -  ResidentSetSize of job (KB)
...
006 (11332311.003.000) 04/28 20:35:46 Image size of job updated: 30696
	30  -  MemoryUsage of job (MB)
	30696  -  ResidentSetSize of job (KB)
...
006 (11332311.002.000) 04/28 20:35:46 Image size of job updated: 29260
	29  -  MemoryUsage of job (MB)
	29260  -  ResidentSetSize of job (KB)
...
006 (11332312.003.000) 04/28 20:35:47 Image size of job updated: 28964
	29  -  MemoryUsage of job (MB)
	28964  -  ResidentSetSize of job (KB)
...
006 (11332312.002.000) 04/28 20:35:48 Image size of job updated: 31756
	32  -  MemoryUsage of job (MB)
	31756  -  ResidentSetSize of job (KB)
...
006 (11332305.001.000) 04/28 20:40:33 Image size of job updated: 230784
	226  -  MemoryUsage of job (MB)
	230784  -  ResidentSetSize of job (KB)
...
006 (11332306.000.000) 04/28 20:40:34 Image size of job updated: 230216
	225  -  MemoryUsage of job (MB)
	230216  -  ResidentSetSize of job (KB)
...
006 (11332306.001.000) 04/28 20:40:38 Image size of job updated: 275528
	270  -  MemoryUsage of job (MB)
	275528  -  ResidentSetSize of job (KB)
...
006 (11332305.003.000) 04/28 20:40:38 Image size of job updated: 189372
	185  -  MemoryUsage of job (MB)
	189372  -  ResidentSetSize of job (KB)
...
006 (11332306.003.000) 04/28 20:40:39 Image size of job updated: 207824
	203  -  MemoryUsage of job (MB)
	207824  -  ResidentSetSize of job (KB)
...
006 (11332306.002.000) 04/28 20:40:39 Image size of job updated: 161972
	159  -  MemoryUsage of job (MB)
	161972  -  ResidentSetSize of job (KB)
...
006 (11332305.002.000) 04/28 20:40:39 Image size of job updated: 181980
	178  -  MemoryUsage of job (MB)
	181980  -  ResidentSetSize of job (KB)
...
006 (11332307.002.000) 04/28 20:40:40 Image size of job updated: 196364
	192  -  MemoryUsage of job (MB)
	196364  -  ResidentSetSize of job (KB)
...
006 (11332307.001.000) 04/28 20:40:40 Image size of job updated: 254908
	249  -  MemoryUsage of job (MB)
	254908  -  ResidentSetSize of job (KB)
...
006 (11332305.000.000) 04/28 20:40:40 Image size of job updated: 193696
	185  -  MemoryUsage of job (MB)
	189328  -  ResidentSetSize of job (KB)
...
006 (11332309.002.000) 04/28 20:40:42 Image size of job updated: 203032
	199  -  MemoryUsage of job (MB)
	203032  -  ResidentSetSize of job (KB)
...
006 (11332310.001.000) 04/28 20:40:42 Image size of job updated: 302760
	296  -  MemoryUsage of job (MB)
	302760  -  ResidentSetSize of job (KB)
...
006 (11332310.000.000) 04/28 20:40:42 Image size of job updated: 257296
	252  -  MemoryUsage of job (MB)
	257296  -  ResidentSetSize of job (KB)
...
006 (11332307.003.000) 04/28 20:40:42 Image size of job updated: 185964
	182  -  MemoryUsage of job (MB)
	185964  -  ResidentSetSize of job (KB)
...
006 (11332308.001.000) 04/28 20:40:43 Image size of job updated: 198564
	191  -  MemoryUsage of job (MB)
	195156  -  ResidentSetSize of job (KB)
...
006 (11332309.001.000) 04/28 20:40:43 Image size of job updated: 271464
	266  -  MemoryUsage of job (MB)
	271464  -  ResidentSetSize of job (KB)
...
006 (11332308.002.000) 04/28 20:40:43 Image size of job updated: 186940
	183  -  MemoryUsage of job (MB)
	186940  -  ResidentSetSize of job (KB)
...
006 (11332308.000.000) 04/28 20:40:44 Image size of job updated: 221024
	216  -  MemoryUsage of job (MB)
	221024  -  ResidentSetSize of job (KB)
...
006 (11332308.003.000) 04/28 20:40:44 Image size of job updated: 216864
	212  -  MemoryUsage of job (MB)
	216864  -  ResidentSetSize of job (KB)
...
006 (11332309.000.000) 04/28 20:40:45 Image size of job updated: 277060
	271  -  MemoryUsage of job (MB)
	277060  -  ResidentSetSize of job (KB)
...
006 (11332311.000.000) 04/28 20:40:45 Image size of job updated: 245584
	238  -  MemoryUsage of job (MB)
	243352  -  ResidentSetSize of job (KB)
...
006 (11332310.003.000) 04/28 20:40:45 Image size of job updated: 197272
	193  -  MemoryUsage of job (MB)
	197272  -  ResidentSetSize of job (KB)
...
006 (11332310.002.000) 04/28 20:40:45 Image size of job updated: 225024
	220  -  MemoryUsage of job (MB)
	225024  -  ResidentSetSize of job (KB)
...
006 (11332311.001.000) 04/28 20:40:46 Image size of job updated: 262056
	256  -  MemoryUsage of job (MB)
	262056  -  ResidentSetSize of job (KB)
...
006 (11332307.000.000) 04/28 20:40:46 Image size of job updated: 243536
	238  -  MemoryUsage of job (MB)
	243536  -  ResidentSetSize of job (KB)
...
006 (11332312.001.000) 04/28 20:40:46 Image size of job updated: 259192
	254  -  MemoryUsage of job (MB)
	259192  -  ResidentSetSize of job (KB)
...
006 (11332312.000.000) 04/28 20:40:46 Image size of job updated: 234220
	229  -  MemoryUsage of job (MB)
	234220  -  ResidentSetSize of job (KB)
...
006 (11332309.003.000) 04/28 20:40:46 Image size of job updated: 207364
	203  -  MemoryUsage of job (MB)
	207364  -  ResidentSetSize of job (KB)
...
006 (11332312.003.000) 04/28 20:40:47 Image size of job updated: 184644
	181  -  MemoryUsage of job (MB)
	184644  -  ResidentSetSize of job (KB)
...
006 (11332311.003.000) 04/28 20:40:47 Image size of job updated: 182556
	179  -  MemoryUsage of job (MB)
	182556  -  ResidentSetSize of job (KB)
...
006 (11332311.002.000) 04/28 20:40:47 Image size of job updated: 198540
	194  -  MemoryUsage of job (MB)
	198540  -  ResidentSetSize of job (KB)
...
006 (11332312.002.000) 04/28 20:40:49 Image size of job updated: 180720
	177  -  MemoryUsage of job (MB)
	180720  -  ResidentSetSize of job (KB)
...
006 (11332305.001.000) 04/28 20:45:34 Image size of job updated: 375788
	367  -  MemoryUsage of job (MB)
	375788  -  ResidentSetSize of job (KB)
...
006 (11332306.000.000) 04/28 20:45:35 Image size of job updated: 358228
	348  -  MemoryUsage of job (MB)
	356232  -  ResidentSetSize of job (KB)
...
006 (11332306.001.000) 04/28 20:45:38 Image size of job updated: 441984
	432  -  MemoryUsage of job (MB)
	441984  -  ResidentSetSize of job (KB)
...
006 (11332305.003.000) 04/28 20:45:39 Image size of job updated: 274904
	266  -  MemoryUsage of job (MB)
	272380  -  ResidentSetSize of job (KB)
...
006 (11332306.003.000) 04/28 20:45:40 Image size of job updated: 322376
	315  -  MemoryUsage of job (MB)
	322376  -  ResidentSetSize of job (KB)
...
006 (11332306.002.000) 04/28 20:45:40 Image size of job updated: 221048
	216  -  MemoryUsage of job (MB)
	221048  -  ResidentSetSize of job (KB)
...
006 (11332305.002.000) 04/28 20:45:40 Image size of job updated: 259520
	251  -  MemoryUsage of job (MB)
	256800  -  ResidentSetSize of job (KB)
...
006 (11332307.001.000) 04/28 20:45:41 Image size of job updated: 423372
	409  -  MemoryUsage of job (MB)
	418400  -  ResidentSetSize of job (KB)
...
006 (11332307.002.000) 04/28 20:45:41 Image size of job updated: 300908
	294  -  MemoryUsage of job (MB)
	300908  -  ResidentSetSize of job (KB)
...
006 (11332305.000.000) 04/28 20:45:41 Image size of job updated: 270824
	265  -  MemoryUsage of job (MB)
	270824  -  ResidentSetSize of job (KB)
...
006 (11332309.002.000) 04/28 20:45:43 Image size of job updated: 308352
	302  -  MemoryUsage of job (MB)
	308336  -  ResidentSetSize of job (KB)
...
006 (11332310.001.000) 04/28 20:45:43 Image size of job updated: 574092
	561  -  MemoryUsage of job (MB)
	574092  -  ResidentSetSize of job (KB)
...
006 (11332307.003.000) 04/28 20:45:43 Image size of job updated: 269304
	263  -  MemoryUsage of job (MB)
	269304  -  ResidentSetSize of job (KB)
...
006 (11332310.000.000) 04/28 20:45:43 Image size of job updated: 422200
	413  -  MemoryUsage of job (MB)
	422200  -  ResidentSetSize of job (KB)
...
006 (11332308.001.000) 04/28 20:45:44 Image size of job updated: 299784
	293  -  MemoryUsage of job (MB)
	299784  -  ResidentSetSize of job (KB)
...
006 (11332309.001.000) 04/28 20:45:44 Image size of job updated: 445176
	435  -  MemoryUsage of job (MB)
	445176  -  ResidentSetSize of job (KB)
...
006 (11332308.002.000) 04/28 20:45:44 Image size of job updated: 280188
	274  -  MemoryUsage of job (MB)
	280188  -  ResidentSetSize of job (KB)
...
006 (11332308.000.000) 04/28 20:45:45 Image size of job updated: 335000
	322  -  MemoryUsage of job (MB)
	329272  -  ResidentSetSize of job (KB)
...
006 (11332308.003.000) 04/28 20:45:45 Image size of job updated: 346536
	339  -  MemoryUsage of job (MB)
	346536  -  ResidentSetSize of job (KB)
...
006 (11332309.000.000) 04/28 20:45:46 Image size of job updated: 470524
	460  -  MemoryUsage of job (MB)
	470524  -  ResidentSetSize of job (KB)
...
006 (11332311.000.000) 04/28 20:45:46 Image size of job updated: 396576
	388  -  MemoryUsage of job (MB)
	396576  -  ResidentSetSize of job (KB)
...
006 (11332310.003.000) 04/28 20:45:46 Image size of job updated: 282776
	277  -  MemoryUsage of job (MB)
	282776  -  ResidentSetSize of job (KB)
...
006 (11332310.002.000) 04/28 20:45:46 Image size of job updated: 397928
	389  -  MemoryUsage of job (MB)
	397928  -  ResidentSetSize of job (KB)
...
006 (11332311.001.000) 04/28 20:45:46 Image size of job updated: 426020
	417  -  MemoryUsage of job (MB)
	426020  -  ResidentSetSize of job (KB)
...
006 (11332312.001.000) 04/28 20:45:47 Image size of job updated: 430240
	421  -  MemoryUsage of job (MB)
	430240  -  ResidentSetSize of job (KB)
...
006 (11332309.003.000) 04/28 20:45:47 Image size of job updated: 355816
	348  -  MemoryUsage of job (MB)
	355816  -  ResidentSetSize of job (KB)
...
006 (11332307.000.000) 04/28 20:45:47 Image size of job updated: 397112
	387  -  MemoryUsage of job (MB)
	395928  -  ResidentSetSize of job (KB)
...
006 (11332312.000.000) 04/28 20:45:47 Image size of job updated: 379968
	369  -  MemoryUsage of job (MB)
	377480  -  ResidentSetSize of job (KB)
...
006 (11332312.003.000) 04/28 20:45:48 Image size of job updated: 278200
	272  -  MemoryUsage of job (MB)
	278200  -  ResidentSetSize of job (KB)
...
006 (11332311.003.000) 04/28 20:45:48 Image size of job updated: 276260
	270  -  MemoryUsage of job (MB)
	276260  -  ResidentSetSize of job (KB)
...
006 (11332311.002.000) 04/28 20:45:48 Image size of job updated: 306928
	300  -  MemoryUsage of job (MB)
	306928  -  ResidentSetSize of job (KB)
...
006 (11332312.002.000) 04/28 20:45:50 Image size of job updated: 262876
	257  -  MemoryUsage of job (MB)
	262876  -  ResidentSetSize of job (KB)
...
006 (11332305.001.000) 04/28 20:50:35 Image size of job updated: 527428
	516  -  MemoryUsage of job (MB)
	527428  -  ResidentSetSize of job (KB)
...
006 (11332306.000.000) 04/28 20:50:35 Image size of job updated: 490508
	480  -  MemoryUsage of job (MB)
	490508  -  ResidentSetSize of job (KB)
...
006 (11332306.001.000) 04/28 20:50:39 Image size of job updated: 727512
	711  -  MemoryUsage of job (MB)
	727144  -  ResidentSetSize of job (KB)
...
006 (11332305.003.000) 04/28 20:50:39 Image size of job updated: 648604
	516  -  MemoryUsage of job (MB)
	527636  -  ResidentSetSize of job (KB)
...
006 (11332306.002.000) 04/28 20:50:40 Image size of job updated: 282596
	275  -  MemoryUsage of job (MB)
	280916  -  ResidentSetSize of job (KB)
...
006 (11332306.003.000) 04/28 20:50:40 Image size of job updated: 737024
	485  -  MemoryUsage of job (MB)
	496004  -  ResidentSetSize of job (KB)
...
006 (11332305.002.000) 04/28 20:50:40 Image size of job updated: 337400
	330  -  MemoryUsage of job (MB)
	337400  -  ResidentSetSize of job (KB)
...
006 (11332307.001.000) 04/28 20:50:41 Image size of job updated: 794968
	720  -  MemoryUsage of job (MB)
	736576  -  ResidentSetSize of job (KB)
...
006 (11332307.002.000) 04/28 20:50:41 Image size of job updated: 534592
	460  -  MemoryUsage of job (MB)
	470264  -  ResidentSetSize of job (KB)
...
006 (11332305.000.000) 04/28 20:50:41 Image size of job updated: 363936
	351  -  MemoryUsage of job (MB)
	359076  -  ResidentSetSize of job (KB)
...
006 (11332309.002.000) 04/28 20:50:43 Image size of job updated: 552400
	535  -  MemoryUsage of job (MB)
	546832  -  ResidentSetSize of job (KB)
...
006 (11332310.001.000) 04/28 20:50:43 Image size of job updated: 725156
	702  -  MemoryUsage of job (MB)
	718644  -  ResidentSetSize of job (KB)
...
006 (11332307.003.000) 04/28 20:50:43 Image size of job updated: 439252
	429  -  MemoryUsage of job (MB)
	439252  -  ResidentSetSize of job (KB)
...
006 (11332310.000.000) 04/28 20:50:43 Image size of job updated: 946588
	674  -  MemoryUsage of job (MB)
	690036  -  ResidentSetSize of job (KB)
...
006 (11332309.001.000) 04/28 20:50:44 Image size of job updated: 791200
	767  -  MemoryUsage of job (MB)
	785052  -  ResidentSetSize of job (KB)
...
006 (11332308.001.000) 04/28 20:50:44 Image size of job updated: 414476
	405  -  MemoryUsage of job (MB)
	414476  -  ResidentSetSize of job (KB)
...
006 (11332308.002.000) 04/28 20:50:44 Image size of job updated: 516036
	462  -  MemoryUsage of job (MB)
	472260  -  ResidentSetSize of job (KB)
...
006 (11332308.000.000) 04/28 20:50:45 Image size of job updated: 454300
	440  -  MemoryUsage of job (MB)
	450524  -  ResidentSetSize of job (KB)
...
006 (11332308.003.000) 04/28 20:50:45 Image size of job updated: 602956
	469  -  MemoryUsage of job (MB)
	479508  -  ResidentSetSize of job (KB)
...
006 (11332309.000.000) 04/28 20:50:46 Image size of job updated: 1144512
	730  -  MemoryUsage of job (MB)
	747476  -  ResidentSetSize of job (KB)
...
006 (11332311.000.000) 04/28 20:50:46 Image size of job updated: 588792
	575  -  MemoryUsage of job (MB)
	588792  -  ResidentSetSize of job (KB)
...
006 (11332310.003.000) 04/28 20:50:46 Image size of job updated: 557844
	508  -  MemoryUsage of job (MB)
	519204  -  ResidentSetSize of job (KB)
...
006 (11332310.002.000) 04/28 20:50:46 Image size of job updated: 555512
	538  -  MemoryUsage of job (MB)
	549924  -  ResidentSetSize of job (KB)
...
006 (11332312.001.000) 04/28 20:50:47 Image size of job updated: 732840
	716  -  MemoryUsage of job (MB)
	732220  -  ResidentSetSize of job (KB)
...
006 (11332309.003.000) 04/28 20:50:47 Image size of job updated: 522980
	511  -  MemoryUsage of job (MB)
	522980  -  ResidentSetSize of job (KB)
...
006 (11332311.001.000) 04/28 20:50:47 Image size of job updated: 936952
	735  -  MemoryUsage of job (MB)
	752140  -  ResidentSetSize of job (KB)
...
006 (11332307.000.000) 04/28 20:50:48 Image size of job updated: 570872
	558  -  MemoryUsage of job (MB)
	570872  -  ResidentSetSize of job (KB)
...
006 (11332312.000.000) 04/28 20:50:48 Image size of job updated: 566720
	554  -  MemoryUsage of job (MB)
	566720  -  ResidentSetSize of job (KB)
...
006 (11332312.003.000) 04/28 20:50:48 Image size of job updated: 530316
	496  -  MemoryUsage of job (MB)
	507648  -  ResidentSetSize of job (KB)
...
006 (11332311.003.000) 04/28 20:50:48 Image size of job updated: 364356
	356  -  MemoryUsage of job (MB)
	364356  -  ResidentSetSize of job (KB)
...
006 (11332311.002.000) 04/28 20:50:48 Image size of job updated: 543612
	484  -  MemoryUsage of job (MB)
	494788  -  ResidentSetSize of job (KB)
...
006 (11332312.002.000) 04/28 20:50:50 Image size of job updated: 373512
	365  -  MemoryUsage of job (MB)
	373512  -  ResidentSetSize of job (KB)
...
006 (11332305.001.000) 04/28 20:55:35 Image size of job updated: 764100
	688  -  MemoryUsage of job (MB)
	704196  -  ResidentSetSize of job (KB)
...
006 (11332306.000.000) 04/28 20:55:35 Image size of job updated: 817328
	728  -  MemoryUsage of job (MB)
	745216  -  ResidentSetSize of job (KB)
...
006 (11332306.002.000) 04/28 20:55:40 Image size of job updated: 370604
	362  -  MemoryUsage of job (MB)
	370604  -  ResidentSetSize of job (KB)
...
006 (11332305.000.000) 04/28 20:55:41 Image size of job updated: 451876
	442  -  MemoryUsage of job (MB)
	451876  -  ResidentSetSize of job (KB)
...
006 (11332305.002.000) 04/28 20:55:41 Image size of job updated: 620808
	482  -  MemoryUsage of job (MB)
	493288  -  ResidentSetSize of job (KB)
...
006 (11332307.003.000) 04/28 20:55:44 Image size of job updated: 512256
	501  -  MemoryUsage of job (MB)
	512256  -  ResidentSetSize of job (KB)
...
006 (11332308.000.000) 04/28 20:55:45 Image size of job updated: 821076
	743  -  MemoryUsage of job (MB)
	760068  -  ResidentSetSize of job (KB)
...
006 (11332308.001.000) 04/28 20:55:45 Image size of job updated: 523456
	512  -  MemoryUsage of job (MB)
	523456  -  ResidentSetSize of job (KB)
...
006 (11332311.000.000) 04/28 20:55:47 Image size of job updated: 822340
	719  -  MemoryUsage of job (MB)
	735792  -  ResidentSetSize of job (KB)
...
006 (11332307.000.000) 04/28 20:55:48 Image size of job updated: 875328
	751  -  MemoryUsage of job (MB)
	768844  -  ResidentSetSize of job (KB)
...
006 (11332312.000.000) 04/28 20:55:48 Image size of job updated: 776940
	674  -  MemoryUsage of job (MB)
	689624  -  ResidentSetSize of job (KB)
...
006 (11332311.003.000) 04/28 20:55:49 Image size of job updated: 712356
	523  -  MemoryUsage of job (MB)
	535336  -  ResidentSetSize of job (KB)
...
006 (11332312.002.000) 04/28 20:55:51 Image size of job updated: 756172
	514  -  MemoryUsage of job (MB)
	525956  -  ResidentSetSize of job (KB)
...
006 (11332306.002.000) 04/28 21:00:41 Image size of job updated: 552140
	463  -  MemoryUsage of job (MB)
	473864  -  ResidentSetSize of job (KB)
...
006 (11332305.000.000) 04/28 21:00:42 Image size of job updated: 580364
	567  -  MemoryUsage of job (MB)
	580364  -  ResidentSetSize of job (KB)
...
006 (11332308.001.000) 04/28 21:00:46 Image size of job updated: 1048888
	708  -  MemoryUsage of job (MB)
	724632  -  ResidentSetSize of job (KB)
...
006 (11332305.000.000) 04/28 21:05:42 Image size of job updated: 792484
	715  -  MemoryUsage of job (MB)
	731288  -  ResidentSetSize of job (KB)
...
006 (11332299.003.000) 04/28 21:06:55 Image size of job updated: 2019516
	1382  -  MemoryUsage of job (MB)
	1415060  -  ResidentSetSize of job (KB)
...
040 (11332299.003.000) 04/28 21:06:56 Started transferring output files
...
040 (11332299.003.000) 04/28 21:06:57 Finished transferring output files
...
005 (11332299.003.000) 04/28 21:06:57 Job terminated.
	(1) Normal termination (return value 0)
		Usr 0 00:46:36, Sys 0 00:00:39  -  Run Remote Usage
		Usr 0 00:00:00, Sys 0 00:00:00  -  Run Local Usage
		Usr 0 00:46:36, Sys 0 00:00:39  -  Total Remote Usage
		Usr 0 00:00:00, Sys 0 00:00:00  -  Total Local Usage
	546300  -  Run Bytes Sent By Job
	2773  -  Run Bytes Received By Job
	546300  -  Total Bytes Sent By Job
	2773  -  Total Bytes Received By Job
	Partitionable Resources :    Usage  Request Allocated 
	   Cpus                 :     0.97        4         4 
	   Disk (KB)            :   562           3     12778 
	   GPUs                 :                           0 
	   Memory (MB)          :  1382       12000     12000 
	   TimeExecute (s)      :  3021                       
	   TimeSlotBusy (s)     :  3024                       

	Job terminated of its own accord at 2026-04-28T19:06:56Z with exit-code 0.
...
006 (11332299.002.000) 04/28 21:11:56 Image size of job updated: 1946752
	848  -  MemoryUsage of job (MB)
	867348  -  ResidentSetSize of job (KB)
...
040 (11332299.002.000) 04/28 21:13:52 Started transferring output files
...
040 (11332299.002.000) 04/28 21:13:52 Finished transferring output files
...
005 (11332299.002.000) 04/28 21:13:52 Job terminated.
	(1) Normal termination (return value 0)
		Usr 0 00:52:18, Sys 0 00:00:24  -  Run Remote Usage
		Usr 0 00:00:00, Sys 0 00:00:00  -  Run Local Usage
		Usr 0 00:52:18, Sys 0 00:00:24  -  Total Remote Usage
		Usr 0 00:00:00, Sys 0 00:00:00  -  Total Local Usage
	555306  -  Run Bytes Sent By Job
	2773  -  Run Bytes Received By Job
	555306  -  Total Bytes Sent By Job
	2773  -  Total Bytes Received By Job
	Partitionable Resources :    Usage  Request Allocated 
	   Cpus                 :     0.94        4         4 
	   Disk (KB)            :   571           3     12449 
	   GPUs                 :                           0 
	   Memory (MB)          :   848       12000     12000 
	   TimeExecute (s)      :  3436                       
	   TimeSlotBusy (s)     :  3438                       

	Job terminated of its own accord at 2026-04-28T19:13:52Z with exit-code 0.
...
006 (11332299.000.000) 04/28 21:26:58 Image size of job updated: 1941628
	1775  -  MemoryUsage of job (MB)
	1817280  -  ResidentSetSize of job (KB)
...
006 (11332299.000.000) 04/28 21:31:58 Image size of job updated: 2109236
	1825  -  MemoryUsage of job (MB)
	1868480  -  ResidentSetSize of job (KB)
...
040 (11332299.000.000) 04/28 21:32:27 Started transferring output files
...
040 (11332299.000.000) 04/28 21:32:27 Finished transferring output files
...
005 (11332299.000.000) 04/28 21:32:27 Job terminated.
	(1) Normal termination (return value 0)
		Usr 0 01:09:56, Sys 0 00:01:56  -  Run Remote Usage
		Usr 0 00:00:00, Sys 0 00:00:00  -  Run Local Usage
		Usr 0 01:09:56, Sys 0 00:01:56  -  Total Remote Usage
		Usr 0 00:00:00, Sys 0 00:00:00  -  Total Local Usage
	554461  -  Run Bytes Sent By Job
	2773  -  Run Bytes Received By Job
	554461  -  Total Bytes Sent By Job
	2773  -  Total Bytes Received By Job
	Partitionable Resources :    Usage  Request Allocated 
	   Cpus                 :     0.97        4         4 
	   Disk (KB)            :   567           3      3780 
	   GPUs                 :                           0 
	   Memory (MB)          :  1825       12000     12000 
	   TimeExecute (s)      :  4551                       
	   TimeSlotBusy (s)     :  4553                       

	Job terminated of its own accord at 2026-04-28T19:32:27Z with exit-code 0.
...
006 (11332302.000.000) 04/28 21:47:16 Image size of job updated: 811132
	693  -  MemoryUsage of job (MB)
	708852  -  ResidentSetSize of job (KB)
...
006 (11332301.001.000) 04/28 21:51:25 Image size of job updated: 1837572
	445  -  MemoryUsage of job (MB)
	455540  -  ResidentSetSize of job (KB)
...
040 (11332301.001.000) 04/28 21:51:25 Started transferring output files
...
040 (11332301.001.000) 04/28 21:51:25 Finished transferring output files
...
005 (11332301.001.000) 04/28 21:51:25 Job terminated.
	(1) Normal termination (return value 0)
		Usr 0 01:27:16, Sys 0 00:00:41  -  Run Remote Usage
		Usr 0 00:00:00, Sys 0 00:00:00  -  Run Local Usage
		Usr 0 01:27:16, Sys 0 00:00:41  -  Total Remote Usage
		Usr 0 00:00:00, Sys 0 00:00:00  -  Total Local Usage
	534593  -  Run Bytes Sent By Job
	2777  -  Run Bytes Received By Job
	534593  -  Total Bytes Sent By Job
	2777  -  Total Bytes Received By Job
	Partitionable Resources :    Usage  Request Allocated 
	   Cpus                 :     0.99        4         4 
	   Disk (KB)            :   547           3      3897 
	   GPUs                 :                           0 
	   Memory (MB)          :   445       12000     12000 
	   TimeExecute (s)      :  5371                       
	   TimeSlotBusy (s)     :  5373                       

	Job terminated of its own accord at 2026-04-28T19:51:25Z with exit-code 0.
...
006 (11332300.001.000) 04/28 21:51:28 Image size of job updated: 864468
	446  -  MemoryUsage of job (MB)
	455748  -  ResidentSetSize of job (KB)
...
040 (11332300.001.000) 04/28 21:51:28 Started transferring output files
...
040 (11332300.001.000) 04/28 21:51:28 Finished transferring output files
...
005 (11332300.001.000) 04/28 21:51:28 Job terminated.
	(1) Normal termination (return value 0)
		Usr 0 01:27:34, Sys 0 00:00:23  -  Run Remote Usage
		Usr 0 00:00:00, Sys 0 00:00:00  -  Run Local Usage
		Usr 0 01:27:34, Sys 0 00:00:23  -  Total Remote Usage
		Usr 0 00:00:00, Sys 0 00:00:00  -  Total Local Usage
	535012  -  Run Bytes Sent By Job
	2793  -  Run Bytes Received By Job
	535012  -  Total Bytes Sent By Job
	2793  -  Total Bytes Received By Job
	Partitionable Resources :    Usage  Request Allocated 
	   Cpus                 :     0.87        4         4 
	   Disk (KB)            :   548           3      3982 
	   GPUs                 :                           0 
	   Memory (MB)          :   446       12000     12000 
	   TimeExecute (s)      :  5375                       
	   TimeSlotBusy (s)     :  5377                       

	Job terminated of its own accord at 2026-04-28T19:51:28Z with exit-code 0.
...
006 (11332301.000.000) 04/28 21:52:01 Image size of job updated: 1699124
	585  -  MemoryUsage of job (MB)
	598916  -  ResidentSetSize of job (KB)
...
040 (11332301.000.000) 04/28 21:52:01 Started transferring output files
...
040 (11332301.000.000) 04/28 21:52:01 Finished transferring output files
...
005 (11332301.000.000) 04/28 21:52:01 Job terminated.
	(1) Normal termination (return value 0)
		Usr 0 01:28:12, Sys 0 00:00:28  -  Run Remote Usage
		Usr 0 00:00:00, Sys 0 00:00:00  -  Run Local Usage
		Usr 0 01:28:12, Sys 0 00:00:28  -  Total Remote Usage
		Usr 0 00:00:00, Sys 0 00:00:00  -  Total Local Usage
	531405  -  Run Bytes Sent By Job
	2777  -  Run Bytes Received By Job
	531405  -  Total Bytes Sent By Job
	2777  -  Total Bytes Received By Job
	Partitionable Resources :    Usage  Request Allocated 
	   Cpus                 :     0.99        4         4 
	   Disk (KB)            :   545           3      3796 
	   GPUs                 :                           0 
	   Memory (MB)          :   585       12000     12000 
	   TimeExecute (s)      :  5407                       
	   TimeSlotBusy (s)     :  5409                       

	Job terminated of its own accord at 2026-04-28T19:52:01Z with exit-code 0.
...
006 (11332300.000.000) 04/28 21:52:08 Image size of job updated: 1167456
	455  -  MemoryUsage of job (MB)
	465028  -  ResidentSetSize of job (KB)
...
006 (11332300.003.000) 04/28 21:52:16 Image size of job updated: 1616968
	326  -  MemoryUsage of job (MB)
	333248  -  ResidentSetSize of job (KB)
...
006 (11332302.000.000) 04/28 21:52:17 Image size of job updated: 1881424
	1714  -  MemoryUsage of job (MB)
	1754552  -  ResidentSetSize of job (KB)
...
040 (11332300.000.000) 04/28 21:52:26 Started transferring output files
...
040 (11332300.000.000) 04/28 21:52:26 Finished transferring output files
...
005 (11332300.000.000) 04/28 21:52:26 Job terminated.
	(1) Normal termination (return value 0)
		Usr 0 01:28:47, Sys 0 00:00:18  -  Run Remote Usage
		Usr 0 00:00:00, Sys 0 00:00:00  -  Run Local Usage
		Usr 0 01:28:47, Sys 0 00:00:18  -  Total Remote Usage
		Usr 0 00:00:00, Sys 0 00:00:00  -  Total Local Usage
	531824  -  Run Bytes Sent By Job
	2793  -  Run Bytes Received By Job
	531824  -  Total Bytes Sent By Job
	2793  -  Total Bytes Received By Job
	Partitionable Resources :    Usage  Request Allocated 
	   Cpus                 :     0.99        4         4 
	   Disk (KB)            :   546           3      3950 
	   GPUs                 :                           0 
	   Memory (MB)          :   455       12000     12000 
	   TimeExecute (s)      :  5433                       
	   TimeSlotBusy (s)     :  5435                       
...
006 (11332302.000.000) 04/28 21:52:46 Image size of job updated: 2030996
	1714  -  MemoryUsage of job (MB)
	1754552  -  ResidentSetSize of job (KB)
...
040 (11332302.000.000) 04/28 21:52:46 Started transferring output files
...
040 (11332302.000.000) 04/28 21:52:46 Finished transferring output files
...
005 (11332302.000.000) 04/28 21:52:46 Job terminated.
	(1) Normal termination (return value 0)
		Usr 0 01:28:47, Sys 0 00:00:25  -  Run Remote Usage
		Usr 0 00:00:00, Sys 0 00:00:00  -  Run Local Usage
		Usr 0 01:28:47, Sys 0 00:00:25  -  Total Remote Usage
		Usr 0 00:00:00, Sys 0 00:00:00  -  Total Local Usage
	554042  -  Run Bytes Sent By Job
	2757  -  Run Bytes Received By Job
	554042  -  Total Bytes Sent By Job
	2757  -  Total Bytes Received By Job
	Partitionable Resources :    Usage  Request Allocated 
	   Cpus                 :     0.99        4         4 
	   Disk (KB)            :   567           3      3887 
	   GPUs                 :                           0 
	   Memory (MB)          :  1714       12000     12000 
	   TimeExecute (s)      :  5451                       
	   TimeSlotBusy (s)     :  5453                       

	Job terminated of its own accord at 2026-04-28T19:52:46Z with exit-code 0.
...
040 (11332300.003.000) 04/28 21:54:12 Started transferring output files
...
040 (11332300.003.000) 04/28 21:54:12 Finished transferring output files
...
005 (11332300.003.000) 04/28 21:54:12 Job terminated.
	(1) Normal termination (return value 0)
		Usr 0 01:29:54, Sys 0 00:00:27  -  Run Remote Usage
		Usr 0 00:00:00, Sys 0 00:00:00  -  Run Local Usage
		Usr 0 01:29:54, Sys 0 00:00:27  -  Total Remote Usage
		Usr 0 00:00:00, Sys 0 00:00:00  -  Total Local Usage
	549591  -  Run Bytes Sent By Job
	2793  -  Run Bytes Received By Job
	549591  -  Total Bytes Sent By Job
	2793  -  Total Bytes Received By Job
	Partitionable Resources :    Usage  Request Allocated 
	   Cpus                 :     0.99        4         4 
	   Disk (KB)            :   563           3      3911 
	   GPUs                 :                           0 
	   Memory (MB)          :   326       12000     12000 
	   TimeExecute (s)      :  5538                       
	   TimeSlotBusy (s)     :  5540                       

	Job terminated of its own accord at 2026-04-28T19:54:12Z with exit-code 0.
...
006 (11332301.003.000) 04/28 21:57:12 Image size of job updated: 618140
	364  -  MemoryUsage of job (MB)
	372336  -  ResidentSetSize of job (KB)
...
006 (11332301.003.000) 04/28 22:00:33 Image size of job updated: 1872736
	364  -  MemoryUsage of job (MB)
	372336  -  ResidentSetSize of job (KB)
...
040 (11332301.003.000) 04/28 22:00:33 Started transferring output files
...
040 (11332301.003.000) 04/28 22:00:33 Finished transferring output files
...
005 (11332301.003.000) 04/28 22:00:33 Job terminated.
	(1) Normal termination (return value 0)
		Usr 0 01:35:56, Sys 0 00:00:28  -  Run Remote Usage
		Usr 0 00:00:00, Sys 0 00:00:00  -  Run Local Usage
		Usr 0 01:35:56, Sys 0 00:00:28  -  Total Remote Usage
		Usr 0 00:00:00, Sys 0 00:00:00  -  Total Local Usage
	549172  -  Run Bytes Sent By Job
	2777  -  Run Bytes Received By Job
	549172  -  Total Bytes Sent By Job
	2777  -  Total Bytes Received By Job
	Partitionable Resources :    Usage  Request Allocated 
	   Cpus                 :     0.99        4         4 
	   Disk (KB)            :   562           3      3812 
	   GPUs                 :                           0 
	   Memory (MB)          :   364       12000     12000 
	   TimeExecute (s)      :  5918                       
	   TimeSlotBusy (s)     :  5920                       
...
006 (11332301.002.000) 04/28 22:02:12 Image size of job updated: 981820
	379  -  MemoryUsage of job (MB)
	388048  -  ResidentSetSize of job (KB)
...
006 (11332302.003.000) 04/28 22:02:18 Image size of job updated: 1029940
	954  -  MemoryUsage of job (MB)
	976332  -  ResidentSetSize of job (KB)
...
040 (11332301.002.000) 04/28 22:02:48 Started transferring output files
...
040 (11332301.002.000) 04/28 22:02:48 Finished transferring output files
...
005 (11332301.002.000) 04/28 22:02:48 Job terminated.
	(1) Normal termination (return value 0)
		Usr 0 01:38:46, Sys 0 00:00:24  -  Run Remote Usage
		Usr 0 00:00:00, Sys 0 00:00:00  -  Run Local Usage
		Usr 0 01:38:46, Sys 0 00:00:24  -  Total Remote Usage
		Usr 0 00:00:00, Sys 0 00:00:00  -  Total Local Usage
	535953  -  Run Bytes Sent By Job
	2777  -  Run Bytes Received By Job
	535953  -  Total Bytes Sent By Job
	2777  -  Total Bytes Received By Job
	Partitionable Resources :    Usage  Request Allocated 
	   Cpus                 :     0.99        4         4 
	   Disk (KB)            :   549           3      3953 
	   GPUs                 :                           0 
	   Memory (MB)          :   379       12000     12000 
	   TimeExecute (s)      :  6053                       
	   TimeSlotBusy (s)     :  6055                       
...
006 (11332302.003.000) 04/28 22:05:20 Image size of job updated: 1657908
	954  -  MemoryUsage of job (MB)
	976332  -  ResidentSetSize of job (KB)
...
040 (11332302.003.000) 04/28 22:05:20 Started transferring output files
...
040 (11332302.003.000) 04/28 22:05:20 Finished transferring output files
...
005 (11332302.003.000) 04/28 22:05:20 Job terminated.
	(1) Normal termination (return value 0)
		Usr 0 01:41:09, Sys 0 00:00:30  -  Run Remote Usage
		Usr 0 00:00:00, Sys 0 00:00:00  -  Run Local Usage
		Usr 0 01:41:09, Sys 0 00:00:30  -  Total Remote Usage
		Usr 0 00:00:00, Sys 0 00:00:00  -  Total Local Usage
	545881  -  Run Bytes Sent By Job
	2757  -  Run Bytes Received By Job
	545881  -  Total Bytes Sent By Job
	2757  -  Total Bytes Received By Job
	Partitionable Resources :    Usage  Request Allocated 
	   Cpus                 :     0.94        4         4 
	   Disk (KB)            :   559           3      3814 
	   GPUs                 :                           0 
	   Memory (MB)          :   954       12000     12000 
	   TimeExecute (s)      :  6204                       
	   TimeSlotBusy (s)     :  6206                       

	Job terminated of its own accord at 2026-04-28T20:05:20Z with exit-code 0.
...
006 (11332302.002.000) 04/28 22:07:13 Image size of job updated: 965568
	587  -  MemoryUsage of job (MB)
	601048  -  ResidentSetSize of job (KB)
...
006 (11332302.002.000) 04/28 22:12:14 Image size of job updated: 1441024
	1296  -  MemoryUsage of job (MB)
	1326972  -  ResidentSetSize of job (KB)
...
006 (11332302.002.000) 04/28 22:13:06 Image size of job updated: 1667272
	1296  -  MemoryUsage of job (MB)
	1327052  -  ResidentSetSize of job (KB)
...
040 (11332302.002.000) 04/28 22:13:06 Started transferring output files
...
040 (11332302.002.000) 04/28 22:13:06 Finished transferring output files
...
005 (11332302.002.000) 04/28 22:13:06 Job terminated.
	(1) Normal termination (return value 0)
		Usr 0 01:48:46, Sys 0 00:00:31  -  Run Remote Usage
		Usr 0 00:00:00, Sys 0 00:00:00  -  Run Local Usage
		Usr 0 01:48:46, Sys 0 00:00:31  -  Total Remote Usage
		Usr 0 00:00:00, Sys 0 00:00:00  -  Total Local Usage
	554887  -  Run Bytes Sent By Job
	2757  -  Run Bytes Received By Job
	554887  -  Total Bytes Sent By Job
	2757  -  Total Bytes Received By Job
	Partitionable Resources :    Usage  Request Allocated 
	   Cpus                 :     0.99        4         4 
	   Disk (KB)            :   568           3      3966 
	   GPUs                 :                           0 
	   Memory (MB)          :  1296       12000     12000 
	   TimeExecute (s)      :  6670                       
	   TimeSlotBusy (s)     :  6672                       
...
006 (11332300.002.000) 04/28 22:22:19 Image size of job updated: 680320
	347  -  MemoryUsage of job (MB)
	354648  -  ResidentSetSize of job (KB)
...
006 (11332302.001.000) 04/28 22:22:21 Image size of job updated: 2076780
	654  -  MemoryUsage of job (MB)
	669452  -  ResidentSetSize of job (KB)
...
006 (11332300.002.000) 04/28 22:26:47 Image size of job updated: 1892472
	347  -  MemoryUsage of job (MB)
	354648  -  ResidentSetSize of job (KB)
...
040 (11332300.002.000) 04/28 22:26:47 Started transferring output files
...
040 (11332300.002.000) 04/28 22:26:47 Finished transferring output files
...
005 (11332300.002.000) 04/28 22:26:47 Job terminated.
	(1) Normal termination (return value 0)
		Usr 0 02:02:27, Sys 0 00:00:39  -  Run Remote Usage
		Usr 0 00:00:00, Sys 0 00:00:00  -  Run Local Usage
		Usr 0 02:02:27, Sys 0 00:00:39  -  Total Remote Usage
		Usr 0 00:00:00, Sys 0 00:00:00  -  Total Local Usage
	536372  -  Run Bytes Sent By Job
	2793  -  Run Bytes Received By Job
	536372  -  Total Bytes Sent By Job
	2793  -  Total Bytes Received By Job
	Partitionable Resources :    Usage  Request Allocated 
	   Cpus                 :     0.99        4         4 
	   Disk (KB)            :   549           3      3995 
	   GPUs                 :                           0 
	   Memory (MB)          :   347       12000     12000 
	   TimeExecute (s)      :  7494                       
	   TimeSlotBusy (s)     :  7496                       

	Job terminated of its own accord at 2026-04-28T20:26:47Z with exit-code 0.
...
006 (11332302.001.000) 04/28 22:27:22 Image size of job updated: 2076780
	1476  -  MemoryUsage of job (MB)
	1510536  -  ResidentSetSize of job (KB)
...
006 (11332302.001.000) 04/28 22:28:49 Image size of job updated: 2096188
	1476  -  MemoryUsage of job (MB)
	1510536  -  ResidentSetSize of job (KB)
...
040 (11332302.001.000) 04/28 22:28:49 Started transferring output files
...
040 (11332302.001.000) 04/28 22:28:49 Finished transferring output files
...
005 (11332302.001.000) 04/28 22:28:49 Job terminated.
	(1) Normal termination (return value 0)
		Usr 0 02:04:01, Sys 0 00:00:42  -  Run Remote Usage
		Usr 0 00:00:00, Sys 0 00:00:00  -  Run Local Usage
		Usr 0 02:04:01, Sys 0 00:00:42  -  Total Remote Usage
		Usr 0 00:00:00, Sys 0 00:00:00  -  Total Local Usage
	554934  -  Run Bytes Sent By Job
	2757  -  Run Bytes Received By Job
	554934  -  Total Bytes Sent By Job
	2757  -  Total Bytes Received By Job
	Partitionable Resources :    Usage  Request Allocated 
	   Cpus                 :     0.99        4         4 
	   Disk (KB)            :   567           3      4068 
	   GPUs                 :                           0 
	   Memory (MB)          :  1476       12000     12000 
	   TimeExecute (s)      :  7613                       
	   TimeSlotBusy (s)     :  7615                       

	Job terminated of its own accord at 2026-04-28T20:28:49Z with exit-code 0.
...
006 (11332299.001.000) 04/28 22:32:00 Image size of job updated: 708784
	407  -  MemoryUsage of job (MB)
	416656  -  ResidentSetSize of job (KB)
...
006 (11332299.001.000) 04/28 22:37:00 Image size of job updated: 1184200
	999  -  MemoryUsage of job (MB)
	1021996  -  ResidentSetSize of job (KB)
...
006 (11332299.001.000) 04/28 22:42:00 Image size of job updated: 1825152
	1783  -  MemoryUsage of job (MB)
	1825152  -  ResidentSetSize of job (KB)
...
006 (11332299.001.000) 04/28 22:42:20 Image size of job updated: 1909380
	1783  -  MemoryUsage of job (MB)
	1825156  -  ResidentSetSize of job (KB)
...
040 (11332299.001.000) 04/28 22:42:20 Started transferring output files
...
040 (11332299.001.000) 04/28 22:42:20 Finished transferring output files
...
005 (11332299.001.000) 04/28 22:42:20 Job terminated.
	(1) Normal termination (return value 0)
		Usr 0 02:22:16, Sys 0 00:00:50  -  Run Remote Usage
		Usr 0 00:00:00, Sys 0 00:00:00  -  Run Local Usage
		Usr 0 02:22:16, Sys 0 00:00:50  -  Total Remote Usage
		Usr 0 00:00:00, Sys 0 00:00:00  -  Total Local Usage
	555353  -  Run Bytes Sent By Job
	2773  -  Run Bytes Received By Job
	555353  -  Total Bytes Sent By Job
	2773  -  Total Bytes Received By Job
	Partitionable Resources :    Usage  Request Allocated 
	   Cpus                 :     0.99        4         4 
	   Disk (KB)            :   568           3      2572 
	   GPUs                 :                           0 
	   Memory (MB)          :  1783       12000     12000 
	   TimeExecute (s)      :  8745                       
	   TimeSlotBusy (s)     :  8747                       

	Job terminated of its own accord at 2026-04-28T20:42:20Z with exit-code 0.
...
006 (11332310.001.000) 04/28 23:40:59 Image size of job updated: 1417664
	1385  -  MemoryUsage of job (MB)
	1417664  -  ResidentSetSize of job (KB)
...
006 (11332310.001.000) 04/28 23:45:39 Image size of job updated: 4151628
	1385  -  MemoryUsage of job (MB)
	1417664  -  ResidentSetSize of job (KB)
...
040 (11332310.001.000) 04/28 23:45:39 Started transferring output files
...
040 (11332310.001.000) 04/28 23:45:39 Finished transferring output files
...
005 (11332310.001.000) 04/28 23:45:39 Job terminated.
	(1) Normal termination (return value 0)
		Usr 0 03:02:28, Sys 0 00:01:58  -  Run Remote Usage
		Usr 0 00:00:00, Sys 0 00:00:00  -  Run Local Usage
		Usr 0 03:02:28, Sys 0 00:01:58  -  Total Remote Usage
		Usr 0 00:00:00, Sys 0 00:00:00  -  Total Local Usage
	1784223  -  Run Bytes Sent By Job
	2559  -  Run Bytes Received By Job
	1784223  -  Total Bytes Sent By Job
	2559  -  Total Bytes Received By Job
	Partitionable Resources :    Usage  Request Allocated 
	   Cpus                 :     0.98        4         4 
	   Disk (KB)            :  1768           3      3878 
	   GPUs                 :                           0 
	   Memory (MB)          :  1385       12000     12000 
	   TimeExecute (s)      : 11410                       
	   TimeSlotBusy (s)     : 11412                       

	Job terminated of its own accord at 2026-04-28T21:45:39Z with exit-code 0.
...
006 (11332309.000.000) 04/28 23:51:03 Image size of job updated: 1865188
	1822  -  MemoryUsage of job (MB)
	1865188  -  ResidentSetSize of job (KB)
...
006 (11332309.000.000) 04/28 23:54:10 Image size of job updated: 4446188
	1822  -  MemoryUsage of job (MB)
	1865224  -  ResidentSetSize of job (KB)
...
040 (11332309.000.000) 04/28 23:54:10 Started transferring output files
...
040 (11332309.000.000) 04/28 23:54:10 Finished transferring output files
...
005 (11332309.000.000) 04/28 23:54:10 Job terminated.
	(1) Normal termination (return value 0)
		Usr 0 03:11:44, Sys 0 00:01:03  -  Run Remote Usage
		Usr 0 00:00:00, Sys 0 00:00:00  -  Run Local Usage
		Usr 0 03:11:44, Sys 0 00:01:03  -  Total Remote Usage
		Usr 0 00:00:00, Sys 0 00:00:00  -  Total Local Usage
	1858281  -  Run Bytes Sent By Job
	2555  -  Run Bytes Received By Job
	1858281  -  Total Bytes Sent By Job
	2555  -  Total Bytes Received By Job
	Partitionable Resources :    Usage  Request Allocated 
	   Cpus                 :     0.99        4         4 
	   Disk (KB)            :  1840           3      3768 
	   GPUs                 :                           0 
	   Memory (MB)          :  1822       12000     12000 
	   TimeExecute (s)      : 11918                       
	   TimeSlotBusy (s)     : 11920                       

	Job terminated of its own accord at 2026-04-28T21:54:10Z with exit-code 0.
...
006 (11332310.002.000) 04/28 23:56:04 Image size of job updated: 1694064
	1531  -  MemoryUsage of job (MB)
	1566944  -  ResidentSetSize of job (KB)
...
006 (11332308.003.000) 04/28 23:56:05 Image size of job updated: 4037200
	835  -  MemoryUsage of job (MB)
	854020  -  ResidentSetSize of job (KB)
...
006 (11332310.002.000) 04/28 23:59:07 Image size of job updated: 4037448
	1531  -  MemoryUsage of job (MB)
	1566944  -  ResidentSetSize of job (KB)
...
040 (11332310.002.000) 04/28 23:59:07 Started transferring output files
...
040 (11332310.002.000) 04/28 23:59:07 Finished transferring output files
...
005 (11332310.002.000) 04/28 23:59:07 Job terminated.
	(1) Normal termination (return value 0)
		Usr 0 03:15:54, Sys 0 00:01:19  -  Run Remote Usage
		Usr 0 00:00:00, Sys 0 00:00:00  -  Run Local Usage
		Usr 0 03:15:54, Sys 0 00:01:19  -  Total Remote Usage
		Usr 0 00:00:00, Sys 0 00:00:00  -  Total Local Usage
	1773482  -  Run Bytes Sent By Job
	2559  -  Run Bytes Received By Job
	1773482  -  Total Bytes Sent By Job
	2559  -  Total Bytes Received By Job
	Partitionable Resources :    Usage  Request Allocated 
	   Cpus                 :     0.97        4         4 
	   Disk (KB)            :  1758           3      3789 
	   GPUs                 :                           0 
	   Memory (MB)          :  1531       12000     12000 
	   TimeExecute (s)      : 12217                       
	   TimeSlotBusy (s)     : 12219                       

	Job terminated of its own accord at 2026-04-28T21:59:07Z with exit-code 0.
...
040 (11332308.003.000) 04/28 23:59:13 Started transferring output files
...
040 (11332308.003.000) 04/28 23:59:13 Finished transferring output files
...
005 (11332308.003.000) 04/28 23:59:13 Job terminated.
	(1) Normal termination (return value 0)
		Usr 0 03:14:52, Sys 0 00:01:32  -  Run Remote Usage
		Usr 0 00:00:00, Sys 0 00:00:00  -  Run Local Usage
		Usr 0 03:14:52, Sys 0 00:01:32  -  Total Remote Usage
		Usr 0 00:00:00, Sys 0 00:00:00  -  Total Local Usage
	2114307  -  Run Bytes Sent By Job
	2543  -  Run Bytes Received By Job
	2114307  -  Total Bytes Sent By Job
	2543  -  Total Bytes Received By Job
	Partitionable Resources :    Usage  Request Allocated 
	   Cpus                 :     0.99        4         4 
	   Disk (KB)            :  2090           3      3749 
	   GPUs                 :                           0 
	   Memory (MB)          :   835       12000     12000 
	   TimeExecute (s)      : 12222                       
	   TimeSlotBusy (s)     : 12224                       

	Job terminated of its own accord at 2026-04-28T21:59:13Z with exit-code 0.
...
006 (11332309.002.000) 04/29 00:06:04 Image size of job updated: 708940
	693  -  MemoryUsage of job (MB)
	708940  -  ResidentSetSize of job (KB)
...
006 (11332309.002.000) 04/29 00:10:39 Image size of job updated: 4449688
	693  -  MemoryUsage of job (MB)
	708996  -  ResidentSetSize of job (KB)
...
040 (11332309.002.000) 04/29 00:10:39 Started transferring output files
...
040 (11332309.002.000) 04/29 00:10:39 Finished transferring output files
...
005 (11332309.002.000) 04/29 00:10:39 Job terminated.
	(1) Normal termination (return value 0)
		Usr 0 03:25:45, Sys 0 00:01:50  -  Run Remote Usage
		Usr 0 00:00:00, Sys 0 00:00:00  -  Run Local Usage
		Usr 0 03:25:45, Sys 0 00:01:50  -  Total Remote Usage
		Usr 0 00:00:00, Sys 0 00:00:00  -  Total Local Usage
	1864393  -  Run Bytes Sent By Job
	2555  -  Run Bytes Received By Job
	1864393  -  Total Bytes Sent By Job
	2555  -  Total Bytes Received By Job
	Partitionable Resources :    Usage  Request Allocated 
	   Cpus                 :     0.99        4         4 
	   Disk (KB)            :  1846           3      3867 
	   GPUs                 :                           0 
	   Memory (MB)          :   693       12000     12000 
	   TimeExecute (s)      : 12910                       
	   TimeSlotBusy (s)     : 12912                       

	Job terminated of its own accord at 2026-04-28T22:10:39Z with exit-code 0.
...
006 (11332309.003.000) 04/29 00:16:04 Image size of job updated: 1483216
	1449  -  MemoryUsage of job (MB)
	1483216  -  ResidentSetSize of job (KB)
...
006 (11332309.003.000) 04/29 00:19:39 Image size of job updated: 4601756
	1449  -  MemoryUsage of job (MB)
	1483260  -  ResidentSetSize of job (KB)
...
040 (11332309.003.000) 04/29 00:19:39 Started transferring output files
...
040 (11332309.003.000) 04/29 00:19:39 Finished transferring output files
...
005 (11332309.003.000) 04/29 00:19:39 Job terminated.
	(1) Normal termination (return value 0)
		Usr 0 03:34:21, Sys 0 00:01:12  -  Run Remote Usage
		Usr 0 00:00:00, Sys 0 00:00:00  -  Run Local Usage
		Usr 0 03:34:21, Sys 0 00:01:12  -  Total Remote Usage
		Usr 0 00:00:00, Sys 0 00:00:00  -  Total Local Usage
	1810913  -  Run Bytes Sent By Job
	2555  -  Run Bytes Received By Job
	1810913  -  Total Bytes Sent By Job
	2555  -  Total Bytes Received By Job
	Partitionable Resources :    Usage  Request Allocated 
	   Cpus                 :     0.98        4         4 
	   Disk (KB)            :  1794           3      3809 
	   GPUs                 :                           0 
	   Memory (MB)          :  1449       12000     12000 
	   TimeExecute (s)      : 13446                       
	   TimeSlotBusy (s)     : 13448                       

	Job terminated of its own accord at 2026-04-28T22:19:39Z with exit-code 0.
...
006 (11332308.002.000) 04/29 00:21:03 Image size of job updated: 1372648
	1341  -  MemoryUsage of job (MB)
	1372648  -  ResidentSetSize of job (KB)
...
006 (11332309.001.000) 04/29 00:21:05 Image size of job updated: 1243920
	1215  -  MemoryUsage of job (MB)
	1243920  -  ResidentSetSize of job (KB)
...
006 (11332309.001.000) 04/29 00:25:25 Image size of job updated: 2521272
	1215  -  MemoryUsage of job (MB)
	1243920  -  ResidentSetSize of job (KB)
...
040 (11332309.001.000) 04/29 00:25:25 Started transferring output files
...
040 (11332309.001.000) 04/29 00:25:25 Finished transferring output files
...
005 (11332309.001.000) 04/29 00:25:25 Job terminated.
	(1) Normal termination (return value 0)
		Usr 0 03:40:50, Sys 0 00:01:09  -  Run Remote Usage
		Usr 0 00:00:00, Sys 0 00:00:00  -  Run Local Usage
		Usr 0 03:40:50, Sys 0 00:01:09  -  Total Remote Usage
		Usr 0 00:00:00, Sys 0 00:00:00  -  Total Local Usage
	1891306  -  Run Bytes Sent By Job
	2555  -  Run Bytes Received By Job
	1891306  -  Total Bytes Sent By Job
	2555  -  Total Bytes Received By Job
	Partitionable Resources :    Usage  Request Allocated 
	   Cpus                 :     0.99        4         4 
	   Disk (KB)            :  1873           3      3772 
	   GPUs                 :                           0 
	   Memory (MB)          :  1215       12000     12000 
	   TimeExecute (s)      : 13797                       
	   TimeSlotBusy (s)     : 13799                       

	Job terminated of its own accord at 2026-04-28T22:25:25Z with exit-code 0.
...
006 (11332308.002.000) 04/29 00:26:03 Image size of job updated: 3772384
	1342  -  MemoryUsage of job (MB)
	1373668  -  ResidentSetSize of job (KB)
...
040 (11332308.002.000) 04/29 00:26:03 Started transferring output files
...
040 (11332308.002.000) 04/29 00:26:03 Finished transferring output files
...
005 (11332308.002.000) 04/29 00:26:03 Job terminated.
	(1) Normal termination (return value 0)
		Usr 0 03:43:21, Sys 0 00:01:06  -  Run Remote Usage
		Usr 0 00:00:00, Sys 0 00:00:00  -  Run Local Usage
		Usr 0 03:43:21, Sys 0 00:01:06  -  Total Remote Usage
		Usr 0 00:00:00, Sys 0 00:00:00  -  Total Local Usage
	2122586  -  Run Bytes Sent By Job
	2543  -  Run Bytes Received By Job
	2122586  -  Total Bytes Sent By Job
	2543  -  Total Bytes Received By Job
	Partitionable Resources :    Usage  Request Allocated 
	   Cpus                 :     0.98        4         4 
	   Disk (KB)            :  2101           3      3646 
	   GPUs                 :                           0 
	   Memory (MB)          :  1342       12000     12000 
	   TimeExecute (s)      : 13835                       
	   TimeSlotBusy (s)     : 13837                       

	Job terminated of its own accord at 2026-04-28T22:26:03Z with exit-code 0.
...
006 (11332306.003.000) 04/29 01:01:04 Image size of job updated: 4023660
	603  -  MemoryUsage of job (MB)
	617180  -  ResidentSetSize of job (KB)
...
006 (11332310.000.000) 04/29 01:01:09 Image size of job updated: 4404744
	1248  -  MemoryUsage of job (MB)
	1276936  -  ResidentSetSize of job (KB)
...
006 (11332311.002.000) 04/29 01:01:13 Image size of job updated: 1674720
	1636  -  MemoryUsage of job (MB)
	1674720  -  ResidentSetSize of job (KB)
...
040 (11332310.000.000) 04/29 01:03:22 Started transferring output files
...
040 (11332310.000.000) 04/29 01:03:22 Finished transferring output files
...
005 (11332310.000.000) 04/29 01:03:22 Job terminated.
	(1) Normal termination (return value 0)
		Usr 0 04:18:21, Sys 0 00:01:36  -  Run Remote Usage
		Usr 0 00:00:00, Sys 0 00:00:00  -  Run Local Usage
		Usr 0 04:18:21, Sys 0 00:01:36  -  Total Remote Usage
		Usr 0 00:00:00, Sys 0 00:00:00  -  Total Local Usage
	1756834  -  Run Bytes Sent By Job
	2559  -  Run Bytes Received By Job
	1756834  -  Total Bytes Sent By Job
	2559  -  Total Bytes Received By Job
	Partitionable Resources :    Usage  Request Allocated 
	   Cpus                 :     0.99        4         4 
	   Disk (KB)            :  1741           3      3854 
	   GPUs                 :                           0 
	   Memory (MB)          :  1248       12000     12000 
	   TimeExecute (s)      : 16073                       
	   TimeSlotBusy (s)     : 16075                       

	Job terminated of its own accord at 2026-04-28T23:03:22Z with exit-code 0.
...
006 (11332311.002.000) 04/29 01:04:54 Image size of job updated: 4255584
	1636  -  MemoryUsage of job (MB)
	1674720  -  ResidentSetSize of job (KB)
...
040 (11332311.002.000) 04/29 01:04:54 Started transferring output files
...
040 (11332311.002.000) 04/29 01:04:54 Finished transferring output files
...
005 (11332311.002.000) 04/29 01:04:54 Job terminated.
	(1) Normal termination (return value 0)
		Usr 0 04:20:12, Sys 0 00:01:30  -  Run Remote Usage
		Usr 0 00:00:00, Sys 0 00:00:00  -  Run Local Usage
		Usr 0 04:20:12, Sys 0 00:01:30  -  Total Remote Usage
		Usr 0 00:00:00, Sys 0 00:00:00  -  Total Local Usage
	1864812  -  Run Bytes Sent By Job
	2619  -  Run Bytes Received By Job
	1864812  -  Total Bytes Sent By Job
	2619  -  Total Bytes Received By Job
	Partitionable Resources :    Usage  Request Allocated 
	   Cpus                 :     0.98        4         4 
	   Disk (KB)            :  1847           3      3789 
	   GPUs                 :                           0 
	   Memory (MB)          :  1636       12000     12000 
	   TimeExecute (s)      : 16162                       
	   TimeSlotBusy (s)     : 16164                       

	Job terminated of its own accord at 2026-04-28T23:04:54Z with exit-code 0.
...
006 (11332306.003.000) 04/29 01:06:04 Image size of job updated: 4023660
	1266  -  MemoryUsage of job (MB)
	1296244  -  ResidentSetSize of job (KB)
...
006 (11332307.002.000) 04/29 01:06:07 Image size of job updated: 1771896
	1502  -  MemoryUsage of job (MB)
	1537972  -  ResidentSetSize of job (KB)
...
040 (11332306.003.000) 04/29 01:07:33 Started transferring output files
...
040 (11332306.003.000) 04/29 01:07:33 Finished transferring output files
...
005 (11332306.003.000) 04/29 01:07:34 Job terminated.
	(1) Normal termination (return value 0)
		Usr 0 04:24:31, Sys 0 00:02:14  -  Run Remote Usage
		Usr 0 00:00:00, Sys 0 00:00:00  -  Run Local Usage
		Usr 0 04:24:31, Sys 0 00:02:14  -  Total Remote Usage
		Usr 0 00:00:00, Sys 0 00:00:00  -  Total Local Usage
	2113888  -  Run Bytes Sent By Job
	2494  -  Run Bytes Received By Job
	2113888  -  Total Bytes Sent By Job
	2494  -  Total Bytes Received By Job
	Partitionable Resources :    Usage  Request Allocated 
	   Cpus                 :     0.99        4         4 
	   Disk (KB)            :  2090           3      3849 
	   GPUs                 :                           0 
	   Memory (MB)          :  1266       12000     12000 
	   TimeExecute (s)      : 16327                       
	   TimeSlotBusy (s)     : 16329                       

	Job terminated of its own accord at 2026-04-28T23:07:33Z with exit-code 0.
...
006 (11332306.001.000) 04/29 01:11:04 Image size of job updated: 4276156
	925  -  MemoryUsage of job (MB)
	947184  -  ResidentSetSize of job (KB)
...
006 (11332307.002.000) 04/29 01:11:07 Image size of job updated: 4253128
	1502  -  MemoryUsage of job (MB)
	1537972  -  ResidentSetSize of job (KB)
...
040 (11332307.002.000) 04/29 01:13:33 Started transferring output files
...
040 (11332307.002.000) 04/29 01:13:33 Finished transferring output files
...
005 (11332307.002.000) 04/29 01:13:33 Job terminated.
	(1) Normal termination (return value 0)
		Usr 0 04:30:05, Sys 0 00:01:37  -  Run Remote Usage
		Usr 0 00:00:00, Sys 0 00:00:00  -  Run Local Usage
		Usr 0 04:30:05, Sys 0 00:01:37  -  Total Remote Usage
		Usr 0 00:00:00, Sys 0 00:00:00  -  Total Local Usage
	2199336  -  Run Bytes Sent By Job
	2539  -  Run Bytes Received By Job
	2199336  -  Total Bytes Sent By Job
	2539  -  Total Bytes Received By Job
	Partitionable Resources :    Usage  Request Allocated 
	   Cpus                 :     0.96        4         4 
	   Disk (KB)            :  2174           3      3810 
	   GPUs                 :                           0 
	   Memory (MB)          :  1502       12000     12000 
	   TimeExecute (s)      : 16686                       
	   TimeSlotBusy (s)     : 16688                       

	Job terminated of its own accord at 2026-04-28T23:13:33Z with exit-code 0.
...
006 (11332306.001.000) 04/29 01:16:05 Image size of job updated: 4276156
	1699  -  MemoryUsage of job (MB)
	1739660  -  ResidentSetSize of job (KB)
...
006 (11332310.003.000) 04/29 01:16:15 Image size of job updated: 1110236
	1085  -  MemoryUsage of job (MB)
	1110236  -  ResidentSetSize of job (KB)
...
006 (11332312.000.000) 04/29 01:16:16 Image size of job updated: 1808632
	674  -  MemoryUsage of job (MB)
	689624  -  ResidentSetSize of job (KB)
...
040 (11332306.001.000) 04/29 01:16:31 Started transferring output files
...
040 (11332306.001.000) 04/29 01:16:31 Finished transferring output files
...
005 (11332306.001.000) 04/29 01:16:31 Job terminated.
	(1) Normal termination (return value 0)
		Usr 0 04:33:15, Sys 0 00:01:39  -  Run Remote Usage
		Usr 0 00:00:00, Sys 0 00:00:00  -  Run Local Usage
		Usr 0 04:33:15, Sys 0 00:01:39  -  Total Remote Usage
		Usr 0 00:00:00, Sys 0 00:00:00  -  Total Local Usage
	2118915  -  Run Bytes Sent By Job
	2494  -  Run Bytes Received By Job
	2118915  -  Total Bytes Sent By Job
	2494  -  Total Bytes Received By Job
	Partitionable Resources :    Usage  Request Allocated 
	   Cpus                 :     0.97        4         4 
	   Disk (KB)            :  2095           3      3858 
	   GPUs                 :                           0 
	   Memory (MB)          :  1699       12000     12000 
	   TimeExecute (s)      : 16866                       
	   TimeSlotBusy (s)     : 16869                       

	Job terminated of its own accord at 2026-04-28T23:16:31Z with exit-code 0.
...
006 (11332312.000.000) 04/29 01:20:41 Image size of job updated: 3906280
	674  -  MemoryUsage of job (MB)
	689624  -  ResidentSetSize of job (KB)
...
040 (11332312.000.000) 04/29 01:20:41 Started transferring output files
...
040 (11332312.000.000) 04/29 01:20:41 Finished transferring output files
...
005 (11332312.000.000) 04/29 01:20:41 Job terminated.
	(1) Normal termination (return value 0)
		Usr 0 04:37:26, Sys 0 00:01:27  -  Run Remote Usage
		Usr 0 00:00:00, Sys 0 00:00:00  -  Run Local Usage
		Usr 0 04:37:26, Sys 0 00:01:27  -  Total Remote Usage
		Usr 0 00:00:00, Sys 0 00:00:00  -  Total Local Usage
	1757253  -  Run Bytes Sent By Job
	2623  -  Run Bytes Received By Job
	1757253  -  Total Bytes Sent By Job
	2623  -  Total Bytes Received By Job
	Partitionable Resources :    Usage  Request Allocated 
	   Cpus                 :     0.93        4         4 
	   Disk (KB)            :  1742           3      3905 
	   GPUs                 :                           0 
	   Memory (MB)          :   674       12000     12000 
	   TimeExecute (s)      : 17108                       
	   TimeSlotBusy (s)     : 17110                       

	Job terminated of its own accord at 2026-04-28T23:20:41Z with exit-code 0.
...
006 (11332310.003.000) 04/29 01:20:56 Image size of job updated: 3755872
	1085  -  MemoryUsage of job (MB)
	1110236  -  ResidentSetSize of job (KB)
...
040 (11332310.003.000) 04/29 01:20:56 Started transferring output files
...
040 (11332310.003.000) 04/29 01:20:56 Finished transferring output files
...
005 (11332310.003.000) 04/29 01:20:56 Job terminated.
	(1) Normal termination (return value 0)
		Usr 0 04:38:01, Sys 0 00:00:56  -  Run Remote Usage
		Usr 0 00:00:00, Sys 0 00:00:00  -  Run Local Usage
		Usr 0 04:38:01, Sys 0 00:00:56  -  Total Remote Usage
		Usr 0 00:00:00, Sys 0 00:00:00  -  Total Local Usage
	1757993  -  Run Bytes Sent By Job
	2559  -  Run Bytes Received By Job
	1757993  -  Total Bytes Sent By Job
	2559  -  Total Bytes Received By Job
	Partitionable Resources :    Usage  Request Allocated 
	   Cpus                 :     0.98        4         4 
	   Disk (KB)            :  1743           3      3968 
	   GPUs                 :                           0 
	   Memory (MB)          :  1085       12000     12000 
	   TimeExecute (s)      : 17126                       
	   TimeSlotBusy (s)     : 17128                       

	Job terminated of its own accord at 2026-04-28T23:20:56Z with exit-code 0.
...
006 (11332307.001.000) 04/29 01:21:10 Image size of job updated: 4046248
	3520  -  MemoryUsage of job (MB)
	3603884  -  ResidentSetSize of job (KB)
...
006 (11332311.001.000) 04/29 01:21:13 Image size of job updated: 936952
	833  -  MemoryUsage of job (MB)
	852576  -  ResidentSetSize of job (KB)
...
006 (11332307.001.000) 04/29 01:26:11 Image size of job updated: 4482300
	3520  -  MemoryUsage of job (MB)
	3603884  -  ResidentSetSize of job (KB)
...
006 (11332312.001.000) 04/29 01:26:12 Image size of job updated: 3913076
	2634  -  MemoryUsage of job (MB)
	2696252  -  ResidentSetSize of job (KB)
...
006 (11332311.001.000) 04/29 01:26:14 Image size of job updated: 4835816
	833  -  MemoryUsage of job (MB)
	852636  -  ResidentSetSize of job (KB)
...
040 (11332311.001.000) 04/29 01:26:29 Started transferring output files
...
040 (11332311.001.000) 04/29 01:26:29 Finished transferring output files
...
005 (11332311.001.000) 04/29 01:26:29 Job terminated.
	(1) Normal termination (return value 0)
		Usr 0 04:44:24, Sys 0 00:01:18  -  Run Remote Usage
		Usr 0 00:00:00, Sys 0 00:00:00  -  Run Local Usage
		Usr 0 04:44:24, Sys 0 00:01:18  -  Total Remote Usage
		Usr 0 00:00:00, Sys 0 00:00:00  -  Total Local Usage
	1891725  -  Run Bytes Sent By Job
	2619  -  Run Bytes Received By Job
	1891725  -  Total Bytes Sent By Job
	2619  -  Total Bytes Received By Job
	Partitionable Resources :    Usage  Request Allocated 
	   Cpus                 :     0.99        4         4 
	   Disk (KB)            :  1873           3      3911 
	   GPUs                 :                           0 
	   Memory (MB)          :   833       12000     12000 
	   TimeExecute (s)      : 17458                       
	   TimeSlotBusy (s)     : 17460                       

	Job terminated of its own accord at 2026-04-28T23:26:29Z with exit-code 0.
...
040 (11332307.001.000) 04/29 01:28:26 Started transferring output files
...
040 (11332307.001.000) 04/29 01:28:26 Finished transferring output files
...
005 (11332307.001.000) 04/29 01:28:26 Job terminated.
	(1) Normal termination (return value 0)
		Usr 0 04:45:51, Sys 0 00:01:41  -  Run Remote Usage
		Usr 0 00:00:00, Sys 0 00:00:00  -  Run Local Usage
		Usr 0 04:45:51, Sys 0 00:01:41  -  Total Remote Usage
		Usr 0 00:00:00, Sys 0 00:00:00  -  Total Local Usage
	2191899  -  Run Bytes Sent By Job
	2539  -  Run Bytes Received By Job
	2191899  -  Total Bytes Sent By Job
	2539  -  Total Bytes Received By Job
	Partitionable Resources :    Usage  Request Allocated 
	   Cpus                 :     0.99        4         4 
	   Disk (KB)            :  2166           3      3908 
	   GPUs                 :                           0 
	   Memory (MB)          :  3520       12000     12000 
	   TimeExecute (s)      : 17579                       
	   TimeSlotBusy (s)     : 17581                       

	Job terminated of its own accord at 2026-04-28T23:28:26Z with exit-code 0.
...
006 (11332312.001.000) 04/29 01:30:45 Image size of job updated: 4363164
	2634  -  MemoryUsage of job (MB)
	2696252  -  ResidentSetSize of job (KB)
...
040 (11332312.001.000) 04/29 01:30:45 Started transferring output files
...
040 (11332312.001.000) 04/29 01:30:45 Finished transferring output files
...
005 (11332312.001.000) 04/29 01:30:45 Job terminated.
	(1) Normal termination (return value 0)
		Usr 0 04:46:11, Sys 0 00:02:07  -  Run Remote Usage
		Usr 0 00:00:00, Sys 0 00:00:00  -  Run Local Usage
		Usr 0 04:46:11, Sys 0 00:02:07  -  Total Remote Usage
		Usr 0 00:00:00, Sys 0 00:00:00  -  Total Local Usage
	1784642  -  Run Bytes Sent By Job
	2623  -  Run Bytes Received By Job
	1784642  -  Total Bytes Sent By Job
	2623  -  Total Bytes Received By Job
	Partitionable Resources :    Usage  Request Allocated 
	   Cpus                 :     0.99        4         4 
	   Disk (KB)            :  1769           3      3867 
	   GPUs                 :                           0 
	   Memory (MB)          :  2634       12000     12000 
	   TimeExecute (s)      : 17712                       
	   TimeSlotBusy (s)     : 17714                       

	Job terminated of its own accord at 2026-04-28T23:30:45Z with exit-code 0.
...
006 (11332311.000.000) 04/29 01:36:15 Image size of job updated: 3758004
	1579  -  MemoryUsage of job (MB)
	1616492  -  ResidentSetSize of job (KB)
...
006 (11332307.000.000) 04/29 01:36:16 Image size of job updated: 4207552
	1355  -  MemoryUsage of job (MB)
	1386800  -  ResidentSetSize of job (KB)
...
006 (11332312.002.000) 04/29 01:36:20 Image size of job updated: 4116388
	614  -  MemoryUsage of job (MB)
	628288  -  ResidentSetSize of job (KB)
...
006 (11332311.000.000) 04/29 01:37:55 Image size of job updated: 3758004
	1579  -  MemoryUsage of job (MB)
	1616496  -  ResidentSetSize of job (KB)
...
040 (11332311.000.000) 04/29 01:37:55 Started transferring output files
...
040 (11332311.000.000) 04/29 01:37:56 Finished transferring output files
...
005 (11332311.000.000) 04/29 01:37:56 Job terminated.
	(1) Normal termination (return value 0)
		Usr 0 04:54:52, Sys 0 00:01:13  -  Run Remote Usage
		Usr 0 00:00:00, Sys 0 00:00:00  -  Run Local Usage
		Usr 0 04:54:52, Sys 0 00:01:13  -  Total Remote Usage
		Usr 0 00:00:00, Sys 0 00:00:00  -  Total Local Usage
	1858700  -  Run Bytes Sent By Job
	2619  -  Run Bytes Received By Job
	1858700  -  Total Bytes Sent By Job
	2619  -  Total Bytes Received By Job
	Partitionable Resources :    Usage  Request Allocated 
	   Cpus                 :     0.99        4         4 
	   Disk (KB)            :  1841           3      3912 
	   GPUs                 :                           0 
	   Memory (MB)          :  1579       12000     12000 
	   TimeExecute (s)      : 18145                       
	   TimeSlotBusy (s)     : 18148                       

	Job terminated of its own accord at 2026-04-28T23:37:55Z with exit-code 0.
...
040 (11332312.002.000) 04/29 01:39:07 Started transferring output files
...
040 (11332312.002.000) 04/29 01:39:07 Finished transferring output files
...
005 (11332312.002.000) 04/29 01:39:07 Job terminated.
	(1) Normal termination (return value 0)
		Usr 0 04:55:33, Sys 0 00:02:10  -  Run Remote Usage
		Usr 0 00:00:00, Sys 0 00:00:00  -  Run Local Usage
		Usr 0 04:55:33, Sys 0 00:02:10  -  Total Remote Usage
		Usr 0 00:00:00, Sys 0 00:00:00  -  Total Local Usage
	1773901  -  Run Bytes Sent By Job
	2623  -  Run Bytes Received By Job
	1773901  -  Total Bytes Sent By Job
	2623  -  Total Bytes Received By Job
	Partitionable Resources :    Usage  Request Allocated 
	   Cpus                 :     0.96        4         4 
	   Disk (KB)            :  1758           3      3804 
	   GPUs                 :                           0 
	   Memory (MB)          :   614       12000     12000 
	   TimeExecute (s)      : 18213                       
	   TimeSlotBusy (s)     : 18215                       

	Job terminated of its own accord at 2026-04-28T23:39:07Z with exit-code 0.
...
006 (11332307.000.000) 04/29 01:41:16 Image size of job updated: 4207552
	1828  -  MemoryUsage of job (MB)
	1871728  -  ResidentSetSize of job (KB)
...
006 (11332307.000.000) 04/29 01:42:02 Image size of job updated: 4207552
	1829  -  MemoryUsage of job (MB)
	1872852  -  ResidentSetSize of job (KB)
...
040 (11332307.000.000) 04/29 01:42:02 Started transferring output files
...
040 (11332307.000.000) 04/29 01:42:03 Finished transferring output files
...
005 (11332307.000.000) 04/29 01:42:03 Job terminated.
	(1) Normal termination (return value 0)
		Usr 0 05:00:04, Sys 0 00:01:48  -  Run Remote Usage
		Usr 0 00:00:00, Sys 0 00:00:00  -  Run Local Usage
		Usr 0 05:00:04, Sys 0 00:01:48  -  Total Remote Usage
		Usr 0 00:00:00, Sys 0 00:00:00  -  Total Local Usage
	2228880  -  Run Bytes Sent By Job
	2539  -  Run Bytes Received By Job
	2228880  -  Total Bytes Sent By Job
	2539  -  Total Bytes Received By Job
	Partitionable Resources :    Usage  Request Allocated 
	   Cpus                 :     0.99        4         4 
	   Disk (KB)            :  2202           3      3912 
	   GPUs                 :                           0 
	   Memory (MB)          :  1829       12000     12000 
	   TimeExecute (s)      : 18389                       
	   TimeSlotBusy (s)     : 18391                       

	Job terminated of its own accord at 2026-04-28T23:42:02Z with exit-code 0.
...
006 (11332305.002.000) 04/29 01:56:10 Image size of job updated: 3576396
	2751  -  MemoryUsage of job (MB)
	2816504  -  ResidentSetSize of job (KB)
...
006 (11332305.003.000) 04/29 02:01:08 Image size of job updated: 1562412
	1526  -  MemoryUsage of job (MB)
	1562412  -  ResidentSetSize of job (KB)
...
006 (11332305.002.000) 04/29 02:01:11 Image size of job updated: 3938636
	2757  -  MemoryUsage of job (MB)
	2822648  -  ResidentSetSize of job (KB)
...
040 (11332305.002.000) 04/29 02:04:14 Started transferring output files
...
040 (11332305.002.000) 04/29 02:04:14 Finished transferring output files
...
005 (11332305.002.000) 04/29 02:04:14 Job terminated.
	(1) Normal termination (return value 0)
		Usr 0 05:21:04, Sys 0 00:01:57  -  Run Remote Usage
		Usr 0 00:00:00, Sys 0 00:00:00  -  Run Local Usage
		Usr 0 05:21:04, Sys 0 00:01:57  -  Total Remote Usage
		Usr 0 00:00:00, Sys 0 00:00:00  -  Total Local Usage
	2198917  -  Run Bytes Sent By Job
	2490  -  Run Bytes Received By Job
	2198917  -  Total Bytes Sent By Job
	2490  -  Total Bytes Received By Job
	Partitionable Resources :    Usage  Request Allocated 
	   Cpus                 :     0.99        4         4 
	   Disk (KB)            :  2173           3      3815 
	   GPUs                 :                           0 
	   Memory (MB)          :  2757       12000     12000 
	   TimeExecute (s)      : 19730                       
	   TimeSlotBusy (s)     : 19731                       

	Job terminated of its own accord at 2026-04-29T00:04:14Z with exit-code 0.
...
006 (11332306.000.000) 04/29 02:06:08 Image size of job updated: 1791020
	1750  -  MemoryUsage of job (MB)
	1791020  -  ResidentSetSize of job (KB)
...
006 (11332305.003.000) 04/29 02:06:08 Image size of job updated: 4251760
	1526  -  MemoryUsage of job (MB)
	1562428  -  ResidentSetSize of job (KB)
...
006 (11332308.000.000) 04/29 02:06:14 Image size of job updated: 4505720
	1330  -  MemoryUsage of job (MB)
	1361004  -  ResidentSetSize of job (KB)
...
040 (11332305.003.000) 04/29 02:09:31 Started transferring output files
...
040 (11332305.003.000) 04/29 02:09:32 Finished transferring output files
...
005 (11332305.003.000) 04/29 02:09:32 Job terminated.
	(1) Normal termination (return value 0)
		Usr 0 05:26:14, Sys 0 00:01:03  -  Run Remote Usage
		Usr 0 00:00:00, Sys 0 00:00:00  -  Run Local Usage
		Usr 0 05:26:14, Sys 0 00:01:03  -  Total Remote Usage
		Usr 0 00:00:00, Sys 0 00:00:00  -  Total Local Usage
	2165036  -  Run Bytes Sent By Job
	2490  -  Run Bytes Received By Job
	2165036  -  Total Bytes Sent By Job
	2490  -  Total Bytes Received By Job
	Partitionable Resources :    Usage  Request Allocated 
	   Cpus                 :     0.99        4         4 
	   Disk (KB)            :  2140           3      3955 
	   GPUs                 :                           0 
	   Memory (MB)          :  1526       12000     12000 
	   TimeExecute (s)      : 20046                       
	   TimeSlotBusy (s)     : 20049                       

	Job terminated of its own accord at 2026-04-29T00:09:31Z with exit-code 0.
...
006 (11332306.000.000) 04/29 02:11:08 Image size of job updated: 4503632
	1750  -  MemoryUsage of job (MB)
	1791020  -  ResidentSetSize of job (KB)
...
006 (11332308.000.000) 04/29 02:11:15 Image size of job updated: 4505720
	1425  -  MemoryUsage of job (MB)
	1458540  -  ResidentSetSize of job (KB)
...
040 (11332308.000.000) 04/29 02:14:50 Started transferring output files
...
040 (11332308.000.000) 04/29 02:14:50 Finished transferring output files
...
005 (11332308.000.000) 04/29 02:14:50 Job terminated.
	(1) Normal termination (return value 0)
		Usr 0 05:30:08, Sys 0 00:02:09  -  Run Remote Usage
		Usr 0 00:00:00, Sys 0 00:00:00  -  Run Local Usage
		Usr 0 05:30:08, Sys 0 00:02:09  -  Total Remote Usage
		Usr 0 00:00:00, Sys 0 00:00:00  -  Total Local Usage
	2147216  -  Run Bytes Sent By Job
	2543  -  Run Bytes Received By Job
	2147216  -  Total Bytes Sent By Job
	2543  -  Total Bytes Received By Job
	Partitionable Resources :    Usage  Request Allocated 
	   Cpus                 :     0.99        4         4 
	   Disk (KB)            :  2123           3      3889 
	   GPUs                 :                           0 
	   Memory (MB)          :  1425       12000     12000 
	   TimeExecute (s)      : 20359                       
	   TimeSlotBusy (s)     : 20361                       

	Job terminated of its own accord at 2026-04-29T00:14:50Z with exit-code 0.
...
040 (11332306.000.000) 04/29 02:15:50 Started transferring output files
...
040 (11332306.000.000) 04/29 02:15:51 Finished transferring output files
...
005 (11332306.000.000) 04/29 02:15:51 Job terminated.
	(1) Normal termination (return value 0)
		Usr 0 05:31:22, Sys 0 00:01:28  -  Run Remote Usage
		Usr 0 00:00:00, Sys 0 00:00:00  -  Run Local Usage
		Usr 0 05:31:22, Sys 0 00:01:28  -  Total Remote Usage
		Usr 0 00:00:00, Sys 0 00:00:00  -  Total Local Usage
	2146797  -  Run Bytes Sent By Job
	2494  -  Run Bytes Received By Job
	2146797  -  Total Bytes Sent By Job
	2494  -  Total Bytes Received By Job
	Partitionable Resources :    Usage  Request Allocated 
	   Cpus                 :     0.99        4         4 
	   Disk (KB)            :  2122           3      3866 
	   GPUs                 :                           0 
	   Memory (MB)          :  1750       12000     12000 
	   TimeExecute (s)      : 20424                       
	   TimeSlotBusy (s)     : 20427                       
...
006 (11332305.001.000) 04/29 02:16:09 Image size of job updated: 1032276
	1009  -  MemoryUsage of job (MB)
	1032276  -  ResidentSetSize of job (KB)
...
006 (11332305.001.000) 04/29 02:21:09 Image size of job updated: 4548424
	1104  -  MemoryUsage of job (MB)
	1130484  -  ResidentSetSize of job (KB)
...
040 (11332305.001.000) 04/29 02:24:31 Started transferring output files
...
040 (11332305.001.000) 04/29 02:24:31 Finished transferring output files
...
005 (11332305.001.000) 04/29 02:24:31 Job terminated.
	(1) Normal termination (return value 0)
		Usr 0 05:41:41, Sys 0 00:01:15  -  Run Remote Usage
		Usr 0 00:00:00, Sys 0 00:00:00  -  Run Local Usage
		Usr 0 05:41:41, Sys 0 00:01:15  -  Total Remote Usage
		Usr 0 00:00:00, Sys 0 00:00:00  -  Total Local Usage
	2191480  -  Run Bytes Sent By Job
	2490  -  Run Bytes Received By Job
	2191480  -  Total Bytes Sent By Job
	2490  -  Total Bytes Received By Job
	Partitionable Resources :    Usage  Request Allocated 
	   Cpus                 :     0.98        4         4 
	   Disk (KB)            :  2166           3      3928 
	   GPUs                 :                           0 
	   Memory (MB)          :  1104       12000     12000 
	   TimeExecute (s)      : 20946                       
	   TimeSlotBusy (s)     : 20949                       
...
006 (11332307.003.000) 04/29 02:26:16 Image size of job updated: 831392
	812  -  MemoryUsage of job (MB)
	831392  -  ResidentSetSize of job (KB)
...
006 (11332307.003.000) 04/29 02:31:16 Image size of job updated: 3582144
	1151  -  MemoryUsage of job (MB)
	1178060  -  ResidentSetSize of job (KB)
...
006 (11332312.003.000) 04/29 02:31:22 Image size of job updated: 4245992
	520  -  MemoryUsage of job (MB)
	532436  -  ResidentSetSize of job (KB)
...
040 (11332312.003.000) 04/29 02:33:18 Started transferring output files
...
040 (11332312.003.000) 04/29 02:33:18 Finished transferring output files
...
005 (11332312.003.000) 04/29 02:33:18 Job terminated.
	(1) Normal termination (return value 0)
		Usr 0 05:47:09, Sys 0 00:01:28  -  Run Remote Usage
		Usr 0 00:00:00, Sys 0 00:00:00  -  Run Local Usage
		Usr 0 05:47:09, Sys 0 00:01:28  -  Total Remote Usage
		Usr 0 00:00:00, Sys 0 00:00:00  -  Total Local Usage
	1758412  -  Run Bytes Sent By Job
	2623  -  Run Bytes Received By Job
	1758412  -  Total Bytes Sent By Job
	2623  -  Total Bytes Received By Job
	Partitionable Resources :    Usage  Request Allocated 
	   Cpus                 :     0.99        4         4 
	   Disk (KB)            :  1743           3      3798 
	   GPUs                 :                           0 
	   Memory (MB)          :   520       12000     12000 
	   TimeExecute (s)      : 21464                       
	   TimeSlotBusy (s)     : 21466                       

	Job terminated of its own accord at 2026-04-29T00:33:18Z with exit-code 0.
...
040 (11332307.003.000) 04/29 02:33:35 Started transferring output files
...
040 (11332307.003.000) 04/29 02:33:36 Finished transferring output files
...
005 (11332307.003.000) 04/29 02:33:36 Job terminated.
	(1) Normal termination (return value 0)
		Usr 0 05:49:12, Sys 0 00:01:03  -  Run Remote Usage
		Usr 0 00:00:00, Sys 0 00:00:00  -  Run Local Usage
		Usr 0 05:49:12, Sys 0 00:01:03  -  Total Remote Usage
		Usr 0 00:00:00, Sys 0 00:00:00  -  Total Local Usage
	2165455  -  Run Bytes Sent By Job
	2539  -  Run Bytes Received By Job
	2165455  -  Total Bytes Sent By Job
	2539  -  Total Bytes Received By Job
	Partitionable Resources :    Usage  Request Allocated 
	   Cpus                 :     0.99        4         4 
	   Disk (KB)            :  2140           3      3985 
	   GPUs                 :                           0 
	   Memory (MB)          :  1151       12000     12000 
	   TimeExecute (s)      : 21488                       
	   TimeSlotBusy (s)     : 21491                       

	Job terminated of its own accord at 2026-04-29T00:33:35Z with exit-code 0.
...
006 (11332311.003.000) 04/29 03:26:31 Image size of job updated: 4259628
	2818  -  MemoryUsage of job (MB)
	2885392  -  ResidentSetSize of job (KB)
...
040 (11332311.003.000) 04/29 03:31:02 Started transferring output files
...
040 (11332311.003.000) 04/29 03:31:02 Finished transferring output files
...
005 (11332311.003.000) 04/29 03:31:02 Job terminated.
	(1) Normal termination (return value 0)
		Usr 0 06:45:13, Sys 0 00:02:04  -  Run Remote Usage
		Usr 0 00:00:00, Sys 0 00:00:00  -  Run Local Usage
		Usr 0 06:45:13, Sys 0 00:02:04  -  Total Remote Usage
		Usr 0 00:00:00, Sys 0 00:00:00  -  Total Local Usage
	1811332  -  Run Bytes Sent By Job
	2619  -  Run Bytes Received By Job
	1811332  -  Total Bytes Sent By Job
	2619  -  Total Bytes Received By Job
	Partitionable Resources :    Usage  Request Allocated 
	   Cpus                 :     0.99        4         4 
	   Disk (KB)            :  1795           3      3858 
	   GPUs                 :                           0 
	   Memory (MB)          :  2818       12000     12000 
	   TimeExecute (s)      : 24930                       
	   TimeSlotBusy (s)     : 24932                       

	Job terminated of its own accord at 2026-04-29T01:31:02Z with exit-code 0.
...
006 (11332306.002.000) 04/29 03:31:22 Image size of job updated: 861160
	841  -  MemoryUsage of job (MB)
	861160  -  ResidentSetSize of job (KB)
...
006 (11332306.002.000) 04/29 03:36:22 Image size of job updated: 4455672
	912  -  MemoryUsage of job (MB)
	933744  -  ResidentSetSize of job (KB)
...
040 (11332306.002.000) 04/29 03:41:07 Started transferring output files
...
040 (11332306.002.000) 04/29 03:41:07 Finished transferring output files
...
005 (11332306.002.000) 04/29 03:41:07 Job terminated.
	(1) Normal termination (return value 0)
		Usr 0 06:54:52, Sys 0 00:01:48  -  Run Remote Usage
		Usr 0 00:00:00, Sys 0 00:00:00  -  Run Local Usage
		Usr 0 06:54:52, Sys 0 00:01:48  -  Total Remote Usage
		Usr 0 00:00:00, Sys 0 00:00:00  -  Total Local Usage
	2122167  -  Run Bytes Sent By Job
	2494  -  Run Bytes Received By Job
	2122167  -  Total Bytes Sent By Job
	2494  -  Total Bytes Received By Job
	Partitionable Resources :    Usage  Request Allocated 
	   Cpus                 :     0.99        4         4 
	   Disk (KB)            :  2098           3      3798 
	   GPUs                 :                           0 
	   Memory (MB)          :   912       12000     12000 
	   TimeExecute (s)      : 25541                       
	   TimeSlotBusy (s)     : 25543                       

	Job terminated of its own accord at 2026-04-29T01:41:07Z with exit-code 0.
...
006 (11332308.001.000) 04/29 03:51:28 Image size of job updated: 1476576
	1442  -  MemoryUsage of job (MB)
	1476576  -  ResidentSetSize of job (KB)
...
006 (11332308.001.000) 04/29 03:56:29 Image size of job updated: 3572604
	1442  -  MemoryUsage of job (MB)
	1476576  -  ResidentSetSize of job (KB)
...
040 (11332308.001.000) 04/29 03:59:38 Started transferring output files
...
040 (11332308.001.000) 04/29 03:59:39 Finished transferring output files
...
005 (11332308.001.000) 04/29 03:59:39 Job terminated.
	(1) Normal termination (return value 0)
		Usr 0 07:08:58, Sys 0 00:01:48  -  Run Remote Usage
		Usr 0 00:00:00, Sys 0 00:00:00  -  Run Local Usage
		Usr 0 07:08:58, Sys 0 00:01:48  -  Total Remote Usage
		Usr 0 00:00:00, Sys 0 00:00:00  -  Total Local Usage
	2119334  -  Run Bytes Sent By Job
	2543  -  Run Bytes Received By Job
	2119334  -  Total Bytes Sent By Job
	2543  -  Total Bytes Received By Job
	Partitionable Resources :    Usage  Request Allocated 
	   Cpus                 :     0.99        4         4 
	   Disk (KB)            :  2094           3      3858 
	   GPUs                 :                           0 
	   Memory (MB)          :  1442       12000     12000 
	   TimeExecute (s)      : 26650                       
	   TimeSlotBusy (s)     : 26653                       

	Job terminated of its own accord at 2026-04-29T01:59:38Z with exit-code 0.
...
006 (11332305.000.000) 04/29 04:16:28 Image size of job updated: 4497388
	1265  -  MemoryUsage of job (MB)
	1294408  -  ResidentSetSize of job (KB)
...
006 (11332305.000.000) 04/29 04:21:29 Image size of job updated: 4497388
	1302  -  MemoryUsage of job (MB)
	1333040  -  ResidentSetSize of job (KB)
...
040 (11332305.000.000) 04/29 04:26:24 Started transferring output files
...
040 (11332305.000.000) 04/29 04:26:25 Finished transferring output files
...
005 (11332305.000.000) 04/29 04:26:25 Job terminated.
	(1) Normal termination (return value 0)
		Usr 0 07:40:30, Sys 0 00:03:08  -  Run Remote Usage
		Usr 0 00:00:00, Sys 0 00:00:00  -  Run Local Usage
		Usr 0 07:40:30, Sys 0 00:03:08  -  Total Remote Usage
		Usr 0 00:00:00, Sys 0 00:00:00  -  Total Local Usage
	2228461  -  Run Bytes Sent By Job
	2490  -  Run Bytes Received By Job
	2228461  -  Total Bytes Sent By Job
	2490  -  Total Bytes Received By Job
	Partitionable Resources :    Usage  Request Allocated 
	   Cpus                 :     0.99        4         4 
	   Disk (KB)            :  2202           3      3955 
	   GPUs                 :                           0 
	   Memory (MB)          :  1302       12000     12000 
	   TimeExecute (s)      : 28259                       
	   TimeSlotBusy (s)     : 28262                       

	Job terminated of its own accord at 2026-04-29T02:26:24Z with exit-code 0.
...
