timestamp,filename,channel,anomalous,method,triggered_features,max_z,if_score
2026-04-09T10:19:31Z,Digitizer_run1640_subrun265.csv,0,False,,,3.5,-0.4884
2026-04-09T10:19:31Z,Digitizer_run1640_subrun265.csv,1,False,,,2.83,-0.4837
2026-04-09T10:19:31Z,Digitizer_run1640_subrun265.csv,2,False,,,2.15,-0.4124
2026-04-09T10:19:31Z,Digitizer_run1640_subrun265.csv,3,False,,,1.7,-0.4083
2026-04-09T10:19:31Z,Digitizer_run1640_subrun265.csv,4,False,,,2.13,-0.4584
2026-04-09T10:19:31Z,Digitizer_run1640_subrun265.csv,5,True,isolation_forest,,2.33,-0.4937
2026-04-09T10:19:31Z,Digitizer_run1640_subrun265.csv,6,False,,,1.7,-0.4306
2026-04-09T10:19:31Z,Digitizer_run1640_subrun265.csv,7,False,,,1.89,-0.4296
2026-04-09T10:19:31Z,Digitizer_run1640_subrun265.csv,8,False,,,2.49,-0.4293
2026-04-09T10:19:31Z,Digitizer_run1640_subrun265.csv,9,False,,,3.1,-0.4703
2026-04-09T10:19:31Z,Digitizer_run1640_subrun265.csv,10,False,,,1.7,-0.3961
2026-04-09T10:19:31Z,Digitizer_run1640_subrun265.csv,11,False,,,1.97,-0.4378
2026-04-09T10:19:31Z,Digitizer_run1640_subrun265.csv,12,False,,,1.74,-0.4248
2026-04-09T10:19:31Z,Digitizer_run1640_subrun265.csv,13,False,,,2.05,-0.4218
2026-04-09T10:19:31Z,Digitizer_run1640_subrun265.csv,14,False,,,3.49,-0.4673
2026-04-09T10:19:31Z,Digitizer_run1640_subrun265.csv,15,False,,,2.23,-0.4123
2026-04-09T10:19:31Z,Digitizer_run1640_subrun265.csv,16,False,,,1.95,-0.4225
2026-04-09T10:19:31Z,Digitizer_run1640_subrun265.csv,17,False,,,2.46,-0.4482
2026-04-09T10:19:31Z,Digitizer_run1640_subrun265.csv,18,False,,,3.64,-0.4478
2026-04-09T10:19:31Z,Digitizer_run1640_subrun265.csv,19,False,,,3.86,-0.4792
2026-04-09T10:19:31Z,Digitizer_run1640_subrun265.csv,20,False,,,1.7,-0.4083
2026-04-09T10:19:31Z,Digitizer_run1640_subrun265.csv,21,False,,,1.7,-0.4285
2026-04-09T10:19:31Z,Digitizer_run1640_subrun265.csv,22,False,,,2.45,-0.4706
2026-04-09T10:19:31Z,Digitizer_run1640_subrun265.csv,23,False,,,2.03,-0.436
2026-04-09T10:19:31Z,Digitizer_run1640_subrun265.csv,24,False,,,2.13,-0.4496
2026-04-09T10:19:31Z,Digitizer_run1640_subrun265.csv,25,False,,,2.18,-0.4585
2026-04-09T10:19:31Z,Digitizer_run1640_subrun265.csv,26,False,,,2.47,-0.449
2026-04-09T10:19:31Z,Digitizer_run1640_subrun265.csv,27,False,,,1.7,-0.4338
2026-04-09T10:19:31Z,Digitizer_run1640_subrun265.csv,28,False,,,2.34,-0.4408
2026-04-09T10:19:31Z,Digitizer_run1640_subrun265.csv,29,False,,,1.7,-0.4094
2026-04-09T10:19:31Z,Digitizer_run1640_subrun265.csv,30,True,statistical,nPulses_std,5.73,-0.4747
2026-04-09T10:19:31Z,Digitizer_run1640_subrun265.csv,31,False,,,2.85,-0.468
2026-04-09T10:19:31Z,Digitizer_run1640_subrun265.csv,32,True,isolation_forest,,4.15,-0.5559
2026-04-09T10:19:31Z,Digitizer_run1640_subrun265.csv,33,True,isolation_forest,,4.09,-0.5343
2026-04-09T10:19:31Z,Digitizer_run1640_subrun265.csv,34,False,,,3.18,-0.459
2026-04-09T10:19:31Z,Digitizer_run1640_subrun265.csv,35,False,,,2.05,-0.4359
2026-04-09T10:19:31Z,Digitizer_run1640_subrun265.csv,36,False,,,1.77,-0.4245
2026-04-09T10:19:31Z,Digitizer_run1640_subrun265.csv,37,False,,,2.57,-0.4373
2026-04-09T10:19:31Z,Digitizer_run1640_subrun265.csv,38,False,,,2.17,-0.4498
2026-04-09T10:19:31Z,Digitizer_run1640_subrun265.csv,39,False,,,1.77,-0.4299
2026-04-09T10:19:31Z,Digitizer_run1640_subrun265.csv,40,False,,,2.17,-0.4328
2026-04-09T10:19:31Z,Digitizer_run1640_subrun265.csv,41,False,,,2.42,-0.4689
2026-04-09T10:19:31Z,Digitizer_run1640_subrun265.csv,42,False,,,2.45,-0.4584
2026-04-09T10:19:31Z,Digitizer_run1640_subrun265.csv,43,False,,,2.17,-0.4513
2026-04-09T10:19:31Z,Digitizer_run1640_subrun265.csv,44,False,,,2.11,-0.4128
2026-04-09T10:19:31Z,Digitizer_run1640_subrun265.csv,45,False,,,1.7,-0.4215
2026-04-09T10:19:31Z,Digitizer_run1640_subrun265.csv,46,False,,,2.35,-0.4434
2026-04-09T10:19:31Z,Digitizer_run1640_subrun265.csv,47,False,,,1.7,-0.4165
2026-04-09T10:19:31Z,Digitizer_run1640_subrun265.csv,48,False,,,1.7,-0.4347
2026-04-09T10:19:31Z,Digitizer_run1640_subrun265.csv,49,False,,,2.32,-0.4363
2026-04-09T10:19:31Z,Digitizer_run1640_subrun265.csv,50,False,,,2.18,-0.4225
2026-04-09T10:19:31Z,Digitizer_run1640_subrun265.csv,51,False,,,1.8,-0.4056
2026-04-09T10:19:31Z,Digitizer_run1640_subrun265.csv,52,False,,,2.76,-0.4552
2026-04-09T10:19:31Z,Digitizer_run1640_subrun265.csv,53,False,,,2.98,-0.4278
2026-04-09T10:19:31Z,Digitizer_run1640_subrun265.csv,54,False,,,1.99,-0.462
2026-04-09T10:19:31Z,Digitizer_run1640_subrun265.csv,55,False,,,2.09,-0.4432
2026-04-09T10:19:31Z,Digitizer_run1640_subrun265.csv,56,True,isolation_forest,,3.1,-0.4997
2026-04-09T10:19:31Z,Digitizer_run1640_subrun265.csv,57,False,,,2.96,-0.4582
2026-04-09T10:19:31Z,Digitizer_run1640_subrun265.csv,58,False,,,2.19,-0.4552
2026-04-09T10:19:31Z,Digitizer_run1640_subrun265.csv,59,False,,,2.25,-0.4427
2026-04-09T10:19:31Z,Digitizer_run1640_subrun265.csv,60,False,,,1.98,-0.4195
2026-04-09T10:19:31Z,Digitizer_run1640_subrun265.csv,61,False,,,2.85,-0.4329
2026-04-09T10:19:31Z,Digitizer_run1640_subrun265.csv,62,False,,,1.73,-0.4378
2026-04-09T10:19:31Z,Digitizer_run1640_subrun265.csv,63,False,,,2.3,-0.4759
2026-04-09T10:19:31Z,Digitizer_run1640_subrun265.csv,64,False,,,1.76,-0.3967
2026-04-09T10:19:31Z,Digitizer_run1640_subrun265.csv,65,False,,,1.7,-0.3944
2026-04-09T10:19:31Z,Digitizer_run1640_subrun265.csv,66,False,,,1.7,-0.4063
2026-04-09T10:19:31Z,Digitizer_run1640_subrun265.csv,67,False,,,3.03,-0.4318
2026-04-09T10:19:31Z,Digitizer_run1640_subrun265.csv,68,False,,,1.99,-0.4465
2026-04-09T10:19:31Z,Digitizer_run1640_subrun265.csv,69,False,,,1.7,-0.4215
2026-04-09T10:19:31Z,Digitizer_run1640_subrun265.csv,70,False,,,2.0,-0.4599
2026-04-09T10:19:31Z,Digitizer_run1640_subrun265.csv,71,False,,,1.85,-0.4153
2026-04-09T10:19:31Z,Digitizer_run1640_subrun265.csv,72,False,,,1.83,-0.4346
2026-04-09T10:19:31Z,Digitizer_run1640_subrun265.csv,73,False,,,2.07,-0.421
2026-04-09T10:19:31Z,Digitizer_run1640_subrun265.csv,74,True,statistical,pulseHeight_min_median,5.45,-0.4641
2026-04-09T10:19:31Z,Digitizer_run1640_subrun265.csv,75,False,,,3.02,-0.4528
2026-04-09T10:19:31Z,Digitizer_run1640_subrun265.csv,76,False,,,2.72,-0.4267
2026-04-09T10:19:31Z,Digitizer_run1640_subrun265.csv,77,False,,,3.06,-0.4427
2026-04-09T10:19:31Z,Digitizer_run1640_subrun265.csv,78,False,,,1.7,-0.4248
2026-04-09T10:19:31Z,Digitizer_run1640_subrun265.csv,79,False,,,1.8,-0.4026
2026-04-09T10:19:31Z,Digitizer_run1640_subrun265.csv,80,False,,,4.61,-0.4876
2026-04-09T10:19:31Z,Digitizer_run1640_subrun265.csv,81,False,,,2.66,-0.4851
2026-04-09T10:19:31Z,Digitizer_run1640_subrun265.csv,82,False,,,1.81,-0.4264
2026-04-09T10:19:31Z,Digitizer_run1640_subrun265.csv,83,False,,,1.9,-0.4377
2026-04-09T10:19:31Z,Digitizer_run1640_subrun265.csv,84,False,,,1.7,-0.4078
2026-04-09T10:19:31Z,Digitizer_run1640_subrun265.csv,85,False,,,2.45,-0.4422
2026-04-09T10:19:31Z,Digitizer_run1640_subrun265.csv,86,False,,,2.22,-0.4391
2026-04-09T10:19:31Z,Digitizer_run1640_subrun265.csv,87,False,,,2.56,-0.4712
2026-04-09T10:19:31Z,Digitizer_run1640_subrun265.csv,88,False,,,1.7,-0.4131
2026-04-09T10:19:31Z,Digitizer_run1640_subrun265.csv,89,True,isolation_forest,,4.34,-0.5128
2026-04-09T10:19:31Z,Digitizer_run1640_subrun265.csv,90,False,,,2.0,-0.4528
2026-04-09T10:19:31Z,Digitizer_run1640_subrun265.csv,91,True,isolation_forest,,2.55,-0.5014
2026-04-09T10:19:31Z,Digitizer_run1640_subrun265.csv,92,True,isolation_forest,,1.78,-0.498
2026-04-09T10:19:31Z,Digitizer_run1640_subrun265.csv,93,False,,,1.7,-0.4375
2026-04-09T10:19:31Z,Digitizer_run1640_subrun265.csv,94,True,isolation_forest,,3.52,-0.5271
2026-04-09T10:19:31Z,Digitizer_run1640_subrun265.csv,95,True,isolation_forest,,2.69,-0.5392
2026-04-09T10:19:34Z,Digitizer_run1642_subrun8.csv,0,False,,,1.69,-0.4252
2026-04-09T10:19:34Z,Digitizer_run1642_subrun8.csv,1,False,,,2.33,-0.4402
2026-04-09T10:19:34Z,Digitizer_run1642_subrun8.csv,2,False,,,1.89,-0.4258
2026-04-09T10:19:34Z,Digitizer_run1642_subrun8.csv,3,False,,,1.52,-0.3983
2026-04-09T10:19:34Z,Digitizer_run1642_subrun8.csv,4,False,,,1.52,-0.4052
2026-04-09T10:19:34Z,Digitizer_run1642_subrun8.csv,5,False,,,1.95,-0.4334
2026-04-09T10:19:34Z,Digitizer_run1642_subrun8.csv,6,True,isolation_forest,,4.19,-0.5029
2026-04-09T10:19:34Z,Digitizer_run1642_subrun8.csv,7,True,isolation_forest,,3.76,-0.5189
2026-04-09T10:19:34Z,Digitizer_run1642_subrun8.csv,8,True,statistical+IF,sideband_mean_mean,6.94,-0.5327
2026-04-09T10:19:34Z,Digitizer_run1642_subrun8.csv,9,True,statistical,sideband_mean_mean,5.87,-0.4901
2026-04-09T10:19:34Z,Digitizer_run1642_subrun8.csv,10,False,,,2.86,-0.4694
2026-04-09T10:19:34Z,Digitizer_run1642_subrun8.csv,11,False,,,1.65,-0.4318
2026-04-09T10:19:34Z,Digitizer_run1642_subrun8.csv,12,False,,,2.53,-0.4382
2026-04-09T10:19:34Z,Digitizer_run1642_subrun8.csv,13,False,,,2.03,-0.432
2026-04-09T10:19:34Z,Digitizer_run1642_subrun8.csv,14,False,,,2.08,-0.4332
2026-04-09T10:19:34Z,Digitizer_run1642_subrun8.csv,15,False,,,3.2,-0.4726
2026-04-09T10:19:34Z,Digitizer_run1642_subrun8.csv,16,False,,,2.11,-0.4073
2026-04-09T10:19:34Z,Digitizer_run1642_subrun8.csv,17,False,,,1.94,-0.4027
2026-04-09T10:19:34Z,Digitizer_run1642_subrun8.csv,18,False,,,3.08,-0.4762
2026-04-09T10:19:34Z,Digitizer_run1642_subrun8.csv,19,False,,,2.73,-0.4665
2026-04-09T10:19:34Z,Digitizer_run1642_subrun8.csv,20,False,,,1.52,-0.4103
2026-04-09T10:19:34Z,Digitizer_run1642_subrun8.csv,21,False,,,1.77,-0.4119
2026-04-09T10:19:34Z,Digitizer_run1642_subrun8.csv,22,False,,,1.52,-0.4112
2026-04-09T10:19:34Z,Digitizer_run1642_subrun8.csv,23,False,,,2.16,-0.4624
2026-04-09T10:19:34Z,Digitizer_run1642_subrun8.csv,24,False,,,3.17,-0.4438
2026-04-09T10:19:34Z,Digitizer_run1642_subrun8.csv,25,False,,,1.58,-0.4075
2026-04-09T10:19:34Z,Digitizer_run1642_subrun8.csv,26,False,,,2.38,-0.4534
2026-04-09T10:19:34Z,Digitizer_run1642_subrun8.csv,27,False,,,2.36,-0.4233
2026-04-09T10:19:34Z,Digitizer_run1642_subrun8.csv,28,False,,,2.08,-0.4073
2026-04-09T10:19:34Z,Digitizer_run1642_subrun8.csv,29,False,,,2.28,-0.4335
2026-04-09T10:19:34Z,Digitizer_run1642_subrun8.csv,30,False,,,1.65,-0.4092
2026-04-09T10:19:34Z,Digitizer_run1642_subrun8.csv,31,False,,,2.05,-0.4047
2026-04-09T10:19:34Z,Digitizer_run1642_subrun8.csv,34,False,,,1.97,-0.4161
2026-04-09T10:19:34Z,Digitizer_run1642_subrun8.csv,35,False,,,2.24,-0.4347
2026-04-09T10:19:34Z,Digitizer_run1642_subrun8.csv,36,False,,,2.1,-0.4242
2026-04-09T10:19:34Z,Digitizer_run1642_subrun8.csv,37,False,,,2.79,-0.4342
2026-04-09T10:19:34Z,Digitizer_run1642_subrun8.csv,38,False,,,2.57,-0.4388
2026-04-09T10:19:34Z,Digitizer_run1642_subrun8.csv,39,False,,,1.77,-0.4157
2026-04-09T10:19:34Z,Digitizer_run1642_subrun8.csv,40,False,,,2.11,-0.4309
2026-04-09T10:19:34Z,Digitizer_run1642_subrun8.csv,41,False,,,2.33,-0.4385
2026-04-09T10:19:34Z,Digitizer_run1642_subrun8.csv,42,False,,,2.28,-0.437
2026-04-09T10:19:34Z,Digitizer_run1642_subrun8.csv,43,True,isolation_forest,,2.83,-0.4909
2026-04-09T10:19:34Z,Digitizer_run1642_subrun8.csv,44,False,,,1.52,-0.4208
2026-04-09T10:19:34Z,Digitizer_run1642_subrun8.csv,45,False,,,2.74,-0.4373
2026-04-09T10:19:34Z,Digitizer_run1642_subrun8.csv,46,False,,,1.59,-0.4095
2026-04-09T10:19:34Z,Digitizer_run1642_subrun8.csv,47,False,,,2.46,-0.4449
2026-04-09T10:19:34Z,Digitizer_run1642_subrun8.csv,48,False,,,2.39,-0.4231
2026-04-09T10:19:34Z,Digitizer_run1642_subrun8.csv,49,False,,,1.95,-0.4304
2026-04-09T10:19:34Z,Digitizer_run1642_subrun8.csv,50,False,,,2.46,-0.459
2026-04-09T10:19:34Z,Digitizer_run1642_subrun8.csv,51,False,,,2.76,-0.434
2026-04-09T10:19:34Z,Digitizer_run1642_subrun8.csv,52,False,,,1.91,-0.418
2026-04-09T10:19:34Z,Digitizer_run1642_subrun8.csv,53,False,,,4.63,-0.4603
2026-04-09T10:19:34Z,Digitizer_run1642_subrun8.csv,54,True,statistical+IF,sideband_rms_mean,5.5,-0.493
2026-04-09T10:19:34Z,Digitizer_run1642_subrun8.csv,55,False,,,3.6,-0.4745
2026-04-09T10:19:34Z,Digitizer_run1642_subrun8.csv,56,True,isolation_forest,,4.33,-0.5283
2026-04-09T10:19:34Z,Digitizer_run1642_subrun8.csv,57,True,isolation_forest,,3.72,-0.5164
2026-04-09T10:19:34Z,Digitizer_run1642_subrun8.csv,58,False,,,1.72,-0.4245
2026-04-09T10:19:34Z,Digitizer_run1642_subrun8.csv,59,False,,,1.85,-0.4326
2026-04-09T10:19:34Z,Digitizer_run1642_subrun8.csv,60,False,,,1.55,-0.4186
2026-04-09T10:19:34Z,Digitizer_run1642_subrun8.csv,61,False,,,2.06,-0.4105
2026-04-09T10:19:34Z,Digitizer_run1642_subrun8.csv,62,False,,,1.52,-0.4007
2026-04-09T10:19:34Z,Digitizer_run1642_subrun8.csv,63,False,,,1.52,-0.4171
2026-04-09T10:19:34Z,Digitizer_run1642_subrun8.csv,64,False,,,3.73,-0.4631
2026-04-09T10:19:34Z,Digitizer_run1642_subrun8.csv,65,False,,,1.71,-0.4026
2026-04-09T10:19:34Z,Digitizer_run1642_subrun8.csv,66,False,,,2.38,-0.4569
2026-04-09T10:19:34Z,Digitizer_run1642_subrun8.csv,67,False,,,2.34,-0.4516
2026-04-09T10:19:34Z,Digitizer_run1642_subrun8.csv,68,False,,,4.13,-0.4472
2026-04-09T10:19:34Z,Digitizer_run1642_subrun8.csv,69,False,,,1.52,-0.3845
2026-04-09T10:19:34Z,Digitizer_run1642_subrun8.csv,70,False,,,2.55,-0.4493
2026-04-09T10:19:34Z,Digitizer_run1642_subrun8.csv,71,False,,,1.75,-0.4174
2026-04-09T10:19:34Z,Digitizer_run1642_subrun8.csv,72,False,,,1.52,-0.4079
2026-04-09T10:19:34Z,Digitizer_run1642_subrun8.csv,73,False,,,1.81,-0.409
2026-04-09T10:19:34Z,Digitizer_run1642_subrun8.csv,74,False,,,1.86,-0.4448
2026-04-09T10:19:34Z,Digitizer_run1642_subrun8.csv,75,False,,,2.24,-0.4266
2026-04-09T10:19:34Z,Digitizer_run1642_subrun8.csv,76,False,,,1.72,-0.4233
2026-04-09T10:19:34Z,Digitizer_run1642_subrun8.csv,77,False,,,2.32,-0.4601
2026-04-09T10:19:34Z,Digitizer_run1642_subrun8.csv,78,False,,,1.52,-0.3968
2026-04-09T10:19:34Z,Digitizer_run1642_subrun8.csv,79,False,,,2.12,-0.4075
2026-04-09T10:19:34Z,Digitizer_run1642_subrun8.csv,80,False,,,1.83,-0.4486
2026-04-09T10:19:34Z,Digitizer_run1642_subrun8.csv,81,False,,,1.95,-0.4405
2026-04-09T10:19:34Z,Digitizer_run1642_subrun8.csv,82,False,,,1.52,-0.3944
2026-04-09T10:19:34Z,Digitizer_run1642_subrun8.csv,83,False,,,1.97,-0.3942
2026-04-09T10:19:34Z,Digitizer_run1642_subrun8.csv,84,False,,,1.52,-0.4057
2026-04-09T10:19:34Z,Digitizer_run1642_subrun8.csv,85,False,,,3.3,-0.4512
2026-04-09T10:19:34Z,Digitizer_run1642_subrun8.csv,86,False,,,1.59,-0.4081
2026-04-09T10:19:34Z,Digitizer_run1642_subrun8.csv,87,False,,,1.93,-0.4412
2026-04-09T10:19:34Z,Digitizer_run1642_subrun8.csv,88,False,,,3.18,-0.4236
2026-04-09T10:19:34Z,Digitizer_run1642_subrun8.csv,89,False,,,1.89,-0.4496
2026-04-09T10:19:34Z,Digitizer_run1642_subrun8.csv,90,False,,,1.63,-0.4277
2026-04-09T10:19:34Z,Digitizer_run1642_subrun8.csv,91,False,,,1.67,-0.4565
2026-04-09T10:19:34Z,Digitizer_run1642_subrun8.csv,92,False,,,1.78,-0.465
2026-04-09T10:19:34Z,Digitizer_run1642_subrun8.csv,93,False,,,1.82,-0.4064
2026-04-09T10:19:34Z,Digitizer_run1642_subrun8.csv,94,False,,,2.89,-0.4588
2026-04-09T10:19:34Z,Digitizer_run1642_subrun8.csv,95,False,,,1.99,-0.4301
2026-04-09T10:19:36Z,Digitizer_run1640_subrun633.csv,0,False,,,1.7,-0.4113
2026-04-09T10:19:36Z,Digitizer_run1640_subrun633.csv,1,False,,,1.73,-0.4029
2026-04-09T10:19:36Z,Digitizer_run1640_subrun633.csv,2,False,,,2.16,-0.4572
2026-04-09T10:19:36Z,Digitizer_run1640_subrun633.csv,3,False,,,3.28,-0.4595
2026-04-09T10:19:36Z,Digitizer_run1640_subrun633.csv,4,False,,,1.85,-0.4511
2026-04-09T10:19:36Z,Digitizer_run1640_subrun633.csv,5,False,,,2.07,-0.4043
2026-04-09T10:19:36Z,Digitizer_run1640_subrun633.csv,6,False,,,1.63,-0.4058
2026-04-09T10:19:36Z,Digitizer_run1640_subrun633.csv,7,False,,,1.72,-0.4104
2026-04-09T10:19:36Z,Digitizer_run1640_subrun633.csv,8,False,,,1.92,-0.4218
2026-04-09T10:19:36Z,Digitizer_run1640_subrun633.csv,9,False,,,1.89,-0.4315
2026-04-09T10:19:36Z,Digitizer_run1640_subrun633.csv,10,False,,,2.27,-0.4536
2026-04-09T10:19:36Z,Digitizer_run1640_subrun633.csv,11,False,,,1.79,-0.4433
2026-04-09T10:19:36Z,Digitizer_run1640_subrun633.csv,12,False,,,2.52,-0.4552
2026-04-09T10:19:36Z,Digitizer_run1640_subrun633.csv,13,False,,,2.27,-0.4504
2026-04-09T10:19:36Z,Digitizer_run1640_subrun633.csv,14,False,,,2.78,-0.4544
2026-04-09T10:19:36Z,Digitizer_run1640_subrun633.csv,15,False,,,2.93,-0.4635
2026-04-09T10:19:36Z,Digitizer_run1640_subrun633.csv,16,False,,,2.67,-0.453
2026-04-09T10:19:36Z,Digitizer_run1640_subrun633.csv,17,False,,,2.58,-0.4616
2026-04-09T10:19:36Z,Digitizer_run1640_subrun633.csv,18,False,,,2.89,-0.4902
2026-04-09T10:19:36Z,Digitizer_run1640_subrun633.csv,19,False,,,2.72,-0.4851
2026-04-09T10:19:36Z,Digitizer_run1640_subrun633.csv,20,False,,,2.55,-0.428
2026-04-09T10:19:36Z,Digitizer_run1640_subrun633.csv,21,False,,,3.52,-0.4499
2026-04-09T10:19:36Z,Digitizer_run1640_subrun633.csv,22,False,,,1.63,-0.3991
2026-04-09T10:19:36Z,Digitizer_run1640_subrun633.csv,23,False,,,1.63,-0.4083
2026-04-09T10:19:36Z,Digitizer_run1640_subrun633.csv,24,False,,,3.65,-0.4887
2026-04-09T10:19:36Z,Digitizer_run1640_subrun633.csv,25,False,,,1.65,-0.429
2026-04-09T10:19:36Z,Digitizer_run1640_subrun633.csv,26,False,,,1.63,-0.4084
2026-04-09T10:19:36Z,Digitizer_run1640_subrun633.csv,27,False,,,1.63,-0.4082
2026-04-09T10:19:36Z,Digitizer_run1640_subrun633.csv,28,False,,,1.63,-0.3985
2026-04-09T10:19:36Z,Digitizer_run1640_subrun633.csv,29,False,,,1.67,-0.4238
2026-04-09T10:19:36Z,Digitizer_run1640_subrun633.csv,30,False,,,2.56,-0.46
2026-04-09T10:19:36Z,Digitizer_run1640_subrun633.csv,31,False,,,3.38,-0.4515
2026-04-09T10:19:36Z,Digitizer_run1640_subrun633.csv,34,False,,,2.36,-0.4615
2026-04-09T10:19:36Z,Digitizer_run1640_subrun633.csv,35,False,,,2.19,-0.4363
2026-04-09T10:19:36Z,Digitizer_run1640_subrun633.csv,36,False,,,2.99,-0.4901
2026-04-09T10:19:36Z,Digitizer_run1640_subrun633.csv,37,True,isolation_forest,,3.94,-0.5205
2026-04-09T10:19:36Z,Digitizer_run1640_subrun633.csv,38,False,,,1.63,-0.4189
2026-04-09T10:19:36Z,Digitizer_run1640_subrun633.csv,39,True,isolation_forest,,3.18,-0.5116
2026-04-09T10:19:36Z,Digitizer_run1640_subrun633.csv,40,False,,,2.43,-0.4382
2026-04-09T10:19:36Z,Digitizer_run1640_subrun633.csv,41,False,,,3.12,-0.46
2026-04-09T10:19:36Z,Digitizer_run1640_subrun633.csv,42,False,,,1.63,-0.414
2026-04-09T10:19:36Z,Digitizer_run1640_subrun633.csv,43,False,,,1.63,-0.3992
2026-04-09T10:19:36Z,Digitizer_run1640_subrun633.csv,44,False,,,2.0,-0.433
2026-04-09T10:19:36Z,Digitizer_run1640_subrun633.csv,45,False,,,1.63,-0.4406
2026-04-09T10:19:36Z,Digitizer_run1640_subrun633.csv,46,False,,,2.12,-0.4407
2026-04-09T10:19:36Z,Digitizer_run1640_subrun633.csv,47,False,,,1.87,-0.4253
2026-04-09T10:19:36Z,Digitizer_run1640_subrun633.csv,48,False,,,1.63,-0.4161
2026-04-09T10:19:36Z,Digitizer_run1640_subrun633.csv,49,False,,,1.63,-0.4156
2026-04-09T10:19:36Z,Digitizer_run1640_subrun633.csv,50,False,,,1.63,-0.4035
2026-04-09T10:19:36Z,Digitizer_run1640_subrun633.csv,51,False,,,1.65,-0.4138
2026-04-09T10:19:36Z,Digitizer_run1640_subrun633.csv,52,False,,,3.41,-0.474
2026-04-09T10:19:36Z,Digitizer_run1640_subrun633.csv,53,False,,,2.1,-0.4419
2026-04-09T10:19:36Z,Digitizer_run1640_subrun633.csv,54,False,,,2.28,-0.4393
2026-04-09T10:19:36Z,Digitizer_run1640_subrun633.csv,55,False,,,1.63,-0.4063
2026-04-09T10:19:36Z,Digitizer_run1640_subrun633.csv,56,False,,,2.34,-0.4514
2026-04-09T10:19:36Z,Digitizer_run1640_subrun633.csv,57,False,,,1.63,-0.425
2026-04-09T10:19:36Z,Digitizer_run1640_subrun633.csv,58,False,,,1.89,-0.4358
2026-04-09T10:19:36Z,Digitizer_run1640_subrun633.csv,59,False,,,1.72,-0.4377
2026-04-09T10:19:36Z,Digitizer_run1640_subrun633.csv,60,False,,,2.18,-0.4262
2026-04-09T10:19:36Z,Digitizer_run1640_subrun633.csv,61,False,,,2.02,-0.4295
2026-04-09T10:19:36Z,Digitizer_run1640_subrun633.csv,62,False,,,1.63,-0.4453
2026-04-09T10:19:36Z,Digitizer_run1640_subrun633.csv,63,False,,,2.18,-0.4596
2026-04-09T10:19:36Z,Digitizer_run1640_subrun633.csv,64,False,,,2.57,-0.4445
2026-04-09T10:19:36Z,Digitizer_run1640_subrun633.csv,65,False,,,3.93,-0.4876
2026-04-09T10:19:36Z,Digitizer_run1640_subrun633.csv,66,False,,,1.63,-0.41
2026-04-09T10:19:36Z,Digitizer_run1640_subrun633.csv,67,False,,,1.99,-0.4171
2026-04-09T10:19:36Z,Digitizer_run1640_subrun633.csv,68,False,,,1.63,-0.4271
2026-04-09T10:19:36Z,Digitizer_run1640_subrun633.csv,69,False,,,2.07,-0.4239
2026-04-09T10:19:36Z,Digitizer_run1640_subrun633.csv,70,False,,,1.63,-0.4162
2026-04-09T10:19:36Z,Digitizer_run1640_subrun633.csv,71,False,,,1.63,-0.4065
2026-04-09T10:19:36Z,Digitizer_run1640_subrun633.csv,72,False,,,1.63,-0.4218
2026-04-09T10:19:36Z,Digitizer_run1640_subrun633.csv,73,False,,,1.63,-0.4095
2026-04-09T10:19:36Z,Digitizer_run1640_subrun633.csv,74,False,,,1.96,-0.4541
2026-04-09T10:19:36Z,Digitizer_run1640_subrun633.csv,75,False,,,1.77,-0.4458
2026-04-09T10:19:36Z,Digitizer_run1640_subrun633.csv,76,False,,,2.3,-0.4263
2026-04-09T10:19:36Z,Digitizer_run1640_subrun633.csv,77,False,,,3.63,-0.4491
2026-04-09T10:19:36Z,Digitizer_run1640_subrun633.csv,78,False,,,1.8,-0.4345
2026-04-09T10:19:36Z,Digitizer_run1640_subrun633.csv,79,False,,,1.63,-0.4349
2026-04-09T10:19:36Z,Digitizer_run1640_subrun633.csv,80,False,,,2.34,-0.4256
2026-04-09T10:19:36Z,Digitizer_run1640_subrun633.csv,81,False,,,3.26,-0.438
2026-04-09T10:19:36Z,Digitizer_run1640_subrun633.csv,82,False,,,1.88,-0.4411
2026-04-09T10:19:36Z,Digitizer_run1640_subrun633.csv,83,False,,,2.62,-0.4513
2026-04-09T10:19:36Z,Digitizer_run1640_subrun633.csv,84,False,,,2.08,-0.4355
2026-04-09T10:19:36Z,Digitizer_run1640_subrun633.csv,85,False,,,1.74,-0.4285
2026-04-09T10:19:36Z,Digitizer_run1640_subrun633.csv,86,False,,,1.63,-0.4033
2026-04-09T10:19:36Z,Digitizer_run1640_subrun633.csv,87,False,,,1.98,-0.4293
2026-04-09T10:19:36Z,Digitizer_run1640_subrun633.csv,88,False,,,2.47,-0.4376
2026-04-09T10:19:36Z,Digitizer_run1640_subrun633.csv,89,False,,,2.64,-0.4504
2026-04-09T10:19:36Z,Digitizer_run1640_subrun633.csv,90,False,,,1.63,-0.4361
2026-04-09T10:19:36Z,Digitizer_run1640_subrun633.csv,91,False,,,1.81,-0.4576
2026-04-09T10:19:36Z,Digitizer_run1640_subrun633.csv,92,False,,,1.94,-0.4669
2026-04-09T10:19:36Z,Digitizer_run1640_subrun633.csv,93,False,,,2.26,-0.453
2026-04-09T10:19:36Z,Digitizer_run1640_subrun633.csv,94,False,,,1.75,-0.4501
2026-04-09T10:19:36Z,Digitizer_run1640_subrun633.csv,95,False,,,2.27,-0.4391
2026-04-09T10:19:39Z,Digitizer_run1637_subrun42.csv,0,False,,,2.3,-0.4199
2026-04-09T10:19:39Z,Digitizer_run1637_subrun42.csv,1,False,,,2.18,-0.3944
2026-04-09T10:19:39Z,Digitizer_run1637_subrun42.csv,2,False,,,1.99,-0.4104
2026-04-09T10:19:39Z,Digitizer_run1637_subrun42.csv,3,False,,,1.9,-0.4027
2026-04-09T10:19:39Z,Digitizer_run1637_subrun42.csv,4,False,,,1.55,-0.4024
2026-04-09T10:19:39Z,Digitizer_run1637_subrun42.csv,5,False,,,1.35,-0.3883
2026-04-09T10:19:39Z,Digitizer_run1637_subrun42.csv,6,False,,,1.4,-0.3897
2026-04-09T10:19:39Z,Digitizer_run1637_subrun42.csv,7,False,,,2.7,-0.4409
2026-04-09T10:19:39Z,Digitizer_run1637_subrun42.csv,8,True,isolation_forest,,3.29,-0.5135
2026-04-09T10:19:39Z,Digitizer_run1637_subrun42.csv,9,False,,,2.91,-0.4705
2026-04-09T10:19:39Z,Digitizer_run1637_subrun42.csv,10,False,,,1.62,-0.4026
2026-04-09T10:19:39Z,Digitizer_run1637_subrun42.csv,11,False,,,1.52,-0.4211
2026-04-09T10:19:39Z,Digitizer_run1637_subrun42.csv,12,False,,,1.93,-0.4281
2026-04-09T10:19:39Z,Digitizer_run1637_subrun42.csv,13,False,,,2.45,-0.4576
2026-04-09T10:19:39Z,Digitizer_run1637_subrun42.csv,14,False,,,1.44,-0.3837
2026-04-09T10:19:39Z,Digitizer_run1637_subrun42.csv,15,False,,,1.22,-0.3815
2026-04-09T10:19:39Z,Digitizer_run1637_subrun42.csv,16,False,,,2.13,-0.4298
2026-04-09T10:19:39Z,Digitizer_run1637_subrun42.csv,17,False,,,1.68,-0.4044
2026-04-09T10:19:39Z,Digitizer_run1637_subrun42.csv,18,False,,,2.48,-0.399
2026-04-09T10:19:39Z,Digitizer_run1637_subrun42.csv,19,False,,,1.39,-0.3906
2026-04-09T10:19:39Z,Digitizer_run1637_subrun42.csv,20,False,,,3.71,-0.4425
2026-04-09T10:19:39Z,Digitizer_run1637_subrun42.csv,21,False,,,1.6,-0.4107
2026-04-09T10:19:39Z,Digitizer_run1637_subrun42.csv,22,False,,,2.11,-0.3976
2026-04-09T10:19:39Z,Digitizer_run1637_subrun42.csv,23,False,,,2.53,-0.3994
2026-04-09T10:19:39Z,Digitizer_run1637_subrun42.csv,24,False,,,3.24,-0.4225
2026-04-09T10:19:39Z,Digitizer_run1637_subrun42.csv,25,False,,,2.63,-0.4771
2026-04-09T10:19:39Z,Digitizer_run1637_subrun42.csv,26,False,,,1.87,-0.4439
2026-04-09T10:19:39Z,Digitizer_run1637_subrun42.csv,27,False,,,1.52,-0.4078
2026-04-09T10:19:39Z,Digitizer_run1637_subrun42.csv,28,False,,,1.68,-0.4146
2026-04-09T10:19:39Z,Digitizer_run1637_subrun42.csv,29,False,,,3.29,-0.4323
2026-04-09T10:19:39Z,Digitizer_run1637_subrun42.csv,30,False,,,1.73,-0.4105
2026-04-09T10:19:39Z,Digitizer_run1637_subrun42.csv,31,False,,,1.29,-0.3909
2026-04-09T10:19:39Z,Digitizer_run1637_subrun42.csv,32,False,,,2.35,-0.431
2026-04-09T10:19:39Z,Digitizer_run1637_subrun42.csv,33,False,,,2.21,-0.431
2026-04-09T10:19:39Z,Digitizer_run1637_subrun42.csv,34,False,,,2.24,-0.4436
2026-04-09T10:19:39Z,Digitizer_run1637_subrun42.csv,35,False,,,3.13,-0.4491
2026-04-09T10:19:39Z,Digitizer_run1637_subrun42.csv,36,False,,,2.16,-0.4133
2026-04-09T10:19:39Z,Digitizer_run1637_subrun42.csv,37,False,,,1.85,-0.403
2026-04-09T10:19:39Z,Digitizer_run1637_subrun42.csv,38,False,,,2.3,-0.4239
2026-04-09T10:19:39Z,Digitizer_run1637_subrun42.csv,39,False,,,1.63,-0.4057
2026-04-09T10:19:39Z,Digitizer_run1637_subrun42.csv,40,False,,,1.51,-0.3939
2026-04-09T10:19:39Z,Digitizer_run1637_subrun42.csv,41,False,,,1.49,-0.3939
2026-04-09T10:19:39Z,Digitizer_run1637_subrun42.csv,42,False,,,2.72,-0.4476
2026-04-09T10:19:39Z,Digitizer_run1637_subrun42.csv,43,False,,,1.94,-0.4238
2026-04-09T10:19:39Z,Digitizer_run1637_subrun42.csv,44,False,,,2.08,-0.398
2026-04-09T10:19:39Z,Digitizer_run1637_subrun42.csv,45,False,,,1.98,-0.4161
2026-04-09T10:19:39Z,Digitizer_run1637_subrun42.csv,46,False,,,2.96,-0.4244
2026-04-09T10:19:39Z,Digitizer_run1637_subrun42.csv,47,False,,,2.63,-0.4061
2026-04-09T10:19:39Z,Digitizer_run1637_subrun42.csv,48,False,,,2.82,-0.4807
2026-04-09T10:19:39Z,Digitizer_run1637_subrun42.csv,49,False,,,2.76,-0.4796
2026-04-09T10:19:39Z,Digitizer_run1637_subrun42.csv,50,False,,,1.89,-0.4276
2026-04-09T10:19:39Z,Digitizer_run1637_subrun42.csv,51,False,,,2.58,-0.434
2026-04-09T10:19:39Z,Digitizer_run1637_subrun42.csv,52,False,,,1.95,-0.4024
2026-04-09T10:19:39Z,Digitizer_run1637_subrun42.csv,53,False,,,1.84,-0.4232
2026-04-09T10:19:39Z,Digitizer_run1637_subrun42.csv,54,False,,,4.17,-0.4414
2026-04-09T10:19:39Z,Digitizer_run1637_subrun42.csv,55,False,,,3.84,-0.4376
2026-04-09T10:19:39Z,Digitizer_run1637_subrun42.csv,56,False,,,1.29,-0.3966
2026-04-09T10:19:39Z,Digitizer_run1637_subrun42.csv,57,False,,,2.18,-0.4165
2026-04-09T10:19:39Z,Digitizer_run1637_subrun42.csv,58,False,,,1.5,-0.4151
2026-04-09T10:19:39Z,Digitizer_run1637_subrun42.csv,59,False,,,2.06,-0.4097
2026-04-09T10:19:39Z,Digitizer_run1637_subrun42.csv,60,False,,,2.34,-0.4159
2026-04-09T10:19:39Z,Digitizer_run1637_subrun42.csv,61,False,,,1.24,-0.3915
2026-04-09T10:19:39Z,Digitizer_run1637_subrun42.csv,62,False,,,2.34,-0.4559
2026-04-09T10:19:39Z,Digitizer_run1637_subrun42.csv,63,False,,,2.63,-0.4146
2026-04-09T10:19:39Z,Digitizer_run1637_subrun42.csv,64,False,,,1.33,-0.3883
2026-04-09T10:19:39Z,Digitizer_run1637_subrun42.csv,65,False,,,1.38,-0.3895
2026-04-09T10:19:39Z,Digitizer_run1637_subrun42.csv,66,False,,,1.49,-0.3987
2026-04-09T10:19:39Z,Digitizer_run1637_subrun42.csv,67,False,,,1.6,-0.3936
2026-04-09T10:19:39Z,Digitizer_run1637_subrun42.csv,68,False,,,1.9,-0.4167
2026-04-09T10:19:39Z,Digitizer_run1637_subrun42.csv,69,False,,,1.04,-0.3892
2026-04-09T10:19:39Z,Digitizer_run1637_subrun42.csv,70,False,,,1.91,-0.4212
2026-04-09T10:19:39Z,Digitizer_run1637_subrun42.csv,71,False,,,1.05,-0.3856
2026-04-09T10:19:39Z,Digitizer_run1637_subrun42.csv,72,False,,,1.79,-0.4068
2026-04-09T10:19:39Z,Digitizer_run1637_subrun42.csv,73,False,,,1.91,-0.4091
2026-04-09T10:19:39Z,Digitizer_run1637_subrun42.csv,74,False,,,1.62,-0.4137
2026-04-09T10:19:39Z,Digitizer_run1637_subrun42.csv,75,False,,,1.76,-0.3912
2026-04-09T10:19:39Z,Digitizer_run1637_subrun42.csv,76,False,,,2.06,-0.426
2026-04-09T10:19:39Z,Digitizer_run1637_subrun42.csv,77,False,,,1.89,-0.4573
2026-04-09T10:19:39Z,Digitizer_run1637_subrun42.csv,78,False,,,2.1,-0.4214
2026-04-09T10:19:39Z,Digitizer_run1637_subrun42.csv,79,False,,,2.03,-0.4039
2026-04-09T10:19:39Z,Digitizer_run1637_subrun42.csv,80,False,,,2.55,-0.4087
2026-04-09T10:19:39Z,Digitizer_run1637_subrun42.csv,81,False,,,2.58,-0.447
2026-04-09T10:19:39Z,Digitizer_run1637_subrun42.csv,82,False,,,1.84,-0.4296
2026-04-09T10:19:39Z,Digitizer_run1637_subrun42.csv,83,False,,,2.18,-0.4146
2026-04-09T10:19:39Z,Digitizer_run1637_subrun42.csv,84,False,,,1.19,-0.3933
2026-04-09T10:19:39Z,Digitizer_run1637_subrun42.csv,85,False,,,1.67,-0.3942
2026-04-09T10:19:39Z,Digitizer_run1637_subrun42.csv,86,False,,,2.45,-0.4398
2026-04-09T10:19:39Z,Digitizer_run1637_subrun42.csv,87,False,,,2.08,-0.4363
2026-04-09T10:19:39Z,Digitizer_run1637_subrun42.csv,88,False,,,2.13,-0.4134
2026-04-09T10:19:39Z,Digitizer_run1637_subrun42.csv,89,False,,,2.05,-0.4549
2026-04-09T10:19:39Z,Digitizer_run1637_subrun42.csv,90,False,,,2.33,-0.4543
2026-04-09T10:19:39Z,Digitizer_run1637_subrun42.csv,91,False,,,3.16,-0.4803
2026-04-09T10:19:39Z,Digitizer_run1637_subrun42.csv,92,False,,,1.59,-0.4352
2026-04-09T10:19:39Z,Digitizer_run1637_subrun42.csv,93,False,,,2.02,-0.4529
2026-04-09T10:19:39Z,Digitizer_run1637_subrun42.csv,94,False,,,1.12,-0.4123
2026-04-09T10:19:39Z,Digitizer_run1637_subrun42.csv,95,False,,,2.08,-0.4544
2026-04-09T10:19:42Z,Digitizer_run1640_subrun532.csv,0,False,,,1.48,-0.4234
2026-04-09T10:19:42Z,Digitizer_run1640_subrun532.csv,1,False,,,1.48,-0.4049
2026-04-09T10:19:42Z,Digitizer_run1640_subrun532.csv,2,False,,,1.59,-0.4133
2026-04-09T10:19:42Z,Digitizer_run1640_subrun532.csv,3,False,,,2.17,-0.4279
2026-04-09T10:19:42Z,Digitizer_run1640_subrun532.csv,4,False,,,3.42,-0.4837
2026-04-09T10:19:42Z,Digitizer_run1640_subrun532.csv,5,False,,,3.12,-0.4692
2026-04-09T10:19:42Z,Digitizer_run1640_subrun532.csv,6,True,statistical+IF,nPulses_median,500000.0,-0.5022
2026-04-09T10:19:42Z,Digitizer_run1640_subrun532.csv,7,False,,,1.48,-0.3962
2026-04-09T10:19:42Z,Digitizer_run1640_subrun532.csv,8,False,,,1.68,-0.4276
2026-04-09T10:19:42Z,Digitizer_run1640_subrun532.csv,9,False,,,1.83,-0.4227
2026-04-09T10:19:42Z,Digitizer_run1640_subrun532.csv,10,False,,,1.98,-0.4401
2026-04-09T10:19:42Z,Digitizer_run1640_subrun532.csv,11,False,,,1.63,-0.4506
2026-04-09T10:19:42Z,Digitizer_run1640_subrun532.csv,12,False,,,2.53,-0.4691
2026-04-09T10:19:42Z,Digitizer_run1640_subrun532.csv,13,False,,,1.84,-0.4594
2026-04-09T10:19:42Z,Digitizer_run1640_subrun532.csv,14,False,,,2.76,-0.4553
2026-04-09T10:19:42Z,Digitizer_run1640_subrun532.csv,15,False,,,1.52,-0.4296
2026-04-09T10:19:42Z,Digitizer_run1640_subrun532.csv,16,False,,,2.13,-0.4443
2026-04-09T10:19:42Z,Digitizer_run1640_subrun532.csv,17,False,,,1.48,-0.4155
2026-04-09T10:19:42Z,Digitizer_run1640_subrun532.csv,18,False,,,1.91,-0.4324
2026-04-09T10:19:42Z,Digitizer_run1640_subrun532.csv,19,False,,,2.07,-0.4268
2026-04-09T10:19:42Z,Digitizer_run1640_subrun532.csv,20,False,,,1.5,-0.4353
2026-04-09T10:19:42Z,Digitizer_run1640_subrun532.csv,21,False,,,1.48,-0.4104
2026-04-09T10:19:42Z,Digitizer_run1640_subrun532.csv,22,False,,,3.05,-0.4392
2026-04-09T10:19:42Z,Digitizer_run1640_subrun532.csv,23,False,,,1.48,-0.4159
2026-04-09T10:19:42Z,Digitizer_run1640_subrun532.csv,24,False,,,1.61,-0.4197
2026-04-09T10:19:42Z,Digitizer_run1640_subrun532.csv,25,False,,,1.48,-0.418
2026-04-09T10:19:42Z,Digitizer_run1640_subrun532.csv,26,False,,,1.48,-0.414
2026-04-09T10:19:42Z,Digitizer_run1640_subrun532.csv,27,False,,,1.48,-0.4091
2026-04-09T10:19:42Z,Digitizer_run1640_subrun532.csv,28,False,,,1.75,-0.465
2026-04-09T10:19:42Z,Digitizer_run1640_subrun532.csv,29,False,,,1.64,-0.4421
2026-04-09T10:19:42Z,Digitizer_run1640_subrun532.csv,30,False,,,3.39,-0.4754
2026-04-09T10:19:42Z,Digitizer_run1640_subrun532.csv,31,False,,,3.8,-0.4697
2026-04-09T10:19:42Z,Digitizer_run1640_subrun532.csv,34,False,,,2.9,-0.4705
2026-04-09T10:19:42Z,Digitizer_run1640_subrun532.csv,35,False,,,1.77,-0.4425
2026-04-09T10:19:42Z,Digitizer_run1640_subrun532.csv,36,False,,,1.48,-0.4175
2026-04-09T10:19:42Z,Digitizer_run1640_subrun532.csv,37,False,,,2.4,-0.4773
2026-04-09T10:19:42Z,Digitizer_run1640_subrun532.csv,38,False,,,2.01,-0.442
2026-04-09T10:19:42Z,Digitizer_run1640_subrun532.csv,39,False,,,2.68,-0.4092
2026-04-09T10:19:42Z,Digitizer_run1640_subrun532.csv,40,False,,,1.75,-0.4053
2026-04-09T10:19:42Z,Digitizer_run1640_subrun532.csv,41,False,,,1.49,-0.4208
2026-04-09T10:19:42Z,Digitizer_run1640_subrun532.csv,42,False,,,1.86,-0.4421
2026-04-09T10:19:42Z,Digitizer_run1640_subrun532.csv,43,False,,,1.63,-0.4325
2026-04-09T10:19:42Z,Digitizer_run1640_subrun532.csv,44,False,,,1.71,-0.4302
2026-04-09T10:19:42Z,Digitizer_run1640_subrun532.csv,45,False,,,1.99,-0.4361
2026-04-09T10:19:42Z,Digitizer_run1640_subrun532.csv,46,False,,,2.33,-0.4524
2026-04-09T10:19:42Z,Digitizer_run1640_subrun532.csv,47,False,,,3.01,-0.4608
2026-04-09T10:19:42Z,Digitizer_run1640_subrun532.csv,48,False,,,1.53,-0.41
2026-04-09T10:19:42Z,Digitizer_run1640_subrun532.csv,49,False,,,1.48,-0.4227
2026-04-09T10:19:42Z,Digitizer_run1640_subrun532.csv,50,False,,,3.77,-0.4831
2026-04-09T10:19:42Z,Digitizer_run1640_subrun532.csv,51,False,,,1.83,-0.4149
2026-04-09T10:19:42Z,Digitizer_run1640_subrun532.csv,52,False,,,1.48,-0.4218
2026-04-09T10:19:42Z,Digitizer_run1640_subrun532.csv,53,False,,,1.97,-0.4415
2026-04-09T10:19:42Z,Digitizer_run1640_subrun532.csv,54,False,,,1.48,-0.4196
2026-04-09T10:19:42Z,Digitizer_run1640_subrun532.csv,55,False,,,1.86,-0.4239
2026-04-09T10:19:42Z,Digitizer_run1640_subrun532.csv,56,True,isolation_forest,,3.34,-0.4939
2026-04-09T10:19:42Z,Digitizer_run1640_subrun532.csv,57,False,,,2.52,-0.4572
2026-04-09T10:19:42Z,Digitizer_run1640_subrun532.csv,58,False,,,1.86,-0.4337
2026-04-09T10:19:42Z,Digitizer_run1640_subrun532.csv,59,False,,,2.62,-0.4677
2026-04-09T10:19:42Z,Digitizer_run1640_subrun532.csv,60,False,,,1.79,-0.4305
2026-04-09T10:19:42Z,Digitizer_run1640_subrun532.csv,61,False,,,1.5,-0.4153
2026-04-09T10:19:42Z,Digitizer_run1640_subrun532.csv,62,False,,,3.16,-0.4663
2026-04-09T10:19:42Z,Digitizer_run1640_subrun532.csv,63,False,,,2.8,-0.459
2026-04-09T10:19:42Z,Digitizer_run1640_subrun532.csv,64,False,,,1.48,-0.4251
2026-04-09T10:19:42Z,Digitizer_run1640_subrun532.csv,65,False,,,1.5,-0.4367
2026-04-09T10:19:42Z,Digitizer_run1640_subrun532.csv,66,False,,,2.05,-0.4463
2026-04-09T10:19:42Z,Digitizer_run1640_subrun532.csv,67,False,,,1.78,-0.434
2026-04-09T10:19:42Z,Digitizer_run1640_subrun532.csv,68,False,,,1.48,-0.4354
2026-04-09T10:19:42Z,Digitizer_run1640_subrun532.csv,69,False,,,2.27,-0.4683
2026-04-09T10:19:42Z,Digitizer_run1640_subrun532.csv,70,False,,,2.05,-0.418
2026-04-09T10:19:42Z,Digitizer_run1640_subrun532.csv,71,False,,,1.67,-0.4228
2026-04-09T10:19:42Z,Digitizer_run1640_subrun532.csv,72,False,,,2.03,-0.4529
2026-04-09T10:19:42Z,Digitizer_run1640_subrun532.csv,73,False,,,2.63,-0.4575
2026-04-09T10:19:42Z,Digitizer_run1640_subrun532.csv,74,False,,,3.2,-0.44
2026-04-09T10:19:42Z,Digitizer_run1640_subrun532.csv,75,False,,,3.54,-0.4388
2026-04-09T10:19:42Z,Digitizer_run1640_subrun532.csv,76,False,,,2.88,-0.469
2026-04-09T10:19:42Z,Digitizer_run1640_subrun532.csv,77,False,,,2.04,-0.4378
2026-04-09T10:19:42Z,Digitizer_run1640_subrun532.csv,78,False,,,1.61,-0.418
2026-04-09T10:19:42Z,Digitizer_run1640_subrun532.csv,79,False,,,1.69,-0.4166
2026-04-09T10:19:42Z,Digitizer_run1640_subrun532.csv,80,False,,,2.01,-0.4409
2026-04-09T10:19:42Z,Digitizer_run1640_subrun532.csv,81,True,isolation_forest,,3.56,-0.5049
2026-04-09T10:19:42Z,Digitizer_run1640_subrun532.csv,82,False,,,1.85,-0.4332
2026-04-09T10:19:42Z,Digitizer_run1640_subrun532.csv,83,False,,,2.06,-0.4222
2026-04-09T10:19:42Z,Digitizer_run1640_subrun532.csv,84,False,,,2.94,-0.4311
2026-04-09T10:19:42Z,Digitizer_run1640_subrun532.csv,85,False,,,1.48,-0.4007
2026-04-09T10:19:42Z,Digitizer_run1640_subrun532.csv,86,False,,,2.27,-0.4396
2026-04-09T10:19:42Z,Digitizer_run1640_subrun532.csv,87,False,,,2.98,-0.4368
2026-04-09T10:19:42Z,Digitizer_run1640_subrun532.csv,88,False,,,2.35,-0.4123
2026-04-09T10:19:42Z,Digitizer_run1640_subrun532.csv,89,False,,,2.29,-0.4317
2026-04-09T10:19:42Z,Digitizer_run1640_subrun532.csv,90,False,,,1.66,-0.4295
2026-04-09T10:19:42Z,Digitizer_run1640_subrun532.csv,91,False,,,1.73,-0.4249
2026-04-09T10:19:42Z,Digitizer_run1640_subrun532.csv,92,True,isolation_forest,,2.08,-0.4956
2026-04-09T10:19:42Z,Digitizer_run1640_subrun532.csv,93,False,,,4.21,-0.4598
2026-04-09T10:19:42Z,Digitizer_run1640_subrun532.csv,94,False,,,2.69,-0.449
2026-04-09T10:19:42Z,Digitizer_run1640_subrun532.csv,95,False,,,1.78,-0.435
2026-04-09T10:19:45Z,Digitizer_run1637_subrun280.csv,0,False,,,2.91,-0.4732
2026-04-09T10:19:45Z,Digitizer_run1637_subrun280.csv,1,False,,,2.7,-0.4423
2026-04-09T10:19:45Z,Digitizer_run1637_subrun280.csv,2,False,,,2.0,-0.4255
2026-04-09T10:19:45Z,Digitizer_run1637_subrun280.csv,3,False,,,1.52,-0.4148
2026-04-09T10:19:45Z,Digitizer_run1637_subrun280.csv,4,False,,,3.76,-0.4457
2026-04-09T10:19:45Z,Digitizer_run1637_subrun280.csv,5,False,,,2.97,-0.4282
2026-04-09T10:19:45Z,Digitizer_run1637_subrun280.csv,6,False,,,1.71,-0.4076
2026-04-09T10:19:45Z,Digitizer_run1637_subrun280.csv,7,False,,,2.72,-0.44
2026-04-09T10:19:45Z,Digitizer_run1637_subrun280.csv,8,False,,,1.7,-0.4384
2026-04-09T10:19:45Z,Digitizer_run1637_subrun280.csv,9,False,,,1.97,-0.4398
2026-04-09T10:19:45Z,Digitizer_run1637_subrun280.csv,10,False,,,2.43,-0.4445
2026-04-09T10:19:45Z,Digitizer_run1637_subrun280.csv,11,False,,,3.32,-0.4478
2026-04-09T10:19:45Z,Digitizer_run1637_subrun280.csv,12,False,,,1.52,-0.4088
2026-04-09T10:19:45Z,Digitizer_run1637_subrun280.csv,13,False,,,3.08,-0.4212
2026-04-09T10:19:45Z,Digitizer_run1637_subrun280.csv,14,False,,,3.63,-0.4828
2026-04-09T10:19:45Z,Digitizer_run1637_subrun280.csv,15,False,,,3.01,-0.4424
2026-04-09T10:19:45Z,Digitizer_run1637_subrun280.csv,16,False,,,2.85,-0.4435
2026-04-09T10:19:45Z,Digitizer_run1637_subrun280.csv,17,False,,,2.97,-0.4639
2026-04-09T10:19:45Z,Digitizer_run1637_subrun280.csv,18,False,,,1.86,-0.3949
2026-04-09T10:19:45Z,Digitizer_run1637_subrun280.csv,19,False,,,1.67,-0.4344
2026-04-09T10:19:45Z,Digitizer_run1637_subrun280.csv,20,False,,,2.51,-0.4672
2026-04-09T10:19:45Z,Digitizer_run1637_subrun280.csv,21,False,,,3.27,-0.4536
2026-04-09T10:19:45Z,Digitizer_run1637_subrun280.csv,22,False,,,2.19,-0.4129
2026-04-09T10:19:45Z,Digitizer_run1637_subrun280.csv,23,False,,,2.26,-0.4297
2026-04-09T10:19:45Z,Digitizer_run1637_subrun280.csv,24,True,isolation_forest,,3.65,-0.4928
2026-04-09T10:19:45Z,Digitizer_run1637_subrun280.csv,25,False,,,1.89,-0.428
2026-04-09T10:19:45Z,Digitizer_run1637_subrun280.csv,26,False,,,2.22,-0.4468
2026-04-09T10:19:45Z,Digitizer_run1637_subrun280.csv,27,False,,,2.42,-0.4503
2026-04-09T10:19:45Z,Digitizer_run1637_subrun280.csv,28,False,,,1.92,-0.4458
2026-04-09T10:19:45Z,Digitizer_run1637_subrun280.csv,29,False,,,1.88,-0.4306
2026-04-09T10:19:45Z,Digitizer_run1637_subrun280.csv,30,False,,,2.73,-0.4193
2026-04-09T10:19:45Z,Digitizer_run1637_subrun280.csv,31,False,,,2.77,-0.41
2026-04-09T10:19:45Z,Digitizer_run1637_subrun280.csv,32,False,,,2.69,-0.4352
2026-04-09T10:19:45Z,Digitizer_run1637_subrun280.csv,33,False,,,1.93,-0.4078
2026-04-09T10:19:45Z,Digitizer_run1637_subrun280.csv,34,False,,,1.77,-0.4254
2026-04-09T10:19:45Z,Digitizer_run1637_subrun280.csv,35,False,,,1.94,-0.4153
2026-04-09T10:19:45Z,Digitizer_run1637_subrun280.csv,36,False,,,1.54,-0.3947
2026-04-09T10:19:45Z,Digitizer_run1637_subrun280.csv,37,False,,,1.83,-0.3987
2026-04-09T10:19:45Z,Digitizer_run1637_subrun280.csv,38,False,,,1.8,-0.4023
2026-04-09T10:19:45Z,Digitizer_run1637_subrun280.csv,39,False,,,2.06,-0.432
2026-04-09T10:19:45Z,Digitizer_run1637_subrun280.csv,40,False,,,3.13,-0.4578
2026-04-09T10:19:45Z,Digitizer_run1637_subrun280.csv,41,False,,,2.89,-0.4394
2026-04-09T10:19:45Z,Digitizer_run1637_subrun280.csv,42,False,,,2.02,-0.4058
2026-04-09T10:19:45Z,Digitizer_run1637_subrun280.csv,43,False,,,1.52,-0.4025
2026-04-09T10:19:45Z,Digitizer_run1637_subrun280.csv,44,False,,,3.68,-0.4636
2026-04-09T10:19:45Z,Digitizer_run1637_subrun280.csv,45,False,,,3.36,-0.4357
2026-04-09T10:19:45Z,Digitizer_run1637_subrun280.csv,46,False,,,1.67,-0.4319
2026-04-09T10:19:45Z,Digitizer_run1637_subrun280.csv,47,False,,,1.95,-0.4207
2026-04-09T10:19:45Z,Digitizer_run1637_subrun280.csv,48,False,,,2.23,-0.4529
2026-04-09T10:19:45Z,Digitizer_run1637_subrun280.csv,49,False,,,2.15,-0.4355
2026-04-09T10:19:45Z,Digitizer_run1637_subrun280.csv,50,False,,,1.55,-0.4053
2026-04-09T10:19:45Z,Digitizer_run1637_subrun280.csv,51,False,,,1.78,-0.4145
2026-04-09T10:19:45Z,Digitizer_run1637_subrun280.csv,52,False,,,1.81,-0.4378
2026-04-09T10:19:45Z,Digitizer_run1637_subrun280.csv,53,False,,,2.67,-0.4756
2026-04-09T10:19:45Z,Digitizer_run1637_subrun280.csv,54,False,,,3.92,-0.435
2026-04-09T10:19:45Z,Digitizer_run1637_subrun280.csv,55,False,,,1.59,-0.3985
2026-04-09T10:19:45Z,Digitizer_run1637_subrun280.csv,56,False,,,2.35,-0.447
2026-04-09T10:19:45Z,Digitizer_run1637_subrun280.csv,57,False,,,1.95,-0.4571
2026-04-09T10:19:45Z,Digitizer_run1637_subrun280.csv,58,False,,,1.52,-0.4037
2026-04-09T10:19:45Z,Digitizer_run1637_subrun280.csv,59,False,,,1.68,-0.3923
2026-04-09T10:19:45Z,Digitizer_run1637_subrun280.csv,60,False,,,2.56,-0.4324
2026-04-09T10:19:45Z,Digitizer_run1637_subrun280.csv,61,False,,,2.95,-0.4229
2026-04-09T10:19:45Z,Digitizer_run1637_subrun280.csv,62,False,,,2.14,-0.4148
2026-04-09T10:19:45Z,Digitizer_run1637_subrun280.csv,63,False,,,1.69,-0.421
2026-04-09T10:19:45Z,Digitizer_run1637_subrun280.csv,64,False,,,3.02,-0.4378
2026-04-09T10:19:45Z,Digitizer_run1637_subrun280.csv,65,False,,,2.05,-0.3985
2026-04-09T10:19:45Z,Digitizer_run1637_subrun280.csv,66,False,,,2.21,-0.4159
2026-04-09T10:19:45Z,Digitizer_run1637_subrun280.csv,67,False,,,1.99,-0.4273
2026-04-09T10:19:45Z,Digitizer_run1637_subrun280.csv,68,False,,,3.01,-0.4601
2026-04-09T10:19:45Z,Digitizer_run1637_subrun280.csv,69,False,,,2.43,-0.4509
2026-04-09T10:19:45Z,Digitizer_run1637_subrun280.csv,70,False,,,1.52,-0.4022
2026-04-09T10:19:45Z,Digitizer_run1637_subrun280.csv,71,False,,,1.52,-0.4092
2026-04-09T10:19:45Z,Digitizer_run1637_subrun280.csv,72,False,,,1.94,-0.4153
2026-04-09T10:19:45Z,Digitizer_run1637_subrun280.csv,73,False,,,2.47,-0.4463
2026-04-09T10:19:45Z,Digitizer_run1637_subrun280.csv,74,False,,,2.93,-0.4387
2026-04-09T10:19:45Z,Digitizer_run1637_subrun280.csv,75,False,,,3.24,-0.4788
2026-04-09T10:19:45Z,Digitizer_run1637_subrun280.csv,76,False,,,3.58,-0.4354
2026-04-09T10:19:45Z,Digitizer_run1637_subrun280.csv,77,False,,,2.65,-0.4143
2026-04-09T10:19:45Z,Digitizer_run1637_subrun280.csv,78,False,,,1.72,-0.4199
2026-04-09T10:19:45Z,Digitizer_run1637_subrun280.csv,79,False,,,2.68,-0.4177
2026-04-09T10:19:45Z,Digitizer_run1637_subrun280.csv,80,False,,,1.94,-0.4132
2026-04-09T10:19:45Z,Digitizer_run1637_subrun280.csv,81,False,,,1.52,-0.4162
2026-04-09T10:19:45Z,Digitizer_run1637_subrun280.csv,82,False,,,1.52,-0.4072
2026-04-09T10:19:45Z,Digitizer_run1637_subrun280.csv,83,False,,,1.61,-0.4094
2026-04-09T10:19:45Z,Digitizer_run1637_subrun280.csv,84,False,,,2.3,-0.4449
2026-04-09T10:19:45Z,Digitizer_run1637_subrun280.csv,85,False,,,2.07,-0.4426
2026-04-09T10:19:45Z,Digitizer_run1637_subrun280.csv,86,False,,,2.14,-0.4174
2026-04-09T10:19:45Z,Digitizer_run1637_subrun280.csv,87,False,,,3.46,-0.4362
2026-04-09T10:19:45Z,Digitizer_run1637_subrun280.csv,88,False,,,1.94,-0.4323
2026-04-09T10:19:45Z,Digitizer_run1637_subrun280.csv,89,False,,,1.6,-0.4281
2026-04-09T10:19:45Z,Digitizer_run1637_subrun280.csv,90,False,,,2.31,-0.4752
2026-04-09T10:19:45Z,Digitizer_run1637_subrun280.csv,91,False,,,2.47,-0.4374
2026-04-09T10:19:45Z,Digitizer_run1637_subrun280.csv,92,False,,,3.03,-0.4817
2026-04-09T10:19:45Z,Digitizer_run1637_subrun280.csv,93,False,,,2.58,-0.4567
2026-04-09T10:19:45Z,Digitizer_run1637_subrun280.csv,94,False,,,2.51,-0.4534
2026-04-09T10:19:45Z,Digitizer_run1637_subrun280.csv,95,False,,,1.69,-0.4406
2026-04-09T10:19:48Z,Digitizer_run1640_subrun657.csv,0,False,,,2.42,-0.4227
2026-04-09T10:19:48Z,Digitizer_run1640_subrun657.csv,1,False,,,2.42,-0.41
2026-04-09T10:19:48Z,Digitizer_run1640_subrun657.csv,2,False,,,2.42,-0.4131
2026-04-09T10:19:48Z,Digitizer_run1640_subrun657.csv,3,False,,,2.42,-0.4397
2026-04-09T10:19:48Z,Digitizer_run1640_subrun657.csv,4,False,,,3.7,-0.4597
2026-04-09T10:19:48Z,Digitizer_run1640_subrun657.csv,5,True,isolation_forest,,2.89,-0.5015
2026-04-09T10:19:48Z,Digitizer_run1640_subrun657.csv,6,False,,,2.49,-0.4332
2026-04-09T10:19:48Z,Digitizer_run1640_subrun657.csv,7,False,,,2.42,-0.4402
2026-04-09T10:19:48Z,Digitizer_run1640_subrun657.csv,8,False,,,2.42,-0.4561
2026-04-09T10:19:48Z,Digitizer_run1640_subrun657.csv,9,False,,,2.42,-0.4714
2026-04-09T10:19:48Z,Digitizer_run1640_subrun657.csv,10,False,,,2.42,-0.4366
2026-04-09T10:19:48Z,Digitizer_run1640_subrun657.csv,11,False,,,2.42,-0.4479
2026-04-09T10:19:48Z,Digitizer_run1640_subrun657.csv,12,False,,,2.42,-0.4099
2026-04-09T10:19:48Z,Digitizer_run1640_subrun657.csv,13,False,,,2.42,-0.4062
2026-04-09T10:19:48Z,Digitizer_run1640_subrun657.csv,14,False,,,2.42,-0.4305
2026-04-09T10:19:48Z,Digitizer_run1640_subrun657.csv,15,False,,,2.42,-0.451
2026-04-09T10:19:48Z,Digitizer_run1640_subrun657.csv,16,False,,,2.42,-0.4158
2026-04-09T10:19:48Z,Digitizer_run1640_subrun657.csv,17,False,,,2.42,-0.4229
2026-04-09T10:19:48Z,Digitizer_run1640_subrun657.csv,18,False,,,2.42,-0.4253
2026-04-09T10:19:48Z,Digitizer_run1640_subrun657.csv,19,False,,,2.42,-0.4271
2026-04-09T10:19:48Z,Digitizer_run1640_subrun657.csv,20,False,,,2.42,-0.4299
2026-04-09T10:19:48Z,Digitizer_run1640_subrun657.csv,21,False,,,2.42,-0.4428
2026-04-09T10:19:48Z,Digitizer_run1640_subrun657.csv,22,False,,,2.42,-0.4505
2026-04-09T10:19:48Z,Digitizer_run1640_subrun657.csv,23,False,,,3.43,-0.4614
2026-04-09T10:19:48Z,Digitizer_run1640_subrun657.csv,24,False,,,2.42,-0.433
2026-04-09T10:19:48Z,Digitizer_run1640_subrun657.csv,25,False,,,2.42,-0.4387
2026-04-09T10:19:48Z,Digitizer_run1640_subrun657.csv,26,False,,,2.42,-0.4109
2026-04-09T10:19:48Z,Digitizer_run1640_subrun657.csv,27,False,,,2.63,-0.4196
2026-04-09T10:19:48Z,Digitizer_run1640_subrun657.csv,28,False,,,2.42,-0.4318
2026-04-09T10:19:48Z,Digitizer_run1640_subrun657.csv,29,False,,,2.47,-0.449
2026-04-09T10:19:48Z,Digitizer_run1640_subrun657.csv,30,False,,,2.42,-0.4237
2026-04-09T10:19:48Z,Digitizer_run1640_subrun657.csv,31,False,,,2.42,-0.4242
2026-04-09T10:19:48Z,Digitizer_run1640_subrun657.csv,34,True,statistical,pulseHeight_min_median,5.16,-0.4623
2026-04-09T10:19:48Z,Digitizer_run1640_subrun657.csv,35,False,,,2.42,-0.4222
2026-04-09T10:19:48Z,Digitizer_run1640_subrun657.csv,36,False,,,2.42,-0.4327
2026-04-09T10:19:48Z,Digitizer_run1640_subrun657.csv,37,False,,,2.42,-0.4406
2026-04-09T10:19:48Z,Digitizer_run1640_subrun657.csv,38,False,,,2.42,-0.4115
2026-04-09T10:19:48Z,Digitizer_run1640_subrun657.csv,39,False,,,2.42,-0.4068
2026-04-09T10:19:48Z,Digitizer_run1640_subrun657.csv,40,False,,,2.42,-0.4427
2026-04-09T10:19:48Z,Digitizer_run1640_subrun657.csv,41,False,,,2.42,-0.4041
2026-04-09T10:19:48Z,Digitizer_run1640_subrun657.csv,42,False,,,2.42,-0.4248
2026-04-09T10:19:48Z,Digitizer_run1640_subrun657.csv,43,False,,,2.42,-0.4304
2026-04-09T10:19:48Z,Digitizer_run1640_subrun657.csv,44,False,,,2.42,-0.4059
2026-04-09T10:19:48Z,Digitizer_run1640_subrun657.csv,45,False,,,2.42,-0.4257
2026-04-09T10:19:48Z,Digitizer_run1640_subrun657.csv,46,False,,,2.42,-0.4398
2026-04-09T10:19:48Z,Digitizer_run1640_subrun657.csv,47,False,,,2.42,-0.4202
2026-04-09T10:19:48Z,Digitizer_run1640_subrun657.csv,48,False,,,2.42,-0.4098
2026-04-09T10:19:48Z,Digitizer_run1640_subrun657.csv,49,False,,,2.51,-0.4758
2026-04-09T10:19:48Z,Digitizer_run1640_subrun657.csv,50,False,,,2.42,-0.4165
2026-04-09T10:19:48Z,Digitizer_run1640_subrun657.csv,51,False,,,2.42,-0.4206
2026-04-09T10:19:48Z,Digitizer_run1640_subrun657.csv,52,False,,,2.42,-0.4224
2026-04-09T10:19:48Z,Digitizer_run1640_subrun657.csv,53,False,,,2.42,-0.4303
2026-04-09T10:19:48Z,Digitizer_run1640_subrun657.csv,54,True,isolation_forest,,3.95,-0.4995
2026-04-09T10:19:48Z,Digitizer_run1640_subrun657.csv,55,True,isolation_forest,,3.11,-0.509
2026-04-09T10:19:48Z,Digitizer_run1640_subrun657.csv,56,False,,,2.42,-0.4789
2026-04-09T10:19:48Z,Digitizer_run1640_subrun657.csv,57,False,,,2.86,-0.4894
2026-04-09T10:19:48Z,Digitizer_run1640_subrun657.csv,58,True,isolation_forest,,4.97,-0.5015
2026-04-09T10:19:48Z,Digitizer_run1640_subrun657.csv,59,True,isolation_forest,,3.87,-0.5203
2026-04-09T10:19:48Z,Digitizer_run1640_subrun657.csv,60,False,,,2.42,-0.4151
2026-04-09T10:19:48Z,Digitizer_run1640_subrun657.csv,61,False,,,2.42,-0.4198
2026-04-09T10:19:48Z,Digitizer_run1640_subrun657.csv,62,False,,,2.5,-0.4501
2026-04-09T10:19:48Z,Digitizer_run1640_subrun657.csv,63,False,,,2.49,-0.4398
2026-04-09T10:19:48Z,Digitizer_run1640_subrun657.csv,64,False,,,2.52,-0.4545
2026-04-09T10:19:48Z,Digitizer_run1640_subrun657.csv,65,False,,,2.42,-0.4157
2026-04-09T10:19:48Z,Digitizer_run1640_subrun657.csv,66,False,,,2.42,-0.4203
2026-04-09T10:19:48Z,Digitizer_run1640_subrun657.csv,67,False,,,2.42,-0.457
2026-04-09T10:19:48Z,Digitizer_run1640_subrun657.csv,68,False,,,2.42,-0.4535
2026-04-09T10:19:48Z,Digitizer_run1640_subrun657.csv,69,False,,,2.42,-0.4592
2026-04-09T10:19:48Z,Digitizer_run1640_subrun657.csv,70,False,,,2.42,-0.4203
2026-04-09T10:19:48Z,Digitizer_run1640_subrun657.csv,71,False,,,3.65,-0.4373
2026-04-09T10:19:48Z,Digitizer_run1640_subrun657.csv,72,False,,,2.42,-0.4316
2026-04-09T10:19:48Z,Digitizer_run1640_subrun657.csv,73,False,,,2.42,-0.4343
2026-04-09T10:19:48Z,Digitizer_run1640_subrun657.csv,74,False,,,2.42,-0.4195
2026-04-09T10:19:48Z,Digitizer_run1640_subrun657.csv,75,False,,,2.42,-0.4177
2026-04-09T10:19:48Z,Digitizer_run1640_subrun657.csv,76,False,,,2.42,-0.4258
2026-04-09T10:19:48Z,Digitizer_run1640_subrun657.csv,77,False,,,2.96,-0.4503
2026-04-09T10:19:48Z,Digitizer_run1640_subrun657.csv,78,True,statistical,nPulses_median,7.0,-0.4656
2026-04-09T10:19:48Z,Digitizer_run1640_subrun657.csv,79,False,,,3.43,-0.4487
2026-04-09T10:19:48Z,Digitizer_run1640_subrun657.csv,80,False,,,2.42,-0.4164
2026-04-09T10:19:48Z,Digitizer_run1640_subrun657.csv,81,False,,,3.86,-0.4755
2026-04-09T10:19:48Z,Digitizer_run1640_subrun657.csv,82,False,,,2.42,-0.443
2026-04-09T10:19:48Z,Digitizer_run1640_subrun657.csv,83,False,,,2.42,-0.4089
2026-04-09T10:19:48Z,Digitizer_run1640_subrun657.csv,84,False,,,2.42,-0.4481
2026-04-09T10:19:48Z,Digitizer_run1640_subrun657.csv,85,False,,,2.42,-0.4441
2026-04-09T10:19:48Z,Digitizer_run1640_subrun657.csv,86,False,,,2.77,-0.4379
2026-04-09T10:19:48Z,Digitizer_run1640_subrun657.csv,87,False,,,2.42,-0.4177
2026-04-09T10:19:48Z,Digitizer_run1640_subrun657.csv,88,False,,,2.42,-0.3984
2026-04-09T10:19:48Z,Digitizer_run1640_subrun657.csv,89,False,,,2.42,-0.4381
2026-04-09T10:19:48Z,Digitizer_run1640_subrun657.csv,90,False,,,2.42,-0.4356
2026-04-09T10:19:48Z,Digitizer_run1640_subrun657.csv,91,False,,,2.42,-0.4624
2026-04-09T10:19:48Z,Digitizer_run1640_subrun657.csv,92,False,,,2.42,-0.4561
2026-04-09T10:19:48Z,Digitizer_run1640_subrun657.csv,93,False,,,2.58,-0.472
2026-04-09T10:19:48Z,Digitizer_run1640_subrun657.csv,94,False,,,2.47,-0.4817
2026-04-09T10:19:48Z,Digitizer_run1640_subrun657.csv,95,True,isolation_forest,,2.42,-0.5012
2026-04-09T10:19:50Z,Digitizer_run1640_subrun517.csv,0,True,statistical+IF,triggerRate_bit1;triggerRate_bit2;triggerRate_tot,10.47,-0.5505
2026-04-09T10:19:50Z,Digitizer_run1640_subrun517.csv,1,True,statistical+IF,triggerRate_bit1;triggerRate_bit2;triggerRate_tot,10.47,-0.5922
2026-04-09T10:19:50Z,Digitizer_run1640_subrun517.csv,2,True,statistical+IF,triggerRate_bit1;triggerRate_bit2;triggerRate_tot,10.47,-0.5465
2026-04-09T10:19:50Z,Digitizer_run1640_subrun517.csv,3,True,statistical+IF,triggerRate_bit1;triggerRate_bit2;triggerRate_tot,10.47,-0.5755
2026-04-09T10:19:50Z,Digitizer_run1640_subrun517.csv,4,True,statistical+IF,triggerRate_bit1;triggerRate_bit2;triggerRate_tot,10.47,-0.5668
2026-04-09T10:19:50Z,Digitizer_run1640_subrun517.csv,5,True,statistical+IF,triggerRate_bit1;triggerRate_bit2;triggerRate_tot,10.47,-0.5481
2026-04-09T10:19:50Z,Digitizer_run1640_subrun517.csv,6,True,statistical+IF,triggerRate_bit1;triggerRate_bit2;triggerRate_tot,10.47,-0.5555
2026-04-09T10:19:50Z,Digitizer_run1640_subrun517.csv,7,True,statistical+IF,triggerRate_bit1;triggerRate_bit2;triggerRate_tot,10.47,-0.5409
2026-04-09T10:19:50Z,Digitizer_run1640_subrun517.csv,8,True,statistical+IF,occupancy;triggerRate_bit1;triggerRate_bit2;triggerRate_tot,10.47,-0.5635
2026-04-09T10:19:50Z,Digitizer_run1640_subrun517.csv,9,True,statistical+IF,occupancy;triggerRate_bit1;triggerRate_bit2;triggerRate_tot,10.47,-0.5427
2026-04-09T10:19:50Z,Digitizer_run1640_subrun517.csv,10,True,statistical+IF,triggerRate_bit1;triggerRate_bit2;triggerRate_tot,10.47,-0.5345
2026-04-09T10:19:50Z,Digitizer_run1640_subrun517.csv,11,True,statistical+IF,triggerRate_bit1;triggerRate_bit2;triggerRate_tot,10.47,-0.5598
2026-04-09T10:19:50Z,Digitizer_run1640_subrun517.csv,12,True,statistical+IF,triggerRate_bit1;triggerRate_bit2;triggerRate_tot,10.47,-0.5753
2026-04-09T10:19:50Z,Digitizer_run1640_subrun517.csv,13,True,statistical+IF,triggerRate_bit1;triggerRate_bit2;triggerRate_tot,10.47,-0.5633
2026-04-09T10:19:50Z,Digitizer_run1640_subrun517.csv,14,True,statistical+IF,triggerRate_bit1;triggerRate_bit2;triggerRate_tot,10.47,-0.5652
2026-04-09T10:19:50Z,Digitizer_run1640_subrun517.csv,15,True,statistical+IF,triggerRate_bit1;triggerRate_bit2;triggerRate_tot,10.47,-0.5966
2026-04-09T10:19:50Z,Digitizer_run1640_subrun517.csv,16,True,statistical+IF,triggerRate_bit1;triggerRate_bit2;triggerRate_tot,10.47,-0.5683
2026-04-09T10:19:50Z,Digitizer_run1640_subrun517.csv,17,True,statistical+IF,triggerRate_bit1;triggerRate_bit2;triggerRate_tot,10.47,-0.5518
2026-04-09T10:19:50Z,Digitizer_run1640_subrun517.csv,18,True,statistical+IF,triggerRate_bit1;triggerRate_bit2;triggerRate_tot,10.47,-0.5343
2026-04-09T10:19:50Z,Digitizer_run1640_subrun517.csv,19,True,statistical+IF,nPulses_median;triggerRate_bit1;triggerRate_bit2;triggerRate_tot,14.14,-0.6062
2026-04-09T10:19:50Z,Digitizer_run1640_subrun517.csv,20,True,statistical+IF,triggerRate_bit1;triggerRate_bit2;triggerRate_tot,10.47,-0.546
2026-04-09T10:19:50Z,Digitizer_run1640_subrun517.csv,21,True,statistical+IF,triggerRate_bit1;triggerRate_bit2;triggerRate_tot,10.47,-0.5779
2026-04-09T10:19:50Z,Digitizer_run1640_subrun517.csv,22,True,statistical+IF,triggerRate_bit1;triggerRate_bit2;triggerRate_tot,10.47,-0.601
2026-04-09T10:19:50Z,Digitizer_run1640_subrun517.csv,23,True,statistical+IF,triggerRate_bit1;triggerRate_bit2;triggerRate_tot,10.47,-0.572
2026-04-09T10:19:50Z,Digitizer_run1640_subrun517.csv,24,True,statistical+IF,occupancy;triggerRate_bit1;triggerRate_bit2;triggerRate_tot,10.47,-0.5811
2026-04-09T10:19:50Z,Digitizer_run1640_subrun517.csv,25,True,statistical+IF,occupancy;triggerRate_bit1;triggerRate_bit2;triggerRate_tot,10.47,-0.5576
2026-04-09T10:19:50Z,Digitizer_run1640_subrun517.csv,26,True,statistical+IF,triggerRate_bit1;triggerRate_bit2;triggerRate_tot,10.47,-0.5641
2026-04-09T10:19:50Z,Digitizer_run1640_subrun517.csv,27,True,statistical+IF,triggerRate_bit1;triggerRate_bit2;triggerRate_tot,10.47,-0.5751
2026-04-09T10:19:50Z,Digitizer_run1640_subrun517.csv,28,True,statistical+IF,triggerRate_bit1;triggerRate_bit2;triggerRate_tot,10.47,-0.5883
2026-04-09T10:19:50Z,Digitizer_run1640_subrun517.csv,29,True,statistical+IF,triggerRate_bit1;triggerRate_bit2;triggerRate_tot,10.47,-0.6095
2026-04-09T10:19:50Z,Digitizer_run1640_subrun517.csv,30,True,statistical+IF,triggerRate_bit1;triggerRate_bit2;triggerRate_tot,10.47,-0.5411
2026-04-09T10:19:50Z,Digitizer_run1640_subrun517.csv,31,True,statistical+IF,triggerRate_bit1;triggerRate_bit2;triggerRate_tot,10.47,-0.5914
2026-04-09T10:19:50Z,Digitizer_run1640_subrun517.csv,32,True,statistical+IF,sideband_mean_median;nPulses_mean;nPulses_median;pulseHeight_max_mean;pulseHeight_max_std;pulseHeight_min_std;occupancy;triggerRate_bit1;triggerRate_bit2;triggerRate_tot,10.47,-0.6909
2026-04-09T10:19:50Z,Digitizer_run1640_subrun517.csv,33,True,statistical+IF,pulseHeight_max_mean;pulseHeight_max_std;occupancy;triggerRate_bit1;triggerRate_bit2;triggerRate_tot,10.47,-0.6598
2026-04-09T10:19:50Z,Digitizer_run1640_subrun517.csv,34,True,statistical+IF,triggerRate_bit1;triggerRate_bit2;triggerRate_tot,10.47,-0.5846
2026-04-09T10:19:50Z,Digitizer_run1640_subrun517.csv,35,True,statistical+IF,triggerRate_bit1;triggerRate_bit2;triggerRate_tot,10.47,-0.5975
2026-04-09T10:19:50Z,Digitizer_run1640_subrun517.csv,36,True,statistical+IF,occupancy;triggerRate_bit1;triggerRate_bit2;triggerRate_tot,10.47,-0.5437
2026-04-09T10:19:50Z,Digitizer_run1640_subrun517.csv,37,True,statistical+IF,triggerRate_bit1;triggerRate_bit2;triggerRate_tot,10.47,-0.6005
2026-04-09T10:19:50Z,Digitizer_run1640_subrun517.csv,38,True,statistical+IF,triggerRate_bit1;triggerRate_bit2;triggerRate_tot,10.47,-0.5744
2026-04-09T10:19:50Z,Digitizer_run1640_subrun517.csv,39,True,statistical+IF,triggerRate_bit1;triggerRate_bit2;triggerRate_tot,10.47,-0.5615
2026-04-09T10:19:50Z,Digitizer_run1640_subrun517.csv,40,True,statistical+IF,triggerRate_bit1;triggerRate_bit2;triggerRate_tot,10.47,-0.5431
2026-04-09T10:19:50Z,Digitizer_run1640_subrun517.csv,41,True,statistical+IF,triggerRate_bit1;triggerRate_bit2;triggerRate_tot,10.47,-0.5594
2026-04-09T10:19:50Z,Digitizer_run1640_subrun517.csv,42,True,statistical+IF,triggerRate_bit1;triggerRate_bit2;triggerRate_tot,10.47,-0.5386
2026-04-09T10:19:50Z,Digitizer_run1640_subrun517.csv,43,True,statistical+IF,triggerRate_bit1;triggerRate_bit2;triggerRate_tot,10.47,-0.5256
2026-04-09T10:19:50Z,Digitizer_run1640_subrun517.csv,44,True,statistical+IF,triggerRate_bit1;triggerRate_bit2;triggerRate_tot,10.47,-0.5753
2026-04-09T10:19:50Z,Digitizer_run1640_subrun517.csv,45,True,statistical+IF,triggerRate_bit1;triggerRate_bit2;triggerRate_tot,10.47,-0.5869
2026-04-09T10:19:50Z,Digitizer_run1640_subrun517.csv,46,True,statistical+IF,sideband_rms_mean;sideband_rms_std;triggerRate_bit1;triggerRate_bit2;triggerRate_tot,10.47,-0.5947
2026-04-09T10:19:50Z,Digitizer_run1640_subrun517.csv,47,True,statistical+IF,triggerRate_bit1;triggerRate_bit2;triggerRate_tot,10.47,-0.5801
2026-04-09T10:19:50Z,Digitizer_run1640_subrun517.csv,48,True,statistical+IF,triggerRate_bit1;triggerRate_bit2;triggerRate_tot,10.47,-0.5766
2026-04-09T10:19:50Z,Digitizer_run1640_subrun517.csv,49,True,statistical+IF,triggerRate_bit1;triggerRate_bit2;triggerRate_tot,10.47,-0.6339
2026-04-09T10:19:50Z,Digitizer_run1640_subrun517.csv,50,True,statistical+IF,triggerRate_bit1;triggerRate_bit2;triggerRate_tot,10.47,-0.5564
2026-04-09T10:19:50Z,Digitizer_run1640_subrun517.csv,51,True,statistical+IF,triggerRate_bit1;triggerRate_bit2;triggerRate_tot,10.47,-0.5382
2026-04-09T10:19:50Z,Digitizer_run1640_subrun517.csv,52,True,statistical+IF,triggerRate_bit1;triggerRate_bit2;triggerRate_tot,10.47,-0.6224
2026-04-09T10:19:50Z,Digitizer_run1640_subrun517.csv,53,True,statistical+IF,triggerRate_bit1;triggerRate_bit2;triggerRate_tot,10.47,-0.613
2026-04-09T10:19:50Z,Digitizer_run1640_subrun517.csv,54,True,statistical+IF,triggerRate_bit1;triggerRate_bit2;triggerRate_tot,10.47,-0.5869
2026-04-09T10:19:50Z,Digitizer_run1640_subrun517.csv,55,True,statistical+IF,triggerRate_bit1;triggerRate_bit2;triggerRate_tot,10.47,-0.592
2026-04-09T10:19:50Z,Digitizer_run1640_subrun517.csv,56,True,statistical+IF,sideband_mean_median;pulseDuriation_max_mean;pulseDuriation_max_median;occupancy;triggerRate_bit1;triggerRate_bit2;triggerRate_tot,10.47,-0.6525
2026-04-09T10:19:50Z,Digitizer_run1640_subrun517.csv,57,True,statistical+IF,triggerRate_bit1;triggerRate_bit2;triggerRate_tot,10.47,-0.5364
2026-04-09T10:19:50Z,Digitizer_run1640_subrun517.csv,58,True,statistical+IF,triggerRate_bit1;triggerRate_bit2;triggerRate_tot,10.47,-0.5344
2026-04-09T10:19:50Z,Digitizer_run1640_subrun517.csv,59,True,statistical+IF,triggerRate_bit1;triggerRate_bit2;triggerRate_tot,10.47,-0.5132
2026-04-09T10:19:50Z,Digitizer_run1640_subrun517.csv,60,True,statistical+IF,triggerRate_bit1;triggerRate_bit2;triggerRate_tot,10.47,-0.5354
2026-04-09T10:19:50Z,Digitizer_run1640_subrun517.csv,61,True,statistical+IF,triggerRate_bit1;triggerRate_bit2;triggerRate_tot,10.47,-0.5465
2026-04-09T10:19:50Z,Digitizer_run1640_subrun517.csv,62,True,statistical+IF,triggerRate_bit1;triggerRate_bit2;triggerRate_tot,10.47,-0.5594
2026-04-09T10:19:50Z,Digitizer_run1640_subrun517.csv,63,True,statistical+IF,triggerRate_bit1;triggerRate_bit2;triggerRate_tot,10.47,-0.5866
2026-04-09T10:19:50Z,Digitizer_run1640_subrun517.csv,64,True,statistical+IF,triggerRate_bit1;triggerRate_bit2;triggerRate_tot,10.47,-0.5145
2026-04-09T10:19:50Z,Digitizer_run1640_subrun517.csv,65,True,statistical+IF,triggerRate_bit1;triggerRate_bit2;triggerRate_tot,10.47,-0.5393
2026-04-09T10:19:50Z,Digitizer_run1640_subrun517.csv,66,True,statistical+IF,triggerRate_bit1;triggerRate_bit2;triggerRate_tot,10.47,-0.5589
2026-04-09T10:19:50Z,Digitizer_run1640_subrun517.csv,67,True,statistical+IF,triggerRate_bit1;triggerRate_bit2;triggerRate_tot,10.47,-0.5733
2026-04-09T10:19:50Z,Digitizer_run1640_subrun517.csv,68,True,statistical+IF,triggerRate_bit1;triggerRate_bit2;triggerRate_tot,10.47,-0.6251
2026-04-09T10:19:50Z,Digitizer_run1640_subrun517.csv,69,True,statistical+IF,triggerRate_bit1;triggerRate_bit2;triggerRate_tot,10.47,-0.5662
2026-04-09T10:19:50Z,Digitizer_run1640_subrun517.csv,70,True,statistical+IF,triggerRate_bit1;triggerRate_bit2;triggerRate_tot,10.47,-0.5156
2026-04-09T10:19:50Z,Digitizer_run1640_subrun517.csv,71,True,statistical+IF,triggerRate_bit1;triggerRate_bit2;triggerRate_tot,10.47,-0.5421
2026-04-09T10:19:50Z,Digitizer_run1640_subrun517.csv,72,True,statistical+IF,triggerRate_bit1;triggerRate_bit2;triggerRate_tot,10.47,-0.5465
2026-04-09T10:19:50Z,Digitizer_run1640_subrun517.csv,73,True,statistical+IF,triggerRate_bit1;triggerRate_bit2;triggerRate_tot,10.47,-0.5502
2026-04-09T10:19:50Z,Digitizer_run1640_subrun517.csv,74,True,statistical+IF,triggerRate_bit1;triggerRate_bit2;triggerRate_tot,10.47,-0.5935
2026-04-09T10:19:50Z,Digitizer_run1640_subrun517.csv,75,True,statistical+IF,triggerRate_bit1;triggerRate_bit2;triggerRate_tot,10.47,-0.5661
2026-04-09T10:19:50Z,Digitizer_run1640_subrun517.csv,76,True,statistical+IF,triggerRate_bit1;triggerRate_bit2;triggerRate_tot,10.47,-0.5665
2026-04-09T10:19:50Z,Digitizer_run1640_subrun517.csv,77,True,statistical+IF,triggerRate_bit1;triggerRate_bit2;triggerRate_tot,10.47,-0.5622
2026-04-09T10:19:50Z,Digitizer_run1640_subrun517.csv,78,True,statistical+IF,triggerRate_bit1;triggerRate_bit2;triggerRate_tot,10.47,-0.5542
2026-04-09T10:19:50Z,Digitizer_run1640_subrun517.csv,79,True,statistical+IF,triggerRate_bit1;triggerRate_bit2;triggerRate_tot,10.47,-0.5588
2026-04-09T10:19:50Z,Digitizer_run1640_subrun517.csv,80,True,statistical+IF,occupancy;triggerRate_bit1;triggerRate_bit2;triggerRate_tot,10.47,-0.5895
2026-04-09T10:19:50Z,Digitizer_run1640_subrun517.csv,81,True,statistical+IF,triggerRate_bit1;triggerRate_bit2;triggerRate_tot,10.47,-0.5178
2026-04-09T10:19:50Z,Digitizer_run1640_subrun517.csv,82,True,statistical+IF,triggerRate_bit1;triggerRate_bit2;triggerRate_tot,10.47,-0.6672
2026-04-09T10:19:50Z,Digitizer_run1640_subrun517.csv,83,True,statistical+IF,sideband_rms_mean;triggerRate_bit1;triggerRate_bit2;triggerRate_tot,10.47,-0.5984
2026-04-09T10:19:50Z,Digitizer_run1640_subrun517.csv,84,True,statistical+IF,triggerRate_bit1;triggerRate_bit2;triggerRate_tot,10.47,-0.5474
2026-04-09T10:19:50Z,Digitizer_run1640_subrun517.csv,85,True,statistical+IF,triggerRate_bit1;triggerRate_bit2;triggerRate_tot,10.47,-0.5176
2026-04-09T10:19:50Z,Digitizer_run1640_subrun517.csv,86,True,statistical+IF,triggerRate_bit1;triggerRate_bit2;triggerRate_tot,10.47,-0.5523
2026-04-09T10:19:50Z,Digitizer_run1640_subrun517.csv,87,True,statistical+IF,triggerRate_bit1;triggerRate_bit2;triggerRate_tot,10.47,-0.5513
2026-04-09T10:19:50Z,Digitizer_run1640_subrun517.csv,88,True,statistical+IF,triggerRate_bit1;triggerRate_bit2;triggerRate_tot,10.47,-0.5325
2026-04-09T10:19:50Z,Digitizer_run1640_subrun517.csv,89,True,statistical+IF,nPulses_median;triggerRate_bit1;triggerRate_bit2;triggerRate_tot,1000000.0,-0.6328
2026-04-09T10:19:50Z,Digitizer_run1640_subrun517.csv,90,True,statistical+IF,triggerRate_bit1;triggerRate_bit2;triggerRate_tot,10.47,-0.6454
2026-04-09T10:19:50Z,Digitizer_run1640_subrun517.csv,91,True,statistical+IF,triggerRate_bit1;triggerRate_bit2;triggerRate_tot,10.47,-0.5773
2026-04-09T10:19:50Z,Digitizer_run1640_subrun517.csv,92,True,statistical+IF,triggerRate_bit1;triggerRate_bit2;triggerRate_tot,10.47,-0.586
2026-04-09T10:19:50Z,Digitizer_run1640_subrun517.csv,93,True,statistical+IF,triggerRate_bit1;triggerRate_bit2;triggerRate_tot,10.47,-0.5822
2026-04-09T10:19:50Z,Digitizer_run1640_subrun517.csv,94,True,statistical+IF,triggerRate_bit1;triggerRate_bit2;triggerRate_tot,10.47,-0.598
2026-04-09T10:19:50Z,Digitizer_run1640_subrun517.csv,95,True,statistical+IF,triggerRate_bit1;triggerRate_bit2;triggerRate_tot,10.47,-0.5894
2026-04-09T10:19:53Z,Digitizer_run1642_subrun140.csv,0,False,,,2.65,-0.4625
2026-04-09T10:19:53Z,Digitizer_run1642_subrun140.csv,1,True,isolation_forest,,3.18,-0.5102
2026-04-09T10:19:53Z,Digitizer_run1642_subrun140.csv,2,False,,,1.91,-0.4058
2026-04-09T10:19:53Z,Digitizer_run1642_subrun140.csv,3,False,,,2.52,-0.4502
2026-04-09T10:19:53Z,Digitizer_run1642_subrun140.csv,4,False,,,2.12,-0.4524
2026-04-09T10:19:53Z,Digitizer_run1642_subrun140.csv,5,False,,,2.06,-0.4556
2026-04-09T10:19:53Z,Digitizer_run1642_subrun140.csv,6,False,,,3.38,-0.4711
2026-04-09T10:19:53Z,Digitizer_run1642_subrun140.csv,7,False,,,2.62,-0.4534
2026-04-09T10:19:53Z,Digitizer_run1642_subrun140.csv,8,False,,,1.98,-0.4611
2026-04-09T10:19:53Z,Digitizer_run1642_subrun140.csv,9,False,,,2.43,-0.4219
2026-04-09T10:19:53Z,Digitizer_run1642_subrun140.csv,10,False,,,2.71,-0.4871
2026-04-09T10:19:53Z,Digitizer_run1642_subrun140.csv,11,False,,,2.24,-0.4706
2026-04-09T10:19:53Z,Digitizer_run1642_subrun140.csv,12,False,,,2.99,-0.4367
2026-04-09T10:19:53Z,Digitizer_run1642_subrun140.csv,13,False,,,2.89,-0.4386
2026-04-09T10:19:53Z,Digitizer_run1642_subrun140.csv,14,False,,,2.68,-0.4611
2026-04-09T10:19:53Z,Digitizer_run1642_subrun140.csv,15,False,,,2.1,-0.4647
2026-04-09T10:19:53Z,Digitizer_run1642_subrun140.csv,16,False,,,1.91,-0.4355
2026-04-09T10:19:53Z,Digitizer_run1642_subrun140.csv,17,False,,,2.26,-0.4471
2026-04-09T10:19:53Z,Digitizer_run1642_subrun140.csv,18,False,,,2.29,-0.4425
2026-04-09T10:19:53Z,Digitizer_run1642_subrun140.csv,19,True,statistical,nPulses_median,14.14,-0.4661
2026-04-09T10:19:53Z,Digitizer_run1642_subrun140.csv,20,False,,,1.91,-0.3961
2026-04-09T10:19:53Z,Digitizer_run1642_subrun140.csv,21,False,,,1.91,-0.4221
2026-04-09T10:19:53Z,Digitizer_run1642_subrun140.csv,22,False,,,3.23,-0.4481
2026-04-09T10:19:53Z,Digitizer_run1642_subrun140.csv,23,False,,,2.16,-0.4688
2026-04-09T10:19:53Z,Digitizer_run1642_subrun140.csv,24,False,,,1.93,-0.409
2026-04-09T10:19:53Z,Digitizer_run1642_subrun140.csv,25,False,,,1.91,-0.4198
2026-04-09T10:19:53Z,Digitizer_run1642_subrun140.csv,26,False,,,1.91,-0.4031
2026-04-09T10:19:53Z,Digitizer_run1642_subrun140.csv,27,False,,,1.91,-0.3976
2026-04-09T10:19:53Z,Digitizer_run1642_subrun140.csv,28,False,,,2.25,-0.4331
2026-04-09T10:19:53Z,Digitizer_run1642_subrun140.csv,29,False,,,2.08,-0.4589
2026-04-09T10:19:53Z,Digitizer_run1642_subrun140.csv,30,False,,,1.91,-0.4155
2026-04-09T10:19:53Z,Digitizer_run1642_subrun140.csv,31,False,,,2.91,-0.4311
2026-04-09T10:19:53Z,Digitizer_run1642_subrun140.csv,34,False,,,1.91,-0.4284
2026-04-09T10:19:53Z,Digitizer_run1642_subrun140.csv,35,False,,,1.91,-0.4091
2026-04-09T10:19:53Z,Digitizer_run1642_subrun140.csv,36,False,,,2.55,-0.4628
2026-04-09T10:19:53Z,Digitizer_run1642_subrun140.csv,37,False,,,1.91,-0.4302
2026-04-09T10:19:53Z,Digitizer_run1642_subrun140.csv,38,False,,,1.91,-0.4124
2026-04-09T10:19:53Z,Digitizer_run1642_subrun140.csv,39,False,,,1.91,-0.422
2026-04-09T10:19:53Z,Digitizer_run1642_subrun140.csv,40,False,,,1.91,-0.4251
2026-04-09T10:19:53Z,Digitizer_run1642_subrun140.csv,41,False,,,1.91,-0.436
2026-04-09T10:19:53Z,Digitizer_run1642_subrun140.csv,42,False,,,2.0,-0.4454
2026-04-09T10:19:53Z,Digitizer_run1642_subrun140.csv,43,False,,,1.99,-0.4207
2026-04-09T10:19:53Z,Digitizer_run1642_subrun140.csv,44,False,,,2.05,-0.4251
2026-04-09T10:19:53Z,Digitizer_run1642_subrun140.csv,45,False,,,2.3,-0.4317
2026-04-09T10:19:53Z,Digitizer_run1642_subrun140.csv,46,False,,,3.52,-0.4736
2026-04-09T10:19:53Z,Digitizer_run1642_subrun140.csv,47,False,,,3.21,-0.4569
2026-04-09T10:19:53Z,Digitizer_run1642_subrun140.csv,48,False,,,1.91,-0.4015
2026-04-09T10:19:53Z,Digitizer_run1642_subrun140.csv,49,False,,,1.91,-0.4045
2026-04-09T10:19:53Z,Digitizer_run1642_subrun140.csv,50,False,,,4.34,-0.4456
2026-04-09T10:19:53Z,Digitizer_run1642_subrun140.csv,51,False,,,2.06,-0.4157
2026-04-09T10:19:53Z,Digitizer_run1642_subrun140.csv,52,False,,,2.27,-0.4548
2026-04-09T10:19:53Z,Digitizer_run1642_subrun140.csv,53,False,,,2.16,-0.4827
2026-04-09T10:19:53Z,Digitizer_run1642_subrun140.csv,54,False,,,1.99,-0.4481
2026-04-09T10:19:53Z,Digitizer_run1642_subrun140.csv,55,False,,,1.94,-0.428
2026-04-09T10:19:53Z,Digitizer_run1642_subrun140.csv,56,False,,,1.91,-0.4433
2026-04-09T10:19:53Z,Digitizer_run1642_subrun140.csv,57,False,,,1.91,-0.419
2026-04-09T10:19:53Z,Digitizer_run1642_subrun140.csv,58,False,,,3.8,-0.4636
2026-04-09T10:19:53Z,Digitizer_run1642_subrun140.csv,59,False,,,2.93,-0.4223
2026-04-09T10:19:53Z,Digitizer_run1642_subrun140.csv,60,False,,,1.91,-0.4304
2026-04-09T10:19:53Z,Digitizer_run1642_subrun140.csv,61,False,,,2.0,-0.4319
2026-04-09T10:19:53Z,Digitizer_run1642_subrun140.csv,62,False,,,2.76,-0.4793
2026-04-09T10:19:53Z,Digitizer_run1642_subrun140.csv,63,True,isolation_forest,,3.67,-0.5112
2026-04-09T10:19:53Z,Digitizer_run1642_subrun140.csv,64,False,,,1.91,-0.4091
2026-04-09T10:19:53Z,Digitizer_run1642_subrun140.csv,65,False,,,1.91,-0.4167
2026-04-09T10:19:53Z,Digitizer_run1642_subrun140.csv,66,False,,,1.93,-0.4196
2026-04-09T10:19:53Z,Digitizer_run1642_subrun140.csv,67,False,,,1.91,-0.4133
2026-04-09T10:19:53Z,Digitizer_run1642_subrun140.csv,68,False,,,1.91,-0.4261
2026-04-09T10:19:53Z,Digitizer_run1642_subrun140.csv,69,False,,,2.28,-0.4431
2026-04-09T10:19:53Z,Digitizer_run1642_subrun140.csv,70,False,,,2.08,-0.4103
2026-04-09T10:19:53Z,Digitizer_run1642_subrun140.csv,71,False,,,2.05,-0.4267
2026-04-09T10:19:53Z,Digitizer_run1642_subrun140.csv,72,False,,,2.27,-0.4221
2026-04-09T10:19:53Z,Digitizer_run1642_subrun140.csv,73,False,,,2.26,-0.4576
2026-04-09T10:19:53Z,Digitizer_run1642_subrun140.csv,74,False,,,3.05,-0.4399
2026-04-09T10:19:53Z,Digitizer_run1642_subrun140.csv,75,False,,,3.48,-0.4516
2026-04-09T10:19:53Z,Digitizer_run1642_subrun140.csv,76,False,,,2.65,-0.4534
2026-04-09T10:19:53Z,Digitizer_run1642_subrun140.csv,77,False,,,2.08,-0.4331
2026-04-09T10:19:53Z,Digitizer_run1642_subrun140.csv,78,False,,,1.91,-0.434
2026-04-09T10:19:53Z,Digitizer_run1642_subrun140.csv,79,False,,,2.1,-0.4497
2026-04-09T10:19:53Z,Digitizer_run1642_subrun140.csv,80,False,,,1.91,-0.4347
2026-04-09T10:19:53Z,Digitizer_run1642_subrun140.csv,81,False,,,3.05,-0.4518
2026-04-09T10:19:53Z,Digitizer_run1642_subrun140.csv,82,False,,,3.3,-0.4464
2026-04-09T10:19:53Z,Digitizer_run1642_subrun140.csv,83,False,,,2.69,-0.472
2026-04-09T10:19:53Z,Digitizer_run1642_subrun140.csv,84,False,,,1.91,-0.4205
2026-04-09T10:19:53Z,Digitizer_run1642_subrun140.csv,85,False,,,2.38,-0.4457
2026-04-09T10:19:53Z,Digitizer_run1642_subrun140.csv,86,False,,,2.37,-0.4746
2026-04-09T10:19:53Z,Digitizer_run1642_subrun140.csv,87,False,,,2.19,-0.4438
2026-04-09T10:19:53Z,Digitizer_run1642_subrun140.csv,88,False,,,2.5,-0.4265
2026-04-09T10:19:53Z,Digitizer_run1642_subrun140.csv,89,False,,,4.39,-0.4861
2026-04-09T10:19:53Z,Digitizer_run1642_subrun140.csv,90,False,,,1.91,-0.4792
2026-04-09T10:19:53Z,Digitizer_run1642_subrun140.csv,91,False,,,1.95,-0.4766
2026-04-09T10:19:53Z,Digitizer_run1642_subrun140.csv,92,True,isolation_forest,,3.35,-0.5079
2026-04-09T10:19:53Z,Digitizer_run1642_subrun140.csv,93,False,,,2.19,-0.4475
2026-04-09T10:19:53Z,Digitizer_run1642_subrun140.csv,94,False,,,2.22,-0.4675
2026-04-09T10:19:53Z,Digitizer_run1642_subrun140.csv,95,False,,,2.43,-0.4626
2026-04-09T10:19:56Z,Digitizer_run1642_subrun178.csv,0,False,,,3.38,-0.4382
2026-04-09T10:19:56Z,Digitizer_run1642_subrun178.csv,1,False,,,2.09,-0.442
2026-04-09T10:19:56Z,Digitizer_run1642_subrun178.csv,2,False,,,2.3,-0.4722
2026-04-09T10:19:56Z,Digitizer_run1642_subrun178.csv,3,True,isolation_forest,,3.56,-0.5073
2026-04-09T10:19:56Z,Digitizer_run1642_subrun178.csv,4,False,,,1.65,-0.4246
2026-04-09T10:19:56Z,Digitizer_run1642_subrun178.csv,5,False,,,2.71,-0.4637
2026-04-09T10:19:56Z,Digitizer_run1642_subrun178.csv,6,False,,,1.79,-0.4211
2026-04-09T10:19:56Z,Digitizer_run1642_subrun178.csv,7,False,,,2.93,-0.4575
2026-04-09T10:19:56Z,Digitizer_run1642_subrun178.csv,8,True,isolation_forest,,2.92,-0.497
2026-04-09T10:19:56Z,Digitizer_run1642_subrun178.csv,9,False,,,2.85,-0.4778
2026-04-09T10:19:56Z,Digitizer_run1642_subrun178.csv,10,False,,,2.19,-0.4371
2026-04-09T10:19:56Z,Digitizer_run1642_subrun178.csv,11,False,,,2.52,-0.4546
2026-04-09T10:19:56Z,Digitizer_run1642_subrun178.csv,12,False,,,1.45,-0.4188
2026-04-09T10:19:56Z,Digitizer_run1642_subrun178.csv,13,False,,,2.63,-0.4249
2026-04-09T10:19:56Z,Digitizer_run1642_subrun178.csv,14,False,,,1.99,-0.4412
2026-04-09T10:19:56Z,Digitizer_run1642_subrun178.csv,15,False,,,1.51,-0.4246
2026-04-09T10:19:56Z,Digitizer_run1642_subrun178.csv,16,False,,,2.58,-0.4521
2026-04-09T10:19:56Z,Digitizer_run1642_subrun178.csv,17,False,,,2.69,-0.4621
2026-04-09T10:19:56Z,Digitizer_run1642_subrun178.csv,18,False,,,2.3,-0.4232
2026-04-09T10:19:56Z,Digitizer_run1642_subrun178.csv,19,True,statistical,nPulses_median,7.0,-0.4624
2026-04-09T10:19:56Z,Digitizer_run1642_subrun178.csv,20,False,,,1.64,-0.4262
2026-04-09T10:19:56Z,Digitizer_run1642_subrun178.csv,21,False,,,1.43,-0.4093
2026-04-09T10:19:56Z,Digitizer_run1642_subrun178.csv,22,False,,,1.43,-0.4057
2026-04-09T10:19:56Z,Digitizer_run1642_subrun178.csv,23,False,,,2.12,-0.4416
2026-04-09T10:19:56Z,Digitizer_run1642_subrun178.csv,24,False,,,1.46,-0.416
2026-04-09T10:19:56Z,Digitizer_run1642_subrun178.csv,25,False,,,2.62,-0.4616
2026-04-09T10:19:56Z,Digitizer_run1642_subrun178.csv,26,False,,,1.42,-0.4084
2026-04-09T10:19:56Z,Digitizer_run1642_subrun178.csv,27,False,,,2.89,-0.4337
2026-04-09T10:19:56Z,Digitizer_run1642_subrun178.csv,28,False,,,1.96,-0.4364
2026-04-09T10:19:56Z,Digitizer_run1642_subrun178.csv,29,False,,,2.48,-0.4157
2026-04-09T10:19:56Z,Digitizer_run1642_subrun178.csv,30,False,,,1.42,-0.3978
2026-04-09T10:19:56Z,Digitizer_run1642_subrun178.csv,31,False,,,1.76,-0.4058
2026-04-09T10:19:56Z,Digitizer_run1642_subrun178.csv,34,False,,,1.91,-0.4279
2026-04-09T10:19:56Z,Digitizer_run1642_subrun178.csv,35,False,,,3.0,-0.4411
2026-04-09T10:19:56Z,Digitizer_run1642_subrun178.csv,36,False,,,1.82,-0.4312
2026-04-09T10:19:56Z,Digitizer_run1642_subrun178.csv,37,False,,,1.81,-0.4329
2026-04-09T10:19:56Z,Digitizer_run1642_subrun178.csv,38,False,,,1.61,-0.4291
2026-04-09T10:19:56Z,Digitizer_run1642_subrun178.csv,39,False,,,2.37,-0.4476
2026-04-09T10:19:56Z,Digitizer_run1642_subrun178.csv,40,False,,,1.43,-0.4128
2026-04-09T10:19:56Z,Digitizer_run1642_subrun178.csv,41,False,,,1.68,-0.4297
2026-04-09T10:19:56Z,Digitizer_run1642_subrun178.csv,42,False,,,2.06,-0.4234
2026-04-09T10:19:56Z,Digitizer_run1642_subrun178.csv,43,False,,,1.8,-0.4156
2026-04-09T10:19:56Z,Digitizer_run1642_subrun178.csv,44,False,,,2.01,-0.4677
2026-04-09T10:19:56Z,Digitizer_run1642_subrun178.csv,45,False,,,2.01,-0.4577
2026-04-09T10:19:56Z,Digitizer_run1642_subrun178.csv,46,False,,,2.42,-0.4746
2026-04-09T10:19:56Z,Digitizer_run1642_subrun178.csv,47,False,,,2.19,-0.4522
2026-04-09T10:19:56Z,Digitizer_run1642_subrun178.csv,48,False,,,1.62,-0.4136
2026-04-09T10:19:56Z,Digitizer_run1642_subrun178.csv,49,False,,,2.01,-0.4542
2026-04-09T10:19:56Z,Digitizer_run1642_subrun178.csv,50,False,,,2.18,-0.4468
2026-04-09T10:19:56Z,Digitizer_run1642_subrun178.csv,51,False,,,3.06,-0.4531
2026-04-09T10:19:56Z,Digitizer_run1642_subrun178.csv,52,False,,,2.6,-0.419
2026-04-09T10:19:56Z,Digitizer_run1642_subrun178.csv,53,False,,,3.5,-0.4239
2026-04-09T10:19:56Z,Digitizer_run1642_subrun178.csv,54,False,,,1.63,-0.4231
2026-04-09T10:19:56Z,Digitizer_run1642_subrun178.csv,55,False,,,1.42,-0.3983
2026-04-09T10:19:56Z,Digitizer_run1642_subrun178.csv,56,False,,,2.4,-0.4714
2026-04-09T10:19:56Z,Digitizer_run1642_subrun178.csv,57,False,,,2.02,-0.4443
2026-04-09T10:19:56Z,Digitizer_run1642_subrun178.csv,58,False,,,2.52,-0.4528
2026-04-09T10:19:56Z,Digitizer_run1642_subrun178.csv,59,False,,,2.06,-0.45
2026-04-09T10:19:56Z,Digitizer_run1642_subrun178.csv,60,False,,,2.33,-0.4307
2026-04-09T10:19:56Z,Digitizer_run1642_subrun178.csv,61,False,,,1.42,-0.4094
2026-04-09T10:19:56Z,Digitizer_run1642_subrun178.csv,62,False,,,1.77,-0.4033
2026-04-09T10:19:56Z,Digitizer_run1642_subrun178.csv,63,False,,,2.18,-0.4287
2026-04-09T10:19:56Z,Digitizer_run1642_subrun178.csv,64,False,,,2.35,-0.4462
2026-04-09T10:19:56Z,Digitizer_run1642_subrun178.csv,65,False,,,1.78,-0.445
2026-04-09T10:19:56Z,Digitizer_run1642_subrun178.csv,66,False,,,3.0,-0.4271
2026-04-09T10:19:56Z,Digitizer_run1642_subrun178.csv,67,False,,,3.47,-0.4568
2026-04-09T10:19:56Z,Digitizer_run1642_subrun178.csv,68,False,,,3.71,-0.4702
2026-04-09T10:19:56Z,Digitizer_run1642_subrun178.csv,69,False,,,1.78,-0.4206
2026-04-09T10:19:56Z,Digitizer_run1642_subrun178.csv,70,False,,,2.53,-0.444
2026-04-09T10:19:56Z,Digitizer_run1642_subrun178.csv,71,False,,,1.98,-0.429
2026-04-09T10:19:56Z,Digitizer_run1642_subrun178.csv,72,False,,,1.98,-0.4354
2026-04-09T10:19:56Z,Digitizer_run1642_subrun178.csv,73,False,,,2.19,-0.4526
2026-04-09T10:19:56Z,Digitizer_run1642_subrun178.csv,74,False,,,2.34,-0.4486
2026-04-09T10:19:56Z,Digitizer_run1642_subrun178.csv,75,False,,,1.99,-0.4012
2026-04-09T10:19:56Z,Digitizer_run1642_subrun178.csv,76,True,statistical,sideband_rms_mean,5.55,-0.4646
2026-04-09T10:19:56Z,Digitizer_run1642_subrun178.csv,77,True,isolation_forest,,4.91,-0.5066
2026-04-09T10:19:56Z,Digitizer_run1642_subrun178.csv,78,False,,,1.42,-0.4
2026-04-09T10:19:56Z,Digitizer_run1642_subrun178.csv,79,False,,,1.46,-0.4071
2026-04-09T10:19:56Z,Digitizer_run1642_subrun178.csv,80,False,,,1.95,-0.43
2026-04-09T10:19:56Z,Digitizer_run1642_subrun178.csv,81,False,,,1.93,-0.4531
2026-04-09T10:19:56Z,Digitizer_run1642_subrun178.csv,82,False,,,1.7,-0.415
2026-04-09T10:19:56Z,Digitizer_run1642_subrun178.csv,83,False,,,1.42,-0.4042
2026-04-09T10:19:56Z,Digitizer_run1642_subrun178.csv,84,False,,,1.42,-0.4169
2026-04-09T10:19:56Z,Digitizer_run1642_subrun178.csv,85,False,,,1.57,-0.4125
2026-04-09T10:19:56Z,Digitizer_run1642_subrun178.csv,86,False,,,1.69,-0.4509
2026-04-09T10:19:56Z,Digitizer_run1642_subrun178.csv,87,False,,,1.59,-0.422
2026-04-09T10:19:56Z,Digitizer_run1642_subrun178.csv,88,True,isolation_forest,,4.4,-0.4997
2026-04-09T10:19:56Z,Digitizer_run1642_subrun178.csv,89,True,isolation_forest,,4.13,-0.5238
2026-04-09T10:19:56Z,Digitizer_run1642_subrun178.csv,90,False,,,1.64,-0.4209
2026-04-09T10:19:56Z,Digitizer_run1642_subrun178.csv,91,False,,,1.44,-0.4387
2026-04-09T10:19:56Z,Digitizer_run1642_subrun178.csv,92,False,,,3.13,-0.4812
2026-04-09T10:19:56Z,Digitizer_run1642_subrun178.csv,93,False,,,1.42,-0.404
2026-04-09T10:19:56Z,Digitizer_run1642_subrun178.csv,94,False,,,1.76,-0.4673
2026-04-09T10:19:56Z,Digitizer_run1642_subrun178.csv,95,True,isolation_forest,,2.97,-0.5234
2026-04-09T10:19:59Z,Digitizer_run1640_subrun688.csv,0,False,,,3.07,-0.431
2026-04-09T10:19:59Z,Digitizer_run1640_subrun688.csv,1,False,,,1.96,-0.4081
2026-04-09T10:19:59Z,Digitizer_run1640_subrun688.csv,2,False,,,2.07,-0.4357
2026-04-09T10:19:59Z,Digitizer_run1640_subrun688.csv,3,False,,,2.47,-0.4197
2026-04-09T10:19:59Z,Digitizer_run1640_subrun688.csv,4,False,,,3.52,-0.4423
2026-04-09T10:19:59Z,Digitizer_run1640_subrun688.csv,5,False,,,1.88,-0.4016
2026-04-09T10:19:59Z,Digitizer_run1640_subrun688.csv,6,False,,,1.71,-0.4041
2026-04-09T10:19:59Z,Digitizer_run1640_subrun688.csv,7,False,,,1.25,-0.3923
2026-04-09T10:19:59Z,Digitizer_run1640_subrun688.csv,8,False,,,2.07,-0.447
2026-04-09T10:19:59Z,Digitizer_run1640_subrun688.csv,9,False,,,1.51,-0.4136
2026-04-09T10:19:59Z,Digitizer_run1640_subrun688.csv,10,False,,,3.54,-0.4801
2026-04-09T10:19:59Z,Digitizer_run1640_subrun688.csv,11,False,,,2.17,-0.4229
2026-04-09T10:19:59Z,Digitizer_run1640_subrun688.csv,12,False,,,2.29,-0.4082
2026-04-09T10:19:59Z,Digitizer_run1640_subrun688.csv,13,False,,,1.28,-0.4007
2026-04-09T10:19:59Z,Digitizer_run1640_subrun688.csv,14,False,,,1.48,-0.408
2026-04-09T10:19:59Z,Digitizer_run1640_subrun688.csv,15,False,,,1.71,-0.4175
2026-04-09T10:19:59Z,Digitizer_run1640_subrun688.csv,16,False,,,1.93,-0.4236
2026-04-09T10:19:59Z,Digitizer_run1640_subrun688.csv,17,False,,,1.52,-0.4202
2026-04-09T10:19:59Z,Digitizer_run1640_subrun688.csv,18,False,,,2.9,-0.4502
2026-04-09T10:19:59Z,Digitizer_run1640_subrun688.csv,19,False,,,2.25,-0.4363
2026-04-09T10:19:59Z,Digitizer_run1640_subrun688.csv,20,False,,,1.56,-0.4247
2026-04-09T10:19:59Z,Digitizer_run1640_subrun688.csv,21,False,,,1.73,-0.4202
2026-04-09T10:19:59Z,Digitizer_run1640_subrun688.csv,22,False,,,1.24,-0.3862
2026-04-09T10:19:59Z,Digitizer_run1640_subrun688.csv,23,False,,,2.09,-0.3964
2026-04-09T10:19:59Z,Digitizer_run1640_subrun688.csv,24,False,,,1.92,-0.4383
2026-04-09T10:19:59Z,Digitizer_run1640_subrun688.csv,25,False,,,2.14,-0.4404
2026-04-09T10:19:59Z,Digitizer_run1640_subrun688.csv,26,False,,,1.52,-0.41
2026-04-09T10:19:59Z,Digitizer_run1640_subrun688.csv,27,False,,,1.09,-0.3898
2026-04-09T10:19:59Z,Digitizer_run1640_subrun688.csv,28,False,,,2.14,-0.4495
2026-04-09T10:19:59Z,Digitizer_run1640_subrun688.csv,29,False,,,1.73,-0.4355
2026-04-09T10:19:59Z,Digitizer_run1640_subrun688.csv,30,False,,,4.23,-0.429
2026-04-09T10:19:59Z,Digitizer_run1640_subrun688.csv,31,False,,,1.71,-0.3897
2026-04-09T10:19:59Z,Digitizer_run1640_subrun688.csv,34,False,,,1.74,-0.4084
2026-04-09T10:19:59Z,Digitizer_run1640_subrun688.csv,35,False,,,2.62,-0.4601
2026-04-09T10:19:59Z,Digitizer_run1640_subrun688.csv,36,False,,,1.78,-0.3977
2026-04-09T10:19:59Z,Digitizer_run1640_subrun688.csv,37,False,,,2.23,-0.4184
2026-04-09T10:19:59Z,Digitizer_run1640_subrun688.csv,38,False,,,1.79,-0.3987
2026-04-09T10:19:59Z,Digitizer_run1640_subrun688.csv,39,False,,,2.26,-0.4137
2026-04-09T10:19:59Z,Digitizer_run1640_subrun688.csv,40,False,,,2.36,-0.4175
2026-04-09T10:19:59Z,Digitizer_run1640_subrun688.csv,41,False,,,1.36,-0.3899
2026-04-09T10:19:59Z,Digitizer_run1640_subrun688.csv,42,False,,,1.26,-0.3932
2026-04-09T10:19:59Z,Digitizer_run1640_subrun688.csv,43,False,,,4.4,-0.4423
2026-04-09T10:19:59Z,Digitizer_run1640_subrun688.csv,44,False,,,1.41,-0.3923
2026-04-09T10:19:59Z,Digitizer_run1640_subrun688.csv,45,False,,,2.27,-0.4173
2026-04-09T10:19:59Z,Digitizer_run1640_subrun688.csv,46,False,,,1.39,-0.3973
2026-04-09T10:19:59Z,Digitizer_run1640_subrun688.csv,47,False,,,1.92,-0.4375
2026-04-09T10:19:59Z,Digitizer_run1640_subrun688.csv,48,False,,,1.53,-0.4343
2026-04-09T10:19:59Z,Digitizer_run1640_subrun688.csv,49,False,,,2.92,-0.4063
2026-04-09T10:19:59Z,Digitizer_run1640_subrun688.csv,50,False,,,3.17,-0.4302
2026-04-09T10:19:59Z,Digitizer_run1640_subrun688.csv,51,False,,,3.94,-0.4121
2026-04-09T10:19:59Z,Digitizer_run1640_subrun688.csv,52,True,isolation_forest,,4.99,-0.503
2026-04-09T10:19:59Z,Digitizer_run1640_subrun688.csv,53,False,,,1.78,-0.4248
2026-04-09T10:19:59Z,Digitizer_run1640_subrun688.csv,54,False,,,2.17,-0.4
2026-04-09T10:19:59Z,Digitizer_run1640_subrun688.csv,55,False,,,2.55,-0.4509
2026-04-09T10:19:59Z,Digitizer_run1640_subrun688.csv,56,False,,,2.73,-0.4643
2026-04-09T10:19:59Z,Digitizer_run1640_subrun688.csv,57,False,,,2.23,-0.4165
2026-04-09T10:19:59Z,Digitizer_run1640_subrun688.csv,58,False,,,1.49,-0.4157
2026-04-09T10:19:59Z,Digitizer_run1640_subrun688.csv,59,False,,,1.35,-0.4031
2026-04-09T10:19:59Z,Digitizer_run1640_subrun688.csv,60,False,,,2.77,-0.4264
2026-04-09T10:19:59Z,Digitizer_run1640_subrun688.csv,61,False,,,2.79,-0.4195
2026-04-09T10:19:59Z,Digitizer_run1640_subrun688.csv,62,False,,,2.49,-0.4245
2026-04-09T10:19:59Z,Digitizer_run1640_subrun688.csv,63,False,,,2.33,-0.4253
2026-04-09T10:19:59Z,Digitizer_run1640_subrun688.csv,64,False,,,1.3,-0.3984
2026-04-09T10:19:59Z,Digitizer_run1640_subrun688.csv,65,False,,,1.61,-0.399
2026-04-09T10:19:59Z,Digitizer_run1640_subrun688.csv,66,False,,,2.6,-0.4413
2026-04-09T10:19:59Z,Digitizer_run1640_subrun688.csv,67,False,,,3.5,-0.4725
2026-04-09T10:19:59Z,Digitizer_run1640_subrun688.csv,68,False,,,2.2,-0.4456
2026-04-09T10:19:59Z,Digitizer_run1640_subrun688.csv,69,False,,,1.36,-0.4001
2026-04-09T10:19:59Z,Digitizer_run1640_subrun688.csv,70,False,,,1.54,-0.4229
2026-04-09T10:19:59Z,Digitizer_run1640_subrun688.csv,71,False,,,1.91,-0.4108
2026-04-09T10:19:59Z,Digitizer_run1640_subrun688.csv,72,False,,,1.32,-0.4067
2026-04-09T10:19:59Z,Digitizer_run1640_subrun688.csv,73,False,,,2.66,-0.4144
2026-04-09T10:19:59Z,Digitizer_run1640_subrun688.csv,74,False,,,2.03,-0.412
2026-04-09T10:19:59Z,Digitizer_run1640_subrun688.csv,75,False,,,4.15,-0.4427
2026-04-09T10:19:59Z,Digitizer_run1640_subrun688.csv,76,False,,,2.43,-0.4494
2026-04-09T10:19:59Z,Digitizer_run1640_subrun688.csv,77,False,,,2.11,-0.4278
2026-04-09T10:19:59Z,Digitizer_run1640_subrun688.csv,78,False,,,1.78,-0.4048
2026-04-09T10:19:59Z,Digitizer_run1640_subrun688.csv,79,False,,,3.08,-0.4621
2026-04-09T10:19:59Z,Digitizer_run1640_subrun688.csv,80,False,,,1.36,-0.4075
2026-04-09T10:19:59Z,Digitizer_run1640_subrun688.csv,81,False,,,2.66,-0.4467
2026-04-09T10:19:59Z,Digitizer_run1640_subrun688.csv,82,False,,,2.02,-0.4221
2026-04-09T10:19:59Z,Digitizer_run1640_subrun688.csv,83,False,,,1.78,-0.3912
2026-04-09T10:19:59Z,Digitizer_run1640_subrun688.csv,84,False,,,1.56,-0.4039
2026-04-09T10:19:59Z,Digitizer_run1640_subrun688.csv,85,False,,,1.47,-0.4088
2026-04-09T10:19:59Z,Digitizer_run1640_subrun688.csv,86,False,,,2.13,-0.4428
2026-04-09T10:19:59Z,Digitizer_run1640_subrun688.csv,87,False,,,3.16,-0.4591
2026-04-09T10:19:59Z,Digitizer_run1640_subrun688.csv,88,False,,,1.89,-0.4026
2026-04-09T10:19:59Z,Digitizer_run1640_subrun688.csv,89,False,,,4.33,-0.4567
2026-04-09T10:19:59Z,Digitizer_run1640_subrun688.csv,90,False,,,2.6,-0.438
2026-04-09T10:19:59Z,Digitizer_run1640_subrun688.csv,91,False,,,1.06,-0.4173
2026-04-09T10:19:59Z,Digitizer_run1640_subrun688.csv,92,False,,,1.91,-0.4523
2026-04-09T10:19:59Z,Digitizer_run1640_subrun688.csv,93,False,,,1.06,-0.3936
2026-04-09T10:19:59Z,Digitizer_run1640_subrun688.csv,94,False,,,1.56,-0.4403
2026-04-09T10:19:59Z,Digitizer_run1640_subrun688.csv,95,False,,,2.46,-0.4762
2026-04-09T10:20:01Z,Digitizer_run1640_subrun396.csv,0,True,statistical+IF,triggerRate_bit1;triggerRate_bit2;triggerRate_tot,8.81,-0.544
2026-04-09T10:20:01Z,Digitizer_run1640_subrun396.csv,1,True,statistical+IF,triggerRate_bit1;triggerRate_bit2;triggerRate_tot,8.81,-0.5315
2026-04-09T10:20:01Z,Digitizer_run1640_subrun396.csv,2,True,statistical+IF,triggerRate_bit1;triggerRate_bit2;triggerRate_tot,8.81,-0.5063
2026-04-09T10:20:01Z,Digitizer_run1640_subrun396.csv,3,True,statistical+IF,triggerRate_bit1;triggerRate_bit2;triggerRate_tot,8.81,-0.5496
2026-04-09T10:20:01Z,Digitizer_run1640_subrun396.csv,4,True,statistical+IF,triggerRate_bit1;triggerRate_bit2;triggerRate_tot,8.81,-0.5661
2026-04-09T10:20:01Z,Digitizer_run1640_subrun396.csv,5,True,statistical+IF,triggerRate_bit1;triggerRate_bit2;triggerRate_tot,8.81,-0.5389
2026-04-09T10:20:01Z,Digitizer_run1640_subrun396.csv,6,True,statistical+IF,triggerRate_bit1;triggerRate_bit2;triggerRate_tot,8.81,-0.5662
2026-04-09T10:20:01Z,Digitizer_run1640_subrun396.csv,7,True,statistical+IF,triggerRate_bit1;triggerRate_bit2;triggerRate_tot,8.81,-0.552
2026-04-09T10:20:01Z,Digitizer_run1640_subrun396.csv,8,True,statistical+IF,occupancy;triggerRate_bit1;triggerRate_bit2;triggerRate_tot,9.56,-0.5443
2026-04-09T10:20:01Z,Digitizer_run1640_subrun396.csv,9,True,statistical+IF,occupancy;triggerRate_bit1;triggerRate_bit2;triggerRate_tot,9.74,-0.5168
2026-04-09T10:20:01Z,Digitizer_run1640_subrun396.csv,10,True,statistical+IF,triggerRate_bit1;triggerRate_bit2;triggerRate_tot,8.81,-0.5931
2026-04-09T10:20:01Z,Digitizer_run1640_subrun396.csv,11,True,statistical+IF,triggerRate_bit1;triggerRate_bit2;triggerRate_tot,8.81,-0.5449
2026-04-09T10:20:01Z,Digitizer_run1640_subrun396.csv,12,True,statistical+IF,triggerRate_bit1;triggerRate_bit2;triggerRate_tot,8.81,-0.52
2026-04-09T10:20:01Z,Digitizer_run1640_subrun396.csv,13,True,statistical+IF,triggerRate_bit1;triggerRate_bit2;triggerRate_tot,8.81,-0.5473
2026-04-09T10:20:01Z,Digitizer_run1640_subrun396.csv,14,True,statistical+IF,triggerRate_bit1;triggerRate_bit2;triggerRate_tot,8.81,-0.5613
2026-04-09T10:20:01Z,Digitizer_run1640_subrun396.csv,15,True,statistical+IF,triggerRate_bit1;triggerRate_bit2;triggerRate_tot,8.81,-0.568
2026-04-09T10:20:01Z,Digitizer_run1640_subrun396.csv,16,True,statistical+IF,triggerRate_bit1;triggerRate_bit2;triggerRate_tot,8.81,-0.597
2026-04-09T10:20:01Z,Digitizer_run1640_subrun396.csv,17,True,statistical+IF,triggerRate_bit1;triggerRate_bit2;triggerRate_tot,8.81,-0.5679
2026-04-09T10:20:01Z,Digitizer_run1640_subrun396.csv,18,True,statistical+IF,triggerRate_bit1;triggerRate_bit2;triggerRate_tot,8.81,-0.5837
2026-04-09T10:20:01Z,Digitizer_run1640_subrun396.csv,19,True,statistical+IF,sideband_rms_mean;triggerRate_bit1;triggerRate_bit2;triggerRate_tot,8.81,-0.5684
2026-04-09T10:20:01Z,Digitizer_run1640_subrun396.csv,20,True,statistical+IF,triggerRate_bit1;triggerRate_bit2;triggerRate_tot,8.81,-0.524
2026-04-09T10:20:01Z,Digitizer_run1640_subrun396.csv,21,True,statistical+IF,triggerRate_bit1;triggerRate_bit2;triggerRate_tot,8.81,-0.5081
2026-04-09T10:20:01Z,Digitizer_run1640_subrun396.csv,22,True,statistical+IF,triggerRate_bit1;triggerRate_bit2;triggerRate_tot,8.81,-0.6023
2026-04-09T10:20:01Z,Digitizer_run1640_subrun396.csv,23,True,statistical+IF,pulseHeight_min_std;triggerRate_bit1;triggerRate_bit2;triggerRate_tot,8.81,-0.6037
2026-04-09T10:20:01Z,Digitizer_run1640_subrun396.csv,24,True,statistical+IF,occupancy;triggerRate_bit1;triggerRate_bit2;triggerRate_tot,8.81,-0.5377
2026-04-09T10:20:01Z,Digitizer_run1640_subrun396.csv,25,True,statistical+IF,triggerRate_bit1;triggerRate_bit2;triggerRate_tot,8.81,-0.5578
2026-04-09T10:20:01Z,Digitizer_run1640_subrun396.csv,26,True,statistical+IF,triggerRate_bit1;triggerRate_bit2;triggerRate_tot,8.81,-0.5446
2026-04-09T10:20:01Z,Digitizer_run1640_subrun396.csv,27,True,statistical+IF,triggerRate_bit1;triggerRate_bit2;triggerRate_tot,8.81,-0.5402
2026-04-09T10:20:01Z,Digitizer_run1640_subrun396.csv,28,True,statistical+IF,pulseHeight_max_std;triggerRate_bit1;triggerRate_bit2;triggerRate_tot,8.81,-0.5871
2026-04-09T10:20:01Z,Digitizer_run1640_subrun396.csv,29,True,statistical+IF,triggerRate_bit1;triggerRate_bit2;triggerRate_tot,8.81,-0.5743
2026-04-09T10:20:01Z,Digitizer_run1640_subrun396.csv,30,True,statistical+IF,occupancy;triggerRate_bit1;triggerRate_bit2;triggerRate_tot,8.81,-0.5608
2026-04-09T10:20:01Z,Digitizer_run1640_subrun396.csv,31,True,statistical+IF,pulseHeight_max_median;pulseArea_max_median;occupancy;triggerRate_bit1;triggerRate_bit2;triggerRate_tot,8.81,-0.5645
2026-04-09T10:20:01Z,Digitizer_run1640_subrun396.csv,32,True,statistical+IF,sideband_mean_median;nPulses_mean;nPulses_median;pulseHeight_max_mean;pulseHeight_max_std;pulseHeight_min_std;occupancy;triggerRate_bit1;triggerRate_bit2;triggerRate_tot,9.08,-0.6681
2026-04-09T10:20:01Z,Digitizer_run1640_subrun396.csv,33,True,statistical+IF,sideband_mean_median;pulseHeight_max_mean;pulseHeight_max_std;pulseHeight_min_std;occupancy;triggerRate_bit1;triggerRate_bit2;triggerRate_tot,9.21,-0.635
2026-04-09T10:20:01Z,Digitizer_run1640_subrun396.csv,34,True,statistical+IF,sideband_rms_mean;sideband_rms_std;occupancy;triggerRate_bit1;triggerRate_bit2;triggerRate_tot,11.69,-0.5733
2026-04-09T10:20:01Z,Digitizer_run1640_subrun396.csv,35,True,statistical+IF,sideband_rms_mean;sideband_rms_std;occupancy;triggerRate_bit1;triggerRate_bit2;triggerRate_tot,10.46,-0.5602
2026-04-09T10:20:01Z,Digitizer_run1640_subrun396.csv,36,True,statistical+IF,occupancy;triggerRate_bit1;triggerRate_bit2;triggerRate_tot,8.81,-0.5773
2026-04-09T10:20:01Z,Digitizer_run1640_subrun396.csv,37,True,statistical+IF,occupancy;triggerRate_bit1;triggerRate_bit2;triggerRate_tot,8.81,-0.5697
2026-04-09T10:20:01Z,Digitizer_run1640_subrun396.csv,38,True,statistical+IF,triggerRate_bit1;triggerRate_bit2;triggerRate_tot,8.81,-0.518
2026-04-09T10:20:01Z,Digitizer_run1640_subrun396.csv,39,True,statistical+IF,triggerRate_bit1;triggerRate_bit2;triggerRate_tot,8.81,-0.5479
2026-04-09T10:20:01Z,Digitizer_run1640_subrun396.csv,40,True,statistical+IF,occupancy;triggerRate_bit1;triggerRate_bit2;triggerRate_tot,8.81,-0.5702
2026-04-09T10:20:01Z,Digitizer_run1640_subrun396.csv,41,True,statistical+IF,occupancy;triggerRate_bit1;triggerRate_bit2;triggerRate_tot,8.81,-0.5807
2026-04-09T10:20:01Z,Digitizer_run1640_subrun396.csv,42,True,statistical+IF,triggerRate_bit1;triggerRate_bit2;triggerRate_tot,8.81,-0.536
2026-04-09T10:20:01Z,Digitizer_run1640_subrun396.csv,43,True,statistical+IF,triggerRate_bit1;triggerRate_bit2;triggerRate_tot,8.81,-0.4998
2026-04-09T10:20:01Z,Digitizer_run1640_subrun396.csv,44,True,statistical+IF,triggerRate_bit1;triggerRate_bit2;triggerRate_tot,8.81,-0.5394
2026-04-09T10:20:01Z,Digitizer_run1640_subrun396.csv,45,True,statistical+IF,triggerRate_bit1;triggerRate_bit2;triggerRate_tot,8.81,-0.5746
2026-04-09T10:20:01Z,Digitizer_run1640_subrun396.csv,46,True,statistical+IF,triggerRate_bit1;triggerRate_bit2;triggerRate_tot,8.81,-0.5488
2026-04-09T10:20:01Z,Digitizer_run1640_subrun396.csv,47,True,statistical+IF,triggerRate_bit1;triggerRate_bit2;triggerRate_tot,8.81,-0.5637
2026-04-09T10:20:01Z,Digitizer_run1640_subrun396.csv,48,True,statistical+IF,triggerRate_bit1;triggerRate_bit2;triggerRate_tot,8.81,-0.5951
2026-04-09T10:20:01Z,Digitizer_run1640_subrun396.csv,49,True,statistical+IF,triggerRate_bit1;triggerRate_bit2;triggerRate_tot,8.81,-0.6279
2026-04-09T10:20:01Z,Digitizer_run1640_subrun396.csv,50,True,statistical+IF,triggerRate_bit1;triggerRate_bit2;triggerRate_tot,8.81,-0.5695
2026-04-09T10:20:01Z,Digitizer_run1640_subrun396.csv,51,True,statistical+IF,triggerRate_bit1;triggerRate_bit2;triggerRate_tot,8.81,-0.5232
2026-04-09T10:20:01Z,Digitizer_run1640_subrun396.csv,52,True,statistical+IF,triggerRate_bit1;triggerRate_bit2;triggerRate_tot,8.81,-0.5695
2026-04-09T10:20:01Z,Digitizer_run1640_subrun396.csv,53,True,statistical+IF,triggerRate_bit1;triggerRate_bit2;triggerRate_tot,8.81,-0.5706
2026-04-09T10:20:01Z,Digitizer_run1640_subrun396.csv,54,True,statistical+IF,triggerRate_bit1;triggerRate_bit2;triggerRate_tot,8.81,-0.4949
2026-04-09T10:20:01Z,Digitizer_run1640_subrun396.csv,55,True,statistical+IF,triggerRate_bit1;triggerRate_bit2;triggerRate_tot,8.81,-0.5145
2026-04-09T10:20:01Z,Digitizer_run1640_subrun396.csv,56,True,statistical+IF,sideband_mean_median;pulseDuriation_max_mean;pulseDuriation_max_median;pulseDuriation_min_mean;occupancy;triggerRate_bit1;triggerRate_bit2;triggerRate_tot,8.81,-0.6517
2026-04-09T10:20:01Z,Digitizer_run1640_subrun396.csv,57,True,statistical+IF,triggerRate_bit1;triggerRate_bit2;triggerRate_tot,8.81,-0.58
2026-04-09T10:20:01Z,Digitizer_run1640_subrun396.csv,58,True,statistical+IF,triggerRate_bit1;triggerRate_bit2;triggerRate_tot,8.81,-0.6248
2026-04-09T10:20:01Z,Digitizer_run1640_subrun396.csv,59,True,statistical+IF,pulseDuriation_max_median;triggerRate_bit1;triggerRate_bit2;triggerRate_tot,8.81,-0.6292
2026-04-09T10:20:01Z,Digitizer_run1640_subrun396.csv,60,True,statistical+IF,triggerRate_bit1;triggerRate_bit2;triggerRate_tot,8.81,-0.5833
2026-04-09T10:20:01Z,Digitizer_run1640_subrun396.csv,61,True,statistical+IF,triggerRate_bit1;triggerRate_bit2;triggerRate_tot,8.81,-0.5897
2026-04-09T10:20:01Z,Digitizer_run1640_subrun396.csv,62,True,statistical+IF,triggerRate_bit1;triggerRate_bit2;triggerRate_tot,8.81,-0.5275
2026-04-09T10:20:01Z,Digitizer_run1640_subrun396.csv,63,True,statistical+IF,triggerRate_bit1;triggerRate_bit2;triggerRate_tot,8.81,-0.5307
2026-04-09T10:20:01Z,Digitizer_run1640_subrun396.csv,64,True,statistical+IF,triggerRate_bit1;triggerRate_bit2;triggerRate_tot,8.81,-0.5191
2026-04-09T10:20:01Z,Digitizer_run1640_subrun396.csv,65,True,statistical+IF,triggerRate_bit1;triggerRate_bit2;triggerRate_tot,8.81,-0.5127
2026-04-09T10:20:01Z,Digitizer_run1640_subrun396.csv,66,True,statistical+IF,triggerRate_bit1;triggerRate_bit2;triggerRate_tot,8.81,-0.525
2026-04-09T10:20:01Z,Digitizer_run1640_subrun396.csv,67,True,statistical+IF,triggerRate_bit1;triggerRate_bit2;triggerRate_tot,8.81,-0.51
2026-04-09T10:20:01Z,Digitizer_run1640_subrun396.csv,68,True,statistical+IF,triggerRate_bit1;triggerRate_bit2;triggerRate_tot,8.81,-0.5826
2026-04-09T10:20:01Z,Digitizer_run1640_subrun396.csv,69,True,statistical+IF,triggerRate_bit1;triggerRate_bit2;triggerRate_tot,8.81,-0.5533
2026-04-09T10:20:01Z,Digitizer_run1640_subrun396.csv,70,True,statistical+IF,triggerRate_bit1;triggerRate_bit2;triggerRate_tot,8.81,-0.5364
2026-04-09T10:20:01Z,Digitizer_run1640_subrun396.csv,71,True,statistical+IF,triggerRate_bit1;triggerRate_bit2;triggerRate_tot,8.81,-0.493
2026-04-09T10:20:01Z,Digitizer_run1640_subrun396.csv,72,True,statistical+IF,triggerRate_bit1;triggerRate_bit2;triggerRate_tot,8.81,-0.524
2026-04-09T10:20:01Z,Digitizer_run1640_subrun396.csv,73,True,statistical+IF,triggerRate_bit1;triggerRate_bit2;triggerRate_tot,8.81,-0.5193
2026-04-09T10:20:01Z,Digitizer_run1640_subrun396.csv,74,True,statistical+IF,triggerRate_bit1;triggerRate_bit2;triggerRate_tot,8.81,-0.5216
2026-04-09T10:20:01Z,Digitizer_run1640_subrun396.csv,75,True,statistical+IF,triggerRate_bit1;triggerRate_bit2;triggerRate_tot,8.81,-0.5304
2026-04-09T10:20:01Z,Digitizer_run1640_subrun396.csv,76,True,statistical+IF,triggerRate_bit1;triggerRate_bit2;triggerRate_tot,8.81,-0.543
2026-04-09T10:20:01Z,Digitizer_run1640_subrun396.csv,77,True,statistical+IF,triggerRate_bit1;triggerRate_bit2;triggerRate_tot,8.81,-0.5459
2026-04-09T10:20:01Z,Digitizer_run1640_subrun396.csv,78,True,statistical+IF,triggerRate_bit1;triggerRate_bit2;triggerRate_tot,8.81,-0.5745
2026-04-09T10:20:01Z,Digitizer_run1640_subrun396.csv,79,True,statistical+IF,triggerRate_bit1;triggerRate_bit2;triggerRate_tot,8.81,-0.5701
2026-04-09T10:20:01Z,Digitizer_run1640_subrun396.csv,80,True,statistical+IF,occupancy;triggerRate_bit1;triggerRate_bit2;triggerRate_tot,8.81,-0.5955
2026-04-09T10:20:01Z,Digitizer_run1640_subrun396.csv,81,True,statistical+IF,triggerRate_bit1;triggerRate_bit2;triggerRate_tot,8.81,-0.5362
2026-04-09T10:20:01Z,Digitizer_run1640_subrun396.csv,82,True,statistical+IF,triggerRate_bit1;triggerRate_bit2;triggerRate_tot,8.81,-0.5923
2026-04-09T10:20:01Z,Digitizer_run1640_subrun396.csv,83,True,statistical+IF,triggerRate_bit1;triggerRate_bit2;triggerRate_tot,8.81,-0.5268
2026-04-09T10:20:01Z,Digitizer_run1640_subrun396.csv,84,True,statistical+IF,triggerRate_bit1;triggerRate_bit2;triggerRate_tot,8.81,-0.5151
2026-04-09T10:20:01Z,Digitizer_run1640_subrun396.csv,85,True,statistical+IF,triggerRate_bit1;triggerRate_bit2;triggerRate_tot,8.81,-0.5276
2026-04-09T10:20:01Z,Digitizer_run1640_subrun396.csv,86,True,statistical+IF,triggerRate_bit1;triggerRate_bit2;triggerRate_tot,8.81,-0.5381
2026-04-09T10:20:01Z,Digitizer_run1640_subrun396.csv,87,True,statistical+IF,sideband_mean_mean;triggerRate_bit1;triggerRate_bit2;triggerRate_tot,8.81,-0.5721
2026-04-09T10:20:01Z,Digitizer_run1640_subrun396.csv,88,True,statistical+IF,triggerRate_bit1;triggerRate_bit2;triggerRate_tot,8.81,-0.5333
2026-04-09T10:20:01Z,Digitizer_run1640_subrun396.csv,89,True,statistical+IF,triggerRate_bit1;triggerRate_bit2;triggerRate_tot,8.81,-0.529
2026-04-09T10:20:01Z,Digitizer_run1640_subrun396.csv,90,True,statistical+IF,triggerRate_bit1;triggerRate_bit2;triggerRate_tot,8.81,-0.5352
2026-04-09T10:20:01Z,Digitizer_run1640_subrun396.csv,91,True,statistical+IF,triggerRate_bit1;triggerRate_bit2;triggerRate_tot,8.81,-0.5292
2026-04-09T10:20:01Z,Digitizer_run1640_subrun396.csv,92,True,statistical+IF,triggerRate_bit1;triggerRate_bit2;triggerRate_tot,8.81,-0.5368
2026-04-09T10:20:01Z,Digitizer_run1640_subrun396.csv,93,True,statistical+IF,triggerRate_bit1;triggerRate_bit2;triggerRate_tot,8.81,-0.5041
2026-04-09T10:20:01Z,Digitizer_run1640_subrun396.csv,94,True,statistical+IF,pulseHeight_max_median;pulseArea_max_median;triggerRate_bit1;triggerRate_bit2;triggerRate_tot,8.81,-0.5636
2026-04-09T10:20:01Z,Digitizer_run1640_subrun396.csv,95,True,statistical+IF,triggerRate_bit1;triggerRate_bit2;triggerRate_tot,8.81,-0.5515
2026-04-09T10:20:04Z,Digitizer_run1640_subrun15.csv,0,False,,,4.58,-0.483
2026-04-09T10:20:04Z,Digitizer_run1640_subrun15.csv,1,False,,,4.58,-0.4881
2026-04-09T10:20:04Z,Digitizer_run1640_subrun15.csv,2,True,isolation_forest,,4.58,-0.5192
2026-04-09T10:20:04Z,Digitizer_run1640_subrun15.csv,3,True,isolation_forest,,4.58,-0.5435
2026-04-09T10:20:04Z,Digitizer_run1640_subrun15.csv,4,False,,,4.58,-0.4488
2026-04-09T10:20:04Z,Digitizer_run1640_subrun15.csv,5,False,,,4.58,-0.4903
2026-04-09T10:20:04Z,Digitizer_run1640_subrun15.csv,6,False,,,4.58,-0.4866
2026-04-09T10:20:04Z,Digitizer_run1640_subrun15.csv,7,True,isolation_forest,,4.58,-0.5483
2026-04-09T10:20:04Z,Digitizer_run1640_subrun15.csv,8,True,statistical+IF,occupancy,6.39,-0.5065
2026-04-09T10:20:04Z,Digitizer_run1640_subrun15.csv,9,True,statistical,occupancy,6.06,-0.4845
2026-04-09T10:20:04Z,Digitizer_run1640_subrun15.csv,10,False,,,4.58,-0.4726
2026-04-09T10:20:04Z,Digitizer_run1640_subrun15.csv,11,False,,,4.58,-0.4583
2026-04-09T10:20:04Z,Digitizer_run1640_subrun15.csv,12,True,statistical+IF,sideband_rms_mean,7.83,-0.5759
2026-04-09T10:20:04Z,Digitizer_run1640_subrun15.csv,13,True,statistical+IF,sideband_rms_mean,6.24,-0.537
2026-04-09T10:20:04Z,Digitizer_run1640_subrun15.csv,14,False,,,4.58,-0.4619
2026-04-09T10:20:04Z,Digitizer_run1640_subrun15.csv,15,True,isolation_forest,,4.58,-0.5135
2026-04-09T10:20:04Z,Digitizer_run1640_subrun15.csv,16,False,,,4.58,-0.4718
2026-04-09T10:20:04Z,Digitizer_run1640_subrun15.csv,17,False,,,4.58,-0.4906
2026-04-09T10:20:04Z,Digitizer_run1640_subrun15.csv,18,False,,,4.58,-0.4606
2026-04-09T10:20:04Z,Digitizer_run1640_subrun15.csv,19,False,,,4.58,-0.4526
2026-04-09T10:20:04Z,Digitizer_run1640_subrun15.csv,20,True,isolation_forest,,4.58,-0.531
2026-04-09T10:20:04Z,Digitizer_run1640_subrun15.csv,21,True,isolation_forest,,4.58,-0.535
2026-04-09T10:20:04Z,Digitizer_run1640_subrun15.csv,22,True,isolation_forest,,5.0,-0.5385
2026-04-09T10:20:04Z,Digitizer_run1640_subrun15.csv,23,True,isolation_forest,,4.58,-0.5158
2026-04-09T10:20:04Z,Digitizer_run1640_subrun15.csv,24,True,isolation_forest,,4.58,-0.4924
2026-04-09T10:20:04Z,Digitizer_run1640_subrun15.csv,25,True,statistical+IF,pulseHeight_min_median,5.98,-0.5368
2026-04-09T10:20:04Z,Digitizer_run1640_subrun15.csv,26,False,,,4.58,-0.4754
2026-04-09T10:20:04Z,Digitizer_run1640_subrun15.csv,27,True,isolation_forest,,4.58,-0.4923
2026-04-09T10:20:04Z,Digitizer_run1640_subrun15.csv,28,True,isolation_forest,,4.58,-0.5059
2026-04-09T10:20:04Z,Digitizer_run1640_subrun15.csv,29,False,,,4.58,-0.4904
2026-04-09T10:20:04Z,Digitizer_run1640_subrun15.csv,30,True,isolation_forest,,4.58,-0.5013
2026-04-09T10:20:04Z,Digitizer_run1640_subrun15.csv,31,False,,,4.58,-0.4843
2026-04-09T10:20:04Z,Digitizer_run1640_subrun15.csv,32,True,statistical+IF,nPulses_mean;nPulses_std;occupancy,5.49,-0.6363
2026-04-09T10:20:04Z,Digitizer_run1640_subrun15.csv,33,True,statistical+IF,pulseHeight_max_std;occupancy,5.46,-0.602
2026-04-09T10:20:04Z,Digitizer_run1640_subrun15.csv,34,True,isolation_forest,,4.58,-0.5113
2026-04-09T10:20:04Z,Digitizer_run1640_subrun15.csv,35,True,isolation_forest,,4.58,-0.5125
2026-04-09T10:20:04Z,Digitizer_run1640_subrun15.csv,36,False,,,4.58,-0.4899
2026-04-09T10:20:04Z,Digitizer_run1640_subrun15.csv,37,True,isolation_forest,,4.58,-0.5386
2026-04-09T10:20:04Z,Digitizer_run1640_subrun15.csv,38,False,,,4.58,-0.4735
2026-04-09T10:20:04Z,Digitizer_run1640_subrun15.csv,39,False,,,4.58,-0.4617
2026-04-09T10:20:04Z,Digitizer_run1640_subrun15.csv,40,False,,,4.58,-0.4744
2026-04-09T10:20:04Z,Digitizer_run1640_subrun15.csv,41,False,,,4.58,-0.4881
2026-04-09T10:20:04Z,Digitizer_run1640_subrun15.csv,42,True,isolation_forest,,4.58,-0.5398
2026-04-09T10:20:04Z,Digitizer_run1640_subrun15.csv,43,True,isolation_forest,,4.58,-0.501
2026-04-09T10:20:04Z,Digitizer_run1640_subrun15.csv,44,False,,,4.58,-0.4816
2026-04-09T10:20:04Z,Digitizer_run1640_subrun15.csv,45,False,,,4.58,-0.4843
2026-04-09T10:20:04Z,Digitizer_run1640_subrun15.csv,46,True,isolation_forest,,4.58,-0.5007
2026-04-09T10:20:04Z,Digitizer_run1640_subrun15.csv,47,False,,,4.58,-0.4794
2026-04-09T10:20:04Z,Digitizer_run1640_subrun15.csv,48,True,isolation_forest,,4.58,-0.5459
2026-04-09T10:20:04Z,Digitizer_run1640_subrun15.csv,49,True,isolation_forest,,4.58,-0.5134
2026-04-09T10:20:04Z,Digitizer_run1640_subrun15.csv,50,False,,,4.58,-0.4846
2026-04-09T10:20:04Z,Digitizer_run1640_subrun15.csv,51,True,isolation_forest,,4.58,-0.5292
2026-04-09T10:20:04Z,Digitizer_run1640_subrun15.csv,52,True,isolation_forest,,4.58,-0.5023
2026-04-09T10:20:04Z,Digitizer_run1640_subrun15.csv,53,True,isolation_forest,,4.58,-0.5136
2026-04-09T10:20:04Z,Digitizer_run1640_subrun15.csv,54,False,,,4.58,-0.4427
2026-04-09T10:20:04Z,Digitizer_run1640_subrun15.csv,55,True,isolation_forest,,4.58,-0.4979
2026-04-09T10:20:04Z,Digitizer_run1640_subrun15.csv,56,True,isolation_forest,,4.98,-0.5865
2026-04-09T10:20:04Z,Digitizer_run1640_subrun15.csv,57,False,,,4.58,-0.463
2026-04-09T10:20:04Z,Digitizer_run1640_subrun15.csv,58,False,,,4.58,-0.4557
2026-04-09T10:20:04Z,Digitizer_run1640_subrun15.csv,59,False,,,4.58,-0.4622
2026-04-09T10:20:04Z,Digitizer_run1640_subrun15.csv,60,True,isolation_forest,,4.58,-0.5133
2026-04-09T10:20:04Z,Digitizer_run1640_subrun15.csv,61,True,statistical+IF,sideband_mean_mean,5.17,-0.5283
2026-04-09T10:20:04Z,Digitizer_run1640_subrun15.csv,62,False,,,4.58,-0.4597
2026-04-09T10:20:04Z,Digitizer_run1640_subrun15.csv,63,False,,,4.58,-0.4791
2026-04-09T10:20:04Z,Digitizer_run1640_subrun15.csv,64,True,isolation_forest,,4.58,-0.504
2026-04-09T10:20:04Z,Digitizer_run1640_subrun15.csv,65,True,isolation_forest,,4.58,-0.5059
2026-04-09T10:20:04Z,Digitizer_run1640_subrun15.csv,66,False,,,4.58,-0.4767
2026-04-09T10:20:04Z,Digitizer_run1640_subrun15.csv,67,True,isolation_forest,,4.58,-0.5098
2026-04-09T10:20:04Z,Digitizer_run1640_subrun15.csv,68,False,,,4.58,-0.4808
2026-04-09T10:20:04Z,Digitizer_run1640_subrun15.csv,69,True,isolation_forest,,4.58,-0.5132
2026-04-09T10:20:04Z,Digitizer_run1640_subrun15.csv,70,True,isolation_forest,,4.58,-0.5226
2026-04-09T10:20:04Z,Digitizer_run1640_subrun15.csv,71,False,,,4.58,-0.4704
2026-04-09T10:20:04Z,Digitizer_run1640_subrun15.csv,72,False,,,4.58,-0.4624
2026-04-09T10:20:04Z,Digitizer_run1640_subrun15.csv,73,False,,,4.58,-0.4692
2026-04-09T10:20:04Z,Digitizer_run1640_subrun15.csv,74,False,,,4.58,-0.4902
2026-04-09T10:20:04Z,Digitizer_run1640_subrun15.csv,75,False,,,4.58,-0.4597
2026-04-09T10:20:04Z,Digitizer_run1640_subrun15.csv,76,False,,,4.58,-0.4656
2026-04-09T10:20:04Z,Digitizer_run1640_subrun15.csv,77,False,,,4.58,-0.4622
2026-04-09T10:20:04Z,Digitizer_run1640_subrun15.csv,78,False,,,4.58,-0.4615
2026-04-09T10:20:04Z,Digitizer_run1640_subrun15.csv,79,False,,,4.58,-0.4544
2026-04-09T10:20:04Z,Digitizer_run1640_subrun15.csv,80,False,,,4.61,-0.4808
2026-04-09T10:20:04Z,Digitizer_run1640_subrun15.csv,81,False,,,4.58,-0.4784
2026-04-09T10:20:04Z,Digitizer_run1640_subrun15.csv,82,True,isolation_forest,,4.58,-0.5236
2026-04-09T10:20:04Z,Digitizer_run1640_subrun15.csv,83,True,isolation_forest,,4.58,-0.5207
2026-04-09T10:20:04Z,Digitizer_run1640_subrun15.csv,84,False,,,4.58,-0.4605
2026-04-09T10:20:04Z,Digitizer_run1640_subrun15.csv,85,False,,,4.58,-0.4535
2026-04-09T10:20:04Z,Digitizer_run1640_subrun15.csv,86,False,,,4.58,-0.4538
2026-04-09T10:20:04Z,Digitizer_run1640_subrun15.csv,87,False,,,4.58,-0.4469
2026-04-09T10:20:04Z,Digitizer_run1640_subrun15.csv,88,True,statistical+IF,nPulses_median,14.14,-0.5407
2026-04-09T10:20:04Z,Digitizer_run1640_subrun15.csv,89,True,isolation_forest,,4.58,-0.5226
2026-04-09T10:20:04Z,Digitizer_run1640_subrun15.csv,90,True,isolation_forest,,4.58,-0.5002
2026-04-09T10:20:04Z,Digitizer_run1640_subrun15.csv,91,True,isolation_forest,,4.58,-0.5565
2026-04-09T10:20:04Z,Digitizer_run1640_subrun15.csv,92,True,statistical+IF,sideband_rms_mean,5.42,-0.6246
2026-04-09T10:20:04Z,Digitizer_run1640_subrun15.csv,93,True,isolation_forest,,4.58,-0.5497
2026-04-09T10:20:04Z,Digitizer_run1640_subrun15.csv,94,True,isolation_forest,,4.58,-0.5243
2026-04-09T10:20:04Z,Digitizer_run1640_subrun15.csv,95,True,isolation_forest,,4.58,-0.5075
2026-04-09T10:20:07Z,Digitizer_run1640_subrun228.csv,0,True,isolation_forest,,4.5,-0.5175
2026-04-09T10:20:07Z,Digitizer_run1640_subrun228.csv,1,True,isolation_forest,,4.5,-0.5069
2026-04-09T10:20:07Z,Digitizer_run1640_subrun228.csv,2,True,isolation_forest,,4.5,-0.4956
2026-04-09T10:20:07Z,Digitizer_run1640_subrun228.csv,3,True,isolation_forest,,4.5,-0.4925
2026-04-09T10:20:07Z,Digitizer_run1640_subrun228.csv,4,False,,,4.5,-0.4826
2026-04-09T10:20:07Z,Digitizer_run1640_subrun228.csv,5,False,,,4.5,-0.4617
2026-04-09T10:20:07Z,Digitizer_run1640_subrun228.csv,6,False,,,4.5,-0.4777
2026-04-09T10:20:07Z,Digitizer_run1640_subrun228.csv,7,True,isolation_forest,,4.5,-0.5173
2026-04-09T10:20:07Z,Digitizer_run1640_subrun228.csv,8,True,isolation_forest,,4.88,-0.5148
2026-04-09T10:20:07Z,Digitizer_run1640_subrun228.csv,9,True,statistical,occupancy,5.21,-0.4714
2026-04-09T10:20:07Z,Digitizer_run1640_subrun228.csv,10,True,isolation_forest,,4.5,-0.5044
2026-04-09T10:20:07Z,Digitizer_run1640_subrun228.csv,11,False,,,4.5,-0.4883
2026-04-09T10:20:07Z,Digitizer_run1640_subrun228.csv,12,False,,,4.5,-0.4751
2026-04-09T10:20:07Z,Digitizer_run1640_subrun228.csv,13,False,,,4.5,-0.4871
2026-04-09T10:20:07Z,Digitizer_run1640_subrun228.csv,14,False,,,4.5,-0.4807
2026-04-09T10:20:07Z,Digitizer_run1640_subrun228.csv,15,True,isolation_forest,,4.5,-0.492
2026-04-09T10:20:07Z,Digitizer_run1640_subrun228.csv,16,True,isolation_forest,,4.5,-0.5005
2026-04-09T10:20:07Z,Digitizer_run1640_subrun228.csv,17,False,,,4.5,-0.4629
2026-04-09T10:20:07Z,Digitizer_run1640_subrun228.csv,18,True,isolation_forest,,4.5,-0.4914
2026-04-09T10:20:07Z,Digitizer_run1640_subrun228.csv,19,False,,,4.5,-0.4691
2026-04-09T10:20:07Z,Digitizer_run1640_subrun228.csv,20,True,isolation_forest,,4.5,-0.5039
2026-04-09T10:20:07Z,Digitizer_run1640_subrun228.csv,21,True,isolation_forest,,4.5,-0.5066
2026-04-09T10:20:07Z,Digitizer_run1640_subrun228.csv,22,True,isolation_forest,,4.5,-0.4968
2026-04-09T10:20:07Z,Digitizer_run1640_subrun228.csv,23,True,isolation_forest,,4.5,-0.4999
2026-04-09T10:20:07Z,Digitizer_run1640_subrun228.csv,24,False,,,4.5,-0.4663
2026-04-09T10:20:07Z,Digitizer_run1640_subrun228.csv,25,True,isolation_forest,,4.5,-0.5063
2026-04-09T10:20:07Z,Digitizer_run1640_subrun228.csv,26,True,isolation_forest,,4.5,-0.4957
2026-04-09T10:20:07Z,Digitizer_run1640_subrun228.csv,27,False,,,4.5,-0.4825
2026-04-09T10:20:07Z,Digitizer_run1640_subrun228.csv,28,False,,,4.5,-0.4678
2026-04-09T10:20:07Z,Digitizer_run1640_subrun228.csv,29,False,,,4.5,-0.472
2026-04-09T10:20:07Z,Digitizer_run1640_subrun228.csv,30,True,isolation_forest,,4.5,-0.547
2026-04-09T10:20:07Z,Digitizer_run1640_subrun228.csv,31,True,statistical+IF,sideband_mean_mean;sideband_mean_std,6.85,-0.5143
2026-04-09T10:20:07Z,Digitizer_run1640_subrun228.csv,32,True,statistical+IF,sideband_mean_median;pulseHeight_max_mean;pulseHeight_max_std;occupancy,6.28,-0.6422
2026-04-09T10:20:07Z,Digitizer_run1640_subrun228.csv,33,True,statistical+IF,sideband_mean_median;pulseHeight_max_mean;pulseHeight_max_std;occupancy,5.89,-0.6147
2026-04-09T10:20:07Z,Digitizer_run1640_subrun228.csv,34,True,isolation_forest,,4.5,-0.526
2026-04-09T10:20:07Z,Digitizer_run1640_subrun228.csv,35,True,isolation_forest,,4.5,-0.5185
2026-04-09T10:20:07Z,Digitizer_run1640_subrun228.csv,36,False,,,4.5,-0.4687
2026-04-09T10:20:07Z,Digitizer_run1640_subrun228.csv,37,True,isolation_forest,,4.5,-0.5031
2026-04-09T10:20:07Z,Digitizer_run1640_subrun228.csv,38,False,,,4.5,-0.4774
2026-04-09T10:20:07Z,Digitizer_run1640_subrun228.csv,39,True,isolation_forest,,4.5,-0.4989
2026-04-09T10:20:07Z,Digitizer_run1640_subrun228.csv,40,True,isolation_forest,,4.5,-0.5352
2026-04-09T10:20:07Z,Digitizer_run1640_subrun228.csv,41,True,isolation_forest,,4.5,-0.4939
2026-04-09T10:20:07Z,Digitizer_run1640_subrun228.csv,42,False,,,4.5,-0.4792
2026-04-09T10:20:07Z,Digitizer_run1640_subrun228.csv,43,True,isolation_forest,,4.5,-0.4917
2026-04-09T10:20:07Z,Digitizer_run1640_subrun228.csv,44,False,,,4.5,-0.471
2026-04-09T10:20:07Z,Digitizer_run1640_subrun228.csv,45,True,isolation_forest,,4.5,-0.4942
2026-04-09T10:20:07Z,Digitizer_run1640_subrun228.csv,46,True,isolation_forest,,4.5,-0.5153
2026-04-09T10:20:07Z,Digitizer_run1640_subrun228.csv,47,True,isolation_forest,,4.5,-0.5046
2026-04-09T10:20:07Z,Digitizer_run1640_subrun228.csv,48,True,isolation_forest,,4.5,-0.5301
2026-04-09T10:20:07Z,Digitizer_run1640_subrun228.csv,49,True,isolation_forest,,4.5,-0.5032
2026-04-09T10:20:07Z,Digitizer_run1640_subrun228.csv,50,False,,,4.5,-0.4821
2026-04-09T10:20:07Z,Digitizer_run1640_subrun228.csv,51,False,,,4.5,-0.4638
2026-04-09T10:20:07Z,Digitizer_run1640_subrun228.csv,52,False,,,4.5,-0.4832
2026-04-09T10:20:07Z,Digitizer_run1640_subrun228.csv,53,True,isolation_forest,,4.5,-0.5237
2026-04-09T10:20:07Z,Digitizer_run1640_subrun228.csv,54,False,,,4.5,-0.4712
2026-04-09T10:20:07Z,Digitizer_run1640_subrun228.csv,55,True,isolation_forest,,4.5,-0.5097
2026-04-09T10:20:07Z,Digitizer_run1640_subrun228.csv,56,True,statistical+IF,sideband_mean_median;pulseDuriation_max_mean;occupancy,6.11,-0.6042
2026-04-09T10:20:07Z,Digitizer_run1640_subrun228.csv,57,False,,,4.5,-0.4752
2026-04-09T10:20:07Z,Digitizer_run1640_subrun228.csv,58,True,isolation_forest,,4.5,-0.5376
2026-04-09T10:20:07Z,Digitizer_run1640_subrun228.csv,59,True,isolation_forest,,4.5,-0.5252
2026-04-09T10:20:07Z,Digitizer_run1640_subrun228.csv,60,False,,,4.5,-0.447
2026-04-09T10:20:07Z,Digitizer_run1640_subrun228.csv,61,False,,,4.5,-0.4783
2026-04-09T10:20:07Z,Digitizer_run1640_subrun228.csv,62,False,,,4.5,-0.4562
2026-04-09T10:20:07Z,Digitizer_run1640_subrun228.csv,63,False,,,4.5,-0.4648
2026-04-09T10:20:07Z,Digitizer_run1640_subrun228.csv,64,True,isolation_forest,,4.5,-0.545
2026-04-09T10:20:07Z,Digitizer_run1640_subrun228.csv,65,True,isolation_forest,,4.5,-0.5211
2026-04-09T10:20:07Z,Digitizer_run1640_subrun228.csv,66,False,,,4.5,-0.4606
2026-04-09T10:20:07Z,Digitizer_run1640_subrun228.csv,67,True,isolation_forest,,4.5,-0.497
2026-04-09T10:20:07Z,Digitizer_run1640_subrun228.csv,68,True,isolation_forest,,4.5,-0.5326
2026-04-09T10:20:07Z,Digitizer_run1640_subrun228.csv,69,False,,,4.5,-0.4829
2026-04-09T10:20:07Z,Digitizer_run1640_subrun228.csv,70,False,,,4.5,-0.4906
2026-04-09T10:20:07Z,Digitizer_run1640_subrun228.csv,71,False,,,4.5,-0.4539
2026-04-09T10:20:07Z,Digitizer_run1640_subrun228.csv,72,True,isolation_forest,,4.5,-0.5099
2026-04-09T10:20:07Z,Digitizer_run1640_subrun228.csv,73,True,isolation_forest,,4.5,-0.4961
2026-04-09T10:20:07Z,Digitizer_run1640_subrun228.csv,74,False,,,4.5,-0.4857
2026-04-09T10:20:07Z,Digitizer_run1640_subrun228.csv,75,False,,,4.5,-0.4812
2026-04-09T10:20:07Z,Digitizer_run1640_subrun228.csv,76,False,,,4.5,-0.454
2026-04-09T10:20:07Z,Digitizer_run1640_subrun228.csv,77,False,,,4.5,-0.4461
2026-04-09T10:20:07Z,Digitizer_run1640_subrun228.csv,78,True,isolation_forest,,4.5,-0.5214
2026-04-09T10:20:07Z,Digitizer_run1640_subrun228.csv,79,True,isolation_forest,,4.5,-0.53
2026-04-09T10:20:07Z,Digitizer_run1640_subrun228.csv,80,True,isolation_forest,,4.61,-0.5243
2026-04-09T10:20:07Z,Digitizer_run1640_subrun228.csv,81,True,isolation_forest,,4.5,-0.536
2026-04-09T10:20:07Z,Digitizer_run1640_subrun228.csv,82,True,isolation_forest,,4.5,-0.5047
2026-04-09T10:20:07Z,Digitizer_run1640_subrun228.csv,83,False,,,4.5,-0.4802
2026-04-09T10:20:07Z,Digitizer_run1640_subrun228.csv,84,True,isolation_forest,,4.5,-0.4945
2026-04-09T10:20:07Z,Digitizer_run1640_subrun228.csv,85,False,,,4.5,-0.4689
2026-04-09T10:20:07Z,Digitizer_run1640_subrun228.csv,86,False,,,4.5,-0.477
2026-04-09T10:20:07Z,Digitizer_run1640_subrun228.csv,87,False,,,4.5,-0.4692
2026-04-09T10:20:07Z,Digitizer_run1640_subrun228.csv,88,True,isolation_forest,,4.5,-0.5035
2026-04-09T10:20:07Z,Digitizer_run1640_subrun228.csv,89,True,isolation_forest,,4.5,-0.5262
2026-04-09T10:20:07Z,Digitizer_run1640_subrun228.csv,90,True,isolation_forest,,4.5,-0.5066
2026-04-09T10:20:07Z,Digitizer_run1640_subrun228.csv,91,True,isolation_forest,,4.5,-0.5275
2026-04-09T10:20:07Z,Digitizer_run1640_subrun228.csv,92,True,isolation_forest,,4.62,-0.612
2026-04-09T10:20:07Z,Digitizer_run1640_subrun228.csv,93,True,isolation_forest,,4.5,-0.5018
2026-04-09T10:20:07Z,Digitizer_run1640_subrun228.csv,94,True,isolation_forest,,4.5,-0.5984
2026-04-09T10:20:07Z,Digitizer_run1640_subrun228.csv,95,True,isolation_forest,,4.5,-0.5947
2026-04-09T10:20:10Z,Digitizer_run1640_subrun588.csv,0,False,,,2.01,-0.4279
2026-04-09T10:20:10Z,Digitizer_run1640_subrun588.csv,1,False,,,2.37,-0.4108
2026-04-09T10:20:10Z,Digitizer_run1640_subrun588.csv,2,False,,,2.69,-0.4207
2026-04-09T10:20:10Z,Digitizer_run1640_subrun588.csv,3,False,,,2.82,-0.4812
2026-04-09T10:20:10Z,Digitizer_run1640_subrun588.csv,4,False,,,1.16,-0.4016
2026-04-09T10:20:10Z,Digitizer_run1640_subrun588.csv,5,False,,,2.72,-0.4302
2026-04-09T10:20:10Z,Digitizer_run1640_subrun588.csv,6,False,,,3.09,-0.4531
2026-04-09T10:20:10Z,Digitizer_run1640_subrun588.csv,7,False,,,2.11,-0.4169
2026-04-09T10:20:10Z,Digitizer_run1640_subrun588.csv,8,False,,,2.19,-0.4199
2026-04-09T10:20:10Z,Digitizer_run1640_subrun588.csv,9,False,,,1.88,-0.4442
2026-04-09T10:20:10Z,Digitizer_run1640_subrun588.csv,10,False,,,1.59,-0.399
2026-04-09T10:20:10Z,Digitizer_run1640_subrun588.csv,11,False,,,2.44,-0.4277
2026-04-09T10:20:10Z,Digitizer_run1640_subrun588.csv,12,False,,,2.87,-0.4436
2026-04-09T10:20:10Z,Digitizer_run1640_subrun588.csv,13,False,,,2.16,-0.4335
2026-04-09T10:20:10Z,Digitizer_run1640_subrun588.csv,14,False,,,1.94,-0.4184
2026-04-09T10:20:10Z,Digitizer_run1640_subrun588.csv,15,False,,,3.17,-0.4543
2026-04-09T10:20:10Z,Digitizer_run1640_subrun588.csv,16,False,,,2.88,-0.4339
2026-04-09T10:20:10Z,Digitizer_run1640_subrun588.csv,17,False,,,2.58,-0.4303
2026-04-09T10:20:10Z,Digitizer_run1640_subrun588.csv,18,False,,,1.99,-0.4457
2026-04-09T10:20:10Z,Digitizer_run1640_subrun588.csv,19,False,,,2.69,-0.4678
2026-04-09T10:20:10Z,Digitizer_run1640_subrun588.csv,20,False,,,1.44,-0.3902
2026-04-09T10:20:10Z,Digitizer_run1640_subrun588.csv,21,False,,,2.69,-0.4329
2026-04-09T10:20:10Z,Digitizer_run1640_subrun588.csv,22,False,,,2.0,-0.4142
2026-04-09T10:20:10Z,Digitizer_run1640_subrun588.csv,23,False,,,1.59,-0.3931
2026-04-09T10:20:10Z,Digitizer_run1640_subrun588.csv,24,False,,,1.73,-0.3991
2026-04-09T10:20:10Z,Digitizer_run1640_subrun588.csv,25,False,,,2.63,-0.4116
2026-04-09T10:20:10Z,Digitizer_run1640_subrun588.csv,26,False,,,1.23,-0.3893
2026-04-09T10:20:10Z,Digitizer_run1640_subrun588.csv,27,False,,,1.54,-0.4057
2026-04-09T10:20:10Z,Digitizer_run1640_subrun588.csv,28,False,,,1.52,-0.4044
2026-04-09T10:20:10Z,Digitizer_run1640_subrun588.csv,29,False,,,2.04,-0.4209
2026-04-09T10:20:10Z,Digitizer_run1640_subrun588.csv,30,False,,,1.97,-0.4217
2026-04-09T10:20:10Z,Digitizer_run1640_subrun588.csv,31,False,,,2.32,-0.4424
2026-04-09T10:20:10Z,Digitizer_run1640_subrun588.csv,34,False,,,2.03,-0.4166
2026-04-09T10:20:10Z,Digitizer_run1640_subrun588.csv,35,False,,,2.12,-0.4122
2026-04-09T10:20:10Z,Digitizer_run1640_subrun588.csv,36,False,,,2.25,-0.4436
2026-04-09T10:20:10Z,Digitizer_run1640_subrun588.csv,37,False,,,1.67,-0.4086
2026-04-09T10:20:10Z,Digitizer_run1640_subrun588.csv,38,False,,,2.29,-0.4294
2026-04-09T10:20:10Z,Digitizer_run1640_subrun588.csv,39,False,,,1.23,-0.3969
2026-04-09T10:20:10Z,Digitizer_run1640_subrun588.csv,40,False,,,3.55,-0.4183
2026-04-09T10:20:10Z,Digitizer_run1640_subrun588.csv,41,False,,,2.93,-0.4261
2026-04-09T10:20:10Z,Digitizer_run1640_subrun588.csv,42,False,,,1.54,-0.4021
2026-04-09T10:20:10Z,Digitizer_run1640_subrun588.csv,43,False,,,1.37,-0.3892
2026-04-09T10:20:10Z,Digitizer_run1640_subrun588.csv,44,False,,,2.14,-0.4243
2026-04-09T10:20:10Z,Digitizer_run1640_subrun588.csv,45,False,,,2.15,-0.4225
2026-04-09T10:20:10Z,Digitizer_run1640_subrun588.csv,46,False,,,1.43,-0.4076
2026-04-09T10:20:10Z,Digitizer_run1640_subrun588.csv,47,False,,,2.07,-0.4321
2026-04-09T10:20:10Z,Digitizer_run1640_subrun588.csv,48,False,,,1.84,-0.4077
2026-04-09T10:20:10Z,Digitizer_run1640_subrun588.csv,49,False,,,2.85,-0.4159
2026-04-09T10:20:10Z,Digitizer_run1640_subrun588.csv,50,False,,,1.72,-0.4239
2026-04-09T10:20:10Z,Digitizer_run1640_subrun588.csv,51,False,,,1.72,-0.4296
2026-04-09T10:20:10Z,Digitizer_run1640_subrun588.csv,52,False,,,2.52,-0.4399
2026-04-09T10:20:10Z,Digitizer_run1640_subrun588.csv,53,False,,,2.0,-0.4235
2026-04-09T10:20:10Z,Digitizer_run1640_subrun588.csv,54,False,,,2.76,-0.4335
2026-04-09T10:20:10Z,Digitizer_run1640_subrun588.csv,55,False,,,1.78,-0.4262
2026-04-09T10:20:10Z,Digitizer_run1640_subrun588.csv,56,False,,,2.01,-0.4357
2026-04-09T10:20:10Z,Digitizer_run1640_subrun588.csv,57,False,,,1.47,-0.3958
2026-04-09T10:20:10Z,Digitizer_run1640_subrun588.csv,58,False,,,1.06,-0.3795
2026-04-09T10:20:10Z,Digitizer_run1640_subrun588.csv,59,False,,,1.89,-0.4018
2026-04-09T10:20:10Z,Digitizer_run1640_subrun588.csv,60,False,,,1.89,-0.4239
2026-04-09T10:20:10Z,Digitizer_run1640_subrun588.csv,61,False,,,2.07,-0.4216
2026-04-09T10:20:10Z,Digitizer_run1640_subrun588.csv,62,False,,,2.06,-0.4322
2026-04-09T10:20:10Z,Digitizer_run1640_subrun588.csv,63,False,,,2.02,-0.4579
2026-04-09T10:20:10Z,Digitizer_run1640_subrun588.csv,64,False,,,1.14,-0.3936
2026-04-09T10:20:10Z,Digitizer_run1640_subrun588.csv,65,False,,,1.53,-0.3985
2026-04-09T10:20:10Z,Digitizer_run1640_subrun588.csv,66,False,,,1.53,-0.4155
2026-04-09T10:20:10Z,Digitizer_run1640_subrun588.csv,67,False,,,2.55,-0.4311
2026-04-09T10:20:10Z,Digitizer_run1640_subrun588.csv,68,False,,,1.67,-0.3956
2026-04-09T10:20:10Z,Digitizer_run1640_subrun588.csv,69,False,,,2.69,-0.4364
2026-04-09T10:20:10Z,Digitizer_run1640_subrun588.csv,70,False,,,2.36,-0.451
2026-04-09T10:20:10Z,Digitizer_run1640_subrun588.csv,71,False,,,1.35,-0.396
2026-04-09T10:20:10Z,Digitizer_run1640_subrun588.csv,72,False,,,1.32,-0.3941
2026-04-09T10:20:10Z,Digitizer_run1640_subrun588.csv,73,False,,,2.23,-0.4166
2026-04-09T10:20:10Z,Digitizer_run1640_subrun588.csv,74,False,,,2.5,-0.4246
2026-04-09T10:20:10Z,Digitizer_run1640_subrun588.csv,75,False,,,2.66,-0.4208
2026-04-09T10:20:10Z,Digitizer_run1640_subrun588.csv,76,False,,,1.76,-0.3911
2026-04-09T10:20:10Z,Digitizer_run1640_subrun588.csv,77,False,,,2.42,-0.4352
2026-04-09T10:20:10Z,Digitizer_run1640_subrun588.csv,78,False,,,2.04,-0.4173
2026-04-09T10:20:10Z,Digitizer_run1640_subrun588.csv,79,False,,,1.91,-0.4291
2026-04-09T10:20:10Z,Digitizer_run1640_subrun588.csv,80,False,,,1.77,-0.4158
2026-04-09T10:20:10Z,Digitizer_run1640_subrun588.csv,81,False,,,1.49,-0.415
2026-04-09T10:20:10Z,Digitizer_run1640_subrun588.csv,82,False,,,1.57,-0.4193
2026-04-09T10:20:10Z,Digitizer_run1640_subrun588.csv,83,False,,,1.54,-0.4044
2026-04-09T10:20:10Z,Digitizer_run1640_subrun588.csv,84,False,,,4.08,-0.4455
2026-04-09T10:20:10Z,Digitizer_run1640_subrun588.csv,85,False,,,2.01,-0.4141
2026-04-09T10:20:10Z,Digitizer_run1640_subrun588.csv,86,False,,,2.03,-0.4437
2026-04-09T10:20:10Z,Digitizer_run1640_subrun588.csv,87,False,,,1.83,-0.427
2026-04-09T10:20:10Z,Digitizer_run1640_subrun588.csv,88,False,,,1.41,-0.402
2026-04-09T10:20:10Z,Digitizer_run1640_subrun588.csv,89,False,,,2.12,-0.4268
2026-04-09T10:20:10Z,Digitizer_run1640_subrun588.csv,90,False,,,2.68,-0.455
2026-04-09T10:20:10Z,Digitizer_run1640_subrun588.csv,91,False,,,2.79,-0.4893
2026-04-09T10:20:10Z,Digitizer_run1640_subrun588.csv,92,False,,,1.99,-0.4558
2026-04-09T10:20:10Z,Digitizer_run1640_subrun588.csv,93,False,,,1.94,-0.4241
2026-04-09T10:20:10Z,Digitizer_run1640_subrun588.csv,94,True,isolation_forest,,3.21,-0.516
2026-04-09T10:20:10Z,Digitizer_run1640_subrun588.csv,95,False,,,2.41,-0.4816
2026-04-09T10:20:12Z,Digitizer_run1637_subrun338.csv,0,False,,,2.11,-0.4192
2026-04-09T10:20:12Z,Digitizer_run1637_subrun338.csv,1,False,,,1.91,-0.4451
2026-04-09T10:20:12Z,Digitizer_run1637_subrun338.csv,2,False,,,2.28,-0.4398
2026-04-09T10:20:12Z,Digitizer_run1637_subrun338.csv,3,False,,,3.86,-0.4775
2026-04-09T10:20:12Z,Digitizer_run1637_subrun338.csv,4,False,,,3.27,-0.4598
2026-04-09T10:20:12Z,Digitizer_run1637_subrun338.csv,5,False,,,2.1,-0.4349
2026-04-09T10:20:12Z,Digitizer_run1637_subrun338.csv,6,False,,,1.75,-0.4402
2026-04-09T10:20:12Z,Digitizer_run1637_subrun338.csv,7,False,,,3.67,-0.4748
2026-04-09T10:20:12Z,Digitizer_run1637_subrun338.csv,8,False,,,2.22,-0.438
2026-04-09T10:20:12Z,Digitizer_run1637_subrun338.csv,9,False,,,4.11,-0.4723
2026-04-09T10:20:12Z,Digitizer_run1637_subrun338.csv,10,False,,,2.21,-0.4679
2026-04-09T10:20:12Z,Digitizer_run1637_subrun338.csv,11,False,,,1.98,-0.4469
2026-04-09T10:20:12Z,Digitizer_run1637_subrun338.csv,12,False,,,1.61,-0.4141
2026-04-09T10:20:12Z,Digitizer_run1637_subrun338.csv,13,False,,,2.55,-0.4408
2026-04-09T10:20:12Z,Digitizer_run1637_subrun338.csv,14,False,,,2.33,-0.4097
2026-04-09T10:20:12Z,Digitizer_run1637_subrun338.csv,15,False,,,1.61,-0.4145
2026-04-09T10:20:12Z,Digitizer_run1637_subrun338.csv,16,False,,,2.9,-0.4492
2026-04-09T10:20:12Z,Digitizer_run1637_subrun338.csv,17,False,,,1.84,-0.4085
2026-04-09T10:20:12Z,Digitizer_run1637_subrun338.csv,18,False,,,1.61,-0.4496
2026-04-09T10:20:12Z,Digitizer_run1637_subrun338.csv,19,False,,,2.1,-0.415
2026-04-09T10:20:12Z,Digitizer_run1637_subrun338.csv,20,False,,,2.99,-0.4463
2026-04-09T10:20:12Z,Digitizer_run1637_subrun338.csv,21,False,,,2.11,-0.4428
2026-04-09T10:20:12Z,Digitizer_run1637_subrun338.csv,22,False,,,1.61,-0.4231
2026-04-09T10:20:12Z,Digitizer_run1637_subrun338.csv,23,False,,,1.61,-0.4037
2026-04-09T10:20:12Z,Digitizer_run1637_subrun338.csv,24,False,,,2.19,-0.4855
2026-04-09T10:20:12Z,Digitizer_run1637_subrun338.csv,25,False,,,2.48,-0.4587
2026-04-09T10:20:12Z,Digitizer_run1637_subrun338.csv,26,False,,,2.62,-0.4187
2026-04-09T10:20:12Z,Digitizer_run1637_subrun338.csv,27,False,,,1.61,-0.4219
2026-04-09T10:20:12Z,Digitizer_run1637_subrun338.csv,28,False,,,2.37,-0.4352
2026-04-09T10:20:12Z,Digitizer_run1637_subrun338.csv,29,False,,,2.07,-0.4384
2026-04-09T10:20:12Z,Digitizer_run1637_subrun338.csv,30,False,,,2.51,-0.4483
2026-04-09T10:20:12Z,Digitizer_run1637_subrun338.csv,31,False,,,2.03,-0.4247
2026-04-09T10:20:12Z,Digitizer_run1637_subrun338.csv,32,False,,,1.61,-0.4071
2026-04-09T10:20:12Z,Digitizer_run1637_subrun338.csv,33,False,,,1.61,-0.4127
2026-04-09T10:20:12Z,Digitizer_run1637_subrun338.csv,34,False,,,3.12,-0.4478
2026-04-09T10:20:12Z,Digitizer_run1637_subrun338.csv,35,False,,,3.07,-0.4199
2026-04-09T10:20:12Z,Digitizer_run1637_subrun338.csv,36,False,,,3.34,-0.4702
2026-04-09T10:20:12Z,Digitizer_run1637_subrun338.csv,37,False,,,1.84,-0.4592
2026-04-09T10:20:12Z,Digitizer_run1637_subrun338.csv,38,False,,,1.61,-0.4199
2026-04-09T10:20:12Z,Digitizer_run1637_subrun338.csv,39,False,,,1.7,-0.4257
2026-04-09T10:20:12Z,Digitizer_run1637_subrun338.csv,40,False,,,1.85,-0.4468
2026-04-09T10:20:12Z,Digitizer_run1637_subrun338.csv,41,False,,,2.35,-0.4348
2026-04-09T10:20:12Z,Digitizer_run1637_subrun338.csv,42,False,,,3.12,-0.4674
2026-04-09T10:20:12Z,Digitizer_run1637_subrun338.csv,43,False,,,3.71,-0.4675
2026-04-09T10:20:12Z,Digitizer_run1637_subrun338.csv,44,False,,,1.64,-0.414
2026-04-09T10:20:12Z,Digitizer_run1637_subrun338.csv,45,False,,,1.71,-0.4292
2026-04-09T10:20:12Z,Digitizer_run1637_subrun338.csv,46,False,,,1.61,-0.4265
2026-04-09T10:20:12Z,Digitizer_run1637_subrun338.csv,47,False,,,1.67,-0.4353
2026-04-09T10:20:12Z,Digitizer_run1637_subrun338.csv,48,False,,,1.75,-0.431
2026-04-09T10:20:12Z,Digitizer_run1637_subrun338.csv,49,False,,,2.24,-0.4692
2026-04-09T10:20:12Z,Digitizer_run1637_subrun338.csv,50,False,,,1.61,-0.4052
2026-04-09T10:20:12Z,Digitizer_run1637_subrun338.csv,51,False,,,1.61,-0.4064
2026-04-09T10:20:12Z,Digitizer_run1637_subrun338.csv,52,False,,,1.98,-0.4268
2026-04-09T10:20:12Z,Digitizer_run1637_subrun338.csv,53,False,,,2.36,-0.4492
2026-04-09T10:20:12Z,Digitizer_run1637_subrun338.csv,54,False,,,2.02,-0.4367
2026-04-09T10:20:12Z,Digitizer_run1637_subrun338.csv,55,False,,,2.54,-0.4438
2026-04-09T10:20:12Z,Digitizer_run1637_subrun338.csv,56,False,,,1.96,-0.4246
2026-04-09T10:20:12Z,Digitizer_run1637_subrun338.csv,57,False,,,3.48,-0.4668
2026-04-09T10:20:12Z,Digitizer_run1637_subrun338.csv,58,False,,,4.0,-0.4708
2026-04-09T10:20:12Z,Digitizer_run1637_subrun338.csv,59,False,,,4.8,-0.4784
2026-04-09T10:20:12Z,Digitizer_run1637_subrun338.csv,60,False,,,1.95,-0.4484
2026-04-09T10:20:12Z,Digitizer_run1637_subrun338.csv,61,False,,,2.41,-0.4698
2026-04-09T10:20:12Z,Digitizer_run1637_subrun338.csv,62,False,,,1.85,-0.4309
2026-04-09T10:20:12Z,Digitizer_run1637_subrun338.csv,63,False,,,1.72,-0.4431
2026-04-09T10:20:12Z,Digitizer_run1637_subrun338.csv,64,False,,,2.55,-0.4719
2026-04-09T10:20:12Z,Digitizer_run1637_subrun338.csv,65,False,,,3.52,-0.4652
2026-04-09T10:20:12Z,Digitizer_run1637_subrun338.csv,66,False,,,1.94,-0.4236
2026-04-09T10:20:12Z,Digitizer_run1637_subrun338.csv,67,False,,,2.57,-0.4471
2026-04-09T10:20:12Z,Digitizer_run1637_subrun338.csv,68,False,,,3.09,-0.4908
2026-04-09T10:20:12Z,Digitizer_run1637_subrun338.csv,69,True,isolation_forest,,3.51,-0.509
2026-04-09T10:20:12Z,Digitizer_run1637_subrun338.csv,70,False,,,2.25,-0.4392
2026-04-09T10:20:12Z,Digitizer_run1637_subrun338.csv,71,False,,,1.73,-0.4105
2026-04-09T10:20:12Z,Digitizer_run1637_subrun338.csv,72,False,,,1.99,-0.4337
2026-04-09T10:20:12Z,Digitizer_run1637_subrun338.csv,73,False,,,1.61,-0.4065
2026-04-09T10:20:12Z,Digitizer_run1637_subrun338.csv,74,False,,,1.78,-0.413
2026-04-09T10:20:12Z,Digitizer_run1637_subrun338.csv,75,False,,,1.61,-0.4124
2026-04-09T10:20:12Z,Digitizer_run1637_subrun338.csv,76,False,,,2.08,-0.4378
2026-04-09T10:20:12Z,Digitizer_run1637_subrun338.csv,77,False,,,2.33,-0.4139
2026-04-09T10:20:12Z,Digitizer_run1637_subrun338.csv,78,False,,,1.61,-0.4172
2026-04-09T10:20:12Z,Digitizer_run1637_subrun338.csv,79,False,,,1.71,-0.4128
2026-04-09T10:20:12Z,Digitizer_run1637_subrun338.csv,80,False,,,2.9,-0.4373
2026-04-09T10:20:12Z,Digitizer_run1637_subrun338.csv,81,False,,,1.61,-0.4248
2026-04-09T10:20:12Z,Digitizer_run1637_subrun338.csv,82,False,,,2.88,-0.4887
2026-04-09T10:20:12Z,Digitizer_run1637_subrun338.csv,83,False,,,2.58,-0.4319
2026-04-09T10:20:12Z,Digitizer_run1637_subrun338.csv,84,False,,,2.85,-0.4723
2026-04-09T10:20:12Z,Digitizer_run1637_subrun338.csv,85,False,,,1.93,-0.4388
2026-04-09T10:20:12Z,Digitizer_run1637_subrun338.csv,86,False,,,1.61,-0.4216
2026-04-09T10:20:12Z,Digitizer_run1637_subrun338.csv,87,False,,,1.69,-0.4465
2026-04-09T10:20:12Z,Digitizer_run1637_subrun338.csv,88,False,,,3.51,-0.4601
2026-04-09T10:20:12Z,Digitizer_run1637_subrun338.csv,89,False,,,2.98,-0.4669
2026-04-09T10:20:12Z,Digitizer_run1637_subrun338.csv,90,False,,,1.85,-0.4303
2026-04-09T10:20:12Z,Digitizer_run1637_subrun338.csv,91,False,,,1.73,-0.4342
2026-04-09T10:20:12Z,Digitizer_run1637_subrun338.csv,92,True,isolation_forest,,3.71,-0.5262
2026-04-09T10:20:12Z,Digitizer_run1637_subrun338.csv,93,False,,,2.78,-0.4504
2026-04-09T10:20:12Z,Digitizer_run1637_subrun338.csv,94,False,,,3.07,-0.4661
2026-04-09T10:20:12Z,Digitizer_run1637_subrun338.csv,95,False,,,2.85,-0.4496
2026-04-09T10:20:15Z,Digitizer_run1644_subrun57.csv,0,False,,,1.83,-0.431
2026-04-09T10:20:15Z,Digitizer_run1644_subrun57.csv,1,False,,,2.0,-0.4408
2026-04-09T10:20:15Z,Digitizer_run1644_subrun57.csv,2,False,,,1.86,-0.402
2026-04-09T10:20:15Z,Digitizer_run1644_subrun57.csv,3,False,,,1.6,-0.4209
2026-04-09T10:20:15Z,Digitizer_run1644_subrun57.csv,4,False,,,1.82,-0.434
2026-04-09T10:20:15Z,Digitizer_run1644_subrun57.csv,5,False,,,1.95,-0.4391
2026-04-09T10:20:15Z,Digitizer_run1644_subrun57.csv,6,False,,,1.71,-0.4102
2026-04-09T10:20:15Z,Digitizer_run1644_subrun57.csv,7,False,,,1.94,-0.4043
2026-04-09T10:20:15Z,Digitizer_run1644_subrun57.csv,8,False,,,1.64,-0.4329
2026-04-09T10:20:15Z,Digitizer_run1644_subrun57.csv,9,False,,,3.39,-0.4642
2026-04-09T10:20:15Z,Digitizer_run1644_subrun57.csv,10,False,,,1.6,-0.39
2026-04-09T10:20:15Z,Digitizer_run1644_subrun57.csv,11,False,,,1.96,-0.4074
2026-04-09T10:20:15Z,Digitizer_run1644_subrun57.csv,12,False,,,1.6,-0.3783
2026-04-09T10:20:15Z,Digitizer_run1644_subrun57.csv,13,False,,,1.6,-0.4059
2026-04-09T10:20:15Z,Digitizer_run1644_subrun57.csv,14,False,,,2.08,-0.4421
2026-04-09T10:20:15Z,Digitizer_run1644_subrun57.csv,15,False,,,2.29,-0.412
2026-04-09T10:20:15Z,Digitizer_run1644_subrun57.csv,16,False,,,2.17,-0.4425
2026-04-09T10:20:15Z,Digitizer_run1644_subrun57.csv,17,False,,,2.19,-0.4246
2026-04-09T10:20:15Z,Digitizer_run1644_subrun57.csv,18,False,,,2.46,-0.4461
2026-04-09T10:20:15Z,Digitizer_run1644_subrun57.csv,19,False,,,2.69,-0.4649
2026-04-09T10:20:15Z,Digitizer_run1644_subrun57.csv,20,False,,,1.79,-0.4012
2026-04-09T10:20:15Z,Digitizer_run1644_subrun57.csv,21,False,,,1.6,-0.3903
2026-04-09T10:20:15Z,Digitizer_run1644_subrun57.csv,22,False,,,3.5,-0.4598
2026-04-09T10:20:15Z,Digitizer_run1644_subrun57.csv,23,False,,,4.78,-0.482
2026-04-09T10:20:15Z,Digitizer_run1644_subrun57.csv,24,False,,,2.11,-0.4471
2026-04-09T10:20:15Z,Digitizer_run1644_subrun57.csv,25,False,,,3.0,-0.4315
2026-04-09T10:20:15Z,Digitizer_run1644_subrun57.csv,26,False,,,2.5,-0.4149
2026-04-09T10:20:15Z,Digitizer_run1644_subrun57.csv,27,False,,,2.15,-0.4225
2026-04-09T10:20:15Z,Digitizer_run1644_subrun57.csv,28,False,,,3.49,-0.4551
2026-04-09T10:20:15Z,Digitizer_run1644_subrun57.csv,29,True,statistical,sideband_mean_mean,5.28,-0.4511
2026-04-09T10:20:15Z,Digitizer_run1644_subrun57.csv,30,False,,,2.08,-0.4062
2026-04-09T10:20:15Z,Digitizer_run1644_subrun57.csv,31,False,,,2.23,-0.448
2026-04-09T10:20:15Z,Digitizer_run1644_subrun57.csv,32,False,,,1.66,-0.4099
2026-04-09T10:20:15Z,Digitizer_run1644_subrun57.csv,33,False,,,1.6,-0.4305
2026-04-09T10:20:15Z,Digitizer_run1644_subrun57.csv,34,False,,,2.99,-0.4658
2026-04-09T10:20:15Z,Digitizer_run1644_subrun57.csv,35,False,,,1.84,-0.4088
2026-04-09T10:20:15Z,Digitizer_run1644_subrun57.csv,36,False,,,2.45,-0.4142
2026-04-09T10:20:15Z,Digitizer_run1644_subrun57.csv,37,False,,,3.64,-0.4093
2026-04-09T10:20:15Z,Digitizer_run1644_subrun57.csv,38,False,,,3.99,-0.4587
2026-04-09T10:20:15Z,Digitizer_run1644_subrun57.csv,39,False,,,3.91,-0.4811
2026-04-09T10:20:15Z,Digitizer_run1644_subrun57.csv,40,False,,,1.73,-0.4143
2026-04-09T10:20:15Z,Digitizer_run1644_subrun57.csv,41,False,,,2.42,-0.4697
2026-04-09T10:20:15Z,Digitizer_run1644_subrun57.csv,42,False,,,3.25,-0.4774
2026-04-09T10:20:15Z,Digitizer_run1644_subrun57.csv,43,False,,,2.15,-0.4214
2026-04-09T10:20:15Z,Digitizer_run1644_subrun57.csv,44,False,,,3.31,-0.473
2026-04-09T10:20:15Z,Digitizer_run1644_subrun57.csv,45,False,,,3.29,-0.4619
2026-04-09T10:20:15Z,Digitizer_run1644_subrun57.csv,46,False,,,2.42,-0.4503
2026-04-09T10:20:15Z,Digitizer_run1644_subrun57.csv,47,False,,,2.23,-0.4316
2026-04-09T10:20:15Z,Digitizer_run1644_subrun57.csv,48,False,,,1.6,-0.4264
2026-04-09T10:20:15Z,Digitizer_run1644_subrun57.csv,49,False,,,1.76,-0.4159
2026-04-09T10:20:15Z,Digitizer_run1644_subrun57.csv,50,False,,,3.63,-0.4893
2026-04-09T10:20:15Z,Digitizer_run1644_subrun57.csv,51,False,,,3.56,-0.4825
2026-04-09T10:20:15Z,Digitizer_run1644_subrun57.csv,52,False,,,1.6,-0.4145
2026-04-09T10:20:15Z,Digitizer_run1644_subrun57.csv,53,False,,,2.25,-0.4193
2026-04-09T10:20:15Z,Digitizer_run1644_subrun57.csv,54,False,,,2.17,-0.4308
2026-04-09T10:20:15Z,Digitizer_run1644_subrun57.csv,55,False,,,1.72,-0.4253
2026-04-09T10:20:15Z,Digitizer_run1644_subrun57.csv,56,False,,,2.33,-0.4364
2026-04-09T10:20:15Z,Digitizer_run1644_subrun57.csv,57,False,,,1.6,-0.3983
2026-04-09T10:20:15Z,Digitizer_run1644_subrun57.csv,58,False,,,1.6,-0.3958
2026-04-09T10:20:15Z,Digitizer_run1644_subrun57.csv,59,False,,,1.6,-0.4126
2026-04-09T10:20:15Z,Digitizer_run1644_subrun57.csv,60,False,,,2.56,-0.4257
2026-04-09T10:20:15Z,Digitizer_run1644_subrun57.csv,61,False,,,1.6,-0.3894
2026-04-09T10:20:15Z,Digitizer_run1644_subrun57.csv,62,False,,,1.6,-0.3965
2026-04-09T10:20:15Z,Digitizer_run1644_subrun57.csv,63,False,,,1.6,-0.4168
2026-04-09T10:20:15Z,Digitizer_run1644_subrun57.csv,64,False,,,2.03,-0.4259
2026-04-09T10:20:15Z,Digitizer_run1644_subrun57.csv,65,False,,,1.88,-0.4218
2026-04-09T10:20:15Z,Digitizer_run1644_subrun57.csv,66,False,,,3.33,-0.4496
2026-04-09T10:20:15Z,Digitizer_run1644_subrun57.csv,67,False,,,3.23,-0.4459
2026-04-09T10:20:15Z,Digitizer_run1644_subrun57.csv,68,False,,,2.11,-0.4289
2026-04-09T10:20:15Z,Digitizer_run1644_subrun57.csv,69,False,,,1.79,-0.3851
2026-04-09T10:20:15Z,Digitizer_run1644_subrun57.csv,70,False,,,2.59,-0.4662
2026-04-09T10:20:15Z,Digitizer_run1644_subrun57.csv,71,False,,,2.23,-0.4302
2026-04-09T10:20:15Z,Digitizer_run1644_subrun57.csv,72,False,,,1.84,-0.446
2026-04-09T10:20:15Z,Digitizer_run1644_subrun57.csv,73,False,,,2.14,-0.4492
2026-04-09T10:20:15Z,Digitizer_run1644_subrun57.csv,74,True,statistical,pulseHeight_min_median;pulseArea_min_median,6.2,-0.4579
2026-04-09T10:20:15Z,Digitizer_run1644_subrun57.csv,75,False,,,2.21,-0.4303
2026-04-09T10:20:15Z,Digitizer_run1644_subrun57.csv,76,False,,,2.07,-0.4418
2026-04-09T10:20:15Z,Digitizer_run1644_subrun57.csv,77,False,,,4.19,-0.4628
2026-04-09T10:20:15Z,Digitizer_run1644_subrun57.csv,78,False,,,1.6,-0.4031
2026-04-09T10:20:15Z,Digitizer_run1644_subrun57.csv,79,False,,,2.92,-0.4449
2026-04-09T10:20:15Z,Digitizer_run1644_subrun57.csv,80,False,,,2.47,-0.46
2026-04-09T10:20:15Z,Digitizer_run1644_subrun57.csv,81,False,,,3.88,-0.4433
2026-04-09T10:20:15Z,Digitizer_run1644_subrun57.csv,82,False,,,2.02,-0.4252
2026-04-09T10:20:15Z,Digitizer_run1644_subrun57.csv,83,False,,,2.39,-0.4063
2026-04-09T10:20:15Z,Digitizer_run1644_subrun57.csv,84,False,,,1.78,-0.4094
2026-04-09T10:20:15Z,Digitizer_run1644_subrun57.csv,85,False,,,3.96,-0.4501
2026-04-09T10:20:15Z,Digitizer_run1644_subrun57.csv,86,False,,,2.98,-0.4357
2026-04-09T10:20:15Z,Digitizer_run1644_subrun57.csv,87,False,,,2.63,-0.4487
2026-04-09T10:20:15Z,Digitizer_run1644_subrun57.csv,88,False,,,1.96,-0.4332
2026-04-09T10:20:15Z,Digitizer_run1644_subrun57.csv,89,False,,,2.41,-0.4636
2026-04-09T10:20:15Z,Digitizer_run1644_subrun57.csv,90,False,,,3.08,-0.4475
2026-04-09T10:20:15Z,Digitizer_run1644_subrun57.csv,91,False,,,2.0,-0.4681
2026-04-09T10:20:15Z,Digitizer_run1644_subrun57.csv,92,False,,,2.92,-0.4757
2026-04-09T10:20:15Z,Digitizer_run1644_subrun57.csv,93,True,isolation_forest,,2.59,-0.4964
2026-04-09T10:20:15Z,Digitizer_run1644_subrun57.csv,94,False,,,2.49,-0.4536
2026-04-09T10:20:15Z,Digitizer_run1644_subrun57.csv,95,False,,,3.64,-0.477
2026-04-09T10:20:18Z,Digitizer_run1640_subrun105.csv,0,False,,,3.38,-0.483
2026-04-09T10:20:18Z,Digitizer_run1640_subrun105.csv,1,True,isolation_forest,,3.38,-0.5411
2026-04-09T10:20:18Z,Digitizer_run1640_subrun105.csv,2,True,isolation_forest,,3.38,-0.5401
2026-04-09T10:20:18Z,Digitizer_run1640_subrun105.csv,3,True,isolation_forest,,3.38,-0.4943
2026-04-09T10:20:18Z,Digitizer_run1640_subrun105.csv,4,False,,,3.38,-0.4871
2026-04-09T10:20:18Z,Digitizer_run1640_subrun105.csv,5,False,,,3.38,-0.4866
2026-04-09T10:20:18Z,Digitizer_run1640_subrun105.csv,6,True,isolation_forest,,3.38,-0.5388
2026-04-09T10:20:18Z,Digitizer_run1640_subrun105.csv,7,True,isolation_forest,,3.38,-0.5557
2026-04-09T10:20:18Z,Digitizer_run1640_subrun105.csv,8,True,isolation_forest,,4.72,-0.5521
2026-04-09T10:20:18Z,Digitizer_run1640_subrun105.csv,9,True,statistical+IF,occupancy,5.37,-0.5048
2026-04-09T10:20:18Z,Digitizer_run1640_subrun105.csv,10,True,isolation_forest,,3.38,-0.5039
2026-04-09T10:20:18Z,Digitizer_run1640_subrun105.csv,11,True,isolation_forest,,3.38,-0.5321
2026-04-09T10:20:18Z,Digitizer_run1640_subrun105.csv,12,False,,,3.38,-0.4806
2026-04-09T10:20:18Z,Digitizer_run1640_subrun105.csv,13,False,,,3.38,-0.4791
2026-04-09T10:20:18Z,Digitizer_run1640_subrun105.csv,14,True,isolation_forest,,3.38,-0.5057
2026-04-09T10:20:18Z,Digitizer_run1640_subrun105.csv,15,False,,,3.38,-0.4824
2026-04-09T10:20:18Z,Digitizer_run1640_subrun105.csv,16,True,isolation_forest,,3.38,-0.5044
2026-04-09T10:20:18Z,Digitizer_run1640_subrun105.csv,17,True,isolation_forest,,3.38,-0.5098
2026-04-09T10:20:18Z,Digitizer_run1640_subrun105.csv,18,True,isolation_forest,,3.38,-0.5098
2026-04-09T10:20:18Z,Digitizer_run1640_subrun105.csv,19,False,,,3.38,-0.4886
2026-04-09T10:20:18Z,Digitizer_run1640_subrun105.csv,20,True,isolation_forest,,3.38,-0.497
2026-04-09T10:20:18Z,Digitizer_run1640_subrun105.csv,21,True,isolation_forest,,3.38,-0.5268
2026-04-09T10:20:18Z,Digitizer_run1640_subrun105.csv,22,True,isolation_forest,,3.38,-0.4974
2026-04-09T10:20:18Z,Digitizer_run1640_subrun105.csv,23,False,,,3.38,-0.4602
2026-04-09T10:20:18Z,Digitizer_run1640_subrun105.csv,24,True,isolation_forest,,3.73,-0.5242
2026-04-09T10:20:18Z,Digitizer_run1640_subrun105.csv,25,True,isolation_forest,,3.38,-0.523
2026-04-09T10:20:18Z,Digitizer_run1640_subrun105.csv,26,False,,,3.38,-0.489
2026-04-09T10:20:18Z,Digitizer_run1640_subrun105.csv,27,True,isolation_forest,,3.38,-0.4975
2026-04-09T10:20:18Z,Digitizer_run1640_subrun105.csv,28,True,statistical+IF,nPulses_median,1000000.0,-0.5484
2026-04-09T10:20:18Z,Digitizer_run1640_subrun105.csv,29,True,isolation_forest,,3.4,-0.5235
2026-04-09T10:20:18Z,Digitizer_run1640_subrun105.csv,30,False,,,3.38,-0.4591
2026-04-09T10:20:18Z,Digitizer_run1640_subrun105.csv,31,False,,,3.38,-0.4475
2026-04-09T10:20:18Z,Digitizer_run1640_subrun105.csv,32,True,statistical+IF,pulseHeight_max_std;occupancy,5.18,-0.6287
2026-04-09T10:20:18Z,Digitizer_run1640_subrun105.csv,33,True,isolation_forest,,4.79,-0.6063
2026-04-09T10:20:18Z,Digitizer_run1640_subrun105.csv,34,True,isolation_forest,,3.38,-0.496
2026-04-09T10:20:18Z,Digitizer_run1640_subrun105.csv,35,True,isolation_forest,,3.38,-0.5048
2026-04-09T10:20:18Z,Digitizer_run1640_subrun105.csv,36,False,,,3.38,-0.4727
2026-04-09T10:20:18Z,Digitizer_run1640_subrun105.csv,37,True,isolation_forest,,3.38,-0.5327
2026-04-09T10:20:18Z,Digitizer_run1640_subrun105.csv,38,False,,,3.38,-0.4727
2026-04-09T10:20:18Z,Digitizer_run1640_subrun105.csv,39,False,,,3.38,-0.4618
2026-04-09T10:20:18Z,Digitizer_run1640_subrun105.csv,40,True,isolation_forest,,3.38,-0.5251
2026-04-09T10:20:18Z,Digitizer_run1640_subrun105.csv,41,True,isolation_forest,,3.38,-0.5437
2026-04-09T10:20:18Z,Digitizer_run1640_subrun105.csv,42,True,isolation_forest,,3.38,-0.529
2026-04-09T10:20:18Z,Digitizer_run1640_subrun105.csv,43,False,,,3.38,-0.4803
2026-04-09T10:20:18Z,Digitizer_run1640_subrun105.csv,44,False,,,3.38,-0.487
2026-04-09T10:20:18Z,Digitizer_run1640_subrun105.csv,45,True,isolation_forest,,3.38,-0.5188
2026-04-09T10:20:18Z,Digitizer_run1640_subrun105.csv,46,True,isolation_forest,,3.38,-0.5052
2026-04-09T10:20:18Z,Digitizer_run1640_subrun105.csv,47,True,isolation_forest,,3.38,-0.523
2026-04-09T10:20:18Z,Digitizer_run1640_subrun105.csv,48,True,isolation_forest,,3.38,-0.5083
2026-04-09T10:20:18Z,Digitizer_run1640_subrun105.csv,49,True,isolation_forest,,3.38,-0.524
2026-04-09T10:20:18Z,Digitizer_run1640_subrun105.csv,50,False,,,3.38,-0.4885
2026-04-09T10:20:18Z,Digitizer_run1640_subrun105.csv,51,True,isolation_forest,,3.38,-0.5004
2026-04-09T10:20:18Z,Digitizer_run1640_subrun105.csv,52,False,,,3.38,-0.4747
2026-04-09T10:20:18Z,Digitizer_run1640_subrun105.csv,53,False,,,3.38,-0.4702
2026-04-09T10:20:18Z,Digitizer_run1640_subrun105.csv,54,True,isolation_forest,,3.38,-0.5111
2026-04-09T10:20:18Z,Digitizer_run1640_subrun105.csv,55,True,isolation_forest,,3.38,-0.4915
2026-04-09T10:20:18Z,Digitizer_run1640_subrun105.csv,56,True,statistical+IF,sideband_mean_median;pulseDuriation_max_median,6.4,-0.5984
2026-04-09T10:20:18Z,Digitizer_run1640_subrun105.csv,57,False,,,3.38,-0.4559
2026-04-09T10:20:18Z,Digitizer_run1640_subrun105.csv,58,True,isolation_forest,,3.38,-0.5538
2026-04-09T10:20:18Z,Digitizer_run1640_subrun105.csv,59,True,isolation_forest,,3.38,-0.6001
2026-04-09T10:20:18Z,Digitizer_run1640_subrun105.csv,60,False,,,3.38,-0.4861
2026-04-09T10:20:18Z,Digitizer_run1640_subrun105.csv,61,False,,,3.38,-0.4897
2026-04-09T10:20:18Z,Digitizer_run1640_subrun105.csv,62,False,,,3.38,-0.483
2026-04-09T10:20:18Z,Digitizer_run1640_subrun105.csv,63,False,,,3.38,-0.4837
2026-04-09T10:20:18Z,Digitizer_run1640_subrun105.csv,64,True,isolation_forest,,3.38,-0.5291
2026-04-09T10:20:18Z,Digitizer_run1640_subrun105.csv,65,False,,,3.38,-0.4888
2026-04-09T10:20:18Z,Digitizer_run1640_subrun105.csv,66,True,isolation_forest,,3.38,-0.4953
2026-04-09T10:20:18Z,Digitizer_run1640_subrun105.csv,67,False,,,3.38,-0.4431
2026-04-09T10:20:18Z,Digitizer_run1640_subrun105.csv,68,True,isolation_forest,,3.38,-0.5294
2026-04-09T10:20:18Z,Digitizer_run1640_subrun105.csv,69,False,,,3.38,-0.4637
2026-04-09T10:20:18Z,Digitizer_run1640_subrun105.csv,70,True,isolation_forest,,3.38,-0.4986
2026-04-09T10:20:18Z,Digitizer_run1640_subrun105.csv,71,False,,,3.38,-0.4548
2026-04-09T10:20:18Z,Digitizer_run1640_subrun105.csv,72,True,isolation_forest,,3.38,-0.5044
2026-04-09T10:20:18Z,Digitizer_run1640_subrun105.csv,73,False,,,3.38,-0.489
2026-04-09T10:20:18Z,Digitizer_run1640_subrun105.csv,74,True,isolation_forest,,3.38,-0.4942
2026-04-09T10:20:18Z,Digitizer_run1640_subrun105.csv,75,False,,,3.38,-0.488
2026-04-09T10:20:18Z,Digitizer_run1640_subrun105.csv,76,True,isolation_forest,,3.38,-0.4948
2026-04-09T10:20:18Z,Digitizer_run1640_subrun105.csv,77,True,isolation_forest,,3.82,-0.5162
2026-04-09T10:20:18Z,Digitizer_run1640_subrun105.csv,78,False,,,3.38,-0.4486
2026-04-09T10:20:18Z,Digitizer_run1640_subrun105.csv,79,False,,,3.38,-0.4528
2026-04-09T10:20:18Z,Digitizer_run1640_subrun105.csv,80,True,isolation_forest,,4.61,-0.5336
2026-04-09T10:20:18Z,Digitizer_run1640_subrun105.csv,81,True,isolation_forest,,3.38,-0.5207
2026-04-09T10:20:18Z,Digitizer_run1640_subrun105.csv,82,False,,,3.38,-0.4846
2026-04-09T10:20:18Z,Digitizer_run1640_subrun105.csv,83,False,,,3.38,-0.4813
2026-04-09T10:20:18Z,Digitizer_run1640_subrun105.csv,84,False,,,3.38,-0.4651
2026-04-09T10:20:18Z,Digitizer_run1640_subrun105.csv,85,False,,,3.38,-0.4536
2026-04-09T10:20:18Z,Digitizer_run1640_subrun105.csv,86,False,,,3.38,-0.4499
2026-04-09T10:20:18Z,Digitizer_run1640_subrun105.csv,87,True,isolation_forest,,3.38,-0.4962
2026-04-09T10:20:18Z,Digitizer_run1640_subrun105.csv,88,True,isolation_forest,,4.29,-0.5543
2026-04-09T10:20:18Z,Digitizer_run1640_subrun105.csv,89,True,statistical+IF,pulseHeight_min_std,5.49,-0.5999
2026-04-09T10:20:18Z,Digitizer_run1640_subrun105.csv,90,True,statistical+IF,TDCRollovers_median,7.11,-0.5387
2026-04-09T10:20:18Z,Digitizer_run1640_subrun105.csv,91,True,isolation_forest,,3.38,-0.5132
2026-04-09T10:20:18Z,Digitizer_run1640_subrun105.csv,92,True,isolation_forest,,3.38,-0.5252
2026-04-09T10:20:18Z,Digitizer_run1640_subrun105.csv,93,True,isolation_forest,,3.38,-0.5027
2026-04-09T10:20:18Z,Digitizer_run1640_subrun105.csv,94,True,isolation_forest,,3.38,-0.5171
2026-04-09T10:20:18Z,Digitizer_run1640_subrun105.csv,95,True,isolation_forest,,3.38,-0.5279
2026-04-09T10:20:21Z,Digitizer_run1640_subrun379.csv,0,False,,,3.98,-0.4374
2026-04-09T10:20:21Z,Digitizer_run1640_subrun379.csv,1,False,,,3.98,-0.455
2026-04-09T10:20:21Z,Digitizer_run1640_subrun379.csv,2,False,,,3.98,-0.474
2026-04-09T10:20:21Z,Digitizer_run1640_subrun379.csv,3,False,,,3.98,-0.4502
2026-04-09T10:20:21Z,Digitizer_run1640_subrun379.csv,4,True,isolation_forest,,3.98,-0.513
2026-04-09T10:20:21Z,Digitizer_run1640_subrun379.csv,5,False,,,3.98,-0.4752
2026-04-09T10:20:21Z,Digitizer_run1640_subrun379.csv,6,True,isolation_forest,,3.98,-0.5253
2026-04-09T10:20:21Z,Digitizer_run1640_subrun379.csv,7,True,isolation_forest,,3.98,-0.4955
2026-04-09T10:20:21Z,Digitizer_run1640_subrun379.csv,8,False,,,4.84,-0.4649
2026-04-09T10:20:21Z,Digitizer_run1640_subrun379.csv,9,False,,,3.98,-0.4522
2026-04-09T10:20:21Z,Digitizer_run1640_subrun379.csv,10,False,,,3.98,-0.4665
2026-04-09T10:20:21Z,Digitizer_run1640_subrun379.csv,11,False,,,3.98,-0.4732
2026-04-09T10:20:21Z,Digitizer_run1640_subrun379.csv,12,False,,,3.98,-0.4549
2026-04-09T10:20:21Z,Digitizer_run1640_subrun379.csv,13,False,,,3.98,-0.474
2026-04-09T10:20:21Z,Digitizer_run1640_subrun379.csv,14,True,isolation_forest,,3.98,-0.5008
2026-04-09T10:20:21Z,Digitizer_run1640_subrun379.csv,15,False,,,3.98,-0.4507
2026-04-09T10:20:21Z,Digitizer_run1640_subrun379.csv,16,True,isolation_forest,,3.98,-0.495
2026-04-09T10:20:21Z,Digitizer_run1640_subrun379.csv,17,False,,,3.98,-0.4532
2026-04-09T10:20:21Z,Digitizer_run1640_subrun379.csv,18,False,,,3.98,-0.4392
2026-04-09T10:20:21Z,Digitizer_run1640_subrun379.csv,19,False,,,3.98,-0.4313
2026-04-09T10:20:21Z,Digitizer_run1640_subrun379.csv,20,False,,,3.98,-0.479
2026-04-09T10:20:21Z,Digitizer_run1640_subrun379.csv,21,False,,,3.98,-0.482
2026-04-09T10:20:21Z,Digitizer_run1640_subrun379.csv,22,True,isolation_forest,,3.98,-0.5179
2026-04-09T10:20:21Z,Digitizer_run1640_subrun379.csv,23,False,,,3.98,-0.4525
2026-04-09T10:20:21Z,Digitizer_run1640_subrun379.csv,24,False,,,3.98,-0.4775
2026-04-09T10:20:21Z,Digitizer_run1640_subrun379.csv,25,False,,,3.98,-0.4662
2026-04-09T10:20:21Z,Digitizer_run1640_subrun379.csv,26,False,,,3.98,-0.4758
2026-04-09T10:20:21Z,Digitizer_run1640_subrun379.csv,27,False,,,3.98,-0.4761
2026-04-09T10:20:21Z,Digitizer_run1640_subrun379.csv,28,False,,,3.98,-0.4782
2026-04-09T10:20:21Z,Digitizer_run1640_subrun379.csv,29,False,,,3.98,-0.4654
2026-04-09T10:20:21Z,Digitizer_run1640_subrun379.csv,30,False,,,3.98,-0.4905
2026-04-09T10:20:21Z,Digitizer_run1640_subrun379.csv,31,True,isolation_forest,,3.98,-0.5282
2026-04-09T10:20:21Z,Digitizer_run1640_subrun379.csv,32,True,statistical+IF,pulseHeight_max_std,5.41,-0.6249
2026-04-09T10:20:21Z,Digitizer_run1640_subrun379.csv,33,True,statistical+IF,pulseHeight_max_std,5.13,-0.5922
2026-04-09T10:20:21Z,Digitizer_run1640_subrun379.csv,34,True,statistical+IF,pulseHeight_max_median;pulseArea_max_median,5.05,-0.5532
2026-04-09T10:20:21Z,Digitizer_run1640_subrun379.csv,35,False,,,3.98,-0.4626
2026-04-09T10:20:21Z,Digitizer_run1640_subrun379.csv,36,True,isolation_forest,,3.98,-0.497
2026-04-09T10:20:21Z,Digitizer_run1640_subrun379.csv,37,True,isolation_forest,,3.98,-0.5064
2026-04-09T10:20:21Z,Digitizer_run1640_subrun379.csv,38,True,isolation_forest,,3.98,-0.524
2026-04-09T10:20:21Z,Digitizer_run1640_subrun379.csv,39,True,isolation_forest,,4.43,-0.4952
2026-04-09T10:20:21Z,Digitizer_run1640_subrun379.csv,40,True,isolation_forest,,3.98,-0.5014
2026-04-09T10:20:21Z,Digitizer_run1640_subrun379.csv,41,False,,,3.98,-0.4742
2026-04-09T10:20:21Z,Digitizer_run1640_subrun379.csv,42,False,,,3.98,-0.4394
2026-04-09T10:20:21Z,Digitizer_run1640_subrun379.csv,43,False,,,3.98,-0.4256
2026-04-09T10:20:21Z,Digitizer_run1640_subrun379.csv,44,True,statistical+IF,pulseHeight_min_median,5.05,-0.5274
2026-04-09T10:20:21Z,Digitizer_run1640_subrun379.csv,45,True,isolation_forest,,4.53,-0.5271
2026-04-09T10:20:21Z,Digitizer_run1640_subrun379.csv,46,False,,,3.98,-0.4871
2026-04-09T10:20:21Z,Digitizer_run1640_subrun379.csv,47,False,,,3.98,-0.4521
2026-04-09T10:20:21Z,Digitizer_run1640_subrun379.csv,48,False,,,3.98,-0.4771
2026-04-09T10:20:21Z,Digitizer_run1640_subrun379.csv,49,False,,,3.98,-0.4592
2026-04-09T10:20:21Z,Digitizer_run1640_subrun379.csv,50,False,,,3.98,-0.4907
2026-04-09T10:20:21Z,Digitizer_run1640_subrun379.csv,51,False,,,3.98,-0.4505
2026-04-09T10:20:21Z,Digitizer_run1640_subrun379.csv,52,False,,,3.98,-0.4738
2026-04-09T10:20:21Z,Digitizer_run1640_subrun379.csv,53,False,,,3.98,-0.4793
2026-04-09T10:20:21Z,Digitizer_run1640_subrun379.csv,54,False,,,3.98,-0.4541
2026-04-09T10:20:21Z,Digitizer_run1640_subrun379.csv,55,False,,,3.98,-0.4619
2026-04-09T10:20:21Z,Digitizer_run1640_subrun379.csv,56,True,statistical+IF,sideband_mean_median,5.38,-0.5683
2026-04-09T10:20:21Z,Digitizer_run1640_subrun379.csv,57,False,,,3.98,-0.4817
2026-04-09T10:20:21Z,Digitizer_run1640_subrun379.csv,58,True,isolation_forest,,3.98,-0.5156
2026-04-09T10:20:21Z,Digitizer_run1640_subrun379.csv,59,True,isolation_forest,,3.98,-0.5228
2026-04-09T10:20:21Z,Digitizer_run1640_subrun379.csv,60,True,isolation_forest,,3.98,-0.5025
2026-04-09T10:20:21Z,Digitizer_run1640_subrun379.csv,61,True,isolation_forest,,3.98,-0.4919
2026-04-09T10:20:21Z,Digitizer_run1640_subrun379.csv,62,True,isolation_forest,,3.98,-0.5365
2026-04-09T10:20:21Z,Digitizer_run1640_subrun379.csv,63,True,isolation_forest,,3.98,-0.5256
2026-04-09T10:20:21Z,Digitizer_run1640_subrun379.csv,64,False,,,3.98,-0.4231
2026-04-09T10:20:21Z,Digitizer_run1640_subrun379.csv,65,False,,,3.98,-0.4497
2026-04-09T10:20:21Z,Digitizer_run1640_subrun379.csv,66,True,isolation_forest,,3.98,-0.5203
2026-04-09T10:20:21Z,Digitizer_run1640_subrun379.csv,67,False,,,3.98,-0.4586
2026-04-09T10:20:21Z,Digitizer_run1640_subrun379.csv,68,False,,,3.98,-0.479
2026-04-09T10:20:21Z,Digitizer_run1640_subrun379.csv,69,False,,,3.98,-0.4425
2026-04-09T10:20:21Z,Digitizer_run1640_subrun379.csv,70,False,,,3.98,-0.4524
2026-04-09T10:20:21Z,Digitizer_run1640_subrun379.csv,71,False,,,3.98,-0.4634
2026-04-09T10:20:21Z,Digitizer_run1640_subrun379.csv,72,True,isolation_forest,,3.98,-0.5357
2026-04-09T10:20:21Z,Digitizer_run1640_subrun379.csv,73,False,,,3.98,-0.4866
2026-04-09T10:20:21Z,Digitizer_run1640_subrun379.csv,74,False,,,3.98,-0.4473
2026-04-09T10:20:21Z,Digitizer_run1640_subrun379.csv,75,False,,,3.98,-0.4335
2026-04-09T10:20:21Z,Digitizer_run1640_subrun379.csv,76,False,,,3.98,-0.4717
2026-04-09T10:20:21Z,Digitizer_run1640_subrun379.csv,77,False,,,3.98,-0.4568
2026-04-09T10:20:21Z,Digitizer_run1640_subrun379.csv,78,False,,,3.98,-0.4697
2026-04-09T10:20:21Z,Digitizer_run1640_subrun379.csv,79,False,,,3.98,-0.4519
2026-04-09T10:20:21Z,Digitizer_run1640_subrun379.csv,80,True,isolation_forest,,4.61,-0.4951
2026-04-09T10:20:21Z,Digitizer_run1640_subrun379.csv,81,False,,,3.98,-0.4517
2026-04-09T10:20:21Z,Digitizer_run1640_subrun379.csv,82,True,isolation_forest,,3.98,-0.5001
2026-04-09T10:20:21Z,Digitizer_run1640_subrun379.csv,83,False,,,3.98,-0.4853
2026-04-09T10:20:21Z,Digitizer_run1640_subrun379.csv,84,False,,,3.98,-0.4563
2026-04-09T10:20:21Z,Digitizer_run1640_subrun379.csv,85,True,isolation_forest,,3.98,-0.5206
2026-04-09T10:20:21Z,Digitizer_run1640_subrun379.csv,86,True,isolation_forest,,3.98,-0.493
2026-04-09T10:20:21Z,Digitizer_run1640_subrun379.csv,87,True,isolation_forest,,3.98,-0.4954
2026-04-09T10:20:21Z,Digitizer_run1640_subrun379.csv,88,False,,,3.98,-0.4821
2026-04-09T10:20:21Z,Digitizer_run1640_subrun379.csv,89,True,isolation_forest,,3.98,-0.5239
2026-04-09T10:20:21Z,Digitizer_run1640_subrun379.csv,90,True,isolation_forest,,3.98,-0.493
2026-04-09T10:20:21Z,Digitizer_run1640_subrun379.csv,91,True,isolation_forest,,3.98,-0.5078
2026-04-09T10:20:21Z,Digitizer_run1640_subrun379.csv,92,True,isolation_forest,,3.98,-0.5067
2026-04-09T10:20:21Z,Digitizer_run1640_subrun379.csv,93,True,isolation_forest,,3.98,-0.4975
2026-04-09T10:20:21Z,Digitizer_run1640_subrun379.csv,94,True,isolation_forest,,3.98,-0.4948
2026-04-09T10:20:21Z,Digitizer_run1640_subrun379.csv,95,True,isolation_forest,,3.98,-0.5342
2026-04-09T10:20:24Z,Digitizer_run1637_subrun275.csv,0,False,,,3.72,-0.4383
2026-04-09T10:20:24Z,Digitizer_run1637_subrun275.csv,1,False,,,3.72,-0.4729
2026-04-09T10:20:24Z,Digitizer_run1637_subrun275.csv,2,True,isolation_forest,,3.72,-0.4939
2026-04-09T10:20:24Z,Digitizer_run1637_subrun275.csv,3,True,isolation_forest,,3.72,-0.504
2026-04-09T10:20:24Z,Digitizer_run1637_subrun275.csv,4,False,,,3.72,-0.4655
2026-04-09T10:20:24Z,Digitizer_run1637_subrun275.csv,5,False,,,3.72,-0.4454
2026-04-09T10:20:24Z,Digitizer_run1637_subrun275.csv,6,False,,,3.72,-0.4693
2026-04-09T10:20:24Z,Digitizer_run1637_subrun275.csv,7,True,statistical+IF,sideband_rms_mean,5.38,-0.5177
2026-04-09T10:20:24Z,Digitizer_run1637_subrun275.csv,8,False,,,3.72,-0.4328
2026-04-09T10:20:24Z,Digitizer_run1637_subrun275.csv,9,False,,,3.72,-0.4719
2026-04-09T10:20:24Z,Digitizer_run1637_subrun275.csv,10,False,,,3.72,-0.4498
2026-04-09T10:20:24Z,Digitizer_run1637_subrun275.csv,11,False,,,3.72,-0.4143
2026-04-09T10:20:24Z,Digitizer_run1637_subrun275.csv,12,False,,,3.72,-0.4066
2026-04-09T10:20:24Z,Digitizer_run1637_subrun275.csv,13,False,,,3.72,-0.419
2026-04-09T10:20:24Z,Digitizer_run1637_subrun275.csv,14,False,,,3.72,-0.49
2026-04-09T10:20:24Z,Digitizer_run1637_subrun275.csv,15,False,,,3.72,-0.4594
2026-04-09T10:20:24Z,Digitizer_run1637_subrun275.csv,16,False,,,3.72,-0.428
2026-04-09T10:20:24Z,Digitizer_run1637_subrun275.csv,17,False,,,3.72,-0.4075
2026-04-09T10:20:24Z,Digitizer_run1637_subrun275.csv,18,False,,,3.72,-0.418
2026-04-09T10:20:24Z,Digitizer_run1637_subrun275.csv,19,False,,,3.72,-0.4376
2026-04-09T10:20:24Z,Digitizer_run1637_subrun275.csv,20,False,,,3.72,-0.4092
2026-04-09T10:20:24Z,Digitizer_run1637_subrun275.csv,21,False,,,3.72,-0.4143
2026-04-09T10:20:24Z,Digitizer_run1637_subrun275.csv,22,False,,,3.72,-0.4494
2026-04-09T10:20:24Z,Digitizer_run1637_subrun275.csv,23,False,,,3.72,-0.4729
2026-04-09T10:20:24Z,Digitizer_run1637_subrun275.csv,24,True,statistical+IF,sideband_mean_mean,6.44,-0.508
2026-04-09T10:20:24Z,Digitizer_run1637_subrun275.csv,25,True,statistical,sideband_mean_mean,5.59,-0.4847
2026-04-09T10:20:24Z,Digitizer_run1637_subrun275.csv,26,False,,,3.72,-0.4651
2026-04-09T10:20:24Z,Digitizer_run1637_subrun275.csv,27,False,,,3.72,-0.4428
2026-04-09T10:20:24Z,Digitizer_run1637_subrun275.csv,28,False,,,3.72,-0.4281
2026-04-09T10:20:24Z,Digitizer_run1637_subrun275.csv,29,False,,,3.72,-0.4259
2026-04-09T10:20:24Z,Digitizer_run1637_subrun275.csv,30,False,,,3.72,-0.4222
2026-04-09T10:20:24Z,Digitizer_run1637_subrun275.csv,31,False,,,3.72,-0.4203
2026-04-09T10:20:24Z,Digitizer_run1637_subrun275.csv,32,False,,,3.72,-0.4069
2026-04-09T10:20:24Z,Digitizer_run1637_subrun275.csv,33,False,,,3.72,-0.4192
2026-04-09T10:20:24Z,Digitizer_run1637_subrun275.csv,34,False,,,3.72,-0.4136
2026-04-09T10:20:24Z,Digitizer_run1637_subrun275.csv,35,False,,,3.72,-0.4185
2026-04-09T10:20:24Z,Digitizer_run1637_subrun275.csv,36,True,isolation_forest,,3.72,-0.4945
2026-04-09T10:20:24Z,Digitizer_run1637_subrun275.csv,37,True,isolation_forest,,4.97,-0.4965
2026-04-09T10:20:24Z,Digitizer_run1637_subrun275.csv,38,False,,,3.72,-0.4339
2026-04-09T10:20:24Z,Digitizer_run1637_subrun275.csv,39,False,,,3.72,-0.419
2026-04-09T10:20:24Z,Digitizer_run1637_subrun275.csv,40,False,,,3.72,-0.4172
2026-04-09T10:20:24Z,Digitizer_run1637_subrun275.csv,41,False,,,3.72,-0.4227
2026-04-09T10:20:24Z,Digitizer_run1637_subrun275.csv,42,False,,,3.72,-0.4107
2026-04-09T10:20:24Z,Digitizer_run1637_subrun275.csv,43,False,,,3.72,-0.4302
2026-04-09T10:20:24Z,Digitizer_run1637_subrun275.csv,44,False,,,3.72,-0.463
2026-04-09T10:20:24Z,Digitizer_run1637_subrun275.csv,45,False,,,3.72,-0.4479
2026-04-09T10:20:24Z,Digitizer_run1637_subrun275.csv,46,False,,,3.72,-0.4409
2026-04-09T10:20:24Z,Digitizer_run1637_subrun275.csv,47,False,,,3.72,-0.4071
2026-04-09T10:20:24Z,Digitizer_run1637_subrun275.csv,48,False,,,3.72,-0.4361
2026-04-09T10:20:24Z,Digitizer_run1637_subrun275.csv,49,False,,,3.72,-0.4413
2026-04-09T10:20:24Z,Digitizer_run1637_subrun275.csv,50,False,,,3.85,-0.4496
2026-04-09T10:20:24Z,Digitizer_run1637_subrun275.csv,51,False,,,3.72,-0.4009
2026-04-09T10:20:24Z,Digitizer_run1637_subrun275.csv,52,False,,,3.72,-0.4264
2026-04-09T10:20:24Z,Digitizer_run1637_subrun275.csv,53,False,,,3.72,-0.4061
2026-04-09T10:20:24Z,Digitizer_run1637_subrun275.csv,54,False,,,3.72,-0.4013
2026-04-09T10:20:24Z,Digitizer_run1637_subrun275.csv,55,False,,,3.72,-0.4308
2026-04-09T10:20:24Z,Digitizer_run1637_subrun275.csv,56,False,,,3.72,-0.4426
2026-04-09T10:20:24Z,Digitizer_run1637_subrun275.csv,57,False,,,3.72,-0.4857
2026-04-09T10:20:24Z,Digitizer_run1637_subrun275.csv,58,False,,,3.72,-0.4227
2026-04-09T10:20:24Z,Digitizer_run1637_subrun275.csv,59,False,,,3.72,-0.4349
2026-04-09T10:20:24Z,Digitizer_run1637_subrun275.csv,60,False,,,3.72,-0.4189
2026-04-09T10:20:24Z,Digitizer_run1637_subrun275.csv,61,False,,,3.72,-0.4245
2026-04-09T10:20:24Z,Digitizer_run1637_subrun275.csv,62,False,,,3.72,-0.4478
2026-04-09T10:20:24Z,Digitizer_run1637_subrun275.csv,63,False,,,3.72,-0.4492
2026-04-09T10:20:24Z,Digitizer_run1637_subrun275.csv,64,False,,,3.72,-0.4109
2026-04-09T10:20:24Z,Digitizer_run1637_subrun275.csv,65,False,,,3.72,-0.41
2026-04-09T10:20:24Z,Digitizer_run1637_subrun275.csv,66,False,,,3.72,-0.4036
2026-04-09T10:20:24Z,Digitizer_run1637_subrun275.csv,67,False,,,3.72,-0.4116
2026-04-09T10:20:24Z,Digitizer_run1637_subrun275.csv,68,True,statistical+IF,pulseArea_max_median,5.63,-0.5229
2026-04-09T10:20:24Z,Digitizer_run1637_subrun275.csv,69,True,isolation_forest,,4.77,-0.4937
2026-04-09T10:20:24Z,Digitizer_run1637_subrun275.csv,70,False,,,3.72,-0.4075
2026-04-09T10:20:24Z,Digitizer_run1637_subrun275.csv,71,False,,,3.72,-0.4327
2026-04-09T10:20:24Z,Digitizer_run1637_subrun275.csv,72,False,,,3.72,-0.4471
2026-04-09T10:20:24Z,Digitizer_run1637_subrun275.csv,73,False,,,3.72,-0.4541
2026-04-09T10:20:24Z,Digitizer_run1637_subrun275.csv,74,False,,,3.72,-0.423
2026-04-09T10:20:24Z,Digitizer_run1637_subrun275.csv,75,False,,,3.72,-0.4569
2026-04-09T10:20:24Z,Digitizer_run1637_subrun275.csv,76,False,,,3.72,-0.4114
2026-04-09T10:20:24Z,Digitizer_run1637_subrun275.csv,77,False,,,3.72,-0.4192
2026-04-09T10:20:24Z,Digitizer_run1637_subrun275.csv,78,False,,,3.72,-0.4024
2026-04-09T10:20:24Z,Digitizer_run1637_subrun275.csv,79,False,,,3.72,-0.409
2026-04-09T10:20:24Z,Digitizer_run1637_subrun275.csv,80,False,,,3.72,-0.4393
2026-04-09T10:20:24Z,Digitizer_run1637_subrun275.csv,81,False,,,3.72,-0.4334
2026-04-09T10:20:24Z,Digitizer_run1637_subrun275.csv,82,False,,,3.72,-0.4178
2026-04-09T10:20:24Z,Digitizer_run1637_subrun275.csv,83,False,,,3.72,-0.4282
2026-04-09T10:20:24Z,Digitizer_run1637_subrun275.csv,84,False,,,3.72,-0.4266
2026-04-09T10:20:24Z,Digitizer_run1637_subrun275.csv,85,False,,,3.72,-0.4259
2026-04-09T10:20:24Z,Digitizer_run1637_subrun275.csv,86,False,,,3.72,-0.4093
2026-04-09T10:20:24Z,Digitizer_run1637_subrun275.csv,87,False,,,3.72,-0.3905
2026-04-09T10:20:24Z,Digitizer_run1637_subrun275.csv,88,False,,,3.72,-0.4249
2026-04-09T10:20:24Z,Digitizer_run1637_subrun275.csv,89,False,,,3.72,-0.4553
2026-04-09T10:20:24Z,Digitizer_run1637_subrun275.csv,90,False,,,3.72,-0.4629
2026-04-09T10:20:24Z,Digitizer_run1637_subrun275.csv,91,False,,,3.72,-0.4847
2026-04-09T10:20:24Z,Digitizer_run1637_subrun275.csv,92,False,,,3.72,-0.4716
2026-04-09T10:20:24Z,Digitizer_run1637_subrun275.csv,93,False,,,3.72,-0.4859
2026-04-09T10:20:24Z,Digitizer_run1637_subrun275.csv,94,True,isolation_forest,,3.72,-0.5159
2026-04-09T10:20:24Z,Digitizer_run1637_subrun275.csv,95,True,isolation_forest,,3.72,-0.5052
