timestamp,filename,channel,anomalous,method,triggered_features,max_z,if_score
2026-04-09T17:38:22Z,Digitizer_run1642_subrun87.csv,32,True,missing_channel,missing_channel,nan,nan
2026-04-09T17:38:22Z,Digitizer_run1642_subrun87.csv,33,True,missing_channel,missing_channel,nan,nan
2026-04-09T17:38:22Z,Digitizer_run1642_subrun87.csv,0,True,statistical,LVDSpin16,6.19,-0.4588
2026-04-09T17:38:22Z,Digitizer_run1642_subrun87.csv,1,True,statistical,LVDSpin16,6.19,-0.463
2026-04-09T17:38:22Z,Digitizer_run1642_subrun87.csv,2,True,statistical,LVDSpin16,6.19,-0.473
2026-04-09T17:38:22Z,Digitizer_run1642_subrun87.csv,3,True,statistical,LVDSpin16,6.19,-0.4728
2026-04-09T17:38:22Z,Digitizer_run1642_subrun87.csv,4,True,statistical,LVDSpin16,6.19,-0.4684
2026-04-09T17:38:22Z,Digitizer_run1642_subrun87.csv,5,True,statistical,LVDSpin16,6.19,-0.4834
2026-04-09T17:38:22Z,Digitizer_run1642_subrun87.csv,6,True,statistical,LVDSpin16,6.19,-0.465
2026-04-09T17:38:22Z,Digitizer_run1642_subrun87.csv,7,True,statistical,LVDSpin16,6.19,-0.4656
2026-04-09T17:38:22Z,Digitizer_run1642_subrun87.csv,8,True,statistical,LVDSpin16,6.19,-0.4912
2026-04-09T17:38:22Z,Digitizer_run1642_subrun87.csv,9,True,statistical,LVDSpin16,6.19,-0.4618
2026-04-09T17:38:22Z,Digitizer_run1642_subrun87.csv,10,True,statistical,LVDSpin16,6.19,-0.4592
2026-04-09T17:38:22Z,Digitizer_run1642_subrun87.csv,11,True,statistical,LVDSpin16,6.19,-0.4666
2026-04-09T17:38:22Z,Digitizer_run1642_subrun87.csv,12,True,statistical,LVDSpin16,6.19,-0.4548
2026-04-09T17:38:22Z,Digitizer_run1642_subrun87.csv,13,True,statistical,LVDSpin16,6.19,-0.4736
2026-04-09T17:38:22Z,Digitizer_run1642_subrun87.csv,14,True,statistical,LVDSpin16,6.19,-0.4604
2026-04-09T17:38:22Z,Digitizer_run1642_subrun87.csv,15,True,statistical,LVDSpin16,6.19,-0.4564
2026-04-09T17:38:22Z,Digitizer_run1642_subrun87.csv,16,True,statistical,LVDSpin16,6.19,-0.4665
2026-04-09T17:38:22Z,Digitizer_run1642_subrun87.csv,17,True,statistical,LVDSpin16,6.19,-0.4678
2026-04-09T17:38:22Z,Digitizer_run1642_subrun87.csv,18,True,statistical,LVDSpin16,6.19,-0.4674
2026-04-09T17:38:22Z,Digitizer_run1642_subrun87.csv,19,True,statistical,LVDSpin16,6.19,-0.4563
2026-04-09T17:38:22Z,Digitizer_run1642_subrun87.csv,20,True,statistical,LVDSpin16,6.19,-0.4737
2026-04-09T17:38:22Z,Digitizer_run1642_subrun87.csv,21,True,statistical,LVDSpin16,6.19,-0.4637
2026-04-09T17:38:22Z,Digitizer_run1642_subrun87.csv,22,True,statistical,LVDSpin16,6.19,-0.4794
2026-04-09T17:38:22Z,Digitizer_run1642_subrun87.csv,23,True,statistical,LVDSpin16,6.19,-0.4699
2026-04-09T17:38:22Z,Digitizer_run1642_subrun87.csv,24,True,statistical,LVDSpin16,6.19,-0.4615
2026-04-09T17:38:22Z,Digitizer_run1642_subrun87.csv,25,True,statistical,LVDSpin16,6.19,-0.4654
2026-04-09T17:38:22Z,Digitizer_run1642_subrun87.csv,26,True,statistical,LVDSpin16,6.19,-0.4631
2026-04-09T17:38:22Z,Digitizer_run1642_subrun87.csv,27,True,statistical,LVDSpin16,6.19,-0.4792
2026-04-09T17:38:22Z,Digitizer_run1642_subrun87.csv,28,True,statistical,LVDSpin16,6.19,-0.4529
2026-04-09T17:38:22Z,Digitizer_run1642_subrun87.csv,29,True,statistical,LVDSpin16,6.19,-0.4579
2026-04-09T17:38:22Z,Digitizer_run1642_subrun87.csv,30,True,statistical,LVDSpin16,6.19,-0.4811
2026-04-09T17:38:22Z,Digitizer_run1642_subrun87.csv,31,True,statistical,LVDSpin16,6.19,-0.4704
2026-04-09T17:38:22Z,Digitizer_run1642_subrun87.csv,34,True,statistical,LVDSpin16,6.19,-0.4718
2026-04-09T17:38:22Z,Digitizer_run1642_subrun87.csv,35,True,statistical,LVDSpin16,6.19,-0.4687
2026-04-09T17:38:22Z,Digitizer_run1642_subrun87.csv,36,True,statistical,LVDSpin16,6.19,-0.4752
2026-04-09T17:38:22Z,Digitizer_run1642_subrun87.csv,37,True,statistical,LVDSpin16,6.19,-0.4767
2026-04-09T17:38:22Z,Digitizer_run1642_subrun87.csv,38,True,statistical,LVDSpin16,6.19,-0.4644
2026-04-09T17:38:22Z,Digitizer_run1642_subrun87.csv,39,True,statistical,LVDSpin16,6.19,-0.4646
2026-04-09T17:38:22Z,Digitizer_run1642_subrun87.csv,40,True,statistical,LVDSpin16,6.19,-0.4573
2026-04-09T17:38:22Z,Digitizer_run1642_subrun87.csv,41,True,statistical,LVDSpin16,6.19,-0.4708
2026-04-09T17:38:22Z,Digitizer_run1642_subrun87.csv,42,True,statistical,LVDSpin16,6.19,-0.4835
2026-04-09T17:38:22Z,Digitizer_run1642_subrun87.csv,43,True,statistical,LVDSpin16,6.19,-0.4654
2026-04-09T17:38:22Z,Digitizer_run1642_subrun87.csv,44,True,statistical,LVDSpin16,6.19,-0.4679
2026-04-09T17:38:22Z,Digitizer_run1642_subrun87.csv,45,True,statistical,LVDSpin16,6.19,-0.4805
2026-04-09T17:38:22Z,Digitizer_run1642_subrun87.csv,46,True,statistical,LVDSpin16,6.19,-0.4573
2026-04-09T17:38:22Z,Digitizer_run1642_subrun87.csv,47,True,statistical,LVDSpin16,6.19,-0.457
2026-04-09T17:38:22Z,Digitizer_run1642_subrun87.csv,48,True,statistical,LVDSpin16,6.19,-0.4868
2026-04-09T17:38:22Z,Digitizer_run1642_subrun87.csv,49,True,statistical,LVDSpin16,6.19,-0.4815
2026-04-09T17:38:22Z,Digitizer_run1642_subrun87.csv,50,True,statistical,LVDSpin16,6.19,-0.4701
2026-04-09T17:38:22Z,Digitizer_run1642_subrun87.csv,51,True,statistical,LVDSpin16,6.19,-0.4796
2026-04-09T17:38:22Z,Digitizer_run1642_subrun87.csv,52,True,statistical,LVDSpin16,6.19,-0.4935
2026-04-09T17:38:22Z,Digitizer_run1642_subrun87.csv,53,True,statistical,LVDSpin16,6.19,-0.4875
2026-04-09T17:38:22Z,Digitizer_run1642_subrun87.csv,54,True,statistical,LVDSpin16,6.19,-0.4843
2026-04-09T17:38:22Z,Digitizer_run1642_subrun87.csv,55,True,statistical,LVDSpin16,6.19,-0.477
2026-04-09T17:38:22Z,Digitizer_run1642_subrun87.csv,56,True,statistical,LVDSpin16,6.19,-0.5097
2026-04-09T17:38:22Z,Digitizer_run1642_subrun87.csv,57,True,statistical,LVDSpin16,6.19,-0.4683
2026-04-09T17:38:22Z,Digitizer_run1642_subrun87.csv,58,True,statistical,LVDSpin16,6.19,-0.4687
2026-04-09T17:38:22Z,Digitizer_run1642_subrun87.csv,59,True,statistical,LVDSpin16,6.19,-0.4764
2026-04-09T17:38:22Z,Digitizer_run1642_subrun87.csv,60,True,statistical,LVDSpin16,6.19,-0.4733
2026-04-09T17:38:22Z,Digitizer_run1642_subrun87.csv,61,True,statistical,LVDSpin16,6.19,-0.461
2026-04-09T17:38:22Z,Digitizer_run1642_subrun87.csv,62,True,statistical,LVDSpin16,6.19,-0.4681
2026-04-09T17:38:22Z,Digitizer_run1642_subrun87.csv,63,True,statistical,LVDSpin16,6.19,-0.4729
2026-04-09T17:38:22Z,Digitizer_run1642_subrun87.csv,64,True,statistical,LVDSpin16,6.19,-0.4582
2026-04-09T17:38:22Z,Digitizer_run1642_subrun87.csv,65,True,statistical,LVDSpin16,6.19,-0.4619
2026-04-09T17:38:22Z,Digitizer_run1642_subrun87.csv,66,True,statistical,LVDSpin16,6.19,-0.4715
2026-04-09T17:38:22Z,Digitizer_run1642_subrun87.csv,67,True,statistical,LVDSpin16,6.19,-0.4758
2026-04-09T17:38:22Z,Digitizer_run1642_subrun87.csv,68,True,statistical,LVDSpin16,6.19,-0.4631
2026-04-09T17:38:22Z,Digitizer_run1642_subrun87.csv,69,True,statistical,LVDSpin16,6.19,-0.4691
2026-04-09T17:38:22Z,Digitizer_run1642_subrun87.csv,70,True,statistical,LVDSpin16,6.19,-0.4596
2026-04-09T17:38:22Z,Digitizer_run1642_subrun87.csv,71,True,statistical,LVDSpin16,6.19,-0.4655
2026-04-09T17:38:22Z,Digitizer_run1642_subrun87.csv,72,True,statistical,LVDSpin16,6.19,-0.5081
2026-04-09T17:38:22Z,Digitizer_run1642_subrun87.csv,73,True,statistical,LVDSpin16,6.19,-0.4674
2026-04-09T17:38:22Z,Digitizer_run1642_subrun87.csv,74,True,statistical,LVDSpin16,6.19,-0.482
2026-04-09T17:38:22Z,Digitizer_run1642_subrun87.csv,75,True,statistical,LVDSpin16,6.19,-0.4817
2026-04-09T17:38:22Z,Digitizer_run1642_subrun87.csv,76,True,statistical,LVDSpin16,6.19,-0.4675
2026-04-09T17:38:22Z,Digitizer_run1642_subrun87.csv,77,True,statistical,LVDSpin16,6.19,-0.4728
2026-04-09T17:38:22Z,Digitizer_run1642_subrun87.csv,78,True,statistical,LVDSpin16,6.19,-0.4589
2026-04-09T17:38:22Z,Digitizer_run1642_subrun87.csv,79,True,statistical,LVDSpin16,6.19,-0.4756
2026-04-09T17:38:22Z,Digitizer_run1642_subrun87.csv,80,True,statistical,LVDSpin16,6.19,-0.4605
2026-04-09T17:38:22Z,Digitizer_run1642_subrun87.csv,81,True,statistical,LVDSpin16,6.19,-0.4583
2026-04-09T17:38:22Z,Digitizer_run1642_subrun87.csv,82,True,statistical,LVDSpin16,6.19,-0.4817
2026-04-09T17:38:22Z,Digitizer_run1642_subrun87.csv,83,True,statistical,LVDSpin16,6.19,-0.4671
2026-04-09T17:38:22Z,Digitizer_run1642_subrun87.csv,84,True,statistical,LVDSpin16,6.19,-0.4741
2026-04-09T17:38:22Z,Digitizer_run1642_subrun87.csv,85,True,statistical,LVDSpin16,6.19,-0.4665
2026-04-09T17:38:22Z,Digitizer_run1642_subrun87.csv,86,True,statistical,LVDSpin16,6.19,-0.4763
2026-04-09T17:38:22Z,Digitizer_run1642_subrun87.csv,87,True,statistical,LVDSpin16,6.19,-0.4838
2026-04-09T17:38:22Z,Digitizer_run1642_subrun87.csv,88,True,statistical,LVDSpin16,6.19,-0.4816
2026-04-09T17:38:22Z,Digitizer_run1642_subrun87.csv,89,True,statistical,LVDSpin16,6.19,-0.4788
2026-04-09T17:38:22Z,Digitizer_run1642_subrun87.csv,90,True,statistical,LVDSpin16,6.19,-0.4844
2026-04-09T17:38:22Z,Digitizer_run1642_subrun87.csv,91,True,statistical,LVDSpin16,6.19,-0.4703
2026-04-09T17:38:22Z,Digitizer_run1642_subrun87.csv,92,True,statistical,LVDSpin16,6.19,-0.4737
2026-04-09T17:38:22Z,Digitizer_run1642_subrun87.csv,93,True,statistical,LVDSpin16,6.19,-0.4916
2026-04-09T17:38:22Z,Digitizer_run1642_subrun87.csv,94,True,statistical,LVDSpin16,6.19,-0.472
2026-04-09T17:38:22Z,Digitizer_run1642_subrun87.csv,95,True,statistical,LVDSpin16,6.19,-0.474
2026-04-09T17:38:32Z,Digitizer_run1640_subrun93.csv,0,True,statistical,triggerRate_bit2;triggerRate_tot,9.38,-0.4849
2026-04-09T17:38:32Z,Digitizer_run1640_subrun93.csv,1,True,statistical,triggerRate_bit2;triggerRate_tot,9.38,-0.4859
2026-04-09T17:38:32Z,Digitizer_run1640_subrun93.csv,2,True,statistical,triggerRate_bit2;triggerRate_tot,9.38,-0.5028
2026-04-09T17:38:32Z,Digitizer_run1640_subrun93.csv,3,True,statistical,triggerRate_bit2;triggerRate_tot,9.38,-0.5071
2026-04-09T17:38:32Z,Digitizer_run1640_subrun93.csv,4,True,statistical,triggerRate_bit2;triggerRate_tot,9.38,-0.4899
2026-04-09T17:38:32Z,Digitizer_run1640_subrun93.csv,5,True,statistical,triggerRate_bit2;triggerRate_tot,9.38,-0.4938
2026-04-09T17:38:32Z,Digitizer_run1640_subrun93.csv,6,True,statistical,triggerRate_bit2;triggerRate_tot,9.38,-0.4942
2026-04-09T17:38:32Z,Digitizer_run1640_subrun93.csv,7,True,statistical,triggerRate_bit2;triggerRate_tot,9.38,-0.5077
2026-04-09T17:38:32Z,Digitizer_run1640_subrun93.csv,8,True,statistical+IF,occupancy;triggerRate_bit2;triggerRate_tot,9.38,-0.5156
2026-04-09T17:38:32Z,Digitizer_run1640_subrun93.csv,9,True,statistical,occupancy;triggerRate_bit2;triggerRate_tot,9.38,-0.4835
2026-04-09T17:38:32Z,Digitizer_run1640_subrun93.csv,10,True,statistical,triggerRate_bit2;triggerRate_tot,9.38,-0.4822
2026-04-09T17:38:32Z,Digitizer_run1640_subrun93.csv,11,True,statistical,triggerRate_bit2;triggerRate_tot,9.38,-0.5027
2026-04-09T17:38:32Z,Digitizer_run1640_subrun93.csv,12,True,statistical,triggerRate_bit2;triggerRate_tot,9.38,-0.5024
2026-04-09T17:38:32Z,Digitizer_run1640_subrun93.csv,13,True,statistical,triggerRate_bit2;triggerRate_tot,9.38,-0.502
2026-04-09T17:38:32Z,Digitizer_run1640_subrun93.csv,14,True,statistical,triggerRate_bit2;triggerRate_tot,9.38,-0.4828
2026-04-09T17:38:32Z,Digitizer_run1640_subrun93.csv,15,True,statistical,triggerRate_bit2;triggerRate_tot,9.38,-0.4889
2026-04-09T17:38:32Z,Digitizer_run1640_subrun93.csv,16,True,statistical,triggerRate_bit2;triggerRate_tot,9.38,-0.4824
2026-04-09T17:38:32Z,Digitizer_run1640_subrun93.csv,17,True,statistical,triggerRate_bit2;triggerRate_tot,9.38,-0.49
2026-04-09T17:38:32Z,Digitizer_run1640_subrun93.csv,18,True,statistical,triggerRate_bit2;triggerRate_tot,9.38,-0.4862
2026-04-09T17:38:32Z,Digitizer_run1640_subrun93.csv,19,True,statistical,triggerRate_bit2;triggerRate_tot,9.38,-0.4826
2026-04-09T17:38:32Z,Digitizer_run1640_subrun93.csv,20,True,statistical,triggerRate_bit2;triggerRate_tot,9.38,-0.4778
2026-04-09T17:38:32Z,Digitizer_run1640_subrun93.csv,21,True,statistical,triggerRate_bit2;triggerRate_tot,9.38,-0.4782
2026-04-09T17:38:32Z,Digitizer_run1640_subrun93.csv,22,True,statistical,triggerRate_bit2;triggerRate_tot,9.38,-0.4946
2026-04-09T17:38:32Z,Digitizer_run1640_subrun93.csv,23,True,statistical,triggerRate_bit2;triggerRate_tot,9.38,-0.4874
2026-04-09T17:38:32Z,Digitizer_run1640_subrun93.csv,24,True,statistical,triggerRate_bit2;triggerRate_tot,9.38,-0.4812
2026-04-09T17:38:32Z,Digitizer_run1640_subrun93.csv,25,True,statistical,triggerRate_bit2;triggerRate_tot,9.38,-0.4843
2026-04-09T17:38:32Z,Digitizer_run1640_subrun93.csv,26,True,statistical,triggerRate_bit2;triggerRate_tot,9.38,-0.5011
2026-04-09T17:38:32Z,Digitizer_run1640_subrun93.csv,27,True,statistical,triggerRate_bit2;triggerRate_tot,9.38,-0.4948
2026-04-09T17:38:32Z,Digitizer_run1640_subrun93.csv,28,True,statistical,triggerRate_bit2;triggerRate_tot,9.38,-0.4863
2026-04-09T17:38:32Z,Digitizer_run1640_subrun93.csv,29,True,statistical,triggerRate_bit2;triggerRate_tot,9.38,-0.5071
2026-04-09T17:38:32Z,Digitizer_run1640_subrun93.csv,30,True,statistical,triggerRate_bit2;triggerRate_tot,9.38,-0.4873
2026-04-09T17:38:32Z,Digitizer_run1640_subrun93.csv,31,True,statistical,triggerRate_bit2;triggerRate_tot,9.38,-0.5077
2026-04-09T17:38:32Z,Digitizer_run1640_subrun93.csv,32,True,statistical+IF,pulseHeight_max_mean;pulseHeight_max_std;pulseHeight_min_mean;pulseArea_max_mean;pulseDuriation_max_mean;pulseDuriation_max_median;occupancy;triggerRate_bit2;triggerRate_tot,43.86,-0.55
2026-04-09T17:38:32Z,Digitizer_run1640_subrun93.csv,33,True,statistical+IF,pulseHeight_max_mean;pulseHeight_max_std;pulseHeight_min_mean;pulseArea_max_mean;pulseDuriation_max_mean;pulseDuriation_max_median;occupancy;triggerRate_bit2;triggerRate_tot,23.19,-0.545
2026-04-09T17:38:32Z,Digitizer_run1640_subrun93.csv,34,True,statistical,triggerRate_bit2;triggerRate_tot,9.38,-0.4901
2026-04-09T17:38:32Z,Digitizer_run1640_subrun93.csv,35,True,statistical,triggerRate_bit2;triggerRate_tot,9.38,-0.4749
2026-04-09T17:38:32Z,Digitizer_run1640_subrun93.csv,36,True,statistical,triggerRate_bit2;triggerRate_tot,9.38,-0.4895
2026-04-09T17:38:32Z,Digitizer_run1640_subrun93.csv,37,True,statistical,triggerRate_bit2;triggerRate_tot,9.38,-0.4935
2026-04-09T17:38:32Z,Digitizer_run1640_subrun93.csv,38,True,statistical,triggerRate_bit2;triggerRate_tot,9.38,-0.4937
2026-04-09T17:38:32Z,Digitizer_run1640_subrun93.csv,39,True,statistical,triggerRate_bit2;triggerRate_tot,9.38,-0.512
2026-04-09T17:38:32Z,Digitizer_run1640_subrun93.csv,40,True,statistical,triggerRate_bit2;triggerRate_tot,9.38,-0.4926
2026-04-09T17:38:32Z,Digitizer_run1640_subrun93.csv,41,True,statistical,triggerRate_bit2;triggerRate_tot,9.38,-0.4912
2026-04-09T17:38:32Z,Digitizer_run1640_subrun93.csv,42,True,statistical,triggerRate_bit2;triggerRate_tot,9.38,-0.5058
2026-04-09T17:38:32Z,Digitizer_run1640_subrun93.csv,43,True,statistical,triggerRate_bit2;triggerRate_tot,9.38,-0.4915
2026-04-09T17:38:32Z,Digitizer_run1640_subrun93.csv,44,True,statistical,triggerRate_bit2;triggerRate_tot,9.38,-0.4882
2026-04-09T17:38:32Z,Digitizer_run1640_subrun93.csv,45,True,statistical,triggerRate_bit2;triggerRate_tot,9.38,-0.4945
2026-04-09T17:38:32Z,Digitizer_run1640_subrun93.csv,46,True,statistical,triggerRate_bit2;triggerRate_tot,9.38,-0.4857
2026-04-09T17:38:32Z,Digitizer_run1640_subrun93.csv,47,True,statistical,triggerRate_bit2;triggerRate_tot,9.38,-0.4915
2026-04-09T17:38:32Z,Digitizer_run1640_subrun93.csv,48,True,statistical,triggerRate_bit2;triggerRate_tot,9.38,-0.4992
2026-04-09T17:38:32Z,Digitizer_run1640_subrun93.csv,49,True,statistical,triggerRate_bit2;triggerRate_tot,9.38,-0.506
2026-04-09T17:38:32Z,Digitizer_run1640_subrun93.csv,50,True,statistical,triggerRate_bit2;triggerRate_tot,9.38,-0.4886
2026-04-09T17:38:32Z,Digitizer_run1640_subrun93.csv,51,True,statistical,triggerRate_bit2;triggerRate_tot,9.38,-0.4883
2026-04-09T17:38:32Z,Digitizer_run1640_subrun93.csv,52,True,statistical,triggerRate_bit2;triggerRate_tot,9.38,-0.4806
2026-04-09T17:38:32Z,Digitizer_run1640_subrun93.csv,53,True,statistical,triggerRate_bit2;triggerRate_tot,9.38,-0.4846
2026-04-09T17:38:32Z,Digitizer_run1640_subrun93.csv,54,True,statistical,triggerRate_bit2;triggerRate_tot,9.38,-0.5047
2026-04-09T17:38:32Z,Digitizer_run1640_subrun93.csv,55,True,statistical+IF,triggerRate_bit2;triggerRate_tot,9.38,-0.5182
2026-04-09T17:38:32Z,Digitizer_run1640_subrun93.csv,56,True,statistical+IF,sideband_mean_median;pulseDuriation_max_median;occupancy;triggerRate_bit2;triggerRate_tot,10.89,-0.5355
2026-04-09T17:38:32Z,Digitizer_run1640_subrun93.csv,57,True,statistical,triggerRate_bit2;triggerRate_tot,9.38,-0.5063
2026-04-09T17:38:32Z,Digitizer_run1640_subrun93.csv,58,True,statistical,triggerRate_bit2;triggerRate_tot,9.38,-0.4903
2026-04-09T17:38:32Z,Digitizer_run1640_subrun93.csv,59,True,statistical,triggerRate_bit2;triggerRate_tot,9.38,-0.4884
2026-04-09T17:38:32Z,Digitizer_run1640_subrun93.csv,60,True,statistical,triggerRate_bit2;triggerRate_tot,9.38,-0.513
2026-04-09T17:38:32Z,Digitizer_run1640_subrun93.csv,61,True,statistical,triggerRate_bit2;triggerRate_tot,9.38,-0.5021
2026-04-09T17:38:32Z,Digitizer_run1640_subrun93.csv,62,True,statistical,triggerRate_bit2;triggerRate_tot,9.38,-0.4683
2026-04-09T17:38:32Z,Digitizer_run1640_subrun93.csv,63,True,statistical,triggerRate_bit2;triggerRate_tot,9.38,-0.4784
2026-04-09T17:38:32Z,Digitizer_run1640_subrun93.csv,64,True,statistical,triggerRate_bit2;triggerRate_tot,9.38,-0.4859
2026-04-09T17:38:32Z,Digitizer_run1640_subrun93.csv,65,True,statistical,triggerRate_bit2;triggerRate_tot,9.38,-0.4868
2026-04-09T17:38:32Z,Digitizer_run1640_subrun93.csv,66,True,statistical,triggerRate_bit2;triggerRate_tot,9.38,-0.4885
2026-04-09T17:38:32Z,Digitizer_run1640_subrun93.csv,67,True,statistical,triggerRate_bit2;triggerRate_tot,9.38,-0.4975
2026-04-09T17:38:32Z,Digitizer_run1640_subrun93.csv,68,True,statistical,triggerRate_bit2;triggerRate_tot,9.38,-0.4928
2026-04-09T17:38:32Z,Digitizer_run1640_subrun93.csv,69,True,statistical,triggerRate_bit2;triggerRate_tot,9.38,-0.4703
2026-04-09T17:38:32Z,Digitizer_run1640_subrun93.csv,70,True,statistical,triggerRate_bit2;triggerRate_tot,9.38,-0.4901
2026-04-09T17:38:32Z,Digitizer_run1640_subrun93.csv,71,True,statistical,triggerRate_bit2;triggerRate_tot,9.38,-0.4795
2026-04-09T17:38:32Z,Digitizer_run1640_subrun93.csv,72,True,statistical,triggerRate_bit2;triggerRate_tot,9.38,-0.5073
2026-04-09T17:38:32Z,Digitizer_run1640_subrun93.csv,73,True,statistical,triggerRate_bit2;triggerRate_tot,9.38,-0.4898
2026-04-09T17:38:32Z,Digitizer_run1640_subrun93.csv,74,True,statistical,triggerRate_bit2;triggerRate_tot,9.38,-0.5129
2026-04-09T17:38:32Z,Digitizer_run1640_subrun93.csv,75,True,statistical,triggerRate_bit2;triggerRate_tot,9.38,-0.502
2026-04-09T17:38:32Z,Digitizer_run1640_subrun93.csv,76,True,statistical,triggerRate_bit2;triggerRate_tot,9.38,-0.4881
2026-04-09T17:38:32Z,Digitizer_run1640_subrun93.csv,77,True,statistical,triggerRate_bit2;triggerRate_tot,9.38,-0.4807
2026-04-09T17:38:32Z,Digitizer_run1640_subrun93.csv,78,True,statistical,triggerRate_bit2;triggerRate_tot,9.38,-0.5071
2026-04-09T17:38:32Z,Digitizer_run1640_subrun93.csv,79,True,statistical,triggerRate_bit2;triggerRate_tot,9.38,-0.4931
2026-04-09T17:38:32Z,Digitizer_run1640_subrun93.csv,80,True,statistical,nPulses_median;occupancy;triggerRate_bit2;triggerRate_tot,9.38,-0.499
2026-04-09T17:38:32Z,Digitizer_run1640_subrun93.csv,81,True,statistical,triggerRate_bit2;triggerRate_tot,9.38,-0.4832
2026-04-09T17:38:32Z,Digitizer_run1640_subrun93.csv,82,True,statistical,triggerRate_bit2;triggerRate_tot,9.38,-0.4821
2026-04-09T17:38:32Z,Digitizer_run1640_subrun93.csv,83,True,statistical,triggerRate_bit2;triggerRate_tot,9.38,-0.4805
2026-04-09T17:38:32Z,Digitizer_run1640_subrun93.csv,84,True,statistical,triggerRate_bit2;triggerRate_tot,9.38,-0.5011
2026-04-09T17:38:32Z,Digitizer_run1640_subrun93.csv,85,True,statistical,triggerRate_bit2;triggerRate_tot,9.38,-0.477
2026-04-09T17:38:32Z,Digitizer_run1640_subrun93.csv,86,True,statistical,triggerRate_bit2;triggerRate_tot,9.38,-0.4728
2026-04-09T17:38:32Z,Digitizer_run1640_subrun93.csv,87,True,statistical,triggerRate_bit2;triggerRate_tot,9.38,-0.4757
2026-04-09T17:38:32Z,Digitizer_run1640_subrun93.csv,88,True,statistical,triggerRate_bit2;triggerRate_tot,9.38,-0.479
2026-04-09T17:38:32Z,Digitizer_run1640_subrun93.csv,89,True,statistical,triggerRate_bit2;triggerRate_tot,9.38,-0.4728
2026-04-09T17:38:32Z,Digitizer_run1640_subrun93.csv,90,True,statistical,triggerRate_bit2;triggerRate_tot,9.38,-0.4946
2026-04-09T17:38:32Z,Digitizer_run1640_subrun93.csv,91,True,statistical,triggerRate_bit2;triggerRate_tot,9.38,-0.4995
2026-04-09T17:38:32Z,Digitizer_run1640_subrun93.csv,92,True,statistical,triggerRate_bit2;triggerRate_tot,9.38,-0.5081
2026-04-09T17:38:32Z,Digitizer_run1640_subrun93.csv,93,True,statistical,triggerRate_bit2;triggerRate_tot,9.38,-0.4953
2026-04-09T17:38:32Z,Digitizer_run1640_subrun93.csv,94,True,statistical,triggerRate_bit2;triggerRate_tot,9.38,-0.5108
2026-04-09T17:38:32Z,Digitizer_run1640_subrun93.csv,95,True,statistical,triggerRate_bit2;triggerRate_tot,9.38,-0.4912
2026-04-09T17:38:40Z,Digitizer_run1642_subrun71.csv,32,True,missing_channel,missing_channel,nan,nan
2026-04-09T17:38:40Z,Digitizer_run1642_subrun71.csv,33,True,missing_channel,missing_channel,nan,nan
2026-04-09T17:38:40Z,Digitizer_run1642_subrun71.csv,0,True,statistical,LVDSpin16,6.19,-0.4638
2026-04-09T17:38:40Z,Digitizer_run1642_subrun71.csv,1,True,statistical,LVDSpin16,6.19,-0.4545
2026-04-09T17:38:40Z,Digitizer_run1642_subrun71.csv,2,True,statistical,LVDSpin16,6.19,-0.4586
2026-04-09T17:38:40Z,Digitizer_run1642_subrun71.csv,3,True,statistical,LVDSpin16,6.19,-0.4536
2026-04-09T17:38:40Z,Digitizer_run1642_subrun71.csv,4,True,statistical,LVDSpin16,6.19,-0.4532
2026-04-09T17:38:40Z,Digitizer_run1642_subrun71.csv,5,True,statistical,LVDSpin16,6.19,-0.4471
2026-04-09T17:38:40Z,Digitizer_run1642_subrun71.csv,6,True,statistical,LVDSpin16,6.19,-0.4699
2026-04-09T17:38:40Z,Digitizer_run1642_subrun71.csv,7,True,statistical,LVDSpin16,6.19,-0.458
2026-04-09T17:38:40Z,Digitizer_run1642_subrun71.csv,8,True,statistical,LVDSpin16,6.19,-0.4689
2026-04-09T17:38:40Z,Digitizer_run1642_subrun71.csv,9,True,statistical,LVDSpin16,6.19,-0.4529
2026-04-09T17:38:40Z,Digitizer_run1642_subrun71.csv,10,True,statistical,LVDSpin16,6.19,-0.442
2026-04-09T17:38:40Z,Digitizer_run1642_subrun71.csv,11,True,statistical,LVDSpin16,6.19,-0.4566
2026-04-09T17:38:40Z,Digitizer_run1642_subrun71.csv,12,True,statistical,LVDSpin16,6.19,-0.4527
2026-04-09T17:38:40Z,Digitizer_run1642_subrun71.csv,13,True,statistical,LVDSpin16,6.19,-0.4505
2026-04-09T17:38:40Z,Digitizer_run1642_subrun71.csv,14,True,statistical,LVDSpin16,6.19,-0.484
2026-04-09T17:38:40Z,Digitizer_run1642_subrun71.csv,15,True,statistical,LVDSpin16,6.19,-0.4988
2026-04-09T17:38:40Z,Digitizer_run1642_subrun71.csv,16,True,statistical,LVDSpin16,6.19,-0.4558
2026-04-09T17:38:40Z,Digitizer_run1642_subrun71.csv,17,True,statistical,LVDSpin16,6.19,-0.4609
2026-04-09T17:38:40Z,Digitizer_run1642_subrun71.csv,18,True,statistical,LVDSpin16,6.19,-0.4762
2026-04-09T17:38:40Z,Digitizer_run1642_subrun71.csv,19,True,statistical,LVDSpin16,6.19,-0.4773
2026-04-09T17:38:40Z,Digitizer_run1642_subrun71.csv,20,True,statistical,LVDSpin16,6.19,-0.4837
2026-04-09T17:38:40Z,Digitizer_run1642_subrun71.csv,21,True,statistical,LVDSpin16,6.19,-0.4671
2026-04-09T17:38:40Z,Digitizer_run1642_subrun71.csv,22,True,statistical,LVDSpin16,6.19,-0.4479
2026-04-09T17:38:40Z,Digitizer_run1642_subrun71.csv,23,True,statistical,LVDSpin16,6.19,-0.4539
2026-04-09T17:38:40Z,Digitizer_run1642_subrun71.csv,24,True,statistical,LVDSpin16,6.19,-0.475
2026-04-09T17:38:40Z,Digitizer_run1642_subrun71.csv,25,True,statistical,LVDSpin16,6.19,-0.461
2026-04-09T17:38:40Z,Digitizer_run1642_subrun71.csv,26,True,statistical,LVDSpin16,6.19,-0.4563
2026-04-09T17:38:40Z,Digitizer_run1642_subrun71.csv,27,True,statistical,LVDSpin16,6.19,-0.4665
2026-04-09T17:38:40Z,Digitizer_run1642_subrun71.csv,28,True,statistical,pulseHeight_min_median;LVDSpin16,6.19,-0.4849
2026-04-09T17:38:40Z,Digitizer_run1642_subrun71.csv,29,True,statistical,LVDSpin16,6.19,-0.4603
2026-04-09T17:38:40Z,Digitizer_run1642_subrun71.csv,30,True,statistical,LVDSpin16,6.19,-0.4496
2026-04-09T17:38:40Z,Digitizer_run1642_subrun71.csv,31,True,statistical,LVDSpin16,6.19,-0.4553
2026-04-09T17:38:40Z,Digitizer_run1642_subrun71.csv,34,True,statistical,LVDSpin16,6.19,-0.4614
2026-04-09T17:38:40Z,Digitizer_run1642_subrun71.csv,35,True,statistical,LVDSpin16,6.19,-0.4743
2026-04-09T17:38:40Z,Digitizer_run1642_subrun71.csv,36,True,statistical,LVDSpin16,6.19,-0.4422
2026-04-09T17:38:40Z,Digitizer_run1642_subrun71.csv,37,True,statistical,LVDSpin16,6.19,-0.4508
2026-04-09T17:38:40Z,Digitizer_run1642_subrun71.csv,38,True,statistical,LVDSpin16,6.19,-0.4441
2026-04-09T17:38:40Z,Digitizer_run1642_subrun71.csv,39,True,statistical,LVDSpin16,6.19,-0.443
2026-04-09T17:38:40Z,Digitizer_run1642_subrun71.csv,40,True,statistical,LVDSpin16,6.19,-0.4756
2026-04-09T17:38:40Z,Digitizer_run1642_subrun71.csv,41,True,statistical,LVDSpin16,6.19,-0.4748
2026-04-09T17:38:40Z,Digitizer_run1642_subrun71.csv,42,True,statistical,LVDSpin16,6.19,-0.4717
2026-04-09T17:38:40Z,Digitizer_run1642_subrun71.csv,43,True,statistical,LVDSpin16,6.19,-0.4627
2026-04-09T17:38:40Z,Digitizer_run1642_subrun71.csv,44,True,statistical,LVDSpin16,6.19,-0.4609
2026-04-09T17:38:40Z,Digitizer_run1642_subrun71.csv,45,True,statistical,LVDSpin16,6.19,-0.4459
2026-04-09T17:38:40Z,Digitizer_run1642_subrun71.csv,46,True,statistical,LVDSpin16,6.19,-0.4687
2026-04-09T17:38:40Z,Digitizer_run1642_subrun71.csv,47,True,statistical,LVDSpin16,6.19,-0.4683
2026-04-09T17:38:40Z,Digitizer_run1642_subrun71.csv,48,True,statistical,LVDSpin16,6.19,-0.4684
2026-04-09T17:38:40Z,Digitizer_run1642_subrun71.csv,49,True,statistical,LVDSpin16,6.19,-0.4759
2026-04-09T17:38:40Z,Digitizer_run1642_subrun71.csv,50,True,statistical,LVDSpin16,6.19,-0.446
2026-04-09T17:38:40Z,Digitizer_run1642_subrun71.csv,51,True,statistical,LVDSpin16,6.19,-0.4453
2026-04-09T17:38:40Z,Digitizer_run1642_subrun71.csv,52,True,statistical,LVDSpin16,6.19,-0.4437
2026-04-09T17:38:40Z,Digitizer_run1642_subrun71.csv,53,True,statistical,LVDSpin16,6.19,-0.4477
2026-04-09T17:38:40Z,Digitizer_run1642_subrun71.csv,54,True,statistical,LVDSpin16,6.19,-0.4495
2026-04-09T17:38:40Z,Digitizer_run1642_subrun71.csv,55,True,statistical,LVDSpin16,6.19,-0.4493
2026-04-09T17:38:40Z,Digitizer_run1642_subrun71.csv,56,True,statistical,LVDSpin16,6.19,-0.4554
2026-04-09T17:38:40Z,Digitizer_run1642_subrun71.csv,57,True,statistical,LVDSpin16,6.19,-0.4468
2026-04-09T17:38:40Z,Digitizer_run1642_subrun71.csv,58,True,statistical,LVDSpin16,6.19,-0.4445
2026-04-09T17:38:40Z,Digitizer_run1642_subrun71.csv,59,True,statistical,LVDSpin16,6.19,-0.4488
2026-04-09T17:38:40Z,Digitizer_run1642_subrun71.csv,60,True,statistical,LVDSpin16,6.19,-0.4557
2026-04-09T17:38:40Z,Digitizer_run1642_subrun71.csv,61,True,statistical,LVDSpin16,6.19,-0.4692
2026-04-09T17:38:40Z,Digitizer_run1642_subrun71.csv,62,True,statistical,LVDSpin16,6.19,-0.4548
2026-04-09T17:38:40Z,Digitizer_run1642_subrun71.csv,63,True,statistical,LVDSpin16,6.19,-0.468
2026-04-09T17:38:40Z,Digitizer_run1642_subrun71.csv,64,True,statistical,LVDSpin16,6.19,-0.4503
2026-04-09T17:38:40Z,Digitizer_run1642_subrun71.csv,65,True,statistical,LVDSpin16,6.19,-0.4552
2026-04-09T17:38:40Z,Digitizer_run1642_subrun71.csv,66,True,statistical,LVDSpin16,6.19,-0.4485
2026-04-09T17:38:40Z,Digitizer_run1642_subrun71.csv,67,True,statistical,LVDSpin16,6.19,-0.4479
2026-04-09T17:38:40Z,Digitizer_run1642_subrun71.csv,68,True,statistical,LVDSpin16,6.19,-0.4527
2026-04-09T17:38:40Z,Digitizer_run1642_subrun71.csv,69,True,statistical,LVDSpin16,6.19,-0.4399
2026-04-09T17:38:40Z,Digitizer_run1642_subrun71.csv,70,True,statistical,LVDSpin16,6.19,-0.4451
2026-04-09T17:38:40Z,Digitizer_run1642_subrun71.csv,71,True,statistical,LVDSpin16,6.19,-0.4516
2026-04-09T17:38:40Z,Digitizer_run1642_subrun71.csv,72,True,statistical,pulseDuriation_max_mean;pulseDuriation_max_median;LVDSpin16,6.19,-0.5027
2026-04-09T17:38:40Z,Digitizer_run1642_subrun71.csv,73,True,statistical,LVDSpin16,6.19,-0.4496
2026-04-09T17:38:40Z,Digitizer_run1642_subrun71.csv,74,True,statistical,LVDSpin16,6.19,-0.4601
2026-04-09T17:38:40Z,Digitizer_run1642_subrun71.csv,75,True,statistical,LVDSpin16,6.19,-0.4709
2026-04-09T17:38:40Z,Digitizer_run1642_subrun71.csv,76,True,statistical,LVDSpin16,6.19,-0.4427
2026-04-09T17:38:40Z,Digitizer_run1642_subrun71.csv,77,True,statistical,LVDSpin16,6.19,-0.459
2026-04-09T17:38:40Z,Digitizer_run1642_subrun71.csv,78,True,statistical,LVDSpin16,6.19,-0.453
2026-04-09T17:38:40Z,Digitizer_run1642_subrun71.csv,79,True,statistical,LVDSpin16,6.19,-0.4486
2026-04-09T17:38:40Z,Digitizer_run1642_subrun71.csv,80,True,statistical,LVDSpin16,6.19,-0.4494
2026-04-09T17:38:40Z,Digitizer_run1642_subrun71.csv,81,True,statistical,LVDSpin16,6.19,-0.462
2026-04-09T17:38:40Z,Digitizer_run1642_subrun71.csv,82,True,statistical,LVDSpin16,6.19,-0.4477
2026-04-09T17:38:40Z,Digitizer_run1642_subrun71.csv,83,True,statistical,LVDSpin16,6.19,-0.4589
2026-04-09T17:38:40Z,Digitizer_run1642_subrun71.csv,84,True,statistical,LVDSpin16,6.19,-0.4463
2026-04-09T17:38:40Z,Digitizer_run1642_subrun71.csv,85,True,statistical,LVDSpin16,6.19,-0.4602
2026-04-09T17:38:40Z,Digitizer_run1642_subrun71.csv,86,True,statistical,LVDSpin16,6.19,-0.4472
2026-04-09T17:38:40Z,Digitizer_run1642_subrun71.csv,87,True,statistical,LVDSpin16,6.19,-0.4395
2026-04-09T17:38:40Z,Digitizer_run1642_subrun71.csv,88,True,statistical,LVDSpin16,6.19,-0.4743
2026-04-09T17:38:40Z,Digitizer_run1642_subrun71.csv,89,True,statistical,LVDSpin16,6.19,-0.4535
2026-04-09T17:38:40Z,Digitizer_run1642_subrun71.csv,90,True,statistical,LVDSpin16,6.19,-0.4895
2026-04-09T17:38:40Z,Digitizer_run1642_subrun71.csv,91,True,statistical,LVDSpin16,6.19,-0.4819
2026-04-09T17:38:40Z,Digitizer_run1642_subrun71.csv,92,True,statistical,LVDSpin16,6.19,-0.4891
2026-04-09T17:38:40Z,Digitizer_run1642_subrun71.csv,93,True,statistical,LVDSpin16,6.19,-0.4648
2026-04-09T17:38:40Z,Digitizer_run1642_subrun71.csv,94,True,statistical,LVDSpin16,6.19,-0.4676
2026-04-09T17:38:40Z,Digitizer_run1642_subrun71.csv,95,True,statistical,LVDSpin16,6.19,-0.4804
2026-04-09T17:38:46Z,Digitizer_run1640_subrun268.csv,0,True,statistical+IF,triggerRate_bit2;triggerRate_tot,9.5,-0.5344
2026-04-09T17:38:46Z,Digitizer_run1640_subrun268.csv,1,True,statistical+IF,triggerRate_bit2;triggerRate_tot,9.5,-0.5297
2026-04-09T17:38:46Z,Digitizer_run1640_subrun268.csv,2,True,statistical,triggerRate_bit2;triggerRate_tot,9.5,-0.4971
2026-04-09T17:38:46Z,Digitizer_run1640_subrun268.csv,3,True,statistical,triggerRate_bit2;triggerRate_tot,9.5,-0.5001
2026-04-09T17:38:46Z,Digitizer_run1640_subrun268.csv,4,True,statistical,triggerRate_bit2;triggerRate_tot,9.5,-0.4923
2026-04-09T17:38:46Z,Digitizer_run1640_subrun268.csv,5,True,statistical,triggerRate_bit2;triggerRate_tot,9.5,-0.5083
2026-04-09T17:38:46Z,Digitizer_run1640_subrun268.csv,6,True,statistical+IF,triggerRate_bit2;triggerRate_tot,9.5,-0.5331
2026-04-09T17:38:46Z,Digitizer_run1640_subrun268.csv,7,True,statistical+IF,triggerRate_bit2;triggerRate_tot,9.5,-0.5246
2026-04-09T17:38:46Z,Digitizer_run1640_subrun268.csv,8,True,statistical+IF,occupancy;triggerRate_bit2;triggerRate_tot,9.5,-0.536
2026-04-09T17:38:46Z,Digitizer_run1640_subrun268.csv,9,True,statistical,occupancy;triggerRate_bit2;triggerRate_tot,9.5,-0.5004
2026-04-09T17:38:46Z,Digitizer_run1640_subrun268.csv,10,True,statistical,triggerRate_bit2;triggerRate_tot,9.5,-0.4942
2026-04-09T17:38:46Z,Digitizer_run1640_subrun268.csv,11,True,statistical,triggerRate_bit2;triggerRate_tot,9.5,-0.4971
2026-04-09T17:38:46Z,Digitizer_run1640_subrun268.csv,12,True,statistical+IF,triggerRate_bit2;triggerRate_tot,9.5,-0.5268
2026-04-09T17:38:46Z,Digitizer_run1640_subrun268.csv,13,True,statistical,triggerRate_bit2;triggerRate_tot,9.5,-0.5089
2026-04-09T17:38:46Z,Digitizer_run1640_subrun268.csv,14,True,statistical,triggerRate_bit2;triggerRate_tot,9.5,-0.5078
2026-04-09T17:38:46Z,Digitizer_run1640_subrun268.csv,15,True,statistical,triggerRate_bit2;triggerRate_tot,9.5,-0.5017
2026-04-09T17:38:46Z,Digitizer_run1640_subrun268.csv,16,True,statistical,triggerRate_bit2;triggerRate_tot,9.5,-0.5051
2026-04-09T17:38:46Z,Digitizer_run1640_subrun268.csv,17,True,statistical+IF,triggerRate_bit2;triggerRate_tot,9.5,-0.5144
2026-04-09T17:38:46Z,Digitizer_run1640_subrun268.csv,18,True,statistical,triggerRate_bit2;triggerRate_tot,9.5,-0.4951
2026-04-09T17:38:46Z,Digitizer_run1640_subrun268.csv,19,True,statistical,triggerRate_bit2;triggerRate_tot,9.5,-0.5023
2026-04-09T17:38:46Z,Digitizer_run1640_subrun268.csv,20,True,statistical,triggerRate_bit2;triggerRate_tot,9.5,-0.5112
2026-04-09T17:38:46Z,Digitizer_run1640_subrun268.csv,21,True,statistical+IF,triggerRate_bit2;triggerRate_tot,9.5,-0.5151
2026-04-09T17:38:46Z,Digitizer_run1640_subrun268.csv,22,True,statistical,triggerRate_bit2;triggerRate_tot,9.5,-0.4979
2026-04-09T17:38:46Z,Digitizer_run1640_subrun268.csv,23,True,statistical,triggerRate_bit2;triggerRate_tot,9.5,-0.5027
2026-04-09T17:38:46Z,Digitizer_run1640_subrun268.csv,24,True,statistical,triggerRate_bit2;triggerRate_tot,9.5,-0.5005
2026-04-09T17:38:46Z,Digitizer_run1640_subrun268.csv,25,True,statistical,triggerRate_bit2;triggerRate_tot,9.5,-0.4935
2026-04-09T17:38:46Z,Digitizer_run1640_subrun268.csv,26,True,statistical,triggerRate_bit2;triggerRate_tot,9.5,-0.4979
2026-04-09T17:38:46Z,Digitizer_run1640_subrun268.csv,27,True,statistical,triggerRate_bit2;triggerRate_tot,9.5,-0.4916
2026-04-09T17:38:46Z,Digitizer_run1640_subrun268.csv,28,True,statistical+IF,triggerRate_bit2;triggerRate_tot,9.5,-0.5194
2026-04-09T17:38:46Z,Digitizer_run1640_subrun268.csv,29,True,statistical,triggerRate_bit2;triggerRate_tot,9.5,-0.5039
2026-04-09T17:38:46Z,Digitizer_run1640_subrun268.csv,30,True,statistical+IF,triggerRate_bit2;triggerRate_tot,9.5,-0.5226
2026-04-09T17:38:46Z,Digitizer_run1640_subrun268.csv,31,True,statistical,triggerRate_bit2;triggerRate_tot,9.5,-0.5102
2026-04-09T17:38:46Z,Digitizer_run1640_subrun268.csv,32,True,statistical+IF,pulseHeight_max_mean;pulseHeight_max_std;pulseHeight_min_mean;pulseHeight_min_std;pulseArea_max_mean;pulseDuriation_max_mean;pulseDuriation_max_median;occupancy;triggerRate_bit2;triggerRate_tot,43.16,-0.5784
2026-04-09T17:38:46Z,Digitizer_run1640_subrun268.csv,33,True,statistical+IF,pulseHeight_max_mean;pulseHeight_max_std;pulseHeight_min_mean;pulseArea_max_mean;pulseDuriation_max_mean;pulseDuriation_max_median;occupancy;triggerRate_bit2;triggerRate_tot,22.02,-0.5757
2026-04-09T17:38:46Z,Digitizer_run1640_subrun268.csv,34,True,statistical,triggerRate_bit2;triggerRate_tot,9.5,-0.5102
2026-04-09T17:38:46Z,Digitizer_run1640_subrun268.csv,35,True,statistical,triggerRate_bit2;triggerRate_tot,9.5,-0.4978
2026-04-09T17:38:46Z,Digitizer_run1640_subrun268.csv,36,True,statistical+IF,triggerRate_bit2;triggerRate_tot,9.5,-0.5184
2026-04-09T17:38:46Z,Digitizer_run1640_subrun268.csv,37,True,statistical,triggerRate_bit2;triggerRate_tot,9.5,-0.5097
2026-04-09T17:38:46Z,Digitizer_run1640_subrun268.csv,38,True,statistical,triggerRate_bit2;triggerRate_tot,9.5,-0.5048
2026-04-09T17:38:46Z,Digitizer_run1640_subrun268.csv,39,True,statistical,triggerRate_bit2;triggerRate_tot,9.5,-0.5039
2026-04-09T17:38:46Z,Digitizer_run1640_subrun268.csv,40,True,statistical+IF,triggerRate_bit2;triggerRate_tot,9.5,-0.5312
2026-04-09T17:38:46Z,Digitizer_run1640_subrun268.csv,41,True,statistical,triggerRate_bit2;triggerRate_tot,9.5,-0.5097
2026-04-09T17:38:46Z,Digitizer_run1640_subrun268.csv,42,True,statistical+IF,triggerRate_bit2;triggerRate_tot,9.5,-0.5242
2026-04-09T17:38:46Z,Digitizer_run1640_subrun268.csv,43,True,statistical+IF,triggerRate_bit2;triggerRate_tot,9.5,-0.5194
2026-04-09T17:38:46Z,Digitizer_run1640_subrun268.csv,44,True,statistical,triggerRate_bit2;triggerRate_tot,9.5,-0.5059
2026-04-09T17:38:46Z,Digitizer_run1640_subrun268.csv,45,True,statistical,triggerRate_bit2;triggerRate_tot,9.5,-0.5078
2026-04-09T17:38:46Z,Digitizer_run1640_subrun268.csv,46,True,statistical,triggerRate_bit2;triggerRate_tot,9.5,-0.5103
2026-04-09T17:38:46Z,Digitizer_run1640_subrun268.csv,47,True,statistical+IF,triggerRate_bit2;triggerRate_tot,9.5,-0.5145
2026-04-09T17:38:46Z,Digitizer_run1640_subrun268.csv,48,True,statistical,triggerRate_bit2;triggerRate_tot,9.5,-0.4989
2026-04-09T17:38:46Z,Digitizer_run1640_subrun268.csv,49,True,statistical,triggerRate_bit2;triggerRate_tot,9.5,-0.5121
2026-04-09T17:38:46Z,Digitizer_run1640_subrun268.csv,50,True,statistical+IF,triggerRate_bit2;triggerRate_tot,9.5,-0.5208
2026-04-09T17:38:46Z,Digitizer_run1640_subrun268.csv,51,True,statistical+IF,triggerRate_bit2;triggerRate_tot,9.5,-0.5181
2026-04-09T17:38:46Z,Digitizer_run1640_subrun268.csv,52,True,statistical+IF,triggerRate_bit2;triggerRate_tot,9.5,-0.529
2026-04-09T17:38:46Z,Digitizer_run1640_subrun268.csv,53,True,statistical+IF,triggerRate_bit2;triggerRate_tot,9.5,-0.5286
2026-04-09T17:38:46Z,Digitizer_run1640_subrun268.csv,54,True,statistical+IF,triggerRate_bit2;triggerRate_tot,9.5,-0.5337
2026-04-09T17:38:46Z,Digitizer_run1640_subrun268.csv,55,True,statistical+IF,triggerRate_bit2;triggerRate_tot,9.5,-0.5252
2026-04-09T17:38:46Z,Digitizer_run1640_subrun268.csv,56,True,statistical+IF,sideband_mean_median;occupancy;triggerRate_bit2;triggerRate_tot,10.95,-0.5548
2026-04-09T17:38:46Z,Digitizer_run1640_subrun268.csv,57,True,statistical,triggerRate_bit2;triggerRate_tot,9.5,-0.5052
2026-04-09T17:38:46Z,Digitizer_run1640_subrun268.csv,58,True,statistical,triggerRate_bit2;triggerRate_tot,9.5,-0.5068
2026-04-09T17:38:46Z,Digitizer_run1640_subrun268.csv,59,True,statistical,triggerRate_bit2;triggerRate_tot,9.5,-0.5098
2026-04-09T17:38:46Z,Digitizer_run1640_subrun268.csv,60,True,statistical,triggerRate_bit2;triggerRate_tot,9.5,-0.4986
2026-04-09T17:38:46Z,Digitizer_run1640_subrun268.csv,61,True,statistical,triggerRate_bit2;triggerRate_tot,9.5,-0.4988
2026-04-09T17:38:46Z,Digitizer_run1640_subrun268.csv,62,True,statistical,triggerRate_bit2;triggerRate_tot,9.5,-0.5004
2026-04-09T17:38:46Z,Digitizer_run1640_subrun268.csv,63,True,statistical,triggerRate_bit2;triggerRate_tot,9.5,-0.4996
2026-04-09T17:38:46Z,Digitizer_run1640_subrun268.csv,64,True,statistical+IF,triggerRate_bit2;triggerRate_tot,9.5,-0.5545
2026-04-09T17:38:46Z,Digitizer_run1640_subrun268.csv,65,True,statistical,triggerRate_bit2;triggerRate_tot,9.5,-0.5031
2026-04-09T17:38:46Z,Digitizer_run1640_subrun268.csv,66,True,statistical,triggerRate_bit2;triggerRate_tot,9.5,-0.4996
2026-04-09T17:38:46Z,Digitizer_run1640_subrun268.csv,67,True,statistical+IF,triggerRate_bit2;triggerRate_tot,9.5,-0.5211
2026-04-09T17:38:46Z,Digitizer_run1640_subrun268.csv,68,True,statistical,triggerRate_bit2;triggerRate_tot,9.5,-0.5118
2026-04-09T17:38:46Z,Digitizer_run1640_subrun268.csv,69,True,statistical,triggerRate_bit2;triggerRate_tot,9.5,-0.5103
2026-04-09T17:38:46Z,Digitizer_run1640_subrun268.csv,70,True,statistical,triggerRate_bit2;triggerRate_tot,9.5,-0.4896
2026-04-09T17:38:46Z,Digitizer_run1640_subrun268.csv,71,True,statistical,triggerRate_bit2;triggerRate_tot,9.5,-0.4949
2026-04-09T17:38:46Z,Digitizer_run1640_subrun268.csv,72,True,statistical,triggerRate_bit2;triggerRate_tot,9.5,-0.5052
2026-04-09T17:38:46Z,Digitizer_run1640_subrun268.csv,73,True,statistical,triggerRate_bit2;triggerRate_tot,9.5,-0.4879
2026-04-09T17:38:46Z,Digitizer_run1640_subrun268.csv,74,True,statistical,triggerRate_bit2;triggerRate_tot,9.5,-0.4978
2026-04-09T17:38:46Z,Digitizer_run1640_subrun268.csv,75,True,statistical,triggerRate_bit2;triggerRate_tot,9.5,-0.5048
2026-04-09T17:38:46Z,Digitizer_run1640_subrun268.csv,76,True,statistical+IF,triggerRate_bit2;triggerRate_tot,9.5,-0.5342
2026-04-09T17:38:46Z,Digitizer_run1640_subrun268.csv,77,True,statistical+IF,triggerRate_bit2;triggerRate_tot,9.5,-0.5365
2026-04-09T17:38:46Z,Digitizer_run1640_subrun268.csv,78,True,statistical+IF,triggerRate_bit2;triggerRate_tot,9.5,-0.5364
2026-04-09T17:38:46Z,Digitizer_run1640_subrun268.csv,79,True,statistical+IF,triggerRate_bit2;triggerRate_tot,9.5,-0.5165
2026-04-09T17:38:46Z,Digitizer_run1640_subrun268.csv,80,True,statistical+IF,nPulses_median;occupancy;triggerRate_bit2;triggerRate_tot,9.5,-0.5412
2026-04-09T17:38:46Z,Digitizer_run1640_subrun268.csv,81,True,statistical,triggerRate_bit2;triggerRate_tot,9.5,-0.5129
2026-04-09T17:38:46Z,Digitizer_run1640_subrun268.csv,82,True,statistical,triggerRate_bit2;triggerRate_tot,9.5,-0.5133
2026-04-09T17:38:46Z,Digitizer_run1640_subrun268.csv,83,True,statistical,triggerRate_bit2;triggerRate_tot,9.5,-0.5062
2026-04-09T17:38:46Z,Digitizer_run1640_subrun268.csv,84,True,statistical,triggerRate_bit2;triggerRate_tot,9.5,-0.5134
2026-04-09T17:38:46Z,Digitizer_run1640_subrun268.csv,85,True,statistical,triggerRate_bit2;triggerRate_tot,9.5,-0.4991
2026-04-09T17:38:46Z,Digitizer_run1640_subrun268.csv,86,True,statistical,triggerRate_bit2;triggerRate_tot,9.5,-0.4997
2026-04-09T17:38:46Z,Digitizer_run1640_subrun268.csv,87,True,statistical,triggerRate_bit2;triggerRate_tot,9.5,-0.5047
2026-04-09T17:38:46Z,Digitizer_run1640_subrun268.csv,88,True,statistical,triggerRate_bit2;triggerRate_tot,9.5,-0.5059
2026-04-09T17:38:46Z,Digitizer_run1640_subrun268.csv,89,True,statistical+IF,triggerRate_bit2;triggerRate_tot,9.5,-0.5145
2026-04-09T17:38:46Z,Digitizer_run1640_subrun268.csv,90,True,statistical+IF,triggerRate_bit2;triggerRate_tot,9.5,-0.5227
2026-04-09T17:38:46Z,Digitizer_run1640_subrun268.csv,91,True,statistical+IF,triggerRate_bit2;triggerRate_tot,9.5,-0.5432
2026-04-09T17:38:46Z,Digitizer_run1640_subrun268.csv,92,True,statistical+IF,triggerRate_bit2;triggerRate_tot,9.5,-0.5368
2026-04-09T17:38:46Z,Digitizer_run1640_subrun268.csv,93,True,statistical+IF,triggerRate_bit2;triggerRate_tot,9.5,-0.551
2026-04-09T17:38:46Z,Digitizer_run1640_subrun268.csv,94,True,statistical+IF,triggerRate_bit2;triggerRate_tot,9.5,-0.5221
2026-04-09T17:38:46Z,Digitizer_run1640_subrun268.csv,95,True,statistical+IF,triggerRate_bit2;triggerRate_tot,9.5,-0.5272
2026-04-09T17:38:53Z,Digitizer_run1642_subrun126.csv,32,True,missing_channel,missing_channel,nan,nan
2026-04-09T17:38:53Z,Digitizer_run1642_subrun126.csv,33,True,missing_channel,missing_channel,nan,nan
2026-04-09T17:38:53Z,Digitizer_run1642_subrun126.csv,0,True,statistical,LVDSpin16,6.19,-0.48
2026-04-09T17:38:53Z,Digitizer_run1642_subrun126.csv,1,True,statistical,LVDSpin16,6.19,-0.4596
2026-04-09T17:38:53Z,Digitizer_run1642_subrun126.csv,2,True,statistical,LVDSpin16,6.19,-0.4743
2026-04-09T17:38:53Z,Digitizer_run1642_subrun126.csv,3,True,statistical,LVDSpin16,6.19,-0.4568
2026-04-09T17:38:53Z,Digitizer_run1642_subrun126.csv,4,True,statistical,LVDSpin16,6.19,-0.4743
2026-04-09T17:38:53Z,Digitizer_run1642_subrun126.csv,5,True,statistical,LVDSpin16,6.19,-0.4806
2026-04-09T17:38:53Z,Digitizer_run1642_subrun126.csv,6,True,statistical,LVDSpin16,6.19,-0.4791
2026-04-09T17:38:53Z,Digitizer_run1642_subrun126.csv,7,True,statistical,LVDSpin16,6.19,-0.4746
2026-04-09T17:38:53Z,Digitizer_run1642_subrun126.csv,8,True,statistical,LVDSpin16,6.19,-0.4964
2026-04-09T17:38:53Z,Digitizer_run1642_subrun126.csv,9,True,statistical,LVDSpin16,6.19,-0.4743
2026-04-09T17:38:53Z,Digitizer_run1642_subrun126.csv,10,True,statistical,LVDSpin16,6.19,-0.4917
2026-04-09T17:38:53Z,Digitizer_run1642_subrun126.csv,11,True,statistical,LVDSpin16,6.19,-0.485
2026-04-09T17:38:53Z,Digitizer_run1642_subrun126.csv,12,True,statistical,LVDSpin16,6.19,-0.4747
2026-04-09T17:38:53Z,Digitizer_run1642_subrun126.csv,13,True,statistical,LVDSpin16,6.19,-0.4875
2026-04-09T17:38:53Z,Digitizer_run1642_subrun126.csv,14,True,statistical,LVDSpin16,6.19,-0.4732
2026-04-09T17:38:53Z,Digitizer_run1642_subrun126.csv,15,True,statistical,LVDSpin16,6.19,-0.4808
2026-04-09T17:38:53Z,Digitizer_run1642_subrun126.csv,16,True,statistical,LVDSpin16,6.19,-0.4837
2026-04-09T17:38:53Z,Digitizer_run1642_subrun126.csv,17,True,statistical,LVDSpin16,6.19,-0.4769
2026-04-09T17:38:53Z,Digitizer_run1642_subrun126.csv,18,True,statistical,LVDSpin16,6.19,-0.5114
2026-04-09T17:38:53Z,Digitizer_run1642_subrun126.csv,19,True,statistical,LVDSpin16,6.19,-0.4886
2026-04-09T17:38:53Z,Digitizer_run1642_subrun126.csv,20,True,statistical,LVDSpin16,6.19,-0.4701
2026-04-09T17:38:53Z,Digitizer_run1642_subrun126.csv,21,True,statistical,LVDSpin16,6.19,-0.4646
2026-04-09T17:38:53Z,Digitizer_run1642_subrun126.csv,22,True,statistical,LVDSpin16,6.19,-0.472
2026-04-09T17:38:53Z,Digitizer_run1642_subrun126.csv,23,True,statistical,LVDSpin16,6.19,-0.4699
2026-04-09T17:38:53Z,Digitizer_run1642_subrun126.csv,24,True,statistical,LVDSpin16,6.19,-0.4761
2026-04-09T17:38:53Z,Digitizer_run1642_subrun126.csv,25,True,statistical,LVDSpin16,6.19,-0.4788
2026-04-09T17:38:53Z,Digitizer_run1642_subrun126.csv,26,True,statistical,LVDSpin16,6.19,-0.4755
2026-04-09T17:38:53Z,Digitizer_run1642_subrun126.csv,27,True,statistical,LVDSpin16,6.19,-0.4591
2026-04-09T17:38:53Z,Digitizer_run1642_subrun126.csv,28,True,statistical,LVDSpin16,6.19,-0.4747
2026-04-09T17:38:53Z,Digitizer_run1642_subrun126.csv,29,True,statistical,LVDSpin16,6.19,-0.4667
2026-04-09T17:38:53Z,Digitizer_run1642_subrun126.csv,30,True,statistical,LVDSpin16,6.19,-0.4746
2026-04-09T17:38:53Z,Digitizer_run1642_subrun126.csv,31,True,statistical,LVDSpin16,6.19,-0.471
2026-04-09T17:38:53Z,Digitizer_run1642_subrun126.csv,34,True,statistical,LVDSpin16,6.19,-0.4713
2026-04-09T17:38:53Z,Digitizer_run1642_subrun126.csv,35,True,statistical,LVDSpin16,6.19,-0.467
2026-04-09T17:38:53Z,Digitizer_run1642_subrun126.csv,36,True,statistical,LVDSpin16,6.19,-0.4761
2026-04-09T17:38:53Z,Digitizer_run1642_subrun126.csv,37,True,statistical,LVDSpin16,6.19,-0.4895
2026-04-09T17:38:53Z,Digitizer_run1642_subrun126.csv,38,True,statistical,LVDSpin16,6.19,-0.4754
2026-04-09T17:38:53Z,Digitizer_run1642_subrun126.csv,39,True,statistical,LVDSpin16,6.19,-0.4885
2026-04-09T17:38:53Z,Digitizer_run1642_subrun126.csv,40,True,statistical,LVDSpin16,6.19,-0.4718
2026-04-09T17:38:53Z,Digitizer_run1642_subrun126.csv,41,True,statistical,LVDSpin16,6.19,-0.4703
2026-04-09T17:38:53Z,Digitizer_run1642_subrun126.csv,42,True,statistical,LVDSpin16,6.19,-0.5048
2026-04-09T17:38:53Z,Digitizer_run1642_subrun126.csv,43,True,statistical,LVDSpin16,6.19,-0.4688
2026-04-09T17:38:53Z,Digitizer_run1642_subrun126.csv,44,True,statistical,LVDSpin16,6.19,-0.4741
2026-04-09T17:38:53Z,Digitizer_run1642_subrun126.csv,45,True,statistical,LVDSpin16,6.19,-0.4741
2026-04-09T17:38:53Z,Digitizer_run1642_subrun126.csv,46,True,statistical,LVDSpin16,6.19,-0.4781
2026-04-09T17:38:53Z,Digitizer_run1642_subrun126.csv,47,True,statistical,LVDSpin16,6.19,-0.4731
2026-04-09T17:38:53Z,Digitizer_run1642_subrun126.csv,48,True,statistical,LVDSpin16,6.19,-0.4752
2026-04-09T17:38:53Z,Digitizer_run1642_subrun126.csv,49,True,statistical,LVDSpin16,6.19,-0.4676
2026-04-09T17:38:53Z,Digitizer_run1642_subrun126.csv,50,True,statistical,LVDSpin16,6.19,-0.4845
2026-04-09T17:38:53Z,Digitizer_run1642_subrun126.csv,51,True,statistical,LVDSpin16,6.19,-0.4852
2026-04-09T17:38:53Z,Digitizer_run1642_subrun126.csv,52,True,statistical,LVDSpin16,6.19,-0.465
2026-04-09T17:38:53Z,Digitizer_run1642_subrun126.csv,53,True,statistical,LVDSpin16,6.19,-0.4675
2026-04-09T17:38:53Z,Digitizer_run1642_subrun126.csv,54,True,statistical,LVDSpin16,6.19,-0.4762
2026-04-09T17:38:53Z,Digitizer_run1642_subrun126.csv,55,True,statistical,LVDSpin16,6.19,-0.458
2026-04-09T17:38:53Z,Digitizer_run1642_subrun126.csv,56,True,statistical,LVDSpin16,6.19,-0.4918
2026-04-09T17:38:53Z,Digitizer_run1642_subrun126.csv,57,True,statistical,LVDSpin16,6.19,-0.4619
2026-04-09T17:38:53Z,Digitizer_run1642_subrun126.csv,58,True,statistical,LVDSpin16,6.19,-0.4986
2026-04-09T17:38:53Z,Digitizer_run1642_subrun126.csv,59,True,statistical,LVDSpin16,6.19,-0.4791
2026-04-09T17:38:53Z,Digitizer_run1642_subrun126.csv,60,True,statistical,LVDSpin16,6.19,-0.5002
2026-04-09T17:38:53Z,Digitizer_run1642_subrun126.csv,61,True,statistical,LVDSpin16,6.19,-0.4715
2026-04-09T17:38:53Z,Digitizer_run1642_subrun126.csv,62,True,statistical,LVDSpin16,6.19,-0.4626
2026-04-09T17:38:53Z,Digitizer_run1642_subrun126.csv,63,True,statistical,LVDSpin16,6.19,-0.4637
2026-04-09T17:38:53Z,Digitizer_run1642_subrun126.csv,64,True,statistical,LVDSpin16,6.19,-0.5039
2026-04-09T17:38:53Z,Digitizer_run1642_subrun126.csv,65,True,statistical,LVDSpin16,6.19,-0.4839
2026-04-09T17:38:53Z,Digitizer_run1642_subrun126.csv,66,True,statistical,LVDSpin16,6.19,-0.4667
2026-04-09T17:38:53Z,Digitizer_run1642_subrun126.csv,67,True,statistical,LVDSpin16,6.19,-0.472
2026-04-09T17:38:53Z,Digitizer_run1642_subrun126.csv,68,True,statistical,LVDSpin16,6.19,-0.4669
2026-04-09T17:38:53Z,Digitizer_run1642_subrun126.csv,69,True,statistical,LVDSpin16,6.19,-0.4696
2026-04-09T17:38:53Z,Digitizer_run1642_subrun126.csv,70,True,statistical,LVDSpin16,6.19,-0.4604
2026-04-09T17:38:53Z,Digitizer_run1642_subrun126.csv,71,True,statistical,LVDSpin16,6.19,-0.4647
2026-04-09T17:38:53Z,Digitizer_run1642_subrun126.csv,72,True,statistical,LVDSpin16,6.19,-0.4844
2026-04-09T17:38:53Z,Digitizer_run1642_subrun126.csv,73,True,statistical,LVDSpin16,6.19,-0.4681
2026-04-09T17:38:53Z,Digitizer_run1642_subrun126.csv,74,True,statistical,LVDSpin16,6.19,-0.4755
2026-04-09T17:38:53Z,Digitizer_run1642_subrun126.csv,75,True,statistical,LVDSpin16,6.19,-0.4832
2026-04-09T17:38:53Z,Digitizer_run1642_subrun126.csv,76,True,statistical,LVDSpin16,6.19,-0.4645
2026-04-09T17:38:53Z,Digitizer_run1642_subrun126.csv,77,True,statistical,LVDSpin16,6.19,-0.4927
2026-04-09T17:38:53Z,Digitizer_run1642_subrun126.csv,78,True,statistical,LVDSpin16,6.19,-0.4663
2026-04-09T17:38:53Z,Digitizer_run1642_subrun126.csv,79,True,statistical,LVDSpin16,6.19,-0.4788
2026-04-09T17:38:53Z,Digitizer_run1642_subrun126.csv,80,True,statistical,LVDSpin16,6.19,-0.4839
2026-04-09T17:38:53Z,Digitizer_run1642_subrun126.csv,81,True,statistical,LVDSpin16,6.19,-0.4713
2026-04-09T17:38:53Z,Digitizer_run1642_subrun126.csv,82,True,statistical,LVDSpin16,6.19,-0.478
2026-04-09T17:38:53Z,Digitizer_run1642_subrun126.csv,83,True,statistical,LVDSpin16,6.19,-0.4704
2026-04-09T17:38:53Z,Digitizer_run1642_subrun126.csv,84,True,statistical,LVDSpin16,6.19,-0.4949
2026-04-09T17:38:53Z,Digitizer_run1642_subrun126.csv,85,True,statistical,LVDSpin16,6.19,-0.4698
2026-04-09T17:38:53Z,Digitizer_run1642_subrun126.csv,86,True,statistical,LVDSpin16,6.19,-0.4679
2026-04-09T17:38:53Z,Digitizer_run1642_subrun126.csv,87,True,statistical,LVDSpin16,6.19,-0.4647
2026-04-09T17:38:53Z,Digitizer_run1642_subrun126.csv,88,True,statistical,LVDSpin16,6.19,-0.488
2026-04-09T17:38:53Z,Digitizer_run1642_subrun126.csv,89,True,statistical,LVDSpin16,6.19,-0.4794
2026-04-09T17:38:53Z,Digitizer_run1642_subrun126.csv,90,True,statistical,LVDSpin16,6.19,-0.4832
2026-04-09T17:38:53Z,Digitizer_run1642_subrun126.csv,91,True,statistical,LVDSpin16,6.19,-0.4655
2026-04-09T17:38:53Z,Digitizer_run1642_subrun126.csv,92,True,statistical,LVDSpin16,6.19,-0.4763
2026-04-09T17:38:53Z,Digitizer_run1642_subrun126.csv,93,True,statistical+IF,LVDSpin16,6.19,-0.5152
2026-04-09T17:38:53Z,Digitizer_run1642_subrun126.csv,94,True,statistical,LVDSpin16,6.19,-0.5049
2026-04-09T17:38:53Z,Digitizer_run1642_subrun126.csv,95,True,statistical,LVDSpin16,6.19,-0.4904
2026-04-09T17:38:59Z,Digitizer_run1640_subrun403.csv,0,True,statistical,triggerRate_bit2;triggerRate_tot,11.89,-0.4744
2026-04-09T17:38:59Z,Digitizer_run1640_subrun403.csv,1,True,statistical,triggerRate_bit2;triggerRate_tot,11.89,-0.4751
2026-04-09T17:38:59Z,Digitizer_run1640_subrun403.csv,2,True,statistical,pulseArea_max_median;triggerRate_bit2;triggerRate_tot,11.89,-0.5026
2026-04-09T17:38:59Z,Digitizer_run1640_subrun403.csv,3,True,statistical,triggerRate_bit2;triggerRate_tot,11.89,-0.4918
2026-04-09T17:38:59Z,Digitizer_run1640_subrun403.csv,4,True,statistical,triggerRate_bit2;triggerRate_tot,11.89,-0.5051
2026-04-09T17:38:59Z,Digitizer_run1640_subrun403.csv,5,True,statistical+IF,triggerRate_bit2;triggerRate_tot,11.89,-0.5248
2026-04-09T17:38:59Z,Digitizer_run1640_subrun403.csv,6,True,statistical,triggerRate_bit2;triggerRate_tot,11.89,-0.4728
2026-04-09T17:38:59Z,Digitizer_run1640_subrun403.csv,7,True,statistical,triggerRate_bit2;triggerRate_tot,11.89,-0.4625
2026-04-09T17:38:59Z,Digitizer_run1640_subrun403.csv,8,True,statistical,occupancy;triggerRate_bit2;triggerRate_tot,11.89,-0.4718
2026-04-09T17:38:59Z,Digitizer_run1640_subrun403.csv,9,True,statistical,occupancy;triggerRate_bit2;triggerRate_tot,11.89,-0.459
2026-04-09T17:38:59Z,Digitizer_run1640_subrun403.csv,10,True,statistical,nPulses_median;triggerRate_bit2;triggerRate_tot,11.89,-0.4919
2026-04-09T17:38:59Z,Digitizer_run1640_subrun403.csv,11,True,statistical,triggerRate_bit2;triggerRate_tot,11.89,-0.4943
2026-04-09T17:38:59Z,Digitizer_run1640_subrun403.csv,12,True,statistical,triggerRate_bit2;triggerRate_tot,11.89,-0.4884
2026-04-09T17:38:59Z,Digitizer_run1640_subrun403.csv,13,True,statistical,triggerRate_bit2;triggerRate_tot,11.89,-0.4678
2026-04-09T17:38:59Z,Digitizer_run1640_subrun403.csv,14,True,statistical,triggerRate_bit2;triggerRate_tot,11.89,-0.4828
2026-04-09T17:38:59Z,Digitizer_run1640_subrun403.csv,15,True,statistical,triggerRate_bit2;triggerRate_tot,11.89,-0.504
2026-04-09T17:38:59Z,Digitizer_run1640_subrun403.csv,16,True,statistical,triggerRate_bit2;triggerRate_tot,11.89,-0.4627
2026-04-09T17:38:59Z,Digitizer_run1640_subrun403.csv,17,True,statistical,triggerRate_bit2;triggerRate_tot,11.89,-0.4772
2026-04-09T17:38:59Z,Digitizer_run1640_subrun403.csv,18,True,statistical,triggerRate_bit2;triggerRate_tot,11.89,-0.4721
2026-04-09T17:38:59Z,Digitizer_run1640_subrun403.csv,19,True,statistical,triggerRate_bit2;triggerRate_tot,11.89,-0.4822
2026-04-09T17:38:59Z,Digitizer_run1640_subrun403.csv,20,True,statistical,triggerRate_bit2;triggerRate_tot,11.89,-0.4821
2026-04-09T17:38:59Z,Digitizer_run1640_subrun403.csv,21,True,statistical,triggerRate_bit2;triggerRate_tot,11.89,-0.4757
2026-04-09T17:38:59Z,Digitizer_run1640_subrun403.csv,22,True,statistical,triggerRate_bit2;triggerRate_tot,11.89,-0.4723
2026-04-09T17:38:59Z,Digitizer_run1640_subrun403.csv,23,True,statistical,triggerRate_bit2;triggerRate_tot,11.89,-0.4593
2026-04-09T17:38:59Z,Digitizer_run1640_subrun403.csv,24,True,statistical,triggerRate_bit2;triggerRate_tot,11.89,-0.4786
2026-04-09T17:38:59Z,Digitizer_run1640_subrun403.csv,25,True,statistical,triggerRate_bit2;triggerRate_tot,11.89,-0.4852
2026-04-09T17:38:59Z,Digitizer_run1640_subrun403.csv,26,True,statistical,triggerRate_bit2;triggerRate_tot,11.89,-0.4728
2026-04-09T17:38:59Z,Digitizer_run1640_subrun403.csv,27,True,statistical,triggerRate_bit2;triggerRate_tot,11.89,-0.4815
2026-04-09T17:38:59Z,Digitizer_run1640_subrun403.csv,28,True,statistical,triggerRate_bit2;triggerRate_tot,11.89,-0.4837
2026-04-09T17:38:59Z,Digitizer_run1640_subrun403.csv,29,True,statistical,triggerRate_bit2;triggerRate_tot,11.89,-0.484
2026-04-09T17:38:59Z,Digitizer_run1640_subrun403.csv,30,True,statistical,triggerRate_bit2;triggerRate_tot,11.89,-0.4654
2026-04-09T17:38:59Z,Digitizer_run1640_subrun403.csv,31,True,statistical,triggerRate_bit2;triggerRate_tot,11.89,-0.4742
2026-04-09T17:38:59Z,Digitizer_run1640_subrun403.csv,32,True,statistical+IF,sideband_mean_median;nPulses_mean;nPulses_median;pulseHeight_max_mean;pulseHeight_max_std;pulseHeight_min_mean;pulseHeight_min_std;pulseArea_max_mean;pulseDuriation_max_mean;pulseDuriation_max_median;occupancy;triggerRate_bit2;triggerRate_tot,1000000.0,-0.563
2026-04-09T17:38:59Z,Digitizer_run1640_subrun403.csv,33,True,statistical+IF,pulseHeight_max_mean;pulseHeight_max_std;pulseHeight_min_mean;pulseHeight_min_std;pulseArea_max_mean;pulseDuriation_max_mean;pulseDuriation_max_median;occupancy;triggerRate_bit2;triggerRate_tot,37.63,-0.5314
2026-04-09T17:38:59Z,Digitizer_run1640_subrun403.csv,34,True,statistical,triggerRate_bit2;triggerRate_tot,11.89,-0.4705
2026-04-09T17:38:59Z,Digitizer_run1640_subrun403.csv,35,True,statistical,triggerRate_bit2;triggerRate_tot,11.89,-0.4694
2026-04-09T17:38:59Z,Digitizer_run1640_subrun403.csv,36,True,statistical,triggerRate_bit2;triggerRate_tot,11.89,-0.488
2026-04-09T17:38:59Z,Digitizer_run1640_subrun403.csv,37,True,statistical,triggerRate_bit2;triggerRate_tot,11.89,-0.482
2026-04-09T17:38:59Z,Digitizer_run1640_subrun403.csv,38,True,statistical,triggerRate_bit2;triggerRate_tot,11.89,-0.4964
2026-04-09T17:38:59Z,Digitizer_run1640_subrun403.csv,39,True,statistical,triggerRate_bit2;triggerRate_tot,11.89,-0.4695
2026-04-09T17:38:59Z,Digitizer_run1640_subrun403.csv,40,True,statistical,triggerRate_bit2;triggerRate_tot,11.89,-0.4677
2026-04-09T17:38:59Z,Digitizer_run1640_subrun403.csv,41,True,statistical,triggerRate_bit2;triggerRate_tot,11.89,-0.4696
2026-04-09T17:38:59Z,Digitizer_run1640_subrun403.csv,42,True,statistical,triggerRate_bit2;triggerRate_tot,11.89,-0.4719
2026-04-09T17:38:59Z,Digitizer_run1640_subrun403.csv,43,True,statistical,triggerRate_bit2;triggerRate_tot,11.89,-0.4577
2026-04-09T17:38:59Z,Digitizer_run1640_subrun403.csv,44,True,statistical,triggerRate_bit2;triggerRate_tot,11.89,-0.4693
2026-04-09T17:38:59Z,Digitizer_run1640_subrun403.csv,45,True,statistical,triggerRate_bit2;triggerRate_tot,11.89,-0.4636
2026-04-09T17:38:59Z,Digitizer_run1640_subrun403.csv,46,True,statistical,triggerRate_bit2;triggerRate_tot,11.89,-0.4664
2026-04-09T17:38:59Z,Digitizer_run1640_subrun403.csv,47,True,statistical,triggerRate_bit2;triggerRate_tot,11.89,-0.4542
2026-04-09T17:38:59Z,Digitizer_run1640_subrun403.csv,48,True,statistical,triggerRate_bit2;triggerRate_tot,11.89,-0.4927
2026-04-09T17:38:59Z,Digitizer_run1640_subrun403.csv,49,True,statistical,triggerRate_bit2;triggerRate_tot,11.89,-0.4952
2026-04-09T17:38:59Z,Digitizer_run1640_subrun403.csv,50,True,statistical,triggerRate_bit2;triggerRate_tot,11.89,-0.4817
2026-04-09T17:38:59Z,Digitizer_run1640_subrun403.csv,51,True,statistical,triggerRate_bit2;triggerRate_tot,11.89,-0.4897
2026-04-09T17:38:59Z,Digitizer_run1640_subrun403.csv,52,True,statistical,triggerRate_bit2;triggerRate_tot,11.89,-0.4687
2026-04-09T17:38:59Z,Digitizer_run1640_subrun403.csv,53,True,statistical,triggerRate_bit2;triggerRate_tot,11.89,-0.4727
2026-04-09T17:38:59Z,Digitizer_run1640_subrun403.csv,54,True,statistical,triggerRate_bit2;triggerRate_tot,11.89,-0.4735
2026-04-09T17:38:59Z,Digitizer_run1640_subrun403.csv,55,True,statistical,triggerRate_bit2;triggerRate_tot,11.89,-0.4841
2026-04-09T17:38:59Z,Digitizer_run1640_subrun403.csv,56,True,statistical+IF,sideband_mean_median;pulseDuriation_max_mean;pulseDuriation_max_median;occupancy;triggerRate_bit2;triggerRate_tot,12.24,-0.5272
2026-04-09T17:38:59Z,Digitizer_run1640_subrun403.csv,57,True,statistical,triggerRate_bit2;triggerRate_tot,11.89,-0.4868
2026-04-09T17:38:59Z,Digitizer_run1640_subrun403.csv,58,True,statistical,triggerRate_bit2;triggerRate_tot,11.89,-0.4583
2026-04-09T17:38:59Z,Digitizer_run1640_subrun403.csv,59,True,statistical,triggerRate_bit2;triggerRate_tot,11.89,-0.459
2026-04-09T17:38:59Z,Digitizer_run1640_subrun403.csv,60,True,statistical,triggerRate_bit2;triggerRate_tot,11.89,-0.4709
2026-04-09T17:38:59Z,Digitizer_run1640_subrun403.csv,61,True,statistical,triggerRate_bit2;triggerRate_tot,11.89,-0.4896
2026-04-09T17:38:59Z,Digitizer_run1640_subrun403.csv,62,True,statistical,triggerRate_bit2;triggerRate_tot,11.89,-0.4728
2026-04-09T17:38:59Z,Digitizer_run1640_subrun403.csv,63,True,statistical,triggerRate_bit2;triggerRate_tot,11.89,-0.4648
2026-04-09T17:38:59Z,Digitizer_run1640_subrun403.csv,64,True,statistical,triggerRate_bit2;triggerRate_tot,11.89,-0.4746
2026-04-09T17:38:59Z,Digitizer_run1640_subrun403.csv,65,True,statistical,triggerRate_bit2;triggerRate_tot,11.89,-0.4677
2026-04-09T17:38:59Z,Digitizer_run1640_subrun403.csv,66,True,statistical,triggerRate_bit2;triggerRate_tot,11.89,-0.4942
2026-04-09T17:38:59Z,Digitizer_run1640_subrun403.csv,67,True,statistical,triggerRate_bit2;triggerRate_tot,11.89,-0.4581
2026-04-09T17:38:59Z,Digitizer_run1640_subrun403.csv,68,True,statistical,triggerRate_bit2;triggerRate_tot,11.89,-0.4897
2026-04-09T17:38:59Z,Digitizer_run1640_subrun403.csv,69,True,statistical,triggerRate_bit2;triggerRate_tot,11.89,-0.4903
2026-04-09T17:38:59Z,Digitizer_run1640_subrun403.csv,70,True,statistical,triggerRate_bit2;triggerRate_tot,11.89,-0.4729
2026-04-09T17:38:59Z,Digitizer_run1640_subrun403.csv,71,True,statistical,triggerRate_bit2;triggerRate_tot,11.89,-0.4789
2026-04-09T17:38:59Z,Digitizer_run1640_subrun403.csv,72,True,statistical+IF,pulseHeight_min_median;pulseArea_min_median;pulseDuriation_min_median;triggerRate_bit2;triggerRate_tot,11.89,-0.532
2026-04-09T17:38:59Z,Digitizer_run1640_subrun403.csv,73,True,statistical,triggerRate_bit2;triggerRate_tot,11.89,-0.4799
2026-04-09T17:38:59Z,Digitizer_run1640_subrun403.csv,74,True,statistical,triggerRate_bit2;triggerRate_tot,11.89,-0.4846
2026-04-09T17:38:59Z,Digitizer_run1640_subrun403.csv,75,True,statistical,triggerRate_bit2;triggerRate_tot,11.89,-0.4947
2026-04-09T17:38:59Z,Digitizer_run1640_subrun403.csv,76,True,statistical,triggerRate_bit2;triggerRate_tot,11.89,-0.4832
2026-04-09T17:38:59Z,Digitizer_run1640_subrun403.csv,77,True,statistical,triggerRate_bit2;triggerRate_tot,11.89,-0.4773
2026-04-09T17:38:59Z,Digitizer_run1640_subrun403.csv,78,True,statistical,triggerRate_bit2;triggerRate_tot,11.89,-0.4722
2026-04-09T17:38:59Z,Digitizer_run1640_subrun403.csv,79,True,statistical,triggerRate_bit2;triggerRate_tot,11.89,-0.4686
2026-04-09T17:38:59Z,Digitizer_run1640_subrun403.csv,80,True,statistical,nPulses_median;occupancy;triggerRate_bit2;triggerRate_tot,11.89,-0.4864
2026-04-09T17:38:59Z,Digitizer_run1640_subrun403.csv,81,True,statistical,triggerRate_bit2;triggerRate_tot,11.89,-0.4696
2026-04-09T17:38:59Z,Digitizer_run1640_subrun403.csv,82,True,statistical,triggerRate_bit2;triggerRate_tot,11.89,-0.4788
2026-04-09T17:38:59Z,Digitizer_run1640_subrun403.csv,83,True,statistical,triggerRate_bit2;triggerRate_tot,11.89,-0.4717
2026-04-09T17:38:59Z,Digitizer_run1640_subrun403.csv,84,True,statistical,triggerRate_bit2;triggerRate_tot,11.89,-0.4738
2026-04-09T17:38:59Z,Digitizer_run1640_subrun403.csv,85,True,statistical,triggerRate_bit2;triggerRate_tot,11.89,-0.4942
2026-04-09T17:38:59Z,Digitizer_run1640_subrun403.csv,86,True,statistical,triggerRate_bit2;triggerRate_tot,11.89,-0.474
2026-04-09T17:38:59Z,Digitizer_run1640_subrun403.csv,87,True,statistical,triggerRate_bit2;triggerRate_tot,11.89,-0.5016
2026-04-09T17:38:59Z,Digitizer_run1640_subrun403.csv,88,True,statistical,triggerRate_bit2;triggerRate_tot,11.89,-0.4795
2026-04-09T17:38:59Z,Digitizer_run1640_subrun403.csv,89,True,statistical,triggerRate_bit2;triggerRate_tot,11.89,-0.4909
2026-04-09T17:38:59Z,Digitizer_run1640_subrun403.csv,90,True,statistical,triggerRate_bit2;triggerRate_tot,11.89,-0.4782
2026-04-09T17:38:59Z,Digitizer_run1640_subrun403.csv,91,True,statistical,triggerRate_bit2;triggerRate_tot,11.89,-0.4684
2026-04-09T17:38:59Z,Digitizer_run1640_subrun403.csv,92,True,statistical,triggerRate_bit2;triggerRate_tot,11.89,-0.4897
2026-04-09T17:38:59Z,Digitizer_run1640_subrun403.csv,93,True,statistical+IF,triggerRate_bit2;triggerRate_tot,11.89,-0.5228
2026-04-09T17:38:59Z,Digitizer_run1640_subrun403.csv,94,True,statistical,triggerRate_bit2;triggerRate_tot,11.89,-0.483
2026-04-09T17:38:59Z,Digitizer_run1640_subrun403.csv,95,True,statistical,triggerRate_bit2;triggerRate_tot,11.89,-0.4865
2026-04-09T17:39:11Z,Digitizer_run1640_subrun617.csv,32,True,missing_channel,missing_channel,nan,nan
2026-04-09T17:39:11Z,Digitizer_run1640_subrun617.csv,33,True,missing_channel,missing_channel,nan,nan
2026-04-09T17:39:11Z,Digitizer_run1640_subrun617.csv,0,True,statistical,LVDSpin16,6.19,-0.4386
2026-04-09T17:39:11Z,Digitizer_run1640_subrun617.csv,1,True,statistical,LVDSpin16,6.19,-0.4561
2026-04-09T17:39:11Z,Digitizer_run1640_subrun617.csv,2,True,statistical,LVDSpin16,6.19,-0.477
2026-04-09T17:39:11Z,Digitizer_run1640_subrun617.csv,3,True,statistical,LVDSpin16,6.19,-0.4533
2026-04-09T17:39:11Z,Digitizer_run1640_subrun617.csv,4,True,statistical,LVDSpin16,6.19,-0.4495
2026-04-09T17:39:11Z,Digitizer_run1640_subrun617.csv,5,True,statistical,LVDSpin16,6.19,-0.4534
2026-04-09T17:39:11Z,Digitizer_run1640_subrun617.csv,6,True,statistical,LVDSpin16,6.19,-0.4373
2026-04-09T17:39:11Z,Digitizer_run1640_subrun617.csv,7,True,statistical,LVDSpin16,6.19,-0.4424
2026-04-09T17:39:11Z,Digitizer_run1640_subrun617.csv,8,True,statistical,LVDSpin16,6.19,-0.5069
2026-04-09T17:39:11Z,Digitizer_run1640_subrun617.csv,9,True,statistical,LVDSpin16,6.19,-0.4847
2026-04-09T17:39:11Z,Digitizer_run1640_subrun617.csv,10,True,statistical,LVDSpin16,6.19,-0.451
2026-04-09T17:39:11Z,Digitizer_run1640_subrun617.csv,11,True,statistical,LVDSpin16,6.19,-0.4477
2026-04-09T17:39:11Z,Digitizer_run1640_subrun617.csv,12,True,statistical,LVDSpin16,6.19,-0.4423
2026-04-09T17:39:11Z,Digitizer_run1640_subrun617.csv,13,True,statistical,LVDSpin16,6.19,-0.4563
2026-04-09T17:39:11Z,Digitizer_run1640_subrun617.csv,14,True,statistical,LVDSpin16,6.19,-0.4326
2026-04-09T17:39:11Z,Digitizer_run1640_subrun617.csv,15,True,statistical,LVDSpin16,6.19,-0.4442
2026-04-09T17:39:11Z,Digitizer_run1640_subrun617.csv,16,True,statistical,LVDSpin16,6.19,-0.455
2026-04-09T17:39:11Z,Digitizer_run1640_subrun617.csv,17,True,statistical,LVDSpin16,6.19,-0.4506
2026-04-09T17:39:11Z,Digitizer_run1640_subrun617.csv,18,True,statistical,LVDSpin16,6.19,-0.4689
2026-04-09T17:39:11Z,Digitizer_run1640_subrun617.csv,19,True,statistical,LVDSpin16,6.19,-0.5025
2026-04-09T17:39:11Z,Digitizer_run1640_subrun617.csv,20,True,statistical,LVDSpin16,6.19,-0.4601
2026-04-09T17:39:11Z,Digitizer_run1640_subrun617.csv,21,True,statistical,LVDSpin16,6.19,-0.4576
2026-04-09T17:39:11Z,Digitizer_run1640_subrun617.csv,22,True,statistical,LVDSpin16,6.19,-0.4531
2026-04-09T17:39:11Z,Digitizer_run1640_subrun617.csv,23,True,statistical,LVDSpin16,6.19,-0.4395
2026-04-09T17:39:11Z,Digitizer_run1640_subrun617.csv,24,True,statistical,LVDSpin16,6.19,-0.4546
2026-04-09T17:39:11Z,Digitizer_run1640_subrun617.csv,25,True,statistical,LVDSpin16,6.19,-0.4409
2026-04-09T17:39:11Z,Digitizer_run1640_subrun617.csv,26,True,statistical,LVDSpin16,6.19,-0.4485
2026-04-09T17:39:11Z,Digitizer_run1640_subrun617.csv,27,True,statistical,LVDSpin16,6.19,-0.4457
2026-04-09T17:39:11Z,Digitizer_run1640_subrun617.csv,28,True,statistical,LVDSpin16,6.19,-0.4653
2026-04-09T17:39:11Z,Digitizer_run1640_subrun617.csv,29,True,statistical,LVDSpin16,6.19,-0.4627
2026-04-09T17:39:11Z,Digitizer_run1640_subrun617.csv,30,True,statistical,LVDSpin16,6.19,-0.4604
2026-04-09T17:39:11Z,Digitizer_run1640_subrun617.csv,31,True,statistical,LVDSpin16,6.19,-0.4579
2026-04-09T17:39:11Z,Digitizer_run1640_subrun617.csv,34,True,statistical,LVDSpin16,6.19,-0.4478
2026-04-09T17:39:11Z,Digitizer_run1640_subrun617.csv,35,True,statistical,LVDSpin16,6.19,-0.4549
2026-04-09T17:39:11Z,Digitizer_run1640_subrun617.csv,36,True,statistical,LVDSpin16,6.19,-0.4496
2026-04-09T17:39:11Z,Digitizer_run1640_subrun617.csv,37,True,statistical,LVDSpin16,6.19,-0.4422
2026-04-09T17:39:11Z,Digitizer_run1640_subrun617.csv,38,True,statistical,LVDSpin16,6.19,-0.458
2026-04-09T17:39:11Z,Digitizer_run1640_subrun617.csv,39,True,statistical,LVDSpin16,6.19,-0.4551
2026-04-09T17:39:11Z,Digitizer_run1640_subrun617.csv,40,True,statistical,LVDSpin16,6.19,-0.4438
2026-04-09T17:39:11Z,Digitizer_run1640_subrun617.csv,41,True,statistical,LVDSpin16,6.19,-0.4477
2026-04-09T17:39:11Z,Digitizer_run1640_subrun617.csv,42,True,statistical,LVDSpin16,6.19,-0.4379
2026-04-09T17:39:11Z,Digitizer_run1640_subrun617.csv,43,True,statistical,LVDSpin16,6.19,-0.455
2026-04-09T17:39:11Z,Digitizer_run1640_subrun617.csv,44,True,statistical,LVDSpin16,6.19,-0.4528
2026-04-09T17:39:11Z,Digitizer_run1640_subrun617.csv,45,True,statistical,nPulses_median;LVDSpin16,1000000.0,-0.4764
2026-04-09T17:39:11Z,Digitizer_run1640_subrun617.csv,46,True,statistical,LVDSpin16,6.19,-0.4534
2026-04-09T17:39:11Z,Digitizer_run1640_subrun617.csv,47,True,statistical,LVDSpin16,6.19,-0.4568
2026-04-09T17:39:11Z,Digitizer_run1640_subrun617.csv,48,True,statistical,LVDSpin16,6.19,-0.4525
2026-04-09T17:39:11Z,Digitizer_run1640_subrun617.csv,49,True,statistical,LVDSpin16,6.19,-0.4419
2026-04-09T17:39:11Z,Digitizer_run1640_subrun617.csv,50,True,statistical,LVDSpin16,6.19,-0.4579
2026-04-09T17:39:11Z,Digitizer_run1640_subrun617.csv,51,True,statistical,pulseHeight_min_median;LVDSpin16,6.19,-0.4788
2026-04-09T17:39:11Z,Digitizer_run1640_subrun617.csv,52,True,statistical,LVDSpin16,6.19,-0.4575
2026-04-09T17:39:11Z,Digitizer_run1640_subrun617.csv,53,True,statistical,LVDSpin16,6.19,-0.4599
2026-04-09T17:39:11Z,Digitizer_run1640_subrun617.csv,54,True,statistical,LVDSpin16,6.19,-0.4491
2026-04-09T17:39:11Z,Digitizer_run1640_subrun617.csv,55,True,statistical,LVDSpin16,6.19,-0.4686
2026-04-09T17:39:11Z,Digitizer_run1640_subrun617.csv,56,True,statistical,LVDSpin16,6.19,-0.4866
2026-04-09T17:39:11Z,Digitizer_run1640_subrun617.csv,57,True,statistical,LVDSpin16,6.19,-0.4629
2026-04-09T17:39:11Z,Digitizer_run1640_subrun617.csv,58,True,statistical,LVDSpin16,6.19,-0.4526
2026-04-09T17:39:11Z,Digitizer_run1640_subrun617.csv,59,True,statistical,LVDSpin16,6.19,-0.4532
2026-04-09T17:39:11Z,Digitizer_run1640_subrun617.csv,60,True,statistical,LVDSpin16,6.19,-0.4504
2026-04-09T17:39:11Z,Digitizer_run1640_subrun617.csv,61,True,statistical,LVDSpin16,6.19,-0.4467
2026-04-09T17:39:11Z,Digitizer_run1640_subrun617.csv,62,True,statistical,LVDSpin16,6.19,-0.4481
2026-04-09T17:39:11Z,Digitizer_run1640_subrun617.csv,63,True,statistical,LVDSpin16,6.19,-0.4528
2026-04-09T17:39:11Z,Digitizer_run1640_subrun617.csv,64,True,statistical,LVDSpin16,6.19,-0.4459
2026-04-09T17:39:11Z,Digitizer_run1640_subrun617.csv,65,True,statistical,LVDSpin16,6.19,-0.4467
2026-04-09T17:39:11Z,Digitizer_run1640_subrun617.csv,66,True,statistical,LVDSpin16,6.19,-0.4463
2026-04-09T17:39:11Z,Digitizer_run1640_subrun617.csv,67,True,statistical,LVDSpin16,6.19,-0.4485
2026-04-09T17:39:11Z,Digitizer_run1640_subrun617.csv,68,True,statistical,LVDSpin16,6.19,-0.4573
2026-04-09T17:39:11Z,Digitizer_run1640_subrun617.csv,69,True,statistical,LVDSpin16,6.19,-0.4631
2026-04-09T17:39:11Z,Digitizer_run1640_subrun617.csv,70,True,statistical,LVDSpin16,6.19,-0.4632
2026-04-09T17:39:11Z,Digitizer_run1640_subrun617.csv,71,True,statistical,LVDSpin16,6.19,-0.4503
2026-04-09T17:39:11Z,Digitizer_run1640_subrun617.csv,72,True,statistical,LVDSpin16,6.19,-0.4526
2026-04-09T17:39:11Z,Digitizer_run1640_subrun617.csv,73,True,statistical,LVDSpin16,6.19,-0.4586
2026-04-09T17:39:11Z,Digitizer_run1640_subrun617.csv,74,True,statistical,LVDSpin16,6.19,-0.4375
2026-04-09T17:39:11Z,Digitizer_run1640_subrun617.csv,75,True,statistical,LVDSpin16,6.19,-0.4438
2026-04-09T17:39:11Z,Digitizer_run1640_subrun617.csv,76,True,statistical,LVDSpin16,6.19,-0.4417
2026-04-09T17:39:11Z,Digitizer_run1640_subrun617.csv,77,True,statistical,LVDSpin16,6.19,-0.4554
2026-04-09T17:39:11Z,Digitizer_run1640_subrun617.csv,78,True,statistical,LVDSpin16,6.19,-0.4507
2026-04-09T17:39:11Z,Digitizer_run1640_subrun617.csv,79,True,statistical,LVDSpin16,6.19,-0.4519
2026-04-09T17:39:11Z,Digitizer_run1640_subrun617.csv,80,True,statistical,LVDSpin16,6.19,-0.4614
2026-04-09T17:39:11Z,Digitizer_run1640_subrun617.csv,81,True,statistical,LVDSpin16,6.19,-0.4712
2026-04-09T17:39:11Z,Digitizer_run1640_subrun617.csv,82,True,statistical,LVDSpin16,6.19,-0.4507
2026-04-09T17:39:11Z,Digitizer_run1640_subrun617.csv,83,True,statistical,LVDSpin16,6.19,-0.4485
2026-04-09T17:39:11Z,Digitizer_run1640_subrun617.csv,84,True,statistical,LVDSpin16,6.19,-0.4409
2026-04-09T17:39:11Z,Digitizer_run1640_subrun617.csv,85,True,statistical,LVDSpin16,6.19,-0.4411
2026-04-09T17:39:11Z,Digitizer_run1640_subrun617.csv,86,True,statistical,LVDSpin16,6.19,-0.4461
2026-04-09T17:39:11Z,Digitizer_run1640_subrun617.csv,87,True,statistical,LVDSpin16,6.19,-0.4647
2026-04-09T17:39:11Z,Digitizer_run1640_subrun617.csv,88,True,statistical,LVDSpin16,6.19,-0.4801
2026-04-09T17:39:11Z,Digitizer_run1640_subrun617.csv,89,True,statistical,LVDSpin16,6.19,-0.4745
2026-04-09T17:39:11Z,Digitizer_run1640_subrun617.csv,90,True,statistical,LVDSpin16,6.19,-0.4565
2026-04-09T17:39:11Z,Digitizer_run1640_subrun617.csv,91,True,statistical,LVDSpin16,6.19,-0.4566
2026-04-09T17:39:11Z,Digitizer_run1640_subrun617.csv,92,True,statistical,LVDSpin16,6.19,-0.4647
2026-04-09T17:39:11Z,Digitizer_run1640_subrun617.csv,93,True,statistical,LVDSpin16,6.19,-0.476
2026-04-09T17:39:11Z,Digitizer_run1640_subrun617.csv,94,True,statistical,LVDSpin16,6.19,-0.4651
2026-04-09T17:39:11Z,Digitizer_run1640_subrun617.csv,95,True,statistical,LVDSpin16,6.19,-0.4758
2026-04-09T17:39:21Z,Digitizer_run1642_subrun101.csv,32,True,missing_channel,missing_channel,nan,nan
2026-04-09T17:39:21Z,Digitizer_run1642_subrun101.csv,33,True,missing_channel,missing_channel,nan,nan
2026-04-09T17:39:21Z,Digitizer_run1642_subrun101.csv,0,True,statistical,LVDSpin16,6.19,-0.435
2026-04-09T17:39:21Z,Digitizer_run1642_subrun101.csv,1,True,statistical,LVDSpin16,6.19,-0.4582
2026-04-09T17:39:21Z,Digitizer_run1642_subrun101.csv,2,True,statistical,LVDSpin16,6.19,-0.4412
2026-04-09T17:39:21Z,Digitizer_run1642_subrun101.csv,3,True,statistical,LVDSpin16,6.19,-0.4361
2026-04-09T17:39:21Z,Digitizer_run1642_subrun101.csv,4,True,statistical,LVDSpin16,6.19,-0.4458
2026-04-09T17:39:21Z,Digitizer_run1642_subrun101.csv,5,True,statistical,LVDSpin16,6.19,-0.4343
2026-04-09T17:39:21Z,Digitizer_run1642_subrun101.csv,6,True,statistical,LVDSpin16,6.19,-0.4431
2026-04-09T17:39:21Z,Digitizer_run1642_subrun101.csv,7,True,statistical,LVDSpin16,6.19,-0.4386
2026-04-09T17:39:21Z,Digitizer_run1642_subrun101.csv,8,True,statistical,LVDSpin16,6.19,-0.4975
2026-04-09T17:39:21Z,Digitizer_run1642_subrun101.csv,9,True,statistical,LVDSpin16,6.19,-0.4936
2026-04-09T17:39:21Z,Digitizer_run1642_subrun101.csv,10,True,statistical,LVDSpin16,6.19,-0.4569
2026-04-09T17:39:21Z,Digitizer_run1642_subrun101.csv,11,True,statistical,LVDSpin16,6.19,-0.4584
2026-04-09T17:39:21Z,Digitizer_run1642_subrun101.csv,12,True,statistical,LVDSpin16,6.19,-0.4288
2026-04-09T17:39:21Z,Digitizer_run1642_subrun101.csv,13,True,statistical,LVDSpin16,6.19,-0.4454
2026-04-09T17:39:21Z,Digitizer_run1642_subrun101.csv,14,True,statistical,LVDSpin16,6.19,-0.4281
2026-04-09T17:39:21Z,Digitizer_run1642_subrun101.csv,15,True,statistical,LVDSpin16,6.19,-0.4347
2026-04-09T17:39:21Z,Digitizer_run1642_subrun101.csv,16,True,statistical,LVDSpin16,6.19,-0.4421
2026-04-09T17:39:21Z,Digitizer_run1642_subrun101.csv,17,True,statistical,LVDSpin16,6.19,-0.4576
2026-04-09T17:39:21Z,Digitizer_run1642_subrun101.csv,18,True,statistical,LVDSpin16,6.19,-0.4625
2026-04-09T17:39:21Z,Digitizer_run1642_subrun101.csv,19,True,statistical,LVDSpin16,6.19,-0.4512
2026-04-09T17:39:21Z,Digitizer_run1642_subrun101.csv,20,True,statistical,LVDSpin16,6.19,-0.4317
2026-04-09T17:39:21Z,Digitizer_run1642_subrun101.csv,21,True,statistical,LVDSpin16,6.19,-0.4439
2026-04-09T17:39:21Z,Digitizer_run1642_subrun101.csv,22,True,statistical,LVDSpin16,6.19,-0.4257
2026-04-09T17:39:21Z,Digitizer_run1642_subrun101.csv,23,True,statistical,LVDSpin16,6.19,-0.4411
2026-04-09T17:39:21Z,Digitizer_run1642_subrun101.csv,24,True,statistical,LVDSpin16,6.19,-0.4441
2026-04-09T17:39:21Z,Digitizer_run1642_subrun101.csv,25,True,statistical,LVDSpin16,6.19,-0.4338
2026-04-09T17:39:21Z,Digitizer_run1642_subrun101.csv,26,True,statistical,LVDSpin16,6.19,-0.4496
2026-04-09T17:39:21Z,Digitizer_run1642_subrun101.csv,27,True,statistical,LVDSpin16,6.19,-0.4681
2026-04-09T17:39:21Z,Digitizer_run1642_subrun101.csv,28,True,statistical,LVDSpin16,6.19,-0.4515
2026-04-09T17:39:21Z,Digitizer_run1642_subrun101.csv,29,True,statistical,LVDSpin16,6.19,-0.4599
2026-04-09T17:39:21Z,Digitizer_run1642_subrun101.csv,30,True,statistical,LVDSpin16,6.19,-0.437
2026-04-09T17:39:21Z,Digitizer_run1642_subrun101.csv,31,True,statistical,LVDSpin16,6.19,-0.4409
2026-04-09T17:39:21Z,Digitizer_run1642_subrun101.csv,34,True,statistical,LVDSpin16,6.19,-0.4463
2026-04-09T17:39:21Z,Digitizer_run1642_subrun101.csv,35,True,statistical,LVDSpin16,6.19,-0.4484
2026-04-09T17:39:21Z,Digitizer_run1642_subrun101.csv,36,True,statistical,LVDSpin16,6.19,-0.4494
2026-04-09T17:39:21Z,Digitizer_run1642_subrun101.csv,37,True,statistical,LVDSpin16,6.19,-0.4473
2026-04-09T17:39:21Z,Digitizer_run1642_subrun101.csv,38,True,statistical,LVDSpin16,6.19,-0.431
2026-04-09T17:39:21Z,Digitizer_run1642_subrun101.csv,39,True,statistical,LVDSpin16,6.19,-0.4457
2026-04-09T17:39:21Z,Digitizer_run1642_subrun101.csv,40,True,statistical,LVDSpin16,6.19,-0.4355
2026-04-09T17:39:21Z,Digitizer_run1642_subrun101.csv,41,True,statistical,LVDSpin16,6.19,-0.4405
2026-04-09T17:39:21Z,Digitizer_run1642_subrun101.csv,42,True,statistical,LVDSpin16,6.19,-0.4547
2026-04-09T17:39:21Z,Digitizer_run1642_subrun101.csv,43,True,statistical,LVDSpin16,6.19,-0.4635
2026-04-09T17:39:21Z,Digitizer_run1642_subrun101.csv,44,True,statistical,LVDSpin16,6.19,-0.4409
2026-04-09T17:39:21Z,Digitizer_run1642_subrun101.csv,45,True,statistical,LVDSpin16,6.19,-0.435
2026-04-09T17:39:21Z,Digitizer_run1642_subrun101.csv,46,True,statistical,LVDSpin16,6.19,-0.4376
2026-04-09T17:39:21Z,Digitizer_run1642_subrun101.csv,47,True,statistical,LVDSpin16,6.19,-0.4385
2026-04-09T17:39:21Z,Digitizer_run1642_subrun101.csv,48,True,statistical,LVDSpin16,6.19,-0.4519
2026-04-09T17:39:21Z,Digitizer_run1642_subrun101.csv,49,True,statistical,LVDSpin16,6.19,-0.4308
2026-04-09T17:39:21Z,Digitizer_run1642_subrun101.csv,50,True,statistical,LVDSpin16,6.19,-0.4423
2026-04-09T17:39:21Z,Digitizer_run1642_subrun101.csv,51,True,statistical,LVDSpin16,6.19,-0.4434
2026-04-09T17:39:21Z,Digitizer_run1642_subrun101.csv,52,True,statistical,LVDSpin16,6.19,-0.4496
2026-04-09T17:39:21Z,Digitizer_run1642_subrun101.csv,53,True,statistical,LVDSpin16,6.19,-0.4469
2026-04-09T17:39:21Z,Digitizer_run1642_subrun101.csv,54,True,statistical,LVDSpin16,6.19,-0.4469
2026-04-09T17:39:21Z,Digitizer_run1642_subrun101.csv,55,True,statistical,LVDSpin16,6.19,-0.4513
2026-04-09T17:39:21Z,Digitizer_run1642_subrun101.csv,56,True,statistical,LVDSpin16,6.19,-0.4836
2026-04-09T17:39:21Z,Digitizer_run1642_subrun101.csv,57,True,statistical,LVDSpin16,6.19,-0.4486
2026-04-09T17:39:21Z,Digitizer_run1642_subrun101.csv,58,True,statistical,LVDSpin16,6.19,-0.4441
2026-04-09T17:39:21Z,Digitizer_run1642_subrun101.csv,59,True,statistical,LVDSpin16,6.19,-0.4378
2026-04-09T17:39:21Z,Digitizer_run1642_subrun101.csv,60,True,statistical,LVDSpin16,6.19,-0.4747
2026-04-09T17:39:21Z,Digitizer_run1642_subrun101.csv,61,True,statistical,LVDSpin16,6.19,-0.4414
2026-04-09T17:39:21Z,Digitizer_run1642_subrun101.csv,62,True,statistical,LVDSpin16,6.19,-0.428
2026-04-09T17:39:21Z,Digitizer_run1642_subrun101.csv,63,True,statistical,LVDSpin16,6.19,-0.4445
2026-04-09T17:39:21Z,Digitizer_run1642_subrun101.csv,64,True,statistical,LVDSpin16,6.19,-0.4572
2026-04-09T17:39:21Z,Digitizer_run1642_subrun101.csv,65,True,statistical,LVDSpin16,6.19,-0.4372
2026-04-09T17:39:21Z,Digitizer_run1642_subrun101.csv,66,True,statistical,LVDSpin16,6.19,-0.4508
2026-04-09T17:39:21Z,Digitizer_run1642_subrun101.csv,67,True,statistical,LVDSpin16,6.19,-0.4443
2026-04-09T17:39:21Z,Digitizer_run1642_subrun101.csv,68,True,statistical,LVDSpin16,6.19,-0.4336
2026-04-09T17:39:21Z,Digitizer_run1642_subrun101.csv,69,True,statistical,LVDSpin16,6.19,-0.4465
2026-04-09T17:39:21Z,Digitizer_run1642_subrun101.csv,70,True,statistical,LVDSpin16,6.19,-0.4327
2026-04-09T17:39:21Z,Digitizer_run1642_subrun101.csv,71,True,statistical,LVDSpin16,6.19,-0.4378
2026-04-09T17:39:21Z,Digitizer_run1642_subrun101.csv,72,True,statistical,LVDSpin16,6.19,-0.45
2026-04-09T17:39:21Z,Digitizer_run1642_subrun101.csv,73,True,statistical,LVDSpin16,6.19,-0.4333
2026-04-09T17:39:21Z,Digitizer_run1642_subrun101.csv,74,True,statistical,LVDSpin16,6.19,-0.4658
2026-04-09T17:39:21Z,Digitizer_run1642_subrun101.csv,75,True,statistical,LVDSpin16,6.19,-0.4553
2026-04-09T17:39:21Z,Digitizer_run1642_subrun101.csv,76,True,statistical,LVDSpin16,6.19,-0.4375
2026-04-09T17:39:21Z,Digitizer_run1642_subrun101.csv,77,True,statistical,LVDSpin16,6.19,-0.4665
2026-04-09T17:39:21Z,Digitizer_run1642_subrun101.csv,78,True,statistical,LVDSpin16,6.19,-0.4384
2026-04-09T17:39:21Z,Digitizer_run1642_subrun101.csv,79,True,statistical,LVDSpin16,6.19,-0.4471
2026-04-09T17:39:21Z,Digitizer_run1642_subrun101.csv,80,True,statistical,LVDSpin16,6.19,-0.4513
2026-04-09T17:39:21Z,Digitizer_run1642_subrun101.csv,81,True,statistical,LVDSpin16,6.19,-0.4573
2026-04-09T17:39:21Z,Digitizer_run1642_subrun101.csv,82,True,statistical,LVDSpin16,6.19,-0.4404
2026-04-09T17:39:21Z,Digitizer_run1642_subrun101.csv,83,True,statistical,LVDSpin16,6.19,-0.4412
2026-04-09T17:39:21Z,Digitizer_run1642_subrun101.csv,84,True,statistical,LVDSpin16,6.19,-0.4523
2026-04-09T17:39:21Z,Digitizer_run1642_subrun101.csv,85,True,statistical,LVDSpin16,6.19,-0.4413
2026-04-09T17:39:21Z,Digitizer_run1642_subrun101.csv,86,True,statistical,LVDSpin16,6.19,-0.4391
2026-04-09T17:39:21Z,Digitizer_run1642_subrun101.csv,87,True,statistical,LVDSpin16,6.19,-0.4454
2026-04-09T17:39:21Z,Digitizer_run1642_subrun101.csv,88,True,statistical,LVDSpin16,6.19,-0.4417
2026-04-09T17:39:21Z,Digitizer_run1642_subrun101.csv,89,True,statistical,LVDSpin16,6.19,-0.4667
2026-04-09T17:39:21Z,Digitizer_run1642_subrun101.csv,90,True,statistical,LVDSpin16,6.19,-0.448
2026-04-09T17:39:21Z,Digitizer_run1642_subrun101.csv,91,True,statistical,LVDSpin16,6.19,-0.4649
2026-04-09T17:39:21Z,Digitizer_run1642_subrun101.csv,92,True,statistical,LVDSpin16,6.19,-0.4773
2026-04-09T17:39:21Z,Digitizer_run1642_subrun101.csv,93,True,statistical,LVDSpin16,6.19,-0.4464
2026-04-09T17:39:21Z,Digitizer_run1642_subrun101.csv,94,True,statistical,LVDSpin16,6.19,-0.48
2026-04-09T17:39:21Z,Digitizer_run1642_subrun101.csv,95,True,statistical,LVDSpin16,6.19,-0.4433
2026-04-09T17:39:30Z,Digitizer_run1640_subrun443.csv,0,True,statistical,triggerRate_bit1;triggerRate_bit2;triggerRate_tot,20.76,-0.5033
2026-04-09T17:39:30Z,Digitizer_run1640_subrun443.csv,1,True,statistical,triggerRate_bit1;triggerRate_bit2;triggerRate_tot,20.76,-0.5055
2026-04-09T17:39:30Z,Digitizer_run1640_subrun443.csv,2,True,statistical+IF,triggerRate_bit1;triggerRate_bit2;triggerRate_tot,20.76,-0.5272
2026-04-09T17:39:30Z,Digitizer_run1640_subrun443.csv,3,True,statistical,triggerRate_bit1;triggerRate_bit2;triggerRate_tot,20.76,-0.5129
2026-04-09T17:39:30Z,Digitizer_run1640_subrun443.csv,4,True,statistical,triggerRate_bit1;triggerRate_bit2;triggerRate_tot,20.76,-0.5067
2026-04-09T17:39:30Z,Digitizer_run1640_subrun443.csv,5,True,statistical,triggerRate_bit1;triggerRate_bit2;triggerRate_tot,20.76,-0.5119
2026-04-09T17:39:30Z,Digitizer_run1640_subrun443.csv,6,True,statistical+IF,triggerRate_bit1;triggerRate_bit2;triggerRate_tot,20.76,-0.5253
2026-04-09T17:39:30Z,Digitizer_run1640_subrun443.csv,7,True,statistical,triggerRate_bit1;triggerRate_bit2;triggerRate_tot,20.76,-0.5061
2026-04-09T17:39:30Z,Digitizer_run1640_subrun443.csv,8,True,statistical+IF,occupancy;triggerRate_bit1;triggerRate_bit2;triggerRate_tot,20.76,-0.5341
2026-04-09T17:39:30Z,Digitizer_run1640_subrun443.csv,9,True,statistical,occupancy;triggerRate_bit1;triggerRate_bit2;triggerRate_tot,20.76,-0.5065
2026-04-09T17:39:30Z,Digitizer_run1640_subrun443.csv,10,True,statistical,triggerRate_bit1;triggerRate_bit2;triggerRate_tot,20.76,-0.5086
2026-04-09T17:39:30Z,Digitizer_run1640_subrun443.csv,11,True,statistical+IF,triggerRate_bit1;triggerRate_bit2;triggerRate_tot,20.76,-0.5227
2026-04-09T17:39:30Z,Digitizer_run1640_subrun443.csv,12,True,statistical+IF,triggerRate_bit1;triggerRate_bit2;triggerRate_tot,20.76,-0.5196
2026-04-09T17:39:30Z,Digitizer_run1640_subrun443.csv,13,True,statistical,triggerRate_bit1;triggerRate_bit2;triggerRate_tot,20.76,-0.5114
2026-04-09T17:39:30Z,Digitizer_run1640_subrun443.csv,14,True,statistical+IF,triggerRate_bit1;triggerRate_bit2;triggerRate_tot,20.76,-0.5253
2026-04-09T17:39:30Z,Digitizer_run1640_subrun443.csv,15,True,statistical+IF,triggerRate_bit1;triggerRate_bit2;triggerRate_tot,20.76,-0.5244
2026-04-09T17:39:30Z,Digitizer_run1640_subrun443.csv,16,True,statistical,triggerRate_bit1;triggerRate_bit2;triggerRate_tot,20.76,-0.5134
2026-04-09T17:39:30Z,Digitizer_run1640_subrun443.csv,17,True,statistical+IF,triggerRate_bit1;triggerRate_bit2;triggerRate_tot,20.76,-0.5168
2026-04-09T17:39:30Z,Digitizer_run1640_subrun443.csv,18,True,statistical+IF,triggerRate_bit1;triggerRate_bit2;triggerRate_tot,20.76,-0.5263
2026-04-09T17:39:30Z,Digitizer_run1640_subrun443.csv,19,True,statistical+IF,triggerRate_bit1;triggerRate_bit2;triggerRate_tot,20.76,-0.5353
2026-04-09T17:39:30Z,Digitizer_run1640_subrun443.csv,20,True,statistical,triggerRate_bit1;triggerRate_bit2;triggerRate_tot,20.76,-0.5022
2026-04-09T17:39:30Z,Digitizer_run1640_subrun443.csv,21,True,statistical,occupancy;triggerRate_bit1;triggerRate_bit2;triggerRate_tot,20.76,-0.5126
2026-04-09T17:39:30Z,Digitizer_run1640_subrun443.csv,22,True,statistical,triggerRate_bit1;triggerRate_bit2;triggerRate_tot,20.76,-0.5113
2026-04-09T17:39:30Z,Digitizer_run1640_subrun443.csv,23,True,statistical,triggerRate_bit1;triggerRate_bit2;triggerRate_tot,20.76,-0.4971
2026-04-09T17:39:30Z,Digitizer_run1640_subrun443.csv,24,True,statistical+IF,triggerRate_bit1;triggerRate_bit2;triggerRate_tot,20.76,-0.5243
2026-04-09T17:39:30Z,Digitizer_run1640_subrun443.csv,25,True,statistical,triggerRate_bit1;triggerRate_bit2;triggerRate_tot,20.76,-0.5038
2026-04-09T17:39:30Z,Digitizer_run1640_subrun443.csv,26,True,statistical+IF,triggerRate_bit1;triggerRate_bit2;triggerRate_tot,20.76,-0.5414
2026-04-09T17:39:30Z,Digitizer_run1640_subrun443.csv,27,True,statistical+IF,triggerRate_bit1;triggerRate_bit2;triggerRate_tot,20.76,-0.5267
2026-04-09T17:39:30Z,Digitizer_run1640_subrun443.csv,28,True,statistical,triggerRate_bit1;triggerRate_bit2;triggerRate_tot,20.76,-0.5101
2026-04-09T17:39:30Z,Digitizer_run1640_subrun443.csv,29,True,statistical,triggerRate_bit1;triggerRate_bit2;triggerRate_tot,20.76,-0.5034
2026-04-09T17:39:30Z,Digitizer_run1640_subrun443.csv,30,True,statistical+IF,triggerRate_bit1;triggerRate_bit2;triggerRate_tot,20.76,-0.5316
2026-04-09T17:39:30Z,Digitizer_run1640_subrun443.csv,31,True,statistical+IF,triggerRate_bit1;triggerRate_bit2;triggerRate_tot,20.76,-0.5146
2026-04-09T17:39:30Z,Digitizer_run1640_subrun443.csv,32,True,statistical+IF,sideband_mean_median;sideband_rms_median;nPulses_mean;nPulses_median;pulseHeight_max_mean;pulseHeight_max_std;pulseHeight_min_mean;pulseHeight_min_std;pulseArea_max_mean;pulseDuriation_max_mean;pulseDuriation_max_median;pulseDuriation_min_mean;occupancy;triggerRate_bit1;triggerRate_bit2;triggerRate_tot,1000000.0,-0.582
2026-04-09T17:39:30Z,Digitizer_run1640_subrun443.csv,33,True,statistical+IF,pulseHeight_max_mean;pulseHeight_max_std;pulseHeight_min_mean;pulseHeight_min_std;pulseArea_max_mean;pulseDuriation_max_mean;pulseDuriation_max_median;occupancy;triggerRate_bit1;triggerRate_bit2;triggerRate_tot,49.32,-0.5632
2026-04-09T17:39:30Z,Digitizer_run1640_subrun443.csv,34,True,statistical,triggerRate_bit1;triggerRate_bit2;triggerRate_tot,20.76,-0.5132
2026-04-09T17:39:30Z,Digitizer_run1640_subrun443.csv,35,True,statistical+IF,sideband_rms_median;triggerRate_bit1;triggerRate_bit2;triggerRate_tot,20.76,-0.5254
2026-04-09T17:39:30Z,Digitizer_run1640_subrun443.csv,36,True,statistical,triggerRate_bit1;triggerRate_bit2;triggerRate_tot,20.76,-0.5079
2026-04-09T17:39:30Z,Digitizer_run1640_subrun443.csv,37,True,statistical,triggerRate_bit1;triggerRate_bit2;triggerRate_tot,20.76,-0.5002
2026-04-09T17:39:30Z,Digitizer_run1640_subrun443.csv,38,True,statistical,triggerRate_bit1;triggerRate_bit2;triggerRate_tot,20.76,-0.5035
2026-04-09T17:39:30Z,Digitizer_run1640_subrun443.csv,39,True,statistical,triggerRate_bit1;triggerRate_bit2;triggerRate_tot,20.76,-0.5061
2026-04-09T17:39:30Z,Digitizer_run1640_subrun443.csv,40,True,statistical+IF,triggerRate_bit1;triggerRate_bit2;triggerRate_tot,20.76,-0.5233
2026-04-09T17:39:30Z,Digitizer_run1640_subrun443.csv,41,True,statistical+IF,triggerRate_bit1;triggerRate_bit2;triggerRate_tot,20.76,-0.5507
2026-04-09T17:39:30Z,Digitizer_run1640_subrun443.csv,42,True,statistical+IF,triggerRate_bit1;triggerRate_bit2;triggerRate_tot,20.76,-0.5489
2026-04-09T17:39:30Z,Digitizer_run1640_subrun443.csv,43,True,statistical+IF,triggerRate_bit1;triggerRate_bit2;triggerRate_tot,20.76,-0.529
2026-04-09T17:39:30Z,Digitizer_run1640_subrun443.csv,44,True,statistical,triggerRate_bit1;triggerRate_bit2;triggerRate_tot,20.76,-0.5039
2026-04-09T17:39:30Z,Digitizer_run1640_subrun443.csv,45,True,statistical,triggerRate_bit1;triggerRate_bit2;triggerRate_tot,20.76,-0.5027
2026-04-09T17:39:30Z,Digitizer_run1640_subrun443.csv,46,True,statistical,triggerRate_bit1;triggerRate_bit2;triggerRate_tot,20.76,-0.4886
2026-04-09T17:39:30Z,Digitizer_run1640_subrun443.csv,47,True,statistical,triggerRate_bit1;triggerRate_bit2;triggerRate_tot,20.76,-0.5019
2026-04-09T17:39:30Z,Digitizer_run1640_subrun443.csv,48,True,statistical+IF,triggerRate_bit1;triggerRate_bit2;triggerRate_tot,20.76,-0.5221
2026-04-09T17:39:30Z,Digitizer_run1640_subrun443.csv,49,True,statistical,triggerRate_bit1;triggerRate_bit2;triggerRate_tot,20.76,-0.4983
2026-04-09T17:39:30Z,Digitizer_run1640_subrun443.csv,50,True,statistical+IF,triggerRate_bit1;triggerRate_bit2;triggerRate_tot,20.76,-0.5263
2026-04-09T17:39:30Z,Digitizer_run1640_subrun443.csv,51,True,statistical+IF,triggerRate_bit1;triggerRate_bit2;triggerRate_tot,20.76,-0.525
2026-04-09T17:39:30Z,Digitizer_run1640_subrun443.csv,52,True,statistical+IF,triggerRate_bit1;triggerRate_bit2;triggerRate_tot,20.76,-0.5289
2026-04-09T17:39:30Z,Digitizer_run1640_subrun443.csv,53,True,statistical+IF,triggerRate_bit1;triggerRate_bit2;triggerRate_tot,20.76,-0.5432
2026-04-09T17:39:30Z,Digitizer_run1640_subrun443.csv,54,True,statistical,triggerRate_bit1;triggerRate_bit2;triggerRate_tot,20.76,-0.5047
2026-04-09T17:39:30Z,Digitizer_run1640_subrun443.csv,55,True,statistical,triggerRate_bit1;triggerRate_bit2;triggerRate_tot,20.76,-0.495
2026-04-09T17:39:30Z,Digitizer_run1640_subrun443.csv,56,True,statistical+IF,sideband_mean_median;pulseDuriation_max_mean;pulseDuriation_max_median;occupancy;triggerRate_bit1;triggerRate_bit2;triggerRate_tot,20.76,-0.5622
2026-04-09T17:39:30Z,Digitizer_run1640_subrun443.csv,57,True,statistical,triggerRate_bit1;triggerRate_bit2;triggerRate_tot,20.76,-0.4927
2026-04-09T17:39:30Z,Digitizer_run1640_subrun443.csv,58,True,statistical,triggerRate_bit1;triggerRate_bit2;triggerRate_tot,20.76,-0.5137
2026-04-09T17:39:30Z,Digitizer_run1640_subrun443.csv,59,True,statistical,triggerRate_bit1;triggerRate_bit2;triggerRate_tot,20.76,-0.5103
2026-04-09T17:39:30Z,Digitizer_run1640_subrun443.csv,60,True,statistical,triggerRate_bit1;triggerRate_bit2;triggerRate_tot,20.76,-0.5127
2026-04-09T17:39:30Z,Digitizer_run1640_subrun443.csv,61,True,statistical,triggerRate_bit1;triggerRate_bit2;triggerRate_tot,20.76,-0.5064
2026-04-09T17:39:30Z,Digitizer_run1640_subrun443.csv,62,True,statistical,triggerRate_bit1;triggerRate_bit2;triggerRate_tot,20.76,-0.4925
2026-04-09T17:39:30Z,Digitizer_run1640_subrun443.csv,63,True,statistical,triggerRate_bit1;triggerRate_bit2;triggerRate_tot,20.76,-0.4991
2026-04-09T17:39:30Z,Digitizer_run1640_subrun443.csv,64,True,statistical+IF,triggerRate_bit1;triggerRate_bit2;triggerRate_tot,20.76,-0.5436
2026-04-09T17:39:30Z,Digitizer_run1640_subrun443.csv,65,True,statistical+IF,triggerRate_bit1;triggerRate_bit2;triggerRate_tot,20.76,-0.5262
2026-04-09T17:39:30Z,Digitizer_run1640_subrun443.csv,66,True,statistical,triggerRate_bit1;triggerRate_bit2;triggerRate_tot,20.76,-0.4951
2026-04-09T17:39:30Z,Digitizer_run1640_subrun443.csv,67,True,statistical,triggerRate_bit1;triggerRate_bit2;triggerRate_tot,20.76,-0.504
2026-04-09T17:39:30Z,Digitizer_run1640_subrun443.csv,68,True,statistical,triggerRate_bit1;triggerRate_bit2;triggerRate_tot,20.76,-0.4959
2026-04-09T17:39:30Z,Digitizer_run1640_subrun443.csv,69,True,statistical,triggerRate_bit1;triggerRate_bit2;triggerRate_tot,20.76,-0.497
2026-04-09T17:39:30Z,Digitizer_run1640_subrun443.csv,70,True,statistical+IF,sideband_mean_mean;triggerRate_bit1;triggerRate_bit2;triggerRate_tot,20.76,-0.5379
2026-04-09T17:39:30Z,Digitizer_run1640_subrun443.csv,71,True,statistical+IF,sideband_mean_mean;triggerRate_bit1;triggerRate_bit2;triggerRate_tot,20.76,-0.524
2026-04-09T17:39:30Z,Digitizer_run1640_subrun443.csv,72,True,statistical+IF,triggerRate_bit1;triggerRate_bit2;triggerRate_tot,20.76,-0.532
2026-04-09T17:39:30Z,Digitizer_run1640_subrun443.csv,73,True,statistical,triggerRate_bit1;triggerRate_bit2;triggerRate_tot,20.76,-0.5063
2026-04-09T17:39:30Z,Digitizer_run1640_subrun443.csv,74,True,statistical+IF,triggerRate_bit1;triggerRate_bit2;triggerRate_tot,20.76,-0.5291
2026-04-09T17:39:30Z,Digitizer_run1640_subrun443.csv,75,True,statistical+IF,triggerRate_bit1;triggerRate_bit2;triggerRate_tot,20.76,-0.5216
2026-04-09T17:39:30Z,Digitizer_run1640_subrun443.csv,76,True,statistical,triggerRate_bit1;triggerRate_bit2;triggerRate_tot,20.76,-0.5097
2026-04-09T17:39:30Z,Digitizer_run1640_subrun443.csv,77,True,statistical+IF,triggerRate_bit1;triggerRate_bit2;triggerRate_tot,20.76,-0.5255
2026-04-09T17:39:30Z,Digitizer_run1640_subrun443.csv,78,True,statistical,triggerRate_bit1;triggerRate_bit2;triggerRate_tot,20.76,-0.5077
2026-04-09T17:39:30Z,Digitizer_run1640_subrun443.csv,79,True,statistical,triggerRate_bit1;triggerRate_bit2;triggerRate_tot,20.76,-0.5087
2026-04-09T17:39:30Z,Digitizer_run1640_subrun443.csv,80,True,statistical+IF,nPulses_median;occupancy;triggerRate_bit1;triggerRate_bit2;triggerRate_tot,20.76,-0.5333
2026-04-09T17:39:30Z,Digitizer_run1640_subrun443.csv,81,True,statistical,triggerRate_bit1;triggerRate_bit2;triggerRate_tot,20.76,-0.5098
2026-04-09T17:39:30Z,Digitizer_run1640_subrun443.csv,82,True,statistical+IF,triggerRate_bit1;triggerRate_bit2;triggerRate_tot,20.76,-0.5256
2026-04-09T17:39:30Z,Digitizer_run1640_subrun443.csv,83,True,statistical+IF,triggerRate_bit1;triggerRate_bit2;triggerRate_tot,20.76,-0.5282
2026-04-09T17:39:30Z,Digitizer_run1640_subrun443.csv,84,True,statistical,triggerRate_bit1;triggerRate_bit2;triggerRate_tot,20.76,-0.5062
2026-04-09T17:39:30Z,Digitizer_run1640_subrun443.csv,85,True,statistical,triggerRate_bit1;triggerRate_bit2;triggerRate_tot,20.76,-0.4887
2026-04-09T17:39:30Z,Digitizer_run1640_subrun443.csv,86,True,statistical,triggerRate_bit1;triggerRate_bit2;triggerRate_tot,20.76,-0.5038
2026-04-09T17:39:30Z,Digitizer_run1640_subrun443.csv,87,True,statistical,triggerRate_bit1;triggerRate_bit2;triggerRate_tot,20.76,-0.5082
2026-04-09T17:39:30Z,Digitizer_run1640_subrun443.csv,88,True,statistical,triggerRate_bit1;triggerRate_bit2;triggerRate_tot,20.76,-0.4984
2026-04-09T17:39:30Z,Digitizer_run1640_subrun443.csv,89,True,statistical+IF,triggerRate_bit1;triggerRate_bit2;triggerRate_tot,20.76,-0.5256
2026-04-09T17:39:30Z,Digitizer_run1640_subrun443.csv,90,True,statistical,triggerRate_bit1;triggerRate_bit2;triggerRate_tot,20.76,-0.5123
2026-04-09T17:39:30Z,Digitizer_run1640_subrun443.csv,91,True,statistical+IF,triggerRate_bit1;triggerRate_bit2;triggerRate_tot,20.76,-0.5154
2026-04-09T17:39:30Z,Digitizer_run1640_subrun443.csv,92,True,statistical+IF,triggerRate_bit1;triggerRate_bit2;triggerRate_tot,20.76,-0.5185
2026-04-09T17:39:30Z,Digitizer_run1640_subrun443.csv,93,True,statistical+IF,triggerRate_bit1;triggerRate_bit2;triggerRate_tot,20.76,-0.5327
2026-04-09T17:39:30Z,Digitizer_run1640_subrun443.csv,94,True,statistical,triggerRate_bit1;triggerRate_bit2;triggerRate_tot,20.76,-0.5044
2026-04-09T17:39:30Z,Digitizer_run1640_subrun443.csv,95,True,statistical,triggerRate_bit1;triggerRate_bit2;triggerRate_tot,20.76,-0.5091
2026-04-09T17:39:37Z,Digitizer_run1640_subrun540.csv,32,True,missing_channel,missing_channel,nan,nan
2026-04-09T17:39:37Z,Digitizer_run1640_subrun540.csv,33,True,missing_channel,missing_channel,nan,nan
2026-04-09T17:39:37Z,Digitizer_run1640_subrun540.csv,0,True,statistical,LVDSpin16,6.19,-0.453
2026-04-09T17:39:37Z,Digitizer_run1640_subrun540.csv,1,True,statistical,LVDSpin16,6.19,-0.4446
2026-04-09T17:39:37Z,Digitizer_run1640_subrun540.csv,2,True,statistical,LVDSpin16,6.19,-0.4443
2026-04-09T17:39:37Z,Digitizer_run1640_subrun540.csv,3,True,statistical,LVDSpin16,6.19,-0.4699
2026-04-09T17:39:37Z,Digitizer_run1640_subrun540.csv,4,True,statistical,LVDSpin16,6.19,-0.492
2026-04-09T17:39:37Z,Digitizer_run1640_subrun540.csv,5,True,statistical,LVDSpin16,6.19,-0.4638
2026-04-09T17:39:37Z,Digitizer_run1640_subrun540.csv,6,True,statistical,LVDSpin16,6.19,-0.4665
2026-04-09T17:39:37Z,Digitizer_run1640_subrun540.csv,7,True,statistical,LVDSpin16,6.19,-0.4537
2026-04-09T17:39:37Z,Digitizer_run1640_subrun540.csv,8,True,statistical,LVDSpin16,6.19,-0.4681
2026-04-09T17:39:37Z,Digitizer_run1640_subrun540.csv,9,True,statistical,LVDSpin16,6.19,-0.4634
2026-04-09T17:39:37Z,Digitizer_run1640_subrun540.csv,10,True,statistical,LVDSpin16,6.19,-0.4719
2026-04-09T17:39:37Z,Digitizer_run1640_subrun540.csv,11,True,statistical,LVDSpin16,6.19,-0.4653
2026-04-09T17:39:37Z,Digitizer_run1640_subrun540.csv,12,True,statistical,LVDSpin16,6.19,-0.4541
2026-04-09T17:39:37Z,Digitizer_run1640_subrun540.csv,13,True,statistical,LVDSpin16,6.19,-0.4534
2026-04-09T17:39:37Z,Digitizer_run1640_subrun540.csv,14,True,statistical,LVDSpin16,6.19,-0.4661
2026-04-09T17:39:37Z,Digitizer_run1640_subrun540.csv,15,True,statistical,LVDSpin16,6.19,-0.4478
2026-04-09T17:39:37Z,Digitizer_run1640_subrun540.csv,16,True,statistical,LVDSpin16,6.19,-0.4537
2026-04-09T17:39:37Z,Digitizer_run1640_subrun540.csv,17,True,statistical,LVDSpin16,6.19,-0.442
2026-04-09T17:39:37Z,Digitizer_run1640_subrun540.csv,18,True,statistical,LVDSpin16,6.19,-0.4431
2026-04-09T17:39:37Z,Digitizer_run1640_subrun540.csv,19,True,statistical,LVDSpin16,6.19,-0.4472
2026-04-09T17:39:37Z,Digitizer_run1640_subrun540.csv,20,True,statistical,LVDSpin16,6.19,-0.4693
2026-04-09T17:39:37Z,Digitizer_run1640_subrun540.csv,21,True,statistical,LVDSpin16,6.19,-0.4756
2026-04-09T17:39:37Z,Digitizer_run1640_subrun540.csv,22,True,statistical,LVDSpin16,6.19,-0.4488
2026-04-09T17:39:37Z,Digitizer_run1640_subrun540.csv,23,True,statistical,LVDSpin16,6.19,-0.4608
2026-04-09T17:39:37Z,Digitizer_run1640_subrun540.csv,24,True,statistical,LVDSpin16,6.19,-0.4512
2026-04-09T17:39:37Z,Digitizer_run1640_subrun540.csv,25,True,statistical,LVDSpin16,6.19,-0.4448
2026-04-09T17:39:37Z,Digitizer_run1640_subrun540.csv,26,True,statistical,LVDSpin16,6.19,-0.458
2026-04-09T17:39:37Z,Digitizer_run1640_subrun540.csv,27,True,statistical,pulseHeight_min_median;LVDSpin16,6.19,-0.473
2026-04-09T17:39:37Z,Digitizer_run1640_subrun540.csv,28,True,statistical,LVDSpin16,6.19,-0.4525
2026-04-09T17:39:37Z,Digitizer_run1640_subrun540.csv,29,True,statistical,LVDSpin16,6.19,-0.4495
2026-04-09T17:39:37Z,Digitizer_run1640_subrun540.csv,30,True,statistical,LVDSpin16,6.19,-0.4543
2026-04-09T17:39:37Z,Digitizer_run1640_subrun540.csv,31,True,statistical,LVDSpin16,6.19,-0.4488
2026-04-09T17:39:37Z,Digitizer_run1640_subrun540.csv,34,True,statistical,LVDSpin16,6.19,-0.4539
2026-04-09T17:39:37Z,Digitizer_run1640_subrun540.csv,35,True,statistical,LVDSpin16,6.19,-0.4567
2026-04-09T17:39:37Z,Digitizer_run1640_subrun540.csv,36,True,statistical,LVDSpin16,6.19,-0.4505
2026-04-09T17:39:37Z,Digitizer_run1640_subrun540.csv,37,True,statistical,LVDSpin16,6.19,-0.4575
2026-04-09T17:39:37Z,Digitizer_run1640_subrun540.csv,38,True,statistical,LVDSpin16,6.19,-0.4717
2026-04-09T17:39:37Z,Digitizer_run1640_subrun540.csv,39,True,statistical,LVDSpin16,6.19,-0.4549
2026-04-09T17:39:37Z,Digitizer_run1640_subrun540.csv,40,True,statistical,LVDSpin16,6.19,-0.4595
2026-04-09T17:39:37Z,Digitizer_run1640_subrun540.csv,41,True,statistical,LVDSpin16,6.19,-0.4668
2026-04-09T17:39:37Z,Digitizer_run1640_subrun540.csv,42,True,statistical,LVDSpin16,6.19,-0.4558
2026-04-09T17:39:37Z,Digitizer_run1640_subrun540.csv,43,True,statistical,LVDSpin16,6.19,-0.4444
2026-04-09T17:39:37Z,Digitizer_run1640_subrun540.csv,44,True,statistical,LVDSpin16,6.19,-0.4535
2026-04-09T17:39:37Z,Digitizer_run1640_subrun540.csv,45,True,statistical,LVDSpin16,6.19,-0.4497
2026-04-09T17:39:37Z,Digitizer_run1640_subrun540.csv,46,True,statistical,LVDSpin16,6.19,-0.4678
2026-04-09T17:39:37Z,Digitizer_run1640_subrun540.csv,47,True,statistical,LVDSpin16,6.19,-0.4553
2026-04-09T17:39:37Z,Digitizer_run1640_subrun540.csv,48,True,statistical,LVDSpin16,6.19,-0.444
2026-04-09T17:39:37Z,Digitizer_run1640_subrun540.csv,49,True,statistical,LVDSpin16,6.19,-0.4417
2026-04-09T17:39:37Z,Digitizer_run1640_subrun540.csv,50,True,statistical,LVDSpin16,6.19,-0.4477
2026-04-09T17:39:37Z,Digitizer_run1640_subrun540.csv,51,True,statistical,LVDSpin16,6.19,-0.4452
2026-04-09T17:39:37Z,Digitizer_run1640_subrun540.csv,52,True,statistical,LVDSpin16,6.19,-0.4611
2026-04-09T17:39:37Z,Digitizer_run1640_subrun540.csv,53,True,statistical,LVDSpin16,6.19,-0.4495
2026-04-09T17:39:37Z,Digitizer_run1640_subrun540.csv,54,True,statistical,LVDSpin16,6.19,-0.459
2026-04-09T17:39:37Z,Digitizer_run1640_subrun540.csv,55,True,statistical,LVDSpin16,6.19,-0.4616
2026-04-09T17:39:37Z,Digitizer_run1640_subrun540.csv,56,True,statistical,LVDSpin16,6.19,-0.4813
2026-04-09T17:39:37Z,Digitizer_run1640_subrun540.csv,57,True,statistical,LVDSpin16,6.19,-0.4542
2026-04-09T17:39:37Z,Digitizer_run1640_subrun540.csv,58,True,statistical,LVDSpin16,6.19,-0.466
2026-04-09T17:39:37Z,Digitizer_run1640_subrun540.csv,59,True,statistical,LVDSpin16,6.19,-0.4639
2026-04-09T17:39:37Z,Digitizer_run1640_subrun540.csv,60,True,statistical,LVDSpin16,6.19,-0.4495
2026-04-09T17:39:37Z,Digitizer_run1640_subrun540.csv,61,True,statistical,LVDSpin16,6.19,-0.4441
2026-04-09T17:39:37Z,Digitizer_run1640_subrun540.csv,62,True,statistical,LVDSpin16,6.19,-0.4477
2026-04-09T17:39:37Z,Digitizer_run1640_subrun540.csv,63,True,statistical,LVDSpin16,6.19,-0.459
2026-04-09T17:39:37Z,Digitizer_run1640_subrun540.csv,64,True,statistical,LVDSpin16,6.19,-0.4526
2026-04-09T17:39:37Z,Digitizer_run1640_subrun540.csv,65,True,statistical,LVDSpin16,6.19,-0.4604
2026-04-09T17:39:37Z,Digitizer_run1640_subrun540.csv,66,True,statistical,LVDSpin16,6.19,-0.4461
2026-04-09T17:39:37Z,Digitizer_run1640_subrun540.csv,67,True,statistical,LVDSpin16,6.19,-0.4678
2026-04-09T17:39:37Z,Digitizer_run1640_subrun540.csv,68,True,statistical,LVDSpin16,6.19,-0.4585
2026-04-09T17:39:37Z,Digitizer_run1640_subrun540.csv,69,True,statistical,LVDSpin16,6.19,-0.4579
2026-04-09T17:39:37Z,Digitizer_run1640_subrun540.csv,70,True,statistical,LVDSpin16,6.19,-0.4722
2026-04-09T17:39:37Z,Digitizer_run1640_subrun540.csv,71,True,statistical,LVDSpin16,6.19,-0.463
2026-04-09T17:39:37Z,Digitizer_run1640_subrun540.csv,72,True,statistical,LVDSpin16,6.19,-0.4897
2026-04-09T17:39:37Z,Digitizer_run1640_subrun540.csv,73,True,statistical,LVDSpin16,6.19,-0.4555
2026-04-09T17:39:37Z,Digitizer_run1640_subrun540.csv,74,True,statistical,LVDSpin16,6.19,-0.4783
2026-04-09T17:39:37Z,Digitizer_run1640_subrun540.csv,75,True,statistical,LVDSpin16,6.19,-0.468
2026-04-09T17:39:37Z,Digitizer_run1640_subrun540.csv,76,True,statistical,LVDSpin16,6.19,-0.4546
2026-04-09T17:39:37Z,Digitizer_run1640_subrun540.csv,77,True,statistical,LVDSpin16,6.19,-0.4483
2026-04-09T17:39:37Z,Digitizer_run1640_subrun540.csv,78,True,statistical,LVDSpin16,6.19,-0.4507
2026-04-09T17:39:37Z,Digitizer_run1640_subrun540.csv,79,True,statistical,LVDSpin16,6.19,-0.4541
2026-04-09T17:39:37Z,Digitizer_run1640_subrun540.csv,80,True,statistical,LVDSpin16,6.19,-0.4576
2026-04-09T17:39:37Z,Digitizer_run1640_subrun540.csv,81,True,statistical,LVDSpin16,6.19,-0.4653
2026-04-09T17:39:37Z,Digitizer_run1640_subrun540.csv,82,True,statistical,LVDSpin16,6.19,-0.4851
2026-04-09T17:39:37Z,Digitizer_run1640_subrun540.csv,83,True,statistical,LVDSpin16,6.19,-0.4546
2026-04-09T17:39:37Z,Digitizer_run1640_subrun540.csv,84,True,statistical,LVDSpin16,6.19,-0.4631
2026-04-09T17:39:37Z,Digitizer_run1640_subrun540.csv,85,True,statistical,LVDSpin16,6.19,-0.441
2026-04-09T17:39:37Z,Digitizer_run1640_subrun540.csv,86,True,statistical,LVDSpin16,6.19,-0.446
2026-04-09T17:39:37Z,Digitizer_run1640_subrun540.csv,87,True,statistical,LVDSpin16,6.19,-0.4515
2026-04-09T17:39:37Z,Digitizer_run1640_subrun540.csv,88,True,statistical,LVDSpin16,6.19,-0.4539
2026-04-09T17:39:37Z,Digitizer_run1640_subrun540.csv,89,True,statistical,LVDSpin16,6.19,-0.4628
2026-04-09T17:39:37Z,Digitizer_run1640_subrun540.csv,90,True,statistical,LVDSpin16,6.19,-0.4694
2026-04-09T17:39:37Z,Digitizer_run1640_subrun540.csv,91,True,statistical,LVDSpin16,6.19,-0.481
2026-04-09T17:39:37Z,Digitizer_run1640_subrun540.csv,92,True,statistical,LVDSpin16,6.19,-0.513
2026-04-09T17:39:37Z,Digitizer_run1640_subrun540.csv,93,True,statistical,LVDSpin16,6.19,-0.4801
2026-04-09T17:39:37Z,Digitizer_run1640_subrun540.csv,94,True,statistical,LVDSpin16,6.19,-0.4944
2026-04-09T17:39:37Z,Digitizer_run1640_subrun540.csv,95,True,statistical,LVDSpin16,6.19,-0.469
2026-04-09T17:39:43Z,Digitizer_run1640_subrun326.csv,0,True,statistical+IF,triggerRate_bit1;triggerRate_bit2;triggerRate_tot,14.15,-0.5503
2026-04-09T17:39:43Z,Digitizer_run1640_subrun326.csv,1,True,statistical+IF,triggerRate_bit1;triggerRate_bit2;triggerRate_tot,14.15,-0.5396
2026-04-09T17:39:43Z,Digitizer_run1640_subrun326.csv,2,True,statistical+IF,triggerRate_bit1;triggerRate_bit2;triggerRate_tot,14.15,-0.5235
2026-04-09T17:39:43Z,Digitizer_run1640_subrun326.csv,3,True,statistical+IF,triggerRate_bit1;triggerRate_bit2;triggerRate_tot,14.15,-0.5142
2026-04-09T17:39:43Z,Digitizer_run1640_subrun326.csv,4,True,statistical+IF,triggerRate_bit1;triggerRate_bit2;triggerRate_tot,14.15,-0.5268
2026-04-09T17:39:43Z,Digitizer_run1640_subrun326.csv,5,True,statistical+IF,triggerRate_bit1;triggerRate_bit2;triggerRate_tot,14.15,-0.5198
2026-04-09T17:39:43Z,Digitizer_run1640_subrun326.csv,6,True,statistical+IF,triggerRate_bit1;triggerRate_bit2;triggerRate_tot,14.15,-0.5308
2026-04-09T17:39:43Z,Digitizer_run1640_subrun326.csv,7,True,statistical+IF,triggerRate_bit1;triggerRate_bit2;triggerRate_tot,14.15,-0.5303
2026-04-09T17:39:43Z,Digitizer_run1640_subrun326.csv,8,True,statistical,occupancy;triggerRate_bit1;triggerRate_bit2;triggerRate_tot,14.15,-0.511
2026-04-09T17:39:43Z,Digitizer_run1640_subrun326.csv,9,True,statistical,occupancy;triggerRate_bit1;triggerRate_bit2;triggerRate_tot,14.15,-0.5129
2026-04-09T17:39:43Z,Digitizer_run1640_subrun326.csv,10,True,statistical+IF,triggerRate_bit1;triggerRate_bit2;triggerRate_tot,14.15,-0.5354
2026-04-09T17:39:43Z,Digitizer_run1640_subrun326.csv,11,True,statistical+IF,sideband_rms_mean;triggerRate_bit1;triggerRate_bit2;triggerRate_tot,14.15,-0.5369
2026-04-09T17:39:43Z,Digitizer_run1640_subrun326.csv,12,True,statistical+IF,triggerRate_bit1;triggerRate_bit2;triggerRate_tot,14.15,-0.5177
2026-04-09T17:39:43Z,Digitizer_run1640_subrun326.csv,13,True,statistical+IF,nPulses_mean;nPulses_median;triggerRate_bit1;triggerRate_bit2;triggerRate_tot,1000000.0,-0.5634
2026-04-09T17:39:43Z,Digitizer_run1640_subrun326.csv,14,True,statistical+IF,sideband_mean_mean;sideband_rms_mean;triggerRate_bit1;triggerRate_bit2;triggerRate_tot,14.15,-0.5294
2026-04-09T17:39:43Z,Digitizer_run1640_subrun326.csv,15,True,statistical+IF,sideband_mean_mean;sideband_rms_mean;triggerRate_bit1;triggerRate_bit2;triggerRate_tot,14.15,-0.5576
2026-04-09T17:39:43Z,Digitizer_run1640_subrun326.csv,16,True,statistical+IF,triggerRate_bit1;triggerRate_bit2;triggerRate_tot,14.15,-0.5523
2026-04-09T17:39:43Z,Digitizer_run1640_subrun326.csv,17,True,statistical+IF,triggerRate_bit1;triggerRate_bit2;triggerRate_tot,14.15,-0.5622
2026-04-09T17:39:43Z,Digitizer_run1640_subrun326.csv,18,True,statistical+IF,nPulses_median;triggerRate_bit1;triggerRate_bit2;triggerRate_tot,1000000.0,-0.5403
2026-04-09T17:39:43Z,Digitizer_run1640_subrun326.csv,19,True,statistical+IF,triggerRate_bit1;triggerRate_bit2;triggerRate_tot,14.15,-0.514
2026-04-09T17:39:43Z,Digitizer_run1640_subrun326.csv,20,True,statistical+IF,triggerRate_bit1;triggerRate_bit2;triggerRate_tot,14.15,-0.5256
2026-04-09T17:39:43Z,Digitizer_run1640_subrun326.csv,21,True,statistical+IF,triggerRate_bit1;triggerRate_bit2;triggerRate_tot,14.15,-0.5345
2026-04-09T17:39:43Z,Digitizer_run1640_subrun326.csv,22,True,statistical+IF,triggerRate_bit1;triggerRate_bit2;triggerRate_tot,14.15,-0.5327
2026-04-09T17:39:43Z,Digitizer_run1640_subrun326.csv,23,True,statistical+IF,triggerRate_bit1;triggerRate_bit2;triggerRate_tot,14.15,-0.5514
2026-04-09T17:39:43Z,Digitizer_run1640_subrun326.csv,24,True,statistical+IF,triggerRate_bit1;triggerRate_bit2;triggerRate_tot,14.15,-0.5543
2026-04-09T17:39:43Z,Digitizer_run1640_subrun326.csv,25,True,statistical+IF,triggerRate_bit1;triggerRate_bit2;triggerRate_tot,14.15,-0.5314
2026-04-09T17:39:43Z,Digitizer_run1640_subrun326.csv,26,True,statistical+IF,triggerRate_bit1;triggerRate_bit2;triggerRate_tot,14.15,-0.532
2026-04-09T17:39:43Z,Digitizer_run1640_subrun326.csv,27,True,statistical+IF,triggerRate_bit1;triggerRate_bit2;triggerRate_tot,14.15,-0.543
2026-04-09T17:39:43Z,Digitizer_run1640_subrun326.csv,28,True,statistical+IF,triggerRate_bit1;triggerRate_bit2;triggerRate_tot,14.15,-0.5228
2026-04-09T17:39:43Z,Digitizer_run1640_subrun326.csv,29,True,statistical+IF,triggerRate_bit1;triggerRate_bit2;triggerRate_tot,14.15,-0.5209
2026-04-09T17:39:43Z,Digitizer_run1640_subrun326.csv,30,True,statistical+IF,triggerRate_bit1;triggerRate_bit2;triggerRate_tot,14.15,-0.5342
2026-04-09T17:39:43Z,Digitizer_run1640_subrun326.csv,31,True,statistical+IF,triggerRate_bit1;triggerRate_bit2;triggerRate_tot,14.15,-0.5361
2026-04-09T17:39:43Z,Digitizer_run1640_subrun326.csv,32,True,statistical+IF,sideband_mean_median;nPulses_mean;nPulses_std;nPulses_median;pulseHeight_max_mean;pulseHeight_max_std;pulseHeight_min_mean;pulseHeight_min_std;pulseArea_max_mean;pulseDuriation_max_mean;pulseDuriation_max_median;pulseDuriation_min_mean;occupancy;triggerRate_bit1;triggerRate_bit2;triggerRate_tot,2000000.0,-0.5877
2026-04-09T17:39:43Z,Digitizer_run1640_subrun326.csv,33,True,statistical+IF,sideband_mean_median;pulseHeight_max_mean;pulseHeight_max_std;pulseHeight_min_mean;pulseHeight_min_std;pulseArea_max_mean;pulseDuriation_max_mean;pulseDuriation_max_median;occupancy;triggerRate_bit1;triggerRate_bit2;triggerRate_tot,51.63,-0.5653
2026-04-09T17:39:43Z,Digitizer_run1640_subrun326.csv,34,True,statistical+IF,triggerRate_bit1;triggerRate_bit2;triggerRate_tot,14.15,-0.5203
2026-04-09T17:39:43Z,Digitizer_run1640_subrun326.csv,35,True,statistical+IF,triggerRate_bit1;triggerRate_bit2;triggerRate_tot,14.15,-0.5249
2026-04-09T17:39:43Z,Digitizer_run1640_subrun326.csv,36,True,statistical+IF,sideband_rms_mean;triggerRate_bit1;triggerRate_bit2;triggerRate_tot,14.15,-0.5397
2026-04-09T17:39:43Z,Digitizer_run1640_subrun326.csv,37,True,statistical+IF,triggerRate_bit1;triggerRate_bit2;triggerRate_tot,14.15,-0.5465
2026-04-09T17:39:43Z,Digitizer_run1640_subrun326.csv,38,True,statistical+IF,triggerRate_bit1;triggerRate_bit2;triggerRate_tot,14.15,-0.5255
2026-04-09T17:39:43Z,Digitizer_run1640_subrun326.csv,39,True,statistical+IF,triggerRate_bit1;triggerRate_bit2;triggerRate_tot,14.15,-0.5267
2026-04-09T17:39:43Z,Digitizer_run1640_subrun326.csv,40,True,statistical+IF,triggerRate_bit1;triggerRate_bit2;triggerRate_tot,14.15,-0.5299
2026-04-09T17:39:43Z,Digitizer_run1640_subrun326.csv,41,True,statistical+IF,triggerRate_bit1;triggerRate_bit2;triggerRate_tot,14.15,-0.5485
2026-04-09T17:39:43Z,Digitizer_run1640_subrun326.csv,42,True,statistical+IF,triggerRate_bit1;triggerRate_bit2;triggerRate_tot,14.15,-0.5219
2026-04-09T17:39:43Z,Digitizer_run1640_subrun326.csv,43,True,statistical+IF,triggerRate_bit1;triggerRate_bit2;triggerRate_tot,14.15,-0.514
2026-04-09T17:39:43Z,Digitizer_run1640_subrun326.csv,44,True,statistical+IF,triggerRate_bit1;triggerRate_bit2;triggerRate_tot,14.15,-0.5439
2026-04-09T17:39:43Z,Digitizer_run1640_subrun326.csv,45,True,statistical+IF,triggerRate_bit1;triggerRate_bit2;triggerRate_tot,14.15,-0.5398
2026-04-09T17:39:43Z,Digitizer_run1640_subrun326.csv,46,True,statistical+IF,pulseDuriation_max_median;triggerRate_bit1;triggerRate_bit2;triggerRate_tot,14.15,-0.542
2026-04-09T17:39:43Z,Digitizer_run1640_subrun326.csv,47,True,statistical+IF,triggerRate_bit1;triggerRate_bit2;triggerRate_tot,14.15,-0.5363
2026-04-09T17:39:43Z,Digitizer_run1640_subrun326.csv,48,True,statistical+IF,triggerRate_bit1;triggerRate_bit2;triggerRate_tot,14.15,-0.5325
2026-04-09T17:39:43Z,Digitizer_run1640_subrun326.csv,49,True,statistical+IF,pulseDuriation_max_median;triggerRate_bit1;triggerRate_bit2;triggerRate_tot,14.15,-0.5645
2026-04-09T17:39:43Z,Digitizer_run1640_subrun326.csv,50,True,statistical+IF,triggerRate_bit1;triggerRate_bit2;triggerRate_tot,14.15,-0.5621
2026-04-09T17:39:43Z,Digitizer_run1640_subrun326.csv,51,True,statistical+IF,triggerRate_bit1;triggerRate_bit2;triggerRate_tot,14.15,-0.5387
2026-04-09T17:39:43Z,Digitizer_run1640_subrun326.csv,52,True,statistical+IF,triggerRate_bit1;triggerRate_bit2;triggerRate_tot,14.15,-0.5429
2026-04-09T17:39:43Z,Digitizer_run1640_subrun326.csv,53,True,statistical+IF,pulseDuriation_max_median;triggerRate_bit1;triggerRate_bit2;triggerRate_tot,14.15,-0.5499
2026-04-09T17:39:43Z,Digitizer_run1640_subrun326.csv,54,True,statistical+IF,triggerRate_bit1;triggerRate_bit2;triggerRate_tot,14.15,-0.5391
2026-04-09T17:39:43Z,Digitizer_run1640_subrun326.csv,55,True,statistical+IF,triggerRate_bit1;triggerRate_bit2;triggerRate_tot,14.15,-0.5527
2026-04-09T17:39:43Z,Digitizer_run1640_subrun326.csv,56,True,statistical+IF,sideband_mean_median;nPulses_mean;pulseDuriation_max_mean;pulseDuriation_max_median;occupancy;triggerRate_bit1;triggerRate_bit2;triggerRate_tot,14.31,-0.5887
2026-04-09T17:39:43Z,Digitizer_run1640_subrun326.csv,57,True,statistical+IF,triggerRate_bit1;triggerRate_bit2;triggerRate_tot,14.15,-0.5289
2026-04-09T17:39:43Z,Digitizer_run1640_subrun326.csv,58,True,statistical+IF,triggerRate_bit1;triggerRate_bit2;triggerRate_tot,14.15,-0.5321
2026-04-09T17:39:43Z,Digitizer_run1640_subrun326.csv,59,True,statistical+IF,triggerRate_bit1;triggerRate_bit2;triggerRate_tot,14.15,-0.5375
2026-04-09T17:39:43Z,Digitizer_run1640_subrun326.csv,60,True,statistical+IF,triggerRate_bit1;triggerRate_bit2;triggerRate_tot,14.15,-0.5476
2026-04-09T17:39:43Z,Digitizer_run1640_subrun326.csv,61,True,statistical+IF,triggerRate_bit1;triggerRate_bit2;triggerRate_tot,14.15,-0.541
2026-04-09T17:39:43Z,Digitizer_run1640_subrun326.csv,62,True,statistical+IF,triggerRate_bit1;triggerRate_bit2;triggerRate_tot,14.15,-0.5638
2026-04-09T17:39:43Z,Digitizer_run1640_subrun326.csv,63,True,statistical+IF,triggerRate_bit1;triggerRate_bit2;triggerRate_tot,14.15,-0.5477
2026-04-09T17:39:43Z,Digitizer_run1640_subrun326.csv,64,True,statistical+IF,triggerRate_bit1;triggerRate_bit2;triggerRate_tot,14.15,-0.5318
2026-04-09T17:39:43Z,Digitizer_run1640_subrun326.csv,65,True,statistical+IF,triggerRate_bit1;triggerRate_bit2;triggerRate_tot,14.15,-0.529
2026-04-09T17:39:43Z,Digitizer_run1640_subrun326.csv,66,True,statistical+IF,triggerRate_bit1;triggerRate_bit2;triggerRate_tot,14.15,-0.5222
2026-04-09T17:39:43Z,Digitizer_run1640_subrun326.csv,67,True,statistical+IF,triggerRate_bit1;triggerRate_bit2;triggerRate_tot,14.15,-0.5377
2026-04-09T17:39:43Z,Digitizer_run1640_subrun326.csv,68,True,statistical+IF,triggerRate_bit1;triggerRate_bit2;triggerRate_tot,14.15,-0.5242
2026-04-09T17:39:43Z,Digitizer_run1640_subrun326.csv,69,True,statistical,triggerRate_bit1;triggerRate_bit2;triggerRate_tot,14.15,-0.5126
2026-04-09T17:39:43Z,Digitizer_run1640_subrun326.csv,70,True,statistical+IF,triggerRate_bit1;triggerRate_bit2;triggerRate_tot,14.15,-0.5164
2026-04-09T17:39:43Z,Digitizer_run1640_subrun326.csv,71,True,statistical+IF,triggerRate_bit1;triggerRate_bit2;triggerRate_tot,14.15,-0.5237
2026-04-09T17:39:43Z,Digitizer_run1640_subrun326.csv,72,True,statistical+IF,triggerRate_bit1;triggerRate_bit2;triggerRate_tot,14.15,-0.5463
2026-04-09T17:39:43Z,Digitizer_run1640_subrun326.csv,73,True,statistical+IF,triggerRate_bit1;triggerRate_bit2;triggerRate_tot,14.15,-0.5489
2026-04-09T17:39:43Z,Digitizer_run1640_subrun326.csv,74,True,statistical+IF,triggerRate_bit1;triggerRate_bit2;triggerRate_tot,14.15,-0.5458
2026-04-09T17:39:43Z,Digitizer_run1640_subrun326.csv,75,True,statistical+IF,triggerRate_bit1;triggerRate_bit2;triggerRate_tot,14.15,-0.5282
2026-04-09T17:39:43Z,Digitizer_run1640_subrun326.csv,76,True,statistical+IF,triggerRate_bit1;triggerRate_bit2;triggerRate_tot,14.15,-0.5254
2026-04-09T17:39:43Z,Digitizer_run1640_subrun326.csv,77,True,statistical+IF,triggerRate_bit1;triggerRate_bit2;triggerRate_tot,14.15,-0.5195
2026-04-09T17:39:43Z,Digitizer_run1640_subrun326.csv,78,True,statistical+IF,triggerRate_bit1;triggerRate_bit2;triggerRate_tot,14.15,-0.5351
2026-04-09T17:39:43Z,Digitizer_run1640_subrun326.csv,79,True,statistical+IF,triggerRate_bit1;triggerRate_bit2;triggerRate_tot,14.15,-0.527
2026-04-09T17:39:43Z,Digitizer_run1640_subrun326.csv,80,True,statistical+IF,nPulses_median;occupancy;triggerRate_bit1;triggerRate_bit2;triggerRate_tot,14.15,-0.5358
2026-04-09T17:39:43Z,Digitizer_run1640_subrun326.csv,81,True,statistical+IF,triggerRate_bit1;triggerRate_bit2;triggerRate_tot,14.15,-0.5242
2026-04-09T17:39:43Z,Digitizer_run1640_subrun326.csv,82,True,statistical+IF,triggerRate_bit1;triggerRate_bit2;triggerRate_tot,14.15,-0.5383
2026-04-09T17:39:43Z,Digitizer_run1640_subrun326.csv,83,True,statistical,triggerRate_bit1;triggerRate_bit2;triggerRate_tot,14.15,-0.5131
2026-04-09T17:39:43Z,Digitizer_run1640_subrun326.csv,84,True,statistical+IF,triggerRate_bit1;triggerRate_bit2;triggerRate_tot,14.15,-0.5398
2026-04-09T17:39:43Z,Digitizer_run1640_subrun326.csv,85,True,statistical+IF,triggerRate_bit1;triggerRate_bit2;triggerRate_tot,14.15,-0.521
2026-04-09T17:39:43Z,Digitizer_run1640_subrun326.csv,86,True,statistical+IF,triggerRate_bit1;triggerRate_bit2;triggerRate_tot,14.15,-0.5357
2026-04-09T17:39:43Z,Digitizer_run1640_subrun326.csv,87,True,statistical+IF,triggerRate_bit1;triggerRate_bit2;triggerRate_tot,14.15,-0.5303
2026-04-09T17:39:43Z,Digitizer_run1640_subrun326.csv,88,True,statistical+IF,triggerRate_bit1;triggerRate_bit2;triggerRate_tot,14.15,-0.5178
2026-04-09T17:39:43Z,Digitizer_run1640_subrun326.csv,89,True,statistical+IF,triggerRate_bit1;triggerRate_bit2;triggerRate_tot,14.15,-0.5198
2026-04-09T17:39:43Z,Digitizer_run1640_subrun326.csv,90,True,statistical+IF,triggerRate_bit1;triggerRate_bit2;triggerRate_tot,14.15,-0.5676
2026-04-09T17:39:43Z,Digitizer_run1640_subrun326.csv,91,True,statistical+IF,triggerRate_bit1;triggerRate_bit2;triggerRate_tot,14.15,-0.5574
2026-04-09T17:39:43Z,Digitizer_run1640_subrun326.csv,92,True,statistical+IF,triggerRate_bit1;triggerRate_bit2;triggerRate_tot,14.15,-0.5604
2026-04-09T17:39:43Z,Digitizer_run1640_subrun326.csv,93,True,statistical+IF,triggerRate_bit1;triggerRate_bit2;triggerRate_tot,14.15,-0.5479
2026-04-09T17:39:43Z,Digitizer_run1640_subrun326.csv,94,True,statistical,triggerRate_bit1;triggerRate_bit2;triggerRate_tot,14.15,-0.511
2026-04-09T17:39:43Z,Digitizer_run1640_subrun326.csv,95,True,statistical,triggerRate_bit1;triggerRate_bit2;triggerRate_tot,14.15,-0.5133
2026-04-09T17:39:50Z,Digitizer_run1640_subrun691.csv,32,True,missing_channel,missing_channel,nan,nan
2026-04-09T17:39:50Z,Digitizer_run1640_subrun691.csv,33,True,missing_channel,missing_channel,nan,nan
2026-04-09T17:39:50Z,Digitizer_run1640_subrun691.csv,0,True,statistical,LVDSpin16,6.19,-0.4436
2026-04-09T17:39:50Z,Digitizer_run1640_subrun691.csv,1,True,statistical,LVDSpin16,6.19,-0.4487
2026-04-09T17:39:50Z,Digitizer_run1640_subrun691.csv,2,True,statistical,LVDSpin16,6.19,-0.4439
2026-04-09T17:39:50Z,Digitizer_run1640_subrun691.csv,3,True,statistical,LVDSpin16,6.19,-0.4537
2026-04-09T17:39:50Z,Digitizer_run1640_subrun691.csv,4,True,statistical,LVDSpin16,6.19,-0.4641
2026-04-09T17:39:50Z,Digitizer_run1640_subrun691.csv,5,True,statistical,LVDSpin16,6.19,-0.4582
2026-04-09T17:39:50Z,Digitizer_run1640_subrun691.csv,6,True,statistical,LVDSpin16,6.19,-0.4561
2026-04-09T17:39:50Z,Digitizer_run1640_subrun691.csv,7,True,statistical,LVDSpin16,6.19,-0.4382
2026-04-09T17:39:50Z,Digitizer_run1640_subrun691.csv,8,True,statistical,LVDSpin16,6.19,-0.4913
2026-04-09T17:39:50Z,Digitizer_run1640_subrun691.csv,9,True,statistical,LVDSpin16,6.19,-0.4638
2026-04-09T17:39:50Z,Digitizer_run1640_subrun691.csv,10,True,statistical,LVDSpin16,6.19,-0.4697
2026-04-09T17:39:50Z,Digitizer_run1640_subrun691.csv,11,True,statistical,LVDSpin16,6.19,-0.4549
2026-04-09T17:39:50Z,Digitizer_run1640_subrun691.csv,12,True,statistical,LVDSpin16,6.19,-0.4587
2026-04-09T17:39:50Z,Digitizer_run1640_subrun691.csv,13,True,statistical,LVDSpin16,6.19,-0.4447
2026-04-09T17:39:50Z,Digitizer_run1640_subrun691.csv,14,True,statistical,LVDSpin16,6.19,-0.4487
2026-04-09T17:39:50Z,Digitizer_run1640_subrun691.csv,15,True,statistical,LVDSpin16,6.19,-0.4418
2026-04-09T17:39:50Z,Digitizer_run1640_subrun691.csv,16,True,statistical,LVDSpin16,6.19,-0.4549
2026-04-09T17:39:50Z,Digitizer_run1640_subrun691.csv,17,True,statistical,LVDSpin16,6.19,-0.4419
2026-04-09T17:39:50Z,Digitizer_run1640_subrun691.csv,18,True,statistical,LVDSpin16,6.19,-0.4449
2026-04-09T17:39:50Z,Digitizer_run1640_subrun691.csv,19,True,statistical,LVDSpin16,6.19,-0.4382
2026-04-09T17:39:50Z,Digitizer_run1640_subrun691.csv,20,True,statistical,LVDSpin16,6.19,-0.4431
2026-04-09T17:39:50Z,Digitizer_run1640_subrun691.csv,21,True,statistical,LVDSpin16,6.19,-0.4608
2026-04-09T17:39:50Z,Digitizer_run1640_subrun691.csv,22,True,statistical,LVDSpin16,6.19,-0.4568
2026-04-09T17:39:50Z,Digitizer_run1640_subrun691.csv,23,True,statistical,LVDSpin16,6.19,-0.4449
2026-04-09T17:39:50Z,Digitizer_run1640_subrun691.csv,24,True,statistical,LVDSpin16,6.19,-0.4618
2026-04-09T17:39:50Z,Digitizer_run1640_subrun691.csv,25,True,statistical,LVDSpin16,6.19,-0.4505
2026-04-09T17:39:50Z,Digitizer_run1640_subrun691.csv,26,True,statistical,LVDSpin16,6.19,-0.4469
2026-04-09T17:39:50Z,Digitizer_run1640_subrun691.csv,27,True,statistical,LVDSpin16,6.19,-0.474
2026-04-09T17:39:50Z,Digitizer_run1640_subrun691.csv,28,True,statistical,LVDSpin16,6.19,-0.4393
2026-04-09T17:39:50Z,Digitizer_run1640_subrun691.csv,29,True,statistical,LVDSpin16,6.19,-0.4391
2026-04-09T17:39:50Z,Digitizer_run1640_subrun691.csv,30,True,statistical,LVDSpin16,6.19,-0.4474
2026-04-09T17:39:50Z,Digitizer_run1640_subrun691.csv,31,True,statistical,LVDSpin16,6.19,-0.4525
2026-04-09T17:39:50Z,Digitizer_run1640_subrun691.csv,34,True,statistical,LVDSpin16,6.19,-0.4474
2026-04-09T17:39:50Z,Digitizer_run1640_subrun691.csv,35,True,statistical,LVDSpin16,6.19,-0.4374
2026-04-09T17:39:50Z,Digitizer_run1640_subrun691.csv,36,True,statistical,LVDSpin16,6.19,-0.4558
2026-04-09T17:39:50Z,Digitizer_run1640_subrun691.csv,37,True,statistical,LVDSpin16,6.19,-0.4492
2026-04-09T17:39:50Z,Digitizer_run1640_subrun691.csv,38,True,statistical,LVDSpin16,6.19,-0.4417
2026-04-09T17:39:50Z,Digitizer_run1640_subrun691.csv,39,True,statistical,LVDSpin16,6.19,-0.4497
2026-04-09T17:39:50Z,Digitizer_run1640_subrun691.csv,40,True,statistical,LVDSpin16,6.19,-0.4359
2026-04-09T17:39:50Z,Digitizer_run1640_subrun691.csv,41,True,statistical,LVDSpin16,6.19,-0.4379
2026-04-09T17:39:50Z,Digitizer_run1640_subrun691.csv,42,True,statistical,LVDSpin16,6.19,-0.4639
2026-04-09T17:39:50Z,Digitizer_run1640_subrun691.csv,43,True,statistical,LVDSpin16,6.19,-0.4413
2026-04-09T17:39:50Z,Digitizer_run1640_subrun691.csv,44,True,statistical,LVDSpin16,6.19,-0.4778
2026-04-09T17:39:50Z,Digitizer_run1640_subrun691.csv,45,True,statistical,LVDSpin16,6.19,-0.4338
2026-04-09T17:39:50Z,Digitizer_run1640_subrun691.csv,46,True,statistical,LVDSpin16,6.19,-0.4663
2026-04-09T17:39:50Z,Digitizer_run1640_subrun691.csv,47,True,statistical,LVDSpin16,6.19,-0.4843
2026-04-09T17:39:50Z,Digitizer_run1640_subrun691.csv,48,True,statistical,LVDSpin16,6.19,-0.4632
2026-04-09T17:39:50Z,Digitizer_run1640_subrun691.csv,49,True,statistical,LVDSpin16,6.19,-0.4434
2026-04-09T17:39:50Z,Digitizer_run1640_subrun691.csv,50,True,statistical,LVDSpin16,6.19,-0.4491
2026-04-09T17:39:50Z,Digitizer_run1640_subrun691.csv,51,True,statistical,LVDSpin16,6.19,-0.4463
2026-04-09T17:39:50Z,Digitizer_run1640_subrun691.csv,52,True,statistical,LVDSpin16,6.19,-0.4402
2026-04-09T17:39:50Z,Digitizer_run1640_subrun691.csv,53,True,statistical,LVDSpin16,6.19,-0.4399
2026-04-09T17:39:50Z,Digitizer_run1640_subrun691.csv,54,True,statistical,LVDSpin16,6.19,-0.4516
2026-04-09T17:39:50Z,Digitizer_run1640_subrun691.csv,55,True,statistical,LVDSpin16,6.19,-0.4793
2026-04-09T17:39:50Z,Digitizer_run1640_subrun691.csv,56,True,statistical,LVDSpin16,6.19,-0.4531
2026-04-09T17:39:50Z,Digitizer_run1640_subrun691.csv,57,True,statistical,LVDSpin16,6.19,-0.4484
2026-04-09T17:39:50Z,Digitizer_run1640_subrun691.csv,58,True,statistical,LVDSpin16,6.19,-0.4579
2026-04-09T17:39:50Z,Digitizer_run1640_subrun691.csv,59,True,statistical,LVDSpin16,6.19,-0.4512
2026-04-09T17:39:50Z,Digitizer_run1640_subrun691.csv,60,True,statistical,LVDSpin16,6.19,-0.4599
2026-04-09T17:39:50Z,Digitizer_run1640_subrun691.csv,61,True,statistical,LVDSpin16,6.19,-0.4553
2026-04-09T17:39:50Z,Digitizer_run1640_subrun691.csv,62,True,statistical,LVDSpin16,6.19,-0.4542
2026-04-09T17:39:50Z,Digitizer_run1640_subrun691.csv,63,True,statistical,LVDSpin16,6.19,-0.4556
2026-04-09T17:39:50Z,Digitizer_run1640_subrun691.csv,64,True,statistical,LVDSpin16,6.19,-0.4488
2026-04-09T17:39:50Z,Digitizer_run1640_subrun691.csv,65,True,statistical,LVDSpin16,6.19,-0.4337
2026-04-09T17:39:50Z,Digitizer_run1640_subrun691.csv,66,True,statistical,LVDSpin16,6.19,-0.4561
2026-04-09T17:39:50Z,Digitizer_run1640_subrun691.csv,67,True,statistical,LVDSpin16,6.19,-0.4594
2026-04-09T17:39:50Z,Digitizer_run1640_subrun691.csv,68,True,statistical,LVDSpin16,6.19,-0.4612
2026-04-09T17:39:50Z,Digitizer_run1640_subrun691.csv,69,True,statistical,LVDSpin16,6.19,-0.4524
2026-04-09T17:39:50Z,Digitizer_run1640_subrun691.csv,70,True,statistical,LVDSpin16,6.19,-0.47
2026-04-09T17:39:50Z,Digitizer_run1640_subrun691.csv,71,True,statistical,LVDSpin16,6.19,-0.4554
2026-04-09T17:39:50Z,Digitizer_run1640_subrun691.csv,72,True,statistical,LVDSpin16,6.19,-0.4765
2026-04-09T17:39:50Z,Digitizer_run1640_subrun691.csv,73,True,statistical,LVDSpin16,6.19,-0.4507
2026-04-09T17:39:50Z,Digitizer_run1640_subrun691.csv,74,True,statistical,LVDSpin16,6.19,-0.4514
2026-04-09T17:39:50Z,Digitizer_run1640_subrun691.csv,75,True,statistical,LVDSpin16,6.19,-0.4623
2026-04-09T17:39:50Z,Digitizer_run1640_subrun691.csv,76,True,statistical,LVDSpin16,6.19,-0.4392
2026-04-09T17:39:50Z,Digitizer_run1640_subrun691.csv,77,True,statistical,LVDSpin16,6.19,-0.4431
2026-04-09T17:39:50Z,Digitizer_run1640_subrun691.csv,78,True,statistical,LVDSpin16,6.19,-0.4389
2026-04-09T17:39:50Z,Digitizer_run1640_subrun691.csv,79,True,statistical,LVDSpin16,6.19,-0.4368
2026-04-09T17:39:50Z,Digitizer_run1640_subrun691.csv,80,True,statistical,LVDSpin16,6.19,-0.4487
2026-04-09T17:39:50Z,Digitizer_run1640_subrun691.csv,81,True,statistical,LVDSpin16,6.19,-0.4395
2026-04-09T17:39:50Z,Digitizer_run1640_subrun691.csv,82,True,statistical,LVDSpin16,6.19,-0.4617
2026-04-09T17:39:50Z,Digitizer_run1640_subrun691.csv,83,True,statistical,nPulses_median;pulseHeight_min_std;LVDSpin16,1000000.0,-0.486
2026-04-09T17:39:50Z,Digitizer_run1640_subrun691.csv,84,True,statistical,LVDSpin16,6.19,-0.4467
2026-04-09T17:39:50Z,Digitizer_run1640_subrun691.csv,85,True,statistical,LVDSpin16,6.19,-0.4493
2026-04-09T17:39:50Z,Digitizer_run1640_subrun691.csv,86,True,statistical,LVDSpin16,6.19,-0.4519
2026-04-09T17:39:50Z,Digitizer_run1640_subrun691.csv,87,True,statistical,LVDSpin16,6.19,-0.4415
2026-04-09T17:39:50Z,Digitizer_run1640_subrun691.csv,88,True,statistical,LVDSpin16,6.19,-0.4619
2026-04-09T17:39:50Z,Digitizer_run1640_subrun691.csv,89,True,statistical,LVDSpin16,6.19,-0.4568
2026-04-09T17:39:50Z,Digitizer_run1640_subrun691.csv,90,True,statistical,LVDSpin16,6.19,-0.4681
2026-04-09T17:39:50Z,Digitizer_run1640_subrun691.csv,91,True,statistical,LVDSpin16,6.19,-0.4657
2026-04-09T17:39:50Z,Digitizer_run1640_subrun691.csv,92,True,statistical,LVDSpin16,6.19,-0.4762
2026-04-09T17:39:50Z,Digitizer_run1640_subrun691.csv,93,True,statistical,LVDSpin16,6.19,-0.4759
2026-04-09T17:39:50Z,Digitizer_run1640_subrun691.csv,94,True,statistical,LVDSpin16,6.19,-0.4549
2026-04-09T17:39:50Z,Digitizer_run1640_subrun691.csv,95,True,statistical,LVDSpin16,6.19,-0.4515
2026-04-09T17:39:56Z,Digitizer_run1640_subrun591.csv,32,True,missing_channel,missing_channel,nan,nan
2026-04-09T17:39:56Z,Digitizer_run1640_subrun591.csv,33,True,missing_channel,missing_channel,nan,nan
2026-04-09T17:39:56Z,Digitizer_run1640_subrun591.csv,0,True,statistical,LVDSpin16,6.19,-0.4708
2026-04-09T17:39:56Z,Digitizer_run1640_subrun591.csv,1,True,statistical,LVDSpin16,6.19,-0.4775
2026-04-09T17:39:56Z,Digitizer_run1640_subrun591.csv,2,True,statistical,LVDSpin16,6.19,-0.4719
2026-04-09T17:39:56Z,Digitizer_run1640_subrun591.csv,3,True,statistical,LVDSpin16,6.19,-0.4766
2026-04-09T17:39:56Z,Digitizer_run1640_subrun591.csv,4,True,statistical,LVDSpin16,6.19,-0.4844
2026-04-09T17:39:56Z,Digitizer_run1640_subrun591.csv,5,True,statistical,LVDSpin16,6.19,-0.4883
2026-04-09T17:39:56Z,Digitizer_run1640_subrun591.csv,6,True,statistical,LVDSpin16,6.19,-0.4838
2026-04-09T17:39:56Z,Digitizer_run1640_subrun591.csv,7,True,statistical,LVDSpin16,6.19,-0.4765
2026-04-09T17:39:56Z,Digitizer_run1640_subrun591.csv,8,True,statistical+IF,LVDSpin16,6.19,-0.5291
2026-04-09T17:39:56Z,Digitizer_run1640_subrun591.csv,9,True,statistical+IF,LVDSpin16,6.19,-0.5235
2026-04-09T17:39:56Z,Digitizer_run1640_subrun591.csv,10,True,statistical,LVDSpin16,6.19,-0.4955
2026-04-09T17:39:56Z,Digitizer_run1640_subrun591.csv,11,True,statistical,LVDSpin16,6.19,-0.4915
2026-04-09T17:39:56Z,Digitizer_run1640_subrun591.csv,12,True,statistical,LVDSpin16,6.19,-0.4814
2026-04-09T17:39:56Z,Digitizer_run1640_subrun591.csv,13,True,statistical,LVDSpin16,6.19,-0.4941
2026-04-09T17:39:56Z,Digitizer_run1640_subrun591.csv,14,True,statistical,LVDSpin16,6.19,-0.4824
2026-04-09T17:39:56Z,Digitizer_run1640_subrun591.csv,15,True,statistical,LVDSpin16,6.19,-0.4686
2026-04-09T17:39:56Z,Digitizer_run1640_subrun591.csv,16,True,statistical,LVDSpin16,6.19,-0.4973
2026-04-09T17:39:56Z,Digitizer_run1640_subrun591.csv,17,True,statistical,LVDSpin16,6.19,-0.4911
2026-04-09T17:39:56Z,Digitizer_run1640_subrun591.csv,18,True,statistical,LVDSpin16,6.19,-0.4731
2026-04-09T17:39:56Z,Digitizer_run1640_subrun591.csv,19,True,statistical,LVDSpin16,6.19,-0.4815
2026-04-09T17:39:56Z,Digitizer_run1640_subrun591.csv,20,True,statistical,LVDSpin16,6.19,-0.4732
2026-04-09T17:39:56Z,Digitizer_run1640_subrun591.csv,21,True,statistical,LVDSpin16,6.19,-0.4704
2026-04-09T17:39:56Z,Digitizer_run1640_subrun591.csv,22,True,statistical,LVDSpin16,6.19,-0.4816
2026-04-09T17:39:56Z,Digitizer_run1640_subrun591.csv,23,True,statistical,LVDSpin16,6.19,-0.4775
2026-04-09T17:39:56Z,Digitizer_run1640_subrun591.csv,24,True,statistical+IF,LVDSpin16,6.19,-0.5179
2026-04-09T17:39:56Z,Digitizer_run1640_subrun591.csv,25,True,statistical+IF,LVDSpin16,6.19,-0.5148
2026-04-09T17:39:56Z,Digitizer_run1640_subrun591.csv,26,True,statistical,LVDSpin16,6.19,-0.4692
2026-04-09T17:39:56Z,Digitizer_run1640_subrun591.csv,27,True,statistical,LVDSpin16,6.19,-0.5037
2026-04-09T17:39:56Z,Digitizer_run1640_subrun591.csv,28,True,statistical,LVDSpin16,6.19,-0.4768
2026-04-09T17:39:56Z,Digitizer_run1640_subrun591.csv,29,True,statistical,LVDSpin16,6.19,-0.4762
2026-04-09T17:39:56Z,Digitizer_run1640_subrun591.csv,30,True,statistical,LVDSpin16,6.19,-0.4839
2026-04-09T17:39:56Z,Digitizer_run1640_subrun591.csv,31,True,statistical,LVDSpin16,6.19,-0.4707
2026-04-09T17:39:56Z,Digitizer_run1640_subrun591.csv,34,True,statistical,LVDSpin16,6.19,-0.4861
2026-04-09T17:39:56Z,Digitizer_run1640_subrun591.csv,35,True,statistical,LVDSpin16,6.19,-0.4797
2026-04-09T17:39:56Z,Digitizer_run1640_subrun591.csv,36,True,statistical,LVDSpin16,6.19,-0.4926
2026-04-09T17:39:56Z,Digitizer_run1640_subrun591.csv,37,True,statistical,LVDSpin16,6.19,-0.4762
2026-04-09T17:39:56Z,Digitizer_run1640_subrun591.csv,38,True,statistical,LVDSpin16,6.19,-0.4777
2026-04-09T17:39:56Z,Digitizer_run1640_subrun591.csv,39,True,statistical,LVDSpin16,6.19,-0.4793
2026-04-09T17:39:56Z,Digitizer_run1640_subrun591.csv,40,True,statistical,LVDSpin16,6.19,-0.4853
2026-04-09T17:39:56Z,Digitizer_run1640_subrun591.csv,41,True,statistical,LVDSpin16,6.19,-0.4771
2026-04-09T17:39:56Z,Digitizer_run1640_subrun591.csv,42,True,statistical,LVDSpin16,6.19,-0.4735
2026-04-09T17:39:56Z,Digitizer_run1640_subrun591.csv,43,True,statistical,LVDSpin16,6.19,-0.4839
2026-04-09T17:39:56Z,Digitizer_run1640_subrun591.csv,44,True,statistical,LVDSpin16,6.19,-0.4798
2026-04-09T17:39:56Z,Digitizer_run1640_subrun591.csv,45,True,statistical,LVDSpin16,6.19,-0.4942
2026-04-09T17:39:56Z,Digitizer_run1640_subrun591.csv,46,True,statistical,LVDSpin16,6.19,-0.4741
2026-04-09T17:39:56Z,Digitizer_run1640_subrun591.csv,47,True,statistical,LVDSpin16,6.19,-0.4886
2026-04-09T17:39:56Z,Digitizer_run1640_subrun591.csv,48,True,statistical,LVDSpin16,6.19,-0.4817
2026-04-09T17:39:56Z,Digitizer_run1640_subrun591.csv,49,True,statistical,LVDSpin16,6.19,-0.4971
2026-04-09T17:39:56Z,Digitizer_run1640_subrun591.csv,50,True,statistical,LVDSpin16,6.19,-0.5
2026-04-09T17:39:56Z,Digitizer_run1640_subrun591.csv,51,True,statistical,LVDSpin16,6.19,-0.4927
2026-04-09T17:39:56Z,Digitizer_run1640_subrun591.csv,52,True,statistical,LVDSpin16,6.19,-0.4772
2026-04-09T17:39:56Z,Digitizer_run1640_subrun591.csv,53,True,statistical,LVDSpin16,6.19,-0.479
2026-04-09T17:39:56Z,Digitizer_run1640_subrun591.csv,54,True,statistical,LVDSpin16,6.19,-0.4853
2026-04-09T17:39:56Z,Digitizer_run1640_subrun591.csv,55,True,statistical,LVDSpin16,6.19,-0.4904
2026-04-09T17:39:56Z,Digitizer_run1640_subrun591.csv,56,True,statistical,LVDSpin16,6.19,-0.488
2026-04-09T17:39:56Z,Digitizer_run1640_subrun591.csv,57,True,statistical,LVDSpin16,6.19,-0.4765
2026-04-09T17:39:56Z,Digitizer_run1640_subrun591.csv,58,True,statistical,LVDSpin16,6.19,-0.4702
2026-04-09T17:39:56Z,Digitizer_run1640_subrun591.csv,59,True,statistical,LVDSpin16,6.19,-0.4686
2026-04-09T17:39:56Z,Digitizer_run1640_subrun591.csv,60,True,statistical,LVDSpin16,6.19,-0.4844
2026-04-09T17:39:56Z,Digitizer_run1640_subrun591.csv,61,True,statistical,LVDSpin16,6.19,-0.4802
2026-04-09T17:39:56Z,Digitizer_run1640_subrun591.csv,62,True,statistical,LVDSpin16,6.19,-0.4912
2026-04-09T17:39:56Z,Digitizer_run1640_subrun591.csv,63,True,statistical,LVDSpin16,6.19,-0.4831
2026-04-09T17:39:56Z,Digitizer_run1640_subrun591.csv,64,True,statistical,LVDSpin16,6.19,-0.4766
2026-04-09T17:39:56Z,Digitizer_run1640_subrun591.csv,65,True,statistical,LVDSpin16,6.19,-0.4838
2026-04-09T17:39:56Z,Digitizer_run1640_subrun591.csv,66,True,statistical,LVDSpin16,6.19,-0.5072
2026-04-09T17:39:56Z,Digitizer_run1640_subrun591.csv,67,True,statistical,LVDSpin16,6.19,-0.4957
2026-04-09T17:39:56Z,Digitizer_run1640_subrun591.csv,68,True,statistical,LVDSpin16,6.19,-0.4906
2026-04-09T17:39:56Z,Digitizer_run1640_subrun591.csv,69,True,statistical,LVDSpin16,6.19,-0.4857
2026-04-09T17:39:56Z,Digitizer_run1640_subrun591.csv,70,True,statistical,LVDSpin16,6.19,-0.4706
2026-04-09T17:39:56Z,Digitizer_run1640_subrun591.csv,71,True,statistical,LVDSpin16,6.19,-0.477
2026-04-09T17:39:56Z,Digitizer_run1640_subrun591.csv,72,True,statistical+IF,LVDSpin16,6.19,-0.5545
2026-04-09T17:39:56Z,Digitizer_run1640_subrun591.csv,73,True,statistical,LVDSpin16,6.19,-0.496
2026-04-09T17:39:56Z,Digitizer_run1640_subrun591.csv,74,True,statistical,LVDSpin16,6.19,-0.4826
2026-04-09T17:39:56Z,Digitizer_run1640_subrun591.csv,75,True,statistical,LVDSpin16,6.19,-0.4799
2026-04-09T17:39:56Z,Digitizer_run1640_subrun591.csv,76,True,statistical,pulseHeight_max_median;LVDSpin16,6.19,-0.5075
2026-04-09T17:39:56Z,Digitizer_run1640_subrun591.csv,77,True,statistical,LVDSpin16,6.19,-0.5026
2026-04-09T17:39:56Z,Digitizer_run1640_subrun591.csv,78,True,statistical,LVDSpin16,6.19,-0.481
2026-04-09T17:39:56Z,Digitizer_run1640_subrun591.csv,79,True,statistical,LVDSpin16,6.19,-0.478
2026-04-09T17:39:56Z,Digitizer_run1640_subrun591.csv,80,True,statistical,LVDSpin16,6.19,-0.4845
2026-04-09T17:39:56Z,Digitizer_run1640_subrun591.csv,81,True,statistical,LVDSpin16,6.19,-0.4954
2026-04-09T17:39:56Z,Digitizer_run1640_subrun591.csv,82,True,statistical,LVDSpin16,6.19,-0.488
2026-04-09T17:39:56Z,Digitizer_run1640_subrun591.csv,83,True,statistical,LVDSpin16,6.19,-0.4935
2026-04-09T17:39:56Z,Digitizer_run1640_subrun591.csv,84,True,statistical,LVDSpin16,6.19,-0.4937
2026-04-09T17:39:56Z,Digitizer_run1640_subrun591.csv,85,True,statistical,LVDSpin16,6.19,-0.4838
2026-04-09T17:39:56Z,Digitizer_run1640_subrun591.csv,86,True,statistical,LVDSpin16,6.19,-0.4737
2026-04-09T17:39:56Z,Digitizer_run1640_subrun591.csv,87,True,statistical,LVDSpin16,6.19,-0.4833
2026-04-09T17:39:56Z,Digitizer_run1640_subrun591.csv,88,True,statistical,LVDSpin16,6.19,-0.5063
2026-04-09T17:39:56Z,Digitizer_run1640_subrun591.csv,89,True,statistical,LVDSpin16,6.19,-0.4937
2026-04-09T17:39:56Z,Digitizer_run1640_subrun591.csv,90,True,statistical,LVDSpin16,6.19,-0.4831
2026-04-09T17:39:56Z,Digitizer_run1640_subrun591.csv,91,True,statistical,LVDSpin16,6.19,-0.4806
2026-04-09T17:39:56Z,Digitizer_run1640_subrun591.csv,92,True,statistical,LVDSpin16,6.19,-0.513
2026-04-09T17:39:56Z,Digitizer_run1640_subrun591.csv,93,True,statistical+IF,LVDSpin16,6.19,-0.5275
2026-04-09T17:39:56Z,Digitizer_run1640_subrun591.csv,94,True,statistical+IF,LVDSpin16,6.19,-0.5366
2026-04-09T17:39:56Z,Digitizer_run1640_subrun591.csv,95,True,statistical,LVDSpin16,6.19,-0.5014
2026-04-09T17:40:05Z,Digitizer_run1640_subrun211.csv,0,True,statistical+IF,triggerRate_bit1;triggerRate_bit2;triggerRate_bit5;triggerRate_bit7;triggerRate_tot;LVDStotal,38.31,-0.5481
2026-04-09T17:40:05Z,Digitizer_run1640_subrun211.csv,1,True,statistical+IF,triggerRate_bit1;triggerRate_bit2;triggerRate_bit5;triggerRate_bit7;triggerRate_tot;LVDStotal,38.31,-0.5568
2026-04-09T17:40:05Z,Digitizer_run1640_subrun211.csv,2,True,statistical+IF,triggerRate_bit1;triggerRate_bit2;triggerRate_bit5;triggerRate_bit7;triggerRate_tot;LVDStotal,38.31,-0.5567
2026-04-09T17:40:05Z,Digitizer_run1640_subrun211.csv,3,True,statistical+IF,triggerRate_bit1;triggerRate_bit2;triggerRate_bit5;triggerRate_bit7;triggerRate_tot;LVDStotal,38.31,-0.5579
2026-04-09T17:40:05Z,Digitizer_run1640_subrun211.csv,4,True,statistical+IF,triggerRate_bit1;triggerRate_bit2;triggerRate_bit5;triggerRate_bit7;triggerRate_tot;LVDStotal,38.31,-0.5524
2026-04-09T17:40:05Z,Digitizer_run1640_subrun211.csv,5,True,statistical+IF,triggerRate_bit1;triggerRate_bit2;triggerRate_bit5;triggerRate_bit7;triggerRate_tot;LVDStotal,38.31,-0.552
2026-04-09T17:40:05Z,Digitizer_run1640_subrun211.csv,6,True,statistical+IF,occupancy;triggerRate_bit1;triggerRate_bit2;triggerRate_bit5;triggerRate_bit7;triggerRate_tot;LVDStotal,38.31,-0.576
2026-04-09T17:40:05Z,Digitizer_run1640_subrun211.csv,7,True,statistical+IF,occupancy;triggerRate_bit1;triggerRate_bit2;triggerRate_bit5;triggerRate_bit7;triggerRate_tot;LVDStotal,38.31,-0.5785
2026-04-09T17:40:05Z,Digitizer_run1640_subrun211.csv,8,True,statistical+IF,occupancy;triggerRate_bit1;triggerRate_bit2;triggerRate_bit5;triggerRate_bit7;triggerRate_tot;LVDStotal,38.31,-0.5815
2026-04-09T17:40:05Z,Digitizer_run1640_subrun211.csv,9,True,statistical+IF,occupancy;triggerRate_bit1;triggerRate_bit2;triggerRate_bit5;triggerRate_bit7;triggerRate_tot;LVDStotal,38.31,-0.5561
2026-04-09T17:40:05Z,Digitizer_run1640_subrun211.csv,10,True,statistical+IF,triggerRate_bit1;triggerRate_bit2;triggerRate_bit5;triggerRate_bit7;triggerRate_tot;LVDStotal,38.31,-0.5545
2026-04-09T17:40:05Z,Digitizer_run1640_subrun211.csv,11,True,statistical+IF,triggerRate_bit1;triggerRate_bit2;triggerRate_bit5;triggerRate_bit7;triggerRate_tot;LVDStotal,38.31,-0.57
2026-04-09T17:40:05Z,Digitizer_run1640_subrun211.csv,12,True,statistical+IF,triggerRate_bit1;triggerRate_bit2;triggerRate_bit5;triggerRate_bit7;triggerRate_tot;LVDStotal,38.31,-0.5674
2026-04-09T17:40:05Z,Digitizer_run1640_subrun211.csv,13,True,statistical+IF,triggerRate_bit1;triggerRate_bit2;triggerRate_bit5;triggerRate_bit7;triggerRate_tot;LVDStotal,38.31,-0.5687
2026-04-09T17:40:05Z,Digitizer_run1640_subrun211.csv,14,True,statistical+IF,sideband_mean_mean;triggerRate_bit1;triggerRate_bit2;triggerRate_bit5;triggerRate_bit7;triggerRate_tot;LVDStotal,38.31,-0.5717
2026-04-09T17:40:05Z,Digitizer_run1640_subrun211.csv,15,True,statistical+IF,triggerRate_bit1;triggerRate_bit2;triggerRate_bit5;triggerRate_bit7;triggerRate_tot;LVDStotal,38.31,-0.5613
2026-04-09T17:40:05Z,Digitizer_run1640_subrun211.csv,16,True,statistical+IF,triggerRate_bit1;triggerRate_bit2;triggerRate_bit5;triggerRate_bit7;triggerRate_tot;LVDStotal,38.31,-0.5613
2026-04-09T17:40:05Z,Digitizer_run1640_subrun211.csv,17,True,statistical+IF,triggerRate_bit1;triggerRate_bit2;triggerRate_bit5;triggerRate_bit7;triggerRate_tot;LVDStotal,38.31,-0.5839
2026-04-09T17:40:05Z,Digitizer_run1640_subrun211.csv,18,True,statistical+IF,triggerRate_bit1;triggerRate_bit2;triggerRate_bit5;triggerRate_bit7;triggerRate_tot;LVDStotal,38.31,-0.5532
2026-04-09T17:40:05Z,Digitizer_run1640_subrun211.csv,19,True,statistical+IF,triggerRate_bit1;triggerRate_bit2;triggerRate_bit5;triggerRate_bit7;triggerRate_tot;LVDStotal,38.31,-0.562
2026-04-09T17:40:05Z,Digitizer_run1640_subrun211.csv,20,True,statistical+IF,triggerRate_bit1;triggerRate_bit2;triggerRate_bit5;triggerRate_bit7;triggerRate_tot;LVDStotal,38.31,-0.5569
2026-04-09T17:40:05Z,Digitizer_run1640_subrun211.csv,21,True,statistical+IF,triggerRate_bit1;triggerRate_bit2;triggerRate_bit5;triggerRate_bit7;triggerRate_tot;LVDStotal,38.31,-0.5517
2026-04-09T17:40:05Z,Digitizer_run1640_subrun211.csv,22,True,statistical+IF,triggerRate_bit1;triggerRate_bit2;triggerRate_bit5;triggerRate_bit7;triggerRate_tot;LVDStotal,38.31,-0.5407
2026-04-09T17:40:05Z,Digitizer_run1640_subrun211.csv,23,True,statistical+IF,triggerRate_bit1;triggerRate_bit2;triggerRate_bit5;triggerRate_bit7;triggerRate_tot;LVDStotal,38.31,-0.5443
2026-04-09T17:40:05Z,Digitizer_run1640_subrun211.csv,24,True,statistical+IF,triggerRate_bit1;triggerRate_bit2;triggerRate_bit5;triggerRate_bit7;triggerRate_tot;LVDStotal,38.31,-0.56
2026-04-09T17:40:05Z,Digitizer_run1640_subrun211.csv,25,True,statistical+IF,triggerRate_bit1;triggerRate_bit2;triggerRate_bit5;triggerRate_bit7;triggerRate_tot;LVDStotal,38.31,-0.5485
2026-04-09T17:40:05Z,Digitizer_run1640_subrun211.csv,26,True,statistical+IF,occupancy;triggerRate_bit1;triggerRate_bit2;triggerRate_bit5;triggerRate_bit7;triggerRate_tot;LVDStotal,38.31,-0.5642
2026-04-09T17:40:05Z,Digitizer_run1640_subrun211.csv,27,True,statistical+IF,occupancy;triggerRate_bit1;triggerRate_bit2;triggerRate_bit5;triggerRate_bit7;triggerRate_tot;LVDStotal,38.31,-0.5783
2026-04-09T17:40:05Z,Digitizer_run1640_subrun211.csv,28,True,statistical+IF,triggerRate_bit1;triggerRate_bit2;triggerRate_bit5;triggerRate_bit7;triggerRate_tot;LVDStotal,38.31,-0.5592
2026-04-09T17:40:05Z,Digitizer_run1640_subrun211.csv,29,True,statistical+IF,triggerRate_bit1;triggerRate_bit2;triggerRate_bit5;triggerRate_bit7;triggerRate_tot;LVDStotal,38.31,-0.5556
2026-04-09T17:40:05Z,Digitizer_run1640_subrun211.csv,30,True,statistical+IF,triggerRate_bit1;triggerRate_bit2;triggerRate_bit5;triggerRate_bit7;triggerRate_tot;LVDStotal,38.31,-0.5768
2026-04-09T17:40:05Z,Digitizer_run1640_subrun211.csv,31,True,statistical+IF,triggerRate_bit1;triggerRate_bit2;triggerRate_bit5;triggerRate_bit7;triggerRate_tot;LVDStotal,38.31,-0.5577
2026-04-09T17:40:05Z,Digitizer_run1640_subrun211.csv,32,True,statistical+IF,sideband_mean_median;sideband_rms_median;nPulses_mean;nPulses_std;nPulses_median;pulseHeight_max_mean;pulseHeight_max_std;pulseHeight_min_mean;pulseHeight_min_std;pulseArea_max_mean;pulseDuriation_max_mean;pulseDuriation_max_median;pulseDuriation_min_mean;occupancy;triggerRate_bit1;triggerRate_bit2;triggerRate_bit5;triggerRate_bit7;triggerRate_tot;LVDStotal,3000000.0,-0.6272
2026-04-09T17:40:05Z,Digitizer_run1640_subrun211.csv,33,True,statistical+IF,sideband_mean_median;nPulses_mean;nPulses_median;pulseHeight_max_mean;pulseHeight_max_std;pulseHeight_min_mean;pulseHeight_min_std;pulseArea_max_mean;pulseDuriation_max_mean;pulseDuriation_max_median;occupancy;triggerRate_bit1;triggerRate_bit2;triggerRate_bit5;triggerRate_bit7;triggerRate_tot;LVDStotal,81.33,-0.6117
2026-04-09T17:40:05Z,Digitizer_run1640_subrun211.csv,34,True,statistical+IF,pulseHeight_min_std;occupancy;triggerRate_bit1;triggerRate_bit2;triggerRate_bit5;triggerRate_bit7;triggerRate_tot;LVDStotal,38.31,-0.5868
2026-04-09T17:40:05Z,Digitizer_run1640_subrun211.csv,35,True,statistical+IF,occupancy;triggerRate_bit1;triggerRate_bit2;triggerRate_bit5;triggerRate_bit7;triggerRate_tot;LVDStotal,38.31,-0.584
2026-04-09T17:40:05Z,Digitizer_run1640_subrun211.csv,36,True,statistical+IF,occupancy;triggerRate_bit1;triggerRate_bit2;triggerRate_bit5;triggerRate_bit7;triggerRate_tot;LVDStotal,38.31,-0.56
2026-04-09T17:40:05Z,Digitizer_run1640_subrun211.csv,37,True,statistical+IF,occupancy;triggerRate_bit1;triggerRate_bit2;triggerRate_bit5;triggerRate_bit7;triggerRate_tot;LVDStotal,38.31,-0.5516
2026-04-09T17:40:05Z,Digitizer_run1640_subrun211.csv,38,True,statistical+IF,triggerRate_bit1;triggerRate_bit2;triggerRate_bit5;triggerRate_bit7;triggerRate_tot;LVDStotal,38.31,-0.5547
2026-04-09T17:40:05Z,Digitizer_run1640_subrun211.csv,39,True,statistical+IF,triggerRate_bit1;triggerRate_bit2;triggerRate_bit5;triggerRate_bit7;triggerRate_tot;LVDStotal,38.31,-0.5625
2026-04-09T17:40:05Z,Digitizer_run1640_subrun211.csv,40,True,statistical+IF,triggerRate_bit1;triggerRate_bit2;triggerRate_bit5;triggerRate_bit7;triggerRate_tot;LVDStotal,38.31,-0.5777
2026-04-09T17:40:05Z,Digitizer_run1640_subrun211.csv,41,True,statistical+IF,triggerRate_bit1;triggerRate_bit2;triggerRate_bit5;triggerRate_bit7;triggerRate_tot;LVDStotal,38.31,-0.5649
2026-04-09T17:40:05Z,Digitizer_run1640_subrun211.csv,42,True,statistical+IF,triggerRate_bit1;triggerRate_bit2;triggerRate_bit5;triggerRate_bit7;triggerRate_tot;LVDStotal,38.31,-0.5618
2026-04-09T17:40:05Z,Digitizer_run1640_subrun211.csv,43,True,statistical+IF,triggerRate_bit1;triggerRate_bit2;triggerRate_bit5;triggerRate_bit7;triggerRate_tot;LVDStotal,38.31,-0.5401
2026-04-09T17:40:05Z,Digitizer_run1640_subrun211.csv,44,True,statistical+IF,triggerRate_bit1;triggerRate_bit2;triggerRate_bit5;triggerRate_bit7;triggerRate_tot;LVDStotal,38.31,-0.5701
2026-04-09T17:40:05Z,Digitizer_run1640_subrun211.csv,45,True,statistical+IF,triggerRate_bit1;triggerRate_bit2;triggerRate_bit5;triggerRate_bit7;triggerRate_tot;LVDStotal,38.31,-0.5524
2026-04-09T17:40:05Z,Digitizer_run1640_subrun211.csv,46,True,statistical+IF,triggerRate_bit1;triggerRate_bit2;triggerRate_bit5;triggerRate_bit7;triggerRate_tot;LVDStotal,38.31,-0.5603
2026-04-09T17:40:05Z,Digitizer_run1640_subrun211.csv,47,True,statistical+IF,triggerRate_bit1;triggerRate_bit2;triggerRate_bit5;triggerRate_bit7;triggerRate_tot;LVDStotal,38.31,-0.5497
2026-04-09T17:40:05Z,Digitizer_run1640_subrun211.csv,48,True,statistical+IF,triggerRate_bit1;triggerRate_bit2;triggerRate_bit5;triggerRate_bit7;triggerRate_tot;LVDStotal,38.31,-0.5719
2026-04-09T17:40:05Z,Digitizer_run1640_subrun211.csv,49,True,statistical+IF,pulseDuriation_max_median;triggerRate_bit1;triggerRate_bit2;triggerRate_bit5;triggerRate_bit7;triggerRate_tot;LVDStotal,38.31,-0.5864
2026-04-09T17:40:05Z,Digitizer_run1640_subrun211.csv,50,True,statistical+IF,triggerRate_bit1;triggerRate_bit2;triggerRate_bit5;triggerRate_bit7;triggerRate_tot;LVDStotal,38.31,-0.5722
2026-04-09T17:40:05Z,Digitizer_run1640_subrun211.csv,51,True,statistical+IF,triggerRate_bit1;triggerRate_bit2;triggerRate_bit5;triggerRate_bit7;triggerRate_tot;LVDStotal,38.31,-0.5736
2026-04-09T17:40:05Z,Digitizer_run1640_subrun211.csv,52,True,statistical+IF,triggerRate_bit1;triggerRate_bit2;triggerRate_bit5;triggerRate_bit7;triggerRate_tot;LVDStotal,38.31,-0.588
2026-04-09T17:40:05Z,Digitizer_run1640_subrun211.csv,53,True,statistical+IF,triggerRate_bit1;triggerRate_bit2;triggerRate_bit5;triggerRate_bit7;triggerRate_tot;LVDStotal,38.31,-0.5697
2026-04-09T17:40:05Z,Digitizer_run1640_subrun211.csv,54,True,statistical+IF,triggerRate_bit1;triggerRate_bit2;triggerRate_bit5;triggerRate_bit7;triggerRate_tot;LVDStotal,38.31,-0.5594
2026-04-09T17:40:05Z,Digitizer_run1640_subrun211.csv,55,True,statistical+IF,triggerRate_bit1;triggerRate_bit2;triggerRate_bit5;triggerRate_bit7;triggerRate_tot;LVDStotal,38.31,-0.5698
2026-04-09T17:40:05Z,Digitizer_run1640_subrun211.csv,56,True,statistical+IF,sideband_mean_median;pulseDuriation_max_mean;pulseDuriation_max_median;occupancy;triggerRate_bit1;triggerRate_bit2;triggerRate_bit5;triggerRate_bit7;triggerRate_tot;LVDStotal,38.31,-0.6155
2026-04-09T17:40:05Z,Digitizer_run1640_subrun211.csv,57,True,statistical+IF,triggerRate_bit1;triggerRate_bit2;triggerRate_bit5;triggerRate_bit7;triggerRate_tot;LVDStotal,38.31,-0.5691
2026-04-09T17:40:05Z,Digitizer_run1640_subrun211.csv,58,True,statistical+IF,triggerRate_bit1;triggerRate_bit2;triggerRate_bit5;triggerRate_bit7;triggerRate_tot;LVDStotal,38.31,-0.5853
2026-04-09T17:40:05Z,Digitizer_run1640_subrun211.csv,59,True,statistical+IF,pulseDuriation_max_median;triggerRate_bit1;triggerRate_bit2;triggerRate_bit5;triggerRate_bit7;triggerRate_tot;LVDStotal,38.31,-0.5803
2026-04-09T17:40:05Z,Digitizer_run1640_subrun211.csv,60,True,statistical+IF,triggerRate_bit1;triggerRate_bit2;triggerRate_bit5;triggerRate_bit7;triggerRate_tot;LVDStotal,38.31,-0.5728
2026-04-09T17:40:05Z,Digitizer_run1640_subrun211.csv,61,True,statistical+IF,triggerRate_bit1;triggerRate_bit2;triggerRate_bit5;triggerRate_bit7;triggerRate_tot;LVDStotal,38.31,-0.581
2026-04-09T17:40:05Z,Digitizer_run1640_subrun211.csv,62,True,statistical+IF,triggerRate_bit1;triggerRate_bit2;triggerRate_bit5;triggerRate_bit7;triggerRate_tot;LVDStotal,38.31,-0.5495
2026-04-09T17:40:05Z,Digitizer_run1640_subrun211.csv,63,True,statistical+IF,triggerRate_bit1;triggerRate_bit2;triggerRate_bit5;triggerRate_bit7;triggerRate_tot;LVDStotal,38.31,-0.5581
2026-04-09T17:40:05Z,Digitizer_run1640_subrun211.csv,64,True,statistical+IF,triggerRate_bit1;triggerRate_bit2;triggerRate_bit5;triggerRate_bit7;triggerRate_tot;LVDStotal,38.31,-0.5621
2026-04-09T17:40:05Z,Digitizer_run1640_subrun211.csv,65,True,statistical+IF,triggerRate_bit1;triggerRate_bit2;triggerRate_bit5;triggerRate_bit7;triggerRate_tot;LVDStotal,38.31,-0.5555
2026-04-09T17:40:05Z,Digitizer_run1640_subrun211.csv,66,True,statistical+IF,triggerRate_bit1;triggerRate_bit2;triggerRate_bit5;triggerRate_bit7;triggerRate_tot;LVDStotal,38.31,-0.5633
2026-04-09T17:40:05Z,Digitizer_run1640_subrun211.csv,67,True,statistical+IF,triggerRate_bit1;triggerRate_bit2;triggerRate_bit5;triggerRate_bit7;triggerRate_tot;LVDStotal,38.31,-0.5733
2026-04-09T17:40:05Z,Digitizer_run1640_subrun211.csv,68,True,statistical+IF,triggerRate_bit1;triggerRate_bit2;triggerRate_bit5;triggerRate_bit7;triggerRate_tot;LVDStotal,38.31,-0.5849
2026-04-09T17:40:05Z,Digitizer_run1640_subrun211.csv,69,True,statistical+IF,triggerRate_bit1;triggerRate_bit2;triggerRate_bit5;triggerRate_bit7;triggerRate_tot;LVDStotal,38.31,-0.5678
2026-04-09T17:40:05Z,Digitizer_run1640_subrun211.csv,70,True,statistical+IF,triggerRate_bit1;triggerRate_bit2;triggerRate_bit5;triggerRate_bit7;triggerRate_tot;LVDStotal,38.31,-0.5436
2026-04-09T17:40:05Z,Digitizer_run1640_subrun211.csv,71,True,statistical+IF,triggerRate_bit1;triggerRate_bit2;triggerRate_bit5;triggerRate_bit7;triggerRate_tot;LVDStotal,38.31,-0.5548
2026-04-09T17:40:05Z,Digitizer_run1640_subrun211.csv,72,True,statistical+IF,triggerRate_bit1;triggerRate_bit2;triggerRate_bit5;triggerRate_bit7;triggerRate_tot;LVDStotal,38.31,-0.5625
2026-04-09T17:40:05Z,Digitizer_run1640_subrun211.csv,73,True,statistical+IF,triggerRate_bit1;triggerRate_bit2;triggerRate_bit5;triggerRate_bit7;triggerRate_tot;LVDStotal,38.31,-0.5639
2026-04-09T17:40:05Z,Digitizer_run1640_subrun211.csv,74,True,statistical+IF,triggerRate_bit1;triggerRate_bit2;triggerRate_bit5;triggerRate_bit7;triggerRate_tot;LVDStotal,38.31,-0.5541
2026-04-09T17:40:05Z,Digitizer_run1640_subrun211.csv,75,True,statistical+IF,triggerRate_bit1;triggerRate_bit2;triggerRate_bit5;triggerRate_bit7;triggerRate_tot;LVDStotal,38.31,-0.5545
2026-04-09T17:40:05Z,Digitizer_run1640_subrun211.csv,76,True,statistical+IF,triggerRate_bit1;triggerRate_bit2;triggerRate_bit5;triggerRate_bit7;triggerRate_tot;LVDStotal,38.31,-0.5692
2026-04-09T17:40:05Z,Digitizer_run1640_subrun211.csv,77,True,statistical+IF,triggerRate_bit1;triggerRate_bit2;triggerRate_bit5;triggerRate_bit7;triggerRate_tot;LVDStotal,38.31,-0.566
2026-04-09T17:40:05Z,Digitizer_run1640_subrun211.csv,78,True,statistical+IF,triggerRate_bit1;triggerRate_bit2;triggerRate_bit5;triggerRate_bit7;triggerRate_tot;LVDStotal,38.31,-0.5771
2026-04-09T17:40:05Z,Digitizer_run1640_subrun211.csv,79,True,statistical+IF,triggerRate_bit1;triggerRate_bit2;triggerRate_bit5;triggerRate_bit7;triggerRate_tot;LVDStotal,38.31,-0.562
2026-04-09T17:40:05Z,Digitizer_run1640_subrun211.csv,80,True,statistical+IF,nPulses_median;occupancy;triggerRate_bit1;triggerRate_bit2;triggerRate_bit5;triggerRate_bit7;triggerRate_tot;LVDStotal,38.31,-0.5877
2026-04-09T17:40:05Z,Digitizer_run1640_subrun211.csv,81,True,statistical+IF,occupancy;triggerRate_bit1;triggerRate_bit2;triggerRate_bit5;triggerRate_bit7;triggerRate_tot;LVDStotal,38.31,-0.5646
2026-04-09T17:40:05Z,Digitizer_run1640_subrun211.csv,82,True,statistical+IF,triggerRate_bit1;triggerRate_bit2;triggerRate_bit5;triggerRate_bit7;triggerRate_tot;LVDStotal,38.31,-0.5498
2026-04-09T17:40:05Z,Digitizer_run1640_subrun211.csv,83,True,statistical+IF,triggerRate_bit1;triggerRate_bit2;triggerRate_bit5;triggerRate_bit7;triggerRate_tot;LVDStotal,38.31,-0.5562
2026-04-09T17:40:05Z,Digitizer_run1640_subrun211.csv,84,True,statistical+IF,triggerRate_bit1;triggerRate_bit2;triggerRate_bit5;triggerRate_bit7;triggerRate_tot;LVDStotal,38.31,-0.5507
2026-04-09T17:40:05Z,Digitizer_run1640_subrun211.csv,85,True,statistical+IF,pulseArea_min_median;triggerRate_bit1;triggerRate_bit2;triggerRate_bit5;triggerRate_bit7;triggerRate_tot;LVDStotal,38.31,-0.5837
2026-04-09T17:40:05Z,Digitizer_run1640_subrun211.csv,86,True,statistical+IF,triggerRate_bit1;triggerRate_bit2;triggerRate_bit5;triggerRate_bit7;triggerRate_tot;LVDStotal,38.31,-0.5605
2026-04-09T17:40:05Z,Digitizer_run1640_subrun211.csv,87,True,statistical+IF,triggerRate_bit1;triggerRate_bit2;triggerRate_bit5;triggerRate_bit7;triggerRate_tot;LVDStotal,38.31,-0.5499
2026-04-09T17:40:05Z,Digitizer_run1640_subrun211.csv,88,True,statistical+IF,triggerRate_bit1;triggerRate_bit2;triggerRate_bit5;triggerRate_bit7;triggerRate_tot;LVDStotal,38.31,-0.5662
2026-04-09T17:40:05Z,Digitizer_run1640_subrun211.csv,89,True,statistical+IF,triggerRate_bit1;triggerRate_bit2;triggerRate_bit5;triggerRate_bit7;triggerRate_tot;LVDStotal,38.31,-0.5795
2026-04-09T17:40:05Z,Digitizer_run1640_subrun211.csv,90,True,statistical+IF,triggerRate_bit1;triggerRate_bit2;triggerRate_bit5;triggerRate_bit7;triggerRate_tot;LVDStotal,38.31,-0.571
2026-04-09T17:40:05Z,Digitizer_run1640_subrun211.csv,91,True,statistical+IF,triggerRate_bit1;triggerRate_bit2;triggerRate_bit5;triggerRate_bit7;triggerRate_tot;LVDStotal,38.31,-0.5849
2026-04-09T17:40:05Z,Digitizer_run1640_subrun211.csv,92,True,statistical+IF,triggerRate_bit1;triggerRate_bit2;triggerRate_bit5;triggerRate_bit7;triggerRate_tot;LVDStotal,38.31,-0.569
2026-04-09T17:40:05Z,Digitizer_run1640_subrun211.csv,93,True,statistical+IF,triggerRate_bit1;triggerRate_bit2;triggerRate_bit5;triggerRate_bit7;triggerRate_tot;LVDStotal,38.31,-0.5798
2026-04-09T17:40:05Z,Digitizer_run1640_subrun211.csv,94,True,statistical+IF,triggerRate_bit1;triggerRate_bit2;triggerRate_bit5;triggerRate_bit7;triggerRate_tot;LVDStotal,38.31,-0.571
2026-04-09T17:40:05Z,Digitizer_run1640_subrun211.csv,95,True,statistical+IF,triggerRate_bit1;triggerRate_bit2;triggerRate_bit5;triggerRate_bit7;triggerRate_tot;LVDStotal,38.31,-0.5739
2026-04-09T17:40:13Z,Digitizer_run1640_subrun307.csv,0,True,statistical,triggerRate_bit2,5.99,-0.4772
2026-04-09T17:40:13Z,Digitizer_run1640_subrun307.csv,1,True,statistical,triggerRate_bit2,5.99,-0.465
2026-04-09T17:40:13Z,Digitizer_run1640_subrun307.csv,2,True,statistical,triggerRate_bit2,5.99,-0.4533
2026-04-09T17:40:13Z,Digitizer_run1640_subrun307.csv,3,True,statistical,triggerRate_bit2,5.99,-0.4559
2026-04-09T17:40:13Z,Digitizer_run1640_subrun307.csv,4,True,statistical,triggerRate_bit2,5.99,-0.4623
2026-04-09T17:40:13Z,Digitizer_run1640_subrun307.csv,5,True,statistical,triggerRate_bit2,5.99,-0.4656
2026-04-09T17:40:13Z,Digitizer_run1640_subrun307.csv,6,True,statistical,triggerRate_bit2,5.99,-0.4667
2026-04-09T17:40:13Z,Digitizer_run1640_subrun307.csv,7,True,statistical,triggerRate_bit2,5.99,-0.483
2026-04-09T17:40:13Z,Digitizer_run1640_subrun307.csv,8,True,statistical,occupancy;triggerRate_bit2,6.26,-0.4619
2026-04-09T17:40:13Z,Digitizer_run1640_subrun307.csv,9,True,statistical,nPulses_median;triggerRate_bit2,1000000.0,-0.4927
2026-04-09T17:40:13Z,Digitizer_run1640_subrun307.csv,10,True,statistical,triggerRate_bit2,5.99,-0.4624
2026-04-09T17:40:13Z,Digitizer_run1640_subrun307.csv,11,True,statistical,triggerRate_bit2,5.99,-0.4668
2026-04-09T17:40:13Z,Digitizer_run1640_subrun307.csv,12,True,statistical,triggerRate_bit2,5.99,-0.4587
2026-04-09T17:40:13Z,Digitizer_run1640_subrun307.csv,13,True,statistical,triggerRate_bit2,5.99,-0.4776
2026-04-09T17:40:13Z,Digitizer_run1640_subrun307.csv,14,True,statistical,triggerRate_bit2,5.99,-0.4615
2026-04-09T17:40:13Z,Digitizer_run1640_subrun307.csv,15,True,statistical,triggerRate_bit2,5.99,-0.4547
2026-04-09T17:40:13Z,Digitizer_run1640_subrun307.csv,16,True,statistical,triggerRate_bit2,5.99,-0.4819
2026-04-09T17:40:13Z,Digitizer_run1640_subrun307.csv,17,True,statistical,triggerRate_bit2,5.99,-0.4736
2026-04-09T17:40:13Z,Digitizer_run1640_subrun307.csv,18,True,statistical,triggerRate_bit2,5.99,-0.4572
2026-04-09T17:40:13Z,Digitizer_run1640_subrun307.csv,19,True,statistical,triggerRate_bit2,5.99,-0.4633
2026-04-09T17:40:13Z,Digitizer_run1640_subrun307.csv,20,True,statistical,triggerRate_bit2,5.99,-0.4531
2026-04-09T17:40:13Z,Digitizer_run1640_subrun307.csv,21,True,statistical,triggerRate_bit2,5.99,-0.46
2026-04-09T17:40:13Z,Digitizer_run1640_subrun307.csv,22,True,statistical,triggerRate_bit2,5.99,-0.4761
2026-04-09T17:40:13Z,Digitizer_run1640_subrun307.csv,23,True,statistical+IF,triggerRate_bit2,5.99,-0.5185
2026-04-09T17:40:13Z,Digitizer_run1640_subrun307.csv,24,True,statistical,triggerRate_bit2,5.99,-0.4683
2026-04-09T17:40:13Z,Digitizer_run1640_subrun307.csv,25,True,statistical,triggerRate_bit2,5.99,-0.4707
2026-04-09T17:40:13Z,Digitizer_run1640_subrun307.csv,26,True,statistical,triggerRate_bit2,5.99,-0.4774
2026-04-09T17:40:13Z,Digitizer_run1640_subrun307.csv,27,True,statistical,triggerRate_bit2,5.99,-0.4717
2026-04-09T17:40:13Z,Digitizer_run1640_subrun307.csv,28,True,statistical,triggerRate_bit2,5.99,-0.4675
2026-04-09T17:40:13Z,Digitizer_run1640_subrun307.csv,29,True,statistical,triggerRate_bit2,5.99,-0.4851
2026-04-09T17:40:13Z,Digitizer_run1640_subrun307.csv,30,True,statistical,triggerRate_bit2,5.99,-0.4954
2026-04-09T17:40:13Z,Digitizer_run1640_subrun307.csv,31,True,statistical,triggerRate_bit2,5.99,-0.498
2026-04-09T17:40:13Z,Digitizer_run1640_subrun307.csv,32,True,statistical+IF,pulseHeight_max_mean;pulseHeight_max_std;pulseHeight_min_mean;pulseDuriation_max_mean;pulseDuriation_max_median;occupancy;triggerRate_bit2,40.17,-0.5268
2026-04-09T17:40:13Z,Digitizer_run1640_subrun307.csv,33,True,statistical+IF,pulseHeight_max_mean;pulseHeight_max_std;pulseDuriation_max_median;occupancy;triggerRate_bit2,20.38,-0.5176
2026-04-09T17:40:13Z,Digitizer_run1640_subrun307.csv,34,True,statistical,triggerRate_bit2,5.99,-0.462
2026-04-09T17:40:13Z,Digitizer_run1640_subrun307.csv,35,True,statistical,triggerRate_bit2,5.99,-0.4846
2026-04-09T17:40:13Z,Digitizer_run1640_subrun307.csv,36,True,statistical,triggerRate_bit2,5.99,-0.4836
2026-04-09T17:40:13Z,Digitizer_run1640_subrun307.csv,37,True,statistical,triggerRate_bit2,5.99,-0.5013
2026-04-09T17:40:13Z,Digitizer_run1640_subrun307.csv,38,True,statistical,triggerRate_bit2,5.99,-0.4807
2026-04-09T17:40:13Z,Digitizer_run1640_subrun307.csv,39,True,statistical,triggerRate_bit2,5.99,-0.4711
2026-04-09T17:40:13Z,Digitizer_run1640_subrun307.csv,40,True,statistical,triggerRate_bit2,5.99,-0.4635
2026-04-09T17:40:13Z,Digitizer_run1640_subrun307.csv,41,True,statistical,triggerRate_bit2,5.99,-0.4548
2026-04-09T17:40:13Z,Digitizer_run1640_subrun307.csv,42,True,statistical,triggerRate_bit2,5.99,-0.4605
2026-04-09T17:40:13Z,Digitizer_run1640_subrun307.csv,43,True,statistical,triggerRate_bit2,5.99,-0.4751
2026-04-09T17:40:13Z,Digitizer_run1640_subrun307.csv,44,True,statistical,triggerRate_bit2,5.99,-0.4766
2026-04-09T17:40:13Z,Digitizer_run1640_subrun307.csv,45,True,statistical,triggerRate_bit2,5.99,-0.4654
2026-04-09T17:40:13Z,Digitizer_run1640_subrun307.csv,46,True,statistical,triggerRate_bit2,5.99,-0.4975
2026-04-09T17:40:13Z,Digitizer_run1640_subrun307.csv,47,True,statistical,triggerRate_bit2,5.99,-0.4694
2026-04-09T17:40:13Z,Digitizer_run1640_subrun307.csv,48,True,statistical,triggerRate_bit2,5.99,-0.4584
2026-04-09T17:40:13Z,Digitizer_run1640_subrun307.csv,49,True,statistical,triggerRate_bit2,5.99,-0.4566
2026-04-09T17:40:13Z,Digitizer_run1640_subrun307.csv,50,True,statistical,triggerRate_bit2,5.99,-0.4682
2026-04-09T17:40:13Z,Digitizer_run1640_subrun307.csv,51,True,statistical,triggerRate_bit2,5.99,-0.4736
2026-04-09T17:40:13Z,Digitizer_run1640_subrun307.csv,52,True,statistical,triggerRate_bit2,5.99,-0.4676
2026-04-09T17:40:13Z,Digitizer_run1640_subrun307.csv,53,True,statistical,triggerRate_bit2,5.99,-0.4596
2026-04-09T17:40:13Z,Digitizer_run1640_subrun307.csv,54,True,statistical,triggerRate_bit2,5.99,-0.4621
2026-04-09T17:40:13Z,Digitizer_run1640_subrun307.csv,55,True,statistical,pulseHeight_max_median;triggerRate_bit2,5.99,-0.4984
2026-04-09T17:40:13Z,Digitizer_run1640_subrun307.csv,56,True,statistical+IF,sideband_mean_median;pulseDuriation_max_median;occupancy;triggerRate_bit2,9.79,-0.5179
2026-04-09T17:40:13Z,Digitizer_run1640_subrun307.csv,57,True,statistical,triggerRate_bit2,5.99,-0.4871
2026-04-09T17:40:13Z,Digitizer_run1640_subrun307.csv,58,True,statistical,triggerRate_bit2,5.99,-0.4507
2026-04-09T17:40:13Z,Digitizer_run1640_subrun307.csv,59,True,statistical,triggerRate_bit2,5.99,-0.45
2026-04-09T17:40:13Z,Digitizer_run1640_subrun307.csv,60,True,statistical,triggerRate_bit2,5.99,-0.4664
2026-04-09T17:40:13Z,Digitizer_run1640_subrun307.csv,61,True,statistical,triggerRate_bit2,5.99,-0.4535
2026-04-09T17:40:13Z,Digitizer_run1640_subrun307.csv,62,True,statistical,triggerRate_bit2,5.99,-0.4643
2026-04-09T17:40:13Z,Digitizer_run1640_subrun307.csv,63,True,statistical,triggerRate_bit2,5.99,-0.4654
2026-04-09T17:40:13Z,Digitizer_run1640_subrun307.csv,64,True,statistical,triggerRate_bit2,5.99,-0.4649
2026-04-09T17:40:13Z,Digitizer_run1640_subrun307.csv,65,True,statistical,triggerRate_bit2,5.99,-0.4576
2026-04-09T17:40:13Z,Digitizer_run1640_subrun307.csv,66,True,statistical+IF,triggerRate_bit2,5.99,-0.5391
2026-04-09T17:40:13Z,Digitizer_run1640_subrun307.csv,67,True,statistical+IF,triggerRate_bit2,5.99,-0.5307
2026-04-09T17:40:13Z,Digitizer_run1640_subrun307.csv,68,True,statistical,triggerRate_bit2,5.99,-0.4721
2026-04-09T17:40:13Z,Digitizer_run1640_subrun307.csv,69,True,statistical,triggerRate_bit2,5.99,-0.4739
2026-04-09T17:40:13Z,Digitizer_run1640_subrun307.csv,70,True,statistical,triggerRate_bit2,5.99,-0.4558
2026-04-09T17:40:13Z,Digitizer_run1640_subrun307.csv,71,True,statistical,triggerRate_bit2,5.99,-0.4753
2026-04-09T17:40:13Z,Digitizer_run1640_subrun307.csv,72,True,statistical,triggerRate_bit2,5.99,-0.4717
2026-04-09T17:40:13Z,Digitizer_run1640_subrun307.csv,73,True,statistical,triggerRate_bit2,5.99,-0.4537
2026-04-09T17:40:13Z,Digitizer_run1640_subrun307.csv,74,True,statistical,triggerRate_bit2,5.99,-0.4696
2026-04-09T17:40:13Z,Digitizer_run1640_subrun307.csv,75,True,statistical,triggerRate_bit2,5.99,-0.4745
2026-04-09T17:40:13Z,Digitizer_run1640_subrun307.csv,76,True,statistical,triggerRate_bit2,5.99,-0.4635
2026-04-09T17:40:13Z,Digitizer_run1640_subrun307.csv,77,True,statistical,triggerRate_bit2,5.99,-0.4833
2026-04-09T17:40:13Z,Digitizer_run1640_subrun307.csv,78,True,statistical,triggerRate_bit2,5.99,-0.4743
2026-04-09T17:40:13Z,Digitizer_run1640_subrun307.csv,79,True,statistical,triggerRate_bit2,5.99,-0.494
2026-04-09T17:40:13Z,Digitizer_run1640_subrun307.csv,80,True,statistical,nPulses_median;triggerRate_bit2,7.0,-0.4824
2026-04-09T17:40:13Z,Digitizer_run1640_subrun307.csv,81,True,statistical,triggerRate_bit2,5.99,-0.4703
2026-04-09T17:40:13Z,Digitizer_run1640_subrun307.csv,82,True,statistical,triggerRate_bit2,5.99,-0.4627
2026-04-09T17:40:13Z,Digitizer_run1640_subrun307.csv,83,True,statistical,triggerRate_bit2,5.99,-0.4711
2026-04-09T17:40:13Z,Digitizer_run1640_subrun307.csv,84,True,statistical,triggerRate_bit2,5.99,-0.4598
2026-04-09T17:40:13Z,Digitizer_run1640_subrun307.csv,85,True,statistical,triggerRate_bit2,5.99,-0.4586
2026-04-09T17:40:13Z,Digitizer_run1640_subrun307.csv,86,True,statistical,triggerRate_bit2,5.99,-0.4731
2026-04-09T17:40:13Z,Digitizer_run1640_subrun307.csv,87,True,statistical,triggerRate_bit2,5.99,-0.4573
2026-04-09T17:40:13Z,Digitizer_run1640_subrun307.csv,88,True,statistical,triggerRate_bit2,5.99,-0.4899
2026-04-09T17:40:13Z,Digitizer_run1640_subrun307.csv,89,True,statistical,triggerRate_bit2,5.99,-0.4839
2026-04-09T17:40:13Z,Digitizer_run1640_subrun307.csv,90,True,statistical+IF,triggerRate_bit2,5.99,-0.5149
2026-04-09T17:40:13Z,Digitizer_run1640_subrun307.csv,91,True,statistical,triggerRate_bit2,5.99,-0.4914
2026-04-09T17:40:13Z,Digitizer_run1640_subrun307.csv,92,True,statistical,triggerRate_bit2,5.99,-0.4855
2026-04-09T17:40:13Z,Digitizer_run1640_subrun307.csv,93,True,statistical,triggerRate_bit2,5.99,-0.5044
2026-04-09T17:40:13Z,Digitizer_run1640_subrun307.csv,94,True,statistical,triggerRate_bit2,5.99,-0.4684
2026-04-09T17:40:13Z,Digitizer_run1640_subrun307.csv,95,True,statistical,triggerRate_bit2,5.99,-0.4844
2026-04-09T17:40:20Z,Digitizer_run1640_subrun289.csv,0,True,statistical,triggerRate_bit2;triggerRate_tot,10.14,-0.4858
2026-04-09T17:40:20Z,Digitizer_run1640_subrun289.csv,1,True,statistical,triggerRate_bit2;triggerRate_tot,10.14,-0.4661
2026-04-09T17:40:20Z,Digitizer_run1640_subrun289.csv,2,True,statistical,triggerRate_bit2;triggerRate_tot,10.14,-0.4705
2026-04-09T17:40:20Z,Digitizer_run1640_subrun289.csv,3,True,statistical,triggerRate_bit2;triggerRate_tot,10.14,-0.489
2026-04-09T17:40:20Z,Digitizer_run1640_subrun289.csv,4,True,statistical,triggerRate_bit2;triggerRate_tot,10.14,-0.478
2026-04-09T17:40:20Z,Digitizer_run1640_subrun289.csv,5,True,statistical,triggerRate_bit2;triggerRate_tot,10.14,-0.4722
2026-04-09T17:40:20Z,Digitizer_run1640_subrun289.csv,6,True,statistical,triggerRate_bit2;triggerRate_tot,10.14,-0.477
2026-04-09T17:40:20Z,Digitizer_run1640_subrun289.csv,7,True,statistical,triggerRate_bit2;triggerRate_tot,10.14,-0.4891
2026-04-09T17:40:20Z,Digitizer_run1640_subrun289.csv,8,True,statistical,occupancy;triggerRate_bit2;triggerRate_tot,10.14,-0.4914
2026-04-09T17:40:20Z,Digitizer_run1640_subrun289.csv,9,True,statistical,occupancy;triggerRate_bit2;triggerRate_tot,10.14,-0.4674
2026-04-09T17:40:20Z,Digitizer_run1640_subrun289.csv,10,True,statistical,triggerRate_bit2;triggerRate_tot,10.14,-0.4865
2026-04-09T17:40:20Z,Digitizer_run1640_subrun289.csv,11,True,statistical,triggerRate_bit2;triggerRate_tot,10.14,-0.4661
2026-04-09T17:40:20Z,Digitizer_run1640_subrun289.csv,12,True,statistical,triggerRate_bit2;triggerRate_tot,10.14,-0.4764
2026-04-09T17:40:20Z,Digitizer_run1640_subrun289.csv,13,True,statistical,triggerRate_bit2;triggerRate_tot,10.14,-0.4645
2026-04-09T17:40:20Z,Digitizer_run1640_subrun289.csv,14,True,statistical,triggerRate_bit2;triggerRate_tot,10.14,-0.4749
2026-04-09T17:40:20Z,Digitizer_run1640_subrun289.csv,15,True,statistical,triggerRate_bit2;triggerRate_tot,10.14,-0.4867
2026-04-09T17:40:20Z,Digitizer_run1640_subrun289.csv,16,True,statistical,triggerRate_bit2;triggerRate_tot,10.14,-0.4721
2026-04-09T17:40:20Z,Digitizer_run1640_subrun289.csv,17,True,statistical,triggerRate_bit2;triggerRate_tot,10.14,-0.4751
2026-04-09T17:40:20Z,Digitizer_run1640_subrun289.csv,18,True,statistical,triggerRate_bit2;triggerRate_tot,10.14,-0.4821
2026-04-09T17:40:20Z,Digitizer_run1640_subrun289.csv,19,True,statistical,nPulses_median;triggerRate_bit2;triggerRate_tot,10.14,-0.4807
2026-04-09T17:40:20Z,Digitizer_run1640_subrun289.csv,20,True,statistical,triggerRate_bit2;triggerRate_tot,10.14,-0.4791
2026-04-09T17:40:20Z,Digitizer_run1640_subrun289.csv,21,True,statistical,triggerRate_bit2;triggerRate_tot,10.14,-0.4663
2026-04-09T17:40:20Z,Digitizer_run1640_subrun289.csv,22,True,statistical,triggerRate_bit2;triggerRate_tot,10.14,-0.4593
2026-04-09T17:40:20Z,Digitizer_run1640_subrun289.csv,23,True,statistical,triggerRate_bit2;triggerRate_tot,10.14,-0.4596
2026-04-09T17:40:20Z,Digitizer_run1640_subrun289.csv,24,True,statistical,triggerRate_bit2;triggerRate_tot,10.14,-0.4813
2026-04-09T17:40:20Z,Digitizer_run1640_subrun289.csv,25,True,statistical,triggerRate_bit2;triggerRate_tot,10.14,-0.4601
2026-04-09T17:40:20Z,Digitizer_run1640_subrun289.csv,26,True,statistical,triggerRate_bit2;triggerRate_tot,10.14,-0.4573
2026-04-09T17:40:20Z,Digitizer_run1640_subrun289.csv,27,True,statistical,triggerRate_bit2;triggerRate_tot,10.14,-0.4689
2026-04-09T17:40:20Z,Digitizer_run1640_subrun289.csv,28,True,statistical,triggerRate_bit2;triggerRate_tot,10.14,-0.4791
2026-04-09T17:40:20Z,Digitizer_run1640_subrun289.csv,29,True,statistical,triggerRate_bit2;triggerRate_tot,10.14,-0.4775
2026-04-09T17:40:20Z,Digitizer_run1640_subrun289.csv,30,True,statistical,triggerRate_bit2;triggerRate_tot,10.14,-0.4945
2026-04-09T17:40:20Z,Digitizer_run1640_subrun289.csv,31,True,statistical,triggerRate_bit2;triggerRate_tot,10.14,-0.4708
2026-04-09T17:40:20Z,Digitizer_run1640_subrun289.csv,32,True,statistical+IF,sideband_mean_median;nPulses_median;pulseHeight_max_mean;pulseHeight_max_std;pulseHeight_min_mean;pulseHeight_min_std;pulseArea_max_mean;pulseDuriation_max_mean;pulseDuriation_max_median;occupancy;triggerRate_bit2;triggerRate_tot,1000000.0,-0.5549
2026-04-09T17:40:20Z,Digitizer_run1640_subrun289.csv,33,True,statistical+IF,pulseHeight_max_mean;pulseHeight_max_std;pulseHeight_min_mean;pulseHeight_min_std;pulseArea_max_mean;pulseDuriation_max_mean;pulseDuriation_max_median;occupancy;triggerRate_bit2;triggerRate_tot,33.14,-0.5308
2026-04-09T17:40:20Z,Digitizer_run1640_subrun289.csv,34,True,statistical,triggerRate_bit2;triggerRate_tot,10.14,-0.4847
2026-04-09T17:40:20Z,Digitizer_run1640_subrun289.csv,35,True,statistical,triggerRate_bit2;triggerRate_tot,10.14,-0.4842
2026-04-09T17:40:20Z,Digitizer_run1640_subrun289.csv,36,True,statistical,triggerRate_bit2;triggerRate_tot,10.14,-0.4903
2026-04-09T17:40:20Z,Digitizer_run1640_subrun289.csv,37,True,statistical,triggerRate_bit2;triggerRate_tot,10.14,-0.4708
2026-04-09T17:40:20Z,Digitizer_run1640_subrun289.csv,38,True,statistical,triggerRate_bit2;triggerRate_tot,10.14,-0.4768
2026-04-09T17:40:20Z,Digitizer_run1640_subrun289.csv,39,True,statistical,triggerRate_bit2;triggerRate_tot,10.14,-0.4798
2026-04-09T17:40:20Z,Digitizer_run1640_subrun289.csv,40,True,statistical,triggerRate_bit2;triggerRate_tot,10.14,-0.5013
2026-04-09T17:40:20Z,Digitizer_run1640_subrun289.csv,41,True,statistical,triggerRate_bit2;triggerRate_tot,10.14,-0.4993
2026-04-09T17:40:20Z,Digitizer_run1640_subrun289.csv,42,True,statistical,triggerRate_bit2;triggerRate_tot,10.14,-0.4708
2026-04-09T17:40:20Z,Digitizer_run1640_subrun289.csv,43,True,statistical,triggerRate_bit2;triggerRate_tot,10.14,-0.4673
2026-04-09T17:40:20Z,Digitizer_run1640_subrun289.csv,44,True,statistical,triggerRate_bit2;triggerRate_tot,10.14,-0.4791
2026-04-09T17:40:20Z,Digitizer_run1640_subrun289.csv,45,True,statistical,triggerRate_bit2;triggerRate_tot,10.14,-0.4637
2026-04-09T17:40:20Z,Digitizer_run1640_subrun289.csv,46,True,statistical,triggerRate_bit2;triggerRate_tot,10.14,-0.4799
2026-04-09T17:40:20Z,Digitizer_run1640_subrun289.csv,47,True,statistical,triggerRate_bit2;triggerRate_tot,10.14,-0.4652
2026-04-09T17:40:20Z,Digitizer_run1640_subrun289.csv,48,True,statistical,triggerRate_bit2;triggerRate_tot,10.14,-0.4728
2026-04-09T17:40:20Z,Digitizer_run1640_subrun289.csv,49,True,statistical,triggerRate_bit2;triggerRate_tot,10.14,-0.4862
2026-04-09T17:40:20Z,Digitizer_run1640_subrun289.csv,50,True,statistical,triggerRate_bit2;triggerRate_tot,10.14,-0.4698
2026-04-09T17:40:20Z,Digitizer_run1640_subrun289.csv,51,True,statistical,triggerRate_bit2;triggerRate_tot,10.14,-0.4666
2026-04-09T17:40:20Z,Digitizer_run1640_subrun289.csv,52,True,statistical,triggerRate_bit2;triggerRate_tot,10.14,-0.476
2026-04-09T17:40:20Z,Digitizer_run1640_subrun289.csv,53,True,statistical,triggerRate_bit2;triggerRate_tot,10.14,-0.4878
2026-04-09T17:40:20Z,Digitizer_run1640_subrun289.csv,54,True,statistical,triggerRate_bit2;triggerRate_tot,10.14,-0.4704
2026-04-09T17:40:20Z,Digitizer_run1640_subrun289.csv,55,True,statistical,triggerRate_bit2;triggerRate_tot,10.14,-0.4648
2026-04-09T17:40:20Z,Digitizer_run1640_subrun289.csv,56,True,statistical+IF,sideband_mean_median;pulseDuriation_max_mean;pulseDuriation_max_median;occupancy;triggerRate_bit2;triggerRate_tot,11.56,-0.5356
2026-04-09T17:40:20Z,Digitizer_run1640_subrun289.csv,57,True,statistical,triggerRate_bit2;triggerRate_tot,10.14,-0.4596
2026-04-09T17:40:20Z,Digitizer_run1640_subrun289.csv,58,True,statistical,triggerRate_bit2;triggerRate_tot,10.14,-0.4648
2026-04-09T17:40:20Z,Digitizer_run1640_subrun289.csv,59,True,statistical,triggerRate_bit2;triggerRate_tot,10.14,-0.4712
2026-04-09T17:40:20Z,Digitizer_run1640_subrun289.csv,60,True,statistical,triggerRate_bit2;triggerRate_tot,10.14,-0.4757
2026-04-09T17:40:20Z,Digitizer_run1640_subrun289.csv,61,True,statistical,triggerRate_bit2;triggerRate_tot,10.14,-0.4755
2026-04-09T17:40:20Z,Digitizer_run1640_subrun289.csv,62,True,statistical,triggerRate_bit2;triggerRate_tot,10.14,-0.4917
2026-04-09T17:40:20Z,Digitizer_run1640_subrun289.csv,63,True,statistical,triggerRate_bit2;triggerRate_tot,10.14,-0.489
2026-04-09T17:40:20Z,Digitizer_run1640_subrun289.csv,64,True,statistical,triggerRate_bit2;triggerRate_tot,10.14,-0.4671
2026-04-09T17:40:20Z,Digitizer_run1640_subrun289.csv,65,True,statistical,triggerRate_bit2;triggerRate_tot,10.14,-0.486
2026-04-09T17:40:20Z,Digitizer_run1640_subrun289.csv,66,True,statistical,triggerRate_bit2;triggerRate_tot,10.14,-0.4802
2026-04-09T17:40:20Z,Digitizer_run1640_subrun289.csv,67,True,statistical,triggerRate_bit2;triggerRate_tot,10.14,-0.4794
2026-04-09T17:40:20Z,Digitizer_run1640_subrun289.csv,68,True,statistical,triggerRate_bit2;triggerRate_tot,10.14,-0.4824
2026-04-09T17:40:20Z,Digitizer_run1640_subrun289.csv,69,True,statistical,triggerRate_bit2;triggerRate_tot,10.14,-0.4889
2026-04-09T17:40:20Z,Digitizer_run1640_subrun289.csv,70,True,statistical,triggerRate_bit2;triggerRate_tot,10.14,-0.4751
2026-04-09T17:40:20Z,Digitizer_run1640_subrun289.csv,71,True,statistical,triggerRate_bit2;triggerRate_tot,10.14,-0.4929
2026-04-09T17:40:20Z,Digitizer_run1640_subrun289.csv,72,True,statistical+IF,pulseDuriation_max_mean;pulseDuriation_min_mean;triggerRate_bit2;triggerRate_tot,10.14,-0.5261
2026-04-09T17:40:20Z,Digitizer_run1640_subrun289.csv,73,True,statistical,triggerRate_bit2;triggerRate_tot,10.14,-0.4891
2026-04-09T17:40:20Z,Digitizer_run1640_subrun289.csv,74,True,statistical,triggerRate_bit2;triggerRate_tot,10.14,-0.4632
2026-04-09T17:40:20Z,Digitizer_run1640_subrun289.csv,75,True,statistical,triggerRate_bit2;triggerRate_tot,10.14,-0.4641
2026-04-09T17:40:20Z,Digitizer_run1640_subrun289.csv,76,True,statistical,triggerRate_bit2;triggerRate_tot,10.14,-0.463
2026-04-09T17:40:20Z,Digitizer_run1640_subrun289.csv,77,True,statistical,triggerRate_bit2;triggerRate_tot,10.14,-0.4572
2026-04-09T17:40:20Z,Digitizer_run1640_subrun289.csv,78,True,statistical,triggerRate_bit2;triggerRate_tot,10.14,-0.4914
2026-04-09T17:40:20Z,Digitizer_run1640_subrun289.csv,79,True,statistical,triggerRate_bit2;triggerRate_tot,10.14,-0.49
2026-04-09T17:40:20Z,Digitizer_run1640_subrun289.csv,80,True,statistical,nPulses_median;occupancy;triggerRate_bit2;triggerRate_tot,10.14,-0.4919
2026-04-09T17:40:20Z,Digitizer_run1640_subrun289.csv,81,True,statistical,triggerRate_bit2;triggerRate_tot,10.14,-0.4916
2026-04-09T17:40:20Z,Digitizer_run1640_subrun289.csv,82,True,statistical,triggerRate_bit2;triggerRate_tot,10.14,-0.5004
2026-04-09T17:40:20Z,Digitizer_run1640_subrun289.csv,83,True,statistical,triggerRate_bit2;triggerRate_tot,10.14,-0.4682
2026-04-09T17:40:20Z,Digitizer_run1640_subrun289.csv,84,True,statistical,triggerRate_bit2;triggerRate_tot,10.14,-0.4829
2026-04-09T17:40:20Z,Digitizer_run1640_subrun289.csv,85,True,statistical,triggerRate_bit2;triggerRate_tot,10.14,-0.507
2026-04-09T17:40:20Z,Digitizer_run1640_subrun289.csv,86,True,statistical,triggerRate_bit2;triggerRate_tot,10.14,-0.4621
2026-04-09T17:40:20Z,Digitizer_run1640_subrun289.csv,87,True,statistical,triggerRate_bit2;triggerRate_tot,10.14,-0.4678
2026-04-09T17:40:20Z,Digitizer_run1640_subrun289.csv,88,True,statistical,triggerRate_bit2;triggerRate_tot,10.14,-0.4673
2026-04-09T17:40:20Z,Digitizer_run1640_subrun289.csv,89,True,statistical,triggerRate_bit2;triggerRate_tot,10.14,-0.4915
2026-04-09T17:40:20Z,Digitizer_run1640_subrun289.csv,90,True,statistical,triggerRate_bit2;triggerRate_tot,10.14,-0.4924
2026-04-09T17:40:20Z,Digitizer_run1640_subrun289.csv,91,True,statistical,triggerRate_bit2;triggerRate_tot,10.14,-0.4902
2026-04-09T17:40:20Z,Digitizer_run1640_subrun289.csv,92,True,statistical,triggerRate_bit2;triggerRate_tot,10.14,-0.4754
2026-04-09T17:40:20Z,Digitizer_run1640_subrun289.csv,93,True,statistical+IF,triggerRate_bit2;triggerRate_tot,10.14,-0.5166
2026-04-09T17:40:20Z,Digitizer_run1640_subrun289.csv,94,True,statistical,triggerRate_bit2;triggerRate_tot,10.14,-0.4904
2026-04-09T17:40:20Z,Digitizer_run1640_subrun289.csv,95,True,statistical,triggerRate_bit2;triggerRate_tot,10.14,-0.4679
2026-04-09T17:40:27Z,Digitizer_run1640_subrun459.csv,0,True,statistical,triggerRate_bit1;triggerRate_bit2;triggerRate_tot,8.75,-0.4577
2026-04-09T17:40:27Z,Digitizer_run1640_subrun459.csv,1,True,statistical,triggerRate_bit1;triggerRate_bit2;triggerRate_tot,8.75,-0.4806
2026-04-09T17:40:27Z,Digitizer_run1640_subrun459.csv,2,True,statistical,triggerRate_bit1;triggerRate_bit2;triggerRate_tot,8.75,-0.4729
2026-04-09T17:40:27Z,Digitizer_run1640_subrun459.csv,3,True,statistical,triggerRate_bit1;triggerRate_bit2;triggerRate_tot,8.75,-0.476
2026-04-09T17:40:27Z,Digitizer_run1640_subrun459.csv,4,True,statistical,triggerRate_bit1;triggerRate_bit2;triggerRate_tot,8.75,-0.4733
2026-04-09T17:40:27Z,Digitizer_run1640_subrun459.csv,5,True,statistical,triggerRate_bit1;triggerRate_bit2;triggerRate_tot,8.75,-0.4651
2026-04-09T17:40:27Z,Digitizer_run1640_subrun459.csv,6,True,statistical,triggerRate_bit1;triggerRate_bit2;triggerRate_tot,8.75,-0.4789
2026-04-09T17:40:27Z,Digitizer_run1640_subrun459.csv,7,True,statistical,triggerRate_bit1;triggerRate_bit2;triggerRate_tot,8.75,-0.4688
2026-04-09T17:40:27Z,Digitizer_run1640_subrun459.csv,8,True,statistical,occupancy;triggerRate_bit1;triggerRate_bit2;triggerRate_tot,9.77,-0.4855
2026-04-09T17:40:27Z,Digitizer_run1640_subrun459.csv,9,True,statistical,occupancy;triggerRate_bit1;triggerRate_bit2;triggerRate_tot,8.75,-0.4733
2026-04-09T17:40:27Z,Digitizer_run1640_subrun459.csv,10,True,statistical,triggerRate_bit1;triggerRate_bit2;triggerRate_tot,8.75,-0.4726
2026-04-09T17:40:27Z,Digitizer_run1640_subrun459.csv,11,True,statistical,triggerRate_bit1;triggerRate_bit2;triggerRate_tot,8.75,-0.475
2026-04-09T17:40:27Z,Digitizer_run1640_subrun459.csv,12,True,statistical,triggerRate_bit1;triggerRate_bit2;triggerRate_tot,8.75,-0.4642
2026-04-09T17:40:27Z,Digitizer_run1640_subrun459.csv,13,True,statistical,triggerRate_bit1;triggerRate_bit2;triggerRate_tot,8.75,-0.4838
2026-04-09T17:40:27Z,Digitizer_run1640_subrun459.csv,14,True,statistical,triggerRate_bit1;triggerRate_bit2;triggerRate_tot,8.75,-0.4653
2026-04-09T17:40:27Z,Digitizer_run1640_subrun459.csv,15,True,statistical,triggerRate_bit1;triggerRate_bit2;triggerRate_tot,8.75,-0.4733
2026-04-09T17:40:27Z,Digitizer_run1640_subrun459.csv,16,True,statistical,triggerRate_bit1;triggerRate_bit2;triggerRate_tot,8.75,-0.4701
2026-04-09T17:40:27Z,Digitizer_run1640_subrun459.csv,17,True,statistical,triggerRate_bit1;triggerRate_bit2;triggerRate_tot,8.75,-0.4718
2026-04-09T17:40:27Z,Digitizer_run1640_subrun459.csv,18,True,statistical,triggerRate_bit1;triggerRate_bit2;triggerRate_tot,8.75,-0.4732
2026-04-09T17:40:27Z,Digitizer_run1640_subrun459.csv,19,True,statistical,triggerRate_bit1;triggerRate_bit2;triggerRate_tot,8.75,-0.4883
2026-04-09T17:40:27Z,Digitizer_run1640_subrun459.csv,20,True,statistical,triggerRate_bit1;triggerRate_bit2;triggerRate_tot,8.75,-0.4885
2026-04-09T17:40:27Z,Digitizer_run1640_subrun459.csv,21,True,statistical,triggerRate_bit1;triggerRate_bit2;triggerRate_tot,8.75,-0.4716
2026-04-09T17:40:27Z,Digitizer_run1640_subrun459.csv,22,True,statistical,triggerRate_bit1;triggerRate_bit2;triggerRate_tot,8.75,-0.4693
2026-04-09T17:40:27Z,Digitizer_run1640_subrun459.csv,23,True,statistical,triggerRate_bit1;triggerRate_bit2;triggerRate_tot,8.75,-0.4795
2026-04-09T17:40:27Z,Digitizer_run1640_subrun459.csv,24,True,statistical,triggerRate_bit1;triggerRate_bit2;triggerRate_tot,8.75,-0.5063
2026-04-09T17:40:27Z,Digitizer_run1640_subrun459.csv,25,True,statistical,triggerRate_bit1;triggerRate_bit2;triggerRate_tot,8.75,-0.4907
2026-04-09T17:40:27Z,Digitizer_run1640_subrun459.csv,26,True,statistical,triggerRate_bit1;triggerRate_bit2;triggerRate_tot,8.75,-0.4787
2026-04-09T17:40:27Z,Digitizer_run1640_subrun459.csv,27,True,statistical,triggerRate_bit1;triggerRate_bit2;triggerRate_tot,8.75,-0.4699
2026-04-09T17:40:27Z,Digitizer_run1640_subrun459.csv,28,True,statistical,triggerRate_bit1;triggerRate_bit2;triggerRate_tot,8.75,-0.4766
2026-04-09T17:40:27Z,Digitizer_run1640_subrun459.csv,29,True,statistical,triggerRate_bit1;triggerRate_bit2;triggerRate_tot,8.75,-0.491
2026-04-09T17:40:27Z,Digitizer_run1640_subrun459.csv,30,True,statistical,triggerRate_bit1;triggerRate_bit2;triggerRate_tot,8.75,-0.471
2026-04-09T17:40:27Z,Digitizer_run1640_subrun459.csv,31,True,statistical,triggerRate_bit1;triggerRate_bit2;triggerRate_tot,8.75,-0.4691
2026-04-09T17:40:27Z,Digitizer_run1640_subrun459.csv,32,True,statistical+IF,sideband_mean_median;nPulses_mean;nPulses_median;pulseHeight_max_mean;pulseHeight_max_std;pulseHeight_min_mean;pulseHeight_min_std;pulseArea_max_mean;pulseDuriation_max_mean;pulseDuriation_max_median;occupancy;triggerRate_bit1;triggerRate_bit2;triggerRate_tot,1000000.0,-0.5694
2026-04-09T17:40:27Z,Digitizer_run1640_subrun459.csv,33,True,statistical+IF,pulseHeight_max_mean;pulseHeight_max_std;pulseHeight_min_mean;pulseHeight_min_std;pulseArea_max_mean;pulseDuriation_max_mean;pulseDuriation_max_median;occupancy;triggerRate_bit1;triggerRate_bit2;triggerRate_tot,34.3,-0.535
2026-04-09T17:40:27Z,Digitizer_run1640_subrun459.csv,34,True,statistical,triggerRate_bit1;triggerRate_bit2;triggerRate_tot,8.75,-0.4865
2026-04-09T17:40:27Z,Digitizer_run1640_subrun459.csv,35,True,statistical,triggerRate_bit1;triggerRate_bit2;triggerRate_tot,8.75,-0.4843
2026-04-09T17:40:27Z,Digitizer_run1640_subrun459.csv,36,True,statistical+IF,triggerRate_bit1;triggerRate_bit2;triggerRate_tot,8.75,-0.5458
2026-04-09T17:40:27Z,Digitizer_run1640_subrun459.csv,37,True,statistical,triggerRate_bit1;triggerRate_bit2;triggerRate_tot,8.75,-0.5063
2026-04-09T17:40:27Z,Digitizer_run1640_subrun459.csv,38,True,statistical,triggerRate_bit1;triggerRate_bit2;triggerRate_tot,8.75,-0.4729
2026-04-09T17:40:27Z,Digitizer_run1640_subrun459.csv,39,True,statistical,triggerRate_bit1;triggerRate_bit2;triggerRate_tot,8.75,-0.4756
2026-04-09T17:40:27Z,Digitizer_run1640_subrun459.csv,40,True,statistical,triggerRate_bit1;triggerRate_bit2;triggerRate_tot,8.75,-0.4685
2026-04-09T17:40:27Z,Digitizer_run1640_subrun459.csv,41,True,statistical,triggerRate_bit1;triggerRate_bit2;triggerRate_tot,8.75,-0.4889
2026-04-09T17:40:27Z,Digitizer_run1640_subrun459.csv,42,True,statistical,triggerRate_bit1;triggerRate_bit2;triggerRate_tot,8.75,-0.4988
2026-04-09T17:40:27Z,Digitizer_run1640_subrun459.csv,43,True,statistical,triggerRate_bit1;triggerRate_bit2;triggerRate_tot,8.75,-0.4735
2026-04-09T17:40:27Z,Digitizer_run1640_subrun459.csv,44,True,statistical,triggerRate_bit1;triggerRate_bit2;triggerRate_tot,8.75,-0.4911
2026-04-09T17:40:27Z,Digitizer_run1640_subrun459.csv,45,True,statistical,triggerRate_bit1;triggerRate_bit2;triggerRate_tot,8.75,-0.4714
2026-04-09T17:40:27Z,Digitizer_run1640_subrun459.csv,46,True,statistical,triggerRate_bit1;triggerRate_bit2;triggerRate_tot,8.75,-0.4843
2026-04-09T17:40:27Z,Digitizer_run1640_subrun459.csv,47,True,statistical,triggerRate_bit1;triggerRate_bit2;triggerRate_tot,8.75,-0.4756
2026-04-09T17:40:27Z,Digitizer_run1640_subrun459.csv,48,True,statistical,triggerRate_bit1;triggerRate_bit2;triggerRate_tot,8.75,-0.4846
2026-04-09T17:40:27Z,Digitizer_run1640_subrun459.csv,49,True,statistical,triggerRate_bit1;triggerRate_bit2;triggerRate_tot,8.75,-0.4838
2026-04-09T17:40:27Z,Digitizer_run1640_subrun459.csv,50,True,statistical,triggerRate_bit1;triggerRate_bit2;triggerRate_tot,8.75,-0.483
2026-04-09T17:40:27Z,Digitizer_run1640_subrun459.csv,51,True,statistical,triggerRate_bit1;triggerRate_bit2;triggerRate_tot,8.75,-0.4945
2026-04-09T17:40:27Z,Digitizer_run1640_subrun459.csv,52,True,statistical,triggerRate_bit1;triggerRate_bit2;triggerRate_tot,8.75,-0.4686
2026-04-09T17:40:27Z,Digitizer_run1640_subrun459.csv,53,True,statistical,triggerRate_bit1;triggerRate_bit2;triggerRate_tot,8.75,-0.4631
2026-04-09T17:40:27Z,Digitizer_run1640_subrun459.csv,54,True,statistical,triggerRate_bit1;triggerRate_bit2;triggerRate_tot,8.75,-0.4681
2026-04-09T17:40:27Z,Digitizer_run1640_subrun459.csv,55,True,statistical,triggerRate_bit1;triggerRate_bit2;triggerRate_tot,8.75,-0.4627
2026-04-09T17:40:27Z,Digitizer_run1640_subrun459.csv,56,True,statistical+IF,sideband_mean_median;pulseDuriation_max_mean;pulseDuriation_max_median;occupancy;triggerRate_bit1;triggerRate_bit2;triggerRate_tot,12.04,-0.5483
2026-04-09T17:40:27Z,Digitizer_run1640_subrun459.csv,57,True,statistical,triggerRate_bit1;triggerRate_bit2;triggerRate_tot,8.75,-0.4825
2026-04-09T17:40:27Z,Digitizer_run1640_subrun459.csv,58,True,statistical,triggerRate_bit1;triggerRate_bit2;triggerRate_tot,8.75,-0.4659
2026-04-09T17:40:27Z,Digitizer_run1640_subrun459.csv,59,True,statistical,triggerRate_bit1;triggerRate_bit2;triggerRate_tot,8.75,-0.4956
2026-04-09T17:40:27Z,Digitizer_run1640_subrun459.csv,60,True,statistical,triggerRate_bit1;triggerRate_bit2;triggerRate_tot,8.75,-0.4671
2026-04-09T17:40:27Z,Digitizer_run1640_subrun459.csv,61,True,statistical,triggerRate_bit1;triggerRate_bit2;triggerRate_tot,8.75,-0.4742
2026-04-09T17:40:27Z,Digitizer_run1640_subrun459.csv,62,True,statistical,triggerRate_bit1;triggerRate_bit2;triggerRate_tot,8.75,-0.4607
2026-04-09T17:40:27Z,Digitizer_run1640_subrun459.csv,63,True,statistical,triggerRate_bit1;triggerRate_bit2;triggerRate_tot,8.75,-0.4632
2026-04-09T17:40:27Z,Digitizer_run1640_subrun459.csv,64,True,statistical,triggerRate_bit1;triggerRate_bit2;triggerRate_tot,8.75,-0.4748
2026-04-09T17:40:27Z,Digitizer_run1640_subrun459.csv,65,True,statistical,triggerRate_bit1;triggerRate_bit2;triggerRate_tot,8.75,-0.4704
2026-04-09T17:40:27Z,Digitizer_run1640_subrun459.csv,66,True,statistical,triggerRate_bit1;triggerRate_bit2;triggerRate_tot,8.75,-0.4649
2026-04-09T17:40:27Z,Digitizer_run1640_subrun459.csv,67,True,statistical,triggerRate_bit1;triggerRate_bit2;triggerRate_tot,8.75,-0.4705
2026-04-09T17:40:27Z,Digitizer_run1640_subrun459.csv,68,True,statistical,triggerRate_bit1;triggerRate_bit2;triggerRate_tot,8.75,-0.4946
2026-04-09T17:40:27Z,Digitizer_run1640_subrun459.csv,69,True,statistical,triggerRate_bit1;triggerRate_bit2;triggerRate_tot,8.75,-0.4775
2026-04-09T17:40:27Z,Digitizer_run1640_subrun459.csv,70,True,statistical,triggerRate_bit1;triggerRate_bit2;triggerRate_tot,8.75,-0.4877
2026-04-09T17:40:27Z,Digitizer_run1640_subrun459.csv,71,True,statistical,triggerRate_bit1;triggerRate_bit2;triggerRate_tot,8.75,-0.4757
2026-04-09T17:40:27Z,Digitizer_run1640_subrun459.csv,72,True,statistical+IF,triggerRate_bit1;triggerRate_bit2;triggerRate_tot,8.75,-0.5198
2026-04-09T17:40:27Z,Digitizer_run1640_subrun459.csv,73,True,statistical,triggerRate_bit1;triggerRate_bit2;triggerRate_tot,8.75,-0.4657
2026-04-09T17:40:27Z,Digitizer_run1640_subrun459.csv,74,True,statistical,triggerRate_bit1;triggerRate_bit2;triggerRate_tot,8.75,-0.495
2026-04-09T17:40:27Z,Digitizer_run1640_subrun459.csv,75,True,statistical,triggerRate_bit1;triggerRate_bit2;triggerRate_tot,8.75,-0.4889
2026-04-09T17:40:27Z,Digitizer_run1640_subrun459.csv,76,True,statistical,triggerRate_bit1;triggerRate_bit2;triggerRate_tot,8.75,-0.4679
2026-04-09T17:40:27Z,Digitizer_run1640_subrun459.csv,77,True,statistical,triggerRate_bit1;triggerRate_bit2;triggerRate_tot,8.75,-0.4739
2026-04-09T17:40:27Z,Digitizer_run1640_subrun459.csv,78,True,statistical,triggerRate_bit1;triggerRate_bit2;triggerRate_tot,8.75,-0.4664
2026-04-09T17:40:27Z,Digitizer_run1640_subrun459.csv,79,True,statistical,triggerRate_bit1;triggerRate_bit2;triggerRate_tot,8.75,-0.4657
2026-04-09T17:40:27Z,Digitizer_run1640_subrun459.csv,80,True,statistical,nPulses_median;occupancy;triggerRate_bit1;triggerRate_bit2;triggerRate_tot,8.75,-0.507
2026-04-09T17:40:27Z,Digitizer_run1640_subrun459.csv,81,True,statistical,triggerRate_bit1;triggerRate_bit2;triggerRate_tot,8.75,-0.4877
2026-04-09T17:40:27Z,Digitizer_run1640_subrun459.csv,82,True,statistical,triggerRate_bit1;triggerRate_bit2;triggerRate_tot,8.75,-0.4699
2026-04-09T17:40:27Z,Digitizer_run1640_subrun459.csv,83,True,statistical,triggerRate_bit1;triggerRate_bit2;triggerRate_tot,8.75,-0.4661
2026-04-09T17:40:27Z,Digitizer_run1640_subrun459.csv,84,True,statistical,triggerRate_bit1;triggerRate_bit2;triggerRate_tot,8.75,-0.4765
2026-04-09T17:40:27Z,Digitizer_run1640_subrun459.csv,85,True,statistical,triggerRate_bit1;triggerRate_bit2;triggerRate_tot,8.75,-0.4658
2026-04-09T17:40:27Z,Digitizer_run1640_subrun459.csv,86,True,statistical,triggerRate_bit1;triggerRate_bit2;triggerRate_tot,8.75,-0.4703
2026-04-09T17:40:27Z,Digitizer_run1640_subrun459.csv,87,True,statistical,triggerRate_bit1;triggerRate_bit2;triggerRate_tot,8.75,-0.4814
2026-04-09T17:40:27Z,Digitizer_run1640_subrun459.csv,88,True,statistical,triggerRate_bit1;triggerRate_bit2;triggerRate_tot,8.75,-0.4696
2026-04-09T17:40:27Z,Digitizer_run1640_subrun459.csv,89,True,statistical,triggerRate_bit1;triggerRate_bit2;triggerRate_tot,8.75,-0.4785
2026-04-09T17:40:27Z,Digitizer_run1640_subrun459.csv,90,True,statistical,triggerRate_bit1;triggerRate_bit2;triggerRate_tot,8.75,-0.5051
2026-04-09T17:40:27Z,Digitizer_run1640_subrun459.csv,91,True,statistical,triggerRate_bit1;triggerRate_bit2;triggerRate_tot,8.75,-0.4891
2026-04-09T17:40:27Z,Digitizer_run1640_subrun459.csv,92,True,statistical,triggerRate_bit1;triggerRate_bit2;triggerRate_tot,8.75,-0.4862
2026-04-09T17:40:27Z,Digitizer_run1640_subrun459.csv,93,True,statistical,triggerRate_bit1;triggerRate_bit2;triggerRate_tot,8.75,-0.5098
2026-04-09T17:40:27Z,Digitizer_run1640_subrun459.csv,94,True,statistical,TDC_mean;triggerRate_bit1;triggerRate_bit2;triggerRate_tot,8.75,-0.5128
2026-04-09T17:40:27Z,Digitizer_run1640_subrun459.csv,95,True,statistical,triggerRate_bit1;triggerRate_bit2;triggerRate_tot,8.75,-0.5053
2026-04-09T17:40:38Z,Digitizer_run1640_subrun295.csv,0,True,statistical,triggerRate_bit2;triggerRate_bit7;triggerRate_tot,13.09,-0.4758
2026-04-09T17:40:38Z,Digitizer_run1640_subrun295.csv,1,True,statistical,triggerRate_bit2;triggerRate_bit7;triggerRate_tot,13.09,-0.4839
2026-04-09T17:40:38Z,Digitizer_run1640_subrun295.csv,2,True,statistical,triggerRate_bit2;triggerRate_bit7;triggerRate_tot,13.09,-0.4563
2026-04-09T17:40:38Z,Digitizer_run1640_subrun295.csv,3,True,statistical,triggerRate_bit2;triggerRate_bit7;triggerRate_tot,13.09,-0.4559
2026-04-09T17:40:38Z,Digitizer_run1640_subrun295.csv,4,True,statistical,triggerRate_bit2;triggerRate_bit7;triggerRate_tot,13.09,-0.4743
2026-04-09T17:40:38Z,Digitizer_run1640_subrun295.csv,5,True,statistical,triggerRate_bit2;triggerRate_bit7;triggerRate_tot,13.09,-0.498
2026-04-09T17:40:38Z,Digitizer_run1640_subrun295.csv,6,True,statistical,triggerRate_bit2;triggerRate_bit7;triggerRate_tot,13.09,-0.4798
2026-04-09T17:40:38Z,Digitizer_run1640_subrun295.csv,7,True,statistical,triggerRate_bit2;triggerRate_bit7;triggerRate_tot,13.09,-0.4807
2026-04-09T17:40:38Z,Digitizer_run1640_subrun295.csv,8,True,statistical+IF,occupancy;triggerRate_bit2;triggerRate_bit7;triggerRate_tot,13.09,-0.5172
2026-04-09T17:40:38Z,Digitizer_run1640_subrun295.csv,9,True,statistical,occupancy;triggerRate_bit2;triggerRate_bit7;triggerRate_tot,13.09,-0.4729
2026-04-09T17:40:38Z,Digitizer_run1640_subrun295.csv,10,True,statistical,triggerRate_bit2;triggerRate_bit7;triggerRate_tot,13.09,-0.4983
2026-04-09T17:40:38Z,Digitizer_run1640_subrun295.csv,11,True,statistical,triggerRate_bit2;triggerRate_bit7;triggerRate_tot,13.09,-0.4887
2026-04-09T17:40:38Z,Digitizer_run1640_subrun295.csv,12,True,statistical,triggerRate_bit2;triggerRate_bit7;triggerRate_tot,13.09,-0.4651
2026-04-09T17:40:38Z,Digitizer_run1640_subrun295.csv,13,True,statistical,triggerRate_bit2;triggerRate_bit7;triggerRate_tot,13.09,-0.4686
2026-04-09T17:40:38Z,Digitizer_run1640_subrun295.csv,14,True,statistical,triggerRate_bit2;triggerRate_bit7;triggerRate_tot,13.09,-0.4764
2026-04-09T17:40:38Z,Digitizer_run1640_subrun295.csv,15,True,statistical,triggerRate_bit2;triggerRate_bit7;triggerRate_tot,13.09,-0.4865
2026-04-09T17:40:38Z,Digitizer_run1640_subrun295.csv,16,True,statistical,triggerRate_bit2;triggerRate_bit7;triggerRate_tot,13.09,-0.4712
2026-04-09T17:40:38Z,Digitizer_run1640_subrun295.csv,17,True,statistical,triggerRate_bit2;triggerRate_bit7;triggerRate_tot,13.09,-0.4712
2026-04-09T17:40:38Z,Digitizer_run1640_subrun295.csv,18,True,statistical,triggerRate_bit2;triggerRate_bit7;triggerRate_tot,13.09,-0.4728
2026-04-09T17:40:38Z,Digitizer_run1640_subrun295.csv,19,True,statistical,triggerRate_bit2;triggerRate_bit7;triggerRate_tot,13.09,-0.4751
2026-04-09T17:40:38Z,Digitizer_run1640_subrun295.csv,20,True,statistical,triggerRate_bit2;triggerRate_bit7;triggerRate_tot,13.09,-0.4907
2026-04-09T17:40:38Z,Digitizer_run1640_subrun295.csv,21,True,statistical,triggerRate_bit2;triggerRate_bit7;triggerRate_tot,13.09,-0.4856
2026-04-09T17:40:38Z,Digitizer_run1640_subrun295.csv,22,True,statistical,occupancy;triggerRate_bit2;triggerRate_bit7;triggerRate_tot,13.09,-0.4697
2026-04-09T17:40:38Z,Digitizer_run1640_subrun295.csv,23,True,statistical,triggerRate_bit2;triggerRate_bit7;triggerRate_tot,13.09,-0.5118
2026-04-09T17:40:38Z,Digitizer_run1640_subrun295.csv,24,True,statistical,triggerRate_bit2;triggerRate_bit7;triggerRate_tot,13.09,-0.4848
2026-04-09T17:40:38Z,Digitizer_run1640_subrun295.csv,25,True,statistical,triggerRate_bit2;triggerRate_bit7;triggerRate_tot,13.09,-0.4744
2026-04-09T17:40:38Z,Digitizer_run1640_subrun295.csv,26,True,statistical,triggerRate_bit2;triggerRate_bit7;triggerRate_tot,13.09,-0.4712
2026-04-09T17:40:38Z,Digitizer_run1640_subrun295.csv,27,True,statistical,triggerRate_bit2;triggerRate_bit7;triggerRate_tot,13.09,-0.4895
2026-04-09T17:40:38Z,Digitizer_run1640_subrun295.csv,28,True,statistical,triggerRate_bit2;triggerRate_bit7;triggerRate_tot,13.09,-0.4915
2026-04-09T17:40:38Z,Digitizer_run1640_subrun295.csv,29,True,statistical,triggerRate_bit2;triggerRate_bit7;triggerRate_tot,13.09,-0.4922
2026-04-09T17:40:38Z,Digitizer_run1640_subrun295.csv,30,True,statistical,triggerRate_bit2;triggerRate_bit7;triggerRate_tot,13.09,-0.4909
2026-04-09T17:40:38Z,Digitizer_run1640_subrun295.csv,31,True,statistical,triggerRate_bit2;triggerRate_bit7;triggerRate_tot,13.09,-0.5073
2026-04-09T17:40:38Z,Digitizer_run1640_subrun295.csv,32,True,statistical+IF,sideband_mean_median;nPulses_mean;nPulses_median;pulseHeight_max_mean;pulseHeight_max_std;pulseHeight_min_mean;pulseHeight_min_std;pulseArea_max_mean;pulseDuriation_max_mean;pulseDuriation_max_median;occupancy;triggerRate_bit2;triggerRate_bit7;triggerRate_tot,1000000.0,-0.5605
2026-04-09T17:40:38Z,Digitizer_run1640_subrun295.csv,33,True,statistical+IF,pulseHeight_max_mean;pulseHeight_max_std;pulseHeight_min_mean;pulseHeight_min_std;pulseArea_max_mean;pulseDuriation_max_mean;pulseDuriation_max_median;occupancy;triggerRate_bit2;triggerRate_bit7;triggerRate_tot,36.2,-0.5423
2026-04-09T17:40:38Z,Digitizer_run1640_subrun295.csv,34,True,statistical,triggerRate_bit2;triggerRate_bit7;triggerRate_tot,13.09,-0.4967
2026-04-09T17:40:38Z,Digitizer_run1640_subrun295.csv,35,True,statistical,triggerRate_bit2;triggerRate_bit7;triggerRate_tot,13.09,-0.4917
2026-04-09T17:40:38Z,Digitizer_run1640_subrun295.csv,36,True,statistical,triggerRate_bit2;triggerRate_bit7;triggerRate_tot,13.09,-0.4793
2026-04-09T17:40:38Z,Digitizer_run1640_subrun295.csv,37,True,statistical,triggerRate_bit2;triggerRate_bit7;triggerRate_tot,13.09,-0.4898
2026-04-09T17:40:38Z,Digitizer_run1640_subrun295.csv,38,True,statistical,triggerRate_bit2;triggerRate_bit7;triggerRate_tot,13.09,-0.5048
2026-04-09T17:40:38Z,Digitizer_run1640_subrun295.csv,39,True,statistical,triggerRate_bit2;triggerRate_bit7;triggerRate_tot,13.09,-0.4895
2026-04-09T17:40:38Z,Digitizer_run1640_subrun295.csv,40,True,statistical,triggerRate_bit2;triggerRate_bit7;triggerRate_tot,13.09,-0.4611
2026-04-09T17:40:38Z,Digitizer_run1640_subrun295.csv,41,True,statistical,triggerRate_bit2;triggerRate_bit7;triggerRate_tot,13.09,-0.4911
2026-04-09T17:40:38Z,Digitizer_run1640_subrun295.csv,42,True,statistical,triggerRate_bit2;triggerRate_bit7;triggerRate_tot,13.09,-0.5035
2026-04-09T17:40:38Z,Digitizer_run1640_subrun295.csv,43,True,statistical,triggerRate_bit2;triggerRate_bit7;triggerRate_tot,13.09,-0.4851
2026-04-09T17:40:38Z,Digitizer_run1640_subrun295.csv,44,True,statistical+IF,triggerRate_bit2;triggerRate_bit7;triggerRate_tot,13.09,-0.5323
2026-04-09T17:40:38Z,Digitizer_run1640_subrun295.csv,45,True,statistical,triggerRate_bit2;triggerRate_bit7;triggerRate_tot,13.09,-0.4864
2026-04-09T17:40:38Z,Digitizer_run1640_subrun295.csv,46,True,statistical,triggerRate_bit2;triggerRate_bit7;triggerRate_tot,13.09,-0.4907
2026-04-09T17:40:38Z,Digitizer_run1640_subrun295.csv,47,True,statistical,triggerRate_bit2;triggerRate_bit7;triggerRate_tot,13.09,-0.4918
2026-04-09T17:40:38Z,Digitizer_run1640_subrun295.csv,48,True,statistical,triggerRate_bit2;triggerRate_bit7;triggerRate_tot,13.09,-0.4755
2026-04-09T17:40:38Z,Digitizer_run1640_subrun295.csv,49,True,statistical,triggerRate_bit2;triggerRate_bit7;triggerRate_tot,13.09,-0.4778
2026-04-09T17:40:38Z,Digitizer_run1640_subrun295.csv,50,True,statistical,triggerRate_bit2;triggerRate_bit7;triggerRate_tot,13.09,-0.4601
2026-04-09T17:40:38Z,Digitizer_run1640_subrun295.csv,51,True,statistical,triggerRate_bit2;triggerRate_bit7;triggerRate_tot,13.09,-0.4876
2026-04-09T17:40:38Z,Digitizer_run1640_subrun295.csv,52,True,statistical,triggerRate_bit2;triggerRate_bit7;triggerRate_tot,13.09,-0.4812
2026-04-09T17:40:38Z,Digitizer_run1640_subrun295.csv,53,True,statistical,triggerRate_bit2;triggerRate_bit7;triggerRate_tot,13.09,-0.4963
2026-04-09T17:40:38Z,Digitizer_run1640_subrun295.csv,54,True,statistical,triggerRate_bit2;triggerRate_bit7;triggerRate_tot,13.09,-0.4697
2026-04-09T17:40:38Z,Digitizer_run1640_subrun295.csv,55,True,statistical,triggerRate_bit2;triggerRate_bit7;triggerRate_tot,13.09,-0.4852
2026-04-09T17:40:38Z,Digitizer_run1640_subrun295.csv,56,True,statistical+IF,sideband_mean_median;pulseDuriation_max_mean;pulseDuriation_max_median;occupancy;triggerRate_bit2;triggerRate_bit7;triggerRate_tot,13.09,-0.5346
2026-04-09T17:40:38Z,Digitizer_run1640_subrun295.csv,57,True,statistical,triggerRate_bit2;triggerRate_bit7;triggerRate_tot,13.09,-0.4682
2026-04-09T17:40:38Z,Digitizer_run1640_subrun295.csv,58,True,statistical,triggerRate_bit2;triggerRate_bit7;triggerRate_tot,13.09,-0.4876
2026-04-09T17:40:38Z,Digitizer_run1640_subrun295.csv,59,True,statistical,triggerRate_bit2;triggerRate_bit7;triggerRate_tot,13.09,-0.496
2026-04-09T17:40:38Z,Digitizer_run1640_subrun295.csv,60,True,statistical,triggerRate_bit2;triggerRate_bit7;triggerRate_tot,13.09,-0.489
2026-04-09T17:40:38Z,Digitizer_run1640_subrun295.csv,61,True,statistical,triggerRate_bit2;triggerRate_bit7;triggerRate_tot,13.09,-0.4793
2026-04-09T17:40:38Z,Digitizer_run1640_subrun295.csv,62,True,statistical,triggerRate_bit2;triggerRate_bit7;triggerRate_tot,13.09,-0.513
2026-04-09T17:40:38Z,Digitizer_run1640_subrun295.csv,63,True,statistical+IF,triggerRate_bit2;triggerRate_bit7;triggerRate_tot,13.09,-0.5166
2026-04-09T17:40:38Z,Digitizer_run1640_subrun295.csv,64,True,statistical,triggerRate_bit2;triggerRate_bit7;triggerRate_tot,13.09,-0.5057
2026-04-09T17:40:38Z,Digitizer_run1640_subrun295.csv,65,True,statistical,triggerRate_bit2;triggerRate_bit7;triggerRate_tot,13.09,-0.4953
2026-04-09T17:40:38Z,Digitizer_run1640_subrun295.csv,66,True,statistical,triggerRate_bit2;triggerRate_bit7;triggerRate_tot,13.09,-0.4612
2026-04-09T17:40:38Z,Digitizer_run1640_subrun295.csv,67,True,statistical,triggerRate_bit2;triggerRate_bit7;triggerRate_tot,13.09,-0.4814
2026-04-09T17:40:38Z,Digitizer_run1640_subrun295.csv,68,True,statistical,pulseHeight_min_median;pulseArea_min_median;triggerRate_bit2;triggerRate_bit7;triggerRate_tot,13.09,-0.5128
2026-04-09T17:40:38Z,Digitizer_run1640_subrun295.csv,69,True,statistical,triggerRate_bit2;triggerRate_bit7;triggerRate_tot,13.09,-0.4596
2026-04-09T17:40:38Z,Digitizer_run1640_subrun295.csv,70,True,statistical,triggerRate_bit2;triggerRate_bit7;triggerRate_tot,13.09,-0.4729
2026-04-09T17:40:38Z,Digitizer_run1640_subrun295.csv,71,True,statistical,triggerRate_bit2;triggerRate_bit7;triggerRate_tot,13.09,-0.4875
2026-04-09T17:40:38Z,Digitizer_run1640_subrun295.csv,72,True,statistical,triggerRate_bit2;triggerRate_bit7;triggerRate_tot,13.09,-0.492
2026-04-09T17:40:38Z,Digitizer_run1640_subrun295.csv,73,True,statistical+IF,triggerRate_bit2;triggerRate_bit7;triggerRate_tot,13.09,-0.5173
2026-04-09T17:40:38Z,Digitizer_run1640_subrun295.csv,74,True,statistical,triggerRate_bit2;triggerRate_bit7;triggerRate_tot,13.09,-0.4695
2026-04-09T17:40:38Z,Digitizer_run1640_subrun295.csv,75,True,statistical,triggerRate_bit2;triggerRate_bit7;triggerRate_tot,13.09,-0.4728
2026-04-09T17:40:38Z,Digitizer_run1640_subrun295.csv,76,True,statistical,triggerRate_bit2;triggerRate_bit7;triggerRate_tot,13.09,-0.4573
2026-04-09T17:40:38Z,Digitizer_run1640_subrun295.csv,77,True,statistical,triggerRate_bit2;triggerRate_bit7;triggerRate_tot,13.09,-0.4727
2026-04-09T17:40:38Z,Digitizer_run1640_subrun295.csv,78,True,statistical,triggerRate_bit2;triggerRate_bit7;triggerRate_tot,13.09,-0.4781
2026-04-09T17:40:38Z,Digitizer_run1640_subrun295.csv,79,True,statistical,triggerRate_bit2;triggerRate_bit7;triggerRate_tot,13.09,-0.4665
2026-04-09T17:40:38Z,Digitizer_run1640_subrun295.csv,80,True,statistical,nPulses_median;occupancy;triggerRate_bit2;triggerRate_bit7;triggerRate_tot,13.09,-0.4973
2026-04-09T17:40:38Z,Digitizer_run1640_subrun295.csv,81,True,statistical,triggerRate_bit2;triggerRate_bit7;triggerRate_tot,13.09,-0.4748
2026-04-09T17:40:38Z,Digitizer_run1640_subrun295.csv,82,True,statistical,triggerRate_bit2;triggerRate_bit7;triggerRate_tot,13.09,-0.486
2026-04-09T17:40:38Z,Digitizer_run1640_subrun295.csv,83,True,statistical,triggerRate_bit2;triggerRate_bit7;triggerRate_tot,13.09,-0.4758
2026-04-09T17:40:38Z,Digitizer_run1640_subrun295.csv,84,True,statistical,triggerRate_bit2;triggerRate_bit7;triggerRate_tot,13.09,-0.4786
2026-04-09T17:40:38Z,Digitizer_run1640_subrun295.csv,85,True,statistical,triggerRate_bit2;triggerRate_bit7;triggerRate_tot,13.09,-0.506
2026-04-09T17:40:38Z,Digitizer_run1640_subrun295.csv,86,True,statistical,triggerRate_bit2;triggerRate_bit7;triggerRate_tot,13.09,-0.4612
2026-04-09T17:40:38Z,Digitizer_run1640_subrun295.csv,87,True,statistical,triggerRate_bit2;triggerRate_bit7;triggerRate_tot,13.09,-0.4776
2026-04-09T17:40:38Z,Digitizer_run1640_subrun295.csv,88,True,statistical,triggerRate_bit2;triggerRate_bit7;triggerRate_tot,13.09,-0.4764
2026-04-09T17:40:38Z,Digitizer_run1640_subrun295.csv,89,True,statistical,triggerRate_bit2;triggerRate_bit7;triggerRate_tot,13.09,-0.4803
2026-04-09T17:40:38Z,Digitizer_run1640_subrun295.csv,90,True,statistical,triggerRate_bit2;triggerRate_bit7;triggerRate_tot,13.09,-0.4876
2026-04-09T17:40:38Z,Digitizer_run1640_subrun295.csv,91,True,statistical+IF,triggerRate_bit2;triggerRate_bit7;triggerRate_tot,13.09,-0.5172
2026-04-09T17:40:38Z,Digitizer_run1640_subrun295.csv,92,True,statistical,triggerRate_bit2;triggerRate_bit7;triggerRate_tot,13.09,-0.4965
2026-04-09T17:40:38Z,Digitizer_run1640_subrun295.csv,93,True,statistical,triggerRate_bit2;triggerRate_bit7;triggerRate_tot,13.09,-0.4988
2026-04-09T17:40:38Z,Digitizer_run1640_subrun295.csv,94,True,statistical,triggerRate_bit2;triggerRate_bit7;triggerRate_tot,13.09,-0.4808
2026-04-09T17:40:38Z,Digitizer_run1640_subrun295.csv,95,True,statistical,triggerRate_bit2;triggerRate_bit7;triggerRate_tot,13.09,-0.4856
2026-04-09T17:40:47Z,Digitizer_run1640_subrun319.csv,0,True,statistical,triggerRate_bit1;triggerRate_bit2;triggerRate_bit5;triggerRate_tot,18.68,-0.4859
2026-04-09T17:40:47Z,Digitizer_run1640_subrun319.csv,1,True,statistical,triggerRate_bit1;triggerRate_bit2;triggerRate_bit5;triggerRate_tot,18.68,-0.4935
2026-04-09T17:40:47Z,Digitizer_run1640_subrun319.csv,2,True,statistical,triggerRate_bit1;triggerRate_bit2;triggerRate_bit5;triggerRate_tot,18.68,-0.511
2026-04-09T17:40:47Z,Digitizer_run1640_subrun319.csv,3,True,statistical,triggerRate_bit1;triggerRate_bit2;triggerRate_bit5;triggerRate_tot,18.68,-0.4925
2026-04-09T17:40:47Z,Digitizer_run1640_subrun319.csv,4,True,statistical+IF,triggerRate_bit1;triggerRate_bit2;triggerRate_bit5;triggerRate_tot,18.68,-0.5214
2026-04-09T17:40:47Z,Digitizer_run1640_subrun319.csv,5,True,statistical,triggerRate_bit1;triggerRate_bit2;triggerRate_bit5;triggerRate_tot,18.68,-0.5096
2026-04-09T17:40:47Z,Digitizer_run1640_subrun319.csv,6,True,statistical,triggerRate_bit1;triggerRate_bit2;triggerRate_bit5;triggerRate_tot,18.68,-0.5046
2026-04-09T17:40:47Z,Digitizer_run1640_subrun319.csv,7,True,statistical+IF,triggerRate_bit1;triggerRate_bit2;triggerRate_bit5;triggerRate_tot,18.68,-0.5196
2026-04-09T17:40:47Z,Digitizer_run1640_subrun319.csv,8,True,statistical,occupancy;triggerRate_bit1;triggerRate_bit2;triggerRate_bit5;triggerRate_tot,18.68,-0.4936
2026-04-09T17:40:47Z,Digitizer_run1640_subrun319.csv,9,True,statistical,occupancy;triggerRate_bit1;triggerRate_bit2;triggerRate_bit5;triggerRate_tot,18.68,-0.4915
2026-04-09T17:40:47Z,Digitizer_run1640_subrun319.csv,10,True,statistical,triggerRate_bit1;triggerRate_bit2;triggerRate_bit5;triggerRate_tot,18.68,-0.5025
2026-04-09T17:40:47Z,Digitizer_run1640_subrun319.csv,11,True,statistical+IF,triggerRate_bit1;triggerRate_bit2;triggerRate_bit5;triggerRate_tot,18.68,-0.5213
2026-04-09T17:40:47Z,Digitizer_run1640_subrun319.csv,12,True,statistical,triggerRate_bit1;triggerRate_bit2;triggerRate_bit5;triggerRate_tot,18.68,-0.491
2026-04-09T17:40:47Z,Digitizer_run1640_subrun319.csv,13,True,statistical+IF,triggerRate_bit1;triggerRate_bit2;triggerRate_bit5;triggerRate_tot,18.68,-0.5252
2026-04-09T17:40:47Z,Digitizer_run1640_subrun319.csv,14,True,statistical,triggerRate_bit1;triggerRate_bit2;triggerRate_bit5;triggerRate_tot,18.68,-0.5058
2026-04-09T17:40:47Z,Digitizer_run1640_subrun319.csv,15,True,statistical,triggerRate_bit1;triggerRate_bit2;triggerRate_bit5;triggerRate_tot,18.68,-0.4883
2026-04-09T17:40:47Z,Digitizer_run1640_subrun319.csv,16,True,statistical,triggerRate_bit1;triggerRate_bit2;triggerRate_bit5;triggerRate_tot,18.68,-0.5057
2026-04-09T17:40:47Z,Digitizer_run1640_subrun319.csv,17,True,statistical,triggerRate_bit1;triggerRate_bit2;triggerRate_bit5;triggerRate_tot,18.68,-0.4898
2026-04-09T17:40:47Z,Digitizer_run1640_subrun319.csv,18,True,statistical,triggerRate_bit1;triggerRate_bit2;triggerRate_bit5;triggerRate_tot,18.68,-0.4878
2026-04-09T17:40:47Z,Digitizer_run1640_subrun319.csv,19,True,statistical,triggerRate_bit1;triggerRate_bit2;triggerRate_bit5;triggerRate_tot,18.68,-0.5004
2026-04-09T17:40:47Z,Digitizer_run1640_subrun319.csv,20,True,statistical+IF,triggerRate_bit1;triggerRate_bit2;triggerRate_bit5;triggerRate_tot,18.68,-0.5229
2026-04-09T17:40:47Z,Digitizer_run1640_subrun319.csv,21,True,statistical,triggerRate_bit1;triggerRate_bit2;triggerRate_bit5;triggerRate_tot,18.68,-0.5122
2026-04-09T17:40:47Z,Digitizer_run1640_subrun319.csv,22,True,statistical,triggerRate_bit1;triggerRate_bit2;triggerRate_bit5;triggerRate_tot,18.68,-0.4977
2026-04-09T17:40:47Z,Digitizer_run1640_subrun319.csv,23,True,statistical,triggerRate_bit1;triggerRate_bit2;triggerRate_bit5;triggerRate_tot,18.68,-0.5008
2026-04-09T17:40:47Z,Digitizer_run1640_subrun319.csv,24,True,statistical+IF,triggerRate_bit1;triggerRate_bit2;triggerRate_bit5;triggerRate_tot,18.68,-0.5162
2026-04-09T17:40:47Z,Digitizer_run1640_subrun319.csv,25,True,statistical,triggerRate_bit1;triggerRate_bit2;triggerRate_bit5;triggerRate_tot,18.68,-0.5122
2026-04-09T17:40:47Z,Digitizer_run1640_subrun319.csv,26,True,statistical+IF,triggerRate_bit1;triggerRate_bit2;triggerRate_bit5;triggerRate_tot,18.68,-0.5196
2026-04-09T17:40:47Z,Digitizer_run1640_subrun319.csv,27,True,statistical+IF,triggerRate_bit1;triggerRate_bit2;triggerRate_bit5;triggerRate_tot,18.68,-0.5297
2026-04-09T17:40:47Z,Digitizer_run1640_subrun319.csv,28,True,statistical,triggerRate_bit1;triggerRate_bit2;triggerRate_bit5;triggerRate_tot,18.68,-0.5102
2026-04-09T17:40:47Z,Digitizer_run1640_subrun319.csv,29,True,statistical,triggerRate_bit1;triggerRate_bit2;triggerRate_bit5;triggerRate_tot,18.68,-0.4937
2026-04-09T17:40:47Z,Digitizer_run1640_subrun319.csv,30,True,statistical+IF,triggerRate_bit1;triggerRate_bit2;triggerRate_bit5;triggerRate_tot,18.68,-0.5253
2026-04-09T17:40:47Z,Digitizer_run1640_subrun319.csv,31,True,statistical,sideband_rms_median;triggerRate_bit1;triggerRate_bit2;triggerRate_bit5;triggerRate_tot,18.68,-0.5064
2026-04-09T17:40:47Z,Digitizer_run1640_subrun319.csv,32,True,statistical+IF,sideband_mean_median;nPulses_mean;nPulses_std;nPulses_median;pulseHeight_max_mean;pulseHeight_max_std;pulseHeight_min_mean;pulseHeight_min_std;pulseArea_max_mean;pulseDuriation_max_mean;pulseDuriation_max_median;pulseDuriation_min_mean;occupancy;triggerRate_bit1;triggerRate_bit2;triggerRate_bit5;triggerRate_tot,1000000.0,-0.593
2026-04-09T17:40:47Z,Digitizer_run1640_subrun319.csv,33,True,statistical+IF,sideband_mean_median;nPulses_median;pulseHeight_max_mean;pulseHeight_max_std;pulseHeight_min_mean;pulseHeight_min_std;pulseArea_max_mean;pulseDuriation_max_mean;pulseDuriation_max_median;occupancy;triggerRate_bit1;triggerRate_bit2;triggerRate_bit5;triggerRate_tot,51.05,-0.5673
2026-04-09T17:40:47Z,Digitizer_run1640_subrun319.csv,34,True,statistical,triggerRate_bit1;triggerRate_bit2;triggerRate_bit5;triggerRate_tot,18.68,-0.5137
2026-04-09T17:40:47Z,Digitizer_run1640_subrun319.csv,35,True,statistical+IF,triggerRate_bit1;triggerRate_bit2;triggerRate_bit5;triggerRate_tot,18.68,-0.5158
2026-04-09T17:40:47Z,Digitizer_run1640_subrun319.csv,36,True,statistical,triggerRate_bit1;triggerRate_bit2;triggerRate_bit5;triggerRate_tot,18.68,-0.5139
2026-04-09T17:40:47Z,Digitizer_run1640_subrun319.csv,37,True,statistical,triggerRate_bit1;triggerRate_bit2;triggerRate_bit5;triggerRate_tot,18.68,-0.4983
2026-04-09T17:40:47Z,Digitizer_run1640_subrun319.csv,38,True,statistical,triggerRate_bit1;triggerRate_bit2;triggerRate_bit5;triggerRate_tot,18.68,-0.5095
2026-04-09T17:40:47Z,Digitizer_run1640_subrun319.csv,39,True,statistical,triggerRate_bit1;triggerRate_bit2;triggerRate_bit5;triggerRate_tot,18.68,-0.5098
2026-04-09T17:40:47Z,Digitizer_run1640_subrun319.csv,40,True,statistical,triggerRate_bit1;triggerRate_bit2;triggerRate_bit5;triggerRate_tot,18.68,-0.5078
2026-04-09T17:40:47Z,Digitizer_run1640_subrun319.csv,41,True,statistical,triggerRate_bit1;triggerRate_bit2;triggerRate_bit5;triggerRate_tot,18.68,-0.5079
2026-04-09T17:40:47Z,Digitizer_run1640_subrun319.csv,42,True,statistical,triggerRate_bit1;triggerRate_bit2;triggerRate_bit5;triggerRate_tot,18.68,-0.5002
2026-04-09T17:40:47Z,Digitizer_run1640_subrun319.csv,43,True,statistical,triggerRate_bit1;triggerRate_bit2;triggerRate_bit5;triggerRate_tot,18.68,-0.5083
2026-04-09T17:40:47Z,Digitizer_run1640_subrun319.csv,44,True,statistical,triggerRate_bit1;triggerRate_bit2;triggerRate_bit5;triggerRate_tot,18.68,-0.5011
2026-04-09T17:40:47Z,Digitizer_run1640_subrun319.csv,45,True,statistical,triggerRate_bit1;triggerRate_bit2;triggerRate_bit5;triggerRate_tot,18.68,-0.4942
2026-04-09T17:40:47Z,Digitizer_run1640_subrun319.csv,46,True,statistical,triggerRate_bit1;triggerRate_bit2;triggerRate_bit5;triggerRate_tot,18.68,-0.5078
2026-04-09T17:40:47Z,Digitizer_run1640_subrun319.csv,47,True,statistical,triggerRate_bit1;triggerRate_bit2;triggerRate_bit5;triggerRate_tot,18.68,-0.5002
2026-04-09T17:40:47Z,Digitizer_run1640_subrun319.csv,48,True,statistical,triggerRate_bit1;triggerRate_bit2;triggerRate_bit5;triggerRate_tot,18.68,-0.4845
2026-04-09T17:40:47Z,Digitizer_run1640_subrun319.csv,49,True,statistical,triggerRate_bit1;triggerRate_bit2;triggerRate_bit5;triggerRate_tot,18.68,-0.5042
2026-04-09T17:40:47Z,Digitizer_run1640_subrun319.csv,50,True,statistical+IF,triggerRate_bit1;triggerRate_bit2;triggerRate_bit5;triggerRate_tot,18.68,-0.5256
2026-04-09T17:40:47Z,Digitizer_run1640_subrun319.csv,51,True,statistical,triggerRate_bit1;triggerRate_bit2;triggerRate_bit5;triggerRate_tot,18.68,-0.4961
2026-04-09T17:40:47Z,Digitizer_run1640_subrun319.csv,52,True,statistical+IF,triggerRate_bit1;triggerRate_bit2;triggerRate_bit5;triggerRate_tot,18.68,-0.5395
2026-04-09T17:40:47Z,Digitizer_run1640_subrun319.csv,53,True,statistical+IF,triggerRate_bit1;triggerRate_bit2;triggerRate_bit5;triggerRate_tot,18.68,-0.5407
2026-04-09T17:40:47Z,Digitizer_run1640_subrun319.csv,54,True,statistical+IF,triggerRate_bit1;triggerRate_bit2;triggerRate_bit5;triggerRate_tot,18.68,-0.5325
2026-04-09T17:40:47Z,Digitizer_run1640_subrun319.csv,55,True,statistical+IF,triggerRate_bit1;triggerRate_bit2;triggerRate_bit5;triggerRate_tot,18.68,-0.5537
2026-04-09T17:40:47Z,Digitizer_run1640_subrun319.csv,56,True,statistical+IF,sideband_mean_median;pulseDuriation_max_mean;pulseDuriation_max_median;occupancy;triggerRate_bit1;triggerRate_bit2;triggerRate_bit5;triggerRate_tot,18.68,-0.5486
2026-04-09T17:40:47Z,Digitizer_run1640_subrun319.csv,57,True,statistical,triggerRate_bit1;triggerRate_bit2;triggerRate_bit5;triggerRate_tot,18.68,-0.499
2026-04-09T17:40:47Z,Digitizer_run1640_subrun319.csv,58,True,statistical,triggerRate_bit1;triggerRate_bit2;triggerRate_bit5;triggerRate_tot,18.68,-0.4986
2026-04-09T17:40:47Z,Digitizer_run1640_subrun319.csv,59,True,statistical,triggerRate_bit1;triggerRate_bit2;triggerRate_bit5;triggerRate_tot,18.68,-0.4989
2026-04-09T17:40:47Z,Digitizer_run1640_subrun319.csv,60,True,statistical+IF,triggerRate_bit1;triggerRate_bit2;triggerRate_bit5;triggerRate_tot,18.68,-0.5141
2026-04-09T17:40:47Z,Digitizer_run1640_subrun319.csv,61,True,statistical+IF,triggerRate_bit1;triggerRate_bit2;triggerRate_bit5;triggerRate_tot,18.68,-0.5292
2026-04-09T17:40:47Z,Digitizer_run1640_subrun319.csv,62,True,statistical,triggerRate_bit1;triggerRate_bit2;triggerRate_bit5;triggerRate_tot,18.68,-0.5126
2026-04-09T17:40:47Z,Digitizer_run1640_subrun319.csv,63,True,statistical,triggerRate_bit1;triggerRate_bit2;triggerRate_bit5;triggerRate_tot,18.68,-0.502
2026-04-09T17:40:47Z,Digitizer_run1640_subrun319.csv,64,True,statistical,triggerRate_bit1;triggerRate_bit2;triggerRate_bit5;triggerRate_tot,18.68,-0.4965
2026-04-09T17:40:47Z,Digitizer_run1640_subrun319.csv,65,True,statistical,triggerRate_bit1;triggerRate_bit2;triggerRate_bit5;triggerRate_tot,18.68,-0.5119
2026-04-09T17:40:47Z,Digitizer_run1640_subrun319.csv,66,True,statistical,triggerRate_bit1;triggerRate_bit2;triggerRate_bit5;triggerRate_tot,18.68,-0.4899
2026-04-09T17:40:47Z,Digitizer_run1640_subrun319.csv,67,True,statistical,triggerRate_bit1;triggerRate_bit2;triggerRate_bit5;triggerRate_tot,18.68,-0.5033
2026-04-09T17:40:47Z,Digitizer_run1640_subrun319.csv,68,True,statistical+IF,sideband_rms_mean;triggerRate_bit1;triggerRate_bit2;triggerRate_bit5;triggerRate_tot,18.68,-0.551
2026-04-09T17:40:47Z,Digitizer_run1640_subrun319.csv,69,True,statistical+IF,sideband_mean_mean;sideband_rms_mean;triggerRate_bit1;triggerRate_bit2;triggerRate_bit5;triggerRate_tot,18.68,-0.5327
2026-04-09T17:40:47Z,Digitizer_run1640_subrun319.csv,70,True,statistical+IF,triggerRate_bit1;triggerRate_bit2;triggerRate_bit5;triggerRate_tot,18.68,-0.5386
2026-04-09T17:40:47Z,Digitizer_run1640_subrun319.csv,71,True,statistical+IF,triggerRate_bit1;triggerRate_bit2;triggerRate_bit5;triggerRate_tot,18.68,-0.5198
2026-04-09T17:40:47Z,Digitizer_run1640_subrun319.csv,72,True,statistical,triggerRate_bit1;triggerRate_bit2;triggerRate_bit5;triggerRate_tot,18.68,-0.5111
2026-04-09T17:40:47Z,Digitizer_run1640_subrun319.csv,73,True,statistical,triggerRate_bit1;triggerRate_bit2;triggerRate_bit5;triggerRate_tot,18.68,-0.4968
2026-04-09T17:40:47Z,Digitizer_run1640_subrun319.csv,74,True,statistical+IF,triggerRate_bit1;triggerRate_bit2;triggerRate_bit5;triggerRate_tot,18.68,-0.5197
2026-04-09T17:40:47Z,Digitizer_run1640_subrun319.csv,75,True,statistical+IF,triggerRate_bit1;triggerRate_bit2;triggerRate_bit5;triggerRate_tot,18.68,-0.5163
2026-04-09T17:40:47Z,Digitizer_run1640_subrun319.csv,76,True,statistical+IF,triggerRate_bit1;triggerRate_bit2;triggerRate_bit5;triggerRate_tot,18.68,-0.5245
2026-04-09T17:40:47Z,Digitizer_run1640_subrun319.csv,77,True,statistical,triggerRate_bit1;triggerRate_bit2;triggerRate_bit5;triggerRate_tot,18.68,-0.5104
2026-04-09T17:40:47Z,Digitizer_run1640_subrun319.csv,78,True,statistical,triggerRate_bit1;triggerRate_bit2;triggerRate_bit5;triggerRate_tot,18.68,-0.4931
2026-04-09T17:40:47Z,Digitizer_run1640_subrun319.csv,79,True,statistical,triggerRate_bit1;triggerRate_bit2;triggerRate_bit5;triggerRate_tot,18.68,-0.5001
2026-04-09T17:40:47Z,Digitizer_run1640_subrun319.csv,80,True,statistical+IF,nPulses_median;occupancy;triggerRate_bit1;triggerRate_bit2;triggerRate_bit5;triggerRate_tot,18.68,-0.5312
2026-04-09T17:40:47Z,Digitizer_run1640_subrun319.csv,81,True,statistical,triggerRate_bit1;triggerRate_bit2;triggerRate_bit5;triggerRate_tot,18.68,-0.4947
2026-04-09T17:40:47Z,Digitizer_run1640_subrun319.csv,82,True,statistical,triggerRate_bit1;triggerRate_bit2;triggerRate_bit5;triggerRate_tot,18.68,-0.4984
2026-04-09T17:40:47Z,Digitizer_run1640_subrun319.csv,83,True,statistical,triggerRate_bit1;triggerRate_bit2;triggerRate_bit5;triggerRate_tot,18.68,-0.4877
2026-04-09T17:40:47Z,Digitizer_run1640_subrun319.csv,84,True,statistical,triggerRate_bit1;triggerRate_bit2;triggerRate_bit5;triggerRate_tot,18.68,-0.5049
2026-04-09T17:40:47Z,Digitizer_run1640_subrun319.csv,85,True,statistical,triggerRate_bit1;triggerRate_bit2;triggerRate_bit5;triggerRate_tot,18.68,-0.4897
2026-04-09T17:40:47Z,Digitizer_run1640_subrun319.csv,86,True,statistical+IF,triggerRate_bit1;triggerRate_bit2;triggerRate_bit5;triggerRate_tot,18.68,-0.5209
2026-04-09T17:40:47Z,Digitizer_run1640_subrun319.csv,87,True,statistical,triggerRate_bit1;triggerRate_bit2;triggerRate_bit5;triggerRate_tot,18.68,-0.5032
2026-04-09T17:40:47Z,Digitizer_run1640_subrun319.csv,88,True,statistical,triggerRate_bit1;triggerRate_bit2;triggerRate_bit5;triggerRate_tot,18.68,-0.5108
2026-04-09T17:40:47Z,Digitizer_run1640_subrun319.csv,89,True,statistical,triggerRate_bit1;triggerRate_bit2;triggerRate_bit5;triggerRate_tot,18.68,-0.5073
2026-04-09T17:40:47Z,Digitizer_run1640_subrun319.csv,90,True,statistical+IF,triggerRate_bit1;triggerRate_bit2;triggerRate_bit5;triggerRate_tot,18.68,-0.5154
2026-04-09T17:40:47Z,Digitizer_run1640_subrun319.csv,91,True,statistical,triggerRate_bit1;triggerRate_bit2;triggerRate_bit5;triggerRate_tot,18.68,-0.5132
2026-04-09T17:40:47Z,Digitizer_run1640_subrun319.csv,92,True,statistical,triggerRate_bit1;triggerRate_bit2;triggerRate_bit5;triggerRate_tot,18.68,-0.4947
2026-04-09T17:40:47Z,Digitizer_run1640_subrun319.csv,93,True,statistical+IF,triggerRate_bit1;triggerRate_bit2;triggerRate_bit5;triggerRate_tot,18.68,-0.5348
2026-04-09T17:40:47Z,Digitizer_run1640_subrun319.csv,94,True,statistical+IF,triggerRate_bit1;triggerRate_bit2;triggerRate_bit5;triggerRate_tot,18.68,-0.5145
2026-04-09T17:40:47Z,Digitizer_run1640_subrun319.csv,95,True,statistical,triggerRate_bit1;triggerRate_bit2;triggerRate_bit5;triggerRate_tot,18.68,-0.5104
2026-04-09T17:40:54Z,Digitizer_run1640_subrun585.csv,32,True,missing_channel,missing_channel,nan,nan
2026-04-09T17:40:54Z,Digitizer_run1640_subrun585.csv,33,True,missing_channel,missing_channel,nan,nan
2026-04-09T17:40:54Z,Digitizer_run1640_subrun585.csv,0,True,statistical,LVDSpin16,6.19,-0.4484
2026-04-09T17:40:54Z,Digitizer_run1640_subrun585.csv,1,True,statistical,LVDSpin16,6.19,-0.4636
2026-04-09T17:40:54Z,Digitizer_run1640_subrun585.csv,2,True,statistical,LVDSpin16,6.19,-0.4422
2026-04-09T17:40:54Z,Digitizer_run1640_subrun585.csv,3,True,statistical,LVDSpin16,6.19,-0.4414
2026-04-09T17:40:54Z,Digitizer_run1640_subrun585.csv,4,True,statistical,LVDSpin16,6.19,-0.4754
2026-04-09T17:40:54Z,Digitizer_run1640_subrun585.csv,5,True,statistical,LVDSpin16,6.19,-0.4673
2026-04-09T17:40:54Z,Digitizer_run1640_subrun585.csv,6,True,statistical,LVDSpin16,6.19,-0.4585
2026-04-09T17:40:54Z,Digitizer_run1640_subrun585.csv,7,True,statistical,LVDSpin16,6.19,-0.4524
2026-04-09T17:40:54Z,Digitizer_run1640_subrun585.csv,8,True,statistical,LVDSpin16,6.19,-0.4758
2026-04-09T17:40:54Z,Digitizer_run1640_subrun585.csv,9,True,statistical,LVDSpin16,6.19,-0.4801
2026-04-09T17:40:54Z,Digitizer_run1640_subrun585.csv,10,True,statistical,LVDSpin16,6.19,-0.446
2026-04-09T17:40:54Z,Digitizer_run1640_subrun585.csv,11,True,statistical,LVDSpin16,6.19,-0.4422
2026-04-09T17:40:54Z,Digitizer_run1640_subrun585.csv,12,True,statistical,LVDSpin16,6.19,-0.4475
2026-04-09T17:40:54Z,Digitizer_run1640_subrun585.csv,13,True,statistical,LVDSpin16,6.19,-0.4624
2026-04-09T17:40:54Z,Digitizer_run1640_subrun585.csv,14,True,statistical,LVDSpin16,6.19,-0.4558
2026-04-09T17:40:54Z,Digitizer_run1640_subrun585.csv,15,True,statistical,LVDSpin16,6.19,-0.4514
2026-04-09T17:40:54Z,Digitizer_run1640_subrun585.csv,16,True,statistical,LVDSpin16,6.19,-0.4551
2026-04-09T17:40:54Z,Digitizer_run1640_subrun585.csv,17,True,statistical,LVDSpin16,6.19,-0.4612
2026-04-09T17:40:54Z,Digitizer_run1640_subrun585.csv,18,True,statistical,LVDSpin16,6.19,-0.4496
2026-04-09T17:40:54Z,Digitizer_run1640_subrun585.csv,19,True,statistical,LVDSpin16,6.19,-0.4576
2026-04-09T17:40:54Z,Digitizer_run1640_subrun585.csv,20,True,statistical,LVDSpin16,6.19,-0.4789
2026-04-09T17:40:54Z,Digitizer_run1640_subrun585.csv,21,True,statistical,LVDSpin16,6.19,-0.4805
2026-04-09T17:40:54Z,Digitizer_run1640_subrun585.csv,22,True,statistical,LVDSpin16,6.19,-0.4444
2026-04-09T17:40:54Z,Digitizer_run1640_subrun585.csv,23,True,statistical,LVDSpin16,6.19,-0.4488
2026-04-09T17:40:54Z,Digitizer_run1640_subrun585.csv,24,True,statistical,LVDSpin16,6.19,-0.4526
2026-04-09T17:40:54Z,Digitizer_run1640_subrun585.csv,25,True,statistical,LVDSpin16,6.19,-0.4742
2026-04-09T17:40:54Z,Digitizer_run1640_subrun585.csv,26,True,statistical,LVDSpin16,6.19,-0.4439
2026-04-09T17:40:54Z,Digitizer_run1640_subrun585.csv,27,True,statistical,LVDSpin16,6.19,-0.4444
2026-04-09T17:40:54Z,Digitizer_run1640_subrun585.csv,28,True,statistical,LVDSpin16,6.19,-0.4444
2026-04-09T17:40:54Z,Digitizer_run1640_subrun585.csv,29,True,statistical,LVDSpin16,6.19,-0.4498
2026-04-09T17:40:54Z,Digitizer_run1640_subrun585.csv,30,True,statistical,LVDSpin16,6.19,-0.4615
2026-04-09T17:40:54Z,Digitizer_run1640_subrun585.csv,31,True,statistical,LVDSpin16,6.19,-0.47
2026-04-09T17:40:54Z,Digitizer_run1640_subrun585.csv,34,True,statistical,LVDSpin16,6.19,-0.4603
2026-04-09T17:40:54Z,Digitizer_run1640_subrun585.csv,35,True,statistical,LVDSpin16,6.19,-0.4468
2026-04-09T17:40:54Z,Digitizer_run1640_subrun585.csv,36,True,statistical,LVDSpin16,6.19,-0.4524
2026-04-09T17:40:54Z,Digitizer_run1640_subrun585.csv,37,True,statistical,LVDSpin16,6.19,-0.4861
2026-04-09T17:40:54Z,Digitizer_run1640_subrun585.csv,38,True,statistical,LVDSpin16,6.19,-0.44
2026-04-09T17:40:54Z,Digitizer_run1640_subrun585.csv,39,True,statistical,LVDSpin16,6.19,-0.4408
2026-04-09T17:40:54Z,Digitizer_run1640_subrun585.csv,40,True,statistical,LVDSpin16,6.19,-0.4508
2026-04-09T17:40:54Z,Digitizer_run1640_subrun585.csv,41,True,statistical,LVDSpin16,6.19,-0.4631
2026-04-09T17:40:54Z,Digitizer_run1640_subrun585.csv,42,True,statistical,LVDSpin16,6.19,-0.4549
2026-04-09T17:40:54Z,Digitizer_run1640_subrun585.csv,43,True,statistical,LVDSpin16,6.19,-0.4535
2026-04-09T17:40:54Z,Digitizer_run1640_subrun585.csv,44,True,statistical,LVDSpin16,6.19,-0.4478
2026-04-09T17:40:54Z,Digitizer_run1640_subrun585.csv,45,True,statistical,LVDSpin16,6.19,-0.458
2026-04-09T17:40:54Z,Digitizer_run1640_subrun585.csv,46,True,statistical,LVDSpin16,6.19,-0.4688
2026-04-09T17:40:54Z,Digitizer_run1640_subrun585.csv,47,True,statistical,LVDSpin16,6.19,-0.4642
2026-04-09T17:40:54Z,Digitizer_run1640_subrun585.csv,48,True,statistical,LVDSpin16,6.19,-0.4546
2026-04-09T17:40:54Z,Digitizer_run1640_subrun585.csv,49,True,statistical,LVDSpin16,6.19,-0.4443
2026-04-09T17:40:54Z,Digitizer_run1640_subrun585.csv,50,True,statistical,LVDSpin16,6.19,-0.4624
2026-04-09T17:40:54Z,Digitizer_run1640_subrun585.csv,51,True,statistical,LVDSpin16,6.19,-0.4646
2026-04-09T17:40:54Z,Digitizer_run1640_subrun585.csv,52,True,statistical,LVDSpin16,6.19,-0.4449
2026-04-09T17:40:54Z,Digitizer_run1640_subrun585.csv,53,True,statistical,LVDSpin16,6.19,-0.4489
2026-04-09T17:40:54Z,Digitizer_run1640_subrun585.csv,54,True,statistical,LVDSpin16,6.19,-0.4822
2026-04-09T17:40:54Z,Digitizer_run1640_subrun585.csv,55,True,statistical,LVDSpin16,6.19,-0.4688
2026-04-09T17:40:54Z,Digitizer_run1640_subrun585.csv,56,True,statistical,LVDSpin16,6.19,-0.4692
2026-04-09T17:40:54Z,Digitizer_run1640_subrun585.csv,57,True,statistical,LVDSpin16,6.19,-0.4569
2026-04-09T17:40:54Z,Digitizer_run1640_subrun585.csv,58,True,statistical,LVDSpin16,6.19,-0.4726
2026-04-09T17:40:54Z,Digitizer_run1640_subrun585.csv,59,True,statistical,LVDSpin16,6.19,-0.4718
2026-04-09T17:40:54Z,Digitizer_run1640_subrun585.csv,60,True,statistical,LVDSpin16,6.19,-0.4415
2026-04-09T17:40:54Z,Digitizer_run1640_subrun585.csv,61,True,statistical,LVDSpin16,6.19,-0.4464
2026-04-09T17:40:54Z,Digitizer_run1640_subrun585.csv,62,True,statistical,LVDSpin16,6.19,-0.4587
2026-04-09T17:40:54Z,Digitizer_run1640_subrun585.csv,63,True,statistical,LVDSpin16,6.19,-0.4799
2026-04-09T17:40:54Z,Digitizer_run1640_subrun585.csv,64,True,statistical,LVDSpin16,6.19,-0.4616
2026-04-09T17:40:54Z,Digitizer_run1640_subrun585.csv,65,True,statistical,LVDSpin16,6.19,-0.4566
2026-04-09T17:40:54Z,Digitizer_run1640_subrun585.csv,66,True,statistical,LVDSpin16,6.19,-0.4756
2026-04-09T17:40:54Z,Digitizer_run1640_subrun585.csv,67,True,statistical,LVDSpin16,6.19,-0.4755
2026-04-09T17:40:54Z,Digitizer_run1640_subrun585.csv,68,True,statistical,LVDSpin16,6.19,-0.4537
2026-04-09T17:40:54Z,Digitizer_run1640_subrun585.csv,69,True,statistical,LVDSpin16,6.19,-0.442
2026-04-09T17:40:54Z,Digitizer_run1640_subrun585.csv,70,True,statistical,LVDSpin16,6.19,-0.4526
2026-04-09T17:40:54Z,Digitizer_run1640_subrun585.csv,71,True,statistical,LVDSpin16,6.19,-0.4662
2026-04-09T17:40:54Z,Digitizer_run1640_subrun585.csv,72,True,statistical,LVDSpin16,6.19,-0.4725
2026-04-09T17:40:54Z,Digitizer_run1640_subrun585.csv,73,True,statistical,LVDSpin16,6.19,-0.4578
2026-04-09T17:40:54Z,Digitizer_run1640_subrun585.csv,74,True,statistical,LVDSpin16,6.19,-0.4545
2026-04-09T17:40:54Z,Digitizer_run1640_subrun585.csv,75,True,statistical,LVDSpin16,6.19,-0.4579
2026-04-09T17:40:54Z,Digitizer_run1640_subrun585.csv,76,True,statistical,LVDSpin16,6.19,-0.4543
2026-04-09T17:40:54Z,Digitizer_run1640_subrun585.csv,77,True,statistical,LVDSpin16,6.19,-0.4417
2026-04-09T17:40:54Z,Digitizer_run1640_subrun585.csv,78,True,statistical,LVDSpin16,6.19,-0.4592
2026-04-09T17:40:54Z,Digitizer_run1640_subrun585.csv,79,True,statistical,LVDSpin16,6.19,-0.4587
2026-04-09T17:40:54Z,Digitizer_run1640_subrun585.csv,80,True,statistical,LVDSpin16,6.19,-0.4584
2026-04-09T17:40:54Z,Digitizer_run1640_subrun585.csv,81,True,statistical,LVDSpin16,6.19,-0.4526
2026-04-09T17:40:54Z,Digitizer_run1640_subrun585.csv,82,True,statistical,LVDSpin16,6.19,-0.4647
2026-04-09T17:40:54Z,Digitizer_run1640_subrun585.csv,83,True,statistical,LVDSpin16,6.19,-0.4584
2026-04-09T17:40:54Z,Digitizer_run1640_subrun585.csv,84,True,statistical,LVDSpin16,6.19,-0.453
2026-04-09T17:40:54Z,Digitizer_run1640_subrun585.csv,85,True,statistical,LVDSpin16,6.19,-0.4429
2026-04-09T17:40:54Z,Digitizer_run1640_subrun585.csv,86,True,statistical,LVDSpin16,6.19,-0.4533
2026-04-09T17:40:54Z,Digitizer_run1640_subrun585.csv,87,True,statistical,LVDSpin16,6.19,-0.4514
2026-04-09T17:40:54Z,Digitizer_run1640_subrun585.csv,88,True,statistical,LVDSpin16,6.19,-0.4567
2026-04-09T17:40:54Z,Digitizer_run1640_subrun585.csv,89,True,statistical,LVDSpin16,6.19,-0.4527
2026-04-09T17:40:54Z,Digitizer_run1640_subrun585.csv,90,True,statistical,LVDSpin16,6.19,-0.4633
2026-04-09T17:40:54Z,Digitizer_run1640_subrun585.csv,91,True,statistical,LVDSpin16,6.19,-0.46
2026-04-09T17:40:54Z,Digitizer_run1640_subrun585.csv,92,True,statistical,LVDSpin16,6.19,-0.4827
2026-04-09T17:40:54Z,Digitizer_run1640_subrun585.csv,93,True,statistical,LVDSpin16,6.19,-0.4835
2026-04-09T17:40:54Z,Digitizer_run1640_subrun585.csv,94,True,statistical,LVDSpin16,6.19,-0.4699
2026-04-09T17:40:54Z,Digitizer_run1640_subrun585.csv,95,True,statistical,LVDSpin16,6.19,-0.4635
2026-04-09T17:41:00Z,Digitizer_run1640_subrun208.csv,0,True,statistical,triggerRate_bit1;triggerRate_bit2;triggerRate_bit5;triggerRate_tot,13.96,-0.5013
2026-04-09T17:41:00Z,Digitizer_run1640_subrun208.csv,1,True,statistical,triggerRate_bit1;triggerRate_bit2;triggerRate_bit5;triggerRate_tot,13.96,-0.4896
2026-04-09T17:41:00Z,Digitizer_run1640_subrun208.csv,2,True,statistical,triggerRate_bit1;triggerRate_bit2;triggerRate_bit5;triggerRate_tot,13.96,-0.4951
2026-04-09T17:41:00Z,Digitizer_run1640_subrun208.csv,3,True,statistical,triggerRate_bit1;triggerRate_bit2;triggerRate_bit5;triggerRate_tot,13.96,-0.5015
2026-04-09T17:41:00Z,Digitizer_run1640_subrun208.csv,4,True,statistical+IF,triggerRate_bit1;triggerRate_bit2;triggerRate_bit5;triggerRate_tot,13.96,-0.524
2026-04-09T17:41:00Z,Digitizer_run1640_subrun208.csv,5,True,statistical+IF,triggerRate_bit1;triggerRate_bit2;triggerRate_bit5;triggerRate_tot,13.96,-0.5322
2026-04-09T17:41:00Z,Digitizer_run1640_subrun208.csv,6,True,statistical+IF,triggerRate_bit1;triggerRate_bit2;triggerRate_bit5;triggerRate_tot,13.96,-0.5259
2026-04-09T17:41:00Z,Digitizer_run1640_subrun208.csv,7,True,statistical,triggerRate_bit1;triggerRate_bit2;triggerRate_bit5;triggerRate_tot,13.96,-0.512
2026-04-09T17:41:00Z,Digitizer_run1640_subrun208.csv,8,True,statistical,occupancy;triggerRate_bit1;triggerRate_bit2;triggerRate_bit5;triggerRate_tot,13.96,-0.502
2026-04-09T17:41:00Z,Digitizer_run1640_subrun208.csv,9,True,statistical,occupancy;triggerRate_bit1;triggerRate_bit2;triggerRate_bit5;triggerRate_tot,13.96,-0.489
2026-04-09T17:41:00Z,Digitizer_run1640_subrun208.csv,10,True,statistical,triggerRate_bit1;triggerRate_bit2;triggerRate_bit5;triggerRate_tot,13.96,-0.4944
2026-04-09T17:41:00Z,Digitizer_run1640_subrun208.csv,11,True,statistical,triggerRate_bit1;triggerRate_bit2;triggerRate_bit5;triggerRate_tot,13.96,-0.4948
2026-04-09T17:41:00Z,Digitizer_run1640_subrun208.csv,12,True,statistical+IF,triggerRate_bit1;triggerRate_bit2;triggerRate_bit5;triggerRate_tot,13.96,-0.5205
2026-04-09T17:41:00Z,Digitizer_run1640_subrun208.csv,13,True,statistical+IF,triggerRate_bit1;triggerRate_bit2;triggerRate_bit5;triggerRate_tot,13.96,-0.5224
2026-04-09T17:41:00Z,Digitizer_run1640_subrun208.csv,14,True,statistical+IF,triggerRate_bit1;triggerRate_bit2;triggerRate_bit5;triggerRate_tot,13.96,-0.5437
2026-04-09T17:41:00Z,Digitizer_run1640_subrun208.csv,15,True,statistical,triggerRate_bit1;triggerRate_bit2;triggerRate_bit5;triggerRate_tot,13.96,-0.5069
2026-04-09T17:41:00Z,Digitizer_run1640_subrun208.csv,16,True,statistical,triggerRate_bit1;triggerRate_bit2;triggerRate_bit5;triggerRate_tot,13.96,-0.5068
2026-04-09T17:41:00Z,Digitizer_run1640_subrun208.csv,17,True,statistical,triggerRate_bit1;triggerRate_bit2;triggerRate_bit5;triggerRate_tot,13.96,-0.5058
2026-04-09T17:41:00Z,Digitizer_run1640_subrun208.csv,18,True,statistical+IF,triggerRate_bit1;triggerRate_bit2;triggerRate_bit5;triggerRate_tot,13.96,-0.5181
2026-04-09T17:41:00Z,Digitizer_run1640_subrun208.csv,19,True,statistical,triggerRate_bit1;triggerRate_bit2;triggerRate_bit5;triggerRate_tot,13.96,-0.5057
2026-04-09T17:41:00Z,Digitizer_run1640_subrun208.csv,20,True,statistical+IF,triggerRate_bit1;triggerRate_bit2;triggerRate_bit5;triggerRate_tot,13.96,-0.5181
2026-04-09T17:41:00Z,Digitizer_run1640_subrun208.csv,21,True,statistical,triggerRate_bit1;triggerRate_bit2;triggerRate_bit5;triggerRate_tot,13.96,-0.5127
2026-04-09T17:41:00Z,Digitizer_run1640_subrun208.csv,22,True,statistical,triggerRate_bit1;triggerRate_bit2;triggerRate_bit5;triggerRate_tot,13.96,-0.4978
2026-04-09T17:41:00Z,Digitizer_run1640_subrun208.csv,23,True,statistical,triggerRate_bit1;triggerRate_bit2;triggerRate_bit5;triggerRate_tot,13.96,-0.4928
2026-04-09T17:41:00Z,Digitizer_run1640_subrun208.csv,24,True,statistical,triggerRate_bit1;triggerRate_bit2;triggerRate_bit5;triggerRate_tot,13.96,-0.4951
2026-04-09T17:41:00Z,Digitizer_run1640_subrun208.csv,25,True,statistical,triggerRate_bit1;triggerRate_bit2;triggerRate_bit5;triggerRate_tot,13.96,-0.5058
2026-04-09T17:41:00Z,Digitizer_run1640_subrun208.csv,26,True,statistical,triggerRate_bit1;triggerRate_bit2;triggerRate_bit5;triggerRate_tot,13.96,-0.5059
2026-04-09T17:41:00Z,Digitizer_run1640_subrun208.csv,27,True,statistical,triggerRate_bit1;triggerRate_bit2;triggerRate_bit5;triggerRate_tot,13.96,-0.507
2026-04-09T17:41:00Z,Digitizer_run1640_subrun208.csv,28,True,statistical+IF,triggerRate_bit1;triggerRate_bit2;triggerRate_bit5;triggerRate_tot,13.96,-0.5317
2026-04-09T17:41:00Z,Digitizer_run1640_subrun208.csv,29,True,statistical+IF,triggerRate_bit1;triggerRate_bit2;triggerRate_bit5;triggerRate_tot,13.96,-0.5411
2026-04-09T17:41:00Z,Digitizer_run1640_subrun208.csv,30,True,statistical+IF,triggerRate_bit1;triggerRate_bit2;triggerRate_bit5;triggerRate_tot,13.96,-0.5222
2026-04-09T17:41:00Z,Digitizer_run1640_subrun208.csv,31,True,statistical,triggerRate_bit1;triggerRate_bit2;triggerRate_bit5;triggerRate_tot,13.96,-0.513
2026-04-09T17:41:00Z,Digitizer_run1640_subrun208.csv,32,True,statistical+IF,sideband_mean_median;nPulses_mean;nPulses_median;pulseHeight_max_mean;pulseHeight_max_std;pulseHeight_min_mean;pulseHeight_min_std;pulseArea_max_mean;pulseDuriation_max_mean;pulseDuriation_max_median;occupancy;triggerRate_bit1;triggerRate_bit2;triggerRate_bit5;triggerRate_tot,1000000.0,-0.5895
2026-04-09T17:41:00Z,Digitizer_run1640_subrun208.csv,33,True,statistical+IF,pulseHeight_max_mean;pulseHeight_max_std;pulseHeight_min_mean;pulseHeight_min_std;pulseArea_max_mean;pulseDuriation_max_mean;pulseDuriation_max_median;occupancy;triggerRate_bit1;triggerRate_bit2;triggerRate_bit5;triggerRate_tot,34.49,-0.5572
2026-04-09T17:41:00Z,Digitizer_run1640_subrun208.csv,34,True,statistical+IF,occupancy;triggerRate_bit1;triggerRate_bit2;triggerRate_bit5;triggerRate_tot,13.96,-0.5421
2026-04-09T17:41:00Z,Digitizer_run1640_subrun208.csv,35,True,statistical+IF,triggerRate_bit1;triggerRate_bit2;triggerRate_bit5;triggerRate_tot,13.96,-0.5206
2026-04-09T17:41:00Z,Digitizer_run1640_subrun208.csv,36,True,statistical,triggerRate_bit1;triggerRate_bit2;triggerRate_bit5;triggerRate_tot,13.96,-0.5078
2026-04-09T17:41:00Z,Digitizer_run1640_subrun208.csv,37,True,statistical+IF,triggerRate_bit1;triggerRate_bit2;triggerRate_bit5;triggerRate_tot,13.96,-0.5367
2026-04-09T17:41:00Z,Digitizer_run1640_subrun208.csv,38,True,statistical,triggerRate_bit1;triggerRate_bit2;triggerRate_bit5;triggerRate_tot,13.96,-0.5076
2026-04-09T17:41:00Z,Digitizer_run1640_subrun208.csv,39,True,statistical,triggerRate_bit1;triggerRate_bit2;triggerRate_bit5;triggerRate_tot,13.96,-0.4985
2026-04-09T17:41:00Z,Digitizer_run1640_subrun208.csv,40,True,statistical,triggerRate_bit1;triggerRate_bit2;triggerRate_bit5;triggerRate_tot,13.96,-0.501
2026-04-09T17:41:00Z,Digitizer_run1640_subrun208.csv,41,True,statistical,triggerRate_bit1;triggerRate_bit2;triggerRate_bit5;triggerRate_tot,13.96,-0.4983
2026-04-09T17:41:00Z,Digitizer_run1640_subrun208.csv,42,True,statistical,triggerRate_bit1;triggerRate_bit2;triggerRate_bit5;triggerRate_tot,13.96,-0.504
2026-04-09T17:41:00Z,Digitizer_run1640_subrun208.csv,43,True,statistical,triggerRate_bit1;triggerRate_bit2;triggerRate_bit5;triggerRate_tot,13.96,-0.4955
2026-04-09T17:41:00Z,Digitizer_run1640_subrun208.csv,44,True,statistical,triggerRate_bit1;triggerRate_bit2;triggerRate_bit5;triggerRate_tot,13.96,-0.5068
2026-04-09T17:41:00Z,Digitizer_run1640_subrun208.csv,45,True,statistical,triggerRate_bit1;triggerRate_bit2;triggerRate_bit5;triggerRate_tot,13.96,-0.5033
2026-04-09T17:41:00Z,Digitizer_run1640_subrun208.csv,46,True,statistical,triggerRate_bit1;triggerRate_bit2;triggerRate_bit5;triggerRate_tot,13.96,-0.5102
2026-04-09T17:41:00Z,Digitizer_run1640_subrun208.csv,47,True,statistical,triggerRate_bit1;triggerRate_bit2;triggerRate_bit5;triggerRate_tot,13.96,-0.4981
2026-04-09T17:41:00Z,Digitizer_run1640_subrun208.csv,48,True,statistical+IF,triggerRate_bit1;triggerRate_bit2;triggerRate_bit5;triggerRate_tot,13.96,-0.5182
2026-04-09T17:41:00Z,Digitizer_run1640_subrun208.csv,49,True,statistical+IF,triggerRate_bit1;triggerRate_bit2;triggerRate_bit5;triggerRate_tot,13.96,-0.5183
2026-04-09T17:41:00Z,Digitizer_run1640_subrun208.csv,50,True,statistical,triggerRate_bit1;triggerRate_bit2;triggerRate_bit5;triggerRate_tot,13.96,-0.5051
2026-04-09T17:41:00Z,Digitizer_run1640_subrun208.csv,51,True,statistical,triggerRate_bit1;triggerRate_bit2;triggerRate_bit5;triggerRate_tot,13.96,-0.5055
2026-04-09T17:41:00Z,Digitizer_run1640_subrun208.csv,52,True,statistical+IF,triggerRate_bit1;triggerRate_bit2;triggerRate_bit5;triggerRate_tot,13.96,-0.5182
2026-04-09T17:41:00Z,Digitizer_run1640_subrun208.csv,53,True,statistical,triggerRate_bit1;triggerRate_bit2;triggerRate_bit5;triggerRate_tot,13.96,-0.512
2026-04-09T17:41:00Z,Digitizer_run1640_subrun208.csv,54,True,statistical+IF,triggerRate_bit1;triggerRate_bit2;triggerRate_bit5;triggerRate_tot,13.96,-0.5216
2026-04-09T17:41:00Z,Digitizer_run1640_subrun208.csv,55,True,statistical+IF,triggerRate_bit1;triggerRate_bit2;triggerRate_bit5;triggerRate_tot,13.96,-0.5263
2026-04-09T17:41:00Z,Digitizer_run1640_subrun208.csv,56,True,statistical+IF,sideband_mean_median;pulseDuriation_max_median;occupancy;triggerRate_bit1;triggerRate_bit2;triggerRate_bit5;triggerRate_tot,13.96,-0.54
2026-04-09T17:41:00Z,Digitizer_run1640_subrun208.csv,57,True,statistical,triggerRate_bit1;triggerRate_bit2;triggerRate_bit5;triggerRate_tot,13.96,-0.4929
2026-04-09T17:41:00Z,Digitizer_run1640_subrun208.csv,58,True,statistical,triggerRate_bit1;triggerRate_bit2;triggerRate_bit5;triggerRate_tot,13.96,-0.5006
2026-04-09T17:41:00Z,Digitizer_run1640_subrun208.csv,59,True,statistical,triggerRate_bit1;triggerRate_bit2;triggerRate_bit5;triggerRate_tot,13.96,-0.4948
2026-04-09T17:41:00Z,Digitizer_run1640_subrun208.csv,60,True,statistical,triggerRate_bit1;triggerRate_bit2;triggerRate_bit5;triggerRate_tot,13.96,-0.5105
2026-04-09T17:41:00Z,Digitizer_run1640_subrun208.csv,61,True,statistical+IF,triggerRate_bit1;triggerRate_bit2;triggerRate_bit5;triggerRate_tot,13.96,-0.5265
2026-04-09T17:41:00Z,Digitizer_run1640_subrun208.csv,62,True,statistical,triggerRate_bit1;triggerRate_bit2;triggerRate_bit5;triggerRate_tot,13.96,-0.4961
2026-04-09T17:41:00Z,Digitizer_run1640_subrun208.csv,63,True,statistical,triggerRate_bit1;triggerRate_bit2;triggerRate_bit5;triggerRate_tot,13.96,-0.4981
2026-04-09T17:41:00Z,Digitizer_run1640_subrun208.csv,64,True,statistical,triggerRate_bit1;triggerRate_bit2;triggerRate_bit5;triggerRate_tot,13.96,-0.5008
2026-04-09T17:41:00Z,Digitizer_run1640_subrun208.csv,65,True,statistical,triggerRate_bit1;triggerRate_bit2;triggerRate_bit5;triggerRate_tot,13.96,-0.5048
2026-04-09T17:41:00Z,Digitizer_run1640_subrun208.csv,66,True,statistical,triggerRate_bit1;triggerRate_bit2;triggerRate_bit5;triggerRate_tot,13.96,-0.4952
2026-04-09T17:41:00Z,Digitizer_run1640_subrun208.csv,67,True,statistical,triggerRate_bit1;triggerRate_bit2;triggerRate_bit5;triggerRate_tot,13.96,-0.5067
2026-04-09T17:41:00Z,Digitizer_run1640_subrun208.csv,68,True,statistical,triggerRate_bit1;triggerRate_bit2;triggerRate_bit5;triggerRate_tot,13.96,-0.5002
2026-04-09T17:41:00Z,Digitizer_run1640_subrun208.csv,69,True,statistical+IF,triggerRate_bit1;triggerRate_bit2;triggerRate_bit5;triggerRate_tot,13.96,-0.5157
2026-04-09T17:41:00Z,Digitizer_run1640_subrun208.csv,70,True,statistical,triggerRate_bit1;triggerRate_bit2;triggerRate_bit5;triggerRate_tot,13.96,-0.4934
2026-04-09T17:41:00Z,Digitizer_run1640_subrun208.csv,71,True,statistical,triggerRate_bit1;triggerRate_bit2;triggerRate_bit5;triggerRate_tot,13.96,-0.5054
2026-04-09T17:41:00Z,Digitizer_run1640_subrun208.csv,72,True,statistical+IF,triggerRate_bit1;triggerRate_bit2;triggerRate_bit5;triggerRate_tot,13.96,-0.5305
2026-04-09T17:41:00Z,Digitizer_run1640_subrun208.csv,73,True,statistical,triggerRate_bit1;triggerRate_bit2;triggerRate_bit5;triggerRate_tot,13.96,-0.4954
2026-04-09T17:41:00Z,Digitizer_run1640_subrun208.csv,74,True,statistical+IF,triggerRate_bit1;triggerRate_bit2;triggerRate_bit5;triggerRate_tot,13.96,-0.5287
2026-04-09T17:41:00Z,Digitizer_run1640_subrun208.csv,75,True,statistical,triggerRate_bit1;triggerRate_bit2;triggerRate_bit5;triggerRate_tot,13.96,-0.5068
2026-04-09T17:41:00Z,Digitizer_run1640_subrun208.csv,76,True,statistical+IF,triggerRate_bit1;triggerRate_bit2;triggerRate_bit5;triggerRate_tot,13.96,-0.5156
2026-04-09T17:41:00Z,Digitizer_run1640_subrun208.csv,77,True,statistical+IF,triggerRate_bit1;triggerRate_bit2;triggerRate_bit5;triggerRate_tot,13.96,-0.5238
2026-04-09T17:41:00Z,Digitizer_run1640_subrun208.csv,78,True,statistical+IF,triggerRate_bit1;triggerRate_bit2;triggerRate_bit5;triggerRate_tot,13.96,-0.5158
2026-04-09T17:41:00Z,Digitizer_run1640_subrun208.csv,79,True,statistical+IF,triggerRate_bit1;triggerRate_bit2;triggerRate_bit5;triggerRate_tot,13.96,-0.5464
2026-04-09T17:41:00Z,Digitizer_run1640_subrun208.csv,80,True,statistical+IF,nPulses_median;occupancy;triggerRate_bit1;triggerRate_bit2;triggerRate_bit5;triggerRate_tot,13.96,-0.5149
2026-04-09T17:41:00Z,Digitizer_run1640_subrun208.csv,81,True,statistical,triggerRate_bit1;triggerRate_bit2;triggerRate_bit5;triggerRate_tot,13.96,-0.5099
2026-04-09T17:41:00Z,Digitizer_run1640_subrun208.csv,82,True,statistical+IF,triggerRate_bit1;triggerRate_bit2;triggerRate_bit5;triggerRate_tot,13.96,-0.544
2026-04-09T17:41:00Z,Digitizer_run1640_subrun208.csv,83,True,statistical,triggerRate_bit1;triggerRate_bit2;triggerRate_bit5;triggerRate_tot,13.96,-0.4923
2026-04-09T17:41:00Z,Digitizer_run1640_subrun208.csv,84,True,statistical+IF,pulseArea_min_median;triggerRate_bit1;triggerRate_bit2;triggerRate_bit5;triggerRate_tot,13.96,-0.5532
2026-04-09T17:41:00Z,Digitizer_run1640_subrun208.csv,85,True,statistical+IF,triggerRate_bit1;triggerRate_bit2;triggerRate_bit5;triggerRate_tot,13.96,-0.5326
2026-04-09T17:41:00Z,Digitizer_run1640_subrun208.csv,86,True,statistical,triggerRate_bit1;triggerRate_bit2;triggerRate_bit5;triggerRate_tot,13.96,-0.5047
2026-04-09T17:41:00Z,Digitizer_run1640_subrun208.csv,87,True,statistical,triggerRate_bit1;triggerRate_bit2;triggerRate_bit5;triggerRate_tot,13.96,-0.4924
2026-04-09T17:41:00Z,Digitizer_run1640_subrun208.csv,88,True,statistical,triggerRate_bit1;triggerRate_bit2;triggerRate_bit5;triggerRate_tot,13.96,-0.5053
2026-04-09T17:41:00Z,Digitizer_run1640_subrun208.csv,89,True,statistical+IF,triggerRate_bit1;triggerRate_bit2;triggerRate_bit5;triggerRate_tot,13.96,-0.5169
2026-04-09T17:41:00Z,Digitizer_run1640_subrun208.csv,90,True,statistical,triggerRate_bit1;triggerRate_bit2;triggerRate_bit5;triggerRate_tot,13.96,-0.5106
2026-04-09T17:41:00Z,Digitizer_run1640_subrun208.csv,91,True,statistical,triggerRate_bit1;triggerRate_bit2;triggerRate_bit5;triggerRate_tot,13.96,-0.5074
2026-04-09T17:41:00Z,Digitizer_run1640_subrun208.csv,92,True,statistical+IF,triggerRate_bit1;triggerRate_bit2;triggerRate_bit5;triggerRate_tot,13.96,-0.5384
2026-04-09T17:41:00Z,Digitizer_run1640_subrun208.csv,93,True,statistical,triggerRate_bit1;triggerRate_bit2;triggerRate_bit5;triggerRate_tot,13.96,-0.5087
2026-04-09T17:41:00Z,Digitizer_run1640_subrun208.csv,94,True,statistical,triggerRate_bit1;triggerRate_bit2;triggerRate_bit5;triggerRate_tot,13.96,-0.5079
2026-04-09T17:41:00Z,Digitizer_run1640_subrun208.csv,95,True,statistical,triggerRate_bit1;triggerRate_bit2;triggerRate_bit5;triggerRate_tot,13.96,-0.5057
2026-04-09T17:41:05Z,Digitizer_run1640_subrun291.csv,0,True,statistical,pulseDuriation_max_std;pulseDuriation_min_std;triggerRate_bit2;triggerRate_tot,13.73,-0.4913
2026-04-09T17:41:05Z,Digitizer_run1640_subrun291.csv,1,True,statistical,triggerRate_bit2;triggerRate_tot,13.73,-0.4783
2026-04-09T17:41:05Z,Digitizer_run1640_subrun291.csv,2,True,statistical,triggerRate_bit2;triggerRate_tot,13.73,-0.4681
2026-04-09T17:41:05Z,Digitizer_run1640_subrun291.csv,3,True,statistical,triggerRate_bit2;triggerRate_tot,13.73,-0.4774
2026-04-09T17:41:05Z,Digitizer_run1640_subrun291.csv,4,True,statistical,triggerRate_bit2;triggerRate_tot,13.73,-0.4709
2026-04-09T17:41:05Z,Digitizer_run1640_subrun291.csv,5,True,statistical,triggerRate_bit2;triggerRate_tot,13.73,-0.5001
2026-04-09T17:41:05Z,Digitizer_run1640_subrun291.csv,6,True,statistical,triggerRate_bit2;triggerRate_tot,13.73,-0.4841
2026-04-09T17:41:05Z,Digitizer_run1640_subrun291.csv,7,True,statistical,triggerRate_bit2;triggerRate_tot,13.73,-0.4701
2026-04-09T17:41:05Z,Digitizer_run1640_subrun291.csv,8,True,statistical,occupancy;triggerRate_bit2;triggerRate_tot,13.73,-0.4679
2026-04-09T17:41:05Z,Digitizer_run1640_subrun291.csv,9,True,statistical,occupancy;triggerRate_bit2;triggerRate_tot,13.73,-0.4561
2026-04-09T17:41:05Z,Digitizer_run1640_subrun291.csv,10,True,statistical,triggerRate_bit2;triggerRate_tot,13.73,-0.4581
2026-04-09T17:41:05Z,Digitizer_run1640_subrun291.csv,11,True,statistical,triggerRate_bit2;triggerRate_tot,13.73,-0.4723
2026-04-09T17:41:05Z,Digitizer_run1640_subrun291.csv,12,True,statistical,triggerRate_bit2;triggerRate_tot,13.73,-0.4657
2026-04-09T17:41:05Z,Digitizer_run1640_subrun291.csv,13,True,statistical,triggerRate_bit2;triggerRate_tot,13.73,-0.4793
2026-04-09T17:41:05Z,Digitizer_run1640_subrun291.csv,14,True,statistical,triggerRate_bit2;triggerRate_tot,13.73,-0.5075
2026-04-09T17:41:05Z,Digitizer_run1640_subrun291.csv,15,True,statistical,triggerRate_bit2;triggerRate_tot,13.73,-0.4819
2026-04-09T17:41:05Z,Digitizer_run1640_subrun291.csv,16,True,statistical,triggerRate_bit2;triggerRate_tot,13.73,-0.4569
2026-04-09T17:41:05Z,Digitizer_run1640_subrun291.csv,17,True,statistical,triggerRate_bit2;triggerRate_tot,13.73,-0.4688
2026-04-09T17:41:05Z,Digitizer_run1640_subrun291.csv,18,True,statistical,triggerRate_bit2;triggerRate_tot,13.73,-0.4683
2026-04-09T17:41:05Z,Digitizer_run1640_subrun291.csv,19,True,statistical,triggerRate_bit2;triggerRate_tot,13.73,-0.4646
2026-04-09T17:41:05Z,Digitizer_run1640_subrun291.csv,20,True,statistical,triggerRate_bit2;triggerRate_tot,13.73,-0.4486
2026-04-09T17:41:05Z,Digitizer_run1640_subrun291.csv,21,True,statistical,triggerRate_bit2;triggerRate_tot,13.73,-0.4563
2026-04-09T17:41:05Z,Digitizer_run1640_subrun291.csv,22,True,statistical,triggerRate_bit2;triggerRate_tot,13.73,-0.5091
2026-04-09T17:41:05Z,Digitizer_run1640_subrun291.csv,23,True,statistical+IF,pulseHeight_max_median;pulseArea_max_median;triggerRate_bit2;triggerRate_tot,13.73,-0.5235
2026-04-09T17:41:05Z,Digitizer_run1640_subrun291.csv,24,True,statistical,triggerRate_bit2;triggerRate_tot,13.73,-0.4928
2026-04-09T17:41:05Z,Digitizer_run1640_subrun291.csv,25,True,statistical,triggerRate_bit2;triggerRate_tot,13.73,-0.5021
2026-04-09T17:41:05Z,Digitizer_run1640_subrun291.csv,26,True,statistical,triggerRate_bit2;triggerRate_tot,13.73,-0.4744
2026-04-09T17:41:05Z,Digitizer_run1640_subrun291.csv,27,True,statistical,triggerRate_bit2;triggerRate_tot,13.73,-0.4937
2026-04-09T17:41:05Z,Digitizer_run1640_subrun291.csv,28,True,statistical,pulseDuriation_max_median;triggerRate_bit2;triggerRate_tot,13.73,-0.4975
2026-04-09T17:41:05Z,Digitizer_run1640_subrun291.csv,29,True,statistical,triggerRate_bit2;triggerRate_tot,13.73,-0.4773
2026-04-09T17:41:05Z,Digitizer_run1640_subrun291.csv,30,True,statistical,occupancy;triggerRate_bit2;triggerRate_tot,13.73,-0.4858
2026-04-09T17:41:05Z,Digitizer_run1640_subrun291.csv,31,True,statistical,triggerRate_bit2;triggerRate_tot,13.73,-0.4689
2026-04-09T17:41:05Z,Digitizer_run1640_subrun291.csv,32,True,statistical+IF,sideband_mean_median;nPulses_mean;nPulses_std;nPulses_median;pulseHeight_max_mean;pulseHeight_max_std;pulseHeight_min_mean;pulseHeight_min_std;pulseArea_max_mean;pulseDuriation_max_mean;pulseDuriation_max_median;pulseDuriation_min_mean;occupancy;triggerRate_bit2;triggerRate_tot,1000000.0,-0.5564
2026-04-09T17:41:05Z,Digitizer_run1640_subrun291.csv,33,True,statistical+IF,sideband_mean_median;pulseHeight_max_mean;pulseHeight_max_std;pulseHeight_min_mean;pulseHeight_min_std;pulseArea_max_mean;pulseDuriation_max_mean;pulseDuriation_max_median;occupancy;triggerRate_bit2;triggerRate_tot,39.04,-0.5261
2026-04-09T17:41:05Z,Digitizer_run1640_subrun291.csv,34,True,statistical,triggerRate_bit2;triggerRate_tot,13.73,-0.4643
2026-04-09T17:41:05Z,Digitizer_run1640_subrun291.csv,35,True,statistical,triggerRate_bit2;triggerRate_tot,13.73,-0.4715
2026-04-09T17:41:05Z,Digitizer_run1640_subrun291.csv,36,True,statistical,triggerRate_bit2;triggerRate_tot,13.73,-0.4781
2026-04-09T17:41:05Z,Digitizer_run1640_subrun291.csv,37,True,statistical,triggerRate_bit2;triggerRate_tot,13.73,-0.4845
2026-04-09T17:41:05Z,Digitizer_run1640_subrun291.csv,38,True,statistical,triggerRate_bit2;triggerRate_tot,13.73,-0.4893
2026-04-09T17:41:05Z,Digitizer_run1640_subrun291.csv,39,True,statistical,triggerRate_bit2;triggerRate_tot,13.73,-0.4712
2026-04-09T17:41:05Z,Digitizer_run1640_subrun291.csv,40,True,statistical,triggerRate_bit2;triggerRate_tot,13.73,-0.4664
2026-04-09T17:41:05Z,Digitizer_run1640_subrun291.csv,41,True,statistical,triggerRate_bit2;triggerRate_tot,13.73,-0.4643
2026-04-09T17:41:05Z,Digitizer_run1640_subrun291.csv,42,True,statistical,triggerRate_bit2;triggerRate_tot,13.73,-0.4795
2026-04-09T17:41:05Z,Digitizer_run1640_subrun291.csv,43,True,statistical,triggerRate_bit2;triggerRate_tot,13.73,-0.4778
2026-04-09T17:41:05Z,Digitizer_run1640_subrun291.csv,44,True,statistical,triggerRate_bit2;triggerRate_tot,13.73,-0.4519
2026-04-09T17:41:05Z,Digitizer_run1640_subrun291.csv,45,True,statistical,triggerRate_bit2;triggerRate_tot,13.73,-0.4548
2026-04-09T17:41:05Z,Digitizer_run1640_subrun291.csv,46,True,statistical+IF,sideband_rms_mean;triggerRate_bit2;triggerRate_tot,13.73,-0.5166
2026-04-09T17:41:05Z,Digitizer_run1640_subrun291.csv,47,True,statistical,sideband_rms_mean;triggerRate_bit2;triggerRate_tot,13.73,-0.4867
2026-04-09T17:41:05Z,Digitizer_run1640_subrun291.csv,48,True,statistical,triggerRate_bit2;triggerRate_tot,13.73,-0.4731
2026-04-09T17:41:05Z,Digitizer_run1640_subrun291.csv,49,True,statistical,triggerRate_bit2;triggerRate_tot,13.73,-0.4989
2026-04-09T17:41:05Z,Digitizer_run1640_subrun291.csv,50,True,statistical,triggerRate_bit2;triggerRate_tot,13.73,-0.4684
2026-04-09T17:41:05Z,Digitizer_run1640_subrun291.csv,51,True,statistical,triggerRate_bit2;triggerRate_tot,13.73,-0.4643
2026-04-09T17:41:05Z,Digitizer_run1640_subrun291.csv,52,True,statistical,triggerRate_bit2;triggerRate_tot,13.73,-0.4862
2026-04-09T17:41:05Z,Digitizer_run1640_subrun291.csv,53,True,statistical,triggerRate_bit2;triggerRate_tot,13.73,-0.5026
2026-04-09T17:41:05Z,Digitizer_run1640_subrun291.csv,54,True,statistical,triggerRate_bit2;triggerRate_tot,13.73,-0.4955
2026-04-09T17:41:05Z,Digitizer_run1640_subrun291.csv,55,True,statistical,triggerRate_bit2;triggerRate_tot,13.73,-0.5072
2026-04-09T17:41:05Z,Digitizer_run1640_subrun291.csv,56,True,statistical+IF,sideband_mean_median;pulseDuriation_max_median;occupancy;triggerRate_bit2;triggerRate_tot,13.73,-0.524
2026-04-09T17:41:05Z,Digitizer_run1640_subrun291.csv,57,True,statistical,triggerRate_bit2;triggerRate_tot,13.73,-0.4553
2026-04-09T17:41:05Z,Digitizer_run1640_subrun291.csv,58,True,statistical,triggerRate_bit2;triggerRate_tot,13.73,-0.5076
2026-04-09T17:41:05Z,Digitizer_run1640_subrun291.csv,59,True,statistical,triggerRate_bit2;triggerRate_tot,13.73,-0.5011
2026-04-09T17:41:05Z,Digitizer_run1640_subrun291.csv,60,True,statistical,triggerRate_bit2;triggerRate_tot,13.73,-0.4814
2026-04-09T17:41:05Z,Digitizer_run1640_subrun291.csv,61,True,statistical,triggerRate_bit2;triggerRate_tot,13.73,-0.4693
2026-04-09T17:41:05Z,Digitizer_run1640_subrun291.csv,62,True,statistical,triggerRate_bit2;triggerRate_tot,13.73,-0.4841
2026-04-09T17:41:05Z,Digitizer_run1640_subrun291.csv,63,True,statistical,triggerRate_bit2;triggerRate_tot,13.73,-0.4617
2026-04-09T17:41:05Z,Digitizer_run1640_subrun291.csv,64,True,statistical,triggerRate_bit2;triggerRate_tot,13.73,-0.4656
2026-04-09T17:41:05Z,Digitizer_run1640_subrun291.csv,65,True,statistical,triggerRate_bit2;triggerRate_tot,13.73,-0.4798
2026-04-09T17:41:05Z,Digitizer_run1640_subrun291.csv,66,True,statistical,triggerRate_bit2;triggerRate_tot,13.73,-0.4682
2026-04-09T17:41:05Z,Digitizer_run1640_subrun291.csv,67,True,statistical,triggerRate_bit2;triggerRate_tot,13.73,-0.4669
2026-04-09T17:41:05Z,Digitizer_run1640_subrun291.csv,68,True,statistical,triggerRate_bit2;triggerRate_tot,13.73,-0.5105
2026-04-09T17:41:05Z,Digitizer_run1640_subrun291.csv,69,True,statistical,triggerRate_bit2;triggerRate_tot,13.73,-0.5017
2026-04-09T17:41:05Z,Digitizer_run1640_subrun291.csv,70,True,statistical,triggerRate_bit2;triggerRate_tot,13.73,-0.4501
2026-04-09T17:41:05Z,Digitizer_run1640_subrun291.csv,71,True,statistical,triggerRate_bit2;triggerRate_tot,13.73,-0.4546
2026-04-09T17:41:05Z,Digitizer_run1640_subrun291.csv,72,True,statistical,triggerRate_bit2;triggerRate_tot,13.73,-0.4717
2026-04-09T17:41:05Z,Digitizer_run1640_subrun291.csv,73,True,statistical,triggerRate_bit2;triggerRate_tot,13.73,-0.4751
2026-04-09T17:41:05Z,Digitizer_run1640_subrun291.csv,74,True,statistical,triggerRate_bit2;triggerRate_tot,13.73,-0.4805
2026-04-09T17:41:05Z,Digitizer_run1640_subrun291.csv,75,True,statistical,triggerRate_bit2;triggerRate_tot,13.73,-0.5078
2026-04-09T17:41:05Z,Digitizer_run1640_subrun291.csv,76,True,statistical,triggerRate_bit2;triggerRate_tot,13.73,-0.4963
2026-04-09T17:41:05Z,Digitizer_run1640_subrun291.csv,77,True,statistical,triggerRate_bit2;triggerRate_tot,13.73,-0.4863
2026-04-09T17:41:05Z,Digitizer_run1640_subrun291.csv,78,True,statistical,triggerRate_bit2;triggerRate_tot,13.73,-0.483
2026-04-09T17:41:05Z,Digitizer_run1640_subrun291.csv,79,True,statistical,triggerRate_bit2;triggerRate_tot,13.73,-0.4956
2026-04-09T17:41:05Z,Digitizer_run1640_subrun291.csv,80,True,statistical,nPulses_median;occupancy;triggerRate_bit2;triggerRate_tot,13.73,-0.4899
2026-04-09T17:41:05Z,Digitizer_run1640_subrun291.csv,81,True,statistical,triggerRate_bit2;triggerRate_tot,13.73,-0.4565
2026-04-09T17:41:05Z,Digitizer_run1640_subrun291.csv,82,True,statistical,triggerRate_bit2;triggerRate_tot,13.73,-0.4875
2026-04-09T17:41:05Z,Digitizer_run1640_subrun291.csv,83,True,statistical,triggerRate_bit2;triggerRate_tot,13.73,-0.4729
2026-04-09T17:41:05Z,Digitizer_run1640_subrun291.csv,84,True,statistical,triggerRate_bit2;triggerRate_tot,13.73,-0.4772
2026-04-09T17:41:05Z,Digitizer_run1640_subrun291.csv,85,True,statistical,triggerRate_bit2;triggerRate_tot,13.73,-0.4572
2026-04-09T17:41:05Z,Digitizer_run1640_subrun291.csv,86,True,statistical,triggerRate_bit2;triggerRate_tot,13.73,-0.4742
2026-04-09T17:41:05Z,Digitizer_run1640_subrun291.csv,87,True,statistical,triggerRate_bit2;triggerRate_tot,13.73,-0.4742
2026-04-09T17:41:05Z,Digitizer_run1640_subrun291.csv,88,True,statistical,triggerRate_bit2;triggerRate_tot,13.73,-0.4678
2026-04-09T17:41:05Z,Digitizer_run1640_subrun291.csv,89,True,statistical,triggerRate_bit2;triggerRate_tot,13.73,-0.4938
2026-04-09T17:41:05Z,Digitizer_run1640_subrun291.csv,90,True,statistical,triggerRate_bit2;triggerRate_tot,13.73,-0.476
2026-04-09T17:41:05Z,Digitizer_run1640_subrun291.csv,91,True,statistical,triggerRate_bit2;triggerRate_tot,13.73,-0.4777
2026-04-09T17:41:05Z,Digitizer_run1640_subrun291.csv,92,True,statistical,triggerRate_bit2;triggerRate_tot,13.73,-0.5095
2026-04-09T17:41:05Z,Digitizer_run1640_subrun291.csv,93,True,statistical+IF,triggerRate_bit2;triggerRate_tot,13.73,-0.5223
2026-04-09T17:41:05Z,Digitizer_run1640_subrun291.csv,94,True,statistical,triggerRate_bit2;triggerRate_tot,13.73,-0.4852
2026-04-09T17:41:05Z,Digitizer_run1640_subrun291.csv,95,True,statistical,triggerRate_bit2;triggerRate_tot,13.73,-0.4682
2026-04-09T17:41:09Z,Digitizer_run1642_subrun72.csv,32,True,missing_channel,missing_channel,nan,nan
2026-04-09T17:41:09Z,Digitizer_run1642_subrun72.csv,33,True,missing_channel,missing_channel,nan,nan
2026-04-09T17:41:09Z,Digitizer_run1642_subrun72.csv,0,True,statistical,LVDSpin16,6.19,-0.4421
2026-04-09T17:41:09Z,Digitizer_run1642_subrun72.csv,1,True,statistical,LVDSpin16,6.19,-0.4332
2026-04-09T17:41:09Z,Digitizer_run1642_subrun72.csv,2,True,statistical,LVDSpin16,6.19,-0.4414
2026-04-09T17:41:09Z,Digitizer_run1642_subrun72.csv,3,True,statistical,LVDSpin16,6.19,-0.4476
2026-04-09T17:41:09Z,Digitizer_run1642_subrun72.csv,4,True,statistical,LVDSpin16,6.19,-0.4497
2026-04-09T17:41:09Z,Digitizer_run1642_subrun72.csv,5,True,statistical,LVDSpin16,6.19,-0.4694
2026-04-09T17:41:09Z,Digitizer_run1642_subrun72.csv,6,True,statistical,LVDSpin16,6.19,-0.4557
2026-04-09T17:41:09Z,Digitizer_run1642_subrun72.csv,7,True,statistical,LVDSpin16,6.19,-0.453
2026-04-09T17:41:09Z,Digitizer_run1642_subrun72.csv,8,True,statistical,LVDSpin16,6.19,-0.5079
2026-04-09T17:41:09Z,Digitizer_run1642_subrun72.csv,9,True,statistical,LVDSpin16,6.19,-0.4905
2026-04-09T17:41:09Z,Digitizer_run1642_subrun72.csv,10,True,statistical,LVDSpin16,6.19,-0.4507
2026-04-09T17:41:09Z,Digitizer_run1642_subrun72.csv,11,True,statistical,LVDSpin16,6.19,-0.4374
2026-04-09T17:41:09Z,Digitizer_run1642_subrun72.csv,12,True,statistical,LVDSpin16,6.19,-0.4385
2026-04-09T17:41:09Z,Digitizer_run1642_subrun72.csv,13,True,statistical,LVDSpin16,6.19,-0.4544
2026-04-09T17:41:09Z,Digitizer_run1642_subrun72.csv,14,True,statistical,LVDSpin16,6.19,-0.4558
2026-04-09T17:41:09Z,Digitizer_run1642_subrun72.csv,15,True,statistical,LVDSpin16,6.19,-0.4635
2026-04-09T17:41:09Z,Digitizer_run1642_subrun72.csv,16,True,statistical,LVDSpin16,6.19,-0.4494
2026-04-09T17:41:09Z,Digitizer_run1642_subrun72.csv,17,True,statistical,LVDSpin16,6.19,-0.4373
2026-04-09T17:41:09Z,Digitizer_run1642_subrun72.csv,18,True,statistical,LVDSpin16,6.19,-0.4743
2026-04-09T17:41:09Z,Digitizer_run1642_subrun72.csv,19,True,statistical,LVDSpin16,6.19,-0.4847
2026-04-09T17:41:09Z,Digitizer_run1642_subrun72.csv,20,True,statistical,LVDSpin16,6.19,-0.4419
2026-04-09T17:41:09Z,Digitizer_run1642_subrun72.csv,21,True,statistical,LVDSpin16,6.19,-0.4387
2026-04-09T17:41:09Z,Digitizer_run1642_subrun72.csv,22,True,statistical,LVDSpin16,6.19,-0.4403
2026-04-09T17:41:09Z,Digitizer_run1642_subrun72.csv,23,True,statistical,LVDSpin16,6.19,-0.4499
2026-04-09T17:41:09Z,Digitizer_run1642_subrun72.csv,24,True,statistical,LVDSpin16,6.19,-0.4434
2026-04-09T17:41:09Z,Digitizer_run1642_subrun72.csv,25,True,statistical,LVDSpin16,6.19,-0.4502
2026-04-09T17:41:09Z,Digitizer_run1642_subrun72.csv,26,True,statistical,LVDSpin16,6.19,-0.4422
2026-04-09T17:41:09Z,Digitizer_run1642_subrun72.csv,27,True,statistical,LVDSpin16,6.19,-0.442
2026-04-09T17:41:09Z,Digitizer_run1642_subrun72.csv,28,True,statistical,LVDSpin16,6.19,-0.4609
2026-04-09T17:41:09Z,Digitizer_run1642_subrun72.csv,29,True,statistical,LVDSpin16,6.19,-0.4712
2026-04-09T17:41:09Z,Digitizer_run1642_subrun72.csv,30,True,statistical,LVDSpin16,6.19,-0.4466
2026-04-09T17:41:09Z,Digitizer_run1642_subrun72.csv,31,True,statistical,LVDSpin16,6.19,-0.4344
2026-04-09T17:41:09Z,Digitizer_run1642_subrun72.csv,34,True,statistical,LVDSpin16,6.19,-0.4426
2026-04-09T17:41:09Z,Digitizer_run1642_subrun72.csv,35,True,statistical,LVDSpin16,6.19,-0.4357
2026-04-09T17:41:09Z,Digitizer_run1642_subrun72.csv,36,True,statistical,LVDSpin16,6.19,-0.4428
2026-04-09T17:41:09Z,Digitizer_run1642_subrun72.csv,37,True,statistical,LVDSpin16,6.19,-0.4819
2026-04-09T17:41:09Z,Digitizer_run1642_subrun72.csv,38,True,statistical,LVDSpin16,6.19,-0.4401
2026-04-09T17:41:09Z,Digitizer_run1642_subrun72.csv,39,True,statistical,LVDSpin16,6.19,-0.4357
2026-04-09T17:41:09Z,Digitizer_run1642_subrun72.csv,40,True,statistical,LVDSpin16,6.19,-0.4703
2026-04-09T17:41:09Z,Digitizer_run1642_subrun72.csv,41,True,statistical,LVDSpin16,6.19,-0.4739
2026-04-09T17:41:09Z,Digitizer_run1642_subrun72.csv,42,True,statistical,LVDSpin16,6.19,-0.44
2026-04-09T17:41:09Z,Digitizer_run1642_subrun72.csv,43,True,statistical,LVDSpin16,6.19,-0.4355
2026-04-09T17:41:09Z,Digitizer_run1642_subrun72.csv,44,True,statistical,LVDSpin16,6.19,-0.4514
2026-04-09T17:41:09Z,Digitizer_run1642_subrun72.csv,45,True,statistical,LVDSpin16,6.19,-0.4503
2026-04-09T17:41:09Z,Digitizer_run1642_subrun72.csv,46,True,statistical,LVDSpin16,6.19,-0.4413
2026-04-09T17:41:09Z,Digitizer_run1642_subrun72.csv,47,True,statistical,LVDSpin16,6.19,-0.4413
2026-04-09T17:41:09Z,Digitizer_run1642_subrun72.csv,48,True,statistical,LVDSpin16,6.19,-0.4464
2026-04-09T17:41:09Z,Digitizer_run1642_subrun72.csv,49,True,statistical,LVDSpin16,6.19,-0.439
2026-04-09T17:41:09Z,Digitizer_run1642_subrun72.csv,50,True,statistical,LVDSpin16,6.19,-0.4391
2026-04-09T17:41:09Z,Digitizer_run1642_subrun72.csv,51,True,statistical,LVDSpin16,6.19,-0.4321
2026-04-09T17:41:09Z,Digitizer_run1642_subrun72.csv,52,True,statistical,LVDSpin16,6.19,-0.4537
2026-04-09T17:41:09Z,Digitizer_run1642_subrun72.csv,53,True,statistical,LVDSpin16,6.19,-0.4431
2026-04-09T17:41:09Z,Digitizer_run1642_subrun72.csv,54,True,statistical,LVDSpin16,6.19,-0.4628
2026-04-09T17:41:09Z,Digitizer_run1642_subrun72.csv,55,True,statistical,LVDSpin16,6.19,-0.4539
2026-04-09T17:41:09Z,Digitizer_run1642_subrun72.csv,56,True,statistical,LVDSpin16,6.19,-0.4612
2026-04-09T17:41:09Z,Digitizer_run1642_subrun72.csv,57,True,statistical,LVDSpin16,6.19,-0.4568
2026-04-09T17:41:09Z,Digitizer_run1642_subrun72.csv,58,True,statistical,LVDSpin16,6.19,-0.4587
2026-04-09T17:41:09Z,Digitizer_run1642_subrun72.csv,59,True,statistical,LVDSpin16,6.19,-0.454
2026-04-09T17:41:09Z,Digitizer_run1642_subrun72.csv,60,True,statistical,LVDSpin16,6.19,-0.461
2026-04-09T17:41:09Z,Digitizer_run1642_subrun72.csv,61,True,statistical,LVDSpin16,6.19,-0.436
2026-04-09T17:41:09Z,Digitizer_run1642_subrun72.csv,62,True,statistical,LVDSpin16,6.19,-0.4339
2026-04-09T17:41:09Z,Digitizer_run1642_subrun72.csv,63,True,statistical,LVDSpin16,6.19,-0.4416
2026-04-09T17:41:09Z,Digitizer_run1642_subrun72.csv,64,True,statistical,LVDSpin16,6.19,-0.4816
2026-04-09T17:41:09Z,Digitizer_run1642_subrun72.csv,65,True,statistical,LVDSpin16,6.19,-0.4799
2026-04-09T17:41:09Z,Digitizer_run1642_subrun72.csv,66,True,statistical,LVDSpin16,6.19,-0.4316
2026-04-09T17:41:09Z,Digitizer_run1642_subrun72.csv,67,True,statistical,LVDSpin16,6.19,-0.4406
2026-04-09T17:41:09Z,Digitizer_run1642_subrun72.csv,68,True,statistical,LVDSpin16,6.19,-0.445
2026-04-09T17:41:09Z,Digitizer_run1642_subrun72.csv,69,True,statistical,LVDSpin16,6.19,-0.4462
2026-04-09T17:41:09Z,Digitizer_run1642_subrun72.csv,70,True,statistical,LVDSpin16,6.19,-0.4485
2026-04-09T17:41:09Z,Digitizer_run1642_subrun72.csv,71,True,statistical,LVDSpin16,6.19,-0.4545
2026-04-09T17:41:09Z,Digitizer_run1642_subrun72.csv,72,True,statistical+IF,LVDSpin16,6.19,-0.5341
2026-04-09T17:41:09Z,Digitizer_run1642_subrun72.csv,73,True,statistical,LVDSpin16,6.19,-0.449
2026-04-09T17:41:09Z,Digitizer_run1642_subrun72.csv,74,True,statistical,LVDSpin16,6.19,-0.4522
2026-04-09T17:41:09Z,Digitizer_run1642_subrun72.csv,75,True,statistical,LVDSpin16,6.19,-0.4497
2026-04-09T17:41:09Z,Digitizer_run1642_subrun72.csv,76,True,statistical,LVDSpin16,6.19,-0.4842
2026-04-09T17:41:09Z,Digitizer_run1642_subrun72.csv,77,True,statistical,LVDSpin16,6.19,-0.4562
2026-04-09T17:41:09Z,Digitizer_run1642_subrun72.csv,78,True,statistical,LVDSpin16,6.19,-0.4428
2026-04-09T17:41:09Z,Digitizer_run1642_subrun72.csv,79,True,statistical,LVDSpin16,6.19,-0.4575
2026-04-09T17:41:09Z,Digitizer_run1642_subrun72.csv,80,True,statistical,LVDSpin16,6.19,-0.4782
2026-04-09T17:41:09Z,Digitizer_run1642_subrun72.csv,81,True,statistical,LVDSpin16,6.19,-0.4601
2026-04-09T17:41:09Z,Digitizer_run1642_subrun72.csv,82,True,statistical,LVDSpin16,6.19,-0.4491
2026-04-09T17:41:09Z,Digitizer_run1642_subrun72.csv,83,True,statistical,LVDSpin16,6.19,-0.44
2026-04-09T17:41:09Z,Digitizer_run1642_subrun72.csv,84,True,statistical,LVDSpin16,6.19,-0.4505
2026-04-09T17:41:09Z,Digitizer_run1642_subrun72.csv,85,True,statistical,LVDSpin16,6.19,-0.4403
2026-04-09T17:41:09Z,Digitizer_run1642_subrun72.csv,86,True,statistical,LVDSpin16,6.19,-0.4339
2026-04-09T17:41:09Z,Digitizer_run1642_subrun72.csv,87,True,statistical,LVDSpin16,6.19,-0.4534
2026-04-09T17:41:09Z,Digitizer_run1642_subrun72.csv,88,True,statistical,LVDSpin16,6.19,-0.4649
2026-04-09T17:41:09Z,Digitizer_run1642_subrun72.csv,89,True,statistical,LVDSpin16,6.19,-0.4686
2026-04-09T17:41:09Z,Digitizer_run1642_subrun72.csv,90,True,statistical,LVDSpin16,6.19,-0.4715
2026-04-09T17:41:09Z,Digitizer_run1642_subrun72.csv,91,True,statistical,LVDSpin16,6.19,-0.456
2026-04-09T17:41:09Z,Digitizer_run1642_subrun72.csv,92,True,statistical,LVDSpin16,6.19,-0.4601
2026-04-09T17:41:09Z,Digitizer_run1642_subrun72.csv,93,True,statistical,LVDSpin16,6.19,-0.4729
2026-04-09T17:41:09Z,Digitizer_run1642_subrun72.csv,94,True,statistical,LVDSpin16,6.19,-0.4853
2026-04-09T17:41:09Z,Digitizer_run1642_subrun72.csv,95,True,statistical,LVDSpin16,6.19,-0.4588
2026-04-09T17:41:16Z,Digitizer_run1640_subrun81.csv,0,True,statistical,triggerRate_bit2;triggerRate_tot,12.05,-0.4854
2026-04-09T17:41:16Z,Digitizer_run1640_subrun81.csv,1,True,statistical,triggerRate_bit2;triggerRate_tot,12.05,-0.4887
2026-04-09T17:41:16Z,Digitizer_run1640_subrun81.csv,2,True,statistical,triggerRate_bit2;triggerRate_tot,12.05,-0.4707
2026-04-09T17:41:16Z,Digitizer_run1640_subrun81.csv,3,True,statistical,triggerRate_bit2;triggerRate_tot,12.05,-0.4839
2026-04-09T17:41:16Z,Digitizer_run1640_subrun81.csv,4,True,statistical,triggerRate_bit2;triggerRate_tot,12.05,-0.4716
2026-04-09T17:41:16Z,Digitizer_run1640_subrun81.csv,5,True,statistical,triggerRate_bit2;triggerRate_tot,12.05,-0.4852
2026-04-09T17:41:16Z,Digitizer_run1640_subrun81.csv,6,True,statistical,triggerRate_bit2;triggerRate_tot,12.05,-0.4935
2026-04-09T17:41:16Z,Digitizer_run1640_subrun81.csv,7,True,statistical,triggerRate_bit2;triggerRate_tot,12.05,-0.4809
2026-04-09T17:41:16Z,Digitizer_run1640_subrun81.csv,8,True,statistical,occupancy;triggerRate_bit2;triggerRate_tot,12.05,-0.509
2026-04-09T17:41:16Z,Digitizer_run1640_subrun81.csv,9,True,statistical,occupancy;triggerRate_bit2;triggerRate_tot,12.05,-0.5061
2026-04-09T17:41:16Z,Digitizer_run1640_subrun81.csv,10,True,statistical,triggerRate_bit2;triggerRate_tot,12.05,-0.4986
2026-04-09T17:41:16Z,Digitizer_run1640_subrun81.csv,11,True,statistical,triggerRate_bit2;triggerRate_tot,12.05,-0.507
2026-04-09T17:41:16Z,Digitizer_run1640_subrun81.csv,12,True,statistical,triggerRate_bit2;triggerRate_tot,12.05,-0.4871
2026-04-09T17:41:16Z,Digitizer_run1640_subrun81.csv,13,True,statistical,triggerRate_bit2;triggerRate_tot,12.05,-0.5001
2026-04-09T17:41:16Z,Digitizer_run1640_subrun81.csv,14,True,statistical,triggerRate_bit2;triggerRate_tot,12.05,-0.4694
2026-04-09T17:41:16Z,Digitizer_run1640_subrun81.csv,15,True,statistical,triggerRate_bit2;triggerRate_tot,12.05,-0.4731
2026-04-09T17:41:16Z,Digitizer_run1640_subrun81.csv,16,True,statistical,triggerRate_bit2;triggerRate_tot,12.05,-0.4977
2026-04-09T17:41:16Z,Digitizer_run1640_subrun81.csv,17,True,statistical,triggerRate_bit2;triggerRate_tot,12.05,-0.4947
2026-04-09T17:41:16Z,Digitizer_run1640_subrun81.csv,18,True,statistical,triggerRate_bit2;triggerRate_tot,12.05,-0.4886
2026-04-09T17:41:16Z,Digitizer_run1640_subrun81.csv,19,True,statistical,triggerRate_bit2;triggerRate_tot,12.05,-0.5074
2026-04-09T17:41:16Z,Digitizer_run1640_subrun81.csv,20,True,statistical,triggerRate_bit2;triggerRate_tot,12.05,-0.4845
2026-04-09T17:41:16Z,Digitizer_run1640_subrun81.csv,21,True,statistical,triggerRate_bit2;triggerRate_tot,12.05,-0.5006
2026-04-09T17:41:16Z,Digitizer_run1640_subrun81.csv,22,True,statistical,sideband_mean_mean;triggerRate_bit2;triggerRate_tot,12.05,-0.4941
2026-04-09T17:41:16Z,Digitizer_run1640_subrun81.csv,23,True,statistical,sideband_mean_mean;triggerRate_bit2;triggerRate_tot,12.05,-0.5047
2026-04-09T17:41:16Z,Digitizer_run1640_subrun81.csv,24,True,statistical,triggerRate_bit2;triggerRate_tot,12.05,-0.4832
2026-04-09T17:41:16Z,Digitizer_run1640_subrun81.csv,25,True,statistical,triggerRate_bit2;triggerRate_tot,12.05,-0.496
2026-04-09T17:41:16Z,Digitizer_run1640_subrun81.csv,26,True,statistical,triggerRate_bit2;triggerRate_tot,12.05,-0.4864
2026-04-09T17:41:16Z,Digitizer_run1640_subrun81.csv,27,True,statistical,triggerRate_bit2;triggerRate_tot,12.05,-0.4929
2026-04-09T17:41:16Z,Digitizer_run1640_subrun81.csv,28,True,statistical,sideband_rms_mean;triggerRate_bit2;triggerRate_tot,12.05,-0.4904
2026-04-09T17:41:16Z,Digitizer_run1640_subrun81.csv,29,True,statistical,triggerRate_bit2;triggerRate_tot,12.05,-0.4929
2026-04-09T17:41:16Z,Digitizer_run1640_subrun81.csv,30,True,statistical,triggerRate_bit2;triggerRate_tot,12.05,-0.5002
2026-04-09T17:41:16Z,Digitizer_run1640_subrun81.csv,31,True,statistical,triggerRate_bit2;triggerRate_tot,12.05,-0.4887
2026-04-09T17:41:16Z,Digitizer_run1640_subrun81.csv,32,True,statistical+IF,sideband_mean_median;nPulses_mean;nPulses_median;pulseHeight_max_mean;pulseHeight_max_std;pulseHeight_min_mean;pulseHeight_min_std;pulseArea_max_mean;pulseDuriation_max_mean;pulseDuriation_max_median;occupancy;triggerRate_bit2;triggerRate_tot,1000000.0,-0.5688
2026-04-09T17:41:16Z,Digitizer_run1640_subrun81.csv,33,True,statistical+IF,pulseHeight_max_mean;pulseHeight_max_std;pulseHeight_min_mean;pulseHeight_min_std;pulseArea_max_mean;pulseDuriation_max_mean;pulseDuriation_max_median;occupancy;triggerRate_bit2;triggerRate_tot,40.4,-0.5427
2026-04-09T17:41:16Z,Digitizer_run1640_subrun81.csv,34,True,statistical,triggerRate_bit2;triggerRate_tot,12.05,-0.4797
2026-04-09T17:41:16Z,Digitizer_run1640_subrun81.csv,35,True,statistical,triggerRate_bit2;triggerRate_tot,12.05,-0.4698
2026-04-09T17:41:16Z,Digitizer_run1640_subrun81.csv,36,True,statistical,triggerRate_bit2;triggerRate_tot,12.05,-0.5025
2026-04-09T17:41:16Z,Digitizer_run1640_subrun81.csv,37,True,statistical,triggerRate_bit2;triggerRate_tot,12.05,-0.5006
2026-04-09T17:41:16Z,Digitizer_run1640_subrun81.csv,38,True,statistical,triggerRate_bit2;triggerRate_tot,12.05,-0.5118
2026-04-09T17:41:16Z,Digitizer_run1640_subrun81.csv,39,True,statistical,triggerRate_bit2;triggerRate_tot,12.05,-0.4842
2026-04-09T17:41:16Z,Digitizer_run1640_subrun81.csv,40,True,statistical+IF,triggerRate_bit2;triggerRate_tot,12.05,-0.5194
2026-04-09T17:41:16Z,Digitizer_run1640_subrun81.csv,41,True,statistical+IF,pulseHeight_min_std;triggerRate_bit2;triggerRate_tot,12.05,-0.5326
2026-04-09T17:41:16Z,Digitizer_run1640_subrun81.csv,42,True,statistical,triggerRate_bit2;triggerRate_tot,12.05,-0.4825
2026-04-09T17:41:16Z,Digitizer_run1640_subrun81.csv,43,True,statistical,triggerRate_bit2;triggerRate_tot,12.05,-0.4828
2026-04-09T17:41:16Z,Digitizer_run1640_subrun81.csv,44,True,statistical,triggerRate_bit2;triggerRate_tot,12.05,-0.4681
2026-04-09T17:41:16Z,Digitizer_run1640_subrun81.csv,45,True,statistical,triggerRate_bit2;triggerRate_tot,12.05,-0.4929
2026-04-09T17:41:16Z,Digitizer_run1640_subrun81.csv,46,True,statistical,triggerRate_bit2;triggerRate_tot,12.05,-0.4781
2026-04-09T17:41:16Z,Digitizer_run1640_subrun81.csv,47,True,statistical,triggerRate_bit2;triggerRate_tot,12.05,-0.4891
2026-04-09T17:41:16Z,Digitizer_run1640_subrun81.csv,48,True,statistical,triggerRate_bit2;triggerRate_tot,12.05,-0.4779
2026-04-09T17:41:16Z,Digitizer_run1640_subrun81.csv,49,True,statistical,triggerRate_bit2;triggerRate_tot,12.05,-0.4935
2026-04-09T17:41:16Z,Digitizer_run1640_subrun81.csv,50,True,statistical,triggerRate_bit2;triggerRate_tot,12.05,-0.4969
2026-04-09T17:41:16Z,Digitizer_run1640_subrun81.csv,51,True,statistical,triggerRate_bit2;triggerRate_tot,12.05,-0.4965
2026-04-09T17:41:16Z,Digitizer_run1640_subrun81.csv,52,True,statistical,triggerRate_bit2;triggerRate_tot,12.05,-0.466
2026-04-09T17:41:16Z,Digitizer_run1640_subrun81.csv,53,True,statistical,triggerRate_bit2;triggerRate_tot,12.05,-0.464
2026-04-09T17:41:16Z,Digitizer_run1640_subrun81.csv,54,True,statistical,triggerRate_bit2;triggerRate_tot,12.05,-0.4907
2026-04-09T17:41:16Z,Digitizer_run1640_subrun81.csv,55,True,statistical,pulseDuriation_max_median;triggerRate_bit2;triggerRate_tot,12.05,-0.5101
2026-04-09T17:41:16Z,Digitizer_run1640_subrun81.csv,56,True,statistical+IF,sideband_mean_median;pulseDuriation_max_mean;pulseDuriation_max_median;occupancy;triggerRate_bit2;triggerRate_tot,12.05,-0.5322
2026-04-09T17:41:16Z,Digitizer_run1640_subrun81.csv,57,True,statistical+IF,pulseHeight_max_median;triggerRate_bit2;triggerRate_tot,12.05,-0.5206
2026-04-09T17:41:16Z,Digitizer_run1640_subrun81.csv,58,True,statistical,triggerRate_bit2;triggerRate_tot,12.05,-0.486
2026-04-09T17:41:16Z,Digitizer_run1640_subrun81.csv,59,True,statistical,triggerRate_bit2;triggerRate_tot,12.05,-0.4869
2026-04-09T17:41:16Z,Digitizer_run1640_subrun81.csv,60,True,statistical,triggerRate_bit2;triggerRate_tot,12.05,-0.4772
2026-04-09T17:41:16Z,Digitizer_run1640_subrun81.csv,61,True,statistical,triggerRate_bit2;triggerRate_tot,12.05,-0.4969
2026-04-09T17:41:16Z,Digitizer_run1640_subrun81.csv,62,True,statistical,triggerRate_bit2;triggerRate_tot,12.05,-0.475
2026-04-09T17:41:16Z,Digitizer_run1640_subrun81.csv,63,True,statistical,triggerRate_bit2;triggerRate_tot,12.05,-0.4925
2026-04-09T17:41:16Z,Digitizer_run1640_subrun81.csv,64,True,statistical,triggerRate_bit2;triggerRate_tot,12.05,-0.4693
2026-04-09T17:41:16Z,Digitizer_run1640_subrun81.csv,65,True,statistical,triggerRate_bit2;triggerRate_tot,12.05,-0.4668
2026-04-09T17:41:16Z,Digitizer_run1640_subrun81.csv,66,True,statistical,triggerRate_bit2;triggerRate_tot,12.05,-0.484
2026-04-09T17:41:16Z,Digitizer_run1640_subrun81.csv,67,True,statistical,triggerRate_bit2;triggerRate_tot,12.05,-0.4894
2026-04-09T17:41:16Z,Digitizer_run1640_subrun81.csv,68,True,statistical,triggerRate_bit2;triggerRate_tot,12.05,-0.5002
2026-04-09T17:41:16Z,Digitizer_run1640_subrun81.csv,69,True,statistical,triggerRate_bit2;triggerRate_tot,12.05,-0.4863
2026-04-09T17:41:16Z,Digitizer_run1640_subrun81.csv,70,True,statistical,triggerRate_bit2;triggerRate_tot,12.05,-0.477
2026-04-09T17:41:16Z,Digitizer_run1640_subrun81.csv,71,True,statistical,triggerRate_bit2;triggerRate_tot,12.05,-0.4664
2026-04-09T17:41:16Z,Digitizer_run1640_subrun81.csv,72,True,statistical,triggerRate_bit2;triggerRate_tot,12.05,-0.4821
2026-04-09T17:41:16Z,Digitizer_run1640_subrun81.csv,73,True,statistical,triggerRate_bit2;triggerRate_tot,12.05,-0.4781
2026-04-09T17:41:16Z,Digitizer_run1640_subrun81.csv,74,True,statistical,triggerRate_bit2;triggerRate_tot,12.05,-0.4836
2026-04-09T17:41:16Z,Digitizer_run1640_subrun81.csv,75,True,statistical,triggerRate_bit2;triggerRate_tot,12.05,-0.4825
2026-04-09T17:41:16Z,Digitizer_run1640_subrun81.csv,76,True,statistical,triggerRate_bit2;triggerRate_tot,12.05,-0.4956
2026-04-09T17:41:16Z,Digitizer_run1640_subrun81.csv,77,True,statistical,triggerRate_bit2;triggerRate_tot,12.05,-0.4873
2026-04-09T17:41:16Z,Digitizer_run1640_subrun81.csv,78,True,statistical,triggerRate_bit2;triggerRate_tot,12.05,-0.4975
2026-04-09T17:41:16Z,Digitizer_run1640_subrun81.csv,79,True,statistical,triggerRate_bit2;triggerRate_tot,12.05,-0.4763
2026-04-09T17:41:16Z,Digitizer_run1640_subrun81.csv,80,True,statistical,nPulses_median;occupancy;triggerRate_bit2;triggerRate_tot,12.05,-0.5022
2026-04-09T17:41:16Z,Digitizer_run1640_subrun81.csv,81,True,statistical,occupancy;triggerRate_bit2;triggerRate_tot,12.05,-0.48
2026-04-09T17:41:16Z,Digitizer_run1640_subrun81.csv,82,True,statistical,triggerRate_bit2;triggerRate_tot,12.05,-0.4893
2026-04-09T17:41:16Z,Digitizer_run1640_subrun81.csv,83,True,statistical,triggerRate_bit2;triggerRate_tot,12.05,-0.4888
2026-04-09T17:41:16Z,Digitizer_run1640_subrun81.csv,84,True,statistical,triggerRate_bit2;triggerRate_tot,12.05,-0.4788
2026-04-09T17:41:16Z,Digitizer_run1640_subrun81.csv,85,True,statistical,triggerRate_bit2;triggerRate_tot,12.05,-0.4885
2026-04-09T17:41:16Z,Digitizer_run1640_subrun81.csv,86,True,statistical,triggerRate_bit2;triggerRate_tot,12.05,-0.4766
2026-04-09T17:41:16Z,Digitizer_run1640_subrun81.csv,87,True,statistical,triggerRate_bit2;triggerRate_tot,12.05,-0.495
2026-04-09T17:41:16Z,Digitizer_run1640_subrun81.csv,88,True,statistical,triggerRate_bit2;triggerRate_tot,12.05,-0.4981
2026-04-09T17:41:16Z,Digitizer_run1640_subrun81.csv,89,True,statistical,triggerRate_bit2;triggerRate_tot,12.05,-0.5037
2026-04-09T17:41:16Z,Digitizer_run1640_subrun81.csv,90,True,statistical,triggerRate_bit2;triggerRate_tot,12.05,-0.4667
2026-04-09T17:41:16Z,Digitizer_run1640_subrun81.csv,91,True,statistical,triggerRate_bit2;triggerRate_tot,12.05,-0.4756
2026-04-09T17:41:16Z,Digitizer_run1640_subrun81.csv,92,True,statistical,triggerRate_bit2;triggerRate_tot,12.05,-0.5115
2026-04-09T17:41:16Z,Digitizer_run1640_subrun81.csv,93,True,statistical+IF,triggerRate_bit2;triggerRate_tot,12.05,-0.5146
2026-04-09T17:41:16Z,Digitizer_run1640_subrun81.csv,94,True,statistical,triggerRate_bit2;triggerRate_tot,12.05,-0.5031
2026-04-09T17:41:16Z,Digitizer_run1640_subrun81.csv,95,True,statistical,triggerRate_bit2;triggerRate_tot,12.05,-0.4885
2026-04-09T17:41:21Z,Digitizer_run1640_subrun539.csv,32,True,missing_channel,missing_channel,nan,nan
2026-04-09T17:41:21Z,Digitizer_run1640_subrun539.csv,33,True,missing_channel,missing_channel,nan,nan
2026-04-09T17:41:21Z,Digitizer_run1640_subrun539.csv,0,True,statistical,LVDSpin16,6.19,-0.4376
2026-04-09T17:41:21Z,Digitizer_run1640_subrun539.csv,1,True,statistical,LVDSpin16,6.19,-0.467
2026-04-09T17:41:21Z,Digitizer_run1640_subrun539.csv,2,True,statistical,LVDSpin16,6.19,-0.454
2026-04-09T17:41:21Z,Digitizer_run1640_subrun539.csv,3,True,statistical,LVDSpin16,6.19,-0.4594
2026-04-09T17:41:21Z,Digitizer_run1640_subrun539.csv,4,True,statistical,LVDSpin16,6.19,-0.454
2026-04-09T17:41:21Z,Digitizer_run1640_subrun539.csv,5,True,statistical,LVDSpin16,6.19,-0.4619
2026-04-09T17:41:21Z,Digitizer_run1640_subrun539.csv,6,True,statistical,LVDSpin16,6.19,-0.4491
2026-04-09T17:41:21Z,Digitizer_run1640_subrun539.csv,7,True,statistical,LVDSpin16,6.19,-0.4429
2026-04-09T17:41:21Z,Digitizer_run1640_subrun539.csv,8,True,statistical,LVDSpin16,6.19,-0.4687
2026-04-09T17:41:21Z,Digitizer_run1640_subrun539.csv,9,True,statistical,LVDSpin16,6.19,-0.463
2026-04-09T17:41:21Z,Digitizer_run1640_subrun539.csv,10,True,statistical,LVDSpin16,6.19,-0.4536
2026-04-09T17:41:21Z,Digitizer_run1640_subrun539.csv,11,True,statistical,LVDSpin16,6.19,-0.4536
2026-04-09T17:41:21Z,Digitizer_run1640_subrun539.csv,12,True,statistical,LVDSpin16,6.19,-0.4359
2026-04-09T17:41:21Z,Digitizer_run1640_subrun539.csv,13,True,statistical,LVDSpin16,6.19,-0.4306
2026-04-09T17:41:21Z,Digitizer_run1640_subrun539.csv,14,True,statistical,LVDSpin16,6.19,-0.4481
2026-04-09T17:41:21Z,Digitizer_run1640_subrun539.csv,15,True,statistical,LVDSpin16,6.19,-0.4543
2026-04-09T17:41:21Z,Digitizer_run1640_subrun539.csv,16,True,statistical,LVDSpin16,6.19,-0.4463
2026-04-09T17:41:21Z,Digitizer_run1640_subrun539.csv,17,True,statistical,LVDSpin16,6.19,-0.4464
2026-04-09T17:41:21Z,Digitizer_run1640_subrun539.csv,18,True,statistical,LVDSpin16,6.19,-0.4491
2026-04-09T17:41:21Z,Digitizer_run1640_subrun539.csv,19,True,statistical,LVDSpin16,6.19,-0.4584
2026-04-09T17:41:21Z,Digitizer_run1640_subrun539.csv,20,True,statistical,LVDSpin16,6.19,-0.4644
2026-04-09T17:41:21Z,Digitizer_run1640_subrun539.csv,21,True,statistical,LVDSpin16,6.19,-0.4646
2026-04-09T17:41:21Z,Digitizer_run1640_subrun539.csv,22,True,statistical,LVDSpin16,6.19,-0.4468
2026-04-09T17:41:21Z,Digitizer_run1640_subrun539.csv,23,True,statistical,LVDSpin16,6.19,-0.4388
2026-04-09T17:41:21Z,Digitizer_run1640_subrun539.csv,24,True,statistical,LVDSpin16,6.19,-0.4603
2026-04-09T17:41:21Z,Digitizer_run1640_subrun539.csv,25,True,statistical,LVDSpin16,6.19,-0.4363
2026-04-09T17:41:21Z,Digitizer_run1640_subrun539.csv,26,True,statistical,LVDSpin16,6.19,-0.4918
2026-04-09T17:41:21Z,Digitizer_run1640_subrun539.csv,27,True,statistical,LVDSpin16,6.19,-0.4664
2026-04-09T17:41:21Z,Digitizer_run1640_subrun539.csv,28,True,statistical,LVDSpin16,6.19,-0.4488
2026-04-09T17:41:21Z,Digitizer_run1640_subrun539.csv,29,True,statistical,LVDSpin16,6.19,-0.4365
2026-04-09T17:41:21Z,Digitizer_run1640_subrun539.csv,30,True,statistical,LVDSpin16,6.19,-0.4476
2026-04-09T17:41:21Z,Digitizer_run1640_subrun539.csv,31,True,statistical,LVDSpin16,6.19,-0.4477
2026-04-09T17:41:21Z,Digitizer_run1640_subrun539.csv,34,True,statistical,LVDSpin16,6.19,-0.4535
2026-04-09T17:41:21Z,Digitizer_run1640_subrun539.csv,35,True,statistical,LVDSpin16,6.19,-0.4462
2026-04-09T17:41:21Z,Digitizer_run1640_subrun539.csv,36,True,statistical,LVDSpin16,6.19,-0.441
2026-04-09T17:41:21Z,Digitizer_run1640_subrun539.csv,37,True,statistical,LVDSpin16,6.19,-0.4371
2026-04-09T17:41:21Z,Digitizer_run1640_subrun539.csv,38,True,statistical,LVDSpin16,6.19,-0.4481
2026-04-09T17:41:21Z,Digitizer_run1640_subrun539.csv,39,True,statistical,LVDSpin16,6.19,-0.4467
2026-04-09T17:41:21Z,Digitizer_run1640_subrun539.csv,40,True,statistical,LVDSpin16,6.19,-0.4544
2026-04-09T17:41:21Z,Digitizer_run1640_subrun539.csv,41,True,statistical,LVDSpin16,6.19,-0.4967
2026-04-09T17:41:21Z,Digitizer_run1640_subrun539.csv,42,True,statistical,LVDSpin16,6.19,-0.4401
2026-04-09T17:41:21Z,Digitizer_run1640_subrun539.csv,43,True,statistical,LVDSpin16,6.19,-0.4432
2026-04-09T17:41:21Z,Digitizer_run1640_subrun539.csv,44,True,statistical,LVDSpin16,6.19,-0.4466
2026-04-09T17:41:21Z,Digitizer_run1640_subrun539.csv,45,True,statistical,LVDSpin16,6.19,-0.4549
2026-04-09T17:41:21Z,Digitizer_run1640_subrun539.csv,46,True,statistical,LVDSpin16,6.19,-0.4504
2026-04-09T17:41:21Z,Digitizer_run1640_subrun539.csv,47,True,statistical,LVDSpin16,6.19,-0.4374
2026-04-09T17:41:21Z,Digitizer_run1640_subrun539.csv,48,True,statistical,LVDSpin16,6.19,-0.4584
2026-04-09T17:41:21Z,Digitizer_run1640_subrun539.csv,49,True,statistical,LVDSpin16,6.19,-0.4563
2026-04-09T17:41:21Z,Digitizer_run1640_subrun539.csv,50,True,statistical,LVDSpin16,6.19,-0.4445
2026-04-09T17:41:21Z,Digitizer_run1640_subrun539.csv,51,True,statistical,LVDSpin16,6.19,-0.4527
2026-04-09T17:41:21Z,Digitizer_run1640_subrun539.csv,52,True,statistical,LVDSpin16,6.19,-0.4525
2026-04-09T17:41:21Z,Digitizer_run1640_subrun539.csv,53,True,statistical,LVDSpin16,6.19,-0.4661
2026-04-09T17:41:21Z,Digitizer_run1640_subrun539.csv,54,True,statistical,LVDSpin16,6.19,-0.4562
2026-04-09T17:41:21Z,Digitizer_run1640_subrun539.csv,55,True,statistical,LVDSpin16,6.19,-0.4624
2026-04-09T17:41:21Z,Digitizer_run1640_subrun539.csv,56,True,statistical,LVDSpin16,6.19,-0.4508
2026-04-09T17:41:21Z,Digitizer_run1640_subrun539.csv,57,True,statistical,LVDSpin16,6.19,-0.4385
2026-04-09T17:41:21Z,Digitizer_run1640_subrun539.csv,58,True,statistical,LVDSpin16,6.19,-0.4432
2026-04-09T17:41:21Z,Digitizer_run1640_subrun539.csv,59,True,statistical,LVDSpin16,6.19,-0.434
2026-04-09T17:41:21Z,Digitizer_run1640_subrun539.csv,60,True,statistical,LVDSpin16,6.19,-0.4522
2026-04-09T17:41:21Z,Digitizer_run1640_subrun539.csv,61,True,statistical,LVDSpin16,6.19,-0.4365
2026-04-09T17:41:21Z,Digitizer_run1640_subrun539.csv,62,True,statistical,LVDSpin16,6.19,-0.4384
2026-04-09T17:41:21Z,Digitizer_run1640_subrun539.csv,63,True,statistical,LVDSpin16,6.19,-0.4506
2026-04-09T17:41:21Z,Digitizer_run1640_subrun539.csv,64,True,statistical,LVDSpin16,6.19,-0.4583
2026-04-09T17:41:21Z,Digitizer_run1640_subrun539.csv,65,True,statistical,LVDSpin16,6.19,-0.4424
2026-04-09T17:41:21Z,Digitizer_run1640_subrun539.csv,66,True,statistical,LVDSpin16,6.19,-0.4469
2026-04-09T17:41:21Z,Digitizer_run1640_subrun539.csv,67,True,statistical,LVDSpin16,6.19,-0.4437
2026-04-09T17:41:21Z,Digitizer_run1640_subrun539.csv,68,True,statistical,LVDSpin16,6.19,-0.4441
2026-04-09T17:41:21Z,Digitizer_run1640_subrun539.csv,69,True,statistical,LVDSpin16,6.19,-0.444
2026-04-09T17:41:21Z,Digitizer_run1640_subrun539.csv,70,True,statistical,LVDSpin16,6.19,-0.4748
2026-04-09T17:41:21Z,Digitizer_run1640_subrun539.csv,71,True,statistical,LVDSpin16,6.19,-0.4702
2026-04-09T17:41:21Z,Digitizer_run1640_subrun539.csv,72,True,statistical,pulseDuriation_max_mean;LVDSpin16,6.19,-0.5045
2026-04-09T17:41:21Z,Digitizer_run1640_subrun539.csv,73,True,statistical,LVDSpin16,6.19,-0.4481
2026-04-09T17:41:21Z,Digitizer_run1640_subrun539.csv,74,True,statistical,LVDSpin16,6.19,-0.4516
2026-04-09T17:41:21Z,Digitizer_run1640_subrun539.csv,75,True,statistical,LVDSpin16,6.19,-0.4495
2026-04-09T17:41:21Z,Digitizer_run1640_subrun539.csv,76,True,statistical,LVDSpin16,6.19,-0.4455
2026-04-09T17:41:21Z,Digitizer_run1640_subrun539.csv,77,True,statistical,LVDSpin16,6.19,-0.464
2026-04-09T17:41:21Z,Digitizer_run1640_subrun539.csv,78,True,statistical,LVDSpin16,6.19,-0.4526
2026-04-09T17:41:21Z,Digitizer_run1640_subrun539.csv,79,True,statistical,LVDSpin16,6.19,-0.4673
2026-04-09T17:41:21Z,Digitizer_run1640_subrun539.csv,80,True,statistical,LVDSpin16,6.19,-0.4672
2026-04-09T17:41:21Z,Digitizer_run1640_subrun539.csv,81,True,statistical,LVDSpin16,6.19,-0.4592
2026-04-09T17:41:21Z,Digitizer_run1640_subrun539.csv,82,True,statistical,LVDSpin16,6.19,-0.4589
2026-04-09T17:41:21Z,Digitizer_run1640_subrun539.csv,83,True,statistical,LVDSpin16,6.19,-0.4498
2026-04-09T17:41:21Z,Digitizer_run1640_subrun539.csv,84,True,statistical,LVDSpin16,6.19,-0.4487
2026-04-09T17:41:21Z,Digitizer_run1640_subrun539.csv,85,True,statistical,LVDSpin16,6.19,-0.4463
2026-04-09T17:41:21Z,Digitizer_run1640_subrun539.csv,86,True,statistical,LVDSpin16,6.19,-0.4526
2026-04-09T17:41:21Z,Digitizer_run1640_subrun539.csv,87,True,statistical,LVDSpin16,6.19,-0.4446
2026-04-09T17:41:21Z,Digitizer_run1640_subrun539.csv,88,True,statistical,LVDSpin16,6.19,-0.4697
2026-04-09T17:41:21Z,Digitizer_run1640_subrun539.csv,89,True,statistical,LVDSpin16,6.19,-0.4486
2026-04-09T17:41:21Z,Digitizer_run1640_subrun539.csv,90,True,statistical,LVDSpin16,6.19,-0.4554
2026-04-09T17:41:21Z,Digitizer_run1640_subrun539.csv,91,True,statistical,LVDSpin16,6.19,-0.475
2026-04-09T17:41:21Z,Digitizer_run1640_subrun539.csv,92,True,statistical,LVDSpin16,6.19,-0.4574
2026-04-09T17:41:21Z,Digitizer_run1640_subrun539.csv,93,True,statistical,LVDSpin16,6.19,-0.4608
2026-04-09T17:41:21Z,Digitizer_run1640_subrun539.csv,94,True,statistical,LVDSpin16,6.19,-0.4692
2026-04-09T17:41:21Z,Digitizer_run1640_subrun539.csv,95,True,statistical,LVDSpin16,6.19,-0.4558
2026-04-09T17:41:25Z,Digitizer_run1640_subrun439.csv,0,True,statistical,triggerRate_bit2,8.14,-0.4813
2026-04-09T17:41:25Z,Digitizer_run1640_subrun439.csv,1,True,statistical,triggerRate_bit2,8.14,-0.4778
2026-04-09T17:41:25Z,Digitizer_run1640_subrun439.csv,2,True,statistical,triggerRate_bit2,8.14,-0.4851
2026-04-09T17:41:25Z,Digitizer_run1640_subrun439.csv,3,True,statistical,triggerRate_bit2,8.14,-0.4781
2026-04-09T17:41:25Z,Digitizer_run1640_subrun439.csv,4,True,statistical,triggerRate_bit2,8.14,-0.4712
2026-04-09T17:41:25Z,Digitizer_run1640_subrun439.csv,5,True,statistical,triggerRate_bit2,8.14,-0.4586
2026-04-09T17:41:25Z,Digitizer_run1640_subrun439.csv,6,True,statistical,triggerRate_bit2,8.14,-0.4805
2026-04-09T17:41:25Z,Digitizer_run1640_subrun439.csv,7,True,statistical,triggerRate_bit2,8.14,-0.474
2026-04-09T17:41:25Z,Digitizer_run1640_subrun439.csv,8,True,statistical,occupancy;triggerRate_bit2,8.14,-0.4863
2026-04-09T17:41:25Z,Digitizer_run1640_subrun439.csv,9,True,statistical,occupancy;triggerRate_bit2,8.14,-0.4876
2026-04-09T17:41:25Z,Digitizer_run1640_subrun439.csv,10,True,statistical,triggerRate_bit2,8.14,-0.4837
2026-04-09T17:41:25Z,Digitizer_run1640_subrun439.csv,11,True,statistical,triggerRate_bit2,8.14,-0.4704
2026-04-09T17:41:25Z,Digitizer_run1640_subrun439.csv,12,True,statistical,triggerRate_bit2,8.14,-0.4828
2026-04-09T17:41:25Z,Digitizer_run1640_subrun439.csv,13,True,statistical,triggerRate_bit2,8.14,-0.4803
2026-04-09T17:41:25Z,Digitizer_run1640_subrun439.csv,14,True,statistical,triggerRate_bit2,8.14,-0.4692
2026-04-09T17:41:25Z,Digitizer_run1640_subrun439.csv,15,True,statistical,triggerRate_bit2,8.14,-0.479
2026-04-09T17:41:25Z,Digitizer_run1640_subrun439.csv,16,True,statistical,triggerRate_bit2,8.14,-0.476
2026-04-09T17:41:25Z,Digitizer_run1640_subrun439.csv,17,True,statistical,triggerRate_bit2,8.14,-0.4737
2026-04-09T17:41:25Z,Digitizer_run1640_subrun439.csv,18,True,statistical,triggerRate_bit2,8.14,-0.4833
2026-04-09T17:41:25Z,Digitizer_run1640_subrun439.csv,19,True,statistical,triggerRate_bit2,8.14,-0.4998
2026-04-09T17:41:25Z,Digitizer_run1640_subrun439.csv,20,True,statistical,triggerRate_bit2,8.14,-0.4953
2026-04-09T17:41:25Z,Digitizer_run1640_subrun439.csv,21,True,statistical,triggerRate_bit2,8.14,-0.4783
2026-04-09T17:41:25Z,Digitizer_run1640_subrun439.csv,22,True,statistical,triggerRate_bit2,8.14,-0.4813
2026-04-09T17:41:25Z,Digitizer_run1640_subrun439.csv,23,True,statistical,triggerRate_bit2,8.14,-0.4989
2026-04-09T17:41:25Z,Digitizer_run1640_subrun439.csv,24,True,statistical,triggerRate_bit2,8.14,-0.5135
2026-04-09T17:41:25Z,Digitizer_run1640_subrun439.csv,25,True,statistical,triggerRate_bit2,8.14,-0.485
2026-04-09T17:41:25Z,Digitizer_run1640_subrun439.csv,26,True,statistical,triggerRate_bit2,8.14,-0.4722
2026-04-09T17:41:25Z,Digitizer_run1640_subrun439.csv,27,True,statistical,triggerRate_bit2,8.14,-0.4698
2026-04-09T17:41:25Z,Digitizer_run1640_subrun439.csv,28,True,statistical,triggerRate_bit2,8.14,-0.4855
2026-04-09T17:41:25Z,Digitizer_run1640_subrun439.csv,29,True,statistical,triggerRate_bit2,8.14,-0.4827
2026-04-09T17:41:25Z,Digitizer_run1640_subrun439.csv,30,True,statistical,triggerRate_bit2,8.14,-0.4755
2026-04-09T17:41:25Z,Digitizer_run1640_subrun439.csv,31,True,statistical,triggerRate_bit2,8.14,-0.4903
2026-04-09T17:41:25Z,Digitizer_run1640_subrun439.csv,32,True,statistical+IF,pulseHeight_max_mean;pulseHeight_max_std;pulseHeight_min_mean;pulseArea_max_mean;pulseDuriation_max_mean;pulseDuriation_max_median;occupancy;triggerRate_bit2,43.38,-0.5372
2026-04-09T17:41:25Z,Digitizer_run1640_subrun439.csv,33,True,statistical+IF,pulseHeight_max_mean;pulseHeight_max_std;pulseHeight_min_mean;pulseHeight_min_std;pulseArea_max_mean;pulseDuriation_max_mean;pulseDuriation_max_median;occupancy;triggerRate_bit2,21.87,-0.5345
2026-04-09T17:41:25Z,Digitizer_run1640_subrun439.csv,34,True,statistical+IF,triggerRate_bit2,8.14,-0.5219
2026-04-09T17:41:25Z,Digitizer_run1640_subrun439.csv,35,True,statistical,triggerRate_bit2,8.14,-0.5127
2026-04-09T17:41:25Z,Digitizer_run1640_subrun439.csv,36,True,statistical,triggerRate_bit2,8.14,-0.4935
2026-04-09T17:41:25Z,Digitizer_run1640_subrun439.csv,37,True,statistical,triggerRate_bit2,8.14,-0.5016
2026-04-09T17:41:25Z,Digitizer_run1640_subrun439.csv,38,True,statistical,triggerRate_bit2,8.14,-0.4656
2026-04-09T17:41:25Z,Digitizer_run1640_subrun439.csv,39,True,statistical,triggerRate_bit2,8.14,-0.4622
2026-04-09T17:41:25Z,Digitizer_run1640_subrun439.csv,40,True,statistical,triggerRate_bit2,8.14,-0.4767
2026-04-09T17:41:25Z,Digitizer_run1640_subrun439.csv,41,True,statistical,triggerRate_bit2,8.14,-0.4734
2026-04-09T17:41:25Z,Digitizer_run1640_subrun439.csv,42,True,statistical,triggerRate_bit2,8.14,-0.4743
2026-04-09T17:41:25Z,Digitizer_run1640_subrun439.csv,43,True,statistical,triggerRate_bit2,8.14,-0.4753
2026-04-09T17:41:25Z,Digitizer_run1640_subrun439.csv,44,True,statistical,triggerRate_bit2,8.14,-0.4806
2026-04-09T17:41:25Z,Digitizer_run1640_subrun439.csv,45,True,statistical,triggerRate_bit2,8.14,-0.4739
2026-04-09T17:41:25Z,Digitizer_run1640_subrun439.csv,46,True,statistical,triggerRate_bit2,8.14,-0.4708
2026-04-09T17:41:25Z,Digitizer_run1640_subrun439.csv,47,True,statistical,triggerRate_bit2,8.14,-0.4739
2026-04-09T17:41:25Z,Digitizer_run1640_subrun439.csv,48,True,statistical,triggerRate_bit2,8.14,-0.4811
2026-04-09T17:41:25Z,Digitizer_run1640_subrun439.csv,49,True,statistical,triggerRate_bit2,8.14,-0.4959
2026-04-09T17:41:25Z,Digitizer_run1640_subrun439.csv,50,True,statistical,triggerRate_bit2,8.14,-0.4694
2026-04-09T17:41:25Z,Digitizer_run1640_subrun439.csv,51,True,statistical,triggerRate_bit2,8.14,-0.4742
2026-04-09T17:41:25Z,Digitizer_run1640_subrun439.csv,52,True,statistical,triggerRate_bit2,8.14,-0.4967
2026-04-09T17:41:25Z,Digitizer_run1640_subrun439.csv,53,True,statistical,triggerRate_bit2,8.14,-0.492
2026-04-09T17:41:25Z,Digitizer_run1640_subrun439.csv,54,True,statistical,triggerRate_bit2,8.14,-0.473
2026-04-09T17:41:25Z,Digitizer_run1640_subrun439.csv,55,True,statistical,triggerRate_bit2,8.14,-0.4836
2026-04-09T17:41:25Z,Digitizer_run1640_subrun439.csv,56,True,statistical+IF,sideband_mean_median;pulseDuriation_max_mean;pulseDuriation_max_median;occupancy;triggerRate_bit2,10.73,-0.5341
2026-04-09T17:41:25Z,Digitizer_run1640_subrun439.csv,57,True,statistical,triggerRate_bit2,8.14,-0.4854
2026-04-09T17:41:25Z,Digitizer_run1640_subrun439.csv,58,True,statistical,triggerRate_bit2,8.14,-0.4634
2026-04-09T17:41:25Z,Digitizer_run1640_subrun439.csv,59,True,statistical,triggerRate_bit2,8.14,-0.4759
2026-04-09T17:41:25Z,Digitizer_run1640_subrun439.csv,60,True,statistical,triggerRate_bit2,8.14,-0.4944
2026-04-09T17:41:25Z,Digitizer_run1640_subrun439.csv,61,True,statistical,triggerRate_bit2,8.14,-0.4874
2026-04-09T17:41:25Z,Digitizer_run1640_subrun439.csv,62,True,statistical,triggerRate_bit2,8.14,-0.4734
2026-04-09T17:41:25Z,Digitizer_run1640_subrun439.csv,63,True,statistical,triggerRate_bit2,8.14,-0.4852
2026-04-09T17:41:25Z,Digitizer_run1640_subrun439.csv,64,True,statistical,triggerRate_bit2,8.14,-0.5111
2026-04-09T17:41:25Z,Digitizer_run1640_subrun439.csv,65,True,statistical,triggerRate_bit2,8.14,-0.4699
2026-04-09T17:41:25Z,Digitizer_run1640_subrun439.csv,66,True,statistical,triggerRate_bit2,8.14,-0.4686
2026-04-09T17:41:25Z,Digitizer_run1640_subrun439.csv,67,True,statistical,triggerRate_bit2,8.14,-0.465
2026-04-09T17:41:25Z,Digitizer_run1640_subrun439.csv,68,True,statistical,triggerRate_bit2,8.14,-0.4678
2026-04-09T17:41:25Z,Digitizer_run1640_subrun439.csv,69,True,statistical,triggerRate_bit2,8.14,-0.4778
2026-04-09T17:41:25Z,Digitizer_run1640_subrun439.csv,70,True,statistical,triggerRate_bit2,8.14,-0.4868
2026-04-09T17:41:25Z,Digitizer_run1640_subrun439.csv,71,True,statistical,triggerRate_bit2,8.14,-0.4793
2026-04-09T17:41:25Z,Digitizer_run1640_subrun439.csv,72,True,statistical,triggerRate_bit2,8.14,-0.5003
2026-04-09T17:41:25Z,Digitizer_run1640_subrun439.csv,73,True,statistical,triggerRate_bit2,8.14,-0.4737
2026-04-09T17:41:25Z,Digitizer_run1640_subrun439.csv,74,True,statistical,triggerRate_bit2,8.14,-0.5003
2026-04-09T17:41:25Z,Digitizer_run1640_subrun439.csv,75,True,statistical,triggerRate_bit2,8.14,-0.4944
2026-04-09T17:41:25Z,Digitizer_run1640_subrun439.csv,76,True,statistical,triggerRate_bit2,8.14,-0.4882
2026-04-09T17:41:25Z,Digitizer_run1640_subrun439.csv,77,True,statistical,triggerRate_bit2,8.14,-0.4684
2026-04-09T17:41:25Z,Digitizer_run1640_subrun439.csv,78,True,statistical,triggerRate_bit2,8.14,-0.4756
2026-04-09T17:41:25Z,Digitizer_run1640_subrun439.csv,79,True,statistical,triggerRate_bit2,8.14,-0.4748
2026-04-09T17:41:25Z,Digitizer_run1640_subrun439.csv,80,True,statistical,nPulses_median;occupancy;triggerRate_bit2,8.14,-0.4978
2026-04-09T17:41:25Z,Digitizer_run1640_subrun439.csv,81,True,statistical,triggerRate_bit2,8.14,-0.4879
2026-04-09T17:41:25Z,Digitizer_run1640_subrun439.csv,82,True,statistical,triggerRate_bit2,8.14,-0.4805
2026-04-09T17:41:25Z,Digitizer_run1640_subrun439.csv,83,True,statistical,triggerRate_bit2,8.14,-0.4706
2026-04-09T17:41:25Z,Digitizer_run1640_subrun439.csv,84,True,statistical,triggerRate_bit2,8.14,-0.4827
2026-04-09T17:41:25Z,Digitizer_run1640_subrun439.csv,85,True,statistical,triggerRate_bit2,8.14,-0.4649
2026-04-09T17:41:25Z,Digitizer_run1640_subrun439.csv,86,True,statistical,triggerRate_bit2,8.14,-0.4635
2026-04-09T17:41:25Z,Digitizer_run1640_subrun439.csv,87,True,statistical,triggerRate_bit2,8.14,-0.4855
2026-04-09T17:41:25Z,Digitizer_run1640_subrun439.csv,88,True,statistical,triggerRate_bit2,8.14,-0.4952
2026-04-09T17:41:25Z,Digitizer_run1640_subrun439.csv,89,True,statistical,triggerRate_bit2,8.14,-0.4794
2026-04-09T17:41:25Z,Digitizer_run1640_subrun439.csv,90,True,statistical,triggerRate_bit2,8.14,-0.4761
2026-04-09T17:41:25Z,Digitizer_run1640_subrun439.csv,91,True,statistical,triggerRate_bit2,8.14,-0.4942
2026-04-09T17:41:25Z,Digitizer_run1640_subrun439.csv,92,True,statistical,triggerRate_bit2,8.14,-0.4949
2026-04-09T17:41:25Z,Digitizer_run1640_subrun439.csv,93,True,statistical,triggerRate_bit2,8.14,-0.5066
2026-04-09T17:41:25Z,Digitizer_run1640_subrun439.csv,94,True,statistical,triggerRate_bit2,8.14,-0.4792
2026-04-09T17:41:25Z,Digitizer_run1640_subrun439.csv,95,True,statistical,triggerRate_bit2,8.14,-0.502
2026-04-09T17:41:32Z,Digitizer_run1640_subrun571.csv,32,True,missing_channel,missing_channel,nan,nan
2026-04-09T17:41:32Z,Digitizer_run1640_subrun571.csv,33,True,missing_channel,missing_channel,nan,nan
2026-04-09T17:41:32Z,Digitizer_run1640_subrun571.csv,0,True,statistical,LVDSpin16,6.19,-0.437
2026-04-09T17:41:32Z,Digitizer_run1640_subrun571.csv,1,True,statistical,LVDSpin16,6.19,-0.453
2026-04-09T17:41:32Z,Digitizer_run1640_subrun571.csv,2,True,statistical,LVDSpin16,6.19,-0.4679
2026-04-09T17:41:32Z,Digitizer_run1640_subrun571.csv,3,True,statistical,LVDSpin16,6.19,-0.4595
2026-04-09T17:41:32Z,Digitizer_run1640_subrun571.csv,4,True,statistical,LVDSpin16,6.19,-0.4658
2026-04-09T17:41:32Z,Digitizer_run1640_subrun571.csv,5,True,statistical,LVDSpin16,6.19,-0.4491
2026-04-09T17:41:32Z,Digitizer_run1640_subrun571.csv,6,True,statistical,LVDSpin16,6.19,-0.4375
2026-04-09T17:41:32Z,Digitizer_run1640_subrun571.csv,7,True,statistical,LVDSpin16,6.19,-0.4412
2026-04-09T17:41:32Z,Digitizer_run1640_subrun571.csv,8,True,statistical,LVDSpin16,6.19,-0.4712
2026-04-09T17:41:32Z,Digitizer_run1640_subrun571.csv,9,True,statistical,LVDSpin16,6.19,-0.4741
2026-04-09T17:41:32Z,Digitizer_run1640_subrun571.csv,10,True,statistical,LVDSpin16,6.19,-0.4651
2026-04-09T17:41:32Z,Digitizer_run1640_subrun571.csv,11,True,statistical,LVDSpin16,6.19,-0.4458
2026-04-09T17:41:32Z,Digitizer_run1640_subrun571.csv,12,True,statistical,LVDSpin16,6.19,-0.4336
2026-04-09T17:41:32Z,Digitizer_run1640_subrun571.csv,13,True,statistical,LVDSpin16,6.19,-0.4372
2026-04-09T17:41:32Z,Digitizer_run1640_subrun571.csv,14,True,statistical,LVDSpin16,6.19,-0.4315
2026-04-09T17:41:32Z,Digitizer_run1640_subrun571.csv,15,True,statistical,LVDSpin16,6.19,-0.456
2026-04-09T17:41:32Z,Digitizer_run1640_subrun571.csv,16,True,statistical,LVDSpin16,6.19,-0.4378
2026-04-09T17:41:32Z,Digitizer_run1640_subrun571.csv,17,True,statistical,LVDSpin16,6.19,-0.4469
2026-04-09T17:41:32Z,Digitizer_run1640_subrun571.csv,18,True,statistical,LVDSpin16,6.19,-0.4473
2026-04-09T17:41:32Z,Digitizer_run1640_subrun571.csv,19,True,statistical,LVDSpin16,6.19,-0.4456
2026-04-09T17:41:32Z,Digitizer_run1640_subrun571.csv,20,True,statistical,LVDSpin16,6.19,-0.4426
2026-04-09T17:41:32Z,Digitizer_run1640_subrun571.csv,21,True,statistical,LVDSpin16,6.19,-0.4427
2026-04-09T17:41:32Z,Digitizer_run1640_subrun571.csv,22,True,statistical,LVDSpin16,6.19,-0.4415
2026-04-09T17:41:32Z,Digitizer_run1640_subrun571.csv,23,True,statistical,LVDSpin16,6.19,-0.4484
2026-04-09T17:41:32Z,Digitizer_run1640_subrun571.csv,24,True,statistical,LVDSpin16,6.19,-0.4479
2026-04-09T17:41:32Z,Digitizer_run1640_subrun571.csv,25,True,statistical,LVDSpin16,6.19,-0.444
2026-04-09T17:41:32Z,Digitizer_run1640_subrun571.csv,26,True,statistical,LVDSpin16,6.19,-0.4466
2026-04-09T17:41:32Z,Digitizer_run1640_subrun571.csv,27,True,statistical,LVDSpin16,6.19,-0.4622
2026-04-09T17:41:32Z,Digitizer_run1640_subrun571.csv,28,True,statistical,LVDSpin16,6.19,-0.4329
2026-04-09T17:41:32Z,Digitizer_run1640_subrun571.csv,29,True,statistical,LVDSpin16,6.19,-0.4372
2026-04-09T17:41:32Z,Digitizer_run1640_subrun571.csv,30,True,statistical,LVDSpin16,6.19,-0.4461
2026-04-09T17:41:32Z,Digitizer_run1640_subrun571.csv,31,True,statistical,LVDSpin16,6.19,-0.4492
2026-04-09T17:41:32Z,Digitizer_run1640_subrun571.csv,34,True,statistical,LVDSpin16,6.19,-0.4456
2026-04-09T17:41:32Z,Digitizer_run1640_subrun571.csv,35,True,statistical,LVDSpin16,6.19,-0.4464
2026-04-09T17:41:32Z,Digitizer_run1640_subrun571.csv,36,True,statistical,LVDSpin16,6.19,-0.4545
2026-04-09T17:41:32Z,Digitizer_run1640_subrun571.csv,37,True,statistical,LVDSpin16,6.19,-0.4564
2026-04-09T17:41:32Z,Digitizer_run1640_subrun571.csv,38,True,statistical,LVDSpin16,6.19,-0.4333
2026-04-09T17:41:32Z,Digitizer_run1640_subrun571.csv,39,True,statistical,LVDSpin16,6.19,-0.4376
2026-04-09T17:41:32Z,Digitizer_run1640_subrun571.csv,40,True,statistical,LVDSpin16,6.19,-0.4406
2026-04-09T17:41:32Z,Digitizer_run1640_subrun571.csv,41,True,statistical,LVDSpin16,6.19,-0.4453
2026-04-09T17:41:32Z,Digitizer_run1640_subrun571.csv,42,True,statistical,LVDSpin16,6.19,-0.4396
2026-04-09T17:41:32Z,Digitizer_run1640_subrun571.csv,43,True,statistical,LVDSpin16,6.19,-0.44
2026-04-09T17:41:32Z,Digitizer_run1640_subrun571.csv,44,True,statistical,LVDSpin16,6.19,-0.4529
2026-04-09T17:41:32Z,Digitizer_run1640_subrun571.csv,45,True,statistical,LVDSpin16,6.19,-0.4308
2026-04-09T17:41:32Z,Digitizer_run1640_subrun571.csv,46,True,statistical,LVDSpin16,6.19,-0.4426
2026-04-09T17:41:32Z,Digitizer_run1640_subrun571.csv,47,True,statistical,LVDSpin16,6.19,-0.4437
2026-04-09T17:41:32Z,Digitizer_run1640_subrun571.csv,48,True,statistical,LVDSpin16,6.19,-0.4381
2026-04-09T17:41:32Z,Digitizer_run1640_subrun571.csv,49,True,statistical,LVDSpin16,6.19,-0.4362
2026-04-09T17:41:32Z,Digitizer_run1640_subrun571.csv,50,True,statistical,LVDSpin16,6.19,-0.4351
2026-04-09T17:41:32Z,Digitizer_run1640_subrun571.csv,51,True,statistical,LVDSpin16,6.19,-0.4459
2026-04-09T17:41:32Z,Digitizer_run1640_subrun571.csv,52,True,statistical,LVDSpin16,6.19,-0.4329
2026-04-09T17:41:32Z,Digitizer_run1640_subrun571.csv,53,True,statistical,LVDSpin16,6.19,-0.4336
2026-04-09T17:41:32Z,Digitizer_run1640_subrun571.csv,54,True,statistical,LVDSpin16,6.19,-0.4358
2026-04-09T17:41:32Z,Digitizer_run1640_subrun571.csv,55,True,statistical,LVDSpin16,6.19,-0.4354
2026-04-09T17:41:32Z,Digitizer_run1640_subrun571.csv,56,True,statistical,LVDSpin16,6.19,-0.4377
2026-04-09T17:41:32Z,Digitizer_run1640_subrun571.csv,57,True,statistical,LVDSpin16,6.19,-0.4401
2026-04-09T17:41:32Z,Digitizer_run1640_subrun571.csv,58,True,statistical,LVDSpin16,6.19,-0.4592
2026-04-09T17:41:32Z,Digitizer_run1640_subrun571.csv,59,True,statistical,LVDSpin16,6.19,-0.4528
2026-04-09T17:41:32Z,Digitizer_run1640_subrun571.csv,60,True,statistical,LVDSpin16,6.19,-0.4467
2026-04-09T17:41:32Z,Digitizer_run1640_subrun571.csv,61,True,statistical,LVDSpin16,6.19,-0.4414
2026-04-09T17:41:32Z,Digitizer_run1640_subrun571.csv,62,True,statistical,pulseDuriation_min_median;LVDSpin16,6.19,-0.4702
2026-04-09T17:41:32Z,Digitizer_run1640_subrun571.csv,63,True,statistical,LVDSpin16,6.19,-0.4744
2026-04-09T17:41:32Z,Digitizer_run1640_subrun571.csv,64,True,statistical,LVDSpin16,6.19,-0.4335
2026-04-09T17:41:32Z,Digitizer_run1640_subrun571.csv,65,True,statistical,LVDSpin16,6.19,-0.443
2026-04-09T17:41:32Z,Digitizer_run1640_subrun571.csv,66,True,statistical,LVDSpin16,6.19,-0.4393
2026-04-09T17:41:32Z,Digitizer_run1640_subrun571.csv,67,True,statistical,LVDSpin16,6.19,-0.4326
2026-04-09T17:41:32Z,Digitizer_run1640_subrun571.csv,68,True,statistical,LVDSpin16,6.19,-0.4455
2026-04-09T17:41:32Z,Digitizer_run1640_subrun571.csv,69,True,statistical,LVDSpin16,6.19,-0.4385
2026-04-09T17:41:32Z,Digitizer_run1640_subrun571.csv,70,True,statistical,LVDSpin16,6.19,-0.4677
2026-04-09T17:41:32Z,Digitizer_run1640_subrun571.csv,71,True,statistical,LVDSpin16,6.19,-0.4658
2026-04-09T17:41:32Z,Digitizer_run1640_subrun571.csv,72,True,statistical,LVDSpin16,6.19,-0.4598
2026-04-09T17:41:32Z,Digitizer_run1640_subrun571.csv,73,True,statistical,LVDSpin16,6.19,-0.4663
2026-04-09T17:41:32Z,Digitizer_run1640_subrun571.csv,74,True,statistical,LVDSpin16,6.19,-0.4565
2026-04-09T17:41:32Z,Digitizer_run1640_subrun571.csv,75,True,statistical,LVDSpin16,6.19,-0.4513
2026-04-09T17:41:32Z,Digitizer_run1640_subrun571.csv,76,True,statistical,LVDSpin16,6.19,-0.4494
2026-04-09T17:41:32Z,Digitizer_run1640_subrun571.csv,77,True,statistical,LVDSpin16,6.19,-0.4554
2026-04-09T17:41:32Z,Digitizer_run1640_subrun571.csv,78,True,statistical,LVDSpin16,6.19,-0.4367
2026-04-09T17:41:32Z,Digitizer_run1640_subrun571.csv,79,True,statistical,LVDSpin16,6.19,-0.4553
2026-04-09T17:41:32Z,Digitizer_run1640_subrun571.csv,80,True,statistical,LVDSpin16,6.19,-0.4399
2026-04-09T17:41:32Z,Digitizer_run1640_subrun571.csv,81,True,statistical,LVDSpin16,6.19,-0.4354
2026-04-09T17:41:32Z,Digitizer_run1640_subrun571.csv,82,True,statistical,LVDSpin16,6.19,-0.4624
2026-04-09T17:41:32Z,Digitizer_run1640_subrun571.csv,83,True,statistical,LVDSpin16,6.19,-0.4509
2026-04-09T17:41:32Z,Digitizer_run1640_subrun571.csv,84,True,statistical,LVDSpin16,6.19,-0.447
2026-04-09T17:41:32Z,Digitizer_run1640_subrun571.csv,85,True,statistical,LVDSpin16,6.19,-0.4435
2026-04-09T17:41:32Z,Digitizer_run1640_subrun571.csv,86,True,statistical,LVDSpin16,6.19,-0.4537
2026-04-09T17:41:32Z,Digitizer_run1640_subrun571.csv,87,True,statistical,LVDSpin16,6.19,-0.441
2026-04-09T17:41:32Z,Digitizer_run1640_subrun571.csv,88,True,statistical,LVDSpin16,6.19,-0.4694
2026-04-09T17:41:32Z,Digitizer_run1640_subrun571.csv,89,True,statistical,LVDSpin16,6.19,-0.4592
2026-04-09T17:41:32Z,Digitizer_run1640_subrun571.csv,90,True,statistical,LVDSpin16,6.19,-0.4707
2026-04-09T17:41:32Z,Digitizer_run1640_subrun571.csv,91,True,statistical,LVDSpin16,6.19,-0.4582
2026-04-09T17:41:32Z,Digitizer_run1640_subrun571.csv,92,True,statistical,LVDSpin16,6.19,-0.4753
2026-04-09T17:41:32Z,Digitizer_run1640_subrun571.csv,93,True,statistical,LVDSpin16,6.19,-0.4615
2026-04-09T17:41:32Z,Digitizer_run1640_subrun571.csv,94,True,statistical,LVDSpin16,6.19,-0.446
2026-04-09T17:41:32Z,Digitizer_run1640_subrun571.csv,95,True,statistical,LVDSpin16,6.19,-0.454
2026-04-09T17:41:39Z,Digitizer_run1642_subrun17.csv,32,True,missing_channel,missing_channel,nan,nan
2026-04-09T17:41:39Z,Digitizer_run1642_subrun17.csv,33,True,missing_channel,missing_channel,nan,nan
2026-04-09T17:41:39Z,Digitizer_run1642_subrun17.csv,0,True,statistical,LVDSpin16,6.19,-0.5029
2026-04-09T17:41:39Z,Digitizer_run1642_subrun17.csv,1,True,statistical,LVDSpin16,6.19,-0.4927
2026-04-09T17:41:39Z,Digitizer_run1642_subrun17.csv,2,True,statistical+IF,LVDSpin16,6.19,-0.5313
2026-04-09T17:41:39Z,Digitizer_run1642_subrun17.csv,3,True,statistical+IF,LVDSpin16,6.19,-0.5156
2026-04-09T17:41:39Z,Digitizer_run1642_subrun17.csv,4,True,statistical,LVDSpin16,6.19,-0.4999
2026-04-09T17:41:39Z,Digitizer_run1642_subrun17.csv,5,True,statistical+IF,LVDSpin16,6.19,-0.5144
2026-04-09T17:41:39Z,Digitizer_run1642_subrun17.csv,6,True,statistical+IF,LVDSpin16,6.19,-0.5161
2026-04-09T17:41:39Z,Digitizer_run1642_subrun17.csv,7,True,statistical+IF,LVDSpin16,6.19,-0.5148
2026-04-09T17:41:39Z,Digitizer_run1642_subrun17.csv,8,True,statistical+IF,LVDSpin16,6.19,-0.5142
2026-04-09T17:41:39Z,Digitizer_run1642_subrun17.csv,9,True,statistical+IF,LVDSpin16,6.19,-0.5311
2026-04-09T17:41:39Z,Digitizer_run1642_subrun17.csv,10,True,statistical,LVDSpin16,6.19,-0.5022
2026-04-09T17:41:39Z,Digitizer_run1642_subrun17.csv,11,True,statistical,LVDSpin16,6.19,-0.5021
2026-04-09T17:41:39Z,Digitizer_run1642_subrun17.csv,12,True,statistical,LVDSpin16,6.19,-0.5008
2026-04-09T17:41:39Z,Digitizer_run1642_subrun17.csv,13,True,statistical+IF,LVDSpin16,6.19,-0.5158
2026-04-09T17:41:39Z,Digitizer_run1642_subrun17.csv,14,True,statistical+IF,LVDSpin16,6.19,-0.5162
2026-04-09T17:41:39Z,Digitizer_run1642_subrun17.csv,15,True,statistical+IF,LVDSpin16,6.19,-0.5188
2026-04-09T17:41:39Z,Digitizer_run1642_subrun17.csv,16,True,statistical,LVDSpin16,6.19,-0.497
2026-04-09T17:41:39Z,Digitizer_run1642_subrun17.csv,17,True,statistical,LVDSpin16,6.19,-0.5083
2026-04-09T17:41:39Z,Digitizer_run1642_subrun17.csv,18,True,statistical,LVDSpin16,6.19,-0.5013
2026-04-09T17:41:39Z,Digitizer_run1642_subrun17.csv,19,True,statistical,LVDSpin16,6.19,-0.5093
2026-04-09T17:41:39Z,Digitizer_run1642_subrun17.csv,20,True,statistical,LVDSpin16,6.19,-0.5122
2026-04-09T17:41:39Z,Digitizer_run1642_subrun17.csv,21,True,statistical,LVDSpin16,6.19,-0.5077
2026-04-09T17:41:39Z,Digitizer_run1642_subrun17.csv,22,True,statistical+IF,LVDSpin16,6.19,-0.5161
2026-04-09T17:41:39Z,Digitizer_run1642_subrun17.csv,23,True,statistical,LVDSpin16,6.19,-0.5097
2026-04-09T17:41:39Z,Digitizer_run1642_subrun17.csv,24,True,statistical+IF,LVDSpin16,6.19,-0.5291
2026-04-09T17:41:39Z,Digitizer_run1642_subrun17.csv,25,True,statistical,LVDSpin16,6.19,-0.5131
2026-04-09T17:41:39Z,Digitizer_run1642_subrun17.csv,26,True,statistical,LVDSpin16,6.19,-0.4996
2026-04-09T17:41:39Z,Digitizer_run1642_subrun17.csv,27,True,statistical,LVDSpin16,6.19,-0.4976
2026-04-09T17:41:39Z,Digitizer_run1642_subrun17.csv,28,True,statistical,LVDSpin16,6.19,-0.5095
2026-04-09T17:41:39Z,Digitizer_run1642_subrun17.csv,29,True,statistical,LVDSpin16,6.19,-0.4971
2026-04-09T17:41:39Z,Digitizer_run1642_subrun17.csv,30,True,statistical,LVDSpin16,6.19,-0.5102
2026-04-09T17:41:39Z,Digitizer_run1642_subrun17.csv,31,True,statistical,LVDSpin16,6.19,-0.4967
2026-04-09T17:41:39Z,Digitizer_run1642_subrun17.csv,34,True,statistical+IF,LVDSpin16,6.19,-0.5301
2026-04-09T17:41:39Z,Digitizer_run1642_subrun17.csv,35,True,statistical,LVDSpin16,6.19,-0.5126
2026-04-09T17:41:39Z,Digitizer_run1642_subrun17.csv,36,True,statistical,LVDSpin16,6.19,-0.51
2026-04-09T17:41:39Z,Digitizer_run1642_subrun17.csv,37,True,statistical,LVDSpin16,6.19,-0.5015
2026-04-09T17:41:39Z,Digitizer_run1642_subrun17.csv,38,True,statistical+IF,LVDSpin16,6.19,-0.5155
2026-04-09T17:41:39Z,Digitizer_run1642_subrun17.csv,39,True,statistical+IF,LVDSpin16,6.19,-0.5165
2026-04-09T17:41:39Z,Digitizer_run1642_subrun17.csv,40,True,statistical,LVDSpin16,6.19,-0.5085
2026-04-09T17:41:39Z,Digitizer_run1642_subrun17.csv,41,True,statistical,LVDSpin16,6.19,-0.4993
2026-04-09T17:41:39Z,Digitizer_run1642_subrun17.csv,42,True,statistical+IF,LVDSpin16,6.19,-0.5194
2026-04-09T17:41:39Z,Digitizer_run1642_subrun17.csv,43,True,statistical,LVDSpin16,6.19,-0.5034
2026-04-09T17:41:39Z,Digitizer_run1642_subrun17.csv,44,True,statistical+IF,LVDSpin16,6.19,-0.5246
2026-04-09T17:41:39Z,Digitizer_run1642_subrun17.csv,45,True,statistical,LVDSpin16,6.19,-0.5004
2026-04-09T17:41:39Z,Digitizer_run1642_subrun17.csv,46,True,statistical,LVDSpin16,6.19,-0.5019
2026-04-09T17:41:39Z,Digitizer_run1642_subrun17.csv,47,True,statistical,LVDSpin16,6.19,-0.5012
2026-04-09T17:41:39Z,Digitizer_run1642_subrun17.csv,48,True,statistical+IF,LVDSpin16,6.19,-0.5324
2026-04-09T17:41:39Z,Digitizer_run1642_subrun17.csv,49,True,statistical+IF,LVDSpin16,6.19,-0.5148
2026-04-09T17:41:39Z,Digitizer_run1642_subrun17.csv,50,True,statistical,LVDSpin16,6.19,-0.4986
2026-04-09T17:41:39Z,Digitizer_run1642_subrun17.csv,51,True,statistical,LVDSpin16,6.19,-0.5099
2026-04-09T17:41:39Z,Digitizer_run1642_subrun17.csv,52,True,statistical,LVDSpin16,6.19,-0.5121
2026-04-09T17:41:39Z,Digitizer_run1642_subrun17.csv,53,True,statistical,LVDSpin16,6.19,-0.5077
2026-04-09T17:41:39Z,Digitizer_run1642_subrun17.csv,54,True,statistical+IF,LVDSpin16,6.19,-0.5167
2026-04-09T17:41:39Z,Digitizer_run1642_subrun17.csv,55,True,statistical,LVDSpin16,6.19,-0.5095
2026-04-09T17:41:39Z,Digitizer_run1642_subrun17.csv,56,True,statistical+IF,LVDSpin16,6.19,-0.5271
2026-04-09T17:41:39Z,Digitizer_run1642_subrun17.csv,57,True,statistical,LVDSpin16,6.19,-0.4986
2026-04-09T17:41:39Z,Digitizer_run1642_subrun17.csv,58,True,statistical,LVDSpin16,6.19,-0.5081
2026-04-09T17:41:39Z,Digitizer_run1642_subrun17.csv,59,True,statistical,LVDSpin16,6.19,-0.5014
2026-04-09T17:41:39Z,Digitizer_run1642_subrun17.csv,60,True,statistical,LVDSpin16,6.19,-0.5061
2026-04-09T17:41:39Z,Digitizer_run1642_subrun17.csv,61,True,statistical,LVDSpin16,6.19,-0.5105
2026-04-09T17:41:39Z,Digitizer_run1642_subrun17.csv,62,True,statistical,LVDSpin16,6.19,-0.4963
2026-04-09T17:41:39Z,Digitizer_run1642_subrun17.csv,63,True,statistical+IF,LVDSpin16,6.19,-0.5154
2026-04-09T17:41:39Z,Digitizer_run1642_subrun17.csv,64,True,statistical+IF,LVDSpin16,6.19,-0.5165
2026-04-09T17:41:39Z,Digitizer_run1642_subrun17.csv,65,True,statistical+IF,LVDSpin16,6.19,-0.5242
2026-04-09T17:41:39Z,Digitizer_run1642_subrun17.csv,66,True,statistical,LVDSpin16,6.19,-0.5124
2026-04-09T17:41:39Z,Digitizer_run1642_subrun17.csv,67,True,statistical,LVDSpin16,6.19,-0.5044
2026-04-09T17:41:39Z,Digitizer_run1642_subrun17.csv,68,True,statistical+IF,LVDSpin16,6.19,-0.5279
2026-04-09T17:41:39Z,Digitizer_run1642_subrun17.csv,69,True,statistical,LVDSpin16,6.19,-0.5131
2026-04-09T17:41:39Z,Digitizer_run1642_subrun17.csv,70,True,statistical,LVDSpin16,6.19,-0.4963
2026-04-09T17:41:39Z,Digitizer_run1642_subrun17.csv,71,True,statistical,LVDSpin16,6.19,-0.4985
2026-04-09T17:41:39Z,Digitizer_run1642_subrun17.csv,72,True,statistical+IF,LVDSpin16,6.19,-0.5257
2026-04-09T17:41:39Z,Digitizer_run1642_subrun17.csv,73,True,statistical,LVDSpin16,6.19,-0.5069
2026-04-09T17:41:39Z,Digitizer_run1642_subrun17.csv,74,True,statistical+IF,LVDSpin16,6.19,-0.5219
2026-04-09T17:41:39Z,Digitizer_run1642_subrun17.csv,75,True,statistical+IF,LVDSpin16,6.19,-0.534
2026-04-09T17:41:39Z,Digitizer_run1642_subrun17.csv,76,True,statistical,LVDSpin16,6.19,-0.5003
2026-04-09T17:41:39Z,Digitizer_run1642_subrun17.csv,77,True,statistical,LVDSpin16,6.19,-0.502
2026-04-09T17:41:39Z,Digitizer_run1642_subrun17.csv,78,True,statistical,LVDSpin16,6.19,-0.5064
2026-04-09T17:41:39Z,Digitizer_run1642_subrun17.csv,79,True,statistical,LVDSpin16,6.19,-0.5018
2026-04-09T17:41:39Z,Digitizer_run1642_subrun17.csv,80,True,statistical,LVDSpin16,6.19,-0.5096
2026-04-09T17:41:39Z,Digitizer_run1642_subrun17.csv,81,True,statistical,LVDSpin16,6.19,-0.4975
2026-04-09T17:41:39Z,Digitizer_run1642_subrun17.csv,82,True,statistical+IF,LVDSpin16,6.19,-0.5227
2026-04-09T17:41:39Z,Digitizer_run1642_subrun17.csv,83,True,statistical,LVDSpin16,6.19,-0.5082
2026-04-09T17:41:39Z,Digitizer_run1642_subrun17.csv,84,True,statistical+IF,pulseHeight_min_median;pulseArea_min_median;pulseDuriation_min_median;LVDSpin16,12.84,-0.5299
2026-04-09T17:41:39Z,Digitizer_run1642_subrun17.csv,85,True,statistical+IF,LVDSpin16,6.19,-0.5244
2026-04-09T17:41:39Z,Digitizer_run1642_subrun17.csv,86,True,statistical,LVDSpin16,6.19,-0.4987
2026-04-09T17:41:39Z,Digitizer_run1642_subrun17.csv,87,True,statistical+IF,LVDSpin16,6.19,-0.5156
2026-04-09T17:41:39Z,Digitizer_run1642_subrun17.csv,88,True,statistical,LVDSpin16,6.19,-0.5063
2026-04-09T17:41:39Z,Digitizer_run1642_subrun17.csv,89,True,statistical+IF,LVDSpin16,6.19,-0.5184
2026-04-09T17:41:39Z,Digitizer_run1642_subrun17.csv,90,True,statistical,LVDSpin16,6.19,-0.5083
2026-04-09T17:41:39Z,Digitizer_run1642_subrun17.csv,91,True,statistical+IF,LVDSpin16,6.19,-0.523
2026-04-09T17:41:39Z,Digitizer_run1642_subrun17.csv,92,True,statistical+IF,LVDSpin16,6.19,-0.5345
2026-04-09T17:41:39Z,Digitizer_run1642_subrun17.csv,93,True,statistical+IF,LVDSpin16,6.19,-0.5426
2026-04-09T17:41:39Z,Digitizer_run1642_subrun17.csv,94,True,statistical,LVDSpin16,6.19,-0.5117
2026-04-09T17:41:39Z,Digitizer_run1642_subrun17.csv,95,True,statistical,LVDSpin16,6.19,-0.5078
2026-04-09T17:41:45Z,Digitizer_run1640_subrun32.csv,0,True,statistical+IF,triggerRate_bit1;triggerRate_bit2;triggerRate_bit5;triggerRate_bit7;triggerRate_tot,28.22,-0.548
2026-04-09T17:41:45Z,Digitizer_run1640_subrun32.csv,1,True,statistical+IF,triggerRate_bit1;triggerRate_bit2;triggerRate_bit5;triggerRate_bit7;triggerRate_tot,28.22,-0.5688
2026-04-09T17:41:45Z,Digitizer_run1640_subrun32.csv,2,True,statistical+IF,pulseArea_min_median;triggerRate_bit1;triggerRate_bit2;triggerRate_bit5;triggerRate_bit7;triggerRate_tot,28.22,-0.5625
2026-04-09T17:41:45Z,Digitizer_run1640_subrun32.csv,3,True,statistical+IF,triggerRate_bit1;triggerRate_bit2;triggerRate_bit5;triggerRate_bit7;triggerRate_tot,28.22,-0.5438
2026-04-09T17:41:45Z,Digitizer_run1640_subrun32.csv,4,True,statistical+IF,triggerRate_bit1;triggerRate_bit2;triggerRate_bit5;triggerRate_bit7;triggerRate_tot,28.22,-0.5545
2026-04-09T17:41:45Z,Digitizer_run1640_subrun32.csv,5,True,statistical+IF,triggerRate_bit1;triggerRate_bit2;triggerRate_bit5;triggerRate_bit7;triggerRate_tot,28.22,-0.5682
2026-04-09T17:41:45Z,Digitizer_run1640_subrun32.csv,6,True,statistical+IF,triggerRate_bit1;triggerRate_bit2;triggerRate_bit5;triggerRate_bit7;triggerRate_tot,28.22,-0.5538
2026-04-09T17:41:45Z,Digitizer_run1640_subrun32.csv,7,True,statistical+IF,triggerRate_bit1;triggerRate_bit2;triggerRate_bit5;triggerRate_bit7;triggerRate_tot,28.22,-0.5568
2026-04-09T17:41:45Z,Digitizer_run1640_subrun32.csv,8,True,statistical+IF,occupancy;triggerRate_bit1;triggerRate_bit2;triggerRate_bit5;triggerRate_bit7;triggerRate_tot,28.22,-0.5748
2026-04-09T17:41:45Z,Digitizer_run1640_subrun32.csv,9,True,statistical+IF,occupancy;triggerRate_bit1;triggerRate_bit2;triggerRate_bit5;triggerRate_bit7;triggerRate_tot,28.22,-0.5394
2026-04-09T17:41:45Z,Digitizer_run1640_subrun32.csv,10,True,statistical+IF,triggerRate_bit1;triggerRate_bit2;triggerRate_bit5;triggerRate_bit7;triggerRate_tot,28.22,-0.5657
2026-04-09T17:41:45Z,Digitizer_run1640_subrun32.csv,11,True,statistical+IF,triggerRate_bit1;triggerRate_bit2;triggerRate_bit5;triggerRate_bit7;triggerRate_tot,28.22,-0.5507
2026-04-09T17:41:45Z,Digitizer_run1640_subrun32.csv,12,True,statistical+IF,triggerRate_bit1;triggerRate_bit2;triggerRate_bit5;triggerRate_bit7;triggerRate_tot,28.22,-0.5649
2026-04-09T17:41:45Z,Digitizer_run1640_subrun32.csv,13,True,statistical+IF,triggerRate_bit1;triggerRate_bit2;triggerRate_bit5;triggerRate_bit7;triggerRate_tot,28.22,-0.571
2026-04-09T17:41:45Z,Digitizer_run1640_subrun32.csv,14,True,statistical+IF,triggerRate_bit1;triggerRate_bit2;triggerRate_bit5;triggerRate_bit7;triggerRate_tot,28.22,-0.5716
2026-04-09T17:41:45Z,Digitizer_run1640_subrun32.csv,15,True,statistical+IF,triggerRate_bit1;triggerRate_bit2;triggerRate_bit5;triggerRate_bit7;triggerRate_tot,28.22,-0.5498
2026-04-09T17:41:45Z,Digitizer_run1640_subrun32.csv,16,True,statistical+IF,triggerRate_bit1;triggerRate_bit2;triggerRate_bit5;triggerRate_bit7;triggerRate_tot,28.22,-0.5526
2026-04-09T17:41:45Z,Digitizer_run1640_subrun32.csv,17,True,statistical+IF,triggerRate_bit1;triggerRate_bit2;triggerRate_bit5;triggerRate_bit7;triggerRate_tot,28.22,-0.5618
2026-04-09T17:41:45Z,Digitizer_run1640_subrun32.csv,18,True,statistical+IF,triggerRate_bit1;triggerRate_bit2;triggerRate_bit5;triggerRate_bit7;triggerRate_tot,28.22,-0.5343
2026-04-09T17:41:45Z,Digitizer_run1640_subrun32.csv,19,True,statistical+IF,triggerRate_bit1;triggerRate_bit2;triggerRate_bit5;triggerRate_bit7;triggerRate_tot,28.22,-0.538
2026-04-09T17:41:45Z,Digitizer_run1640_subrun32.csv,20,True,statistical+IF,triggerRate_bit1;triggerRate_bit2;triggerRate_bit5;triggerRate_bit7;triggerRate_tot,28.22,-0.5571
2026-04-09T17:41:45Z,Digitizer_run1640_subrun32.csv,21,True,statistical+IF,triggerRate_bit1;triggerRate_bit2;triggerRate_bit5;triggerRate_bit7;triggerRate_tot,28.22,-0.5517
2026-04-09T17:41:45Z,Digitizer_run1640_subrun32.csv,22,True,statistical+IF,sideband_rms_mean;triggerRate_bit1;triggerRate_bit2;triggerRate_bit5;triggerRate_bit7;triggerRate_tot,28.22,-0.5598
2026-04-09T17:41:45Z,Digitizer_run1640_subrun32.csv,23,True,statistical+IF,triggerRate_bit1;triggerRate_bit2;triggerRate_bit5;triggerRate_bit7;triggerRate_tot,28.22,-0.556
2026-04-09T17:41:45Z,Digitizer_run1640_subrun32.csv,24,True,statistical+IF,triggerRate_bit1;triggerRate_bit2;triggerRate_bit5;triggerRate_bit7;triggerRate_tot,28.22,-0.554
2026-04-09T17:41:45Z,Digitizer_run1640_subrun32.csv,25,True,statistical+IF,triggerRate_bit1;triggerRate_bit2;triggerRate_bit5;triggerRate_bit7;triggerRate_tot,28.22,-0.571
2026-04-09T17:41:45Z,Digitizer_run1640_subrun32.csv,26,True,statistical+IF,triggerRate_bit1;triggerRate_bit2;triggerRate_bit5;triggerRate_bit7;triggerRate_tot,28.22,-0.5642
2026-04-09T17:41:45Z,Digitizer_run1640_subrun32.csv,27,True,statistical+IF,triggerRate_bit1;triggerRate_bit2;triggerRate_bit5;triggerRate_bit7;triggerRate_tot,28.22,-0.5763
2026-04-09T17:41:45Z,Digitizer_run1640_subrun32.csv,28,True,statistical+IF,triggerRate_bit1;triggerRate_bit2;triggerRate_bit5;triggerRate_bit7;triggerRate_tot,28.22,-0.5631
2026-04-09T17:41:45Z,Digitizer_run1640_subrun32.csv,29,True,statistical+IF,triggerRate_bit1;triggerRate_bit2;triggerRate_bit5;triggerRate_bit7;triggerRate_tot,28.22,-0.5416
2026-04-09T17:41:45Z,Digitizer_run1640_subrun32.csv,30,True,statistical+IF,triggerRate_bit1;triggerRate_bit2;triggerRate_bit5;triggerRate_bit7;triggerRate_tot,28.22,-0.59
2026-04-09T17:41:45Z,Digitizer_run1640_subrun32.csv,31,True,statistical+IF,triggerRate_bit1;triggerRate_bit2;triggerRate_bit5;triggerRate_bit7;triggerRate_tot,28.22,-0.5651
2026-04-09T17:41:45Z,Digitizer_run1640_subrun32.csv,32,True,statistical+IF,sideband_mean_median;sideband_rms_median;nPulses_mean;nPulses_std;nPulses_median;pulseHeight_max_mean;pulseHeight_max_std;pulseHeight_min_mean;pulseHeight_min_std;pulseArea_max_mean;pulseDuriation_max_mean;pulseDuriation_max_median;pulseDuriation_min_mean;occupancy;triggerRate_bit1;triggerRate_bit2;triggerRate_bit5;triggerRate_bit7;triggerRate_tot,3000000.0,-0.6338
2026-04-09T17:41:45Z,Digitizer_run1640_subrun32.csv,33,True,statistical+IF,sideband_mean_median;nPulses_mean;nPulses_median;pulseHeight_max_mean;pulseHeight_max_std;pulseHeight_min_mean;pulseHeight_min_std;pulseArea_max_mean;pulseDuriation_max_mean;pulseDuriation_max_median;occupancy;triggerRate_bit1;triggerRate_bit2;triggerRate_bit5;triggerRate_bit7;triggerRate_tot,73.05,-0.6302
2026-04-09T17:41:45Z,Digitizer_run1640_subrun32.csv,34,True,statistical+IF,triggerRate_bit1;triggerRate_bit2;triggerRate_bit5;triggerRate_bit7;triggerRate_tot,28.22,-0.5513
2026-04-09T17:41:45Z,Digitizer_run1640_subrun32.csv,35,True,statistical+IF,triggerRate_bit1;triggerRate_bit2;triggerRate_bit5;triggerRate_bit7;triggerRate_tot,28.22,-0.5339
2026-04-09T17:41:45Z,Digitizer_run1640_subrun32.csv,36,True,statistical+IF,triggerRate_bit1;triggerRate_bit2;triggerRate_bit5;triggerRate_bit7;triggerRate_tot,28.22,-0.5585
2026-04-09T17:41:45Z,Digitizer_run1640_subrun32.csv,37,True,statistical+IF,triggerRate_bit1;triggerRate_bit2;triggerRate_bit5;triggerRate_bit7;triggerRate_tot,28.22,-0.5459
2026-04-09T17:41:45Z,Digitizer_run1640_subrun32.csv,38,True,statistical+IF,triggerRate_bit1;triggerRate_bit2;triggerRate_bit5;triggerRate_bit7;triggerRate_tot,28.22,-0.5522
2026-04-09T17:41:45Z,Digitizer_run1640_subrun32.csv,39,True,statistical+IF,triggerRate_bit1;triggerRate_bit2;triggerRate_bit5;triggerRate_bit7;triggerRate_tot,28.22,-0.5391
2026-04-09T17:41:45Z,Digitizer_run1640_subrun32.csv,40,True,statistical+IF,triggerRate_bit1;triggerRate_bit2;triggerRate_bit5;triggerRate_bit7;triggerRate_tot,28.22,-0.5471
2026-04-09T17:41:45Z,Digitizer_run1640_subrun32.csv,41,True,statistical+IF,triggerRate_bit1;triggerRate_bit2;triggerRate_bit5;triggerRate_bit7;triggerRate_tot,28.22,-0.5497
2026-04-09T17:41:45Z,Digitizer_run1640_subrun32.csv,42,True,statistical+IF,triggerRate_bit1;triggerRate_bit2;triggerRate_bit5;triggerRate_bit7;triggerRate_tot,28.22,-0.5669
2026-04-09T17:41:45Z,Digitizer_run1640_subrun32.csv,43,True,statistical+IF,triggerRate_bit1;triggerRate_bit2;triggerRate_bit5;triggerRate_bit7;triggerRate_tot,28.22,-0.5777
2026-04-09T17:41:45Z,Digitizer_run1640_subrun32.csv,44,True,statistical+IF,triggerRate_bit1;triggerRate_bit2;triggerRate_bit5;triggerRate_bit7;triggerRate_tot,28.22,-0.5629
2026-04-09T17:41:45Z,Digitizer_run1640_subrun32.csv,45,True,statistical+IF,triggerRate_bit1;triggerRate_bit2;triggerRate_bit5;triggerRate_bit7;triggerRate_tot,28.22,-0.5298
2026-04-09T17:41:45Z,Digitizer_run1640_subrun32.csv,46,True,statistical+IF,pulseArea_min_mean;triggerRate_bit1;triggerRate_bit2;triggerRate_bit5;triggerRate_bit7;triggerRate_tot,28.22,-0.5758
2026-04-09T17:41:45Z,Digitizer_run1640_subrun32.csv,47,True,statistical+IF,triggerRate_bit1;triggerRate_bit2;triggerRate_bit5;triggerRate_bit7;triggerRate_tot,28.22,-0.5523
2026-04-09T17:41:45Z,Digitizer_run1640_subrun32.csv,48,True,statistical+IF,occupancy;triggerRate_bit1;triggerRate_bit2;triggerRate_bit5;triggerRate_bit7;triggerRate_tot,28.22,-0.5555
2026-04-09T17:41:45Z,Digitizer_run1640_subrun32.csv,49,True,statistical+IF,pulseDuriation_max_median;triggerRate_bit1;triggerRate_bit2;triggerRate_bit5;triggerRate_bit7;triggerRate_tot,28.22,-0.5911
2026-04-09T17:41:45Z,Digitizer_run1640_subrun32.csv,50,True,statistical+IF,triggerRate_bit1;triggerRate_bit2;triggerRate_bit5;triggerRate_bit7;triggerRate_tot,28.22,-0.5613
2026-04-09T17:41:45Z,Digitizer_run1640_subrun32.csv,51,True,statistical+IF,triggerRate_bit1;triggerRate_bit2;triggerRate_bit5;triggerRate_bit7;triggerRate_tot,28.22,-0.5687
2026-04-09T17:41:45Z,Digitizer_run1640_subrun32.csv,52,True,statistical+IF,triggerRate_bit1;triggerRate_bit2;triggerRate_bit5;triggerRate_bit7;triggerRate_tot,28.22,-0.5765
2026-04-09T17:41:45Z,Digitizer_run1640_subrun32.csv,53,True,statistical+IF,triggerRate_bit1;triggerRate_bit2;triggerRate_bit5;triggerRate_bit7;triggerRate_tot,28.22,-0.5634
2026-04-09T17:41:45Z,Digitizer_run1640_subrun32.csv,54,True,statistical+IF,triggerRate_bit1;triggerRate_bit2;triggerRate_bit5;triggerRate_bit7;triggerRate_tot,28.22,-0.5534
2026-04-09T17:41:45Z,Digitizer_run1640_subrun32.csv,55,True,statistical+IF,triggerRate_bit1;triggerRate_bit2;triggerRate_bit5;triggerRate_bit7;triggerRate_tot,28.22,-0.5559
2026-04-09T17:41:45Z,Digitizer_run1640_subrun32.csv,56,True,statistical+IF,sideband_mean_median;pulseDuriation_max_mean;pulseDuriation_max_median;pulseDuriation_min_mean;occupancy;triggerRate_bit1;triggerRate_bit2;triggerRate_bit5;triggerRate_bit7;triggerRate_tot,28.22,-0.6153
2026-04-09T17:41:45Z,Digitizer_run1640_subrun32.csv,57,True,statistical+IF,triggerRate_bit1;triggerRate_bit2;triggerRate_bit5;triggerRate_bit7;triggerRate_tot,28.22,-0.5399
2026-04-09T17:41:45Z,Digitizer_run1640_subrun32.csv,58,True,statistical+IF,triggerRate_bit1;triggerRate_bit2;triggerRate_bit5;triggerRate_bit7;triggerRate_tot,28.22,-0.5724
2026-04-09T17:41:45Z,Digitizer_run1640_subrun32.csv,59,True,statistical+IF,triggerRate_bit1;triggerRate_bit2;triggerRate_bit5;triggerRate_bit7;triggerRate_tot,28.22,-0.5727
2026-04-09T17:41:45Z,Digitizer_run1640_subrun32.csv,60,True,statistical+IF,triggerRate_bit1;triggerRate_bit2;triggerRate_bit5;triggerRate_bit7;triggerRate_tot,28.22,-0.5607
2026-04-09T17:41:45Z,Digitizer_run1640_subrun32.csv,61,True,statistical+IF,triggerRate_bit1;triggerRate_bit2;triggerRate_bit5;triggerRate_bit7;triggerRate_tot,28.22,-0.5691
2026-04-09T17:41:45Z,Digitizer_run1640_subrun32.csv,62,True,statistical+IF,triggerRate_bit1;triggerRate_bit2;triggerRate_bit5;triggerRate_bit7;triggerRate_tot,28.22,-0.5295
2026-04-09T17:41:45Z,Digitizer_run1640_subrun32.csv,63,True,statistical+IF,triggerRate_bit1;triggerRate_bit2;triggerRate_bit5;triggerRate_bit7;triggerRate_tot,28.22,-0.5431
2026-04-09T17:41:45Z,Digitizer_run1640_subrun32.csv,64,True,statistical+IF,triggerRate_bit1;triggerRate_bit2;triggerRate_bit5;triggerRate_bit7;triggerRate_tot,28.22,-0.5564
2026-04-09T17:41:45Z,Digitizer_run1640_subrun32.csv,65,True,statistical+IF,triggerRate_bit1;triggerRate_bit2;triggerRate_bit5;triggerRate_bit7;triggerRate_tot,28.22,-0.5288
2026-04-09T17:41:45Z,Digitizer_run1640_subrun32.csv,66,True,statistical+IF,triggerRate_bit1;triggerRate_bit2;triggerRate_bit5;triggerRate_bit7;triggerRate_tot,28.22,-0.5482
2026-04-09T17:41:45Z,Digitizer_run1640_subrun32.csv,67,True,statistical+IF,triggerRate_bit1;triggerRate_bit2;triggerRate_bit5;triggerRate_bit7;triggerRate_tot,28.22,-0.5446
2026-04-09T17:41:45Z,Digitizer_run1640_subrun32.csv,68,True,statistical+IF,sideband_mean_mean;sideband_rms_mean;triggerRate_bit1;triggerRate_bit2;triggerRate_bit5;triggerRate_bit7;triggerRate_tot,28.22,-0.5659
2026-04-09T17:41:45Z,Digitizer_run1640_subrun32.csv,69,True,statistical+IF,sideband_mean_mean;triggerRate_bit1;triggerRate_bit2;triggerRate_bit5;triggerRate_bit7;triggerRate_tot,28.22,-0.5812
2026-04-09T17:41:45Z,Digitizer_run1640_subrun32.csv,70,True,statistical+IF,triggerRate_bit1;triggerRate_bit2;triggerRate_bit5;triggerRate_bit7;triggerRate_tot,28.22,-0.5553
2026-04-09T17:41:45Z,Digitizer_run1640_subrun32.csv,71,True,statistical+IF,triggerRate_bit1;triggerRate_bit2;triggerRate_bit5;triggerRate_bit7;triggerRate_tot,28.22,-0.5535
2026-04-09T17:41:45Z,Digitizer_run1640_subrun32.csv,72,True,statistical+IF,triggerRate_bit1;triggerRate_bit2;triggerRate_bit5;triggerRate_bit7;triggerRate_tot,28.22,-0.5532
2026-04-09T17:41:45Z,Digitizer_run1640_subrun32.csv,73,True,statistical+IF,triggerRate_bit1;triggerRate_bit2;triggerRate_bit5;triggerRate_bit7;triggerRate_tot,28.22,-0.5499
2026-04-09T17:41:45Z,Digitizer_run1640_subrun32.csv,74,True,statistical+IF,triggerRate_bit1;triggerRate_bit2;triggerRate_bit5;triggerRate_bit7;triggerRate_tot,28.22,-0.5483
2026-04-09T17:41:45Z,Digitizer_run1640_subrun32.csv,75,True,statistical+IF,triggerRate_bit1;triggerRate_bit2;triggerRate_bit5;triggerRate_bit7;triggerRate_tot,28.22,-0.5524
2026-04-09T17:41:45Z,Digitizer_run1640_subrun32.csv,76,True,statistical+IF,triggerRate_bit1;triggerRate_bit2;triggerRate_bit5;triggerRate_bit7;triggerRate_tot,28.22,-0.5976
2026-04-09T17:41:45Z,Digitizer_run1640_subrun32.csv,77,True,statistical+IF,occupancy;triggerRate_bit1;triggerRate_bit2;triggerRate_bit5;triggerRate_bit7;triggerRate_tot,28.22,-0.5669
2026-04-09T17:41:45Z,Digitizer_run1640_subrun32.csv,78,True,statistical+IF,triggerRate_bit1;triggerRate_bit2;triggerRate_bit5;triggerRate_bit7;triggerRate_tot,28.22,-0.5521
2026-04-09T17:41:45Z,Digitizer_run1640_subrun32.csv,79,True,statistical+IF,triggerRate_bit1;triggerRate_bit2;triggerRate_bit5;triggerRate_bit7;triggerRate_tot,28.22,-0.5536
2026-04-09T17:41:45Z,Digitizer_run1640_subrun32.csv,80,True,statistical+IF,nPulses_median;occupancy;triggerRate_bit1;triggerRate_bit2;triggerRate_bit5;triggerRate_bit7;triggerRate_tot,28.22,-0.5719
2026-04-09T17:41:45Z,Digitizer_run1640_subrun32.csv,81,True,statistical+IF,triggerRate_bit1;triggerRate_bit2;triggerRate_bit5;triggerRate_bit7;triggerRate_tot,28.22,-0.5658
2026-04-09T17:41:45Z,Digitizer_run1640_subrun32.csv,82,True,statistical+IF,triggerRate_bit1;triggerRate_bit2;triggerRate_bit5;triggerRate_bit7;triggerRate_tot,28.22,-0.5577
2026-04-09T17:41:45Z,Digitizer_run1640_subrun32.csv,83,True,statistical+IF,triggerRate_bit1;triggerRate_bit2;triggerRate_bit5;triggerRate_bit7;triggerRate_tot,28.22,-0.533
2026-04-09T17:41:45Z,Digitizer_run1640_subrun32.csv,84,True,statistical+IF,triggerRate_bit1;triggerRate_bit2;triggerRate_bit5;triggerRate_bit7;triggerRate_tot,28.22,-0.5389
2026-04-09T17:41:45Z,Digitizer_run1640_subrun32.csv,85,True,statistical+IF,triggerRate_bit1;triggerRate_bit2;triggerRate_bit5;triggerRate_bit7;triggerRate_tot,28.22,-0.5386
2026-04-09T17:41:45Z,Digitizer_run1640_subrun32.csv,86,True,statistical+IF,triggerRate_bit1;triggerRate_bit2;triggerRate_bit5;triggerRate_bit7;triggerRate_tot,28.22,-0.5484
2026-04-09T17:41:45Z,Digitizer_run1640_subrun32.csv,87,True,statistical+IF,triggerRate_bit1;triggerRate_bit2;triggerRate_bit5;triggerRate_bit7;triggerRate_tot,28.22,-0.5751
2026-04-09T17:41:45Z,Digitizer_run1640_subrun32.csv,88,True,statistical+IF,triggerRate_bit1;triggerRate_bit2;triggerRate_bit5;triggerRate_bit7;triggerRate_tot,28.22,-0.5429
2026-04-09T17:41:45Z,Digitizer_run1640_subrun32.csv,89,True,statistical+IF,triggerRate_bit1;triggerRate_bit2;triggerRate_bit5;triggerRate_bit7;triggerRate_tot,28.22,-0.5384
2026-04-09T17:41:45Z,Digitizer_run1640_subrun32.csv,90,True,statistical+IF,triggerRate_bit1;triggerRate_bit2;triggerRate_bit5;triggerRate_bit7;triggerRate_tot,28.22,-0.5628
2026-04-09T17:41:45Z,Digitizer_run1640_subrun32.csv,91,True,statistical+IF,triggerRate_bit1;triggerRate_bit2;triggerRate_bit5;triggerRate_bit7;triggerRate_tot,28.22,-0.5547
2026-04-09T17:41:45Z,Digitizer_run1640_subrun32.csv,92,True,statistical+IF,triggerRate_bit1;triggerRate_bit2;triggerRate_bit5;triggerRate_bit7;triggerRate_tot,28.22,-0.5596
2026-04-09T17:41:45Z,Digitizer_run1640_subrun32.csv,93,True,statistical+IF,triggerRate_bit1;triggerRate_bit2;triggerRate_bit5;triggerRate_bit7;triggerRate_tot,28.22,-0.5444
2026-04-09T17:41:45Z,Digitizer_run1640_subrun32.csv,94,True,statistical+IF,triggerRate_bit1;triggerRate_bit2;triggerRate_bit5;triggerRate_bit7;triggerRate_tot,28.22,-0.564
2026-04-09T17:41:45Z,Digitizer_run1640_subrun32.csv,95,True,statistical+IF,triggerRate_bit1;triggerRate_bit2;triggerRate_bit5;triggerRate_bit7;triggerRate_tot,28.22,-0.5602
2026-04-09T17:41:51Z,Digitizer_run1642_subrun10.csv,32,True,missing_channel,missing_channel,nan,nan
2026-04-09T17:41:51Z,Digitizer_run1642_subrun10.csv,33,True,missing_channel,missing_channel,nan,nan
2026-04-09T17:41:51Z,Digitizer_run1642_subrun10.csv,0,True,statistical,LVDSpin16,6.19,-0.47
2026-04-09T17:41:51Z,Digitizer_run1642_subrun10.csv,1,True,statistical,LVDSpin16,6.19,-0.4676
2026-04-09T17:41:51Z,Digitizer_run1642_subrun10.csv,2,True,statistical,sideband_rms_mean;LVDSpin16,6.19,-0.464
2026-04-09T17:41:51Z,Digitizer_run1642_subrun10.csv,3,True,statistical,LVDSpin16,6.19,-0.4662
2026-04-09T17:41:51Z,Digitizer_run1642_subrun10.csv,4,True,statistical,LVDSpin16,6.19,-0.4439
2026-04-09T17:41:51Z,Digitizer_run1642_subrun10.csv,5,True,statistical,LVDSpin16,6.19,-0.4505
2026-04-09T17:41:51Z,Digitizer_run1642_subrun10.csv,6,True,statistical,LVDSpin16,6.19,-0.4695
2026-04-09T17:41:51Z,Digitizer_run1642_subrun10.csv,7,True,statistical,LVDSpin16,6.19,-0.4534
2026-04-09T17:41:51Z,Digitizer_run1642_subrun10.csv,8,True,statistical,LVDSpin16,6.19,-0.4519
2026-04-09T17:41:51Z,Digitizer_run1642_subrun10.csv,9,True,statistical,LVDSpin16,6.19,-0.4687
2026-04-09T17:41:51Z,Digitizer_run1642_subrun10.csv,10,True,statistical,LVDSpin16,6.19,-0.4487
2026-04-09T17:41:51Z,Digitizer_run1642_subrun10.csv,11,True,statistical,LVDSpin16,6.19,-0.4649
2026-04-09T17:41:51Z,Digitizer_run1642_subrun10.csv,12,True,statistical,LVDSpin16,6.19,-0.4648
2026-04-09T17:41:51Z,Digitizer_run1642_subrun10.csv,13,True,statistical,LVDSpin16,6.19,-0.4965
2026-04-09T17:41:51Z,Digitizer_run1642_subrun10.csv,14,True,statistical,LVDSpin16,6.19,-0.475
2026-04-09T17:41:51Z,Digitizer_run1642_subrun10.csv,15,True,statistical,LVDSpin16,6.19,-0.4655
2026-04-09T17:41:51Z,Digitizer_run1642_subrun10.csv,16,True,statistical,LVDSpin16,6.19,-0.4589
2026-04-09T17:41:51Z,Digitizer_run1642_subrun10.csv,17,True,statistical,LVDSpin16,6.19,-0.459
2026-04-09T17:41:51Z,Digitizer_run1642_subrun10.csv,18,True,statistical,LVDSpin16,6.19,-0.4784
2026-04-09T17:41:51Z,Digitizer_run1642_subrun10.csv,19,True,statistical,LVDSpin16,6.19,-0.4591
2026-04-09T17:41:51Z,Digitizer_run1642_subrun10.csv,20,True,statistical,LVDSpin16,6.19,-0.4557
2026-04-09T17:41:51Z,Digitizer_run1642_subrun10.csv,21,True,statistical,LVDSpin16,6.19,-0.4533
2026-04-09T17:41:51Z,Digitizer_run1642_subrun10.csv,22,True,statistical,LVDSpin16,6.19,-0.4549
2026-04-09T17:41:51Z,Digitizer_run1642_subrun10.csv,23,True,statistical,LVDSpin16,6.19,-0.4564
2026-04-09T17:41:51Z,Digitizer_run1642_subrun10.csv,24,True,statistical,LVDSpin16,6.19,-0.4556
2026-04-09T17:41:51Z,Digitizer_run1642_subrun10.csv,25,True,statistical,LVDSpin16,6.19,-0.4416
2026-04-09T17:41:51Z,Digitizer_run1642_subrun10.csv,26,True,statistical,LVDSpin16,6.19,-0.4605
2026-04-09T17:41:51Z,Digitizer_run1642_subrun10.csv,27,True,statistical,LVDSpin16,6.19,-0.4636
2026-04-09T17:41:51Z,Digitizer_run1642_subrun10.csv,28,True,statistical,LVDSpin16,6.19,-0.473
2026-04-09T17:41:51Z,Digitizer_run1642_subrun10.csv,29,True,statistical,LVDSpin16,6.19,-0.454
2026-04-09T17:41:51Z,Digitizer_run1642_subrun10.csv,30,True,statistical,LVDSpin16,6.19,-0.4684
2026-04-09T17:41:51Z,Digitizer_run1642_subrun10.csv,31,True,statistical,LVDSpin16,6.19,-0.4544
2026-04-09T17:41:51Z,Digitizer_run1642_subrun10.csv,34,True,statistical,LVDSpin16,6.19,-0.4616
2026-04-09T17:41:51Z,Digitizer_run1642_subrun10.csv,35,True,statistical,LVDSpin16,6.19,-0.465
2026-04-09T17:41:51Z,Digitizer_run1642_subrun10.csv,36,True,statistical,LVDSpin16,6.19,-0.4729
2026-04-09T17:41:51Z,Digitizer_run1642_subrun10.csv,37,True,statistical,LVDSpin16,6.19,-0.4544
2026-04-09T17:41:51Z,Digitizer_run1642_subrun10.csv,38,True,statistical,LVDSpin16,6.19,-0.4561
2026-04-09T17:41:51Z,Digitizer_run1642_subrun10.csv,39,True,statistical,LVDSpin16,6.19,-0.4483
2026-04-09T17:41:51Z,Digitizer_run1642_subrun10.csv,40,True,statistical,LVDSpin16,6.19,-0.4477
2026-04-09T17:41:51Z,Digitizer_run1642_subrun10.csv,41,True,statistical,LVDSpin16,6.19,-0.4535
2026-04-09T17:41:51Z,Digitizer_run1642_subrun10.csv,42,True,statistical,LVDSpin16,6.19,-0.4633
2026-04-09T17:41:51Z,Digitizer_run1642_subrun10.csv,43,True,statistical,LVDSpin16,6.19,-0.4521
2026-04-09T17:41:51Z,Digitizer_run1642_subrun10.csv,44,True,statistical,LVDSpin16,6.19,-0.4624
2026-04-09T17:41:51Z,Digitizer_run1642_subrun10.csv,45,True,statistical,LVDSpin16,6.19,-0.4671
2026-04-09T17:41:51Z,Digitizer_run1642_subrun10.csv,46,True,statistical,LVDSpin16,6.19,-0.4529
2026-04-09T17:41:51Z,Digitizer_run1642_subrun10.csv,47,True,statistical,LVDSpin16,6.19,-0.4489
2026-04-09T17:41:51Z,Digitizer_run1642_subrun10.csv,48,True,statistical,LVDSpin16,6.19,-0.4525
2026-04-09T17:41:51Z,Digitizer_run1642_subrun10.csv,49,True,statistical,LVDSpin16,6.19,-0.4594
2026-04-09T17:41:51Z,Digitizer_run1642_subrun10.csv,50,True,statistical,LVDSpin16,6.19,-0.4404
2026-04-09T17:41:51Z,Digitizer_run1642_subrun10.csv,51,True,statistical,LVDSpin16,6.19,-0.4468
2026-04-09T17:41:51Z,Digitizer_run1642_subrun10.csv,52,True,statistical,LVDSpin16,6.19,-0.4944
2026-04-09T17:41:51Z,Digitizer_run1642_subrun10.csv,53,True,statistical,LVDSpin16,6.19,-0.4628
2026-04-09T17:41:51Z,Digitizer_run1642_subrun10.csv,54,True,statistical,LVDSpin16,6.19,-0.4669
2026-04-09T17:41:51Z,Digitizer_run1642_subrun10.csv,55,True,statistical,LVDSpin16,6.19,-0.4621
2026-04-09T17:41:51Z,Digitizer_run1642_subrun10.csv,56,True,statistical,LVDSpin16,6.19,-0.4778
2026-04-09T17:41:51Z,Digitizer_run1642_subrun10.csv,57,True,statistical,LVDSpin16,6.19,-0.4602
2026-04-09T17:41:51Z,Digitizer_run1642_subrun10.csv,58,True,statistical,LVDSpin16,6.19,-0.4799
2026-04-09T17:41:51Z,Digitizer_run1642_subrun10.csv,59,True,statistical,LVDSpin16,6.19,-0.4585
2026-04-09T17:41:51Z,Digitizer_run1642_subrun10.csv,60,True,statistical,LVDSpin16,6.19,-0.4584
2026-04-09T17:41:51Z,Digitizer_run1642_subrun10.csv,61,True,statistical,LVDSpin16,6.19,-0.4654
2026-04-09T17:41:51Z,Digitizer_run1642_subrun10.csv,62,True,statistical,LVDSpin16,6.19,-0.4481
2026-04-09T17:41:51Z,Digitizer_run1642_subrun10.csv,63,True,statistical,LVDSpin16,6.19,-0.4606
2026-04-09T17:41:51Z,Digitizer_run1642_subrun10.csv,64,True,statistical,LVDSpin16,6.19,-0.4574
2026-04-09T17:41:51Z,Digitizer_run1642_subrun10.csv,65,True,statistical,LVDSpin16,6.19,-0.4569
2026-04-09T17:41:51Z,Digitizer_run1642_subrun10.csv,66,True,statistical,LVDSpin16,6.19,-0.4602
2026-04-09T17:41:51Z,Digitizer_run1642_subrun10.csv,67,True,statistical,LVDSpin16,6.19,-0.4588
2026-04-09T17:41:51Z,Digitizer_run1642_subrun10.csv,68,True,statistical,LVDSpin16,6.19,-0.4568
2026-04-09T17:41:51Z,Digitizer_run1642_subrun10.csv,69,True,statistical,LVDSpin16,6.19,-0.4583
2026-04-09T17:41:51Z,Digitizer_run1642_subrun10.csv,70,True,statistical,LVDSpin16,6.19,-0.4437
2026-04-09T17:41:51Z,Digitizer_run1642_subrun10.csv,71,True,statistical,LVDSpin16,6.19,-0.4461
2026-04-09T17:41:51Z,Digitizer_run1642_subrun10.csv,72,True,statistical,LVDSpin16,6.19,-0.495
2026-04-09T17:41:51Z,Digitizer_run1642_subrun10.csv,73,True,statistical,LVDSpin16,6.19,-0.4686
2026-04-09T17:41:51Z,Digitizer_run1642_subrun10.csv,74,True,statistical,LVDSpin16,6.19,-0.4747
2026-04-09T17:41:51Z,Digitizer_run1642_subrun10.csv,75,True,statistical,LVDSpin16,6.19,-0.4689
2026-04-09T17:41:51Z,Digitizer_run1642_subrun10.csv,76,True,statistical,LVDSpin16,6.19,-0.48
2026-04-09T17:41:51Z,Digitizer_run1642_subrun10.csv,77,True,statistical,LVDSpin16,6.19,-0.4513
2026-04-09T17:41:51Z,Digitizer_run1642_subrun10.csv,78,True,statistical,LVDSpin16,6.19,-0.4729
2026-04-09T17:41:51Z,Digitizer_run1642_subrun10.csv,79,True,statistical,LVDSpin16,6.19,-0.4614
2026-04-09T17:41:51Z,Digitizer_run1642_subrun10.csv,80,True,statistical,LVDSpin16,6.19,-0.48
2026-04-09T17:41:51Z,Digitizer_run1642_subrun10.csv,81,True,statistical,LVDSpin16,6.19,-0.4598
2026-04-09T17:41:51Z,Digitizer_run1642_subrun10.csv,82,True,statistical,LVDSpin16,6.19,-0.4589
2026-04-09T17:41:51Z,Digitizer_run1642_subrun10.csv,83,True,statistical,LVDSpin16,6.19,-0.454
2026-04-09T17:41:51Z,Digitizer_run1642_subrun10.csv,84,True,statistical,LVDSpin16,6.19,-0.4476
2026-04-09T17:41:51Z,Digitizer_run1642_subrun10.csv,85,True,statistical,LVDSpin16,6.19,-0.4454
2026-04-09T17:41:51Z,Digitizer_run1642_subrun10.csv,86,True,statistical,LVDSpin16,6.19,-0.475
2026-04-09T17:41:51Z,Digitizer_run1642_subrun10.csv,87,True,statistical,LVDSpin16,6.19,-0.4669
2026-04-09T17:41:51Z,Digitizer_run1642_subrun10.csv,88,True,statistical,LVDSpin16,6.19,-0.4556
2026-04-09T17:41:51Z,Digitizer_run1642_subrun10.csv,89,True,statistical,LVDSpin16,6.19,-0.4532
2026-04-09T17:41:51Z,Digitizer_run1642_subrun10.csv,90,True,statistical,LVDSpin16,6.19,-0.46
2026-04-09T17:41:51Z,Digitizer_run1642_subrun10.csv,91,True,statistical,LVDSpin16,6.19,-0.4849
2026-04-09T17:41:51Z,Digitizer_run1642_subrun10.csv,92,True,statistical,LVDSpin16,6.19,-0.4836
2026-04-09T17:41:51Z,Digitizer_run1642_subrun10.csv,93,True,statistical,LVDSpin16,6.19,-0.4899
2026-04-09T17:41:51Z,Digitizer_run1642_subrun10.csv,94,True,statistical,LVDSpin16,6.19,-0.4735
2026-04-09T17:41:51Z,Digitizer_run1642_subrun10.csv,95,True,statistical,LVDSpin16,6.19,-0.4719
2026-04-09T17:41:58Z,Digitizer_run1640_subrun665.csv,32,True,missing_channel,missing_channel,nan,nan
2026-04-09T17:41:58Z,Digitizer_run1640_subrun665.csv,33,True,missing_channel,missing_channel,nan,nan
2026-04-09T17:41:58Z,Digitizer_run1640_subrun665.csv,0,True,statistical,LVDSpin16,6.19,-0.4465
2026-04-09T17:41:58Z,Digitizer_run1640_subrun665.csv,1,True,statistical,LVDSpin16,6.19,-0.4474
2026-04-09T17:41:58Z,Digitizer_run1640_subrun665.csv,2,True,statistical,LVDSpin16,6.19,-0.4495
2026-04-09T17:41:58Z,Digitizer_run1640_subrun665.csv,3,True,statistical,LVDSpin16,6.19,-0.4479
2026-04-09T17:41:58Z,Digitizer_run1640_subrun665.csv,4,True,statistical,LVDSpin16,6.19,-0.484
2026-04-09T17:41:58Z,Digitizer_run1640_subrun665.csv,5,True,statistical,LVDSpin16,6.19,-0.4867
2026-04-09T17:41:58Z,Digitizer_run1640_subrun665.csv,6,True,statistical,LVDSpin16,6.19,-0.4477
2026-04-09T17:41:58Z,Digitizer_run1640_subrun665.csv,7,True,statistical,LVDSpin16,6.19,-0.4683
2026-04-09T17:41:58Z,Digitizer_run1640_subrun665.csv,8,True,statistical,LVDSpin16,6.19,-0.4766
2026-04-09T17:41:58Z,Digitizer_run1640_subrun665.csv,9,True,statistical,LVDSpin16,6.19,-0.4798
2026-04-09T17:41:58Z,Digitizer_run1640_subrun665.csv,10,True,statistical,LVDSpin16,6.19,-0.4531
2026-04-09T17:41:58Z,Digitizer_run1640_subrun665.csv,11,True,statistical,LVDSpin16,6.19,-0.4453
2026-04-09T17:41:58Z,Digitizer_run1640_subrun665.csv,12,True,statistical,LVDSpin16,6.19,-0.4494
2026-04-09T17:41:58Z,Digitizer_run1640_subrun665.csv,13,True,statistical,LVDSpin16,6.19,-0.4811
2026-04-09T17:41:58Z,Digitizer_run1640_subrun665.csv,14,True,statistical,LVDSpin16,6.19,-0.448
2026-04-09T17:41:58Z,Digitizer_run1640_subrun665.csv,15,True,statistical,LVDSpin16,6.19,-0.455
2026-04-09T17:41:58Z,Digitizer_run1640_subrun665.csv,16,True,statistical,LVDSpin16,6.19,-0.4502
2026-04-09T17:41:58Z,Digitizer_run1640_subrun665.csv,17,True,statistical,LVDSpin16,6.19,-0.4573
2026-04-09T17:41:58Z,Digitizer_run1640_subrun665.csv,18,True,statistical,LVDSpin16,6.19,-0.4571
2026-04-09T17:41:58Z,Digitizer_run1640_subrun665.csv,19,True,statistical,LVDSpin16,6.19,-0.4502
2026-04-09T17:41:58Z,Digitizer_run1640_subrun665.csv,20,True,statistical,LVDSpin16,6.19,-0.461
2026-04-09T17:41:58Z,Digitizer_run1640_subrun665.csv,21,True,statistical,LVDSpin16,6.19,-0.4622
2026-04-09T17:41:58Z,Digitizer_run1640_subrun665.csv,22,True,statistical,LVDSpin16,6.19,-0.4456
2026-04-09T17:41:58Z,Digitizer_run1640_subrun665.csv,23,True,statistical,LVDSpin16,6.19,-0.4527
2026-04-09T17:41:58Z,Digitizer_run1640_subrun665.csv,24,True,statistical,LVDSpin16,6.19,-0.4793
2026-04-09T17:41:58Z,Digitizer_run1640_subrun665.csv,25,True,statistical,LVDSpin16,6.19,-0.4889
2026-04-09T17:41:58Z,Digitizer_run1640_subrun665.csv,26,True,statistical,LVDSpin16,6.19,-0.4881
2026-04-09T17:41:58Z,Digitizer_run1640_subrun665.csv,27,True,statistical,LVDSpin16,6.19,-0.4812
2026-04-09T17:41:58Z,Digitizer_run1640_subrun665.csv,28,True,statistical,LVDSpin16,6.19,-0.4639
2026-04-09T17:41:58Z,Digitizer_run1640_subrun665.csv,29,True,statistical,LVDSpin16,6.19,-0.4541
2026-04-09T17:41:58Z,Digitizer_run1640_subrun665.csv,30,True,statistical,LVDSpin16,6.19,-0.4587
2026-04-09T17:41:58Z,Digitizer_run1640_subrun665.csv,31,True,statistical,LVDSpin16,6.19,-0.4465
2026-04-09T17:41:58Z,Digitizer_run1640_subrun665.csv,34,True,statistical,LVDSpin16,6.19,-0.4489
2026-04-09T17:41:58Z,Digitizer_run1640_subrun665.csv,35,True,statistical,LVDSpin16,6.19,-0.4438
2026-04-09T17:41:58Z,Digitizer_run1640_subrun665.csv,36,True,statistical,LVDSpin16,6.19,-0.441
2026-04-09T17:41:58Z,Digitizer_run1640_subrun665.csv,37,True,statistical,LVDSpin16,6.19,-0.4441
2026-04-09T17:41:58Z,Digitizer_run1640_subrun665.csv,38,True,statistical,LVDSpin16,6.19,-0.4572
2026-04-09T17:41:58Z,Digitizer_run1640_subrun665.csv,39,True,statistical,LVDSpin16,6.19,-0.4564
2026-04-09T17:41:58Z,Digitizer_run1640_subrun665.csv,40,True,statistical,LVDSpin16,6.19,-0.4554
2026-04-09T17:41:58Z,Digitizer_run1640_subrun665.csv,41,True,statistical,LVDSpin16,6.19,-0.4498
2026-04-09T17:41:58Z,Digitizer_run1640_subrun665.csv,42,True,statistical,pulseHeight_min_median;pulseArea_min_median;pulseDuriation_min_median;LVDSpin16,11.48,-0.4703
2026-04-09T17:41:58Z,Digitizer_run1640_subrun665.csv,43,True,statistical,LVDSpin16,6.19,-0.4472
2026-04-09T17:41:58Z,Digitizer_run1640_subrun665.csv,44,True,statistical,LVDSpin16,6.19,-0.4507
2026-04-09T17:41:58Z,Digitizer_run1640_subrun665.csv,45,True,statistical,LVDSpin16,6.19,-0.4631
2026-04-09T17:41:58Z,Digitizer_run1640_subrun665.csv,46,True,statistical,LVDSpin16,6.19,-0.4545
2026-04-09T17:41:58Z,Digitizer_run1640_subrun665.csv,47,True,statistical,LVDSpin16,6.19,-0.4573
2026-04-09T17:41:58Z,Digitizer_run1640_subrun665.csv,48,True,statistical,LVDSpin16,6.19,-0.4445
2026-04-09T17:41:58Z,Digitizer_run1640_subrun665.csv,49,True,statistical,LVDSpin16,6.19,-0.4599
2026-04-09T17:41:58Z,Digitizer_run1640_subrun665.csv,50,True,statistical,LVDSpin16,6.19,-0.472
2026-04-09T17:41:58Z,Digitizer_run1640_subrun665.csv,51,True,statistical,LVDSpin16,6.19,-0.4741
2026-04-09T17:41:58Z,Digitizer_run1640_subrun665.csv,52,True,statistical,LVDSpin16,6.19,-0.4691
2026-04-09T17:41:58Z,Digitizer_run1640_subrun665.csv,53,True,statistical,LVDSpin16,6.19,-0.4478
2026-04-09T17:41:58Z,Digitizer_run1640_subrun665.csv,54,True,statistical,pulseArea_max_median;pulseDuriation_min_median;LVDSpin16,6.6,-0.4868
2026-04-09T17:41:58Z,Digitizer_run1640_subrun665.csv,55,True,statistical,LVDSpin16,6.19,-0.4586
2026-04-09T17:41:58Z,Digitizer_run1640_subrun665.csv,56,True,statistical,LVDSpin16,6.19,-0.4665
2026-04-09T17:41:58Z,Digitizer_run1640_subrun665.csv,57,True,statistical,LVDSpin16,6.19,-0.4613
2026-04-09T17:41:58Z,Digitizer_run1640_subrun665.csv,58,True,statistical,LVDSpin16,6.19,-0.4724
2026-04-09T17:41:58Z,Digitizer_run1640_subrun665.csv,59,True,statistical,LVDSpin16,6.19,-0.4709
2026-04-09T17:41:58Z,Digitizer_run1640_subrun665.csv,60,True,statistical,LVDSpin16,6.19,-0.4635
2026-04-09T17:41:58Z,Digitizer_run1640_subrun665.csv,61,True,statistical,LVDSpin16,6.19,-0.4723
2026-04-09T17:41:58Z,Digitizer_run1640_subrun665.csv,62,True,statistical,LVDSpin16,6.19,-0.4647
2026-04-09T17:41:58Z,Digitizer_run1640_subrun665.csv,63,True,statistical,LVDSpin16,6.19,-0.4406
2026-04-09T17:41:58Z,Digitizer_run1640_subrun665.csv,64,True,statistical,LVDSpin16,6.19,-0.4487
2026-04-09T17:41:58Z,Digitizer_run1640_subrun665.csv,65,True,statistical,LVDSpin16,6.19,-0.4429
2026-04-09T17:41:58Z,Digitizer_run1640_subrun665.csv,66,True,statistical,LVDSpin16,6.19,-0.4589
2026-04-09T17:41:58Z,Digitizer_run1640_subrun665.csv,67,True,statistical,pulseArea_min_median;LVDSpin16,6.19,-0.4823
2026-04-09T17:41:58Z,Digitizer_run1640_subrun665.csv,68,True,statistical,LVDSpin16,6.19,-0.4556
2026-04-09T17:41:58Z,Digitizer_run1640_subrun665.csv,69,True,statistical,LVDSpin16,6.19,-0.4578
2026-04-09T17:41:58Z,Digitizer_run1640_subrun665.csv,70,True,statistical,LVDSpin16,6.19,-0.4494
2026-04-09T17:41:58Z,Digitizer_run1640_subrun665.csv,71,True,statistical,LVDSpin16,6.19,-0.4596
2026-04-09T17:41:58Z,Digitizer_run1640_subrun665.csv,72,True,statistical,LVDSpin16,6.19,-0.471
2026-04-09T17:41:58Z,Digitizer_run1640_subrun665.csv,73,True,statistical,LVDSpin16,6.19,-0.4493
2026-04-09T17:41:58Z,Digitizer_run1640_subrun665.csv,74,True,statistical,LVDSpin16,6.19,-0.4566
2026-04-09T17:41:58Z,Digitizer_run1640_subrun665.csv,75,True,statistical,LVDSpin16,6.19,-0.4682
2026-04-09T17:41:58Z,Digitizer_run1640_subrun665.csv,76,True,statistical,LVDSpin16,6.19,-0.4694
2026-04-09T17:41:58Z,Digitizer_run1640_subrun665.csv,77,True,statistical,LVDSpin16,6.19,-0.4564
2026-04-09T17:41:58Z,Digitizer_run1640_subrun665.csv,78,True,statistical,nPulses_median;LVDSpin16,500000.0,-0.4597
2026-04-09T17:41:58Z,Digitizer_run1640_subrun665.csv,79,True,statistical,LVDSpin16,6.19,-0.4565
2026-04-09T17:41:58Z,Digitizer_run1640_subrun665.csv,80,True,statistical,LVDSpin16,6.19,-0.4798
2026-04-09T17:41:58Z,Digitizer_run1640_subrun665.csv,81,True,statistical,LVDSpin16,6.19,-0.4641
2026-04-09T17:41:58Z,Digitizer_run1640_subrun665.csv,82,True,statistical,LVDSpin16,6.19,-0.4691
2026-04-09T17:41:58Z,Digitizer_run1640_subrun665.csv,83,True,statistical,LVDSpin16,6.19,-0.4545
2026-04-09T17:41:58Z,Digitizer_run1640_subrun665.csv,84,True,statistical,LVDSpin16,6.19,-0.485
2026-04-09T17:41:58Z,Digitizer_run1640_subrun665.csv,85,True,statistical,LVDSpin16,6.19,-0.4762
2026-04-09T17:41:58Z,Digitizer_run1640_subrun665.csv,86,True,statistical,LVDSpin16,6.19,-0.4524
2026-04-09T17:41:58Z,Digitizer_run1640_subrun665.csv,87,True,statistical,LVDSpin16,6.19,-0.4562
2026-04-09T17:41:58Z,Digitizer_run1640_subrun665.csv,88,True,statistical,LVDSpin16,6.19,-0.4928
2026-04-09T17:41:58Z,Digitizer_run1640_subrun665.csv,89,True,statistical,LVDSpin16,6.19,-0.4644
2026-04-09T17:41:58Z,Digitizer_run1640_subrun665.csv,90,True,statistical,LVDSpin16,6.19,-0.4595
2026-04-09T17:41:58Z,Digitizer_run1640_subrun665.csv,91,True,statistical,LVDSpin16,6.19,-0.4716
2026-04-09T17:41:58Z,Digitizer_run1640_subrun665.csv,92,True,statistical,LVDSpin16,6.19,-0.468
2026-04-09T17:41:58Z,Digitizer_run1640_subrun665.csv,93,True,statistical,LVDSpin16,6.19,-0.4811
2026-04-09T17:41:58Z,Digitizer_run1640_subrun665.csv,94,True,statistical,LVDSpin16,6.19,-0.4647
2026-04-09T17:41:58Z,Digitizer_run1640_subrun665.csv,95,True,statistical,LVDSpin16,6.19,-0.4571
2026-04-09T17:42:10Z,Digitizer_run1640_subrun325.csv,0,True,statistical+IF,triggerRate_bit1;triggerRate_bit2;triggerRate_bit5;triggerRate_bit7;triggerRate_tot,41.16,-0.5365
2026-04-09T17:42:10Z,Digitizer_run1640_subrun325.csv,1,True,statistical+IF,triggerRate_bit1;triggerRate_bit2;triggerRate_bit5;triggerRate_bit7;triggerRate_tot,41.16,-0.5628
2026-04-09T17:42:10Z,Digitizer_run1640_subrun325.csv,2,True,statistical+IF,triggerRate_bit1;triggerRate_bit2;triggerRate_bit5;triggerRate_bit7;triggerRate_tot,41.16,-0.5369
2026-04-09T17:42:10Z,Digitizer_run1640_subrun325.csv,3,True,statistical+IF,sideband_mean_median;triggerRate_bit1;triggerRate_bit2;triggerRate_bit5;triggerRate_bit7;triggerRate_tot,41.16,-0.566
2026-04-09T17:42:10Z,Digitizer_run1640_subrun325.csv,4,True,statistical+IF,triggerRate_bit1;triggerRate_bit2;triggerRate_bit5;triggerRate_bit7;triggerRate_tot,41.16,-0.5567
2026-04-09T17:42:10Z,Digitizer_run1640_subrun325.csv,5,True,statistical+IF,triggerRate_bit1;triggerRate_bit2;triggerRate_bit5;triggerRate_bit7;triggerRate_tot,41.16,-0.533
2026-04-09T17:42:10Z,Digitizer_run1640_subrun325.csv,6,True,statistical+IF,triggerRate_bit1;triggerRate_bit2;triggerRate_bit5;triggerRate_bit7;triggerRate_tot,41.16,-0.5354
2026-04-09T17:42:10Z,Digitizer_run1640_subrun325.csv,7,True,statistical+IF,triggerRate_bit1;triggerRate_bit2;triggerRate_bit5;triggerRate_bit7;triggerRate_tot,41.16,-0.5515
2026-04-09T17:42:10Z,Digitizer_run1640_subrun325.csv,8,True,statistical+IF,occupancy;triggerRate_bit1;triggerRate_bit2;triggerRate_bit5;triggerRate_bit7;triggerRate_tot,41.16,-0.533
2026-04-09T17:42:10Z,Digitizer_run1640_subrun325.csv,9,True,statistical+IF,occupancy;triggerRate_bit1;triggerRate_bit2;triggerRate_bit5;triggerRate_bit7;triggerRate_tot,41.16,-0.5277
2026-04-09T17:42:10Z,Digitizer_run1640_subrun325.csv,10,True,statistical+IF,pulseArea_max_std;pulseArea_min_std;triggerRate_bit1;triggerRate_bit2;triggerRate_bit5;triggerRate_bit7;triggerRate_tot,41.16,-0.5485
2026-04-09T17:42:10Z,Digitizer_run1640_subrun325.csv,11,True,statistical+IF,triggerRate_bit1;triggerRate_bit2;triggerRate_bit5;triggerRate_bit7;triggerRate_tot,41.16,-0.5629
2026-04-09T17:42:10Z,Digitizer_run1640_subrun325.csv,12,True,statistical+IF,triggerRate_bit1;triggerRate_bit2;triggerRate_bit5;triggerRate_bit7;triggerRate_tot,41.16,-0.5273
2026-04-09T17:42:10Z,Digitizer_run1640_subrun325.csv,13,True,statistical+IF,triggerRate_bit1;triggerRate_bit2;triggerRate_bit5;triggerRate_bit7;triggerRate_tot,41.16,-0.5366
2026-04-09T17:42:10Z,Digitizer_run1640_subrun325.csv,14,True,statistical+IF,triggerRate_bit1;triggerRate_bit2;triggerRate_bit5;triggerRate_bit7;triggerRate_tot,41.16,-0.5149
2026-04-09T17:42:10Z,Digitizer_run1640_subrun325.csv,15,True,statistical+IF,triggerRate_bit1;triggerRate_bit2;triggerRate_bit5;triggerRate_bit7;triggerRate_tot,41.16,-0.5252
2026-04-09T17:42:10Z,Digitizer_run1640_subrun325.csv,16,True,statistical+IF,triggerRate_bit1;triggerRate_bit2;triggerRate_bit5;triggerRate_bit7;triggerRate_tot,41.16,-0.529
2026-04-09T17:42:10Z,Digitizer_run1640_subrun325.csv,17,True,statistical+IF,triggerRate_bit1;triggerRate_bit2;triggerRate_bit5;triggerRate_bit7;triggerRate_tot,41.16,-0.532
2026-04-09T17:42:10Z,Digitizer_run1640_subrun325.csv,18,True,statistical+IF,triggerRate_bit1;triggerRate_bit2;triggerRate_bit5;triggerRate_bit7;triggerRate_tot,41.16,-0.5282
2026-04-09T17:42:10Z,Digitizer_run1640_subrun325.csv,19,True,statistical+IF,triggerRate_bit1;triggerRate_bit2;triggerRate_bit5;triggerRate_bit7;triggerRate_tot,41.16,-0.5306
2026-04-09T17:42:10Z,Digitizer_run1640_subrun325.csv,20,True,statistical+IF,triggerRate_bit1;triggerRate_bit2;triggerRate_bit5;triggerRate_bit7;triggerRate_tot,41.16,-0.5427
2026-04-09T17:42:10Z,Digitizer_run1640_subrun325.csv,21,True,statistical+IF,triggerRate_bit1;triggerRate_bit2;triggerRate_bit5;triggerRate_bit7;triggerRate_tot,41.16,-0.5288
2026-04-09T17:42:10Z,Digitizer_run1640_subrun325.csv,22,True,statistical+IF,occupancy;triggerRate_bit1;triggerRate_bit2;triggerRate_bit5;triggerRate_bit7;triggerRate_tot,41.16,-0.5335
2026-04-09T17:42:10Z,Digitizer_run1640_subrun325.csv,23,True,statistical+IF,occupancy;triggerRate_bit1;triggerRate_bit2;triggerRate_bit5;triggerRate_bit7;triggerRate_tot,41.16,-0.5433
2026-04-09T17:42:10Z,Digitizer_run1640_subrun325.csv,24,True,statistical+IF,occupancy;triggerRate_bit1;triggerRate_bit2;triggerRate_bit5;triggerRate_bit7;triggerRate_tot,41.16,-0.5513
2026-04-09T17:42:10Z,Digitizer_run1640_subrun325.csv,25,True,statistical+IF,occupancy;triggerRate_bit1;triggerRate_bit2;triggerRate_bit5;triggerRate_bit7;triggerRate_tot,41.16,-0.5596
2026-04-09T17:42:10Z,Digitizer_run1640_subrun325.csv,26,True,statistical+IF,occupancy;triggerRate_bit1;triggerRate_bit2;triggerRate_bit5;triggerRate_bit7;triggerRate_tot,41.16,-0.5444
2026-04-09T17:42:10Z,Digitizer_run1640_subrun325.csv,27,True,statistical+IF,occupancy;triggerRate_bit1;triggerRate_bit2;triggerRate_bit5;triggerRate_bit7;triggerRate_tot,41.16,-0.5494
2026-04-09T17:42:10Z,Digitizer_run1640_subrun325.csv,28,True,statistical+IF,triggerRate_bit1;triggerRate_bit2;triggerRate_bit5;triggerRate_bit7;triggerRate_tot,41.16,-0.5282
2026-04-09T17:42:10Z,Digitizer_run1640_subrun325.csv,29,True,statistical+IF,triggerRate_bit1;triggerRate_bit2;triggerRate_bit5;triggerRate_bit7;triggerRate_tot,41.16,-0.5426
2026-04-09T17:42:10Z,Digitizer_run1640_subrun325.csv,30,True,statistical+IF,occupancy;triggerRate_bit1;triggerRate_bit2;triggerRate_bit5;triggerRate_bit7;triggerRate_tot,41.16,-0.5563
2026-04-09T17:42:10Z,Digitizer_run1640_subrun325.csv,31,True,statistical+IF,pulseDuriation_max_median;occupancy;triggerRate_bit1;triggerRate_bit2;triggerRate_bit5;triggerRate_bit7;triggerRate_tot,41.16,-0.5707
2026-04-09T17:42:10Z,Digitizer_run1640_subrun325.csv,32,True,statistical+IF,sideband_mean_median;sideband_rms_median;nPulses_mean;nPulses_std;nPulses_median;pulseHeight_max_mean;pulseHeight_max_std;pulseHeight_min_mean;pulseHeight_min_std;pulseArea_max_mean;pulseDuriation_max_mean;pulseDuriation_max_median;pulseDuriation_min_mean;occupancy;triggerRate_bit1;triggerRate_bit2;triggerRate_bit5;triggerRate_bit7;triggerRate_tot,2000000.0,-0.6059
2026-04-09T17:42:10Z,Digitizer_run1640_subrun325.csv,33,True,statistical+IF,sideband_mean_median;nPulses_median;pulseHeight_max_mean;pulseHeight_max_std;pulseHeight_min_mean;pulseHeight_min_std;pulseArea_max_mean;pulseDuriation_max_mean;pulseDuriation_max_median;occupancy;triggerRate_bit1;triggerRate_bit2;triggerRate_bit5;triggerRate_bit7;triggerRate_tot,79.83,-0.5933
2026-04-09T17:42:10Z,Digitizer_run1640_subrun325.csv,34,True,statistical+IF,occupancy;triggerRate_bit1;triggerRate_bit2;triggerRate_bit5;triggerRate_bit7;triggerRate_tot,41.16,-0.5575
2026-04-09T17:42:10Z,Digitizer_run1640_subrun325.csv,35,True,statistical+IF,occupancy;triggerRate_bit1;triggerRate_bit2;triggerRate_bit5;triggerRate_bit7;triggerRate_tot,41.16,-0.5594
2026-04-09T17:42:10Z,Digitizer_run1640_subrun325.csv,36,True,statistical+IF,occupancy;triggerRate_bit1;triggerRate_bit2;triggerRate_bit5;triggerRate_bit7;triggerRate_tot,41.16,-0.5517
2026-04-09T17:42:10Z,Digitizer_run1640_subrun325.csv,37,True,statistical+IF,triggerRate_bit1;triggerRate_bit2;triggerRate_bit5;triggerRate_bit7;triggerRate_tot,41.16,-0.5387
2026-04-09T17:42:10Z,Digitizer_run1640_subrun325.csv,38,True,statistical+IF,triggerRate_bit1;triggerRate_bit2;triggerRate_bit5;triggerRate_bit7;triggerRate_tot,41.16,-0.5275
2026-04-09T17:42:10Z,Digitizer_run1640_subrun325.csv,39,True,statistical+IF,triggerRate_bit1;triggerRate_bit2;triggerRate_bit5;triggerRate_bit7;triggerRate_tot,41.16,-0.5229
2026-04-09T17:42:10Z,Digitizer_run1640_subrun325.csv,40,True,statistical+IF,triggerRate_bit1;triggerRate_bit2;triggerRate_bit5;triggerRate_bit7;triggerRate_tot,41.16,-0.5433
2026-04-09T17:42:10Z,Digitizer_run1640_subrun325.csv,41,True,statistical+IF,triggerRate_bit1;triggerRate_bit2;triggerRate_bit5;triggerRate_bit7;triggerRate_tot,41.16,-0.5516
2026-04-09T17:42:10Z,Digitizer_run1640_subrun325.csv,42,True,statistical+IF,triggerRate_bit1;triggerRate_bit2;triggerRate_bit5;triggerRate_bit7;triggerRate_tot,41.16,-0.542
2026-04-09T17:42:10Z,Digitizer_run1640_subrun325.csv,43,True,statistical+IF,triggerRate_bit1;triggerRate_bit2;triggerRate_bit5;triggerRate_bit7;triggerRate_tot,41.16,-0.5388
2026-04-09T17:42:10Z,Digitizer_run1640_subrun325.csv,44,True,statistical+IF,triggerRate_bit1;triggerRate_bit2;triggerRate_bit5;triggerRate_bit7;triggerRate_tot,41.16,-0.5365
2026-04-09T17:42:10Z,Digitizer_run1640_subrun325.csv,45,True,statistical+IF,triggerRate_bit1;triggerRate_bit2;triggerRate_bit5;triggerRate_bit7;triggerRate_tot,41.16,-0.5364
2026-04-09T17:42:10Z,Digitizer_run1640_subrun325.csv,46,True,statistical+IF,triggerRate_bit1;triggerRate_bit2;triggerRate_bit5;triggerRate_bit7;triggerRate_tot,41.16,-0.5281
2026-04-09T17:42:10Z,Digitizer_run1640_subrun325.csv,47,True,statistical+IF,triggerRate_bit1;triggerRate_bit2;triggerRate_bit5;triggerRate_bit7;triggerRate_tot,41.16,-0.5415
2026-04-09T17:42:10Z,Digitizer_run1640_subrun325.csv,48,True,statistical+IF,occupancy;triggerRate_bit1;triggerRate_bit2;triggerRate_bit5;triggerRate_bit7;triggerRate_tot,41.16,-0.5313
2026-04-09T17:42:10Z,Digitizer_run1640_subrun325.csv,49,True,statistical+IF,triggerRate_bit1;triggerRate_bit2;triggerRate_bit5;triggerRate_bit7;triggerRate_tot,41.16,-0.5545
2026-04-09T17:42:10Z,Digitizer_run1640_subrun325.csv,50,True,statistical+IF,triggerRate_bit1;triggerRate_bit2;triggerRate_bit5;triggerRate_bit7;triggerRate_tot,41.16,-0.5603
2026-04-09T17:42:10Z,Digitizer_run1640_subrun325.csv,51,True,statistical+IF,triggerRate_bit1;triggerRate_bit2;triggerRate_bit5;triggerRate_bit7;triggerRate_tot,41.16,-0.5451
2026-04-09T17:42:10Z,Digitizer_run1640_subrun325.csv,52,True,statistical+IF,triggerRate_bit1;triggerRate_bit2;triggerRate_bit5;triggerRate_bit7;triggerRate_tot,41.16,-0.5441
2026-04-09T17:42:10Z,Digitizer_run1640_subrun325.csv,53,True,statistical+IF,triggerRate_bit1;triggerRate_bit2;triggerRate_bit5;triggerRate_bit7;triggerRate_tot,41.16,-0.5592
2026-04-09T17:42:10Z,Digitizer_run1640_subrun325.csv,54,True,statistical+IF,triggerRate_bit1;triggerRate_bit2;triggerRate_bit5;triggerRate_bit7;triggerRate_tot,41.16,-0.5513
2026-04-09T17:42:10Z,Digitizer_run1640_subrun325.csv,55,True,statistical+IF,triggerRate_bit1;triggerRate_bit2;triggerRate_bit5;triggerRate_bit7;triggerRate_tot,41.16,-0.5496
2026-04-09T17:42:10Z,Digitizer_run1640_subrun325.csv,56,True,statistical+IF,sideband_mean_median;nPulses_mean;pulseDuriation_max_mean;pulseDuriation_max_median;occupancy;triggerRate_bit1;triggerRate_bit2;triggerRate_bit5;triggerRate_bit7;triggerRate_tot,41.16,-0.5854
2026-04-09T17:42:10Z,Digitizer_run1640_subrun325.csv,57,True,statistical+IF,pulseHeight_max_median;pulseArea_max_median;triggerRate_bit1;triggerRate_bit2;triggerRate_bit5;triggerRate_bit7;triggerRate_tot,41.16,-0.5539
2026-04-09T17:42:10Z,Digitizer_run1640_subrun325.csv,58,True,statistical+IF,pulseDuriation_max_median;triggerRate_bit1;triggerRate_bit2;triggerRate_bit5;triggerRate_bit7;triggerRate_tot,41.16,-0.5637
2026-04-09T17:42:10Z,Digitizer_run1640_subrun325.csv,59,True,statistical+IF,pulseDuriation_max_median;triggerRate_bit1;triggerRate_bit2;triggerRate_bit5;triggerRate_bit7;triggerRate_tot,41.16,-0.555
2026-04-09T17:42:10Z,Digitizer_run1640_subrun325.csv,60,True,statistical+IF,triggerRate_bit1;triggerRate_bit2;triggerRate_bit5;triggerRate_bit7;triggerRate_tot,41.16,-0.5359
2026-04-09T17:42:10Z,Digitizer_run1640_subrun325.csv,61,True,statistical+IF,triggerRate_bit1;triggerRate_bit2;triggerRate_bit5;triggerRate_bit7;triggerRate_tot,41.16,-0.534
2026-04-09T17:42:10Z,Digitizer_run1640_subrun325.csv,62,True,statistical+IF,triggerRate_bit1;triggerRate_bit2;triggerRate_bit5;triggerRate_bit7;triggerRate_tot,41.16,-0.5504
2026-04-09T17:42:10Z,Digitizer_run1640_subrun325.csv,63,True,statistical+IF,triggerRate_bit1;triggerRate_bit2;triggerRate_bit5;triggerRate_bit7;triggerRate_tot,41.16,-0.563
2026-04-09T17:42:10Z,Digitizer_run1640_subrun325.csv,64,True,statistical+IF,triggerRate_bit1;triggerRate_bit2;triggerRate_bit5;triggerRate_bit7;triggerRate_tot,41.16,-0.5252
2026-04-09T17:42:10Z,Digitizer_run1640_subrun325.csv,65,True,statistical+IF,triggerRate_bit1;triggerRate_bit2;triggerRate_bit5;triggerRate_bit7;triggerRate_tot,41.16,-0.5369
2026-04-09T17:42:10Z,Digitizer_run1640_subrun325.csv,66,True,statistical+IF,triggerRate_bit1;triggerRate_bit2;triggerRate_bit5;triggerRate_bit7;triggerRate_tot,41.16,-0.5263
2026-04-09T17:42:10Z,Digitizer_run1640_subrun325.csv,67,True,statistical+IF,triggerRate_bit1;triggerRate_bit2;triggerRate_bit5;triggerRate_bit7;triggerRate_tot,41.16,-0.5271
2026-04-09T17:42:10Z,Digitizer_run1640_subrun325.csv,68,True,statistical+IF,triggerRate_bit1;triggerRate_bit2;triggerRate_bit5;triggerRate_bit7;triggerRate_tot,41.16,-0.5276
2026-04-09T17:42:10Z,Digitizer_run1640_subrun325.csv,69,True,statistical+IF,triggerRate_bit1;triggerRate_bit2;triggerRate_bit5;triggerRate_bit7;triggerRate_tot,41.16,-0.5333
2026-04-09T17:42:10Z,Digitizer_run1640_subrun325.csv,70,True,statistical+IF,triggerRate_bit1;triggerRate_bit2;triggerRate_bit5;triggerRate_bit7;triggerRate_tot,41.16,-0.5419
2026-04-09T17:42:10Z,Digitizer_run1640_subrun325.csv,71,True,statistical+IF,triggerRate_bit1;triggerRate_bit2;triggerRate_bit5;triggerRate_bit7;triggerRate_tot,41.16,-0.5603
2026-04-09T17:42:10Z,Digitizer_run1640_subrun325.csv,72,True,statistical+IF,triggerRate_bit1;triggerRate_bit2;triggerRate_bit5;triggerRate_bit7;triggerRate_tot,41.16,-0.5361
2026-04-09T17:42:10Z,Digitizer_run1640_subrun325.csv,73,True,statistical+IF,triggerRate_bit1;triggerRate_bit2;triggerRate_bit5;triggerRate_bit7;triggerRate_tot,41.16,-0.5259
2026-04-09T17:42:10Z,Digitizer_run1640_subrun325.csv,74,True,statistical+IF,triggerRate_bit1;triggerRate_bit2;triggerRate_bit5;triggerRate_bit7;triggerRate_tot,41.16,-0.536
2026-04-09T17:42:10Z,Digitizer_run1640_subrun325.csv,75,True,statistical+IF,triggerRate_bit1;triggerRate_bit2;triggerRate_bit5;triggerRate_bit7;triggerRate_tot,41.16,-0.5443
2026-04-09T17:42:10Z,Digitizer_run1640_subrun325.csv,76,True,statistical+IF,triggerRate_bit1;triggerRate_bit2;triggerRate_bit5;triggerRate_bit7;triggerRate_tot,41.16,-0.5625
2026-04-09T17:42:10Z,Digitizer_run1640_subrun325.csv,77,True,statistical+IF,pulseHeight_min_std;triggerRate_bit1;triggerRate_bit2;triggerRate_bit5;triggerRate_bit7;triggerRate_tot,41.16,-0.5548
2026-04-09T17:42:10Z,Digitizer_run1640_subrun325.csv,78,True,statistical+IF,triggerRate_bit1;triggerRate_bit2;triggerRate_bit5;triggerRate_bit7;triggerRate_tot,41.16,-0.5739
2026-04-09T17:42:10Z,Digitizer_run1640_subrun325.csv,79,True,statistical+IF,triggerRate_bit1;triggerRate_bit2;triggerRate_bit5;triggerRate_bit7;triggerRate_tot,41.16,-0.5508
2026-04-09T17:42:10Z,Digitizer_run1640_subrun325.csv,80,True,statistical+IF,nPulses_median;occupancy;triggerRate_bit1;triggerRate_bit2;triggerRate_bit5;triggerRate_bit7;triggerRate_tot,41.16,-0.5425
2026-04-09T17:42:10Z,Digitizer_run1640_subrun325.csv,81,True,statistical+IF,occupancy;triggerRate_bit1;triggerRate_bit2;triggerRate_bit5;triggerRate_bit7;triggerRate_tot,41.16,-0.5177
2026-04-09T17:42:10Z,Digitizer_run1640_subrun325.csv,82,True,statistical+IF,nPulses_std;triggerRate_bit1;triggerRate_bit2;triggerRate_bit5;triggerRate_bit7;triggerRate_tot,41.16,-0.5635
2026-04-09T17:42:10Z,Digitizer_run1640_subrun325.csv,83,True,statistical+IF,triggerRate_bit1;triggerRate_bit2;triggerRate_bit5;triggerRate_bit7;triggerRate_tot,41.16,-0.5353
2026-04-09T17:42:10Z,Digitizer_run1640_subrun325.csv,84,True,statistical+IF,triggerRate_bit1;triggerRate_bit2;triggerRate_bit5;triggerRate_bit7;triggerRate_tot,41.16,-0.5377
2026-04-09T17:42:10Z,Digitizer_run1640_subrun325.csv,85,True,statistical+IF,triggerRate_bit1;triggerRate_bit2;triggerRate_bit5;triggerRate_bit7;triggerRate_tot,41.16,-0.5411
2026-04-09T17:42:10Z,Digitizer_run1640_subrun325.csv,86,True,statistical+IF,triggerRate_bit1;triggerRate_bit2;triggerRate_bit5;triggerRate_bit7;triggerRate_tot,41.16,-0.5342
2026-04-09T17:42:10Z,Digitizer_run1640_subrun325.csv,87,True,statistical+IF,triggerRate_bit1;triggerRate_bit2;triggerRate_bit5;triggerRate_bit7;triggerRate_tot,41.16,-0.5571
2026-04-09T17:42:10Z,Digitizer_run1640_subrun325.csv,88,True,statistical+IF,triggerRate_bit1;triggerRate_bit2;triggerRate_bit5;triggerRate_bit7;triggerRate_tot,41.16,-0.5262
2026-04-09T17:42:10Z,Digitizer_run1640_subrun325.csv,89,True,statistical+IF,triggerRate_bit1;triggerRate_bit2;triggerRate_bit5;triggerRate_bit7;triggerRate_tot,41.16,-0.5231
2026-04-09T17:42:10Z,Digitizer_run1640_subrun325.csv,90,True,statistical+IF,triggerRate_bit1;triggerRate_bit2;triggerRate_bit5;triggerRate_bit7;triggerRate_tot,41.16,-0.5342
2026-04-09T17:42:10Z,Digitizer_run1640_subrun325.csv,91,True,statistical+IF,triggerRate_bit1;triggerRate_bit2;triggerRate_bit5;triggerRate_bit7;triggerRate_tot,41.16,-0.5303
2026-04-09T17:42:10Z,Digitizer_run1640_subrun325.csv,92,True,statistical+IF,triggerRate_bit1;triggerRate_bit2;triggerRate_bit5;triggerRate_bit7;triggerRate_tot,41.16,-0.5312
2026-04-09T17:42:10Z,Digitizer_run1640_subrun325.csv,93,True,statistical+IF,triggerRate_bit1;triggerRate_bit2;triggerRate_bit5;triggerRate_bit7;triggerRate_tot,41.16,-0.5377
2026-04-09T17:42:10Z,Digitizer_run1640_subrun325.csv,94,True,statistical+IF,triggerRate_bit1;triggerRate_bit2;triggerRate_bit5;triggerRate_bit7;triggerRate_tot,41.16,-0.5339
2026-04-09T17:42:10Z,Digitizer_run1640_subrun325.csv,95,True,statistical+IF,triggerRate_bit1;triggerRate_bit2;triggerRate_bit5;triggerRate_bit7;triggerRate_tot,41.16,-0.5395
2026-04-09T17:42:19Z,Digitizer_run1640_subrun183.csv,0,True,statistical,triggerRate_bit2,6.09,-0.4941
2026-04-09T17:42:19Z,Digitizer_run1640_subrun183.csv,1,True,statistical,triggerRate_bit2,6.09,-0.5043
2026-04-09T17:42:19Z,Digitizer_run1640_subrun183.csv,2,True,statistical+IF,triggerRate_bit2,6.09,-0.5174
2026-04-09T17:42:19Z,Digitizer_run1640_subrun183.csv,3,True,statistical,triggerRate_bit2,6.09,-0.5069
2026-04-09T17:42:19Z,Digitizer_run1640_subrun183.csv,4,True,statistical,triggerRate_bit2,6.09,-0.4975
2026-04-09T17:42:19Z,Digitizer_run1640_subrun183.csv,5,True,statistical,triggerRate_bit2,6.09,-0.4994
2026-04-09T17:42:19Z,Digitizer_run1640_subrun183.csv,6,True,statistical,triggerRate_bit2,6.09,-0.5092
2026-04-09T17:42:19Z,Digitizer_run1640_subrun183.csv,7,True,statistical,triggerRate_bit2,6.09,-0.5068
2026-04-09T17:42:19Z,Digitizer_run1640_subrun183.csv,8,True,statistical+IF,occupancy;triggerRate_bit2,6.09,-0.5259
2026-04-09T17:42:19Z,Digitizer_run1640_subrun183.csv,9,True,statistical,occupancy;triggerRate_bit2,6.09,-0.5027
2026-04-09T17:42:19Z,Digitizer_run1640_subrun183.csv,10,True,statistical+IF,triggerRate_bit2,6.09,-0.5151
2026-04-09T17:42:19Z,Digitizer_run1640_subrun183.csv,11,True,statistical+IF,triggerRate_bit2,6.09,-0.5175
2026-04-09T17:42:19Z,Digitizer_run1640_subrun183.csv,12,True,statistical,triggerRate_bit2,6.09,-0.5038
2026-04-09T17:42:19Z,Digitizer_run1640_subrun183.csv,13,True,statistical,triggerRate_bit2,6.09,-0.5011
2026-04-09T17:42:19Z,Digitizer_run1640_subrun183.csv,14,True,statistical,triggerRate_bit2,6.09,-0.5055
2026-04-09T17:42:19Z,Digitizer_run1640_subrun183.csv,15,True,statistical+IF,triggerRate_bit2,6.09,-0.5156
2026-04-09T17:42:19Z,Digitizer_run1640_subrun183.csv,16,True,statistical,triggerRate_bit2,6.09,-0.508
2026-04-09T17:42:19Z,Digitizer_run1640_subrun183.csv,17,True,statistical+IF,triggerRate_bit2,6.09,-0.5183
2026-04-09T17:42:19Z,Digitizer_run1640_subrun183.csv,18,True,statistical+IF,triggerRate_bit2,6.09,-0.5143
2026-04-09T17:42:19Z,Digitizer_run1640_subrun183.csv,19,True,statistical,triggerRate_bit2,6.09,-0.4992
2026-04-09T17:42:19Z,Digitizer_run1640_subrun183.csv,20,True,statistical+IF,triggerRate_bit2,6.09,-0.5474
2026-04-09T17:42:19Z,Digitizer_run1640_subrun183.csv,21,True,statistical+IF,triggerRate_bit2,6.09,-0.5217
2026-04-09T17:42:19Z,Digitizer_run1640_subrun183.csv,22,True,statistical+IF,triggerRate_bit2,6.09,-0.521
2026-04-09T17:42:19Z,Digitizer_run1640_subrun183.csv,23,True,statistical+IF,triggerRate_bit2,6.09,-0.5264
2026-04-09T17:42:19Z,Digitizer_run1640_subrun183.csv,24,True,statistical+IF,triggerRate_bit2,6.09,-0.5351
2026-04-09T17:42:19Z,Digitizer_run1640_subrun183.csv,25,True,statistical+IF,triggerRate_bit2,6.09,-0.5398
2026-04-09T17:42:19Z,Digitizer_run1640_subrun183.csv,26,True,statistical,triggerRate_bit2,6.09,-0.5038
2026-04-09T17:42:19Z,Digitizer_run1640_subrun183.csv,27,True,statistical,triggerRate_bit2,6.09,-0.5071
2026-04-09T17:42:19Z,Digitizer_run1640_subrun183.csv,28,True,statistical+IF,triggerRate_bit2,6.09,-0.5216
2026-04-09T17:42:19Z,Digitizer_run1640_subrun183.csv,29,True,statistical,triggerRate_bit2,6.09,-0.5027
2026-04-09T17:42:19Z,Digitizer_run1640_subrun183.csv,30,True,statistical+IF,triggerRate_bit2,6.09,-0.5191
2026-04-09T17:42:19Z,Digitizer_run1640_subrun183.csv,31,True,statistical+IF,triggerRate_bit2,6.09,-0.5173
2026-04-09T17:42:19Z,Digitizer_run1640_subrun183.csv,32,True,statistical+IF,pulseHeight_max_mean;pulseHeight_max_std;pulseArea_max_mean;pulseDuriation_max_mean;pulseDuriation_max_median;occupancy;triggerRate_bit2,31.55,-0.5609
2026-04-09T17:42:19Z,Digitizer_run1640_subrun183.csv,33,True,statistical+IF,pulseHeight_max_mean;pulseHeight_max_std;pulseDuriation_max_mean;pulseDuriation_max_median;occupancy;triggerRate_bit2,14.37,-0.5613
2026-04-09T17:42:19Z,Digitizer_run1640_subrun183.csv,34,True,statistical,triggerRate_bit2,6.09,-0.5115
2026-04-09T17:42:19Z,Digitizer_run1640_subrun183.csv,35,True,statistical,triggerRate_bit2,6.09,-0.5031
2026-04-09T17:42:19Z,Digitizer_run1640_subrun183.csv,36,True,statistical+IF,triggerRate_bit2,6.09,-0.5241
2026-04-09T17:42:19Z,Digitizer_run1640_subrun183.csv,37,True,statistical,triggerRate_bit2,6.09,-0.5138
2026-04-09T17:42:19Z,Digitizer_run1640_subrun183.csv,38,True,statistical+IF,triggerRate_bit2,6.09,-0.5156
2026-04-09T17:42:19Z,Digitizer_run1640_subrun183.csv,39,True,statistical,triggerRate_bit2,6.09,-0.5023
2026-04-09T17:42:19Z,Digitizer_run1640_subrun183.csv,40,True,statistical,triggerRate_bit2,6.09,-0.5058
2026-04-09T17:42:19Z,Digitizer_run1640_subrun183.csv,41,True,statistical+IF,triggerRate_bit2,6.09,-0.534
2026-04-09T17:42:19Z,Digitizer_run1640_subrun183.csv,42,True,statistical,triggerRate_bit2,6.09,-0.5054
2026-04-09T17:42:19Z,Digitizer_run1640_subrun183.csv,43,True,statistical,triggerRate_bit2,6.09,-0.5044
2026-04-09T17:42:19Z,Digitizer_run1640_subrun183.csv,44,True,statistical,triggerRate_bit2,6.09,-0.5017
2026-04-09T17:42:19Z,Digitizer_run1640_subrun183.csv,45,True,statistical,triggerRate_bit2,6.09,-0.5119
2026-04-09T17:42:19Z,Digitizer_run1640_subrun183.csv,46,True,statistical+IF,triggerRate_bit2,6.09,-0.5403
2026-04-09T17:42:19Z,Digitizer_run1640_subrun183.csv,47,True,statistical+IF,triggerRate_bit2,6.09,-0.5388
2026-04-09T17:42:19Z,Digitizer_run1640_subrun183.csv,48,True,statistical,triggerRate_bit2,6.09,-0.5064
2026-04-09T17:42:19Z,Digitizer_run1640_subrun183.csv,49,True,statistical+IF,triggerRate_bit2,6.09,-0.5226
2026-04-09T17:42:19Z,Digitizer_run1640_subrun183.csv,50,True,statistical,triggerRate_bit2,6.09,-0.5054
2026-04-09T17:42:19Z,Digitizer_run1640_subrun183.csv,51,True,statistical,triggerRate_bit2,6.09,-0.5116
2026-04-09T17:42:19Z,Digitizer_run1640_subrun183.csv,52,True,statistical,triggerRate_bit2,6.09,-0.5113
2026-04-09T17:42:19Z,Digitizer_run1640_subrun183.csv,53,True,statistical,triggerRate_bit2,6.09,-0.5124
2026-04-09T17:42:19Z,Digitizer_run1640_subrun183.csv,54,True,statistical,triggerRate_bit2,6.09,-0.5011
2026-04-09T17:42:19Z,Digitizer_run1640_subrun183.csv,55,True,statistical,triggerRate_bit2,6.09,-0.5078
2026-04-09T17:42:19Z,Digitizer_run1640_subrun183.csv,56,True,statistical+IF,triggerRate_bit2,6.09,-0.5537
2026-04-09T17:42:19Z,Digitizer_run1640_subrun183.csv,57,True,statistical,triggerRate_bit2,6.09,-0.5017
2026-04-09T17:42:19Z,Digitizer_run1640_subrun183.csv,58,True,statistical,triggerRate_bit2,6.09,-0.5106
2026-04-09T17:42:19Z,Digitizer_run1640_subrun183.csv,59,True,statistical,triggerRate_bit2,6.09,-0.5097
2026-04-09T17:42:19Z,Digitizer_run1640_subrun183.csv,60,True,statistical+IF,triggerRate_bit2,6.09,-0.5251
2026-04-09T17:42:19Z,Digitizer_run1640_subrun183.csv,61,True,statistical,triggerRate_bit2,6.09,-0.5026
2026-04-09T17:42:19Z,Digitizer_run1640_subrun183.csv,62,True,statistical+IF,triggerRate_bit2,6.09,-0.5244
2026-04-09T17:42:19Z,Digitizer_run1640_subrun183.csv,63,True,statistical+IF,triggerRate_bit2,6.09,-0.5144
2026-04-09T17:42:19Z,Digitizer_run1640_subrun183.csv,64,True,statistical,triggerRate_bit2,6.09,-0.5035
2026-04-09T17:42:19Z,Digitizer_run1640_subrun183.csv,65,True,statistical,triggerRate_bit2,6.09,-0.4986
2026-04-09T17:42:19Z,Digitizer_run1640_subrun183.csv,66,True,statistical,triggerRate_bit2,6.09,-0.5061
2026-04-09T17:42:19Z,Digitizer_run1640_subrun183.csv,67,True,statistical,triggerRate_bit2,6.09,-0.5089
2026-04-09T17:42:19Z,Digitizer_run1640_subrun183.csv,68,True,statistical,triggerRate_bit2,6.09,-0.509
2026-04-09T17:42:19Z,Digitizer_run1640_subrun183.csv,69,True,statistical,triggerRate_bit2,6.09,-0.5094
2026-04-09T17:42:19Z,Digitizer_run1640_subrun183.csv,70,True,statistical+IF,triggerRate_bit2,6.09,-0.5177
2026-04-09T17:42:19Z,Digitizer_run1640_subrun183.csv,71,True,statistical,triggerRate_bit2,6.09,-0.5051
2026-04-09T17:42:19Z,Digitizer_run1640_subrun183.csv,72,True,statistical+IF,triggerRate_bit2,6.09,-0.5355
2026-04-09T17:42:19Z,Digitizer_run1640_subrun183.csv,73,True,statistical,triggerRate_bit2,6.09,-0.5074
2026-04-09T17:42:19Z,Digitizer_run1640_subrun183.csv,74,True,statistical,triggerRate_bit2,6.09,-0.5079
2026-04-09T17:42:19Z,Digitizer_run1640_subrun183.csv,75,True,statistical,triggerRate_bit2,6.09,-0.4905
2026-04-09T17:42:19Z,Digitizer_run1640_subrun183.csv,76,True,statistical+IF,triggerRate_bit2,6.09,-0.5203
2026-04-09T17:42:19Z,Digitizer_run1640_subrun183.csv,77,True,statistical+IF,triggerRate_bit2,6.09,-0.5261
2026-04-09T17:42:19Z,Digitizer_run1640_subrun183.csv,78,True,statistical,triggerRate_bit2,6.09,-0.5011
2026-04-09T17:42:19Z,Digitizer_run1640_subrun183.csv,79,True,statistical,triggerRate_bit2,6.09,-0.505
2026-04-09T17:42:19Z,Digitizer_run1640_subrun183.csv,80,True,statistical,triggerRate_bit2,6.09,-0.499
2026-04-09T17:42:19Z,Digitizer_run1640_subrun183.csv,81,True,statistical,triggerRate_bit2,6.09,-0.506
2026-04-09T17:42:19Z,Digitizer_run1640_subrun183.csv,82,True,statistical,triggerRate_bit2,6.09,-0.5124
2026-04-09T17:42:19Z,Digitizer_run1640_subrun183.csv,83,True,statistical+IF,triggerRate_bit2,6.09,-0.5215
2026-04-09T17:42:19Z,Digitizer_run1640_subrun183.csv,84,True,statistical,triggerRate_bit2,6.09,-0.5055
2026-04-09T17:42:19Z,Digitizer_run1640_subrun183.csv,85,True,statistical+IF,triggerRate_bit2,6.09,-0.5237
2026-04-09T17:42:19Z,Digitizer_run1640_subrun183.csv,86,True,statistical+IF,triggerRate_bit2,6.09,-0.5211
2026-04-09T17:42:19Z,Digitizer_run1640_subrun183.csv,87,True,statistical,triggerRate_bit2,6.09,-0.501
2026-04-09T17:42:19Z,Digitizer_run1640_subrun183.csv,88,True,statistical+IF,triggerRate_bit2,6.09,-0.5206
2026-04-09T17:42:19Z,Digitizer_run1640_subrun183.csv,89,True,statistical,triggerRate_bit2,6.09,-0.5126
2026-04-09T17:42:19Z,Digitizer_run1640_subrun183.csv,90,True,statistical+IF,triggerRate_bit2,6.09,-0.5164
2026-04-09T17:42:19Z,Digitizer_run1640_subrun183.csv,91,True,statistical+IF,triggerRate_bit2,6.09,-0.5272
2026-04-09T17:42:19Z,Digitizer_run1640_subrun183.csv,92,True,statistical+IF,triggerRate_bit2,6.09,-0.5242
2026-04-09T17:42:19Z,Digitizer_run1640_subrun183.csv,93,True,statistical+IF,triggerRate_bit2,6.09,-0.5461
2026-04-09T17:42:19Z,Digitizer_run1640_subrun183.csv,94,True,statistical+IF,triggerRate_bit2,6.09,-0.5349
2026-04-09T17:42:19Z,Digitizer_run1640_subrun183.csv,95,True,statistical,triggerRate_bit2,6.09,-0.5056
2026-04-09T17:42:28Z,Digitizer_run1640_subrun127.csv,0,True,statistical+IF,triggerRate_bit2;triggerRate_bit13;triggerRate_tot,10.11,-0.518
2026-04-09T17:42:28Z,Digitizer_run1640_subrun127.csv,1,True,statistical,triggerRate_bit2;triggerRate_bit13;triggerRate_tot,10.11,-0.5086
2026-04-09T17:42:28Z,Digitizer_run1640_subrun127.csv,2,True,statistical+IF,triggerRate_bit2;triggerRate_bit13;triggerRate_tot,10.11,-0.528
2026-04-09T17:42:28Z,Digitizer_run1640_subrun127.csv,3,True,statistical+IF,triggerRate_bit2;triggerRate_bit13;triggerRate_tot,10.11,-0.5219
2026-04-09T17:42:28Z,Digitizer_run1640_subrun127.csv,4,True,statistical+IF,triggerRate_bit2;triggerRate_bit13;triggerRate_tot,10.11,-0.5271
2026-04-09T17:42:28Z,Digitizer_run1640_subrun127.csv,5,True,statistical,triggerRate_bit2;triggerRate_bit13;triggerRate_tot,10.11,-0.4984
2026-04-09T17:42:28Z,Digitizer_run1640_subrun127.csv,6,True,statistical,triggerRate_bit2;triggerRate_bit13;triggerRate_tot,10.11,-0.5011
2026-04-09T17:42:28Z,Digitizer_run1640_subrun127.csv,7,True,statistical,triggerRate_bit2;triggerRate_bit13;triggerRate_tot,10.11,-0.5117
2026-04-09T17:42:28Z,Digitizer_run1640_subrun127.csv,8,True,statistical+IF,occupancy;triggerRate_bit2;triggerRate_bit13;triggerRate_tot,10.11,-0.535
2026-04-09T17:42:28Z,Digitizer_run1640_subrun127.csv,9,True,statistical,occupancy;triggerRate_bit2;triggerRate_bit13;triggerRate_tot,10.11,-0.5001
2026-04-09T17:42:28Z,Digitizer_run1640_subrun127.csv,10,True,statistical,triggerRate_bit2;triggerRate_bit13;triggerRate_tot,10.11,-0.5034
2026-04-09T17:42:28Z,Digitizer_run1640_subrun127.csv,11,True,statistical,triggerRate_bit2;triggerRate_bit13;triggerRate_tot,10.11,-0.5129
2026-04-09T17:42:28Z,Digitizer_run1640_subrun127.csv,12,True,statistical,triggerRate_bit2;triggerRate_bit13;triggerRate_tot,10.11,-0.4993
2026-04-09T17:42:28Z,Digitizer_run1640_subrun127.csv,13,True,statistical,triggerRate_bit2;triggerRate_bit13;triggerRate_tot,10.11,-0.5137
2026-04-09T17:42:28Z,Digitizer_run1640_subrun127.csv,14,True,statistical+IF,triggerRate_bit2;triggerRate_bit13;triggerRate_tot,10.11,-0.5164
2026-04-09T17:42:28Z,Digitizer_run1640_subrun127.csv,15,True,statistical,triggerRate_bit2;triggerRate_bit13;triggerRate_tot,10.11,-0.5033
2026-04-09T17:42:28Z,Digitizer_run1640_subrun127.csv,16,True,statistical+IF,triggerRate_bit2;triggerRate_bit13;triggerRate_tot,10.11,-0.5218
2026-04-09T17:42:28Z,Digitizer_run1640_subrun127.csv,17,True,statistical+IF,triggerRate_bit2;triggerRate_bit13;triggerRate_tot,10.11,-0.5204
2026-04-09T17:42:28Z,Digitizer_run1640_subrun127.csv,18,True,statistical,triggerRate_bit2;triggerRate_bit13;triggerRate_tot,10.11,-0.5022
2026-04-09T17:42:28Z,Digitizer_run1640_subrun127.csv,19,True,statistical,triggerRate_bit2;triggerRate_bit13;triggerRate_tot,10.11,-0.4998
2026-04-09T17:42:28Z,Digitizer_run1640_subrun127.csv,20,True,statistical+IF,triggerRate_bit2;triggerRate_bit13;triggerRate_tot,10.11,-0.5242
2026-04-09T17:42:28Z,Digitizer_run1640_subrun127.csv,21,True,statistical+IF,triggerRate_bit2;triggerRate_bit13;triggerRate_tot,10.11,-0.5338
2026-04-09T17:42:28Z,Digitizer_run1640_subrun127.csv,22,True,statistical,triggerRate_bit2;triggerRate_bit13;triggerRate_tot,10.11,-0.5
2026-04-09T17:42:28Z,Digitizer_run1640_subrun127.csv,23,True,statistical+IF,triggerRate_bit2;triggerRate_bit13;triggerRate_tot,10.11,-0.5227
2026-04-09T17:42:28Z,Digitizer_run1640_subrun127.csv,24,True,statistical+IF,triggerRate_bit2;triggerRate_bit13;triggerRate_tot,10.11,-0.5425
2026-04-09T17:42:28Z,Digitizer_run1640_subrun127.csv,25,True,statistical+IF,triggerRate_bit2;triggerRate_bit13;triggerRate_tot,10.11,-0.5266
2026-04-09T17:42:28Z,Digitizer_run1640_subrun127.csv,26,True,statistical,triggerRate_bit2;triggerRate_bit13;triggerRate_tot,10.11,-0.5016
2026-04-09T17:42:28Z,Digitizer_run1640_subrun127.csv,27,True,statistical,triggerRate_bit2;triggerRate_bit13;triggerRate_tot,10.11,-0.5125
2026-04-09T17:42:28Z,Digitizer_run1640_subrun127.csv,28,True,statistical+IF,triggerRate_bit2;triggerRate_bit13;triggerRate_tot,10.11,-0.5244
2026-04-09T17:42:28Z,Digitizer_run1640_subrun127.csv,29,True,statistical+IF,triggerRate_bit2;triggerRate_bit13;triggerRate_tot,10.11,-0.5174
2026-04-09T17:42:28Z,Digitizer_run1640_subrun127.csv,30,True,statistical+IF,triggerRate_bit2;triggerRate_bit13;triggerRate_tot,10.11,-0.5142
2026-04-09T17:42:28Z,Digitizer_run1640_subrun127.csv,31,True,statistical,triggerRate_bit2;triggerRate_bit13;triggerRate_tot,10.11,-0.492
2026-04-09T17:42:28Z,Digitizer_run1640_subrun127.csv,32,True,statistical+IF,sideband_mean_median;nPulses_mean;nPulses_median;pulseHeight_max_mean;pulseHeight_max_std;pulseHeight_min_mean;pulseHeight_min_std;pulseArea_max_mean;pulseDuriation_max_mean;pulseDuriation_max_median;occupancy;triggerRate_bit2;triggerRate_bit13;triggerRate_tot,1000000.0,-0.5849
2026-04-09T17:42:28Z,Digitizer_run1640_subrun127.csv,33,True,statistical+IF,pulseHeight_max_mean;pulseHeight_max_std;pulseHeight_min_mean;pulseHeight_min_std;pulseArea_max_mean;pulseDuriation_max_mean;pulseDuriation_max_median;occupancy;triggerRate_bit2;triggerRate_bit13;triggerRate_tot,31.11,-0.5554
2026-04-09T17:42:28Z,Digitizer_run1640_subrun127.csv,34,True,statistical+IF,triggerRate_bit2;triggerRate_bit13;triggerRate_tot,10.11,-0.5165
2026-04-09T17:42:28Z,Digitizer_run1640_subrun127.csv,35,True,statistical+IF,triggerRate_bit2;triggerRate_bit13;triggerRate_tot,10.11,-0.5172
2026-04-09T17:42:28Z,Digitizer_run1640_subrun127.csv,36,True,statistical+IF,triggerRate_bit2;triggerRate_bit13;triggerRate_tot,10.11,-0.5207
2026-04-09T17:42:28Z,Digitizer_run1640_subrun127.csv,37,True,statistical,triggerRate_bit2;triggerRate_bit13;triggerRate_tot,10.11,-0.5095
2026-04-09T17:42:28Z,Digitizer_run1640_subrun127.csv,38,True,statistical,triggerRate_bit2;triggerRate_bit13;triggerRate_tot,10.11,-0.4937
2026-04-09T17:42:28Z,Digitizer_run1640_subrun127.csv,39,True,statistical,triggerRate_bit2;triggerRate_bit13;triggerRate_tot,10.11,-0.5067
2026-04-09T17:42:28Z,Digitizer_run1640_subrun127.csv,40,True,statistical,triggerRate_bit2;triggerRate_bit13;triggerRate_tot,10.11,-0.4988
2026-04-09T17:42:28Z,Digitizer_run1640_subrun127.csv,41,True,statistical,triggerRate_bit2;triggerRate_bit13;triggerRate_tot,10.11,-0.5063
2026-04-09T17:42:28Z,Digitizer_run1640_subrun127.csv,42,True,statistical+IF,triggerRate_bit2;triggerRate_bit13;triggerRate_tot,10.11,-0.5146
2026-04-09T17:42:28Z,Digitizer_run1640_subrun127.csv,43,True,statistical,triggerRate_bit2;triggerRate_bit13;triggerRate_tot,10.11,-0.5126
2026-04-09T17:42:28Z,Digitizer_run1640_subrun127.csv,44,True,statistical+IF,triggerRate_bit2;triggerRate_bit13;triggerRate_tot,10.11,-0.5265
2026-04-09T17:42:28Z,Digitizer_run1640_subrun127.csv,45,True,statistical,triggerRate_bit2;triggerRate_bit13;triggerRate_tot,10.11,-0.5033
2026-04-09T17:42:28Z,Digitizer_run1640_subrun127.csv,46,True,statistical,triggerRate_bit2;triggerRate_bit13;triggerRate_tot,10.11,-0.4965
2026-04-09T17:42:28Z,Digitizer_run1640_subrun127.csv,47,True,statistical,triggerRate_bit2;triggerRate_bit13;triggerRate_tot,10.11,-0.5073
2026-04-09T17:42:28Z,Digitizer_run1640_subrun127.csv,48,True,statistical,triggerRate_bit2;triggerRate_bit13;triggerRate_tot,10.11,-0.5066
2026-04-09T17:42:28Z,Digitizer_run1640_subrun127.csv,49,True,statistical+IF,triggerRate_bit2;triggerRate_bit13;triggerRate_tot,10.11,-0.5195
2026-04-09T17:42:28Z,Digitizer_run1640_subrun127.csv,50,True,statistical+IF,triggerRate_bit2;triggerRate_bit13;triggerRate_tot,10.11,-0.5218
2026-04-09T17:42:28Z,Digitizer_run1640_subrun127.csv,51,True,statistical+IF,triggerRate_bit2;triggerRate_bit13;triggerRate_tot,10.11,-0.525
2026-04-09T17:42:28Z,Digitizer_run1640_subrun127.csv,52,True,statistical,triggerRate_bit2;triggerRate_bit13;triggerRate_tot,10.11,-0.5066
2026-04-09T17:42:28Z,Digitizer_run1640_subrun127.csv,53,True,statistical,triggerRate_bit2;triggerRate_bit13;triggerRate_tot,10.11,-0.4953
2026-04-09T17:42:28Z,Digitizer_run1640_subrun127.csv,54,True,statistical+IF,triggerRate_bit2;triggerRate_bit13;triggerRate_tot,10.11,-0.5168
2026-04-09T17:42:28Z,Digitizer_run1640_subrun127.csv,55,True,statistical+IF,triggerRate_bit2;triggerRate_bit13;triggerRate_tot,10.11,-0.526
2026-04-09T17:42:28Z,Digitizer_run1640_subrun127.csv,56,True,statistical+IF,sideband_mean_median;pulseDuriation_max_mean;pulseDuriation_max_median;occupancy;triggerRate_bit2;triggerRate_bit13;triggerRate_tot,11.98,-0.5838
2026-04-09T17:42:28Z,Digitizer_run1640_subrun127.csv,57,True,statistical,triggerRate_bit2;triggerRate_bit13;triggerRate_tot,10.11,-0.5025
2026-04-09T17:42:28Z,Digitizer_run1640_subrun127.csv,58,True,statistical+IF,triggerRate_bit2;triggerRate_bit13;triggerRate_tot,10.11,-0.5151
2026-04-09T17:42:28Z,Digitizer_run1640_subrun127.csv,59,True,statistical+IF,triggerRate_bit2;triggerRate_bit13;triggerRate_tot,10.11,-0.5236
2026-04-09T17:42:28Z,Digitizer_run1640_subrun127.csv,60,True,statistical,triggerRate_bit2;triggerRate_bit13;triggerRate_tot,10.11,-0.5034
2026-04-09T17:42:28Z,Digitizer_run1640_subrun127.csv,61,True,statistical,triggerRate_bit2;triggerRate_bit13;triggerRate_tot,10.11,-0.5021
2026-04-09T17:42:28Z,Digitizer_run1640_subrun127.csv,62,True,statistical,triggerRate_bit2;triggerRate_bit13;triggerRate_tot,10.11,-0.504
2026-04-09T17:42:28Z,Digitizer_run1640_subrun127.csv,63,True,statistical,triggerRate_bit2;triggerRate_bit13;triggerRate_tot,10.11,-0.5016
2026-04-09T17:42:28Z,Digitizer_run1640_subrun127.csv,64,True,statistical+IF,triggerRate_bit2;triggerRate_bit13;triggerRate_tot,10.11,-0.5204
2026-04-09T17:42:28Z,Digitizer_run1640_subrun127.csv,65,True,statistical,triggerRate_bit2;triggerRate_bit13;triggerRate_tot,10.11,-0.5114
2026-04-09T17:42:28Z,Digitizer_run1640_subrun127.csv,66,True,statistical,triggerRate_bit2;triggerRate_bit13;triggerRate_tot,10.11,-0.5104
2026-04-09T17:42:28Z,Digitizer_run1640_subrun127.csv,67,True,statistical,triggerRate_bit2;triggerRate_bit13;triggerRate_tot,10.11,-0.4921
2026-04-09T17:42:28Z,Digitizer_run1640_subrun127.csv,68,True,statistical,triggerRate_bit2;triggerRate_bit13;triggerRate_tot,10.11,-0.5085
2026-04-09T17:42:28Z,Digitizer_run1640_subrun127.csv,69,True,statistical,triggerRate_bit2;triggerRate_bit13;triggerRate_tot,10.11,-0.492
2026-04-09T17:42:28Z,Digitizer_run1640_subrun127.csv,70,True,statistical,triggerRate_bit2;triggerRate_bit13;triggerRate_tot,10.11,-0.5051
2026-04-09T17:42:28Z,Digitizer_run1640_subrun127.csv,71,True,statistical,triggerRate_bit2;triggerRate_bit13;triggerRate_tot,10.11,-0.4944
2026-04-09T17:42:28Z,Digitizer_run1640_subrun127.csv,72,True,statistical+IF,triggerRate_bit2;triggerRate_bit13;triggerRate_tot,10.11,-0.522
2026-04-09T17:42:28Z,Digitizer_run1640_subrun127.csv,73,True,statistical,triggerRate_bit2;triggerRate_bit13;triggerRate_tot,10.11,-0.5022
2026-04-09T17:42:28Z,Digitizer_run1640_subrun127.csv,74,True,statistical,triggerRate_bit2;triggerRate_bit13;triggerRate_tot,10.11,-0.5125
2026-04-09T17:42:28Z,Digitizer_run1640_subrun127.csv,75,True,statistical+IF,triggerRate_bit2;triggerRate_bit13;triggerRate_tot,10.11,-0.5151
2026-04-09T17:42:28Z,Digitizer_run1640_subrun127.csv,76,True,statistical,triggerRate_bit2;triggerRate_bit13;triggerRate_tot,10.11,-0.4922
2026-04-09T17:42:28Z,Digitizer_run1640_subrun127.csv,77,True,statistical,triggerRate_bit2;triggerRate_bit13;triggerRate_tot,10.11,-0.4995
2026-04-09T17:42:28Z,Digitizer_run1640_subrun127.csv,78,True,statistical+IF,triggerRate_bit2;triggerRate_bit13;triggerRate_tot,10.11,-0.5251
2026-04-09T17:42:28Z,Digitizer_run1640_subrun127.csv,79,True,statistical,triggerRate_bit2;triggerRate_bit13;triggerRate_tot,10.11,-0.5003
2026-04-09T17:42:28Z,Digitizer_run1640_subrun127.csv,80,True,statistical+IF,nPulses_median;occupancy;triggerRate_bit2;triggerRate_bit13;triggerRate_tot,11.03,-0.5219
2026-04-09T17:42:28Z,Digitizer_run1640_subrun127.csv,81,True,statistical,occupancy;triggerRate_bit2;triggerRate_bit13;triggerRate_tot,10.11,-0.5106
2026-04-09T17:42:28Z,Digitizer_run1640_subrun127.csv,82,True,statistical+IF,triggerRate_bit2;triggerRate_bit13;triggerRate_tot,10.11,-0.5185
2026-04-09T17:42:28Z,Digitizer_run1640_subrun127.csv,83,True,statistical+IF,triggerRate_bit2;triggerRate_bit13;triggerRate_tot,10.11,-0.5174
2026-04-09T17:42:28Z,Digitizer_run1640_subrun127.csv,84,True,statistical,triggerRate_bit2;triggerRate_bit13;triggerRate_tot,10.11,-0.5109
2026-04-09T17:42:28Z,Digitizer_run1640_subrun127.csv,85,True,statistical,triggerRate_bit2;triggerRate_bit13;triggerRate_tot,10.11,-0.4895
2026-04-09T17:42:28Z,Digitizer_run1640_subrun127.csv,86,True,statistical+IF,triggerRate_bit2;triggerRate_bit13;triggerRate_tot,10.11,-0.5225
2026-04-09T17:42:28Z,Digitizer_run1640_subrun127.csv,87,True,statistical+IF,triggerRate_bit2;triggerRate_bit13;triggerRate_tot,10.11,-0.5143
2026-04-09T17:42:28Z,Digitizer_run1640_subrun127.csv,88,True,statistical+IF,triggerRate_bit2;triggerRate_bit13;triggerRate_tot,10.11,-0.5173
2026-04-09T17:42:28Z,Digitizer_run1640_subrun127.csv,89,True,statistical+IF,triggerRate_bit2;triggerRate_bit13;triggerRate_tot,10.11,-0.5188
2026-04-09T17:42:28Z,Digitizer_run1640_subrun127.csv,90,True,statistical,triggerRate_bit2;triggerRate_bit13;triggerRate_tot,10.11,-0.5126
2026-04-09T17:42:28Z,Digitizer_run1640_subrun127.csv,91,True,statistical,triggerRate_bit2;triggerRate_bit13;triggerRate_tot,10.11,-0.5076
2026-04-09T17:42:28Z,Digitizer_run1640_subrun127.csv,92,True,statistical,triggerRate_bit2;triggerRate_bit13;triggerRate_tot,10.11,-0.5086
2026-04-09T17:42:28Z,Digitizer_run1640_subrun127.csv,93,True,statistical+IF,triggerRate_bit2;triggerRate_bit13;triggerRate_tot,10.11,-0.528
2026-04-09T17:42:28Z,Digitizer_run1640_subrun127.csv,94,True,statistical+IF,triggerRate_bit2;triggerRate_bit13;triggerRate_tot,10.11,-0.5356
2026-04-09T17:42:28Z,Digitizer_run1640_subrun127.csv,95,True,statistical+IF,triggerRate_bit2;triggerRate_bit13;triggerRate_tot,10.11,-0.533
2026-04-09T17:42:35Z,Digitizer_run1640_subrun56.csv,0,True,statistical,triggerRate_bit1;triggerRate_bit2;triggerRate_bit5;triggerRate_bit7;triggerRate_tot,37.04,-0.4966
2026-04-09T17:42:35Z,Digitizer_run1640_subrun56.csv,1,True,statistical,triggerRate_bit1;triggerRate_bit2;triggerRate_bit5;triggerRate_bit7;triggerRate_tot,37.04,-0.5029
2026-04-09T17:42:35Z,Digitizer_run1640_subrun56.csv,2,True,statistical,triggerRate_bit1;triggerRate_bit2;triggerRate_bit5;triggerRate_bit7;triggerRate_tot,37.04,-0.4971
2026-04-09T17:42:35Z,Digitizer_run1640_subrun56.csv,3,True,statistical,triggerRate_bit1;triggerRate_bit2;triggerRate_bit5;triggerRate_bit7;triggerRate_tot,37.04,-0.4929
2026-04-09T17:42:35Z,Digitizer_run1640_subrun56.csv,4,True,statistical,triggerRate_bit1;triggerRate_bit2;triggerRate_bit5;triggerRate_bit7;triggerRate_tot,37.04,-0.5112
2026-04-09T17:42:35Z,Digitizer_run1640_subrun56.csv,5,True,statistical,triggerRate_bit1;triggerRate_bit2;triggerRate_bit5;triggerRate_bit7;triggerRate_tot,37.04,-0.4999
2026-04-09T17:42:35Z,Digitizer_run1640_subrun56.csv,6,True,statistical+IF,triggerRate_bit1;triggerRate_bit2;triggerRate_bit5;triggerRate_bit7;triggerRate_tot,37.04,-0.5285
2026-04-09T17:42:35Z,Digitizer_run1640_subrun56.csv,7,True,statistical+IF,occupancy;triggerRate_bit1;triggerRate_bit2;triggerRate_bit5;triggerRate_bit7;triggerRate_tot,37.04,-0.5188
2026-04-09T17:42:35Z,Digitizer_run1640_subrun56.csv,8,True,statistical,occupancy;triggerRate_bit1;triggerRate_bit2;triggerRate_bit5;triggerRate_bit7;triggerRate_tot,37.04,-0.5122
2026-04-09T17:42:35Z,Digitizer_run1640_subrun56.csv,9,True,statistical,occupancy;triggerRate_bit1;triggerRate_bit2;triggerRate_bit5;triggerRate_bit7;triggerRate_tot,37.04,-0.4913
2026-04-09T17:42:35Z,Digitizer_run1640_subrun56.csv,10,True,statistical,triggerRate_bit1;triggerRate_bit2;triggerRate_bit5;triggerRate_bit7;triggerRate_tot,37.04,-0.5121
2026-04-09T17:42:35Z,Digitizer_run1640_subrun56.csv,11,True,statistical,triggerRate_bit1;triggerRate_bit2;triggerRate_bit5;triggerRate_bit7;triggerRate_tot,37.04,-0.504
2026-04-09T17:42:35Z,Digitizer_run1640_subrun56.csv,12,True,statistical+IF,triggerRate_bit1;triggerRate_bit2;triggerRate_bit5;triggerRate_bit7;triggerRate_tot,37.04,-0.5452
2026-04-09T17:42:35Z,Digitizer_run1640_subrun56.csv,13,True,statistical+IF,triggerRate_bit1;triggerRate_bit2;triggerRate_bit5;triggerRate_bit7;triggerRate_tot,37.04,-0.5261
2026-04-09T17:42:35Z,Digitizer_run1640_subrun56.csv,14,True,statistical+IF,triggerRate_bit1;triggerRate_bit2;triggerRate_bit5;triggerRate_bit7;triggerRate_tot,37.04,-0.5254
2026-04-09T17:42:35Z,Digitizer_run1640_subrun56.csv,15,True,statistical+IF,triggerRate_bit1;triggerRate_bit2;triggerRate_bit5;triggerRate_bit7;triggerRate_tot,37.04,-0.5175
2026-04-09T17:42:35Z,Digitizer_run1640_subrun56.csv,16,True,statistical,triggerRate_bit1;triggerRate_bit2;triggerRate_bit5;triggerRate_bit7;triggerRate_tot,37.04,-0.5114
2026-04-09T17:42:35Z,Digitizer_run1640_subrun56.csv,17,True,statistical,triggerRate_bit1;triggerRate_bit2;triggerRate_bit5;triggerRate_bit7;triggerRate_tot,37.04,-0.4989
2026-04-09T17:42:35Z,Digitizer_run1640_subrun56.csv,18,True,statistical,triggerRate_bit1;triggerRate_bit2;triggerRate_bit5;triggerRate_bit7;triggerRate_tot,37.04,-0.5133
2026-04-09T17:42:35Z,Digitizer_run1640_subrun56.csv,19,True,statistical+IF,triggerRate_bit1;triggerRate_bit2;triggerRate_bit5;triggerRate_bit7;triggerRate_tot,37.04,-0.5204
2026-04-09T17:42:35Z,Digitizer_run1640_subrun56.csv,20,True,statistical+IF,triggerRate_bit1;triggerRate_bit2;triggerRate_bit5;triggerRate_bit7;triggerRate_tot,37.04,-0.5183
2026-04-09T17:42:35Z,Digitizer_run1640_subrun56.csv,21,True,statistical+IF,triggerRate_bit1;triggerRate_bit2;triggerRate_bit5;triggerRate_bit7;triggerRate_tot,37.04,-0.5346
2026-04-09T17:42:35Z,Digitizer_run1640_subrun56.csv,22,True,statistical,occupancy;triggerRate_bit1;triggerRate_bit2;triggerRate_bit5;triggerRate_bit7;triggerRate_tot,37.04,-0.512
2026-04-09T17:42:35Z,Digitizer_run1640_subrun56.csv,23,True,statistical,triggerRate_bit1;triggerRate_bit2;triggerRate_bit5;triggerRate_bit7;triggerRate_tot,37.04,-0.5132
2026-04-09T17:42:35Z,Digitizer_run1640_subrun56.csv,24,True,statistical,occupancy;triggerRate_bit1;triggerRate_bit2;triggerRate_bit5;triggerRate_bit7;triggerRate_tot,37.04,-0.5124
2026-04-09T17:42:35Z,Digitizer_run1640_subrun56.csv,25,True,statistical+IF,occupancy;triggerRate_bit1;triggerRate_bit2;triggerRate_bit5;triggerRate_bit7;triggerRate_tot,37.04,-0.5203
2026-04-09T17:42:35Z,Digitizer_run1640_subrun56.csv,26,True,statistical+IF,triggerRate_bit1;triggerRate_bit2;triggerRate_bit5;triggerRate_bit7;triggerRate_tot,37.04,-0.5359
2026-04-09T17:42:35Z,Digitizer_run1640_subrun56.csv,27,True,statistical+IF,triggerRate_bit1;triggerRate_bit2;triggerRate_bit5;triggerRate_bit7;triggerRate_tot,37.04,-0.5512
2026-04-09T17:42:35Z,Digitizer_run1640_subrun56.csv,28,True,statistical+IF,triggerRate_bit1;triggerRate_bit2;triggerRate_bit5;triggerRate_bit7;triggerRate_tot,37.04,-0.5178
2026-04-09T17:42:35Z,Digitizer_run1640_subrun56.csv,29,True,statistical,triggerRate_bit1;triggerRate_bit2;triggerRate_bit5;triggerRate_bit7;triggerRate_tot,37.04,-0.507
2026-04-09T17:42:35Z,Digitizer_run1640_subrun56.csv,30,True,statistical,occupancy;triggerRate_bit1;triggerRate_bit2;triggerRate_bit5;triggerRate_bit7;triggerRate_tot,37.04,-0.4903
2026-04-09T17:42:35Z,Digitizer_run1640_subrun56.csv,31,True,statistical,occupancy;triggerRate_bit1;triggerRate_bit2;triggerRate_bit5;triggerRate_bit7;triggerRate_tot,37.04,-0.5069
2026-04-09T17:42:35Z,Digitizer_run1640_subrun56.csv,32,True,statistical+IF,sideband_mean_median;sideband_rms_median;nPulses_mean;nPulses_std;nPulses_median;pulseHeight_max_mean;pulseHeight_max_std;pulseHeight_min_mean;pulseHeight_min_std;pulseArea_max_mean;pulseDuriation_max_median;pulseDuriation_min_mean;occupancy;triggerRate_bit1;triggerRate_bit2;triggerRate_bit5;triggerRate_bit7;triggerRate_tot,2000000.0,-0.5912
2026-04-09T17:42:35Z,Digitizer_run1640_subrun56.csv,33,True,statistical+IF,sideband_mean_median;nPulses_median;pulseHeight_max_mean;pulseHeight_max_std;pulseHeight_min_mean;pulseHeight_min_std;pulseArea_max_mean;pulseDuriation_max_mean;pulseDuriation_max_median;occupancy;triggerRate_bit1;triggerRate_bit2;triggerRate_bit5;triggerRate_bit7;triggerRate_tot,77.12,-0.5769
2026-04-09T17:42:35Z,Digitizer_run1640_subrun56.csv,34,True,statistical,occupancy;triggerRate_bit1;triggerRate_bit2;triggerRate_bit5;triggerRate_bit7;triggerRate_tot,37.04,-0.5084
2026-04-09T17:42:35Z,Digitizer_run1640_subrun56.csv,35,True,statistical+IF,nPulses_std;occupancy;triggerRate_bit1;triggerRate_bit2;triggerRate_bit5;triggerRate_bit7;triggerRate_tot,37.04,-0.516
2026-04-09T17:42:35Z,Digitizer_run1640_subrun56.csv,36,True,statistical+IF,occupancy;triggerRate_bit1;triggerRate_bit2;triggerRate_bit5;triggerRate_bit7;triggerRate_tot,37.04,-0.5165
2026-04-09T17:42:35Z,Digitizer_run1640_subrun56.csv,37,True,statistical+IF,occupancy;triggerRate_bit1;triggerRate_bit2;triggerRate_bit5;triggerRate_bit7;triggerRate_tot,37.04,-0.5171
2026-04-09T17:42:35Z,Digitizer_run1640_subrun56.csv,38,True,statistical,triggerRate_bit1;triggerRate_bit2;triggerRate_bit5;triggerRate_bit7;triggerRate_tot,37.04,-0.5098
2026-04-09T17:42:35Z,Digitizer_run1640_subrun56.csv,39,True,statistical+IF,triggerRate_bit1;triggerRate_bit2;triggerRate_bit5;triggerRate_bit7;triggerRate_tot,37.04,-0.5248
2026-04-09T17:42:35Z,Digitizer_run1640_subrun56.csv,40,True,statistical,triggerRate_bit1;triggerRate_bit2;triggerRate_bit5;triggerRate_bit7;triggerRate_tot,37.04,-0.5078
2026-04-09T17:42:35Z,Digitizer_run1640_subrun56.csv,41,True,statistical+IF,triggerRate_bit1;triggerRate_bit2;triggerRate_bit5;triggerRate_bit7;triggerRate_tot,37.04,-0.5265
2026-04-09T17:42:35Z,Digitizer_run1640_subrun56.csv,42,True,statistical,triggerRate_bit1;triggerRate_bit2;triggerRate_bit5;triggerRate_bit7;triggerRate_tot,37.04,-0.5127
2026-04-09T17:42:35Z,Digitizer_run1640_subrun56.csv,43,True,statistical,triggerRate_bit1;triggerRate_bit2;triggerRate_bit5;triggerRate_bit7;triggerRate_tot,37.04,-0.5011
2026-04-09T17:42:35Z,Digitizer_run1640_subrun56.csv,44,True,statistical+IF,triggerRate_bit1;triggerRate_bit2;triggerRate_bit5;triggerRate_bit7;triggerRate_tot,37.04,-0.5305
2026-04-09T17:42:35Z,Digitizer_run1640_subrun56.csv,45,True,statistical+IF,triggerRate_bit1;triggerRate_bit2;triggerRate_bit5;triggerRate_bit7;triggerRate_tot,37.04,-0.5322
2026-04-09T17:42:35Z,Digitizer_run1640_subrun56.csv,46,True,statistical+IF,triggerRate_bit1;triggerRate_bit2;triggerRate_bit5;triggerRate_bit7;triggerRate_tot,37.04,-0.5541
2026-04-09T17:42:35Z,Digitizer_run1640_subrun56.csv,47,True,statistical+IF,triggerRate_bit1;triggerRate_bit2;triggerRate_bit5;triggerRate_bit7;triggerRate_tot,37.04,-0.5357
2026-04-09T17:42:35Z,Digitizer_run1640_subrun56.csv,48,True,statistical+IF,occupancy;triggerRate_bit1;triggerRate_bit2;triggerRate_bit5;triggerRate_bit7;triggerRate_tot,37.04,-0.5417
2026-04-09T17:42:35Z,Digitizer_run1640_subrun56.csv,49,True,statistical+IF,triggerRate_bit1;triggerRate_bit2;triggerRate_bit5;triggerRate_bit7;triggerRate_tot,37.04,-0.5561
2026-04-09T17:42:35Z,Digitizer_run1640_subrun56.csv,50,True,statistical+IF,pulseDuriation_max_median;triggerRate_bit1;triggerRate_bit2;triggerRate_bit5;triggerRate_bit7;triggerRate_tot,37.04,-0.5372
2026-04-09T17:42:35Z,Digitizer_run1640_subrun56.csv,51,True,statistical+IF,pulseDuriation_max_median;triggerRate_bit1;triggerRate_bit2;triggerRate_bit5;triggerRate_bit7;triggerRate_tot,37.04,-0.5305
2026-04-09T17:42:35Z,Digitizer_run1640_subrun56.csv,52,True,statistical+IF,triggerRate_bit1;triggerRate_bit2;triggerRate_bit5;triggerRate_bit7;triggerRate_tot,37.04,-0.5287
2026-04-09T17:42:35Z,Digitizer_run1640_subrun56.csv,53,True,statistical+IF,triggerRate_bit1;triggerRate_bit2;triggerRate_bit5;triggerRate_bit7;triggerRate_tot,37.04,-0.5385
2026-04-09T17:42:35Z,Digitizer_run1640_subrun56.csv,54,True,statistical+IF,triggerRate_bit1;triggerRate_bit2;triggerRate_bit5;triggerRate_bit7;triggerRate_tot,37.04,-0.5247
2026-04-09T17:42:35Z,Digitizer_run1640_subrun56.csv,55,True,statistical+IF,triggerRate_bit1;triggerRate_bit2;triggerRate_bit5;triggerRate_bit7;triggerRate_tot,37.04,-0.5431
2026-04-09T17:42:35Z,Digitizer_run1640_subrun56.csv,56,True,statistical+IF,sideband_mean_median;nPulses_mean;pulseDuriation_max_mean;pulseDuriation_max_median;occupancy;triggerRate_bit1;triggerRate_bit2;triggerRate_bit5;triggerRate_bit7;triggerRate_tot,37.04,-0.5634
2026-04-09T17:42:35Z,Digitizer_run1640_subrun56.csv,57,True,statistical,triggerRate_bit1;triggerRate_bit2;triggerRate_bit5;triggerRate_bit7;triggerRate_tot,37.04,-0.5139
2026-04-09T17:42:35Z,Digitizer_run1640_subrun56.csv,58,True,statistical+IF,triggerRate_bit1;triggerRate_bit2;triggerRate_bit5;triggerRate_bit7;triggerRate_tot,37.04,-0.5332
2026-04-09T17:42:35Z,Digitizer_run1640_subrun56.csv,59,True,statistical+IF,triggerRate_bit1;triggerRate_bit2;triggerRate_bit5;triggerRate_bit7;triggerRate_tot,37.04,-0.5404
2026-04-09T17:42:35Z,Digitizer_run1640_subrun56.csv,60,True,statistical,triggerRate_bit1;triggerRate_bit2;triggerRate_bit5;triggerRate_bit7;triggerRate_tot,37.04,-0.5078
2026-04-09T17:42:35Z,Digitizer_run1640_subrun56.csv,61,True,statistical,triggerRate_bit1;triggerRate_bit2;triggerRate_bit5;triggerRate_bit7;triggerRate_tot,37.04,-0.5116
2026-04-09T17:42:35Z,Digitizer_run1640_subrun56.csv,62,True,statistical+IF,triggerRate_bit1;triggerRate_bit2;triggerRate_bit5;triggerRate_bit7;triggerRate_tot,37.04,-0.5198
2026-04-09T17:42:35Z,Digitizer_run1640_subrun56.csv,63,True,statistical+IF,triggerRate_bit1;triggerRate_bit2;triggerRate_bit5;triggerRate_bit7;triggerRate_tot,37.04,-0.5493
2026-04-09T17:42:35Z,Digitizer_run1640_subrun56.csv,64,True,statistical+IF,triggerRate_bit1;triggerRate_bit2;triggerRate_bit5;triggerRate_bit7;triggerRate_tot,37.04,-0.5203
2026-04-09T17:42:35Z,Digitizer_run1640_subrun56.csv,65,True,statistical,triggerRate_bit1;triggerRate_bit2;triggerRate_bit5;triggerRate_bit7;triggerRate_tot,37.04,-0.5095
2026-04-09T17:42:35Z,Digitizer_run1640_subrun56.csv,66,True,statistical,triggerRate_bit1;triggerRate_bit2;triggerRate_bit5;triggerRate_bit7;triggerRate_tot,37.04,-0.5081
2026-04-09T17:42:35Z,Digitizer_run1640_subrun56.csv,67,True,statistical+IF,triggerRate_bit1;triggerRate_bit2;triggerRate_bit5;triggerRate_bit7;triggerRate_tot,37.04,-0.5292
2026-04-09T17:42:35Z,Digitizer_run1640_subrun56.csv,68,True,statistical+IF,sideband_mean_mean;sideband_rms_mean;sideband_rms_std;triggerRate_bit1;triggerRate_bit2;triggerRate_bit5;triggerRate_bit7;triggerRate_tot,37.04,-0.5501
2026-04-09T17:42:35Z,Digitizer_run1640_subrun56.csv,69,True,statistical+IF,sideband_mean_mean;sideband_rms_mean;triggerRate_bit1;triggerRate_bit2;triggerRate_bit5;triggerRate_bit7;triggerRate_tot,37.04,-0.5335
2026-04-09T17:42:35Z,Digitizer_run1640_subrun56.csv,70,True,statistical,triggerRate_bit1;triggerRate_bit2;triggerRate_bit5;triggerRate_bit7;triggerRate_tot,37.04,-0.4976
2026-04-09T17:42:35Z,Digitizer_run1640_subrun56.csv,71,True,statistical,triggerRate_bit1;triggerRate_bit2;triggerRate_bit5;triggerRate_bit7;triggerRate_tot,37.04,-0.4899
2026-04-09T17:42:35Z,Digitizer_run1640_subrun56.csv,72,True,statistical,triggerRate_bit1;triggerRate_bit2;triggerRate_bit5;triggerRate_bit7;triggerRate_tot,37.04,-0.5041
2026-04-09T17:42:35Z,Digitizer_run1640_subrun56.csv,73,True,statistical,triggerRate_bit1;triggerRate_bit2;triggerRate_bit5;triggerRate_bit7;triggerRate_tot,37.04,-0.4985
2026-04-09T17:42:35Z,Digitizer_run1640_subrun56.csv,74,True,statistical+IF,triggerRate_bit1;triggerRate_bit2;triggerRate_bit5;triggerRate_bit7;triggerRate_tot,37.04,-0.5144
2026-04-09T17:42:35Z,Digitizer_run1640_subrun56.csv,75,True,statistical+IF,triggerRate_bit1;triggerRate_bit2;triggerRate_bit5;triggerRate_bit7;triggerRate_tot,37.04,-0.5167
2026-04-09T17:42:35Z,Digitizer_run1640_subrun56.csv,76,True,statistical+IF,triggerRate_bit1;triggerRate_bit2;triggerRate_bit5;triggerRate_bit7;triggerRate_tot,37.04,-0.5213
2026-04-09T17:42:35Z,Digitizer_run1640_subrun56.csv,77,True,statistical,triggerRate_bit1;triggerRate_bit2;triggerRate_bit5;triggerRate_bit7;triggerRate_tot,37.04,-0.5117
2026-04-09T17:42:35Z,Digitizer_run1640_subrun56.csv,78,True,statistical,triggerRate_bit1;triggerRate_bit2;triggerRate_bit5;triggerRate_bit7;triggerRate_tot,37.04,-0.5133
2026-04-09T17:42:35Z,Digitizer_run1640_subrun56.csv,79,True,statistical,triggerRate_bit1;triggerRate_bit2;triggerRate_bit5;triggerRate_bit7;triggerRate_tot,37.04,-0.5122
2026-04-09T17:42:35Z,Digitizer_run1640_subrun56.csv,80,True,statistical+IF,nPulses_mean;nPulses_median;occupancy;triggerRate_bit1;triggerRate_bit2;triggerRate_bit5;triggerRate_bit7;triggerRate_tot,37.04,-0.5321
2026-04-09T17:42:35Z,Digitizer_run1640_subrun56.csv,81,True,statistical+IF,occupancy;triggerRate_bit1;triggerRate_bit2;triggerRate_bit5;triggerRate_bit7;triggerRate_tot,37.04,-0.5179
2026-04-09T17:42:35Z,Digitizer_run1640_subrun56.csv,82,True,statistical+IF,triggerRate_bit1;triggerRate_bit2;triggerRate_bit5;triggerRate_bit7;triggerRate_tot,37.04,-0.5259
2026-04-09T17:42:35Z,Digitizer_run1640_subrun56.csv,83,True,statistical+IF,triggerRate_bit1;triggerRate_bit2;triggerRate_bit5;triggerRate_bit7;triggerRate_tot,37.04,-0.5218
2026-04-09T17:42:35Z,Digitizer_run1640_subrun56.csv,84,True,statistical,triggerRate_bit1;triggerRate_bit2;triggerRate_bit5;triggerRate_bit7;triggerRate_tot,37.04,-0.4884
2026-04-09T17:42:35Z,Digitizer_run1640_subrun56.csv,85,True,statistical,triggerRate_bit1;triggerRate_bit2;triggerRate_bit5;triggerRate_bit7;triggerRate_tot,37.04,-0.5116
2026-04-09T17:42:35Z,Digitizer_run1640_subrun56.csv,86,True,statistical,triggerRate_bit1;triggerRate_bit2;triggerRate_bit5;triggerRate_bit7;triggerRate_tot,37.04,-0.4855
2026-04-09T17:42:35Z,Digitizer_run1640_subrun56.csv,87,True,statistical,triggerRate_bit1;triggerRate_bit2;triggerRate_bit5;triggerRate_bit7;triggerRate_tot,37.04,-0.5016
2026-04-09T17:42:35Z,Digitizer_run1640_subrun56.csv,88,True,statistical+IF,triggerRate_bit1;triggerRate_bit2;triggerRate_bit5;triggerRate_bit7;triggerRate_tot,37.04,-0.5227
2026-04-09T17:42:35Z,Digitizer_run1640_subrun56.csv,89,True,statistical+IF,triggerRate_bit1;triggerRate_bit2;triggerRate_bit5;triggerRate_bit7;triggerRate_tot,37.04,-0.5171
2026-04-09T17:42:35Z,Digitizer_run1640_subrun56.csv,90,True,statistical,triggerRate_bit1;triggerRate_bit2;triggerRate_bit5;triggerRate_bit7;triggerRate_tot,37.04,-0.5067
2026-04-09T17:42:35Z,Digitizer_run1640_subrun56.csv,91,True,statistical,triggerRate_bit1;triggerRate_bit2;triggerRate_bit5;triggerRate_bit7;triggerRate_tot,37.04,-0.5057
2026-04-09T17:42:35Z,Digitizer_run1640_subrun56.csv,92,True,statistical+IF,triggerRate_bit1;triggerRate_bit2;triggerRate_bit5;triggerRate_bit7;triggerRate_tot,37.04,-0.519
2026-04-09T17:42:35Z,Digitizer_run1640_subrun56.csv,93,True,statistical+IF,triggerRate_bit1;triggerRate_bit2;triggerRate_bit5;triggerRate_bit7;triggerRate_tot,37.04,-0.5247
2026-04-09T17:42:35Z,Digitizer_run1640_subrun56.csv,94,True,statistical,triggerRate_bit1;triggerRate_bit2;triggerRate_bit5;triggerRate_bit7;triggerRate_tot,37.04,-0.5104
2026-04-09T17:42:35Z,Digitizer_run1640_subrun56.csv,95,True,statistical+IF,triggerRate_bit1;triggerRate_bit2;triggerRate_bit5;triggerRate_bit7;triggerRate_tot,37.04,-0.5226
2026-04-09T17:42:44Z,Digitizer_run1642_subrun11.csv,32,True,missing_channel,missing_channel,nan,nan
2026-04-09T17:42:44Z,Digitizer_run1642_subrun11.csv,33,True,missing_channel,missing_channel,nan,nan
2026-04-09T17:42:44Z,Digitizer_run1642_subrun11.csv,0,True,statistical,LVDSpin16,6.19,-0.4324
2026-04-09T17:42:44Z,Digitizer_run1642_subrun11.csv,1,True,statistical,LVDSpin16,6.19,-0.4439
2026-04-09T17:42:44Z,Digitizer_run1642_subrun11.csv,2,True,statistical,LVDSpin16,6.19,-0.443
2026-04-09T17:42:44Z,Digitizer_run1642_subrun11.csv,3,True,statistical,LVDSpin16,6.19,-0.4492
2026-04-09T17:42:44Z,Digitizer_run1642_subrun11.csv,4,True,statistical,LVDSpin16,6.19,-0.4445
2026-04-09T17:42:44Z,Digitizer_run1642_subrun11.csv,5,True,statistical,LVDSpin16,6.19,-0.4335
2026-04-09T17:42:44Z,Digitizer_run1642_subrun11.csv,6,True,statistical,LVDSpin16,6.19,-0.4496
2026-04-09T17:42:44Z,Digitizer_run1642_subrun11.csv,7,True,statistical,LVDSpin16,6.19,-0.434
2026-04-09T17:42:44Z,Digitizer_run1642_subrun11.csv,8,True,statistical,LVDSpin16,6.19,-0.4428
2026-04-09T17:42:44Z,Digitizer_run1642_subrun11.csv,9,True,statistical,LVDSpin16,6.19,-0.46
2026-04-09T17:42:44Z,Digitizer_run1642_subrun11.csv,10,True,statistical,LVDSpin16,6.19,-0.4297
2026-04-09T17:42:44Z,Digitizer_run1642_subrun11.csv,11,True,statistical,LVDSpin16,6.19,-0.4263
2026-04-09T17:42:44Z,Digitizer_run1642_subrun11.csv,12,True,statistical,LVDSpin16,6.19,-0.4335
2026-04-09T17:42:44Z,Digitizer_run1642_subrun11.csv,13,True,statistical,LVDSpin16,6.19,-0.4439
2026-04-09T17:42:44Z,Digitizer_run1642_subrun11.csv,14,True,statistical,LVDSpin16,6.19,-0.4241
2026-04-09T17:42:44Z,Digitizer_run1642_subrun11.csv,15,True,statistical,LVDSpin16,6.19,-0.428
2026-04-09T17:42:44Z,Digitizer_run1642_subrun11.csv,16,True,statistical,LVDSpin16,6.19,-0.4641
2026-04-09T17:42:44Z,Digitizer_run1642_subrun11.csv,17,True,statistical,LVDSpin16,6.19,-0.4843
2026-04-09T17:42:44Z,Digitizer_run1642_subrun11.csv,18,True,statistical,LVDSpin16,6.19,-0.4321
2026-04-09T17:42:44Z,Digitizer_run1642_subrun11.csv,19,True,statistical,LVDSpin16,6.19,-0.4527
2026-04-09T17:42:44Z,Digitizer_run1642_subrun11.csv,20,True,statistical,LVDSpin16,6.19,-0.4325
2026-04-09T17:42:44Z,Digitizer_run1642_subrun11.csv,21,True,statistical,LVDSpin16,6.19,-0.4375
2026-04-09T17:42:44Z,Digitizer_run1642_subrun11.csv,22,True,statistical,LVDSpin16,6.19,-0.4475
2026-04-09T17:42:44Z,Digitizer_run1642_subrun11.csv,23,True,statistical,LVDSpin16,6.19,-0.4584
2026-04-09T17:42:44Z,Digitizer_run1642_subrun11.csv,24,True,statistical,LVDSpin16,6.19,-0.4381
2026-04-09T17:42:44Z,Digitizer_run1642_subrun11.csv,25,True,statistical,LVDSpin16,6.19,-0.4441
2026-04-09T17:42:44Z,Digitizer_run1642_subrun11.csv,26,True,statistical,LVDSpin16,6.19,-0.4392
2026-04-09T17:42:44Z,Digitizer_run1642_subrun11.csv,27,True,statistical,LVDSpin16,6.19,-0.4279
2026-04-09T17:42:44Z,Digitizer_run1642_subrun11.csv,28,True,statistical,LVDSpin16,6.19,-0.4327
2026-04-09T17:42:44Z,Digitizer_run1642_subrun11.csv,29,True,statistical,LVDSpin16,6.19,-0.4339
2026-04-09T17:42:44Z,Digitizer_run1642_subrun11.csv,30,True,statistical,LVDSpin16,6.19,-0.4507
2026-04-09T17:42:44Z,Digitizer_run1642_subrun11.csv,31,True,statistical,LVDSpin16,6.19,-0.46
2026-04-09T17:42:44Z,Digitizer_run1642_subrun11.csv,34,True,statistical,LVDSpin16,6.19,-0.4297
2026-04-09T17:42:44Z,Digitizer_run1642_subrun11.csv,35,True,statistical,LVDSpin16,6.19,-0.4291
2026-04-09T17:42:44Z,Digitizer_run1642_subrun11.csv,36,True,statistical,LVDSpin16,6.19,-0.4407
2026-04-09T17:42:44Z,Digitizer_run1642_subrun11.csv,37,True,statistical,LVDSpin16,6.19,-0.4402
2026-04-09T17:42:44Z,Digitizer_run1642_subrun11.csv,38,True,statistical,LVDSpin16,6.19,-0.4308
2026-04-09T17:42:44Z,Digitizer_run1642_subrun11.csv,39,True,statistical,LVDSpin16,6.19,-0.4261
2026-04-09T17:42:44Z,Digitizer_run1642_subrun11.csv,40,True,statistical,LVDSpin16,6.19,-0.4612
2026-04-09T17:42:44Z,Digitizer_run1642_subrun11.csv,41,True,statistical,LVDSpin16,6.19,-0.4509
2026-04-09T17:42:44Z,Digitizer_run1642_subrun11.csv,42,True,statistical,LVDSpin16,6.19,-0.4668
2026-04-09T17:42:44Z,Digitizer_run1642_subrun11.csv,43,True,statistical,LVDSpin16,6.19,-0.442
2026-04-09T17:42:44Z,Digitizer_run1642_subrun11.csv,44,True,statistical,LVDSpin16,6.19,-0.4354
2026-04-09T17:42:44Z,Digitizer_run1642_subrun11.csv,45,True,statistical,LVDSpin16,6.19,-0.4364
2026-04-09T17:42:44Z,Digitizer_run1642_subrun11.csv,46,True,statistical,LVDSpin16,6.19,-0.4365
2026-04-09T17:42:44Z,Digitizer_run1642_subrun11.csv,47,True,statistical,LVDSpin16,6.19,-0.4388
2026-04-09T17:42:44Z,Digitizer_run1642_subrun11.csv,48,True,statistical,LVDSpin16,6.19,-0.4338
2026-04-09T17:42:44Z,Digitizer_run1642_subrun11.csv,49,True,statistical,LVDSpin16,6.19,-0.435
2026-04-09T17:42:44Z,Digitizer_run1642_subrun11.csv,50,True,statistical,LVDSpin16,6.19,-0.4277
2026-04-09T17:42:44Z,Digitizer_run1642_subrun11.csv,51,True,statistical,LVDSpin16,6.19,-0.4289
2026-04-09T17:42:44Z,Digitizer_run1642_subrun11.csv,52,True,statistical,LVDSpin16,6.19,-0.4553
2026-04-09T17:42:44Z,Digitizer_run1642_subrun11.csv,53,True,statistical,LVDSpin16,6.19,-0.4442
2026-04-09T17:42:44Z,Digitizer_run1642_subrun11.csv,54,True,statistical,LVDSpin16,6.19,-0.4294
2026-04-09T17:42:44Z,Digitizer_run1642_subrun11.csv,55,True,statistical,LVDSpin16,6.19,-0.4433
2026-04-09T17:42:44Z,Digitizer_run1642_subrun11.csv,56,True,statistical,LVDSpin16,6.19,-0.4643
2026-04-09T17:42:44Z,Digitizer_run1642_subrun11.csv,57,True,statistical,LVDSpin16,6.19,-0.4384
2026-04-09T17:42:44Z,Digitizer_run1642_subrun11.csv,58,True,statistical,LVDSpin16,6.19,-0.4562
2026-04-09T17:42:44Z,Digitizer_run1642_subrun11.csv,59,True,statistical,LVDSpin16,6.19,-0.4408
2026-04-09T17:42:44Z,Digitizer_run1642_subrun11.csv,60,True,statistical,LVDSpin16,6.19,-0.4341
2026-04-09T17:42:44Z,Digitizer_run1642_subrun11.csv,61,True,statistical,LVDSpin16,6.19,-0.4411
2026-04-09T17:42:44Z,Digitizer_run1642_subrun11.csv,62,True,statistical,LVDSpin16,6.19,-0.4234
2026-04-09T17:42:44Z,Digitizer_run1642_subrun11.csv,63,True,statistical,LVDSpin16,6.19,-0.4324
2026-04-09T17:42:44Z,Digitizer_run1642_subrun11.csv,64,True,statistical,LVDSpin16,6.19,-0.4475
2026-04-09T17:42:44Z,Digitizer_run1642_subrun11.csv,65,True,statistical,LVDSpin16,6.19,-0.4569
2026-04-09T17:42:44Z,Digitizer_run1642_subrun11.csv,66,True,statistical,LVDSpin16,6.19,-0.4397
2026-04-09T17:42:44Z,Digitizer_run1642_subrun11.csv,67,True,statistical,LVDSpin16,6.19,-0.4387
2026-04-09T17:42:44Z,Digitizer_run1642_subrun11.csv,68,True,statistical,LVDSpin16,6.19,-0.438
2026-04-09T17:42:44Z,Digitizer_run1642_subrun11.csv,69,True,statistical,LVDSpin16,6.19,-0.4385
2026-04-09T17:42:44Z,Digitizer_run1642_subrun11.csv,70,True,statistical,LVDSpin16,6.19,-0.4463
2026-04-09T17:42:44Z,Digitizer_run1642_subrun11.csv,71,True,statistical,LVDSpin16,6.19,-0.4395
2026-04-09T17:42:44Z,Digitizer_run1642_subrun11.csv,72,True,statistical,LVDSpin16,6.19,-0.4816
2026-04-09T17:42:44Z,Digitizer_run1642_subrun11.csv,73,True,statistical,LVDSpin16,6.19,-0.4383
2026-04-09T17:42:44Z,Digitizer_run1642_subrun11.csv,74,True,statistical,LVDSpin16,6.19,-0.4394
2026-04-09T17:42:44Z,Digitizer_run1642_subrun11.csv,75,True,statistical,LVDSpin16,6.19,-0.4436
2026-04-09T17:42:44Z,Digitizer_run1642_subrun11.csv,76,True,statistical,LVDSpin16,6.19,-0.4498
2026-04-09T17:42:44Z,Digitizer_run1642_subrun11.csv,77,True,statistical,LVDSpin16,6.19,-0.4353
2026-04-09T17:42:44Z,Digitizer_run1642_subrun11.csv,78,True,statistical,LVDSpin16,6.19,-0.4774
2026-04-09T17:42:44Z,Digitizer_run1642_subrun11.csv,79,True,statistical,LVDSpin16,6.19,-0.4289
2026-04-09T17:42:44Z,Digitizer_run1642_subrun11.csv,80,True,statistical,LVDSpin16,6.19,-0.4776
2026-04-09T17:42:44Z,Digitizer_run1642_subrun11.csv,81,True,statistical,LVDSpin16,6.19,-0.4552
2026-04-09T17:42:44Z,Digitizer_run1642_subrun11.csv,82,True,statistical,LVDSpin16,6.19,-0.4601
2026-04-09T17:42:44Z,Digitizer_run1642_subrun11.csv,83,True,statistical,LVDSpin16,6.19,-0.45
2026-04-09T17:42:44Z,Digitizer_run1642_subrun11.csv,84,True,statistical,LVDSpin16,6.19,-0.4462
2026-04-09T17:42:44Z,Digitizer_run1642_subrun11.csv,85,True,statistical,LVDSpin16,6.19,-0.434
2026-04-09T17:42:44Z,Digitizer_run1642_subrun11.csv,86,True,statistical,LVDSpin16,6.19,-0.4276
2026-04-09T17:42:44Z,Digitizer_run1642_subrun11.csv,87,True,statistical,LVDSpin16,6.19,-0.4239
2026-04-09T17:42:44Z,Digitizer_run1642_subrun11.csv,88,True,statistical,LVDSpin16,6.19,-0.4579
2026-04-09T17:42:44Z,Digitizer_run1642_subrun11.csv,89,True,statistical,LVDSpin16,6.19,-0.4664
2026-04-09T17:42:44Z,Digitizer_run1642_subrun11.csv,90,True,statistical,LVDSpin16,6.19,-0.4509
2026-04-09T17:42:44Z,Digitizer_run1642_subrun11.csv,91,True,statistical,LVDSpin16,6.19,-0.4417
2026-04-09T17:42:44Z,Digitizer_run1642_subrun11.csv,92,True,statistical,LVDSpin16,6.19,-0.4678
2026-04-09T17:42:44Z,Digitizer_run1642_subrun11.csv,93,True,statistical,LVDSpin16,6.19,-0.4763
2026-04-09T17:42:44Z,Digitizer_run1642_subrun11.csv,94,True,statistical,LVDSpin16,6.19,-0.4573
2026-04-09T17:42:44Z,Digitizer_run1642_subrun11.csv,95,True,statistical,LVDSpin16,6.19,-0.4568
2026-04-09T17:42:51Z,Digitizer_run1640_subrun48.csv,0,True,statistical+IF,triggerRate_bit1;triggerRate_bit2;triggerRate_bit7;triggerRate_tot,19.45,-0.5182
2026-04-09T17:42:51Z,Digitizer_run1640_subrun48.csv,1,True,statistical+IF,triggerRate_bit1;triggerRate_bit2;triggerRate_bit7;triggerRate_tot,19.45,-0.522
2026-04-09T17:42:51Z,Digitizer_run1640_subrun48.csv,2,True,statistical+IF,triggerRate_bit1;triggerRate_bit2;triggerRate_bit7;triggerRate_tot,19.45,-0.5347
2026-04-09T17:42:51Z,Digitizer_run1640_subrun48.csv,3,True,statistical+IF,triggerRate_bit1;triggerRate_bit2;triggerRate_bit7;triggerRate_tot,19.45,-0.5288
2026-04-09T17:42:51Z,Digitizer_run1640_subrun48.csv,4,True,statistical+IF,triggerRate_bit1;triggerRate_bit2;triggerRate_bit7;triggerRate_tot,19.45,-0.5454
2026-04-09T17:42:51Z,Digitizer_run1640_subrun48.csv,5,True,statistical+IF,triggerRate_bit1;triggerRate_bit2;triggerRate_bit7;triggerRate_tot,19.45,-0.5374
2026-04-09T17:42:51Z,Digitizer_run1640_subrun48.csv,6,True,statistical+IF,triggerRate_bit1;triggerRate_bit2;triggerRate_bit7;triggerRate_tot,19.45,-0.5314
2026-04-09T17:42:51Z,Digitizer_run1640_subrun48.csv,7,True,statistical+IF,triggerRate_bit1;triggerRate_bit2;triggerRate_bit7;triggerRate_tot,19.45,-0.5223
2026-04-09T17:42:51Z,Digitizer_run1640_subrun48.csv,8,True,statistical+IF,occupancy;triggerRate_bit1;triggerRate_bit2;triggerRate_bit7;triggerRate_tot,19.45,-0.5471
2026-04-09T17:42:51Z,Digitizer_run1640_subrun48.csv,9,True,statistical+IF,occupancy;triggerRate_bit1;triggerRate_bit2;triggerRate_bit7;triggerRate_tot,19.45,-0.5156
2026-04-09T17:42:51Z,Digitizer_run1640_subrun48.csv,10,True,statistical+IF,triggerRate_bit1;triggerRate_bit2;triggerRate_bit7;triggerRate_tot,19.45,-0.5283
2026-04-09T17:42:51Z,Digitizer_run1640_subrun48.csv,11,True,statistical+IF,triggerRate_bit1;triggerRate_bit2;triggerRate_bit7;triggerRate_tot,19.45,-0.5283
2026-04-09T17:42:51Z,Digitizer_run1640_subrun48.csv,12,True,statistical+IF,triggerRate_bit1;triggerRate_bit2;triggerRate_bit7;triggerRate_tot,19.45,-0.5359
2026-04-09T17:42:51Z,Digitizer_run1640_subrun48.csv,13,True,statistical+IF,triggerRate_bit1;triggerRate_bit2;triggerRate_bit7;triggerRate_tot,19.45,-0.5321
2026-04-09T17:42:51Z,Digitizer_run1640_subrun48.csv,14,True,statistical+IF,triggerRate_bit1;triggerRate_bit2;triggerRate_bit7;triggerRate_tot,19.45,-0.5183
2026-04-09T17:42:51Z,Digitizer_run1640_subrun48.csv,15,True,statistical+IF,triggerRate_bit1;triggerRate_bit2;triggerRate_bit7;triggerRate_tot,19.45,-0.5248
2026-04-09T17:42:51Z,Digitizer_run1640_subrun48.csv,16,True,statistical,triggerRate_bit1;triggerRate_bit2;triggerRate_bit7;triggerRate_tot,19.45,-0.5097
2026-04-09T17:42:51Z,Digitizer_run1640_subrun48.csv,17,True,statistical,triggerRate_bit1;triggerRate_bit2;triggerRate_bit7;triggerRate_tot,19.45,-0.5056
2026-04-09T17:42:51Z,Digitizer_run1640_subrun48.csv,18,True,statistical+IF,triggerRate_bit1;triggerRate_bit2;triggerRate_bit7;triggerRate_tot,19.45,-0.521
2026-04-09T17:42:51Z,Digitizer_run1640_subrun48.csv,19,True,statistical+IF,triggerRate_bit1;triggerRate_bit2;triggerRate_bit7;triggerRate_tot,19.45,-0.5281
2026-04-09T17:42:51Z,Digitizer_run1640_subrun48.csv,20,True,statistical+IF,triggerRate_bit1;triggerRate_bit2;triggerRate_bit7;triggerRate_tot,19.45,-0.5184
2026-04-09T17:42:51Z,Digitizer_run1640_subrun48.csv,21,True,statistical,triggerRate_bit1;triggerRate_bit2;triggerRate_bit7;triggerRate_tot,19.45,-0.511
2026-04-09T17:42:51Z,Digitizer_run1640_subrun48.csv,22,True,statistical+IF,triggerRate_bit1;triggerRate_bit2;triggerRate_bit7;triggerRate_tot,19.45,-0.5271
2026-04-09T17:42:51Z,Digitizer_run1640_subrun48.csv,23,True,statistical+IF,triggerRate_bit1;triggerRate_bit2;triggerRate_bit7;triggerRate_tot,19.45,-0.5172
2026-04-09T17:42:51Z,Digitizer_run1640_subrun48.csv,24,True,statistical+IF,triggerRate_bit1;triggerRate_bit2;triggerRate_bit7;triggerRate_tot,19.45,-0.5272
2026-04-09T17:42:51Z,Digitizer_run1640_subrun48.csv,25,True,statistical,triggerRate_bit1;triggerRate_bit2;triggerRate_bit7;triggerRate_tot,19.45,-0.5063
2026-04-09T17:42:51Z,Digitizer_run1640_subrun48.csv,26,True,statistical+IF,triggerRate_bit1;triggerRate_bit2;triggerRate_bit7;triggerRate_tot,19.45,-0.5141
2026-04-09T17:42:51Z,Digitizer_run1640_subrun48.csv,27,True,statistical+IF,triggerRate_bit1;triggerRate_bit2;triggerRate_bit7;triggerRate_tot,19.45,-0.5292
2026-04-09T17:42:51Z,Digitizer_run1640_subrun48.csv,28,True,statistical+IF,triggerRate_bit1;triggerRate_bit2;triggerRate_bit7;triggerRate_tot,19.45,-0.5238
2026-04-09T17:42:51Z,Digitizer_run1640_subrun48.csv,29,True,statistical+IF,pulseDuriation_max_median;triggerRate_bit1;triggerRate_bit2;triggerRate_bit7;triggerRate_tot,19.45,-0.544
2026-04-09T17:42:51Z,Digitizer_run1640_subrun48.csv,30,True,statistical+IF,triggerRate_bit1;triggerRate_bit2;triggerRate_bit7;triggerRate_tot,19.45,-0.5283
2026-04-09T17:42:51Z,Digitizer_run1640_subrun48.csv,31,True,statistical+IF,triggerRate_bit1;triggerRate_bit2;triggerRate_bit7;triggerRate_tot,19.45,-0.5525
2026-04-09T17:42:51Z,Digitizer_run1640_subrun48.csv,32,True,statistical+IF,sideband_mean_median;nPulses_mean;nPulses_std;nPulses_median;pulseHeight_max_mean;pulseHeight_max_std;pulseHeight_min_mean;pulseHeight_min_std;pulseArea_max_mean;pulseDuriation_max_mean;pulseDuriation_max_median;pulseDuriation_min_mean;occupancy;triggerRate_bit1;triggerRate_bit2;triggerRate_bit7;triggerRate_tot,2000000.0,-0.6007
2026-04-09T17:42:51Z,Digitizer_run1640_subrun48.csv,33,True,statistical+IF,sideband_mean_median;nPulses_median;pulseHeight_max_mean;pulseHeight_max_std;pulseHeight_min_mean;pulseHeight_min_std;pulseArea_max_mean;pulseDuriation_max_mean;pulseDuriation_max_median;occupancy;triggerRate_bit1;triggerRate_bit2;triggerRate_bit7;triggerRate_tot,54.41,-0.5739
2026-04-09T17:42:51Z,Digitizer_run1640_subrun48.csv,34,True,statistical+IF,triggerRate_bit1;triggerRate_bit2;triggerRate_bit7;triggerRate_tot,19.45,-0.5249
2026-04-09T17:42:51Z,Digitizer_run1640_subrun48.csv,35,True,statistical+IF,triggerRate_bit1;triggerRate_bit2;triggerRate_bit7;triggerRate_tot,19.45,-0.5292
2026-04-09T17:42:51Z,Digitizer_run1640_subrun48.csv,36,True,statistical+IF,triggerRate_bit1;triggerRate_bit2;triggerRate_bit7;triggerRate_tot,19.45,-0.5245
2026-04-09T17:42:51Z,Digitizer_run1640_subrun48.csv,37,True,statistical+IF,triggerRate_bit1;triggerRate_bit2;triggerRate_bit7;triggerRate_tot,19.45,-0.5289
2026-04-09T17:42:51Z,Digitizer_run1640_subrun48.csv,38,True,statistical+IF,triggerRate_bit1;triggerRate_bit2;triggerRate_bit7;triggerRate_tot,19.45,-0.5326
2026-04-09T17:42:51Z,Digitizer_run1640_subrun48.csv,39,True,statistical,triggerRate_bit1;triggerRate_bit2;triggerRate_bit7;triggerRate_tot,19.45,-0.5026
2026-04-09T17:42:51Z,Digitizer_run1640_subrun48.csv,40,True,statistical+IF,triggerRate_bit1;triggerRate_bit2;triggerRate_bit7;triggerRate_tot,19.45,-0.5229
2026-04-09T17:42:51Z,Digitizer_run1640_subrun48.csv,41,True,statistical+IF,triggerRate_bit1;triggerRate_bit2;triggerRate_bit7;triggerRate_tot,19.45,-0.5245
2026-04-09T17:42:51Z,Digitizer_run1640_subrun48.csv,42,True,statistical+IF,triggerRate_bit1;triggerRate_bit2;triggerRate_bit7;triggerRate_tot,19.45,-0.5194
2026-04-09T17:42:51Z,Digitizer_run1640_subrun48.csv,43,True,statistical,triggerRate_bit1;triggerRate_bit2;triggerRate_bit7;triggerRate_tot,19.45,-0.5137
2026-04-09T17:42:51Z,Digitizer_run1640_subrun48.csv,44,True,statistical+IF,triggerRate_bit1;triggerRate_bit2;triggerRate_bit7;triggerRate_tot,19.45,-0.5253
2026-04-09T17:42:51Z,Digitizer_run1640_subrun48.csv,45,True,statistical+IF,triggerRate_bit1;triggerRate_bit2;triggerRate_bit7;triggerRate_tot,19.45,-0.5192
2026-04-09T17:42:51Z,Digitizer_run1640_subrun48.csv,46,True,statistical+IF,triggerRate_bit1;triggerRate_bit2;triggerRate_bit7;triggerRate_tot,19.45,-0.5246
2026-04-09T17:42:51Z,Digitizer_run1640_subrun48.csv,47,True,statistical,triggerRate_bit1;triggerRate_bit2;triggerRate_bit7;triggerRate_tot,19.45,-0.5077
2026-04-09T17:42:51Z,Digitizer_run1640_subrun48.csv,48,True,statistical+IF,triggerRate_bit1;triggerRate_bit2;triggerRate_bit7;triggerRate_tot,19.45,-0.5216
2026-04-09T17:42:51Z,Digitizer_run1640_subrun48.csv,49,True,statistical+IF,triggerRate_bit1;triggerRate_bit2;triggerRate_bit7;triggerRate_tot,19.45,-0.5325
2026-04-09T17:42:51Z,Digitizer_run1640_subrun48.csv,50,True,statistical+IF,triggerRate_bit1;triggerRate_bit2;triggerRate_bit7;triggerRate_tot,19.45,-0.5208
2026-04-09T17:42:51Z,Digitizer_run1640_subrun48.csv,51,True,statistical+IF,triggerRate_bit1;triggerRate_bit2;triggerRate_bit7;triggerRate_tot,19.45,-0.5162
2026-04-09T17:42:51Z,Digitizer_run1640_subrun48.csv,52,True,statistical+IF,triggerRate_bit1;triggerRate_bit2;triggerRate_bit7;triggerRate_tot,19.45,-0.5224
2026-04-09T17:42:51Z,Digitizer_run1640_subrun48.csv,53,True,statistical,triggerRate_bit1;triggerRate_bit2;triggerRate_bit7;triggerRate_tot,19.45,-0.513
2026-04-09T17:42:51Z,Digitizer_run1640_subrun48.csv,54,True,statistical,triggerRate_bit1;triggerRate_bit2;triggerRate_bit7;triggerRate_tot,19.45,-0.5095
2026-04-09T17:42:51Z,Digitizer_run1640_subrun48.csv,55,True,statistical+IF,triggerRate_bit1;triggerRate_bit2;triggerRate_bit7;triggerRate_tot,19.45,-0.5223
2026-04-09T17:42:51Z,Digitizer_run1640_subrun48.csv,56,True,statistical+IF,sideband_mean_median;nPulses_mean;pulseDuriation_max_mean;pulseDuriation_max_median;occupancy;triggerRate_bit1;triggerRate_bit2;triggerRate_bit7;triggerRate_tot,19.45,-0.5884
2026-04-09T17:42:51Z,Digitizer_run1640_subrun48.csv,57,True,statistical+IF,triggerRate_bit1;triggerRate_bit2;triggerRate_bit7;triggerRate_tot,19.45,-0.5357
2026-04-09T17:42:51Z,Digitizer_run1640_subrun48.csv,58,True,statistical+IF,triggerRate_bit1;triggerRate_bit2;triggerRate_bit7;triggerRate_tot,19.45,-0.5465
2026-04-09T17:42:51Z,Digitizer_run1640_subrun48.csv,59,True,statistical+IF,triggerRate_bit1;triggerRate_bit2;triggerRate_bit7;triggerRate_tot,19.45,-0.5511
2026-04-09T17:42:51Z,Digitizer_run1640_subrun48.csv,60,True,statistical+IF,triggerRate_bit1;triggerRate_bit2;triggerRate_bit7;triggerRate_tot,19.45,-0.5225
2026-04-09T17:42:51Z,Digitizer_run1640_subrun48.csv,61,True,statistical+IF,triggerRate_bit1;triggerRate_bit2;triggerRate_bit7;triggerRate_tot,19.45,-0.5141
2026-04-09T17:42:51Z,Digitizer_run1640_subrun48.csv,62,True,statistical+IF,triggerRate_bit1;triggerRate_bit2;triggerRate_bit7;triggerRate_tot,19.45,-0.5326
2026-04-09T17:42:51Z,Digitizer_run1640_subrun48.csv,63,True,statistical+IF,triggerRate_bit1;triggerRate_bit2;triggerRate_bit7;triggerRate_tot,19.45,-0.5356
2026-04-09T17:42:51Z,Digitizer_run1640_subrun48.csv,64,True,statistical+IF,triggerRate_bit1;triggerRate_bit2;triggerRate_bit7;triggerRate_tot,19.45,-0.5413
2026-04-09T17:42:51Z,Digitizer_run1640_subrun48.csv,65,True,statistical+IF,triggerRate_bit1;triggerRate_bit2;triggerRate_bit7;triggerRate_tot,19.45,-0.5177
2026-04-09T17:42:51Z,Digitizer_run1640_subrun48.csv,66,True,statistical+IF,triggerRate_bit1;triggerRate_bit2;triggerRate_bit7;triggerRate_tot,19.45,-0.5283
2026-04-09T17:42:51Z,Digitizer_run1640_subrun48.csv,67,True,statistical+IF,triggerRate_bit1;triggerRate_bit2;triggerRate_bit7;triggerRate_tot,19.45,-0.5527
2026-04-09T17:42:51Z,Digitizer_run1640_subrun48.csv,68,True,statistical+IF,triggerRate_bit1;triggerRate_bit2;triggerRate_bit7;triggerRate_tot,19.45,-0.5301
2026-04-09T17:42:51Z,Digitizer_run1640_subrun48.csv,69,True,statistical+IF,triggerRate_bit1;triggerRate_bit2;triggerRate_bit7;triggerRate_tot,19.45,-0.5206
2026-04-09T17:42:51Z,Digitizer_run1640_subrun48.csv,70,True,statistical+IF,triggerRate_bit1;triggerRate_bit2;triggerRate_bit7;triggerRate_tot,19.45,-0.5296
2026-04-09T17:42:51Z,Digitizer_run1640_subrun48.csv,71,True,statistical+IF,triggerRate_bit1;triggerRate_bit2;triggerRate_bit7;triggerRate_tot,19.45,-0.5169
2026-04-09T17:42:51Z,Digitizer_run1640_subrun48.csv,72,True,statistical+IF,triggerRate_bit1;triggerRate_bit2;triggerRate_bit7;triggerRate_tot,19.45,-0.5301
2026-04-09T17:42:51Z,Digitizer_run1640_subrun48.csv,73,True,statistical+IF,triggerRate_bit1;triggerRate_bit2;triggerRate_bit7;triggerRate_tot,19.45,-0.5275
2026-04-09T17:42:51Z,Digitizer_run1640_subrun48.csv,74,True,statistical,triggerRate_bit1;triggerRate_bit2;triggerRate_bit7;triggerRate_tot,19.45,-0.5106
2026-04-09T17:42:51Z,Digitizer_run1640_subrun48.csv,75,True,statistical+IF,triggerRate_bit1;triggerRate_bit2;triggerRate_bit7;triggerRate_tot,19.45,-0.5172
2026-04-09T17:42:51Z,Digitizer_run1640_subrun48.csv,76,True,statistical+IF,triggerRate_bit1;triggerRate_bit2;triggerRate_bit7;triggerRate_tot,19.45,-0.5275
2026-04-09T17:42:51Z,Digitizer_run1640_subrun48.csv,77,True,statistical+IF,triggerRate_bit1;triggerRate_bit2;triggerRate_bit7;triggerRate_tot,19.45,-0.5352
2026-04-09T17:42:51Z,Digitizer_run1640_subrun48.csv,78,True,statistical+IF,triggerRate_bit1;triggerRate_bit2;triggerRate_bit7;triggerRate_tot,19.45,-0.5154
2026-04-09T17:42:51Z,Digitizer_run1640_subrun48.csv,79,True,statistical+IF,triggerRate_bit1;triggerRate_bit2;triggerRate_bit7;triggerRate_tot,19.45,-0.5347
2026-04-09T17:42:51Z,Digitizer_run1640_subrun48.csv,80,True,statistical+IF,nPulses_mean;nPulses_median;occupancy;triggerRate_bit1;triggerRate_bit2;triggerRate_bit7;triggerRate_tot,19.45,-0.5366
2026-04-09T17:42:51Z,Digitizer_run1640_subrun48.csv,81,True,statistical+IF,triggerRate_bit1;triggerRate_bit2;triggerRate_bit7;triggerRate_tot,19.45,-0.5283
2026-04-09T17:42:51Z,Digitizer_run1640_subrun48.csv,82,True,statistical+IF,triggerRate_bit1;triggerRate_bit2;triggerRate_bit7;triggerRate_tot,19.45,-0.5381
2026-04-09T17:42:51Z,Digitizer_run1640_subrun48.csv,83,True,statistical+IF,triggerRate_bit1;triggerRate_bit2;triggerRate_bit7;triggerRate_tot,19.45,-0.5341
2026-04-09T17:42:51Z,Digitizer_run1640_subrun48.csv,84,True,statistical+IF,triggerRate_bit1;triggerRate_bit2;triggerRate_bit7;triggerRate_tot,19.45,-0.5276
2026-04-09T17:42:51Z,Digitizer_run1640_subrun48.csv,85,True,statistical+IF,triggerRate_bit1;triggerRate_bit2;triggerRate_bit7;triggerRate_tot,19.45,-0.5161
2026-04-09T17:42:51Z,Digitizer_run1640_subrun48.csv,86,True,statistical+IF,triggerRate_bit1;triggerRate_bit2;triggerRate_bit7;triggerRate_tot,19.45,-0.5433
2026-04-09T17:42:51Z,Digitizer_run1640_subrun48.csv,87,True,statistical+IF,triggerRate_bit1;triggerRate_bit2;triggerRate_bit7;triggerRate_tot,19.45,-0.5439
2026-04-09T17:42:51Z,Digitizer_run1640_subrun48.csv,88,True,statistical,triggerRate_bit1;triggerRate_bit2;triggerRate_bit7;triggerRate_tot,19.45,-0.508
2026-04-09T17:42:51Z,Digitizer_run1640_subrun48.csv,89,True,statistical+IF,triggerRate_bit1;triggerRate_bit2;triggerRate_bit7;triggerRate_tot,19.45,-0.5309
2026-04-09T17:42:51Z,Digitizer_run1640_subrun48.csv,90,True,statistical,triggerRate_bit1;triggerRate_bit2;triggerRate_bit7;triggerRate_tot,19.45,-0.5046
2026-04-09T17:42:51Z,Digitizer_run1640_subrun48.csv,91,True,statistical,triggerRate_bit1;triggerRate_bit2;triggerRate_bit7;triggerRate_tot,19.45,-0.5088
2026-04-09T17:42:51Z,Digitizer_run1640_subrun48.csv,92,True,statistical+IF,triggerRate_bit1;triggerRate_bit2;triggerRate_bit7;triggerRate_tot,19.45,-0.5226
2026-04-09T17:42:51Z,Digitizer_run1640_subrun48.csv,93,True,statistical+IF,triggerRate_bit1;triggerRate_bit2;triggerRate_bit7;triggerRate_tot,19.45,-0.5373
2026-04-09T17:42:51Z,Digitizer_run1640_subrun48.csv,94,True,statistical+IF,triggerRate_bit1;triggerRate_bit2;triggerRate_bit7;triggerRate_tot,19.45,-0.517
2026-04-09T17:42:51Z,Digitizer_run1640_subrun48.csv,95,True,statistical+IF,triggerRate_bit1;triggerRate_bit2;triggerRate_bit7;triggerRate_tot,19.45,-0.5263
2026-04-09T17:42:57Z,Digitizer_run1640_subrun420.csv,0,True,isolation_forest,,4.27,-0.5182
2026-04-09T17:42:57Z,Digitizer_run1640_subrun420.csv,1,False,,,4.27,-0.504
2026-04-09T17:42:57Z,Digitizer_run1640_subrun420.csv,2,False,,,4.27,-0.4878
2026-04-09T17:42:57Z,Digitizer_run1640_subrun420.csv,3,False,,,4.27,-0.4965
2026-04-09T17:42:57Z,Digitizer_run1640_subrun420.csv,4,False,,,4.27,-0.4912
2026-04-09T17:42:57Z,Digitizer_run1640_subrun420.csv,5,False,,,4.27,-0.4869
2026-04-09T17:42:57Z,Digitizer_run1640_subrun420.csv,6,False,,,4.27,-0.4836
2026-04-09T17:42:57Z,Digitizer_run1640_subrun420.csv,7,False,,,4.27,-0.4838
2026-04-09T17:42:57Z,Digitizer_run1640_subrun420.csv,8,False,,,4.27,-0.5043
2026-04-09T17:42:57Z,Digitizer_run1640_subrun420.csv,9,False,,,4.27,-0.5028
2026-04-09T17:42:57Z,Digitizer_run1640_subrun420.csv,10,True,isolation_forest,,4.27,-0.5255
2026-04-09T17:42:57Z,Digitizer_run1640_subrun420.csv,11,False,,,4.27,-0.5046
2026-04-09T17:42:57Z,Digitizer_run1640_subrun420.csv,12,False,,,4.27,-0.4878
2026-04-09T17:42:57Z,Digitizer_run1640_subrun420.csv,13,False,,,4.27,-0.4938
2026-04-09T17:42:57Z,Digitizer_run1640_subrun420.csv,14,False,,,4.27,-0.4801
2026-04-09T17:42:57Z,Digitizer_run1640_subrun420.csv,15,False,,,4.27,-0.4852
2026-04-09T17:42:57Z,Digitizer_run1640_subrun420.csv,16,True,isolation_forest,,4.27,-0.5306
2026-04-09T17:42:57Z,Digitizer_run1640_subrun420.csv,17,True,isolation_forest,,4.27,-0.5266
2026-04-09T17:42:57Z,Digitizer_run1640_subrun420.csv,18,False,,,4.27,-0.4922
2026-04-09T17:42:57Z,Digitizer_run1640_subrun420.csv,19,False,,,4.27,-0.4855
2026-04-09T17:42:57Z,Digitizer_run1640_subrun420.csv,20,False,,,4.27,-0.4872
2026-04-09T17:42:57Z,Digitizer_run1640_subrun420.csv,21,False,,,4.27,-0.4831
2026-04-09T17:42:57Z,Digitizer_run1640_subrun420.csv,22,False,,,4.27,-0.4872
2026-04-09T17:42:57Z,Digitizer_run1640_subrun420.csv,23,False,,,4.27,-0.4961
2026-04-09T17:42:57Z,Digitizer_run1640_subrun420.csv,24,True,isolation_forest,,4.27,-0.5147
2026-04-09T17:42:57Z,Digitizer_run1640_subrun420.csv,25,False,,,4.27,-0.5014
2026-04-09T17:42:57Z,Digitizer_run1640_subrun420.csv,26,False,,,4.27,-0.4921
2026-04-09T17:42:57Z,Digitizer_run1640_subrun420.csv,27,False,,,4.27,-0.4955
2026-04-09T17:42:57Z,Digitizer_run1640_subrun420.csv,28,False,,,4.27,-0.4882
2026-04-09T17:42:57Z,Digitizer_run1640_subrun420.csv,29,False,,,4.27,-0.4849
2026-04-09T17:42:57Z,Digitizer_run1640_subrun420.csv,30,False,,,4.27,-0.5012
2026-04-09T17:42:57Z,Digitizer_run1640_subrun420.csv,31,False,,,4.27,-0.4885
2026-04-09T17:42:57Z,Digitizer_run1640_subrun420.csv,32,True,statistical+IF,pulseHeight_max_mean;pulseDuriation_max_median;occupancy,20.37,-0.5499
2026-04-09T17:42:57Z,Digitizer_run1640_subrun420.csv,33,True,statistical+IF,pulseHeight_max_mean;pulseDuriation_max_median;occupancy,8.43,-0.5385
2026-04-09T17:42:57Z,Digitizer_run1640_subrun420.csv,34,False,,,4.27,-0.4987
2026-04-09T17:42:57Z,Digitizer_run1640_subrun420.csv,35,False,,,4.27,-0.4899
2026-04-09T17:42:57Z,Digitizer_run1640_subrun420.csv,36,False,,,4.27,-0.5034
2026-04-09T17:42:57Z,Digitizer_run1640_subrun420.csv,37,False,,,4.27,-0.5028
2026-04-09T17:42:57Z,Digitizer_run1640_subrun420.csv,38,False,,,4.27,-0.4915
2026-04-09T17:42:57Z,Digitizer_run1640_subrun420.csv,39,False,,,4.27,-0.4977
2026-04-09T17:42:57Z,Digitizer_run1640_subrun420.csv,40,False,,,4.27,-0.4953
2026-04-09T17:42:57Z,Digitizer_run1640_subrun420.csv,41,False,,,4.27,-0.4858
2026-04-09T17:42:57Z,Digitizer_run1640_subrun420.csv,42,False,,,4.27,-0.503
2026-04-09T17:42:57Z,Digitizer_run1640_subrun420.csv,43,False,,,4.27,-0.4828
2026-04-09T17:42:57Z,Digitizer_run1640_subrun420.csv,44,False,,,4.27,-0.4948
2026-04-09T17:42:57Z,Digitizer_run1640_subrun420.csv,45,False,,,4.27,-0.4988
2026-04-09T17:42:57Z,Digitizer_run1640_subrun420.csv,46,True,isolation_forest,,4.27,-0.5221
2026-04-09T17:42:57Z,Digitizer_run1640_subrun420.csv,47,False,,,4.43,-0.5001
2026-04-09T17:42:57Z,Digitizer_run1640_subrun420.csv,48,False,,,4.27,-0.4917
2026-04-09T17:42:57Z,Digitizer_run1640_subrun420.csv,49,False,,,4.27,-0.5004
2026-04-09T17:42:57Z,Digitizer_run1640_subrun420.csv,50,False,,,4.27,-0.493
2026-04-09T17:42:57Z,Digitizer_run1640_subrun420.csv,51,False,,,4.27,-0.4872
2026-04-09T17:42:57Z,Digitizer_run1640_subrun420.csv,52,True,statistical,sideband_rms_mean,7.06,-0.5038
2026-04-09T17:42:57Z,Digitizer_run1640_subrun420.csv,53,True,statistical,sideband_rms_mean,5.02,-0.5102
2026-04-09T17:42:57Z,Digitizer_run1640_subrun420.csv,54,False,,,4.27,-0.5026
2026-04-09T17:42:57Z,Digitizer_run1640_subrun420.csv,55,True,isolation_forest,,4.27,-0.5224
2026-04-09T17:42:57Z,Digitizer_run1640_subrun420.csv,56,True,statistical+IF,sideband_mean_median,7.03,-0.5494
2026-04-09T17:42:57Z,Digitizer_run1640_subrun420.csv,57,False,,,4.27,-0.5051
2026-04-09T17:42:57Z,Digitizer_run1640_subrun420.csv,58,False,,,4.27,-0.4946
2026-04-09T17:42:57Z,Digitizer_run1640_subrun420.csv,59,False,,,4.27,-0.4935
2026-04-09T17:42:57Z,Digitizer_run1640_subrun420.csv,60,False,,,4.27,-0.503
2026-04-09T17:42:57Z,Digitizer_run1640_subrun420.csv,61,False,,,4.27,-0.492
2026-04-09T17:42:57Z,Digitizer_run1640_subrun420.csv,62,False,,,4.27,-0.5023
2026-04-09T17:42:57Z,Digitizer_run1640_subrun420.csv,63,False,,,4.27,-0.497
2026-04-09T17:42:57Z,Digitizer_run1640_subrun420.csv,64,False,,,4.27,-0.4944
2026-04-09T17:42:57Z,Digitizer_run1640_subrun420.csv,65,False,,,4.27,-0.49
2026-04-09T17:42:57Z,Digitizer_run1640_subrun420.csv,66,False,,,4.27,-0.5022
2026-04-09T17:42:57Z,Digitizer_run1640_subrun420.csv,67,False,,,4.27,-0.4963
2026-04-09T17:42:57Z,Digitizer_run1640_subrun420.csv,68,True,isolation_forest,,4.27,-0.52
2026-04-09T17:42:57Z,Digitizer_run1640_subrun420.csv,69,True,isolation_forest,,4.27,-0.5323
2026-04-09T17:42:57Z,Digitizer_run1640_subrun420.csv,70,False,,,4.27,-0.5095
2026-04-09T17:42:57Z,Digitizer_run1640_subrun420.csv,71,False,,,4.27,-0.4965
2026-04-09T17:42:57Z,Digitizer_run1640_subrun420.csv,72,True,isolation_forest,,4.43,-0.5402
2026-04-09T17:42:57Z,Digitizer_run1640_subrun420.csv,73,False,,,4.27,-0.4991
2026-04-09T17:42:57Z,Digitizer_run1640_subrun420.csv,74,False,,,4.27,-0.4912
2026-04-09T17:42:57Z,Digitizer_run1640_subrun420.csv,75,False,,,4.27,-0.4938
2026-04-09T17:42:57Z,Digitizer_run1640_subrun420.csv,76,False,,,4.27,-0.5019
2026-04-09T17:42:57Z,Digitizer_run1640_subrun420.csv,77,False,,,4.27,-0.4965
2026-04-09T17:42:57Z,Digitizer_run1640_subrun420.csv,78,False,,,4.27,-0.489
2026-04-09T17:42:57Z,Digitizer_run1640_subrun420.csv,79,False,,,4.76,-0.501
2026-04-09T17:42:57Z,Digitizer_run1640_subrun420.csv,80,True,statistical,nPulses_median,7.0,-0.5114
2026-04-09T17:42:57Z,Digitizer_run1640_subrun420.csv,81,False,,,4.27,-0.498
2026-04-09T17:42:57Z,Digitizer_run1640_subrun420.csv,82,False,,,4.27,-0.4952
2026-04-09T17:42:57Z,Digitizer_run1640_subrun420.csv,83,False,,,4.27,-0.511
2026-04-09T17:42:57Z,Digitizer_run1640_subrun420.csv,84,False,,,4.27,-0.4878
2026-04-09T17:42:57Z,Digitizer_run1640_subrun420.csv,85,False,,,4.27,-0.4876
2026-04-09T17:42:57Z,Digitizer_run1640_subrun420.csv,86,False,,,4.27,-0.4859
2026-04-09T17:42:57Z,Digitizer_run1640_subrun420.csv,87,False,,,4.27,-0.4872
2026-04-09T17:42:57Z,Digitizer_run1640_subrun420.csv,88,False,,,4.27,-0.5054
2026-04-09T17:42:57Z,Digitizer_run1640_subrun420.csv,89,False,,,4.27,-0.502
2026-04-09T17:42:57Z,Digitizer_run1640_subrun420.csv,90,True,isolation_forest,,4.27,-0.5167
2026-04-09T17:42:57Z,Digitizer_run1640_subrun420.csv,91,False,,,4.27,-0.5077
2026-04-09T17:42:57Z,Digitizer_run1640_subrun420.csv,92,False,,,4.27,-0.508
2026-04-09T17:42:57Z,Digitizer_run1640_subrun420.csv,93,True,isolation_forest,,4.27,-0.5391
2026-04-09T17:42:57Z,Digitizer_run1640_subrun420.csv,94,True,isolation_forest,,4.27,-0.5182
2026-04-09T17:42:57Z,Digitizer_run1640_subrun420.csv,95,False,,,4.27,-0.5065
2026-04-09T17:43:01Z,Digitizer_run1640_subrun85.csv,0,True,statistical,triggerRate_bit2,6.74,-0.4689
2026-04-09T17:43:01Z,Digitizer_run1640_subrun85.csv,1,True,statistical,triggerRate_bit2,6.74,-0.4631
2026-04-09T17:43:01Z,Digitizer_run1640_subrun85.csv,2,True,statistical,triggerRate_bit2,6.74,-0.4498
2026-04-09T17:43:01Z,Digitizer_run1640_subrun85.csv,3,True,statistical,triggerRate_bit2,6.74,-0.476
2026-04-09T17:43:01Z,Digitizer_run1640_subrun85.csv,4,True,statistical,triggerRate_bit2,6.74,-0.4606
2026-04-09T17:43:01Z,Digitizer_run1640_subrun85.csv,5,True,statistical,triggerRate_bit2,6.74,-0.4733
2026-04-09T17:43:01Z,Digitizer_run1640_subrun85.csv,6,True,statistical,triggerRate_bit2,6.74,-0.4578
2026-04-09T17:43:01Z,Digitizer_run1640_subrun85.csv,7,True,statistical,triggerRate_bit2,6.74,-0.4586
2026-04-09T17:43:01Z,Digitizer_run1640_subrun85.csv,8,True,statistical,occupancy;triggerRate_bit2,6.74,-0.4669
2026-04-09T17:43:01Z,Digitizer_run1640_subrun85.csv,9,True,statistical,triggerRate_bit2,6.74,-0.4597
2026-04-09T17:43:01Z,Digitizer_run1640_subrun85.csv,10,True,statistical,triggerRate_bit2,6.74,-0.4634
2026-04-09T17:43:01Z,Digitizer_run1640_subrun85.csv,11,True,statistical,triggerRate_bit2,6.74,-0.4558
2026-04-09T17:43:01Z,Digitizer_run1640_subrun85.csv,12,True,statistical,triggerRate_bit2,6.74,-0.4589
2026-04-09T17:43:01Z,Digitizer_run1640_subrun85.csv,13,True,statistical,triggerRate_bit2,6.74,-0.4635
2026-04-09T17:43:01Z,Digitizer_run1640_subrun85.csv,14,True,statistical,triggerRate_bit2,6.74,-0.4697
2026-04-09T17:43:01Z,Digitizer_run1640_subrun85.csv,15,True,statistical,triggerRate_bit2,6.74,-0.4802
2026-04-09T17:43:01Z,Digitizer_run1640_subrun85.csv,16,True,statistical,triggerRate_bit2,6.74,-0.4571
2026-04-09T17:43:01Z,Digitizer_run1640_subrun85.csv,17,True,statistical,triggerRate_bit2,6.74,-0.467
2026-04-09T17:43:01Z,Digitizer_run1640_subrun85.csv,18,True,statistical,triggerRate_bit2,6.74,-0.4783
2026-04-09T17:43:01Z,Digitizer_run1640_subrun85.csv,19,True,statistical,triggerRate_bit2,6.74,-0.4777
2026-04-09T17:43:01Z,Digitizer_run1640_subrun85.csv,20,True,statistical,triggerRate_bit2,6.74,-0.4676
2026-04-09T17:43:01Z,Digitizer_run1640_subrun85.csv,21,True,statistical,triggerRate_bit2,6.74,-0.4606
2026-04-09T17:43:01Z,Digitizer_run1640_subrun85.csv,22,True,statistical,triggerRate_bit2,6.74,-0.458
2026-04-09T17:43:01Z,Digitizer_run1640_subrun85.csv,23,True,statistical,triggerRate_bit2,6.74,-0.4635
2026-04-09T17:43:01Z,Digitizer_run1640_subrun85.csv,24,True,statistical,triggerRate_bit2,6.74,-0.4643
2026-04-09T17:43:01Z,Digitizer_run1640_subrun85.csv,25,True,statistical,triggerRate_bit2,6.74,-0.4521
2026-04-09T17:43:01Z,Digitizer_run1640_subrun85.csv,26,True,statistical,triggerRate_bit2,6.74,-0.4617
2026-04-09T17:43:01Z,Digitizer_run1640_subrun85.csv,27,True,statistical,triggerRate_bit2,6.74,-0.4589
2026-04-09T17:43:01Z,Digitizer_run1640_subrun85.csv,28,True,statistical,triggerRate_bit2,6.74,-0.4577
2026-04-09T17:43:01Z,Digitizer_run1640_subrun85.csv,29,True,statistical,triggerRate_bit2,6.74,-0.465
2026-04-09T17:43:01Z,Digitizer_run1640_subrun85.csv,30,True,statistical,triggerRate_bit2,6.74,-0.4763
2026-04-09T17:43:01Z,Digitizer_run1640_subrun85.csv,31,True,statistical,triggerRate_bit2,6.74,-0.4672
2026-04-09T17:43:01Z,Digitizer_run1640_subrun85.csv,32,True,statistical+IF,pulseHeight_max_mean;pulseHeight_max_std;pulseHeight_min_mean;pulseHeight_min_std;pulseArea_max_mean;pulseDuriation_max_mean;pulseDuriation_max_median;occupancy;triggerRate_bit2,38.89,-0.5244
2026-04-09T17:43:01Z,Digitizer_run1640_subrun85.csv,33,True,statistical+IF,pulseHeight_max_mean;pulseHeight_max_std;pulseHeight_min_mean;pulseHeight_min_std;pulseDuriation_max_median;occupancy;triggerRate_bit2,14.05,-0.5179
2026-04-09T17:43:01Z,Digitizer_run1640_subrun85.csv,34,True,statistical,triggerRate_bit2,6.74,-0.477
2026-04-09T17:43:01Z,Digitizer_run1640_subrun85.csv,35,True,statistical,triggerRate_bit2,6.74,-0.4635
2026-04-09T17:43:01Z,Digitizer_run1640_subrun85.csv,36,True,statistical,triggerRate_bit2,6.74,-0.4881
2026-04-09T17:43:01Z,Digitizer_run1640_subrun85.csv,37,True,statistical,triggerRate_bit2,6.74,-0.4748
2026-04-09T17:43:01Z,Digitizer_run1640_subrun85.csv,38,True,statistical,triggerRate_bit2,6.74,-0.4574
2026-04-09T17:43:01Z,Digitizer_run1640_subrun85.csv,39,True,statistical,nPulses_std;triggerRate_bit2,6.74,-0.4893
2026-04-09T17:43:01Z,Digitizer_run1640_subrun85.csv,40,True,statistical,triggerRate_bit2,6.74,-0.4713
2026-04-09T17:43:01Z,Digitizer_run1640_subrun85.csv,41,True,statistical,triggerRate_bit2,6.74,-0.4819
2026-04-09T17:43:01Z,Digitizer_run1640_subrun85.csv,42,True,statistical,triggerRate_bit2,6.74,-0.4926
2026-04-09T17:43:01Z,Digitizer_run1640_subrun85.csv,43,True,statistical,triggerRate_bit2,6.74,-0.4617
2026-04-09T17:43:01Z,Digitizer_run1640_subrun85.csv,44,True,statistical,triggerRate_bit2,6.74,-0.5094
2026-04-09T17:43:01Z,Digitizer_run1640_subrun85.csv,45,True,statistical,triggerRate_bit2,6.74,-0.5105
2026-04-09T17:43:01Z,Digitizer_run1640_subrun85.csv,46,True,statistical,triggerRate_bit2,6.74,-0.4607
2026-04-09T17:43:01Z,Digitizer_run1640_subrun85.csv,47,True,statistical,triggerRate_bit2,6.74,-0.453
2026-04-09T17:43:01Z,Digitizer_run1640_subrun85.csv,48,True,statistical,triggerRate_bit2,6.74,-0.476
2026-04-09T17:43:01Z,Digitizer_run1640_subrun85.csv,49,True,statistical,triggerRate_bit2,6.74,-0.4497
2026-04-09T17:43:01Z,Digitizer_run1640_subrun85.csv,50,True,statistical,triggerRate_bit2,6.74,-0.4719
2026-04-09T17:43:01Z,Digitizer_run1640_subrun85.csv,51,True,statistical,triggerRate_bit2,6.74,-0.4552
2026-04-09T17:43:01Z,Digitizer_run1640_subrun85.csv,52,True,statistical,triggerRate_bit2,6.74,-0.4503
2026-04-09T17:43:01Z,Digitizer_run1640_subrun85.csv,53,True,statistical,triggerRate_bit2,6.74,-0.4575
2026-04-09T17:43:01Z,Digitizer_run1640_subrun85.csv,54,True,statistical,triggerRate_bit2,6.74,-0.4845
2026-04-09T17:43:01Z,Digitizer_run1640_subrun85.csv,55,True,statistical,triggerRate_bit2,6.74,-0.478
2026-04-09T17:43:01Z,Digitizer_run1640_subrun85.csv,56,True,statistical,sideband_mean_median;pulseDuriation_max_median;triggerRate_bit2,9.55,-0.5078
2026-04-09T17:43:01Z,Digitizer_run1640_subrun85.csv,57,True,statistical,triggerRate_bit2,6.74,-0.4576
2026-04-09T17:43:01Z,Digitizer_run1640_subrun85.csv,58,True,statistical,triggerRate_bit2,6.74,-0.483
2026-04-09T17:43:01Z,Digitizer_run1640_subrun85.csv,59,True,statistical,triggerRate_bit2,6.74,-0.4944
2026-04-09T17:43:01Z,Digitizer_run1640_subrun85.csv,60,True,statistical,triggerRate_bit2,6.74,-0.4677
2026-04-09T17:43:01Z,Digitizer_run1640_subrun85.csv,61,True,statistical,triggerRate_bit2,6.74,-0.4537
2026-04-09T17:43:01Z,Digitizer_run1640_subrun85.csv,62,True,statistical,triggerRate_bit2,6.74,-0.4522
2026-04-09T17:43:01Z,Digitizer_run1640_subrun85.csv,63,True,statistical,triggerRate_bit2,6.74,-0.4409
2026-04-09T17:43:01Z,Digitizer_run1640_subrun85.csv,64,True,statistical,triggerRate_bit2,6.74,-0.4672
2026-04-09T17:43:01Z,Digitizer_run1640_subrun85.csv,65,True,statistical,triggerRate_bit2,6.74,-0.463
2026-04-09T17:43:01Z,Digitizer_run1640_subrun85.csv,66,True,statistical,triggerRate_bit2,6.74,-0.4878
2026-04-09T17:43:01Z,Digitizer_run1640_subrun85.csv,67,True,statistical,triggerRate_bit2,6.74,-0.5012
2026-04-09T17:43:01Z,Digitizer_run1640_subrun85.csv,68,True,statistical,triggerRate_bit2,6.74,-0.4723
2026-04-09T17:43:01Z,Digitizer_run1640_subrun85.csv,69,True,statistical,triggerRate_bit2,6.74,-0.4757
2026-04-09T17:43:01Z,Digitizer_run1640_subrun85.csv,70,True,statistical,triggerRate_bit2,6.74,-0.4618
2026-04-09T17:43:01Z,Digitizer_run1640_subrun85.csv,71,True,statistical,triggerRate_bit2,6.74,-0.4571
2026-04-09T17:43:01Z,Digitizer_run1640_subrun85.csv,72,True,statistical,triggerRate_bit2,6.74,-0.4664
2026-04-09T17:43:01Z,Digitizer_run1640_subrun85.csv,73,True,statistical,triggerRate_bit2,6.74,-0.4551
2026-04-09T17:43:01Z,Digitizer_run1640_subrun85.csv,74,True,statistical,triggerRate_bit2,6.74,-0.4832
2026-04-09T17:43:01Z,Digitizer_run1640_subrun85.csv,75,True,statistical,triggerRate_bit2,6.74,-0.4795
2026-04-09T17:43:01Z,Digitizer_run1640_subrun85.csv,76,True,statistical,triggerRate_bit2,6.74,-0.4582
2026-04-09T17:43:01Z,Digitizer_run1640_subrun85.csv,77,True,statistical,triggerRate_bit2,6.74,-0.4476
2026-04-09T17:43:01Z,Digitizer_run1640_subrun85.csv,78,True,statistical,triggerRate_bit2,6.74,-0.4717
2026-04-09T17:43:01Z,Digitizer_run1640_subrun85.csv,79,True,statistical,triggerRate_bit2,6.74,-0.4491
2026-04-09T17:43:01Z,Digitizer_run1640_subrun85.csv,80,True,statistical,nPulses_median;occupancy;triggerRate_bit2,7.0,-0.5063
2026-04-09T17:43:01Z,Digitizer_run1640_subrun85.csv,81,True,statistical,triggerRate_bit2,6.74,-0.4719
2026-04-09T17:43:01Z,Digitizer_run1640_subrun85.csv,82,True,statistical,triggerRate_bit2,6.74,-0.4787
2026-04-09T17:43:01Z,Digitizer_run1640_subrun85.csv,83,True,statistical,triggerRate_bit2,6.74,-0.474
2026-04-09T17:43:01Z,Digitizer_run1640_subrun85.csv,84,True,statistical,triggerRate_bit2,6.74,-0.4731
2026-04-09T17:43:01Z,Digitizer_run1640_subrun85.csv,85,True,statistical,triggerRate_bit2,6.74,-0.4803
2026-04-09T17:43:01Z,Digitizer_run1640_subrun85.csv,86,True,statistical,triggerRate_bit2,6.74,-0.4537
2026-04-09T17:43:01Z,Digitizer_run1640_subrun85.csv,87,True,statistical,triggerRate_bit2,6.74,-0.4592
2026-04-09T17:43:01Z,Digitizer_run1640_subrun85.csv,88,True,statistical,triggerRate_bit2,6.74,-0.4695
2026-04-09T17:43:01Z,Digitizer_run1640_subrun85.csv,89,True,statistical,triggerRate_bit2,6.74,-0.4602
2026-04-09T17:43:01Z,Digitizer_run1640_subrun85.csv,90,True,statistical+IF,triggerRate_bit2,6.74,-0.5192
2026-04-09T17:43:01Z,Digitizer_run1640_subrun85.csv,91,True,statistical,triggerRate_bit2,6.74,-0.4871
2026-04-09T17:43:01Z,Digitizer_run1640_subrun85.csv,92,True,statistical,triggerRate_bit2,6.74,-0.4669
2026-04-09T17:43:01Z,Digitizer_run1640_subrun85.csv,93,True,statistical,triggerRate_bit2,6.74,-0.4873
2026-04-09T17:43:01Z,Digitizer_run1640_subrun85.csv,94,True,statistical,triggerRate_bit2,6.74,-0.4664
2026-04-09T17:43:01Z,Digitizer_run1640_subrun85.csv,95,True,statistical,triggerRate_bit2,6.74,-0.4626
2026-04-09T17:43:06Z,Digitizer_run1640_subrun187.csv,0,True,statistical,triggerRate_bit2,7.26,-0.4476
2026-04-09T17:43:06Z,Digitizer_run1640_subrun187.csv,1,True,statistical,triggerRate_bit2,7.26,-0.4442
2026-04-09T17:43:06Z,Digitizer_run1640_subrun187.csv,2,True,statistical,triggerRate_bit2,7.26,-0.4388
2026-04-09T17:43:06Z,Digitizer_run1640_subrun187.csv,3,True,statistical,triggerRate_bit2,7.26,-0.4553
2026-04-09T17:43:06Z,Digitizer_run1640_subrun187.csv,4,True,statistical,triggerRate_bit2,7.26,-0.4498
2026-04-09T17:43:06Z,Digitizer_run1640_subrun187.csv,5,True,statistical,triggerRate_bit2,7.26,-0.4604
2026-04-09T17:43:06Z,Digitizer_run1640_subrun187.csv,6,True,statistical,triggerRate_bit2,7.26,-0.4628
2026-04-09T17:43:06Z,Digitizer_run1640_subrun187.csv,7,True,statistical,triggerRate_bit2,7.26,-0.4546
2026-04-09T17:43:06Z,Digitizer_run1640_subrun187.csv,8,True,statistical,occupancy;triggerRate_bit2,8.05,-0.457
2026-04-09T17:43:06Z,Digitizer_run1640_subrun187.csv,9,True,statistical,occupancy;triggerRate_bit2,7.26,-0.4478
2026-04-09T17:43:06Z,Digitizer_run1640_subrun187.csv,10,True,statistical,triggerRate_bit2,7.26,-0.4379
2026-04-09T17:43:06Z,Digitizer_run1640_subrun187.csv,11,True,statistical,triggerRate_bit2,7.26,-0.4643
2026-04-09T17:43:06Z,Digitizer_run1640_subrun187.csv,12,True,statistical,triggerRate_bit2,7.26,-0.4451
2026-04-09T17:43:06Z,Digitizer_run1640_subrun187.csv,13,True,statistical,triggerRate_bit2,7.26,-0.4561
2026-04-09T17:43:06Z,Digitizer_run1640_subrun187.csv,14,True,statistical,triggerRate_bit2,7.26,-0.4494
2026-04-09T17:43:06Z,Digitizer_run1640_subrun187.csv,15,True,statistical,triggerRate_bit2,7.26,-0.4523
2026-04-09T17:43:06Z,Digitizer_run1640_subrun187.csv,16,True,statistical,triggerRate_bit2,7.26,-0.4522
2026-04-09T17:43:06Z,Digitizer_run1640_subrun187.csv,17,True,statistical,triggerRate_bit2,7.26,-0.4471
2026-04-09T17:43:06Z,Digitizer_run1640_subrun187.csv,18,True,statistical,triggerRate_bit2,7.26,-0.4411
2026-04-09T17:43:06Z,Digitizer_run1640_subrun187.csv,19,True,statistical,triggerRate_bit2,7.26,-0.4786
2026-04-09T17:43:06Z,Digitizer_run1640_subrun187.csv,20,True,statistical,triggerRate_bit2,7.26,-0.4547
2026-04-09T17:43:06Z,Digitizer_run1640_subrun187.csv,21,True,statistical,triggerRate_bit2,7.26,-0.4438
2026-04-09T17:43:06Z,Digitizer_run1640_subrun187.csv,22,True,statistical,triggerRate_bit2,7.26,-0.4609
2026-04-09T17:43:06Z,Digitizer_run1640_subrun187.csv,23,True,statistical,triggerRate_bit2,7.26,-0.4675
2026-04-09T17:43:06Z,Digitizer_run1640_subrun187.csv,24,True,statistical,triggerRate_bit2,7.26,-0.4689
2026-04-09T17:43:06Z,Digitizer_run1640_subrun187.csv,25,True,statistical,triggerRate_bit2,7.26,-0.4517
2026-04-09T17:43:06Z,Digitizer_run1640_subrun187.csv,26,True,statistical,triggerRate_bit2,7.26,-0.4548
2026-04-09T17:43:06Z,Digitizer_run1640_subrun187.csv,27,True,statistical,triggerRate_bit2,7.26,-0.4723
2026-04-09T17:43:06Z,Digitizer_run1640_subrun187.csv,28,True,statistical,triggerRate_bit2,7.26,-0.5019
2026-04-09T17:43:06Z,Digitizer_run1640_subrun187.csv,29,True,statistical,triggerRate_bit2,7.26,-0.4782
2026-04-09T17:43:06Z,Digitizer_run1640_subrun187.csv,30,True,statistical,triggerRate_bit2,7.26,-0.4669
2026-04-09T17:43:06Z,Digitizer_run1640_subrun187.csv,31,True,statistical,triggerRate_bit2,7.26,-0.4563
2026-04-09T17:43:06Z,Digitizer_run1640_subrun187.csv,32,True,statistical+IF,pulseHeight_max_mean;pulseHeight_max_std;pulseArea_max_mean;pulseDuriation_max_mean;pulseDuriation_max_median;occupancy;triggerRate_bit2,37.7,-0.5162
2026-04-09T17:43:06Z,Digitizer_run1640_subrun187.csv,33,True,statistical+IF,pulseHeight_max_mean;pulseHeight_max_std;pulseHeight_min_mean;pulseHeight_min_std;pulseArea_max_mean;pulseDuriation_max_mean;pulseDuriation_max_median;occupancy;triggerRate_bit2,18.67,-0.5196
2026-04-09T17:43:06Z,Digitizer_run1640_subrun187.csv,34,True,statistical,triggerRate_bit2,7.26,-0.4669
2026-04-09T17:43:06Z,Digitizer_run1640_subrun187.csv,35,True,statistical,triggerRate_bit2,7.26,-0.4475
2026-04-09T17:43:06Z,Digitizer_run1640_subrun187.csv,36,True,statistical,triggerRate_bit2,7.26,-0.4529
2026-04-09T17:43:06Z,Digitizer_run1640_subrun187.csv,37,True,statistical,triggerRate_bit2,7.26,-0.4525
2026-04-09T17:43:06Z,Digitizer_run1640_subrun187.csv,38,True,statistical,triggerRate_bit2,7.26,-0.4507
2026-04-09T17:43:06Z,Digitizer_run1640_subrun187.csv,39,True,statistical,triggerRate_bit2,7.26,-0.4657
2026-04-09T17:43:06Z,Digitizer_run1640_subrun187.csv,40,True,statistical,triggerRate_bit2,7.26,-0.4555
2026-04-09T17:43:06Z,Digitizer_run1640_subrun187.csv,41,True,statistical,triggerRate_bit2,7.26,-0.4717
2026-04-09T17:43:06Z,Digitizer_run1640_subrun187.csv,42,True,statistical,triggerRate_bit2,7.26,-0.461
2026-04-09T17:43:06Z,Digitizer_run1640_subrun187.csv,43,True,statistical,triggerRate_bit2,7.26,-0.4478
2026-04-09T17:43:06Z,Digitizer_run1640_subrun187.csv,44,True,statistical,triggerRate_bit2,7.26,-0.477
2026-04-09T17:43:06Z,Digitizer_run1640_subrun187.csv,45,True,statistical,triggerRate_bit2,7.26,-0.4835
2026-04-09T17:43:06Z,Digitizer_run1640_subrun187.csv,46,True,statistical,triggerRate_bit2,7.26,-0.4477
2026-04-09T17:43:06Z,Digitizer_run1640_subrun187.csv,47,True,statistical,triggerRate_bit2,7.26,-0.4499
2026-04-09T17:43:06Z,Digitizer_run1640_subrun187.csv,48,True,statistical,triggerRate_bit2,7.26,-0.4578
2026-04-09T17:43:06Z,Digitizer_run1640_subrun187.csv,49,True,statistical,triggerRate_bit2,7.26,-0.4859
2026-04-09T17:43:06Z,Digitizer_run1640_subrun187.csv,50,True,statistical,triggerRate_bit2,7.26,-0.4622
2026-04-09T17:43:06Z,Digitizer_run1640_subrun187.csv,51,True,statistical,triggerRate_bit2,7.26,-0.4547
2026-04-09T17:43:06Z,Digitizer_run1640_subrun187.csv,52,True,statistical,triggerRate_bit2,7.26,-0.4718
2026-04-09T17:43:06Z,Digitizer_run1640_subrun187.csv,53,True,statistical,triggerRate_bit2,7.26,-0.4722
2026-04-09T17:43:06Z,Digitizer_run1640_subrun187.csv,54,True,statistical,triggerRate_bit2,7.26,-0.4486
2026-04-09T17:43:06Z,Digitizer_run1640_subrun187.csv,55,True,statistical,triggerRate_bit2,7.26,-0.4465
2026-04-09T17:43:06Z,Digitizer_run1640_subrun187.csv,56,True,statistical,sideband_mean_median;occupancy;triggerRate_bit2,7.79,-0.4967
2026-04-09T17:43:06Z,Digitizer_run1640_subrun187.csv,57,True,statistical,triggerRate_bit2,7.26,-0.4749
2026-04-09T17:43:06Z,Digitizer_run1640_subrun187.csv,58,True,statistical,triggerRate_bit2,7.26,-0.4617
2026-04-09T17:43:06Z,Digitizer_run1640_subrun187.csv,59,True,statistical,triggerRate_bit2,7.26,-0.4584
2026-04-09T17:43:06Z,Digitizer_run1640_subrun187.csv,60,True,statistical,triggerRate_bit2,7.26,-0.436
2026-04-09T17:43:06Z,Digitizer_run1640_subrun187.csv,61,True,statistical,triggerRate_bit2,7.26,-0.4481
2026-04-09T17:43:06Z,Digitizer_run1640_subrun187.csv,62,True,statistical,triggerRate_bit2,7.26,-0.4535
2026-04-09T17:43:06Z,Digitizer_run1640_subrun187.csv,63,True,statistical,triggerRate_bit2,7.26,-0.4692
2026-04-09T17:43:06Z,Digitizer_run1640_subrun187.csv,64,True,statistical,triggerRate_bit2,7.26,-0.4585
2026-04-09T17:43:06Z,Digitizer_run1640_subrun187.csv,65,True,statistical,triggerRate_bit2,7.26,-0.4425
2026-04-09T17:43:06Z,Digitizer_run1640_subrun187.csv,66,True,statistical,triggerRate_bit2,7.26,-0.4604
2026-04-09T17:43:06Z,Digitizer_run1640_subrun187.csv,67,True,statistical,triggerRate_bit2,7.26,-0.452
2026-04-09T17:43:06Z,Digitizer_run1640_subrun187.csv,68,True,statistical,triggerRate_bit2,7.26,-0.4723
2026-04-09T17:43:06Z,Digitizer_run1640_subrun187.csv,69,True,statistical,triggerRate_bit2,7.26,-0.4577
2026-04-09T17:43:06Z,Digitizer_run1640_subrun187.csv,70,True,statistical,triggerRate_bit2,7.26,-0.4561
2026-04-09T17:43:06Z,Digitizer_run1640_subrun187.csv,71,True,statistical,triggerRate_bit2,7.26,-0.4434
2026-04-09T17:43:06Z,Digitizer_run1640_subrun187.csv,72,True,statistical,triggerRate_bit2,7.26,-0.4961
2026-04-09T17:43:06Z,Digitizer_run1640_subrun187.csv,73,True,statistical,triggerRate_bit2,7.26,-0.4602
2026-04-09T17:43:06Z,Digitizer_run1640_subrun187.csv,74,True,statistical,triggerRate_bit2,7.26,-0.4506
2026-04-09T17:43:06Z,Digitizer_run1640_subrun187.csv,75,True,statistical,triggerRate_bit2,7.26,-0.4527
2026-04-09T17:43:06Z,Digitizer_run1640_subrun187.csv,76,True,statistical,triggerRate_bit2,7.26,-0.4536
2026-04-09T17:43:06Z,Digitizer_run1640_subrun187.csv,77,True,statistical,triggerRate_bit2,7.26,-0.4494
2026-04-09T17:43:06Z,Digitizer_run1640_subrun187.csv,78,True,statistical,triggerRate_bit2,7.26,-0.4542
2026-04-09T17:43:06Z,Digitizer_run1640_subrun187.csv,79,True,statistical,triggerRate_bit2,7.26,-0.4566
2026-04-09T17:43:06Z,Digitizer_run1640_subrun187.csv,80,True,statistical,occupancy;triggerRate_bit2,7.26,-0.4425
2026-04-09T17:43:06Z,Digitizer_run1640_subrun187.csv,81,True,statistical,triggerRate_bit2,7.26,-0.4488
2026-04-09T17:43:06Z,Digitizer_run1640_subrun187.csv,82,True,statistical,triggerRate_bit2,7.26,-0.4611
2026-04-09T17:43:06Z,Digitizer_run1640_subrun187.csv,83,True,statistical,triggerRate_bit2,7.26,-0.457
2026-04-09T17:43:06Z,Digitizer_run1640_subrun187.csv,84,True,statistical,triggerRate_bit2,7.26,-0.4603
2026-04-09T17:43:06Z,Digitizer_run1640_subrun187.csv,85,True,statistical,triggerRate_bit2,7.26,-0.4493
2026-04-09T17:43:06Z,Digitizer_run1640_subrun187.csv,86,True,statistical,triggerRate_bit2,7.26,-0.4659
2026-04-09T17:43:06Z,Digitizer_run1640_subrun187.csv,87,True,statistical,triggerRate_bit2,7.26,-0.4487
2026-04-09T17:43:06Z,Digitizer_run1640_subrun187.csv,88,True,statistical,triggerRate_bit2,7.26,-0.4664
2026-04-09T17:43:06Z,Digitizer_run1640_subrun187.csv,89,True,statistical,triggerRate_bit2,7.26,-0.4516
2026-04-09T17:43:06Z,Digitizer_run1640_subrun187.csv,90,True,statistical,triggerRate_bit2,7.26,-0.4808
2026-04-09T17:43:06Z,Digitizer_run1640_subrun187.csv,91,True,statistical,triggerRate_bit2,7.26,-0.4941
2026-04-09T17:43:06Z,Digitizer_run1640_subrun187.csv,92,True,statistical,triggerRate_bit2,7.26,-0.4742
2026-04-09T17:43:06Z,Digitizer_run1640_subrun187.csv,93,True,statistical,triggerRate_bit2,7.26,-0.4926
2026-04-09T17:43:06Z,Digitizer_run1640_subrun187.csv,94,True,statistical,triggerRate_bit2,7.26,-0.4535
2026-04-09T17:43:06Z,Digitizer_run1640_subrun187.csv,95,True,statistical,triggerRate_bit2,7.26,-0.4759
2026-04-09T17:43:10Z,Digitizer_run1640_subrun336.csv,0,True,statistical,triggerRate_bit2,7.98,-0.469
2026-04-09T17:43:10Z,Digitizer_run1640_subrun336.csv,1,True,statistical,triggerRate_bit2,7.98,-0.4813
2026-04-09T17:43:10Z,Digitizer_run1640_subrun336.csv,2,True,statistical,triggerRate_bit2,7.98,-0.4701
2026-04-09T17:43:10Z,Digitizer_run1640_subrun336.csv,3,True,statistical,triggerRate_bit2,7.98,-0.4716
2026-04-09T17:43:10Z,Digitizer_run1640_subrun336.csv,4,True,statistical,triggerRate_bit2,7.98,-0.4922
2026-04-09T17:43:10Z,Digitizer_run1640_subrun336.csv,5,True,statistical,triggerRate_bit2,7.98,-0.4943
2026-04-09T17:43:10Z,Digitizer_run1640_subrun336.csv,6,True,statistical,triggerRate_bit2,7.98,-0.4943
2026-04-09T17:43:10Z,Digitizer_run1640_subrun336.csv,7,True,statistical,triggerRate_bit2,7.98,-0.4843
2026-04-09T17:43:10Z,Digitizer_run1640_subrun336.csv,8,True,statistical,occupancy;triggerRate_bit2,8.33,-0.5068
2026-04-09T17:43:10Z,Digitizer_run1640_subrun336.csv,9,True,statistical,occupancy;triggerRate_bit2,7.98,-0.4787
2026-04-09T17:43:10Z,Digitizer_run1640_subrun336.csv,10,True,statistical+IF,triggerRate_bit2,7.98,-0.5203
2026-04-09T17:43:10Z,Digitizer_run1640_subrun336.csv,11,True,statistical+IF,triggerRate_bit2,7.98,-0.5254
2026-04-09T17:43:10Z,Digitizer_run1640_subrun336.csv,12,True,statistical,triggerRate_bit2,7.98,-0.4936
2026-04-09T17:43:10Z,Digitizer_run1640_subrun336.csv,13,True,statistical,triggerRate_bit2,7.98,-0.4826
2026-04-09T17:43:10Z,Digitizer_run1640_subrun336.csv,14,True,statistical,triggerRate_bit2,7.98,-0.5066
2026-04-09T17:43:10Z,Digitizer_run1640_subrun336.csv,15,True,statistical,triggerRate_bit2,7.98,-0.5045
2026-04-09T17:43:10Z,Digitizer_run1640_subrun336.csv,16,True,statistical,triggerRate_bit2,7.98,-0.473
2026-04-09T17:43:10Z,Digitizer_run1640_subrun336.csv,17,True,statistical,triggerRate_bit2,7.98,-0.4701
2026-04-09T17:43:10Z,Digitizer_run1640_subrun336.csv,18,True,statistical,triggerRate_bit2,7.98,-0.4848
2026-04-09T17:43:10Z,Digitizer_run1640_subrun336.csv,19,True,statistical,triggerRate_bit2,7.98,-0.4815
2026-04-09T17:43:10Z,Digitizer_run1640_subrun336.csv,20,True,statistical+IF,triggerRate_bit2,7.98,-0.5162
2026-04-09T17:43:10Z,Digitizer_run1640_subrun336.csv,21,True,statistical,triggerRate_bit2,7.98,-0.5009
2026-04-09T17:43:10Z,Digitizer_run1640_subrun336.csv,22,True,statistical,triggerRate_bit2,7.98,-0.4815
2026-04-09T17:43:10Z,Digitizer_run1640_subrun336.csv,23,True,statistical,triggerRate_bit2,7.98,-0.4694
2026-04-09T17:43:10Z,Digitizer_run1640_subrun336.csv,24,True,statistical,triggerRate_bit2,7.98,-0.4893
2026-04-09T17:43:10Z,Digitizer_run1640_subrun336.csv,25,True,statistical,triggerRate_bit2,7.98,-0.4733
2026-04-09T17:43:10Z,Digitizer_run1640_subrun336.csv,26,True,statistical,triggerRate_bit2,7.98,-0.486
2026-04-09T17:43:10Z,Digitizer_run1640_subrun336.csv,27,True,statistical,triggerRate_bit2,7.98,-0.5
2026-04-09T17:43:10Z,Digitizer_run1640_subrun336.csv,28,True,statistical,triggerRate_bit2,7.98,-0.4783
2026-04-09T17:43:10Z,Digitizer_run1640_subrun336.csv,29,True,statistical,triggerRate_bit2,7.98,-0.5103
2026-04-09T17:43:10Z,Digitizer_run1640_subrun336.csv,30,True,statistical,triggerRate_bit2,7.98,-0.4776
2026-04-09T17:43:10Z,Digitizer_run1640_subrun336.csv,31,True,statistical,triggerRate_bit2,7.98,-0.468
2026-04-09T17:43:10Z,Digitizer_run1640_subrun336.csv,32,True,statistical+IF,sideband_mean_median;pulseHeight_max_mean;pulseHeight_max_std;pulseHeight_min_mean;pulseHeight_min_std;pulseArea_max_mean;pulseDuriation_max_mean;pulseDuriation_max_median;occupancy;triggerRate_bit2,51.3,-0.5479
2026-04-09T17:43:10Z,Digitizer_run1640_subrun336.csv,33,True,statistical+IF,pulseHeight_max_mean;pulseHeight_max_std;pulseHeight_min_mean;pulseHeight_min_std;pulseArea_max_mean;pulseDuriation_max_mean;pulseDuriation_max_median;occupancy;triggerRate_bit2,29.02,-0.5404
2026-04-09T17:43:10Z,Digitizer_run1640_subrun336.csv,34,True,statistical,triggerRate_bit2,7.98,-0.4875
2026-04-09T17:43:10Z,Digitizer_run1640_subrun336.csv,35,True,statistical,triggerRate_bit2,7.98,-0.5017
2026-04-09T17:43:10Z,Digitizer_run1640_subrun336.csv,36,True,statistical,triggerRate_bit2,7.98,-0.4689
2026-04-09T17:43:10Z,Digitizer_run1640_subrun336.csv,37,True,statistical,triggerRate_bit2,7.98,-0.4733
2026-04-09T17:43:10Z,Digitizer_run1640_subrun336.csv,38,True,statistical,triggerRate_bit2,7.98,-0.4901
2026-04-09T17:43:10Z,Digitizer_run1640_subrun336.csv,39,True,statistical,triggerRate_bit2,7.98,-0.493
2026-04-09T17:43:10Z,Digitizer_run1640_subrun336.csv,40,True,statistical,triggerRate_bit2,7.98,-0.4758
2026-04-09T17:43:10Z,Digitizer_run1640_subrun336.csv,41,True,statistical,triggerRate_bit2,7.98,-0.4739
2026-04-09T17:43:10Z,Digitizer_run1640_subrun336.csv,42,True,statistical,triggerRate_bit2,7.98,-0.4837
2026-04-09T17:43:10Z,Digitizer_run1640_subrun336.csv,43,True,statistical,triggerRate_bit2,7.98,-0.4793
2026-04-09T17:43:10Z,Digitizer_run1640_subrun336.csv,44,True,statistical,triggerRate_bit2,7.98,-0.497
2026-04-09T17:43:10Z,Digitizer_run1640_subrun336.csv,45,True,statistical,triggerRate_bit2,7.98,-0.4793
2026-04-09T17:43:10Z,Digitizer_run1640_subrun336.csv,46,True,statistical,triggerRate_bit2,7.98,-0.5051
2026-04-09T17:43:10Z,Digitizer_run1640_subrun336.csv,47,True,statistical,triggerRate_bit2,7.98,-0.4883
2026-04-09T17:43:10Z,Digitizer_run1640_subrun336.csv,48,True,statistical,triggerRate_bit2,7.98,-0.4854
2026-04-09T17:43:10Z,Digitizer_run1640_subrun336.csv,49,True,statistical,triggerRate_bit2,7.98,-0.4881
2026-04-09T17:43:10Z,Digitizer_run1640_subrun336.csv,50,True,statistical,triggerRate_bit2,7.98,-0.4833
2026-04-09T17:43:10Z,Digitizer_run1640_subrun336.csv,51,True,statistical,triggerRate_bit2,7.98,-0.5013
2026-04-09T17:43:10Z,Digitizer_run1640_subrun336.csv,52,True,statistical,triggerRate_bit2,7.98,-0.4707
2026-04-09T17:43:10Z,Digitizer_run1640_subrun336.csv,53,True,statistical,triggerRate_bit2,7.98,-0.4669
2026-04-09T17:43:10Z,Digitizer_run1640_subrun336.csv,54,True,statistical,triggerRate_bit2,7.98,-0.482
2026-04-09T17:43:10Z,Digitizer_run1640_subrun336.csv,55,True,statistical,triggerRate_bit2,7.98,-0.4746
2026-04-09T17:43:10Z,Digitizer_run1640_subrun336.csv,56,True,statistical+IF,sideband_mean_median;pulseDuriation_max_mean;pulseDuriation_max_median;occupancy;triggerRate_bit2,12.17,-0.5175
2026-04-09T17:43:10Z,Digitizer_run1640_subrun336.csv,57,True,statistical,triggerRate_bit2,7.98,-0.4648
2026-04-09T17:43:10Z,Digitizer_run1640_subrun336.csv,58,True,statistical,triggerRate_bit2,7.98,-0.4982
2026-04-09T17:43:10Z,Digitizer_run1640_subrun336.csv,59,True,statistical,triggerRate_bit2,7.98,-0.5019
2026-04-09T17:43:10Z,Digitizer_run1640_subrun336.csv,60,True,statistical,triggerRate_bit2,7.98,-0.4809
2026-04-09T17:43:10Z,Digitizer_run1640_subrun336.csv,61,True,statistical,triggerRate_bit2,7.98,-0.489
2026-04-09T17:43:10Z,Digitizer_run1640_subrun336.csv,62,True,statistical,triggerRate_bit2,7.98,-0.4913
2026-04-09T17:43:10Z,Digitizer_run1640_subrun336.csv,63,True,statistical,triggerRate_bit2,7.98,-0.4788
2026-04-09T17:43:10Z,Digitizer_run1640_subrun336.csv,64,True,statistical,triggerRate_bit2,7.98,-0.4708
2026-04-09T17:43:10Z,Digitizer_run1640_subrun336.csv,65,True,statistical,triggerRate_bit2,7.98,-0.4725
2026-04-09T17:43:10Z,Digitizer_run1640_subrun336.csv,66,True,statistical,triggerRate_bit2,7.98,-0.495
2026-04-09T17:43:10Z,Digitizer_run1640_subrun336.csv,67,True,statistical,triggerRate_bit2,7.98,-0.4972
2026-04-09T17:43:10Z,Digitizer_run1640_subrun336.csv,68,True,statistical,triggerRate_bit2,7.98,-0.4888
2026-04-09T17:43:10Z,Digitizer_run1640_subrun336.csv,69,True,statistical,triggerRate_bit2,7.98,-0.4949
2026-04-09T17:43:10Z,Digitizer_run1640_subrun336.csv,70,True,statistical,triggerRate_bit2,7.98,-0.496
2026-04-09T17:43:10Z,Digitizer_run1640_subrun336.csv,71,True,statistical,triggerRate_bit2,7.98,-0.5016
2026-04-09T17:43:10Z,Digitizer_run1640_subrun336.csv,72,True,statistical+IF,triggerRate_bit2,7.98,-0.5158
2026-04-09T17:43:10Z,Digitizer_run1640_subrun336.csv,73,True,statistical,triggerRate_bit2,7.98,-0.5121
2026-04-09T17:43:10Z,Digitizer_run1640_subrun336.csv,74,True,statistical,triggerRate_bit2,7.98,-0.4893
2026-04-09T17:43:10Z,Digitizer_run1640_subrun336.csv,75,True,statistical,triggerRate_bit2,7.98,-0.4851
2026-04-09T17:43:10Z,Digitizer_run1640_subrun336.csv,76,True,statistical,triggerRate_bit2,7.98,-0.49
2026-04-09T17:43:10Z,Digitizer_run1640_subrun336.csv,77,True,statistical,triggerRate_bit2,7.98,-0.4941
2026-04-09T17:43:10Z,Digitizer_run1640_subrun336.csv,78,True,statistical,triggerRate_bit2,7.98,-0.4766
2026-04-09T17:43:10Z,Digitizer_run1640_subrun336.csv,79,True,statistical,triggerRate_bit2,7.98,-0.4862
2026-04-09T17:43:10Z,Digitizer_run1640_subrun336.csv,80,True,statistical,nPulses_median;occupancy;triggerRate_bit2,7.98,-0.4955
2026-04-09T17:43:10Z,Digitizer_run1640_subrun336.csv,81,True,statistical,triggerRate_bit2,7.98,-0.4928
2026-04-09T17:43:10Z,Digitizer_run1640_subrun336.csv,82,True,statistical,triggerRate_bit2,7.98,-0.4788
2026-04-09T17:43:10Z,Digitizer_run1640_subrun336.csv,83,True,statistical,triggerRate_bit2,7.98,-0.4775
2026-04-09T17:43:10Z,Digitizer_run1640_subrun336.csv,84,True,statistical,triggerRate_bit2,7.98,-0.48
2026-04-09T17:43:10Z,Digitizer_run1640_subrun336.csv,85,True,statistical,triggerRate_bit2,7.98,-0.4725
2026-04-09T17:43:10Z,Digitizer_run1640_subrun336.csv,86,True,statistical,triggerRate_bit2,7.98,-0.4726
2026-04-09T17:43:10Z,Digitizer_run1640_subrun336.csv,87,True,statistical,triggerRate_bit2,7.98,-0.47
2026-04-09T17:43:10Z,Digitizer_run1640_subrun336.csv,88,True,statistical,triggerRate_bit2,7.98,-0.4933
2026-04-09T17:43:10Z,Digitizer_run1640_subrun336.csv,89,True,statistical,triggerRate_bit2,7.98,-0.491
2026-04-09T17:43:10Z,Digitizer_run1640_subrun336.csv,90,True,statistical,triggerRate_bit2,7.98,-0.4881
2026-04-09T17:43:10Z,Digitizer_run1640_subrun336.csv,91,True,statistical,triggerRate_bit2,7.98,-0.5041
2026-04-09T17:43:10Z,Digitizer_run1640_subrun336.csv,92,True,statistical+IF,triggerRate_bit2,7.98,-0.5166
2026-04-09T17:43:10Z,Digitizer_run1640_subrun336.csv,93,True,statistical+IF,triggerRate_bit2,7.98,-0.53
2026-04-09T17:43:10Z,Digitizer_run1640_subrun336.csv,94,True,statistical,triggerRate_bit2,7.98,-0.5073
2026-04-09T17:43:10Z,Digitizer_run1640_subrun336.csv,95,True,statistical+IF,nPulses_median;triggerRate_bit2,7.98,-0.519
2026-04-09T17:43:14Z,Digitizer_run1640_subrun320.csv,0,True,statistical+IF,triggerRate_bit1;triggerRate_bit2;triggerRate_bit5;triggerRate_bit7;triggerRate_tot,36.63,-0.5203
2026-04-09T17:43:14Z,Digitizer_run1640_subrun320.csv,1,True,statistical+IF,triggerRate_bit1;triggerRate_bit2;triggerRate_bit5;triggerRate_bit7;triggerRate_tot,36.63,-0.5163
2026-04-09T17:43:14Z,Digitizer_run1640_subrun320.csv,2,True,statistical+IF,triggerRate_bit1;triggerRate_bit2;triggerRate_bit5;triggerRate_bit7;triggerRate_tot,36.63,-0.5212
2026-04-09T17:43:14Z,Digitizer_run1640_subrun320.csv,3,True,statistical+IF,triggerRate_bit1;triggerRate_bit2;triggerRate_bit5;triggerRate_bit7;triggerRate_tot,36.63,-0.5242
2026-04-09T17:43:14Z,Digitizer_run1640_subrun320.csv,4,True,statistical,triggerRate_bit1;triggerRate_bit2;triggerRate_bit5;triggerRate_bit7;triggerRate_tot,36.63,-0.5138
2026-04-09T17:43:14Z,Digitizer_run1640_subrun320.csv,5,True,statistical+IF,triggerRate_bit1;triggerRate_bit2;triggerRate_bit5;triggerRate_bit7;triggerRate_tot,36.63,-0.5337
2026-04-09T17:43:14Z,Digitizer_run1640_subrun320.csv,6,True,statistical+IF,triggerRate_bit1;triggerRate_bit2;triggerRate_bit5;triggerRate_bit7;triggerRate_tot,36.63,-0.5337
2026-04-09T17:43:14Z,Digitizer_run1640_subrun320.csv,7,True,statistical+IF,triggerRate_bit1;triggerRate_bit2;triggerRate_bit5;triggerRate_bit7;triggerRate_tot,36.63,-0.548
2026-04-09T17:43:14Z,Digitizer_run1640_subrun320.csv,8,True,statistical+IF,occupancy;triggerRate_bit1;triggerRate_bit2;triggerRate_bit5;triggerRate_bit7;triggerRate_tot,36.63,-0.5484
2026-04-09T17:43:14Z,Digitizer_run1640_subrun320.csv,9,True,statistical+IF,occupancy;triggerRate_bit1;triggerRate_bit2;triggerRate_bit5;triggerRate_bit7;triggerRate_tot,36.63,-0.5184
2026-04-09T17:43:14Z,Digitizer_run1640_subrun320.csv,10,True,statistical+IF,triggerRate_bit1;triggerRate_bit2;triggerRate_bit5;triggerRate_bit7;triggerRate_tot,36.63,-0.5575
2026-04-09T17:43:14Z,Digitizer_run1640_subrun320.csv,11,True,statistical+IF,triggerRate_bit1;triggerRate_bit2;triggerRate_bit5;triggerRate_bit7;triggerRate_tot,36.63,-0.5814
2026-04-09T17:43:14Z,Digitizer_run1640_subrun320.csv,12,True,statistical+IF,triggerRate_bit1;triggerRate_bit2;triggerRate_bit5;triggerRate_bit7;triggerRate_tot,36.63,-0.5435
2026-04-09T17:43:14Z,Digitizer_run1640_subrun320.csv,13,True,statistical+IF,triggerRate_bit1;triggerRate_bit2;triggerRate_bit5;triggerRate_bit7;triggerRate_tot,36.63,-0.5616
2026-04-09T17:43:14Z,Digitizer_run1640_subrun320.csv,14,True,statistical+IF,triggerRate_bit1;triggerRate_bit2;triggerRate_bit5;triggerRate_bit7;triggerRate_tot,36.63,-0.557
2026-04-09T17:43:14Z,Digitizer_run1640_subrun320.csv,15,True,statistical+IF,triggerRate_bit1;triggerRate_bit2;triggerRate_bit5;triggerRate_bit7;triggerRate_tot,36.63,-0.5375
2026-04-09T17:43:14Z,Digitizer_run1640_subrun320.csv,16,True,statistical+IF,triggerRate_bit1;triggerRate_bit2;triggerRate_bit5;triggerRate_bit7;triggerRate_tot,36.63,-0.5471
2026-04-09T17:43:14Z,Digitizer_run1640_subrun320.csv,17,True,statistical+IF,triggerRate_bit1;triggerRate_bit2;triggerRate_bit5;triggerRate_bit7;triggerRate_tot,36.63,-0.5377
2026-04-09T17:43:14Z,Digitizer_run1640_subrun320.csv,18,True,statistical,triggerRate_bit1;triggerRate_bit2;triggerRate_bit5;triggerRate_bit7;triggerRate_tot,36.63,-0.5073
2026-04-09T17:43:14Z,Digitizer_run1640_subrun320.csv,19,True,statistical+IF,nPulses_median;triggerRate_bit1;triggerRate_bit2;triggerRate_bit5;triggerRate_bit7;triggerRate_tot,36.63,-0.5393
2026-04-09T17:43:14Z,Digitizer_run1640_subrun320.csv,20,True,statistical+IF,triggerRate_bit1;triggerRate_bit2;triggerRate_bit5;triggerRate_bit7;triggerRate_tot,36.63,-0.5366
2026-04-09T17:43:14Z,Digitizer_run1640_subrun320.csv,21,True,statistical+IF,triggerRate_bit1;triggerRate_bit2;triggerRate_bit5;triggerRate_bit7;triggerRate_tot,36.63,-0.5488
2026-04-09T17:43:14Z,Digitizer_run1640_subrun320.csv,22,True,statistical+IF,triggerRate_bit1;triggerRate_bit2;triggerRate_bit5;triggerRate_bit7;triggerRate_tot,36.63,-0.5373
2026-04-09T17:43:14Z,Digitizer_run1640_subrun320.csv,23,True,statistical+IF,triggerRate_bit1;triggerRate_bit2;triggerRate_bit5;triggerRate_bit7;triggerRate_tot,36.63,-0.5329
2026-04-09T17:43:14Z,Digitizer_run1640_subrun320.csv,24,True,statistical+IF,triggerRate_bit1;triggerRate_bit2;triggerRate_bit5;triggerRate_bit7;triggerRate_tot,36.63,-0.5283
2026-04-09T17:43:14Z,Digitizer_run1640_subrun320.csv,25,True,statistical,triggerRate_bit1;triggerRate_bit2;triggerRate_bit5;triggerRate_bit7;triggerRate_tot,36.63,-0.5121
2026-04-09T17:43:14Z,Digitizer_run1640_subrun320.csv,26,True,statistical+IF,triggerRate_bit1;triggerRate_bit2;triggerRate_bit5;triggerRate_bit7;triggerRate_tot,36.63,-0.5363
2026-04-09T17:43:14Z,Digitizer_run1640_subrun320.csv,27,True,statistical+IF,triggerRate_bit1;triggerRate_bit2;triggerRate_bit5;triggerRate_bit7;triggerRate_tot,36.63,-0.5393
2026-04-09T17:43:14Z,Digitizer_run1640_subrun320.csv,28,True,statistical+IF,triggerRate_bit1;triggerRate_bit2;triggerRate_bit5;triggerRate_bit7;triggerRate_tot,36.63,-0.5452
2026-04-09T17:43:14Z,Digitizer_run1640_subrun320.csv,29,True,statistical+IF,triggerRate_bit1;triggerRate_bit2;triggerRate_bit5;triggerRate_bit7;triggerRate_tot,36.63,-0.5435
2026-04-09T17:43:14Z,Digitizer_run1640_subrun320.csv,30,True,statistical+IF,triggerRate_bit1;triggerRate_bit2;triggerRate_bit5;triggerRate_bit7;triggerRate_tot,36.63,-0.5371
2026-04-09T17:43:14Z,Digitizer_run1640_subrun320.csv,31,True,statistical+IF,triggerRate_bit1;triggerRate_bit2;triggerRate_bit5;triggerRate_bit7;triggerRate_tot,36.63,-0.5196
2026-04-09T17:43:14Z,Digitizer_run1640_subrun320.csv,32,True,statistical+IF,sideband_mean_median;sideband_rms_median;nPulses_mean;nPulses_std;nPulses_median;pulseHeight_max_mean;pulseHeight_max_std;pulseHeight_min_mean;pulseHeight_min_std;pulseArea_max_mean;pulseDuriation_max_mean;pulseDuriation_max_median;pulseDuriation_min_mean;occupancy;triggerRate_bit1;triggerRate_bit2;triggerRate_bit5;triggerRate_bit7;triggerRate_tot,3000000.0,-0.6205
2026-04-09T17:43:14Z,Digitizer_run1640_subrun320.csv,33,True,statistical+IF,sideband_mean_median;nPulses_median;pulseHeight_max_mean;pulseHeight_max_std;pulseHeight_min_mean;pulseHeight_min_std;pulseArea_max_mean;pulseDuriation_max_mean;pulseDuriation_max_median;occupancy;triggerRate_bit1;triggerRate_bit2;triggerRate_bit5;triggerRate_bit7;triggerRate_tot,79.0,-0.6
2026-04-09T17:43:14Z,Digitizer_run1640_subrun320.csv,34,True,statistical+IF,pulseDuriation_max_mean;pulseDuriation_min_mean;triggerRate_bit1;triggerRate_bit2;triggerRate_bit5;triggerRate_bit7;triggerRate_tot,36.63,-0.5491
2026-04-09T17:43:14Z,Digitizer_run1640_subrun320.csv,35,True,statistical+IF,triggerRate_bit1;triggerRate_bit2;triggerRate_bit5;triggerRate_bit7;triggerRate_tot,36.63,-0.5364
2026-04-09T17:43:14Z,Digitizer_run1640_subrun320.csv,36,True,statistical+IF,triggerRate_bit1;triggerRate_bit2;triggerRate_bit5;triggerRate_bit7;triggerRate_tot,36.63,-0.5343
2026-04-09T17:43:14Z,Digitizer_run1640_subrun320.csv,37,True,statistical+IF,triggerRate_bit1;triggerRate_bit2;triggerRate_bit5;triggerRate_bit7;triggerRate_tot,36.63,-0.5333
2026-04-09T17:43:14Z,Digitizer_run1640_subrun320.csv,38,True,statistical,triggerRate_bit1;triggerRate_bit2;triggerRate_bit5;triggerRate_bit7;triggerRate_tot,36.63,-0.5111
2026-04-09T17:43:14Z,Digitizer_run1640_subrun320.csv,39,True,statistical,triggerRate_bit1;triggerRate_bit2;triggerRate_bit5;triggerRate_bit7;triggerRate_tot,36.63,-0.502
2026-04-09T17:43:14Z,Digitizer_run1640_subrun320.csv,40,True,statistical+IF,triggerRate_bit1;triggerRate_bit2;triggerRate_bit5;triggerRate_bit7;triggerRate_tot,36.63,-0.5283
2026-04-09T17:43:14Z,Digitizer_run1640_subrun320.csv,41,True,statistical+IF,triggerRate_bit1;triggerRate_bit2;triggerRate_bit5;triggerRate_bit7;triggerRate_tot,36.63,-0.5379
2026-04-09T17:43:14Z,Digitizer_run1640_subrun320.csv,42,True,statistical+IF,triggerRate_bit1;triggerRate_bit2;triggerRate_bit5;triggerRate_bit7;triggerRate_tot,36.63,-0.5499
2026-04-09T17:43:14Z,Digitizer_run1640_subrun320.csv,43,True,statistical+IF,triggerRate_bit1;triggerRate_bit2;triggerRate_bit5;triggerRate_bit7;triggerRate_tot,36.63,-0.5336
2026-04-09T17:43:14Z,Digitizer_run1640_subrun320.csv,44,True,statistical+IF,triggerRate_bit1;triggerRate_bit2;triggerRate_bit5;triggerRate_bit7;triggerRate_tot,36.63,-0.5413
2026-04-09T17:43:14Z,Digitizer_run1640_subrun320.csv,45,True,statistical+IF,triggerRate_bit1;triggerRate_bit2;triggerRate_bit5;triggerRate_bit7;triggerRate_tot,36.63,-0.5508
2026-04-09T17:43:14Z,Digitizer_run1640_subrun320.csv,46,True,statistical+IF,triggerRate_bit1;triggerRate_bit2;triggerRate_bit5;triggerRate_bit7;triggerRate_tot,36.63,-0.5653
2026-04-09T17:43:14Z,Digitizer_run1640_subrun320.csv,47,True,statistical+IF,triggerRate_bit1;triggerRate_bit2;triggerRate_bit5;triggerRate_bit7;triggerRate_tot,36.63,-0.5515
2026-04-09T17:43:14Z,Digitizer_run1640_subrun320.csv,48,True,statistical+IF,triggerRate_bit1;triggerRate_bit2;triggerRate_bit5;triggerRate_bit7;triggerRate_tot,36.63,-0.5576
2026-04-09T17:43:14Z,Digitizer_run1640_subrun320.csv,49,True,statistical+IF,pulseDuriation_max_median;triggerRate_bit1;triggerRate_bit2;triggerRate_bit5;triggerRate_bit7;triggerRate_tot,36.63,-0.5523
2026-04-09T17:43:14Z,Digitizer_run1640_subrun320.csv,50,True,statistical+IF,triggerRate_bit1;triggerRate_bit2;triggerRate_bit5;triggerRate_bit7;triggerRate_tot,36.63,-0.5459
2026-04-09T17:43:14Z,Digitizer_run1640_subrun320.csv,51,True,statistical+IF,triggerRate_bit1;triggerRate_bit2;triggerRate_bit5;triggerRate_bit7;triggerRate_tot,36.63,-0.5205
2026-04-09T17:43:14Z,Digitizer_run1640_subrun320.csv,52,True,statistical+IF,triggerRate_bit1;triggerRate_bit2;triggerRate_bit5;triggerRate_bit7;triggerRate_tot,36.63,-0.5509
2026-04-09T17:43:14Z,Digitizer_run1640_subrun320.csv,53,True,statistical+IF,pulseDuriation_max_median;triggerRate_bit1;triggerRate_bit2;triggerRate_bit5;triggerRate_bit7;triggerRate_tot,36.63,-0.558
2026-04-09T17:43:14Z,Digitizer_run1640_subrun320.csv,54,True,statistical+IF,triggerRate_bit1;triggerRate_bit2;triggerRate_bit5;triggerRate_bit7;triggerRate_tot,36.63,-0.5456
2026-04-09T17:43:14Z,Digitizer_run1640_subrun320.csv,55,True,statistical+IF,triggerRate_bit1;triggerRate_bit2;triggerRate_bit5;triggerRate_bit7;triggerRate_tot,36.63,-0.559
2026-04-09T17:43:14Z,Digitizer_run1640_subrun320.csv,56,True,statistical+IF,sideband_mean_median;pulseDuriation_max_mean;pulseDuriation_max_median;occupancy;triggerRate_bit1;triggerRate_bit2;triggerRate_bit5;triggerRate_bit7;triggerRate_tot,36.63,-0.5967
2026-04-09T17:43:14Z,Digitizer_run1640_subrun320.csv,57,True,statistical+IF,triggerRate_bit1;triggerRate_bit2;triggerRate_bit5;triggerRate_bit7;triggerRate_tot,36.63,-0.5372
2026-04-09T17:43:14Z,Digitizer_run1640_subrun320.csv,58,True,statistical+IF,triggerRate_bit1;triggerRate_bit2;triggerRate_bit5;triggerRate_bit7;triggerRate_tot,36.63,-0.5183
2026-04-09T17:43:14Z,Digitizer_run1640_subrun320.csv,59,True,statistical+IF,triggerRate_bit1;triggerRate_bit2;triggerRate_bit5;triggerRate_bit7;triggerRate_tot,36.63,-0.5192
2026-04-09T17:43:14Z,Digitizer_run1640_subrun320.csv,60,True,statistical+IF,triggerRate_bit1;triggerRate_bit2;triggerRate_bit5;triggerRate_bit7;triggerRate_tot,36.63,-0.5145
2026-04-09T17:43:14Z,Digitizer_run1640_subrun320.csv,61,True,statistical+IF,triggerRate_bit1;triggerRate_bit2;triggerRate_bit5;triggerRate_bit7;triggerRate_tot,36.63,-0.5352
2026-04-09T17:43:14Z,Digitizer_run1640_subrun320.csv,62,True,statistical,triggerRate_bit1;triggerRate_bit2;triggerRate_bit5;triggerRate_bit7;triggerRate_tot,36.63,-0.5136
2026-04-09T17:43:14Z,Digitizer_run1640_subrun320.csv,63,True,statistical+IF,triggerRate_bit1;triggerRate_bit2;triggerRate_bit5;triggerRate_bit7;triggerRate_tot,36.63,-0.5386
2026-04-09T17:43:14Z,Digitizer_run1640_subrun320.csv,64,True,statistical+IF,triggerRate_bit1;triggerRate_bit2;triggerRate_bit5;triggerRate_bit7;triggerRate_tot,36.63,-0.5197
2026-04-09T17:43:14Z,Digitizer_run1640_subrun320.csv,65,True,statistical+IF,triggerRate_bit1;triggerRate_bit2;triggerRate_bit5;triggerRate_bit7;triggerRate_tot,36.63,-0.5233
2026-04-09T17:43:14Z,Digitizer_run1640_subrun320.csv,66,True,statistical+IF,triggerRate_bit1;triggerRate_bit2;triggerRate_bit5;triggerRate_bit7;triggerRate_tot,36.63,-0.5261
2026-04-09T17:43:14Z,Digitizer_run1640_subrun320.csv,67,True,statistical+IF,triggerRate_bit1;triggerRate_bit2;triggerRate_bit5;triggerRate_bit7;triggerRate_tot,36.63,-0.5426
2026-04-09T17:43:14Z,Digitizer_run1640_subrun320.csv,68,True,statistical+IF,triggerRate_bit1;triggerRate_bit2;triggerRate_bit5;triggerRate_bit7;triggerRate_tot,36.63,-0.5292
2026-04-09T17:43:14Z,Digitizer_run1640_subrun320.csv,69,True,statistical+IF,triggerRate_bit1;triggerRate_bit2;triggerRate_bit5;triggerRate_bit7;triggerRate_tot,36.63,-0.5179
2026-04-09T17:43:14Z,Digitizer_run1640_subrun320.csv,70,True,statistical,triggerRate_bit1;triggerRate_bit2;triggerRate_bit5;triggerRate_bit7;triggerRate_tot,36.63,-0.5136
2026-04-09T17:43:14Z,Digitizer_run1640_subrun320.csv,71,True,statistical,triggerRate_bit1;triggerRate_bit2;triggerRate_bit5;triggerRate_bit7;triggerRate_tot,36.63,-0.5015
2026-04-09T17:43:14Z,Digitizer_run1640_subrun320.csv,72,True,statistical+IF,triggerRate_bit1;triggerRate_bit2;triggerRate_bit5;triggerRate_bit7;triggerRate_tot,36.63,-0.5278
2026-04-09T17:43:14Z,Digitizer_run1640_subrun320.csv,73,True,statistical+IF,triggerRate_bit1;triggerRate_bit2;triggerRate_bit5;triggerRate_bit7;triggerRate_tot,36.63,-0.5202
2026-04-09T17:43:14Z,Digitizer_run1640_subrun320.csv,74,True,statistical+IF,triggerRate_bit1;triggerRate_bit2;triggerRate_bit5;triggerRate_bit7;triggerRate_tot,36.63,-0.5326
2026-04-09T17:43:14Z,Digitizer_run1640_subrun320.csv,75,True,statistical+IF,triggerRate_bit1;triggerRate_bit2;triggerRate_bit5;triggerRate_bit7;triggerRate_tot,36.63,-0.5207
2026-04-09T17:43:14Z,Digitizer_run1640_subrun320.csv,76,True,statistical+IF,triggerRate_bit1;triggerRate_bit2;triggerRate_bit5;triggerRate_bit7;triggerRate_tot,36.63,-0.5145
2026-04-09T17:43:14Z,Digitizer_run1640_subrun320.csv,77,True,statistical+IF,triggerRate_bit1;triggerRate_bit2;triggerRate_bit5;triggerRate_bit7;triggerRate_tot,36.63,-0.5208
2026-04-09T17:43:14Z,Digitizer_run1640_subrun320.csv,78,True,statistical+IF,triggerRate_bit1;triggerRate_bit2;triggerRate_bit5;triggerRate_bit7;triggerRate_tot,36.63,-0.5586
2026-04-09T17:43:14Z,Digitizer_run1640_subrun320.csv,79,True,statistical+IF,triggerRate_bit1;triggerRate_bit2;triggerRate_bit5;triggerRate_bit7;triggerRate_tot,36.63,-0.5553
2026-04-09T17:43:14Z,Digitizer_run1640_subrun320.csv,80,True,statistical+IF,nPulses_median;occupancy;triggerRate_bit1;triggerRate_bit2;triggerRate_bit5;triggerRate_bit7;triggerRate_tot,36.63,-0.5351
2026-04-09T17:43:14Z,Digitizer_run1640_subrun320.csv,81,True,statistical,occupancy;triggerRate_bit1;triggerRate_bit2;triggerRate_bit5;triggerRate_bit7;triggerRate_tot,36.63,-0.51
2026-04-09T17:43:14Z,Digitizer_run1640_subrun320.csv,82,True,statistical+IF,triggerRate_bit1;triggerRate_bit2;triggerRate_bit5;triggerRate_bit7;triggerRate_tot,36.63,-0.5422
2026-04-09T17:43:14Z,Digitizer_run1640_subrun320.csv,83,True,statistical+IF,triggerRate_bit1;triggerRate_bit2;triggerRate_bit5;triggerRate_bit7;triggerRate_tot,36.63,-0.546
2026-04-09T17:43:14Z,Digitizer_run1640_subrun320.csv,84,True,statistical+IF,triggerRate_bit1;triggerRate_bit2;triggerRate_bit5;triggerRate_bit7;triggerRate_tot,36.63,-0.5379
2026-04-09T17:43:14Z,Digitizer_run1640_subrun320.csv,85,True,statistical+IF,triggerRate_bit1;triggerRate_bit2;triggerRate_bit5;triggerRate_bit7;triggerRate_tot,36.63,-0.5275
2026-04-09T17:43:14Z,Digitizer_run1640_subrun320.csv,86,True,statistical+IF,triggerRate_bit1;triggerRate_bit2;triggerRate_bit5;triggerRate_bit7;triggerRate_tot,36.63,-0.5307
2026-04-09T17:43:14Z,Digitizer_run1640_subrun320.csv,87,True,statistical+IF,triggerRate_bit1;triggerRate_bit2;triggerRate_bit5;triggerRate_bit7;triggerRate_tot,36.63,-0.5227
2026-04-09T17:43:14Z,Digitizer_run1640_subrun320.csv,88,True,statistical+IF,triggerRate_bit1;triggerRate_bit2;triggerRate_bit5;triggerRate_bit7;triggerRate_tot,36.63,-0.527
2026-04-09T17:43:14Z,Digitizer_run1640_subrun320.csv,89,True,statistical+IF,triggerRate_bit1;triggerRate_bit2;triggerRate_bit5;triggerRate_bit7;triggerRate_tot,36.63,-0.5177
2026-04-09T17:43:14Z,Digitizer_run1640_subrun320.csv,90,True,statistical+IF,TDCRollovers_median;triggerRate_bit1;triggerRate_bit2;triggerRate_bit5;triggerRate_bit7;triggerRate_tot,913.11,-0.5554
2026-04-09T17:43:14Z,Digitizer_run1640_subrun320.csv,91,True,statistical+IF,triggerRate_bit1;triggerRate_bit2;triggerRate_bit5;triggerRate_bit7;triggerRate_tot,36.63,-0.5482
2026-04-09T17:43:14Z,Digitizer_run1640_subrun320.csv,92,True,statistical+IF,triggerRate_bit1;triggerRate_bit2;triggerRate_bit5;triggerRate_bit7;triggerRate_tot,36.63,-0.5419
2026-04-09T17:43:14Z,Digitizer_run1640_subrun320.csv,93,True,statistical+IF,triggerRate_bit1;triggerRate_bit2;triggerRate_bit5;triggerRate_bit7;triggerRate_tot,36.63,-0.5396
2026-04-09T17:43:14Z,Digitizer_run1640_subrun320.csv,94,True,statistical+IF,triggerRate_bit1;triggerRate_bit2;triggerRate_bit5;triggerRate_bit7;triggerRate_tot,36.63,-0.5231
2026-04-09T17:43:14Z,Digitizer_run1640_subrun320.csv,95,True,statistical+IF,triggerRate_bit1;triggerRate_bit2;triggerRate_bit5;triggerRate_bit7;triggerRate_tot,36.63,-0.5307
2026-04-09T17:43:19Z,Digitizer_run1642_subrun22.csv,32,True,missing_channel,missing_channel,nan,nan
2026-04-09T17:43:19Z,Digitizer_run1642_subrun22.csv,33,True,missing_channel,missing_channel,nan,nan
2026-04-09T17:43:19Z,Digitizer_run1642_subrun22.csv,0,True,statistical,LVDSpin16,6.19,-0.438
2026-04-09T17:43:19Z,Digitizer_run1642_subrun22.csv,1,True,statistical,LVDSpin16,6.19,-0.4287
2026-04-09T17:43:19Z,Digitizer_run1642_subrun22.csv,2,True,statistical,LVDSpin16,6.19,-0.4525
2026-04-09T17:43:19Z,Digitizer_run1642_subrun22.csv,3,True,statistical,LVDSpin16,6.19,-0.4488
2026-04-09T17:43:19Z,Digitizer_run1642_subrun22.csv,4,True,statistical,LVDSpin16,6.19,-0.4382
2026-04-09T17:43:19Z,Digitizer_run1642_subrun22.csv,5,True,statistical,LVDSpin16,6.19,-0.4333
2026-04-09T17:43:19Z,Digitizer_run1642_subrun22.csv,6,True,statistical,LVDSpin16,6.19,-0.4392
2026-04-09T17:43:19Z,Digitizer_run1642_subrun22.csv,7,True,statistical,LVDSpin16,6.19,-0.4513
2026-04-09T17:43:19Z,Digitizer_run1642_subrun22.csv,8,True,statistical,LVDSpin16,6.19,-0.4547
2026-04-09T17:43:19Z,Digitizer_run1642_subrun22.csv,9,True,statistical,LVDSpin16,6.19,-0.4632
2026-04-09T17:43:19Z,Digitizer_run1642_subrun22.csv,10,True,statistical,LVDSpin16,6.19,-0.4481
2026-04-09T17:43:19Z,Digitizer_run1642_subrun22.csv,11,True,statistical,LVDSpin16,6.19,-0.4459
2026-04-09T17:43:19Z,Digitizer_run1642_subrun22.csv,12,True,statistical,LVDSpin16,6.19,-0.4535
2026-04-09T17:43:19Z,Digitizer_run1642_subrun22.csv,13,True,statistical,LVDSpin16,6.19,-0.4626
2026-04-09T17:43:19Z,Digitizer_run1642_subrun22.csv,14,True,statistical,LVDSpin16,6.19,-0.4266
2026-04-09T17:43:19Z,Digitizer_run1642_subrun22.csv,15,True,statistical,LVDSpin16,6.19,-0.429
2026-04-09T17:43:19Z,Digitizer_run1642_subrun22.csv,16,True,statistical,LVDSpin16,6.19,-0.4463
2026-04-09T17:43:19Z,Digitizer_run1642_subrun22.csv,17,True,statistical,LVDSpin16,6.19,-0.4385
2026-04-09T17:43:19Z,Digitizer_run1642_subrun22.csv,18,True,statistical,LVDSpin16,6.19,-0.4395
2026-04-09T17:43:19Z,Digitizer_run1642_subrun22.csv,19,True,statistical,LVDSpin16,6.19,-0.4315
2026-04-09T17:43:19Z,Digitizer_run1642_subrun22.csv,20,True,statistical,LVDSpin16,6.19,-0.4334
2026-04-09T17:43:19Z,Digitizer_run1642_subrun22.csv,21,True,statistical,LVDSpin16,6.19,-0.4353
2026-04-09T17:43:19Z,Digitizer_run1642_subrun22.csv,22,True,statistical,LVDSpin16,6.19,-0.4285
2026-04-09T17:43:19Z,Digitizer_run1642_subrun22.csv,23,True,statistical,LVDSpin16,6.19,-0.4289
2026-04-09T17:43:19Z,Digitizer_run1642_subrun22.csv,24,True,statistical,LVDSpin16,6.19,-0.4274
2026-04-09T17:43:19Z,Digitizer_run1642_subrun22.csv,25,True,statistical,LVDSpin16,6.19,-0.4343
2026-04-09T17:43:19Z,Digitizer_run1642_subrun22.csv,26,True,statistical,LVDSpin16,6.19,-0.4487
2026-04-09T17:43:19Z,Digitizer_run1642_subrun22.csv,27,True,statistical,LVDSpin16,6.19,-0.4708
2026-04-09T17:43:19Z,Digitizer_run1642_subrun22.csv,28,True,statistical,LVDSpin16,6.19,-0.4571
2026-04-09T17:43:19Z,Digitizer_run1642_subrun22.csv,29,True,statistical,LVDSpin16,6.19,-0.442
2026-04-09T17:43:19Z,Digitizer_run1642_subrun22.csv,30,True,statistical,LVDSpin16,6.19,-0.4282
2026-04-09T17:43:19Z,Digitizer_run1642_subrun22.csv,31,True,statistical,LVDSpin16,6.19,-0.4296
2026-04-09T17:43:19Z,Digitizer_run1642_subrun22.csv,34,True,statistical,LVDSpin16,6.19,-0.4408
2026-04-09T17:43:19Z,Digitizer_run1642_subrun22.csv,35,True,statistical,LVDSpin16,6.19,-0.4368
2026-04-09T17:43:19Z,Digitizer_run1642_subrun22.csv,36,True,statistical,LVDSpin16,6.19,-0.4626
2026-04-09T17:43:19Z,Digitizer_run1642_subrun22.csv,37,True,statistical,LVDSpin16,6.19,-0.4642
2026-04-09T17:43:19Z,Digitizer_run1642_subrun22.csv,38,True,statistical,LVDSpin16,6.19,-0.4295
2026-04-09T17:43:19Z,Digitizer_run1642_subrun22.csv,39,True,statistical,LVDSpin16,6.19,-0.4373
2026-04-09T17:43:19Z,Digitizer_run1642_subrun22.csv,40,True,statistical,LVDSpin16,6.19,-0.4317
2026-04-09T17:43:19Z,Digitizer_run1642_subrun22.csv,41,True,statistical,LVDSpin16,6.19,-0.4241
2026-04-09T17:43:19Z,Digitizer_run1642_subrun22.csv,42,True,statistical,LVDSpin16,6.19,-0.4707
2026-04-09T17:43:19Z,Digitizer_run1642_subrun22.csv,43,True,statistical,LVDSpin16,6.19,-0.4394
2026-04-09T17:43:19Z,Digitizer_run1642_subrun22.csv,44,True,statistical,LVDSpin16,6.19,-0.4592
2026-04-09T17:43:19Z,Digitizer_run1642_subrun22.csv,45,True,statistical,LVDSpin16,6.19,-0.4575
2026-04-09T17:43:19Z,Digitizer_run1642_subrun22.csv,46,True,statistical,LVDSpin16,6.19,-0.4438
2026-04-09T17:43:19Z,Digitizer_run1642_subrun22.csv,47,True,statistical,LVDSpin16,6.19,-0.431
2026-04-09T17:43:19Z,Digitizer_run1642_subrun22.csv,48,True,statistical,LVDSpin16,6.19,-0.4706
2026-04-09T17:43:19Z,Digitizer_run1642_subrun22.csv,49,True,statistical,LVDSpin16,6.19,-0.4379
2026-04-09T17:43:19Z,Digitizer_run1642_subrun22.csv,50,True,statistical,LVDSpin16,6.19,-0.4446
2026-04-09T17:43:19Z,Digitizer_run1642_subrun22.csv,51,True,statistical,LVDSpin16,6.19,-0.4526
2026-04-09T17:43:19Z,Digitizer_run1642_subrun22.csv,52,True,statistical,LVDSpin16,6.19,-0.4336
2026-04-09T17:43:19Z,Digitizer_run1642_subrun22.csv,53,True,statistical,LVDSpin16,6.19,-0.4524
2026-04-09T17:43:19Z,Digitizer_run1642_subrun22.csv,54,True,statistical,LVDSpin16,6.19,-0.4498
2026-04-09T17:43:19Z,Digitizer_run1642_subrun22.csv,55,True,statistical,LVDSpin16,6.19,-0.4694
2026-04-09T17:43:19Z,Digitizer_run1642_subrun22.csv,56,True,statistical,LVDSpin16,6.19,-0.4536
2026-04-09T17:43:19Z,Digitizer_run1642_subrun22.csv,57,True,statistical,LVDSpin16,6.19,-0.4253
2026-04-09T17:43:19Z,Digitizer_run1642_subrun22.csv,58,True,statistical,LVDSpin16,6.19,-0.4322
2026-04-09T17:43:19Z,Digitizer_run1642_subrun22.csv,59,True,statistical,LVDSpin16,6.19,-0.4336
2026-04-09T17:43:19Z,Digitizer_run1642_subrun22.csv,60,True,statistical,LVDSpin16,6.19,-0.4533
2026-04-09T17:43:19Z,Digitizer_run1642_subrun22.csv,61,True,statistical,LVDSpin16,6.19,-0.4391
2026-04-09T17:43:19Z,Digitizer_run1642_subrun22.csv,62,True,statistical,LVDSpin16,6.19,-0.4417
2026-04-09T17:43:19Z,Digitizer_run1642_subrun22.csv,63,True,statistical,LVDSpin16,6.19,-0.4494
2026-04-09T17:43:19Z,Digitizer_run1642_subrun22.csv,64,True,statistical,LVDSpin16,6.19,-0.4508
2026-04-09T17:43:19Z,Digitizer_run1642_subrun22.csv,65,True,statistical,LVDSpin16,6.19,-0.4331
2026-04-09T17:43:19Z,Digitizer_run1642_subrun22.csv,66,True,statistical,LVDSpin16,6.19,-0.4503
2026-04-09T17:43:19Z,Digitizer_run1642_subrun22.csv,67,True,statistical,LVDSpin16,6.19,-0.4484
2026-04-09T17:43:19Z,Digitizer_run1642_subrun22.csv,68,True,statistical,LVDSpin16,6.19,-0.4642
2026-04-09T17:43:19Z,Digitizer_run1642_subrun22.csv,69,True,statistical,LVDSpin16,6.19,-0.4423
2026-04-09T17:43:19Z,Digitizer_run1642_subrun22.csv,70,True,statistical,LVDSpin16,6.19,-0.4528
2026-04-09T17:43:19Z,Digitizer_run1642_subrun22.csv,71,True,statistical,LVDSpin16,6.19,-0.4783
2026-04-09T17:43:19Z,Digitizer_run1642_subrun22.csv,72,True,statistical,LVDSpin16,6.19,-0.479
2026-04-09T17:43:19Z,Digitizer_run1642_subrun22.csv,73,True,statistical,LVDSpin16,6.19,-0.4365
2026-04-09T17:43:19Z,Digitizer_run1642_subrun22.csv,74,True,statistical,LVDSpin16,6.19,-0.4404
2026-04-09T17:43:19Z,Digitizer_run1642_subrun22.csv,75,True,statistical,LVDSpin16,6.19,-0.427
2026-04-09T17:43:19Z,Digitizer_run1642_subrun22.csv,76,True,statistical,LVDSpin16,6.19,-0.4621
2026-04-09T17:43:19Z,Digitizer_run1642_subrun22.csv,77,True,statistical,LVDSpin16,6.19,-0.4407
2026-04-09T17:43:19Z,Digitizer_run1642_subrun22.csv,78,True,statistical,LVDSpin16,6.19,-0.4436
2026-04-09T17:43:19Z,Digitizer_run1642_subrun22.csv,79,True,statistical,LVDSpin16,6.19,-0.4443
2026-04-09T17:43:19Z,Digitizer_run1642_subrun22.csv,80,True,statistical,LVDSpin16,6.19,-0.4342
2026-04-09T17:43:19Z,Digitizer_run1642_subrun22.csv,81,True,statistical,LVDSpin16,6.19,-0.441
2026-04-09T17:43:19Z,Digitizer_run1642_subrun22.csv,82,True,statistical,pulseArea_min_mean;LVDSpin16,6.19,-0.4946
2026-04-09T17:43:19Z,Digitizer_run1642_subrun22.csv,83,True,statistical,LVDSpin16,6.19,-0.4615
2026-04-09T17:43:19Z,Digitizer_run1642_subrun22.csv,84,True,statistical,LVDSpin16,6.19,-0.4435
2026-04-09T17:43:19Z,Digitizer_run1642_subrun22.csv,85,True,statistical,LVDSpin16,6.19,-0.4377
2026-04-09T17:43:19Z,Digitizer_run1642_subrun22.csv,86,True,statistical,LVDSpin16,6.19,-0.4371
2026-04-09T17:43:19Z,Digitizer_run1642_subrun22.csv,87,True,statistical,LVDSpin16,6.19,-0.4669
2026-04-09T17:43:19Z,Digitizer_run1642_subrun22.csv,88,True,statistical,LVDSpin16,6.19,-0.47
2026-04-09T17:43:19Z,Digitizer_run1642_subrun22.csv,89,True,statistical,LVDSpin16,6.19,-0.4656
2026-04-09T17:43:19Z,Digitizer_run1642_subrun22.csv,90,True,statistical,LVDSpin16,6.19,-0.4639
2026-04-09T17:43:19Z,Digitizer_run1642_subrun22.csv,91,True,statistical,LVDSpin16,6.19,-0.4348
2026-04-09T17:43:19Z,Digitizer_run1642_subrun22.csv,92,True,statistical,LVDSpin16,6.19,-0.4556
2026-04-09T17:43:19Z,Digitizer_run1642_subrun22.csv,93,True,statistical,LVDSpin16,6.19,-0.4477
2026-04-09T17:43:19Z,Digitizer_run1642_subrun22.csv,94,True,statistical,LVDSpin16,6.19,-0.4543
2026-04-09T17:43:19Z,Digitizer_run1642_subrun22.csv,95,True,statistical,LVDSpin16,6.19,-0.4516
2026-04-09T17:43:29Z,Digitizer_run1640_subrun636.csv,32,True,missing_channel,missing_channel,nan,nan
2026-04-09T17:43:29Z,Digitizer_run1640_subrun636.csv,33,True,missing_channel,missing_channel,nan,nan
2026-04-09T17:43:29Z,Digitizer_run1640_subrun636.csv,0,True,statistical,LVDSpin16,6.19,-0.4738
2026-04-09T17:43:29Z,Digitizer_run1640_subrun636.csv,1,True,statistical,LVDSpin16,6.19,-0.4762
2026-04-09T17:43:29Z,Digitizer_run1640_subrun636.csv,2,True,statistical,LVDSpin16,6.19,-0.47
2026-04-09T17:43:29Z,Digitizer_run1640_subrun636.csv,3,True,statistical,LVDSpin16,6.19,-0.4777
2026-04-09T17:43:29Z,Digitizer_run1640_subrun636.csv,4,True,statistical,LVDSpin16,6.19,-0.4661
2026-04-09T17:43:29Z,Digitizer_run1640_subrun636.csv,5,True,statistical,LVDSpin16,6.19,-0.4615
2026-04-09T17:43:29Z,Digitizer_run1640_subrun636.csv,6,True,statistical,LVDSpin16,6.19,-0.4777
2026-04-09T17:43:29Z,Digitizer_run1640_subrun636.csv,7,True,statistical,LVDSpin16,6.19,-0.4553
2026-04-09T17:43:29Z,Digitizer_run1640_subrun636.csv,8,True,statistical,sideband_mean_mean;sideband_rms_mean;LVDSpin16,6.19,-0.4821
2026-04-09T17:43:29Z,Digitizer_run1640_subrun636.csv,9,True,statistical,sideband_rms_mean;LVDSpin16,6.19,-0.4769
2026-04-09T17:43:29Z,Digitizer_run1640_subrun636.csv,10,True,statistical,LVDSpin16,6.19,-0.5009
2026-04-09T17:43:29Z,Digitizer_run1640_subrun636.csv,11,True,statistical,LVDSpin16,6.19,-0.4887
2026-04-09T17:43:29Z,Digitizer_run1640_subrun636.csv,12,True,statistical,LVDSpin16,6.19,-0.4597
2026-04-09T17:43:29Z,Digitizer_run1640_subrun636.csv,13,True,statistical,LVDSpin16,6.19,-0.4564
2026-04-09T17:43:29Z,Digitizer_run1640_subrun636.csv,14,True,statistical,LVDSpin16,6.19,-0.4751
2026-04-09T17:43:29Z,Digitizer_run1640_subrun636.csv,15,True,statistical,LVDSpin16,6.19,-0.4827
2026-04-09T17:43:29Z,Digitizer_run1640_subrun636.csv,16,True,statistical,LVDSpin16,6.19,-0.4797
2026-04-09T17:43:29Z,Digitizer_run1640_subrun636.csv,17,True,statistical,LVDSpin16,6.19,-0.4775
2026-04-09T17:43:29Z,Digitizer_run1640_subrun636.csv,18,True,statistical,LVDSpin16,6.19,-0.4685
2026-04-09T17:43:29Z,Digitizer_run1640_subrun636.csv,19,True,statistical,LVDSpin16,6.19,-0.4783
2026-04-09T17:43:29Z,Digitizer_run1640_subrun636.csv,20,True,statistical,LVDSpin16,6.19,-0.4727
2026-04-09T17:43:29Z,Digitizer_run1640_subrun636.csv,21,True,statistical,LVDSpin16,6.19,-0.4721
2026-04-09T17:43:29Z,Digitizer_run1640_subrun636.csv,22,True,statistical,LVDSpin16,6.19,-0.4633
2026-04-09T17:43:29Z,Digitizer_run1640_subrun636.csv,23,True,statistical,LVDSpin16,6.19,-0.4742
2026-04-09T17:43:29Z,Digitizer_run1640_subrun636.csv,24,True,statistical,LVDSpin16,6.19,-0.4572
2026-04-09T17:43:29Z,Digitizer_run1640_subrun636.csv,25,True,statistical,LVDSpin16,6.19,-0.4594
2026-04-09T17:43:29Z,Digitizer_run1640_subrun636.csv,26,True,statistical,LVDSpin16,6.19,-0.4654
2026-04-09T17:43:29Z,Digitizer_run1640_subrun636.csv,27,True,statistical,LVDSpin16,6.19,-0.4569
2026-04-09T17:43:29Z,Digitizer_run1640_subrun636.csv,28,True,statistical,LVDSpin16,6.19,-0.4619
2026-04-09T17:43:29Z,Digitizer_run1640_subrun636.csv,29,True,statistical,LVDSpin16,6.19,-0.4575
2026-04-09T17:43:29Z,Digitizer_run1640_subrun636.csv,30,True,statistical,LVDSpin16,6.19,-0.4629
2026-04-09T17:43:29Z,Digitizer_run1640_subrun636.csv,31,True,statistical,LVDSpin16,6.19,-0.4669
2026-04-09T17:43:29Z,Digitizer_run1640_subrun636.csv,34,True,statistical,LVDSpin16,6.19,-0.4843
2026-04-09T17:43:29Z,Digitizer_run1640_subrun636.csv,35,True,statistical,LVDSpin16,6.19,-0.4575
2026-04-09T17:43:29Z,Digitizer_run1640_subrun636.csv,36,True,statistical,LVDSpin16,6.19,-0.461
2026-04-09T17:43:29Z,Digitizer_run1640_subrun636.csv,37,True,statistical,LVDSpin16,6.19,-0.4692
2026-04-09T17:43:29Z,Digitizer_run1640_subrun636.csv,38,True,statistical,LVDSpin16,6.19,-0.4674
2026-04-09T17:43:29Z,Digitizer_run1640_subrun636.csv,39,True,statistical,LVDSpin16,6.19,-0.4694
2026-04-09T17:43:29Z,Digitizer_run1640_subrun636.csv,40,True,statistical,LVDSpin16,6.19,-0.4543
2026-04-09T17:43:29Z,Digitizer_run1640_subrun636.csv,41,True,statistical,LVDSpin16,6.19,-0.4627
2026-04-09T17:43:29Z,Digitizer_run1640_subrun636.csv,42,True,statistical,LVDSpin16,6.19,-0.4941
2026-04-09T17:43:29Z,Digitizer_run1640_subrun636.csv,43,True,statistical,LVDSpin16,6.19,-0.4982
2026-04-09T17:43:29Z,Digitizer_run1640_subrun636.csv,44,True,statistical,LVDSpin16,6.19,-0.458
2026-04-09T17:43:29Z,Digitizer_run1640_subrun636.csv,45,True,statistical,LVDSpin16,6.19,-0.4557
2026-04-09T17:43:29Z,Digitizer_run1640_subrun636.csv,46,True,statistical,LVDSpin16,6.19,-0.46
2026-04-09T17:43:29Z,Digitizer_run1640_subrun636.csv,47,True,statistical,LVDSpin16,6.19,-0.4689
2026-04-09T17:43:29Z,Digitizer_run1640_subrun636.csv,48,True,statistical,LVDSpin16,6.19,-0.4708
2026-04-09T17:43:29Z,Digitizer_run1640_subrun636.csv,49,True,statistical,LVDSpin16,6.19,-0.4636
2026-04-09T17:43:29Z,Digitizer_run1640_subrun636.csv,50,True,statistical,LVDSpin16,6.19,-0.4549
2026-04-09T17:43:29Z,Digitizer_run1640_subrun636.csv,51,True,statistical,LVDSpin16,6.19,-0.455
2026-04-09T17:43:29Z,Digitizer_run1640_subrun636.csv,52,True,statistical,LVDSpin16,6.19,-0.4654
2026-04-09T17:43:29Z,Digitizer_run1640_subrun636.csv,53,True,statistical,LVDSpin16,6.19,-0.4533
2026-04-09T17:43:29Z,Digitizer_run1640_subrun636.csv,54,True,statistical,pulseHeight_max_median;pulseArea_max_median;pulseDuriation_min_median;LVDSpin16,8.53,-0.5119
2026-04-09T17:43:29Z,Digitizer_run1640_subrun636.csv,55,True,statistical,LVDSpin16,6.19,-0.4669
2026-04-09T17:43:29Z,Digitizer_run1640_subrun636.csv,56,True,statistical,LVDSpin16,6.19,-0.4698
2026-04-09T17:43:29Z,Digitizer_run1640_subrun636.csv,57,True,statistical,LVDSpin16,6.19,-0.4587
2026-04-09T17:43:29Z,Digitizer_run1640_subrun636.csv,58,True,statistical,LVDSpin16,6.19,-0.4682
2026-04-09T17:43:29Z,Digitizer_run1640_subrun636.csv,59,True,statistical,LVDSpin16,6.19,-0.4563
2026-04-09T17:43:29Z,Digitizer_run1640_subrun636.csv,60,True,statistical,LVDSpin16,6.19,-0.4597
2026-04-09T17:43:29Z,Digitizer_run1640_subrun636.csv,61,True,statistical,LVDSpin16,6.19,-0.4531
2026-04-09T17:43:29Z,Digitizer_run1640_subrun636.csv,62,True,statistical,LVDSpin16,6.19,-0.4574
2026-04-09T17:43:29Z,Digitizer_run1640_subrun636.csv,63,True,statistical,LVDSpin16,6.19,-0.4579
2026-04-09T17:43:29Z,Digitizer_run1640_subrun636.csv,64,True,statistical,LVDSpin16,6.19,-0.4611
2026-04-09T17:43:29Z,Digitizer_run1640_subrun636.csv,65,True,statistical,LVDSpin16,6.19,-0.459
2026-04-09T17:43:29Z,Digitizer_run1640_subrun636.csv,66,True,statistical,LVDSpin16,6.19,-0.4567
2026-04-09T17:43:29Z,Digitizer_run1640_subrun636.csv,67,True,statistical,LVDSpin16,6.19,-0.4665
2026-04-09T17:43:29Z,Digitizer_run1640_subrun636.csv,68,True,statistical,LVDSpin16,6.19,-0.4626
2026-04-09T17:43:29Z,Digitizer_run1640_subrun636.csv,69,True,statistical,LVDSpin16,6.19,-0.4557
2026-04-09T17:43:29Z,Digitizer_run1640_subrun636.csv,70,True,statistical,LVDSpin16,6.19,-0.4535
2026-04-09T17:43:29Z,Digitizer_run1640_subrun636.csv,71,True,statistical,LVDSpin16,6.19,-0.4609
2026-04-09T17:43:29Z,Digitizer_run1640_subrun636.csv,72,True,statistical+IF,pulseDuriation_max_mean;pulseDuriation_max_median;LVDSpin16,6.19,-0.5152
2026-04-09T17:43:29Z,Digitizer_run1640_subrun636.csv,73,True,statistical,LVDSpin16,6.19,-0.4691
2026-04-09T17:43:29Z,Digitizer_run1640_subrun636.csv,74,True,statistical,LVDSpin16,6.19,-0.4836
2026-04-09T17:43:29Z,Digitizer_run1640_subrun636.csv,75,True,statistical,LVDSpin16,6.19,-0.4834
2026-04-09T17:43:29Z,Digitizer_run1640_subrun636.csv,76,True,statistical,LVDSpin16,6.19,-0.4862
2026-04-09T17:43:29Z,Digitizer_run1640_subrun636.csv,77,True,statistical,LVDSpin16,6.19,-0.4604
2026-04-09T17:43:29Z,Digitizer_run1640_subrun636.csv,78,True,statistical,LVDSpin16,6.19,-0.471
2026-04-09T17:43:29Z,Digitizer_run1640_subrun636.csv,79,True,statistical,LVDSpin16,6.19,-0.4574
2026-04-09T17:43:29Z,Digitizer_run1640_subrun636.csv,80,True,statistical,LVDSpin16,6.19,-0.4609
2026-04-09T17:43:29Z,Digitizer_run1640_subrun636.csv,81,True,statistical,LVDSpin16,6.19,-0.4702
2026-04-09T17:43:29Z,Digitizer_run1640_subrun636.csv,82,True,statistical,LVDSpin16,6.19,-0.4672
2026-04-09T17:43:29Z,Digitizer_run1640_subrun636.csv,83,True,statistical,LVDSpin16,6.19,-0.4526
2026-04-09T17:43:29Z,Digitizer_run1640_subrun636.csv,84,True,statistical,LVDSpin16,6.19,-0.4842
2026-04-09T17:43:29Z,Digitizer_run1640_subrun636.csv,85,True,statistical,LVDSpin16,6.19,-0.4691
2026-04-09T17:43:29Z,Digitizer_run1640_subrun636.csv,86,True,statistical,LVDSpin16,6.19,-0.481
2026-04-09T17:43:29Z,Digitizer_run1640_subrun636.csv,87,True,statistical,LVDSpin16,6.19,-0.4688
2026-04-09T17:43:29Z,Digitizer_run1640_subrun636.csv,88,True,statistical,LVDSpin16,6.19,-0.4719
2026-04-09T17:43:29Z,Digitizer_run1640_subrun636.csv,89,True,statistical,LVDSpin16,6.19,-0.4675
2026-04-09T17:43:29Z,Digitizer_run1640_subrun636.csv,90,True,statistical,LVDSpin16,6.19,-0.469
2026-04-09T17:43:29Z,Digitizer_run1640_subrun636.csv,91,True,statistical,LVDSpin16,6.19,-0.4808
2026-04-09T17:43:29Z,Digitizer_run1640_subrun636.csv,92,True,statistical,LVDSpin16,6.19,-0.473
2026-04-09T17:43:29Z,Digitizer_run1640_subrun636.csv,93,True,statistical,LVDSpin16,6.19,-0.4839
2026-04-09T17:43:29Z,Digitizer_run1640_subrun636.csv,94,True,statistical,LVDSpin16,6.19,-0.4932
2026-04-09T17:43:29Z,Digitizer_run1640_subrun636.csv,95,True,statistical,LVDSpin16,6.19,-0.5061
2026-04-09T17:43:37Z,Digitizer_run1640_subrun340.csv,0,True,statistical,triggerRate_bit1;triggerRate_bit2;triggerRate_tot,14.63,-0.478
2026-04-09T17:43:37Z,Digitizer_run1640_subrun340.csv,1,True,statistical,triggerRate_bit1;triggerRate_bit2;triggerRate_tot,14.63,-0.484
2026-04-09T17:43:37Z,Digitizer_run1640_subrun340.csv,2,True,statistical,triggerRate_bit1;triggerRate_bit2;triggerRate_tot,14.63,-0.4721
2026-04-09T17:43:37Z,Digitizer_run1640_subrun340.csv,3,True,statistical,triggerRate_bit1;triggerRate_bit2;triggerRate_tot,14.63,-0.4862
2026-04-09T17:43:37Z,Digitizer_run1640_subrun340.csv,4,True,statistical,triggerRate_bit1;triggerRate_bit2;triggerRate_tot,14.63,-0.4658
2026-04-09T17:43:37Z,Digitizer_run1640_subrun340.csv,5,True,statistical,triggerRate_bit1;triggerRate_bit2;triggerRate_tot,14.63,-0.4666
2026-04-09T17:43:37Z,Digitizer_run1640_subrun340.csv,6,True,statistical,triggerRate_bit1;triggerRate_bit2;triggerRate_tot,14.63,-0.485
2026-04-09T17:43:37Z,Digitizer_run1640_subrun340.csv,7,True,statistical,triggerRate_bit1;triggerRate_bit2;triggerRate_tot,14.63,-0.5062
2026-04-09T17:43:37Z,Digitizer_run1640_subrun340.csv,8,True,statistical,occupancy;triggerRate_bit1;triggerRate_bit2;triggerRate_tot,14.63,-0.484
2026-04-09T17:43:37Z,Digitizer_run1640_subrun340.csv,9,True,statistical,occupancy;triggerRate_bit1;triggerRate_bit2;triggerRate_tot,14.63,-0.4669
2026-04-09T17:43:37Z,Digitizer_run1640_subrun340.csv,10,True,statistical,triggerRate_bit1;triggerRate_bit2;triggerRate_tot,14.63,-0.4684
2026-04-09T17:43:37Z,Digitizer_run1640_subrun340.csv,11,True,statistical,triggerRate_bit1;triggerRate_bit2;triggerRate_tot,14.63,-0.4741
2026-04-09T17:43:37Z,Digitizer_run1640_subrun340.csv,12,True,statistical,triggerRate_bit1;triggerRate_bit2;triggerRate_tot,14.63,-0.4913
2026-04-09T17:43:37Z,Digitizer_run1640_subrun340.csv,13,True,statistical,triggerRate_bit1;triggerRate_bit2;triggerRate_tot,14.63,-0.4773
2026-04-09T17:43:37Z,Digitizer_run1640_subrun340.csv,14,True,statistical,triggerRate_bit1;triggerRate_bit2;triggerRate_tot,14.63,-0.502
2026-04-09T17:43:37Z,Digitizer_run1640_subrun340.csv,15,True,statistical,triggerRate_bit1;triggerRate_bit2;triggerRate_tot,14.63,-0.493
2026-04-09T17:43:37Z,Digitizer_run1640_subrun340.csv,16,True,statistical,triggerRate_bit1;triggerRate_bit2;triggerRate_tot,14.63,-0.4882
2026-04-09T17:43:37Z,Digitizer_run1640_subrun340.csv,17,True,statistical,triggerRate_bit1;triggerRate_bit2;triggerRate_tot,14.63,-0.4814
2026-04-09T17:43:37Z,Digitizer_run1640_subrun340.csv,18,True,statistical,triggerRate_bit1;triggerRate_bit2;triggerRate_tot,14.63,-0.4588
2026-04-09T17:43:37Z,Digitizer_run1640_subrun340.csv,19,True,statistical,triggerRate_bit1;triggerRate_bit2;triggerRate_tot,14.63,-0.4702
2026-04-09T17:43:37Z,Digitizer_run1640_subrun340.csv,20,True,statistical,triggerRate_bit1;triggerRate_bit2;triggerRate_tot,14.63,-0.4665
2026-04-09T17:43:37Z,Digitizer_run1640_subrun340.csv,21,True,statistical,triggerRate_bit1;triggerRate_bit2;triggerRate_tot,14.63,-0.4613
2026-04-09T17:43:37Z,Digitizer_run1640_subrun340.csv,22,True,statistical,triggerRate_bit1;triggerRate_bit2;triggerRate_tot,14.63,-0.4819
2026-04-09T17:43:37Z,Digitizer_run1640_subrun340.csv,23,True,statistical,triggerRate_bit1;triggerRate_bit2;triggerRate_tot,14.63,-0.476
2026-04-09T17:43:37Z,Digitizer_run1640_subrun340.csv,24,True,statistical,triggerRate_bit1;triggerRate_bit2;triggerRate_tot,14.63,-0.4885
2026-04-09T17:43:37Z,Digitizer_run1640_subrun340.csv,25,True,statistical,triggerRate_bit1;triggerRate_bit2;triggerRate_tot,14.63,-0.4822
2026-04-09T17:43:37Z,Digitizer_run1640_subrun340.csv,26,True,statistical,triggerRate_bit1;triggerRate_bit2;triggerRate_tot,14.63,-0.5094
2026-04-09T17:43:37Z,Digitizer_run1640_subrun340.csv,27,True,statistical,triggerRate_bit1;triggerRate_bit2;triggerRate_tot,14.63,-0.4948
2026-04-09T17:43:37Z,Digitizer_run1640_subrun340.csv,28,True,statistical,triggerRate_bit1;triggerRate_bit2;triggerRate_tot,14.63,-0.4931
2026-04-09T17:43:37Z,Digitizer_run1640_subrun340.csv,29,True,statistical,triggerRate_bit1;triggerRate_bit2;triggerRate_tot,14.63,-0.4797
2026-04-09T17:43:37Z,Digitizer_run1640_subrun340.csv,30,True,statistical,triggerRate_bit1;triggerRate_bit2;triggerRate_tot,14.63,-0.4793
2026-04-09T17:43:37Z,Digitizer_run1640_subrun340.csv,31,True,statistical,triggerRate_bit1;triggerRate_bit2;triggerRate_tot,14.63,-0.4933
2026-04-09T17:43:37Z,Digitizer_run1640_subrun340.csv,32,True,statistical+IF,sideband_mean_median;nPulses_mean;nPulses_median;pulseHeight_max_mean;pulseHeight_max_std;pulseHeight_min_mean;pulseHeight_min_std;pulseArea_max_mean;pulseDuriation_max_mean;pulseDuriation_max_median;pulseDuriation_min_mean;occupancy;triggerRate_bit1;triggerRate_bit2;triggerRate_tot,1000000.0,-0.5715
2026-04-09T17:43:37Z,Digitizer_run1640_subrun340.csv,33,True,statistical+IF,pulseHeight_max_mean;pulseHeight_max_std;pulseHeight_min_mean;pulseHeight_min_std;pulseArea_max_mean;pulseDuriation_max_mean;pulseDuriation_max_median;occupancy;triggerRate_bit1;triggerRate_bit2;triggerRate_tot,39.57,-0.5285
2026-04-09T17:43:37Z,Digitizer_run1640_subrun340.csv,34,True,statistical,triggerRate_bit1;triggerRate_bit2;triggerRate_tot,14.63,-0.4923
2026-04-09T17:43:37Z,Digitizer_run1640_subrun340.csv,35,True,statistical,triggerRate_bit1;triggerRate_bit2;triggerRate_tot,14.63,-0.4847
2026-04-09T17:43:37Z,Digitizer_run1640_subrun340.csv,36,True,statistical,triggerRate_bit1;triggerRate_bit2;triggerRate_tot,14.63,-0.4755
2026-04-09T17:43:37Z,Digitizer_run1640_subrun340.csv,37,True,statistical,triggerRate_bit1;triggerRate_bit2;triggerRate_tot,14.63,-0.4795
2026-04-09T17:43:37Z,Digitizer_run1640_subrun340.csv,38,True,statistical,triggerRate_bit1;triggerRate_bit2;triggerRate_tot,14.63,-0.4823
2026-04-09T17:43:37Z,Digitizer_run1640_subrun340.csv,39,True,statistical,triggerRate_bit1;triggerRate_bit2;triggerRate_tot,14.63,-0.467
2026-04-09T17:43:37Z,Digitizer_run1640_subrun340.csv,40,True,statistical,triggerRate_bit1;triggerRate_bit2;triggerRate_tot,14.63,-0.463
2026-04-09T17:43:37Z,Digitizer_run1640_subrun340.csv,41,True,statistical,triggerRate_bit1;triggerRate_bit2;triggerRate_tot,14.63,-0.4633
2026-04-09T17:43:37Z,Digitizer_run1640_subrun340.csv,42,True,statistical,triggerRate_bit1;triggerRate_bit2;triggerRate_tot,14.63,-0.5032
2026-04-09T17:43:37Z,Digitizer_run1640_subrun340.csv,43,True,statistical,triggerRate_bit1;triggerRate_bit2;triggerRate_tot,14.63,-0.5024
2026-04-09T17:43:37Z,Digitizer_run1640_subrun340.csv,44,True,statistical,triggerRate_bit1;triggerRate_bit2;triggerRate_tot,14.63,-0.4659
2026-04-09T17:43:37Z,Digitizer_run1640_subrun340.csv,45,True,statistical,triggerRate_bit1;triggerRate_bit2;triggerRate_tot,14.63,-0.4656
2026-04-09T17:43:37Z,Digitizer_run1640_subrun340.csv,46,True,statistical,triggerRate_bit1;triggerRate_bit2;triggerRate_tot,14.63,-0.4926
2026-04-09T17:43:37Z,Digitizer_run1640_subrun340.csv,47,True,statistical,triggerRate_bit1;triggerRate_bit2;triggerRate_tot,14.63,-0.4866
2026-04-09T17:43:37Z,Digitizer_run1640_subrun340.csv,48,True,statistical,triggerRate_bit1;triggerRate_bit2;triggerRate_tot,14.63,-0.4635
2026-04-09T17:43:37Z,Digitizer_run1640_subrun340.csv,49,True,statistical,triggerRate_bit1;triggerRate_bit2;triggerRate_tot,14.63,-0.4782
2026-04-09T17:43:37Z,Digitizer_run1640_subrun340.csv,50,True,statistical,triggerRate_bit1;triggerRate_bit2;triggerRate_tot,14.63,-0.4792
2026-04-09T17:43:37Z,Digitizer_run1640_subrun340.csv,51,True,statistical,triggerRate_bit1;triggerRate_bit2;triggerRate_tot,14.63,-0.4855
2026-04-09T17:43:37Z,Digitizer_run1640_subrun340.csv,52,True,statistical,triggerRate_bit1;triggerRate_bit2;triggerRate_tot,14.63,-0.4627
2026-04-09T17:43:37Z,Digitizer_run1640_subrun340.csv,53,True,statistical,triggerRate_bit1;triggerRate_bit2;triggerRate_tot,14.63,-0.472
2026-04-09T17:43:37Z,Digitizer_run1640_subrun340.csv,54,True,statistical,triggerRate_bit1;triggerRate_bit2;triggerRate_tot,14.63,-0.4841
2026-04-09T17:43:37Z,Digitizer_run1640_subrun340.csv,55,True,statistical,triggerRate_bit1;triggerRate_bit2;triggerRate_tot,14.63,-0.4754
2026-04-09T17:43:37Z,Digitizer_run1640_subrun340.csv,56,True,statistical+IF,sideband_mean_median;pulseDuriation_max_mean;pulseDuriation_max_median;occupancy;triggerRate_bit1;triggerRate_bit2;triggerRate_tot,14.63,-0.5456
2026-04-09T17:43:37Z,Digitizer_run1640_subrun340.csv,57,True,statistical,triggerRate_bit1;triggerRate_bit2;triggerRate_tot,14.63,-0.4773
2026-04-09T17:43:37Z,Digitizer_run1640_subrun340.csv,58,True,statistical,triggerRate_bit1;triggerRate_bit2;triggerRate_tot,14.63,-0.4957
2026-04-09T17:43:37Z,Digitizer_run1640_subrun340.csv,59,True,statistical,triggerRate_bit1;triggerRate_bit2;triggerRate_tot,14.63,-0.5002
2026-04-09T17:43:37Z,Digitizer_run1640_subrun340.csv,60,True,statistical,triggerRate_bit1;triggerRate_bit2;triggerRate_tot,14.63,-0.4552
2026-04-09T17:43:37Z,Digitizer_run1640_subrun340.csv,61,True,statistical,triggerRate_bit1;triggerRate_bit2;triggerRate_tot,14.63,-0.461
2026-04-09T17:43:37Z,Digitizer_run1640_subrun340.csv,62,True,statistical,triggerRate_bit1;triggerRate_bit2;triggerRate_tot,14.63,-0.4718
2026-04-09T17:43:37Z,Digitizer_run1640_subrun340.csv,63,True,statistical,triggerRate_bit1;triggerRate_bit2;triggerRate_tot,14.63,-0.4669
2026-04-09T17:43:37Z,Digitizer_run1640_subrun340.csv,64,True,statistical,triggerRate_bit1;triggerRate_bit2;triggerRate_tot,14.63,-0.4807
2026-04-09T17:43:37Z,Digitizer_run1640_subrun340.csv,65,True,statistical,triggerRate_bit1;triggerRate_bit2;triggerRate_tot,14.63,-0.4836
2026-04-09T17:43:37Z,Digitizer_run1640_subrun340.csv,66,True,statistical,sideband_rms_mean;triggerRate_bit1;triggerRate_bit2;triggerRate_tot,14.63,-0.4861
2026-04-09T17:43:37Z,Digitizer_run1640_subrun340.csv,67,True,statistical,triggerRate_bit1;triggerRate_bit2;triggerRate_tot,14.63,-0.4716
2026-04-09T17:43:37Z,Digitizer_run1640_subrun340.csv,68,True,statistical,triggerRate_bit1;triggerRate_bit2;triggerRate_tot,14.63,-0.4805
2026-04-09T17:43:37Z,Digitizer_run1640_subrun340.csv,69,True,statistical,triggerRate_bit1;triggerRate_bit2;triggerRate_tot,14.63,-0.4812
2026-04-09T17:43:37Z,Digitizer_run1640_subrun340.csv,70,True,statistical,triggerRate_bit1;triggerRate_bit2;triggerRate_tot,14.63,-0.4753
2026-04-09T17:43:37Z,Digitizer_run1640_subrun340.csv,71,True,statistical,triggerRate_bit1;triggerRate_bit2;triggerRate_tot,14.63,-0.4684
2026-04-09T17:43:37Z,Digitizer_run1640_subrun340.csv,72,True,statistical,triggerRate_bit1;triggerRate_bit2;triggerRate_tot,14.63,-0.4783
2026-04-09T17:43:37Z,Digitizer_run1640_subrun340.csv,73,True,statistical,triggerRate_bit1;triggerRate_bit2;triggerRate_tot,14.63,-0.4784
2026-04-09T17:43:37Z,Digitizer_run1640_subrun340.csv,74,True,statistical,triggerRate_bit1;triggerRate_bit2;triggerRate_tot,14.63,-0.4744
2026-04-09T17:43:37Z,Digitizer_run1640_subrun340.csv,75,True,statistical,triggerRate_bit1;triggerRate_bit2;triggerRate_tot,14.63,-0.4755
2026-04-09T17:43:37Z,Digitizer_run1640_subrun340.csv,76,True,statistical,triggerRate_bit1;triggerRate_bit2;triggerRate_tot,14.63,-0.4602
2026-04-09T17:43:37Z,Digitizer_run1640_subrun340.csv,77,True,statistical,triggerRate_bit1;triggerRate_bit2;triggerRate_tot,14.63,-0.4572
2026-04-09T17:43:37Z,Digitizer_run1640_subrun340.csv,78,True,statistical,triggerRate_bit1;triggerRate_bit2;triggerRate_tot,14.63,-0.4758
2026-04-09T17:43:37Z,Digitizer_run1640_subrun340.csv,79,True,statistical,triggerRate_bit1;triggerRate_bit2;triggerRate_tot,14.63,-0.4946
2026-04-09T17:43:37Z,Digitizer_run1640_subrun340.csv,80,True,statistical,nPulses_median;occupancy;triggerRate_bit1;triggerRate_bit2;triggerRate_tot,14.63,-0.4898
2026-04-09T17:43:37Z,Digitizer_run1640_subrun340.csv,81,True,statistical,triggerRate_bit1;triggerRate_bit2;triggerRate_tot,14.63,-0.4796
2026-04-09T17:43:37Z,Digitizer_run1640_subrun340.csv,82,True,statistical,triggerRate_bit1;triggerRate_bit2;triggerRate_tot,14.63,-0.4917
2026-04-09T17:43:37Z,Digitizer_run1640_subrun340.csv,83,True,statistical,triggerRate_bit1;triggerRate_bit2;triggerRate_tot,14.63,-0.4829
2026-04-09T17:43:37Z,Digitizer_run1640_subrun340.csv,84,True,statistical,triggerRate_bit1;triggerRate_bit2;triggerRate_tot,14.63,-0.4752
2026-04-09T17:43:37Z,Digitizer_run1640_subrun340.csv,85,True,statistical,triggerRate_bit1;triggerRate_bit2;triggerRate_tot,14.63,-0.4821
2026-04-09T17:43:37Z,Digitizer_run1640_subrun340.csv,86,True,statistical,triggerRate_bit1;triggerRate_bit2;triggerRate_tot,14.63,-0.4693
2026-04-09T17:43:37Z,Digitizer_run1640_subrun340.csv,87,True,statistical,triggerRate_bit1;triggerRate_bit2;triggerRate_tot,14.63,-0.492
2026-04-09T17:43:37Z,Digitizer_run1640_subrun340.csv,88,True,statistical,triggerRate_bit1;triggerRate_bit2;triggerRate_tot,14.63,-0.4709
2026-04-09T17:43:37Z,Digitizer_run1640_subrun340.csv,89,True,statistical,triggerRate_bit1;triggerRate_bit2;triggerRate_tot,14.63,-0.4905
2026-04-09T17:43:37Z,Digitizer_run1640_subrun340.csv,90,True,statistical+IF,triggerRate_bit1;triggerRate_bit2;triggerRate_tot,14.63,-0.5256
2026-04-09T17:43:37Z,Digitizer_run1640_subrun340.csv,91,True,statistical,pulseArea_min_mean;triggerRate_bit1;triggerRate_bit2;triggerRate_tot,14.63,-0.5103
2026-04-09T17:43:37Z,Digitizer_run1640_subrun340.csv,92,True,statistical,triggerRate_bit1;triggerRate_bit2;triggerRate_tot,14.63,-0.4933
2026-04-09T17:43:37Z,Digitizer_run1640_subrun340.csv,93,True,statistical,triggerRate_bit1;triggerRate_bit2;triggerRate_tot,14.63,-0.5048
2026-04-09T17:43:37Z,Digitizer_run1640_subrun340.csv,94,True,statistical+IF,triggerRate_bit1;triggerRate_bit2;triggerRate_tot,14.63,-0.5187
2026-04-09T17:43:37Z,Digitizer_run1640_subrun340.csv,95,True,statistical+IF,triggerRate_bit1;triggerRate_bit2;triggerRate_tot,14.63,-0.5232
2026-04-09T17:43:42Z,Digitizer_run1640_subrun227.csv,0,True,statistical,nPulses_std;triggerRate_bit1;triggerRate_bit2;triggerRate_bit5;triggerRate_tot,21.21,-0.494
2026-04-09T17:43:42Z,Digitizer_run1640_subrun227.csv,1,True,statistical,triggerRate_bit1;triggerRate_bit2;triggerRate_bit5;triggerRate_tot,21.21,-0.4973
2026-04-09T17:43:42Z,Digitizer_run1640_subrun227.csv,2,True,statistical,triggerRate_bit1;triggerRate_bit2;triggerRate_bit5;triggerRate_tot,21.21,-0.4777
2026-04-09T17:43:42Z,Digitizer_run1640_subrun227.csv,3,True,statistical,triggerRate_bit1;triggerRate_bit2;triggerRate_bit5;triggerRate_tot,21.21,-0.4783
2026-04-09T17:43:42Z,Digitizer_run1640_subrun227.csv,4,True,statistical,triggerRate_bit1;triggerRate_bit2;triggerRate_bit5;triggerRate_tot,21.21,-0.4831
2026-04-09T17:43:42Z,Digitizer_run1640_subrun227.csv,5,True,statistical,triggerRate_bit1;triggerRate_bit2;triggerRate_bit5;triggerRate_tot,21.21,-0.4953
2026-04-09T17:43:42Z,Digitizer_run1640_subrun227.csv,6,True,statistical,triggerRate_bit1;triggerRate_bit2;triggerRate_bit5;triggerRate_tot,21.21,-0.4998
2026-04-09T17:43:42Z,Digitizer_run1640_subrun227.csv,7,True,statistical,triggerRate_bit1;triggerRate_bit2;triggerRate_bit5;triggerRate_tot,21.21,-0.4742
2026-04-09T17:43:42Z,Digitizer_run1640_subrun227.csv,8,True,statistical,occupancy;triggerRate_bit1;triggerRate_bit2;triggerRate_bit5;triggerRate_tot,21.21,-0.4871
2026-04-09T17:43:42Z,Digitizer_run1640_subrun227.csv,9,True,statistical,occupancy;triggerRate_bit1;triggerRate_bit2;triggerRate_bit5;triggerRate_tot,21.21,-0.4811
2026-04-09T17:43:42Z,Digitizer_run1640_subrun227.csv,10,True,statistical,triggerRate_bit1;triggerRate_bit2;triggerRate_bit5;triggerRate_tot,21.21,-0.4952
2026-04-09T17:43:42Z,Digitizer_run1640_subrun227.csv,11,True,statistical,triggerRate_bit1;triggerRate_bit2;triggerRate_bit5;triggerRate_tot,21.21,-0.4994
2026-04-09T17:43:42Z,Digitizer_run1640_subrun227.csv,12,True,statistical,triggerRate_bit1;triggerRate_bit2;triggerRate_bit5;triggerRate_tot,21.21,-0.4572
2026-04-09T17:43:42Z,Digitizer_run1640_subrun227.csv,13,True,statistical,triggerRate_bit1;triggerRate_bit2;triggerRate_bit5;triggerRate_tot,21.21,-0.4979
2026-04-09T17:43:42Z,Digitizer_run1640_subrun227.csv,14,True,statistical,triggerRate_bit1;triggerRate_bit2;triggerRate_bit5;triggerRate_tot,21.21,-0.4736
2026-04-09T17:43:42Z,Digitizer_run1640_subrun227.csv,15,True,statistical,triggerRate_bit1;triggerRate_bit2;triggerRate_bit5;triggerRate_tot,21.21,-0.4948
2026-04-09T17:43:42Z,Digitizer_run1640_subrun227.csv,16,True,statistical,triggerRate_bit1;triggerRate_bit2;triggerRate_bit5;triggerRate_tot,21.21,-0.4795
2026-04-09T17:43:42Z,Digitizer_run1640_subrun227.csv,17,True,statistical,triggerRate_bit1;triggerRate_bit2;triggerRate_bit5;triggerRate_tot,21.21,-0.4765
2026-04-09T17:43:42Z,Digitizer_run1640_subrun227.csv,18,True,statistical,triggerRate_bit1;triggerRate_bit2;triggerRate_bit5;triggerRate_tot,21.21,-0.4602
2026-04-09T17:43:42Z,Digitizer_run1640_subrun227.csv,19,True,statistical,triggerRate_bit1;triggerRate_bit2;triggerRate_bit5;triggerRate_tot,21.21,-0.49
2026-04-09T17:43:42Z,Digitizer_run1640_subrun227.csv,20,True,statistical,triggerRate_bit1;triggerRate_bit2;triggerRate_bit5;triggerRate_tot,21.21,-0.4775
2026-04-09T17:43:42Z,Digitizer_run1640_subrun227.csv,21,True,statistical,triggerRate_bit1;triggerRate_bit2;triggerRate_bit5;triggerRate_tot,21.21,-0.4646
2026-04-09T17:43:42Z,Digitizer_run1640_subrun227.csv,22,True,statistical,triggerRate_bit1;triggerRate_bit2;triggerRate_bit5;triggerRate_tot,21.21,-0.4852
2026-04-09T17:43:42Z,Digitizer_run1640_subrun227.csv,23,True,statistical,triggerRate_bit1;triggerRate_bit2;triggerRate_bit5;triggerRate_tot,21.21,-0.4674
2026-04-09T17:43:42Z,Digitizer_run1640_subrun227.csv,24,True,statistical,triggerRate_bit1;triggerRate_bit2;triggerRate_bit5;triggerRate_tot,21.21,-0.4967
2026-04-09T17:43:42Z,Digitizer_run1640_subrun227.csv,25,True,statistical,triggerRate_bit1;triggerRate_bit2;triggerRate_bit5;triggerRate_tot,21.21,-0.4926
2026-04-09T17:43:42Z,Digitizer_run1640_subrun227.csv,26,True,statistical,triggerRate_bit1;triggerRate_bit2;triggerRate_bit5;triggerRate_tot,21.21,-0.4891
2026-04-09T17:43:42Z,Digitizer_run1640_subrun227.csv,27,True,statistical,triggerRate_bit1;triggerRate_bit2;triggerRate_bit5;triggerRate_tot,21.21,-0.5015
2026-04-09T17:43:42Z,Digitizer_run1640_subrun227.csv,28,True,statistical,triggerRate_bit1;triggerRate_bit2;triggerRate_bit5;triggerRate_tot,21.21,-0.4959
2026-04-09T17:43:42Z,Digitizer_run1640_subrun227.csv,29,True,statistical,triggerRate_bit1;triggerRate_bit2;triggerRate_bit5;triggerRate_tot,21.21,-0.4999
2026-04-09T17:43:42Z,Digitizer_run1640_subrun227.csv,30,True,statistical,triggerRate_bit1;triggerRate_bit2;triggerRate_bit5;triggerRate_tot,21.21,-0.4886
2026-04-09T17:43:42Z,Digitizer_run1640_subrun227.csv,31,True,statistical,triggerRate_bit1;triggerRate_bit2;triggerRate_bit5;triggerRate_tot,21.21,-0.4822
2026-04-09T17:43:42Z,Digitizer_run1640_subrun227.csv,32,True,statistical+IF,sideband_mean_median;nPulses_mean;nPulses_std;nPulses_median;pulseHeight_max_mean;pulseHeight_max_std;pulseHeight_min_mean;pulseHeight_min_std;pulseArea_max_mean;pulseDuriation_max_mean;pulseDuriation_max_median;pulseDuriation_min_mean;occupancy;triggerRate_bit1;triggerRate_bit2;triggerRate_bit5;triggerRate_tot,1000000.0,-0.5788
2026-04-09T17:43:42Z,Digitizer_run1640_subrun227.csv,33,True,statistical+IF,sideband_mean_median;pulseHeight_max_mean;pulseHeight_max_std;pulseHeight_min_mean;pulseHeight_min_std;pulseArea_max_mean;pulseDuriation_max_mean;pulseDuriation_max_median;occupancy;triggerRate_bit1;triggerRate_bit2;triggerRate_bit5;triggerRate_tot,52.85,-0.5394
2026-04-09T17:43:42Z,Digitizer_run1640_subrun227.csv,34,True,statistical,triggerRate_bit1;triggerRate_bit2;triggerRate_bit5;triggerRate_tot,21.21,-0.4711
2026-04-09T17:43:42Z,Digitizer_run1640_subrun227.csv,35,True,statistical,triggerRate_bit1;triggerRate_bit2;triggerRate_bit5;triggerRate_tot,21.21,-0.4859
2026-04-09T17:43:42Z,Digitizer_run1640_subrun227.csv,36,True,statistical,nPulses_std;triggerRate_bit1;triggerRate_bit2;triggerRate_bit5;triggerRate_tot,21.21,-0.4829
2026-04-09T17:43:42Z,Digitizer_run1640_subrun227.csv,37,True,statistical,triggerRate_bit1;triggerRate_bit2;triggerRate_bit5;triggerRate_tot,21.21,-0.4887
2026-04-09T17:43:42Z,Digitizer_run1640_subrun227.csv,38,True,statistical,sideband_mean_mean;triggerRate_bit1;triggerRate_bit2;triggerRate_bit5;triggerRate_tot,21.21,-0.507
2026-04-09T17:43:42Z,Digitizer_run1640_subrun227.csv,39,True,statistical,sideband_mean_mean;triggerRate_bit1;triggerRate_bit2;triggerRate_bit5;triggerRate_tot,21.21,-0.5098
2026-04-09T17:43:42Z,Digitizer_run1640_subrun227.csv,40,True,statistical,triggerRate_bit1;triggerRate_bit2;triggerRate_bit5;triggerRate_tot,21.21,-0.4781
2026-04-09T17:43:42Z,Digitizer_run1640_subrun227.csv,41,True,statistical,triggerRate_bit1;triggerRate_bit2;triggerRate_bit5;triggerRate_tot,21.21,-0.497
2026-04-09T17:43:42Z,Digitizer_run1640_subrun227.csv,42,True,statistical,triggerRate_bit1;triggerRate_bit2;triggerRate_bit5;triggerRate_tot,21.21,-0.4684
2026-04-09T17:43:42Z,Digitizer_run1640_subrun227.csv,43,True,statistical,triggerRate_bit1;triggerRate_bit2;triggerRate_bit5;triggerRate_tot,21.21,-0.4618
2026-04-09T17:43:42Z,Digitizer_run1640_subrun227.csv,44,True,statistical,triggerRate_bit1;triggerRate_bit2;triggerRate_bit5;triggerRate_tot,21.21,-0.5103
2026-04-09T17:43:42Z,Digitizer_run1640_subrun227.csv,45,True,statistical,triggerRate_bit1;triggerRate_bit2;triggerRate_bit5;triggerRate_tot,21.21,-0.5099
2026-04-09T17:43:42Z,Digitizer_run1640_subrun227.csv,46,True,statistical,triggerRate_bit1;triggerRate_bit2;triggerRate_bit5;triggerRate_tot,21.21,-0.5077
2026-04-09T17:43:42Z,Digitizer_run1640_subrun227.csv,47,True,statistical,triggerRate_bit1;triggerRate_bit2;triggerRate_bit5;triggerRate_tot,21.21,-0.4894
2026-04-09T17:43:42Z,Digitizer_run1640_subrun227.csv,48,True,statistical,triggerRate_bit1;triggerRate_bit2;triggerRate_bit5;triggerRate_tot,21.21,-0.4904
2026-04-09T17:43:42Z,Digitizer_run1640_subrun227.csv,49,True,statistical,triggerRate_bit1;triggerRate_bit2;triggerRate_bit5;triggerRate_tot,21.21,-0.4957
2026-04-09T17:43:42Z,Digitizer_run1640_subrun227.csv,50,True,statistical,triggerRate_bit1;triggerRate_bit2;triggerRate_bit5;triggerRate_tot,21.21,-0.4784
2026-04-09T17:43:42Z,Digitizer_run1640_subrun227.csv,51,True,statistical,triggerRate_bit1;triggerRate_bit2;triggerRate_bit5;triggerRate_tot,21.21,-0.4769
2026-04-09T17:43:42Z,Digitizer_run1640_subrun227.csv,52,True,statistical,triggerRate_bit1;triggerRate_bit2;triggerRate_bit5;triggerRate_tot,21.21,-0.4856
2026-04-09T17:43:42Z,Digitizer_run1640_subrun227.csv,53,True,statistical,triggerRate_bit1;triggerRate_bit2;triggerRate_bit5;triggerRate_tot,21.21,-0.4907
2026-04-09T17:43:42Z,Digitizer_run1640_subrun227.csv,54,True,statistical,triggerRate_bit1;triggerRate_bit2;triggerRate_bit5;triggerRate_tot,21.21,-0.4666
2026-04-09T17:43:42Z,Digitizer_run1640_subrun227.csv,55,True,statistical,triggerRate_bit1;triggerRate_bit2;triggerRate_bit5;triggerRate_tot,21.21,-0.4817
2026-04-09T17:43:42Z,Digitizer_run1640_subrun227.csv,56,True,statistical+IF,sideband_mean_median;pulseDuriation_max_mean;pulseDuriation_max_median;pulseDuriation_min_mean;occupancy;triggerRate_bit1;triggerRate_bit2;triggerRate_bit5;triggerRate_tot,21.21,-0.5484
2026-04-09T17:43:42Z,Digitizer_run1640_subrun227.csv,57,True,statistical,triggerRate_bit1;triggerRate_bit2;triggerRate_bit5;triggerRate_tot,21.21,-0.4792
2026-04-09T17:43:42Z,Digitizer_run1640_subrun227.csv,58,True,statistical,triggerRate_bit1;triggerRate_bit2;triggerRate_bit5;triggerRate_tot,21.21,-0.4809
2026-04-09T17:43:42Z,Digitizer_run1640_subrun227.csv,59,True,statistical,triggerRate_bit1;triggerRate_bit2;triggerRate_bit5;triggerRate_tot,21.21,-0.513
2026-04-09T17:43:42Z,Digitizer_run1640_subrun227.csv,60,True,statistical,triggerRate_bit1;triggerRate_bit2;triggerRate_bit5;triggerRate_tot,21.21,-0.471
2026-04-09T17:43:42Z,Digitizer_run1640_subrun227.csv,61,True,statistical,triggerRate_bit1;triggerRate_bit2;triggerRate_bit5;triggerRate_tot,21.21,-0.4911
2026-04-09T17:43:42Z,Digitizer_run1640_subrun227.csv,62,True,statistical,triggerRate_bit1;triggerRate_bit2;triggerRate_bit5;triggerRate_tot,21.21,-0.4821
2026-04-09T17:43:42Z,Digitizer_run1640_subrun227.csv,63,True,statistical,triggerRate_bit1;triggerRate_bit2;triggerRate_bit5;triggerRate_tot,21.21,-0.4801
2026-04-09T17:43:42Z,Digitizer_run1640_subrun227.csv,64,True,statistical,triggerRate_bit1;triggerRate_bit2;triggerRate_bit5;triggerRate_tot,21.21,-0.4637
2026-04-09T17:43:42Z,Digitizer_run1640_subrun227.csv,65,True,statistical,triggerRate_bit1;triggerRate_bit2;triggerRate_bit5;triggerRate_tot,21.21,-0.4583
2026-04-09T17:43:42Z,Digitizer_run1640_subrun227.csv,66,True,statistical,triggerRate_bit1;triggerRate_bit2;triggerRate_bit5;triggerRate_tot,21.21,-0.472
2026-04-09T17:43:42Z,Digitizer_run1640_subrun227.csv,67,True,statistical,triggerRate_bit1;triggerRate_bit2;triggerRate_bit5;triggerRate_tot,21.21,-0.4757
2026-04-09T17:43:42Z,Digitizer_run1640_subrun227.csv,68,True,statistical,triggerRate_bit1;triggerRate_bit2;triggerRate_bit5;triggerRate_tot,21.21,-0.504
2026-04-09T17:43:42Z,Digitizer_run1640_subrun227.csv,69,True,statistical,triggerRate_bit1;triggerRate_bit2;triggerRate_bit5;triggerRate_tot,21.21,-0.4749
2026-04-09T17:43:42Z,Digitizer_run1640_subrun227.csv,70,True,statistical,triggerRate_bit1;triggerRate_bit2;triggerRate_bit5;triggerRate_tot,21.21,-0.4546
2026-04-09T17:43:42Z,Digitizer_run1640_subrun227.csv,71,True,statistical,triggerRate_bit1;triggerRate_bit2;triggerRate_bit5;triggerRate_tot,21.21,-0.4929
2026-04-09T17:43:42Z,Digitizer_run1640_subrun227.csv,72,True,statistical,triggerRate_bit1;triggerRate_bit2;triggerRate_bit5;triggerRate_tot,21.21,-0.4746
2026-04-09T17:43:42Z,Digitizer_run1640_subrun227.csv,73,True,statistical,triggerRate_bit1;triggerRate_bit2;triggerRate_bit5;triggerRate_tot,21.21,-0.4669
2026-04-09T17:43:42Z,Digitizer_run1640_subrun227.csv,74,True,statistical,triggerRate_bit1;triggerRate_bit2;triggerRate_bit5;triggerRate_tot,21.21,-0.4874
2026-04-09T17:43:42Z,Digitizer_run1640_subrun227.csv,75,True,statistical,triggerRate_bit1;triggerRate_bit2;triggerRate_bit5;triggerRate_tot,21.21,-0.4653
2026-04-09T17:43:42Z,Digitizer_run1640_subrun227.csv,76,True,statistical,triggerRate_bit1;triggerRate_bit2;triggerRate_bit5;triggerRate_tot,21.21,-0.4905
2026-04-09T17:43:42Z,Digitizer_run1640_subrun227.csv,77,True,statistical,triggerRate_bit1;triggerRate_bit2;triggerRate_bit5;triggerRate_tot,21.21,-0.4727
2026-04-09T17:43:42Z,Digitizer_run1640_subrun227.csv,78,True,statistical,triggerRate_bit1;triggerRate_bit2;triggerRate_bit5;triggerRate_tot,21.21,-0.4947
2026-04-09T17:43:42Z,Digitizer_run1640_subrun227.csv,79,True,statistical,triggerRate_bit1;triggerRate_bit2;triggerRate_bit5;triggerRate_tot,21.21,-0.4959
2026-04-09T17:43:42Z,Digitizer_run1640_subrun227.csv,80,True,statistical,nPulses_median;occupancy;triggerRate_bit1;triggerRate_bit2;triggerRate_bit5;triggerRate_tot,21.21,-0.4928
2026-04-09T17:43:42Z,Digitizer_run1640_subrun227.csv,81,True,statistical,triggerRate_bit1;triggerRate_bit2;triggerRate_bit5;triggerRate_tot,21.21,-0.4642
2026-04-09T17:43:42Z,Digitizer_run1640_subrun227.csv,82,True,statistical,triggerRate_bit1;triggerRate_bit2;triggerRate_bit5;triggerRate_tot,21.21,-0.4701
2026-04-09T17:43:42Z,Digitizer_run1640_subrun227.csv,83,True,statistical,triggerRate_bit1;triggerRate_bit2;triggerRate_bit5;triggerRate_tot,21.21,-0.4649
2026-04-09T17:43:42Z,Digitizer_run1640_subrun227.csv,84,True,statistical,triggerRate_bit1;triggerRate_bit2;triggerRate_bit5;triggerRate_tot,21.21,-0.4734
2026-04-09T17:43:42Z,Digitizer_run1640_subrun227.csv,85,True,statistical,triggerRate_bit1;triggerRate_bit2;triggerRate_bit5;triggerRate_tot,21.21,-0.4795
2026-04-09T17:43:42Z,Digitizer_run1640_subrun227.csv,86,True,statistical,triggerRate_bit1;triggerRate_bit2;triggerRate_bit5;triggerRate_tot,21.21,-0.4749
2026-04-09T17:43:42Z,Digitizer_run1640_subrun227.csv,87,True,statistical,triggerRate_bit1;triggerRate_bit2;triggerRate_bit5;triggerRate_tot,21.21,-0.4757
2026-04-09T17:43:42Z,Digitizer_run1640_subrun227.csv,88,True,statistical,triggerRate_bit1;triggerRate_bit2;triggerRate_bit5;triggerRate_tot,21.21,-0.5116
2026-04-09T17:43:42Z,Digitizer_run1640_subrun227.csv,89,True,statistical,triggerRate_bit1;triggerRate_bit2;triggerRate_bit5;triggerRate_tot,21.21,-0.4782
2026-04-09T17:43:42Z,Digitizer_run1640_subrun227.csv,90,True,statistical,triggerRate_bit1;triggerRate_bit2;triggerRate_bit5;triggerRate_tot,21.21,-0.4744
2026-04-09T17:43:42Z,Digitizer_run1640_subrun227.csv,91,True,statistical,triggerRate_bit1;triggerRate_bit2;triggerRate_bit5;triggerRate_tot,21.21,-0.4942
2026-04-09T17:43:42Z,Digitizer_run1640_subrun227.csv,92,True,statistical,triggerRate_bit1;triggerRate_bit2;triggerRate_bit5;triggerRate_tot,21.21,-0.5032
2026-04-09T17:43:42Z,Digitizer_run1640_subrun227.csv,93,True,statistical+IF,triggerRate_bit1;triggerRate_bit2;triggerRate_bit5;triggerRate_tot,21.21,-0.5205
2026-04-09T17:43:42Z,Digitizer_run1640_subrun227.csv,94,True,statistical,triggerRate_bit1;triggerRate_bit2;triggerRate_bit5;triggerRate_tot,21.21,-0.4858
2026-04-09T17:43:42Z,Digitizer_run1640_subrun227.csv,95,True,statistical,triggerRate_bit1;triggerRate_bit2;triggerRate_bit5;triggerRate_tot,21.21,-0.4669
2026-04-09T17:43:46Z,Digitizer_run1642_subrun184.csv,32,True,missing_channel,missing_channel,nan,nan
2026-04-09T17:43:46Z,Digitizer_run1642_subrun184.csv,33,True,missing_channel,missing_channel,nan,nan
2026-04-09T17:43:46Z,Digitizer_run1642_subrun184.csv,0,True,statistical,LVDSpin16,6.19,-0.4785
2026-04-09T17:43:46Z,Digitizer_run1642_subrun184.csv,1,True,statistical,LVDSpin16,6.19,-0.4711
2026-04-09T17:43:46Z,Digitizer_run1642_subrun184.csv,2,True,statistical,LVDSpin16,6.19,-0.4923
2026-04-09T17:43:46Z,Digitizer_run1642_subrun184.csv,3,True,statistical,LVDSpin16,6.19,-0.469
2026-04-09T17:43:46Z,Digitizer_run1642_subrun184.csv,4,True,statistical,LVDSpin16,6.19,-0.467
2026-04-09T17:43:46Z,Digitizer_run1642_subrun184.csv,5,True,statistical,LVDSpin16,6.19,-0.4784
2026-04-09T17:43:46Z,Digitizer_run1642_subrun184.csv,6,True,statistical,LVDSpin16,6.19,-0.4706
2026-04-09T17:43:46Z,Digitizer_run1642_subrun184.csv,7,True,statistical,LVDSpin16,6.19,-0.4794
2026-04-09T17:43:46Z,Digitizer_run1642_subrun184.csv,8,True,statistical,LVDSpin16,6.19,-0.4888
2026-04-09T17:43:46Z,Digitizer_run1642_subrun184.csv,9,True,statistical,LVDSpin16,6.19,-0.48
2026-04-09T17:43:46Z,Digitizer_run1642_subrun184.csv,10,True,statistical,LVDSpin16,6.19,-0.4806
2026-04-09T17:43:46Z,Digitizer_run1642_subrun184.csv,11,True,statistical,LVDSpin16,6.19,-0.481
2026-04-09T17:43:46Z,Digitizer_run1642_subrun184.csv,12,True,statistical,LVDSpin16,6.19,-0.4852
2026-04-09T17:43:46Z,Digitizer_run1642_subrun184.csv,13,True,statistical,LVDSpin16,6.19,-0.499
2026-04-09T17:43:46Z,Digitizer_run1642_subrun184.csv,14,True,statistical,LVDSpin16,6.19,-0.4778
2026-04-09T17:43:46Z,Digitizer_run1642_subrun184.csv,15,True,statistical,LVDSpin16,6.19,-0.4736
2026-04-09T17:43:46Z,Digitizer_run1642_subrun184.csv,16,True,statistical,LVDSpin16,6.19,-0.4754
2026-04-09T17:43:46Z,Digitizer_run1642_subrun184.csv,17,True,statistical,LVDSpin16,6.19,-0.4798
2026-04-09T17:43:46Z,Digitizer_run1642_subrun184.csv,18,True,statistical,LVDSpin16,6.19,-0.474
2026-04-09T17:43:46Z,Digitizer_run1642_subrun184.csv,19,True,statistical,LVDSpin16,6.19,-0.4921
2026-04-09T17:43:46Z,Digitizer_run1642_subrun184.csv,20,True,statistical,LVDSpin16,6.19,-0.4856
2026-04-09T17:43:46Z,Digitizer_run1642_subrun184.csv,21,True,statistical,LVDSpin16,6.19,-0.4908
2026-04-09T17:43:46Z,Digitizer_run1642_subrun184.csv,22,True,statistical,LVDSpin16,6.19,-0.4897
2026-04-09T17:43:46Z,Digitizer_run1642_subrun184.csv,23,True,statistical,LVDSpin16,6.19,-0.4791
2026-04-09T17:43:46Z,Digitizer_run1642_subrun184.csv,24,True,statistical,LVDSpin16,6.19,-0.4816
2026-04-09T17:43:46Z,Digitizer_run1642_subrun184.csv,25,True,statistical,LVDSpin16,6.19,-0.4687
2026-04-09T17:43:46Z,Digitizer_run1642_subrun184.csv,26,True,statistical,LVDSpin16,6.19,-0.4661
2026-04-09T17:43:46Z,Digitizer_run1642_subrun184.csv,27,True,statistical,LVDSpin16,6.19,-0.4798
2026-04-09T17:43:46Z,Digitizer_run1642_subrun184.csv,28,True,statistical,LVDSpin16,6.19,-0.4699
2026-04-09T17:43:46Z,Digitizer_run1642_subrun184.csv,29,True,statistical,LVDSpin16,6.19,-0.4718
2026-04-09T17:43:46Z,Digitizer_run1642_subrun184.csv,30,True,statistical,LVDSpin16,6.19,-0.4716
2026-04-09T17:43:46Z,Digitizer_run1642_subrun184.csv,31,True,statistical,LVDSpin16,6.19,-0.4824
2026-04-09T17:43:46Z,Digitizer_run1642_subrun184.csv,34,True,statistical,LVDSpin16,6.19,-0.4726
2026-04-09T17:43:46Z,Digitizer_run1642_subrun184.csv,35,True,statistical,LVDSpin16,6.19,-0.467
2026-04-09T17:43:46Z,Digitizer_run1642_subrun184.csv,36,True,statistical,LVDSpin16,6.19,-0.4822
2026-04-09T17:43:46Z,Digitizer_run1642_subrun184.csv,37,True,statistical,LVDSpin16,6.19,-0.4936
2026-04-09T17:43:46Z,Digitizer_run1642_subrun184.csv,38,True,statistical,LVDSpin16,6.19,-0.493
2026-04-09T17:43:46Z,Digitizer_run1642_subrun184.csv,39,True,statistical,LVDSpin16,6.19,-0.4883
2026-04-09T17:43:46Z,Digitizer_run1642_subrun184.csv,40,True,statistical,LVDSpin16,6.19,-0.4791
2026-04-09T17:43:46Z,Digitizer_run1642_subrun184.csv,41,True,statistical,LVDSpin16,6.19,-0.4926
2026-04-09T17:43:46Z,Digitizer_run1642_subrun184.csv,42,True,statistical,LVDSpin16,6.19,-0.469
2026-04-09T17:43:46Z,Digitizer_run1642_subrun184.csv,43,True,statistical,LVDSpin16,6.19,-0.4695
2026-04-09T17:43:46Z,Digitizer_run1642_subrun184.csv,44,True,statistical,LVDSpin16,6.19,-0.4928
2026-04-09T17:43:46Z,Digitizer_run1642_subrun184.csv,45,True,statistical,LVDSpin16,6.19,-0.4912
2026-04-09T17:43:46Z,Digitizer_run1642_subrun184.csv,46,True,statistical,LVDSpin16,6.19,-0.4637
2026-04-09T17:43:46Z,Digitizer_run1642_subrun184.csv,47,True,statistical,LVDSpin16,6.19,-0.4769
2026-04-09T17:43:46Z,Digitizer_run1642_subrun184.csv,48,True,statistical,LVDSpin16,6.19,-0.4717
2026-04-09T17:43:46Z,Digitizer_run1642_subrun184.csv,49,True,statistical,LVDSpin16,6.19,-0.4799
2026-04-09T17:43:46Z,Digitizer_run1642_subrun184.csv,50,True,statistical,LVDSpin16,6.19,-0.4689
2026-04-09T17:43:46Z,Digitizer_run1642_subrun184.csv,51,True,statistical,LVDSpin16,6.19,-0.4656
2026-04-09T17:43:46Z,Digitizer_run1642_subrun184.csv,52,True,statistical,LVDSpin16,6.19,-0.474
2026-04-09T17:43:46Z,Digitizer_run1642_subrun184.csv,53,True,statistical,LVDSpin16,6.19,-0.4845
2026-04-09T17:43:46Z,Digitizer_run1642_subrun184.csv,54,True,statistical,LVDSpin16,6.19,-0.4912
2026-04-09T17:43:46Z,Digitizer_run1642_subrun184.csv,55,True,statistical,LVDSpin16,6.19,-0.4729
2026-04-09T17:43:46Z,Digitizer_run1642_subrun184.csv,56,True,statistical,LVDSpin16,6.19,-0.4768
2026-04-09T17:43:46Z,Digitizer_run1642_subrun184.csv,57,True,statistical,LVDSpin16,6.19,-0.4867
2026-04-09T17:43:46Z,Digitizer_run1642_subrun184.csv,58,True,statistical,LVDSpin16,6.19,-0.5122
2026-04-09T17:43:46Z,Digitizer_run1642_subrun184.csv,59,True,statistical,pulseHeight_max_median;pulseArea_max_median;LVDSpin16,6.19,-0.5105
2026-04-09T17:43:46Z,Digitizer_run1642_subrun184.csv,60,True,statistical+IF,LVDSpin16,6.19,-0.5234
2026-04-09T17:43:46Z,Digitizer_run1642_subrun184.csv,61,True,statistical,LVDSpin16,6.19,-0.4764
2026-04-09T17:43:46Z,Digitizer_run1642_subrun184.csv,62,True,statistical,LVDSpin16,6.19,-0.4666
2026-04-09T17:43:46Z,Digitizer_run1642_subrun184.csv,63,True,statistical,LVDSpin16,6.19,-0.47
2026-04-09T17:43:46Z,Digitizer_run1642_subrun184.csv,64,True,statistical,LVDSpin16,6.19,-0.5006
2026-04-09T17:43:46Z,Digitizer_run1642_subrun184.csv,65,True,statistical,LVDSpin16,6.19,-0.4898
2026-04-09T17:43:46Z,Digitizer_run1642_subrun184.csv,66,True,statistical,LVDSpin16,6.19,-0.4789
2026-04-09T17:43:46Z,Digitizer_run1642_subrun184.csv,67,True,statistical,LVDSpin16,6.19,-0.4844
2026-04-09T17:43:46Z,Digitizer_run1642_subrun184.csv,68,True,statistical,LVDSpin16,6.19,-0.4668
2026-04-09T17:43:46Z,Digitizer_run1642_subrun184.csv,69,True,statistical,LVDSpin16,6.19,-0.4794
2026-04-09T17:43:46Z,Digitizer_run1642_subrun184.csv,70,True,statistical,LVDSpin16,6.19,-0.4783
2026-04-09T17:43:46Z,Digitizer_run1642_subrun184.csv,71,True,statistical,LVDSpin16,6.19,-0.4797
2026-04-09T17:43:46Z,Digitizer_run1642_subrun184.csv,72,True,statistical,LVDSpin16,6.19,-0.5026
2026-04-09T17:43:46Z,Digitizer_run1642_subrun184.csv,73,True,statistical,LVDSpin16,6.19,-0.4867
2026-04-09T17:43:46Z,Digitizer_run1642_subrun184.csv,74,True,statistical,LVDSpin16,6.19,-0.4671
2026-04-09T17:43:46Z,Digitizer_run1642_subrun184.csv,75,True,statistical,LVDSpin16,6.19,-0.4771
2026-04-09T17:43:46Z,Digitizer_run1642_subrun184.csv,76,True,statistical,LVDSpin16,6.19,-0.4707
2026-04-09T17:43:46Z,Digitizer_run1642_subrun184.csv,77,True,statistical,LVDSpin16,6.19,-0.4696
2026-04-09T17:43:46Z,Digitizer_run1642_subrun184.csv,78,True,statistical,LVDSpin16,6.19,-0.484
2026-04-09T17:43:46Z,Digitizer_run1642_subrun184.csv,79,True,statistical,LVDSpin16,6.19,-0.4817
2026-04-09T17:43:46Z,Digitizer_run1642_subrun184.csv,80,True,statistical,LVDSpin16,6.19,-0.4851
2026-04-09T17:43:46Z,Digitizer_run1642_subrun184.csv,81,True,statistical,LVDSpin16,6.19,-0.4744
2026-04-09T17:43:46Z,Digitizer_run1642_subrun184.csv,82,True,statistical,LVDSpin16,6.19,-0.4802
2026-04-09T17:43:46Z,Digitizer_run1642_subrun184.csv,83,True,statistical,LVDSpin16,6.19,-0.4746
2026-04-09T17:43:46Z,Digitizer_run1642_subrun184.csv,84,True,statistical,LVDSpin16,6.19,-0.4736
2026-04-09T17:43:46Z,Digitizer_run1642_subrun184.csv,85,True,statistical,LVDSpin16,6.19,-0.5061
2026-04-09T17:43:46Z,Digitizer_run1642_subrun184.csv,86,True,statistical,LVDSpin16,6.19,-0.5043
2026-04-09T17:43:46Z,Digitizer_run1642_subrun184.csv,87,True,statistical,LVDSpin16,6.19,-0.4893
2026-04-09T17:43:46Z,Digitizer_run1642_subrun184.csv,88,True,statistical,LVDSpin16,6.19,-0.4822
2026-04-09T17:43:46Z,Digitizer_run1642_subrun184.csv,89,True,statistical,LVDSpin16,6.19,-0.472
2026-04-09T17:43:46Z,Digitizer_run1642_subrun184.csv,90,True,statistical,LVDSpin16,6.19,-0.512
2026-04-09T17:43:46Z,Digitizer_run1642_subrun184.csv,91,True,statistical,LVDSpin16,6.19,-0.4865
2026-04-09T17:43:46Z,Digitizer_run1642_subrun184.csv,92,True,statistical,LVDSpin16,6.19,-0.49
2026-04-09T17:43:46Z,Digitizer_run1642_subrun184.csv,93,True,statistical,LVDSpin16,6.19,-0.5062
2026-04-09T17:43:46Z,Digitizer_run1642_subrun184.csv,94,True,statistical,LVDSpin16,6.19,-0.4913
2026-04-09T17:43:46Z,Digitizer_run1642_subrun184.csv,95,True,statistical,LVDSpin16,6.19,-0.4869
2026-04-09T17:43:50Z,Digitizer_run1640_subrun99.csv,0,True,statistical,triggerRate_bit2;triggerRate_tot,10.34,-0.4943
2026-04-09T17:43:50Z,Digitizer_run1640_subrun99.csv,1,True,statistical+IF,triggerRate_bit2;triggerRate_tot,10.34,-0.5193
2026-04-09T17:43:50Z,Digitizer_run1640_subrun99.csv,2,True,statistical,triggerRate_bit2;triggerRate_tot,10.34,-0.4958
2026-04-09T17:43:50Z,Digitizer_run1640_subrun99.csv,3,True,statistical,triggerRate_bit2;triggerRate_tot,10.34,-0.5018
2026-04-09T17:43:50Z,Digitizer_run1640_subrun99.csv,4,True,statistical,triggerRate_bit2;triggerRate_tot,10.34,-0.5119
2026-04-09T17:43:50Z,Digitizer_run1640_subrun99.csv,5,True,statistical,triggerRate_bit2;triggerRate_tot,10.34,-0.4923
2026-04-09T17:43:50Z,Digitizer_run1640_subrun99.csv,6,True,statistical,triggerRate_bit2;triggerRate_tot,10.34,-0.4946
2026-04-09T17:43:50Z,Digitizer_run1640_subrun99.csv,7,True,statistical,triggerRate_bit2;triggerRate_tot,10.34,-0.4891
2026-04-09T17:43:50Z,Digitizer_run1640_subrun99.csv,8,True,statistical,occupancy;triggerRate_bit2;triggerRate_tot,10.34,-0.4982
2026-04-09T17:43:50Z,Digitizer_run1640_subrun99.csv,9,True,statistical,occupancy;triggerRate_bit2;triggerRate_tot,10.34,-0.5139
2026-04-09T17:43:50Z,Digitizer_run1640_subrun99.csv,10,True,statistical+IF,pulseArea_max_std;pulseArea_min_std;triggerRate_bit2;triggerRate_tot,10.34,-0.5402
2026-04-09T17:43:50Z,Digitizer_run1640_subrun99.csv,11,True,statistical+IF,triggerRate_bit2;triggerRate_tot,10.34,-0.5259
2026-04-09T17:43:50Z,Digitizer_run1640_subrun99.csv,12,True,statistical+IF,triggerRate_bit2;triggerRate_tot,10.34,-0.5383
2026-04-09T17:43:50Z,Digitizer_run1640_subrun99.csv,13,True,statistical+IF,triggerRate_bit2;triggerRate_tot,10.34,-0.5451
2026-04-09T17:43:50Z,Digitizer_run1640_subrun99.csv,14,True,statistical,triggerRate_bit2;triggerRate_tot,10.34,-0.4835
2026-04-09T17:43:50Z,Digitizer_run1640_subrun99.csv,15,True,statistical,triggerRate_bit2;triggerRate_tot,10.34,-0.4838
2026-04-09T17:43:50Z,Digitizer_run1640_subrun99.csv,16,True,statistical,triggerRate_bit2;triggerRate_tot,10.34,-0.4933
2026-04-09T17:43:50Z,Digitizer_run1640_subrun99.csv,17,True,statistical,triggerRate_bit2;triggerRate_tot,10.34,-0.4963
2026-04-09T17:43:50Z,Digitizer_run1640_subrun99.csv,18,True,statistical,triggerRate_bit2;triggerRate_tot,10.34,-0.4919
2026-04-09T17:43:50Z,Digitizer_run1640_subrun99.csv,19,True,statistical,triggerRate_bit2;triggerRate_tot,10.34,-0.506
2026-04-09T17:43:50Z,Digitizer_run1640_subrun99.csv,20,True,statistical+IF,triggerRate_bit2;triggerRate_tot,10.34,-0.5191
2026-04-09T17:43:50Z,Digitizer_run1640_subrun99.csv,21,True,statistical+IF,triggerRate_bit2;triggerRate_tot,10.34,-0.5236
2026-04-09T17:43:50Z,Digitizer_run1640_subrun99.csv,22,True,statistical,triggerRate_bit2;triggerRate_tot,10.34,-0.5059
2026-04-09T17:43:50Z,Digitizer_run1640_subrun99.csv,23,True,statistical,triggerRate_bit2;triggerRate_tot,10.34,-0.5056
2026-04-09T17:43:50Z,Digitizer_run1640_subrun99.csv,24,True,statistical,triggerRate_bit2;triggerRate_tot,10.34,-0.4957
2026-04-09T17:43:50Z,Digitizer_run1640_subrun99.csv,25,True,statistical,triggerRate_bit2;triggerRate_tot,10.34,-0.4972
2026-04-09T17:43:50Z,Digitizer_run1640_subrun99.csv,26,True,statistical,triggerRate_bit2;triggerRate_tot,10.34,-0.489
2026-04-09T17:43:50Z,Digitizer_run1640_subrun99.csv,27,True,statistical,triggerRate_bit2;triggerRate_tot,10.34,-0.4938
2026-04-09T17:43:50Z,Digitizer_run1640_subrun99.csv,28,True,statistical+IF,triggerRate_bit2;triggerRate_tot,10.34,-0.5224
2026-04-09T17:43:50Z,Digitizer_run1640_subrun99.csv,29,True,statistical+IF,triggerRate_bit2;triggerRate_tot,10.34,-0.527
2026-04-09T17:43:50Z,Digitizer_run1640_subrun99.csv,30,True,statistical,triggerRate_bit2;triggerRate_tot,10.34,-0.5093
2026-04-09T17:43:50Z,Digitizer_run1640_subrun99.csv,31,True,statistical,triggerRate_bit2;triggerRate_tot,10.34,-0.5098
2026-04-09T17:43:50Z,Digitizer_run1640_subrun99.csv,32,True,statistical+IF,pulseHeight_max_mean;pulseHeight_max_std;pulseHeight_min_mean;pulseArea_max_mean;pulseDuriation_max_mean;pulseDuriation_max_median;occupancy;triggerRate_bit2;triggerRate_tot,47.7,-0.5785
2026-04-09T17:43:50Z,Digitizer_run1640_subrun99.csv,33,True,statistical+IF,pulseHeight_max_mean;pulseHeight_max_std;pulseArea_max_mean;pulseDuriation_max_mean;pulseDuriation_max_median;occupancy;triggerRate_bit2;triggerRate_tot,25.59,-0.5627
2026-04-09T17:43:50Z,Digitizer_run1640_subrun99.csv,34,True,statistical,triggerRate_bit2;triggerRate_tot,10.34,-0.5037
2026-04-09T17:43:50Z,Digitizer_run1640_subrun99.csv,35,True,statistical,triggerRate_bit2;triggerRate_tot,10.34,-0.4946
2026-04-09T17:43:50Z,Digitizer_run1640_subrun99.csv,36,True,statistical,triggerRate_bit2;triggerRate_tot,10.34,-0.5073
2026-04-09T17:43:50Z,Digitizer_run1640_subrun99.csv,37,True,statistical,triggerRate_bit2;triggerRate_tot,10.34,-0.5098
2026-04-09T17:43:50Z,Digitizer_run1640_subrun99.csv,38,True,statistical,triggerRate_bit2;triggerRate_tot,10.34,-0.5001
2026-04-09T17:43:50Z,Digitizer_run1640_subrun99.csv,39,True,statistical,triggerRate_bit2;triggerRate_tot,10.34,-0.4994
2026-04-09T17:43:50Z,Digitizer_run1640_subrun99.csv,40,True,statistical,triggerRate_bit2;triggerRate_tot,10.34,-0.4953
2026-04-09T17:43:50Z,Digitizer_run1640_subrun99.csv,41,True,statistical,triggerRate_bit2;triggerRate_tot,10.34,-0.4889
2026-04-09T17:43:50Z,Digitizer_run1640_subrun99.csv,42,True,statistical,triggerRate_bit2;triggerRate_tot,10.34,-0.4929
2026-04-09T17:43:50Z,Digitizer_run1640_subrun99.csv,43,True,statistical,triggerRate_bit2;triggerRate_tot,10.34,-0.5105
2026-04-09T17:43:50Z,Digitizer_run1640_subrun99.csv,44,True,statistical,triggerRate_bit2;triggerRate_tot,10.34,-0.4999
2026-04-09T17:43:50Z,Digitizer_run1640_subrun99.csv,45,True,statistical,triggerRate_bit2;triggerRate_tot,10.34,-0.5092
2026-04-09T17:43:50Z,Digitizer_run1640_subrun99.csv,46,True,statistical,triggerRate_bit2;triggerRate_tot,10.34,-0.5053
2026-04-09T17:43:50Z,Digitizer_run1640_subrun99.csv,47,True,statistical,triggerRate_bit2;triggerRate_tot,10.34,-0.5093
2026-04-09T17:43:50Z,Digitizer_run1640_subrun99.csv,48,True,statistical,triggerRate_bit2;triggerRate_tot,10.34,-0.4955
2026-04-09T17:43:50Z,Digitizer_run1640_subrun99.csv,49,True,statistical,triggerRate_bit2;triggerRate_tot,10.34,-0.5102
2026-04-09T17:43:50Z,Digitizer_run1640_subrun99.csv,50,True,statistical,triggerRate_bit2;triggerRate_tot,10.34,-0.4919
2026-04-09T17:43:50Z,Digitizer_run1640_subrun99.csv,51,True,statistical,triggerRate_bit2;triggerRate_tot,10.34,-0.4853
2026-04-09T17:43:50Z,Digitizer_run1640_subrun99.csv,52,True,statistical,triggerRate_bit2;triggerRate_tot,10.34,-0.4972
2026-04-09T17:43:50Z,Digitizer_run1640_subrun99.csv,53,True,statistical,triggerRate_bit2;triggerRate_tot,10.34,-0.4997
2026-04-09T17:43:50Z,Digitizer_run1640_subrun99.csv,54,True,statistical,triggerRate_bit2;triggerRate_tot,10.34,-0.4912
2026-04-09T17:43:50Z,Digitizer_run1640_subrun99.csv,55,True,statistical,triggerRate_bit2;triggerRate_tot,10.34,-0.4949
2026-04-09T17:43:50Z,Digitizer_run1640_subrun99.csv,56,True,statistical+IF,sideband_mean_median;pulseDuriation_max_mean;pulseDuriation_max_median;occupancy;triggerRate_bit2;triggerRate_tot,11.01,-0.5482
2026-04-09T17:43:50Z,Digitizer_run1640_subrun99.csv,57,True,statistical,triggerRate_bit2;triggerRate_tot,10.34,-0.5025
2026-04-09T17:43:50Z,Digitizer_run1640_subrun99.csv,58,True,statistical+IF,triggerRate_bit2;triggerRate_tot,10.34,-0.5196
2026-04-09T17:43:50Z,Digitizer_run1640_subrun99.csv,59,True,statistical,triggerRate_bit2;triggerRate_tot,10.34,-0.5012
2026-04-09T17:43:50Z,Digitizer_run1640_subrun99.csv,60,True,statistical+IF,triggerRate_bit2;triggerRate_tot,10.34,-0.5217
2026-04-09T17:43:50Z,Digitizer_run1640_subrun99.csv,61,True,statistical,triggerRate_bit2;triggerRate_tot,10.34,-0.5053
2026-04-09T17:43:50Z,Digitizer_run1640_subrun99.csv,62,True,statistical,triggerRate_bit2;triggerRate_tot,10.34,-0.5046
2026-04-09T17:43:50Z,Digitizer_run1640_subrun99.csv,63,True,statistical,triggerRate_bit2;triggerRate_tot,10.34,-0.4911
2026-04-09T17:43:50Z,Digitizer_run1640_subrun99.csv,64,True,statistical+IF,triggerRate_bit2;triggerRate_tot,10.34,-0.5191
2026-04-09T17:43:50Z,Digitizer_run1640_subrun99.csv,65,True,statistical+IF,triggerRate_bit2;triggerRate_tot,10.34,-0.5152
2026-04-09T17:43:50Z,Digitizer_run1640_subrun99.csv,66,True,statistical,triggerRate_bit2;triggerRate_tot,10.34,-0.4999
2026-04-09T17:43:50Z,Digitizer_run1640_subrun99.csv,67,True,statistical,triggerRate_bit2;triggerRate_tot,10.34,-0.4925
2026-04-09T17:43:50Z,Digitizer_run1640_subrun99.csv,68,True,statistical+IF,triggerRate_bit2;triggerRate_tot,10.34,-0.5265
2026-04-09T17:43:50Z,Digitizer_run1640_subrun99.csv,69,True,statistical,triggerRate_bit2;triggerRate_tot,10.34,-0.5058
2026-04-09T17:43:50Z,Digitizer_run1640_subrun99.csv,70,True,statistical,triggerRate_bit2;triggerRate_tot,10.34,-0.4906
2026-04-09T17:43:50Z,Digitizer_run1640_subrun99.csv,71,True,statistical,triggerRate_bit2;triggerRate_tot,10.34,-0.4937
2026-04-09T17:43:50Z,Digitizer_run1640_subrun99.csv,72,True,statistical+IF,triggerRate_bit2;triggerRate_tot,10.34,-0.5181
2026-04-09T17:43:50Z,Digitizer_run1640_subrun99.csv,73,True,statistical+IF,triggerRate_bit2;triggerRate_tot,10.34,-0.5209
2026-04-09T17:43:50Z,Digitizer_run1640_subrun99.csv,74,True,statistical,triggerRate_bit2;triggerRate_tot,10.34,-0.4974
2026-04-09T17:43:50Z,Digitizer_run1640_subrun99.csv,75,True,statistical,triggerRate_bit2;triggerRate_tot,10.34,-0.4964
2026-04-09T17:43:50Z,Digitizer_run1640_subrun99.csv,76,True,statistical,triggerRate_bit2;triggerRate_tot,10.34,-0.4951
2026-04-09T17:43:50Z,Digitizer_run1640_subrun99.csv,77,True,statistical+IF,triggerRate_bit2;triggerRate_tot,10.34,-0.5206
2026-04-09T17:43:50Z,Digitizer_run1640_subrun99.csv,78,True,statistical,triggerRate_bit2;triggerRate_tot,10.34,-0.5073
2026-04-09T17:43:50Z,Digitizer_run1640_subrun99.csv,79,True,statistical,triggerRate_bit2;triggerRate_tot,10.34,-0.5011
2026-04-09T17:43:50Z,Digitizer_run1640_subrun99.csv,80,True,statistical+IF,nPulses_median;occupancy;triggerRate_bit2;triggerRate_tot,10.34,-0.5319
2026-04-09T17:43:50Z,Digitizer_run1640_subrun99.csv,81,True,statistical,triggerRate_bit2;triggerRate_tot,10.34,-0.5071
2026-04-09T17:43:50Z,Digitizer_run1640_subrun99.csv,82,True,statistical,triggerRate_bit2;triggerRate_tot,10.34,-0.5054
2026-04-09T17:43:50Z,Digitizer_run1640_subrun99.csv,83,True,statistical,triggerRate_bit2;triggerRate_tot,10.34,-0.4984
2026-04-09T17:43:50Z,Digitizer_run1640_subrun99.csv,84,True,statistical,triggerRate_bit2;triggerRate_tot,10.34,-0.4902
2026-04-09T17:43:50Z,Digitizer_run1640_subrun99.csv,85,True,statistical,triggerRate_bit2;triggerRate_tot,10.34,-0.4864
2026-04-09T17:43:50Z,Digitizer_run1640_subrun99.csv,86,True,statistical,triggerRate_bit2;triggerRate_tot,10.34,-0.4919
2026-04-09T17:43:50Z,Digitizer_run1640_subrun99.csv,87,True,statistical,triggerRate_bit2;triggerRate_tot,10.34,-0.4975
2026-04-09T17:43:50Z,Digitizer_run1640_subrun99.csv,88,True,statistical+IF,triggerRate_bit2;triggerRate_tot,10.34,-0.5522
2026-04-09T17:43:50Z,Digitizer_run1640_subrun99.csv,89,True,statistical+IF,triggerRate_bit2;triggerRate_tot,10.34,-0.5247
2026-04-09T17:43:50Z,Digitizer_run1640_subrun99.csv,90,True,statistical,triggerRate_bit2;triggerRate_tot,10.34,-0.5008
2026-04-09T17:43:50Z,Digitizer_run1640_subrun99.csv,91,True,statistical,triggerRate_bit2;triggerRate_tot,10.34,-0.5065
2026-04-09T17:43:50Z,Digitizer_run1640_subrun99.csv,92,True,statistical,triggerRate_bit2;triggerRate_tot,10.34,-0.5032
2026-04-09T17:43:50Z,Digitizer_run1640_subrun99.csv,93,True,statistical,triggerRate_bit2;triggerRate_tot,10.34,-0.4957
2026-04-09T17:43:50Z,Digitizer_run1640_subrun99.csv,94,True,statistical,triggerRate_bit2;triggerRate_tot,10.34,-0.4971
2026-04-09T17:43:50Z,Digitizer_run1640_subrun99.csv,95,True,statistical,triggerRate_bit2;triggerRate_tot,10.34,-0.5012
2026-04-09T17:43:54Z,Digitizer_run1640_subrun20.csv,0,False,,,4.87,-0.5089
2026-04-09T17:43:54Z,Digitizer_run1640_subrun20.csv,1,False,,,4.87,-0.4947
2026-04-09T17:43:54Z,Digitizer_run1640_subrun20.csv,2,False,,,4.87,-0.4871
2026-04-09T17:43:54Z,Digitizer_run1640_subrun20.csv,3,False,,,4.87,-0.501
2026-04-09T17:43:54Z,Digitizer_run1640_subrun20.csv,4,False,,,4.87,-0.4983
2026-04-09T17:43:54Z,Digitizer_run1640_subrun20.csv,5,False,,,4.87,-0.4864
2026-04-09T17:43:54Z,Digitizer_run1640_subrun20.csv,6,False,,,4.87,-0.4869
2026-04-09T17:43:54Z,Digitizer_run1640_subrun20.csv,7,False,,,4.87,-0.4886
2026-04-09T17:43:54Z,Digitizer_run1640_subrun20.csv,8,False,,,4.93,-0.4933
2026-04-09T17:43:54Z,Digitizer_run1640_subrun20.csv,9,False,,,4.87,-0.4884
2026-04-09T17:43:54Z,Digitizer_run1640_subrun20.csv,10,False,,,4.87,-0.4934
2026-04-09T17:43:54Z,Digitizer_run1640_subrun20.csv,11,False,,,4.87,-0.4947
2026-04-09T17:43:54Z,Digitizer_run1640_subrun20.csv,12,False,,,4.87,-0.4816
2026-04-09T17:43:54Z,Digitizer_run1640_subrun20.csv,13,False,,,4.87,-0.4869
2026-04-09T17:43:54Z,Digitizer_run1640_subrun20.csv,14,False,,,4.87,-0.4953
2026-04-09T17:43:54Z,Digitizer_run1640_subrun20.csv,15,False,,,4.87,-0.4924
2026-04-09T17:43:54Z,Digitizer_run1640_subrun20.csv,16,False,,,4.87,-0.5049
2026-04-09T17:43:54Z,Digitizer_run1640_subrun20.csv,17,True,isolation_forest,,4.87,-0.5269
2026-04-09T17:43:54Z,Digitizer_run1640_subrun20.csv,18,False,,,4.87,-0.5002
2026-04-09T17:43:54Z,Digitizer_run1640_subrun20.csv,19,True,isolation_forest,,4.87,-0.5144
2026-04-09T17:43:54Z,Digitizer_run1640_subrun20.csv,20,False,,,4.87,-0.4971
2026-04-09T17:43:54Z,Digitizer_run1640_subrun20.csv,21,False,,,4.87,-0.495
2026-04-09T17:43:54Z,Digitizer_run1640_subrun20.csv,22,True,isolation_forest,,4.87,-0.5151
2026-04-09T17:43:54Z,Digitizer_run1640_subrun20.csv,23,True,isolation_forest,,4.87,-0.5168
2026-04-09T17:43:54Z,Digitizer_run1640_subrun20.csv,24,False,,,4.87,-0.498
2026-04-09T17:43:54Z,Digitizer_run1640_subrun20.csv,25,False,,,4.87,-0.4856
2026-04-09T17:43:54Z,Digitizer_run1640_subrun20.csv,26,True,isolation_forest,,4.87,-0.5274
2026-04-09T17:43:54Z,Digitizer_run1640_subrun20.csv,27,True,isolation_forest,,4.87,-0.5179
2026-04-09T17:43:54Z,Digitizer_run1640_subrun20.csv,28,False,,,4.87,-0.4942
2026-04-09T17:43:54Z,Digitizer_run1640_subrun20.csv,29,False,,,4.87,-0.4842
2026-04-09T17:43:54Z,Digitizer_run1640_subrun20.csv,30,False,,,4.87,-0.5073
2026-04-09T17:43:54Z,Digitizer_run1640_subrun20.csv,31,False,,,4.87,-0.4862
2026-04-09T17:43:54Z,Digitizer_run1640_subrun20.csv,32,True,statistical+IF,pulseHeight_max_mean;pulseHeight_max_std;pulseDuriation_max_mean;pulseDuriation_max_median;occupancy,28.91,-0.5491
2026-04-09T17:43:54Z,Digitizer_run1640_subrun20.csv,33,True,statistical+IF,pulseHeight_max_mean;pulseDuriation_max_median;occupancy,12.02,-0.5501
2026-04-09T17:43:54Z,Digitizer_run1640_subrun20.csv,34,False,,,4.87,-0.4781
2026-04-09T17:43:54Z,Digitizer_run1640_subrun20.csv,35,False,,,4.87,-0.4874
2026-04-09T17:43:54Z,Digitizer_run1640_subrun20.csv,36,False,,,4.87,-0.4934
2026-04-09T17:43:54Z,Digitizer_run1640_subrun20.csv,37,False,,,4.87,-0.49
2026-04-09T17:43:54Z,Digitizer_run1640_subrun20.csv,38,False,,,4.87,-0.4803
2026-04-09T17:43:54Z,Digitizer_run1640_subrun20.csv,39,False,,,4.87,-0.4884
2026-04-09T17:43:54Z,Digitizer_run1640_subrun20.csv,40,False,,,4.87,-0.4935
2026-04-09T17:43:54Z,Digitizer_run1640_subrun20.csv,41,False,,,4.87,-0.4897
2026-04-09T17:43:54Z,Digitizer_run1640_subrun20.csv,42,False,,,4.87,-0.5005
2026-04-09T17:43:54Z,Digitizer_run1640_subrun20.csv,43,False,,,4.87,-0.4782
2026-04-09T17:43:54Z,Digitizer_run1640_subrun20.csv,44,False,,,4.87,-0.4857
2026-04-09T17:43:54Z,Digitizer_run1640_subrun20.csv,45,False,,,4.87,-0.49
2026-04-09T17:43:54Z,Digitizer_run1640_subrun20.csv,46,False,,,4.87,-0.4718
2026-04-09T17:43:54Z,Digitizer_run1640_subrun20.csv,47,False,,,4.87,-0.4767
2026-04-09T17:43:54Z,Digitizer_run1640_subrun20.csv,48,False,,,4.87,-0.4909
2026-04-09T17:43:54Z,Digitizer_run1640_subrun20.csv,49,False,,,4.87,-0.4766
2026-04-09T17:43:54Z,Digitizer_run1640_subrun20.csv,50,False,,,4.87,-0.486
2026-04-09T17:43:54Z,Digitizer_run1640_subrun20.csv,51,False,,,4.87,-0.4915
2026-04-09T17:43:54Z,Digitizer_run1640_subrun20.csv,52,False,,,4.87,-0.4787
2026-04-09T17:43:54Z,Digitizer_run1640_subrun20.csv,53,False,,,4.87,-0.4822
2026-04-09T17:43:54Z,Digitizer_run1640_subrun20.csv,54,False,,,4.87,-0.4909
2026-04-09T17:43:54Z,Digitizer_run1640_subrun20.csv,55,False,,,4.87,-0.488
2026-04-09T17:43:54Z,Digitizer_run1640_subrun20.csv,56,True,statistical+IF,occupancy,5.2,-0.5225
2026-04-09T17:43:54Z,Digitizer_run1640_subrun20.csv,57,False,,,4.87,-0.4815
2026-04-09T17:43:54Z,Digitizer_run1640_subrun20.csv,58,False,,,4.87,-0.4754
2026-04-09T17:43:54Z,Digitizer_run1640_subrun20.csv,59,False,,,4.87,-0.4922
2026-04-09T17:43:54Z,Digitizer_run1640_subrun20.csv,60,True,isolation_forest,,4.87,-0.5318
2026-04-09T17:43:54Z,Digitizer_run1640_subrun20.csv,61,False,,,4.87,-0.4937
2026-04-09T17:43:54Z,Digitizer_run1640_subrun20.csv,62,False,,,4.87,-0.4928
2026-04-09T17:43:54Z,Digitizer_run1640_subrun20.csv,63,False,,,4.87,-0.4958
2026-04-09T17:43:54Z,Digitizer_run1640_subrun20.csv,64,True,isolation_forest,,4.87,-0.5192
2026-04-09T17:43:54Z,Digitizer_run1640_subrun20.csv,65,False,,,4.87,-0.5131
2026-04-09T17:43:54Z,Digitizer_run1640_subrun20.csv,66,False,,,4.87,-0.4857
2026-04-09T17:43:54Z,Digitizer_run1640_subrun20.csv,67,False,,,4.87,-0.4902
2026-04-09T17:43:54Z,Digitizer_run1640_subrun20.csv,68,False,,,4.87,-0.5
2026-04-09T17:43:54Z,Digitizer_run1640_subrun20.csv,69,False,,,4.87,-0.4995
2026-04-09T17:43:54Z,Digitizer_run1640_subrun20.csv,70,False,,,4.87,-0.4919
2026-04-09T17:43:54Z,Digitizer_run1640_subrun20.csv,71,False,,,4.87,-0.4957
2026-04-09T17:43:54Z,Digitizer_run1640_subrun20.csv,72,False,,,4.87,-0.4846
2026-04-09T17:43:54Z,Digitizer_run1640_subrun20.csv,73,False,,,4.87,-0.4749
2026-04-09T17:43:54Z,Digitizer_run1640_subrun20.csv,74,False,,,4.87,-0.4962
2026-04-09T17:43:54Z,Digitizer_run1640_subrun20.csv,75,False,,,4.87,-0.5012
2026-04-09T17:43:54Z,Digitizer_run1640_subrun20.csv,76,False,,,4.87,-0.4714
2026-04-09T17:43:54Z,Digitizer_run1640_subrun20.csv,77,False,,,4.87,-0.5022
2026-04-09T17:43:54Z,Digitizer_run1640_subrun20.csv,78,False,,,4.87,-0.4797
2026-04-09T17:43:54Z,Digitizer_run1640_subrun20.csv,79,False,,,4.87,-0.4863
2026-04-09T17:43:54Z,Digitizer_run1640_subrun20.csv,80,False,,,4.87,-0.4859
2026-04-09T17:43:54Z,Digitizer_run1640_subrun20.csv,81,False,,,4.87,-0.4959
2026-04-09T17:43:54Z,Digitizer_run1640_subrun20.csv,82,False,,,4.87,-0.4961
2026-04-09T17:43:54Z,Digitizer_run1640_subrun20.csv,83,False,,,4.87,-0.496
2026-04-09T17:43:54Z,Digitizer_run1640_subrun20.csv,84,False,,,4.87,-0.5011
2026-04-09T17:43:54Z,Digitizer_run1640_subrun20.csv,85,False,,,4.87,-0.4908
2026-04-09T17:43:54Z,Digitizer_run1640_subrun20.csv,86,False,,,4.87,-0.4712
2026-04-09T17:43:54Z,Digitizer_run1640_subrun20.csv,87,False,,,4.87,-0.476
2026-04-09T17:43:54Z,Digitizer_run1640_subrun20.csv,88,False,,,4.87,-0.4896
2026-04-09T17:43:54Z,Digitizer_run1640_subrun20.csv,89,False,,,4.87,-0.501
2026-04-09T17:43:54Z,Digitizer_run1640_subrun20.csv,90,True,isolation_forest,,4.87,-0.5232
2026-04-09T17:43:54Z,Digitizer_run1640_subrun20.csv,91,True,isolation_forest,,4.87,-0.5435
2026-04-09T17:43:54Z,Digitizer_run1640_subrun20.csv,92,False,,,4.87,-0.5061
2026-04-09T17:43:54Z,Digitizer_run1640_subrun20.csv,93,True,isolation_forest,,4.87,-0.542
2026-04-09T17:43:54Z,Digitizer_run1640_subrun20.csv,94,True,isolation_forest,,4.87,-0.5288
2026-04-09T17:43:54Z,Digitizer_run1640_subrun20.csv,95,False,,,4.87,-0.4979
2026-04-09T17:44:00Z,Digitizer_run1640_subrun10.csv,0,True,statistical+IF,triggerRate_bit1;triggerRate_bit2;triggerRate_bit5;triggerRate_bit7;triggerRate_tot,40.99,-0.5559
2026-04-09T17:44:00Z,Digitizer_run1640_subrun10.csv,1,True,statistical+IF,triggerRate_bit1;triggerRate_bit2;triggerRate_bit5;triggerRate_bit7;triggerRate_tot,40.99,-0.5472
2026-04-09T17:44:00Z,Digitizer_run1640_subrun10.csv,2,True,statistical+IF,triggerRate_bit1;triggerRate_bit2;triggerRate_bit5;triggerRate_bit7;triggerRate_tot,40.99,-0.5463
2026-04-09T17:44:00Z,Digitizer_run1640_subrun10.csv,3,True,statistical+IF,triggerRate_bit1;triggerRate_bit2;triggerRate_bit5;triggerRate_bit7;triggerRate_tot,40.99,-0.543
2026-04-09T17:44:00Z,Digitizer_run1640_subrun10.csv,4,True,statistical+IF,sideband_mean_mean;triggerRate_bit1;triggerRate_bit2;triggerRate_bit5;triggerRate_bit7;triggerRate_tot,40.99,-0.5572
2026-04-09T17:44:00Z,Digitizer_run1640_subrun10.csv,5,True,statistical+IF,triggerRate_bit1;triggerRate_bit2;triggerRate_bit5;triggerRate_bit7;triggerRate_tot,40.99,-0.5744
2026-04-09T17:44:00Z,Digitizer_run1640_subrun10.csv,6,True,statistical+IF,triggerRate_bit1;triggerRate_bit2;triggerRate_bit5;triggerRate_bit7;triggerRate_tot,40.99,-0.5582
2026-04-09T17:44:00Z,Digitizer_run1640_subrun10.csv,7,True,statistical+IF,occupancy;triggerRate_bit1;triggerRate_bit2;triggerRate_bit5;triggerRate_bit7;triggerRate_tot,40.99,-0.5649
2026-04-09T17:44:00Z,Digitizer_run1640_subrun10.csv,8,True,statistical+IF,occupancy;triggerRate_bit1;triggerRate_bit2;triggerRate_bit5;triggerRate_bit7;triggerRate_tot,40.99,-0.567
2026-04-09T17:44:00Z,Digitizer_run1640_subrun10.csv,9,True,statistical+IF,occupancy;triggerRate_bit1;triggerRate_bit2;triggerRate_bit5;triggerRate_bit7;triggerRate_tot,40.99,-0.5417
2026-04-09T17:44:00Z,Digitizer_run1640_subrun10.csv,10,True,statistical+IF,triggerRate_bit1;triggerRate_bit2;triggerRate_bit5;triggerRate_bit7;triggerRate_tot,40.99,-0.5494
2026-04-09T17:44:00Z,Digitizer_run1640_subrun10.csv,11,True,statistical+IF,triggerRate_bit1;triggerRate_bit2;triggerRate_bit5;triggerRate_bit7;triggerRate_tot,40.99,-0.5578
2026-04-09T17:44:00Z,Digitizer_run1640_subrun10.csv,12,True,statistical+IF,triggerRate_bit1;triggerRate_bit2;triggerRate_bit5;triggerRate_bit7;triggerRate_tot,40.99,-0.5535
2026-04-09T17:44:00Z,Digitizer_run1640_subrun10.csv,13,True,statistical+IF,triggerRate_bit1;triggerRate_bit2;triggerRate_bit5;triggerRate_bit7;triggerRate_tot,40.99,-0.5645
2026-04-09T17:44:00Z,Digitizer_run1640_subrun10.csv,14,True,statistical+IF,sideband_rms_median;triggerRate_bit1;triggerRate_bit2;triggerRate_bit5;triggerRate_bit7;triggerRate_tot,40.99,-0.5826
2026-04-09T17:44:00Z,Digitizer_run1640_subrun10.csv,15,True,statistical+IF,triggerRate_bit1;triggerRate_bit2;triggerRate_bit5;triggerRate_bit7;triggerRate_tot,40.99,-0.5801
2026-04-09T17:44:00Z,Digitizer_run1640_subrun10.csv,16,True,statistical+IF,triggerRate_bit1;triggerRate_bit2;triggerRate_bit5;triggerRate_bit7;triggerRate_tot,40.99,-0.5487
2026-04-09T17:44:00Z,Digitizer_run1640_subrun10.csv,17,True,statistical+IF,triggerRate_bit1;triggerRate_bit2;triggerRate_bit5;triggerRate_bit7;triggerRate_tot,40.99,-0.5495
2026-04-09T17:44:00Z,Digitizer_run1640_subrun10.csv,18,True,statistical+IF,triggerRate_bit1;triggerRate_bit2;triggerRate_bit5;triggerRate_bit7;triggerRate_tot,40.99,-0.5412
2026-04-09T17:44:00Z,Digitizer_run1640_subrun10.csv,19,True,statistical+IF,triggerRate_bit1;triggerRate_bit2;triggerRate_bit5;triggerRate_bit7;triggerRate_tot,40.99,-0.5425
2026-04-09T17:44:00Z,Digitizer_run1640_subrun10.csv,20,True,statistical+IF,triggerRate_bit1;triggerRate_bit2;triggerRate_bit5;triggerRate_bit7;triggerRate_tot,40.99,-0.5457
2026-04-09T17:44:00Z,Digitizer_run1640_subrun10.csv,21,True,statistical+IF,triggerRate_bit1;triggerRate_bit2;triggerRate_bit5;triggerRate_bit7;triggerRate_tot,40.99,-0.5632
2026-04-09T17:44:00Z,Digitizer_run1640_subrun10.csv,22,True,statistical+IF,triggerRate_bit1;triggerRate_bit2;triggerRate_bit5;triggerRate_bit7;triggerRate_tot,40.99,-0.5538
2026-04-09T17:44:00Z,Digitizer_run1640_subrun10.csv,23,True,statistical+IF,triggerRate_bit1;triggerRate_bit2;triggerRate_bit5;triggerRate_bit7;triggerRate_tot,40.99,-0.5457
2026-04-09T17:44:00Z,Digitizer_run1640_subrun10.csv,24,True,statistical+IF,occupancy;triggerRate_bit1;triggerRate_bit2;triggerRate_bit5;triggerRate_bit7;triggerRate_tot,40.99,-0.5567
2026-04-09T17:44:00Z,Digitizer_run1640_subrun10.csv,25,True,statistical+IF,occupancy;triggerRate_bit1;triggerRate_bit2;triggerRate_bit5;triggerRate_bit7;triggerRate_tot,40.99,-0.5417
2026-04-09T17:44:00Z,Digitizer_run1640_subrun10.csv,26,True,statistical+IF,occupancy;triggerRate_bit1;triggerRate_bit2;triggerRate_bit5;triggerRate_bit7;triggerRate_tot,40.99,-0.5493
2026-04-09T17:44:00Z,Digitizer_run1640_subrun10.csv,27,True,statistical+IF,occupancy;triggerRate_bit1;triggerRate_bit2;triggerRate_bit5;triggerRate_bit7;triggerRate_tot,40.99,-0.5508
2026-04-09T17:44:00Z,Digitizer_run1640_subrun10.csv,28,True,statistical+IF,occupancy;triggerRate_bit1;triggerRate_bit2;triggerRate_bit5;triggerRate_bit7;triggerRate_tot,40.99,-0.5617
2026-04-09T17:44:00Z,Digitizer_run1640_subrun10.csv,29,True,statistical+IF,occupancy;triggerRate_bit1;triggerRate_bit2;triggerRate_bit5;triggerRate_bit7;triggerRate_tot,40.99,-0.556
2026-04-09T17:44:00Z,Digitizer_run1640_subrun10.csv,30,True,statistical+IF,occupancy;triggerRate_bit1;triggerRate_bit2;triggerRate_bit5;triggerRate_bit7;triggerRate_tot,40.99,-0.557
2026-04-09T17:44:00Z,Digitizer_run1640_subrun10.csv,31,True,statistical+IF,occupancy;triggerRate_bit1;triggerRate_bit2;triggerRate_bit5;triggerRate_bit7;triggerRate_tot,40.99,-0.5635
2026-04-09T17:44:00Z,Digitizer_run1640_subrun10.csv,32,True,statistical+IF,sideband_mean_median;sideband_rms_median;nPulses_mean;nPulses_std;nPulses_median;pulseHeight_max_mean;pulseHeight_max_std;pulseHeight_min_mean;pulseHeight_min_std;pulseArea_max_mean;pulseDuriation_max_median;pulseDuriation_min_mean;occupancy;triggerRate_bit1;triggerRate_bit2;triggerRate_bit5;triggerRate_bit7;triggerRate_tot,3000000.0,-0.621
2026-04-09T17:44:00Z,Digitizer_run1640_subrun10.csv,33,True,statistical+IF,sideband_mean_median;nPulses_mean;nPulses_median;pulseHeight_max_mean;pulseHeight_max_std;pulseHeight_min_mean;pulseHeight_min_std;pulseArea_max_mean;pulseDuriation_max_mean;pulseDuriation_max_median;occupancy;triggerRate_bit1;triggerRate_bit2;triggerRate_bit5;triggerRate_bit7;triggerRate_tot,87.01,-0.6139
2026-04-09T17:44:00Z,Digitizer_run1640_subrun10.csv,34,True,statistical+IF,occupancy;triggerRate_bit1;triggerRate_bit2;triggerRate_bit5;triggerRate_bit7;triggerRate_tot,40.99,-0.5378
2026-04-09T17:44:00Z,Digitizer_run1640_subrun10.csv,35,True,statistical+IF,occupancy;triggerRate_bit1;triggerRate_bit2;triggerRate_bit5;triggerRate_bit7;triggerRate_tot,40.99,-0.5376
2026-04-09T17:44:00Z,Digitizer_run1640_subrun10.csv,36,True,statistical+IF,occupancy;triggerRate_bit1;triggerRate_bit2;triggerRate_bit5;triggerRate_bit7;triggerRate_tot,40.99,-0.5741
2026-04-09T17:44:00Z,Digitizer_run1640_subrun10.csv,37,True,statistical+IF,triggerRate_bit1;triggerRate_bit2;triggerRate_bit5;triggerRate_bit7;triggerRate_tot,40.99,-0.5693
2026-04-09T17:44:00Z,Digitizer_run1640_subrun10.csv,38,True,statistical+IF,occupancy;triggerRate_bit1;triggerRate_bit2;triggerRate_bit5;triggerRate_bit7;triggerRate_tot,40.99,-0.5687
2026-04-09T17:44:00Z,Digitizer_run1640_subrun10.csv,39,True,statistical+IF,occupancy;triggerRate_bit1;triggerRate_bit2;triggerRate_bit5;triggerRate_bit7;triggerRate_tot,40.99,-0.5621
2026-04-09T17:44:00Z,Digitizer_run1640_subrun10.csv,40,True,statistical+IF,triggerRate_bit1;triggerRate_bit2;triggerRate_bit5;triggerRate_bit7;triggerRate_tot,40.99,-0.5723
2026-04-09T17:44:00Z,Digitizer_run1640_subrun10.csv,41,True,statistical+IF,triggerRate_bit1;triggerRate_bit2;triggerRate_bit5;triggerRate_bit7;triggerRate_tot,40.99,-0.5616
2026-04-09T17:44:00Z,Digitizer_run1640_subrun10.csv,42,True,statistical+IF,triggerRate_bit1;triggerRate_bit2;triggerRate_bit5;triggerRate_bit7;triggerRate_tot,40.99,-0.5502
2026-04-09T17:44:00Z,Digitizer_run1640_subrun10.csv,43,True,statistical+IF,triggerRate_bit1;triggerRate_bit2;triggerRate_bit5;triggerRate_bit7;triggerRate_tot,40.99,-0.5416
2026-04-09T17:44:00Z,Digitizer_run1640_subrun10.csv,44,True,statistical+IF,triggerRate_bit1;triggerRate_bit2;triggerRate_bit5;triggerRate_bit7;triggerRate_tot,40.99,-0.5613
2026-04-09T17:44:00Z,Digitizer_run1640_subrun10.csv,45,True,statistical+IF,triggerRate_bit1;triggerRate_bit2;triggerRate_bit5;triggerRate_bit7;triggerRate_tot,40.99,-0.573
2026-04-09T17:44:00Z,Digitizer_run1640_subrun10.csv,46,True,statistical+IF,occupancy;triggerRate_bit1;triggerRate_bit2;triggerRate_bit5;triggerRate_bit7;triggerRate_tot,40.99,-0.5732
2026-04-09T17:44:00Z,Digitizer_run1640_subrun10.csv,47,True,statistical+IF,occupancy;triggerRate_bit1;triggerRate_bit2;triggerRate_bit5;triggerRate_bit7;triggerRate_tot,40.99,-0.5819
2026-04-09T17:44:00Z,Digitizer_run1640_subrun10.csv,48,True,statistical+IF,triggerRate_bit1;triggerRate_bit2;triggerRate_bit5;triggerRate_bit7;triggerRate_tot,40.99,-0.5801
2026-04-09T17:44:00Z,Digitizer_run1640_subrun10.csv,49,True,statistical+IF,pulseDuriation_max_median;triggerRate_bit1;triggerRate_bit2;triggerRate_bit5;triggerRate_bit7;triggerRate_tot,40.99,-0.5854
2026-04-09T17:44:00Z,Digitizer_run1640_subrun10.csv,50,True,statistical+IF,triggerRate_bit1;triggerRate_bit2;triggerRate_bit5;triggerRate_bit7;triggerRate_tot,40.99,-0.581
2026-04-09T17:44:00Z,Digitizer_run1640_subrun10.csv,51,True,statistical+IF,triggerRate_bit1;triggerRate_bit2;triggerRate_bit5;triggerRate_bit7;triggerRate_tot,40.99,-0.5739
2026-04-09T17:44:00Z,Digitizer_run1640_subrun10.csv,52,True,statistical+IF,triggerRate_bit1;triggerRate_bit2;triggerRate_bit5;triggerRate_bit7;triggerRate_tot,40.99,-0.5912
2026-04-09T17:44:00Z,Digitizer_run1640_subrun10.csv,53,True,statistical+IF,triggerRate_bit1;triggerRate_bit2;triggerRate_bit5;triggerRate_bit7;triggerRate_tot,40.99,-0.5968
2026-04-09T17:44:00Z,Digitizer_run1640_subrun10.csv,54,True,statistical+IF,triggerRate_bit1;triggerRate_bit2;triggerRate_bit5;triggerRate_bit7;triggerRate_tot,40.99,-0.561
2026-04-09T17:44:00Z,Digitizer_run1640_subrun10.csv,55,True,statistical+IF,triggerRate_bit1;triggerRate_bit2;triggerRate_bit5;triggerRate_bit7;triggerRate_tot,40.99,-0.5799
2026-04-09T17:44:00Z,Digitizer_run1640_subrun10.csv,56,True,statistical+IF,sideband_mean_median;pulseDuriation_max_mean;pulseDuriation_max_median;occupancy;triggerRate_bit1;triggerRate_bit2;triggerRate_bit5;triggerRate_bit7;triggerRate_tot,40.99,-0.5928
2026-04-09T17:44:00Z,Digitizer_run1640_subrun10.csv,57,True,statistical+IF,triggerRate_bit1;triggerRate_bit2;triggerRate_bit5;triggerRate_bit7;triggerRate_tot,40.99,-0.5399
2026-04-09T17:44:00Z,Digitizer_run1640_subrun10.csv,58,True,statistical+IF,pulseHeight_max_std;pulseDuriation_max_median;triggerRate_bit1;triggerRate_bit2;triggerRate_bit5;triggerRate_bit7;triggerRate_tot,40.99,-0.5918
2026-04-09T17:44:00Z,Digitizer_run1640_subrun10.csv,59,True,statistical+IF,pulseDuriation_max_median;triggerRate_bit1;triggerRate_bit2;triggerRate_bit5;triggerRate_bit7;triggerRate_tot,40.99,-0.5948
2026-04-09T17:44:00Z,Digitizer_run1640_subrun10.csv,60,True,statistical+IF,triggerRate_bit1;triggerRate_bit2;triggerRate_bit5;triggerRate_bit7;triggerRate_tot,40.99,-0.5733
2026-04-09T17:44:00Z,Digitizer_run1640_subrun10.csv,61,True,statistical+IF,triggerRate_bit1;triggerRate_bit2;triggerRate_bit5;triggerRate_bit7;triggerRate_tot,40.99,-0.5741
2026-04-09T17:44:00Z,Digitizer_run1640_subrun10.csv,62,True,statistical+IF,triggerRate_bit1;triggerRate_bit2;triggerRate_bit5;triggerRate_bit7;triggerRate_tot,40.99,-0.5497
2026-04-09T17:44:00Z,Digitizer_run1640_subrun10.csv,63,True,statistical+IF,triggerRate_bit1;triggerRate_bit2;triggerRate_bit5;triggerRate_bit7;triggerRate_tot,40.99,-0.5434
2026-04-09T17:44:00Z,Digitizer_run1640_subrun10.csv,64,True,statistical+IF,triggerRate_bit1;triggerRate_bit2;triggerRate_bit5;triggerRate_bit7;triggerRate_tot,40.99,-0.5697
2026-04-09T17:44:00Z,Digitizer_run1640_subrun10.csv,65,True,statistical+IF,triggerRate_bit1;triggerRate_bit2;triggerRate_bit5;triggerRate_bit7;triggerRate_tot,40.99,-0.5681
2026-04-09T17:44:00Z,Digitizer_run1640_subrun10.csv,66,True,statistical+IF,triggerRate_bit1;triggerRate_bit2;triggerRate_bit5;triggerRate_bit7;triggerRate_tot,40.99,-0.5537
2026-04-09T17:44:00Z,Digitizer_run1640_subrun10.csv,67,True,statistical+IF,triggerRate_bit1;triggerRate_bit2;triggerRate_bit5;triggerRate_bit7;triggerRate_tot,40.99,-0.5476
2026-04-09T17:44:00Z,Digitizer_run1640_subrun10.csv,68,True,statistical+IF,sideband_mean_mean;triggerRate_bit1;triggerRate_bit2;triggerRate_bit5;triggerRate_bit7;triggerRate_tot,40.99,-0.5662
2026-04-09T17:44:00Z,Digitizer_run1640_subrun10.csv,69,True,statistical+IF,sideband_mean_mean;triggerRate_bit1;triggerRate_bit2;triggerRate_bit5;triggerRate_bit7;triggerRate_tot,40.99,-0.5584
2026-04-09T17:44:00Z,Digitizer_run1640_subrun10.csv,70,True,statistical+IF,triggerRate_bit1;triggerRate_bit2;triggerRate_bit5;triggerRate_bit7;triggerRate_tot,40.99,-0.5512
2026-04-09T17:44:00Z,Digitizer_run1640_subrun10.csv,71,True,statistical+IF,triggerRate_bit1;triggerRate_bit2;triggerRate_bit5;triggerRate_bit7;triggerRate_tot,40.99,-0.5613
2026-04-09T17:44:00Z,Digitizer_run1640_subrun10.csv,72,True,statistical+IF,triggerRate_bit1;triggerRate_bit2;triggerRate_bit5;triggerRate_bit7;triggerRate_tot,40.99,-0.5578
2026-04-09T17:44:00Z,Digitizer_run1640_subrun10.csv,73,True,statistical+IF,triggerRate_bit1;triggerRate_bit2;triggerRate_bit5;triggerRate_bit7;triggerRate_tot,40.99,-0.5754
2026-04-09T17:44:00Z,Digitizer_run1640_subrun10.csv,74,True,statistical+IF,triggerRate_bit1;triggerRate_bit2;triggerRate_bit5;triggerRate_bit7;triggerRate_tot,40.99,-0.5499
2026-04-09T17:44:00Z,Digitizer_run1640_subrun10.csv,75,True,statistical+IF,triggerRate_bit1;triggerRate_bit2;triggerRate_bit5;triggerRate_bit7;triggerRate_tot,40.99,-0.5423
2026-04-09T17:44:00Z,Digitizer_run1640_subrun10.csv,76,True,statistical+IF,triggerRate_bit1;triggerRate_bit2;triggerRate_bit5;triggerRate_bit7;triggerRate_tot,40.99,-0.5552
2026-04-09T17:44:00Z,Digitizer_run1640_subrun10.csv,77,True,statistical+IF,triggerRate_bit1;triggerRate_bit2;triggerRate_bit5;triggerRate_bit7;triggerRate_tot,40.99,-0.5413
2026-04-09T17:44:00Z,Digitizer_run1640_subrun10.csv,78,True,statistical+IF,triggerRate_bit1;triggerRate_bit2;triggerRate_bit5;triggerRate_bit7;triggerRate_tot,40.99,-0.5759
2026-04-09T17:44:00Z,Digitizer_run1640_subrun10.csv,79,True,statistical+IF,triggerRate_bit1;triggerRate_bit2;triggerRate_bit5;triggerRate_bit7;triggerRate_tot,40.99,-0.5618
2026-04-09T17:44:00Z,Digitizer_run1640_subrun10.csv,80,True,statistical+IF,nPulses_mean;nPulses_median;occupancy;triggerRate_bit1;triggerRate_bit2;triggerRate_bit5;triggerRate_bit7;triggerRate_tot,40.99,-0.5747
2026-04-09T17:44:00Z,Digitizer_run1640_subrun10.csv,81,True,statistical+IF,occupancy;triggerRate_bit1;triggerRate_bit2;triggerRate_bit5;triggerRate_bit7;triggerRate_tot,40.99,-0.5707
2026-04-09T17:44:00Z,Digitizer_run1640_subrun10.csv,82,True,statistical+IF,triggerRate_bit1;triggerRate_bit2;triggerRate_bit5;triggerRate_bit7;triggerRate_tot,40.99,-0.5524
2026-04-09T17:44:00Z,Digitizer_run1640_subrun10.csv,83,True,statistical+IF,triggerRate_bit1;triggerRate_bit2;triggerRate_bit5;triggerRate_bit7;triggerRate_tot,40.99,-0.5486
2026-04-09T17:44:00Z,Digitizer_run1640_subrun10.csv,84,True,statistical+IF,triggerRate_bit1;triggerRate_bit2;triggerRate_bit5;triggerRate_bit7;triggerRate_tot,40.99,-0.5623
2026-04-09T17:44:00Z,Digitizer_run1640_subrun10.csv,85,True,statistical+IF,triggerRate_bit1;triggerRate_bit2;triggerRate_bit5;triggerRate_bit7;triggerRate_tot,40.99,-0.5419
2026-04-09T17:44:00Z,Digitizer_run1640_subrun10.csv,86,True,statistical+IF,triggerRate_bit1;triggerRate_bit2;triggerRate_bit5;triggerRate_bit7;triggerRate_tot,40.99,-0.5645
2026-04-09T17:44:00Z,Digitizer_run1640_subrun10.csv,87,True,statistical+IF,triggerRate_bit1;triggerRate_bit2;triggerRate_bit5;triggerRate_bit7;triggerRate_tot,40.99,-0.5804
2026-04-09T17:44:00Z,Digitizer_run1640_subrun10.csv,88,True,statistical+IF,sideband_rms_mean;triggerRate_bit1;triggerRate_bit2;triggerRate_bit5;triggerRate_bit7;triggerRate_tot,40.99,-0.5683
2026-04-09T17:44:00Z,Digitizer_run1640_subrun10.csv,89,True,statistical+IF,triggerRate_bit1;triggerRate_bit2;triggerRate_bit5;triggerRate_bit7;triggerRate_tot,40.99,-0.5755
2026-04-09T17:44:00Z,Digitizer_run1640_subrun10.csv,90,True,statistical+IF,triggerRate_bit1;triggerRate_bit2;triggerRate_bit5;triggerRate_bit7;triggerRate_tot,40.99,-0.5634
2026-04-09T17:44:00Z,Digitizer_run1640_subrun10.csv,91,True,statistical+IF,triggerRate_bit1;triggerRate_bit2;triggerRate_bit5;triggerRate_bit7;triggerRate_tot,40.99,-0.5441
2026-04-09T17:44:00Z,Digitizer_run1640_subrun10.csv,92,True,statistical+IF,triggerRate_bit1;triggerRate_bit2;triggerRate_bit5;triggerRate_bit7;triggerRate_tot,40.99,-0.5551
2026-04-09T17:44:00Z,Digitizer_run1640_subrun10.csv,93,True,statistical+IF,triggerRate_bit1;triggerRate_bit2;triggerRate_bit5;triggerRate_bit7;triggerRate_tot,40.99,-0.5723
2026-04-09T17:44:00Z,Digitizer_run1640_subrun10.csv,94,True,statistical+IF,triggerRate_bit1;triggerRate_bit2;triggerRate_bit5;triggerRate_bit7;triggerRate_tot,40.99,-0.5597
2026-04-09T17:44:00Z,Digitizer_run1640_subrun10.csv,95,True,statistical+IF,triggerRate_bit1;triggerRate_bit2;triggerRate_bit5;triggerRate_bit7;triggerRate_tot,40.99,-0.5711
