timestamp,filename,channel,anomalous,method,triggered_features,max_z,if_score
2026-04-09T17:38:22Z,Digitizer_run1607_subrun339.csv,0,False,,,2.68,-0.4567
2026-04-09T17:38:22Z,Digitizer_run1607_subrun339.csv,1,False,,,4.17,-0.4733
2026-04-09T17:38:22Z,Digitizer_run1607_subrun339.csv,2,False,,,3.18,-0.4646
2026-04-09T17:38:22Z,Digitizer_run1607_subrun339.csv,3,False,,,3.31,-0.4588
2026-04-09T17:38:22Z,Digitizer_run1607_subrun339.csv,4,False,,,2.62,-0.4593
2026-04-09T17:38:22Z,Digitizer_run1607_subrun339.csv,5,False,,,2.64,-0.4594
2026-04-09T17:38:22Z,Digitizer_run1607_subrun339.csv,6,False,,,4.39,-0.4819
2026-04-09T17:38:22Z,Digitizer_run1607_subrun339.csv,7,False,,,3.4,-0.4458
2026-04-09T17:38:22Z,Digitizer_run1607_subrun339.csv,8,False,,,2.38,-0.482
2026-04-09T17:38:22Z,Digitizer_run1607_subrun339.csv,9,False,,,2.58,-0.4503
2026-04-09T17:38:22Z,Digitizer_run1607_subrun339.csv,10,False,,,2.59,-0.4409
2026-04-09T17:38:22Z,Digitizer_run1607_subrun339.csv,11,False,,,2.38,-0.4329
2026-04-09T17:38:22Z,Digitizer_run1607_subrun339.csv,12,False,,,3.67,-0.4576
2026-04-09T17:38:22Z,Digitizer_run1607_subrun339.csv,13,False,,,2.8,-0.4495
2026-04-09T17:38:22Z,Digitizer_run1607_subrun339.csv,14,False,,,2.38,-0.4638
2026-04-09T17:38:22Z,Digitizer_run1607_subrun339.csv,15,False,,,2.38,-0.4499
2026-04-09T17:38:22Z,Digitizer_run1607_subrun339.csv,16,False,,,3.22,-0.4811
2026-04-09T17:38:22Z,Digitizer_run1607_subrun339.csv,17,False,,,3.31,-0.4664
2026-04-09T17:38:22Z,Digitizer_run1607_subrun339.csv,18,False,,,2.38,-0.4604
2026-04-09T17:38:22Z,Digitizer_run1607_subrun339.csv,19,False,,,2.38,-0.4464
2026-04-09T17:38:22Z,Digitizer_run1607_subrun339.csv,20,False,,,2.58,-0.4637
2026-04-09T17:38:22Z,Digitizer_run1607_subrun339.csv,21,False,,,2.52,-0.4498
2026-04-09T17:38:22Z,Digitizer_run1607_subrun339.csv,22,False,,,2.38,-0.4557
2026-04-09T17:38:22Z,Digitizer_run1607_subrun339.csv,23,False,,,2.38,-0.4563
2026-04-09T17:38:22Z,Digitizer_run1607_subrun339.csv,24,False,,,2.44,-0.4658
2026-04-09T17:38:22Z,Digitizer_run1607_subrun339.csv,25,False,,,2.58,-0.4641
2026-04-09T17:38:22Z,Digitizer_run1607_subrun339.csv,26,False,,,2.38,-0.431
2026-04-09T17:38:22Z,Digitizer_run1607_subrun339.csv,27,False,,,2.38,-0.448
2026-04-09T17:38:22Z,Digitizer_run1607_subrun339.csv,28,False,,,2.38,-0.4522
2026-04-09T17:38:22Z,Digitizer_run1607_subrun339.csv,29,False,,,2.38,-0.4454
2026-04-09T17:38:22Z,Digitizer_run1607_subrun339.csv,30,False,,,2.52,-0.4684
2026-04-09T17:38:22Z,Digitizer_run1607_subrun339.csv,31,False,,,2.38,-0.4558
2026-04-09T17:38:22Z,Digitizer_run1607_subrun339.csv,32,False,,,2.38,-0.4462
2026-04-09T17:38:22Z,Digitizer_run1607_subrun339.csv,33,False,,,2.38,-0.4501
2026-04-09T17:38:22Z,Digitizer_run1607_subrun339.csv,34,False,,,2.99,-0.4746
2026-04-09T17:38:22Z,Digitizer_run1607_subrun339.csv,35,False,,,3.22,-0.4574
2026-04-09T17:38:22Z,Digitizer_run1607_subrun339.csv,36,False,,,2.38,-0.4536
2026-04-09T17:38:22Z,Digitizer_run1607_subrun339.csv,37,False,,,2.4,-0.4525
2026-04-09T17:38:22Z,Digitizer_run1607_subrun339.csv,38,False,,,3.46,-0.475
2026-04-09T17:38:22Z,Digitizer_run1607_subrun339.csv,39,True,statistical,nPulses_std,5.81,-0.4592
2026-04-09T17:38:22Z,Digitizer_run1607_subrun339.csv,40,False,,,2.38,-0.437
2026-04-09T17:38:22Z,Digitizer_run1607_subrun339.csv,41,False,,,2.38,-0.4327
2026-04-09T17:38:22Z,Digitizer_run1607_subrun339.csv,42,False,,,3.31,-0.4756
2026-04-09T17:38:22Z,Digitizer_run1607_subrun339.csv,43,False,,,3.17,-0.4726
2026-04-09T17:38:22Z,Digitizer_run1607_subrun339.csv,44,False,,,2.55,-0.4838
2026-04-09T17:38:22Z,Digitizer_run1607_subrun339.csv,45,False,,,2.38,-0.4587
2026-04-09T17:38:22Z,Digitizer_run1607_subrun339.csv,46,False,,,2.6,-0.4512
2026-04-09T17:38:22Z,Digitizer_run1607_subrun339.csv,47,False,,,2.38,-0.4495
2026-04-09T17:38:22Z,Digitizer_run1607_subrun339.csv,48,False,,,2.38,-0.4362
2026-04-09T17:38:22Z,Digitizer_run1607_subrun339.csv,49,False,,,2.38,-0.435
2026-04-09T17:38:22Z,Digitizer_run1607_subrun339.csv,50,False,,,2.56,-0.452
2026-04-09T17:38:22Z,Digitizer_run1607_subrun339.csv,51,False,,,2.98,-0.4601
2026-04-09T17:38:22Z,Digitizer_run1607_subrun339.csv,52,False,,,2.38,-0.4511
2026-04-09T17:38:22Z,Digitizer_run1607_subrun339.csv,53,False,,,2.38,-0.4383
2026-04-09T17:38:22Z,Digitizer_run1607_subrun339.csv,54,False,,,2.38,-0.4498
2026-04-09T17:38:22Z,Digitizer_run1607_subrun339.csv,55,False,,,2.38,-0.444
2026-04-09T17:38:22Z,Digitizer_run1607_subrun339.csv,56,False,,,2.55,-0.4773
2026-04-09T17:38:22Z,Digitizer_run1607_subrun339.csv,57,False,,,3.14,-0.4645
2026-04-09T17:38:22Z,Digitizer_run1607_subrun339.csv,58,False,,,2.38,-0.4383
2026-04-09T17:38:22Z,Digitizer_run1607_subrun339.csv,59,False,,,2.38,-0.4497
2026-04-09T17:38:22Z,Digitizer_run1607_subrun339.csv,60,False,,,2.38,-0.441
2026-04-09T17:38:22Z,Digitizer_run1607_subrun339.csv,61,False,,,2.38,-0.4516
2026-04-09T17:38:22Z,Digitizer_run1607_subrun339.csv,62,False,,,2.81,-0.4652
2026-04-09T17:38:22Z,Digitizer_run1607_subrun339.csv,63,False,,,2.38,-0.4401
2026-04-09T17:38:22Z,Digitizer_run1607_subrun339.csv,64,False,,,2.61,-0.4545
2026-04-09T17:38:22Z,Digitizer_run1607_subrun339.csv,65,False,,,2.38,-0.4628
2026-04-09T17:38:22Z,Digitizer_run1607_subrun339.csv,66,False,,,2.38,-0.444
2026-04-09T17:38:22Z,Digitizer_run1607_subrun339.csv,67,False,,,2.38,-0.4417
2026-04-09T17:38:22Z,Digitizer_run1607_subrun339.csv,68,False,,,2.38,-0.4512
2026-04-09T17:38:22Z,Digitizer_run1607_subrun339.csv,69,False,,,2.38,-0.4563
2026-04-09T17:38:22Z,Digitizer_run1607_subrun339.csv,70,False,,,2.38,-0.4501
2026-04-09T17:38:22Z,Digitizer_run1607_subrun339.csv,71,False,,,2.42,-0.4599
2026-04-09T17:38:22Z,Digitizer_run1607_subrun339.csv,72,False,,,2.38,-0.4709
2026-04-09T17:38:22Z,Digitizer_run1607_subrun339.csv,73,False,,,2.68,-0.447
2026-04-09T17:38:22Z,Digitizer_run1607_subrun339.csv,74,False,,,2.38,-0.4394
2026-04-09T17:38:22Z,Digitizer_run1607_subrun339.csv,75,False,,,2.38,-0.4391
2026-04-09T17:38:22Z,Digitizer_run1607_subrun339.csv,76,False,,,2.38,-0.4629
2026-04-09T17:38:22Z,Digitizer_run1607_subrun339.csv,77,False,,,2.38,-0.4542
2026-04-09T17:38:22Z,Digitizer_run1607_subrun339.csv,78,False,,,2.38,-0.4461
2026-04-09T17:38:22Z,Digitizer_run1607_subrun339.csv,79,False,,,3.92,-0.4465
2026-04-09T17:38:22Z,Digitizer_run1607_subrun339.csv,80,False,,,3.08,-0.4685
2026-04-09T17:38:22Z,Digitizer_run1607_subrun339.csv,81,False,,,2.89,-0.4666
2026-04-09T17:38:22Z,Digitizer_run1607_subrun339.csv,82,False,,,2.38,-0.454
2026-04-09T17:38:22Z,Digitizer_run1607_subrun339.csv,83,False,,,2.38,-0.4513
2026-04-09T17:38:22Z,Digitizer_run1607_subrun339.csv,84,False,,,2.77,-0.4561
2026-04-09T17:38:22Z,Digitizer_run1607_subrun339.csv,85,False,,,2.38,-0.4451
2026-04-09T17:38:22Z,Digitizer_run1607_subrun339.csv,86,False,,,2.38,-0.437
2026-04-09T17:38:22Z,Digitizer_run1607_subrun339.csv,87,False,,,2.51,-0.4485
2026-04-09T17:38:22Z,Digitizer_run1607_subrun339.csv,88,False,,,4.9,-0.4876
2026-04-09T17:38:22Z,Digitizer_run1607_subrun339.csv,89,False,,,2.54,-0.4662
2026-04-09T17:38:22Z,Digitizer_run1607_subrun339.csv,90,False,,,2.38,-0.451
2026-04-09T17:38:22Z,Digitizer_run1607_subrun339.csv,91,False,,,2.38,-0.4403
2026-04-09T17:38:22Z,Digitizer_run1607_subrun339.csv,92,False,,,3.37,-0.4733
2026-04-09T17:38:22Z,Digitizer_run1607_subrun339.csv,93,False,,,2.38,-0.4458
2026-04-09T17:38:22Z,Digitizer_run1607_subrun339.csv,94,False,,,2.38,-0.436
2026-04-09T17:38:22Z,Digitizer_run1607_subrun339.csv,95,False,,,2.38,-0.4465
2026-04-09T17:38:34Z,Digitizer_run1607_subrun331.csv,0,False,,,2.57,-0.461
2026-04-09T17:38:34Z,Digitizer_run1607_subrun331.csv,1,False,,,1.97,-0.4683
2026-04-09T17:38:34Z,Digitizer_run1607_subrun331.csv,2,False,,,3.49,-0.4931
2026-04-09T17:38:34Z,Digitizer_run1607_subrun331.csv,3,False,,,4.9,-0.5081
2026-04-09T17:38:34Z,Digitizer_run1607_subrun331.csv,4,False,,,3.33,-0.4854
2026-04-09T17:38:34Z,Digitizer_run1607_subrun331.csv,5,False,,,3.38,-0.5004
2026-04-09T17:38:34Z,Digitizer_run1607_subrun331.csv,6,False,,,2.53,-0.4615
2026-04-09T17:38:34Z,Digitizer_run1607_subrun331.csv,7,False,,,2.14,-0.462
2026-04-09T17:38:34Z,Digitizer_run1607_subrun331.csv,8,False,,,2.95,-0.4804
2026-04-09T17:38:34Z,Digitizer_run1607_subrun331.csv,9,False,,,1.97,-0.4562
2026-04-09T17:38:34Z,Digitizer_run1607_subrun331.csv,10,False,,,1.97,-0.4637
2026-04-09T17:38:34Z,Digitizer_run1607_subrun331.csv,11,False,,,1.97,-0.4791
2026-04-09T17:38:34Z,Digitizer_run1607_subrun331.csv,12,False,,,1.97,-0.4536
2026-04-09T17:38:34Z,Digitizer_run1607_subrun331.csv,13,False,,,2.92,-0.4736
2026-04-09T17:38:34Z,Digitizer_run1607_subrun331.csv,14,False,,,2.36,-0.4807
2026-04-09T17:38:34Z,Digitizer_run1607_subrun331.csv,15,False,,,1.97,-0.4761
2026-04-09T17:38:34Z,Digitizer_run1607_subrun331.csv,16,False,,,1.97,-0.4585
2026-04-09T17:38:34Z,Digitizer_run1607_subrun331.csv,17,False,,,1.97,-0.4616
2026-04-09T17:38:34Z,Digitizer_run1607_subrun331.csv,18,False,,,2.3,-0.4644
2026-04-09T17:38:34Z,Digitizer_run1607_subrun331.csv,19,False,,,1.97,-0.4706
2026-04-09T17:38:34Z,Digitizer_run1607_subrun331.csv,20,False,,,2.2,-0.4624
2026-04-09T17:38:34Z,Digitizer_run1607_subrun331.csv,21,False,,,1.97,-0.4643
2026-04-09T17:38:34Z,Digitizer_run1607_subrun331.csv,22,False,,,1.97,-0.4549
2026-04-09T17:38:34Z,Digitizer_run1607_subrun331.csv,23,False,,,1.97,-0.447
2026-04-09T17:38:34Z,Digitizer_run1607_subrun331.csv,24,False,,,2.34,-0.4569
2026-04-09T17:38:34Z,Digitizer_run1607_subrun331.csv,25,False,,,4.29,-0.4796
2026-04-09T17:38:34Z,Digitizer_run1607_subrun331.csv,26,False,,,2.06,-0.4601
2026-04-09T17:38:34Z,Digitizer_run1607_subrun331.csv,27,False,,,1.97,-0.4642
2026-04-09T17:38:34Z,Digitizer_run1607_subrun331.csv,28,False,,,2.52,-0.4803
2026-04-09T17:38:34Z,Digitizer_run1607_subrun331.csv,29,False,,,2.21,-0.4794
2026-04-09T17:38:34Z,Digitizer_run1607_subrun331.csv,30,False,,,2.99,-0.4721
2026-04-09T17:38:34Z,Digitizer_run1607_subrun331.csv,31,False,,,2.81,-0.4742
2026-04-09T17:38:34Z,Digitizer_run1607_subrun331.csv,32,False,,,4.96,-0.4897
2026-04-09T17:38:34Z,Digitizer_run1607_subrun331.csv,33,False,,,4.69,-0.4907
2026-04-09T17:38:34Z,Digitizer_run1607_subrun331.csv,34,False,,,2.43,-0.4685
2026-04-09T17:38:34Z,Digitizer_run1607_subrun331.csv,35,False,,,1.99,-0.4698
2026-04-09T17:38:34Z,Digitizer_run1607_subrun331.csv,36,False,,,2.66,-0.4611
2026-04-09T17:38:34Z,Digitizer_run1607_subrun331.csv,37,False,,,2.01,-0.4638
2026-04-09T17:38:34Z,Digitizer_run1607_subrun331.csv,38,False,,,3.93,-0.4796
2026-04-09T17:38:34Z,Digitizer_run1607_subrun331.csv,39,False,,,1.97,-0.4518
2026-04-09T17:38:34Z,Digitizer_run1607_subrun331.csv,40,False,,,1.97,-0.4496
2026-04-09T17:38:34Z,Digitizer_run1607_subrun331.csv,41,False,,,1.97,-0.4627
2026-04-09T17:38:34Z,Digitizer_run1607_subrun331.csv,42,False,,,2.64,-0.4769
2026-04-09T17:38:34Z,Digitizer_run1607_subrun331.csv,43,False,,,2.06,-0.4613
2026-04-09T17:38:34Z,Digitizer_run1607_subrun331.csv,44,False,,,1.97,-0.4586
2026-04-09T17:38:34Z,Digitizer_run1607_subrun331.csv,45,False,,,3.48,-0.4753
2026-04-09T17:38:34Z,Digitizer_run1607_subrun331.csv,46,False,,,1.97,-0.4593
2026-04-09T17:38:34Z,Digitizer_run1607_subrun331.csv,47,False,,,1.97,-0.4616
2026-04-09T17:38:34Z,Digitizer_run1607_subrun331.csv,48,False,,,1.97,-0.4618
2026-04-09T17:38:34Z,Digitizer_run1607_subrun331.csv,49,False,,,1.97,-0.4624
2026-04-09T17:38:34Z,Digitizer_run1607_subrun331.csv,50,False,,,1.97,-0.4542
2026-04-09T17:38:34Z,Digitizer_run1607_subrun331.csv,51,False,,,2.27,-0.4658
2026-04-09T17:38:34Z,Digitizer_run1607_subrun331.csv,52,False,,,2.02,-0.4747
2026-04-09T17:38:34Z,Digitizer_run1607_subrun331.csv,53,False,,,2.18,-0.4632
2026-04-09T17:38:34Z,Digitizer_run1607_subrun331.csv,54,False,,,3.3,-0.4668
2026-04-09T17:38:34Z,Digitizer_run1607_subrun331.csv,55,False,,,2.04,-0.4688
2026-04-09T17:38:34Z,Digitizer_run1607_subrun331.csv,56,False,,,2.48,-0.4744
2026-04-09T17:38:34Z,Digitizer_run1607_subrun331.csv,57,False,,,1.97,-0.4538
2026-04-09T17:38:34Z,Digitizer_run1607_subrun331.csv,58,False,,,1.97,-0.4575
2026-04-09T17:38:34Z,Digitizer_run1607_subrun331.csv,59,False,,,2.11,-0.4625
2026-04-09T17:38:34Z,Digitizer_run1607_subrun331.csv,60,False,,,1.97,-0.4777
2026-04-09T17:38:34Z,Digitizer_run1607_subrun331.csv,61,False,,,2.87,-0.5049
2026-04-09T17:38:34Z,Digitizer_run1607_subrun331.csv,62,False,,,4.0,-0.4776
2026-04-09T17:38:34Z,Digitizer_run1607_subrun331.csv,63,False,,,4.06,-0.4822
2026-04-09T17:38:34Z,Digitizer_run1607_subrun331.csv,64,False,,,1.97,-0.4562
2026-04-09T17:38:34Z,Digitizer_run1607_subrun331.csv,65,False,,,3.2,-0.4739
2026-04-09T17:38:34Z,Digitizer_run1607_subrun331.csv,66,False,,,1.97,-0.4611
2026-04-09T17:38:34Z,Digitizer_run1607_subrun331.csv,67,False,,,2.0,-0.4628
2026-04-09T17:38:34Z,Digitizer_run1607_subrun331.csv,68,False,,,1.97,-0.4524
2026-04-09T17:38:34Z,Digitizer_run1607_subrun331.csv,69,False,,,2.68,-0.4632
2026-04-09T17:38:34Z,Digitizer_run1607_subrun331.csv,70,False,,,1.97,-0.4551
2026-04-09T17:38:34Z,Digitizer_run1607_subrun331.csv,71,False,,,2.13,-0.459
2026-04-09T17:38:34Z,Digitizer_run1607_subrun331.csv,72,False,,,1.97,-0.4695
2026-04-09T17:38:34Z,Digitizer_run1607_subrun331.csv,73,False,,,2.32,-0.4677
2026-04-09T17:38:34Z,Digitizer_run1607_subrun331.csv,74,False,,,2.08,-0.4615
2026-04-09T17:38:34Z,Digitizer_run1607_subrun331.csv,75,False,,,3.12,-0.4805
2026-04-09T17:38:34Z,Digitizer_run1607_subrun331.csv,76,False,,,2.34,-0.4694
2026-04-09T17:38:34Z,Digitizer_run1607_subrun331.csv,77,False,,,2.64,-0.4616
2026-04-09T17:38:34Z,Digitizer_run1607_subrun331.csv,78,False,,,1.97,-0.4771
2026-04-09T17:38:34Z,Digitizer_run1607_subrun331.csv,79,False,,,1.97,-0.4705
2026-04-09T17:38:34Z,Digitizer_run1607_subrun331.csv,80,False,,,1.97,-0.4495
2026-04-09T17:38:34Z,Digitizer_run1607_subrun331.csv,81,False,,,2.64,-0.4797
2026-04-09T17:38:34Z,Digitizer_run1607_subrun331.csv,82,False,,,2.1,-0.4746
2026-04-09T17:38:34Z,Digitizer_run1607_subrun331.csv,83,False,,,1.97,-0.456
2026-04-09T17:38:34Z,Digitizer_run1607_subrun331.csv,84,False,,,1.97,-0.476
2026-04-09T17:38:34Z,Digitizer_run1607_subrun331.csv,85,False,,,2.12,-0.4672
2026-04-09T17:38:34Z,Digitizer_run1607_subrun331.csv,86,True,statistical,pulseHeight_min_median;pulseArea_min_median,8.09,-0.4919
2026-04-09T17:38:34Z,Digitizer_run1607_subrun331.csv,87,False,,,1.98,-0.4674
2026-04-09T17:38:34Z,Digitizer_run1607_subrun331.csv,88,False,,,1.97,-0.4715
2026-04-09T17:38:34Z,Digitizer_run1607_subrun331.csv,89,False,,,1.97,-0.459
2026-04-09T17:38:34Z,Digitizer_run1607_subrun331.csv,90,False,,,3.53,-0.4915
2026-04-09T17:38:34Z,Digitizer_run1607_subrun331.csv,91,False,,,1.97,-0.4667
2026-04-09T17:38:34Z,Digitizer_run1607_subrun331.csv,92,False,,,2.52,-0.4924
2026-04-09T17:38:34Z,Digitizer_run1607_subrun331.csv,93,False,,,2.27,-0.47
2026-04-09T17:38:34Z,Digitizer_run1607_subrun331.csv,94,False,,,2.09,-0.4891
2026-04-09T17:38:34Z,Digitizer_run1607_subrun331.csv,95,False,,,3.18,-0.4987
2026-04-09T17:38:40Z,Digitizer_run1608_subrun257.csv,0,False,,,2.42,-0.4969
2026-04-09T17:38:40Z,Digitizer_run1608_subrun257.csv,1,False,,,3.51,-0.4993
2026-04-09T17:38:40Z,Digitizer_run1608_subrun257.csv,2,False,,,2.42,-0.4884
2026-04-09T17:38:40Z,Digitizer_run1608_subrun257.csv,3,False,,,2.42,-0.4989
2026-04-09T17:38:40Z,Digitizer_run1608_subrun257.csv,4,False,,,2.42,-0.4795
2026-04-09T17:38:40Z,Digitizer_run1608_subrun257.csv,5,False,,,2.42,-0.492
2026-04-09T17:38:40Z,Digitizer_run1608_subrun257.csv,6,False,,,2.42,-0.4759
2026-04-09T17:38:40Z,Digitizer_run1608_subrun257.csv,7,False,,,2.42,-0.4831
2026-04-09T17:38:40Z,Digitizer_run1608_subrun257.csv,8,False,,,2.42,-0.5059
2026-04-09T17:38:40Z,Digitizer_run1608_subrun257.csv,9,False,,,2.42,-0.4757
2026-04-09T17:38:40Z,Digitizer_run1608_subrun257.csv,10,False,,,2.42,-0.4775
2026-04-09T17:38:40Z,Digitizer_run1608_subrun257.csv,11,False,,,4.58,-0.5062
2026-04-09T17:38:40Z,Digitizer_run1608_subrun257.csv,12,False,,,2.42,-0.4789
2026-04-09T17:38:40Z,Digitizer_run1608_subrun257.csv,13,False,,,3.55,-0.4947
2026-04-09T17:38:40Z,Digitizer_run1608_subrun257.csv,14,False,,,2.42,-0.4807
2026-04-09T17:38:40Z,Digitizer_run1608_subrun257.csv,15,False,,,2.42,-0.4779
2026-04-09T17:38:40Z,Digitizer_run1608_subrun257.csv,16,False,,,2.42,-0.487
2026-04-09T17:38:40Z,Digitizer_run1608_subrun257.csv,17,False,,,2.42,-0.4855
2026-04-09T17:38:40Z,Digitizer_run1608_subrun257.csv,18,False,,,2.81,-0.4857
2026-04-09T17:38:40Z,Digitizer_run1608_subrun257.csv,19,False,,,2.42,-0.493
2026-04-09T17:38:40Z,Digitizer_run1608_subrun257.csv,20,False,,,3.83,-0.5132
2026-04-09T17:38:40Z,Digitizer_run1608_subrun257.csv,21,False,,,3.97,-0.5098
2026-04-09T17:38:40Z,Digitizer_run1608_subrun257.csv,22,False,,,2.42,-0.4953
2026-04-09T17:38:40Z,Digitizer_run1608_subrun257.csv,23,False,,,3.07,-0.5079
2026-04-09T17:38:40Z,Digitizer_run1608_subrun257.csv,24,False,,,2.42,-0.4868
2026-04-09T17:38:40Z,Digitizer_run1608_subrun257.csv,25,False,,,2.56,-0.4849
2026-04-09T17:38:40Z,Digitizer_run1608_subrun257.csv,26,False,,,4.87,-0.509
2026-04-09T17:38:40Z,Digitizer_run1608_subrun257.csv,27,False,,,2.42,-0.4841
2026-04-09T17:38:40Z,Digitizer_run1608_subrun257.csv,28,False,,,2.42,-0.4814
2026-04-09T17:38:40Z,Digitizer_run1608_subrun257.csv,29,False,,,2.42,-0.485
2026-04-09T17:38:40Z,Digitizer_run1608_subrun257.csv,30,False,,,2.42,-0.4928
2026-04-09T17:38:40Z,Digitizer_run1608_subrun257.csv,31,False,,,2.42,-0.4816
2026-04-09T17:38:40Z,Digitizer_run1608_subrun257.csv,32,False,,,2.42,-0.4768
2026-04-09T17:38:40Z,Digitizer_run1608_subrun257.csv,33,False,,,2.42,-0.4797
2026-04-09T17:38:40Z,Digitizer_run1608_subrun257.csv,34,False,,,2.42,-0.4879
2026-04-09T17:38:40Z,Digitizer_run1608_subrun257.csv,35,False,,,2.42,-0.4792
2026-04-09T17:38:40Z,Digitizer_run1608_subrun257.csv,36,False,,,2.5,-0.4753
2026-04-09T17:38:40Z,Digitizer_run1608_subrun257.csv,37,False,,,2.42,-0.4831
2026-04-09T17:38:40Z,Digitizer_run1608_subrun257.csv,38,False,,,2.87,-0.4779
2026-04-09T17:38:40Z,Digitizer_run1608_subrun257.csv,39,False,,,2.42,-0.4792
2026-04-09T17:38:40Z,Digitizer_run1608_subrun257.csv,40,False,,,2.42,-0.4941
2026-04-09T17:38:40Z,Digitizer_run1608_subrun257.csv,41,False,,,2.52,-0.4923
2026-04-09T17:38:40Z,Digitizer_run1608_subrun257.csv,42,False,,,2.42,-0.4733
2026-04-09T17:38:40Z,Digitizer_run1608_subrun257.csv,43,False,,,2.42,-0.4764
2026-04-09T17:38:40Z,Digitizer_run1608_subrun257.csv,44,False,,,4.06,-0.5094
2026-04-09T17:38:40Z,Digitizer_run1608_subrun257.csv,45,False,,,2.42,-0.4908
2026-04-09T17:38:40Z,Digitizer_run1608_subrun257.csv,46,False,,,2.42,-0.4854
2026-04-09T17:38:40Z,Digitizer_run1608_subrun257.csv,47,False,,,2.42,-0.497
2026-04-09T17:38:40Z,Digitizer_run1608_subrun257.csv,48,False,,,2.42,-0.4824
2026-04-09T17:38:40Z,Digitizer_run1608_subrun257.csv,49,False,,,2.42,-0.486
2026-04-09T17:38:40Z,Digitizer_run1608_subrun257.csv,50,False,,,2.42,-0.4761
2026-04-09T17:38:40Z,Digitizer_run1608_subrun257.csv,51,False,,,2.42,-0.4828
2026-04-09T17:38:40Z,Digitizer_run1608_subrun257.csv,52,False,,,2.42,-0.4865
2026-04-09T17:38:40Z,Digitizer_run1608_subrun257.csv,53,False,,,2.42,-0.4859
2026-04-09T17:38:40Z,Digitizer_run1608_subrun257.csv,54,False,,,2.42,-0.4947
2026-04-09T17:38:40Z,Digitizer_run1608_subrun257.csv,55,False,,,2.42,-0.497
2026-04-09T17:38:40Z,Digitizer_run1608_subrun257.csv,56,False,,,2.42,-0.4869
2026-04-09T17:38:40Z,Digitizer_run1608_subrun257.csv,57,False,,,2.61,-0.4999
2026-04-09T17:38:40Z,Digitizer_run1608_subrun257.csv,58,False,,,2.42,-0.4924
2026-04-09T17:38:40Z,Digitizer_run1608_subrun257.csv,59,False,,,3.01,-0.505
2026-04-09T17:38:40Z,Digitizer_run1608_subrun257.csv,60,False,,,2.42,-0.475
2026-04-09T17:38:40Z,Digitizer_run1608_subrun257.csv,61,False,,,2.42,-0.4701
2026-04-09T17:38:40Z,Digitizer_run1608_subrun257.csv,62,False,,,2.42,-0.4783
2026-04-09T17:38:40Z,Digitizer_run1608_subrun257.csv,63,False,,,2.42,-0.481
2026-04-09T17:38:40Z,Digitizer_run1608_subrun257.csv,64,False,,,2.42,-0.4737
2026-04-09T17:38:40Z,Digitizer_run1608_subrun257.csv,65,False,,,2.42,-0.4852
2026-04-09T17:38:40Z,Digitizer_run1608_subrun257.csv,66,False,,,2.42,-0.4732
2026-04-09T17:38:40Z,Digitizer_run1608_subrun257.csv,67,False,,,2.66,-0.5007
2026-04-09T17:38:40Z,Digitizer_run1608_subrun257.csv,68,False,,,2.42,-0.4889
2026-04-09T17:38:40Z,Digitizer_run1608_subrun257.csv,69,False,,,2.42,-0.4733
2026-04-09T17:38:40Z,Digitizer_run1608_subrun257.csv,70,False,,,2.42,-0.4786
2026-04-09T17:38:40Z,Digitizer_run1608_subrun257.csv,71,False,,,2.49,-0.4921
2026-04-09T17:38:40Z,Digitizer_run1608_subrun257.csv,72,False,,,2.42,-0.4902
2026-04-09T17:38:40Z,Digitizer_run1608_subrun257.csv,73,False,,,2.42,-0.4728
2026-04-09T17:38:40Z,Digitizer_run1608_subrun257.csv,74,False,,,2.42,-0.4986
2026-04-09T17:38:40Z,Digitizer_run1608_subrun257.csv,75,False,,,3.12,-0.496
2026-04-09T17:38:40Z,Digitizer_run1608_subrun257.csv,76,False,,,2.42,-0.4779
2026-04-09T17:38:40Z,Digitizer_run1608_subrun257.csv,77,False,,,2.58,-0.4754
2026-04-09T17:38:40Z,Digitizer_run1608_subrun257.csv,78,False,,,2.42,-0.4781
2026-04-09T17:38:40Z,Digitizer_run1608_subrun257.csv,79,False,,,2.42,-0.4775
2026-04-09T17:38:40Z,Digitizer_run1608_subrun257.csv,80,False,,,2.42,-0.4865
2026-04-09T17:38:40Z,Digitizer_run1608_subrun257.csv,81,False,,,2.54,-0.5036
2026-04-09T17:38:40Z,Digitizer_run1608_subrun257.csv,82,False,,,2.42,-0.4827
2026-04-09T17:38:40Z,Digitizer_run1608_subrun257.csv,83,False,,,2.42,-0.4789
2026-04-09T17:38:40Z,Digitizer_run1608_subrun257.csv,84,False,,,3.25,-0.5058
2026-04-09T17:38:40Z,Digitizer_run1608_subrun257.csv,85,False,,,2.42,-0.48
2026-04-09T17:38:40Z,Digitizer_run1608_subrun257.csv,86,False,,,2.42,-0.4811
2026-04-09T17:38:40Z,Digitizer_run1608_subrun257.csv,87,False,,,2.42,-0.4791
2026-04-09T17:38:40Z,Digitizer_run1608_subrun257.csv,88,False,,,2.42,-0.4926
2026-04-09T17:38:40Z,Digitizer_run1608_subrun257.csv,89,False,,,2.42,-0.4882
2026-04-09T17:38:40Z,Digitizer_run1608_subrun257.csv,90,False,,,2.42,-0.4826
2026-04-09T17:38:40Z,Digitizer_run1608_subrun257.csv,91,False,,,2.42,-0.4789
2026-04-09T17:38:40Z,Digitizer_run1608_subrun257.csv,92,False,,,2.42,-0.4937
2026-04-09T17:38:40Z,Digitizer_run1608_subrun257.csv,93,False,,,2.42,-0.4857
2026-04-09T17:38:40Z,Digitizer_run1608_subrun257.csv,94,False,,,2.42,-0.4943
2026-04-09T17:38:40Z,Digitizer_run1608_subrun257.csv,95,False,,,2.42,-0.5016
2026-04-09T17:38:46Z,Digitizer_run1606_subrun239.csv,0,False,,,2.2,-0.4591
2026-04-09T17:38:46Z,Digitizer_run1606_subrun239.csv,1,False,,,2.43,-0.4527
2026-04-09T17:38:46Z,Digitizer_run1606_subrun239.csv,2,False,,,2.2,-0.4727
2026-04-09T17:38:46Z,Digitizer_run1606_subrun239.csv,3,False,,,3.21,-0.4736
2026-04-09T17:38:46Z,Digitizer_run1606_subrun239.csv,4,False,,,2.2,-0.4536
2026-04-09T17:38:46Z,Digitizer_run1606_subrun239.csv,5,False,,,2.2,-0.4645
2026-04-09T17:38:46Z,Digitizer_run1606_subrun239.csv,6,False,,,2.31,-0.4534
2026-04-09T17:38:46Z,Digitizer_run1606_subrun239.csv,7,False,,,2.2,-0.442
2026-04-09T17:38:46Z,Digitizer_run1606_subrun239.csv,8,False,,,2.74,-0.4633
2026-04-09T17:38:46Z,Digitizer_run1606_subrun239.csv,9,False,,,3.09,-0.4617
2026-04-09T17:38:46Z,Digitizer_run1606_subrun239.csv,10,False,,,2.75,-0.4504
2026-04-09T17:38:46Z,Digitizer_run1606_subrun239.csv,11,False,,,2.92,-0.4457
2026-04-09T17:38:46Z,Digitizer_run1606_subrun239.csv,12,False,,,2.2,-0.451
2026-04-09T17:38:46Z,Digitizer_run1606_subrun239.csv,13,False,,,2.2,-0.4479
2026-04-09T17:38:46Z,Digitizer_run1606_subrun239.csv,14,False,,,2.4,-0.4621
2026-04-09T17:38:46Z,Digitizer_run1606_subrun239.csv,15,False,,,2.5,-0.461
2026-04-09T17:38:46Z,Digitizer_run1606_subrun239.csv,16,False,,,2.2,-0.4674
2026-04-09T17:38:46Z,Digitizer_run1606_subrun239.csv,17,False,,,2.2,-0.4515
2026-04-09T17:38:46Z,Digitizer_run1606_subrun239.csv,18,False,,,3.97,-0.4682
2026-04-09T17:38:46Z,Digitizer_run1606_subrun239.csv,19,False,,,2.85,-0.4591
2026-04-09T17:38:46Z,Digitizer_run1606_subrun239.csv,20,False,,,2.2,-0.4601
2026-04-09T17:38:46Z,Digitizer_run1606_subrun239.csv,21,False,,,2.2,-0.4526
2026-04-09T17:38:46Z,Digitizer_run1606_subrun239.csv,22,False,,,2.2,-0.4422
2026-04-09T17:38:46Z,Digitizer_run1606_subrun239.csv,23,False,,,3.71,-0.4508
2026-04-09T17:38:46Z,Digitizer_run1606_subrun239.csv,24,False,,,2.23,-0.4532
2026-04-09T17:38:46Z,Digitizer_run1606_subrun239.csv,25,False,,,2.62,-0.4648
2026-04-09T17:38:46Z,Digitizer_run1606_subrun239.csv,26,False,,,2.2,-0.4591
2026-04-09T17:38:46Z,Digitizer_run1606_subrun239.csv,27,False,,,2.25,-0.4452
2026-04-09T17:38:46Z,Digitizer_run1606_subrun239.csv,28,False,,,2.22,-0.4588
2026-04-09T17:38:46Z,Digitizer_run1606_subrun239.csv,29,False,,,2.2,-0.4572
2026-04-09T17:38:46Z,Digitizer_run1606_subrun239.csv,30,False,,,2.39,-0.4666
2026-04-09T17:38:46Z,Digitizer_run1606_subrun239.csv,31,False,,,2.2,-0.4598
2026-04-09T17:38:46Z,Digitizer_run1606_subrun239.csv,32,False,,,3.03,-0.4601
2026-04-09T17:38:46Z,Digitizer_run1606_subrun239.csv,33,False,,,2.28,-0.4631
2026-04-09T17:38:46Z,Digitizer_run1606_subrun239.csv,34,False,,,2.23,-0.4459
2026-04-09T17:38:46Z,Digitizer_run1606_subrun239.csv,35,False,,,2.2,-0.4427
2026-04-09T17:38:46Z,Digitizer_run1606_subrun239.csv,36,False,,,2.2,-0.4551
2026-04-09T17:38:46Z,Digitizer_run1606_subrun239.csv,37,False,,,2.2,-0.4483
2026-04-09T17:38:46Z,Digitizer_run1606_subrun239.csv,38,False,,,2.9,-0.4673
2026-04-09T17:38:46Z,Digitizer_run1606_subrun239.csv,39,False,,,2.2,-0.4448
2026-04-09T17:38:46Z,Digitizer_run1606_subrun239.csv,40,False,,,2.49,-0.467
2026-04-09T17:38:46Z,Digitizer_run1606_subrun239.csv,41,False,,,2.86,-0.4707
2026-04-09T17:38:46Z,Digitizer_run1606_subrun239.csv,42,False,,,2.21,-0.4587
2026-04-09T17:38:46Z,Digitizer_run1606_subrun239.csv,43,False,,,2.4,-0.4677
2026-04-09T17:38:46Z,Digitizer_run1606_subrun239.csv,44,False,,,2.2,-0.4466
2026-04-09T17:38:46Z,Digitizer_run1606_subrun239.csv,45,False,,,2.2,-0.457
2026-04-09T17:38:46Z,Digitizer_run1606_subrun239.csv,46,False,,,3.21,-0.4537
2026-04-09T17:38:46Z,Digitizer_run1606_subrun239.csv,47,False,,,2.83,-0.4716
2026-04-09T17:38:46Z,Digitizer_run1606_subrun239.csv,48,False,,,2.2,-0.4419
2026-04-09T17:38:46Z,Digitizer_run1606_subrun239.csv,49,False,,,2.2,-0.4478
2026-04-09T17:38:46Z,Digitizer_run1606_subrun239.csv,50,False,,,2.2,-0.4537
2026-04-09T17:38:46Z,Digitizer_run1606_subrun239.csv,51,False,,,2.85,-0.4631
2026-04-09T17:38:46Z,Digitizer_run1606_subrun239.csv,52,False,,,2.2,-0.4514
2026-04-09T17:38:46Z,Digitizer_run1606_subrun239.csv,53,False,,,2.47,-0.45
2026-04-09T17:38:46Z,Digitizer_run1606_subrun239.csv,54,False,,,2.2,-0.4491
2026-04-09T17:38:46Z,Digitizer_run1606_subrun239.csv,55,False,,,2.2,-0.4513
2026-04-09T17:38:46Z,Digitizer_run1606_subrun239.csv,56,False,,,2.2,-0.4615
2026-04-09T17:38:46Z,Digitizer_run1606_subrun239.csv,57,False,,,4.44,-0.461
2026-04-09T17:38:46Z,Digitizer_run1606_subrun239.csv,58,False,,,2.35,-0.4861
2026-04-09T17:38:46Z,Digitizer_run1606_subrun239.csv,59,False,,,2.93,-0.4921
2026-04-09T17:38:46Z,Digitizer_run1606_subrun239.csv,60,False,,,2.2,-0.4592
2026-04-09T17:38:46Z,Digitizer_run1606_subrun239.csv,61,False,,,2.32,-0.4697
2026-04-09T17:38:46Z,Digitizer_run1606_subrun239.csv,62,False,,,2.43,-0.4454
2026-04-09T17:38:46Z,Digitizer_run1606_subrun239.csv,63,False,,,3.11,-0.4488
2026-04-09T17:38:46Z,Digitizer_run1606_subrun239.csv,64,False,,,2.2,-0.4634
2026-04-09T17:38:46Z,Digitizer_run1606_subrun239.csv,65,False,,,2.2,-0.4417
2026-04-09T17:38:46Z,Digitizer_run1606_subrun239.csv,66,False,,,2.66,-0.4624
2026-04-09T17:38:46Z,Digitizer_run1606_subrun239.csv,67,False,,,3.87,-0.4832
2026-04-09T17:38:46Z,Digitizer_run1606_subrun239.csv,68,False,,,2.2,-0.4448
2026-04-09T17:38:46Z,Digitizer_run1606_subrun239.csv,69,False,,,2.2,-0.4421
2026-04-09T17:38:46Z,Digitizer_run1606_subrun239.csv,70,False,,,2.28,-0.4635
2026-04-09T17:38:46Z,Digitizer_run1606_subrun239.csv,71,False,,,2.2,-0.447
2026-04-09T17:38:46Z,Digitizer_run1606_subrun239.csv,72,False,,,2.2,-0.4531
2026-04-09T17:38:46Z,Digitizer_run1606_subrun239.csv,73,False,,,2.2,-0.4607
2026-04-09T17:38:46Z,Digitizer_run1606_subrun239.csv,74,False,,,3.17,-0.4761
2026-04-09T17:38:46Z,Digitizer_run1606_subrun239.csv,75,False,,,2.2,-0.4535
2026-04-09T17:38:46Z,Digitizer_run1606_subrun239.csv,76,False,,,2.2,-0.4486
2026-04-09T17:38:46Z,Digitizer_run1606_subrun239.csv,77,False,,,2.2,-0.4461
2026-04-09T17:38:46Z,Digitizer_run1606_subrun239.csv,78,False,,,2.2,-0.4523
2026-04-09T17:38:46Z,Digitizer_run1606_subrun239.csv,79,False,,,2.3,-0.4652
2026-04-09T17:38:46Z,Digitizer_run1606_subrun239.csv,80,False,,,3.43,-0.4977
2026-04-09T17:38:46Z,Digitizer_run1606_subrun239.csv,81,False,,,3.28,-0.4957
2026-04-09T17:38:46Z,Digitizer_run1606_subrun239.csv,82,False,,,2.41,-0.458
2026-04-09T17:38:46Z,Digitizer_run1606_subrun239.csv,83,False,,,2.2,-0.4515
2026-04-09T17:38:46Z,Digitizer_run1606_subrun239.csv,84,False,,,2.2,-0.4551
2026-04-09T17:38:46Z,Digitizer_run1606_subrun239.csv,85,False,,,2.2,-0.4489
2026-04-09T17:38:46Z,Digitizer_run1606_subrun239.csv,86,False,,,2.2,-0.4481
2026-04-09T17:38:46Z,Digitizer_run1606_subrun239.csv,87,False,,,2.28,-0.4492
2026-04-09T17:38:46Z,Digitizer_run1606_subrun239.csv,88,False,,,2.2,-0.4532
2026-04-09T17:38:46Z,Digitizer_run1606_subrun239.csv,89,False,,,2.2,-0.4657
2026-04-09T17:38:46Z,Digitizer_run1606_subrun239.csv,90,False,,,2.2,-0.4667
2026-04-09T17:38:46Z,Digitizer_run1606_subrun239.csv,91,False,,,2.2,-0.4447
2026-04-09T17:38:46Z,Digitizer_run1606_subrun239.csv,92,False,,,2.75,-0.4742
2026-04-09T17:38:46Z,Digitizer_run1606_subrun239.csv,93,False,,,2.2,-0.4677
2026-04-09T17:38:46Z,Digitizer_run1606_subrun239.csv,94,False,,,2.28,-0.4594
2026-04-09T17:38:46Z,Digitizer_run1606_subrun239.csv,95,False,,,2.2,-0.45
2026-04-09T17:38:51Z,Digitizer_run1606_subrun58.csv,0,False,,,4.55,-0.4959
2026-04-09T17:38:51Z,Digitizer_run1606_subrun58.csv,1,False,,,4.16,-0.5024
2026-04-09T17:38:51Z,Digitizer_run1606_subrun58.csv,2,False,,,3.98,-0.5101
2026-04-09T17:38:51Z,Digitizer_run1606_subrun58.csv,3,False,,,3.09,-0.4984
2026-04-09T17:38:51Z,Digitizer_run1606_subrun58.csv,4,False,,,1.93,-0.4702
2026-04-09T17:38:51Z,Digitizer_run1606_subrun58.csv,5,False,,,1.93,-0.4478
2026-04-09T17:38:51Z,Digitizer_run1606_subrun58.csv,6,False,,,1.93,-0.4598
2026-04-09T17:38:51Z,Digitizer_run1606_subrun58.csv,7,False,,,3.25,-0.4771
2026-04-09T17:38:51Z,Digitizer_run1606_subrun58.csv,8,False,,,2.16,-0.4841
2026-04-09T17:38:51Z,Digitizer_run1606_subrun58.csv,9,True,statistical,pulseArea_max_std;pulseArea_min_std,5.19,-0.497
2026-04-09T17:38:51Z,Digitizer_run1606_subrun58.csv,10,False,,,1.93,-0.4757
2026-04-09T17:38:51Z,Digitizer_run1606_subrun58.csv,11,False,,,2.25,-0.4759
2026-04-09T17:38:51Z,Digitizer_run1606_subrun58.csv,12,False,,,4.74,-0.4953
2026-04-09T17:38:51Z,Digitizer_run1606_subrun58.csv,13,False,,,3.89,-0.5013
2026-04-09T17:38:51Z,Digitizer_run1606_subrun58.csv,14,False,,,2.05,-0.4628
2026-04-09T17:38:51Z,Digitizer_run1606_subrun58.csv,15,False,,,1.93,-0.462
2026-04-09T17:38:51Z,Digitizer_run1606_subrun58.csv,16,False,,,1.93,-0.4699
2026-04-09T17:38:51Z,Digitizer_run1606_subrun58.csv,17,False,,,1.93,-0.4784
2026-04-09T17:38:51Z,Digitizer_run1606_subrun58.csv,18,False,,,2.18,-0.4658
2026-04-09T17:38:51Z,Digitizer_run1606_subrun58.csv,19,False,,,1.93,-0.4701
2026-04-09T17:38:51Z,Digitizer_run1606_subrun58.csv,20,False,,,2.17,-0.4728
2026-04-09T17:38:51Z,Digitizer_run1606_subrun58.csv,21,False,,,1.93,-0.4775
2026-04-09T17:38:51Z,Digitizer_run1606_subrun58.csv,22,False,,,1.97,-0.4508
2026-04-09T17:38:51Z,Digitizer_run1606_subrun58.csv,23,False,,,2.85,-0.4697
2026-04-09T17:38:51Z,Digitizer_run1606_subrun58.csv,24,False,,,1.93,-0.4658
2026-04-09T17:38:51Z,Digitizer_run1606_subrun58.csv,25,False,,,2.44,-0.4777
2026-04-09T17:38:51Z,Digitizer_run1606_subrun58.csv,26,False,,,2.53,-0.4804
2026-04-09T17:38:51Z,Digitizer_run1606_subrun58.csv,27,False,,,2.45,-0.4795
2026-04-09T17:38:51Z,Digitizer_run1606_subrun58.csv,28,False,,,1.93,-0.4638
2026-04-09T17:38:51Z,Digitizer_run1606_subrun58.csv,29,False,,,4.14,-0.4897
2026-04-09T17:38:51Z,Digitizer_run1606_subrun58.csv,30,False,,,1.93,-0.4523
2026-04-09T17:38:51Z,Digitizer_run1606_subrun58.csv,31,False,,,2.2,-0.4802
2026-04-09T17:38:51Z,Digitizer_run1606_subrun58.csv,32,False,,,1.96,-0.4674
2026-04-09T17:38:51Z,Digitizer_run1606_subrun58.csv,33,False,,,2.05,-0.4767
2026-04-09T17:38:51Z,Digitizer_run1606_subrun58.csv,34,False,,,1.99,-0.4612
2026-04-09T17:38:51Z,Digitizer_run1606_subrun58.csv,35,False,,,2.21,-0.4674
2026-04-09T17:38:51Z,Digitizer_run1606_subrun58.csv,36,False,,,2.93,-0.4737
2026-04-09T17:38:51Z,Digitizer_run1606_subrun58.csv,37,False,,,3.86,-0.4908
2026-04-09T17:38:51Z,Digitizer_run1606_subrun58.csv,38,False,,,4.49,-0.5021
2026-04-09T17:38:51Z,Digitizer_run1606_subrun58.csv,39,False,,,3.1,-0.4888
2026-04-09T17:38:51Z,Digitizer_run1606_subrun58.csv,40,False,,,1.93,-0.454
2026-04-09T17:38:51Z,Digitizer_run1606_subrun58.csv,41,False,,,1.93,-0.4515
2026-04-09T17:38:51Z,Digitizer_run1606_subrun58.csv,42,False,,,4.48,-0.4699
2026-04-09T17:38:51Z,Digitizer_run1606_subrun58.csv,43,False,,,4.18,-0.477
2026-04-09T17:38:51Z,Digitizer_run1606_subrun58.csv,44,False,,,1.97,-0.4676
2026-04-09T17:38:51Z,Digitizer_run1606_subrun58.csv,45,False,,,1.93,-0.4682
2026-04-09T17:38:51Z,Digitizer_run1606_subrun58.csv,46,False,,,1.93,-0.4532
2026-04-09T17:38:51Z,Digitizer_run1606_subrun58.csv,47,False,,,1.93,-0.4549
2026-04-09T17:38:51Z,Digitizer_run1606_subrun58.csv,48,False,,,1.93,-0.465
2026-04-09T17:38:51Z,Digitizer_run1606_subrun58.csv,49,False,,,1.93,-0.4645
2026-04-09T17:38:51Z,Digitizer_run1606_subrun58.csv,50,False,,,3.62,-0.5026
2026-04-09T17:38:51Z,Digitizer_run1606_subrun58.csv,51,False,,,3.38,-0.493
2026-04-09T17:38:51Z,Digitizer_run1606_subrun58.csv,52,False,,,2.23,-0.4741
2026-04-09T17:38:51Z,Digitizer_run1606_subrun58.csv,53,False,,,2.17,-0.4892
2026-04-09T17:38:51Z,Digitizer_run1606_subrun58.csv,54,False,,,1.93,-0.4535
2026-04-09T17:38:51Z,Digitizer_run1606_subrun58.csv,55,False,,,1.93,-0.4579
2026-04-09T17:38:51Z,Digitizer_run1606_subrun58.csv,56,False,,,2.48,-0.497
2026-04-09T17:38:51Z,Digitizer_run1606_subrun58.csv,57,False,,,2.94,-0.4862
2026-04-09T17:38:51Z,Digitizer_run1606_subrun58.csv,58,False,,,1.93,-0.4624
2026-04-09T17:38:51Z,Digitizer_run1606_subrun58.csv,59,False,,,2.42,-0.486
2026-04-09T17:38:51Z,Digitizer_run1606_subrun58.csv,60,False,,,1.95,-0.4726
2026-04-09T17:38:51Z,Digitizer_run1606_subrun58.csv,61,False,,,2.71,-0.4745
2026-04-09T17:38:51Z,Digitizer_run1606_subrun58.csv,62,False,,,1.93,-0.4569
2026-04-09T17:38:51Z,Digitizer_run1606_subrun58.csv,63,False,,,2.07,-0.478
2026-04-09T17:38:51Z,Digitizer_run1606_subrun58.csv,64,False,,,2.66,-0.4643
2026-04-09T17:38:51Z,Digitizer_run1606_subrun58.csv,65,False,,,1.93,-0.4527
2026-04-09T17:38:51Z,Digitizer_run1606_subrun58.csv,66,False,,,1.93,-0.4616
2026-04-09T17:38:51Z,Digitizer_run1606_subrun58.csv,67,False,,,3.84,-0.4682
2026-04-09T17:38:51Z,Digitizer_run1606_subrun58.csv,68,False,,,1.98,-0.4752
2026-04-09T17:38:51Z,Digitizer_run1606_subrun58.csv,69,False,,,2.03,-0.4661
2026-04-09T17:38:51Z,Digitizer_run1606_subrun58.csv,70,False,,,2.57,-0.4876
2026-04-09T17:38:51Z,Digitizer_run1606_subrun58.csv,71,False,,,2.46,-0.4918
2026-04-09T17:38:51Z,Digitizer_run1606_subrun58.csv,72,False,,,2.43,-0.493
2026-04-09T17:38:51Z,Digitizer_run1606_subrun58.csv,73,False,,,3.43,-0.4957
2026-04-09T17:38:51Z,Digitizer_run1606_subrun58.csv,74,False,,,1.93,-0.4661
2026-04-09T17:38:51Z,Digitizer_run1606_subrun58.csv,75,False,,,2.1,-0.4625
2026-04-09T17:38:51Z,Digitizer_run1606_subrun58.csv,76,False,,,1.93,-0.4602
2026-04-09T17:38:51Z,Digitizer_run1606_subrun58.csv,77,False,,,3.65,-0.4755
2026-04-09T17:38:51Z,Digitizer_run1606_subrun58.csv,78,False,,,1.93,-0.4602
2026-04-09T17:38:51Z,Digitizer_run1606_subrun58.csv,79,False,,,4.6,-0.4916
2026-04-09T17:38:51Z,Digitizer_run1606_subrun58.csv,80,False,,,1.93,-0.4613
2026-04-09T17:38:51Z,Digitizer_run1606_subrun58.csv,81,False,,,4.63,-0.4605
2026-04-09T17:38:51Z,Digitizer_run1606_subrun58.csv,82,False,,,2.23,-0.4804
2026-04-09T17:38:51Z,Digitizer_run1606_subrun58.csv,83,False,,,2.43,-0.4705
2026-04-09T17:38:51Z,Digitizer_run1606_subrun58.csv,84,False,,,2.46,-0.4722
2026-04-09T17:38:51Z,Digitizer_run1606_subrun58.csv,85,False,,,1.93,-0.4629
2026-04-09T17:38:51Z,Digitizer_run1606_subrun58.csv,86,False,,,4.9,-0.4681
2026-04-09T17:38:51Z,Digitizer_run1606_subrun58.csv,87,False,,,2.34,-0.4742
2026-04-09T17:38:51Z,Digitizer_run1606_subrun58.csv,88,True,statistical,pulseArea_min_median,6.73,-0.5094
2026-04-09T17:38:51Z,Digitizer_run1606_subrun58.csv,89,False,,,1.95,-0.4666
2026-04-09T17:38:51Z,Digitizer_run1606_subrun58.csv,90,False,,,1.93,-0.4781
2026-04-09T17:38:51Z,Digitizer_run1606_subrun58.csv,91,False,,,2.79,-0.4886
2026-04-09T17:38:51Z,Digitizer_run1606_subrun58.csv,92,False,,,2.53,-0.4968
2026-04-09T17:38:51Z,Digitizer_run1606_subrun58.csv,93,False,,,1.93,-0.4791
2026-04-09T17:38:51Z,Digitizer_run1606_subrun58.csv,94,False,,,1.93,-0.4563
2026-04-09T17:38:51Z,Digitizer_run1606_subrun58.csv,95,False,,,1.93,-0.4638
2026-04-09T17:39:05Z,Digitizer_run1611_subrun212.csv,0,False,,,3.55,-0.4967
2026-04-09T17:39:05Z,Digitizer_run1611_subrun212.csv,1,False,,,3.55,-0.5016
2026-04-09T17:39:05Z,Digitizer_run1611_subrun212.csv,2,False,,,3.55,-0.5013
2026-04-09T17:39:05Z,Digitizer_run1611_subrun212.csv,3,False,,,3.55,-0.506
2026-04-09T17:39:05Z,Digitizer_run1611_subrun212.csv,4,True,isolation_forest,,3.55,-0.5297
2026-04-09T17:39:05Z,Digitizer_run1611_subrun212.csv,5,True,isolation_forest,,4.02,-0.552
2026-04-09T17:39:05Z,Digitizer_run1611_subrun212.csv,6,False,,,3.55,-0.5062
2026-04-09T17:39:05Z,Digitizer_run1611_subrun212.csv,7,True,isolation_forest,,3.55,-0.517
2026-04-09T17:39:05Z,Digitizer_run1611_subrun212.csv,8,False,,,3.55,-0.5134
2026-04-09T17:39:05Z,Digitizer_run1611_subrun212.csv,9,False,,,3.55,-0.5015
2026-04-09T17:39:05Z,Digitizer_run1611_subrun212.csv,10,False,,,3.55,-0.5101
2026-04-09T17:39:05Z,Digitizer_run1611_subrun212.csv,11,False,,,3.55,-0.5119
2026-04-09T17:39:05Z,Digitizer_run1611_subrun212.csv,12,True,isolation_forest,,3.55,-0.5201
2026-04-09T17:39:05Z,Digitizer_run1611_subrun212.csv,13,True,isolation_forest,,3.55,-0.5257
2026-04-09T17:39:05Z,Digitizer_run1611_subrun212.csv,14,False,,,3.55,-0.5047
2026-04-09T17:39:05Z,Digitizer_run1611_subrun212.csv,15,True,isolation_forest,,3.55,-0.5179
2026-04-09T17:39:05Z,Digitizer_run1611_subrun212.csv,16,True,isolation_forest,,3.55,-0.5399
2026-04-09T17:39:05Z,Digitizer_run1611_subrun212.csv,17,True,isolation_forest,,3.55,-0.5386
2026-04-09T17:39:05Z,Digitizer_run1611_subrun212.csv,18,False,,,3.55,-0.5027
2026-04-09T17:39:05Z,Digitizer_run1611_subrun212.csv,19,True,statistical+IF,nPulses_median,6.25,-0.5245
2026-04-09T17:39:05Z,Digitizer_run1611_subrun212.csv,20,False,,,3.55,-0.5121
2026-04-09T17:39:05Z,Digitizer_run1611_subrun212.csv,21,False,,,3.55,-0.5108
2026-04-09T17:39:05Z,Digitizer_run1611_subrun212.csv,22,False,,,3.55,-0.5094
2026-04-09T17:39:05Z,Digitizer_run1611_subrun212.csv,23,False,,,3.55,-0.5033
2026-04-09T17:39:05Z,Digitizer_run1611_subrun212.csv,24,True,isolation_forest,,3.55,-0.5253
2026-04-09T17:39:05Z,Digitizer_run1611_subrun212.csv,25,True,isolation_forest,,3.55,-0.5218
2026-04-09T17:39:05Z,Digitizer_run1611_subrun212.csv,26,False,,,3.55,-0.4966
2026-04-09T17:39:05Z,Digitizer_run1611_subrun212.csv,27,False,,,3.55,-0.4974
2026-04-09T17:39:05Z,Digitizer_run1611_subrun212.csv,28,False,,,3.55,-0.5035
2026-04-09T17:39:05Z,Digitizer_run1611_subrun212.csv,29,False,,,3.55,-0.5078
2026-04-09T17:39:05Z,Digitizer_run1611_subrun212.csv,30,True,isolation_forest,,3.55,-0.5216
2026-04-09T17:39:05Z,Digitizer_run1611_subrun212.csv,31,True,isolation_forest,,3.55,-0.5307
2026-04-09T17:39:05Z,Digitizer_run1611_subrun212.csv,32,False,,,3.55,-0.5138
2026-04-09T17:39:05Z,Digitizer_run1611_subrun212.csv,33,False,,,3.55,-0.5129
2026-04-09T17:39:05Z,Digitizer_run1611_subrun212.csv,34,False,,,3.55,-0.5014
2026-04-09T17:39:05Z,Digitizer_run1611_subrun212.csv,35,False,,,3.55,-0.5036
2026-04-09T17:39:05Z,Digitizer_run1611_subrun212.csv,36,False,,,3.55,-0.5115
2026-04-09T17:39:05Z,Digitizer_run1611_subrun212.csv,37,True,isolation_forest,,3.55,-0.517
2026-04-09T17:39:05Z,Digitizer_run1611_subrun212.csv,38,True,isolation_forest,,3.55,-0.5166
2026-04-09T17:39:05Z,Digitizer_run1611_subrun212.csv,39,True,isolation_forest,,3.55,-0.5311
2026-04-09T17:39:05Z,Digitizer_run1611_subrun212.csv,40,True,isolation_forest,,3.55,-0.5339
2026-04-09T17:39:05Z,Digitizer_run1611_subrun212.csv,41,False,,,3.55,-0.5019
2026-04-09T17:39:05Z,Digitizer_run1611_subrun212.csv,42,True,isolation_forest,,3.55,-0.5195
2026-04-09T17:39:05Z,Digitizer_run1611_subrun212.csv,43,False,,,3.71,-0.512
2026-04-09T17:39:05Z,Digitizer_run1611_subrun212.csv,44,True,isolation_forest,,3.55,-0.5143
2026-04-09T17:39:05Z,Digitizer_run1611_subrun212.csv,45,False,,,3.55,-0.5097
2026-04-09T17:39:05Z,Digitizer_run1611_subrun212.csv,46,False,,,3.55,-0.5113
2026-04-09T17:39:05Z,Digitizer_run1611_subrun212.csv,47,False,,,3.55,-0.5104
2026-04-09T17:39:05Z,Digitizer_run1611_subrun212.csv,48,True,isolation_forest,,3.55,-0.5169
2026-04-09T17:39:05Z,Digitizer_run1611_subrun212.csv,49,True,isolation_forest,,3.55,-0.5158
2026-04-09T17:39:05Z,Digitizer_run1611_subrun212.csv,50,False,,,3.55,-0.5016
2026-04-09T17:39:05Z,Digitizer_run1611_subrun212.csv,51,False,,,3.55,-0.5097
2026-04-09T17:39:05Z,Digitizer_run1611_subrun212.csv,52,True,isolation_forest,,3.55,-0.5154
2026-04-09T17:39:05Z,Digitizer_run1611_subrun212.csv,53,False,,,3.55,-0.5078
2026-04-09T17:39:05Z,Digitizer_run1611_subrun212.csv,54,False,,,3.55,-0.5114
2026-04-09T17:39:05Z,Digitizer_run1611_subrun212.csv,55,True,isolation_forest,,3.55,-0.5448
2026-04-09T17:39:05Z,Digitizer_run1611_subrun212.csv,56,False,,,3.55,-0.5119
2026-04-09T17:39:05Z,Digitizer_run1611_subrun212.csv,57,False,,,3.55,-0.5071
2026-04-09T17:39:05Z,Digitizer_run1611_subrun212.csv,58,True,isolation_forest,,3.55,-0.5268
2026-04-09T17:39:05Z,Digitizer_run1611_subrun212.csv,59,True,isolation_forest,,3.55,-0.5211
2026-04-09T17:39:05Z,Digitizer_run1611_subrun212.csv,60,True,isolation_forest,,3.65,-0.53
2026-04-09T17:39:05Z,Digitizer_run1611_subrun212.csv,61,True,isolation_forest,,3.55,-0.5193
2026-04-09T17:39:05Z,Digitizer_run1611_subrun212.csv,62,False,,,3.55,-0.496
2026-04-09T17:39:05Z,Digitizer_run1611_subrun212.csv,63,False,,,3.55,-0.5012
2026-04-09T17:39:05Z,Digitizer_run1611_subrun212.csv,64,False,,,3.55,-0.5032
2026-04-09T17:39:05Z,Digitizer_run1611_subrun212.csv,65,False,,,3.55,-0.5097
2026-04-09T17:39:05Z,Digitizer_run1611_subrun212.csv,66,True,isolation_forest,,3.88,-0.5255
2026-04-09T17:39:05Z,Digitizer_run1611_subrun212.csv,67,True,isolation_forest,,3.55,-0.5267
2026-04-09T17:39:05Z,Digitizer_run1611_subrun212.csv,68,False,,,3.55,-0.5034
2026-04-09T17:39:05Z,Digitizer_run1611_subrun212.csv,69,False,,,3.55,-0.5033
2026-04-09T17:39:05Z,Digitizer_run1611_subrun212.csv,70,False,,,3.55,-0.5015
2026-04-09T17:39:05Z,Digitizer_run1611_subrun212.csv,71,False,,,3.55,-0.5082
2026-04-09T17:39:05Z,Digitizer_run1611_subrun212.csv,72,True,isolation_forest,,3.55,-0.5157
2026-04-09T17:39:05Z,Digitizer_run1611_subrun212.csv,73,True,isolation_forest,,3.55,-0.5178
2026-04-09T17:39:05Z,Digitizer_run1611_subrun212.csv,74,True,isolation_forest,,3.55,-0.5398
2026-04-09T17:39:05Z,Digitizer_run1611_subrun212.csv,75,True,isolation_forest,,3.55,-0.5244
2026-04-09T17:39:05Z,Digitizer_run1611_subrun212.csv,76,False,,,3.55,-0.513
2026-04-09T17:39:05Z,Digitizer_run1611_subrun212.csv,77,True,isolation_forest,,3.55,-0.5208
2026-04-09T17:39:05Z,Digitizer_run1611_subrun212.csv,78,False,,,3.55,-0.5127
2026-04-09T17:39:05Z,Digitizer_run1611_subrun212.csv,79,False,,,3.55,-0.5051
2026-04-09T17:39:05Z,Digitizer_run1611_subrun212.csv,80,True,isolation_forest,,3.55,-0.5233
2026-04-09T17:39:05Z,Digitizer_run1611_subrun212.csv,81,False,,,3.55,-0.5054
2026-04-09T17:39:05Z,Digitizer_run1611_subrun212.csv,82,False,,,3.55,-0.5078
2026-04-09T17:39:05Z,Digitizer_run1611_subrun212.csv,83,False,,,3.55,-0.5006
2026-04-09T17:39:05Z,Digitizer_run1611_subrun212.csv,84,False,,,3.55,-0.5109
2026-04-09T17:39:05Z,Digitizer_run1611_subrun212.csv,85,True,isolation_forest,,3.55,-0.521
2026-04-09T17:39:05Z,Digitizer_run1611_subrun212.csv,86,False,,,3.55,-0.5132
2026-04-09T17:39:05Z,Digitizer_run1611_subrun212.csv,87,True,statistical+IF,pulseHeight_min_median,5.02,-0.5249
2026-04-09T17:39:05Z,Digitizer_run1611_subrun212.csv,88,True,isolation_forest,,3.57,-0.5331
2026-04-09T17:39:05Z,Digitizer_run1611_subrun212.csv,89,True,isolation_forest,,3.55,-0.5223
2026-04-09T17:39:05Z,Digitizer_run1611_subrun212.csv,90,False,,,3.55,-0.5069
2026-04-09T17:39:05Z,Digitizer_run1611_subrun212.csv,91,False,,,3.55,-0.5135
2026-04-09T17:39:05Z,Digitizer_run1611_subrun212.csv,92,True,isolation_forest,,3.55,-0.526
2026-04-09T17:39:05Z,Digitizer_run1611_subrun212.csv,93,True,isolation_forest,,3.55,-0.5188
2026-04-09T17:39:05Z,Digitizer_run1611_subrun212.csv,94,True,isolation_forest,,3.55,-0.5266
2026-04-09T17:39:05Z,Digitizer_run1611_subrun212.csv,95,True,statistical+IF,pulseHeight_min_median,6.59,-0.5491
2026-04-09T17:39:13Z,Digitizer_run1607_subrun84.csv,0,True,isolation_forest,,3.29,-0.5377
2026-04-09T17:39:13Z,Digitizer_run1607_subrun84.csv,1,False,,,3.21,-0.4971
2026-04-09T17:39:13Z,Digitizer_run1607_subrun84.csv,2,True,isolation_forest,,3.21,-0.5273
2026-04-09T17:39:13Z,Digitizer_run1607_subrun84.csv,3,True,isolation_forest,,4.22,-0.5264
2026-04-09T17:39:13Z,Digitizer_run1607_subrun84.csv,4,False,,,3.21,-0.5083
2026-04-09T17:39:13Z,Digitizer_run1607_subrun84.csv,5,False,,,3.21,-0.5133
2026-04-09T17:39:13Z,Digitizer_run1607_subrun84.csv,6,True,isolation_forest,,4.19,-0.5193
2026-04-09T17:39:13Z,Digitizer_run1607_subrun84.csv,7,True,isolation_forest,,3.54,-0.519
2026-04-09T17:39:13Z,Digitizer_run1607_subrun84.csv,8,False,,,3.21,-0.5119
2026-04-09T17:39:13Z,Digitizer_run1607_subrun84.csv,9,True,isolation_forest,,3.48,-0.5146
2026-04-09T17:39:13Z,Digitizer_run1607_subrun84.csv,10,True,isolation_forest,,3.21,-0.515
2026-04-09T17:39:13Z,Digitizer_run1607_subrun84.csv,11,True,isolation_forest,,3.21,-0.5153
2026-04-09T17:39:13Z,Digitizer_run1607_subrun84.csv,12,False,,,3.21,-0.5113
2026-04-09T17:39:13Z,Digitizer_run1607_subrun84.csv,13,False,,,3.21,-0.5085
2026-04-09T17:39:13Z,Digitizer_run1607_subrun84.csv,14,True,isolation_forest,,3.21,-0.5173
2026-04-09T17:39:13Z,Digitizer_run1607_subrun84.csv,15,True,isolation_forest,,4.76,-0.5171
2026-04-09T17:39:13Z,Digitizer_run1607_subrun84.csv,16,True,isolation_forest,,3.21,-0.5307
2026-04-09T17:39:13Z,Digitizer_run1607_subrun84.csv,17,False,,,3.21,-0.5064
2026-04-09T17:39:13Z,Digitizer_run1607_subrun84.csv,18,False,,,3.21,-0.5094
2026-04-09T17:39:13Z,Digitizer_run1607_subrun84.csv,19,False,,,3.21,-0.4953
2026-04-09T17:39:13Z,Digitizer_run1607_subrun84.csv,20,True,isolation_forest,,3.28,-0.5324
2026-04-09T17:39:13Z,Digitizer_run1607_subrun84.csv,21,True,statistical+IF,nPulses_median,14.14,-0.5439
2026-04-09T17:39:13Z,Digitizer_run1607_subrun84.csv,22,False,,,3.21,-0.4961
2026-04-09T17:39:13Z,Digitizer_run1607_subrun84.csv,23,False,,,3.21,-0.4955
2026-04-09T17:39:13Z,Digitizer_run1607_subrun84.csv,24,False,,,3.21,-0.5036
2026-04-09T17:39:13Z,Digitizer_run1607_subrun84.csv,25,False,,,3.21,-0.4998
2026-04-09T17:39:13Z,Digitizer_run1607_subrun84.csv,26,True,isolation_forest,,3.21,-0.5263
2026-04-09T17:39:13Z,Digitizer_run1607_subrun84.csv,27,True,isolation_forest,,3.21,-0.5226
2026-04-09T17:39:13Z,Digitizer_run1607_subrun84.csv,28,True,isolation_forest,,4.9,-0.5265
2026-04-09T17:39:13Z,Digitizer_run1607_subrun84.csv,29,False,,,3.21,-0.5071
2026-04-09T17:39:13Z,Digitizer_run1607_subrun84.csv,30,False,,,3.21,-0.5042
2026-04-09T17:39:13Z,Digitizer_run1607_subrun84.csv,31,True,isolation_forest,,3.21,-0.5206
2026-04-09T17:39:13Z,Digitizer_run1607_subrun84.csv,32,False,,,3.21,-0.5133
2026-04-09T17:39:13Z,Digitizer_run1607_subrun84.csv,33,True,isolation_forest,,3.21,-0.5258
2026-04-09T17:39:13Z,Digitizer_run1607_subrun84.csv,34,True,isolation_forest,,3.21,-0.5215
2026-04-09T17:39:13Z,Digitizer_run1607_subrun84.csv,35,False,,,3.21,-0.5139
2026-04-09T17:39:13Z,Digitizer_run1607_subrun84.csv,36,False,,,3.21,-0.5078
2026-04-09T17:39:13Z,Digitizer_run1607_subrun84.csv,37,False,,,3.21,-0.5012
2026-04-09T17:39:13Z,Digitizer_run1607_subrun84.csv,38,False,,,3.21,-0.4982
2026-04-09T17:39:13Z,Digitizer_run1607_subrun84.csv,39,False,,,3.21,-0.4998
2026-04-09T17:39:13Z,Digitizer_run1607_subrun84.csv,40,False,,,3.21,-0.5113
2026-04-09T17:39:13Z,Digitizer_run1607_subrun84.csv,41,False,,,3.21,-0.5135
2026-04-09T17:39:13Z,Digitizer_run1607_subrun84.csv,42,False,,,3.21,-0.4912
2026-04-09T17:39:13Z,Digitizer_run1607_subrun84.csv,43,False,,,3.21,-0.5126
2026-04-09T17:39:13Z,Digitizer_run1607_subrun84.csv,44,False,,,3.21,-0.4991
2026-04-09T17:39:13Z,Digitizer_run1607_subrun84.csv,45,True,isolation_forest,,3.21,-0.5205
2026-04-09T17:39:13Z,Digitizer_run1607_subrun84.csv,46,False,,,3.21,-0.4979
2026-04-09T17:39:13Z,Digitizer_run1607_subrun84.csv,47,True,isolation_forest,,3.21,-0.5277
2026-04-09T17:39:13Z,Digitizer_run1607_subrun84.csv,48,False,,,3.21,-0.5008
2026-04-09T17:39:13Z,Digitizer_run1607_subrun84.csv,49,False,,,3.21,-0.4915
2026-04-09T17:39:13Z,Digitizer_run1607_subrun84.csv,50,False,,,3.21,-0.5008
2026-04-09T17:39:13Z,Digitizer_run1607_subrun84.csv,51,False,,,3.21,-0.4978
2026-04-09T17:39:13Z,Digitizer_run1607_subrun84.csv,52,False,,,3.21,-0.4972
2026-04-09T17:39:13Z,Digitizer_run1607_subrun84.csv,53,False,,,3.21,-0.5024
2026-04-09T17:39:13Z,Digitizer_run1607_subrun84.csv,54,True,isolation_forest,,3.21,-0.5161
2026-04-09T17:39:13Z,Digitizer_run1607_subrun84.csv,55,False,,,3.21,-0.5136
2026-04-09T17:39:13Z,Digitizer_run1607_subrun84.csv,56,False,,,3.21,-0.5056
2026-04-09T17:39:13Z,Digitizer_run1607_subrun84.csv,57,False,,,3.21,-0.4939
2026-04-09T17:39:13Z,Digitizer_run1607_subrun84.csv,58,True,isolation_forest,,3.21,-0.537
2026-04-09T17:39:13Z,Digitizer_run1607_subrun84.csv,59,True,isolation_forest,,3.75,-0.5437
2026-04-09T17:39:13Z,Digitizer_run1607_subrun84.csv,60,False,,,3.21,-0.5096
2026-04-09T17:39:13Z,Digitizer_run1607_subrun84.csv,61,False,,,3.21,-0.497
2026-04-09T17:39:13Z,Digitizer_run1607_subrun84.csv,62,False,,,3.21,-0.5034
2026-04-09T17:39:13Z,Digitizer_run1607_subrun84.csv,63,False,,,3.21,-0.5112
2026-04-09T17:39:13Z,Digitizer_run1607_subrun84.csv,64,False,,,3.21,-0.5074
2026-04-09T17:39:13Z,Digitizer_run1607_subrun84.csv,65,False,,,3.21,-0.5115
2026-04-09T17:39:13Z,Digitizer_run1607_subrun84.csv,66,True,isolation_forest,,3.21,-0.5147
2026-04-09T17:39:13Z,Digitizer_run1607_subrun84.csv,67,False,,,3.21,-0.5031
2026-04-09T17:39:13Z,Digitizer_run1607_subrun84.csv,68,True,isolation_forest,,4.61,-0.517
2026-04-09T17:39:13Z,Digitizer_run1607_subrun84.csv,69,False,,,3.21,-0.4896
2026-04-09T17:39:13Z,Digitizer_run1607_subrun84.csv,70,False,,,3.21,-0.5053
2026-04-09T17:39:13Z,Digitizer_run1607_subrun84.csv,71,True,isolation_forest,,3.21,-0.519
2026-04-09T17:39:13Z,Digitizer_run1607_subrun84.csv,72,False,,,3.21,-0.4982
2026-04-09T17:39:13Z,Digitizer_run1607_subrun84.csv,73,False,,,3.21,-0.5125
2026-04-09T17:39:13Z,Digitizer_run1607_subrun84.csv,74,True,isolation_forest,,3.21,-0.5361
2026-04-09T17:39:13Z,Digitizer_run1607_subrun84.csv,75,True,isolation_forest,,3.21,-0.5152
2026-04-09T17:39:13Z,Digitizer_run1607_subrun84.csv,76,True,isolation_forest,,3.21,-0.5276
2026-04-09T17:39:13Z,Digitizer_run1607_subrun84.csv,77,False,,,3.21,-0.5085
2026-04-09T17:39:13Z,Digitizer_run1607_subrun84.csv,78,False,,,3.24,-0.5067
2026-04-09T17:39:13Z,Digitizer_run1607_subrun84.csv,79,False,,,3.21,-0.5011
2026-04-09T17:39:13Z,Digitizer_run1607_subrun84.csv,80,False,,,3.21,-0.5051
2026-04-09T17:39:13Z,Digitizer_run1607_subrun84.csv,81,False,,,3.21,-0.506
2026-04-09T17:39:13Z,Digitizer_run1607_subrun84.csv,82,False,,,3.21,-0.5038
2026-04-09T17:39:13Z,Digitizer_run1607_subrun84.csv,83,False,,,3.21,-0.5087
2026-04-09T17:39:13Z,Digitizer_run1607_subrun84.csv,84,False,,,3.21,-0.5067
2026-04-09T17:39:13Z,Digitizer_run1607_subrun84.csv,85,False,,,3.21,-0.5081
2026-04-09T17:39:13Z,Digitizer_run1607_subrun84.csv,86,False,,,3.21,-0.5054
2026-04-09T17:39:13Z,Digitizer_run1607_subrun84.csv,87,False,,,3.21,-0.502
2026-04-09T17:39:13Z,Digitizer_run1607_subrun84.csv,88,False,,,3.21,-0.5004
2026-04-09T17:39:13Z,Digitizer_run1607_subrun84.csv,89,False,,,3.21,-0.4961
2026-04-09T17:39:13Z,Digitizer_run1607_subrun84.csv,90,True,isolation_forest,,3.21,-0.517
2026-04-09T17:39:13Z,Digitizer_run1607_subrun84.csv,91,False,,,3.21,-0.5104
2026-04-09T17:39:13Z,Digitizer_run1607_subrun84.csv,92,True,isolation_forest,,3.21,-0.5427
2026-04-09T17:39:13Z,Digitizer_run1607_subrun84.csv,93,True,isolation_forest,,3.21,-0.5289
2026-04-09T17:39:13Z,Digitizer_run1607_subrun84.csv,94,False,,,4.71,-0.5055
2026-04-09T17:39:13Z,Digitizer_run1607_subrun84.csv,95,False,,,3.21,-0.4959
2026-04-09T17:39:23Z,Digitizer_run1611_subrun288.csv,0,False,,,1.89,-0.4438
2026-04-09T17:39:23Z,Digitizer_run1611_subrun288.csv,1,False,,,2.88,-0.4558
2026-04-09T17:39:23Z,Digitizer_run1611_subrun288.csv,2,False,,,1.89,-0.4367
2026-04-09T17:39:23Z,Digitizer_run1611_subrun288.csv,3,False,,,1.89,-0.4397
2026-04-09T17:39:23Z,Digitizer_run1611_subrun288.csv,4,False,,,1.89,-0.4377
2026-04-09T17:39:23Z,Digitizer_run1611_subrun288.csv,5,False,,,2.97,-0.4627
2026-04-09T17:39:23Z,Digitizer_run1611_subrun288.csv,6,False,,,1.89,-0.4311
2026-04-09T17:39:23Z,Digitizer_run1611_subrun288.csv,7,False,,,1.89,-0.445
2026-04-09T17:39:23Z,Digitizer_run1611_subrun288.csv,8,False,,,2.79,-0.4731
2026-04-09T17:39:23Z,Digitizer_run1611_subrun288.csv,9,False,,,2.04,-0.442
2026-04-09T17:39:23Z,Digitizer_run1611_subrun288.csv,10,False,,,2.23,-0.4518
2026-04-09T17:39:23Z,Digitizer_run1611_subrun288.csv,11,False,,,3.37,-0.4511
2026-04-09T17:39:23Z,Digitizer_run1611_subrun288.csv,12,False,,,2.72,-0.4508
2026-04-09T17:39:23Z,Digitizer_run1611_subrun288.csv,13,False,,,2.91,-0.4575
2026-04-09T17:39:23Z,Digitizer_run1611_subrun288.csv,14,False,,,4.28,-0.4571
2026-04-09T17:39:23Z,Digitizer_run1611_subrun288.csv,15,False,,,2.03,-0.4495
2026-04-09T17:39:23Z,Digitizer_run1611_subrun288.csv,16,False,,,2.71,-0.4499
2026-04-09T17:39:23Z,Digitizer_run1611_subrun288.csv,17,False,,,3.28,-0.4769
2026-04-09T17:39:23Z,Digitizer_run1611_subrun288.csv,18,False,,,1.89,-0.4401
2026-04-09T17:39:23Z,Digitizer_run1611_subrun288.csv,19,False,,,2.19,-0.4502
2026-04-09T17:39:23Z,Digitizer_run1611_subrun288.csv,20,False,,,2.89,-0.4655
2026-04-09T17:39:23Z,Digitizer_run1611_subrun288.csv,21,False,,,3.39,-0.475
2026-04-09T17:39:23Z,Digitizer_run1611_subrun288.csv,22,False,,,1.89,-0.4337
2026-04-09T17:39:23Z,Digitizer_run1611_subrun288.csv,23,False,,,1.89,-0.4343
2026-04-09T17:39:23Z,Digitizer_run1611_subrun288.csv,24,False,,,3.39,-0.4607
2026-04-09T17:39:23Z,Digitizer_run1611_subrun288.csv,25,False,,,1.89,-0.4385
2026-04-09T17:39:23Z,Digitizer_run1611_subrun288.csv,26,False,,,1.89,-0.4485
2026-04-09T17:39:23Z,Digitizer_run1611_subrun288.csv,27,False,,,1.89,-0.4421
2026-04-09T17:39:23Z,Digitizer_run1611_subrun288.csv,28,False,,,1.89,-0.4452
2026-04-09T17:39:23Z,Digitizer_run1611_subrun288.csv,29,False,,,1.96,-0.4453
2026-04-09T17:39:23Z,Digitizer_run1611_subrun288.csv,30,False,,,1.89,-0.4353
2026-04-09T17:39:23Z,Digitizer_run1611_subrun288.csv,31,False,,,1.89,-0.4382
2026-04-09T17:39:23Z,Digitizer_run1611_subrun288.csv,32,False,,,2.63,-0.4509
2026-04-09T17:39:23Z,Digitizer_run1611_subrun288.csv,33,False,,,3.5,-0.4874
2026-04-09T17:39:23Z,Digitizer_run1611_subrun288.csv,34,False,,,1.89,-0.437
2026-04-09T17:39:23Z,Digitizer_run1611_subrun288.csv,35,False,,,1.89,-0.4324
2026-04-09T17:39:23Z,Digitizer_run1611_subrun288.csv,36,False,,,1.89,-0.4398
2026-04-09T17:39:23Z,Digitizer_run1611_subrun288.csv,37,False,,,1.89,-0.4428
2026-04-09T17:39:23Z,Digitizer_run1611_subrun288.csv,38,False,,,3.0,-0.4731
2026-04-09T17:39:23Z,Digitizer_run1611_subrun288.csv,39,False,,,2.4,-0.4725
2026-04-09T17:39:23Z,Digitizer_run1611_subrun288.csv,40,False,,,1.89,-0.4422
2026-04-09T17:39:23Z,Digitizer_run1611_subrun288.csv,41,False,,,1.89,-0.4445
2026-04-09T17:39:23Z,Digitizer_run1611_subrun288.csv,42,False,,,4.46,-0.4894
2026-04-09T17:39:23Z,Digitizer_run1611_subrun288.csv,43,False,,,2.39,-0.4606
2026-04-09T17:39:23Z,Digitizer_run1611_subrun288.csv,44,False,,,2.28,-0.4394
2026-04-09T17:39:23Z,Digitizer_run1611_subrun288.csv,45,False,,,1.94,-0.4419
2026-04-09T17:39:23Z,Digitizer_run1611_subrun288.csv,46,False,,,1.89,-0.4451
2026-04-09T17:39:23Z,Digitizer_run1611_subrun288.csv,47,False,,,1.89,-0.4382
2026-04-09T17:39:23Z,Digitizer_run1611_subrun288.csv,48,False,,,1.89,-0.4374
2026-04-09T17:39:23Z,Digitizer_run1611_subrun288.csv,49,False,,,2.03,-0.4413
2026-04-09T17:39:23Z,Digitizer_run1611_subrun288.csv,50,False,,,2.1,-0.4485
2026-04-09T17:39:23Z,Digitizer_run1611_subrun288.csv,51,False,,,2.16,-0.4572
2026-04-09T17:39:23Z,Digitizer_run1611_subrun288.csv,52,False,,,2.08,-0.4378
2026-04-09T17:39:23Z,Digitizer_run1611_subrun288.csv,53,False,,,1.89,-0.4388
2026-04-09T17:39:23Z,Digitizer_run1611_subrun288.csv,54,False,,,2.12,-0.4375
2026-04-09T17:39:23Z,Digitizer_run1611_subrun288.csv,55,False,,,1.89,-0.4357
2026-04-09T17:39:23Z,Digitizer_run1611_subrun288.csv,56,False,,,3.14,-0.4847
2026-04-09T17:39:23Z,Digitizer_run1611_subrun288.csv,57,False,,,2.14,-0.4558
2026-04-09T17:39:23Z,Digitizer_run1611_subrun288.csv,58,False,,,1.89,-0.4427
2026-04-09T17:39:23Z,Digitizer_run1611_subrun288.csv,59,False,,,1.89,-0.4307
2026-04-09T17:39:23Z,Digitizer_run1611_subrun288.csv,60,False,,,1.89,-0.44
2026-04-09T17:39:23Z,Digitizer_run1611_subrun288.csv,61,False,,,2.03,-0.4515
2026-04-09T17:39:23Z,Digitizer_run1611_subrun288.csv,62,False,,,1.89,-0.4341
2026-04-09T17:39:23Z,Digitizer_run1611_subrun288.csv,63,False,,,1.89,-0.4347
2026-04-09T17:39:23Z,Digitizer_run1611_subrun288.csv,64,False,,,2.78,-0.4558
2026-04-09T17:39:23Z,Digitizer_run1611_subrun288.csv,65,False,,,3.84,-0.4588
2026-04-09T17:39:23Z,Digitizer_run1611_subrun288.csv,66,False,,,1.89,-0.4466
2026-04-09T17:39:23Z,Digitizer_run1611_subrun288.csv,67,False,,,2.09,-0.4514
2026-04-09T17:39:23Z,Digitizer_run1611_subrun288.csv,68,False,,,2.68,-0.4571
2026-04-09T17:39:23Z,Digitizer_run1611_subrun288.csv,69,False,,,1.89,-0.45
2026-04-09T17:39:23Z,Digitizer_run1611_subrun288.csv,70,False,,,3.09,-0.4708
2026-04-09T17:39:23Z,Digitizer_run1611_subrun288.csv,71,False,,,4.84,-0.4819
2026-04-09T17:39:23Z,Digitizer_run1611_subrun288.csv,72,False,,,2.0,-0.4505
2026-04-09T17:39:23Z,Digitizer_run1611_subrun288.csv,73,False,,,1.89,-0.4388
2026-04-09T17:39:23Z,Digitizer_run1611_subrun288.csv,74,False,,,1.89,-0.4544
2026-04-09T17:39:23Z,Digitizer_run1611_subrun288.csv,75,False,,,1.89,-0.4525
2026-04-09T17:39:23Z,Digitizer_run1611_subrun288.csv,76,False,,,2.35,-0.4575
2026-04-09T17:39:23Z,Digitizer_run1611_subrun288.csv,77,False,,,3.76,-0.4684
2026-04-09T17:39:23Z,Digitizer_run1611_subrun288.csv,78,False,,,2.69,-0.4719
2026-04-09T17:39:23Z,Digitizer_run1611_subrun288.csv,79,False,,,1.89,-0.4368
2026-04-09T17:39:23Z,Digitizer_run1611_subrun288.csv,80,False,,,4.36,-0.4868
2026-04-09T17:39:23Z,Digitizer_run1611_subrun288.csv,81,False,,,3.02,-0.4661
2026-04-09T17:39:23Z,Digitizer_run1611_subrun288.csv,82,False,,,2.38,-0.4587
2026-04-09T17:39:23Z,Digitizer_run1611_subrun288.csv,83,False,,,2.35,-0.4532
2026-04-09T17:39:23Z,Digitizer_run1611_subrun288.csv,84,False,,,2.89,-0.4679
2026-04-09T17:39:23Z,Digitizer_run1611_subrun288.csv,85,False,,,3.33,-0.4742
2026-04-09T17:39:23Z,Digitizer_run1611_subrun288.csv,86,False,,,2.62,-0.4551
2026-04-09T17:39:23Z,Digitizer_run1611_subrun288.csv,87,False,,,3.39,-0.4553
2026-04-09T17:39:23Z,Digitizer_run1611_subrun288.csv,88,False,,,1.89,-0.4574
2026-04-09T17:39:23Z,Digitizer_run1611_subrun288.csv,89,False,,,1.89,-0.4551
2026-04-09T17:39:23Z,Digitizer_run1611_subrun288.csv,90,False,,,2.49,-0.4588
2026-04-09T17:39:23Z,Digitizer_run1611_subrun288.csv,91,False,,,2.63,-0.4629
2026-04-09T17:39:23Z,Digitizer_run1611_subrun288.csv,92,False,,,1.89,-0.4632
2026-04-09T17:39:23Z,Digitizer_run1611_subrun288.csv,93,False,,,3.5,-0.4662
2026-04-09T17:39:23Z,Digitizer_run1611_subrun288.csv,94,False,,,2.69,-0.4827
2026-04-09T17:39:23Z,Digitizer_run1611_subrun288.csv,95,False,,,4.3,-0.4968
2026-04-09T17:39:31Z,Digitizer_run1609_subrun148.csv,0,False,,,3.9,-0.4506
2026-04-09T17:39:31Z,Digitizer_run1609_subrun148.csv,1,False,,,4.01,-0.4689
2026-04-09T17:39:31Z,Digitizer_run1609_subrun148.csv,2,False,,,3.99,-0.4751
2026-04-09T17:39:31Z,Digitizer_run1609_subrun148.csv,3,False,,,4.07,-0.4901
2026-04-09T17:39:31Z,Digitizer_run1609_subrun148.csv,4,False,,,4.02,-0.4587
2026-04-09T17:39:31Z,Digitizer_run1609_subrun148.csv,5,False,,,4.05,-0.467
2026-04-09T17:39:31Z,Digitizer_run1609_subrun148.csv,6,False,,,3.99,-0.4528
2026-04-09T17:39:31Z,Digitizer_run1609_subrun148.csv,7,False,,,3.96,-0.4528
2026-04-09T17:39:31Z,Digitizer_run1609_subrun148.csv,8,False,,,3.89,-0.4561
2026-04-09T17:39:31Z,Digitizer_run1609_subrun148.csv,9,False,,,4.0,-0.4652
2026-04-09T17:39:31Z,Digitizer_run1609_subrun148.csv,10,False,,,3.88,-0.4583
2026-04-09T17:39:31Z,Digitizer_run1609_subrun148.csv,11,False,,,3.86,-0.4661
2026-04-09T17:39:31Z,Digitizer_run1609_subrun148.csv,12,False,,,3.96,-0.457
2026-04-09T17:39:31Z,Digitizer_run1609_subrun148.csv,13,False,,,3.97,-0.4593
2026-04-09T17:39:31Z,Digitizer_run1609_subrun148.csv,14,False,,,4.05,-0.4733
2026-04-09T17:39:31Z,Digitizer_run1609_subrun148.csv,15,False,,,4.05,-0.4728
2026-04-09T17:39:31Z,Digitizer_run1609_subrun148.csv,16,False,,,3.92,-0.4788
2026-04-09T17:39:31Z,Digitizer_run1609_subrun148.csv,17,False,,,3.92,-0.4595
2026-04-09T17:39:31Z,Digitizer_run1609_subrun148.csv,18,False,,,4.06,-0.4719
2026-04-09T17:39:31Z,Digitizer_run1609_subrun148.csv,19,False,,,4.09,-0.4901
2026-04-09T17:39:31Z,Digitizer_run1609_subrun148.csv,20,False,,,4.0,-0.4703
2026-04-09T17:39:31Z,Digitizer_run1609_subrun148.csv,21,False,,,4.07,-0.4619
2026-04-09T17:39:31Z,Digitizer_run1609_subrun148.csv,22,False,,,4.11,-0.4676
2026-04-09T17:39:31Z,Digitizer_run1609_subrun148.csv,23,False,,,4.05,-0.4678
2026-04-09T17:39:31Z,Digitizer_run1609_subrun148.csv,24,False,,,4.03,-0.463
2026-04-09T17:39:31Z,Digitizer_run1609_subrun148.csv,25,False,,,3.97,-0.4828
2026-04-09T17:39:31Z,Digitizer_run1609_subrun148.csv,26,False,,,3.94,-0.513
2026-04-09T17:39:31Z,Digitizer_run1609_subrun148.csv,27,False,,,3.89,-0.5032
2026-04-09T17:39:31Z,Digitizer_run1609_subrun148.csv,28,False,,,4.01,-0.4906
2026-04-09T17:39:31Z,Digitizer_run1609_subrun148.csv,29,False,,,3.98,-0.474
2026-04-09T17:39:31Z,Digitizer_run1609_subrun148.csv,30,False,,,3.8,-0.4807
2026-04-09T17:39:31Z,Digitizer_run1609_subrun148.csv,31,False,,,3.83,-0.4757
2026-04-09T17:39:31Z,Digitizer_run1609_subrun148.csv,32,False,,,3.98,-0.4618
2026-04-09T17:39:31Z,Digitizer_run1609_subrun148.csv,33,False,,,4.05,-0.4839
2026-04-09T17:39:31Z,Digitizer_run1609_subrun148.csv,34,False,,,3.97,-0.4658
2026-04-09T17:39:31Z,Digitizer_run1609_subrun148.csv,35,False,,,3.91,-0.4589
2026-04-09T17:39:31Z,Digitizer_run1609_subrun148.csv,36,False,,,4.01,-0.5014
2026-04-09T17:39:31Z,Digitizer_run1609_subrun148.csv,37,False,,,4.07,-0.4747
2026-04-09T17:39:31Z,Digitizer_run1609_subrun148.csv,38,False,,,4.05,-0.475
2026-04-09T17:39:31Z,Digitizer_run1609_subrun148.csv,39,False,,,4.1,-0.4613
2026-04-09T17:39:31Z,Digitizer_run1609_subrun148.csv,40,False,,,3.84,-0.4785
2026-04-09T17:39:31Z,Digitizer_run1609_subrun148.csv,41,False,,,3.89,-0.4776
2026-04-09T17:39:31Z,Digitizer_run1609_subrun148.csv,42,False,,,3.94,-0.4776
2026-04-09T17:39:31Z,Digitizer_run1609_subrun148.csv,43,False,,,3.87,-0.4743
2026-04-09T17:39:31Z,Digitizer_run1609_subrun148.csv,44,True,statistical,nPulses_median,5.7,-0.4967
2026-04-09T17:39:31Z,Digitizer_run1609_subrun148.csv,45,False,,,3.88,-0.4877
2026-04-09T17:39:31Z,Digitizer_run1609_subrun148.csv,46,False,,,3.89,-0.4627
2026-04-09T17:39:31Z,Digitizer_run1609_subrun148.csv,47,False,,,3.91,-0.4631
2026-04-09T17:39:31Z,Digitizer_run1609_subrun148.csv,48,False,,,4.01,-0.4667
2026-04-09T17:39:31Z,Digitizer_run1609_subrun148.csv,49,False,,,3.98,-0.4732
2026-04-09T17:39:31Z,Digitizer_run1609_subrun148.csv,50,False,,,4.07,-0.4671
2026-04-09T17:39:31Z,Digitizer_run1609_subrun148.csv,51,False,,,4.08,-0.4881
2026-04-09T17:39:31Z,Digitizer_run1609_subrun148.csv,52,False,,,4.09,-0.4616
2026-04-09T17:39:31Z,Digitizer_run1609_subrun148.csv,53,False,,,4.08,-0.4564
2026-04-09T17:39:31Z,Digitizer_run1609_subrun148.csv,54,False,,,4.06,-0.4579
2026-04-09T17:39:31Z,Digitizer_run1609_subrun148.csv,55,False,,,4.01,-0.4574
2026-04-09T17:39:31Z,Digitizer_run1609_subrun148.csv,56,False,,,3.81,-0.4623
2026-04-09T17:39:31Z,Digitizer_run1609_subrun148.csv,57,False,,,3.81,-0.4715
2026-04-09T17:39:31Z,Digitizer_run1609_subrun148.csv,58,False,,,3.95,-0.485
2026-04-09T17:39:31Z,Digitizer_run1609_subrun148.csv,59,False,,,3.99,-0.4832
2026-04-09T17:39:31Z,Digitizer_run1609_subrun148.csv,60,False,,,3.8,-0.4702
2026-04-09T17:39:31Z,Digitizer_run1609_subrun148.csv,61,False,,,3.72,-0.4617
2026-04-09T17:39:31Z,Digitizer_run1609_subrun148.csv,62,False,,,3.89,-0.4756
2026-04-09T17:39:31Z,Digitizer_run1609_subrun148.csv,63,False,,,3.9,-0.4791
2026-04-09T17:39:31Z,Digitizer_run1609_subrun148.csv,64,False,,,3.85,-0.4661
2026-04-09T17:39:31Z,Digitizer_run1609_subrun148.csv,65,False,,,3.91,-0.467
2026-04-09T17:39:31Z,Digitizer_run1609_subrun148.csv,66,False,,,4.03,-0.4713
2026-04-09T17:39:31Z,Digitizer_run1609_subrun148.csv,67,False,,,4.03,-0.475
2026-04-09T17:39:31Z,Digitizer_run1609_subrun148.csv,68,False,,,4.13,-0.4862
2026-04-09T17:39:31Z,Digitizer_run1609_subrun148.csv,69,False,,,4.17,-0.4609
2026-04-09T17:39:31Z,Digitizer_run1609_subrun148.csv,70,False,,,4.24,-0.4635
2026-04-09T17:39:31Z,Digitizer_run1609_subrun148.csv,71,False,,,4.2,-0.4632
2026-04-09T17:39:31Z,Digitizer_run1609_subrun148.csv,72,False,,,3.94,-0.49
2026-04-09T17:39:31Z,Digitizer_run1609_subrun148.csv,73,False,,,3.97,-0.4686
2026-04-09T17:39:31Z,Digitizer_run1609_subrun148.csv,74,False,,,3.84,-0.4966
2026-04-09T17:39:31Z,Digitizer_run1609_subrun148.csv,75,False,,,3.87,-0.4653
2026-04-09T17:39:31Z,Digitizer_run1609_subrun148.csv,76,False,,,3.86,-0.4668
2026-04-09T17:39:31Z,Digitizer_run1609_subrun148.csv,77,False,,,3.73,-0.47
2026-04-09T17:39:31Z,Digitizer_run1609_subrun148.csv,78,False,,,3.82,-0.4787
2026-04-09T17:39:31Z,Digitizer_run1609_subrun148.csv,79,False,,,3.82,-0.4709
2026-04-09T17:39:31Z,Digitizer_run1609_subrun148.csv,80,False,,,3.93,-0.4694
2026-04-09T17:39:31Z,Digitizer_run1609_subrun148.csv,81,False,,,3.99,-0.4799
2026-04-09T17:39:31Z,Digitizer_run1609_subrun148.csv,82,False,,,4.07,-0.4765
2026-04-09T17:39:31Z,Digitizer_run1609_subrun148.csv,83,False,,,4.08,-0.4592
2026-04-09T17:39:31Z,Digitizer_run1609_subrun148.csv,84,False,,,3.85,-0.4771
2026-04-09T17:39:31Z,Digitizer_run1609_subrun148.csv,85,False,,,3.87,-0.4539
2026-04-09T17:39:31Z,Digitizer_run1609_subrun148.csv,86,False,,,3.81,-0.4651
2026-04-09T17:39:31Z,Digitizer_run1609_subrun148.csv,87,False,,,3.95,-0.4681
2026-04-09T17:39:31Z,Digitizer_run1609_subrun148.csv,88,False,,,4.9,-0.4759
2026-04-09T17:39:31Z,Digitizer_run1609_subrun148.csv,89,False,,,2.68,-0.4674
2026-04-09T17:39:31Z,Digitizer_run1609_subrun148.csv,90,False,,,3.33,-0.4864
2026-04-09T17:39:31Z,Digitizer_run1609_subrun148.csv,91,False,,,2.68,-0.4858
2026-04-09T17:39:31Z,Digitizer_run1609_subrun148.csv,92,False,,,2.68,-0.4721
2026-04-09T17:39:31Z,Digitizer_run1609_subrun148.csv,93,False,,,2.68,-0.4586
2026-04-09T17:39:31Z,Digitizer_run1609_subrun148.csv,94,False,,,3.39,-0.475
2026-04-09T17:39:31Z,Digitizer_run1609_subrun148.csv,95,False,,,3.07,-0.4677
2026-04-09T17:39:37Z,Digitizer_run1611_subrun282.csv,0,False,,,2.72,-0.4616
2026-04-09T17:39:37Z,Digitizer_run1611_subrun282.csv,1,False,,,2.37,-0.4331
2026-04-09T17:39:37Z,Digitizer_run1611_subrun282.csv,2,False,,,2.37,-0.4256
2026-04-09T17:39:37Z,Digitizer_run1611_subrun282.csv,3,False,,,2.37,-0.4444
2026-04-09T17:39:37Z,Digitizer_run1611_subrun282.csv,4,False,,,2.37,-0.4349
2026-04-09T17:39:37Z,Digitizer_run1611_subrun282.csv,5,False,,,2.37,-0.432
2026-04-09T17:39:37Z,Digitizer_run1611_subrun282.csv,6,False,,,2.37,-0.4325
2026-04-09T17:39:37Z,Digitizer_run1611_subrun282.csv,7,False,,,2.37,-0.4351
2026-04-09T17:39:37Z,Digitizer_run1611_subrun282.csv,8,False,,,2.37,-0.4336
2026-04-09T17:39:37Z,Digitizer_run1611_subrun282.csv,9,False,,,2.87,-0.4406
2026-04-09T17:39:37Z,Digitizer_run1611_subrun282.csv,10,False,,,2.37,-0.4329
2026-04-09T17:39:37Z,Digitizer_run1611_subrun282.csv,11,False,,,2.37,-0.4419
2026-04-09T17:39:37Z,Digitizer_run1611_subrun282.csv,12,False,,,2.37,-0.434
2026-04-09T17:39:37Z,Digitizer_run1611_subrun282.csv,13,False,,,4.11,-0.4692
2026-04-09T17:39:37Z,Digitizer_run1611_subrun282.csv,14,False,,,2.37,-0.4279
2026-04-09T17:39:37Z,Digitizer_run1611_subrun282.csv,15,False,,,2.37,-0.4311
2026-04-09T17:39:37Z,Digitizer_run1611_subrun282.csv,16,False,,,2.37,-0.4345
2026-04-09T17:39:37Z,Digitizer_run1611_subrun282.csv,17,False,,,2.37,-0.4299
2026-04-09T17:39:37Z,Digitizer_run1611_subrun282.csv,18,False,,,2.37,-0.4278
2026-04-09T17:39:37Z,Digitizer_run1611_subrun282.csv,19,False,,,2.37,-0.4376
2026-04-09T17:39:37Z,Digitizer_run1611_subrun282.csv,20,False,,,2.37,-0.4571
2026-04-09T17:39:37Z,Digitizer_run1611_subrun282.csv,21,False,,,2.37,-0.4223
2026-04-09T17:39:37Z,Digitizer_run1611_subrun282.csv,22,False,,,2.37,-0.4271
2026-04-09T17:39:37Z,Digitizer_run1611_subrun282.csv,23,False,,,2.37,-0.4265
2026-04-09T17:39:37Z,Digitizer_run1611_subrun282.csv,24,False,,,2.37,-0.4509
2026-04-09T17:39:37Z,Digitizer_run1611_subrun282.csv,25,False,,,2.37,-0.4296
2026-04-09T17:39:37Z,Digitizer_run1611_subrun282.csv,26,False,,,2.37,-0.4354
2026-04-09T17:39:37Z,Digitizer_run1611_subrun282.csv,27,False,,,2.46,-0.453
2026-04-09T17:39:37Z,Digitizer_run1611_subrun282.csv,28,False,,,2.37,-0.4303
2026-04-09T17:39:37Z,Digitizer_run1611_subrun282.csv,29,False,,,2.37,-0.4239
2026-04-09T17:39:37Z,Digitizer_run1611_subrun282.csv,30,False,,,2.37,-0.4385
2026-04-09T17:39:37Z,Digitizer_run1611_subrun282.csv,31,False,,,2.82,-0.4465
2026-04-09T17:39:37Z,Digitizer_run1611_subrun282.csv,32,False,,,2.37,-0.4321
2026-04-09T17:39:37Z,Digitizer_run1611_subrun282.csv,33,False,,,2.37,-0.422
2026-04-09T17:39:37Z,Digitizer_run1611_subrun282.csv,34,False,,,3.1,-0.4609
2026-04-09T17:39:37Z,Digitizer_run1611_subrun282.csv,35,False,,,2.57,-0.4356
2026-04-09T17:39:37Z,Digitizer_run1611_subrun282.csv,36,False,,,2.37,-0.4386
2026-04-09T17:39:37Z,Digitizer_run1611_subrun282.csv,37,False,,,2.37,-0.4264
2026-04-09T17:39:37Z,Digitizer_run1611_subrun282.csv,38,False,,,3.33,-0.4724
2026-04-09T17:39:37Z,Digitizer_run1611_subrun282.csv,39,False,,,2.37,-0.438
2026-04-09T17:39:37Z,Digitizer_run1611_subrun282.csv,40,False,,,2.86,-0.4517
2026-04-09T17:39:37Z,Digitizer_run1611_subrun282.csv,41,False,,,2.48,-0.4472
2026-04-09T17:39:37Z,Digitizer_run1611_subrun282.csv,42,False,,,2.96,-0.4716
2026-04-09T17:39:37Z,Digitizer_run1611_subrun282.csv,43,False,,,2.37,-0.4267
2026-04-09T17:39:37Z,Digitizer_run1611_subrun282.csv,44,True,statistical,nPulses_median,5.7,-0.4463
2026-04-09T17:39:37Z,Digitizer_run1611_subrun282.csv,45,False,,,2.37,-0.4321
2026-04-09T17:39:37Z,Digitizer_run1611_subrun282.csv,46,False,,,4.15,-0.4941
2026-04-09T17:39:37Z,Digitizer_run1611_subrun282.csv,47,False,,,2.37,-0.4343
2026-04-09T17:39:37Z,Digitizer_run1611_subrun282.csv,48,False,,,2.37,-0.4257
2026-04-09T17:39:37Z,Digitizer_run1611_subrun282.csv,49,False,,,2.37,-0.436
2026-04-09T17:39:37Z,Digitizer_run1611_subrun282.csv,50,False,,,2.37,-0.4322
2026-04-09T17:39:37Z,Digitizer_run1611_subrun282.csv,51,False,,,2.37,-0.4401
2026-04-09T17:39:37Z,Digitizer_run1611_subrun282.csv,52,False,,,2.37,-0.4244
2026-04-09T17:39:37Z,Digitizer_run1611_subrun282.csv,53,False,,,2.37,-0.428
2026-04-09T17:39:37Z,Digitizer_run1611_subrun282.csv,54,False,,,3.12,-0.442
2026-04-09T17:39:37Z,Digitizer_run1611_subrun282.csv,55,False,,,2.37,-0.4258
2026-04-09T17:39:37Z,Digitizer_run1611_subrun282.csv,56,False,,,2.37,-0.441
2026-04-09T17:39:37Z,Digitizer_run1611_subrun282.csv,57,False,,,2.99,-0.4515
2026-04-09T17:39:37Z,Digitizer_run1611_subrun282.csv,58,False,,,3.06,-0.4441
2026-04-09T17:39:37Z,Digitizer_run1611_subrun282.csv,59,False,,,2.37,-0.4406
2026-04-09T17:39:37Z,Digitizer_run1611_subrun282.csv,60,False,,,2.9,-0.4339
2026-04-09T17:39:37Z,Digitizer_run1611_subrun282.csv,61,False,,,2.63,-0.4321
2026-04-09T17:39:37Z,Digitizer_run1611_subrun282.csv,62,False,,,2.62,-0.4601
2026-04-09T17:39:37Z,Digitizer_run1611_subrun282.csv,63,False,,,3.06,-0.4482
2026-04-09T17:39:37Z,Digitizer_run1611_subrun282.csv,64,False,,,2.37,-0.4382
2026-04-09T17:39:37Z,Digitizer_run1611_subrun282.csv,65,False,,,2.37,-0.433
2026-04-09T17:39:37Z,Digitizer_run1611_subrun282.csv,66,False,,,2.61,-0.4328
2026-04-09T17:39:37Z,Digitizer_run1611_subrun282.csv,67,False,,,2.37,-0.4396
2026-04-09T17:39:37Z,Digitizer_run1611_subrun282.csv,68,False,,,2.37,-0.4445
2026-04-09T17:39:37Z,Digitizer_run1611_subrun282.csv,69,False,,,2.37,-0.4269
2026-04-09T17:39:37Z,Digitizer_run1611_subrun282.csv,70,False,,,2.37,-0.4305
2026-04-09T17:39:37Z,Digitizer_run1611_subrun282.csv,71,False,,,2.37,-0.4305
2026-04-09T17:39:37Z,Digitizer_run1611_subrun282.csv,72,False,,,3.44,-0.4641
2026-04-09T17:39:37Z,Digitizer_run1611_subrun282.csv,73,False,,,2.58,-0.4453
2026-04-09T17:39:37Z,Digitizer_run1611_subrun282.csv,74,True,statistical,nPulses_median,7.0,-0.4908
2026-04-09T17:39:37Z,Digitizer_run1611_subrun282.csv,75,False,,,3.19,-0.4805
2026-04-09T17:39:37Z,Digitizer_run1611_subrun282.csv,76,False,,,2.37,-0.4292
2026-04-09T17:39:37Z,Digitizer_run1611_subrun282.csv,77,False,,,3.91,-0.4735
2026-04-09T17:39:37Z,Digitizer_run1611_subrun282.csv,78,False,,,2.37,-0.4301
2026-04-09T17:39:37Z,Digitizer_run1611_subrun282.csv,79,False,,,2.76,-0.4517
2026-04-09T17:39:37Z,Digitizer_run1611_subrun282.csv,80,False,,,2.37,-0.4468
2026-04-09T17:39:37Z,Digitizer_run1611_subrun282.csv,81,False,,,2.71,-0.4459
2026-04-09T17:39:37Z,Digitizer_run1611_subrun282.csv,82,False,,,2.37,-0.4505
2026-04-09T17:39:37Z,Digitizer_run1611_subrun282.csv,83,False,,,2.37,-0.4322
2026-04-09T17:39:37Z,Digitizer_run1611_subrun282.csv,84,False,,,2.37,-0.4425
2026-04-09T17:39:37Z,Digitizer_run1611_subrun282.csv,85,False,,,2.37,-0.4391
2026-04-09T17:39:37Z,Digitizer_run1611_subrun282.csv,86,False,,,2.37,-0.4368
2026-04-09T17:39:37Z,Digitizer_run1611_subrun282.csv,87,False,,,2.37,-0.424
2026-04-09T17:39:37Z,Digitizer_run1611_subrun282.csv,88,False,,,4.61,-0.4733
2026-04-09T17:39:37Z,Digitizer_run1611_subrun282.csv,89,False,,,3.24,-0.4549
2026-04-09T17:39:37Z,Digitizer_run1611_subrun282.csv,90,False,,,2.37,-0.4543
2026-04-09T17:39:37Z,Digitizer_run1611_subrun282.csv,91,False,,,2.84,-0.4694
2026-04-09T17:39:37Z,Digitizer_run1611_subrun282.csv,92,False,,,2.37,-0.4665
2026-04-09T17:39:37Z,Digitizer_run1611_subrun282.csv,93,False,,,2.75,-0.4614
2026-04-09T17:39:37Z,Digitizer_run1611_subrun282.csv,94,False,,,2.37,-0.4432
2026-04-09T17:39:37Z,Digitizer_run1611_subrun282.csv,95,False,,,2.37,-0.4577
2026-04-09T17:39:43Z,Digitizer_run1608_subrun118.csv,0,False,,,2.13,-0.4364
2026-04-09T17:39:43Z,Digitizer_run1608_subrun118.csv,1,False,,,1.94,-0.4289
2026-04-09T17:39:43Z,Digitizer_run1608_subrun118.csv,2,False,,,2.3,-0.4228
2026-04-09T17:39:43Z,Digitizer_run1608_subrun118.csv,3,False,,,2.6,-0.4367
2026-04-09T17:39:43Z,Digitizer_run1608_subrun118.csv,4,False,,,2.3,-0.4603
2026-04-09T17:39:43Z,Digitizer_run1608_subrun118.csv,5,False,,,1.94,-0.4241
2026-04-09T17:39:43Z,Digitizer_run1608_subrun118.csv,6,False,,,1.94,-0.432
2026-04-09T17:39:43Z,Digitizer_run1608_subrun118.csv,7,False,,,2.2,-0.4414
2026-04-09T17:39:43Z,Digitizer_run1608_subrun118.csv,8,False,,,1.94,-0.4305
2026-04-09T17:39:43Z,Digitizer_run1608_subrun118.csv,9,False,,,1.94,-0.4263
2026-04-09T17:39:43Z,Digitizer_run1608_subrun118.csv,10,True,statistical,nPulses_median,7.0,-0.4748
2026-04-09T17:39:43Z,Digitizer_run1608_subrun118.csv,11,False,,,3.43,-0.4666
2026-04-09T17:39:43Z,Digitizer_run1608_subrun118.csv,12,False,,,3.18,-0.4441
2026-04-09T17:39:43Z,Digitizer_run1608_subrun118.csv,13,False,,,3.06,-0.4444
2026-04-09T17:39:43Z,Digitizer_run1608_subrun118.csv,14,False,,,1.94,-0.4373
2026-04-09T17:39:43Z,Digitizer_run1608_subrun118.csv,15,False,,,2.16,-0.4519
2026-04-09T17:39:43Z,Digitizer_run1608_subrun118.csv,16,False,,,1.96,-0.4257
2026-04-09T17:39:43Z,Digitizer_run1608_subrun118.csv,17,False,,,3.03,-0.4524
2026-04-09T17:39:43Z,Digitizer_run1608_subrun118.csv,18,False,,,2.04,-0.4247
2026-04-09T17:39:43Z,Digitizer_run1608_subrun118.csv,19,False,,,3.03,-0.4378
2026-04-09T17:39:43Z,Digitizer_run1608_subrun118.csv,20,False,,,1.94,-0.4222
2026-04-09T17:39:43Z,Digitizer_run1608_subrun118.csv,21,False,,,1.94,-0.4313
2026-04-09T17:39:43Z,Digitizer_run1608_subrun118.csv,22,False,,,1.94,-0.4309
2026-04-09T17:39:43Z,Digitizer_run1608_subrun118.csv,23,False,,,2.34,-0.4262
2026-04-09T17:39:43Z,Digitizer_run1608_subrun118.csv,24,False,,,1.94,-0.4355
2026-04-09T17:39:43Z,Digitizer_run1608_subrun118.csv,25,False,,,2.19,-0.4354
2026-04-09T17:39:43Z,Digitizer_run1608_subrun118.csv,26,False,,,2.57,-0.4331
2026-04-09T17:39:43Z,Digitizer_run1608_subrun118.csv,27,False,,,2.09,-0.449
2026-04-09T17:39:43Z,Digitizer_run1608_subrun118.csv,28,False,,,2.96,-0.4533
2026-04-09T17:39:43Z,Digitizer_run1608_subrun118.csv,29,False,,,4.24,-0.4796
2026-04-09T17:39:43Z,Digitizer_run1608_subrun118.csv,30,False,,,2.93,-0.4425
2026-04-09T17:39:43Z,Digitizer_run1608_subrun118.csv,31,False,,,2.27,-0.4352
2026-04-09T17:39:43Z,Digitizer_run1608_subrun118.csv,32,False,,,1.94,-0.4353
2026-04-09T17:39:43Z,Digitizer_run1608_subrun118.csv,33,True,statistical,nPulses_median,7.0,-0.4791
2026-04-09T17:39:43Z,Digitizer_run1608_subrun118.csv,34,False,,,1.94,-0.4275
2026-04-09T17:39:43Z,Digitizer_run1608_subrun118.csv,35,False,,,2.81,-0.4705
2026-04-09T17:39:43Z,Digitizer_run1608_subrun118.csv,36,False,,,1.94,-0.4378
2026-04-09T17:39:43Z,Digitizer_run1608_subrun118.csv,37,False,,,1.94,-0.4294
2026-04-09T17:39:43Z,Digitizer_run1608_subrun118.csv,38,False,,,1.94,-0.4211
2026-04-09T17:39:43Z,Digitizer_run1608_subrun118.csv,39,False,,,1.94,-0.4263
2026-04-09T17:39:43Z,Digitizer_run1608_subrun118.csv,40,False,,,1.94,-0.4308
2026-04-09T17:39:43Z,Digitizer_run1608_subrun118.csv,41,False,,,1.94,-0.4303
2026-04-09T17:39:43Z,Digitizer_run1608_subrun118.csv,42,False,,,1.98,-0.432
2026-04-09T17:39:43Z,Digitizer_run1608_subrun118.csv,43,False,,,2.32,-0.4383
2026-04-09T17:39:43Z,Digitizer_run1608_subrun118.csv,44,False,,,1.94,-0.422
2026-04-09T17:39:43Z,Digitizer_run1608_subrun118.csv,45,False,,,3.24,-0.4387
2026-04-09T17:39:43Z,Digitizer_run1608_subrun118.csv,46,False,,,2.39,-0.4575
2026-04-09T17:39:43Z,Digitizer_run1608_subrun118.csv,47,False,,,2.82,-0.4476
2026-04-09T17:39:43Z,Digitizer_run1608_subrun118.csv,48,False,,,1.94,-0.4274
2026-04-09T17:39:43Z,Digitizer_run1608_subrun118.csv,49,False,,,2.1,-0.4439
2026-04-09T17:39:43Z,Digitizer_run1608_subrun118.csv,50,False,,,3.36,-0.4423
2026-04-09T17:39:43Z,Digitizer_run1608_subrun118.csv,51,False,,,3.48,-0.4351
2026-04-09T17:39:43Z,Digitizer_run1608_subrun118.csv,52,False,,,2.04,-0.4428
2026-04-09T17:39:43Z,Digitizer_run1608_subrun118.csv,53,False,,,3.49,-0.4385
2026-04-09T17:39:43Z,Digitizer_run1608_subrun118.csv,54,False,,,1.94,-0.4246
2026-04-09T17:39:43Z,Digitizer_run1608_subrun118.csv,55,False,,,2.04,-0.4271
2026-04-09T17:39:43Z,Digitizer_run1608_subrun118.csv,56,False,,,2.06,-0.4546
2026-04-09T17:39:43Z,Digitizer_run1608_subrun118.csv,57,False,,,1.94,-0.43
2026-04-09T17:39:43Z,Digitizer_run1608_subrun118.csv,58,False,,,2.45,-0.4372
2026-04-09T17:39:43Z,Digitizer_run1608_subrun118.csv,59,False,,,2.7,-0.4538
2026-04-09T17:39:43Z,Digitizer_run1608_subrun118.csv,60,False,,,2.48,-0.4579
2026-04-09T17:39:43Z,Digitizer_run1608_subrun118.csv,61,False,,,2.25,-0.4467
2026-04-09T17:39:43Z,Digitizer_run1608_subrun118.csv,62,False,,,1.94,-0.4375
2026-04-09T17:39:43Z,Digitizer_run1608_subrun118.csv,63,False,,,1.94,-0.4275
2026-04-09T17:39:43Z,Digitizer_run1608_subrun118.csv,64,False,,,1.94,-0.4194
2026-04-09T17:39:43Z,Digitizer_run1608_subrun118.csv,65,False,,,1.94,-0.4247
2026-04-09T17:39:43Z,Digitizer_run1608_subrun118.csv,66,False,,,2.09,-0.4433
2026-04-09T17:39:43Z,Digitizer_run1608_subrun118.csv,67,False,,,2.0,-0.4484
2026-04-09T17:39:43Z,Digitizer_run1608_subrun118.csv,68,False,,,1.94,-0.4322
2026-04-09T17:39:43Z,Digitizer_run1608_subrun118.csv,69,False,,,2.73,-0.4429
2026-04-09T17:39:43Z,Digitizer_run1608_subrun118.csv,70,False,,,2.88,-0.4398
2026-04-09T17:39:43Z,Digitizer_run1608_subrun118.csv,71,False,,,3.35,-0.4469
2026-04-09T17:39:43Z,Digitizer_run1608_subrun118.csv,72,False,,,1.94,-0.441
2026-04-09T17:39:43Z,Digitizer_run1608_subrun118.csv,73,False,,,2.29,-0.4466
2026-04-09T17:39:43Z,Digitizer_run1608_subrun118.csv,74,False,,,3.65,-0.4484
2026-04-09T17:39:43Z,Digitizer_run1608_subrun118.csv,75,False,,,3.46,-0.4729
2026-04-09T17:39:43Z,Digitizer_run1608_subrun118.csv,76,False,,,2.15,-0.4323
2026-04-09T17:39:43Z,Digitizer_run1608_subrun118.csv,77,False,,,1.94,-0.4274
2026-04-09T17:39:43Z,Digitizer_run1608_subrun118.csv,78,False,,,2.66,-0.4572
2026-04-09T17:39:43Z,Digitizer_run1608_subrun118.csv,79,False,,,2.76,-0.4527
2026-04-09T17:39:43Z,Digitizer_run1608_subrun118.csv,80,False,,,3.4,-0.4609
2026-04-09T17:39:43Z,Digitizer_run1608_subrun118.csv,81,False,,,1.94,-0.4239
2026-04-09T17:39:43Z,Digitizer_run1608_subrun118.csv,82,False,,,1.94,-0.4278
2026-04-09T17:39:43Z,Digitizer_run1608_subrun118.csv,83,False,,,3.21,-0.4574
2026-04-09T17:39:43Z,Digitizer_run1608_subrun118.csv,84,False,,,1.94,-0.4231
2026-04-09T17:39:43Z,Digitizer_run1608_subrun118.csv,85,False,,,1.94,-0.4256
2026-04-09T17:39:43Z,Digitizer_run1608_subrun118.csv,86,False,,,2.56,-0.4457
2026-04-09T17:39:43Z,Digitizer_run1608_subrun118.csv,87,False,,,1.94,-0.4268
2026-04-09T17:39:43Z,Digitizer_run1608_subrun118.csv,88,False,,,2.16,-0.4546
2026-04-09T17:39:43Z,Digitizer_run1608_subrun118.csv,89,False,,,1.94,-0.4641
2026-04-09T17:39:43Z,Digitizer_run1608_subrun118.csv,90,False,,,1.94,-0.441
2026-04-09T17:39:43Z,Digitizer_run1608_subrun118.csv,91,False,,,1.94,-0.4437
2026-04-09T17:39:43Z,Digitizer_run1608_subrun118.csv,92,False,,,1.94,-0.4562
2026-04-09T17:39:43Z,Digitizer_run1608_subrun118.csv,93,False,,,3.99,-0.4665
2026-04-09T17:39:43Z,Digitizer_run1608_subrun118.csv,94,False,,,2.16,-0.462
2026-04-09T17:39:43Z,Digitizer_run1608_subrun118.csv,95,False,,,3.24,-0.4373
2026-04-09T17:39:49Z,Digitizer_run1609_subrun57.csv,0,False,,,2.31,-0.4456
2026-04-09T17:39:49Z,Digitizer_run1609_subrun57.csv,1,False,,,2.11,-0.448
2026-04-09T17:39:49Z,Digitizer_run1609_subrun57.csv,2,False,,,2.11,-0.4556
2026-04-09T17:39:49Z,Digitizer_run1609_subrun57.csv,3,False,,,2.11,-0.4759
2026-04-09T17:39:49Z,Digitizer_run1609_subrun57.csv,4,False,,,3.48,-0.4785
2026-04-09T17:39:49Z,Digitizer_run1609_subrun57.csv,5,False,,,2.11,-0.4589
2026-04-09T17:39:49Z,Digitizer_run1609_subrun57.csv,6,False,,,2.7,-0.4588
2026-04-09T17:39:49Z,Digitizer_run1609_subrun57.csv,7,False,,,2.11,-0.4545
2026-04-09T17:39:49Z,Digitizer_run1609_subrun57.csv,8,False,,,3.02,-0.4796
2026-04-09T17:39:49Z,Digitizer_run1609_subrun57.csv,9,False,,,2.11,-0.447
2026-04-09T17:39:49Z,Digitizer_run1609_subrun57.csv,10,False,,,2.97,-0.4766
2026-04-09T17:39:49Z,Digitizer_run1609_subrun57.csv,11,False,,,3.66,-0.4768
2026-04-09T17:39:49Z,Digitizer_run1609_subrun57.csv,12,False,,,2.11,-0.4507
2026-04-09T17:39:49Z,Digitizer_run1609_subrun57.csv,13,False,,,2.11,-0.447
2026-04-09T17:39:49Z,Digitizer_run1609_subrun57.csv,14,False,,,2.11,-0.4645
2026-04-09T17:39:49Z,Digitizer_run1609_subrun57.csv,15,False,,,2.11,-0.4752
2026-04-09T17:39:49Z,Digitizer_run1609_subrun57.csv,16,False,,,2.11,-0.4522
2026-04-09T17:39:49Z,Digitizer_run1609_subrun57.csv,17,False,,,3.28,-0.4659
2026-04-09T17:39:49Z,Digitizer_run1609_subrun57.csv,18,False,,,2.11,-0.4491
2026-04-09T17:39:49Z,Digitizer_run1609_subrun57.csv,19,False,,,2.92,-0.4533
2026-04-09T17:39:49Z,Digitizer_run1609_subrun57.csv,20,False,,,2.11,-0.4496
2026-04-09T17:39:49Z,Digitizer_run1609_subrun57.csv,21,False,,,2.11,-0.4555
2026-04-09T17:39:49Z,Digitizer_run1609_subrun57.csv,22,False,,,2.11,-0.4589
2026-04-09T17:39:49Z,Digitizer_run1609_subrun57.csv,23,False,,,2.67,-0.4639
2026-04-09T17:39:49Z,Digitizer_run1609_subrun57.csv,24,False,,,2.11,-0.4477
2026-04-09T17:39:49Z,Digitizer_run1609_subrun57.csv,25,False,,,2.42,-0.453
2026-04-09T17:39:49Z,Digitizer_run1609_subrun57.csv,26,False,,,2.11,-0.469
2026-04-09T17:39:49Z,Digitizer_run1609_subrun57.csv,27,False,,,3.1,-0.4797
2026-04-09T17:39:49Z,Digitizer_run1609_subrun57.csv,28,False,,,2.59,-0.4787
2026-04-09T17:39:49Z,Digitizer_run1609_subrun57.csv,29,False,,,2.11,-0.4633
2026-04-09T17:39:49Z,Digitizer_run1609_subrun57.csv,30,False,,,4.98,-0.4809
2026-04-09T17:39:49Z,Digitizer_run1609_subrun57.csv,31,False,,,3.05,-0.487
2026-04-09T17:39:49Z,Digitizer_run1609_subrun57.csv,32,False,,,2.11,-0.4506
2026-04-09T17:39:49Z,Digitizer_run1609_subrun57.csv,33,False,,,2.11,-0.4608
2026-04-09T17:39:49Z,Digitizer_run1609_subrun57.csv,34,False,,,2.47,-0.4645
2026-04-09T17:39:49Z,Digitizer_run1609_subrun57.csv,35,False,,,2.11,-0.4406
2026-04-09T17:39:49Z,Digitizer_run1609_subrun57.csv,36,False,,,2.11,-0.4496
2026-04-09T17:39:49Z,Digitizer_run1609_subrun57.csv,37,False,,,2.11,-0.4593
2026-04-09T17:39:49Z,Digitizer_run1609_subrun57.csv,38,False,,,2.99,-0.4603
2026-04-09T17:39:49Z,Digitizer_run1609_subrun57.csv,39,False,,,2.11,-0.4527
2026-04-09T17:39:49Z,Digitizer_run1609_subrun57.csv,40,False,,,2.37,-0.4674
2026-04-09T17:39:49Z,Digitizer_run1609_subrun57.csv,41,False,,,2.11,-0.4531
2026-04-09T17:39:49Z,Digitizer_run1609_subrun57.csv,42,False,,,2.11,-0.4457
2026-04-09T17:39:49Z,Digitizer_run1609_subrun57.csv,43,False,,,2.11,-0.4474
2026-04-09T17:39:49Z,Digitizer_run1609_subrun57.csv,44,False,,,2.11,-0.4518
2026-04-09T17:39:49Z,Digitizer_run1609_subrun57.csv,45,False,,,2.11,-0.4512
2026-04-09T17:39:49Z,Digitizer_run1609_subrun57.csv,46,False,,,2.97,-0.4743
2026-04-09T17:39:49Z,Digitizer_run1609_subrun57.csv,47,False,,,2.11,-0.449
2026-04-09T17:39:49Z,Digitizer_run1609_subrun57.csv,48,False,,,2.11,-0.4546
2026-04-09T17:39:49Z,Digitizer_run1609_subrun57.csv,49,False,,,2.11,-0.4603
2026-04-09T17:39:49Z,Digitizer_run1609_subrun57.csv,50,False,,,2.11,-0.4534
2026-04-09T17:39:49Z,Digitizer_run1609_subrun57.csv,51,False,,,2.11,-0.4456
2026-04-09T17:39:49Z,Digitizer_run1609_subrun57.csv,52,False,,,2.11,-0.4476
2026-04-09T17:39:49Z,Digitizer_run1609_subrun57.csv,53,False,,,2.42,-0.4592
2026-04-09T17:39:49Z,Digitizer_run1609_subrun57.csv,54,False,,,2.32,-0.4595
2026-04-09T17:39:49Z,Digitizer_run1609_subrun57.csv,55,False,,,3.29,-0.4495
2026-04-09T17:39:49Z,Digitizer_run1609_subrun57.csv,56,False,,,2.57,-0.4761
2026-04-09T17:39:49Z,Digitizer_run1609_subrun57.csv,57,False,,,2.18,-0.4676
2026-04-09T17:39:49Z,Digitizer_run1609_subrun57.csv,58,False,,,2.33,-0.4657
2026-04-09T17:39:49Z,Digitizer_run1609_subrun57.csv,59,False,,,2.67,-0.469
2026-04-09T17:39:49Z,Digitizer_run1609_subrun57.csv,60,False,,,2.59,-0.4675
2026-04-09T17:39:49Z,Digitizer_run1609_subrun57.csv,61,False,,,2.11,-0.4655
2026-04-09T17:39:49Z,Digitizer_run1609_subrun57.csv,62,False,,,2.55,-0.4543
2026-04-09T17:39:49Z,Digitizer_run1609_subrun57.csv,63,False,,,2.89,-0.4622
2026-04-09T17:39:49Z,Digitizer_run1609_subrun57.csv,64,False,,,2.11,-0.4489
2026-04-09T17:39:49Z,Digitizer_run1609_subrun57.csv,65,False,,,2.19,-0.4718
2026-04-09T17:39:49Z,Digitizer_run1609_subrun57.csv,66,False,,,2.32,-0.4713
2026-04-09T17:39:49Z,Digitizer_run1609_subrun57.csv,67,False,,,2.11,-0.4592
2026-04-09T17:39:49Z,Digitizer_run1609_subrun57.csv,68,False,,,2.11,-0.4596
2026-04-09T17:39:49Z,Digitizer_run1609_subrun57.csv,69,False,,,2.11,-0.4465
2026-04-09T17:39:49Z,Digitizer_run1609_subrun57.csv,70,False,,,2.11,-0.4551
2026-04-09T17:39:49Z,Digitizer_run1609_subrun57.csv,71,False,,,2.21,-0.463
2026-04-09T17:39:49Z,Digitizer_run1609_subrun57.csv,72,False,,,3.49,-0.4765
2026-04-09T17:39:49Z,Digitizer_run1609_subrun57.csv,73,False,,,2.79,-0.4778
2026-04-09T17:39:49Z,Digitizer_run1609_subrun57.csv,74,False,,,2.11,-0.4479
2026-04-09T17:39:49Z,Digitizer_run1609_subrun57.csv,75,False,,,2.11,-0.4547
2026-04-09T17:39:49Z,Digitizer_run1609_subrun57.csv,76,False,,,2.98,-0.5111
2026-04-09T17:39:49Z,Digitizer_run1609_subrun57.csv,77,False,,,2.11,-0.4695
2026-04-09T17:39:49Z,Digitizer_run1609_subrun57.csv,78,False,,,2.11,-0.4573
2026-04-09T17:39:49Z,Digitizer_run1609_subrun57.csv,79,False,,,2.6,-0.4778
2026-04-09T17:39:49Z,Digitizer_run1609_subrun57.csv,80,False,,,2.11,-0.4647
2026-04-09T17:39:49Z,Digitizer_run1609_subrun57.csv,81,False,,,3.09,-0.4897
2026-04-09T17:39:49Z,Digitizer_run1609_subrun57.csv,82,False,,,2.99,-0.4981
2026-04-09T17:39:49Z,Digitizer_run1609_subrun57.csv,83,False,,,2.53,-0.4858
2026-04-09T17:39:49Z,Digitizer_run1609_subrun57.csv,84,False,,,3.35,-0.4794
2026-04-09T17:39:49Z,Digitizer_run1609_subrun57.csv,85,False,,,2.11,-0.4584
2026-04-09T17:39:49Z,Digitizer_run1609_subrun57.csv,86,False,,,2.11,-0.4502
2026-04-09T17:39:49Z,Digitizer_run1609_subrun57.csv,87,False,,,2.11,-0.456
2026-04-09T17:39:49Z,Digitizer_run1609_subrun57.csv,88,False,,,4.57,-0.5017
2026-04-09T17:39:49Z,Digitizer_run1609_subrun57.csv,89,False,,,2.11,-0.4783
2026-04-09T17:39:49Z,Digitizer_run1609_subrun57.csv,90,False,,,2.43,-0.477
2026-04-09T17:39:49Z,Digitizer_run1609_subrun57.csv,91,False,,,2.32,-0.4634
2026-04-09T17:39:49Z,Digitizer_run1609_subrun57.csv,92,False,,,2.11,-0.4808
2026-04-09T17:39:49Z,Digitizer_run1609_subrun57.csv,93,False,,,2.11,-0.4467
2026-04-09T17:39:49Z,Digitizer_run1609_subrun57.csv,94,False,,,2.62,-0.4597
2026-04-09T17:39:49Z,Digitizer_run1609_subrun57.csv,95,False,,,2.46,-0.4817
2026-04-09T17:39:58Z,Digitizer_run1611_subrun379.csv,0,False,,,3.34,-0.4645
2026-04-09T17:39:58Z,Digitizer_run1611_subrun379.csv,1,False,,,3.12,-0.4622
2026-04-09T17:39:58Z,Digitizer_run1611_subrun379.csv,2,False,,,2.86,-0.4445
2026-04-09T17:39:58Z,Digitizer_run1611_subrun379.csv,3,False,,,2.86,-0.4493
2026-04-09T17:39:58Z,Digitizer_run1611_subrun379.csv,4,False,,,2.86,-0.4493
2026-04-09T17:39:58Z,Digitizer_run1611_subrun379.csv,5,False,,,2.86,-0.4465
2026-04-09T17:39:58Z,Digitizer_run1611_subrun379.csv,6,False,,,2.86,-0.4393
2026-04-09T17:39:58Z,Digitizer_run1611_subrun379.csv,7,False,,,2.86,-0.4357
2026-04-09T17:39:58Z,Digitizer_run1611_subrun379.csv,8,False,,,4.53,-0.4827
2026-04-09T17:39:58Z,Digitizer_run1611_subrun379.csv,9,False,,,3.56,-0.4823
2026-04-09T17:39:58Z,Digitizer_run1611_subrun379.csv,10,False,,,2.86,-0.4536
2026-04-09T17:39:58Z,Digitizer_run1611_subrun379.csv,11,False,,,2.86,-0.4561
2026-04-09T17:39:58Z,Digitizer_run1611_subrun379.csv,12,False,,,2.86,-0.4417
2026-04-09T17:39:58Z,Digitizer_run1611_subrun379.csv,13,False,,,2.86,-0.4369
2026-04-09T17:39:58Z,Digitizer_run1611_subrun379.csv,14,False,,,2.86,-0.4532
2026-04-09T17:39:58Z,Digitizer_run1611_subrun379.csv,15,False,,,2.86,-0.4573
2026-04-09T17:39:58Z,Digitizer_run1611_subrun379.csv,16,False,,,2.86,-0.4427
2026-04-09T17:39:58Z,Digitizer_run1611_subrun379.csv,17,False,,,2.86,-0.4547
2026-04-09T17:39:58Z,Digitizer_run1611_subrun379.csv,18,False,,,2.86,-0.4406
2026-04-09T17:39:58Z,Digitizer_run1611_subrun379.csv,19,False,,,2.86,-0.4483
2026-04-09T17:39:58Z,Digitizer_run1611_subrun379.csv,20,False,,,2.86,-0.4454
2026-04-09T17:39:58Z,Digitizer_run1611_subrun379.csv,21,False,,,2.86,-0.4349
2026-04-09T17:39:58Z,Digitizer_run1611_subrun379.csv,22,False,,,2.86,-0.4573
2026-04-09T17:39:58Z,Digitizer_run1611_subrun379.csv,23,False,,,2.86,-0.4728
2026-04-09T17:39:58Z,Digitizer_run1611_subrun379.csv,24,False,,,2.86,-0.4434
2026-04-09T17:39:58Z,Digitizer_run1611_subrun379.csv,25,False,,,2.86,-0.4474
2026-04-09T17:39:58Z,Digitizer_run1611_subrun379.csv,26,False,,,2.86,-0.4471
2026-04-09T17:39:58Z,Digitizer_run1611_subrun379.csv,27,False,,,3.41,-0.4667
2026-04-09T17:39:58Z,Digitizer_run1611_subrun379.csv,28,False,,,3.02,-0.4642
2026-04-09T17:39:58Z,Digitizer_run1611_subrun379.csv,29,False,,,2.86,-0.4417
2026-04-09T17:39:58Z,Digitizer_run1611_subrun379.csv,30,False,,,2.86,-0.4695
2026-04-09T17:39:58Z,Digitizer_run1611_subrun379.csv,31,False,,,2.86,-0.4537
2026-04-09T17:39:58Z,Digitizer_run1611_subrun379.csv,32,False,,,2.86,-0.4687
2026-04-09T17:39:58Z,Digitizer_run1611_subrun379.csv,33,False,,,3.26,-0.473
2026-04-09T17:39:58Z,Digitizer_run1611_subrun379.csv,34,False,,,2.86,-0.4573
2026-04-09T17:39:58Z,Digitizer_run1611_subrun379.csv,35,False,,,2.86,-0.449
2026-04-09T17:39:58Z,Digitizer_run1611_subrun379.csv,36,False,,,2.86,-0.4538
2026-04-09T17:39:58Z,Digitizer_run1611_subrun379.csv,37,False,,,2.86,-0.4502
2026-04-09T17:39:58Z,Digitizer_run1611_subrun379.csv,38,False,,,3.01,-0.4666
2026-04-09T17:39:58Z,Digitizer_run1611_subrun379.csv,39,False,,,2.86,-0.4576
2026-04-09T17:39:58Z,Digitizer_run1611_subrun379.csv,40,False,,,2.86,-0.4507
2026-04-09T17:39:58Z,Digitizer_run1611_subrun379.csv,41,False,,,2.86,-0.4486
2026-04-09T17:39:58Z,Digitizer_run1611_subrun379.csv,42,False,,,2.86,-0.4479
2026-04-09T17:39:58Z,Digitizer_run1611_subrun379.csv,43,False,,,2.86,-0.4496
2026-04-09T17:39:58Z,Digitizer_run1611_subrun379.csv,44,False,,,2.86,-0.44
2026-04-09T17:39:58Z,Digitizer_run1611_subrun379.csv,45,False,,,2.86,-0.4408
2026-04-09T17:39:58Z,Digitizer_run1611_subrun379.csv,46,False,,,2.86,-0.4589
2026-04-09T17:39:58Z,Digitizer_run1611_subrun379.csv,47,False,,,2.86,-0.4634
2026-04-09T17:39:58Z,Digitizer_run1611_subrun379.csv,48,False,,,2.86,-0.4429
2026-04-09T17:39:58Z,Digitizer_run1611_subrun379.csv,49,False,,,2.86,-0.4503
2026-04-09T17:39:58Z,Digitizer_run1611_subrun379.csv,50,False,,,2.86,-0.4561
2026-04-09T17:39:58Z,Digitizer_run1611_subrun379.csv,51,False,,,2.86,-0.4416
2026-04-09T17:39:58Z,Digitizer_run1611_subrun379.csv,52,False,,,2.86,-0.4446
2026-04-09T17:39:58Z,Digitizer_run1611_subrun379.csv,53,False,,,2.86,-0.4456
2026-04-09T17:39:58Z,Digitizer_run1611_subrun379.csv,54,False,,,2.86,-0.4399
2026-04-09T17:39:58Z,Digitizer_run1611_subrun379.csv,55,False,,,2.86,-0.4364
2026-04-09T17:39:58Z,Digitizer_run1611_subrun379.csv,56,False,,,2.86,-0.4724
2026-04-09T17:39:58Z,Digitizer_run1611_subrun379.csv,57,False,,,2.86,-0.4633
2026-04-09T17:39:58Z,Digitizer_run1611_subrun379.csv,58,False,,,2.86,-0.4612
2026-04-09T17:39:58Z,Digitizer_run1611_subrun379.csv,59,False,,,2.86,-0.4553
2026-04-09T17:39:58Z,Digitizer_run1611_subrun379.csv,60,False,,,2.86,-0.4402
2026-04-09T17:39:58Z,Digitizer_run1611_subrun379.csv,61,False,,,2.86,-0.449
2026-04-09T17:39:58Z,Digitizer_run1611_subrun379.csv,62,False,,,2.86,-0.4459
2026-04-09T17:39:58Z,Digitizer_run1611_subrun379.csv,63,False,,,2.86,-0.4613
2026-04-09T17:39:58Z,Digitizer_run1611_subrun379.csv,64,False,,,2.86,-0.4365
2026-04-09T17:39:58Z,Digitizer_run1611_subrun379.csv,65,False,,,2.86,-0.4428
2026-04-09T17:39:58Z,Digitizer_run1611_subrun379.csv,66,False,,,2.86,-0.4544
2026-04-09T17:39:58Z,Digitizer_run1611_subrun379.csv,67,False,,,2.86,-0.4443
2026-04-09T17:39:58Z,Digitizer_run1611_subrun379.csv,68,False,,,2.86,-0.4615
2026-04-09T17:39:58Z,Digitizer_run1611_subrun379.csv,69,False,,,2.86,-0.4392
2026-04-09T17:39:58Z,Digitizer_run1611_subrun379.csv,70,False,,,2.86,-0.4671
2026-04-09T17:39:58Z,Digitizer_run1611_subrun379.csv,71,False,,,2.86,-0.4683
2026-04-09T17:39:58Z,Digitizer_run1611_subrun379.csv,72,False,,,2.86,-0.4815
2026-04-09T17:39:58Z,Digitizer_run1611_subrun379.csv,73,False,,,2.86,-0.4469
2026-04-09T17:39:58Z,Digitizer_run1611_subrun379.csv,74,False,,,4.07,-0.487
2026-04-09T17:39:58Z,Digitizer_run1611_subrun379.csv,75,False,,,3.73,-0.4978
2026-04-09T17:39:58Z,Digitizer_run1611_subrun379.csv,76,False,,,2.86,-0.4421
2026-04-09T17:39:58Z,Digitizer_run1611_subrun379.csv,77,False,,,2.86,-0.4563
2026-04-09T17:39:58Z,Digitizer_run1611_subrun379.csv,78,False,,,2.86,-0.4728
2026-04-09T17:39:58Z,Digitizer_run1611_subrun379.csv,79,False,,,2.86,-0.4481
2026-04-09T17:39:58Z,Digitizer_run1611_subrun379.csv,80,False,,,2.86,-0.4445
2026-04-09T17:39:58Z,Digitizer_run1611_subrun379.csv,81,False,,,2.86,-0.4404
2026-04-09T17:39:58Z,Digitizer_run1611_subrun379.csv,82,False,,,2.86,-0.4564
2026-04-09T17:39:58Z,Digitizer_run1611_subrun379.csv,83,False,,,2.86,-0.4612
2026-04-09T17:39:58Z,Digitizer_run1611_subrun379.csv,84,False,,,2.86,-0.4465
2026-04-09T17:39:58Z,Digitizer_run1611_subrun379.csv,85,False,,,2.86,-0.4404
2026-04-09T17:39:58Z,Digitizer_run1611_subrun379.csv,86,False,,,2.86,-0.44
2026-04-09T17:39:58Z,Digitizer_run1611_subrun379.csv,87,False,,,2.86,-0.4508
2026-04-09T17:39:58Z,Digitizer_run1611_subrun379.csv,88,False,,,2.86,-0.4572
2026-04-09T17:39:58Z,Digitizer_run1611_subrun379.csv,89,False,,,2.86,-0.4692
2026-04-09T17:39:58Z,Digitizer_run1611_subrun379.csv,90,False,,,3.39,-0.4965
2026-04-09T17:39:58Z,Digitizer_run1611_subrun379.csv,91,False,,,2.93,-0.4691
2026-04-09T17:39:58Z,Digitizer_run1611_subrun379.csv,92,False,,,2.86,-0.4711
2026-04-09T17:39:58Z,Digitizer_run1611_subrun379.csv,93,False,,,2.86,-0.4771
2026-04-09T17:39:58Z,Digitizer_run1611_subrun379.csv,94,False,,,2.86,-0.4628
2026-04-09T17:39:58Z,Digitizer_run1611_subrun379.csv,95,False,,,2.86,-0.458
2026-04-09T17:40:05Z,Digitizer_run1609_subrun497.csv,0,False,,,3.57,-0.4962
2026-04-09T17:40:05Z,Digitizer_run1609_subrun497.csv,1,False,,,3.57,-0.5033
2026-04-09T17:40:05Z,Digitizer_run1609_subrun497.csv,2,False,,,3.57,-0.5026
2026-04-09T17:40:05Z,Digitizer_run1609_subrun497.csv,3,False,,,3.57,-0.5106
2026-04-09T17:40:05Z,Digitizer_run1609_subrun497.csv,4,False,,,3.57,-0.4979
2026-04-09T17:40:05Z,Digitizer_run1609_subrun497.csv,5,False,,,3.57,-0.4966
2026-04-09T17:40:05Z,Digitizer_run1609_subrun497.csv,6,False,,,3.57,-0.506
2026-04-09T17:40:05Z,Digitizer_run1609_subrun497.csv,7,False,,,3.57,-0.5057
2026-04-09T17:40:05Z,Digitizer_run1609_subrun497.csv,8,False,,,3.57,-0.5045
2026-04-09T17:40:05Z,Digitizer_run1609_subrun497.csv,9,False,,,3.57,-0.498
2026-04-09T17:40:05Z,Digitizer_run1609_subrun497.csv,10,True,isolation_forest,,3.78,-0.5439
2026-04-09T17:40:05Z,Digitizer_run1609_subrun497.csv,11,True,isolation_forest,,3.57,-0.516
2026-04-09T17:40:05Z,Digitizer_run1609_subrun497.csv,12,False,,,3.57,-0.5073
2026-04-09T17:40:05Z,Digitizer_run1609_subrun497.csv,13,True,isolation_forest,,3.79,-0.5163
2026-04-09T17:40:05Z,Digitizer_run1609_subrun497.csv,14,True,isolation_forest,,3.57,-0.5236
2026-04-09T17:40:05Z,Digitizer_run1609_subrun497.csv,15,False,,,3.57,-0.5099
2026-04-09T17:40:05Z,Digitizer_run1609_subrun497.csv,16,False,,,3.57,-0.4958
2026-04-09T17:40:05Z,Digitizer_run1609_subrun497.csv,17,False,,,3.57,-0.5066
2026-04-09T17:40:05Z,Digitizer_run1609_subrun497.csv,18,True,isolation_forest,,3.57,-0.5235
2026-04-09T17:40:05Z,Digitizer_run1609_subrun497.csv,19,False,,,3.57,-0.5112
2026-04-09T17:40:05Z,Digitizer_run1609_subrun497.csv,20,True,statistical+IF,nPulses_median,7.0,-0.5367
2026-04-09T17:40:05Z,Digitizer_run1609_subrun497.csv,21,False,,,3.78,-0.508
2026-04-09T17:40:05Z,Digitizer_run1609_subrun497.csv,22,False,,,3.57,-0.5047
2026-04-09T17:40:05Z,Digitizer_run1609_subrun497.csv,23,False,,,3.57,-0.5018
2026-04-09T17:40:05Z,Digitizer_run1609_subrun497.csv,24,False,,,3.57,-0.497
2026-04-09T17:40:05Z,Digitizer_run1609_subrun497.csv,25,False,,,3.57,-0.5047
2026-04-09T17:40:05Z,Digitizer_run1609_subrun497.csv,26,True,isolation_forest,,3.57,-0.5278
2026-04-09T17:40:05Z,Digitizer_run1609_subrun497.csv,27,True,statistical+IF,pulseHeight_max_median,5.61,-0.5475
2026-04-09T17:40:05Z,Digitizer_run1609_subrun497.csv,28,False,,,3.57,-0.4948
2026-04-09T17:40:05Z,Digitizer_run1609_subrun497.csv,29,True,isolation_forest,,3.57,-0.5148
2026-04-09T17:40:05Z,Digitizer_run1609_subrun497.csv,30,False,,,3.57,-0.5103
2026-04-09T17:40:05Z,Digitizer_run1609_subrun497.csv,31,True,statistical+IF,pulseHeight_max_median,5.27,-0.5422
2026-04-09T17:40:05Z,Digitizer_run1609_subrun497.csv,32,True,isolation_forest,,3.57,-0.519
2026-04-09T17:40:05Z,Digitizer_run1609_subrun497.csv,33,False,,,3.57,-0.5096
2026-04-09T17:40:05Z,Digitizer_run1609_subrun497.csv,34,False,,,3.57,-0.5041
2026-04-09T17:40:05Z,Digitizer_run1609_subrun497.csv,35,False,,,3.57,-0.491
2026-04-09T17:40:05Z,Digitizer_run1609_subrun497.csv,36,True,isolation_forest,,3.57,-0.5146
2026-04-09T17:40:05Z,Digitizer_run1609_subrun497.csv,37,False,,,3.57,-0.5038
2026-04-09T17:40:05Z,Digitizer_run1609_subrun497.csv,38,False,,,3.57,-0.4937
2026-04-09T17:40:05Z,Digitizer_run1609_subrun497.csv,39,False,,,3.57,-0.51
2026-04-09T17:40:05Z,Digitizer_run1609_subrun497.csv,40,True,isolation_forest,,3.57,-0.5145
2026-04-09T17:40:05Z,Digitizer_run1609_subrun497.csv,41,False,,,3.57,-0.4923
2026-04-09T17:40:05Z,Digitizer_run1609_subrun497.csv,42,False,,,3.57,-0.4954
2026-04-09T17:40:05Z,Digitizer_run1609_subrun497.csv,43,False,,,3.57,-0.492
2026-04-09T17:40:05Z,Digitizer_run1609_subrun497.csv,44,False,,,3.57,-0.4922
2026-04-09T17:40:05Z,Digitizer_run1609_subrun497.csv,45,False,,,3.57,-0.4933
2026-04-09T17:40:05Z,Digitizer_run1609_subrun497.csv,46,True,isolation_forest,,3.57,-0.5161
2026-04-09T17:40:05Z,Digitizer_run1609_subrun497.csv,47,False,,,3.57,-0.5055
2026-04-09T17:40:05Z,Digitizer_run1609_subrun497.csv,48,True,isolation_forest,,3.57,-0.5142
2026-04-09T17:40:05Z,Digitizer_run1609_subrun497.csv,49,False,,,3.57,-0.503
2026-04-09T17:40:05Z,Digitizer_run1609_subrun497.csv,50,False,,,3.57,-0.5034
2026-04-09T17:40:05Z,Digitizer_run1609_subrun497.csv,51,False,,,3.57,-0.4923
2026-04-09T17:40:05Z,Digitizer_run1609_subrun497.csv,52,False,,,3.57,-0.5031
2026-04-09T17:40:05Z,Digitizer_run1609_subrun497.csv,53,False,,,3.57,-0.4859
2026-04-09T17:40:05Z,Digitizer_run1609_subrun497.csv,54,False,,,3.57,-0.5033
2026-04-09T17:40:05Z,Digitizer_run1609_subrun497.csv,55,False,,,3.57,-0.5036
2026-04-09T17:40:05Z,Digitizer_run1609_subrun497.csv,56,True,isolation_forest,,3.57,-0.5145
2026-04-09T17:40:05Z,Digitizer_run1609_subrun497.csv,57,False,,,3.57,-0.5062
2026-04-09T17:40:05Z,Digitizer_run1609_subrun497.csv,58,False,,,3.57,-0.4991
2026-04-09T17:40:05Z,Digitizer_run1609_subrun497.csv,59,False,,,3.57,-0.5026
2026-04-09T17:40:05Z,Digitizer_run1609_subrun497.csv,60,False,,,3.57,-0.4886
2026-04-09T17:40:05Z,Digitizer_run1609_subrun497.csv,61,False,,,3.57,-0.5014
2026-04-09T17:40:05Z,Digitizer_run1609_subrun497.csv,62,False,,,3.57,-0.499
2026-04-09T17:40:05Z,Digitizer_run1609_subrun497.csv,63,False,,,3.57,-0.4961
2026-04-09T17:40:05Z,Digitizer_run1609_subrun497.csv,64,True,isolation_forest,,3.57,-0.5349
2026-04-09T17:40:05Z,Digitizer_run1609_subrun497.csv,65,True,isolation_forest,,3.57,-0.5165
2026-04-09T17:40:05Z,Digitizer_run1609_subrun497.csv,66,False,,,3.57,-0.5027
2026-04-09T17:40:05Z,Digitizer_run1609_subrun497.csv,67,False,,,3.57,-0.4956
2026-04-09T17:40:05Z,Digitizer_run1609_subrun497.csv,68,False,,,3.57,-0.5116
2026-04-09T17:40:05Z,Digitizer_run1609_subrun497.csv,69,False,,,3.57,-0.5019
2026-04-09T17:40:05Z,Digitizer_run1609_subrun497.csv,70,False,,,3.57,-0.4975
2026-04-09T17:40:05Z,Digitizer_run1609_subrun497.csv,71,False,,,3.57,-0.498
2026-04-09T17:40:05Z,Digitizer_run1609_subrun497.csv,72,False,,,3.57,-0.496
2026-04-09T17:40:05Z,Digitizer_run1609_subrun497.csv,73,False,,,3.57,-0.4952
2026-04-09T17:40:05Z,Digitizer_run1609_subrun497.csv,74,True,isolation_forest,,3.57,-0.5222
2026-04-09T17:40:05Z,Digitizer_run1609_subrun497.csv,75,False,,,3.57,-0.5137
2026-04-09T17:40:05Z,Digitizer_run1609_subrun497.csv,76,False,,,3.57,-0.5042
2026-04-09T17:40:05Z,Digitizer_run1609_subrun497.csv,77,True,isolation_forest,,3.57,-0.5273
2026-04-09T17:40:05Z,Digitizer_run1609_subrun497.csv,78,False,,,3.57,-0.4925
2026-04-09T17:40:05Z,Digitizer_run1609_subrun497.csv,79,False,,,3.57,-0.5071
2026-04-09T17:40:05Z,Digitizer_run1609_subrun497.csv,80,False,,,3.57,-0.5033
2026-04-09T17:40:05Z,Digitizer_run1609_subrun497.csv,81,True,isolation_forest,,3.57,-0.5147
2026-04-09T17:40:05Z,Digitizer_run1609_subrun497.csv,82,False,,,3.57,-0.5009
2026-04-09T17:40:05Z,Digitizer_run1609_subrun497.csv,83,False,,,3.57,-0.5014
2026-04-09T17:40:05Z,Digitizer_run1609_subrun497.csv,84,True,statistical+IF,pulseArea_min_median;pulseDuriation_min_median,6.77,-0.5301
2026-04-09T17:40:05Z,Digitizer_run1609_subrun497.csv,85,False,,,3.57,-0.5012
2026-04-09T17:40:05Z,Digitizer_run1609_subrun497.csv,86,True,isolation_forest,,3.57,-0.5254
2026-04-09T17:40:05Z,Digitizer_run1609_subrun497.csv,87,True,isolation_forest,,3.7,-0.5352
2026-04-09T17:40:05Z,Digitizer_run1609_subrun497.csv,88,False,,,3.57,-0.4915
2026-04-09T17:40:05Z,Digitizer_run1609_subrun497.csv,89,False,,,3.57,-0.4902
2026-04-09T17:40:05Z,Digitizer_run1609_subrun497.csv,90,True,isolation_forest,,3.57,-0.5181
2026-04-09T17:40:05Z,Digitizer_run1609_subrun497.csv,91,True,isolation_forest,,3.57,-0.5239
2026-04-09T17:40:05Z,Digitizer_run1609_subrun497.csv,92,True,isolation_forest,,3.57,-0.5405
2026-04-09T17:40:05Z,Digitizer_run1609_subrun497.csv,93,True,isolation_forest,,3.94,-0.5366
2026-04-09T17:40:05Z,Digitizer_run1609_subrun497.csv,94,False,,,3.57,-0.5101
2026-04-09T17:40:05Z,Digitizer_run1609_subrun497.csv,95,False,,,3.57,-0.5081
2026-04-09T17:40:13Z,Digitizer_run1608_subrun72.csv,0,True,statistical+IF,pulseArea_min_mean,5.23,-0.521
2026-04-09T17:40:13Z,Digitizer_run1608_subrun72.csv,1,True,statistical,nPulses_median,7.0,-0.5114
2026-04-09T17:40:13Z,Digitizer_run1608_subrun72.csv,2,False,,,2.8,-0.4886
2026-04-09T17:40:13Z,Digitizer_run1608_subrun72.csv,3,False,,,2.8,-0.486
2026-04-09T17:40:13Z,Digitizer_run1608_subrun72.csv,4,False,,,2.8,-0.4699
2026-04-09T17:40:13Z,Digitizer_run1608_subrun72.csv,5,False,,,2.8,-0.4663
2026-04-09T17:40:13Z,Digitizer_run1608_subrun72.csv,6,False,,,2.8,-0.4699
2026-04-09T17:40:13Z,Digitizer_run1608_subrun72.csv,7,False,,,2.8,-0.4624
2026-04-09T17:40:13Z,Digitizer_run1608_subrun72.csv,8,False,,,2.8,-0.4631
2026-04-09T17:40:13Z,Digitizer_run1608_subrun72.csv,9,False,,,3.05,-0.4869
2026-04-09T17:40:13Z,Digitizer_run1608_subrun72.csv,10,False,,,2.8,-0.4791
2026-04-09T17:40:13Z,Digitizer_run1608_subrun72.csv,11,False,,,2.8,-0.5025
2026-04-09T17:40:13Z,Digitizer_run1608_subrun72.csv,12,False,,,2.8,-0.484
2026-04-09T17:40:13Z,Digitizer_run1608_subrun72.csv,13,False,,,2.8,-0.4669
2026-04-09T17:40:13Z,Digitizer_run1608_subrun72.csv,14,False,,,2.8,-0.4834
2026-04-09T17:40:13Z,Digitizer_run1608_subrun72.csv,15,False,,,3.51,-0.5025
2026-04-09T17:40:13Z,Digitizer_run1608_subrun72.csv,16,False,,,2.8,-0.4698
2026-04-09T17:40:13Z,Digitizer_run1608_subrun72.csv,17,False,,,3.28,-0.4809
2026-04-09T17:40:13Z,Digitizer_run1608_subrun72.csv,18,False,,,2.8,-0.4648
2026-04-09T17:40:13Z,Digitizer_run1608_subrun72.csv,19,False,,,2.8,-0.4584
2026-04-09T17:40:13Z,Digitizer_run1608_subrun72.csv,20,False,,,2.8,-0.4604
2026-04-09T17:40:13Z,Digitizer_run1608_subrun72.csv,21,False,,,2.8,-0.4739
2026-04-09T17:40:13Z,Digitizer_run1608_subrun72.csv,22,False,,,2.8,-0.4905
2026-04-09T17:40:13Z,Digitizer_run1608_subrun72.csv,23,False,,,2.8,-0.4643
2026-04-09T17:40:13Z,Digitizer_run1608_subrun72.csv,24,False,,,2.8,-0.4839
2026-04-09T17:40:13Z,Digitizer_run1608_subrun72.csv,25,False,,,2.8,-0.4917
2026-04-09T17:40:13Z,Digitizer_run1608_subrun72.csv,26,False,,,3.06,-0.4985
2026-04-09T17:40:13Z,Digitizer_run1608_subrun72.csv,27,False,,,2.8,-0.508
2026-04-09T17:40:13Z,Digitizer_run1608_subrun72.csv,28,False,,,3.21,-0.4925
2026-04-09T17:40:13Z,Digitizer_run1608_subrun72.csv,29,False,,,2.8,-0.4697
2026-04-09T17:40:13Z,Digitizer_run1608_subrun72.csv,30,False,,,4.32,-0.4754
2026-04-09T17:40:13Z,Digitizer_run1608_subrun72.csv,31,False,,,2.8,-0.4665
2026-04-09T17:40:13Z,Digitizer_run1608_subrun72.csv,32,False,,,2.8,-0.465
2026-04-09T17:40:13Z,Digitizer_run1608_subrun72.csv,33,False,,,2.8,-0.4812
2026-04-09T17:40:13Z,Digitizer_run1608_subrun72.csv,34,False,,,3.04,-0.4749
2026-04-09T17:40:13Z,Digitizer_run1608_subrun72.csv,35,False,,,2.8,-0.4669
2026-04-09T17:40:13Z,Digitizer_run1608_subrun72.csv,36,False,,,2.8,-0.472
2026-04-09T17:40:13Z,Digitizer_run1608_subrun72.csv,37,False,,,2.8,-0.47
2026-04-09T17:40:13Z,Digitizer_run1608_subrun72.csv,38,False,,,2.8,-0.456
2026-04-09T17:40:13Z,Digitizer_run1608_subrun72.csv,39,False,,,2.8,-0.4694
2026-04-09T17:40:13Z,Digitizer_run1608_subrun72.csv,40,False,,,2.8,-0.4562
2026-04-09T17:40:13Z,Digitizer_run1608_subrun72.csv,41,False,,,2.8,-0.4603
2026-04-09T17:40:13Z,Digitizer_run1608_subrun72.csv,42,False,,,2.8,-0.472
2026-04-09T17:40:13Z,Digitizer_run1608_subrun72.csv,43,False,,,3.82,-0.5039
2026-04-09T17:40:13Z,Digitizer_run1608_subrun72.csv,44,False,,,2.8,-0.4595
2026-04-09T17:40:13Z,Digitizer_run1608_subrun72.csv,45,False,,,2.8,-0.4636
2026-04-09T17:40:13Z,Digitizer_run1608_subrun72.csv,46,False,,,2.8,-0.4804
2026-04-09T17:40:13Z,Digitizer_run1608_subrun72.csv,47,False,,,2.8,-0.4753
2026-04-09T17:40:13Z,Digitizer_run1608_subrun72.csv,48,False,,,3.01,-0.4909
2026-04-09T17:40:13Z,Digitizer_run1608_subrun72.csv,49,False,,,4.18,-0.4942
2026-04-09T17:40:13Z,Digitizer_run1608_subrun72.csv,50,False,,,2.8,-0.4666
2026-04-09T17:40:13Z,Digitizer_run1608_subrun72.csv,51,False,,,2.8,-0.4675
2026-04-09T17:40:13Z,Digitizer_run1608_subrun72.csv,52,False,,,2.8,-0.4617
2026-04-09T17:40:13Z,Digitizer_run1608_subrun72.csv,53,False,,,2.8,-0.4576
2026-04-09T17:40:13Z,Digitizer_run1608_subrun72.csv,54,False,,,2.8,-0.4783
2026-04-09T17:40:13Z,Digitizer_run1608_subrun72.csv,55,False,,,2.8,-0.4576
2026-04-09T17:40:13Z,Digitizer_run1608_subrun72.csv,56,False,,,2.8,-0.4675
2026-04-09T17:40:13Z,Digitizer_run1608_subrun72.csv,57,False,,,2.8,-0.4573
2026-04-09T17:40:13Z,Digitizer_run1608_subrun72.csv,58,False,,,2.8,-0.4817
2026-04-09T17:40:13Z,Digitizer_run1608_subrun72.csv,59,False,,,2.8,-0.4574
2026-04-09T17:40:13Z,Digitizer_run1608_subrun72.csv,60,False,,,2.8,-0.4596
2026-04-09T17:40:13Z,Digitizer_run1608_subrun72.csv,61,False,,,2.8,-0.4729
2026-04-09T17:40:13Z,Digitizer_run1608_subrun72.csv,62,False,,,2.8,-0.4811
2026-04-09T17:40:13Z,Digitizer_run1608_subrun72.csv,63,False,,,2.8,-0.4803
2026-04-09T17:40:13Z,Digitizer_run1608_subrun72.csv,64,False,,,4.07,-0.5037
2026-04-09T17:40:13Z,Digitizer_run1608_subrun72.csv,65,False,,,3.87,-0.4919
2026-04-09T17:40:13Z,Digitizer_run1608_subrun72.csv,66,False,,,2.8,-0.4761
2026-04-09T17:40:13Z,Digitizer_run1608_subrun72.csv,67,False,,,2.8,-0.4808
2026-04-09T17:40:13Z,Digitizer_run1608_subrun72.csv,68,False,,,2.8,-0.4707
2026-04-09T17:40:13Z,Digitizer_run1608_subrun72.csv,69,False,,,2.8,-0.4638
2026-04-09T17:40:13Z,Digitizer_run1608_subrun72.csv,70,False,,,2.8,-0.4658
2026-04-09T17:40:13Z,Digitizer_run1608_subrun72.csv,71,False,,,2.8,-0.4588
2026-04-09T17:40:13Z,Digitizer_run1608_subrun72.csv,72,False,,,2.8,-0.4867
2026-04-09T17:40:13Z,Digitizer_run1608_subrun72.csv,73,False,,,2.8,-0.4684
2026-04-09T17:40:13Z,Digitizer_run1608_subrun72.csv,74,False,,,2.8,-0.4652
2026-04-09T17:40:13Z,Digitizer_run1608_subrun72.csv,75,False,,,2.8,-0.4588
2026-04-09T17:40:13Z,Digitizer_run1608_subrun72.csv,76,True,statistical,pulseHeight_max_median;pulseHeight_min_median,10.79,-0.4996
2026-04-09T17:40:13Z,Digitizer_run1608_subrun72.csv,77,False,,,2.8,-0.479
2026-04-09T17:40:13Z,Digitizer_run1608_subrun72.csv,78,False,,,2.8,-0.4719
2026-04-09T17:40:13Z,Digitizer_run1608_subrun72.csv,79,False,,,2.8,-0.457
2026-04-09T17:40:13Z,Digitizer_run1608_subrun72.csv,80,False,,,2.8,-0.4743
2026-04-09T17:40:13Z,Digitizer_run1608_subrun72.csv,81,False,,,2.8,-0.4801
2026-04-09T17:40:13Z,Digitizer_run1608_subrun72.csv,82,False,,,2.8,-0.478
2026-04-09T17:40:13Z,Digitizer_run1608_subrun72.csv,83,False,,,2.8,-0.4662
2026-04-09T17:40:13Z,Digitizer_run1608_subrun72.csv,84,False,,,2.8,-0.472
2026-04-09T17:40:13Z,Digitizer_run1608_subrun72.csv,85,False,,,2.8,-0.4755
2026-04-09T17:40:13Z,Digitizer_run1608_subrun72.csv,86,False,,,2.8,-0.4604
2026-04-09T17:40:13Z,Digitizer_run1608_subrun72.csv,87,False,,,2.8,-0.4548
2026-04-09T17:40:13Z,Digitizer_run1608_subrun72.csv,88,False,,,2.8,-0.4838
2026-04-09T17:40:13Z,Digitizer_run1608_subrun72.csv,89,False,,,2.8,-0.4829
2026-04-09T17:40:13Z,Digitizer_run1608_subrun72.csv,90,False,,,2.8,-0.4778
2026-04-09T17:40:13Z,Digitizer_run1608_subrun72.csv,91,False,,,2.8,-0.4777
2026-04-09T17:40:13Z,Digitizer_run1608_subrun72.csv,92,False,,,2.8,-0.5057
2026-04-09T17:40:13Z,Digitizer_run1608_subrun72.csv,93,False,,,2.8,-0.4703
2026-04-09T17:40:13Z,Digitizer_run1608_subrun72.csv,94,False,,,2.8,-0.4891
2026-04-09T17:40:13Z,Digitizer_run1608_subrun72.csv,95,False,,,2.8,-0.4996
2026-04-09T17:40:21Z,Digitizer_run1610_subrun218.csv,0,False,,,2.17,-0.4215
2026-04-09T17:40:21Z,Digitizer_run1610_subrun218.csv,1,False,,,2.17,-0.4284
2026-04-09T17:40:21Z,Digitizer_run1610_subrun218.csv,2,False,,,2.17,-0.4155
2026-04-09T17:40:21Z,Digitizer_run1610_subrun218.csv,3,False,,,2.17,-0.4204
2026-04-09T17:40:21Z,Digitizer_run1610_subrun218.csv,4,False,,,2.4,-0.4368
2026-04-09T17:40:21Z,Digitizer_run1610_subrun218.csv,5,False,,,2.47,-0.4402
2026-04-09T17:40:21Z,Digitizer_run1610_subrun218.csv,6,False,,,2.17,-0.4234
2026-04-09T17:40:21Z,Digitizer_run1610_subrun218.csv,7,False,,,2.17,-0.4179
2026-04-09T17:40:21Z,Digitizer_run1610_subrun218.csv,8,False,,,2.38,-0.4327
2026-04-09T17:40:21Z,Digitizer_run1610_subrun218.csv,9,False,,,2.72,-0.4347
2026-04-09T17:40:21Z,Digitizer_run1610_subrun218.csv,10,False,,,3.65,-0.4422
2026-04-09T17:40:21Z,Digitizer_run1610_subrun218.csv,11,False,,,2.17,-0.4238
2026-04-09T17:40:21Z,Digitizer_run1610_subrun218.csv,12,False,,,2.17,-0.4218
2026-04-09T17:40:21Z,Digitizer_run1610_subrun218.csv,13,False,,,2.17,-0.4394
2026-04-09T17:40:21Z,Digitizer_run1610_subrun218.csv,14,False,,,2.17,-0.4162
2026-04-09T17:40:21Z,Digitizer_run1610_subrun218.csv,15,False,,,2.17,-0.4303
2026-04-09T17:40:21Z,Digitizer_run1610_subrun218.csv,16,False,,,2.17,-0.4305
2026-04-09T17:40:21Z,Digitizer_run1610_subrun218.csv,17,False,,,2.17,-0.4377
2026-04-09T17:40:21Z,Digitizer_run1610_subrun218.csv,18,False,,,2.17,-0.4214
2026-04-09T17:40:21Z,Digitizer_run1610_subrun218.csv,19,False,,,2.17,-0.4412
2026-04-09T17:40:21Z,Digitizer_run1610_subrun218.csv,20,False,,,2.17,-0.4276
2026-04-09T17:40:21Z,Digitizer_run1610_subrun218.csv,21,True,statistical,nPulses_median,7.0,-0.4477
2026-04-09T17:40:21Z,Digitizer_run1610_subrun218.csv,22,False,,,2.17,-0.4245
2026-04-09T17:40:21Z,Digitizer_run1610_subrun218.csv,23,False,,,2.17,-0.4192
2026-04-09T17:40:21Z,Digitizer_run1610_subrun218.csv,24,False,,,2.92,-0.4264
2026-04-09T17:40:21Z,Digitizer_run1610_subrun218.csv,25,False,,,2.66,-0.4427
2026-04-09T17:40:21Z,Digitizer_run1610_subrun218.csv,26,False,,,2.43,-0.4274
2026-04-09T17:40:21Z,Digitizer_run1610_subrun218.csv,27,False,,,2.17,-0.4188
2026-04-09T17:40:21Z,Digitizer_run1610_subrun218.csv,28,False,,,2.17,-0.4248
2026-04-09T17:40:21Z,Digitizer_run1610_subrun218.csv,29,False,,,2.17,-0.4335
2026-04-09T17:40:21Z,Digitizer_run1610_subrun218.csv,30,False,,,3.38,-0.4471
2026-04-09T17:40:21Z,Digitizer_run1610_subrun218.csv,31,False,,,2.17,-0.4334
2026-04-09T17:40:21Z,Digitizer_run1610_subrun218.csv,32,False,,,2.17,-0.4186
2026-04-09T17:40:21Z,Digitizer_run1610_subrun218.csv,33,False,,,3.97,-0.4363
2026-04-09T17:40:21Z,Digitizer_run1610_subrun218.csv,34,False,,,2.17,-0.4291
2026-04-09T17:40:21Z,Digitizer_run1610_subrun218.csv,35,False,,,2.17,-0.4232
2026-04-09T17:40:21Z,Digitizer_run1610_subrun218.csv,36,False,,,2.76,-0.4545
2026-04-09T17:40:21Z,Digitizer_run1610_subrun218.csv,37,False,,,3.03,-0.4623
2026-04-09T17:40:21Z,Digitizer_run1610_subrun218.csv,38,False,,,3.41,-0.4357
2026-04-09T17:40:21Z,Digitizer_run1610_subrun218.csv,39,False,,,2.17,-0.4229
2026-04-09T17:40:21Z,Digitizer_run1610_subrun218.csv,40,False,,,2.17,-0.4226
2026-04-09T17:40:21Z,Digitizer_run1610_subrun218.csv,41,False,,,2.17,-0.4201
2026-04-09T17:40:21Z,Digitizer_run1610_subrun218.csv,42,False,,,2.45,-0.4325
2026-04-09T17:40:21Z,Digitizer_run1610_subrun218.csv,43,False,,,2.17,-0.4211
2026-04-09T17:40:21Z,Digitizer_run1610_subrun218.csv,44,False,,,2.17,-0.4191
2026-04-09T17:40:21Z,Digitizer_run1610_subrun218.csv,45,False,,,2.17,-0.4162
2026-04-09T17:40:21Z,Digitizer_run1610_subrun218.csv,46,False,,,3.01,-0.4478
2026-04-09T17:40:21Z,Digitizer_run1610_subrun218.csv,47,False,,,2.17,-0.4353
2026-04-09T17:40:21Z,Digitizer_run1610_subrun218.csv,48,False,,,2.17,-0.42
2026-04-09T17:40:21Z,Digitizer_run1610_subrun218.csv,49,False,,,2.17,-0.4384
2026-04-09T17:40:21Z,Digitizer_run1610_subrun218.csv,50,False,,,2.17,-0.4379
2026-04-09T17:40:21Z,Digitizer_run1610_subrun218.csv,51,False,,,2.17,-0.4341
2026-04-09T17:40:21Z,Digitizer_run1610_subrun218.csv,52,False,,,2.17,-0.4335
2026-04-09T17:40:21Z,Digitizer_run1610_subrun218.csv,53,False,,,2.42,-0.4351
2026-04-09T17:40:21Z,Digitizer_run1610_subrun218.csv,54,False,,,3.6,-0.4591
2026-04-09T17:40:21Z,Digitizer_run1610_subrun218.csv,55,False,,,2.17,-0.4268
2026-04-09T17:40:21Z,Digitizer_run1610_subrun218.csv,56,False,,,2.17,-0.4257
2026-04-09T17:40:21Z,Digitizer_run1610_subrun218.csv,57,False,,,2.17,-0.424
2026-04-09T17:40:21Z,Digitizer_run1610_subrun218.csv,58,False,,,2.92,-0.4495
2026-04-09T17:40:21Z,Digitizer_run1610_subrun218.csv,59,False,,,3.16,-0.4612
2026-04-09T17:40:21Z,Digitizer_run1610_subrun218.csv,60,True,statistical,pulseHeight_max_median;pulseArea_max_median,8.48,-0.465
2026-04-09T17:40:21Z,Digitizer_run1610_subrun218.csv,61,True,statistical,pulseHeight_max_median,5.3,-0.4603
2026-04-09T17:40:21Z,Digitizer_run1610_subrun218.csv,62,False,,,2.17,-0.4178
2026-04-09T17:40:21Z,Digitizer_run1610_subrun218.csv,63,False,,,2.58,-0.4357
2026-04-09T17:40:21Z,Digitizer_run1610_subrun218.csv,64,False,,,2.17,-0.4223
2026-04-09T17:40:21Z,Digitizer_run1610_subrun218.csv,65,False,,,2.17,-0.4439
2026-04-09T17:40:21Z,Digitizer_run1610_subrun218.csv,66,False,,,3.72,-0.4521
2026-04-09T17:40:21Z,Digitizer_run1610_subrun218.csv,67,False,,,2.75,-0.4345
2026-04-09T17:40:21Z,Digitizer_run1610_subrun218.csv,68,False,,,2.17,-0.422
2026-04-09T17:40:21Z,Digitizer_run1610_subrun218.csv,69,False,,,2.17,-0.4278
2026-04-09T17:40:21Z,Digitizer_run1610_subrun218.csv,70,False,,,4.47,-0.4447
2026-04-09T17:40:21Z,Digitizer_run1610_subrun218.csv,71,False,,,4.15,-0.4685
2026-04-09T17:40:21Z,Digitizer_run1610_subrun218.csv,72,False,,,2.17,-0.4281
2026-04-09T17:40:21Z,Digitizer_run1610_subrun218.csv,73,False,,,2.17,-0.4166
2026-04-09T17:40:21Z,Digitizer_run1610_subrun218.csv,74,False,,,2.39,-0.4411
2026-04-09T17:40:21Z,Digitizer_run1610_subrun218.csv,75,False,,,2.98,-0.4656
2026-04-09T17:40:21Z,Digitizer_run1610_subrun218.csv,76,False,,,2.17,-0.4267
2026-04-09T17:40:21Z,Digitizer_run1610_subrun218.csv,77,False,,,2.74,-0.4405
2026-04-09T17:40:21Z,Digitizer_run1610_subrun218.csv,78,True,statistical,nPulses_median,1000000.0,-0.4518
2026-04-09T17:40:21Z,Digitizer_run1610_subrun218.csv,79,False,,,2.17,-0.4391
2026-04-09T17:40:21Z,Digitizer_run1610_subrun218.csv,80,False,,,2.17,-0.4291
2026-04-09T17:40:21Z,Digitizer_run1610_subrun218.csv,81,False,,,2.17,-0.4314
2026-04-09T17:40:21Z,Digitizer_run1610_subrun218.csv,82,False,,,2.17,-0.4265
2026-04-09T17:40:21Z,Digitizer_run1610_subrun218.csv,83,False,,,2.17,-0.4286
2026-04-09T17:40:21Z,Digitizer_run1610_subrun218.csv,84,False,,,2.17,-0.433
2026-04-09T17:40:21Z,Digitizer_run1610_subrun218.csv,85,False,,,2.86,-0.4401
2026-04-09T17:40:21Z,Digitizer_run1610_subrun218.csv,86,False,,,2.17,-0.4101
2026-04-09T17:40:21Z,Digitizer_run1610_subrun218.csv,87,False,,,3.74,-0.4372
2026-04-09T17:40:21Z,Digitizer_run1610_subrun218.csv,88,False,,,2.17,-0.4315
2026-04-09T17:40:21Z,Digitizer_run1610_subrun218.csv,89,False,,,4.81,-0.4386
2026-04-09T17:40:21Z,Digitizer_run1610_subrun218.csv,90,False,,,2.39,-0.4401
2026-04-09T17:40:21Z,Digitizer_run1610_subrun218.csv,91,False,,,2.17,-0.4346
2026-04-09T17:40:21Z,Digitizer_run1610_subrun218.csv,92,False,,,2.17,-0.4374
2026-04-09T17:40:21Z,Digitizer_run1610_subrun218.csv,93,False,,,2.27,-0.4325
2026-04-09T17:40:21Z,Digitizer_run1610_subrun218.csv,94,False,,,2.35,-0.4515
2026-04-09T17:40:21Z,Digitizer_run1610_subrun218.csv,95,False,,,2.17,-0.418
2026-04-09T17:40:28Z,Digitizer_run1611_subrun75.csv,0,False,,,3.65,-0.5058
2026-04-09T17:40:28Z,Digitizer_run1611_subrun75.csv,1,True,isolation_forest,,3.81,-0.5163
2026-04-09T17:40:28Z,Digitizer_run1611_subrun75.csv,2,False,,,3.69,-0.4807
2026-04-09T17:40:28Z,Digitizer_run1611_subrun75.csv,3,False,,,3.78,-0.4851
2026-04-09T17:40:28Z,Digitizer_run1611_subrun75.csv,4,False,,,3.91,-0.4927
2026-04-09T17:40:28Z,Digitizer_run1611_subrun75.csv,5,False,,,3.93,-0.4974
2026-04-09T17:40:28Z,Digitizer_run1611_subrun75.csv,6,False,,,3.66,-0.5048
2026-04-09T17:40:28Z,Digitizer_run1611_subrun75.csv,7,False,,,3.72,-0.4995
2026-04-09T17:40:28Z,Digitizer_run1611_subrun75.csv,8,True,isolation_forest,,4.03,-0.5149
2026-04-09T17:40:28Z,Digitizer_run1611_subrun75.csv,9,False,,,4.06,-0.4967
2026-04-09T17:40:28Z,Digitizer_run1611_subrun75.csv,10,False,,,3.44,-0.4891
2026-04-09T17:40:28Z,Digitizer_run1611_subrun75.csv,11,False,,,3.43,-0.5033
2026-04-09T17:40:28Z,Digitizer_run1611_subrun75.csv,12,False,,,3.6,-0.4764
2026-04-09T17:40:28Z,Digitizer_run1611_subrun75.csv,13,True,isolation_forest,,3.65,-0.5233
2026-04-09T17:40:28Z,Digitizer_run1611_subrun75.csv,14,False,,,3.83,-0.4901
2026-04-09T17:40:28Z,Digitizer_run1611_subrun75.csv,15,False,,,3.76,-0.4919
2026-04-09T17:40:28Z,Digitizer_run1611_subrun75.csv,16,True,isolation_forest,,3.86,-0.5299
2026-04-09T17:40:28Z,Digitizer_run1611_subrun75.csv,17,False,,,3.75,-0.4915
2026-04-09T17:40:28Z,Digitizer_run1611_subrun75.csv,18,False,,,3.87,-0.4916
2026-04-09T17:40:28Z,Digitizer_run1611_subrun75.csv,19,False,,,3.91,-0.5082
2026-04-09T17:40:28Z,Digitizer_run1611_subrun75.csv,20,False,,,3.74,-0.4898
2026-04-09T17:40:28Z,Digitizer_run1611_subrun75.csv,21,False,,,3.93,-0.5018
2026-04-09T17:40:28Z,Digitizer_run1611_subrun75.csv,22,False,,,3.62,-0.4768
2026-04-09T17:40:28Z,Digitizer_run1611_subrun75.csv,23,False,,,3.59,-0.4872
2026-04-09T17:40:28Z,Digitizer_run1611_subrun75.csv,24,True,isolation_forest,,3.76,-0.5166
2026-04-09T17:40:28Z,Digitizer_run1611_subrun75.csv,25,False,,,3.67,-0.4971
2026-04-09T17:40:28Z,Digitizer_run1611_subrun75.csv,26,False,,,3.82,-0.4973
2026-04-09T17:40:28Z,Digitizer_run1611_subrun75.csv,27,False,,,3.75,-0.5001
2026-04-09T17:40:28Z,Digitizer_run1611_subrun75.csv,28,True,isolation_forest,,4.9,-0.5356
2026-04-09T17:40:28Z,Digitizer_run1611_subrun75.csv,29,True,isolation_forest,,3.61,-0.5259
2026-04-09T17:40:28Z,Digitizer_run1611_subrun75.csv,30,False,,,3.86,-0.4865
2026-04-09T17:40:28Z,Digitizer_run1611_subrun75.csv,31,False,,,3.89,-0.4822
2026-04-09T17:40:28Z,Digitizer_run1611_subrun75.csv,32,False,,,3.87,-0.486
2026-04-09T17:40:28Z,Digitizer_run1611_subrun75.csv,33,False,,,3.77,-0.5009
2026-04-09T17:40:28Z,Digitizer_run1611_subrun75.csv,34,False,,,3.57,-0.4768
2026-04-09T17:40:28Z,Digitizer_run1611_subrun75.csv,35,False,,,3.64,-0.4836
2026-04-09T17:40:28Z,Digitizer_run1611_subrun75.csv,36,False,,,3.67,-0.4898
2026-04-09T17:40:28Z,Digitizer_run1611_subrun75.csv,37,False,,,3.78,-0.4915
2026-04-09T17:40:28Z,Digitizer_run1611_subrun75.csv,38,False,,,3.75,-0.4812
2026-04-09T17:40:28Z,Digitizer_run1611_subrun75.csv,39,False,,,3.67,-0.4837
2026-04-09T17:40:28Z,Digitizer_run1611_subrun75.csv,40,True,isolation_forest,,3.76,-0.5421
2026-04-09T17:40:28Z,Digitizer_run1611_subrun75.csv,41,False,,,3.61,-0.4888
2026-04-09T17:40:28Z,Digitizer_run1611_subrun75.csv,42,False,,,3.75,-0.4955
2026-04-09T17:40:28Z,Digitizer_run1611_subrun75.csv,43,False,,,3.84,-0.4999
2026-04-09T17:40:28Z,Digitizer_run1611_subrun75.csv,44,False,,,3.53,-0.4878
2026-04-09T17:40:28Z,Digitizer_run1611_subrun75.csv,45,False,,,3.77,-0.4753
2026-04-09T17:40:28Z,Digitizer_run1611_subrun75.csv,46,False,,,3.76,-0.4839
2026-04-09T17:40:28Z,Digitizer_run1611_subrun75.csv,47,False,,,3.59,-0.479
2026-04-09T17:40:28Z,Digitizer_run1611_subrun75.csv,48,True,isolation_forest,,3.75,-0.5159
2026-04-09T17:40:28Z,Digitizer_run1611_subrun75.csv,49,False,,,3.74,-0.5025
2026-04-09T17:40:28Z,Digitizer_run1611_subrun75.csv,50,False,,,3.95,-0.4848
2026-04-09T17:40:28Z,Digitizer_run1611_subrun75.csv,51,False,,,4.02,-0.4889
2026-04-09T17:40:28Z,Digitizer_run1611_subrun75.csv,52,False,,,3.76,-0.4925
2026-04-09T17:40:28Z,Digitizer_run1611_subrun75.csv,53,False,,,3.76,-0.4916
2026-04-09T17:40:28Z,Digitizer_run1611_subrun75.csv,54,False,,,3.63,-0.4884
2026-04-09T17:40:28Z,Digitizer_run1611_subrun75.csv,55,False,,,3.72,-0.5033
2026-04-09T17:40:28Z,Digitizer_run1611_subrun75.csv,56,False,,,3.71,-0.4969
2026-04-09T17:40:28Z,Digitizer_run1611_subrun75.csv,57,False,,,3.67,-0.4897
2026-04-09T17:40:28Z,Digitizer_run1611_subrun75.csv,58,False,,,3.48,-0.4998
2026-04-09T17:40:28Z,Digitizer_run1611_subrun75.csv,59,False,,,3.58,-0.5051
2026-04-09T17:40:28Z,Digitizer_run1611_subrun75.csv,60,False,,,3.39,-0.4803
2026-04-09T17:40:28Z,Digitizer_run1611_subrun75.csv,61,False,,,3.58,-0.4776
2026-04-09T17:40:28Z,Digitizer_run1611_subrun75.csv,62,False,,,3.73,-0.4774
2026-04-09T17:40:28Z,Digitizer_run1611_subrun75.csv,63,False,,,3.86,-0.4867
2026-04-09T17:40:28Z,Digitizer_run1611_subrun75.csv,64,False,,,3.99,-0.488
2026-04-09T17:40:28Z,Digitizer_run1611_subrun75.csv,65,True,isolation_forest,,4.04,-0.5334
2026-04-09T17:40:28Z,Digitizer_run1611_subrun75.csv,66,False,,,3.89,-0.4862
2026-04-09T17:40:28Z,Digitizer_run1611_subrun75.csv,67,False,,,3.74,-0.4887
2026-04-09T17:40:28Z,Digitizer_run1611_subrun75.csv,68,False,,,4.09,-0.5028
2026-04-09T17:40:28Z,Digitizer_run1611_subrun75.csv,69,False,,,4.14,-0.4945
2026-04-09T17:40:28Z,Digitizer_run1611_subrun75.csv,70,False,,,3.81,-0.4785
2026-04-09T17:40:28Z,Digitizer_run1611_subrun75.csv,71,False,,,3.99,-0.4783
2026-04-09T17:40:28Z,Digitizer_run1611_subrun75.csv,72,False,,,3.57,-0.4941
2026-04-09T17:40:28Z,Digitizer_run1611_subrun75.csv,73,False,,,3.53,-0.4904
2026-04-09T17:40:28Z,Digitizer_run1611_subrun75.csv,74,False,,,3.56,-0.4855
2026-04-09T17:40:28Z,Digitizer_run1611_subrun75.csv,75,False,,,3.62,-0.5045
2026-04-09T17:40:28Z,Digitizer_run1611_subrun75.csv,76,False,,,3.76,-0.5032
2026-04-09T17:40:28Z,Digitizer_run1611_subrun75.csv,77,False,,,3.53,-0.5135
2026-04-09T17:40:28Z,Digitizer_run1611_subrun75.csv,78,False,,,3.6,-0.482
2026-04-09T17:40:28Z,Digitizer_run1611_subrun75.csv,79,False,,,3.65,-0.5065
2026-04-09T17:40:28Z,Digitizer_run1611_subrun75.csv,80,False,,,3.94,-0.4802
2026-04-09T17:40:28Z,Digitizer_run1611_subrun75.csv,81,False,,,3.93,-0.5043
2026-04-09T17:40:28Z,Digitizer_run1611_subrun75.csv,82,False,,,3.89,-0.507
2026-04-09T17:40:28Z,Digitizer_run1611_subrun75.csv,83,False,,,3.95,-0.513
2026-04-09T17:40:28Z,Digitizer_run1611_subrun75.csv,84,False,,,3.89,-0.4916
2026-04-09T17:40:28Z,Digitizer_run1611_subrun75.csv,85,False,,,3.97,-0.489
2026-04-09T17:40:28Z,Digitizer_run1611_subrun75.csv,86,False,,,3.85,-0.4891
2026-04-09T17:40:28Z,Digitizer_run1611_subrun75.csv,87,False,,,3.84,-0.4781
2026-04-09T17:40:28Z,Digitizer_run1611_subrun75.csv,88,False,,,3.05,-0.4802
2026-04-09T17:40:28Z,Digitizer_run1611_subrun75.csv,89,False,,,3.05,-0.4842
2026-04-09T17:40:28Z,Digitizer_run1611_subrun75.csv,90,False,,,3.05,-0.4752
2026-04-09T17:40:28Z,Digitizer_run1611_subrun75.csv,91,False,,,3.05,-0.4788
2026-04-09T17:40:28Z,Digitizer_run1611_subrun75.csv,92,False,,,3.05,-0.488
2026-04-09T17:40:28Z,Digitizer_run1611_subrun75.csv,93,False,,,3.05,-0.4854
2026-04-09T17:40:28Z,Digitizer_run1611_subrun75.csv,94,False,,,3.05,-0.4841
2026-04-09T17:40:28Z,Digitizer_run1611_subrun75.csv,95,False,,,3.05,-0.4962
2026-04-09T17:40:36Z,Digitizer_run1609_subrun500.csv,0,False,,,3.28,-0.5108
2026-04-09T17:40:36Z,Digitizer_run1609_subrun500.csv,1,False,,,4.58,-0.5092
2026-04-09T17:40:36Z,Digitizer_run1609_subrun500.csv,2,True,isolation_forest,,3.12,-0.5257
2026-04-09T17:40:36Z,Digitizer_run1609_subrun500.csv,3,False,,,3.05,-0.5126
2026-04-09T17:40:36Z,Digitizer_run1609_subrun500.csv,4,False,,,2.47,-0.4758
2026-04-09T17:40:36Z,Digitizer_run1609_subrun500.csv,5,False,,,2.62,-0.4767
2026-04-09T17:40:36Z,Digitizer_run1609_subrun500.csv,6,False,,,2.47,-0.4908
2026-04-09T17:40:36Z,Digitizer_run1609_subrun500.csv,7,False,,,2.47,-0.4828
2026-04-09T17:40:36Z,Digitizer_run1609_subrun500.csv,8,False,,,2.47,-0.4963
2026-04-09T17:40:36Z,Digitizer_run1609_subrun500.csv,9,False,,,4.44,-0.4947
2026-04-09T17:40:36Z,Digitizer_run1609_subrun500.csv,10,True,statistical,nPulses_median,7.0,-0.5061
2026-04-09T17:40:36Z,Digitizer_run1609_subrun500.csv,11,False,,,4.43,-0.5131
2026-04-09T17:40:36Z,Digitizer_run1609_subrun500.csv,12,False,,,2.47,-0.4683
2026-04-09T17:40:36Z,Digitizer_run1609_subrun500.csv,13,False,,,3.37,-0.4842
2026-04-09T17:40:36Z,Digitizer_run1609_subrun500.csv,14,False,,,2.47,-0.4791
2026-04-09T17:40:36Z,Digitizer_run1609_subrun500.csv,15,True,statistical,nPulses_median,1000000.0,-0.497
2026-04-09T17:40:36Z,Digitizer_run1609_subrun500.csv,16,False,,,2.47,-0.479
2026-04-09T17:40:36Z,Digitizer_run1609_subrun500.csv,17,False,,,4.52,-0.5083
2026-04-09T17:40:36Z,Digitizer_run1609_subrun500.csv,18,False,,,2.47,-0.4769
2026-04-09T17:40:36Z,Digitizer_run1609_subrun500.csv,19,False,,,2.86,-0.4995
2026-04-09T17:40:36Z,Digitizer_run1609_subrun500.csv,20,False,,,3.39,-0.4776
2026-04-09T17:40:36Z,Digitizer_run1609_subrun500.csv,21,False,,,2.47,-0.47
2026-04-09T17:40:36Z,Digitizer_run1609_subrun500.csv,22,False,,,2.47,-0.4689
2026-04-09T17:40:36Z,Digitizer_run1609_subrun500.csv,23,False,,,2.47,-0.4814
2026-04-09T17:40:36Z,Digitizer_run1609_subrun500.csv,24,False,,,2.85,-0.4875
2026-04-09T17:40:36Z,Digitizer_run1609_subrun500.csv,25,False,,,2.47,-0.4763
2026-04-09T17:40:36Z,Digitizer_run1609_subrun500.csv,26,False,,,2.47,-0.4828
2026-04-09T17:40:36Z,Digitizer_run1609_subrun500.csv,27,False,,,2.47,-0.4823
2026-04-09T17:40:36Z,Digitizer_run1609_subrun500.csv,28,False,,,2.47,-0.4712
2026-04-09T17:40:36Z,Digitizer_run1609_subrun500.csv,29,False,,,2.47,-0.4711
2026-04-09T17:40:36Z,Digitizer_run1609_subrun500.csv,30,False,,,2.47,-0.4695
2026-04-09T17:40:36Z,Digitizer_run1609_subrun500.csv,31,False,,,2.47,-0.4682
2026-04-09T17:40:36Z,Digitizer_run1609_subrun500.csv,32,True,isolation_forest,,4.84,-0.5363
2026-04-09T17:40:36Z,Digitizer_run1609_subrun500.csv,33,True,isolation_forest,,3.99,-0.527
2026-04-09T17:40:36Z,Digitizer_run1609_subrun500.csv,34,False,,,2.75,-0.494
2026-04-09T17:40:36Z,Digitizer_run1609_subrun500.csv,35,False,,,2.47,-0.4861
2026-04-09T17:40:36Z,Digitizer_run1609_subrun500.csv,36,False,,,2.57,-0.4844
2026-04-09T17:40:36Z,Digitizer_run1609_subrun500.csv,37,False,,,2.69,-0.4921
2026-04-09T17:40:36Z,Digitizer_run1609_subrun500.csv,38,False,,,2.82,-0.4952
2026-04-09T17:40:36Z,Digitizer_run1609_subrun500.csv,39,False,,,2.57,-0.4854
2026-04-09T17:40:36Z,Digitizer_run1609_subrun500.csv,40,False,,,2.47,-0.4723
2026-04-09T17:40:36Z,Digitizer_run1609_subrun500.csv,41,False,,,2.47,-0.4775
2026-04-09T17:40:36Z,Digitizer_run1609_subrun500.csv,42,True,isolation_forest,,4.08,-0.5148
2026-04-09T17:40:36Z,Digitizer_run1609_subrun500.csv,43,True,isolation_forest,,4.66,-0.5142
2026-04-09T17:40:36Z,Digitizer_run1609_subrun500.csv,44,False,,,2.47,-0.4707
2026-04-09T17:40:36Z,Digitizer_run1609_subrun500.csv,45,False,,,2.47,-0.4748
2026-04-09T17:40:36Z,Digitizer_run1609_subrun500.csv,46,False,,,2.47,-0.4631
2026-04-09T17:40:36Z,Digitizer_run1609_subrun500.csv,47,False,,,2.47,-0.4784
2026-04-09T17:40:36Z,Digitizer_run1609_subrun500.csv,48,False,,,2.47,-0.492
2026-04-09T17:40:36Z,Digitizer_run1609_subrun500.csv,49,False,,,2.69,-0.4806
2026-04-09T17:40:36Z,Digitizer_run1609_subrun500.csv,50,False,,,2.47,-0.4749
2026-04-09T17:40:36Z,Digitizer_run1609_subrun500.csv,51,False,,,3.34,-0.4756
2026-04-09T17:40:36Z,Digitizer_run1609_subrun500.csv,52,False,,,2.47,-0.4777
2026-04-09T17:40:36Z,Digitizer_run1609_subrun500.csv,53,False,,,2.47,-0.4655
2026-04-09T17:40:36Z,Digitizer_run1609_subrun500.csv,54,False,,,2.47,-0.4715
2026-04-09T17:40:36Z,Digitizer_run1609_subrun500.csv,55,False,,,2.47,-0.4698
2026-04-09T17:40:36Z,Digitizer_run1609_subrun500.csv,56,False,,,2.47,-0.4859
2026-04-09T17:40:36Z,Digitizer_run1609_subrun500.csv,57,False,,,2.47,-0.4922
2026-04-09T17:40:36Z,Digitizer_run1609_subrun500.csv,58,False,,,2.47,-0.477
2026-04-09T17:40:36Z,Digitizer_run1609_subrun500.csv,59,False,,,2.47,-0.4772
2026-04-09T17:40:36Z,Digitizer_run1609_subrun500.csv,60,False,,,2.47,-0.4743
2026-04-09T17:40:36Z,Digitizer_run1609_subrun500.csv,61,False,,,2.47,-0.4736
2026-04-09T17:40:36Z,Digitizer_run1609_subrun500.csv,62,False,,,2.47,-0.4744
2026-04-09T17:40:36Z,Digitizer_run1609_subrun500.csv,63,False,,,2.47,-0.4726
2026-04-09T17:40:36Z,Digitizer_run1609_subrun500.csv,64,False,,,2.47,-0.4745
2026-04-09T17:40:36Z,Digitizer_run1609_subrun500.csv,65,False,,,2.47,-0.4784
2026-04-09T17:40:36Z,Digitizer_run1609_subrun500.csv,66,False,,,2.47,-0.4668
2026-04-09T17:40:36Z,Digitizer_run1609_subrun500.csv,67,False,,,2.47,-0.472
2026-04-09T17:40:36Z,Digitizer_run1609_subrun500.csv,68,False,,,2.78,-0.477
2026-04-09T17:40:36Z,Digitizer_run1609_subrun500.csv,69,False,,,2.47,-0.4633
2026-04-09T17:40:36Z,Digitizer_run1609_subrun500.csv,70,False,,,2.47,-0.4927
2026-04-09T17:40:36Z,Digitizer_run1609_subrun500.csv,71,False,,,2.93,-0.4991
2026-04-09T17:40:36Z,Digitizer_run1609_subrun500.csv,72,False,,,2.47,-0.4827
2026-04-09T17:40:36Z,Digitizer_run1609_subrun500.csv,73,False,,,2.47,-0.4687
2026-04-09T17:40:36Z,Digitizer_run1609_subrun500.csv,74,False,,,2.47,-0.4795
2026-04-09T17:40:36Z,Digitizer_run1609_subrun500.csv,75,False,,,2.47,-0.4743
2026-04-09T17:40:36Z,Digitizer_run1609_subrun500.csv,76,False,,,2.47,-0.4949
2026-04-09T17:40:36Z,Digitizer_run1609_subrun500.csv,77,False,,,2.47,-0.4869
2026-04-09T17:40:36Z,Digitizer_run1609_subrun500.csv,78,False,,,2.47,-0.4683
2026-04-09T17:40:36Z,Digitizer_run1609_subrun500.csv,79,False,,,2.47,-0.4791
2026-04-09T17:40:36Z,Digitizer_run1609_subrun500.csv,80,False,,,2.47,-0.4777
2026-04-09T17:40:36Z,Digitizer_run1609_subrun500.csv,81,False,,,2.47,-0.4742
2026-04-09T17:40:36Z,Digitizer_run1609_subrun500.csv,82,False,,,2.47,-0.4791
2026-04-09T17:40:36Z,Digitizer_run1609_subrun500.csv,83,False,,,2.47,-0.4653
2026-04-09T17:40:36Z,Digitizer_run1609_subrun500.csv,84,False,,,2.47,-0.4914
2026-04-09T17:40:36Z,Digitizer_run1609_subrun500.csv,85,False,,,2.47,-0.4754
2026-04-09T17:40:36Z,Digitizer_run1609_subrun500.csv,86,False,,,2.47,-0.468
2026-04-09T17:40:36Z,Digitizer_run1609_subrun500.csv,87,False,,,3.78,-0.4765
2026-04-09T17:40:36Z,Digitizer_run1609_subrun500.csv,88,False,,,2.47,-0.4901
2026-04-09T17:40:36Z,Digitizer_run1609_subrun500.csv,89,False,,,2.47,-0.4888
2026-04-09T17:40:36Z,Digitizer_run1609_subrun500.csv,90,False,,,2.47,-0.4829
2026-04-09T17:40:36Z,Digitizer_run1609_subrun500.csv,91,False,,,2.47,-0.478
2026-04-09T17:40:36Z,Digitizer_run1609_subrun500.csv,92,False,,,3.47,-0.4902
2026-04-09T17:40:36Z,Digitizer_run1609_subrun500.csv,93,False,,,2.47,-0.4958
2026-04-09T17:40:36Z,Digitizer_run1609_subrun500.csv,94,False,,,2.47,-0.482
2026-04-09T17:40:36Z,Digitizer_run1609_subrun500.csv,95,False,,,2.47,-0.4708
2026-04-09T17:40:44Z,Digitizer_run1608_subrun309.csv,0,False,,,2.63,-0.4649
2026-04-09T17:40:44Z,Digitizer_run1608_subrun309.csv,1,False,,,2.75,-0.4827
2026-04-09T17:40:44Z,Digitizer_run1608_subrun309.csv,2,False,,,2.63,-0.4596
2026-04-09T17:40:44Z,Digitizer_run1608_subrun309.csv,3,False,,,2.63,-0.4567
2026-04-09T17:40:44Z,Digitizer_run1608_subrun309.csv,4,False,,,2.63,-0.4491
2026-04-09T17:40:44Z,Digitizer_run1608_subrun309.csv,5,False,,,3.13,-0.4604
2026-04-09T17:40:44Z,Digitizer_run1608_subrun309.csv,6,False,,,2.63,-0.4621
2026-04-09T17:40:44Z,Digitizer_run1608_subrun309.csv,7,False,,,2.63,-0.4627
2026-04-09T17:40:44Z,Digitizer_run1608_subrun309.csv,8,False,,,2.63,-0.4724
2026-04-09T17:40:44Z,Digitizer_run1608_subrun309.csv,9,False,,,2.63,-0.4615
2026-04-09T17:40:44Z,Digitizer_run1608_subrun309.csv,10,False,,,2.63,-0.4838
2026-04-09T17:40:44Z,Digitizer_run1608_subrun309.csv,11,False,,,3.1,-0.4787
2026-04-09T17:40:44Z,Digitizer_run1608_subrun309.csv,12,False,,,2.63,-0.4654
2026-04-09T17:40:44Z,Digitizer_run1608_subrun309.csv,13,False,,,2.63,-0.4692
2026-04-09T17:40:44Z,Digitizer_run1608_subrun309.csv,14,False,,,2.63,-0.4649
2026-04-09T17:40:44Z,Digitizer_run1608_subrun309.csv,15,False,,,2.63,-0.4692
2026-04-09T17:40:44Z,Digitizer_run1608_subrun309.csv,16,False,,,2.63,-0.4619
2026-04-09T17:40:44Z,Digitizer_run1608_subrun309.csv,17,False,,,3.3,-0.4701
2026-04-09T17:40:44Z,Digitizer_run1608_subrun309.csv,18,False,,,2.63,-0.462
2026-04-09T17:40:44Z,Digitizer_run1608_subrun309.csv,19,False,,,2.63,-0.4692
2026-04-09T17:40:44Z,Digitizer_run1608_subrun309.csv,20,False,,,2.63,-0.4577
2026-04-09T17:40:44Z,Digitizer_run1608_subrun309.csv,21,False,,,2.8,-0.4656
2026-04-09T17:40:44Z,Digitizer_run1608_subrun309.csv,22,False,,,2.63,-0.4631
2026-04-09T17:40:44Z,Digitizer_run1608_subrun309.csv,23,False,,,2.63,-0.4544
2026-04-09T17:40:44Z,Digitizer_run1608_subrun309.csv,24,False,,,2.63,-0.4656
2026-04-09T17:40:44Z,Digitizer_run1608_subrun309.csv,25,False,,,2.63,-0.4583
2026-04-09T17:40:44Z,Digitizer_run1608_subrun309.csv,26,False,,,2.63,-0.4577
2026-04-09T17:40:44Z,Digitizer_run1608_subrun309.csv,27,False,,,2.63,-0.4627
2026-04-09T17:40:44Z,Digitizer_run1608_subrun309.csv,28,False,,,2.63,-0.4816
2026-04-09T17:40:44Z,Digitizer_run1608_subrun309.csv,29,False,,,2.63,-0.4807
2026-04-09T17:40:44Z,Digitizer_run1608_subrun309.csv,30,False,,,2.7,-0.4832
2026-04-09T17:40:44Z,Digitizer_run1608_subrun309.csv,31,False,,,2.63,-0.4739
2026-04-09T17:40:44Z,Digitizer_run1608_subrun309.csv,32,False,,,2.63,-0.4903
2026-04-09T17:40:44Z,Digitizer_run1608_subrun309.csv,33,False,,,2.75,-0.4977
2026-04-09T17:40:44Z,Digitizer_run1608_subrun309.csv,34,False,,,2.63,-0.4601
2026-04-09T17:40:44Z,Digitizer_run1608_subrun309.csv,35,False,,,2.63,-0.4664
2026-04-09T17:40:44Z,Digitizer_run1608_subrun309.csv,36,False,,,2.63,-0.4669
2026-04-09T17:40:44Z,Digitizer_run1608_subrun309.csv,37,False,,,2.63,-0.4462
2026-04-09T17:40:44Z,Digitizer_run1608_subrun309.csv,38,False,,,2.63,-0.456
2026-04-09T17:40:44Z,Digitizer_run1608_subrun309.csv,39,False,,,2.63,-0.4584
2026-04-09T17:40:44Z,Digitizer_run1608_subrun309.csv,40,False,,,2.63,-0.4591
2026-04-09T17:40:44Z,Digitizer_run1608_subrun309.csv,41,False,,,2.63,-0.4584
2026-04-09T17:40:44Z,Digitizer_run1608_subrun309.csv,42,False,,,2.63,-0.4946
2026-04-09T17:40:44Z,Digitizer_run1608_subrun309.csv,43,False,,,4.01,-0.478
2026-04-09T17:40:44Z,Digitizer_run1608_subrun309.csv,44,False,,,2.63,-0.4658
2026-04-09T17:40:44Z,Digitizer_run1608_subrun309.csv,45,False,,,2.63,-0.4517
2026-04-09T17:40:44Z,Digitizer_run1608_subrun309.csv,46,False,,,3.97,-0.4695
2026-04-09T17:40:44Z,Digitizer_run1608_subrun309.csv,47,False,,,4.0,-0.4688
2026-04-09T17:40:44Z,Digitizer_run1608_subrun309.csv,48,False,,,2.63,-0.4615
2026-04-09T17:40:44Z,Digitizer_run1608_subrun309.csv,49,False,,,2.63,-0.4597
2026-04-09T17:40:44Z,Digitizer_run1608_subrun309.csv,50,False,,,2.63,-0.4589
2026-04-09T17:40:44Z,Digitizer_run1608_subrun309.csv,51,False,,,3.02,-0.4799
2026-04-09T17:40:44Z,Digitizer_run1608_subrun309.csv,52,False,,,2.63,-0.4653
2026-04-09T17:40:44Z,Digitizer_run1608_subrun309.csv,53,False,,,2.63,-0.453
2026-04-09T17:40:44Z,Digitizer_run1608_subrun309.csv,54,False,,,2.63,-0.4664
2026-04-09T17:40:44Z,Digitizer_run1608_subrun309.csv,55,False,,,2.63,-0.4709
2026-04-09T17:40:44Z,Digitizer_run1608_subrun309.csv,56,False,,,2.63,-0.4765
2026-04-09T17:40:44Z,Digitizer_run1608_subrun309.csv,57,False,,,2.63,-0.4644
2026-04-09T17:40:44Z,Digitizer_run1608_subrun309.csv,58,False,,,2.76,-0.4682
2026-04-09T17:40:44Z,Digitizer_run1608_subrun309.csv,59,False,,,2.63,-0.4663
2026-04-09T17:40:44Z,Digitizer_run1608_subrun309.csv,60,False,,,3.81,-0.4611
2026-04-09T17:40:44Z,Digitizer_run1608_subrun309.csv,61,False,,,2.63,-0.4623
2026-04-09T17:40:44Z,Digitizer_run1608_subrun309.csv,62,False,,,2.63,-0.4546
2026-04-09T17:40:44Z,Digitizer_run1608_subrun309.csv,63,False,,,2.63,-0.4784
2026-04-09T17:40:44Z,Digitizer_run1608_subrun309.csv,64,False,,,2.63,-0.4466
2026-04-09T17:40:44Z,Digitizer_run1608_subrun309.csv,65,False,,,2.63,-0.4511
2026-04-09T17:40:44Z,Digitizer_run1608_subrun309.csv,66,False,,,2.63,-0.4724
2026-04-09T17:40:44Z,Digitizer_run1608_subrun309.csv,67,False,,,2.63,-0.4872
2026-04-09T17:40:44Z,Digitizer_run1608_subrun309.csv,68,False,,,2.63,-0.4515
2026-04-09T17:40:44Z,Digitizer_run1608_subrun309.csv,69,False,,,2.63,-0.4545
2026-04-09T17:40:44Z,Digitizer_run1608_subrun309.csv,70,False,,,4.07,-0.4672
2026-04-09T17:40:44Z,Digitizer_run1608_subrun309.csv,71,False,,,3.31,-0.4656
2026-04-09T17:40:44Z,Digitizer_run1608_subrun309.csv,72,False,,,2.63,-0.4711
2026-04-09T17:40:44Z,Digitizer_run1608_subrun309.csv,73,False,,,2.63,-0.4633
2026-04-09T17:40:44Z,Digitizer_run1608_subrun309.csv,74,False,,,2.63,-0.4591
2026-04-09T17:40:44Z,Digitizer_run1608_subrun309.csv,75,False,,,2.63,-0.4659
2026-04-09T17:40:44Z,Digitizer_run1608_subrun309.csv,76,False,,,3.45,-0.4752
2026-04-09T17:40:44Z,Digitizer_run1608_subrun309.csv,77,False,,,2.63,-0.4597
2026-04-09T17:40:44Z,Digitizer_run1608_subrun309.csv,78,False,,,2.99,-0.4753
2026-04-09T17:40:44Z,Digitizer_run1608_subrun309.csv,79,False,,,2.63,-0.4534
2026-04-09T17:40:44Z,Digitizer_run1608_subrun309.csv,80,False,,,2.63,-0.4569
2026-04-09T17:40:44Z,Digitizer_run1608_subrun309.csv,81,False,,,2.63,-0.4683
2026-04-09T17:40:44Z,Digitizer_run1608_subrun309.csv,82,False,,,2.63,-0.4595
2026-04-09T17:40:44Z,Digitizer_run1608_subrun309.csv,83,False,,,2.63,-0.4621
2026-04-09T17:40:44Z,Digitizer_run1608_subrun309.csv,84,False,,,2.63,-0.4487
2026-04-09T17:40:44Z,Digitizer_run1608_subrun309.csv,85,False,,,2.63,-0.4548
2026-04-09T17:40:44Z,Digitizer_run1608_subrun309.csv,86,False,,,2.63,-0.4519
2026-04-09T17:40:44Z,Digitizer_run1608_subrun309.csv,87,False,,,2.63,-0.4634
2026-04-09T17:40:44Z,Digitizer_run1608_subrun309.csv,88,False,,,2.63,-0.4722
2026-04-09T17:40:44Z,Digitizer_run1608_subrun309.csv,89,False,,,2.63,-0.4832
2026-04-09T17:40:44Z,Digitizer_run1608_subrun309.csv,90,False,,,3.27,-0.5085
2026-04-09T17:40:44Z,Digitizer_run1608_subrun309.csv,91,False,,,2.63,-0.4856
2026-04-09T17:40:44Z,Digitizer_run1608_subrun309.csv,92,False,,,2.63,-0.4718
2026-04-09T17:40:44Z,Digitizer_run1608_subrun309.csv,93,False,,,2.63,-0.4956
2026-04-09T17:40:44Z,Digitizer_run1608_subrun309.csv,94,False,,,2.63,-0.4753
2026-04-09T17:40:44Z,Digitizer_run1608_subrun309.csv,95,False,,,2.63,-0.4831
2026-04-09T17:40:52Z,Digitizer_run1607_subrun123.csv,0,False,,,2.08,-0.4323
2026-04-09T17:40:52Z,Digitizer_run1607_subrun123.csv,1,False,,,2.08,-0.4336
2026-04-09T17:40:52Z,Digitizer_run1607_subrun123.csv,2,False,,,2.08,-0.4433
2026-04-09T17:40:52Z,Digitizer_run1607_subrun123.csv,3,False,,,2.47,-0.4528
2026-04-09T17:40:52Z,Digitizer_run1607_subrun123.csv,4,False,,,2.08,-0.4366
2026-04-09T17:40:52Z,Digitizer_run1607_subrun123.csv,5,False,,,2.08,-0.4241
2026-04-09T17:40:52Z,Digitizer_run1607_subrun123.csv,6,False,,,2.21,-0.463
2026-04-09T17:40:52Z,Digitizer_run1607_subrun123.csv,7,False,,,2.08,-0.4586
2026-04-09T17:40:52Z,Digitizer_run1607_subrun123.csv,8,False,,,2.08,-0.4381
2026-04-09T17:40:52Z,Digitizer_run1607_subrun123.csv,9,False,,,2.08,-0.4373
2026-04-09T17:40:52Z,Digitizer_run1607_subrun123.csv,10,False,,,2.08,-0.4339
2026-04-09T17:40:52Z,Digitizer_run1607_subrun123.csv,11,False,,,3.81,-0.4524
2026-04-09T17:40:52Z,Digitizer_run1607_subrun123.csv,12,False,,,2.08,-0.4298
2026-04-09T17:40:52Z,Digitizer_run1607_subrun123.csv,13,False,,,2.08,-0.4312
2026-04-09T17:40:52Z,Digitizer_run1607_subrun123.csv,14,False,,,2.6,-0.4486
2026-04-09T17:40:52Z,Digitizer_run1607_subrun123.csv,15,False,,,2.08,-0.4484
2026-04-09T17:40:52Z,Digitizer_run1607_subrun123.csv,16,False,,,2.08,-0.4449
2026-04-09T17:40:52Z,Digitizer_run1607_subrun123.csv,17,False,,,3.28,-0.4375
2026-04-09T17:40:52Z,Digitizer_run1607_subrun123.csv,18,False,,,2.08,-0.4466
2026-04-09T17:40:52Z,Digitizer_run1607_subrun123.csv,19,False,,,2.22,-0.4377
2026-04-09T17:40:52Z,Digitizer_run1607_subrun123.csv,20,False,,,2.08,-0.4499
2026-04-09T17:40:52Z,Digitizer_run1607_subrun123.csv,21,False,,,2.08,-0.4344
2026-04-09T17:40:52Z,Digitizer_run1607_subrun123.csv,22,False,,,2.99,-0.4608
2026-04-09T17:40:52Z,Digitizer_run1607_subrun123.csv,23,False,,,2.14,-0.443
2026-04-09T17:40:52Z,Digitizer_run1607_subrun123.csv,24,False,,,2.09,-0.4304
2026-04-09T17:40:52Z,Digitizer_run1607_subrun123.csv,25,False,,,2.08,-0.4325
2026-04-09T17:40:52Z,Digitizer_run1607_subrun123.csv,26,False,,,2.08,-0.434
2026-04-09T17:40:52Z,Digitizer_run1607_subrun123.csv,27,False,,,2.49,-0.4521
2026-04-09T17:40:52Z,Digitizer_run1607_subrun123.csv,28,False,,,2.08,-0.4483
2026-04-09T17:40:52Z,Digitizer_run1607_subrun123.csv,29,False,,,2.35,-0.4412
2026-04-09T17:40:52Z,Digitizer_run1607_subrun123.csv,30,False,,,2.08,-0.4282
2026-04-09T17:40:52Z,Digitizer_run1607_subrun123.csv,31,False,,,2.08,-0.435
2026-04-09T17:40:52Z,Digitizer_run1607_subrun123.csv,32,False,,,2.36,-0.4334
2026-04-09T17:40:52Z,Digitizer_run1607_subrun123.csv,33,False,,,2.24,-0.4342
2026-04-09T17:40:52Z,Digitizer_run1607_subrun123.csv,34,False,,,3.15,-0.446
2026-04-09T17:40:52Z,Digitizer_run1607_subrun123.csv,35,False,,,2.08,-0.4291
2026-04-09T17:40:52Z,Digitizer_run1607_subrun123.csv,36,False,,,2.33,-0.4721
2026-04-09T17:40:52Z,Digitizer_run1607_subrun123.csv,37,False,,,2.08,-0.4389
2026-04-09T17:40:52Z,Digitizer_run1607_subrun123.csv,38,False,,,3.54,-0.4791
2026-04-09T17:40:52Z,Digitizer_run1607_subrun123.csv,39,False,,,3.09,-0.4375
2026-04-09T17:40:52Z,Digitizer_run1607_subrun123.csv,40,False,,,2.08,-0.4317
2026-04-09T17:40:52Z,Digitizer_run1607_subrun123.csv,41,False,,,2.08,-0.4363
2026-04-09T17:40:52Z,Digitizer_run1607_subrun123.csv,42,False,,,2.08,-0.4293
2026-04-09T17:40:52Z,Digitizer_run1607_subrun123.csv,43,False,,,2.08,-0.4294
2026-04-09T17:40:52Z,Digitizer_run1607_subrun123.csv,44,False,,,2.08,-0.4438
2026-04-09T17:40:52Z,Digitizer_run1607_subrun123.csv,45,False,,,2.14,-0.4567
2026-04-09T17:40:52Z,Digitizer_run1607_subrun123.csv,46,False,,,2.5,-0.4503
2026-04-09T17:40:52Z,Digitizer_run1607_subrun123.csv,47,False,,,2.08,-0.4466
2026-04-09T17:40:52Z,Digitizer_run1607_subrun123.csv,48,False,,,2.23,-0.4512
2026-04-09T17:40:52Z,Digitizer_run1607_subrun123.csv,49,False,,,2.58,-0.4534
2026-04-09T17:40:52Z,Digitizer_run1607_subrun123.csv,50,False,,,2.08,-0.4365
2026-04-09T17:40:52Z,Digitizer_run1607_subrun123.csv,51,False,,,2.08,-0.4559
2026-04-09T17:40:52Z,Digitizer_run1607_subrun123.csv,52,False,,,2.34,-0.4575
2026-04-09T17:40:52Z,Digitizer_run1607_subrun123.csv,53,False,,,2.08,-0.4394
2026-04-09T17:40:52Z,Digitizer_run1607_subrun123.csv,54,False,,,2.08,-0.4351
2026-04-09T17:40:52Z,Digitizer_run1607_subrun123.csv,55,False,,,2.08,-0.4311
2026-04-09T17:40:52Z,Digitizer_run1607_subrun123.csv,56,False,,,2.08,-0.4344
2026-04-09T17:40:52Z,Digitizer_run1607_subrun123.csv,57,False,,,2.08,-0.4326
2026-04-09T17:40:52Z,Digitizer_run1607_subrun123.csv,58,False,,,2.08,-0.4295
2026-04-09T17:40:52Z,Digitizer_run1607_subrun123.csv,59,False,,,2.08,-0.4393
2026-04-09T17:40:52Z,Digitizer_run1607_subrun123.csv,60,False,,,2.08,-0.4401
2026-04-09T17:40:52Z,Digitizer_run1607_subrun123.csv,61,False,,,2.08,-0.4298
2026-04-09T17:40:52Z,Digitizer_run1607_subrun123.csv,62,False,,,2.46,-0.4541
2026-04-09T17:40:52Z,Digitizer_run1607_subrun123.csv,63,False,,,2.37,-0.4495
2026-04-09T17:40:52Z,Digitizer_run1607_subrun123.csv,64,False,,,3.7,-0.4552
2026-04-09T17:40:52Z,Digitizer_run1607_subrun123.csv,65,False,,,2.53,-0.4616
2026-04-09T17:40:52Z,Digitizer_run1607_subrun123.csv,66,False,,,2.19,-0.4645
2026-04-09T17:40:52Z,Digitizer_run1607_subrun123.csv,67,False,,,2.08,-0.4478
2026-04-09T17:40:52Z,Digitizer_run1607_subrun123.csv,68,False,,,2.65,-0.4488
2026-04-09T17:40:52Z,Digitizer_run1607_subrun123.csv,69,False,,,3.41,-0.4641
2026-04-09T17:40:52Z,Digitizer_run1607_subrun123.csv,70,False,,,2.08,-0.4459
2026-04-09T17:40:52Z,Digitizer_run1607_subrun123.csv,71,False,,,3.0,-0.4426
2026-04-09T17:40:52Z,Digitizer_run1607_subrun123.csv,72,False,,,2.08,-0.4403
2026-04-09T17:40:52Z,Digitizer_run1607_subrun123.csv,73,False,,,2.08,-0.4649
2026-04-09T17:40:52Z,Digitizer_run1607_subrun123.csv,74,False,,,2.35,-0.46
2026-04-09T17:40:52Z,Digitizer_run1607_subrun123.csv,75,False,,,2.08,-0.4434
2026-04-09T17:40:52Z,Digitizer_run1607_subrun123.csv,76,False,,,2.78,-0.474
2026-04-09T17:40:52Z,Digitizer_run1607_subrun123.csv,77,False,,,3.57,-0.4725
2026-04-09T17:40:52Z,Digitizer_run1607_subrun123.csv,78,False,,,2.08,-0.4296
2026-04-09T17:40:52Z,Digitizer_run1607_subrun123.csv,79,False,,,2.08,-0.4409
2026-04-09T17:40:52Z,Digitizer_run1607_subrun123.csv,80,False,,,2.08,-0.4355
2026-04-09T17:40:52Z,Digitizer_run1607_subrun123.csv,81,False,,,2.86,-0.4379
2026-04-09T17:40:52Z,Digitizer_run1607_subrun123.csv,82,False,,,2.08,-0.455
2026-04-09T17:40:52Z,Digitizer_run1607_subrun123.csv,83,False,,,2.23,-0.4645
2026-04-09T17:40:52Z,Digitizer_run1607_subrun123.csv,84,False,,,2.08,-0.4438
2026-04-09T17:40:52Z,Digitizer_run1607_subrun123.csv,85,False,,,2.08,-0.4305
2026-04-09T17:40:52Z,Digitizer_run1607_subrun123.csv,86,False,,,2.08,-0.4478
2026-04-09T17:40:52Z,Digitizer_run1607_subrun123.csv,87,False,,,2.23,-0.4536
2026-04-09T17:40:52Z,Digitizer_run1607_subrun123.csv,88,False,,,3.0,-0.4658
2026-04-09T17:40:52Z,Digitizer_run1607_subrun123.csv,89,False,,,2.43,-0.4615
2026-04-09T17:40:52Z,Digitizer_run1607_subrun123.csv,90,False,,,2.84,-0.4475
2026-04-09T17:40:52Z,Digitizer_run1607_subrun123.csv,91,False,,,3.97,-0.4531
2026-04-09T17:40:52Z,Digitizer_run1607_subrun123.csv,92,False,,,2.18,-0.4728
2026-04-09T17:40:52Z,Digitizer_run1607_subrun123.csv,93,False,,,3.99,-0.4728
2026-04-09T17:40:52Z,Digitizer_run1607_subrun123.csv,94,False,,,3.16,-0.4708
2026-04-09T17:40:52Z,Digitizer_run1607_subrun123.csv,95,False,,,2.14,-0.5031
2026-04-09T17:40:59Z,Digitizer_run1606_subrun201.csv,0,False,,,2.12,-0.4439
2026-04-09T17:40:59Z,Digitizer_run1606_subrun201.csv,1,False,,,2.12,-0.4384
2026-04-09T17:40:59Z,Digitizer_run1606_subrun201.csv,2,False,,,2.12,-0.4312
2026-04-09T17:40:59Z,Digitizer_run1606_subrun201.csv,3,False,,,2.12,-0.4335
2026-04-09T17:40:59Z,Digitizer_run1606_subrun201.csv,4,False,,,2.12,-0.4437
2026-04-09T17:40:59Z,Digitizer_run1606_subrun201.csv,5,False,,,2.12,-0.4429
2026-04-09T17:40:59Z,Digitizer_run1606_subrun201.csv,6,False,,,2.12,-0.442
2026-04-09T17:40:59Z,Digitizer_run1606_subrun201.csv,7,False,,,2.47,-0.4555
2026-04-09T17:40:59Z,Digitizer_run1606_subrun201.csv,8,False,,,2.12,-0.445
2026-04-09T17:40:59Z,Digitizer_run1606_subrun201.csv,9,False,,,2.12,-0.4345
2026-04-09T17:40:59Z,Digitizer_run1606_subrun201.csv,10,False,,,2.12,-0.4402
2026-04-09T17:40:59Z,Digitizer_run1606_subrun201.csv,11,False,,,2.38,-0.4477
2026-04-09T17:40:59Z,Digitizer_run1606_subrun201.csv,12,False,,,2.41,-0.4525
2026-04-09T17:40:59Z,Digitizer_run1606_subrun201.csv,13,False,,,2.12,-0.4634
2026-04-09T17:40:59Z,Digitizer_run1606_subrun201.csv,14,False,,,2.29,-0.4624
2026-04-09T17:40:59Z,Digitizer_run1606_subrun201.csv,15,False,,,2.12,-0.4494
2026-04-09T17:40:59Z,Digitizer_run1606_subrun201.csv,16,False,,,2.71,-0.4475
2026-04-09T17:40:59Z,Digitizer_run1606_subrun201.csv,17,False,,,2.12,-0.4441
2026-04-09T17:40:59Z,Digitizer_run1606_subrun201.csv,18,False,,,3.19,-0.4471
2026-04-09T17:40:59Z,Digitizer_run1606_subrun201.csv,19,False,,,3.33,-0.464
2026-04-09T17:40:59Z,Digitizer_run1606_subrun201.csv,20,False,,,3.53,-0.4483
2026-04-09T17:40:59Z,Digitizer_run1606_subrun201.csv,21,False,,,2.82,-0.4452
2026-04-09T17:40:59Z,Digitizer_run1606_subrun201.csv,22,False,,,2.12,-0.4397
2026-04-09T17:40:59Z,Digitizer_run1606_subrun201.csv,23,False,,,2.65,-0.4535
2026-04-09T17:40:59Z,Digitizer_run1606_subrun201.csv,24,False,,,2.46,-0.4592
2026-04-09T17:40:59Z,Digitizer_run1606_subrun201.csv,25,False,,,2.12,-0.4516
2026-04-09T17:40:59Z,Digitizer_run1606_subrun201.csv,26,False,,,2.12,-0.4368
2026-04-09T17:40:59Z,Digitizer_run1606_subrun201.csv,27,False,,,2.12,-0.4437
2026-04-09T17:40:59Z,Digitizer_run1606_subrun201.csv,28,False,,,2.12,-0.4378
2026-04-09T17:40:59Z,Digitizer_run1606_subrun201.csv,29,False,,,2.12,-0.4498
2026-04-09T17:40:59Z,Digitizer_run1606_subrun201.csv,30,False,,,2.12,-0.4471
2026-04-09T17:40:59Z,Digitizer_run1606_subrun201.csv,31,False,,,2.12,-0.4402
2026-04-09T17:40:59Z,Digitizer_run1606_subrun201.csv,32,False,,,2.12,-0.4461
2026-04-09T17:40:59Z,Digitizer_run1606_subrun201.csv,33,False,,,2.55,-0.4553
2026-04-09T17:40:59Z,Digitizer_run1606_subrun201.csv,34,False,,,3.06,-0.4703
2026-04-09T17:40:59Z,Digitizer_run1606_subrun201.csv,35,False,,,2.3,-0.4668
2026-04-09T17:40:59Z,Digitizer_run1606_subrun201.csv,36,False,,,2.12,-0.436
2026-04-09T17:40:59Z,Digitizer_run1606_subrun201.csv,37,False,,,2.12,-0.4297
2026-04-09T17:40:59Z,Digitizer_run1606_subrun201.csv,38,False,,,2.12,-0.4346
2026-04-09T17:40:59Z,Digitizer_run1606_subrun201.csv,39,False,,,2.12,-0.4324
2026-04-09T17:40:59Z,Digitizer_run1606_subrun201.csv,40,False,,,2.12,-0.4336
2026-04-09T17:40:59Z,Digitizer_run1606_subrun201.csv,41,False,,,2.12,-0.4354
2026-04-09T17:40:59Z,Digitizer_run1606_subrun201.csv,42,True,statistical,nPulses_std,5.96,-0.467
2026-04-09T17:40:59Z,Digitizer_run1606_subrun201.csv,43,False,,,2.12,-0.4375
2026-04-09T17:40:59Z,Digitizer_run1606_subrun201.csv,44,False,,,2.24,-0.4536
2026-04-09T17:40:59Z,Digitizer_run1606_subrun201.csv,45,False,,,2.12,-0.4343
2026-04-09T17:40:59Z,Digitizer_run1606_subrun201.csv,46,False,,,2.55,-0.4613
2026-04-09T17:40:59Z,Digitizer_run1606_subrun201.csv,47,False,,,2.12,-0.4385
2026-04-09T17:40:59Z,Digitizer_run1606_subrun201.csv,48,False,,,2.85,-0.4485
2026-04-09T17:40:59Z,Digitizer_run1606_subrun201.csv,49,False,,,2.12,-0.4403
2026-04-09T17:40:59Z,Digitizer_run1606_subrun201.csv,50,False,,,2.82,-0.442
2026-04-09T17:40:59Z,Digitizer_run1606_subrun201.csv,51,False,,,2.59,-0.4441
2026-04-09T17:40:59Z,Digitizer_run1606_subrun201.csv,52,False,,,2.12,-0.4367
2026-04-09T17:40:59Z,Digitizer_run1606_subrun201.csv,53,False,,,2.12,-0.435
2026-04-09T17:40:59Z,Digitizer_run1606_subrun201.csv,54,False,,,2.12,-0.4367
2026-04-09T17:40:59Z,Digitizer_run1606_subrun201.csv,55,False,,,2.12,-0.4334
2026-04-09T17:40:59Z,Digitizer_run1606_subrun201.csv,56,False,,,3.83,-0.4587
2026-04-09T17:40:59Z,Digitizer_run1606_subrun201.csv,57,False,,,2.12,-0.4395
2026-04-09T17:40:59Z,Digitizer_run1606_subrun201.csv,58,False,,,2.86,-0.4353
2026-04-09T17:40:59Z,Digitizer_run1606_subrun201.csv,59,False,,,2.16,-0.4411
2026-04-09T17:40:59Z,Digitizer_run1606_subrun201.csv,60,False,,,2.12,-0.436
2026-04-09T17:40:59Z,Digitizer_run1606_subrun201.csv,61,False,,,2.12,-0.4346
2026-04-09T17:40:59Z,Digitizer_run1606_subrun201.csv,62,False,,,2.2,-0.4473
2026-04-09T17:40:59Z,Digitizer_run1606_subrun201.csv,63,False,,,2.25,-0.4371
2026-04-09T17:40:59Z,Digitizer_run1606_subrun201.csv,64,False,,,2.12,-0.4413
2026-04-09T17:40:59Z,Digitizer_run1606_subrun201.csv,65,False,,,2.12,-0.4342
2026-04-09T17:40:59Z,Digitizer_run1606_subrun201.csv,66,False,,,2.12,-0.4444
2026-04-09T17:40:59Z,Digitizer_run1606_subrun201.csv,67,False,,,2.37,-0.4519
2026-04-09T17:40:59Z,Digitizer_run1606_subrun201.csv,68,False,,,2.12,-0.4424
2026-04-09T17:40:59Z,Digitizer_run1606_subrun201.csv,69,False,,,2.12,-0.4353
2026-04-09T17:40:59Z,Digitizer_run1606_subrun201.csv,70,False,,,2.28,-0.4408
2026-04-09T17:40:59Z,Digitizer_run1606_subrun201.csv,71,False,,,2.12,-0.4353
2026-04-09T17:40:59Z,Digitizer_run1606_subrun201.csv,72,False,,,2.12,-0.4498
2026-04-09T17:40:59Z,Digitizer_run1606_subrun201.csv,73,False,,,2.65,-0.4524
2026-04-09T17:40:59Z,Digitizer_run1606_subrun201.csv,74,False,,,2.12,-0.4472
2026-04-09T17:40:59Z,Digitizer_run1606_subrun201.csv,75,False,,,2.12,-0.4416
2026-04-09T17:40:59Z,Digitizer_run1606_subrun201.csv,76,False,,,2.37,-0.448
2026-04-09T17:40:59Z,Digitizer_run1606_subrun201.csv,77,False,,,3.65,-0.4519
2026-04-09T17:40:59Z,Digitizer_run1606_subrun201.csv,78,False,,,2.12,-0.4326
2026-04-09T17:40:59Z,Digitizer_run1606_subrun201.csv,79,False,,,2.12,-0.4457
2026-04-09T17:40:59Z,Digitizer_run1606_subrun201.csv,80,False,,,2.12,-0.4345
2026-04-09T17:40:59Z,Digitizer_run1606_subrun201.csv,81,False,,,2.44,-0.4412
2026-04-09T17:40:59Z,Digitizer_run1606_subrun201.csv,82,False,,,2.12,-0.4336
2026-04-09T17:40:59Z,Digitizer_run1606_subrun201.csv,83,False,,,2.12,-0.4372
2026-04-09T17:40:59Z,Digitizer_run1606_subrun201.csv,84,False,,,2.52,-0.4599
2026-04-09T17:40:59Z,Digitizer_run1606_subrun201.csv,85,False,,,2.95,-0.4486
2026-04-09T17:40:59Z,Digitizer_run1606_subrun201.csv,86,False,,,2.12,-0.4342
2026-04-09T17:40:59Z,Digitizer_run1606_subrun201.csv,87,False,,,2.12,-0.4428
2026-04-09T17:40:59Z,Digitizer_run1606_subrun201.csv,88,False,,,2.44,-0.45
2026-04-09T17:40:59Z,Digitizer_run1606_subrun201.csv,89,False,,,2.76,-0.4649
2026-04-09T17:40:59Z,Digitizer_run1606_subrun201.csv,90,False,,,2.88,-0.4691
2026-04-09T17:40:59Z,Digitizer_run1606_subrun201.csv,91,False,,,2.57,-0.4582
2026-04-09T17:40:59Z,Digitizer_run1606_subrun201.csv,92,False,,,4.06,-0.4803
2026-04-09T17:40:59Z,Digitizer_run1606_subrun201.csv,93,False,,,2.46,-0.483
2026-04-09T17:40:59Z,Digitizer_run1606_subrun201.csv,94,False,,,2.12,-0.4522
2026-04-09T17:40:59Z,Digitizer_run1606_subrun201.csv,95,False,,,2.12,-0.4593
2026-04-09T17:41:04Z,Digitizer_run1609_subrun344.csv,0,False,,,2.4,-0.4722
2026-04-09T17:41:04Z,Digitizer_run1609_subrun344.csv,1,False,,,2.4,-0.4651
2026-04-09T17:41:04Z,Digitizer_run1609_subrun344.csv,2,False,,,2.4,-0.4902
2026-04-09T17:41:04Z,Digitizer_run1609_subrun344.csv,3,False,,,2.4,-0.4925
2026-04-09T17:41:04Z,Digitizer_run1609_subrun344.csv,4,True,isolation_forest,,4.1,-0.5244
2026-04-09T17:41:04Z,Digitizer_run1609_subrun344.csv,5,False,,,2.73,-0.4908
2026-04-09T17:41:04Z,Digitizer_run1609_subrun344.csv,6,False,,,2.4,-0.4814
2026-04-09T17:41:04Z,Digitizer_run1609_subrun344.csv,7,False,,,2.62,-0.4729
2026-04-09T17:41:04Z,Digitizer_run1609_subrun344.csv,8,False,,,2.74,-0.4931
2026-04-09T17:41:04Z,Digitizer_run1609_subrun344.csv,9,False,,,2.4,-0.471
2026-04-09T17:41:04Z,Digitizer_run1609_subrun344.csv,10,False,,,2.4,-0.4716
2026-04-09T17:41:04Z,Digitizer_run1609_subrun344.csv,11,False,,,2.4,-0.4696
2026-04-09T17:41:04Z,Digitizer_run1609_subrun344.csv,12,False,,,2.4,-0.4637
2026-04-09T17:41:04Z,Digitizer_run1609_subrun344.csv,13,False,,,2.4,-0.4778
2026-04-09T17:41:04Z,Digitizer_run1609_subrun344.csv,14,False,,,2.4,-0.4688
2026-04-09T17:41:04Z,Digitizer_run1609_subrun344.csv,15,False,,,2.4,-0.4664
2026-04-09T17:41:04Z,Digitizer_run1609_subrun344.csv,16,False,,,2.47,-0.4796
2026-04-09T17:41:04Z,Digitizer_run1609_subrun344.csv,17,False,,,2.4,-0.4801
2026-04-09T17:41:04Z,Digitizer_run1609_subrun344.csv,18,False,,,2.4,-0.4783
2026-04-09T17:41:04Z,Digitizer_run1609_subrun344.csv,19,False,,,2.4,-0.4913
2026-04-09T17:41:04Z,Digitizer_run1609_subrun344.csv,20,False,,,2.4,-0.4889
2026-04-09T17:41:04Z,Digitizer_run1609_subrun344.csv,21,False,,,2.4,-0.481
2026-04-09T17:41:04Z,Digitizer_run1609_subrun344.csv,22,False,,,2.4,-0.4963
2026-04-09T17:41:04Z,Digitizer_run1609_subrun344.csv,23,False,,,3.14,-0.4929
2026-04-09T17:41:04Z,Digitizer_run1609_subrun344.csv,24,False,,,3.32,-0.4999
2026-04-09T17:41:04Z,Digitizer_run1609_subrun344.csv,25,False,,,2.4,-0.4641
2026-04-09T17:41:04Z,Digitizer_run1609_subrun344.csv,26,False,,,2.4,-0.4732
2026-04-09T17:41:04Z,Digitizer_run1609_subrun344.csv,27,False,,,2.4,-0.4651
2026-04-09T17:41:04Z,Digitizer_run1609_subrun344.csv,28,False,,,2.63,-0.5048
2026-04-09T17:41:04Z,Digitizer_run1609_subrun344.csv,29,False,,,2.4,-0.4778
2026-04-09T17:41:04Z,Digitizer_run1609_subrun344.csv,30,False,,,3.43,-0.4923
2026-04-09T17:41:04Z,Digitizer_run1609_subrun344.csv,31,False,,,2.4,-0.4944
2026-04-09T17:41:04Z,Digitizer_run1609_subrun344.csv,32,False,,,2.4,-0.4738
2026-04-09T17:41:04Z,Digitizer_run1609_subrun344.csv,33,False,,,2.4,-0.463
2026-04-09T17:41:04Z,Digitizer_run1609_subrun344.csv,34,False,,,2.72,-0.4929
2026-04-09T17:41:04Z,Digitizer_run1609_subrun344.csv,35,False,,,2.4,-0.4872
2026-04-09T17:41:04Z,Digitizer_run1609_subrun344.csv,36,True,statistical,pulseArea_min_mean,5.36,-0.5096
2026-04-09T17:41:04Z,Digitizer_run1609_subrun344.csv,37,False,,,3.43,-0.494
2026-04-09T17:41:04Z,Digitizer_run1609_subrun344.csv,38,False,,,2.4,-0.464
2026-04-09T17:41:04Z,Digitizer_run1609_subrun344.csv,39,False,,,2.4,-0.4738
2026-04-09T17:41:04Z,Digitizer_run1609_subrun344.csv,40,False,,,4.13,-0.495
2026-04-09T17:41:04Z,Digitizer_run1609_subrun344.csv,41,False,,,2.4,-0.4681
2026-04-09T17:41:04Z,Digitizer_run1609_subrun344.csv,42,False,,,2.4,-0.4652
2026-04-09T17:41:04Z,Digitizer_run1609_subrun344.csv,43,False,,,2.4,-0.471
2026-04-09T17:41:04Z,Digitizer_run1609_subrun344.csv,44,False,,,2.4,-0.4723
2026-04-09T17:41:04Z,Digitizer_run1609_subrun344.csv,45,False,,,2.4,-0.4744
2026-04-09T17:41:04Z,Digitizer_run1609_subrun344.csv,46,False,,,2.4,-0.477
2026-04-09T17:41:04Z,Digitizer_run1609_subrun344.csv,47,False,,,2.4,-0.4759
2026-04-09T17:41:04Z,Digitizer_run1609_subrun344.csv,48,False,,,2.86,-0.4861
2026-04-09T17:41:04Z,Digitizer_run1609_subrun344.csv,49,False,,,2.4,-0.4819
2026-04-09T17:41:04Z,Digitizer_run1609_subrun344.csv,50,False,,,4.04,-0.4779
2026-04-09T17:41:04Z,Digitizer_run1609_subrun344.csv,51,False,,,2.4,-0.4652
2026-04-09T17:41:04Z,Digitizer_run1609_subrun344.csv,52,False,,,2.4,-0.4873
2026-04-09T17:41:04Z,Digitizer_run1609_subrun344.csv,53,False,,,2.4,-0.482
2026-04-09T17:41:04Z,Digitizer_run1609_subrun344.csv,54,False,,,2.4,-0.4861
2026-04-09T17:41:04Z,Digitizer_run1609_subrun344.csv,55,False,,,2.4,-0.4815
2026-04-09T17:41:04Z,Digitizer_run1609_subrun344.csv,56,False,,,2.4,-0.4867
2026-04-09T17:41:04Z,Digitizer_run1609_subrun344.csv,57,False,,,2.4,-0.4832
2026-04-09T17:41:04Z,Digitizer_run1609_subrun344.csv,58,False,,,2.4,-0.4723
2026-04-09T17:41:04Z,Digitizer_run1609_subrun344.csv,59,False,,,2.4,-0.4698
2026-04-09T17:41:04Z,Digitizer_run1609_subrun344.csv,60,False,,,2.4,-0.4715
2026-04-09T17:41:04Z,Digitizer_run1609_subrun344.csv,61,True,isolation_forest,,4.44,-0.5336
2026-04-09T17:41:04Z,Digitizer_run1609_subrun344.csv,62,False,,,3.47,-0.4877
2026-04-09T17:41:04Z,Digitizer_run1609_subrun344.csv,63,False,,,2.49,-0.4997
2026-04-09T17:41:04Z,Digitizer_run1609_subrun344.csv,64,False,,,2.78,-0.4898
2026-04-09T17:41:04Z,Digitizer_run1609_subrun344.csv,65,False,,,2.4,-0.4734
2026-04-09T17:41:04Z,Digitizer_run1609_subrun344.csv,66,False,,,2.4,-0.4828
2026-04-09T17:41:04Z,Digitizer_run1609_subrun344.csv,67,False,,,2.4,-0.4759
2026-04-09T17:41:04Z,Digitizer_run1609_subrun344.csv,68,False,,,2.4,-0.4836
2026-04-09T17:41:04Z,Digitizer_run1609_subrun344.csv,69,False,,,2.55,-0.4831
2026-04-09T17:41:04Z,Digitizer_run1609_subrun344.csv,70,False,,,2.4,-0.4754
2026-04-09T17:41:04Z,Digitizer_run1609_subrun344.csv,71,False,,,2.4,-0.4823
2026-04-09T17:41:04Z,Digitizer_run1609_subrun344.csv,72,False,,,2.4,-0.4813
2026-04-09T17:41:04Z,Digitizer_run1609_subrun344.csv,73,False,,,2.4,-0.4784
2026-04-09T17:41:04Z,Digitizer_run1609_subrun344.csv,74,False,,,3.27,-0.5085
2026-04-09T17:41:04Z,Digitizer_run1609_subrun344.csv,75,False,,,2.76,-0.4841
2026-04-09T17:41:04Z,Digitizer_run1609_subrun344.csv,76,False,,,2.4,-0.473
2026-04-09T17:41:04Z,Digitizer_run1609_subrun344.csv,77,False,,,2.69,-0.4702
2026-04-09T17:41:04Z,Digitizer_run1609_subrun344.csv,78,False,,,2.4,-0.484
2026-04-09T17:41:04Z,Digitizer_run1609_subrun344.csv,79,False,,,2.4,-0.4746
2026-04-09T17:41:04Z,Digitizer_run1609_subrun344.csv,80,False,,,2.4,-0.4709
2026-04-09T17:41:04Z,Digitizer_run1609_subrun344.csv,81,False,,,2.89,-0.4747
2026-04-09T17:41:04Z,Digitizer_run1609_subrun344.csv,82,False,,,2.74,-0.4915
2026-04-09T17:41:04Z,Digitizer_run1609_subrun344.csv,83,False,,,3.92,-0.5056
2026-04-09T17:41:04Z,Digitizer_run1609_subrun344.csv,84,False,,,3.79,-0.4793
2026-04-09T17:41:04Z,Digitizer_run1609_subrun344.csv,85,False,,,4.01,-0.4796
2026-04-09T17:41:04Z,Digitizer_run1609_subrun344.csv,86,False,,,2.4,-0.4869
2026-04-09T17:41:04Z,Digitizer_run1609_subrun344.csv,87,False,,,2.4,-0.4816
2026-04-09T17:41:04Z,Digitizer_run1609_subrun344.csv,88,False,,,2.4,-0.4798
2026-04-09T17:41:04Z,Digitizer_run1609_subrun344.csv,89,False,,,2.4,-0.4804
2026-04-09T17:41:04Z,Digitizer_run1609_subrun344.csv,90,False,,,2.51,-0.4671
2026-04-09T17:41:04Z,Digitizer_run1609_subrun344.csv,91,False,,,2.43,-0.4974
2026-04-09T17:41:04Z,Digitizer_run1609_subrun344.csv,92,False,,,2.4,-0.4729
2026-04-09T17:41:04Z,Digitizer_run1609_subrun344.csv,93,False,,,2.4,-0.4807
2026-04-09T17:41:04Z,Digitizer_run1609_subrun344.csv,94,False,,,2.4,-0.4678
2026-04-09T17:41:04Z,Digitizer_run1609_subrun344.csv,95,False,,,2.4,-0.4699
2026-04-09T17:41:08Z,Digitizer_run1609_subrun46.csv,0,False,,,2.87,-0.4572
2026-04-09T17:41:08Z,Digitizer_run1609_subrun46.csv,1,False,,,2.87,-0.4777
2026-04-09T17:41:08Z,Digitizer_run1609_subrun46.csv,2,False,,,2.87,-0.4939
2026-04-09T17:41:08Z,Digitizer_run1609_subrun46.csv,3,False,,,2.87,-0.4706
2026-04-09T17:41:08Z,Digitizer_run1609_subrun46.csv,4,False,,,2.87,-0.4576
2026-04-09T17:41:08Z,Digitizer_run1609_subrun46.csv,5,False,,,2.87,-0.4579
2026-04-09T17:41:08Z,Digitizer_run1609_subrun46.csv,6,False,,,2.87,-0.4823
2026-04-09T17:41:08Z,Digitizer_run1609_subrun46.csv,7,False,,,2.87,-0.4819
2026-04-09T17:41:08Z,Digitizer_run1609_subrun46.csv,8,False,,,2.87,-0.4783
2026-04-09T17:41:08Z,Digitizer_run1609_subrun46.csv,9,False,,,2.87,-0.4727
2026-04-09T17:41:08Z,Digitizer_run1609_subrun46.csv,10,False,,,2.87,-0.4803
2026-04-09T17:41:08Z,Digitizer_run1609_subrun46.csv,11,True,isolation_forest,,4.68,-0.5372
2026-04-09T17:41:08Z,Digitizer_run1609_subrun46.csv,12,False,,,3.21,-0.4683
2026-04-09T17:41:08Z,Digitizer_run1609_subrun46.csv,13,False,,,3.0,-0.4832
2026-04-09T17:41:08Z,Digitizer_run1609_subrun46.csv,14,False,,,2.87,-0.4688
2026-04-09T17:41:08Z,Digitizer_run1609_subrun46.csv,15,False,,,2.87,-0.4813
2026-04-09T17:41:08Z,Digitizer_run1609_subrun46.csv,16,False,,,2.87,-0.4637
2026-04-09T17:41:08Z,Digitizer_run1609_subrun46.csv,17,False,,,3.28,-0.4732
2026-04-09T17:41:08Z,Digitizer_run1609_subrun46.csv,18,False,,,2.87,-0.4736
2026-04-09T17:41:08Z,Digitizer_run1609_subrun46.csv,19,False,,,2.87,-0.4771
2026-04-09T17:41:08Z,Digitizer_run1609_subrun46.csv,20,False,,,2.87,-0.4817
2026-04-09T17:41:08Z,Digitizer_run1609_subrun46.csv,21,False,,,2.87,-0.4781
2026-04-09T17:41:08Z,Digitizer_run1609_subrun46.csv,22,True,isolation_forest,,4.19,-0.5177
2026-04-09T17:41:08Z,Digitizer_run1609_subrun46.csv,23,True,isolation_forest,,3.39,-0.5246
2026-04-09T17:41:08Z,Digitizer_run1609_subrun46.csv,24,False,,,2.87,-0.4759
2026-04-09T17:41:08Z,Digitizer_run1609_subrun46.csv,25,False,,,2.87,-0.4605
2026-04-09T17:41:08Z,Digitizer_run1609_subrun46.csv,26,False,,,2.87,-0.4624
2026-04-09T17:41:08Z,Digitizer_run1609_subrun46.csv,27,False,,,2.87,-0.4616
2026-04-09T17:41:08Z,Digitizer_run1609_subrun46.csv,28,False,,,2.87,-0.4732
2026-04-09T17:41:08Z,Digitizer_run1609_subrun46.csv,29,False,,,2.87,-0.4702
2026-04-09T17:41:08Z,Digitizer_run1609_subrun46.csv,30,False,,,2.87,-0.4921
2026-04-09T17:41:08Z,Digitizer_run1609_subrun46.csv,31,False,,,3.3,-0.4701
2026-04-09T17:41:08Z,Digitizer_run1609_subrun46.csv,32,False,,,2.9,-0.4587
2026-04-09T17:41:08Z,Digitizer_run1609_subrun46.csv,33,False,,,3.53,-0.4623
2026-04-09T17:41:08Z,Digitizer_run1609_subrun46.csv,34,False,,,2.87,-0.4656
2026-04-09T17:41:08Z,Digitizer_run1609_subrun46.csv,35,False,,,2.87,-0.4587
2026-04-09T17:41:08Z,Digitizer_run1609_subrun46.csv,36,False,,,2.87,-0.4561
2026-04-09T17:41:08Z,Digitizer_run1609_subrun46.csv,37,False,,,2.87,-0.4533
2026-04-09T17:41:08Z,Digitizer_run1609_subrun46.csv,38,False,,,2.87,-0.4729
2026-04-09T17:41:08Z,Digitizer_run1609_subrun46.csv,39,False,,,2.87,-0.4876
2026-04-09T17:41:08Z,Digitizer_run1609_subrun46.csv,40,False,,,2.87,-0.4716
2026-04-09T17:41:08Z,Digitizer_run1609_subrun46.csv,41,False,,,2.87,-0.4635
2026-04-09T17:41:08Z,Digitizer_run1609_subrun46.csv,42,False,,,2.87,-0.4948
2026-04-09T17:41:08Z,Digitizer_run1609_subrun46.csv,43,False,,,2.87,-0.4907
2026-04-09T17:41:08Z,Digitizer_run1609_subrun46.csv,44,True,statistical,pulseArea_max_median,5.13,-0.5069
2026-04-09T17:41:08Z,Digitizer_run1609_subrun46.csv,45,False,,,4.23,-0.5059
2026-04-09T17:41:08Z,Digitizer_run1609_subrun46.csv,46,False,,,2.87,-0.4915
2026-04-09T17:41:08Z,Digitizer_run1609_subrun46.csv,47,False,,,2.87,-0.4676
2026-04-09T17:41:08Z,Digitizer_run1609_subrun46.csv,48,False,,,2.87,-0.4536
2026-04-09T17:41:08Z,Digitizer_run1609_subrun46.csv,49,False,,,2.87,-0.4617
2026-04-09T17:41:08Z,Digitizer_run1609_subrun46.csv,50,False,,,2.87,-0.4701
2026-04-09T17:41:08Z,Digitizer_run1609_subrun46.csv,51,False,,,2.87,-0.4824
2026-04-09T17:41:08Z,Digitizer_run1609_subrun46.csv,52,False,,,2.87,-0.4893
2026-04-09T17:41:08Z,Digitizer_run1609_subrun46.csv,53,False,,,2.87,-0.4875
2026-04-09T17:41:08Z,Digitizer_run1609_subrun46.csv,54,False,,,2.99,-0.4715
2026-04-09T17:41:08Z,Digitizer_run1609_subrun46.csv,55,False,,,2.87,-0.4776
2026-04-09T17:41:08Z,Digitizer_run1609_subrun46.csv,56,False,,,2.87,-0.4827
2026-04-09T17:41:08Z,Digitizer_run1609_subrun46.csv,57,False,,,2.87,-0.4894
2026-04-09T17:41:08Z,Digitizer_run1609_subrun46.csv,58,False,,,2.87,-0.4798
2026-04-09T17:41:08Z,Digitizer_run1609_subrun46.csv,59,False,,,2.87,-0.4713
2026-04-09T17:41:08Z,Digitizer_run1609_subrun46.csv,60,True,statistical+IF,pulseArea_min_mean,5.56,-0.5396
2026-04-09T17:41:08Z,Digitizer_run1609_subrun46.csv,61,True,isolation_forest,,4.37,-0.5495
2026-04-09T17:41:08Z,Digitizer_run1609_subrun46.csv,62,False,,,4.21,-0.4936
2026-04-09T17:41:08Z,Digitizer_run1609_subrun46.csv,63,False,,,3.45,-0.5067
2026-04-09T17:41:08Z,Digitizer_run1609_subrun46.csv,64,False,,,2.87,-0.4718
2026-04-09T17:41:08Z,Digitizer_run1609_subrun46.csv,65,False,,,2.87,-0.4607
2026-04-09T17:41:08Z,Digitizer_run1609_subrun46.csv,66,False,,,2.87,-0.464
2026-04-09T17:41:08Z,Digitizer_run1609_subrun46.csv,67,False,,,2.87,-0.4524
2026-04-09T17:41:08Z,Digitizer_run1609_subrun46.csv,68,True,isolation_forest,,3.21,-0.5193
2026-04-09T17:41:08Z,Digitizer_run1609_subrun46.csv,69,False,,,2.87,-0.4895
2026-04-09T17:41:08Z,Digitizer_run1609_subrun46.csv,70,False,,,3.17,-0.4868
2026-04-09T17:41:08Z,Digitizer_run1609_subrun46.csv,71,False,,,3.27,-0.4711
2026-04-09T17:41:08Z,Digitizer_run1609_subrun46.csv,72,False,,,2.87,-0.4649
2026-04-09T17:41:08Z,Digitizer_run1609_subrun46.csv,73,False,,,2.87,-0.4601
2026-04-09T17:41:08Z,Digitizer_run1609_subrun46.csv,74,False,,,2.87,-0.4675
2026-04-09T17:41:08Z,Digitizer_run1609_subrun46.csv,75,False,,,3.05,-0.4826
2026-04-09T17:41:08Z,Digitizer_run1609_subrun46.csv,76,True,statistical+IF,pulseHeight_max_median,9.7,-0.5271
2026-04-09T17:41:08Z,Digitizer_run1609_subrun46.csv,77,False,,,2.87,-0.4658
2026-04-09T17:41:08Z,Digitizer_run1609_subrun46.csv,78,False,,,2.87,-0.4687
2026-04-09T17:41:08Z,Digitizer_run1609_subrun46.csv,79,False,,,2.87,-0.4597
2026-04-09T17:41:08Z,Digitizer_run1609_subrun46.csv,80,False,,,2.94,-0.495
2026-04-09T17:41:08Z,Digitizer_run1609_subrun46.csv,81,False,,,2.87,-0.4869
2026-04-09T17:41:08Z,Digitizer_run1609_subrun46.csv,82,False,,,2.97,-0.4886
2026-04-09T17:41:08Z,Digitizer_run1609_subrun46.csv,83,False,,,2.87,-0.4853
2026-04-09T17:41:08Z,Digitizer_run1609_subrun46.csv,84,False,,,2.87,-0.4672
2026-04-09T17:41:08Z,Digitizer_run1609_subrun46.csv,85,False,,,2.87,-0.4641
2026-04-09T17:41:08Z,Digitizer_run1609_subrun46.csv,86,False,,,2.87,-0.453
2026-04-09T17:41:08Z,Digitizer_run1609_subrun46.csv,87,False,,,2.87,-0.4596
2026-04-09T17:41:08Z,Digitizer_run1609_subrun46.csv,88,True,isolation_forest,,3.96,-0.5234
2026-04-09T17:41:08Z,Digitizer_run1609_subrun46.csv,89,False,,,2.87,-0.4978
2026-04-09T17:41:08Z,Digitizer_run1609_subrun46.csv,90,False,,,3.46,-0.4939
2026-04-09T17:41:08Z,Digitizer_run1609_subrun46.csv,91,False,,,2.87,-0.4851
2026-04-09T17:41:08Z,Digitizer_run1609_subrun46.csv,92,False,,,2.87,-0.4704
2026-04-09T17:41:08Z,Digitizer_run1609_subrun46.csv,93,False,,,2.87,-0.4768
2026-04-09T17:41:08Z,Digitizer_run1609_subrun46.csv,94,False,,,2.87,-0.4881
2026-04-09T17:41:08Z,Digitizer_run1609_subrun46.csv,95,False,,,2.87,-0.4857
2026-04-09T17:41:14Z,Digitizer_run1608_subrun35.csv,0,False,,,2.08,-0.4408
2026-04-09T17:41:14Z,Digitizer_run1608_subrun35.csv,1,False,,,2.12,-0.4459
2026-04-09T17:41:14Z,Digitizer_run1608_subrun35.csv,2,False,,,2.11,-0.443
2026-04-09T17:41:14Z,Digitizer_run1608_subrun35.csv,3,False,,,2.08,-0.4424
2026-04-09T17:41:14Z,Digitizer_run1608_subrun35.csv,4,False,,,2.08,-0.4309
2026-04-09T17:41:14Z,Digitizer_run1608_subrun35.csv,5,False,,,3.18,-0.4447
2026-04-09T17:41:14Z,Digitizer_run1608_subrun35.csv,6,False,,,2.63,-0.4527
2026-04-09T17:41:14Z,Digitizer_run1608_subrun35.csv,7,False,,,2.08,-0.4309
2026-04-09T17:41:14Z,Digitizer_run1608_subrun35.csv,8,False,,,2.72,-0.4679
2026-04-09T17:41:14Z,Digitizer_run1608_subrun35.csv,9,False,,,2.08,-0.4436
2026-04-09T17:41:14Z,Digitizer_run1608_subrun35.csv,10,False,,,3.25,-0.471
2026-04-09T17:41:14Z,Digitizer_run1608_subrun35.csv,11,False,,,4.08,-0.483
2026-04-09T17:41:14Z,Digitizer_run1608_subrun35.csv,12,False,,,2.18,-0.4645
2026-04-09T17:41:14Z,Digitizer_run1608_subrun35.csv,13,False,,,2.11,-0.4536
2026-04-09T17:41:14Z,Digitizer_run1608_subrun35.csv,14,False,,,4.52,-0.4765
2026-04-09T17:41:14Z,Digitizer_run1608_subrun35.csv,15,True,statistical,sideband_mean_mean,5.79,-0.4647
2026-04-09T17:41:14Z,Digitizer_run1608_subrun35.csv,16,False,,,2.71,-0.4402
2026-04-09T17:41:14Z,Digitizer_run1608_subrun35.csv,17,False,,,3.3,-0.4701
2026-04-09T17:41:14Z,Digitizer_run1608_subrun35.csv,18,False,,,3.74,-0.4773
2026-04-09T17:41:14Z,Digitizer_run1608_subrun35.csv,19,False,,,2.7,-0.4717
2026-04-09T17:41:14Z,Digitizer_run1608_subrun35.csv,20,False,,,2.36,-0.4573
2026-04-09T17:41:14Z,Digitizer_run1608_subrun35.csv,21,False,,,2.08,-0.4602
2026-04-09T17:41:14Z,Digitizer_run1608_subrun35.csv,22,False,,,4.7,-0.485
2026-04-09T17:41:14Z,Digitizer_run1608_subrun35.csv,23,False,,,3.94,-0.4698
2026-04-09T17:41:14Z,Digitizer_run1608_subrun35.csv,24,False,,,2.26,-0.4498
2026-04-09T17:41:14Z,Digitizer_run1608_subrun35.csv,25,False,,,2.08,-0.4354
2026-04-09T17:41:14Z,Digitizer_run1608_subrun35.csv,26,False,,,2.08,-0.4364
2026-04-09T17:41:14Z,Digitizer_run1608_subrun35.csv,27,False,,,2.39,-0.4436
2026-04-09T17:41:14Z,Digitizer_run1608_subrun35.csv,28,False,,,2.08,-0.4399
2026-04-09T17:41:14Z,Digitizer_run1608_subrun35.csv,29,False,,,2.08,-0.433
2026-04-09T17:41:14Z,Digitizer_run1608_subrun35.csv,30,False,,,2.08,-0.4399
2026-04-09T17:41:14Z,Digitizer_run1608_subrun35.csv,31,False,,,2.08,-0.4289
2026-04-09T17:41:14Z,Digitizer_run1608_subrun35.csv,32,False,,,2.31,-0.4504
2026-04-09T17:41:14Z,Digitizer_run1608_subrun35.csv,33,False,,,2.42,-0.463
2026-04-09T17:41:14Z,Digitizer_run1608_subrun35.csv,34,False,,,2.08,-0.4584
2026-04-09T17:41:14Z,Digitizer_run1608_subrun35.csv,35,False,,,3.19,-0.4662
2026-04-09T17:41:14Z,Digitizer_run1608_subrun35.csv,36,False,,,2.08,-0.4439
2026-04-09T17:41:14Z,Digitizer_run1608_subrun35.csv,37,False,,,2.08,-0.4537
2026-04-09T17:41:14Z,Digitizer_run1608_subrun35.csv,38,False,,,2.69,-0.4769
2026-04-09T17:41:14Z,Digitizer_run1608_subrun35.csv,39,False,,,2.09,-0.4466
2026-04-09T17:41:14Z,Digitizer_run1608_subrun35.csv,40,False,,,2.08,-0.435
2026-04-09T17:41:14Z,Digitizer_run1608_subrun35.csv,41,False,,,3.02,-0.4573
2026-04-09T17:41:14Z,Digitizer_run1608_subrun35.csv,42,False,,,3.51,-0.4623
2026-04-09T17:41:14Z,Digitizer_run1608_subrun35.csv,43,False,,,4.2,-0.4641
2026-04-09T17:41:14Z,Digitizer_run1608_subrun35.csv,44,False,,,2.08,-0.4321
2026-04-09T17:41:14Z,Digitizer_run1608_subrun35.csv,45,False,,,2.08,-0.439
2026-04-09T17:41:14Z,Digitizer_run1608_subrun35.csv,46,False,,,2.08,-0.4568
2026-04-09T17:41:14Z,Digitizer_run1608_subrun35.csv,47,False,,,3.25,-0.4562
2026-04-09T17:41:14Z,Digitizer_run1608_subrun35.csv,48,False,,,2.08,-0.4317
2026-04-09T17:41:14Z,Digitizer_run1608_subrun35.csv,49,False,,,2.08,-0.4406
2026-04-09T17:41:14Z,Digitizer_run1608_subrun35.csv,50,False,,,2.08,-0.4456
2026-04-09T17:41:14Z,Digitizer_run1608_subrun35.csv,51,False,,,2.08,-0.4501
2026-04-09T17:41:14Z,Digitizer_run1608_subrun35.csv,52,False,,,2.08,-0.4322
2026-04-09T17:41:14Z,Digitizer_run1608_subrun35.csv,53,False,,,2.08,-0.4427
2026-04-09T17:41:14Z,Digitizer_run1608_subrun35.csv,54,False,,,2.55,-0.448
2026-04-09T17:41:14Z,Digitizer_run1608_subrun35.csv,55,False,,,2.08,-0.4468
2026-04-09T17:41:14Z,Digitizer_run1608_subrun35.csv,56,False,,,3.38,-0.4829
2026-04-09T17:41:14Z,Digitizer_run1608_subrun35.csv,57,False,,,2.08,-0.4369
2026-04-09T17:41:14Z,Digitizer_run1608_subrun35.csv,58,False,,,2.08,-0.436
2026-04-09T17:41:14Z,Digitizer_run1608_subrun35.csv,59,False,,,2.08,-0.4416
2026-04-09T17:41:14Z,Digitizer_run1608_subrun35.csv,60,False,,,2.08,-0.4408
2026-04-09T17:41:14Z,Digitizer_run1608_subrun35.csv,61,False,,,2.27,-0.4632
2026-04-09T17:41:14Z,Digitizer_run1608_subrun35.csv,62,False,,,2.08,-0.4409
2026-04-09T17:41:14Z,Digitizer_run1608_subrun35.csv,63,False,,,2.08,-0.4389
2026-04-09T17:41:14Z,Digitizer_run1608_subrun35.csv,64,False,,,2.08,-0.4345
2026-04-09T17:41:14Z,Digitizer_run1608_subrun35.csv,65,False,,,2.08,-0.431
2026-04-09T17:41:14Z,Digitizer_run1608_subrun35.csv,66,False,,,2.08,-0.436
2026-04-09T17:41:14Z,Digitizer_run1608_subrun35.csv,67,False,,,2.22,-0.4442
2026-04-09T17:41:14Z,Digitizer_run1608_subrun35.csv,68,False,,,2.08,-0.4453
2026-04-09T17:41:14Z,Digitizer_run1608_subrun35.csv,69,False,,,2.65,-0.4645
2026-04-09T17:41:14Z,Digitizer_run1608_subrun35.csv,70,False,,,3.03,-0.444
2026-04-09T17:41:14Z,Digitizer_run1608_subrun35.csv,71,False,,,2.39,-0.4529
2026-04-09T17:41:14Z,Digitizer_run1608_subrun35.csv,72,False,,,2.08,-0.448
2026-04-09T17:41:14Z,Digitizer_run1608_subrun35.csv,73,False,,,2.08,-0.4292
2026-04-09T17:41:14Z,Digitizer_run1608_subrun35.csv,74,False,,,3.15,-0.4596
2026-04-09T17:41:14Z,Digitizer_run1608_subrun35.csv,75,False,,,3.11,-0.4736
2026-04-09T17:41:14Z,Digitizer_run1608_subrun35.csv,76,False,,,2.08,-0.4436
2026-04-09T17:41:14Z,Digitizer_run1608_subrun35.csv,77,False,,,2.08,-0.4372
2026-04-09T17:41:14Z,Digitizer_run1608_subrun35.csv,78,False,,,2.08,-0.4345
2026-04-09T17:41:14Z,Digitizer_run1608_subrun35.csv,79,False,,,2.08,-0.4304
2026-04-09T17:41:14Z,Digitizer_run1608_subrun35.csv,80,False,,,2.08,-0.4405
2026-04-09T17:41:14Z,Digitizer_run1608_subrun35.csv,81,False,,,2.08,-0.4365
2026-04-09T17:41:14Z,Digitizer_run1608_subrun35.csv,82,False,,,2.24,-0.4543
2026-04-09T17:41:14Z,Digitizer_run1608_subrun35.csv,83,False,,,2.71,-0.4509
2026-04-09T17:41:14Z,Digitizer_run1608_subrun35.csv,84,False,,,3.79,-0.4829
2026-04-09T17:41:14Z,Digitizer_run1608_subrun35.csv,85,False,,,2.08,-0.4383
2026-04-09T17:41:14Z,Digitizer_run1608_subrun35.csv,86,False,,,2.08,-0.44
2026-04-09T17:41:14Z,Digitizer_run1608_subrun35.csv,87,False,,,2.27,-0.4426
2026-04-09T17:41:14Z,Digitizer_run1608_subrun35.csv,88,False,,,3.05,-0.4998
2026-04-09T17:41:14Z,Digitizer_run1608_subrun35.csv,89,False,,,2.44,-0.4839
2026-04-09T17:41:14Z,Digitizer_run1608_subrun35.csv,90,False,,,2.19,-0.4816
2026-04-09T17:41:14Z,Digitizer_run1608_subrun35.csv,91,False,,,2.5,-0.4631
2026-04-09T17:41:14Z,Digitizer_run1608_subrun35.csv,92,False,,,3.03,-0.4829
2026-04-09T17:41:14Z,Digitizer_run1608_subrun35.csv,93,False,,,2.28,-0.4489
2026-04-09T17:41:14Z,Digitizer_run1608_subrun35.csv,94,False,,,2.08,-0.4557
2026-04-09T17:41:14Z,Digitizer_run1608_subrun35.csv,95,False,,,2.08,-0.4601
2026-04-09T17:41:19Z,Digitizer_run1607_subrun120.csv,0,False,,,2.12,-0.4558
2026-04-09T17:41:19Z,Digitizer_run1607_subrun120.csv,1,False,,,2.12,-0.4482
2026-04-09T17:41:19Z,Digitizer_run1607_subrun120.csv,2,False,,,2.12,-0.455
2026-04-09T17:41:19Z,Digitizer_run1607_subrun120.csv,3,False,,,2.12,-0.4549
2026-04-09T17:41:19Z,Digitizer_run1607_subrun120.csv,4,False,,,2.12,-0.4497
2026-04-09T17:41:19Z,Digitizer_run1607_subrun120.csv,5,False,,,2.12,-0.4489
2026-04-09T17:41:19Z,Digitizer_run1607_subrun120.csv,6,False,,,2.12,-0.4553
2026-04-09T17:41:19Z,Digitizer_run1607_subrun120.csv,7,False,,,2.12,-0.4476
2026-04-09T17:41:19Z,Digitizer_run1607_subrun120.csv,8,False,,,2.27,-0.4769
2026-04-09T17:41:19Z,Digitizer_run1607_subrun120.csv,9,False,,,2.59,-0.4567
2026-04-09T17:41:19Z,Digitizer_run1607_subrun120.csv,10,False,,,2.12,-0.4688
2026-04-09T17:41:19Z,Digitizer_run1607_subrun120.csv,11,False,,,2.12,-0.4818
2026-04-09T17:41:19Z,Digitizer_run1607_subrun120.csv,12,False,,,2.12,-0.4691
2026-04-09T17:41:19Z,Digitizer_run1607_subrun120.csv,13,False,,,2.12,-0.4621
2026-04-09T17:41:19Z,Digitizer_run1607_subrun120.csv,14,False,,,2.12,-0.4598
2026-04-09T17:41:19Z,Digitizer_run1607_subrun120.csv,15,False,,,2.12,-0.4565
2026-04-09T17:41:19Z,Digitizer_run1607_subrun120.csv,16,False,,,2.12,-0.4432
2026-04-09T17:41:19Z,Digitizer_run1607_subrun120.csv,17,False,,,2.12,-0.4454
2026-04-09T17:41:19Z,Digitizer_run1607_subrun120.csv,18,False,,,2.12,-0.4536
2026-04-09T17:41:19Z,Digitizer_run1607_subrun120.csv,19,False,,,2.12,-0.4516
2026-04-09T17:41:19Z,Digitizer_run1607_subrun120.csv,20,False,,,2.12,-0.4499
2026-04-09T17:41:19Z,Digitizer_run1607_subrun120.csv,21,False,,,2.12,-0.454
2026-04-09T17:41:19Z,Digitizer_run1607_subrun120.csv,22,False,,,3.19,-0.4811
2026-04-09T17:41:19Z,Digitizer_run1607_subrun120.csv,23,False,,,2.12,-0.4669
2026-04-09T17:41:19Z,Digitizer_run1607_subrun120.csv,24,False,,,2.12,-0.4762
2026-04-09T17:41:19Z,Digitizer_run1607_subrun120.csv,25,False,,,2.85,-0.4973
2026-04-09T17:41:19Z,Digitizer_run1607_subrun120.csv,26,False,,,2.18,-0.4592
2026-04-09T17:41:19Z,Digitizer_run1607_subrun120.csv,27,False,,,3.26,-0.4736
2026-04-09T17:41:19Z,Digitizer_run1607_subrun120.csv,28,False,,,2.12,-0.4677
2026-04-09T17:41:19Z,Digitizer_run1607_subrun120.csv,29,False,,,2.99,-0.4811
2026-04-09T17:41:19Z,Digitizer_run1607_subrun120.csv,30,False,,,2.26,-0.4594
2026-04-09T17:41:19Z,Digitizer_run1607_subrun120.csv,31,False,,,2.12,-0.4461
2026-04-09T17:41:19Z,Digitizer_run1607_subrun120.csv,32,False,,,2.12,-0.4654
2026-04-09T17:41:19Z,Digitizer_run1607_subrun120.csv,33,False,,,2.12,-0.4584
2026-04-09T17:41:19Z,Digitizer_run1607_subrun120.csv,34,False,,,2.12,-0.449
2026-04-09T17:41:19Z,Digitizer_run1607_subrun120.csv,35,False,,,2.12,-0.4604
2026-04-09T17:41:19Z,Digitizer_run1607_subrun120.csv,36,False,,,2.12,-0.4544
2026-04-09T17:41:19Z,Digitizer_run1607_subrun120.csv,37,False,,,2.17,-0.4742
2026-04-09T17:41:19Z,Digitizer_run1607_subrun120.csv,38,False,,,2.12,-0.4557
2026-04-09T17:41:19Z,Digitizer_run1607_subrun120.csv,39,False,,,2.12,-0.4519
2026-04-09T17:41:19Z,Digitizer_run1607_subrun120.csv,40,False,,,2.53,-0.4754
2026-04-09T17:41:19Z,Digitizer_run1607_subrun120.csv,41,False,,,2.12,-0.4561
2026-04-09T17:41:19Z,Digitizer_run1607_subrun120.csv,42,False,,,2.12,-0.4604
2026-04-09T17:41:19Z,Digitizer_run1607_subrun120.csv,43,False,,,2.43,-0.4707
2026-04-09T17:41:19Z,Digitizer_run1607_subrun120.csv,44,False,,,3.03,-0.4912
2026-04-09T17:41:19Z,Digitizer_run1607_subrun120.csv,45,False,,,2.12,-0.4619
2026-04-09T17:41:19Z,Digitizer_run1607_subrun120.csv,46,False,,,2.12,-0.4526
2026-04-09T17:41:19Z,Digitizer_run1607_subrun120.csv,47,False,,,2.12,-0.4632
2026-04-09T17:41:19Z,Digitizer_run1607_subrun120.csv,48,False,,,2.71,-0.4593
2026-04-09T17:41:19Z,Digitizer_run1607_subrun120.csv,49,False,,,2.26,-0.4519
2026-04-09T17:41:19Z,Digitizer_run1607_subrun120.csv,50,False,,,2.54,-0.4592
2026-04-09T17:41:19Z,Digitizer_run1607_subrun120.csv,51,False,,,2.5,-0.4574
2026-04-09T17:41:19Z,Digitizer_run1607_subrun120.csv,52,False,,,2.86,-0.4703
2026-04-09T17:41:19Z,Digitizer_run1607_subrun120.csv,53,False,,,4.91,-0.4621
2026-04-09T17:41:19Z,Digitizer_run1607_subrun120.csv,54,False,,,2.12,-0.4523
2026-04-09T17:41:19Z,Digitizer_run1607_subrun120.csv,55,False,,,2.12,-0.4438
2026-04-09T17:41:19Z,Digitizer_run1607_subrun120.csv,56,False,,,2.12,-0.4612
2026-04-09T17:41:19Z,Digitizer_run1607_subrun120.csv,57,False,,,2.13,-0.4673
2026-04-09T17:41:19Z,Digitizer_run1607_subrun120.csv,58,False,,,2.12,-0.4654
2026-04-09T17:41:19Z,Digitizer_run1607_subrun120.csv,59,False,,,2.37,-0.4766
2026-04-09T17:41:19Z,Digitizer_run1607_subrun120.csv,60,False,,,2.12,-0.4607
2026-04-09T17:41:19Z,Digitizer_run1607_subrun120.csv,61,False,,,2.12,-0.4634
2026-04-09T17:41:19Z,Digitizer_run1607_subrun120.csv,62,False,,,2.12,-0.4625
2026-04-09T17:41:19Z,Digitizer_run1607_subrun120.csv,63,False,,,2.12,-0.461
2026-04-09T17:41:19Z,Digitizer_run1607_subrun120.csv,64,False,,,2.46,-0.4754
2026-04-09T17:41:19Z,Digitizer_run1607_subrun120.csv,65,False,,,2.33,-0.465
2026-04-09T17:41:19Z,Digitizer_run1607_subrun120.csv,66,False,,,2.39,-0.4592
2026-04-09T17:41:19Z,Digitizer_run1607_subrun120.csv,67,False,,,2.12,-0.4594
2026-04-09T17:41:19Z,Digitizer_run1607_subrun120.csv,68,False,,,3.14,-0.4873
2026-04-09T17:41:19Z,Digitizer_run1607_subrun120.csv,69,False,,,3.18,-0.4715
2026-04-09T17:41:19Z,Digitizer_run1607_subrun120.csv,70,False,,,2.12,-0.4568
2026-04-09T17:41:19Z,Digitizer_run1607_subrun120.csv,71,False,,,2.12,-0.4603
2026-04-09T17:41:19Z,Digitizer_run1607_subrun120.csv,72,False,,,2.34,-0.4683
2026-04-09T17:41:19Z,Digitizer_run1607_subrun120.csv,73,False,,,2.8,-0.4602
2026-04-09T17:41:19Z,Digitizer_run1607_subrun120.csv,74,False,,,2.12,-0.459
2026-04-09T17:41:19Z,Digitizer_run1607_subrun120.csv,75,False,,,2.61,-0.4636
2026-04-09T17:41:19Z,Digitizer_run1607_subrun120.csv,76,False,,,2.35,-0.4566
2026-04-09T17:41:19Z,Digitizer_run1607_subrun120.csv,77,False,,,2.12,-0.4411
2026-04-09T17:41:19Z,Digitizer_run1607_subrun120.csv,78,False,,,2.42,-0.4619
2026-04-09T17:41:19Z,Digitizer_run1607_subrun120.csv,79,False,,,2.12,-0.453
2026-04-09T17:41:19Z,Digitizer_run1607_subrun120.csv,80,False,,,2.12,-0.4538
2026-04-09T17:41:19Z,Digitizer_run1607_subrun120.csv,81,False,,,2.75,-0.4565
2026-04-09T17:41:19Z,Digitizer_run1607_subrun120.csv,82,False,,,2.12,-0.4717
2026-04-09T17:41:19Z,Digitizer_run1607_subrun120.csv,83,False,,,2.19,-0.4541
2026-04-09T17:41:19Z,Digitizer_run1607_subrun120.csv,84,False,,,2.12,-0.4534
2026-04-09T17:41:19Z,Digitizer_run1607_subrun120.csv,85,False,,,2.12,-0.4443
2026-04-09T17:41:19Z,Digitizer_run1607_subrun120.csv,86,False,,,2.12,-0.4469
2026-04-09T17:41:19Z,Digitizer_run1607_subrun120.csv,87,False,,,2.12,-0.4476
2026-04-09T17:41:19Z,Digitizer_run1607_subrun120.csv,88,True,isolation_forest,,4.23,-0.5323
2026-04-09T17:41:19Z,Digitizer_run1607_subrun120.csv,89,False,,,2.55,-0.5005
2026-04-09T17:41:19Z,Digitizer_run1607_subrun120.csv,90,False,,,2.12,-0.4577
2026-04-09T17:41:19Z,Digitizer_run1607_subrun120.csv,91,False,,,3.2,-0.5051
2026-04-09T17:41:19Z,Digitizer_run1607_subrun120.csv,92,False,,,3.16,-0.4893
2026-04-09T17:41:19Z,Digitizer_run1607_subrun120.csv,93,False,,,2.12,-0.4751
2026-04-09T17:41:19Z,Digitizer_run1607_subrun120.csv,94,False,,,2.12,-0.4582
2026-04-09T17:41:19Z,Digitizer_run1607_subrun120.csv,95,False,,,4.95,-0.4907
2026-04-09T17:41:24Z,Digitizer_run1611_subrun337.csv,0,False,,,2.0,-0.4285
2026-04-09T17:41:24Z,Digitizer_run1611_subrun337.csv,1,False,,,1.89,-0.4277
2026-04-09T17:41:24Z,Digitizer_run1611_subrun337.csv,2,False,,,2.67,-0.4406
2026-04-09T17:41:24Z,Digitizer_run1611_subrun337.csv,3,False,,,2.63,-0.461
2026-04-09T17:41:24Z,Digitizer_run1611_subrun337.csv,4,False,,,1.98,-0.4284
2026-04-09T17:41:24Z,Digitizer_run1611_subrun337.csv,5,False,,,2.73,-0.4407
2026-04-09T17:41:24Z,Digitizer_run1611_subrun337.csv,6,False,,,2.08,-0.4249
2026-04-09T17:41:24Z,Digitizer_run1611_subrun337.csv,7,False,,,1.95,-0.4241
2026-04-09T17:41:24Z,Digitizer_run1611_subrun337.csv,8,False,,,3.8,-0.4635
2026-04-09T17:41:24Z,Digitizer_run1611_subrun337.csv,9,False,,,1.9,-0.4269
2026-04-09T17:41:24Z,Digitizer_run1611_subrun337.csv,10,False,,,2.28,-0.4355
2026-04-09T17:41:24Z,Digitizer_run1611_subrun337.csv,11,False,,,1.89,-0.4278
2026-04-09T17:41:24Z,Digitizer_run1611_subrun337.csv,12,False,,,1.89,-0.4187
2026-04-09T17:41:24Z,Digitizer_run1611_subrun337.csv,13,False,,,2.01,-0.4291
2026-04-09T17:41:24Z,Digitizer_run1611_subrun337.csv,14,False,,,1.89,-0.4253
2026-04-09T17:41:24Z,Digitizer_run1611_subrun337.csv,15,False,,,2.44,-0.4199
2026-04-09T17:41:24Z,Digitizer_run1611_subrun337.csv,16,False,,,1.89,-0.4221
2026-04-09T17:41:24Z,Digitizer_run1611_subrun337.csv,17,False,,,2.2,-0.4322
2026-04-09T17:41:24Z,Digitizer_run1611_subrun337.csv,18,False,,,2.21,-0.426
2026-04-09T17:41:24Z,Digitizer_run1611_subrun337.csv,19,False,,,2.11,-0.421
2026-04-09T17:41:24Z,Digitizer_run1611_subrun337.csv,20,False,,,1.89,-0.4332
2026-04-09T17:41:24Z,Digitizer_run1611_subrun337.csv,21,False,,,1.96,-0.4362
2026-04-09T17:41:24Z,Digitizer_run1611_subrun337.csv,22,False,,,1.89,-0.4186
2026-04-09T17:41:24Z,Digitizer_run1611_subrun337.csv,23,False,,,2.38,-0.4207
2026-04-09T17:41:24Z,Digitizer_run1611_subrun337.csv,24,False,,,1.89,-0.4291
2026-04-09T17:41:24Z,Digitizer_run1611_subrun337.csv,25,False,,,1.89,-0.4193
2026-04-09T17:41:24Z,Digitizer_run1611_subrun337.csv,26,False,,,2.54,-0.4387
2026-04-09T17:41:24Z,Digitizer_run1611_subrun337.csv,27,False,,,1.89,-0.434
2026-04-09T17:41:24Z,Digitizer_run1611_subrun337.csv,28,False,,,1.95,-0.4393
2026-04-09T17:41:24Z,Digitizer_run1611_subrun337.csv,29,False,,,2.51,-0.4338
2026-04-09T17:41:24Z,Digitizer_run1611_subrun337.csv,30,False,,,2.86,-0.4412
2026-04-09T17:41:24Z,Digitizer_run1611_subrun337.csv,31,False,,,3.66,-0.4458
2026-04-09T17:41:24Z,Digitizer_run1611_subrun337.csv,32,False,,,2.21,-0.4377
2026-04-09T17:41:24Z,Digitizer_run1611_subrun337.csv,33,False,,,2.88,-0.4397
2026-04-09T17:41:24Z,Digitizer_run1611_subrun337.csv,34,False,,,1.89,-0.4375
2026-04-09T17:41:24Z,Digitizer_run1611_subrun337.csv,35,False,,,1.89,-0.4266
2026-04-09T17:41:24Z,Digitizer_run1611_subrun337.csv,36,False,,,1.89,-0.4206
2026-04-09T17:41:24Z,Digitizer_run1611_subrun337.csv,37,False,,,1.89,-0.424
2026-04-09T17:41:24Z,Digitizer_run1611_subrun337.csv,38,False,,,1.89,-0.4168
2026-04-09T17:41:24Z,Digitizer_run1611_subrun337.csv,39,False,,,2.59,-0.4224
2026-04-09T17:41:24Z,Digitizer_run1611_subrun337.csv,40,False,,,1.89,-0.4268
2026-04-09T17:41:24Z,Digitizer_run1611_subrun337.csv,41,False,,,1.97,-0.4283
2026-04-09T17:41:24Z,Digitizer_run1611_subrun337.csv,42,False,,,2.43,-0.4439
2026-04-09T17:41:24Z,Digitizer_run1611_subrun337.csv,43,False,,,3.05,-0.4592
2026-04-09T17:41:24Z,Digitizer_run1611_subrun337.csv,44,False,,,2.75,-0.4579
2026-04-09T17:41:24Z,Digitizer_run1611_subrun337.csv,45,False,,,1.89,-0.4303
2026-04-09T17:41:24Z,Digitizer_run1611_subrun337.csv,46,False,,,2.05,-0.4255
2026-04-09T17:41:24Z,Digitizer_run1611_subrun337.csv,47,False,,,1.92,-0.434
2026-04-09T17:41:24Z,Digitizer_run1611_subrun337.csv,48,False,,,1.89,-0.4203
2026-04-09T17:41:24Z,Digitizer_run1611_subrun337.csv,49,False,,,1.89,-0.4142
2026-04-09T17:41:24Z,Digitizer_run1611_subrun337.csv,50,False,,,4.93,-0.4584
2026-04-09T17:41:24Z,Digitizer_run1611_subrun337.csv,51,False,,,1.89,-0.4321
2026-04-09T17:41:24Z,Digitizer_run1611_subrun337.csv,52,False,,,1.89,-0.4263
2026-04-09T17:41:24Z,Digitizer_run1611_subrun337.csv,53,False,,,3.22,-0.4508
2026-04-09T17:41:24Z,Digitizer_run1611_subrun337.csv,54,False,,,1.89,-0.4315
2026-04-09T17:41:24Z,Digitizer_run1611_subrun337.csv,55,False,,,1.94,-0.4311
2026-04-09T17:41:24Z,Digitizer_run1611_subrun337.csv,56,False,,,2.13,-0.4262
2026-04-09T17:41:24Z,Digitizer_run1611_subrun337.csv,57,False,,,2.16,-0.4137
2026-04-09T17:41:24Z,Digitizer_run1611_subrun337.csv,58,False,,,2.03,-0.4202
2026-04-09T17:41:24Z,Digitizer_run1611_subrun337.csv,59,False,,,1.89,-0.4156
2026-04-09T17:41:24Z,Digitizer_run1611_subrun337.csv,60,False,,,1.89,-0.4186
2026-04-09T17:41:24Z,Digitizer_run1611_subrun337.csv,61,False,,,1.89,-0.4175
2026-04-09T17:41:24Z,Digitizer_run1611_subrun337.csv,62,False,,,2.36,-0.4561
2026-04-09T17:41:24Z,Digitizer_run1611_subrun337.csv,63,False,,,2.71,-0.4565
2026-04-09T17:41:24Z,Digitizer_run1611_subrun337.csv,64,False,,,2.96,-0.4289
2026-04-09T17:41:24Z,Digitizer_run1611_subrun337.csv,65,False,,,1.89,-0.4195
2026-04-09T17:41:24Z,Digitizer_run1611_subrun337.csv,66,False,,,1.89,-0.4336
2026-04-09T17:41:24Z,Digitizer_run1611_subrun337.csv,67,False,,,1.89,-0.4245
2026-04-09T17:41:24Z,Digitizer_run1611_subrun337.csv,68,False,,,1.89,-0.4304
2026-04-09T17:41:24Z,Digitizer_run1611_subrun337.csv,69,False,,,1.89,-0.4263
2026-04-09T17:41:24Z,Digitizer_run1611_subrun337.csv,70,False,,,2.19,-0.4275
2026-04-09T17:41:24Z,Digitizer_run1611_subrun337.csv,71,False,,,2.57,-0.4387
2026-04-09T17:41:24Z,Digitizer_run1611_subrun337.csv,72,False,,,1.89,-0.4386
2026-04-09T17:41:24Z,Digitizer_run1611_subrun337.csv,73,False,,,2.48,-0.4431
2026-04-09T17:41:24Z,Digitizer_run1611_subrun337.csv,74,False,,,2.22,-0.4383
2026-04-09T17:41:24Z,Digitizer_run1611_subrun337.csv,75,False,,,3.12,-0.4477
2026-04-09T17:41:24Z,Digitizer_run1611_subrun337.csv,76,False,,,1.89,-0.4167
2026-04-09T17:41:24Z,Digitizer_run1611_subrun337.csv,77,False,,,1.89,-0.4275
2026-04-09T17:41:24Z,Digitizer_run1611_subrun337.csv,78,False,,,2.02,-0.4324
2026-04-09T17:41:24Z,Digitizer_run1611_subrun337.csv,79,False,,,1.89,-0.4163
2026-04-09T17:41:24Z,Digitizer_run1611_subrun337.csv,80,False,,,2.9,-0.4421
2026-04-09T17:41:24Z,Digitizer_run1611_subrun337.csv,81,False,,,1.89,-0.4303
2026-04-09T17:41:24Z,Digitizer_run1611_subrun337.csv,82,False,,,2.97,-0.4595
2026-04-09T17:41:24Z,Digitizer_run1611_subrun337.csv,83,False,,,2.42,-0.4498
2026-04-09T17:41:24Z,Digitizer_run1611_subrun337.csv,84,False,,,2.12,-0.4471
2026-04-09T17:41:24Z,Digitizer_run1611_subrun337.csv,85,False,,,2.1,-0.4268
2026-04-09T17:41:24Z,Digitizer_run1611_subrun337.csv,86,False,,,1.89,-0.4149
2026-04-09T17:41:24Z,Digitizer_run1611_subrun337.csv,87,False,,,1.89,-0.4298
2026-04-09T17:41:24Z,Digitizer_run1611_subrun337.csv,88,False,,,2.56,-0.4635
2026-04-09T17:41:24Z,Digitizer_run1611_subrun337.csv,89,False,,,1.89,-0.4503
2026-04-09T17:41:24Z,Digitizer_run1611_subrun337.csv,90,False,,,2.4,-0.4289
2026-04-09T17:41:24Z,Digitizer_run1611_subrun337.csv,91,False,,,2.19,-0.434
2026-04-09T17:41:24Z,Digitizer_run1611_subrun337.csv,92,False,,,1.89,-0.4269
2026-04-09T17:41:24Z,Digitizer_run1611_subrun337.csv,93,False,,,2.21,-0.4326
2026-04-09T17:41:24Z,Digitizer_run1611_subrun337.csv,94,False,,,1.89,-0.4179
2026-04-09T17:41:24Z,Digitizer_run1611_subrun337.csv,95,False,,,1.89,-0.4186
2026-04-09T17:41:30Z,Digitizer_run1608_subrun39.csv,0,False,,,1.96,-0.4382
2026-04-09T17:41:30Z,Digitizer_run1608_subrun39.csv,1,False,,,1.96,-0.4446
2026-04-09T17:41:30Z,Digitizer_run1608_subrun39.csv,2,False,,,1.96,-0.4308
2026-04-09T17:41:30Z,Digitizer_run1608_subrun39.csv,3,False,,,4.9,-0.4534
2026-04-09T17:41:30Z,Digitizer_run1608_subrun39.csv,4,False,,,1.96,-0.4399
2026-04-09T17:41:30Z,Digitizer_run1608_subrun39.csv,5,False,,,2.01,-0.4418
2026-04-09T17:41:30Z,Digitizer_run1608_subrun39.csv,6,False,,,2.8,-0.4533
2026-04-09T17:41:30Z,Digitizer_run1608_subrun39.csv,7,False,,,2.27,-0.4403
2026-04-09T17:41:30Z,Digitizer_run1608_subrun39.csv,8,False,,,2.39,-0.4586
2026-04-09T17:41:30Z,Digitizer_run1608_subrun39.csv,9,False,,,2.84,-0.4418
2026-04-09T17:41:30Z,Digitizer_run1608_subrun39.csv,10,False,,,2.17,-0.4291
2026-04-09T17:41:30Z,Digitizer_run1608_subrun39.csv,11,False,,,2.73,-0.4515
2026-04-09T17:41:30Z,Digitizer_run1608_subrun39.csv,12,False,,,1.96,-0.4357
2026-04-09T17:41:30Z,Digitizer_run1608_subrun39.csv,13,False,,,2.03,-0.4464
2026-04-09T17:41:30Z,Digitizer_run1608_subrun39.csv,14,False,,,1.96,-0.4446
2026-04-09T17:41:30Z,Digitizer_run1608_subrun39.csv,15,False,,,1.96,-0.4353
2026-04-09T17:41:30Z,Digitizer_run1608_subrun39.csv,16,False,,,1.96,-0.436
2026-04-09T17:41:30Z,Digitizer_run1608_subrun39.csv,17,False,,,1.96,-0.4315
2026-04-09T17:41:30Z,Digitizer_run1608_subrun39.csv,18,False,,,1.96,-0.4229
2026-04-09T17:41:30Z,Digitizer_run1608_subrun39.csv,19,False,,,1.96,-0.4262
2026-04-09T17:41:30Z,Digitizer_run1608_subrun39.csv,20,False,,,1.96,-0.4247
2026-04-09T17:41:30Z,Digitizer_run1608_subrun39.csv,21,False,,,3.25,-0.446
2026-04-09T17:41:30Z,Digitizer_run1608_subrun39.csv,22,False,,,3.0,-0.4591
2026-04-09T17:41:30Z,Digitizer_run1608_subrun39.csv,23,False,,,2.86,-0.4404
2026-04-09T17:41:30Z,Digitizer_run1608_subrun39.csv,24,False,,,2.4,-0.4401
2026-04-09T17:41:30Z,Digitizer_run1608_subrun39.csv,25,False,,,1.96,-0.4259
2026-04-09T17:41:30Z,Digitizer_run1608_subrun39.csv,26,False,,,4.69,-0.4667
2026-04-09T17:41:30Z,Digitizer_run1608_subrun39.csv,27,False,,,4.08,-0.4532
2026-04-09T17:41:30Z,Digitizer_run1608_subrun39.csv,28,False,,,2.06,-0.4398
2026-04-09T17:41:30Z,Digitizer_run1608_subrun39.csv,29,False,,,1.96,-0.4327
2026-04-09T17:41:30Z,Digitizer_run1608_subrun39.csv,30,False,,,2.62,-0.4492
2026-04-09T17:41:30Z,Digitizer_run1608_subrun39.csv,31,False,,,2.42,-0.4382
2026-04-09T17:41:30Z,Digitizer_run1608_subrun39.csv,32,False,,,3.07,-0.4685
2026-04-09T17:41:30Z,Digitizer_run1608_subrun39.csv,33,False,,,2.17,-0.4579
2026-04-09T17:41:30Z,Digitizer_run1608_subrun39.csv,34,False,,,2.38,-0.4409
2026-04-09T17:41:30Z,Digitizer_run1608_subrun39.csv,35,False,,,1.96,-0.4209
2026-04-09T17:41:30Z,Digitizer_run1608_subrun39.csv,36,False,,,2.41,-0.4379
2026-04-09T17:41:30Z,Digitizer_run1608_subrun39.csv,37,False,,,4.54,-0.466
2026-04-09T17:41:30Z,Digitizer_run1608_subrun39.csv,38,False,,,2.2,-0.4426
2026-04-09T17:41:30Z,Digitizer_run1608_subrun39.csv,39,False,,,1.96,-0.4209
2026-04-09T17:41:30Z,Digitizer_run1608_subrun39.csv,40,False,,,1.96,-0.4214
2026-04-09T17:41:30Z,Digitizer_run1608_subrun39.csv,41,False,,,1.96,-0.4207
2026-04-09T17:41:30Z,Digitizer_run1608_subrun39.csv,42,False,,,2.1,-0.4271
2026-04-09T17:41:30Z,Digitizer_run1608_subrun39.csv,43,False,,,2.25,-0.4406
2026-04-09T17:41:30Z,Digitizer_run1608_subrun39.csv,44,True,statistical,nPulses_median,5.7,-0.4609
2026-04-09T17:41:30Z,Digitizer_run1608_subrun39.csv,45,False,,,1.96,-0.4327
2026-04-09T17:41:30Z,Digitizer_run1608_subrun39.csv,46,False,,,2.45,-0.4357
2026-04-09T17:41:30Z,Digitizer_run1608_subrun39.csv,47,False,,,1.96,-0.4231
2026-04-09T17:41:30Z,Digitizer_run1608_subrun39.csv,48,False,,,2.61,-0.4375
2026-04-09T17:41:30Z,Digitizer_run1608_subrun39.csv,49,False,,,1.96,-0.4295
2026-04-09T17:41:30Z,Digitizer_run1608_subrun39.csv,50,False,,,1.96,-0.4279
2026-04-09T17:41:30Z,Digitizer_run1608_subrun39.csv,51,False,,,2.46,-0.4294
2026-04-09T17:41:30Z,Digitizer_run1608_subrun39.csv,52,False,,,1.96,-0.4229
2026-04-09T17:41:30Z,Digitizer_run1608_subrun39.csv,53,False,,,2.3,-0.438
2026-04-09T17:41:30Z,Digitizer_run1608_subrun39.csv,54,False,,,1.96,-0.4324
2026-04-09T17:41:30Z,Digitizer_run1608_subrun39.csv,55,False,,,1.96,-0.4358
2026-04-09T17:41:30Z,Digitizer_run1608_subrun39.csv,56,False,,,2.23,-0.4425
2026-04-09T17:41:30Z,Digitizer_run1608_subrun39.csv,57,False,,,2.31,-0.4376
2026-04-09T17:41:30Z,Digitizer_run1608_subrun39.csv,58,False,,,2.09,-0.4431
2026-04-09T17:41:30Z,Digitizer_run1608_subrun39.csv,59,False,,,1.96,-0.4383
2026-04-09T17:41:30Z,Digitizer_run1608_subrun39.csv,60,False,,,2.7,-0.4677
2026-04-09T17:41:30Z,Digitizer_run1608_subrun39.csv,61,False,,,3.96,-0.4941
2026-04-09T17:41:30Z,Digitizer_run1608_subrun39.csv,62,False,,,2.07,-0.4241
2026-04-09T17:41:30Z,Digitizer_run1608_subrun39.csv,63,False,,,3.2,-0.4538
2026-04-09T17:41:30Z,Digitizer_run1608_subrun39.csv,64,False,,,1.96,-0.4196
2026-04-09T17:41:30Z,Digitizer_run1608_subrun39.csv,65,False,,,1.96,-0.4274
2026-04-09T17:41:30Z,Digitizer_run1608_subrun39.csv,66,False,,,1.96,-0.4277
2026-04-09T17:41:30Z,Digitizer_run1608_subrun39.csv,67,False,,,1.96,-0.4272
2026-04-09T17:41:30Z,Digitizer_run1608_subrun39.csv,68,False,,,1.96,-0.4293
2026-04-09T17:41:30Z,Digitizer_run1608_subrun39.csv,69,False,,,2.13,-0.445
2026-04-09T17:41:30Z,Digitizer_run1608_subrun39.csv,70,False,,,2.56,-0.4511
2026-04-09T17:41:30Z,Digitizer_run1608_subrun39.csv,71,False,,,1.96,-0.4344
2026-04-09T17:41:30Z,Digitizer_run1608_subrun39.csv,72,False,,,2.47,-0.4419
2026-04-09T17:41:30Z,Digitizer_run1608_subrun39.csv,73,False,,,2.31,-0.4434
2026-04-09T17:41:30Z,Digitizer_run1608_subrun39.csv,74,True,statistical,nPulses_median,7.0,-0.4717
2026-04-09T17:41:30Z,Digitizer_run1608_subrun39.csv,75,False,,,1.96,-0.4278
2026-04-09T17:41:30Z,Digitizer_run1608_subrun39.csv,76,False,,,2.82,-0.4521
2026-04-09T17:41:30Z,Digitizer_run1608_subrun39.csv,77,False,,,2.23,-0.4551
2026-04-09T17:41:30Z,Digitizer_run1608_subrun39.csv,78,False,,,3.77,-0.4449
2026-04-09T17:41:30Z,Digitizer_run1608_subrun39.csv,79,False,,,3.09,-0.4753
2026-04-09T17:41:30Z,Digitizer_run1608_subrun39.csv,80,False,,,2.86,-0.4656
2026-04-09T17:41:30Z,Digitizer_run1608_subrun39.csv,81,False,,,2.89,-0.4667
2026-04-09T17:41:30Z,Digitizer_run1608_subrun39.csv,82,False,,,2.1,-0.4391
2026-04-09T17:41:30Z,Digitizer_run1608_subrun39.csv,83,False,,,1.96,-0.4286
2026-04-09T17:41:30Z,Digitizer_run1608_subrun39.csv,84,False,,,3.62,-0.4949
2026-04-09T17:41:30Z,Digitizer_run1608_subrun39.csv,85,False,,,2.91,-0.4432
2026-04-09T17:41:30Z,Digitizer_run1608_subrun39.csv,86,False,,,2.11,-0.4299
2026-04-09T17:41:30Z,Digitizer_run1608_subrun39.csv,87,False,,,2.24,-0.4343
2026-04-09T17:41:30Z,Digitizer_run1608_subrun39.csv,88,False,,,3.68,-0.4606
2026-04-09T17:41:30Z,Digitizer_run1608_subrun39.csv,89,False,,,2.8,-0.4699
2026-04-09T17:41:30Z,Digitizer_run1608_subrun39.csv,90,False,,,2.49,-0.479
2026-04-09T17:41:30Z,Digitizer_run1608_subrun39.csv,91,False,,,2.69,-0.4586
2026-04-09T17:41:30Z,Digitizer_run1608_subrun39.csv,92,False,,,1.96,-0.4404
2026-04-09T17:41:30Z,Digitizer_run1608_subrun39.csv,93,False,,,1.96,-0.4449
2026-04-09T17:41:30Z,Digitizer_run1608_subrun39.csv,94,False,,,2.19,-0.4642
2026-04-09T17:41:30Z,Digitizer_run1608_subrun39.csv,95,False,,,2.75,-0.4649
2026-04-09T17:41:37Z,Digitizer_run1610_subrun120.csv,0,False,,,2.63,-0.4489
2026-04-09T17:41:37Z,Digitizer_run1610_subrun120.csv,1,False,,,1.89,-0.4394
2026-04-09T17:41:37Z,Digitizer_run1610_subrun120.csv,2,False,,,1.89,-0.4394
2026-04-09T17:41:37Z,Digitizer_run1610_subrun120.csv,3,False,,,1.89,-0.4467
2026-04-09T17:41:37Z,Digitizer_run1610_subrun120.csv,4,False,,,2.36,-0.4436
2026-04-09T17:41:37Z,Digitizer_run1610_subrun120.csv,5,False,,,2.38,-0.4518
2026-04-09T17:41:37Z,Digitizer_run1610_subrun120.csv,6,False,,,2.03,-0.4531
2026-04-09T17:41:37Z,Digitizer_run1610_subrun120.csv,7,False,,,1.89,-0.4415
2026-04-09T17:41:37Z,Digitizer_run1610_subrun120.csv,8,False,,,2.72,-0.4564
2026-04-09T17:41:37Z,Digitizer_run1610_subrun120.csv,9,False,,,3.0,-0.4457
2026-04-09T17:41:37Z,Digitizer_run1610_subrun120.csv,10,False,,,1.89,-0.4421
2026-04-09T17:41:37Z,Digitizer_run1610_subrun120.csv,11,False,,,2.07,-0.4541
2026-04-09T17:41:37Z,Digitizer_run1610_subrun120.csv,12,False,,,1.89,-0.4445
2026-04-09T17:41:37Z,Digitizer_run1610_subrun120.csv,13,False,,,4.61,-0.5031
2026-04-09T17:41:37Z,Digitizer_run1610_subrun120.csv,14,False,,,3.64,-0.4809
2026-04-09T17:41:37Z,Digitizer_run1610_subrun120.csv,15,False,,,3.12,-0.4628
2026-04-09T17:41:37Z,Digitizer_run1610_subrun120.csv,16,False,,,2.01,-0.4586
2026-04-09T17:41:37Z,Digitizer_run1610_subrun120.csv,17,False,,,2.8,-0.451
2026-04-09T17:41:37Z,Digitizer_run1610_subrun120.csv,18,False,,,1.89,-0.4489
2026-04-09T17:41:37Z,Digitizer_run1610_subrun120.csv,19,False,,,1.89,-0.44
2026-04-09T17:41:37Z,Digitizer_run1610_subrun120.csv,20,False,,,1.89,-0.4469
2026-04-09T17:41:37Z,Digitizer_run1610_subrun120.csv,21,False,,,1.89,-0.4481
2026-04-09T17:41:37Z,Digitizer_run1610_subrun120.csv,22,False,,,3.12,-0.4537
2026-04-09T17:41:37Z,Digitizer_run1610_subrun120.csv,23,False,,,2.3,-0.4716
2026-04-09T17:41:37Z,Digitizer_run1610_subrun120.csv,24,False,,,1.92,-0.4514
2026-04-09T17:41:37Z,Digitizer_run1610_subrun120.csv,25,False,,,1.89,-0.4365
2026-04-09T17:41:37Z,Digitizer_run1610_subrun120.csv,26,False,,,1.89,-0.4546
2026-04-09T17:41:37Z,Digitizer_run1610_subrun120.csv,27,False,,,2.49,-0.4617
2026-04-09T17:41:37Z,Digitizer_run1610_subrun120.csv,28,False,,,1.98,-0.4497
2026-04-09T17:41:37Z,Digitizer_run1610_subrun120.csv,29,False,,,2.11,-0.4616
2026-04-09T17:41:37Z,Digitizer_run1610_subrun120.csv,30,False,,,4.66,-0.4553
2026-04-09T17:41:37Z,Digitizer_run1610_subrun120.csv,31,False,,,1.89,-0.4374
2026-04-09T17:41:37Z,Digitizer_run1610_subrun120.csv,32,False,,,3.81,-0.4508
2026-04-09T17:41:37Z,Digitizer_run1610_subrun120.csv,33,False,,,3.21,-0.469
2026-04-09T17:41:37Z,Digitizer_run1610_subrun120.csv,34,False,,,2.25,-0.45
2026-04-09T17:41:37Z,Digitizer_run1610_subrun120.csv,35,False,,,1.93,-0.4544
2026-04-09T17:41:37Z,Digitizer_run1610_subrun120.csv,36,True,statistical,pulseArea_min_mean,5.3,-0.4743
2026-04-09T17:41:37Z,Digitizer_run1610_subrun120.csv,37,False,,,4.47,-0.4587
2026-04-09T17:41:37Z,Digitizer_run1610_subrun120.csv,38,False,,,2.82,-0.454
2026-04-09T17:41:37Z,Digitizer_run1610_subrun120.csv,39,False,,,1.94,-0.4446
2026-04-09T17:41:37Z,Digitizer_run1610_subrun120.csv,40,False,,,1.89,-0.4357
2026-04-09T17:41:37Z,Digitizer_run1610_subrun120.csv,41,False,,,2.04,-0.4478
2026-04-09T17:41:37Z,Digitizer_run1610_subrun120.csv,42,False,,,3.17,-0.4662
2026-04-09T17:41:37Z,Digitizer_run1610_subrun120.csv,43,False,,,3.23,-0.4469
2026-04-09T17:41:37Z,Digitizer_run1610_subrun120.csv,44,False,,,3.69,-0.4773
2026-04-09T17:41:37Z,Digitizer_run1610_subrun120.csv,45,False,,,2.01,-0.4532
2026-04-09T17:41:37Z,Digitizer_run1610_subrun120.csv,46,False,,,2.65,-0.4531
2026-04-09T17:41:37Z,Digitizer_run1610_subrun120.csv,47,False,,,3.16,-0.4684
2026-04-09T17:41:37Z,Digitizer_run1610_subrun120.csv,48,False,,,1.89,-0.4456
2026-04-09T17:41:37Z,Digitizer_run1610_subrun120.csv,49,False,,,2.12,-0.4669
2026-04-09T17:41:37Z,Digitizer_run1610_subrun120.csv,50,False,,,2.83,-0.4695
2026-04-09T17:41:37Z,Digitizer_run1610_subrun120.csv,51,False,,,3.09,-0.4659
2026-04-09T17:41:37Z,Digitizer_run1610_subrun120.csv,52,False,,,1.89,-0.4452
2026-04-09T17:41:37Z,Digitizer_run1610_subrun120.csv,53,False,,,1.89,-0.4354
2026-04-09T17:41:37Z,Digitizer_run1610_subrun120.csv,54,False,,,1.89,-0.454
2026-04-09T17:41:37Z,Digitizer_run1610_subrun120.csv,55,False,,,1.89,-0.4411
2026-04-09T17:41:37Z,Digitizer_run1610_subrun120.csv,56,False,,,1.97,-0.4595
2026-04-09T17:41:37Z,Digitizer_run1610_subrun120.csv,57,False,,,2.57,-0.4433
2026-04-09T17:41:37Z,Digitizer_run1610_subrun120.csv,58,False,,,3.57,-0.464
2026-04-09T17:41:37Z,Digitizer_run1610_subrun120.csv,59,False,,,3.57,-0.4594
2026-04-09T17:41:37Z,Digitizer_run1610_subrun120.csv,60,False,,,1.89,-0.4624
2026-04-09T17:41:37Z,Digitizer_run1610_subrun120.csv,61,False,,,3.29,-0.4778
2026-04-09T17:41:37Z,Digitizer_run1610_subrun120.csv,62,False,,,3.94,-0.453
2026-04-09T17:41:37Z,Digitizer_run1610_subrun120.csv,63,False,,,4.19,-0.4562
2026-04-09T17:41:37Z,Digitizer_run1610_subrun120.csv,64,False,,,2.52,-0.4903
2026-04-09T17:41:37Z,Digitizer_run1610_subrun120.csv,65,False,,,1.89,-0.4532
2026-04-09T17:41:37Z,Digitizer_run1610_subrun120.csv,66,False,,,2.4,-0.463
2026-04-09T17:41:37Z,Digitizer_run1610_subrun120.csv,67,False,,,3.14,-0.4697
2026-04-09T17:41:37Z,Digitizer_run1610_subrun120.csv,68,False,,,2.29,-0.4715
2026-04-09T17:41:37Z,Digitizer_run1610_subrun120.csv,69,False,,,2.3,-0.4481
2026-04-09T17:41:37Z,Digitizer_run1610_subrun120.csv,70,False,,,2.98,-0.4486
2026-04-09T17:41:37Z,Digitizer_run1610_subrun120.csv,71,False,,,2.57,-0.4427
2026-04-09T17:41:37Z,Digitizer_run1610_subrun120.csv,72,False,,,1.89,-0.4516
2026-04-09T17:41:37Z,Digitizer_run1610_subrun120.csv,73,False,,,1.89,-0.4502
2026-04-09T17:41:37Z,Digitizer_run1610_subrun120.csv,74,False,,,1.89,-0.4404
2026-04-09T17:41:37Z,Digitizer_run1610_subrun120.csv,75,False,,,1.89,-0.4382
2026-04-09T17:41:37Z,Digitizer_run1610_subrun120.csv,76,False,,,2.67,-0.4478
2026-04-09T17:41:37Z,Digitizer_run1610_subrun120.csv,77,False,,,1.89,-0.4443
2026-04-09T17:41:37Z,Digitizer_run1610_subrun120.csv,78,False,,,1.89,-0.4412
2026-04-09T17:41:37Z,Digitizer_run1610_subrun120.csv,79,False,,,1.89,-0.4388
2026-04-09T17:41:37Z,Digitizer_run1610_subrun120.csv,80,False,,,1.89,-0.4362
2026-04-09T17:41:37Z,Digitizer_run1610_subrun120.csv,81,False,,,1.97,-0.4441
2026-04-09T17:41:37Z,Digitizer_run1610_subrun120.csv,82,False,,,2.75,-0.47
2026-04-09T17:41:37Z,Digitizer_run1610_subrun120.csv,83,False,,,2.05,-0.462
2026-04-09T17:41:37Z,Digitizer_run1610_subrun120.csv,84,False,,,1.89,-0.4401
2026-04-09T17:41:37Z,Digitizer_run1610_subrun120.csv,85,False,,,2.05,-0.4384
2026-04-09T17:41:37Z,Digitizer_run1610_subrun120.csv,86,False,,,3.28,-0.4642
2026-04-09T17:41:37Z,Digitizer_run1610_subrun120.csv,87,False,,,1.89,-0.447
2026-04-09T17:41:37Z,Digitizer_run1610_subrun120.csv,88,False,,,1.92,-0.4581
2026-04-09T17:41:37Z,Digitizer_run1610_subrun120.csv,89,False,,,2.16,-0.4776
2026-04-09T17:41:37Z,Digitizer_run1610_subrun120.csv,90,False,,,1.89,-0.4427
2026-04-09T17:41:37Z,Digitizer_run1610_subrun120.csv,91,False,,,1.89,-0.4534
2026-04-09T17:41:37Z,Digitizer_run1610_subrun120.csv,92,False,,,1.89,-0.4639
2026-04-09T17:41:37Z,Digitizer_run1610_subrun120.csv,93,False,,,2.41,-0.4573
2026-04-09T17:41:37Z,Digitizer_run1610_subrun120.csv,94,False,,,1.89,-0.4419
2026-04-09T17:41:37Z,Digitizer_run1610_subrun120.csv,95,False,,,1.89,-0.4454
2026-04-09T17:41:44Z,Digitizer_run1609_subrun380.csv,0,False,,,2.73,-0.4564
2026-04-09T17:41:44Z,Digitizer_run1609_subrun380.csv,1,False,,,2.73,-0.4566
2026-04-09T17:41:44Z,Digitizer_run1609_subrun380.csv,2,False,,,3.32,-0.4974
2026-04-09T17:41:44Z,Digitizer_run1609_subrun380.csv,3,False,,,3.21,-0.4927
2026-04-09T17:41:44Z,Digitizer_run1609_subrun380.csv,4,False,,,2.73,-0.4645
2026-04-09T17:41:44Z,Digitizer_run1609_subrun380.csv,5,False,,,2.73,-0.4682
2026-04-09T17:41:44Z,Digitizer_run1609_subrun380.csv,6,False,,,2.73,-0.477
2026-04-09T17:41:44Z,Digitizer_run1609_subrun380.csv,7,False,,,2.73,-0.4647
2026-04-09T17:41:44Z,Digitizer_run1609_subrun380.csv,8,False,,,2.73,-0.4685
2026-04-09T17:41:44Z,Digitizer_run1609_subrun380.csv,9,False,,,3.3,-0.4645
2026-04-09T17:41:44Z,Digitizer_run1609_subrun380.csv,10,True,statistical,nPulses_median,7.0,-0.4792
2026-04-09T17:41:44Z,Digitizer_run1609_subrun380.csv,11,True,statistical,pulseHeight_min_median,5.78,-0.4867
2026-04-09T17:41:44Z,Digitizer_run1609_subrun380.csv,12,False,,,2.73,-0.4473
2026-04-09T17:41:44Z,Digitizer_run1609_subrun380.csv,13,False,,,2.73,-0.47
2026-04-09T17:41:44Z,Digitizer_run1609_subrun380.csv,14,False,,,2.73,-0.4555
2026-04-09T17:41:44Z,Digitizer_run1609_subrun380.csv,15,False,,,2.73,-0.458
2026-04-09T17:41:44Z,Digitizer_run1609_subrun380.csv,16,False,,,2.73,-0.4615
2026-04-09T17:41:44Z,Digitizer_run1609_subrun380.csv,17,False,,,2.73,-0.4523
2026-04-09T17:41:44Z,Digitizer_run1609_subrun380.csv,18,False,,,2.73,-0.4496
2026-04-09T17:41:44Z,Digitizer_run1609_subrun380.csv,19,False,,,2.73,-0.4519
2026-04-09T17:41:44Z,Digitizer_run1609_subrun380.csv,20,False,,,2.73,-0.4734
2026-04-09T17:41:44Z,Digitizer_run1609_subrun380.csv,21,False,,,2.73,-0.4687
2026-04-09T17:41:44Z,Digitizer_run1609_subrun380.csv,22,False,,,2.73,-0.4552
2026-04-09T17:41:44Z,Digitizer_run1609_subrun380.csv,23,False,,,2.73,-0.4493
2026-04-09T17:41:44Z,Digitizer_run1609_subrun380.csv,24,False,,,2.73,-0.4476
2026-04-09T17:41:44Z,Digitizer_run1609_subrun380.csv,25,False,,,2.73,-0.4482
2026-04-09T17:41:44Z,Digitizer_run1609_subrun380.csv,26,False,,,2.73,-0.4686
2026-04-09T17:41:44Z,Digitizer_run1609_subrun380.csv,27,False,,,2.73,-0.457
2026-04-09T17:41:44Z,Digitizer_run1609_subrun380.csv,28,True,statistical,sideband_rms_mean,5.23,-0.4805
2026-04-09T17:41:44Z,Digitizer_run1609_subrun380.csv,29,False,,,4.75,-0.476
2026-04-09T17:41:44Z,Digitizer_run1609_subrun380.csv,30,False,,,2.73,-0.4741
2026-04-09T17:41:44Z,Digitizer_run1609_subrun380.csv,31,False,,,2.73,-0.4583
2026-04-09T17:41:44Z,Digitizer_run1609_subrun380.csv,32,False,,,2.73,-0.453
2026-04-09T17:41:44Z,Digitizer_run1609_subrun380.csv,33,False,,,2.73,-0.4571
2026-04-09T17:41:44Z,Digitizer_run1609_subrun380.csv,34,False,,,2.73,-0.4712
2026-04-09T17:41:44Z,Digitizer_run1609_subrun380.csv,35,False,,,2.73,-0.4464
2026-04-09T17:41:44Z,Digitizer_run1609_subrun380.csv,36,False,,,2.73,-0.4764
2026-04-09T17:41:44Z,Digitizer_run1609_subrun380.csv,37,False,,,2.73,-0.4667
2026-04-09T17:41:44Z,Digitizer_run1609_subrun380.csv,38,False,,,2.73,-0.4828
2026-04-09T17:41:44Z,Digitizer_run1609_subrun380.csv,39,False,,,2.73,-0.4486
2026-04-09T17:41:44Z,Digitizer_run1609_subrun380.csv,40,False,,,2.73,-0.4755
2026-04-09T17:41:44Z,Digitizer_run1609_subrun380.csv,41,False,,,2.73,-0.4546
2026-04-09T17:41:44Z,Digitizer_run1609_subrun380.csv,42,False,,,2.73,-0.4549
2026-04-09T17:41:44Z,Digitizer_run1609_subrun380.csv,43,False,,,2.73,-0.4499
2026-04-09T17:41:44Z,Digitizer_run1609_subrun380.csv,44,False,,,2.73,-0.4497
2026-04-09T17:41:44Z,Digitizer_run1609_subrun380.csv,45,False,,,2.77,-0.4633
2026-04-09T17:41:44Z,Digitizer_run1609_subrun380.csv,46,False,,,2.73,-0.4767
2026-04-09T17:41:44Z,Digitizer_run1609_subrun380.csv,47,False,,,2.73,-0.4632
2026-04-09T17:41:44Z,Digitizer_run1609_subrun380.csv,48,False,,,2.73,-0.4628
2026-04-09T17:41:44Z,Digitizer_run1609_subrun380.csv,49,False,,,2.73,-0.4541
2026-04-09T17:41:44Z,Digitizer_run1609_subrun380.csv,50,False,,,2.73,-0.4639
2026-04-09T17:41:44Z,Digitizer_run1609_subrun380.csv,51,False,,,2.73,-0.4521
2026-04-09T17:41:44Z,Digitizer_run1609_subrun380.csv,52,False,,,2.99,-0.4862
2026-04-09T17:41:44Z,Digitizer_run1609_subrun380.csv,53,False,,,2.73,-0.4696
2026-04-09T17:41:44Z,Digitizer_run1609_subrun380.csv,54,False,,,2.74,-0.4703
2026-04-09T17:41:44Z,Digitizer_run1609_subrun380.csv,55,False,,,2.73,-0.4607
2026-04-09T17:41:44Z,Digitizer_run1609_subrun380.csv,56,False,,,2.77,-0.4958
2026-04-09T17:41:44Z,Digitizer_run1609_subrun380.csv,57,False,,,3.23,-0.466
2026-04-09T17:41:44Z,Digitizer_run1609_subrun380.csv,58,False,,,2.73,-0.4699
2026-04-09T17:41:44Z,Digitizer_run1609_subrun380.csv,59,False,,,2.73,-0.4601
2026-04-09T17:41:44Z,Digitizer_run1609_subrun380.csv,60,False,,,2.73,-0.4647
2026-04-09T17:41:44Z,Digitizer_run1609_subrun380.csv,61,False,,,2.73,-0.4542
2026-04-09T17:41:44Z,Digitizer_run1609_subrun380.csv,62,True,statistical+IF,pulseArea_max_std,5.14,-0.5198
2026-04-09T17:41:44Z,Digitizer_run1609_subrun380.csv,63,True,statistical+IF,pulseArea_max_mean,5.17,-0.5338
2026-04-09T17:41:44Z,Digitizer_run1609_subrun380.csv,64,False,,,2.74,-0.4716
2026-04-09T17:41:44Z,Digitizer_run1609_subrun380.csv,65,False,,,2.73,-0.4671
2026-04-09T17:41:44Z,Digitizer_run1609_subrun380.csv,66,False,,,2.73,-0.4655
2026-04-09T17:41:44Z,Digitizer_run1609_subrun380.csv,67,False,,,2.73,-0.4624
2026-04-09T17:41:44Z,Digitizer_run1609_subrun380.csv,68,False,,,2.73,-0.4551
2026-04-09T17:41:44Z,Digitizer_run1609_subrun380.csv,69,False,,,2.73,-0.4732
2026-04-09T17:41:44Z,Digitizer_run1609_subrun380.csv,70,True,statistical,pulseArea_min_mean,6.23,-0.513
2026-04-09T17:41:44Z,Digitizer_run1609_subrun380.csv,71,True,statistical,pulseArea_min_mean,7.04,-0.5066
2026-04-09T17:41:44Z,Digitizer_run1609_subrun380.csv,72,False,,,2.73,-0.4625
2026-04-09T17:41:44Z,Digitizer_run1609_subrun380.csv,73,False,,,2.73,-0.4818
2026-04-09T17:41:44Z,Digitizer_run1609_subrun380.csv,74,False,,,2.73,-0.4761
2026-04-09T17:41:44Z,Digitizer_run1609_subrun380.csv,75,False,,,2.73,-0.4679
2026-04-09T17:41:44Z,Digitizer_run1609_subrun380.csv,76,False,,,2.73,-0.4718
2026-04-09T17:41:44Z,Digitizer_run1609_subrun380.csv,77,False,,,2.73,-0.4487
2026-04-09T17:41:44Z,Digitizer_run1609_subrun380.csv,78,False,,,2.73,-0.4921
2026-04-09T17:41:44Z,Digitizer_run1609_subrun380.csv,79,False,,,2.73,-0.4888
2026-04-09T17:41:44Z,Digitizer_run1609_subrun380.csv,80,False,,,2.73,-0.4494
2026-04-09T17:41:44Z,Digitizer_run1609_subrun380.csv,81,False,,,2.73,-0.4486
2026-04-09T17:41:44Z,Digitizer_run1609_subrun380.csv,82,False,,,2.73,-0.4738
2026-04-09T17:41:44Z,Digitizer_run1609_subrun380.csv,83,False,,,2.73,-0.4645
2026-04-09T17:41:44Z,Digitizer_run1609_subrun380.csv,84,False,,,3.79,-0.4621
2026-04-09T17:41:44Z,Digitizer_run1609_subrun380.csv,85,False,,,3.05,-0.4679
2026-04-09T17:41:44Z,Digitizer_run1609_subrun380.csv,86,False,,,4.25,-0.4775
2026-04-09T17:41:44Z,Digitizer_run1609_subrun380.csv,87,False,,,4.2,-0.4997
2026-04-09T17:41:44Z,Digitizer_run1609_subrun380.csv,88,False,,,3.06,-0.4871
2026-04-09T17:41:44Z,Digitizer_run1609_subrun380.csv,89,False,,,2.73,-0.4835
2026-04-09T17:41:44Z,Digitizer_run1609_subrun380.csv,90,False,,,2.73,-0.495
2026-04-09T17:41:44Z,Digitizer_run1609_subrun380.csv,91,False,,,2.73,-0.4928
2026-04-09T17:41:44Z,Digitizer_run1609_subrun380.csv,92,False,,,2.73,-0.4759
2026-04-09T17:41:44Z,Digitizer_run1609_subrun380.csv,93,True,isolation_forest,,4.69,-0.517
2026-04-09T17:41:44Z,Digitizer_run1609_subrun380.csv,94,False,,,2.73,-0.4943
2026-04-09T17:41:44Z,Digitizer_run1609_subrun380.csv,95,False,,,3.25,-0.488
2026-04-09T17:41:50Z,Digitizer_run1607_subrun346.csv,0,False,,,2.2,-0.4502
2026-04-09T17:41:50Z,Digitizer_run1607_subrun346.csv,1,False,,,2.14,-0.4403
2026-04-09T17:41:50Z,Digitizer_run1607_subrun346.csv,2,False,,,2.7,-0.4644
2026-04-09T17:41:50Z,Digitizer_run1607_subrun346.csv,3,False,,,4.06,-0.468
2026-04-09T17:41:50Z,Digitizer_run1607_subrun346.csv,4,False,,,1.87,-0.4498
2026-04-09T17:41:50Z,Digitizer_run1607_subrun346.csv,5,False,,,1.98,-0.4579
2026-04-09T17:41:50Z,Digitizer_run1607_subrun346.csv,6,False,,,2.53,-0.4566
2026-04-09T17:41:50Z,Digitizer_run1607_subrun346.csv,7,False,,,2.24,-0.4541
2026-04-09T17:41:50Z,Digitizer_run1607_subrun346.csv,8,False,,,2.32,-0.464
2026-04-09T17:41:50Z,Digitizer_run1607_subrun346.csv,9,False,,,2.43,-0.4529
2026-04-09T17:41:50Z,Digitizer_run1607_subrun346.csv,10,False,,,4.26,-0.4712
2026-04-09T17:41:50Z,Digitizer_run1607_subrun346.csv,11,False,,,4.08,-0.4745
2026-04-09T17:41:50Z,Digitizer_run1607_subrun346.csv,12,False,,,3.2,-0.4581
2026-04-09T17:41:50Z,Digitizer_run1607_subrun346.csv,13,False,,,2.51,-0.4651
2026-04-09T17:41:50Z,Digitizer_run1607_subrun346.csv,14,False,,,1.91,-0.4483
2026-04-09T17:41:50Z,Digitizer_run1607_subrun346.csv,15,False,,,2.08,-0.45
2026-04-09T17:41:50Z,Digitizer_run1607_subrun346.csv,16,False,,,1.74,-0.4607
2026-04-09T17:41:50Z,Digitizer_run1607_subrun346.csv,17,False,,,1.74,-0.4479
2026-04-09T17:41:50Z,Digitizer_run1607_subrun346.csv,18,False,,,1.98,-0.4357
2026-04-09T17:41:50Z,Digitizer_run1607_subrun346.csv,19,False,,,1.74,-0.4457
2026-04-09T17:41:50Z,Digitizer_run1607_subrun346.csv,20,False,,,4.64,-0.5056
2026-04-09T17:41:50Z,Digitizer_run1607_subrun346.csv,21,False,,,3.06,-0.4795
2026-04-09T17:41:50Z,Digitizer_run1607_subrun346.csv,22,False,,,1.74,-0.4509
2026-04-09T17:41:50Z,Digitizer_run1607_subrun346.csv,23,False,,,1.74,-0.4396
2026-04-09T17:41:50Z,Digitizer_run1607_subrun346.csv,24,False,,,1.74,-0.4403
2026-04-09T17:41:50Z,Digitizer_run1607_subrun346.csv,25,False,,,3.24,-0.457
2026-04-09T17:41:50Z,Digitizer_run1607_subrun346.csv,26,False,,,1.74,-0.4406
2026-04-09T17:41:50Z,Digitizer_run1607_subrun346.csv,27,False,,,1.74,-0.4376
2026-04-09T17:41:50Z,Digitizer_run1607_subrun346.csv,28,False,,,2.46,-0.4734
2026-04-09T17:41:50Z,Digitizer_run1607_subrun346.csv,29,False,,,2.83,-0.4797
2026-04-09T17:41:50Z,Digitizer_run1607_subrun346.csv,30,False,,,1.74,-0.4416
2026-04-09T17:41:50Z,Digitizer_run1607_subrun346.csv,31,False,,,1.74,-0.4423
2026-04-09T17:41:50Z,Digitizer_run1607_subrun346.csv,32,False,,,2.17,-0.4364
2026-04-09T17:41:50Z,Digitizer_run1607_subrun346.csv,33,False,,,1.74,-0.4399
2026-04-09T17:41:50Z,Digitizer_run1607_subrun346.csv,34,False,,,2.22,-0.4527
2026-04-09T17:41:50Z,Digitizer_run1607_subrun346.csv,35,False,,,2.18,-0.4602
2026-04-09T17:41:50Z,Digitizer_run1607_subrun346.csv,36,False,,,1.82,-0.4494
2026-04-09T17:41:50Z,Digitizer_run1607_subrun346.csv,37,False,,,1.84,-0.4513
2026-04-09T17:41:50Z,Digitizer_run1607_subrun346.csv,38,False,,,1.84,-0.4475
2026-04-09T17:41:50Z,Digitizer_run1607_subrun346.csv,39,False,,,1.74,-0.4383
2026-04-09T17:41:50Z,Digitizer_run1607_subrun346.csv,40,False,,,1.97,-0.4513
2026-04-09T17:41:50Z,Digitizer_run1607_subrun346.csv,41,False,,,1.74,-0.4432
2026-04-09T17:41:50Z,Digitizer_run1607_subrun346.csv,42,False,,,2.78,-0.4812
2026-04-09T17:41:50Z,Digitizer_run1607_subrun346.csv,43,False,,,2.74,-0.4676
2026-04-09T17:41:50Z,Digitizer_run1607_subrun346.csv,44,False,,,2.17,-0.4559
2026-04-09T17:41:50Z,Digitizer_run1607_subrun346.csv,45,False,,,1.85,-0.4609
2026-04-09T17:41:50Z,Digitizer_run1607_subrun346.csv,46,False,,,3.83,-0.4783
2026-04-09T17:41:50Z,Digitizer_run1607_subrun346.csv,47,False,,,2.66,-0.4706
2026-04-09T17:41:50Z,Digitizer_run1607_subrun346.csv,48,False,,,2.4,-0.4522
2026-04-09T17:41:50Z,Digitizer_run1607_subrun346.csv,49,False,,,1.83,-0.4447
2026-04-09T17:41:50Z,Digitizer_run1607_subrun346.csv,50,False,,,2.55,-0.4514
2026-04-09T17:41:50Z,Digitizer_run1607_subrun346.csv,51,False,,,1.74,-0.437
2026-04-09T17:41:50Z,Digitizer_run1607_subrun346.csv,52,False,,,3.39,-0.45
2026-04-09T17:41:50Z,Digitizer_run1607_subrun346.csv,53,False,,,1.74,-0.4549
2026-04-09T17:41:50Z,Digitizer_run1607_subrun346.csv,54,False,,,2.07,-0.4541
2026-04-09T17:41:50Z,Digitizer_run1607_subrun346.csv,55,False,,,2.03,-0.454
2026-04-09T17:41:50Z,Digitizer_run1607_subrun346.csv,56,False,,,1.74,-0.4515
2026-04-09T17:41:50Z,Digitizer_run1607_subrun346.csv,57,False,,,2.61,-0.453
2026-04-09T17:41:50Z,Digitizer_run1607_subrun346.csv,58,False,,,2.0,-0.4516
2026-04-09T17:41:50Z,Digitizer_run1607_subrun346.csv,59,False,,,1.74,-0.4416
2026-04-09T17:41:50Z,Digitizer_run1607_subrun346.csv,60,False,,,1.74,-0.4573
2026-04-09T17:41:50Z,Digitizer_run1607_subrun346.csv,61,False,,,2.15,-0.4528
2026-04-09T17:41:50Z,Digitizer_run1607_subrun346.csv,62,False,,,1.74,-0.4427
2026-04-09T17:41:50Z,Digitizer_run1607_subrun346.csv,63,False,,,1.74,-0.4484
2026-04-09T17:41:50Z,Digitizer_run1607_subrun346.csv,64,False,,,2.89,-0.4615
2026-04-09T17:41:50Z,Digitizer_run1607_subrun346.csv,65,False,,,1.74,-0.4457
2026-04-09T17:41:50Z,Digitizer_run1607_subrun346.csv,66,False,,,1.74,-0.445
2026-04-09T17:41:50Z,Digitizer_run1607_subrun346.csv,67,False,,,1.74,-0.4463
2026-04-09T17:41:50Z,Digitizer_run1607_subrun346.csv,68,False,,,2.36,-0.4741
2026-04-09T17:41:50Z,Digitizer_run1607_subrun346.csv,69,False,,,2.16,-0.4543
2026-04-09T17:41:50Z,Digitizer_run1607_subrun346.csv,70,False,,,3.47,-0.461
2026-04-09T17:41:50Z,Digitizer_run1607_subrun346.csv,71,True,statistical,pulseArea_min_mean,5.53,-0.5002
2026-04-09T17:41:50Z,Digitizer_run1607_subrun346.csv,72,False,,,1.74,-0.4433
2026-04-09T17:41:50Z,Digitizer_run1607_subrun346.csv,73,False,,,1.74,-0.447
2026-04-09T17:41:50Z,Digitizer_run1607_subrun346.csv,74,False,,,2.15,-0.4506
2026-04-09T17:41:50Z,Digitizer_run1607_subrun346.csv,75,False,,,1.84,-0.452
2026-04-09T17:41:50Z,Digitizer_run1607_subrun346.csv,76,False,,,1.98,-0.4669
2026-04-09T17:41:50Z,Digitizer_run1607_subrun346.csv,77,False,,,3.09,-0.4746
2026-04-09T17:41:50Z,Digitizer_run1607_subrun346.csv,78,False,,,2.19,-0.4473
2026-04-09T17:41:50Z,Digitizer_run1607_subrun346.csv,79,False,,,3.78,-0.4588
2026-04-09T17:41:50Z,Digitizer_run1607_subrun346.csv,80,False,,,1.74,-0.4429
2026-04-09T17:41:50Z,Digitizer_run1607_subrun346.csv,81,False,,,1.74,-0.4348
2026-04-09T17:41:50Z,Digitizer_run1607_subrun346.csv,82,False,,,4.0,-0.4858
2026-04-09T17:41:50Z,Digitizer_run1607_subrun346.csv,83,False,,,2.57,-0.463
2026-04-09T17:41:50Z,Digitizer_run1607_subrun346.csv,84,False,,,1.79,-0.44
2026-04-09T17:41:50Z,Digitizer_run1607_subrun346.csv,85,False,,,1.74,-0.4461
2026-04-09T17:41:50Z,Digitizer_run1607_subrun346.csv,86,False,,,1.74,-0.4551
2026-04-09T17:41:50Z,Digitizer_run1607_subrun346.csv,87,False,,,1.74,-0.4403
2026-04-09T17:41:50Z,Digitizer_run1607_subrun346.csv,88,False,,,3.63,-0.4951
2026-04-09T17:41:50Z,Digitizer_run1607_subrun346.csv,89,False,,,2.04,-0.4674
2026-04-09T17:41:50Z,Digitizer_run1607_subrun346.csv,90,False,,,3.73,-0.4722
2026-04-09T17:41:50Z,Digitizer_run1607_subrun346.csv,91,False,,,3.55,-0.4682
2026-04-09T17:41:50Z,Digitizer_run1607_subrun346.csv,92,False,,,3.54,-0.4726
2026-04-09T17:41:50Z,Digitizer_run1607_subrun346.csv,93,False,,,2.62,-0.4783
2026-04-09T17:41:50Z,Digitizer_run1607_subrun346.csv,94,False,,,2.13,-0.471
2026-04-09T17:41:50Z,Digitizer_run1607_subrun346.csv,95,False,,,3.42,-0.4943
2026-04-09T17:41:58Z,Digitizer_run1608_subrun63.csv,0,False,,,2.67,-0.452
2026-04-09T17:41:58Z,Digitizer_run1608_subrun63.csv,1,False,,,2.67,-0.4518
2026-04-09T17:41:58Z,Digitizer_run1608_subrun63.csv,2,False,,,2.67,-0.4535
2026-04-09T17:41:58Z,Digitizer_run1608_subrun63.csv,3,False,,,2.67,-0.4507
2026-04-09T17:41:58Z,Digitizer_run1608_subrun63.csv,4,False,,,2.94,-0.4532
2026-04-09T17:41:58Z,Digitizer_run1608_subrun63.csv,5,False,,,2.67,-0.4465
2026-04-09T17:41:58Z,Digitizer_run1608_subrun63.csv,6,False,,,2.67,-0.4755
2026-04-09T17:41:58Z,Digitizer_run1608_subrun63.csv,7,False,,,2.95,-0.4632
2026-04-09T17:41:58Z,Digitizer_run1608_subrun63.csv,8,False,,,2.67,-0.448
2026-04-09T17:41:58Z,Digitizer_run1608_subrun63.csv,9,False,,,2.67,-0.4595
2026-04-09T17:41:58Z,Digitizer_run1608_subrun63.csv,10,False,,,3.58,-0.4541
2026-04-09T17:41:58Z,Digitizer_run1608_subrun63.csv,11,False,,,4.52,-0.4977
2026-04-09T17:41:58Z,Digitizer_run1608_subrun63.csv,12,False,,,2.67,-0.4497
2026-04-09T17:41:58Z,Digitizer_run1608_subrun63.csv,13,False,,,2.67,-0.4614
2026-04-09T17:41:58Z,Digitizer_run1608_subrun63.csv,14,False,,,2.67,-0.4415
2026-04-09T17:41:58Z,Digitizer_run1608_subrun63.csv,15,False,,,2.67,-0.4421
2026-04-09T17:41:58Z,Digitizer_run1608_subrun63.csv,16,False,,,2.67,-0.4593
2026-04-09T17:41:58Z,Digitizer_run1608_subrun63.csv,17,False,,,2.67,-0.4528
2026-04-09T17:41:58Z,Digitizer_run1608_subrun63.csv,18,False,,,2.98,-0.476
2026-04-09T17:41:58Z,Digitizer_run1608_subrun63.csv,19,False,,,2.67,-0.4656
2026-04-09T17:41:58Z,Digitizer_run1608_subrun63.csv,20,False,,,2.93,-0.4802
2026-04-09T17:41:58Z,Digitizer_run1608_subrun63.csv,21,False,,,2.67,-0.4804
2026-04-09T17:41:58Z,Digitizer_run1608_subrun63.csv,22,False,,,2.67,-0.4649
2026-04-09T17:41:58Z,Digitizer_run1608_subrun63.csv,23,False,,,3.07,-0.4727
2026-04-09T17:41:58Z,Digitizer_run1608_subrun63.csv,24,False,,,2.67,-0.4553
2026-04-09T17:41:58Z,Digitizer_run1608_subrun63.csv,25,False,,,2.67,-0.4546
2026-04-09T17:41:58Z,Digitizer_run1608_subrun63.csv,26,False,,,2.67,-0.4759
2026-04-09T17:41:58Z,Digitizer_run1608_subrun63.csv,27,False,,,2.67,-0.4732
2026-04-09T17:41:58Z,Digitizer_run1608_subrun63.csv,28,False,,,3.71,-0.4726
2026-04-09T17:41:58Z,Digitizer_run1608_subrun63.csv,29,False,,,2.67,-0.4487
2026-04-09T17:41:58Z,Digitizer_run1608_subrun63.csv,30,False,,,2.67,-0.4587
2026-04-09T17:41:58Z,Digitizer_run1608_subrun63.csv,31,False,,,2.67,-0.4536
2026-04-09T17:41:58Z,Digitizer_run1608_subrun63.csv,32,False,,,2.67,-0.4659
2026-04-09T17:41:58Z,Digitizer_run1608_subrun63.csv,33,False,,,2.67,-0.4676
2026-04-09T17:41:58Z,Digitizer_run1608_subrun63.csv,34,False,,,2.81,-0.4656
2026-04-09T17:41:58Z,Digitizer_run1608_subrun63.csv,35,False,,,2.67,-0.466
2026-04-09T17:41:58Z,Digitizer_run1608_subrun63.csv,36,False,,,3.91,-0.4751
2026-04-09T17:41:58Z,Digitizer_run1608_subrun63.csv,37,False,,,2.67,-0.4544
2026-04-09T17:41:58Z,Digitizer_run1608_subrun63.csv,38,False,,,2.67,-0.4628
2026-04-09T17:41:58Z,Digitizer_run1608_subrun63.csv,39,False,,,2.67,-0.4653
2026-04-09T17:41:58Z,Digitizer_run1608_subrun63.csv,40,False,,,2.97,-0.4585
2026-04-09T17:41:58Z,Digitizer_run1608_subrun63.csv,41,False,,,3.04,-0.4874
2026-04-09T17:41:58Z,Digitizer_run1608_subrun63.csv,42,False,,,2.67,-0.4415
2026-04-09T17:41:58Z,Digitizer_run1608_subrun63.csv,43,False,,,2.84,-0.448
2026-04-09T17:41:58Z,Digitizer_run1608_subrun63.csv,44,False,,,2.67,-0.4666
2026-04-09T17:41:58Z,Digitizer_run1608_subrun63.csv,45,False,,,2.67,-0.453
2026-04-09T17:41:58Z,Digitizer_run1608_subrun63.csv,46,False,,,2.88,-0.4913
2026-04-09T17:41:58Z,Digitizer_run1608_subrun63.csv,47,False,,,3.57,-0.4729
2026-04-09T17:41:58Z,Digitizer_run1608_subrun63.csv,48,False,,,2.67,-0.4655
2026-04-09T17:41:58Z,Digitizer_run1608_subrun63.csv,49,False,,,2.67,-0.4632
2026-04-09T17:41:58Z,Digitizer_run1608_subrun63.csv,50,False,,,2.67,-0.4517
2026-04-09T17:41:58Z,Digitizer_run1608_subrun63.csv,51,False,,,2.67,-0.4502
2026-04-09T17:41:58Z,Digitizer_run1608_subrun63.csv,52,False,,,3.77,-0.4811
2026-04-09T17:41:58Z,Digitizer_run1608_subrun63.csv,53,False,,,3.77,-0.4614
2026-04-09T17:41:58Z,Digitizer_run1608_subrun63.csv,54,False,,,2.67,-0.4791
2026-04-09T17:41:58Z,Digitizer_run1608_subrun63.csv,55,False,,,3.08,-0.4853
2026-04-09T17:41:58Z,Digitizer_run1608_subrun63.csv,56,False,,,2.67,-0.4413
2026-04-09T17:41:58Z,Digitizer_run1608_subrun63.csv,57,False,,,2.67,-0.4376
2026-04-09T17:41:58Z,Digitizer_run1608_subrun63.csv,58,False,,,2.67,-0.4645
2026-04-09T17:41:58Z,Digitizer_run1608_subrun63.csv,59,False,,,2.67,-0.4601
2026-04-09T17:41:58Z,Digitizer_run1608_subrun63.csv,60,False,,,2.67,-0.4638
2026-04-09T17:41:58Z,Digitizer_run1608_subrun63.csv,61,False,,,2.95,-0.4597
2026-04-09T17:41:58Z,Digitizer_run1608_subrun63.csv,62,False,,,2.67,-0.4493
2026-04-09T17:41:58Z,Digitizer_run1608_subrun63.csv,63,False,,,2.67,-0.4455
2026-04-09T17:41:58Z,Digitizer_run1608_subrun63.csv,64,False,,,2.67,-0.4468
2026-04-09T17:41:58Z,Digitizer_run1608_subrun63.csv,65,False,,,2.67,-0.456
2026-04-09T17:41:58Z,Digitizer_run1608_subrun63.csv,66,False,,,2.91,-0.4686
2026-04-09T17:41:58Z,Digitizer_run1608_subrun63.csv,67,False,,,2.67,-0.4659
2026-04-09T17:41:58Z,Digitizer_run1608_subrun63.csv,68,False,,,2.76,-0.4645
2026-04-09T17:41:58Z,Digitizer_run1608_subrun63.csv,69,False,,,2.67,-0.4585
2026-04-09T17:41:58Z,Digitizer_run1608_subrun63.csv,70,False,,,2.67,-0.4502
2026-04-09T17:41:58Z,Digitizer_run1608_subrun63.csv,71,False,,,2.67,-0.4667
2026-04-09T17:41:58Z,Digitizer_run1608_subrun63.csv,72,False,,,2.67,-0.4524
2026-04-09T17:41:58Z,Digitizer_run1608_subrun63.csv,73,False,,,2.67,-0.4585
2026-04-09T17:41:58Z,Digitizer_run1608_subrun63.csv,74,False,,,3.49,-0.4673
2026-04-09T17:41:58Z,Digitizer_run1608_subrun63.csv,75,True,statistical,pulseHeight_min_median;pulseArea_min_median,5.75,-0.4803
2026-04-09T17:41:58Z,Digitizer_run1608_subrun63.csv,76,False,,,2.87,-0.4554
2026-04-09T17:41:58Z,Digitizer_run1608_subrun63.csv,77,False,,,2.67,-0.4597
2026-04-09T17:41:58Z,Digitizer_run1608_subrun63.csv,78,False,,,2.67,-0.4536
2026-04-09T17:41:58Z,Digitizer_run1608_subrun63.csv,79,False,,,2.67,-0.4501
2026-04-09T17:41:58Z,Digitizer_run1608_subrun63.csv,80,False,,,3.93,-0.4664
2026-04-09T17:41:58Z,Digitizer_run1608_subrun63.csv,81,False,,,4.19,-0.4817
2026-04-09T17:41:58Z,Digitizer_run1608_subrun63.csv,82,False,,,2.67,-0.458
2026-04-09T17:41:58Z,Digitizer_run1608_subrun63.csv,83,False,,,2.67,-0.4575
2026-04-09T17:41:58Z,Digitizer_run1608_subrun63.csv,84,True,statistical,pulseHeight_min_median;pulseArea_min_median,10.24,-0.4804
2026-04-09T17:41:58Z,Digitizer_run1608_subrun63.csv,85,False,,,2.67,-0.4552
2026-04-09T17:41:58Z,Digitizer_run1608_subrun63.csv,86,False,,,2.67,-0.4441
2026-04-09T17:41:58Z,Digitizer_run1608_subrun63.csv,87,False,,,2.67,-0.4456
2026-04-09T17:41:58Z,Digitizer_run1608_subrun63.csv,88,False,,,2.67,-0.4624
2026-04-09T17:41:58Z,Digitizer_run1608_subrun63.csv,89,False,,,2.67,-0.46
2026-04-09T17:41:58Z,Digitizer_run1608_subrun63.csv,90,False,,,2.67,-0.4529
2026-04-09T17:41:58Z,Digitizer_run1608_subrun63.csv,91,False,,,2.79,-0.4722
2026-04-09T17:41:58Z,Digitizer_run1608_subrun63.csv,92,False,,,2.73,-0.4741
2026-04-09T17:41:58Z,Digitizer_run1608_subrun63.csv,93,False,,,4.07,-0.476
2026-04-09T17:41:58Z,Digitizer_run1608_subrun63.csv,94,False,,,2.67,-0.4569
2026-04-09T17:41:58Z,Digitizer_run1608_subrun63.csv,95,False,,,2.67,-0.4466
2026-04-09T17:42:05Z,Digitizer_run1607_subrun173.csv,0,False,,,2.61,-0.46
2026-04-09T17:42:05Z,Digitizer_run1607_subrun173.csv,1,False,,,3.62,-0.4636
2026-04-09T17:42:05Z,Digitizer_run1607_subrun173.csv,2,False,,,3.75,-0.4628
2026-04-09T17:42:05Z,Digitizer_run1607_subrun173.csv,3,False,,,2.61,-0.4556
2026-04-09T17:42:05Z,Digitizer_run1607_subrun173.csv,4,False,,,2.61,-0.4565
2026-04-09T17:42:05Z,Digitizer_run1607_subrun173.csv,5,False,,,2.75,-0.4699
2026-04-09T17:42:05Z,Digitizer_run1607_subrun173.csv,6,False,,,2.61,-0.4635
2026-04-09T17:42:05Z,Digitizer_run1607_subrun173.csv,7,False,,,2.61,-0.467
2026-04-09T17:42:05Z,Digitizer_run1607_subrun173.csv,8,False,,,2.61,-0.457
2026-04-09T17:42:05Z,Digitizer_run1607_subrun173.csv,9,False,,,2.61,-0.4479
2026-04-09T17:42:05Z,Digitizer_run1607_subrun173.csv,10,False,,,2.61,-0.4487
2026-04-09T17:42:05Z,Digitizer_run1607_subrun173.csv,11,False,,,2.61,-0.4538
2026-04-09T17:42:05Z,Digitizer_run1607_subrun173.csv,12,False,,,2.61,-0.4407
2026-04-09T17:42:05Z,Digitizer_run1607_subrun173.csv,13,False,,,2.61,-0.4499
2026-04-09T17:42:05Z,Digitizer_run1607_subrun173.csv,14,False,,,2.61,-0.4454
2026-04-09T17:42:05Z,Digitizer_run1607_subrun173.csv,15,False,,,2.61,-0.4451
2026-04-09T17:42:05Z,Digitizer_run1607_subrun173.csv,16,False,,,2.61,-0.4576
2026-04-09T17:42:05Z,Digitizer_run1607_subrun173.csv,17,False,,,2.61,-0.4505
2026-04-09T17:42:05Z,Digitizer_run1607_subrun173.csv,18,False,,,2.61,-0.4556
2026-04-09T17:42:05Z,Digitizer_run1607_subrun173.csv,19,False,,,2.97,-0.4633
2026-04-09T17:42:05Z,Digitizer_run1607_subrun173.csv,20,False,,,2.61,-0.4505
2026-04-09T17:42:05Z,Digitizer_run1607_subrun173.csv,21,False,,,2.69,-0.4631
2026-04-09T17:42:05Z,Digitizer_run1607_subrun173.csv,22,False,,,2.61,-0.4584
2026-04-09T17:42:05Z,Digitizer_run1607_subrun173.csv,23,False,,,2.7,-0.4586
2026-04-09T17:42:05Z,Digitizer_run1607_subrun173.csv,24,False,,,2.61,-0.4516
2026-04-09T17:42:05Z,Digitizer_run1607_subrun173.csv,25,False,,,2.61,-0.446
2026-04-09T17:42:05Z,Digitizer_run1607_subrun173.csv,26,False,,,2.8,-0.4627
2026-04-09T17:42:05Z,Digitizer_run1607_subrun173.csv,27,False,,,2.61,-0.457
2026-04-09T17:42:05Z,Digitizer_run1607_subrun173.csv,28,False,,,2.69,-0.4767
2026-04-09T17:42:05Z,Digitizer_run1607_subrun173.csv,29,False,,,2.61,-0.4744
2026-04-09T17:42:05Z,Digitizer_run1607_subrun173.csv,30,False,,,2.61,-0.45
2026-04-09T17:42:05Z,Digitizer_run1607_subrun173.csv,31,False,,,2.61,-0.4514
2026-04-09T17:42:05Z,Digitizer_run1607_subrun173.csv,32,False,,,2.61,-0.4529
2026-04-09T17:42:05Z,Digitizer_run1607_subrun173.csv,33,False,,,2.61,-0.4498
2026-04-09T17:42:05Z,Digitizer_run1607_subrun173.csv,34,False,,,3.11,-0.4761
2026-04-09T17:42:05Z,Digitizer_run1607_subrun173.csv,35,False,,,3.45,-0.4941
2026-04-09T17:42:05Z,Digitizer_run1607_subrun173.csv,36,False,,,2.61,-0.4591
2026-04-09T17:42:05Z,Digitizer_run1607_subrun173.csv,37,False,,,2.61,-0.4462
2026-04-09T17:42:05Z,Digitizer_run1607_subrun173.csv,38,False,,,2.61,-0.4479
2026-04-09T17:42:05Z,Digitizer_run1607_subrun173.csv,39,False,,,2.61,-0.4534
2026-04-09T17:42:05Z,Digitizer_run1607_subrun173.csv,40,False,,,2.61,-0.4553
2026-04-09T17:42:05Z,Digitizer_run1607_subrun173.csv,41,False,,,4.27,-0.4725
2026-04-09T17:42:05Z,Digitizer_run1607_subrun173.csv,42,False,,,2.61,-0.4602
2026-04-09T17:42:05Z,Digitizer_run1607_subrun173.csv,43,False,,,2.69,-0.4718
2026-04-09T17:42:05Z,Digitizer_run1607_subrun173.csv,44,False,,,3.2,-0.475
2026-04-09T17:42:05Z,Digitizer_run1607_subrun173.csv,45,False,,,2.61,-0.4713
2026-04-09T17:42:05Z,Digitizer_run1607_subrun173.csv,46,False,,,2.61,-0.4505
2026-04-09T17:42:05Z,Digitizer_run1607_subrun173.csv,47,False,,,2.61,-0.4501
2026-04-09T17:42:05Z,Digitizer_run1607_subrun173.csv,48,False,,,2.61,-0.4623
2026-04-09T17:42:05Z,Digitizer_run1607_subrun173.csv,49,False,,,2.61,-0.4688
2026-04-09T17:42:05Z,Digitizer_run1607_subrun173.csv,50,False,,,2.61,-0.4466
2026-04-09T17:42:05Z,Digitizer_run1607_subrun173.csv,51,False,,,2.61,-0.4592
2026-04-09T17:42:05Z,Digitizer_run1607_subrun173.csv,52,False,,,2.71,-0.4737
2026-04-09T17:42:05Z,Digitizer_run1607_subrun173.csv,53,False,,,2.87,-0.4678
2026-04-09T17:42:05Z,Digitizer_run1607_subrun173.csv,54,True,statistical+IF,pulseArea_max_median,5.31,-0.5261
2026-04-09T17:42:05Z,Digitizer_run1607_subrun173.csv,55,False,,,2.66,-0.4661
2026-04-09T17:42:05Z,Digitizer_run1607_subrun173.csv,56,False,,,2.61,-0.448
2026-04-09T17:42:05Z,Digitizer_run1607_subrun173.csv,57,False,,,2.61,-0.4493
2026-04-09T17:42:05Z,Digitizer_run1607_subrun173.csv,58,False,,,2.61,-0.4556
2026-04-09T17:42:05Z,Digitizer_run1607_subrun173.csv,59,False,,,2.61,-0.4513
2026-04-09T17:42:05Z,Digitizer_run1607_subrun173.csv,60,False,,,3.28,-0.4547
2026-04-09T17:42:05Z,Digitizer_run1607_subrun173.csv,61,False,,,2.61,-0.4445
2026-04-09T17:42:05Z,Digitizer_run1607_subrun173.csv,62,False,,,2.61,-0.4416
2026-04-09T17:42:05Z,Digitizer_run1607_subrun173.csv,63,False,,,2.61,-0.4582
2026-04-09T17:42:05Z,Digitizer_run1607_subrun173.csv,64,False,,,4.16,-0.4782
2026-04-09T17:42:05Z,Digitizer_run1607_subrun173.csv,65,False,,,3.21,-0.4713
2026-04-09T17:42:05Z,Digitizer_run1607_subrun173.csv,66,False,,,2.81,-0.4841
2026-04-09T17:42:05Z,Digitizer_run1607_subrun173.csv,67,False,,,4.15,-0.4913
2026-04-09T17:42:05Z,Digitizer_run1607_subrun173.csv,68,False,,,2.61,-0.4611
2026-04-09T17:42:05Z,Digitizer_run1607_subrun173.csv,69,False,,,2.61,-0.4462
2026-04-09T17:42:05Z,Digitizer_run1607_subrun173.csv,70,False,,,2.8,-0.452
2026-04-09T17:42:05Z,Digitizer_run1607_subrun173.csv,71,False,,,3.11,-0.4519
2026-04-09T17:42:05Z,Digitizer_run1607_subrun173.csv,72,False,,,2.9,-0.4852
2026-04-09T17:42:05Z,Digitizer_run1607_subrun173.csv,73,False,,,2.78,-0.4783
2026-04-09T17:42:05Z,Digitizer_run1607_subrun173.csv,74,False,,,2.61,-0.4506
2026-04-09T17:42:05Z,Digitizer_run1607_subrun173.csv,75,False,,,2.61,-0.4478
2026-04-09T17:42:05Z,Digitizer_run1607_subrun173.csv,76,False,,,2.61,-0.4506
2026-04-09T17:42:05Z,Digitizer_run1607_subrun173.csv,77,False,,,3.65,-0.4756
2026-04-09T17:42:05Z,Digitizer_run1607_subrun173.csv,78,False,,,2.61,-0.4499
2026-04-09T17:42:05Z,Digitizer_run1607_subrun173.csv,79,False,,,2.61,-0.4477
2026-04-09T17:42:05Z,Digitizer_run1607_subrun173.csv,80,False,,,2.61,-0.4508
2026-04-09T17:42:05Z,Digitizer_run1607_subrun173.csv,81,False,,,2.61,-0.4522
2026-04-09T17:42:05Z,Digitizer_run1607_subrun173.csv,82,False,,,2.61,-0.4633
2026-04-09T17:42:05Z,Digitizer_run1607_subrun173.csv,83,False,,,2.64,-0.4498
2026-04-09T17:42:05Z,Digitizer_run1607_subrun173.csv,84,False,,,2.61,-0.4486
2026-04-09T17:42:05Z,Digitizer_run1607_subrun173.csv,85,False,,,2.61,-0.4445
2026-04-09T17:42:05Z,Digitizer_run1607_subrun173.csv,86,False,,,2.61,-0.4543
2026-04-09T17:42:05Z,Digitizer_run1607_subrun173.csv,87,False,,,2.61,-0.4455
2026-04-09T17:42:05Z,Digitizer_run1607_subrun173.csv,88,False,,,2.61,-0.4731
2026-04-09T17:42:05Z,Digitizer_run1607_subrun173.csv,89,False,,,2.61,-0.4654
2026-04-09T17:42:05Z,Digitizer_run1607_subrun173.csv,90,False,,,2.61,-0.4769
2026-04-09T17:42:05Z,Digitizer_run1607_subrun173.csv,91,False,,,2.61,-0.4662
2026-04-09T17:42:05Z,Digitizer_run1607_subrun173.csv,92,False,,,2.61,-0.4836
2026-04-09T17:42:05Z,Digitizer_run1607_subrun173.csv,93,False,,,3.8,-0.4645
2026-04-09T17:42:05Z,Digitizer_run1607_subrun173.csv,94,False,,,2.99,-0.4873
2026-04-09T17:42:05Z,Digitizer_run1607_subrun173.csv,95,False,,,2.61,-0.468
2026-04-09T17:42:18Z,Digitizer_run1606_subrun367.csv,0,False,,,2.8,-0.4757
2026-04-09T17:42:18Z,Digitizer_run1606_subrun367.csv,1,False,,,2.07,-0.4557
2026-04-09T17:42:18Z,Digitizer_run1606_subrun367.csv,2,False,,,2.07,-0.4408
2026-04-09T17:42:18Z,Digitizer_run1606_subrun367.csv,3,False,,,4.26,-0.4502
2026-04-09T17:42:18Z,Digitizer_run1606_subrun367.csv,4,False,,,2.71,-0.4571
2026-04-09T17:42:18Z,Digitizer_run1606_subrun367.csv,5,False,,,3.05,-0.4542
2026-04-09T17:42:18Z,Digitizer_run1606_subrun367.csv,6,False,,,2.07,-0.4516
2026-04-09T17:42:18Z,Digitizer_run1606_subrun367.csv,7,False,,,2.07,-0.4358
2026-04-09T17:42:18Z,Digitizer_run1606_subrun367.csv,8,False,,,2.07,-0.4369
2026-04-09T17:42:18Z,Digitizer_run1606_subrun367.csv,9,False,,,2.27,-0.4367
2026-04-09T17:42:18Z,Digitizer_run1606_subrun367.csv,10,False,,,2.51,-0.4485
2026-04-09T17:42:18Z,Digitizer_run1606_subrun367.csv,11,False,,,2.45,-0.4665
2026-04-09T17:42:18Z,Digitizer_run1606_subrun367.csv,12,False,,,3.71,-0.4486
2026-04-09T17:42:18Z,Digitizer_run1606_subrun367.csv,13,False,,,2.5,-0.4526
2026-04-09T17:42:18Z,Digitizer_run1606_subrun367.csv,14,False,,,2.07,-0.4398
2026-04-09T17:42:18Z,Digitizer_run1606_subrun367.csv,15,False,,,2.07,-0.4502
2026-04-09T17:42:18Z,Digitizer_run1606_subrun367.csv,16,False,,,2.12,-0.4472
2026-04-09T17:42:18Z,Digitizer_run1606_subrun367.csv,17,False,,,2.29,-0.4415
2026-04-09T17:42:18Z,Digitizer_run1606_subrun367.csv,18,False,,,2.46,-0.4499
2026-04-09T17:42:18Z,Digitizer_run1606_subrun367.csv,19,False,,,2.07,-0.4493
2026-04-09T17:42:18Z,Digitizer_run1606_subrun367.csv,20,False,,,2.34,-0.4493
2026-04-09T17:42:18Z,Digitizer_run1606_subrun367.csv,21,False,,,2.07,-0.4473
2026-04-09T17:42:18Z,Digitizer_run1606_subrun367.csv,22,False,,,3.63,-0.4458
2026-04-09T17:42:18Z,Digitizer_run1606_subrun367.csv,23,False,,,2.51,-0.4449
2026-04-09T17:42:18Z,Digitizer_run1606_subrun367.csv,24,False,,,2.07,-0.4433
2026-04-09T17:42:18Z,Digitizer_run1606_subrun367.csv,25,False,,,2.07,-0.4431
2026-04-09T17:42:18Z,Digitizer_run1606_subrun367.csv,26,False,,,3.16,-0.4465
2026-04-09T17:42:18Z,Digitizer_run1606_subrun367.csv,27,False,,,3.78,-0.4574
2026-04-09T17:42:18Z,Digitizer_run1606_subrun367.csv,28,False,,,2.07,-0.4323
2026-04-09T17:42:18Z,Digitizer_run1606_subrun367.csv,29,False,,,2.07,-0.4481
2026-04-09T17:42:18Z,Digitizer_run1606_subrun367.csv,30,False,,,2.44,-0.4566
2026-04-09T17:42:18Z,Digitizer_run1606_subrun367.csv,31,False,,,2.56,-0.4408
2026-04-09T17:42:18Z,Digitizer_run1606_subrun367.csv,32,False,,,3.05,-0.4614
2026-04-09T17:42:18Z,Digitizer_run1606_subrun367.csv,33,False,,,2.45,-0.4647
2026-04-09T17:42:18Z,Digitizer_run1606_subrun367.csv,34,False,,,2.07,-0.4567
2026-04-09T17:42:18Z,Digitizer_run1606_subrun367.csv,35,False,,,2.07,-0.4331
2026-04-09T17:42:18Z,Digitizer_run1606_subrun367.csv,36,False,,,3.18,-0.4881
2026-04-09T17:42:18Z,Digitizer_run1606_subrun367.csv,37,False,,,2.5,-0.4642
2026-04-09T17:42:18Z,Digitizer_run1606_subrun367.csv,38,False,,,4.19,-0.4954
2026-04-09T17:42:18Z,Digitizer_run1606_subrun367.csv,39,False,,,2.07,-0.4304
2026-04-09T17:42:18Z,Digitizer_run1606_subrun367.csv,40,False,,,3.16,-0.4783
2026-04-09T17:42:18Z,Digitizer_run1606_subrun367.csv,41,False,,,3.05,-0.4672
2026-04-09T17:42:18Z,Digitizer_run1606_subrun367.csv,42,False,,,3.16,-0.4799
2026-04-09T17:42:18Z,Digitizer_run1606_subrun367.csv,43,False,,,3.11,-0.4589
2026-04-09T17:42:18Z,Digitizer_run1606_subrun367.csv,44,False,,,2.53,-0.4455
2026-04-09T17:42:18Z,Digitizer_run1606_subrun367.csv,45,False,,,2.07,-0.4369
2026-04-09T17:42:18Z,Digitizer_run1606_subrun367.csv,46,False,,,3.4,-0.4521
2026-04-09T17:42:18Z,Digitizer_run1606_subrun367.csv,47,False,,,2.07,-0.4392
2026-04-09T17:42:18Z,Digitizer_run1606_subrun367.csv,48,False,,,2.07,-0.4394
2026-04-09T17:42:18Z,Digitizer_run1606_subrun367.csv,49,False,,,2.07,-0.4367
2026-04-09T17:42:18Z,Digitizer_run1606_subrun367.csv,50,False,,,2.07,-0.4553
2026-04-09T17:42:18Z,Digitizer_run1606_subrun367.csv,51,False,,,3.87,-0.4818
2026-04-09T17:42:18Z,Digitizer_run1606_subrun367.csv,52,False,,,3.85,-0.4591
2026-04-09T17:42:18Z,Digitizer_run1606_subrun367.csv,53,False,,,3.48,-0.46
2026-04-09T17:42:18Z,Digitizer_run1606_subrun367.csv,54,True,statistical,nPulses_std,5.3,-0.4583
2026-04-09T17:42:18Z,Digitizer_run1606_subrun367.csv,55,False,,,3.48,-0.4425
2026-04-09T17:42:18Z,Digitizer_run1606_subrun367.csv,56,False,,,2.39,-0.4658
2026-04-09T17:42:18Z,Digitizer_run1606_subrun367.csv,57,False,,,2.54,-0.4715
2026-04-09T17:42:18Z,Digitizer_run1606_subrun367.csv,58,False,,,2.91,-0.4714
2026-04-09T17:42:18Z,Digitizer_run1606_subrun367.csv,59,False,,,3.09,-0.4832
2026-04-09T17:42:18Z,Digitizer_run1606_subrun367.csv,60,False,,,2.07,-0.4497
2026-04-09T17:42:18Z,Digitizer_run1606_subrun367.csv,61,False,,,2.45,-0.4676
2026-04-09T17:42:18Z,Digitizer_run1606_subrun367.csv,62,False,,,2.3,-0.4449
2026-04-09T17:42:18Z,Digitizer_run1606_subrun367.csv,63,False,,,2.63,-0.4586
2026-04-09T17:42:18Z,Digitizer_run1606_subrun367.csv,64,False,,,2.07,-0.4515
2026-04-09T17:42:18Z,Digitizer_run1606_subrun367.csv,65,False,,,2.17,-0.462
2026-04-09T17:42:18Z,Digitizer_run1606_subrun367.csv,66,False,,,2.07,-0.4515
2026-04-09T17:42:18Z,Digitizer_run1606_subrun367.csv,67,False,,,2.07,-0.4429
2026-04-09T17:42:18Z,Digitizer_run1606_subrun367.csv,68,False,,,4.1,-0.488
2026-04-09T17:42:18Z,Digitizer_run1606_subrun367.csv,69,False,,,3.34,-0.4594
2026-04-09T17:42:18Z,Digitizer_run1606_subrun367.csv,70,False,,,2.54,-0.4543
2026-04-09T17:42:18Z,Digitizer_run1606_subrun367.csv,71,False,,,2.07,-0.45
2026-04-09T17:42:18Z,Digitizer_run1606_subrun367.csv,72,False,,,3.78,-0.4721
2026-04-09T17:42:18Z,Digitizer_run1606_subrun367.csv,73,False,,,2.29,-0.4474
2026-04-09T17:42:18Z,Digitizer_run1606_subrun367.csv,74,False,,,2.14,-0.4497
2026-04-09T17:42:18Z,Digitizer_run1606_subrun367.csv,75,True,statistical,nPulses_std,5.18,-0.4682
2026-04-09T17:42:18Z,Digitizer_run1606_subrun367.csv,76,False,,,3.42,-0.4522
2026-04-09T17:42:18Z,Digitizer_run1606_subrun367.csv,77,False,,,2.1,-0.4546
2026-04-09T17:42:18Z,Digitizer_run1606_subrun367.csv,78,False,,,2.07,-0.4414
2026-04-09T17:42:18Z,Digitizer_run1606_subrun367.csv,79,False,,,2.07,-0.4298
2026-04-09T17:42:18Z,Digitizer_run1606_subrun367.csv,80,False,,,2.07,-0.4344
2026-04-09T17:42:18Z,Digitizer_run1606_subrun367.csv,81,False,,,2.1,-0.4493
2026-04-09T17:42:18Z,Digitizer_run1606_subrun367.csv,82,False,,,2.11,-0.4578
2026-04-09T17:42:18Z,Digitizer_run1606_subrun367.csv,83,False,,,2.07,-0.4592
2026-04-09T17:42:18Z,Digitizer_run1606_subrun367.csv,84,False,,,4.78,-0.4885
2026-04-09T17:42:18Z,Digitizer_run1606_subrun367.csv,85,False,,,4.28,-0.4873
2026-04-09T17:42:18Z,Digitizer_run1606_subrun367.csv,86,False,,,2.63,-0.4478
2026-04-09T17:42:18Z,Digitizer_run1606_subrun367.csv,87,False,,,2.08,-0.4483
2026-04-09T17:42:18Z,Digitizer_run1606_subrun367.csv,88,False,,,3.03,-0.4578
2026-04-09T17:42:18Z,Digitizer_run1606_subrun367.csv,89,False,,,2.55,-0.4716
2026-04-09T17:42:18Z,Digitizer_run1606_subrun367.csv,90,False,,,2.73,-0.4676
2026-04-09T17:42:18Z,Digitizer_run1606_subrun367.csv,91,False,,,2.07,-0.4401
2026-04-09T17:42:18Z,Digitizer_run1606_subrun367.csv,92,False,,,2.2,-0.4562
2026-04-09T17:42:18Z,Digitizer_run1606_subrun367.csv,93,False,,,3.94,-0.4868
2026-04-09T17:42:18Z,Digitizer_run1606_subrun367.csv,94,False,,,2.07,-0.4769
2026-04-09T17:42:18Z,Digitizer_run1606_subrun367.csv,95,False,,,2.48,-0.4682
2026-04-09T17:42:28Z,Digitizer_run1606_subrun52.csv,0,False,,,3.08,-0.455
2026-04-09T17:42:28Z,Digitizer_run1606_subrun52.csv,1,False,,,3.34,-0.4743
2026-04-09T17:42:28Z,Digitizer_run1606_subrun52.csv,2,False,,,2.87,-0.4493
2026-04-09T17:42:28Z,Digitizer_run1606_subrun52.csv,3,False,,,1.58,-0.4227
2026-04-09T17:42:28Z,Digitizer_run1606_subrun52.csv,4,False,,,1.59,-0.4294
2026-04-09T17:42:28Z,Digitizer_run1606_subrun52.csv,5,False,,,1.92,-0.4312
2026-04-09T17:42:28Z,Digitizer_run1606_subrun52.csv,6,False,,,2.37,-0.4422
2026-04-09T17:42:28Z,Digitizer_run1606_subrun52.csv,7,False,,,2.49,-0.4429
2026-04-09T17:42:28Z,Digitizer_run1606_subrun52.csv,8,False,,,2.12,-0.4275
2026-04-09T17:42:28Z,Digitizer_run1606_subrun52.csv,9,False,,,1.56,-0.4215
2026-04-09T17:42:28Z,Digitizer_run1606_subrun52.csv,10,False,,,2.94,-0.4459
2026-04-09T17:42:28Z,Digitizer_run1606_subrun52.csv,11,False,,,2.79,-0.4365
2026-04-09T17:42:28Z,Digitizer_run1606_subrun52.csv,12,False,,,1.59,-0.4215
2026-04-09T17:42:28Z,Digitizer_run1606_subrun52.csv,13,False,,,2.19,-0.4465
2026-04-09T17:42:28Z,Digitizer_run1606_subrun52.csv,14,False,,,1.58,-0.4187
2026-04-09T17:42:28Z,Digitizer_run1606_subrun52.csv,15,False,,,1.88,-0.4243
2026-04-09T17:42:28Z,Digitizer_run1606_subrun52.csv,16,False,,,4.22,-0.475
2026-04-09T17:42:28Z,Digitizer_run1606_subrun52.csv,17,False,,,2.7,-0.4648
2026-04-09T17:42:28Z,Digitizer_run1606_subrun52.csv,18,False,,,1.59,-0.4248
2026-04-09T17:42:28Z,Digitizer_run1606_subrun52.csv,19,False,,,1.59,-0.4175
2026-04-09T17:42:28Z,Digitizer_run1606_subrun52.csv,20,False,,,1.83,-0.4432
2026-04-09T17:42:28Z,Digitizer_run1606_subrun52.csv,21,False,,,2.02,-0.4356
2026-04-09T17:42:28Z,Digitizer_run1606_subrun52.csv,22,False,,,1.88,-0.4234
2026-04-09T17:42:28Z,Digitizer_run1606_subrun52.csv,23,False,,,2.43,-0.4396
2026-04-09T17:42:28Z,Digitizer_run1606_subrun52.csv,24,False,,,1.59,-0.4311
2026-04-09T17:42:28Z,Digitizer_run1606_subrun52.csv,25,False,,,1.6,-0.4235
2026-04-09T17:42:28Z,Digitizer_run1606_subrun52.csv,26,False,,,1.72,-0.4276
2026-04-09T17:42:28Z,Digitizer_run1606_subrun52.csv,27,False,,,3.49,-0.4583
2026-04-09T17:42:28Z,Digitizer_run1606_subrun52.csv,28,False,,,1.58,-0.4242
2026-04-09T17:42:28Z,Digitizer_run1606_subrun52.csv,29,False,,,1.59,-0.4238
2026-04-09T17:42:28Z,Digitizer_run1606_subrun52.csv,30,False,,,2.21,-0.4327
2026-04-09T17:42:28Z,Digitizer_run1606_subrun52.csv,31,False,,,1.89,-0.4328
2026-04-09T17:42:28Z,Digitizer_run1606_subrun52.csv,32,False,,,1.58,-0.4194
2026-04-09T17:42:28Z,Digitizer_run1606_subrun52.csv,33,False,,,1.57,-0.4221
2026-04-09T17:42:28Z,Digitizer_run1606_subrun52.csv,34,False,,,2.42,-0.4366
2026-04-09T17:42:28Z,Digitizer_run1606_subrun52.csv,35,False,,,2.35,-0.4295
2026-04-09T17:42:28Z,Digitizer_run1606_subrun52.csv,36,False,,,1.89,-0.435
2026-04-09T17:42:28Z,Digitizer_run1606_subrun52.csv,37,False,,,1.87,-0.4335
2026-04-09T17:42:28Z,Digitizer_run1606_subrun52.csv,38,False,,,1.57,-0.4271
2026-04-09T17:42:28Z,Digitizer_run1606_subrun52.csv,39,False,,,1.92,-0.4424
2026-04-09T17:42:28Z,Digitizer_run1606_subrun52.csv,40,False,,,1.7,-0.432
2026-04-09T17:42:28Z,Digitizer_run1606_subrun52.csv,41,False,,,2.05,-0.438
2026-04-09T17:42:28Z,Digitizer_run1606_subrun52.csv,42,False,,,1.91,-0.4556
2026-04-09T17:42:28Z,Digitizer_run1606_subrun52.csv,43,False,,,1.73,-0.4431
2026-04-09T17:42:28Z,Digitizer_run1606_subrun52.csv,44,False,,,1.59,-0.43
2026-04-09T17:42:28Z,Digitizer_run1606_subrun52.csv,45,False,,,1.59,-0.4255
2026-04-09T17:42:28Z,Digitizer_run1606_subrun52.csv,46,False,,,1.61,-0.4316
2026-04-09T17:42:28Z,Digitizer_run1606_subrun52.csv,47,False,,,2.22,-0.4391
2026-04-09T17:42:28Z,Digitizer_run1606_subrun52.csv,48,False,,,2.06,-0.4492
2026-04-09T17:42:28Z,Digitizer_run1606_subrun52.csv,49,False,,,1.77,-0.4372
2026-04-09T17:42:28Z,Digitizer_run1606_subrun52.csv,50,False,,,1.79,-0.4243
2026-04-09T17:42:28Z,Digitizer_run1606_subrun52.csv,51,False,,,2.09,-0.4327
2026-04-09T17:42:28Z,Digitizer_run1606_subrun52.csv,52,False,,,2.31,-0.4476
2026-04-09T17:42:28Z,Digitizer_run1606_subrun52.csv,53,False,,,3.0,-0.4495
2026-04-09T17:42:28Z,Digitizer_run1606_subrun52.csv,54,False,,,2.25,-0.4435
2026-04-09T17:42:28Z,Digitizer_run1606_subrun52.csv,55,False,,,2.35,-0.468
2026-04-09T17:42:28Z,Digitizer_run1606_subrun52.csv,56,False,,,1.85,-0.4457
2026-04-09T17:42:28Z,Digitizer_run1606_subrun52.csv,57,False,,,2.92,-0.4279
2026-04-09T17:42:28Z,Digitizer_run1606_subrun52.csv,58,False,,,1.59,-0.4189
2026-04-09T17:42:28Z,Digitizer_run1606_subrun52.csv,59,False,,,1.59,-0.4253
2026-04-09T17:42:28Z,Digitizer_run1606_subrun52.csv,60,False,,,2.78,-0.444
2026-04-09T17:42:28Z,Digitizer_run1606_subrun52.csv,61,False,,,2.33,-0.4279
2026-04-09T17:42:28Z,Digitizer_run1606_subrun52.csv,62,False,,,2.27,-0.4372
2026-04-09T17:42:28Z,Digitizer_run1606_subrun52.csv,63,False,,,1.73,-0.4354
2026-04-09T17:42:28Z,Digitizer_run1606_subrun52.csv,64,False,,,2.82,-0.4621
2026-04-09T17:42:28Z,Digitizer_run1606_subrun52.csv,65,False,,,2.41,-0.4462
2026-04-09T17:42:28Z,Digitizer_run1606_subrun52.csv,66,False,,,1.58,-0.4192
2026-04-09T17:42:28Z,Digitizer_run1606_subrun52.csv,67,False,,,2.05,-0.4403
2026-04-09T17:42:28Z,Digitizer_run1606_subrun52.csv,68,False,,,2.33,-0.4518
2026-04-09T17:42:28Z,Digitizer_run1606_subrun52.csv,69,False,,,2.9,-0.4448
2026-04-09T17:42:28Z,Digitizer_run1606_subrun52.csv,70,False,,,1.56,-0.4205
2026-04-09T17:42:28Z,Digitizer_run1606_subrun52.csv,71,False,,,2.42,-0.43
2026-04-09T17:42:28Z,Digitizer_run1606_subrun52.csv,72,False,,,2.38,-0.4452
2026-04-09T17:42:28Z,Digitizer_run1606_subrun52.csv,73,False,,,2.53,-0.4334
2026-04-09T17:42:28Z,Digitizer_run1606_subrun52.csv,74,False,,,1.6,-0.4295
2026-04-09T17:42:28Z,Digitizer_run1606_subrun52.csv,75,False,,,2.12,-0.4316
2026-04-09T17:42:28Z,Digitizer_run1606_subrun52.csv,76,False,,,1.6,-0.4237
2026-04-09T17:42:28Z,Digitizer_run1606_subrun52.csv,77,False,,,3.65,-0.4337
2026-04-09T17:42:28Z,Digitizer_run1606_subrun52.csv,78,False,,,1.61,-0.4355
2026-04-09T17:42:28Z,Digitizer_run1606_subrun52.csv,79,False,,,1.76,-0.43
2026-04-09T17:42:28Z,Digitizer_run1606_subrun52.csv,80,False,,,1.59,-0.4202
2026-04-09T17:42:28Z,Digitizer_run1606_subrun52.csv,81,False,,,2.24,-0.4291
2026-04-09T17:42:28Z,Digitizer_run1606_subrun52.csv,82,False,,,3.33,-0.4451
2026-04-09T17:42:28Z,Digitizer_run1606_subrun52.csv,83,False,,,2.19,-0.4225
2026-04-09T17:42:28Z,Digitizer_run1606_subrun52.csv,84,False,,,1.6,-0.4308
2026-04-09T17:42:28Z,Digitizer_run1606_subrun52.csv,85,False,,,1.59,-0.4295
2026-04-09T17:42:28Z,Digitizer_run1606_subrun52.csv,86,False,,,1.73,-0.4332
2026-04-09T17:42:28Z,Digitizer_run1606_subrun52.csv,87,False,,,2.65,-0.439
2026-04-09T17:42:28Z,Digitizer_run1606_subrun52.csv,88,False,,,2.57,-0.4557
2026-04-09T17:42:28Z,Digitizer_run1606_subrun52.csv,89,False,,,2.09,-0.4484
2026-04-09T17:42:28Z,Digitizer_run1606_subrun52.csv,90,False,,,1.85,-0.4528
2026-04-09T17:42:28Z,Digitizer_run1606_subrun52.csv,91,False,,,2.25,-0.4401
2026-04-09T17:42:28Z,Digitizer_run1606_subrun52.csv,92,False,,,2.18,-0.461
2026-04-09T17:42:28Z,Digitizer_run1606_subrun52.csv,93,False,,,2.71,-0.4449
2026-04-09T17:42:28Z,Digitizer_run1606_subrun52.csv,94,False,,,1.61,-0.4466
2026-04-09T17:42:28Z,Digitizer_run1606_subrun52.csv,95,False,,,2.13,-0.4629
2026-04-09T17:42:36Z,Digitizer_run1609_subrun2.csv,0,False,,,3.36,-0.4984
2026-04-09T17:42:36Z,Digitizer_run1609_subrun2.csv,1,False,,,3.12,-0.4938
2026-04-09T17:42:36Z,Digitizer_run1609_subrun2.csv,2,False,,,3.19,-0.4677
2026-04-09T17:42:36Z,Digitizer_run1609_subrun2.csv,3,False,,,4.48,-0.4759
2026-04-09T17:42:36Z,Digitizer_run1609_subrun2.csv,4,False,,,2.33,-0.4598
2026-04-09T17:42:36Z,Digitizer_run1609_subrun2.csv,5,False,,,2.33,-0.4527
2026-04-09T17:42:36Z,Digitizer_run1609_subrun2.csv,6,False,,,4.6,-0.4655
2026-04-09T17:42:36Z,Digitizer_run1609_subrun2.csv,7,False,,,3.49,-0.4589
2026-04-09T17:42:36Z,Digitizer_run1609_subrun2.csv,8,False,,,2.75,-0.4931
2026-04-09T17:42:36Z,Digitizer_run1609_subrun2.csv,9,True,statistical,pulseArea_max_std;pulseArea_min_mean;pulseArea_min_std,7.17,-0.4985
2026-04-09T17:42:36Z,Digitizer_run1609_subrun2.csv,10,False,,,4.57,-0.5109
2026-04-09T17:42:36Z,Digitizer_run1609_subrun2.csv,11,True,statistical+IF,pulseHeight_min_median;pulseArea_min_median,6.66,-0.5389
2026-04-09T17:42:36Z,Digitizer_run1609_subrun2.csv,12,False,,,3.03,-0.4846
2026-04-09T17:42:36Z,Digitizer_run1609_subrun2.csv,13,False,,,2.62,-0.4968
2026-04-09T17:42:36Z,Digitizer_run1609_subrun2.csv,14,False,,,2.33,-0.4447
2026-04-09T17:42:36Z,Digitizer_run1609_subrun2.csv,15,False,,,2.33,-0.4506
2026-04-09T17:42:36Z,Digitizer_run1609_subrun2.csv,16,False,,,2.33,-0.4561
2026-04-09T17:42:36Z,Digitizer_run1609_subrun2.csv,17,False,,,2.33,-0.4526
2026-04-09T17:42:36Z,Digitizer_run1609_subrun2.csv,18,False,,,2.97,-0.4676
2026-04-09T17:42:36Z,Digitizer_run1609_subrun2.csv,19,False,,,2.46,-0.4607
2026-04-09T17:42:36Z,Digitizer_run1609_subrun2.csv,20,False,,,3.92,-0.4668
2026-04-09T17:42:36Z,Digitizer_run1609_subrun2.csv,21,False,,,2.33,-0.4504
2026-04-09T17:42:36Z,Digitizer_run1609_subrun2.csv,22,False,,,3.04,-0.4739
2026-04-09T17:42:36Z,Digitizer_run1609_subrun2.csv,23,False,,,3.36,-0.4668
2026-04-09T17:42:36Z,Digitizer_run1609_subrun2.csv,24,False,,,2.39,-0.486
2026-04-09T17:42:36Z,Digitizer_run1609_subrun2.csv,25,False,,,2.83,-0.4817
2026-04-09T17:42:36Z,Digitizer_run1609_subrun2.csv,26,False,,,2.9,-0.4796
2026-04-09T17:42:36Z,Digitizer_run1609_subrun2.csv,27,False,,,2.72,-0.4631
2026-04-09T17:42:36Z,Digitizer_run1609_subrun2.csv,28,False,,,2.33,-0.4539
2026-04-09T17:42:36Z,Digitizer_run1609_subrun2.csv,29,False,,,2.33,-0.4479
2026-04-09T17:42:36Z,Digitizer_run1609_subrun2.csv,30,False,,,2.33,-0.4539
2026-04-09T17:42:36Z,Digitizer_run1609_subrun2.csv,31,False,,,2.33,-0.454
2026-04-09T17:42:36Z,Digitizer_run1609_subrun2.csv,32,False,,,3.0,-0.4853
2026-04-09T17:42:36Z,Digitizer_run1609_subrun2.csv,33,False,,,2.64,-0.4802
2026-04-09T17:42:36Z,Digitizer_run1609_subrun2.csv,34,False,,,2.33,-0.4451
2026-04-09T17:42:36Z,Digitizer_run1609_subrun2.csv,35,False,,,2.33,-0.4454
2026-04-09T17:42:36Z,Digitizer_run1609_subrun2.csv,36,False,,,2.33,-0.4522
2026-04-09T17:42:36Z,Digitizer_run1609_subrun2.csv,37,False,,,3.69,-0.4844
2026-04-09T17:42:36Z,Digitizer_run1609_subrun2.csv,38,False,,,2.33,-0.4505
2026-04-09T17:42:36Z,Digitizer_run1609_subrun2.csv,39,False,,,2.95,-0.4726
2026-04-09T17:42:36Z,Digitizer_run1609_subrun2.csv,40,False,,,2.33,-0.4505
2026-04-09T17:42:36Z,Digitizer_run1609_subrun2.csv,41,False,,,2.33,-0.4545
2026-04-09T17:42:36Z,Digitizer_run1609_subrun2.csv,42,False,,,2.33,-0.4486
2026-04-09T17:42:36Z,Digitizer_run1609_subrun2.csv,43,False,,,2.33,-0.4451
2026-04-09T17:42:36Z,Digitizer_run1609_subrun2.csv,44,False,,,3.02,-0.4822
2026-04-09T17:42:36Z,Digitizer_run1609_subrun2.csv,45,False,,,2.33,-0.4659
2026-04-09T17:42:36Z,Digitizer_run1609_subrun2.csv,46,False,,,2.33,-0.4477
2026-04-09T17:42:36Z,Digitizer_run1609_subrun2.csv,47,False,,,2.53,-0.4501
2026-04-09T17:42:36Z,Digitizer_run1609_subrun2.csv,48,False,,,2.33,-0.4632
2026-04-09T17:42:36Z,Digitizer_run1609_subrun2.csv,49,False,,,2.43,-0.4798
2026-04-09T17:42:36Z,Digitizer_run1609_subrun2.csv,50,False,,,3.34,-0.4538
2026-04-09T17:42:36Z,Digitizer_run1609_subrun2.csv,51,False,,,2.89,-0.4541
2026-04-09T17:42:36Z,Digitizer_run1609_subrun2.csv,52,False,,,2.33,-0.4491
2026-04-09T17:42:36Z,Digitizer_run1609_subrun2.csv,53,False,,,2.33,-0.4485
2026-04-09T17:42:36Z,Digitizer_run1609_subrun2.csv,54,False,,,2.33,-0.4559
2026-04-09T17:42:36Z,Digitizer_run1609_subrun2.csv,55,False,,,2.33,-0.4679
2026-04-09T17:42:36Z,Digitizer_run1609_subrun2.csv,56,False,,,2.33,-0.4715
2026-04-09T17:42:36Z,Digitizer_run1609_subrun2.csv,57,False,,,2.33,-0.4591
2026-04-09T17:42:36Z,Digitizer_run1609_subrun2.csv,58,False,,,2.33,-0.4574
2026-04-09T17:42:36Z,Digitizer_run1609_subrun2.csv,59,False,,,2.33,-0.4673
2026-04-09T17:42:36Z,Digitizer_run1609_subrun2.csv,60,False,,,2.33,-0.4535
2026-04-09T17:42:36Z,Digitizer_run1609_subrun2.csv,61,False,,,2.33,-0.442
2026-04-09T17:42:36Z,Digitizer_run1609_subrun2.csv,62,False,,,2.33,-0.4558
2026-04-09T17:42:36Z,Digitizer_run1609_subrun2.csv,63,False,,,2.33,-0.4708
2026-04-09T17:42:36Z,Digitizer_run1609_subrun2.csv,64,False,,,3.12,-0.4701
2026-04-09T17:42:36Z,Digitizer_run1609_subrun2.csv,65,False,,,2.33,-0.4635
2026-04-09T17:42:36Z,Digitizer_run1609_subrun2.csv,66,False,,,2.33,-0.4512
2026-04-09T17:42:36Z,Digitizer_run1609_subrun2.csv,67,False,,,2.33,-0.4479
2026-04-09T17:42:36Z,Digitizer_run1609_subrun2.csv,68,False,,,2.33,-0.4572
2026-04-09T17:42:36Z,Digitizer_run1609_subrun2.csv,69,False,,,2.33,-0.4506
2026-04-09T17:42:36Z,Digitizer_run1609_subrun2.csv,70,False,,,2.33,-0.456
2026-04-09T17:42:36Z,Digitizer_run1609_subrun2.csv,71,False,,,3.34,-0.4884
2026-04-09T17:42:36Z,Digitizer_run1609_subrun2.csv,72,False,,,2.33,-0.467
2026-04-09T17:42:36Z,Digitizer_run1609_subrun2.csv,73,False,,,2.33,-0.4502
2026-04-09T17:42:36Z,Digitizer_run1609_subrun2.csv,74,False,,,2.33,-0.4603
2026-04-09T17:42:36Z,Digitizer_run1609_subrun2.csv,75,False,,,2.33,-0.449
2026-04-09T17:42:36Z,Digitizer_run1609_subrun2.csv,76,False,,,2.33,-0.4504
2026-04-09T17:42:36Z,Digitizer_run1609_subrun2.csv,77,False,,,2.33,-0.4514
2026-04-09T17:42:36Z,Digitizer_run1609_subrun2.csv,78,False,,,2.33,-0.4529
2026-04-09T17:42:36Z,Digitizer_run1609_subrun2.csv,79,False,,,2.33,-0.4606
2026-04-09T17:42:36Z,Digitizer_run1609_subrun2.csv,80,False,,,2.33,-0.4733
2026-04-09T17:42:36Z,Digitizer_run1609_subrun2.csv,81,False,,,2.91,-0.4732
2026-04-09T17:42:36Z,Digitizer_run1609_subrun2.csv,82,False,,,2.33,-0.4573
2026-04-09T17:42:36Z,Digitizer_run1609_subrun2.csv,83,False,,,2.33,-0.4524
2026-04-09T17:42:36Z,Digitizer_run1609_subrun2.csv,84,False,,,2.54,-0.4632
2026-04-09T17:42:36Z,Digitizer_run1609_subrun2.csv,85,False,,,2.33,-0.4501
2026-04-09T17:42:36Z,Digitizer_run1609_subrun2.csv,86,False,,,2.46,-0.4625
2026-04-09T17:42:36Z,Digitizer_run1609_subrun2.csv,87,False,,,2.5,-0.4587
2026-04-09T17:42:36Z,Digitizer_run1609_subrun2.csv,88,False,,,2.33,-0.4589
2026-04-09T17:42:36Z,Digitizer_run1609_subrun2.csv,89,False,,,2.33,-0.4517
2026-04-09T17:42:36Z,Digitizer_run1609_subrun2.csv,90,False,,,2.33,-0.4585
2026-04-09T17:42:36Z,Digitizer_run1609_subrun2.csv,91,False,,,2.55,-0.4867
2026-04-09T17:42:36Z,Digitizer_run1609_subrun2.csv,92,False,,,3.1,-0.4584
2026-04-09T17:42:36Z,Digitizer_run1609_subrun2.csv,93,False,,,2.33,-0.4584
2026-04-09T17:42:36Z,Digitizer_run1609_subrun2.csv,94,False,,,2.33,-0.4844
2026-04-09T17:42:36Z,Digitizer_run1609_subrun2.csv,95,False,,,3.46,-0.5028
2026-04-09T17:42:43Z,Digitizer_run1609_subrun402.csv,0,False,,,2.97,-0.4472
2026-04-09T17:42:43Z,Digitizer_run1609_subrun402.csv,1,False,,,2.97,-0.4602
2026-04-09T17:42:43Z,Digitizer_run1609_subrun402.csv,2,False,,,2.97,-0.4588
2026-04-09T17:42:43Z,Digitizer_run1609_subrun402.csv,3,False,,,2.97,-0.4606
2026-04-09T17:42:43Z,Digitizer_run1609_subrun402.csv,4,False,,,2.97,-0.4457
2026-04-09T17:42:43Z,Digitizer_run1609_subrun402.csv,5,False,,,2.97,-0.4558
2026-04-09T17:42:43Z,Digitizer_run1609_subrun402.csv,6,False,,,2.97,-0.4622
2026-04-09T17:42:43Z,Digitizer_run1609_subrun402.csv,7,False,,,3.0,-0.452
2026-04-09T17:42:43Z,Digitizer_run1609_subrun402.csv,8,False,,,2.97,-0.4567
2026-04-09T17:42:43Z,Digitizer_run1609_subrun402.csv,9,False,,,2.97,-0.4388
2026-04-09T17:42:43Z,Digitizer_run1609_subrun402.csv,10,False,,,2.97,-0.437
2026-04-09T17:42:43Z,Digitizer_run1609_subrun402.csv,11,False,,,2.97,-0.4353
2026-04-09T17:42:43Z,Digitizer_run1609_subrun402.csv,12,False,,,2.97,-0.4446
2026-04-09T17:42:43Z,Digitizer_run1609_subrun402.csv,13,False,,,2.97,-0.4535
2026-04-09T17:42:43Z,Digitizer_run1609_subrun402.csv,14,False,,,2.97,-0.4534
2026-04-09T17:42:43Z,Digitizer_run1609_subrun402.csv,15,False,,,2.97,-0.4591
2026-04-09T17:42:43Z,Digitizer_run1609_subrun402.csv,16,False,,,2.97,-0.4376
2026-04-09T17:42:43Z,Digitizer_run1609_subrun402.csv,17,False,,,2.97,-0.4456
2026-04-09T17:42:43Z,Digitizer_run1609_subrun402.csv,18,False,,,2.99,-0.4566
2026-04-09T17:42:43Z,Digitizer_run1609_subrun402.csv,19,False,,,2.97,-0.4485
2026-04-09T17:42:43Z,Digitizer_run1609_subrun402.csv,20,False,,,2.97,-0.4468
2026-04-09T17:42:43Z,Digitizer_run1609_subrun402.csv,21,False,,,2.97,-0.4523
2026-04-09T17:42:43Z,Digitizer_run1609_subrun402.csv,22,False,,,2.97,-0.4464
2026-04-09T17:42:43Z,Digitizer_run1609_subrun402.csv,23,False,,,2.97,-0.471
2026-04-09T17:42:43Z,Digitizer_run1609_subrun402.csv,24,False,,,2.97,-0.4559
2026-04-09T17:42:43Z,Digitizer_run1609_subrun402.csv,25,False,,,2.97,-0.4674
2026-04-09T17:42:43Z,Digitizer_run1609_subrun402.csv,26,False,,,2.97,-0.442
2026-04-09T17:42:43Z,Digitizer_run1609_subrun402.csv,27,False,,,2.97,-0.4414
2026-04-09T17:42:43Z,Digitizer_run1609_subrun402.csv,28,False,,,2.97,-0.4515
2026-04-09T17:42:43Z,Digitizer_run1609_subrun402.csv,29,False,,,2.97,-0.456
2026-04-09T17:42:43Z,Digitizer_run1609_subrun402.csv,30,False,,,2.97,-0.4593
2026-04-09T17:42:43Z,Digitizer_run1609_subrun402.csv,31,False,,,2.97,-0.4346
2026-04-09T17:42:43Z,Digitizer_run1609_subrun402.csv,32,False,,,2.97,-0.4448
2026-04-09T17:42:43Z,Digitizer_run1609_subrun402.csv,33,False,,,2.97,-0.442
2026-04-09T17:42:43Z,Digitizer_run1609_subrun402.csv,34,False,,,2.97,-0.4461
2026-04-09T17:42:43Z,Digitizer_run1609_subrun402.csv,35,False,,,2.97,-0.4379
2026-04-09T17:42:43Z,Digitizer_run1609_subrun402.csv,36,False,,,2.97,-0.4755
2026-04-09T17:42:43Z,Digitizer_run1609_subrun402.csv,37,False,,,3.38,-0.4822
2026-04-09T17:42:43Z,Digitizer_run1609_subrun402.csv,38,False,,,3.94,-0.4794
2026-04-09T17:42:43Z,Digitizer_run1609_subrun402.csv,39,False,,,2.97,-0.4501
2026-04-09T17:42:43Z,Digitizer_run1609_subrun402.csv,40,False,,,2.97,-0.4362
2026-04-09T17:42:43Z,Digitizer_run1609_subrun402.csv,41,False,,,2.97,-0.4724
2026-04-09T17:42:43Z,Digitizer_run1609_subrun402.csv,42,False,,,3.36,-0.4613
2026-04-09T17:42:43Z,Digitizer_run1609_subrun402.csv,43,False,,,2.97,-0.4341
2026-04-09T17:42:43Z,Digitizer_run1609_subrun402.csv,44,False,,,2.97,-0.4621
2026-04-09T17:42:43Z,Digitizer_run1609_subrun402.csv,45,False,,,2.97,-0.4554
2026-04-09T17:42:43Z,Digitizer_run1609_subrun402.csv,46,False,,,2.97,-0.4601
2026-04-09T17:42:43Z,Digitizer_run1609_subrun402.csv,47,False,,,4.45,-0.4793
2026-04-09T17:42:43Z,Digitizer_run1609_subrun402.csv,48,False,,,2.97,-0.4398
2026-04-09T17:42:43Z,Digitizer_run1609_subrun402.csv,49,False,,,2.97,-0.4392
2026-04-09T17:42:43Z,Digitizer_run1609_subrun402.csv,50,False,,,2.97,-0.4479
2026-04-09T17:42:43Z,Digitizer_run1609_subrun402.csv,51,False,,,2.97,-0.4472
2026-04-09T17:42:43Z,Digitizer_run1609_subrun402.csv,52,False,,,2.97,-0.4366
2026-04-09T17:42:43Z,Digitizer_run1609_subrun402.csv,53,False,,,2.97,-0.4375
2026-04-09T17:42:43Z,Digitizer_run1609_subrun402.csv,54,False,,,2.97,-0.4395
2026-04-09T17:42:43Z,Digitizer_run1609_subrun402.csv,55,False,,,2.97,-0.4507
2026-04-09T17:42:43Z,Digitizer_run1609_subrun402.csv,56,False,,,2.97,-0.4691
2026-04-09T17:42:43Z,Digitizer_run1609_subrun402.csv,57,False,,,2.97,-0.458
2026-04-09T17:42:43Z,Digitizer_run1609_subrun402.csv,58,False,,,2.97,-0.4483
2026-04-09T17:42:43Z,Digitizer_run1609_subrun402.csv,59,False,,,2.97,-0.4566
2026-04-09T17:42:43Z,Digitizer_run1609_subrun402.csv,60,False,,,2.97,-0.4381
2026-04-09T17:42:43Z,Digitizer_run1609_subrun402.csv,61,False,,,3.43,-0.4542
2026-04-09T17:42:43Z,Digitizer_run1609_subrun402.csv,62,False,,,2.97,-0.439
2026-04-09T17:42:43Z,Digitizer_run1609_subrun402.csv,63,False,,,2.97,-0.4293
2026-04-09T17:42:43Z,Digitizer_run1609_subrun402.csv,64,False,,,2.97,-0.4473
2026-04-09T17:42:43Z,Digitizer_run1609_subrun402.csv,65,False,,,2.97,-0.4503
2026-04-09T17:42:43Z,Digitizer_run1609_subrun402.csv,66,False,,,2.97,-0.4568
2026-04-09T17:42:43Z,Digitizer_run1609_subrun402.csv,67,False,,,2.97,-0.4486
2026-04-09T17:42:43Z,Digitizer_run1609_subrun402.csv,68,False,,,2.97,-0.4552
2026-04-09T17:42:43Z,Digitizer_run1609_subrun402.csv,69,False,,,2.97,-0.4423
2026-04-09T17:42:43Z,Digitizer_run1609_subrun402.csv,70,False,,,2.97,-0.4423
2026-04-09T17:42:43Z,Digitizer_run1609_subrun402.csv,71,False,,,2.97,-0.4664
2026-04-09T17:42:43Z,Digitizer_run1609_subrun402.csv,72,False,,,2.97,-0.4378
2026-04-09T17:42:43Z,Digitizer_run1609_subrun402.csv,73,False,,,2.97,-0.4352
2026-04-09T17:42:43Z,Digitizer_run1609_subrun402.csv,74,False,,,2.97,-0.4693
2026-04-09T17:42:43Z,Digitizer_run1609_subrun402.csv,75,False,,,2.97,-0.4583
2026-04-09T17:42:43Z,Digitizer_run1609_subrun402.csv,76,False,,,2.97,-0.4319
2026-04-09T17:42:43Z,Digitizer_run1609_subrun402.csv,77,False,,,2.97,-0.4542
2026-04-09T17:42:43Z,Digitizer_run1609_subrun402.csv,78,False,,,2.97,-0.44
2026-04-09T17:42:43Z,Digitizer_run1609_subrun402.csv,79,False,,,2.97,-0.446
2026-04-09T17:42:43Z,Digitizer_run1609_subrun402.csv,80,False,,,2.97,-0.4443
2026-04-09T17:42:43Z,Digitizer_run1609_subrun402.csv,81,False,,,2.97,-0.4464
2026-04-09T17:42:43Z,Digitizer_run1609_subrun402.csv,82,False,,,3.03,-0.4584
2026-04-09T17:42:43Z,Digitizer_run1609_subrun402.csv,83,False,,,2.97,-0.4414
2026-04-09T17:42:43Z,Digitizer_run1609_subrun402.csv,84,False,,,3.91,-0.4724
2026-04-09T17:42:43Z,Digitizer_run1609_subrun402.csv,85,False,,,2.97,-0.4492
2026-04-09T17:42:43Z,Digitizer_run1609_subrun402.csv,86,False,,,2.97,-0.444
2026-04-09T17:42:43Z,Digitizer_run1609_subrun402.csv,87,False,,,2.97,-0.452
2026-04-09T17:42:43Z,Digitizer_run1609_subrun402.csv,88,False,,,3.18,-0.4795
2026-04-09T17:42:43Z,Digitizer_run1609_subrun402.csv,89,False,,,2.97,-0.4697
2026-04-09T17:42:43Z,Digitizer_run1609_subrun402.csv,90,False,,,2.97,-0.4771
2026-04-09T17:42:43Z,Digitizer_run1609_subrun402.csv,91,False,,,2.97,-0.4622
2026-04-09T17:42:43Z,Digitizer_run1609_subrun402.csv,92,False,,,2.97,-0.462
2026-04-09T17:42:43Z,Digitizer_run1609_subrun402.csv,93,False,,,2.97,-0.4658
2026-04-09T17:42:43Z,Digitizer_run1609_subrun402.csv,94,False,,,2.97,-0.4804
2026-04-09T17:42:43Z,Digitizer_run1609_subrun402.csv,95,False,,,2.97,-0.4875
2026-04-09T17:42:51Z,Digitizer_run1606_subrun16.csv,0,False,,,2.05,-0.447
2026-04-09T17:42:51Z,Digitizer_run1606_subrun16.csv,1,False,,,2.05,-0.4298
2026-04-09T17:42:51Z,Digitizer_run1606_subrun16.csv,2,False,,,2.35,-0.4546
2026-04-09T17:42:51Z,Digitizer_run1606_subrun16.csv,3,False,,,2.05,-0.4393
2026-04-09T17:42:51Z,Digitizer_run1606_subrun16.csv,4,False,,,2.06,-0.4294
2026-04-09T17:42:51Z,Digitizer_run1606_subrun16.csv,5,False,,,2.33,-0.4464
2026-04-09T17:42:51Z,Digitizer_run1606_subrun16.csv,6,False,,,2.05,-0.4301
2026-04-09T17:42:51Z,Digitizer_run1606_subrun16.csv,7,False,,,2.11,-0.4415
2026-04-09T17:42:51Z,Digitizer_run1606_subrun16.csv,8,False,,,2.29,-0.4337
2026-04-09T17:42:51Z,Digitizer_run1606_subrun16.csv,9,False,,,2.05,-0.4317
2026-04-09T17:42:51Z,Digitizer_run1606_subrun16.csv,10,False,,,2.05,-0.4436
2026-04-09T17:42:51Z,Digitizer_run1606_subrun16.csv,11,False,,,3.09,-0.4478
2026-04-09T17:42:51Z,Digitizer_run1606_subrun16.csv,12,False,,,2.91,-0.4392
2026-04-09T17:42:51Z,Digitizer_run1606_subrun16.csv,13,False,,,2.7,-0.4491
2026-04-09T17:42:51Z,Digitizer_run1606_subrun16.csv,14,False,,,2.19,-0.4477
2026-04-09T17:42:51Z,Digitizer_run1606_subrun16.csv,15,False,,,2.05,-0.4378
2026-04-09T17:42:51Z,Digitizer_run1606_subrun16.csv,16,False,,,2.37,-0.438
2026-04-09T17:42:51Z,Digitizer_run1606_subrun16.csv,17,False,,,2.57,-0.4325
2026-04-09T17:42:51Z,Digitizer_run1606_subrun16.csv,18,False,,,2.05,-0.43
2026-04-09T17:42:51Z,Digitizer_run1606_subrun16.csv,19,False,,,2.05,-0.4282
2026-04-09T17:42:51Z,Digitizer_run1606_subrun16.csv,20,False,,,2.64,-0.4567
2026-04-09T17:42:51Z,Digitizer_run1606_subrun16.csv,21,False,,,2.58,-0.4631
2026-04-09T17:42:51Z,Digitizer_run1606_subrun16.csv,22,False,,,2.56,-0.4465
2026-04-09T17:42:51Z,Digitizer_run1606_subrun16.csv,23,False,,,2.52,-0.4477
2026-04-09T17:42:51Z,Digitizer_run1606_subrun16.csv,24,False,,,2.05,-0.4274
2026-04-09T17:42:51Z,Digitizer_run1606_subrun16.csv,25,False,,,2.05,-0.4252
2026-04-09T17:42:51Z,Digitizer_run1606_subrun16.csv,26,False,,,2.13,-0.4372
2026-04-09T17:42:51Z,Digitizer_run1606_subrun16.csv,27,False,,,2.11,-0.4456
2026-04-09T17:42:51Z,Digitizer_run1606_subrun16.csv,28,False,,,2.05,-0.4359
2026-04-09T17:42:51Z,Digitizer_run1606_subrun16.csv,29,False,,,2.71,-0.4424
2026-04-09T17:42:51Z,Digitizer_run1606_subrun16.csv,30,False,,,2.05,-0.4288
2026-04-09T17:42:51Z,Digitizer_run1606_subrun16.csv,31,False,,,2.05,-0.433
2026-04-09T17:42:51Z,Digitizer_run1606_subrun16.csv,32,False,,,2.14,-0.4533
2026-04-09T17:42:51Z,Digitizer_run1606_subrun16.csv,33,False,,,2.63,-0.4562
2026-04-09T17:42:51Z,Digitizer_run1606_subrun16.csv,34,False,,,3.67,-0.4532
2026-04-09T17:42:51Z,Digitizer_run1606_subrun16.csv,35,False,,,3.95,-0.4506
2026-04-09T17:42:51Z,Digitizer_run1606_subrun16.csv,36,False,,,2.77,-0.447
2026-04-09T17:42:51Z,Digitizer_run1606_subrun16.csv,37,False,,,2.53,-0.4552
2026-04-09T17:42:51Z,Digitizer_run1606_subrun16.csv,38,False,,,2.05,-0.4312
2026-04-09T17:42:51Z,Digitizer_run1606_subrun16.csv,39,False,,,2.27,-0.4313
2026-04-09T17:42:51Z,Digitizer_run1606_subrun16.csv,40,False,,,2.19,-0.4364
2026-04-09T17:42:51Z,Digitizer_run1606_subrun16.csv,41,False,,,2.94,-0.4383
2026-04-09T17:42:51Z,Digitizer_run1606_subrun16.csv,42,False,,,2.05,-0.4315
2026-04-09T17:42:51Z,Digitizer_run1606_subrun16.csv,43,False,,,2.27,-0.4343
2026-04-09T17:42:51Z,Digitizer_run1606_subrun16.csv,44,False,,,2.28,-0.4522
2026-04-09T17:42:51Z,Digitizer_run1606_subrun16.csv,45,False,,,2.93,-0.4559
2026-04-09T17:42:51Z,Digitizer_run1606_subrun16.csv,46,False,,,2.05,-0.4345
2026-04-09T17:42:51Z,Digitizer_run1606_subrun16.csv,47,False,,,2.08,-0.4316
2026-04-09T17:42:51Z,Digitizer_run1606_subrun16.csv,48,False,,,2.05,-0.4198
2026-04-09T17:42:51Z,Digitizer_run1606_subrun16.csv,49,False,,,2.05,-0.4417
2026-04-09T17:42:51Z,Digitizer_run1606_subrun16.csv,50,False,,,2.56,-0.4289
2026-04-09T17:42:51Z,Digitizer_run1606_subrun16.csv,51,False,,,2.65,-0.4447
2026-04-09T17:42:51Z,Digitizer_run1606_subrun16.csv,52,False,,,2.64,-0.4621
2026-04-09T17:42:51Z,Digitizer_run1606_subrun16.csv,53,False,,,2.05,-0.4535
2026-04-09T17:42:51Z,Digitizer_run1606_subrun16.csv,54,False,,,2.94,-0.4628
2026-04-09T17:42:51Z,Digitizer_run1606_subrun16.csv,55,False,,,2.54,-0.4438
2026-04-09T17:42:51Z,Digitizer_run1606_subrun16.csv,56,False,,,2.5,-0.4523
2026-04-09T17:42:51Z,Digitizer_run1606_subrun16.csv,57,False,,,2.05,-0.4234
2026-04-09T17:42:51Z,Digitizer_run1606_subrun16.csv,58,False,,,3.25,-0.4515
2026-04-09T17:42:51Z,Digitizer_run1606_subrun16.csv,59,False,,,2.49,-0.4439
2026-04-09T17:42:51Z,Digitizer_run1606_subrun16.csv,60,False,,,2.2,-0.433
2026-04-09T17:42:51Z,Digitizer_run1606_subrun16.csv,61,False,,,2.05,-0.4229
2026-04-09T17:42:51Z,Digitizer_run1606_subrun16.csv,62,False,,,2.77,-0.4564
2026-04-09T17:42:51Z,Digitizer_run1606_subrun16.csv,63,False,,,2.34,-0.4517
2026-04-09T17:42:51Z,Digitizer_run1606_subrun16.csv,64,False,,,2.14,-0.4295
2026-04-09T17:42:51Z,Digitizer_run1606_subrun16.csv,65,False,,,2.47,-0.4437
2026-04-09T17:42:51Z,Digitizer_run1606_subrun16.csv,66,False,,,2.05,-0.423
2026-04-09T17:42:51Z,Digitizer_run1606_subrun16.csv,67,False,,,2.13,-0.4296
2026-04-09T17:42:51Z,Digitizer_run1606_subrun16.csv,68,False,,,3.99,-0.4594
2026-04-09T17:42:51Z,Digitizer_run1606_subrun16.csv,69,True,statistical,sideband_mean_mean,5.96,-0.462
2026-04-09T17:42:51Z,Digitizer_run1606_subrun16.csv,70,False,,,2.05,-0.4231
2026-04-09T17:42:51Z,Digitizer_run1606_subrun16.csv,71,False,,,2.58,-0.4395
2026-04-09T17:42:51Z,Digitizer_run1606_subrun16.csv,72,False,,,2.05,-0.4329
2026-04-09T17:42:51Z,Digitizer_run1606_subrun16.csv,73,False,,,2.34,-0.4418
2026-04-09T17:42:51Z,Digitizer_run1606_subrun16.csv,74,False,,,2.48,-0.4398
2026-04-09T17:42:51Z,Digitizer_run1606_subrun16.csv,75,False,,,2.05,-0.4303
2026-04-09T17:42:51Z,Digitizer_run1606_subrun16.csv,76,False,,,2.05,-0.4238
2026-04-09T17:42:51Z,Digitizer_run1606_subrun16.csv,77,False,,,2.05,-0.4359
2026-04-09T17:42:51Z,Digitizer_run1606_subrun16.csv,78,False,,,3.34,-0.4592
2026-04-09T17:42:51Z,Digitizer_run1606_subrun16.csv,79,False,,,2.74,-0.4493
2026-04-09T17:42:51Z,Digitizer_run1606_subrun16.csv,80,False,,,2.05,-0.4286
2026-04-09T17:42:51Z,Digitizer_run1606_subrun16.csv,81,False,,,2.06,-0.4374
2026-04-09T17:42:51Z,Digitizer_run1606_subrun16.csv,82,False,,,2.1,-0.4404
2026-04-09T17:42:51Z,Digitizer_run1606_subrun16.csv,83,False,,,2.64,-0.4457
2026-04-09T17:42:51Z,Digitizer_run1606_subrun16.csv,84,False,,,2.05,-0.4433
2026-04-09T17:42:51Z,Digitizer_run1606_subrun16.csv,85,False,,,2.05,-0.4425
2026-04-09T17:42:51Z,Digitizer_run1606_subrun16.csv,86,False,,,2.05,-0.4276
2026-04-09T17:42:51Z,Digitizer_run1606_subrun16.csv,87,False,,,2.05,-0.4436
2026-04-09T17:42:51Z,Digitizer_run1606_subrun16.csv,88,False,,,3.36,-0.4424
2026-04-09T17:42:51Z,Digitizer_run1606_subrun16.csv,89,False,,,2.05,-0.44
2026-04-09T17:42:51Z,Digitizer_run1606_subrun16.csv,90,False,,,2.82,-0.4718
2026-04-09T17:42:51Z,Digitizer_run1606_subrun16.csv,91,False,,,3.17,-0.4642
2026-04-09T17:42:51Z,Digitizer_run1606_subrun16.csv,92,False,,,2.59,-0.4578
2026-04-09T17:42:51Z,Digitizer_run1606_subrun16.csv,93,False,,,2.31,-0.4578
2026-04-09T17:42:51Z,Digitizer_run1606_subrun16.csv,94,False,,,2.12,-0.4601
2026-04-09T17:42:51Z,Digitizer_run1606_subrun16.csv,95,False,,,3.55,-0.4586
2026-04-09T17:42:57Z,Digitizer_run1607_subrun422.csv,0,False,,,2.53,-0.4367
2026-04-09T17:42:57Z,Digitizer_run1607_subrun422.csv,1,False,,,2.21,-0.4202
2026-04-09T17:42:57Z,Digitizer_run1607_subrun422.csv,2,False,,,2.21,-0.4195
2026-04-09T17:42:57Z,Digitizer_run1607_subrun422.csv,3,False,,,2.3,-0.4422
2026-04-09T17:42:57Z,Digitizer_run1607_subrun422.csv,4,False,,,2.21,-0.4397
2026-04-09T17:42:57Z,Digitizer_run1607_subrun422.csv,5,False,,,2.21,-0.4261
2026-04-09T17:42:57Z,Digitizer_run1607_subrun422.csv,6,False,,,2.21,-0.4301
2026-04-09T17:42:57Z,Digitizer_run1607_subrun422.csv,7,False,,,2.21,-0.4442
2026-04-09T17:42:57Z,Digitizer_run1607_subrun422.csv,8,False,,,2.21,-0.4271
2026-04-09T17:42:57Z,Digitizer_run1607_subrun422.csv,9,False,,,2.21,-0.421
2026-04-09T17:42:57Z,Digitizer_run1607_subrun422.csv,10,False,,,2.21,-0.4357
2026-04-09T17:42:57Z,Digitizer_run1607_subrun422.csv,11,False,,,2.21,-0.4263
2026-04-09T17:42:57Z,Digitizer_run1607_subrun422.csv,12,False,,,3.58,-0.4653
2026-04-09T17:42:57Z,Digitizer_run1607_subrun422.csv,13,False,,,2.41,-0.4661
2026-04-09T17:42:57Z,Digitizer_run1607_subrun422.csv,14,False,,,3.75,-0.4835
2026-04-09T17:42:57Z,Digitizer_run1607_subrun422.csv,15,False,,,2.21,-0.445
2026-04-09T17:42:57Z,Digitizer_run1607_subrun422.csv,16,False,,,2.52,-0.448
2026-04-09T17:42:57Z,Digitizer_run1607_subrun422.csv,17,False,,,2.55,-0.4515
2026-04-09T17:42:57Z,Digitizer_run1607_subrun422.csv,18,False,,,2.21,-0.4302
2026-04-09T17:42:57Z,Digitizer_run1607_subrun422.csv,19,False,,,2.21,-0.4273
2026-04-09T17:42:57Z,Digitizer_run1607_subrun422.csv,20,False,,,2.21,-0.4484
2026-04-09T17:42:57Z,Digitizer_run1607_subrun422.csv,21,False,,,2.4,-0.4453
2026-04-09T17:42:57Z,Digitizer_run1607_subrun422.csv,22,False,,,2.21,-0.4198
2026-04-09T17:42:57Z,Digitizer_run1607_subrun422.csv,23,False,,,2.21,-0.4268
2026-04-09T17:42:57Z,Digitizer_run1607_subrun422.csv,24,False,,,2.74,-0.4324
2026-04-09T17:42:57Z,Digitizer_run1607_subrun422.csv,25,False,,,2.21,-0.4217
2026-04-09T17:42:57Z,Digitizer_run1607_subrun422.csv,26,False,,,2.21,-0.4408
2026-04-09T17:42:57Z,Digitizer_run1607_subrun422.csv,27,False,,,2.94,-0.4304
2026-04-09T17:42:57Z,Digitizer_run1607_subrun422.csv,28,False,,,4.9,-0.4706
2026-04-09T17:42:57Z,Digitizer_run1607_subrun422.csv,29,False,,,2.24,-0.4316
2026-04-09T17:42:57Z,Digitizer_run1607_subrun422.csv,30,False,,,2.21,-0.4456
2026-04-09T17:42:57Z,Digitizer_run1607_subrun422.csv,31,False,,,2.21,-0.427
2026-04-09T17:42:57Z,Digitizer_run1607_subrun422.csv,32,False,,,2.21,-0.4398
2026-04-09T17:42:57Z,Digitizer_run1607_subrun422.csv,33,False,,,3.26,-0.4674
2026-04-09T17:42:57Z,Digitizer_run1607_subrun422.csv,34,False,,,2.21,-0.4292
2026-04-09T17:42:57Z,Digitizer_run1607_subrun422.csv,35,False,,,2.21,-0.424
2026-04-09T17:42:57Z,Digitizer_run1607_subrun422.csv,36,False,,,2.23,-0.4316
2026-04-09T17:42:57Z,Digitizer_run1607_subrun422.csv,37,False,,,2.4,-0.4394
2026-04-09T17:42:57Z,Digitizer_run1607_subrun422.csv,38,False,,,2.21,-0.4353
2026-04-09T17:42:57Z,Digitizer_run1607_subrun422.csv,39,False,,,2.21,-0.4183
2026-04-09T17:42:57Z,Digitizer_run1607_subrun422.csv,40,False,,,2.21,-0.4285
2026-04-09T17:42:57Z,Digitizer_run1607_subrun422.csv,41,False,,,2.21,-0.4263
2026-04-09T17:42:57Z,Digitizer_run1607_subrun422.csv,42,False,,,2.21,-0.4309
2026-04-09T17:42:57Z,Digitizer_run1607_subrun422.csv,43,False,,,2.88,-0.443
2026-04-09T17:42:57Z,Digitizer_run1607_subrun422.csv,44,False,,,2.21,-0.4243
2026-04-09T17:42:57Z,Digitizer_run1607_subrun422.csv,45,False,,,2.33,-0.4465
2026-04-09T17:42:57Z,Digitizer_run1607_subrun422.csv,46,False,,,3.24,-0.4582
2026-04-09T17:42:57Z,Digitizer_run1607_subrun422.csv,47,False,,,2.37,-0.446
2026-04-09T17:42:57Z,Digitizer_run1607_subrun422.csv,48,False,,,2.21,-0.4287
2026-04-09T17:42:57Z,Digitizer_run1607_subrun422.csv,49,False,,,2.21,-0.4212
2026-04-09T17:42:57Z,Digitizer_run1607_subrun422.csv,50,False,,,2.46,-0.4428
2026-04-09T17:42:57Z,Digitizer_run1607_subrun422.csv,51,False,,,2.35,-0.4382
2026-04-09T17:42:57Z,Digitizer_run1607_subrun422.csv,52,False,,,2.87,-0.4619
2026-04-09T17:42:57Z,Digitizer_run1607_subrun422.csv,53,False,,,3.17,-0.4566
2026-04-09T17:42:57Z,Digitizer_run1607_subrun422.csv,54,False,,,2.21,-0.4348
2026-04-09T17:42:57Z,Digitizer_run1607_subrun422.csv,55,False,,,2.21,-0.4258
2026-04-09T17:42:57Z,Digitizer_run1607_subrun422.csv,56,False,,,2.21,-0.4291
2026-04-09T17:42:57Z,Digitizer_run1607_subrun422.csv,57,False,,,2.21,-0.4388
2026-04-09T17:42:57Z,Digitizer_run1607_subrun422.csv,58,False,,,2.21,-0.4192
2026-04-09T17:42:57Z,Digitizer_run1607_subrun422.csv,59,False,,,2.21,-0.4397
2026-04-09T17:42:57Z,Digitizer_run1607_subrun422.csv,60,False,,,2.31,-0.4444
2026-04-09T17:42:57Z,Digitizer_run1607_subrun422.csv,61,False,,,2.31,-0.4343
2026-04-09T17:42:57Z,Digitizer_run1607_subrun422.csv,62,False,,,2.86,-0.4567
2026-04-09T17:42:57Z,Digitizer_run1607_subrun422.csv,63,False,,,2.64,-0.4608
2026-04-09T17:42:57Z,Digitizer_run1607_subrun422.csv,64,False,,,2.67,-0.4452
2026-04-09T17:42:57Z,Digitizer_run1607_subrun422.csv,65,False,,,2.84,-0.4437
2026-04-09T17:42:57Z,Digitizer_run1607_subrun422.csv,66,False,,,2.62,-0.4497
2026-04-09T17:42:57Z,Digitizer_run1607_subrun422.csv,67,False,,,2.21,-0.4331
2026-04-09T17:42:57Z,Digitizer_run1607_subrun422.csv,68,False,,,2.21,-0.4312
2026-04-09T17:42:57Z,Digitizer_run1607_subrun422.csv,69,False,,,2.44,-0.434
2026-04-09T17:42:57Z,Digitizer_run1607_subrun422.csv,70,False,,,3.18,-0.4676
2026-04-09T17:42:57Z,Digitizer_run1607_subrun422.csv,71,False,,,3.55,-0.4695
2026-04-09T17:42:57Z,Digitizer_run1607_subrun422.csv,72,False,,,2.21,-0.4335
2026-04-09T17:42:57Z,Digitizer_run1607_subrun422.csv,73,False,,,2.21,-0.4307
2026-04-09T17:42:57Z,Digitizer_run1607_subrun422.csv,74,False,,,2.21,-0.4277
2026-04-09T17:42:57Z,Digitizer_run1607_subrun422.csv,75,False,,,4.22,-0.4416
2026-04-09T17:42:57Z,Digitizer_run1607_subrun422.csv,76,False,,,3.27,-0.4768
2026-04-09T17:42:57Z,Digitizer_run1607_subrun422.csv,77,False,,,3.65,-0.4461
2026-04-09T17:42:57Z,Digitizer_run1607_subrun422.csv,78,False,,,2.21,-0.4378
2026-04-09T17:42:57Z,Digitizer_run1607_subrun422.csv,79,False,,,2.21,-0.431
2026-04-09T17:42:57Z,Digitizer_run1607_subrun422.csv,80,False,,,2.8,-0.4406
2026-04-09T17:42:57Z,Digitizer_run1607_subrun422.csv,81,False,,,2.36,-0.4239
2026-04-09T17:42:57Z,Digitizer_run1607_subrun422.csv,82,False,,,2.21,-0.4321
2026-04-09T17:42:57Z,Digitizer_run1607_subrun422.csv,83,False,,,2.55,-0.4295
2026-04-09T17:42:57Z,Digitizer_run1607_subrun422.csv,84,False,,,2.52,-0.4539
2026-04-09T17:42:57Z,Digitizer_run1607_subrun422.csv,85,False,,,2.8,-0.448
2026-04-09T17:42:57Z,Digitizer_run1607_subrun422.csv,86,False,,,2.21,-0.4282
2026-04-09T17:42:57Z,Digitizer_run1607_subrun422.csv,87,False,,,2.21,-0.433
2026-04-09T17:42:57Z,Digitizer_run1607_subrun422.csv,88,False,,,2.21,-0.4346
2026-04-09T17:42:57Z,Digitizer_run1607_subrun422.csv,89,False,,,2.21,-0.4389
2026-04-09T17:42:57Z,Digitizer_run1607_subrun422.csv,90,False,,,2.21,-0.4369
2026-04-09T17:42:57Z,Digitizer_run1607_subrun422.csv,91,False,,,2.21,-0.4568
2026-04-09T17:42:57Z,Digitizer_run1607_subrun422.csv,92,False,,,2.21,-0.4574
2026-04-09T17:42:57Z,Digitizer_run1607_subrun422.csv,93,False,,,2.21,-0.4459
2026-04-09T17:42:57Z,Digitizer_run1607_subrun422.csv,94,False,,,2.21,-0.4634
2026-04-09T17:42:57Z,Digitizer_run1607_subrun422.csv,95,False,,,2.21,-0.4543
2026-04-09T17:43:02Z,Digitizer_run1611_subrun198.csv,0,False,,,2.68,-0.4579
2026-04-09T17:43:02Z,Digitizer_run1611_subrun198.csv,1,False,,,2.68,-0.4622
2026-04-09T17:43:02Z,Digitizer_run1611_subrun198.csv,2,False,,,2.68,-0.4633
2026-04-09T17:43:02Z,Digitizer_run1611_subrun198.csv,3,False,,,2.68,-0.4734
2026-04-09T17:43:02Z,Digitizer_run1611_subrun198.csv,4,False,,,3.51,-0.4743
2026-04-09T17:43:02Z,Digitizer_run1611_subrun198.csv,5,False,,,2.68,-0.4593
2026-04-09T17:43:02Z,Digitizer_run1611_subrun198.csv,6,False,,,2.68,-0.4685
2026-04-09T17:43:02Z,Digitizer_run1611_subrun198.csv,7,False,,,2.68,-0.4592
2026-04-09T17:43:02Z,Digitizer_run1611_subrun198.csv,8,False,,,2.68,-0.4638
2026-04-09T17:43:02Z,Digitizer_run1611_subrun198.csv,9,False,,,2.68,-0.4525
2026-04-09T17:43:02Z,Digitizer_run1611_subrun198.csv,10,False,,,2.68,-0.478
2026-04-09T17:43:02Z,Digitizer_run1611_subrun198.csv,11,False,,,3.91,-0.488
2026-04-09T17:43:02Z,Digitizer_run1611_subrun198.csv,12,False,,,2.68,-0.4718
2026-04-09T17:43:02Z,Digitizer_run1611_subrun198.csv,13,False,,,2.68,-0.4549
2026-04-09T17:43:02Z,Digitizer_run1611_subrun198.csv,14,False,,,2.68,-0.471
2026-04-09T17:43:02Z,Digitizer_run1611_subrun198.csv,15,False,,,2.68,-0.4555
2026-04-09T17:43:02Z,Digitizer_run1611_subrun198.csv,16,False,,,2.68,-0.4682
2026-04-09T17:43:02Z,Digitizer_run1611_subrun198.csv,17,False,,,2.68,-0.4828
2026-04-09T17:43:02Z,Digitizer_run1611_subrun198.csv,18,False,,,2.68,-0.4482
2026-04-09T17:43:02Z,Digitizer_run1611_subrun198.csv,19,False,,,2.68,-0.4686
2026-04-09T17:43:02Z,Digitizer_run1611_subrun198.csv,20,False,,,2.68,-0.4666
2026-04-09T17:43:02Z,Digitizer_run1611_subrun198.csv,21,False,,,2.68,-0.4645
2026-04-09T17:43:02Z,Digitizer_run1611_subrun198.csv,22,False,,,2.68,-0.4606
2026-04-09T17:43:02Z,Digitizer_run1611_subrun198.csv,23,False,,,2.68,-0.4629
2026-04-09T17:43:02Z,Digitizer_run1611_subrun198.csv,24,False,,,2.68,-0.4653
2026-04-09T17:43:02Z,Digitizer_run1611_subrun198.csv,25,False,,,2.81,-0.4784
2026-04-09T17:43:02Z,Digitizer_run1611_subrun198.csv,26,False,,,2.68,-0.4615
2026-04-09T17:43:02Z,Digitizer_run1611_subrun198.csv,27,False,,,2.68,-0.4782
2026-04-09T17:43:02Z,Digitizer_run1611_subrun198.csv,28,False,,,2.94,-0.4714
2026-04-09T17:43:02Z,Digitizer_run1611_subrun198.csv,29,False,,,2.68,-0.4683
2026-04-09T17:43:02Z,Digitizer_run1611_subrun198.csv,30,False,,,2.68,-0.4532
2026-04-09T17:43:02Z,Digitizer_run1611_subrun198.csv,31,False,,,2.68,-0.4682
2026-04-09T17:43:02Z,Digitizer_run1611_subrun198.csv,32,False,,,2.68,-0.4628
2026-04-09T17:43:02Z,Digitizer_run1611_subrun198.csv,33,False,,,2.68,-0.4592
2026-04-09T17:43:02Z,Digitizer_run1611_subrun198.csv,34,False,,,2.68,-0.4718
2026-04-09T17:43:02Z,Digitizer_run1611_subrun198.csv,35,False,,,2.68,-0.4645
2026-04-09T17:43:02Z,Digitizer_run1611_subrun198.csv,36,False,,,2.68,-0.479
2026-04-09T17:43:02Z,Digitizer_run1611_subrun198.csv,37,False,,,2.68,-0.4661
2026-04-09T17:43:02Z,Digitizer_run1611_subrun198.csv,38,False,,,2.68,-0.4576
2026-04-09T17:43:02Z,Digitizer_run1611_subrun198.csv,39,False,,,3.81,-0.4635
2026-04-09T17:43:02Z,Digitizer_run1611_subrun198.csv,40,False,,,2.68,-0.4679
2026-04-09T17:43:02Z,Digitizer_run1611_subrun198.csv,41,False,,,2.68,-0.4716
2026-04-09T17:43:02Z,Digitizer_run1611_subrun198.csv,42,False,,,2.68,-0.4677
2026-04-09T17:43:02Z,Digitizer_run1611_subrun198.csv,43,False,,,2.68,-0.4588
2026-04-09T17:43:02Z,Digitizer_run1611_subrun198.csv,44,False,,,2.68,-0.4829
2026-04-09T17:43:02Z,Digitizer_run1611_subrun198.csv,45,False,,,2.68,-0.4574
2026-04-09T17:43:02Z,Digitizer_run1611_subrun198.csv,46,False,,,2.68,-0.476
2026-04-09T17:43:02Z,Digitizer_run1611_subrun198.csv,47,False,,,2.68,-0.4601
2026-04-09T17:43:02Z,Digitizer_run1611_subrun198.csv,48,False,,,2.68,-0.4518
2026-04-09T17:43:02Z,Digitizer_run1611_subrun198.csv,49,False,,,2.68,-0.4557
2026-04-09T17:43:02Z,Digitizer_run1611_subrun198.csv,50,False,,,2.68,-0.473
2026-04-09T17:43:02Z,Digitizer_run1611_subrun198.csv,51,False,,,2.68,-0.4811
2026-04-09T17:43:02Z,Digitizer_run1611_subrun198.csv,52,False,,,2.68,-0.4473
2026-04-09T17:43:02Z,Digitizer_run1611_subrun198.csv,53,False,,,2.68,-0.4471
2026-04-09T17:43:02Z,Digitizer_run1611_subrun198.csv,54,False,,,2.68,-0.4727
2026-04-09T17:43:02Z,Digitizer_run1611_subrun198.csv,55,False,,,2.68,-0.4539
2026-04-09T17:43:02Z,Digitizer_run1611_subrun198.csv,56,False,,,2.68,-0.4566
2026-04-09T17:43:02Z,Digitizer_run1611_subrun198.csv,57,False,,,2.68,-0.4532
2026-04-09T17:43:02Z,Digitizer_run1611_subrun198.csv,58,False,,,2.97,-0.4886
2026-04-09T17:43:02Z,Digitizer_run1611_subrun198.csv,59,False,,,2.68,-0.4844
2026-04-09T17:43:02Z,Digitizer_run1611_subrun198.csv,60,False,,,2.68,-0.4555
2026-04-09T17:43:02Z,Digitizer_run1611_subrun198.csv,61,False,,,2.68,-0.4519
2026-04-09T17:43:02Z,Digitizer_run1611_subrun198.csv,62,False,,,2.68,-0.4696
2026-04-09T17:43:02Z,Digitizer_run1611_subrun198.csv,63,False,,,2.68,-0.465
2026-04-09T17:43:02Z,Digitizer_run1611_subrun198.csv,64,False,,,2.68,-0.4625
2026-04-09T17:43:02Z,Digitizer_run1611_subrun198.csv,65,False,,,2.68,-0.4538
2026-04-09T17:43:02Z,Digitizer_run1611_subrun198.csv,66,False,,,2.68,-0.45
2026-04-09T17:43:02Z,Digitizer_run1611_subrun198.csv,67,False,,,2.68,-0.4566
2026-04-09T17:43:02Z,Digitizer_run1611_subrun198.csv,68,False,,,3.2,-0.4929
2026-04-09T17:43:02Z,Digitizer_run1611_subrun198.csv,69,False,,,2.77,-0.4823
2026-04-09T17:43:02Z,Digitizer_run1611_subrun198.csv,70,False,,,2.68,-0.457
2026-04-09T17:43:02Z,Digitizer_run1611_subrun198.csv,71,True,statistical,pulseHeight_min_median;pulseArea_min_median,6.12,-0.5025
2026-04-09T17:43:02Z,Digitizer_run1611_subrun198.csv,72,False,,,3.7,-0.4894
2026-04-09T17:43:02Z,Digitizer_run1611_subrun198.csv,73,False,,,2.68,-0.4621
2026-04-09T17:43:02Z,Digitizer_run1611_subrun198.csv,74,False,,,2.68,-0.4557
2026-04-09T17:43:02Z,Digitizer_run1611_subrun198.csv,75,False,,,2.68,-0.4613
2026-04-09T17:43:02Z,Digitizer_run1611_subrun198.csv,76,False,,,2.68,-0.4586
2026-04-09T17:43:02Z,Digitizer_run1611_subrun198.csv,77,False,,,2.68,-0.471
2026-04-09T17:43:02Z,Digitizer_run1611_subrun198.csv,78,False,,,2.68,-0.4599
2026-04-09T17:43:02Z,Digitizer_run1611_subrun198.csv,79,False,,,2.68,-0.4854
2026-04-09T17:43:02Z,Digitizer_run1611_subrun198.csv,80,False,,,2.68,-0.471
2026-04-09T17:43:02Z,Digitizer_run1611_subrun198.csv,81,False,,,2.68,-0.46
2026-04-09T17:43:02Z,Digitizer_run1611_subrun198.csv,82,False,,,2.68,-0.4673
2026-04-09T17:43:02Z,Digitizer_run1611_subrun198.csv,83,False,,,2.71,-0.4697
2026-04-09T17:43:02Z,Digitizer_run1611_subrun198.csv,84,False,,,2.89,-0.4841
2026-04-09T17:43:02Z,Digitizer_run1611_subrun198.csv,85,False,,,3.39,-0.4679
2026-04-09T17:43:02Z,Digitizer_run1611_subrun198.csv,86,False,,,2.68,-0.4691
2026-04-09T17:43:02Z,Digitizer_run1611_subrun198.csv,87,False,,,2.88,-0.4605
2026-04-09T17:43:02Z,Digitizer_run1611_subrun198.csv,88,False,,,3.97,-0.4762
2026-04-09T17:43:02Z,Digitizer_run1611_subrun198.csv,89,False,,,3.21,-0.4877
2026-04-09T17:43:02Z,Digitizer_run1611_subrun198.csv,90,False,,,2.68,-0.4692
2026-04-09T17:43:02Z,Digitizer_run1611_subrun198.csv,91,False,,,2.68,-0.4529
2026-04-09T17:43:02Z,Digitizer_run1611_subrun198.csv,92,False,,,2.68,-0.4711
2026-04-09T17:43:02Z,Digitizer_run1611_subrun198.csv,93,False,,,3.25,-0.4745
2026-04-09T17:43:02Z,Digitizer_run1611_subrun198.csv,94,False,,,2.68,-0.4775
2026-04-09T17:43:02Z,Digitizer_run1611_subrun198.csv,95,False,,,3.71,-0.483
2026-04-09T17:43:06Z,Digitizer_run1606_subrun121.csv,0,False,,,3.07,-0.4961
2026-04-09T17:43:06Z,Digitizer_run1606_subrun121.csv,1,False,,,3.07,-0.5093
2026-04-09T17:43:06Z,Digitizer_run1606_subrun121.csv,2,False,,,3.07,-0.5058
2026-04-09T17:43:06Z,Digitizer_run1606_subrun121.csv,3,False,,,3.72,-0.5132
2026-04-09T17:43:06Z,Digitizer_run1606_subrun121.csv,4,False,,,3.07,-0.4974
2026-04-09T17:43:06Z,Digitizer_run1606_subrun121.csv,5,False,,,3.07,-0.5091
2026-04-09T17:43:06Z,Digitizer_run1606_subrun121.csv,6,False,,,3.07,-0.4936
2026-04-09T17:43:06Z,Digitizer_run1606_subrun121.csv,7,True,isolation_forest,,3.31,-0.5213
2026-04-09T17:43:06Z,Digitizer_run1606_subrun121.csv,8,False,,,3.07,-0.4921
2026-04-09T17:43:06Z,Digitizer_run1606_subrun121.csv,9,False,,,3.84,-0.4879
2026-04-09T17:43:06Z,Digitizer_run1606_subrun121.csv,10,False,,,3.07,-0.4867
2026-04-09T17:43:06Z,Digitizer_run1606_subrun121.csv,11,False,,,3.07,-0.5079
2026-04-09T17:43:06Z,Digitizer_run1606_subrun121.csv,12,False,,,3.07,-0.4794
2026-04-09T17:43:06Z,Digitizer_run1606_subrun121.csv,13,False,,,3.09,-0.5079
2026-04-09T17:43:06Z,Digitizer_run1606_subrun121.csv,14,False,,,3.07,-0.4926
2026-04-09T17:43:06Z,Digitizer_run1606_subrun121.csv,15,False,,,3.07,-0.4978
2026-04-09T17:43:06Z,Digitizer_run1606_subrun121.csv,16,False,,,3.07,-0.4939
2026-04-09T17:43:06Z,Digitizer_run1606_subrun121.csv,17,False,,,3.07,-0.4892
2026-04-09T17:43:06Z,Digitizer_run1606_subrun121.csv,18,False,,,3.07,-0.4951
2026-04-09T17:43:06Z,Digitizer_run1606_subrun121.csv,19,False,,,3.07,-0.5047
2026-04-09T17:43:06Z,Digitizer_run1606_subrun121.csv,20,False,,,3.07,-0.5097
2026-04-09T17:43:06Z,Digitizer_run1606_subrun121.csv,21,False,,,3.07,-0.4961
2026-04-09T17:43:06Z,Digitizer_run1606_subrun121.csv,22,False,,,3.07,-0.5107
2026-04-09T17:43:06Z,Digitizer_run1606_subrun121.csv,23,False,,,3.07,-0.4898
2026-04-09T17:43:06Z,Digitizer_run1606_subrun121.csv,24,False,,,3.07,-0.4936
2026-04-09T17:43:06Z,Digitizer_run1606_subrun121.csv,25,False,,,3.07,-0.4851
2026-04-09T17:43:06Z,Digitizer_run1606_subrun121.csv,26,False,,,3.07,-0.5106
2026-04-09T17:43:06Z,Digitizer_run1606_subrun121.csv,27,True,isolation_forest,,3.07,-0.5261
2026-04-09T17:43:06Z,Digitizer_run1606_subrun121.csv,28,True,isolation_forest,,3.19,-0.5271
2026-04-09T17:43:06Z,Digitizer_run1606_subrun121.csv,29,True,isolation_forest,,3.07,-0.514
2026-04-09T17:43:06Z,Digitizer_run1606_subrun121.csv,30,False,,,3.07,-0.491
2026-04-09T17:43:06Z,Digitizer_run1606_subrun121.csv,31,False,,,3.07,-0.4903
2026-04-09T17:43:06Z,Digitizer_run1606_subrun121.csv,32,False,,,3.07,-0.5082
2026-04-09T17:43:06Z,Digitizer_run1606_subrun121.csv,33,False,,,3.07,-0.4914
2026-04-09T17:43:06Z,Digitizer_run1606_subrun121.csv,34,False,,,3.07,-0.4977
2026-04-09T17:43:06Z,Digitizer_run1606_subrun121.csv,35,False,,,3.07,-0.4925
2026-04-09T17:43:06Z,Digitizer_run1606_subrun121.csv,36,False,,,3.07,-0.502
2026-04-09T17:43:06Z,Digitizer_run1606_subrun121.csv,37,False,,,3.07,-0.4961
2026-04-09T17:43:06Z,Digitizer_run1606_subrun121.csv,38,False,,,3.07,-0.4968
2026-04-09T17:43:06Z,Digitizer_run1606_subrun121.csv,39,False,,,3.07,-0.4942
2026-04-09T17:43:06Z,Digitizer_run1606_subrun121.csv,40,False,,,3.07,-0.5079
2026-04-09T17:43:06Z,Digitizer_run1606_subrun121.csv,41,True,isolation_forest,,3.76,-0.5453
2026-04-09T17:43:06Z,Digitizer_run1606_subrun121.csv,42,False,,,3.07,-0.5051
2026-04-09T17:43:06Z,Digitizer_run1606_subrun121.csv,43,False,,,3.16,-0.4992
2026-04-09T17:43:06Z,Digitizer_run1606_subrun121.csv,44,False,,,3.07,-0.4907
2026-04-09T17:43:06Z,Digitizer_run1606_subrun121.csv,45,False,,,3.07,-0.4978
2026-04-09T17:43:06Z,Digitizer_run1606_subrun121.csv,46,False,,,3.07,-0.4942
2026-04-09T17:43:06Z,Digitizer_run1606_subrun121.csv,47,False,,,3.07,-0.4999
2026-04-09T17:43:06Z,Digitizer_run1606_subrun121.csv,48,False,,,3.07,-0.5063
2026-04-09T17:43:06Z,Digitizer_run1606_subrun121.csv,49,False,,,3.07,-0.5045
2026-04-09T17:43:06Z,Digitizer_run1606_subrun121.csv,50,False,,,3.07,-0.4816
2026-04-09T17:43:06Z,Digitizer_run1606_subrun121.csv,51,False,,,3.07,-0.486
2026-04-09T17:43:06Z,Digitizer_run1606_subrun121.csv,52,False,,,3.07,-0.5028
2026-04-09T17:43:06Z,Digitizer_run1606_subrun121.csv,53,False,,,3.07,-0.4892
2026-04-09T17:43:06Z,Digitizer_run1606_subrun121.csv,54,False,,,3.07,-0.4897
2026-04-09T17:43:06Z,Digitizer_run1606_subrun121.csv,55,False,,,3.07,-0.4976
2026-04-09T17:43:06Z,Digitizer_run1606_subrun121.csv,56,False,,,3.07,-0.5004
2026-04-09T17:43:06Z,Digitizer_run1606_subrun121.csv,57,False,,,3.07,-0.5062
2026-04-09T17:43:06Z,Digitizer_run1606_subrun121.csv,58,False,,,3.07,-0.494
2026-04-09T17:43:06Z,Digitizer_run1606_subrun121.csv,59,False,,,3.07,-0.4966
2026-04-09T17:43:06Z,Digitizer_run1606_subrun121.csv,60,False,,,3.07,-0.4965
2026-04-09T17:43:06Z,Digitizer_run1606_subrun121.csv,61,True,isolation_forest,,3.07,-0.5289
2026-04-09T17:43:06Z,Digitizer_run1606_subrun121.csv,62,False,,,3.07,-0.4936
2026-04-09T17:43:06Z,Digitizer_run1606_subrun121.csv,63,False,,,3.07,-0.4904
2026-04-09T17:43:06Z,Digitizer_run1606_subrun121.csv,64,False,,,4.22,-0.5079
2026-04-09T17:43:06Z,Digitizer_run1606_subrun121.csv,65,False,,,3.07,-0.4826
2026-04-09T17:43:06Z,Digitizer_run1606_subrun121.csv,66,False,,,3.07,-0.4976
2026-04-09T17:43:06Z,Digitizer_run1606_subrun121.csv,67,False,,,3.07,-0.4888
2026-04-09T17:43:06Z,Digitizer_run1606_subrun121.csv,68,True,isolation_forest,,3.49,-0.5158
2026-04-09T17:43:06Z,Digitizer_run1606_subrun121.csv,69,True,isolation_forest,,3.47,-0.514
2026-04-09T17:43:06Z,Digitizer_run1606_subrun121.csv,70,False,,,3.07,-0.4818
2026-04-09T17:43:06Z,Digitizer_run1606_subrun121.csv,71,False,,,3.07,-0.483
2026-04-09T17:43:06Z,Digitizer_run1606_subrun121.csv,72,False,,,3.07,-0.4866
2026-04-09T17:43:06Z,Digitizer_run1606_subrun121.csv,73,False,,,3.07,-0.4887
2026-04-09T17:43:06Z,Digitizer_run1606_subrun121.csv,74,False,,,3.07,-0.4922
2026-04-09T17:43:06Z,Digitizer_run1606_subrun121.csv,75,False,,,3.07,-0.5011
2026-04-09T17:43:06Z,Digitizer_run1606_subrun121.csv,76,False,,,3.07,-0.5016
2026-04-09T17:43:06Z,Digitizer_run1606_subrun121.csv,77,False,,,3.07,-0.4943
2026-04-09T17:43:06Z,Digitizer_run1606_subrun121.csv,78,False,,,3.07,-0.5063
2026-04-09T17:43:06Z,Digitizer_run1606_subrun121.csv,79,False,,,3.07,-0.487
2026-04-09T17:43:06Z,Digitizer_run1606_subrun121.csv,80,False,,,3.07,-0.5136
2026-04-09T17:43:06Z,Digitizer_run1606_subrun121.csv,81,False,,,3.07,-0.4958
2026-04-09T17:43:06Z,Digitizer_run1606_subrun121.csv,82,False,,,3.07,-0.5014
2026-04-09T17:43:06Z,Digitizer_run1606_subrun121.csv,83,False,,,3.07,-0.488
2026-04-09T17:43:06Z,Digitizer_run1606_subrun121.csv,84,False,,,3.07,-0.4988
2026-04-09T17:43:06Z,Digitizer_run1606_subrun121.csv,85,False,,,3.07,-0.489
2026-04-09T17:43:06Z,Digitizer_run1606_subrun121.csv,86,False,,,3.07,-0.4931
2026-04-09T17:43:06Z,Digitizer_run1606_subrun121.csv,87,False,,,3.07,-0.4874
2026-04-09T17:43:06Z,Digitizer_run1606_subrun121.csv,88,True,isolation_forest,,3.71,-0.55
2026-04-09T17:43:06Z,Digitizer_run1606_subrun121.csv,89,False,,,3.07,-0.5113
2026-04-09T17:43:06Z,Digitizer_run1606_subrun121.csv,90,False,,,4.54,-0.5087
2026-04-09T17:43:06Z,Digitizer_run1606_subrun121.csv,91,False,,,3.07,-0.5038
2026-04-09T17:43:06Z,Digitizer_run1606_subrun121.csv,92,True,isolation_forest,,3.07,-0.52
2026-04-09T17:43:06Z,Digitizer_run1606_subrun121.csv,93,False,,,3.99,-0.5067
2026-04-09T17:43:06Z,Digitizer_run1606_subrun121.csv,94,False,,,3.07,-0.5056
2026-04-09T17:43:06Z,Digitizer_run1606_subrun121.csv,95,True,isolation_forest,,3.07,-0.5174
2026-04-09T17:43:10Z,Digitizer_run1606_subrun125.csv,0,False,,,3.11,-0.4876
2026-04-09T17:43:10Z,Digitizer_run1606_subrun125.csv,1,False,,,2.92,-0.5018
2026-04-09T17:43:10Z,Digitizer_run1606_subrun125.csv,2,False,,,2.92,-0.4744
2026-04-09T17:43:10Z,Digitizer_run1606_subrun125.csv,3,False,,,2.92,-0.4952
2026-04-09T17:43:10Z,Digitizer_run1606_subrun125.csv,4,False,,,2.92,-0.4875
2026-04-09T17:43:10Z,Digitizer_run1606_subrun125.csv,5,False,,,3.01,-0.512
2026-04-09T17:43:10Z,Digitizer_run1606_subrun125.csv,6,False,,,2.92,-0.4999
2026-04-09T17:43:10Z,Digitizer_run1606_subrun125.csv,7,False,,,2.92,-0.5058
2026-04-09T17:43:10Z,Digitizer_run1606_subrun125.csv,8,False,,,2.92,-0.5079
2026-04-09T17:43:10Z,Digitizer_run1606_subrun125.csv,9,False,,,2.92,-0.4961
2026-04-09T17:43:10Z,Digitizer_run1606_subrun125.csv,10,False,,,3.44,-0.5131
2026-04-09T17:43:10Z,Digitizer_run1606_subrun125.csv,11,False,,,2.92,-0.4965
2026-04-09T17:43:10Z,Digitizer_run1606_subrun125.csv,12,False,,,2.92,-0.504
2026-04-09T17:43:10Z,Digitizer_run1606_subrun125.csv,13,True,isolation_forest,,2.96,-0.528
2026-04-09T17:43:10Z,Digitizer_run1606_subrun125.csv,14,False,,,2.92,-0.4953
2026-04-09T17:43:10Z,Digitizer_run1606_subrun125.csv,15,False,,,2.92,-0.499
2026-04-09T17:43:10Z,Digitizer_run1606_subrun125.csv,16,False,,,2.92,-0.4973
2026-04-09T17:43:10Z,Digitizer_run1606_subrun125.csv,17,False,,,2.92,-0.4957
2026-04-09T17:43:10Z,Digitizer_run1606_subrun125.csv,18,False,,,2.92,-0.4859
2026-04-09T17:43:10Z,Digitizer_run1606_subrun125.csv,19,False,,,2.92,-0.4851
2026-04-09T17:43:10Z,Digitizer_run1606_subrun125.csv,20,True,isolation_forest,,3.72,-0.5298
2026-04-09T17:43:10Z,Digitizer_run1606_subrun125.csv,21,True,isolation_forest,,3.68,-0.5214
2026-04-09T17:43:10Z,Digitizer_run1606_subrun125.csv,22,False,,,2.92,-0.4759
2026-04-09T17:43:10Z,Digitizer_run1606_subrun125.csv,23,False,,,3.2,-0.5078
2026-04-09T17:43:10Z,Digitizer_run1606_subrun125.csv,24,True,isolation_forest,,2.92,-0.5276
2026-04-09T17:43:10Z,Digitizer_run1606_subrun125.csv,25,False,,,2.96,-0.5064
2026-04-09T17:43:10Z,Digitizer_run1606_subrun125.csv,26,False,,,2.92,-0.5015
2026-04-09T17:43:10Z,Digitizer_run1606_subrun125.csv,27,False,,,4.89,-0.5031
2026-04-09T17:43:10Z,Digitizer_run1606_subrun125.csv,28,False,,,2.92,-0.5036
2026-04-09T17:43:10Z,Digitizer_run1606_subrun125.csv,29,False,,,2.92,-0.5064
2026-04-09T17:43:10Z,Digitizer_run1606_subrun125.csv,30,False,,,2.92,-0.4865
2026-04-09T17:43:10Z,Digitizer_run1606_subrun125.csv,31,False,,,2.92,-0.4851
2026-04-09T17:43:10Z,Digitizer_run1606_subrun125.csv,32,False,,,3.2,-0.5018
2026-04-09T17:43:10Z,Digitizer_run1606_subrun125.csv,33,True,isolation_forest,,4.15,-0.5249
2026-04-09T17:43:10Z,Digitizer_run1606_subrun125.csv,34,False,,,2.92,-0.5035
2026-04-09T17:43:10Z,Digitizer_run1606_subrun125.csv,35,False,,,2.92,-0.4947
2026-04-09T17:43:10Z,Digitizer_run1606_subrun125.csv,36,False,,,2.92,-0.5108
2026-04-09T17:43:10Z,Digitizer_run1606_subrun125.csv,37,False,,,2.92,-0.5028
2026-04-09T17:43:10Z,Digitizer_run1606_subrun125.csv,38,False,,,3.55,-0.5023
2026-04-09T17:43:10Z,Digitizer_run1606_subrun125.csv,39,False,,,2.92,-0.4884
2026-04-09T17:43:10Z,Digitizer_run1606_subrun125.csv,40,False,,,2.92,-0.4774
2026-04-09T17:43:10Z,Digitizer_run1606_subrun125.csv,41,False,,,2.92,-0.48
2026-04-09T17:43:10Z,Digitizer_run1606_subrun125.csv,42,False,,,2.92,-0.5058
2026-04-09T17:43:10Z,Digitizer_run1606_subrun125.csv,43,False,,,3.07,-0.4913
2026-04-09T17:43:10Z,Digitizer_run1606_subrun125.csv,44,False,,,2.92,-0.5064
2026-04-09T17:43:10Z,Digitizer_run1606_subrun125.csv,45,False,,,2.92,-0.5049
2026-04-09T17:43:10Z,Digitizer_run1606_subrun125.csv,46,False,,,2.92,-0.501
2026-04-09T17:43:10Z,Digitizer_run1606_subrun125.csv,47,False,,,2.92,-0.4825
2026-04-09T17:43:10Z,Digitizer_run1606_subrun125.csv,48,False,,,2.92,-0.5034
2026-04-09T17:43:10Z,Digitizer_run1606_subrun125.csv,49,False,,,2.92,-0.5048
2026-04-09T17:43:10Z,Digitizer_run1606_subrun125.csv,50,False,,,2.92,-0.4908
2026-04-09T17:43:10Z,Digitizer_run1606_subrun125.csv,51,False,,,2.92,-0.4999
2026-04-09T17:43:10Z,Digitizer_run1606_subrun125.csv,52,False,,,2.92,-0.4905
2026-04-09T17:43:10Z,Digitizer_run1606_subrun125.csv,53,False,,,2.92,-0.5016
2026-04-09T17:43:10Z,Digitizer_run1606_subrun125.csv,54,False,,,2.92,-0.4978
2026-04-09T17:43:10Z,Digitizer_run1606_subrun125.csv,55,False,,,2.92,-0.4871
2026-04-09T17:43:10Z,Digitizer_run1606_subrun125.csv,56,False,,,2.92,-0.5068
2026-04-09T17:43:10Z,Digitizer_run1606_subrun125.csv,57,False,,,2.92,-0.5028
2026-04-09T17:43:10Z,Digitizer_run1606_subrun125.csv,58,False,,,2.92,-0.494
2026-04-09T17:43:10Z,Digitizer_run1606_subrun125.csv,59,False,,,2.92,-0.5013
2026-04-09T17:43:10Z,Digitizer_run1606_subrun125.csv,60,False,,,2.92,-0.4848
2026-04-09T17:43:10Z,Digitizer_run1606_subrun125.csv,61,False,,,2.92,-0.4871
2026-04-09T17:43:10Z,Digitizer_run1606_subrun125.csv,62,False,,,2.92,-0.4851
2026-04-09T17:43:10Z,Digitizer_run1606_subrun125.csv,63,False,,,3.92,-0.5022
2026-04-09T17:43:10Z,Digitizer_run1606_subrun125.csv,64,False,,,2.94,-0.5021
2026-04-09T17:43:10Z,Digitizer_run1606_subrun125.csv,65,False,,,2.92,-0.5054
2026-04-09T17:43:10Z,Digitizer_run1606_subrun125.csv,66,False,,,2.92,-0.5008
2026-04-09T17:43:10Z,Digitizer_run1606_subrun125.csv,67,False,,,2.92,-0.4944
2026-04-09T17:43:10Z,Digitizer_run1606_subrun125.csv,68,False,,,2.92,-0.4893
2026-04-09T17:43:10Z,Digitizer_run1606_subrun125.csv,69,False,,,2.92,-0.48
2026-04-09T17:43:10Z,Digitizer_run1606_subrun125.csv,70,False,,,3.19,-0.5053
2026-04-09T17:43:10Z,Digitizer_run1606_subrun125.csv,71,False,,,3.16,-0.5106
2026-04-09T17:43:10Z,Digitizer_run1606_subrun125.csv,72,True,isolation_forest,,3.23,-0.5227
2026-04-09T17:43:10Z,Digitizer_run1606_subrun125.csv,73,False,,,2.92,-0.4963
2026-04-09T17:43:10Z,Digitizer_run1606_subrun125.csv,74,False,,,2.92,-0.484
2026-04-09T17:43:10Z,Digitizer_run1606_subrun125.csv,75,False,,,2.99,-0.5023
2026-04-09T17:43:10Z,Digitizer_run1606_subrun125.csv,76,True,isolation_forest,,3.86,-0.534
2026-04-09T17:43:10Z,Digitizer_run1606_subrun125.csv,77,False,,,2.92,-0.4879
2026-04-09T17:43:10Z,Digitizer_run1606_subrun125.csv,78,False,,,2.92,-0.4873
2026-04-09T17:43:10Z,Digitizer_run1606_subrun125.csv,79,False,,,2.92,-0.494
2026-04-09T17:43:10Z,Digitizer_run1606_subrun125.csv,80,False,,,2.92,-0.4939
2026-04-09T17:43:10Z,Digitizer_run1606_subrun125.csv,81,False,,,2.92,-0.5028
2026-04-09T17:43:10Z,Digitizer_run1606_subrun125.csv,82,False,,,2.92,-0.4955
2026-04-09T17:43:10Z,Digitizer_run1606_subrun125.csv,83,False,,,2.92,-0.4917
2026-04-09T17:43:10Z,Digitizer_run1606_subrun125.csv,84,False,,,2.92,-0.4918
2026-04-09T17:43:10Z,Digitizer_run1606_subrun125.csv,85,False,,,2.92,-0.5019
2026-04-09T17:43:10Z,Digitizer_run1606_subrun125.csv,86,False,,,2.92,-0.4814
2026-04-09T17:43:10Z,Digitizer_run1606_subrun125.csv,87,False,,,3.43,-0.5063
2026-04-09T17:43:10Z,Digitizer_run1606_subrun125.csv,88,True,isolation_forest,,2.92,-0.5172
2026-04-09T17:43:10Z,Digitizer_run1606_subrun125.csv,89,True,isolation_forest,,2.92,-0.5212
2026-04-09T17:43:10Z,Digitizer_run1606_subrun125.csv,90,False,,,2.92,-0.5006
2026-04-09T17:43:10Z,Digitizer_run1606_subrun125.csv,91,False,,,2.92,-0.4937
2026-04-09T17:43:10Z,Digitizer_run1606_subrun125.csv,92,True,isolation_forest,,2.92,-0.5218
2026-04-09T17:43:10Z,Digitizer_run1606_subrun125.csv,93,False,,,2.92,-0.488
2026-04-09T17:43:10Z,Digitizer_run1606_subrun125.csv,94,False,,,2.92,-0.5026
2026-04-09T17:43:10Z,Digitizer_run1606_subrun125.csv,95,True,isolation_forest,,2.92,-0.5202
2026-04-09T17:43:14Z,Digitizer_run1611_subrun283.csv,0,False,,,2.89,-0.4682
2026-04-09T17:43:14Z,Digitizer_run1611_subrun283.csv,1,False,,,2.89,-0.4695
2026-04-09T17:43:14Z,Digitizer_run1611_subrun283.csv,2,False,,,2.89,-0.4956
2026-04-09T17:43:14Z,Digitizer_run1611_subrun283.csv,3,False,,,2.89,-0.4833
2026-04-09T17:43:14Z,Digitizer_run1611_subrun283.csv,4,False,,,2.89,-0.4567
2026-04-09T17:43:14Z,Digitizer_run1611_subrun283.csv,5,False,,,2.89,-0.4627
2026-04-09T17:43:14Z,Digitizer_run1611_subrun283.csv,6,False,,,2.89,-0.4648
2026-04-09T17:43:14Z,Digitizer_run1611_subrun283.csv,7,False,,,2.89,-0.4545
2026-04-09T17:43:14Z,Digitizer_run1611_subrun283.csv,8,False,,,2.89,-0.4571
2026-04-09T17:43:14Z,Digitizer_run1611_subrun283.csv,9,False,,,2.89,-0.4668
2026-04-09T17:43:14Z,Digitizer_run1611_subrun283.csv,10,False,,,2.89,-0.4624
2026-04-09T17:43:14Z,Digitizer_run1611_subrun283.csv,11,False,,,2.89,-0.4534
2026-04-09T17:43:14Z,Digitizer_run1611_subrun283.csv,12,True,statistical,sideband_mean_mean,5.14,-0.4908
2026-04-09T17:43:14Z,Digitizer_run1611_subrun283.csv,13,False,,,4.53,-0.5011
2026-04-09T17:43:14Z,Digitizer_run1611_subrun283.csv,14,False,,,2.89,-0.4683
2026-04-09T17:43:14Z,Digitizer_run1611_subrun283.csv,15,False,,,2.89,-0.4684
2026-04-09T17:43:14Z,Digitizer_run1611_subrun283.csv,16,False,,,2.89,-0.4758
2026-04-09T17:43:14Z,Digitizer_run1611_subrun283.csv,17,False,,,3.26,-0.4755
2026-04-09T17:43:14Z,Digitizer_run1611_subrun283.csv,18,False,,,2.89,-0.4616
2026-04-09T17:43:14Z,Digitizer_run1611_subrun283.csv,19,False,,,2.89,-0.466
2026-04-09T17:43:14Z,Digitizer_run1611_subrun283.csv,20,False,,,3.31,-0.4635
2026-04-09T17:43:14Z,Digitizer_run1611_subrun283.csv,21,False,,,2.98,-0.4645
2026-04-09T17:43:14Z,Digitizer_run1611_subrun283.csv,22,False,,,2.89,-0.4526
2026-04-09T17:43:14Z,Digitizer_run1611_subrun283.csv,23,False,,,3.15,-0.4781
2026-04-09T17:43:14Z,Digitizer_run1611_subrun283.csv,24,False,,,3.57,-0.4964
2026-04-09T17:43:14Z,Digitizer_run1611_subrun283.csv,25,False,,,2.89,-0.4697
2026-04-09T17:43:14Z,Digitizer_run1611_subrun283.csv,26,False,,,2.89,-0.458
2026-04-09T17:43:14Z,Digitizer_run1611_subrun283.csv,27,False,,,2.89,-0.4829
2026-04-09T17:43:14Z,Digitizer_run1611_subrun283.csv,28,False,,,2.89,-0.4618
2026-04-09T17:43:14Z,Digitizer_run1611_subrun283.csv,29,False,,,2.89,-0.4564
2026-04-09T17:43:14Z,Digitizer_run1611_subrun283.csv,30,False,,,2.98,-0.48
2026-04-09T17:43:14Z,Digitizer_run1611_subrun283.csv,31,False,,,2.89,-0.4683
2026-04-09T17:43:14Z,Digitizer_run1611_subrun283.csv,32,False,,,2.89,-0.4567
2026-04-09T17:43:14Z,Digitizer_run1611_subrun283.csv,33,False,,,2.89,-0.4712
2026-04-09T17:43:14Z,Digitizer_run1611_subrun283.csv,34,False,,,2.89,-0.4608
2026-04-09T17:43:14Z,Digitizer_run1611_subrun283.csv,35,False,,,2.89,-0.4625
2026-04-09T17:43:14Z,Digitizer_run1611_subrun283.csv,36,False,,,3.26,-0.4859
2026-04-09T17:43:14Z,Digitizer_run1611_subrun283.csv,37,False,,,2.89,-0.4845
2026-04-09T17:43:14Z,Digitizer_run1611_subrun283.csv,38,False,,,2.89,-0.4512
2026-04-09T17:43:14Z,Digitizer_run1611_subrun283.csv,39,False,,,2.89,-0.4654
2026-04-09T17:43:14Z,Digitizer_run1611_subrun283.csv,40,False,,,2.89,-0.4639
2026-04-09T17:43:14Z,Digitizer_run1611_subrun283.csv,41,False,,,2.89,-0.4558
2026-04-09T17:43:14Z,Digitizer_run1611_subrun283.csv,42,False,,,2.89,-0.4553
2026-04-09T17:43:14Z,Digitizer_run1611_subrun283.csv,43,False,,,2.89,-0.4508
2026-04-09T17:43:14Z,Digitizer_run1611_subrun283.csv,44,False,,,2.89,-0.4863
2026-04-09T17:43:14Z,Digitizer_run1611_subrun283.csv,45,False,,,2.89,-0.4637
2026-04-09T17:43:14Z,Digitizer_run1611_subrun283.csv,46,False,,,2.89,-0.4578
2026-04-09T17:43:14Z,Digitizer_run1611_subrun283.csv,47,False,,,4.58,-0.476
2026-04-09T17:43:14Z,Digitizer_run1611_subrun283.csv,48,False,,,2.89,-0.4694
2026-04-09T17:43:14Z,Digitizer_run1611_subrun283.csv,49,False,,,2.93,-0.473
2026-04-09T17:43:14Z,Digitizer_run1611_subrun283.csv,50,False,,,3.04,-0.4821
2026-04-09T17:43:14Z,Digitizer_run1611_subrun283.csv,51,False,,,3.84,-0.4854
2026-04-09T17:43:14Z,Digitizer_run1611_subrun283.csv,52,False,,,2.89,-0.4699
2026-04-09T17:43:14Z,Digitizer_run1611_subrun283.csv,53,False,,,2.89,-0.4675
2026-04-09T17:43:14Z,Digitizer_run1611_subrun283.csv,54,False,,,2.89,-0.4638
2026-04-09T17:43:14Z,Digitizer_run1611_subrun283.csv,55,False,,,2.89,-0.4625
2026-04-09T17:43:14Z,Digitizer_run1611_subrun283.csv,56,False,,,2.89,-0.4756
2026-04-09T17:43:14Z,Digitizer_run1611_subrun283.csv,57,False,,,2.89,-0.4615
2026-04-09T17:43:14Z,Digitizer_run1611_subrun283.csv,58,False,,,2.89,-0.4788
2026-04-09T17:43:14Z,Digitizer_run1611_subrun283.csv,59,False,,,2.89,-0.4707
2026-04-09T17:43:14Z,Digitizer_run1611_subrun283.csv,60,False,,,2.89,-0.4666
2026-04-09T17:43:14Z,Digitizer_run1611_subrun283.csv,61,False,,,2.89,-0.4738
2026-04-09T17:43:14Z,Digitizer_run1611_subrun283.csv,62,False,,,2.89,-0.4476
2026-04-09T17:43:14Z,Digitizer_run1611_subrun283.csv,63,False,,,2.89,-0.4515
2026-04-09T17:43:14Z,Digitizer_run1611_subrun283.csv,64,False,,,2.89,-0.4757
2026-04-09T17:43:14Z,Digitizer_run1611_subrun283.csv,65,False,,,2.89,-0.4683
2026-04-09T17:43:14Z,Digitizer_run1611_subrun283.csv,66,False,,,2.89,-0.4657
2026-04-09T17:43:14Z,Digitizer_run1611_subrun283.csv,67,False,,,2.89,-0.4564
2026-04-09T17:43:14Z,Digitizer_run1611_subrun283.csv,68,False,,,4.29,-0.4656
2026-04-09T17:43:14Z,Digitizer_run1611_subrun283.csv,69,False,,,2.9,-0.4615
2026-04-09T17:43:14Z,Digitizer_run1611_subrun283.csv,70,False,,,2.89,-0.4578
2026-04-09T17:43:14Z,Digitizer_run1611_subrun283.csv,71,False,,,2.89,-0.46
2026-04-09T17:43:14Z,Digitizer_run1611_subrun283.csv,72,False,,,3.23,-0.4954
2026-04-09T17:43:14Z,Digitizer_run1611_subrun283.csv,73,False,,,2.89,-0.4688
2026-04-09T17:43:14Z,Digitizer_run1611_subrun283.csv,74,False,,,2.9,-0.4716
2026-04-09T17:43:14Z,Digitizer_run1611_subrun283.csv,75,False,,,2.89,-0.4532
2026-04-09T17:43:14Z,Digitizer_run1611_subrun283.csv,76,False,,,2.89,-0.4659
2026-04-09T17:43:14Z,Digitizer_run1611_subrun283.csv,77,False,,,2.89,-0.4714
2026-04-09T17:43:14Z,Digitizer_run1611_subrun283.csv,78,False,,,2.89,-0.4714
2026-04-09T17:43:14Z,Digitizer_run1611_subrun283.csv,79,False,,,2.89,-0.4634
2026-04-09T17:43:14Z,Digitizer_run1611_subrun283.csv,80,False,,,2.89,-0.459
2026-04-09T17:43:14Z,Digitizer_run1611_subrun283.csv,81,False,,,2.89,-0.4506
2026-04-09T17:43:14Z,Digitizer_run1611_subrun283.csv,82,False,,,2.89,-0.4691
2026-04-09T17:43:14Z,Digitizer_run1611_subrun283.csv,83,False,,,2.89,-0.4595
2026-04-09T17:43:14Z,Digitizer_run1611_subrun283.csv,84,False,,,3.23,-0.4736
2026-04-09T17:43:14Z,Digitizer_run1611_subrun283.csv,85,False,,,2.89,-0.4604
2026-04-09T17:43:14Z,Digitizer_run1611_subrun283.csv,86,False,,,3.16,-0.488
2026-04-09T17:43:14Z,Digitizer_run1611_subrun283.csv,87,False,,,3.6,-0.4967
2026-04-09T17:43:14Z,Digitizer_run1611_subrun283.csv,88,False,,,2.89,-0.4747
2026-04-09T17:43:14Z,Digitizer_run1611_subrun283.csv,89,False,,,2.89,-0.4949
2026-04-09T17:43:14Z,Digitizer_run1611_subrun283.csv,90,False,,,2.89,-0.4703
2026-04-09T17:43:14Z,Digitizer_run1611_subrun283.csv,91,False,,,2.89,-0.4585
2026-04-09T17:43:14Z,Digitizer_run1611_subrun283.csv,92,False,,,2.89,-0.4758
2026-04-09T17:43:14Z,Digitizer_run1611_subrun283.csv,93,False,,,2.89,-0.471
2026-04-09T17:43:14Z,Digitizer_run1611_subrun283.csv,94,False,,,2.89,-0.4808
2026-04-09T17:43:14Z,Digitizer_run1611_subrun283.csv,95,False,,,4.12,-0.494
2026-04-09T17:43:22Z,Digitizer_run1611_subrun92.csv,0,True,statistical+IF,pulseDuriation_max_std;pulseDuriation_min_std,5.87,-0.5193
2026-04-09T17:43:22Z,Digitizer_run1611_subrun92.csv,1,True,isolation_forest,,3.63,-0.5234
2026-04-09T17:43:22Z,Digitizer_run1611_subrun92.csv,2,False,,,2.8,-0.4969
2026-04-09T17:43:22Z,Digitizer_run1611_subrun92.csv,3,False,,,2.32,-0.4896
2026-04-09T17:43:22Z,Digitizer_run1611_subrun92.csv,4,True,statistical+IF,pulseDuriation_max_mean;pulseDuriation_min_mean,6.94,-0.5331
2026-04-09T17:43:22Z,Digitizer_run1611_subrun92.csv,5,False,,,3.29,-0.5096
2026-04-09T17:43:22Z,Digitizer_run1611_subrun92.csv,6,False,,,3.02,-0.4781
2026-04-09T17:43:22Z,Digitizer_run1611_subrun92.csv,7,False,,,2.32,-0.4666
2026-04-09T17:43:22Z,Digitizer_run1611_subrun92.csv,8,False,,,2.55,-0.4993
2026-04-09T17:43:22Z,Digitizer_run1611_subrun92.csv,9,True,isolation_forest,,4.45,-0.5343
2026-04-09T17:43:22Z,Digitizer_run1611_subrun92.csv,10,True,statistical,pulseArea_min_mean;pulseArea_min_std,5.27,-0.5024
2026-04-09T17:43:22Z,Digitizer_run1611_subrun92.csv,11,False,,,3.34,-0.4753
2026-04-09T17:43:22Z,Digitizer_run1611_subrun92.csv,12,True,isolation_forest,,3.37,-0.5182
2026-04-09T17:43:22Z,Digitizer_run1611_subrun92.csv,13,False,,,3.5,-0.4849
2026-04-09T17:43:22Z,Digitizer_run1611_subrun92.csv,14,False,,,3.6,-0.4969
2026-04-09T17:43:22Z,Digitizer_run1611_subrun92.csv,15,False,,,4.74,-0.488
2026-04-09T17:43:22Z,Digitizer_run1611_subrun92.csv,16,False,,,3.05,-0.4743
2026-04-09T17:43:22Z,Digitizer_run1611_subrun92.csv,17,False,,,2.32,-0.4764
2026-04-09T17:43:22Z,Digitizer_run1611_subrun92.csv,18,False,,,2.32,-0.4669
2026-04-09T17:43:22Z,Digitizer_run1611_subrun92.csv,19,False,,,2.57,-0.4808
2026-04-09T17:43:22Z,Digitizer_run1611_subrun92.csv,20,False,,,2.92,-0.4888
2026-04-09T17:43:22Z,Digitizer_run1611_subrun92.csv,21,True,isolation_forest,,3.6,-0.5156
2026-04-09T17:43:22Z,Digitizer_run1611_subrun92.csv,22,False,,,2.82,-0.47
2026-04-09T17:43:22Z,Digitizer_run1611_subrun92.csv,23,False,,,2.58,-0.4644
2026-04-09T17:43:22Z,Digitizer_run1611_subrun92.csv,24,False,,,2.32,-0.4636
2026-04-09T17:43:22Z,Digitizer_run1611_subrun92.csv,25,False,,,2.32,-0.4544
2026-04-09T17:43:22Z,Digitizer_run1611_subrun92.csv,26,False,,,2.93,-0.4799
2026-04-09T17:43:22Z,Digitizer_run1611_subrun92.csv,27,False,,,3.06,-0.5015
2026-04-09T17:43:22Z,Digitizer_run1611_subrun92.csv,28,False,,,2.96,-0.4959
2026-04-09T17:43:22Z,Digitizer_run1611_subrun92.csv,29,False,,,2.32,-0.4752
2026-04-09T17:43:22Z,Digitizer_run1611_subrun92.csv,30,False,,,2.35,-0.4668
2026-04-09T17:43:22Z,Digitizer_run1611_subrun92.csv,31,False,,,2.32,-0.4559
2026-04-09T17:43:22Z,Digitizer_run1611_subrun92.csv,32,False,,,2.32,-0.4802
2026-04-09T17:43:22Z,Digitizer_run1611_subrun92.csv,33,False,,,3.05,-0.5028
2026-04-09T17:43:22Z,Digitizer_run1611_subrun92.csv,34,False,,,2.32,-0.4625
2026-04-09T17:43:22Z,Digitizer_run1611_subrun92.csv,35,False,,,2.32,-0.4612
2026-04-09T17:43:22Z,Digitizer_run1611_subrun92.csv,36,False,,,3.11,-0.5037
2026-04-09T17:43:22Z,Digitizer_run1611_subrun92.csv,37,False,,,3.77,-0.5036
2026-04-09T17:43:22Z,Digitizer_run1611_subrun92.csv,38,False,,,3.1,-0.4723
2026-04-09T17:43:22Z,Digitizer_run1611_subrun92.csv,39,False,,,2.8,-0.4699
2026-04-09T17:43:22Z,Digitizer_run1611_subrun92.csv,40,False,,,2.32,-0.452
2026-04-09T17:43:22Z,Digitizer_run1611_subrun92.csv,41,False,,,2.32,-0.459
2026-04-09T17:43:22Z,Digitizer_run1611_subrun92.csv,42,False,,,2.7,-0.4751
2026-04-09T17:43:22Z,Digitizer_run1611_subrun92.csv,43,False,,,2.74,-0.4817
2026-04-09T17:43:22Z,Digitizer_run1611_subrun92.csv,44,False,,,2.32,-0.4693
2026-04-09T17:43:22Z,Digitizer_run1611_subrun92.csv,45,False,,,2.32,-0.4666
2026-04-09T17:43:22Z,Digitizer_run1611_subrun92.csv,46,False,,,2.32,-0.4616
2026-04-09T17:43:22Z,Digitizer_run1611_subrun92.csv,47,False,,,2.32,-0.4707
2026-04-09T17:43:22Z,Digitizer_run1611_subrun92.csv,48,False,,,2.32,-0.4606
2026-04-09T17:43:22Z,Digitizer_run1611_subrun92.csv,49,False,,,3.27,-0.5023
2026-04-09T17:43:22Z,Digitizer_run1611_subrun92.csv,50,False,,,2.32,-0.4757
2026-04-09T17:43:22Z,Digitizer_run1611_subrun92.csv,51,False,,,4.05,-0.4706
2026-04-09T17:43:22Z,Digitizer_run1611_subrun92.csv,52,False,,,3.76,-0.5114
2026-04-09T17:43:22Z,Digitizer_run1611_subrun92.csv,53,False,,,3.2,-0.4864
2026-04-09T17:43:22Z,Digitizer_run1611_subrun92.csv,54,False,,,2.32,-0.4658
2026-04-09T17:43:22Z,Digitizer_run1611_subrun92.csv,55,False,,,2.32,-0.4572
2026-04-09T17:43:22Z,Digitizer_run1611_subrun92.csv,56,False,,,2.48,-0.4733
2026-04-09T17:43:22Z,Digitizer_run1611_subrun92.csv,57,False,,,3.28,-0.4793
2026-04-09T17:43:22Z,Digitizer_run1611_subrun92.csv,58,False,,,2.32,-0.4824
2026-04-09T17:43:22Z,Digitizer_run1611_subrun92.csv,59,False,,,2.56,-0.4894
2026-04-09T17:43:22Z,Digitizer_run1611_subrun92.csv,60,False,,,3.38,-0.4785
2026-04-09T17:43:22Z,Digitizer_run1611_subrun92.csv,61,False,,,2.97,-0.4958
2026-04-09T17:43:22Z,Digitizer_run1611_subrun92.csv,62,False,,,2.56,-0.4772
2026-04-09T17:43:22Z,Digitizer_run1611_subrun92.csv,63,False,,,2.45,-0.4819
2026-04-09T17:43:22Z,Digitizer_run1611_subrun92.csv,64,False,,,2.32,-0.4546
2026-04-09T17:43:22Z,Digitizer_run1611_subrun92.csv,65,False,,,2.32,-0.4654
2026-04-09T17:43:22Z,Digitizer_run1611_subrun92.csv,66,False,,,2.32,-0.4646
2026-04-09T17:43:22Z,Digitizer_run1611_subrun92.csv,67,False,,,2.32,-0.474
2026-04-09T17:43:22Z,Digitizer_run1611_subrun92.csv,68,False,,,2.32,-0.4693
2026-04-09T17:43:22Z,Digitizer_run1611_subrun92.csv,69,False,,,2.32,-0.4646
2026-04-09T17:43:22Z,Digitizer_run1611_subrun92.csv,70,False,,,3.26,-0.4791
2026-04-09T17:43:22Z,Digitizer_run1611_subrun92.csv,71,False,,,3.65,-0.4676
2026-04-09T17:43:22Z,Digitizer_run1611_subrun92.csv,72,False,,,2.32,-0.4597
2026-04-09T17:43:22Z,Digitizer_run1611_subrun92.csv,73,False,,,2.33,-0.468
2026-04-09T17:43:22Z,Digitizer_run1611_subrun92.csv,74,False,,,2.73,-0.4926
2026-04-09T17:43:22Z,Digitizer_run1611_subrun92.csv,75,False,,,2.32,-0.4626
2026-04-09T17:43:22Z,Digitizer_run1611_subrun92.csv,76,True,isolation_forest,,4.2,-0.5332
2026-04-09T17:43:22Z,Digitizer_run1611_subrun92.csv,77,False,,,3.26,-0.5018
2026-04-09T17:43:22Z,Digitizer_run1611_subrun92.csv,78,False,,,2.32,-0.4703
2026-04-09T17:43:22Z,Digitizer_run1611_subrun92.csv,79,False,,,2.32,-0.4724
2026-04-09T17:43:22Z,Digitizer_run1611_subrun92.csv,80,False,,,2.32,-0.4553
2026-04-09T17:43:22Z,Digitizer_run1611_subrun92.csv,81,False,,,2.32,-0.4671
2026-04-09T17:43:22Z,Digitizer_run1611_subrun92.csv,82,False,,,2.32,-0.4636
2026-04-09T17:43:22Z,Digitizer_run1611_subrun92.csv,83,False,,,2.33,-0.4801
2026-04-09T17:43:22Z,Digitizer_run1611_subrun92.csv,84,False,,,2.32,-0.5026
2026-04-09T17:43:22Z,Digitizer_run1611_subrun92.csv,85,False,,,2.32,-0.4787
2026-04-09T17:43:22Z,Digitizer_run1611_subrun92.csv,86,False,,,2.32,-0.4768
2026-04-09T17:43:22Z,Digitizer_run1611_subrun92.csv,87,False,,,2.4,-0.4885
2026-04-09T17:43:22Z,Digitizer_run1611_subrun92.csv,88,False,,,2.32,-0.473
2026-04-09T17:43:22Z,Digitizer_run1611_subrun92.csv,89,False,,,2.59,-0.4925
2026-04-09T17:43:22Z,Digitizer_run1611_subrun92.csv,90,False,,,2.32,-0.4842
2026-04-09T17:43:22Z,Digitizer_run1611_subrun92.csv,91,False,,,2.77,-0.4912
2026-04-09T17:43:22Z,Digitizer_run1611_subrun92.csv,92,False,,,2.32,-0.4741
2026-04-09T17:43:22Z,Digitizer_run1611_subrun92.csv,93,False,,,3.96,-0.4787
2026-04-09T17:43:22Z,Digitizer_run1611_subrun92.csv,94,False,,,2.32,-0.4669
2026-04-09T17:43:22Z,Digitizer_run1611_subrun92.csv,95,True,statistical,nPulses_median,6.25,-0.4929
2026-04-09T17:43:31Z,Digitizer_run1607_subrun242.csv,0,False,,,2.3,-0.4778
2026-04-09T17:43:31Z,Digitizer_run1607_subrun242.csv,1,False,,,2.3,-0.4684
2026-04-09T17:43:31Z,Digitizer_run1607_subrun242.csv,2,False,,,2.48,-0.4878
2026-04-09T17:43:31Z,Digitizer_run1607_subrun242.csv,3,False,,,2.53,-0.4868
2026-04-09T17:43:31Z,Digitizer_run1607_subrun242.csv,4,False,,,2.3,-0.4656
2026-04-09T17:43:31Z,Digitizer_run1607_subrun242.csv,5,False,,,2.3,-0.4687
2026-04-09T17:43:31Z,Digitizer_run1607_subrun242.csv,6,False,,,2.3,-0.4892
2026-04-09T17:43:31Z,Digitizer_run1607_subrun242.csv,7,False,,,2.3,-0.4592
2026-04-09T17:43:31Z,Digitizer_run1607_subrun242.csv,8,False,,,2.3,-0.4959
2026-04-09T17:43:31Z,Digitizer_run1607_subrun242.csv,9,False,,,2.3,-0.4635
2026-04-09T17:43:31Z,Digitizer_run1607_subrun242.csv,10,False,,,2.3,-0.4753
2026-04-09T17:43:31Z,Digitizer_run1607_subrun242.csv,11,False,,,3.33,-0.4852
2026-04-09T17:43:31Z,Digitizer_run1607_subrun242.csv,12,False,,,2.3,-0.4618
2026-04-09T17:43:31Z,Digitizer_run1607_subrun242.csv,13,False,,,2.3,-0.4678
2026-04-09T17:43:31Z,Digitizer_run1607_subrun242.csv,14,False,,,2.3,-0.4736
2026-04-09T17:43:31Z,Digitizer_run1607_subrun242.csv,15,False,,,2.3,-0.4847
2026-04-09T17:43:31Z,Digitizer_run1607_subrun242.csv,16,False,,,2.3,-0.4614
2026-04-09T17:43:31Z,Digitizer_run1607_subrun242.csv,17,False,,,2.3,-0.4611
2026-04-09T17:43:31Z,Digitizer_run1607_subrun242.csv,18,False,,,2.3,-0.4877
2026-04-09T17:43:31Z,Digitizer_run1607_subrun242.csv,19,False,,,3.47,-0.4847
2026-04-09T17:43:31Z,Digitizer_run1607_subrun242.csv,20,False,,,2.3,-0.4732
2026-04-09T17:43:31Z,Digitizer_run1607_subrun242.csv,21,False,,,2.3,-0.4815
2026-04-09T17:43:31Z,Digitizer_run1607_subrun242.csv,22,False,,,2.3,-0.469
2026-04-09T17:43:31Z,Digitizer_run1607_subrun242.csv,23,False,,,2.3,-0.4739
2026-04-09T17:43:31Z,Digitizer_run1607_subrun242.csv,24,False,,,2.3,-0.4647
2026-04-09T17:43:31Z,Digitizer_run1607_subrun242.csv,25,False,,,2.3,-0.4615
2026-04-09T17:43:31Z,Digitizer_run1607_subrun242.csv,26,False,,,2.3,-0.4667
2026-04-09T17:43:31Z,Digitizer_run1607_subrun242.csv,27,False,,,2.3,-0.4631
2026-04-09T17:43:31Z,Digitizer_run1607_subrun242.csv,28,False,,,2.3,-0.4631
2026-04-09T17:43:31Z,Digitizer_run1607_subrun242.csv,29,False,,,2.3,-0.4717
2026-04-09T17:43:31Z,Digitizer_run1607_subrun242.csv,30,False,,,2.61,-0.4985
2026-04-09T17:43:31Z,Digitizer_run1607_subrun242.csv,31,False,,,2.3,-0.4728
2026-04-09T17:43:31Z,Digitizer_run1607_subrun242.csv,32,False,,,2.3,-0.4782
2026-04-09T17:43:31Z,Digitizer_run1607_subrun242.csv,33,False,,,2.3,-0.4836
2026-04-09T17:43:31Z,Digitizer_run1607_subrun242.csv,34,False,,,2.5,-0.4927
2026-04-09T17:43:31Z,Digitizer_run1607_subrun242.csv,35,False,,,2.3,-0.4658
2026-04-09T17:43:31Z,Digitizer_run1607_subrun242.csv,36,False,,,2.56,-0.4901
2026-04-09T17:43:31Z,Digitizer_run1607_subrun242.csv,37,False,,,2.3,-0.4738
2026-04-09T17:43:31Z,Digitizer_run1607_subrun242.csv,38,False,,,2.3,-0.4614
2026-04-09T17:43:31Z,Digitizer_run1607_subrun242.csv,39,False,,,2.3,-0.4616
2026-04-09T17:43:31Z,Digitizer_run1607_subrun242.csv,40,False,,,2.3,-0.4622
2026-04-09T17:43:31Z,Digitizer_run1607_subrun242.csv,41,False,,,2.3,-0.4878
2026-04-09T17:43:31Z,Digitizer_run1607_subrun242.csv,42,False,,,2.3,-0.4598
2026-04-09T17:43:31Z,Digitizer_run1607_subrun242.csv,43,False,,,2.51,-0.4659
2026-04-09T17:43:31Z,Digitizer_run1607_subrun242.csv,44,False,,,2.3,-0.467
2026-04-09T17:43:31Z,Digitizer_run1607_subrun242.csv,45,False,,,2.3,-0.465
2026-04-09T17:43:31Z,Digitizer_run1607_subrun242.csv,46,False,,,2.42,-0.4686
2026-04-09T17:43:31Z,Digitizer_run1607_subrun242.csv,47,False,,,3.11,-0.4888
2026-04-09T17:43:31Z,Digitizer_run1607_subrun242.csv,48,False,,,2.3,-0.4741
2026-04-09T17:43:31Z,Digitizer_run1607_subrun242.csv,49,False,,,3.51,-0.4911
2026-04-09T17:43:31Z,Digitizer_run1607_subrun242.csv,50,False,,,2.3,-0.4679
2026-04-09T17:43:31Z,Digitizer_run1607_subrun242.csv,51,False,,,2.3,-0.4646
2026-04-09T17:43:31Z,Digitizer_run1607_subrun242.csv,52,False,,,2.3,-0.4729
2026-04-09T17:43:31Z,Digitizer_run1607_subrun242.csv,53,False,,,2.3,-0.4721
2026-04-09T17:43:31Z,Digitizer_run1607_subrun242.csv,54,False,,,2.3,-0.466
2026-04-09T17:43:31Z,Digitizer_run1607_subrun242.csv,55,False,,,2.3,-0.4717
2026-04-09T17:43:31Z,Digitizer_run1607_subrun242.csv,56,False,,,2.3,-0.4776
2026-04-09T17:43:31Z,Digitizer_run1607_subrun242.csv,57,False,,,2.35,-0.4765
2026-04-09T17:43:31Z,Digitizer_run1607_subrun242.csv,58,False,,,2.3,-0.4715
2026-04-09T17:43:31Z,Digitizer_run1607_subrun242.csv,59,False,,,2.3,-0.4744
2026-04-09T17:43:31Z,Digitizer_run1607_subrun242.csv,60,False,,,3.67,-0.4904
2026-04-09T17:43:31Z,Digitizer_run1607_subrun242.csv,61,False,,,2.85,-0.4879
2026-04-09T17:43:31Z,Digitizer_run1607_subrun242.csv,62,False,,,2.3,-0.4682
2026-04-09T17:43:31Z,Digitizer_run1607_subrun242.csv,63,False,,,2.3,-0.4752
2026-04-09T17:43:31Z,Digitizer_run1607_subrun242.csv,64,False,,,2.63,-0.4813
2026-04-09T17:43:31Z,Digitizer_run1607_subrun242.csv,65,False,,,2.3,-0.4799
2026-04-09T17:43:31Z,Digitizer_run1607_subrun242.csv,66,False,,,2.3,-0.4482
2026-04-09T17:43:31Z,Digitizer_run1607_subrun242.csv,67,False,,,2.3,-0.4776
2026-04-09T17:43:31Z,Digitizer_run1607_subrun242.csv,68,False,,,2.3,-0.4756
2026-04-09T17:43:31Z,Digitizer_run1607_subrun242.csv,69,False,,,2.3,-0.4613
2026-04-09T17:43:31Z,Digitizer_run1607_subrun242.csv,70,False,,,2.3,-0.4765
2026-04-09T17:43:31Z,Digitizer_run1607_subrun242.csv,71,False,,,2.3,-0.4815
2026-04-09T17:43:31Z,Digitizer_run1607_subrun242.csv,72,False,,,2.37,-0.4924
2026-04-09T17:43:31Z,Digitizer_run1607_subrun242.csv,73,False,,,2.3,-0.4987
2026-04-09T17:43:31Z,Digitizer_run1607_subrun242.csv,74,False,,,2.3,-0.4609
2026-04-09T17:43:31Z,Digitizer_run1607_subrun242.csv,75,False,,,2.3,-0.4705
2026-04-09T17:43:31Z,Digitizer_run1607_subrun242.csv,76,False,,,2.3,-0.4687
2026-04-09T17:43:31Z,Digitizer_run1607_subrun242.csv,77,False,,,2.3,-0.4678
2026-04-09T17:43:31Z,Digitizer_run1607_subrun242.csv,78,False,,,2.3,-0.4644
2026-04-09T17:43:31Z,Digitizer_run1607_subrun242.csv,79,False,,,2.3,-0.4686
2026-04-09T17:43:31Z,Digitizer_run1607_subrun242.csv,80,False,,,2.58,-0.4759
2026-04-09T17:43:31Z,Digitizer_run1607_subrun242.csv,81,False,,,2.3,-0.4802
2026-04-09T17:43:31Z,Digitizer_run1607_subrun242.csv,82,False,,,2.3,-0.4828
2026-04-09T17:43:31Z,Digitizer_run1607_subrun242.csv,83,False,,,2.65,-0.4682
2026-04-09T17:43:31Z,Digitizer_run1607_subrun242.csv,84,False,,,2.42,-0.4854
2026-04-09T17:43:31Z,Digitizer_run1607_subrun242.csv,85,False,,,3.79,-0.474
2026-04-09T17:43:31Z,Digitizer_run1607_subrun242.csv,86,False,,,2.3,-0.4779
2026-04-09T17:43:31Z,Digitizer_run1607_subrun242.csv,87,False,,,2.3,-0.4737
2026-04-09T17:43:31Z,Digitizer_run1607_subrun242.csv,88,False,,,2.92,-0.4834
2026-04-09T17:43:31Z,Digitizer_run1607_subrun242.csv,89,False,,,2.54,-0.4894
2026-04-09T17:43:31Z,Digitizer_run1607_subrun242.csv,90,False,,,2.3,-0.4782
2026-04-09T17:43:31Z,Digitizer_run1607_subrun242.csv,91,False,,,2.3,-0.4944
2026-04-09T17:43:31Z,Digitizer_run1607_subrun242.csv,92,False,,,2.3,-0.4964
2026-04-09T17:43:31Z,Digitizer_run1607_subrun242.csv,93,False,,,2.3,-0.4741
2026-04-09T17:43:31Z,Digitizer_run1607_subrun242.csv,94,False,,,2.51,-0.4846
2026-04-09T17:43:31Z,Digitizer_run1607_subrun242.csv,95,False,,,2.46,-0.4981
2026-04-09T17:43:38Z,Digitizer_run1607_subrun1.csv,0,False,,,4.0,-0.4749
2026-04-09T17:43:38Z,Digitizer_run1607_subrun1.csv,1,False,,,4.0,-0.4662
2026-04-09T17:43:38Z,Digitizer_run1607_subrun1.csv,2,False,,,4.0,-0.4824
2026-04-09T17:43:38Z,Digitizer_run1607_subrun1.csv,3,False,,,4.0,-0.4734
2026-04-09T17:43:38Z,Digitizer_run1607_subrun1.csv,4,False,,,4.0,-0.4791
2026-04-09T17:43:38Z,Digitizer_run1607_subrun1.csv,5,False,,,4.0,-0.4776
2026-04-09T17:43:38Z,Digitizer_run1607_subrun1.csv,6,False,,,4.0,-0.5047
2026-04-09T17:43:38Z,Digitizer_run1607_subrun1.csv,7,False,,,4.0,-0.4828
2026-04-09T17:43:38Z,Digitizer_run1607_subrun1.csv,8,False,,,4.0,-0.4865
2026-04-09T17:43:38Z,Digitizer_run1607_subrun1.csv,9,False,,,4.0,-0.4809
2026-04-09T17:43:38Z,Digitizer_run1607_subrun1.csv,10,False,,,4.0,-0.4807
2026-04-09T17:43:38Z,Digitizer_run1607_subrun1.csv,11,False,,,4.0,-0.4975
2026-04-09T17:43:38Z,Digitizer_run1607_subrun1.csv,12,False,,,4.0,-0.4752
2026-04-09T17:43:38Z,Digitizer_run1607_subrun1.csv,13,False,,,4.0,-0.4657
2026-04-09T17:43:38Z,Digitizer_run1607_subrun1.csv,14,False,,,4.22,-0.5004
2026-04-09T17:43:38Z,Digitizer_run1607_subrun1.csv,15,False,,,4.0,-0.4921
2026-04-09T17:43:38Z,Digitizer_run1607_subrun1.csv,16,False,,,4.0,-0.5001
2026-04-09T17:43:38Z,Digitizer_run1607_subrun1.csv,17,False,,,4.0,-0.4957
2026-04-09T17:43:38Z,Digitizer_run1607_subrun1.csv,18,False,,,4.0,-0.498
2026-04-09T17:43:38Z,Digitizer_run1607_subrun1.csv,19,False,,,4.0,-0.4812
2026-04-09T17:43:38Z,Digitizer_run1607_subrun1.csv,20,False,,,4.0,-0.4845
2026-04-09T17:43:38Z,Digitizer_run1607_subrun1.csv,21,False,,,4.0,-0.4804
2026-04-09T17:43:38Z,Digitizer_run1607_subrun1.csv,22,False,,,4.0,-0.4836
2026-04-09T17:43:38Z,Digitizer_run1607_subrun1.csv,23,False,,,4.0,-0.4787
2026-04-09T17:43:38Z,Digitizer_run1607_subrun1.csv,24,False,,,4.0,-0.4776
2026-04-09T17:43:38Z,Digitizer_run1607_subrun1.csv,25,False,,,4.0,-0.4878
2026-04-09T17:43:38Z,Digitizer_run1607_subrun1.csv,26,False,,,4.0,-0.4773
2026-04-09T17:43:38Z,Digitizer_run1607_subrun1.csv,27,False,,,4.0,-0.4774
2026-04-09T17:43:38Z,Digitizer_run1607_subrun1.csv,28,False,,,4.0,-0.4774
2026-04-09T17:43:38Z,Digitizer_run1607_subrun1.csv,29,False,,,4.0,-0.4792
2026-04-09T17:43:38Z,Digitizer_run1607_subrun1.csv,30,False,,,4.0,-0.4809
2026-04-09T17:43:38Z,Digitizer_run1607_subrun1.csv,31,False,,,4.0,-0.4701
2026-04-09T17:43:38Z,Digitizer_run1607_subrun1.csv,32,False,,,4.0,-0.4861
2026-04-09T17:43:38Z,Digitizer_run1607_subrun1.csv,33,False,,,4.0,-0.4762
2026-04-09T17:43:38Z,Digitizer_run1607_subrun1.csv,34,False,,,4.0,-0.483
2026-04-09T17:43:38Z,Digitizer_run1607_subrun1.csv,35,False,,,4.0,-0.4749
2026-04-09T17:43:38Z,Digitizer_run1607_subrun1.csv,36,False,,,4.0,-0.4816
2026-04-09T17:43:38Z,Digitizer_run1607_subrun1.csv,37,False,,,4.0,-0.4697
2026-04-09T17:43:38Z,Digitizer_run1607_subrun1.csv,38,False,,,4.0,-0.4769
2026-04-09T17:43:38Z,Digitizer_run1607_subrun1.csv,39,False,,,4.0,-0.4722
2026-04-09T17:43:38Z,Digitizer_run1607_subrun1.csv,40,False,,,4.0,-0.4777
2026-04-09T17:43:38Z,Digitizer_run1607_subrun1.csv,41,False,,,4.0,-0.4739
2026-04-09T17:43:38Z,Digitizer_run1607_subrun1.csv,42,False,,,4.0,-0.4915
2026-04-09T17:43:38Z,Digitizer_run1607_subrun1.csv,43,False,,,4.0,-0.4767
2026-04-09T17:43:38Z,Digitizer_run1607_subrun1.csv,44,False,,,4.0,-0.5017
2026-04-09T17:43:38Z,Digitizer_run1607_subrun1.csv,45,False,,,4.0,-0.4778
2026-04-09T17:43:38Z,Digitizer_run1607_subrun1.csv,46,False,,,4.0,-0.5059
2026-04-09T17:43:38Z,Digitizer_run1607_subrun1.csv,47,False,,,4.0,-0.5004
2026-04-09T17:43:38Z,Digitizer_run1607_subrun1.csv,48,False,,,4.0,-0.4814
2026-04-09T17:43:38Z,Digitizer_run1607_subrun1.csv,49,False,,,4.0,-0.4752
2026-04-09T17:43:38Z,Digitizer_run1607_subrun1.csv,50,False,,,4.0,-0.4897
2026-04-09T17:43:38Z,Digitizer_run1607_subrun1.csv,51,False,,,4.0,-0.4931
2026-04-09T17:43:38Z,Digitizer_run1607_subrun1.csv,52,False,,,4.0,-0.4712
2026-04-09T17:43:38Z,Digitizer_run1607_subrun1.csv,53,False,,,4.0,-0.4746
2026-04-09T17:43:38Z,Digitizer_run1607_subrun1.csv,54,False,,,4.0,-0.4794
2026-04-09T17:43:38Z,Digitizer_run1607_subrun1.csv,55,False,,,4.0,-0.4751
2026-04-09T17:43:38Z,Digitizer_run1607_subrun1.csv,56,False,,,4.0,-0.4804
2026-04-09T17:43:38Z,Digitizer_run1607_subrun1.csv,57,False,,,4.0,-0.4761
2026-04-09T17:43:38Z,Digitizer_run1607_subrun1.csv,58,False,,,4.0,-0.4703
2026-04-09T17:43:38Z,Digitizer_run1607_subrun1.csv,59,False,,,4.0,-0.4794
2026-04-09T17:43:38Z,Digitizer_run1607_subrun1.csv,60,False,,,4.0,-0.4811
2026-04-09T17:43:38Z,Digitizer_run1607_subrun1.csv,61,False,,,4.0,-0.485
2026-04-09T17:43:38Z,Digitizer_run1607_subrun1.csv,62,False,,,4.0,-0.4692
2026-04-09T17:43:38Z,Digitizer_run1607_subrun1.csv,63,False,,,4.0,-0.4732
2026-04-09T17:43:38Z,Digitizer_run1607_subrun1.csv,64,False,,,4.0,-0.475
2026-04-09T17:43:38Z,Digitizer_run1607_subrun1.csv,65,False,,,4.0,-0.4834
2026-04-09T17:43:38Z,Digitizer_run1607_subrun1.csv,66,False,,,4.0,-0.4816
2026-04-09T17:43:38Z,Digitizer_run1607_subrun1.csv,67,False,,,4.0,-0.4823
2026-04-09T17:43:38Z,Digitizer_run1607_subrun1.csv,68,False,,,4.0,-0.4753
2026-04-09T17:43:38Z,Digitizer_run1607_subrun1.csv,69,False,,,4.0,-0.4667
2026-04-09T17:43:38Z,Digitizer_run1607_subrun1.csv,70,False,,,4.0,-0.4933
2026-04-09T17:43:38Z,Digitizer_run1607_subrun1.csv,71,False,,,4.0,-0.5037
2026-04-09T17:43:38Z,Digitizer_run1607_subrun1.csv,72,False,,,4.0,-0.4725
2026-04-09T17:43:38Z,Digitizer_run1607_subrun1.csv,73,False,,,4.0,-0.4697
2026-04-09T17:43:38Z,Digitizer_run1607_subrun1.csv,74,False,,,4.0,-0.4696
2026-04-09T17:43:38Z,Digitizer_run1607_subrun1.csv,75,False,,,4.0,-0.4906
2026-04-09T17:43:38Z,Digitizer_run1607_subrun1.csv,76,False,,,4.0,-0.4762
2026-04-09T17:43:38Z,Digitizer_run1607_subrun1.csv,77,False,,,4.0,-0.4789
2026-04-09T17:43:38Z,Digitizer_run1607_subrun1.csv,78,False,,,4.0,-0.4966
2026-04-09T17:43:38Z,Digitizer_run1607_subrun1.csv,79,False,,,4.0,-0.4849
2026-04-09T17:43:38Z,Digitizer_run1607_subrun1.csv,80,False,,,4.0,-0.5027
2026-04-09T17:43:38Z,Digitizer_run1607_subrun1.csv,81,False,,,4.0,-0.477
2026-04-09T17:43:38Z,Digitizer_run1607_subrun1.csv,82,False,,,4.0,-0.4849
2026-04-09T17:43:38Z,Digitizer_run1607_subrun1.csv,83,False,,,4.0,-0.4782
2026-04-09T17:43:38Z,Digitizer_run1607_subrun1.csv,84,False,,,4.0,-0.4719
2026-04-09T17:43:38Z,Digitizer_run1607_subrun1.csv,85,False,,,4.0,-0.4748
2026-04-09T17:43:38Z,Digitizer_run1607_subrun1.csv,86,False,,,4.0,-0.4676
2026-04-09T17:43:38Z,Digitizer_run1607_subrun1.csv,87,False,,,4.0,-0.4777
2026-04-09T17:43:38Z,Digitizer_run1607_subrun1.csv,88,False,,,4.0,-0.4821
2026-04-09T17:43:38Z,Digitizer_run1607_subrun1.csv,89,True,isolation_forest,,4.0,-0.5261
2026-04-09T17:43:38Z,Digitizer_run1607_subrun1.csv,90,False,,,4.0,-0.4826
2026-04-09T17:43:38Z,Digitizer_run1607_subrun1.csv,91,False,,,4.0,-0.4783
2026-04-09T17:43:38Z,Digitizer_run1607_subrun1.csv,92,False,,,4.0,-0.5024
2026-04-09T17:43:38Z,Digitizer_run1607_subrun1.csv,93,False,,,4.0,-0.4903
2026-04-09T17:43:38Z,Digitizer_run1607_subrun1.csv,94,False,,,4.0,-0.468
2026-04-09T17:43:38Z,Digitizer_run1607_subrun1.csv,95,False,,,4.0,-0.4738
2026-04-09T17:43:43Z,Digitizer_run1609_subrun160.csv,0,False,,,2.63,-0.4485
2026-04-09T17:43:43Z,Digitizer_run1609_subrun160.csv,1,False,,,2.63,-0.4613
2026-04-09T17:43:43Z,Digitizer_run1609_subrun160.csv,2,False,,,2.63,-0.4561
2026-04-09T17:43:43Z,Digitizer_run1609_subrun160.csv,3,False,,,2.63,-0.4555
2026-04-09T17:43:43Z,Digitizer_run1609_subrun160.csv,4,False,,,2.63,-0.484
2026-04-09T17:43:43Z,Digitizer_run1609_subrun160.csv,5,False,,,2.63,-0.4606
2026-04-09T17:43:43Z,Digitizer_run1609_subrun160.csv,6,False,,,2.63,-0.4583
2026-04-09T17:43:43Z,Digitizer_run1609_subrun160.csv,7,False,,,2.63,-0.4505
2026-04-09T17:43:43Z,Digitizer_run1609_subrun160.csv,8,False,,,2.63,-0.4558
2026-04-09T17:43:43Z,Digitizer_run1609_subrun160.csv,9,False,,,2.63,-0.4575
2026-04-09T17:43:43Z,Digitizer_run1609_subrun160.csv,10,False,,,2.63,-0.4487
2026-04-09T17:43:43Z,Digitizer_run1609_subrun160.csv,11,False,,,2.63,-0.4441
2026-04-09T17:43:43Z,Digitizer_run1609_subrun160.csv,12,False,,,2.63,-0.4528
2026-04-09T17:43:43Z,Digitizer_run1609_subrun160.csv,13,False,,,2.63,-0.4647
2026-04-09T17:43:43Z,Digitizer_run1609_subrun160.csv,14,False,,,2.63,-0.4466
2026-04-09T17:43:43Z,Digitizer_run1609_subrun160.csv,15,False,,,2.63,-0.4453
2026-04-09T17:43:43Z,Digitizer_run1609_subrun160.csv,16,False,,,2.71,-0.4835
2026-04-09T17:43:43Z,Digitizer_run1609_subrun160.csv,17,False,,,2.63,-0.4726
2026-04-09T17:43:43Z,Digitizer_run1609_subrun160.csv,18,False,,,2.63,-0.4649
2026-04-09T17:43:43Z,Digitizer_run1609_subrun160.csv,19,False,,,2.63,-0.4791
2026-04-09T17:43:43Z,Digitizer_run1609_subrun160.csv,20,False,,,2.63,-0.4588
2026-04-09T17:43:43Z,Digitizer_run1609_subrun160.csv,21,False,,,2.63,-0.4565
2026-04-09T17:43:43Z,Digitizer_run1609_subrun160.csv,22,False,,,2.63,-0.452
2026-04-09T17:43:43Z,Digitizer_run1609_subrun160.csv,23,False,,,2.63,-0.4607
2026-04-09T17:43:43Z,Digitizer_run1609_subrun160.csv,24,False,,,2.63,-0.4607
2026-04-09T17:43:43Z,Digitizer_run1609_subrun160.csv,25,False,,,2.63,-0.4813
2026-04-09T17:43:43Z,Digitizer_run1609_subrun160.csv,26,False,,,2.63,-0.4532
2026-04-09T17:43:43Z,Digitizer_run1609_subrun160.csv,27,False,,,2.63,-0.4527
2026-04-09T17:43:43Z,Digitizer_run1609_subrun160.csv,28,False,,,4.9,-0.4879
2026-04-09T17:43:43Z,Digitizer_run1609_subrun160.csv,29,False,,,2.63,-0.4628
2026-04-09T17:43:43Z,Digitizer_run1609_subrun160.csv,30,False,,,2.63,-0.4531
2026-04-09T17:43:43Z,Digitizer_run1609_subrun160.csv,31,False,,,2.63,-0.4485
2026-04-09T17:43:43Z,Digitizer_run1609_subrun160.csv,32,False,,,2.63,-0.4499
2026-04-09T17:43:43Z,Digitizer_run1609_subrun160.csv,33,False,,,2.63,-0.4618
2026-04-09T17:43:43Z,Digitizer_run1609_subrun160.csv,34,False,,,2.63,-0.4496
2026-04-09T17:43:43Z,Digitizer_run1609_subrun160.csv,35,False,,,2.63,-0.4464
2026-04-09T17:43:43Z,Digitizer_run1609_subrun160.csv,36,False,,,4.58,-0.4761
2026-04-09T17:43:43Z,Digitizer_run1609_subrun160.csv,37,False,,,4.43,-0.4774
2026-04-09T17:43:43Z,Digitizer_run1609_subrun160.csv,38,False,,,2.75,-0.4574
2026-04-09T17:43:43Z,Digitizer_run1609_subrun160.csv,39,False,,,2.63,-0.4436
2026-04-09T17:43:43Z,Digitizer_run1609_subrun160.csv,40,False,,,2.63,-0.451
2026-04-09T17:43:43Z,Digitizer_run1609_subrun160.csv,41,False,,,2.63,-0.4431
2026-04-09T17:43:43Z,Digitizer_run1609_subrun160.csv,42,False,,,2.63,-0.4585
2026-04-09T17:43:43Z,Digitizer_run1609_subrun160.csv,43,False,,,2.63,-0.4512
2026-04-09T17:43:43Z,Digitizer_run1609_subrun160.csv,44,False,,,2.63,-0.4577
2026-04-09T17:43:43Z,Digitizer_run1609_subrun160.csv,45,False,,,2.63,-0.453
2026-04-09T17:43:43Z,Digitizer_run1609_subrun160.csv,46,False,,,2.63,-0.4489
2026-04-09T17:43:43Z,Digitizer_run1609_subrun160.csv,47,False,,,2.63,-0.4581
2026-04-09T17:43:43Z,Digitizer_run1609_subrun160.csv,48,False,,,2.81,-0.4723
2026-04-09T17:43:43Z,Digitizer_run1609_subrun160.csv,49,False,,,2.63,-0.4698
2026-04-09T17:43:43Z,Digitizer_run1609_subrun160.csv,50,False,,,2.63,-0.4504
2026-04-09T17:43:43Z,Digitizer_run1609_subrun160.csv,51,False,,,2.63,-0.4488
2026-04-09T17:43:43Z,Digitizer_run1609_subrun160.csv,52,False,,,2.63,-0.4569
2026-04-09T17:43:43Z,Digitizer_run1609_subrun160.csv,53,False,,,2.63,-0.4512
2026-04-09T17:43:43Z,Digitizer_run1609_subrun160.csv,54,False,,,3.51,-0.4788
2026-04-09T17:43:43Z,Digitizer_run1609_subrun160.csv,55,False,,,2.95,-0.4727
2026-04-09T17:43:43Z,Digitizer_run1609_subrun160.csv,56,False,,,2.63,-0.4624
2026-04-09T17:43:43Z,Digitizer_run1609_subrun160.csv,57,False,,,2.63,-0.4552
2026-04-09T17:43:43Z,Digitizer_run1609_subrun160.csv,58,False,,,2.63,-0.4479
2026-04-09T17:43:43Z,Digitizer_run1609_subrun160.csv,59,False,,,2.63,-0.4611
2026-04-09T17:43:43Z,Digitizer_run1609_subrun160.csv,60,False,,,4.32,-0.4716
2026-04-09T17:43:43Z,Digitizer_run1609_subrun160.csv,61,False,,,2.63,-0.448
2026-04-09T17:43:43Z,Digitizer_run1609_subrun160.csv,62,False,,,2.63,-0.4514
2026-04-09T17:43:43Z,Digitizer_run1609_subrun160.csv,63,False,,,2.63,-0.4651
2026-04-09T17:43:43Z,Digitizer_run1609_subrun160.csv,64,False,,,2.63,-0.4632
2026-04-09T17:43:43Z,Digitizer_run1609_subrun160.csv,65,False,,,2.68,-0.461
2026-04-09T17:43:43Z,Digitizer_run1609_subrun160.csv,66,False,,,2.63,-0.448
2026-04-09T17:43:43Z,Digitizer_run1609_subrun160.csv,67,False,,,2.63,-0.4443
2026-04-09T17:43:43Z,Digitizer_run1609_subrun160.csv,68,False,,,2.63,-0.4528
2026-04-09T17:43:43Z,Digitizer_run1609_subrun160.csv,69,False,,,2.63,-0.4558
2026-04-09T17:43:43Z,Digitizer_run1609_subrun160.csv,70,False,,,2.63,-0.47
2026-04-09T17:43:43Z,Digitizer_run1609_subrun160.csv,71,False,,,2.63,-0.4533
2026-04-09T17:43:43Z,Digitizer_run1609_subrun160.csv,72,False,,,4.63,-0.4808
2026-04-09T17:43:43Z,Digitizer_run1609_subrun160.csv,73,False,,,2.92,-0.4692
2026-04-09T17:43:43Z,Digitizer_run1609_subrun160.csv,74,False,,,2.63,-0.4576
2026-04-09T17:43:43Z,Digitizer_run1609_subrun160.csv,75,False,,,3.16,-0.4636
2026-04-09T17:43:43Z,Digitizer_run1609_subrun160.csv,76,True,statistical,pulseHeight_max_median;pulseArea_max_median,12.24,-0.5016
2026-04-09T17:43:43Z,Digitizer_run1609_subrun160.csv,77,False,,,2.63,-0.4497
2026-04-09T17:43:43Z,Digitizer_run1609_subrun160.csv,78,False,,,2.63,-0.4623
2026-04-09T17:43:43Z,Digitizer_run1609_subrun160.csv,79,False,,,2.63,-0.4522
2026-04-09T17:43:43Z,Digitizer_run1609_subrun160.csv,80,False,,,2.63,-0.4808
2026-04-09T17:43:43Z,Digitizer_run1609_subrun160.csv,81,False,,,2.71,-0.4831
2026-04-09T17:43:43Z,Digitizer_run1609_subrun160.csv,82,False,,,2.63,-0.4848
2026-04-09T17:43:43Z,Digitizer_run1609_subrun160.csv,83,False,,,2.63,-0.4608
2026-04-09T17:43:43Z,Digitizer_run1609_subrun160.csv,84,False,,,2.63,-0.456
2026-04-09T17:43:43Z,Digitizer_run1609_subrun160.csv,85,False,,,2.63,-0.4511
2026-04-09T17:43:43Z,Digitizer_run1609_subrun160.csv,86,False,,,2.63,-0.4471
2026-04-09T17:43:43Z,Digitizer_run1609_subrun160.csv,87,False,,,2.63,-0.4459
2026-04-09T17:43:43Z,Digitizer_run1609_subrun160.csv,88,False,,,2.63,-0.4642
2026-04-09T17:43:43Z,Digitizer_run1609_subrun160.csv,89,False,,,2.63,-0.4718
2026-04-09T17:43:43Z,Digitizer_run1609_subrun160.csv,90,False,,,2.63,-0.4657
2026-04-09T17:43:43Z,Digitizer_run1609_subrun160.csv,91,False,,,2.63,-0.4715
2026-04-09T17:43:43Z,Digitizer_run1609_subrun160.csv,92,False,,,2.63,-0.4675
2026-04-09T17:43:43Z,Digitizer_run1609_subrun160.csv,93,False,,,2.63,-0.4745
2026-04-09T17:43:43Z,Digitizer_run1609_subrun160.csv,94,False,,,2.63,-0.4669
2026-04-09T17:43:43Z,Digitizer_run1609_subrun160.csv,95,False,,,2.63,-0.4766
2026-04-09T17:43:47Z,Digitizer_run1607_subrun420.csv,0,False,,,1.88,-0.4315
2026-04-09T17:43:47Z,Digitizer_run1607_subrun420.csv,1,False,,,1.88,-0.4316
2026-04-09T17:43:47Z,Digitizer_run1607_subrun420.csv,2,False,,,1.88,-0.4382
2026-04-09T17:43:47Z,Digitizer_run1607_subrun420.csv,3,False,,,1.88,-0.4358
2026-04-09T17:43:47Z,Digitizer_run1607_subrun420.csv,4,False,,,1.88,-0.4417
2026-04-09T17:43:47Z,Digitizer_run1607_subrun420.csv,5,False,,,2.94,-0.4504
2026-04-09T17:43:47Z,Digitizer_run1607_subrun420.csv,6,False,,,2.24,-0.4499
2026-04-09T17:43:47Z,Digitizer_run1607_subrun420.csv,7,False,,,2.57,-0.4406
2026-04-09T17:43:47Z,Digitizer_run1607_subrun420.csv,8,False,,,2.59,-0.4555
2026-04-09T17:43:47Z,Digitizer_run1607_subrun420.csv,9,True,statistical,nPulses_median,500000.0,-0.4823
2026-04-09T17:43:47Z,Digitizer_run1607_subrun420.csv,10,False,,,1.88,-0.437
2026-04-09T17:43:47Z,Digitizer_run1607_subrun420.csv,11,False,,,2.18,-0.452
2026-04-09T17:43:47Z,Digitizer_run1607_subrun420.csv,12,False,,,2.16,-0.4509
2026-04-09T17:43:47Z,Digitizer_run1607_subrun420.csv,13,False,,,2.53,-0.4544
2026-04-09T17:43:47Z,Digitizer_run1607_subrun420.csv,14,False,,,1.88,-0.4358
2026-04-09T17:43:47Z,Digitizer_run1607_subrun420.csv,15,False,,,2.02,-0.4402
2026-04-09T17:43:47Z,Digitizer_run1607_subrun420.csv,16,False,,,2.9,-0.4395
2026-04-09T17:43:47Z,Digitizer_run1607_subrun420.csv,17,False,,,1.88,-0.4301
2026-04-09T17:43:47Z,Digitizer_run1607_subrun420.csv,18,False,,,3.75,-0.4455
2026-04-09T17:43:47Z,Digitizer_run1607_subrun420.csv,19,False,,,2.23,-0.4474
2026-04-09T17:43:47Z,Digitizer_run1607_subrun420.csv,20,False,,,4.1,-0.4685
2026-04-09T17:43:47Z,Digitizer_run1607_subrun420.csv,21,False,,,3.9,-0.4873
2026-04-09T17:43:47Z,Digitizer_run1607_subrun420.csv,22,False,,,2.11,-0.4481
2026-04-09T17:43:47Z,Digitizer_run1607_subrun420.csv,23,False,,,1.88,-0.4495
2026-04-09T17:43:47Z,Digitizer_run1607_subrun420.csv,24,False,,,3.07,-0.4527
2026-04-09T17:43:47Z,Digitizer_run1607_subrun420.csv,25,False,,,2.62,-0.449
2026-04-09T17:43:47Z,Digitizer_run1607_subrun420.csv,26,False,,,1.88,-0.442
2026-04-09T17:43:47Z,Digitizer_run1607_subrun420.csv,27,False,,,1.89,-0.4452
2026-04-09T17:43:47Z,Digitizer_run1607_subrun420.csv,28,False,,,2.36,-0.4488
2026-04-09T17:43:47Z,Digitizer_run1607_subrun420.csv,29,False,,,1.88,-0.4329
2026-04-09T17:43:47Z,Digitizer_run1607_subrun420.csv,30,False,,,1.88,-0.4341
2026-04-09T17:43:47Z,Digitizer_run1607_subrun420.csv,31,False,,,1.88,-0.4356
2026-04-09T17:43:47Z,Digitizer_run1607_subrun420.csv,32,False,,,1.88,-0.4295
2026-04-09T17:43:47Z,Digitizer_run1607_subrun420.csv,33,False,,,2.26,-0.4385
2026-04-09T17:43:47Z,Digitizer_run1607_subrun420.csv,34,False,,,1.88,-0.4435
2026-04-09T17:43:47Z,Digitizer_run1607_subrun420.csv,35,False,,,1.88,-0.4325
2026-04-09T17:43:47Z,Digitizer_run1607_subrun420.csv,36,False,,,2.28,-0.4437
2026-04-09T17:43:47Z,Digitizer_run1607_subrun420.csv,37,False,,,1.88,-0.4412
2026-04-09T17:43:47Z,Digitizer_run1607_subrun420.csv,38,False,,,2.59,-0.4591
2026-04-09T17:43:47Z,Digitizer_run1607_subrun420.csv,39,False,,,2.24,-0.4526
2026-04-09T17:43:47Z,Digitizer_run1607_subrun420.csv,40,False,,,1.88,-0.4347
2026-04-09T17:43:47Z,Digitizer_run1607_subrun420.csv,41,False,,,1.88,-0.4516
2026-04-09T17:43:47Z,Digitizer_run1607_subrun420.csv,42,False,,,2.85,-0.4437
2026-04-09T17:43:47Z,Digitizer_run1607_subrun420.csv,43,False,,,3.47,-0.4521
2026-04-09T17:43:47Z,Digitizer_run1607_subrun420.csv,44,True,statistical,nPulses_median,5.7,-0.4866
2026-04-09T17:43:47Z,Digitizer_run1607_subrun420.csv,45,False,,,3.61,-0.4497
2026-04-09T17:43:47Z,Digitizer_run1607_subrun420.csv,46,False,,,1.88,-0.4267
2026-04-09T17:43:47Z,Digitizer_run1607_subrun420.csv,47,False,,,2.29,-0.4533
2026-04-09T17:43:47Z,Digitizer_run1607_subrun420.csv,48,False,,,2.96,-0.468
2026-04-09T17:43:47Z,Digitizer_run1607_subrun420.csv,49,False,,,3.46,-0.4906
2026-04-09T17:43:47Z,Digitizer_run1607_subrun420.csv,50,False,,,1.99,-0.4389
2026-04-09T17:43:47Z,Digitizer_run1607_subrun420.csv,51,False,,,2.54,-0.4341
2026-04-09T17:43:47Z,Digitizer_run1607_subrun420.csv,52,False,,,1.88,-0.4265
2026-04-09T17:43:47Z,Digitizer_run1607_subrun420.csv,53,False,,,1.88,-0.4315
2026-04-09T17:43:47Z,Digitizer_run1607_subrun420.csv,54,False,,,1.88,-0.4328
2026-04-09T17:43:47Z,Digitizer_run1607_subrun420.csv,55,False,,,2.32,-0.4367
2026-04-09T17:43:47Z,Digitizer_run1607_subrun420.csv,56,False,,,1.96,-0.4532
2026-04-09T17:43:47Z,Digitizer_run1607_subrun420.csv,57,False,,,1.88,-0.4339
2026-04-09T17:43:47Z,Digitizer_run1607_subrun420.csv,58,False,,,2.57,-0.4612
2026-04-09T17:43:47Z,Digitizer_run1607_subrun420.csv,59,False,,,2.33,-0.4534
2026-04-09T17:43:47Z,Digitizer_run1607_subrun420.csv,60,False,,,1.88,-0.4338
2026-04-09T17:43:47Z,Digitizer_run1607_subrun420.csv,61,False,,,1.88,-0.4316
2026-04-09T17:43:47Z,Digitizer_run1607_subrun420.csv,62,False,,,2.02,-0.4429
2026-04-09T17:43:47Z,Digitizer_run1607_subrun420.csv,63,False,,,1.88,-0.4402
2026-04-09T17:43:47Z,Digitizer_run1607_subrun420.csv,64,False,,,2.35,-0.4482
2026-04-09T17:43:47Z,Digitizer_run1607_subrun420.csv,65,False,,,2.21,-0.4528
2026-04-09T17:43:47Z,Digitizer_run1607_subrun420.csv,66,False,,,1.88,-0.4335
2026-04-09T17:43:47Z,Digitizer_run1607_subrun420.csv,67,False,,,1.88,-0.4357
2026-04-09T17:43:47Z,Digitizer_run1607_subrun420.csv,68,False,,,2.64,-0.4653
2026-04-09T17:43:47Z,Digitizer_run1607_subrun420.csv,69,False,,,2.37,-0.4571
2026-04-09T17:43:47Z,Digitizer_run1607_subrun420.csv,70,False,,,1.88,-0.4397
2026-04-09T17:43:47Z,Digitizer_run1607_subrun420.csv,71,False,,,2.19,-0.4394
2026-04-09T17:43:47Z,Digitizer_run1607_subrun420.csv,72,False,,,2.45,-0.4421
2026-04-09T17:43:47Z,Digitizer_run1607_subrun420.csv,73,False,,,1.88,-0.4405
2026-04-09T17:43:47Z,Digitizer_run1607_subrun420.csv,74,False,,,1.99,-0.4546
2026-04-09T17:43:47Z,Digitizer_run1607_subrun420.csv,75,False,,,2.21,-0.4615
2026-04-09T17:43:47Z,Digitizer_run1607_subrun420.csv,76,False,,,1.88,-0.4314
2026-04-09T17:43:47Z,Digitizer_run1607_subrun420.csv,77,False,,,2.31,-0.4552
2026-04-09T17:43:47Z,Digitizer_run1607_subrun420.csv,78,False,,,2.33,-0.4511
2026-04-09T17:43:47Z,Digitizer_run1607_subrun420.csv,79,False,,,2.41,-0.4507
2026-04-09T17:43:47Z,Digitizer_run1607_subrun420.csv,80,False,,,1.88,-0.4351
2026-04-09T17:43:47Z,Digitizer_run1607_subrun420.csv,81,False,,,3.36,-0.4559
2026-04-09T17:43:47Z,Digitizer_run1607_subrun420.csv,82,False,,,3.28,-0.4747
2026-04-09T17:43:47Z,Digitizer_run1607_subrun420.csv,83,False,,,3.95,-0.4673
2026-04-09T17:43:47Z,Digitizer_run1607_subrun420.csv,84,False,,,1.88,-0.4508
2026-04-09T17:43:47Z,Digitizer_run1607_subrun420.csv,85,False,,,1.88,-0.4318
2026-04-09T17:43:47Z,Digitizer_run1607_subrun420.csv,86,False,,,1.88,-0.4304
2026-04-09T17:43:47Z,Digitizer_run1607_subrun420.csv,87,False,,,1.88,-0.4266
2026-04-09T17:43:47Z,Digitizer_run1607_subrun420.csv,88,False,,,2.47,-0.4567
2026-04-09T17:43:47Z,Digitizer_run1607_subrun420.csv,89,False,,,2.86,-0.457
2026-04-09T17:43:47Z,Digitizer_run1607_subrun420.csv,90,False,,,2.27,-0.4651
2026-04-09T17:43:47Z,Digitizer_run1607_subrun420.csv,91,False,,,2.03,-0.4713
2026-04-09T17:43:47Z,Digitizer_run1607_subrun420.csv,92,False,,,2.35,-0.4681
2026-04-09T17:43:47Z,Digitizer_run1607_subrun420.csv,93,False,,,4.1,-0.4856
2026-04-09T17:43:47Z,Digitizer_run1607_subrun420.csv,94,False,,,2.55,-0.468
2026-04-09T17:43:47Z,Digitizer_run1607_subrun420.csv,95,False,,,2.07,-0.4554
2026-04-09T17:43:51Z,Digitizer_run1607_subrun28.csv,0,False,,,2.81,-0.5087
2026-04-09T17:43:51Z,Digitizer_run1607_subrun28.csv,1,False,,,2.68,-0.4982
2026-04-09T17:43:51Z,Digitizer_run1607_subrun28.csv,2,False,,,2.68,-0.4933
2026-04-09T17:43:51Z,Digitizer_run1607_subrun28.csv,3,False,,,2.68,-0.4937
2026-04-09T17:43:51Z,Digitizer_run1607_subrun28.csv,4,False,,,2.68,-0.5004
2026-04-09T17:43:51Z,Digitizer_run1607_subrun28.csv,5,False,,,2.68,-0.4914
2026-04-09T17:43:51Z,Digitizer_run1607_subrun28.csv,6,False,,,2.68,-0.5018
2026-04-09T17:43:51Z,Digitizer_run1607_subrun28.csv,7,False,,,2.87,-0.5082
2026-04-09T17:43:51Z,Digitizer_run1607_subrun28.csv,8,False,,,2.68,-0.5019
2026-04-09T17:43:51Z,Digitizer_run1607_subrun28.csv,9,False,,,2.68,-0.4977
2026-04-09T17:43:51Z,Digitizer_run1607_subrun28.csv,10,False,,,2.7,-0.5066
2026-04-09T17:43:51Z,Digitizer_run1607_subrun28.csv,11,False,,,2.68,-0.5107
2026-04-09T17:43:51Z,Digitizer_run1607_subrun28.csv,12,True,statistical+IF,pulseDuriation_min_std,5.19,-0.5369
2026-04-09T17:43:51Z,Digitizer_run1607_subrun28.csv,13,False,,,2.68,-0.5001
2026-04-09T17:43:51Z,Digitizer_run1607_subrun28.csv,14,True,isolation_forest,,2.68,-0.5264
2026-04-09T17:43:51Z,Digitizer_run1607_subrun28.csv,15,True,isolation_forest,,2.96,-0.5231
2026-04-09T17:43:51Z,Digitizer_run1607_subrun28.csv,16,False,,,2.68,-0.5043
2026-04-09T17:43:51Z,Digitizer_run1607_subrun28.csv,17,False,,,3.28,-0.5114
2026-04-09T17:43:51Z,Digitizer_run1607_subrun28.csv,18,False,,,2.68,-0.4914
2026-04-09T17:43:51Z,Digitizer_run1607_subrun28.csv,19,False,,,2.68,-0.4913
2026-04-09T17:43:51Z,Digitizer_run1607_subrun28.csv,20,True,statistical+IF,pulseArea_min_mean,6.7,-0.5651
2026-04-09T17:43:51Z,Digitizer_run1607_subrun28.csv,21,True,isolation_forest,,4.52,-0.5603
2026-04-09T17:43:51Z,Digitizer_run1607_subrun28.csv,22,True,isolation_forest,,3.61,-0.5209
2026-04-09T17:43:51Z,Digitizer_run1607_subrun28.csv,23,True,isolation_forest,,2.68,-0.5193
2026-04-09T17:43:51Z,Digitizer_run1607_subrun28.csv,24,False,,,2.68,-0.4937
2026-04-09T17:43:51Z,Digitizer_run1607_subrun28.csv,25,False,,,2.68,-0.5005
2026-04-09T17:43:51Z,Digitizer_run1607_subrun28.csv,26,False,,,2.68,-0.5026
2026-04-09T17:43:51Z,Digitizer_run1607_subrun28.csv,27,False,,,2.68,-0.4973
2026-04-09T17:43:51Z,Digitizer_run1607_subrun28.csv,28,True,isolation_forest,,3.96,-0.52
2026-04-09T17:43:51Z,Digitizer_run1607_subrun28.csv,29,True,isolation_forest,,3.16,-0.522
2026-04-09T17:43:51Z,Digitizer_run1607_subrun28.csv,30,True,isolation_forest,,4.45,-0.5304
2026-04-09T17:43:51Z,Digitizer_run1607_subrun28.csv,31,True,isolation_forest,,3.6,-0.5305
2026-04-09T17:43:51Z,Digitizer_run1607_subrun28.csv,32,False,,,2.68,-0.497
2026-04-09T17:43:51Z,Digitizer_run1607_subrun28.csv,33,False,,,2.68,-0.5016
2026-04-09T17:43:51Z,Digitizer_run1607_subrun28.csv,34,False,,,2.92,-0.5114
2026-04-09T17:43:51Z,Digitizer_run1607_subrun28.csv,35,False,,,2.68,-0.5109
2026-04-09T17:43:51Z,Digitizer_run1607_subrun28.csv,36,True,isolation_forest,,3.01,-0.5342
2026-04-09T17:43:51Z,Digitizer_run1607_subrun28.csv,37,True,isolation_forest,,3.75,-0.5304
2026-04-09T17:43:51Z,Digitizer_run1607_subrun28.csv,38,True,isolation_forest,,3.12,-0.5332
2026-04-09T17:43:51Z,Digitizer_run1607_subrun28.csv,39,True,isolation_forest,,3.21,-0.53
2026-04-09T17:43:51Z,Digitizer_run1607_subrun28.csv,40,False,,,2.68,-0.4937
2026-04-09T17:43:51Z,Digitizer_run1607_subrun28.csv,41,False,,,2.68,-0.5087
2026-04-09T17:43:51Z,Digitizer_run1607_subrun28.csv,42,False,,,2.68,-0.491
2026-04-09T17:43:51Z,Digitizer_run1607_subrun28.csv,43,False,,,2.68,-0.4946
2026-04-09T17:43:51Z,Digitizer_run1607_subrun28.csv,44,True,isolation_forest,,2.79,-0.5319
2026-04-09T17:43:51Z,Digitizer_run1607_subrun28.csv,45,True,isolation_forest,,2.73,-0.537
2026-04-09T17:43:51Z,Digitizer_run1607_subrun28.csv,46,True,statistical+IF,pulseHeight_min_median,5.29,-0.5625
2026-04-09T17:43:51Z,Digitizer_run1607_subrun28.csv,47,True,isolation_forest,,4.78,-0.5631
2026-04-09T17:43:51Z,Digitizer_run1607_subrun28.csv,48,False,,,2.68,-0.4886
2026-04-09T17:43:51Z,Digitizer_run1607_subrun28.csv,49,True,isolation_forest,,2.68,-0.515
2026-04-09T17:43:51Z,Digitizer_run1607_subrun28.csv,50,True,isolation_forest,,4.06,-0.5383
2026-04-09T17:43:51Z,Digitizer_run1607_subrun28.csv,51,True,statistical+IF,pulseArea_min_mean,5.51,-0.5472
2026-04-09T17:43:51Z,Digitizer_run1607_subrun28.csv,52,False,,,2.68,-0.504
2026-04-09T17:43:51Z,Digitizer_run1607_subrun28.csv,53,False,,,2.96,-0.5083
2026-04-09T17:43:51Z,Digitizer_run1607_subrun28.csv,54,False,,,2.68,-0.5033
2026-04-09T17:43:51Z,Digitizer_run1607_subrun28.csv,55,False,,,2.68,-0.509
2026-04-09T17:43:51Z,Digitizer_run1607_subrun28.csv,56,True,isolation_forest,,2.68,-0.5154
2026-04-09T17:43:51Z,Digitizer_run1607_subrun28.csv,57,False,,,2.72,-0.5012
2026-04-09T17:43:51Z,Digitizer_run1607_subrun28.csv,58,False,,,2.68,-0.4986
2026-04-09T17:43:51Z,Digitizer_run1607_subrun28.csv,59,True,isolation_forest,,2.68,-0.519
2026-04-09T17:43:51Z,Digitizer_run1607_subrun28.csv,60,True,isolation_forest,,3.28,-0.5262
2026-04-09T17:43:51Z,Digitizer_run1607_subrun28.csv,61,False,,,2.9,-0.5073
2026-04-09T17:43:51Z,Digitizer_run1607_subrun28.csv,62,False,,,2.68,-0.4907
2026-04-09T17:43:51Z,Digitizer_run1607_subrun28.csv,63,False,,,2.68,-0.5001
2026-04-09T17:43:51Z,Digitizer_run1607_subrun28.csv,64,False,,,2.68,-0.4898
2026-04-09T17:43:51Z,Digitizer_run1607_subrun28.csv,65,False,,,2.68,-0.498
2026-04-09T17:43:51Z,Digitizer_run1607_subrun28.csv,66,False,,,2.83,-0.5118
2026-04-09T17:43:51Z,Digitizer_run1607_subrun28.csv,67,True,isolation_forest,,2.99,-0.5163
2026-04-09T17:43:51Z,Digitizer_run1607_subrun28.csv,68,True,isolation_forest,,2.74,-0.5356
2026-04-09T17:43:51Z,Digitizer_run1607_subrun28.csv,69,False,,,2.68,-0.5038
2026-04-09T17:43:51Z,Digitizer_run1607_subrun28.csv,70,True,isolation_forest,,2.68,-0.5162
2026-04-09T17:43:51Z,Digitizer_run1607_subrun28.csv,71,True,isolation_forest,,4.11,-0.5349
2026-04-09T17:43:51Z,Digitizer_run1607_subrun28.csv,72,True,isolation_forest,,2.68,-0.5249
2026-04-09T17:43:51Z,Digitizer_run1607_subrun28.csv,73,False,,,2.68,-0.4963
2026-04-09T17:43:51Z,Digitizer_run1607_subrun28.csv,74,False,,,2.68,-0.4988
2026-04-09T17:43:51Z,Digitizer_run1607_subrun28.csv,75,False,,,2.68,-0.5033
2026-04-09T17:43:51Z,Digitizer_run1607_subrun28.csv,76,False,,,2.68,-0.4983
2026-04-09T17:43:51Z,Digitizer_run1607_subrun28.csv,77,False,,,2.68,-0.5081
2026-04-09T17:43:51Z,Digitizer_run1607_subrun28.csv,78,False,,,2.68,-0.497
2026-04-09T17:43:51Z,Digitizer_run1607_subrun28.csv,79,False,,,2.68,-0.4864
2026-04-09T17:43:51Z,Digitizer_run1607_subrun28.csv,80,False,,,2.68,-0.4944
2026-04-09T17:43:51Z,Digitizer_run1607_subrun28.csv,81,False,,,2.68,-0.5133
2026-04-09T17:43:51Z,Digitizer_run1607_subrun28.csv,82,True,isolation_forest,,2.84,-0.5401
2026-04-09T17:43:51Z,Digitizer_run1607_subrun28.csv,83,False,,,2.68,-0.4962
2026-04-09T17:43:51Z,Digitizer_run1607_subrun28.csv,84,False,,,2.68,-0.5024
2026-04-09T17:43:51Z,Digitizer_run1607_subrun28.csv,85,False,,,2.68,-0.4999
2026-04-09T17:43:51Z,Digitizer_run1607_subrun28.csv,86,False,,,2.68,-0.4973
2026-04-09T17:43:51Z,Digitizer_run1607_subrun28.csv,87,False,,,2.68,-0.4957
2026-04-09T17:43:51Z,Digitizer_run1607_subrun28.csv,88,False,,,2.68,-0.5045
2026-04-09T17:43:51Z,Digitizer_run1607_subrun28.csv,89,True,isolation_forest,,2.69,-0.5246
2026-04-09T17:43:51Z,Digitizer_run1607_subrun28.csv,90,True,isolation_forest,,2.68,-0.5163
2026-04-09T17:43:51Z,Digitizer_run1607_subrun28.csv,91,False,,,2.68,-0.503
2026-04-09T17:43:51Z,Digitizer_run1607_subrun28.csv,92,False,,,2.68,-0.5118
2026-04-09T17:43:51Z,Digitizer_run1607_subrun28.csv,93,False,,,2.68,-0.5006
2026-04-09T17:43:51Z,Digitizer_run1607_subrun28.csv,94,True,isolation_forest,,3.36,-0.5294
2026-04-09T17:43:51Z,Digitizer_run1607_subrun28.csv,95,True,isolation_forest,,4.22,-0.5386
2026-04-09T17:43:57Z,Digitizer_run1611_subrun51.csv,0,False,,,2.01,-0.4334
2026-04-09T17:43:57Z,Digitizer_run1611_subrun51.csv,1,True,statistical,nPulses_median,7.0,-0.4617
2026-04-09T17:43:57Z,Digitizer_run1611_subrun51.csv,2,False,,,2.37,-0.4538
2026-04-09T17:43:57Z,Digitizer_run1611_subrun51.csv,3,False,,,2.01,-0.4389
2026-04-09T17:43:57Z,Digitizer_run1611_subrun51.csv,4,False,,,2.01,-0.4455
2026-04-09T17:43:57Z,Digitizer_run1611_subrun51.csv,5,False,,,2.01,-0.4514
2026-04-09T17:43:57Z,Digitizer_run1611_subrun51.csv,6,False,,,2.01,-0.4361
2026-04-09T17:43:57Z,Digitizer_run1611_subrun51.csv,7,False,,,2.07,-0.4506
2026-04-09T17:43:57Z,Digitizer_run1611_subrun51.csv,8,False,,,2.0,-0.4409
2026-04-09T17:43:57Z,Digitizer_run1611_subrun51.csv,9,False,,,2.0,-0.4569
2026-04-09T17:43:57Z,Digitizer_run1611_subrun51.csv,10,False,,,2.78,-0.4713
2026-04-09T17:43:57Z,Digitizer_run1611_subrun51.csv,11,False,,,2.0,-0.4615
2026-04-09T17:43:57Z,Digitizer_run1611_subrun51.csv,12,False,,,4.01,-0.4553
2026-04-09T17:43:57Z,Digitizer_run1611_subrun51.csv,13,False,,,2.0,-0.4433
2026-04-09T17:43:57Z,Digitizer_run1611_subrun51.csv,14,False,,,2.0,-0.4423
2026-04-09T17:43:57Z,Digitizer_run1611_subrun51.csv,15,False,,,2.0,-0.4391
2026-04-09T17:43:57Z,Digitizer_run1611_subrun51.csv,16,False,,,2.01,-0.4397
2026-04-09T17:43:57Z,Digitizer_run1611_subrun51.csv,17,False,,,2.01,-0.4422
2026-04-09T17:43:57Z,Digitizer_run1611_subrun51.csv,18,False,,,3.24,-0.4693
2026-04-09T17:43:57Z,Digitizer_run1611_subrun51.csv,19,False,,,2.0,-0.4399
2026-04-09T17:43:57Z,Digitizer_run1611_subrun51.csv,20,False,,,2.0,-0.4527
2026-04-09T17:43:57Z,Digitizer_run1611_subrun51.csv,21,False,,,2.15,-0.4655
2026-04-09T17:43:57Z,Digitizer_run1611_subrun51.csv,22,False,,,2.0,-0.444
2026-04-09T17:43:57Z,Digitizer_run1611_subrun51.csv,23,False,,,2.0,-0.4387
2026-04-09T17:43:57Z,Digitizer_run1611_subrun51.csv,24,False,,,3.44,-0.4995
2026-04-09T17:43:57Z,Digitizer_run1611_subrun51.csv,25,False,,,3.42,-0.4883
2026-04-09T17:43:57Z,Digitizer_run1611_subrun51.csv,26,False,,,2.63,-0.4708
2026-04-09T17:43:57Z,Digitizer_run1611_subrun51.csv,27,False,,,3.17,-0.465
2026-04-09T17:43:57Z,Digitizer_run1611_subrun51.csv,28,False,,,2.05,-0.4629
2026-04-09T17:43:57Z,Digitizer_run1611_subrun51.csv,29,False,,,2.0,-0.4468
2026-04-09T17:43:57Z,Digitizer_run1611_subrun51.csv,30,False,,,2.01,-0.4393
2026-04-09T17:43:57Z,Digitizer_run1611_subrun51.csv,31,False,,,2.01,-0.4475
2026-04-09T17:43:57Z,Digitizer_run1611_subrun51.csv,32,False,,,2.32,-0.4439
2026-04-09T17:43:57Z,Digitizer_run1611_subrun51.csv,33,False,,,2.21,-0.4454
2026-04-09T17:43:57Z,Digitizer_run1611_subrun51.csv,34,False,,,1.99,-0.4559
2026-04-09T17:43:57Z,Digitizer_run1611_subrun51.csv,35,False,,,2.0,-0.4396
2026-04-09T17:43:57Z,Digitizer_run1611_subrun51.csv,36,False,,,2.01,-0.4363
2026-04-09T17:43:57Z,Digitizer_run1611_subrun51.csv,37,False,,,2.14,-0.4566
2026-04-09T17:43:57Z,Digitizer_run1611_subrun51.csv,38,False,,,2.01,-0.4354
2026-04-09T17:43:57Z,Digitizer_run1611_subrun51.csv,39,False,,,2.0,-0.4349
2026-04-09T17:43:57Z,Digitizer_run1611_subrun51.csv,40,False,,,2.0,-0.4345
2026-04-09T17:43:57Z,Digitizer_run1611_subrun51.csv,41,False,,,2.0,-0.4364
2026-04-09T17:43:57Z,Digitizer_run1611_subrun51.csv,42,False,,,2.74,-0.4472
2026-04-09T17:43:57Z,Digitizer_run1611_subrun51.csv,43,False,,,2.82,-0.445
2026-04-09T17:43:57Z,Digitizer_run1611_subrun51.csv,44,False,,,2.0,-0.4423
2026-04-09T17:43:57Z,Digitizer_run1611_subrun51.csv,45,False,,,2.01,-0.4397
2026-04-09T17:43:57Z,Digitizer_run1611_subrun51.csv,46,False,,,2.01,-0.4358
2026-04-09T17:43:57Z,Digitizer_run1611_subrun51.csv,47,False,,,2.01,-0.4363
2026-04-09T17:43:57Z,Digitizer_run1611_subrun51.csv,48,False,,,2.0,-0.4503
2026-04-09T17:43:57Z,Digitizer_run1611_subrun51.csv,49,False,,,2.01,-0.4482
2026-04-09T17:43:57Z,Digitizer_run1611_subrun51.csv,50,False,,,2.01,-0.4332
2026-04-09T17:43:57Z,Digitizer_run1611_subrun51.csv,51,False,,,2.01,-0.4443
2026-04-09T17:43:57Z,Digitizer_run1611_subrun51.csv,52,False,,,3.5,-0.5043
2026-04-09T17:43:57Z,Digitizer_run1611_subrun51.csv,53,False,,,2.52,-0.4655
2026-04-09T17:43:57Z,Digitizer_run1611_subrun51.csv,54,False,,,2.26,-0.438
2026-04-09T17:43:57Z,Digitizer_run1611_subrun51.csv,55,False,,,2.0,-0.4389
2026-04-09T17:43:57Z,Digitizer_run1611_subrun51.csv,56,False,,,2.32,-0.4554
2026-04-09T17:43:57Z,Digitizer_run1611_subrun51.csv,57,False,,,2.17,-0.4417
2026-04-09T17:43:57Z,Digitizer_run1611_subrun51.csv,58,False,,,2.01,-0.4396
2026-04-09T17:43:57Z,Digitizer_run1611_subrun51.csv,59,False,,,2.12,-0.4367
2026-04-09T17:43:57Z,Digitizer_run1611_subrun51.csv,60,False,,,2.0,-0.4419
2026-04-09T17:43:57Z,Digitizer_run1611_subrun51.csv,61,False,,,2.0,-0.4443
2026-04-09T17:43:57Z,Digitizer_run1611_subrun51.csv,62,False,,,4.43,-0.4773
2026-04-09T17:43:57Z,Digitizer_run1611_subrun51.csv,63,False,,,2.05,-0.4526
2026-04-09T17:43:57Z,Digitizer_run1611_subrun51.csv,64,False,,,2.01,-0.4415
2026-04-09T17:43:57Z,Digitizer_run1611_subrun51.csv,65,False,,,2.01,-0.4514
2026-04-09T17:43:57Z,Digitizer_run1611_subrun51.csv,66,False,,,2.01,-0.4523
2026-04-09T17:43:57Z,Digitizer_run1611_subrun51.csv,67,False,,,2.0,-0.444
2026-04-09T17:43:57Z,Digitizer_run1611_subrun51.csv,68,False,,,3.15,-0.4522
2026-04-09T17:43:57Z,Digitizer_run1611_subrun51.csv,69,False,,,2.53,-0.4444
2026-04-09T17:43:57Z,Digitizer_run1611_subrun51.csv,70,False,,,2.04,-0.4391
2026-04-09T17:43:57Z,Digitizer_run1611_subrun51.csv,71,False,,,2.01,-0.4423
2026-04-09T17:43:57Z,Digitizer_run1611_subrun51.csv,72,False,,,2.43,-0.4577
2026-04-09T17:43:57Z,Digitizer_run1611_subrun51.csv,73,False,,,2.63,-0.4639
2026-04-09T17:43:57Z,Digitizer_run1611_subrun51.csv,74,True,statistical,nPulses_median,7.0,-0.4701
2026-04-09T17:43:57Z,Digitizer_run1611_subrun51.csv,75,False,,,3.62,-0.4495
2026-04-09T17:43:57Z,Digitizer_run1611_subrun51.csv,76,False,,,1.99,-0.442
2026-04-09T17:43:57Z,Digitizer_run1611_subrun51.csv,77,False,,,2.01,-0.4553
2026-04-09T17:43:57Z,Digitizer_run1611_subrun51.csv,78,False,,,2.73,-0.4595
2026-04-09T17:43:57Z,Digitizer_run1611_subrun51.csv,79,False,,,2.0,-0.4511
2026-04-09T17:43:57Z,Digitizer_run1611_subrun51.csv,80,False,,,2.4,-0.4438
2026-04-09T17:43:57Z,Digitizer_run1611_subrun51.csv,81,False,,,2.01,-0.4342
2026-04-09T17:43:57Z,Digitizer_run1611_subrun51.csv,82,False,,,2.0,-0.4462
2026-04-09T17:43:57Z,Digitizer_run1611_subrun51.csv,83,False,,,2.51,-0.4467
2026-04-09T17:43:57Z,Digitizer_run1611_subrun51.csv,84,False,,,2.0,-0.4445
2026-04-09T17:43:57Z,Digitizer_run1611_subrun51.csv,85,False,,,2.72,-0.4497
2026-04-09T17:43:57Z,Digitizer_run1611_subrun51.csv,86,False,,,2.08,-0.4549
2026-04-09T17:43:57Z,Digitizer_run1611_subrun51.csv,87,False,,,2.0,-0.4449
2026-04-09T17:43:57Z,Digitizer_run1611_subrun51.csv,88,False,,,1.94,-0.4607
2026-04-09T17:43:57Z,Digitizer_run1611_subrun51.csv,89,False,,,2.21,-0.4613
2026-04-09T17:43:57Z,Digitizer_run1611_subrun51.csv,90,False,,,1.88,-0.4413
2026-04-09T17:43:57Z,Digitizer_run1611_subrun51.csv,91,False,,,1.92,-0.4297
2026-04-09T17:43:57Z,Digitizer_run1611_subrun51.csv,92,False,,,1.52,-0.4424
2026-04-09T17:43:57Z,Digitizer_run1611_subrun51.csv,93,False,,,1.57,-0.44
2026-04-09T17:43:57Z,Digitizer_run1611_subrun51.csv,94,False,,,1.82,-0.454
2026-04-09T17:43:57Z,Digitizer_run1611_subrun51.csv,95,False,,,2.88,-0.4919
2026-04-09T17:44:03Z,Digitizer_run1609_subrun382.csv,0,False,,,2.03,-0.4367
2026-04-09T17:44:03Z,Digitizer_run1609_subrun382.csv,1,False,,,2.03,-0.4448
2026-04-09T17:44:03Z,Digitizer_run1609_subrun382.csv,2,False,,,2.09,-0.4605
2026-04-09T17:44:03Z,Digitizer_run1609_subrun382.csv,3,False,,,2.54,-0.4696
2026-04-09T17:44:03Z,Digitizer_run1609_subrun382.csv,4,False,,,3.47,-0.4773
2026-04-09T17:44:03Z,Digitizer_run1609_subrun382.csv,5,False,,,2.91,-0.4853
2026-04-09T17:44:03Z,Digitizer_run1609_subrun382.csv,6,False,,,3.01,-0.4897
2026-04-09T17:44:03Z,Digitizer_run1609_subrun382.csv,7,False,,,2.1,-0.4715
2026-04-09T17:44:03Z,Digitizer_run1609_subrun382.csv,8,False,,,2.03,-0.4401
2026-04-09T17:44:03Z,Digitizer_run1609_subrun382.csv,9,False,,,2.71,-0.4523
2026-04-09T17:44:03Z,Digitizer_run1609_subrun382.csv,10,False,,,2.63,-0.4475
2026-04-09T17:44:03Z,Digitizer_run1609_subrun382.csv,11,False,,,2.03,-0.444
2026-04-09T17:44:03Z,Digitizer_run1609_subrun382.csv,12,False,,,2.03,-0.4531
2026-04-09T17:44:03Z,Digitizer_run1609_subrun382.csv,13,False,,,2.44,-0.4756
2026-04-09T17:44:03Z,Digitizer_run1609_subrun382.csv,14,False,,,2.03,-0.4437
2026-04-09T17:44:03Z,Digitizer_run1609_subrun382.csv,15,False,,,2.03,-0.4439
2026-04-09T17:44:03Z,Digitizer_run1609_subrun382.csv,16,False,,,2.71,-0.4599
2026-04-09T17:44:03Z,Digitizer_run1609_subrun382.csv,17,False,,,3.28,-0.4879
2026-04-09T17:44:03Z,Digitizer_run1609_subrun382.csv,18,False,,,2.28,-0.4519
2026-04-09T17:44:03Z,Digitizer_run1609_subrun382.csv,19,False,,,2.51,-0.4719
2026-04-09T17:44:03Z,Digitizer_run1609_subrun382.csv,20,False,,,2.79,-0.456
2026-04-09T17:44:03Z,Digitizer_run1609_subrun382.csv,21,False,,,2.76,-0.4593
2026-04-09T17:44:03Z,Digitizer_run1609_subrun382.csv,22,False,,,2.95,-0.4893
2026-04-09T17:44:03Z,Digitizer_run1609_subrun382.csv,23,False,,,3.07,-0.4604
2026-04-09T17:44:03Z,Digitizer_run1609_subrun382.csv,24,False,,,2.09,-0.4637
2026-04-09T17:44:03Z,Digitizer_run1609_subrun382.csv,25,False,,,2.74,-0.4545
2026-04-09T17:44:03Z,Digitizer_run1609_subrun382.csv,26,False,,,2.03,-0.4581
2026-04-09T17:44:03Z,Digitizer_run1609_subrun382.csv,27,False,,,2.52,-0.459
2026-04-09T17:44:03Z,Digitizer_run1609_subrun382.csv,28,False,,,2.03,-0.4471
2026-04-09T17:44:03Z,Digitizer_run1609_subrun382.csv,29,False,,,2.22,-0.44
2026-04-09T17:44:03Z,Digitizer_run1609_subrun382.csv,30,False,,,2.24,-0.4554
2026-04-09T17:44:03Z,Digitizer_run1609_subrun382.csv,31,False,,,2.35,-0.4586
2026-04-09T17:44:03Z,Digitizer_run1609_subrun382.csv,32,False,,,2.1,-0.4693
2026-04-09T17:44:03Z,Digitizer_run1609_subrun382.csv,33,False,,,2.03,-0.4533
2026-04-09T17:44:03Z,Digitizer_run1609_subrun382.csv,34,False,,,2.03,-0.4621
2026-04-09T17:44:03Z,Digitizer_run1609_subrun382.csv,35,False,,,2.03,-0.4651
2026-04-09T17:44:03Z,Digitizer_run1609_subrun382.csv,36,False,,,2.03,-0.4524
2026-04-09T17:44:03Z,Digitizer_run1609_subrun382.csv,37,False,,,2.46,-0.4651
2026-04-09T17:44:03Z,Digitizer_run1609_subrun382.csv,38,False,,,2.03,-0.4459
2026-04-09T17:44:03Z,Digitizer_run1609_subrun382.csv,39,False,,,2.06,-0.4453
2026-04-09T17:44:03Z,Digitizer_run1609_subrun382.csv,40,False,,,2.03,-0.4488
2026-04-09T17:44:03Z,Digitizer_run1609_subrun382.csv,41,False,,,2.03,-0.4507
2026-04-09T17:44:03Z,Digitizer_run1609_subrun382.csv,42,False,,,2.39,-0.4513
2026-04-09T17:44:03Z,Digitizer_run1609_subrun382.csv,43,False,,,2.03,-0.4481
2026-04-09T17:44:03Z,Digitizer_run1609_subrun382.csv,44,False,,,2.78,-0.4599
2026-04-09T17:44:03Z,Digitizer_run1609_subrun382.csv,45,False,,,2.03,-0.4443
2026-04-09T17:44:03Z,Digitizer_run1609_subrun382.csv,46,False,,,2.08,-0.4676
2026-04-09T17:44:03Z,Digitizer_run1609_subrun382.csv,47,False,,,2.9,-0.4668
2026-04-09T17:44:03Z,Digitizer_run1609_subrun382.csv,48,False,,,2.03,-0.4451
2026-04-09T17:44:03Z,Digitizer_run1609_subrun382.csv,49,False,,,2.15,-0.4672
2026-04-09T17:44:03Z,Digitizer_run1609_subrun382.csv,50,False,,,2.03,-0.446
2026-04-09T17:44:03Z,Digitizer_run1609_subrun382.csv,51,False,,,2.03,-0.4569
2026-04-09T17:44:03Z,Digitizer_run1609_subrun382.csv,52,False,,,2.64,-0.4593
2026-04-09T17:44:03Z,Digitizer_run1609_subrun382.csv,53,False,,,2.17,-0.4538
2026-04-09T17:44:03Z,Digitizer_run1609_subrun382.csv,54,False,,,2.12,-0.4557
2026-04-09T17:44:03Z,Digitizer_run1609_subrun382.csv,55,False,,,2.03,-0.449
2026-04-09T17:44:03Z,Digitizer_run1609_subrun382.csv,56,False,,,2.06,-0.4579
2026-04-09T17:44:03Z,Digitizer_run1609_subrun382.csv,57,False,,,2.84,-0.4623
2026-04-09T17:44:03Z,Digitizer_run1609_subrun382.csv,58,False,,,2.03,-0.4618
2026-04-09T17:44:03Z,Digitizer_run1609_subrun382.csv,59,False,,,2.34,-0.4727
2026-04-09T17:44:03Z,Digitizer_run1609_subrun382.csv,60,False,,,2.15,-0.4576
2026-04-09T17:44:03Z,Digitizer_run1609_subrun382.csv,61,False,,,2.03,-0.4475
2026-04-09T17:44:03Z,Digitizer_run1609_subrun382.csv,62,False,,,2.38,-0.454
2026-04-09T17:44:03Z,Digitizer_run1609_subrun382.csv,63,False,,,2.03,-0.468
2026-04-09T17:44:03Z,Digitizer_run1609_subrun382.csv,64,False,,,2.36,-0.4693
2026-04-09T17:44:03Z,Digitizer_run1609_subrun382.csv,65,False,,,2.03,-0.453
2026-04-09T17:44:03Z,Digitizer_run1609_subrun382.csv,66,False,,,2.03,-0.4464
2026-04-09T17:44:03Z,Digitizer_run1609_subrun382.csv,67,False,,,2.03,-0.4609
2026-04-09T17:44:03Z,Digitizer_run1609_subrun382.csv,68,False,,,2.03,-0.4532
2026-04-09T17:44:03Z,Digitizer_run1609_subrun382.csv,69,False,,,2.03,-0.444
2026-04-09T17:44:03Z,Digitizer_run1609_subrun382.csv,70,False,,,2.14,-0.4547
2026-04-09T17:44:03Z,Digitizer_run1609_subrun382.csv,71,False,,,2.03,-0.4529
2026-04-09T17:44:03Z,Digitizer_run1609_subrun382.csv,72,False,,,2.03,-0.4498
2026-04-09T17:44:03Z,Digitizer_run1609_subrun382.csv,73,False,,,2.03,-0.4493
2026-04-09T17:44:03Z,Digitizer_run1609_subrun382.csv,74,False,,,2.03,-0.4417
2026-04-09T17:44:03Z,Digitizer_run1609_subrun382.csv,75,False,,,2.03,-0.4462
2026-04-09T17:44:03Z,Digitizer_run1609_subrun382.csv,76,False,,,2.03,-0.4459
2026-04-09T17:44:03Z,Digitizer_run1609_subrun382.csv,77,False,,,2.03,-0.4526
2026-04-09T17:44:03Z,Digitizer_run1609_subrun382.csv,78,False,,,2.03,-0.4397
2026-04-09T17:44:03Z,Digitizer_run1609_subrun382.csv,79,False,,,2.03,-0.4599
2026-04-09T17:44:03Z,Digitizer_run1609_subrun382.csv,80,False,,,2.03,-0.4664
2026-04-09T17:44:03Z,Digitizer_run1609_subrun382.csv,81,False,,,2.03,-0.463
2026-04-09T17:44:03Z,Digitizer_run1609_subrun382.csv,82,False,,,2.33,-0.455
2026-04-09T17:44:03Z,Digitizer_run1609_subrun382.csv,83,False,,,2.03,-0.4452
2026-04-09T17:44:03Z,Digitizer_run1609_subrun382.csv,84,True,statistical,pulseArea_min_median,5.21,-0.4715
2026-04-09T17:44:03Z,Digitizer_run1609_subrun382.csv,85,False,,,2.03,-0.4408
2026-04-09T17:44:03Z,Digitizer_run1609_subrun382.csv,86,False,,,2.03,-0.4579
2026-04-09T17:44:03Z,Digitizer_run1609_subrun382.csv,87,False,,,2.03,-0.4502
2026-04-09T17:44:03Z,Digitizer_run1609_subrun382.csv,88,False,,,2.03,-0.4579
2026-04-09T17:44:03Z,Digitizer_run1609_subrun382.csv,89,False,,,2.07,-0.4628
2026-04-09T17:44:03Z,Digitizer_run1609_subrun382.csv,90,False,,,2.03,-0.4575
2026-04-09T17:44:03Z,Digitizer_run1609_subrun382.csv,91,False,,,2.03,-0.4685
2026-04-09T17:44:03Z,Digitizer_run1609_subrun382.csv,92,False,,,2.14,-0.5004
2026-04-09T17:44:03Z,Digitizer_run1609_subrun382.csv,93,False,,,2.59,-0.4716
2026-04-09T17:44:03Z,Digitizer_run1609_subrun382.csv,94,False,,,2.36,-0.4609
2026-04-09T17:44:03Z,Digitizer_run1609_subrun382.csv,95,False,,,2.03,-0.447
