timestamp,filename,channel,anomalous,method,triggered_features,max_z,if_score
2026-04-09T17:38:21Z,Digitizer_run1608_subrun246.csv,0,False,,,2.19,-0.4076
2026-04-09T17:38:21Z,Digitizer_run1608_subrun246.csv,1,False,,,3.27,-0.4437
2026-04-09T17:38:21Z,Digitizer_run1608_subrun246.csv,2,False,,,1.67,-0.4197
2026-04-09T17:38:21Z,Digitizer_run1608_subrun246.csv,3,False,,,2.29,-0.4076
2026-04-09T17:38:21Z,Digitizer_run1608_subrun246.csv,4,False,,,1.65,-0.4226
2026-04-09T17:38:21Z,Digitizer_run1608_subrun246.csv,5,False,,,1.49,-0.4064
2026-04-09T17:38:21Z,Digitizer_run1608_subrun246.csv,6,False,,,2.26,-0.4259
2026-04-09T17:38:21Z,Digitizer_run1608_subrun246.csv,7,True,isolation_forest,,3.54,-0.4958
2026-04-09T17:38:21Z,Digitizer_run1608_subrun246.csv,8,False,,,1.88,-0.4296
2026-04-09T17:38:21Z,Digitizer_run1608_subrun246.csv,9,False,,,2.22,-0.4176
2026-04-09T17:38:21Z,Digitizer_run1608_subrun246.csv,10,True,statistical,pulseDuriation_max_std;pulseDuriation_min_std,5.2,-0.4622
2026-04-09T17:38:21Z,Digitizer_run1608_subrun246.csv,11,False,,,2.06,-0.4225
2026-04-09T17:38:21Z,Digitizer_run1608_subrun246.csv,12,False,,,1.7,-0.3887
2026-04-09T17:38:21Z,Digitizer_run1608_subrun246.csv,13,False,,,2.96,-0.4327
2026-04-09T17:38:21Z,Digitizer_run1608_subrun246.csv,14,False,,,2.54,-0.4227
2026-04-09T17:38:21Z,Digitizer_run1608_subrun246.csv,15,False,,,2.12,-0.4066
2026-04-09T17:38:21Z,Digitizer_run1608_subrun246.csv,16,False,,,2.41,-0.4538
2026-04-09T17:38:21Z,Digitizer_run1608_subrun246.csv,17,False,,,2.99,-0.4557
2026-04-09T17:38:21Z,Digitizer_run1608_subrun246.csv,18,False,,,1.7,-0.4088
2026-04-09T17:38:21Z,Digitizer_run1608_subrun246.csv,19,False,,,2.65,-0.4109
2026-04-09T17:38:21Z,Digitizer_run1608_subrun246.csv,20,False,,,1.55,-0.3982
2026-04-09T17:38:21Z,Digitizer_run1608_subrun246.csv,21,False,,,1.86,-0.3829
2026-04-09T17:38:21Z,Digitizer_run1608_subrun246.csv,22,False,,,1.28,-0.4004
2026-04-09T17:38:21Z,Digitizer_run1608_subrun246.csv,23,False,,,1.65,-0.3873
2026-04-09T17:38:21Z,Digitizer_run1608_subrun246.csv,24,False,,,2.47,-0.4635
2026-04-09T17:38:21Z,Digitizer_run1608_subrun246.csv,25,False,,,2.7,-0.4832
2026-04-09T17:38:21Z,Digitizer_run1608_subrun246.csv,26,False,,,2.82,-0.472
2026-04-09T17:38:21Z,Digitizer_run1608_subrun246.csv,27,False,,,1.7,-0.4059
2026-04-09T17:38:21Z,Digitizer_run1608_subrun246.csv,28,False,,,1.42,-0.3974
2026-04-09T17:38:21Z,Digitizer_run1608_subrun246.csv,29,False,,,1.5,-0.4016
2026-04-09T17:38:21Z,Digitizer_run1608_subrun246.csv,30,False,,,3.18,-0.4344
2026-04-09T17:38:21Z,Digitizer_run1608_subrun246.csv,31,False,,,1.76,-0.4029
2026-04-09T17:38:21Z,Digitizer_run1608_subrun246.csv,32,False,,,2.42,-0.4511
2026-04-09T17:38:21Z,Digitizer_run1608_subrun246.csv,33,False,,,1.87,-0.4445
2026-04-09T17:38:21Z,Digitizer_run1608_subrun246.csv,34,False,,,2.04,-0.4266
2026-04-09T17:38:21Z,Digitizer_run1608_subrun246.csv,35,False,,,2.27,-0.4314
2026-04-09T17:38:21Z,Digitizer_run1608_subrun246.csv,36,False,,,2.03,-0.4304
2026-04-09T17:38:21Z,Digitizer_run1608_subrun246.csv,37,False,,,2.0,-0.4025
2026-04-09T17:38:21Z,Digitizer_run1608_subrun246.csv,38,False,,,2.44,-0.4068
2026-04-09T17:38:21Z,Digitizer_run1608_subrun246.csv,39,False,,,4.54,-0.4911
2026-04-09T17:38:21Z,Digitizer_run1608_subrun246.csv,40,False,,,3.26,-0.4289
2026-04-09T17:38:21Z,Digitizer_run1608_subrun246.csv,41,False,,,4.2,-0.4192
2026-04-09T17:38:21Z,Digitizer_run1608_subrun246.csv,42,False,,,1.48,-0.3893
2026-04-09T17:38:21Z,Digitizer_run1608_subrun246.csv,43,False,,,3.77,-0.4625
2026-04-09T17:38:21Z,Digitizer_run1608_subrun246.csv,44,True,isolation_forest,,2.96,-0.5001
2026-04-09T17:38:21Z,Digitizer_run1608_subrun246.csv,45,True,isolation_forest,,3.57,-0.5271
2026-04-09T17:38:21Z,Digitizer_run1608_subrun246.csv,46,False,,,1.38,-0.4014
2026-04-09T17:38:21Z,Digitizer_run1608_subrun246.csv,47,False,,,2.52,-0.4284
2026-04-09T17:38:21Z,Digitizer_run1608_subrun246.csv,48,False,,,2.46,-0.4464
2026-04-09T17:38:21Z,Digitizer_run1608_subrun246.csv,49,False,,,2.16,-0.4528
2026-04-09T17:38:21Z,Digitizer_run1608_subrun246.csv,50,False,,,2.33,-0.443
2026-04-09T17:38:21Z,Digitizer_run1608_subrun246.csv,51,False,,,1.89,-0.4553
2026-04-09T17:38:21Z,Digitizer_run1608_subrun246.csv,52,False,,,3.56,-0.4455
2026-04-09T17:38:21Z,Digitizer_run1608_subrun246.csv,53,False,,,2.41,-0.4636
2026-04-09T17:38:21Z,Digitizer_run1608_subrun246.csv,54,False,,,3.33,-0.4345
2026-04-09T17:38:21Z,Digitizer_run1608_subrun246.csv,55,False,,,1.95,-0.4505
2026-04-09T17:38:21Z,Digitizer_run1608_subrun246.csv,56,False,,,2.09,-0.4064
2026-04-09T17:38:21Z,Digitizer_run1608_subrun246.csv,57,False,,,1.44,-0.383
2026-04-09T17:38:21Z,Digitizer_run1608_subrun246.csv,58,False,,,1.35,-0.4073
2026-04-09T17:38:21Z,Digitizer_run1608_subrun246.csv,59,False,,,1.33,-0.4035
2026-04-09T17:38:21Z,Digitizer_run1608_subrun246.csv,60,False,,,1.34,-0.3853
2026-04-09T17:38:21Z,Digitizer_run1608_subrun246.csv,61,False,,,1.38,-0.3957
2026-04-09T17:38:21Z,Digitizer_run1608_subrun246.csv,62,False,,,2.06,-0.4356
2026-04-09T17:38:21Z,Digitizer_run1608_subrun246.csv,63,False,,,1.57,-0.4127
2026-04-09T17:38:21Z,Digitizer_run1608_subrun246.csv,64,False,,,1.67,-0.4123
2026-04-09T17:38:21Z,Digitizer_run1608_subrun246.csv,65,False,,,2.65,-0.4215
2026-04-09T17:38:21Z,Digitizer_run1608_subrun246.csv,66,False,,,2.03,-0.4041
2026-04-09T17:38:21Z,Digitizer_run1608_subrun246.csv,67,False,,,1.46,-0.3969
2026-04-09T17:38:21Z,Digitizer_run1608_subrun246.csv,68,False,,,1.66,-0.4268
2026-04-09T17:38:21Z,Digitizer_run1608_subrun246.csv,69,False,,,1.71,-0.4157
2026-04-09T17:38:21Z,Digitizer_run1608_subrun246.csv,70,False,,,1.94,-0.4011
2026-04-09T17:38:21Z,Digitizer_run1608_subrun246.csv,71,False,,,1.62,-0.397
2026-04-09T17:38:21Z,Digitizer_run1608_subrun246.csv,72,False,,,1.77,-0.3977
2026-04-09T17:38:21Z,Digitizer_run1608_subrun246.csv,73,False,,,2.13,-0.414
2026-04-09T17:38:21Z,Digitizer_run1608_subrun246.csv,74,True,isolation_forest,,3.37,-0.5073
2026-04-09T17:38:21Z,Digitizer_run1608_subrun246.csv,75,False,,,2.73,-0.4599
2026-04-09T17:38:21Z,Digitizer_run1608_subrun246.csv,76,False,,,2.28,-0.4091
2026-04-09T17:38:21Z,Digitizer_run1608_subrun246.csv,77,False,,,1.98,-0.4102
2026-04-09T17:38:21Z,Digitizer_run1608_subrun246.csv,78,False,,,2.97,-0.4869
2026-04-09T17:38:21Z,Digitizer_run1608_subrun246.csv,79,False,,,1.43,-0.3955
2026-04-09T17:38:21Z,Digitizer_run1608_subrun246.csv,80,False,,,1.61,-0.4093
2026-04-09T17:38:21Z,Digitizer_run1608_subrun246.csv,81,False,,,1.67,-0.4235
2026-04-09T17:38:21Z,Digitizer_run1608_subrun246.csv,82,False,,,2.63,-0.4198
2026-04-09T17:38:21Z,Digitizer_run1608_subrun246.csv,83,False,,,3.38,-0.4681
2026-04-09T17:38:21Z,Digitizer_run1608_subrun246.csv,84,False,,,1.2,-0.3875
2026-04-09T17:38:21Z,Digitizer_run1608_subrun246.csv,85,False,,,1.06,-0.3814
2026-04-09T17:38:21Z,Digitizer_run1608_subrun246.csv,86,False,,,2.5,-0.4618
2026-04-09T17:38:21Z,Digitizer_run1608_subrun246.csv,87,False,,,1.8,-0.4034
2026-04-09T17:38:21Z,Digitizer_run1608_subrun246.csv,88,True,isolation_forest,,2.79,-0.4997
2026-04-09T17:38:21Z,Digitizer_run1608_subrun246.csv,89,False,,,1.95,-0.4832
2026-04-09T17:38:21Z,Digitizer_run1608_subrun246.csv,90,False,,,1.81,-0.4413
2026-04-09T17:38:21Z,Digitizer_run1608_subrun246.csv,91,False,,,1.65,-0.4557
2026-04-09T17:38:21Z,Digitizer_run1608_subrun246.csv,92,False,,,2.07,-0.4546
2026-04-09T17:38:21Z,Digitizer_run1608_subrun246.csv,93,False,,,2.0,-0.4431
2026-04-09T17:38:21Z,Digitizer_run1608_subrun246.csv,94,False,,,1.44,-0.4178
2026-04-09T17:38:21Z,Digitizer_run1608_subrun246.csv,95,False,,,1.82,-0.4218
2026-04-09T17:38:30Z,Digitizer_run1607_subrun5.csv,0,True,isolation_forest,,3.45,-0.498
2026-04-09T17:38:30Z,Digitizer_run1607_subrun5.csv,1,False,,,2.48,-0.4349
2026-04-09T17:38:30Z,Digitizer_run1607_subrun5.csv,2,False,,,1.77,-0.4173
2026-04-09T17:38:30Z,Digitizer_run1607_subrun5.csv,3,False,,,1.53,-0.3909
2026-04-09T17:38:30Z,Digitizer_run1607_subrun5.csv,4,False,,,1.5,-0.3841
2026-04-09T17:38:30Z,Digitizer_run1607_subrun5.csv,5,False,,,1.5,-0.407
2026-04-09T17:38:30Z,Digitizer_run1607_subrun5.csv,6,False,,,2.22,-0.4511
2026-04-09T17:38:30Z,Digitizer_run1607_subrun5.csv,7,False,,,3.55,-0.4699
2026-04-09T17:38:30Z,Digitizer_run1607_subrun5.csv,8,False,,,2.62,-0.4812
2026-04-09T17:38:30Z,Digitizer_run1607_subrun5.csv,9,False,,,1.85,-0.3867
2026-04-09T17:38:30Z,Digitizer_run1607_subrun5.csv,10,False,,,2.96,-0.4859
2026-04-09T17:38:30Z,Digitizer_run1607_subrun5.csv,11,False,,,2.92,-0.432
2026-04-09T17:38:30Z,Digitizer_run1607_subrun5.csv,12,False,,,1.86,-0.4361
2026-04-09T17:38:30Z,Digitizer_run1607_subrun5.csv,13,False,,,2.68,-0.4316
2026-04-09T17:38:30Z,Digitizer_run1607_subrun5.csv,14,False,,,1.54,-0.3951
2026-04-09T17:38:30Z,Digitizer_run1607_subrun5.csv,15,False,,,1.59,-0.4038
2026-04-09T17:38:30Z,Digitizer_run1607_subrun5.csv,16,True,statistical+IF,pulseArea_min_mean,6.16,-0.5775
2026-04-09T17:38:30Z,Digitizer_run1607_subrun5.csv,17,True,isolation_forest,,4.48,-0.5334
2026-04-09T17:38:30Z,Digitizer_run1607_subrun5.csv,18,True,statistical+IF,nPulses_median;pulseHeight_max_median,1000000.0,-0.57
2026-04-09T17:38:30Z,Digitizer_run1607_subrun5.csv,19,True,statistical+IF,nPulses_median,5.7,-0.5619
2026-04-09T17:38:30Z,Digitizer_run1607_subrun5.csv,20,False,,,1.51,-0.3817
2026-04-09T17:38:30Z,Digitizer_run1607_subrun5.csv,21,False,,,2.16,-0.414
2026-04-09T17:38:30Z,Digitizer_run1607_subrun5.csv,22,False,,,2.05,-0.4008
2026-04-09T17:38:30Z,Digitizer_run1607_subrun5.csv,23,False,,,1.39,-0.3894
2026-04-09T17:38:30Z,Digitizer_run1607_subrun5.csv,24,False,,,2.37,-0.46
2026-04-09T17:38:30Z,Digitizer_run1607_subrun5.csv,25,False,,,1.57,-0.4157
2026-04-09T17:38:30Z,Digitizer_run1607_subrun5.csv,26,False,,,2.04,-0.4027
2026-04-09T17:38:30Z,Digitizer_run1607_subrun5.csv,27,False,,,2.18,-0.3979
2026-04-09T17:38:30Z,Digitizer_run1607_subrun5.csv,28,False,,,2.21,-0.4188
2026-04-09T17:38:30Z,Digitizer_run1607_subrun5.csv,29,False,,,3.37,-0.4415
2026-04-09T17:38:30Z,Digitizer_run1607_subrun5.csv,30,False,,,1.56,-0.3965
2026-04-09T17:38:30Z,Digitizer_run1607_subrun5.csv,31,False,,,3.16,-0.4381
2026-04-09T17:38:30Z,Digitizer_run1607_subrun5.csv,32,False,,,2.18,-0.4392
2026-04-09T17:38:30Z,Digitizer_run1607_subrun5.csv,33,False,,,1.93,-0.4339
2026-04-09T17:38:30Z,Digitizer_run1607_subrun5.csv,34,False,,,3.64,-0.4818
2026-04-09T17:38:30Z,Digitizer_run1607_subrun5.csv,35,False,,,2.01,-0.42
2026-04-09T17:38:30Z,Digitizer_run1607_subrun5.csv,36,False,,,1.84,-0.4196
2026-04-09T17:38:30Z,Digitizer_run1607_subrun5.csv,37,False,,,2.5,-0.4075
2026-04-09T17:38:30Z,Digitizer_run1607_subrun5.csv,38,False,,,3.6,-0.4704
2026-04-09T17:38:30Z,Digitizer_run1607_subrun5.csv,39,False,,,4.23,-0.4676
2026-04-09T17:38:30Z,Digitizer_run1607_subrun5.csv,40,False,,,2.57,-0.4324
2026-04-09T17:38:30Z,Digitizer_run1607_subrun5.csv,41,False,,,2.46,-0.4089
2026-04-09T17:38:30Z,Digitizer_run1607_subrun5.csv,42,False,,,1.23,-0.3913
2026-04-09T17:38:30Z,Digitizer_run1607_subrun5.csv,43,False,,,1.67,-0.426
2026-04-09T17:38:30Z,Digitizer_run1607_subrun5.csv,44,False,,,2.46,-0.4547
2026-04-09T17:38:30Z,Digitizer_run1607_subrun5.csv,45,False,,,1.7,-0.4014
2026-04-09T17:38:30Z,Digitizer_run1607_subrun5.csv,46,False,,,1.13,-0.3782
2026-04-09T17:38:30Z,Digitizer_run1607_subrun5.csv,47,False,,,1.08,-0.3777
2026-04-09T17:38:30Z,Digitizer_run1607_subrun5.csv,48,False,,,2.56,-0.4793
2026-04-09T17:38:30Z,Digitizer_run1607_subrun5.csv,49,False,,,2.32,-0.4368
2026-04-09T17:38:30Z,Digitizer_run1607_subrun5.csv,50,False,,,2.52,-0.4712
2026-04-09T17:38:30Z,Digitizer_run1607_subrun5.csv,51,True,isolation_forest,,4.52,-0.4937
2026-04-09T17:38:30Z,Digitizer_run1607_subrun5.csv,52,False,,,2.61,-0.4532
2026-04-09T17:38:30Z,Digitizer_run1607_subrun5.csv,53,False,,,1.69,-0.4236
2026-04-09T17:38:30Z,Digitizer_run1607_subrun5.csv,54,False,,,1.29,-0.3836
2026-04-09T17:38:30Z,Digitizer_run1607_subrun5.csv,55,False,,,1.92,-0.409
2026-04-09T17:38:30Z,Digitizer_run1607_subrun5.csv,56,False,,,3.11,-0.441
2026-04-09T17:38:30Z,Digitizer_run1607_subrun5.csv,57,False,,,2.49,-0.4103
2026-04-09T17:38:30Z,Digitizer_run1607_subrun5.csv,58,False,,,2.93,-0.4607
2026-04-09T17:38:30Z,Digitizer_run1607_subrun5.csv,59,False,,,3.24,-0.4557
2026-04-09T17:38:30Z,Digitizer_run1607_subrun5.csv,60,False,,,2.19,-0.4306
2026-04-09T17:38:30Z,Digitizer_run1607_subrun5.csv,61,False,,,2.3,-0.4205
2026-04-09T17:38:30Z,Digitizer_run1607_subrun5.csv,62,False,,,1.59,-0.3833
2026-04-09T17:38:30Z,Digitizer_run1607_subrun5.csv,63,False,,,1.57,-0.3821
2026-04-09T17:38:30Z,Digitizer_run1607_subrun5.csv,64,False,,,2.52,-0.4858
2026-04-09T17:38:30Z,Digitizer_run1607_subrun5.csv,65,False,,,2.83,-0.4492
2026-04-09T17:38:30Z,Digitizer_run1607_subrun5.csv,66,False,,,2.28,-0.4228
2026-04-09T17:38:30Z,Digitizer_run1607_subrun5.csv,67,False,,,2.76,-0.4418
2026-04-09T17:38:30Z,Digitizer_run1607_subrun5.csv,68,False,,,2.17,-0.4021
2026-04-09T17:38:30Z,Digitizer_run1607_subrun5.csv,69,False,,,2.09,-0.4089
2026-04-09T17:38:30Z,Digitizer_run1607_subrun5.csv,70,False,,,2.3,-0.4259
2026-04-09T17:38:30Z,Digitizer_run1607_subrun5.csv,71,False,,,2.2,-0.4234
2026-04-09T17:38:30Z,Digitizer_run1607_subrun5.csv,72,True,isolation_forest,,2.56,-0.4975
2026-04-09T17:38:30Z,Digitizer_run1607_subrun5.csv,73,True,isolation_forest,,2.26,-0.4926
2026-04-09T17:38:30Z,Digitizer_run1607_subrun5.csv,74,False,,,1.43,-0.4008
2026-04-09T17:38:30Z,Digitizer_run1607_subrun5.csv,75,False,,,1.83,-0.4207
2026-04-09T17:38:30Z,Digitizer_run1607_subrun5.csv,76,False,,,1.58,-0.3763
2026-04-09T17:38:30Z,Digitizer_run1607_subrun5.csv,77,False,,,1.22,-0.3867
2026-04-09T17:38:30Z,Digitizer_run1607_subrun5.csv,78,True,statistical,sideband_rms_mean;sideband_rms_std,6.34,-0.4381
2026-04-09T17:38:30Z,Digitizer_run1607_subrun5.csv,79,True,statistical,sideband_rms_mean;sideband_rms_std,8.08,-0.4424
2026-04-09T17:38:30Z,Digitizer_run1607_subrun5.csv,80,False,,,1.94,-0.4266
2026-04-09T17:38:30Z,Digitizer_run1607_subrun5.csv,81,True,isolation_forest,,3.46,-0.5212
2026-04-09T17:38:30Z,Digitizer_run1607_subrun5.csv,82,False,,,4.3,-0.4561
2026-04-09T17:38:30Z,Digitizer_run1607_subrun5.csv,83,False,,,4.29,-0.4711
2026-04-09T17:38:30Z,Digitizer_run1607_subrun5.csv,84,False,,,2.37,-0.4411
2026-04-09T17:38:30Z,Digitizer_run1607_subrun5.csv,85,False,,,1.88,-0.3978
2026-04-09T17:38:30Z,Digitizer_run1607_subrun5.csv,86,False,,,2.19,-0.4298
2026-04-09T17:38:30Z,Digitizer_run1607_subrun5.csv,87,False,,,3.13,-0.4287
2026-04-09T17:38:30Z,Digitizer_run1607_subrun5.csv,88,False,,,2.25,-0.4576
2026-04-09T17:38:30Z,Digitizer_run1607_subrun5.csv,89,False,,,2.24,-0.4333
2026-04-09T17:38:30Z,Digitizer_run1607_subrun5.csv,90,False,,,1.76,-0.4357
2026-04-09T17:38:30Z,Digitizer_run1607_subrun5.csv,91,True,isolation_forest,,2.21,-0.5031
2026-04-09T17:38:30Z,Digitizer_run1607_subrun5.csv,92,False,,,1.26,-0.4265
2026-04-09T17:38:30Z,Digitizer_run1607_subrun5.csv,93,False,,,2.2,-0.4424
2026-04-09T17:38:30Z,Digitizer_run1607_subrun5.csv,94,False,,,2.14,-0.4795
2026-04-09T17:38:30Z,Digitizer_run1607_subrun5.csv,95,True,isolation_forest,,2.31,-0.5045
2026-04-09T17:38:37Z,Digitizer_run1607_subrun32.csv,0,False,,,2.3,-0.4252
2026-04-09T17:38:37Z,Digitizer_run1607_subrun32.csv,1,False,,,1.1,-0.3793
2026-04-09T17:38:37Z,Digitizer_run1607_subrun32.csv,2,False,,,2.3,-0.4232
2026-04-09T17:38:37Z,Digitizer_run1607_subrun32.csv,3,False,,,2.84,-0.4628
2026-04-09T17:38:37Z,Digitizer_run1607_subrun32.csv,4,False,,,1.68,-0.4253
2026-04-09T17:38:37Z,Digitizer_run1607_subrun32.csv,5,False,,,2.4,-0.4281
2026-04-09T17:38:37Z,Digitizer_run1607_subrun32.csv,6,False,,,3.33,-0.4689
2026-04-09T17:38:37Z,Digitizer_run1607_subrun32.csv,7,True,isolation_forest,,4.18,-0.5529
2026-04-09T17:38:37Z,Digitizer_run1607_subrun32.csv,8,False,,,1.85,-0.3956
2026-04-09T17:38:37Z,Digitizer_run1607_subrun32.csv,9,False,,,1.9,-0.408
2026-04-09T17:38:37Z,Digitizer_run1607_subrun32.csv,10,True,isolation_forest,,3.75,-0.5153
2026-04-09T17:38:37Z,Digitizer_run1607_subrun32.csv,11,False,,,1.94,-0.4197
2026-04-09T17:38:37Z,Digitizer_run1607_subrun32.csv,12,False,,,2.82,-0.4502
2026-04-09T17:38:37Z,Digitizer_run1607_subrun32.csv,13,False,,,3.35,-0.4668
2026-04-09T17:38:37Z,Digitizer_run1607_subrun32.csv,14,False,,,2.62,-0.4723
2026-04-09T17:38:37Z,Digitizer_run1607_subrun32.csv,15,False,,,3.07,-0.4623
2026-04-09T17:38:37Z,Digitizer_run1607_subrun32.csv,16,False,,,3.64,-0.4901
2026-04-09T17:38:37Z,Digitizer_run1607_subrun32.csv,17,True,isolation_forest,,3.76,-0.4967
2026-04-09T17:38:37Z,Digitizer_run1607_subrun32.csv,18,False,,,2.78,-0.3899
2026-04-09T17:38:37Z,Digitizer_run1607_subrun32.csv,19,False,,,1.86,-0.406
2026-04-09T17:38:37Z,Digitizer_run1607_subrun32.csv,20,False,,,2.17,-0.4296
2026-04-09T17:38:37Z,Digitizer_run1607_subrun32.csv,21,False,,,1.95,-0.4338
2026-04-09T17:38:37Z,Digitizer_run1607_subrun32.csv,22,True,isolation_forest,,4.61,-0.4952
2026-04-09T17:38:37Z,Digitizer_run1607_subrun32.csv,23,True,statistical,pulseDuriation_max_std;pulseDuriation_min_std,5.59,-0.4903
2026-04-09T17:38:37Z,Digitizer_run1607_subrun32.csv,24,False,,,1.76,-0.4263
2026-04-09T17:38:37Z,Digitizer_run1607_subrun32.csv,25,False,,,2.19,-0.4324
2026-04-09T17:38:37Z,Digitizer_run1607_subrun32.csv,26,False,,,1.89,-0.4121
2026-04-09T17:38:37Z,Digitizer_run1607_subrun32.csv,27,False,,,2.03,-0.446
2026-04-09T17:38:37Z,Digitizer_run1607_subrun32.csv,28,False,,,1.34,-0.3949
2026-04-09T17:38:37Z,Digitizer_run1607_subrun32.csv,29,False,,,1.18,-0.3814
2026-04-09T17:38:37Z,Digitizer_run1607_subrun32.csv,30,False,,,1.89,-0.3925
2026-04-09T17:38:37Z,Digitizer_run1607_subrun32.csv,31,False,,,1.09,-0.3847
2026-04-09T17:38:37Z,Digitizer_run1607_subrun32.csv,32,False,,,2.73,-0.4246
2026-04-09T17:38:37Z,Digitizer_run1607_subrun32.csv,33,False,,,2.41,-0.439
2026-04-09T17:38:37Z,Digitizer_run1607_subrun32.csv,34,False,,,2.44,-0.4327
2026-04-09T17:38:37Z,Digitizer_run1607_subrun32.csv,35,False,,,2.27,-0.4594
2026-04-09T17:38:37Z,Digitizer_run1607_subrun32.csv,36,False,,,0.93,-0.3776
2026-04-09T17:38:37Z,Digitizer_run1607_subrun32.csv,37,False,,,2.18,-0.428
2026-04-09T17:38:37Z,Digitizer_run1607_subrun32.csv,38,False,,,3.16,-0.3957
2026-04-09T17:38:37Z,Digitizer_run1607_subrun32.csv,39,False,,,1.66,-0.4022
2026-04-09T17:38:37Z,Digitizer_run1607_subrun32.csv,40,False,,,1.83,-0.3977
2026-04-09T17:38:37Z,Digitizer_run1607_subrun32.csv,41,False,,,1.71,-0.3778
2026-04-09T17:38:37Z,Digitizer_run1607_subrun32.csv,42,False,,,3.11,-0.4587
2026-04-09T17:38:37Z,Digitizer_run1607_subrun32.csv,43,False,,,2.15,-0.4334
2026-04-09T17:38:37Z,Digitizer_run1607_subrun32.csv,44,False,,,2.52,-0.4252
2026-04-09T17:38:37Z,Digitizer_run1607_subrun32.csv,45,False,,,3.18,-0.4829
2026-04-09T17:38:37Z,Digitizer_run1607_subrun32.csv,46,False,,,2.34,-0.4424
2026-04-09T17:38:37Z,Digitizer_run1607_subrun32.csv,47,False,,,1.93,-0.4299
2026-04-09T17:38:37Z,Digitizer_run1607_subrun32.csv,48,False,,,2.04,-0.4071
2026-04-09T17:38:37Z,Digitizer_run1607_subrun32.csv,49,False,,,2.55,-0.4571
2026-04-09T17:38:37Z,Digitizer_run1607_subrun32.csv,50,False,,,1.73,-0.4196
2026-04-09T17:38:37Z,Digitizer_run1607_subrun32.csv,51,False,,,2.25,-0.4032
2026-04-09T17:38:37Z,Digitizer_run1607_subrun32.csv,52,False,,,1.6,-0.3881
2026-04-09T17:38:37Z,Digitizer_run1607_subrun32.csv,53,False,,,1.0,-0.3721
2026-04-09T17:38:37Z,Digitizer_run1607_subrun32.csv,54,False,,,1.4,-0.3821
2026-04-09T17:38:37Z,Digitizer_run1607_subrun32.csv,55,False,,,1.59,-0.3837
2026-04-09T17:38:37Z,Digitizer_run1607_subrun32.csv,56,False,,,1.13,-0.3897
2026-04-09T17:38:37Z,Digitizer_run1607_subrun32.csv,57,False,,,1.61,-0.4087
2026-04-09T17:38:37Z,Digitizer_run1607_subrun32.csv,58,False,,,1.73,-0.3826
2026-04-09T17:38:37Z,Digitizer_run1607_subrun32.csv,59,False,,,2.32,-0.3912
2026-04-09T17:38:37Z,Digitizer_run1607_subrun32.csv,60,False,,,2.08,-0.4372
2026-04-09T17:38:37Z,Digitizer_run1607_subrun32.csv,61,False,,,3.5,-0.4844
2026-04-09T17:38:37Z,Digitizer_run1607_subrun32.csv,62,False,,,1.33,-0.3708
2026-04-09T17:38:37Z,Digitizer_run1607_subrun32.csv,63,False,,,1.67,-0.3838
2026-04-09T17:38:37Z,Digitizer_run1607_subrun32.csv,64,False,,,3.66,-0.3988
2026-04-09T17:38:37Z,Digitizer_run1607_subrun32.csv,65,False,,,3.38,-0.4816
2026-04-09T17:38:37Z,Digitizer_run1607_subrun32.csv,66,False,,,1.99,-0.4307
2026-04-09T17:38:37Z,Digitizer_run1607_subrun32.csv,67,False,,,2.05,-0.408
2026-04-09T17:38:37Z,Digitizer_run1607_subrun32.csv,68,False,,,2.4,-0.46
2026-04-09T17:38:37Z,Digitizer_run1607_subrun32.csv,69,False,,,1.23,-0.3809
2026-04-09T17:38:37Z,Digitizer_run1607_subrun32.csv,70,False,,,2.02,-0.4163
2026-04-09T17:38:37Z,Digitizer_run1607_subrun32.csv,71,False,,,1.55,-0.3879
2026-04-09T17:38:37Z,Digitizer_run1607_subrun32.csv,72,False,,,1.98,-0.4051
2026-04-09T17:38:37Z,Digitizer_run1607_subrun32.csv,73,False,,,1.26,-0.3821
2026-04-09T17:38:37Z,Digitizer_run1607_subrun32.csv,74,False,,,3.32,-0.4839
2026-04-09T17:38:37Z,Digitizer_run1607_subrun32.csv,75,True,statistical+IF,nPulses_median,1000000.0,-0.5234
2026-04-09T17:38:37Z,Digitizer_run1607_subrun32.csv,76,False,,,2.5,-0.4249
2026-04-09T17:38:37Z,Digitizer_run1607_subrun32.csv,77,False,,,2.53,-0.4617
2026-04-09T17:38:37Z,Digitizer_run1607_subrun32.csv,78,True,isolation_forest,,4.68,-0.4972
2026-04-09T17:38:37Z,Digitizer_run1607_subrun32.csv,79,False,,,1.53,-0.4081
2026-04-09T17:38:37Z,Digitizer_run1607_subrun32.csv,80,False,,,1.36,-0.3825
2026-04-09T17:38:37Z,Digitizer_run1607_subrun32.csv,81,False,,,2.88,-0.4268
2026-04-09T17:38:37Z,Digitizer_run1607_subrun32.csv,82,False,,,1.64,-0.4121
2026-04-09T17:38:37Z,Digitizer_run1607_subrun32.csv,83,False,,,3.3,-0.4652
2026-04-09T17:38:37Z,Digitizer_run1607_subrun32.csv,84,False,,,3.02,-0.4898
2026-04-09T17:38:37Z,Digitizer_run1607_subrun32.csv,85,False,,,2.57,-0.4704
2026-04-09T17:38:37Z,Digitizer_run1607_subrun32.csv,86,False,,,1.54,-0.3848
2026-04-09T17:38:37Z,Digitizer_run1607_subrun32.csv,87,False,,,2.04,-0.405
2026-04-09T17:38:37Z,Digitizer_run1607_subrun32.csv,88,False,,,1.92,-0.4282
2026-04-09T17:38:37Z,Digitizer_run1607_subrun32.csv,89,False,,,1.83,-0.4271
2026-04-09T17:38:37Z,Digitizer_run1607_subrun32.csv,90,False,,,2.14,-0.4127
2026-04-09T17:38:37Z,Digitizer_run1607_subrun32.csv,91,False,,,1.25,-0.4209
2026-04-09T17:38:37Z,Digitizer_run1607_subrun32.csv,92,False,,,2.5,-0.4718
2026-04-09T17:38:37Z,Digitizer_run1607_subrun32.csv,93,False,,,2.6,-0.4843
2026-04-09T17:38:37Z,Digitizer_run1607_subrun32.csv,94,False,,,1.7,-0.4104
2026-04-09T17:38:37Z,Digitizer_run1607_subrun32.csv,95,False,,,1.22,-0.4095
2026-04-09T17:38:44Z,Digitizer_run1610_subrun65.csv,0,False,,,1.83,-0.3872
2026-04-09T17:38:44Z,Digitizer_run1610_subrun65.csv,1,False,,,3.5,-0.4057
2026-04-09T17:38:44Z,Digitizer_run1610_subrun65.csv,2,False,,,2.78,-0.4352
2026-04-09T17:38:44Z,Digitizer_run1610_subrun65.csv,3,False,,,3.16,-0.4221
2026-04-09T17:38:44Z,Digitizer_run1610_subrun65.csv,4,False,,,1.59,-0.3906
2026-04-09T17:38:44Z,Digitizer_run1610_subrun65.csv,5,False,,,1.63,-0.3949
2026-04-09T17:38:44Z,Digitizer_run1610_subrun65.csv,6,False,,,1.83,-0.3923
2026-04-09T17:38:44Z,Digitizer_run1610_subrun65.csv,7,False,,,1.3,-0.3864
2026-04-09T17:38:44Z,Digitizer_run1610_subrun65.csv,8,False,,,2.5,-0.4155
2026-04-09T17:38:44Z,Digitizer_run1610_subrun65.csv,9,False,,,3.26,-0.4195
2026-04-09T17:38:44Z,Digitizer_run1610_subrun65.csv,10,False,,,1.77,-0.4057
2026-04-09T17:38:44Z,Digitizer_run1610_subrun65.csv,11,False,,,1.66,-0.434
2026-04-09T17:38:44Z,Digitizer_run1610_subrun65.csv,12,False,,,2.06,-0.3966
2026-04-09T17:38:44Z,Digitizer_run1610_subrun65.csv,13,False,,,1.34,-0.3824
2026-04-09T17:38:44Z,Digitizer_run1610_subrun65.csv,14,False,,,1.44,-0.3878
2026-04-09T17:38:44Z,Digitizer_run1610_subrun65.csv,15,False,,,1.8,-0.4051
2026-04-09T17:38:44Z,Digitizer_run1610_subrun65.csv,16,True,isolation_forest,,2.84,-0.509
2026-04-09T17:38:44Z,Digitizer_run1610_subrun65.csv,17,True,isolation_forest,,3.43,-0.5267
2026-04-09T17:38:44Z,Digitizer_run1610_subrun65.csv,18,False,,,1.0,-0.3751
2026-04-09T17:38:44Z,Digitizer_run1610_subrun65.csv,19,False,,,3.04,-0.4591
2026-04-09T17:38:44Z,Digitizer_run1610_subrun65.csv,20,False,,,2.79,-0.3964
2026-04-09T17:38:44Z,Digitizer_run1610_subrun65.csv,21,False,,,1.95,-0.4211
2026-04-09T17:38:44Z,Digitizer_run1610_subrun65.csv,22,False,,,2.96,-0.4568
2026-04-09T17:38:44Z,Digitizer_run1610_subrun65.csv,23,False,,,2.13,-0.4349
2026-04-09T17:38:44Z,Digitizer_run1610_subrun65.csv,24,False,,,3.96,-0.4317
2026-04-09T17:38:44Z,Digitizer_run1610_subrun65.csv,25,False,,,2.44,-0.4147
2026-04-09T17:38:44Z,Digitizer_run1610_subrun65.csv,26,False,,,2.29,-0.4164
2026-04-09T17:38:44Z,Digitizer_run1610_subrun65.csv,27,False,,,1.06,-0.3742
2026-04-09T17:38:44Z,Digitizer_run1610_subrun65.csv,28,False,,,1.21,-0.3809
2026-04-09T17:38:44Z,Digitizer_run1610_subrun65.csv,29,False,,,1.56,-0.3923
2026-04-09T17:38:44Z,Digitizer_run1610_subrun65.csv,30,False,,,2.69,-0.453
2026-04-09T17:38:44Z,Digitizer_run1610_subrun65.csv,31,False,,,2.9,-0.4345
2026-04-09T17:38:44Z,Digitizer_run1610_subrun65.csv,32,False,,,1.88,-0.419
2026-04-09T17:38:44Z,Digitizer_run1610_subrun65.csv,33,False,,,2.55,-0.4002
2026-04-09T17:38:44Z,Digitizer_run1610_subrun65.csv,34,False,,,1.97,-0.4092
2026-04-09T17:38:44Z,Digitizer_run1610_subrun65.csv,35,True,isolation_forest,,4.23,-0.5169
2026-04-09T17:38:44Z,Digitizer_run1610_subrun65.csv,36,False,,,1.95,-0.411
2026-04-09T17:38:44Z,Digitizer_run1610_subrun65.csv,37,False,,,1.1,-0.3702
2026-04-09T17:38:44Z,Digitizer_run1610_subrun65.csv,38,False,,,1.66,-0.4113
2026-04-09T17:38:44Z,Digitizer_run1610_subrun65.csv,39,False,,,1.89,-0.4057
2026-04-09T17:38:44Z,Digitizer_run1610_subrun65.csv,40,True,isolation_forest,,3.44,-0.5128
2026-04-09T17:38:44Z,Digitizer_run1610_subrun65.csv,41,False,,,3.11,-0.4637
2026-04-09T17:38:44Z,Digitizer_run1610_subrun65.csv,42,False,,,1.66,-0.3935
2026-04-09T17:38:44Z,Digitizer_run1610_subrun65.csv,43,False,,,2.5,-0.4289
2026-04-09T17:38:44Z,Digitizer_run1610_subrun65.csv,44,False,,,1.96,-0.4251
2026-04-09T17:38:44Z,Digitizer_run1610_subrun65.csv,45,False,,,1.82,-0.3947
2026-04-09T17:38:44Z,Digitizer_run1610_subrun65.csv,46,False,,,3.39,-0.4626
2026-04-09T17:38:44Z,Digitizer_run1610_subrun65.csv,47,False,,,2.88,-0.4225
2026-04-09T17:38:44Z,Digitizer_run1610_subrun65.csv,48,False,,,1.73,-0.4024
2026-04-09T17:38:44Z,Digitizer_run1610_subrun65.csv,49,False,,,2.07,-0.3898
2026-04-09T17:38:44Z,Digitizer_run1610_subrun65.csv,50,False,,,3.1,-0.4345
2026-04-09T17:38:44Z,Digitizer_run1610_subrun65.csv,51,False,,,3.32,-0.4077
2026-04-09T17:38:44Z,Digitizer_run1610_subrun65.csv,52,False,,,1.52,-0.3998
2026-04-09T17:38:44Z,Digitizer_run1610_subrun65.csv,53,False,,,1.73,-0.4043
2026-04-09T17:38:44Z,Digitizer_run1610_subrun65.csv,54,False,,,1.57,-0.3949
2026-04-09T17:38:44Z,Digitizer_run1610_subrun65.csv,55,False,,,2.75,-0.4571
2026-04-09T17:38:44Z,Digitizer_run1610_subrun65.csv,56,False,,,3.03,-0.4547
2026-04-09T17:38:44Z,Digitizer_run1610_subrun65.csv,57,False,,,1.32,-0.3906
2026-04-09T17:38:44Z,Digitizer_run1610_subrun65.csv,58,False,,,2.13,-0.3948
2026-04-09T17:38:44Z,Digitizer_run1610_subrun65.csv,59,False,,,1.37,-0.3756
2026-04-09T17:38:44Z,Digitizer_run1610_subrun65.csv,60,False,,,2.54,-0.4207
2026-04-09T17:38:44Z,Digitizer_run1610_subrun65.csv,61,False,,,2.55,-0.4834
2026-04-09T17:38:44Z,Digitizer_run1610_subrun65.csv,62,False,,,1.8,-0.3895
2026-04-09T17:38:44Z,Digitizer_run1610_subrun65.csv,63,False,,,1.72,-0.3921
2026-04-09T17:38:44Z,Digitizer_run1610_subrun65.csv,64,False,,,4.43,-0.4879
2026-04-09T17:38:44Z,Digitizer_run1610_subrun65.csv,65,False,,,3.03,-0.4774
2026-04-09T17:38:44Z,Digitizer_run1610_subrun65.csv,66,False,,,1.21,-0.3741
2026-04-09T17:38:44Z,Digitizer_run1610_subrun65.csv,67,False,,,2.09,-0.4029
2026-04-09T17:38:44Z,Digitizer_run1610_subrun65.csv,68,False,,,1.5,-0.407
2026-04-09T17:38:44Z,Digitizer_run1610_subrun65.csv,69,False,,,1.84,-0.3798
2026-04-09T17:38:44Z,Digitizer_run1610_subrun65.csv,70,False,,,1.16,-0.388
2026-04-09T17:38:44Z,Digitizer_run1610_subrun65.csv,71,False,,,2.0,-0.3931
2026-04-09T17:38:44Z,Digitizer_run1610_subrun65.csv,72,False,,,1.82,-0.4195
2026-04-09T17:38:44Z,Digitizer_run1610_subrun65.csv,73,False,,,3.77,-0.4694
2026-04-09T17:38:44Z,Digitizer_run1610_subrun65.csv,74,False,,,2.83,-0.4745
2026-04-09T17:38:44Z,Digitizer_run1610_subrun65.csv,75,False,,,2.57,-0.4593
2026-04-09T17:38:44Z,Digitizer_run1610_subrun65.csv,76,False,,,3.34,-0.4786
2026-04-09T17:38:44Z,Digitizer_run1610_subrun65.csv,77,False,,,2.26,-0.4431
2026-04-09T17:38:44Z,Digitizer_run1610_subrun65.csv,78,False,,,2.44,-0.4221
2026-04-09T17:38:44Z,Digitizer_run1610_subrun65.csv,79,False,,,2.7,-0.4044
2026-04-09T17:38:44Z,Digitizer_run1610_subrun65.csv,80,False,,,1.23,-0.3828
2026-04-09T17:38:44Z,Digitizer_run1610_subrun65.csv,81,False,,,2.14,-0.4382
2026-04-09T17:38:44Z,Digitizer_run1610_subrun65.csv,82,False,,,2.39,-0.4068
2026-04-09T17:38:44Z,Digitizer_run1610_subrun65.csv,83,False,,,1.96,-0.4326
2026-04-09T17:38:44Z,Digitizer_run1610_subrun65.csv,84,False,,,1.72,-0.4273
2026-04-09T17:38:44Z,Digitizer_run1610_subrun65.csv,85,False,,,1.8,-0.405
2026-04-09T17:38:44Z,Digitizer_run1610_subrun65.csv,86,False,,,2.04,-0.4074
2026-04-09T17:38:44Z,Digitizer_run1610_subrun65.csv,87,False,,,2.29,-0.429
2026-04-09T17:38:44Z,Digitizer_run1610_subrun65.csv,88,False,,,3.09,-0.4371
2026-04-09T17:38:44Z,Digitizer_run1610_subrun65.csv,89,False,,,1.61,-0.4325
2026-04-09T17:38:44Z,Digitizer_run1610_subrun65.csv,90,False,,,1.99,-0.4259
2026-04-09T17:38:44Z,Digitizer_run1610_subrun65.csv,91,False,,,1.48,-0.4179
2026-04-09T17:38:44Z,Digitizer_run1610_subrun65.csv,92,False,,,2.26,-0.4778
2026-04-09T17:38:44Z,Digitizer_run1610_subrun65.csv,93,False,,,2.13,-0.4496
2026-04-09T17:38:44Z,Digitizer_run1610_subrun65.csv,94,True,isolation_forest,,4.13,-0.5104
2026-04-09T17:38:44Z,Digitizer_run1610_subrun65.csv,95,False,,,2.33,-0.4434
2026-04-09T17:38:52Z,Digitizer_run1608_subrun156.csv,0,False,,,1.79,-0.4328
2026-04-09T17:38:52Z,Digitizer_run1608_subrun156.csv,1,True,isolation_forest,,4.38,-0.52
2026-04-09T17:38:52Z,Digitizer_run1608_subrun156.csv,2,False,,,2.31,-0.3952
2026-04-09T17:38:52Z,Digitizer_run1608_subrun156.csv,3,False,,,2.76,-0.4108
2026-04-09T17:38:52Z,Digitizer_run1608_subrun156.csv,4,False,,,3.29,-0.4863
2026-04-09T17:38:52Z,Digitizer_run1608_subrun156.csv,5,False,,,2.65,-0.4863
2026-04-09T17:38:52Z,Digitizer_run1608_subrun156.csv,6,False,,,2.09,-0.4528
2026-04-09T17:38:52Z,Digitizer_run1608_subrun156.csv,7,False,,,2.77,-0.4578
2026-04-09T17:38:52Z,Digitizer_run1608_subrun156.csv,8,False,,,1.51,-0.4201
2026-04-09T17:38:52Z,Digitizer_run1608_subrun156.csv,9,False,,,1.76,-0.4079
2026-04-09T17:38:52Z,Digitizer_run1608_subrun156.csv,10,False,,,1.82,-0.4179
2026-04-09T17:38:52Z,Digitizer_run1608_subrun156.csv,11,False,,,2.04,-0.4047
2026-04-09T17:38:52Z,Digitizer_run1608_subrun156.csv,12,False,,,2.21,-0.413
2026-04-09T17:38:52Z,Digitizer_run1608_subrun156.csv,13,False,,,2.58,-0.4635
2026-04-09T17:38:52Z,Digitizer_run1608_subrun156.csv,14,False,,,1.85,-0.4271
2026-04-09T17:38:52Z,Digitizer_run1608_subrun156.csv,15,False,,,1.87,-0.412
2026-04-09T17:38:52Z,Digitizer_run1608_subrun156.csv,16,False,,,2.22,-0.4353
2026-04-09T17:38:52Z,Digitizer_run1608_subrun156.csv,17,False,,,1.53,-0.3955
2026-04-09T17:38:52Z,Digitizer_run1608_subrun156.csv,18,False,,,4.08,-0.4099
2026-04-09T17:38:52Z,Digitizer_run1608_subrun156.csv,19,False,,,2.32,-0.4339
2026-04-09T17:38:52Z,Digitizer_run1608_subrun156.csv,20,False,,,2.52,-0.4213
2026-04-09T17:38:52Z,Digitizer_run1608_subrun156.csv,21,False,,,2.0,-0.4228
2026-04-09T17:38:52Z,Digitizer_run1608_subrun156.csv,22,False,,,1.27,-0.3912
2026-04-09T17:38:52Z,Digitizer_run1608_subrun156.csv,23,False,,,1.37,-0.3781
2026-04-09T17:38:52Z,Digitizer_run1608_subrun156.csv,24,False,,,1.95,-0.4275
2026-04-09T17:38:52Z,Digitizer_run1608_subrun156.csv,25,False,,,3.57,-0.4825
2026-04-09T17:38:52Z,Digitizer_run1608_subrun156.csv,26,False,,,2.14,-0.4274
2026-04-09T17:38:52Z,Digitizer_run1608_subrun156.csv,27,False,,,2.85,-0.4367
2026-04-09T17:38:52Z,Digitizer_run1608_subrun156.csv,28,False,,,3.05,-0.45
2026-04-09T17:38:52Z,Digitizer_run1608_subrun156.csv,29,False,,,2.48,-0.434
2026-04-09T17:38:52Z,Digitizer_run1608_subrun156.csv,30,False,,,1.82,-0.3991
2026-04-09T17:38:52Z,Digitizer_run1608_subrun156.csv,31,False,,,1.27,-0.3778
2026-04-09T17:38:52Z,Digitizer_run1608_subrun156.csv,32,False,,,1.52,-0.417
2026-04-09T17:38:52Z,Digitizer_run1608_subrun156.csv,33,False,,,2.36,-0.468
2026-04-09T17:38:52Z,Digitizer_run1608_subrun156.csv,34,False,,,2.81,-0.4426
2026-04-09T17:38:52Z,Digitizer_run1608_subrun156.csv,35,False,,,2.57,-0.4175
2026-04-09T17:38:52Z,Digitizer_run1608_subrun156.csv,36,False,,,2.25,-0.4454
2026-04-09T17:38:52Z,Digitizer_run1608_subrun156.csv,37,False,,,2.84,-0.4605
2026-04-09T17:38:52Z,Digitizer_run1608_subrun156.csv,38,False,,,2.39,-0.4209
2026-04-09T17:38:52Z,Digitizer_run1608_subrun156.csv,39,False,,,1.21,-0.3851
2026-04-09T17:38:52Z,Digitizer_run1608_subrun156.csv,40,False,,,1.29,-0.3927
2026-04-09T17:38:52Z,Digitizer_run1608_subrun156.csv,41,False,,,1.73,-0.4009
2026-04-09T17:38:52Z,Digitizer_run1608_subrun156.csv,42,False,,,2.73,-0.4339
2026-04-09T17:38:52Z,Digitizer_run1608_subrun156.csv,43,True,isolation_forest,,3.96,-0.5095
2026-04-09T17:38:52Z,Digitizer_run1608_subrun156.csv,44,False,,,1.94,-0.4129
2026-04-09T17:38:52Z,Digitizer_run1608_subrun156.csv,45,False,,,1.31,-0.4187
2026-04-09T17:38:52Z,Digitizer_run1608_subrun156.csv,46,True,isolation_forest,,3.19,-0.5199
2026-04-09T17:38:52Z,Digitizer_run1608_subrun156.csv,47,True,isolation_forest,,4.24,-0.5096
2026-04-09T17:38:52Z,Digitizer_run1608_subrun156.csv,48,False,,,2.71,-0.4641
2026-04-09T17:38:52Z,Digitizer_run1608_subrun156.csv,49,False,,,2.54,-0.447
2026-04-09T17:38:52Z,Digitizer_run1608_subrun156.csv,50,False,,,1.76,-0.4312
2026-04-09T17:38:52Z,Digitizer_run1608_subrun156.csv,51,False,,,1.91,-0.4114
2026-04-09T17:38:52Z,Digitizer_run1608_subrun156.csv,52,False,,,2.24,-0.4354
2026-04-09T17:38:52Z,Digitizer_run1608_subrun156.csv,53,False,,,1.56,-0.4132
2026-04-09T17:38:52Z,Digitizer_run1608_subrun156.csv,54,False,,,2.06,-0.4022
2026-04-09T17:38:52Z,Digitizer_run1608_subrun156.csv,55,False,,,1.44,-0.3827
2026-04-09T17:38:52Z,Digitizer_run1608_subrun156.csv,56,False,,,2.06,-0.4317
2026-04-09T17:38:52Z,Digitizer_run1608_subrun156.csv,57,False,,,1.88,-0.4206
2026-04-09T17:38:52Z,Digitizer_run1608_subrun156.csv,58,False,,,1.69,-0.4097
2026-04-09T17:38:52Z,Digitizer_run1608_subrun156.csv,59,False,,,1.51,-0.4055
2026-04-09T17:38:52Z,Digitizer_run1608_subrun156.csv,60,False,,,1.41,-0.3954
2026-04-09T17:38:52Z,Digitizer_run1608_subrun156.csv,61,False,,,2.82,-0.4164
2026-04-09T17:38:52Z,Digitizer_run1608_subrun156.csv,62,True,statistical,pulseDuriation_min_std,5.01,-0.4921
2026-04-09T17:38:52Z,Digitizer_run1608_subrun156.csv,63,False,,,2.3,-0.4629
2026-04-09T17:38:52Z,Digitizer_run1608_subrun156.csv,64,False,,,2.49,-0.3995
2026-04-09T17:38:52Z,Digitizer_run1608_subrun156.csv,65,False,,,3.09,-0.4582
2026-04-09T17:38:52Z,Digitizer_run1608_subrun156.csv,66,False,,,2.51,-0.443
2026-04-09T17:38:52Z,Digitizer_run1608_subrun156.csv,67,False,,,1.88,-0.4059
2026-04-09T17:38:52Z,Digitizer_run1608_subrun156.csv,68,False,,,1.78,-0.4068
2026-04-09T17:38:52Z,Digitizer_run1608_subrun156.csv,69,False,,,1.91,-0.4361
2026-04-09T17:38:52Z,Digitizer_run1608_subrun156.csv,70,False,,,3.25,-0.49
2026-04-09T17:38:52Z,Digitizer_run1608_subrun156.csv,71,False,,,3.29,-0.4799
2026-04-09T17:38:52Z,Digitizer_run1608_subrun156.csv,72,False,,,3.38,-0.4901
2026-04-09T17:38:52Z,Digitizer_run1608_subrun156.csv,73,False,,,1.85,-0.4078
2026-04-09T17:38:52Z,Digitizer_run1608_subrun156.csv,74,False,,,1.49,-0.4161
2026-04-09T17:38:52Z,Digitizer_run1608_subrun156.csv,75,False,,,1.53,-0.4086
2026-04-09T17:38:52Z,Digitizer_run1608_subrun156.csv,76,True,isolation_forest,,4.52,-0.5008
2026-04-09T17:38:52Z,Digitizer_run1608_subrun156.csv,77,False,,,1.79,-0.4232
2026-04-09T17:38:52Z,Digitizer_run1608_subrun156.csv,78,False,,,1.78,-0.4118
2026-04-09T17:38:52Z,Digitizer_run1608_subrun156.csv,79,False,,,2.97,-0.4551
2026-04-09T17:38:52Z,Digitizer_run1608_subrun156.csv,80,False,,,2.08,-0.4076
2026-04-09T17:38:52Z,Digitizer_run1608_subrun156.csv,81,False,,,2.71,-0.4254
2026-04-09T17:38:52Z,Digitizer_run1608_subrun156.csv,82,False,,,1.72,-0.4135
2026-04-09T17:38:52Z,Digitizer_run1608_subrun156.csv,83,False,,,1.47,-0.4153
2026-04-09T17:38:52Z,Digitizer_run1608_subrun156.csv,84,False,,,1.44,-0.4069
2026-04-09T17:38:52Z,Digitizer_run1608_subrun156.csv,85,False,,,1.45,-0.4197
2026-04-09T17:38:52Z,Digitizer_run1608_subrun156.csv,86,False,,,2.15,-0.4612
2026-04-09T17:38:52Z,Digitizer_run1608_subrun156.csv,87,False,,,2.94,-0.4343
2026-04-09T17:38:52Z,Digitizer_run1608_subrun156.csv,88,False,,,1.38,-0.433
2026-04-09T17:38:52Z,Digitizer_run1608_subrun156.csv,89,False,,,2.03,-0.4419
2026-04-09T17:38:52Z,Digitizer_run1608_subrun156.csv,90,False,,,4.29,-0.4915
2026-04-09T17:38:52Z,Digitizer_run1608_subrun156.csv,91,False,,,1.64,-0.4228
2026-04-09T17:38:52Z,Digitizer_run1608_subrun156.csv,92,False,,,1.58,-0.4612
2026-04-09T17:38:52Z,Digitizer_run1608_subrun156.csv,93,False,,,2.09,-0.4588
2026-04-09T17:38:52Z,Digitizer_run1608_subrun156.csv,94,False,,,4.41,-0.492
2026-04-09T17:38:52Z,Digitizer_run1608_subrun156.csv,95,False,,,2.87,-0.4655
2026-04-09T17:39:04Z,Digitizer_run1608_subrun212.csv,0,False,,,2.29,-0.4133
2026-04-09T17:39:04Z,Digitizer_run1608_subrun212.csv,1,False,,,2.7,-0.4349
2026-04-09T17:39:04Z,Digitizer_run1608_subrun212.csv,2,False,,,2.17,-0.4385
2026-04-09T17:39:04Z,Digitizer_run1608_subrun212.csv,3,False,,,1.72,-0.4159
2026-04-09T17:39:04Z,Digitizer_run1608_subrun212.csv,4,False,,,1.56,-0.3981
2026-04-09T17:39:04Z,Digitizer_run1608_subrun212.csv,5,False,,,1.46,-0.3865
2026-04-09T17:39:04Z,Digitizer_run1608_subrun212.csv,6,False,,,3.15,-0.4428
2026-04-09T17:39:04Z,Digitizer_run1608_subrun212.csv,7,True,isolation_forest,,3.91,-0.5231
2026-04-09T17:39:04Z,Digitizer_run1608_subrun212.csv,8,False,,,3.05,-0.4486
2026-04-09T17:39:04Z,Digitizer_run1608_subrun212.csv,9,False,,,2.66,-0.4228
2026-04-09T17:39:04Z,Digitizer_run1608_subrun212.csv,10,False,,,2.23,-0.4015
2026-04-09T17:39:04Z,Digitizer_run1608_subrun212.csv,11,False,,,3.4,-0.4723
2026-04-09T17:39:04Z,Digitizer_run1608_subrun212.csv,12,False,,,1.07,-0.3778
2026-04-09T17:39:04Z,Digitizer_run1608_subrun212.csv,13,False,,,1.32,-0.3826
2026-04-09T17:39:04Z,Digitizer_run1608_subrun212.csv,14,False,,,2.04,-0.4103
2026-04-09T17:39:04Z,Digitizer_run1608_subrun212.csv,15,False,,,2.27,-0.4196
2026-04-09T17:39:04Z,Digitizer_run1608_subrun212.csv,16,False,,,1.68,-0.3936
2026-04-09T17:39:04Z,Digitizer_run1608_subrun212.csv,17,False,,,1.72,-0.4083
2026-04-09T17:39:04Z,Digitizer_run1608_subrun212.csv,18,False,,,1.49,-0.4067
2026-04-09T17:39:04Z,Digitizer_run1608_subrun212.csv,19,False,,,2.22,-0.441
2026-04-09T17:39:04Z,Digitizer_run1608_subrun212.csv,20,False,,,1.67,-0.4147
2026-04-09T17:39:04Z,Digitizer_run1608_subrun212.csv,21,False,,,1.37,-0.3908
2026-04-09T17:39:04Z,Digitizer_run1608_subrun212.csv,22,False,,,2.13,-0.4221
2026-04-09T17:39:04Z,Digitizer_run1608_subrun212.csv,23,False,,,2.06,-0.447
2026-04-09T17:39:04Z,Digitizer_run1608_subrun212.csv,24,False,,,1.47,-0.3928
2026-04-09T17:39:04Z,Digitizer_run1608_subrun212.csv,25,False,,,1.56,-0.3908
2026-04-09T17:39:04Z,Digitizer_run1608_subrun212.csv,26,False,,,2.47,-0.481
2026-04-09T17:39:04Z,Digitizer_run1608_subrun212.csv,27,False,,,3.19,-0.4459
2026-04-09T17:39:04Z,Digitizer_run1608_subrun212.csv,28,False,,,1.83,-0.4157
2026-04-09T17:39:04Z,Digitizer_run1608_subrun212.csv,29,False,,,1.56,-0.3858
2026-04-09T17:39:04Z,Digitizer_run1608_subrun212.csv,30,False,,,1.42,-0.3885
2026-04-09T17:39:04Z,Digitizer_run1608_subrun212.csv,31,False,,,1.37,-0.3855
2026-04-09T17:39:04Z,Digitizer_run1608_subrun212.csv,32,False,,,3.48,-0.4683
2026-04-09T17:39:04Z,Digitizer_run1608_subrun212.csv,33,False,,,2.37,-0.442
2026-04-09T17:39:04Z,Digitizer_run1608_subrun212.csv,34,False,,,2.18,-0.4623
2026-04-09T17:39:04Z,Digitizer_run1608_subrun212.csv,35,False,,,1.9,-0.4246
2026-04-09T17:39:04Z,Digitizer_run1608_subrun212.csv,36,False,,,2.56,-0.4321
2026-04-09T17:39:04Z,Digitizer_run1608_subrun212.csv,37,False,,,1.1,-0.3794
2026-04-09T17:39:04Z,Digitizer_run1608_subrun212.csv,38,False,,,2.48,-0.3963
2026-04-09T17:39:04Z,Digitizer_run1608_subrun212.csv,39,False,,,2.55,-0.3965
2026-04-09T17:39:04Z,Digitizer_run1608_subrun212.csv,40,False,,,1.27,-0.3963
2026-04-09T17:39:04Z,Digitizer_run1608_subrun212.csv,41,False,,,1.87,-0.4178
2026-04-09T17:39:04Z,Digitizer_run1608_subrun212.csv,42,False,,,0.94,-0.3702
2026-04-09T17:39:04Z,Digitizer_run1608_subrun212.csv,43,False,,,2.01,-0.4404
2026-04-09T17:39:04Z,Digitizer_run1608_subrun212.csv,44,False,,,1.27,-0.3834
2026-04-09T17:39:04Z,Digitizer_run1608_subrun212.csv,45,False,,,2.46,-0.3926
2026-04-09T17:39:04Z,Digitizer_run1608_subrun212.csv,46,False,,,3.31,-0.4303
2026-04-09T17:39:04Z,Digitizer_run1608_subrun212.csv,47,False,,,2.05,-0.442
2026-04-09T17:39:04Z,Digitizer_run1608_subrun212.csv,48,False,,,2.78,-0.4601
2026-04-09T17:39:04Z,Digitizer_run1608_subrun212.csv,49,False,,,2.61,-0.4531
2026-04-09T17:39:04Z,Digitizer_run1608_subrun212.csv,50,False,,,1.41,-0.3905
2026-04-09T17:39:04Z,Digitizer_run1608_subrun212.csv,51,False,,,1.56,-0.3929
2026-04-09T17:39:04Z,Digitizer_run1608_subrun212.csv,52,False,,,2.65,-0.3877
2026-04-09T17:39:04Z,Digitizer_run1608_subrun212.csv,53,False,,,2.0,-0.3847
2026-04-09T17:39:04Z,Digitizer_run1608_subrun212.csv,54,False,,,2.34,-0.4168
2026-04-09T17:39:04Z,Digitizer_run1608_subrun212.csv,55,False,,,2.82,-0.3903
2026-04-09T17:39:04Z,Digitizer_run1608_subrun212.csv,56,False,,,3.39,-0.466
2026-04-09T17:39:04Z,Digitizer_run1608_subrun212.csv,57,False,,,3.33,-0.4151
2026-04-09T17:39:04Z,Digitizer_run1608_subrun212.csv,58,False,,,1.26,-0.3804
2026-04-09T17:39:04Z,Digitizer_run1608_subrun212.csv,59,False,,,2.22,-0.4044
2026-04-09T17:39:04Z,Digitizer_run1608_subrun212.csv,60,False,,,1.66,-0.4414
2026-04-09T17:39:04Z,Digitizer_run1608_subrun212.csv,61,False,,,1.58,-0.4194
2026-04-09T17:39:04Z,Digitizer_run1608_subrun212.csv,62,False,,,2.41,-0.4189
2026-04-09T17:39:04Z,Digitizer_run1608_subrun212.csv,63,False,,,1.32,-0.3812
2026-04-09T17:39:04Z,Digitizer_run1608_subrun212.csv,64,False,,,1.22,-0.3745
2026-04-09T17:39:04Z,Digitizer_run1608_subrun212.csv,65,False,,,2.02,-0.414
2026-04-09T17:39:04Z,Digitizer_run1608_subrun212.csv,66,False,,,3.01,-0.4351
2026-04-09T17:39:04Z,Digitizer_run1608_subrun212.csv,67,False,,,1.32,-0.3758
2026-04-09T17:39:04Z,Digitizer_run1608_subrun212.csv,68,False,,,2.53,-0.4518
2026-04-09T17:39:04Z,Digitizer_run1608_subrun212.csv,69,True,isolation_forest,,4.38,-0.5258
2026-04-09T17:39:04Z,Digitizer_run1608_subrun212.csv,70,False,,,3.75,-0.4698
2026-04-09T17:39:04Z,Digitizer_run1608_subrun212.csv,71,False,,,2.62,-0.4439
2026-04-09T17:39:04Z,Digitizer_run1608_subrun212.csv,72,False,,,2.26,-0.4127
2026-04-09T17:39:04Z,Digitizer_run1608_subrun212.csv,73,False,,,1.74,-0.4022
2026-04-09T17:39:04Z,Digitizer_run1608_subrun212.csv,74,True,statistical,pulseHeight_min_median,5.04,-0.4715
2026-04-09T17:39:04Z,Digitizer_run1608_subrun212.csv,75,False,,,2.6,-0.4424
2026-04-09T17:39:04Z,Digitizer_run1608_subrun212.csv,76,False,,,2.61,-0.4245
2026-04-09T17:39:04Z,Digitizer_run1608_subrun212.csv,77,False,,,1.95,-0.3964
2026-04-09T17:39:04Z,Digitizer_run1608_subrun212.csv,78,False,,,1.61,-0.4077
2026-04-09T17:39:04Z,Digitizer_run1608_subrun212.csv,79,False,,,2.5,-0.3958
2026-04-09T17:39:04Z,Digitizer_run1608_subrun212.csv,80,False,,,1.68,-0.3794
2026-04-09T17:39:04Z,Digitizer_run1608_subrun212.csv,81,False,,,1.65,-0.3728
2026-04-09T17:39:04Z,Digitizer_run1608_subrun212.csv,82,False,,,2.32,-0.4754
2026-04-09T17:39:04Z,Digitizer_run1608_subrun212.csv,83,False,,,2.46,-0.4531
2026-04-09T17:39:04Z,Digitizer_run1608_subrun212.csv,84,True,statistical+IF,nPulses_median;pulseArea_max_median,7.0,-0.5331
2026-04-09T17:39:04Z,Digitizer_run1608_subrun212.csv,85,True,statistical+IF,pulseHeight_max_median,5.15,-0.5136
2026-04-09T17:39:04Z,Digitizer_run1608_subrun212.csv,86,False,,,2.56,-0.3917
2026-04-09T17:39:04Z,Digitizer_run1608_subrun212.csv,87,False,,,2.48,-0.4259
2026-04-09T17:39:04Z,Digitizer_run1608_subrun212.csv,88,False,,,1.25,-0.4144
2026-04-09T17:39:04Z,Digitizer_run1608_subrun212.csv,89,False,,,2.28,-0.4334
2026-04-09T17:39:04Z,Digitizer_run1608_subrun212.csv,90,False,,,2.61,-0.4503
2026-04-09T17:39:04Z,Digitizer_run1608_subrun212.csv,91,False,,,2.21,-0.4568
2026-04-09T17:39:04Z,Digitizer_run1608_subrun212.csv,92,False,,,1.55,-0.4408
2026-04-09T17:39:04Z,Digitizer_run1608_subrun212.csv,93,False,,,1.76,-0.4304
2026-04-09T17:39:04Z,Digitizer_run1608_subrun212.csv,94,False,,,2.16,-0.4816
2026-04-09T17:39:04Z,Digitizer_run1608_subrun212.csv,95,True,isolation_forest,,2.5,-0.5184
2026-04-09T17:39:18Z,Digitizer_run1609_subrun61.csv,0,False,,,2.71,-0.4495
2026-04-09T17:39:18Z,Digitizer_run1609_subrun61.csv,1,False,,,1.88,-0.403
2026-04-09T17:39:18Z,Digitizer_run1609_subrun61.csv,2,False,,,1.57,-0.4338
2026-04-09T17:39:18Z,Digitizer_run1609_subrun61.csv,3,False,,,1.64,-0.4209
2026-04-09T17:39:18Z,Digitizer_run1609_subrun61.csv,4,False,,,2.33,-0.3957
2026-04-09T17:39:18Z,Digitizer_run1609_subrun61.csv,5,False,,,2.58,-0.4436
2026-04-09T17:39:18Z,Digitizer_run1609_subrun61.csv,6,True,statistical+IF,pulseHeight_max_median;pulseArea_max_median,5.78,-0.5558
2026-04-09T17:39:18Z,Digitizer_run1609_subrun61.csv,7,True,statistical+IF,pulseHeight_max_median;pulseArea_max_median;pulseDuriation_max_median,9.4,-0.4997
2026-04-09T17:39:18Z,Digitizer_run1609_subrun61.csv,8,False,,,2.43,-0.4665
2026-04-09T17:39:18Z,Digitizer_run1609_subrun61.csv,9,False,,,1.73,-0.4108
2026-04-09T17:39:18Z,Digitizer_run1609_subrun61.csv,10,False,,,2.91,-0.4758
2026-04-09T17:39:18Z,Digitizer_run1609_subrun61.csv,11,False,,,3.16,-0.4559
2026-04-09T17:39:18Z,Digitizer_run1609_subrun61.csv,12,False,,,1.78,-0.4135
2026-04-09T17:39:18Z,Digitizer_run1609_subrun61.csv,13,False,,,2.06,-0.425
2026-04-09T17:39:18Z,Digitizer_run1609_subrun61.csv,14,False,,,2.25,-0.422
2026-04-09T17:39:18Z,Digitizer_run1609_subrun61.csv,15,False,,,2.24,-0.452
2026-04-09T17:39:18Z,Digitizer_run1609_subrun61.csv,16,False,,,1.58,-0.4117
2026-04-09T17:39:18Z,Digitizer_run1609_subrun61.csv,17,False,,,2.4,-0.4297
2026-04-09T17:39:18Z,Digitizer_run1609_subrun61.csv,18,False,,,3.09,-0.4307
2026-04-09T17:39:18Z,Digitizer_run1609_subrun61.csv,19,False,,,3.92,-0.4322
2026-04-09T17:39:18Z,Digitizer_run1609_subrun61.csv,20,False,,,1.79,-0.3961
2026-04-09T17:39:18Z,Digitizer_run1609_subrun61.csv,21,False,,,1.66,-0.401
2026-04-09T17:39:18Z,Digitizer_run1609_subrun61.csv,22,False,,,4.81,-0.4897
2026-04-09T17:39:18Z,Digitizer_run1609_subrun61.csv,23,True,statistical+IF,pulseDuriation_max_std;pulseDuriation_min_std,5.74,-0.5152
2026-04-09T17:39:18Z,Digitizer_run1609_subrun61.csv,24,True,isolation_forest,,2.57,-0.498
2026-04-09T17:39:18Z,Digitizer_run1609_subrun61.csv,25,False,,,1.6,-0.4527
2026-04-09T17:39:18Z,Digitizer_run1609_subrun61.csv,26,False,,,1.76,-0.4082
2026-04-09T17:39:18Z,Digitizer_run1609_subrun61.csv,27,False,,,2.28,-0.4362
2026-04-09T17:39:18Z,Digitizer_run1609_subrun61.csv,28,False,,,1.82,-0.4209
2026-04-09T17:39:18Z,Digitizer_run1609_subrun61.csv,29,False,,,2.44,-0.4408
2026-04-09T17:39:18Z,Digitizer_run1609_subrun61.csv,30,False,,,3.41,-0.463
2026-04-09T17:39:18Z,Digitizer_run1609_subrun61.csv,31,False,,,1.23,-0.3908
2026-04-09T17:39:18Z,Digitizer_run1609_subrun61.csv,32,False,,,1.25,-0.3733
2026-04-09T17:39:18Z,Digitizer_run1609_subrun61.csv,33,False,,,1.22,-0.3766
2026-04-09T17:39:18Z,Digitizer_run1609_subrun61.csv,34,False,,,1.88,-0.4431
2026-04-09T17:39:18Z,Digitizer_run1609_subrun61.csv,35,False,,,1.63,-0.4139
2026-04-09T17:39:18Z,Digitizer_run1609_subrun61.csv,36,False,,,1.93,-0.4056
2026-04-09T17:39:18Z,Digitizer_run1609_subrun61.csv,37,False,,,2.92,-0.4599
2026-04-09T17:39:18Z,Digitizer_run1609_subrun61.csv,38,False,,,2.19,-0.4412
2026-04-09T17:39:18Z,Digitizer_run1609_subrun61.csv,39,False,,,2.0,-0.404
2026-04-09T17:39:18Z,Digitizer_run1609_subrun61.csv,40,False,,,1.93,-0.3979
2026-04-09T17:39:18Z,Digitizer_run1609_subrun61.csv,41,False,,,2.03,-0.3985
2026-04-09T17:39:18Z,Digitizer_run1609_subrun61.csv,42,False,,,1.43,-0.3842
2026-04-09T17:39:18Z,Digitizer_run1609_subrun61.csv,43,False,,,2.26,-0.4144
2026-04-09T17:39:18Z,Digitizer_run1609_subrun61.csv,44,False,,,1.74,-0.3988
2026-04-09T17:39:18Z,Digitizer_run1609_subrun61.csv,45,False,,,1.87,-0.4052
2026-04-09T17:39:18Z,Digitizer_run1609_subrun61.csv,46,False,,,1.22,-0.3893
2026-04-09T17:39:18Z,Digitizer_run1609_subrun61.csv,47,True,isolation_forest,,3.21,-0.4931
2026-04-09T17:39:18Z,Digitizer_run1609_subrun61.csv,48,False,,,2.32,-0.4568
2026-04-09T17:39:18Z,Digitizer_run1609_subrun61.csv,49,False,,,2.88,-0.4823
2026-04-09T17:39:18Z,Digitizer_run1609_subrun61.csv,50,False,,,1.63,-0.3849
2026-04-09T17:39:18Z,Digitizer_run1609_subrun61.csv,51,False,,,1.63,-0.395
2026-04-09T17:39:18Z,Digitizer_run1609_subrun61.csv,52,False,,,1.77,-0.4253
2026-04-09T17:39:18Z,Digitizer_run1609_subrun61.csv,53,False,,,1.5,-0.395
2026-04-09T17:39:18Z,Digitizer_run1609_subrun61.csv,54,False,,,1.66,-0.412
2026-04-09T17:39:18Z,Digitizer_run1609_subrun61.csv,55,False,,,2.53,-0.4253
2026-04-09T17:39:18Z,Digitizer_run1609_subrun61.csv,56,False,,,2.44,-0.4493
2026-04-09T17:39:18Z,Digitizer_run1609_subrun61.csv,57,False,,,3.41,-0.4638
2026-04-09T17:39:18Z,Digitizer_run1609_subrun61.csv,58,False,,,2.11,-0.4653
2026-04-09T17:39:18Z,Digitizer_run1609_subrun61.csv,59,True,isolation_forest,,2.63,-0.5002
2026-04-09T17:39:18Z,Digitizer_run1609_subrun61.csv,60,False,,,2.37,-0.4055
2026-04-09T17:39:18Z,Digitizer_run1609_subrun61.csv,61,False,,,2.36,-0.4148
2026-04-09T17:39:18Z,Digitizer_run1609_subrun61.csv,62,False,,,4.42,-0.4597
2026-04-09T17:39:18Z,Digitizer_run1609_subrun61.csv,63,False,,,4.6,-0.4772
2026-04-09T17:39:18Z,Digitizer_run1609_subrun61.csv,64,True,isolation_forest,,4.28,-0.5128
2026-04-09T17:39:18Z,Digitizer_run1609_subrun61.csv,65,False,,,2.97,-0.4427
2026-04-09T17:39:18Z,Digitizer_run1609_subrun61.csv,66,False,,,2.19,-0.4371
2026-04-09T17:39:18Z,Digitizer_run1609_subrun61.csv,67,False,,,2.7,-0.4512
2026-04-09T17:39:18Z,Digitizer_run1609_subrun61.csv,68,False,,,1.26,-0.3901
2026-04-09T17:39:18Z,Digitizer_run1609_subrun61.csv,69,False,,,1.93,-0.3962
2026-04-09T17:39:18Z,Digitizer_run1609_subrun61.csv,70,False,,,1.78,-0.3839
2026-04-09T17:39:18Z,Digitizer_run1609_subrun61.csv,71,False,,,1.83,-0.393
2026-04-09T17:39:18Z,Digitizer_run1609_subrun61.csv,72,False,,,1.99,-0.401
2026-04-09T17:39:18Z,Digitizer_run1609_subrun61.csv,73,False,,,3.01,-0.4672
2026-04-09T17:39:18Z,Digitizer_run1609_subrun61.csv,74,False,,,2.83,-0.4546
2026-04-09T17:39:18Z,Digitizer_run1609_subrun61.csv,75,False,,,1.79,-0.4176
2026-04-09T17:39:18Z,Digitizer_run1609_subrun61.csv,76,False,,,3.13,-0.4357
2026-04-09T17:39:18Z,Digitizer_run1609_subrun61.csv,77,False,,,1.6,-0.3798
2026-04-09T17:39:18Z,Digitizer_run1609_subrun61.csv,78,False,,,1.94,-0.3979
2026-04-09T17:39:18Z,Digitizer_run1609_subrun61.csv,79,False,,,1.59,-0.4224
2026-04-09T17:39:18Z,Digitizer_run1609_subrun61.csv,80,False,,,1.57,-0.4145
2026-04-09T17:39:18Z,Digitizer_run1609_subrun61.csv,81,False,,,2.28,-0.4061
2026-04-09T17:39:18Z,Digitizer_run1609_subrun61.csv,82,False,,,2.24,-0.441
2026-04-09T17:39:18Z,Digitizer_run1609_subrun61.csv,83,False,,,2.34,-0.4342
2026-04-09T17:39:18Z,Digitizer_run1609_subrun61.csv,84,True,statistical,nPulses_median,7.0,-0.4839
2026-04-09T17:39:18Z,Digitizer_run1609_subrun61.csv,85,False,,,2.68,-0.449
2026-04-09T17:39:18Z,Digitizer_run1609_subrun61.csv,86,False,,,1.13,-0.3745
2026-04-09T17:39:18Z,Digitizer_run1609_subrun61.csv,87,False,,,1.58,-0.3912
2026-04-09T17:39:18Z,Digitizer_run1609_subrun61.csv,88,True,statistical+IF,pulseDuriation_max_std;pulseDuriation_min_std,5.76,-0.565
2026-04-09T17:39:18Z,Digitizer_run1609_subrun61.csv,89,True,isolation_forest,,3.64,-0.5265
2026-04-09T17:39:18Z,Digitizer_run1609_subrun61.csv,90,False,,,1.61,-0.4278
2026-04-09T17:39:18Z,Digitizer_run1609_subrun61.csv,91,False,,,2.29,-0.4196
2026-04-09T17:39:18Z,Digitizer_run1609_subrun61.csv,92,False,,,2.54,-0.4498
2026-04-09T17:39:18Z,Digitizer_run1609_subrun61.csv,93,True,isolation_forest,,3.85,-0.5103
2026-04-09T17:39:18Z,Digitizer_run1609_subrun61.csv,94,True,isolation_forest,,4.48,-0.5201
2026-04-09T17:39:18Z,Digitizer_run1609_subrun61.csv,95,True,isolation_forest,,3.63,-0.5002
2026-04-09T17:39:26Z,Digitizer_run1608_subrun206.csv,0,True,isolation_forest,,4.85,-0.4943
2026-04-09T17:39:26Z,Digitizer_run1608_subrun206.csv,1,True,isolation_forest,,4.64,-0.5265
2026-04-09T17:39:26Z,Digitizer_run1608_subrun206.csv,2,False,,,1.62,-0.3943
2026-04-09T17:39:26Z,Digitizer_run1608_subrun206.csv,3,False,,,1.95,-0.4502
2026-04-09T17:39:26Z,Digitizer_run1608_subrun206.csv,4,False,,,2.32,-0.4052
2026-04-09T17:39:26Z,Digitizer_run1608_subrun206.csv,5,False,,,2.19,-0.4432
2026-04-09T17:39:26Z,Digitizer_run1608_subrun206.csv,6,False,,,1.62,-0.4229
2026-04-09T17:39:26Z,Digitizer_run1608_subrun206.csv,7,False,,,1.22,-0.4077
2026-04-09T17:39:26Z,Digitizer_run1608_subrun206.csv,8,False,,,1.89,-0.4341
2026-04-09T17:39:26Z,Digitizer_run1608_subrun206.csv,9,False,,,2.28,-0.4179
2026-04-09T17:39:26Z,Digitizer_run1608_subrun206.csv,10,False,,,2.11,-0.4514
2026-04-09T17:39:26Z,Digitizer_run1608_subrun206.csv,11,False,,,2.18,-0.4002
2026-04-09T17:39:26Z,Digitizer_run1608_subrun206.csv,12,False,,,1.61,-0.3842
2026-04-09T17:39:26Z,Digitizer_run1608_subrun206.csv,13,False,,,2.46,-0.4453
2026-04-09T17:39:26Z,Digitizer_run1608_subrun206.csv,14,False,,,2.56,-0.4551
2026-04-09T17:39:26Z,Digitizer_run1608_subrun206.csv,15,False,,,2.68,-0.4593
2026-04-09T17:39:26Z,Digitizer_run1608_subrun206.csv,16,True,isolation_forest,,3.41,-0.5318
2026-04-09T17:39:26Z,Digitizer_run1608_subrun206.csv,17,False,,,3.1,-0.474
2026-04-09T17:39:26Z,Digitizer_run1608_subrun206.csv,18,False,,,1.41,-0.3908
2026-04-09T17:39:26Z,Digitizer_run1608_subrun206.csv,19,True,isolation_forest,,4.93,-0.5165
2026-04-09T17:39:26Z,Digitizer_run1608_subrun206.csv,20,False,,,3.15,-0.4136
2026-04-09T17:39:26Z,Digitizer_run1608_subrun206.csv,21,False,,,1.8,-0.406
2026-04-09T17:39:26Z,Digitizer_run1608_subrun206.csv,22,False,,,2.11,-0.4329
2026-04-09T17:39:26Z,Digitizer_run1608_subrun206.csv,23,False,,,1.79,-0.4081
2026-04-09T17:39:26Z,Digitizer_run1608_subrun206.csv,24,True,isolation_forest,,3.96,-0.5054
2026-04-09T17:39:26Z,Digitizer_run1608_subrun206.csv,25,False,,,2.89,-0.4469
2026-04-09T17:39:26Z,Digitizer_run1608_subrun206.csv,26,False,,,1.43,-0.3934
2026-04-09T17:39:26Z,Digitizer_run1608_subrun206.csv,27,False,,,1.58,-0.4153
2026-04-09T17:39:26Z,Digitizer_run1608_subrun206.csv,28,False,,,1.94,-0.4542
2026-04-09T17:39:26Z,Digitizer_run1608_subrun206.csv,29,False,,,1.74,-0.4197
2026-04-09T17:39:26Z,Digitizer_run1608_subrun206.csv,30,False,,,1.71,-0.3943
2026-04-09T17:39:26Z,Digitizer_run1608_subrun206.csv,31,False,,,1.31,-0.3792
2026-04-09T17:39:26Z,Digitizer_run1608_subrun206.csv,32,False,,,1.82,-0.402
2026-04-09T17:39:26Z,Digitizer_run1608_subrun206.csv,33,False,,,2.27,-0.4421
2026-04-09T17:39:26Z,Digitizer_run1608_subrun206.csv,34,False,,,1.67,-0.4128
2026-04-09T17:39:26Z,Digitizer_run1608_subrun206.csv,35,False,,,1.54,-0.3988
2026-04-09T17:39:26Z,Digitizer_run1608_subrun206.csv,36,False,,,1.98,-0.4051
2026-04-09T17:39:26Z,Digitizer_run1608_subrun206.csv,37,False,,,1.89,-0.4134
2026-04-09T17:39:26Z,Digitizer_run1608_subrun206.csv,38,False,,,1.78,-0.4059
2026-04-09T17:39:26Z,Digitizer_run1608_subrun206.csv,39,False,,,1.71,-0.4157
2026-04-09T17:39:26Z,Digitizer_run1608_subrun206.csv,40,False,,,2.71,-0.4199
2026-04-09T17:39:26Z,Digitizer_run1608_subrun206.csv,41,False,,,1.56,-0.4151
2026-04-09T17:39:26Z,Digitizer_run1608_subrun206.csv,42,False,,,1.77,-0.4164
2026-04-09T17:39:26Z,Digitizer_run1608_subrun206.csv,43,False,,,2.21,-0.4147
2026-04-09T17:39:26Z,Digitizer_run1608_subrun206.csv,44,False,,,3.79,-0.466
2026-04-09T17:39:26Z,Digitizer_run1608_subrun206.csv,45,False,,,2.69,-0.4108
2026-04-09T17:39:26Z,Digitizer_run1608_subrun206.csv,46,False,,,1.17,-0.3799
2026-04-09T17:39:26Z,Digitizer_run1608_subrun206.csv,47,False,,,2.45,-0.4249
2026-04-09T17:39:26Z,Digitizer_run1608_subrun206.csv,48,True,isolation_forest,,3.37,-0.4944
2026-04-09T17:39:26Z,Digitizer_run1608_subrun206.csv,49,False,,,1.51,-0.4035
2026-04-09T17:39:26Z,Digitizer_run1608_subrun206.csv,50,False,,,1.58,-0.4099
2026-04-09T17:39:26Z,Digitizer_run1608_subrun206.csv,51,False,,,1.55,-0.3993
2026-04-09T17:39:26Z,Digitizer_run1608_subrun206.csv,52,False,,,2.78,-0.4886
2026-04-09T17:39:26Z,Digitizer_run1608_subrun206.csv,53,False,,,2.91,-0.4738
2026-04-09T17:39:26Z,Digitizer_run1608_subrun206.csv,54,False,,,3.12,-0.4561
2026-04-09T17:39:26Z,Digitizer_run1608_subrun206.csv,55,False,,,4.34,-0.4766
2026-04-09T17:39:26Z,Digitizer_run1608_subrun206.csv,56,False,,,3.55,-0.4716
2026-04-09T17:39:26Z,Digitizer_run1608_subrun206.csv,57,False,,,1.81,-0.4343
2026-04-09T17:39:26Z,Digitizer_run1608_subrun206.csv,58,False,,,2.11,-0.4503
2026-04-09T17:39:26Z,Digitizer_run1608_subrun206.csv,59,False,,,2.29,-0.4627
2026-04-09T17:39:26Z,Digitizer_run1608_subrun206.csv,60,False,,,2.0,-0.4123
2026-04-09T17:39:26Z,Digitizer_run1608_subrun206.csv,61,False,,,2.5,-0.4235
2026-04-09T17:39:26Z,Digitizer_run1608_subrun206.csv,62,False,,,2.05,-0.406
2026-04-09T17:39:26Z,Digitizer_run1608_subrun206.csv,63,False,,,1.46,-0.3966
2026-04-09T17:39:26Z,Digitizer_run1608_subrun206.csv,64,False,,,1.61,-0.4252
2026-04-09T17:39:26Z,Digitizer_run1608_subrun206.csv,65,False,,,1.65,-0.4135
2026-04-09T17:39:26Z,Digitizer_run1608_subrun206.csv,66,False,,,1.7,-0.3935
2026-04-09T17:39:26Z,Digitizer_run1608_subrun206.csv,67,False,,,1.73,-0.4014
2026-04-09T17:39:26Z,Digitizer_run1608_subrun206.csv,68,False,,,1.93,-0.4351
2026-04-09T17:39:26Z,Digitizer_run1608_subrun206.csv,69,False,,,1.86,-0.3989
2026-04-09T17:39:26Z,Digitizer_run1608_subrun206.csv,70,False,,,1.77,-0.4132
2026-04-09T17:39:26Z,Digitizer_run1608_subrun206.csv,71,False,,,1.89,-0.4199
2026-04-09T17:39:26Z,Digitizer_run1608_subrun206.csv,72,False,,,2.59,-0.4416
2026-04-09T17:39:26Z,Digitizer_run1608_subrun206.csv,73,False,,,3.1,-0.4219
2026-04-09T17:39:26Z,Digitizer_run1608_subrun206.csv,74,False,,,1.75,-0.3896
2026-04-09T17:39:26Z,Digitizer_run1608_subrun206.csv,75,False,,,2.36,-0.4425
2026-04-09T17:39:26Z,Digitizer_run1608_subrun206.csv,76,False,,,2.47,-0.4167
2026-04-09T17:39:26Z,Digitizer_run1608_subrun206.csv,77,False,,,1.83,-0.4006
2026-04-09T17:39:26Z,Digitizer_run1608_subrun206.csv,78,False,,,1.88,-0.3934
2026-04-09T17:39:26Z,Digitizer_run1608_subrun206.csv,79,False,,,2.0,-0.4325
2026-04-09T17:39:26Z,Digitizer_run1608_subrun206.csv,80,False,,,1.98,-0.4114
2026-04-09T17:39:26Z,Digitizer_run1608_subrun206.csv,81,False,,,1.17,-0.3952
2026-04-09T17:39:26Z,Digitizer_run1608_subrun206.csv,82,False,,,2.52,-0.4396
2026-04-09T17:39:26Z,Digitizer_run1608_subrun206.csv,83,False,,,2.77,-0.3857
2026-04-09T17:39:26Z,Digitizer_run1608_subrun206.csv,84,True,statistical+IF,pulseHeight_max_median;pulseArea_max_median,5.27,-0.5495
2026-04-09T17:39:26Z,Digitizer_run1608_subrun206.csv,85,False,,,2.74,-0.4838
2026-04-09T17:39:26Z,Digitizer_run1608_subrun206.csv,86,False,,,2.07,-0.4393
2026-04-09T17:39:26Z,Digitizer_run1608_subrun206.csv,87,False,,,2.52,-0.4117
2026-04-09T17:39:26Z,Digitizer_run1608_subrun206.csv,88,False,,,2.05,-0.465
2026-04-09T17:39:26Z,Digitizer_run1608_subrun206.csv,89,False,,,2.54,-0.469
2026-04-09T17:39:26Z,Digitizer_run1608_subrun206.csv,90,True,isolation_forest,,2.99,-0.5082
2026-04-09T17:39:26Z,Digitizer_run1608_subrun206.csv,91,False,,,3.05,-0.4787
2026-04-09T17:39:26Z,Digitizer_run1608_subrun206.csv,92,True,isolation_forest,,4.27,-0.5566
2026-04-09T17:39:26Z,Digitizer_run1608_subrun206.csv,93,True,isolation_forest,,4.14,-0.5587
2026-04-09T17:39:26Z,Digitizer_run1608_subrun206.csv,94,True,isolation_forest,,3.06,-0.4926
2026-04-09T17:39:26Z,Digitizer_run1608_subrun206.csv,95,False,,,1.31,-0.401
2026-04-09T17:39:35Z,Digitizer_run1607_subrun336.csv,0,True,isolation_forest,,3.61,-0.5029
2026-04-09T17:39:35Z,Digitizer_run1607_subrun336.csv,1,False,,,2.67,-0.4635
2026-04-09T17:39:35Z,Digitizer_run1607_subrun336.csv,2,False,,,1.89,-0.3988
2026-04-09T17:39:35Z,Digitizer_run1607_subrun336.csv,3,False,,,1.89,-0.3831
2026-04-09T17:39:35Z,Digitizer_run1607_subrun336.csv,4,False,,,2.26,-0.4544
2026-04-09T17:39:35Z,Digitizer_run1607_subrun336.csv,5,False,,,2.86,-0.4717
2026-04-09T17:39:35Z,Digitizer_run1607_subrun336.csv,6,False,,,1.88,-0.4124
2026-04-09T17:39:35Z,Digitizer_run1607_subrun336.csv,7,False,,,2.11,-0.4416
2026-04-09T17:39:35Z,Digitizer_run1607_subrun336.csv,8,True,isolation_forest,,3.52,-0.5127
2026-04-09T17:39:35Z,Digitizer_run1607_subrun336.csv,9,False,,,3.39,-0.4821
2026-04-09T17:39:35Z,Digitizer_run1607_subrun336.csv,10,False,,,2.98,-0.4469
2026-04-09T17:39:35Z,Digitizer_run1607_subrun336.csv,11,False,,,2.59,-0.4353
2026-04-09T17:39:35Z,Digitizer_run1607_subrun336.csv,12,False,,,2.66,-0.4117
2026-04-09T17:39:35Z,Digitizer_run1607_subrun336.csv,13,False,,,1.91,-0.4156
2026-04-09T17:39:35Z,Digitizer_run1607_subrun336.csv,14,False,,,1.88,-0.4408
2026-04-09T17:39:35Z,Digitizer_run1607_subrun336.csv,15,False,,,2.57,-0.4728
2026-04-09T17:39:35Z,Digitizer_run1607_subrun336.csv,16,False,,,2.2,-0.4261
2026-04-09T17:39:35Z,Digitizer_run1607_subrun336.csv,17,False,,,1.88,-0.4168
2026-04-09T17:39:35Z,Digitizer_run1607_subrun336.csv,18,False,,,1.89,-0.4298
2026-04-09T17:39:35Z,Digitizer_run1607_subrun336.csv,19,True,statistical,nPulses_median,5.7,-0.4545
2026-04-09T17:39:35Z,Digitizer_run1607_subrun336.csv,20,False,,,1.89,-0.4061
2026-04-09T17:39:35Z,Digitizer_run1607_subrun336.csv,21,False,,,1.89,-0.4245
2026-04-09T17:39:35Z,Digitizer_run1607_subrun336.csv,22,True,isolation_forest,,3.64,-0.5223
2026-04-09T17:39:35Z,Digitizer_run1607_subrun336.csv,23,False,,,2.11,-0.4487
2026-04-09T17:39:35Z,Digitizer_run1607_subrun336.csv,24,False,,,1.85,-0.4272
2026-04-09T17:39:35Z,Digitizer_run1607_subrun336.csv,25,False,,,1.86,-0.4272
2026-04-09T17:39:35Z,Digitizer_run1607_subrun336.csv,26,False,,,1.92,-0.4604
2026-04-09T17:39:35Z,Digitizer_run1607_subrun336.csv,27,False,,,2.72,-0.4522
2026-04-09T17:39:35Z,Digitizer_run1607_subrun336.csv,28,True,isolation_forest,,3.45,-0.5227
2026-04-09T17:39:35Z,Digitizer_run1607_subrun336.csv,29,False,,,3.28,-0.4835
2026-04-09T17:39:35Z,Digitizer_run1607_subrun336.csv,30,False,,,1.87,-0.4336
2026-04-09T17:39:35Z,Digitizer_run1607_subrun336.csv,31,False,,,2.3,-0.4434
2026-04-09T17:39:35Z,Digitizer_run1607_subrun336.csv,32,False,,,1.88,-0.4262
2026-04-09T17:39:35Z,Digitizer_run1607_subrun336.csv,33,False,,,1.88,-0.4198
2026-04-09T17:39:35Z,Digitizer_run1607_subrun336.csv,34,False,,,1.9,-0.4217
2026-04-09T17:39:35Z,Digitizer_run1607_subrun336.csv,35,False,,,1.9,-0.4429
2026-04-09T17:39:35Z,Digitizer_run1607_subrun336.csv,36,False,,,2.81,-0.4568
2026-04-09T17:39:35Z,Digitizer_run1607_subrun336.csv,37,False,,,2.51,-0.4453
2026-04-09T17:39:35Z,Digitizer_run1607_subrun336.csv,38,False,,,2.78,-0.4885
2026-04-09T17:39:35Z,Digitizer_run1607_subrun336.csv,39,False,,,2.84,-0.4607
2026-04-09T17:39:35Z,Digitizer_run1607_subrun336.csv,40,False,,,2.14,-0.4508
2026-04-09T17:39:35Z,Digitizer_run1607_subrun336.csv,41,False,,,2.62,-0.4322
2026-04-09T17:39:35Z,Digitizer_run1607_subrun336.csv,42,False,,,1.83,-0.4324
2026-04-09T17:39:35Z,Digitizer_run1607_subrun336.csv,43,False,,,2.11,-0.4514
2026-04-09T17:39:35Z,Digitizer_run1607_subrun336.csv,44,False,,,2.7,-0.4385
2026-04-09T17:39:35Z,Digitizer_run1607_subrun336.csv,45,False,,,2.87,-0.4713
2026-04-09T17:39:35Z,Digitizer_run1607_subrun336.csv,46,False,,,1.89,-0.4132
2026-04-09T17:39:35Z,Digitizer_run1607_subrun336.csv,47,False,,,2.97,-0.4758
2026-04-09T17:39:35Z,Digitizer_run1607_subrun336.csv,48,True,isolation_forest,,3.78,-0.494
2026-04-09T17:39:35Z,Digitizer_run1607_subrun336.csv,49,False,,,1.89,-0.4026
2026-04-09T17:39:35Z,Digitizer_run1607_subrun336.csv,50,False,,,1.89,-0.4236
2026-04-09T17:39:35Z,Digitizer_run1607_subrun336.csv,51,False,,,2.04,-0.4307
2026-04-09T17:39:35Z,Digitizer_run1607_subrun336.csv,52,False,,,1.88,-0.3914
2026-04-09T17:39:35Z,Digitizer_run1607_subrun336.csv,53,False,,,1.88,-0.4071
2026-04-09T17:39:35Z,Digitizer_run1607_subrun336.csv,54,False,,,2.16,-0.4055
2026-04-09T17:39:35Z,Digitizer_run1607_subrun336.csv,55,False,,,1.88,-0.4061
2026-04-09T17:39:35Z,Digitizer_run1607_subrun336.csv,56,False,,,3.39,-0.4719
2026-04-09T17:39:35Z,Digitizer_run1607_subrun336.csv,57,False,,,1.91,-0.392
2026-04-09T17:39:35Z,Digitizer_run1607_subrun336.csv,58,True,isolation_forest,,3.78,-0.5501
2026-04-09T17:39:35Z,Digitizer_run1607_subrun336.csv,59,False,,,3.56,-0.4793
2026-04-09T17:39:35Z,Digitizer_run1607_subrun336.csv,60,False,,,2.78,-0.443
2026-04-09T17:39:35Z,Digitizer_run1607_subrun336.csv,61,True,isolation_forest,,2.59,-0.5119
2026-04-09T17:39:35Z,Digitizer_run1607_subrun336.csv,62,False,,,2.49,-0.4292
2026-04-09T17:39:35Z,Digitizer_run1607_subrun336.csv,63,False,,,1.94,-0.4202
2026-04-09T17:39:35Z,Digitizer_run1607_subrun336.csv,64,False,,,1.87,-0.4096
2026-04-09T17:39:35Z,Digitizer_run1607_subrun336.csv,65,False,,,1.87,-0.4118
2026-04-09T17:39:35Z,Digitizer_run1607_subrun336.csv,66,False,,,1.89,-0.4131
2026-04-09T17:39:35Z,Digitizer_run1607_subrun336.csv,67,False,,,2.3,-0.4407
2026-04-09T17:39:35Z,Digitizer_run1607_subrun336.csv,68,False,,,4.48,-0.4427
2026-04-09T17:39:35Z,Digitizer_run1607_subrun336.csv,69,False,,,4.81,-0.4369
2026-04-09T17:39:35Z,Digitizer_run1607_subrun336.csv,70,False,,,1.89,-0.3948
2026-04-09T17:39:35Z,Digitizer_run1607_subrun336.csv,71,False,,,2.43,-0.4039
2026-04-09T17:39:35Z,Digitizer_run1607_subrun336.csv,72,False,,,1.91,-0.4189
2026-04-09T17:39:35Z,Digitizer_run1607_subrun336.csv,73,False,,,2.35,-0.4319
2026-04-09T17:39:35Z,Digitizer_run1607_subrun336.csv,74,False,,,1.92,-0.43
2026-04-09T17:39:35Z,Digitizer_run1607_subrun336.csv,75,True,isolation_forest,,3.74,-0.4974
2026-04-09T17:39:35Z,Digitizer_run1607_subrun336.csv,76,False,,,3.67,-0.4701
2026-04-09T17:39:35Z,Digitizer_run1607_subrun336.csv,77,False,,,2.29,-0.4575
2026-04-09T17:39:35Z,Digitizer_run1607_subrun336.csv,78,True,isolation_forest,,3.86,-0.5001
2026-04-09T17:39:35Z,Digitizer_run1607_subrun336.csv,79,False,,,2.62,-0.4457
2026-04-09T17:39:35Z,Digitizer_run1607_subrun336.csv,80,False,,,2.11,-0.4316
2026-04-09T17:39:35Z,Digitizer_run1607_subrun336.csv,81,False,,,2.73,-0.4525
2026-04-09T17:39:35Z,Digitizer_run1607_subrun336.csv,82,False,,,2.09,-0.4495
2026-04-09T17:39:35Z,Digitizer_run1607_subrun336.csv,83,False,,,4.53,-0.4716
2026-04-09T17:39:35Z,Digitizer_run1607_subrun336.csv,84,False,,,1.95,-0.4457
2026-04-09T17:39:35Z,Digitizer_run1607_subrun336.csv,85,False,,,1.99,-0.4318
2026-04-09T17:39:35Z,Digitizer_run1607_subrun336.csv,86,True,statistical+IF,sideband_rms_mean,5.44,-0.5051
2026-04-09T17:39:35Z,Digitizer_run1607_subrun336.csv,87,False,,,2.94,-0.4768
2026-04-09T17:39:35Z,Digitizer_run1607_subrun336.csv,88,False,,,2.62,-0.4482
2026-04-09T17:39:35Z,Digitizer_run1607_subrun336.csv,89,False,,,1.54,-0.4336
2026-04-09T17:39:35Z,Digitizer_run1607_subrun336.csv,90,False,,,1.85,-0.4499
2026-04-09T17:39:35Z,Digitizer_run1607_subrun336.csv,91,False,,,1.8,-0.4846
2026-04-09T17:39:35Z,Digitizer_run1607_subrun336.csv,92,True,isolation_forest,,1.95,-0.4979
2026-04-09T17:39:35Z,Digitizer_run1607_subrun336.csv,93,False,,,4.08,-0.4844
2026-04-09T17:39:35Z,Digitizer_run1607_subrun336.csv,94,True,isolation_forest,,3.11,-0.5078
2026-04-09T17:39:35Z,Digitizer_run1607_subrun336.csv,95,True,isolation_forest,,2.88,-0.5199
2026-04-09T17:39:41Z,Digitizer_run1611_subrun269.csv,0,False,,,2.14,-0.4535
2026-04-09T17:39:41Z,Digitizer_run1611_subrun269.csv,1,False,,,2.66,-0.4883
2026-04-09T17:39:41Z,Digitizer_run1611_subrun269.csv,2,False,,,1.95,-0.4388
2026-04-09T17:39:41Z,Digitizer_run1611_subrun269.csv,3,False,,,1.94,-0.4191
2026-04-09T17:39:41Z,Digitizer_run1611_subrun269.csv,4,False,,,1.94,-0.3904
2026-04-09T17:39:41Z,Digitizer_run1611_subrun269.csv,5,False,,,4.06,-0.441
2026-04-09T17:39:41Z,Digitizer_run1611_subrun269.csv,6,False,,,1.94,-0.448
2026-04-09T17:39:41Z,Digitizer_run1611_subrun269.csv,7,False,,,2.03,-0.4731
2026-04-09T17:39:41Z,Digitizer_run1611_subrun269.csv,8,True,isolation_forest,,3.35,-0.4989
2026-04-09T17:39:41Z,Digitizer_run1611_subrun269.csv,9,False,,,2.94,-0.4442
2026-04-09T17:39:41Z,Digitizer_run1611_subrun269.csv,10,False,,,3.19,-0.4573
2026-04-09T17:39:41Z,Digitizer_run1611_subrun269.csv,11,False,,,1.95,-0.4116
2026-04-09T17:39:41Z,Digitizer_run1611_subrun269.csv,12,False,,,2.75,-0.4037
2026-04-09T17:39:41Z,Digitizer_run1611_subrun269.csv,13,False,,,1.95,-0.4151
2026-04-09T17:39:41Z,Digitizer_run1611_subrun269.csv,14,False,,,1.96,-0.4282
2026-04-09T17:39:41Z,Digitizer_run1611_subrun269.csv,15,False,,,1.96,-0.4095
2026-04-09T17:39:41Z,Digitizer_run1611_subrun269.csv,16,False,,,2.39,-0.4252
2026-04-09T17:39:41Z,Digitizer_run1611_subrun269.csv,17,False,,,2.06,-0.4454
2026-04-09T17:39:41Z,Digitizer_run1611_subrun269.csv,18,False,,,2.7,-0.4137
2026-04-09T17:39:41Z,Digitizer_run1611_subrun269.csv,19,False,,,1.94,-0.4021
2026-04-09T17:39:41Z,Digitizer_run1611_subrun269.csv,20,False,,,1.94,-0.4328
2026-04-09T17:39:41Z,Digitizer_run1611_subrun269.csv,21,False,,,1.94,-0.4005
2026-04-09T17:39:41Z,Digitizer_run1611_subrun269.csv,22,False,,,1.95,-0.4021
2026-04-09T17:39:41Z,Digitizer_run1611_subrun269.csv,23,False,,,2.6,-0.4394
2026-04-09T17:39:41Z,Digitizer_run1611_subrun269.csv,24,False,,,2.23,-0.482
2026-04-09T17:39:41Z,Digitizer_run1611_subrun269.csv,25,False,,,2.18,-0.4368
2026-04-09T17:39:41Z,Digitizer_run1611_subrun269.csv,26,False,,,1.97,-0.4144
2026-04-09T17:39:41Z,Digitizer_run1611_subrun269.csv,27,False,,,1.97,-0.4056
2026-04-09T17:39:41Z,Digitizer_run1611_subrun269.csv,28,False,,,1.96,-0.431
2026-04-09T17:39:41Z,Digitizer_run1611_subrun269.csv,29,False,,,2.05,-0.4425
2026-04-09T17:39:41Z,Digitizer_run1611_subrun269.csv,30,False,,,2.0,-0.4305
2026-04-09T17:39:41Z,Digitizer_run1611_subrun269.csv,31,False,,,1.94,-0.4145
2026-04-09T17:39:41Z,Digitizer_run1611_subrun269.csv,32,False,,,1.94,-0.4131
2026-04-09T17:39:41Z,Digitizer_run1611_subrun269.csv,33,False,,,1.94,-0.4192
2026-04-09T17:39:41Z,Digitizer_run1611_subrun269.csv,34,False,,,2.84,-0.4271
2026-04-09T17:39:41Z,Digitizer_run1611_subrun269.csv,35,False,,,3.08,-0.4921
2026-04-09T17:39:41Z,Digitizer_run1611_subrun269.csv,36,False,,,1.93,-0.4534
2026-04-09T17:39:41Z,Digitizer_run1611_subrun269.csv,37,True,isolation_forest,,2.41,-0.4929
2026-04-09T17:39:41Z,Digitizer_run1611_subrun269.csv,38,False,,,1.94,-0.4095
2026-04-09T17:39:41Z,Digitizer_run1611_subrun269.csv,39,False,,,2.22,-0.4633
2026-04-09T17:39:41Z,Digitizer_run1611_subrun269.csv,40,False,,,1.95,-0.396
2026-04-09T17:39:41Z,Digitizer_run1611_subrun269.csv,41,False,,,1.96,-0.4139
2026-04-09T17:39:41Z,Digitizer_run1611_subrun269.csv,42,False,,,1.96,-0.3922
2026-04-09T17:39:41Z,Digitizer_run1611_subrun269.csv,43,False,,,2.0,-0.4141
2026-04-09T17:39:41Z,Digitizer_run1611_subrun269.csv,44,False,,,3.6,-0.4798
2026-04-09T17:39:41Z,Digitizer_run1611_subrun269.csv,45,False,,,1.97,-0.4259
2026-04-09T17:39:41Z,Digitizer_run1611_subrun269.csv,46,False,,,2.05,-0.4434
2026-04-09T17:39:41Z,Digitizer_run1611_subrun269.csv,47,False,,,1.95,-0.4244
2026-04-09T17:39:41Z,Digitizer_run1611_subrun269.csv,48,False,,,2.16,-0.4703
2026-04-09T17:39:41Z,Digitizer_run1611_subrun269.csv,49,False,,,1.94,-0.406
2026-04-09T17:39:41Z,Digitizer_run1611_subrun269.csv,50,False,,,2.12,-0.4416
2026-04-09T17:39:41Z,Digitizer_run1611_subrun269.csv,51,False,,,2.04,-0.4686
2026-04-09T17:39:41Z,Digitizer_run1611_subrun269.csv,52,False,,,3.55,-0.4551
2026-04-09T17:39:41Z,Digitizer_run1611_subrun269.csv,53,False,,,1.94,-0.424
2026-04-09T17:39:41Z,Digitizer_run1611_subrun269.csv,54,False,,,2.05,-0.4116
2026-04-09T17:39:41Z,Digitizer_run1611_subrun269.csv,55,False,,,1.94,-0.4082
2026-04-09T17:39:41Z,Digitizer_run1611_subrun269.csv,56,False,,,2.7,-0.4595
2026-04-09T17:39:41Z,Digitizer_run1611_subrun269.csv,57,False,,,1.97,-0.4327
2026-04-09T17:39:41Z,Digitizer_run1611_subrun269.csv,58,False,,,2.78,-0.4512
2026-04-09T17:39:41Z,Digitizer_run1611_subrun269.csv,59,False,,,2.4,-0.4767
2026-04-09T17:39:41Z,Digitizer_run1611_subrun269.csv,60,False,,,1.95,-0.388
2026-04-09T17:39:41Z,Digitizer_run1611_subrun269.csv,61,False,,,1.95,-0.3887
2026-04-09T17:39:41Z,Digitizer_run1611_subrun269.csv,62,False,,,1.96,-0.4172
2026-04-09T17:39:41Z,Digitizer_run1611_subrun269.csv,63,False,,,1.97,-0.4109
2026-04-09T17:39:41Z,Digitizer_run1611_subrun269.csv,64,False,,,1.93,-0.4063
2026-04-09T17:39:41Z,Digitizer_run1611_subrun269.csv,65,False,,,1.93,-0.4076
2026-04-09T17:39:41Z,Digitizer_run1611_subrun269.csv,66,False,,,1.93,-0.4237
2026-04-09T17:39:41Z,Digitizer_run1611_subrun269.csv,67,False,,,1.94,-0.4211
2026-04-09T17:39:41Z,Digitizer_run1611_subrun269.csv,68,False,,,2.14,-0.4613
2026-04-09T17:39:41Z,Digitizer_run1611_subrun269.csv,69,False,,,3.0,-0.4446
2026-04-09T17:39:41Z,Digitizer_run1611_subrun269.csv,70,False,,,3.27,-0.4387
2026-04-09T17:39:41Z,Digitizer_run1611_subrun269.csv,71,False,,,2.74,-0.4345
2026-04-09T17:39:41Z,Digitizer_run1611_subrun269.csv,72,False,,,2.24,-0.448
2026-04-09T17:39:41Z,Digitizer_run1611_subrun269.csv,73,False,,,1.98,-0.4228
2026-04-09T17:39:41Z,Digitizer_run1611_subrun269.csv,74,False,,,1.97,-0.4335
2026-04-09T17:39:41Z,Digitizer_run1611_subrun269.csv,75,False,,,1.97,-0.4246
2026-04-09T17:39:41Z,Digitizer_run1611_subrun269.csv,76,False,,,1.97,-0.3959
2026-04-09T17:39:41Z,Digitizer_run1611_subrun269.csv,77,False,,,2.7,-0.4261
2026-04-09T17:39:41Z,Digitizer_run1611_subrun269.csv,78,False,,,2.09,-0.4392
2026-04-09T17:39:41Z,Digitizer_run1611_subrun269.csv,79,False,,,2.33,-0.4425
2026-04-09T17:39:41Z,Digitizer_run1611_subrun269.csv,80,False,,,1.94,-0.4087
2026-04-09T17:39:41Z,Digitizer_run1611_subrun269.csv,81,False,,,1.94,-0.4332
2026-04-09T17:39:41Z,Digitizer_run1611_subrun269.csv,82,False,,,4.59,-0.4889
2026-04-09T17:39:41Z,Digitizer_run1611_subrun269.csv,83,False,,,4.34,-0.4633
2026-04-09T17:39:41Z,Digitizer_run1611_subrun269.csv,84,False,,,1.94,-0.4061
2026-04-09T17:39:41Z,Digitizer_run1611_subrun269.csv,85,False,,,1.95,-0.4118
2026-04-09T17:39:41Z,Digitizer_run1611_subrun269.csv,86,False,,,1.93,-0.4071
2026-04-09T17:39:41Z,Digitizer_run1611_subrun269.csv,87,False,,,3.08,-0.4772
2026-04-09T17:39:41Z,Digitizer_run1611_subrun269.csv,88,False,,,1.9,-0.4452
2026-04-09T17:39:41Z,Digitizer_run1611_subrun269.csv,89,False,,,1.77,-0.4674
2026-04-09T17:39:41Z,Digitizer_run1611_subrun269.csv,90,False,,,1.65,-0.4015
2026-04-09T17:39:41Z,Digitizer_run1611_subrun269.csv,91,False,,,2.17,-0.469
2026-04-09T17:39:41Z,Digitizer_run1611_subrun269.csv,92,False,,,2.51,-0.4635
2026-04-09T17:39:41Z,Digitizer_run1611_subrun269.csv,93,False,,,2.17,-0.4725
2026-04-09T17:39:41Z,Digitizer_run1611_subrun269.csv,94,False,,,2.05,-0.4612
2026-04-09T17:39:41Z,Digitizer_run1611_subrun269.csv,95,False,,,2.03,-0.4438
2026-04-09T17:39:48Z,Digitizer_run1609_subrun435.csv,0,False,,,1.9,-0.3978
2026-04-09T17:39:48Z,Digitizer_run1609_subrun435.csv,1,False,,,2.81,-0.4727
2026-04-09T17:39:48Z,Digitizer_run1609_subrun435.csv,2,False,,,2.98,-0.4442
2026-04-09T17:39:48Z,Digitizer_run1609_subrun435.csv,3,False,,,1.73,-0.4232
2026-04-09T17:39:48Z,Digitizer_run1609_subrun435.csv,4,True,isolation_forest,,3.62,-0.5297
2026-04-09T17:39:48Z,Digitizer_run1609_subrun435.csv,5,False,,,2.77,-0.4821
2026-04-09T17:39:48Z,Digitizer_run1609_subrun435.csv,6,False,,,1.73,-0.4334
2026-04-09T17:39:48Z,Digitizer_run1609_subrun435.csv,7,True,isolation_forest,,3.81,-0.5602
2026-04-09T17:39:48Z,Digitizer_run1609_subrun435.csv,8,False,,,3.1,-0.4846
2026-04-09T17:39:48Z,Digitizer_run1609_subrun435.csv,9,False,,,2.52,-0.4243
2026-04-09T17:39:48Z,Digitizer_run1609_subrun435.csv,10,False,,,1.68,-0.4115
2026-04-09T17:39:48Z,Digitizer_run1609_subrun435.csv,11,False,,,1.87,-0.3998
2026-04-09T17:39:48Z,Digitizer_run1609_subrun435.csv,12,False,,,1.35,-0.4001
2026-04-09T17:39:48Z,Digitizer_run1609_subrun435.csv,13,False,,,1.89,-0.4285
2026-04-09T17:39:48Z,Digitizer_run1609_subrun435.csv,14,True,isolation_forest,,3.2,-0.5018
2026-04-09T17:39:48Z,Digitizer_run1609_subrun435.csv,15,True,isolation_forest,,2.65,-0.4996
2026-04-09T17:39:48Z,Digitizer_run1609_subrun435.csv,16,False,,,2.09,-0.4294
2026-04-09T17:39:48Z,Digitizer_run1609_subrun435.csv,17,False,,,1.76,-0.42
2026-04-09T17:39:48Z,Digitizer_run1609_subrun435.csv,18,False,,,1.28,-0.3937
2026-04-09T17:39:48Z,Digitizer_run1609_subrun435.csv,19,False,,,1.81,-0.4307
2026-04-09T17:39:48Z,Digitizer_run1609_subrun435.csv,20,False,,,2.01,-0.409
2026-04-09T17:39:48Z,Digitizer_run1609_subrun435.csv,21,False,,,1.94,-0.4202
2026-04-09T17:39:48Z,Digitizer_run1609_subrun435.csv,22,False,,,1.78,-0.3879
2026-04-09T17:39:48Z,Digitizer_run1609_subrun435.csv,23,False,,,1.26,-0.3833
2026-04-09T17:39:48Z,Digitizer_run1609_subrun435.csv,24,False,,,2.66,-0.3919
2026-04-09T17:39:48Z,Digitizer_run1609_subrun435.csv,25,False,,,4.09,-0.4662
2026-04-09T17:39:48Z,Digitizer_run1609_subrun435.csv,26,False,,,1.93,-0.4138
2026-04-09T17:39:48Z,Digitizer_run1609_subrun435.csv,27,False,,,1.84,-0.4296
2026-04-09T17:39:48Z,Digitizer_run1609_subrun435.csv,28,True,isolation_forest,,3.54,-0.5268
2026-04-09T17:39:48Z,Digitizer_run1609_subrun435.csv,29,False,,,3.36,-0.4806
2026-04-09T17:39:48Z,Digitizer_run1609_subrun435.csv,30,False,,,2.06,-0.4644
2026-04-09T17:39:48Z,Digitizer_run1609_subrun435.csv,31,False,,,2.86,-0.4671
2026-04-09T17:39:48Z,Digitizer_run1609_subrun435.csv,32,False,,,3.76,-0.4579
2026-04-09T17:39:48Z,Digitizer_run1609_subrun435.csv,33,False,,,3.03,-0.4787
2026-04-09T17:39:48Z,Digitizer_run1609_subrun435.csv,34,False,,,3.14,-0.4708
2026-04-09T17:39:48Z,Digitizer_run1609_subrun435.csv,35,False,,,2.06,-0.4496
2026-04-09T17:39:48Z,Digitizer_run1609_subrun435.csv,36,False,,,1.4,-0.3987
2026-04-09T17:39:48Z,Digitizer_run1609_subrun435.csv,37,False,,,1.47,-0.3944
2026-04-09T17:39:48Z,Digitizer_run1609_subrun435.csv,38,False,,,1.88,-0.4152
2026-04-09T17:39:48Z,Digitizer_run1609_subrun435.csv,39,False,,,2.22,-0.4345
2026-04-09T17:39:48Z,Digitizer_run1609_subrun435.csv,40,False,,,2.31,-0.4279
2026-04-09T17:39:48Z,Digitizer_run1609_subrun435.csv,41,False,,,2.64,-0.4157
2026-04-09T17:39:48Z,Digitizer_run1609_subrun435.csv,42,False,,,2.0,-0.4143
2026-04-09T17:39:48Z,Digitizer_run1609_subrun435.csv,43,False,,,1.37,-0.4048
2026-04-09T17:39:48Z,Digitizer_run1609_subrun435.csv,44,False,,,2.28,-0.4233
2026-04-09T17:39:48Z,Digitizer_run1609_subrun435.csv,45,False,,,1.22,-0.3877
2026-04-09T17:39:48Z,Digitizer_run1609_subrun435.csv,46,False,,,2.09,-0.4057
2026-04-09T17:39:48Z,Digitizer_run1609_subrun435.csv,47,False,,,1.8,-0.4082
2026-04-09T17:39:48Z,Digitizer_run1609_subrun435.csv,48,False,,,2.45,-0.4312
2026-04-09T17:39:48Z,Digitizer_run1609_subrun435.csv,49,False,,,1.88,-0.4085
2026-04-09T17:39:48Z,Digitizer_run1609_subrun435.csv,50,False,,,1.97,-0.4344
2026-04-09T17:39:48Z,Digitizer_run1609_subrun435.csv,51,False,,,2.0,-0.4228
2026-04-09T17:39:48Z,Digitizer_run1609_subrun435.csv,52,True,isolation_forest,,4.63,-0.517
2026-04-09T17:39:48Z,Digitizer_run1609_subrun435.csv,53,True,isolation_forest,,3.52,-0.506
2026-04-09T17:39:48Z,Digitizer_run1609_subrun435.csv,54,False,,,1.88,-0.4132
2026-04-09T17:39:48Z,Digitizer_run1609_subrun435.csv,55,False,,,2.64,-0.4529
2026-04-09T17:39:48Z,Digitizer_run1609_subrun435.csv,56,False,,,1.21,-0.3931
2026-04-09T17:39:48Z,Digitizer_run1609_subrun435.csv,57,False,,,1.21,-0.3944
2026-04-09T17:39:48Z,Digitizer_run1609_subrun435.csv,58,False,,,2.84,-0.4553
2026-04-09T17:39:48Z,Digitizer_run1609_subrun435.csv,59,False,,,2.57,-0.4625
2026-04-09T17:39:48Z,Digitizer_run1609_subrun435.csv,60,False,,,1.62,-0.4261
2026-04-09T17:39:48Z,Digitizer_run1609_subrun435.csv,61,False,,,2.33,-0.4646
2026-04-09T17:39:48Z,Digitizer_run1609_subrun435.csv,62,False,,,2.53,-0.4472
2026-04-09T17:39:48Z,Digitizer_run1609_subrun435.csv,63,False,,,2.18,-0.4492
2026-04-09T17:39:48Z,Digitizer_run1609_subrun435.csv,64,False,,,1.69,-0.3995
2026-04-09T17:39:48Z,Digitizer_run1609_subrun435.csv,65,False,,,1.65,-0.3936
2026-04-09T17:39:48Z,Digitizer_run1609_subrun435.csv,66,False,,,2.1,-0.4044
2026-04-09T17:39:48Z,Digitizer_run1609_subrun435.csv,67,False,,,1.74,-0.4089
2026-04-09T17:39:48Z,Digitizer_run1609_subrun435.csv,68,False,,,2.66,-0.449
2026-04-09T17:39:48Z,Digitizer_run1609_subrun435.csv,69,True,statistical+IF,nPulses_std,5.3,-0.5094
2026-04-09T17:39:48Z,Digitizer_run1609_subrun435.csv,70,False,,,1.79,-0.4216
2026-04-09T17:39:48Z,Digitizer_run1609_subrun435.csv,71,False,,,1.42,-0.389
2026-04-09T17:39:48Z,Digitizer_run1609_subrun435.csv,72,False,,,1.82,-0.4381
2026-04-09T17:39:48Z,Digitizer_run1609_subrun435.csv,73,True,isolation_forest,,2.91,-0.5293
2026-04-09T17:39:48Z,Digitizer_run1609_subrun435.csv,74,False,,,1.38,-0.4045
2026-04-09T17:39:48Z,Digitizer_run1609_subrun435.csv,75,False,,,2.62,-0.4183
2026-04-09T17:39:48Z,Digitizer_run1609_subrun435.csv,76,False,,,2.58,-0.4903
2026-04-09T17:39:48Z,Digitizer_run1609_subrun435.csv,77,False,,,1.71,-0.415
2026-04-09T17:39:48Z,Digitizer_run1609_subrun435.csv,78,False,,,2.54,-0.4253
2026-04-09T17:39:48Z,Digitizer_run1609_subrun435.csv,79,False,,,1.61,-0.3903
2026-04-09T17:39:48Z,Digitizer_run1609_subrun435.csv,80,False,,,2.51,-0.4593
2026-04-09T17:39:48Z,Digitizer_run1609_subrun435.csv,81,False,,,2.31,-0.4379
2026-04-09T17:39:48Z,Digitizer_run1609_subrun435.csv,82,False,,,1.62,-0.4171
2026-04-09T17:39:48Z,Digitizer_run1609_subrun435.csv,83,True,isolation_forest,,3.76,-0.4924
2026-04-09T17:39:48Z,Digitizer_run1609_subrun435.csv,84,False,,,1.46,-0.3939
2026-04-09T17:39:48Z,Digitizer_run1609_subrun435.csv,85,False,,,1.26,-0.3806
2026-04-09T17:39:48Z,Digitizer_run1609_subrun435.csv,86,False,,,2.21,-0.4635
2026-04-09T17:39:48Z,Digitizer_run1609_subrun435.csv,87,True,isolation_forest,,4.37,-0.5227
2026-04-09T17:39:48Z,Digitizer_run1609_subrun435.csv,88,False,,,1.86,-0.4385
2026-04-09T17:39:48Z,Digitizer_run1609_subrun435.csv,89,False,,,2.95,-0.4772
2026-04-09T17:39:48Z,Digitizer_run1609_subrun435.csv,90,True,statistical+IF,nPulses_median,500000.0,-0.5512
2026-04-09T17:39:48Z,Digitizer_run1609_subrun435.csv,91,False,,,2.54,-0.4527
2026-04-09T17:39:48Z,Digitizer_run1609_subrun435.csv,92,False,,,2.64,-0.4916
2026-04-09T17:39:48Z,Digitizer_run1609_subrun435.csv,93,True,isolation_forest,,1.79,-0.4938
2026-04-09T17:39:48Z,Digitizer_run1609_subrun435.csv,94,False,,,3.95,-0.4459
2026-04-09T17:39:48Z,Digitizer_run1609_subrun435.csv,95,False,,,1.94,-0.438
2026-04-09T17:39:55Z,Digitizer_run1608_subrun203.csv,0,False,,,1.95,-0.4001
2026-04-09T17:39:55Z,Digitizer_run1608_subrun203.csv,1,False,,,2.2,-0.4298
2026-04-09T17:39:55Z,Digitizer_run1608_subrun203.csv,2,False,,,3.39,-0.4163
2026-04-09T17:39:55Z,Digitizer_run1608_subrun203.csv,3,False,,,2.49,-0.4201
2026-04-09T17:39:55Z,Digitizer_run1608_subrun203.csv,4,False,,,2.09,-0.4278
2026-04-09T17:39:55Z,Digitizer_run1608_subrun203.csv,5,False,,,1.97,-0.3967
2026-04-09T17:39:55Z,Digitizer_run1608_subrun203.csv,6,False,,,2.86,-0.4898
2026-04-09T17:39:55Z,Digitizer_run1608_subrun203.csv,7,False,,,2.45,-0.4625
2026-04-09T17:39:55Z,Digitizer_run1608_subrun203.csv,8,True,isolation_forest,,2.81,-0.5095
2026-04-09T17:39:55Z,Digitizer_run1608_subrun203.csv,9,False,,,2.27,-0.4711
2026-04-09T17:39:55Z,Digitizer_run1608_subrun203.csv,10,False,,,2.66,-0.4436
2026-04-09T17:39:55Z,Digitizer_run1608_subrun203.csv,11,False,,,2.35,-0.456
2026-04-09T17:39:55Z,Digitizer_run1608_subrun203.csv,12,False,,,1.98,-0.4165
2026-04-09T17:39:55Z,Digitizer_run1608_subrun203.csv,13,False,,,1.97,-0.4157
2026-04-09T17:39:55Z,Digitizer_run1608_subrun203.csv,14,False,,,2.71,-0.4414
2026-04-09T17:39:55Z,Digitizer_run1608_subrun203.csv,15,True,isolation_forest,,3.72,-0.5428
2026-04-09T17:39:55Z,Digitizer_run1608_subrun203.csv,16,False,,,2.03,-0.4644
2026-04-09T17:39:55Z,Digitizer_run1608_subrun203.csv,17,False,,,2.23,-0.4648
2026-04-09T17:39:55Z,Digitizer_run1608_subrun203.csv,18,False,,,2.38,-0.4326
2026-04-09T17:39:55Z,Digitizer_run1608_subrun203.csv,19,False,,,1.97,-0.4558
2026-04-09T17:39:55Z,Digitizer_run1608_subrun203.csv,20,False,,,2.0,-0.4473
2026-04-09T17:39:55Z,Digitizer_run1608_subrun203.csv,21,False,,,2.26,-0.4877
2026-04-09T17:39:55Z,Digitizer_run1608_subrun203.csv,22,False,,,1.97,-0.4214
2026-04-09T17:39:55Z,Digitizer_run1608_subrun203.csv,23,False,,,2.02,-0.4529
2026-04-09T17:39:55Z,Digitizer_run1608_subrun203.csv,24,False,,,1.96,-0.4
2026-04-09T17:39:55Z,Digitizer_run1608_subrun203.csv,25,False,,,1.97,-0.417
2026-04-09T17:39:55Z,Digitizer_run1608_subrun203.csv,26,False,,,1.98,-0.4256
2026-04-09T17:39:55Z,Digitizer_run1608_subrun203.csv,27,False,,,2.5,-0.4813
2026-04-09T17:39:55Z,Digitizer_run1608_subrun203.csv,28,False,,,1.97,-0.4374
2026-04-09T17:39:55Z,Digitizer_run1608_subrun203.csv,29,False,,,2.47,-0.4704
2026-04-09T17:39:55Z,Digitizer_run1608_subrun203.csv,30,False,,,3.7,-0.4828
2026-04-09T17:39:55Z,Digitizer_run1608_subrun203.csv,31,False,,,2.65,-0.4216
2026-04-09T17:39:55Z,Digitizer_run1608_subrun203.csv,32,False,,,1.95,-0.4435
2026-04-09T17:39:55Z,Digitizer_run1608_subrun203.csv,33,False,,,1.95,-0.4179
2026-04-09T17:39:55Z,Digitizer_run1608_subrun203.csv,34,False,,,2.19,-0.4343
2026-04-09T17:39:55Z,Digitizer_run1608_subrun203.csv,35,False,,,3.38,-0.4379
2026-04-09T17:39:55Z,Digitizer_run1608_subrun203.csv,36,False,,,1.95,-0.4386
2026-04-09T17:39:55Z,Digitizer_run1608_subrun203.csv,37,False,,,2.33,-0.4174
2026-04-09T17:39:55Z,Digitizer_run1608_subrun203.csv,38,False,,,1.97,-0.4121
2026-04-09T17:39:55Z,Digitizer_run1608_subrun203.csv,39,False,,,1.97,-0.4411
2026-04-09T17:39:55Z,Digitizer_run1608_subrun203.csv,40,False,,,1.98,-0.4097
2026-04-09T17:39:55Z,Digitizer_run1608_subrun203.csv,41,False,,,2.05,-0.4076
2026-04-09T17:39:55Z,Digitizer_run1608_subrun203.csv,42,False,,,1.99,-0.4241
2026-04-09T17:39:55Z,Digitizer_run1608_subrun203.csv,43,False,,,2.75,-0.4552
2026-04-09T17:39:55Z,Digitizer_run1608_subrun203.csv,44,False,,,3.79,-0.4854
2026-04-09T17:39:55Z,Digitizer_run1608_subrun203.csv,45,True,isolation_forest,,3.95,-0.521
2026-04-09T17:39:55Z,Digitizer_run1608_subrun203.csv,46,False,,,1.98,-0.4202
2026-04-09T17:39:55Z,Digitizer_run1608_subrun203.csv,47,False,,,1.97,-0.4157
2026-04-09T17:39:55Z,Digitizer_run1608_subrun203.csv,48,False,,,2.39,-0.46
2026-04-09T17:39:55Z,Digitizer_run1608_subrun203.csv,49,False,,,1.99,-0.4051
2026-04-09T17:39:55Z,Digitizer_run1608_subrun203.csv,50,False,,,3.37,-0.4294
2026-04-09T17:39:55Z,Digitizer_run1608_subrun203.csv,51,False,,,3.13,-0.4037
2026-04-09T17:39:55Z,Digitizer_run1608_subrun203.csv,52,False,,,2.14,-0.4425
2026-04-09T17:39:55Z,Digitizer_run1608_subrun203.csv,53,False,,,2.24,-0.4481
2026-04-09T17:39:55Z,Digitizer_run1608_subrun203.csv,54,False,,,2.54,-0.4791
2026-04-09T17:39:55Z,Digitizer_run1608_subrun203.csv,55,False,,,2.43,-0.451
2026-04-09T17:39:55Z,Digitizer_run1608_subrun203.csv,56,False,,,1.99,-0.3985
2026-04-09T17:39:55Z,Digitizer_run1608_subrun203.csv,57,False,,,2.0,-0.4023
2026-04-09T17:39:55Z,Digitizer_run1608_subrun203.csv,58,False,,,1.98,-0.4413
2026-04-09T17:39:55Z,Digitizer_run1608_subrun203.csv,59,False,,,2.18,-0.447
2026-04-09T17:39:55Z,Digitizer_run1608_subrun203.csv,60,False,,,1.98,-0.3921
2026-04-09T17:39:55Z,Digitizer_run1608_subrun203.csv,61,False,,,1.97,-0.4019
2026-04-09T17:39:55Z,Digitizer_run1608_subrun203.csv,62,False,,,2.77,-0.4654
2026-04-09T17:39:55Z,Digitizer_run1608_subrun203.csv,63,False,,,2.97,-0.4662
2026-04-09T17:39:55Z,Digitizer_run1608_subrun203.csv,64,False,,,1.95,-0.39
2026-04-09T17:39:55Z,Digitizer_run1608_subrun203.csv,65,False,,,3.19,-0.43
2026-04-09T17:39:55Z,Digitizer_run1608_subrun203.csv,66,False,,,2.72,-0.4555
2026-04-09T17:39:55Z,Digitizer_run1608_subrun203.csv,67,False,,,4.19,-0.4587
2026-04-09T17:39:55Z,Digitizer_run1608_subrun203.csv,68,False,,,1.95,-0.4024
2026-04-09T17:39:55Z,Digitizer_run1608_subrun203.csv,69,False,,,2.45,-0.482
2026-04-09T17:39:55Z,Digitizer_run1608_subrun203.csv,70,False,,,1.97,-0.3984
2026-04-09T17:39:55Z,Digitizer_run1608_subrun203.csv,71,False,,,2.37,-0.4331
2026-04-09T17:39:55Z,Digitizer_run1608_subrun203.csv,72,True,isolation_forest,,3.43,-0.5
2026-04-09T17:39:55Z,Digitizer_run1608_subrun203.csv,73,False,,,2.41,-0.4268
2026-04-09T17:39:55Z,Digitizer_run1608_subrun203.csv,74,False,,,1.99,-0.4194
2026-04-09T17:39:55Z,Digitizer_run1608_subrun203.csv,75,False,,,2.37,-0.4321
2026-04-09T17:39:55Z,Digitizer_run1608_subrun203.csv,76,False,,,1.99,-0.4319
2026-04-09T17:39:55Z,Digitizer_run1608_subrun203.csv,77,False,,,3.69,-0.4731
2026-04-09T17:39:55Z,Digitizer_run1608_subrun203.csv,78,False,,,2.75,-0.4748
2026-04-09T17:39:55Z,Digitizer_run1608_subrun203.csv,79,True,statistical+IF,pulseHeight_min_median;pulseArea_min_median,5.7,-0.5337
2026-04-09T17:39:55Z,Digitizer_run1608_subrun203.csv,80,False,,,2.95,-0.4504
2026-04-09T17:39:55Z,Digitizer_run1608_subrun203.csv,81,False,,,2.11,-0.4275
2026-04-09T17:39:55Z,Digitizer_run1608_subrun203.csv,82,False,,,1.97,-0.4112
2026-04-09T17:39:55Z,Digitizer_run1608_subrun203.csv,83,False,,,4.18,-0.4717
2026-04-09T17:39:55Z,Digitizer_run1608_subrun203.csv,84,False,,,1.97,-0.4251
2026-04-09T17:39:55Z,Digitizer_run1608_subrun203.csv,85,False,,,1.97,-0.4338
2026-04-09T17:39:55Z,Digitizer_run1608_subrun203.csv,86,False,,,2.11,-0.4093
2026-04-09T17:39:55Z,Digitizer_run1608_subrun203.csv,87,False,,,1.96,-0.4435
2026-04-09T17:39:55Z,Digitizer_run1608_subrun203.csv,88,False,,,1.64,-0.435
2026-04-09T17:39:55Z,Digitizer_run1608_subrun203.csv,89,False,,,1.43,-0.418
2026-04-09T17:39:55Z,Digitizer_run1608_subrun203.csv,90,False,,,2.58,-0.4433
2026-04-09T17:39:55Z,Digitizer_run1608_subrun203.csv,91,False,,,2.11,-0.4732
2026-04-09T17:39:55Z,Digitizer_run1608_subrun203.csv,92,False,,,1.59,-0.4256
2026-04-09T17:39:55Z,Digitizer_run1608_subrun203.csv,93,False,,,2.71,-0.4519
2026-04-09T17:39:55Z,Digitizer_run1608_subrun203.csv,94,True,isolation_forest,,2.22,-0.5115
2026-04-09T17:39:55Z,Digitizer_run1608_subrun203.csv,95,False,,,2.13,-0.4624
2026-04-09T17:40:05Z,Digitizer_run1607_subrun174.csv,0,False,,,1.0,-0.3722
2026-04-09T17:40:05Z,Digitizer_run1607_subrun174.csv,1,False,,,2.57,-0.4497
2026-04-09T17:40:05Z,Digitizer_run1607_subrun174.csv,2,True,isolation_forest,,2.97,-0.5087
2026-04-09T17:40:05Z,Digitizer_run1607_subrun174.csv,3,False,,,1.56,-0.4101
2026-04-09T17:40:05Z,Digitizer_run1607_subrun174.csv,4,False,,,2.23,-0.4286
2026-04-09T17:40:05Z,Digitizer_run1607_subrun174.csv,5,False,,,1.88,-0.4203
2026-04-09T17:40:05Z,Digitizer_run1607_subrun174.csv,6,False,,,1.97,-0.444
2026-04-09T17:40:05Z,Digitizer_run1607_subrun174.csv,7,False,,,3.13,-0.4627
2026-04-09T17:40:05Z,Digitizer_run1607_subrun174.csv,8,True,isolation_forest,,3.48,-0.5115
2026-04-09T17:40:05Z,Digitizer_run1607_subrun174.csv,9,False,,,2.17,-0.3871
2026-04-09T17:40:05Z,Digitizer_run1607_subrun174.csv,10,False,,,3.42,-0.4724
2026-04-09T17:40:05Z,Digitizer_run1607_subrun174.csv,11,False,,,3.43,-0.4309
2026-04-09T17:40:05Z,Digitizer_run1607_subrun174.csv,12,True,isolation_forest,,4.53,-0.5235
2026-04-09T17:40:05Z,Digitizer_run1607_subrun174.csv,13,False,,,2.91,-0.4874
2026-04-09T17:40:05Z,Digitizer_run1607_subrun174.csv,14,False,,,2.69,-0.4642
2026-04-09T17:40:05Z,Digitizer_run1607_subrun174.csv,15,True,isolation_forest,,2.76,-0.5124
2026-04-09T17:40:05Z,Digitizer_run1607_subrun174.csv,16,False,,,1.99,-0.3937
2026-04-09T17:40:05Z,Digitizer_run1607_subrun174.csv,17,False,,,2.44,-0.4113
2026-04-09T17:40:05Z,Digitizer_run1607_subrun174.csv,18,False,,,1.49,-0.3979
2026-04-09T17:40:05Z,Digitizer_run1607_subrun174.csv,19,False,,,1.2,-0.3731
2026-04-09T17:40:05Z,Digitizer_run1607_subrun174.csv,20,True,isolation_forest,,3.59,-0.5103
2026-04-09T17:40:05Z,Digitizer_run1607_subrun174.csv,21,True,isolation_forest,,3.2,-0.495
2026-04-09T17:40:05Z,Digitizer_run1607_subrun174.csv,22,False,,,2.24,-0.3892
2026-04-09T17:40:05Z,Digitizer_run1607_subrun174.csv,23,False,,,1.45,-0.3769
2026-04-09T17:40:05Z,Digitizer_run1607_subrun174.csv,24,False,,,2.55,-0.4387
2026-04-09T17:40:05Z,Digitizer_run1607_subrun174.csv,25,False,,,2.17,-0.4159
2026-04-09T17:40:05Z,Digitizer_run1607_subrun174.csv,26,True,isolation_forest,,4.52,-0.5452
2026-04-09T17:40:05Z,Digitizer_run1607_subrun174.csv,27,False,,,2.26,-0.4635
2026-04-09T17:40:05Z,Digitizer_run1607_subrun174.csv,28,False,,,2.73,-0.4551
2026-04-09T17:40:05Z,Digitizer_run1607_subrun174.csv,29,False,,,2.14,-0.3808
2026-04-09T17:40:05Z,Digitizer_run1607_subrun174.csv,30,False,,,2.43,-0.4492
2026-04-09T17:40:05Z,Digitizer_run1607_subrun174.csv,31,False,,,2.98,-0.4347
2026-04-09T17:40:05Z,Digitizer_run1607_subrun174.csv,32,False,,,2.29,-0.4408
2026-04-09T17:40:05Z,Digitizer_run1607_subrun174.csv,33,False,,,2.02,-0.4406
2026-04-09T17:40:05Z,Digitizer_run1607_subrun174.csv,34,False,,,3.09,-0.4812
2026-04-09T17:40:05Z,Digitizer_run1607_subrun174.csv,35,False,,,3.32,-0.4737
2026-04-09T17:40:05Z,Digitizer_run1607_subrun174.csv,36,True,isolation_forest,,4.63,-0.5192
2026-04-09T17:40:05Z,Digitizer_run1607_subrun174.csv,37,False,,,2.6,-0.4647
2026-04-09T17:40:05Z,Digitizer_run1607_subrun174.csv,38,False,,,3.13,-0.4873
2026-04-09T17:40:05Z,Digitizer_run1607_subrun174.csv,39,True,statistical+IF,pulseDuriation_max_std;pulseDuriation_min_mean;pulseDuriation_min_std,8.0,-0.5241
2026-04-09T17:40:05Z,Digitizer_run1607_subrun174.csv,40,False,,,2.42,-0.4333
2026-04-09T17:40:05Z,Digitizer_run1607_subrun174.csv,41,False,,,1.18,-0.3796
2026-04-09T17:40:05Z,Digitizer_run1607_subrun174.csv,42,False,,,1.15,-0.3769
2026-04-09T17:40:05Z,Digitizer_run1607_subrun174.csv,43,False,,,1.87,-0.3937
2026-04-09T17:40:05Z,Digitizer_run1607_subrun174.csv,44,False,,,1.27,-0.382
2026-04-09T17:40:05Z,Digitizer_run1607_subrun174.csv,45,False,,,2.06,-0.4186
2026-04-09T17:40:05Z,Digitizer_run1607_subrun174.csv,46,False,,,2.14,-0.414
2026-04-09T17:40:05Z,Digitizer_run1607_subrun174.csv,47,False,,,2.29,-0.409
2026-04-09T17:40:05Z,Digitizer_run1607_subrun174.csv,48,False,,,2.19,-0.4488
2026-04-09T17:40:05Z,Digitizer_run1607_subrun174.csv,49,False,,,2.52,-0.413
2026-04-09T17:40:05Z,Digitizer_run1607_subrun174.csv,50,False,,,2.29,-0.4241
2026-04-09T17:40:05Z,Digitizer_run1607_subrun174.csv,51,False,,,1.78,-0.4252
2026-04-09T17:40:05Z,Digitizer_run1607_subrun174.csv,52,False,,,3.2,-0.4689
2026-04-09T17:40:05Z,Digitizer_run1607_subrun174.csv,53,False,,,2.48,-0.4519
2026-04-09T17:40:05Z,Digitizer_run1607_subrun174.csv,54,False,,,2.02,-0.3965
2026-04-09T17:40:05Z,Digitizer_run1607_subrun174.csv,55,False,,,3.19,-0.4771
2026-04-09T17:40:05Z,Digitizer_run1607_subrun174.csv,56,False,,,2.58,-0.4295
2026-04-09T17:40:05Z,Digitizer_run1607_subrun174.csv,57,False,,,2.21,-0.4482
2026-04-09T17:40:05Z,Digitizer_run1607_subrun174.csv,58,False,,,1.91,-0.4435
2026-04-09T17:40:05Z,Digitizer_run1607_subrun174.csv,59,False,,,2.16,-0.4172
2026-04-09T17:40:05Z,Digitizer_run1607_subrun174.csv,60,True,isolation_forest,,2.69,-0.4942
2026-04-09T17:40:05Z,Digitizer_run1607_subrun174.csv,61,True,isolation_forest,,3.81,-0.526
2026-04-09T17:40:05Z,Digitizer_run1607_subrun174.csv,62,True,statistical+IF,pulseDuriation_min_median,6.11,-0.4965
2026-04-09T17:40:05Z,Digitizer_run1607_subrun174.csv,63,True,isolation_forest,,2.9,-0.5116
2026-04-09T17:40:05Z,Digitizer_run1607_subrun174.csv,64,False,,,1.46,-0.4073
2026-04-09T17:40:05Z,Digitizer_run1607_subrun174.csv,65,False,,,2.39,-0.4393
2026-04-09T17:40:05Z,Digitizer_run1607_subrun174.csv,66,False,,,4.0,-0.4352
2026-04-09T17:40:05Z,Digitizer_run1607_subrun174.csv,67,True,isolation_forest,,4.56,-0.5438
2026-04-09T17:40:05Z,Digitizer_run1607_subrun174.csv,68,False,,,2.35,-0.4483
2026-04-09T17:40:05Z,Digitizer_run1607_subrun174.csv,69,True,isolation_forest,,4.18,-0.5145
2026-04-09T17:40:05Z,Digitizer_run1607_subrun174.csv,70,True,isolation_forest,,3.73,-0.5108
2026-04-09T17:40:05Z,Digitizer_run1607_subrun174.csv,71,False,,,3.78,-0.4724
2026-04-09T17:40:05Z,Digitizer_run1607_subrun174.csv,72,False,,,2.42,-0.4438
2026-04-09T17:40:05Z,Digitizer_run1607_subrun174.csv,73,False,,,2.05,-0.4219
2026-04-09T17:40:05Z,Digitizer_run1607_subrun174.csv,74,False,,,1.97,-0.4174
2026-04-09T17:40:05Z,Digitizer_run1607_subrun174.csv,75,False,,,1.53,-0.4114
2026-04-09T17:40:05Z,Digitizer_run1607_subrun174.csv,76,True,statistical+IF,pulseDuriation_max_std;pulseDuriation_min_std,6.77,-0.5019
2026-04-09T17:40:05Z,Digitizer_run1607_subrun174.csv,77,False,,,2.67,-0.4687
2026-04-09T17:40:05Z,Digitizer_run1607_subrun174.csv,78,True,statistical,sideband_rms_mean,5.15,-0.4687
2026-04-09T17:40:05Z,Digitizer_run1607_subrun174.csv,79,True,statistical,sideband_rms_mean;nPulses_std,5.28,-0.4866
2026-04-09T17:40:05Z,Digitizer_run1607_subrun174.csv,80,False,,,2.03,-0.399
2026-04-09T17:40:05Z,Digitizer_run1607_subrun174.csv,81,False,,,2.02,-0.4037
2026-04-09T17:40:05Z,Digitizer_run1607_subrun174.csv,82,False,,,1.93,-0.43
2026-04-09T17:40:05Z,Digitizer_run1607_subrun174.csv,83,True,isolation_forest,,3.54,-0.5068
2026-04-09T17:40:05Z,Digitizer_run1607_subrun174.csv,84,False,,,3.41,-0.4906
2026-04-09T17:40:05Z,Digitizer_run1607_subrun174.csv,85,True,statistical+IF,pulseDuriation_max_mean;pulseDuriation_max_std;pulseDuriation_min_mean;pulseDuriation_min_std,6.23,-0.6165
2026-04-09T17:40:05Z,Digitizer_run1607_subrun174.csv,86,False,,,2.34,-0.4488
2026-04-09T17:40:05Z,Digitizer_run1607_subrun174.csv,87,False,,,1.53,-0.4192
2026-04-09T17:40:05Z,Digitizer_run1607_subrun174.csv,88,False,,,2.23,-0.4494
2026-04-09T17:40:05Z,Digitizer_run1607_subrun174.csv,89,False,,,1.65,-0.4611
2026-04-09T17:40:05Z,Digitizer_run1607_subrun174.csv,90,True,isolation_forest,,4.24,-0.5403
2026-04-09T17:40:05Z,Digitizer_run1607_subrun174.csv,91,False,,,2.21,-0.4754
2026-04-09T17:40:05Z,Digitizer_run1607_subrun174.csv,92,False,,,3.22,-0.491
2026-04-09T17:40:05Z,Digitizer_run1607_subrun174.csv,93,False,,,3.04,-0.4896
2026-04-09T17:40:05Z,Digitizer_run1607_subrun174.csv,94,True,isolation_forest,,3.08,-0.5157
2026-04-09T17:40:05Z,Digitizer_run1607_subrun174.csv,95,False,,,2.51,-0.4839
2026-04-09T17:40:14Z,Digitizer_run1608_subrun15.csv,0,False,,,1.59,-0.3995
2026-04-09T17:40:14Z,Digitizer_run1608_subrun15.csv,1,False,,,4.26,-0.4798
2026-04-09T17:40:14Z,Digitizer_run1608_subrun15.csv,2,False,,,1.42,-0.3958
2026-04-09T17:40:14Z,Digitizer_run1608_subrun15.csv,3,True,statistical,nPulses_median,7.0,-0.4646
2026-04-09T17:40:14Z,Digitizer_run1608_subrun15.csv,4,False,,,1.27,-0.3748
2026-04-09T17:40:14Z,Digitizer_run1608_subrun15.csv,5,False,,,2.07,-0.4178
2026-04-09T17:40:14Z,Digitizer_run1608_subrun15.csv,6,False,,,1.78,-0.4019
2026-04-09T17:40:14Z,Digitizer_run1608_subrun15.csv,7,False,,,2.34,-0.4093
2026-04-09T17:40:14Z,Digitizer_run1608_subrun15.csv,8,False,,,1.44,-0.4108
2026-04-09T17:40:14Z,Digitizer_run1608_subrun15.csv,9,False,,,2.33,-0.4154
2026-04-09T17:40:14Z,Digitizer_run1608_subrun15.csv,10,False,,,0.89,-0.3764
2026-04-09T17:40:14Z,Digitizer_run1608_subrun15.csv,11,False,,,3.13,-0.4339
2026-04-09T17:40:14Z,Digitizer_run1608_subrun15.csv,12,False,,,1.9,-0.4357
2026-04-09T17:40:14Z,Digitizer_run1608_subrun15.csv,13,False,,,2.0,-0.4355
2026-04-09T17:40:14Z,Digitizer_run1608_subrun15.csv,14,False,,,1.9,-0.3933
2026-04-09T17:40:14Z,Digitizer_run1608_subrun15.csv,15,False,,,1.64,-0.3801
2026-04-09T17:40:14Z,Digitizer_run1608_subrun15.csv,16,True,isolation_forest,,3.42,-0.4976
2026-04-09T17:40:14Z,Digitizer_run1608_subrun15.csv,17,False,,,2.01,-0.4275
2026-04-09T17:40:14Z,Digitizer_run1608_subrun15.csv,18,False,,,1.87,-0.4285
2026-04-09T17:40:14Z,Digitizer_run1608_subrun15.csv,19,False,,,2.8,-0.4681
2026-04-09T17:40:14Z,Digitizer_run1608_subrun15.csv,20,False,,,2.07,-0.4198
2026-04-09T17:40:14Z,Digitizer_run1608_subrun15.csv,21,False,,,1.32,-0.3893
2026-04-09T17:40:14Z,Digitizer_run1608_subrun15.csv,22,False,,,2.83,-0.4493
2026-04-09T17:40:14Z,Digitizer_run1608_subrun15.csv,23,False,,,1.85,-0.4095
2026-04-09T17:40:14Z,Digitizer_run1608_subrun15.csv,24,False,,,1.41,-0.3765
2026-04-09T17:40:14Z,Digitizer_run1608_subrun15.csv,25,False,,,2.37,-0.385
2026-04-09T17:40:14Z,Digitizer_run1608_subrun15.csv,26,False,,,1.53,-0.3918
2026-04-09T17:40:14Z,Digitizer_run1608_subrun15.csv,27,False,,,1.76,-0.396
2026-04-09T17:40:14Z,Digitizer_run1608_subrun15.csv,28,False,,,1.54,-0.404
2026-04-09T17:40:14Z,Digitizer_run1608_subrun15.csv,29,False,,,1.46,-0.4128
2026-04-09T17:40:14Z,Digitizer_run1608_subrun15.csv,30,False,,,2.89,-0.4588
2026-04-09T17:40:14Z,Digitizer_run1608_subrun15.csv,31,False,,,1.56,-0.3806
2026-04-09T17:40:14Z,Digitizer_run1608_subrun15.csv,32,False,,,1.44,-0.3964
2026-04-09T17:40:14Z,Digitizer_run1608_subrun15.csv,33,False,,,1.76,-0.411
2026-04-09T17:40:14Z,Digitizer_run1608_subrun15.csv,34,True,isolation_forest,,3.57,-0.5132
2026-04-09T17:40:14Z,Digitizer_run1608_subrun15.csv,35,False,,,2.71,-0.4735
2026-04-09T17:40:14Z,Digitizer_run1608_subrun15.csv,36,False,,,1.68,-0.3983
2026-04-09T17:40:14Z,Digitizer_run1608_subrun15.csv,37,False,,,1.13,-0.3913
2026-04-09T17:40:14Z,Digitizer_run1608_subrun15.csv,38,False,,,2.38,-0.4423
2026-04-09T17:40:14Z,Digitizer_run1608_subrun15.csv,39,False,,,2.53,-0.4135
2026-04-09T17:40:14Z,Digitizer_run1608_subrun15.csv,40,False,,,1.59,-0.3842
2026-04-09T17:40:14Z,Digitizer_run1608_subrun15.csv,41,False,,,1.28,-0.3867
2026-04-09T17:40:14Z,Digitizer_run1608_subrun15.csv,42,False,,,1.29,-0.3806
2026-04-09T17:40:14Z,Digitizer_run1608_subrun15.csv,43,False,,,1.51,-0.3905
2026-04-09T17:40:14Z,Digitizer_run1608_subrun15.csv,44,False,,,2.14,-0.4026
2026-04-09T17:40:14Z,Digitizer_run1608_subrun15.csv,45,False,,,2.63,-0.4474
2026-04-09T17:40:14Z,Digitizer_run1608_subrun15.csv,46,False,,,1.73,-0.4054
2026-04-09T17:40:14Z,Digitizer_run1608_subrun15.csv,47,False,,,2.36,-0.4567
2026-04-09T17:40:14Z,Digitizer_run1608_subrun15.csv,48,False,,,3.3,-0.4596
2026-04-09T17:40:14Z,Digitizer_run1608_subrun15.csv,49,True,isolation_forest,,2.71,-0.5013
2026-04-09T17:40:14Z,Digitizer_run1608_subrun15.csv,50,False,,,1.97,-0.4218
2026-04-09T17:40:14Z,Digitizer_run1608_subrun15.csv,51,False,,,2.16,-0.4211
2026-04-09T17:40:14Z,Digitizer_run1608_subrun15.csv,52,False,,,1.25,-0.3783
2026-04-09T17:40:14Z,Digitizer_run1608_subrun15.csv,53,False,,,2.68,-0.3893
2026-04-09T17:40:14Z,Digitizer_run1608_subrun15.csv,54,False,,,1.17,-0.3855
2026-04-09T17:40:14Z,Digitizer_run1608_subrun15.csv,55,False,,,2.23,-0.4353
2026-04-09T17:40:14Z,Digitizer_run1608_subrun15.csv,56,False,,,3.05,-0.4447
2026-04-09T17:40:14Z,Digitizer_run1608_subrun15.csv,57,True,isolation_forest,,3.53,-0.4979
2026-04-09T17:40:14Z,Digitizer_run1608_subrun15.csv,58,False,,,2.33,-0.394
2026-04-09T17:40:14Z,Digitizer_run1608_subrun15.csv,59,False,,,1.9,-0.4116
2026-04-09T17:40:14Z,Digitizer_run1608_subrun15.csv,60,False,,,2.28,-0.4481
2026-04-09T17:40:14Z,Digitizer_run1608_subrun15.csv,61,False,,,1.45,-0.4038
2026-04-09T17:40:14Z,Digitizer_run1608_subrun15.csv,62,False,,,2.62,-0.4193
2026-04-09T17:40:14Z,Digitizer_run1608_subrun15.csv,63,True,statistical,sideband_rms_mean,5.16,-0.4578
2026-04-09T17:40:14Z,Digitizer_run1608_subrun15.csv,64,False,,,2.24,-0.4114
2026-04-09T17:40:14Z,Digitizer_run1608_subrun15.csv,65,False,,,2.14,-0.4447
2026-04-09T17:40:14Z,Digitizer_run1608_subrun15.csv,66,False,,,1.38,-0.3792
2026-04-09T17:40:14Z,Digitizer_run1608_subrun15.csv,67,False,,,1.84,-0.3893
2026-04-09T17:40:14Z,Digitizer_run1608_subrun15.csv,68,False,,,1.27,-0.3723
2026-04-09T17:40:14Z,Digitizer_run1608_subrun15.csv,69,False,,,1.18,-0.3759
2026-04-09T17:40:14Z,Digitizer_run1608_subrun15.csv,70,False,,,2.43,-0.4311
2026-04-09T17:40:14Z,Digitizer_run1608_subrun15.csv,71,False,,,2.08,-0.4236
2026-04-09T17:40:14Z,Digitizer_run1608_subrun15.csv,72,False,,,3.27,-0.4129
2026-04-09T17:40:14Z,Digitizer_run1608_subrun15.csv,73,False,,,3.31,-0.394
2026-04-09T17:40:14Z,Digitizer_run1608_subrun15.csv,74,False,,,1.18,-0.3981
2026-04-09T17:40:14Z,Digitizer_run1608_subrun15.csv,75,False,,,2.04,-0.4036
2026-04-09T17:40:14Z,Digitizer_run1608_subrun15.csv,76,False,,,1.38,-0.3914
2026-04-09T17:40:14Z,Digitizer_run1608_subrun15.csv,77,False,,,1.76,-0.4174
2026-04-09T17:40:14Z,Digitizer_run1608_subrun15.csv,78,False,,,1.93,-0.4085
2026-04-09T17:40:14Z,Digitizer_run1608_subrun15.csv,79,False,,,1.55,-0.4135
2026-04-09T17:40:14Z,Digitizer_run1608_subrun15.csv,80,True,statistical,pulseHeight_min_median,5.3,-0.4778
2026-04-09T17:40:14Z,Digitizer_run1608_subrun15.csv,81,False,,,2.08,-0.4274
2026-04-09T17:40:14Z,Digitizer_run1608_subrun15.csv,82,False,,,3.92,-0.4519
2026-04-09T17:40:14Z,Digitizer_run1608_subrun15.csv,83,False,,,4.8,-0.4668
2026-04-09T17:40:14Z,Digitizer_run1608_subrun15.csv,84,False,,,2.17,-0.4219
2026-04-09T17:40:14Z,Digitizer_run1608_subrun15.csv,85,False,,,1.78,-0.4137
2026-04-09T17:40:14Z,Digitizer_run1608_subrun15.csv,86,False,,,2.19,-0.4024
2026-04-09T17:40:14Z,Digitizer_run1608_subrun15.csv,87,False,,,1.54,-0.4022
2026-04-09T17:40:14Z,Digitizer_run1608_subrun15.csv,88,False,,,2.49,-0.4699
2026-04-09T17:40:14Z,Digitizer_run1608_subrun15.csv,89,False,,,2.69,-0.4616
2026-04-09T17:40:14Z,Digitizer_run1608_subrun15.csv,90,False,,,2.67,-0.4812
2026-04-09T17:40:14Z,Digitizer_run1608_subrun15.csv,91,True,isolation_forest,,3.49,-0.5183
2026-04-09T17:40:14Z,Digitizer_run1608_subrun15.csv,92,False,,,2.95,-0.4816
2026-04-09T17:40:14Z,Digitizer_run1608_subrun15.csv,93,False,,,2.55,-0.4754
2026-04-09T17:40:14Z,Digitizer_run1608_subrun15.csv,94,False,,,2.16,-0.4638
2026-04-09T17:40:14Z,Digitizer_run1608_subrun15.csv,95,True,isolation_forest,,3.15,-0.5149
2026-04-09T17:40:23Z,Digitizer_run1610_subrun104.csv,0,False,,,1.54,-0.4106
2026-04-09T17:40:23Z,Digitizer_run1610_subrun104.csv,1,True,statistical,nPulses_median,500000.0,-0.46
2026-04-09T17:40:23Z,Digitizer_run1610_subrun104.csv,2,False,,,3.64,-0.4581
2026-04-09T17:40:23Z,Digitizer_run1610_subrun104.csv,3,False,,,3.14,-0.4301
2026-04-09T17:40:23Z,Digitizer_run1610_subrun104.csv,4,False,,,1.45,-0.3923
2026-04-09T17:40:23Z,Digitizer_run1610_subrun104.csv,5,False,,,3.71,-0.4482
2026-04-09T17:40:23Z,Digitizer_run1610_subrun104.csv,6,False,,,1.44,-0.4097
2026-04-09T17:40:23Z,Digitizer_run1610_subrun104.csv,7,False,,,2.06,-0.421
2026-04-09T17:40:23Z,Digitizer_run1610_subrun104.csv,8,False,,,1.82,-0.4114
2026-04-09T17:40:23Z,Digitizer_run1610_subrun104.csv,9,False,,,1.74,-0.403
2026-04-09T17:40:23Z,Digitizer_run1610_subrun104.csv,10,True,statistical,sideband_rms_mean,5.54,-0.4552
2026-04-09T17:40:23Z,Digitizer_run1610_subrun104.csv,11,False,,,2.8,-0.4585
2026-04-09T17:40:23Z,Digitizer_run1610_subrun104.csv,12,False,,,1.86,-0.419
2026-04-09T17:40:23Z,Digitizer_run1610_subrun104.csv,13,False,,,2.37,-0.4183
2026-04-09T17:40:23Z,Digitizer_run1610_subrun104.csv,14,False,,,1.38,-0.4028
2026-04-09T17:40:23Z,Digitizer_run1610_subrun104.csv,15,False,,,1.75,-0.4079
2026-04-09T17:40:23Z,Digitizer_run1610_subrun104.csv,16,False,,,2.25,-0.4404
2026-04-09T17:40:23Z,Digitizer_run1610_subrun104.csv,17,False,,,1.8,-0.4008
2026-04-09T17:40:23Z,Digitizer_run1610_subrun104.csv,18,False,,,1.92,-0.4261
2026-04-09T17:40:23Z,Digitizer_run1610_subrun104.csv,19,True,statistical+IF,pulseDuriation_min_mean,5.31,-0.5595
2026-04-09T17:40:23Z,Digitizer_run1610_subrun104.csv,20,False,,,1.17,-0.3808
2026-04-09T17:40:23Z,Digitizer_run1610_subrun104.csv,21,False,,,1.26,-0.3758
2026-04-09T17:40:23Z,Digitizer_run1610_subrun104.csv,22,False,,,3.25,-0.4031
2026-04-09T17:40:23Z,Digitizer_run1610_subrun104.csv,23,False,,,3.99,-0.4722
2026-04-09T17:40:23Z,Digitizer_run1610_subrun104.csv,24,False,,,1.19,-0.3816
2026-04-09T17:40:23Z,Digitizer_run1610_subrun104.csv,25,False,,,2.27,-0.4237
2026-04-09T17:40:23Z,Digitizer_run1610_subrun104.csv,26,True,isolation_forest,,2.8,-0.5182
2026-04-09T17:40:23Z,Digitizer_run1610_subrun104.csv,27,False,,,2.64,-0.4818
2026-04-09T17:40:23Z,Digitizer_run1610_subrun104.csv,28,False,,,1.88,-0.4268
2026-04-09T17:40:23Z,Digitizer_run1610_subrun104.csv,29,False,,,2.16,-0.4111
2026-04-09T17:40:23Z,Digitizer_run1610_subrun104.csv,30,False,,,1.34,-0.3765
2026-04-09T17:40:23Z,Digitizer_run1610_subrun104.csv,31,False,,,1.53,-0.3994
2026-04-09T17:40:23Z,Digitizer_run1610_subrun104.csv,32,False,,,1.87,-0.4406
2026-04-09T17:40:23Z,Digitizer_run1610_subrun104.csv,33,False,,,1.79,-0.42
2026-04-09T17:40:23Z,Digitizer_run1610_subrun104.csv,34,False,,,3.15,-0.4368
2026-04-09T17:40:23Z,Digitizer_run1610_subrun104.csv,35,False,,,2.31,-0.4495
2026-04-09T17:40:23Z,Digitizer_run1610_subrun104.csv,36,False,,,1.7,-0.4146
2026-04-09T17:40:23Z,Digitizer_run1610_subrun104.csv,37,False,,,1.42,-0.3776
2026-04-09T17:40:23Z,Digitizer_run1610_subrun104.csv,38,False,,,2.09,-0.3958
2026-04-09T17:40:23Z,Digitizer_run1610_subrun104.csv,39,False,,,2.19,-0.4234
2026-04-09T17:40:23Z,Digitizer_run1610_subrun104.csv,40,False,,,1.26,-0.3717
2026-04-09T17:40:23Z,Digitizer_run1610_subrun104.csv,41,False,,,1.31,-0.3752
2026-04-09T17:40:23Z,Digitizer_run1610_subrun104.csv,42,False,,,2.14,-0.4313
2026-04-09T17:40:23Z,Digitizer_run1610_subrun104.csv,43,False,,,1.78,-0.404
2026-04-09T17:40:23Z,Digitizer_run1610_subrun104.csv,44,False,,,1.23,-0.3877
2026-04-09T17:40:23Z,Digitizer_run1610_subrun104.csv,45,False,,,1.51,-0.4125
2026-04-09T17:40:23Z,Digitizer_run1610_subrun104.csv,46,False,,,2.18,-0.4265
2026-04-09T17:40:23Z,Digitizer_run1610_subrun104.csv,47,False,,,1.91,-0.4024
2026-04-09T17:40:23Z,Digitizer_run1610_subrun104.csv,48,False,,,2.4,-0.4458
2026-04-09T17:40:23Z,Digitizer_run1610_subrun104.csv,49,False,,,2.35,-0.4318
2026-04-09T17:40:23Z,Digitizer_run1610_subrun104.csv,50,False,,,2.24,-0.3846
2026-04-09T17:40:23Z,Digitizer_run1610_subrun104.csv,51,False,,,1.46,-0.3894
2026-04-09T17:40:23Z,Digitizer_run1610_subrun104.csv,52,False,,,1.8,-0.4152
2026-04-09T17:40:23Z,Digitizer_run1610_subrun104.csv,53,False,,,1.36,-0.3887
2026-04-09T17:40:23Z,Digitizer_run1610_subrun104.csv,54,False,,,2.47,-0.423
2026-04-09T17:40:23Z,Digitizer_run1610_subrun104.csv,55,False,,,1.9,-0.4135
2026-04-09T17:40:23Z,Digitizer_run1610_subrun104.csv,56,False,,,1.87,-0.4326
2026-04-09T17:40:23Z,Digitizer_run1610_subrun104.csv,57,False,,,2.49,-0.4035
2026-04-09T17:40:23Z,Digitizer_run1610_subrun104.csv,58,True,isolation_forest,,3.55,-0.4927
2026-04-09T17:40:23Z,Digitizer_run1610_subrun104.csv,59,False,,,2.22,-0.4301
2026-04-09T17:40:23Z,Digitizer_run1610_subrun104.csv,60,False,,,2.28,-0.385
2026-04-09T17:40:23Z,Digitizer_run1610_subrun104.csv,61,False,,,2.31,-0.375
2026-04-09T17:40:23Z,Digitizer_run1610_subrun104.csv,62,False,,,2.24,-0.4474
2026-04-09T17:40:23Z,Digitizer_run1610_subrun104.csv,63,False,,,1.74,-0.4165
2026-04-09T17:40:23Z,Digitizer_run1610_subrun104.csv,64,False,,,1.96,-0.4302
2026-04-09T17:40:23Z,Digitizer_run1610_subrun104.csv,65,False,,,2.89,-0.461
2026-04-09T17:40:23Z,Digitizer_run1610_subrun104.csv,66,False,,,1.72,-0.3941
2026-04-09T17:40:23Z,Digitizer_run1610_subrun104.csv,67,False,,,3.2,-0.4543
2026-04-09T17:40:23Z,Digitizer_run1610_subrun104.csv,68,False,,,1.67,-0.3967
2026-04-09T17:40:23Z,Digitizer_run1610_subrun104.csv,69,False,,,1.6,-0.3824
2026-04-09T17:40:23Z,Digitizer_run1610_subrun104.csv,70,False,,,2.15,-0.3886
2026-04-09T17:40:23Z,Digitizer_run1610_subrun104.csv,71,False,,,1.04,-0.3662
2026-04-09T17:40:23Z,Digitizer_run1610_subrun104.csv,72,False,,,2.23,-0.4467
2026-04-09T17:40:23Z,Digitizer_run1610_subrun104.csv,73,False,,,3.19,-0.4075
2026-04-09T17:40:23Z,Digitizer_run1610_subrun104.csv,74,False,,,4.33,-0.4886
2026-04-09T17:40:23Z,Digitizer_run1610_subrun104.csv,75,False,,,2.48,-0.4285
2026-04-09T17:40:23Z,Digitizer_run1610_subrun104.csv,76,False,,,1.16,-0.3813
2026-04-09T17:40:23Z,Digitizer_run1610_subrun104.csv,77,False,,,1.71,-0.3952
2026-04-09T17:40:23Z,Digitizer_run1610_subrun104.csv,78,False,,,2.7,-0.4128
2026-04-09T17:40:23Z,Digitizer_run1610_subrun104.csv,79,False,,,3.41,-0.4721
2026-04-09T17:40:23Z,Digitizer_run1610_subrun104.csv,80,False,,,1.2,-0.3719
2026-04-09T17:40:23Z,Digitizer_run1610_subrun104.csv,81,False,,,1.26,-0.3805
2026-04-09T17:40:23Z,Digitizer_run1610_subrun104.csv,82,False,,,2.84,-0.4425
2026-04-09T17:40:23Z,Digitizer_run1610_subrun104.csv,83,False,,,1.98,-0.4343
2026-04-09T17:40:23Z,Digitizer_run1610_subrun104.csv,84,False,,,1.53,-0.3893
2026-04-09T17:40:23Z,Digitizer_run1610_subrun104.csv,85,False,,,2.38,-0.3974
2026-04-09T17:40:23Z,Digitizer_run1610_subrun104.csv,86,False,,,1.43,-0.396
2026-04-09T17:40:23Z,Digitizer_run1610_subrun104.csv,87,False,,,1.85,-0.3929
2026-04-09T17:40:23Z,Digitizer_run1610_subrun104.csv,88,False,,,3.83,-0.4658
2026-04-09T17:40:23Z,Digitizer_run1610_subrun104.csv,89,False,,,3.12,-0.4444
2026-04-09T17:40:23Z,Digitizer_run1610_subrun104.csv,90,False,,,2.85,-0.4458
2026-04-09T17:40:23Z,Digitizer_run1610_subrun104.csv,91,True,isolation_forest,,3.49,-0.5068
2026-04-09T17:40:23Z,Digitizer_run1610_subrun104.csv,92,True,isolation_forest,,2.99,-0.5456
2026-04-09T17:40:23Z,Digitizer_run1610_subrun104.csv,93,False,,,2.23,-0.4901
2026-04-09T17:40:23Z,Digitizer_run1610_subrun104.csv,94,False,,,1.92,-0.4572
2026-04-09T17:40:23Z,Digitizer_run1610_subrun104.csv,95,False,,,1.85,-0.4601
2026-04-09T17:40:32Z,Digitizer_run1609_subrun283.csv,0,True,isolation_forest,,3.97,-0.4977
2026-04-09T17:40:32Z,Digitizer_run1609_subrun283.csv,1,True,isolation_forest,,4.18,-0.6002
2026-04-09T17:40:32Z,Digitizer_run1609_subrun283.csv,2,False,,,1.27,-0.3988
2026-04-09T17:40:32Z,Digitizer_run1609_subrun283.csv,3,False,,,2.57,-0.4197
2026-04-09T17:40:32Z,Digitizer_run1609_subrun283.csv,4,False,,,2.6,-0.4289
2026-04-09T17:40:32Z,Digitizer_run1609_subrun283.csv,5,False,,,1.76,-0.3986
2026-04-09T17:40:32Z,Digitizer_run1609_subrun283.csv,6,False,,,1.55,-0.4086
2026-04-09T17:40:32Z,Digitizer_run1609_subrun283.csv,7,False,,,2.37,-0.4401
2026-04-09T17:40:32Z,Digitizer_run1609_subrun283.csv,8,False,,,1.69,-0.4153
2026-04-09T17:40:32Z,Digitizer_run1609_subrun283.csv,9,False,,,3.65,-0.4803
2026-04-09T17:40:32Z,Digitizer_run1609_subrun283.csv,10,True,isolation_forest,,3.96,-0.5097
2026-04-09T17:40:32Z,Digitizer_run1609_subrun283.csv,11,False,,,2.5,-0.4337
2026-04-09T17:40:32Z,Digitizer_run1609_subrun283.csv,12,False,,,1.34,-0.3893
2026-04-09T17:40:32Z,Digitizer_run1609_subrun283.csv,13,False,,,1.25,-0.3906
2026-04-09T17:40:32Z,Digitizer_run1609_subrun283.csv,14,False,,,1.83,-0.4348
2026-04-09T17:40:32Z,Digitizer_run1609_subrun283.csv,15,True,isolation_forest,,2.86,-0.5332
2026-04-09T17:40:32Z,Digitizer_run1609_subrun283.csv,16,False,,,1.61,-0.4072
2026-04-09T17:40:32Z,Digitizer_run1609_subrun283.csv,17,False,,,1.61,-0.4034
2026-04-09T17:40:32Z,Digitizer_run1609_subrun283.csv,18,True,isolation_forest,,2.71,-0.4981
2026-04-09T17:40:32Z,Digitizer_run1609_subrun283.csv,19,True,isolation_forest,,4.21,-0.5121
2026-04-09T17:40:32Z,Digitizer_run1609_subrun283.csv,20,True,isolation_forest,,3.74,-0.5255
2026-04-09T17:40:32Z,Digitizer_run1609_subrun283.csv,21,True,isolation_forest,,3.58,-0.5214
2026-04-09T17:40:32Z,Digitizer_run1609_subrun283.csv,22,False,,,1.89,-0.4091
2026-04-09T17:40:32Z,Digitizer_run1609_subrun283.csv,23,False,,,1.39,-0.3792
2026-04-09T17:40:32Z,Digitizer_run1609_subrun283.csv,24,False,,,1.14,-0.3869
2026-04-09T17:40:32Z,Digitizer_run1609_subrun283.csv,25,False,,,1.68,-0.4435
2026-04-09T17:40:32Z,Digitizer_run1609_subrun283.csv,26,False,,,2.2,-0.4246
2026-04-09T17:40:32Z,Digitizer_run1609_subrun283.csv,27,False,,,1.95,-0.4424
2026-04-09T17:40:32Z,Digitizer_run1609_subrun283.csv,28,False,,,3.25,-0.4669
2026-04-09T17:40:32Z,Digitizer_run1609_subrun283.csv,29,False,,,3.31,-0.4869
2026-04-09T17:40:32Z,Digitizer_run1609_subrun283.csv,30,False,,,2.57,-0.4453
2026-04-09T17:40:32Z,Digitizer_run1609_subrun283.csv,31,False,,,2.52,-0.4288
2026-04-09T17:40:32Z,Digitizer_run1609_subrun283.csv,32,False,,,1.78,-0.4254
2026-04-09T17:40:32Z,Digitizer_run1609_subrun283.csv,33,False,,,2.32,-0.4539
2026-04-09T17:40:32Z,Digitizer_run1609_subrun283.csv,34,False,,,1.41,-0.408
2026-04-09T17:40:32Z,Digitizer_run1609_subrun283.csv,35,False,,,1.9,-0.424
2026-04-09T17:40:32Z,Digitizer_run1609_subrun283.csv,36,False,,,2.66,-0.4845
2026-04-09T17:40:32Z,Digitizer_run1609_subrun283.csv,37,False,,,2.36,-0.4314
2026-04-09T17:40:32Z,Digitizer_run1609_subrun283.csv,38,False,,,1.68,-0.3932
2026-04-09T17:40:32Z,Digitizer_run1609_subrun283.csv,39,False,,,1.19,-0.3848
2026-04-09T17:40:32Z,Digitizer_run1609_subrun283.csv,40,True,isolation_forest,,4.4,-0.5593
2026-04-09T17:40:32Z,Digitizer_run1609_subrun283.csv,41,True,isolation_forest,,3.05,-0.5064
2026-04-09T17:40:32Z,Digitizer_run1609_subrun283.csv,42,False,,,1.47,-0.3903
2026-04-09T17:40:32Z,Digitizer_run1609_subrun283.csv,43,False,,,2.26,-0.4354
2026-04-09T17:40:32Z,Digitizer_run1609_subrun283.csv,44,False,,,1.0,-0.3738
2026-04-09T17:40:32Z,Digitizer_run1609_subrun283.csv,45,False,,,1.58,-0.3943
2026-04-09T17:40:32Z,Digitizer_run1609_subrun283.csv,46,False,,,2.24,-0.4234
2026-04-09T17:40:32Z,Digitizer_run1609_subrun283.csv,47,False,,,2.07,-0.4131
2026-04-09T17:40:32Z,Digitizer_run1609_subrun283.csv,48,True,isolation_forest,,4.7,-0.4949
2026-04-09T17:40:32Z,Digitizer_run1609_subrun283.csv,49,True,isolation_forest,,4.79,-0.5556
2026-04-09T17:40:32Z,Digitizer_run1609_subrun283.csv,50,False,,,3.26,-0.4891
2026-04-09T17:40:32Z,Digitizer_run1609_subrun283.csv,51,True,isolation_forest,,3.58,-0.5319
2026-04-09T17:40:32Z,Digitizer_run1609_subrun283.csv,52,True,isolation_forest,,2.91,-0.498
2026-04-09T17:40:32Z,Digitizer_run1609_subrun283.csv,53,True,isolation_forest,,2.92,-0.5003
2026-04-09T17:40:32Z,Digitizer_run1609_subrun283.csv,54,False,,,1.79,-0.4305
2026-04-09T17:40:32Z,Digitizer_run1609_subrun283.csv,55,False,,,1.77,-0.4348
2026-04-09T17:40:32Z,Digitizer_run1609_subrun283.csv,56,False,,,3.67,-0.4705
2026-04-09T17:40:32Z,Digitizer_run1609_subrun283.csv,57,True,statistical,pulseArea_min_mean,5.0,-0.472
2026-04-09T17:40:32Z,Digitizer_run1609_subrun283.csv,58,False,,,1.75,-0.4209
2026-04-09T17:40:32Z,Digitizer_run1609_subrun283.csv,59,False,,,2.41,-0.4587
2026-04-09T17:40:32Z,Digitizer_run1609_subrun283.csv,60,False,,,1.23,-0.3753
2026-04-09T17:40:32Z,Digitizer_run1609_subrun283.csv,61,False,,,1.41,-0.3817
2026-04-09T17:40:32Z,Digitizer_run1609_subrun283.csv,62,False,,,1.44,-0.4057
2026-04-09T17:40:32Z,Digitizer_run1609_subrun283.csv,63,False,,,1.75,-0.4065
2026-04-09T17:40:32Z,Digitizer_run1609_subrun283.csv,64,False,,,1.28,-0.3765
2026-04-09T17:40:32Z,Digitizer_run1609_subrun283.csv,65,False,,,1.62,-0.3986
2026-04-09T17:40:32Z,Digitizer_run1609_subrun283.csv,66,False,,,3.01,-0.4369
2026-04-09T17:40:32Z,Digitizer_run1609_subrun283.csv,67,False,,,2.02,-0.393
2026-04-09T17:40:32Z,Digitizer_run1609_subrun283.csv,68,False,,,1.44,-0.405
2026-04-09T17:40:32Z,Digitizer_run1609_subrun283.csv,69,False,,,2.32,-0.4449
2026-04-09T17:40:32Z,Digitizer_run1609_subrun283.csv,70,False,,,1.1,-0.371
2026-04-09T17:40:32Z,Digitizer_run1609_subrun283.csv,71,False,,,3.37,-0.4361
2026-04-09T17:40:32Z,Digitizer_run1609_subrun283.csv,72,False,,,1.85,-0.4032
2026-04-09T17:40:32Z,Digitizer_run1609_subrun283.csv,73,False,,,1.8,-0.4081
2026-04-09T17:40:32Z,Digitizer_run1609_subrun283.csv,74,False,,,2.37,-0.4412
2026-04-09T17:40:32Z,Digitizer_run1609_subrun283.csv,75,False,,,2.08,-0.4387
2026-04-09T17:40:32Z,Digitizer_run1609_subrun283.csv,76,False,,,1.48,-0.3928
2026-04-09T17:40:32Z,Digitizer_run1609_subrun283.csv,77,False,,,1.62,-0.4147
2026-04-09T17:40:32Z,Digitizer_run1609_subrun283.csv,78,False,,,3.37,-0.4493
2026-04-09T17:40:32Z,Digitizer_run1609_subrun283.csv,79,False,,,3.52,-0.4287
2026-04-09T17:40:32Z,Digitizer_run1609_subrun283.csv,80,False,,,3.34,-0.4279
2026-04-09T17:40:32Z,Digitizer_run1609_subrun283.csv,81,False,,,2.14,-0.3958
2026-04-09T17:40:32Z,Digitizer_run1609_subrun283.csv,82,False,,,1.68,-0.4056
2026-04-09T17:40:32Z,Digitizer_run1609_subrun283.csv,83,False,,,1.97,-0.4011
2026-04-09T17:40:32Z,Digitizer_run1609_subrun283.csv,84,False,,,1.61,-0.405
2026-04-09T17:40:32Z,Digitizer_run1609_subrun283.csv,85,False,,,3.03,-0.4692
2026-04-09T17:40:32Z,Digitizer_run1609_subrun283.csv,86,False,,,2.64,-0.397
2026-04-09T17:40:32Z,Digitizer_run1609_subrun283.csv,87,False,,,1.54,-0.4088
2026-04-09T17:40:32Z,Digitizer_run1609_subrun283.csv,88,True,isolation_forest,,3.68,-0.5093
2026-04-09T17:40:32Z,Digitizer_run1609_subrun283.csv,89,False,,,2.75,-0.4458
2026-04-09T17:40:32Z,Digitizer_run1609_subrun283.csv,90,False,,,1.97,-0.4473
2026-04-09T17:40:32Z,Digitizer_run1609_subrun283.csv,91,False,,,1.75,-0.4291
2026-04-09T17:40:32Z,Digitizer_run1609_subrun283.csv,92,False,,,1.67,-0.4752
2026-04-09T17:40:32Z,Digitizer_run1609_subrun283.csv,93,False,,,1.67,-0.4501
2026-04-09T17:40:32Z,Digitizer_run1609_subrun283.csv,94,True,statistical+IF,pulseHeight_min_median;pulseArea_min_median,6.56,-0.5179
2026-04-09T17:40:32Z,Digitizer_run1609_subrun283.csv,95,False,,,1.62,-0.4093
2026-04-09T17:40:40Z,Digitizer_run1611_subrun79.csv,0,False,,,2.76,-0.392
2026-04-09T17:40:40Z,Digitizer_run1611_subrun79.csv,1,False,,,1.54,-0.3971
2026-04-09T17:40:40Z,Digitizer_run1611_subrun79.csv,2,False,,,2.42,-0.4288
2026-04-09T17:40:40Z,Digitizer_run1611_subrun79.csv,3,False,,,2.35,-0.4102
2026-04-09T17:40:40Z,Digitizer_run1611_subrun79.csv,4,False,,,2.13,-0.4031
2026-04-09T17:40:40Z,Digitizer_run1611_subrun79.csv,5,False,,,1.79,-0.4016
2026-04-09T17:40:40Z,Digitizer_run1611_subrun79.csv,6,False,,,1.8,-0.4078
2026-04-09T17:40:40Z,Digitizer_run1611_subrun79.csv,7,False,,,1.95,-0.4252
2026-04-09T17:40:40Z,Digitizer_run1611_subrun79.csv,8,False,,,1.65,-0.4191
2026-04-09T17:40:40Z,Digitizer_run1611_subrun79.csv,9,True,isolation_forest,,3.54,-0.4991
2026-04-09T17:40:40Z,Digitizer_run1611_subrun79.csv,10,False,,,1.72,-0.4211
2026-04-09T17:40:40Z,Digitizer_run1611_subrun79.csv,11,False,,,3.03,-0.4508
2026-04-09T17:40:40Z,Digitizer_run1611_subrun79.csv,12,True,isolation_forest,,3.93,-0.5207
2026-04-09T17:40:40Z,Digitizer_run1611_subrun79.csv,13,False,,,3.12,-0.4791
2026-04-09T17:40:40Z,Digitizer_run1611_subrun79.csv,14,False,,,2.01,-0.4295
2026-04-09T17:40:40Z,Digitizer_run1611_subrun79.csv,15,False,,,1.71,-0.3935
2026-04-09T17:40:40Z,Digitizer_run1611_subrun79.csv,16,False,,,2.62,-0.4493
2026-04-09T17:40:40Z,Digitizer_run1611_subrun79.csv,17,False,,,2.1,-0.4202
2026-04-09T17:40:40Z,Digitizer_run1611_subrun79.csv,18,False,,,1.09,-0.3728
2026-04-09T17:40:40Z,Digitizer_run1611_subrun79.csv,19,False,,,1.66,-0.4039
2026-04-09T17:40:40Z,Digitizer_run1611_subrun79.csv,20,False,,,3.74,-0.4265
2026-04-09T17:40:40Z,Digitizer_run1611_subrun79.csv,21,False,,,3.0,-0.4263
2026-04-09T17:40:40Z,Digitizer_run1611_subrun79.csv,22,False,,,2.03,-0.4116
2026-04-09T17:40:40Z,Digitizer_run1611_subrun79.csv,23,False,,,1.32,-0.3758
2026-04-09T17:40:40Z,Digitizer_run1611_subrun79.csv,24,False,,,1.19,-0.3834
2026-04-09T17:40:40Z,Digitizer_run1611_subrun79.csv,25,False,,,2.12,-0.394
2026-04-09T17:40:40Z,Digitizer_run1611_subrun79.csv,26,True,isolation_forest,,3.33,-0.503
2026-04-09T17:40:40Z,Digitizer_run1611_subrun79.csv,27,False,,,2.78,-0.4543
2026-04-09T17:40:40Z,Digitizer_run1611_subrun79.csv,28,False,,,1.3,-0.3959
2026-04-09T17:40:40Z,Digitizer_run1611_subrun79.csv,29,False,,,1.36,-0.3981
2026-04-09T17:40:40Z,Digitizer_run1611_subrun79.csv,30,False,,,2.05,-0.4059
2026-04-09T17:40:40Z,Digitizer_run1611_subrun79.csv,31,False,,,1.26,-0.3713
2026-04-09T17:40:40Z,Digitizer_run1611_subrun79.csv,32,False,,,2.54,-0.4332
2026-04-09T17:40:40Z,Digitizer_run1611_subrun79.csv,33,False,,,2.21,-0.4186
2026-04-09T17:40:40Z,Digitizer_run1611_subrun79.csv,34,False,,,2.21,-0.4216
2026-04-09T17:40:40Z,Digitizer_run1611_subrun79.csv,35,False,,,2.47,-0.4308
2026-04-09T17:40:40Z,Digitizer_run1611_subrun79.csv,36,False,,,1.45,-0.3931
2026-04-09T17:40:40Z,Digitizer_run1611_subrun79.csv,37,False,,,2.07,-0.3902
2026-04-09T17:40:40Z,Digitizer_run1611_subrun79.csv,38,False,,,1.66,-0.3819
2026-04-09T17:40:40Z,Digitizer_run1611_subrun79.csv,39,False,,,1.69,-0.3922
2026-04-09T17:40:40Z,Digitizer_run1611_subrun79.csv,40,False,,,1.7,-0.3987
2026-04-09T17:40:40Z,Digitizer_run1611_subrun79.csv,41,False,,,1.29,-0.3757
2026-04-09T17:40:40Z,Digitizer_run1611_subrun79.csv,42,False,,,1.19,-0.3817
2026-04-09T17:40:40Z,Digitizer_run1611_subrun79.csv,43,False,,,1.48,-0.3901
2026-04-09T17:40:40Z,Digitizer_run1611_subrun79.csv,44,False,,,1.35,-0.3863
2026-04-09T17:40:40Z,Digitizer_run1611_subrun79.csv,45,False,,,1.4,-0.3888
2026-04-09T17:40:40Z,Digitizer_run1611_subrun79.csv,46,False,,,2.08,-0.3952
2026-04-09T17:40:40Z,Digitizer_run1611_subrun79.csv,47,False,,,2.15,-0.4136
2026-04-09T17:40:40Z,Digitizer_run1611_subrun79.csv,48,False,,,3.08,-0.4495
2026-04-09T17:40:40Z,Digitizer_run1611_subrun79.csv,49,False,,,2.25,-0.4058
2026-04-09T17:40:40Z,Digitizer_run1611_subrun79.csv,50,False,,,1.72,-0.4093
2026-04-09T17:40:40Z,Digitizer_run1611_subrun79.csv,51,False,,,1.42,-0.4122
2026-04-09T17:40:40Z,Digitizer_run1611_subrun79.csv,52,False,,,1.69,-0.4043
2026-04-09T17:40:40Z,Digitizer_run1611_subrun79.csv,53,False,,,1.44,-0.3892
2026-04-09T17:40:40Z,Digitizer_run1611_subrun79.csv,54,False,,,2.42,-0.4199
2026-04-09T17:40:40Z,Digitizer_run1611_subrun79.csv,55,False,,,4.49,-0.4453
2026-04-09T17:40:40Z,Digitizer_run1611_subrun79.csv,56,False,,,2.86,-0.4149
2026-04-09T17:40:40Z,Digitizer_run1611_subrun79.csv,57,False,,,3.7,-0.4209
2026-04-09T17:40:40Z,Digitizer_run1611_subrun79.csv,58,False,,,1.21,-0.3815
2026-04-09T17:40:40Z,Digitizer_run1611_subrun79.csv,59,False,,,2.02,-0.4263
2026-04-09T17:40:40Z,Digitizer_run1611_subrun79.csv,60,False,,,1.69,-0.3828
2026-04-09T17:40:40Z,Digitizer_run1611_subrun79.csv,61,False,,,1.72,-0.3938
2026-04-09T17:40:40Z,Digitizer_run1611_subrun79.csv,62,False,,,1.59,-0.3958
2026-04-09T17:40:40Z,Digitizer_run1611_subrun79.csv,63,False,,,1.85,-0.4079
2026-04-09T17:40:40Z,Digitizer_run1611_subrun79.csv,64,False,,,1.09,-0.3863
2026-04-09T17:40:40Z,Digitizer_run1611_subrun79.csv,65,False,,,1.05,-0.3697
2026-04-09T17:40:40Z,Digitizer_run1611_subrun79.csv,66,False,,,2.94,-0.4504
2026-04-09T17:40:40Z,Digitizer_run1611_subrun79.csv,67,False,,,2.35,-0.4318
2026-04-09T17:40:40Z,Digitizer_run1611_subrun79.csv,68,False,,,1.11,-0.3876
2026-04-09T17:40:40Z,Digitizer_run1611_subrun79.csv,69,False,,,1.93,-0.4055
2026-04-09T17:40:40Z,Digitizer_run1611_subrun79.csv,70,False,,,2.31,-0.4446
2026-04-09T17:40:40Z,Digitizer_run1611_subrun79.csv,71,False,,,2.34,-0.4566
2026-04-09T17:40:40Z,Digitizer_run1611_subrun79.csv,72,False,,,2.47,-0.4878
2026-04-09T17:40:40Z,Digitizer_run1611_subrun79.csv,73,False,,,2.55,-0.4797
2026-04-09T17:40:40Z,Digitizer_run1611_subrun79.csv,74,False,,,1.04,-0.378
2026-04-09T17:40:40Z,Digitizer_run1611_subrun79.csv,75,False,,,1.82,-0.3967
2026-04-09T17:40:40Z,Digitizer_run1611_subrun79.csv,76,False,,,2.07,-0.3898
2026-04-09T17:40:40Z,Digitizer_run1611_subrun79.csv,77,False,,,2.23,-0.4125
2026-04-09T17:40:40Z,Digitizer_run1611_subrun79.csv,78,True,statistical,nPulses_median,500000.0,-0.4686
2026-04-09T17:40:40Z,Digitizer_run1611_subrun79.csv,79,False,,,2.63,-0.443
2026-04-09T17:40:40Z,Digitizer_run1611_subrun79.csv,80,False,,,2.1,-0.4161
2026-04-09T17:40:40Z,Digitizer_run1611_subrun79.csv,81,False,,,1.83,-0.419
2026-04-09T17:40:40Z,Digitizer_run1611_subrun79.csv,82,False,,,3.05,-0.4704
2026-04-09T17:40:40Z,Digitizer_run1611_subrun79.csv,83,False,,,1.99,-0.4269
2026-04-09T17:40:40Z,Digitizer_run1611_subrun79.csv,84,False,,,2.22,-0.4285
2026-04-09T17:40:40Z,Digitizer_run1611_subrun79.csv,85,False,,,1.56,-0.4091
2026-04-09T17:40:40Z,Digitizer_run1611_subrun79.csv,86,False,,,2.46,-0.4307
2026-04-09T17:40:40Z,Digitizer_run1611_subrun79.csv,87,True,isolation_forest,,4.05,-0.5535
2026-04-09T17:40:40Z,Digitizer_run1611_subrun79.csv,88,False,,,1.42,-0.4254
2026-04-09T17:40:40Z,Digitizer_run1611_subrun79.csv,89,False,,,1.35,-0.4006
2026-04-09T17:40:40Z,Digitizer_run1611_subrun79.csv,90,False,,,2.31,-0.4704
2026-04-09T17:40:40Z,Digitizer_run1611_subrun79.csv,91,False,,,1.9,-0.4336
2026-04-09T17:40:40Z,Digitizer_run1611_subrun79.csv,92,False,,,1.46,-0.4356
2026-04-09T17:40:40Z,Digitizer_run1611_subrun79.csv,93,True,isolation_forest,,2.43,-0.4957
2026-04-09T17:40:40Z,Digitizer_run1611_subrun79.csv,94,False,,,3.95,-0.4908
2026-04-09T17:40:40Z,Digitizer_run1611_subrun79.csv,95,False,,,1.86,-0.4415
2026-04-09T17:40:50Z,Digitizer_run1608_subrun177.csv,0,False,,,2.71,-0.4239
2026-04-09T17:40:50Z,Digitizer_run1608_subrun177.csv,1,False,,,2.33,-0.4076
2026-04-09T17:40:50Z,Digitizer_run1608_subrun177.csv,2,False,,,2.44,-0.4475
2026-04-09T17:40:50Z,Digitizer_run1608_subrun177.csv,3,False,,,1.74,-0.4134
2026-04-09T17:40:50Z,Digitizer_run1608_subrun177.csv,4,False,,,1.74,-0.4159
2026-04-09T17:40:50Z,Digitizer_run1608_subrun177.csv,5,False,,,3.15,-0.4295
2026-04-09T17:40:50Z,Digitizer_run1608_subrun177.csv,6,False,,,1.74,-0.426
2026-04-09T17:40:50Z,Digitizer_run1608_subrun177.csv,7,False,,,1.73,-0.4345
2026-04-09T17:40:50Z,Digitizer_run1608_subrun177.csv,8,True,isolation_forest,,3.26,-0.4995
2026-04-09T17:40:50Z,Digitizer_run1608_subrun177.csv,9,False,,,3.5,-0.4566
2026-04-09T17:40:50Z,Digitizer_run1608_subrun177.csv,10,False,,,2.02,-0.4603
2026-04-09T17:40:50Z,Digitizer_run1608_subrun177.csv,11,False,,,1.75,-0.3959
2026-04-09T17:40:50Z,Digitizer_run1608_subrun177.csv,12,False,,,2.83,-0.4601
2026-04-09T17:40:50Z,Digitizer_run1608_subrun177.csv,13,False,,,1.75,-0.4147
2026-04-09T17:40:50Z,Digitizer_run1608_subrun177.csv,14,False,,,2.02,-0.4387
2026-04-09T17:40:50Z,Digitizer_run1608_subrun177.csv,15,False,,,2.47,-0.4343
2026-04-09T17:40:50Z,Digitizer_run1608_subrun177.csv,16,False,,,3.23,-0.4613
2026-04-09T17:40:50Z,Digitizer_run1608_subrun177.csv,17,False,,,3.2,-0.4831
2026-04-09T17:40:50Z,Digitizer_run1608_subrun177.csv,18,False,,,1.8,-0.4382
2026-04-09T17:40:50Z,Digitizer_run1608_subrun177.csv,19,False,,,1.74,-0.4262
2026-04-09T17:40:50Z,Digitizer_run1608_subrun177.csv,20,False,,,1.91,-0.4409
2026-04-09T17:40:50Z,Digitizer_run1608_subrun177.csv,21,False,,,1.75,-0.4314
2026-04-09T17:40:50Z,Digitizer_run1608_subrun177.csv,22,False,,,1.82,-0.4516
2026-04-09T17:40:50Z,Digitizer_run1608_subrun177.csv,23,False,,,2.24,-0.4909
2026-04-09T17:40:50Z,Digitizer_run1608_subrun177.csv,24,False,,,2.01,-0.4491
2026-04-09T17:40:50Z,Digitizer_run1608_subrun177.csv,25,False,,,1.79,-0.4401
2026-04-09T17:40:50Z,Digitizer_run1608_subrun177.csv,26,False,,,2.15,-0.4292
2026-04-09T17:40:50Z,Digitizer_run1608_subrun177.csv,27,False,,,1.82,-0.416
2026-04-09T17:40:50Z,Digitizer_run1608_subrun177.csv,28,False,,,1.75,-0.3913
2026-04-09T17:40:50Z,Digitizer_run1608_subrun177.csv,29,False,,,2.16,-0.4177
2026-04-09T17:40:50Z,Digitizer_run1608_subrun177.csv,30,False,,,1.75,-0.4202
2026-04-09T17:40:50Z,Digitizer_run1608_subrun177.csv,31,False,,,1.98,-0.4247
2026-04-09T17:40:50Z,Digitizer_run1608_subrun177.csv,32,False,,,1.74,-0.4327
2026-04-09T17:40:50Z,Digitizer_run1608_subrun177.csv,33,False,,,1.74,-0.3963
2026-04-09T17:40:50Z,Digitizer_run1608_subrun177.csv,34,False,,,1.75,-0.4069
2026-04-09T17:40:50Z,Digitizer_run1608_subrun177.csv,35,False,,,1.75,-0.3884
2026-04-09T17:40:50Z,Digitizer_run1608_subrun177.csv,36,False,,,1.8,-0.4266
2026-04-09T17:40:50Z,Digitizer_run1608_subrun177.csv,37,False,,,3.05,-0.4652
2026-04-09T17:40:50Z,Digitizer_run1608_subrun177.csv,38,False,,,2.03,-0.4313
2026-04-09T17:40:50Z,Digitizer_run1608_subrun177.csv,39,False,,,3.51,-0.4638
2026-04-09T17:40:50Z,Digitizer_run1608_subrun177.csv,40,False,,,2.2,-0.4472
2026-04-09T17:40:50Z,Digitizer_run1608_subrun177.csv,41,True,isolation_forest,,2.51,-0.5304
2026-04-09T17:40:50Z,Digitizer_run1608_subrun177.csv,42,False,,,1.77,-0.4343
2026-04-09T17:40:50Z,Digitizer_run1608_subrun177.csv,43,False,,,1.75,-0.4049
2026-04-09T17:40:50Z,Digitizer_run1608_subrun177.csv,44,False,,,1.76,-0.4261
2026-04-09T17:40:50Z,Digitizer_run1608_subrun177.csv,45,True,isolation_forest,,3.3,-0.5002
2026-04-09T17:40:50Z,Digitizer_run1608_subrun177.csv,46,False,,,2.34,-0.476
2026-04-09T17:40:50Z,Digitizer_run1608_subrun177.csv,47,False,,,1.79,-0.4103
2026-04-09T17:40:50Z,Digitizer_run1608_subrun177.csv,48,False,,,1.75,-0.4099
2026-04-09T17:40:50Z,Digitizer_run1608_subrun177.csv,49,False,,,2.35,-0.4336
2026-04-09T17:40:50Z,Digitizer_run1608_subrun177.csv,50,False,,,2.59,-0.4075
2026-04-09T17:40:50Z,Digitizer_run1608_subrun177.csv,51,False,,,2.22,-0.4136
2026-04-09T17:40:50Z,Digitizer_run1608_subrun177.csv,52,False,,,3.24,-0.483
2026-04-09T17:40:50Z,Digitizer_run1608_subrun177.csv,53,True,isolation_forest,,4.22,-0.5199
2026-04-09T17:40:50Z,Digitizer_run1608_subrun177.csv,54,False,,,2.05,-0.4377
2026-04-09T17:40:50Z,Digitizer_run1608_subrun177.csv,55,False,,,2.73,-0.4626
2026-04-09T17:40:50Z,Digitizer_run1608_subrun177.csv,56,False,,,1.78,-0.4389
2026-04-09T17:40:50Z,Digitizer_run1608_subrun177.csv,57,True,isolation_forest,,2.97,-0.5091
2026-04-09T17:40:50Z,Digitizer_run1608_subrun177.csv,58,False,,,1.77,-0.4074
2026-04-09T17:40:50Z,Digitizer_run1608_subrun177.csv,59,False,,,1.92,-0.4251
2026-04-09T17:40:50Z,Digitizer_run1608_subrun177.csv,60,False,,,2.08,-0.4377
2026-04-09T17:40:50Z,Digitizer_run1608_subrun177.csv,61,False,,,1.92,-0.4331
2026-04-09T17:40:50Z,Digitizer_run1608_subrun177.csv,62,False,,,2.22,-0.4749
2026-04-09T17:40:50Z,Digitizer_run1608_subrun177.csv,63,False,,,1.76,-0.4167
2026-04-09T17:40:50Z,Digitizer_run1608_subrun177.csv,64,False,,,2.23,-0.4372
2026-04-09T17:40:50Z,Digitizer_run1608_subrun177.csv,65,False,,,1.73,-0.3917
2026-04-09T17:40:50Z,Digitizer_run1608_subrun177.csv,66,False,,,2.05,-0.4083
2026-04-09T17:40:50Z,Digitizer_run1608_subrun177.csv,67,False,,,2.35,-0.4477
2026-04-09T17:40:50Z,Digitizer_run1608_subrun177.csv,68,False,,,3.05,-0.483
2026-04-09T17:40:50Z,Digitizer_run1608_subrun177.csv,69,False,,,2.36,-0.4911
2026-04-09T17:40:50Z,Digitizer_run1608_subrun177.csv,70,False,,,1.73,-0.4053
2026-04-09T17:40:50Z,Digitizer_run1608_subrun177.csv,71,False,,,2.54,-0.4643
2026-04-09T17:40:50Z,Digitizer_run1608_subrun177.csv,72,False,,,1.77,-0.4241
2026-04-09T17:40:50Z,Digitizer_run1608_subrun177.csv,73,False,,,1.78,-0.3899
2026-04-09T17:40:50Z,Digitizer_run1608_subrun177.csv,74,False,,,2.69,-0.4299
2026-04-09T17:40:50Z,Digitizer_run1608_subrun177.csv,75,False,,,3.14,-0.4514
2026-04-09T17:40:50Z,Digitizer_run1608_subrun177.csv,76,False,,,2.7,-0.4788
2026-04-09T17:40:50Z,Digitizer_run1608_subrun177.csv,77,False,,,1.78,-0.4501
2026-04-09T17:40:50Z,Digitizer_run1608_subrun177.csv,78,True,statistical+IF,nPulses_median,1000000.0,-0.5089
2026-04-09T17:40:50Z,Digitizer_run1608_subrun177.csv,79,True,isolation_forest,,3.0,-0.5129
2026-04-09T17:40:50Z,Digitizer_run1608_subrun177.csv,80,False,,,1.75,-0.4071
2026-04-09T17:40:50Z,Digitizer_run1608_subrun177.csv,81,False,,,1.74,-0.4128
2026-04-09T17:40:50Z,Digitizer_run1608_subrun177.csv,82,False,,,2.09,-0.421
2026-04-09T17:40:50Z,Digitizer_run1608_subrun177.csv,83,False,,,1.73,-0.4096
2026-04-09T17:40:50Z,Digitizer_run1608_subrun177.csv,84,False,,,1.75,-0.4224
2026-04-09T17:40:50Z,Digitizer_run1608_subrun177.csv,85,False,,,2.07,-0.4181
2026-04-09T17:40:50Z,Digitizer_run1608_subrun177.csv,86,True,isolation_forest,,3.06,-0.5008
2026-04-09T17:40:50Z,Digitizer_run1608_subrun177.csv,87,False,,,2.92,-0.4821
2026-04-09T17:40:50Z,Digitizer_run1608_subrun177.csv,88,False,,,2.45,-0.4326
2026-04-09T17:40:50Z,Digitizer_run1608_subrun177.csv,89,False,,,2.16,-0.4306
2026-04-09T17:40:50Z,Digitizer_run1608_subrun177.csv,90,True,isolation_forest,,3.31,-0.524
2026-04-09T17:40:50Z,Digitizer_run1608_subrun177.csv,91,True,isolation_forest,,4.12,-0.5356
2026-04-09T17:40:50Z,Digitizer_run1608_subrun177.csv,92,False,,,1.78,-0.4762
2026-04-09T17:40:50Z,Digitizer_run1608_subrun177.csv,93,False,,,2.75,-0.4772
2026-04-09T17:40:50Z,Digitizer_run1608_subrun177.csv,94,False,,,2.49,-0.4763
2026-04-09T17:40:50Z,Digitizer_run1608_subrun177.csv,95,True,isolation_forest,,3.64,-0.5296
2026-04-09T17:40:56Z,Digitizer_run1611_subrun168.csv,0,False,,,1.98,-0.4242
2026-04-09T17:40:56Z,Digitizer_run1611_subrun168.csv,1,True,isolation_forest,,4.47,-0.5002
2026-04-09T17:40:56Z,Digitizer_run1611_subrun168.csv,2,False,,,1.9,-0.4338
2026-04-09T17:40:56Z,Digitizer_run1611_subrun168.csv,3,False,,,2.16,-0.452
2026-04-09T17:40:56Z,Digitizer_run1611_subrun168.csv,4,False,,,1.7,-0.418
2026-04-09T17:40:56Z,Digitizer_run1611_subrun168.csv,5,False,,,2.4,-0.4122
2026-04-09T17:40:56Z,Digitizer_run1611_subrun168.csv,6,False,,,2.15,-0.456
2026-04-09T17:40:56Z,Digitizer_run1611_subrun168.csv,7,False,,,2.18,-0.4423
2026-04-09T17:40:56Z,Digitizer_run1611_subrun168.csv,8,False,,,3.01,-0.4802
2026-04-09T17:40:56Z,Digitizer_run1611_subrun168.csv,9,False,,,2.66,-0.4454
2026-04-09T17:40:56Z,Digitizer_run1611_subrun168.csv,10,False,,,1.98,-0.3807
2026-04-09T17:40:56Z,Digitizer_run1611_subrun168.csv,11,False,,,2.49,-0.4092
2026-04-09T17:40:56Z,Digitizer_run1611_subrun168.csv,12,False,,,1.73,-0.4068
2026-04-09T17:40:56Z,Digitizer_run1611_subrun168.csv,13,False,,,1.69,-0.434
2026-04-09T17:40:56Z,Digitizer_run1611_subrun168.csv,14,False,,,2.45,-0.4334
2026-04-09T17:40:56Z,Digitizer_run1611_subrun168.csv,15,False,,,1.71,-0.4139
2026-04-09T17:40:56Z,Digitizer_run1611_subrun168.csv,16,True,isolation_forest,,2.86,-0.5009
2026-04-09T17:40:56Z,Digitizer_run1611_subrun168.csv,17,False,,,2.12,-0.4551
2026-04-09T17:40:56Z,Digitizer_run1611_subrun168.csv,18,False,,,3.07,-0.428
2026-04-09T17:40:56Z,Digitizer_run1611_subrun168.csv,19,False,,,2.45,-0.4619
2026-04-09T17:40:56Z,Digitizer_run1611_subrun168.csv,20,False,,,1.45,-0.3835
2026-04-09T17:40:56Z,Digitizer_run1611_subrun168.csv,21,False,,,2.61,-0.4473
2026-04-09T17:40:56Z,Digitizer_run1611_subrun168.csv,22,False,,,3.07,-0.4494
2026-04-09T17:40:56Z,Digitizer_run1611_subrun168.csv,23,True,isolation_forest,,4.54,-0.5388
2026-04-09T17:40:56Z,Digitizer_run1611_subrun168.csv,24,False,,,2.57,-0.4605
2026-04-09T17:40:56Z,Digitizer_run1611_subrun168.csv,25,False,,,1.75,-0.4025
2026-04-09T17:40:56Z,Digitizer_run1611_subrun168.csv,26,False,,,1.72,-0.3951
2026-04-09T17:40:56Z,Digitizer_run1611_subrun168.csv,27,False,,,1.92,-0.4066
2026-04-09T17:40:56Z,Digitizer_run1611_subrun168.csv,28,True,isolation_forest,,2.87,-0.5171
2026-04-09T17:40:56Z,Digitizer_run1611_subrun168.csv,29,False,,,1.45,-0.4008
2026-04-09T17:40:56Z,Digitizer_run1611_subrun168.csv,30,False,,,2.69,-0.447
2026-04-09T17:40:56Z,Digitizer_run1611_subrun168.csv,31,False,,,1.96,-0.4139
2026-04-09T17:40:56Z,Digitizer_run1611_subrun168.csv,32,False,,,2.85,-0.4484
2026-04-09T17:40:56Z,Digitizer_run1611_subrun168.csv,33,False,,,1.71,-0.4
2026-04-09T17:40:56Z,Digitizer_run1611_subrun168.csv,34,False,,,3.03,-0.4774
2026-04-09T17:40:56Z,Digitizer_run1611_subrun168.csv,35,False,,,2.22,-0.4625
2026-04-09T17:40:56Z,Digitizer_run1611_subrun168.csv,36,False,,,2.51,-0.4303
2026-04-09T17:40:56Z,Digitizer_run1611_subrun168.csv,37,False,,,1.7,-0.4363
2026-04-09T17:40:56Z,Digitizer_run1611_subrun168.csv,38,False,,,1.92,-0.4068
2026-04-09T17:40:56Z,Digitizer_run1611_subrun168.csv,39,False,,,1.66,-0.4141
2026-04-09T17:40:56Z,Digitizer_run1611_subrun168.csv,40,False,,,2.63,-0.4665
2026-04-09T17:40:56Z,Digitizer_run1611_subrun168.csv,41,False,,,2.49,-0.4169
2026-04-09T17:40:56Z,Digitizer_run1611_subrun168.csv,42,False,,,2.74,-0.4079
2026-04-09T17:40:56Z,Digitizer_run1611_subrun168.csv,43,False,,,1.45,-0.4047
2026-04-09T17:40:56Z,Digitizer_run1611_subrun168.csv,44,False,,,1.6,-0.3971
2026-04-09T17:40:56Z,Digitizer_run1611_subrun168.csv,45,False,,,2.87,-0.4627
2026-04-09T17:40:56Z,Digitizer_run1611_subrun168.csv,46,False,,,3.35,-0.4614
2026-04-09T17:40:56Z,Digitizer_run1611_subrun168.csv,47,False,,,3.29,-0.4419
2026-04-09T17:40:56Z,Digitizer_run1611_subrun168.csv,48,False,,,2.06,-0.4191
2026-04-09T17:40:56Z,Digitizer_run1611_subrun168.csv,49,False,,,2.45,-0.4531
2026-04-09T17:40:56Z,Digitizer_run1611_subrun168.csv,50,False,,,2.37,-0.439
2026-04-09T17:40:56Z,Digitizer_run1611_subrun168.csv,51,False,,,2.1,-0.4406
2026-04-09T17:40:56Z,Digitizer_run1611_subrun168.csv,52,False,,,1.43,-0.3978
2026-04-09T17:40:56Z,Digitizer_run1611_subrun168.csv,53,False,,,1.46,-0.4091
2026-04-09T17:40:56Z,Digitizer_run1611_subrun168.csv,54,False,,,1.44,-0.3836
2026-04-09T17:40:56Z,Digitizer_run1611_subrun168.csv,55,False,,,1.95,-0.4278
2026-04-09T17:40:56Z,Digitizer_run1611_subrun168.csv,56,False,,,1.7,-0.4054
2026-04-09T17:40:56Z,Digitizer_run1611_subrun168.csv,57,False,,,1.89,-0.414
2026-04-09T17:40:56Z,Digitizer_run1611_subrun168.csv,58,False,,,1.8,-0.4139
2026-04-09T17:40:56Z,Digitizer_run1611_subrun168.csv,59,False,,,1.45,-0.3948
2026-04-09T17:40:56Z,Digitizer_run1611_subrun168.csv,60,False,,,2.52,-0.4187
2026-04-09T17:40:56Z,Digitizer_run1611_subrun168.csv,61,False,,,2.09,-0.4056
2026-04-09T17:40:56Z,Digitizer_run1611_subrun168.csv,62,False,,,2.14,-0.409
2026-04-09T17:40:56Z,Digitizer_run1611_subrun168.csv,63,False,,,2.03,-0.4363
2026-04-09T17:40:56Z,Digitizer_run1611_subrun168.csv,64,False,,,2.01,-0.4068
2026-04-09T17:40:56Z,Digitizer_run1611_subrun168.csv,65,False,,,1.77,-0.406
2026-04-09T17:40:56Z,Digitizer_run1611_subrun168.csv,66,False,,,1.87,-0.3995
2026-04-09T17:40:56Z,Digitizer_run1611_subrun168.csv,67,False,,,2.1,-0.4072
2026-04-09T17:40:56Z,Digitizer_run1611_subrun168.csv,68,False,,,3.14,-0.4361
2026-04-09T17:40:56Z,Digitizer_run1611_subrun168.csv,69,False,,,2.46,-0.4299
2026-04-09T17:40:56Z,Digitizer_run1611_subrun168.csv,70,False,,,3.0,-0.4044
2026-04-09T17:40:56Z,Digitizer_run1611_subrun168.csv,71,False,,,1.45,-0.3796
2026-04-09T17:40:56Z,Digitizer_run1611_subrun168.csv,72,False,,,3.71,-0.4593
2026-04-09T17:40:56Z,Digitizer_run1611_subrun168.csv,73,True,statistical,sideband_rms_mean,5.12,-0.4599
2026-04-09T17:40:56Z,Digitizer_run1611_subrun168.csv,74,False,,,1.59,-0.4198
2026-04-09T17:40:56Z,Digitizer_run1611_subrun168.csv,75,False,,,1.87,-0.4092
2026-04-09T17:40:56Z,Digitizer_run1611_subrun168.csv,76,False,,,1.49,-0.3979
2026-04-09T17:40:56Z,Digitizer_run1611_subrun168.csv,77,False,,,1.85,-0.4401
2026-04-09T17:40:56Z,Digitizer_run1611_subrun168.csv,78,False,,,2.4,-0.4212
2026-04-09T17:40:56Z,Digitizer_run1611_subrun168.csv,79,False,,,1.99,-0.4015
2026-04-09T17:40:56Z,Digitizer_run1611_subrun168.csv,80,False,,,2.16,-0.4256
2026-04-09T17:40:56Z,Digitizer_run1611_subrun168.csv,81,False,,,1.86,-0.3942
2026-04-09T17:40:56Z,Digitizer_run1611_subrun168.csv,82,False,,,2.4,-0.4773
2026-04-09T17:40:56Z,Digitizer_run1611_subrun168.csv,83,False,,,3.06,-0.4668
2026-04-09T17:40:56Z,Digitizer_run1611_subrun168.csv,84,False,,,1.49,-0.4151
2026-04-09T17:40:56Z,Digitizer_run1611_subrun168.csv,85,False,,,1.6,-0.4076
2026-04-09T17:40:56Z,Digitizer_run1611_subrun168.csv,86,True,isolation_forest,,3.15,-0.5037
2026-04-09T17:40:56Z,Digitizer_run1611_subrun168.csv,87,False,,,3.35,-0.4483
2026-04-09T17:40:56Z,Digitizer_run1611_subrun168.csv,88,False,,,2.16,-0.4692
2026-04-09T17:40:56Z,Digitizer_run1611_subrun168.csv,89,False,,,1.82,-0.4679
2026-04-09T17:40:56Z,Digitizer_run1611_subrun168.csv,90,False,,,1.68,-0.4489
2026-04-09T17:40:56Z,Digitizer_run1611_subrun168.csv,91,False,,,2.22,-0.4623
2026-04-09T17:40:56Z,Digitizer_run1611_subrun168.csv,92,False,,,2.64,-0.4729
2026-04-09T17:40:56Z,Digitizer_run1611_subrun168.csv,93,False,,,1.79,-0.475
2026-04-09T17:40:56Z,Digitizer_run1611_subrun168.csv,94,False,,,2.96,-0.4344
2026-04-09T17:40:56Z,Digitizer_run1611_subrun168.csv,95,False,,,1.89,-0.4232
2026-04-09T17:41:01Z,Digitizer_run1608_subrun318.csv,0,False,,,2.05,-0.4109
2026-04-09T17:41:01Z,Digitizer_run1608_subrun318.csv,1,False,,,3.42,-0.4355
2026-04-09T17:41:01Z,Digitizer_run1608_subrun318.csv,2,False,,,1.54,-0.4031
2026-04-09T17:41:01Z,Digitizer_run1608_subrun318.csv,3,False,,,1.22,-0.3943
2026-04-09T17:41:01Z,Digitizer_run1608_subrun318.csv,4,False,,,1.68,-0.4031
2026-04-09T17:41:01Z,Digitizer_run1608_subrun318.csv,5,False,,,1.26,-0.3813
2026-04-09T17:41:01Z,Digitizer_run1608_subrun318.csv,6,False,,,2.57,-0.4719
2026-04-09T17:41:01Z,Digitizer_run1608_subrun318.csv,7,False,,,2.31,-0.3929
2026-04-09T17:41:01Z,Digitizer_run1608_subrun318.csv,8,False,,,3.26,-0.478
2026-04-09T17:41:01Z,Digitizer_run1608_subrun318.csv,9,False,,,3.58,-0.4813
2026-04-09T17:41:01Z,Digitizer_run1608_subrun318.csv,10,False,,,2.08,-0.4185
2026-04-09T17:41:01Z,Digitizer_run1608_subrun318.csv,11,False,,,1.69,-0.4108
2026-04-09T17:41:01Z,Digitizer_run1608_subrun318.csv,12,False,,,1.49,-0.3898
2026-04-09T17:41:01Z,Digitizer_run1608_subrun318.csv,13,False,,,1.15,-0.3825
2026-04-09T17:41:01Z,Digitizer_run1608_subrun318.csv,14,False,,,1.61,-0.4259
2026-04-09T17:41:01Z,Digitizer_run1608_subrun318.csv,15,False,,,3.19,-0.4812
2026-04-09T17:41:01Z,Digitizer_run1608_subrun318.csv,16,False,,,2.4,-0.4276
2026-04-09T17:41:01Z,Digitizer_run1608_subrun318.csv,17,False,,,2.1,-0.413
2026-04-09T17:41:01Z,Digitizer_run1608_subrun318.csv,18,False,,,1.92,-0.4117
2026-04-09T17:41:01Z,Digitizer_run1608_subrun318.csv,19,False,,,1.92,-0.4008
2026-04-09T17:41:01Z,Digitizer_run1608_subrun318.csv,20,False,,,1.56,-0.3951
2026-04-09T17:41:01Z,Digitizer_run1608_subrun318.csv,21,False,,,1.53,-0.4041
2026-04-09T17:41:01Z,Digitizer_run1608_subrun318.csv,22,False,,,2.16,-0.4011
2026-04-09T17:41:01Z,Digitizer_run1608_subrun318.csv,23,False,,,1.04,-0.3659
2026-04-09T17:41:01Z,Digitizer_run1608_subrun318.csv,24,False,,,3.57,-0.4775
2026-04-09T17:41:01Z,Digitizer_run1608_subrun318.csv,25,False,,,2.97,-0.4525
2026-04-09T17:41:01Z,Digitizer_run1608_subrun318.csv,26,False,,,2.92,-0.4371
2026-04-09T17:41:01Z,Digitizer_run1608_subrun318.csv,27,False,,,1.99,-0.4376
2026-04-09T17:41:01Z,Digitizer_run1608_subrun318.csv,28,False,,,3.56,-0.4473
2026-04-09T17:41:01Z,Digitizer_run1608_subrun318.csv,29,False,,,3.2,-0.4386
2026-04-09T17:41:01Z,Digitizer_run1608_subrun318.csv,30,False,,,3.36,-0.4716
2026-04-09T17:41:01Z,Digitizer_run1608_subrun318.csv,31,False,,,2.44,-0.4465
2026-04-09T17:41:01Z,Digitizer_run1608_subrun318.csv,32,False,,,2.03,-0.416
2026-04-09T17:41:01Z,Digitizer_run1608_subrun318.csv,33,False,,,1.91,-0.4514
2026-04-09T17:41:01Z,Digitizer_run1608_subrun318.csv,34,False,,,1.44,-0.3912
2026-04-09T17:41:01Z,Digitizer_run1608_subrun318.csv,35,False,,,1.34,-0.39
2026-04-09T17:41:01Z,Digitizer_run1608_subrun318.csv,36,False,,,2.05,-0.415
2026-04-09T17:41:01Z,Digitizer_run1608_subrun318.csv,37,False,,,1.83,-0.4125
2026-04-09T17:41:01Z,Digitizer_run1608_subrun318.csv,38,False,,,3.0,-0.4537
2026-04-09T17:41:01Z,Digitizer_run1608_subrun318.csv,39,False,,,3.24,-0.4323
2026-04-09T17:41:01Z,Digitizer_run1608_subrun318.csv,40,False,,,1.48,-0.3956
2026-04-09T17:41:01Z,Digitizer_run1608_subrun318.csv,41,False,,,1.9,-0.3845
2026-04-09T17:41:01Z,Digitizer_run1608_subrun318.csv,42,False,,,3.87,-0.4411
2026-04-09T17:41:01Z,Digitizer_run1608_subrun318.csv,43,False,,,1.9,-0.4192
2026-04-09T17:41:01Z,Digitizer_run1608_subrun318.csv,44,False,,,2.4,-0.3953
2026-04-09T17:41:01Z,Digitizer_run1608_subrun318.csv,45,False,,,2.1,-0.4316
2026-04-09T17:41:01Z,Digitizer_run1608_subrun318.csv,46,False,,,3.49,-0.4478
2026-04-09T17:41:01Z,Digitizer_run1608_subrun318.csv,47,False,,,1.48,-0.4061
2026-04-09T17:41:01Z,Digitizer_run1608_subrun318.csv,48,True,isolation_forest,,2.86,-0.4971
2026-04-09T17:41:01Z,Digitizer_run1608_subrun318.csv,49,False,,,1.86,-0.4145
2026-04-09T17:41:01Z,Digitizer_run1608_subrun318.csv,50,False,,,2.1,-0.4063
2026-04-09T17:41:01Z,Digitizer_run1608_subrun318.csv,51,False,,,2.61,-0.4326
2026-04-09T17:41:01Z,Digitizer_run1608_subrun318.csv,52,False,,,1.41,-0.3839
2026-04-09T17:41:01Z,Digitizer_run1608_subrun318.csv,53,False,,,2.62,-0.4234
2026-04-09T17:41:01Z,Digitizer_run1608_subrun318.csv,54,False,,,1.93,-0.4
2026-04-09T17:41:01Z,Digitizer_run1608_subrun318.csv,55,False,,,2.12,-0.4332
2026-04-09T17:41:01Z,Digitizer_run1608_subrun318.csv,56,False,,,3.39,-0.438
2026-04-09T17:41:01Z,Digitizer_run1608_subrun318.csv,57,False,,,2.3,-0.394
2026-04-09T17:41:01Z,Digitizer_run1608_subrun318.csv,58,False,,,1.88,-0.3863
2026-04-09T17:41:01Z,Digitizer_run1608_subrun318.csv,59,False,,,2.09,-0.3978
2026-04-09T17:41:01Z,Digitizer_run1608_subrun318.csv,60,False,,,2.28,-0.4507
2026-04-09T17:41:01Z,Digitizer_run1608_subrun318.csv,61,False,,,1.36,-0.3917
2026-04-09T17:41:01Z,Digitizer_run1608_subrun318.csv,62,True,statistical+IF,pulseArea_max_median;pulseDuriation_min_median,7.35,-0.5429
2026-04-09T17:41:01Z,Digitizer_run1608_subrun318.csv,63,True,statistical+IF,pulseHeight_min_median;pulseArea_min_median,8.84,-0.5359
2026-04-09T17:41:01Z,Digitizer_run1608_subrun318.csv,64,False,,,1.81,-0.4124
2026-04-09T17:41:01Z,Digitizer_run1608_subrun318.csv,65,False,,,1.26,-0.3775
2026-04-09T17:41:01Z,Digitizer_run1608_subrun318.csv,66,False,,,1.94,-0.3877
2026-04-09T17:41:01Z,Digitizer_run1608_subrun318.csv,67,False,,,1.46,-0.4015
2026-04-09T17:41:01Z,Digitizer_run1608_subrun318.csv,68,True,isolation_forest,,2.88,-0.4952
2026-04-09T17:41:01Z,Digitizer_run1608_subrun318.csv,69,False,,,3.66,-0.4404
2026-04-09T17:41:01Z,Digitizer_run1608_subrun318.csv,70,False,,,1.76,-0.3828
2026-04-09T17:41:01Z,Digitizer_run1608_subrun318.csv,71,False,,,1.17,-0.3908
2026-04-09T17:41:01Z,Digitizer_run1608_subrun318.csv,72,False,,,3.24,-0.4604
2026-04-09T17:41:01Z,Digitizer_run1608_subrun318.csv,73,False,,,2.73,-0.468
2026-04-09T17:41:01Z,Digitizer_run1608_subrun318.csv,74,False,,,1.66,-0.4168
2026-04-09T17:41:01Z,Digitizer_run1608_subrun318.csv,75,False,,,2.64,-0.4604
2026-04-09T17:41:01Z,Digitizer_run1608_subrun318.csv,76,False,,,2.8,-0.4125
2026-04-09T17:41:01Z,Digitizer_run1608_subrun318.csv,77,False,,,3.65,-0.4388
2026-04-09T17:41:01Z,Digitizer_run1608_subrun318.csv,78,False,,,2.37,-0.4426
2026-04-09T17:41:01Z,Digitizer_run1608_subrun318.csv,79,False,,,1.98,-0.4241
2026-04-09T17:41:01Z,Digitizer_run1608_subrun318.csv,80,False,,,1.31,-0.3808
2026-04-09T17:41:01Z,Digitizer_run1608_subrun318.csv,81,False,,,1.81,-0.4201
2026-04-09T17:41:01Z,Digitizer_run1608_subrun318.csv,82,False,,,1.92,-0.4073
2026-04-09T17:41:01Z,Digitizer_run1608_subrun318.csv,83,False,,,1.67,-0.3809
2026-04-09T17:41:01Z,Digitizer_run1608_subrun318.csv,84,False,,,2.27,-0.4279
2026-04-09T17:41:01Z,Digitizer_run1608_subrun318.csv,85,False,,,3.11,-0.4131
2026-04-09T17:41:01Z,Digitizer_run1608_subrun318.csv,86,False,,,3.12,-0.4355
2026-04-09T17:41:01Z,Digitizer_run1608_subrun318.csv,87,False,,,1.83,-0.3948
2026-04-09T17:41:01Z,Digitizer_run1608_subrun318.csv,88,False,,,1.66,-0.4452
2026-04-09T17:41:01Z,Digitizer_run1608_subrun318.csv,89,False,,,1.66,-0.44
2026-04-09T17:41:01Z,Digitizer_run1608_subrun318.csv,90,False,,,1.75,-0.4243
2026-04-09T17:41:01Z,Digitizer_run1608_subrun318.csv,91,False,,,2.04,-0.4746
2026-04-09T17:41:01Z,Digitizer_run1608_subrun318.csv,92,True,isolation_forest,,2.5,-0.523
2026-04-09T17:41:01Z,Digitizer_run1608_subrun318.csv,93,True,isolation_forest,,3.96,-0.5556
2026-04-09T17:41:01Z,Digitizer_run1608_subrun318.csv,94,True,isolation_forest,,2.94,-0.5022
2026-04-09T17:41:01Z,Digitizer_run1608_subrun318.csv,95,False,,,2.37,-0.4464
2026-04-09T17:41:06Z,Digitizer_run1611_subrun363.csv,0,False,,,1.7,-0.4036
2026-04-09T17:41:06Z,Digitizer_run1611_subrun363.csv,1,False,,,2.08,-0.4175
2026-04-09T17:41:06Z,Digitizer_run1611_subrun363.csv,2,False,,,1.41,-0.3936
2026-04-09T17:41:06Z,Digitizer_run1611_subrun363.csv,3,False,,,3.43,-0.4482
2026-04-09T17:41:06Z,Digitizer_run1611_subrun363.csv,4,False,,,2.1,-0.4369
2026-04-09T17:41:06Z,Digitizer_run1611_subrun363.csv,5,False,,,1.88,-0.416
2026-04-09T17:41:06Z,Digitizer_run1611_subrun363.csv,6,False,,,1.61,-0.4179
2026-04-09T17:41:06Z,Digitizer_run1611_subrun363.csv,7,False,,,2.2,-0.425
2026-04-09T17:41:06Z,Digitizer_run1611_subrun363.csv,8,False,,,1.68,-0.4641
2026-04-09T17:41:06Z,Digitizer_run1611_subrun363.csv,9,False,,,1.99,-0.4131
2026-04-09T17:41:06Z,Digitizer_run1611_subrun363.csv,10,False,,,1.39,-0.4199
2026-04-09T17:41:06Z,Digitizer_run1611_subrun363.csv,11,False,,,2.2,-0.46
2026-04-09T17:41:06Z,Digitizer_run1611_subrun363.csv,12,False,,,1.42,-0.3879
2026-04-09T17:41:06Z,Digitizer_run1611_subrun363.csv,13,False,,,2.06,-0.389
2026-04-09T17:41:06Z,Digitizer_run1611_subrun363.csv,14,False,,,2.01,-0.4155
2026-04-09T17:41:06Z,Digitizer_run1611_subrun363.csv,15,True,isolation_forest,,2.85,-0.5054
2026-04-09T17:41:06Z,Digitizer_run1611_subrun363.csv,16,False,,,1.9,-0.4572
2026-04-09T17:41:06Z,Digitizer_run1611_subrun363.csv,17,False,,,2.26,-0.4619
2026-04-09T17:41:06Z,Digitizer_run1611_subrun363.csv,18,False,,,1.42,-0.399
2026-04-09T17:41:06Z,Digitizer_run1611_subrun363.csv,19,False,,,1.55,-0.4193
2026-04-09T17:41:06Z,Digitizer_run1611_subrun363.csv,20,False,,,1.92,-0.3899
2026-04-09T17:41:06Z,Digitizer_run1611_subrun363.csv,21,False,,,1.6,-0.4071
2026-04-09T17:41:06Z,Digitizer_run1611_subrun363.csv,22,False,,,1.72,-0.4217
2026-04-09T17:41:06Z,Digitizer_run1611_subrun363.csv,23,False,,,1.68,-0.4039
2026-04-09T17:41:06Z,Digitizer_run1611_subrun363.csv,24,False,,,1.71,-0.4346
2026-04-09T17:41:06Z,Digitizer_run1611_subrun363.csv,25,False,,,1.9,-0.4481
2026-04-09T17:41:06Z,Digitizer_run1611_subrun363.csv,26,False,,,3.94,-0.4592
2026-04-09T17:41:06Z,Digitizer_run1611_subrun363.csv,27,False,,,4.61,-0.4726
2026-04-09T17:41:06Z,Digitizer_run1611_subrun363.csv,28,False,,,2.56,-0.4812
2026-04-09T17:41:06Z,Digitizer_run1611_subrun363.csv,29,False,,,2.38,-0.4309
2026-04-09T17:41:06Z,Digitizer_run1611_subrun363.csv,30,False,,,2.15,-0.4076
2026-04-09T17:41:06Z,Digitizer_run1611_subrun363.csv,31,False,,,2.11,-0.3982
2026-04-09T17:41:06Z,Digitizer_run1611_subrun363.csv,32,False,,,2.71,-0.4619
2026-04-09T17:41:06Z,Digitizer_run1611_subrun363.csv,33,False,,,1.41,-0.4021
2026-04-09T17:41:06Z,Digitizer_run1611_subrun363.csv,34,False,,,2.81,-0.483
2026-04-09T17:41:06Z,Digitizer_run1611_subrun363.csv,35,False,,,1.84,-0.4295
2026-04-09T17:41:06Z,Digitizer_run1611_subrun363.csv,36,False,,,2.93,-0.4794
2026-04-09T17:41:06Z,Digitizer_run1611_subrun363.csv,37,True,isolation_forest,,3.43,-0.5154
2026-04-09T17:41:06Z,Digitizer_run1611_subrun363.csv,38,False,,,2.96,-0.4324
2026-04-09T17:41:06Z,Digitizer_run1611_subrun363.csv,39,False,,,2.27,-0.4175
2026-04-09T17:41:06Z,Digitizer_run1611_subrun363.csv,40,False,,,2.09,-0.4476
2026-04-09T17:41:06Z,Digitizer_run1611_subrun363.csv,41,False,,,2.72,-0.4279
2026-04-09T17:41:06Z,Digitizer_run1611_subrun363.csv,42,False,,,1.57,-0.4087
2026-04-09T17:41:06Z,Digitizer_run1611_subrun363.csv,43,False,,,1.45,-0.397
2026-04-09T17:41:06Z,Digitizer_run1611_subrun363.csv,44,False,,,2.91,-0.4254
2026-04-09T17:41:06Z,Digitizer_run1611_subrun363.csv,45,False,,,2.53,-0.4571
2026-04-09T17:41:06Z,Digitizer_run1611_subrun363.csv,46,False,,,1.97,-0.4018
2026-04-09T17:41:06Z,Digitizer_run1611_subrun363.csv,47,False,,,2.0,-0.4009
2026-04-09T17:41:06Z,Digitizer_run1611_subrun363.csv,48,False,,,2.27,-0.4567
2026-04-09T17:41:06Z,Digitizer_run1611_subrun363.csv,49,False,,,1.7,-0.406
2026-04-09T17:41:06Z,Digitizer_run1611_subrun363.csv,50,False,,,2.34,-0.3858
2026-04-09T17:41:06Z,Digitizer_run1611_subrun363.csv,51,False,,,3.35,-0.4284
2026-04-09T17:41:06Z,Digitizer_run1611_subrun363.csv,52,False,,,2.32,-0.4276
2026-04-09T17:41:06Z,Digitizer_run1611_subrun363.csv,53,False,,,1.46,-0.3973
2026-04-09T17:41:06Z,Digitizer_run1611_subrun363.csv,54,False,,,1.73,-0.3883
2026-04-09T17:41:06Z,Digitizer_run1611_subrun363.csv,55,False,,,1.44,-0.4021
2026-04-09T17:41:06Z,Digitizer_run1611_subrun363.csv,56,True,statistical+IF,sideband_mean_median,8.42,-0.5706
2026-04-09T17:41:06Z,Digitizer_run1611_subrun363.csv,57,False,,,2.17,-0.4611
2026-04-09T17:41:06Z,Digitizer_run1611_subrun363.csv,58,True,isolation_forest,,2.93,-0.5409
2026-04-09T17:41:06Z,Digitizer_run1611_subrun363.csv,59,False,,,2.3,-0.4881
2026-04-09T17:41:06Z,Digitizer_run1611_subrun363.csv,60,False,,,1.66,-0.4058
2026-04-09T17:41:06Z,Digitizer_run1611_subrun363.csv,61,False,,,1.36,-0.3936
2026-04-09T17:41:06Z,Digitizer_run1611_subrun363.csv,62,False,,,1.64,-0.429
2026-04-09T17:41:06Z,Digitizer_run1611_subrun363.csv,63,False,,,2.81,-0.4727
2026-04-09T17:41:06Z,Digitizer_run1611_subrun363.csv,64,False,,,3.2,-0.4556
2026-04-09T17:41:06Z,Digitizer_run1611_subrun363.csv,65,False,,,1.89,-0.4227
2026-04-09T17:41:06Z,Digitizer_run1611_subrun363.csv,66,False,,,1.8,-0.3985
2026-04-09T17:41:06Z,Digitizer_run1611_subrun363.csv,67,False,,,1.42,-0.3894
2026-04-09T17:41:06Z,Digitizer_run1611_subrun363.csv,68,False,,,1.84,-0.4366
2026-04-09T17:41:06Z,Digitizer_run1611_subrun363.csv,69,True,isolation_forest,,3.19,-0.5059
2026-04-09T17:41:06Z,Digitizer_run1611_subrun363.csv,70,False,,,2.44,-0.4815
2026-04-09T17:41:06Z,Digitizer_run1611_subrun363.csv,71,False,,,2.76,-0.4862
2026-04-09T17:41:06Z,Digitizer_run1611_subrun363.csv,72,False,,,2.63,-0.4912
2026-04-09T17:41:06Z,Digitizer_run1611_subrun363.csv,73,False,,,2.12,-0.4406
2026-04-09T17:41:06Z,Digitizer_run1611_subrun363.csv,74,True,isolation_forest,,3.31,-0.496
2026-04-09T17:41:06Z,Digitizer_run1611_subrun363.csv,75,False,,,3.96,-0.4506
2026-04-09T17:41:06Z,Digitizer_run1611_subrun363.csv,76,False,,,2.13,-0.392
2026-04-09T17:41:06Z,Digitizer_run1611_subrun363.csv,77,False,,,2.26,-0.4299
2026-04-09T17:41:06Z,Digitizer_run1611_subrun363.csv,78,False,,,2.65,-0.4516
2026-04-09T17:41:06Z,Digitizer_run1611_subrun363.csv,79,False,,,1.68,-0.4275
2026-04-09T17:41:06Z,Digitizer_run1611_subrun363.csv,80,True,isolation_forest,,2.45,-0.5005
2026-04-09T17:41:06Z,Digitizer_run1611_subrun363.csv,81,False,,,1.68,-0.4252
2026-04-09T17:41:06Z,Digitizer_run1611_subrun363.csv,82,False,,,1.41,-0.4082
2026-04-09T17:41:06Z,Digitizer_run1611_subrun363.csv,83,False,,,1.44,-0.4081
2026-04-09T17:41:06Z,Digitizer_run1611_subrun363.csv,84,True,isolation_forest,,3.71,-0.5011
2026-04-09T17:41:06Z,Digitizer_run1611_subrun363.csv,85,False,,,2.33,-0.4422
2026-04-09T17:41:06Z,Digitizer_run1611_subrun363.csv,86,False,,,2.99,-0.4156
2026-04-09T17:41:06Z,Digitizer_run1611_subrun363.csv,87,False,,,2.99,-0.436
2026-04-09T17:41:06Z,Digitizer_run1611_subrun363.csv,88,False,,,3.29,-0.4911
2026-04-09T17:41:06Z,Digitizer_run1611_subrun363.csv,89,False,,,1.74,-0.4747
2026-04-09T17:41:06Z,Digitizer_run1611_subrun363.csv,90,False,,,2.66,-0.4265
2026-04-09T17:41:06Z,Digitizer_run1611_subrun363.csv,91,False,,,2.11,-0.4639
2026-04-09T17:41:06Z,Digitizer_run1611_subrun363.csv,92,True,isolation_forest,,2.24,-0.4922
2026-04-09T17:41:06Z,Digitizer_run1611_subrun363.csv,93,True,isolation_forest,,1.89,-0.4937
2026-04-09T17:41:06Z,Digitizer_run1611_subrun363.csv,94,False,,,2.28,-0.4908
2026-04-09T17:41:06Z,Digitizer_run1611_subrun363.csv,95,True,isolation_forest,,2.25,-0.5348
2026-04-09T17:41:10Z,Digitizer_run1607_subrun125.csv,0,False,,,1.13,-0.3766
2026-04-09T17:41:10Z,Digitizer_run1607_subrun125.csv,1,False,,,1.94,-0.4137
2026-04-09T17:41:10Z,Digitizer_run1607_subrun125.csv,2,False,,,1.43,-0.3963
2026-04-09T17:41:10Z,Digitizer_run1607_subrun125.csv,3,False,,,3.26,-0.4641
2026-04-09T17:41:10Z,Digitizer_run1607_subrun125.csv,4,False,,,1.74,-0.3941
2026-04-09T17:41:10Z,Digitizer_run1607_subrun125.csv,5,False,,,1.68,-0.4
2026-04-09T17:41:10Z,Digitizer_run1607_subrun125.csv,6,False,,,2.9,-0.4281
2026-04-09T17:41:10Z,Digitizer_run1607_subrun125.csv,7,False,,,2.69,-0.4339
2026-04-09T17:41:10Z,Digitizer_run1607_subrun125.csv,8,False,,,1.68,-0.401
2026-04-09T17:41:10Z,Digitizer_run1607_subrun125.csv,9,False,,,1.78,-0.3979
2026-04-09T17:41:10Z,Digitizer_run1607_subrun125.csv,10,True,isolation_forest,,3.23,-0.5111
2026-04-09T17:41:10Z,Digitizer_run1607_subrun125.csv,11,False,,,2.14,-0.4564
2026-04-09T17:41:10Z,Digitizer_run1607_subrun125.csv,12,False,,,2.03,-0.4167
2026-04-09T17:41:10Z,Digitizer_run1607_subrun125.csv,13,False,,,1.59,-0.4033
2026-04-09T17:41:10Z,Digitizer_run1607_subrun125.csv,14,False,,,1.25,-0.4018
2026-04-09T17:41:10Z,Digitizer_run1607_subrun125.csv,15,False,,,2.8,-0.4179
2026-04-09T17:41:10Z,Digitizer_run1607_subrun125.csv,16,True,isolation_forest,,3.16,-0.5055
2026-04-09T17:41:10Z,Digitizer_run1607_subrun125.csv,17,False,,,2.65,-0.4277
2026-04-09T17:41:10Z,Digitizer_run1607_subrun125.csv,18,False,,,2.72,-0.4428
2026-04-09T17:41:10Z,Digitizer_run1607_subrun125.csv,19,False,,,2.32,-0.4246
2026-04-09T17:41:10Z,Digitizer_run1607_subrun125.csv,20,False,,,1.26,-0.3811
2026-04-09T17:41:10Z,Digitizer_run1607_subrun125.csv,21,False,,,4.12,-0.4562
2026-04-09T17:41:10Z,Digitizer_run1607_subrun125.csv,22,False,,,1.66,-0.4004
2026-04-09T17:41:10Z,Digitizer_run1607_subrun125.csv,23,False,,,3.19,-0.4785
2026-04-09T17:41:10Z,Digitizer_run1607_subrun125.csv,24,False,,,2.45,-0.4407
2026-04-09T17:41:10Z,Digitizer_run1607_subrun125.csv,25,False,,,1.84,-0.4264
2026-04-09T17:41:10Z,Digitizer_run1607_subrun125.csv,26,False,,,2.34,-0.4518
2026-04-09T17:41:10Z,Digitizer_run1607_subrun125.csv,27,False,,,3.07,-0.4629
2026-04-09T17:41:10Z,Digitizer_run1607_subrun125.csv,28,False,,,2.7,-0.462
2026-04-09T17:41:10Z,Digitizer_run1607_subrun125.csv,29,False,,,2.3,-0.4319
2026-04-09T17:41:10Z,Digitizer_run1607_subrun125.csv,30,False,,,1.54,-0.411
2026-04-09T17:41:10Z,Digitizer_run1607_subrun125.csv,31,False,,,1.84,-0.406
2026-04-09T17:41:10Z,Digitizer_run1607_subrun125.csv,32,False,,,2.48,-0.4333
2026-04-09T17:41:10Z,Digitizer_run1607_subrun125.csv,33,False,,,3.5,-0.4155
2026-04-09T17:41:10Z,Digitizer_run1607_subrun125.csv,34,False,,,1.67,-0.4296
2026-04-09T17:41:10Z,Digitizer_run1607_subrun125.csv,35,False,,,1.97,-0.4007
2026-04-09T17:41:10Z,Digitizer_run1607_subrun125.csv,36,False,,,2.33,-0.441
2026-04-09T17:41:10Z,Digitizer_run1607_subrun125.csv,37,False,,,1.14,-0.3812
2026-04-09T17:41:10Z,Digitizer_run1607_subrun125.csv,38,False,,,2.56,-0.4267
2026-04-09T17:41:10Z,Digitizer_run1607_subrun125.csv,39,False,,,1.86,-0.3881
2026-04-09T17:41:10Z,Digitizer_run1607_subrun125.csv,40,False,,,2.49,-0.4132
2026-04-09T17:41:10Z,Digitizer_run1607_subrun125.csv,41,False,,,2.39,-0.4187
2026-04-09T17:41:10Z,Digitizer_run1607_subrun125.csv,42,False,,,3.23,-0.4736
2026-04-09T17:41:10Z,Digitizer_run1607_subrun125.csv,43,False,,,1.56,-0.3976
2026-04-09T17:41:10Z,Digitizer_run1607_subrun125.csv,44,False,,,1.7,-0.4562
2026-04-09T17:41:10Z,Digitizer_run1607_subrun125.csv,45,False,,,1.57,-0.4336
2026-04-09T17:41:10Z,Digitizer_run1607_subrun125.csv,46,False,,,2.96,-0.4498
2026-04-09T17:41:10Z,Digitizer_run1607_subrun125.csv,47,False,,,2.62,-0.4485
2026-04-09T17:41:10Z,Digitizer_run1607_subrun125.csv,48,False,,,1.88,-0.4043
2026-04-09T17:41:10Z,Digitizer_run1607_subrun125.csv,49,False,,,3.04,-0.4197
2026-04-09T17:41:10Z,Digitizer_run1607_subrun125.csv,50,False,,,1.88,-0.3947
2026-04-09T17:41:10Z,Digitizer_run1607_subrun125.csv,51,False,,,1.14,-0.3707
2026-04-09T17:41:10Z,Digitizer_run1607_subrun125.csv,52,True,isolation_forest,,4.31,-0.5305
2026-04-09T17:41:10Z,Digitizer_run1607_subrun125.csv,53,False,,,2.89,-0.4702
2026-04-09T17:41:10Z,Digitizer_run1607_subrun125.csv,54,False,,,1.66,-0.4027
2026-04-09T17:41:10Z,Digitizer_run1607_subrun125.csv,55,False,,,1.27,-0.3974
2026-04-09T17:41:10Z,Digitizer_run1607_subrun125.csv,56,False,,,1.62,-0.3971
2026-04-09T17:41:10Z,Digitizer_run1607_subrun125.csv,57,False,,,1.53,-0.3918
2026-04-09T17:41:10Z,Digitizer_run1607_subrun125.csv,58,False,,,1.29,-0.3832
2026-04-09T17:41:10Z,Digitizer_run1607_subrun125.csv,59,False,,,2.03,-0.4391
2026-04-09T17:41:10Z,Digitizer_run1607_subrun125.csv,60,False,,,2.99,-0.4383
2026-04-09T17:41:10Z,Digitizer_run1607_subrun125.csv,61,False,,,3.01,-0.4471
2026-04-09T17:41:10Z,Digitizer_run1607_subrun125.csv,62,False,,,1.39,-0.3869
2026-04-09T17:41:10Z,Digitizer_run1607_subrun125.csv,63,False,,,1.4,-0.3963
2026-04-09T17:41:10Z,Digitizer_run1607_subrun125.csv,64,False,,,1.42,-0.3917
2026-04-09T17:41:10Z,Digitizer_run1607_subrun125.csv,65,False,,,1.31,-0.3869
2026-04-09T17:41:10Z,Digitizer_run1607_subrun125.csv,66,False,,,1.54,-0.3865
2026-04-09T17:41:10Z,Digitizer_run1607_subrun125.csv,67,False,,,1.81,-0.4263
2026-04-09T17:41:10Z,Digitizer_run1607_subrun125.csv,68,False,,,2.0,-0.4363
2026-04-09T17:41:10Z,Digitizer_run1607_subrun125.csv,69,False,,,2.01,-0.4031
2026-04-09T17:41:10Z,Digitizer_run1607_subrun125.csv,70,False,,,2.17,-0.4032
2026-04-09T17:41:10Z,Digitizer_run1607_subrun125.csv,71,False,,,3.23,-0.4436
2026-04-09T17:41:10Z,Digitizer_run1607_subrun125.csv,72,False,,,2.31,-0.4588
2026-04-09T17:41:10Z,Digitizer_run1607_subrun125.csv,73,False,,,3.22,-0.4914
2026-04-09T17:41:10Z,Digitizer_run1607_subrun125.csv,74,False,,,2.12,-0.4125
2026-04-09T17:41:10Z,Digitizer_run1607_subrun125.csv,75,False,,,1.86,-0.4248
2026-04-09T17:41:10Z,Digitizer_run1607_subrun125.csv,76,False,,,1.72,-0.3948
2026-04-09T17:41:10Z,Digitizer_run1607_subrun125.csv,77,False,,,1.45,-0.3878
2026-04-09T17:41:10Z,Digitizer_run1607_subrun125.csv,78,False,,,1.16,-0.3727
2026-04-09T17:41:10Z,Digitizer_run1607_subrun125.csv,79,False,,,1.16,-0.3697
2026-04-09T17:41:10Z,Digitizer_run1607_subrun125.csv,80,False,,,1.54,-0.398
2026-04-09T17:41:10Z,Digitizer_run1607_subrun125.csv,81,False,,,1.71,-0.4019
2026-04-09T17:41:10Z,Digitizer_run1607_subrun125.csv,82,False,,,3.1,-0.4424
2026-04-09T17:41:10Z,Digitizer_run1607_subrun125.csv,83,False,,,3.65,-0.4701
2026-04-09T17:41:10Z,Digitizer_run1607_subrun125.csv,84,False,,,1.95,-0.3929
2026-04-09T17:41:10Z,Digitizer_run1607_subrun125.csv,85,False,,,1.75,-0.4128
2026-04-09T17:41:10Z,Digitizer_run1607_subrun125.csv,86,False,,,3.62,-0.4591
2026-04-09T17:41:10Z,Digitizer_run1607_subrun125.csv,87,False,,,2.72,-0.4422
2026-04-09T17:41:10Z,Digitizer_run1607_subrun125.csv,88,False,,,1.29,-0.4164
2026-04-09T17:41:10Z,Digitizer_run1607_subrun125.csv,89,False,,,2.2,-0.4255
2026-04-09T17:41:10Z,Digitizer_run1607_subrun125.csv,90,False,,,2.21,-0.4288
2026-04-09T17:41:10Z,Digitizer_run1607_subrun125.csv,91,False,,,2.23,-0.4562
2026-04-09T17:41:10Z,Digitizer_run1607_subrun125.csv,92,False,,,1.98,-0.46
2026-04-09T17:41:10Z,Digitizer_run1607_subrun125.csv,93,False,,,2.7,-0.4543
2026-04-09T17:41:10Z,Digitizer_run1607_subrun125.csv,94,False,,,2.57,-0.4625
2026-04-09T17:41:10Z,Digitizer_run1607_subrun125.csv,95,False,,,2.91,-0.4752
2026-04-09T17:41:16Z,Digitizer_run1607_subrun173.csv,0,False,,,1.82,-0.4172
2026-04-09T17:41:16Z,Digitizer_run1607_subrun173.csv,1,False,,,3.87,-0.4368
2026-04-09T17:41:16Z,Digitizer_run1607_subrun173.csv,2,False,,,2.43,-0.4182
2026-04-09T17:41:16Z,Digitizer_run1607_subrun173.csv,3,False,,,1.55,-0.4306
2026-04-09T17:41:16Z,Digitizer_run1607_subrun173.csv,4,False,,,1.85,-0.414
2026-04-09T17:41:16Z,Digitizer_run1607_subrun173.csv,5,False,,,3.27,-0.4426
2026-04-09T17:41:16Z,Digitizer_run1607_subrun173.csv,6,False,,,1.95,-0.4223
2026-04-09T17:41:16Z,Digitizer_run1607_subrun173.csv,7,False,,,2.44,-0.4531
2026-04-09T17:41:16Z,Digitizer_run1607_subrun173.csv,8,False,,,1.72,-0.4415
2026-04-09T17:41:16Z,Digitizer_run1607_subrun173.csv,9,False,,,1.6,-0.3915
2026-04-09T17:41:16Z,Digitizer_run1607_subrun173.csv,10,False,,,1.11,-0.374
2026-04-09T17:41:16Z,Digitizer_run1607_subrun173.csv,11,False,,,1.12,-0.3742
2026-04-09T17:41:16Z,Digitizer_run1607_subrun173.csv,12,False,,,1.21,-0.3838
2026-04-09T17:41:16Z,Digitizer_run1607_subrun173.csv,13,False,,,1.31,-0.3883
2026-04-09T17:41:16Z,Digitizer_run1607_subrun173.csv,14,False,,,2.33,-0.3944
2026-04-09T17:41:16Z,Digitizer_run1607_subrun173.csv,15,False,,,1.48,-0.3889
2026-04-09T17:41:16Z,Digitizer_run1607_subrun173.csv,16,False,,,2.09,-0.4026
2026-04-09T17:41:16Z,Digitizer_run1607_subrun173.csv,17,False,,,1.97,-0.3917
2026-04-09T17:41:16Z,Digitizer_run1607_subrun173.csv,18,False,,,2.08,-0.3944
2026-04-09T17:41:16Z,Digitizer_run1607_subrun173.csv,19,False,,,2.56,-0.4082
2026-04-09T17:41:16Z,Digitizer_run1607_subrun173.csv,20,False,,,1.22,-0.3795
2026-04-09T17:41:16Z,Digitizer_run1607_subrun173.csv,21,False,,,1.85,-0.4118
2026-04-09T17:41:16Z,Digitizer_run1607_subrun173.csv,22,False,,,2.04,-0.4058
2026-04-09T17:41:16Z,Digitizer_run1607_subrun173.csv,23,False,,,2.28,-0.4011
2026-04-09T17:41:16Z,Digitizer_run1607_subrun173.csv,24,False,,,1.84,-0.41
2026-04-09T17:41:16Z,Digitizer_run1607_subrun173.csv,25,False,,,1.28,-0.3833
2026-04-09T17:41:16Z,Digitizer_run1607_subrun173.csv,26,False,,,2.41,-0.4216
2026-04-09T17:41:16Z,Digitizer_run1607_subrun173.csv,27,False,,,1.36,-0.3951
2026-04-09T17:41:16Z,Digitizer_run1607_subrun173.csv,28,False,,,2.04,-0.4506
2026-04-09T17:41:16Z,Digitizer_run1607_subrun173.csv,29,False,,,2.28,-0.4438
2026-04-09T17:41:16Z,Digitizer_run1607_subrun173.csv,30,False,,,2.22,-0.4244
2026-04-09T17:41:16Z,Digitizer_run1607_subrun173.csv,31,False,,,1.89,-0.4023
2026-04-09T17:41:16Z,Digitizer_run1607_subrun173.csv,32,False,,,1.93,-0.4369
2026-04-09T17:41:16Z,Digitizer_run1607_subrun173.csv,33,False,,,1.58,-0.3879
2026-04-09T17:41:16Z,Digitizer_run1607_subrun173.csv,34,False,,,3.78,-0.4869
2026-04-09T17:41:16Z,Digitizer_run1607_subrun173.csv,35,True,isolation_forest,,4.03,-0.5292
2026-04-09T17:41:16Z,Digitizer_run1607_subrun173.csv,36,False,,,1.75,-0.3927
2026-04-09T17:41:16Z,Digitizer_run1607_subrun173.csv,37,False,,,1.68,-0.39
2026-04-09T17:41:16Z,Digitizer_run1607_subrun173.csv,38,False,,,2.57,-0.4207
2026-04-09T17:41:16Z,Digitizer_run1607_subrun173.csv,39,False,,,1.76,-0.4134
2026-04-09T17:41:16Z,Digitizer_run1607_subrun173.csv,40,False,,,2.32,-0.4298
2026-04-09T17:41:16Z,Digitizer_run1607_subrun173.csv,41,False,,,3.14,-0.4567
2026-04-09T17:41:16Z,Digitizer_run1607_subrun173.csv,42,False,,,1.48,-0.406
2026-04-09T17:41:16Z,Digitizer_run1607_subrun173.csv,43,False,,,2.64,-0.4779
2026-04-09T17:41:16Z,Digitizer_run1607_subrun173.csv,44,False,,,2.96,-0.435
2026-04-09T17:41:16Z,Digitizer_run1607_subrun173.csv,45,False,,,2.88,-0.4567
2026-04-09T17:41:16Z,Digitizer_run1607_subrun173.csv,46,False,,,1.61,-0.3928
2026-04-09T17:41:16Z,Digitizer_run1607_subrun173.csv,47,False,,,1.26,-0.3907
2026-04-09T17:41:16Z,Digitizer_run1607_subrun173.csv,48,False,,,2.67,-0.4299
2026-04-09T17:41:16Z,Digitizer_run1607_subrun173.csv,49,False,,,2.81,-0.4364
2026-04-09T17:41:16Z,Digitizer_run1607_subrun173.csv,50,False,,,1.33,-0.3882
2026-04-09T17:41:16Z,Digitizer_run1607_subrun173.csv,51,False,,,1.73,-0.3949
2026-04-09T17:41:16Z,Digitizer_run1607_subrun173.csv,52,False,,,2.84,-0.4656
2026-04-09T17:41:16Z,Digitizer_run1607_subrun173.csv,53,False,,,2.31,-0.4414
2026-04-09T17:41:16Z,Digitizer_run1607_subrun173.csv,54,True,isolation_forest,,4.35,-0.5458
2026-04-09T17:41:16Z,Digitizer_run1607_subrun173.csv,55,False,,,3.25,-0.4652
2026-04-09T17:41:16Z,Digitizer_run1607_subrun173.csv,56,False,,,1.21,-0.3801
2026-04-09T17:41:16Z,Digitizer_run1607_subrun173.csv,57,False,,,1.69,-0.3986
2026-04-09T17:41:16Z,Digitizer_run1607_subrun173.csv,58,False,,,2.06,-0.4366
2026-04-09T17:41:16Z,Digitizer_run1607_subrun173.csv,59,False,,,2.24,-0.4109
2026-04-09T17:41:16Z,Digitizer_run1607_subrun173.csv,60,False,,,2.56,-0.3938
2026-04-09T17:41:16Z,Digitizer_run1607_subrun173.csv,61,False,,,1.86,-0.3949
2026-04-09T17:41:16Z,Digitizer_run1607_subrun173.csv,62,False,,,1.22,-0.3763
2026-04-09T17:41:16Z,Digitizer_run1607_subrun173.csv,63,False,,,2.43,-0.4256
2026-04-09T17:41:16Z,Digitizer_run1607_subrun173.csv,64,True,isolation_forest,,4.06,-0.5197
2026-04-09T17:41:16Z,Digitizer_run1607_subrun173.csv,65,False,,,3.5,-0.4768
2026-04-09T17:41:16Z,Digitizer_run1607_subrun173.csv,66,False,,,2.65,-0.463
2026-04-09T17:41:16Z,Digitizer_run1607_subrun173.csv,67,True,isolation_forest,,3.76,-0.5061
2026-04-09T17:41:16Z,Digitizer_run1607_subrun173.csv,68,False,,,1.58,-0.413
2026-04-09T17:41:16Z,Digitizer_run1607_subrun173.csv,69,False,,,1.15,-0.3895
2026-04-09T17:41:16Z,Digitizer_run1607_subrun173.csv,70,False,,,3.7,-0.4205
2026-04-09T17:41:16Z,Digitizer_run1607_subrun173.csv,71,False,,,4.39,-0.4262
2026-04-09T17:41:16Z,Digitizer_run1607_subrun173.csv,72,True,isolation_forest,,2.93,-0.5058
2026-04-09T17:41:16Z,Digitizer_run1607_subrun173.csv,73,False,,,2.68,-0.4901
2026-04-09T17:41:16Z,Digitizer_run1607_subrun173.csv,74,False,,,1.49,-0.3866
2026-04-09T17:41:16Z,Digitizer_run1607_subrun173.csv,75,False,,,1.52,-0.3874
2026-04-09T17:41:16Z,Digitizer_run1607_subrun173.csv,76,False,,,1.51,-0.384
2026-04-09T17:41:16Z,Digitizer_run1607_subrun173.csv,77,False,,,3.65,-0.4258
2026-04-09T17:41:16Z,Digitizer_run1607_subrun173.csv,78,False,,,1.45,-0.3818
2026-04-09T17:41:16Z,Digitizer_run1607_subrun173.csv,79,False,,,2.08,-0.3859
2026-04-09T17:41:16Z,Digitizer_run1607_subrun173.csv,80,False,,,1.69,-0.3965
2026-04-09T17:41:16Z,Digitizer_run1607_subrun173.csv,81,False,,,1.85,-0.4105
2026-04-09T17:41:16Z,Digitizer_run1607_subrun173.csv,82,False,,,4.4,-0.4841
2026-04-09T17:41:16Z,Digitizer_run1607_subrun173.csv,83,False,,,4.93,-0.4351
2026-04-09T17:41:16Z,Digitizer_run1607_subrun173.csv,84,False,,,1.5,-0.3894
2026-04-09T17:41:16Z,Digitizer_run1607_subrun173.csv,85,False,,,1.47,-0.3844
2026-04-09T17:41:16Z,Digitizer_run1607_subrun173.csv,86,False,,,1.87,-0.4295
2026-04-09T17:41:16Z,Digitizer_run1607_subrun173.csv,87,False,,,1.12,-0.3817
2026-04-09T17:41:16Z,Digitizer_run1607_subrun173.csv,88,False,,,2.05,-0.4573
2026-04-09T17:41:16Z,Digitizer_run1607_subrun173.csv,89,False,,,1.88,-0.4172
2026-04-09T17:41:16Z,Digitizer_run1607_subrun173.csv,90,False,,,2.07,-0.4538
2026-04-09T17:41:16Z,Digitizer_run1607_subrun173.csv,91,False,,,2.1,-0.4636
2026-04-09T17:41:16Z,Digitizer_run1607_subrun173.csv,92,True,isolation_forest,,2.32,-0.5109
2026-04-09T17:41:16Z,Digitizer_run1607_subrun173.csv,93,False,,,2.87,-0.4233
2026-04-09T17:41:16Z,Digitizer_run1607_subrun173.csv,94,True,isolation_forest,,3.68,-0.4984
2026-04-09T17:41:16Z,Digitizer_run1607_subrun173.csv,95,False,,,1.45,-0.448
2026-04-09T17:41:22Z,Digitizer_run1607_subrun130.csv,0,False,,,1.83,-0.3863
2026-04-09T17:41:22Z,Digitizer_run1607_subrun130.csv,1,False,,,2.41,-0.4493
2026-04-09T17:41:22Z,Digitizer_run1607_subrun130.csv,2,False,,,1.84,-0.4248
2026-04-09T17:41:22Z,Digitizer_run1607_subrun130.csv,3,False,,,2.05,-0.4653
2026-04-09T17:41:22Z,Digitizer_run1607_subrun130.csv,4,False,,,1.85,-0.4061
2026-04-09T17:41:22Z,Digitizer_run1607_subrun130.csv,5,False,,,1.85,-0.4292
2026-04-09T17:41:22Z,Digitizer_run1607_subrun130.csv,6,False,,,2.54,-0.4268
2026-04-09T17:41:22Z,Digitizer_run1607_subrun130.csv,7,False,,,2.04,-0.438
2026-04-09T17:41:22Z,Digitizer_run1607_subrun130.csv,8,False,,,2.93,-0.4561
2026-04-09T17:41:22Z,Digitizer_run1607_subrun130.csv,9,False,,,2.48,-0.4046
2026-04-09T17:41:22Z,Digitizer_run1607_subrun130.csv,10,False,,,2.81,-0.4872
2026-04-09T17:41:22Z,Digitizer_run1607_subrun130.csv,11,False,,,2.3,-0.4765
2026-04-09T17:41:22Z,Digitizer_run1607_subrun130.csv,12,False,,,1.85,-0.3827
2026-04-09T17:41:22Z,Digitizer_run1607_subrun130.csv,13,False,,,1.86,-0.3914
2026-04-09T17:41:22Z,Digitizer_run1607_subrun130.csv,14,False,,,1.87,-0.3983
2026-04-09T17:41:22Z,Digitizer_run1607_subrun130.csv,15,False,,,2.37,-0.4238
2026-04-09T17:41:22Z,Digitizer_run1607_subrun130.csv,16,False,,,3.08,-0.4854
2026-04-09T17:41:22Z,Digitizer_run1607_subrun130.csv,17,False,,,2.59,-0.4313
2026-04-09T17:41:22Z,Digitizer_run1607_subrun130.csv,18,False,,,2.25,-0.4259
2026-04-09T17:41:22Z,Digitizer_run1607_subrun130.csv,19,False,,,1.83,-0.4291
2026-04-09T17:41:22Z,Digitizer_run1607_subrun130.csv,20,False,,,2.34,-0.4281
2026-04-09T17:41:22Z,Digitizer_run1607_subrun130.csv,21,True,isolation_forest,,3.39,-0.5219
2026-04-09T17:41:22Z,Digitizer_run1607_subrun130.csv,22,False,,,1.85,-0.4425
2026-04-09T17:41:22Z,Digitizer_run1607_subrun130.csv,23,False,,,2.03,-0.4264
2026-04-09T17:41:22Z,Digitizer_run1607_subrun130.csv,24,False,,,1.84,-0.4027
2026-04-09T17:41:22Z,Digitizer_run1607_subrun130.csv,25,False,,,1.85,-0.4068
2026-04-09T17:41:22Z,Digitizer_run1607_subrun130.csv,26,False,,,1.87,-0.4391
2026-04-09T17:41:22Z,Digitizer_run1607_subrun130.csv,27,False,,,1.87,-0.4071
2026-04-09T17:41:22Z,Digitizer_run1607_subrun130.csv,28,True,statistical,nPulses_median,14.14,-0.4775
2026-04-09T17:41:22Z,Digitizer_run1607_subrun130.csv,29,False,,,1.91,-0.4472
2026-04-09T17:41:22Z,Digitizer_run1607_subrun130.csv,30,False,,,3.1,-0.4439
2026-04-09T17:41:22Z,Digitizer_run1607_subrun130.csv,31,False,,,2.04,-0.4283
2026-04-09T17:41:22Z,Digitizer_run1607_subrun130.csv,32,False,,,1.85,-0.4097
2026-04-09T17:41:22Z,Digitizer_run1607_subrun130.csv,33,False,,,1.85,-0.4067
2026-04-09T17:41:22Z,Digitizer_run1607_subrun130.csv,34,False,,,1.86,-0.4197
2026-04-09T17:41:22Z,Digitizer_run1607_subrun130.csv,35,False,,,1.86,-0.4143
2026-04-09T17:41:22Z,Digitizer_run1607_subrun130.csv,36,False,,,2.29,-0.4717
2026-04-09T17:41:22Z,Digitizer_run1607_subrun130.csv,37,False,,,2.3,-0.4313
2026-04-09T17:41:22Z,Digitizer_run1607_subrun130.csv,38,False,,,3.43,-0.4176
2026-04-09T17:41:22Z,Digitizer_run1607_subrun130.csv,39,False,,,2.75,-0.4119
2026-04-09T17:41:22Z,Digitizer_run1607_subrun130.csv,40,False,,,1.87,-0.4171
2026-04-09T17:41:22Z,Digitizer_run1607_subrun130.csv,41,False,,,1.87,-0.3883
2026-04-09T17:41:22Z,Digitizer_run1607_subrun130.csv,42,False,,,1.88,-0.407
2026-04-09T17:41:22Z,Digitizer_run1607_subrun130.csv,43,False,,,1.87,-0.4094
2026-04-09T17:41:22Z,Digitizer_run1607_subrun130.csv,44,False,,,1.87,-0.412
2026-04-09T17:41:22Z,Digitizer_run1607_subrun130.csv,45,False,,,1.87,-0.4195
2026-04-09T17:41:22Z,Digitizer_run1607_subrun130.csv,46,False,,,1.86,-0.4577
2026-04-09T17:41:22Z,Digitizer_run1607_subrun130.csv,47,False,,,2.28,-0.441
2026-04-09T17:41:22Z,Digitizer_run1607_subrun130.csv,48,False,,,2.16,-0.4563
2026-04-09T17:41:22Z,Digitizer_run1607_subrun130.csv,49,False,,,1.85,-0.4104
2026-04-09T17:41:22Z,Digitizer_run1607_subrun130.csv,50,False,,,1.85,-0.3935
2026-04-09T17:41:22Z,Digitizer_run1607_subrun130.csv,51,False,,,1.85,-0.4083
2026-04-09T17:41:22Z,Digitizer_run1607_subrun130.csv,52,False,,,1.84,-0.4031
2026-04-09T17:41:22Z,Digitizer_run1607_subrun130.csv,53,False,,,2.24,-0.4307
2026-04-09T17:41:22Z,Digitizer_run1607_subrun130.csv,54,False,,,3.79,-0.4698
2026-04-09T17:41:22Z,Digitizer_run1607_subrun130.csv,55,False,,,4.81,-0.4753
2026-04-09T17:41:22Z,Digitizer_run1607_subrun130.csv,56,False,,,1.93,-0.4213
2026-04-09T17:41:22Z,Digitizer_run1607_subrun130.csv,57,False,,,1.87,-0.4506
2026-04-09T17:41:22Z,Digitizer_run1607_subrun130.csv,58,False,,,3.01,-0.4697
2026-04-09T17:41:22Z,Digitizer_run1607_subrun130.csv,59,False,,,2.05,-0.445
2026-04-09T17:41:22Z,Digitizer_run1607_subrun130.csv,60,False,,,2.16,-0.3967
2026-04-09T17:41:22Z,Digitizer_run1607_subrun130.csv,61,False,,,2.23,-0.3964
2026-04-09T17:41:22Z,Digitizer_run1607_subrun130.csv,62,False,,,1.99,-0.4538
2026-04-09T17:41:22Z,Digitizer_run1607_subrun130.csv,63,False,,,2.0,-0.4544
2026-04-09T17:41:22Z,Digitizer_run1607_subrun130.csv,64,False,,,2.19,-0.4337
2026-04-09T17:41:22Z,Digitizer_run1607_subrun130.csv,65,False,,,3.3,-0.4647
2026-04-09T17:41:22Z,Digitizer_run1607_subrun130.csv,66,False,,,1.85,-0.4026
2026-04-09T17:41:22Z,Digitizer_run1607_subrun130.csv,67,True,isolation_forest,,3.86,-0.4927
2026-04-09T17:41:22Z,Digitizer_run1607_subrun130.csv,68,False,,,2.54,-0.4603
2026-04-09T17:41:22Z,Digitizer_run1607_subrun130.csv,69,False,,,2.67,-0.4725
2026-04-09T17:41:22Z,Digitizer_run1607_subrun130.csv,70,False,,,1.85,-0.3967
2026-04-09T17:41:22Z,Digitizer_run1607_subrun130.csv,71,False,,,1.86,-0.4037
2026-04-09T17:41:22Z,Digitizer_run1607_subrun130.csv,72,False,,,1.87,-0.4453
2026-04-09T17:41:22Z,Digitizer_run1607_subrun130.csv,73,False,,,1.89,-0.4154
2026-04-09T17:41:22Z,Digitizer_run1607_subrun130.csv,74,False,,,2.08,-0.4199
2026-04-09T17:41:22Z,Digitizer_run1607_subrun130.csv,75,False,,,1.88,-0.4115
2026-04-09T17:41:22Z,Digitizer_run1607_subrun130.csv,76,False,,,1.88,-0.4037
2026-04-09T17:41:22Z,Digitizer_run1607_subrun130.csv,77,False,,,1.89,-0.4154
2026-04-09T17:41:22Z,Digitizer_run1607_subrun130.csv,78,False,,,3.11,-0.4375
2026-04-09T17:41:22Z,Digitizer_run1607_subrun130.csv,79,True,isolation_forest,,3.78,-0.4966
2026-04-09T17:41:22Z,Digitizer_run1607_subrun130.csv,80,False,,,1.85,-0.3951
2026-04-09T17:41:22Z,Digitizer_run1607_subrun130.csv,81,False,,,2.0,-0.4108
2026-04-09T17:41:22Z,Digitizer_run1607_subrun130.csv,82,False,,,1.85,-0.4453
2026-04-09T17:41:22Z,Digitizer_run1607_subrun130.csv,83,False,,,1.84,-0.4209
2026-04-09T17:41:22Z,Digitizer_run1607_subrun130.csv,84,False,,,1.85,-0.4072
2026-04-09T17:41:22Z,Digitizer_run1607_subrun130.csv,85,False,,,2.78,-0.4472
2026-04-09T17:41:22Z,Digitizer_run1607_subrun130.csv,86,False,,,2.73,-0.4532
2026-04-09T17:41:22Z,Digitizer_run1607_subrun130.csv,87,False,,,1.99,-0.4338
2026-04-09T17:41:22Z,Digitizer_run1607_subrun130.csv,88,False,,,2.78,-0.44
2026-04-09T17:41:22Z,Digitizer_run1607_subrun130.csv,89,False,,,1.62,-0.4198
2026-04-09T17:41:22Z,Digitizer_run1607_subrun130.csv,90,False,,,1.8,-0.4448
2026-04-09T17:41:22Z,Digitizer_run1607_subrun130.csv,91,False,,,1.75,-0.4359
2026-04-09T17:41:22Z,Digitizer_run1607_subrun130.csv,92,False,,,2.27,-0.4505
2026-04-09T17:41:22Z,Digitizer_run1607_subrun130.csv,93,False,,,2.71,-0.4773
2026-04-09T17:41:22Z,Digitizer_run1607_subrun130.csv,94,False,,,1.62,-0.4359
2026-04-09T17:41:22Z,Digitizer_run1607_subrun130.csv,95,False,,,1.89,-0.4392
2026-04-09T17:41:27Z,Digitizer_run1611_subrun373.csv,0,False,,,1.99,-0.3966
2026-04-09T17:41:27Z,Digitizer_run1611_subrun373.csv,1,False,,,2.19,-0.4153
2026-04-09T17:41:27Z,Digitizer_run1611_subrun373.csv,2,False,,,1.83,-0.3913
2026-04-09T17:41:27Z,Digitizer_run1611_subrun373.csv,3,False,,,2.52,-0.4163
2026-04-09T17:41:27Z,Digitizer_run1611_subrun373.csv,4,False,,,0.96,-0.3746
2026-04-09T17:41:27Z,Digitizer_run1611_subrun373.csv,5,False,,,1.26,-0.3747
2026-04-09T17:41:27Z,Digitizer_run1611_subrun373.csv,6,False,,,3.22,-0.4391
2026-04-09T17:41:27Z,Digitizer_run1611_subrun373.csv,7,False,,,1.82,-0.3852
2026-04-09T17:41:27Z,Digitizer_run1611_subrun373.csv,8,False,,,2.02,-0.407
2026-04-09T17:41:27Z,Digitizer_run1611_subrun373.csv,9,False,,,1.57,-0.3939
2026-04-09T17:41:27Z,Digitizer_run1611_subrun373.csv,10,False,,,1.61,-0.3891
2026-04-09T17:41:27Z,Digitizer_run1611_subrun373.csv,11,False,,,1.9,-0.3933
2026-04-09T17:41:27Z,Digitizer_run1611_subrun373.csv,12,False,,,2.7,-0.4304
2026-04-09T17:41:27Z,Digitizer_run1611_subrun373.csv,13,False,,,1.44,-0.3762
2026-04-09T17:41:27Z,Digitizer_run1611_subrun373.csv,14,False,,,2.56,-0.4533
2026-04-09T17:41:27Z,Digitizer_run1611_subrun373.csv,15,False,,,2.08,-0.42
2026-04-09T17:41:27Z,Digitizer_run1611_subrun373.csv,16,False,,,2.57,-0.4266
2026-04-09T17:41:27Z,Digitizer_run1611_subrun373.csv,17,False,,,2.98,-0.4586
2026-04-09T17:41:27Z,Digitizer_run1611_subrun373.csv,18,False,,,1.9,-0.4135
2026-04-09T17:41:27Z,Digitizer_run1611_subrun373.csv,19,False,,,1.96,-0.4077
2026-04-09T17:41:27Z,Digitizer_run1611_subrun373.csv,20,False,,,2.4,-0.4472
2026-04-09T17:41:27Z,Digitizer_run1611_subrun373.csv,21,False,,,3.79,-0.4568
2026-04-09T17:41:27Z,Digitizer_run1611_subrun373.csv,22,False,,,2.03,-0.4339
2026-04-09T17:41:27Z,Digitizer_run1611_subrun373.csv,23,False,,,3.38,-0.4282
2026-04-09T17:41:27Z,Digitizer_run1611_subrun373.csv,24,False,,,3.96,-0.469
2026-04-09T17:41:27Z,Digitizer_run1611_subrun373.csv,25,False,,,2.03,-0.435
2026-04-09T17:41:27Z,Digitizer_run1611_subrun373.csv,26,False,,,1.41,-0.3838
2026-04-09T17:41:27Z,Digitizer_run1611_subrun373.csv,27,False,,,1.58,-0.3994
2026-04-09T17:41:27Z,Digitizer_run1611_subrun373.csv,28,False,,,1.95,-0.4126
2026-04-09T17:41:27Z,Digitizer_run1611_subrun373.csv,29,False,,,1.27,-0.4044
2026-04-09T17:41:27Z,Digitizer_run1611_subrun373.csv,30,False,,,1.62,-0.4073
2026-04-09T17:41:27Z,Digitizer_run1611_subrun373.csv,31,False,,,3.26,-0.399
2026-04-09T17:41:27Z,Digitizer_run1611_subrun373.csv,32,False,,,1.36,-0.3951
2026-04-09T17:41:27Z,Digitizer_run1611_subrun373.csv,33,False,,,1.87,-0.4062
2026-04-09T17:41:27Z,Digitizer_run1611_subrun373.csv,34,False,,,3.7,-0.4505
2026-04-09T17:41:27Z,Digitizer_run1611_subrun373.csv,35,False,,,1.98,-0.4223
2026-04-09T17:41:27Z,Digitizer_run1611_subrun373.csv,36,False,,,2.74,-0.4466
2026-04-09T17:41:27Z,Digitizer_run1611_subrun373.csv,37,False,,,1.93,-0.4085
2026-04-09T17:41:27Z,Digitizer_run1611_subrun373.csv,38,False,,,1.54,-0.3854
2026-04-09T17:41:27Z,Digitizer_run1611_subrun373.csv,39,False,,,1.78,-0.4021
2026-04-09T17:41:27Z,Digitizer_run1611_subrun373.csv,40,False,,,2.09,-0.3843
2026-04-09T17:41:27Z,Digitizer_run1611_subrun373.csv,41,False,,,1.13,-0.3794
2026-04-09T17:41:27Z,Digitizer_run1611_subrun373.csv,42,False,,,1.19,-0.3766
2026-04-09T17:41:27Z,Digitizer_run1611_subrun373.csv,43,False,,,2.56,-0.4313
2026-04-09T17:41:27Z,Digitizer_run1611_subrun373.csv,44,False,,,1.59,-0.4196
2026-04-09T17:41:27Z,Digitizer_run1611_subrun373.csv,45,False,,,1.46,-0.3959
2026-04-09T17:41:27Z,Digitizer_run1611_subrun373.csv,46,False,,,3.89,-0.4646
2026-04-09T17:41:27Z,Digitizer_run1611_subrun373.csv,47,False,,,3.85,-0.4518
2026-04-09T17:41:27Z,Digitizer_run1611_subrun373.csv,48,False,,,1.94,-0.4305
2026-04-09T17:41:27Z,Digitizer_run1611_subrun373.csv,49,False,,,1.92,-0.4134
2026-04-09T17:41:27Z,Digitizer_run1611_subrun373.csv,50,False,,,2.91,-0.4419
2026-04-09T17:41:27Z,Digitizer_run1611_subrun373.csv,51,False,,,2.31,-0.4176
2026-04-09T17:41:27Z,Digitizer_run1611_subrun373.csv,52,False,,,2.87,-0.4359
2026-04-09T17:41:27Z,Digitizer_run1611_subrun373.csv,53,False,,,2.76,-0.4474
2026-04-09T17:41:27Z,Digitizer_run1611_subrun373.csv,54,False,,,1.88,-0.3988
2026-04-09T17:41:27Z,Digitizer_run1611_subrun373.csv,55,False,,,2.07,-0.4328
2026-04-09T17:41:27Z,Digitizer_run1611_subrun373.csv,56,False,,,1.4,-0.3957
2026-04-09T17:41:27Z,Digitizer_run1611_subrun373.csv,57,False,,,2.27,-0.4174
2026-04-09T17:41:27Z,Digitizer_run1611_subrun373.csv,58,False,,,4.48,-0.4917
2026-04-09T17:41:27Z,Digitizer_run1611_subrun373.csv,59,True,isolation_forest,,3.16,-0.515
2026-04-09T17:41:27Z,Digitizer_run1611_subrun373.csv,60,False,,,1.88,-0.4071
2026-04-09T17:41:27Z,Digitizer_run1611_subrun373.csv,61,False,,,1.77,-0.406
2026-04-09T17:41:27Z,Digitizer_run1611_subrun373.csv,62,False,,,1.32,-0.3826
2026-04-09T17:41:27Z,Digitizer_run1611_subrun373.csv,63,False,,,2.14,-0.4259
2026-04-09T17:41:27Z,Digitizer_run1611_subrun373.csv,64,False,,,2.29,-0.4017
2026-04-09T17:41:27Z,Digitizer_run1611_subrun373.csv,65,False,,,1.82,-0.4274
2026-04-09T17:41:27Z,Digitizer_run1611_subrun373.csv,66,False,,,4.29,-0.4769
2026-04-09T17:41:27Z,Digitizer_run1611_subrun373.csv,67,False,,,4.44,-0.4613
2026-04-09T17:41:27Z,Digitizer_run1611_subrun373.csv,68,False,,,2.69,-0.4297
2026-04-09T17:41:27Z,Digitizer_run1611_subrun373.csv,69,False,,,2.32,-0.4368
2026-04-09T17:41:27Z,Digitizer_run1611_subrun373.csv,70,False,,,1.69,-0.3999
2026-04-09T17:41:27Z,Digitizer_run1611_subrun373.csv,71,False,,,1.83,-0.4058
2026-04-09T17:41:27Z,Digitizer_run1611_subrun373.csv,72,True,isolation_forest,,4.27,-0.4991
2026-04-09T17:41:27Z,Digitizer_run1611_subrun373.csv,73,False,,,4.25,-0.4473
2026-04-09T17:41:27Z,Digitizer_run1611_subrun373.csv,74,False,,,2.21,-0.4543
2026-04-09T17:41:27Z,Digitizer_run1611_subrun373.csv,75,True,isolation_forest,,4.29,-0.5137
2026-04-09T17:41:27Z,Digitizer_run1611_subrun373.csv,76,False,,,2.34,-0.389
2026-04-09T17:41:27Z,Digitizer_run1611_subrun373.csv,77,False,,,3.65,-0.4434
2026-04-09T17:41:27Z,Digitizer_run1611_subrun373.csv,78,False,,,2.41,-0.411
2026-04-09T17:41:27Z,Digitizer_run1611_subrun373.csv,79,False,,,2.23,-0.388
2026-04-09T17:41:27Z,Digitizer_run1611_subrun373.csv,80,True,statistical+IF,pulseHeight_min_median,6.98,-0.5106
2026-04-09T17:41:27Z,Digitizer_run1611_subrun373.csv,81,False,,,2.16,-0.3914
2026-04-09T17:41:27Z,Digitizer_run1611_subrun373.csv,82,False,,,2.34,-0.4756
2026-04-09T17:41:27Z,Digitizer_run1611_subrun373.csv,83,False,,,1.8,-0.4318
2026-04-09T17:41:27Z,Digitizer_run1611_subrun373.csv,84,False,,,2.21,-0.3993
2026-04-09T17:41:27Z,Digitizer_run1611_subrun373.csv,85,False,,,2.22,-0.4011
2026-04-09T17:41:27Z,Digitizer_run1611_subrun373.csv,86,False,,,2.55,-0.3961
2026-04-09T17:41:27Z,Digitizer_run1611_subrun373.csv,87,False,,,1.83,-0.3713
2026-04-09T17:41:27Z,Digitizer_run1611_subrun373.csv,88,False,,,1.15,-0.4127
2026-04-09T17:41:27Z,Digitizer_run1611_subrun373.csv,89,False,,,1.02,-0.3913
2026-04-09T17:41:27Z,Digitizer_run1611_subrun373.csv,90,False,,,2.09,-0.4583
2026-04-09T17:41:27Z,Digitizer_run1611_subrun373.csv,91,False,,,3.34,-0.4653
2026-04-09T17:41:27Z,Digitizer_run1611_subrun373.csv,92,False,,,1.4,-0.448
2026-04-09T17:41:27Z,Digitizer_run1611_subrun373.csv,93,False,,,1.41,-0.4412
2026-04-09T17:41:27Z,Digitizer_run1611_subrun373.csv,94,False,,,2.92,-0.4311
2026-04-09T17:41:27Z,Digitizer_run1611_subrun373.csv,95,False,,,3.8,-0.4908
2026-04-09T17:41:32Z,Digitizer_run1609_subrun58.csv,0,False,,,1.29,-0.3836
2026-04-09T17:41:32Z,Digitizer_run1609_subrun58.csv,1,False,,,2.89,-0.4204
2026-04-09T17:41:32Z,Digitizer_run1609_subrun58.csv,2,False,,,1.58,-0.398
2026-04-09T17:41:32Z,Digitizer_run1609_subrun58.csv,3,False,,,1.42,-0.3941
2026-04-09T17:41:32Z,Digitizer_run1609_subrun58.csv,4,True,isolation_forest,,4.24,-0.516
2026-04-09T17:41:32Z,Digitizer_run1609_subrun58.csv,5,False,,,2.31,-0.4145
2026-04-09T17:41:32Z,Digitizer_run1609_subrun58.csv,6,False,,,2.52,-0.4358
2026-04-09T17:41:32Z,Digitizer_run1609_subrun58.csv,7,False,,,1.87,-0.4149
2026-04-09T17:41:32Z,Digitizer_run1609_subrun58.csv,8,False,,,2.56,-0.4115
2026-04-09T17:41:32Z,Digitizer_run1609_subrun58.csv,9,False,,,1.79,-0.3846
2026-04-09T17:41:32Z,Digitizer_run1609_subrun58.csv,10,False,,,1.75,-0.394
2026-04-09T17:41:32Z,Digitizer_run1609_subrun58.csv,11,False,,,2.57,-0.4468
2026-04-09T17:41:32Z,Digitizer_run1609_subrun58.csv,12,False,,,3.12,-0.4421
2026-04-09T17:41:32Z,Digitizer_run1609_subrun58.csv,13,False,,,2.72,-0.407
2026-04-09T17:41:32Z,Digitizer_run1609_subrun58.csv,14,False,,,3.24,-0.434
2026-04-09T17:41:32Z,Digitizer_run1609_subrun58.csv,15,False,,,1.84,-0.3932
2026-04-09T17:41:32Z,Digitizer_run1609_subrun58.csv,16,False,,,1.7,-0.3931
2026-04-09T17:41:32Z,Digitizer_run1609_subrun58.csv,17,False,,,1.57,-0.4014
2026-04-09T17:41:32Z,Digitizer_run1609_subrun58.csv,18,False,,,2.47,-0.4331
2026-04-09T17:41:32Z,Digitizer_run1609_subrun58.csv,19,False,,,3.29,-0.432
2026-04-09T17:41:32Z,Digitizer_run1609_subrun58.csv,20,False,,,1.54,-0.3919
2026-04-09T17:41:32Z,Digitizer_run1609_subrun58.csv,21,False,,,1.13,-0.3819
2026-04-09T17:41:32Z,Digitizer_run1609_subrun58.csv,22,False,,,2.21,-0.3887
2026-04-09T17:41:32Z,Digitizer_run1609_subrun58.csv,23,False,,,2.46,-0.3852
2026-04-09T17:41:32Z,Digitizer_run1609_subrun58.csv,24,False,,,2.49,-0.4259
2026-04-09T17:41:32Z,Digitizer_run1609_subrun58.csv,25,False,,,2.16,-0.432
2026-04-09T17:41:32Z,Digitizer_run1609_subrun58.csv,26,False,,,1.74,-0.4175
2026-04-09T17:41:32Z,Digitizer_run1609_subrun58.csv,27,False,,,2.24,-0.4297
2026-04-09T17:41:32Z,Digitizer_run1609_subrun58.csv,28,False,,,1.98,-0.4034
2026-04-09T17:41:32Z,Digitizer_run1609_subrun58.csv,29,False,,,1.9,-0.4065
2026-04-09T17:41:32Z,Digitizer_run1609_subrun58.csv,30,False,,,2.63,-0.409
2026-04-09T17:41:32Z,Digitizer_run1609_subrun58.csv,31,False,,,1.51,-0.3783
2026-04-09T17:41:32Z,Digitizer_run1609_subrun58.csv,32,False,,,2.45,-0.4431
2026-04-09T17:41:32Z,Digitizer_run1609_subrun58.csv,33,False,,,2.11,-0.4247
2026-04-09T17:41:32Z,Digitizer_run1609_subrun58.csv,34,False,,,1.58,-0.4063
2026-04-09T17:41:32Z,Digitizer_run1609_subrun58.csv,35,False,,,2.64,-0.4219
2026-04-09T17:41:32Z,Digitizer_run1609_subrun58.csv,36,False,,,1.8,-0.4181
2026-04-09T17:41:32Z,Digitizer_run1609_subrun58.csv,37,False,,,2.44,-0.41
2026-04-09T17:41:32Z,Digitizer_run1609_subrun58.csv,38,False,,,3.07,-0.46
2026-04-09T17:41:32Z,Digitizer_run1609_subrun58.csv,39,False,,,4.15,-0.4885
2026-04-09T17:41:32Z,Digitizer_run1609_subrun58.csv,40,False,,,2.09,-0.4446
2026-04-09T17:41:32Z,Digitizer_run1609_subrun58.csv,41,False,,,1.66,-0.3986
2026-04-09T17:41:32Z,Digitizer_run1609_subrun58.csv,42,False,,,1.61,-0.4091
2026-04-09T17:41:32Z,Digitizer_run1609_subrun58.csv,43,False,,,1.65,-0.3961
2026-04-09T17:41:32Z,Digitizer_run1609_subrun58.csv,44,False,,,3.79,-0.4896
2026-04-09T17:41:32Z,Digitizer_run1609_subrun58.csv,45,True,statistical+IF,sideband_rms_mean,5.05,-0.5011
2026-04-09T17:41:32Z,Digitizer_run1609_subrun58.csv,46,False,,,2.03,-0.3984
2026-04-09T17:41:32Z,Digitizer_run1609_subrun58.csv,47,False,,,1.89,-0.409
2026-04-09T17:41:32Z,Digitizer_run1609_subrun58.csv,48,False,,,3.26,-0.4247
2026-04-09T17:41:32Z,Digitizer_run1609_subrun58.csv,49,False,,,2.23,-0.3877
2026-04-09T17:41:32Z,Digitizer_run1609_subrun58.csv,50,True,isolation_forest,,3.09,-0.5038
2026-04-09T17:41:32Z,Digitizer_run1609_subrun58.csv,51,False,,,2.95,-0.4642
2026-04-09T17:41:32Z,Digitizer_run1609_subrun58.csv,52,False,,,1.82,-0.3862
2026-04-09T17:41:32Z,Digitizer_run1609_subrun58.csv,53,False,,,3.66,-0.3929
2026-04-09T17:41:32Z,Digitizer_run1609_subrun58.csv,54,False,,,1.0,-0.3696
2026-04-09T17:41:32Z,Digitizer_run1609_subrun58.csv,55,False,,,1.72,-0.4092
2026-04-09T17:41:32Z,Digitizer_run1609_subrun58.csv,56,False,,,1.5,-0.3992
2026-04-09T17:41:32Z,Digitizer_run1609_subrun58.csv,57,False,,,1.47,-0.3776
2026-04-09T17:41:32Z,Digitizer_run1609_subrun58.csv,58,False,,,1.59,-0.3875
2026-04-09T17:41:32Z,Digitizer_run1609_subrun58.csv,59,False,,,1.36,-0.3917
2026-04-09T17:41:32Z,Digitizer_run1609_subrun58.csv,60,False,,,1.4,-0.3836
2026-04-09T17:41:32Z,Digitizer_run1609_subrun58.csv,61,False,,,2.12,-0.4213
2026-04-09T17:41:32Z,Digitizer_run1609_subrun58.csv,62,False,,,2.91,-0.431
2026-04-09T17:41:32Z,Digitizer_run1609_subrun58.csv,63,False,,,2.8,-0.4231
2026-04-09T17:41:32Z,Digitizer_run1609_subrun58.csv,64,False,,,1.63,-0.4034
2026-04-09T17:41:32Z,Digitizer_run1609_subrun58.csv,65,False,,,2.06,-0.3811
2026-04-09T17:41:32Z,Digitizer_run1609_subrun58.csv,66,False,,,3.75,-0.4504
2026-04-09T17:41:32Z,Digitizer_run1609_subrun58.csv,67,False,,,4.73,-0.4513
2026-04-09T17:41:32Z,Digitizer_run1609_subrun58.csv,68,False,,,2.06,-0.4302
2026-04-09T17:41:32Z,Digitizer_run1609_subrun58.csv,69,False,,,1.13,-0.3829
2026-04-09T17:41:32Z,Digitizer_run1609_subrun58.csv,70,False,,,2.09,-0.4099
2026-04-09T17:41:32Z,Digitizer_run1609_subrun58.csv,71,False,,,2.07,-0.4136
2026-04-09T17:41:32Z,Digitizer_run1609_subrun58.csv,72,False,,,1.51,-0.4076
2026-04-09T17:41:32Z,Digitizer_run1609_subrun58.csv,73,False,,,1.67,-0.3843
2026-04-09T17:41:32Z,Digitizer_run1609_subrun58.csv,74,False,,,1.56,-0.3973
2026-04-09T17:41:32Z,Digitizer_run1609_subrun58.csv,75,False,,,3.78,-0.4194
2026-04-09T17:41:32Z,Digitizer_run1609_subrun58.csv,76,False,,,1.41,-0.3653
2026-04-09T17:41:32Z,Digitizer_run1609_subrun58.csv,77,False,,,2.44,-0.4282
2026-04-09T17:41:32Z,Digitizer_run1609_subrun58.csv,78,False,,,2.16,-0.4249
2026-04-09T17:41:32Z,Digitizer_run1609_subrun58.csv,79,False,,,1.63,-0.3858
2026-04-09T17:41:32Z,Digitizer_run1609_subrun58.csv,80,True,isolation_forest,,2.73,-0.5061
2026-04-09T17:41:32Z,Digitizer_run1609_subrun58.csv,81,False,,,2.16,-0.4232
2026-04-09T17:41:32Z,Digitizer_run1609_subrun58.csv,82,False,,,2.45,-0.4518
2026-04-09T17:41:32Z,Digitizer_run1609_subrun58.csv,83,False,,,2.08,-0.4089
2026-04-09T17:41:32Z,Digitizer_run1609_subrun58.csv,84,False,,,2.12,-0.4324
2026-04-09T17:41:32Z,Digitizer_run1609_subrun58.csv,85,False,,,2.21,-0.4444
2026-04-09T17:41:32Z,Digitizer_run1609_subrun58.csv,86,True,statistical,nPulses_median,14.14,-0.4866
2026-04-09T17:41:32Z,Digitizer_run1609_subrun58.csv,87,False,,,3.21,-0.4312
2026-04-09T17:41:32Z,Digitizer_run1609_subrun58.csv,88,True,isolation_forest,,3.06,-0.4936
2026-04-09T17:41:32Z,Digitizer_run1609_subrun58.csv,89,True,isolation_forest,,2.12,-0.4985
2026-04-09T17:41:32Z,Digitizer_run1609_subrun58.csv,90,False,,,1.74,-0.4445
2026-04-09T17:41:32Z,Digitizer_run1609_subrun58.csv,91,False,,,2.27,-0.4487
2026-04-09T17:41:32Z,Digitizer_run1609_subrun58.csv,92,False,,,1.83,-0.4669
2026-04-09T17:41:32Z,Digitizer_run1609_subrun58.csv,93,True,isolation_forest,,3.87,-0.5435
2026-04-09T17:41:32Z,Digitizer_run1609_subrun58.csv,94,False,,,2.77,-0.4536
2026-04-09T17:41:32Z,Digitizer_run1609_subrun58.csv,95,False,,,2.09,-0.4462
2026-04-09T17:41:38Z,Digitizer_run1609_subrun479.csv,0,False,,,1.66,-0.3777
2026-04-09T17:41:38Z,Digitizer_run1609_subrun479.csv,1,False,,,1.6,-0.4038
2026-04-09T17:41:38Z,Digitizer_run1609_subrun479.csv,2,False,,,1.84,-0.4058
2026-04-09T17:41:38Z,Digitizer_run1609_subrun479.csv,3,False,,,1.66,-0.3959
2026-04-09T17:41:38Z,Digitizer_run1609_subrun479.csv,4,False,,,2.07,-0.3974
2026-04-09T17:41:38Z,Digitizer_run1609_subrun479.csv,5,False,,,2.59,-0.4666
2026-04-09T17:41:38Z,Digitizer_run1609_subrun479.csv,6,False,,,1.89,-0.4086
2026-04-09T17:41:38Z,Digitizer_run1609_subrun479.csv,7,False,,,2.68,-0.43
2026-04-09T17:41:38Z,Digitizer_run1609_subrun479.csv,8,False,,,2.47,-0.4399
2026-04-09T17:41:38Z,Digitizer_run1609_subrun479.csv,9,False,,,1.97,-0.4212
2026-04-09T17:41:38Z,Digitizer_run1609_subrun479.csv,10,False,,,1.39,-0.4019
2026-04-09T17:41:38Z,Digitizer_run1609_subrun479.csv,11,False,,,1.26,-0.3833
2026-04-09T17:41:38Z,Digitizer_run1609_subrun479.csv,12,False,,,3.78,-0.4326
2026-04-09T17:41:38Z,Digitizer_run1609_subrun479.csv,13,True,isolation_forest,,4.07,-0.4981
2026-04-09T17:41:38Z,Digitizer_run1609_subrun479.csv,14,False,,,1.51,-0.4105
2026-04-09T17:41:38Z,Digitizer_run1609_subrun479.csv,15,False,,,1.28,-0.3844
2026-04-09T17:41:38Z,Digitizer_run1609_subrun479.csv,16,False,,,2.25,-0.4349
2026-04-09T17:41:38Z,Digitizer_run1609_subrun479.csv,17,False,,,2.08,-0.432
2026-04-09T17:41:38Z,Digitizer_run1609_subrun479.csv,18,False,,,2.25,-0.4233
2026-04-09T17:41:38Z,Digitizer_run1609_subrun479.csv,19,False,,,2.24,-0.4544
2026-04-09T17:41:38Z,Digitizer_run1609_subrun479.csv,20,False,,,2.0,-0.4147
2026-04-09T17:41:38Z,Digitizer_run1609_subrun479.csv,21,False,,,2.99,-0.4677
2026-04-09T17:41:38Z,Digitizer_run1609_subrun479.csv,22,False,,,1.17,-0.3764
2026-04-09T17:41:38Z,Digitizer_run1609_subrun479.csv,23,False,,,1.21,-0.3838
2026-04-09T17:41:38Z,Digitizer_run1609_subrun479.csv,24,False,,,2.17,-0.4238
2026-04-09T17:41:38Z,Digitizer_run1609_subrun479.csv,25,False,,,1.96,-0.4088
2026-04-09T17:41:38Z,Digitizer_run1609_subrun479.csv,26,False,,,1.15,-0.3793
2026-04-09T17:41:38Z,Digitizer_run1609_subrun479.csv,27,False,,,1.54,-0.38
2026-04-09T17:41:38Z,Digitizer_run1609_subrun479.csv,28,False,,,1.17,-0.3804
2026-04-09T17:41:38Z,Digitizer_run1609_subrun479.csv,29,False,,,1.68,-0.3959
2026-04-09T17:41:38Z,Digitizer_run1609_subrun479.csv,30,True,statistical,pulseDuriation_min_median,5.13,-0.4772
2026-04-09T17:41:38Z,Digitizer_run1609_subrun479.csv,31,False,,,2.14,-0.4027
2026-04-09T17:41:38Z,Digitizer_run1609_subrun479.csv,32,False,,,1.43,-0.3816
2026-04-09T17:41:38Z,Digitizer_run1609_subrun479.csv,33,False,,,1.43,-0.3985
2026-04-09T17:41:38Z,Digitizer_run1609_subrun479.csv,34,False,,,1.82,-0.423
2026-04-09T17:41:38Z,Digitizer_run1609_subrun479.csv,35,False,,,1.73,-0.4096
2026-04-09T17:41:38Z,Digitizer_run1609_subrun479.csv,36,False,,,2.55,-0.4233
2026-04-09T17:41:38Z,Digitizer_run1609_subrun479.csv,37,False,,,2.68,-0.4314
2026-04-09T17:41:38Z,Digitizer_run1609_subrun479.csv,38,False,,,2.38,-0.4322
2026-04-09T17:41:38Z,Digitizer_run1609_subrun479.csv,39,True,isolation_forest,,2.82,-0.4927
2026-04-09T17:41:38Z,Digitizer_run1609_subrun479.csv,40,False,,,1.34,-0.3735
2026-04-09T17:41:38Z,Digitizer_run1609_subrun479.csv,41,False,,,1.07,-0.3837
2026-04-09T17:41:38Z,Digitizer_run1609_subrun479.csv,42,False,,,2.19,-0.434
2026-04-09T17:41:38Z,Digitizer_run1609_subrun479.csv,43,False,,,1.12,-0.3848
2026-04-09T17:41:38Z,Digitizer_run1609_subrun479.csv,44,False,,,1.77,-0.4043
2026-04-09T17:41:38Z,Digitizer_run1609_subrun479.csv,45,False,,,1.64,-0.4117
2026-04-09T17:41:38Z,Digitizer_run1609_subrun479.csv,46,False,,,1.8,-0.4534
2026-04-09T17:41:38Z,Digitizer_run1609_subrun479.csv,47,True,isolation_forest,,3.63,-0.5399
2026-04-09T17:41:38Z,Digitizer_run1609_subrun479.csv,48,False,,,1.65,-0.4103
2026-04-09T17:41:38Z,Digitizer_run1609_subrun479.csv,49,False,,,2.76,-0.4395
2026-04-09T17:41:38Z,Digitizer_run1609_subrun479.csv,50,False,,,2.36,-0.4255
2026-04-09T17:41:38Z,Digitizer_run1609_subrun479.csv,51,False,,,1.13,-0.3831
2026-04-09T17:41:38Z,Digitizer_run1609_subrun479.csv,52,False,,,1.87,-0.4222
2026-04-09T17:41:38Z,Digitizer_run1609_subrun479.csv,53,False,,,2.46,-0.4028
2026-04-09T17:41:38Z,Digitizer_run1609_subrun479.csv,54,False,,,4.0,-0.426
2026-04-09T17:41:38Z,Digitizer_run1609_subrun479.csv,55,False,,,1.99,-0.3962
2026-04-09T17:41:38Z,Digitizer_run1609_subrun479.csv,56,False,,,2.48,-0.467
2026-04-09T17:41:38Z,Digitizer_run1609_subrun479.csv,57,False,,,1.58,-0.3782
2026-04-09T17:41:38Z,Digitizer_run1609_subrun479.csv,58,True,isolation_forest,,3.66,-0.4963
2026-04-09T17:41:38Z,Digitizer_run1609_subrun479.csv,59,False,,,2.79,-0.4692
2026-04-09T17:41:38Z,Digitizer_run1609_subrun479.csv,60,False,,,1.81,-0.4256
2026-04-09T17:41:38Z,Digitizer_run1609_subrun479.csv,61,False,,,2.04,-0.4078
2026-04-09T17:41:38Z,Digitizer_run1609_subrun479.csv,62,False,,,3.16,-0.4762
2026-04-09T17:41:38Z,Digitizer_run1609_subrun479.csv,63,False,,,3.77,-0.4611
2026-04-09T17:41:38Z,Digitizer_run1609_subrun479.csv,64,False,,,2.5,-0.4377
2026-04-09T17:41:38Z,Digitizer_run1609_subrun479.csv,65,False,,,2.17,-0.4428
2026-04-09T17:41:38Z,Digitizer_run1609_subrun479.csv,66,False,,,2.07,-0.4218
2026-04-09T17:41:38Z,Digitizer_run1609_subrun479.csv,67,True,statistical+IF,pulseHeight_min_median,5.63,-0.5097
2026-04-09T17:41:38Z,Digitizer_run1609_subrun479.csv,68,False,,,2.74,-0.4748
2026-04-09T17:41:38Z,Digitizer_run1609_subrun479.csv,69,False,,,1.46,-0.3879
2026-04-09T17:41:38Z,Digitizer_run1609_subrun479.csv,70,True,isolation_forest,,4.36,-0.5192
2026-04-09T17:41:38Z,Digitizer_run1609_subrun479.csv,71,False,,,3.66,-0.4769
2026-04-09T17:41:38Z,Digitizer_run1609_subrun479.csv,72,True,isolation_forest,,2.7,-0.5073
2026-04-09T17:41:38Z,Digitizer_run1609_subrun479.csv,73,False,,,3.15,-0.4372
2026-04-09T17:41:38Z,Digitizer_run1609_subrun479.csv,74,True,isolation_forest,,3.73,-0.5582
2026-04-09T17:41:38Z,Digitizer_run1609_subrun479.csv,75,False,,,1.98,-0.4078
2026-04-09T17:41:38Z,Digitizer_run1609_subrun479.csv,76,False,,,4.75,-0.484
2026-04-09T17:41:38Z,Digitizer_run1609_subrun479.csv,77,False,,,2.1,-0.4386
2026-04-09T17:41:38Z,Digitizer_run1609_subrun479.csv,78,False,,,1.89,-0.4101
2026-04-09T17:41:38Z,Digitizer_run1609_subrun479.csv,79,False,,,2.47,-0.4451
2026-04-09T17:41:38Z,Digitizer_run1609_subrun479.csv,80,True,isolation_forest,,4.13,-0.558
2026-04-09T17:41:38Z,Digitizer_run1609_subrun479.csv,81,False,,,3.74,-0.4872
2026-04-09T17:41:38Z,Digitizer_run1609_subrun479.csv,82,False,,,3.01,-0.4857
2026-04-09T17:41:38Z,Digitizer_run1609_subrun479.csv,83,False,,,1.97,-0.4289
2026-04-09T17:41:38Z,Digitizer_run1609_subrun479.csv,84,True,statistical,nPulses_median,7.0,-0.4674
2026-04-09T17:41:38Z,Digitizer_run1609_subrun479.csv,85,False,,,2.88,-0.4305
2026-04-09T17:41:38Z,Digitizer_run1609_subrun479.csv,86,False,,,1.9,-0.4082
2026-04-09T17:41:38Z,Digitizer_run1609_subrun479.csv,87,False,,,1.71,-0.4137
2026-04-09T17:41:38Z,Digitizer_run1609_subrun479.csv,88,False,,,3.31,-0.4311
2026-04-09T17:41:38Z,Digitizer_run1609_subrun479.csv,89,False,,,1.95,-0.4214
2026-04-09T17:41:38Z,Digitizer_run1609_subrun479.csv,90,False,,,1.51,-0.4082
2026-04-09T17:41:38Z,Digitizer_run1609_subrun479.csv,91,True,isolation_forest,,2.11,-0.4932
2026-04-09T17:41:38Z,Digitizer_run1609_subrun479.csv,92,True,isolation_forest,,3.32,-0.5205
2026-04-09T17:41:38Z,Digitizer_run1609_subrun479.csv,93,True,isolation_forest,,2.73,-0.5046
2026-04-09T17:41:38Z,Digitizer_run1609_subrun479.csv,94,False,,,2.79,-0.4637
2026-04-09T17:41:38Z,Digitizer_run1609_subrun479.csv,95,False,,,2.05,-0.4557
2026-04-09T17:41:44Z,Digitizer_run1607_subrun381.csv,0,False,,,2.08,-0.4241
2026-04-09T17:41:44Z,Digitizer_run1607_subrun381.csv,1,False,,,2.26,-0.4424
2026-04-09T17:41:44Z,Digitizer_run1607_subrun381.csv,2,False,,,2.63,-0.4185
2026-04-09T17:41:44Z,Digitizer_run1607_subrun381.csv,3,False,,,1.64,-0.4105
2026-04-09T17:41:44Z,Digitizer_run1607_subrun381.csv,4,False,,,1.61,-0.3921
2026-04-09T17:41:44Z,Digitizer_run1607_subrun381.csv,5,False,,,1.67,-0.4038
2026-04-09T17:41:44Z,Digitizer_run1607_subrun381.csv,6,True,isolation_forest,,3.19,-0.4933
2026-04-09T17:41:44Z,Digitizer_run1607_subrun381.csv,7,False,,,1.67,-0.4119
2026-04-09T17:41:44Z,Digitizer_run1607_subrun381.csv,8,False,,,2.37,-0.474
2026-04-09T17:41:44Z,Digitizer_run1607_subrun381.csv,9,False,,,1.68,-0.3868
2026-04-09T17:41:44Z,Digitizer_run1607_subrun381.csv,10,False,,,1.28,-0.3922
2026-04-09T17:41:44Z,Digitizer_run1607_subrun381.csv,11,False,,,1.8,-0.4161
2026-04-09T17:41:44Z,Digitizer_run1607_subrun381.csv,12,False,,,3.78,-0.4597
2026-04-09T17:41:44Z,Digitizer_run1607_subrun381.csv,13,False,,,2.42,-0.4523
2026-04-09T17:41:44Z,Digitizer_run1607_subrun381.csv,14,False,,,2.21,-0.4614
2026-04-09T17:41:44Z,Digitizer_run1607_subrun381.csv,15,False,,,1.67,-0.3925
2026-04-09T17:41:44Z,Digitizer_run1607_subrun381.csv,16,False,,,1.63,-0.4212
2026-04-09T17:41:44Z,Digitizer_run1607_subrun381.csv,17,False,,,2.8,-0.4827
2026-04-09T17:41:44Z,Digitizer_run1607_subrun381.csv,18,False,,,2.74,-0.4152
2026-04-09T17:41:44Z,Digitizer_run1607_subrun381.csv,19,False,,,2.57,-0.4065
2026-04-09T17:41:44Z,Digitizer_run1607_subrun381.csv,20,False,,,2.13,-0.462
2026-04-09T17:41:44Z,Digitizer_run1607_subrun381.csv,21,False,,,2.47,-0.4508
2026-04-09T17:41:44Z,Digitizer_run1607_subrun381.csv,22,False,,,2.35,-0.4536
2026-04-09T17:41:44Z,Digitizer_run1607_subrun381.csv,23,False,,,2.51,-0.4344
2026-04-09T17:41:44Z,Digitizer_run1607_subrun381.csv,24,False,,,1.55,-0.4053
2026-04-09T17:41:44Z,Digitizer_run1607_subrun381.csv,25,False,,,1.95,-0.3787
2026-04-09T17:41:44Z,Digitizer_run1607_subrun381.csv,26,False,,,1.98,-0.4363
2026-04-09T17:41:44Z,Digitizer_run1607_subrun381.csv,27,False,,,2.52,-0.4701
2026-04-09T17:41:44Z,Digitizer_run1607_subrun381.csv,28,False,,,1.75,-0.3926
2026-04-09T17:41:44Z,Digitizer_run1607_subrun381.csv,29,False,,,1.29,-0.3985
2026-04-09T17:41:44Z,Digitizer_run1607_subrun381.csv,30,False,,,3.25,-0.4722
2026-04-09T17:41:44Z,Digitizer_run1607_subrun381.csv,31,False,,,1.52,-0.3953
2026-04-09T17:41:44Z,Digitizer_run1607_subrun381.csv,32,False,,,1.66,-0.4132
2026-04-09T17:41:44Z,Digitizer_run1607_subrun381.csv,33,False,,,1.54,-0.41
2026-04-09T17:41:44Z,Digitizer_run1607_subrun381.csv,34,False,,,1.25,-0.3764
2026-04-09T17:41:44Z,Digitizer_run1607_subrun381.csv,35,False,,,1.3,-0.3783
2026-04-09T17:41:44Z,Digitizer_run1607_subrun381.csv,36,False,,,1.44,-0.3822
2026-04-09T17:41:44Z,Digitizer_run1607_subrun381.csv,37,False,,,2.93,-0.4038
2026-04-09T17:41:44Z,Digitizer_run1607_subrun381.csv,38,False,,,2.28,-0.4641
2026-04-09T17:41:44Z,Digitizer_run1607_subrun381.csv,39,False,,,1.75,-0.4365
2026-04-09T17:41:44Z,Digitizer_run1607_subrun381.csv,40,False,,,2.41,-0.416
2026-04-09T17:41:44Z,Digitizer_run1607_subrun381.csv,41,False,,,3.94,-0.4845
2026-04-09T17:41:44Z,Digitizer_run1607_subrun381.csv,42,False,,,2.1,-0.4338
2026-04-09T17:41:44Z,Digitizer_run1607_subrun381.csv,43,False,,,2.65,-0.4524
2026-04-09T17:41:44Z,Digitizer_run1607_subrun381.csv,44,False,,,2.28,-0.4568
2026-04-09T17:41:44Z,Digitizer_run1607_subrun381.csv,45,False,,,2.12,-0.4458
2026-04-09T17:41:44Z,Digitizer_run1607_subrun381.csv,46,False,,,1.27,-0.3762
2026-04-09T17:41:44Z,Digitizer_run1607_subrun381.csv,47,False,,,2.13,-0.4169
2026-04-09T17:41:44Z,Digitizer_run1607_subrun381.csv,48,False,,,2.31,-0.4244
2026-04-09T17:41:44Z,Digitizer_run1607_subrun381.csv,49,False,,,2.13,-0.4553
2026-04-09T17:41:44Z,Digitizer_run1607_subrun381.csv,50,False,,,1.71,-0.4279
2026-04-09T17:41:44Z,Digitizer_run1607_subrun381.csv,51,False,,,1.68,-0.4368
2026-04-09T17:41:44Z,Digitizer_run1607_subrun381.csv,52,False,,,2.62,-0.4283
2026-04-09T17:41:44Z,Digitizer_run1607_subrun381.csv,53,False,,,1.33,-0.3776
2026-04-09T17:41:44Z,Digitizer_run1607_subrun381.csv,54,False,,,2.63,-0.4175
2026-04-09T17:41:44Z,Digitizer_run1607_subrun381.csv,55,False,,,2.13,-0.4301
2026-04-09T17:41:44Z,Digitizer_run1607_subrun381.csv,56,False,,,1.72,-0.3898
2026-04-09T17:41:44Z,Digitizer_run1607_subrun381.csv,57,False,,,1.17,-0.3692
2026-04-09T17:41:44Z,Digitizer_run1607_subrun381.csv,58,False,,,2.29,-0.4608
2026-04-09T17:41:44Z,Digitizer_run1607_subrun381.csv,59,True,isolation_forest,,3.03,-0.5345
2026-04-09T17:41:44Z,Digitizer_run1607_subrun381.csv,60,False,,,2.18,-0.4034
2026-04-09T17:41:44Z,Digitizer_run1607_subrun381.csv,61,False,,,2.07,-0.4433
2026-04-09T17:41:44Z,Digitizer_run1607_subrun381.csv,62,False,,,4.25,-0.4181
2026-04-09T17:41:44Z,Digitizer_run1607_subrun381.csv,63,False,,,1.87,-0.4193
2026-04-09T17:41:44Z,Digitizer_run1607_subrun381.csv,64,False,,,1.12,-0.3857
2026-04-09T17:41:44Z,Digitizer_run1607_subrun381.csv,65,False,,,1.09,-0.3775
2026-04-09T17:41:44Z,Digitizer_run1607_subrun381.csv,66,False,,,1.5,-0.3905
2026-04-09T17:41:44Z,Digitizer_run1607_subrun381.csv,67,False,,,1.57,-0.411
2026-04-09T17:41:44Z,Digitizer_run1607_subrun381.csv,68,False,,,2.13,-0.4305
2026-04-09T17:41:44Z,Digitizer_run1607_subrun381.csv,69,False,,,2.02,-0.4185
2026-04-09T17:41:44Z,Digitizer_run1607_subrun381.csv,70,False,,,1.98,-0.4112
2026-04-09T17:41:44Z,Digitizer_run1607_subrun381.csv,71,False,,,2.57,-0.4327
2026-04-09T17:41:44Z,Digitizer_run1607_subrun381.csv,72,False,,,2.39,-0.4652
2026-04-09T17:41:44Z,Digitizer_run1607_subrun381.csv,73,False,,,2.51,-0.439
2026-04-09T17:41:44Z,Digitizer_run1607_subrun381.csv,74,False,,,1.62,-0.4262
2026-04-09T17:41:44Z,Digitizer_run1607_subrun381.csv,75,False,,,2.36,-0.4164
2026-04-09T17:41:44Z,Digitizer_run1607_subrun381.csv,76,False,,,2.19,-0.403
2026-04-09T17:41:44Z,Digitizer_run1607_subrun381.csv,77,False,,,1.45,-0.4185
2026-04-09T17:41:44Z,Digitizer_run1607_subrun381.csv,78,False,,,3.86,-0.463
2026-04-09T17:41:44Z,Digitizer_run1607_subrun381.csv,79,False,,,2.34,-0.3995
2026-04-09T17:41:44Z,Digitizer_run1607_subrun381.csv,80,False,,,2.07,-0.4133
2026-04-09T17:41:44Z,Digitizer_run1607_subrun381.csv,81,False,,,1.66,-0.3913
2026-04-09T17:41:44Z,Digitizer_run1607_subrun381.csv,82,False,,,1.94,-0.3944
2026-04-09T17:41:44Z,Digitizer_run1607_subrun381.csv,83,False,,,1.48,-0.3822
2026-04-09T17:41:44Z,Digitizer_run1607_subrun381.csv,84,False,,,2.23,-0.4325
2026-04-09T17:41:44Z,Digitizer_run1607_subrun381.csv,85,False,,,2.3,-0.418
2026-04-09T17:41:44Z,Digitizer_run1607_subrun381.csv,86,False,,,1.79,-0.4313
2026-04-09T17:41:44Z,Digitizer_run1607_subrun381.csv,87,False,,,2.42,-0.4488
2026-04-09T17:41:44Z,Digitizer_run1607_subrun381.csv,88,False,,,1.79,-0.4423
2026-04-09T17:41:44Z,Digitizer_run1607_subrun381.csv,89,False,,,1.86,-0.4395
2026-04-09T17:41:44Z,Digitizer_run1607_subrun381.csv,90,False,,,4.07,-0.4897
2026-04-09T17:41:44Z,Digitizer_run1607_subrun381.csv,91,False,,,2.37,-0.491
2026-04-09T17:41:44Z,Digitizer_run1607_subrun381.csv,92,False,,,2.28,-0.4599
2026-04-09T17:41:44Z,Digitizer_run1607_subrun381.csv,93,False,,,2.19,-0.4466
2026-04-09T17:41:44Z,Digitizer_run1607_subrun381.csv,94,False,,,2.77,-0.4618
2026-04-09T17:41:44Z,Digitizer_run1607_subrun381.csv,95,False,,,1.37,-0.4183
2026-04-09T17:41:51Z,Digitizer_run1611_subrun262.csv,0,False,,,1.04,-0.3834
2026-04-09T17:41:51Z,Digitizer_run1611_subrun262.csv,1,False,,,4.08,-0.4166
2026-04-09T17:41:51Z,Digitizer_run1611_subrun262.csv,2,False,,,2.06,-0.4202
2026-04-09T17:41:51Z,Digitizer_run1611_subrun262.csv,3,False,,,2.04,-0.4136
2026-04-09T17:41:51Z,Digitizer_run1611_subrun262.csv,4,True,isolation_forest,,3.19,-0.5028
2026-04-09T17:41:51Z,Digitizer_run1611_subrun262.csv,5,True,statistical+IF,nPulses_std,5.05,-0.5046
2026-04-09T17:41:51Z,Digitizer_run1611_subrun262.csv,6,False,,,2.53,-0.4524
2026-04-09T17:41:51Z,Digitizer_run1611_subrun262.csv,7,False,,,1.99,-0.3902
2026-04-09T17:41:51Z,Digitizer_run1611_subrun262.csv,8,False,,,2.05,-0.4703
2026-04-09T17:41:51Z,Digitizer_run1611_subrun262.csv,9,False,,,2.22,-0.4469
2026-04-09T17:41:51Z,Digitizer_run1611_subrun262.csv,10,False,,,2.21,-0.42
2026-04-09T17:41:51Z,Digitizer_run1611_subrun262.csv,11,False,,,3.68,-0.416
2026-04-09T17:41:51Z,Digitizer_run1611_subrun262.csv,12,False,,,1.42,-0.3929
2026-04-09T17:41:51Z,Digitizer_run1611_subrun262.csv,13,False,,,1.85,-0.4029
2026-04-09T17:41:51Z,Digitizer_run1611_subrun262.csv,14,False,,,1.36,-0.3808
2026-04-09T17:41:51Z,Digitizer_run1611_subrun262.csv,15,False,,,1.07,-0.3869
2026-04-09T17:41:51Z,Digitizer_run1611_subrun262.csv,16,False,,,2.22,-0.4089
2026-04-09T17:41:51Z,Digitizer_run1611_subrun262.csv,17,False,,,2.1,-0.4476
2026-04-09T17:41:51Z,Digitizer_run1611_subrun262.csv,18,False,,,2.38,-0.4044
2026-04-09T17:41:51Z,Digitizer_run1611_subrun262.csv,19,False,,,2.48,-0.4554
2026-04-09T17:41:51Z,Digitizer_run1611_subrun262.csv,20,False,,,1.6,-0.4009
2026-04-09T17:41:51Z,Digitizer_run1611_subrun262.csv,21,False,,,1.68,-0.4034
2026-04-09T17:41:51Z,Digitizer_run1611_subrun262.csv,22,False,,,2.84,-0.4261
2026-04-09T17:41:51Z,Digitizer_run1611_subrun262.csv,23,False,,,4.56,-0.4583
2026-04-09T17:41:51Z,Digitizer_run1611_subrun262.csv,24,False,,,2.25,-0.4392
2026-04-09T17:41:51Z,Digitizer_run1611_subrun262.csv,25,False,,,1.99,-0.4171
2026-04-09T17:41:51Z,Digitizer_run1611_subrun262.csv,26,False,,,1.9,-0.416
2026-04-09T17:41:51Z,Digitizer_run1611_subrun262.csv,27,False,,,1.34,-0.3923
2026-04-09T17:41:51Z,Digitizer_run1611_subrun262.csv,28,False,,,1.67,-0.378
2026-04-09T17:41:51Z,Digitizer_run1611_subrun262.csv,29,False,,,1.36,-0.3836
2026-04-09T17:41:51Z,Digitizer_run1611_subrun262.csv,30,False,,,1.32,-0.3829
2026-04-09T17:41:51Z,Digitizer_run1611_subrun262.csv,31,False,,,1.76,-0.4031
2026-04-09T17:41:51Z,Digitizer_run1611_subrun262.csv,32,False,,,1.85,-0.4192
2026-04-09T17:41:51Z,Digitizer_run1611_subrun262.csv,33,False,,,2.43,-0.4289
2026-04-09T17:41:51Z,Digitizer_run1611_subrun262.csv,34,False,,,3.02,-0.489
2026-04-09T17:41:51Z,Digitizer_run1611_subrun262.csv,35,False,,,2.21,-0.3963
2026-04-09T17:41:51Z,Digitizer_run1611_subrun262.csv,36,False,,,2.05,-0.4285
2026-04-09T17:41:51Z,Digitizer_run1611_subrun262.csv,37,False,,,3.06,-0.4029
2026-04-09T17:41:51Z,Digitizer_run1611_subrun262.csv,38,False,,,1.61,-0.4121
2026-04-09T17:41:51Z,Digitizer_run1611_subrun262.csv,39,False,,,2.96,-0.4791
2026-04-09T17:41:51Z,Digitizer_run1611_subrun262.csv,40,False,,,2.95,-0.4368
2026-04-09T17:41:51Z,Digitizer_run1611_subrun262.csv,41,False,,,2.03,-0.428
2026-04-09T17:41:51Z,Digitizer_run1611_subrun262.csv,42,False,,,2.44,-0.3924
2026-04-09T17:41:51Z,Digitizer_run1611_subrun262.csv,43,False,,,1.53,-0.3957
2026-04-09T17:41:51Z,Digitizer_run1611_subrun262.csv,44,False,,,2.24,-0.4294
2026-04-09T17:41:51Z,Digitizer_run1611_subrun262.csv,45,False,,,1.79,-0.3967
2026-04-09T17:41:51Z,Digitizer_run1611_subrun262.csv,46,False,,,2.07,-0.4093
2026-04-09T17:41:51Z,Digitizer_run1611_subrun262.csv,47,False,,,3.16,-0.4399
2026-04-09T17:41:51Z,Digitizer_run1611_subrun262.csv,48,False,,,1.92,-0.418
2026-04-09T17:41:51Z,Digitizer_run1611_subrun262.csv,49,False,,,1.96,-0.3948
2026-04-09T17:41:51Z,Digitizer_run1611_subrun262.csv,50,False,,,2.11,-0.4183
2026-04-09T17:41:51Z,Digitizer_run1611_subrun262.csv,51,False,,,3.66,-0.4764
2026-04-09T17:41:51Z,Digitizer_run1611_subrun262.csv,52,False,,,2.53,-0.4408
2026-04-09T17:41:51Z,Digitizer_run1611_subrun262.csv,53,False,,,1.44,-0.3956
2026-04-09T17:41:51Z,Digitizer_run1611_subrun262.csv,54,False,,,1.88,-0.4178
2026-04-09T17:41:51Z,Digitizer_run1611_subrun262.csv,55,False,,,2.25,-0.4226
2026-04-09T17:41:51Z,Digitizer_run1611_subrun262.csv,56,False,,,2.57,-0.4311
2026-04-09T17:41:51Z,Digitizer_run1611_subrun262.csv,57,False,,,2.18,-0.4099
2026-04-09T17:41:51Z,Digitizer_run1611_subrun262.csv,58,False,,,1.9,-0.425
2026-04-09T17:41:51Z,Digitizer_run1611_subrun262.csv,59,False,,,1.69,-0.4071
2026-04-09T17:41:51Z,Digitizer_run1611_subrun262.csv,60,False,,,2.31,-0.4566
2026-04-09T17:41:51Z,Digitizer_run1611_subrun262.csv,61,False,,,1.83,-0.3892
2026-04-09T17:41:51Z,Digitizer_run1611_subrun262.csv,62,False,,,4.09,-0.4604
2026-04-09T17:41:51Z,Digitizer_run1611_subrun262.csv,63,False,,,3.88,-0.4353
2026-04-09T17:41:51Z,Digitizer_run1611_subrun262.csv,64,False,,,2.22,-0.4465
2026-04-09T17:41:51Z,Digitizer_run1611_subrun262.csv,65,False,,,1.83,-0.3966
2026-04-09T17:41:51Z,Digitizer_run1611_subrun262.csv,66,False,,,1.35,-0.3948
2026-04-09T17:41:51Z,Digitizer_run1611_subrun262.csv,67,False,,,1.44,-0.391
2026-04-09T17:41:51Z,Digitizer_run1611_subrun262.csv,68,True,isolation_forest,,2.93,-0.5054
2026-04-09T17:41:51Z,Digitizer_run1611_subrun262.csv,69,True,isolation_forest,,3.27,-0.5151
2026-04-09T17:41:51Z,Digitizer_run1611_subrun262.csv,70,False,,,1.1,-0.3787
2026-04-09T17:41:51Z,Digitizer_run1611_subrun262.csv,71,False,,,3.03,-0.4299
2026-04-09T17:41:51Z,Digitizer_run1611_subrun262.csv,72,False,,,1.71,-0.4153
2026-04-09T17:41:51Z,Digitizer_run1611_subrun262.csv,73,False,,,1.92,-0.4142
2026-04-09T17:41:51Z,Digitizer_run1611_subrun262.csv,74,False,,,1.99,-0.4617
2026-04-09T17:41:51Z,Digitizer_run1611_subrun262.csv,75,False,,,2.39,-0.4396
2026-04-09T17:41:51Z,Digitizer_run1611_subrun262.csv,76,False,,,2.12,-0.3896
2026-04-09T17:41:51Z,Digitizer_run1611_subrun262.csv,77,False,,,1.52,-0.3835
2026-04-09T17:41:51Z,Digitizer_run1611_subrun262.csv,78,False,,,2.02,-0.3945
2026-04-09T17:41:51Z,Digitizer_run1611_subrun262.csv,79,True,statistical,nPulses_median,7.0,-0.4507
2026-04-09T17:41:51Z,Digitizer_run1611_subrun262.csv,80,False,,,1.54,-0.3938
2026-04-09T17:41:51Z,Digitizer_run1611_subrun262.csv,81,False,,,1.77,-0.4099
2026-04-09T17:41:51Z,Digitizer_run1611_subrun262.csv,82,False,,,2.53,-0.4598
2026-04-09T17:41:51Z,Digitizer_run1611_subrun262.csv,83,False,,,2.28,-0.4345
2026-04-09T17:41:51Z,Digitizer_run1611_subrun262.csv,84,False,,,1.72,-0.3953
2026-04-09T17:41:51Z,Digitizer_run1611_subrun262.csv,85,False,,,1.86,-0.4127
2026-04-09T17:41:51Z,Digitizer_run1611_subrun262.csv,86,False,,,1.77,-0.416
2026-04-09T17:41:51Z,Digitizer_run1611_subrun262.csv,87,False,,,1.93,-0.4276
2026-04-09T17:41:51Z,Digitizer_run1611_subrun262.csv,88,False,,,2.67,-0.4908
2026-04-09T17:41:51Z,Digitizer_run1611_subrun262.csv,89,True,isolation_forest,,2.45,-0.4992
2026-04-09T17:41:51Z,Digitizer_run1611_subrun262.csv,90,True,isolation_forest,,2.52,-0.5111
2026-04-09T17:41:51Z,Digitizer_run1611_subrun262.csv,91,True,isolation_forest,,2.81,-0.5254
2026-04-09T17:41:51Z,Digitizer_run1611_subrun262.csv,92,False,,,1.71,-0.4343
2026-04-09T17:41:51Z,Digitizer_run1611_subrun262.csv,93,False,,,2.17,-0.4847
2026-04-09T17:41:51Z,Digitizer_run1611_subrun262.csv,94,True,isolation_forest,,2.68,-0.5024
2026-04-09T17:41:51Z,Digitizer_run1611_subrun262.csv,95,False,,,2.47,-0.4714
2026-04-09T17:41:58Z,Digitizer_run1609_subrun261.csv,0,False,,,3.65,-0.4901
2026-04-09T17:41:58Z,Digitizer_run1609_subrun261.csv,1,True,isolation_forest,,3.86,-0.4963
2026-04-09T17:41:58Z,Digitizer_run1609_subrun261.csv,2,False,,,2.04,-0.4243
2026-04-09T17:41:58Z,Digitizer_run1609_subrun261.csv,3,False,,,1.96,-0.4191
2026-04-09T17:41:58Z,Digitizer_run1609_subrun261.csv,4,False,,,1.7,-0.4055
2026-04-09T17:41:58Z,Digitizer_run1609_subrun261.csv,5,False,,,1.96,-0.3914
2026-04-09T17:41:58Z,Digitizer_run1609_subrun261.csv,6,False,,,1.61,-0.4085
2026-04-09T17:41:58Z,Digitizer_run1609_subrun261.csv,7,False,,,2.06,-0.4098
2026-04-09T17:41:58Z,Digitizer_run1609_subrun261.csv,8,False,,,1.37,-0.3924
2026-04-09T17:41:58Z,Digitizer_run1609_subrun261.csv,9,True,isolation_forest,,4.01,-0.5286
2026-04-09T17:41:58Z,Digitizer_run1609_subrun261.csv,10,True,isolation_forest,,3.42,-0.5458
2026-04-09T17:41:58Z,Digitizer_run1609_subrun261.csv,11,False,,,2.11,-0.4052
2026-04-09T17:41:58Z,Digitizer_run1609_subrun261.csv,12,False,,,1.77,-0.393
2026-04-09T17:41:58Z,Digitizer_run1609_subrun261.csv,13,False,,,1.78,-0.4259
2026-04-09T17:41:58Z,Digitizer_run1609_subrun261.csv,14,False,,,1.85,-0.4356
2026-04-09T17:41:58Z,Digitizer_run1609_subrun261.csv,15,True,isolation_forest,,2.47,-0.4973
2026-04-09T17:41:58Z,Digitizer_run1609_subrun261.csv,16,False,,,2.24,-0.4655
2026-04-09T17:41:58Z,Digitizer_run1609_subrun261.csv,17,True,isolation_forest,,4.2,-0.5141
2026-04-09T17:41:58Z,Digitizer_run1609_subrun261.csv,18,False,,,2.49,-0.4108
2026-04-09T17:41:58Z,Digitizer_run1609_subrun261.csv,19,False,,,1.8,-0.4449
2026-04-09T17:41:58Z,Digitizer_run1609_subrun261.csv,20,False,,,1.61,-0.4077
2026-04-09T17:41:58Z,Digitizer_run1609_subrun261.csv,21,True,statistical+IF,pulseHeight_min_median;pulseArea_min_median,7.05,-0.5552
2026-04-09T17:41:58Z,Digitizer_run1609_subrun261.csv,22,False,,,3.73,-0.4264
2026-04-09T17:41:58Z,Digitizer_run1609_subrun261.csv,23,False,,,1.31,-0.3822
2026-04-09T17:41:58Z,Digitizer_run1609_subrun261.csv,24,False,,,2.85,-0.426
2026-04-09T17:41:58Z,Digitizer_run1609_subrun261.csv,25,False,,,2.84,-0.411
2026-04-09T17:41:58Z,Digitizer_run1609_subrun261.csv,26,False,,,1.88,-0.4091
2026-04-09T17:41:58Z,Digitizer_run1609_subrun261.csv,27,False,,,2.27,-0.4306
2026-04-09T17:41:58Z,Digitizer_run1609_subrun261.csv,28,False,,,2.13,-0.4331
2026-04-09T17:41:58Z,Digitizer_run1609_subrun261.csv,29,False,,,1.94,-0.4157
2026-04-09T17:41:58Z,Digitizer_run1609_subrun261.csv,30,False,,,3.81,-0.4416
2026-04-09T17:41:58Z,Digitizer_run1609_subrun261.csv,31,False,,,2.7,-0.4376
2026-04-09T17:41:58Z,Digitizer_run1609_subrun261.csv,32,False,,,1.49,-0.4051
2026-04-09T17:41:58Z,Digitizer_run1609_subrun261.csv,33,False,,,1.72,-0.4215
2026-04-09T17:41:58Z,Digitizer_run1609_subrun261.csv,34,False,,,1.73,-0.3868
2026-04-09T17:41:58Z,Digitizer_run1609_subrun261.csv,35,False,,,1.93,-0.3953
2026-04-09T17:41:58Z,Digitizer_run1609_subrun261.csv,36,False,,,2.54,-0.4387
2026-04-09T17:41:58Z,Digitizer_run1609_subrun261.csv,37,False,,,2.67,-0.4481
2026-04-09T17:41:58Z,Digitizer_run1609_subrun261.csv,38,False,,,1.23,-0.3813
2026-04-09T17:41:58Z,Digitizer_run1609_subrun261.csv,39,False,,,1.64,-0.4016
2026-04-09T17:41:58Z,Digitizer_run1609_subrun261.csv,40,False,,,2.18,-0.4315
2026-04-09T17:41:58Z,Digitizer_run1609_subrun261.csv,41,False,,,2.94,-0.443
2026-04-09T17:41:58Z,Digitizer_run1609_subrun261.csv,42,False,,,2.31,-0.397
2026-04-09T17:41:58Z,Digitizer_run1609_subrun261.csv,43,False,,,2.36,-0.3902
2026-04-09T17:41:58Z,Digitizer_run1609_subrun261.csv,44,False,,,1.3,-0.3966
2026-04-09T17:41:58Z,Digitizer_run1609_subrun261.csv,45,False,,,2.13,-0.403
2026-04-09T17:41:58Z,Digitizer_run1609_subrun261.csv,46,False,,,1.73,-0.4016
2026-04-09T17:41:58Z,Digitizer_run1609_subrun261.csv,47,False,,,2.72,-0.4417
2026-04-09T17:41:58Z,Digitizer_run1609_subrun261.csv,48,False,,,1.51,-0.4049
2026-04-09T17:41:58Z,Digitizer_run1609_subrun261.csv,49,False,,,3.37,-0.481
2026-04-09T17:41:58Z,Digitizer_run1609_subrun261.csv,50,False,,,2.05,-0.398
2026-04-09T17:41:58Z,Digitizer_run1609_subrun261.csv,51,False,,,2.36,-0.4157
2026-04-09T17:41:58Z,Digitizer_run1609_subrun261.csv,52,False,,,2.91,-0.4654
2026-04-09T17:41:58Z,Digitizer_run1609_subrun261.csv,53,False,,,2.26,-0.4308
2026-04-09T17:41:58Z,Digitizer_run1609_subrun261.csv,54,False,,,2.25,-0.4333
2026-04-09T17:41:58Z,Digitizer_run1609_subrun261.csv,55,True,isolation_forest,,4.36,-0.5208
2026-04-09T17:41:58Z,Digitizer_run1609_subrun261.csv,56,False,,,2.63,-0.4528
2026-04-09T17:41:58Z,Digitizer_run1609_subrun261.csv,57,False,,,2.76,-0.4178
2026-04-09T17:41:58Z,Digitizer_run1609_subrun261.csv,58,False,,,1.64,-0.399
2026-04-09T17:41:58Z,Digitizer_run1609_subrun261.csv,59,False,,,1.67,-0.3942
2026-04-09T17:41:58Z,Digitizer_run1609_subrun261.csv,60,False,,,1.73,-0.4031
2026-04-09T17:41:58Z,Digitizer_run1609_subrun261.csv,61,False,,,1.52,-0.3942
2026-04-09T17:41:58Z,Digitizer_run1609_subrun261.csv,62,False,,,2.21,-0.4477
2026-04-09T17:41:58Z,Digitizer_run1609_subrun261.csv,63,False,,,1.93,-0.439
2026-04-09T17:41:58Z,Digitizer_run1609_subrun261.csv,64,False,,,2.15,-0.4125
2026-04-09T17:41:58Z,Digitizer_run1609_subrun261.csv,65,False,,,1.79,-0.4059
2026-04-09T17:41:58Z,Digitizer_run1609_subrun261.csv,66,False,,,2.38,-0.4042
2026-04-09T17:41:58Z,Digitizer_run1609_subrun261.csv,67,False,,,4.23,-0.4168
2026-04-09T17:41:58Z,Digitizer_run1609_subrun261.csv,68,False,,,2.16,-0.3933
2026-04-09T17:41:58Z,Digitizer_run1609_subrun261.csv,69,False,,,2.99,-0.4511
2026-04-09T17:41:58Z,Digitizer_run1609_subrun261.csv,70,False,,,1.53,-0.3843
2026-04-09T17:41:58Z,Digitizer_run1609_subrun261.csv,71,False,,,1.57,-0.3795
2026-04-09T17:41:58Z,Digitizer_run1609_subrun261.csv,72,False,,,2.33,-0.4559
2026-04-09T17:41:58Z,Digitizer_run1609_subrun261.csv,73,False,,,2.16,-0.4302
2026-04-09T17:41:58Z,Digitizer_run1609_subrun261.csv,74,False,,,1.38,-0.4035
2026-04-09T17:41:58Z,Digitizer_run1609_subrun261.csv,75,False,,,1.66,-0.421
2026-04-09T17:41:58Z,Digitizer_run1609_subrun261.csv,76,False,,,1.64,-0.3925
2026-04-09T17:41:58Z,Digitizer_run1609_subrun261.csv,77,False,,,1.96,-0.4074
2026-04-09T17:41:58Z,Digitizer_run1609_subrun261.csv,78,True,isolation_forest,,2.55,-0.5094
2026-04-09T17:41:58Z,Digitizer_run1609_subrun261.csv,79,False,,,2.61,-0.4757
2026-04-09T17:41:58Z,Digitizer_run1609_subrun261.csv,80,False,,,2.92,-0.4343
2026-04-09T17:41:58Z,Digitizer_run1609_subrun261.csv,81,False,,,1.42,-0.3966
2026-04-09T17:41:58Z,Digitizer_run1609_subrun261.csv,82,False,,,2.07,-0.4479
2026-04-09T17:41:58Z,Digitizer_run1609_subrun261.csv,83,False,,,2.04,-0.4218
2026-04-09T17:41:58Z,Digitizer_run1609_subrun261.csv,84,False,,,1.16,-0.3803
2026-04-09T17:41:58Z,Digitizer_run1609_subrun261.csv,85,False,,,1.24,-0.3832
2026-04-09T17:41:58Z,Digitizer_run1609_subrun261.csv,86,False,,,2.0,-0.4202
2026-04-09T17:41:58Z,Digitizer_run1609_subrun261.csv,87,False,,,3.27,-0.4495
2026-04-09T17:41:58Z,Digitizer_run1609_subrun261.csv,88,False,,,1.53,-0.4695
2026-04-09T17:41:58Z,Digitizer_run1609_subrun261.csv,89,False,,,2.46,-0.4592
2026-04-09T17:41:58Z,Digitizer_run1609_subrun261.csv,90,True,isolation_forest,,2.95,-0.5202
2026-04-09T17:41:58Z,Digitizer_run1609_subrun261.csv,91,False,,,1.75,-0.4555
2026-04-09T17:41:58Z,Digitizer_run1609_subrun261.csv,92,False,,,1.82,-0.4829
2026-04-09T17:41:58Z,Digitizer_run1609_subrun261.csv,93,True,isolation_forest,,2.47,-0.502
2026-04-09T17:41:58Z,Digitizer_run1609_subrun261.csv,94,False,,,2.12,-0.4768
2026-04-09T17:41:58Z,Digitizer_run1609_subrun261.csv,95,False,,,1.97,-0.459
2026-04-09T17:42:08Z,Digitizer_run1608_subrun219.csv,0,False,,,3.12,-0.4303
2026-04-09T17:42:08Z,Digitizer_run1608_subrun219.csv,1,False,,,2.39,-0.4544
2026-04-09T17:42:08Z,Digitizer_run1608_subrun219.csv,2,False,,,2.3,-0.4638
2026-04-09T17:42:08Z,Digitizer_run1608_subrun219.csv,3,False,,,2.07,-0.4473
2026-04-09T17:42:08Z,Digitizer_run1608_subrun219.csv,4,False,,,2.03,-0.4023
2026-04-09T17:42:08Z,Digitizer_run1608_subrun219.csv,5,False,,,1.97,-0.396
2026-04-09T17:42:08Z,Digitizer_run1608_subrun219.csv,6,False,,,1.6,-0.4105
2026-04-09T17:42:08Z,Digitizer_run1608_subrun219.csv,7,False,,,1.81,-0.4042
2026-04-09T17:42:08Z,Digitizer_run1608_subrun219.csv,8,False,,,1.95,-0.4157
2026-04-09T17:42:08Z,Digitizer_run1608_subrun219.csv,9,False,,,1.38,-0.3862
2026-04-09T17:42:08Z,Digitizer_run1608_subrun219.csv,10,False,,,3.47,-0.4824
2026-04-09T17:42:08Z,Digitizer_run1608_subrun219.csv,11,False,,,1.79,-0.4088
2026-04-09T17:42:08Z,Digitizer_run1608_subrun219.csv,12,False,,,1.73,-0.4097
2026-04-09T17:42:08Z,Digitizer_run1608_subrun219.csv,13,False,,,1.62,-0.3945
2026-04-09T17:42:08Z,Digitizer_run1608_subrun219.csv,14,False,,,2.42,-0.4359
2026-04-09T17:42:08Z,Digitizer_run1608_subrun219.csv,15,False,,,3.67,-0.4373
2026-04-09T17:42:08Z,Digitizer_run1608_subrun219.csv,16,False,,,2.05,-0.4603
2026-04-09T17:42:08Z,Digitizer_run1608_subrun219.csv,17,False,,,3.22,-0.4218
2026-04-09T17:42:08Z,Digitizer_run1608_subrun219.csv,18,False,,,0.99,-0.3937
2026-04-09T17:42:08Z,Digitizer_run1608_subrun219.csv,19,False,,,1.5,-0.414
2026-04-09T17:42:08Z,Digitizer_run1608_subrun219.csv,20,False,,,0.96,-0.3748
2026-04-09T17:42:08Z,Digitizer_run1608_subrun219.csv,21,False,,,1.15,-0.3847
2026-04-09T17:42:08Z,Digitizer_run1608_subrun219.csv,22,False,,,2.44,-0.4305
2026-04-09T17:42:08Z,Digitizer_run1608_subrun219.csv,23,False,,,4.43,-0.4602
2026-04-09T17:42:08Z,Digitizer_run1608_subrun219.csv,24,False,,,1.97,-0.4252
2026-04-09T17:42:08Z,Digitizer_run1608_subrun219.csv,25,False,,,1.74,-0.4125
2026-04-09T17:42:08Z,Digitizer_run1608_subrun219.csv,26,False,,,3.16,-0.4262
2026-04-09T17:42:08Z,Digitizer_run1608_subrun219.csv,27,False,,,2.87,-0.3964
2026-04-09T17:42:08Z,Digitizer_run1608_subrun219.csv,28,False,,,1.99,-0.4329
2026-04-09T17:42:08Z,Digitizer_run1608_subrun219.csv,29,False,,,1.77,-0.4055
2026-04-09T17:42:08Z,Digitizer_run1608_subrun219.csv,30,False,,,1.88,-0.4202
2026-04-09T17:42:08Z,Digitizer_run1608_subrun219.csv,31,False,,,1.92,-0.4235
2026-04-09T17:42:08Z,Digitizer_run1608_subrun219.csv,32,False,,,1.92,-0.4352
2026-04-09T17:42:08Z,Digitizer_run1608_subrun219.csv,33,False,,,3.15,-0.434
2026-04-09T17:42:08Z,Digitizer_run1608_subrun219.csv,34,False,,,2.17,-0.4146
2026-04-09T17:42:08Z,Digitizer_run1608_subrun219.csv,35,False,,,1.67,-0.4028
2026-04-09T17:42:08Z,Digitizer_run1608_subrun219.csv,36,False,,,1.74,-0.4139
2026-04-09T17:42:08Z,Digitizer_run1608_subrun219.csv,37,False,,,1.72,-0.4073
2026-04-09T17:42:08Z,Digitizer_run1608_subrun219.csv,38,False,,,1.05,-0.3678
2026-04-09T17:42:08Z,Digitizer_run1608_subrun219.csv,39,False,,,1.41,-0.3841
2026-04-09T17:42:08Z,Digitizer_run1608_subrun219.csv,40,False,,,1.24,-0.3849
2026-04-09T17:42:08Z,Digitizer_run1608_subrun219.csv,41,False,,,1.29,-0.3853
2026-04-09T17:42:08Z,Digitizer_run1608_subrun219.csv,42,False,,,1.95,-0.389
2026-04-09T17:42:08Z,Digitizer_run1608_subrun219.csv,43,False,,,1.66,-0.3961
2026-04-09T17:42:08Z,Digitizer_run1608_subrun219.csv,44,False,,,2.12,-0.4109
2026-04-09T17:42:08Z,Digitizer_run1608_subrun219.csv,45,False,,,1.87,-0.4086
2026-04-09T17:42:08Z,Digitizer_run1608_subrun219.csv,46,False,,,2.31,-0.4169
2026-04-09T17:42:08Z,Digitizer_run1608_subrun219.csv,47,True,isolation_forest,,2.61,-0.5031
2026-04-09T17:42:08Z,Digitizer_run1608_subrun219.csv,48,False,,,1.53,-0.404
2026-04-09T17:42:08Z,Digitizer_run1608_subrun219.csv,49,False,,,1.28,-0.3774
2026-04-09T17:42:08Z,Digitizer_run1608_subrun219.csv,50,False,,,1.77,-0.3981
2026-04-09T17:42:08Z,Digitizer_run1608_subrun219.csv,51,False,,,2.56,-0.4465
2026-04-09T17:42:08Z,Digitizer_run1608_subrun219.csv,52,False,,,3.1,-0.444
2026-04-09T17:42:08Z,Digitizer_run1608_subrun219.csv,53,False,,,1.25,-0.4046
2026-04-09T17:42:08Z,Digitizer_run1608_subrun219.csv,54,False,,,1.59,-0.4108
2026-04-09T17:42:08Z,Digitizer_run1608_subrun219.csv,55,False,,,1.57,-0.4061
2026-04-09T17:42:08Z,Digitizer_run1608_subrun219.csv,56,False,,,3.39,-0.4492
2026-04-09T17:42:08Z,Digitizer_run1608_subrun219.csv,57,False,,,1.22,-0.3766
2026-04-09T17:42:08Z,Digitizer_run1608_subrun219.csv,58,False,,,2.49,-0.4009
2026-04-09T17:42:08Z,Digitizer_run1608_subrun219.csv,59,False,,,2.42,-0.4475
2026-04-09T17:42:08Z,Digitizer_run1608_subrun219.csv,60,False,,,1.69,-0.4145
2026-04-09T17:42:08Z,Digitizer_run1608_subrun219.csv,61,False,,,1.61,-0.4088
2026-04-09T17:42:08Z,Digitizer_run1608_subrun219.csv,62,False,,,2.09,-0.3772
2026-04-09T17:42:08Z,Digitizer_run1608_subrun219.csv,63,False,,,2.05,-0.406
2026-04-09T17:42:08Z,Digitizer_run1608_subrun219.csv,64,False,,,1.13,-0.3805
2026-04-09T17:42:08Z,Digitizer_run1608_subrun219.csv,65,False,,,1.35,-0.3859
2026-04-09T17:42:08Z,Digitizer_run1608_subrun219.csv,66,False,,,1.44,-0.3736
2026-04-09T17:42:08Z,Digitizer_run1608_subrun219.csv,67,False,,,2.07,-0.4037
2026-04-09T17:42:08Z,Digitizer_run1608_subrun219.csv,68,False,,,2.09,-0.3786
2026-04-09T17:42:08Z,Digitizer_run1608_subrun219.csv,69,False,,,1.77,-0.3827
2026-04-09T17:42:08Z,Digitizer_run1608_subrun219.csv,70,False,,,3.38,-0.4871
2026-04-09T17:42:08Z,Digitizer_run1608_subrun219.csv,71,False,,,1.76,-0.4291
2026-04-09T17:42:08Z,Digitizer_run1608_subrun219.csv,72,False,,,2.65,-0.4772
2026-04-09T17:42:08Z,Digitizer_run1608_subrun219.csv,73,False,,,2.09,-0.4431
2026-04-09T17:42:08Z,Digitizer_run1608_subrun219.csv,74,False,,,2.3,-0.4328
2026-04-09T17:42:08Z,Digitizer_run1608_subrun219.csv,75,False,,,2.64,-0.4698
2026-04-09T17:42:08Z,Digitizer_run1608_subrun219.csv,76,True,isolation_forest,,3.92,-0.4977
2026-04-09T17:42:08Z,Digitizer_run1608_subrun219.csv,77,False,,,2.08,-0.4494
2026-04-09T17:42:08Z,Digitizer_run1608_subrun219.csv,78,False,,,2.61,-0.4689
2026-04-09T17:42:08Z,Digitizer_run1608_subrun219.csv,79,False,,,1.78,-0.4096
2026-04-09T17:42:08Z,Digitizer_run1608_subrun219.csv,80,True,statistical+IF,nPulses_median,6.25,-0.5193
2026-04-09T17:42:08Z,Digitizer_run1608_subrun219.csv,81,False,,,3.26,-0.4676
2026-04-09T17:42:08Z,Digitizer_run1608_subrun219.csv,82,False,,,3.18,-0.4667
2026-04-09T17:42:08Z,Digitizer_run1608_subrun219.csv,83,True,isolation_forest,,3.35,-0.5072
2026-04-09T17:42:08Z,Digitizer_run1608_subrun219.csv,84,False,,,1.5,-0.3895
2026-04-09T17:42:08Z,Digitizer_run1608_subrun219.csv,85,False,,,2.43,-0.3919
2026-04-09T17:42:08Z,Digitizer_run1608_subrun219.csv,86,False,,,1.15,-0.3734
2026-04-09T17:42:08Z,Digitizer_run1608_subrun219.csv,87,False,,,2.04,-0.4233
2026-04-09T17:42:08Z,Digitizer_run1608_subrun219.csv,88,False,,,2.58,-0.443
2026-04-09T17:42:08Z,Digitizer_run1608_subrun219.csv,89,False,,,4.05,-0.4524
2026-04-09T17:42:08Z,Digitizer_run1608_subrun219.csv,90,False,,,1.48,-0.4251
2026-04-09T17:42:08Z,Digitizer_run1608_subrun219.csv,91,False,,,1.36,-0.4406
2026-04-09T17:42:08Z,Digitizer_run1608_subrun219.csv,92,True,isolation_forest,,2.06,-0.4977
2026-04-09T17:42:08Z,Digitizer_run1608_subrun219.csv,93,False,,,2.17,-0.4785
2026-04-09T17:42:08Z,Digitizer_run1608_subrun219.csv,94,False,,,3.73,-0.4729
2026-04-09T17:42:08Z,Digitizer_run1608_subrun219.csv,95,False,,,2.29,-0.4783
2026-04-09T17:42:15Z,Digitizer_run1609_subrun467.csv,0,False,,,1.87,-0.3937
2026-04-09T17:42:15Z,Digitizer_run1609_subrun467.csv,1,False,,,2.97,-0.4189
2026-04-09T17:42:15Z,Digitizer_run1609_subrun467.csv,2,False,,,2.08,-0.4372
2026-04-09T17:42:15Z,Digitizer_run1609_subrun467.csv,3,True,statistical,nPulses_median,7.0,-0.4244
2026-04-09T17:42:15Z,Digitizer_run1609_subrun467.csv,4,False,,,2.72,-0.3977
2026-04-09T17:42:15Z,Digitizer_run1609_subrun467.csv,5,False,,,1.24,-0.3777
2026-04-09T17:42:15Z,Digitizer_run1609_subrun467.csv,6,False,,,1.73,-0.398
2026-04-09T17:42:15Z,Digitizer_run1609_subrun467.csv,7,False,,,2.14,-0.4065
2026-04-09T17:42:15Z,Digitizer_run1609_subrun467.csv,8,False,,,1.97,-0.453
2026-04-09T17:42:15Z,Digitizer_run1609_subrun467.csv,9,False,,,2.48,-0.4703
2026-04-09T17:42:15Z,Digitizer_run1609_subrun467.csv,10,False,,,2.25,-0.4397
2026-04-09T17:42:15Z,Digitizer_run1609_subrun467.csv,11,False,,,1.52,-0.4098
2026-04-09T17:42:15Z,Digitizer_run1609_subrun467.csv,12,False,,,1.86,-0.407
2026-04-09T17:42:15Z,Digitizer_run1609_subrun467.csv,13,False,,,1.72,-0.4007
2026-04-09T17:42:15Z,Digitizer_run1609_subrun467.csv,14,False,,,1.31,-0.3832
2026-04-09T17:42:15Z,Digitizer_run1609_subrun467.csv,15,False,,,1.27,-0.3953
2026-04-09T17:42:15Z,Digitizer_run1609_subrun467.csv,16,False,,,1.62,-0.3932
2026-04-09T17:42:15Z,Digitizer_run1609_subrun467.csv,17,False,,,2.1,-0.4087
2026-04-09T17:42:15Z,Digitizer_run1609_subrun467.csv,18,False,,,1.5,-0.3845
2026-04-09T17:42:15Z,Digitizer_run1609_subrun467.csv,19,False,,,1.36,-0.3797
2026-04-09T17:42:15Z,Digitizer_run1609_subrun467.csv,20,False,,,1.11,-0.3775
2026-04-09T17:42:15Z,Digitizer_run1609_subrun467.csv,21,False,,,2.16,-0.4121
2026-04-09T17:42:15Z,Digitizer_run1609_subrun467.csv,22,False,,,1.72,-0.4141
2026-04-09T17:42:15Z,Digitizer_run1609_subrun467.csv,23,False,,,1.72,-0.4323
2026-04-09T17:42:15Z,Digitizer_run1609_subrun467.csv,24,False,,,2.03,-0.4072
2026-04-09T17:42:15Z,Digitizer_run1609_subrun467.csv,25,False,,,1.29,-0.3888
2026-04-09T17:42:15Z,Digitizer_run1609_subrun467.csv,26,False,,,1.87,-0.4289
2026-04-09T17:42:15Z,Digitizer_run1609_subrun467.csv,27,False,,,1.41,-0.3996
2026-04-09T17:42:15Z,Digitizer_run1609_subrun467.csv,28,False,,,2.97,-0.456
2026-04-09T17:42:15Z,Digitizer_run1609_subrun467.csv,29,False,,,3.1,-0.4493
2026-04-09T17:42:15Z,Digitizer_run1609_subrun467.csv,30,False,,,2.29,-0.4545
2026-04-09T17:42:15Z,Digitizer_run1609_subrun467.csv,31,False,,,2.82,-0.4898
2026-04-09T17:42:15Z,Digitizer_run1609_subrun467.csv,32,False,,,2.33,-0.4221
2026-04-09T17:42:15Z,Digitizer_run1609_subrun467.csv,33,False,,,3.96,-0.4514
2026-04-09T17:42:15Z,Digitizer_run1609_subrun467.csv,34,False,,,2.58,-0.44
2026-04-09T17:42:15Z,Digitizer_run1609_subrun467.csv,35,False,,,2.26,-0.3986
2026-04-09T17:42:15Z,Digitizer_run1609_subrun467.csv,36,False,,,1.96,-0.431
2026-04-09T17:42:15Z,Digitizer_run1609_subrun467.csv,37,False,,,2.21,-0.4171
2026-04-09T17:42:15Z,Digitizer_run1609_subrun467.csv,38,False,,,2.56,-0.457
2026-04-09T17:42:15Z,Digitizer_run1609_subrun467.csv,39,False,,,2.65,-0.4241
2026-04-09T17:42:15Z,Digitizer_run1609_subrun467.csv,40,False,,,4.98,-0.4672
2026-04-09T17:42:15Z,Digitizer_run1609_subrun467.csv,41,True,isolation_forest,,4.03,-0.4987
2026-04-09T17:42:15Z,Digitizer_run1609_subrun467.csv,42,False,,,1.6,-0.3899
2026-04-09T17:42:15Z,Digitizer_run1609_subrun467.csv,43,False,,,1.95,-0.4105
2026-04-09T17:42:15Z,Digitizer_run1609_subrun467.csv,44,False,,,1.86,-0.4261
2026-04-09T17:42:15Z,Digitizer_run1609_subrun467.csv,45,False,,,1.68,-0.4127
2026-04-09T17:42:15Z,Digitizer_run1609_subrun467.csv,46,False,,,1.54,-0.3925
2026-04-09T17:42:15Z,Digitizer_run1609_subrun467.csv,47,False,,,1.88,-0.4088
2026-04-09T17:42:15Z,Digitizer_run1609_subrun467.csv,48,False,,,2.29,-0.4243
2026-04-09T17:42:15Z,Digitizer_run1609_subrun467.csv,49,True,isolation_forest,,3.93,-0.5194
2026-04-09T17:42:15Z,Digitizer_run1609_subrun467.csv,50,False,,,1.27,-0.3903
2026-04-09T17:42:15Z,Digitizer_run1609_subrun467.csv,51,False,,,1.66,-0.4043
2026-04-09T17:42:15Z,Digitizer_run1609_subrun467.csv,52,False,,,3.13,-0.4114
2026-04-09T17:42:15Z,Digitizer_run1609_subrun467.csv,53,False,,,2.24,-0.4057
2026-04-09T17:42:15Z,Digitizer_run1609_subrun467.csv,54,False,,,2.95,-0.4114
2026-04-09T17:42:15Z,Digitizer_run1609_subrun467.csv,55,False,,,1.58,-0.3908
2026-04-09T17:42:15Z,Digitizer_run1609_subrun467.csv,56,False,,,2.07,-0.4131
2026-04-09T17:42:15Z,Digitizer_run1609_subrun467.csv,57,False,,,2.37,-0.3914
2026-04-09T17:42:15Z,Digitizer_run1609_subrun467.csv,58,False,,,2.31,-0.4391
2026-04-09T17:42:15Z,Digitizer_run1609_subrun467.csv,59,False,,,1.37,-0.3885
2026-04-09T17:42:15Z,Digitizer_run1609_subrun467.csv,60,False,,,2.99,-0.4082
2026-04-09T17:42:15Z,Digitizer_run1609_subrun467.csv,61,False,,,2.51,-0.432
2026-04-09T17:42:15Z,Digitizer_run1609_subrun467.csv,62,False,,,2.25,-0.4237
2026-04-09T17:42:15Z,Digitizer_run1609_subrun467.csv,63,False,,,2.08,-0.3962
2026-04-09T17:42:15Z,Digitizer_run1609_subrun467.csv,64,False,,,1.1,-0.3808
2026-04-09T17:42:15Z,Digitizer_run1609_subrun467.csv,65,False,,,2.45,-0.4108
2026-04-09T17:42:15Z,Digitizer_run1609_subrun467.csv,66,False,,,1.88,-0.4051
2026-04-09T17:42:15Z,Digitizer_run1609_subrun467.csv,67,False,,,2.85,-0.4421
2026-04-09T17:42:15Z,Digitizer_run1609_subrun467.csv,68,False,,,4.67,-0.485
2026-04-09T17:42:15Z,Digitizer_run1609_subrun467.csv,69,False,,,2.72,-0.4738
2026-04-09T17:42:15Z,Digitizer_run1609_subrun467.csv,70,False,,,1.72,-0.3998
2026-04-09T17:42:15Z,Digitizer_run1609_subrun467.csv,71,False,,,2.08,-0.3932
2026-04-09T17:42:15Z,Digitizer_run1609_subrun467.csv,72,False,,,2.76,-0.4658
2026-04-09T17:42:15Z,Digitizer_run1609_subrun467.csv,73,False,,,1.97,-0.408
2026-04-09T17:42:15Z,Digitizer_run1609_subrun467.csv,74,False,,,1.26,-0.3971
2026-04-09T17:42:15Z,Digitizer_run1609_subrun467.csv,75,False,,,1.61,-0.4247
2026-04-09T17:42:15Z,Digitizer_run1609_subrun467.csv,76,False,,,1.94,-0.4139
2026-04-09T17:42:15Z,Digitizer_run1609_subrun467.csv,77,False,,,1.55,-0.4063
2026-04-09T17:42:15Z,Digitizer_run1609_subrun467.csv,78,False,,,1.05,-0.3706
2026-04-09T17:42:15Z,Digitizer_run1609_subrun467.csv,79,False,,,1.8,-0.3954
2026-04-09T17:42:15Z,Digitizer_run1609_subrun467.csv,80,True,statistical+IF,pulseHeight_min_median,5.33,-0.5586
2026-04-09T17:42:15Z,Digitizer_run1609_subrun467.csv,81,False,,,2.16,-0.4435
2026-04-09T17:42:15Z,Digitizer_run1609_subrun467.csv,82,False,,,2.05,-0.4376
2026-04-09T17:42:15Z,Digitizer_run1609_subrun467.csv,83,False,,,1.52,-0.3887
2026-04-09T17:42:15Z,Digitizer_run1609_subrun467.csv,84,False,,,1.65,-0.4177
2026-04-09T17:42:15Z,Digitizer_run1609_subrun467.csv,85,False,,,3.05,-0.4457
2026-04-09T17:42:15Z,Digitizer_run1609_subrun467.csv,86,True,isolation_forest,,4.53,-0.4939
2026-04-09T17:42:15Z,Digitizer_run1609_subrun467.csv,87,False,,,1.59,-0.4031
2026-04-09T17:42:15Z,Digitizer_run1609_subrun467.csv,88,True,isolation_forest,,2.56,-0.505
2026-04-09T17:42:15Z,Digitizer_run1609_subrun467.csv,89,False,,,1.57,-0.4185
2026-04-09T17:42:15Z,Digitizer_run1609_subrun467.csv,90,False,,,2.57,-0.4761
2026-04-09T17:42:15Z,Digitizer_run1609_subrun467.csv,91,True,isolation_forest,,3.05,-0.5268
2026-04-09T17:42:15Z,Digitizer_run1609_subrun467.csv,92,False,,,1.59,-0.4356
2026-04-09T17:42:15Z,Digitizer_run1609_subrun467.csv,93,False,,,1.6,-0.4482
2026-04-09T17:42:15Z,Digitizer_run1609_subrun467.csv,94,False,,,2.93,-0.476
2026-04-09T17:42:15Z,Digitizer_run1609_subrun467.csv,95,False,,,1.77,-0.4121
2026-04-09T17:42:24Z,Digitizer_run1609_subrun127.csv,0,False,,,1.83,-0.3782
2026-04-09T17:42:24Z,Digitizer_run1609_subrun127.csv,1,False,,,1.55,-0.3767
2026-04-09T17:42:24Z,Digitizer_run1609_subrun127.csv,2,False,,,2.23,-0.4104
2026-04-09T17:42:24Z,Digitizer_run1609_subrun127.csv,3,False,,,1.42,-0.3986
2026-04-09T17:42:24Z,Digitizer_run1609_subrun127.csv,4,False,,,3.52,-0.4282
2026-04-09T17:42:24Z,Digitizer_run1609_subrun127.csv,5,False,,,1.97,-0.4094
2026-04-09T17:42:24Z,Digitizer_run1609_subrun127.csv,6,False,,,2.52,-0.4754
2026-04-09T17:42:24Z,Digitizer_run1609_subrun127.csv,7,False,,,2.01,-0.4089
2026-04-09T17:42:24Z,Digitizer_run1609_subrun127.csv,8,False,,,1.88,-0.4226
2026-04-09T17:42:24Z,Digitizer_run1609_subrun127.csv,9,False,,,1.31,-0.3846
2026-04-09T17:42:24Z,Digitizer_run1609_subrun127.csv,10,False,,,3.16,-0.4279
2026-04-09T17:42:24Z,Digitizer_run1609_subrun127.csv,11,False,,,3.77,-0.4477
2026-04-09T17:42:24Z,Digitizer_run1609_subrun127.csv,12,False,,,1.21,-0.3815
2026-04-09T17:42:24Z,Digitizer_run1609_subrun127.csv,13,False,,,1.72,-0.3805
2026-04-09T17:42:24Z,Digitizer_run1609_subrun127.csv,14,False,,,2.07,-0.4224
2026-04-09T17:42:24Z,Digitizer_run1609_subrun127.csv,15,False,,,1.42,-0.3988
2026-04-09T17:42:24Z,Digitizer_run1609_subrun127.csv,16,False,,,1.77,-0.4117
2026-04-09T17:42:24Z,Digitizer_run1609_subrun127.csv,17,False,,,1.55,-0.399
2026-04-09T17:42:24Z,Digitizer_run1609_subrun127.csv,18,False,,,2.26,-0.4122
2026-04-09T17:42:24Z,Digitizer_run1609_subrun127.csv,19,False,,,1.05,-0.3775
2026-04-09T17:42:24Z,Digitizer_run1609_subrun127.csv,20,False,,,1.01,-0.374
2026-04-09T17:42:24Z,Digitizer_run1609_subrun127.csv,21,False,,,0.97,-0.3722
2026-04-09T17:42:24Z,Digitizer_run1609_subrun127.csv,22,False,,,0.95,-0.3686
2026-04-09T17:42:24Z,Digitizer_run1609_subrun127.csv,23,False,,,2.43,-0.4126
2026-04-09T17:42:24Z,Digitizer_run1609_subrun127.csv,24,True,isolation_forest,,3.96,-0.5016
2026-04-09T17:42:24Z,Digitizer_run1609_subrun127.csv,25,False,,,1.7,-0.4127
2026-04-09T17:42:24Z,Digitizer_run1609_subrun127.csv,26,False,,,3.07,-0.4138
2026-04-09T17:42:24Z,Digitizer_run1609_subrun127.csv,27,False,,,4.29,-0.4281
2026-04-09T17:42:24Z,Digitizer_run1609_subrun127.csv,28,True,isolation_forest,,3.37,-0.4948
2026-04-09T17:42:24Z,Digitizer_run1609_subrun127.csv,29,False,,,1.89,-0.4284
2026-04-09T17:42:24Z,Digitizer_run1609_subrun127.csv,30,False,,,1.75,-0.3947
2026-04-09T17:42:24Z,Digitizer_run1609_subrun127.csv,31,False,,,2.76,-0.4572
2026-04-09T17:42:24Z,Digitizer_run1609_subrun127.csv,32,False,,,1.96,-0.404
2026-04-09T17:42:24Z,Digitizer_run1609_subrun127.csv,33,False,,,2.59,-0.4484
2026-04-09T17:42:24Z,Digitizer_run1609_subrun127.csv,34,False,,,1.46,-0.4036
2026-04-09T17:42:24Z,Digitizer_run1609_subrun127.csv,35,False,,,1.53,-0.3897
2026-04-09T17:42:24Z,Digitizer_run1609_subrun127.csv,36,False,,,2.54,-0.4496
2026-04-09T17:42:24Z,Digitizer_run1609_subrun127.csv,37,False,,,2.54,-0.4092
2026-04-09T17:42:24Z,Digitizer_run1609_subrun127.csv,38,False,,,3.43,-0.4346
2026-04-09T17:42:24Z,Digitizer_run1609_subrun127.csv,39,True,isolation_forest,,3.26,-0.4951
2026-04-09T17:42:24Z,Digitizer_run1609_subrun127.csv,40,False,,,1.45,-0.3834
2026-04-09T17:42:24Z,Digitizer_run1609_subrun127.csv,41,False,,,1.64,-0.3909
2026-04-09T17:42:24Z,Digitizer_run1609_subrun127.csv,42,False,,,1.83,-0.3934
2026-04-09T17:42:24Z,Digitizer_run1609_subrun127.csv,43,False,,,1.17,-0.3818
2026-04-09T17:42:24Z,Digitizer_run1609_subrun127.csv,44,False,,,1.44,-0.3964
2026-04-09T17:42:24Z,Digitizer_run1609_subrun127.csv,45,False,,,2.05,-0.3964
2026-04-09T17:42:24Z,Digitizer_run1609_subrun127.csv,46,False,,,2.11,-0.4054
2026-04-09T17:42:24Z,Digitizer_run1609_subrun127.csv,47,False,,,1.76,-0.4168
2026-04-09T17:42:24Z,Digitizer_run1609_subrun127.csv,48,True,statistical,sideband_rms_mean,5.22,-0.4622
2026-04-09T17:42:24Z,Digitizer_run1609_subrun127.csv,49,False,,,3.05,-0.4475
2026-04-09T17:42:24Z,Digitizer_run1609_subrun127.csv,50,False,,,1.39,-0.3921
2026-04-09T17:42:24Z,Digitizer_run1609_subrun127.csv,51,False,,,1.51,-0.3903
2026-04-09T17:42:24Z,Digitizer_run1609_subrun127.csv,52,False,,,1.32,-0.3763
2026-04-09T17:42:24Z,Digitizer_run1609_subrun127.csv,53,False,,,1.61,-0.3939
2026-04-09T17:42:24Z,Digitizer_run1609_subrun127.csv,54,False,,,1.44,-0.3911
2026-04-09T17:42:24Z,Digitizer_run1609_subrun127.csv,55,False,,,3.06,-0.4578
2026-04-09T17:42:24Z,Digitizer_run1609_subrun127.csv,56,False,,,3.39,-0.4158
2026-04-09T17:42:24Z,Digitizer_run1609_subrun127.csv,57,False,,,1.3,-0.384
2026-04-09T17:42:24Z,Digitizer_run1609_subrun127.csv,58,False,,,2.58,-0.4282
2026-04-09T17:42:24Z,Digitizer_run1609_subrun127.csv,59,False,,,1.89,-0.4094
2026-04-09T17:42:24Z,Digitizer_run1609_subrun127.csv,60,False,,,1.94,-0.4005
2026-04-09T17:42:24Z,Digitizer_run1609_subrun127.csv,61,False,,,1.24,-0.3752
2026-04-09T17:42:24Z,Digitizer_run1609_subrun127.csv,62,False,,,2.38,-0.4109
2026-04-09T17:42:24Z,Digitizer_run1609_subrun127.csv,63,False,,,2.19,-0.402
2026-04-09T17:42:24Z,Digitizer_run1609_subrun127.csv,64,False,,,2.58,-0.4417
2026-04-09T17:42:24Z,Digitizer_run1609_subrun127.csv,65,False,,,2.38,-0.453
2026-04-09T17:42:24Z,Digitizer_run1609_subrun127.csv,66,False,,,1.88,-0.4172
2026-04-09T17:42:24Z,Digitizer_run1609_subrun127.csv,67,False,,,2.01,-0.4161
2026-04-09T17:42:24Z,Digitizer_run1609_subrun127.csv,68,False,,,2.41,-0.4722
2026-04-09T17:42:24Z,Digitizer_run1609_subrun127.csv,69,False,,,2.56,-0.439
2026-04-09T17:42:24Z,Digitizer_run1609_subrun127.csv,70,False,,,1.5,-0.3975
2026-04-09T17:42:24Z,Digitizer_run1609_subrun127.csv,71,False,,,1.39,-0.3955
2026-04-09T17:42:24Z,Digitizer_run1609_subrun127.csv,72,False,,,2.99,-0.4741
2026-04-09T17:42:24Z,Digitizer_run1609_subrun127.csv,73,False,,,2.86,-0.4013
2026-04-09T17:42:24Z,Digitizer_run1609_subrun127.csv,74,False,,,1.3,-0.3762
2026-04-09T17:42:24Z,Digitizer_run1609_subrun127.csv,75,False,,,1.51,-0.3821
2026-04-09T17:42:24Z,Digitizer_run1609_subrun127.csv,76,False,,,2.81,-0.4499
2026-04-09T17:42:24Z,Digitizer_run1609_subrun127.csv,77,False,,,1.66,-0.4115
2026-04-09T17:42:24Z,Digitizer_run1609_subrun127.csv,78,False,,,3.11,-0.4506
2026-04-09T17:42:24Z,Digitizer_run1609_subrun127.csv,79,False,,,1.98,-0.4159
2026-04-09T17:42:24Z,Digitizer_run1609_subrun127.csv,80,False,,,1.53,-0.4134
2026-04-09T17:42:24Z,Digitizer_run1609_subrun127.csv,81,False,,,1.71,-0.4141
2026-04-09T17:42:24Z,Digitizer_run1609_subrun127.csv,82,False,,,1.47,-0.3994
2026-04-09T17:42:24Z,Digitizer_run1609_subrun127.csv,83,False,,,1.37,-0.3825
2026-04-09T17:42:24Z,Digitizer_run1609_subrun127.csv,84,False,,,2.51,-0.4354
2026-04-09T17:42:24Z,Digitizer_run1609_subrun127.csv,85,False,,,1.76,-0.4095
2026-04-09T17:42:24Z,Digitizer_run1609_subrun127.csv,86,False,,,2.42,-0.4216
2026-04-09T17:42:24Z,Digitizer_run1609_subrun127.csv,87,False,,,2.61,-0.4551
2026-04-09T17:42:24Z,Digitizer_run1609_subrun127.csv,88,False,,,2.33,-0.4608
2026-04-09T17:42:24Z,Digitizer_run1609_subrun127.csv,89,False,,,1.93,-0.438
2026-04-09T17:42:24Z,Digitizer_run1609_subrun127.csv,90,False,,,2.26,-0.4108
2026-04-09T17:42:24Z,Digitizer_run1609_subrun127.csv,91,False,,,2.79,-0.4331
2026-04-09T17:42:24Z,Digitizer_run1609_subrun127.csv,92,False,,,3.15,-0.4689
2026-04-09T17:42:24Z,Digitizer_run1609_subrun127.csv,93,False,,,1.14,-0.4369
2026-04-09T17:42:24Z,Digitizer_run1609_subrun127.csv,94,False,,,2.04,-0.459
2026-04-09T17:42:24Z,Digitizer_run1609_subrun127.csv,95,False,,,2.27,-0.4412
2026-04-09T17:42:34Z,Digitizer_run1606_subrun37.csv,0,False,,,1.05,-0.3671
2026-04-09T17:42:34Z,Digitizer_run1606_subrun37.csv,1,False,,,3.04,-0.4179
2026-04-09T17:42:34Z,Digitizer_run1606_subrun37.csv,2,False,,,2.67,-0.3943
2026-04-09T17:42:34Z,Digitizer_run1606_subrun37.csv,3,False,,,1.93,-0.4027
2026-04-09T17:42:34Z,Digitizer_run1606_subrun37.csv,4,True,statistical,sideband_rms_mean,5.36,-0.4839
2026-04-09T17:42:34Z,Digitizer_run1606_subrun37.csv,5,False,,,3.06,-0.4476
2026-04-09T17:42:34Z,Digitizer_run1606_subrun37.csv,6,False,,,2.55,-0.4466
2026-04-09T17:42:34Z,Digitizer_run1606_subrun37.csv,7,False,,,3.47,-0.4839
2026-04-09T17:42:34Z,Digitizer_run1606_subrun37.csv,8,False,,,1.61,-0.3964
2026-04-09T17:42:34Z,Digitizer_run1606_subrun37.csv,9,False,,,2.15,-0.4086
2026-04-09T17:42:34Z,Digitizer_run1606_subrun37.csv,10,False,,,1.77,-0.3896
2026-04-09T17:42:34Z,Digitizer_run1606_subrun37.csv,11,False,,,2.18,-0.3968
2026-04-09T17:42:34Z,Digitizer_run1606_subrun37.csv,12,False,,,2.58,-0.4729
2026-04-09T17:42:34Z,Digitizer_run1606_subrun37.csv,13,False,,,3.3,-0.4425
2026-04-09T17:42:34Z,Digitizer_run1606_subrun37.csv,14,False,,,2.1,-0.4436
2026-04-09T17:42:34Z,Digitizer_run1606_subrun37.csv,15,False,,,2.58,-0.4224
2026-04-09T17:42:34Z,Digitizer_run1606_subrun37.csv,16,False,,,2.43,-0.4182
2026-04-09T17:42:34Z,Digitizer_run1606_subrun37.csv,17,False,,,2.2,-0.4102
2026-04-09T17:42:34Z,Digitizer_run1606_subrun37.csv,18,False,,,1.55,-0.3907
2026-04-09T17:42:34Z,Digitizer_run1606_subrun37.csv,19,False,,,3.12,-0.4881
2026-04-09T17:42:34Z,Digitizer_run1606_subrun37.csv,20,False,,,2.53,-0.3979
2026-04-09T17:42:34Z,Digitizer_run1606_subrun37.csv,21,False,,,2.95,-0.4031
2026-04-09T17:42:34Z,Digitizer_run1606_subrun37.csv,22,False,,,3.05,-0.4593
2026-04-09T17:42:34Z,Digitizer_run1606_subrun37.csv,23,False,,,2.87,-0.4812
2026-04-09T17:42:34Z,Digitizer_run1606_subrun37.csv,24,False,,,1.5,-0.3978
2026-04-09T17:42:34Z,Digitizer_run1606_subrun37.csv,25,False,,,1.65,-0.405
2026-04-09T17:42:34Z,Digitizer_run1606_subrun37.csv,26,False,,,1.65,-0.4205
2026-04-09T17:42:34Z,Digitizer_run1606_subrun37.csv,27,False,,,1.8,-0.4349
2026-04-09T17:42:34Z,Digitizer_run1606_subrun37.csv,28,False,,,2.55,-0.4583
2026-04-09T17:42:34Z,Digitizer_run1606_subrun37.csv,29,False,,,3.63,-0.477
2026-04-09T17:42:34Z,Digitizer_run1606_subrun37.csv,30,True,isolation_forest,,3.18,-0.523
2026-04-09T17:42:34Z,Digitizer_run1606_subrun37.csv,31,True,isolation_forest,,4.02,-0.5451
2026-04-09T17:42:34Z,Digitizer_run1606_subrun37.csv,32,False,,,2.49,-0.442
2026-04-09T17:42:34Z,Digitizer_run1606_subrun37.csv,33,False,,,2.22,-0.4207
2026-04-09T17:42:34Z,Digitizer_run1606_subrun37.csv,34,False,,,4.26,-0.4827
2026-04-09T17:42:34Z,Digitizer_run1606_subrun37.csv,35,False,,,3.16,-0.4674
2026-04-09T17:42:34Z,Digitizer_run1606_subrun37.csv,36,False,,,2.21,-0.4512
2026-04-09T17:42:34Z,Digitizer_run1606_subrun37.csv,37,False,,,2.33,-0.467
2026-04-09T17:42:34Z,Digitizer_run1606_subrun37.csv,38,False,,,2.79,-0.4417
2026-04-09T17:42:34Z,Digitizer_run1606_subrun37.csv,39,False,,,4.36,-0.4589
2026-04-09T17:42:34Z,Digitizer_run1606_subrun37.csv,40,False,,,1.3,-0.3718
2026-04-09T17:42:34Z,Digitizer_run1606_subrun37.csv,41,False,,,1.2,-0.3771
2026-04-09T17:42:34Z,Digitizer_run1606_subrun37.csv,42,False,,,2.05,-0.4015
2026-04-09T17:42:34Z,Digitizer_run1606_subrun37.csv,43,False,,,2.13,-0.4348
2026-04-09T17:42:34Z,Digitizer_run1606_subrun37.csv,44,False,,,1.7,-0.39
2026-04-09T17:42:34Z,Digitizer_run1606_subrun37.csv,45,False,,,1.66,-0.3939
2026-04-09T17:42:34Z,Digitizer_run1606_subrun37.csv,46,False,,,1.88,-0.4179
2026-04-09T17:42:34Z,Digitizer_run1606_subrun37.csv,47,False,,,4.48,-0.4429
2026-04-09T17:42:34Z,Digitizer_run1606_subrun37.csv,48,False,,,2.74,-0.4634
2026-04-09T17:42:34Z,Digitizer_run1606_subrun37.csv,49,False,,,3.96,-0.4772
2026-04-09T17:42:34Z,Digitizer_run1606_subrun37.csv,50,False,,,2.44,-0.4275
2026-04-09T17:42:34Z,Digitizer_run1606_subrun37.csv,51,False,,,2.22,-0.4356
2026-04-09T17:42:34Z,Digitizer_run1606_subrun37.csv,52,False,,,2.5,-0.4282
2026-04-09T17:42:34Z,Digitizer_run1606_subrun37.csv,53,False,,,2.24,-0.4082
2026-04-09T17:42:34Z,Digitizer_run1606_subrun37.csv,54,False,,,2.86,-0.4331
2026-04-09T17:42:34Z,Digitizer_run1606_subrun37.csv,55,False,,,2.37,-0.4415
2026-04-09T17:42:34Z,Digitizer_run1606_subrun37.csv,56,False,,,1.55,-0.4019
2026-04-09T17:42:34Z,Digitizer_run1606_subrun37.csv,57,False,,,2.1,-0.4151
2026-04-09T17:42:34Z,Digitizer_run1606_subrun37.csv,58,False,,,2.28,-0.4537
2026-04-09T17:42:34Z,Digitizer_run1606_subrun37.csv,59,False,,,3.3,-0.4859
2026-04-09T17:42:34Z,Digitizer_run1606_subrun37.csv,60,False,,,2.39,-0.452
2026-04-09T17:42:34Z,Digitizer_run1606_subrun37.csv,61,False,,,2.23,-0.4641
2026-04-09T17:42:34Z,Digitizer_run1606_subrun37.csv,62,False,,,2.51,-0.3893
2026-04-09T17:42:34Z,Digitizer_run1606_subrun37.csv,63,False,,,1.65,-0.3932
2026-04-09T17:42:34Z,Digitizer_run1606_subrun37.csv,64,False,,,4.23,-0.4799
2026-04-09T17:42:34Z,Digitizer_run1606_subrun37.csv,65,False,,,2.11,-0.4431
2026-04-09T17:42:34Z,Digitizer_run1606_subrun37.csv,66,False,,,3.3,-0.4652
2026-04-09T17:42:34Z,Digitizer_run1606_subrun37.csv,67,False,,,2.74,-0.4607
2026-04-09T17:42:34Z,Digitizer_run1606_subrun37.csv,68,False,,,2.53,-0.4456
2026-04-09T17:42:34Z,Digitizer_run1606_subrun37.csv,69,False,,,2.86,-0.4441
2026-04-09T17:42:34Z,Digitizer_run1606_subrun37.csv,70,False,,,2.27,-0.4276
2026-04-09T17:42:34Z,Digitizer_run1606_subrun37.csv,71,False,,,1.65,-0.3972
2026-04-09T17:42:34Z,Digitizer_run1606_subrun37.csv,72,False,,,2.26,-0.4247
2026-04-09T17:42:34Z,Digitizer_run1606_subrun37.csv,73,True,isolation_forest,,2.87,-0.5022
2026-04-09T17:42:34Z,Digitizer_run1606_subrun37.csv,74,False,,,1.84,-0.4482
2026-04-09T17:42:34Z,Digitizer_run1606_subrun37.csv,75,False,,,2.99,-0.4573
2026-04-09T17:42:34Z,Digitizer_run1606_subrun37.csv,76,False,,,2.24,-0.4183
2026-04-09T17:42:34Z,Digitizer_run1606_subrun37.csv,77,False,,,1.19,-0.3868
2026-04-09T17:42:34Z,Digitizer_run1606_subrun37.csv,78,False,,,3.94,-0.4431
2026-04-09T17:42:34Z,Digitizer_run1606_subrun37.csv,79,True,isolation_forest,,3.87,-0.5066
2026-04-09T17:42:34Z,Digitizer_run1606_subrun37.csv,80,False,,,2.49,-0.4573
2026-04-09T17:42:34Z,Digitizer_run1606_subrun37.csv,81,False,,,2.17,-0.4191
2026-04-09T17:42:34Z,Digitizer_run1606_subrun37.csv,82,False,,,2.73,-0.4637
2026-04-09T17:42:34Z,Digitizer_run1606_subrun37.csv,83,False,,,1.89,-0.4256
2026-04-09T17:42:34Z,Digitizer_run1606_subrun37.csv,84,False,,,2.09,-0.4558
2026-04-09T17:42:34Z,Digitizer_run1606_subrun37.csv,85,False,,,1.95,-0.4075
2026-04-09T17:42:34Z,Digitizer_run1606_subrun37.csv,86,False,,,1.5,-0.3882
2026-04-09T17:42:34Z,Digitizer_run1606_subrun37.csv,87,False,,,2.75,-0.4355
2026-04-09T17:42:34Z,Digitizer_run1606_subrun37.csv,88,False,,,2.73,-0.4739
2026-04-09T17:42:34Z,Digitizer_run1606_subrun37.csv,89,False,,,1.98,-0.4408
2026-04-09T17:42:34Z,Digitizer_run1606_subrun37.csv,90,False,,,2.55,-0.4694
2026-04-09T17:42:34Z,Digitizer_run1606_subrun37.csv,91,False,,,2.35,-0.4479
2026-04-09T17:42:34Z,Digitizer_run1606_subrun37.csv,92,True,isolation_forest,,2.05,-0.4924
2026-04-09T17:42:34Z,Digitizer_run1606_subrun37.csv,93,False,,,2.49,-0.4694
2026-04-09T17:42:34Z,Digitizer_run1606_subrun37.csv,94,False,,,2.83,-0.4652
2026-04-09T17:42:34Z,Digitizer_run1606_subrun37.csv,95,False,,,2.18,-0.4564
2026-04-09T17:42:43Z,Digitizer_run1606_subrun54.csv,0,False,,,4.9,-0.4751
2026-04-09T17:42:43Z,Digitizer_run1606_subrun54.csv,1,False,,,1.82,-0.3952
2026-04-09T17:42:43Z,Digitizer_run1606_subrun54.csv,2,False,,,1.43,-0.4182
2026-04-09T17:42:43Z,Digitizer_run1606_subrun54.csv,3,False,,,1.68,-0.4147
2026-04-09T17:42:43Z,Digitizer_run1606_subrun54.csv,4,False,,,2.17,-0.3925
2026-04-09T17:42:43Z,Digitizer_run1606_subrun54.csv,5,False,,,1.64,-0.4015
2026-04-09T17:42:43Z,Digitizer_run1606_subrun54.csv,6,False,,,2.74,-0.4566
2026-04-09T17:42:43Z,Digitizer_run1606_subrun54.csv,7,False,,,1.66,-0.4245
2026-04-09T17:42:43Z,Digitizer_run1606_subrun54.csv,8,False,,,2.3,-0.4384
2026-04-09T17:42:43Z,Digitizer_run1606_subrun54.csv,9,False,,,2.42,-0.425
2026-04-09T17:42:43Z,Digitizer_run1606_subrun54.csv,10,True,isolation_forest,,4.1,-0.5334
2026-04-09T17:42:43Z,Digitizer_run1606_subrun54.csv,11,False,,,2.55,-0.4644
2026-04-09T17:42:43Z,Digitizer_run1606_subrun54.csv,12,False,,,2.9,-0.4284
2026-04-09T17:42:43Z,Digitizer_run1606_subrun54.csv,13,False,,,3.05,-0.4308
2026-04-09T17:42:43Z,Digitizer_run1606_subrun54.csv,14,False,,,1.4,-0.3923
2026-04-09T17:42:43Z,Digitizer_run1606_subrun54.csv,15,False,,,2.14,-0.4127
2026-04-09T17:42:43Z,Digitizer_run1606_subrun54.csv,16,False,,,3.2,-0.4659
2026-04-09T17:42:43Z,Digitizer_run1606_subrun54.csv,17,False,,,1.85,-0.4475
2026-04-09T17:42:43Z,Digitizer_run1606_subrun54.csv,18,False,,,2.8,-0.4396
2026-04-09T17:42:43Z,Digitizer_run1606_subrun54.csv,19,False,,,3.56,-0.4844
2026-04-09T17:42:43Z,Digitizer_run1606_subrun54.csv,20,False,,,4.3,-0.4612
2026-04-09T17:42:43Z,Digitizer_run1606_subrun54.csv,21,False,,,2.08,-0.4074
2026-04-09T17:42:43Z,Digitizer_run1606_subrun54.csv,22,False,,,2.87,-0.4346
2026-04-09T17:42:43Z,Digitizer_run1606_subrun54.csv,23,False,,,1.54,-0.3843
2026-04-09T17:42:43Z,Digitizer_run1606_subrun54.csv,24,False,,,1.95,-0.4458
2026-04-09T17:42:43Z,Digitizer_run1606_subrun54.csv,25,False,,,2.37,-0.4326
2026-04-09T17:42:43Z,Digitizer_run1606_subrun54.csv,26,False,,,1.4,-0.4005
2026-04-09T17:42:43Z,Digitizer_run1606_subrun54.csv,27,False,,,1.4,-0.4041
2026-04-09T17:42:43Z,Digitizer_run1606_subrun54.csv,28,False,,,1.99,-0.4392
2026-04-09T17:42:43Z,Digitizer_run1606_subrun54.csv,29,False,,,2.13,-0.4263
2026-04-09T17:42:43Z,Digitizer_run1606_subrun54.csv,30,False,,,1.4,-0.3858
2026-04-09T17:42:43Z,Digitizer_run1606_subrun54.csv,31,False,,,2.53,-0.4278
2026-04-09T17:42:43Z,Digitizer_run1606_subrun54.csv,32,False,,,1.88,-0.4362
2026-04-09T17:42:43Z,Digitizer_run1606_subrun54.csv,33,False,,,1.41,-0.4136
2026-04-09T17:42:43Z,Digitizer_run1606_subrun54.csv,34,False,,,2.11,-0.4307
2026-04-09T17:42:43Z,Digitizer_run1606_subrun54.csv,35,False,,,1.83,-0.4199
2026-04-09T17:42:43Z,Digitizer_run1606_subrun54.csv,36,False,,,1.9,-0.413
2026-04-09T17:42:43Z,Digitizer_run1606_subrun54.csv,37,False,,,1.43,-0.391
2026-04-09T17:42:43Z,Digitizer_run1606_subrun54.csv,38,False,,,1.41,-0.3874
2026-04-09T17:42:43Z,Digitizer_run1606_subrun54.csv,39,False,,,1.74,-0.4218
2026-04-09T17:42:43Z,Digitizer_run1606_subrun54.csv,40,False,,,2.34,-0.4262
2026-04-09T17:42:43Z,Digitizer_run1606_subrun54.csv,41,False,,,1.65,-0.3925
2026-04-09T17:42:43Z,Digitizer_run1606_subrun54.csv,42,False,,,1.92,-0.4243
2026-04-09T17:42:43Z,Digitizer_run1606_subrun54.csv,43,False,,,1.4,-0.3937
2026-04-09T17:42:43Z,Digitizer_run1606_subrun54.csv,44,True,isolation_forest,,3.54,-0.4922
2026-04-09T17:42:43Z,Digitizer_run1606_subrun54.csv,45,True,statistical,sideband_rms_mean,5.01,-0.4764
2026-04-09T17:42:43Z,Digitizer_run1606_subrun54.csv,46,False,,,3.52,-0.4667
2026-04-09T17:42:43Z,Digitizer_run1606_subrun54.csv,47,True,isolation_forest,,3.24,-0.5195
2026-04-09T17:42:43Z,Digitizer_run1606_subrun54.csv,48,False,,,2.94,-0.4304
2026-04-09T17:42:43Z,Digitizer_run1606_subrun54.csv,49,False,,,2.64,-0.4406
2026-04-09T17:42:43Z,Digitizer_run1606_subrun54.csv,50,False,,,3.43,-0.4239
2026-04-09T17:42:43Z,Digitizer_run1606_subrun54.csv,51,False,,,2.71,-0.4422
2026-04-09T17:42:43Z,Digitizer_run1606_subrun54.csv,52,False,,,1.54,-0.4165
2026-04-09T17:42:43Z,Digitizer_run1606_subrun54.csv,53,False,,,2.68,-0.4355
2026-04-09T17:42:43Z,Digitizer_run1606_subrun54.csv,54,False,,,1.88,-0.4255
2026-04-09T17:42:43Z,Digitizer_run1606_subrun54.csv,55,False,,,1.91,-0.422
2026-04-09T17:42:43Z,Digitizer_run1606_subrun54.csv,56,False,,,1.5,-0.3979
2026-04-09T17:42:43Z,Digitizer_run1606_subrun54.csv,57,False,,,1.85,-0.4264
2026-04-09T17:42:43Z,Digitizer_run1606_subrun54.csv,58,True,isolation_forest,,3.37,-0.4929
2026-04-09T17:42:43Z,Digitizer_run1606_subrun54.csv,59,False,,,2.3,-0.4812
2026-04-09T17:42:43Z,Digitizer_run1606_subrun54.csv,60,False,,,1.65,-0.4136
2026-04-09T17:42:43Z,Digitizer_run1606_subrun54.csv,61,False,,,2.55,-0.4656
2026-04-09T17:42:43Z,Digitizer_run1606_subrun54.csv,62,False,,,2.13,-0.401
2026-04-09T17:42:43Z,Digitizer_run1606_subrun54.csv,63,False,,,1.41,-0.3851
2026-04-09T17:42:43Z,Digitizer_run1606_subrun54.csv,64,False,,,1.76,-0.3963
2026-04-09T17:42:43Z,Digitizer_run1606_subrun54.csv,65,False,,,3.45,-0.4683
2026-04-09T17:42:43Z,Digitizer_run1606_subrun54.csv,66,False,,,2.49,-0.4396
2026-04-09T17:42:43Z,Digitizer_run1606_subrun54.csv,67,False,,,4.05,-0.4261
2026-04-09T17:42:43Z,Digitizer_run1606_subrun54.csv,68,False,,,1.9,-0.4259
2026-04-09T17:42:43Z,Digitizer_run1606_subrun54.csv,69,False,,,3.33,-0.4396
2026-04-09T17:42:43Z,Digitizer_run1606_subrun54.csv,70,False,,,1.5,-0.4033
2026-04-09T17:42:43Z,Digitizer_run1606_subrun54.csv,71,False,,,1.98,-0.4288
2026-04-09T17:42:43Z,Digitizer_run1606_subrun54.csv,72,False,,,1.4,-0.4016
2026-04-09T17:42:43Z,Digitizer_run1606_subrun54.csv,73,False,,,1.8,-0.4021
2026-04-09T17:42:43Z,Digitizer_run1606_subrun54.csv,74,False,,,2.07,-0.4327
2026-04-09T17:42:43Z,Digitizer_run1606_subrun54.csv,75,False,,,1.46,-0.4152
2026-04-09T17:42:43Z,Digitizer_run1606_subrun54.csv,76,False,,,2.16,-0.4232
2026-04-09T17:42:43Z,Digitizer_run1606_subrun54.csv,77,False,,,2.33,-0.4446
2026-04-09T17:42:43Z,Digitizer_run1606_subrun54.csv,78,False,,,2.77,-0.4844
2026-04-09T17:42:43Z,Digitizer_run1606_subrun54.csv,79,True,isolation_forest,,3.74,-0.5393
2026-04-09T17:42:43Z,Digitizer_run1606_subrun54.csv,80,False,,,2.58,-0.4463
2026-04-09T17:42:43Z,Digitizer_run1606_subrun54.csv,81,False,,,2.34,-0.3964
2026-04-09T17:42:43Z,Digitizer_run1606_subrun54.csv,82,False,,,1.76,-0.4085
2026-04-09T17:42:43Z,Digitizer_run1606_subrun54.csv,83,False,,,2.61,-0.4343
2026-04-09T17:42:43Z,Digitizer_run1606_subrun54.csv,84,False,,,2.38,-0.4574
2026-04-09T17:42:43Z,Digitizer_run1606_subrun54.csv,85,False,,,2.56,-0.4861
2026-04-09T17:42:43Z,Digitizer_run1606_subrun54.csv,86,False,,,3.4,-0.4566
2026-04-09T17:42:43Z,Digitizer_run1606_subrun54.csv,87,False,,,3.19,-0.4619
2026-04-09T17:42:43Z,Digitizer_run1606_subrun54.csv,88,False,,,1.69,-0.42
2026-04-09T17:42:43Z,Digitizer_run1606_subrun54.csv,89,False,,,1.95,-0.4305
2026-04-09T17:42:43Z,Digitizer_run1606_subrun54.csv,90,True,isolation_forest,,2.42,-0.519
2026-04-09T17:42:43Z,Digitizer_run1606_subrun54.csv,91,True,isolation_forest,,3.06,-0.5165
2026-04-09T17:42:43Z,Digitizer_run1606_subrun54.csv,92,False,,,2.73,-0.4445
2026-04-09T17:42:43Z,Digitizer_run1606_subrun54.csv,93,True,isolation_forest,,4.26,-0.5152
2026-04-09T17:42:43Z,Digitizer_run1606_subrun54.csv,94,False,,,2.35,-0.4767
2026-04-09T17:42:43Z,Digitizer_run1606_subrun54.csv,95,False,,,2.39,-0.469
2026-04-09T17:42:49Z,Digitizer_run1609_subrun385.csv,0,False,,,1.95,-0.4535
2026-04-09T17:42:49Z,Digitizer_run1609_subrun385.csv,1,False,,,2.78,-0.4379
2026-04-09T17:42:49Z,Digitizer_run1609_subrun385.csv,2,False,,,1.55,-0.3926
2026-04-09T17:42:49Z,Digitizer_run1609_subrun385.csv,3,False,,,2.5,-0.4176
2026-04-09T17:42:49Z,Digitizer_run1609_subrun385.csv,4,False,,,4.29,-0.4708
2026-04-09T17:42:49Z,Digitizer_run1609_subrun385.csv,5,False,,,3.65,-0.4252
2026-04-09T17:42:49Z,Digitizer_run1609_subrun385.csv,6,False,,,2.03,-0.4096
2026-04-09T17:42:49Z,Digitizer_run1609_subrun385.csv,7,False,,,1.93,-0.4132
2026-04-09T17:42:49Z,Digitizer_run1609_subrun385.csv,8,False,,,1.64,-0.406
2026-04-09T17:42:49Z,Digitizer_run1609_subrun385.csv,9,False,,,1.92,-0.4083
2026-04-09T17:42:49Z,Digitizer_run1609_subrun385.csv,10,False,,,1.17,-0.3944
2026-04-09T17:42:49Z,Digitizer_run1609_subrun385.csv,11,False,,,1.74,-0.3941
2026-04-09T17:42:49Z,Digitizer_run1609_subrun385.csv,12,False,,,2.27,-0.4167
2026-04-09T17:42:49Z,Digitizer_run1609_subrun385.csv,13,False,,,1.9,-0.4072
2026-04-09T17:42:49Z,Digitizer_run1609_subrun385.csv,14,False,,,2.34,-0.4438
2026-04-09T17:42:49Z,Digitizer_run1609_subrun385.csv,15,False,,,1.23,-0.3931
2026-04-09T17:42:49Z,Digitizer_run1609_subrun385.csv,16,False,,,3.37,-0.4339
2026-04-09T17:42:49Z,Digitizer_run1609_subrun385.csv,17,False,,,2.1,-0.4315
2026-04-09T17:42:49Z,Digitizer_run1609_subrun385.csv,18,False,,,2.43,-0.4112
2026-04-09T17:42:49Z,Digitizer_run1609_subrun385.csv,19,False,,,2.11,-0.4137
2026-04-09T17:42:49Z,Digitizer_run1609_subrun385.csv,20,False,,,1.22,-0.3863
2026-04-09T17:42:49Z,Digitizer_run1609_subrun385.csv,21,False,,,1.73,-0.4063
2026-04-09T17:42:49Z,Digitizer_run1609_subrun385.csv,22,False,,,1.84,-0.4593
2026-04-09T17:42:49Z,Digitizer_run1609_subrun385.csv,23,False,,,2.28,-0.4293
2026-04-09T17:42:49Z,Digitizer_run1609_subrun385.csv,24,False,,,1.88,-0.4334
2026-04-09T17:42:49Z,Digitizer_run1609_subrun385.csv,25,False,,,1.31,-0.4018
2026-04-09T17:42:49Z,Digitizer_run1609_subrun385.csv,26,False,,,2.12,-0.4168
2026-04-09T17:42:49Z,Digitizer_run1609_subrun385.csv,27,False,,,2.56,-0.4242
2026-04-09T17:42:49Z,Digitizer_run1609_subrun385.csv,28,False,,,2.23,-0.422
2026-04-09T17:42:49Z,Digitizer_run1609_subrun385.csv,29,False,,,1.88,-0.4268
2026-04-09T17:42:49Z,Digitizer_run1609_subrun385.csv,30,False,,,2.43,-0.438
2026-04-09T17:42:49Z,Digitizer_run1609_subrun385.csv,31,False,,,1.76,-0.4385
2026-04-09T17:42:49Z,Digitizer_run1609_subrun385.csv,32,False,,,1.73,-0.4133
2026-04-09T17:42:49Z,Digitizer_run1609_subrun385.csv,33,False,,,1.65,-0.4239
2026-04-09T17:42:49Z,Digitizer_run1609_subrun385.csv,34,False,,,1.93,-0.404
2026-04-09T17:42:49Z,Digitizer_run1609_subrun385.csv,35,False,,,1.27,-0.3831
2026-04-09T17:42:49Z,Digitizer_run1609_subrun385.csv,36,False,,,1.98,-0.4102
2026-04-09T17:42:49Z,Digitizer_run1609_subrun385.csv,37,False,,,2.06,-0.4185
2026-04-09T17:42:49Z,Digitizer_run1609_subrun385.csv,38,True,isolation_forest,,3.08,-0.5148
2026-04-09T17:42:49Z,Digitizer_run1609_subrun385.csv,39,False,,,3.05,-0.4457
2026-04-09T17:42:49Z,Digitizer_run1609_subrun385.csv,40,False,,,2.28,-0.4473
2026-04-09T17:42:49Z,Digitizer_run1609_subrun385.csv,41,False,,,1.46,-0.387
2026-04-09T17:42:49Z,Digitizer_run1609_subrun385.csv,42,False,,,1.78,-0.4008
2026-04-09T17:42:49Z,Digitizer_run1609_subrun385.csv,43,False,,,1.98,-0.4012
2026-04-09T17:42:49Z,Digitizer_run1609_subrun385.csv,44,False,,,2.86,-0.4902
2026-04-09T17:42:49Z,Digitizer_run1609_subrun385.csv,45,False,,,2.17,-0.4581
2026-04-09T17:42:49Z,Digitizer_run1609_subrun385.csv,46,False,,,1.57,-0.4065
2026-04-09T17:42:49Z,Digitizer_run1609_subrun385.csv,47,False,,,1.68,-0.4102
2026-04-09T17:42:49Z,Digitizer_run1609_subrun385.csv,48,False,,,2.25,-0.4274
2026-04-09T17:42:49Z,Digitizer_run1609_subrun385.csv,49,False,,,1.74,-0.3814
2026-04-09T17:42:49Z,Digitizer_run1609_subrun385.csv,50,False,,,2.23,-0.4333
2026-04-09T17:42:49Z,Digitizer_run1609_subrun385.csv,51,False,,,2.18,-0.4073
2026-04-09T17:42:49Z,Digitizer_run1609_subrun385.csv,52,False,,,2.04,-0.4203
2026-04-09T17:42:49Z,Digitizer_run1609_subrun385.csv,53,False,,,1.41,-0.3975
2026-04-09T17:42:49Z,Digitizer_run1609_subrun385.csv,54,False,,,1.68,-0.4375
2026-04-09T17:42:49Z,Digitizer_run1609_subrun385.csv,55,False,,,2.44,-0.4322
2026-04-09T17:42:49Z,Digitizer_run1609_subrun385.csv,56,False,,,1.55,-0.4088
2026-04-09T17:42:49Z,Digitizer_run1609_subrun385.csv,57,False,,,1.65,-0.4124
2026-04-09T17:42:49Z,Digitizer_run1609_subrun385.csv,58,False,,,2.99,-0.4137
2026-04-09T17:42:49Z,Digitizer_run1609_subrun385.csv,59,False,,,2.18,-0.4032
2026-04-09T17:42:49Z,Digitizer_run1609_subrun385.csv,60,False,,,2.7,-0.4491
2026-04-09T17:42:49Z,Digitizer_run1609_subrun385.csv,61,False,,,2.88,-0.4298
2026-04-09T17:42:49Z,Digitizer_run1609_subrun385.csv,62,False,,,2.05,-0.441
2026-04-09T17:42:49Z,Digitizer_run1609_subrun385.csv,63,False,,,1.77,-0.4378
2026-04-09T17:42:49Z,Digitizer_run1609_subrun385.csv,64,False,,,1.64,-0.4045
2026-04-09T17:42:49Z,Digitizer_run1609_subrun385.csv,65,False,,,1.44,-0.3945
2026-04-09T17:42:49Z,Digitizer_run1609_subrun385.csv,66,False,,,2.05,-0.3817
2026-04-09T17:42:49Z,Digitizer_run1609_subrun385.csv,67,False,,,2.08,-0.4258
2026-04-09T17:42:49Z,Digitizer_run1609_subrun385.csv,68,False,,,1.33,-0.3947
2026-04-09T17:42:49Z,Digitizer_run1609_subrun385.csv,69,False,,,1.63,-0.3901
2026-04-09T17:42:49Z,Digitizer_run1609_subrun385.csv,70,False,,,2.9,-0.4473
2026-04-09T17:42:49Z,Digitizer_run1609_subrun385.csv,71,False,,,1.91,-0.4375
2026-04-09T17:42:49Z,Digitizer_run1609_subrun385.csv,72,False,,,2.09,-0.4287
2026-04-09T17:42:49Z,Digitizer_run1609_subrun385.csv,73,False,,,1.12,-0.391
2026-04-09T17:42:49Z,Digitizer_run1609_subrun385.csv,74,False,,,1.11,-0.3787
2026-04-09T17:42:49Z,Digitizer_run1609_subrun385.csv,75,False,,,1.42,-0.3984
2026-04-09T17:42:49Z,Digitizer_run1609_subrun385.csv,76,False,,,2.78,-0.4315
2026-04-09T17:42:49Z,Digitizer_run1609_subrun385.csv,77,False,,,2.46,-0.4829
2026-04-09T17:42:49Z,Digitizer_run1609_subrun385.csv,78,False,,,1.52,-0.396
2026-04-09T17:42:49Z,Digitizer_run1609_subrun385.csv,79,False,,,1.1,-0.3888
2026-04-09T17:42:49Z,Digitizer_run1609_subrun385.csv,80,False,,,3.99,-0.432
2026-04-09T17:42:49Z,Digitizer_run1609_subrun385.csv,81,False,,,1.24,-0.3915
2026-04-09T17:42:49Z,Digitizer_run1609_subrun385.csv,82,False,,,1.12,-0.3946
2026-04-09T17:42:49Z,Digitizer_run1609_subrun385.csv,83,False,,,1.9,-0.4283
2026-04-09T17:42:49Z,Digitizer_run1609_subrun385.csv,84,True,isolation_forest,,3.1,-0.5198
2026-04-09T17:42:49Z,Digitizer_run1609_subrun385.csv,85,True,isolation_forest,,2.93,-0.4973
2026-04-09T17:42:49Z,Digitizer_run1609_subrun385.csv,86,False,,,1.45,-0.4176
2026-04-09T17:42:49Z,Digitizer_run1609_subrun385.csv,87,False,,,1.66,-0.438
2026-04-09T17:42:49Z,Digitizer_run1609_subrun385.csv,88,False,,,2.67,-0.4493
2026-04-09T17:42:49Z,Digitizer_run1609_subrun385.csv,89,False,,,2.72,-0.4525
2026-04-09T17:42:49Z,Digitizer_run1609_subrun385.csv,90,False,,,2.44,-0.472
2026-04-09T17:42:49Z,Digitizer_run1609_subrun385.csv,91,False,,,3.45,-0.4743
2026-04-09T17:42:49Z,Digitizer_run1609_subrun385.csv,92,False,,,3.9,-0.4787
2026-04-09T17:42:49Z,Digitizer_run1609_subrun385.csv,93,False,,,3.88,-0.4766
2026-04-09T17:42:49Z,Digitizer_run1609_subrun385.csv,94,False,,,2.78,-0.4919
2026-04-09T17:42:49Z,Digitizer_run1609_subrun385.csv,95,False,,,2.29,-0.4591
2026-04-09T17:42:56Z,Digitizer_run1610_subrun259.csv,0,False,,,1.67,-0.4051
2026-04-09T17:42:56Z,Digitizer_run1610_subrun259.csv,1,False,,,2.97,-0.4557
2026-04-09T17:42:56Z,Digitizer_run1610_subrun259.csv,2,False,,,1.47,-0.4046
2026-04-09T17:42:56Z,Digitizer_run1610_subrun259.csv,3,False,,,2.55,-0.4479
2026-04-09T17:42:56Z,Digitizer_run1610_subrun259.csv,4,False,,,2.19,-0.4186
2026-04-09T17:42:56Z,Digitizer_run1610_subrun259.csv,5,False,,,1.87,-0.4155
2026-04-09T17:42:56Z,Digitizer_run1610_subrun259.csv,6,False,,,1.59,-0.3969
2026-04-09T17:42:56Z,Digitizer_run1610_subrun259.csv,7,False,,,2.28,-0.3974
2026-04-09T17:42:56Z,Digitizer_run1610_subrun259.csv,8,False,,,1.15,-0.3896
2026-04-09T17:42:56Z,Digitizer_run1610_subrun259.csv,9,False,,,1.42,-0.384
2026-04-09T17:42:56Z,Digitizer_run1610_subrun259.csv,10,False,,,3.59,-0.4726
2026-04-09T17:42:56Z,Digitizer_run1610_subrun259.csv,11,False,,,2.28,-0.4243
2026-04-09T17:42:56Z,Digitizer_run1610_subrun259.csv,12,False,,,1.68,-0.3972
2026-04-09T17:42:56Z,Digitizer_run1610_subrun259.csv,13,False,,,2.57,-0.4325
2026-04-09T17:42:56Z,Digitizer_run1610_subrun259.csv,14,False,,,2.52,-0.4566
2026-04-09T17:42:56Z,Digitizer_run1610_subrun259.csv,15,False,,,2.4,-0.4495
2026-04-09T17:42:56Z,Digitizer_run1610_subrun259.csv,16,False,,,2.74,-0.4485
2026-04-09T17:42:56Z,Digitizer_run1610_subrun259.csv,17,False,,,2.2,-0.4329
2026-04-09T17:42:56Z,Digitizer_run1610_subrun259.csv,18,False,,,2.19,-0.4109
2026-04-09T17:42:56Z,Digitizer_run1610_subrun259.csv,19,True,statistical+IF,nPulses_median,5.7,-0.4979
2026-04-09T17:42:56Z,Digitizer_run1610_subrun259.csv,20,False,,,3.89,-0.4452
2026-04-09T17:42:56Z,Digitizer_run1610_subrun259.csv,21,False,,,3.94,-0.456
2026-04-09T17:42:56Z,Digitizer_run1610_subrun259.csv,22,False,,,2.21,-0.402
2026-04-09T17:42:56Z,Digitizer_run1610_subrun259.csv,23,False,,,1.06,-0.3748
2026-04-09T17:42:56Z,Digitizer_run1610_subrun259.csv,24,False,,,1.35,-0.393
2026-04-09T17:42:56Z,Digitizer_run1610_subrun259.csv,25,False,,,1.47,-0.412
2026-04-09T17:42:56Z,Digitizer_run1610_subrun259.csv,26,False,,,2.25,-0.4451
2026-04-09T17:42:56Z,Digitizer_run1610_subrun259.csv,27,False,,,2.48,-0.4895
2026-04-09T17:42:56Z,Digitizer_run1610_subrun259.csv,28,False,,,2.01,-0.4057
2026-04-09T17:42:56Z,Digitizer_run1610_subrun259.csv,29,False,,,2.2,-0.422
2026-04-09T17:42:56Z,Digitizer_run1610_subrun259.csv,30,False,,,2.04,-0.4097
2026-04-09T17:42:56Z,Digitizer_run1610_subrun259.csv,31,False,,,1.65,-0.3998
2026-04-09T17:42:56Z,Digitizer_run1610_subrun259.csv,32,False,,,1.89,-0.4278
2026-04-09T17:42:56Z,Digitizer_run1610_subrun259.csv,33,False,,,2.17,-0.4445
2026-04-09T17:42:56Z,Digitizer_run1610_subrun259.csv,34,False,,,2.79,-0.4791
2026-04-09T17:42:56Z,Digitizer_run1610_subrun259.csv,35,False,,,2.76,-0.4629
2026-04-09T17:42:56Z,Digitizer_run1610_subrun259.csv,36,False,,,2.04,-0.4159
2026-04-09T17:42:56Z,Digitizer_run1610_subrun259.csv,37,False,,,1.77,-0.4209
2026-04-09T17:42:56Z,Digitizer_run1610_subrun259.csv,38,False,,,1.49,-0.3904
2026-04-09T17:42:56Z,Digitizer_run1610_subrun259.csv,39,False,,,1.49,-0.4073
2026-04-09T17:42:56Z,Digitizer_run1610_subrun259.csv,40,False,,,1.85,-0.4211
2026-04-09T17:42:56Z,Digitizer_run1610_subrun259.csv,41,False,,,1.39,-0.3834
2026-04-09T17:42:56Z,Digitizer_run1610_subrun259.csv,42,False,,,1.93,-0.4087
2026-04-09T17:42:56Z,Digitizer_run1610_subrun259.csv,43,False,,,1.72,-0.4106
2026-04-09T17:42:56Z,Digitizer_run1610_subrun259.csv,44,False,,,2.84,-0.4649
2026-04-09T17:42:56Z,Digitizer_run1610_subrun259.csv,45,False,,,2.04,-0.4435
2026-04-09T17:42:56Z,Digitizer_run1610_subrun259.csv,46,False,,,3.13,-0.457
2026-04-09T17:42:56Z,Digitizer_run1610_subrun259.csv,47,False,,,2.45,-0.4294
2026-04-09T17:42:56Z,Digitizer_run1610_subrun259.csv,48,False,,,1.89,-0.4139
2026-04-09T17:42:56Z,Digitizer_run1610_subrun259.csv,49,False,,,2.28,-0.4161
2026-04-09T17:42:56Z,Digitizer_run1610_subrun259.csv,50,False,,,1.89,-0.4132
2026-04-09T17:42:56Z,Digitizer_run1610_subrun259.csv,51,False,,,1.66,-0.3839
2026-04-09T17:42:56Z,Digitizer_run1610_subrun259.csv,52,False,,,3.0,-0.411
2026-04-09T17:42:56Z,Digitizer_run1610_subrun259.csv,53,False,,,2.46,-0.3971
2026-04-09T17:42:56Z,Digitizer_run1610_subrun259.csv,54,True,isolation_forest,,3.06,-0.4991
2026-04-09T17:42:56Z,Digitizer_run1610_subrun259.csv,55,False,,,2.21,-0.4387
2026-04-09T17:42:56Z,Digitizer_run1610_subrun259.csv,56,False,,,2.03,-0.443
2026-04-09T17:42:56Z,Digitizer_run1610_subrun259.csv,57,False,,,1.69,-0.408
2026-04-09T17:42:56Z,Digitizer_run1610_subrun259.csv,58,False,,,3.44,-0.451
2026-04-09T17:42:56Z,Digitizer_run1610_subrun259.csv,59,False,,,3.57,-0.4593
2026-04-09T17:42:56Z,Digitizer_run1610_subrun259.csv,60,False,,,1.84,-0.3988
2026-04-09T17:42:56Z,Digitizer_run1610_subrun259.csv,61,False,,,2.39,-0.3989
2026-04-09T17:42:56Z,Digitizer_run1610_subrun259.csv,62,False,,,2.54,-0.4243
2026-04-09T17:42:56Z,Digitizer_run1610_subrun259.csv,63,False,,,2.62,-0.4746
2026-04-09T17:42:56Z,Digitizer_run1610_subrun259.csv,64,False,,,1.93,-0.4028
2026-04-09T17:42:56Z,Digitizer_run1610_subrun259.csv,65,False,,,2.04,-0.3893
2026-04-09T17:42:56Z,Digitizer_run1610_subrun259.csv,66,False,,,1.24,-0.3834
2026-04-09T17:42:56Z,Digitizer_run1610_subrun259.csv,67,False,,,1.29,-0.3904
2026-04-09T17:42:56Z,Digitizer_run1610_subrun259.csv,68,False,,,2.13,-0.4502
2026-04-09T17:42:56Z,Digitizer_run1610_subrun259.csv,69,True,isolation_forest,,2.87,-0.4935
2026-04-09T17:42:56Z,Digitizer_run1610_subrun259.csv,70,False,,,0.81,-0.3615
2026-04-09T17:42:56Z,Digitizer_run1610_subrun259.csv,71,False,,,2.17,-0.387
2026-04-09T17:42:56Z,Digitizer_run1610_subrun259.csv,72,False,,,2.23,-0.4379
2026-04-09T17:42:56Z,Digitizer_run1610_subrun259.csv,73,True,isolation_forest,,4.69,-0.5261
2026-04-09T17:42:56Z,Digitizer_run1610_subrun259.csv,74,False,,,1.24,-0.3803
2026-04-09T17:42:56Z,Digitizer_run1610_subrun259.csv,75,False,,,1.66,-0.4089
2026-04-09T17:42:56Z,Digitizer_run1610_subrun259.csv,76,False,,,3.21,-0.4435
2026-04-09T17:42:56Z,Digitizer_run1610_subrun259.csv,77,False,,,1.13,-0.3798
2026-04-09T17:42:56Z,Digitizer_run1610_subrun259.csv,78,False,,,1.42,-0.3891
2026-04-09T17:42:56Z,Digitizer_run1610_subrun259.csv,79,False,,,1.48,-0.3906
2026-04-09T17:42:56Z,Digitizer_run1610_subrun259.csv,80,False,,,1.78,-0.3951
2026-04-09T17:42:56Z,Digitizer_run1610_subrun259.csv,81,False,,,1.91,-0.432
2026-04-09T17:42:56Z,Digitizer_run1610_subrun259.csv,82,False,,,3.05,-0.4691
2026-04-09T17:42:56Z,Digitizer_run1610_subrun259.csv,83,False,,,2.09,-0.4103
2026-04-09T17:42:56Z,Digitizer_run1610_subrun259.csv,84,False,,,1.37,-0.3928
2026-04-09T17:42:56Z,Digitizer_run1610_subrun259.csv,85,False,,,1.1,-0.3778
2026-04-09T17:42:56Z,Digitizer_run1610_subrun259.csv,86,False,,,1.97,-0.4213
2026-04-09T17:42:56Z,Digitizer_run1610_subrun259.csv,87,False,,,2.37,-0.4157
2026-04-09T17:42:56Z,Digitizer_run1610_subrun259.csv,88,False,,,1.57,-0.4423
2026-04-09T17:42:56Z,Digitizer_run1610_subrun259.csv,89,False,,,2.09,-0.4655
2026-04-09T17:42:56Z,Digitizer_run1610_subrun259.csv,90,False,,,2.09,-0.4773
2026-04-09T17:42:56Z,Digitizer_run1610_subrun259.csv,91,False,,,2.2,-0.4491
2026-04-09T17:42:56Z,Digitizer_run1610_subrun259.csv,92,True,isolation_forest,,2.98,-0.5166
2026-04-09T17:42:56Z,Digitizer_run1610_subrun259.csv,93,False,,,1.84,-0.4258
2026-04-09T17:42:56Z,Digitizer_run1610_subrun259.csv,94,False,,,2.75,-0.465
2026-04-09T17:42:56Z,Digitizer_run1610_subrun259.csv,95,False,,,2.28,-0.4746
2026-04-09T17:43:00Z,Digitizer_run1606_subrun180.csv,0,False,,,1.58,-0.3988
2026-04-09T17:43:00Z,Digitizer_run1606_subrun180.csv,1,False,,,1.95,-0.4341
2026-04-09T17:43:00Z,Digitizer_run1606_subrun180.csv,2,False,,,2.36,-0.4379
2026-04-09T17:43:00Z,Digitizer_run1606_subrun180.csv,3,False,,,2.45,-0.4502
2026-04-09T17:43:00Z,Digitizer_run1606_subrun180.csv,4,False,,,2.43,-0.4311
2026-04-09T17:43:00Z,Digitizer_run1606_subrun180.csv,5,False,,,1.81,-0.4344
2026-04-09T17:43:00Z,Digitizer_run1606_subrun180.csv,6,False,,,1.87,-0.4456
2026-04-09T17:43:00Z,Digitizer_run1606_subrun180.csv,7,False,,,1.72,-0.4353
2026-04-09T17:43:00Z,Digitizer_run1606_subrun180.csv,8,False,,,1.65,-0.409
2026-04-09T17:43:00Z,Digitizer_run1606_subrun180.csv,9,True,statistical,nPulses_median,7.0,-0.473
2026-04-09T17:43:00Z,Digitizer_run1606_subrun180.csv,10,False,,,2.29,-0.4593
2026-04-09T17:43:00Z,Digitizer_run1606_subrun180.csv,11,False,,,2.41,-0.4305
2026-04-09T17:43:00Z,Digitizer_run1606_subrun180.csv,12,False,,,2.27,-0.4498
2026-04-09T17:43:00Z,Digitizer_run1606_subrun180.csv,13,False,,,4.96,-0.4779
2026-04-09T17:43:00Z,Digitizer_run1606_subrun180.csv,14,False,,,1.84,-0.4179
2026-04-09T17:43:00Z,Digitizer_run1606_subrun180.csv,15,False,,,2.45,-0.4143
2026-04-09T17:43:00Z,Digitizer_run1606_subrun180.csv,16,False,,,1.52,-0.3983
2026-04-09T17:43:00Z,Digitizer_run1606_subrun180.csv,17,False,,,2.2,-0.4326
2026-04-09T17:43:00Z,Digitizer_run1606_subrun180.csv,18,False,,,1.77,-0.4244
2026-04-09T17:43:00Z,Digitizer_run1606_subrun180.csv,19,False,,,1.73,-0.4282
2026-04-09T17:43:00Z,Digitizer_run1606_subrun180.csv,20,False,,,1.51,-0.3918
2026-04-09T17:43:00Z,Digitizer_run1606_subrun180.csv,21,False,,,1.71,-0.4231
2026-04-09T17:43:00Z,Digitizer_run1606_subrun180.csv,22,False,,,2.07,-0.4218
2026-04-09T17:43:00Z,Digitizer_run1606_subrun180.csv,23,False,,,1.67,-0.4247
2026-04-09T17:43:00Z,Digitizer_run1606_subrun180.csv,24,False,,,1.5,-0.4067
2026-04-09T17:43:00Z,Digitizer_run1606_subrun180.csv,25,False,,,1.72,-0.429
2026-04-09T17:43:00Z,Digitizer_run1606_subrun180.csv,26,False,,,1.52,-0.4096
2026-04-09T17:43:00Z,Digitizer_run1606_subrun180.csv,27,False,,,1.53,-0.3886
2026-04-09T17:43:00Z,Digitizer_run1606_subrun180.csv,28,False,,,2.29,-0.4482
2026-04-09T17:43:00Z,Digitizer_run1606_subrun180.csv,29,False,,,1.89,-0.4304
2026-04-09T17:43:00Z,Digitizer_run1606_subrun180.csv,30,False,,,3.26,-0.4525
2026-04-09T17:43:00Z,Digitizer_run1606_subrun180.csv,31,False,,,3.1,-0.4707
2026-04-09T17:43:00Z,Digitizer_run1606_subrun180.csv,32,False,,,2.96,-0.4151
2026-04-09T17:43:00Z,Digitizer_run1606_subrun180.csv,33,False,,,3.2,-0.4395
2026-04-09T17:43:00Z,Digitizer_run1606_subrun180.csv,34,False,,,3.19,-0.4651
2026-04-09T17:43:00Z,Digitizer_run1606_subrun180.csv,35,False,,,2.92,-0.4278
2026-04-09T17:43:00Z,Digitizer_run1606_subrun180.csv,36,False,,,2.29,-0.4422
2026-04-09T17:43:00Z,Digitizer_run1606_subrun180.csv,37,False,,,2.49,-0.4563
2026-04-09T17:43:00Z,Digitizer_run1606_subrun180.csv,38,False,,,1.61,-0.4309
2026-04-09T17:43:00Z,Digitizer_run1606_subrun180.csv,39,False,,,2.07,-0.4417
2026-04-09T17:43:00Z,Digitizer_run1606_subrun180.csv,40,False,,,2.15,-0.413
2026-04-09T17:43:00Z,Digitizer_run1606_subrun180.csv,41,False,,,1.53,-0.3893
2026-04-09T17:43:00Z,Digitizer_run1606_subrun180.csv,42,False,,,1.53,-0.3978
2026-04-09T17:43:00Z,Digitizer_run1606_subrun180.csv,43,False,,,1.6,-0.4185
2026-04-09T17:43:00Z,Digitizer_run1606_subrun180.csv,44,False,,,2.01,-0.4397
2026-04-09T17:43:00Z,Digitizer_run1606_subrun180.csv,45,False,,,1.8,-0.4227
2026-04-09T17:43:00Z,Digitizer_run1606_subrun180.csv,46,False,,,2.57,-0.4354
2026-04-09T17:43:00Z,Digitizer_run1606_subrun180.csv,47,False,,,1.52,-0.382
2026-04-09T17:43:00Z,Digitizer_run1606_subrun180.csv,48,False,,,1.62,-0.3878
2026-04-09T17:43:00Z,Digitizer_run1606_subrun180.csv,49,False,,,1.96,-0.402
2026-04-09T17:43:00Z,Digitizer_run1606_subrun180.csv,50,False,,,1.52,-0.4117
2026-04-09T17:43:00Z,Digitizer_run1606_subrun180.csv,51,False,,,2.74,-0.4235
2026-04-09T17:43:00Z,Digitizer_run1606_subrun180.csv,52,False,,,3.0,-0.4199
2026-04-09T17:43:00Z,Digitizer_run1606_subrun180.csv,53,False,,,1.58,-0.4255
2026-04-09T17:43:00Z,Digitizer_run1606_subrun180.csv,54,False,,,1.51,-0.405
2026-04-09T17:43:00Z,Digitizer_run1606_subrun180.csv,55,False,,,1.76,-0.4151
2026-04-09T17:43:00Z,Digitizer_run1606_subrun180.csv,56,True,isolation_forest,,2.9,-0.5008
2026-04-09T17:43:00Z,Digitizer_run1606_subrun180.csv,57,False,,,2.36,-0.4513
2026-04-09T17:43:00Z,Digitizer_run1606_subrun180.csv,58,False,,,1.53,-0.3982
2026-04-09T17:43:00Z,Digitizer_run1606_subrun180.csv,59,False,,,1.67,-0.43
2026-04-09T17:43:00Z,Digitizer_run1606_subrun180.csv,60,False,,,2.05,-0.4263
2026-04-09T17:43:00Z,Digitizer_run1606_subrun180.csv,61,False,,,2.93,-0.4335
2026-04-09T17:43:00Z,Digitizer_run1606_subrun180.csv,62,False,,,3.24,-0.4058
2026-04-09T17:43:00Z,Digitizer_run1606_subrun180.csv,63,False,,,2.35,-0.4191
2026-04-09T17:43:00Z,Digitizer_run1606_subrun180.csv,64,False,,,1.63,-0.4126
2026-04-09T17:43:00Z,Digitizer_run1606_subrun180.csv,65,False,,,1.55,-0.4011
2026-04-09T17:43:00Z,Digitizer_run1606_subrun180.csv,66,False,,,1.96,-0.417
2026-04-09T17:43:00Z,Digitizer_run1606_subrun180.csv,67,False,,,3.11,-0.4445
2026-04-09T17:43:00Z,Digitizer_run1606_subrun180.csv,68,False,,,2.78,-0.4287
2026-04-09T17:43:00Z,Digitizer_run1606_subrun180.csv,69,False,,,2.43,-0.4392
2026-04-09T17:43:00Z,Digitizer_run1606_subrun180.csv,70,False,,,1.5,-0.3945
2026-04-09T17:43:00Z,Digitizer_run1606_subrun180.csv,71,False,,,2.67,-0.4285
2026-04-09T17:43:00Z,Digitizer_run1606_subrun180.csv,72,True,isolation_forest,,3.12,-0.4964
2026-04-09T17:43:00Z,Digitizer_run1606_subrun180.csv,73,False,,,2.43,-0.4693
2026-04-09T17:43:00Z,Digitizer_run1606_subrun180.csv,74,False,,,1.54,-0.4096
2026-04-09T17:43:00Z,Digitizer_run1606_subrun180.csv,75,False,,,1.53,-0.4089
2026-04-09T17:43:00Z,Digitizer_run1606_subrun180.csv,76,False,,,3.69,-0.455
2026-04-09T17:43:00Z,Digitizer_run1606_subrun180.csv,77,False,,,1.88,-0.4303
2026-04-09T17:43:00Z,Digitizer_run1606_subrun180.csv,78,False,,,2.14,-0.4588
2026-04-09T17:43:00Z,Digitizer_run1606_subrun180.csv,79,False,,,2.76,-0.4724
2026-04-09T17:43:00Z,Digitizer_run1606_subrun180.csv,80,False,,,2.82,-0.4741
2026-04-09T17:43:00Z,Digitizer_run1606_subrun180.csv,81,False,,,4.03,-0.4623
2026-04-09T17:43:00Z,Digitizer_run1606_subrun180.csv,82,True,isolation_forest,,2.95,-0.5263
2026-04-09T17:43:00Z,Digitizer_run1606_subrun180.csv,83,False,,,3.39,-0.4491
2026-04-09T17:43:00Z,Digitizer_run1606_subrun180.csv,84,False,,,1.51,-0.3838
2026-04-09T17:43:00Z,Digitizer_run1606_subrun180.csv,85,False,,,1.51,-0.3801
2026-04-09T17:43:00Z,Digitizer_run1606_subrun180.csv,86,False,,,2.89,-0.4105
2026-04-09T17:43:00Z,Digitizer_run1606_subrun180.csv,87,False,,,2.2,-0.4366
2026-04-09T17:43:00Z,Digitizer_run1606_subrun180.csv,88,False,,,1.99,-0.4529
2026-04-09T17:43:00Z,Digitizer_run1606_subrun180.csv,89,True,isolation_forest,,2.89,-0.4999
2026-04-09T17:43:00Z,Digitizer_run1606_subrun180.csv,90,True,isolation_forest,,4.44,-0.5439
2026-04-09T17:43:00Z,Digitizer_run1606_subrun180.csv,91,False,,,2.43,-0.4833
2026-04-09T17:43:00Z,Digitizer_run1606_subrun180.csv,92,False,,,1.35,-0.4367
2026-04-09T17:43:00Z,Digitizer_run1606_subrun180.csv,93,False,,,1.55,-0.4168
2026-04-09T17:43:00Z,Digitizer_run1606_subrun180.csv,94,False,,,1.53,-0.4344
2026-04-09T17:43:00Z,Digitizer_run1606_subrun180.csv,95,False,,,2.05,-0.4339
2026-04-09T17:43:04Z,Digitizer_run1610_subrun113.csv,0,False,,,1.24,-0.3776
2026-04-09T17:43:04Z,Digitizer_run1610_subrun113.csv,1,False,,,1.59,-0.3937
2026-04-09T17:43:04Z,Digitizer_run1610_subrun113.csv,2,False,,,1.93,-0.434
2026-04-09T17:43:04Z,Digitizer_run1610_subrun113.csv,3,False,,,1.42,-0.4088
2026-04-09T17:43:04Z,Digitizer_run1610_subrun113.csv,4,False,,,2.08,-0.4225
2026-04-09T17:43:04Z,Digitizer_run1610_subrun113.csv,5,True,isolation_forest,,3.7,-0.518
2026-04-09T17:43:04Z,Digitizer_run1610_subrun113.csv,6,True,isolation_forest,,3.84,-0.5112
2026-04-09T17:43:04Z,Digitizer_run1610_subrun113.csv,7,False,,,2.66,-0.4678
2026-04-09T17:43:04Z,Digitizer_run1610_subrun113.csv,8,False,,,3.02,-0.4797
2026-04-09T17:43:04Z,Digitizer_run1610_subrun113.csv,9,False,,,2.09,-0.3991
2026-04-09T17:43:04Z,Digitizer_run1610_subrun113.csv,10,False,,,1.58,-0.3832
2026-04-09T17:43:04Z,Digitizer_run1610_subrun113.csv,11,False,,,1.47,-0.3971
2026-04-09T17:43:04Z,Digitizer_run1610_subrun113.csv,12,False,,,1.71,-0.4025
2026-04-09T17:43:04Z,Digitizer_run1610_subrun113.csv,13,False,,,2.35,-0.452
2026-04-09T17:43:04Z,Digitizer_run1610_subrun113.csv,14,False,,,2.4,-0.4439
2026-04-09T17:43:04Z,Digitizer_run1610_subrun113.csv,15,False,,,2.04,-0.4463
2026-04-09T17:43:04Z,Digitizer_run1610_subrun113.csv,16,False,,,2.63,-0.4413
2026-04-09T17:43:04Z,Digitizer_run1610_subrun113.csv,17,False,,,2.97,-0.4454
2026-04-09T17:43:04Z,Digitizer_run1610_subrun113.csv,18,False,,,1.64,-0.4103
2026-04-09T17:43:04Z,Digitizer_run1610_subrun113.csv,19,False,,,2.04,-0.4248
2026-04-09T17:43:04Z,Digitizer_run1610_subrun113.csv,20,False,,,1.96,-0.4078
2026-04-09T17:43:04Z,Digitizer_run1610_subrun113.csv,21,False,,,2.38,-0.4506
2026-04-09T17:43:04Z,Digitizer_run1610_subrun113.csv,22,False,,,3.25,-0.4422
2026-04-09T17:43:04Z,Digitizer_run1610_subrun113.csv,23,False,,,1.53,-0.3965
2026-04-09T17:43:04Z,Digitizer_run1610_subrun113.csv,24,False,,,3.42,-0.4517
2026-04-09T17:43:04Z,Digitizer_run1610_subrun113.csv,25,False,,,1.9,-0.4148
2026-04-09T17:43:04Z,Digitizer_run1610_subrun113.csv,26,False,,,1.19,-0.381
2026-04-09T17:43:04Z,Digitizer_run1610_subrun113.csv,27,False,,,1.67,-0.3989
2026-04-09T17:43:04Z,Digitizer_run1610_subrun113.csv,28,False,,,3.04,-0.4222
2026-04-09T17:43:04Z,Digitizer_run1610_subrun113.csv,29,False,,,1.23,-0.3915
2026-04-09T17:43:04Z,Digitizer_run1610_subrun113.csv,30,False,,,1.29,-0.399
2026-04-09T17:43:04Z,Digitizer_run1610_subrun113.csv,31,False,,,1.25,-0.3839
2026-04-09T17:43:04Z,Digitizer_run1610_subrun113.csv,32,False,,,2.19,-0.3907
2026-04-09T17:43:04Z,Digitizer_run1610_subrun113.csv,33,False,,,2.49,-0.3985
2026-04-09T17:43:04Z,Digitizer_run1610_subrun113.csv,34,False,,,3.23,-0.4533
2026-04-09T17:43:04Z,Digitizer_run1610_subrun113.csv,35,True,isolation_forest,,3.05,-0.4996
2026-04-09T17:43:04Z,Digitizer_run1610_subrun113.csv,36,False,,,1.24,-0.4001
2026-04-09T17:43:04Z,Digitizer_run1610_subrun113.csv,37,False,,,2.3,-0.4345
2026-04-09T17:43:04Z,Digitizer_run1610_subrun113.csv,38,False,,,3.15,-0.4599
2026-04-09T17:43:04Z,Digitizer_run1610_subrun113.csv,39,False,,,2.68,-0.4517
2026-04-09T17:43:04Z,Digitizer_run1610_subrun113.csv,40,False,,,3.14,-0.4354
2026-04-09T17:43:04Z,Digitizer_run1610_subrun113.csv,41,False,,,1.38,-0.3817
2026-04-09T17:43:04Z,Digitizer_run1610_subrun113.csv,42,False,,,1.36,-0.3924
2026-04-09T17:43:04Z,Digitizer_run1610_subrun113.csv,43,False,,,1.61,-0.3977
2026-04-09T17:43:04Z,Digitizer_run1610_subrun113.csv,44,False,,,1.73,-0.4107
2026-04-09T17:43:04Z,Digitizer_run1610_subrun113.csv,45,False,,,4.04,-0.4875
2026-04-09T17:43:04Z,Digitizer_run1610_subrun113.csv,46,False,,,1.37,-0.401
2026-04-09T17:43:04Z,Digitizer_run1610_subrun113.csv,47,False,,,1.88,-0.4119
2026-04-09T17:43:04Z,Digitizer_run1610_subrun113.csv,48,False,,,2.53,-0.431
2026-04-09T17:43:04Z,Digitizer_run1610_subrun113.csv,49,False,,,2.46,-0.4646
2026-04-09T17:43:04Z,Digitizer_run1610_subrun113.csv,50,False,,,3.16,-0.4652
2026-04-09T17:43:04Z,Digitizer_run1610_subrun113.csv,51,False,,,1.69,-0.4368
2026-04-09T17:43:04Z,Digitizer_run1610_subrun113.csv,52,False,,,3.11,-0.4853
2026-04-09T17:43:04Z,Digitizer_run1610_subrun113.csv,53,False,,,1.74,-0.4206
2026-04-09T17:43:04Z,Digitizer_run1610_subrun113.csv,54,False,,,3.3,-0.4491
2026-04-09T17:43:04Z,Digitizer_run1610_subrun113.csv,55,False,,,2.86,-0.4382
2026-04-09T17:43:04Z,Digitizer_run1610_subrun113.csv,56,False,,,2.89,-0.4362
2026-04-09T17:43:04Z,Digitizer_run1610_subrun113.csv,57,False,,,1.23,-0.3934
2026-04-09T17:43:04Z,Digitizer_run1610_subrun113.csv,58,False,,,3.51,-0.4615
2026-04-09T17:43:04Z,Digitizer_run1610_subrun113.csv,59,False,,,1.65,-0.407
2026-04-09T17:43:04Z,Digitizer_run1610_subrun113.csv,60,False,,,2.36,-0.4303
2026-04-09T17:43:04Z,Digitizer_run1610_subrun113.csv,61,False,,,1.66,-0.445
2026-04-09T17:43:04Z,Digitizer_run1610_subrun113.csv,62,False,,,1.57,-0.4074
2026-04-09T17:43:04Z,Digitizer_run1610_subrun113.csv,63,False,,,2.05,-0.4346
2026-04-09T17:43:04Z,Digitizer_run1610_subrun113.csv,64,False,,,1.47,-0.3872
2026-04-09T17:43:04Z,Digitizer_run1610_subrun113.csv,65,False,,,3.17,-0.4513
2026-04-09T17:43:04Z,Digitizer_run1610_subrun113.csv,66,False,,,3.58,-0.459
2026-04-09T17:43:04Z,Digitizer_run1610_subrun113.csv,67,False,,,3.92,-0.4912
2026-04-09T17:43:04Z,Digitizer_run1610_subrun113.csv,68,False,,,2.42,-0.4635
2026-04-09T17:43:04Z,Digitizer_run1610_subrun113.csv,69,True,isolation_forest,,3.66,-0.5471
2026-04-09T17:43:04Z,Digitizer_run1610_subrun113.csv,70,False,,,3.77,-0.4865
2026-04-09T17:43:04Z,Digitizer_run1610_subrun113.csv,71,False,,,2.53,-0.3954
2026-04-09T17:43:04Z,Digitizer_run1610_subrun113.csv,72,False,,,2.7,-0.4735
2026-04-09T17:43:04Z,Digitizer_run1610_subrun113.csv,73,False,,,3.03,-0.4451
2026-04-09T17:43:04Z,Digitizer_run1610_subrun113.csv,74,False,,,3.08,-0.4566
2026-04-09T17:43:04Z,Digitizer_run1610_subrun113.csv,75,True,isolation_forest,,3.49,-0.4974
2026-04-09T17:43:04Z,Digitizer_run1610_subrun113.csv,76,False,,,3.63,-0.4568
2026-04-09T17:43:04Z,Digitizer_run1610_subrun113.csv,77,False,,,1.91,-0.4271
2026-04-09T17:43:04Z,Digitizer_run1610_subrun113.csv,78,False,,,1.58,-0.3981
2026-04-09T17:43:04Z,Digitizer_run1610_subrun113.csv,79,False,,,1.51,-0.3958
2026-04-09T17:43:04Z,Digitizer_run1610_subrun113.csv,80,False,,,3.71,-0.4675
2026-04-09T17:43:04Z,Digitizer_run1610_subrun113.csv,81,True,isolation_forest,,3.94,-0.5031
2026-04-09T17:43:04Z,Digitizer_run1610_subrun113.csv,82,False,,,2.77,-0.4562
2026-04-09T17:43:04Z,Digitizer_run1610_subrun113.csv,83,False,,,3.93,-0.4852
2026-04-09T17:43:04Z,Digitizer_run1610_subrun113.csv,84,False,,,2.54,-0.4765
2026-04-09T17:43:04Z,Digitizer_run1610_subrun113.csv,85,False,,,1.9,-0.4055
2026-04-09T17:43:04Z,Digitizer_run1610_subrun113.csv,86,False,,,1.71,-0.399
2026-04-09T17:43:04Z,Digitizer_run1610_subrun113.csv,87,False,,,2.04,-0.4286
2026-04-09T17:43:04Z,Digitizer_run1610_subrun113.csv,88,True,isolation_forest,,3.33,-0.5424
2026-04-09T17:43:04Z,Digitizer_run1610_subrun113.csv,89,True,isolation_forest,,2.3,-0.509
2026-04-09T17:43:04Z,Digitizer_run1610_subrun113.csv,90,False,,,2.33,-0.4704
2026-04-09T17:43:04Z,Digitizer_run1610_subrun113.csv,91,False,,,2.63,-0.4901
2026-04-09T17:43:04Z,Digitizer_run1610_subrun113.csv,92,False,,,2.0,-0.4755
2026-04-09T17:43:04Z,Digitizer_run1610_subrun113.csv,93,False,,,2.78,-0.4818
2026-04-09T17:43:04Z,Digitizer_run1610_subrun113.csv,94,False,,,1.8,-0.4369
2026-04-09T17:43:04Z,Digitizer_run1610_subrun113.csv,95,False,,,1.46,-0.4604
2026-04-09T17:43:09Z,Digitizer_run1606_subrun311.csv,0,False,,,2.82,-0.4024
2026-04-09T17:43:09Z,Digitizer_run1606_subrun311.csv,1,False,,,3.08,-0.415
2026-04-09T17:43:09Z,Digitizer_run1606_subrun311.csv,2,False,,,3.62,-0.4139
2026-04-09T17:43:09Z,Digitizer_run1606_subrun311.csv,3,False,,,2.89,-0.4177
2026-04-09T17:43:09Z,Digitizer_run1606_subrun311.csv,4,False,,,3.23,-0.411
2026-04-09T17:43:09Z,Digitizer_run1606_subrun311.csv,5,False,,,2.77,-0.4195
2026-04-09T17:43:09Z,Digitizer_run1606_subrun311.csv,6,False,,,2.94,-0.4273
2026-04-09T17:43:09Z,Digitizer_run1606_subrun311.csv,7,False,,,2.47,-0.4298
2026-04-09T17:43:09Z,Digitizer_run1606_subrun311.csv,8,True,isolation_forest,,3.78,-0.5278
2026-04-09T17:43:09Z,Digitizer_run1606_subrun311.csv,9,False,,,3.54,-0.4477
2026-04-09T17:43:09Z,Digitizer_run1606_subrun311.csv,10,False,,,2.31,-0.4465
2026-04-09T17:43:09Z,Digitizer_run1606_subrun311.csv,11,False,,,2.57,-0.401
2026-04-09T17:43:09Z,Digitizer_run1606_subrun311.csv,12,False,,,4.47,-0.4647
2026-04-09T17:43:09Z,Digitizer_run1606_subrun311.csv,13,True,isolation_forest,,3.73,-0.4942
2026-04-09T17:43:09Z,Digitizer_run1606_subrun311.csv,14,True,isolation_forest,,2.34,-0.5011
2026-04-09T17:43:09Z,Digitizer_run1606_subrun311.csv,15,False,,,2.35,-0.4702
2026-04-09T17:43:09Z,Digitizer_run1606_subrun311.csv,16,False,,,3.01,-0.4298
2026-04-09T17:43:09Z,Digitizer_run1606_subrun311.csv,17,False,,,3.73,-0.4715
2026-04-09T17:43:09Z,Digitizer_run1606_subrun311.csv,18,False,,,3.34,-0.4206
2026-04-09T17:43:09Z,Digitizer_run1606_subrun311.csv,19,False,,,2.84,-0.4714
2026-04-09T17:43:09Z,Digitizer_run1606_subrun311.csv,20,False,,,3.8,-0.4031
2026-04-09T17:43:09Z,Digitizer_run1606_subrun311.csv,21,False,,,3.84,-0.4226
2026-04-09T17:43:09Z,Digitizer_run1606_subrun311.csv,22,False,,,3.03,-0.4521
2026-04-09T17:43:09Z,Digitizer_run1606_subrun311.csv,23,True,isolation_forest,,3.54,-0.5012
2026-04-09T17:43:09Z,Digitizer_run1606_subrun311.csv,24,False,,,3.22,-0.4205
2026-04-09T17:43:09Z,Digitizer_run1606_subrun311.csv,25,False,,,3.16,-0.4371
2026-04-09T17:43:09Z,Digitizer_run1606_subrun311.csv,26,False,,,3.87,-0.4444
2026-04-09T17:43:09Z,Digitizer_run1606_subrun311.csv,27,False,,,3.85,-0.4178
2026-04-09T17:43:09Z,Digitizer_run1606_subrun311.csv,28,False,,,2.68,-0.4276
2026-04-09T17:43:09Z,Digitizer_run1606_subrun311.csv,29,False,,,2.85,-0.4382
2026-04-09T17:43:09Z,Digitizer_run1606_subrun311.csv,30,True,isolation_forest,,2.95,-0.5109
2026-04-09T17:43:09Z,Digitizer_run1606_subrun311.csv,31,False,,,3.1,-0.4548
2026-04-09T17:43:09Z,Digitizer_run1606_subrun311.csv,32,False,,,3.54,-0.4145
2026-04-09T17:43:09Z,Digitizer_run1606_subrun311.csv,33,False,,,3.57,-0.4239
2026-04-09T17:43:09Z,Digitizer_run1606_subrun311.csv,34,False,,,2.92,-0.4227
2026-04-09T17:43:09Z,Digitizer_run1606_subrun311.csv,35,False,,,3.2,-0.4067
2026-04-09T17:43:09Z,Digitizer_run1606_subrun311.csv,36,False,,,2.38,-0.4331
2026-04-09T17:43:09Z,Digitizer_run1606_subrun311.csv,37,False,,,2.73,-0.4804
2026-04-09T17:43:09Z,Digitizer_run1606_subrun311.csv,38,False,,,2.66,-0.3888
2026-04-09T17:43:09Z,Digitizer_run1606_subrun311.csv,39,False,,,2.72,-0.3992
2026-04-09T17:43:09Z,Digitizer_run1606_subrun311.csv,40,False,,,3.06,-0.4918
2026-04-09T17:43:09Z,Digitizer_run1606_subrun311.csv,41,False,,,2.77,-0.4245
2026-04-09T17:43:09Z,Digitizer_run1606_subrun311.csv,42,False,,,3.0,-0.4334
2026-04-09T17:43:09Z,Digitizer_run1606_subrun311.csv,43,False,,,3.15,-0.4157
2026-04-09T17:43:09Z,Digitizer_run1606_subrun311.csv,44,False,,,3.04,-0.4133
2026-04-09T17:43:09Z,Digitizer_run1606_subrun311.csv,45,False,,,2.74,-0.4546
2026-04-09T17:43:09Z,Digitizer_run1606_subrun311.csv,46,False,,,3.07,-0.4832
2026-04-09T17:43:09Z,Digitizer_run1606_subrun311.csv,47,False,,,2.0,-0.4493
2026-04-09T17:43:09Z,Digitizer_run1606_subrun311.csv,48,False,,,3.2,-0.4439
2026-04-09T17:43:09Z,Digitizer_run1606_subrun311.csv,49,False,,,3.07,-0.4586
2026-04-09T17:43:09Z,Digitizer_run1606_subrun311.csv,50,False,,,2.69,-0.4416
2026-04-09T17:43:09Z,Digitizer_run1606_subrun311.csv,51,False,,,1.92,-0.4491
2026-04-09T17:43:09Z,Digitizer_run1606_subrun311.csv,52,True,isolation_forest,,3.77,-0.4934
2026-04-09T17:43:09Z,Digitizer_run1606_subrun311.csv,53,False,,,3.0,-0.4406
2026-04-09T17:43:09Z,Digitizer_run1606_subrun311.csv,54,False,,,3.63,-0.461
2026-04-09T17:43:09Z,Digitizer_run1606_subrun311.csv,55,False,,,2.65,-0.4898
2026-04-09T17:43:09Z,Digitizer_run1606_subrun311.csv,56,False,,,2.49,-0.4158
2026-04-09T17:43:09Z,Digitizer_run1606_subrun311.csv,57,False,,,2.25,-0.3863
2026-04-09T17:43:09Z,Digitizer_run1606_subrun311.csv,58,False,,,2.8,-0.4635
2026-04-09T17:43:09Z,Digitizer_run1606_subrun311.csv,59,False,,,2.81,-0.4537
2026-04-09T17:43:09Z,Digitizer_run1606_subrun311.csv,60,False,,,2.39,-0.4187
2026-04-09T17:43:09Z,Digitizer_run1606_subrun311.csv,61,False,,,2.51,-0.4585
2026-04-09T17:43:09Z,Digitizer_run1606_subrun311.csv,62,False,,,2.96,-0.411
2026-04-09T17:43:09Z,Digitizer_run1606_subrun311.csv,63,False,,,3.52,-0.4061
2026-04-09T17:43:09Z,Digitizer_run1606_subrun311.csv,64,True,statistical,sideband_rms_std,5.19,-0.4625
2026-04-09T17:43:09Z,Digitizer_run1606_subrun311.csv,65,False,,,3.04,-0.4539
2026-04-09T17:43:09Z,Digitizer_run1606_subrun311.csv,66,False,,,3.9,-0.4452
2026-04-09T17:43:09Z,Digitizer_run1606_subrun311.csv,67,False,,,3.99,-0.4698
2026-04-09T17:43:09Z,Digitizer_run1606_subrun311.csv,68,False,,,3.53,-0.4587
2026-04-09T17:43:09Z,Digitizer_run1606_subrun311.csv,69,False,,,4.13,-0.4188
2026-04-09T17:43:09Z,Digitizer_run1606_subrun311.csv,70,False,,,2.56,-0.4107
2026-04-09T17:43:09Z,Digitizer_run1606_subrun311.csv,71,False,,,2.42,-0.4324
2026-04-09T17:43:09Z,Digitizer_run1606_subrun311.csv,72,False,,,2.75,-0.4191
2026-04-09T17:43:09Z,Digitizer_run1606_subrun311.csv,73,False,,,2.49,-0.4357
2026-04-09T17:43:09Z,Digitizer_run1606_subrun311.csv,74,True,statistical,nPulses_median,7.0,-0.4791
2026-04-09T17:43:09Z,Digitizer_run1606_subrun311.csv,75,False,,,2.31,-0.4213
2026-04-09T17:43:09Z,Digitizer_run1606_subrun311.csv,76,False,,,2.67,-0.4362
2026-04-09T17:43:09Z,Digitizer_run1606_subrun311.csv,77,False,,,2.97,-0.4646
2026-04-09T17:43:09Z,Digitizer_run1606_subrun311.csv,78,False,,,2.23,-0.4622
2026-04-09T17:43:09Z,Digitizer_run1606_subrun311.csv,79,False,,,1.8,-0.4532
2026-04-09T17:43:09Z,Digitizer_run1606_subrun311.csv,80,False,,,2.9,-0.4874
2026-04-09T17:43:09Z,Digitizer_run1606_subrun311.csv,81,False,,,4.67,-0.4612
2026-04-09T17:43:09Z,Digitizer_run1606_subrun311.csv,82,False,,,2.66,-0.4858
2026-04-09T17:43:09Z,Digitizer_run1606_subrun311.csv,83,False,,,3.19,-0.4495
2026-04-09T17:43:09Z,Digitizer_run1606_subrun311.csv,84,False,,,3.43,-0.4633
2026-04-09T17:43:09Z,Digitizer_run1606_subrun311.csv,85,False,,,3.04,-0.4033
2026-04-09T17:43:09Z,Digitizer_run1606_subrun311.csv,86,False,,,2.27,-0.4477
2026-04-09T17:43:09Z,Digitizer_run1606_subrun311.csv,87,False,,,2.03,-0.4122
2026-04-09T17:43:09Z,Digitizer_run1606_subrun311.csv,88,False,,,1.89,-0.4537
2026-04-09T17:43:09Z,Digitizer_run1606_subrun311.csv,89,False,,,2.41,-0.458
2026-04-09T17:43:09Z,Digitizer_run1606_subrun311.csv,90,False,,,2.03,-0.4635
2026-04-09T17:43:09Z,Digitizer_run1606_subrun311.csv,91,False,,,1.5,-0.4612
2026-04-09T17:43:09Z,Digitizer_run1606_subrun311.csv,92,False,,,1.87,-0.4426
2026-04-09T17:43:09Z,Digitizer_run1606_subrun311.csv,93,True,isolation_forest,,3.05,-0.5047
2026-04-09T17:43:09Z,Digitizer_run1606_subrun311.csv,94,False,,,1.57,-0.4639
2026-04-09T17:43:09Z,Digitizer_run1606_subrun311.csv,95,False,,,1.51,-0.4194
2026-04-09T17:43:13Z,Digitizer_run1607_subrun189.csv,0,False,,,1.98,-0.4148
2026-04-09T17:43:13Z,Digitizer_run1607_subrun189.csv,1,False,,,2.15,-0.4318
2026-04-09T17:43:13Z,Digitizer_run1607_subrun189.csv,2,False,,,2.66,-0.4133
2026-04-09T17:43:13Z,Digitizer_run1607_subrun189.csv,3,False,,,3.22,-0.4236
2026-04-09T17:43:13Z,Digitizer_run1607_subrun189.csv,4,False,,,1.75,-0.4118
2026-04-09T17:43:13Z,Digitizer_run1607_subrun189.csv,5,False,,,1.43,-0.3957
2026-04-09T17:43:13Z,Digitizer_run1607_subrun189.csv,6,False,,,1.7,-0.429
2026-04-09T17:43:13Z,Digitizer_run1607_subrun189.csv,7,False,,,2.0,-0.3878
2026-04-09T17:43:13Z,Digitizer_run1607_subrun189.csv,8,False,,,3.61,-0.454
2026-04-09T17:43:13Z,Digitizer_run1607_subrun189.csv,9,False,,,3.59,-0.4742
2026-04-09T17:43:13Z,Digitizer_run1607_subrun189.csv,10,False,,,2.5,-0.4241
2026-04-09T17:43:13Z,Digitizer_run1607_subrun189.csv,11,False,,,1.81,-0.3964
2026-04-09T17:43:13Z,Digitizer_run1607_subrun189.csv,12,False,,,2.54,-0.4534
2026-04-09T17:43:13Z,Digitizer_run1607_subrun189.csv,13,False,,,1.97,-0.4118
2026-04-09T17:43:13Z,Digitizer_run1607_subrun189.csv,14,False,,,1.54,-0.4008
2026-04-09T17:43:13Z,Digitizer_run1607_subrun189.csv,15,False,,,1.74,-0.3956
2026-04-09T17:43:13Z,Digitizer_run1607_subrun189.csv,16,False,,,2.26,-0.45
2026-04-09T17:43:13Z,Digitizer_run1607_subrun189.csv,17,False,,,1.71,-0.4173
2026-04-09T17:43:13Z,Digitizer_run1607_subrun189.csv,18,False,,,2.41,-0.3925
2026-04-09T17:43:13Z,Digitizer_run1607_subrun189.csv,19,False,,,1.5,-0.3832
2026-04-09T17:43:13Z,Digitizer_run1607_subrun189.csv,20,False,,,1.84,-0.3883
2026-04-09T17:43:13Z,Digitizer_run1607_subrun189.csv,21,False,,,1.25,-0.3843
2026-04-09T17:43:13Z,Digitizer_run1607_subrun189.csv,22,False,,,4.07,-0.4458
2026-04-09T17:43:13Z,Digitizer_run1607_subrun189.csv,23,False,,,1.58,-0.3923
2026-04-09T17:43:13Z,Digitizer_run1607_subrun189.csv,24,False,,,1.37,-0.3782
2026-04-09T17:43:13Z,Digitizer_run1607_subrun189.csv,25,False,,,1.38,-0.3835
2026-04-09T17:43:13Z,Digitizer_run1607_subrun189.csv,26,False,,,3.15,-0.422
2026-04-09T17:43:13Z,Digitizer_run1607_subrun189.csv,27,False,,,2.21,-0.4261
2026-04-09T17:43:13Z,Digitizer_run1607_subrun189.csv,28,False,,,2.24,-0.4328
2026-04-09T17:43:13Z,Digitizer_run1607_subrun189.csv,29,False,,,2.95,-0.4342
2026-04-09T17:43:13Z,Digitizer_run1607_subrun189.csv,30,False,,,1.99,-0.3922
2026-04-09T17:43:13Z,Digitizer_run1607_subrun189.csv,31,False,,,1.98,-0.3771
2026-04-09T17:43:13Z,Digitizer_run1607_subrun189.csv,32,False,,,1.59,-0.4251
2026-04-09T17:43:13Z,Digitizer_run1607_subrun189.csv,33,False,,,1.65,-0.3993
2026-04-09T17:43:13Z,Digitizer_run1607_subrun189.csv,34,False,,,1.95,-0.3844
2026-04-09T17:43:13Z,Digitizer_run1607_subrun189.csv,35,False,,,2.05,-0.3841
2026-04-09T17:43:13Z,Digitizer_run1607_subrun189.csv,36,False,,,1.56,-0.3865
2026-04-09T17:43:13Z,Digitizer_run1607_subrun189.csv,37,False,,,1.68,-0.3886
2026-04-09T17:43:13Z,Digitizer_run1607_subrun189.csv,38,False,,,1.72,-0.3898
2026-04-09T17:43:13Z,Digitizer_run1607_subrun189.csv,39,False,,,2.87,-0.4141
2026-04-09T17:43:13Z,Digitizer_run1607_subrun189.csv,40,False,,,1.6,-0.3835
2026-04-09T17:43:13Z,Digitizer_run1607_subrun189.csv,41,False,,,1.77,-0.4151
2026-04-09T17:43:13Z,Digitizer_run1607_subrun189.csv,42,False,,,1.44,-0.3927
2026-04-09T17:43:13Z,Digitizer_run1607_subrun189.csv,43,False,,,2.08,-0.4086
2026-04-09T17:43:13Z,Digitizer_run1607_subrun189.csv,44,False,,,1.24,-0.3957
2026-04-09T17:43:13Z,Digitizer_run1607_subrun189.csv,45,False,,,1.18,-0.3901
2026-04-09T17:43:13Z,Digitizer_run1607_subrun189.csv,46,False,,,1.91,-0.4025
2026-04-09T17:43:13Z,Digitizer_run1607_subrun189.csv,47,False,,,1.8,-0.4166
2026-04-09T17:43:13Z,Digitizer_run1607_subrun189.csv,48,False,,,2.52,-0.4872
2026-04-09T17:43:13Z,Digitizer_run1607_subrun189.csv,49,False,,,2.76,-0.4457
2026-04-09T17:43:13Z,Digitizer_run1607_subrun189.csv,50,False,,,1.69,-0.3976
2026-04-09T17:43:13Z,Digitizer_run1607_subrun189.csv,51,False,,,1.39,-0.3848
2026-04-09T17:43:13Z,Digitizer_run1607_subrun189.csv,52,False,,,2.25,-0.4335
2026-04-09T17:43:13Z,Digitizer_run1607_subrun189.csv,53,False,,,1.94,-0.4235
2026-04-09T17:43:13Z,Digitizer_run1607_subrun189.csv,54,False,,,1.48,-0.3868
2026-04-09T17:43:13Z,Digitizer_run1607_subrun189.csv,55,False,,,2.23,-0.4495
2026-04-09T17:43:13Z,Digitizer_run1607_subrun189.csv,56,False,,,3.39,-0.479
2026-04-09T17:43:13Z,Digitizer_run1607_subrun189.csv,57,False,,,2.52,-0.4423
2026-04-09T17:43:13Z,Digitizer_run1607_subrun189.csv,58,False,,,2.64,-0.4074
2026-04-09T17:43:13Z,Digitizer_run1607_subrun189.csv,59,False,,,2.45,-0.4719
2026-04-09T17:43:13Z,Digitizer_run1607_subrun189.csv,60,False,,,2.03,-0.4039
2026-04-09T17:43:13Z,Digitizer_run1607_subrun189.csv,61,False,,,1.54,-0.3911
2026-04-09T17:43:13Z,Digitizer_run1607_subrun189.csv,62,False,,,2.8,-0.4147
2026-04-09T17:43:13Z,Digitizer_run1607_subrun189.csv,63,False,,,2.63,-0.4184
2026-04-09T17:43:13Z,Digitizer_run1607_subrun189.csv,64,False,,,3.67,-0.4631
2026-04-09T17:43:13Z,Digitizer_run1607_subrun189.csv,65,False,,,1.8,-0.4272
2026-04-09T17:43:13Z,Digitizer_run1607_subrun189.csv,66,False,,,2.03,-0.4434
2026-04-09T17:43:13Z,Digitizer_run1607_subrun189.csv,67,False,,,1.91,-0.4041
2026-04-09T17:43:13Z,Digitizer_run1607_subrun189.csv,68,False,,,2.02,-0.4304
2026-04-09T17:43:13Z,Digitizer_run1607_subrun189.csv,69,False,,,1.95,-0.404
2026-04-09T17:43:13Z,Digitizer_run1607_subrun189.csv,70,True,statistical,sideband_rms_std,5.01,-0.4791
2026-04-09T17:43:13Z,Digitizer_run1607_subrun189.csv,71,True,isolation_forest,,4.67,-0.5381
2026-04-09T17:43:13Z,Digitizer_run1607_subrun189.csv,72,False,,,2.6,-0.476
2026-04-09T17:43:13Z,Digitizer_run1607_subrun189.csv,73,False,,,3.64,-0.4833
2026-04-09T17:43:13Z,Digitizer_run1607_subrun189.csv,74,False,,,1.94,-0.4544
2026-04-09T17:43:13Z,Digitizer_run1607_subrun189.csv,75,False,,,1.76,-0.4135
2026-04-09T17:43:13Z,Digitizer_run1607_subrun189.csv,76,False,,,1.96,-0.394
2026-04-09T17:43:13Z,Digitizer_run1607_subrun189.csv,77,False,,,1.9,-0.4244
2026-04-09T17:43:13Z,Digitizer_run1607_subrun189.csv,78,False,,,1.17,-0.3816
2026-04-09T17:43:13Z,Digitizer_run1607_subrun189.csv,79,False,,,1.74,-0.3832
2026-04-09T17:43:13Z,Digitizer_run1607_subrun189.csv,80,False,,,2.03,-0.4221
2026-04-09T17:43:13Z,Digitizer_run1607_subrun189.csv,81,False,,,1.2,-0.3761
2026-04-09T17:43:13Z,Digitizer_run1607_subrun189.csv,82,False,,,1.05,-0.3856
2026-04-09T17:43:13Z,Digitizer_run1607_subrun189.csv,83,False,,,1.14,-0.384
2026-04-09T17:43:13Z,Digitizer_run1607_subrun189.csv,84,False,,,1.52,-0.3824
2026-04-09T17:43:13Z,Digitizer_run1607_subrun189.csv,85,False,,,0.82,-0.3705
2026-04-09T17:43:13Z,Digitizer_run1607_subrun189.csv,86,False,,,2.0,-0.4211
2026-04-09T17:43:13Z,Digitizer_run1607_subrun189.csv,87,False,,,2.85,-0.4643
2026-04-09T17:43:13Z,Digitizer_run1607_subrun189.csv,88,False,,,2.13,-0.4345
2026-04-09T17:43:13Z,Digitizer_run1607_subrun189.csv,89,False,,,2.4,-0.4525
2026-04-09T17:43:13Z,Digitizer_run1607_subrun189.csv,90,False,,,1.58,-0.4604
2026-04-09T17:43:13Z,Digitizer_run1607_subrun189.csv,91,False,,,1.76,-0.4246
2026-04-09T17:43:13Z,Digitizer_run1607_subrun189.csv,92,False,,,1.87,-0.4534
2026-04-09T17:43:13Z,Digitizer_run1607_subrun189.csv,93,False,,,1.72,-0.4347
2026-04-09T17:43:13Z,Digitizer_run1607_subrun189.csv,94,False,,,1.42,-0.461
2026-04-09T17:43:13Z,Digitizer_run1607_subrun189.csv,95,True,isolation_forest,,1.99,-0.4932
2026-04-09T17:43:18Z,Digitizer_run1607_subrun243.csv,0,False,,,2.04,-0.39
2026-04-09T17:43:18Z,Digitizer_run1607_subrun243.csv,1,False,,,2.11,-0.3897
2026-04-09T17:43:18Z,Digitizer_run1607_subrun243.csv,2,False,,,2.43,-0.4381
2026-04-09T17:43:18Z,Digitizer_run1607_subrun243.csv,3,False,,,1.43,-0.4027
2026-04-09T17:43:18Z,Digitizer_run1607_subrun243.csv,4,False,,,1.91,-0.4123
2026-04-09T17:43:18Z,Digitizer_run1607_subrun243.csv,5,False,,,1.84,-0.4203
2026-04-09T17:43:18Z,Digitizer_run1607_subrun243.csv,6,False,,,1.76,-0.4004
2026-04-09T17:43:18Z,Digitizer_run1607_subrun243.csv,7,False,,,2.57,-0.4608
2026-04-09T17:43:18Z,Digitizer_run1607_subrun243.csv,8,False,,,2.53,-0.4019
2026-04-09T17:43:18Z,Digitizer_run1607_subrun243.csv,9,False,,,2.04,-0.4091
2026-04-09T17:43:18Z,Digitizer_run1607_subrun243.csv,10,False,,,2.53,-0.4572
2026-04-09T17:43:18Z,Digitizer_run1607_subrun243.csv,11,False,,,1.57,-0.3945
2026-04-09T17:43:18Z,Digitizer_run1607_subrun243.csv,12,False,,,1.46,-0.3865
2026-04-09T17:43:18Z,Digitizer_run1607_subrun243.csv,13,False,,,2.28,-0.4068
2026-04-09T17:43:18Z,Digitizer_run1607_subrun243.csv,14,False,,,2.1,-0.4222
2026-04-09T17:43:18Z,Digitizer_run1607_subrun243.csv,15,False,,,2.38,-0.4273
2026-04-09T17:43:18Z,Digitizer_run1607_subrun243.csv,16,False,,,1.4,-0.4059
2026-04-09T17:43:18Z,Digitizer_run1607_subrun243.csv,17,False,,,2.38,-0.4361
2026-04-09T17:43:18Z,Digitizer_run1607_subrun243.csv,18,False,,,1.81,-0.3965
2026-04-09T17:43:18Z,Digitizer_run1607_subrun243.csv,19,False,,,1.31,-0.4024
2026-04-09T17:43:18Z,Digitizer_run1607_subrun243.csv,20,False,,,1.7,-0.3986
2026-04-09T17:43:18Z,Digitizer_run1607_subrun243.csv,21,False,,,1.68,-0.4101
2026-04-09T17:43:18Z,Digitizer_run1607_subrun243.csv,22,False,,,1.46,-0.3711
2026-04-09T17:43:18Z,Digitizer_run1607_subrun243.csv,23,False,,,1.07,-0.384
2026-04-09T17:43:18Z,Digitizer_run1607_subrun243.csv,24,False,,,3.27,-0.4908
2026-04-09T17:43:18Z,Digitizer_run1607_subrun243.csv,25,False,,,1.98,-0.4247
2026-04-09T17:43:18Z,Digitizer_run1607_subrun243.csv,26,False,,,1.28,-0.3875
2026-04-09T17:43:18Z,Digitizer_run1607_subrun243.csv,27,False,,,1.66,-0.402
2026-04-09T17:43:18Z,Digitizer_run1607_subrun243.csv,28,False,,,2.08,-0.4134
2026-04-09T17:43:18Z,Digitizer_run1607_subrun243.csv,29,False,,,1.78,-0.4151
2026-04-09T17:43:18Z,Digitizer_run1607_subrun243.csv,30,False,,,2.16,-0.4257
2026-04-09T17:43:18Z,Digitizer_run1607_subrun243.csv,31,False,,,1.75,-0.3854
2026-04-09T17:43:18Z,Digitizer_run1607_subrun243.csv,32,False,,,2.08,-0.4317
2026-04-09T17:43:18Z,Digitizer_run1607_subrun243.csv,33,False,,,1.97,-0.3925
2026-04-09T17:43:18Z,Digitizer_run1607_subrun243.csv,34,False,,,1.77,-0.3949
2026-04-09T17:43:18Z,Digitizer_run1607_subrun243.csv,35,False,,,1.4,-0.3803
2026-04-09T17:43:18Z,Digitizer_run1607_subrun243.csv,36,False,,,1.68,-0.4085
2026-04-09T17:43:18Z,Digitizer_run1607_subrun243.csv,37,False,,,2.56,-0.4475
2026-04-09T17:43:18Z,Digitizer_run1607_subrun243.csv,38,False,,,2.48,-0.4211
2026-04-09T17:43:18Z,Digitizer_run1607_subrun243.csv,39,False,,,2.18,-0.438
2026-04-09T17:43:18Z,Digitizer_run1607_subrun243.csv,40,False,,,3.7,-0.4459
2026-04-09T17:43:18Z,Digitizer_run1607_subrun243.csv,41,False,,,1.97,-0.4144
2026-04-09T17:43:18Z,Digitizer_run1607_subrun243.csv,42,False,,,1.33,-0.3896
2026-04-09T17:43:18Z,Digitizer_run1607_subrun243.csv,43,False,,,1.67,-0.4016
2026-04-09T17:43:18Z,Digitizer_run1607_subrun243.csv,44,False,,,2.41,-0.4061
2026-04-09T17:43:18Z,Digitizer_run1607_subrun243.csv,45,False,,,1.97,-0.4115
2026-04-09T17:43:18Z,Digitizer_run1607_subrun243.csv,46,False,,,1.14,-0.3819
2026-04-09T17:43:18Z,Digitizer_run1607_subrun243.csv,47,False,,,1.73,-0.4144
2026-04-09T17:43:18Z,Digitizer_run1607_subrun243.csv,48,False,,,1.94,-0.4031
2026-04-09T17:43:18Z,Digitizer_run1607_subrun243.csv,49,False,,,2.56,-0.4324
2026-04-09T17:43:18Z,Digitizer_run1607_subrun243.csv,50,False,,,1.96,-0.3999
2026-04-09T17:43:18Z,Digitizer_run1607_subrun243.csv,51,False,,,1.38,-0.3906
2026-04-09T17:43:18Z,Digitizer_run1607_subrun243.csv,52,False,,,4.0,-0.4649
2026-04-09T17:43:18Z,Digitizer_run1607_subrun243.csv,53,False,,,1.71,-0.3973
2026-04-09T17:43:18Z,Digitizer_run1607_subrun243.csv,54,False,,,2.34,-0.4287
2026-04-09T17:43:18Z,Digitizer_run1607_subrun243.csv,55,False,,,2.1,-0.4617
2026-04-09T17:43:18Z,Digitizer_run1607_subrun243.csv,56,False,,,1.54,-0.38
2026-04-09T17:43:18Z,Digitizer_run1607_subrun243.csv,57,False,,,1.61,-0.3879
2026-04-09T17:43:18Z,Digitizer_run1607_subrun243.csv,58,False,,,2.14,-0.4361
2026-04-09T17:43:18Z,Digitizer_run1607_subrun243.csv,59,False,,,1.76,-0.4215
2026-04-09T17:43:18Z,Digitizer_run1607_subrun243.csv,60,False,,,1.27,-0.3916
2026-04-09T17:43:18Z,Digitizer_run1607_subrun243.csv,61,False,,,1.35,-0.377
2026-04-09T17:43:18Z,Digitizer_run1607_subrun243.csv,62,False,,,1.95,-0.3829
2026-04-09T17:43:18Z,Digitizer_run1607_subrun243.csv,63,False,,,1.61,-0.4117
2026-04-09T17:43:18Z,Digitizer_run1607_subrun243.csv,64,False,,,2.1,-0.4006
2026-04-09T17:43:18Z,Digitizer_run1607_subrun243.csv,65,False,,,1.63,-0.4
2026-04-09T17:43:18Z,Digitizer_run1607_subrun243.csv,66,False,,,3.4,-0.4162
2026-04-09T17:43:18Z,Digitizer_run1607_subrun243.csv,67,False,,,3.08,-0.4129
2026-04-09T17:43:18Z,Digitizer_run1607_subrun243.csv,68,False,,,2.78,-0.4022
2026-04-09T17:43:18Z,Digitizer_run1607_subrun243.csv,69,False,,,2.79,-0.446
2026-04-09T17:43:18Z,Digitizer_run1607_subrun243.csv,70,False,,,2.71,-0.4235
2026-04-09T17:43:18Z,Digitizer_run1607_subrun243.csv,71,False,,,1.53,-0.3983
2026-04-09T17:43:18Z,Digitizer_run1607_subrun243.csv,72,False,,,1.28,-0.4028
2026-04-09T17:43:18Z,Digitizer_run1607_subrun243.csv,73,False,,,1.66,-0.3993
2026-04-09T17:43:18Z,Digitizer_run1607_subrun243.csv,74,False,,,2.09,-0.4271
2026-04-09T17:43:18Z,Digitizer_run1607_subrun243.csv,75,False,,,1.33,-0.4107
2026-04-09T17:43:18Z,Digitizer_run1607_subrun243.csv,76,False,,,2.2,-0.4051
2026-04-09T17:43:18Z,Digitizer_run1607_subrun243.csv,77,False,,,2.68,-0.4669
2026-04-09T17:43:18Z,Digitizer_run1607_subrun243.csv,78,False,,,2.15,-0.4457
2026-04-09T17:43:18Z,Digitizer_run1607_subrun243.csv,79,False,,,2.87,-0.4378
2026-04-09T17:43:18Z,Digitizer_run1607_subrun243.csv,80,False,,,2.73,-0.4257
2026-04-09T17:43:18Z,Digitizer_run1607_subrun243.csv,81,False,,,2.62,-0.4274
2026-04-09T17:43:18Z,Digitizer_run1607_subrun243.csv,82,False,,,2.53,-0.4814
2026-04-09T17:43:18Z,Digitizer_run1607_subrun243.csv,83,True,isolation_forest,,3.46,-0.5085
2026-04-09T17:43:18Z,Digitizer_run1607_subrun243.csv,84,False,,,1.49,-0.3986
2026-04-09T17:43:18Z,Digitizer_run1607_subrun243.csv,85,False,,,1.16,-0.3858
2026-04-09T17:43:18Z,Digitizer_run1607_subrun243.csv,86,False,,,2.12,-0.407
2026-04-09T17:43:18Z,Digitizer_run1607_subrun243.csv,87,False,,,1.72,-0.416
2026-04-09T17:43:18Z,Digitizer_run1607_subrun243.csv,88,False,,,2.37,-0.4568
2026-04-09T17:43:18Z,Digitizer_run1607_subrun243.csv,89,False,,,3.59,-0.4616
2026-04-09T17:43:18Z,Digitizer_run1607_subrun243.csv,90,False,,,1.73,-0.3946
2026-04-09T17:43:18Z,Digitizer_run1607_subrun243.csv,91,False,,,1.81,-0.4183
2026-04-09T17:43:18Z,Digitizer_run1607_subrun243.csv,92,True,isolation_forest,,1.89,-0.4941
2026-04-09T17:43:18Z,Digitizer_run1607_subrun243.csv,93,False,,,2.07,-0.435
2026-04-09T17:43:18Z,Digitizer_run1607_subrun243.csv,94,False,,,2.36,-0.4606
2026-04-09T17:43:18Z,Digitizer_run1607_subrun243.csv,95,False,,,1.71,-0.4115
2026-04-09T17:43:26Z,Digitizer_run1607_subrun359.csv,0,False,,,2.51,-0.4187
2026-04-09T17:43:26Z,Digitizer_run1607_subrun359.csv,1,False,,,1.64,-0.401
2026-04-09T17:43:26Z,Digitizer_run1607_subrun359.csv,2,False,,,3.63,-0.4031
2026-04-09T17:43:26Z,Digitizer_run1607_subrun359.csv,3,False,,,2.35,-0.4592
2026-04-09T17:43:26Z,Digitizer_run1607_subrun359.csv,4,False,,,2.22,-0.4775
2026-04-09T17:43:26Z,Digitizer_run1607_subrun359.csv,5,False,,,2.71,-0.4194
2026-04-09T17:43:26Z,Digitizer_run1607_subrun359.csv,6,False,,,2.78,-0.4257
2026-04-09T17:43:26Z,Digitizer_run1607_subrun359.csv,7,False,,,3.06,-0.4505
2026-04-09T17:43:26Z,Digitizer_run1607_subrun359.csv,8,False,,,2.15,-0.439
2026-04-09T17:43:26Z,Digitizer_run1607_subrun359.csv,9,False,,,2.19,-0.4287
2026-04-09T17:43:26Z,Digitizer_run1607_subrun359.csv,10,False,,,1.83,-0.4361
2026-04-09T17:43:26Z,Digitizer_run1607_subrun359.csv,11,False,,,1.72,-0.4038
2026-04-09T17:43:26Z,Digitizer_run1607_subrun359.csv,12,False,,,1.66,-0.4251
2026-04-09T17:43:26Z,Digitizer_run1607_subrun359.csv,13,False,,,1.56,-0.4039
2026-04-09T17:43:26Z,Digitizer_run1607_subrun359.csv,14,True,isolation_forest,,3.45,-0.5058
2026-04-09T17:43:26Z,Digitizer_run1607_subrun359.csv,15,False,,,2.16,-0.4335
2026-04-09T17:43:26Z,Digitizer_run1607_subrun359.csv,16,False,,,3.45,-0.4877
2026-04-09T17:43:26Z,Digitizer_run1607_subrun359.csv,17,False,,,2.4,-0.4504
2026-04-09T17:43:26Z,Digitizer_run1607_subrun359.csv,18,False,,,2.35,-0.4009
2026-04-09T17:43:26Z,Digitizer_run1607_subrun359.csv,19,False,,,1.55,-0.381
2026-04-09T17:43:26Z,Digitizer_run1607_subrun359.csv,20,False,,,1.77,-0.4292
2026-04-09T17:43:26Z,Digitizer_run1607_subrun359.csv,21,False,,,1.56,-0.4184
2026-04-09T17:43:26Z,Digitizer_run1607_subrun359.csv,22,False,,,1.77,-0.465
2026-04-09T17:43:26Z,Digitizer_run1607_subrun359.csv,23,True,isolation_forest,,3.75,-0.5076
2026-04-09T17:43:26Z,Digitizer_run1607_subrun359.csv,24,False,,,2.27,-0.4359
2026-04-09T17:43:26Z,Digitizer_run1607_subrun359.csv,25,True,isolation_forest,,3.39,-0.5519
2026-04-09T17:43:26Z,Digitizer_run1607_subrun359.csv,26,False,,,1.88,-0.4432
2026-04-09T17:43:26Z,Digitizer_run1607_subrun359.csv,27,False,,,2.73,-0.4484
2026-04-09T17:43:26Z,Digitizer_run1607_subrun359.csv,28,False,,,1.99,-0.4134
2026-04-09T17:43:26Z,Digitizer_run1607_subrun359.csv,29,False,,,1.56,-0.3916
2026-04-09T17:43:26Z,Digitizer_run1607_subrun359.csv,30,False,,,2.91,-0.4452
2026-04-09T17:43:26Z,Digitizer_run1607_subrun359.csv,31,False,,,2.05,-0.3963
2026-04-09T17:43:26Z,Digitizer_run1607_subrun359.csv,32,False,,,1.86,-0.4171
2026-04-09T17:43:26Z,Digitizer_run1607_subrun359.csv,33,False,,,1.54,-0.411
2026-04-09T17:43:26Z,Digitizer_run1607_subrun359.csv,34,False,,,2.12,-0.4648
2026-04-09T17:43:26Z,Digitizer_run1607_subrun359.csv,35,False,,,1.55,-0.3896
2026-04-09T17:43:26Z,Digitizer_run1607_subrun359.csv,36,False,,,2.48,-0.483
2026-04-09T17:43:26Z,Digitizer_run1607_subrun359.csv,37,False,,,3.35,-0.4919
2026-04-09T17:43:26Z,Digitizer_run1607_subrun359.csv,38,False,,,1.72,-0.3913
2026-04-09T17:43:26Z,Digitizer_run1607_subrun359.csv,39,False,,,1.55,-0.4002
2026-04-09T17:43:26Z,Digitizer_run1607_subrun359.csv,40,False,,,2.73,-0.4259
2026-04-09T17:43:26Z,Digitizer_run1607_subrun359.csv,41,False,,,1.53,-0.3903
2026-04-09T17:43:26Z,Digitizer_run1607_subrun359.csv,42,False,,,1.7,-0.421
2026-04-09T17:43:26Z,Digitizer_run1607_subrun359.csv,43,False,,,1.95,-0.433
2026-04-09T17:43:26Z,Digitizer_run1607_subrun359.csv,44,False,,,2.98,-0.4622
2026-04-09T17:43:26Z,Digitizer_run1607_subrun359.csv,45,False,,,1.74,-0.4034
2026-04-09T17:43:26Z,Digitizer_run1607_subrun359.csv,46,False,,,2.66,-0.4298
2026-04-09T17:43:26Z,Digitizer_run1607_subrun359.csv,47,False,,,2.34,-0.4351
2026-04-09T17:43:26Z,Digitizer_run1607_subrun359.csv,48,False,,,2.45,-0.4481
2026-04-09T17:43:26Z,Digitizer_run1607_subrun359.csv,49,False,,,2.43,-0.4475
2026-04-09T17:43:26Z,Digitizer_run1607_subrun359.csv,50,False,,,2.53,-0.4761
2026-04-09T17:43:26Z,Digitizer_run1607_subrun359.csv,51,False,,,2.38,-0.444
2026-04-09T17:43:26Z,Digitizer_run1607_subrun359.csv,52,False,,,2.15,-0.4419
2026-04-09T17:43:26Z,Digitizer_run1607_subrun359.csv,53,False,,,1.54,-0.3997
2026-04-09T17:43:26Z,Digitizer_run1607_subrun359.csv,54,False,,,1.97,-0.4188
2026-04-09T17:43:26Z,Digitizer_run1607_subrun359.csv,55,False,,,2.41,-0.4503
2026-04-09T17:43:26Z,Digitizer_run1607_subrun359.csv,56,False,,,2.4,-0.4678
2026-04-09T17:43:26Z,Digitizer_run1607_subrun359.csv,57,False,,,2.07,-0.3932
2026-04-09T17:43:26Z,Digitizer_run1607_subrun359.csv,58,False,,,1.95,-0.4199
2026-04-09T17:43:26Z,Digitizer_run1607_subrun359.csv,59,False,,,1.8,-0.4023
2026-04-09T17:43:26Z,Digitizer_run1607_subrun359.csv,60,False,,,1.84,-0.4173
2026-04-09T17:43:26Z,Digitizer_run1607_subrun359.csv,61,False,,,2.6,-0.4436
2026-04-09T17:43:26Z,Digitizer_run1607_subrun359.csv,62,False,,,2.46,-0.4274
2026-04-09T17:43:26Z,Digitizer_run1607_subrun359.csv,63,False,,,1.54,-0.3961
2026-04-09T17:43:26Z,Digitizer_run1607_subrun359.csv,64,False,,,2.95,-0.4723
2026-04-09T17:43:26Z,Digitizer_run1607_subrun359.csv,65,False,,,3.53,-0.4605
2026-04-09T17:43:26Z,Digitizer_run1607_subrun359.csv,66,False,,,1.55,-0.3877
2026-04-09T17:43:26Z,Digitizer_run1607_subrun359.csv,67,False,,,2.66,-0.4635
2026-04-09T17:43:26Z,Digitizer_run1607_subrun359.csv,68,False,,,3.57,-0.4582
2026-04-09T17:43:26Z,Digitizer_run1607_subrun359.csv,69,False,,,2.1,-0.438
2026-04-09T17:43:26Z,Digitizer_run1607_subrun359.csv,70,False,,,1.92,-0.4056
2026-04-09T17:43:26Z,Digitizer_run1607_subrun359.csv,71,False,,,1.55,-0.3861
2026-04-09T17:43:26Z,Digitizer_run1607_subrun359.csv,72,True,isolation_forest,,3.56,-0.5152
2026-04-09T17:43:26Z,Digitizer_run1607_subrun359.csv,73,False,,,1.58,-0.4049
2026-04-09T17:43:26Z,Digitizer_run1607_subrun359.csv,74,False,,,1.83,-0.4301
2026-04-09T17:43:26Z,Digitizer_run1607_subrun359.csv,75,False,,,1.56,-0.402
2026-04-09T17:43:26Z,Digitizer_run1607_subrun359.csv,76,False,,,2.42,-0.4267
2026-04-09T17:43:26Z,Digitizer_run1607_subrun359.csv,77,False,,,2.07,-0.4258
2026-04-09T17:43:26Z,Digitizer_run1607_subrun359.csv,78,False,,,1.57,-0.399
2026-04-09T17:43:26Z,Digitizer_run1607_subrun359.csv,79,False,,,1.86,-0.4083
2026-04-09T17:43:26Z,Digitizer_run1607_subrun359.csv,80,False,,,2.34,-0.4383
2026-04-09T17:43:26Z,Digitizer_run1607_subrun359.csv,81,False,,,2.34,-0.4214
2026-04-09T17:43:26Z,Digitizer_run1607_subrun359.csv,82,False,,,1.99,-0.4382
2026-04-09T17:43:26Z,Digitizer_run1607_subrun359.csv,83,False,,,2.73,-0.3988
2026-04-09T17:43:26Z,Digitizer_run1607_subrun359.csv,84,False,,,2.83,-0.4654
2026-04-09T17:43:26Z,Digitizer_run1607_subrun359.csv,85,False,,,2.04,-0.4122
2026-04-09T17:43:26Z,Digitizer_run1607_subrun359.csv,86,False,,,2.48,-0.4257
2026-04-09T17:43:26Z,Digitizer_run1607_subrun359.csv,87,False,,,3.17,-0.4516
2026-04-09T17:43:26Z,Digitizer_run1607_subrun359.csv,88,True,isolation_forest,,3.36,-0.5163
2026-04-09T17:43:26Z,Digitizer_run1607_subrun359.csv,89,True,isolation_forest,,2.53,-0.5295
2026-04-09T17:43:26Z,Digitizer_run1607_subrun359.csv,90,False,,,2.26,-0.4829
2026-04-09T17:43:26Z,Digitizer_run1607_subrun359.csv,91,False,,,2.23,-0.4788
2026-04-09T17:43:26Z,Digitizer_run1607_subrun359.csv,92,False,,,1.96,-0.4412
2026-04-09T17:43:26Z,Digitizer_run1607_subrun359.csv,93,False,,,1.47,-0.4197
2026-04-09T17:43:26Z,Digitizer_run1607_subrun359.csv,94,False,,,1.88,-0.4275
2026-04-09T17:43:26Z,Digitizer_run1607_subrun359.csv,95,False,,,1.41,-0.433
2026-04-09T17:43:34Z,Digitizer_run1611_subrun385.csv,0,False,,,1.65,-0.4218
2026-04-09T17:43:34Z,Digitizer_run1611_subrun385.csv,1,False,,,1.39,-0.4036
2026-04-09T17:43:34Z,Digitizer_run1611_subrun385.csv,2,False,,,2.7,-0.4353
2026-04-09T17:43:34Z,Digitizer_run1611_subrun385.csv,3,False,,,1.67,-0.3994
2026-04-09T17:43:34Z,Digitizer_run1611_subrun385.csv,4,False,,,1.68,-0.419
2026-04-09T17:43:34Z,Digitizer_run1611_subrun385.csv,5,False,,,2.03,-0.4104
2026-04-09T17:43:34Z,Digitizer_run1611_subrun385.csv,6,False,,,1.41,-0.4005
2026-04-09T17:43:34Z,Digitizer_run1611_subrun385.csv,7,False,,,1.52,-0.3957
2026-04-09T17:43:34Z,Digitizer_run1611_subrun385.csv,8,False,,,3.18,-0.4742
2026-04-09T17:43:34Z,Digitizer_run1611_subrun385.csv,9,True,statistical,pulseDuriation_max_std;pulseDuriation_min_std,5.11,-0.4645
2026-04-09T17:43:34Z,Digitizer_run1611_subrun385.csv,10,False,,,1.64,-0.3935
2026-04-09T17:43:34Z,Digitizer_run1611_subrun385.csv,11,False,,,1.8,-0.3883
2026-04-09T17:43:34Z,Digitizer_run1611_subrun385.csv,12,False,,,4.54,-0.4864
2026-04-09T17:43:34Z,Digitizer_run1611_subrun385.csv,13,False,,,1.46,-0.3919
2026-04-09T17:43:34Z,Digitizer_run1611_subrun385.csv,14,False,,,1.49,-0.4009
2026-04-09T17:43:34Z,Digitizer_run1611_subrun385.csv,15,False,,,3.05,-0.4749
2026-04-09T17:43:34Z,Digitizer_run1611_subrun385.csv,16,True,isolation_forest,,3.05,-0.5121
2026-04-09T17:43:34Z,Digitizer_run1611_subrun385.csv,17,False,,,2.24,-0.4364
2026-04-09T17:43:34Z,Digitizer_run1611_subrun385.csv,18,False,,,1.82,-0.3834
2026-04-09T17:43:34Z,Digitizer_run1611_subrun385.csv,19,False,,,2.71,-0.4794
2026-04-09T17:43:34Z,Digitizer_run1611_subrun385.csv,20,False,,,2.17,-0.4116
2026-04-09T17:43:34Z,Digitizer_run1611_subrun385.csv,21,False,,,2.11,-0.4097
2026-04-09T17:43:34Z,Digitizer_run1611_subrun385.csv,22,False,,,1.69,-0.4187
2026-04-09T17:43:34Z,Digitizer_run1611_subrun385.csv,23,False,,,1.87,-0.4055
2026-04-09T17:43:34Z,Digitizer_run1611_subrun385.csv,24,False,,,1.47,-0.4187
2026-04-09T17:43:34Z,Digitizer_run1611_subrun385.csv,25,False,,,1.81,-0.412
2026-04-09T17:43:34Z,Digitizer_run1611_subrun385.csv,26,False,,,2.04,-0.4296
2026-04-09T17:43:34Z,Digitizer_run1611_subrun385.csv,27,False,,,1.44,-0.3876
2026-04-09T17:43:34Z,Digitizer_run1611_subrun385.csv,28,False,,,1.3,-0.3832
2026-04-09T17:43:34Z,Digitizer_run1611_subrun385.csv,29,False,,,1.33,-0.3864
2026-04-09T17:43:34Z,Digitizer_run1611_subrun385.csv,30,True,isolation_forest,,2.69,-0.4991
2026-04-09T17:43:34Z,Digitizer_run1611_subrun385.csv,31,False,,,3.13,-0.4919
2026-04-09T17:43:34Z,Digitizer_run1611_subrun385.csv,32,False,,,2.17,-0.4106
2026-04-09T17:43:34Z,Digitizer_run1611_subrun385.csv,33,False,,,1.85,-0.4144
2026-04-09T17:43:34Z,Digitizer_run1611_subrun385.csv,34,False,,,1.65,-0.433
2026-04-09T17:43:34Z,Digitizer_run1611_subrun385.csv,35,False,,,2.16,-0.4455
2026-04-09T17:43:34Z,Digitizer_run1611_subrun385.csv,36,False,,,1.9,-0.407
2026-04-09T17:43:34Z,Digitizer_run1611_subrun385.csv,37,False,,,1.77,-0.4057
2026-04-09T17:43:34Z,Digitizer_run1611_subrun385.csv,38,False,,,2.07,-0.4295
2026-04-09T17:43:34Z,Digitizer_run1611_subrun385.csv,39,False,,,2.08,-0.4536
2026-04-09T17:43:34Z,Digitizer_run1611_subrun385.csv,40,False,,,2.07,-0.4599
2026-04-09T17:43:34Z,Digitizer_run1611_subrun385.csv,41,False,,,1.73,-0.4086
2026-04-09T17:43:34Z,Digitizer_run1611_subrun385.csv,42,False,,,2.72,-0.4349
2026-04-09T17:43:34Z,Digitizer_run1611_subrun385.csv,43,False,,,1.56,-0.3881
2026-04-09T17:43:34Z,Digitizer_run1611_subrun385.csv,44,False,,,3.78,-0.4432
2026-04-09T17:43:34Z,Digitizer_run1611_subrun385.csv,45,False,,,4.15,-0.4721
2026-04-09T17:43:34Z,Digitizer_run1611_subrun385.csv,46,False,,,4.65,-0.4213
2026-04-09T17:43:34Z,Digitizer_run1611_subrun385.csv,47,False,,,1.72,-0.393
2026-04-09T17:43:34Z,Digitizer_run1611_subrun385.csv,48,False,,,2.66,-0.4112
2026-04-09T17:43:34Z,Digitizer_run1611_subrun385.csv,49,True,isolation_forest,,3.59,-0.5143
2026-04-09T17:43:34Z,Digitizer_run1611_subrun385.csv,50,False,,,3.66,-0.4689
2026-04-09T17:43:34Z,Digitizer_run1611_subrun385.csv,51,True,isolation_forest,,3.78,-0.493
2026-04-09T17:43:34Z,Digitizer_run1611_subrun385.csv,52,False,,,2.23,-0.4128
2026-04-09T17:43:34Z,Digitizer_run1611_subrun385.csv,53,False,,,1.34,-0.3828
2026-04-09T17:43:34Z,Digitizer_run1611_subrun385.csv,54,False,,,1.81,-0.3882
2026-04-09T17:43:34Z,Digitizer_run1611_subrun385.csv,55,False,,,1.94,-0.4525
2026-04-09T17:43:34Z,Digitizer_run1611_subrun385.csv,56,False,,,2.83,-0.4541
2026-04-09T17:43:34Z,Digitizer_run1611_subrun385.csv,57,False,,,2.02,-0.4125
2026-04-09T17:43:34Z,Digitizer_run1611_subrun385.csv,58,False,,,1.64,-0.4282
2026-04-09T17:43:34Z,Digitizer_run1611_subrun385.csv,59,False,,,1.61,-0.4221
2026-04-09T17:43:34Z,Digitizer_run1611_subrun385.csv,60,False,,,1.69,-0.4202
2026-04-09T17:43:34Z,Digitizer_run1611_subrun385.csv,61,False,,,1.94,-0.4145
2026-04-09T17:43:34Z,Digitizer_run1611_subrun385.csv,62,False,,,2.24,-0.4426
2026-04-09T17:43:34Z,Digitizer_run1611_subrun385.csv,63,False,,,2.52,-0.4462
2026-04-09T17:43:34Z,Digitizer_run1611_subrun385.csv,64,False,,,2.41,-0.4338
2026-04-09T17:43:34Z,Digitizer_run1611_subrun385.csv,65,False,,,2.38,-0.4712
2026-04-09T17:43:34Z,Digitizer_run1611_subrun385.csv,66,False,,,1.51,-0.4022
2026-04-09T17:43:34Z,Digitizer_run1611_subrun385.csv,67,False,,,1.71,-0.4179
2026-04-09T17:43:34Z,Digitizer_run1611_subrun385.csv,68,False,,,4.44,-0.4841
2026-04-09T17:43:34Z,Digitizer_run1611_subrun385.csv,69,False,,,3.16,-0.4617
2026-04-09T17:43:34Z,Digitizer_run1611_subrun385.csv,70,False,,,2.28,-0.425
2026-04-09T17:43:34Z,Digitizer_run1611_subrun385.csv,71,False,,,2.09,-0.4358
2026-04-09T17:43:34Z,Digitizer_run1611_subrun385.csv,72,False,,,1.61,-0.4309
2026-04-09T17:43:34Z,Digitizer_run1611_subrun385.csv,73,False,,,2.65,-0.4405
2026-04-09T17:43:34Z,Digitizer_run1611_subrun385.csv,74,False,,,1.33,-0.4108
2026-04-09T17:43:34Z,Digitizer_run1611_subrun385.csv,75,False,,,1.79,-0.4077
2026-04-09T17:43:34Z,Digitizer_run1611_subrun385.csv,76,False,,,2.79,-0.4552
2026-04-09T17:43:34Z,Digitizer_run1611_subrun385.csv,77,False,,,2.09,-0.4299
2026-04-09T17:43:34Z,Digitizer_run1611_subrun385.csv,78,False,,,4.31,-0.4863
2026-04-09T17:43:34Z,Digitizer_run1611_subrun385.csv,79,False,,,2.33,-0.482
2026-04-09T17:43:34Z,Digitizer_run1611_subrun385.csv,80,False,,,2.85,-0.4606
2026-04-09T17:43:34Z,Digitizer_run1611_subrun385.csv,81,False,,,1.43,-0.379
2026-04-09T17:43:34Z,Digitizer_run1611_subrun385.csv,82,False,,,2.12,-0.4523
2026-04-09T17:43:34Z,Digitizer_run1611_subrun385.csv,83,False,,,3.36,-0.4917
2026-04-09T17:43:34Z,Digitizer_run1611_subrun385.csv,84,True,statistical,nPulses_median,7.0,-0.4767
2026-04-09T17:43:34Z,Digitizer_run1611_subrun385.csv,85,False,,,1.42,-0.3934
2026-04-09T17:43:34Z,Digitizer_run1611_subrun385.csv,86,False,,,1.48,-0.3958
2026-04-09T17:43:34Z,Digitizer_run1611_subrun385.csv,87,False,,,1.67,-0.3972
2026-04-09T17:43:34Z,Digitizer_run1611_subrun385.csv,88,False,,,2.04,-0.4366
2026-04-09T17:43:34Z,Digitizer_run1611_subrun385.csv,89,False,,,1.92,-0.4355
2026-04-09T17:43:34Z,Digitizer_run1611_subrun385.csv,90,True,isolation_forest,,3.35,-0.5463
2026-04-09T17:43:34Z,Digitizer_run1611_subrun385.csv,91,True,isolation_forest,,2.93,-0.5325
2026-04-09T17:43:34Z,Digitizer_run1611_subrun385.csv,92,False,,,1.9,-0.4475
2026-04-09T17:43:34Z,Digitizer_run1611_subrun385.csv,93,False,,,2.09,-0.4432
2026-04-09T17:43:34Z,Digitizer_run1611_subrun385.csv,94,False,,,1.87,-0.417
2026-04-09T17:43:34Z,Digitizer_run1611_subrun385.csv,95,False,,,2.3,-0.4627
2026-04-09T17:43:40Z,Digitizer_run1607_subrun206.csv,0,False,,,1.97,-0.4023
2026-04-09T17:43:40Z,Digitizer_run1607_subrun206.csv,1,False,,,1.66,-0.3989
2026-04-09T17:43:40Z,Digitizer_run1607_subrun206.csv,2,False,,,2.38,-0.4218
2026-04-09T17:43:40Z,Digitizer_run1607_subrun206.csv,3,False,,,2.22,-0.4331
2026-04-09T17:43:40Z,Digitizer_run1607_subrun206.csv,4,False,,,3.53,-0.4381
2026-04-09T17:43:40Z,Digitizer_run1607_subrun206.csv,5,False,,,3.42,-0.4853
2026-04-09T17:43:40Z,Digitizer_run1607_subrun206.csv,6,False,,,1.67,-0.413
2026-04-09T17:43:40Z,Digitizer_run1607_subrun206.csv,7,False,,,2.4,-0.4404
2026-04-09T17:43:40Z,Digitizer_run1607_subrun206.csv,8,False,,,1.98,-0.4353
2026-04-09T17:43:40Z,Digitizer_run1607_subrun206.csv,9,False,,,3.01,-0.4506
2026-04-09T17:43:40Z,Digitizer_run1607_subrun206.csv,10,False,,,2.11,-0.4454
2026-04-09T17:43:40Z,Digitizer_run1607_subrun206.csv,11,False,,,1.67,-0.4068
2026-04-09T17:43:40Z,Digitizer_run1607_subrun206.csv,12,False,,,2.29,-0.4405
2026-04-09T17:43:40Z,Digitizer_run1607_subrun206.csv,13,False,,,2.01,-0.4494
2026-04-09T17:43:40Z,Digitizer_run1607_subrun206.csv,14,False,,,2.28,-0.4585
2026-04-09T17:43:40Z,Digitizer_run1607_subrun206.csv,15,False,,,2.4,-0.4645
2026-04-09T17:43:40Z,Digitizer_run1607_subrun206.csv,16,False,,,2.05,-0.4353
2026-04-09T17:43:40Z,Digitizer_run1607_subrun206.csv,17,False,,,2.83,-0.4358
2026-04-09T17:43:40Z,Digitizer_run1607_subrun206.csv,18,False,,,2.93,-0.4637
2026-04-09T17:43:40Z,Digitizer_run1607_subrun206.csv,19,False,,,1.98,-0.4209
2026-04-09T17:43:40Z,Digitizer_run1607_subrun206.csv,20,False,,,2.45,-0.4161
2026-04-09T17:43:40Z,Digitizer_run1607_subrun206.csv,21,False,,,2.75,-0.4745
2026-04-09T17:43:40Z,Digitizer_run1607_subrun206.csv,22,False,,,1.68,-0.4243
2026-04-09T17:43:40Z,Digitizer_run1607_subrun206.csv,23,False,,,2.01,-0.4269
2026-04-09T17:43:40Z,Digitizer_run1607_subrun206.csv,24,False,,,1.67,-0.4191
2026-04-09T17:43:40Z,Digitizer_run1607_subrun206.csv,25,False,,,1.68,-0.4393
2026-04-09T17:43:40Z,Digitizer_run1607_subrun206.csv,26,False,,,2.07,-0.422
2026-04-09T17:43:40Z,Digitizer_run1607_subrun206.csv,27,False,,,1.93,-0.4249
2026-04-09T17:43:40Z,Digitizer_run1607_subrun206.csv,28,False,,,2.99,-0.4506
2026-04-09T17:43:40Z,Digitizer_run1607_subrun206.csv,29,False,,,3.32,-0.4429
2026-04-09T17:43:40Z,Digitizer_run1607_subrun206.csv,30,False,,,2.02,-0.4256
2026-04-09T17:43:40Z,Digitizer_run1607_subrun206.csv,31,False,,,1.89,-0.4457
2026-04-09T17:43:40Z,Digitizer_run1607_subrun206.csv,32,False,,,1.67,-0.425
2026-04-09T17:43:40Z,Digitizer_run1607_subrun206.csv,33,False,,,1.92,-0.472
2026-04-09T17:43:40Z,Digitizer_run1607_subrun206.csv,34,False,,,1.75,-0.425
2026-04-09T17:43:40Z,Digitizer_run1607_subrun206.csv,35,False,,,1.8,-0.4212
2026-04-09T17:43:40Z,Digitizer_run1607_subrun206.csv,36,False,,,1.8,-0.3961
2026-04-09T17:43:40Z,Digitizer_run1607_subrun206.csv,37,False,,,1.93,-0.4305
2026-04-09T17:43:40Z,Digitizer_run1607_subrun206.csv,38,False,,,1.68,-0.419
2026-04-09T17:43:40Z,Digitizer_run1607_subrun206.csv,39,False,,,3.89,-0.4897
2026-04-09T17:43:40Z,Digitizer_run1607_subrun206.csv,40,False,,,1.68,-0.4004
2026-04-09T17:43:40Z,Digitizer_run1607_subrun206.csv,41,False,,,1.68,-0.4373
2026-04-09T17:43:40Z,Digitizer_run1607_subrun206.csv,42,False,,,2.09,-0.4464
2026-04-09T17:43:40Z,Digitizer_run1607_subrun206.csv,43,False,,,2.55,-0.4506
2026-04-09T17:43:40Z,Digitizer_run1607_subrun206.csv,44,False,,,1.88,-0.4221
2026-04-09T17:43:40Z,Digitizer_run1607_subrun206.csv,45,False,,,1.69,-0.3988
2026-04-09T17:43:40Z,Digitizer_run1607_subrun206.csv,46,False,,,1.69,-0.3958
2026-04-09T17:43:40Z,Digitizer_run1607_subrun206.csv,47,False,,,1.69,-0.4104
2026-04-09T17:43:40Z,Digitizer_run1607_subrun206.csv,48,False,,,2.04,-0.4438
2026-04-09T17:43:40Z,Digitizer_run1607_subrun206.csv,49,False,,,1.91,-0.4418
2026-04-09T17:43:40Z,Digitizer_run1607_subrun206.csv,50,False,,,1.68,-0.3987
2026-04-09T17:43:40Z,Digitizer_run1607_subrun206.csv,51,False,,,1.68,-0.3983
2026-04-09T17:43:40Z,Digitizer_run1607_subrun206.csv,52,False,,,1.67,-0.3982
2026-04-09T17:43:40Z,Digitizer_run1607_subrun206.csv,53,False,,,1.94,-0.4087
2026-04-09T17:43:40Z,Digitizer_run1607_subrun206.csv,54,False,,,2.99,-0.4234
2026-04-09T17:43:40Z,Digitizer_run1607_subrun206.csv,55,False,,,1.67,-0.3949
2026-04-09T17:43:40Z,Digitizer_run1607_subrun206.csv,56,False,,,2.31,-0.4295
2026-04-09T17:43:40Z,Digitizer_run1607_subrun206.csv,57,False,,,2.31,-0.4193
2026-04-09T17:43:40Z,Digitizer_run1607_subrun206.csv,58,False,,,2.43,-0.4725
2026-04-09T17:43:40Z,Digitizer_run1607_subrun206.csv,59,False,,,2.26,-0.4652
2026-04-09T17:43:40Z,Digitizer_run1607_subrun206.csv,60,False,,,1.8,-0.4088
2026-04-09T17:43:40Z,Digitizer_run1607_subrun206.csv,61,False,,,1.92,-0.4411
2026-04-09T17:43:40Z,Digitizer_run1607_subrun206.csv,62,False,,,1.69,-0.3975
2026-04-09T17:43:40Z,Digitizer_run1607_subrun206.csv,63,False,,,1.69,-0.3964
2026-04-09T17:43:40Z,Digitizer_run1607_subrun206.csv,64,False,,,3.6,-0.4846
2026-04-09T17:43:40Z,Digitizer_run1607_subrun206.csv,65,True,isolation_forest,,3.85,-0.5022
2026-04-09T17:43:40Z,Digitizer_run1607_subrun206.csv,66,False,,,3.27,-0.4652
2026-04-09T17:43:40Z,Digitizer_run1607_subrun206.csv,67,False,,,3.01,-0.4429
2026-04-09T17:43:40Z,Digitizer_run1607_subrun206.csv,68,False,,,1.88,-0.4168
2026-04-09T17:43:40Z,Digitizer_run1607_subrun206.csv,69,False,,,1.66,-0.3946
2026-04-09T17:43:40Z,Digitizer_run1607_subrun206.csv,70,False,,,2.76,-0.4331
2026-04-09T17:43:40Z,Digitizer_run1607_subrun206.csv,71,False,,,2.36,-0.4813
2026-04-09T17:43:40Z,Digitizer_run1607_subrun206.csv,72,False,,,2.48,-0.4795
2026-04-09T17:43:40Z,Digitizer_run1607_subrun206.csv,73,False,,,1.71,-0.3963
2026-04-09T17:43:40Z,Digitizer_run1607_subrun206.csv,74,False,,,1.72,-0.441
2026-04-09T17:43:40Z,Digitizer_run1607_subrun206.csv,75,False,,,1.91,-0.4478
2026-04-09T17:43:40Z,Digitizer_run1607_subrun206.csv,76,False,,,1.7,-0.3865
2026-04-09T17:43:40Z,Digitizer_run1607_subrun206.csv,77,False,,,2.25,-0.4517
2026-04-09T17:43:40Z,Digitizer_run1607_subrun206.csv,78,False,,,2.83,-0.4507
2026-04-09T17:43:40Z,Digitizer_run1607_subrun206.csv,79,False,,,1.72,-0.4388
2026-04-09T17:43:40Z,Digitizer_run1607_subrun206.csv,80,False,,,1.68,-0.4008
2026-04-09T17:43:40Z,Digitizer_run1607_subrun206.csv,81,False,,,2.15,-0.4464
2026-04-09T17:43:40Z,Digitizer_run1607_subrun206.csv,82,False,,,2.58,-0.4667
2026-04-09T17:43:40Z,Digitizer_run1607_subrun206.csv,83,False,,,1.7,-0.4406
2026-04-09T17:43:40Z,Digitizer_run1607_subrun206.csv,84,False,,,1.91,-0.4226
2026-04-09T17:43:40Z,Digitizer_run1607_subrun206.csv,85,False,,,2.09,-0.4092
2026-04-09T17:43:40Z,Digitizer_run1607_subrun206.csv,86,False,,,1.66,-0.4137
2026-04-09T17:43:40Z,Digitizer_run1607_subrun206.csv,87,False,,,2.67,-0.4443
2026-04-09T17:43:40Z,Digitizer_run1607_subrun206.csv,88,False,,,2.54,-0.4635
2026-04-09T17:43:40Z,Digitizer_run1607_subrun206.csv,89,False,,,2.23,-0.4788
2026-04-09T17:43:40Z,Digitizer_run1607_subrun206.csv,90,False,,,2.32,-0.441
2026-04-09T17:43:40Z,Digitizer_run1607_subrun206.csv,91,True,statistical,nPulses_median,7.0,-0.4907
2026-04-09T17:43:40Z,Digitizer_run1607_subrun206.csv,92,False,,,2.45,-0.4783
2026-04-09T17:43:40Z,Digitizer_run1607_subrun206.csv,93,False,,,1.76,-0.435
2026-04-09T17:43:40Z,Digitizer_run1607_subrun206.csv,94,False,,,2.46,-0.4896
2026-04-09T17:43:40Z,Digitizer_run1607_subrun206.csv,95,True,isolation_forest,,2.52,-0.5038
2026-04-09T17:43:44Z,Digitizer_run1607_subrun231.csv,0,False,,,1.82,-0.3848
2026-04-09T17:43:44Z,Digitizer_run1607_subrun231.csv,1,False,,,2.9,-0.45
2026-04-09T17:43:44Z,Digitizer_run1607_subrun231.csv,2,False,,,1.63,-0.4309
2026-04-09T17:43:44Z,Digitizer_run1607_subrun231.csv,3,False,,,1.77,-0.4214
2026-04-09T17:43:44Z,Digitizer_run1607_subrun231.csv,4,True,isolation_forest,,3.83,-0.5245
2026-04-09T17:43:44Z,Digitizer_run1607_subrun231.csv,5,True,isolation_forest,,2.59,-0.5256
2026-04-09T17:43:44Z,Digitizer_run1607_subrun231.csv,6,False,,,2.35,-0.3984
2026-04-09T17:43:44Z,Digitizer_run1607_subrun231.csv,7,False,,,2.67,-0.4199
2026-04-09T17:43:44Z,Digitizer_run1607_subrun231.csv,8,True,isolation_forest,,3.46,-0.5307
2026-04-09T17:43:44Z,Digitizer_run1607_subrun231.csv,9,False,,,2.53,-0.4777
2026-04-09T17:43:44Z,Digitizer_run1607_subrun231.csv,10,False,,,1.97,-0.3926
2026-04-09T17:43:44Z,Digitizer_run1607_subrun231.csv,11,False,,,1.61,-0.3901
2026-04-09T17:43:44Z,Digitizer_run1607_subrun231.csv,12,True,isolation_forest,,4.04,-0.5013
2026-04-09T17:43:44Z,Digitizer_run1607_subrun231.csv,13,False,,,3.9,-0.4649
2026-04-09T17:43:44Z,Digitizer_run1607_subrun231.csv,14,False,,,1.62,-0.4135
2026-04-09T17:43:44Z,Digitizer_run1607_subrun231.csv,15,False,,,2.29,-0.4167
2026-04-09T17:43:44Z,Digitizer_run1607_subrun231.csv,16,False,,,1.82,-0.4284
2026-04-09T17:43:44Z,Digitizer_run1607_subrun231.csv,17,False,,,2.78,-0.4582
2026-04-09T17:43:44Z,Digitizer_run1607_subrun231.csv,18,False,,,1.87,-0.407
2026-04-09T17:43:44Z,Digitizer_run1607_subrun231.csv,19,False,,,3.05,-0.4921
2026-04-09T17:43:44Z,Digitizer_run1607_subrun231.csv,20,False,,,2.14,-0.463
2026-04-09T17:43:44Z,Digitizer_run1607_subrun231.csv,21,False,,,2.29,-0.483
2026-04-09T17:43:44Z,Digitizer_run1607_subrun231.csv,22,False,,,1.61,-0.3938
2026-04-09T17:43:44Z,Digitizer_run1607_subrun231.csv,23,False,,,1.61,-0.3886
2026-04-09T17:43:44Z,Digitizer_run1607_subrun231.csv,24,True,isolation_forest,,2.8,-0.5059
2026-04-09T17:43:44Z,Digitizer_run1607_subrun231.csv,25,False,,,2.55,-0.4755
2026-04-09T17:43:44Z,Digitizer_run1607_subrun231.csv,26,False,,,2.49,-0.4302
2026-04-09T17:43:44Z,Digitizer_run1607_subrun231.csv,27,True,isolation_forest,,3.69,-0.5033
2026-04-09T17:43:44Z,Digitizer_run1607_subrun231.csv,28,False,,,1.66,-0.394
2026-04-09T17:43:44Z,Digitizer_run1607_subrun231.csv,29,False,,,2.09,-0.4049
2026-04-09T17:43:44Z,Digitizer_run1607_subrun231.csv,30,False,,,2.64,-0.4482
2026-04-09T17:43:44Z,Digitizer_run1607_subrun231.csv,31,False,,,2.6,-0.4274
2026-04-09T17:43:44Z,Digitizer_run1607_subrun231.csv,32,False,,,2.28,-0.4337
2026-04-09T17:43:44Z,Digitizer_run1607_subrun231.csv,33,False,,,1.98,-0.4515
2026-04-09T17:43:44Z,Digitizer_run1607_subrun231.csv,34,False,,,2.18,-0.4279
2026-04-09T17:43:44Z,Digitizer_run1607_subrun231.csv,35,False,,,2.43,-0.4542
2026-04-09T17:43:44Z,Digitizer_run1607_subrun231.csv,36,False,,,1.64,-0.3998
2026-04-09T17:43:44Z,Digitizer_run1607_subrun231.csv,37,False,,,1.6,-0.3815
2026-04-09T17:43:44Z,Digitizer_run1607_subrun231.csv,38,False,,,1.79,-0.4099
2026-04-09T17:43:44Z,Digitizer_run1607_subrun231.csv,39,False,,,2.75,-0.4288
2026-04-09T17:43:44Z,Digitizer_run1607_subrun231.csv,40,True,statistical+IF,nPulses_median,1000000.0,-0.5038
2026-04-09T17:43:44Z,Digitizer_run1607_subrun231.csv,41,False,,,2.44,-0.4483
2026-04-09T17:43:44Z,Digitizer_run1607_subrun231.csv,42,False,,,1.63,-0.3913
2026-04-09T17:43:44Z,Digitizer_run1607_subrun231.csv,43,False,,,1.62,-0.4052
2026-04-09T17:43:44Z,Digitizer_run1607_subrun231.csv,44,False,,,2.96,-0.4907
2026-04-09T17:43:44Z,Digitizer_run1607_subrun231.csv,45,False,,,2.42,-0.4518
2026-04-09T17:43:44Z,Digitizer_run1607_subrun231.csv,46,False,,,4.52,-0.428
2026-04-09T17:43:44Z,Digitizer_run1607_subrun231.csv,47,False,,,3.64,-0.3857
2026-04-09T17:43:44Z,Digitizer_run1607_subrun231.csv,48,False,,,2.1,-0.4154
2026-04-09T17:43:44Z,Digitizer_run1607_subrun231.csv,49,False,,,1.77,-0.4053
2026-04-09T17:43:44Z,Digitizer_run1607_subrun231.csv,50,False,,,2.45,-0.4847
2026-04-09T17:43:44Z,Digitizer_run1607_subrun231.csv,51,False,,,2.37,-0.4484
2026-04-09T17:43:44Z,Digitizer_run1607_subrun231.csv,52,False,,,1.63,-0.4055
2026-04-09T17:43:44Z,Digitizer_run1607_subrun231.csv,53,False,,,1.59,-0.3997
2026-04-09T17:43:44Z,Digitizer_run1607_subrun231.csv,54,False,,,1.97,-0.3846
2026-04-09T17:43:44Z,Digitizer_run1607_subrun231.csv,55,False,,,1.6,-0.4075
2026-04-09T17:43:44Z,Digitizer_run1607_subrun231.csv,56,False,,,2.77,-0.4314
2026-04-09T17:43:44Z,Digitizer_run1607_subrun231.csv,57,False,,,1.93,-0.3949
2026-04-09T17:43:44Z,Digitizer_run1607_subrun231.csv,58,False,,,1.83,-0.4336
2026-04-09T17:43:44Z,Digitizer_run1607_subrun231.csv,59,False,,,2.33,-0.4356
2026-04-09T17:43:44Z,Digitizer_run1607_subrun231.csv,60,False,,,2.14,-0.4512
2026-04-09T17:43:44Z,Digitizer_run1607_subrun231.csv,61,False,,,2.18,-0.4335
2026-04-09T17:43:44Z,Digitizer_run1607_subrun231.csv,62,False,,,2.47,-0.4047
2026-04-09T17:43:44Z,Digitizer_run1607_subrun231.csv,63,False,,,2.03,-0.4252
2026-04-09T17:43:44Z,Digitizer_run1607_subrun231.csv,64,False,,,1.59,-0.3856
2026-04-09T17:43:44Z,Digitizer_run1607_subrun231.csv,65,False,,,1.59,-0.411
2026-04-09T17:43:44Z,Digitizer_run1607_subrun231.csv,66,False,,,2.67,-0.4579
2026-04-09T17:43:44Z,Digitizer_run1607_subrun231.csv,67,False,,,1.92,-0.4231
2026-04-09T17:43:44Z,Digitizer_run1607_subrun231.csv,68,False,,,2.24,-0.4187
2026-04-09T17:43:44Z,Digitizer_run1607_subrun231.csv,69,False,,,2.02,-0.4169
2026-04-09T17:43:44Z,Digitizer_run1607_subrun231.csv,70,False,,,3.2,-0.436
2026-04-09T17:43:44Z,Digitizer_run1607_subrun231.csv,71,False,,,2.42,-0.4344
2026-04-09T17:43:44Z,Digitizer_run1607_subrun231.csv,72,False,,,2.94,-0.4659
2026-04-09T17:43:44Z,Digitizer_run1607_subrun231.csv,73,False,,,1.64,-0.3833
2026-04-09T17:43:44Z,Digitizer_run1607_subrun231.csv,74,False,,,1.88,-0.43
2026-04-09T17:43:44Z,Digitizer_run1607_subrun231.csv,75,False,,,1.8,-0.435
2026-04-09T17:43:44Z,Digitizer_run1607_subrun231.csv,76,False,,,2.21,-0.4105
2026-04-09T17:43:44Z,Digitizer_run1607_subrun231.csv,77,False,,,1.94,-0.4296
2026-04-09T17:43:44Z,Digitizer_run1607_subrun231.csv,78,False,,,2.4,-0.4503
2026-04-09T17:43:44Z,Digitizer_run1607_subrun231.csv,79,False,,,1.64,-0.41
2026-04-09T17:43:44Z,Digitizer_run1607_subrun231.csv,80,False,,,1.97,-0.4372
2026-04-09T17:43:44Z,Digitizer_run1607_subrun231.csv,81,False,,,2.03,-0.4298
2026-04-09T17:43:44Z,Digitizer_run1607_subrun231.csv,82,False,,,1.68,-0.4297
2026-04-09T17:43:44Z,Digitizer_run1607_subrun231.csv,83,False,,,2.37,-0.4016
2026-04-09T17:43:44Z,Digitizer_run1607_subrun231.csv,84,True,statistical+IF,nPulses_median,7.0,-0.496
2026-04-09T17:43:44Z,Digitizer_run1607_subrun231.csv,85,False,,,1.61,-0.4028
2026-04-09T17:43:44Z,Digitizer_run1607_subrun231.csv,86,False,,,2.76,-0.4188
2026-04-09T17:43:44Z,Digitizer_run1607_subrun231.csv,87,False,,,1.86,-0.4022
2026-04-09T17:43:44Z,Digitizer_run1607_subrun231.csv,88,False,,,1.08,-0.403
2026-04-09T17:43:44Z,Digitizer_run1607_subrun231.csv,89,False,,,2.17,-0.4619
2026-04-09T17:43:44Z,Digitizer_run1607_subrun231.csv,90,False,,,1.81,-0.4326
2026-04-09T17:43:44Z,Digitizer_run1607_subrun231.csv,91,False,,,2.05,-0.4525
2026-04-09T17:43:44Z,Digitizer_run1607_subrun231.csv,92,True,isolation_forest,,3.4,-0.5429
2026-04-09T17:43:44Z,Digitizer_run1607_subrun231.csv,93,True,isolation_forest,,3.2,-0.5078
2026-04-09T17:43:44Z,Digitizer_run1607_subrun231.csv,94,False,,,2.28,-0.4561
2026-04-09T17:43:44Z,Digitizer_run1607_subrun231.csv,95,False,,,1.63,-0.4103
2026-04-09T17:43:48Z,Digitizer_run1610_subrun80.csv,0,False,,,1.56,-0.3859
2026-04-09T17:43:48Z,Digitizer_run1610_subrun80.csv,1,False,,,3.59,-0.4885
2026-04-09T17:43:48Z,Digitizer_run1610_subrun80.csv,2,False,,,3.09,-0.4656
2026-04-09T17:43:48Z,Digitizer_run1610_subrun80.csv,3,False,,,3.7,-0.4747
2026-04-09T17:43:48Z,Digitizer_run1610_subrun80.csv,4,False,,,2.2,-0.3984
2026-04-09T17:43:48Z,Digitizer_run1610_subrun80.csv,5,False,,,3.11,-0.4211
2026-04-09T17:43:48Z,Digitizer_run1610_subrun80.csv,6,False,,,1.92,-0.4166
2026-04-09T17:43:48Z,Digitizer_run1610_subrun80.csv,7,False,,,1.43,-0.3817
2026-04-09T17:43:48Z,Digitizer_run1610_subrun80.csv,8,True,isolation_forest,,3.53,-0.5244
2026-04-09T17:43:48Z,Digitizer_run1610_subrun80.csv,9,True,isolation_forest,,4.4,-0.5178
2026-04-09T17:43:48Z,Digitizer_run1610_subrun80.csv,10,False,,,2.07,-0.39
2026-04-09T17:43:48Z,Digitizer_run1610_subrun80.csv,11,False,,,1.89,-0.3897
2026-04-09T17:43:48Z,Digitizer_run1610_subrun80.csv,12,False,,,2.46,-0.431
2026-04-09T17:43:48Z,Digitizer_run1610_subrun80.csv,13,False,,,2.71,-0.4427
2026-04-09T17:43:48Z,Digitizer_run1610_subrun80.csv,14,False,,,1.75,-0.4144
2026-04-09T17:43:48Z,Digitizer_run1610_subrun80.csv,15,False,,,2.04,-0.4171
2026-04-09T17:43:48Z,Digitizer_run1610_subrun80.csv,16,False,,,2.35,-0.4215
2026-04-09T17:43:48Z,Digitizer_run1610_subrun80.csv,17,False,,,2.19,-0.408
2026-04-09T17:43:48Z,Digitizer_run1610_subrun80.csv,18,False,,,2.71,-0.4043
2026-04-09T17:43:48Z,Digitizer_run1610_subrun80.csv,19,False,,,1.73,-0.3872
2026-04-09T17:43:48Z,Digitizer_run1610_subrun80.csv,20,False,,,1.25,-0.3718
2026-04-09T17:43:48Z,Digitizer_run1610_subrun80.csv,21,False,,,1.7,-0.3822
2026-04-09T17:43:48Z,Digitizer_run1610_subrun80.csv,22,False,,,2.18,-0.4783
2026-04-09T17:43:48Z,Digitizer_run1610_subrun80.csv,23,False,,,2.42,-0.423
2026-04-09T17:43:48Z,Digitizer_run1610_subrun80.csv,24,False,,,1.87,-0.3918
2026-04-09T17:43:48Z,Digitizer_run1610_subrun80.csv,25,False,,,2.02,-0.3941
2026-04-09T17:43:48Z,Digitizer_run1610_subrun80.csv,26,False,,,1.93,-0.4141
2026-04-09T17:43:48Z,Digitizer_run1610_subrun80.csv,27,False,,,1.24,-0.379
2026-04-09T17:43:48Z,Digitizer_run1610_subrun80.csv,28,False,,,1.83,-0.4443
2026-04-09T17:43:48Z,Digitizer_run1610_subrun80.csv,29,False,,,3.55,-0.4888
2026-04-09T17:43:48Z,Digitizer_run1610_subrun80.csv,30,False,,,1.93,-0.4014
2026-04-09T17:43:48Z,Digitizer_run1610_subrun80.csv,31,False,,,1.86,-0.4023
2026-04-09T17:43:48Z,Digitizer_run1610_subrun80.csv,32,False,,,2.04,-0.4522
2026-04-09T17:43:48Z,Digitizer_run1610_subrun80.csv,33,False,,,1.83,-0.4246
2026-04-09T17:43:48Z,Digitizer_run1610_subrun80.csv,34,False,,,2.07,-0.4315
2026-04-09T17:43:48Z,Digitizer_run1610_subrun80.csv,35,False,,,1.28,-0.3808
2026-04-09T17:43:48Z,Digitizer_run1610_subrun80.csv,36,False,,,2.69,-0.4726
2026-04-09T17:43:48Z,Digitizer_run1610_subrun80.csv,37,False,,,2.64,-0.4208
2026-04-09T17:43:48Z,Digitizer_run1610_subrun80.csv,38,False,,,1.64,-0.4007
2026-04-09T17:43:48Z,Digitizer_run1610_subrun80.csv,39,False,,,1.58,-0.403
2026-04-09T17:43:48Z,Digitizer_run1610_subrun80.csv,40,False,,,3.85,-0.437
2026-04-09T17:43:48Z,Digitizer_run1610_subrun80.csv,41,False,,,2.08,-0.3961
2026-04-09T17:43:48Z,Digitizer_run1610_subrun80.csv,42,False,,,1.36,-0.3948
2026-04-09T17:43:48Z,Digitizer_run1610_subrun80.csv,43,False,,,1.16,-0.3818
2026-04-09T17:43:48Z,Digitizer_run1610_subrun80.csv,44,False,,,2.01,-0.4118
2026-04-09T17:43:48Z,Digitizer_run1610_subrun80.csv,45,False,,,2.05,-0.4478
2026-04-09T17:43:48Z,Digitizer_run1610_subrun80.csv,46,False,,,2.11,-0.4391
2026-04-09T17:43:48Z,Digitizer_run1610_subrun80.csv,47,False,,,1.47,-0.3846
2026-04-09T17:43:48Z,Digitizer_run1610_subrun80.csv,48,False,,,3.81,-0.4525
2026-04-09T17:43:48Z,Digitizer_run1610_subrun80.csv,49,False,,,1.44,-0.373
2026-04-09T17:43:48Z,Digitizer_run1610_subrun80.csv,50,False,,,1.87,-0.3931
2026-04-09T17:43:48Z,Digitizer_run1610_subrun80.csv,51,False,,,1.74,-0.3831
2026-04-09T17:43:48Z,Digitizer_run1610_subrun80.csv,52,False,,,1.88,-0.4111
2026-04-09T17:43:48Z,Digitizer_run1610_subrun80.csv,53,False,,,1.79,-0.412
2026-04-09T17:43:48Z,Digitizer_run1610_subrun80.csv,54,False,,,3.38,-0.4442
2026-04-09T17:43:48Z,Digitizer_run1610_subrun80.csv,55,False,,,2.73,-0.4649
2026-04-09T17:43:48Z,Digitizer_run1610_subrun80.csv,56,False,,,2.71,-0.4472
2026-04-09T17:43:48Z,Digitizer_run1610_subrun80.csv,57,False,,,1.96,-0.4437
2026-04-09T17:43:48Z,Digitizer_run1610_subrun80.csv,58,False,,,2.2,-0.4323
2026-04-09T17:43:48Z,Digitizer_run1610_subrun80.csv,59,False,,,2.48,-0.4903
2026-04-09T17:43:48Z,Digitizer_run1610_subrun80.csv,60,False,,,1.73,-0.4262
2026-04-09T17:43:48Z,Digitizer_run1610_subrun80.csv,61,False,,,1.97,-0.4227
2026-04-09T17:43:48Z,Digitizer_run1610_subrun80.csv,62,False,,,1.99,-0.4171
2026-04-09T17:43:48Z,Digitizer_run1610_subrun80.csv,63,False,,,3.28,-0.4629
2026-04-09T17:43:48Z,Digitizer_run1610_subrun80.csv,64,False,,,2.78,-0.4856
2026-04-09T17:43:48Z,Digitizer_run1610_subrun80.csv,65,True,statistical+IF,nPulses_median,1000000.0,-0.528
2026-04-09T17:43:48Z,Digitizer_run1610_subrun80.csv,66,False,,,2.03,-0.3979
2026-04-09T17:43:48Z,Digitizer_run1610_subrun80.csv,67,False,,,2.78,-0.4902
2026-04-09T17:43:48Z,Digitizer_run1610_subrun80.csv,68,True,statistical+IF,pulseArea_min_mean,5.84,-0.5589
2026-04-09T17:43:48Z,Digitizer_run1610_subrun80.csv,69,True,isolation_forest,,4.82,-0.5151
2026-04-09T17:43:48Z,Digitizer_run1610_subrun80.csv,70,False,,,2.1,-0.4235
2026-04-09T17:43:48Z,Digitizer_run1610_subrun80.csv,71,False,,,2.0,-0.4307
2026-04-09T17:43:48Z,Digitizer_run1610_subrun80.csv,72,False,,,2.05,-0.4492
2026-04-09T17:43:48Z,Digitizer_run1610_subrun80.csv,73,False,,,1.86,-0.4279
2026-04-09T17:43:48Z,Digitizer_run1610_subrun80.csv,74,False,,,2.25,-0.419
2026-04-09T17:43:48Z,Digitizer_run1610_subrun80.csv,75,False,,,1.38,-0.4101
2026-04-09T17:43:48Z,Digitizer_run1610_subrun80.csv,76,True,isolation_forest,,4.96,-0.5755
2026-04-09T17:43:48Z,Digitizer_run1610_subrun80.csv,77,False,,,2.25,-0.4143
2026-04-09T17:43:48Z,Digitizer_run1610_subrun80.csv,78,True,isolation_forest,,3.02,-0.4974
2026-04-09T17:43:48Z,Digitizer_run1610_subrun80.csv,79,False,,,1.99,-0.4545
2026-04-09T17:43:48Z,Digitizer_run1610_subrun80.csv,80,False,,,2.24,-0.4143
2026-04-09T17:43:48Z,Digitizer_run1610_subrun80.csv,81,False,,,2.43,-0.4472
2026-04-09T17:43:48Z,Digitizer_run1610_subrun80.csv,82,True,isolation_forest,,2.45,-0.5134
2026-04-09T17:43:48Z,Digitizer_run1610_subrun80.csv,83,True,isolation_forest,,4.44,-0.5361
2026-04-09T17:43:48Z,Digitizer_run1610_subrun80.csv,84,False,,,2.33,-0.4519
2026-04-09T17:43:48Z,Digitizer_run1610_subrun80.csv,85,False,,,3.19,-0.487
2026-04-09T17:43:48Z,Digitizer_run1610_subrun80.csv,86,False,,,1.79,-0.4321
2026-04-09T17:43:48Z,Digitizer_run1610_subrun80.csv,87,False,,,1.83,-0.4106
2026-04-09T17:43:48Z,Digitizer_run1610_subrun80.csv,88,True,isolation_forest,,3.48,-0.4987
2026-04-09T17:43:48Z,Digitizer_run1610_subrun80.csv,89,True,isolation_forest,,4.18,-0.5004
2026-04-09T17:43:48Z,Digitizer_run1610_subrun80.csv,90,False,,,2.06,-0.4741
2026-04-09T17:43:48Z,Digitizer_run1610_subrun80.csv,91,False,,,2.21,-0.4658
2026-04-09T17:43:48Z,Digitizer_run1610_subrun80.csv,92,True,isolation_forest,,4.75,-0.5925
2026-04-09T17:43:48Z,Digitizer_run1610_subrun80.csv,93,True,isolation_forest,,4.36,-0.5834
2026-04-09T17:43:48Z,Digitizer_run1610_subrun80.csv,94,True,isolation_forest,,2.97,-0.5676
2026-04-09T17:43:48Z,Digitizer_run1610_subrun80.csv,95,True,statistical+IF,TDC_mean,8.59,-0.5135
2026-04-09T17:43:52Z,Digitizer_run1611_subrun174.csv,0,False,,,1.7,-0.4088
2026-04-09T17:43:52Z,Digitizer_run1611_subrun174.csv,1,False,,,2.04,-0.4145
2026-04-09T17:43:52Z,Digitizer_run1611_subrun174.csv,2,False,,,1.62,-0.4126
2026-04-09T17:43:52Z,Digitizer_run1611_subrun174.csv,3,False,,,1.29,-0.3988
2026-04-09T17:43:52Z,Digitizer_run1611_subrun174.csv,4,False,,,2.27,-0.4145
2026-04-09T17:43:52Z,Digitizer_run1611_subrun174.csv,5,False,,,2.49,-0.4293
2026-04-09T17:43:52Z,Digitizer_run1611_subrun174.csv,6,False,,,2.19,-0.4138
2026-04-09T17:43:52Z,Digitizer_run1611_subrun174.csv,7,False,,,2.1,-0.4282
2026-04-09T17:43:52Z,Digitizer_run1611_subrun174.csv,8,False,,,1.89,-0.436
2026-04-09T17:43:52Z,Digitizer_run1611_subrun174.csv,9,False,,,1.88,-0.3857
2026-04-09T17:43:52Z,Digitizer_run1611_subrun174.csv,10,False,,,1.28,-0.3951
2026-04-09T17:43:52Z,Digitizer_run1611_subrun174.csv,11,False,,,1.32,-0.3809
2026-04-09T17:43:52Z,Digitizer_run1611_subrun174.csv,12,False,,,1.58,-0.3945
2026-04-09T17:43:52Z,Digitizer_run1611_subrun174.csv,13,False,,,2.0,-0.4025
2026-04-09T17:43:52Z,Digitizer_run1611_subrun174.csv,14,False,,,1.5,-0.4095
2026-04-09T17:43:52Z,Digitizer_run1611_subrun174.csv,15,False,,,1.65,-0.4082
2026-04-09T17:43:52Z,Digitizer_run1611_subrun174.csv,16,False,,,1.35,-0.3981
2026-04-09T17:43:52Z,Digitizer_run1611_subrun174.csv,17,False,,,1.95,-0.4243
2026-04-09T17:43:52Z,Digitizer_run1611_subrun174.csv,18,False,,,3.67,-0.4234
2026-04-09T17:43:52Z,Digitizer_run1611_subrun174.csv,19,False,,,1.51,-0.3998
2026-04-09T17:43:52Z,Digitizer_run1611_subrun174.csv,20,False,,,2.58,-0.4713
2026-04-09T17:43:52Z,Digitizer_run1611_subrun174.csv,21,False,,,1.9,-0.4289
2026-04-09T17:43:52Z,Digitizer_run1611_subrun174.csv,22,False,,,1.27,-0.3915
2026-04-09T17:43:52Z,Digitizer_run1611_subrun174.csv,23,False,,,1.27,-0.3764
2026-04-09T17:43:52Z,Digitizer_run1611_subrun174.csv,24,False,,,2.22,-0.4493
2026-04-09T17:43:52Z,Digitizer_run1611_subrun174.csv,25,False,,,2.22,-0.4602
2026-04-09T17:43:52Z,Digitizer_run1611_subrun174.csv,26,False,,,1.28,-0.3834
2026-04-09T17:43:52Z,Digitizer_run1611_subrun174.csv,27,False,,,1.37,-0.385
2026-04-09T17:43:52Z,Digitizer_run1611_subrun174.csv,28,False,,,1.44,-0.4127
2026-04-09T17:43:52Z,Digitizer_run1611_subrun174.csv,29,False,,,2.16,-0.4123
2026-04-09T17:43:52Z,Digitizer_run1611_subrun174.csv,30,False,,,1.47,-0.3998
2026-04-09T17:43:52Z,Digitizer_run1611_subrun174.csv,31,False,,,1.28,-0.3777
2026-04-09T17:43:52Z,Digitizer_run1611_subrun174.csv,32,False,,,1.58,-0.4073
2026-04-09T17:43:52Z,Digitizer_run1611_subrun174.csv,33,False,,,1.28,-0.3924
2026-04-09T17:43:52Z,Digitizer_run1611_subrun174.csv,34,False,,,2.26,-0.4181
2026-04-09T17:43:52Z,Digitizer_run1611_subrun174.csv,35,False,,,2.03,-0.407
2026-04-09T17:43:52Z,Digitizer_run1611_subrun174.csv,36,False,,,1.67,-0.4084
2026-04-09T17:43:52Z,Digitizer_run1611_subrun174.csv,37,False,,,1.35,-0.3955
2026-04-09T17:43:52Z,Digitizer_run1611_subrun174.csv,38,False,,,1.36,-0.3901
2026-04-09T17:43:52Z,Digitizer_run1611_subrun174.csv,39,False,,,2.66,-0.4495
2026-04-09T17:43:52Z,Digitizer_run1611_subrun174.csv,40,False,,,2.14,-0.4347
2026-04-09T17:43:52Z,Digitizer_run1611_subrun174.csv,41,False,,,3.02,-0.4644
2026-04-09T17:43:52Z,Digitizer_run1611_subrun174.csv,42,False,,,2.41,-0.4225
2026-04-09T17:43:52Z,Digitizer_run1611_subrun174.csv,43,False,,,2.51,-0.4134
2026-04-09T17:43:52Z,Digitizer_run1611_subrun174.csv,44,False,,,1.68,-0.4213
2026-04-09T17:43:52Z,Digitizer_run1611_subrun174.csv,45,False,,,1.48,-0.4077
2026-04-09T17:43:52Z,Digitizer_run1611_subrun174.csv,46,False,,,2.0,-0.4338
2026-04-09T17:43:52Z,Digitizer_run1611_subrun174.csv,47,False,,,1.29,-0.3889
2026-04-09T17:43:52Z,Digitizer_run1611_subrun174.csv,48,False,,,1.58,-0.4033
2026-04-09T17:43:52Z,Digitizer_run1611_subrun174.csv,49,False,,,1.94,-0.4584
2026-04-09T17:43:52Z,Digitizer_run1611_subrun174.csv,50,False,,,2.22,-0.404
2026-04-09T17:43:52Z,Digitizer_run1611_subrun174.csv,51,False,,,2.63,-0.4055
2026-04-09T17:43:52Z,Digitizer_run1611_subrun174.csv,52,False,,,2.0,-0.4285
2026-04-09T17:43:52Z,Digitizer_run1611_subrun174.csv,53,False,,,1.7,-0.4007
2026-04-09T17:43:52Z,Digitizer_run1611_subrun174.csv,54,False,,,1.79,-0.4106
2026-04-09T17:43:52Z,Digitizer_run1611_subrun174.csv,55,False,,,1.87,-0.4275
2026-04-09T17:43:52Z,Digitizer_run1611_subrun174.csv,56,False,,,2.38,-0.4445
2026-04-09T17:43:52Z,Digitizer_run1611_subrun174.csv,57,False,,,1.78,-0.4161
2026-04-09T17:43:52Z,Digitizer_run1611_subrun174.csv,58,True,isolation_forest,,3.75,-0.518
2026-04-09T17:43:52Z,Digitizer_run1611_subrun174.csv,59,False,,,2.46,-0.4717
2026-04-09T17:43:52Z,Digitizer_run1611_subrun174.csv,60,False,,,1.27,-0.3901
2026-04-09T17:43:52Z,Digitizer_run1611_subrun174.csv,61,False,,,1.94,-0.4001
2026-04-09T17:43:52Z,Digitizer_run1611_subrun174.csv,62,False,,,2.21,-0.4432
2026-04-09T17:43:52Z,Digitizer_run1611_subrun174.csv,63,False,,,2.09,-0.4652
2026-04-09T17:43:52Z,Digitizer_run1611_subrun174.csv,64,False,,,2.1,-0.3822
2026-04-09T17:43:52Z,Digitizer_run1611_subrun174.csv,65,False,,,2.24,-0.399
2026-04-09T17:43:52Z,Digitizer_run1611_subrun174.csv,66,False,,,2.26,-0.4404
2026-04-09T17:43:52Z,Digitizer_run1611_subrun174.csv,67,False,,,2.28,-0.4832
2026-04-09T17:43:52Z,Digitizer_run1611_subrun174.csv,68,False,,,2.64,-0.4608
2026-04-09T17:43:52Z,Digitizer_run1611_subrun174.csv,69,False,,,2.46,-0.4523
2026-04-09T17:43:52Z,Digitizer_run1611_subrun174.csv,70,False,,,1.28,-0.3845
2026-04-09T17:43:52Z,Digitizer_run1611_subrun174.csv,71,False,,,2.33,-0.4027
2026-04-09T17:43:52Z,Digitizer_run1611_subrun174.csv,72,False,,,2.94,-0.4608
2026-04-09T17:43:52Z,Digitizer_run1611_subrun174.csv,73,False,,,1.63,-0.3888
2026-04-09T17:43:52Z,Digitizer_run1611_subrun174.csv,74,False,,,3.15,-0.4903
2026-04-09T17:43:52Z,Digitizer_run1611_subrun174.csv,75,False,,,2.72,-0.4647
2026-04-09T17:43:52Z,Digitizer_run1611_subrun174.csv,76,True,isolation_forest,,3.68,-0.4929
2026-04-09T17:43:52Z,Digitizer_run1611_subrun174.csv,77,False,,,2.1,-0.4245
2026-04-09T17:43:52Z,Digitizer_run1611_subrun174.csv,78,True,statistical,sideband_rms_mean;sideband_rms_std,6.89,-0.4489
2026-04-09T17:43:52Z,Digitizer_run1611_subrun174.csv,79,True,statistical,sideband_rms_mean;sideband_rms_std,5.34,-0.4725
2026-04-09T17:43:52Z,Digitizer_run1611_subrun174.csv,80,False,,,1.81,-0.4254
2026-04-09T17:43:52Z,Digitizer_run1611_subrun174.csv,81,False,,,1.4,-0.3869
2026-04-09T17:43:52Z,Digitizer_run1611_subrun174.csv,82,False,,,2.65,-0.4316
2026-04-09T17:43:52Z,Digitizer_run1611_subrun174.csv,83,False,,,2.89,-0.4455
2026-04-09T17:43:52Z,Digitizer_run1611_subrun174.csv,84,False,,,1.58,-0.3968
2026-04-09T17:43:52Z,Digitizer_run1611_subrun174.csv,85,False,,,2.43,-0.4279
2026-04-09T17:43:52Z,Digitizer_run1611_subrun174.csv,86,False,,,2.46,-0.47
2026-04-09T17:43:52Z,Digitizer_run1611_subrun174.csv,87,False,,,2.1,-0.4558
2026-04-09T17:43:52Z,Digitizer_run1611_subrun174.csv,88,False,,,3.19,-0.4706
2026-04-09T17:43:52Z,Digitizer_run1611_subrun174.csv,89,False,,,1.77,-0.4469
2026-04-09T17:43:52Z,Digitizer_run1611_subrun174.csv,90,False,,,1.95,-0.457
2026-04-09T17:43:52Z,Digitizer_run1611_subrun174.csv,91,False,,,1.86,-0.4315
2026-04-09T17:43:52Z,Digitizer_run1611_subrun174.csv,92,False,,,3.33,-0.4836
2026-04-09T17:43:52Z,Digitizer_run1611_subrun174.csv,93,False,,,2.41,-0.4759
2026-04-09T17:43:52Z,Digitizer_run1611_subrun174.csv,94,False,,,1.2,-0.4313
2026-04-09T17:43:52Z,Digitizer_run1611_subrun174.csv,95,False,,,2.39,-0.4412
2026-04-09T17:43:57Z,Digitizer_run1610_subrun58.csv,0,False,,,1.25,-0.3775
2026-04-09T17:43:57Z,Digitizer_run1610_subrun58.csv,1,False,,,2.92,-0.4272
2026-04-09T17:43:57Z,Digitizer_run1610_subrun58.csv,2,False,,,1.3,-0.4004
2026-04-09T17:43:57Z,Digitizer_run1610_subrun58.csv,3,False,,,1.38,-0.3855
2026-04-09T17:43:57Z,Digitizer_run1610_subrun58.csv,4,False,,,1.9,-0.4063
2026-04-09T17:43:57Z,Digitizer_run1610_subrun58.csv,5,False,,,1.42,-0.3825
2026-04-09T17:43:57Z,Digitizer_run1610_subrun58.csv,6,False,,,2.07,-0.425
2026-04-09T17:43:57Z,Digitizer_run1610_subrun58.csv,7,False,,,1.81,-0.382
2026-04-09T17:43:57Z,Digitizer_run1610_subrun58.csv,8,False,,,1.97,-0.4059
2026-04-09T17:43:57Z,Digitizer_run1610_subrun58.csv,9,False,,,2.01,-0.4006
2026-04-09T17:43:57Z,Digitizer_run1610_subrun58.csv,10,False,,,3.12,-0.4758
2026-04-09T17:43:57Z,Digitizer_run1610_subrun58.csv,11,False,,,2.42,-0.3963
2026-04-09T17:43:57Z,Digitizer_run1610_subrun58.csv,12,False,,,3.01,-0.4782
2026-04-09T17:43:57Z,Digitizer_run1610_subrun58.csv,13,False,,,3.6,-0.4641
2026-04-09T17:43:57Z,Digitizer_run1610_subrun58.csv,14,False,,,1.82,-0.4152
2026-04-09T17:43:57Z,Digitizer_run1610_subrun58.csv,15,False,,,1.43,-0.4104
2026-04-09T17:43:57Z,Digitizer_run1610_subrun58.csv,16,False,,,1.58,-0.388
2026-04-09T17:43:57Z,Digitizer_run1610_subrun58.csv,17,False,,,1.95,-0.4277
2026-04-09T17:43:57Z,Digitizer_run1610_subrun58.csv,18,False,,,1.67,-0.3704
2026-04-09T17:43:57Z,Digitizer_run1610_subrun58.csv,19,False,,,1.86,-0.3965
2026-04-09T17:43:57Z,Digitizer_run1610_subrun58.csv,20,False,,,2.23,-0.4263
2026-04-09T17:43:57Z,Digitizer_run1610_subrun58.csv,21,False,,,2.31,-0.423
2026-04-09T17:43:57Z,Digitizer_run1610_subrun58.csv,22,False,,,2.48,-0.4347
2026-04-09T17:43:57Z,Digitizer_run1610_subrun58.csv,23,False,,,1.81,-0.4049
2026-04-09T17:43:57Z,Digitizer_run1610_subrun58.csv,24,False,,,2.64,-0.4302
2026-04-09T17:43:57Z,Digitizer_run1610_subrun58.csv,25,False,,,1.64,-0.3987
2026-04-09T17:43:57Z,Digitizer_run1610_subrun58.csv,26,False,,,1.21,-0.378
2026-04-09T17:43:57Z,Digitizer_run1610_subrun58.csv,27,False,,,2.62,-0.4284
2026-04-09T17:43:57Z,Digitizer_run1610_subrun58.csv,28,False,,,1.71,-0.4148
2026-04-09T17:43:57Z,Digitizer_run1610_subrun58.csv,29,False,,,1.62,-0.4238
2026-04-09T17:43:57Z,Digitizer_run1610_subrun58.csv,30,False,,,2.77,-0.451
2026-04-09T17:43:57Z,Digitizer_run1610_subrun58.csv,31,False,,,2.24,-0.4226
2026-04-09T17:43:57Z,Digitizer_run1610_subrun58.csv,32,False,,,2.02,-0.4247
2026-04-09T17:43:57Z,Digitizer_run1610_subrun58.csv,33,False,,,1.87,-0.4273
2026-04-09T17:43:57Z,Digitizer_run1610_subrun58.csv,34,False,,,3.11,-0.4161
2026-04-09T17:43:57Z,Digitizer_run1610_subrun58.csv,35,False,,,1.97,-0.3847
2026-04-09T17:43:57Z,Digitizer_run1610_subrun58.csv,36,False,,,2.64,-0.4042
2026-04-09T17:43:57Z,Digitizer_run1610_subrun58.csv,37,False,,,1.3,-0.3704
2026-04-09T17:43:57Z,Digitizer_run1610_subrun58.csv,38,False,,,2.76,-0.4443
2026-04-09T17:43:57Z,Digitizer_run1610_subrun58.csv,39,False,,,2.76,-0.4313
2026-04-09T17:43:57Z,Digitizer_run1610_subrun58.csv,40,False,,,1.88,-0.4254
2026-04-09T17:43:57Z,Digitizer_run1610_subrun58.csv,41,False,,,1.75,-0.4121
2026-04-09T17:43:57Z,Digitizer_run1610_subrun58.csv,42,False,,,2.42,-0.4204
2026-04-09T17:43:57Z,Digitizer_run1610_subrun58.csv,43,False,,,1.78,-0.4038
2026-04-09T17:43:57Z,Digitizer_run1610_subrun58.csv,44,False,,,3.12,-0.4765
2026-04-09T17:43:57Z,Digitizer_run1610_subrun58.csv,45,False,,,3.45,-0.4539
2026-04-09T17:43:57Z,Digitizer_run1610_subrun58.csv,46,False,,,1.56,-0.4106
2026-04-09T17:43:57Z,Digitizer_run1610_subrun58.csv,47,False,,,1.49,-0.4139
2026-04-09T17:43:57Z,Digitizer_run1610_subrun58.csv,48,False,,,1.83,-0.4076
2026-04-09T17:43:57Z,Digitizer_run1610_subrun58.csv,49,False,,,1.92,-0.412
2026-04-09T17:43:57Z,Digitizer_run1610_subrun58.csv,50,False,,,2.1,-0.3995
2026-04-09T17:43:57Z,Digitizer_run1610_subrun58.csv,51,False,,,2.28,-0.4142
2026-04-09T17:43:57Z,Digitizer_run1610_subrun58.csv,52,False,,,2.16,-0.4361
2026-04-09T17:43:57Z,Digitizer_run1610_subrun58.csv,53,False,,,1.84,-0.3953
2026-04-09T17:43:57Z,Digitizer_run1610_subrun58.csv,54,False,,,3.61,-0.4366
2026-04-09T17:43:57Z,Digitizer_run1610_subrun58.csv,55,False,,,1.61,-0.4443
2026-04-09T17:43:57Z,Digitizer_run1610_subrun58.csv,56,False,,,1.48,-0.3881
2026-04-09T17:43:57Z,Digitizer_run1610_subrun58.csv,57,False,,,2.63,-0.4161
2026-04-09T17:43:57Z,Digitizer_run1610_subrun58.csv,58,False,,,1.2,-0.3778
2026-04-09T17:43:57Z,Digitizer_run1610_subrun58.csv,59,False,,,1.07,-0.3875
2026-04-09T17:43:57Z,Digitizer_run1610_subrun58.csv,60,False,,,1.17,-0.3884
2026-04-09T17:43:57Z,Digitizer_run1610_subrun58.csv,61,False,,,1.61,-0.3805
2026-04-09T17:43:57Z,Digitizer_run1610_subrun58.csv,62,False,,,2.34,-0.4001
2026-04-09T17:43:57Z,Digitizer_run1610_subrun58.csv,63,False,,,2.6,-0.4361
2026-04-09T17:43:57Z,Digitizer_run1610_subrun58.csv,64,False,,,2.33,-0.4092
2026-04-09T17:43:57Z,Digitizer_run1610_subrun58.csv,65,False,,,1.88,-0.3916
2026-04-09T17:43:57Z,Digitizer_run1610_subrun58.csv,66,False,,,2.04,-0.4214
2026-04-09T17:43:57Z,Digitizer_run1610_subrun58.csv,67,False,,,1.78,-0.4019
2026-04-09T17:43:57Z,Digitizer_run1610_subrun58.csv,68,False,,,1.86,-0.4271
2026-04-09T17:43:57Z,Digitizer_run1610_subrun58.csv,69,False,,,2.77,-0.4568
2026-04-09T17:43:57Z,Digitizer_run1610_subrun58.csv,70,True,statistical,nPulses_median,1000000.0,-0.4487
2026-04-09T17:43:57Z,Digitizer_run1610_subrun58.csv,71,False,,,3.81,-0.4459
2026-04-09T17:43:57Z,Digitizer_run1610_subrun58.csv,72,False,,,2.72,-0.4302
2026-04-09T17:43:57Z,Digitizer_run1610_subrun58.csv,73,False,,,3.25,-0.4741
2026-04-09T17:43:57Z,Digitizer_run1610_subrun58.csv,74,False,,,1.62,-0.4184
2026-04-09T17:43:57Z,Digitizer_run1610_subrun58.csv,75,False,,,2.01,-0.4445
2026-04-09T17:43:57Z,Digitizer_run1610_subrun58.csv,76,False,,,2.32,-0.3936
2026-04-09T17:43:57Z,Digitizer_run1610_subrun58.csv,77,False,,,1.69,-0.3931
2026-04-09T17:43:57Z,Digitizer_run1610_subrun58.csv,78,False,,,1.51,-0.383
2026-04-09T17:43:57Z,Digitizer_run1610_subrun58.csv,79,False,,,2.01,-0.4163
2026-04-09T17:43:57Z,Digitizer_run1610_subrun58.csv,80,False,,,1.9,-0.4179
2026-04-09T17:43:57Z,Digitizer_run1610_subrun58.csv,81,False,,,1.73,-0.4183
2026-04-09T17:43:57Z,Digitizer_run1610_subrun58.csv,82,False,,,2.74,-0.4177
2026-04-09T17:43:57Z,Digitizer_run1610_subrun58.csv,83,False,,,1.04,-0.3678
2026-04-09T17:43:57Z,Digitizer_run1610_subrun58.csv,84,False,,,1.12,-0.3732
2026-04-09T17:43:57Z,Digitizer_run1610_subrun58.csv,85,False,,,2.43,-0.3914
2026-04-09T17:43:57Z,Digitizer_run1610_subrun58.csv,86,False,,,1.91,-0.3992
2026-04-09T17:43:57Z,Digitizer_run1610_subrun58.csv,87,False,,,2.15,-0.4194
2026-04-09T17:43:57Z,Digitizer_run1610_subrun58.csv,88,True,isolation_forest,,3.2,-0.5222
2026-04-09T17:43:57Z,Digitizer_run1610_subrun58.csv,89,True,isolation_forest,,2.68,-0.5171
2026-04-09T17:43:57Z,Digitizer_run1610_subrun58.csv,90,False,,,2.37,-0.4475
2026-04-09T17:43:57Z,Digitizer_run1610_subrun58.csv,91,True,isolation_forest,,1.81,-0.5071
2026-04-09T17:43:57Z,Digitizer_run1610_subrun58.csv,92,False,,,1.73,-0.4369
2026-04-09T17:43:57Z,Digitizer_run1610_subrun58.csv,93,False,,,2.09,-0.4304
2026-04-09T17:43:57Z,Digitizer_run1610_subrun58.csv,94,True,isolation_forest,,4.47,-0.5145
2026-04-09T17:43:57Z,Digitizer_run1610_subrun58.csv,95,False,,,1.58,-0.4667
2026-04-09T17:44:05Z,Digitizer_run1607_subrun25.csv,0,False,,,2.21,-0.4411
2026-04-09T17:44:05Z,Digitizer_run1607_subrun25.csv,1,False,,,3.15,-0.4408
2026-04-09T17:44:05Z,Digitizer_run1607_subrun25.csv,2,True,statistical,sideband_rms_mean,5.0,-0.476
2026-04-09T17:44:05Z,Digitizer_run1607_subrun25.csv,3,False,,,3.49,-0.4734
2026-04-09T17:44:05Z,Digitizer_run1607_subrun25.csv,4,False,,,1.81,-0.3791
2026-04-09T17:44:05Z,Digitizer_run1607_subrun25.csv,5,False,,,1.82,-0.3998
2026-04-09T17:44:05Z,Digitizer_run1607_subrun25.csv,6,False,,,1.82,-0.4125
2026-04-09T17:44:05Z,Digitizer_run1607_subrun25.csv,7,False,,,1.82,-0.4024
2026-04-09T17:44:05Z,Digitizer_run1607_subrun25.csv,8,False,,,2.16,-0.4555
2026-04-09T17:44:05Z,Digitizer_run1607_subrun25.csv,9,True,statistical,nPulses_median,14.14,-0.4818
2026-04-09T17:44:05Z,Digitizer_run1607_subrun25.csv,10,False,,,2.08,-0.446
2026-04-09T17:44:05Z,Digitizer_run1607_subrun25.csv,11,False,,,1.89,-0.4387
2026-04-09T17:44:05Z,Digitizer_run1607_subrun25.csv,12,False,,,1.82,-0.3934
2026-04-09T17:44:05Z,Digitizer_run1607_subrun25.csv,13,False,,,2.03,-0.434
2026-04-09T17:44:05Z,Digitizer_run1607_subrun25.csv,14,False,,,1.91,-0.4586
2026-04-09T17:44:05Z,Digitizer_run1607_subrun25.csv,15,False,,,1.83,-0.4509
2026-04-09T17:44:05Z,Digitizer_run1607_subrun25.csv,16,False,,,2.66,-0.4621
2026-04-09T17:44:05Z,Digitizer_run1607_subrun25.csv,17,False,,,1.82,-0.4171
2026-04-09T17:44:05Z,Digitizer_run1607_subrun25.csv,18,False,,,3.16,-0.4312
2026-04-09T17:44:05Z,Digitizer_run1607_subrun25.csv,19,False,,,3.06,-0.4366
2026-04-09T17:44:05Z,Digitizer_run1607_subrun25.csv,20,False,,,2.53,-0.4259
2026-04-09T17:44:05Z,Digitizer_run1607_subrun25.csv,21,False,,,3.17,-0.4538
2026-04-09T17:44:05Z,Digitizer_run1607_subrun25.csv,22,False,,,1.93,-0.4406
2026-04-09T17:44:05Z,Digitizer_run1607_subrun25.csv,23,False,,,2.2,-0.4858
2026-04-09T17:44:05Z,Digitizer_run1607_subrun25.csv,24,False,,,3.92,-0.4733
2026-04-09T17:44:05Z,Digitizer_run1607_subrun25.csv,25,False,,,3.28,-0.4772
2026-04-09T17:44:05Z,Digitizer_run1607_subrun25.csv,26,False,,,1.84,-0.3981
2026-04-09T17:44:05Z,Digitizer_run1607_subrun25.csv,27,False,,,1.84,-0.4134
2026-04-09T17:44:05Z,Digitizer_run1607_subrun25.csv,28,False,,,1.87,-0.4345
2026-04-09T17:44:05Z,Digitizer_run1607_subrun25.csv,29,False,,,2.46,-0.4475
2026-04-09T17:44:05Z,Digitizer_run1607_subrun25.csv,30,False,,,2.41,-0.4357
2026-04-09T17:44:05Z,Digitizer_run1607_subrun25.csv,31,False,,,1.81,-0.4139
2026-04-09T17:44:05Z,Digitizer_run1607_subrun25.csv,32,True,isolation_forest,,2.38,-0.4958
2026-04-09T17:44:05Z,Digitizer_run1607_subrun25.csv,33,False,,,1.81,-0.411
2026-04-09T17:44:05Z,Digitizer_run1607_subrun25.csv,34,False,,,1.83,-0.4222
2026-04-09T17:44:05Z,Digitizer_run1607_subrun25.csv,35,False,,,1.82,-0.415
2026-04-09T17:44:05Z,Digitizer_run1607_subrun25.csv,36,False,,,1.92,-0.4063
2026-04-09T17:44:05Z,Digitizer_run1607_subrun25.csv,37,False,,,1.81,-0.4042
2026-04-09T17:44:05Z,Digitizer_run1607_subrun25.csv,38,False,,,2.02,-0.4097
2026-04-09T17:44:05Z,Digitizer_run1607_subrun25.csv,39,False,,,2.46,-0.4225
2026-04-09T17:44:05Z,Digitizer_run1607_subrun25.csv,40,False,,,1.83,-0.3959
2026-04-09T17:44:05Z,Digitizer_run1607_subrun25.csv,41,False,,,1.83,-0.4245
2026-04-09T17:44:05Z,Digitizer_run1607_subrun25.csv,42,False,,,2.7,-0.4514
2026-04-09T17:44:05Z,Digitizer_run1607_subrun25.csv,43,False,,,1.82,-0.4126
2026-04-09T17:44:05Z,Digitizer_run1607_subrun25.csv,44,False,,,2.82,-0.4525
2026-04-09T17:44:05Z,Digitizer_run1607_subrun25.csv,45,False,,,2.1,-0.4198
2026-04-09T17:44:05Z,Digitizer_run1607_subrun25.csv,46,False,,,3.7,-0.451
2026-04-09T17:44:05Z,Digitizer_run1607_subrun25.csv,47,False,,,2.54,-0.4408
2026-04-09T17:44:05Z,Digitizer_run1607_subrun25.csv,48,False,,,2.19,-0.4157
2026-04-09T17:44:05Z,Digitizer_run1607_subrun25.csv,49,False,,,2.44,-0.4425
2026-04-09T17:44:05Z,Digitizer_run1607_subrun25.csv,50,False,,,2.42,-0.4359
2026-04-09T17:44:05Z,Digitizer_run1607_subrun25.csv,51,False,,,1.87,-0.4234
2026-04-09T17:44:05Z,Digitizer_run1607_subrun25.csv,52,False,,,1.81,-0.4235
2026-04-09T17:44:05Z,Digitizer_run1607_subrun25.csv,53,False,,,1.81,-0.4258
2026-04-09T17:44:05Z,Digitizer_run1607_subrun25.csv,54,False,,,1.82,-0.4265
2026-04-09T17:44:05Z,Digitizer_run1607_subrun25.csv,55,False,,,2.28,-0.4464
2026-04-09T17:44:05Z,Digitizer_run1607_subrun25.csv,56,False,,,2.43,-0.4483
2026-04-09T17:44:05Z,Digitizer_run1607_subrun25.csv,57,False,,,1.84,-0.4248
2026-04-09T17:44:05Z,Digitizer_run1607_subrun25.csv,58,False,,,2.35,-0.4388
2026-04-09T17:44:05Z,Digitizer_run1607_subrun25.csv,59,False,,,1.83,-0.42
2026-04-09T17:44:05Z,Digitizer_run1607_subrun25.csv,60,False,,,2.82,-0.4818
2026-04-09T17:44:05Z,Digitizer_run1607_subrun25.csv,61,False,,,2.29,-0.4287
2026-04-09T17:44:05Z,Digitizer_run1607_subrun25.csv,62,False,,,2.07,-0.413
2026-04-09T17:44:05Z,Digitizer_run1607_subrun25.csv,63,False,,,1.85,-0.4137
2026-04-09T17:44:05Z,Digitizer_run1607_subrun25.csv,64,False,,,1.8,-0.4033
2026-04-09T17:44:05Z,Digitizer_run1607_subrun25.csv,65,False,,,1.95,-0.4284
2026-04-09T17:44:05Z,Digitizer_run1607_subrun25.csv,66,False,,,2.57,-0.4238
2026-04-09T17:44:05Z,Digitizer_run1607_subrun25.csv,67,True,statistical+IF,pulseHeight_max_median,5.12,-0.5422
2026-04-09T17:44:05Z,Digitizer_run1607_subrun25.csv,68,False,,,1.8,-0.4311
2026-04-09T17:44:05Z,Digitizer_run1607_subrun25.csv,69,False,,,2.56,-0.436
2026-04-09T17:44:05Z,Digitizer_run1607_subrun25.csv,70,False,,,2.64,-0.4496
2026-04-09T17:44:05Z,Digitizer_run1607_subrun25.csv,71,False,,,3.56,-0.467
2026-04-09T17:44:05Z,Digitizer_run1607_subrun25.csv,72,False,,,2.04,-0.4329
2026-04-09T17:44:05Z,Digitizer_run1607_subrun25.csv,73,False,,,1.85,-0.4224
2026-04-09T17:44:05Z,Digitizer_run1607_subrun25.csv,74,False,,,1.86,-0.4576
2026-04-09T17:44:05Z,Digitizer_run1607_subrun25.csv,75,False,,,1.92,-0.4376
2026-04-09T17:44:05Z,Digitizer_run1607_subrun25.csv,76,False,,,2.32,-0.442
2026-04-09T17:44:05Z,Digitizer_run1607_subrun25.csv,77,False,,,1.86,-0.4264
2026-04-09T17:44:05Z,Digitizer_run1607_subrun25.csv,78,False,,,2.3,-0.4253
2026-04-09T17:44:05Z,Digitizer_run1607_subrun25.csv,79,False,,,2.1,-0.4276
2026-04-09T17:44:05Z,Digitizer_run1607_subrun25.csv,80,False,,,2.18,-0.4132
2026-04-09T17:44:05Z,Digitizer_run1607_subrun25.csv,81,False,,,2.23,-0.4447
2026-04-09T17:44:05Z,Digitizer_run1607_subrun25.csv,82,True,isolation_forest,,4.54,-0.5386
2026-04-09T17:44:05Z,Digitizer_run1607_subrun25.csv,83,False,,,4.72,-0.4733
2026-04-09T17:44:05Z,Digitizer_run1607_subrun25.csv,84,False,,,1.82,-0.3989
2026-04-09T17:44:05Z,Digitizer_run1607_subrun25.csv,85,False,,,1.82,-0.4008
2026-04-09T17:44:05Z,Digitizer_run1607_subrun25.csv,86,False,,,1.8,-0.3991
2026-04-09T17:44:05Z,Digitizer_run1607_subrun25.csv,87,False,,,1.81,-0.3917
2026-04-09T17:44:05Z,Digitizer_run1607_subrun25.csv,88,False,,,2.66,-0.4792
2026-04-09T17:44:05Z,Digitizer_run1607_subrun25.csv,89,False,,,1.8,-0.4564
2026-04-09T17:44:05Z,Digitizer_run1607_subrun25.csv,90,False,,,2.24,-0.4213
2026-04-09T17:44:05Z,Digitizer_run1607_subrun25.csv,91,False,,,1.46,-0.4308
2026-04-09T17:44:05Z,Digitizer_run1607_subrun25.csv,92,False,,,1.93,-0.4739
2026-04-09T17:44:05Z,Digitizer_run1607_subrun25.csv,93,False,,,2.19,-0.443
2026-04-09T17:44:05Z,Digitizer_run1607_subrun25.csv,94,False,,,1.75,-0.4354
2026-04-09T17:44:05Z,Digitizer_run1607_subrun25.csv,95,False,,,1.35,-0.4144
