timestamp,filename,channel,anomalous,method,triggered_features,max_z,if_score
2026-08-08T09:06:30Z,Digitizer_run2126_subrun1.csv,0,False,,,2.48,-0.389
2026-08-08T09:06:30Z,Digitizer_run2126_subrun1.csv,1,False,,,1.7,-0.402
2026-08-08T09:06:30Z,Digitizer_run2126_subrun1.csv,2,False,,,2.05,-0.4018
2026-08-08T09:06:30Z,Digitizer_run2126_subrun1.csv,3,False,,,4.88,-0.4484
2026-08-08T09:06:30Z,Digitizer_run2126_subrun1.csv,4,False,,,1.58,-0.3931
2026-08-08T09:06:30Z,Digitizer_run2126_subrun1.csv,5,False,,,1.68,-0.3904
2026-08-08T09:06:30Z,Digitizer_run2126_subrun1.csv,6,False,,,1.53,-0.4428
2026-08-08T09:06:30Z,Digitizer_run2126_subrun1.csv,7,False,,,1.49,-0.3983
2026-08-08T09:06:30Z,Digitizer_run2126_subrun1.csv,8,False,,,2.57,-0.4844
2026-08-08T09:06:30Z,Digitizer_run2126_subrun1.csv,9,False,,,4.77,-0.46
2026-08-08T09:06:30Z,Digitizer_run2126_subrun1.csv,10,False,,,2.13,-0.4385
2026-08-08T09:06:30Z,Digitizer_run2126_subrun1.csv,11,False,,,2.32,-0.4245
2026-08-08T09:06:30Z,Digitizer_run2126_subrun1.csv,12,False,,,1.54,-0.4204
2026-08-08T09:06:30Z,Digitizer_run2126_subrun1.csv,13,False,,,1.73,-0.4159
2026-08-08T09:06:30Z,Digitizer_run2126_subrun1.csv,14,False,,,1.4,-0.4007
2026-08-08T09:06:30Z,Digitizer_run2126_subrun1.csv,15,False,,,1.46,-0.4063
2026-08-08T09:06:30Z,Digitizer_run2126_subrun1.csv,16,False,,,1.22,-0.3937
2026-08-08T09:06:30Z,Digitizer_run2126_subrun1.csv,17,False,,,1.45,-0.3856
2026-08-08T09:06:30Z,Digitizer_run2126_subrun1.csv,18,False,,,1.49,-0.4248
2026-08-08T09:06:30Z,Digitizer_run2126_subrun1.csv,19,False,,,1.54,-0.4247
2026-08-08T09:06:30Z,Digitizer_run2126_subrun1.csv,20,False,,,2.54,-0.4229
2026-08-08T09:06:30Z,Digitizer_run2126_subrun1.csv,21,False,,,2.59,-0.4094
2026-08-08T09:06:30Z,Digitizer_run2126_subrun1.csv,22,False,,,3.0,-0.5146
2026-08-08T09:06:30Z,Digitizer_run2126_subrun1.csv,23,False,,,4.03,-0.5428
2026-08-08T09:06:30Z,Digitizer_run2126_subrun1.csv,24,False,,,1.23,-0.3949
2026-08-08T09:06:30Z,Digitizer_run2126_subrun1.csv,25,False,,,1.58,-0.4008
2026-08-08T09:06:30Z,Digitizer_run2126_subrun1.csv,26,False,,,1.41,-0.4284
2026-08-08T09:06:30Z,Digitizer_run2126_subrun1.csv,27,False,,,1.47,-0.3915
2026-08-08T09:06:30Z,Digitizer_run2126_subrun1.csv,28,False,,,1.42,-0.4072
2026-08-08T09:06:30Z,Digitizer_run2126_subrun1.csv,29,False,,,1.31,-0.4226
2026-08-08T09:06:30Z,Digitizer_run2126_subrun1.csv,30,False,,,1.82,-0.4253
2026-08-08T09:06:30Z,Digitizer_run2126_subrun1.csv,31,False,,,2.32,-0.4065
2026-08-08T09:06:30Z,Digitizer_run2126_subrun1.csv,32,False,,,1.26,-0.3959
2026-08-08T09:06:30Z,Digitizer_run2126_subrun1.csv,33,False,,,1.39,-0.3997
2026-08-08T09:06:30Z,Digitizer_run2126_subrun1.csv,34,False,,,1.29,-0.3849
2026-08-08T09:06:30Z,Digitizer_run2126_subrun1.csv,35,False,,,2.51,-0.4195
2026-08-08T09:06:30Z,Digitizer_run2126_subrun1.csv,36,False,,,1.91,-0.4729
2026-08-08T09:06:30Z,Digitizer_run2126_subrun1.csv,37,False,,,2.4,-0.4707
2026-08-08T09:06:30Z,Digitizer_run2126_subrun1.csv,38,False,,,1.7,-0.4411
2026-08-08T09:06:30Z,Digitizer_run2126_subrun1.csv,39,False,,,1.93,-0.4472
2026-08-08T09:06:30Z,Digitizer_run2126_subrun1.csv,40,False,,,1.53,-0.395
2026-08-08T09:06:30Z,Digitizer_run2126_subrun1.csv,41,False,,,2.0,-0.3875
2026-08-08T09:06:30Z,Digitizer_run2126_subrun1.csv,42,False,,,1.66,-0.4046
2026-08-08T09:06:30Z,Digitizer_run2126_subrun1.csv,43,False,,,2.67,-0.4319
2026-08-08T09:06:30Z,Digitizer_run2126_subrun1.csv,44,False,,,2.55,-0.4748
2026-08-08T09:06:30Z,Digitizer_run2126_subrun1.csv,45,False,,,2.37,-0.4413
2026-08-08T09:06:30Z,Digitizer_run2126_subrun1.csv,46,False,,,3.13,-0.4563
2026-08-08T09:06:30Z,Digitizer_run2126_subrun1.csv,47,False,,,1.91,-0.4252
2026-08-08T09:06:30Z,Digitizer_run2126_subrun1.csv,48,False,,,3.18,-0.58
2026-08-08T09:06:30Z,Digitizer_run2126_subrun1.csv,49,False,,,2.44,-0.466
2026-08-08T09:06:30Z,Digitizer_run2126_subrun1.csv,50,False,,,3.42,-0.524
2026-08-08T09:06:30Z,Digitizer_run2126_subrun1.csv,51,False,,,3.49,-0.5273
2026-08-08T09:06:30Z,Digitizer_run2126_subrun1.csv,52,False,,,2.37,-0.4432
2026-08-08T09:06:30Z,Digitizer_run2126_subrun1.csv,53,False,,,1.84,-0.4178
2026-08-08T09:06:30Z,Digitizer_run2126_subrun1.csv,54,False,,,2.36,-0.4901
2026-08-08T09:06:30Z,Digitizer_run2126_subrun1.csv,55,False,,,1.56,-0.4115
2026-08-08T09:06:30Z,Digitizer_run2126_subrun1.csv,56,False,,,2.29,-0.5039
2026-08-08T09:06:30Z,Digitizer_run2126_subrun1.csv,57,False,,,2.1,-0.4686
2026-08-08T09:06:30Z,Digitizer_run2126_subrun1.csv,58,False,,,1.65,-0.4076
2026-08-08T09:06:30Z,Digitizer_run2126_subrun1.csv,59,False,,,1.66,-0.4002
2026-08-08T09:06:30Z,Digitizer_run2126_subrun1.csv,60,False,,,2.3,-0.4342
2026-08-08T09:06:30Z,Digitizer_run2126_subrun1.csv,61,False,,,2.49,-0.4539
2026-08-08T09:06:30Z,Digitizer_run2126_subrun1.csv,62,False,,,2.21,-0.4018
2026-08-08T09:06:30Z,Digitizer_run2126_subrun1.csv,63,False,,,3.08,-0.4022
2026-08-08T09:06:30Z,Digitizer_run2126_subrun1.csv,64,False,,,1.84,-0.4253
2026-08-08T09:06:30Z,Digitizer_run2126_subrun1.csv,65,False,,,1.14,-0.3934
2026-08-08T09:06:30Z,Digitizer_run2126_subrun1.csv,66,False,,,3.02,-0.4858
2026-08-08T09:06:30Z,Digitizer_run2126_subrun1.csv,67,False,,,2.7,-0.4809
2026-08-08T09:06:30Z,Digitizer_run2126_subrun1.csv,68,False,,,1.91,-0.4521
2026-08-08T09:06:30Z,Digitizer_run2126_subrun1.csv,69,False,,,1.88,-0.4148
2026-08-08T09:06:30Z,Digitizer_run2126_subrun1.csv,70,False,,,2.63,-0.4313
2026-08-08T09:06:30Z,Digitizer_run2126_subrun1.csv,71,False,,,3.96,-0.5295
2026-08-08T09:06:30Z,Digitizer_run2126_subrun1.csv,72,False,,,2.56,-0.5148
2026-08-08T09:06:30Z,Digitizer_run2126_subrun1.csv,73,False,,,1.44,-0.4087
2026-08-08T09:06:30Z,Digitizer_run2126_subrun1.csv,74,False,,,2.1,-0.4314
2026-08-08T09:06:30Z,Digitizer_run2126_subrun1.csv,75,False,,,2.12,-0.4365
2026-08-08T09:06:30Z,Digitizer_run2126_subrun1.csv,76,False,,,1.56,-0.3965
2026-08-08T09:06:30Z,Digitizer_run2126_subrun1.csv,77,False,,,1.99,-0.4296
2026-08-08T09:06:30Z,Digitizer_run2126_subrun1.csv,78,False,,,1.09,-0.3888
2026-08-08T09:06:30Z,Digitizer_run2126_subrun1.csv,79,False,,,1.94,-0.4465
2026-08-08T09:06:30Z,Digitizer_run2126_subrun1.csv,80,False,,,1.97,-0.4445
2026-08-08T09:06:30Z,Digitizer_run2126_subrun1.csv,81,False,,,2.51,-0.4511
2026-08-08T09:06:30Z,Digitizer_run2126_subrun1.csv,82,False,,,2.72,-0.4539
2026-08-08T09:06:30Z,Digitizer_run2126_subrun1.csv,83,False,,,1.51,-0.4256
2026-08-08T09:06:30Z,Digitizer_run2126_subrun1.csv,84,False,,,3.21,-0.4211
2026-08-08T09:06:30Z,Digitizer_run2126_subrun1.csv,85,False,,,2.87,-0.4409
2026-08-08T09:06:30Z,Digitizer_run2126_subrun1.csv,86,False,,,2.78,-0.4744
2026-08-08T09:06:30Z,Digitizer_run2126_subrun1.csv,87,False,,,2.27,-0.4004
2026-08-08T09:06:30Z,Digitizer_run2126_subrun1.csv,88,False,,,3.82,-0.5241
2026-08-08T09:06:30Z,Digitizer_run2126_subrun1.csv,89,False,,,2.71,-0.4545
2026-08-08T09:06:30Z,Digitizer_run2126_subrun1.csv,90,False,,,1.5,-0.4003
2026-08-08T09:06:30Z,Digitizer_run2126_subrun1.csv,91,False,,,1.65,-0.4129
2026-08-08T09:06:30Z,Digitizer_run2126_subrun1.csv,92,False,,,1.43,-0.3931
2026-08-08T09:06:30Z,Digitizer_run2126_subrun1.csv,93,False,,,1.59,-0.4193
2026-08-08T09:06:30Z,Digitizer_run2126_subrun1.csv,94,False,,,1.57,-0.407
2026-08-08T09:06:30Z,Digitizer_run2126_subrun1.csv,95,False,,,3.13,-0.4555
2026-08-08T09:06:52Z,Digitizer_run2126_subrun2.csv,0,False,,,1.31,-0.4046
2026-08-08T09:06:52Z,Digitizer_run2126_subrun2.csv,1,False,,,1.33,-0.3984
2026-08-08T09:06:52Z,Digitizer_run2126_subrun2.csv,2,False,,,1.69,-0.3902
2026-08-08T09:06:52Z,Digitizer_run2126_subrun2.csv,3,False,,,3.71,-0.426
2026-08-08T09:06:52Z,Digitizer_run2126_subrun2.csv,4,False,,,2.56,-0.5055
2026-08-08T09:06:52Z,Digitizer_run2126_subrun2.csv,5,False,,,3.11,-0.4803
2026-08-08T09:06:52Z,Digitizer_run2126_subrun2.csv,6,False,,,3.34,-0.4686
2026-08-08T09:06:52Z,Digitizer_run2126_subrun2.csv,7,False,,,2.27,-0.4176
2026-08-08T09:06:52Z,Digitizer_run2126_subrun2.csv,8,False,,,1.34,-0.4054
2026-08-08T09:06:52Z,Digitizer_run2126_subrun2.csv,9,False,,,1.36,-0.4027
2026-08-08T09:06:52Z,Digitizer_run2126_subrun2.csv,10,False,,,3.36,-0.465
2026-08-08T09:06:52Z,Digitizer_run2126_subrun2.csv,11,False,,,2.07,-0.4357
2026-08-08T09:06:52Z,Digitizer_run2126_subrun2.csv,12,False,,,1.49,-0.3854
2026-08-08T09:06:52Z,Digitizer_run2126_subrun2.csv,13,False,,,1.81,-0.3967
2026-08-08T09:06:52Z,Digitizer_run2126_subrun2.csv,14,False,,,2.53,-0.4481
2026-08-08T09:06:52Z,Digitizer_run2126_subrun2.csv,15,False,,,2.55,-0.4451
2026-08-08T09:06:52Z,Digitizer_run2126_subrun2.csv,16,False,,,1.46,-0.4266
2026-08-08T09:06:52Z,Digitizer_run2126_subrun2.csv,17,False,,,1.31,-0.4326
2026-08-08T09:06:52Z,Digitizer_run2126_subrun2.csv,18,False,,,1.23,-0.3818
2026-08-08T09:06:52Z,Digitizer_run2126_subrun2.csv,19,False,,,1.86,-0.4032
2026-08-08T09:06:52Z,Digitizer_run2126_subrun2.csv,20,False,,,1.8,-0.3901
2026-08-08T09:06:52Z,Digitizer_run2126_subrun2.csv,21,False,,,0.91,-0.3792
2026-08-08T09:06:52Z,Digitizer_run2126_subrun2.csv,22,False,,,1.48,-0.3809
2026-08-08T09:06:52Z,Digitizer_run2126_subrun2.csv,23,False,,,0.84,-0.373
2026-08-08T09:06:52Z,Digitizer_run2126_subrun2.csv,24,False,,,3.61,-0.5659
2026-08-08T09:06:52Z,Digitizer_run2126_subrun2.csv,25,False,,,3.83,-0.4465
2026-08-08T09:06:52Z,Digitizer_run2126_subrun2.csv,26,False,,,1.79,-0.4303
2026-08-08T09:06:52Z,Digitizer_run2126_subrun2.csv,27,False,,,1.92,-0.4146
2026-08-08T09:06:52Z,Digitizer_run2126_subrun2.csv,28,False,,,1.89,-0.4423
2026-08-08T09:06:52Z,Digitizer_run2126_subrun2.csv,29,False,,,1.8,-0.4019
2026-08-08T09:06:52Z,Digitizer_run2126_subrun2.csv,30,False,,,1.96,-0.4211
2026-08-08T09:06:52Z,Digitizer_run2126_subrun2.csv,31,False,,,1.7,-0.4052
2026-08-08T09:06:52Z,Digitizer_run2126_subrun2.csv,32,False,,,1.56,-0.4327
2026-08-08T09:06:52Z,Digitizer_run2126_subrun2.csv,33,False,,,1.99,-0.4558
2026-08-08T09:06:52Z,Digitizer_run2126_subrun2.csv,34,False,,,2.25,-0.4483
2026-08-08T09:06:52Z,Digitizer_run2126_subrun2.csv,35,False,,,2.32,-0.4673
2026-08-08T09:06:52Z,Digitizer_run2126_subrun2.csv,36,False,,,1.94,-0.4144
2026-08-08T09:06:52Z,Digitizer_run2126_subrun2.csv,37,False,,,1.58,-0.4069
2026-08-08T09:06:52Z,Digitizer_run2126_subrun2.csv,38,False,,,1.62,-0.4026
2026-08-08T09:06:52Z,Digitizer_run2126_subrun2.csv,39,False,,,2.21,-0.4144
2026-08-08T09:06:52Z,Digitizer_run2126_subrun2.csv,40,False,,,4.53,-0.5123
2026-08-08T09:06:52Z,Digitizer_run2126_subrun2.csv,41,False,,,1.88,-0.4424
2026-08-08T09:06:52Z,Digitizer_run2126_subrun2.csv,42,False,,,3.61,-0.5786
2026-08-08T09:06:52Z,Digitizer_run2126_subrun2.csv,43,False,,,5.13,-0.5761
2026-08-08T09:06:52Z,Digitizer_run2126_subrun2.csv,44,False,,,2.55,-0.5063
2026-08-08T09:06:52Z,Digitizer_run2126_subrun2.csv,45,False,,,1.57,-0.4097
2026-08-08T09:06:52Z,Digitizer_run2126_subrun2.csv,46,False,,,1.81,-0.419
2026-08-08T09:06:52Z,Digitizer_run2126_subrun2.csv,47,False,,,2.12,-0.4285
2026-08-08T09:06:52Z,Digitizer_run2126_subrun2.csv,48,False,,,2.71,-0.5392
2026-08-08T09:06:52Z,Digitizer_run2126_subrun2.csv,49,False,,,4.36,-0.5379
2026-08-08T09:06:52Z,Digitizer_run2126_subrun2.csv,50,False,,,1.03,-0.3913
2026-08-08T09:06:52Z,Digitizer_run2126_subrun2.csv,51,False,,,1.36,-0.4138
2026-08-08T09:06:52Z,Digitizer_run2126_subrun2.csv,52,False,,,1.26,-0.4156
2026-08-08T09:06:52Z,Digitizer_run2126_subrun2.csv,53,False,,,2.15,-0.4399
2026-08-08T09:06:52Z,Digitizer_run2126_subrun2.csv,54,False,,,2.25,-0.4635
2026-08-08T09:06:52Z,Digitizer_run2126_subrun2.csv,55,False,,,2.19,-0.4228
2026-08-08T09:06:52Z,Digitizer_run2126_subrun2.csv,56,False,,,3.75,-0.5588
2026-08-08T09:06:52Z,Digitizer_run2126_subrun2.csv,57,False,,,2.65,-0.496
2026-08-08T09:06:52Z,Digitizer_run2126_subrun2.csv,58,False,,,1.35,-0.3968
2026-08-08T09:06:52Z,Digitizer_run2126_subrun2.csv,59,False,,,1.99,-0.4156
2026-08-08T09:06:52Z,Digitizer_run2126_subrun2.csv,60,False,,,2.56,-0.4539
2026-08-08T09:06:52Z,Digitizer_run2126_subrun2.csv,61,False,,,1.71,-0.3951
2026-08-08T09:06:52Z,Digitizer_run2126_subrun2.csv,62,False,,,4.03,-0.5384
2026-08-08T09:06:52Z,Digitizer_run2126_subrun2.csv,63,False,,,4.08,-0.5668
2026-08-08T09:06:52Z,Digitizer_run2126_subrun2.csv,64,False,,,1.48,-0.4152
2026-08-08T09:06:52Z,Digitizer_run2126_subrun2.csv,65,False,,,1.51,-0.3974
2026-08-08T09:06:52Z,Digitizer_run2126_subrun2.csv,66,False,,,1.6,-0.4154
2026-08-08T09:06:52Z,Digitizer_run2126_subrun2.csv,67,False,,,1.35,-0.3883
2026-08-08T09:06:52Z,Digitizer_run2126_subrun2.csv,68,False,,,1.62,-0.4134
2026-08-08T09:06:52Z,Digitizer_run2126_subrun2.csv,69,False,,,0.97,-0.3789
2026-08-08T09:06:52Z,Digitizer_run2126_subrun2.csv,70,False,,,3.17,-0.4631
2026-08-08T09:06:52Z,Digitizer_run2126_subrun2.csv,71,False,,,3.58,-0.5022
2026-08-08T09:06:52Z,Digitizer_run2126_subrun2.csv,72,False,,,2.94,-0.5286
2026-08-08T09:06:52Z,Digitizer_run2126_subrun2.csv,73,False,,,2.25,-0.4321
2026-08-08T09:06:52Z,Digitizer_run2126_subrun2.csv,74,False,,,2.2,-0.4306
2026-08-08T09:06:52Z,Digitizer_run2126_subrun2.csv,75,False,,,2.13,-0.4799
2026-08-08T09:06:52Z,Digitizer_run2126_subrun2.csv,76,False,,,3.15,-0.4582
2026-08-08T09:06:52Z,Digitizer_run2126_subrun2.csv,77,False,,,2.65,-0.4587
2026-08-08T09:06:52Z,Digitizer_run2126_subrun2.csv,78,False,,,1.95,-0.4443
2026-08-08T09:06:52Z,Digitizer_run2126_subrun2.csv,79,False,,,1.52,-0.4164
2026-08-08T09:06:52Z,Digitizer_run2126_subrun2.csv,80,False,,,1.73,-0.4216
2026-08-08T09:06:52Z,Digitizer_run2126_subrun2.csv,81,False,,,1.81,-0.4077
2026-08-08T09:06:52Z,Digitizer_run2126_subrun2.csv,82,False,,,1.47,-0.3927
2026-08-08T09:06:52Z,Digitizer_run2126_subrun2.csv,83,False,,,1.97,-0.425
2026-08-08T09:06:52Z,Digitizer_run2126_subrun2.csv,84,False,,,1.62,-0.4047
2026-08-08T09:06:52Z,Digitizer_run2126_subrun2.csv,85,False,,,1.57,-0.4095
2026-08-08T09:06:52Z,Digitizer_run2126_subrun2.csv,86,False,,,2.59,-0.4007
2026-08-08T09:06:52Z,Digitizer_run2126_subrun2.csv,87,False,,,2.8,-0.4105
2026-08-08T09:06:52Z,Digitizer_run2126_subrun2.csv,88,False,,,2.5,-0.406
2026-08-08T09:06:52Z,Digitizer_run2126_subrun2.csv,89,False,,,1.84,-0.4482
2026-08-08T09:06:52Z,Digitizer_run2126_subrun2.csv,90,False,,,1.69,-0.3963
2026-08-08T09:06:52Z,Digitizer_run2126_subrun2.csv,91,False,,,1.85,-0.3913
2026-08-08T09:06:52Z,Digitizer_run2126_subrun2.csv,92,False,,,1.41,-0.4044
2026-08-08T09:06:52Z,Digitizer_run2126_subrun2.csv,93,False,,,2.13,-0.4573
2026-08-08T09:06:52Z,Digitizer_run2126_subrun2.csv,94,False,,,1.84,-0.4072
2026-08-08T09:06:52Z,Digitizer_run2126_subrun2.csv,95,False,,,2.24,-0.4502
2026-08-08T09:06:56Z,Digitizer_run2126_subrun3.csv,0,False,,,1.57,-0.411
2026-08-08T09:06:56Z,Digitizer_run2126_subrun3.csv,1,False,,,1.4,-0.389
2026-08-08T09:06:56Z,Digitizer_run2126_subrun3.csv,2,False,,,1.82,-0.4313
2026-08-08T09:06:56Z,Digitizer_run2126_subrun3.csv,3,False,,,3.06,-0.439
2026-08-08T09:06:56Z,Digitizer_run2126_subrun3.csv,4,False,,,1.47,-0.4039
2026-08-08T09:06:56Z,Digitizer_run2126_subrun3.csv,5,False,,,1.72,-0.4115
2026-08-08T09:06:56Z,Digitizer_run2126_subrun3.csv,6,False,,,2.62,-0.473
2026-08-08T09:06:56Z,Digitizer_run2126_subrun3.csv,7,False,,,1.58,-0.4208
2026-08-08T09:06:56Z,Digitizer_run2126_subrun3.csv,8,False,,,1.97,-0.4442
2026-08-08T09:06:56Z,Digitizer_run2126_subrun3.csv,9,False,,,1.46,-0.403
2026-08-08T09:06:56Z,Digitizer_run2126_subrun3.csv,10,False,,,1.59,-0.4289
2026-08-08T09:06:56Z,Digitizer_run2126_subrun3.csv,11,False,,,2.34,-0.4403
2026-08-08T09:06:56Z,Digitizer_run2126_subrun3.csv,12,False,,,2.33,-0.4449
2026-08-08T09:06:56Z,Digitizer_run2126_subrun3.csv,13,False,,,3.96,-0.4921
2026-08-08T09:06:56Z,Digitizer_run2126_subrun3.csv,14,False,,,2.33,-0.4075
2026-08-08T09:06:56Z,Digitizer_run2126_subrun3.csv,15,False,,,1.36,-0.4113
2026-08-08T09:06:56Z,Digitizer_run2126_subrun3.csv,16,False,,,1.79,-0.4275
2026-08-08T09:06:56Z,Digitizer_run2126_subrun3.csv,17,False,,,1.55,-0.4353
2026-08-08T09:06:56Z,Digitizer_run2126_subrun3.csv,18,False,,,1.15,-0.3997
2026-08-08T09:06:56Z,Digitizer_run2126_subrun3.csv,19,False,,,2.09,-0.4228
2026-08-08T09:06:56Z,Digitizer_run2126_subrun3.csv,20,False,,,2.53,-0.4402
2026-08-08T09:06:56Z,Digitizer_run2126_subrun3.csv,21,False,,,2.4,-0.4771
2026-08-08T09:06:56Z,Digitizer_run2126_subrun3.csv,22,False,,,2.67,-0.4781
2026-08-08T09:06:56Z,Digitizer_run2126_subrun3.csv,23,False,,,1.86,-0.426
2026-08-08T09:06:56Z,Digitizer_run2126_subrun3.csv,24,False,,,2.1,-0.4545
2026-08-08T09:06:56Z,Digitizer_run2126_subrun3.csv,25,False,,,3.11,-0.4955
2026-08-08T09:06:56Z,Digitizer_run2126_subrun3.csv,26,False,,,1.58,-0.4258
2026-08-08T09:06:56Z,Digitizer_run2126_subrun3.csv,27,False,,,1.33,-0.4157
2026-08-08T09:06:56Z,Digitizer_run2126_subrun3.csv,28,False,,,5.43,-0.5199
2026-08-08T09:06:56Z,Digitizer_run2126_subrun3.csv,29,False,,,2.14,-0.4374
2026-08-08T09:06:56Z,Digitizer_run2126_subrun3.csv,30,False,,,1.68,-0.4248
2026-08-08T09:06:56Z,Digitizer_run2126_subrun3.csv,31,False,,,2.39,-0.4103
2026-08-08T09:06:56Z,Digitizer_run2126_subrun3.csv,32,False,,,3.22,-0.4751
2026-08-08T09:06:56Z,Digitizer_run2126_subrun3.csv,33,False,,,2.44,-0.4506
2026-08-08T09:06:56Z,Digitizer_run2126_subrun3.csv,34,False,,,1.6,-0.4219
2026-08-08T09:06:56Z,Digitizer_run2126_subrun3.csv,35,False,,,1.39,-0.4052
2026-08-08T09:06:56Z,Digitizer_run2126_subrun3.csv,36,False,,,1.23,-0.3971
2026-08-08T09:06:56Z,Digitizer_run2126_subrun3.csv,37,False,,,2.39,-0.4085
2026-08-08T09:06:56Z,Digitizer_run2126_subrun3.csv,38,False,,,4.02,-0.547
2026-08-08T09:06:56Z,Digitizer_run2126_subrun3.csv,39,False,,,2.39,-0.5528
2026-08-08T09:06:56Z,Digitizer_run2126_subrun3.csv,40,False,,,1.26,-0.3837
2026-08-08T09:06:56Z,Digitizer_run2126_subrun3.csv,41,False,,,1.55,-0.3993
2026-08-08T09:06:56Z,Digitizer_run2126_subrun3.csv,42,False,,,1.63,-0.4294
2026-08-08T09:06:56Z,Digitizer_run2126_subrun3.csv,43,False,,,2.92,-0.4849
2026-08-08T09:06:56Z,Digitizer_run2126_subrun3.csv,44,False,,,1.49,-0.4246
2026-08-08T09:06:56Z,Digitizer_run2126_subrun3.csv,45,False,,,1.61,-0.3941
2026-08-08T09:06:56Z,Digitizer_run2126_subrun3.csv,46,False,,,3.64,-0.5607
2026-08-08T09:06:56Z,Digitizer_run2126_subrun3.csv,47,False,,,4.74,-0.6339
2026-08-08T09:06:56Z,Digitizer_run2126_subrun3.csv,48,False,,,1.21,-0.3907
2026-08-08T09:06:56Z,Digitizer_run2126_subrun3.csv,49,False,,,0.92,-0.3773
2026-08-08T09:06:56Z,Digitizer_run2126_subrun3.csv,50,False,,,3.14,-0.4881
2026-08-08T09:06:56Z,Digitizer_run2126_subrun3.csv,51,False,,,1.51,-0.4219
2026-08-08T09:06:56Z,Digitizer_run2126_subrun3.csv,52,False,,,2.87,-0.4738
2026-08-08T09:06:56Z,Digitizer_run2126_subrun3.csv,53,False,,,1.53,-0.395
2026-08-08T09:06:56Z,Digitizer_run2126_subrun3.csv,54,False,,,1.36,-0.3834
2026-08-08T09:06:56Z,Digitizer_run2126_subrun3.csv,55,False,,,1.78,-0.4125
2026-08-08T09:06:56Z,Digitizer_run2126_subrun3.csv,56,False,,,2.34,-0.4742
2026-08-08T09:06:56Z,Digitizer_run2126_subrun3.csv,57,False,,,1.89,-0.4331
2026-08-08T09:06:56Z,Digitizer_run2126_subrun3.csv,58,False,,,1.52,-0.4047
2026-08-08T09:06:56Z,Digitizer_run2126_subrun3.csv,59,False,,,1.71,-0.4265
2026-08-08T09:06:56Z,Digitizer_run2126_subrun3.csv,60,False,,,3.32,-0.4988
2026-08-08T09:06:56Z,Digitizer_run2126_subrun3.csv,61,False,,,1.09,-0.3837
2026-08-08T09:06:56Z,Digitizer_run2126_subrun3.csv,62,False,,,2.51,-0.4361
2026-08-08T09:06:56Z,Digitizer_run2126_subrun3.csv,63,False,,,2.96,-0.448
2026-08-08T09:06:56Z,Digitizer_run2126_subrun3.csv,64,False,,,1.68,-0.3885
2026-08-08T09:06:56Z,Digitizer_run2126_subrun3.csv,65,False,,,1.8,-0.4055
2026-08-08T09:06:56Z,Digitizer_run2126_subrun3.csv,66,False,,,2.12,-0.4218
2026-08-08T09:06:56Z,Digitizer_run2126_subrun3.csv,67,False,,,1.84,-0.4112
2026-08-08T09:06:56Z,Digitizer_run2126_subrun3.csv,68,False,,,2.07,-0.4513
2026-08-08T09:06:56Z,Digitizer_run2126_subrun3.csv,69,False,,,2.39,-0.4082
2026-08-08T09:06:56Z,Digitizer_run2126_subrun3.csv,70,False,,,2.98,-0.4283
2026-08-08T09:06:56Z,Digitizer_run2126_subrun3.csv,71,False,,,3.58,-0.5089
2026-08-08T09:06:56Z,Digitizer_run2126_subrun3.csv,72,False,,,2.35,-0.5204
2026-08-08T09:06:56Z,Digitizer_run2126_subrun3.csv,73,False,,,1.96,-0.4454
2026-08-08T09:06:56Z,Digitizer_run2126_subrun3.csv,74,False,,,1.78,-0.4151
2026-08-08T09:06:56Z,Digitizer_run2126_subrun3.csv,75,False,,,1.37,-0.4072
2026-08-08T09:06:56Z,Digitizer_run2126_subrun3.csv,76,False,,,1.49,-0.3933
2026-08-08T09:06:56Z,Digitizer_run2126_subrun3.csv,77,False,,,2.02,-0.4323
2026-08-08T09:06:56Z,Digitizer_run2126_subrun3.csv,78,False,,,3.57,-0.4858
2026-08-08T09:06:56Z,Digitizer_run2126_subrun3.csv,79,False,,,1.58,-0.398
2026-08-08T09:06:56Z,Digitizer_run2126_subrun3.csv,80,False,,,3.05,-0.4946
2026-08-08T09:06:56Z,Digitizer_run2126_subrun3.csv,81,False,,,2.1,-0.4338
2026-08-08T09:06:56Z,Digitizer_run2126_subrun3.csv,82,False,,,1.49,-0.4176
2026-08-08T09:06:56Z,Digitizer_run2126_subrun3.csv,83,False,,,2.13,-0.4509
2026-08-08T09:06:56Z,Digitizer_run2126_subrun3.csv,84,False,,,1.57,-0.4223
2026-08-08T09:06:56Z,Digitizer_run2126_subrun3.csv,85,False,,,2.6,-0.4192
2026-08-08T09:06:56Z,Digitizer_run2126_subrun3.csv,86,False,,,1.84,-0.4064
2026-08-08T09:06:56Z,Digitizer_run2126_subrun3.csv,87,False,,,1.74,-0.4197
2026-08-08T09:06:56Z,Digitizer_run2126_subrun3.csv,88,False,,,2.86,-0.4779
2026-08-08T09:06:56Z,Digitizer_run2126_subrun3.csv,89,False,,,1.63,-0.4109
2026-08-08T09:06:56Z,Digitizer_run2126_subrun3.csv,90,False,,,1.27,-0.3907
2026-08-08T09:06:56Z,Digitizer_run2126_subrun3.csv,91,False,,,1.33,-0.4114
2026-08-08T09:06:56Z,Digitizer_run2126_subrun3.csv,92,False,,,1.58,-0.4111
2026-08-08T09:06:56Z,Digitizer_run2126_subrun3.csv,93,False,,,1.36,-0.4172
2026-08-08T09:06:56Z,Digitizer_run2126_subrun3.csv,94,False,,,1.27,-0.3738
2026-08-08T09:06:56Z,Digitizer_run2126_subrun3.csv,95,False,,,1.97,-0.4211
2026-08-08T09:07:02Z,Digitizer_run2126_subrun4.csv,0,False,,,2.61,-0.4781
2026-08-08T09:07:02Z,Digitizer_run2126_subrun4.csv,1,False,,,7.8,-0.5061
2026-08-08T09:07:02Z,Digitizer_run2126_subrun4.csv,2,False,,,3.9,-0.4929
2026-08-08T09:07:02Z,Digitizer_run2126_subrun4.csv,3,False,,,3.39,-0.4613
2026-08-08T09:07:02Z,Digitizer_run2126_subrun4.csv,4,False,,,1.7,-0.3851
2026-08-08T09:07:02Z,Digitizer_run2126_subrun4.csv,5,False,,,1.93,-0.3857
2026-08-08T09:07:02Z,Digitizer_run2126_subrun4.csv,6,False,,,1.41,-0.4264
2026-08-08T09:07:02Z,Digitizer_run2126_subrun4.csv,7,False,,,1.41,-0.4135
2026-08-08T09:07:02Z,Digitizer_run2126_subrun4.csv,8,False,,,1.24,-0.4052
2026-08-08T09:07:02Z,Digitizer_run2126_subrun4.csv,9,False,,,2.49,-0.4384
2026-08-08T09:07:02Z,Digitizer_run2126_subrun4.csv,10,False,,,1.4,-0.3909
2026-08-08T09:07:02Z,Digitizer_run2126_subrun4.csv,11,False,,,1.38,-0.3845
2026-08-08T09:07:02Z,Digitizer_run2126_subrun4.csv,12,False,,,1.51,-0.4023
2026-08-08T09:07:02Z,Digitizer_run2126_subrun4.csv,13,False,,,3.06,-0.4951
2026-08-08T09:07:02Z,Digitizer_run2126_subrun4.csv,14,False,,,1.59,-0.418
2026-08-08T09:07:02Z,Digitizer_run2126_subrun4.csv,15,False,,,1.72,-0.4354
2026-08-08T09:07:02Z,Digitizer_run2126_subrun4.csv,16,False,,,2.06,-0.4472
2026-08-08T09:07:02Z,Digitizer_run2126_subrun4.csv,17,False,,,1.46,-0.41
2026-08-08T09:07:02Z,Digitizer_run2126_subrun4.csv,18,False,,,1.24,-0.3972
2026-08-08T09:07:02Z,Digitizer_run2126_subrun4.csv,19,False,,,2.36,-0.4473
2026-08-08T09:07:02Z,Digitizer_run2126_subrun4.csv,20,False,,,1.39,-0.397
2026-08-08T09:07:02Z,Digitizer_run2126_subrun4.csv,21,False,,,1.39,-0.4012
2026-08-08T09:07:02Z,Digitizer_run2126_subrun4.csv,22,False,,,1.85,-0.4176
2026-08-08T09:07:02Z,Digitizer_run2126_subrun4.csv,23,False,,,0.8,-0.3729
2026-08-08T09:07:02Z,Digitizer_run2126_subrun4.csv,24,False,,,3.28,-0.494
2026-08-08T09:07:02Z,Digitizer_run2126_subrun4.csv,25,False,,,1.4,-0.3953
2026-08-08T09:07:02Z,Digitizer_run2126_subrun4.csv,26,False,,,2.68,-0.5231
2026-08-08T09:07:02Z,Digitizer_run2126_subrun4.csv,27,False,,,1.94,-0.4525
2026-08-08T09:07:02Z,Digitizer_run2126_subrun4.csv,28,False,,,2.03,-0.4145
2026-08-08T09:07:02Z,Digitizer_run2126_subrun4.csv,29,False,,,1.86,-0.3889
2026-08-08T09:07:02Z,Digitizer_run2126_subrun4.csv,30,False,,,2.04,-0.4644
2026-08-08T09:07:02Z,Digitizer_run2126_subrun4.csv,31,False,,,2.24,-0.5041
2026-08-08T09:07:02Z,Digitizer_run2126_subrun4.csv,32,False,,,3.73,-0.4636
2026-08-08T09:07:02Z,Digitizer_run2126_subrun4.csv,33,False,,,4.01,-0.5186
2026-08-08T09:07:02Z,Digitizer_run2126_subrun4.csv,34,False,,,1.4,-0.3923
2026-08-08T09:07:02Z,Digitizer_run2126_subrun4.csv,35,False,,,3.35,-0.4216
2026-08-08T09:07:02Z,Digitizer_run2126_subrun4.csv,36,False,,,1.86,-0.4258
2026-08-08T09:07:02Z,Digitizer_run2126_subrun4.csv,37,False,,,1.3,-0.3981
2026-08-08T09:07:02Z,Digitizer_run2126_subrun4.csv,38,False,,,1.02,-0.3878
2026-08-08T09:07:02Z,Digitizer_run2126_subrun4.csv,39,False,,,1.63,-0.404
2026-08-08T09:07:02Z,Digitizer_run2126_subrun4.csv,40,False,,,2.16,-0.4207
2026-08-08T09:07:02Z,Digitizer_run2126_subrun4.csv,41,False,,,1.48,-0.3785
2026-08-08T09:07:02Z,Digitizer_run2126_subrun4.csv,42,False,,,2.81,-0.4508
2026-08-08T09:07:02Z,Digitizer_run2126_subrun4.csv,43,False,,,2.48,-0.5215
2026-08-08T09:07:02Z,Digitizer_run2126_subrun4.csv,44,False,,,1.33,-0.3846
2026-08-08T09:07:02Z,Digitizer_run2126_subrun4.csv,45,False,,,3.06,-0.4665
2026-08-08T09:07:02Z,Digitizer_run2126_subrun4.csv,46,False,,,1.14,-0.3944
2026-08-08T09:07:02Z,Digitizer_run2126_subrun4.csv,47,False,,,1.79,-0.4215
2026-08-08T09:07:02Z,Digitizer_run2126_subrun4.csv,48,False,,,1.87,-0.4262
2026-08-08T09:07:02Z,Digitizer_run2126_subrun4.csv,49,False,,,1.9,-0.4174
2026-08-08T09:07:02Z,Digitizer_run2126_subrun4.csv,50,False,,,6.79,-0.4955
2026-08-08T09:07:02Z,Digitizer_run2126_subrun4.csv,51,False,,,3.41,-0.4273
2026-08-08T09:07:02Z,Digitizer_run2126_subrun4.csv,52,False,,,1.96,-0.435
2026-08-08T09:07:02Z,Digitizer_run2126_subrun4.csv,53,False,,,2.36,-0.4416
2026-08-08T09:07:02Z,Digitizer_run2126_subrun4.csv,54,False,,,1.67,-0.4351
2026-08-08T09:07:02Z,Digitizer_run2126_subrun4.csv,55,False,,,2.33,-0.4228
2026-08-08T09:07:02Z,Digitizer_run2126_subrun4.csv,56,False,,,1.59,-0.4464
2026-08-08T09:07:02Z,Digitizer_run2126_subrun4.csv,57,False,,,1.27,-0.3823
2026-08-08T09:07:02Z,Digitizer_run2126_subrun4.csv,58,False,,,4.07,-0.5066
2026-08-08T09:07:02Z,Digitizer_run2126_subrun4.csv,59,False,,,3.02,-0.4875
2026-08-08T09:07:02Z,Digitizer_run2126_subrun4.csv,60,False,,,3.44,-0.5198
2026-08-08T09:07:02Z,Digitizer_run2126_subrun4.csv,61,False,,,2.87,-0.4808
2026-08-08T09:07:02Z,Digitizer_run2126_subrun4.csv,62,False,,,2.47,-0.4521
2026-08-08T09:07:02Z,Digitizer_run2126_subrun4.csv,63,False,,,2.34,-0.4235
2026-08-08T09:07:02Z,Digitizer_run2126_subrun4.csv,64,False,,,2.28,-0.394
2026-08-08T09:07:02Z,Digitizer_run2126_subrun4.csv,65,False,,,1.4,-0.3982
2026-08-08T09:07:02Z,Digitizer_run2126_subrun4.csv,66,False,,,2.53,-0.4359
2026-08-08T09:07:02Z,Digitizer_run2126_subrun4.csv,67,False,,,2.68,-0.4528
2026-08-08T09:07:02Z,Digitizer_run2126_subrun4.csv,68,False,,,2.63,-0.4403
2026-08-08T09:07:02Z,Digitizer_run2126_subrun4.csv,69,False,,,1.58,-0.4085
2026-08-08T09:07:02Z,Digitizer_run2126_subrun4.csv,70,False,,,1.58,-0.4239
2026-08-08T09:07:02Z,Digitizer_run2126_subrun4.csv,71,False,,,1.86,-0.4862
2026-08-08T09:07:02Z,Digitizer_run2126_subrun4.csv,72,False,,,2.65,-0.5011
2026-08-08T09:07:02Z,Digitizer_run2126_subrun4.csv,73,False,,,2.86,-0.453
2026-08-08T09:07:02Z,Digitizer_run2126_subrun4.csv,74,False,,,4.56,-0.4081
2026-08-08T09:07:02Z,Digitizer_run2126_subrun4.csv,75,False,,,4.07,-0.4211
2026-08-08T09:07:02Z,Digitizer_run2126_subrun4.csv,76,False,,,1.14,-0.3804
2026-08-08T09:07:02Z,Digitizer_run2126_subrun4.csv,77,False,,,1.19,-0.3892
2026-08-08T09:07:02Z,Digitizer_run2126_subrun4.csv,78,False,,,3.07,-0.4879
2026-08-08T09:07:02Z,Digitizer_run2126_subrun4.csv,79,False,,,1.56,-0.3991
2026-08-08T09:07:02Z,Digitizer_run2126_subrun4.csv,80,False,,,1.79,-0.4165
2026-08-08T09:07:02Z,Digitizer_run2126_subrun4.csv,81,False,,,1.45,-0.3918
2026-08-08T09:07:02Z,Digitizer_run2126_subrun4.csv,82,False,,,2.14,-0.4429
2026-08-08T09:07:02Z,Digitizer_run2126_subrun4.csv,83,False,,,2.25,-0.4223
2026-08-08T09:07:02Z,Digitizer_run2126_subrun4.csv,84,False,,,1.36,-0.3856
2026-08-08T09:07:02Z,Digitizer_run2126_subrun4.csv,85,False,,,1.89,-0.403
2026-08-08T09:07:02Z,Digitizer_run2126_subrun4.csv,86,False,,,2.0,-0.4315
2026-08-08T09:07:02Z,Digitizer_run2126_subrun4.csv,87,False,,,1.91,-0.4249
2026-08-08T09:07:02Z,Digitizer_run2126_subrun4.csv,88,False,,,2.18,-0.4702
2026-08-08T09:07:02Z,Digitizer_run2126_subrun4.csv,89,False,,,1.99,-0.4442
2026-08-08T09:07:02Z,Digitizer_run2126_subrun4.csv,90,False,,,1.33,-0.3863
2026-08-08T09:07:02Z,Digitizer_run2126_subrun4.csv,91,False,,,1.42,-0.4056
2026-08-08T09:07:02Z,Digitizer_run2126_subrun4.csv,92,False,,,1.93,-0.4317
2026-08-08T09:07:02Z,Digitizer_run2126_subrun4.csv,93,False,,,1.6,-0.432
2026-08-08T09:07:02Z,Digitizer_run2126_subrun4.csv,94,False,,,1.02,-0.3777
2026-08-08T09:07:02Z,Digitizer_run2126_subrun4.csv,95,False,,,6.99,-0.4987
2026-08-08T09:07:06Z,Digitizer_run2126_subrun5.csv,0,False,,,3.24,-0.4613
2026-08-08T09:07:06Z,Digitizer_run2126_subrun5.csv,1,False,,,3.68,-0.4742
2026-08-08T09:07:06Z,Digitizer_run2126_subrun5.csv,2,False,,,2.17,-0.4489
2026-08-08T09:07:06Z,Digitizer_run2126_subrun5.csv,3,False,,,2.47,-0.4834
2026-08-08T09:07:06Z,Digitizer_run2126_subrun5.csv,4,False,,,1.63,-0.4127
2026-08-08T09:07:06Z,Digitizer_run2126_subrun5.csv,5,False,,,2.17,-0.4592
2026-08-08T09:07:06Z,Digitizer_run2126_subrun5.csv,6,False,,,1.5,-0.4017
2026-08-08T09:07:06Z,Digitizer_run2126_subrun5.csv,7,False,,,1.77,-0.4058
2026-08-08T09:07:06Z,Digitizer_run2126_subrun5.csv,8,False,,,1.77,-0.4214
2026-08-08T09:07:06Z,Digitizer_run2126_subrun5.csv,9,False,,,2.22,-0.4865
2026-08-08T09:07:06Z,Digitizer_run2126_subrun5.csv,10,False,,,1.97,-0.4359
2026-08-08T09:07:06Z,Digitizer_run2126_subrun5.csv,11,False,,,1.97,-0.4193
2026-08-08T09:07:06Z,Digitizer_run2126_subrun5.csv,12,False,,,2.94,-0.4893
2026-08-08T09:07:06Z,Digitizer_run2126_subrun5.csv,13,False,,,2.65,-0.4498
2026-08-08T09:07:06Z,Digitizer_run2126_subrun5.csv,14,False,,,2.94,-0.4685
2026-08-08T09:07:06Z,Digitizer_run2126_subrun5.csv,15,False,,,1.88,-0.4332
2026-08-08T09:07:06Z,Digitizer_run2126_subrun5.csv,16,False,,,1.4,-0.4442
2026-08-08T09:07:06Z,Digitizer_run2126_subrun5.csv,17,False,,,1.65,-0.4281
2026-08-08T09:07:06Z,Digitizer_run2126_subrun5.csv,18,False,,,2.41,-0.4258
2026-08-08T09:07:06Z,Digitizer_run2126_subrun5.csv,19,False,,,1.73,-0.4235
2026-08-08T09:07:06Z,Digitizer_run2126_subrun5.csv,20,False,,,3.22,-0.5421
2026-08-08T09:07:06Z,Digitizer_run2126_subrun5.csv,21,False,,,3.11,-0.489
2026-08-08T09:07:06Z,Digitizer_run2126_subrun5.csv,22,False,,,2.19,-0.4379
2026-08-08T09:07:06Z,Digitizer_run2126_subrun5.csv,23,False,,,1.98,-0.4662
2026-08-08T09:07:06Z,Digitizer_run2126_subrun5.csv,24,False,,,2.23,-0.4712
2026-08-08T09:07:06Z,Digitizer_run2126_subrun5.csv,25,False,,,2.21,-0.4844
2026-08-08T09:07:06Z,Digitizer_run2126_subrun5.csv,26,False,,,1.12,-0.3911
2026-08-08T09:07:06Z,Digitizer_run2126_subrun5.csv,27,False,,,2.11,-0.4426
2026-08-08T09:07:06Z,Digitizer_run2126_subrun5.csv,28,False,,,2.24,-0.4361
2026-08-08T09:07:06Z,Digitizer_run2126_subrun5.csv,29,False,,,1.73,-0.4478
2026-08-08T09:07:06Z,Digitizer_run2126_subrun5.csv,30,False,,,2.36,-0.4949
2026-08-08T09:07:06Z,Digitizer_run2126_subrun5.csv,31,False,,,2.13,-0.4142
2026-08-08T09:07:06Z,Digitizer_run2126_subrun5.csv,32,False,,,1.33,-0.3895
2026-08-08T09:07:06Z,Digitizer_run2126_subrun5.csv,33,False,,,2.08,-0.424
2026-08-08T09:07:06Z,Digitizer_run2126_subrun5.csv,34,False,,,2.59,-0.4401
2026-08-08T09:07:06Z,Digitizer_run2126_subrun5.csv,35,False,,,2.88,-0.4967
2026-08-08T09:07:06Z,Digitizer_run2126_subrun5.csv,36,False,,,1.03,-0.3898
2026-08-08T09:07:06Z,Digitizer_run2126_subrun5.csv,37,False,,,1.63,-0.3913
2026-08-08T09:07:06Z,Digitizer_run2126_subrun5.csv,38,False,,,2.42,-0.427
2026-08-08T09:07:06Z,Digitizer_run2126_subrun5.csv,39,False,,,1.91,-0.4361
2026-08-08T09:07:06Z,Digitizer_run2126_subrun5.csv,40,False,,,2.67,-0.4768
2026-08-08T09:07:06Z,Digitizer_run2126_subrun5.csv,41,False,,,2.45,-0.4951
2026-08-08T09:07:06Z,Digitizer_run2126_subrun5.csv,42,False,,,1.68,-0.4158
2026-08-08T09:07:06Z,Digitizer_run2126_subrun5.csv,43,False,,,2.28,-0.4717
2026-08-08T09:07:06Z,Digitizer_run2126_subrun5.csv,44,False,,,1.53,-0.4444
2026-08-08T09:07:06Z,Digitizer_run2126_subrun5.csv,45,False,,,1.74,-0.4299
2026-08-08T09:07:06Z,Digitizer_run2126_subrun5.csv,46,False,,,2.66,-0.4182
2026-08-08T09:07:06Z,Digitizer_run2126_subrun5.csv,47,False,,,1.62,-0.4063
2026-08-08T09:07:06Z,Digitizer_run2126_subrun5.csv,48,False,,,2.32,-0.4398
2026-08-08T09:07:06Z,Digitizer_run2126_subrun5.csv,49,False,,,2.35,-0.4959
2026-08-08T09:07:06Z,Digitizer_run2126_subrun5.csv,50,False,,,2.66,-0.4425
2026-08-08T09:07:06Z,Digitizer_run2126_subrun5.csv,51,False,,,1.37,-0.3925
2026-08-08T09:07:06Z,Digitizer_run2126_subrun5.csv,52,False,,,3.43,-0.4723
2026-08-08T09:07:06Z,Digitizer_run2126_subrun5.csv,53,False,,,1.45,-0.4085
2026-08-08T09:07:06Z,Digitizer_run2126_subrun5.csv,54,False,,,2.36,-0.4283
2026-08-08T09:07:06Z,Digitizer_run2126_subrun5.csv,55,False,,,2.06,-0.4234
2026-08-08T09:07:06Z,Digitizer_run2126_subrun5.csv,56,False,,,2.91,-0.5162
2026-08-08T09:07:06Z,Digitizer_run2126_subrun5.csv,57,False,,,3.13,-0.4947
2026-08-08T09:07:06Z,Digitizer_run2126_subrun5.csv,58,False,,,2.58,-0.4477
2026-08-08T09:07:06Z,Digitizer_run2126_subrun5.csv,59,False,,,2.76,-0.4634
2026-08-08T09:07:06Z,Digitizer_run2126_subrun5.csv,60,False,,,2.26,-0.4242
2026-08-08T09:07:06Z,Digitizer_run2126_subrun5.csv,61,False,,,2.72,-0.4265
2026-08-08T09:07:06Z,Digitizer_run2126_subrun5.csv,62,False,,,3.63,-0.507
2026-08-08T09:07:06Z,Digitizer_run2126_subrun5.csv,63,False,,,2.86,-0.4779
2026-08-08T09:07:06Z,Digitizer_run2126_subrun5.csv,64,False,,,2.21,-0.4253
2026-08-08T09:07:06Z,Digitizer_run2126_subrun5.csv,65,False,,,2.37,-0.4429
2026-08-08T09:07:06Z,Digitizer_run2126_subrun5.csv,66,False,,,2.62,-0.4284
2026-08-08T09:07:06Z,Digitizer_run2126_subrun5.csv,67,False,,,1.94,-0.4015
2026-08-08T09:07:06Z,Digitizer_run2126_subrun5.csv,68,False,,,1.33,-0.4109
2026-08-08T09:07:06Z,Digitizer_run2126_subrun5.csv,69,False,,,1.74,-0.4334
2026-08-08T09:07:06Z,Digitizer_run2126_subrun5.csv,70,False,,,1.37,-0.3944
2026-08-08T09:07:06Z,Digitizer_run2126_subrun5.csv,71,False,,,2.07,-0.4809
2026-08-08T09:07:06Z,Digitizer_run2126_subrun5.csv,72,False,,,1.88,-0.4576
2026-08-08T09:07:06Z,Digitizer_run2126_subrun5.csv,73,False,,,1.49,-0.39
2026-08-08T09:07:06Z,Digitizer_run2126_subrun5.csv,74,False,,,1.63,-0.4104
2026-08-08T09:07:06Z,Digitizer_run2126_subrun5.csv,75,False,,,1.98,-0.4721
2026-08-08T09:07:06Z,Digitizer_run2126_subrun5.csv,76,False,,,1.49,-0.4006
2026-08-08T09:07:06Z,Digitizer_run2126_subrun5.csv,77,False,,,1.45,-0.4213
2026-08-08T09:07:06Z,Digitizer_run2126_subrun5.csv,78,False,,,1.42,-0.4021
2026-08-08T09:07:06Z,Digitizer_run2126_subrun5.csv,79,False,,,1.32,-0.3768
2026-08-08T09:07:06Z,Digitizer_run2126_subrun5.csv,80,False,,,0.87,-0.3889
2026-08-08T09:07:06Z,Digitizer_run2126_subrun5.csv,81,False,,,1.92,-0.4117
2026-08-08T09:07:06Z,Digitizer_run2126_subrun5.csv,82,False,,,1.91,-0.4513
2026-08-08T09:07:06Z,Digitizer_run2126_subrun5.csv,83,False,,,2.45,-0.4069
2026-08-08T09:07:06Z,Digitizer_run2126_subrun5.csv,84,False,,,2.37,-0.5058
2026-08-08T09:07:06Z,Digitizer_run2126_subrun5.csv,85,False,,,2.37,-0.4565
2026-08-08T09:07:06Z,Digitizer_run2126_subrun5.csv,86,False,,,1.11,-0.3987
2026-08-08T09:07:06Z,Digitizer_run2126_subrun5.csv,87,False,,,1.65,-0.3951
2026-08-08T09:07:06Z,Digitizer_run2126_subrun5.csv,88,False,,,1.75,-0.4313
2026-08-08T09:07:06Z,Digitizer_run2126_subrun5.csv,89,False,,,1.76,-0.3996
2026-08-08T09:07:06Z,Digitizer_run2126_subrun5.csv,90,False,,,3.05,-0.4605
2026-08-08T09:07:06Z,Digitizer_run2126_subrun5.csv,91,False,,,1.72,-0.4157
2026-08-08T09:07:06Z,Digitizer_run2126_subrun5.csv,92,False,,,2.16,-0.4948
2026-08-08T09:07:06Z,Digitizer_run2126_subrun5.csv,93,False,,,2.63,-0.4758
2026-08-08T09:07:06Z,Digitizer_run2126_subrun5.csv,94,False,,,2.05,-0.4545
2026-08-08T09:07:06Z,Digitizer_run2126_subrun5.csv,95,False,,,1.85,-0.4475
2026-08-08T09:07:10Z,Digitizer_run2126_subrun6.csv,0,False,,,4.48,-0.5068
2026-08-08T09:07:10Z,Digitizer_run2126_subrun6.csv,1,False,,,3.1,-0.4526
2026-08-08T09:07:10Z,Digitizer_run2126_subrun6.csv,2,False,,,2.03,-0.4226
2026-08-08T09:07:10Z,Digitizer_run2126_subrun6.csv,3,False,,,3.61,-0.4102
2026-08-08T09:07:10Z,Digitizer_run2126_subrun6.csv,4,False,,,2.88,-0.4743
2026-08-08T09:07:10Z,Digitizer_run2126_subrun6.csv,5,False,,,2.24,-0.443
2026-08-08T09:07:10Z,Digitizer_run2126_subrun6.csv,6,False,,,2.72,-0.4875
2026-08-08T09:07:10Z,Digitizer_run2126_subrun6.csv,7,False,,,1.91,-0.4025
2026-08-08T09:07:10Z,Digitizer_run2126_subrun6.csv,8,False,,,1.32,-0.41
2026-08-08T09:07:10Z,Digitizer_run2126_subrun6.csv,9,False,,,3.07,-0.4452
2026-08-08T09:07:10Z,Digitizer_run2126_subrun6.csv,10,False,,,2.07,-0.4556
2026-08-08T09:07:10Z,Digitizer_run2126_subrun6.csv,11,False,,,2.52,-0.4444
2026-08-08T09:07:10Z,Digitizer_run2126_subrun6.csv,12,False,,,2.39,-0.4477
2026-08-08T09:07:10Z,Digitizer_run2126_subrun6.csv,13,False,,,1.84,-0.4011
2026-08-08T09:07:10Z,Digitizer_run2126_subrun6.csv,14,False,,,1.78,-0.4037
2026-08-08T09:07:10Z,Digitizer_run2126_subrun6.csv,15,False,,,1.84,-0.4273
2026-08-08T09:07:10Z,Digitizer_run2126_subrun6.csv,16,False,,,1.3,-0.4193
2026-08-08T09:07:10Z,Digitizer_run2126_subrun6.csv,17,False,,,2.77,-0.4627
2026-08-08T09:07:10Z,Digitizer_run2126_subrun6.csv,18,False,,,2.39,-0.4279
2026-08-08T09:07:10Z,Digitizer_run2126_subrun6.csv,19,False,,,1.21,-0.3742
2026-08-08T09:07:10Z,Digitizer_run2126_subrun6.csv,20,False,,,1.86,-0.418
2026-08-08T09:07:10Z,Digitizer_run2126_subrun6.csv,21,False,,,1.79,-0.4189
2026-08-08T09:07:10Z,Digitizer_run2126_subrun6.csv,22,False,,,2.39,-0.4605
2026-08-08T09:07:10Z,Digitizer_run2126_subrun6.csv,23,False,,,1.89,-0.4344
2026-08-08T09:07:10Z,Digitizer_run2126_subrun6.csv,24,False,,,2.03,-0.4702
2026-08-08T09:07:10Z,Digitizer_run2126_subrun6.csv,25,False,,,1.54,-0.4104
2026-08-08T09:07:10Z,Digitizer_run2126_subrun6.csv,26,False,,,2.34,-0.465
2026-08-08T09:07:10Z,Digitizer_run2126_subrun6.csv,27,False,,,1.38,-0.418
2026-08-08T09:07:10Z,Digitizer_run2126_subrun6.csv,28,False,,,2.54,-0.4576
2026-08-08T09:07:10Z,Digitizer_run2126_subrun6.csv,29,False,,,2.24,-0.4605
2026-08-08T09:07:10Z,Digitizer_run2126_subrun6.csv,30,False,,,1.87,-0.4183
2026-08-08T09:07:10Z,Digitizer_run2126_subrun6.csv,31,False,,,1.77,-0.4283
2026-08-08T09:07:10Z,Digitizer_run2126_subrun6.csv,32,False,,,2.36,-0.4555
2026-08-08T09:07:10Z,Digitizer_run2126_subrun6.csv,33,False,,,2.24,-0.4219
2026-08-08T09:07:10Z,Digitizer_run2126_subrun6.csv,34,False,,,1.38,-0.4091
2026-08-08T09:07:10Z,Digitizer_run2126_subrun6.csv,35,False,,,2.16,-0.4205
2026-08-08T09:07:10Z,Digitizer_run2126_subrun6.csv,36,False,,,3.02,-0.4726
2026-08-08T09:07:10Z,Digitizer_run2126_subrun6.csv,37,False,,,2.44,-0.4659
2026-08-08T09:07:10Z,Digitizer_run2126_subrun6.csv,38,False,,,1.35,-0.4084
2026-08-08T09:07:10Z,Digitizer_run2126_subrun6.csv,39,False,,,2.13,-0.4563
2026-08-08T09:07:10Z,Digitizer_run2126_subrun6.csv,40,False,,,2.94,-0.4683
2026-08-08T09:07:10Z,Digitizer_run2126_subrun6.csv,41,False,,,1.54,-0.4061
2026-08-08T09:07:10Z,Digitizer_run2126_subrun6.csv,42,False,,,1.23,-0.4106
2026-08-08T09:07:10Z,Digitizer_run2126_subrun6.csv,43,False,,,1.36,-0.3975
2026-08-08T09:07:10Z,Digitizer_run2126_subrun6.csv,44,False,,,1.51,-0.4014
2026-08-08T09:07:10Z,Digitizer_run2126_subrun6.csv,45,False,,,2.47,-0.4328
2026-08-08T09:07:10Z,Digitizer_run2126_subrun6.csv,46,False,,,2.39,-0.4599
2026-08-08T09:07:10Z,Digitizer_run2126_subrun6.csv,47,False,,,2.58,-0.4871
2026-08-08T09:07:10Z,Digitizer_run2126_subrun6.csv,48,False,,,1.72,-0.4239
2026-08-08T09:07:10Z,Digitizer_run2126_subrun6.csv,49,False,,,3.01,-0.5033
2026-08-08T09:07:10Z,Digitizer_run2126_subrun6.csv,50,False,,,1.86,-0.4403
2026-08-08T09:07:10Z,Digitizer_run2126_subrun6.csv,51,False,,,1.84,-0.4428
2026-08-08T09:07:10Z,Digitizer_run2126_subrun6.csv,52,False,,,2.97,-0.486
2026-08-08T09:07:10Z,Digitizer_run2126_subrun6.csv,53,False,,,3.0,-0.5225
2026-08-08T09:07:10Z,Digitizer_run2126_subrun6.csv,54,False,,,2.52,-0.4528
2026-08-08T09:07:10Z,Digitizer_run2126_subrun6.csv,55,False,,,2.32,-0.4483
2026-08-08T09:07:10Z,Digitizer_run2126_subrun6.csv,56,False,,,2.62,-0.4394
2026-08-08T09:07:10Z,Digitizer_run2126_subrun6.csv,57,False,,,1.75,-0.4102
2026-08-08T09:07:10Z,Digitizer_run2126_subrun6.csv,58,False,,,3.1,-0.4792
2026-08-08T09:07:10Z,Digitizer_run2126_subrun6.csv,59,False,,,3.13,-0.5186
2026-08-08T09:07:10Z,Digitizer_run2126_subrun6.csv,60,False,,,3.15,-0.5301
2026-08-08T09:07:10Z,Digitizer_run2126_subrun6.csv,61,False,,,3.15,-0.5507
2026-08-08T09:07:10Z,Digitizer_run2126_subrun6.csv,62,False,,,2.18,-0.4348
2026-08-08T09:07:10Z,Digitizer_run2126_subrun6.csv,63,False,,,1.82,-0.4151
2026-08-08T09:07:10Z,Digitizer_run2126_subrun6.csv,64,False,,,1.97,-0.4006
2026-08-08T09:07:10Z,Digitizer_run2126_subrun6.csv,65,False,,,2.18,-0.4286
2026-08-08T09:07:10Z,Digitizer_run2126_subrun6.csv,66,False,,,3.47,-0.4903
2026-08-08T09:07:10Z,Digitizer_run2126_subrun6.csv,67,False,,,3.6,-0.5115
2026-08-08T09:07:10Z,Digitizer_run2126_subrun6.csv,68,False,,,3.64,-0.4962
2026-08-08T09:07:10Z,Digitizer_run2126_subrun6.csv,69,False,,,2.99,-0.4316
2026-08-08T09:07:10Z,Digitizer_run2126_subrun6.csv,70,False,,,2.5,-0.3981
2026-08-08T09:07:10Z,Digitizer_run2126_subrun6.csv,71,False,,,3.58,-0.5296
2026-08-08T09:07:10Z,Digitizer_run2126_subrun6.csv,72,False,,,2.92,-0.5784
2026-08-08T09:07:10Z,Digitizer_run2126_subrun6.csv,73,False,,,3.47,-0.4808
2026-08-08T09:07:10Z,Digitizer_run2126_subrun6.csv,74,False,,,1.99,-0.4517
2026-08-08T09:07:10Z,Digitizer_run2126_subrun6.csv,75,False,,,1.7,-0.4074
2026-08-08T09:07:10Z,Digitizer_run2126_subrun6.csv,76,False,,,1.34,-0.396
2026-08-08T09:07:10Z,Digitizer_run2126_subrun6.csv,77,False,,,1.81,-0.3906
2026-08-08T09:07:10Z,Digitizer_run2126_subrun6.csv,78,False,,,2.34,-0.4787
2026-08-08T09:07:10Z,Digitizer_run2126_subrun6.csv,79,False,,,1.57,-0.4281
2026-08-08T09:07:10Z,Digitizer_run2126_subrun6.csv,80,False,,,2.03,-0.434
2026-08-08T09:07:10Z,Digitizer_run2126_subrun6.csv,81,False,,,2.3,-0.4768
2026-08-08T09:07:10Z,Digitizer_run2126_subrun6.csv,82,False,,,2.54,-0.4927
2026-08-08T09:07:10Z,Digitizer_run2126_subrun6.csv,83,False,,,2.91,-0.4452
2026-08-08T09:07:10Z,Digitizer_run2126_subrun6.csv,84,False,,,3.14,-0.4678
2026-08-08T09:07:10Z,Digitizer_run2126_subrun6.csv,85,False,,,1.7,-0.4034
2026-08-08T09:07:10Z,Digitizer_run2126_subrun6.csv,86,False,,,2.11,-0.4164
2026-08-08T09:07:10Z,Digitizer_run2126_subrun6.csv,87,False,,,1.86,-0.4036
2026-08-08T09:07:10Z,Digitizer_run2126_subrun6.csv,88,False,,,3.1,-0.5437
2026-08-08T09:07:10Z,Digitizer_run2126_subrun6.csv,89,False,,,1.61,-0.4191
2026-08-08T09:07:10Z,Digitizer_run2126_subrun6.csv,90,False,,,1.94,-0.4275
2026-08-08T09:07:10Z,Digitizer_run2126_subrun6.csv,91,False,,,1.74,-0.4106
2026-08-08T09:07:10Z,Digitizer_run2126_subrun6.csv,92,False,,,2.92,-0.4138
2026-08-08T09:07:10Z,Digitizer_run2126_subrun6.csv,93,False,,,1.35,-0.4294
2026-08-08T09:07:10Z,Digitizer_run2126_subrun6.csv,94,False,,,2.36,-0.4347
2026-08-08T09:07:10Z,Digitizer_run2126_subrun6.csv,95,False,,,2.94,-0.4554
2026-08-08T09:07:16Z,Digitizer_run2126_subrun7.csv,0,False,,,3.03,-0.4461
2026-08-08T09:07:16Z,Digitizer_run2126_subrun7.csv,1,False,,,2.81,-0.4753
2026-08-08T09:07:16Z,Digitizer_run2126_subrun7.csv,2,False,,,1.22,-0.3996
2026-08-08T09:07:16Z,Digitizer_run2126_subrun7.csv,3,False,,,2.27,-0.4145
2026-08-08T09:07:16Z,Digitizer_run2126_subrun7.csv,4,False,,,2.63,-0.4654
2026-08-08T09:07:16Z,Digitizer_run2126_subrun7.csv,5,False,,,1.93,-0.4278
2026-08-08T09:07:16Z,Digitizer_run2126_subrun7.csv,6,False,,,1.78,-0.4146
2026-08-08T09:07:16Z,Digitizer_run2126_subrun7.csv,7,False,,,1.07,-0.394
2026-08-08T09:07:16Z,Digitizer_run2126_subrun7.csv,8,False,,,1.95,-0.4331
2026-08-08T09:07:16Z,Digitizer_run2126_subrun7.csv,9,False,,,3.27,-0.4739
2026-08-08T09:07:16Z,Digitizer_run2126_subrun7.csv,10,False,,,2.91,-0.4349
2026-08-08T09:07:16Z,Digitizer_run2126_subrun7.csv,11,False,,,2.46,-0.4601
2026-08-08T09:07:16Z,Digitizer_run2126_subrun7.csv,12,False,,,3.07,-0.516
2026-08-08T09:07:16Z,Digitizer_run2126_subrun7.csv,13,False,,,3.29,-0.5033
2026-08-08T09:07:16Z,Digitizer_run2126_subrun7.csv,14,False,,,1.89,-0.4169
2026-08-08T09:07:16Z,Digitizer_run2126_subrun7.csv,15,False,,,2.01,-0.3868
2026-08-08T09:07:16Z,Digitizer_run2126_subrun7.csv,16,False,,,5.09,-0.5511
2026-08-08T09:07:16Z,Digitizer_run2126_subrun7.csv,17,False,,,2.99,-0.5032
2026-08-08T09:07:16Z,Digitizer_run2126_subrun7.csv,18,False,,,1.74,-0.4268
2026-08-08T09:07:16Z,Digitizer_run2126_subrun7.csv,19,False,,,1.56,-0.4241
2026-08-08T09:07:16Z,Digitizer_run2126_subrun7.csv,20,False,,,1.73,-0.423
2026-08-08T09:07:16Z,Digitizer_run2126_subrun7.csv,21,False,,,1.79,-0.4231
2026-08-08T09:07:16Z,Digitizer_run2126_subrun7.csv,22,False,,,2.48,-0.4325
2026-08-08T09:07:16Z,Digitizer_run2126_subrun7.csv,23,False,,,2.35,-0.4696
2026-08-08T09:07:16Z,Digitizer_run2126_subrun7.csv,24,False,,,2.45,-0.4623
2026-08-08T09:07:16Z,Digitizer_run2126_subrun7.csv,25,False,,,3.54,-0.4518
2026-08-08T09:07:16Z,Digitizer_run2126_subrun7.csv,26,False,,,1.17,-0.3869
2026-08-08T09:07:16Z,Digitizer_run2126_subrun7.csv,27,False,,,1.02,-0.3888
2026-08-08T09:07:16Z,Digitizer_run2126_subrun7.csv,28,False,,,2.15,-0.4506
2026-08-08T09:07:16Z,Digitizer_run2126_subrun7.csv,29,False,,,1.91,-0.4271
2026-08-08T09:07:16Z,Digitizer_run2126_subrun7.csv,30,False,,,1.98,-0.4098
2026-08-08T09:07:16Z,Digitizer_run2126_subrun7.csv,31,False,,,2.3,-0.4443
2026-08-08T09:07:16Z,Digitizer_run2126_subrun7.csv,32,False,,,1.75,-0.4385
2026-08-08T09:07:16Z,Digitizer_run2126_subrun7.csv,33,False,,,1.85,-0.4162
2026-08-08T09:07:16Z,Digitizer_run2126_subrun7.csv,34,False,,,2.8,-0.4756
2026-08-08T09:07:16Z,Digitizer_run2126_subrun7.csv,35,False,,,3.32,-0.5677
2026-08-08T09:07:16Z,Digitizer_run2126_subrun7.csv,36,False,,,6.07,-0.5902
2026-08-08T09:07:16Z,Digitizer_run2126_subrun7.csv,37,False,,,2.78,-0.4822
2026-08-08T09:07:16Z,Digitizer_run2126_subrun7.csv,38,False,,,1.46,-0.3882
2026-08-08T09:07:16Z,Digitizer_run2126_subrun7.csv,39,False,,,1.15,-0.3783
2026-08-08T09:07:16Z,Digitizer_run2126_subrun7.csv,40,False,,,1.72,-0.4279
2026-08-08T09:07:16Z,Digitizer_run2126_subrun7.csv,41,False,,,2.55,-0.4488
2026-08-08T09:07:16Z,Digitizer_run2126_subrun7.csv,42,False,,,1.97,-0.4367
2026-08-08T09:07:16Z,Digitizer_run2126_subrun7.csv,43,False,,,1.48,-0.4047
2026-08-08T09:07:16Z,Digitizer_run2126_subrun7.csv,44,False,,,4.3,-0.4868
2026-08-08T09:07:16Z,Digitizer_run2126_subrun7.csv,45,False,,,2.79,-0.4493
2026-08-08T09:07:16Z,Digitizer_run2126_subrun7.csv,46,False,,,1.8,-0.4225
2026-08-08T09:07:16Z,Digitizer_run2126_subrun7.csv,47,False,,,3.74,-0.5207
2026-08-08T09:07:16Z,Digitizer_run2126_subrun7.csv,48,False,,,1.77,-0.4266
2026-08-08T09:07:16Z,Digitizer_run2126_subrun7.csv,49,False,,,2.59,-0.4838
2026-08-08T09:07:16Z,Digitizer_run2126_subrun7.csv,50,False,,,1.34,-0.3986
2026-08-08T09:07:16Z,Digitizer_run2126_subrun7.csv,51,False,,,1.29,-0.4012
2026-08-08T09:07:16Z,Digitizer_run2126_subrun7.csv,52,False,,,1.54,-0.4045
2026-08-08T09:07:16Z,Digitizer_run2126_subrun7.csv,53,False,,,3.23,-0.4531
2026-08-08T09:07:16Z,Digitizer_run2126_subrun7.csv,54,False,,,2.2,-0.4453
2026-08-08T09:07:16Z,Digitizer_run2126_subrun7.csv,55,False,,,3.01,-0.4429
2026-08-08T09:07:16Z,Digitizer_run2126_subrun7.csv,56,False,,,2.54,-0.5154
2026-08-08T09:07:16Z,Digitizer_run2126_subrun7.csv,57,False,,,4.94,-0.5897
2026-08-08T09:07:16Z,Digitizer_run2126_subrun7.csv,58,False,,,3.36,-0.5321
2026-08-08T09:07:16Z,Digitizer_run2126_subrun7.csv,59,False,,,3.81,-0.5993
2026-08-08T09:07:16Z,Digitizer_run2126_subrun7.csv,60,False,,,2.87,-0.4895
2026-08-08T09:07:16Z,Digitizer_run2126_subrun7.csv,61,False,,,2.61,-0.4713
2026-08-08T09:07:16Z,Digitizer_run2126_subrun7.csv,62,False,,,2.98,-0.4304
2026-08-08T09:07:16Z,Digitizer_run2126_subrun7.csv,63,False,,,2.68,-0.433
2026-08-08T09:07:16Z,Digitizer_run2126_subrun7.csv,64,False,,,3.27,-0.5182
2026-08-08T09:07:16Z,Digitizer_run2126_subrun7.csv,65,False,,,2.61,-0.4988
2026-08-08T09:07:16Z,Digitizer_run2126_subrun7.csv,66,False,,,1.53,-0.414
2026-08-08T09:07:16Z,Digitizer_run2126_subrun7.csv,67,False,,,3.01,-0.4987
2026-08-08T09:07:16Z,Digitizer_run2126_subrun7.csv,68,False,,,1.7,-0.4297
2026-08-08T09:07:16Z,Digitizer_run2126_subrun7.csv,69,False,,,1.78,-0.4006
2026-08-08T09:07:16Z,Digitizer_run2126_subrun7.csv,70,False,,,2.78,-0.4105
2026-08-08T09:07:16Z,Digitizer_run2126_subrun7.csv,71,False,,,3.58,-0.5215
2026-08-08T09:07:16Z,Digitizer_run2126_subrun7.csv,72,False,,,2.34,-0.4922
2026-08-08T09:07:16Z,Digitizer_run2126_subrun7.csv,73,False,,,2.23,-0.4486
2026-08-08T09:07:16Z,Digitizer_run2126_subrun7.csv,74,False,,,1.48,-0.4077
2026-08-08T09:07:16Z,Digitizer_run2126_subrun7.csv,75,False,,,1.76,-0.4123
2026-08-08T09:07:16Z,Digitizer_run2126_subrun7.csv,76,False,,,1.52,-0.397
2026-08-08T09:07:16Z,Digitizer_run2126_subrun7.csv,77,False,,,2.14,-0.4178
2026-08-08T09:07:16Z,Digitizer_run2126_subrun7.csv,78,False,,,3.07,-0.4742
2026-08-08T09:07:16Z,Digitizer_run2126_subrun7.csv,79,False,,,1.43,-0.3939
2026-08-08T09:07:16Z,Digitizer_run2126_subrun7.csv,80,False,,,1.94,-0.4512
2026-08-08T09:07:16Z,Digitizer_run2126_subrun7.csv,81,False,,,3.51,-0.5603
2026-08-08T09:07:16Z,Digitizer_run2126_subrun7.csv,82,False,,,2.21,-0.412
2026-08-08T09:07:16Z,Digitizer_run2126_subrun7.csv,83,False,,,3.01,-0.4502
2026-08-08T09:07:16Z,Digitizer_run2126_subrun7.csv,84,False,,,2.73,-0.4888
2026-08-08T09:07:16Z,Digitizer_run2126_subrun7.csv,85,False,,,3.38,-0.5073
2026-08-08T09:07:16Z,Digitizer_run2126_subrun7.csv,86,False,,,1.8,-0.4055
2026-08-08T09:07:16Z,Digitizer_run2126_subrun7.csv,87,False,,,2.44,-0.381
2026-08-08T09:07:16Z,Digitizer_run2126_subrun7.csv,88,False,,,2.9,-0.5376
2026-08-08T09:07:16Z,Digitizer_run2126_subrun7.csv,89,False,,,3.06,-0.5035
2026-08-08T09:07:16Z,Digitizer_run2126_subrun7.csv,90,False,,,1.01,-0.3864
2026-08-08T09:07:16Z,Digitizer_run2126_subrun7.csv,91,False,,,1.39,-0.3838
2026-08-08T09:07:16Z,Digitizer_run2126_subrun7.csv,92,False,,,2.26,-0.4439
2026-08-08T09:07:16Z,Digitizer_run2126_subrun7.csv,93,False,,,2.13,-0.4373
2026-08-08T09:07:16Z,Digitizer_run2126_subrun7.csv,94,False,,,1.33,-0.4048
2026-08-08T09:07:16Z,Digitizer_run2126_subrun7.csv,95,False,,,2.95,-0.4478
2026-08-08T09:07:22Z,Digitizer_run2126_subrun8.csv,0,False,,,2.25,-0.417
2026-08-08T09:07:22Z,Digitizer_run2126_subrun8.csv,1,False,,,1.03,-0.3842
2026-08-08T09:07:22Z,Digitizer_run2126_subrun8.csv,2,False,,,1.71,-0.4274
2026-08-08T09:07:22Z,Digitizer_run2126_subrun8.csv,3,False,,,3.56,-0.4126
2026-08-08T09:07:22Z,Digitizer_run2126_subrun8.csv,4,False,,,0.99,-0.3774
2026-08-08T09:07:22Z,Digitizer_run2126_subrun8.csv,5,False,,,2.83,-0.455
2026-08-08T09:07:22Z,Digitizer_run2126_subrun8.csv,6,False,,,1.29,-0.385
2026-08-08T09:07:22Z,Digitizer_run2126_subrun8.csv,7,False,,,1.19,-0.4081
2026-08-08T09:07:22Z,Digitizer_run2126_subrun8.csv,8,False,,,2.35,-0.4601
2026-08-08T09:07:22Z,Digitizer_run2126_subrun8.csv,9,False,,,3.24,-0.463
2026-08-08T09:07:22Z,Digitizer_run2126_subrun8.csv,10,False,,,2.23,-0.4532
2026-08-08T09:07:22Z,Digitizer_run2126_subrun8.csv,11,False,,,4.8,-0.4716
2026-08-08T09:07:22Z,Digitizer_run2126_subrun8.csv,12,False,,,2.81,-0.413
2026-08-08T09:07:22Z,Digitizer_run2126_subrun8.csv,13,False,,,1.8,-0.4145
2026-08-08T09:07:22Z,Digitizer_run2126_subrun8.csv,14,False,,,2.15,-0.4681
2026-08-08T09:07:22Z,Digitizer_run2126_subrun8.csv,15,False,,,1.31,-0.4173
2026-08-08T09:07:22Z,Digitizer_run2126_subrun8.csv,16,False,,,2.16,-0.4228
2026-08-08T09:07:22Z,Digitizer_run2126_subrun8.csv,17,False,,,1.09,-0.4036
2026-08-08T09:07:22Z,Digitizer_run2126_subrun8.csv,18,False,,,1.53,-0.4225
2026-08-08T09:07:22Z,Digitizer_run2126_subrun8.csv,19,False,,,1.89,-0.424
2026-08-08T09:07:22Z,Digitizer_run2126_subrun8.csv,20,False,,,3.41,-0.5375
2026-08-08T09:07:22Z,Digitizer_run2126_subrun8.csv,21,False,,,3.11,-0.4684
2026-08-08T09:07:22Z,Digitizer_run2126_subrun8.csv,22,False,,,1.21,-0.4163
2026-08-08T09:07:22Z,Digitizer_run2126_subrun8.csv,23,False,,,1.82,-0.4359
2026-08-08T09:07:22Z,Digitizer_run2126_subrun8.csv,24,False,,,1.69,-0.391
2026-08-08T09:07:22Z,Digitizer_run2126_subrun8.csv,25,False,,,2.91,-0.4262
2026-08-08T09:07:22Z,Digitizer_run2126_subrun8.csv,26,False,,,2.22,-0.4399
2026-08-08T09:07:22Z,Digitizer_run2126_subrun8.csv,27,False,,,3.2,-0.4685
2026-08-08T09:07:22Z,Digitizer_run2126_subrun8.csv,28,False,,,2.15,-0.439
2026-08-08T09:07:22Z,Digitizer_run2126_subrun8.csv,29,False,,,1.22,-0.4052
2026-08-08T09:07:22Z,Digitizer_run2126_subrun8.csv,30,False,,,1.73,-0.4021
2026-08-08T09:07:22Z,Digitizer_run2126_subrun8.csv,31,False,,,3.69,-0.4183
2026-08-08T09:07:22Z,Digitizer_run2126_subrun8.csv,32,False,,,2.12,-0.4483
2026-08-08T09:07:22Z,Digitizer_run2126_subrun8.csv,33,False,,,2.17,-0.4513
2026-08-08T09:07:22Z,Digitizer_run2126_subrun8.csv,34,False,,,2.04,-0.4302
2026-08-08T09:07:22Z,Digitizer_run2126_subrun8.csv,35,False,,,2.8,-0.497
2026-08-08T09:07:22Z,Digitizer_run2126_subrun8.csv,36,False,,,1.33,-0.4012
2026-08-08T09:07:22Z,Digitizer_run2126_subrun8.csv,37,False,,,1.56,-0.4334
2026-08-08T09:07:22Z,Digitizer_run2126_subrun8.csv,38,False,,,1.29,-0.4269
2026-08-08T09:07:22Z,Digitizer_run2126_subrun8.csv,39,False,,,1.78,-0.3966
2026-08-08T09:07:22Z,Digitizer_run2126_subrun8.csv,40,False,,,2.11,-0.4622
2026-08-08T09:07:22Z,Digitizer_run2126_subrun8.csv,41,False,,,2.25,-0.4891
2026-08-08T09:07:22Z,Digitizer_run2126_subrun8.csv,42,False,,,4.95,-0.453
2026-08-08T09:07:22Z,Digitizer_run2126_subrun8.csv,43,False,,,1.74,-0.4269
2026-08-08T09:07:22Z,Digitizer_run2126_subrun8.csv,44,False,,,2.61,-0.4733
2026-08-08T09:07:22Z,Digitizer_run2126_subrun8.csv,45,False,,,1.94,-0.4497
2026-08-08T09:07:22Z,Digitizer_run2126_subrun8.csv,46,False,,,1.17,-0.3946
2026-08-08T09:07:22Z,Digitizer_run2126_subrun8.csv,47,False,,,2.33,-0.4458
2026-08-08T09:07:22Z,Digitizer_run2126_subrun8.csv,48,False,,,1.71,-0.4379
2026-08-08T09:07:22Z,Digitizer_run2126_subrun8.csv,49,False,,,2.05,-0.4583
2026-08-08T09:07:22Z,Digitizer_run2126_subrun8.csv,50,False,,,1.5,-0.3936
2026-08-08T09:07:22Z,Digitizer_run2126_subrun8.csv,51,False,,,2.91,-0.4578
2026-08-08T09:07:22Z,Digitizer_run2126_subrun8.csv,52,False,,,4.0,-0.5385
2026-08-08T09:07:22Z,Digitizer_run2126_subrun8.csv,53,False,,,1.73,-0.4435
2026-08-08T09:07:22Z,Digitizer_run2126_subrun8.csv,54,False,,,4.35,-0.4637
2026-08-08T09:07:22Z,Digitizer_run2126_subrun8.csv,55,False,,,1.91,-0.4186
2026-08-08T09:07:22Z,Digitizer_run2126_subrun8.csv,56,False,,,3.12,-0.4849
2026-08-08T09:07:22Z,Digitizer_run2126_subrun8.csv,57,False,,,1.88,-0.3986
2026-08-08T09:07:22Z,Digitizer_run2126_subrun8.csv,58,False,,,1.61,-0.4247
2026-08-08T09:07:22Z,Digitizer_run2126_subrun8.csv,59,False,,,1.88,-0.4276
2026-08-08T09:07:22Z,Digitizer_run2126_subrun8.csv,60,False,,,2.81,-0.4695
2026-08-08T09:07:22Z,Digitizer_run2126_subrun8.csv,61,False,,,1.34,-0.3943
2026-08-08T09:07:22Z,Digitizer_run2126_subrun8.csv,62,False,,,3.33,-0.5368
2026-08-08T09:07:22Z,Digitizer_run2126_subrun8.csv,63,False,,,1.91,-0.4269
2026-08-08T09:07:22Z,Digitizer_run2126_subrun8.csv,64,False,,,2.63,-0.5312
2026-08-08T09:07:22Z,Digitizer_run2126_subrun8.csv,65,False,,,2.66,-0.5286
2026-08-08T09:07:22Z,Digitizer_run2126_subrun8.csv,66,False,,,2.41,-0.4542
2026-08-08T09:07:22Z,Digitizer_run2126_subrun8.csv,67,False,,,2.43,-0.5225
2026-08-08T09:07:22Z,Digitizer_run2126_subrun8.csv,68,False,,,1.29,-0.4028
2026-08-08T09:07:22Z,Digitizer_run2126_subrun8.csv,69,False,,,3.53,-0.4436
2026-08-08T09:07:22Z,Digitizer_run2126_subrun8.csv,70,False,,,1.31,-0.3988
2026-08-08T09:07:22Z,Digitizer_run2126_subrun8.csv,71,False,,,3.58,-0.521
2026-08-08T09:07:22Z,Digitizer_run2126_subrun8.csv,72,False,,,2.57,-0.5115
2026-08-08T09:07:22Z,Digitizer_run2126_subrun8.csv,73,False,,,2.3,-0.4513
2026-08-08T09:07:22Z,Digitizer_run2126_subrun8.csv,74,False,,,2.57,-0.3994
2026-08-08T09:07:22Z,Digitizer_run2126_subrun8.csv,75,False,,,2.66,-0.4394
2026-08-08T09:07:22Z,Digitizer_run2126_subrun8.csv,76,False,,,1.1,-0.3784
2026-08-08T09:07:22Z,Digitizer_run2126_subrun8.csv,77,False,,,2.36,-0.4285
2026-08-08T09:07:22Z,Digitizer_run2126_subrun8.csv,78,False,,,1.78,-0.4268
2026-08-08T09:07:22Z,Digitizer_run2126_subrun8.csv,79,False,,,1.54,-0.3947
2026-08-08T09:07:22Z,Digitizer_run2126_subrun8.csv,80,False,,,1.55,-0.4067
2026-08-08T09:07:22Z,Digitizer_run2126_subrun8.csv,81,False,,,1.19,-0.3957
2026-08-08T09:07:22Z,Digitizer_run2126_subrun8.csv,82,False,,,1.91,-0.4109
2026-08-08T09:07:22Z,Digitizer_run2126_subrun8.csv,83,False,,,1.57,-0.411
2026-08-08T09:07:22Z,Digitizer_run2126_subrun8.csv,84,False,,,4.92,-0.5273
2026-08-08T09:07:22Z,Digitizer_run2126_subrun8.csv,85,False,,,1.68,-0.4055
2026-08-08T09:07:22Z,Digitizer_run2126_subrun8.csv,86,False,,,2.6,-0.4841
2026-08-08T09:07:22Z,Digitizer_run2126_subrun8.csv,87,False,,,2.5,-0.4561
2026-08-08T09:07:22Z,Digitizer_run2126_subrun8.csv,88,False,,,6.55,-0.565
2026-08-08T09:07:22Z,Digitizer_run2126_subrun8.csv,89,False,,,6.45,-0.5683
2026-08-08T09:07:22Z,Digitizer_run2126_subrun8.csv,90,False,,,3.16,-0.4827
2026-08-08T09:07:22Z,Digitizer_run2126_subrun8.csv,91,False,,,3.64,-0.5018
2026-08-08T09:07:22Z,Digitizer_run2126_subrun8.csv,92,False,,,1.45,-0.3999
2026-08-08T09:07:22Z,Digitizer_run2126_subrun8.csv,93,False,,,1.55,-0.4267
2026-08-08T09:07:22Z,Digitizer_run2126_subrun8.csv,94,False,,,2.0,-0.4271
2026-08-08T09:07:22Z,Digitizer_run2126_subrun8.csv,95,False,,,2.28,-0.4455
2026-08-08T09:07:28Z,Digitizer_run2126_subrun9.csv,0,False,,,2.27,-0.4213
2026-08-08T09:07:28Z,Digitizer_run2126_subrun9.csv,1,False,,,2.67,-0.4265
2026-08-08T09:07:28Z,Digitizer_run2126_subrun9.csv,2,False,,,1.5,-0.4256
2026-08-08T09:07:28Z,Digitizer_run2126_subrun9.csv,3,False,,,2.38,-0.4478
2026-08-08T09:07:28Z,Digitizer_run2126_subrun9.csv,4,False,,,1.75,-0.3999
2026-08-08T09:07:28Z,Digitizer_run2126_subrun9.csv,5,False,,,1.58,-0.4127
2026-08-08T09:07:28Z,Digitizer_run2126_subrun9.csv,6,False,,,1.4,-0.3898
2026-08-08T09:07:28Z,Digitizer_run2126_subrun9.csv,7,False,,,1.79,-0.4005
2026-08-08T09:07:28Z,Digitizer_run2126_subrun9.csv,8,False,,,1.5,-0.4233
2026-08-08T09:07:28Z,Digitizer_run2126_subrun9.csv,9,False,,,1.88,-0.4389
2026-08-08T09:07:28Z,Digitizer_run2126_subrun9.csv,10,False,,,1.67,-0.3991
2026-08-08T09:07:28Z,Digitizer_run2126_subrun9.csv,11,True,statistical,nPulses_median,10.17,-0.501
2026-08-08T09:07:28Z,Digitizer_run2126_subrun9.csv,12,False,,,1.9,-0.4498
2026-08-08T09:07:28Z,Digitizer_run2126_subrun9.csv,13,False,,,1.42,-0.4277
2026-08-08T09:07:28Z,Digitizer_run2126_subrun9.csv,14,False,,,1.89,-0.415
2026-08-08T09:07:28Z,Digitizer_run2126_subrun9.csv,15,False,,,1.75,-0.4191
2026-08-08T09:07:28Z,Digitizer_run2126_subrun9.csv,16,False,,,1.64,-0.4168
2026-08-08T09:07:28Z,Digitizer_run2126_subrun9.csv,17,False,,,2.38,-0.4867
2026-08-08T09:07:28Z,Digitizer_run2126_subrun9.csv,18,False,,,2.12,-0.4274
2026-08-08T09:07:28Z,Digitizer_run2126_subrun9.csv,19,False,,,2.0,-0.4329
2026-08-08T09:07:28Z,Digitizer_run2126_subrun9.csv,20,False,,,1.84,-0.4239
2026-08-08T09:07:28Z,Digitizer_run2126_subrun9.csv,21,False,,,2.4,-0.458
2026-08-08T09:07:28Z,Digitizer_run2126_subrun9.csv,22,False,,,2.4,-0.4638
2026-08-08T09:07:28Z,Digitizer_run2126_subrun9.csv,23,False,,,1.98,-0.4224
2026-08-08T09:07:28Z,Digitizer_run2126_subrun9.csv,24,False,,,2.1,-0.436
2026-08-08T09:07:28Z,Digitizer_run2126_subrun9.csv,25,False,,,1.39,-0.4105
2026-08-08T09:07:28Z,Digitizer_run2126_subrun9.csv,26,False,,,2.43,-0.4485
2026-08-08T09:07:28Z,Digitizer_run2126_subrun9.csv,27,False,,,3.33,-0.4826
2026-08-08T09:07:28Z,Digitizer_run2126_subrun9.csv,28,False,,,2.51,-0.4556
2026-08-08T09:07:28Z,Digitizer_run2126_subrun9.csv,29,False,,,1.73,-0.4124
2026-08-08T09:07:28Z,Digitizer_run2126_subrun9.csv,30,False,,,1.7,-0.4022
2026-08-08T09:07:28Z,Digitizer_run2126_subrun9.csv,31,False,,,3.41,-0.4711
2026-08-08T09:07:28Z,Digitizer_run2126_subrun9.csv,32,False,,,1.74,-0.409
2026-08-08T09:07:28Z,Digitizer_run2126_subrun9.csv,33,False,,,1.7,-0.4414
2026-08-08T09:07:28Z,Digitizer_run2126_subrun9.csv,34,False,,,3.17,-0.4855
2026-08-08T09:07:28Z,Digitizer_run2126_subrun9.csv,35,False,,,2.22,-0.4656
2026-08-08T09:07:28Z,Digitizer_run2126_subrun9.csv,36,False,,,2.43,-0.4615
2026-08-08T09:07:28Z,Digitizer_run2126_subrun9.csv,37,False,,,1.55,-0.4132
2026-08-08T09:07:28Z,Digitizer_run2126_subrun9.csv,38,False,,,1.76,-0.4281
2026-08-08T09:07:28Z,Digitizer_run2126_subrun9.csv,39,False,,,1.76,-0.4032
2026-08-08T09:07:28Z,Digitizer_run2126_subrun9.csv,40,False,,,1.97,-0.4457
2026-08-08T09:07:28Z,Digitizer_run2126_subrun9.csv,41,False,,,1.31,-0.4164
2026-08-08T09:07:28Z,Digitizer_run2126_subrun9.csv,42,False,,,2.71,-0.5349
2026-08-08T09:07:28Z,Digitizer_run2126_subrun9.csv,43,False,,,2.15,-0.4504
2026-08-08T09:07:28Z,Digitizer_run2126_subrun9.csv,44,False,,,1.57,-0.4168
2026-08-08T09:07:28Z,Digitizer_run2126_subrun9.csv,45,False,,,1.65,-0.4207
2026-08-08T09:07:28Z,Digitizer_run2126_subrun9.csv,46,False,,,1.69,-0.4341
2026-08-08T09:07:28Z,Digitizer_run2126_subrun9.csv,47,False,,,2.55,-0.4063
2026-08-08T09:07:28Z,Digitizer_run2126_subrun9.csv,48,False,,,4.3,-0.6107
2026-08-08T09:07:28Z,Digitizer_run2126_subrun9.csv,49,False,,,3.02,-0.5249
2026-08-08T09:07:28Z,Digitizer_run2126_subrun9.csv,50,False,,,3.08,-0.4683
2026-08-08T09:07:28Z,Digitizer_run2126_subrun9.csv,51,False,,,6.05,-0.6018
2026-08-08T09:07:28Z,Digitizer_run2126_subrun9.csv,52,False,,,2.36,-0.4619
2026-08-08T09:07:28Z,Digitizer_run2126_subrun9.csv,53,False,,,4.2,-0.5133
2026-08-08T09:07:28Z,Digitizer_run2126_subrun9.csv,54,False,,,2.65,-0.4342
2026-08-08T09:07:28Z,Digitizer_run2126_subrun9.csv,55,False,,,2.8,-0.4371
2026-08-08T09:07:28Z,Digitizer_run2126_subrun9.csv,56,False,,,2.72,-0.4915
2026-08-08T09:07:28Z,Digitizer_run2126_subrun9.csv,57,False,,,2.35,-0.4641
2026-08-08T09:07:28Z,Digitizer_run2126_subrun9.csv,58,False,,,3.14,-0.4778
2026-08-08T09:07:28Z,Digitizer_run2126_subrun9.csv,59,False,,,3.33,-0.5293
2026-08-08T09:07:28Z,Digitizer_run2126_subrun9.csv,60,False,,,2.43,-0.5062
2026-08-08T09:07:28Z,Digitizer_run2126_subrun9.csv,61,False,,,2.52,-0.4594
2026-08-08T09:07:28Z,Digitizer_run2126_subrun9.csv,62,False,,,2.78,-0.4677
2026-08-08T09:07:28Z,Digitizer_run2126_subrun9.csv,63,False,,,2.21,-0.4333
2026-08-08T09:07:28Z,Digitizer_run2126_subrun9.csv,64,False,,,1.31,-0.4045
2026-08-08T09:07:28Z,Digitizer_run2126_subrun9.csv,65,False,,,1.16,-0.3829
2026-08-08T09:07:28Z,Digitizer_run2126_subrun9.csv,66,False,,,2.79,-0.5247
2026-08-08T09:07:28Z,Digitizer_run2126_subrun9.csv,67,False,,,4.84,-0.5559
2026-08-08T09:07:28Z,Digitizer_run2126_subrun9.csv,68,False,,,1.87,-0.4185
2026-08-08T09:07:28Z,Digitizer_run2126_subrun9.csv,69,False,,,2.65,-0.4845
2026-08-08T09:07:28Z,Digitizer_run2126_subrun9.csv,70,False,,,2.41,-0.444
2026-08-08T09:07:28Z,Digitizer_run2126_subrun9.csv,71,False,,,3.58,-0.5273
2026-08-08T09:07:28Z,Digitizer_run2126_subrun9.csv,72,False,,,2.66,-0.5035
2026-08-08T09:07:28Z,Digitizer_run2126_subrun9.csv,73,False,,,2.46,-0.4862
2026-08-08T09:07:28Z,Digitizer_run2126_subrun9.csv,74,False,,,1.21,-0.3891
2026-08-08T09:07:28Z,Digitizer_run2126_subrun9.csv,75,False,,,1.88,-0.3908
2026-08-08T09:07:28Z,Digitizer_run2126_subrun9.csv,76,False,,,2.34,-0.3935
2026-08-08T09:07:28Z,Digitizer_run2126_subrun9.csv,77,False,,,2.28,-0.4206
2026-08-08T09:07:28Z,Digitizer_run2126_subrun9.csv,78,False,,,1.57,-0.404
2026-08-08T09:07:28Z,Digitizer_run2126_subrun9.csv,79,False,,,1.34,-0.4064
2026-08-08T09:07:28Z,Digitizer_run2126_subrun9.csv,80,False,,,1.72,-0.4212
2026-08-08T09:07:28Z,Digitizer_run2126_subrun9.csv,81,False,,,2.23,-0.4303
2026-08-08T09:07:28Z,Digitizer_run2126_subrun9.csv,82,False,,,1.21,-0.3852
2026-08-08T09:07:28Z,Digitizer_run2126_subrun9.csv,83,False,,,1.79,-0.4184
2026-08-08T09:07:28Z,Digitizer_run2126_subrun9.csv,84,False,,,1.79,-0.4467
2026-08-08T09:07:28Z,Digitizer_run2126_subrun9.csv,85,False,,,3.32,-0.4877
2026-08-08T09:07:28Z,Digitizer_run2126_subrun9.csv,86,False,,,1.44,-0.3831
2026-08-08T09:07:28Z,Digitizer_run2126_subrun9.csv,87,False,,,1.86,-0.3882
2026-08-08T09:07:28Z,Digitizer_run2126_subrun9.csv,88,False,,,1.88,-0.4205
2026-08-08T09:07:28Z,Digitizer_run2126_subrun9.csv,89,False,,,1.46,-0.395
2026-08-08T09:07:28Z,Digitizer_run2126_subrun9.csv,90,False,,,2.59,-0.467
2026-08-08T09:07:28Z,Digitizer_run2126_subrun9.csv,91,False,,,2.99,-0.5284
2026-08-08T09:07:28Z,Digitizer_run2126_subrun9.csv,92,False,,,1.65,-0.4653
2026-08-08T09:07:28Z,Digitizer_run2126_subrun9.csv,93,False,,,1.73,-0.4171
2026-08-08T09:07:28Z,Digitizer_run2126_subrun9.csv,94,False,,,1.62,-0.4131
2026-08-08T09:07:28Z,Digitizer_run2126_subrun9.csv,95,False,,,0.9,-0.3772
2026-08-08T09:07:33Z,Digitizer_run2126_subrun10.csv,0,False,,,1.26,-0.3928
2026-08-08T09:07:33Z,Digitizer_run2126_subrun10.csv,1,False,,,1.76,-0.4062
2026-08-08T09:07:33Z,Digitizer_run2126_subrun10.csv,2,False,,,1.12,-0.3842
2026-08-08T09:07:33Z,Digitizer_run2126_subrun10.csv,3,False,,,1.47,-0.4216
2026-08-08T09:07:33Z,Digitizer_run2126_subrun10.csv,4,False,,,2.47,-0.4643
2026-08-08T09:07:33Z,Digitizer_run2126_subrun10.csv,5,False,,,2.67,-0.4386
2026-08-08T09:07:33Z,Digitizer_run2126_subrun10.csv,6,False,,,2.0,-0.4306
2026-08-08T09:07:33Z,Digitizer_run2126_subrun10.csv,7,False,,,4.32,-0.4859
2026-08-08T09:07:33Z,Digitizer_run2126_subrun10.csv,8,False,,,3.02,-0.4939
2026-08-08T09:07:33Z,Digitizer_run2126_subrun10.csv,9,False,,,2.49,-0.5066
2026-08-08T09:07:33Z,Digitizer_run2126_subrun10.csv,10,False,,,1.49,-0.4071
2026-08-08T09:07:33Z,Digitizer_run2126_subrun10.csv,11,False,,,1.68,-0.4065
2026-08-08T09:07:33Z,Digitizer_run2126_subrun10.csv,12,False,,,1.57,-0.4124
2026-08-08T09:07:33Z,Digitizer_run2126_subrun10.csv,13,False,,,1.67,-0.4307
2026-08-08T09:07:33Z,Digitizer_run2126_subrun10.csv,14,False,,,2.78,-0.4541
2026-08-08T09:07:33Z,Digitizer_run2126_subrun10.csv,15,False,,,2.17,-0.447
2026-08-08T09:07:33Z,Digitizer_run2126_subrun10.csv,16,False,,,2.01,-0.4226
2026-08-08T09:07:33Z,Digitizer_run2126_subrun10.csv,17,False,,,2.35,-0.4754
2026-08-08T09:07:33Z,Digitizer_run2126_subrun10.csv,18,False,,,1.22,-0.4235
2026-08-08T09:07:33Z,Digitizer_run2126_subrun10.csv,19,False,,,2.36,-0.436
2026-08-08T09:07:33Z,Digitizer_run2126_subrun10.csv,20,False,,,4.16,-0.5749
2026-08-08T09:07:33Z,Digitizer_run2126_subrun10.csv,21,False,,,2.5,-0.5061
2026-08-08T09:07:33Z,Digitizer_run2126_subrun10.csv,22,False,,,3.09,-0.4943
2026-08-08T09:07:33Z,Digitizer_run2126_subrun10.csv,23,False,,,3.29,-0.4966
2026-08-08T09:07:33Z,Digitizer_run2126_subrun10.csv,24,False,,,3.44,-0.4399
2026-08-08T09:07:33Z,Digitizer_run2126_subrun10.csv,25,False,,,1.2,-0.3896
2026-08-08T09:07:33Z,Digitizer_run2126_subrun10.csv,26,False,,,1.79,-0.4107
2026-08-08T09:07:33Z,Digitizer_run2126_subrun10.csv,27,False,,,1.83,-0.4216
2026-08-08T09:07:33Z,Digitizer_run2126_subrun10.csv,28,False,,,1.59,-0.4199
2026-08-08T09:07:33Z,Digitizer_run2126_subrun10.csv,29,False,,,1.42,-0.4158
2026-08-08T09:07:33Z,Digitizer_run2126_subrun10.csv,30,False,,,4.28,-0.4536
2026-08-08T09:07:33Z,Digitizer_run2126_subrun10.csv,31,False,,,1.83,-0.4045
2026-08-08T09:07:33Z,Digitizer_run2126_subrun10.csv,32,False,,,1.7,-0.4334
2026-08-08T09:07:33Z,Digitizer_run2126_subrun10.csv,33,False,,,3.3,-0.5068
2026-08-08T09:07:33Z,Digitizer_run2126_subrun10.csv,34,False,,,1.93,-0.4432
2026-08-08T09:07:33Z,Digitizer_run2126_subrun10.csv,35,False,,,1.94,-0.4342
2026-08-08T09:07:33Z,Digitizer_run2126_subrun10.csv,36,False,,,2.71,-0.478
2026-08-08T09:07:33Z,Digitizer_run2126_subrun10.csv,37,False,,,1.5,-0.4012
2026-08-08T09:07:33Z,Digitizer_run2126_subrun10.csv,38,False,,,2.56,-0.4836
2026-08-08T09:07:33Z,Digitizer_run2126_subrun10.csv,39,False,,,2.86,-0.4921
2026-08-08T09:07:33Z,Digitizer_run2126_subrun10.csv,40,False,,,2.49,-0.4639
2026-08-08T09:07:33Z,Digitizer_run2126_subrun10.csv,41,False,,,6.48,-0.508
2026-08-08T09:07:33Z,Digitizer_run2126_subrun10.csv,42,False,,,1.76,-0.4358
2026-08-08T09:07:33Z,Digitizer_run2126_subrun10.csv,43,False,,,2.17,-0.4424
2026-08-08T09:07:33Z,Digitizer_run2126_subrun10.csv,44,False,,,1.62,-0.4241
2026-08-08T09:07:33Z,Digitizer_run2126_subrun10.csv,45,False,,,2.07,-0.4282
2026-08-08T09:07:33Z,Digitizer_run2126_subrun10.csv,46,False,,,2.17,-0.402
2026-08-08T09:07:33Z,Digitizer_run2126_subrun10.csv,47,False,,,2.05,-0.4502
2026-08-08T09:07:33Z,Digitizer_run2126_subrun10.csv,48,False,,,1.47,-0.3952
2026-08-08T09:07:33Z,Digitizer_run2126_subrun10.csv,49,False,,,1.23,-0.3915
2026-08-08T09:07:33Z,Digitizer_run2126_subrun10.csv,50,False,,,1.99,-0.4255
2026-08-08T09:07:33Z,Digitizer_run2126_subrun10.csv,51,False,,,1.92,-0.4149
2026-08-08T09:07:33Z,Digitizer_run2126_subrun10.csv,52,False,,,1.53,-0.38
2026-08-08T09:07:33Z,Digitizer_run2126_subrun10.csv,53,False,,,1.82,-0.3795
2026-08-08T09:07:33Z,Digitizer_run2126_subrun10.csv,54,False,,,2.36,-0.4453
2026-08-08T09:07:33Z,Digitizer_run2126_subrun10.csv,55,False,,,2.51,-0.4162
2026-08-08T09:07:33Z,Digitizer_run2126_subrun10.csv,56,False,,,2.97,-0.4929
2026-08-08T09:07:33Z,Digitizer_run2126_subrun10.csv,57,False,,,1.09,-0.3724
2026-08-08T09:07:33Z,Digitizer_run2126_subrun10.csv,58,False,,,2.26,-0.471
2026-08-08T09:07:33Z,Digitizer_run2126_subrun10.csv,59,False,,,1.56,-0.4223
2026-08-08T09:07:33Z,Digitizer_run2126_subrun10.csv,60,False,,,2.18,-0.4639
2026-08-08T09:07:33Z,Digitizer_run2126_subrun10.csv,61,False,,,2.61,-0.4727
2026-08-08T09:07:33Z,Digitizer_run2126_subrun10.csv,62,False,,,2.3,-0.4155
2026-08-08T09:07:33Z,Digitizer_run2126_subrun10.csv,63,False,,,2.38,-0.4205
2026-08-08T09:07:33Z,Digitizer_run2126_subrun10.csv,64,False,,,1.03,-0.3901
2026-08-08T09:07:33Z,Digitizer_run2126_subrun10.csv,65,False,,,1.5,-0.4114
2026-08-08T09:07:33Z,Digitizer_run2126_subrun10.csv,66,False,,,3.19,-0.4767
2026-08-08T09:07:33Z,Digitizer_run2126_subrun10.csv,67,False,,,3.68,-0.49
2026-08-08T09:07:33Z,Digitizer_run2126_subrun10.csv,68,False,,,1.73,-0.4211
2026-08-08T09:07:33Z,Digitizer_run2126_subrun10.csv,69,False,,,1.4,-0.4071
2026-08-08T09:07:33Z,Digitizer_run2126_subrun10.csv,70,False,,,1.99,-0.3973
2026-08-08T09:07:33Z,Digitizer_run2126_subrun10.csv,71,False,,,3.58,-0.5193
2026-08-08T09:07:33Z,Digitizer_run2126_subrun10.csv,72,False,,,1.82,-0.4666
2026-08-08T09:07:33Z,Digitizer_run2126_subrun10.csv,73,False,,,2.76,-0.5167
2026-08-08T09:07:33Z,Digitizer_run2126_subrun10.csv,74,False,,,1.99,-0.3889
2026-08-08T09:07:33Z,Digitizer_run2126_subrun10.csv,75,False,,,2.49,-0.4234
2026-08-08T09:07:33Z,Digitizer_run2126_subrun10.csv,76,False,,,1.55,-0.391
2026-08-08T09:07:33Z,Digitizer_run2126_subrun10.csv,77,False,,,2.22,-0.4344
2026-08-08T09:07:33Z,Digitizer_run2126_subrun10.csv,78,False,,,2.23,-0.4485
2026-08-08T09:07:33Z,Digitizer_run2126_subrun10.csv,79,False,,,2.02,-0.4606
2026-08-08T09:07:33Z,Digitizer_run2126_subrun10.csv,80,False,,,1.17,-0.3952
2026-08-08T09:07:33Z,Digitizer_run2126_subrun10.csv,81,False,,,2.01,-0.3975
2026-08-08T09:07:33Z,Digitizer_run2126_subrun10.csv,82,False,,,2.53,-0.442
2026-08-08T09:07:33Z,Digitizer_run2126_subrun10.csv,83,False,,,1.47,-0.4033
2026-08-08T09:07:33Z,Digitizer_run2126_subrun10.csv,84,False,,,1.17,-0.3986
2026-08-08T09:07:33Z,Digitizer_run2126_subrun10.csv,85,False,,,2.9,-0.4505
2026-08-08T09:07:33Z,Digitizer_run2126_subrun10.csv,86,False,,,2.42,-0.4342
2026-08-08T09:07:33Z,Digitizer_run2126_subrun10.csv,87,False,,,1.74,-0.3792
2026-08-08T09:07:33Z,Digitizer_run2126_subrun10.csv,88,False,,,3.09,-0.5266
2026-08-08T09:07:33Z,Digitizer_run2126_subrun10.csv,89,False,,,1.96,-0.414
2026-08-08T09:07:33Z,Digitizer_run2126_subrun10.csv,90,False,,,1.47,-0.3849
2026-08-08T09:07:33Z,Digitizer_run2126_subrun10.csv,91,False,,,1.4,-0.4066
2026-08-08T09:07:33Z,Digitizer_run2126_subrun10.csv,92,False,,,1.36,-0.4273
2026-08-08T09:07:33Z,Digitizer_run2126_subrun10.csv,93,False,,,1.7,-0.4319
2026-08-08T09:07:33Z,Digitizer_run2126_subrun10.csv,94,False,,,1.83,-0.3927
2026-08-08T09:07:33Z,Digitizer_run2126_subrun10.csv,95,False,,,2.51,-0.4347
2026-08-08T09:07:40Z,Digitizer_run2126_subrun11.csv,0,False,,,2.91,-0.4532
2026-08-08T09:07:40Z,Digitizer_run2126_subrun11.csv,1,False,,,2.32,-0.4148
2026-08-08T09:07:40Z,Digitizer_run2126_subrun11.csv,2,False,,,2.68,-0.5087
2026-08-08T09:07:40Z,Digitizer_run2126_subrun11.csv,3,False,,,3.79,-0.4309
2026-08-08T09:07:40Z,Digitizer_run2126_subrun11.csv,4,False,,,2.6,-0.4678
2026-08-08T09:07:40Z,Digitizer_run2126_subrun11.csv,5,False,,,2.7,-0.4278
2026-08-08T09:07:40Z,Digitizer_run2126_subrun11.csv,6,False,,,1.89,-0.4304
2026-08-08T09:07:40Z,Digitizer_run2126_subrun11.csv,7,False,,,2.59,-0.4637
2026-08-08T09:07:40Z,Digitizer_run2126_subrun11.csv,8,False,,,2.7,-0.4872
2026-08-08T09:07:40Z,Digitizer_run2126_subrun11.csv,9,False,,,2.92,-0.4615
2026-08-08T09:07:40Z,Digitizer_run2126_subrun11.csv,10,False,,,1.9,-0.4317
2026-08-08T09:07:40Z,Digitizer_run2126_subrun11.csv,11,False,,,2.24,-0.4605
2026-08-08T09:07:40Z,Digitizer_run2126_subrun11.csv,12,False,,,3.08,-0.5337
2026-08-08T09:07:40Z,Digitizer_run2126_subrun11.csv,13,False,,,2.06,-0.4302
2026-08-08T09:07:40Z,Digitizer_run2126_subrun11.csv,14,False,,,2.46,-0.4657
2026-08-08T09:07:40Z,Digitizer_run2126_subrun11.csv,15,False,,,2.39,-0.4484
2026-08-08T09:07:40Z,Digitizer_run2126_subrun11.csv,16,False,,,2.82,-0.5248
2026-08-08T09:07:40Z,Digitizer_run2126_subrun11.csv,17,False,,,2.74,-0.5099
2026-08-08T09:07:40Z,Digitizer_run2126_subrun11.csv,18,False,,,3.14,-0.4992
2026-08-08T09:07:40Z,Digitizer_run2126_subrun11.csv,19,False,,,3.4,-0.4937
2026-08-08T09:07:40Z,Digitizer_run2126_subrun11.csv,20,False,,,3.61,-0.5254
2026-08-08T09:07:40Z,Digitizer_run2126_subrun11.csv,21,False,,,4.41,-0.5373
2026-08-08T09:07:40Z,Digitizer_run2126_subrun11.csv,22,False,,,2.08,-0.446
2026-08-08T09:07:40Z,Digitizer_run2126_subrun11.csv,23,False,,,0.82,-0.3849
2026-08-08T09:07:40Z,Digitizer_run2126_subrun11.csv,24,False,,,2.85,-0.5461
2026-08-08T09:07:40Z,Digitizer_run2126_subrun11.csv,25,False,,,2.04,-0.4629
2026-08-08T09:07:40Z,Digitizer_run2126_subrun11.csv,26,False,,,1.91,-0.45
2026-08-08T09:07:40Z,Digitizer_run2126_subrun11.csv,27,False,,,2.01,-0.449
2026-08-08T09:07:40Z,Digitizer_run2126_subrun11.csv,28,False,,,2.68,-0.4892
2026-08-08T09:07:40Z,Digitizer_run2126_subrun11.csv,29,False,,,3.44,-0.4763
2026-08-08T09:07:40Z,Digitizer_run2126_subrun11.csv,30,False,,,1.97,-0.4285
2026-08-08T09:07:40Z,Digitizer_run2126_subrun11.csv,31,False,,,2.64,-0.4039
2026-08-08T09:07:40Z,Digitizer_run2126_subrun11.csv,32,False,,,2.05,-0.4341
2026-08-08T09:07:40Z,Digitizer_run2126_subrun11.csv,33,False,,,1.68,-0.4143
2026-08-08T09:07:40Z,Digitizer_run2126_subrun11.csv,34,False,,,1.47,-0.4087
2026-08-08T09:07:40Z,Digitizer_run2126_subrun11.csv,35,False,,,2.94,-0.4573
2026-08-08T09:07:40Z,Digitizer_run2126_subrun11.csv,36,False,,,2.98,-0.5071
2026-08-08T09:07:40Z,Digitizer_run2126_subrun11.csv,37,False,,,2.39,-0.4974
2026-08-08T09:07:40Z,Digitizer_run2126_subrun11.csv,38,False,,,2.33,-0.4491
2026-08-08T09:07:40Z,Digitizer_run2126_subrun11.csv,39,False,,,2.42,-0.448
2026-08-08T09:07:40Z,Digitizer_run2126_subrun11.csv,40,False,,,1.92,-0.3895
2026-08-08T09:07:40Z,Digitizer_run2126_subrun11.csv,41,False,,,1.77,-0.4436
2026-08-08T09:07:40Z,Digitizer_run2126_subrun11.csv,42,False,,,2.43,-0.4462
2026-08-08T09:07:40Z,Digitizer_run2126_subrun11.csv,43,False,,,3.06,-0.4748
2026-08-08T09:07:40Z,Digitizer_run2126_subrun11.csv,44,False,,,4.22,-0.5963
2026-08-08T09:07:40Z,Digitizer_run2126_subrun11.csv,45,False,,,3.48,-0.5041
2026-08-08T09:07:40Z,Digitizer_run2126_subrun11.csv,46,False,,,3.88,-0.5976
2026-08-08T09:07:40Z,Digitizer_run2126_subrun11.csv,47,False,,,4.71,-0.5293
2026-08-08T09:07:40Z,Digitizer_run2126_subrun11.csv,48,False,,,3.18,-0.4957
2026-08-08T09:07:40Z,Digitizer_run2126_subrun11.csv,49,False,,,3.4,-0.5769
2026-08-08T09:07:40Z,Digitizer_run2126_subrun11.csv,50,False,,,4.02,-0.5865
2026-08-08T09:07:40Z,Digitizer_run2126_subrun11.csv,51,False,,,4.69,-0.5872
2026-08-08T09:07:40Z,Digitizer_run2126_subrun11.csv,52,False,,,4.73,-0.5083
2026-08-08T09:07:40Z,Digitizer_run2126_subrun11.csv,53,False,,,1.45,-0.4075
2026-08-08T09:07:40Z,Digitizer_run2126_subrun11.csv,54,False,,,2.44,-0.4293
2026-08-08T09:07:40Z,Digitizer_run2126_subrun11.csv,55,False,,,2.55,-0.4226
2026-08-08T09:07:40Z,Digitizer_run2126_subrun11.csv,56,False,,,3.35,-0.5429
2026-08-08T09:07:40Z,Digitizer_run2126_subrun11.csv,57,False,,,2.92,-0.4754
2026-08-08T09:07:40Z,Digitizer_run2126_subrun11.csv,58,False,,,3.39,-0.5217
2026-08-08T09:07:40Z,Digitizer_run2126_subrun11.csv,59,False,,,4.09,-0.532
2026-08-08T09:07:40Z,Digitizer_run2126_subrun11.csv,60,False,,,4.06,-0.5773
2026-08-08T09:07:40Z,Digitizer_run2126_subrun11.csv,61,False,,,2.5,-0.4497
2026-08-08T09:07:40Z,Digitizer_run2126_subrun11.csv,62,False,,,2.38,-0.4626
2026-08-08T09:07:40Z,Digitizer_run2126_subrun11.csv,63,False,,,3.16,-0.4204
2026-08-08T09:07:40Z,Digitizer_run2126_subrun11.csv,64,False,,,4.35,-0.6339
2026-08-08T09:07:40Z,Digitizer_run2126_subrun11.csv,65,False,,,3.26,-0.4774
2026-08-08T09:07:40Z,Digitizer_run2126_subrun11.csv,66,False,,,3.28,-0.4568
2026-08-08T09:07:40Z,Digitizer_run2126_subrun11.csv,67,False,,,3.11,-0.4474
2026-08-08T09:07:40Z,Digitizer_run2126_subrun11.csv,68,False,,,2.54,-0.4889
2026-08-08T09:07:40Z,Digitizer_run2126_subrun11.csv,69,False,,,3.44,-0.5115
2026-08-08T09:07:40Z,Digitizer_run2126_subrun11.csv,70,False,,,1.22,-0.3829
2026-08-08T09:07:40Z,Digitizer_run2126_subrun11.csv,71,False,,,3.58,-0.5363
2026-08-08T09:07:40Z,Digitizer_run2126_subrun11.csv,72,False,,,2.85,-0.5063
2026-08-08T09:07:40Z,Digitizer_run2126_subrun11.csv,73,False,,,2.14,-0.3973
2026-08-08T09:07:40Z,Digitizer_run2126_subrun11.csv,74,False,,,1.97,-0.4009
2026-08-08T09:07:40Z,Digitizer_run2126_subrun11.csv,75,False,,,1.64,-0.4119
2026-08-08T09:07:40Z,Digitizer_run2126_subrun11.csv,76,False,,,1.33,-0.3976
2026-08-08T09:07:40Z,Digitizer_run2126_subrun11.csv,77,False,,,1.45,-0.3897
2026-08-08T09:07:40Z,Digitizer_run2126_subrun11.csv,78,False,,,3.94,-0.5224
2026-08-08T09:07:40Z,Digitizer_run2126_subrun11.csv,79,False,,,1.7,-0.4309
2026-08-08T09:07:40Z,Digitizer_run2126_subrun11.csv,80,False,,,1.94,-0.4145
2026-08-08T09:07:40Z,Digitizer_run2126_subrun11.csv,81,False,,,1.65,-0.4123
2026-08-08T09:07:40Z,Digitizer_run2126_subrun11.csv,82,False,,,2.01,-0.4292
2026-08-08T09:07:40Z,Digitizer_run2126_subrun11.csv,83,False,,,2.16,-0.4027
2026-08-08T09:07:40Z,Digitizer_run2126_subrun11.csv,84,False,,,2.62,-0.4165
2026-08-08T09:07:40Z,Digitizer_run2126_subrun11.csv,85,False,,,3.25,-0.4758
2026-08-08T09:07:40Z,Digitizer_run2126_subrun11.csv,86,False,,,1.93,-0.3926
2026-08-08T09:07:40Z,Digitizer_run2126_subrun11.csv,87,False,,,1.74,-0.3912
2026-08-08T09:07:40Z,Digitizer_run2126_subrun11.csv,88,False,,,2.28,-0.4703
2026-08-08T09:07:40Z,Digitizer_run2126_subrun11.csv,89,False,,,2.54,-0.4686
2026-08-08T09:07:40Z,Digitizer_run2126_subrun11.csv,90,False,,,2.05,-0.428
2026-08-08T09:07:40Z,Digitizer_run2126_subrun11.csv,91,False,,,2.51,-0.4624
2026-08-08T09:07:40Z,Digitizer_run2126_subrun11.csv,92,False,,,1.91,-0.4506
2026-08-08T09:07:40Z,Digitizer_run2126_subrun11.csv,93,False,,,1.11,-0.4046
2026-08-08T09:07:40Z,Digitizer_run2126_subrun11.csv,94,False,,,1.71,-0.4135
2026-08-08T09:07:40Z,Digitizer_run2126_subrun11.csv,95,False,,,1.47,-0.4078
2026-08-08T09:07:47Z,Digitizer_run2126_subrun12.csv,0,False,,,1.22,-0.3796
2026-08-08T09:07:47Z,Digitizer_run2126_subrun12.csv,1,False,,,1.5,-0.39
2026-08-08T09:07:47Z,Digitizer_run2126_subrun12.csv,2,False,,,1.47,-0.4014
2026-08-08T09:07:47Z,Digitizer_run2126_subrun12.csv,3,False,,,1.69,-0.4184
2026-08-08T09:07:47Z,Digitizer_run2126_subrun12.csv,4,False,,,3.17,-0.4626
2026-08-08T09:07:47Z,Digitizer_run2126_subrun12.csv,5,False,,,1.95,-0.4905
2026-08-08T09:07:47Z,Digitizer_run2126_subrun12.csv,6,False,,,1.42,-0.4255
2026-08-08T09:07:47Z,Digitizer_run2126_subrun12.csv,7,False,,,1.4,-0.423
2026-08-08T09:07:47Z,Digitizer_run2126_subrun12.csv,8,False,,,2.57,-0.4792
2026-08-08T09:07:47Z,Digitizer_run2126_subrun12.csv,9,False,,,2.27,-0.4616
2026-08-08T09:07:47Z,Digitizer_run2126_subrun12.csv,10,False,,,2.11,-0.4437
2026-08-08T09:07:47Z,Digitizer_run2126_subrun12.csv,11,False,,,1.41,-0.4123
2026-08-08T09:07:47Z,Digitizer_run2126_subrun12.csv,12,False,,,1.41,-0.3824
2026-08-08T09:07:47Z,Digitizer_run2126_subrun12.csv,13,False,,,1.08,-0.3969
2026-08-08T09:07:47Z,Digitizer_run2126_subrun12.csv,14,False,,,3.48,-0.5115
2026-08-08T09:07:47Z,Digitizer_run2126_subrun12.csv,15,False,,,3.22,-0.5064
2026-08-08T09:07:47Z,Digitizer_run2126_subrun12.csv,16,False,,,2.99,-0.5253
2026-08-08T09:07:47Z,Digitizer_run2126_subrun12.csv,17,False,,,2.14,-0.4759
2026-08-08T09:07:47Z,Digitizer_run2126_subrun12.csv,18,False,,,2.25,-0.4098
2026-08-08T09:07:47Z,Digitizer_run2126_subrun12.csv,19,False,,,1.67,-0.3871
2026-08-08T09:07:47Z,Digitizer_run2126_subrun12.csv,20,False,,,1.55,-0.3951
2026-08-08T09:07:47Z,Digitizer_run2126_subrun12.csv,21,False,,,1.21,-0.399
2026-08-08T09:07:47Z,Digitizer_run2126_subrun12.csv,22,False,,,2.09,-0.4535
2026-08-08T09:07:47Z,Digitizer_run2126_subrun12.csv,23,False,,,3.37,-0.4923
2026-08-08T09:07:47Z,Digitizer_run2126_subrun12.csv,24,False,,,1.63,-0.4201
2026-08-08T09:07:47Z,Digitizer_run2126_subrun12.csv,25,False,,,1.9,-0.4005
2026-08-08T09:07:47Z,Digitizer_run2126_subrun12.csv,26,False,,,1.75,-0.41
2026-08-08T09:07:47Z,Digitizer_run2126_subrun12.csv,27,False,,,1.3,-0.408
2026-08-08T09:07:47Z,Digitizer_run2126_subrun12.csv,28,False,,,3.02,-0.4667
2026-08-08T09:07:47Z,Digitizer_run2126_subrun12.csv,29,False,,,3.54,-0.5066
2026-08-08T09:07:47Z,Digitizer_run2126_subrun12.csv,30,False,,,2.09,-0.3978
2026-08-08T09:07:47Z,Digitizer_run2126_subrun12.csv,31,False,,,2.36,-0.3904
2026-08-08T09:07:47Z,Digitizer_run2126_subrun12.csv,32,False,,,1.15,-0.3997
2026-08-08T09:07:47Z,Digitizer_run2126_subrun12.csv,33,False,,,1.97,-0.4039
2026-08-08T09:07:47Z,Digitizer_run2126_subrun12.csv,34,False,,,3.1,-0.4966
2026-08-08T09:07:47Z,Digitizer_run2126_subrun12.csv,35,False,,,2.14,-0.4441
2026-08-08T09:07:47Z,Digitizer_run2126_subrun12.csv,36,False,,,3.03,-0.5191
2026-08-08T09:07:47Z,Digitizer_run2126_subrun12.csv,37,False,,,2.11,-0.439
2026-08-08T09:07:47Z,Digitizer_run2126_subrun12.csv,38,False,,,3.73,-0.4549
2026-08-08T09:07:47Z,Digitizer_run2126_subrun12.csv,39,False,,,4.05,-0.4522
2026-08-08T09:07:47Z,Digitizer_run2126_subrun12.csv,40,False,,,3.12,-0.4882
2026-08-08T09:07:47Z,Digitizer_run2126_subrun12.csv,41,False,,,2.53,-0.4482
2026-08-08T09:07:47Z,Digitizer_run2126_subrun12.csv,42,False,,,3.46,-0.4828
2026-08-08T09:07:47Z,Digitizer_run2126_subrun12.csv,43,False,,,4.72,-0.5423
2026-08-08T09:07:47Z,Digitizer_run2126_subrun12.csv,44,False,,,2.16,-0.4707
2026-08-08T09:07:47Z,Digitizer_run2126_subrun12.csv,45,False,,,2.38,-0.4291
2026-08-08T09:07:47Z,Digitizer_run2126_subrun12.csv,46,False,,,1.68,-0.4218
2026-08-08T09:07:47Z,Digitizer_run2126_subrun12.csv,47,False,,,1.87,-0.4202
2026-08-08T09:07:47Z,Digitizer_run2126_subrun12.csv,48,False,,,1.55,-0.3988
2026-08-08T09:07:47Z,Digitizer_run2126_subrun12.csv,49,False,,,1.71,-0.4125
2026-08-08T09:07:47Z,Digitizer_run2126_subrun12.csv,50,False,,,1.43,-0.4083
2026-08-08T09:07:47Z,Digitizer_run2126_subrun12.csv,51,False,,,1.37,-0.3992
2026-08-08T09:07:47Z,Digitizer_run2126_subrun12.csv,52,False,,,2.85,-0.4737
2026-08-08T09:07:47Z,Digitizer_run2126_subrun12.csv,53,False,,,2.09,-0.4156
2026-08-08T09:07:47Z,Digitizer_run2126_subrun12.csv,54,False,,,1.72,-0.4147
2026-08-08T09:07:47Z,Digitizer_run2126_subrun12.csv,55,False,,,1.39,-0.408
2026-08-08T09:07:47Z,Digitizer_run2126_subrun12.csv,56,False,,,3.06,-0.5169
2026-08-08T09:07:47Z,Digitizer_run2126_subrun12.csv,57,False,,,1.9,-0.4196
2026-08-08T09:07:47Z,Digitizer_run2126_subrun12.csv,58,False,,,1.86,-0.4449
2026-08-08T09:07:47Z,Digitizer_run2126_subrun12.csv,59,False,,,1.76,-0.4242
2026-08-08T09:07:47Z,Digitizer_run2126_subrun12.csv,60,False,,,2.81,-0.4621
2026-08-08T09:07:47Z,Digitizer_run2126_subrun12.csv,61,False,,,3.48,-0.5064
2026-08-08T09:07:47Z,Digitizer_run2126_subrun12.csv,62,False,,,2.22,-0.4812
2026-08-08T09:07:47Z,Digitizer_run2126_subrun12.csv,63,False,,,2.65,-0.4271
2026-08-08T09:07:47Z,Digitizer_run2126_subrun12.csv,64,False,,,2.64,-0.4472
2026-08-08T09:07:47Z,Digitizer_run2126_subrun12.csv,65,False,,,2.09,-0.4532
2026-08-08T09:07:47Z,Digitizer_run2126_subrun12.csv,66,False,,,1.52,-0.3922
2026-08-08T09:07:47Z,Digitizer_run2126_subrun12.csv,67,False,,,1.17,-0.3979
2026-08-08T09:07:47Z,Digitizer_run2126_subrun12.csv,68,False,,,1.14,-0.3903
2026-08-08T09:07:47Z,Digitizer_run2126_subrun12.csv,69,False,,,4.98,-0.5261
2026-08-08T09:07:47Z,Digitizer_run2126_subrun12.csv,70,False,,,3.51,-0.4863
2026-08-08T09:07:47Z,Digitizer_run2126_subrun12.csv,71,False,,,3.58,-0.5164
2026-08-08T09:07:47Z,Digitizer_run2126_subrun12.csv,72,False,,,2.25,-0.4803
2026-08-08T09:07:47Z,Digitizer_run2126_subrun12.csv,73,False,,,1.4,-0.3933
2026-08-08T09:07:47Z,Digitizer_run2126_subrun12.csv,74,False,,,2.9,-0.4044
2026-08-08T09:07:47Z,Digitizer_run2126_subrun12.csv,75,False,,,2.07,-0.412
2026-08-08T09:07:47Z,Digitizer_run2126_subrun12.csv,76,False,,,2.2,-0.4141
2026-08-08T09:07:47Z,Digitizer_run2126_subrun12.csv,77,False,,,1.92,-0.4066
2026-08-08T09:07:47Z,Digitizer_run2126_subrun12.csv,78,False,,,1.71,-0.4026
2026-08-08T09:07:47Z,Digitizer_run2126_subrun12.csv,79,False,,,1.31,-0.3933
2026-08-08T09:07:47Z,Digitizer_run2126_subrun12.csv,80,False,,,1.48,-0.427
2026-08-08T09:07:47Z,Digitizer_run2126_subrun12.csv,81,False,,,1.91,-0.4265
2026-08-08T09:07:47Z,Digitizer_run2126_subrun12.csv,82,False,,,1.91,-0.4517
2026-08-08T09:07:47Z,Digitizer_run2126_subrun12.csv,83,False,,,2.89,-0.4458
2026-08-08T09:07:47Z,Digitizer_run2126_subrun12.csv,84,False,,,2.64,-0.4242
2026-08-08T09:07:47Z,Digitizer_run2126_subrun12.csv,85,False,,,2.59,-0.4348
2026-08-08T09:07:47Z,Digitizer_run2126_subrun12.csv,86,False,,,2.26,-0.4142
2026-08-08T09:07:47Z,Digitizer_run2126_subrun12.csv,87,False,,,1.46,-0.3773
2026-08-08T09:07:47Z,Digitizer_run2126_subrun12.csv,88,False,,,3.67,-0.5569
2026-08-08T09:07:47Z,Digitizer_run2126_subrun12.csv,89,False,,,2.27,-0.4574
2026-08-08T09:07:47Z,Digitizer_run2126_subrun12.csv,90,False,,,2.58,-0.4635
2026-08-08T09:07:47Z,Digitizer_run2126_subrun12.csv,91,False,,,3.09,-0.4766
2026-08-08T09:07:47Z,Digitizer_run2126_subrun12.csv,92,False,,,2.9,-0.4258
2026-08-08T09:07:47Z,Digitizer_run2126_subrun12.csv,93,False,,,1.88,-0.4587
2026-08-08T09:07:47Z,Digitizer_run2126_subrun12.csv,94,False,,,2.93,-0.4776
2026-08-08T09:07:47Z,Digitizer_run2126_subrun12.csv,95,False,,,1.33,-0.3846
2026-08-08T09:07:54Z,Digitizer_run2126_subrun13.csv,0,False,,,1.79,-0.4147
2026-08-08T09:07:54Z,Digitizer_run2126_subrun13.csv,1,False,,,2.4,-0.4219
2026-08-08T09:07:54Z,Digitizer_run2126_subrun13.csv,2,False,,,1.7,-0.402
2026-08-08T09:07:54Z,Digitizer_run2126_subrun13.csv,3,False,,,1.64,-0.4138
2026-08-08T09:07:54Z,Digitizer_run2126_subrun13.csv,4,False,,,1.47,-0.3771
2026-08-08T09:07:54Z,Digitizer_run2126_subrun13.csv,5,False,,,1.45,-0.3892
2026-08-08T09:07:54Z,Digitizer_run2126_subrun13.csv,6,False,,,3.23,-0.4528
2026-08-08T09:07:54Z,Digitizer_run2126_subrun13.csv,7,False,,,2.49,-0.4234
2026-08-08T09:07:54Z,Digitizer_run2126_subrun13.csv,8,False,,,2.97,-0.4725
2026-08-08T09:07:54Z,Digitizer_run2126_subrun13.csv,9,False,,,1.82,-0.4135
2026-08-08T09:07:54Z,Digitizer_run2126_subrun13.csv,10,False,,,3.02,-0.4671
2026-08-08T09:07:54Z,Digitizer_run2126_subrun13.csv,11,False,,,2.1,-0.4248
2026-08-08T09:07:54Z,Digitizer_run2126_subrun13.csv,12,False,,,2.68,-0.4587
2026-08-08T09:07:54Z,Digitizer_run2126_subrun13.csv,13,False,,,2.74,-0.4741
2026-08-08T09:07:54Z,Digitizer_run2126_subrun13.csv,14,False,,,1.78,-0.4271
2026-08-08T09:07:54Z,Digitizer_run2126_subrun13.csv,15,False,,,1.26,-0.4
2026-08-08T09:07:54Z,Digitizer_run2126_subrun13.csv,16,False,,,2.45,-0.4944
2026-08-08T09:07:54Z,Digitizer_run2126_subrun13.csv,17,False,,,2.6,-0.482
2026-08-08T09:07:54Z,Digitizer_run2126_subrun13.csv,18,False,,,1.11,-0.399
2026-08-08T09:07:54Z,Digitizer_run2126_subrun13.csv,19,False,,,1.59,-0.4128
2026-08-08T09:07:54Z,Digitizer_run2126_subrun13.csv,20,False,,,3.74,-0.4398
2026-08-08T09:07:54Z,Digitizer_run2126_subrun13.csv,21,False,,,1.71,-0.4022
2026-08-08T09:07:54Z,Digitizer_run2126_subrun13.csv,22,False,,,2.73,-0.4911
2026-08-08T09:07:54Z,Digitizer_run2126_subrun13.csv,23,False,,,2.17,-0.4541
2026-08-08T09:07:54Z,Digitizer_run2126_subrun13.csv,24,False,,,1.13,-0.3843
2026-08-08T09:07:54Z,Digitizer_run2126_subrun13.csv,25,False,,,1.21,-0.3798
2026-08-08T09:07:54Z,Digitizer_run2126_subrun13.csv,26,False,,,1.73,-0.4358
2026-08-08T09:07:54Z,Digitizer_run2126_subrun13.csv,27,False,,,1.77,-0.4451
2026-08-08T09:07:54Z,Digitizer_run2126_subrun13.csv,28,False,,,1.86,-0.4282
2026-08-08T09:07:54Z,Digitizer_run2126_subrun13.csv,29,False,,,1.47,-0.431
2026-08-08T09:07:54Z,Digitizer_run2126_subrun13.csv,30,False,,,2.46,-0.4282
2026-08-08T09:07:54Z,Digitizer_run2126_subrun13.csv,31,False,,,2.48,-0.4507
2026-08-08T09:07:54Z,Digitizer_run2126_subrun13.csv,32,False,,,2.53,-0.4131
2026-08-08T09:07:54Z,Digitizer_run2126_subrun13.csv,33,False,,,1.29,-0.3864
2026-08-08T09:07:54Z,Digitizer_run2126_subrun13.csv,34,False,,,4.14,-0.5075
2026-08-08T09:07:54Z,Digitizer_run2126_subrun13.csv,35,False,,,1.6,-0.4069
2026-08-08T09:07:54Z,Digitizer_run2126_subrun13.csv,36,False,,,2.76,-0.4701
2026-08-08T09:07:54Z,Digitizer_run2126_subrun13.csv,37,False,,,2.7,-0.4465
2026-08-08T09:07:54Z,Digitizer_run2126_subrun13.csv,38,False,,,2.93,-0.4811
2026-08-08T09:07:54Z,Digitizer_run2126_subrun13.csv,39,False,,,2.77,-0.491
2026-08-08T09:07:54Z,Digitizer_run2126_subrun13.csv,40,False,,,3.36,-0.4651
2026-08-08T09:07:54Z,Digitizer_run2126_subrun13.csv,41,False,,,3.9,-0.4876
2026-08-08T09:07:54Z,Digitizer_run2126_subrun13.csv,42,False,,,1.87,-0.403
2026-08-08T09:07:54Z,Digitizer_run2126_subrun13.csv,43,False,,,1.7,-0.4188
2026-08-08T09:07:54Z,Digitizer_run2126_subrun13.csv,44,False,,,3.49,-0.5289
2026-08-08T09:07:54Z,Digitizer_run2126_subrun13.csv,45,False,,,2.41,-0.4404
2026-08-08T09:07:54Z,Digitizer_run2126_subrun13.csv,46,False,,,2.82,-0.4758
2026-08-08T09:07:54Z,Digitizer_run2126_subrun13.csv,47,False,,,3.24,-0.5622
2026-08-08T09:07:54Z,Digitizer_run2126_subrun13.csv,48,False,,,2.67,-0.4554
2026-08-08T09:07:54Z,Digitizer_run2126_subrun13.csv,49,False,,,2.49,-0.4549
2026-08-08T09:07:54Z,Digitizer_run2126_subrun13.csv,50,False,,,1.37,-0.3987
2026-08-08T09:07:54Z,Digitizer_run2126_subrun13.csv,51,False,,,1.66,-0.4197
2026-08-08T09:07:54Z,Digitizer_run2126_subrun13.csv,52,False,,,6.84,-0.5831
2026-08-08T09:07:54Z,Digitizer_run2126_subrun13.csv,53,False,,,6.1,-0.579
2026-08-08T09:07:54Z,Digitizer_run2126_subrun13.csv,54,False,,,1.6,-0.3833
2026-08-08T09:07:54Z,Digitizer_run2126_subrun13.csv,55,False,,,0.92,-0.3746
2026-08-08T09:07:54Z,Digitizer_run2126_subrun13.csv,56,False,,,3.91,-0.5458
2026-08-08T09:07:54Z,Digitizer_run2126_subrun13.csv,57,False,,,3.14,-0.5506
2026-08-08T09:07:54Z,Digitizer_run2126_subrun13.csv,58,False,,,1.92,-0.4455
2026-08-08T09:07:54Z,Digitizer_run2126_subrun13.csv,59,False,,,2.8,-0.4764
2026-08-08T09:07:54Z,Digitizer_run2126_subrun13.csv,60,False,,,2.56,-0.4779
2026-08-08T09:07:54Z,Digitizer_run2126_subrun13.csv,61,False,,,1.46,-0.4221
2026-08-08T09:07:54Z,Digitizer_run2126_subrun13.csv,62,False,,,2.11,-0.4241
2026-08-08T09:07:54Z,Digitizer_run2126_subrun13.csv,63,False,,,3.35,-0.4099
2026-08-08T09:07:54Z,Digitizer_run2126_subrun13.csv,64,False,,,2.29,-0.4619
2026-08-08T09:07:54Z,Digitizer_run2126_subrun13.csv,65,False,,,2.04,-0.4554
2026-08-08T09:07:54Z,Digitizer_run2126_subrun13.csv,66,False,,,2.8,-0.4767
2026-08-08T09:07:54Z,Digitizer_run2126_subrun13.csv,67,False,,,1.96,-0.4056
2026-08-08T09:07:54Z,Digitizer_run2126_subrun13.csv,68,False,,,1.5,-0.4229
2026-08-08T09:07:54Z,Digitizer_run2126_subrun13.csv,69,False,,,1.62,-0.429
2026-08-08T09:07:54Z,Digitizer_run2126_subrun13.csv,70,False,,,1.44,-0.3824
2026-08-08T09:07:54Z,Digitizer_run2126_subrun13.csv,71,False,,,3.58,-0.501
2026-08-08T09:07:54Z,Digitizer_run2126_subrun13.csv,72,False,,,3.24,-0.4886
2026-08-08T09:07:54Z,Digitizer_run2126_subrun13.csv,73,False,,,1.02,-0.3859
2026-08-08T09:07:54Z,Digitizer_run2126_subrun13.csv,74,False,,,1.91,-0.3913
2026-08-08T09:07:54Z,Digitizer_run2126_subrun13.csv,75,False,,,2.2,-0.4166
2026-08-08T09:07:54Z,Digitizer_run2126_subrun13.csv,76,False,,,2.08,-0.4137
2026-08-08T09:07:54Z,Digitizer_run2126_subrun13.csv,77,False,,,3.23,-0.4185
2026-08-08T09:07:54Z,Digitizer_run2126_subrun13.csv,78,False,,,3.48,-0.4946
2026-08-08T09:07:54Z,Digitizer_run2126_subrun13.csv,79,False,,,2.46,-0.4403
2026-08-08T09:07:54Z,Digitizer_run2126_subrun13.csv,80,False,,,1.94,-0.439
2026-08-08T09:07:54Z,Digitizer_run2126_subrun13.csv,81,False,,,1.86,-0.413
2026-08-08T09:07:54Z,Digitizer_run2126_subrun13.csv,82,False,,,1.62,-0.3992
2026-08-08T09:07:54Z,Digitizer_run2126_subrun13.csv,83,False,,,2.91,-0.3883
2026-08-08T09:07:54Z,Digitizer_run2126_subrun13.csv,84,False,,,1.28,-0.3953
2026-08-08T09:07:54Z,Digitizer_run2126_subrun13.csv,85,False,,,1.7,-0.3951
2026-08-08T09:07:54Z,Digitizer_run2126_subrun13.csv,86,False,,,1.71,-0.392
2026-08-08T09:07:54Z,Digitizer_run2126_subrun13.csv,87,False,,,2.22,-0.4294
2026-08-08T09:07:54Z,Digitizer_run2126_subrun13.csv,88,False,,,1.38,-0.3887
2026-08-08T09:07:54Z,Digitizer_run2126_subrun13.csv,89,False,,,1.52,-0.4002
2026-08-08T09:07:54Z,Digitizer_run2126_subrun13.csv,90,False,,,1.84,-0.4108
2026-08-08T09:07:54Z,Digitizer_run2126_subrun13.csv,91,False,,,2.55,-0.4447
2026-08-08T09:07:54Z,Digitizer_run2126_subrun13.csv,92,False,,,1.57,-0.4122
2026-08-08T09:07:54Z,Digitizer_run2126_subrun13.csv,93,False,,,1.29,-0.4113
2026-08-08T09:07:54Z,Digitizer_run2126_subrun13.csv,94,False,,,2.45,-0.458
2026-08-08T09:07:54Z,Digitizer_run2126_subrun13.csv,95,False,,,2.61,-0.4512
2026-08-08T09:08:00Z,Digitizer_run2126_subrun14.csv,0,False,,,2.94,-0.4816
2026-08-08T09:08:00Z,Digitizer_run2126_subrun14.csv,1,False,,,2.59,-0.4374
2026-08-08T09:08:00Z,Digitizer_run2126_subrun14.csv,2,False,,,1.5,-0.4103
2026-08-08T09:08:00Z,Digitizer_run2126_subrun14.csv,3,False,,,3.83,-0.4324
2026-08-08T09:08:00Z,Digitizer_run2126_subrun14.csv,4,False,,,1.28,-0.4006
2026-08-08T09:08:00Z,Digitizer_run2126_subrun14.csv,5,False,,,2.01,-0.4223
2026-08-08T09:08:00Z,Digitizer_run2126_subrun14.csv,6,False,,,5.59,-0.5362
2026-08-08T09:08:00Z,Digitizer_run2126_subrun14.csv,7,False,,,2.47,-0.4954
2026-08-08T09:08:00Z,Digitizer_run2126_subrun14.csv,8,False,,,2.45,-0.4679
2026-08-08T09:08:00Z,Digitizer_run2126_subrun14.csv,9,False,,,2.14,-0.4665
2026-08-08T09:08:00Z,Digitizer_run2126_subrun14.csv,10,False,,,1.57,-0.4102
2026-08-08T09:08:00Z,Digitizer_run2126_subrun14.csv,11,False,,,1.82,-0.4086
2026-08-08T09:08:00Z,Digitizer_run2126_subrun14.csv,12,False,,,1.84,-0.4923
2026-08-08T09:08:00Z,Digitizer_run2126_subrun14.csv,13,False,,,2.28,-0.4621
2026-08-08T09:08:00Z,Digitizer_run2126_subrun14.csv,14,False,,,1.92,-0.4216
2026-08-08T09:08:00Z,Digitizer_run2126_subrun14.csv,15,False,,,1.21,-0.3933
2026-08-08T09:08:00Z,Digitizer_run2126_subrun14.csv,16,False,,,1.68,-0.4428
2026-08-08T09:08:00Z,Digitizer_run2126_subrun14.csv,17,False,,,1.47,-0.4122
2026-08-08T09:08:00Z,Digitizer_run2126_subrun14.csv,18,False,,,2.49,-0.4253
2026-08-08T09:08:00Z,Digitizer_run2126_subrun14.csv,19,False,,,2.55,-0.4372
2026-08-08T09:08:00Z,Digitizer_run2126_subrun14.csv,20,False,,,1.16,-0.4068
2026-08-08T09:08:00Z,Digitizer_run2126_subrun14.csv,21,False,,,2.07,-0.418
2026-08-08T09:08:00Z,Digitizer_run2126_subrun14.csv,22,False,,,2.45,-0.4268
2026-08-08T09:08:00Z,Digitizer_run2126_subrun14.csv,23,False,,,3.23,-0.4779
2026-08-08T09:08:00Z,Digitizer_run2126_subrun14.csv,24,False,,,4.96,-0.603
2026-08-08T09:08:00Z,Digitizer_run2126_subrun14.csv,25,False,,,2.64,-0.4842
2026-08-08T09:08:00Z,Digitizer_run2126_subrun14.csv,26,False,,,2.33,-0.4426
2026-08-08T09:08:00Z,Digitizer_run2126_subrun14.csv,27,False,,,2.76,-0.4656
2026-08-08T09:08:00Z,Digitizer_run2126_subrun14.csv,28,False,,,1.92,-0.4296
2026-08-08T09:08:00Z,Digitizer_run2126_subrun14.csv,29,False,,,2.43,-0.4599
2026-08-08T09:08:00Z,Digitizer_run2126_subrun14.csv,30,False,,,3.02,-0.5346
2026-08-08T09:08:00Z,Digitizer_run2126_subrun14.csv,31,False,,,3.49,-0.516
2026-08-08T09:08:00Z,Digitizer_run2126_subrun14.csv,32,False,,,2.78,-0.4842
2026-08-08T09:08:00Z,Digitizer_run2126_subrun14.csv,33,False,,,2.12,-0.4349
2026-08-08T09:08:00Z,Digitizer_run2126_subrun14.csv,34,False,,,2.34,-0.479
2026-08-08T09:08:00Z,Digitizer_run2126_subrun14.csv,35,False,,,2.34,-0.4323
2026-08-08T09:08:00Z,Digitizer_run2126_subrun14.csv,36,False,,,1.67,-0.4031
2026-08-08T09:08:00Z,Digitizer_run2126_subrun14.csv,37,False,,,3.37,-0.4258
2026-08-08T09:08:00Z,Digitizer_run2126_subrun14.csv,38,False,,,3.39,-0.5189
2026-08-08T09:08:00Z,Digitizer_run2126_subrun14.csv,39,False,,,3.33,-0.5389
2026-08-08T09:08:00Z,Digitizer_run2126_subrun14.csv,40,False,,,1.46,-0.3961
2026-08-08T09:08:00Z,Digitizer_run2126_subrun14.csv,41,False,,,1.97,-0.4335
2026-08-08T09:08:00Z,Digitizer_run2126_subrun14.csv,42,False,,,1.25,-0.4056
2026-08-08T09:08:00Z,Digitizer_run2126_subrun14.csv,43,False,,,1.98,-0.4448
2026-08-08T09:08:00Z,Digitizer_run2126_subrun14.csv,44,False,,,1.9,-0.4286
2026-08-08T09:08:00Z,Digitizer_run2126_subrun14.csv,45,False,,,2.01,-0.4749
2026-08-08T09:08:00Z,Digitizer_run2126_subrun14.csv,46,False,,,2.35,-0.4224
2026-08-08T09:08:00Z,Digitizer_run2126_subrun14.csv,47,False,,,2.12,-0.4065
2026-08-08T09:08:00Z,Digitizer_run2126_subrun14.csv,48,False,,,2.96,-0.4914
2026-08-08T09:08:00Z,Digitizer_run2126_subrun14.csv,49,False,,,2.86,-0.4792
2026-08-08T09:08:00Z,Digitizer_run2126_subrun14.csv,50,False,,,1.34,-0.4131
2026-08-08T09:08:00Z,Digitizer_run2126_subrun14.csv,51,False,,,1.15,-0.3934
2026-08-08T09:08:00Z,Digitizer_run2126_subrun14.csv,52,False,,,3.19,-0.5598
2026-08-08T09:08:00Z,Digitizer_run2126_subrun14.csv,53,False,,,2.81,-0.4445
2026-08-08T09:08:00Z,Digitizer_run2126_subrun14.csv,54,False,,,3.03,-0.5476
2026-08-08T09:08:00Z,Digitizer_run2126_subrun14.csv,55,False,,,2.54,-0.4794
2026-08-08T09:08:00Z,Digitizer_run2126_subrun14.csv,56,False,,,2.31,-0.451
2026-08-08T09:08:00Z,Digitizer_run2126_subrun14.csv,57,False,,,2.61,-0.4189
2026-08-08T09:08:00Z,Digitizer_run2126_subrun14.csv,58,False,,,1.43,-0.4082
2026-08-08T09:08:00Z,Digitizer_run2126_subrun14.csv,59,False,,,2.44,-0.439
2026-08-08T09:08:00Z,Digitizer_run2126_subrun14.csv,60,False,,,4.68,-0.5219
2026-08-08T09:08:00Z,Digitizer_run2126_subrun14.csv,61,False,,,2.6,-0.4702
2026-08-08T09:08:00Z,Digitizer_run2126_subrun14.csv,62,False,,,1.93,-0.4798
2026-08-08T09:08:00Z,Digitizer_run2126_subrun14.csv,63,False,,,3.22,-0.4174
2026-08-08T09:08:00Z,Digitizer_run2126_subrun14.csv,64,False,,,1.83,-0.4032
2026-08-08T09:08:00Z,Digitizer_run2126_subrun14.csv,65,False,,,3.09,-0.4409
2026-08-08T09:08:00Z,Digitizer_run2126_subrun14.csv,66,False,,,1.03,-0.3796
2026-08-08T09:08:00Z,Digitizer_run2126_subrun14.csv,67,False,,,1.39,-0.3918
2026-08-08T09:08:00Z,Digitizer_run2126_subrun14.csv,68,False,,,1.68,-0.413
2026-08-08T09:08:00Z,Digitizer_run2126_subrun14.csv,69,False,,,1.4,-0.3889
2026-08-08T09:08:00Z,Digitizer_run2126_subrun14.csv,70,False,,,2.86,-0.4733
2026-08-08T09:08:00Z,Digitizer_run2126_subrun14.csv,71,False,,,3.58,-0.5553
2026-08-08T09:08:00Z,Digitizer_run2126_subrun14.csv,72,False,,,4.13,-0.6053
2026-08-08T09:08:00Z,Digitizer_run2126_subrun14.csv,73,False,,,3.58,-0.5406
2026-08-08T09:08:00Z,Digitizer_run2126_subrun14.csv,74,False,,,2.58,-0.4482
2026-08-08T09:08:00Z,Digitizer_run2126_subrun14.csv,75,False,,,3.21,-0.4349
2026-08-08T09:08:00Z,Digitizer_run2126_subrun14.csv,76,False,,,1.87,-0.4011
2026-08-08T09:08:00Z,Digitizer_run2126_subrun14.csv,77,False,,,1.84,-0.4406
2026-08-08T09:08:00Z,Digitizer_run2126_subrun14.csv,78,False,,,0.94,-0.3835
2026-08-08T09:08:00Z,Digitizer_run2126_subrun14.csv,79,False,,,1.11,-0.3867
2026-08-08T09:08:00Z,Digitizer_run2126_subrun14.csv,80,False,,,1.94,-0.4388
2026-08-08T09:08:00Z,Digitizer_run2126_subrun14.csv,81,False,,,2.56,-0.4473
2026-08-08T09:08:00Z,Digitizer_run2126_subrun14.csv,82,False,,,1.61,-0.4153
2026-08-08T09:08:00Z,Digitizer_run2126_subrun14.csv,83,False,,,1.09,-0.3907
2026-08-08T09:08:00Z,Digitizer_run2126_subrun14.csv,84,False,,,2.35,-0.4275
2026-08-08T09:08:00Z,Digitizer_run2126_subrun14.csv,85,False,,,5.88,-0.5143
2026-08-08T09:08:00Z,Digitizer_run2126_subrun14.csv,86,False,,,3.95,-0.4085
2026-08-08T09:08:00Z,Digitizer_run2126_subrun14.csv,87,False,,,3.21,-0.4163
2026-08-08T09:08:00Z,Digitizer_run2126_subrun14.csv,88,False,,,1.86,-0.4159
2026-08-08T09:08:00Z,Digitizer_run2126_subrun14.csv,89,False,,,1.73,-0.431
2026-08-08T09:08:00Z,Digitizer_run2126_subrun14.csv,90,False,,,3.0,-0.4905
2026-08-08T09:08:00Z,Digitizer_run2126_subrun14.csv,91,False,,,3.24,-0.4602
2026-08-08T09:08:00Z,Digitizer_run2126_subrun14.csv,92,False,,,1.96,-0.4451
2026-08-08T09:08:00Z,Digitizer_run2126_subrun14.csv,93,False,,,2.99,-0.4977
2026-08-08T09:08:00Z,Digitizer_run2126_subrun14.csv,94,False,,,1.53,-0.4185
2026-08-08T09:08:00Z,Digitizer_run2126_subrun14.csv,95,False,,,3.42,-0.4656
2026-08-08T09:08:04Z,Digitizer_run2126_subrun15.csv,0,False,,,2.83,-0.4748
2026-08-08T09:08:04Z,Digitizer_run2126_subrun15.csv,1,False,,,1.52,-0.416
2026-08-08T09:08:04Z,Digitizer_run2126_subrun15.csv,2,False,,,2.66,-0.4915
2026-08-08T09:08:04Z,Digitizer_run2126_subrun15.csv,3,False,,,5.13,-0.4644
2026-08-08T09:08:04Z,Digitizer_run2126_subrun15.csv,4,False,,,3.47,-0.4296
2026-08-08T09:08:04Z,Digitizer_run2126_subrun15.csv,5,False,,,3.08,-0.4784
2026-08-08T09:08:04Z,Digitizer_run2126_subrun15.csv,6,False,,,2.83,-0.456
2026-08-08T09:08:04Z,Digitizer_run2126_subrun15.csv,7,False,,,1.98,-0.4247
2026-08-08T09:08:04Z,Digitizer_run2126_subrun15.csv,8,False,,,1.56,-0.4208
2026-08-08T09:08:04Z,Digitizer_run2126_subrun15.csv,9,False,,,1.5,-0.4033
2026-08-08T09:08:04Z,Digitizer_run2126_subrun15.csv,10,False,,,3.45,-0.5752
2026-08-08T09:08:04Z,Digitizer_run2126_subrun15.csv,11,False,,,3.93,-0.5548
2026-08-08T09:08:04Z,Digitizer_run2126_subrun15.csv,12,False,,,1.44,-0.4165
2026-08-08T09:08:04Z,Digitizer_run2126_subrun15.csv,13,False,,,2.09,-0.4232
2026-08-08T09:08:04Z,Digitizer_run2126_subrun15.csv,14,False,,,1.16,-0.394
2026-08-08T09:08:04Z,Digitizer_run2126_subrun15.csv,15,False,,,1.39,-0.3924
2026-08-08T09:08:04Z,Digitizer_run2126_subrun15.csv,16,False,,,3.6,-0.4727
2026-08-08T09:08:04Z,Digitizer_run2126_subrun15.csv,17,False,,,2.14,-0.4202
2026-08-08T09:08:04Z,Digitizer_run2126_subrun15.csv,18,False,,,1.7,-0.4417
2026-08-08T09:08:04Z,Digitizer_run2126_subrun15.csv,19,False,,,2.08,-0.4474
2026-08-08T09:08:04Z,Digitizer_run2126_subrun15.csv,20,False,,,2.37,-0.4075
2026-08-08T09:08:04Z,Digitizer_run2126_subrun15.csv,21,False,,,1.72,-0.4316
2026-08-08T09:08:04Z,Digitizer_run2126_subrun15.csv,22,False,,,1.75,-0.4149
2026-08-08T09:08:04Z,Digitizer_run2126_subrun15.csv,23,False,,,1.39,-0.4053
2026-08-08T09:08:04Z,Digitizer_run2126_subrun15.csv,24,False,,,1.57,-0.4165
2026-08-08T09:08:04Z,Digitizer_run2126_subrun15.csv,25,False,,,2.12,-0.4362
2026-08-08T09:08:04Z,Digitizer_run2126_subrun15.csv,26,False,,,2.48,-0.4463
2026-08-08T09:08:04Z,Digitizer_run2126_subrun15.csv,27,False,,,2.2,-0.4429
2026-08-08T09:08:04Z,Digitizer_run2126_subrun15.csv,28,False,,,1.24,-0.3956
2026-08-08T09:08:04Z,Digitizer_run2126_subrun15.csv,29,True,statistical,nPulses_median,25.75,-0.4819
2026-08-08T09:08:04Z,Digitizer_run2126_subrun15.csv,30,False,,,2.95,-0.447
2026-08-08T09:08:04Z,Digitizer_run2126_subrun15.csv,31,False,,,1.73,-0.437
2026-08-08T09:08:04Z,Digitizer_run2126_subrun15.csv,32,False,,,2.01,-0.4487
2026-08-08T09:08:04Z,Digitizer_run2126_subrun15.csv,33,False,,,1.58,-0.4164
2026-08-08T09:08:04Z,Digitizer_run2126_subrun15.csv,34,False,,,2.08,-0.4292
2026-08-08T09:08:04Z,Digitizer_run2126_subrun15.csv,35,False,,,1.62,-0.4123
2026-08-08T09:08:04Z,Digitizer_run2126_subrun15.csv,36,False,,,1.99,-0.4525
2026-08-08T09:08:04Z,Digitizer_run2126_subrun15.csv,37,False,,,1.84,-0.4257
2026-08-08T09:08:04Z,Digitizer_run2126_subrun15.csv,38,False,,,1.72,-0.421
2026-08-08T09:08:04Z,Digitizer_run2126_subrun15.csv,39,False,,,3.95,-0.5498
2026-08-08T09:08:04Z,Digitizer_run2126_subrun15.csv,40,False,,,2.63,-0.4378
2026-08-08T09:08:04Z,Digitizer_run2126_subrun15.csv,41,False,,,2.11,-0.4318
2026-08-08T09:08:04Z,Digitizer_run2126_subrun15.csv,42,False,,,1.78,-0.423
2026-08-08T09:08:04Z,Digitizer_run2126_subrun15.csv,43,False,,,2.34,-0.4128
2026-08-08T09:08:04Z,Digitizer_run2126_subrun15.csv,44,False,,,4.3,-0.4373
2026-08-08T09:08:04Z,Digitizer_run2126_subrun15.csv,45,False,,,1.19,-0.3915
2026-08-08T09:08:04Z,Digitizer_run2126_subrun15.csv,46,False,,,1.55,-0.4224
2026-08-08T09:08:04Z,Digitizer_run2126_subrun15.csv,47,False,,,1.24,-0.4139
2026-08-08T09:08:04Z,Digitizer_run2126_subrun15.csv,48,False,,,2.21,-0.4087
2026-08-08T09:08:04Z,Digitizer_run2126_subrun15.csv,49,False,,,0.97,-0.3751
2026-08-08T09:08:04Z,Digitizer_run2126_subrun15.csv,50,False,,,2.39,-0.4394
2026-08-08T09:08:04Z,Digitizer_run2126_subrun15.csv,51,False,,,1.7,-0.4071
2026-08-08T09:08:04Z,Digitizer_run2126_subrun15.csv,52,False,,,2.37,-0.4651
2026-08-08T09:08:04Z,Digitizer_run2126_subrun15.csv,53,False,,,2.35,-0.4257
2026-08-08T09:08:04Z,Digitizer_run2126_subrun15.csv,54,False,,,1.99,-0.4195
2026-08-08T09:08:04Z,Digitizer_run2126_subrun15.csv,55,False,,,2.32,-0.4519
2026-08-08T09:08:04Z,Digitizer_run2126_subrun15.csv,56,False,,,3.49,-0.5621
2026-08-08T09:08:04Z,Digitizer_run2126_subrun15.csv,57,False,,,1.11,-0.4007
2026-08-08T09:08:04Z,Digitizer_run2126_subrun15.csv,58,False,,,2.12,-0.4656
2026-08-08T09:08:04Z,Digitizer_run2126_subrun15.csv,59,False,,,3.11,-0.4816
2026-08-08T09:08:04Z,Digitizer_run2126_subrun15.csv,60,False,,,3.94,-0.535
2026-08-08T09:08:04Z,Digitizer_run2126_subrun15.csv,61,False,,,3.4,-0.4949
2026-08-08T09:08:04Z,Digitizer_run2126_subrun15.csv,62,False,,,1.23,-0.4104
2026-08-08T09:08:04Z,Digitizer_run2126_subrun15.csv,63,False,,,2.62,-0.461
2026-08-08T09:08:04Z,Digitizer_run2126_subrun15.csv,64,False,,,2.3,-0.439
2026-08-08T09:08:04Z,Digitizer_run2126_subrun15.csv,65,False,,,2.01,-0.4075
2026-08-08T09:08:04Z,Digitizer_run2126_subrun15.csv,66,False,,,1.6,-0.418
2026-08-08T09:08:04Z,Digitizer_run2126_subrun15.csv,67,False,,,1.97,-0.4092
2026-08-08T09:08:04Z,Digitizer_run2126_subrun15.csv,68,False,,,3.47,-0.508
2026-08-08T09:08:04Z,Digitizer_run2126_subrun15.csv,69,False,,,1.93,-0.4344
2026-08-08T09:08:04Z,Digitizer_run2126_subrun15.csv,70,False,,,1.86,-0.4349
2026-08-08T09:08:04Z,Digitizer_run2126_subrun15.csv,71,False,,,3.58,-0.5258
2026-08-08T09:08:04Z,Digitizer_run2126_subrun15.csv,72,False,,,2.17,-0.4897
2026-08-08T09:08:04Z,Digitizer_run2126_subrun15.csv,73,False,,,1.42,-0.3936
2026-08-08T09:08:04Z,Digitizer_run2126_subrun15.csv,74,False,,,1.23,-0.3825
2026-08-08T09:08:04Z,Digitizer_run2126_subrun15.csv,75,False,,,1.6,-0.4048
2026-08-08T09:08:04Z,Digitizer_run2126_subrun15.csv,76,False,,,2.57,-0.4555
2026-08-08T09:08:04Z,Digitizer_run2126_subrun15.csv,77,False,,,1.93,-0.438
2026-08-08T09:08:04Z,Digitizer_run2126_subrun15.csv,78,False,,,2.32,-0.5101
2026-08-08T09:08:04Z,Digitizer_run2126_subrun15.csv,79,False,,,2.62,-0.4954
2026-08-08T09:08:04Z,Digitizer_run2126_subrun15.csv,80,False,,,1.94,-0.4003
2026-08-08T09:08:04Z,Digitizer_run2126_subrun15.csv,81,False,,,1.28,-0.4071
2026-08-08T09:08:04Z,Digitizer_run2126_subrun15.csv,82,False,,,1.71,-0.4223
2026-08-08T09:08:04Z,Digitizer_run2126_subrun15.csv,83,False,,,1.52,-0.4237
2026-08-08T09:08:04Z,Digitizer_run2126_subrun15.csv,84,False,,,1.84,-0.4233
2026-08-08T09:08:04Z,Digitizer_run2126_subrun15.csv,85,False,,,1.81,-0.4074
2026-08-08T09:08:04Z,Digitizer_run2126_subrun15.csv,86,False,,,2.26,-0.4236
2026-08-08T09:08:04Z,Digitizer_run2126_subrun15.csv,87,False,,,2.17,-0.4216
2026-08-08T09:08:04Z,Digitizer_run2126_subrun15.csv,88,False,,,1.88,-0.4181
2026-08-08T09:08:04Z,Digitizer_run2126_subrun15.csv,89,False,,,1.62,-0.4255
2026-08-08T09:08:04Z,Digitizer_run2126_subrun15.csv,90,False,,,2.98,-0.4764
2026-08-08T09:08:04Z,Digitizer_run2126_subrun15.csv,91,False,,,1.76,-0.4339
2026-08-08T09:08:04Z,Digitizer_run2126_subrun15.csv,92,False,,,2.07,-0.4417
2026-08-08T09:08:04Z,Digitizer_run2126_subrun15.csv,93,False,,,1.26,-0.4237
2026-08-08T09:08:04Z,Digitizer_run2126_subrun15.csv,94,False,,,2.17,-0.4887
2026-08-08T09:08:04Z,Digitizer_run2126_subrun15.csv,95,False,,,2.76,-0.4564
2026-08-08T09:08:09Z,Digitizer_run2126_subrun16.csv,0,False,,,1.3,-0.4067
2026-08-08T09:08:09Z,Digitizer_run2126_subrun16.csv,1,False,,,2.06,-0.4029
2026-08-08T09:08:09Z,Digitizer_run2126_subrun16.csv,2,False,,,2.31,-0.4179
2026-08-08T09:08:09Z,Digitizer_run2126_subrun16.csv,3,False,,,5.04,-0.4134
2026-08-08T09:08:09Z,Digitizer_run2126_subrun16.csv,4,False,,,2.15,-0.484
2026-08-08T09:08:09Z,Digitizer_run2126_subrun16.csv,5,False,,,1.81,-0.4332
2026-08-08T09:08:09Z,Digitizer_run2126_subrun16.csv,6,False,,,1.48,-0.4157
2026-08-08T09:08:09Z,Digitizer_run2126_subrun16.csv,7,False,,,1.45,-0.4148
2026-08-08T09:08:09Z,Digitizer_run2126_subrun16.csv,8,False,,,3.49,-0.5587
2026-08-08T09:08:09Z,Digitizer_run2126_subrun16.csv,9,False,,,4.8,-0.4622
2026-08-08T09:08:09Z,Digitizer_run2126_subrun16.csv,10,False,,,1.32,-0.4025
2026-08-08T09:08:09Z,Digitizer_run2126_subrun16.csv,11,False,,,2.02,-0.403
2026-08-08T09:08:09Z,Digitizer_run2126_subrun16.csv,12,False,,,3.03,-0.4699
2026-08-08T09:08:09Z,Digitizer_run2126_subrun16.csv,13,False,,,2.15,-0.4536
2026-08-08T09:08:09Z,Digitizer_run2126_subrun16.csv,14,False,,,2.23,-0.4643
2026-08-08T09:08:09Z,Digitizer_run2126_subrun16.csv,15,False,,,2.81,-0.5333
2026-08-08T09:08:09Z,Digitizer_run2126_subrun16.csv,16,False,,,2.16,-0.4438
2026-08-08T09:08:09Z,Digitizer_run2126_subrun16.csv,17,False,,,2.34,-0.4694
2026-08-08T09:08:09Z,Digitizer_run2126_subrun16.csv,18,False,,,1.68,-0.4193
2026-08-08T09:08:09Z,Digitizer_run2126_subrun16.csv,19,False,,,2.21,-0.4064
2026-08-08T09:08:09Z,Digitizer_run2126_subrun16.csv,20,False,,,1.65,-0.4179
2026-08-08T09:08:09Z,Digitizer_run2126_subrun16.csv,21,False,,,2.55,-0.455
2026-08-08T09:08:09Z,Digitizer_run2126_subrun16.csv,22,False,,,3.03,-0.5063
2026-08-08T09:08:09Z,Digitizer_run2126_subrun16.csv,23,False,,,2.06,-0.4501
2026-08-08T09:08:09Z,Digitizer_run2126_subrun16.csv,24,False,,,2.09,-0.4281
2026-08-08T09:08:09Z,Digitizer_run2126_subrun16.csv,25,False,,,1.58,-0.4124
2026-08-08T09:08:09Z,Digitizer_run2126_subrun16.csv,26,False,,,1.83,-0.4361
2026-08-08T09:08:09Z,Digitizer_run2126_subrun16.csv,27,False,,,2.36,-0.4057
2026-08-08T09:08:09Z,Digitizer_run2126_subrun16.csv,28,False,,,2.18,-0.4342
2026-08-08T09:08:09Z,Digitizer_run2126_subrun16.csv,29,False,,,3.66,-0.5301
2026-08-08T09:08:09Z,Digitizer_run2126_subrun16.csv,30,False,,,3.87,-0.5932
2026-08-08T09:08:09Z,Digitizer_run2126_subrun16.csv,31,False,,,2.55,-0.5058
2026-08-08T09:08:09Z,Digitizer_run2126_subrun16.csv,32,False,,,1.61,-0.458
2026-08-08T09:08:09Z,Digitizer_run2126_subrun16.csv,33,False,,,2.94,-0.507
2026-08-08T09:08:09Z,Digitizer_run2126_subrun16.csv,34,False,,,1.61,-0.4056
2026-08-08T09:08:09Z,Digitizer_run2126_subrun16.csv,35,False,,,1.64,-0.4076
2026-08-08T09:08:09Z,Digitizer_run2126_subrun16.csv,36,False,,,2.74,-0.4676
2026-08-08T09:08:09Z,Digitizer_run2126_subrun16.csv,37,False,,,1.49,-0.4064
2026-08-08T09:08:09Z,Digitizer_run2126_subrun16.csv,38,False,,,2.07,-0.4358
2026-08-08T09:08:09Z,Digitizer_run2126_subrun16.csv,39,False,,,1.74,-0.4268
2026-08-08T09:08:09Z,Digitizer_run2126_subrun16.csv,40,False,,,1.97,-0.4113
2026-08-08T09:08:09Z,Digitizer_run2126_subrun16.csv,41,False,,,4.51,-0.4696
2026-08-08T09:08:09Z,Digitizer_run2126_subrun16.csv,42,False,,,1.45,-0.4286
2026-08-08T09:08:09Z,Digitizer_run2126_subrun16.csv,43,False,,,1.6,-0.4099
2026-08-08T09:08:09Z,Digitizer_run2126_subrun16.csv,44,False,,,4.3,-0.5197
2026-08-08T09:08:09Z,Digitizer_run2126_subrun16.csv,45,False,,,5.63,-0.5641
2026-08-08T09:08:09Z,Digitizer_run2126_subrun16.csv,46,False,,,6.22,-0.5537
2026-08-08T09:08:09Z,Digitizer_run2126_subrun16.csv,47,False,,,5.57,-0.5951
2026-08-08T09:08:09Z,Digitizer_run2126_subrun16.csv,48,False,,,4.87,-0.5306
2026-08-08T09:08:09Z,Digitizer_run2126_subrun16.csv,49,False,,,1.67,-0.4062
2026-08-08T09:08:09Z,Digitizer_run2126_subrun16.csv,50,False,,,2.21,-0.4785
2026-08-08T09:08:09Z,Digitizer_run2126_subrun16.csv,51,False,,,3.95,-0.5649
2026-08-08T09:08:09Z,Digitizer_run2126_subrun16.csv,52,False,,,5.25,-0.5551
2026-08-08T09:08:09Z,Digitizer_run2126_subrun16.csv,53,False,,,4.95,-0.5999
2026-08-08T09:08:09Z,Digitizer_run2126_subrun16.csv,54,False,,,2.69,-0.482
2026-08-08T09:08:09Z,Digitizer_run2126_subrun16.csv,55,False,,,2.99,-0.4309
2026-08-08T09:08:09Z,Digitizer_run2126_subrun16.csv,56,False,,,2.39,-0.4765
2026-08-08T09:08:09Z,Digitizer_run2126_subrun16.csv,57,False,,,2.35,-0.4381
2026-08-08T09:08:09Z,Digitizer_run2126_subrun16.csv,58,False,,,2.02,-0.4439
2026-08-08T09:08:09Z,Digitizer_run2126_subrun16.csv,59,False,,,2.28,-0.4544
2026-08-08T09:08:09Z,Digitizer_run2126_subrun16.csv,60,False,,,4.95,-0.5305
2026-08-08T09:08:09Z,Digitizer_run2126_subrun16.csv,61,False,,,5.15,-0.5712
2026-08-08T09:08:09Z,Digitizer_run2126_subrun16.csv,62,False,,,2.38,-0.4567
2026-08-08T09:08:09Z,Digitizer_run2126_subrun16.csv,63,False,,,2.1,-0.4389
2026-08-08T09:08:09Z,Digitizer_run2126_subrun16.csv,64,False,,,3.15,-0.491
2026-08-08T09:08:09Z,Digitizer_run2126_subrun16.csv,65,False,,,2.82,-0.4395
2026-08-08T09:08:09Z,Digitizer_run2126_subrun16.csv,66,False,,,2.28,-0.431
2026-08-08T09:08:09Z,Digitizer_run2126_subrun16.csv,67,False,,,2.49,-0.4611
2026-08-08T09:08:09Z,Digitizer_run2126_subrun16.csv,68,False,,,3.89,-0.5197
2026-08-08T09:08:09Z,Digitizer_run2126_subrun16.csv,69,False,,,2.99,-0.5349
2026-08-08T09:08:09Z,Digitizer_run2126_subrun16.csv,70,False,,,1.75,-0.4258
2026-08-08T09:08:09Z,Digitizer_run2126_subrun16.csv,71,False,,,3.58,-0.5034
2026-08-08T09:08:09Z,Digitizer_run2126_subrun16.csv,72,False,,,3.88,-0.5996
2026-08-08T09:08:09Z,Digitizer_run2126_subrun16.csv,73,False,,,2.2,-0.4906
2026-08-08T09:08:09Z,Digitizer_run2126_subrun16.csv,74,False,,,2.87,-0.4613
2026-08-08T09:08:09Z,Digitizer_run2126_subrun16.csv,75,False,,,2.54,-0.4581
2026-08-08T09:08:09Z,Digitizer_run2126_subrun16.csv,76,False,,,2.0,-0.4115
2026-08-08T09:08:09Z,Digitizer_run2126_subrun16.csv,77,False,,,1.86,-0.4317
2026-08-08T09:08:09Z,Digitizer_run2126_subrun16.csv,78,False,,,3.57,-0.479
2026-08-08T09:08:09Z,Digitizer_run2126_subrun16.csv,79,False,,,3.53,-0.4756
2026-08-08T09:08:09Z,Digitizer_run2126_subrun16.csv,80,False,,,2.32,-0.4673
2026-08-08T09:08:09Z,Digitizer_run2126_subrun16.csv,81,False,,,1.7,-0.4289
2026-08-08T09:08:09Z,Digitizer_run2126_subrun16.csv,82,False,,,2.41,-0.4971
2026-08-08T09:08:09Z,Digitizer_run2126_subrun16.csv,83,False,,,3.68,-0.4705
2026-08-08T09:08:09Z,Digitizer_run2126_subrun16.csv,84,False,,,2.14,-0.435
2026-08-08T09:08:09Z,Digitizer_run2126_subrun16.csv,85,False,,,2.26,-0.4663
2026-08-08T09:08:09Z,Digitizer_run2126_subrun16.csv,86,False,,,1.82,-0.4209
2026-08-08T09:08:09Z,Digitizer_run2126_subrun16.csv,87,False,,,1.88,-0.4288
2026-08-08T09:08:09Z,Digitizer_run2126_subrun16.csv,88,False,,,1.27,-0.4004
2026-08-08T09:08:09Z,Digitizer_run2126_subrun16.csv,89,False,,,1.4,-0.3969
2026-08-08T09:08:09Z,Digitizer_run2126_subrun16.csv,90,False,,,2.62,-0.4595
2026-08-08T09:08:09Z,Digitizer_run2126_subrun16.csv,91,False,,,2.57,-0.5358
2026-08-08T09:08:09Z,Digitizer_run2126_subrun16.csv,92,False,,,3.15,-0.4644
2026-08-08T09:08:09Z,Digitizer_run2126_subrun16.csv,93,False,,,1.4,-0.4188
2026-08-08T09:08:09Z,Digitizer_run2126_subrun16.csv,94,False,,,2.98,-0.4346
2026-08-08T09:08:09Z,Digitizer_run2126_subrun16.csv,95,False,,,1.64,-0.3989
2026-08-08T09:08:13Z,Digitizer_run2126_subrun17.csv,0,False,,,2.36,-0.4305
2026-08-08T09:08:13Z,Digitizer_run2126_subrun17.csv,1,False,,,1.63,-0.3913
2026-08-08T09:08:13Z,Digitizer_run2126_subrun17.csv,2,False,,,2.0,-0.4172
2026-08-08T09:08:13Z,Digitizer_run2126_subrun17.csv,3,False,,,2.26,-0.4482
2026-08-08T09:08:13Z,Digitizer_run2126_subrun17.csv,4,False,,,2.03,-0.4519
2026-08-08T09:08:13Z,Digitizer_run2126_subrun17.csv,5,False,,,1.46,-0.3999
2026-08-08T09:08:13Z,Digitizer_run2126_subrun17.csv,6,False,,,2.44,-0.4749
2026-08-08T09:08:13Z,Digitizer_run2126_subrun17.csv,7,False,,,2.52,-0.4887
2026-08-08T09:08:13Z,Digitizer_run2126_subrun17.csv,8,False,,,3.2,-0.5011
2026-08-08T09:08:13Z,Digitizer_run2126_subrun17.csv,9,False,,,2.08,-0.4523
2026-08-08T09:08:13Z,Digitizer_run2126_subrun17.csv,10,False,,,1.42,-0.4103
2026-08-08T09:08:13Z,Digitizer_run2126_subrun17.csv,11,False,,,1.81,-0.4118
2026-08-08T09:08:13Z,Digitizer_run2126_subrun17.csv,12,False,,,2.44,-0.4579
2026-08-08T09:08:13Z,Digitizer_run2126_subrun17.csv,13,False,,,2.3,-0.4595
2026-08-08T09:08:13Z,Digitizer_run2126_subrun17.csv,14,False,,,4.15,-0.501
2026-08-08T09:08:13Z,Digitizer_run2126_subrun17.csv,15,False,,,1.48,-0.4339
2026-08-08T09:08:13Z,Digitizer_run2126_subrun17.csv,16,False,,,2.35,-0.4217
2026-08-08T09:08:13Z,Digitizer_run2126_subrun17.csv,17,False,,,1.54,-0.411
2026-08-08T09:08:13Z,Digitizer_run2126_subrun17.csv,18,False,,,2.34,-0.4071
2026-08-08T09:08:13Z,Digitizer_run2126_subrun17.csv,19,False,,,1.41,-0.392
2026-08-08T09:08:13Z,Digitizer_run2126_subrun17.csv,20,False,,,1.78,-0.4141
2026-08-08T09:08:13Z,Digitizer_run2126_subrun17.csv,21,False,,,2.29,-0.4238
2026-08-08T09:08:13Z,Digitizer_run2126_subrun17.csv,22,False,,,3.56,-0.5254
2026-08-08T09:08:13Z,Digitizer_run2126_subrun17.csv,23,False,,,5.06,-0.5338
2026-08-08T09:08:13Z,Digitizer_run2126_subrun17.csv,24,False,,,2.3,-0.4576
2026-08-08T09:08:13Z,Digitizer_run2126_subrun17.csv,25,False,,,2.15,-0.468
2026-08-08T09:08:13Z,Digitizer_run2126_subrun17.csv,26,False,,,2.43,-0.4662
2026-08-08T09:08:13Z,Digitizer_run2126_subrun17.csv,27,False,,,1.72,-0.4227
2026-08-08T09:08:13Z,Digitizer_run2126_subrun17.csv,28,False,,,1.87,-0.4293
2026-08-08T09:08:13Z,Digitizer_run2126_subrun17.csv,29,False,,,2.35,-0.4504
2026-08-08T09:08:13Z,Digitizer_run2126_subrun17.csv,30,False,,,1.95,-0.4245
2026-08-08T09:08:13Z,Digitizer_run2126_subrun17.csv,31,False,,,2.11,-0.4016
2026-08-08T09:08:13Z,Digitizer_run2126_subrun17.csv,32,False,,,2.19,-0.4018
2026-08-08T09:08:13Z,Digitizer_run2126_subrun17.csv,33,False,,,3.08,-0.4332
2026-08-08T09:08:13Z,Digitizer_run2126_subrun17.csv,34,False,,,1.15,-0.3778
2026-08-08T09:08:13Z,Digitizer_run2126_subrun17.csv,35,False,,,2.08,-0.4301
2026-08-08T09:08:13Z,Digitizer_run2126_subrun17.csv,36,False,,,2.38,-0.4351
2026-08-08T09:08:13Z,Digitizer_run2126_subrun17.csv,37,False,,,2.29,-0.4789
2026-08-08T09:08:13Z,Digitizer_run2126_subrun17.csv,38,False,,,2.03,-0.4298
2026-08-08T09:08:13Z,Digitizer_run2126_subrun17.csv,39,False,,,1.64,-0.4286
2026-08-08T09:08:13Z,Digitizer_run2126_subrun17.csv,40,False,,,3.56,-0.4647
2026-08-08T09:08:13Z,Digitizer_run2126_subrun17.csv,41,False,,,2.41,-0.4408
2026-08-08T09:08:13Z,Digitizer_run2126_subrun17.csv,42,False,,,1.84,-0.4311
2026-08-08T09:08:13Z,Digitizer_run2126_subrun17.csv,43,False,,,3.11,-0.4846
2026-08-08T09:08:13Z,Digitizer_run2126_subrun17.csv,44,False,,,3.76,-0.557
2026-08-08T09:08:13Z,Digitizer_run2126_subrun17.csv,45,False,,,1.61,-0.4331
2026-08-08T09:08:13Z,Digitizer_run2126_subrun17.csv,46,False,,,1.86,-0.4302
2026-08-08T09:08:13Z,Digitizer_run2126_subrun17.csv,47,False,,,3.11,-0.4609
2026-08-08T09:08:13Z,Digitizer_run2126_subrun17.csv,48,False,,,2.7,-0.4331
2026-08-08T09:08:13Z,Digitizer_run2126_subrun17.csv,49,False,,,2.22,-0.4344
2026-08-08T09:08:13Z,Digitizer_run2126_subrun17.csv,50,False,,,1.62,-0.4171
2026-08-08T09:08:13Z,Digitizer_run2126_subrun17.csv,51,False,,,3.07,-0.4597
2026-08-08T09:08:13Z,Digitizer_run2126_subrun17.csv,52,False,,,1.25,-0.4109
2026-08-08T09:08:13Z,Digitizer_run2126_subrun17.csv,53,False,,,1.41,-0.4331
2026-08-08T09:08:13Z,Digitizer_run2126_subrun17.csv,54,False,,,3.15,-0.4904
2026-08-08T09:08:13Z,Digitizer_run2126_subrun17.csv,55,False,,,2.73,-0.4405
2026-08-08T09:08:13Z,Digitizer_run2126_subrun17.csv,56,False,,,3.12,-0.4841
2026-08-08T09:08:13Z,Digitizer_run2126_subrun17.csv,57,False,,,1.34,-0.4058
2026-08-08T09:08:13Z,Digitizer_run2126_subrun17.csv,58,False,,,1.93,-0.4428
2026-08-08T09:08:13Z,Digitizer_run2126_subrun17.csv,59,False,,,1.79,-0.4446
2026-08-08T09:08:13Z,Digitizer_run2126_subrun17.csv,60,False,,,3.21,-0.5089
2026-08-08T09:08:13Z,Digitizer_run2126_subrun17.csv,61,False,,,1.62,-0.4166
2026-08-08T09:08:13Z,Digitizer_run2126_subrun17.csv,62,False,,,2.06,-0.4297
2026-08-08T09:08:13Z,Digitizer_run2126_subrun17.csv,63,False,,,2.45,-0.4199
2026-08-08T09:08:13Z,Digitizer_run2126_subrun17.csv,64,False,,,1.39,-0.3833
2026-08-08T09:08:13Z,Digitizer_run2126_subrun17.csv,65,False,,,1.15,-0.4041
2026-08-08T09:08:13Z,Digitizer_run2126_subrun17.csv,66,False,,,2.15,-0.4418
2026-08-08T09:08:13Z,Digitizer_run2126_subrun17.csv,67,False,,,1.71,-0.4042
2026-08-08T09:08:13Z,Digitizer_run2126_subrun17.csv,68,False,,,1.95,-0.485
2026-08-08T09:08:13Z,Digitizer_run2126_subrun17.csv,69,False,,,2.62,-0.4748
2026-08-08T09:08:13Z,Digitizer_run2126_subrun17.csv,70,False,,,2.31,-0.4227
2026-08-08T09:08:13Z,Digitizer_run2126_subrun17.csv,71,False,,,3.58,-0.5267
2026-08-08T09:08:13Z,Digitizer_run2126_subrun17.csv,72,False,,,2.93,-0.5491
2026-08-08T09:08:13Z,Digitizer_run2126_subrun17.csv,73,False,,,1.82,-0.4247
2026-08-08T09:08:13Z,Digitizer_run2126_subrun17.csv,74,False,,,2.32,-0.4305
2026-08-08T09:08:13Z,Digitizer_run2126_subrun17.csv,75,False,,,3.22,-0.4393
2026-08-08T09:08:13Z,Digitizer_run2126_subrun17.csv,76,False,,,1.48,-0.3886
2026-08-08T09:08:13Z,Digitizer_run2126_subrun17.csv,77,False,,,1.71,-0.4283
2026-08-08T09:08:13Z,Digitizer_run2126_subrun17.csv,78,False,,,1.7,-0.4659
2026-08-08T09:08:13Z,Digitizer_run2126_subrun17.csv,79,False,,,1.65,-0.41
2026-08-08T09:08:13Z,Digitizer_run2126_subrun17.csv,80,False,,,1.93,-0.4503
2026-08-08T09:08:13Z,Digitizer_run2126_subrun17.csv,81,False,,,2.04,-0.4538
2026-08-08T09:08:13Z,Digitizer_run2126_subrun17.csv,82,False,,,2.12,-0.4799
2026-08-08T09:08:13Z,Digitizer_run2126_subrun17.csv,83,False,,,1.52,-0.422
2026-08-08T09:08:13Z,Digitizer_run2126_subrun17.csv,84,False,,,3.61,-0.4857
2026-08-08T09:08:13Z,Digitizer_run2126_subrun17.csv,85,False,,,2.16,-0.481
2026-08-08T09:08:13Z,Digitizer_run2126_subrun17.csv,86,False,,,1.77,-0.4026
2026-08-08T09:08:13Z,Digitizer_run2126_subrun17.csv,87,False,,,3.6,-0.4134
2026-08-08T09:08:13Z,Digitizer_run2126_subrun17.csv,88,False,,,1.68,-0.4058
2026-08-08T09:08:13Z,Digitizer_run2126_subrun17.csv,89,False,,,1.35,-0.4133
2026-08-08T09:08:13Z,Digitizer_run2126_subrun17.csv,90,False,,,2.73,-0.4747
2026-08-08T09:08:13Z,Digitizer_run2126_subrun17.csv,91,False,,,1.95,-0.446
2026-08-08T09:08:13Z,Digitizer_run2126_subrun17.csv,92,False,,,1.67,-0.4087
2026-08-08T09:08:13Z,Digitizer_run2126_subrun17.csv,93,False,,,1.77,-0.4256
2026-08-08T09:08:13Z,Digitizer_run2126_subrun17.csv,94,False,,,1.91,-0.4294
2026-08-08T09:08:13Z,Digitizer_run2126_subrun17.csv,95,False,,,2.19,-0.4316
2026-08-08T09:08:20Z,Digitizer_run2126_subrun18.csv,0,False,,,0.83,-0.3704
2026-08-08T09:08:20Z,Digitizer_run2126_subrun18.csv,1,False,,,1.31,-0.3893
2026-08-08T09:08:20Z,Digitizer_run2126_subrun18.csv,2,False,,,3.27,-0.447
2026-08-08T09:08:20Z,Digitizer_run2126_subrun18.csv,3,False,,,5.76,-0.4229
2026-08-08T09:08:20Z,Digitizer_run2126_subrun18.csv,4,False,,,1.24,-0.3898
2026-08-08T09:08:20Z,Digitizer_run2126_subrun18.csv,5,False,,,1.94,-0.3903
2026-08-08T09:08:20Z,Digitizer_run2126_subrun18.csv,6,False,,,0.93,-0.3814
2026-08-08T09:08:20Z,Digitizer_run2126_subrun18.csv,7,False,,,1.35,-0.3928
2026-08-08T09:08:20Z,Digitizer_run2126_subrun18.csv,8,False,,,1.33,-0.3829
2026-08-08T09:08:20Z,Digitizer_run2126_subrun18.csv,9,False,,,1.08,-0.3983
2026-08-08T09:08:20Z,Digitizer_run2126_subrun18.csv,10,False,,,2.65,-0.4416
2026-08-08T09:08:20Z,Digitizer_run2126_subrun18.csv,11,False,,,2.48,-0.4227
2026-08-08T09:08:20Z,Digitizer_run2126_subrun18.csv,12,False,,,2.03,-0.4397
2026-08-08T09:08:20Z,Digitizer_run2126_subrun18.csv,13,False,,,1.73,-0.3968
2026-08-08T09:08:20Z,Digitizer_run2126_subrun18.csv,14,False,,,1.96,-0.3986
2026-08-08T09:08:20Z,Digitizer_run2126_subrun18.csv,15,False,,,1.71,-0.3961
2026-08-08T09:08:20Z,Digitizer_run2126_subrun18.csv,16,False,,,5.45,-0.5282
2026-08-08T09:08:20Z,Digitizer_run2126_subrun18.csv,17,False,,,1.34,-0.4071
2026-08-08T09:08:20Z,Digitizer_run2126_subrun18.csv,18,False,,,2.25,-0.4384
2026-08-08T09:08:20Z,Digitizer_run2126_subrun18.csv,19,False,,,4.13,-0.5132
2026-08-08T09:08:20Z,Digitizer_run2126_subrun18.csv,20,False,,,1.16,-0.3782
2026-08-08T09:08:20Z,Digitizer_run2126_subrun18.csv,21,False,,,1.37,-0.3854
2026-08-08T09:08:20Z,Digitizer_run2126_subrun18.csv,22,False,,,3.2,-0.4687
2026-08-08T09:08:20Z,Digitizer_run2126_subrun18.csv,23,False,,,3.85,-0.4992
2026-08-08T09:08:20Z,Digitizer_run2126_subrun18.csv,24,False,,,1.82,-0.4256
2026-08-08T09:08:20Z,Digitizer_run2126_subrun18.csv,25,False,,,2.8,-0.4572
2026-08-08T09:08:20Z,Digitizer_run2126_subrun18.csv,26,False,,,1.5,-0.415
2026-08-08T09:08:20Z,Digitizer_run2126_subrun18.csv,27,False,,,4.07,-0.5155
2026-08-08T09:08:20Z,Digitizer_run2126_subrun18.csv,28,False,,,5.43,-0.5092
2026-08-08T09:08:20Z,Digitizer_run2126_subrun18.csv,29,False,,,3.67,-0.4629
2026-08-08T09:08:20Z,Digitizer_run2126_subrun18.csv,30,False,,,1.31,-0.4335
2026-08-08T09:08:20Z,Digitizer_run2126_subrun18.csv,31,False,,,2.82,-0.5195
2026-08-08T09:08:20Z,Digitizer_run2126_subrun18.csv,32,False,,,3.63,-0.4425
2026-08-08T09:08:20Z,Digitizer_run2126_subrun18.csv,33,False,,,2.25,-0.4398
2026-08-08T09:08:20Z,Digitizer_run2126_subrun18.csv,34,False,,,1.27,-0.4251
2026-08-08T09:08:20Z,Digitizer_run2126_subrun18.csv,35,False,,,2.32,-0.4593
2026-08-08T09:08:20Z,Digitizer_run2126_subrun18.csv,36,False,,,2.93,-0.4599
2026-08-08T09:08:20Z,Digitizer_run2126_subrun18.csv,37,False,,,2.44,-0.4214
2026-08-08T09:08:20Z,Digitizer_run2126_subrun18.csv,38,False,,,3.23,-0.5039
2026-08-08T09:08:20Z,Digitizer_run2126_subrun18.csv,39,False,,,1.9,-0.407
2026-08-08T09:08:20Z,Digitizer_run2126_subrun18.csv,40,False,,,1.23,-0.3819
2026-08-08T09:08:20Z,Digitizer_run2126_subrun18.csv,41,False,,,0.93,-0.3689
2026-08-08T09:08:20Z,Digitizer_run2126_subrun18.csv,42,False,,,1.47,-0.4361
2026-08-08T09:08:20Z,Digitizer_run2126_subrun18.csv,43,False,,,2.02,-0.4615
2026-08-08T09:08:20Z,Digitizer_run2126_subrun18.csv,44,False,,,3.46,-0.495
2026-08-08T09:08:20Z,Digitizer_run2126_subrun18.csv,45,False,,,3.63,-0.5193
2026-08-08T09:08:20Z,Digitizer_run2126_subrun18.csv,46,False,,,2.53,-0.4216
2026-08-08T09:08:20Z,Digitizer_run2126_subrun18.csv,47,False,,,3.05,-0.4898
2026-08-08T09:08:20Z,Digitizer_run2126_subrun18.csv,48,False,,,1.65,-0.4061
2026-08-08T09:08:20Z,Digitizer_run2126_subrun18.csv,49,False,,,1.81,-0.4627
2026-08-08T09:08:20Z,Digitizer_run2126_subrun18.csv,50,False,,,2.06,-0.4186
2026-08-08T09:08:20Z,Digitizer_run2126_subrun18.csv,51,False,,,2.19,-0.4183
2026-08-08T09:08:20Z,Digitizer_run2126_subrun18.csv,52,False,,,3.5,-0.5544
2026-08-08T09:08:20Z,Digitizer_run2126_subrun18.csv,53,False,,,4.66,-0.5175
2026-08-08T09:08:20Z,Digitizer_run2126_subrun18.csv,54,False,,,1.74,-0.424
2026-08-08T09:08:20Z,Digitizer_run2126_subrun18.csv,55,False,,,2.34,-0.4239
2026-08-08T09:08:20Z,Digitizer_run2126_subrun18.csv,56,False,,,2.26,-0.4648
2026-08-08T09:08:20Z,Digitizer_run2126_subrun18.csv,57,False,,,3.27,-0.4926
2026-08-08T09:08:20Z,Digitizer_run2126_subrun18.csv,58,False,,,2.51,-0.4481
2026-08-08T09:08:20Z,Digitizer_run2126_subrun18.csv,59,False,,,2.95,-0.49
2026-08-08T09:08:20Z,Digitizer_run2126_subrun18.csv,60,False,,,1.78,-0.4392
2026-08-08T09:08:20Z,Digitizer_run2126_subrun18.csv,61,False,,,1.11,-0.3766
2026-08-08T09:08:20Z,Digitizer_run2126_subrun18.csv,62,False,,,1.71,-0.4184
2026-08-08T09:08:20Z,Digitizer_run2126_subrun18.csv,63,False,,,1.9,-0.4043
2026-08-08T09:08:20Z,Digitizer_run2126_subrun18.csv,64,False,,,2.05,-0.428
2026-08-08T09:08:20Z,Digitizer_run2126_subrun18.csv,65,False,,,2.21,-0.4567
2026-08-08T09:08:20Z,Digitizer_run2126_subrun18.csv,66,False,,,1.96,-0.4166
2026-08-08T09:08:20Z,Digitizer_run2126_subrun18.csv,67,False,,,2.52,-0.4526
2026-08-08T09:08:20Z,Digitizer_run2126_subrun18.csv,68,False,,,2.07,-0.4335
2026-08-08T09:08:20Z,Digitizer_run2126_subrun18.csv,69,False,,,1.53,-0.4053
2026-08-08T09:08:20Z,Digitizer_run2126_subrun18.csv,70,False,,,2.65,-0.431
2026-08-08T09:08:20Z,Digitizer_run2126_subrun18.csv,71,False,,,3.58,-0.5296
2026-08-08T09:08:20Z,Digitizer_run2126_subrun18.csv,72,False,,,2.48,-0.4976
2026-08-08T09:08:20Z,Digitizer_run2126_subrun18.csv,73,False,,,1.6,-0.3992
2026-08-08T09:08:20Z,Digitizer_run2126_subrun18.csv,74,False,,,3.24,-0.4752
2026-08-08T09:08:20Z,Digitizer_run2126_subrun18.csv,75,False,,,2.92,-0.5454
2026-08-08T09:08:20Z,Digitizer_run2126_subrun18.csv,76,False,,,1.64,-0.3969
2026-08-08T09:08:20Z,Digitizer_run2126_subrun18.csv,77,False,,,1.92,-0.3969
2026-08-08T09:08:20Z,Digitizer_run2126_subrun18.csv,78,False,,,1.87,-0.4249
2026-08-08T09:08:20Z,Digitizer_run2126_subrun18.csv,79,False,,,1.47,-0.3849
2026-08-08T09:08:20Z,Digitizer_run2126_subrun18.csv,80,False,,,1.87,-0.4554
2026-08-08T09:08:20Z,Digitizer_run2126_subrun18.csv,81,False,,,2.64,-0.4655
2026-08-08T09:08:20Z,Digitizer_run2126_subrun18.csv,82,False,,,2.11,-0.4927
2026-08-08T09:08:20Z,Digitizer_run2126_subrun18.csv,83,False,,,3.64,-0.3999
2026-08-08T09:08:20Z,Digitizer_run2126_subrun18.csv,84,False,,,1.55,-0.3953
2026-08-08T09:08:20Z,Digitizer_run2126_subrun18.csv,85,False,,,1.67,-0.4144
2026-08-08T09:08:20Z,Digitizer_run2126_subrun18.csv,86,False,,,2.03,-0.4189
2026-08-08T09:08:20Z,Digitizer_run2126_subrun18.csv,87,False,,,1.57,-0.4205
2026-08-08T09:08:20Z,Digitizer_run2126_subrun18.csv,88,False,,,1.63,-0.4038
2026-08-08T09:08:20Z,Digitizer_run2126_subrun18.csv,89,False,,,2.6,-0.419
2026-08-08T09:08:20Z,Digitizer_run2126_subrun18.csv,90,False,,,3.6,-0.5008
2026-08-08T09:08:20Z,Digitizer_run2126_subrun18.csv,91,False,,,3.71,-0.4745
2026-08-08T09:08:20Z,Digitizer_run2126_subrun18.csv,92,False,,,1.99,-0.4262
2026-08-08T09:08:20Z,Digitizer_run2126_subrun18.csv,93,False,,,2.51,-0.4719
2026-08-08T09:08:20Z,Digitizer_run2126_subrun18.csv,94,False,,,2.07,-0.4104
2026-08-08T09:08:20Z,Digitizer_run2126_subrun18.csv,95,False,,,1.45,-0.4139
2026-08-08T09:08:26Z,Digitizer_run2126_subrun19.csv,0,False,,,4.03,-0.4642
2026-08-08T09:08:26Z,Digitizer_run2126_subrun19.csv,1,False,,,1.79,-0.3943
2026-08-08T09:08:26Z,Digitizer_run2126_subrun19.csv,2,False,,,2.24,-0.4105
2026-08-08T09:08:26Z,Digitizer_run2126_subrun19.csv,3,False,,,4.01,-0.4225
2026-08-08T09:08:26Z,Digitizer_run2126_subrun19.csv,4,False,,,2.6,-0.5064
2026-08-08T09:08:26Z,Digitizer_run2126_subrun19.csv,5,False,,,2.88,-0.5056
2026-08-08T09:08:26Z,Digitizer_run2126_subrun19.csv,6,False,,,2.73,-0.4711
2026-08-08T09:08:26Z,Digitizer_run2126_subrun19.csv,7,False,,,3.12,-0.4577
2026-08-08T09:08:26Z,Digitizer_run2126_subrun19.csv,8,False,,,1.92,-0.4515
2026-08-08T09:08:26Z,Digitizer_run2126_subrun19.csv,9,False,,,3.06,-0.4892
2026-08-08T09:08:26Z,Digitizer_run2126_subrun19.csv,10,False,,,1.59,-0.3929
2026-08-08T09:08:26Z,Digitizer_run2126_subrun19.csv,11,False,,,1.7,-0.4157
2026-08-08T09:08:26Z,Digitizer_run2126_subrun19.csv,12,False,,,3.29,-0.5175
2026-08-08T09:08:26Z,Digitizer_run2126_subrun19.csv,13,False,,,3.38,-0.5644
2026-08-08T09:08:26Z,Digitizer_run2126_subrun19.csv,14,False,,,2.69,-0.4708
2026-08-08T09:08:26Z,Digitizer_run2126_subrun19.csv,15,False,,,2.9,-0.4726
2026-08-08T09:08:26Z,Digitizer_run2126_subrun19.csv,16,False,,,1.46,-0.4225
2026-08-08T09:08:26Z,Digitizer_run2126_subrun19.csv,17,False,,,1.95,-0.4097
2026-08-08T09:08:26Z,Digitizer_run2126_subrun19.csv,18,False,,,4.02,-0.4738
2026-08-08T09:08:26Z,Digitizer_run2126_subrun19.csv,19,False,,,2.41,-0.4723
2026-08-08T09:08:26Z,Digitizer_run2126_subrun19.csv,20,False,,,1.14,-0.3817
2026-08-08T09:08:26Z,Digitizer_run2126_subrun19.csv,21,False,,,1.58,-0.3978
2026-08-08T09:08:26Z,Digitizer_run2126_subrun19.csv,22,False,,,2.98,-0.5118
2026-08-08T09:08:26Z,Digitizer_run2126_subrun19.csv,23,False,,,3.65,-0.5035
2026-08-08T09:08:26Z,Digitizer_run2126_subrun19.csv,24,False,,,4.43,-0.566
2026-08-08T09:08:26Z,Digitizer_run2126_subrun19.csv,25,False,,,3.11,-0.4902
2026-08-08T09:08:26Z,Digitizer_run2126_subrun19.csv,26,False,,,1.53,-0.4
2026-08-08T09:08:26Z,Digitizer_run2126_subrun19.csv,27,False,,,2.07,-0.4247
2026-08-08T09:08:26Z,Digitizer_run2126_subrun19.csv,28,False,,,1.72,-0.4417
2026-08-08T09:08:26Z,Digitizer_run2126_subrun19.csv,29,False,,,2.2,-0.4618
2026-08-08T09:08:26Z,Digitizer_run2126_subrun19.csv,30,False,,,1.51,-0.4273
2026-08-08T09:08:26Z,Digitizer_run2126_subrun19.csv,31,False,,,1.89,-0.4154
2026-08-08T09:08:26Z,Digitizer_run2126_subrun19.csv,32,False,,,2.73,-0.4942
2026-08-08T09:08:26Z,Digitizer_run2126_subrun19.csv,33,False,,,3.42,-0.4989
2026-08-08T09:08:26Z,Digitizer_run2126_subrun19.csv,34,False,,,2.29,-0.4626
2026-08-08T09:08:26Z,Digitizer_run2126_subrun19.csv,35,False,,,2.32,-0.4558
2026-08-08T09:08:26Z,Digitizer_run2126_subrun19.csv,36,False,,,2.61,-0.4726
2026-08-08T09:08:26Z,Digitizer_run2126_subrun19.csv,37,False,,,2.33,-0.4318
2026-08-08T09:08:26Z,Digitizer_run2126_subrun19.csv,38,False,,,2.12,-0.4588
2026-08-08T09:08:26Z,Digitizer_run2126_subrun19.csv,39,False,,,2.2,-0.4426
2026-08-08T09:08:26Z,Digitizer_run2126_subrun19.csv,40,False,,,1.33,-0.4133
2026-08-08T09:08:26Z,Digitizer_run2126_subrun19.csv,41,False,,,1.06,-0.3874
2026-08-08T09:08:26Z,Digitizer_run2126_subrun19.csv,42,False,,,5.01,-0.5943
2026-08-08T09:08:26Z,Digitizer_run2126_subrun19.csv,43,False,,,4.03,-0.551
2026-08-08T09:08:26Z,Digitizer_run2126_subrun19.csv,44,False,,,3.78,-0.5508
2026-08-08T09:08:26Z,Digitizer_run2126_subrun19.csv,45,False,,,4.61,-0.5852
2026-08-08T09:08:26Z,Digitizer_run2126_subrun19.csv,46,False,,,2.47,-0.4595
2026-08-08T09:08:26Z,Digitizer_run2126_subrun19.csv,47,False,,,3.01,-0.4947
2026-08-08T09:08:26Z,Digitizer_run2126_subrun19.csv,48,False,,,3.11,-0.5412
2026-08-08T09:08:26Z,Digitizer_run2126_subrun19.csv,49,False,,,2.3,-0.4811
2026-08-08T09:08:26Z,Digitizer_run2126_subrun19.csv,50,False,,,1.71,-0.4236
2026-08-08T09:08:26Z,Digitizer_run2126_subrun19.csv,51,False,,,2.42,-0.4492
2026-08-08T09:08:26Z,Digitizer_run2126_subrun19.csv,52,False,,,2.43,-0.4379
2026-08-08T09:08:26Z,Digitizer_run2126_subrun19.csv,53,False,,,1.96,-0.4126
2026-08-08T09:08:26Z,Digitizer_run2126_subrun19.csv,54,False,,,2.27,-0.4517
2026-08-08T09:08:26Z,Digitizer_run2126_subrun19.csv,55,False,,,2.26,-0.4444
2026-08-08T09:08:26Z,Digitizer_run2126_subrun19.csv,56,False,,,3.33,-0.463
2026-08-08T09:08:26Z,Digitizer_run2126_subrun19.csv,57,False,,,2.59,-0.4088
2026-08-08T09:08:26Z,Digitizer_run2126_subrun19.csv,58,False,,,1.67,-0.4118
2026-08-08T09:08:26Z,Digitizer_run2126_subrun19.csv,59,False,,,1.88,-0.4411
2026-08-08T09:08:26Z,Digitizer_run2126_subrun19.csv,60,False,,,2.27,-0.4739
2026-08-08T09:08:26Z,Digitizer_run2126_subrun19.csv,61,False,,,2.28,-0.463
2026-08-08T09:08:26Z,Digitizer_run2126_subrun19.csv,62,True,statistical,pulseArea_max_median,9.26,-0.6059
2026-08-08T09:08:26Z,Digitizer_run2126_subrun19.csv,63,False,,,3.47,-0.4645
2026-08-08T09:08:26Z,Digitizer_run2126_subrun19.csv,64,False,,,2.09,-0.4358
2026-08-08T09:08:26Z,Digitizer_run2126_subrun19.csv,65,False,,,2.4,-0.4902
2026-08-08T09:08:26Z,Digitizer_run2126_subrun19.csv,66,False,,,1.62,-0.4114
2026-08-08T09:08:26Z,Digitizer_run2126_subrun19.csv,67,False,,,1.97,-0.3892
2026-08-08T09:08:26Z,Digitizer_run2126_subrun19.csv,68,False,,,1.7,-0.4292
2026-08-08T09:08:26Z,Digitizer_run2126_subrun19.csv,69,False,,,2.81,-0.466
2026-08-08T09:08:26Z,Digitizer_run2126_subrun19.csv,70,False,,,2.26,-0.4411
2026-08-08T09:08:26Z,Digitizer_run2126_subrun19.csv,71,False,,,3.58,-0.4958
2026-08-08T09:08:26Z,Digitizer_run2126_subrun19.csv,72,False,,,3.07,-0.5917
2026-08-08T09:08:26Z,Digitizer_run2126_subrun19.csv,73,False,,,2.94,-0.4667
2026-08-08T09:08:26Z,Digitizer_run2126_subrun19.csv,74,False,,,3.78,-0.4216
2026-08-08T09:08:26Z,Digitizer_run2126_subrun19.csv,75,False,,,3.47,-0.4177
2026-08-08T09:08:26Z,Digitizer_run2126_subrun19.csv,76,False,,,1.82,-0.4289
2026-08-08T09:08:26Z,Digitizer_run2126_subrun19.csv,77,False,,,1.83,-0.4442
2026-08-08T09:08:26Z,Digitizer_run2126_subrun19.csv,78,False,,,3.48,-0.5384
2026-08-08T09:08:26Z,Digitizer_run2126_subrun19.csv,79,False,,,1.93,-0.4428
2026-08-08T09:08:26Z,Digitizer_run2126_subrun19.csv,80,False,,,2.74,-0.4728
2026-08-08T09:08:26Z,Digitizer_run2126_subrun19.csv,81,False,,,2.12,-0.4741
2026-08-08T09:08:26Z,Digitizer_run2126_subrun19.csv,82,False,,,1.65,-0.4254
2026-08-08T09:08:26Z,Digitizer_run2126_subrun19.csv,83,False,,,2.76,-0.4248
2026-08-08T09:08:26Z,Digitizer_run2126_subrun19.csv,84,False,,,2.15,-0.4722
2026-08-08T09:08:26Z,Digitizer_run2126_subrun19.csv,85,False,,,1.88,-0.4355
2026-08-08T09:08:26Z,Digitizer_run2126_subrun19.csv,86,False,,,2.08,-0.3923
2026-08-08T09:08:26Z,Digitizer_run2126_subrun19.csv,87,False,,,1.61,-0.3851
2026-08-08T09:08:26Z,Digitizer_run2126_subrun19.csv,88,False,,,5.08,-0.5026
2026-08-08T09:08:26Z,Digitizer_run2126_subrun19.csv,89,False,,,1.79,-0.4111
2026-08-08T09:08:26Z,Digitizer_run2126_subrun19.csv,90,False,,,0.97,-0.3729
2026-08-08T09:08:26Z,Digitizer_run2126_subrun19.csv,91,False,,,1.52,-0.3942
2026-08-08T09:08:26Z,Digitizer_run2126_subrun19.csv,92,False,,,4.2,-0.49
2026-08-08T09:08:26Z,Digitizer_run2126_subrun19.csv,93,False,,,2.14,-0.4384
2026-08-08T09:08:26Z,Digitizer_run2126_subrun19.csv,94,False,,,2.06,-0.4587
2026-08-08T09:08:26Z,Digitizer_run2126_subrun19.csv,95,False,,,2.74,-0.4538
2026-08-08T09:08:32Z,Digitizer_run2126_subrun20.csv,0,False,,,2.19,-0.4388
2026-08-08T09:08:32Z,Digitizer_run2126_subrun20.csv,1,False,,,2.26,-0.4263
2026-08-08T09:08:32Z,Digitizer_run2126_subrun20.csv,2,False,,,2.82,-0.5114
2026-08-08T09:08:32Z,Digitizer_run2126_subrun20.csv,3,False,,,2.36,-0.457
2026-08-08T09:08:32Z,Digitizer_run2126_subrun20.csv,4,False,,,1.13,-0.3921
2026-08-08T09:08:32Z,Digitizer_run2126_subrun20.csv,5,False,,,1.19,-0.381
2026-08-08T09:08:32Z,Digitizer_run2126_subrun20.csv,6,False,,,1.41,-0.4315
2026-08-08T09:08:32Z,Digitizer_run2126_subrun20.csv,7,False,,,2.52,-0.4387
2026-08-08T09:08:32Z,Digitizer_run2126_subrun20.csv,8,False,,,1.94,-0.417
2026-08-08T09:08:32Z,Digitizer_run2126_subrun20.csv,9,False,,,1.76,-0.4085
2026-08-08T09:08:32Z,Digitizer_run2126_subrun20.csv,10,False,,,2.21,-0.4335
2026-08-08T09:08:32Z,Digitizer_run2126_subrun20.csv,11,False,,,0.83,-0.3788
2026-08-08T09:08:32Z,Digitizer_run2126_subrun20.csv,12,False,,,1.14,-0.3958
2026-08-08T09:08:32Z,Digitizer_run2126_subrun20.csv,13,False,,,1.88,-0.4215
2026-08-08T09:08:32Z,Digitizer_run2126_subrun20.csv,14,False,,,2.49,-0.4456
2026-08-08T09:08:32Z,Digitizer_run2126_subrun20.csv,15,False,,,2.03,-0.4285
2026-08-08T09:08:32Z,Digitizer_run2126_subrun20.csv,16,False,,,2.16,-0.4414
2026-08-08T09:08:32Z,Digitizer_run2126_subrun20.csv,17,False,,,1.91,-0.4394
2026-08-08T09:08:32Z,Digitizer_run2126_subrun20.csv,18,False,,,1.72,-0.3843
2026-08-08T09:08:32Z,Digitizer_run2126_subrun20.csv,19,False,,,1.44,-0.3904
2026-08-08T09:08:32Z,Digitizer_run2126_subrun20.csv,20,False,,,1.2,-0.3891
2026-08-08T09:08:32Z,Digitizer_run2126_subrun20.csv,21,False,,,1.96,-0.4222
2026-08-08T09:08:32Z,Digitizer_run2126_subrun20.csv,22,False,,,2.15,-0.4407
2026-08-08T09:08:32Z,Digitizer_run2126_subrun20.csv,23,False,,,3.48,-0.5142
2026-08-08T09:08:32Z,Digitizer_run2126_subrun20.csv,24,False,,,2.65,-0.5229
2026-08-08T09:08:32Z,Digitizer_run2126_subrun20.csv,25,False,,,2.17,-0.4551
2026-08-08T09:08:32Z,Digitizer_run2126_subrun20.csv,26,False,,,1.86,-0.3911
2026-08-08T09:08:32Z,Digitizer_run2126_subrun20.csv,27,False,,,2.48,-0.4483
2026-08-08T09:08:32Z,Digitizer_run2126_subrun20.csv,28,False,,,1.42,-0.4163
2026-08-08T09:08:32Z,Digitizer_run2126_subrun20.csv,29,False,,,1.49,-0.4198
2026-08-08T09:08:32Z,Digitizer_run2126_subrun20.csv,30,False,,,2.69,-0.5079
2026-08-08T09:08:32Z,Digitizer_run2126_subrun20.csv,31,False,,,1.92,-0.4246
2026-08-08T09:08:32Z,Digitizer_run2126_subrun20.csv,32,False,,,2.69,-0.4752
2026-08-08T09:08:32Z,Digitizer_run2126_subrun20.csv,33,False,,,1.4,-0.4157
2026-08-08T09:08:32Z,Digitizer_run2126_subrun20.csv,34,False,,,2.07,-0.4486
2026-08-08T09:08:32Z,Digitizer_run2126_subrun20.csv,35,False,,,1.54,-0.4066
2026-08-08T09:08:32Z,Digitizer_run2126_subrun20.csv,36,False,,,2.35,-0.4537
2026-08-08T09:08:32Z,Digitizer_run2126_subrun20.csv,37,False,,,2.4,-0.4499
2026-08-08T09:08:32Z,Digitizer_run2126_subrun20.csv,38,False,,,2.3,-0.4849
2026-08-08T09:08:32Z,Digitizer_run2126_subrun20.csv,39,False,,,4.5,-0.5418
2026-08-08T09:08:32Z,Digitizer_run2126_subrun20.csv,40,False,,,3.75,-0.4631
2026-08-08T09:08:32Z,Digitizer_run2126_subrun20.csv,41,False,,,2.64,-0.4535
2026-08-08T09:08:32Z,Digitizer_run2126_subrun20.csv,42,False,,,4.39,-0.5298
2026-08-08T09:08:32Z,Digitizer_run2126_subrun20.csv,43,False,,,2.59,-0.496
2026-08-08T09:08:32Z,Digitizer_run2126_subrun20.csv,44,False,,,1.89,-0.4028
2026-08-08T09:08:32Z,Digitizer_run2126_subrun20.csv,45,False,,,2.52,-0.4295
2026-08-08T09:08:32Z,Digitizer_run2126_subrun20.csv,46,False,,,3.54,-0.4691
2026-08-08T09:08:32Z,Digitizer_run2126_subrun20.csv,47,False,,,2.41,-0.4658
2026-08-08T09:08:32Z,Digitizer_run2126_subrun20.csv,48,False,,,2.77,-0.4809
2026-08-08T09:08:32Z,Digitizer_run2126_subrun20.csv,49,False,,,2.64,-0.4898
2026-08-08T09:08:32Z,Digitizer_run2126_subrun20.csv,50,False,,,1.57,-0.4132
2026-08-08T09:08:32Z,Digitizer_run2126_subrun20.csv,51,False,,,1.2,-0.3929
2026-08-08T09:08:32Z,Digitizer_run2126_subrun20.csv,52,False,,,2.82,-0.5092
2026-08-08T09:08:32Z,Digitizer_run2126_subrun20.csv,53,False,,,4.87,-0.527
2026-08-08T09:08:32Z,Digitizer_run2126_subrun20.csv,54,False,,,2.87,-0.4696
2026-08-08T09:08:32Z,Digitizer_run2126_subrun20.csv,55,False,,,1.19,-0.4143
2026-08-08T09:08:32Z,Digitizer_run2126_subrun20.csv,56,False,,,2.55,-0.5012
2026-08-08T09:08:32Z,Digitizer_run2126_subrun20.csv,57,False,,,2.44,-0.4377
2026-08-08T09:08:32Z,Digitizer_run2126_subrun20.csv,58,False,,,2.46,-0.4308
2026-08-08T09:08:32Z,Digitizer_run2126_subrun20.csv,59,False,,,2.47,-0.4721
2026-08-08T09:08:32Z,Digitizer_run2126_subrun20.csv,60,False,,,1.77,-0.4278
2026-08-08T09:08:32Z,Digitizer_run2126_subrun20.csv,61,False,,,2.14,-0.4277
2026-08-08T09:08:32Z,Digitizer_run2126_subrun20.csv,62,False,,,5.24,-0.5006
2026-08-08T09:08:32Z,Digitizer_run2126_subrun20.csv,63,False,,,2.31,-0.4165
2026-08-08T09:08:32Z,Digitizer_run2126_subrun20.csv,64,False,,,1.97,-0.454
2026-08-08T09:08:32Z,Digitizer_run2126_subrun20.csv,65,False,,,2.75,-0.4017
2026-08-08T09:08:32Z,Digitizer_run2126_subrun20.csv,66,False,,,1.63,-0.4199
2026-08-08T09:08:32Z,Digitizer_run2126_subrun20.csv,67,False,,,1.56,-0.3905
2026-08-08T09:08:32Z,Digitizer_run2126_subrun20.csv,68,False,,,1.85,-0.4387
2026-08-08T09:08:32Z,Digitizer_run2126_subrun20.csv,69,False,,,1.3,-0.3992
2026-08-08T09:08:32Z,Digitizer_run2126_subrun20.csv,70,False,,,1.22,-0.3723
2026-08-08T09:08:32Z,Digitizer_run2126_subrun20.csv,71,False,,,3.58,-0.5373
2026-08-08T09:08:32Z,Digitizer_run2126_subrun20.csv,72,False,,,2.49,-0.4818
2026-08-08T09:08:32Z,Digitizer_run2126_subrun20.csv,73,False,,,1.0,-0.3792
2026-08-08T09:08:32Z,Digitizer_run2126_subrun20.csv,74,False,,,1.96,-0.4236
2026-08-08T09:08:32Z,Digitizer_run2126_subrun20.csv,75,False,,,1.35,-0.4021
2026-08-08T09:08:32Z,Digitizer_run2126_subrun20.csv,76,False,,,1.43,-0.4017
2026-08-08T09:08:32Z,Digitizer_run2126_subrun20.csv,77,False,,,1.47,-0.4229
2026-08-08T09:08:32Z,Digitizer_run2126_subrun20.csv,78,False,,,3.17,-0.4711
2026-08-08T09:08:32Z,Digitizer_run2126_subrun20.csv,79,False,,,2.63,-0.4408
2026-08-08T09:08:32Z,Digitizer_run2126_subrun20.csv,80,False,,,1.36,-0.3972
2026-08-08T09:08:32Z,Digitizer_run2126_subrun20.csv,81,False,,,1.74,-0.4019
2026-08-08T09:08:32Z,Digitizer_run2126_subrun20.csv,82,False,,,1.91,-0.4104
2026-08-08T09:08:32Z,Digitizer_run2126_subrun20.csv,83,False,,,2.47,-0.4639
2026-08-08T09:08:32Z,Digitizer_run2126_subrun20.csv,84,False,,,1.55,-0.4129
2026-08-08T09:08:32Z,Digitizer_run2126_subrun20.csv,85,False,,,1.55,-0.389
2026-08-08T09:08:32Z,Digitizer_run2126_subrun20.csv,86,False,,,2.0,-0.4289
2026-08-08T09:08:32Z,Digitizer_run2126_subrun20.csv,87,False,,,2.22,-0.4177
2026-08-08T09:08:32Z,Digitizer_run2126_subrun20.csv,88,False,,,2.1,-0.4221
2026-08-08T09:08:32Z,Digitizer_run2126_subrun20.csv,89,False,,,1.57,-0.3827
2026-08-08T09:08:32Z,Digitizer_run2126_subrun20.csv,90,False,,,1.9,-0.416
2026-08-08T09:08:32Z,Digitizer_run2126_subrun20.csv,91,False,,,1.72,-0.4127
2026-08-08T09:08:32Z,Digitizer_run2126_subrun20.csv,92,False,,,1.89,-0.4439
2026-08-08T09:08:32Z,Digitizer_run2126_subrun20.csv,93,False,,,2.27,-0.4403
2026-08-08T09:08:32Z,Digitizer_run2126_subrun20.csv,94,False,,,2.35,-0.4525
2026-08-08T09:08:32Z,Digitizer_run2126_subrun20.csv,95,False,,,2.82,-0.4338
2026-08-08T09:08:39Z,Digitizer_run2126_subrun21.csv,0,False,,,3.96,-0.5485
2026-08-08T09:08:39Z,Digitizer_run2126_subrun21.csv,1,False,,,2.79,-0.4941
2026-08-08T09:08:39Z,Digitizer_run2126_subrun21.csv,2,False,,,2.03,-0.3973
2026-08-08T09:08:39Z,Digitizer_run2126_subrun21.csv,3,False,,,4.95,-0.4457
2026-08-08T09:08:39Z,Digitizer_run2126_subrun21.csv,4,False,,,1.96,-0.435
2026-08-08T09:08:39Z,Digitizer_run2126_subrun21.csv,5,False,,,1.82,-0.4348
2026-08-08T09:08:39Z,Digitizer_run2126_subrun21.csv,6,False,,,2.13,-0.4739
2026-08-08T09:08:39Z,Digitizer_run2126_subrun21.csv,7,False,,,2.9,-0.5043
2026-08-08T09:08:39Z,Digitizer_run2126_subrun21.csv,8,False,,,3.05,-0.5121
2026-08-08T09:08:39Z,Digitizer_run2126_subrun21.csv,9,False,,,2.84,-0.461
2026-08-08T09:08:39Z,Digitizer_run2126_subrun21.csv,10,False,,,1.95,-0.4575
2026-08-08T09:08:39Z,Digitizer_run2126_subrun21.csv,11,False,,,1.89,-0.4668
2026-08-08T09:08:39Z,Digitizer_run2126_subrun21.csv,12,False,,,3.14,-0.4779
2026-08-08T09:08:39Z,Digitizer_run2126_subrun21.csv,13,False,,,2.01,-0.4663
2026-08-08T09:08:39Z,Digitizer_run2126_subrun21.csv,14,False,,,1.68,-0.4141
2026-08-08T09:08:39Z,Digitizer_run2126_subrun21.csv,15,False,,,1.5,-0.4095
2026-08-08T09:08:39Z,Digitizer_run2126_subrun21.csv,16,False,,,4.63,-0.5121
2026-08-08T09:08:39Z,Digitizer_run2126_subrun21.csv,17,False,,,1.74,-0.408
2026-08-08T09:08:39Z,Digitizer_run2126_subrun21.csv,18,False,,,2.49,-0.5069
2026-08-08T09:08:39Z,Digitizer_run2126_subrun21.csv,19,False,,,2.07,-0.4425
2026-08-08T09:08:39Z,Digitizer_run2126_subrun21.csv,20,False,,,1.96,-0.4278
2026-08-08T09:08:39Z,Digitizer_run2126_subrun21.csv,21,False,,,2.09,-0.4298
2026-08-08T09:08:39Z,Digitizer_run2126_subrun21.csv,22,False,,,2.11,-0.4306
2026-08-08T09:08:39Z,Digitizer_run2126_subrun21.csv,23,False,,,2.99,-0.4403
2026-08-08T09:08:39Z,Digitizer_run2126_subrun21.csv,24,False,,,1.93,-0.4873
2026-08-08T09:08:39Z,Digitizer_run2126_subrun21.csv,25,False,,,3.2,-0.506
2026-08-08T09:08:39Z,Digitizer_run2126_subrun21.csv,26,False,,,1.31,-0.4168
2026-08-08T09:08:39Z,Digitizer_run2126_subrun21.csv,27,False,,,1.26,-0.4111
2026-08-08T09:08:39Z,Digitizer_run2126_subrun21.csv,28,False,,,2.49,-0.4416
2026-08-08T09:08:39Z,Digitizer_run2126_subrun21.csv,29,False,,,2.15,-0.4281
2026-08-08T09:08:39Z,Digitizer_run2126_subrun21.csv,30,False,,,2.44,-0.4328
2026-08-08T09:08:39Z,Digitizer_run2126_subrun21.csv,31,False,,,1.68,-0.3801
2026-08-08T09:08:39Z,Digitizer_run2126_subrun21.csv,32,False,,,2.14,-0.4286
2026-08-08T09:08:39Z,Digitizer_run2126_subrun21.csv,33,False,,,5.28,-0.5693
2026-08-08T09:08:39Z,Digitizer_run2126_subrun21.csv,34,False,,,2.32,-0.4848
2026-08-08T09:08:39Z,Digitizer_run2126_subrun21.csv,35,False,,,2.19,-0.4531
2026-08-08T09:08:39Z,Digitizer_run2126_subrun21.csv,36,False,,,2.93,-0.4704
2026-08-08T09:08:39Z,Digitizer_run2126_subrun21.csv,37,False,,,1.37,-0.395
2026-08-08T09:08:39Z,Digitizer_run2126_subrun21.csv,38,False,,,2.11,-0.424
2026-08-08T09:08:39Z,Digitizer_run2126_subrun21.csv,39,False,,,3.17,-0.4972
2026-08-08T09:08:39Z,Digitizer_run2126_subrun21.csv,40,False,,,1.89,-0.4269
2026-08-08T09:08:39Z,Digitizer_run2126_subrun21.csv,41,False,,,1.15,-0.384
2026-08-08T09:08:39Z,Digitizer_run2126_subrun21.csv,42,False,,,2.1,-0.4444
2026-08-08T09:08:39Z,Digitizer_run2126_subrun21.csv,43,False,,,1.35,-0.4237
2026-08-08T09:08:39Z,Digitizer_run2126_subrun21.csv,44,False,,,3.29,-0.5405
2026-08-08T09:08:39Z,Digitizer_run2126_subrun21.csv,45,False,,,3.01,-0.481
2026-08-08T09:08:39Z,Digitizer_run2126_subrun21.csv,46,False,,,1.79,-0.4179
2026-08-08T09:08:39Z,Digitizer_run2126_subrun21.csv,47,False,,,1.68,-0.4117
2026-08-08T09:08:39Z,Digitizer_run2126_subrun21.csv,48,False,,,4.41,-0.4691
2026-08-08T09:08:39Z,Digitizer_run2126_subrun21.csv,49,False,,,2.65,-0.4631
2026-08-08T09:08:39Z,Digitizer_run2126_subrun21.csv,50,False,,,2.01,-0.4019
2026-08-08T09:08:39Z,Digitizer_run2126_subrun21.csv,51,False,,,2.05,-0.4381
2026-08-08T09:08:39Z,Digitizer_run2126_subrun21.csv,52,False,,,1.36,-0.4072
2026-08-08T09:08:39Z,Digitizer_run2126_subrun21.csv,53,False,,,2.19,-0.433
2026-08-08T09:08:39Z,Digitizer_run2126_subrun21.csv,54,False,,,2.39,-0.4691
2026-08-08T09:08:39Z,Digitizer_run2126_subrun21.csv,55,False,,,3.01,-0.4362
2026-08-08T09:08:39Z,Digitizer_run2126_subrun21.csv,56,False,,,4.9,-0.6124
2026-08-08T09:08:39Z,Digitizer_run2126_subrun21.csv,57,False,,,3.57,-0.4919
2026-08-08T09:08:39Z,Digitizer_run2126_subrun21.csv,58,False,,,2.23,-0.4365
2026-08-08T09:08:39Z,Digitizer_run2126_subrun21.csv,59,False,,,1.89,-0.4032
2026-08-08T09:08:39Z,Digitizer_run2126_subrun21.csv,60,False,,,1.8,-0.4307
2026-08-08T09:08:39Z,Digitizer_run2126_subrun21.csv,61,False,,,1.79,-0.4056
2026-08-08T09:08:39Z,Digitizer_run2126_subrun21.csv,62,False,,,2.67,-0.5052
2026-08-08T09:08:39Z,Digitizer_run2126_subrun21.csv,63,False,,,2.5,-0.4501
2026-08-08T09:08:39Z,Digitizer_run2126_subrun21.csv,64,False,,,1.17,-0.3856
2026-08-08T09:08:39Z,Digitizer_run2126_subrun21.csv,65,False,,,1.95,-0.3992
2026-08-08T09:08:39Z,Digitizer_run2126_subrun21.csv,66,False,,,1.65,-0.4337
2026-08-08T09:08:39Z,Digitizer_run2126_subrun21.csv,67,False,,,1.43,-0.4108
2026-08-08T09:08:39Z,Digitizer_run2126_subrun21.csv,68,False,,,1.84,-0.4191
2026-08-08T09:08:39Z,Digitizer_run2126_subrun21.csv,69,False,,,1.86,-0.3906
2026-08-08T09:08:39Z,Digitizer_run2126_subrun21.csv,70,False,,,3.64,-0.4409
2026-08-08T09:08:39Z,Digitizer_run2126_subrun21.csv,71,False,,,3.58,-0.5141
2026-08-08T09:08:39Z,Digitizer_run2126_subrun21.csv,72,False,,,2.0,-0.4679
2026-08-08T09:08:39Z,Digitizer_run2126_subrun21.csv,73,False,,,2.33,-0.4203
2026-08-08T09:08:39Z,Digitizer_run2126_subrun21.csv,74,False,,,3.22,-0.415
2026-08-08T09:08:39Z,Digitizer_run2126_subrun21.csv,75,False,,,2.6,-0.4261
2026-08-08T09:08:39Z,Digitizer_run2126_subrun21.csv,76,False,,,1.28,-0.4012
2026-08-08T09:08:39Z,Digitizer_run2126_subrun21.csv,77,False,,,1.7,-0.4093
2026-08-08T09:08:39Z,Digitizer_run2126_subrun21.csv,78,False,,,2.39,-0.4491
2026-08-08T09:08:39Z,Digitizer_run2126_subrun21.csv,79,False,,,2.46,-0.4264
2026-08-08T09:08:39Z,Digitizer_run2126_subrun21.csv,80,False,,,2.09,-0.4371
2026-08-08T09:08:39Z,Digitizer_run2126_subrun21.csv,81,False,,,2.09,-0.4395
2026-08-08T09:08:39Z,Digitizer_run2126_subrun21.csv,82,False,,,1.79,-0.4242
2026-08-08T09:08:39Z,Digitizer_run2126_subrun21.csv,83,False,,,2.3,-0.411
2026-08-08T09:08:39Z,Digitizer_run2126_subrun21.csv,84,False,,,2.93,-0.4596
2026-08-08T09:08:39Z,Digitizer_run2126_subrun21.csv,85,False,,,2.05,-0.4005
2026-08-08T09:08:39Z,Digitizer_run2126_subrun21.csv,86,False,,,2.46,-0.4624
2026-08-08T09:08:39Z,Digitizer_run2126_subrun21.csv,87,False,,,1.87,-0.442
2026-08-08T09:08:39Z,Digitizer_run2126_subrun21.csv,88,False,,,2.13,-0.4469
2026-08-08T09:08:39Z,Digitizer_run2126_subrun21.csv,89,False,,,1.8,-0.4261
2026-08-08T09:08:39Z,Digitizer_run2126_subrun21.csv,90,False,,,2.2,-0.4203
2026-08-08T09:08:39Z,Digitizer_run2126_subrun21.csv,91,False,,,1.85,-0.4096
2026-08-08T09:08:39Z,Digitizer_run2126_subrun21.csv,92,False,,,1.88,-0.4638
2026-08-08T09:08:39Z,Digitizer_run2126_subrun21.csv,93,False,,,1.53,-0.4219
2026-08-08T09:08:39Z,Digitizer_run2126_subrun21.csv,94,False,,,1.52,-0.4164
2026-08-08T09:08:39Z,Digitizer_run2126_subrun21.csv,95,False,,,6.43,-0.5732
2026-08-08T09:08:46Z,Digitizer_run2126_subrun22.csv,0,False,,,2.06,-0.4302
2026-08-08T09:08:46Z,Digitizer_run2126_subrun22.csv,1,False,,,1.23,-0.3965
2026-08-08T09:08:46Z,Digitizer_run2126_subrun22.csv,2,False,,,2.87,-0.5058
2026-08-08T09:08:46Z,Digitizer_run2126_subrun22.csv,3,False,,,1.58,-0.4159
2026-08-08T09:08:46Z,Digitizer_run2126_subrun22.csv,4,False,,,1.83,-0.4397
2026-08-08T09:08:46Z,Digitizer_run2126_subrun22.csv,5,False,,,2.03,-0.4151
2026-08-08T09:08:46Z,Digitizer_run2126_subrun22.csv,6,False,,,2.01,-0.4652
2026-08-08T09:08:46Z,Digitizer_run2126_subrun22.csv,7,False,,,2.63,-0.4381
2026-08-08T09:08:46Z,Digitizer_run2126_subrun22.csv,8,False,,,1.69,-0.3979
2026-08-08T09:08:46Z,Digitizer_run2126_subrun22.csv,9,False,,,3.23,-0.4527
2026-08-08T09:08:46Z,Digitizer_run2126_subrun22.csv,10,False,,,2.72,-0.4694
2026-08-08T09:08:46Z,Digitizer_run2126_subrun22.csv,11,False,,,2.2,-0.4737
2026-08-08T09:08:46Z,Digitizer_run2126_subrun22.csv,12,False,,,2.21,-0.4784
2026-08-08T09:08:46Z,Digitizer_run2126_subrun22.csv,13,False,,,2.4,-0.4755
2026-08-08T09:08:46Z,Digitizer_run2126_subrun22.csv,14,False,,,3.51,-0.4817
2026-08-08T09:08:46Z,Digitizer_run2126_subrun22.csv,15,False,,,2.7,-0.5012
2026-08-08T09:08:46Z,Digitizer_run2126_subrun22.csv,16,False,,,1.63,-0.4193
2026-08-08T09:08:46Z,Digitizer_run2126_subrun22.csv,17,False,,,2.65,-0.4585
2026-08-08T09:08:46Z,Digitizer_run2126_subrun22.csv,18,False,,,3.05,-0.5074
2026-08-08T09:08:46Z,Digitizer_run2126_subrun22.csv,19,False,,,3.0,-0.4867
2026-08-08T09:08:46Z,Digitizer_run2126_subrun22.csv,20,False,,,2.3,-0.4033
2026-08-08T09:08:46Z,Digitizer_run2126_subrun22.csv,21,False,,,1.37,-0.3951
2026-08-08T09:08:46Z,Digitizer_run2126_subrun22.csv,22,False,,,1.24,-0.3961
2026-08-08T09:08:46Z,Digitizer_run2126_subrun22.csv,23,False,,,1.92,-0.4014
2026-08-08T09:08:46Z,Digitizer_run2126_subrun22.csv,24,False,,,2.57,-0.5008
2026-08-08T09:08:46Z,Digitizer_run2126_subrun22.csv,25,False,,,2.0,-0.4822
2026-08-08T09:08:46Z,Digitizer_run2126_subrun22.csv,26,False,,,1.83,-0.3928
2026-08-08T09:08:46Z,Digitizer_run2126_subrun22.csv,27,False,,,1.27,-0.3899
2026-08-08T09:08:46Z,Digitizer_run2126_subrun22.csv,28,False,,,2.38,-0.4307
2026-08-08T09:08:46Z,Digitizer_run2126_subrun22.csv,29,False,,,1.21,-0.3991
2026-08-08T09:08:46Z,Digitizer_run2126_subrun22.csv,30,False,,,3.08,-0.4567
2026-08-08T09:08:46Z,Digitizer_run2126_subrun22.csv,31,False,,,1.56,-0.4019
2026-08-08T09:08:46Z,Digitizer_run2126_subrun22.csv,32,False,,,1.66,-0.4098
2026-08-08T09:08:46Z,Digitizer_run2126_subrun22.csv,33,False,,,1.42,-0.4227
2026-08-08T09:08:46Z,Digitizer_run2126_subrun22.csv,34,False,,,2.24,-0.4637
2026-08-08T09:08:46Z,Digitizer_run2126_subrun22.csv,35,False,,,3.01,-0.4912
2026-08-08T09:08:46Z,Digitizer_run2126_subrun22.csv,36,False,,,1.77,-0.4327
2026-08-08T09:08:46Z,Digitizer_run2126_subrun22.csv,37,False,,,1.57,-0.4468
2026-08-08T09:08:46Z,Digitizer_run2126_subrun22.csv,38,False,,,2.16,-0.4265
2026-08-08T09:08:46Z,Digitizer_run2126_subrun22.csv,39,False,,,2.58,-0.4302
2026-08-08T09:08:46Z,Digitizer_run2126_subrun22.csv,40,False,,,2.36,-0.4285
2026-08-08T09:08:46Z,Digitizer_run2126_subrun22.csv,41,False,,,2.37,-0.4413
2026-08-08T09:08:46Z,Digitizer_run2126_subrun22.csv,42,False,,,1.3,-0.4138
2026-08-08T09:08:46Z,Digitizer_run2126_subrun22.csv,43,False,,,4.3,-0.5205
2026-08-08T09:08:46Z,Digitizer_run2126_subrun22.csv,44,False,,,1.81,-0.4148
2026-08-08T09:08:46Z,Digitizer_run2126_subrun22.csv,45,False,,,1.76,-0.4106
2026-08-08T09:08:46Z,Digitizer_run2126_subrun22.csv,46,False,,,1.59,-0.393
2026-08-08T09:08:46Z,Digitizer_run2126_subrun22.csv,47,False,,,1.35,-0.4036
2026-08-08T09:08:46Z,Digitizer_run2126_subrun22.csv,48,False,,,2.05,-0.408
2026-08-08T09:08:46Z,Digitizer_run2126_subrun22.csv,49,False,,,1.51,-0.4037
2026-08-08T09:08:46Z,Digitizer_run2126_subrun22.csv,50,False,,,1.93,-0.4287
2026-08-08T09:08:46Z,Digitizer_run2126_subrun22.csv,51,False,,,1.68,-0.4054
2026-08-08T09:08:46Z,Digitizer_run2126_subrun22.csv,52,False,,,1.97,-0.4024
2026-08-08T09:08:46Z,Digitizer_run2126_subrun22.csv,53,False,,,1.94,-0.4247
2026-08-08T09:08:46Z,Digitizer_run2126_subrun22.csv,54,False,,,2.0,-0.4234
2026-08-08T09:08:46Z,Digitizer_run2126_subrun22.csv,55,False,,,1.66,-0.4134
2026-08-08T09:08:46Z,Digitizer_run2126_subrun22.csv,56,False,,,2.89,-0.5082
2026-08-08T09:08:46Z,Digitizer_run2126_subrun22.csv,57,False,,,1.29,-0.3953
2026-08-08T09:08:46Z,Digitizer_run2126_subrun22.csv,58,False,,,1.42,-0.39
2026-08-08T09:08:46Z,Digitizer_run2126_subrun22.csv,59,False,,,1.33,-0.3959
2026-08-08T09:08:46Z,Digitizer_run2126_subrun22.csv,60,False,,,2.29,-0.4716
2026-08-08T09:08:46Z,Digitizer_run2126_subrun22.csv,61,False,,,2.41,-0.4383
2026-08-08T09:08:46Z,Digitizer_run2126_subrun22.csv,62,False,,,1.99,-0.4513
2026-08-08T09:08:46Z,Digitizer_run2126_subrun22.csv,63,False,,,1.76,-0.4227
2026-08-08T09:08:46Z,Digitizer_run2126_subrun22.csv,64,False,,,2.36,-0.4368
2026-08-08T09:08:46Z,Digitizer_run2126_subrun22.csv,65,False,,,3.96,-0.4809
2026-08-08T09:08:46Z,Digitizer_run2126_subrun22.csv,66,False,,,3.17,-0.504
2026-08-08T09:08:46Z,Digitizer_run2126_subrun22.csv,67,False,,,2.05,-0.4238
2026-08-08T09:08:46Z,Digitizer_run2126_subrun22.csv,68,False,,,1.4,-0.401
2026-08-08T09:08:46Z,Digitizer_run2126_subrun22.csv,69,False,,,1.77,-0.4207
2026-08-08T09:08:46Z,Digitizer_run2126_subrun22.csv,70,False,,,3.01,-0.4763
2026-08-08T09:08:46Z,Digitizer_run2126_subrun22.csv,71,False,,,3.58,-0.5084
2026-08-08T09:08:46Z,Digitizer_run2126_subrun22.csv,72,False,,,2.0,-0.4566
2026-08-08T09:08:46Z,Digitizer_run2126_subrun22.csv,73,False,,,1.85,-0.413
2026-08-08T09:08:46Z,Digitizer_run2126_subrun22.csv,74,False,,,1.79,-0.4293
2026-08-08T09:08:46Z,Digitizer_run2126_subrun22.csv,75,False,,,1.86,-0.4045
2026-08-08T09:08:46Z,Digitizer_run2126_subrun22.csv,76,False,,,2.22,-0.405
2026-08-08T09:08:46Z,Digitizer_run2126_subrun22.csv,77,False,,,2.0,-0.3838
2026-08-08T09:08:46Z,Digitizer_run2126_subrun22.csv,78,False,,,1.18,-0.3934
2026-08-08T09:08:46Z,Digitizer_run2126_subrun22.csv,79,False,,,1.69,-0.4162
2026-08-08T09:08:46Z,Digitizer_run2126_subrun22.csv,80,False,,,2.26,-0.5168
2026-08-08T09:08:46Z,Digitizer_run2126_subrun22.csv,81,False,,,2.71,-0.4928
2026-08-08T09:08:46Z,Digitizer_run2126_subrun22.csv,82,False,,,1.3,-0.4006
2026-08-08T09:08:46Z,Digitizer_run2126_subrun22.csv,83,False,,,1.83,-0.3994
2026-08-08T09:08:46Z,Digitizer_run2126_subrun22.csv,84,False,,,2.23,-0.4605
2026-08-08T09:08:46Z,Digitizer_run2126_subrun22.csv,85,False,,,1.82,-0.418
2026-08-08T09:08:46Z,Digitizer_run2126_subrun22.csv,86,False,,,1.37,-0.3819
2026-08-08T09:08:46Z,Digitizer_run2126_subrun22.csv,87,False,,,1.36,-0.3888
2026-08-08T09:08:46Z,Digitizer_run2126_subrun22.csv,88,False,,,2.24,-0.4226
2026-08-08T09:08:46Z,Digitizer_run2126_subrun22.csv,89,False,,,1.93,-0.4505
2026-08-08T09:08:46Z,Digitizer_run2126_subrun22.csv,90,True,statistical,nPulses_median,14.61,-0.5303
2026-08-08T09:08:46Z,Digitizer_run2126_subrun22.csv,91,False,,,1.85,-0.4022
2026-08-08T09:08:46Z,Digitizer_run2126_subrun22.csv,92,False,,,1.98,-0.4899
2026-08-08T09:08:46Z,Digitizer_run2126_subrun22.csv,93,False,,,2.5,-0.4476
2026-08-08T09:08:46Z,Digitizer_run2126_subrun22.csv,94,False,,,1.85,-0.4088
2026-08-08T09:08:46Z,Digitizer_run2126_subrun22.csv,95,False,,,1.71,-0.4175
2026-08-08T09:08:52Z,Digitizer_run2126_subrun23.csv,0,False,,,3.03,-0.453
2026-08-08T09:08:52Z,Digitizer_run2126_subrun23.csv,1,False,,,2.81,-0.4456
2026-08-08T09:08:52Z,Digitizer_run2126_subrun23.csv,2,False,,,3.16,-0.5111
2026-08-08T09:08:52Z,Digitizer_run2126_subrun23.csv,3,False,,,4.68,-0.4494
2026-08-08T09:08:52Z,Digitizer_run2126_subrun23.csv,4,False,,,4.31,-0.5437
2026-08-08T09:08:52Z,Digitizer_run2126_subrun23.csv,5,False,,,3.28,-0.5116
2026-08-08T09:08:52Z,Digitizer_run2126_subrun23.csv,6,False,,,2.04,-0.4741
2026-08-08T09:08:52Z,Digitizer_run2126_subrun23.csv,7,False,,,2.57,-0.4521
2026-08-08T09:08:52Z,Digitizer_run2126_subrun23.csv,8,False,,,3.78,-0.5146
2026-08-08T09:08:52Z,Digitizer_run2126_subrun23.csv,9,True,isolation_forest,,7.74,-0.648
2026-08-08T09:08:52Z,Digitizer_run2126_subrun23.csv,10,False,,,3.33,-0.5084
2026-08-08T09:08:52Z,Digitizer_run2126_subrun23.csv,11,False,,,2.79,-0.5159
2026-08-08T09:08:52Z,Digitizer_run2126_subrun23.csv,12,False,,,2.04,-0.4403
2026-08-08T09:08:52Z,Digitizer_run2126_subrun23.csv,13,False,,,1.82,-0.426
2026-08-08T09:08:52Z,Digitizer_run2126_subrun23.csv,14,False,,,2.33,-0.4793
2026-08-08T09:08:52Z,Digitizer_run2126_subrun23.csv,15,False,,,2.04,-0.4421
2026-08-08T09:08:52Z,Digitizer_run2126_subrun23.csv,16,False,,,3.13,-0.5035
2026-08-08T09:08:52Z,Digitizer_run2126_subrun23.csv,17,False,,,2.77,-0.4876
2026-08-08T09:08:52Z,Digitizer_run2126_subrun23.csv,18,False,,,1.9,-0.425
2026-08-08T09:08:52Z,Digitizer_run2126_subrun23.csv,19,False,,,2.07,-0.4482
2026-08-08T09:08:52Z,Digitizer_run2126_subrun23.csv,20,False,,,2.39,-0.5396
2026-08-08T09:08:52Z,Digitizer_run2126_subrun23.csv,21,False,,,2.11,-0.4855
2026-08-08T09:08:52Z,Digitizer_run2126_subrun23.csv,22,False,,,2.17,-0.4828
2026-08-08T09:08:52Z,Digitizer_run2126_subrun23.csv,23,False,,,3.58,-0.5661
2026-08-08T09:08:52Z,Digitizer_run2126_subrun23.csv,24,False,,,3.19,-0.6005
2026-08-08T09:08:52Z,Digitizer_run2126_subrun23.csv,25,False,,,2.74,-0.5254
2026-08-08T09:08:52Z,Digitizer_run2126_subrun23.csv,26,False,,,2.02,-0.4589
2026-08-08T09:08:52Z,Digitizer_run2126_subrun23.csv,27,False,,,2.07,-0.4464
2026-08-08T09:08:52Z,Digitizer_run2126_subrun23.csv,28,False,,,1.61,-0.4258
2026-08-08T09:08:52Z,Digitizer_run2126_subrun23.csv,29,False,,,1.43,-0.4015
2026-08-08T09:08:52Z,Digitizer_run2126_subrun23.csv,30,False,,,3.33,-0.4985
2026-08-08T09:08:52Z,Digitizer_run2126_subrun23.csv,31,False,,,3.23,-0.5599
2026-08-08T09:08:52Z,Digitizer_run2126_subrun23.csv,32,False,,,3.1,-0.5442
2026-08-08T09:08:52Z,Digitizer_run2126_subrun23.csv,33,False,,,4.69,-0.5399
2026-08-08T09:08:52Z,Digitizer_run2126_subrun23.csv,34,False,,,2.22,-0.4685
2026-08-08T09:08:52Z,Digitizer_run2126_subrun23.csv,35,False,,,2.2,-0.4334
2026-08-08T09:08:52Z,Digitizer_run2126_subrun23.csv,36,False,,,2.8,-0.5086
2026-08-08T09:08:52Z,Digitizer_run2126_subrun23.csv,37,False,,,1.52,-0.4307
2026-08-08T09:08:52Z,Digitizer_run2126_subrun23.csv,38,False,,,5.37,-0.6228
2026-08-08T09:08:52Z,Digitizer_run2126_subrun23.csv,39,False,,,6.1,-0.5372
2026-08-08T09:08:52Z,Digitizer_run2126_subrun23.csv,40,False,,,4.28,-0.5775
2026-08-08T09:08:52Z,Digitizer_run2126_subrun23.csv,41,False,,,3.19,-0.5291
2026-08-08T09:08:52Z,Digitizer_run2126_subrun23.csv,42,False,,,4.04,-0.5423
2026-08-08T09:08:52Z,Digitizer_run2126_subrun23.csv,43,False,,,2.66,-0.5043
2026-08-08T09:08:52Z,Digitizer_run2126_subrun23.csv,44,False,,,3.14,-0.4818
2026-08-08T09:08:52Z,Digitizer_run2126_subrun23.csv,45,False,,,2.83,-0.4859
2026-08-08T09:08:52Z,Digitizer_run2126_subrun23.csv,46,False,,,2.44,-0.4514
2026-08-08T09:08:52Z,Digitizer_run2126_subrun23.csv,47,False,,,2.79,-0.4819
2026-08-08T09:08:52Z,Digitizer_run2126_subrun23.csv,48,False,,,3.83,-0.6
2026-08-08T09:08:52Z,Digitizer_run2126_subrun23.csv,49,False,,,3.26,-0.4848
2026-08-08T09:08:52Z,Digitizer_run2126_subrun23.csv,50,False,,,3.52,-0.5455
2026-08-08T09:08:52Z,Digitizer_run2126_subrun23.csv,51,False,,,4.04,-0.6154
2026-08-08T09:08:52Z,Digitizer_run2126_subrun23.csv,52,False,,,2.7,-0.4717
2026-08-08T09:08:52Z,Digitizer_run2126_subrun23.csv,53,False,,,3.6,-0.5317
2026-08-08T09:08:52Z,Digitizer_run2126_subrun23.csv,54,False,,,7.04,-0.5682
2026-08-08T09:08:52Z,Digitizer_run2126_subrun23.csv,55,False,,,2.29,-0.4451
2026-08-08T09:08:52Z,Digitizer_run2126_subrun23.csv,56,False,,,4.51,-0.5897
2026-08-08T09:08:52Z,Digitizer_run2126_subrun23.csv,57,False,,,4.81,-0.5905
2026-08-08T09:08:52Z,Digitizer_run2126_subrun23.csv,58,False,,,1.83,-0.423
2026-08-08T09:08:52Z,Digitizer_run2126_subrun23.csv,59,False,,,3.22,-0.5042
2026-08-08T09:08:52Z,Digitizer_run2126_subrun23.csv,60,False,,,2.67,-0.4748
2026-08-08T09:08:52Z,Digitizer_run2126_subrun23.csv,61,False,,,2.32,-0.4624
2026-08-08T09:08:52Z,Digitizer_run2126_subrun23.csv,62,False,,,3.86,-0.5171
2026-08-08T09:08:52Z,Digitizer_run2126_subrun23.csv,63,False,,,2.57,-0.4853
2026-08-08T09:08:52Z,Digitizer_run2126_subrun23.csv,64,False,,,3.02,-0.5563
2026-08-08T09:08:52Z,Digitizer_run2126_subrun23.csv,65,False,,,3.09,-0.5223
2026-08-08T09:08:52Z,Digitizer_run2126_subrun23.csv,66,False,,,5.91,-0.6264
2026-08-08T09:08:52Z,Digitizer_run2126_subrun23.csv,67,False,,,4.14,-0.5482
2026-08-08T09:08:52Z,Digitizer_run2126_subrun23.csv,68,False,,,3.39,-0.5212
2026-08-08T09:08:52Z,Digitizer_run2126_subrun23.csv,69,False,,,2.38,-0.4649
2026-08-08T09:08:52Z,Digitizer_run2126_subrun23.csv,70,False,,,2.51,-0.4613
2026-08-08T09:08:52Z,Digitizer_run2126_subrun23.csv,71,False,,,3.58,-0.4978
2026-08-08T09:08:52Z,Digitizer_run2126_subrun23.csv,72,False,,,3.79,-0.5481
2026-08-08T09:08:52Z,Digitizer_run2126_subrun23.csv,73,False,,,2.21,-0.4352
2026-08-08T09:08:52Z,Digitizer_run2126_subrun23.csv,74,False,,,3.28,-0.4589
2026-08-08T09:08:52Z,Digitizer_run2126_subrun23.csv,75,False,,,2.86,-0.4598
2026-08-08T09:08:52Z,Digitizer_run2126_subrun23.csv,76,False,,,2.32,-0.421
2026-08-08T09:08:52Z,Digitizer_run2126_subrun23.csv,77,False,,,2.4,-0.4219
2026-08-08T09:08:52Z,Digitizer_run2126_subrun23.csv,78,False,,,2.71,-0.4882
2026-08-08T09:08:52Z,Digitizer_run2126_subrun23.csv,79,False,,,3.44,-0.4138
2026-08-08T09:08:52Z,Digitizer_run2126_subrun23.csv,80,False,,,2.8,-0.4786
2026-08-08T09:08:52Z,Digitizer_run2126_subrun23.csv,81,False,,,2.97,-0.4779
2026-08-08T09:08:52Z,Digitizer_run2126_subrun23.csv,82,False,,,2.34,-0.5025
2026-08-08T09:08:52Z,Digitizer_run2126_subrun23.csv,83,False,,,2.35,-0.4451
2026-08-08T09:08:52Z,Digitizer_run2126_subrun23.csv,84,False,,,2.57,-0.4948
2026-08-08T09:08:52Z,Digitizer_run2126_subrun23.csv,85,False,,,1.75,-0.4228
2026-08-08T09:08:52Z,Digitizer_run2126_subrun23.csv,86,False,,,2.56,-0.4004
2026-08-08T09:08:52Z,Digitizer_run2126_subrun23.csv,87,False,,,1.81,-0.4087
2026-08-08T09:08:52Z,Digitizer_run2126_subrun23.csv,88,False,,,3.82,-0.5294
2026-08-08T09:08:52Z,Digitizer_run2126_subrun23.csv,89,False,,,3.49,-0.5582
2026-08-08T09:08:52Z,Digitizer_run2126_subrun23.csv,90,False,,,2.17,-0.4115
2026-08-08T09:08:52Z,Digitizer_run2126_subrun23.csv,91,False,,,2.02,-0.4329
2026-08-08T09:08:52Z,Digitizer_run2126_subrun23.csv,92,False,,,2.62,-0.4801
2026-08-08T09:08:52Z,Digitizer_run2126_subrun23.csv,93,False,,,2.05,-0.4737
2026-08-08T09:08:52Z,Digitizer_run2126_subrun23.csv,94,False,,,1.64,-0.4138
2026-08-08T09:08:52Z,Digitizer_run2126_subrun23.csv,95,False,,,2.02,-0.4264
2026-08-08T09:08:58Z,Digitizer_run2126_subrun24.csv,0,False,,,1.88,-0.447
2026-08-08T09:08:58Z,Digitizer_run2126_subrun24.csv,1,False,,,2.59,-0.408
2026-08-08T09:08:58Z,Digitizer_run2126_subrun24.csv,2,False,,,2.85,-0.4569
2026-08-08T09:08:58Z,Digitizer_run2126_subrun24.csv,3,False,,,3.87,-0.4486
2026-08-08T09:08:58Z,Digitizer_run2126_subrun24.csv,4,False,,,2.44,-0.4579
2026-08-08T09:08:58Z,Digitizer_run2126_subrun24.csv,5,False,,,3.19,-0.5135
2026-08-08T09:08:58Z,Digitizer_run2126_subrun24.csv,6,False,,,1.75,-0.4134
2026-08-08T09:08:58Z,Digitizer_run2126_subrun24.csv,7,False,,,1.45,-0.4027
2026-08-08T09:08:58Z,Digitizer_run2126_subrun24.csv,8,False,,,1.47,-0.4032
2026-08-08T09:08:58Z,Digitizer_run2126_subrun24.csv,9,False,,,2.09,-0.4354
2026-08-08T09:08:58Z,Digitizer_run2126_subrun24.csv,10,False,,,1.92,-0.4421
2026-08-08T09:08:58Z,Digitizer_run2126_subrun24.csv,11,False,,,2.1,-0.4666
2026-08-08T09:08:58Z,Digitizer_run2126_subrun24.csv,12,False,,,2.84,-0.501
2026-08-08T09:08:58Z,Digitizer_run2126_subrun24.csv,13,False,,,2.27,-0.4615
2026-08-08T09:08:58Z,Digitizer_run2126_subrun24.csv,14,False,,,1.68,-0.4265
2026-08-08T09:08:58Z,Digitizer_run2126_subrun24.csv,15,False,,,1.64,-0.4046
2026-08-08T09:08:58Z,Digitizer_run2126_subrun24.csv,16,False,,,2.49,-0.4813
2026-08-08T09:08:58Z,Digitizer_run2126_subrun24.csv,17,False,,,3.9,-0.5155
2026-08-08T09:08:58Z,Digitizer_run2126_subrun24.csv,18,False,,,1.97,-0.4438
2026-08-08T09:08:58Z,Digitizer_run2126_subrun24.csv,19,False,,,3.08,-0.4868
2026-08-08T09:08:58Z,Digitizer_run2126_subrun24.csv,20,False,,,2.66,-0.5166
2026-08-08T09:08:58Z,Digitizer_run2126_subrun24.csv,21,False,,,2.78,-0.5323
2026-08-08T09:08:58Z,Digitizer_run2126_subrun24.csv,22,False,,,1.64,-0.4002
2026-08-08T09:08:58Z,Digitizer_run2126_subrun24.csv,23,False,,,1.65,-0.4097
2026-08-08T09:08:58Z,Digitizer_run2126_subrun24.csv,24,False,,,1.73,-0.4362
2026-08-08T09:08:58Z,Digitizer_run2126_subrun24.csv,25,False,,,5.8,-0.5426
2026-08-08T09:08:58Z,Digitizer_run2126_subrun24.csv,26,False,,,1.77,-0.4098
2026-08-08T09:08:58Z,Digitizer_run2126_subrun24.csv,27,False,,,1.83,-0.4018
2026-08-08T09:08:58Z,Digitizer_run2126_subrun24.csv,28,False,,,2.43,-0.4598
2026-08-08T09:08:58Z,Digitizer_run2126_subrun24.csv,29,False,,,2.18,-0.4562
2026-08-08T09:08:58Z,Digitizer_run2126_subrun24.csv,30,False,,,1.9,-0.3891
2026-08-08T09:08:58Z,Digitizer_run2126_subrun24.csv,31,False,,,2.43,-0.4005
2026-08-08T09:08:58Z,Digitizer_run2126_subrun24.csv,32,False,,,2.77,-0.4347
2026-08-08T09:08:58Z,Digitizer_run2126_subrun24.csv,33,False,,,2.61,-0.4797
2026-08-08T09:08:58Z,Digitizer_run2126_subrun24.csv,34,False,,,2.34,-0.4515
2026-08-08T09:08:58Z,Digitizer_run2126_subrun24.csv,35,False,,,2.31,-0.4419
2026-08-08T09:08:58Z,Digitizer_run2126_subrun24.csv,36,False,,,3.22,-0.4963
2026-08-08T09:08:58Z,Digitizer_run2126_subrun24.csv,37,False,,,2.55,-0.4673
2026-08-08T09:08:58Z,Digitizer_run2126_subrun24.csv,38,False,,,4.05,-0.5081
2026-08-08T09:08:58Z,Digitizer_run2126_subrun24.csv,39,False,,,3.07,-0.4716
2026-08-08T09:08:58Z,Digitizer_run2126_subrun24.csv,40,False,,,1.54,-0.3943
2026-08-08T09:08:58Z,Digitizer_run2126_subrun24.csv,41,False,,,1.95,-0.3943
2026-08-08T09:08:58Z,Digitizer_run2126_subrun24.csv,42,False,,,2.9,-0.5339
2026-08-08T09:08:58Z,Digitizer_run2126_subrun24.csv,43,False,,,3.16,-0.5545
2026-08-08T09:08:58Z,Digitizer_run2126_subrun24.csv,44,False,,,1.43,-0.4149
2026-08-08T09:08:58Z,Digitizer_run2126_subrun24.csv,45,False,,,1.39,-0.4004
2026-08-08T09:08:58Z,Digitizer_run2126_subrun24.csv,46,False,,,1.87,-0.4261
2026-08-08T09:08:58Z,Digitizer_run2126_subrun24.csv,47,False,,,1.88,-0.4331
2026-08-08T09:08:58Z,Digitizer_run2126_subrun24.csv,48,False,,,1.34,-0.4089
2026-08-08T09:08:58Z,Digitizer_run2126_subrun24.csv,49,False,,,1.93,-0.4146
2026-08-08T09:08:58Z,Digitizer_run2126_subrun24.csv,50,False,,,1.47,-0.417
2026-08-08T09:08:58Z,Digitizer_run2126_subrun24.csv,51,False,,,1.39,-0.4354
2026-08-08T09:08:58Z,Digitizer_run2126_subrun24.csv,52,False,,,2.72,-0.4586
2026-08-08T09:08:58Z,Digitizer_run2126_subrun24.csv,53,False,,,2.29,-0.4418
2026-08-08T09:08:58Z,Digitizer_run2126_subrun24.csv,54,False,,,1.86,-0.4118
2026-08-08T09:08:58Z,Digitizer_run2126_subrun24.csv,55,False,,,2.36,-0.4242
2026-08-08T09:08:58Z,Digitizer_run2126_subrun24.csv,56,False,,,2.62,-0.4878
2026-08-08T09:08:58Z,Digitizer_run2126_subrun24.csv,57,False,,,1.79,-0.4428
2026-08-08T09:08:58Z,Digitizer_run2126_subrun24.csv,58,False,,,2.9,-0.4861
2026-08-08T09:08:58Z,Digitizer_run2126_subrun24.csv,59,False,,,2.64,-0.4526
2026-08-08T09:08:58Z,Digitizer_run2126_subrun24.csv,60,False,,,1.57,-0.4305
2026-08-08T09:08:58Z,Digitizer_run2126_subrun24.csv,61,False,,,2.45,-0.4283
2026-08-08T09:08:58Z,Digitizer_run2126_subrun24.csv,62,False,,,1.67,-0.3893
2026-08-08T09:08:58Z,Digitizer_run2126_subrun24.csv,63,False,,,1.75,-0.4093
2026-08-08T09:08:58Z,Digitizer_run2126_subrun24.csv,64,False,,,3.06,-0.4937
2026-08-08T09:08:58Z,Digitizer_run2126_subrun24.csv,65,False,,,2.69,-0.5043
2026-08-08T09:08:58Z,Digitizer_run2126_subrun24.csv,66,False,,,3.48,-0.6009
2026-08-08T09:08:58Z,Digitizer_run2126_subrun24.csv,67,False,,,3.55,-0.5173
2026-08-08T09:08:58Z,Digitizer_run2126_subrun24.csv,68,False,,,1.01,-0.3863
2026-08-08T09:08:58Z,Digitizer_run2126_subrun24.csv,69,False,,,1.5,-0.3849
2026-08-08T09:08:58Z,Digitizer_run2126_subrun24.csv,70,False,,,1.97,-0.412
2026-08-08T09:08:58Z,Digitizer_run2126_subrun24.csv,71,False,,,3.58,-0.5216
2026-08-08T09:08:58Z,Digitizer_run2126_subrun24.csv,72,False,,,2.57,-0.4893
2026-08-08T09:08:58Z,Digitizer_run2126_subrun24.csv,73,False,,,1.05,-0.3829
2026-08-08T09:08:58Z,Digitizer_run2126_subrun24.csv,74,False,,,1.29,-0.3916
2026-08-08T09:08:58Z,Digitizer_run2126_subrun24.csv,75,False,,,1.57,-0.3885
2026-08-08T09:08:58Z,Digitizer_run2126_subrun24.csv,76,False,,,2.17,-0.4222
2026-08-08T09:08:58Z,Digitizer_run2126_subrun24.csv,77,False,,,2.08,-0.4598
2026-08-08T09:08:58Z,Digitizer_run2126_subrun24.csv,78,False,,,2.66,-0.4777
2026-08-08T09:08:58Z,Digitizer_run2126_subrun24.csv,79,False,,,1.79,-0.4307
2026-08-08T09:08:58Z,Digitizer_run2126_subrun24.csv,80,False,,,1.92,-0.4399
2026-08-08T09:08:58Z,Digitizer_run2126_subrun24.csv,81,False,,,2.84,-0.4875
2026-08-08T09:08:58Z,Digitizer_run2126_subrun24.csv,82,False,,,1.22,-0.3996
2026-08-08T09:08:58Z,Digitizer_run2126_subrun24.csv,83,False,,,1.16,-0.3921
2026-08-08T09:08:58Z,Digitizer_run2126_subrun24.csv,84,False,,,1.67,-0.3979
2026-08-08T09:08:58Z,Digitizer_run2126_subrun24.csv,85,False,,,2.21,-0.4222
2026-08-08T09:08:58Z,Digitizer_run2126_subrun24.csv,86,False,,,1.2,-0.3878
2026-08-08T09:08:58Z,Digitizer_run2126_subrun24.csv,87,False,,,2.03,-0.4143
2026-08-08T09:08:58Z,Digitizer_run2126_subrun24.csv,88,False,,,1.9,-0.4394
2026-08-08T09:08:58Z,Digitizer_run2126_subrun24.csv,89,False,,,1.3,-0.3917
2026-08-08T09:08:58Z,Digitizer_run2126_subrun24.csv,90,False,,,2.08,-0.4102
2026-08-08T09:08:58Z,Digitizer_run2126_subrun24.csv,91,False,,,2.3,-0.4683
2026-08-08T09:08:58Z,Digitizer_run2126_subrun24.csv,92,False,,,2.74,-0.4535
2026-08-08T09:08:58Z,Digitizer_run2126_subrun24.csv,93,False,,,1.79,-0.4533
2026-08-08T09:08:58Z,Digitizer_run2126_subrun24.csv,94,False,,,1.31,-0.3885
2026-08-08T09:08:58Z,Digitizer_run2126_subrun24.csv,95,False,,,2.01,-0.4264
2026-08-08T09:09:05Z,Digitizer_run2126_subrun25.csv,0,False,,,1.33,-0.3825
2026-08-08T09:09:05Z,Digitizer_run2126_subrun25.csv,1,False,,,2.61,-0.4287
2026-08-08T09:09:05Z,Digitizer_run2126_subrun25.csv,2,False,,,1.48,-0.3965
2026-08-08T09:09:05Z,Digitizer_run2126_subrun25.csv,3,False,,,2.82,-0.4064
2026-08-08T09:09:05Z,Digitizer_run2126_subrun25.csv,4,False,,,2.35,-0.4465
2026-08-08T09:09:05Z,Digitizer_run2126_subrun25.csv,5,False,,,1.68,-0.4401
2026-08-08T09:09:05Z,Digitizer_run2126_subrun25.csv,6,False,,,3.68,-0.4854
2026-08-08T09:09:05Z,Digitizer_run2126_subrun25.csv,7,False,,,4.86,-0.5673
2026-08-08T09:09:05Z,Digitizer_run2126_subrun25.csv,8,False,,,1.56,-0.4248
2026-08-08T09:09:05Z,Digitizer_run2126_subrun25.csv,9,False,,,1.59,-0.3969
2026-08-08T09:09:05Z,Digitizer_run2126_subrun25.csv,10,False,,,1.65,-0.3944
2026-08-08T09:09:05Z,Digitizer_run2126_subrun25.csv,11,False,,,1.68,-0.4055
2026-08-08T09:09:05Z,Digitizer_run2126_subrun25.csv,12,False,,,2.47,-0.4531
2026-08-08T09:09:05Z,Digitizer_run2126_subrun25.csv,13,False,,,1.52,-0.406
2026-08-08T09:09:05Z,Digitizer_run2126_subrun25.csv,14,False,,,1.88,-0.4387
2026-08-08T09:09:05Z,Digitizer_run2126_subrun25.csv,15,False,,,1.88,-0.4293
2026-08-08T09:09:05Z,Digitizer_run2126_subrun25.csv,16,False,,,6.87,-0.5689
2026-08-08T09:09:05Z,Digitizer_run2126_subrun25.csv,17,False,,,2.48,-0.467
2026-08-08T09:09:05Z,Digitizer_run2126_subrun25.csv,18,False,,,2.4,-0.4465
2026-08-08T09:09:05Z,Digitizer_run2126_subrun25.csv,19,False,,,4.11,-0.5274
2026-08-08T09:09:05Z,Digitizer_run2126_subrun25.csv,20,False,,,1.76,-0.4124
2026-08-08T09:09:05Z,Digitizer_run2126_subrun25.csv,21,False,,,1.28,-0.3989
2026-08-08T09:09:05Z,Digitizer_run2126_subrun25.csv,22,False,,,2.32,-0.4833
2026-08-08T09:09:05Z,Digitizer_run2126_subrun25.csv,23,False,,,2.8,-0.4831
2026-08-08T09:09:05Z,Digitizer_run2126_subrun25.csv,24,False,,,1.95,-0.448
2026-08-08T09:09:05Z,Digitizer_run2126_subrun25.csv,25,False,,,2.57,-0.4757
2026-08-08T09:09:05Z,Digitizer_run2126_subrun25.csv,26,False,,,2.1,-0.43
2026-08-08T09:09:05Z,Digitizer_run2126_subrun25.csv,27,False,,,1.33,-0.4012
2026-08-08T09:09:05Z,Digitizer_run2126_subrun25.csv,28,False,,,2.57,-0.4858
2026-08-08T09:09:05Z,Digitizer_run2126_subrun25.csv,29,False,,,2.82,-0.4704
2026-08-08T09:09:05Z,Digitizer_run2126_subrun25.csv,30,False,,,1.78,-0.4195
2026-08-08T09:09:05Z,Digitizer_run2126_subrun25.csv,31,False,,,2.71,-0.469
2026-08-08T09:09:05Z,Digitizer_run2126_subrun25.csv,32,False,,,2.16,-0.4084
2026-08-08T09:09:05Z,Digitizer_run2126_subrun25.csv,33,False,,,2.23,-0.4458
2026-08-08T09:09:05Z,Digitizer_run2126_subrun25.csv,34,False,,,1.6,-0.4007
2026-08-08T09:09:05Z,Digitizer_run2126_subrun25.csv,35,False,,,2.02,-0.42
2026-08-08T09:09:05Z,Digitizer_run2126_subrun25.csv,36,False,,,1.44,-0.4224
2026-08-08T09:09:05Z,Digitizer_run2126_subrun25.csv,37,False,,,2.88,-0.427
2026-08-08T09:09:05Z,Digitizer_run2126_subrun25.csv,38,False,,,2.3,-0.4118
2026-08-08T09:09:05Z,Digitizer_run2126_subrun25.csv,39,False,,,1.48,-0.4011
2026-08-08T09:09:05Z,Digitizer_run2126_subrun25.csv,40,False,,,3.44,-0.5237
2026-08-08T09:09:05Z,Digitizer_run2126_subrun25.csv,41,False,,,6.31,-0.5558
2026-08-08T09:09:05Z,Digitizer_run2126_subrun25.csv,42,False,,,2.12,-0.4496
2026-08-08T09:09:05Z,Digitizer_run2126_subrun25.csv,43,False,,,3.67,-0.51
2026-08-08T09:09:05Z,Digitizer_run2126_subrun25.csv,44,False,,,1.37,-0.4085
2026-08-08T09:09:05Z,Digitizer_run2126_subrun25.csv,45,False,,,1.71,-0.3977
2026-08-08T09:09:05Z,Digitizer_run2126_subrun25.csv,46,False,,,2.75,-0.4735
2026-08-08T09:09:05Z,Digitizer_run2126_subrun25.csv,47,False,,,3.26,-0.5134
2026-08-08T09:09:05Z,Digitizer_run2126_subrun25.csv,48,False,,,1.98,-0.4577
2026-08-08T09:09:05Z,Digitizer_run2126_subrun25.csv,49,False,,,1.25,-0.4108
2026-08-08T09:09:05Z,Digitizer_run2126_subrun25.csv,50,False,,,2.9,-0.459
2026-08-08T09:09:05Z,Digitizer_run2126_subrun25.csv,51,False,,,1.59,-0.4089
2026-08-08T09:09:05Z,Digitizer_run2126_subrun25.csv,52,False,,,1.44,-0.4016
2026-08-08T09:09:05Z,Digitizer_run2126_subrun25.csv,53,False,,,1.21,-0.3875
2026-08-08T09:09:05Z,Digitizer_run2126_subrun25.csv,54,False,,,3.11,-0.4831
2026-08-08T09:09:05Z,Digitizer_run2126_subrun25.csv,55,False,,,1.56,-0.4221
2026-08-08T09:09:05Z,Digitizer_run2126_subrun25.csv,56,False,,,3.29,-0.497
2026-08-08T09:09:05Z,Digitizer_run2126_subrun25.csv,57,False,,,1.69,-0.4187
2026-08-08T09:09:05Z,Digitizer_run2126_subrun25.csv,58,False,,,1.2,-0.3925
2026-08-08T09:09:05Z,Digitizer_run2126_subrun25.csv,59,False,,,1.23,-0.4136
2026-08-08T09:09:05Z,Digitizer_run2126_subrun25.csv,60,False,,,2.28,-0.4754
2026-08-08T09:09:05Z,Digitizer_run2126_subrun25.csv,61,False,,,1.71,-0.4125
2026-08-08T09:09:05Z,Digitizer_run2126_subrun25.csv,62,False,,,2.2,-0.457
2026-08-08T09:09:05Z,Digitizer_run2126_subrun25.csv,63,False,,,3.76,-0.4159
2026-08-08T09:09:05Z,Digitizer_run2126_subrun25.csv,64,False,,,2.66,-0.5404
2026-08-08T09:09:05Z,Digitizer_run2126_subrun25.csv,65,False,,,3.68,-0.5654
2026-08-08T09:09:05Z,Digitizer_run2126_subrun25.csv,66,False,,,1.11,-0.3769
2026-08-08T09:09:05Z,Digitizer_run2126_subrun25.csv,67,False,,,2.6,-0.4275
2026-08-08T09:09:05Z,Digitizer_run2126_subrun25.csv,68,False,,,1.23,-0.4011
2026-08-08T09:09:05Z,Digitizer_run2126_subrun25.csv,69,False,,,1.89,-0.4132
2026-08-08T09:09:05Z,Digitizer_run2126_subrun25.csv,70,False,,,3.24,-0.5014
2026-08-08T09:09:05Z,Digitizer_run2126_subrun25.csv,71,False,,,3.58,-0.4999
2026-08-08T09:09:05Z,Digitizer_run2126_subrun25.csv,72,False,,,2.37,-0.5138
2026-08-08T09:09:05Z,Digitizer_run2126_subrun25.csv,73,False,,,3.94,-0.4837
2026-08-08T09:09:05Z,Digitizer_run2126_subrun25.csv,74,False,,,6.25,-0.4754
2026-08-08T09:09:05Z,Digitizer_run2126_subrun25.csv,75,False,,,3.06,-0.4474
2026-08-08T09:09:05Z,Digitizer_run2126_subrun25.csv,76,False,,,1.36,-0.3943
2026-08-08T09:09:05Z,Digitizer_run2126_subrun25.csv,77,False,,,2.11,-0.4463
2026-08-08T09:09:05Z,Digitizer_run2126_subrun25.csv,78,False,,,3.55,-0.4878
2026-08-08T09:09:05Z,Digitizer_run2126_subrun25.csv,79,False,,,1.61,-0.4134
2026-08-08T09:09:05Z,Digitizer_run2126_subrun25.csv,80,False,,,2.13,-0.4484
2026-08-08T09:09:05Z,Digitizer_run2126_subrun25.csv,81,False,,,2.94,-0.4714
2026-08-08T09:09:05Z,Digitizer_run2126_subrun25.csv,82,False,,,2.56,-0.483
2026-08-08T09:09:05Z,Digitizer_run2126_subrun25.csv,83,False,,,3.32,-0.4155
2026-08-08T09:09:05Z,Digitizer_run2126_subrun25.csv,84,False,,,2.18,-0.4487
2026-08-08T09:09:05Z,Digitizer_run2126_subrun25.csv,85,False,,,1.54,-0.4241
2026-08-08T09:09:05Z,Digitizer_run2126_subrun25.csv,86,False,,,1.63,-0.3856
2026-08-08T09:09:05Z,Digitizer_run2126_subrun25.csv,87,False,,,2.83,-0.3971
2026-08-08T09:09:05Z,Digitizer_run2126_subrun25.csv,88,False,,,3.19,-0.4215
2026-08-08T09:09:05Z,Digitizer_run2126_subrun25.csv,89,False,,,1.89,-0.4389
2026-08-08T09:09:05Z,Digitizer_run2126_subrun25.csv,90,False,,,3.17,-0.5856
2026-08-08T09:09:05Z,Digitizer_run2126_subrun25.csv,91,False,,,3.0,-0.5451
2026-08-08T09:09:05Z,Digitizer_run2126_subrun25.csv,92,False,,,1.85,-0.4315
2026-08-08T09:09:05Z,Digitizer_run2126_subrun25.csv,93,False,,,3.02,-0.4671
2026-08-08T09:09:05Z,Digitizer_run2126_subrun25.csv,94,False,,,2.12,-0.5014
2026-08-08T09:09:05Z,Digitizer_run2126_subrun25.csv,95,False,,,2.67,-0.4652
2026-08-08T09:09:11Z,Digitizer_run2126_subrun26.csv,0,False,,,2.08,-0.424
2026-08-08T09:09:11Z,Digitizer_run2126_subrun26.csv,1,False,,,1.43,-0.4085
2026-08-08T09:09:11Z,Digitizer_run2126_subrun26.csv,2,False,,,2.3,-0.4952
2026-08-08T09:09:11Z,Digitizer_run2126_subrun26.csv,3,False,,,2.26,-0.4385
2026-08-08T09:09:11Z,Digitizer_run2126_subrun26.csv,4,False,,,2.88,-0.485
2026-08-08T09:09:11Z,Digitizer_run2126_subrun26.csv,5,False,,,1.71,-0.4274
2026-08-08T09:09:11Z,Digitizer_run2126_subrun26.csv,6,False,,,1.06,-0.3844
2026-08-08T09:09:11Z,Digitizer_run2126_subrun26.csv,7,True,statistical,nPulses_median,45.76,-0.5053
2026-08-08T09:09:11Z,Digitizer_run2126_subrun26.csv,8,False,,,2.13,-0.4705
2026-08-08T09:09:11Z,Digitizer_run2126_subrun26.csv,9,False,,,1.96,-0.4324
2026-08-08T09:09:11Z,Digitizer_run2126_subrun26.csv,10,False,,,3.48,-0.579
2026-08-08T09:09:11Z,Digitizer_run2126_subrun26.csv,11,False,,,2.69,-0.4888
2026-08-08T09:09:11Z,Digitizer_run2126_subrun26.csv,12,False,,,2.48,-0.4592
2026-08-08T09:09:11Z,Digitizer_run2126_subrun26.csv,13,False,,,2.07,-0.4159
2026-08-08T09:09:11Z,Digitizer_run2126_subrun26.csv,14,False,,,2.44,-0.4796
2026-08-08T09:09:11Z,Digitizer_run2126_subrun26.csv,15,False,,,1.76,-0.4361
2026-08-08T09:09:11Z,Digitizer_run2126_subrun26.csv,16,False,,,2.77,-0.4536
2026-08-08T09:09:11Z,Digitizer_run2126_subrun26.csv,17,False,,,2.37,-0.4605
2026-08-08T09:09:11Z,Digitizer_run2126_subrun26.csv,18,False,,,3.3,-0.5133
2026-08-08T09:09:11Z,Digitizer_run2126_subrun26.csv,19,False,,,3.2,-0.486
2026-08-08T09:09:11Z,Digitizer_run2126_subrun26.csv,20,True,statistical,nPulses_median,11.21,-0.5614
2026-08-08T09:09:11Z,Digitizer_run2126_subrun26.csv,21,False,,,1.92,-0.4086
2026-08-08T09:09:11Z,Digitizer_run2126_subrun26.csv,22,False,,,2.84,-0.4217
2026-08-08T09:09:11Z,Digitizer_run2126_subrun26.csv,23,False,,,2.28,-0.447
2026-08-08T09:09:11Z,Digitizer_run2126_subrun26.csv,24,False,,,2.9,-0.5295
2026-08-08T09:09:11Z,Digitizer_run2126_subrun26.csv,25,False,,,1.28,-0.4
2026-08-08T09:09:11Z,Digitizer_run2126_subrun26.csv,26,False,,,1.72,-0.4403
2026-08-08T09:09:11Z,Digitizer_run2126_subrun26.csv,27,False,,,1.83,-0.402
2026-08-08T09:09:11Z,Digitizer_run2126_subrun26.csv,28,False,,,1.71,-0.4116
2026-08-08T09:09:11Z,Digitizer_run2126_subrun26.csv,29,False,,,1.66,-0.4035
2026-08-08T09:09:11Z,Digitizer_run2126_subrun26.csv,30,False,,,2.57,-0.4516
2026-08-08T09:09:11Z,Digitizer_run2126_subrun26.csv,31,False,,,2.74,-0.5253
2026-08-08T09:09:11Z,Digitizer_run2126_subrun26.csv,32,False,,,2.93,-0.5512
2026-08-08T09:09:11Z,Digitizer_run2126_subrun26.csv,33,False,,,2.04,-0.4672
2026-08-08T09:09:11Z,Digitizer_run2126_subrun26.csv,34,False,,,2.33,-0.4298
2026-08-08T09:09:11Z,Digitizer_run2126_subrun26.csv,35,False,,,2.16,-0.4595
2026-08-08T09:09:11Z,Digitizer_run2126_subrun26.csv,36,False,,,1.82,-0.4596
2026-08-08T09:09:11Z,Digitizer_run2126_subrun26.csv,37,False,,,2.27,-0.4702
2026-08-08T09:09:11Z,Digitizer_run2126_subrun26.csv,38,False,,,2.85,-0.4811
2026-08-08T09:09:11Z,Digitizer_run2126_subrun26.csv,39,False,,,2.85,-0.4941
2026-08-08T09:09:11Z,Digitizer_run2126_subrun26.csv,40,False,,,2.85,-0.4073
2026-08-08T09:09:11Z,Digitizer_run2126_subrun26.csv,41,False,,,2.96,-0.5318
2026-08-08T09:09:11Z,Digitizer_run2126_subrun26.csv,42,False,,,3.38,-0.5088
2026-08-08T09:09:11Z,Digitizer_run2126_subrun26.csv,43,False,,,5.01,-0.5633
2026-08-08T09:09:11Z,Digitizer_run2126_subrun26.csv,44,False,,,2.43,-0.439
2026-08-08T09:09:11Z,Digitizer_run2126_subrun26.csv,45,False,,,2.71,-0.4885
2026-08-08T09:09:11Z,Digitizer_run2126_subrun26.csv,46,False,,,2.36,-0.4938
2026-08-08T09:09:11Z,Digitizer_run2126_subrun26.csv,47,False,,,2.62,-0.4976
2026-08-08T09:09:11Z,Digitizer_run2126_subrun26.csv,48,False,,,5.98,-0.5497
2026-08-08T09:09:11Z,Digitizer_run2126_subrun26.csv,49,False,,,4.74,-0.5887
2026-08-08T09:09:11Z,Digitizer_run2126_subrun26.csv,50,False,,,2.43,-0.4894
2026-08-08T09:09:11Z,Digitizer_run2126_subrun26.csv,51,False,,,3.02,-0.4268
2026-08-08T09:09:11Z,Digitizer_run2126_subrun26.csv,52,False,,,3.04,-0.4331
2026-08-08T09:09:11Z,Digitizer_run2126_subrun26.csv,53,False,,,4.22,-0.5206
2026-08-08T09:09:11Z,Digitizer_run2126_subrun26.csv,54,False,,,1.36,-0.3983
2026-08-08T09:09:11Z,Digitizer_run2126_subrun26.csv,55,False,,,2.16,-0.4105
2026-08-08T09:09:11Z,Digitizer_run2126_subrun26.csv,56,False,,,2.62,-0.4865
2026-08-08T09:09:11Z,Digitizer_run2126_subrun26.csv,57,False,,,2.53,-0.4586
2026-08-08T09:09:11Z,Digitizer_run2126_subrun26.csv,58,False,,,3.91,-0.5209
2026-08-08T09:09:11Z,Digitizer_run2126_subrun26.csv,59,False,,,3.95,-0.481
2026-08-08T09:09:11Z,Digitizer_run2126_subrun26.csv,60,False,,,1.85,-0.425
2026-08-08T09:09:11Z,Digitizer_run2126_subrun26.csv,61,False,,,1.64,-0.3953
2026-08-08T09:09:11Z,Digitizer_run2126_subrun26.csv,62,False,,,2.57,-0.4495
2026-08-08T09:09:11Z,Digitizer_run2126_subrun26.csv,63,False,,,5.1,-0.5028
2026-08-08T09:09:11Z,Digitizer_run2126_subrun26.csv,64,False,,,1.59,-0.4203
2026-08-08T09:09:11Z,Digitizer_run2126_subrun26.csv,65,False,,,3.25,-0.4545
2026-08-08T09:09:11Z,Digitizer_run2126_subrun26.csv,66,False,,,7.04,-0.5962
2026-08-08T09:09:11Z,Digitizer_run2126_subrun26.csv,67,False,,,7.19,-0.5875
2026-08-08T09:09:11Z,Digitizer_run2126_subrun26.csv,68,False,,,2.87,-0.5365
2026-08-08T09:09:11Z,Digitizer_run2126_subrun26.csv,69,False,,,2.28,-0.4757
2026-08-08T09:09:11Z,Digitizer_run2126_subrun26.csv,70,False,,,2.04,-0.4163
2026-08-08T09:09:11Z,Digitizer_run2126_subrun26.csv,71,False,,,3.58,-0.5242
2026-08-08T09:09:11Z,Digitizer_run2126_subrun26.csv,72,False,,,2.31,-0.4863
2026-08-08T09:09:11Z,Digitizer_run2126_subrun26.csv,73,False,,,2.74,-0.4775
2026-08-08T09:09:11Z,Digitizer_run2126_subrun26.csv,74,False,,,1.53,-0.433
2026-08-08T09:09:11Z,Digitizer_run2126_subrun26.csv,75,False,,,1.67,-0.4251
2026-08-08T09:09:11Z,Digitizer_run2126_subrun26.csv,76,False,,,1.59,-0.4049
2026-08-08T09:09:11Z,Digitizer_run2126_subrun26.csv,77,False,,,2.76,-0.4955
2026-08-08T09:09:11Z,Digitizer_run2126_subrun26.csv,78,False,,,2.53,-0.4478
2026-08-08T09:09:11Z,Digitizer_run2126_subrun26.csv,79,False,,,1.53,-0.4054
2026-08-08T09:09:11Z,Digitizer_run2126_subrun26.csv,80,False,,,3.06,-0.4621
2026-08-08T09:09:11Z,Digitizer_run2126_subrun26.csv,81,False,,,3.9,-0.498
2026-08-08T09:09:11Z,Digitizer_run2126_subrun26.csv,82,False,,,2.22,-0.4513
2026-08-08T09:09:11Z,Digitizer_run2126_subrun26.csv,83,False,,,2.03,-0.4257
2026-08-08T09:09:11Z,Digitizer_run2126_subrun26.csv,84,False,,,1.88,-0.4352
2026-08-08T09:09:11Z,Digitizer_run2126_subrun26.csv,85,False,,,6.37,-0.4594
2026-08-08T09:09:11Z,Digitizer_run2126_subrun26.csv,86,False,,,1.48,-0.3885
2026-08-08T09:09:11Z,Digitizer_run2126_subrun26.csv,87,False,,,1.22,-0.3793
2026-08-08T09:09:11Z,Digitizer_run2126_subrun26.csv,88,False,,,2.5,-0.4529
2026-08-08T09:09:11Z,Digitizer_run2126_subrun26.csv,89,False,,,4.43,-0.5363
2026-08-08T09:09:11Z,Digitizer_run2126_subrun26.csv,90,False,,,6.7,-0.489
2026-08-08T09:09:11Z,Digitizer_run2126_subrun26.csv,91,False,,,2.67,-0.4472
2026-08-08T09:09:11Z,Digitizer_run2126_subrun26.csv,92,False,,,1.68,-0.4424
2026-08-08T09:09:11Z,Digitizer_run2126_subrun26.csv,93,False,,,1.44,-0.4308
2026-08-08T09:09:11Z,Digitizer_run2126_subrun26.csv,94,False,,,4.58,-0.5004
2026-08-08T09:09:11Z,Digitizer_run2126_subrun26.csv,95,False,,,5.35,-0.4668
2026-08-08T09:09:17Z,Digitizer_run2126_subrun27.csv,0,False,,,2.87,-0.441
2026-08-08T09:09:17Z,Digitizer_run2126_subrun27.csv,1,False,,,4.62,-0.6016
2026-08-08T09:09:17Z,Digitizer_run2126_subrun27.csv,2,False,,,2.3,-0.4435
2026-08-08T09:09:17Z,Digitizer_run2126_subrun27.csv,3,False,,,3.7,-0.4442
2026-08-08T09:09:17Z,Digitizer_run2126_subrun27.csv,4,False,,,4.6,-0.5212
2026-08-08T09:09:17Z,Digitizer_run2126_subrun27.csv,5,False,,,3.5,-0.5329
2026-08-08T09:09:17Z,Digitizer_run2126_subrun27.csv,6,False,,,4.36,-0.5993
2026-08-08T09:09:17Z,Digitizer_run2126_subrun27.csv,7,False,,,4.16,-0.5073
2026-08-08T09:09:17Z,Digitizer_run2126_subrun27.csv,8,False,,,3.65,-0.512
2026-08-08T09:09:17Z,Digitizer_run2126_subrun27.csv,9,False,,,2.77,-0.4972
2026-08-08T09:09:17Z,Digitizer_run2126_subrun27.csv,10,False,,,1.5,-0.4333
2026-08-08T09:09:17Z,Digitizer_run2126_subrun27.csv,11,False,,,4.76,-0.4825
2026-08-08T09:09:17Z,Digitizer_run2126_subrun27.csv,12,False,,,4.12,-0.4936
2026-08-08T09:09:17Z,Digitizer_run2126_subrun27.csv,13,False,,,5.66,-0.5302
2026-08-08T09:09:17Z,Digitizer_run2126_subrun27.csv,14,False,,,5.67,-0.4806
2026-08-08T09:09:17Z,Digitizer_run2126_subrun27.csv,15,True,statistical,nPulses_median,19.7,-0.5998
2026-08-08T09:09:17Z,Digitizer_run2126_subrun27.csv,16,False,,,2.83,-0.5017
2026-08-08T09:09:17Z,Digitizer_run2126_subrun27.csv,17,False,,,3.74,-0.4757
2026-08-08T09:09:17Z,Digitizer_run2126_subrun27.csv,18,False,,,2.44,-0.429
2026-08-08T09:09:17Z,Digitizer_run2126_subrun27.csv,19,False,,,2.44,-0.42
2026-08-08T09:09:17Z,Digitizer_run2126_subrun27.csv,20,False,,,2.29,-0.4847
2026-08-08T09:09:17Z,Digitizer_run2126_subrun27.csv,21,False,,,2.15,-0.4595
2026-08-08T09:09:17Z,Digitizer_run2126_subrun27.csv,22,False,,,4.15,-0.4652
2026-08-08T09:09:17Z,Digitizer_run2126_subrun27.csv,23,False,,,1.36,-0.4045
2026-08-08T09:09:17Z,Digitizer_run2126_subrun27.csv,24,False,,,3.93,-0.5305
2026-08-08T09:09:17Z,Digitizer_run2126_subrun27.csv,25,False,,,3.89,-0.5836
2026-08-08T09:09:17Z,Digitizer_run2126_subrun27.csv,26,False,,,3.5,-0.4803
2026-08-08T09:09:17Z,Digitizer_run2126_subrun27.csv,27,False,,,2.52,-0.5156
2026-08-08T09:09:17Z,Digitizer_run2126_subrun27.csv,28,False,,,3.43,-0.5376
2026-08-08T09:09:17Z,Digitizer_run2126_subrun27.csv,29,False,,,4.12,-0.482
2026-08-08T09:09:17Z,Digitizer_run2126_subrun27.csv,30,True,statistical,nPulses_median,13.44,-0.532
2026-08-08T09:09:17Z,Digitizer_run2126_subrun27.csv,31,False,,,4.02,-0.4901
2026-08-08T09:09:17Z,Digitizer_run2126_subrun27.csv,32,False,,,3.43,-0.5152
2026-08-08T09:09:17Z,Digitizer_run2126_subrun27.csv,33,False,,,3.5,-0.4446
2026-08-08T09:09:17Z,Digitizer_run2126_subrun27.csv,34,False,,,3.21,-0.513
2026-08-08T09:09:17Z,Digitizer_run2126_subrun27.csv,35,False,,,3.57,-0.4751
2026-08-08T09:09:17Z,Digitizer_run2126_subrun27.csv,36,False,,,4.25,-0.5249
2026-08-08T09:09:17Z,Digitizer_run2126_subrun27.csv,37,False,,,4.43,-0.4633
2026-08-08T09:09:17Z,Digitizer_run2126_subrun27.csv,38,True,statistical,nPulses_median,67.36,-0.5285
2026-08-08T09:09:17Z,Digitizer_run2126_subrun27.csv,39,False,,,4.66,-0.526
2026-08-08T09:09:17Z,Digitizer_run2126_subrun27.csv,40,False,,,1.69,-0.4097
2026-08-08T09:09:17Z,Digitizer_run2126_subrun27.csv,41,True,statistical,pulseArea_min_median,9.3,-0.5785
2026-08-08T09:09:17Z,Digitizer_run2126_subrun27.csv,42,False,,,4.76,-0.4718
2026-08-08T09:09:17Z,Digitizer_run2126_subrun27.csv,43,False,,,3.96,-0.4904
2026-08-08T09:09:17Z,Digitizer_run2126_subrun27.csv,44,False,,,4.99,-0.5931
2026-08-08T09:09:17Z,Digitizer_run2126_subrun27.csv,45,False,,,6.84,-0.6357
2026-08-08T09:09:17Z,Digitizer_run2126_subrun27.csv,46,False,,,4.27,-0.5495
2026-08-08T09:09:17Z,Digitizer_run2126_subrun27.csv,47,False,,,3.32,-0.5396
2026-08-08T09:09:17Z,Digitizer_run2126_subrun27.csv,48,False,,,5.57,-0.5536
2026-08-08T09:09:17Z,Digitizer_run2126_subrun27.csv,49,False,,,3.42,-0.516
2026-08-08T09:09:17Z,Digitizer_run2126_subrun27.csv,50,False,,,4.02,-0.551
2026-08-08T09:09:17Z,Digitizer_run2126_subrun27.csv,51,False,,,2.26,-0.4562
2026-08-08T09:09:17Z,Digitizer_run2126_subrun27.csv,52,False,,,4.33,-0.5234
2026-08-08T09:09:17Z,Digitizer_run2126_subrun27.csv,53,False,,,4.76,-0.5252
2026-08-08T09:09:17Z,Digitizer_run2126_subrun27.csv,54,False,,,5.65,-0.5508
2026-08-08T09:09:17Z,Digitizer_run2126_subrun27.csv,55,False,,,3.77,-0.5673
2026-08-08T09:09:17Z,Digitizer_run2126_subrun27.csv,56,False,,,5.82,-0.6094
2026-08-08T09:09:17Z,Digitizer_run2126_subrun27.csv,57,False,,,3.83,-0.4667
2026-08-08T09:09:17Z,Digitizer_run2126_subrun27.csv,58,False,,,5.03,-0.5486
2026-08-08T09:09:17Z,Digitizer_run2126_subrun27.csv,59,False,,,5.19,-0.5215
2026-08-08T09:09:17Z,Digitizer_run2126_subrun27.csv,60,False,,,3.8,-0.5121
2026-08-08T09:09:17Z,Digitizer_run2126_subrun27.csv,61,False,,,4.37,-0.5423
2026-08-08T09:09:17Z,Digitizer_run2126_subrun27.csv,62,False,,,6.39,-0.5725
2026-08-08T09:09:17Z,Digitizer_run2126_subrun27.csv,63,False,,,2.19,-0.4416
2026-08-08T09:09:17Z,Digitizer_run2126_subrun27.csv,64,False,,,3.53,-0.4775
2026-08-08T09:09:17Z,Digitizer_run2126_subrun27.csv,65,False,,,3.04,-0.4795
2026-08-08T09:09:17Z,Digitizer_run2126_subrun27.csv,66,False,,,4.05,-0.5276
2026-08-08T09:09:17Z,Digitizer_run2126_subrun27.csv,67,True,statistical,pulseHeight_max_median;pulseArea_max_median,9.02,-0.6322
2026-08-08T09:09:17Z,Digitizer_run2126_subrun27.csv,68,False,,,3.44,-0.5325
2026-08-08T09:09:17Z,Digitizer_run2126_subrun27.csv,69,False,,,3.64,-0.546
2026-08-08T09:09:17Z,Digitizer_run2126_subrun27.csv,70,False,,,1.59,-0.4083
2026-08-08T09:09:17Z,Digitizer_run2126_subrun27.csv,71,False,,,3.58,-0.5291
2026-08-08T09:09:17Z,Digitizer_run2126_subrun27.csv,72,False,,,5.06,-0.574
2026-08-08T09:09:17Z,Digitizer_run2126_subrun27.csv,73,True,statistical,pulseHeight_max_median,8.24,-0.5494
2026-08-08T09:09:17Z,Digitizer_run2126_subrun27.csv,74,False,,,2.44,-0.4165
2026-08-08T09:09:17Z,Digitizer_run2126_subrun27.csv,75,False,,,2.44,-0.4331
2026-08-08T09:09:17Z,Digitizer_run2126_subrun27.csv,76,False,,,3.36,-0.5032
2026-08-08T09:09:17Z,Digitizer_run2126_subrun27.csv,77,False,,,2.43,-0.4896
2026-08-08T09:09:17Z,Digitizer_run2126_subrun27.csv,78,False,,,4.88,-0.5699
2026-08-08T09:09:17Z,Digitizer_run2126_subrun27.csv,79,False,,,3.82,-0.535
2026-08-08T09:09:17Z,Digitizer_run2126_subrun27.csv,80,False,,,3.0,-0.5049
2026-08-08T09:09:17Z,Digitizer_run2126_subrun27.csv,81,False,,,7.07,-0.5627
2026-08-08T09:09:17Z,Digitizer_run2126_subrun27.csv,82,False,,,3.58,-0.5349
2026-08-08T09:09:17Z,Digitizer_run2126_subrun27.csv,83,False,,,2.56,-0.464
2026-08-08T09:09:17Z,Digitizer_run2126_subrun27.csv,84,False,,,5.17,-0.5623
2026-08-08T09:09:17Z,Digitizer_run2126_subrun27.csv,85,True,isolation_forest,,4.96,-0.6402
2026-08-08T09:09:17Z,Digitizer_run2126_subrun27.csv,86,False,,,2.26,-0.419
2026-08-08T09:09:17Z,Digitizer_run2126_subrun27.csv,87,True,statistical,nPulses_median,10.89,-0.4857
2026-08-08T09:09:17Z,Digitizer_run2126_subrun27.csv,88,True,isolation_forest,,5.99,-0.6396
2026-08-08T09:09:17Z,Digitizer_run2126_subrun27.csv,89,False,,,4.71,-0.5662
2026-08-08T09:09:17Z,Digitizer_run2126_subrun27.csv,90,True,isolation_forest,,7.5,-0.6491
2026-08-08T09:09:17Z,Digitizer_run2126_subrun27.csv,91,False,,,5.91,-0.5135
2026-08-08T09:09:17Z,Digitizer_run2126_subrun27.csv,92,False,,,4.93,-0.5157
2026-08-08T09:09:17Z,Digitizer_run2126_subrun27.csv,93,False,,,2.17,-0.5063
2026-08-08T09:09:17Z,Digitizer_run2126_subrun27.csv,94,False,,,5.16,-0.5271
2026-08-08T09:09:17Z,Digitizer_run2126_subrun27.csv,95,False,,,6.99,-0.5367
2026-08-08T09:09:23Z,Digitizer_run2126_subrun28.csv,0,False,,,3.56,-0.5453
2026-08-08T09:09:23Z,Digitizer_run2126_subrun28.csv,1,False,,,7.8,-0.5711
2026-08-08T09:09:23Z,Digitizer_run2126_subrun28.csv,2,True,isolation_forest,,5.07,-0.6414
2026-08-08T09:09:23Z,Digitizer_run2126_subrun28.csv,3,False,,,3.48,-0.5125
2026-08-08T09:09:23Z,Digitizer_run2126_subrun28.csv,4,False,,,2.87,-0.4945
2026-08-08T09:09:23Z,Digitizer_run2126_subrun28.csv,5,False,,,3.98,-0.5415
2026-08-08T09:09:23Z,Digitizer_run2126_subrun28.csv,6,False,,,3.45,-0.4774
2026-08-08T09:09:23Z,Digitizer_run2126_subrun28.csv,7,False,,,3.33,-0.521
2026-08-08T09:09:23Z,Digitizer_run2126_subrun28.csv,8,False,,,6.14,-0.5944
2026-08-08T09:09:23Z,Digitizer_run2126_subrun28.csv,9,False,,,2.42,-0.4582
2026-08-08T09:09:23Z,Digitizer_run2126_subrun28.csv,10,True,statistical,nPulses_median,16.81,-0.6008
2026-08-08T09:09:23Z,Digitizer_run2126_subrun28.csv,11,True,isolation_forest,,7.29,-0.6592
2026-08-08T09:09:23Z,Digitizer_run2126_subrun28.csv,12,False,,,3.53,-0.4922
2026-08-08T09:09:23Z,Digitizer_run2126_subrun28.csv,13,False,,,1.96,-0.4316
2026-08-08T09:09:23Z,Digitizer_run2126_subrun28.csv,14,False,,,4.22,-0.5179
2026-08-08T09:09:23Z,Digitizer_run2126_subrun28.csv,15,False,,,4.62,-0.5787
2026-08-08T09:09:23Z,Digitizer_run2126_subrun28.csv,16,False,,,2.63,-0.4777
2026-08-08T09:09:23Z,Digitizer_run2126_subrun28.csv,17,False,,,3.71,-0.4786
2026-08-08T09:09:23Z,Digitizer_run2126_subrun28.csv,18,False,,,2.31,-0.4382
2026-08-08T09:09:23Z,Digitizer_run2126_subrun28.csv,19,False,,,3.9,-0.4948
2026-08-08T09:09:23Z,Digitizer_run2126_subrun28.csv,20,False,,,2.16,-0.454
2026-08-08T09:09:23Z,Digitizer_run2126_subrun28.csv,21,False,,,2.57,-0.4755
2026-08-08T09:09:23Z,Digitizer_run2126_subrun28.csv,22,False,,,5.96,-0.5343
2026-08-08T09:09:23Z,Digitizer_run2126_subrun28.csv,23,False,,,2.24,-0.4356
2026-08-08T09:09:23Z,Digitizer_run2126_subrun28.csv,24,False,,,4.23,-0.4777
2026-08-08T09:09:23Z,Digitizer_run2126_subrun28.csv,25,False,,,4.05,-0.4939
2026-08-08T09:09:23Z,Digitizer_run2126_subrun28.csv,26,False,,,4.35,-0.5679
2026-08-08T09:09:23Z,Digitizer_run2126_subrun28.csv,27,False,,,5.28,-0.5875
2026-08-08T09:09:23Z,Digitizer_run2126_subrun28.csv,28,False,,,3.84,-0.5945
2026-08-08T09:09:23Z,Digitizer_run2126_subrun28.csv,29,False,,,3.8,-0.5484
2026-08-08T09:09:23Z,Digitizer_run2126_subrun28.csv,30,False,,,6.68,-0.558
2026-08-08T09:09:23Z,Digitizer_run2126_subrun28.csv,31,False,,,3.67,-0.4657
2026-08-08T09:09:23Z,Digitizer_run2126_subrun28.csv,32,False,,,5.6,-0.6104
2026-08-08T09:09:23Z,Digitizer_run2126_subrun28.csv,33,False,,,5.13,-0.5519
2026-08-08T09:09:23Z,Digitizer_run2126_subrun28.csv,34,False,,,6.28,-0.6147
2026-08-08T09:09:23Z,Digitizer_run2126_subrun28.csv,35,False,,,5.98,-0.5737
2026-08-08T09:09:23Z,Digitizer_run2126_subrun28.csv,36,False,,,4.68,-0.5909
2026-08-08T09:09:23Z,Digitizer_run2126_subrun28.csv,37,False,,,5.34,-0.5854
2026-08-08T09:09:23Z,Digitizer_run2126_subrun28.csv,38,False,,,2.01,-0.4196
2026-08-08T09:09:23Z,Digitizer_run2126_subrun28.csv,39,False,,,1.84,-0.434
2026-08-08T09:09:23Z,Digitizer_run2126_subrun28.csv,40,False,,,2.63,-0.4981
2026-08-08T09:09:23Z,Digitizer_run2126_subrun28.csv,41,True,statistical,pulseHeight_min_median;pulseArea_min_median,13.35,-0.5875
2026-08-08T09:09:23Z,Digitizer_run2126_subrun28.csv,42,True,isolation_forest,,6.31,-0.6537
2026-08-08T09:09:23Z,Digitizer_run2126_subrun28.csv,43,False,,,7.46,-0.6288
2026-08-08T09:09:23Z,Digitizer_run2126_subrun28.csv,44,False,,,3.76,-0.5198
2026-08-08T09:09:23Z,Digitizer_run2126_subrun28.csv,45,False,,,3.6,-0.5444
2026-08-08T09:09:23Z,Digitizer_run2126_subrun28.csv,46,False,,,7.52,-0.6025
2026-08-08T09:09:23Z,Digitizer_run2126_subrun28.csv,47,False,,,2.85,-0.4845
2026-08-08T09:09:23Z,Digitizer_run2126_subrun28.csv,48,False,,,2.16,-0.4873
2026-08-08T09:09:23Z,Digitizer_run2126_subrun28.csv,49,False,,,2.95,-0.5158
2026-08-08T09:09:23Z,Digitizer_run2126_subrun28.csv,50,False,,,4.11,-0.5347
2026-08-08T09:09:23Z,Digitizer_run2126_subrun28.csv,51,True,isolation_forest,,5.96,-0.6509
2026-08-08T09:09:23Z,Digitizer_run2126_subrun28.csv,52,True,isolation_forest,,5.65,-0.6467
2026-08-08T09:09:23Z,Digitizer_run2126_subrun28.csv,53,False,,,3.49,-0.5707
2026-08-08T09:09:23Z,Digitizer_run2126_subrun28.csv,54,True,statistical+IF,pulseArea_min_median;pulseDuriation_min_median,20.99,-0.6597
2026-08-08T09:09:23Z,Digitizer_run2126_subrun28.csv,55,False,,,3.34,-0.4818
2026-08-08T09:09:23Z,Digitizer_run2126_subrun28.csv,56,False,,,6.78,-0.5053
2026-08-08T09:09:23Z,Digitizer_run2126_subrun28.csv,57,False,,,4.31,-0.4929
2026-08-08T09:09:23Z,Digitizer_run2126_subrun28.csv,58,False,,,5.49,-0.5187
2026-08-08T09:09:23Z,Digitizer_run2126_subrun28.csv,59,False,,,4.89,-0.5294
2026-08-08T09:09:23Z,Digitizer_run2126_subrun28.csv,60,True,statistical,pulseHeight_min_median;pulseArea_min_median,13.63,-0.6132
2026-08-08T09:09:23Z,Digitizer_run2126_subrun28.csv,61,False,,,4.32,-0.6006
2026-08-08T09:09:23Z,Digitizer_run2126_subrun28.csv,62,True,statistical+IF,pulseHeight_max_median;pulseArea_max_median,11.28,-0.6723
2026-08-08T09:09:23Z,Digitizer_run2126_subrun28.csv,63,False,,,3.8,-0.5785
2026-08-08T09:09:23Z,Digitizer_run2126_subrun28.csv,64,False,,,3.69,-0.5057
2026-08-08T09:09:23Z,Digitizer_run2126_subrun28.csv,65,False,,,6.5,-0.5814
2026-08-08T09:09:23Z,Digitizer_run2126_subrun28.csv,66,False,,,4.16,-0.5604
2026-08-08T09:09:23Z,Digitizer_run2126_subrun28.csv,67,False,,,5.52,-0.5555
2026-08-08T09:09:23Z,Digitizer_run2126_subrun28.csv,68,False,,,2.13,-0.4885
2026-08-08T09:09:23Z,Digitizer_run2126_subrun28.csv,69,False,,,2.07,-0.4222
2026-08-08T09:09:23Z,Digitizer_run2126_subrun28.csv,70,False,,,3.01,-0.5024
2026-08-08T09:09:23Z,Digitizer_run2126_subrun28.csv,71,False,,,3.58,-0.5121
2026-08-08T09:09:23Z,Digitizer_run2126_subrun28.csv,72,False,,,3.75,-0.5842
2026-08-08T09:09:23Z,Digitizer_run2126_subrun28.csv,73,False,,,3.81,-0.5596
2026-08-08T09:09:23Z,Digitizer_run2126_subrun28.csv,74,False,,,3.17,-0.5053
2026-08-08T09:09:23Z,Digitizer_run2126_subrun28.csv,75,False,,,4.03,-0.6054
2026-08-08T09:09:23Z,Digitizer_run2126_subrun28.csv,76,False,,,4.91,-0.5336
2026-08-08T09:09:23Z,Digitizer_run2126_subrun28.csv,77,False,,,6.21,-0.6229
2026-08-08T09:09:23Z,Digitizer_run2126_subrun28.csv,78,True,statistical,pulseHeight_max_median;pulseHeight_min_median;pulseArea_max_median;pulseArea_min_median,101.96,-0.637
2026-08-08T09:09:23Z,Digitizer_run2126_subrun28.csv,79,False,,,2.11,-0.4315
2026-08-08T09:09:23Z,Digitizer_run2126_subrun28.csv,80,False,,,3.79,-0.444
2026-08-08T09:09:23Z,Digitizer_run2126_subrun28.csv,81,False,,,2.77,-0.4694
2026-08-08T09:09:23Z,Digitizer_run2126_subrun28.csv,82,False,,,1.64,-0.4359
2026-08-08T09:09:23Z,Digitizer_run2126_subrun28.csv,83,False,,,1.89,-0.4008
2026-08-08T09:09:23Z,Digitizer_run2126_subrun28.csv,84,False,,,3.45,-0.5272
2026-08-08T09:09:23Z,Digitizer_run2126_subrun28.csv,85,False,,,5.5,-0.5501
2026-08-08T09:09:23Z,Digitizer_run2126_subrun28.csv,86,False,,,6.04,-0.5218
2026-08-08T09:09:23Z,Digitizer_run2126_subrun28.csv,87,False,,,3.96,-0.5108
2026-08-08T09:09:23Z,Digitizer_run2126_subrun28.csv,88,False,,,3.2,-0.4772
2026-08-08T09:09:23Z,Digitizer_run2126_subrun28.csv,89,False,,,3.31,-0.4979
2026-08-08T09:09:23Z,Digitizer_run2126_subrun28.csv,90,False,,,7.27,-0.571
2026-08-08T09:09:23Z,Digitizer_run2126_subrun28.csv,91,False,,,4.96,-0.5164
2026-08-08T09:09:23Z,Digitizer_run2126_subrun28.csv,92,False,,,3.12,-0.513
2026-08-08T09:09:23Z,Digitizer_run2126_subrun28.csv,93,False,,,1.94,-0.4722
2026-08-08T09:09:23Z,Digitizer_run2126_subrun28.csv,94,False,,,1.79,-0.408
2026-08-08T09:09:23Z,Digitizer_run2126_subrun28.csv,95,False,,,1.34,-0.4039
2026-08-08T09:09:29Z,Digitizer_run2126_subrun29.csv,0,False,,,2.93,-0.5268
2026-08-08T09:09:29Z,Digitizer_run2126_subrun29.csv,1,False,,,3.87,-0.5053
2026-08-08T09:09:29Z,Digitizer_run2126_subrun29.csv,2,False,,,2.45,-0.4491
2026-08-08T09:09:29Z,Digitizer_run2126_subrun29.csv,3,False,,,6.53,-0.562
2026-08-08T09:09:29Z,Digitizer_run2126_subrun29.csv,4,False,,,2.8,-0.417
2026-08-08T09:09:29Z,Digitizer_run2126_subrun29.csv,5,False,,,2.77,-0.4737
2026-08-08T09:09:29Z,Digitizer_run2126_subrun29.csv,6,False,,,2.65,-0.454
2026-08-08T09:09:29Z,Digitizer_run2126_subrun29.csv,7,False,,,2.25,-0.4696
2026-08-08T09:09:29Z,Digitizer_run2126_subrun29.csv,8,False,,,2.26,-0.4678
2026-08-08T09:09:29Z,Digitizer_run2126_subrun29.csv,9,False,,,4.87,-0.4938
2026-08-08T09:09:29Z,Digitizer_run2126_subrun29.csv,10,False,,,1.39,-0.403
2026-08-08T09:09:29Z,Digitizer_run2126_subrun29.csv,11,False,,,3.39,-0.4486
2026-08-08T09:09:29Z,Digitizer_run2126_subrun29.csv,12,False,,,3.34,-0.4854
2026-08-08T09:09:29Z,Digitizer_run2126_subrun29.csv,13,False,,,3.69,-0.5451
2026-08-08T09:09:29Z,Digitizer_run2126_subrun29.csv,14,False,,,2.36,-0.4609
2026-08-08T09:09:29Z,Digitizer_run2126_subrun29.csv,15,False,,,2.94,-0.5262
2026-08-08T09:09:29Z,Digitizer_run2126_subrun29.csv,16,False,,,3.48,-0.5278
2026-08-08T09:09:29Z,Digitizer_run2126_subrun29.csv,17,False,,,2.92,-0.5368
2026-08-08T09:09:29Z,Digitizer_run2126_subrun29.csv,18,False,,,3.38,-0.4359
2026-08-08T09:09:29Z,Digitizer_run2126_subrun29.csv,19,False,,,3.93,-0.5059
2026-08-08T09:09:29Z,Digitizer_run2126_subrun29.csv,20,False,,,3.76,-0.4843
2026-08-08T09:09:29Z,Digitizer_run2126_subrun29.csv,21,False,,,2.15,-0.4148
2026-08-08T09:09:29Z,Digitizer_run2126_subrun29.csv,22,False,,,5.53,-0.532
2026-08-08T09:09:29Z,Digitizer_run2126_subrun29.csv,23,True,statistical,nPulses_std,8.11,-0.5169
2026-08-08T09:09:29Z,Digitizer_run2126_subrun29.csv,24,False,,,5.0,-0.4857
2026-08-08T09:09:29Z,Digitizer_run2126_subrun29.csv,25,False,,,1.89,-0.4485
2026-08-08T09:09:29Z,Digitizer_run2126_subrun29.csv,26,False,,,3.78,-0.5613
2026-08-08T09:09:29Z,Digitizer_run2126_subrun29.csv,27,False,,,3.02,-0.528
2026-08-08T09:09:29Z,Digitizer_run2126_subrun29.csv,28,False,,,3.09,-0.4689
2026-08-08T09:09:29Z,Digitizer_run2126_subrun29.csv,29,False,,,2.93,-0.5079
2026-08-08T09:09:29Z,Digitizer_run2126_subrun29.csv,30,False,,,7.92,-0.5768
2026-08-08T09:09:29Z,Digitizer_run2126_subrun29.csv,31,False,,,6.77,-0.5506
2026-08-08T09:09:29Z,Digitizer_run2126_subrun29.csv,32,False,,,3.86,-0.5977
2026-08-08T09:09:29Z,Digitizer_run2126_subrun29.csv,33,False,,,4.89,-0.5844
2026-08-08T09:09:29Z,Digitizer_run2126_subrun29.csv,34,False,,,5.41,-0.5431
2026-08-08T09:09:29Z,Digitizer_run2126_subrun29.csv,35,False,,,7.3,-0.604
2026-08-08T09:09:29Z,Digitizer_run2126_subrun29.csv,36,False,,,3.1,-0.4928
2026-08-08T09:09:29Z,Digitizer_run2126_subrun29.csv,37,False,,,3.55,-0.4884
2026-08-08T09:09:29Z,Digitizer_run2126_subrun29.csv,38,False,,,5.44,-0.5293
2026-08-08T09:09:29Z,Digitizer_run2126_subrun29.csv,39,False,,,5.41,-0.5788
2026-08-08T09:09:29Z,Digitizer_run2126_subrun29.csv,40,True,statistical,nPulses_median,13.62,-0.5956
2026-08-08T09:09:29Z,Digitizer_run2126_subrun29.csv,41,False,,,3.66,-0.4951
2026-08-08T09:09:29Z,Digitizer_run2126_subrun29.csv,42,False,,,2.6,-0.5059
2026-08-08T09:09:29Z,Digitizer_run2126_subrun29.csv,43,False,,,3.93,-0.4975
2026-08-08T09:09:29Z,Digitizer_run2126_subrun29.csv,44,False,,,3.53,-0.5253
2026-08-08T09:09:29Z,Digitizer_run2126_subrun29.csv,45,False,,,2.83,-0.4407
2026-08-08T09:09:29Z,Digitizer_run2126_subrun29.csv,46,False,,,4.88,-0.5739
2026-08-08T09:09:29Z,Digitizer_run2126_subrun29.csv,47,False,,,4.5,-0.4954
2026-08-08T09:09:29Z,Digitizer_run2126_subrun29.csv,48,False,,,4.31,-0.5378
2026-08-08T09:09:29Z,Digitizer_run2126_subrun29.csv,49,False,,,3.84,-0.5581
2026-08-08T09:09:29Z,Digitizer_run2126_subrun29.csv,50,False,,,3.04,-0.5216
2026-08-08T09:09:29Z,Digitizer_run2126_subrun29.csv,51,False,,,3.33,-0.5182
2026-08-08T09:09:29Z,Digitizer_run2126_subrun29.csv,52,False,,,6.7,-0.6342
2026-08-08T09:09:29Z,Digitizer_run2126_subrun29.csv,53,False,,,7.15,-0.6149
2026-08-08T09:09:29Z,Digitizer_run2126_subrun29.csv,54,True,statistical,pulseHeight_max_median;pulseArea_max_median,8.94,-0.6072
2026-08-08T09:09:29Z,Digitizer_run2126_subrun29.csv,55,False,,,3.4,-0.5286
2026-08-08T09:09:29Z,Digitizer_run2126_subrun29.csv,56,False,,,5.99,-0.5792
2026-08-08T09:09:29Z,Digitizer_run2126_subrun29.csv,57,False,,,2.19,-0.4298
2026-08-08T09:09:29Z,Digitizer_run2126_subrun29.csv,58,False,,,4.94,-0.6021
2026-08-08T09:09:29Z,Digitizer_run2126_subrun29.csv,59,False,,,6.43,-0.6138
2026-08-08T09:09:29Z,Digitizer_run2126_subrun29.csv,60,False,,,4.56,-0.5746
2026-08-08T09:09:29Z,Digitizer_run2126_subrun29.csv,61,False,,,3.92,-0.556
2026-08-08T09:09:29Z,Digitizer_run2126_subrun29.csv,62,False,,,3.75,-0.5011
2026-08-08T09:09:29Z,Digitizer_run2126_subrun29.csv,63,False,,,2.75,-0.4616
2026-08-08T09:09:29Z,Digitizer_run2126_subrun29.csv,64,True,statistical,nPulses_median,29.16,-0.5944
2026-08-08T09:09:29Z,Digitizer_run2126_subrun29.csv,65,False,,,6.5,-0.5856
2026-08-08T09:09:29Z,Digitizer_run2126_subrun29.csv,66,False,,,3.43,-0.4645
2026-08-08T09:09:29Z,Digitizer_run2126_subrun29.csv,67,True,statistical,nPulses_median,82.5,-0.5588
2026-08-08T09:09:29Z,Digitizer_run2126_subrun29.csv,68,False,,,7.3,-0.5711
2026-08-08T09:09:29Z,Digitizer_run2126_subrun29.csv,69,False,,,4.55,-0.5692
2026-08-08T09:09:29Z,Digitizer_run2126_subrun29.csv,70,False,,,2.18,-0.4268
2026-08-08T09:09:29Z,Digitizer_run2126_subrun29.csv,71,False,,,3.58,-0.4897
2026-08-08T09:09:29Z,Digitizer_run2126_subrun29.csv,72,False,,,6.62,-0.6207
2026-08-08T09:09:29Z,Digitizer_run2126_subrun29.csv,73,False,,,4.47,-0.5487
2026-08-08T09:09:29Z,Digitizer_run2126_subrun29.csv,74,False,,,1.83,-0.4178
2026-08-08T09:09:29Z,Digitizer_run2126_subrun29.csv,75,False,,,1.59,-0.4222
2026-08-08T09:09:29Z,Digitizer_run2126_subrun29.csv,76,False,,,3.33,-0.4388
2026-08-08T09:09:29Z,Digitizer_run2126_subrun29.csv,77,False,,,2.86,-0.4674
2026-08-08T09:09:29Z,Digitizer_run2126_subrun29.csv,78,False,,,5.61,-0.4818
2026-08-08T09:09:29Z,Digitizer_run2126_subrun29.csv,79,False,,,1.33,-0.3936
2026-08-08T09:09:29Z,Digitizer_run2126_subrun29.csv,80,False,,,2.97,-0.4941
2026-08-08T09:09:29Z,Digitizer_run2126_subrun29.csv,81,False,,,5.91,-0.6034
2026-08-08T09:09:29Z,Digitizer_run2126_subrun29.csv,82,False,,,2.88,-0.4476
2026-08-08T09:09:29Z,Digitizer_run2126_subrun29.csv,83,False,,,3.46,-0.5078
2026-08-08T09:09:29Z,Digitizer_run2126_subrun29.csv,84,True,isolation_forest,,6.15,-0.6472
2026-08-08T09:09:29Z,Digitizer_run2126_subrun29.csv,85,False,,,4.35,-0.5405
2026-08-08T09:09:29Z,Digitizer_run2126_subrun29.csv,86,False,,,3.57,-0.4467
2026-08-08T09:09:29Z,Digitizer_run2126_subrun29.csv,87,False,,,2.58,-0.4358
2026-08-08T09:09:29Z,Digitizer_run2126_subrun29.csv,88,True,isolation_forest,,7.92,-0.6557
2026-08-08T09:09:29Z,Digitizer_run2126_subrun29.csv,89,False,,,2.89,-0.4688
2026-08-08T09:09:29Z,Digitizer_run2126_subrun29.csv,90,False,,,2.08,-0.4299
2026-08-08T09:09:29Z,Digitizer_run2126_subrun29.csv,91,False,,,2.75,-0.5018
2026-08-08T09:09:29Z,Digitizer_run2126_subrun29.csv,92,False,,,2.86,-0.5421
2026-08-08T09:09:29Z,Digitizer_run2126_subrun29.csv,93,False,,,3.22,-0.4562
2026-08-08T09:09:29Z,Digitizer_run2126_subrun29.csv,94,False,,,2.9,-0.4727
2026-08-08T09:09:29Z,Digitizer_run2126_subrun29.csv,95,False,,,3.83,-0.4765
2026-08-08T09:09:35Z,Digitizer_run2126_subrun30.csv,0,False,,,2.6,-0.4579
2026-08-08T09:09:35Z,Digitizer_run2126_subrun30.csv,1,False,,,2.83,-0.4404
2026-08-08T09:09:35Z,Digitizer_run2126_subrun30.csv,2,False,,,7.54,-0.6161
2026-08-08T09:09:35Z,Digitizer_run2126_subrun30.csv,3,False,,,3.58,-0.5156
2026-08-08T09:09:35Z,Digitizer_run2126_subrun30.csv,4,False,,,3.53,-0.5141
2026-08-08T09:09:35Z,Digitizer_run2126_subrun30.csv,5,False,,,4.01,-0.5652
2026-08-08T09:09:35Z,Digitizer_run2126_subrun30.csv,6,False,,,2.92,-0.4821
2026-08-08T09:09:35Z,Digitizer_run2126_subrun30.csv,7,False,,,5.47,-0.5261
2026-08-08T09:09:35Z,Digitizer_run2126_subrun30.csv,8,False,,,2.3,-0.4697
2026-08-08T09:09:35Z,Digitizer_run2126_subrun30.csv,9,False,,,3.53,-0.427
2026-08-08T09:09:35Z,Digitizer_run2126_subrun30.csv,10,False,,,2.59,-0.4443
2026-08-08T09:09:35Z,Digitizer_run2126_subrun30.csv,11,False,,,4.53,-0.5008
2026-08-08T09:09:35Z,Digitizer_run2126_subrun30.csv,12,False,,,2.86,-0.5259
2026-08-08T09:09:35Z,Digitizer_run2126_subrun30.csv,13,False,,,4.44,-0.5604
2026-08-08T09:09:35Z,Digitizer_run2126_subrun30.csv,14,False,,,4.99,-0.5251
2026-08-08T09:09:35Z,Digitizer_run2126_subrun30.csv,15,False,,,5.54,-0.5736
2026-08-08T09:09:35Z,Digitizer_run2126_subrun30.csv,16,False,,,2.63,-0.4398
2026-08-08T09:09:35Z,Digitizer_run2126_subrun30.csv,17,False,,,2.01,-0.4346
2026-08-08T09:09:35Z,Digitizer_run2126_subrun30.csv,18,False,,,2.81,-0.4359
2026-08-08T09:09:35Z,Digitizer_run2126_subrun30.csv,19,False,,,3.34,-0.4472
2026-08-08T09:09:35Z,Digitizer_run2126_subrun30.csv,20,False,,,3.92,-0.5401
2026-08-08T09:09:35Z,Digitizer_run2126_subrun30.csv,21,False,,,4.18,-0.5454
2026-08-08T09:09:35Z,Digitizer_run2126_subrun30.csv,22,False,,,5.49,-0.5817
2026-08-08T09:09:35Z,Digitizer_run2126_subrun30.csv,23,False,,,5.65,-0.571
2026-08-08T09:09:35Z,Digitizer_run2126_subrun30.csv,24,False,,,3.13,-0.4949
2026-08-08T09:09:35Z,Digitizer_run2126_subrun30.csv,25,False,,,3.33,-0.4778
2026-08-08T09:09:35Z,Digitizer_run2126_subrun30.csv,26,False,,,3.21,-0.5173
2026-08-08T09:09:35Z,Digitizer_run2126_subrun30.csv,27,False,,,3.31,-0.4815
2026-08-08T09:09:35Z,Digitizer_run2126_subrun30.csv,28,False,,,2.81,-0.4919
2026-08-08T09:09:35Z,Digitizer_run2126_subrun30.csv,29,False,,,2.57,-0.439
2026-08-08T09:09:35Z,Digitizer_run2126_subrun30.csv,30,False,,,2.29,-0.4321
2026-08-08T09:09:35Z,Digitizer_run2126_subrun30.csv,31,False,,,2.31,-0.411
2026-08-08T09:09:35Z,Digitizer_run2126_subrun30.csv,32,False,,,6.3,-0.5855
2026-08-08T09:09:35Z,Digitizer_run2126_subrun30.csv,33,False,,,3.1,-0.5101
2026-08-08T09:09:35Z,Digitizer_run2126_subrun30.csv,34,True,statistical,nPulses_median,14.56,-0.5596
2026-08-08T09:09:35Z,Digitizer_run2126_subrun30.csv,35,False,,,2.36,-0.5046
2026-08-08T09:09:35Z,Digitizer_run2126_subrun30.csv,36,False,,,2.72,-0.4864
2026-08-08T09:09:35Z,Digitizer_run2126_subrun30.csv,37,False,,,3.14,-0.4503
2026-08-08T09:09:35Z,Digitizer_run2126_subrun30.csv,38,False,,,1.34,-0.4179
2026-08-08T09:09:35Z,Digitizer_run2126_subrun30.csv,39,False,,,2.79,-0.4748
2026-08-08T09:09:35Z,Digitizer_run2126_subrun30.csv,40,False,,,5.93,-0.6082
2026-08-08T09:09:35Z,Digitizer_run2126_subrun30.csv,41,True,isolation_forest,,7.33,-0.6669
2026-08-08T09:09:35Z,Digitizer_run2126_subrun30.csv,42,True,statistical+IF,pulseArea_min_mean,12.02,-0.6936
2026-08-08T09:09:35Z,Digitizer_run2126_subrun30.csv,43,True,statistical+IF,pulseArea_max_mean;pulseArea_max_std;pulseArea_min_mean;pulseArea_min_std,15.0,-0.6519
2026-08-08T09:09:35Z,Digitizer_run2126_subrun30.csv,44,False,,,7.0,-0.5749
2026-08-08T09:09:35Z,Digitizer_run2126_subrun30.csv,45,False,,,6.34,-0.5455
2026-08-08T09:09:35Z,Digitizer_run2126_subrun30.csv,46,False,,,3.1,-0.4718
2026-08-08T09:09:35Z,Digitizer_run2126_subrun30.csv,47,False,,,4.34,-0.5421
2026-08-08T09:09:35Z,Digitizer_run2126_subrun30.csv,48,False,,,2.96,-0.5012
2026-08-08T09:09:35Z,Digitizer_run2126_subrun30.csv,49,False,,,3.44,-0.5432
2026-08-08T09:09:35Z,Digitizer_run2126_subrun30.csv,50,False,,,7.12,-0.5502
2026-08-08T09:09:35Z,Digitizer_run2126_subrun30.csv,51,True,statistical,pulseHeight_max_median;pulseArea_max_median,11.33,-0.5931
2026-08-08T09:09:35Z,Digitizer_run2126_subrun30.csv,52,False,,,6.43,-0.5558
2026-08-08T09:09:35Z,Digitizer_run2126_subrun30.csv,53,True,statistical,pulseHeight_max_median;pulseHeight_min_median;pulseArea_max_median,10.99,-0.6226
2026-08-08T09:09:35Z,Digitizer_run2126_subrun30.csv,54,False,,,2.75,-0.4625
2026-08-08T09:09:35Z,Digitizer_run2126_subrun30.csv,55,False,,,2.94,-0.4598
2026-08-08T09:09:35Z,Digitizer_run2126_subrun30.csv,56,False,,,4.1,-0.5798
2026-08-08T09:09:35Z,Digitizer_run2126_subrun30.csv,57,True,isolation_forest,,6.69,-0.6516
2026-08-08T09:09:35Z,Digitizer_run2126_subrun30.csv,58,False,,,2.47,-0.4743
2026-08-08T09:09:35Z,Digitizer_run2126_subrun30.csv,59,False,,,1.98,-0.4642
2026-08-08T09:09:35Z,Digitizer_run2126_subrun30.csv,60,True,statistical,pulseHeight_max_median,10.33,-0.6175
2026-08-08T09:09:35Z,Digitizer_run2126_subrun30.csv,61,True,statistical,pulseHeight_max_median,11.02,-0.6103
2026-08-08T09:09:35Z,Digitizer_run2126_subrun30.csv,62,False,,,4.56,-0.5262
2026-08-08T09:09:35Z,Digitizer_run2126_subrun30.csv,63,False,,,2.11,-0.4313
2026-08-08T09:09:35Z,Digitizer_run2126_subrun30.csv,64,False,,,3.65,-0.5087
2026-08-08T09:09:35Z,Digitizer_run2126_subrun30.csv,65,False,,,1.81,-0.4211
2026-08-08T09:09:35Z,Digitizer_run2126_subrun30.csv,66,False,,,3.19,-0.4692
2026-08-08T09:09:35Z,Digitizer_run2126_subrun30.csv,67,False,,,1.85,-0.4369
2026-08-08T09:09:35Z,Digitizer_run2126_subrun30.csv,68,False,,,3.65,-0.5172
2026-08-08T09:09:35Z,Digitizer_run2126_subrun30.csv,69,False,,,2.5,-0.4838
2026-08-08T09:09:35Z,Digitizer_run2126_subrun30.csv,70,True,statistical,nPulses_median,11.84,-0.5429
2026-08-08T09:09:35Z,Digitizer_run2126_subrun30.csv,71,False,,,3.58,-0.529
2026-08-08T09:09:35Z,Digitizer_run2126_subrun30.csv,72,False,,,4.46,-0.5817
2026-08-08T09:09:35Z,Digitizer_run2126_subrun30.csv,73,False,,,4.99,-0.5097
2026-08-08T09:09:35Z,Digitizer_run2126_subrun30.csv,74,False,,,2.6,-0.4684
2026-08-08T09:09:35Z,Digitizer_run2126_subrun30.csv,75,False,,,2.74,-0.4533
2026-08-08T09:09:35Z,Digitizer_run2126_subrun30.csv,76,False,,,1.8,-0.4466
2026-08-08T09:09:35Z,Digitizer_run2126_subrun30.csv,77,False,,,3.65,-0.4884
2026-08-08T09:09:35Z,Digitizer_run2126_subrun30.csv,78,False,,,3.53,-0.5302
2026-08-08T09:09:35Z,Digitizer_run2126_subrun30.csv,79,False,,,1.63,-0.4035
2026-08-08T09:09:35Z,Digitizer_run2126_subrun30.csv,80,False,,,2.41,-0.4792
2026-08-08T09:09:35Z,Digitizer_run2126_subrun30.csv,81,False,,,3.04,-0.4412
2026-08-08T09:09:35Z,Digitizer_run2126_subrun30.csv,82,False,,,1.3,-0.4198
2026-08-08T09:09:35Z,Digitizer_run2126_subrun30.csv,83,False,,,4.36,-0.533
2026-08-08T09:09:35Z,Digitizer_run2126_subrun30.csv,84,False,,,3.07,-0.5053
2026-08-08T09:09:35Z,Digitizer_run2126_subrun30.csv,85,False,,,2.57,-0.4876
2026-08-08T09:09:35Z,Digitizer_run2126_subrun30.csv,86,False,,,5.58,-0.5825
2026-08-08T09:09:35Z,Digitizer_run2126_subrun30.csv,87,False,,,2.89,-0.4802
2026-08-08T09:09:35Z,Digitizer_run2126_subrun30.csv,88,False,,,1.53,-0.3889
2026-08-08T09:09:35Z,Digitizer_run2126_subrun30.csv,89,False,,,2.35,-0.4357
2026-08-08T09:09:35Z,Digitizer_run2126_subrun30.csv,90,False,,,3.19,-0.5149
2026-08-08T09:09:35Z,Digitizer_run2126_subrun30.csv,91,False,,,3.07,-0.5569
2026-08-08T09:09:35Z,Digitizer_run2126_subrun30.csv,92,False,,,3.89,-0.5574
2026-08-08T09:09:35Z,Digitizer_run2126_subrun30.csv,93,False,,,2.2,-0.4564
2026-08-08T09:09:35Z,Digitizer_run2126_subrun30.csv,94,False,,,2.49,-0.4385
2026-08-08T09:09:35Z,Digitizer_run2126_subrun30.csv,95,False,,,1.45,-0.4076
2026-08-08T09:09:41Z,Digitizer_run2126_subrun31.csv,0,False,,,3.33,-0.5163
2026-08-08T09:09:41Z,Digitizer_run2126_subrun31.csv,1,False,,,3.68,-0.5092
2026-08-08T09:09:41Z,Digitizer_run2126_subrun31.csv,2,False,,,4.28,-0.5492
2026-08-08T09:09:41Z,Digitizer_run2126_subrun31.csv,3,False,,,4.72,-0.5393
2026-08-08T09:09:41Z,Digitizer_run2126_subrun31.csv,4,False,,,2.29,-0.4471
2026-08-08T09:09:41Z,Digitizer_run2126_subrun31.csv,5,False,,,6.37,-0.5169
2026-08-08T09:09:41Z,Digitizer_run2126_subrun31.csv,6,False,,,2.48,-0.4785
2026-08-08T09:09:41Z,Digitizer_run2126_subrun31.csv,7,False,,,2.84,-0.483
2026-08-08T09:09:41Z,Digitizer_run2126_subrun31.csv,8,False,,,2.45,-0.5208
2026-08-08T09:09:41Z,Digitizer_run2126_subrun31.csv,9,False,,,4.6,-0.4468
2026-08-08T09:09:41Z,Digitizer_run2126_subrun31.csv,10,False,,,5.67,-0.482
2026-08-08T09:09:41Z,Digitizer_run2126_subrun31.csv,11,True,statistical,nPulses_median,10.17,-0.5431
2026-08-08T09:09:41Z,Digitizer_run2126_subrun31.csv,12,True,statistical,nPulses_median;pulseHeight_max_median;pulseArea_max_median,23.32,-0.5765
2026-08-08T09:09:41Z,Digitizer_run2126_subrun31.csv,13,True,statistical,nPulses_median;pulseHeight_max_median;pulseArea_max_median,10.99,-0.5674
2026-08-08T09:09:41Z,Digitizer_run2126_subrun31.csv,14,False,,,3.98,-0.4835
2026-08-08T09:09:41Z,Digitizer_run2126_subrun31.csv,15,False,,,1.76,-0.4438
2026-08-08T09:09:41Z,Digitizer_run2126_subrun31.csv,16,False,,,2.9,-0.5254
2026-08-08T09:09:41Z,Digitizer_run2126_subrun31.csv,17,False,,,2.6,-0.5011
2026-08-08T09:09:41Z,Digitizer_run2126_subrun31.csv,18,False,,,5.48,-0.4989
2026-08-08T09:09:41Z,Digitizer_run2126_subrun31.csv,19,False,,,2.55,-0.4166
2026-08-08T09:09:41Z,Digitizer_run2126_subrun31.csv,20,False,,,3.03,-0.4914
2026-08-08T09:09:41Z,Digitizer_run2126_subrun31.csv,21,False,,,3.06,-0.4618
2026-08-08T09:09:41Z,Digitizer_run2126_subrun31.csv,22,False,,,2.77,-0.4523
2026-08-08T09:09:41Z,Digitizer_run2126_subrun31.csv,23,False,,,2.24,-0.4648
2026-08-08T09:09:41Z,Digitizer_run2126_subrun31.csv,24,False,,,3.3,-0.4736
2026-08-08T09:09:41Z,Digitizer_run2126_subrun31.csv,25,False,,,3.8,-0.4846
2026-08-08T09:09:41Z,Digitizer_run2126_subrun31.csv,26,False,,,3.52,-0.5356
2026-08-08T09:09:41Z,Digitizer_run2126_subrun31.csv,27,False,,,3.33,-0.5085
2026-08-08T09:09:41Z,Digitizer_run2126_subrun31.csv,28,True,statistical,sideband_rms_mean,10.38,-0.6291
2026-08-08T09:09:41Z,Digitizer_run2126_subrun31.csv,29,True,statistical,sideband_rms_mean,10.26,-0.6027
2026-08-08T09:09:41Z,Digitizer_run2126_subrun31.csv,30,True,statistical,pulseHeight_min_median;pulseArea_min_median,14.38,-0.5935
2026-08-08T09:09:41Z,Digitizer_run2126_subrun31.csv,31,False,,,7.71,-0.4949
2026-08-08T09:09:41Z,Digitizer_run2126_subrun31.csv,32,True,isolation_forest,,6.9,-0.6708
2026-08-08T09:09:41Z,Digitizer_run2126_subrun31.csv,33,True,isolation_forest,,7.42,-0.6413
2026-08-08T09:09:41Z,Digitizer_run2126_subrun31.csv,34,False,,,6.02,-0.6001
2026-08-08T09:09:41Z,Digitizer_run2126_subrun31.csv,35,True,statistical+IF,pulseArea_min_mean,10.37,-0.6441
2026-08-08T09:09:41Z,Digitizer_run2126_subrun31.csv,36,False,,,4.59,-0.5427
2026-08-08T09:09:41Z,Digitizer_run2126_subrun31.csv,37,False,,,3.68,-0.4688
2026-08-08T09:09:41Z,Digitizer_run2126_subrun31.csv,38,False,,,3.42,-0.5115
2026-08-08T09:09:41Z,Digitizer_run2126_subrun31.csv,39,False,,,3.73,-0.5267
2026-08-08T09:09:41Z,Digitizer_run2126_subrun31.csv,40,False,,,3.67,-0.5549
2026-08-08T09:09:41Z,Digitizer_run2126_subrun31.csv,41,False,,,5.84,-0.575
2026-08-08T09:09:41Z,Digitizer_run2126_subrun31.csv,42,False,,,5.41,-0.5746
2026-08-08T09:09:41Z,Digitizer_run2126_subrun31.csv,43,False,,,2.62,-0.4951
2026-08-08T09:09:41Z,Digitizer_run2126_subrun31.csv,44,False,,,7.03,-0.5787
2026-08-08T09:09:41Z,Digitizer_run2126_subrun31.csv,45,False,,,7.48,-0.596
2026-08-08T09:09:41Z,Digitizer_run2126_subrun31.csv,46,False,,,2.14,-0.4665
2026-08-08T09:09:41Z,Digitizer_run2126_subrun31.csv,47,False,,,2.58,-0.4534
2026-08-08T09:09:41Z,Digitizer_run2126_subrun31.csv,48,False,,,1.51,-0.4704
2026-08-08T09:09:41Z,Digitizer_run2126_subrun31.csv,49,True,statistical+IF,pulseArea_min_median,17.16,-0.6528
2026-08-08T09:09:41Z,Digitizer_run2126_subrun31.csv,50,False,,,3.51,-0.5083
2026-08-08T09:09:41Z,Digitizer_run2126_subrun31.csv,51,False,,,3.59,-0.4942
2026-08-08T09:09:41Z,Digitizer_run2126_subrun31.csv,52,False,,,3.25,-0.4364
2026-08-08T09:09:41Z,Digitizer_run2126_subrun31.csv,53,False,,,3.27,-0.4775
2026-08-08T09:09:41Z,Digitizer_run2126_subrun31.csv,54,True,statistical,pulseArea_min_median,8.69,-0.5533
2026-08-08T09:09:41Z,Digitizer_run2126_subrun31.csv,55,False,,,1.85,-0.4218
2026-08-08T09:09:41Z,Digitizer_run2126_subrun31.csv,56,False,,,5.56,-0.5672
2026-08-08T09:09:41Z,Digitizer_run2126_subrun31.csv,57,False,,,3.29,-0.4521
2026-08-08T09:09:41Z,Digitizer_run2126_subrun31.csv,58,False,,,4.51,-0.4856
2026-08-08T09:09:41Z,Digitizer_run2126_subrun31.csv,59,False,,,4.3,-0.4719
2026-08-08T09:09:41Z,Digitizer_run2126_subrun31.csv,60,False,,,5.06,-0.5637
2026-08-08T09:09:41Z,Digitizer_run2126_subrun31.csv,61,False,,,3.5,-0.5299
2026-08-08T09:09:41Z,Digitizer_run2126_subrun31.csv,62,False,,,2.81,-0.4408
2026-08-08T09:09:41Z,Digitizer_run2126_subrun31.csv,63,False,,,2.89,-0.4907
2026-08-08T09:09:41Z,Digitizer_run2126_subrun31.csv,64,False,,,3.98,-0.4915
2026-08-08T09:09:41Z,Digitizer_run2126_subrun31.csv,65,True,statistical,nPulses_median,13.09,-0.5775
2026-08-08T09:09:41Z,Digitizer_run2126_subrun31.csv,66,False,,,5.09,-0.5404
2026-08-08T09:09:41Z,Digitizer_run2126_subrun31.csv,67,False,,,5.81,-0.5582
2026-08-08T09:09:41Z,Digitizer_run2126_subrun31.csv,68,True,statistical,pulseHeight_min_median;pulseArea_min_median,11.88,-0.6017
2026-08-08T09:09:41Z,Digitizer_run2126_subrun31.csv,69,False,,,2.73,-0.5483
2026-08-08T09:09:41Z,Digitizer_run2126_subrun31.csv,70,False,,,2.91,-0.5383
2026-08-08T09:09:41Z,Digitizer_run2126_subrun31.csv,71,False,,,3.58,-0.5548
2026-08-08T09:09:41Z,Digitizer_run2126_subrun31.csv,72,False,,,5.29,-0.5743
2026-08-08T09:09:41Z,Digitizer_run2126_subrun31.csv,73,False,,,3.36,-0.4708
2026-08-08T09:09:41Z,Digitizer_run2126_subrun31.csv,74,False,,,3.04,-0.4575
2026-08-08T09:09:41Z,Digitizer_run2126_subrun31.csv,75,False,,,5.07,-0.5293
2026-08-08T09:09:41Z,Digitizer_run2126_subrun31.csv,76,False,,,2.72,-0.4339
2026-08-08T09:09:41Z,Digitizer_run2126_subrun31.csv,77,False,,,6.91,-0.637
2026-08-08T09:09:41Z,Digitizer_run2126_subrun31.csv,78,False,,,5.44,-0.6061
2026-08-08T09:09:41Z,Digitizer_run2126_subrun31.csv,79,False,,,5.52,-0.553
2026-08-08T09:09:41Z,Digitizer_run2126_subrun31.csv,80,False,,,4.51,-0.5238
2026-08-08T09:09:41Z,Digitizer_run2126_subrun31.csv,81,False,,,7.01,-0.6273
2026-08-08T09:09:41Z,Digitizer_run2126_subrun31.csv,82,False,,,2.02,-0.4457
2026-08-08T09:09:41Z,Digitizer_run2126_subrun31.csv,83,False,,,2.73,-0.4311
2026-08-08T09:09:41Z,Digitizer_run2126_subrun31.csv,84,False,,,2.47,-0.4809
2026-08-08T09:09:41Z,Digitizer_run2126_subrun31.csv,85,False,,,3.37,-0.5395
2026-08-08T09:09:41Z,Digitizer_run2126_subrun31.csv,86,False,,,2.89,-0.4648
2026-08-08T09:09:41Z,Digitizer_run2126_subrun31.csv,87,False,,,6.21,-0.5252
2026-08-08T09:09:41Z,Digitizer_run2126_subrun31.csv,88,False,,,3.54,-0.4523
2026-08-08T09:09:41Z,Digitizer_run2126_subrun31.csv,89,False,,,3.53,-0.5298
2026-08-08T09:09:41Z,Digitizer_run2126_subrun31.csv,90,False,,,3.66,-0.496
2026-08-08T09:09:41Z,Digitizer_run2126_subrun31.csv,91,False,,,3.21,-0.4849
2026-08-08T09:09:41Z,Digitizer_run2126_subrun31.csv,92,False,,,3.48,-0.5012
2026-08-08T09:09:41Z,Digitizer_run2126_subrun31.csv,93,False,,,2.45,-0.4638
2026-08-08T09:09:41Z,Digitizer_run2126_subrun31.csv,94,True,statistical+IF,nPulses_mean;nPulses_median;pulseHeight_max_median;pulseArea_max_median,20.97,-0.6681
2026-08-08T09:09:41Z,Digitizer_run2126_subrun31.csv,95,True,statistical+IF,pulseArea_max_median,9.41,-0.6491
2026-08-08T09:09:47Z,Digitizer_run2126_subrun32.csv,0,False,,,1.88,-0.4522
2026-08-08T09:09:47Z,Digitizer_run2126_subrun32.csv,1,False,,,2.23,-0.4731
2026-08-08T09:09:47Z,Digitizer_run2126_subrun32.csv,2,False,,,2.29,-0.4532
2026-08-08T09:09:47Z,Digitizer_run2126_subrun32.csv,3,False,,,1.49,-0.4149
2026-08-08T09:09:47Z,Digitizer_run2126_subrun32.csv,4,False,,,1.83,-0.4147
2026-08-08T09:09:47Z,Digitizer_run2126_subrun32.csv,5,False,,,3.16,-0.4814
2026-08-08T09:09:47Z,Digitizer_run2126_subrun32.csv,6,False,,,6.35,-0.5938
2026-08-08T09:09:47Z,Digitizer_run2126_subrun32.csv,7,False,,,3.55,-0.565
2026-08-08T09:09:47Z,Digitizer_run2126_subrun32.csv,8,True,isolation_forest,,5.59,-0.6782
2026-08-08T09:09:47Z,Digitizer_run2126_subrun32.csv,9,True,statistical,nPulses_median,9.32,-0.5703
2026-08-08T09:09:47Z,Digitizer_run2126_subrun32.csv,10,False,,,7.59,-0.5848
2026-08-08T09:09:47Z,Digitizer_run2126_subrun32.csv,11,False,,,2.66,-0.4894
2026-08-08T09:09:47Z,Digitizer_run2126_subrun32.csv,12,False,,,3.4,-0.5312
2026-08-08T09:09:47Z,Digitizer_run2126_subrun32.csv,13,False,,,2.91,-0.5398
2026-08-08T09:09:47Z,Digitizer_run2126_subrun32.csv,14,False,,,4.8,-0.5573
2026-08-08T09:09:47Z,Digitizer_run2126_subrun32.csv,15,False,,,5.42,-0.5987
2026-08-08T09:09:47Z,Digitizer_run2126_subrun32.csv,16,False,,,2.3,-0.487
2026-08-08T09:09:47Z,Digitizer_run2126_subrun32.csv,17,False,,,2.58,-0.4491
2026-08-08T09:09:47Z,Digitizer_run2126_subrun32.csv,18,False,,,2.85,-0.4905
2026-08-08T09:09:47Z,Digitizer_run2126_subrun32.csv,19,False,,,4.36,-0.5225
2026-08-08T09:09:47Z,Digitizer_run2126_subrun32.csv,20,False,,,2.73,-0.4917
2026-08-08T09:09:47Z,Digitizer_run2126_subrun32.csv,21,False,,,3.46,-0.5089
2026-08-08T09:09:47Z,Digitizer_run2126_subrun32.csv,22,False,,,4.94,-0.5016
2026-08-08T09:09:47Z,Digitizer_run2126_subrun32.csv,23,False,,,2.1,-0.4051
2026-08-08T09:09:47Z,Digitizer_run2126_subrun32.csv,24,False,,,3.23,-0.4698
2026-08-08T09:09:47Z,Digitizer_run2126_subrun32.csv,25,False,,,1.51,-0.4062
2026-08-08T09:09:47Z,Digitizer_run2126_subrun32.csv,26,False,,,3.34,-0.5358
2026-08-08T09:09:47Z,Digitizer_run2126_subrun32.csv,27,False,,,2.33,-0.4444
2026-08-08T09:09:47Z,Digitizer_run2126_subrun32.csv,28,False,,,5.0,-0.5655
2026-08-08T09:09:47Z,Digitizer_run2126_subrun32.csv,29,False,,,2.97,-0.4987
2026-08-08T09:09:47Z,Digitizer_run2126_subrun32.csv,30,True,statistical,pulseDuriation_max_mean;pulseDuriation_min_mean,15.62,-0.632
2026-08-08T09:09:47Z,Digitizer_run2126_subrun32.csv,31,True,statistical,pulseDuriation_max_mean;pulseDuriation_max_std;pulseDuriation_min_mean;pulseDuriation_min_std,10.11,-0.6182
2026-08-08T09:09:47Z,Digitizer_run2126_subrun32.csv,32,False,,,3.2,-0.5078
2026-08-08T09:09:47Z,Digitizer_run2126_subrun32.csv,33,False,,,2.59,-0.4873
2026-08-08T09:09:47Z,Digitizer_run2126_subrun32.csv,34,False,,,4.78,-0.6015
2026-08-08T09:09:47Z,Digitizer_run2126_subrun32.csv,35,False,,,7.95,-0.5788
2026-08-08T09:09:47Z,Digitizer_run2126_subrun32.csv,36,False,,,3.42,-0.4784
2026-08-08T09:09:47Z,Digitizer_run2126_subrun32.csv,37,False,,,3.7,-0.4594
2026-08-08T09:09:47Z,Digitizer_run2126_subrun32.csv,38,False,,,5.08,-0.5833
2026-08-08T09:09:47Z,Digitizer_run2126_subrun32.csv,39,False,,,3.16,-0.4799
2026-08-08T09:09:47Z,Digitizer_run2126_subrun32.csv,40,False,,,2.41,-0.4882
2026-08-08T09:09:47Z,Digitizer_run2126_subrun32.csv,41,False,,,2.31,-0.4357
2026-08-08T09:09:47Z,Digitizer_run2126_subrun32.csv,42,False,,,5.57,-0.5708
2026-08-08T09:09:47Z,Digitizer_run2126_subrun32.csv,43,True,statistical,nPulses_median,11.41,-0.5607
2026-08-08T09:09:47Z,Digitizer_run2126_subrun32.csv,44,False,,,3.1,-0.4961
2026-08-08T09:09:47Z,Digitizer_run2126_subrun32.csv,45,False,,,1.54,-0.4121
2026-08-08T09:09:47Z,Digitizer_run2126_subrun32.csv,46,False,,,2.68,-0.4282
2026-08-08T09:09:47Z,Digitizer_run2126_subrun32.csv,47,False,,,4.11,-0.5338
2026-08-08T09:09:47Z,Digitizer_run2126_subrun32.csv,48,False,,,3.54,-0.4874
2026-08-08T09:09:47Z,Digitizer_run2126_subrun32.csv,49,False,,,2.36,-0.458
2026-08-08T09:09:47Z,Digitizer_run2126_subrun32.csv,50,False,,,3.15,-0.4737
2026-08-08T09:09:47Z,Digitizer_run2126_subrun32.csv,51,False,,,3.03,-0.4487
2026-08-08T09:09:47Z,Digitizer_run2126_subrun32.csv,52,False,,,6.31,-0.5959
2026-08-08T09:09:47Z,Digitizer_run2126_subrun32.csv,53,False,,,6.26,-0.6013
2026-08-08T09:09:47Z,Digitizer_run2126_subrun32.csv,54,True,statistical,pulseArea_min_mean,10.44,-0.5944
2026-08-08T09:09:47Z,Digitizer_run2126_subrun32.csv,55,False,,,5.03,-0.5237
2026-08-08T09:09:47Z,Digitizer_run2126_subrun32.csv,56,False,,,5.36,-0.4835
2026-08-08T09:09:47Z,Digitizer_run2126_subrun32.csv,57,False,,,4.19,-0.4865
2026-08-08T09:09:47Z,Digitizer_run2126_subrun32.csv,58,False,,,6.68,-0.5931
2026-08-08T09:09:47Z,Digitizer_run2126_subrun32.csv,59,False,,,7.31,-0.5761
2026-08-08T09:09:47Z,Digitizer_run2126_subrun32.csv,60,False,,,5.92,-0.5828
2026-08-08T09:09:47Z,Digitizer_run2126_subrun32.csv,61,False,,,6.63,-0.601
2026-08-08T09:09:47Z,Digitizer_run2126_subrun32.csv,62,False,,,5.87,-0.5739
2026-08-08T09:09:47Z,Digitizer_run2126_subrun32.csv,63,False,,,5.78,-0.5956
2026-08-08T09:09:47Z,Digitizer_run2126_subrun32.csv,64,True,statistical+IF,nPulses_median,29.16,-0.6529
2026-08-08T09:09:47Z,Digitizer_run2126_subrun32.csv,65,True,statistical,pulseArea_max_mean,8.75,-0.5835
2026-08-08T09:09:47Z,Digitizer_run2126_subrun32.csv,66,False,,,3.12,-0.4682
2026-08-08T09:09:47Z,Digitizer_run2126_subrun32.csv,67,False,,,5.11,-0.5066
2026-08-08T09:09:47Z,Digitizer_run2126_subrun32.csv,68,False,,,7.14,-0.6061
2026-08-08T09:09:47Z,Digitizer_run2126_subrun32.csv,69,True,statistical,pulseHeight_max_median;pulseArea_max_median,11.72,-0.6357
2026-08-08T09:09:47Z,Digitizer_run2126_subrun32.csv,70,True,statistical,pulseArea_min_mean,8.75,-0.6006
2026-08-08T09:09:47Z,Digitizer_run2126_subrun32.csv,71,False,,,3.58,-0.5321
2026-08-08T09:09:47Z,Digitizer_run2126_subrun32.csv,72,False,,,3.46,-0.5853
2026-08-08T09:09:47Z,Digitizer_run2126_subrun32.csv,73,False,,,4.41,-0.5718
2026-08-08T09:09:47Z,Digitizer_run2126_subrun32.csv,74,False,,,4.92,-0.5336
2026-08-08T09:09:47Z,Digitizer_run2126_subrun32.csv,75,False,,,4.89,-0.5157
2026-08-08T09:09:47Z,Digitizer_run2126_subrun32.csv,76,False,,,4.89,-0.51
2026-08-08T09:09:47Z,Digitizer_run2126_subrun32.csv,77,True,statistical,pulseHeight_min_median,8.43,-0.6365
2026-08-08T09:09:47Z,Digitizer_run2126_subrun32.csv,78,False,,,5.44,-0.626
2026-08-08T09:09:47Z,Digitizer_run2126_subrun32.csv,79,False,,,3.24,-0.5146
2026-08-08T09:09:47Z,Digitizer_run2126_subrun32.csv,80,False,,,7.2,-0.6221
2026-08-08T09:09:47Z,Digitizer_run2126_subrun32.csv,81,True,statistical+IF,pulseArea_min_mean,8.68,-0.6485
2026-08-08T09:09:47Z,Digitizer_run2126_subrun32.csv,82,False,,,6.33,-0.6369
2026-08-08T09:09:47Z,Digitizer_run2126_subrun32.csv,83,False,,,3.18,-0.4568
2026-08-08T09:09:47Z,Digitizer_run2126_subrun32.csv,84,False,,,4.8,-0.6097
2026-08-08T09:09:47Z,Digitizer_run2126_subrun32.csv,85,False,,,2.97,-0.5174
2026-08-08T09:09:47Z,Digitizer_run2126_subrun32.csv,86,False,,,3.33,-0.4871
2026-08-08T09:09:47Z,Digitizer_run2126_subrun32.csv,87,False,,,1.86,-0.4156
2026-08-08T09:09:47Z,Digitizer_run2126_subrun32.csv,88,True,statistical+IF,pulseHeight_min_median;pulseArea_max_mean;pulseArea_min_mean,10.09,-0.6497
2026-08-08T09:09:47Z,Digitizer_run2126_subrun32.csv,89,True,statistical,pulseArea_min_mean,8.9,-0.6148
2026-08-08T09:09:47Z,Digitizer_run2126_subrun32.csv,90,False,,,6.24,-0.5499
2026-08-08T09:09:47Z,Digitizer_run2126_subrun32.csv,91,True,statistical,nPulses_median;pulseHeight_max_median;pulseArea_max_median,10.98,-0.608
2026-08-08T09:09:47Z,Digitizer_run2126_subrun32.csv,92,False,,,6.41,-0.6275
2026-08-08T09:09:47Z,Digitizer_run2126_subrun32.csv,93,False,,,4.89,-0.6198
2026-08-08T09:09:47Z,Digitizer_run2126_subrun32.csv,94,False,,,3.11,-0.4601
2026-08-08T09:09:47Z,Digitizer_run2126_subrun32.csv,95,False,,,1.83,-0.4076
2026-08-08T09:09:51Z,Digitizer_run2126_subrun33.csv,0,False,,,4.5,-0.509
2026-08-08T09:09:51Z,Digitizer_run2126_subrun33.csv,1,False,,,3.29,-0.4701
2026-08-08T09:09:51Z,Digitizer_run2126_subrun33.csv,2,False,,,3.92,-0.4891
2026-08-08T09:09:51Z,Digitizer_run2126_subrun33.csv,3,True,statistical,pulseHeight_min_median,8.34,-0.5149
2026-08-08T09:09:51Z,Digitizer_run2126_subrun33.csv,4,False,,,2.79,-0.466
2026-08-08T09:09:51Z,Digitizer_run2126_subrun33.csv,5,False,,,2.51,-0.4721
2026-08-08T09:09:51Z,Digitizer_run2126_subrun33.csv,6,False,,,5.15,-0.5173
2026-08-08T09:09:51Z,Digitizer_run2126_subrun33.csv,7,False,,,3.31,-0.5659
2026-08-08T09:09:51Z,Digitizer_run2126_subrun33.csv,8,False,,,2.74,-0.497
2026-08-08T09:09:51Z,Digitizer_run2126_subrun33.csv,9,True,statistical,pulseHeight_min_median;pulseArea_min_median,10.97,-0.5395
2026-08-08T09:09:51Z,Digitizer_run2126_subrun33.csv,10,False,,,7.26,-0.6142
2026-08-08T09:09:51Z,Digitizer_run2126_subrun33.csv,11,True,statistical+IF,pulseHeight_min_median;pulseArea_min_median;pulseDuriation_min_mean,11.15,-0.6634
2026-08-08T09:09:51Z,Digitizer_run2126_subrun33.csv,12,False,,,5.35,-0.5583
2026-08-08T09:09:51Z,Digitizer_run2126_subrun33.csv,13,True,isolation_forest,,7.33,-0.6431
2026-08-08T09:09:51Z,Digitizer_run2126_subrun33.csv,14,False,,,5.62,-0.5076
2026-08-08T09:09:51Z,Digitizer_run2126_subrun33.csv,15,False,,,4.47,-0.5663
2026-08-08T09:09:51Z,Digitizer_run2126_subrun33.csv,16,False,,,2.29,-0.4538
2026-08-08T09:09:51Z,Digitizer_run2126_subrun33.csv,17,False,,,2.63,-0.516
2026-08-08T09:09:51Z,Digitizer_run2126_subrun33.csv,18,False,,,3.23,-0.4894
2026-08-08T09:09:51Z,Digitizer_run2126_subrun33.csv,19,False,,,4.9,-0.5646
2026-08-08T09:09:51Z,Digitizer_run2126_subrun33.csv,20,False,,,2.04,-0.4526
2026-08-08T09:09:51Z,Digitizer_run2126_subrun33.csv,21,False,,,2.84,-0.4722
2026-08-08T09:09:51Z,Digitizer_run2126_subrun33.csv,22,False,,,2.28,-0.4201
2026-08-08T09:09:51Z,Digitizer_run2126_subrun33.csv,23,False,,,3.47,-0.4752
2026-08-08T09:09:51Z,Digitizer_run2126_subrun33.csv,24,False,,,1.76,-0.4236
2026-08-08T09:09:51Z,Digitizer_run2126_subrun33.csv,25,False,,,4.54,-0.5895
2026-08-08T09:09:51Z,Digitizer_run2126_subrun33.csv,26,False,,,7.63,-0.5649
2026-08-08T09:09:51Z,Digitizer_run2126_subrun33.csv,27,False,,,6.79,-0.5666
2026-08-08T09:09:51Z,Digitizer_run2126_subrun33.csv,28,False,,,3.2,-0.4915
2026-08-08T09:09:51Z,Digitizer_run2126_subrun33.csv,29,False,,,1.76,-0.4461
2026-08-08T09:09:51Z,Digitizer_run2126_subrun33.csv,30,False,,,5.87,-0.512
2026-08-08T09:09:51Z,Digitizer_run2126_subrun33.csv,31,False,,,4.1,-0.5197
2026-08-08T09:09:51Z,Digitizer_run2126_subrun33.csv,32,True,statistical,nPulses_median,13.17,-0.5642
2026-08-08T09:09:51Z,Digitizer_run2126_subrun33.csv,33,False,,,2.78,-0.4665
2026-08-08T09:09:51Z,Digitizer_run2126_subrun33.csv,34,True,statistical+IF,nPulses_median;pulseDuriation_max_mean,29.16,-0.6648
2026-08-08T09:09:51Z,Digitizer_run2126_subrun33.csv,35,True,statistical+IF,pulseDuriation_max_mean;pulseDuriation_min_mean,8.59,-0.6473
2026-08-08T09:09:51Z,Digitizer_run2126_subrun33.csv,36,False,,,5.08,-0.6119
2026-08-08T09:09:51Z,Digitizer_run2126_subrun33.csv,37,False,,,5.53,-0.5731
2026-08-08T09:09:51Z,Digitizer_run2126_subrun33.csv,38,False,,,4.3,-0.454
2026-08-08T09:09:51Z,Digitizer_run2126_subrun33.csv,39,False,,,2.81,-0.452
2026-08-08T09:09:51Z,Digitizer_run2126_subrun33.csv,40,True,statistical,pulseHeight_min_median;pulseArea_min_median,13.82,-0.6167
2026-08-08T09:09:51Z,Digitizer_run2126_subrun33.csv,41,True,statistical,nPulses_median,41.25,-0.5928
2026-08-08T09:09:51Z,Digitizer_run2126_subrun33.csv,42,False,,,4.59,-0.5655
2026-08-08T09:09:51Z,Digitizer_run2126_subrun33.csv,43,False,,,3.94,-0.5135
2026-08-08T09:09:51Z,Digitizer_run2126_subrun33.csv,44,False,,,3.2,-0.4484
2026-08-08T09:09:51Z,Digitizer_run2126_subrun33.csv,45,False,,,6.94,-0.5204
2026-08-08T09:09:51Z,Digitizer_run2126_subrun33.csv,46,False,,,7.36,-0.6166
2026-08-08T09:09:51Z,Digitizer_run2126_subrun33.csv,47,False,,,4.74,-0.5841
2026-08-08T09:09:51Z,Digitizer_run2126_subrun33.csv,48,False,,,3.74,-0.5203
2026-08-08T09:09:51Z,Digitizer_run2126_subrun33.csv,49,False,,,3.21,-0.46
2026-08-08T09:09:51Z,Digitizer_run2126_subrun33.csv,50,True,statistical+IF,sideband_rms_mean,9.81,-0.6843
2026-08-08T09:09:51Z,Digitizer_run2126_subrun33.csv,51,True,statistical+IF,sideband_rms_mean,10.11,-0.6792
2026-08-08T09:09:51Z,Digitizer_run2126_subrun33.csv,52,False,,,3.08,-0.5093
2026-08-08T09:09:51Z,Digitizer_run2126_subrun33.csv,53,True,isolation_forest,,6.59,-0.6637
2026-08-08T09:09:51Z,Digitizer_run2126_subrun33.csv,54,False,,,6.4,-0.6105
2026-08-08T09:09:51Z,Digitizer_run2126_subrun33.csv,55,False,,,2.88,-0.4554
2026-08-08T09:09:51Z,Digitizer_run2126_subrun33.csv,56,False,,,6.15,-0.5855
2026-08-08T09:09:51Z,Digitizer_run2126_subrun33.csv,57,False,,,5.39,-0.5336
2026-08-08T09:09:51Z,Digitizer_run2126_subrun33.csv,58,False,,,6.42,-0.6208
2026-08-08T09:09:51Z,Digitizer_run2126_subrun33.csv,59,True,statistical,pulseArea_max_mean;pulseDuriation_max_mean,9.32,-0.6315
2026-08-08T09:09:51Z,Digitizer_run2126_subrun33.csv,60,False,,,3.8,-0.5455
2026-08-08T09:09:51Z,Digitizer_run2126_subrun33.csv,61,True,statistical,nPulses_std,9.07,-0.5861
2026-08-08T09:09:51Z,Digitizer_run2126_subrun33.csv,62,False,,,4.52,-0.5332
2026-08-08T09:09:51Z,Digitizer_run2126_subrun33.csv,63,False,,,3.9,-0.5316
2026-08-08T09:09:51Z,Digitizer_run2126_subrun33.csv,64,True,isolation_forest,,6.77,-0.6388
2026-08-08T09:09:51Z,Digitizer_run2126_subrun33.csv,65,True,statistical,nPulses_median;pulseHeight_max_median;pulseArea_max_mean;pulseArea_max_median,17.25,-0.6342
2026-08-08T09:09:51Z,Digitizer_run2126_subrun33.csv,66,False,,,4.18,-0.5771
2026-08-08T09:09:51Z,Digitizer_run2126_subrun33.csv,67,False,,,3.86,-0.562
2026-08-08T09:09:51Z,Digitizer_run2126_subrun33.csv,68,False,,,3.32,-0.4816
2026-08-08T09:09:51Z,Digitizer_run2126_subrun33.csv,69,False,,,3.1,-0.4828
2026-08-08T09:09:51Z,Digitizer_run2126_subrun33.csv,70,False,,,3.68,-0.5824
2026-08-08T09:09:51Z,Digitizer_run2126_subrun33.csv,71,False,,,2.71,-0.5144
2026-08-08T09:09:51Z,Digitizer_run2126_subrun33.csv,72,True,statistical+IF,sideband_rms_mean,8.99,-0.6613
2026-08-08T09:09:51Z,Digitizer_run2126_subrun33.csv,73,False,,,5.46,-0.5946
2026-08-08T09:09:51Z,Digitizer_run2126_subrun33.csv,74,True,isolation_forest,,4.82,-0.6488
2026-08-08T09:09:51Z,Digitizer_run2126_subrun33.csv,75,True,statistical+IF,nPulses_std,8.69,-0.7072
2026-08-08T09:09:51Z,Digitizer_run2126_subrun33.csv,76,False,,,3.46,-0.4761
2026-08-08T09:09:51Z,Digitizer_run2126_subrun33.csv,77,False,,,4.78,-0.5422
2026-08-08T09:09:51Z,Digitizer_run2126_subrun33.csv,78,False,,,5.38,-0.5517
2026-08-08T09:09:51Z,Digitizer_run2126_subrun33.csv,79,False,,,2.32,-0.4197
2026-08-08T09:09:51Z,Digitizer_run2126_subrun33.csv,80,True,statistical,pulseArea_max_std,9.0,-0.5915
2026-08-08T09:09:51Z,Digitizer_run2126_subrun33.csv,81,True,statistical+IF,pulseArea_max_mean;pulseArea_max_std;pulseArea_min_mean;pulseArea_min_std,14.68,-0.6605
2026-08-08T09:09:51Z,Digitizer_run2126_subrun33.csv,82,False,,,7.08,-0.5451
2026-08-08T09:09:51Z,Digitizer_run2126_subrun33.csv,83,False,,,6.83,-0.5911
2026-08-08T09:09:51Z,Digitizer_run2126_subrun33.csv,84,False,,,4.6,-0.5594
2026-08-08T09:09:51Z,Digitizer_run2126_subrun33.csv,85,False,,,3.06,-0.4891
2026-08-08T09:09:51Z,Digitizer_run2126_subrun33.csv,86,False,,,4.69,-0.4306
2026-08-08T09:09:51Z,Digitizer_run2126_subrun33.csv,87,False,,,2.7,-0.4584
2026-08-08T09:09:51Z,Digitizer_run2126_subrun33.csv,88,False,,,7.85,-0.612
2026-08-08T09:09:51Z,Digitizer_run2126_subrun33.csv,89,True,statistical+IF,nPulses_std;pulseDuriation_min_mean,17.75,-0.6762
2026-08-08T09:09:51Z,Digitizer_run2126_subrun33.csv,90,False,,,5.61,-0.617
2026-08-08T09:09:51Z,Digitizer_run2126_subrun33.csv,91,True,statistical+IF,pulseArea_min_mean;pulseDuriation_max_mean;pulseDuriation_min_mean,9.34,-0.6557
2026-08-08T09:09:51Z,Digitizer_run2126_subrun33.csv,92,False,,,3.19,-0.5497
2026-08-08T09:09:51Z,Digitizer_run2126_subrun33.csv,93,False,,,3.15,-0.5068
2026-08-08T09:09:51Z,Digitizer_run2126_subrun33.csv,94,False,,,1.29,-0.4015
2026-08-08T09:09:51Z,Digitizer_run2126_subrun33.csv,95,False,,,2.46,-0.4676
2026-08-08T09:09:55Z,Digitizer_run2126_subrun34.csv,0,False,,,1.68,-0.4017
2026-08-08T09:09:55Z,Digitizer_run2126_subrun34.csv,1,False,,,5.05,-0.5481
2026-08-08T09:09:55Z,Digitizer_run2126_subrun34.csv,2,False,,,2.85,-0.4513
2026-08-08T09:09:55Z,Digitizer_run2126_subrun34.csv,3,False,,,3.39,-0.4419
2026-08-08T09:09:55Z,Digitizer_run2126_subrun34.csv,4,False,,,1.68,-0.4174
2026-08-08T09:09:55Z,Digitizer_run2126_subrun34.csv,5,False,,,2.01,-0.4346
2026-08-08T09:09:55Z,Digitizer_run2126_subrun34.csv,6,False,,,4.33,-0.5887
2026-08-08T09:09:55Z,Digitizer_run2126_subrun34.csv,7,False,,,3.0,-0.4761
2026-08-08T09:09:55Z,Digitizer_run2126_subrun34.csv,8,False,,,3.8,-0.5118
2026-08-08T09:09:55Z,Digitizer_run2126_subrun34.csv,9,True,statistical,nPulses_median,9.32,-0.5993
2026-08-08T09:09:55Z,Digitizer_run2126_subrun34.csv,10,True,statistical,nPulses_median,16.81,-0.6086
2026-08-08T09:09:55Z,Digitizer_run2126_subrun34.csv,11,False,,,2.76,-0.4651
2026-08-08T09:09:55Z,Digitizer_run2126_subrun34.csv,12,False,,,4.42,-0.5871
2026-08-08T09:09:55Z,Digitizer_run2126_subrun34.csv,13,False,,,4.48,-0.5605
2026-08-08T09:09:55Z,Digitizer_run2126_subrun34.csv,14,False,,,3.12,-0.4959
2026-08-08T09:09:55Z,Digitizer_run2126_subrun34.csv,15,False,,,4.4,-0.5685
2026-08-08T09:09:55Z,Digitizer_run2126_subrun34.csv,16,False,,,3.13,-0.4966
2026-08-08T09:09:55Z,Digitizer_run2126_subrun34.csv,17,False,,,2.51,-0.4682
2026-08-08T09:09:55Z,Digitizer_run2126_subrun34.csv,18,False,,,3.16,-0.4493
2026-08-08T09:09:55Z,Digitizer_run2126_subrun34.csv,19,False,,,2.61,-0.4155
2026-08-08T09:09:55Z,Digitizer_run2126_subrun34.csv,20,False,,,5.33,-0.5337
2026-08-08T09:09:55Z,Digitizer_run2126_subrun34.csv,21,False,,,3.31,-0.5224
2026-08-08T09:09:55Z,Digitizer_run2126_subrun34.csv,22,False,,,4.16,-0.5305
2026-08-08T09:09:55Z,Digitizer_run2126_subrun34.csv,23,False,,,3.36,-0.5456
2026-08-08T09:09:55Z,Digitizer_run2126_subrun34.csv,24,False,,,3.64,-0.5507
2026-08-08T09:09:55Z,Digitizer_run2126_subrun34.csv,25,False,,,3.22,-0.5172
2026-08-08T09:09:55Z,Digitizer_run2126_subrun34.csv,26,False,,,2.71,-0.4456
2026-08-08T09:09:55Z,Digitizer_run2126_subrun34.csv,27,False,,,3.1,-0.4993
2026-08-08T09:09:55Z,Digitizer_run2126_subrun34.csv,28,False,,,3.39,-0.551
2026-08-08T09:09:55Z,Digitizer_run2126_subrun34.csv,29,False,,,5.39,-0.6174
2026-08-08T09:09:55Z,Digitizer_run2126_subrun34.csv,30,False,,,2.5,-0.4206
2026-08-08T09:09:55Z,Digitizer_run2126_subrun34.csv,31,False,,,2.71,-0.4238
2026-08-08T09:09:55Z,Digitizer_run2126_subrun34.csv,32,False,,,4.25,-0.5372
2026-08-08T09:09:55Z,Digitizer_run2126_subrun34.csv,33,False,,,2.98,-0.5465
2026-08-08T09:09:55Z,Digitizer_run2126_subrun34.csv,34,True,statistical+IF,pulseHeight_min_median;pulseArea_min_median,11.95,-0.6519
2026-08-08T09:09:55Z,Digitizer_run2126_subrun34.csv,35,True,statistical,sideband_rms_mean,9.18,-0.5902
2026-08-08T09:09:55Z,Digitizer_run2126_subrun34.csv,36,False,,,2.59,-0.4981
2026-08-08T09:09:55Z,Digitizer_run2126_subrun34.csv,37,False,,,2.24,-0.4395
2026-08-08T09:09:55Z,Digitizer_run2126_subrun34.csv,38,False,,,4.22,-0.5684
2026-08-08T09:09:55Z,Digitizer_run2126_subrun34.csv,39,False,,,3.95,-0.5671
2026-08-08T09:09:55Z,Digitizer_run2126_subrun34.csv,40,False,,,6.36,-0.5274
2026-08-08T09:09:55Z,Digitizer_run2126_subrun34.csv,41,False,,,3.85,-0.4915
2026-08-08T09:09:55Z,Digitizer_run2126_subrun34.csv,42,False,,,4.75,-0.5171
2026-08-08T09:09:55Z,Digitizer_run2126_subrun34.csv,43,True,statistical,nPulses_median,11.41,-0.6019
2026-08-08T09:09:55Z,Digitizer_run2126_subrun34.csv,44,False,,,5.91,-0.5556
2026-08-08T09:09:55Z,Digitizer_run2126_subrun34.csv,45,False,,,6.94,-0.5698
2026-08-08T09:09:55Z,Digitizer_run2126_subrun34.csv,46,False,,,7.72,-0.5646
2026-08-08T09:09:55Z,Digitizer_run2126_subrun34.csv,47,False,,,4.56,-0.5857
2026-08-08T09:09:55Z,Digitizer_run2126_subrun34.csv,48,False,,,3.5,-0.5161
2026-08-08T09:09:55Z,Digitizer_run2126_subrun34.csv,49,True,statistical,pulseArea_min_median,13.86,-0.575
2026-08-08T09:09:55Z,Digitizer_run2126_subrun34.csv,50,False,,,3.27,-0.448
2026-08-08T09:09:55Z,Digitizer_run2126_subrun34.csv,51,False,,,3.27,-0.4649
2026-08-08T09:09:55Z,Digitizer_run2126_subrun34.csv,52,False,,,5.18,-0.5581
2026-08-08T09:09:55Z,Digitizer_run2126_subrun34.csv,53,False,,,4.02,-0.5845
2026-08-08T09:09:55Z,Digitizer_run2126_subrun34.csv,54,False,,,5.03,-0.5656
2026-08-08T09:09:55Z,Digitizer_run2126_subrun34.csv,55,False,,,3.01,-0.5318
2026-08-08T09:09:55Z,Digitizer_run2126_subrun34.csv,56,False,,,5.66,-0.5322
2026-08-08T09:09:55Z,Digitizer_run2126_subrun34.csv,57,True,statistical,pulseArea_min_median,16.0,-0.5579
2026-08-08T09:09:55Z,Digitizer_run2126_subrun34.csv,58,False,,,5.84,-0.5416
2026-08-08T09:09:55Z,Digitizer_run2126_subrun34.csv,59,False,,,5.44,-0.5286
2026-08-08T09:09:55Z,Digitizer_run2126_subrun34.csv,60,False,,,3.95,-0.5422
2026-08-08T09:09:55Z,Digitizer_run2126_subrun34.csv,61,False,,,4.57,-0.5471
2026-08-08T09:09:55Z,Digitizer_run2126_subrun34.csv,62,True,statistical,pulseArea_max_median;pulseDuriation_min_median,10.14,-0.6199
2026-08-08T09:09:55Z,Digitizer_run2126_subrun34.csv,63,False,,,3.59,-0.4415
2026-08-08T09:09:55Z,Digitizer_run2126_subrun34.csv,64,False,,,3.23,-0.4566
2026-08-08T09:09:55Z,Digitizer_run2126_subrun34.csv,65,False,,,4.15,-0.4926
2026-08-08T09:09:55Z,Digitizer_run2126_subrun34.csv,66,False,,,4.53,-0.5755
2026-08-08T09:09:55Z,Digitizer_run2126_subrun34.csv,67,False,,,4.29,-0.5385
2026-08-08T09:09:55Z,Digitizer_run2126_subrun34.csv,68,False,,,3.61,-0.5081
2026-08-08T09:09:55Z,Digitizer_run2126_subrun34.csv,69,False,,,3.64,-0.5313
2026-08-08T09:09:55Z,Digitizer_run2126_subrun34.csv,70,False,,,7.4,-0.5552
2026-08-08T09:09:55Z,Digitizer_run2126_subrun34.csv,71,False,,,3.75,-0.5297
2026-08-08T09:09:55Z,Digitizer_run2126_subrun34.csv,72,False,,,2.98,-0.5054
2026-08-08T09:09:55Z,Digitizer_run2126_subrun34.csv,73,False,,,2.86,-0.4805
2026-08-08T09:09:55Z,Digitizer_run2126_subrun34.csv,74,False,,,3.06,-0.4719
2026-08-08T09:09:55Z,Digitizer_run2126_subrun34.csv,75,False,,,2.15,-0.4455
2026-08-08T09:09:55Z,Digitizer_run2126_subrun34.csv,76,False,,,3.19,-0.5224
2026-08-08T09:09:55Z,Digitizer_run2126_subrun34.csv,77,False,,,4.32,-0.5916
2026-08-08T09:09:55Z,Digitizer_run2126_subrun34.csv,78,False,,,5.57,-0.5299
2026-08-08T09:09:55Z,Digitizer_run2126_subrun34.csv,79,False,,,3.12,-0.4849
2026-08-08T09:09:55Z,Digitizer_run2126_subrun34.csv,80,False,,,4.17,-0.4765
2026-08-08T09:09:55Z,Digitizer_run2126_subrun34.csv,81,False,,,3.91,-0.492
2026-08-08T09:09:55Z,Digitizer_run2126_subrun34.csv,82,False,,,2.02,-0.4384
2026-08-08T09:09:55Z,Digitizer_run2126_subrun34.csv,83,False,,,3.02,-0.4729
2026-08-08T09:09:55Z,Digitizer_run2126_subrun34.csv,84,False,,,3.14,-0.4734
2026-08-08T09:09:55Z,Digitizer_run2126_subrun34.csv,85,False,,,2.14,-0.4121
2026-08-08T09:09:55Z,Digitizer_run2126_subrun34.csv,86,False,,,2.21,-0.4572
2026-08-08T09:09:55Z,Digitizer_run2126_subrun34.csv,87,False,,,2.3,-0.4313
2026-08-08T09:09:55Z,Digitizer_run2126_subrun34.csv,88,False,,,4.27,-0.4781
2026-08-08T09:09:55Z,Digitizer_run2126_subrun34.csv,89,False,,,4.87,-0.6118
2026-08-08T09:09:55Z,Digitizer_run2126_subrun34.csv,90,False,,,4.45,-0.589
2026-08-08T09:09:55Z,Digitizer_run2126_subrun34.csv,91,False,,,6.61,-0.5476
2026-08-08T09:09:55Z,Digitizer_run2126_subrun34.csv,92,False,,,2.88,-0.549
2026-08-08T09:09:55Z,Digitizer_run2126_subrun34.csv,93,False,,,2.67,-0.4332
2026-08-08T09:09:55Z,Digitizer_run2126_subrun34.csv,94,True,statistical,sideband_mean_median,9.17,-0.4648
2026-08-08T09:09:55Z,Digitizer_run2126_subrun34.csv,95,False,,,4.77,-0.4704
2026-08-08T09:09:58Z,Digitizer_run2126_subrun35.csv,0,False,,,3.16,-0.5258
2026-08-08T09:09:58Z,Digitizer_run2126_subrun35.csv,1,False,,,4.71,-0.5118
2026-08-08T09:09:58Z,Digitizer_run2126_subrun35.csv,2,False,,,2.44,-0.4177
2026-08-08T09:09:58Z,Digitizer_run2126_subrun35.csv,3,False,,,1.87,-0.4183
2026-08-08T09:09:58Z,Digitizer_run2126_subrun35.csv,4,False,,,1.76,-0.4356
2026-08-08T09:09:58Z,Digitizer_run2126_subrun35.csv,5,False,,,2.9,-0.4578
2026-08-08T09:09:58Z,Digitizer_run2126_subrun35.csv,6,False,,,5.31,-0.5513
2026-08-08T09:09:58Z,Digitizer_run2126_subrun35.csv,7,True,statistical,nPulses_median,45.76,-0.5272
2026-08-08T09:09:58Z,Digitizer_run2126_subrun35.csv,8,False,,,4.16,-0.5625
2026-08-08T09:09:58Z,Digitizer_run2126_subrun35.csv,9,True,statistical+IF,pulseArea_min_median;pulseDuriation_min_mean,8.83,-0.6422
2026-08-08T09:09:58Z,Digitizer_run2126_subrun35.csv,10,False,,,5.87,-0.6294
2026-08-08T09:09:58Z,Digitizer_run2126_subrun35.csv,11,False,,,5.45,-0.6085
2026-08-08T09:09:58Z,Digitizer_run2126_subrun35.csv,12,False,,,1.94,-0.4568
2026-08-08T09:09:58Z,Digitizer_run2126_subrun35.csv,13,False,,,3.04,-0.4763
2026-08-08T09:09:58Z,Digitizer_run2126_subrun35.csv,14,False,,,4.4,-0.582
2026-08-08T09:09:58Z,Digitizer_run2126_subrun35.csv,15,True,statistical,nPulses_median,19.7,-0.5743
2026-08-08T09:09:58Z,Digitizer_run2126_subrun35.csv,16,False,,,5.56,-0.5857
2026-08-08T09:09:58Z,Digitizer_run2126_subrun35.csv,17,False,,,5.64,-0.5536
2026-08-08T09:09:58Z,Digitizer_run2126_subrun35.csv,18,False,,,7.41,-0.5486
2026-08-08T09:09:58Z,Digitizer_run2126_subrun35.csv,19,False,,,5.52,-0.5615
2026-08-08T09:09:58Z,Digitizer_run2126_subrun35.csv,20,False,,,3.87,-0.514
2026-08-08T09:09:58Z,Digitizer_run2126_subrun35.csv,21,False,,,3.04,-0.4727
2026-08-08T09:09:58Z,Digitizer_run2126_subrun35.csv,22,False,,,7.44,-0.5657
2026-08-08T09:09:58Z,Digitizer_run2126_subrun35.csv,23,True,statistical,pulseDuriation_max_std;pulseDuriation_min_std,9.65,-0.582
2026-08-08T09:09:58Z,Digitizer_run2126_subrun35.csv,24,False,,,4.51,-0.5091
2026-08-08T09:09:58Z,Digitizer_run2126_subrun35.csv,25,False,,,4.26,-0.5834
2026-08-08T09:09:58Z,Digitizer_run2126_subrun35.csv,26,False,,,2.33,-0.4751
2026-08-08T09:09:58Z,Digitizer_run2126_subrun35.csv,27,False,,,2.33,-0.4795
2026-08-08T09:09:58Z,Digitizer_run2126_subrun35.csv,28,False,,,3.02,-0.5128
2026-08-08T09:09:58Z,Digitizer_run2126_subrun35.csv,29,False,,,3.46,-0.4993
2026-08-08T09:09:58Z,Digitizer_run2126_subrun35.csv,30,False,,,3.38,-0.6107
2026-08-08T09:09:58Z,Digitizer_run2126_subrun35.csv,31,False,,,1.78,-0.4178
2026-08-08T09:09:58Z,Digitizer_run2126_subrun35.csv,32,False,,,4.45,-0.5698
2026-08-08T09:09:58Z,Digitizer_run2126_subrun35.csv,33,False,,,4.49,-0.5263
2026-08-08T09:09:58Z,Digitizer_run2126_subrun35.csv,34,False,,,7.38,-0.5794
2026-08-08T09:09:58Z,Digitizer_run2126_subrun35.csv,35,False,,,5.75,-0.6078
2026-08-08T09:09:58Z,Digitizer_run2126_subrun35.csv,36,True,isolation_forest,,5.22,-0.6418
2026-08-08T09:09:58Z,Digitizer_run2126_subrun35.csv,37,True,statistical,nPulses_std,8.62,-0.6226
2026-08-08T09:09:58Z,Digitizer_run2126_subrun35.csv,38,False,,,4.59,-0.5096
2026-08-08T09:09:58Z,Digitizer_run2126_subrun35.csv,39,False,,,2.16,-0.4388
2026-08-08T09:09:58Z,Digitizer_run2126_subrun35.csv,40,True,isolation_forest,,7.78,-0.6484
2026-08-08T09:09:58Z,Digitizer_run2126_subrun35.csv,41,True,isolation_forest,,7.17,-0.6746
2026-08-08T09:09:58Z,Digitizer_run2126_subrun35.csv,42,True,statistical+IF,pulseDuriation_min_mean,8.54,-0.6766
2026-08-08T09:09:58Z,Digitizer_run2126_subrun35.csv,43,False,,,7.77,-0.6308
2026-08-08T09:09:58Z,Digitizer_run2126_subrun35.csv,44,False,,,4.53,-0.5801
2026-08-08T09:09:58Z,Digitizer_run2126_subrun35.csv,45,False,,,3.2,-0.5215
2026-08-08T09:09:58Z,Digitizer_run2126_subrun35.csv,46,False,,,3.96,-0.5507
2026-08-08T09:09:58Z,Digitizer_run2126_subrun35.csv,47,False,,,3.18,-0.5389
2026-08-08T09:09:58Z,Digitizer_run2126_subrun35.csv,48,False,,,6.06,-0.5839
2026-08-08T09:09:58Z,Digitizer_run2126_subrun35.csv,49,False,,,5.46,-0.6263
2026-08-08T09:09:58Z,Digitizer_run2126_subrun35.csv,50,False,,,4.3,-0.6117
2026-08-08T09:09:58Z,Digitizer_run2126_subrun35.csv,51,False,,,2.61,-0.4637
2026-08-08T09:09:58Z,Digitizer_run2126_subrun35.csv,52,False,,,3.27,-0.4644
2026-08-08T09:09:58Z,Digitizer_run2126_subrun35.csv,53,False,,,4.79,-0.5832
2026-08-08T09:09:58Z,Digitizer_run2126_subrun35.csv,54,False,,,4.68,-0.4992
2026-08-08T09:09:58Z,Digitizer_run2126_subrun35.csv,55,False,,,4.93,-0.5368
2026-08-08T09:09:58Z,Digitizer_run2126_subrun35.csv,56,False,,,6.97,-0.5471
2026-08-08T09:09:58Z,Digitizer_run2126_subrun35.csv,57,False,,,4.19,-0.5062
2026-08-08T09:09:58Z,Digitizer_run2126_subrun35.csv,58,True,isolation_forest,,5.7,-0.6677
2026-08-08T09:09:58Z,Digitizer_run2126_subrun35.csv,59,False,,,3.9,-0.5964
2026-08-08T09:09:58Z,Digitizer_run2126_subrun35.csv,60,False,,,5.07,-0.62
2026-08-08T09:09:58Z,Digitizer_run2126_subrun35.csv,61,False,,,3.22,-0.5795
2026-08-08T09:09:58Z,Digitizer_run2126_subrun35.csv,62,False,,,2.89,-0.4623
2026-08-08T09:09:58Z,Digitizer_run2126_subrun35.csv,63,False,,,2.96,-0.4857
2026-08-08T09:09:58Z,Digitizer_run2126_subrun35.csv,64,True,statistical+IF,pulseArea_min_mean;pulseDuriation_max_mean;pulseDuriation_max_std;pulseDuriation_min_mean;pulseDuriation_min_std,16.57,-0.6799
2026-08-08T09:09:58Z,Digitizer_run2126_subrun35.csv,65,True,statistical,pulseArea_min_mean;pulseDuriation_max_mean;pulseDuriation_min_mean,11.77,-0.6324
2026-08-08T09:09:58Z,Digitizer_run2126_subrun35.csv,66,True,statistical,pulseDuriation_max_mean;pulseDuriation_min_mean,9.82,-0.6266
2026-08-08T09:09:58Z,Digitizer_run2126_subrun35.csv,67,True,statistical+IF,pulseDuriation_max_mean,8.52,-0.6401
2026-08-08T09:09:58Z,Digitizer_run2126_subrun35.csv,68,False,,,4.18,-0.6128
2026-08-08T09:09:58Z,Digitizer_run2126_subrun35.csv,69,True,statistical,pulseDuriation_max_mean;pulseDuriation_max_std;pulseDuriation_min_mean;pulseDuriation_min_std,10.04,-0.6047
2026-08-08T09:09:58Z,Digitizer_run2126_subrun35.csv,70,False,,,6.48,-0.593
2026-08-08T09:09:58Z,Digitizer_run2126_subrun35.csv,71,False,,,2.16,-0.453
2026-08-08T09:09:58Z,Digitizer_run2126_subrun35.csv,72,False,,,3.78,-0.5683
2026-08-08T09:09:58Z,Digitizer_run2126_subrun35.csv,73,True,statistical+IF,pulseArea_min_median;pulseDuriation_max_mean;pulseDuriation_min_mean,11.74,-0.6623
2026-08-08T09:09:58Z,Digitizer_run2126_subrun35.csv,74,False,,,4.34,-0.5474
2026-08-08T09:09:58Z,Digitizer_run2126_subrun35.csv,75,False,,,4.16,-0.5361
2026-08-08T09:09:58Z,Digitizer_run2126_subrun35.csv,76,False,,,3.78,-0.4644
2026-08-08T09:09:58Z,Digitizer_run2126_subrun35.csv,77,False,,,2.8,-0.453
2026-08-08T09:09:58Z,Digitizer_run2126_subrun35.csv,78,False,,,4.25,-0.4513
2026-08-08T09:09:58Z,Digitizer_run2126_subrun35.csv,79,False,,,2.35,-0.4594
2026-08-08T09:09:58Z,Digitizer_run2126_subrun35.csv,80,False,,,4.62,-0.5319
2026-08-08T09:09:58Z,Digitizer_run2126_subrun35.csv,81,False,,,4.7,-0.5569
2026-08-08T09:09:58Z,Digitizer_run2126_subrun35.csv,82,False,,,2.83,-0.5095
2026-08-08T09:09:58Z,Digitizer_run2126_subrun35.csv,83,False,,,2.85,-0.4922
2026-08-08T09:09:58Z,Digitizer_run2126_subrun35.csv,84,False,,,4.34,-0.6207
2026-08-08T09:09:58Z,Digitizer_run2126_subrun35.csv,85,False,,,4.25,-0.5982
2026-08-08T09:09:58Z,Digitizer_run2126_subrun35.csv,86,False,,,3.65,-0.4841
2026-08-08T09:09:58Z,Digitizer_run2126_subrun35.csv,87,False,,,3.21,-0.5027
2026-08-08T09:09:58Z,Digitizer_run2126_subrun35.csv,88,False,,,2.99,-0.4797
2026-08-08T09:09:58Z,Digitizer_run2126_subrun35.csv,89,False,,,3.56,-0.569
2026-08-08T09:09:58Z,Digitizer_run2126_subrun35.csv,90,False,,,5.77,-0.5991
2026-08-08T09:09:58Z,Digitizer_run2126_subrun35.csv,91,False,,,5.28,-0.6031
2026-08-08T09:09:58Z,Digitizer_run2126_subrun35.csv,92,False,,,2.97,-0.5316
2026-08-08T09:09:58Z,Digitizer_run2126_subrun35.csv,93,False,,,2.67,-0.4798
2026-08-08T09:09:58Z,Digitizer_run2126_subrun35.csv,94,False,,,7.27,-0.6002
2026-08-08T09:09:58Z,Digitizer_run2126_subrun35.csv,95,True,statistical+IF,pulseArea_min_mean;pulseDuriation_max_mean;pulseDuriation_min_mean,9.84,-0.6565
2026-08-08T09:10:02Z,Digitizer_run2126_subrun36.csv,0,False,,,4.28,-0.5785
2026-08-08T09:10:02Z,Digitizer_run2126_subrun36.csv,1,False,,,3.5,-0.5703
2026-08-08T09:10:02Z,Digitizer_run2126_subrun36.csv,2,False,,,3.74,-0.4623
2026-08-08T09:10:02Z,Digitizer_run2126_subrun36.csv,3,False,,,2.69,-0.4654
2026-08-08T09:10:02Z,Digitizer_run2126_subrun36.csv,4,False,,,1.57,-0.4029
2026-08-08T09:10:02Z,Digitizer_run2126_subrun36.csv,5,False,,,1.91,-0.4733
2026-08-08T09:10:02Z,Digitizer_run2126_subrun36.csv,6,False,,,2.0,-0.4745
2026-08-08T09:10:02Z,Digitizer_run2126_subrun36.csv,7,False,,,2.48,-0.457
2026-08-08T09:10:02Z,Digitizer_run2126_subrun36.csv,8,False,,,2.8,-0.5125
2026-08-08T09:10:02Z,Digitizer_run2126_subrun36.csv,9,False,,,2.58,-0.4574
2026-08-08T09:10:02Z,Digitizer_run2126_subrun36.csv,10,False,,,3.07,-0.4935
2026-08-08T09:10:02Z,Digitizer_run2126_subrun36.csv,11,False,,,2.57,-0.4627
2026-08-08T09:10:02Z,Digitizer_run2126_subrun36.csv,12,False,,,4.75,-0.4854
2026-08-08T09:10:02Z,Digitizer_run2126_subrun36.csv,13,False,,,1.96,-0.4133
2026-08-08T09:10:02Z,Digitizer_run2126_subrun36.csv,14,False,,,2.04,-0.4644
2026-08-08T09:10:02Z,Digitizer_run2126_subrun36.csv,15,True,statistical,nPulses_median,19.7,-0.5266
2026-08-08T09:10:02Z,Digitizer_run2126_subrun36.csv,16,False,,,2.31,-0.4818
2026-08-08T09:10:02Z,Digitizer_run2126_subrun36.csv,17,False,,,2.04,-0.4888
2026-08-08T09:10:02Z,Digitizer_run2126_subrun36.csv,18,False,,,5.58,-0.5121
2026-08-08T09:10:02Z,Digitizer_run2126_subrun36.csv,19,False,,,1.65,-0.4114
2026-08-08T09:10:02Z,Digitizer_run2126_subrun36.csv,20,False,,,1.98,-0.4306
2026-08-08T09:10:02Z,Digitizer_run2126_subrun36.csv,21,False,,,1.51,-0.4012
2026-08-08T09:10:02Z,Digitizer_run2126_subrun36.csv,22,False,,,3.38,-0.4071
2026-08-08T09:10:02Z,Digitizer_run2126_subrun36.csv,23,False,,,2.34,-0.4581
2026-08-08T09:10:02Z,Digitizer_run2126_subrun36.csv,24,False,,,4.53,-0.5766
2026-08-08T09:10:02Z,Digitizer_run2126_subrun36.csv,25,False,,,3.35,-0.4774
2026-08-08T09:10:02Z,Digitizer_run2126_subrun36.csv,26,False,,,2.37,-0.4832
2026-08-08T09:10:02Z,Digitizer_run2126_subrun36.csv,27,False,,,2.56,-0.482
2026-08-08T09:10:02Z,Digitizer_run2126_subrun36.csv,28,False,,,2.09,-0.4635
2026-08-08T09:10:02Z,Digitizer_run2126_subrun36.csv,29,False,,,2.25,-0.469
2026-08-08T09:10:02Z,Digitizer_run2126_subrun36.csv,30,False,,,3.56,-0.5084
2026-08-08T09:10:02Z,Digitizer_run2126_subrun36.csv,31,False,,,3.75,-0.5075
2026-08-08T09:10:02Z,Digitizer_run2126_subrun36.csv,32,False,,,3.13,-0.4523
2026-08-08T09:10:02Z,Digitizer_run2126_subrun36.csv,33,False,,,2.39,-0.4782
2026-08-08T09:10:02Z,Digitizer_run2126_subrun36.csv,34,True,isolation_forest,,4.57,-0.6445
2026-08-08T09:10:02Z,Digitizer_run2126_subrun36.csv,35,False,,,5.07,-0.6343
2026-08-08T09:10:02Z,Digitizer_run2126_subrun36.csv,36,False,,,3.95,-0.5636
2026-08-08T09:10:02Z,Digitizer_run2126_subrun36.csv,37,False,,,3.55,-0.4766
2026-08-08T09:10:02Z,Digitizer_run2126_subrun36.csv,38,False,,,1.96,-0.4425
2026-08-08T09:10:02Z,Digitizer_run2126_subrun36.csv,39,False,,,2.66,-0.46
2026-08-08T09:10:02Z,Digitizer_run2126_subrun36.csv,40,False,,,3.54,-0.513
2026-08-08T09:10:02Z,Digitizer_run2126_subrun36.csv,41,False,,,2.41,-0.4525
2026-08-08T09:10:02Z,Digitizer_run2126_subrun36.csv,42,False,,,7.28,-0.5949
2026-08-08T09:10:02Z,Digitizer_run2126_subrun36.csv,43,False,,,4.68,-0.587
2026-08-08T09:10:02Z,Digitizer_run2126_subrun36.csv,44,False,,,1.06,-0.392
2026-08-08T09:10:02Z,Digitizer_run2126_subrun36.csv,45,True,statistical,nPulses_median,13.96,-0.4854
2026-08-08T09:10:02Z,Digitizer_run2126_subrun36.csv,46,False,,,6.08,-0.6146
2026-08-08T09:10:02Z,Digitizer_run2126_subrun36.csv,47,False,,,6.33,-0.5872
2026-08-08T09:10:02Z,Digitizer_run2126_subrun36.csv,48,False,,,4.19,-0.5539
2026-08-08T09:10:02Z,Digitizer_run2126_subrun36.csv,49,False,,,3.47,-0.537
2026-08-08T09:10:02Z,Digitizer_run2126_subrun36.csv,50,False,,,4.87,-0.593
2026-08-08T09:10:02Z,Digitizer_run2126_subrun36.csv,51,False,,,3.44,-0.4834
2026-08-08T09:10:02Z,Digitizer_run2126_subrun36.csv,52,False,,,3.02,-0.4779
2026-08-08T09:10:02Z,Digitizer_run2126_subrun36.csv,53,False,,,3.19,-0.5264
2026-08-08T09:10:02Z,Digitizer_run2126_subrun36.csv,54,False,,,3.79,-0.5052
2026-08-08T09:10:02Z,Digitizer_run2126_subrun36.csv,55,False,,,1.45,-0.4066
2026-08-08T09:10:02Z,Digitizer_run2126_subrun36.csv,56,False,,,5.53,-0.6225
2026-08-08T09:10:02Z,Digitizer_run2126_subrun36.csv,57,False,,,4.7,-0.5381
2026-08-08T09:10:02Z,Digitizer_run2126_subrun36.csv,58,False,,,4.86,-0.6119
2026-08-08T09:10:02Z,Digitizer_run2126_subrun36.csv,59,True,isolation_forest,,4.77,-0.659
2026-08-08T09:10:02Z,Digitizer_run2126_subrun36.csv,60,False,,,1.38,-0.4236
2026-08-08T09:10:02Z,Digitizer_run2126_subrun36.csv,61,False,,,1.83,-0.4333
2026-08-08T09:10:02Z,Digitizer_run2126_subrun36.csv,62,False,,,6.17,-0.4969
2026-08-08T09:10:02Z,Digitizer_run2126_subrun36.csv,63,False,,,3.28,-0.4852
2026-08-08T09:10:02Z,Digitizer_run2126_subrun36.csv,64,False,,,3.32,-0.4762
2026-08-08T09:10:02Z,Digitizer_run2126_subrun36.csv,65,False,,,4.86,-0.4923
2026-08-08T09:10:02Z,Digitizer_run2126_subrun36.csv,66,False,,,5.3,-0.6155
2026-08-08T09:10:02Z,Digitizer_run2126_subrun36.csv,67,False,,,6.22,-0.5777
2026-08-08T09:10:02Z,Digitizer_run2126_subrun36.csv,68,False,,,2.89,-0.476
2026-08-08T09:10:02Z,Digitizer_run2126_subrun36.csv,69,False,,,3.0,-0.4896
2026-08-08T09:10:02Z,Digitizer_run2126_subrun36.csv,70,False,,,2.16,-0.4558
2026-08-08T09:10:02Z,Digitizer_run2126_subrun36.csv,71,False,,,3.58,-0.5212
2026-08-08T09:10:02Z,Digitizer_run2126_subrun36.csv,72,False,,,2.58,-0.5144
2026-08-08T09:10:02Z,Digitizer_run2126_subrun36.csv,73,False,,,1.85,-0.4503
2026-08-08T09:10:02Z,Digitizer_run2126_subrun36.csv,74,False,,,1.56,-0.4272
2026-08-08T09:10:02Z,Digitizer_run2126_subrun36.csv,75,False,,,2.54,-0.4747
2026-08-08T09:10:02Z,Digitizer_run2126_subrun36.csv,76,False,,,1.23,-0.395
2026-08-08T09:10:02Z,Digitizer_run2126_subrun36.csv,77,False,,,2.6,-0.4842
2026-08-08T09:10:02Z,Digitizer_run2126_subrun36.csv,78,False,,,4.47,-0.5541
2026-08-08T09:10:02Z,Digitizer_run2126_subrun36.csv,79,False,,,4.54,-0.513
2026-08-08T09:10:02Z,Digitizer_run2126_subrun36.csv,80,False,,,2.65,-0.4151
2026-08-08T09:10:02Z,Digitizer_run2126_subrun36.csv,81,False,,,2.39,-0.4585
2026-08-08T09:10:02Z,Digitizer_run2126_subrun36.csv,82,False,,,1.91,-0.4396
2026-08-08T09:10:02Z,Digitizer_run2126_subrun36.csv,83,False,,,3.52,-0.5465
2026-08-08T09:10:02Z,Digitizer_run2126_subrun36.csv,84,False,,,3.71,-0.5149
2026-08-08T09:10:02Z,Digitizer_run2126_subrun36.csv,85,False,,,3.85,-0.53
2026-08-08T09:10:02Z,Digitizer_run2126_subrun36.csv,86,False,,,1.25,-0.3857
2026-08-08T09:10:02Z,Digitizer_run2126_subrun36.csv,87,False,,,2.26,-0.4304
2026-08-08T09:10:02Z,Digitizer_run2126_subrun36.csv,88,False,,,3.71,-0.4996
2026-08-08T09:10:02Z,Digitizer_run2126_subrun36.csv,89,False,,,3.85,-0.5495
2026-08-08T09:10:02Z,Digitizer_run2126_subrun36.csv,90,False,,,5.45,-0.5566
2026-08-08T09:10:02Z,Digitizer_run2126_subrun36.csv,91,True,statistical,nPulses_median,10.98,-0.5475
2026-08-08T09:10:02Z,Digitizer_run2126_subrun36.csv,92,False,,,1.93,-0.4553
2026-08-08T09:10:02Z,Digitizer_run2126_subrun36.csv,93,False,,,5.14,-0.5318
2026-08-08T09:10:02Z,Digitizer_run2126_subrun36.csv,94,False,,,2.8,-0.4645
2026-08-08T09:10:02Z,Digitizer_run2126_subrun36.csv,95,False,,,3.42,-0.4495
2026-08-08T09:10:06Z,Digitizer_run2126_subrun37.csv,0,False,,,4.18,-0.5731
2026-08-08T09:10:06Z,Digitizer_run2126_subrun37.csv,1,False,,,3.33,-0.5145
2026-08-08T09:10:06Z,Digitizer_run2126_subrun37.csv,2,True,statistical,nPulses_median;pulseArea_max_median,10.21,-0.5697
2026-08-08T09:10:06Z,Digitizer_run2126_subrun37.csv,3,True,statistical,pulseArea_max_median,8.64,-0.5439
2026-08-08T09:10:06Z,Digitizer_run2126_subrun37.csv,4,False,,,6.9,-0.4918
2026-08-08T09:10:06Z,Digitizer_run2126_subrun37.csv,5,False,,,2.71,-0.4645
2026-08-08T09:10:06Z,Digitizer_run2126_subrun37.csv,6,False,,,3.47,-0.5473
2026-08-08T09:10:06Z,Digitizer_run2126_subrun37.csv,7,False,,,5.17,-0.5028
2026-08-08T09:10:06Z,Digitizer_run2126_subrun37.csv,8,False,,,3.01,-0.5089
2026-08-08T09:10:06Z,Digitizer_run2126_subrun37.csv,9,False,,,1.74,-0.432
2026-08-08T09:10:06Z,Digitizer_run2126_subrun37.csv,10,False,,,3.62,-0.5175
2026-08-08T09:10:06Z,Digitizer_run2126_subrun37.csv,11,False,,,2.96,-0.5469
2026-08-08T09:10:06Z,Digitizer_run2126_subrun37.csv,12,False,,,6.01,-0.5845
2026-08-08T09:10:06Z,Digitizer_run2126_subrun37.csv,13,False,,,3.55,-0.553
2026-08-08T09:10:06Z,Digitizer_run2126_subrun37.csv,14,False,,,4.96,-0.5718
2026-08-08T09:10:06Z,Digitizer_run2126_subrun37.csv,15,False,,,4.61,-0.574
2026-08-08T09:10:06Z,Digitizer_run2126_subrun37.csv,16,False,,,3.66,-0.4396
2026-08-08T09:10:06Z,Digitizer_run2126_subrun37.csv,17,False,,,3.29,-0.4277
2026-08-08T09:10:06Z,Digitizer_run2126_subrun37.csv,18,False,,,3.37,-0.5291
2026-08-08T09:10:06Z,Digitizer_run2126_subrun37.csv,19,False,,,2.29,-0.5084
2026-08-08T09:10:06Z,Digitizer_run2126_subrun37.csv,20,False,,,3.86,-0.4941
2026-08-08T09:10:06Z,Digitizer_run2126_subrun37.csv,21,False,,,2.52,-0.5087
2026-08-08T09:10:06Z,Digitizer_run2126_subrun37.csv,22,False,,,2.93,-0.5289
2026-08-08T09:10:06Z,Digitizer_run2126_subrun37.csv,23,False,,,4.57,-0.4721
2026-08-08T09:10:06Z,Digitizer_run2126_subrun37.csv,24,False,,,4.6,-0.5955
2026-08-08T09:10:06Z,Digitizer_run2126_subrun37.csv,25,False,,,2.95,-0.4985
2026-08-08T09:10:06Z,Digitizer_run2126_subrun37.csv,26,False,,,5.28,-0.5254
2026-08-08T09:10:06Z,Digitizer_run2126_subrun37.csv,27,False,,,6.79,-0.5639
2026-08-08T09:10:06Z,Digitizer_run2126_subrun37.csv,28,False,,,3.23,-0.4439
2026-08-08T09:10:06Z,Digitizer_run2126_subrun37.csv,29,False,,,5.98,-0.5608
2026-08-08T09:10:06Z,Digitizer_run2126_subrun37.csv,30,False,,,3.37,-0.4186
2026-08-08T09:10:06Z,Digitizer_run2126_subrun37.csv,31,False,,,2.15,-0.3874
2026-08-08T09:10:06Z,Digitizer_run2126_subrun37.csv,32,False,,,3.71,-0.5554
2026-08-08T09:10:06Z,Digitizer_run2126_subrun37.csv,33,False,,,5.2,-0.5407
2026-08-08T09:10:06Z,Digitizer_run2126_subrun37.csv,34,False,,,2.8,-0.4565
2026-08-08T09:10:06Z,Digitizer_run2126_subrun37.csv,35,False,,,2.01,-0.4267
2026-08-08T09:10:06Z,Digitizer_run2126_subrun37.csv,36,False,,,2.18,-0.4513
2026-08-08T09:10:06Z,Digitizer_run2126_subrun37.csv,37,False,,,3.72,-0.5482
2026-08-08T09:10:06Z,Digitizer_run2126_subrun37.csv,38,False,,,3.46,-0.4921
2026-08-08T09:10:06Z,Digitizer_run2126_subrun37.csv,39,False,,,3.71,-0.5316
2026-08-08T09:10:06Z,Digitizer_run2126_subrun37.csv,40,False,,,2.98,-0.5198
2026-08-08T09:10:06Z,Digitizer_run2126_subrun37.csv,41,True,statistical,pulseHeight_min_median;pulseArea_min_median,9.57,-0.6295
2026-08-08T09:10:06Z,Digitizer_run2126_subrun37.csv,42,False,,,3.6,-0.5702
2026-08-08T09:10:06Z,Digitizer_run2126_subrun37.csv,43,True,statistical+IF,pulseHeight_max_median;pulseArea_max_median;pulseArea_min_median,17.48,-0.6606
2026-08-08T09:10:06Z,Digitizer_run2126_subrun37.csv,44,False,,,4.3,-0.5578
2026-08-08T09:10:06Z,Digitizer_run2126_subrun37.csv,45,False,,,3.77,-0.5523
2026-08-08T09:10:06Z,Digitizer_run2126_subrun37.csv,46,False,,,1.41,-0.4059
2026-08-08T09:10:06Z,Digitizer_run2126_subrun37.csv,47,False,,,1.96,-0.4024
2026-08-08T09:10:06Z,Digitizer_run2126_subrun37.csv,48,False,,,2.94,-0.4952
2026-08-08T09:10:06Z,Digitizer_run2126_subrun37.csv,49,False,,,4.19,-0.5652
2026-08-08T09:10:06Z,Digitizer_run2126_subrun37.csv,50,False,,,2.05,-0.4327
2026-08-08T09:10:06Z,Digitizer_run2126_subrun37.csv,51,False,,,4.26,-0.4844
2026-08-08T09:10:06Z,Digitizer_run2126_subrun37.csv,52,False,,,4.86,-0.4815
2026-08-08T09:10:06Z,Digitizer_run2126_subrun37.csv,53,False,,,2.0,-0.4298
2026-08-08T09:10:06Z,Digitizer_run2126_subrun37.csv,54,False,,,6.34,-0.5538
2026-08-08T09:10:06Z,Digitizer_run2126_subrun37.csv,55,False,,,2.43,-0.4667
2026-08-08T09:10:06Z,Digitizer_run2126_subrun37.csv,56,False,,,4.95,-0.6091
2026-08-08T09:10:06Z,Digitizer_run2126_subrun37.csv,57,False,,,6.07,-0.5853
2026-08-08T09:10:06Z,Digitizer_run2126_subrun37.csv,58,False,,,4.5,-0.5901
2026-08-08T09:10:06Z,Digitizer_run2126_subrun37.csv,59,False,,,5.46,-0.5912
2026-08-08T09:10:06Z,Digitizer_run2126_subrun37.csv,60,False,,,4.9,-0.5541
2026-08-08T09:10:06Z,Digitizer_run2126_subrun37.csv,61,False,,,3.32,-0.4701
2026-08-08T09:10:06Z,Digitizer_run2126_subrun37.csv,62,False,,,3.21,-0.4415
2026-08-08T09:10:06Z,Digitizer_run2126_subrun37.csv,63,False,,,4.89,-0.5311
2026-08-08T09:10:06Z,Digitizer_run2126_subrun37.csv,64,False,,,6.7,-0.5441
2026-08-08T09:10:06Z,Digitizer_run2126_subrun37.csv,65,True,statistical,nPulses_median,13.09,-0.5288
2026-08-08T09:10:06Z,Digitizer_run2126_subrun37.csv,66,False,,,2.98,-0.5012
2026-08-08T09:10:06Z,Digitizer_run2126_subrun37.csv,67,False,,,3.24,-0.5113
2026-08-08T09:10:06Z,Digitizer_run2126_subrun37.csv,68,False,,,6.22,-0.5694
2026-08-08T09:10:06Z,Digitizer_run2126_subrun37.csv,69,False,,,3.11,-0.4996
2026-08-08T09:10:06Z,Digitizer_run2126_subrun37.csv,70,False,,,2.53,-0.4392
2026-08-08T09:10:06Z,Digitizer_run2126_subrun37.csv,71,False,,,3.58,-0.5339
2026-08-08T09:10:06Z,Digitizer_run2126_subrun37.csv,72,False,,,3.29,-0.5509
2026-08-08T09:10:06Z,Digitizer_run2126_subrun37.csv,73,False,,,2.31,-0.4592
2026-08-08T09:10:06Z,Digitizer_run2126_subrun37.csv,74,False,,,3.53,-0.4718
2026-08-08T09:10:06Z,Digitizer_run2126_subrun37.csv,75,False,,,2.24,-0.4562
2026-08-08T09:10:06Z,Digitizer_run2126_subrun37.csv,76,False,,,1.46,-0.4184
2026-08-08T09:10:06Z,Digitizer_run2126_subrun37.csv,77,False,,,4.78,-0.4949
2026-08-08T09:10:06Z,Digitizer_run2126_subrun37.csv,78,False,,,3.2,-0.4927
2026-08-08T09:10:06Z,Digitizer_run2126_subrun37.csv,79,False,,,2.14,-0.4181
2026-08-08T09:10:06Z,Digitizer_run2126_subrun37.csv,80,False,,,2.54,-0.415
2026-08-08T09:10:06Z,Digitizer_run2126_subrun37.csv,81,False,,,2.81,-0.4335
2026-08-08T09:10:06Z,Digitizer_run2126_subrun37.csv,82,False,,,7.28,-0.5626
2026-08-08T09:10:06Z,Digitizer_run2126_subrun37.csv,83,False,,,1.86,-0.4186
2026-08-08T09:10:06Z,Digitizer_run2126_subrun37.csv,84,False,,,4.0,-0.6058
2026-08-08T09:10:06Z,Digitizer_run2126_subrun37.csv,85,False,,,4.25,-0.5074
2026-08-08T09:10:06Z,Digitizer_run2126_subrun37.csv,86,False,,,6.66,-0.5868
2026-08-08T09:10:06Z,Digitizer_run2126_subrun37.csv,87,False,,,3.65,-0.5063
2026-08-08T09:10:06Z,Digitizer_run2126_subrun37.csv,88,True,statistical,pulseHeight_max_median,8.13,-0.6226
2026-08-08T09:10:06Z,Digitizer_run2126_subrun37.csv,89,False,,,7.04,-0.5617
2026-08-08T09:10:06Z,Digitizer_run2126_subrun37.csv,90,False,,,2.35,-0.4538
2026-08-08T09:10:06Z,Digitizer_run2126_subrun37.csv,91,False,,,3.56,-0.5651
2026-08-08T09:10:06Z,Digitizer_run2126_subrun37.csv,92,False,,,3.39,-0.5333
2026-08-08T09:10:06Z,Digitizer_run2126_subrun37.csv,93,False,,,2.74,-0.4355
2026-08-08T09:10:06Z,Digitizer_run2126_subrun37.csv,94,False,,,3.14,-0.4856
2026-08-08T09:10:06Z,Digitizer_run2126_subrun37.csv,95,False,,,2.86,-0.4703
2026-08-08T09:10:09Z,Digitizer_run2126_subrun38.csv,0,False,,,2.15,-0.4569
2026-08-08T09:10:09Z,Digitizer_run2126_subrun38.csv,1,False,,,2.42,-0.4597
2026-08-08T09:10:09Z,Digitizer_run2126_subrun38.csv,2,False,,,2.56,-0.4702
2026-08-08T09:10:09Z,Digitizer_run2126_subrun38.csv,3,False,,,1.58,-0.4195
2026-08-08T09:10:09Z,Digitizer_run2126_subrun38.csv,4,False,,,2.79,-0.4926
2026-08-08T09:10:09Z,Digitizer_run2126_subrun38.csv,5,False,,,2.15,-0.4571
2026-08-08T09:10:09Z,Digitizer_run2126_subrun38.csv,6,False,,,2.25,-0.4324
2026-08-08T09:10:09Z,Digitizer_run2126_subrun38.csv,7,False,,,3.7,-0.486
2026-08-08T09:10:09Z,Digitizer_run2126_subrun38.csv,8,False,,,2.45,-0.4723
2026-08-08T09:10:09Z,Digitizer_run2126_subrun38.csv,9,False,,,3.56,-0.4778
2026-08-08T09:10:09Z,Digitizer_run2126_subrun38.csv,10,False,,,3.01,-0.5061
2026-08-08T09:10:09Z,Digitizer_run2126_subrun38.csv,11,False,,,2.5,-0.4567
2026-08-08T09:10:09Z,Digitizer_run2126_subrun38.csv,12,False,,,2.65,-0.4213
2026-08-08T09:10:09Z,Digitizer_run2126_subrun38.csv,13,False,,,1.75,-0.4097
2026-08-08T09:10:09Z,Digitizer_run2126_subrun38.csv,14,False,,,3.13,-0.4603
2026-08-08T09:10:09Z,Digitizer_run2126_subrun38.csv,15,False,,,3.19,-0.4759
2026-08-08T09:10:09Z,Digitizer_run2126_subrun38.csv,16,False,,,3.02,-0.5084
2026-08-08T09:10:09Z,Digitizer_run2126_subrun38.csv,17,False,,,3.02,-0.5347
2026-08-08T09:10:09Z,Digitizer_run2126_subrun38.csv,18,False,,,1.67,-0.4334
2026-08-08T09:10:09Z,Digitizer_run2126_subrun38.csv,19,False,,,2.12,-0.4472
2026-08-08T09:10:09Z,Digitizer_run2126_subrun38.csv,20,False,,,1.21,-0.4101
2026-08-08T09:10:09Z,Digitizer_run2126_subrun38.csv,21,False,,,2.06,-0.4445
2026-08-08T09:10:09Z,Digitizer_run2126_subrun38.csv,22,False,,,1.71,-0.3926
2026-08-08T09:10:09Z,Digitizer_run2126_subrun38.csv,23,False,,,3.09,-0.4664
2026-08-08T09:10:09Z,Digitizer_run2126_subrun38.csv,24,False,,,2.52,-0.4498
2026-08-08T09:10:09Z,Digitizer_run2126_subrun38.csv,25,False,,,3.63,-0.5389
2026-08-08T09:10:09Z,Digitizer_run2126_subrun38.csv,26,False,,,1.78,-0.4215
2026-08-08T09:10:09Z,Digitizer_run2126_subrun38.csv,27,False,,,3.23,-0.5067
2026-08-08T09:10:09Z,Digitizer_run2126_subrun38.csv,28,False,,,1.48,-0.3945
2026-08-08T09:10:09Z,Digitizer_run2126_subrun38.csv,29,False,,,1.82,-0.4263
2026-08-08T09:10:09Z,Digitizer_run2126_subrun38.csv,30,False,,,3.63,-0.5138
2026-08-08T09:10:09Z,Digitizer_run2126_subrun38.csv,31,False,,,2.42,-0.4771
2026-08-08T09:10:09Z,Digitizer_run2126_subrun38.csv,32,False,,,1.98,-0.4371
2026-08-08T09:10:09Z,Digitizer_run2126_subrun38.csv,33,False,,,2.51,-0.4466
2026-08-08T09:10:09Z,Digitizer_run2126_subrun38.csv,34,False,,,5.86,-0.5851
2026-08-08T09:10:09Z,Digitizer_run2126_subrun38.csv,35,False,,,7.73,-0.6113
2026-08-08T09:10:09Z,Digitizer_run2126_subrun38.csv,36,False,,,1.96,-0.4447
2026-08-08T09:10:09Z,Digitizer_run2126_subrun38.csv,37,False,,,2.0,-0.4427
2026-08-08T09:10:09Z,Digitizer_run2126_subrun38.csv,38,False,,,5.52,-0.5256
2026-08-08T09:10:09Z,Digitizer_run2126_subrun38.csv,39,False,,,5.84,-0.6044
2026-08-08T09:10:09Z,Digitizer_run2126_subrun38.csv,40,False,,,3.2,-0.4619
2026-08-08T09:10:09Z,Digitizer_run2126_subrun38.csv,41,False,,,2.47,-0.4682
2026-08-08T09:10:09Z,Digitizer_run2126_subrun38.csv,42,False,,,2.79,-0.4279
2026-08-08T09:10:09Z,Digitizer_run2126_subrun38.csv,43,False,,,2.76,-0.4625
2026-08-08T09:10:09Z,Digitizer_run2126_subrun38.csv,44,False,,,4.98,-0.5442
2026-08-08T09:10:09Z,Digitizer_run2126_subrun38.csv,45,False,,,3.52,-0.5398
2026-08-08T09:10:09Z,Digitizer_run2126_subrun38.csv,46,False,,,2.79,-0.4407
2026-08-08T09:10:09Z,Digitizer_run2126_subrun38.csv,47,False,,,1.99,-0.4128
2026-08-08T09:10:09Z,Digitizer_run2126_subrun38.csv,48,False,,,2.6,-0.4279
2026-08-08T09:10:09Z,Digitizer_run2126_subrun38.csv,49,False,,,4.02,-0.4665
2026-08-08T09:10:09Z,Digitizer_run2126_subrun38.csv,50,False,,,1.68,-0.433
2026-08-08T09:10:09Z,Digitizer_run2126_subrun38.csv,51,False,,,1.76,-0.4424
2026-08-08T09:10:09Z,Digitizer_run2126_subrun38.csv,52,False,,,2.38,-0.5006
2026-08-08T09:10:09Z,Digitizer_run2126_subrun38.csv,53,False,,,3.65,-0.5589
2026-08-08T09:10:09Z,Digitizer_run2126_subrun38.csv,54,True,statistical,pulseArea_min_median;pulseDuriation_min_median,12.31,-0.5862
2026-08-08T09:10:09Z,Digitizer_run2126_subrun38.csv,55,False,,,2.76,-0.4836
2026-08-08T09:10:09Z,Digitizer_run2126_subrun38.csv,56,False,,,4.34,-0.5375
2026-08-08T09:10:09Z,Digitizer_run2126_subrun38.csv,57,False,,,1.73,-0.3944
2026-08-08T09:10:09Z,Digitizer_run2126_subrun38.csv,58,False,,,2.26,-0.4498
2026-08-08T09:10:09Z,Digitizer_run2126_subrun38.csv,59,False,,,2.65,-0.4595
2026-08-08T09:10:09Z,Digitizer_run2126_subrun38.csv,60,False,,,2.4,-0.4928
2026-08-08T09:10:09Z,Digitizer_run2126_subrun38.csv,61,False,,,2.47,-0.4759
2026-08-08T09:10:09Z,Digitizer_run2126_subrun38.csv,62,False,,,3.27,-0.4871
2026-08-08T09:10:09Z,Digitizer_run2126_subrun38.csv,63,False,,,1.68,-0.4406
2026-08-08T09:10:09Z,Digitizer_run2126_subrun38.csv,64,False,,,5.91,-0.5735
2026-08-08T09:10:09Z,Digitizer_run2126_subrun38.csv,65,False,,,4.29,-0.5198
2026-08-08T09:10:09Z,Digitizer_run2126_subrun38.csv,66,False,,,2.37,-0.4252
2026-08-08T09:10:09Z,Digitizer_run2126_subrun38.csv,67,False,,,2.56,-0.4565
2026-08-08T09:10:09Z,Digitizer_run2126_subrun38.csv,68,False,,,2.45,-0.4697
2026-08-08T09:10:09Z,Digitizer_run2126_subrun38.csv,69,False,,,2.89,-0.4967
2026-08-08T09:10:09Z,Digitizer_run2126_subrun38.csv,70,False,,,5.87,-0.4898
2026-08-08T09:10:09Z,Digitizer_run2126_subrun38.csv,71,False,,,3.58,-0.5288
2026-08-08T09:10:09Z,Digitizer_run2126_subrun38.csv,72,False,,,2.14,-0.4859
2026-08-08T09:10:09Z,Digitizer_run2126_subrun38.csv,73,False,,,2.04,-0.4629
2026-08-08T09:10:09Z,Digitizer_run2126_subrun38.csv,74,False,,,3.85,-0.5398
2026-08-08T09:10:09Z,Digitizer_run2126_subrun38.csv,75,False,,,2.78,-0.4725
2026-08-08T09:10:09Z,Digitizer_run2126_subrun38.csv,76,False,,,2.37,-0.4423
2026-08-08T09:10:09Z,Digitizer_run2126_subrun38.csv,77,False,,,2.79,-0.5016
2026-08-08T09:10:09Z,Digitizer_run2126_subrun38.csv,78,False,,,2.2,-0.4287
2026-08-08T09:10:09Z,Digitizer_run2126_subrun38.csv,79,False,,,1.87,-0.4189
2026-08-08T09:10:09Z,Digitizer_run2126_subrun38.csv,80,False,,,2.25,-0.4937
2026-08-08T09:10:09Z,Digitizer_run2126_subrun38.csv,81,False,,,2.0,-0.457
2026-08-08T09:10:09Z,Digitizer_run2126_subrun38.csv,82,False,,,2.55,-0.4825
2026-08-08T09:10:09Z,Digitizer_run2126_subrun38.csv,83,False,,,3.66,-0.544
2026-08-08T09:10:09Z,Digitizer_run2126_subrun38.csv,84,False,,,1.66,-0.4318
2026-08-08T09:10:09Z,Digitizer_run2126_subrun38.csv,85,False,,,2.16,-0.4372
2026-08-08T09:10:09Z,Digitizer_run2126_subrun38.csv,86,False,,,2.41,-0.4316
2026-08-08T09:10:09Z,Digitizer_run2126_subrun38.csv,87,False,,,2.6,-0.4289
2026-08-08T09:10:09Z,Digitizer_run2126_subrun38.csv,88,False,,,5.45,-0.5414
2026-08-08T09:10:09Z,Digitizer_run2126_subrun38.csv,89,False,,,1.73,-0.4362
2026-08-08T09:10:09Z,Digitizer_run2126_subrun38.csv,90,False,,,3.38,-0.5346
2026-08-08T09:10:09Z,Digitizer_run2126_subrun38.csv,91,False,,,3.8,-0.5135
2026-08-08T09:10:09Z,Digitizer_run2126_subrun38.csv,92,False,,,2.41,-0.434
2026-08-08T09:10:09Z,Digitizer_run2126_subrun38.csv,93,False,,,2.1,-0.4384
2026-08-08T09:10:09Z,Digitizer_run2126_subrun38.csv,94,False,,,4.32,-0.5255
2026-08-08T09:10:09Z,Digitizer_run2126_subrun38.csv,95,False,,,2.52,-0.4812
2026-08-08T09:10:13Z,Digitizer_run2126_subrun39.csv,0,False,,,2.95,-0.5023
2026-08-08T09:10:13Z,Digitizer_run2126_subrun39.csv,1,False,,,2.54,-0.4664
2026-08-08T09:10:13Z,Digitizer_run2126_subrun39.csv,2,False,,,1.91,-0.4329
2026-08-08T09:10:13Z,Digitizer_run2126_subrun39.csv,3,False,,,2.5,-0.4389
2026-08-08T09:10:13Z,Digitizer_run2126_subrun39.csv,4,False,,,2.38,-0.4565
2026-08-08T09:10:13Z,Digitizer_run2126_subrun39.csv,5,False,,,2.28,-0.4671
2026-08-08T09:10:13Z,Digitizer_run2126_subrun39.csv,6,False,,,1.37,-0.4182
2026-08-08T09:10:13Z,Digitizer_run2126_subrun39.csv,7,False,,,1.63,-0.4403
2026-08-08T09:10:13Z,Digitizer_run2126_subrun39.csv,8,False,,,2.74,-0.4714
2026-08-08T09:10:13Z,Digitizer_run2126_subrun39.csv,9,False,,,2.54,-0.4466
2026-08-08T09:10:13Z,Digitizer_run2126_subrun39.csv,10,False,,,2.53,-0.4891
2026-08-08T09:10:13Z,Digitizer_run2126_subrun39.csv,11,False,,,2.2,-0.4998
2026-08-08T09:10:13Z,Digitizer_run2126_subrun39.csv,12,False,,,3.48,-0.533
2026-08-08T09:10:13Z,Digitizer_run2126_subrun39.csv,13,False,,,2.88,-0.4662
2026-08-08T09:10:13Z,Digitizer_run2126_subrun39.csv,14,False,,,1.41,-0.4192
2026-08-08T09:10:13Z,Digitizer_run2126_subrun39.csv,15,False,,,1.56,-0.4035
2026-08-08T09:10:13Z,Digitizer_run2126_subrun39.csv,16,False,,,1.8,-0.4239
2026-08-08T09:10:13Z,Digitizer_run2126_subrun39.csv,17,False,,,3.08,-0.4715
2026-08-08T09:10:13Z,Digitizer_run2126_subrun39.csv,18,False,,,3.73,-0.574
2026-08-08T09:10:13Z,Digitizer_run2126_subrun39.csv,19,False,,,2.35,-0.4616
2026-08-08T09:10:13Z,Digitizer_run2126_subrun39.csv,20,False,,,3.5,-0.5047
2026-08-08T09:10:13Z,Digitizer_run2126_subrun39.csv,21,False,,,3.47,-0.486
2026-08-08T09:10:13Z,Digitizer_run2126_subrun39.csv,22,False,,,1.91,-0.4116
2026-08-08T09:10:13Z,Digitizer_run2126_subrun39.csv,23,False,,,2.56,-0.4439
2026-08-08T09:10:13Z,Digitizer_run2126_subrun39.csv,24,False,,,2.78,-0.4267
2026-08-08T09:10:13Z,Digitizer_run2126_subrun39.csv,25,False,,,1.21,-0.4016
2026-08-08T09:10:13Z,Digitizer_run2126_subrun39.csv,26,False,,,3.09,-0.5372
2026-08-08T09:10:13Z,Digitizer_run2126_subrun39.csv,27,False,,,4.26,-0.5754
2026-08-08T09:10:13Z,Digitizer_run2126_subrun39.csv,28,False,,,2.47,-0.4333
2026-08-08T09:10:13Z,Digitizer_run2126_subrun39.csv,29,False,,,2.35,-0.4326
2026-08-08T09:10:13Z,Digitizer_run2126_subrun39.csv,30,False,,,1.89,-0.4341
2026-08-08T09:10:13Z,Digitizer_run2126_subrun39.csv,31,False,,,2.19,-0.415
2026-08-08T09:10:13Z,Digitizer_run2126_subrun39.csv,32,False,,,2.13,-0.4714
2026-08-08T09:10:13Z,Digitizer_run2126_subrun39.csv,33,False,,,2.38,-0.4641
2026-08-08T09:10:13Z,Digitizer_run2126_subrun39.csv,34,False,,,1.71,-0.3907
2026-08-08T09:10:13Z,Digitizer_run2126_subrun39.csv,35,False,,,1.41,-0.4074
2026-08-08T09:10:13Z,Digitizer_run2126_subrun39.csv,36,False,,,1.58,-0.4298
2026-08-08T09:10:13Z,Digitizer_run2126_subrun39.csv,37,False,,,1.16,-0.3971
2026-08-08T09:10:13Z,Digitizer_run2126_subrun39.csv,38,False,,,1.85,-0.459
2026-08-08T09:10:13Z,Digitizer_run2126_subrun39.csv,39,False,,,1.99,-0.3982
2026-08-08T09:10:13Z,Digitizer_run2126_subrun39.csv,40,False,,,3.32,-0.4645
2026-08-08T09:10:13Z,Digitizer_run2126_subrun39.csv,41,False,,,2.22,-0.4681
2026-08-08T09:10:13Z,Digitizer_run2126_subrun39.csv,42,False,,,2.41,-0.48
2026-08-08T09:10:13Z,Digitizer_run2126_subrun39.csv,43,False,,,1.54,-0.4103
2026-08-08T09:10:13Z,Digitizer_run2126_subrun39.csv,44,False,,,3.95,-0.4649
2026-08-08T09:10:13Z,Digitizer_run2126_subrun39.csv,45,False,,,2.29,-0.4346
2026-08-08T09:10:13Z,Digitizer_run2126_subrun39.csv,46,False,,,3.16,-0.4691
2026-08-08T09:10:13Z,Digitizer_run2126_subrun39.csv,47,False,,,2.37,-0.4606
2026-08-08T09:10:13Z,Digitizer_run2126_subrun39.csv,48,False,,,2.1,-0.4608
2026-08-08T09:10:13Z,Digitizer_run2126_subrun39.csv,49,False,,,1.82,-0.4094
2026-08-08T09:10:13Z,Digitizer_run2126_subrun39.csv,50,False,,,2.69,-0.5189
2026-08-08T09:10:13Z,Digitizer_run2126_subrun39.csv,51,False,,,4.2,-0.5386
2026-08-08T09:10:13Z,Digitizer_run2126_subrun39.csv,52,False,,,3.47,-0.4806
2026-08-08T09:10:13Z,Digitizer_run2126_subrun39.csv,53,False,,,4.08,-0.5316
2026-08-08T09:10:13Z,Digitizer_run2126_subrun39.csv,54,False,,,3.7,-0.5135
2026-08-08T09:10:13Z,Digitizer_run2126_subrun39.csv,55,False,,,3.73,-0.5383
2026-08-08T09:10:13Z,Digitizer_run2126_subrun39.csv,56,False,,,2.62,-0.46
2026-08-08T09:10:13Z,Digitizer_run2126_subrun39.csv,57,False,,,1.92,-0.4088
2026-08-08T09:10:13Z,Digitizer_run2126_subrun39.csv,58,False,,,2.68,-0.485
2026-08-08T09:10:13Z,Digitizer_run2126_subrun39.csv,59,False,,,1.98,-0.4529
2026-08-08T09:10:13Z,Digitizer_run2126_subrun39.csv,60,False,,,2.52,-0.482
2026-08-08T09:10:13Z,Digitizer_run2126_subrun39.csv,61,False,,,1.93,-0.4599
2026-08-08T09:10:13Z,Digitizer_run2126_subrun39.csv,62,False,,,6.05,-0.5423
2026-08-08T09:10:13Z,Digitizer_run2126_subrun39.csv,63,False,,,3.51,-0.4795
2026-08-08T09:10:13Z,Digitizer_run2126_subrun39.csv,64,False,,,2.33,-0.4703
2026-08-08T09:10:13Z,Digitizer_run2126_subrun39.csv,65,False,,,2.07,-0.4306
2026-08-08T09:10:13Z,Digitizer_run2126_subrun39.csv,66,False,,,2.81,-0.4576
2026-08-08T09:10:13Z,Digitizer_run2126_subrun39.csv,67,False,,,1.55,-0.3976
2026-08-08T09:10:13Z,Digitizer_run2126_subrun39.csv,68,False,,,2.65,-0.4638
2026-08-08T09:10:13Z,Digitizer_run2126_subrun39.csv,69,False,,,2.3,-0.4333
2026-08-08T09:10:13Z,Digitizer_run2126_subrun39.csv,70,False,,,2.6,-0.4515
2026-08-08T09:10:13Z,Digitizer_run2126_subrun39.csv,71,False,,,3.58,-0.5102
2026-08-08T09:10:13Z,Digitizer_run2126_subrun39.csv,72,False,,,4.06,-0.5795
2026-08-08T09:10:13Z,Digitizer_run2126_subrun39.csv,73,False,,,3.52,-0.4924
2026-08-08T09:10:13Z,Digitizer_run2126_subrun39.csv,74,False,,,2.69,-0.4143
2026-08-08T09:10:13Z,Digitizer_run2126_subrun39.csv,75,False,,,3.32,-0.397
2026-08-08T09:10:13Z,Digitizer_run2126_subrun39.csv,76,False,,,2.35,-0.4819
2026-08-08T09:10:13Z,Digitizer_run2126_subrun39.csv,77,False,,,2.29,-0.4644
2026-08-08T09:10:13Z,Digitizer_run2126_subrun39.csv,78,False,,,5.9,-0.543
2026-08-08T09:10:13Z,Digitizer_run2126_subrun39.csv,79,False,,,2.64,-0.486
2026-08-08T09:10:13Z,Digitizer_run2126_subrun39.csv,80,False,,,3.48,-0.4791
2026-08-08T09:10:13Z,Digitizer_run2126_subrun39.csv,81,False,,,3.81,-0.5279
2026-08-08T09:10:13Z,Digitizer_run2126_subrun39.csv,82,False,,,3.51,-0.4771
2026-08-08T09:10:13Z,Digitizer_run2126_subrun39.csv,83,False,,,2.84,-0.4178
2026-08-08T09:10:13Z,Digitizer_run2126_subrun39.csv,84,False,,,1.87,-0.4382
2026-08-08T09:10:13Z,Digitizer_run2126_subrun39.csv,85,False,,,3.0,-0.4136
2026-08-08T09:10:13Z,Digitizer_run2126_subrun39.csv,86,False,,,2.88,-0.4328
2026-08-08T09:10:13Z,Digitizer_run2126_subrun39.csv,87,False,,,2.95,-0.4283
2026-08-08T09:10:13Z,Digitizer_run2126_subrun39.csv,88,False,,,2.09,-0.4162
2026-08-08T09:10:13Z,Digitizer_run2126_subrun39.csv,89,False,,,2.78,-0.4739
2026-08-08T09:10:13Z,Digitizer_run2126_subrun39.csv,90,False,,,2.87,-0.4944
2026-08-08T09:10:13Z,Digitizer_run2126_subrun39.csv,91,False,,,3.04,-0.516
2026-08-08T09:10:13Z,Digitizer_run2126_subrun39.csv,92,False,,,2.08,-0.4285
2026-08-08T09:10:13Z,Digitizer_run2126_subrun39.csv,93,False,,,1.13,-0.3994
2026-08-08T09:10:13Z,Digitizer_run2126_subrun39.csv,94,False,,,4.11,-0.4994
2026-08-08T09:10:13Z,Digitizer_run2126_subrun39.csv,95,False,,,2.75,-0.5051
2026-08-08T09:10:16Z,Digitizer_run2126_subrun40.csv,0,False,,,3.14,-0.5325
2026-08-08T09:10:16Z,Digitizer_run2126_subrun40.csv,1,False,,,3.22,-0.503
2026-08-08T09:10:16Z,Digitizer_run2126_subrun40.csv,2,False,,,4.08,-0.5589
2026-08-08T09:10:16Z,Digitizer_run2126_subrun40.csv,3,False,,,3.39,-0.4994
2026-08-08T09:10:16Z,Digitizer_run2126_subrun40.csv,4,False,,,2.94,-0.5124
2026-08-08T09:10:16Z,Digitizer_run2126_subrun40.csv,5,False,,,3.51,-0.5075
2026-08-08T09:10:16Z,Digitizer_run2126_subrun40.csv,6,False,,,4.91,-0.544
2026-08-08T09:10:16Z,Digitizer_run2126_subrun40.csv,7,False,,,5.26,-0.5596
2026-08-08T09:10:16Z,Digitizer_run2126_subrun40.csv,8,False,,,2.39,-0.4843
2026-08-08T09:10:16Z,Digitizer_run2126_subrun40.csv,9,False,,,1.65,-0.4044
2026-08-08T09:10:16Z,Digitizer_run2126_subrun40.csv,10,False,,,2.27,-0.4629
2026-08-08T09:10:16Z,Digitizer_run2126_subrun40.csv,11,False,,,1.63,-0.4214
2026-08-08T09:10:16Z,Digitizer_run2126_subrun40.csv,12,False,,,3.91,-0.575
2026-08-08T09:10:16Z,Digitizer_run2126_subrun40.csv,13,False,,,3.79,-0.5599
2026-08-08T09:10:16Z,Digitizer_run2126_subrun40.csv,14,False,,,4.64,-0.5593
2026-08-08T09:10:16Z,Digitizer_run2126_subrun40.csv,15,False,,,3.79,-0.4939
2026-08-08T09:10:16Z,Digitizer_run2126_subrun40.csv,16,False,,,1.81,-0.4401
2026-08-08T09:10:16Z,Digitizer_run2126_subrun40.csv,17,False,,,2.27,-0.4747
2026-08-08T09:10:16Z,Digitizer_run2126_subrun40.csv,18,False,,,1.19,-0.3985
2026-08-08T09:10:16Z,Digitizer_run2126_subrun40.csv,19,False,,,1.79,-0.4223
2026-08-08T09:10:16Z,Digitizer_run2126_subrun40.csv,20,False,,,2.31,-0.4648
2026-08-08T09:10:16Z,Digitizer_run2126_subrun40.csv,21,False,,,2.28,-0.4449
2026-08-08T09:10:16Z,Digitizer_run2126_subrun40.csv,22,False,,,1.06,-0.3818
2026-08-08T09:10:16Z,Digitizer_run2126_subrun40.csv,23,False,,,1.38,-0.395
2026-08-08T09:10:16Z,Digitizer_run2126_subrun40.csv,24,False,,,3.66,-0.4948
2026-08-08T09:10:16Z,Digitizer_run2126_subrun40.csv,25,False,,,2.95,-0.4496
2026-08-08T09:10:16Z,Digitizer_run2126_subrun40.csv,26,False,,,3.46,-0.5341
2026-08-08T09:10:16Z,Digitizer_run2126_subrun40.csv,27,False,,,3.22,-0.5421
2026-08-08T09:10:16Z,Digitizer_run2126_subrun40.csv,28,False,,,2.04,-0.4449
2026-08-08T09:10:16Z,Digitizer_run2126_subrun40.csv,29,False,,,2.37,-0.4673
2026-08-08T09:10:16Z,Digitizer_run2126_subrun40.csv,30,False,,,2.15,-0.4733
2026-08-08T09:10:16Z,Digitizer_run2126_subrun40.csv,31,False,,,2.5,-0.4196
2026-08-08T09:10:16Z,Digitizer_run2126_subrun40.csv,32,False,,,3.36,-0.4692
2026-08-08T09:10:16Z,Digitizer_run2126_subrun40.csv,33,False,,,2.32,-0.4591
2026-08-08T09:10:16Z,Digitizer_run2126_subrun40.csv,34,False,,,4.2,-0.5131
2026-08-08T09:10:16Z,Digitizer_run2126_subrun40.csv,35,False,,,4.37,-0.5194
2026-08-08T09:10:16Z,Digitizer_run2126_subrun40.csv,36,False,,,3.02,-0.4721
2026-08-08T09:10:16Z,Digitizer_run2126_subrun40.csv,37,False,,,3.1,-0.4771
2026-08-08T09:10:16Z,Digitizer_run2126_subrun40.csv,38,False,,,2.2,-0.4233
2026-08-08T09:10:16Z,Digitizer_run2126_subrun40.csv,39,False,,,1.64,-0.3893
2026-08-08T09:10:16Z,Digitizer_run2126_subrun40.csv,40,False,,,3.49,-0.4712
2026-08-08T09:10:16Z,Digitizer_run2126_subrun40.csv,41,False,,,2.81,-0.5048
2026-08-08T09:10:16Z,Digitizer_run2126_subrun40.csv,42,False,,,5.08,-0.548
2026-08-08T09:10:16Z,Digitizer_run2126_subrun40.csv,43,False,,,4.74,-0.5054
2026-08-08T09:10:16Z,Digitizer_run2126_subrun40.csv,44,False,,,4.28,-0.5289
2026-08-08T09:10:16Z,Digitizer_run2126_subrun40.csv,45,False,,,2.43,-0.4569
2026-08-08T09:10:16Z,Digitizer_run2126_subrun40.csv,46,False,,,1.95,-0.4116
2026-08-08T09:10:16Z,Digitizer_run2126_subrun40.csv,47,False,,,2.52,-0.4684
2026-08-08T09:10:16Z,Digitizer_run2126_subrun40.csv,48,False,,,1.8,-0.465
2026-08-08T09:10:16Z,Digitizer_run2126_subrun40.csv,49,False,,,3.38,-0.5042
2026-08-08T09:10:16Z,Digitizer_run2126_subrun40.csv,50,True,statistical,pulseHeight_max_median;pulseArea_max_median,8.39,-0.5984
2026-08-08T09:10:16Z,Digitizer_run2126_subrun40.csv,51,True,statistical,pulseHeight_max_median;pulseArea_max_median,9.19,-0.6214
2026-08-08T09:10:16Z,Digitizer_run2126_subrun40.csv,52,False,,,3.3,-0.5355
2026-08-08T09:10:16Z,Digitizer_run2126_subrun40.csv,53,False,,,5.75,-0.5343
2026-08-08T09:10:16Z,Digitizer_run2126_subrun40.csv,54,False,,,3.02,-0.4907
2026-08-08T09:10:16Z,Digitizer_run2126_subrun40.csv,55,False,,,2.37,-0.4452
2026-08-08T09:10:16Z,Digitizer_run2126_subrun40.csv,56,False,,,2.99,-0.5096
2026-08-08T09:10:16Z,Digitizer_run2126_subrun40.csv,57,False,,,3.88,-0.5288
2026-08-08T09:10:16Z,Digitizer_run2126_subrun40.csv,58,False,,,2.57,-0.4899
2026-08-08T09:10:16Z,Digitizer_run2126_subrun40.csv,59,False,,,2.65,-0.4924
2026-08-08T09:10:16Z,Digitizer_run2126_subrun40.csv,60,True,statistical,pulseHeight_max_median,8.49,-0.5618
2026-08-08T09:10:16Z,Digitizer_run2126_subrun40.csv,61,False,,,5.11,-0.5275
2026-08-08T09:10:16Z,Digitizer_run2126_subrun40.csv,62,False,,,6.25,-0.6165
2026-08-08T09:10:16Z,Digitizer_run2126_subrun40.csv,63,False,,,4.75,-0.5796
2026-08-08T09:10:16Z,Digitizer_run2126_subrun40.csv,64,False,,,3.09,-0.5209
2026-08-08T09:10:16Z,Digitizer_run2126_subrun40.csv,65,False,,,1.98,-0.417
2026-08-08T09:10:16Z,Digitizer_run2126_subrun40.csv,66,False,,,3.25,-0.4974
2026-08-08T09:10:16Z,Digitizer_run2126_subrun40.csv,67,False,,,6.49,-0.5426
2026-08-08T09:10:16Z,Digitizer_run2126_subrun40.csv,68,False,,,2.39,-0.4669
2026-08-08T09:10:16Z,Digitizer_run2126_subrun40.csv,69,False,,,1.25,-0.3917
2026-08-08T09:10:16Z,Digitizer_run2126_subrun40.csv,70,False,,,4.02,-0.4767
2026-08-08T09:10:16Z,Digitizer_run2126_subrun40.csv,71,False,,,3.58,-0.5397
2026-08-08T09:10:16Z,Digitizer_run2126_subrun40.csv,72,False,,,3.77,-0.5234
2026-08-08T09:10:16Z,Digitizer_run2126_subrun40.csv,73,False,,,1.74,-0.4305
2026-08-08T09:10:16Z,Digitizer_run2126_subrun40.csv,74,False,,,2.14,-0.4265
2026-08-08T09:10:16Z,Digitizer_run2126_subrun40.csv,75,False,,,4.29,-0.5284
2026-08-08T09:10:16Z,Digitizer_run2126_subrun40.csv,76,False,,,1.5,-0.3928
2026-08-08T09:10:16Z,Digitizer_run2126_subrun40.csv,77,False,,,1.93,-0.3963
2026-08-08T09:10:16Z,Digitizer_run2126_subrun40.csv,78,False,,,5.12,-0.5723
2026-08-08T09:10:16Z,Digitizer_run2126_subrun40.csv,79,False,,,2.49,-0.42
2026-08-08T09:10:16Z,Digitizer_run2126_subrun40.csv,80,False,,,2.07,-0.424
2026-08-08T09:10:16Z,Digitizer_run2126_subrun40.csv,81,False,,,2.23,-0.4413
2026-08-08T09:10:16Z,Digitizer_run2126_subrun40.csv,82,False,,,1.91,-0.4509
2026-08-08T09:10:16Z,Digitizer_run2126_subrun40.csv,83,False,,,2.39,-0.4259
2026-08-08T09:10:16Z,Digitizer_run2126_subrun40.csv,84,False,,,3.82,-0.4673
2026-08-08T09:10:16Z,Digitizer_run2126_subrun40.csv,85,False,,,3.79,-0.4867
2026-08-08T09:10:16Z,Digitizer_run2126_subrun40.csv,86,False,,,1.48,-0.405
2026-08-08T09:10:16Z,Digitizer_run2126_subrun40.csv,87,False,,,2.36,-0.445
2026-08-08T09:10:16Z,Digitizer_run2126_subrun40.csv,88,False,,,2.55,-0.487
2026-08-08T09:10:16Z,Digitizer_run2126_subrun40.csv,89,False,,,2.9,-0.4711
2026-08-08T09:10:16Z,Digitizer_run2126_subrun40.csv,90,False,,,1.74,-0.4117
2026-08-08T09:10:16Z,Digitizer_run2126_subrun40.csv,91,False,,,1.13,-0.3878
2026-08-08T09:10:16Z,Digitizer_run2126_subrun40.csv,92,False,,,1.91,-0.4674
2026-08-08T09:10:16Z,Digitizer_run2126_subrun40.csv,93,False,,,2.53,-0.447
2026-08-08T09:10:16Z,Digitizer_run2126_subrun40.csv,94,False,,,2.73,-0.4937
2026-08-08T09:10:16Z,Digitizer_run2126_subrun40.csv,95,False,,,2.1,-0.4475
2026-08-08T09:10:20Z,Digitizer_run2126_subrun41.csv,0,False,,,2.76,-0.4957
2026-08-08T09:10:20Z,Digitizer_run2126_subrun41.csv,1,False,,,6.7,-0.5075
2026-08-08T09:10:20Z,Digitizer_run2126_subrun41.csv,2,False,,,4.37,-0.5562
2026-08-08T09:10:20Z,Digitizer_run2126_subrun41.csv,3,False,,,3.39,-0.5184
2026-08-08T09:10:20Z,Digitizer_run2126_subrun41.csv,4,False,,,6.95,-0.5305
2026-08-08T09:10:20Z,Digitizer_run2126_subrun41.csv,5,False,,,6.55,-0.604
2026-08-08T09:10:20Z,Digitizer_run2126_subrun41.csv,6,False,,,3.25,-0.5709
2026-08-08T09:10:20Z,Digitizer_run2126_subrun41.csv,7,True,statistical,pulseHeight_min_median;pulseArea_min_median,8.69,-0.5424
2026-08-08T09:10:20Z,Digitizer_run2126_subrun41.csv,8,False,,,6.9,-0.5522
2026-08-08T09:10:20Z,Digitizer_run2126_subrun41.csv,9,True,statistical,pulseHeight_min_median,8.04,-0.5705
2026-08-08T09:10:20Z,Digitizer_run2126_subrun41.csv,10,False,,,2.07,-0.4451
2026-08-08T09:10:20Z,Digitizer_run2126_subrun41.csv,11,False,,,3.13,-0.445
2026-08-08T09:10:20Z,Digitizer_run2126_subrun41.csv,12,False,,,7.81,-0.5989
2026-08-08T09:10:20Z,Digitizer_run2126_subrun41.csv,13,False,,,5.9,-0.5458
2026-08-08T09:10:20Z,Digitizer_run2126_subrun41.csv,14,False,,,2.43,-0.492
2026-08-08T09:10:20Z,Digitizer_run2126_subrun41.csv,15,False,,,5.45,-0.6287
2026-08-08T09:10:20Z,Digitizer_run2126_subrun41.csv,16,False,,,2.16,-0.4564
2026-08-08T09:10:20Z,Digitizer_run2126_subrun41.csv,17,False,,,1.91,-0.4169
2026-08-08T09:10:20Z,Digitizer_run2126_subrun41.csv,18,False,,,3.84,-0.432
2026-08-08T09:10:20Z,Digitizer_run2126_subrun41.csv,19,False,,,3.21,-0.416
2026-08-08T09:10:20Z,Digitizer_run2126_subrun41.csv,20,False,,,3.26,-0.4572
2026-08-08T09:10:20Z,Digitizer_run2126_subrun41.csv,21,False,,,2.44,-0.4517
2026-08-08T09:10:20Z,Digitizer_run2126_subrun41.csv,22,False,,,3.17,-0.5252
2026-08-08T09:10:20Z,Digitizer_run2126_subrun41.csv,23,False,,,3.05,-0.4467
2026-08-08T09:10:20Z,Digitizer_run2126_subrun41.csv,24,False,,,3.04,-0.5653
2026-08-08T09:10:20Z,Digitizer_run2126_subrun41.csv,25,False,,,4.99,-0.5783
2026-08-08T09:10:20Z,Digitizer_run2126_subrun41.csv,26,False,,,4.19,-0.5373
2026-08-08T09:10:20Z,Digitizer_run2126_subrun41.csv,27,False,,,2.85,-0.4811
2026-08-08T09:10:20Z,Digitizer_run2126_subrun41.csv,28,False,,,3.63,-0.5053
2026-08-08T09:10:20Z,Digitizer_run2126_subrun41.csv,29,False,,,2.6,-0.4775
2026-08-08T09:10:20Z,Digitizer_run2126_subrun41.csv,30,False,,,2.62,-0.464
2026-08-08T09:10:20Z,Digitizer_run2126_subrun41.csv,31,False,,,1.91,-0.4481
2026-08-08T09:10:20Z,Digitizer_run2126_subrun41.csv,32,False,,,3.07,-0.4804
2026-08-08T09:10:20Z,Digitizer_run2126_subrun41.csv,33,False,,,3.88,-0.5684
2026-08-08T09:10:20Z,Digitizer_run2126_subrun41.csv,34,False,,,3.19,-0.4742
2026-08-08T09:10:20Z,Digitizer_run2126_subrun41.csv,35,False,,,3.21,-0.4616
2026-08-08T09:10:20Z,Digitizer_run2126_subrun41.csv,36,False,,,5.99,-0.556
2026-08-08T09:10:20Z,Digitizer_run2126_subrun41.csv,37,False,,,4.66,-0.5211
2026-08-08T09:10:20Z,Digitizer_run2126_subrun41.csv,38,False,,,4.42,-0.5546
2026-08-08T09:10:20Z,Digitizer_run2126_subrun41.csv,39,False,,,5.83,-0.604
2026-08-08T09:10:20Z,Digitizer_run2126_subrun41.csv,40,False,,,6.77,-0.5835
2026-08-08T09:10:20Z,Digitizer_run2126_subrun41.csv,41,True,statistical+IF,pulseHeight_min_median;pulseArea_min_median;pulseDuriation_min_median,18.76,-0.6519
2026-08-08T09:10:20Z,Digitizer_run2126_subrun41.csv,42,False,,,4.46,-0.4932
2026-08-08T09:10:20Z,Digitizer_run2126_subrun41.csv,43,False,,,5.08,-0.5618
2026-08-08T09:10:20Z,Digitizer_run2126_subrun41.csv,44,True,statistical,pulseHeight_min_median;pulseArea_min_median,9.33,-0.5936
2026-08-08T09:10:20Z,Digitizer_run2126_subrun41.csv,45,False,,,3.36,-0.5015
2026-08-08T09:10:20Z,Digitizer_run2126_subrun41.csv,46,False,,,5.85,-0.5445
2026-08-08T09:10:20Z,Digitizer_run2126_subrun41.csv,47,True,statistical,pulseHeight_min_median,10.96,-0.6065
2026-08-08T09:10:20Z,Digitizer_run2126_subrun41.csv,48,False,,,2.24,-0.4749
2026-08-08T09:10:20Z,Digitizer_run2126_subrun41.csv,49,False,,,2.98,-0.5004
2026-08-08T09:10:20Z,Digitizer_run2126_subrun41.csv,50,True,isolation_forest,,7.59,-0.6587
2026-08-08T09:10:20Z,Digitizer_run2126_subrun41.csv,51,False,,,7.51,-0.625
2026-08-08T09:10:20Z,Digitizer_run2126_subrun41.csv,52,True,statistical,pulseHeight_max_median,9.01,-0.5692
2026-08-08T09:10:20Z,Digitizer_run2126_subrun41.csv,53,True,statistical,pulseHeight_min_median;pulseArea_min_median,19.79,-0.6071
2026-08-08T09:10:20Z,Digitizer_run2126_subrun41.csv,54,False,,,6.01,-0.4446
2026-08-08T09:10:20Z,Digitizer_run2126_subrun41.csv,55,False,,,4.69,-0.535
2026-08-08T09:10:20Z,Digitizer_run2126_subrun41.csv,56,True,statistical,pulseArea_max_median,8.97,-0.5686
2026-08-08T09:10:20Z,Digitizer_run2126_subrun41.csv,57,True,statistical,pulseHeight_max_median,10.21,-0.5385
2026-08-08T09:10:20Z,Digitizer_run2126_subrun41.csv,58,False,,,7.22,-0.5268
2026-08-08T09:10:20Z,Digitizer_run2126_subrun41.csv,59,False,,,6.79,-0.5327
2026-08-08T09:10:20Z,Digitizer_run2126_subrun41.csv,60,False,,,4.54,-0.4679
2026-08-08T09:10:20Z,Digitizer_run2126_subrun41.csv,61,False,,,4.57,-0.4685
2026-08-08T09:10:20Z,Digitizer_run2126_subrun41.csv,62,False,,,4.93,-0.5506
2026-08-08T09:10:20Z,Digitizer_run2126_subrun41.csv,63,False,,,4.42,-0.5037
2026-08-08T09:10:20Z,Digitizer_run2126_subrun41.csv,64,False,,,3.51,-0.5289
2026-08-08T09:10:20Z,Digitizer_run2126_subrun41.csv,65,False,,,2.79,-0.4299
2026-08-08T09:10:20Z,Digitizer_run2126_subrun41.csv,66,False,,,5.21,-0.5023
2026-08-08T09:10:20Z,Digitizer_run2126_subrun41.csv,67,False,,,6.4,-0.5474
2026-08-08T09:10:20Z,Digitizer_run2126_subrun41.csv,68,True,statistical,pulseHeight_max_median;pulseArea_max_median,12.62,-0.6279
2026-08-08T09:10:20Z,Digitizer_run2126_subrun41.csv,69,True,statistical+IF,pulseHeight_max_mean;pulseHeight_max_median;pulseHeight_min_mean;pulseHeight_min_median;pulseArea_max_median;pulseArea_min_median,31.81,-0.6448
2026-08-08T09:10:20Z,Digitizer_run2126_subrun41.csv,70,False,,,3.39,-0.4879
2026-08-08T09:10:20Z,Digitizer_run2126_subrun41.csv,71,False,,,3.45,-0.4764
2026-08-08T09:10:20Z,Digitizer_run2126_subrun41.csv,72,False,,,5.34,-0.5252
2026-08-08T09:10:20Z,Digitizer_run2126_subrun41.csv,73,False,,,4.27,-0.5064
2026-08-08T09:10:20Z,Digitizer_run2126_subrun41.csv,74,False,,,6.07,-0.6136
2026-08-08T09:10:20Z,Digitizer_run2126_subrun41.csv,75,False,,,5.32,-0.5809
2026-08-08T09:10:20Z,Digitizer_run2126_subrun41.csv,76,False,,,5.03,-0.4821
2026-08-08T09:10:20Z,Digitizer_run2126_subrun41.csv,77,False,,,5.42,-0.552
2026-08-08T09:10:20Z,Digitizer_run2126_subrun41.csv,78,False,,,4.78,-0.5045
2026-08-08T09:10:20Z,Digitizer_run2126_subrun41.csv,79,True,statistical,pulseHeight_max_median,8.17,-0.5337
2026-08-08T09:10:20Z,Digitizer_run2126_subrun41.csv,80,False,,,4.6,-0.5484
2026-08-08T09:10:20Z,Digitizer_run2126_subrun41.csv,81,True,statistical,nPulses_median,33.67,-0.6334
2026-08-08T09:10:20Z,Digitizer_run2126_subrun41.csv,82,False,,,2.66,-0.4596
2026-08-08T09:10:20Z,Digitizer_run2126_subrun41.csv,83,False,,,4.03,-0.4759
2026-08-08T09:10:20Z,Digitizer_run2126_subrun41.csv,84,False,,,2.55,-0.501
2026-08-08T09:10:20Z,Digitizer_run2126_subrun41.csv,85,False,,,4.18,-0.5047
2026-08-08T09:10:20Z,Digitizer_run2126_subrun41.csv,86,False,,,6.83,-0.5205
2026-08-08T09:10:20Z,Digitizer_run2126_subrun41.csv,87,False,,,2.84,-0.456
2026-08-08T09:10:20Z,Digitizer_run2126_subrun41.csv,88,True,statistical,pulseHeight_min_mean;pulseHeight_min_median;pulseArea_min_median,16.66,-0.6147
2026-08-08T09:10:20Z,Digitizer_run2126_subrun41.csv,89,True,statistical,nPulses_median,23.8,-0.6083
2026-08-08T09:10:20Z,Digitizer_run2126_subrun41.csv,90,False,,,3.57,-0.5163
2026-08-08T09:10:20Z,Digitizer_run2126_subrun41.csv,91,False,,,5.44,-0.5002
2026-08-08T09:10:20Z,Digitizer_run2126_subrun41.csv,92,False,,,4.48,-0.6007
2026-08-08T09:10:20Z,Digitizer_run2126_subrun41.csv,93,False,,,3.07,-0.488
2026-08-08T09:10:20Z,Digitizer_run2126_subrun41.csv,94,False,,,5.58,-0.5349
2026-08-08T09:10:20Z,Digitizer_run2126_subrun41.csv,95,False,,,7.6,-0.5874
2026-08-08T09:10:25Z,Digitizer_run2126_subrun42.csv,0,False,,,4.71,-0.5338
2026-08-08T09:10:25Z,Digitizer_run2126_subrun42.csv,1,False,,,3.25,-0.504
2026-08-08T09:10:25Z,Digitizer_run2126_subrun42.csv,2,False,,,5.98,-0.5888
2026-08-08T09:10:25Z,Digitizer_run2126_subrun42.csv,3,False,,,3.77,-0.5134
2026-08-08T09:10:25Z,Digitizer_run2126_subrun42.csv,4,False,,,5.88,-0.6104
2026-08-08T09:10:25Z,Digitizer_run2126_subrun42.csv,5,True,isolation_forest,,5.67,-0.6564
2026-08-08T09:10:25Z,Digitizer_run2126_subrun42.csv,6,False,,,4.93,-0.6217
2026-08-08T09:10:25Z,Digitizer_run2126_subrun42.csv,7,False,,,2.97,-0.4733
2026-08-08T09:10:25Z,Digitizer_run2126_subrun42.csv,8,False,,,4.28,-0.5386
2026-08-08T09:10:25Z,Digitizer_run2126_subrun42.csv,9,False,,,5.37,-0.5888
2026-08-08T09:10:25Z,Digitizer_run2126_subrun42.csv,10,True,isolation_forest,,7.04,-0.6551
2026-08-08T09:10:25Z,Digitizer_run2126_subrun42.csv,11,True,statistical+IF,nPulses_median;pulseArea_max_median,10.17,-0.6435
2026-08-08T09:10:25Z,Digitizer_run2126_subrun42.csv,12,True,statistical,nPulses_median,23.32,-0.6105
2026-08-08T09:10:25Z,Digitizer_run2126_subrun42.csv,13,True,isolation_forest,,7.25,-0.648
2026-08-08T09:10:25Z,Digitizer_run2126_subrun42.csv,14,False,,,4.81,-0.5287
2026-08-08T09:10:25Z,Digitizer_run2126_subrun42.csv,15,False,,,4.01,-0.4581
2026-08-08T09:10:25Z,Digitizer_run2126_subrun42.csv,16,False,,,2.64,-0.4544
2026-08-08T09:10:25Z,Digitizer_run2126_subrun42.csv,17,False,,,2.57,-0.4872
2026-08-08T09:10:25Z,Digitizer_run2126_subrun42.csv,18,False,,,2.77,-0.4503
2026-08-08T09:10:25Z,Digitizer_run2126_subrun42.csv,19,False,,,5.02,-0.522
2026-08-08T09:10:25Z,Digitizer_run2126_subrun42.csv,20,False,,,4.83,-0.5004
2026-08-08T09:10:25Z,Digitizer_run2126_subrun42.csv,21,False,,,2.78,-0.4919
2026-08-08T09:10:25Z,Digitizer_run2126_subrun42.csv,22,False,,,3.35,-0.4635
2026-08-08T09:10:25Z,Digitizer_run2126_subrun42.csv,23,False,,,2.86,-0.4656
2026-08-08T09:10:25Z,Digitizer_run2126_subrun42.csv,24,False,,,7.67,-0.5791
2026-08-08T09:10:25Z,Digitizer_run2126_subrun42.csv,25,False,,,4.47,-0.5588
2026-08-08T09:10:25Z,Digitizer_run2126_subrun42.csv,26,False,,,3.16,-0.4702
2026-08-08T09:10:25Z,Digitizer_run2126_subrun42.csv,27,False,,,4.04,-0.4918
2026-08-08T09:10:25Z,Digitizer_run2126_subrun42.csv,28,False,,,5.43,-0.5503
2026-08-08T09:10:25Z,Digitizer_run2126_subrun42.csv,29,False,,,3.07,-0.5127
2026-08-08T09:10:25Z,Digitizer_run2126_subrun42.csv,30,True,statistical,nPulses_median,13.44,-0.5129
2026-08-08T09:10:25Z,Digitizer_run2126_subrun42.csv,31,False,,,2.2,-0.4275
2026-08-08T09:10:25Z,Digitizer_run2126_subrun42.csv,32,False,,,2.82,-0.4757
2026-08-08T09:10:25Z,Digitizer_run2126_subrun42.csv,33,False,,,3.04,-0.5048
2026-08-08T09:10:25Z,Digitizer_run2126_subrun42.csv,34,False,,,7.78,-0.5462
2026-08-08T09:10:25Z,Digitizer_run2126_subrun42.csv,35,False,,,7.51,-0.5844
2026-08-08T09:10:25Z,Digitizer_run2126_subrun42.csv,36,False,,,7.16,-0.5429
2026-08-08T09:10:25Z,Digitizer_run2126_subrun42.csv,37,False,,,4.08,-0.4556
2026-08-08T09:10:25Z,Digitizer_run2126_subrun42.csv,38,True,statistical,pulseHeight_max_median;pulseArea_max_median,9.34,-0.6011
2026-08-08T09:10:25Z,Digitizer_run2126_subrun42.csv,39,False,,,6.04,-0.625
2026-08-08T09:10:25Z,Digitizer_run2126_subrun42.csv,40,False,,,7.2,-0.5321
2026-08-08T09:10:25Z,Digitizer_run2126_subrun42.csv,41,False,,,7.87,-0.5998
2026-08-08T09:10:25Z,Digitizer_run2126_subrun42.csv,42,False,,,4.87,-0.4694
2026-08-08T09:10:25Z,Digitizer_run2126_subrun42.csv,43,False,,,5.15,-0.5589
2026-08-08T09:10:25Z,Digitizer_run2126_subrun42.csv,44,False,,,4.77,-0.5432
2026-08-08T09:10:25Z,Digitizer_run2126_subrun42.csv,45,False,,,4.14,-0.4968
2026-08-08T09:10:25Z,Digitizer_run2126_subrun42.csv,46,True,statistical,pulseHeight_max_median;pulseArea_max_median,14.16,-0.5435
2026-08-08T09:10:25Z,Digitizer_run2126_subrun42.csv,47,True,statistical,nPulses_median;pulseHeight_max_median;pulseArea_max_median,500000.0,-0.6057
2026-08-08T09:10:25Z,Digitizer_run2126_subrun42.csv,48,True,statistical,pulseHeight_min_median;pulseArea_min_median,10.61,-0.5501
2026-08-08T09:10:25Z,Digitizer_run2126_subrun42.csv,49,False,,,3.98,-0.5293
2026-08-08T09:10:25Z,Digitizer_run2126_subrun42.csv,50,False,,,4.67,-0.5605
2026-08-08T09:10:25Z,Digitizer_run2126_subrun42.csv,51,False,,,4.43,-0.4751
2026-08-08T09:10:25Z,Digitizer_run2126_subrun42.csv,52,False,,,6.75,-0.542
2026-08-08T09:10:25Z,Digitizer_run2126_subrun42.csv,53,False,,,4.79,-0.5829
2026-08-08T09:10:25Z,Digitizer_run2126_subrun42.csv,54,True,statistical,pulseHeight_max_median;pulseArea_max_median,14.62,-0.5938
2026-08-08T09:10:25Z,Digitizer_run2126_subrun42.csv,55,False,,,3.65,-0.5474
2026-08-08T09:10:25Z,Digitizer_run2126_subrun42.csv,56,False,,,6.48,-0.5903
2026-08-08T09:10:25Z,Digitizer_run2126_subrun42.csv,57,False,,,4.73,-0.5507
2026-08-08T09:10:25Z,Digitizer_run2126_subrun42.csv,58,False,,,4.8,-0.5407
2026-08-08T09:10:25Z,Digitizer_run2126_subrun42.csv,59,False,,,4.53,-0.5283
2026-08-08T09:10:25Z,Digitizer_run2126_subrun42.csv,60,False,,,5.02,-0.568
2026-08-08T09:10:25Z,Digitizer_run2126_subrun42.csv,61,False,,,3.45,-0.5283
2026-08-08T09:10:25Z,Digitizer_run2126_subrun42.csv,62,True,statistical,pulseDuriation_min_median,8.25,-0.5559
2026-08-08T09:10:25Z,Digitizer_run2126_subrun42.csv,63,False,,,5.95,-0.5207
2026-08-08T09:10:25Z,Digitizer_run2126_subrun42.csv,64,False,,,4.38,-0.4691
2026-08-08T09:10:25Z,Digitizer_run2126_subrun42.csv,65,False,,,6.73,-0.5268
2026-08-08T09:10:25Z,Digitizer_run2126_subrun42.csv,66,False,,,7.9,-0.5305
2026-08-08T09:10:25Z,Digitizer_run2126_subrun42.csv,67,True,statistical,pulseArea_max_median,8.38,-0.572
2026-08-08T09:10:25Z,Digitizer_run2126_subrun42.csv,68,True,statistical,sideband_mean_median,8.35,-0.6214
2026-08-08T09:10:25Z,Digitizer_run2126_subrun42.csv,69,False,,,5.09,-0.5229
2026-08-08T09:10:25Z,Digitizer_run2126_subrun42.csv,70,False,,,3.73,-0.5606
2026-08-08T09:10:25Z,Digitizer_run2126_subrun42.csv,71,False,,,3.58,-0.5514
2026-08-08T09:10:25Z,Digitizer_run2126_subrun42.csv,72,False,,,3.98,-0.5241
2026-08-08T09:10:25Z,Digitizer_run2126_subrun42.csv,73,True,statistical,nPulses_median,45.76,-0.5524
2026-08-08T09:10:25Z,Digitizer_run2126_subrun42.csv,74,False,,,6.25,-0.5374
2026-08-08T09:10:25Z,Digitizer_run2126_subrun42.csv,75,False,,,5.73,-0.5101
2026-08-08T09:10:25Z,Digitizer_run2126_subrun42.csv,76,False,,,6.53,-0.5138
2026-08-08T09:10:25Z,Digitizer_run2126_subrun42.csv,77,False,,,4.78,-0.5362
2026-08-08T09:10:25Z,Digitizer_run2126_subrun42.csv,78,True,isolation_forest,,6.8,-0.6817
2026-08-08T09:10:25Z,Digitizer_run2126_subrun42.csv,79,False,,,6.94,-0.592
2026-08-08T09:10:25Z,Digitizer_run2126_subrun42.csv,80,False,,,4.45,-0.4986
2026-08-08T09:10:25Z,Digitizer_run2126_subrun42.csv,81,False,,,4.54,-0.5551
2026-08-08T09:10:25Z,Digitizer_run2126_subrun42.csv,82,False,,,3.37,-0.4879
2026-08-08T09:10:25Z,Digitizer_run2126_subrun42.csv,83,True,statistical,nPulses_median;pulseHeight_max_median;pulseArea_max_median,27.88,-0.6186
2026-08-08T09:10:25Z,Digitizer_run2126_subrun42.csv,84,False,,,3.9,-0.5741
2026-08-08T09:10:25Z,Digitizer_run2126_subrun42.csv,85,False,,,5.93,-0.5479
2026-08-08T09:10:25Z,Digitizer_run2126_subrun42.csv,86,True,statistical,pulseHeight_max_std,8.79,-0.5669
2026-08-08T09:10:25Z,Digitizer_run2126_subrun42.csv,87,False,,,7.74,-0.54
2026-08-08T09:10:25Z,Digitizer_run2126_subrun42.csv,88,False,,,2.67,-0.4396
2026-08-08T09:10:25Z,Digitizer_run2126_subrun42.csv,89,False,,,2.81,-0.5143
2026-08-08T09:10:25Z,Digitizer_run2126_subrun42.csv,90,False,,,5.0,-0.5912
2026-08-08T09:10:25Z,Digitizer_run2126_subrun42.csv,91,False,,,3.96,-0.568
2026-08-08T09:10:25Z,Digitizer_run2126_subrun42.csv,92,False,,,2.69,-0.4858
2026-08-08T09:10:25Z,Digitizer_run2126_subrun42.csv,93,False,,,2.61,-0.4879
2026-08-08T09:10:25Z,Digitizer_run2126_subrun42.csv,94,False,,,5.4,-0.632
2026-08-08T09:10:25Z,Digitizer_run2126_subrun42.csv,95,True,isolation_forest,,5.6,-0.6424
2026-08-08T09:10:31Z,Digitizer_run2126_subrun43.csv,0,False,,,5.12,-0.5542
2026-08-08T09:10:31Z,Digitizer_run2126_subrun43.csv,1,False,,,5.0,-0.5004
2026-08-08T09:10:31Z,Digitizer_run2126_subrun43.csv,2,False,,,4.1,-0.5762
2026-08-08T09:10:31Z,Digitizer_run2126_subrun43.csv,3,False,,,5.22,-0.5137
2026-08-08T09:10:31Z,Digitizer_run2126_subrun43.csv,4,True,statistical,sideband_rms_mean,11.61,-0.5509
2026-08-08T09:10:31Z,Digitizer_run2126_subrun43.csv,5,True,statistical,sideband_rms_mean,11.42,-0.5963
2026-08-08T09:10:31Z,Digitizer_run2126_subrun43.csv,6,False,,,5.69,-0.5822
2026-08-08T09:10:31Z,Digitizer_run2126_subrun43.csv,7,False,,,5.25,-0.5755
2026-08-08T09:10:31Z,Digitizer_run2126_subrun43.csv,8,False,,,3.47,-0.5383
2026-08-08T09:10:31Z,Digitizer_run2126_subrun43.csv,9,True,statistical,pulseHeight_min_median;pulseArea_min_median,19.97,-0.6143
2026-08-08T09:10:31Z,Digitizer_run2126_subrun43.csv,10,True,statistical,nPulses_median,8.38,-0.6048
2026-08-08T09:10:31Z,Digitizer_run2126_subrun43.csv,11,False,,,5.24,-0.591
2026-08-08T09:10:31Z,Digitizer_run2126_subrun43.csv,12,False,,,3.45,-0.4814
2026-08-08T09:10:31Z,Digitizer_run2126_subrun43.csv,13,False,,,5.35,-0.592
2026-08-08T09:10:31Z,Digitizer_run2126_subrun43.csv,14,False,,,3.8,-0.5559
2026-08-08T09:10:31Z,Digitizer_run2126_subrun43.csv,15,False,,,4.1,-0.6024
2026-08-08T09:10:31Z,Digitizer_run2126_subrun43.csv,16,False,,,3.16,-0.5451
2026-08-08T09:10:31Z,Digitizer_run2126_subrun43.csv,17,False,,,2.51,-0.5135
2026-08-08T09:10:31Z,Digitizer_run2126_subrun43.csv,18,False,,,6.5,-0.5614
2026-08-08T09:10:31Z,Digitizer_run2126_subrun43.csv,19,False,,,3.63,-0.5586
2026-08-08T09:10:31Z,Digitizer_run2126_subrun43.csv,20,False,,,4.58,-0.4989
2026-08-08T09:10:31Z,Digitizer_run2126_subrun43.csv,21,False,,,2.4,-0.428
2026-08-08T09:10:31Z,Digitizer_run2126_subrun43.csv,22,False,,,1.8,-0.43
2026-08-08T09:10:31Z,Digitizer_run2126_subrun43.csv,23,False,,,3.09,-0.5178
2026-08-08T09:10:31Z,Digitizer_run2126_subrun43.csv,24,False,,,2.39,-0.4449
2026-08-08T09:10:31Z,Digitizer_run2126_subrun43.csv,25,False,,,4.5,-0.498
2026-08-08T09:10:31Z,Digitizer_run2126_subrun43.csv,26,False,,,5.79,-0.5614
2026-08-08T09:10:31Z,Digitizer_run2126_subrun43.csv,27,False,,,3.35,-0.4931
2026-08-08T09:10:31Z,Digitizer_run2126_subrun43.csv,28,False,,,3.94,-0.6161
2026-08-08T09:10:31Z,Digitizer_run2126_subrun43.csv,29,False,,,6.22,-0.541
2026-08-08T09:10:31Z,Digitizer_run2126_subrun43.csv,30,False,,,6.2,-0.5818
2026-08-08T09:10:31Z,Digitizer_run2126_subrun43.csv,31,False,,,3.15,-0.4758
2026-08-08T09:10:31Z,Digitizer_run2126_subrun43.csv,32,False,,,5.25,-0.5944
2026-08-08T09:10:31Z,Digitizer_run2126_subrun43.csv,33,False,,,4.67,-0.5589
2026-08-08T09:10:31Z,Digitizer_run2126_subrun43.csv,34,False,,,6.98,-0.6131
2026-08-08T09:10:31Z,Digitizer_run2126_subrun43.csv,35,False,,,6.15,-0.5619
2026-08-08T09:10:31Z,Digitizer_run2126_subrun43.csv,36,True,statistical,pulseHeight_max_std,8.7,-0.6014
2026-08-08T09:10:31Z,Digitizer_run2126_subrun43.csv,37,False,,,6.21,-0.5873
2026-08-08T09:10:31Z,Digitizer_run2126_subrun43.csv,38,False,,,4.23,-0.5396
2026-08-08T09:10:31Z,Digitizer_run2126_subrun43.csv,39,False,,,4.18,-0.5276
2026-08-08T09:10:31Z,Digitizer_run2126_subrun43.csv,40,False,,,3.51,-0.4764
2026-08-08T09:10:31Z,Digitizer_run2126_subrun43.csv,41,False,,,3.84,-0.4638
2026-08-08T09:10:31Z,Digitizer_run2126_subrun43.csv,42,False,,,4.14,-0.497
2026-08-08T09:10:31Z,Digitizer_run2126_subrun43.csv,43,False,,,3.81,-0.4883
2026-08-08T09:10:31Z,Digitizer_run2126_subrun43.csv,44,False,,,5.01,-0.5511
2026-08-08T09:10:31Z,Digitizer_run2126_subrun43.csv,45,False,,,5.22,-0.5732
2026-08-08T09:10:31Z,Digitizer_run2126_subrun43.csv,46,False,,,5.35,-0.5202
2026-08-08T09:10:31Z,Digitizer_run2126_subrun43.csv,47,False,,,6.1,-0.6011
2026-08-08T09:10:31Z,Digitizer_run2126_subrun43.csv,48,False,,,4.81,-0.528
2026-08-08T09:10:31Z,Digitizer_run2126_subrun43.csv,49,True,statistical,pulseArea_min_median,8.18,-0.5854
2026-08-08T09:10:31Z,Digitizer_run2126_subrun43.csv,50,False,,,5.05,-0.6028
2026-08-08T09:10:31Z,Digitizer_run2126_subrun43.csv,51,False,,,7.45,-0.6072
2026-08-08T09:10:31Z,Digitizer_run2126_subrun43.csv,52,False,,,6.58,-0.4724
2026-08-08T09:10:31Z,Digitizer_run2126_subrun43.csv,53,False,,,5.92,-0.573
2026-08-08T09:10:31Z,Digitizer_run2126_subrun43.csv,54,False,,,5.08,-0.5056
2026-08-08T09:10:31Z,Digitizer_run2126_subrun43.csv,55,False,,,2.59,-0.4636
2026-08-08T09:10:31Z,Digitizer_run2126_subrun43.csv,56,False,,,6.31,-0.6275
2026-08-08T09:10:31Z,Digitizer_run2126_subrun43.csv,57,False,,,5.92,-0.6017
2026-08-08T09:10:31Z,Digitizer_run2126_subrun43.csv,58,True,statistical+IF,sideband_mean_mean;sideband_rms_mean,15.15,-0.6437
2026-08-08T09:10:31Z,Digitizer_run2126_subrun43.csv,59,True,statistical,sideband_mean_mean;sideband_rms_mean,19.8,-0.6294
2026-08-08T09:10:31Z,Digitizer_run2126_subrun43.csv,60,False,,,5.98,-0.4505
2026-08-08T09:10:31Z,Digitizer_run2126_subrun43.csv,61,False,,,6.41,-0.5831
2026-08-08T09:10:31Z,Digitizer_run2126_subrun43.csv,62,False,,,3.94,-0.4775
2026-08-08T09:10:31Z,Digitizer_run2126_subrun43.csv,63,False,,,2.4,-0.4647
2026-08-08T09:10:31Z,Digitizer_run2126_subrun43.csv,64,True,statistical,pulseHeight_max_std,11.37,-0.6293
2026-08-08T09:10:31Z,Digitizer_run2126_subrun43.csv,65,True,statistical,pulseHeight_max_std,12.34,-0.6279
2026-08-08T09:10:31Z,Digitizer_run2126_subrun43.csv,66,False,,,5.5,-0.4649
2026-08-08T09:10:31Z,Digitizer_run2126_subrun43.csv,67,False,,,7.24,-0.5431
2026-08-08T09:10:31Z,Digitizer_run2126_subrun43.csv,68,False,,,4.39,-0.545
2026-08-08T09:10:31Z,Digitizer_run2126_subrun43.csv,69,False,,,4.74,-0.5421
2026-08-08T09:10:31Z,Digitizer_run2126_subrun43.csv,70,False,,,4.36,-0.5442
2026-08-08T09:10:31Z,Digitizer_run2126_subrun43.csv,71,False,,,2.79,-0.5273
2026-08-08T09:10:31Z,Digitizer_run2126_subrun43.csv,72,False,,,3.97,-0.5431
2026-08-08T09:10:31Z,Digitizer_run2126_subrun43.csv,73,False,,,6.37,-0.5333
2026-08-08T09:10:31Z,Digitizer_run2126_subrun43.csv,74,False,,,5.02,-0.5259
2026-08-08T09:10:31Z,Digitizer_run2126_subrun43.csv,75,False,,,4.77,-0.5221
2026-08-08T09:10:31Z,Digitizer_run2126_subrun43.csv,76,False,,,2.96,-0.4248
2026-08-08T09:10:31Z,Digitizer_run2126_subrun43.csv,77,False,,,3.24,-0.5344
2026-08-08T09:10:31Z,Digitizer_run2126_subrun43.csv,78,False,,,7.51,-0.5209
2026-08-08T09:10:31Z,Digitizer_run2126_subrun43.csv,79,False,,,3.78,-0.5066
2026-08-08T09:10:31Z,Digitizer_run2126_subrun43.csv,80,False,,,5.58,-0.5099
2026-08-08T09:10:31Z,Digitizer_run2126_subrun43.csv,81,False,,,3.93,-0.4977
2026-08-08T09:10:31Z,Digitizer_run2126_subrun43.csv,82,False,,,2.7,-0.4932
2026-08-08T09:10:31Z,Digitizer_run2126_subrun43.csv,83,False,,,3.56,-0.5071
2026-08-08T09:10:31Z,Digitizer_run2126_subrun43.csv,84,False,,,3.59,-0.5523
2026-08-08T09:10:31Z,Digitizer_run2126_subrun43.csv,85,False,,,4.51,-0.4897
2026-08-08T09:10:31Z,Digitizer_run2126_subrun43.csv,86,False,,,4.27,-0.4972
2026-08-08T09:10:31Z,Digitizer_run2126_subrun43.csv,87,False,,,3.68,-0.4769
2026-08-08T09:10:31Z,Digitizer_run2126_subrun43.csv,88,False,,,4.99,-0.5544
2026-08-08T09:10:31Z,Digitizer_run2126_subrun43.csv,89,False,,,3.93,-0.5324
2026-08-08T09:10:31Z,Digitizer_run2126_subrun43.csv,90,False,,,7.27,-0.5447
2026-08-08T09:10:31Z,Digitizer_run2126_subrun43.csv,91,False,,,7.72,-0.54
2026-08-08T09:10:31Z,Digitizer_run2126_subrun43.csv,92,False,,,4.03,-0.572
2026-08-08T09:10:31Z,Digitizer_run2126_subrun43.csv,93,False,,,3.4,-0.4857
2026-08-08T09:10:31Z,Digitizer_run2126_subrun43.csv,94,True,statistical,sideband_mean_median;pulseHeight_max_std,27.61,-0.6205
2026-08-08T09:10:31Z,Digitizer_run2126_subrun43.csv,95,True,statistical,pulseHeight_max_std,9.6,-0.6329
2026-08-08T09:10:38Z,Digitizer_run2126_subrun44.csv,0,False,,,4.15,-0.5735
2026-08-08T09:10:38Z,Digitizer_run2126_subrun44.csv,1,False,,,5.62,-0.613
2026-08-08T09:10:38Z,Digitizer_run2126_subrun44.csv,2,False,,,5.05,-0.609
2026-08-08T09:10:38Z,Digitizer_run2126_subrun44.csv,3,True,statistical,pulseArea_max_median,8.47,-0.5743
2026-08-08T09:10:38Z,Digitizer_run2126_subrun44.csv,4,False,,,6.18,-0.6293
2026-08-08T09:10:38Z,Digitizer_run2126_subrun44.csv,5,False,,,6.41,-0.6372
2026-08-08T09:10:38Z,Digitizer_run2126_subrun44.csv,6,False,,,3.31,-0.5014
2026-08-08T09:10:38Z,Digitizer_run2126_subrun44.csv,7,False,,,4.66,-0.5161
2026-08-08T09:10:38Z,Digitizer_run2126_subrun44.csv,8,True,statistical,sideband_rms_mean;pulseHeight_max_median;pulseArea_max_median,12.9,-0.625
2026-08-08T09:10:38Z,Digitizer_run2126_subrun44.csv,9,False,,,6.88,-0.532
2026-08-08T09:10:38Z,Digitizer_run2126_subrun44.csv,10,True,statistical,nPulses_median,8.38,-0.5992
2026-08-08T09:10:38Z,Digitizer_run2126_subrun44.csv,11,False,,,3.41,-0.5308
2026-08-08T09:10:38Z,Digitizer_run2126_subrun44.csv,12,False,,,3.23,-0.538
2026-08-08T09:10:38Z,Digitizer_run2126_subrun44.csv,13,False,,,3.14,-0.4713
2026-08-08T09:10:38Z,Digitizer_run2126_subrun44.csv,14,False,,,3.93,-0.5378
2026-08-08T09:10:38Z,Digitizer_run2126_subrun44.csv,15,False,,,5.74,-0.5881
2026-08-08T09:10:38Z,Digitizer_run2126_subrun44.csv,16,False,,,2.77,-0.4583
2026-08-08T09:10:38Z,Digitizer_run2126_subrun44.csv,17,False,,,3.42,-0.4984
2026-08-08T09:10:38Z,Digitizer_run2126_subrun44.csv,18,False,,,2.23,-0.4679
2026-08-08T09:10:38Z,Digitizer_run2126_subrun44.csv,19,False,,,2.29,-0.4782
2026-08-08T09:10:38Z,Digitizer_run2126_subrun44.csv,20,False,,,4.8,-0.6295
2026-08-08T09:10:38Z,Digitizer_run2126_subrun44.csv,21,False,,,3.86,-0.4925
2026-08-08T09:10:38Z,Digitizer_run2126_subrun44.csv,22,False,,,3.02,-0.4434
2026-08-08T09:10:38Z,Digitizer_run2126_subrun44.csv,23,False,,,1.65,-0.4385
2026-08-08T09:10:38Z,Digitizer_run2126_subrun44.csv,24,False,,,3.88,-0.4394
2026-08-08T09:10:38Z,Digitizer_run2126_subrun44.csv,25,False,,,2.87,-0.4544
2026-08-08T09:10:38Z,Digitizer_run2126_subrun44.csv,26,False,,,2.55,-0.434
2026-08-08T09:10:38Z,Digitizer_run2126_subrun44.csv,27,False,,,2.09,-0.4343
2026-08-08T09:10:38Z,Digitizer_run2126_subrun44.csv,28,False,,,3.76,-0.5614
2026-08-08T09:10:38Z,Digitizer_run2126_subrun44.csv,29,False,,,7.04,-0.6196
2026-08-08T09:10:38Z,Digitizer_run2126_subrun44.csv,30,False,,,3.92,-0.5218
2026-08-08T09:10:38Z,Digitizer_run2126_subrun44.csv,31,False,,,4.87,-0.4606
2026-08-08T09:10:38Z,Digitizer_run2126_subrun44.csv,32,False,,,3.0,-0.4965
2026-08-08T09:10:38Z,Digitizer_run2126_subrun44.csv,33,False,,,4.14,-0.515
2026-08-08T09:10:38Z,Digitizer_run2126_subrun44.csv,34,False,,,4.0,-0.5144
2026-08-08T09:10:38Z,Digitizer_run2126_subrun44.csv,35,False,,,3.74,-0.461
2026-08-08T09:10:38Z,Digitizer_run2126_subrun44.csv,36,False,,,2.52,-0.4818
2026-08-08T09:10:38Z,Digitizer_run2126_subrun44.csv,37,False,,,2.79,-0.4654
2026-08-08T09:10:38Z,Digitizer_run2126_subrun44.csv,38,False,,,2.79,-0.4561
2026-08-08T09:10:38Z,Digitizer_run2126_subrun44.csv,39,False,,,2.51,-0.4726
2026-08-08T09:10:38Z,Digitizer_run2126_subrun44.csv,40,False,,,4.74,-0.6227
2026-08-08T09:10:38Z,Digitizer_run2126_subrun44.csv,41,True,statistical,pulseHeight_min_median;pulseArea_min_median,10.16,-0.6286
2026-08-08T09:10:38Z,Digitizer_run2126_subrun44.csv,42,True,isolation_forest,,7.15,-0.6632
2026-08-08T09:10:38Z,Digitizer_run2126_subrun44.csv,43,True,isolation_forest,,5.43,-0.6988
2026-08-08T09:10:38Z,Digitizer_run2126_subrun44.csv,44,False,,,4.08,-0.4319
2026-08-08T09:10:38Z,Digitizer_run2126_subrun44.csv,45,False,,,7.35,-0.4994
2026-08-08T09:10:38Z,Digitizer_run2126_subrun44.csv,46,False,,,4.81,-0.5264
2026-08-08T09:10:38Z,Digitizer_run2126_subrun44.csv,47,False,,,4.4,-0.5902
2026-08-08T09:10:38Z,Digitizer_run2126_subrun44.csv,48,True,isolation_forest,,4.77,-0.6387
2026-08-08T09:10:38Z,Digitizer_run2126_subrun44.csv,49,True,isolation_forest,,4.81,-0.6416
2026-08-08T09:10:38Z,Digitizer_run2126_subrun44.csv,50,False,,,2.34,-0.4653
2026-08-08T09:10:38Z,Digitizer_run2126_subrun44.csv,51,False,,,5.47,-0.5464
2026-08-08T09:10:38Z,Digitizer_run2126_subrun44.csv,52,False,,,4.88,-0.5235
2026-08-08T09:10:38Z,Digitizer_run2126_subrun44.csv,53,False,,,4.55,-0.4823
2026-08-08T09:10:38Z,Digitizer_run2126_subrun44.csv,54,False,,,2.77,-0.4161
2026-08-08T09:10:38Z,Digitizer_run2126_subrun44.csv,55,False,,,2.45,-0.4533
2026-08-08T09:10:38Z,Digitizer_run2126_subrun44.csv,56,False,,,6.45,-0.5091
2026-08-08T09:10:38Z,Digitizer_run2126_subrun44.csv,57,False,,,5.24,-0.5031
2026-08-08T09:10:38Z,Digitizer_run2126_subrun44.csv,58,False,,,5.64,-0.5448
2026-08-08T09:10:38Z,Digitizer_run2126_subrun44.csv,59,False,,,3.24,-0.467
2026-08-08T09:10:38Z,Digitizer_run2126_subrun44.csv,60,True,statistical,pulseHeight_max_median;pulseHeight_min_median;pulseArea_min_median,13.63,-0.617
2026-08-08T09:10:38Z,Digitizer_run2126_subrun44.csv,61,False,,,5.6,-0.5682
2026-08-08T09:10:38Z,Digitizer_run2126_subrun44.csv,62,False,,,4.55,-0.449
2026-08-08T09:10:38Z,Digitizer_run2126_subrun44.csv,63,False,,,3.16,-0.4876
2026-08-08T09:10:38Z,Digitizer_run2126_subrun44.csv,64,False,,,3.92,-0.5352
2026-08-08T09:10:38Z,Digitizer_run2126_subrun44.csv,65,False,,,6.35,-0.5336
2026-08-08T09:10:38Z,Digitizer_run2126_subrun44.csv,66,True,statistical+IF,nPulses_median,21.11,-0.6535
2026-08-08T09:10:38Z,Digitizer_run2126_subrun44.csv,67,False,,,4.56,-0.5874
2026-08-08T09:10:38Z,Digitizer_run2126_subrun44.csv,68,False,,,3.8,-0.5449
2026-08-08T09:10:38Z,Digitizer_run2126_subrun44.csv,69,False,,,4.24,-0.5067
2026-08-08T09:10:38Z,Digitizer_run2126_subrun44.csv,70,False,,,5.9,-0.4995
2026-08-08T09:10:38Z,Digitizer_run2126_subrun44.csv,71,False,,,3.58,-0.5097
2026-08-08T09:10:38Z,Digitizer_run2126_subrun44.csv,72,False,,,3.28,-0.485
2026-08-08T09:10:38Z,Digitizer_run2126_subrun44.csv,73,False,,,3.88,-0.4843
2026-08-08T09:10:38Z,Digitizer_run2126_subrun44.csv,74,False,,,2.99,-0.5092
2026-08-08T09:10:38Z,Digitizer_run2126_subrun44.csv,75,False,,,7.33,-0.5467
2026-08-08T09:10:38Z,Digitizer_run2126_subrun44.csv,76,False,,,3.58,-0.5878
2026-08-08T09:10:38Z,Digitizer_run2126_subrun44.csv,77,True,statistical,sideband_mean_mean,8.5,-0.5965
2026-08-08T09:10:38Z,Digitizer_run2126_subrun44.csv,78,False,,,5.04,-0.5495
2026-08-08T09:10:38Z,Digitizer_run2126_subrun44.csv,79,False,,,3.73,-0.5298
2026-08-08T09:10:38Z,Digitizer_run2126_subrun44.csv,80,False,,,5.36,-0.5402
2026-08-08T09:10:38Z,Digitizer_run2126_subrun44.csv,81,False,,,4.01,-0.5432
2026-08-08T09:10:38Z,Digitizer_run2126_subrun44.csv,82,False,,,3.52,-0.5327
2026-08-08T09:10:38Z,Digitizer_run2126_subrun44.csv,83,False,,,2.91,-0.4826
2026-08-08T09:10:38Z,Digitizer_run2126_subrun44.csv,84,False,,,3.59,-0.5215
2026-08-08T09:10:38Z,Digitizer_run2126_subrun44.csv,85,False,,,5.12,-0.5357
2026-08-08T09:10:38Z,Digitizer_run2126_subrun44.csv,86,False,,,3.24,-0.4595
2026-08-08T09:10:38Z,Digitizer_run2126_subrun44.csv,87,False,,,3.02,-0.4903
2026-08-08T09:10:38Z,Digitizer_run2126_subrun44.csv,88,False,,,3.51,-0.5042
2026-08-08T09:10:38Z,Digitizer_run2126_subrun44.csv,89,False,,,2.4,-0.4775
2026-08-08T09:10:38Z,Digitizer_run2126_subrun44.csv,90,False,,,5.27,-0.4809
2026-08-08T09:10:38Z,Digitizer_run2126_subrun44.csv,91,False,,,4.94,-0.5645
2026-08-08T09:10:38Z,Digitizer_run2126_subrun44.csv,92,False,,,4.53,-0.5888
2026-08-08T09:10:38Z,Digitizer_run2126_subrun44.csv,93,False,,,3.4,-0.5011
2026-08-08T09:10:38Z,Digitizer_run2126_subrun44.csv,94,False,,,7.41,-0.5972
2026-08-08T09:10:38Z,Digitizer_run2126_subrun44.csv,95,False,,,6.11,-0.6013
2026-08-08T09:10:45Z,Digitizer_run2126_subrun45.csv,0,False,,,1.93,-0.4491
2026-08-08T09:10:45Z,Digitizer_run2126_subrun45.csv,1,False,,,2.24,-0.4594
2026-08-08T09:10:45Z,Digitizer_run2126_subrun45.csv,2,False,,,1.64,-0.4455
2026-08-08T09:10:45Z,Digitizer_run2126_subrun45.csv,3,True,statistical,pulseArea_min_median,9.41,-0.5314
2026-08-08T09:10:45Z,Digitizer_run2126_subrun45.csv,4,False,,,4.5,-0.5562
2026-08-08T09:10:45Z,Digitizer_run2126_subrun45.csv,5,False,,,2.34,-0.4524
2026-08-08T09:10:45Z,Digitizer_run2126_subrun45.csv,6,False,,,5.17,-0.5811
2026-08-08T09:10:45Z,Digitizer_run2126_subrun45.csv,7,False,,,4.85,-0.5967
2026-08-08T09:10:45Z,Digitizer_run2126_subrun45.csv,8,False,,,4.04,-0.5284
2026-08-08T09:10:45Z,Digitizer_run2126_subrun45.csv,9,True,statistical,pulseHeight_min_median,10.52,-0.5579
2026-08-08T09:10:45Z,Digitizer_run2126_subrun45.csv,10,False,,,3.24,-0.5202
2026-08-08T09:10:45Z,Digitizer_run2126_subrun45.csv,11,True,statistical+IF,pulseArea_max_median,12.71,-0.6461
2026-08-08T09:10:45Z,Digitizer_run2126_subrun45.csv,12,False,,,2.3,-0.4445
2026-08-08T09:10:45Z,Digitizer_run2126_subrun45.csv,13,False,,,5.54,-0.5075
2026-08-08T09:10:45Z,Digitizer_run2126_subrun45.csv,14,True,isolation_forest,,7.65,-0.6475
2026-08-08T09:10:45Z,Digitizer_run2126_subrun45.csv,15,False,,,7.95,-0.5384
2026-08-08T09:10:45Z,Digitizer_run2126_subrun45.csv,16,False,,,5.3,-0.551
2026-08-08T09:10:45Z,Digitizer_run2126_subrun45.csv,17,False,,,4.64,-0.5093
2026-08-08T09:10:45Z,Digitizer_run2126_subrun45.csv,18,False,,,4.91,-0.5472
2026-08-08T09:10:45Z,Digitizer_run2126_subrun45.csv,19,False,,,2.87,-0.4753
2026-08-08T09:10:45Z,Digitizer_run2126_subrun45.csv,20,False,,,3.47,-0.534
2026-08-08T09:10:45Z,Digitizer_run2126_subrun45.csv,21,False,,,2.52,-0.454
2026-08-08T09:10:45Z,Digitizer_run2126_subrun45.csv,22,False,,,4.78,-0.5205
2026-08-08T09:10:45Z,Digitizer_run2126_subrun45.csv,23,False,,,2.96,-0.4948
2026-08-08T09:10:45Z,Digitizer_run2126_subrun45.csv,24,True,statistical,sideband_mean_mean,9.0,-0.5621
2026-08-08T09:10:45Z,Digitizer_run2126_subrun45.csv,25,False,,,7.7,-0.5416
2026-08-08T09:10:45Z,Digitizer_run2126_subrun45.csv,26,False,,,7.63,-0.5925
2026-08-08T09:10:45Z,Digitizer_run2126_subrun45.csv,27,False,,,2.47,-0.5263
2026-08-08T09:10:45Z,Digitizer_run2126_subrun45.csv,28,False,,,5.89,-0.5748
2026-08-08T09:10:45Z,Digitizer_run2126_subrun45.csv,29,False,,,3.2,-0.5137
2026-08-08T09:10:45Z,Digitizer_run2126_subrun45.csv,30,False,,,3.33,-0.4806
2026-08-08T09:10:45Z,Digitizer_run2126_subrun45.csv,31,False,,,2.59,-0.4474
2026-08-08T09:10:45Z,Digitizer_run2126_subrun45.csv,32,False,,,5.29,-0.5607
2026-08-08T09:10:45Z,Digitizer_run2126_subrun45.csv,33,False,,,3.05,-0.4879
2026-08-08T09:10:45Z,Digitizer_run2126_subrun45.csv,34,False,,,6.23,-0.584
2026-08-08T09:10:45Z,Digitizer_run2126_subrun45.csv,35,False,,,3.59,-0.558
2026-08-08T09:10:45Z,Digitizer_run2126_subrun45.csv,36,False,,,7.16,-0.6049
2026-08-08T09:10:45Z,Digitizer_run2126_subrun45.csv,37,False,,,4.55,-0.5829
2026-08-08T09:10:45Z,Digitizer_run2126_subrun45.csv,38,False,,,4.48,-0.478
2026-08-08T09:10:45Z,Digitizer_run2126_subrun45.csv,39,False,,,1.81,-0.4251
2026-08-08T09:10:45Z,Digitizer_run2126_subrun45.csv,40,False,,,6.16,-0.552
2026-08-08T09:10:45Z,Digitizer_run2126_subrun45.csv,41,False,,,4.48,-0.5782
2026-08-08T09:10:45Z,Digitizer_run2126_subrun45.csv,42,True,statistical,pulseArea_min_mean,9.18,-0.6068
2026-08-08T09:10:45Z,Digitizer_run2126_subrun45.csv,43,True,statistical+IF,pulseHeight_min_median,8.64,-0.6653
2026-08-08T09:10:45Z,Digitizer_run2126_subrun45.csv,44,False,,,5.81,-0.5976
2026-08-08T09:10:45Z,Digitizer_run2126_subrun45.csv,45,False,,,3.99,-0.58
2026-08-08T09:10:45Z,Digitizer_run2126_subrun45.csv,46,False,,,4.51,-0.5586
2026-08-08T09:10:45Z,Digitizer_run2126_subrun45.csv,47,False,,,5.11,-0.5589
2026-08-08T09:10:45Z,Digitizer_run2126_subrun45.csv,48,False,,,2.97,-0.4721
2026-08-08T09:10:45Z,Digitizer_run2126_subrun45.csv,49,False,,,3.28,-0.4829
2026-08-08T09:10:45Z,Digitizer_run2126_subrun45.csv,50,False,,,5.04,-0.5452
2026-08-08T09:10:45Z,Digitizer_run2126_subrun45.csv,51,True,statistical,pulseHeight_max_median;pulseArea_max_median,8.77,-0.6009
2026-08-08T09:10:45Z,Digitizer_run2126_subrun45.csv,52,False,,,7.36,-0.5852
2026-08-08T09:10:45Z,Digitizer_run2126_subrun45.csv,53,True,statistical,pulseHeight_max_median;pulseHeight_min_median;pulseArea_min_median,26.85,-0.6201
2026-08-08T09:10:45Z,Digitizer_run2126_subrun45.csv,54,False,,,3.53,-0.4947
2026-08-08T09:10:45Z,Digitizer_run2126_subrun45.csv,55,False,,,2.08,-0.4552
2026-08-08T09:10:45Z,Digitizer_run2126_subrun45.csv,56,False,,,6.18,-0.5845
2026-08-08T09:10:45Z,Digitizer_run2126_subrun45.csv,57,False,,,4.95,-0.545
2026-08-08T09:10:45Z,Digitizer_run2126_subrun45.csv,58,False,,,4.69,-0.553
2026-08-08T09:10:45Z,Digitizer_run2126_subrun45.csv,59,False,,,5.34,-0.5599
2026-08-08T09:10:45Z,Digitizer_run2126_subrun45.csv,60,True,statistical,pulseHeight_max_median,9.95,-0.5773
2026-08-08T09:10:45Z,Digitizer_run2126_subrun45.csv,61,False,,,5.81,-0.5538
2026-08-08T09:10:45Z,Digitizer_run2126_subrun45.csv,62,False,,,7.29,-0.5276
2026-08-08T09:10:45Z,Digitizer_run2126_subrun45.csv,63,False,,,3.8,-0.4909
2026-08-08T09:10:45Z,Digitizer_run2126_subrun45.csv,64,False,,,6.37,-0.6315
2026-08-08T09:10:45Z,Digitizer_run2126_subrun45.csv,65,False,,,5.18,-0.5202
2026-08-08T09:10:45Z,Digitizer_run2126_subrun45.csv,66,True,statistical,pulseHeight_max_median;pulseArea_max_median,10.95,-0.6003
2026-08-08T09:10:45Z,Digitizer_run2126_subrun45.csv,67,True,statistical+IF,pulseHeight_max_median;pulseArea_max_median;pulseArea_min_mean,12.98,-0.6422
2026-08-08T09:10:45Z,Digitizer_run2126_subrun45.csv,68,False,,,6.1,-0.6238
2026-08-08T09:10:45Z,Digitizer_run2126_subrun45.csv,69,True,statistical,nPulses_median,1000000.0,-0.6087
2026-08-08T09:10:45Z,Digitizer_run2126_subrun45.csv,70,False,,,7.47,-0.5685
2026-08-08T09:10:45Z,Digitizer_run2126_subrun45.csv,71,False,,,3.02,-0.55
2026-08-08T09:10:45Z,Digitizer_run2126_subrun45.csv,72,False,,,2.86,-0.4993
2026-08-08T09:10:45Z,Digitizer_run2126_subrun45.csv,73,False,,,3.04,-0.4531
2026-08-08T09:10:45Z,Digitizer_run2126_subrun45.csv,74,False,,,6.25,-0.5311
2026-08-08T09:10:45Z,Digitizer_run2126_subrun45.csv,75,False,,,4.99,-0.5265
2026-08-08T09:10:45Z,Digitizer_run2126_subrun45.csv,76,False,,,3.3,-0.488
2026-08-08T09:10:45Z,Digitizer_run2126_subrun45.csv,77,False,,,2.74,-0.4749
2026-08-08T09:10:45Z,Digitizer_run2126_subrun45.csv,78,False,,,4.39,-0.5433
2026-08-08T09:10:45Z,Digitizer_run2126_subrun45.csv,79,False,,,3.93,-0.5117
2026-08-08T09:10:45Z,Digitizer_run2126_subrun45.csv,80,False,,,5.49,-0.4847
2026-08-08T09:10:45Z,Digitizer_run2126_subrun45.csv,81,False,,,3.9,-0.4978
2026-08-08T09:10:45Z,Digitizer_run2126_subrun45.csv,82,False,,,2.28,-0.4658
2026-08-08T09:10:45Z,Digitizer_run2126_subrun45.csv,83,False,,,2.75,-0.4937
2026-08-08T09:10:45Z,Digitizer_run2126_subrun45.csv,84,False,,,5.57,-0.5598
2026-08-08T09:10:45Z,Digitizer_run2126_subrun45.csv,85,False,,,4.14,-0.5047
2026-08-08T09:10:45Z,Digitizer_run2126_subrun45.csv,86,False,,,4.6,-0.543
2026-08-08T09:10:45Z,Digitizer_run2126_subrun45.csv,87,False,,,3.87,-0.5094
2026-08-08T09:10:45Z,Digitizer_run2126_subrun45.csv,88,False,,,6.56,-0.5281
2026-08-08T09:10:45Z,Digitizer_run2126_subrun45.csv,89,False,,,4.02,-0.5081
2026-08-08T09:10:45Z,Digitizer_run2126_subrun45.csv,90,True,statistical,nPulses_median,14.61,-0.5982
2026-08-08T09:10:45Z,Digitizer_run2126_subrun45.csv,91,False,,,3.62,-0.5063
2026-08-08T09:10:45Z,Digitizer_run2126_subrun45.csv,92,False,,,4.41,-0.5424
2026-08-08T09:10:45Z,Digitizer_run2126_subrun45.csv,93,False,,,2.13,-0.5048
2026-08-08T09:10:45Z,Digitizer_run2126_subrun45.csv,94,True,statistical+IF,sideband_mean_median;pulseHeight_max_std;pulseDuriation_max_mean;pulseDuriation_max_std;pulseDuriation_min_mean;pulseDuriation_min_std,24.07,-0.6512
2026-08-08T09:10:45Z,Digitizer_run2126_subrun45.csv,95,True,statistical+IF,pulseHeight_max_std;pulseDuriation_max_mean;pulseDuriation_max_std;pulseDuriation_min_mean;pulseDuriation_min_std,13.86,-0.6445
2026-08-08T09:10:51Z,Digitizer_run2126_subrun46.csv,0,False,,,2.0,-0.4331
2026-08-08T09:10:51Z,Digitizer_run2126_subrun46.csv,1,False,,,3.08,-0.435
2026-08-08T09:10:51Z,Digitizer_run2126_subrun46.csv,2,False,,,3.92,-0.5746
2026-08-08T09:10:51Z,Digitizer_run2126_subrun46.csv,3,False,,,6.33,-0.57
2026-08-08T09:10:51Z,Digitizer_run2126_subrun46.csv,4,False,,,2.8,-0.4772
2026-08-08T09:10:51Z,Digitizer_run2126_subrun46.csv,5,False,,,2.21,-0.4513
2026-08-08T09:10:51Z,Digitizer_run2126_subrun46.csv,6,False,,,2.5,-0.4509
2026-08-08T09:10:51Z,Digitizer_run2126_subrun46.csv,7,False,,,4.53,-0.4882
2026-08-08T09:10:51Z,Digitizer_run2126_subrun46.csv,8,False,,,3.03,-0.446
2026-08-08T09:10:51Z,Digitizer_run2126_subrun46.csv,9,False,,,6.02,-0.5696
2026-08-08T09:10:51Z,Digitizer_run2126_subrun46.csv,10,False,,,2.27,-0.4537
2026-08-08T09:10:51Z,Digitizer_run2126_subrun46.csv,11,True,statistical+IF,pulseHeight_min_median;pulseArea_min_median,13.21,-0.6722
2026-08-08T09:10:51Z,Digitizer_run2126_subrun46.csv,12,False,,,5.58,-0.603
2026-08-08T09:10:51Z,Digitizer_run2126_subrun46.csv,13,False,,,6.03,-0.5861
2026-08-08T09:10:51Z,Digitizer_run2126_subrun46.csv,14,False,,,3.44,-0.5336
2026-08-08T09:10:51Z,Digitizer_run2126_subrun46.csv,15,False,,,2.73,-0.477
2026-08-08T09:10:51Z,Digitizer_run2126_subrun46.csv,16,False,,,2.59,-0.4909
2026-08-08T09:10:51Z,Digitizer_run2126_subrun46.csv,17,False,,,2.63,-0.4836
2026-08-08T09:10:51Z,Digitizer_run2126_subrun46.csv,18,False,,,3.86,-0.579
2026-08-08T09:10:51Z,Digitizer_run2126_subrun46.csv,19,False,,,3.33,-0.5482
2026-08-08T09:10:51Z,Digitizer_run2126_subrun46.csv,20,False,,,3.08,-0.475
2026-08-08T09:10:51Z,Digitizer_run2126_subrun46.csv,21,False,,,3.57,-0.4956
2026-08-08T09:10:51Z,Digitizer_run2126_subrun46.csv,22,False,,,2.09,-0.4116
2026-08-08T09:10:51Z,Digitizer_run2126_subrun46.csv,23,False,,,1.83,-0.3852
2026-08-08T09:10:51Z,Digitizer_run2126_subrun46.csv,24,False,,,2.57,-0.4735
2026-08-08T09:10:51Z,Digitizer_run2126_subrun46.csv,25,False,,,2.78,-0.4683
2026-08-08T09:10:51Z,Digitizer_run2126_subrun46.csv,26,False,,,4.48,-0.5278
2026-08-08T09:10:51Z,Digitizer_run2126_subrun46.csv,27,False,,,3.74,-0.4963
2026-08-08T09:10:51Z,Digitizer_run2126_subrun46.csv,28,False,,,5.43,-0.5447
2026-08-08T09:10:51Z,Digitizer_run2126_subrun46.csv,29,False,,,2.79,-0.4495
2026-08-08T09:10:51Z,Digitizer_run2126_subrun46.csv,30,False,,,3.32,-0.507
2026-08-08T09:10:51Z,Digitizer_run2126_subrun46.csv,31,False,,,4.58,-0.5345
2026-08-08T09:10:51Z,Digitizer_run2126_subrun46.csv,32,True,statistical,pulseHeight_min_median,14.47,-0.5812
2026-08-08T09:10:51Z,Digitizer_run2126_subrun46.csv,33,False,,,4.68,-0.5469
2026-08-08T09:10:51Z,Digitizer_run2126_subrun46.csv,34,False,,,5.11,-0.5764
2026-08-08T09:10:51Z,Digitizer_run2126_subrun46.csv,35,False,,,3.75,-0.513
2026-08-08T09:10:51Z,Digitizer_run2126_subrun46.csv,36,True,statistical,sideband_rms_mean,9.54,-0.5622
2026-08-08T09:10:51Z,Digitizer_run2126_subrun46.csv,37,False,,,7.07,-0.5391
2026-08-08T09:10:51Z,Digitizer_run2126_subrun46.csv,38,False,,,5.01,-0.5088
2026-08-08T09:10:51Z,Digitizer_run2126_subrun46.csv,39,False,,,2.69,-0.4731
2026-08-08T09:10:51Z,Digitizer_run2126_subrun46.csv,40,False,,,5.51,-0.5631
2026-08-08T09:10:51Z,Digitizer_run2126_subrun46.csv,41,False,,,3.52,-0.5204
2026-08-08T09:10:51Z,Digitizer_run2126_subrun46.csv,42,False,,,3.43,-0.5057
2026-08-08T09:10:51Z,Digitizer_run2126_subrun46.csv,43,False,,,5.26,-0.5331
2026-08-08T09:10:51Z,Digitizer_run2126_subrun46.csv,44,False,,,4.38,-0.4985
2026-08-08T09:10:51Z,Digitizer_run2126_subrun46.csv,45,False,,,4.03,-0.4886
2026-08-08T09:10:51Z,Digitizer_run2126_subrun46.csv,46,False,,,5.1,-0.5126
2026-08-08T09:10:51Z,Digitizer_run2126_subrun46.csv,47,False,,,4.94,-0.5154
2026-08-08T09:10:51Z,Digitizer_run2126_subrun46.csv,48,False,,,1.94,-0.4482
2026-08-08T09:10:51Z,Digitizer_run2126_subrun46.csv,49,False,,,3.05,-0.4874
2026-08-08T09:10:51Z,Digitizer_run2126_subrun46.csv,50,False,,,6.81,-0.6166
2026-08-08T09:10:51Z,Digitizer_run2126_subrun46.csv,51,False,,,3.02,-0.5249
2026-08-08T09:10:51Z,Digitizer_run2126_subrun46.csv,52,False,,,4.66,-0.4901
2026-08-08T09:10:51Z,Digitizer_run2126_subrun46.csv,53,False,,,3.74,-0.4844
2026-08-08T09:10:51Z,Digitizer_run2126_subrun46.csv,54,False,,,4.35,-0.5153
2026-08-08T09:10:51Z,Digitizer_run2126_subrun46.csv,55,False,,,3.1,-0.4876
2026-08-08T09:10:51Z,Digitizer_run2126_subrun46.csv,56,True,statistical,pulseHeight_min_median,8.48,-0.571
2026-08-08T09:10:51Z,Digitizer_run2126_subrun46.csv,57,False,,,3.97,-0.519
2026-08-08T09:10:51Z,Digitizer_run2126_subrun46.csv,58,False,,,6.29,-0.4935
2026-08-08T09:10:51Z,Digitizer_run2126_subrun46.csv,59,False,,,7.09,-0.5755
2026-08-08T09:10:51Z,Digitizer_run2126_subrun46.csv,60,False,,,5.33,-0.4783
2026-08-08T09:10:51Z,Digitizer_run2126_subrun46.csv,61,False,,,5.62,-0.5165
2026-08-08T09:10:51Z,Digitizer_run2126_subrun46.csv,62,False,,,7.75,-0.5607
2026-08-08T09:10:51Z,Digitizer_run2126_subrun46.csv,63,False,,,3.06,-0.4835
2026-08-08T09:10:51Z,Digitizer_run2126_subrun46.csv,64,True,statistical,sideband_mean_mean,8.9,-0.5248
2026-08-08T09:10:51Z,Digitizer_run2126_subrun46.csv,65,False,,,7.54,-0.5018
2026-08-08T09:10:51Z,Digitizer_run2126_subrun46.csv,66,False,,,4.6,-0.5704
2026-08-08T09:10:51Z,Digitizer_run2126_subrun46.csv,67,False,,,4.24,-0.4901
2026-08-08T09:10:51Z,Digitizer_run2126_subrun46.csv,68,False,,,3.26,-0.5178
2026-08-08T09:10:51Z,Digitizer_run2126_subrun46.csv,69,False,,,4.66,-0.4784
2026-08-08T09:10:51Z,Digitizer_run2126_subrun46.csv,70,False,,,3.7,-0.4798
2026-08-08T09:10:51Z,Digitizer_run2126_subrun46.csv,71,False,,,4.21,-0.5489
2026-08-08T09:10:51Z,Digitizer_run2126_subrun46.csv,72,False,,,3.38,-0.5147
2026-08-08T09:10:51Z,Digitizer_run2126_subrun46.csv,73,False,,,2.86,-0.4927
2026-08-08T09:10:51Z,Digitizer_run2126_subrun46.csv,74,False,,,2.94,-0.4843
2026-08-08T09:10:51Z,Digitizer_run2126_subrun46.csv,75,False,,,3.49,-0.5096
2026-08-08T09:10:51Z,Digitizer_run2126_subrun46.csv,76,False,,,5.28,-0.5178
2026-08-08T09:10:51Z,Digitizer_run2126_subrun46.csv,77,True,statistical,pulseHeight_max_std,9.77,-0.5709
2026-08-08T09:10:51Z,Digitizer_run2126_subrun46.csv,78,False,,,3.8,-0.4257
2026-08-08T09:10:51Z,Digitizer_run2126_subrun46.csv,79,False,,,3.23,-0.4833
2026-08-08T09:10:51Z,Digitizer_run2126_subrun46.csv,80,False,,,2.07,-0.4249
2026-08-08T09:10:51Z,Digitizer_run2126_subrun46.csv,81,False,,,2.59,-0.4103
2026-08-08T09:10:51Z,Digitizer_run2126_subrun46.csv,82,False,,,4.23,-0.549
2026-08-08T09:10:51Z,Digitizer_run2126_subrun46.csv,83,False,,,4.17,-0.466
2026-08-08T09:10:51Z,Digitizer_run2126_subrun46.csv,84,True,statistical,pulseHeight_min_median,8.48,-0.6025
2026-08-08T09:10:51Z,Digitizer_run2126_subrun46.csv,85,False,,,7.64,-0.5695
2026-08-08T09:10:51Z,Digitizer_run2126_subrun46.csv,86,True,statistical,sideband_rms_mean,8.45,-0.6194
2026-08-08T09:10:51Z,Digitizer_run2126_subrun46.csv,87,False,,,4.04,-0.5305
2026-08-08T09:10:51Z,Digitizer_run2126_subrun46.csv,88,False,,,4.2,-0.586
2026-08-08T09:10:51Z,Digitizer_run2126_subrun46.csv,89,False,,,5.58,-0.6331
2026-08-08T09:10:51Z,Digitizer_run2126_subrun46.csv,90,False,,,3.64,-0.5161
2026-08-08T09:10:51Z,Digitizer_run2126_subrun46.csv,91,False,,,5.49,-0.6193
2026-08-08T09:10:51Z,Digitizer_run2126_subrun46.csv,92,False,,,7.98,-0.5811
2026-08-08T09:10:51Z,Digitizer_run2126_subrun46.csv,93,False,,,2.94,-0.4955
2026-08-08T09:10:51Z,Digitizer_run2126_subrun46.csv,94,False,,,6.43,-0.505
2026-08-08T09:10:51Z,Digitizer_run2126_subrun46.csv,95,False,,,5.82,-0.4924
2026-08-08T09:10:58Z,Digitizer_run2126_subrun47.csv,0,False,,,2.4,-0.4845
2026-08-08T09:10:58Z,Digitizer_run2126_subrun47.csv,1,False,,,7.8,-0.4803
2026-08-08T09:10:58Z,Digitizer_run2126_subrun47.csv,2,False,,,3.88,-0.5259
2026-08-08T09:10:58Z,Digitizer_run2126_subrun47.csv,3,False,,,4.1,-0.5166
2026-08-08T09:10:58Z,Digitizer_run2126_subrun47.csv,4,False,,,2.18,-0.4263
2026-08-08T09:10:58Z,Digitizer_run2126_subrun47.csv,5,False,,,1.68,-0.4066
2026-08-08T09:10:58Z,Digitizer_run2126_subrun47.csv,6,True,isolation_forest,,6.36,-0.6461
2026-08-08T09:10:58Z,Digitizer_run2126_subrun47.csv,7,True,isolation_forest,,6.88,-0.6449
2026-08-08T09:10:58Z,Digitizer_run2126_subrun47.csv,8,False,,,4.03,-0.5914
2026-08-08T09:10:58Z,Digitizer_run2126_subrun47.csv,9,False,,,3.91,-0.5467
2026-08-08T09:10:58Z,Digitizer_run2126_subrun47.csv,10,True,isolation_forest,,7.67,-0.6472
2026-08-08T09:10:58Z,Digitizer_run2126_subrun47.csv,11,False,,,5.75,-0.5547
2026-08-08T09:10:58Z,Digitizer_run2126_subrun47.csv,12,False,,,3.26,-0.4743
2026-08-08T09:10:58Z,Digitizer_run2126_subrun47.csv,13,False,,,2.99,-0.4896
2026-08-08T09:10:58Z,Digitizer_run2126_subrun47.csv,14,True,statistical+IF,nPulses_median;pulseHeight_max_median,8.91,-0.6413
2026-08-08T09:10:58Z,Digitizer_run2126_subrun47.csv,15,True,statistical+IF,nPulses_median,19.7,-0.6561
2026-08-08T09:10:58Z,Digitizer_run2126_subrun47.csv,16,False,,,2.05,-0.4735
2026-08-08T09:10:58Z,Digitizer_run2126_subrun47.csv,17,False,,,2.93,-0.5225
2026-08-08T09:10:58Z,Digitizer_run2126_subrun47.csv,18,False,,,2.21,-0.4581
2026-08-08T09:10:58Z,Digitizer_run2126_subrun47.csv,19,False,,,2.79,-0.5206
2026-08-08T09:10:58Z,Digitizer_run2126_subrun47.csv,20,True,statistical,pulseHeight_max_std,9.24,-0.5892
2026-08-08T09:10:58Z,Digitizer_run2126_subrun47.csv,21,False,,,6.8,-0.6038
2026-08-08T09:10:58Z,Digitizer_run2126_subrun47.csv,22,True,statistical,sideband_rms_mean,8.44,-0.4753
2026-08-08T09:10:58Z,Digitizer_run2126_subrun47.csv,23,True,statistical,sideband_rms_mean,9.41,-0.6046
2026-08-08T09:10:58Z,Digitizer_run2126_subrun47.csv,24,False,,,4.71,-0.5709
2026-08-08T09:10:58Z,Digitizer_run2126_subrun47.csv,25,False,,,5.19,-0.6203
2026-08-08T09:10:58Z,Digitizer_run2126_subrun47.csv,26,False,,,2.01,-0.4511
2026-08-08T09:10:58Z,Digitizer_run2126_subrun47.csv,27,False,,,3.05,-0.4887
2026-08-08T09:10:58Z,Digitizer_run2126_subrun47.csv,28,False,,,4.92,-0.5916
2026-08-08T09:10:58Z,Digitizer_run2126_subrun47.csv,29,False,,,5.38,-0.5847
2026-08-08T09:10:58Z,Digitizer_run2126_subrun47.csv,30,False,,,7.17,-0.6004
2026-08-08T09:10:58Z,Digitizer_run2126_subrun47.csv,31,True,statistical,pulseDuriation_min_mean,8.13,-0.5909
2026-08-08T09:10:58Z,Digitizer_run2126_subrun47.csv,32,False,,,5.3,-0.5624
2026-08-08T09:10:58Z,Digitizer_run2126_subrun47.csv,33,False,,,2.65,-0.5089
2026-08-08T09:10:58Z,Digitizer_run2126_subrun47.csv,34,True,statistical,nPulses_median,14.56,-0.6121
2026-08-08T09:10:58Z,Digitizer_run2126_subrun47.csv,35,True,statistical+IF,nPulses_median,165.02,-0.6404
2026-08-08T09:10:58Z,Digitizer_run2126_subrun47.csv,36,False,,,3.33,-0.4788
2026-08-08T09:10:58Z,Digitizer_run2126_subrun47.csv,37,False,,,4.11,-0.4481
2026-08-08T09:10:58Z,Digitizer_run2126_subrun47.csv,38,False,,,5.07,-0.4297
2026-08-08T09:10:58Z,Digitizer_run2126_subrun47.csv,39,False,,,4.6,-0.5359
2026-08-08T09:10:58Z,Digitizer_run2126_subrun47.csv,40,False,,,2.02,-0.4371
2026-08-08T09:10:58Z,Digitizer_run2126_subrun47.csv,41,False,,,4.16,-0.4907
2026-08-08T09:10:58Z,Digitizer_run2126_subrun47.csv,42,False,,,5.72,-0.5412
2026-08-08T09:10:58Z,Digitizer_run2126_subrun47.csv,43,False,,,6.18,-0.5775
2026-08-08T09:10:58Z,Digitizer_run2126_subrun47.csv,44,False,,,4.25,-0.5953
2026-08-08T09:10:58Z,Digitizer_run2126_subrun47.csv,45,False,,,4.77,-0.5711
2026-08-08T09:10:58Z,Digitizer_run2126_subrun47.csv,46,False,,,5.34,-0.5687
2026-08-08T09:10:58Z,Digitizer_run2126_subrun47.csv,47,False,,,6.67,-0.5803
2026-08-08T09:10:58Z,Digitizer_run2126_subrun47.csv,48,True,statistical,nPulses_median,20.29,-0.5552
2026-08-08T09:10:58Z,Digitizer_run2126_subrun47.csv,49,False,,,3.94,-0.5959
2026-08-08T09:10:58Z,Digitizer_run2126_subrun47.csv,50,False,,,2.66,-0.4769
2026-08-08T09:10:58Z,Digitizer_run2126_subrun47.csv,51,False,,,3.98,-0.5105
2026-08-08T09:10:58Z,Digitizer_run2126_subrun47.csv,52,False,,,4.67,-0.5959
2026-08-08T09:10:58Z,Digitizer_run2126_subrun47.csv,53,False,,,2.02,-0.4925
2026-08-08T09:10:58Z,Digitizer_run2126_subrun47.csv,54,False,,,4.5,-0.5211
2026-08-08T09:10:58Z,Digitizer_run2126_subrun47.csv,55,True,statistical,pulseArea_min_median,14.0,-0.6279
2026-08-08T09:10:58Z,Digitizer_run2126_subrun47.csv,56,True,isolation_forest,,6.75,-0.6521
2026-08-08T09:10:58Z,Digitizer_run2126_subrun47.csv,57,True,statistical+IF,pulseHeight_max_median;pulseArea_max_median;pulseDuriation_max_mean,24.99,-0.7042
2026-08-08T09:10:58Z,Digitizer_run2126_subrun47.csv,58,False,,,7.67,-0.6228
2026-08-08T09:10:58Z,Digitizer_run2126_subrun47.csv,59,False,,,6.95,-0.6326
2026-08-08T09:10:58Z,Digitizer_run2126_subrun47.csv,60,True,statistical,sideband_rms_mean;sideband_rms_std,19.36,-0.6036
2026-08-08T09:10:58Z,Digitizer_run2126_subrun47.csv,61,True,statistical,sideband_rms_mean,14.84,-0.5824
2026-08-08T09:10:58Z,Digitizer_run2126_subrun47.csv,62,True,statistical,sideband_rms_median,8.44,-0.5923
2026-08-08T09:10:58Z,Digitizer_run2126_subrun47.csv,63,False,,,5.62,-0.6325
2026-08-08T09:10:58Z,Digitizer_run2126_subrun47.csv,64,False,,,2.63,-0.4621
2026-08-08T09:10:58Z,Digitizer_run2126_subrun47.csv,65,False,,,3.76,-0.4809
2026-08-08T09:10:58Z,Digitizer_run2126_subrun47.csv,66,True,statistical,pulseHeight_max_std,9.1,-0.5577
2026-08-08T09:10:58Z,Digitizer_run2126_subrun47.csv,67,True,statistical,pulseHeight_max_std,9.7,-0.589
2026-08-08T09:10:58Z,Digitizer_run2126_subrun47.csv,68,False,,,5.32,-0.5115
2026-08-08T09:10:58Z,Digitizer_run2126_subrun47.csv,69,False,,,3.71,-0.5031
2026-08-08T09:10:58Z,Digitizer_run2126_subrun47.csv,70,False,,,7.41,-0.5967
2026-08-08T09:10:58Z,Digitizer_run2126_subrun47.csv,71,False,,,3.31,-0.521
2026-08-08T09:10:58Z,Digitizer_run2126_subrun47.csv,72,False,,,4.82,-0.5392
2026-08-08T09:10:58Z,Digitizer_run2126_subrun47.csv,73,False,,,6.1,-0.6279
2026-08-08T09:10:58Z,Digitizer_run2126_subrun47.csv,74,False,,,2.24,-0.4308
2026-08-08T09:10:58Z,Digitizer_run2126_subrun47.csv,75,False,,,3.0,-0.4883
2026-08-08T09:10:58Z,Digitizer_run2126_subrun47.csv,76,False,,,7.43,-0.6029
2026-08-08T09:10:58Z,Digitizer_run2126_subrun47.csv,77,False,,,4.39,-0.5458
2026-08-08T09:10:58Z,Digitizer_run2126_subrun47.csv,78,False,,,6.55,-0.5638
2026-08-08T09:10:58Z,Digitizer_run2126_subrun47.csv,79,False,,,5.43,-0.498
2026-08-08T09:10:58Z,Digitizer_run2126_subrun47.csv,80,False,,,4.58,-0.483
2026-08-08T09:10:58Z,Digitizer_run2126_subrun47.csv,81,True,statistical,nPulses_median,67.36,-0.635
2026-08-08T09:10:58Z,Digitizer_run2126_subrun47.csv,82,False,,,7.2,-0.5148
2026-08-08T09:10:58Z,Digitizer_run2126_subrun47.csv,83,True,statistical+IF,nPulses_median,13.92,-0.6554
2026-08-08T09:10:58Z,Digitizer_run2126_subrun47.csv,84,False,,,6.55,-0.6336
2026-08-08T09:10:58Z,Digitizer_run2126_subrun47.csv,85,False,,,3.92,-0.5838
2026-08-08T09:10:58Z,Digitizer_run2126_subrun47.csv,86,False,,,2.13,-0.4112
2026-08-08T09:10:58Z,Digitizer_run2126_subrun47.csv,87,True,statistical,nPulses_median,21.84,-0.5242
2026-08-08T09:10:58Z,Digitizer_run2126_subrun47.csv,88,False,,,5.37,-0.5823
2026-08-08T09:10:58Z,Digitizer_run2126_subrun47.csv,89,False,,,6.66,-0.6067
2026-08-08T09:10:58Z,Digitizer_run2126_subrun47.csv,90,False,,,7.27,-0.5351
2026-08-08T09:10:58Z,Digitizer_run2126_subrun47.csv,91,False,,,4.24,-0.4818
2026-08-08T09:10:58Z,Digitizer_run2126_subrun47.csv,92,False,,,3.07,-0.5869
2026-08-08T09:10:58Z,Digitizer_run2126_subrun47.csv,93,False,,,1.96,-0.4441
2026-08-08T09:10:58Z,Digitizer_run2126_subrun47.csv,94,False,,,5.97,-0.5654
2026-08-08T09:10:58Z,Digitizer_run2126_subrun47.csv,95,False,,,5.21,-0.557
2026-08-08T09:11:02Z,Digitizer_run2126_subrun48.csv,0,False,,,5.46,-0.586
2026-08-08T09:11:02Z,Digitizer_run2126_subrun48.csv,1,False,,,4.53,-0.5415
2026-08-08T09:11:02Z,Digitizer_run2126_subrun48.csv,2,True,statistical+IF,nPulses_median;pulseArea_max_median,10.21,-0.6526
2026-08-08T09:11:02Z,Digitizer_run2126_subrun48.csv,3,False,,,2.51,-0.5348
2026-08-08T09:11:02Z,Digitizer_run2126_subrun48.csv,4,False,,,2.19,-0.4561
2026-08-08T09:11:02Z,Digitizer_run2126_subrun48.csv,5,False,,,5.66,-0.5967
2026-08-08T09:11:02Z,Digitizer_run2126_subrun48.csv,6,False,,,3.06,-0.5334
2026-08-08T09:11:02Z,Digitizer_run2126_subrun48.csv,7,False,,,5.26,-0.584
2026-08-08T09:11:02Z,Digitizer_run2126_subrun48.csv,8,True,statistical+IF,sideband_rms_mean,8.2,-0.6575
2026-08-08T09:11:02Z,Digitizer_run2126_subrun48.csv,9,True,statistical,nPulses_median,9.32,-0.6022
2026-08-08T09:11:02Z,Digitizer_run2126_subrun48.csv,10,False,,,4.9,-0.5415
2026-08-08T09:11:02Z,Digitizer_run2126_subrun48.csv,11,False,,,5.18,-0.5743
2026-08-08T09:11:02Z,Digitizer_run2126_subrun48.csv,12,False,,,3.91,-0.5187
2026-08-08T09:11:02Z,Digitizer_run2126_subrun48.csv,13,True,statistical,nPulses_median,22.03,-0.6096
2026-08-08T09:11:02Z,Digitizer_run2126_subrun48.csv,14,False,,,6.58,-0.6234
2026-08-08T09:11:02Z,Digitizer_run2126_subrun48.csv,15,False,,,4.85,-0.5592
2026-08-08T09:11:02Z,Digitizer_run2126_subrun48.csv,16,False,,,3.52,-0.4452
2026-08-08T09:11:02Z,Digitizer_run2126_subrun48.csv,17,False,,,3.27,-0.4744
2026-08-08T09:11:02Z,Digitizer_run2126_subrun48.csv,18,False,,,2.67,-0.4748
2026-08-08T09:11:02Z,Digitizer_run2126_subrun48.csv,19,False,,,2.86,-0.4101
2026-08-08T09:11:02Z,Digitizer_run2126_subrun48.csv,20,False,,,3.59,-0.4403
2026-08-08T09:11:02Z,Digitizer_run2126_subrun48.csv,21,False,,,5.72,-0.4903
2026-08-08T09:11:02Z,Digitizer_run2126_subrun48.csv,22,True,isolation_forest,,5.24,-0.6538
2026-08-08T09:11:02Z,Digitizer_run2126_subrun48.csv,23,True,isolation_forest,,6.64,-0.662
2026-08-08T09:11:02Z,Digitizer_run2126_subrun48.csv,24,False,,,2.58,-0.4884
2026-08-08T09:11:02Z,Digitizer_run2126_subrun48.csv,25,False,,,3.02,-0.504
2026-08-08T09:11:02Z,Digitizer_run2126_subrun48.csv,26,False,,,6.58,-0.5985
2026-08-08T09:11:02Z,Digitizer_run2126_subrun48.csv,27,False,,,3.13,-0.528
2026-08-08T09:11:02Z,Digitizer_run2126_subrun48.csv,28,False,,,2.28,-0.472
2026-08-08T09:11:02Z,Digitizer_run2126_subrun48.csv,29,False,,,1.48,-0.4525
2026-08-08T09:11:02Z,Digitizer_run2126_subrun48.csv,30,False,,,2.9,-0.4869
2026-08-08T09:11:02Z,Digitizer_run2126_subrun48.csv,31,False,,,3.27,-0.5035
2026-08-08T09:11:02Z,Digitizer_run2126_subrun48.csv,32,True,statistical+IF,pulseArea_max_mean;pulseArea_min_mean,11.09,-0.6387
2026-08-08T09:11:02Z,Digitizer_run2126_subrun48.csv,33,True,statistical+IF,pulseHeight_max_median;pulseArea_max_mean;pulseArea_max_median;pulseArea_min_mean,13.05,-0.6727
2026-08-08T09:11:02Z,Digitizer_run2126_subrun48.csv,34,True,statistical+IF,pulseHeight_max_median;pulseArea_max_median;pulseArea_min_mean,11.03,-0.6638
2026-08-08T09:11:02Z,Digitizer_run2126_subrun48.csv,35,False,,,7.01,-0.6262
2026-08-08T09:11:02Z,Digitizer_run2126_subrun48.csv,36,False,,,2.48,-0.4903
2026-08-08T09:11:02Z,Digitizer_run2126_subrun48.csv,37,False,,,2.63,-0.4555
2026-08-08T09:11:02Z,Digitizer_run2126_subrun48.csv,38,False,,,6.11,-0.5563
2026-08-08T09:11:02Z,Digitizer_run2126_subrun48.csv,39,False,,,4.12,-0.5678
2026-08-08T09:11:02Z,Digitizer_run2126_subrun48.csv,40,False,,,4.11,-0.5212
2026-08-08T09:11:02Z,Digitizer_run2126_subrun48.csv,41,False,,,4.61,-0.6012
2026-08-08T09:11:02Z,Digitizer_run2126_subrun48.csv,42,False,,,4.35,-0.4662
2026-08-08T09:11:02Z,Digitizer_run2126_subrun48.csv,43,False,,,4.35,-0.4946
2026-08-08T09:11:02Z,Digitizer_run2126_subrun48.csv,44,True,statistical+IF,pulseArea_min_mean,8.88,-0.6452
2026-08-08T09:11:02Z,Digitizer_run2126_subrun48.csv,45,True,statistical+IF,pulseHeight_max_median;pulseHeight_min_median;pulseArea_max_median,14.99,-0.6693
2026-08-08T09:11:02Z,Digitizer_run2126_subrun48.csv,46,True,statistical+IF,pulseHeight_max_median;pulseArea_max_mean;pulseArea_max_median;pulseArea_min_mean,11.74,-0.6734
2026-08-08T09:11:02Z,Digitizer_run2126_subrun48.csv,47,True,statistical+IF,nPulses_median;pulseHeight_max_mean;pulseHeight_max_median;pulseArea_max_mean;pulseArea_max_median,1000000.0,-0.6648
2026-08-08T09:11:02Z,Digitizer_run2126_subrun48.csv,48,False,,,4.55,-0.5209
2026-08-08T09:11:02Z,Digitizer_run2126_subrun48.csv,49,False,,,3.53,-0.4551
2026-08-08T09:11:02Z,Digitizer_run2126_subrun48.csv,50,True,statistical,nPulses_median,1000000.0,-0.6052
2026-08-08T09:11:02Z,Digitizer_run2126_subrun48.csv,51,False,,,7.19,-0.6073
2026-08-08T09:11:02Z,Digitizer_run2126_subrun48.csv,52,True,statistical,pulseArea_min_median,8.28,-0.589
2026-08-08T09:11:02Z,Digitizer_run2126_subrun48.csv,53,False,,,5.18,-0.5546
2026-08-08T09:11:02Z,Digitizer_run2126_subrun48.csv,54,False,,,7.67,-0.5436
2026-08-08T09:11:02Z,Digitizer_run2126_subrun48.csv,55,False,,,2.82,-0.4893
2026-08-08T09:11:02Z,Digitizer_run2126_subrun48.csv,56,True,statistical,pulseHeight_max_median;pulseHeight_min_mean,11.57,-0.6225
2026-08-08T09:11:02Z,Digitizer_run2126_subrun48.csv,57,False,,,4.89,-0.5378
2026-08-08T09:11:02Z,Digitizer_run2126_subrun48.csv,58,True,statistical,sideband_rms_mean,10.49,-0.5984
2026-08-08T09:11:02Z,Digitizer_run2126_subrun48.csv,59,True,statistical+IF,sideband_rms_mean,10.75,-0.6614
2026-08-08T09:11:02Z,Digitizer_run2126_subrun48.csv,60,False,,,7.16,-0.584
2026-08-08T09:11:02Z,Digitizer_run2126_subrun48.csv,61,False,,,5.2,-0.4985
2026-08-08T09:11:02Z,Digitizer_run2126_subrun48.csv,62,True,statistical,pulseDuriation_min_median,8.03,-0.6189
2026-08-08T09:11:02Z,Digitizer_run2126_subrun48.csv,63,False,,,6.01,-0.5278
2026-08-08T09:11:02Z,Digitizer_run2126_subrun48.csv,64,False,,,4.54,-0.5341
2026-08-08T09:11:02Z,Digitizer_run2126_subrun48.csv,65,False,,,3.51,-0.4531
2026-08-08T09:11:02Z,Digitizer_run2126_subrun48.csv,66,False,,,4.6,-0.5085
2026-08-08T09:11:02Z,Digitizer_run2126_subrun48.csv,67,False,,,3.6,-0.5446
2026-08-08T09:11:02Z,Digitizer_run2126_subrun48.csv,68,False,,,3.75,-0.5108
2026-08-08T09:11:02Z,Digitizer_run2126_subrun48.csv,69,True,statistical,nPulses_median,1000000.0,-0.6074
2026-08-08T09:11:02Z,Digitizer_run2126_subrun48.csv,70,False,,,2.58,-0.5025
2026-08-08T09:11:02Z,Digitizer_run2126_subrun48.csv,71,False,,,2.01,-0.4759
2026-08-08T09:11:02Z,Digitizer_run2126_subrun48.csv,72,False,,,4.86,-0.5408
2026-08-08T09:11:02Z,Digitizer_run2126_subrun48.csv,73,False,,,2.86,-0.5132
2026-08-08T09:11:02Z,Digitizer_run2126_subrun48.csv,74,False,,,4.85,-0.5684
2026-08-08T09:11:02Z,Digitizer_run2126_subrun48.csv,75,True,statistical+IF,nPulses_median,14.73,-0.6417
2026-08-08T09:11:02Z,Digitizer_run2126_subrun48.csv,76,False,,,4.43,-0.5139
2026-08-08T09:11:02Z,Digitizer_run2126_subrun48.csv,77,False,,,5.2,-0.6073
2026-08-08T09:11:02Z,Digitizer_run2126_subrun48.csv,78,False,,,5.78,-0.6303
2026-08-08T09:11:02Z,Digitizer_run2126_subrun48.csv,79,False,,,3.67,-0.4946
2026-08-08T09:11:02Z,Digitizer_run2126_subrun48.csv,80,False,,,7.05,-0.5337
2026-08-08T09:11:02Z,Digitizer_run2126_subrun48.csv,81,True,statistical,sideband_rms_mean,10.29,-0.5741
2026-08-08T09:11:02Z,Digitizer_run2126_subrun48.csv,82,False,,,3.5,-0.5723
2026-08-08T09:11:02Z,Digitizer_run2126_subrun48.csv,83,False,,,4.09,-0.5288
2026-08-08T09:11:02Z,Digitizer_run2126_subrun48.csv,84,False,,,6.42,-0.6226
2026-08-08T09:11:02Z,Digitizer_run2126_subrun48.csv,85,False,,,5.92,-0.5377
2026-08-08T09:11:02Z,Digitizer_run2126_subrun48.csv,86,False,,,3.4,-0.5045
2026-08-08T09:11:02Z,Digitizer_run2126_subrun48.csv,87,False,,,4.24,-0.5234
2026-08-08T09:11:02Z,Digitizer_run2126_subrun48.csv,88,True,statistical,pulseArea_min_median,8.68,-0.5514
2026-08-08T09:11:02Z,Digitizer_run2126_subrun48.csv,89,False,,,4.67,-0.5574
2026-08-08T09:11:02Z,Digitizer_run2126_subrun48.csv,90,False,,,3.32,-0.4739
2026-08-08T09:11:02Z,Digitizer_run2126_subrun48.csv,91,False,,,3.72,-0.4823
2026-08-08T09:11:02Z,Digitizer_run2126_subrun48.csv,92,False,,,5.37,-0.555
2026-08-08T09:11:02Z,Digitizer_run2126_subrun48.csv,93,False,,,4.18,-0.4907
2026-08-08T09:11:02Z,Digitizer_run2126_subrun48.csv,94,False,,,5.23,-0.5717
2026-08-08T09:11:02Z,Digitizer_run2126_subrun48.csv,95,False,,,5.94,-0.6178
2026-08-08T09:11:07Z,Digitizer_run2126_subrun49.csv,0,False,,,3.39,-0.5186
2026-08-08T09:11:07Z,Digitizer_run2126_subrun49.csv,1,False,,,3.04,-0.4963
2026-08-08T09:11:07Z,Digitizer_run2126_subrun49.csv,2,False,,,7.07,-0.5838
2026-08-08T09:11:07Z,Digitizer_run2126_subrun49.csv,3,False,,,3.39,-0.5152
2026-08-08T09:11:07Z,Digitizer_run2126_subrun49.csv,4,False,,,6.54,-0.563
2026-08-08T09:11:07Z,Digitizer_run2126_subrun49.csv,5,False,,,5.86,-0.5344
2026-08-08T09:11:07Z,Digitizer_run2126_subrun49.csv,6,False,,,4.51,-0.5684
2026-08-08T09:11:07Z,Digitizer_run2126_subrun49.csv,7,False,,,3.6,-0.5696
2026-08-08T09:11:07Z,Digitizer_run2126_subrun49.csv,8,False,,,3.37,-0.5445
2026-08-08T09:11:07Z,Digitizer_run2126_subrun49.csv,9,False,,,4.5,-0.5007
2026-08-08T09:11:07Z,Digitizer_run2126_subrun49.csv,10,False,,,4.19,-0.5404
2026-08-08T09:11:07Z,Digitizer_run2126_subrun49.csv,11,False,,,6.13,-0.5449
2026-08-08T09:11:07Z,Digitizer_run2126_subrun49.csv,12,False,,,2.54,-0.5012
2026-08-08T09:11:07Z,Digitizer_run2126_subrun49.csv,13,False,,,2.74,-0.4968
2026-08-08T09:11:07Z,Digitizer_run2126_subrun49.csv,14,True,statistical,nPulses_median,17.87,-0.5952
2026-08-08T09:11:07Z,Digitizer_run2126_subrun49.csv,15,False,,,5.4,-0.568
2026-08-08T09:11:07Z,Digitizer_run2126_subrun49.csv,16,False,,,3.38,-0.4827
2026-08-08T09:11:07Z,Digitizer_run2126_subrun49.csv,17,False,,,3.1,-0.4609
2026-08-08T09:11:07Z,Digitizer_run2126_subrun49.csv,18,False,,,2.81,-0.4459
2026-08-08T09:11:07Z,Digitizer_run2126_subrun49.csv,19,False,,,3.59,-0.4768
2026-08-08T09:11:07Z,Digitizer_run2126_subrun49.csv,20,False,,,4.85,-0.5387
2026-08-08T09:11:07Z,Digitizer_run2126_subrun49.csv,21,False,,,4.02,-0.5323
2026-08-08T09:11:07Z,Digitizer_run2126_subrun49.csv,22,True,statistical,pulseDuriation_max_std;pulseDuriation_min_std,8.63,-0.6007
2026-08-08T09:11:07Z,Digitizer_run2126_subrun49.csv,23,True,statistical,pulseDuriation_max_std;pulseDuriation_min_std,10.9,-0.6274
2026-08-08T09:11:07Z,Digitizer_run2126_subrun49.csv,24,False,,,3.04,-0.5282
2026-08-08T09:11:07Z,Digitizer_run2126_subrun49.csv,25,False,,,3.65,-0.4989
2026-08-08T09:11:07Z,Digitizer_run2126_subrun49.csv,26,False,,,7.41,-0.5787
2026-08-08T09:11:07Z,Digitizer_run2126_subrun49.csv,27,False,,,4.4,-0.6009
2026-08-08T09:11:07Z,Digitizer_run2126_subrun49.csv,28,False,,,5.97,-0.5179
2026-08-08T09:11:07Z,Digitizer_run2126_subrun49.csv,29,False,,,2.87,-0.5191
2026-08-08T09:11:07Z,Digitizer_run2126_subrun49.csv,30,False,,,3.48,-0.4718
2026-08-08T09:11:07Z,Digitizer_run2126_subrun49.csv,31,False,,,1.92,-0.4255
2026-08-08T09:11:07Z,Digitizer_run2126_subrun49.csv,32,False,,,4.0,-0.5104
2026-08-08T09:11:07Z,Digitizer_run2126_subrun49.csv,33,False,,,4.71,-0.5249
2026-08-08T09:11:07Z,Digitizer_run2126_subrun49.csv,34,False,,,3.16,-0.4951
2026-08-08T09:11:07Z,Digitizer_run2126_subrun49.csv,35,False,,,3.91,-0.4577
2026-08-08T09:11:07Z,Digitizer_run2126_subrun49.csv,36,False,,,5.23,-0.4599
2026-08-08T09:11:07Z,Digitizer_run2126_subrun49.csv,37,False,,,5.9,-0.5299
2026-08-08T09:11:07Z,Digitizer_run2126_subrun49.csv,38,False,,,4.1,-0.5269
2026-08-08T09:11:07Z,Digitizer_run2126_subrun49.csv,39,False,,,4.77,-0.602
2026-08-08T09:11:07Z,Digitizer_run2126_subrun49.csv,40,False,,,1.76,-0.4218
2026-08-08T09:11:07Z,Digitizer_run2126_subrun49.csv,41,False,,,2.91,-0.5485
2026-08-08T09:11:07Z,Digitizer_run2126_subrun49.csv,42,True,statistical,nPulses_median,1000000.0,-0.6081
2026-08-08T09:11:07Z,Digitizer_run2126_subrun49.csv,43,False,,,6.76,-0.5551
2026-08-08T09:11:07Z,Digitizer_run2126_subrun49.csv,44,False,,,5.26,-0.5139
2026-08-08T09:11:07Z,Digitizer_run2126_subrun49.csv,45,False,,,5.5,-0.4774
2026-08-08T09:11:07Z,Digitizer_run2126_subrun49.csv,46,True,statistical,nPulses_median,14.13,-0.6085
2026-08-08T09:11:07Z,Digitizer_run2126_subrun49.csv,47,True,statistical,pulseHeight_min_median;pulseArea_min_median,13.62,-0.6239
2026-08-08T09:11:07Z,Digitizer_run2126_subrun49.csv,48,True,statistical+IF,nPulses_median;pulseHeight_min_median,20.29,-0.6536
2026-08-08T09:11:07Z,Digitizer_run2126_subrun49.csv,49,False,,,4.33,-0.6004
2026-08-08T09:11:07Z,Digitizer_run2126_subrun49.csv,50,True,statistical+IF,pulseHeight_min_median;pulseArea_min_mean;pulseArea_min_median;pulseDuriation_min_median,29.6,-0.6607
2026-08-08T09:11:07Z,Digitizer_run2126_subrun49.csv,51,True,isolation_forest,,7.07,-0.6477
2026-08-08T09:11:07Z,Digitizer_run2126_subrun49.csv,52,False,,,5.81,-0.5196
2026-08-08T09:11:07Z,Digitizer_run2126_subrun49.csv,53,False,,,5.44,-0.4522
2026-08-08T09:11:07Z,Digitizer_run2126_subrun49.csv,54,False,,,6.54,-0.5007
2026-08-08T09:11:07Z,Digitizer_run2126_subrun49.csv,55,False,,,3.28,-0.4428
2026-08-08T09:11:07Z,Digitizer_run2126_subrun49.csv,56,True,statistical,occupancy,8.1,-0.6225
2026-08-08T09:11:07Z,Digitizer_run2126_subrun49.csv,57,False,,,5.87,-0.5698
2026-08-08T09:11:07Z,Digitizer_run2126_subrun49.csv,58,False,,,6.55,-0.4489
2026-08-08T09:11:07Z,Digitizer_run2126_subrun49.csv,59,False,,,6.57,-0.4768
2026-08-08T09:11:07Z,Digitizer_run2126_subrun49.csv,60,False,,,7.72,-0.6292
2026-08-08T09:11:07Z,Digitizer_run2126_subrun49.csv,61,True,statistical,pulseHeight_max_std,8.49,-0.5837
2026-08-08T09:11:07Z,Digitizer_run2126_subrun49.csv,62,False,,,7.75,-0.5864
2026-08-08T09:11:07Z,Digitizer_run2126_subrun49.csv,63,False,,,4.38,-0.5048
2026-08-08T09:11:07Z,Digitizer_run2126_subrun49.csv,64,False,,,2.85,-0.4509
2026-08-08T09:11:07Z,Digitizer_run2126_subrun49.csv,65,False,,,2.93,-0.4687
2026-08-08T09:11:07Z,Digitizer_run2126_subrun49.csv,66,False,,,5.35,-0.5474
2026-08-08T09:11:07Z,Digitizer_run2126_subrun49.csv,67,False,,,3.18,-0.4714
2026-08-08T09:11:07Z,Digitizer_run2126_subrun49.csv,68,False,,,4.04,-0.5806
2026-08-08T09:11:07Z,Digitizer_run2126_subrun49.csv,69,False,,,5.42,-0.5535
2026-08-08T09:11:07Z,Digitizer_run2126_subrun49.csv,70,True,statistical,sideband_mean_median,9.82,-0.5324
2026-08-08T09:11:07Z,Digitizer_run2126_subrun49.csv,71,False,,,7.45,-0.5303
2026-08-08T09:11:07Z,Digitizer_run2126_subrun49.csv,72,False,,,4.06,-0.5091
2026-08-08T09:11:07Z,Digitizer_run2126_subrun49.csv,73,False,,,4.63,-0.5076
2026-08-08T09:11:07Z,Digitizer_run2126_subrun49.csv,74,False,,,3.83,-0.5456
2026-08-08T09:11:07Z,Digitizer_run2126_subrun49.csv,75,False,,,3.02,-0.4823
2026-08-08T09:11:07Z,Digitizer_run2126_subrun49.csv,76,True,statistical,sideband_mean_mean,8.97,-0.5726
2026-08-08T09:11:07Z,Digitizer_run2126_subrun49.csv,77,False,,,6.31,-0.5557
2026-08-08T09:11:07Z,Digitizer_run2126_subrun49.csv,78,False,,,5.97,-0.5653
2026-08-08T09:11:07Z,Digitizer_run2126_subrun49.csv,79,True,statistical,pulseHeight_max_std,8.29,-0.5883
2026-08-08T09:11:07Z,Digitizer_run2126_subrun49.csv,80,False,,,5.82,-0.5142
2026-08-08T09:11:07Z,Digitizer_run2126_subrun49.csv,81,True,statistical,pulseHeight_min_median,8.87,-0.5813
2026-08-08T09:11:07Z,Digitizer_run2126_subrun49.csv,82,False,,,2.78,-0.4485
2026-08-08T09:11:07Z,Digitizer_run2126_subrun49.csv,83,False,,,3.11,-0.5183
2026-08-08T09:11:07Z,Digitizer_run2126_subrun49.csv,84,False,,,4.09,-0.5134
2026-08-08T09:11:07Z,Digitizer_run2126_subrun49.csv,85,False,,,4.44,-0.5104
2026-08-08T09:11:07Z,Digitizer_run2126_subrun49.csv,86,False,,,2.5,-0.4499
2026-08-08T09:11:07Z,Digitizer_run2126_subrun49.csv,87,False,,,3.32,-0.4694
2026-08-08T09:11:07Z,Digitizer_run2126_subrun49.csv,88,False,,,1.9,-0.4357
2026-08-08T09:11:07Z,Digitizer_run2126_subrun49.csv,89,False,,,2.19,-0.4783
2026-08-08T09:11:07Z,Digitizer_run2126_subrun49.csv,90,True,statistical,nPulses_median,14.61,-0.5954
2026-08-08T09:11:07Z,Digitizer_run2126_subrun49.csv,91,False,,,7.87,-0.5919
2026-08-08T09:11:07Z,Digitizer_run2126_subrun49.csv,92,False,,,5.17,-0.5615
2026-08-08T09:11:07Z,Digitizer_run2126_subrun49.csv,93,False,,,4.03,-0.5595
2026-08-08T09:11:07Z,Digitizer_run2126_subrun49.csv,94,False,,,3.86,-0.49
2026-08-08T09:11:07Z,Digitizer_run2126_subrun49.csv,95,False,,,3.79,-0.5182
2026-08-08T09:11:13Z,Digitizer_run2126_subrun50.csv,0,False,,,1.48,-0.4059
2026-08-08T09:11:13Z,Digitizer_run2126_subrun50.csv,1,False,,,3.49,-0.5728
2026-08-08T09:11:13Z,Digitizer_run2126_subrun50.csv,2,False,,,5.05,-0.5542
2026-08-08T09:11:13Z,Digitizer_run2126_subrun50.csv,3,False,,,2.99,-0.5185
2026-08-08T09:11:13Z,Digitizer_run2126_subrun50.csv,4,False,,,3.3,-0.4728
2026-08-08T09:11:13Z,Digitizer_run2126_subrun50.csv,5,False,,,6.01,-0.5743
2026-08-08T09:11:13Z,Digitizer_run2126_subrun50.csv,6,False,,,6.32,-0.6074
2026-08-08T09:11:13Z,Digitizer_run2126_subrun50.csv,7,False,,,4.66,-0.5886
2026-08-08T09:11:13Z,Digitizer_run2126_subrun50.csv,8,False,,,3.71,-0.5822
2026-08-08T09:11:13Z,Digitizer_run2126_subrun50.csv,9,False,,,5.89,-0.5156
2026-08-08T09:11:13Z,Digitizer_run2126_subrun50.csv,10,False,,,4.11,-0.5355
2026-08-08T09:11:13Z,Digitizer_run2126_subrun50.csv,11,False,,,4.48,-0.5694
2026-08-08T09:11:13Z,Digitizer_run2126_subrun50.csv,12,False,,,3.6,-0.5357
2026-08-08T09:11:13Z,Digitizer_run2126_subrun50.csv,13,False,,,3.66,-0.4538
2026-08-08T09:11:13Z,Digitizer_run2126_subrun50.csv,14,False,,,3.38,-0.5044
2026-08-08T09:11:13Z,Digitizer_run2126_subrun50.csv,15,True,statistical,nPulses_median,19.7,-0.5932
2026-08-08T09:11:13Z,Digitizer_run2126_subrun50.csv,16,False,,,2.36,-0.4387
2026-08-08T09:11:13Z,Digitizer_run2126_subrun50.csv,17,False,,,3.1,-0.5065
2026-08-08T09:11:13Z,Digitizer_run2126_subrun50.csv,18,False,,,4.16,-0.5655
2026-08-08T09:11:13Z,Digitizer_run2126_subrun50.csv,19,False,,,4.43,-0.5418
2026-08-08T09:11:13Z,Digitizer_run2126_subrun50.csv,20,False,,,2.85,-0.505
2026-08-08T09:11:13Z,Digitizer_run2126_subrun50.csv,21,False,,,3.16,-0.4733
2026-08-08T09:11:13Z,Digitizer_run2126_subrun50.csv,22,False,,,4.93,-0.4914
2026-08-08T09:11:13Z,Digitizer_run2126_subrun50.csv,23,False,,,4.29,-0.4961
2026-08-08T09:11:13Z,Digitizer_run2126_subrun50.csv,24,False,,,4.82,-0.5277
2026-08-08T09:11:13Z,Digitizer_run2126_subrun50.csv,25,False,,,4.96,-0.5571
2026-08-08T09:11:13Z,Digitizer_run2126_subrun50.csv,26,False,,,3.44,-0.5605
2026-08-08T09:11:13Z,Digitizer_run2126_subrun50.csv,27,False,,,5.11,-0.5795
2026-08-08T09:11:13Z,Digitizer_run2126_subrun50.csv,28,False,,,4.61,-0.6289
2026-08-08T09:11:13Z,Digitizer_run2126_subrun50.csv,29,False,,,3.94,-0.4963
2026-08-08T09:11:13Z,Digitizer_run2126_subrun50.csv,30,False,,,4.52,-0.5056
2026-08-08T09:11:13Z,Digitizer_run2126_subrun50.csv,31,False,,,2.7,-0.4448
2026-08-08T09:11:13Z,Digitizer_run2126_subrun50.csv,32,False,,,3.62,-0.5762
2026-08-08T09:11:13Z,Digitizer_run2126_subrun50.csv,33,False,,,4.66,-0.5466
2026-08-08T09:11:13Z,Digitizer_run2126_subrun50.csv,34,False,,,4.83,-0.5335
2026-08-08T09:11:13Z,Digitizer_run2126_subrun50.csv,35,False,,,6.53,-0.5417
2026-08-08T09:11:13Z,Digitizer_run2126_subrun50.csv,36,False,,,5.25,-0.5871
2026-08-08T09:11:13Z,Digitizer_run2126_subrun50.csv,37,False,,,6.27,-0.574
2026-08-08T09:11:13Z,Digitizer_run2126_subrun50.csv,38,True,statistical+IF,nPulses_median;pulseHeight_max_median;pulseArea_max_median,33.67,-0.6459
2026-08-08T09:11:13Z,Digitizer_run2126_subrun50.csv,39,True,statistical+IF,pulseHeight_max_median;pulseHeight_min_median;pulseArea_max_median;pulseArea_min_median;pulseDuriation_max_mean;pulseDuriation_max_median,18.06,-0.6616
2026-08-08T09:11:13Z,Digitizer_run2126_subrun50.csv,40,False,,,5.19,-0.5669
2026-08-08T09:11:13Z,Digitizer_run2126_subrun50.csv,41,False,,,4.45,-0.5379
2026-08-08T09:11:13Z,Digitizer_run2126_subrun50.csv,42,True,statistical,sideband_mean_median,8.08,-0.5938
2026-08-08T09:11:13Z,Digitizer_run2126_subrun50.csv,43,True,statistical+IF,sideband_rms_median;nPulses_median,11.41,-0.651
2026-08-08T09:11:13Z,Digitizer_run2126_subrun50.csv,44,False,,,4.3,-0.5068
2026-08-08T09:11:13Z,Digitizer_run2126_subrun50.csv,45,False,,,6.47,-0.5346
2026-08-08T09:11:13Z,Digitizer_run2126_subrun50.csv,46,False,,,5.27,-0.5681
2026-08-08T09:11:13Z,Digitizer_run2126_subrun50.csv,47,False,,,5.51,-0.5485
2026-08-08T09:11:13Z,Digitizer_run2126_subrun50.csv,48,False,,,3.58,-0.5073
2026-08-08T09:11:13Z,Digitizer_run2126_subrun50.csv,49,False,,,5.31,-0.4853
2026-08-08T09:11:13Z,Digitizer_run2126_subrun50.csv,50,True,statistical,nPulses_median,1000000.0,-0.6126
2026-08-08T09:11:13Z,Digitizer_run2126_subrun50.csv,51,False,,,5.8,-0.5533
2026-08-08T09:11:13Z,Digitizer_run2126_subrun50.csv,52,False,,,6.28,-0.5961
2026-08-08T09:11:13Z,Digitizer_run2126_subrun50.csv,53,False,,,4.46,-0.4891
2026-08-08T09:11:13Z,Digitizer_run2126_subrun50.csv,54,False,,,4.88,-0.5371
2026-08-08T09:11:13Z,Digitizer_run2126_subrun50.csv,55,False,,,2.41,-0.4694
2026-08-08T09:11:13Z,Digitizer_run2126_subrun50.csv,56,False,,,6.69,-0.5066
2026-08-08T09:11:13Z,Digitizer_run2126_subrun50.csv,57,False,,,5.05,-0.5466
2026-08-08T09:11:13Z,Digitizer_run2126_subrun50.csv,58,False,,,5.08,-0.5409
2026-08-08T09:11:13Z,Digitizer_run2126_subrun50.csv,59,False,,,5.9,-0.5647
2026-08-08T09:11:13Z,Digitizer_run2126_subrun50.csv,60,True,statistical,pulseHeight_max_mean;pulseHeight_max_median;pulseHeight_min_median;pulseArea_max_median,20.23,-0.6386
2026-08-08T09:11:13Z,Digitizer_run2126_subrun50.csv,61,True,statistical+IF,pulseHeight_max_median;pulseArea_max_median,16.93,-0.651
2026-08-08T09:11:13Z,Digitizer_run2126_subrun50.csv,62,False,,,5.3,-0.5291
2026-08-08T09:11:13Z,Digitizer_run2126_subrun50.csv,63,False,,,4.61,-0.5047
2026-08-08T09:11:13Z,Digitizer_run2126_subrun50.csv,64,False,,,5.39,-0.6156
2026-08-08T09:11:13Z,Digitizer_run2126_subrun50.csv,65,True,statistical,nPulses_median,13.09,-0.5589
2026-08-08T09:11:13Z,Digitizer_run2126_subrun50.csv,66,False,,,3.9,-0.5543
2026-08-08T09:11:13Z,Digitizer_run2126_subrun50.csv,67,True,statistical,pulseHeight_min_median;pulseArea_min_median,10.17,-0.5727
2026-08-08T09:11:13Z,Digitizer_run2126_subrun50.csv,68,False,,,4.77,-0.5511
2026-08-08T09:11:13Z,Digitizer_run2126_subrun50.csv,69,False,,,3.7,-0.5366
2026-08-08T09:11:13Z,Digitizer_run2126_subrun50.csv,70,True,isolation_forest,,7.07,-0.6482
2026-08-08T09:11:13Z,Digitizer_run2126_subrun50.csv,71,False,,,5.84,-0.5843
2026-08-08T09:11:13Z,Digitizer_run2126_subrun50.csv,72,False,,,3.26,-0.5275
2026-08-08T09:11:13Z,Digitizer_run2126_subrun50.csv,73,False,,,4.56,-0.519
2026-08-08T09:11:13Z,Digitizer_run2126_subrun50.csv,74,True,statistical,nPulses_median,12.67,-0.6137
2026-08-08T09:11:13Z,Digitizer_run2126_subrun50.csv,75,False,,,4.49,-0.5528
2026-08-08T09:11:13Z,Digitizer_run2126_subrun50.csv,76,False,,,2.75,-0.4465
2026-08-08T09:11:13Z,Digitizer_run2126_subrun50.csv,77,False,,,3.11,-0.4861
2026-08-08T09:11:13Z,Digitizer_run2126_subrun50.csv,78,False,,,7.22,-0.5979
2026-08-08T09:11:13Z,Digitizer_run2126_subrun50.csv,79,False,,,5.43,-0.5778
2026-08-08T09:11:13Z,Digitizer_run2126_subrun50.csv,80,False,,,5.27,-0.6004
2026-08-08T09:11:13Z,Digitizer_run2126_subrun50.csv,81,True,statistical,sideband_rms_mean,9.43,-0.566
2026-08-08T09:11:13Z,Digitizer_run2126_subrun50.csv,82,False,,,3.72,-0.5369
2026-08-08T09:11:13Z,Digitizer_run2126_subrun50.csv,83,True,statistical,pulseHeight_min_median;pulseArea_min_median,9.33,-0.5685
2026-08-08T09:11:13Z,Digitizer_run2126_subrun50.csv,84,False,,,5.12,-0.558
2026-08-08T09:11:13Z,Digitizer_run2126_subrun50.csv,85,False,,,4.13,-0.5251
2026-08-08T09:11:13Z,Digitizer_run2126_subrun50.csv,86,True,statistical,pulseHeight_max_median,12.57,-0.6259
2026-08-08T09:11:13Z,Digitizer_run2126_subrun50.csv,87,True,statistical,pulseHeight_max_median;pulseArea_max_median,13.21,-0.6146
2026-08-08T09:11:13Z,Digitizer_run2126_subrun50.csv,88,False,,,4.4,-0.5948
2026-08-08T09:11:13Z,Digitizer_run2126_subrun50.csv,89,False,,,5.77,-0.5937
2026-08-08T09:11:13Z,Digitizer_run2126_subrun50.csv,90,False,,,6.09,-0.5578
2026-08-08T09:11:13Z,Digitizer_run2126_subrun50.csv,91,False,,,4.43,-0.5745
2026-08-08T09:11:13Z,Digitizer_run2126_subrun50.csv,92,False,,,4.28,-0.5565
2026-08-08T09:11:13Z,Digitizer_run2126_subrun50.csv,93,False,,,3.09,-0.4996
2026-08-08T09:11:13Z,Digitizer_run2126_subrun50.csv,94,False,,,4.1,-0.5011
2026-08-08T09:11:13Z,Digitizer_run2126_subrun50.csv,95,False,,,3.23,-0.4655
2026-08-08T09:11:19Z,Digitizer_run2126_subrun51.csv,0,True,statistical,pulseHeight_max_median,8.12,-0.6144
2026-08-08T09:11:19Z,Digitizer_run2126_subrun51.csv,1,False,,,5.27,-0.5999
2026-08-08T09:11:19Z,Digitizer_run2126_subrun51.csv,2,False,,,2.03,-0.446
2026-08-08T09:11:19Z,Digitizer_run2126_subrun51.csv,3,False,,,2.1,-0.4322
2026-08-08T09:11:19Z,Digitizer_run2126_subrun51.csv,4,False,,,3.31,-0.4999
2026-08-08T09:11:19Z,Digitizer_run2126_subrun51.csv,5,False,,,3.09,-0.468
2026-08-08T09:11:19Z,Digitizer_run2126_subrun51.csv,6,False,,,5.37,-0.6197
2026-08-08T09:11:19Z,Digitizer_run2126_subrun51.csv,7,False,,,3.93,-0.5817
2026-08-08T09:11:19Z,Digitizer_run2126_subrun51.csv,8,True,statistical,pulseDuriation_min_median,9.96,-0.6116
2026-08-08T09:11:19Z,Digitizer_run2126_subrun51.csv,9,False,,,3.77,-0.5139
2026-08-08T09:11:19Z,Digitizer_run2126_subrun51.csv,10,False,,,2.5,-0.4286
2026-08-08T09:11:19Z,Digitizer_run2126_subrun51.csv,11,False,,,2.94,-0.4775
2026-08-08T09:11:19Z,Digitizer_run2126_subrun51.csv,12,False,,,4.71,-0.571
2026-08-08T09:11:19Z,Digitizer_run2126_subrun51.csv,13,False,,,5.52,-0.6208
2026-08-08T09:11:19Z,Digitizer_run2126_subrun51.csv,14,False,,,3.71,-0.4542
2026-08-08T09:11:19Z,Digitizer_run2126_subrun51.csv,15,False,,,3.66,-0.4982
2026-08-08T09:11:19Z,Digitizer_run2126_subrun51.csv,16,False,,,4.74,-0.568
2026-08-08T09:11:19Z,Digitizer_run2126_subrun51.csv,17,False,,,5.14,-0.5522
2026-08-08T09:11:19Z,Digitizer_run2126_subrun51.csv,18,False,,,3.62,-0.5277
2026-08-08T09:11:19Z,Digitizer_run2126_subrun51.csv,19,False,,,3.3,-0.5543
2026-08-08T09:11:19Z,Digitizer_run2126_subrun51.csv,20,False,,,5.75,-0.591
2026-08-08T09:11:19Z,Digitizer_run2126_subrun51.csv,21,False,,,5.02,-0.5041
2026-08-08T09:11:19Z,Digitizer_run2126_subrun51.csv,22,False,,,5.27,-0.6097
2026-08-08T09:11:19Z,Digitizer_run2126_subrun51.csv,23,False,,,5.74,-0.5388
2026-08-08T09:11:19Z,Digitizer_run2126_subrun51.csv,24,False,,,2.96,-0.529
2026-08-08T09:11:19Z,Digitizer_run2126_subrun51.csv,25,False,,,2.89,-0.507
2026-08-08T09:11:19Z,Digitizer_run2126_subrun51.csv,26,False,,,3.0,-0.4845
2026-08-08T09:11:19Z,Digitizer_run2126_subrun51.csv,27,False,,,3.53,-0.5516
2026-08-08T09:11:19Z,Digitizer_run2126_subrun51.csv,28,False,,,4.72,-0.5156
2026-08-08T09:11:19Z,Digitizer_run2126_subrun51.csv,29,False,,,3.6,-0.5088
2026-08-08T09:11:19Z,Digitizer_run2126_subrun51.csv,30,False,,,6.08,-0.6071
2026-08-08T09:11:19Z,Digitizer_run2126_subrun51.csv,31,True,statistical+IF,sideband_rms_mean,9.36,-0.6417
2026-08-08T09:11:19Z,Digitizer_run2126_subrun51.csv,32,False,,,3.31,-0.4993
2026-08-08T09:11:19Z,Digitizer_run2126_subrun51.csv,33,False,,,3.18,-0.5346
2026-08-08T09:11:19Z,Digitizer_run2126_subrun51.csv,34,False,,,7.0,-0.5314
2026-08-08T09:11:19Z,Digitizer_run2126_subrun51.csv,35,False,,,3.82,-0.4388
2026-08-08T09:11:19Z,Digitizer_run2126_subrun51.csv,36,True,statistical,pulseHeight_max_std,10.54,-0.5964
2026-08-08T09:11:19Z,Digitizer_run2126_subrun51.csv,37,False,,,5.6,-0.5678
2026-08-08T09:11:19Z,Digitizer_run2126_subrun51.csv,38,False,,,4.26,-0.5124
2026-08-08T09:11:19Z,Digitizer_run2126_subrun51.csv,39,False,,,4.26,-0.51
2026-08-08T09:11:19Z,Digitizer_run2126_subrun51.csv,40,True,statistical,pulseHeight_max_std,11.91,-0.6112
2026-08-08T09:11:19Z,Digitizer_run2126_subrun51.csv,41,True,statistical,pulseHeight_max_std,10.57,-0.5957
2026-08-08T09:11:19Z,Digitizer_run2126_subrun51.csv,42,False,,,5.27,-0.6046
2026-08-08T09:11:19Z,Digitizer_run2126_subrun51.csv,43,False,,,5.52,-0.594
2026-08-08T09:11:19Z,Digitizer_run2126_subrun51.csv,44,False,,,6.77,-0.5428
2026-08-08T09:11:19Z,Digitizer_run2126_subrun51.csv,45,False,,,6.34,-0.5434
2026-08-08T09:11:19Z,Digitizer_run2126_subrun51.csv,46,False,,,7.09,-0.5911
2026-08-08T09:11:19Z,Digitizer_run2126_subrun51.csv,47,False,,,6.15,-0.5718
2026-08-08T09:11:19Z,Digitizer_run2126_subrun51.csv,48,True,statistical,pulseHeight_max_std,8.91,-0.5935
2026-08-08T09:11:19Z,Digitizer_run2126_subrun51.csv,49,False,,,7.08,-0.5854
2026-08-08T09:11:19Z,Digitizer_run2126_subrun51.csv,50,False,,,4.65,-0.4904
2026-08-08T09:11:19Z,Digitizer_run2126_subrun51.csv,51,False,,,4.1,-0.4538
2026-08-08T09:11:19Z,Digitizer_run2126_subrun51.csv,52,False,,,6.67,-0.5196
2026-08-08T09:11:19Z,Digitizer_run2126_subrun51.csv,53,False,,,6.0,-0.5285
2026-08-08T09:11:19Z,Digitizer_run2126_subrun51.csv,54,True,statistical,sideband_mean_mean,8.65,-0.5092
2026-08-08T09:11:19Z,Digitizer_run2126_subrun51.csv,55,True,statistical,sideband_mean_mean,8.58,-0.5724
2026-08-08T09:11:19Z,Digitizer_run2126_subrun51.csv,56,False,,,6.41,-0.5187
2026-08-08T09:11:19Z,Digitizer_run2126_subrun51.csv,57,False,,,5.65,-0.5252
2026-08-08T09:11:19Z,Digitizer_run2126_subrun51.csv,58,False,,,5.63,-0.525
2026-08-08T09:11:19Z,Digitizer_run2126_subrun51.csv,59,False,,,4.76,-0.5531
2026-08-08T09:11:19Z,Digitizer_run2126_subrun51.csv,60,False,,,5.83,-0.543
2026-08-08T09:11:19Z,Digitizer_run2126_subrun51.csv,61,False,,,6.04,-0.5623
2026-08-08T09:11:19Z,Digitizer_run2126_subrun51.csv,62,False,,,5.46,-0.5199
2026-08-08T09:11:19Z,Digitizer_run2126_subrun51.csv,63,False,,,4.07,-0.5208
2026-08-08T09:11:19Z,Digitizer_run2126_subrun51.csv,64,False,,,5.43,-0.5479
2026-08-08T09:11:19Z,Digitizer_run2126_subrun51.csv,65,False,,,3.55,-0.5578
2026-08-08T09:11:19Z,Digitizer_run2126_subrun51.csv,66,False,,,4.19,-0.4777
2026-08-08T09:11:19Z,Digitizer_run2126_subrun51.csv,67,True,statistical,pulseHeight_min_median;pulseArea_min_median,9.76,-0.5904
2026-08-08T09:11:19Z,Digitizer_run2126_subrun51.csv,68,False,,,4.74,-0.6111
2026-08-08T09:11:19Z,Digitizer_run2126_subrun51.csv,69,False,,,5.21,-0.5566
2026-08-08T09:11:19Z,Digitizer_run2126_subrun51.csv,70,False,,,4.36,-0.5499
2026-08-08T09:11:19Z,Digitizer_run2126_subrun51.csv,71,False,,,3.58,-0.5391
2026-08-08T09:11:19Z,Digitizer_run2126_subrun51.csv,72,False,,,4.41,-0.5966
2026-08-08T09:11:19Z,Digitizer_run2126_subrun51.csv,73,False,,,4.9,-0.5991
2026-08-08T09:11:19Z,Digitizer_run2126_subrun51.csv,74,False,,,2.37,-0.4627
2026-08-08T09:11:19Z,Digitizer_run2126_subrun51.csv,75,False,,,3.29,-0.5392
2026-08-08T09:11:19Z,Digitizer_run2126_subrun51.csv,76,True,statistical,nPulses_median,13.13,-0.5302
2026-08-08T09:11:19Z,Digitizer_run2126_subrun51.csv,77,True,statistical,sideband_mean_median;nPulses_mean,10.79,-0.6362
2026-08-08T09:11:19Z,Digitizer_run2126_subrun51.csv,78,False,,,5.07,-0.5512
2026-08-08T09:11:19Z,Digitizer_run2126_subrun51.csv,79,False,,,4.03,-0.4823
2026-08-08T09:11:19Z,Digitizer_run2126_subrun51.csv,80,False,,,5.22,-0.5525
2026-08-08T09:11:19Z,Digitizer_run2126_subrun51.csv,81,True,statistical,pulseHeight_max_std,8.21,-0.5754
2026-08-08T09:11:19Z,Digitizer_run2126_subrun51.csv,82,False,,,2.81,-0.4937
2026-08-08T09:11:19Z,Digitizer_run2126_subrun51.csv,83,False,,,3.99,-0.5489
2026-08-08T09:11:19Z,Digitizer_run2126_subrun51.csv,84,False,,,3.51,-0.5016
2026-08-08T09:11:19Z,Digitizer_run2126_subrun51.csv,85,False,,,2.92,-0.4858
2026-08-08T09:11:19Z,Digitizer_run2126_subrun51.csv,86,False,,,6.83,-0.5576
2026-08-08T09:11:19Z,Digitizer_run2126_subrun51.csv,87,False,,,3.15,-0.4427
2026-08-08T09:11:19Z,Digitizer_run2126_subrun51.csv,88,False,,,4.32,-0.545
2026-08-08T09:11:19Z,Digitizer_run2126_subrun51.csv,89,False,,,5.6,-0.5391
2026-08-08T09:11:19Z,Digitizer_run2126_subrun51.csv,90,False,,,2.09,-0.4318
2026-08-08T09:11:19Z,Digitizer_run2126_subrun51.csv,91,False,,,2.51,-0.5019
2026-08-08T09:11:19Z,Digitizer_run2126_subrun51.csv,92,False,,,2.27,-0.5025
2026-08-08T09:11:19Z,Digitizer_run2126_subrun51.csv,93,False,,,1.77,-0.4219
2026-08-08T09:11:19Z,Digitizer_run2126_subrun51.csv,94,False,,,6.42,-0.5961
2026-08-08T09:11:19Z,Digitizer_run2126_subrun51.csv,95,False,,,4.05,-0.5445
2026-08-08T09:11:25Z,Digitizer_run2126_subrun52.csv,0,False,,,3.35,-0.5037
2026-08-08T09:11:25Z,Digitizer_run2126_subrun52.csv,1,False,,,4.74,-0.5446
2026-08-08T09:11:25Z,Digitizer_run2126_subrun52.csv,2,False,,,2.58,-0.4702
2026-08-08T09:11:25Z,Digitizer_run2126_subrun52.csv,3,False,,,3.7,-0.5068
2026-08-08T09:11:25Z,Digitizer_run2126_subrun52.csv,4,False,,,3.0,-0.4768
2026-08-08T09:11:25Z,Digitizer_run2126_subrun52.csv,5,False,,,2.63,-0.48
2026-08-08T09:11:25Z,Digitizer_run2126_subrun52.csv,6,True,statistical,pulseHeight_max_median;pulseArea_max_median,9.26,-0.6356
2026-08-08T09:11:25Z,Digitizer_run2126_subrun52.csv,7,True,statistical,pulseHeight_max_median;pulseArea_max_median,10.42,-0.5931
2026-08-08T09:11:25Z,Digitizer_run2126_subrun52.csv,8,False,,,5.76,-0.6264
2026-08-08T09:11:25Z,Digitizer_run2126_subrun52.csv,9,False,,,4.73,-0.5857
2026-08-08T09:11:25Z,Digitizer_run2126_subrun52.csv,10,False,,,4.17,-0.5316
2026-08-08T09:11:25Z,Digitizer_run2126_subrun52.csv,11,True,statistical,nPulses_median,10.17,-0.6216
2026-08-08T09:11:25Z,Digitizer_run2126_subrun52.csv,12,True,statistical,nPulses_median,23.32,-0.5596
2026-08-08T09:11:25Z,Digitizer_run2126_subrun52.csv,13,False,,,7.07,-0.5944
2026-08-08T09:11:25Z,Digitizer_run2126_subrun52.csv,14,True,statistical+IF,sideband_mean_mean,9.73,-0.6637
2026-08-08T09:11:25Z,Digitizer_run2126_subrun52.csv,15,True,statistical+IF,sideband_mean_mean,11.35,-0.6427
2026-08-08T09:11:25Z,Digitizer_run2126_subrun52.csv,16,False,,,3.19,-0.5431
2026-08-08T09:11:25Z,Digitizer_run2126_subrun52.csv,17,False,,,2.81,-0.5335
2026-08-08T09:11:25Z,Digitizer_run2126_subrun52.csv,18,False,,,3.85,-0.5576
2026-08-08T09:11:25Z,Digitizer_run2126_subrun52.csv,19,False,,,3.07,-0.522
2026-08-08T09:11:25Z,Digitizer_run2126_subrun52.csv,20,False,,,3.47,-0.4932
2026-08-08T09:11:25Z,Digitizer_run2126_subrun52.csv,21,False,,,4.31,-0.4633
2026-08-08T09:11:25Z,Digitizer_run2126_subrun52.csv,22,True,statistical,pulseDuriation_max_std;pulseDuriation_min_std,8.38,-0.6068
2026-08-08T09:11:25Z,Digitizer_run2126_subrun52.csv,23,True,statistical,pulseDuriation_max_std;pulseDuriation_min_std,11.14,-0.5994
2026-08-08T09:11:25Z,Digitizer_run2126_subrun52.csv,24,False,,,6.08,-0.5401
2026-08-08T09:11:25Z,Digitizer_run2126_subrun52.csv,25,False,,,3.82,-0.585
2026-08-08T09:11:25Z,Digitizer_run2126_subrun52.csv,26,False,,,6.63,-0.5885
2026-08-08T09:11:25Z,Digitizer_run2126_subrun52.csv,27,False,,,3.55,-0.5182
2026-08-08T09:11:25Z,Digitizer_run2126_subrun52.csv,28,False,,,2.98,-0.4772
2026-08-08T09:11:25Z,Digitizer_run2126_subrun52.csv,29,False,,,2.52,-0.4372
2026-08-08T09:11:25Z,Digitizer_run2126_subrun52.csv,30,False,,,4.2,-0.5627
2026-08-08T09:11:25Z,Digitizer_run2126_subrun52.csv,31,False,,,4.3,-0.4552
2026-08-08T09:11:25Z,Digitizer_run2126_subrun52.csv,32,True,statistical,pulseHeight_min_median;pulseArea_min_median,14.95,-0.6308
2026-08-08T09:11:25Z,Digitizer_run2126_subrun52.csv,33,False,,,4.3,-0.589
2026-08-08T09:11:25Z,Digitizer_run2126_subrun52.csv,34,False,,,4.88,-0.5489
2026-08-08T09:11:25Z,Digitizer_run2126_subrun52.csv,35,False,,,4.92,-0.4993
2026-08-08T09:11:25Z,Digitizer_run2126_subrun52.csv,36,False,,,4.52,-0.5761
2026-08-08T09:11:25Z,Digitizer_run2126_subrun52.csv,37,False,,,4.71,-0.5261
2026-08-08T09:11:25Z,Digitizer_run2126_subrun52.csv,38,False,,,4.54,-0.5415
2026-08-08T09:11:25Z,Digitizer_run2126_subrun52.csv,39,False,,,4.94,-0.561
2026-08-08T09:11:25Z,Digitizer_run2126_subrun52.csv,40,True,statistical+IF,pulseHeight_min_mean;pulseHeight_min_median;pulseArea_min_median,21.74,-0.642
2026-08-08T09:11:25Z,Digitizer_run2126_subrun52.csv,41,False,,,6.11,-0.6024
2026-08-08T09:11:25Z,Digitizer_run2126_subrun52.csv,42,False,,,4.48,-0.4726
2026-08-08T09:11:25Z,Digitizer_run2126_subrun52.csv,43,False,,,4.28,-0.4928
2026-08-08T09:11:25Z,Digitizer_run2126_subrun52.csv,44,False,,,6.43,-0.6317
2026-08-08T09:11:25Z,Digitizer_run2126_subrun52.csv,45,True,statistical,pulseArea_min_mean,8.29,-0.6092
2026-08-08T09:11:25Z,Digitizer_run2126_subrun52.csv,46,False,,,4.77,-0.5165
2026-08-08T09:11:25Z,Digitizer_run2126_subrun52.csv,47,False,,,6.16,-0.4795
2026-08-08T09:11:25Z,Digitizer_run2126_subrun52.csv,48,True,isolation_forest,,6.99,-0.6697
2026-08-08T09:11:25Z,Digitizer_run2126_subrun52.csv,49,False,,,4.56,-0.5342
2026-08-08T09:11:25Z,Digitizer_run2126_subrun52.csv,50,True,statistical,pulseHeight_min_median,9.52,-0.6185
2026-08-08T09:11:25Z,Digitizer_run2126_subrun52.csv,51,False,,,6.51,-0.6283
2026-08-08T09:11:25Z,Digitizer_run2126_subrun52.csv,52,True,statistical+IF,pulseArea_max_mean;pulseArea_min_mean,9.76,-0.6646
2026-08-08T09:11:25Z,Digitizer_run2126_subrun52.csv,53,False,,,7.12,-0.5461
2026-08-08T09:11:25Z,Digitizer_run2126_subrun52.csv,54,False,,,6.76,-0.5713
2026-08-08T09:11:25Z,Digitizer_run2126_subrun52.csv,55,False,,,3.97,-0.5591
2026-08-08T09:11:25Z,Digitizer_run2126_subrun52.csv,56,False,,,6.7,-0.5978
2026-08-08T09:11:25Z,Digitizer_run2126_subrun52.csv,57,False,,,3.84,-0.4919
2026-08-08T09:11:25Z,Digitizer_run2126_subrun52.csv,58,False,,,7.12,-0.5955
2026-08-08T09:11:25Z,Digitizer_run2126_subrun52.csv,59,False,,,6.27,-0.5174
2026-08-08T09:11:25Z,Digitizer_run2126_subrun52.csv,60,False,,,6.34,-0.5863
2026-08-08T09:11:25Z,Digitizer_run2126_subrun52.csv,61,False,,,4.41,-0.4827
2026-08-08T09:11:25Z,Digitizer_run2126_subrun52.csv,62,False,,,6.96,-0.6345
2026-08-08T09:11:25Z,Digitizer_run2126_subrun52.csv,63,False,,,6.28,-0.6386
2026-08-08T09:11:25Z,Digitizer_run2126_subrun52.csv,64,False,,,5.08,-0.6088
2026-08-08T09:11:25Z,Digitizer_run2126_subrun52.csv,65,True,statistical+IF,pulseArea_max_mean;pulseArea_min_mean,14.19,-0.6576
2026-08-08T09:11:25Z,Digitizer_run2126_subrun52.csv,66,False,,,3.87,-0.4571
2026-08-08T09:11:25Z,Digitizer_run2126_subrun52.csv,67,False,,,4.49,-0.466
2026-08-08T09:11:25Z,Digitizer_run2126_subrun52.csv,68,False,,,4.15,-0.5866
2026-08-08T09:11:25Z,Digitizer_run2126_subrun52.csv,69,False,,,6.13,-0.4938
2026-08-08T09:11:25Z,Digitizer_run2126_subrun52.csv,70,False,,,6.33,-0.5847
2026-08-08T09:11:25Z,Digitizer_run2126_subrun52.csv,71,False,,,3.9,-0.5574
2026-08-08T09:11:25Z,Digitizer_run2126_subrun52.csv,72,False,,,3.87,-0.5036
2026-08-08T09:11:25Z,Digitizer_run2126_subrun52.csv,73,False,,,3.3,-0.4751
2026-08-08T09:11:25Z,Digitizer_run2126_subrun52.csv,74,False,,,2.93,-0.4893
2026-08-08T09:11:25Z,Digitizer_run2126_subrun52.csv,75,False,,,3.81,-0.5581
2026-08-08T09:11:25Z,Digitizer_run2126_subrun52.csv,76,False,,,3.93,-0.5413
2026-08-08T09:11:25Z,Digitizer_run2126_subrun52.csv,77,True,isolation_forest,,7.03,-0.6502
2026-08-08T09:11:25Z,Digitizer_run2126_subrun52.csv,78,True,statistical+IF,pulseHeight_min_mean;pulseHeight_min_median;pulseArea_min_median;pulseDuriation_min_median,12.5,-0.6598
2026-08-08T09:11:25Z,Digitizer_run2126_subrun52.csv,79,True,statistical,pulseHeight_max_median,8.99,-0.5201
2026-08-08T09:11:25Z,Digitizer_run2126_subrun52.csv,80,False,,,4.16,-0.5159
2026-08-08T09:11:25Z,Digitizer_run2126_subrun52.csv,81,False,,,4.0,-0.5322
2026-08-08T09:11:25Z,Digitizer_run2126_subrun52.csv,82,False,,,6.21,-0.5564
2026-08-08T09:11:25Z,Digitizer_run2126_subrun52.csv,83,False,,,2.15,-0.443
2026-08-08T09:11:25Z,Digitizer_run2126_subrun52.csv,84,False,,,3.79,-0.5237
2026-08-08T09:11:25Z,Digitizer_run2126_subrun52.csv,85,False,,,3.23,-0.5081
2026-08-08T09:11:25Z,Digitizer_run2126_subrun52.csv,86,False,,,2.76,-0.4575
2026-08-08T09:11:25Z,Digitizer_run2126_subrun52.csv,87,False,,,2.9,-0.4931
2026-08-08T09:11:25Z,Digitizer_run2126_subrun52.csv,88,False,,,3.89,-0.5701
2026-08-08T09:11:25Z,Digitizer_run2126_subrun52.csv,89,False,,,7.29,-0.5926
2026-08-08T09:11:25Z,Digitizer_run2126_subrun52.csv,90,False,,,7.27,-0.5606
2026-08-08T09:11:25Z,Digitizer_run2126_subrun52.csv,91,False,,,5.9,-0.5495
2026-08-08T09:11:25Z,Digitizer_run2126_subrun52.csv,92,False,,,2.99,-0.5044
2026-08-08T09:11:25Z,Digitizer_run2126_subrun52.csv,93,False,,,3.01,-0.5235
2026-08-08T09:11:25Z,Digitizer_run2126_subrun52.csv,94,True,statistical,nPulses_median,10.43,-0.5655
2026-08-08T09:11:25Z,Digitizer_run2126_subrun52.csv,95,False,,,4.2,-0.4985
2026-08-08T09:11:31Z,Digitizer_run2126_subrun53.csv,0,True,statistical,pulseHeight_max_median;pulseArea_max_median,23.98,-0.6373
2026-08-08T09:11:31Z,Digitizer_run2126_subrun53.csv,1,True,statistical+IF,pulseHeight_max_median;pulseArea_max_median,19.19,-0.649
2026-08-08T09:11:31Z,Digitizer_run2126_subrun53.csv,2,True,statistical,nPulses_median,10.21,-0.4714
2026-08-08T09:11:31Z,Digitizer_run2126_subrun53.csv,3,False,,,7.89,-0.5464
2026-08-08T09:11:31Z,Digitizer_run2126_subrun53.csv,4,False,,,6.08,-0.5286
2026-08-08T09:11:31Z,Digitizer_run2126_subrun53.csv,5,False,,,3.38,-0.5313
2026-08-08T09:11:31Z,Digitizer_run2126_subrun53.csv,6,False,,,2.73,-0.4429
2026-08-08T09:11:31Z,Digitizer_run2126_subrun53.csv,7,False,,,2.41,-0.4525
2026-08-08T09:11:31Z,Digitizer_run2126_subrun53.csv,8,False,,,6.12,-0.6296
2026-08-08T09:11:31Z,Digitizer_run2126_subrun53.csv,9,False,,,3.92,-0.5465
2026-08-08T09:11:31Z,Digitizer_run2126_subrun53.csv,10,True,statistical,nPulses_median,8.38,-0.6022
2026-08-08T09:11:31Z,Digitizer_run2126_subrun53.csv,11,False,,,5.62,-0.5156
2026-08-08T09:11:31Z,Digitizer_run2126_subrun53.csv,12,False,,,3.19,-0.4936
2026-08-08T09:11:31Z,Digitizer_run2126_subrun53.csv,13,False,,,3.6,-0.4949
2026-08-08T09:11:31Z,Digitizer_run2126_subrun53.csv,14,False,,,1.94,-0.4613
2026-08-08T09:11:31Z,Digitizer_run2126_subrun53.csv,15,False,,,7.38,-0.5295
2026-08-08T09:11:31Z,Digitizer_run2126_subrun53.csv,16,False,,,3.35,-0.5641
2026-08-08T09:11:31Z,Digitizer_run2126_subrun53.csv,17,False,,,4.52,-0.5401
2026-08-08T09:11:31Z,Digitizer_run2126_subrun53.csv,18,False,,,3.87,-0.5162
2026-08-08T09:11:31Z,Digitizer_run2126_subrun53.csv,19,False,,,2.99,-0.5112
2026-08-08T09:11:31Z,Digitizer_run2126_subrun53.csv,20,False,,,2.87,-0.5206
2026-08-08T09:11:31Z,Digitizer_run2126_subrun53.csv,21,False,,,3.34,-0.4702
2026-08-08T09:11:31Z,Digitizer_run2126_subrun53.csv,22,False,,,2.62,-0.4405
2026-08-08T09:11:31Z,Digitizer_run2126_subrun53.csv,23,False,,,4.97,-0.5228
2026-08-08T09:11:31Z,Digitizer_run2126_subrun53.csv,24,False,,,2.37,-0.4822
2026-08-08T09:11:31Z,Digitizer_run2126_subrun53.csv,25,False,,,2.81,-0.4669
2026-08-08T09:11:31Z,Digitizer_run2126_subrun53.csv,26,False,,,5.74,-0.5598
2026-08-08T09:11:31Z,Digitizer_run2126_subrun53.csv,27,False,,,5.22,-0.5972
2026-08-08T09:11:31Z,Digitizer_run2126_subrun53.csv,28,False,,,5.01,-0.6226
2026-08-08T09:11:31Z,Digitizer_run2126_subrun53.csv,29,False,,,4.58,-0.5898
2026-08-08T09:11:31Z,Digitizer_run2126_subrun53.csv,30,False,,,3.24,-0.4641
2026-08-08T09:11:31Z,Digitizer_run2126_subrun53.csv,31,False,,,3.33,-0.4746
2026-08-08T09:11:31Z,Digitizer_run2126_subrun53.csv,32,False,,,5.72,-0.6186
2026-08-08T09:11:31Z,Digitizer_run2126_subrun53.csv,33,False,,,5.77,-0.5253
2026-08-08T09:11:31Z,Digitizer_run2126_subrun53.csv,34,False,,,4.74,-0.5292
2026-08-08T09:11:31Z,Digitizer_run2126_subrun53.csv,35,False,,,2.71,-0.4239
2026-08-08T09:11:31Z,Digitizer_run2126_subrun53.csv,36,False,,,7.57,-0.5586
2026-08-08T09:11:31Z,Digitizer_run2126_subrun53.csv,37,False,,,3.89,-0.4712
2026-08-08T09:11:31Z,Digitizer_run2126_subrun53.csv,38,False,,,4.04,-0.5388
2026-08-08T09:11:31Z,Digitizer_run2126_subrun53.csv,39,False,,,4.98,-0.5929
2026-08-08T09:11:31Z,Digitizer_run2126_subrun53.csv,40,False,,,3.95,-0.4629
2026-08-08T09:11:31Z,Digitizer_run2126_subrun53.csv,41,False,,,3.61,-0.4466
2026-08-08T09:11:31Z,Digitizer_run2126_subrun53.csv,42,False,,,5.77,-0.4972
2026-08-08T09:11:31Z,Digitizer_run2126_subrun53.csv,43,True,statistical,nPulses_median,11.41,-0.5341
2026-08-08T09:11:31Z,Digitizer_run2126_subrun53.csv,44,True,statistical,pulseHeight_min_median;pulseArea_min_median,11.15,-0.585
2026-08-08T09:11:31Z,Digitizer_run2126_subrun53.csv,45,False,,,4.51,-0.5481
2026-08-08T09:11:31Z,Digitizer_run2126_subrun53.csv,46,False,,,2.39,-0.4284
2026-08-08T09:11:31Z,Digitizer_run2126_subrun53.csv,47,False,,,3.85,-0.5312
2026-08-08T09:11:31Z,Digitizer_run2126_subrun53.csv,48,False,,,7.06,-0.5814
2026-08-08T09:11:31Z,Digitizer_run2126_subrun53.csv,49,False,,,7.44,-0.6181
2026-08-08T09:11:31Z,Digitizer_run2126_subrun53.csv,50,True,statistical,nPulses_median,1000000.0,-0.5744
2026-08-08T09:11:31Z,Digitizer_run2126_subrun53.csv,51,False,,,3.92,-0.4838
2026-08-08T09:11:31Z,Digitizer_run2126_subrun53.csv,52,False,,,7.54,-0.5798
2026-08-08T09:11:31Z,Digitizer_run2126_subrun53.csv,53,False,,,6.55,-0.5548
2026-08-08T09:11:31Z,Digitizer_run2126_subrun53.csv,54,False,,,5.85,-0.502
2026-08-08T09:11:31Z,Digitizer_run2126_subrun53.csv,55,False,,,2.67,-0.4744
2026-08-08T09:11:31Z,Digitizer_run2126_subrun53.csv,56,False,,,5.2,-0.4807
2026-08-08T09:11:31Z,Digitizer_run2126_subrun53.csv,57,True,statistical,pulseHeight_max_median;pulseArea_max_median,26.98,-0.611
2026-08-08T09:11:31Z,Digitizer_run2126_subrun53.csv,58,True,statistical,sideband_rms_mean,11.53,-0.5773
2026-08-08T09:11:31Z,Digitizer_run2126_subrun53.csv,59,True,statistical,sideband_rms_mean,9.29,-0.5886
2026-08-08T09:11:31Z,Digitizer_run2126_subrun53.csv,60,False,,,5.31,-0.5236
2026-08-08T09:11:31Z,Digitizer_run2126_subrun53.csv,61,False,,,5.05,-0.5936
2026-08-08T09:11:31Z,Digitizer_run2126_subrun53.csv,62,False,,,6.49,-0.5052
2026-08-08T09:11:31Z,Digitizer_run2126_subrun53.csv,63,False,,,3.76,-0.4965
2026-08-08T09:11:31Z,Digitizer_run2126_subrun53.csv,64,False,,,7.17,-0.5811
2026-08-08T09:11:31Z,Digitizer_run2126_subrun53.csv,65,False,,,3.6,-0.5116
2026-08-08T09:11:31Z,Digitizer_run2126_subrun53.csv,66,False,,,4.11,-0.4405
2026-08-08T09:11:31Z,Digitizer_run2126_subrun53.csv,67,False,,,2.92,-0.4699
2026-08-08T09:11:31Z,Digitizer_run2126_subrun53.csv,68,False,,,4.15,-0.5149
2026-08-08T09:11:31Z,Digitizer_run2126_subrun53.csv,69,False,,,3.81,-0.456
2026-08-08T09:11:31Z,Digitizer_run2126_subrun53.csv,70,False,,,2.28,-0.4525
2026-08-08T09:11:31Z,Digitizer_run2126_subrun53.csv,71,False,,,3.58,-0.5283
2026-08-08T09:11:31Z,Digitizer_run2126_subrun53.csv,72,False,,,4.39,-0.5378
2026-08-08T09:11:31Z,Digitizer_run2126_subrun53.csv,73,False,,,5.42,-0.5938
2026-08-08T09:11:31Z,Digitizer_run2126_subrun53.csv,74,False,,,3.58,-0.5223
2026-08-08T09:11:31Z,Digitizer_run2126_subrun53.csv,75,False,,,2.62,-0.4712
2026-08-08T09:11:31Z,Digitizer_run2126_subrun53.csv,76,False,,,1.96,-0.4163
2026-08-08T09:11:31Z,Digitizer_run2126_subrun53.csv,77,False,,,2.81,-0.4699
2026-08-08T09:11:31Z,Digitizer_run2126_subrun53.csv,78,False,,,6.04,-0.6135
2026-08-08T09:11:31Z,Digitizer_run2126_subrun53.csv,79,False,,,6.07,-0.5876
2026-08-08T09:11:31Z,Digitizer_run2126_subrun53.csv,80,False,,,3.6,-0.4498
2026-08-08T09:11:31Z,Digitizer_run2126_subrun53.csv,81,False,,,4.59,-0.5578
2026-08-08T09:11:31Z,Digitizer_run2126_subrun53.csv,82,False,,,3.08,-0.4833
2026-08-08T09:11:31Z,Digitizer_run2126_subrun53.csv,83,False,,,4.98,-0.5104
2026-08-08T09:11:31Z,Digitizer_run2126_subrun53.csv,84,False,,,2.5,-0.4799
2026-08-08T09:11:31Z,Digitizer_run2126_subrun53.csv,85,False,,,4.25,-0.5856
2026-08-08T09:11:31Z,Digitizer_run2126_subrun53.csv,86,False,,,3.73,-0.54
2026-08-08T09:11:31Z,Digitizer_run2126_subrun53.csv,87,False,,,2.69,-0.4894
2026-08-08T09:11:31Z,Digitizer_run2126_subrun53.csv,88,True,statistical+IF,sideband_rms_mean;sideband_rms_std,21.57,-0.6448
2026-08-08T09:11:31Z,Digitizer_run2126_subrun53.csv,89,True,statistical+IF,sideband_mean_mean;sideband_rms_mean,17.86,-0.6457
2026-08-08T09:11:31Z,Digitizer_run2126_subrun53.csv,90,True,statistical,pulseArea_min_median,9.55,-0.6085
2026-08-08T09:11:31Z,Digitizer_run2126_subrun53.csv,91,False,,,4.14,-0.4814
2026-08-08T09:11:31Z,Digitizer_run2126_subrun53.csv,92,False,,,4.69,-0.571
2026-08-08T09:11:31Z,Digitizer_run2126_subrun53.csv,93,False,,,2.54,-0.4582
2026-08-08T09:11:31Z,Digitizer_run2126_subrun53.csv,94,False,,,2.74,-0.4442
2026-08-08T09:11:31Z,Digitizer_run2126_subrun53.csv,95,False,,,3.46,-0.4951
2026-08-08T09:11:36Z,Digitizer_run2126_subrun54.csv,0,False,,,2.89,-0.5155
2026-08-08T09:11:36Z,Digitizer_run2126_subrun54.csv,1,False,,,3.83,-0.5363
2026-08-08T09:11:36Z,Digitizer_run2126_subrun54.csv,2,False,,,5.11,-0.5027
2026-08-08T09:11:36Z,Digitizer_run2126_subrun54.csv,3,False,,,5.29,-0.495
2026-08-08T09:11:36Z,Digitizer_run2126_subrun54.csv,4,False,,,2.21,-0.4539
2026-08-08T09:11:36Z,Digitizer_run2126_subrun54.csv,5,False,,,4.26,-0.533
2026-08-08T09:11:36Z,Digitizer_run2126_subrun54.csv,6,False,,,6.35,-0.5676
2026-08-08T09:11:36Z,Digitizer_run2126_subrun54.csv,7,False,,,3.3,-0.4609
2026-08-08T09:11:36Z,Digitizer_run2126_subrun54.csv,8,False,,,3.1,-0.4678
2026-08-08T09:11:36Z,Digitizer_run2126_subrun54.csv,9,False,,,4.6,-0.5283
2026-08-08T09:11:36Z,Digitizer_run2126_subrun54.csv,10,False,,,7.58,-0.6087
2026-08-08T09:11:36Z,Digitizer_run2126_subrun54.csv,11,True,statistical,nPulses_median,10.17,-0.536
2026-08-08T09:11:36Z,Digitizer_run2126_subrun54.csv,12,False,,,2.47,-0.4633
2026-08-08T09:11:36Z,Digitizer_run2126_subrun54.csv,13,False,,,2.67,-0.486
2026-08-08T09:11:36Z,Digitizer_run2126_subrun54.csv,14,True,statistical,nPulses_median,17.87,-0.6029
2026-08-08T09:11:36Z,Digitizer_run2126_subrun54.csv,15,False,,,3.11,-0.5163
2026-08-08T09:11:36Z,Digitizer_run2126_subrun54.csv,16,False,,,2.38,-0.4806
2026-08-08T09:11:36Z,Digitizer_run2126_subrun54.csv,17,False,,,3.4,-0.4773
2026-08-08T09:11:36Z,Digitizer_run2126_subrun54.csv,18,False,,,2.81,-0.4462
2026-08-08T09:11:36Z,Digitizer_run2126_subrun54.csv,19,False,,,2.64,-0.4551
2026-08-08T09:11:36Z,Digitizer_run2126_subrun54.csv,20,False,,,3.93,-0.4979
2026-08-08T09:11:36Z,Digitizer_run2126_subrun54.csv,21,False,,,1.63,-0.4265
2026-08-08T09:11:36Z,Digitizer_run2126_subrun54.csv,22,False,,,2.23,-0.4408
2026-08-08T09:11:36Z,Digitizer_run2126_subrun54.csv,23,False,,,2.41,-0.4385
2026-08-08T09:11:36Z,Digitizer_run2126_subrun54.csv,24,False,,,4.41,-0.6255
2026-08-08T09:11:36Z,Digitizer_run2126_subrun54.csv,25,False,,,4.3,-0.5351
2026-08-08T09:11:36Z,Digitizer_run2126_subrun54.csv,26,False,,,2.39,-0.5025
2026-08-08T09:11:36Z,Digitizer_run2126_subrun54.csv,27,False,,,2.53,-0.5249
2026-08-08T09:11:36Z,Digitizer_run2126_subrun54.csv,28,False,,,5.85,-0.5811
2026-08-08T09:11:36Z,Digitizer_run2126_subrun54.csv,29,True,statistical,nPulses_std,9.5,-0.5614
2026-08-08T09:11:36Z,Digitizer_run2126_subrun54.csv,30,False,,,1.85,-0.4791
2026-08-08T09:11:36Z,Digitizer_run2126_subrun54.csv,31,False,,,2.23,-0.4282
2026-08-08T09:11:36Z,Digitizer_run2126_subrun54.csv,32,True,statistical,nPulses_median,13.17,-0.6076
2026-08-08T09:11:36Z,Digitizer_run2126_subrun54.csv,33,False,,,7.42,-0.5917
2026-08-08T09:11:36Z,Digitizer_run2126_subrun54.csv,34,False,,,4.3,-0.5892
2026-08-08T09:11:36Z,Digitizer_run2126_subrun54.csv,35,False,,,6.24,-0.5715
2026-08-08T09:11:36Z,Digitizer_run2126_subrun54.csv,36,True,statistical,pulseArea_min_median,8.87,-0.6289
2026-08-08T09:11:36Z,Digitizer_run2126_subrun54.csv,37,False,,,5.37,-0.5025
2026-08-08T09:11:36Z,Digitizer_run2126_subrun54.csv,38,False,,,3.54,-0.4799
2026-08-08T09:11:36Z,Digitizer_run2126_subrun54.csv,39,False,,,3.25,-0.4337
2026-08-08T09:11:36Z,Digitizer_run2126_subrun54.csv,40,False,,,3.24,-0.4935
2026-08-08T09:11:36Z,Digitizer_run2126_subrun54.csv,41,False,,,5.0,-0.5147
2026-08-08T09:11:36Z,Digitizer_run2126_subrun54.csv,42,False,,,5.59,-0.4888
2026-08-08T09:11:36Z,Digitizer_run2126_subrun54.csv,43,False,,,3.54,-0.5381
2026-08-08T09:11:36Z,Digitizer_run2126_subrun54.csv,44,False,,,3.8,-0.5101
2026-08-08T09:11:36Z,Digitizer_run2126_subrun54.csv,45,False,,,4.05,-0.5239
2026-08-08T09:11:36Z,Digitizer_run2126_subrun54.csv,46,True,statistical+IF,sideband_mean_mean;sideband_rms_mean,11.6,-0.6788
2026-08-08T09:11:36Z,Digitizer_run2126_subrun54.csv,47,True,statistical,sideband_mean_mean,12.25,-0.6008
2026-08-08T09:11:36Z,Digitizer_run2126_subrun54.csv,48,False,,,4.47,-0.5532
2026-08-08T09:11:36Z,Digitizer_run2126_subrun54.csv,49,False,,,4.41,-0.5252
2026-08-08T09:11:36Z,Digitizer_run2126_subrun54.csv,50,False,,,6.25,-0.5414
2026-08-08T09:11:36Z,Digitizer_run2126_subrun54.csv,51,False,,,4.13,-0.5655
2026-08-08T09:11:36Z,Digitizer_run2126_subrun54.csv,52,False,,,4.99,-0.5725
2026-08-08T09:11:36Z,Digitizer_run2126_subrun54.csv,53,True,statistical+IF,pulseHeight_max_median;pulseHeight_min_median;pulseArea_max_median;pulseArea_min_median,16.76,-0.6519
2026-08-08T09:11:36Z,Digitizer_run2126_subrun54.csv,54,False,,,6.98,-0.6253
2026-08-08T09:11:36Z,Digitizer_run2126_subrun54.csv,55,False,,,3.92,-0.5171
2026-08-08T09:11:36Z,Digitizer_run2126_subrun54.csv,56,False,,,5.49,-0.5988
2026-08-08T09:11:36Z,Digitizer_run2126_subrun54.csv,57,True,statistical,sideband_mean_mean,8.4,-0.5603
2026-08-08T09:11:36Z,Digitizer_run2126_subrun54.csv,58,False,,,5.3,-0.4862
2026-08-08T09:11:36Z,Digitizer_run2126_subrun54.csv,59,False,,,5.28,-0.5352
2026-08-08T09:11:36Z,Digitizer_run2126_subrun54.csv,60,False,,,5.5,-0.4942
2026-08-08T09:11:36Z,Digitizer_run2126_subrun54.csv,61,False,,,5.41,-0.5444
2026-08-08T09:11:36Z,Digitizer_run2126_subrun54.csv,62,False,,,6.37,-0.5588
2026-08-08T09:11:36Z,Digitizer_run2126_subrun54.csv,63,False,,,5.28,-0.5624
2026-08-08T09:11:36Z,Digitizer_run2126_subrun54.csv,64,False,,,6.16,-0.5829
2026-08-08T09:11:36Z,Digitizer_run2126_subrun54.csv,65,False,,,3.18,-0.5067
2026-08-08T09:11:36Z,Digitizer_run2126_subrun54.csv,66,True,statistical+IF,nPulses_median;pulseHeight_max_median;pulseArea_max_median,21.11,-0.6568
2026-08-08T09:11:36Z,Digitizer_run2126_subrun54.csv,67,True,isolation_forest,,6.08,-0.6553
2026-08-08T09:11:36Z,Digitizer_run2126_subrun54.csv,68,False,,,6.17,-0.5918
2026-08-08T09:11:36Z,Digitizer_run2126_subrun54.csv,69,True,statistical,sideband_mean_mean,8.03,-0.5769
2026-08-08T09:11:36Z,Digitizer_run2126_subrun54.csv,70,False,,,7.78,-0.5595
2026-08-08T09:11:36Z,Digitizer_run2126_subrun54.csv,71,False,,,3.58,-0.5339
2026-08-08T09:11:36Z,Digitizer_run2126_subrun54.csv,72,False,,,4.91,-0.5349
2026-08-08T09:11:36Z,Digitizer_run2126_subrun54.csv,73,False,,,5.15,-0.491
2026-08-08T09:11:36Z,Digitizer_run2126_subrun54.csv,74,False,,,4.05,-0.5742
2026-08-08T09:11:36Z,Digitizer_run2126_subrun54.csv,75,False,,,2.41,-0.4971
2026-08-08T09:11:36Z,Digitizer_run2126_subrun54.csv,76,False,,,3.48,-0.4716
2026-08-08T09:11:36Z,Digitizer_run2126_subrun54.csv,77,False,,,5.95,-0.5523
2026-08-08T09:11:36Z,Digitizer_run2126_subrun54.csv,78,False,,,4.57,-0.4503
2026-08-08T09:11:36Z,Digitizer_run2126_subrun54.csv,79,False,,,4.18,-0.5323
2026-08-08T09:11:36Z,Digitizer_run2126_subrun54.csv,80,False,,,5.02,-0.5092
2026-08-08T09:11:36Z,Digitizer_run2126_subrun54.csv,81,False,,,4.35,-0.5702
2026-08-08T09:11:36Z,Digitizer_run2126_subrun54.csv,82,False,,,6.59,-0.5776
2026-08-08T09:11:36Z,Digitizer_run2126_subrun54.csv,83,False,,,7.89,-0.5842
2026-08-08T09:11:36Z,Digitizer_run2126_subrun54.csv,84,False,,,3.59,-0.5391
2026-08-08T09:11:36Z,Digitizer_run2126_subrun54.csv,85,False,,,3.67,-0.4832
2026-08-08T09:11:36Z,Digitizer_run2126_subrun54.csv,86,False,,,2.95,-0.488
2026-08-08T09:11:36Z,Digitizer_run2126_subrun54.csv,87,False,,,3.9,-0.5738
2026-08-08T09:11:36Z,Digitizer_run2126_subrun54.csv,88,False,,,4.68,-0.5046
2026-08-08T09:11:36Z,Digitizer_run2126_subrun54.csv,89,False,,,4.48,-0.5392
2026-08-08T09:11:36Z,Digitizer_run2126_subrun54.csv,90,True,statistical,pulseHeight_min_median,8.38,-0.5628
2026-08-08T09:11:36Z,Digitizer_run2126_subrun54.csv,91,False,,,3.18,-0.4818
2026-08-08T09:11:36Z,Digitizer_run2126_subrun54.csv,92,False,,,4.69,-0.5485
2026-08-08T09:11:36Z,Digitizer_run2126_subrun54.csv,93,False,,,3.29,-0.5577
2026-08-08T09:11:36Z,Digitizer_run2126_subrun54.csv,94,False,,,1.86,-0.4416
2026-08-08T09:11:36Z,Digitizer_run2126_subrun54.csv,95,False,,,2.4,-0.4385
2026-08-08T09:11:42Z,Digitizer_run2126_subrun55.csv,0,False,,,2.96,-0.4666
2026-08-08T09:11:42Z,Digitizer_run2126_subrun55.csv,1,False,,,5.42,-0.5155
2026-08-08T09:11:42Z,Digitizer_run2126_subrun55.csv,2,True,statistical,pulseArea_max_median,10.75,-0.6029
2026-08-08T09:11:42Z,Digitizer_run2126_subrun55.csv,3,False,,,3.77,-0.5738
2026-08-08T09:11:42Z,Digitizer_run2126_subrun55.csv,4,False,,,5.8,-0.5939
2026-08-08T09:11:42Z,Digitizer_run2126_subrun55.csv,5,False,,,6.81,-0.5641
2026-08-08T09:11:42Z,Digitizer_run2126_subrun55.csv,6,False,,,2.41,-0.5056
2026-08-08T09:11:42Z,Digitizer_run2126_subrun55.csv,7,False,,,3.78,-0.4911
2026-08-08T09:11:42Z,Digitizer_run2126_subrun55.csv,8,False,,,3.92,-0.502
2026-08-08T09:11:42Z,Digitizer_run2126_subrun55.csv,9,False,,,2.58,-0.4615
2026-08-08T09:11:42Z,Digitizer_run2126_subrun55.csv,10,True,statistical,nPulses_median,8.38,-0.5713
2026-08-08T09:11:42Z,Digitizer_run2126_subrun55.csv,11,False,,,3.51,-0.5234
2026-08-08T09:11:42Z,Digitizer_run2126_subrun55.csv,12,False,,,5.08,-0.5362
2026-08-08T09:11:42Z,Digitizer_run2126_subrun55.csv,13,False,,,3.25,-0.4922
2026-08-08T09:11:42Z,Digitizer_run2126_subrun55.csv,14,False,,,2.94,-0.5388
2026-08-08T09:11:42Z,Digitizer_run2126_subrun55.csv,15,False,,,3.04,-0.5216
2026-08-08T09:11:42Z,Digitizer_run2126_subrun55.csv,16,False,,,1.89,-0.4325
2026-08-08T09:11:42Z,Digitizer_run2126_subrun55.csv,17,False,,,1.8,-0.4271
2026-08-08T09:11:42Z,Digitizer_run2126_subrun55.csv,18,False,,,4.28,-0.5574
2026-08-08T09:11:42Z,Digitizer_run2126_subrun55.csv,19,False,,,2.14,-0.4723
2026-08-08T09:11:42Z,Digitizer_run2126_subrun55.csv,20,False,,,3.77,-0.4794
2026-08-08T09:11:42Z,Digitizer_run2126_subrun55.csv,21,False,,,6.68,-0.5529
2026-08-08T09:11:42Z,Digitizer_run2126_subrun55.csv,22,False,,,3.07,-0.4536
2026-08-08T09:11:42Z,Digitizer_run2126_subrun55.csv,23,False,,,3.46,-0.5068
2026-08-08T09:11:42Z,Digitizer_run2126_subrun55.csv,24,False,,,1.04,-0.4024
2026-08-08T09:11:42Z,Digitizer_run2126_subrun55.csv,25,False,,,3.34,-0.4823
2026-08-08T09:11:42Z,Digitizer_run2126_subrun55.csv,26,False,,,3.13,-0.5079
2026-08-08T09:11:42Z,Digitizer_run2126_subrun55.csv,27,False,,,5.93,-0.5484
2026-08-08T09:11:42Z,Digitizer_run2126_subrun55.csv,28,False,,,4.19,-0.5361
2026-08-08T09:11:42Z,Digitizer_run2126_subrun55.csv,29,False,,,3.65,-0.514
2026-08-08T09:11:42Z,Digitizer_run2126_subrun55.csv,30,False,,,6.2,-0.604
2026-08-08T09:11:42Z,Digitizer_run2126_subrun55.csv,31,False,,,4.81,-0.5137
2026-08-08T09:11:42Z,Digitizer_run2126_subrun55.csv,32,False,,,4.31,-0.5479
2026-08-08T09:11:42Z,Digitizer_run2126_subrun55.csv,33,False,,,2.49,-0.4361
2026-08-08T09:11:42Z,Digitizer_run2126_subrun55.csv,34,False,,,5.18,-0.5156
2026-08-08T09:11:42Z,Digitizer_run2126_subrun55.csv,35,False,,,3.81,-0.5069
2026-08-08T09:11:42Z,Digitizer_run2126_subrun55.csv,36,False,,,4.94,-0.575
2026-08-08T09:11:42Z,Digitizer_run2126_subrun55.csv,37,False,,,5.82,-0.5745
2026-08-08T09:11:42Z,Digitizer_run2126_subrun55.csv,38,True,statistical,pulseHeight_min_median,8.27,-0.604
2026-08-08T09:11:42Z,Digitizer_run2126_subrun55.csv,39,True,statistical,nPulses_median,20.0,-0.5906
2026-08-08T09:11:42Z,Digitizer_run2126_subrun55.csv,40,False,,,5.81,-0.6151
2026-08-08T09:11:42Z,Digitizer_run2126_subrun55.csv,41,False,,,5.18,-0.6129
2026-08-08T09:11:42Z,Digitizer_run2126_subrun55.csv,42,False,,,7.14,-0.5944
2026-08-08T09:11:42Z,Digitizer_run2126_subrun55.csv,43,False,,,5.93,-0.5968
2026-08-08T09:11:42Z,Digitizer_run2126_subrun55.csv,44,False,,,6.08,-0.5568
2026-08-08T09:11:42Z,Digitizer_run2126_subrun55.csv,45,True,statistical,nPulses_median,13.96,-0.6053
2026-08-08T09:11:42Z,Digitizer_run2126_subrun55.csv,46,False,,,4.55,-0.4285
2026-08-08T09:11:42Z,Digitizer_run2126_subrun55.csv,47,False,,,4.4,-0.4512
2026-08-08T09:11:42Z,Digitizer_run2126_subrun55.csv,48,True,statistical,pulseHeight_max_std,9.19,-0.5152
2026-08-08T09:11:42Z,Digitizer_run2126_subrun55.csv,49,False,,,5.72,-0.5698
2026-08-08T09:11:42Z,Digitizer_run2126_subrun55.csv,50,True,statistical,sideband_rms_mean;nPulses_std,10.0,-0.6127
2026-08-08T09:11:42Z,Digitizer_run2126_subrun55.csv,51,False,,,5.88,-0.5637
2026-08-08T09:11:42Z,Digitizer_run2126_subrun55.csv,52,False,,,5.65,-0.5501
2026-08-08T09:11:42Z,Digitizer_run2126_subrun55.csv,53,True,isolation_forest,,6.46,-0.6639
2026-08-08T09:11:42Z,Digitizer_run2126_subrun55.csv,54,False,,,6.36,-0.5183
2026-08-08T09:11:42Z,Digitizer_run2126_subrun55.csv,55,False,,,3.07,-0.425
2026-08-08T09:11:42Z,Digitizer_run2126_subrun55.csv,56,False,,,5.24,-0.579
2026-08-08T09:11:42Z,Digitizer_run2126_subrun55.csv,57,False,,,4.62,-0.4433
2026-08-08T09:11:42Z,Digitizer_run2126_subrun55.csv,58,False,,,4.15,-0.4658
2026-08-08T09:11:42Z,Digitizer_run2126_subrun55.csv,59,False,,,4.32,-0.4689
2026-08-08T09:11:42Z,Digitizer_run2126_subrun55.csv,60,False,,,5.85,-0.4933
2026-08-08T09:11:42Z,Digitizer_run2126_subrun55.csv,61,False,,,5.23,-0.4999
2026-08-08T09:11:42Z,Digitizer_run2126_subrun55.csv,62,False,,,4.78,-0.5308
2026-08-08T09:11:42Z,Digitizer_run2126_subrun55.csv,63,False,,,2.35,-0.4583
2026-08-08T09:11:42Z,Digitizer_run2126_subrun55.csv,64,False,,,7.42,-0.5603
2026-08-08T09:11:42Z,Digitizer_run2126_subrun55.csv,65,False,,,4.77,-0.5727
2026-08-08T09:11:42Z,Digitizer_run2126_subrun55.csv,66,False,,,3.92,-0.4783
2026-08-08T09:11:42Z,Digitizer_run2126_subrun55.csv,67,False,,,3.37,-0.5555
2026-08-08T09:11:42Z,Digitizer_run2126_subrun55.csv,68,False,,,5.53,-0.5083
2026-08-08T09:11:42Z,Digitizer_run2126_subrun55.csv,69,False,,,5.87,-0.5219
2026-08-08T09:11:42Z,Digitizer_run2126_subrun55.csv,70,False,,,4.31,-0.4412
2026-08-08T09:11:42Z,Digitizer_run2126_subrun55.csv,71,False,,,3.68,-0.5719
2026-08-08T09:11:42Z,Digitizer_run2126_subrun55.csv,72,False,,,3.56,-0.5467
2026-08-08T09:11:42Z,Digitizer_run2126_subrun55.csv,73,False,,,3.67,-0.544
2026-08-08T09:11:42Z,Digitizer_run2126_subrun55.csv,74,False,,,4.15,-0.5962
2026-08-08T09:11:42Z,Digitizer_run2126_subrun55.csv,75,False,,,4.85,-0.5968
2026-08-08T09:11:42Z,Digitizer_run2126_subrun55.csv,76,False,,,4.88,-0.6004
2026-08-08T09:11:42Z,Digitizer_run2126_subrun55.csv,77,False,,,5.58,-0.6142
2026-08-08T09:11:42Z,Digitizer_run2126_subrun55.csv,78,False,,,5.38,-0.5489
2026-08-08T09:11:42Z,Digitizer_run2126_subrun55.csv,79,False,,,3.75,-0.4831
2026-08-08T09:11:42Z,Digitizer_run2126_subrun55.csv,80,False,,,3.89,-0.4974
2026-08-08T09:11:42Z,Digitizer_run2126_subrun55.csv,81,False,,,7.36,-0.5818
2026-08-08T09:11:42Z,Digitizer_run2126_subrun55.csv,82,False,,,3.56,-0.49
2026-08-08T09:11:42Z,Digitizer_run2126_subrun55.csv,83,False,,,6.95,-0.5514
2026-08-08T09:11:42Z,Digitizer_run2126_subrun55.csv,84,False,,,3.26,-0.4902
2026-08-08T09:11:42Z,Digitizer_run2126_subrun55.csv,85,False,,,3.52,-0.5016
2026-08-08T09:11:42Z,Digitizer_run2126_subrun55.csv,86,False,,,3.35,-0.4874
2026-08-08T09:11:42Z,Digitizer_run2126_subrun55.csv,87,False,,,3.09,-0.4811
2026-08-08T09:11:42Z,Digitizer_run2126_subrun55.csv,88,False,,,4.1,-0.5832
2026-08-08T09:11:42Z,Digitizer_run2126_subrun55.csv,89,False,,,4.71,-0.5678
2026-08-08T09:11:42Z,Digitizer_run2126_subrun55.csv,90,False,,,3.69,-0.578
2026-08-08T09:11:42Z,Digitizer_run2126_subrun55.csv,91,False,,,3.49,-0.4965
2026-08-08T09:11:42Z,Digitizer_run2126_subrun55.csv,92,False,,,3.9,-0.5891
2026-08-08T09:11:42Z,Digitizer_run2126_subrun55.csv,93,False,,,3.68,-0.5028
2026-08-08T09:11:42Z,Digitizer_run2126_subrun55.csv,94,False,,,3.34,-0.4803
2026-08-08T09:11:42Z,Digitizer_run2126_subrun55.csv,95,False,,,3.0,-0.5051
2026-08-08T09:11:48Z,Digitizer_run2126_subrun56.csv,0,False,,,2.07,-0.4276
2026-08-08T09:11:48Z,Digitizer_run2126_subrun56.csv,1,False,,,3.23,-0.4666
2026-08-08T09:11:48Z,Digitizer_run2126_subrun56.csv,2,False,,,5.12,-0.5321
2026-08-08T09:11:48Z,Digitizer_run2126_subrun56.csv,3,False,,,2.51,-0.505
2026-08-08T09:11:48Z,Digitizer_run2126_subrun56.csv,4,False,,,3.33,-0.4613
2026-08-08T09:11:48Z,Digitizer_run2126_subrun56.csv,5,True,statistical,nPulses_median,14.56,-0.5929
2026-08-08T09:11:48Z,Digitizer_run2126_subrun56.csv,6,False,,,4.12,-0.514
2026-08-08T09:11:48Z,Digitizer_run2126_subrun56.csv,7,False,,,2.34,-0.4723
2026-08-08T09:11:48Z,Digitizer_run2126_subrun56.csv,8,False,,,3.4,-0.5489
2026-08-08T09:11:48Z,Digitizer_run2126_subrun56.csv,9,False,,,3.08,-0.4305
2026-08-08T09:11:48Z,Digitizer_run2126_subrun56.csv,10,True,statistical,nPulses_median,8.38,-0.5283
2026-08-08T09:11:48Z,Digitizer_run2126_subrun56.csv,11,False,,,1.85,-0.4188
2026-08-08T09:11:48Z,Digitizer_run2126_subrun56.csv,12,False,,,2.62,-0.4355
2026-08-08T09:11:48Z,Digitizer_run2126_subrun56.csv,13,False,,,2.4,-0.4225
2026-08-08T09:11:48Z,Digitizer_run2126_subrun56.csv,14,False,,,3.56,-0.5282
2026-08-08T09:11:48Z,Digitizer_run2126_subrun56.csv,15,False,,,3.76,-0.5933
2026-08-08T09:11:48Z,Digitizer_run2126_subrun56.csv,16,False,,,2.19,-0.4483
2026-08-08T09:11:48Z,Digitizer_run2126_subrun56.csv,17,False,,,2.84,-0.481
2026-08-08T09:11:48Z,Digitizer_run2126_subrun56.csv,18,False,,,5.53,-0.5267
2026-08-08T09:11:48Z,Digitizer_run2126_subrun56.csv,19,False,,,4.45,-0.5389
2026-08-08T09:11:48Z,Digitizer_run2126_subrun56.csv,20,False,,,3.1,-0.5087
2026-08-08T09:11:48Z,Digitizer_run2126_subrun56.csv,21,False,,,3.07,-0.5385
2026-08-08T09:11:48Z,Digitizer_run2126_subrun56.csv,22,False,,,3.01,-0.5143
2026-08-08T09:11:48Z,Digitizer_run2126_subrun56.csv,23,False,,,2.47,-0.4374
2026-08-08T09:11:48Z,Digitizer_run2126_subrun56.csv,24,False,,,2.16,-0.4433
2026-08-08T09:11:48Z,Digitizer_run2126_subrun56.csv,25,False,,,2.57,-0.4569
2026-08-08T09:11:48Z,Digitizer_run2126_subrun56.csv,26,False,,,4.91,-0.5995
2026-08-08T09:11:48Z,Digitizer_run2126_subrun56.csv,27,False,,,5.07,-0.5877
2026-08-08T09:11:48Z,Digitizer_run2126_subrun56.csv,28,False,,,5.45,-0.5262
2026-08-08T09:11:48Z,Digitizer_run2126_subrun56.csv,29,False,,,4.49,-0.5536
2026-08-08T09:11:48Z,Digitizer_run2126_subrun56.csv,30,False,,,2.73,-0.4575
2026-08-08T09:11:48Z,Digitizer_run2126_subrun56.csv,31,False,,,2.89,-0.4661
2026-08-08T09:11:48Z,Digitizer_run2126_subrun56.csv,32,False,,,3.69,-0.5395
2026-08-08T09:11:48Z,Digitizer_run2126_subrun56.csv,33,False,,,6.58,-0.5422
2026-08-08T09:11:48Z,Digitizer_run2126_subrun56.csv,34,False,,,3.15,-0.4819
2026-08-08T09:11:48Z,Digitizer_run2126_subrun56.csv,35,False,,,3.69,-0.5131
2026-08-08T09:11:48Z,Digitizer_run2126_subrun56.csv,36,False,,,3.3,-0.4653
2026-08-08T09:11:48Z,Digitizer_run2126_subrun56.csv,37,False,,,4.66,-0.4774
2026-08-08T09:11:48Z,Digitizer_run2126_subrun56.csv,38,False,,,4.58,-0.5096
2026-08-08T09:11:48Z,Digitizer_run2126_subrun56.csv,39,False,,,5.44,-0.5262
2026-08-08T09:11:48Z,Digitizer_run2126_subrun56.csv,40,True,statistical+IF,sideband_rms_mean,9.57,-0.674
2026-08-08T09:11:48Z,Digitizer_run2126_subrun56.csv,41,True,statistical+IF,sideband_mean_mean;sideband_rms_mean;pulseHeight_max_median;pulseArea_max_median,10.9,-0.6924
2026-08-08T09:11:48Z,Digitizer_run2126_subrun56.csv,42,False,,,6.68,-0.6234
2026-08-08T09:11:48Z,Digitizer_run2126_subrun56.csv,43,False,,,7.82,-0.6208
2026-08-08T09:11:48Z,Digitizer_run2126_subrun56.csv,44,False,,,4.85,-0.5769
2026-08-08T09:11:48Z,Digitizer_run2126_subrun56.csv,45,False,,,3.47,-0.4923
2026-08-08T09:11:48Z,Digitizer_run2126_subrun56.csv,46,True,statistical,pulseArea_min_median,8.22,-0.563
2026-08-08T09:11:48Z,Digitizer_run2126_subrun56.csv,47,False,,,5.79,-0.5287
2026-08-08T09:11:48Z,Digitizer_run2126_subrun56.csv,48,False,,,4.31,-0.5828
2026-08-08T09:11:48Z,Digitizer_run2126_subrun56.csv,49,False,,,3.34,-0.5577
2026-08-08T09:11:48Z,Digitizer_run2126_subrun56.csv,50,False,,,4.11,-0.5583
2026-08-08T09:11:48Z,Digitizer_run2126_subrun56.csv,51,False,,,3.26,-0.499
2026-08-08T09:11:48Z,Digitizer_run2126_subrun56.csv,52,False,,,4.51,-0.5265
2026-08-08T09:11:48Z,Digitizer_run2126_subrun56.csv,53,False,,,3.84,-0.4931
2026-08-08T09:11:48Z,Digitizer_run2126_subrun56.csv,54,False,,,4.64,-0.5137
2026-08-08T09:11:48Z,Digitizer_run2126_subrun56.csv,55,False,,,2.1,-0.4429
2026-08-08T09:11:48Z,Digitizer_run2126_subrun56.csv,56,False,,,5.39,-0.5781
2026-08-08T09:11:48Z,Digitizer_run2126_subrun56.csv,57,False,,,7.1,-0.5639
2026-08-08T09:11:48Z,Digitizer_run2126_subrun56.csv,58,False,,,3.82,-0.5008
2026-08-08T09:11:48Z,Digitizer_run2126_subrun56.csv,59,False,,,5.95,-0.6164
2026-08-08T09:11:48Z,Digitizer_run2126_subrun56.csv,60,False,,,4.09,-0.4798
2026-08-08T09:11:48Z,Digitizer_run2126_subrun56.csv,61,False,,,4.06,-0.5071
2026-08-08T09:11:48Z,Digitizer_run2126_subrun56.csv,62,False,,,5.01,-0.5069
2026-08-08T09:11:48Z,Digitizer_run2126_subrun56.csv,63,False,,,4.73,-0.4997
2026-08-08T09:11:48Z,Digitizer_run2126_subrun56.csv,64,False,,,5.35,-0.6113
2026-08-08T09:11:48Z,Digitizer_run2126_subrun56.csv,65,True,statistical+IF,pulseArea_min_mean,11.11,-0.6593
2026-08-08T09:11:48Z,Digitizer_run2126_subrun56.csv,66,True,statistical,nPulses_median,10.53,-0.5793
2026-08-08T09:11:48Z,Digitizer_run2126_subrun56.csv,67,False,,,2.93,-0.5381
2026-08-08T09:11:48Z,Digitizer_run2126_subrun56.csv,68,False,,,4.67,-0.5785
2026-08-08T09:11:48Z,Digitizer_run2126_subrun56.csv,69,False,,,3.22,-0.4333
2026-08-08T09:11:48Z,Digitizer_run2126_subrun56.csv,70,False,,,5.12,-0.5212
2026-08-08T09:11:48Z,Digitizer_run2126_subrun56.csv,71,False,,,2.15,-0.5057
2026-08-08T09:11:48Z,Digitizer_run2126_subrun56.csv,72,False,,,3.69,-0.5148
2026-08-08T09:11:48Z,Digitizer_run2126_subrun56.csv,73,False,,,3.41,-0.5273
2026-08-08T09:11:48Z,Digitizer_run2126_subrun56.csv,74,False,,,1.9,-0.4258
2026-08-08T09:11:48Z,Digitizer_run2126_subrun56.csv,75,False,,,2.99,-0.4411
2026-08-08T09:11:48Z,Digitizer_run2126_subrun56.csv,76,False,,,2.67,-0.4741
2026-08-08T09:11:48Z,Digitizer_run2126_subrun56.csv,77,False,,,3.24,-0.5552
2026-08-08T09:11:48Z,Digitizer_run2126_subrun56.csv,78,False,,,2.84,-0.4595
2026-08-08T09:11:48Z,Digitizer_run2126_subrun56.csv,79,False,,,2.94,-0.4694
2026-08-08T09:11:48Z,Digitizer_run2126_subrun56.csv,80,False,,,2.79,-0.4909
2026-08-08T09:11:48Z,Digitizer_run2126_subrun56.csv,81,False,,,4.87,-0.5178
2026-08-08T09:11:48Z,Digitizer_run2126_subrun56.csv,82,False,,,3.96,-0.548
2026-08-08T09:11:48Z,Digitizer_run2126_subrun56.csv,83,False,,,3.73,-0.5236
2026-08-08T09:11:48Z,Digitizer_run2126_subrun56.csv,84,False,,,2.94,-0.5314
2026-08-08T09:11:48Z,Digitizer_run2126_subrun56.csv,85,False,,,2.48,-0.4887
2026-08-08T09:11:48Z,Digitizer_run2126_subrun56.csv,86,False,,,7.69,-0.6069
2026-08-08T09:11:48Z,Digitizer_run2126_subrun56.csv,87,False,,,3.54,-0.4898
2026-08-08T09:11:48Z,Digitizer_run2126_subrun56.csv,88,False,,,7.93,-0.5359
2026-08-08T09:11:48Z,Digitizer_run2126_subrun56.csv,89,False,,,3.97,-0.4882
2026-08-08T09:11:48Z,Digitizer_run2126_subrun56.csv,90,False,,,2.69,-0.4149
2026-08-08T09:11:48Z,Digitizer_run2126_subrun56.csv,91,True,statistical,nPulses_median,10.98,-0.6167
2026-08-08T09:11:48Z,Digitizer_run2126_subrun56.csv,92,False,,,2.54,-0.5084
2026-08-08T09:11:48Z,Digitizer_run2126_subrun56.csv,93,False,,,4.08,-0.507
2026-08-08T09:11:48Z,Digitizer_run2126_subrun56.csv,94,False,,,5.6,-0.5783
2026-08-08T09:11:48Z,Digitizer_run2126_subrun56.csv,95,False,,,4.85,-0.5546
2026-08-08T09:11:55Z,Digitizer_run2126_subrun57.csv,0,False,,,6.88,-0.5977
2026-08-08T09:11:55Z,Digitizer_run2126_subrun57.csv,1,True,statistical,pulseArea_min_mean,8.48,-0.6302
2026-08-08T09:11:55Z,Digitizer_run2126_subrun57.csv,2,False,,,4.23,-0.4965
2026-08-08T09:11:55Z,Digitizer_run2126_subrun57.csv,3,False,,,3.39,-0.4789
2026-08-08T09:11:55Z,Digitizer_run2126_subrun57.csv,4,False,,,3.24,-0.5403
2026-08-08T09:11:55Z,Digitizer_run2126_subrun57.csv,5,False,,,2.88,-0.4756
2026-08-08T09:11:55Z,Digitizer_run2126_subrun57.csv,6,True,statistical,pulseHeight_min_median;pulseArea_min_median,11.6,-0.6076
2026-08-08T09:11:55Z,Digitizer_run2126_subrun57.csv,7,False,,,3.14,-0.4902
2026-08-08T09:11:55Z,Digitizer_run2126_subrun57.csv,8,False,,,3.82,-0.5493
2026-08-08T09:11:55Z,Digitizer_run2126_subrun57.csv,9,True,statistical,nPulses_median,9.32,-0.5389
2026-08-08T09:11:55Z,Digitizer_run2126_subrun57.csv,10,False,,,7.54,-0.4952
2026-08-08T09:11:55Z,Digitizer_run2126_subrun57.csv,11,False,,,5.02,-0.5395
2026-08-08T09:11:55Z,Digitizer_run2126_subrun57.csv,12,True,statistical,pulseHeight_min_median;pulseArea_min_median,9.74,-0.5723
2026-08-08T09:11:55Z,Digitizer_run2126_subrun57.csv,13,False,,,2.59,-0.5055
2026-08-08T09:11:55Z,Digitizer_run2126_subrun57.csv,14,False,,,3.18,-0.5284
2026-08-08T09:11:55Z,Digitizer_run2126_subrun57.csv,15,False,,,4.41,-0.5649
2026-08-08T09:11:55Z,Digitizer_run2126_subrun57.csv,16,False,,,3.76,-0.5034
2026-08-08T09:11:55Z,Digitizer_run2126_subrun57.csv,17,False,,,2.59,-0.4867
2026-08-08T09:11:55Z,Digitizer_run2126_subrun57.csv,18,False,,,2.27,-0.4203
2026-08-08T09:11:55Z,Digitizer_run2126_subrun57.csv,19,False,,,2.46,-0.4233
2026-08-08T09:11:55Z,Digitizer_run2126_subrun57.csv,20,False,,,4.25,-0.5179
2026-08-08T09:11:55Z,Digitizer_run2126_subrun57.csv,21,False,,,5.39,-0.6011
2026-08-08T09:11:55Z,Digitizer_run2126_subrun57.csv,22,False,,,4.14,-0.5104
2026-08-08T09:11:55Z,Digitizer_run2126_subrun57.csv,23,False,,,2.34,-0.4289
2026-08-08T09:11:55Z,Digitizer_run2126_subrun57.csv,24,False,,,4.92,-0.6006
2026-08-08T09:11:55Z,Digitizer_run2126_subrun57.csv,25,False,,,4.13,-0.5348
2026-08-08T09:11:55Z,Digitizer_run2126_subrun57.csv,26,False,,,2.58,-0.4977
2026-08-08T09:11:55Z,Digitizer_run2126_subrun57.csv,27,False,,,2.37,-0.4652
2026-08-08T09:11:55Z,Digitizer_run2126_subrun57.csv,28,False,,,2.98,-0.5219
2026-08-08T09:11:55Z,Digitizer_run2126_subrun57.csv,29,False,,,2.28,-0.4795
2026-08-08T09:11:55Z,Digitizer_run2126_subrun57.csv,30,False,,,3.34,-0.5237
2026-08-08T09:11:55Z,Digitizer_run2126_subrun57.csv,31,False,,,3.56,-0.4877
2026-08-08T09:11:55Z,Digitizer_run2126_subrun57.csv,32,True,statistical+IF,pulseHeight_max_median;pulseHeight_min_median;pulseArea_max_mean;pulseArea_max_median;pulseArea_min_mean,9.84,-0.6725
2026-08-08T09:11:55Z,Digitizer_run2126_subrun57.csv,33,True,statistical+IF,pulseHeight_min_median;pulseArea_max_mean,10.05,-0.6525
2026-08-08T09:11:55Z,Digitizer_run2126_subrun57.csv,34,False,,,4.55,-0.5544
2026-08-08T09:11:55Z,Digitizer_run2126_subrun57.csv,35,False,,,4.7,-0.4901
2026-08-08T09:11:55Z,Digitizer_run2126_subrun57.csv,36,False,,,5.58,-0.5899
2026-08-08T09:11:55Z,Digitizer_run2126_subrun57.csv,37,False,,,6.05,-0.5584
2026-08-08T09:11:55Z,Digitizer_run2126_subrun57.csv,38,False,,,5.11,-0.5113
2026-08-08T09:11:55Z,Digitizer_run2126_subrun57.csv,39,False,,,5.04,-0.6101
2026-08-08T09:11:55Z,Digitizer_run2126_subrun57.csv,40,False,,,3.12,-0.4666
2026-08-08T09:11:55Z,Digitizer_run2126_subrun57.csv,41,False,,,3.43,-0.4587
2026-08-08T09:11:55Z,Digitizer_run2126_subrun57.csv,42,True,statistical,pulseArea_min_median,9.41,-0.6032
2026-08-08T09:11:55Z,Digitizer_run2126_subrun57.csv,43,True,statistical,nPulses_median,22.86,-0.5871
2026-08-08T09:11:55Z,Digitizer_run2126_subrun57.csv,44,False,,,3.79,-0.5095
2026-08-08T09:11:55Z,Digitizer_run2126_subrun57.csv,45,False,,,4.23,-0.4896
2026-08-08T09:11:55Z,Digitizer_run2126_subrun57.csv,46,False,,,3.8,-0.5484
2026-08-08T09:11:55Z,Digitizer_run2126_subrun57.csv,47,False,,,5.48,-0.5783
2026-08-08T09:11:55Z,Digitizer_run2126_subrun57.csv,48,True,statistical,pulseArea_min_mean,9.14,-0.611
2026-08-08T09:11:55Z,Digitizer_run2126_subrun57.csv,49,True,statistical+IF,pulseArea_max_mean;pulseArea_min_mean;pulseArea_min_median,12.25,-0.6809
2026-08-08T09:11:55Z,Digitizer_run2126_subrun57.csv,50,False,,,5.6,-0.5369
2026-08-08T09:11:55Z,Digitizer_run2126_subrun57.csv,51,False,,,4.87,-0.4771
2026-08-08T09:11:55Z,Digitizer_run2126_subrun57.csv,52,False,,,5.09,-0.5389
2026-08-08T09:11:55Z,Digitizer_run2126_subrun57.csv,53,False,,,4.78,-0.4801
2026-08-08T09:11:55Z,Digitizer_run2126_subrun57.csv,54,False,,,7.0,-0.5034
2026-08-08T09:11:55Z,Digitizer_run2126_subrun57.csv,55,False,,,6.08,-0.5341
2026-08-08T09:11:55Z,Digitizer_run2126_subrun57.csv,56,False,,,5.35,-0.5493
2026-08-08T09:11:55Z,Digitizer_run2126_subrun57.csv,57,False,,,3.85,-0.5297
2026-08-08T09:11:55Z,Digitizer_run2126_subrun57.csv,58,False,,,5.41,-0.54
2026-08-08T09:11:55Z,Digitizer_run2126_subrun57.csv,59,True,statistical,pulseHeight_min_median,9.19,-0.5689
2026-08-08T09:11:55Z,Digitizer_run2126_subrun57.csv,60,False,,,4.96,-0.5325
2026-08-08T09:11:55Z,Digitizer_run2126_subrun57.csv,61,False,,,5.58,-0.4936
2026-08-08T09:11:55Z,Digitizer_run2126_subrun57.csv,62,True,statistical+IF,pulseArea_max_median;pulseDuriation_max_mean,13.27,-0.6653
2026-08-08T09:11:55Z,Digitizer_run2126_subrun57.csv,63,True,statistical+IF,sideband_rms_mean,9.3,-0.6689
2026-08-08T09:11:55Z,Digitizer_run2126_subrun57.csv,64,False,,,3.45,-0.4693
2026-08-08T09:11:55Z,Digitizer_run2126_subrun57.csv,65,False,,,4.31,-0.5588
2026-08-08T09:11:55Z,Digitizer_run2126_subrun57.csv,66,False,,,5.1,-0.569
2026-08-08T09:11:55Z,Digitizer_run2126_subrun57.csv,67,False,,,3.91,-0.5064
2026-08-08T09:11:55Z,Digitizer_run2126_subrun57.csv,68,True,statistical+IF,sideband_mean_mean,9.58,-0.6738
2026-08-08T09:11:55Z,Digitizer_run2126_subrun57.csv,69,True,statistical+IF,pulseHeight_max_std,8.33,-0.6628
2026-08-08T09:11:55Z,Digitizer_run2126_subrun57.csv,70,False,,,4.01,-0.5388
2026-08-08T09:11:55Z,Digitizer_run2126_subrun57.csv,71,False,,,2.58,-0.5377
2026-08-08T09:11:55Z,Digitizer_run2126_subrun57.csv,72,False,,,3.69,-0.5456
2026-08-08T09:11:55Z,Digitizer_run2126_subrun57.csv,73,False,,,2.5,-0.4416
2026-08-08T09:11:55Z,Digitizer_run2126_subrun57.csv,74,True,statistical,pulseHeight_max_median;pulseArea_max_median,8.37,-0.6249
2026-08-08T09:11:55Z,Digitizer_run2126_subrun57.csv,75,True,statistical+IF,pulseHeight_min_mean;pulseHeight_min_median;pulseArea_min_median;pulseDuriation_min_median,23.33,-0.6685
2026-08-08T09:11:55Z,Digitizer_run2126_subrun57.csv,76,False,,,6.53,-0.5707
2026-08-08T09:11:55Z,Digitizer_run2126_subrun57.csv,77,False,,,7.11,-0.6383
2026-08-08T09:11:55Z,Digitizer_run2126_subrun57.csv,78,False,,,4.86,-0.4727
2026-08-08T09:11:55Z,Digitizer_run2126_subrun57.csv,79,False,,,3.28,-0.4887
2026-08-08T09:11:55Z,Digitizer_run2126_subrun57.csv,80,False,,,3.73,-0.4841
2026-08-08T09:11:55Z,Digitizer_run2126_subrun57.csv,81,False,,,4.55,-0.5168
2026-08-08T09:11:55Z,Digitizer_run2126_subrun57.csv,82,False,,,2.57,-0.4912
2026-08-08T09:11:55Z,Digitizer_run2126_subrun57.csv,83,False,,,2.45,-0.4066
2026-08-08T09:11:55Z,Digitizer_run2126_subrun57.csv,84,False,,,4.46,-0.5079
2026-08-08T09:11:55Z,Digitizer_run2126_subrun57.csv,85,False,,,4.85,-0.5323
2026-08-08T09:11:55Z,Digitizer_run2126_subrun57.csv,86,False,,,3.62,-0.5317
2026-08-08T09:11:55Z,Digitizer_run2126_subrun57.csv,87,False,,,4.21,-0.561
2026-08-08T09:11:55Z,Digitizer_run2126_subrun57.csv,88,False,,,6.54,-0.5705
2026-08-08T09:11:55Z,Digitizer_run2126_subrun57.csv,89,False,,,4.18,-0.5287
2026-08-08T09:11:55Z,Digitizer_run2126_subrun57.csv,90,False,,,3.89,-0.5095
2026-08-08T09:11:55Z,Digitizer_run2126_subrun57.csv,91,False,,,3.77,-0.511
2026-08-08T09:11:55Z,Digitizer_run2126_subrun57.csv,92,True,statistical,pulseHeight_min_std,8.66,-0.565
2026-08-08T09:11:55Z,Digitizer_run2126_subrun57.csv,93,False,,,6.11,-0.5202
2026-08-08T09:11:55Z,Digitizer_run2126_subrun57.csv,94,False,,,4.61,-0.5257
2026-08-08T09:11:55Z,Digitizer_run2126_subrun57.csv,95,False,,,3.9,-0.506
2026-08-08T09:12:01Z,Digitizer_run2126_subrun58.csv,0,False,,,4.11,-0.4605
2026-08-08T09:12:01Z,Digitizer_run2126_subrun58.csv,1,True,statistical,pulseHeight_min_median;pulseArea_min_median,12.87,-0.584
2026-08-08T09:12:01Z,Digitizer_run2126_subrun58.csv,2,False,,,2.73,-0.4594
2026-08-08T09:12:01Z,Digitizer_run2126_subrun58.csv,3,False,,,2.36,-0.4605
2026-08-08T09:12:01Z,Digitizer_run2126_subrun58.csv,4,False,,,1.56,-0.4166
2026-08-08T09:12:01Z,Digitizer_run2126_subrun58.csv,5,False,,,1.41,-0.4325
2026-08-08T09:12:01Z,Digitizer_run2126_subrun58.csv,6,False,,,3.28,-0.5735
2026-08-08T09:12:01Z,Digitizer_run2126_subrun58.csv,7,False,,,5.33,-0.5423
2026-08-08T09:12:01Z,Digitizer_run2126_subrun58.csv,8,False,,,2.98,-0.4985
2026-08-08T09:12:01Z,Digitizer_run2126_subrun58.csv,9,False,,,6.03,-0.5504
2026-08-08T09:12:01Z,Digitizer_run2126_subrun58.csv,10,False,,,2.14,-0.4549
2026-08-08T09:12:01Z,Digitizer_run2126_subrun58.csv,11,False,,,7.63,-0.5434
2026-08-08T09:12:01Z,Digitizer_run2126_subrun58.csv,12,False,,,4.35,-0.5527
2026-08-08T09:12:01Z,Digitizer_run2126_subrun58.csv,13,False,,,3.92,-0.5251
2026-08-08T09:12:01Z,Digitizer_run2126_subrun58.csv,14,False,,,6.39,-0.6326
2026-08-08T09:12:01Z,Digitizer_run2126_subrun58.csv,15,False,,,4.73,-0.5764
2026-08-08T09:12:01Z,Digitizer_run2126_subrun58.csv,16,False,,,3.39,-0.5377
2026-08-08T09:12:01Z,Digitizer_run2126_subrun58.csv,17,False,,,3.81,-0.5847
2026-08-08T09:12:01Z,Digitizer_run2126_subrun58.csv,18,False,,,3.02,-0.4532
2026-08-08T09:12:01Z,Digitizer_run2126_subrun58.csv,19,False,,,3.02,-0.4376
2026-08-08T09:12:01Z,Digitizer_run2126_subrun58.csv,20,False,,,2.6,-0.494
2026-08-08T09:12:01Z,Digitizer_run2126_subrun58.csv,21,False,,,4.7,-0.5458
2026-08-08T09:12:01Z,Digitizer_run2126_subrun58.csv,22,False,,,3.0,-0.4388
2026-08-08T09:12:01Z,Digitizer_run2126_subrun58.csv,23,False,,,1.49,-0.4139
2026-08-08T09:12:01Z,Digitizer_run2126_subrun58.csv,24,False,,,7.37,-0.6327
2026-08-08T09:12:01Z,Digitizer_run2126_subrun58.csv,25,False,,,5.36,-0.5984
2026-08-08T09:12:01Z,Digitizer_run2126_subrun58.csv,26,False,,,2.47,-0.4213
2026-08-08T09:12:01Z,Digitizer_run2126_subrun58.csv,27,False,,,2.16,-0.4674
2026-08-08T09:12:01Z,Digitizer_run2126_subrun58.csv,28,False,,,2.98,-0.5356
2026-08-08T09:12:01Z,Digitizer_run2126_subrun58.csv,29,False,,,3.83,-0.5418
2026-08-08T09:12:01Z,Digitizer_run2126_subrun58.csv,30,False,,,2.92,-0.5367
2026-08-08T09:12:01Z,Digitizer_run2126_subrun58.csv,31,False,,,7.61,-0.4792
2026-08-08T09:12:01Z,Digitizer_run2126_subrun58.csv,32,False,,,4.76,-0.5891
2026-08-08T09:12:01Z,Digitizer_run2126_subrun58.csv,33,True,isolation_forest,,5.93,-0.6499
2026-08-08T09:12:01Z,Digitizer_run2126_subrun58.csv,34,False,,,4.3,-0.5991
2026-08-08T09:12:01Z,Digitizer_run2126_subrun58.csv,35,True,statistical,nPulses_median,165.02,-0.5944
2026-08-08T09:12:01Z,Digitizer_run2126_subrun58.csv,36,False,,,3.55,-0.4769
2026-08-08T09:12:01Z,Digitizer_run2126_subrun58.csv,37,False,,,5.15,-0.4738
2026-08-08T09:12:01Z,Digitizer_run2126_subrun58.csv,38,False,,,7.29,-0.6126
2026-08-08T09:12:01Z,Digitizer_run2126_subrun58.csv,39,False,,,2.78,-0.4657
2026-08-08T09:12:01Z,Digitizer_run2126_subrun58.csv,40,True,statistical,nPulses_median,13.62,-0.6188
2026-08-08T09:12:01Z,Digitizer_run2126_subrun58.csv,41,False,,,7.78,-0.5387
2026-08-08T09:12:01Z,Digitizer_run2126_subrun58.csv,42,False,,,3.63,-0.4513
2026-08-08T09:12:01Z,Digitizer_run2126_subrun58.csv,43,False,,,1.73,-0.4088
2026-08-08T09:12:01Z,Digitizer_run2126_subrun58.csv,44,False,,,2.65,-0.4371
2026-08-08T09:12:01Z,Digitizer_run2126_subrun58.csv,45,False,,,3.82,-0.5018
2026-08-08T09:12:01Z,Digitizer_run2126_subrun58.csv,46,False,,,3.53,-0.5323
2026-08-08T09:12:01Z,Digitizer_run2126_subrun58.csv,47,False,,,3.34,-0.5099
2026-08-08T09:12:01Z,Digitizer_run2126_subrun58.csv,48,False,,,5.26,-0.5674
2026-08-08T09:12:01Z,Digitizer_run2126_subrun58.csv,49,False,,,3.32,-0.5742
2026-08-08T09:12:01Z,Digitizer_run2126_subrun58.csv,50,False,,,2.49,-0.4427
2026-08-08T09:12:01Z,Digitizer_run2126_subrun58.csv,51,False,,,2.41,-0.4841
2026-08-08T09:12:01Z,Digitizer_run2126_subrun58.csv,52,False,,,5.23,-0.5158
2026-08-08T09:12:01Z,Digitizer_run2126_subrun58.csv,53,True,statistical,pulseHeight_max_median;pulseArea_max_median,17.45,-0.566
2026-08-08T09:12:01Z,Digitizer_run2126_subrun58.csv,54,False,,,4.49,-0.5482
2026-08-08T09:12:01Z,Digitizer_run2126_subrun58.csv,55,False,,,2.81,-0.5162
2026-08-08T09:12:01Z,Digitizer_run2126_subrun58.csv,56,False,,,6.27,-0.5725
2026-08-08T09:12:01Z,Digitizer_run2126_subrun58.csv,57,False,,,5.44,-0.5839
2026-08-08T09:12:01Z,Digitizer_run2126_subrun58.csv,58,False,,,5.48,-0.6168
2026-08-08T09:12:01Z,Digitizer_run2126_subrun58.csv,59,True,isolation_forest,,6.16,-0.6476
2026-08-08T09:12:01Z,Digitizer_run2126_subrun58.csv,60,False,,,5.17,-0.5156
2026-08-08T09:12:01Z,Digitizer_run2126_subrun58.csv,61,False,,,5.41,-0.5372
2026-08-08T09:12:01Z,Digitizer_run2126_subrun58.csv,62,False,,,5.82,-0.5868
2026-08-08T09:12:01Z,Digitizer_run2126_subrun58.csv,63,False,,,3.3,-0.5601
2026-08-08T09:12:01Z,Digitizer_run2126_subrun58.csv,64,False,,,6.12,-0.5852
2026-08-08T09:12:01Z,Digitizer_run2126_subrun58.csv,65,True,statistical,nPulses_median,13.09,-0.5992
2026-08-08T09:12:01Z,Digitizer_run2126_subrun58.csv,66,False,,,4.16,-0.5397
2026-08-08T09:12:01Z,Digitizer_run2126_subrun58.csv,67,False,,,3.4,-0.5223
2026-08-08T09:12:01Z,Digitizer_run2126_subrun58.csv,68,False,,,4.09,-0.5358
2026-08-08T09:12:01Z,Digitizer_run2126_subrun58.csv,69,False,,,1.84,-0.4447
2026-08-08T09:12:01Z,Digitizer_run2126_subrun58.csv,70,False,,,4.08,-0.5165
2026-08-08T09:12:01Z,Digitizer_run2126_subrun58.csv,71,False,,,3.58,-0.4969
2026-08-08T09:12:01Z,Digitizer_run2126_subrun58.csv,72,False,,,3.75,-0.568
2026-08-08T09:12:01Z,Digitizer_run2126_subrun58.csv,73,False,,,2.41,-0.4351
2026-08-08T09:12:01Z,Digitizer_run2126_subrun58.csv,74,False,,,3.49,-0.4932
2026-08-08T09:12:01Z,Digitizer_run2126_subrun58.csv,75,False,,,5.62,-0.5264
2026-08-08T09:12:01Z,Digitizer_run2126_subrun58.csv,76,False,,,1.38,-0.4154
2026-08-08T09:12:01Z,Digitizer_run2126_subrun58.csv,77,False,,,2.24,-0.4738
2026-08-08T09:12:01Z,Digitizer_run2126_subrun58.csv,78,True,statistical,pulseHeight_max_median;pulseArea_max_median,14.54,-0.5852
2026-08-08T09:12:01Z,Digitizer_run2126_subrun58.csv,79,False,,,2.9,-0.4994
2026-08-08T09:12:01Z,Digitizer_run2126_subrun58.csv,80,True,statistical,sideband_rms_mean,8.1,-0.5296
2026-08-08T09:12:01Z,Digitizer_run2126_subrun58.csv,81,True,statistical,sideband_rms_mean,13.41,-0.5883
2026-08-08T09:12:01Z,Digitizer_run2126_subrun58.csv,82,False,,,4.37,-0.5823
2026-08-08T09:12:01Z,Digitizer_run2126_subrun58.csv,83,False,,,5.93,-0.5177
2026-08-08T09:12:01Z,Digitizer_run2126_subrun58.csv,84,False,,,3.59,-0.5302
2026-08-08T09:12:01Z,Digitizer_run2126_subrun58.csv,85,False,,,2.78,-0.4486
2026-08-08T09:12:01Z,Digitizer_run2126_subrun58.csv,86,False,,,3.28,-0.446
2026-08-08T09:12:01Z,Digitizer_run2126_subrun58.csv,87,False,,,1.95,-0.4212
2026-08-08T09:12:01Z,Digitizer_run2126_subrun58.csv,88,False,,,3.79,-0.5194
2026-08-08T09:12:01Z,Digitizer_run2126_subrun58.csv,89,False,,,3.91,-0.4931
2026-08-08T09:12:01Z,Digitizer_run2126_subrun58.csv,90,False,,,6.04,-0.6068
2026-08-08T09:12:01Z,Digitizer_run2126_subrun58.csv,91,False,,,3.69,-0.4941
2026-08-08T09:12:01Z,Digitizer_run2126_subrun58.csv,92,False,,,3.7,-0.5412
2026-08-08T09:12:01Z,Digitizer_run2126_subrun58.csv,93,False,,,2.17,-0.453
2026-08-08T09:12:01Z,Digitizer_run2126_subrun58.csv,94,False,,,5.66,-0.5661
2026-08-08T09:12:01Z,Digitizer_run2126_subrun58.csv,95,False,,,4.96,-0.5199
2026-08-08T09:12:07Z,Digitizer_run2126_subrun59.csv,0,False,,,5.1,-0.5373
2026-08-08T09:12:07Z,Digitizer_run2126_subrun59.csv,1,False,,,6.41,-0.5583
2026-08-08T09:12:07Z,Digitizer_run2126_subrun59.csv,2,False,,,5.38,-0.5232
2026-08-08T09:12:07Z,Digitizer_run2126_subrun59.csv,3,False,,,4.65,-0.5478
2026-08-08T09:12:07Z,Digitizer_run2126_subrun59.csv,4,False,,,3.13,-0.4329
2026-08-08T09:12:07Z,Digitizer_run2126_subrun59.csv,5,True,statistical,nPulses_median,29.16,-0.5467
2026-08-08T09:12:07Z,Digitizer_run2126_subrun59.csv,6,False,,,2.12,-0.4216
2026-08-08T09:12:07Z,Digitizer_run2126_subrun59.csv,7,False,,,4.48,-0.6011
2026-08-08T09:12:07Z,Digitizer_run2126_subrun59.csv,8,False,,,4.09,-0.5356
2026-08-08T09:12:07Z,Digitizer_run2126_subrun59.csv,9,False,,,4.21,-0.5033
2026-08-08T09:12:07Z,Digitizer_run2126_subrun59.csv,10,True,statistical,pulseArea_max_median,8.19,-0.5663
2026-08-08T09:12:07Z,Digitizer_run2126_subrun59.csv,11,True,statistical,pulseArea_max_median,8.72,-0.6003
2026-08-08T09:12:07Z,Digitizer_run2126_subrun59.csv,12,False,,,4.39,-0.503
2026-08-08T09:12:07Z,Digitizer_run2126_subrun59.csv,13,False,,,1.92,-0.4131
2026-08-08T09:12:07Z,Digitizer_run2126_subrun59.csv,14,False,,,4.53,-0.5364
2026-08-08T09:12:07Z,Digitizer_run2126_subrun59.csv,15,True,statistical,sideband_rms_mean,8.92,-0.539
2026-08-08T09:12:07Z,Digitizer_run2126_subrun59.csv,16,False,,,2.31,-0.4846
2026-08-08T09:12:07Z,Digitizer_run2126_subrun59.csv,17,False,,,4.33,-0.5377
2026-08-08T09:12:07Z,Digitizer_run2126_subrun59.csv,18,False,,,6.04,-0.544
2026-08-08T09:12:07Z,Digitizer_run2126_subrun59.csv,19,False,,,4.97,-0.5557
2026-08-08T09:12:07Z,Digitizer_run2126_subrun59.csv,20,False,,,4.46,-0.4684
2026-08-08T09:12:07Z,Digitizer_run2126_subrun59.csv,21,False,,,2.25,-0.4352
2026-08-08T09:12:07Z,Digitizer_run2126_subrun59.csv,22,False,,,5.5,-0.6066
2026-08-08T09:12:07Z,Digitizer_run2126_subrun59.csv,23,False,,,7.0,-0.6243
2026-08-08T09:12:07Z,Digitizer_run2126_subrun59.csv,24,False,,,2.4,-0.4831
2026-08-08T09:12:07Z,Digitizer_run2126_subrun59.csv,25,False,,,3.07,-0.4714
2026-08-08T09:12:07Z,Digitizer_run2126_subrun59.csv,26,False,,,4.76,-0.5093
2026-08-08T09:12:07Z,Digitizer_run2126_subrun59.csv,27,False,,,2.75,-0.5004
2026-08-08T09:12:07Z,Digitizer_run2126_subrun59.csv,28,False,,,2.66,-0.4569
2026-08-08T09:12:07Z,Digitizer_run2126_subrun59.csv,29,False,,,3.02,-0.4354
2026-08-08T09:12:07Z,Digitizer_run2126_subrun59.csv,30,False,,,5.84,-0.6097
2026-08-08T09:12:07Z,Digitizer_run2126_subrun59.csv,31,False,,,3.34,-0.4924
2026-08-08T09:12:07Z,Digitizer_run2126_subrun59.csv,32,False,,,5.03,-0.6081
2026-08-08T09:12:07Z,Digitizer_run2126_subrun59.csv,33,False,,,4.12,-0.5672
2026-08-08T09:12:07Z,Digitizer_run2126_subrun59.csv,34,False,,,3.54,-0.5057
2026-08-08T09:12:07Z,Digitizer_run2126_subrun59.csv,35,False,,,4.66,-0.5363
2026-08-08T09:12:07Z,Digitizer_run2126_subrun59.csv,36,False,,,3.66,-0.5251
2026-08-08T09:12:07Z,Digitizer_run2126_subrun59.csv,37,False,,,4.48,-0.5758
2026-08-08T09:12:07Z,Digitizer_run2126_subrun59.csv,38,False,,,5.99,-0.617
2026-08-08T09:12:07Z,Digitizer_run2126_subrun59.csv,39,True,statistical+IF,pulseArea_min_mean,8.72,-0.6455
2026-08-08T09:12:07Z,Digitizer_run2126_subrun59.csv,40,True,statistical+IF,nPulses_median;pulseHeight_max_median;pulseArea_max_median,13.81,-0.6387
2026-08-08T09:12:07Z,Digitizer_run2126_subrun59.csv,41,True,statistical+IF,pulseHeight_max_median;pulseHeight_min_mean;pulseHeight_min_median;pulseArea_max_median;pulseArea_min_median;pulseDuriation_min_median,78.87,-0.6775
2026-08-08T09:12:07Z,Digitizer_run2126_subrun59.csv,42,True,statistical,pulseHeight_max_std,13.74,-0.6124
2026-08-08T09:12:07Z,Digitizer_run2126_subrun59.csv,43,True,statistical,pulseHeight_max_std,12.03,-0.6228
2026-08-08T09:12:07Z,Digitizer_run2126_subrun59.csv,44,False,,,7.82,-0.5198
2026-08-08T09:12:07Z,Digitizer_run2126_subrun59.csv,45,True,statistical,nPulses_median,13.96,-0.5786
2026-08-08T09:12:07Z,Digitizer_run2126_subrun59.csv,46,False,,,7.25,-0.5714
2026-08-08T09:12:07Z,Digitizer_run2126_subrun59.csv,47,True,statistical+IF,nPulses_median,1000000.0,-0.6712
2026-08-08T09:12:07Z,Digitizer_run2126_subrun59.csv,48,False,,,3.79,-0.5059
2026-08-08T09:12:07Z,Digitizer_run2126_subrun59.csv,49,False,,,3.44,-0.5633
2026-08-08T09:12:07Z,Digitizer_run2126_subrun59.csv,50,False,,,4.2,-0.5342
2026-08-08T09:12:07Z,Digitizer_run2126_subrun59.csv,51,False,,,4.97,-0.569
2026-08-08T09:12:07Z,Digitizer_run2126_subrun59.csv,52,False,,,5.11,-0.5578
2026-08-08T09:12:07Z,Digitizer_run2126_subrun59.csv,53,False,,,4.2,-0.513
2026-08-08T09:12:07Z,Digitizer_run2126_subrun59.csv,54,False,,,7.67,-0.5514
2026-08-08T09:12:07Z,Digitizer_run2126_subrun59.csv,55,False,,,2.78,-0.4612
2026-08-08T09:12:07Z,Digitizer_run2126_subrun59.csv,56,False,,,4.61,-0.5829
2026-08-08T09:12:07Z,Digitizer_run2126_subrun59.csv,57,False,,,4.76,-0.568
2026-08-08T09:12:07Z,Digitizer_run2126_subrun59.csv,58,False,,,4.36,-0.5305
2026-08-08T09:12:07Z,Digitizer_run2126_subrun59.csv,59,False,,,4.78,-0.5444
2026-08-08T09:12:07Z,Digitizer_run2126_subrun59.csv,60,False,,,4.97,-0.5491
2026-08-08T09:12:07Z,Digitizer_run2126_subrun59.csv,61,False,,,5.6,-0.4781
2026-08-08T09:12:07Z,Digitizer_run2126_subrun59.csv,62,True,statistical,pulseArea_max_median,9.69,-0.5588
2026-08-08T09:12:07Z,Digitizer_run2126_subrun59.csv,63,False,,,5.79,-0.4993
2026-08-08T09:12:07Z,Digitizer_run2126_subrun59.csv,64,False,,,4.84,-0.5115
2026-08-08T09:12:07Z,Digitizer_run2126_subrun59.csv,65,False,,,5.08,-0.5343
2026-08-08T09:12:07Z,Digitizer_run2126_subrun59.csv,66,False,,,3.59,-0.5134
2026-08-08T09:12:07Z,Digitizer_run2126_subrun59.csv,67,True,statistical,nPulses_std,10.37,-0.5968
2026-08-08T09:12:07Z,Digitizer_run2126_subrun59.csv,68,False,,,3.67,-0.558
2026-08-08T09:12:07Z,Digitizer_run2126_subrun59.csv,69,True,statistical,pulseDuriation_max_std;pulseDuriation_min_std,9.0,-0.5744
2026-08-08T09:12:07Z,Digitizer_run2126_subrun59.csv,70,False,,,4.34,-0.4529
2026-08-08T09:12:07Z,Digitizer_run2126_subrun59.csv,71,False,,,2.48,-0.5064
2026-08-08T09:12:07Z,Digitizer_run2126_subrun59.csv,72,False,,,7.54,-0.6385
2026-08-08T09:12:07Z,Digitizer_run2126_subrun59.csv,73,True,statistical,pulseHeight_max_std,10.97,-0.6083
2026-08-08T09:12:07Z,Digitizer_run2126_subrun59.csv,74,False,,,3.35,-0.5067
2026-08-08T09:12:07Z,Digitizer_run2126_subrun59.csv,75,False,,,2.22,-0.4596
2026-08-08T09:12:07Z,Digitizer_run2126_subrun59.csv,76,False,,,5.82,-0.4951
2026-08-08T09:12:07Z,Digitizer_run2126_subrun59.csv,77,False,,,3.26,-0.4785
2026-08-08T09:12:07Z,Digitizer_run2126_subrun59.csv,78,False,,,5.51,-0.6221
2026-08-08T09:12:07Z,Digitizer_run2126_subrun59.csv,79,False,,,5.66,-0.5709
2026-08-08T09:12:07Z,Digitizer_run2126_subrun59.csv,80,False,,,3.43,-0.4567
2026-08-08T09:12:07Z,Digitizer_run2126_subrun59.csv,81,False,,,4.6,-0.4549
2026-08-08T09:12:07Z,Digitizer_run2126_subrun59.csv,82,False,,,2.77,-0.4684
2026-08-08T09:12:07Z,Digitizer_run2126_subrun59.csv,83,False,,,1.92,-0.452
2026-08-08T09:12:07Z,Digitizer_run2126_subrun59.csv,84,False,,,4.65,-0.5329
2026-08-08T09:12:07Z,Digitizer_run2126_subrun59.csv,85,True,isolation_forest,,5.45,-0.6609
2026-08-08T09:12:07Z,Digitizer_run2126_subrun59.csv,86,False,,,2.73,-0.4854
2026-08-08T09:12:07Z,Digitizer_run2126_subrun59.csv,87,True,statistical,nPulses_median,10.89,-0.5113
2026-08-08T09:12:07Z,Digitizer_run2126_subrun59.csv,88,True,isolation_forest,,6.56,-0.6443
2026-08-08T09:12:07Z,Digitizer_run2126_subrun59.csv,89,False,,,4.76,-0.604
2026-08-08T09:12:07Z,Digitizer_run2126_subrun59.csv,90,False,,,7.87,-0.5943
2026-08-08T09:12:07Z,Digitizer_run2126_subrun59.csv,91,True,statistical,pulseHeight_max_std,10.55,-0.5879
2026-08-08T09:12:07Z,Digitizer_run2126_subrun59.csv,92,False,,,3.24,-0.5217
2026-08-08T09:12:07Z,Digitizer_run2126_subrun59.csv,93,False,,,1.19,-0.41
2026-08-08T09:12:07Z,Digitizer_run2126_subrun59.csv,94,False,,,5.69,-0.5286
2026-08-08T09:12:07Z,Digitizer_run2126_subrun59.csv,95,False,,,3.21,-0.469
2026-08-08T09:12:13Z,Digitizer_run2126_subrun60.csv,0,True,statistical,sideband_rms_median,8.11,-0.5379
2026-08-08T09:12:13Z,Digitizer_run2126_subrun60.csv,1,False,,,3.98,-0.4927
2026-08-08T09:12:13Z,Digitizer_run2126_subrun60.csv,2,False,,,3.86,-0.5602
2026-08-08T09:12:13Z,Digitizer_run2126_subrun60.csv,3,False,,,3.99,-0.5417
2026-08-08T09:12:13Z,Digitizer_run2126_subrun60.csv,4,False,,,3.15,-0.4891
2026-08-08T09:12:13Z,Digitizer_run2126_subrun60.csv,5,False,,,2.75,-0.4983
2026-08-08T09:12:13Z,Digitizer_run2126_subrun60.csv,6,False,,,6.35,-0.5704
2026-08-08T09:12:13Z,Digitizer_run2126_subrun60.csv,7,False,,,4.47,-0.56
2026-08-08T09:12:13Z,Digitizer_run2126_subrun60.csv,8,False,,,2.25,-0.4798
2026-08-08T09:12:13Z,Digitizer_run2126_subrun60.csv,9,False,,,3.28,-0.4291
2026-08-08T09:12:13Z,Digitizer_run2126_subrun60.csv,10,True,statistical,pulseArea_max_median,8.52,-0.5722
2026-08-08T09:12:13Z,Digitizer_run2126_subrun60.csv,11,True,statistical,nPulses_median;pulseArea_max_median,10.17,-0.6038
2026-08-08T09:12:13Z,Digitizer_run2126_subrun60.csv,12,False,,,5.26,-0.5595
2026-08-08T09:12:13Z,Digitizer_run2126_subrun60.csv,13,False,,,3.71,-0.4935
2026-08-08T09:12:13Z,Digitizer_run2126_subrun60.csv,14,False,,,2.18,-0.505
2026-08-08T09:12:13Z,Digitizer_run2126_subrun60.csv,15,False,,,2.59,-0.4524
2026-08-08T09:12:13Z,Digitizer_run2126_subrun60.csv,16,False,,,3.38,-0.5265
2026-08-08T09:12:13Z,Digitizer_run2126_subrun60.csv,17,False,,,3.49,-0.5297
2026-08-08T09:12:13Z,Digitizer_run2126_subrun60.csv,18,False,,,2.91,-0.4533
2026-08-08T09:12:13Z,Digitizer_run2126_subrun60.csv,19,False,,,2.96,-0.4946
2026-08-08T09:12:13Z,Digitizer_run2126_subrun60.csv,20,False,,,3.08,-0.5157
2026-08-08T09:12:13Z,Digitizer_run2126_subrun60.csv,21,False,,,2.74,-0.5
2026-08-08T09:12:13Z,Digitizer_run2126_subrun60.csv,22,False,,,2.19,-0.4772
2026-08-08T09:12:13Z,Digitizer_run2126_subrun60.csv,23,False,,,2.99,-0.4595
2026-08-08T09:12:13Z,Digitizer_run2126_subrun60.csv,24,False,,,4.7,-0.5459
2026-08-08T09:12:13Z,Digitizer_run2126_subrun60.csv,25,False,,,3.27,-0.5524
2026-08-08T09:12:13Z,Digitizer_run2126_subrun60.csv,26,False,,,6.03,-0.5977
2026-08-08T09:12:13Z,Digitizer_run2126_subrun60.csv,27,False,,,5.13,-0.5632
2026-08-08T09:12:13Z,Digitizer_run2126_subrun60.csv,28,False,,,5.16,-0.5824
2026-08-08T09:12:13Z,Digitizer_run2126_subrun60.csv,29,False,,,3.39,-0.558
2026-08-08T09:12:13Z,Digitizer_run2126_subrun60.csv,30,False,,,4.25,-0.6312
2026-08-08T09:12:13Z,Digitizer_run2126_subrun60.csv,31,False,,,4.64,-0.5776
2026-08-08T09:12:13Z,Digitizer_run2126_subrun60.csv,32,False,,,2.9,-0.4744
2026-08-08T09:12:13Z,Digitizer_run2126_subrun60.csv,33,False,,,4.25,-0.5685
2026-08-08T09:12:13Z,Digitizer_run2126_subrun60.csv,34,False,,,4.42,-0.5298
2026-08-08T09:12:13Z,Digitizer_run2126_subrun60.csv,35,False,,,5.13,-0.5481
2026-08-08T09:12:13Z,Digitizer_run2126_subrun60.csv,36,False,,,4.65,-0.4762
2026-08-08T09:12:13Z,Digitizer_run2126_subrun60.csv,37,False,,,4.24,-0.4859
2026-08-08T09:12:13Z,Digitizer_run2126_subrun60.csv,38,False,,,3.43,-0.4715
2026-08-08T09:12:13Z,Digitizer_run2126_subrun60.csv,39,False,,,1.22,-0.4044
2026-08-08T09:12:13Z,Digitizer_run2126_subrun60.csv,40,False,,,5.16,-0.5102
2026-08-08T09:12:13Z,Digitizer_run2126_subrun60.csv,41,False,,,3.47,-0.5149
2026-08-08T09:12:13Z,Digitizer_run2126_subrun60.csv,42,False,,,6.02,-0.472
2026-08-08T09:12:13Z,Digitizer_run2126_subrun60.csv,43,True,statistical,sideband_mean_median;nPulses_median,22.86,-0.6298
2026-08-08T09:12:13Z,Digitizer_run2126_subrun60.csv,44,False,,,3.27,-0.4799
2026-08-08T09:12:13Z,Digitizer_run2126_subrun60.csv,45,False,,,3.88,-0.5317
2026-08-08T09:12:13Z,Digitizer_run2126_subrun60.csv,46,False,,,7.11,-0.558
2026-08-08T09:12:13Z,Digitizer_run2126_subrun60.csv,47,True,statistical,sideband_mean_mean,9.24,-0.6057
2026-08-08T09:12:13Z,Digitizer_run2126_subrun60.csv,48,True,statistical+IF,nPulses_median,20.29,-0.6399
2026-08-08T09:12:13Z,Digitizer_run2126_subrun60.csv,49,False,,,3.93,-0.577
2026-08-08T09:12:13Z,Digitizer_run2126_subrun60.csv,50,False,,,4.77,-0.477
2026-08-08T09:12:13Z,Digitizer_run2126_subrun60.csv,51,False,,,5.16,-0.5149
2026-08-08T09:12:13Z,Digitizer_run2126_subrun60.csv,52,False,,,4.9,-0.5328
2026-08-08T09:12:13Z,Digitizer_run2126_subrun60.csv,53,False,,,5.34,-0.4684
2026-08-08T09:12:13Z,Digitizer_run2126_subrun60.csv,54,False,,,5.45,-0.4435
2026-08-08T09:12:13Z,Digitizer_run2126_subrun60.csv,55,False,,,3.36,-0.5202
2026-08-08T09:12:13Z,Digitizer_run2126_subrun60.csv,56,False,,,7.95,-0.521
2026-08-08T09:12:13Z,Digitizer_run2126_subrun60.csv,57,False,,,4.23,-0.5195
2026-08-08T09:12:13Z,Digitizer_run2126_subrun60.csv,58,False,,,6.09,-0.5567
2026-08-08T09:12:13Z,Digitizer_run2126_subrun60.csv,59,False,,,6.95,-0.5672
2026-08-08T09:12:13Z,Digitizer_run2126_subrun60.csv,60,False,,,4.77,-0.4772
2026-08-08T09:12:13Z,Digitizer_run2126_subrun60.csv,61,False,,,4.47,-0.4486
2026-08-08T09:12:13Z,Digitizer_run2126_subrun60.csv,62,False,,,2.73,-0.4679
2026-08-08T09:12:13Z,Digitizer_run2126_subrun60.csv,63,False,,,7.71,-0.4675
2026-08-08T09:12:13Z,Digitizer_run2126_subrun60.csv,64,False,,,3.89,-0.5301
2026-08-08T09:12:13Z,Digitizer_run2126_subrun60.csv,65,False,,,2.9,-0.4758
2026-08-08T09:12:13Z,Digitizer_run2126_subrun60.csv,66,True,statistical,pulseHeight_min_median;pulseArea_min_median,11.92,-0.5588
2026-08-08T09:12:13Z,Digitizer_run2126_subrun60.csv,67,True,statistical,nPulses_median,82.5,-0.5729
2026-08-08T09:12:13Z,Digitizer_run2126_subrun60.csv,68,False,,,2.56,-0.5171
2026-08-08T09:12:13Z,Digitizer_run2126_subrun60.csv,69,False,,,2.52,-0.4603
2026-08-08T09:12:13Z,Digitizer_run2126_subrun60.csv,70,False,,,5.75,-0.5244
2026-08-08T09:12:13Z,Digitizer_run2126_subrun60.csv,71,False,,,3.58,-0.5916
2026-08-08T09:12:13Z,Digitizer_run2126_subrun60.csv,72,False,,,3.73,-0.4912
2026-08-08T09:12:13Z,Digitizer_run2126_subrun60.csv,73,False,,,3.83,-0.4443
2026-08-08T09:12:13Z,Digitizer_run2126_subrun60.csv,74,False,,,5.26,-0.5661
2026-08-08T09:12:13Z,Digitizer_run2126_subrun60.csv,75,True,statistical,nPulses_median,14.73,-0.5422
2026-08-08T09:12:13Z,Digitizer_run2126_subrun60.csv,76,False,,,1.78,-0.4129
2026-08-08T09:12:13Z,Digitizer_run2126_subrun60.csv,77,False,,,5.22,-0.5638
2026-08-08T09:12:13Z,Digitizer_run2126_subrun60.csv,78,False,,,7.07,-0.6014
2026-08-08T09:12:13Z,Digitizer_run2126_subrun60.csv,79,False,,,5.24,-0.5349
2026-08-08T09:12:13Z,Digitizer_run2126_subrun60.csv,80,False,,,6.18,-0.6215
2026-08-08T09:12:13Z,Digitizer_run2126_subrun60.csv,81,False,,,4.9,-0.536
2026-08-08T09:12:13Z,Digitizer_run2126_subrun60.csv,82,False,,,2.89,-0.4959
2026-08-08T09:12:13Z,Digitizer_run2126_subrun60.csv,83,False,,,2.78,-0.4445
2026-08-08T09:12:13Z,Digitizer_run2126_subrun60.csv,84,False,,,3.59,-0.5347
2026-08-08T09:12:13Z,Digitizer_run2126_subrun60.csv,85,False,,,3.84,-0.5145
2026-08-08T09:12:13Z,Digitizer_run2126_subrun60.csv,86,False,,,4.91,-0.4847
2026-08-08T09:12:13Z,Digitizer_run2126_subrun60.csv,87,False,,,2.49,-0.4304
2026-08-08T09:12:13Z,Digitizer_run2126_subrun60.csv,88,False,,,6.3,-0.5579
2026-08-08T09:12:13Z,Digitizer_run2126_subrun60.csv,89,False,,,3.93,-0.5291
2026-08-08T09:12:13Z,Digitizer_run2126_subrun60.csv,90,False,,,3.82,-0.5175
2026-08-08T09:12:13Z,Digitizer_run2126_subrun60.csv,91,False,,,4.59,-0.4797
2026-08-08T09:12:13Z,Digitizer_run2126_subrun60.csv,92,True,statistical,pulseHeight_min_median;pulseArea_min_median,17.4,-0.6195
2026-08-08T09:12:13Z,Digitizer_run2126_subrun60.csv,93,False,,,2.0,-0.4431
2026-08-08T09:12:13Z,Digitizer_run2126_subrun60.csv,94,False,,,5.8,-0.5099
2026-08-08T09:12:13Z,Digitizer_run2126_subrun60.csv,95,False,,,3.72,-0.4614
2026-08-08T09:12:19Z,Digitizer_run2126_subrun61.csv,0,False,,,3.42,-0.4899
2026-08-08T09:12:19Z,Digitizer_run2126_subrun61.csv,1,False,,,7.8,-0.6059
2026-08-08T09:12:19Z,Digitizer_run2126_subrun61.csv,2,False,,,5.52,-0.5175
2026-08-08T09:12:19Z,Digitizer_run2126_subrun61.csv,3,False,,,2.25,-0.4524
2026-08-08T09:12:19Z,Digitizer_run2126_subrun61.csv,4,False,,,4.59,-0.5289
2026-08-08T09:12:19Z,Digitizer_run2126_subrun61.csv,5,False,,,2.17,-0.4719
2026-08-08T09:12:19Z,Digitizer_run2126_subrun61.csv,6,False,,,6.09,-0.5843
2026-08-08T09:12:19Z,Digitizer_run2126_subrun61.csv,7,False,,,3.22,-0.511
2026-08-08T09:12:19Z,Digitizer_run2126_subrun61.csv,8,False,,,4.12,-0.5972
2026-08-08T09:12:19Z,Digitizer_run2126_subrun61.csv,9,False,,,4.81,-0.6171
2026-08-08T09:12:19Z,Digitizer_run2126_subrun61.csv,10,True,statistical,pulseHeight_min_median;pulseArea_min_median,10.58,-0.5875
2026-08-08T09:12:19Z,Digitizer_run2126_subrun61.csv,11,False,,,3.0,-0.4789
2026-08-08T09:12:19Z,Digitizer_run2126_subrun61.csv,12,False,,,4.25,-0.5275
2026-08-08T09:12:19Z,Digitizer_run2126_subrun61.csv,13,False,,,3.83,-0.5074
2026-08-08T09:12:19Z,Digitizer_run2126_subrun61.csv,14,True,statistical,nPulses_median,8.91,-0.5836
2026-08-08T09:12:19Z,Digitizer_run2126_subrun61.csv,15,True,statistical,nPulses_median,9.82,-0.5701
2026-08-08T09:12:19Z,Digitizer_run2126_subrun61.csv,16,False,,,3.25,-0.5074
2026-08-08T09:12:19Z,Digitizer_run2126_subrun61.csv,17,False,,,2.57,-0.4606
2026-08-08T09:12:19Z,Digitizer_run2126_subrun61.csv,18,False,,,3.62,-0.5726
2026-08-08T09:12:19Z,Digitizer_run2126_subrun61.csv,19,False,,,3.93,-0.588
2026-08-08T09:12:19Z,Digitizer_run2126_subrun61.csv,20,False,,,4.04,-0.5652
2026-08-08T09:12:19Z,Digitizer_run2126_subrun61.csv,21,False,,,4.49,-0.5481
2026-08-08T09:12:19Z,Digitizer_run2126_subrun61.csv,22,False,,,5.23,-0.554
2026-08-08T09:12:19Z,Digitizer_run2126_subrun61.csv,23,False,,,5.26,-0.5545
2026-08-08T09:12:19Z,Digitizer_run2126_subrun61.csv,24,False,,,3.05,-0.5038
2026-08-08T09:12:19Z,Digitizer_run2126_subrun61.csv,25,False,,,3.12,-0.5033
2026-08-08T09:12:19Z,Digitizer_run2126_subrun61.csv,26,False,,,4.5,-0.5174
2026-08-08T09:12:19Z,Digitizer_run2126_subrun61.csv,27,False,,,4.98,-0.5451
2026-08-08T09:12:19Z,Digitizer_run2126_subrun61.csv,28,False,,,4.29,-0.5681
2026-08-08T09:12:19Z,Digitizer_run2126_subrun61.csv,29,False,,,5.05,-0.5483
2026-08-08T09:12:19Z,Digitizer_run2126_subrun61.csv,30,False,,,2.33,-0.5044
2026-08-08T09:12:19Z,Digitizer_run2126_subrun61.csv,31,False,,,3.41,-0.4758
2026-08-08T09:12:19Z,Digitizer_run2126_subrun61.csv,32,False,,,4.63,-0.5095
2026-08-08T09:12:19Z,Digitizer_run2126_subrun61.csv,33,False,,,2.72,-0.5112
2026-08-08T09:12:19Z,Digitizer_run2126_subrun61.csv,34,False,,,5.25,-0.5302
2026-08-08T09:12:19Z,Digitizer_run2126_subrun61.csv,35,False,,,3.25,-0.4894
2026-08-08T09:12:19Z,Digitizer_run2126_subrun61.csv,36,False,,,5.19,-0.5745
2026-08-08T09:12:19Z,Digitizer_run2126_subrun61.csv,37,False,,,5.45,-0.552
2026-08-08T09:12:19Z,Digitizer_run2126_subrun61.csv,38,False,,,4.58,-0.5182
2026-08-08T09:12:19Z,Digitizer_run2126_subrun61.csv,39,False,,,5.66,-0.4827
2026-08-08T09:12:19Z,Digitizer_run2126_subrun61.csv,40,False,,,6.08,-0.5717
2026-08-08T09:12:19Z,Digitizer_run2126_subrun61.csv,41,False,,,2.85,-0.5025
2026-08-08T09:12:19Z,Digitizer_run2126_subrun61.csv,42,False,,,2.85,-0.5025
2026-08-08T09:12:19Z,Digitizer_run2126_subrun61.csv,43,False,,,3.18,-0.4205
2026-08-08T09:12:19Z,Digitizer_run2126_subrun61.csv,44,False,,,4.3,-0.6093
2026-08-08T09:12:19Z,Digitizer_run2126_subrun61.csv,45,True,statistical,nPulses_median,13.96,-0.5496
2026-08-08T09:12:19Z,Digitizer_run2126_subrun61.csv,46,False,,,4.0,-0.4997
2026-08-08T09:12:19Z,Digitizer_run2126_subrun61.csv,47,False,,,3.25,-0.5179
2026-08-08T09:12:19Z,Digitizer_run2126_subrun61.csv,48,False,,,3.85,-0.5692
2026-08-08T09:12:19Z,Digitizer_run2126_subrun61.csv,49,False,,,2.51,-0.4809
2026-08-08T09:12:19Z,Digitizer_run2126_subrun61.csv,50,False,,,6.21,-0.5744
2026-08-08T09:12:19Z,Digitizer_run2126_subrun61.csv,51,False,,,5.31,-0.5933
2026-08-08T09:12:19Z,Digitizer_run2126_subrun61.csv,52,False,,,4.48,-0.5591
2026-08-08T09:12:19Z,Digitizer_run2126_subrun61.csv,53,False,,,4.8,-0.5693
2026-08-08T09:12:19Z,Digitizer_run2126_subrun61.csv,54,False,,,3.58,-0.4942
2026-08-08T09:12:19Z,Digitizer_run2126_subrun61.csv,55,False,,,3.92,-0.5141
2026-08-08T09:12:19Z,Digitizer_run2126_subrun61.csv,56,False,,,5.61,-0.5763
2026-08-08T09:12:19Z,Digitizer_run2126_subrun61.csv,57,False,,,3.27,-0.4663
2026-08-08T09:12:19Z,Digitizer_run2126_subrun61.csv,58,False,,,7.53,-0.6039
2026-08-08T09:12:19Z,Digitizer_run2126_subrun61.csv,59,True,statistical+IF,pulseArea_min_mean,10.04,-0.6423
2026-08-08T09:12:19Z,Digitizer_run2126_subrun61.csv,60,False,,,7.38,-0.6226
2026-08-08T09:12:19Z,Digitizer_run2126_subrun61.csv,61,True,statistical+IF,pulseHeight_max_median,10.43,-0.6969
2026-08-08T09:12:19Z,Digitizer_run2126_subrun61.csv,62,False,,,7.87,-0.5702
2026-08-08T09:12:19Z,Digitizer_run2126_subrun61.csv,63,False,,,3.02,-0.4347
2026-08-08T09:12:19Z,Digitizer_run2126_subrun61.csv,64,False,,,2.94,-0.4833
2026-08-08T09:12:19Z,Digitizer_run2126_subrun61.csv,65,False,,,4.2,-0.4843
2026-08-08T09:12:19Z,Digitizer_run2126_subrun61.csv,66,False,,,4.62,-0.5644
2026-08-08T09:12:19Z,Digitizer_run2126_subrun61.csv,67,False,,,4.25,-0.6272
2026-08-08T09:12:19Z,Digitizer_run2126_subrun61.csv,68,True,statistical,sideband_rms_mean,9.3,-0.6182
2026-08-08T09:12:19Z,Digitizer_run2126_subrun61.csv,69,True,statistical,sideband_rms_mean;nPulses_median,1000000.0,-0.6337
2026-08-08T09:12:19Z,Digitizer_run2126_subrun61.csv,70,False,,,5.87,-0.4961
2026-08-08T09:12:19Z,Digitizer_run2126_subrun61.csv,71,False,,,4.19,-0.5517
2026-08-08T09:12:19Z,Digitizer_run2126_subrun61.csv,72,False,,,6.71,-0.58
2026-08-08T09:12:19Z,Digitizer_run2126_subrun61.csv,73,True,statistical+IF,nPulses_median;pulseArea_max_mean;pulseDuriation_max_mean,45.76,-0.6795
2026-08-08T09:12:19Z,Digitizer_run2126_subrun61.csv,74,False,,,3.92,-0.5828
2026-08-08T09:12:19Z,Digitizer_run2126_subrun61.csv,75,False,,,4.84,-0.5492
2026-08-08T09:12:19Z,Digitizer_run2126_subrun61.csv,76,False,,,7.6,-0.5438
2026-08-08T09:12:19Z,Digitizer_run2126_subrun61.csv,77,False,,,6.01,-0.556
2026-08-08T09:12:19Z,Digitizer_run2126_subrun61.csv,78,False,,,5.07,-0.5377
2026-08-08T09:12:19Z,Digitizer_run2126_subrun61.csv,79,False,,,4.64,-0.5814
2026-08-08T09:12:19Z,Digitizer_run2126_subrun61.csv,80,False,,,7.17,-0.5804
2026-08-08T09:12:19Z,Digitizer_run2126_subrun61.csv,81,False,,,5.26,-0.6238
2026-08-08T09:12:19Z,Digitizer_run2126_subrun61.csv,82,False,,,4.5,-0.5351
2026-08-08T09:12:19Z,Digitizer_run2126_subrun61.csv,83,False,,,1.37,-0.4117
2026-08-08T09:12:19Z,Digitizer_run2126_subrun61.csv,84,False,,,3.96,-0.5086
2026-08-08T09:12:19Z,Digitizer_run2126_subrun61.csv,85,False,,,4.25,-0.4692
2026-08-08T09:12:19Z,Digitizer_run2126_subrun61.csv,86,False,,,3.9,-0.4634
2026-08-08T09:12:19Z,Digitizer_run2126_subrun61.csv,87,True,statistical,nPulses_median,10.89,-0.5452
2026-08-08T09:12:19Z,Digitizer_run2126_subrun61.csv,88,False,,,4.63,-0.5457
2026-08-08T09:12:19Z,Digitizer_run2126_subrun61.csv,89,False,,,3.4,-0.5457
2026-08-08T09:12:19Z,Digitizer_run2126_subrun61.csv,90,False,,,7.27,-0.5122
2026-08-08T09:12:19Z,Digitizer_run2126_subrun61.csv,91,False,,,2.82,-0.4799
2026-08-08T09:12:19Z,Digitizer_run2126_subrun61.csv,92,False,,,5.66,-0.5923
2026-08-08T09:12:19Z,Digitizer_run2126_subrun61.csv,93,False,,,3.13,-0.5184
2026-08-08T09:12:19Z,Digitizer_run2126_subrun61.csv,94,False,,,3.65,-0.5062
2026-08-08T09:12:19Z,Digitizer_run2126_subrun61.csv,95,False,,,2.97,-0.4666
2026-08-08T09:12:25Z,Digitizer_run2126_subrun62.csv,0,False,,,4.66,-0.4789
2026-08-08T09:12:25Z,Digitizer_run2126_subrun62.csv,1,False,,,4.35,-0.545
2026-08-08T09:12:25Z,Digitizer_run2126_subrun62.csv,2,False,,,5.05,-0.4983
2026-08-08T09:12:25Z,Digitizer_run2126_subrun62.csv,3,False,,,1.9,-0.4346
2026-08-08T09:12:25Z,Digitizer_run2126_subrun62.csv,4,False,,,3.15,-0.5098
2026-08-08T09:12:25Z,Digitizer_run2126_subrun62.csv,5,False,,,3.49,-0.5501
2026-08-08T09:12:25Z,Digitizer_run2126_subrun62.csv,6,False,,,6.35,-0.5903
2026-08-08T09:12:25Z,Digitizer_run2126_subrun62.csv,7,False,,,5.15,-0.5595
2026-08-08T09:12:25Z,Digitizer_run2126_subrun62.csv,8,False,,,6.66,-0.6166
2026-08-08T09:12:25Z,Digitizer_run2126_subrun62.csv,9,False,,,7.26,-0.6126
2026-08-08T09:12:25Z,Digitizer_run2126_subrun62.csv,10,False,,,4.12,-0.5098
2026-08-08T09:12:25Z,Digitizer_run2126_subrun62.csv,11,False,,,4.15,-0.5439
2026-08-08T09:12:25Z,Digitizer_run2126_subrun62.csv,12,False,,,4.74,-0.5857
2026-08-08T09:12:25Z,Digitizer_run2126_subrun62.csv,13,True,statistical,nPulses_median,22.03,-0.575
2026-08-08T09:12:25Z,Digitizer_run2126_subrun62.csv,14,True,statistical,nPulses_median,8.91,-0.5496
2026-08-08T09:12:25Z,Digitizer_run2126_subrun62.csv,15,False,,,2.54,-0.4946
2026-08-08T09:12:25Z,Digitizer_run2126_subrun62.csv,16,False,,,2.61,-0.5107
2026-08-08T09:12:25Z,Digitizer_run2126_subrun62.csv,17,False,,,2.69,-0.5294
2026-08-08T09:12:25Z,Digitizer_run2126_subrun62.csv,18,False,,,5.4,-0.5763
2026-08-08T09:12:25Z,Digitizer_run2126_subrun62.csv,19,False,,,5.16,-0.596
2026-08-08T09:12:25Z,Digitizer_run2126_subrun62.csv,20,False,,,2.85,-0.4779
2026-08-08T09:12:25Z,Digitizer_run2126_subrun62.csv,21,False,,,3.67,-0.4781
2026-08-08T09:12:25Z,Digitizer_run2126_subrun62.csv,22,True,statistical,sideband_mean_mean,8.49,-0.574
2026-08-08T09:12:25Z,Digitizer_run2126_subrun62.csv,23,False,,,4.07,-0.5766
2026-08-08T09:12:25Z,Digitizer_run2126_subrun62.csv,24,False,,,3.72,-0.5328
2026-08-08T09:12:25Z,Digitizer_run2126_subrun62.csv,25,False,,,4.51,-0.5709
2026-08-08T09:12:25Z,Digitizer_run2126_subrun62.csv,26,False,,,5.23,-0.5734
2026-08-08T09:12:25Z,Digitizer_run2126_subrun62.csv,27,False,,,6.69,-0.4481
2026-08-08T09:12:25Z,Digitizer_run2126_subrun62.csv,28,False,,,2.74,-0.5112
2026-08-08T09:12:25Z,Digitizer_run2126_subrun62.csv,29,False,,,2.97,-0.4516
2026-08-08T09:12:25Z,Digitizer_run2126_subrun62.csv,30,False,,,2.88,-0.5116
2026-08-08T09:12:25Z,Digitizer_run2126_subrun62.csv,31,False,,,4.87,-0.5394
2026-08-08T09:12:25Z,Digitizer_run2126_subrun62.csv,32,False,,,3.66,-0.4701
2026-08-08T09:12:25Z,Digitizer_run2126_subrun62.csv,33,False,,,3.77,-0.515
2026-08-08T09:12:25Z,Digitizer_run2126_subrun62.csv,34,False,,,4.55,-0.5268
2026-08-08T09:12:25Z,Digitizer_run2126_subrun62.csv,35,False,,,4.08,-0.532
2026-08-08T09:12:25Z,Digitizer_run2126_subrun62.csv,36,False,,,3.73,-0.4752
2026-08-08T09:12:25Z,Digitizer_run2126_subrun62.csv,37,False,,,7.87,-0.5259
2026-08-08T09:12:25Z,Digitizer_run2126_subrun62.csv,38,True,statistical,sideband_rms_mean;sideband_rms_std,15.12,-0.607
2026-08-08T09:12:25Z,Digitizer_run2126_subrun62.csv,39,True,statistical,sideband_rms_mean;sideband_rms_std,13.04,-0.6247
2026-08-08T09:12:25Z,Digitizer_run2126_subrun62.csv,40,False,,,3.43,-0.5042
2026-08-08T09:12:25Z,Digitizer_run2126_subrun62.csv,41,False,,,7.23,-0.5664
2026-08-08T09:12:25Z,Digitizer_run2126_subrun62.csv,42,False,,,4.12,-0.5804
2026-08-08T09:12:25Z,Digitizer_run2126_subrun62.csv,43,False,,,5.66,-0.5859
2026-08-08T09:12:25Z,Digitizer_run2126_subrun62.csv,44,False,,,3.85,-0.4916
2026-08-08T09:12:25Z,Digitizer_run2126_subrun62.csv,45,False,,,4.03,-0.4424
2026-08-08T09:12:25Z,Digitizer_run2126_subrun62.csv,46,False,,,3.3,-0.5027
2026-08-08T09:12:25Z,Digitizer_run2126_subrun62.csv,47,False,,,3.76,-0.5353
2026-08-08T09:12:25Z,Digitizer_run2126_subrun62.csv,48,False,,,3.07,-0.5013
2026-08-08T09:12:25Z,Digitizer_run2126_subrun62.csv,49,False,,,3.73,-0.5084
2026-08-08T09:12:25Z,Digitizer_run2126_subrun62.csv,50,False,,,4.43,-0.6091
2026-08-08T09:12:25Z,Digitizer_run2126_subrun62.csv,51,False,,,4.77,-0.626
2026-08-08T09:12:25Z,Digitizer_run2126_subrun62.csv,52,True,statistical+IF,pulseHeight_max_median;pulseArea_max_median,19.24,-0.6419
2026-08-08T09:12:25Z,Digitizer_run2126_subrun62.csv,53,True,statistical+IF,pulseHeight_max_median;pulseArea_max_median,18.74,-0.6597
2026-08-08T09:12:25Z,Digitizer_run2126_subrun62.csv,54,False,,,5.31,-0.5569
2026-08-08T09:12:25Z,Digitizer_run2126_subrun62.csv,55,False,,,4.85,-0.5633
2026-08-08T09:12:25Z,Digitizer_run2126_subrun62.csv,56,False,,,7.11,-0.5926
2026-08-08T09:12:25Z,Digitizer_run2126_subrun62.csv,57,False,,,4.93,-0.512
2026-08-08T09:12:25Z,Digitizer_run2126_subrun62.csv,58,False,,,6.36,-0.6173
2026-08-08T09:12:25Z,Digitizer_run2126_subrun62.csv,59,False,,,6.95,-0.624
2026-08-08T09:12:25Z,Digitizer_run2126_subrun62.csv,60,False,,,5.04,-0.5451
2026-08-08T09:12:25Z,Digitizer_run2126_subrun62.csv,61,False,,,6.8,-0.4914
2026-08-08T09:12:25Z,Digitizer_run2126_subrun62.csv,62,False,,,3.06,-0.4743
2026-08-08T09:12:25Z,Digitizer_run2126_subrun62.csv,63,False,,,3.5,-0.4999
2026-08-08T09:12:25Z,Digitizer_run2126_subrun62.csv,64,False,,,4.42,-0.4856
2026-08-08T09:12:25Z,Digitizer_run2126_subrun62.csv,65,False,,,3.66,-0.5605
2026-08-08T09:12:25Z,Digitizer_run2126_subrun62.csv,66,True,statistical+IF,pulseHeight_min_median;pulseArea_min_median,13.18,-0.6455
2026-08-08T09:12:25Z,Digitizer_run2126_subrun62.csv,67,True,isolation_forest,,5.38,-0.6547
2026-08-08T09:12:25Z,Digitizer_run2126_subrun62.csv,68,False,,,4.22,-0.5405
2026-08-08T09:12:25Z,Digitizer_run2126_subrun62.csv,69,False,,,4.26,-0.5271
2026-08-08T09:12:25Z,Digitizer_run2126_subrun62.csv,70,False,,,7.57,-0.5737
2026-08-08T09:12:25Z,Digitizer_run2126_subrun62.csv,71,False,,,3.58,-0.5061
2026-08-08T09:12:25Z,Digitizer_run2126_subrun62.csv,72,False,,,3.43,-0.6158
2026-08-08T09:12:25Z,Digitizer_run2126_subrun62.csv,73,False,,,7.39,-0.5275
2026-08-08T09:12:25Z,Digitizer_run2126_subrun62.csv,74,False,,,4.66,-0.5369
2026-08-08T09:12:25Z,Digitizer_run2126_subrun62.csv,75,False,,,4.11,-0.5007
2026-08-08T09:12:25Z,Digitizer_run2126_subrun62.csv,76,False,,,3.95,-0.4828
2026-08-08T09:12:25Z,Digitizer_run2126_subrun62.csv,77,True,statistical,pulseHeight_min_mean;pulseHeight_min_median;pulseArea_min_median,17.61,-0.6033
2026-08-08T09:12:25Z,Digitizer_run2126_subrun62.csv,78,False,,,3.51,-0.5095
2026-08-08T09:12:25Z,Digitizer_run2126_subrun62.csv,79,False,,,6.7,-0.5088
2026-08-08T09:12:25Z,Digitizer_run2126_subrun62.csv,80,False,,,7.18,-0.5939
2026-08-08T09:12:25Z,Digitizer_run2126_subrun62.csv,81,True,statistical,pulseHeight_max_std,10.32,-0.595
2026-08-08T09:12:25Z,Digitizer_run2126_subrun62.csv,82,False,,,3.81,-0.529
2026-08-08T09:12:25Z,Digitizer_run2126_subrun62.csv,83,True,statistical,pulseDuriation_max_mean,8.55,-0.6169
2026-08-08T09:12:25Z,Digitizer_run2126_subrun62.csv,84,False,,,5.91,-0.6076
2026-08-08T09:12:25Z,Digitizer_run2126_subrun62.csv,85,False,,,6.74,-0.5744
2026-08-08T09:12:25Z,Digitizer_run2126_subrun62.csv,86,False,,,3.36,-0.4838
2026-08-08T09:12:25Z,Digitizer_run2126_subrun62.csv,87,False,,,2.94,-0.5054
2026-08-08T09:12:25Z,Digitizer_run2126_subrun62.csv,88,False,,,5.32,-0.5338
2026-08-08T09:12:25Z,Digitizer_run2126_subrun62.csv,89,False,,,5.68,-0.4898
2026-08-08T09:12:25Z,Digitizer_run2126_subrun62.csv,90,False,,,4.19,-0.5167
2026-08-08T09:12:25Z,Digitizer_run2126_subrun62.csv,91,False,,,5.59,-0.5953
2026-08-08T09:12:25Z,Digitizer_run2126_subrun62.csv,92,False,,,3.33,-0.4903
2026-08-08T09:12:25Z,Digitizer_run2126_subrun62.csv,93,False,,,1.94,-0.4638
2026-08-08T09:12:25Z,Digitizer_run2126_subrun62.csv,94,False,,,4.81,-0.5183
2026-08-08T09:12:25Z,Digitizer_run2126_subrun62.csv,95,False,,,4.56,-0.4796
2026-08-08T09:12:32Z,Digitizer_run2126_subrun63.csv,0,True,statistical,pulseHeight_min_median;pulseArea_min_median,8.89,-0.6039
2026-08-08T09:12:32Z,Digitizer_run2126_subrun63.csv,1,False,,,5.05,-0.6316
2026-08-08T09:12:32Z,Digitizer_run2126_subrun63.csv,2,True,statistical,sideband_mean_median,11.21,-0.5272
2026-08-08T09:12:32Z,Digitizer_run2126_subrun63.csv,3,False,,,7.08,-0.5754
2026-08-08T09:12:32Z,Digitizer_run2126_subrun63.csv,4,False,,,6.24,-0.5642
2026-08-08T09:12:32Z,Digitizer_run2126_subrun63.csv,5,True,statistical,nPulses_median,14.56,-0.5615
2026-08-08T09:12:32Z,Digitizer_run2126_subrun63.csv,6,False,,,6.66,-0.5937
2026-08-08T09:12:32Z,Digitizer_run2126_subrun63.csv,7,False,,,2.92,-0.4601
2026-08-08T09:12:32Z,Digitizer_run2126_subrun63.csv,8,False,,,3.91,-0.5729
2026-08-08T09:12:32Z,Digitizer_run2126_subrun63.csv,9,True,statistical,nPulses_median,9.32,-0.5876
2026-08-08T09:12:32Z,Digitizer_run2126_subrun63.csv,10,False,,,4.96,-0.571
2026-08-08T09:12:32Z,Digitizer_run2126_subrun63.csv,11,True,isolation_forest,,6.51,-0.6476
2026-08-08T09:12:32Z,Digitizer_run2126_subrun63.csv,12,True,statistical,nPulses_median,23.32,-0.4992
2026-08-08T09:12:32Z,Digitizer_run2126_subrun63.csv,13,False,,,3.93,-0.5261
2026-08-08T09:12:32Z,Digitizer_run2126_subrun63.csv,14,False,,,5.64,-0.5577
2026-08-08T09:12:32Z,Digitizer_run2126_subrun63.csv,15,False,,,7.55,-0.6037
2026-08-08T09:12:32Z,Digitizer_run2126_subrun63.csv,16,False,,,3.04,-0.5298
2026-08-08T09:12:32Z,Digitizer_run2126_subrun63.csv,17,False,,,3.57,-0.5659
2026-08-08T09:12:32Z,Digitizer_run2126_subrun63.csv,18,False,,,3.2,-0.4985
2026-08-08T09:12:32Z,Digitizer_run2126_subrun63.csv,19,False,,,4.36,-0.4968
2026-08-08T09:12:32Z,Digitizer_run2126_subrun63.csv,20,False,,,2.23,-0.4561
2026-08-08T09:12:32Z,Digitizer_run2126_subrun63.csv,21,False,,,6.71,-0.5303
2026-08-08T09:12:32Z,Digitizer_run2126_subrun63.csv,22,False,,,2.36,-0.4337
2026-08-08T09:12:32Z,Digitizer_run2126_subrun63.csv,23,False,,,2.02,-0.4341
2026-08-08T09:12:32Z,Digitizer_run2126_subrun63.csv,24,False,,,6.93,-0.5493
2026-08-08T09:12:32Z,Digitizer_run2126_subrun63.csv,25,False,,,5.47,-0.5855
2026-08-08T09:12:32Z,Digitizer_run2126_subrun63.csv,26,False,,,2.18,-0.4588
2026-08-08T09:12:32Z,Digitizer_run2126_subrun63.csv,27,False,,,3.19,-0.4573
2026-08-08T09:12:32Z,Digitizer_run2126_subrun63.csv,28,False,,,6.32,-0.6117
2026-08-08T09:12:32Z,Digitizer_run2126_subrun63.csv,29,False,,,3.45,-0.4602
2026-08-08T09:12:32Z,Digitizer_run2126_subrun63.csv,30,True,statistical,pulseDuriation_max_mean;pulseDuriation_min_mean,8.65,-0.6161
2026-08-08T09:12:32Z,Digitizer_run2126_subrun63.csv,31,True,statistical,pulseDuriation_max_mean;pulseDuriation_max_std;pulseDuriation_min_mean;pulseDuriation_min_std,9.99,-0.6315
2026-08-08T09:12:32Z,Digitizer_run2126_subrun63.csv,32,False,,,5.68,-0.6089
2026-08-08T09:12:32Z,Digitizer_run2126_subrun63.csv,33,True,isolation_forest,,7.42,-0.6579
2026-08-08T09:12:32Z,Digitizer_run2126_subrun63.csv,34,True,statistical,sideband_rms_mean,10.14,-0.6282
2026-08-08T09:12:32Z,Digitizer_run2126_subrun63.csv,35,True,statistical+IF,sideband_mean_mean;sideband_rms_mean,14.04,-0.649
2026-08-08T09:12:32Z,Digitizer_run2126_subrun63.csv,36,False,,,6.5,-0.5654
2026-08-08T09:12:32Z,Digitizer_run2126_subrun63.csv,37,False,,,5.55,-0.5307
2026-08-08T09:12:32Z,Digitizer_run2126_subrun63.csv,38,False,,,7.0,-0.5921
2026-08-08T09:12:32Z,Digitizer_run2126_subrun63.csv,39,True,statistical,pulseHeight_max_median;pulseArea_max_median,11.25,-0.6289
2026-08-08T09:12:32Z,Digitizer_run2126_subrun63.csv,40,False,,,3.22,-0.5511
2026-08-08T09:12:32Z,Digitizer_run2126_subrun63.csv,41,False,,,3.67,-0.5168
2026-08-08T09:12:32Z,Digitizer_run2126_subrun63.csv,42,True,statistical,pulseHeight_max_median,8.11,-0.5579
2026-08-08T09:12:32Z,Digitizer_run2126_subrun63.csv,43,True,statistical,nPulses_median,11.41,-0.5937
2026-08-08T09:12:32Z,Digitizer_run2126_subrun63.csv,44,True,statistical+IF,pulseArea_max_std;pulseArea_min_mean;pulseDuriation_min_mean,13.76,-0.6629
2026-08-08T09:12:32Z,Digitizer_run2126_subrun63.csv,45,True,statistical,pulseArea_min_mean,10.49,-0.6246
2026-08-08T09:12:32Z,Digitizer_run2126_subrun63.csv,46,True,statistical,nPulses_median,14.13,-0.5927
2026-08-08T09:12:32Z,Digitizer_run2126_subrun63.csv,47,True,statistical,nPulses_median;pulseHeight_max_median;pulseArea_max_median,1000000.0,-0.6031
2026-08-08T09:12:32Z,Digitizer_run2126_subrun63.csv,48,True,statistical,nPulses_median,10.12,-0.5536
2026-08-08T09:12:32Z,Digitizer_run2126_subrun63.csv,49,True,statistical+IF,nPulses_median,10.22,-0.6508
2026-08-08T09:12:32Z,Digitizer_run2126_subrun63.csv,50,False,,,4.61,-0.4989
2026-08-08T09:12:32Z,Digitizer_run2126_subrun63.csv,51,False,,,4.83,-0.4815
2026-08-08T09:12:32Z,Digitizer_run2126_subrun63.csv,52,False,,,5.72,-0.5765
2026-08-08T09:12:32Z,Digitizer_run2126_subrun63.csv,53,False,,,4.71,-0.5303
2026-08-08T09:12:32Z,Digitizer_run2126_subrun63.csv,54,True,statistical,pulseDuriation_min_median,10.98,-0.6081
2026-08-08T09:12:32Z,Digitizer_run2126_subrun63.csv,55,False,,,3.84,-0.5533
2026-08-08T09:12:32Z,Digitizer_run2126_subrun63.csv,56,False,,,6.67,-0.5674
2026-08-08T09:12:32Z,Digitizer_run2126_subrun63.csv,57,True,statistical,pulseArea_min_median;pulseDuriation_min_median,9.47,-0.621
2026-08-08T09:12:32Z,Digitizer_run2126_subrun63.csv,58,False,,,6.66,-0.5384
2026-08-08T09:12:32Z,Digitizer_run2126_subrun63.csv,59,True,statistical,pulseHeight_max_median;pulseHeight_min_median,11.45,-0.6116
2026-08-08T09:12:32Z,Digitizer_run2126_subrun63.csv,60,False,,,3.06,-0.4887
2026-08-08T09:12:32Z,Digitizer_run2126_subrun63.csv,61,False,,,2.75,-0.5144
2026-08-08T09:12:32Z,Digitizer_run2126_subrun63.csv,62,False,,,5.18,-0.5221
2026-08-08T09:12:32Z,Digitizer_run2126_subrun63.csv,63,False,,,4.27,-0.4839
2026-08-08T09:12:32Z,Digitizer_run2126_subrun63.csv,64,True,statistical,pulseHeight_min_median;pulseArea_min_median,19.3,-0.6109
2026-08-08T09:12:32Z,Digitizer_run2126_subrun63.csv,65,True,statistical,nPulses_median,13.09,-0.6265
2026-08-08T09:12:32Z,Digitizer_run2126_subrun63.csv,66,False,,,2.63,-0.4653
2026-08-08T09:12:32Z,Digitizer_run2126_subrun63.csv,67,True,statistical+IF,pulseHeight_min_median,11.4,-0.6468
2026-08-08T09:12:32Z,Digitizer_run2126_subrun63.csv,68,False,,,5.29,-0.5844
2026-08-08T09:12:32Z,Digitizer_run2126_subrun63.csv,69,False,,,4.86,-0.6155
2026-08-08T09:12:32Z,Digitizer_run2126_subrun63.csv,70,False,,,3.6,-0.4766
2026-08-08T09:12:32Z,Digitizer_run2126_subrun63.csv,71,False,,,3.58,-0.5467
2026-08-08T09:12:32Z,Digitizer_run2126_subrun63.csv,72,False,,,3.41,-0.5485
2026-08-08T09:12:32Z,Digitizer_run2126_subrun63.csv,73,False,,,4.09,-0.5196
2026-08-08T09:12:32Z,Digitizer_run2126_subrun63.csv,74,False,,,2.21,-0.4468
2026-08-08T09:12:32Z,Digitizer_run2126_subrun63.csv,75,False,,,4.86,-0.5612
2026-08-08T09:12:32Z,Digitizer_run2126_subrun63.csv,76,False,,,4.0,-0.5257
2026-08-08T09:12:32Z,Digitizer_run2126_subrun63.csv,77,False,,,3.3,-0.5402
2026-08-08T09:12:32Z,Digitizer_run2126_subrun63.csv,78,False,,,6.72,-0.5939
2026-08-08T09:12:32Z,Digitizer_run2126_subrun63.csv,79,False,,,6.41,-0.4964
2026-08-08T09:12:32Z,Digitizer_run2126_subrun63.csv,80,False,,,5.2,-0.6031
2026-08-08T09:12:32Z,Digitizer_run2126_subrun63.csv,81,False,,,3.3,-0.5169
2026-08-08T09:12:32Z,Digitizer_run2126_subrun63.csv,82,False,,,4.07,-0.4655
2026-08-08T09:12:32Z,Digitizer_run2126_subrun63.csv,83,False,,,3.28,-0.5064
2026-08-08T09:12:32Z,Digitizer_run2126_subrun63.csv,84,False,,,4.47,-0.5304
2026-08-08T09:12:32Z,Digitizer_run2126_subrun63.csv,85,False,,,4.25,-0.4803
2026-08-08T09:12:32Z,Digitizer_run2126_subrun63.csv,86,False,,,3.27,-0.456
2026-08-08T09:12:32Z,Digitizer_run2126_subrun63.csv,87,False,,,4.19,-0.4915
2026-08-08T09:12:32Z,Digitizer_run2126_subrun63.csv,88,False,,,3.57,-0.4654
2026-08-08T09:12:32Z,Digitizer_run2126_subrun63.csv,89,False,,,3.96,-0.5112
2026-08-08T09:12:32Z,Digitizer_run2126_subrun63.csv,90,False,,,7.78,-0.5886
2026-08-08T09:12:32Z,Digitizer_run2126_subrun63.csv,91,False,,,7.42,-0.6001
2026-08-08T09:12:32Z,Digitizer_run2126_subrun63.csv,92,True,isolation_forest,,5.24,-0.6395
2026-08-08T09:12:32Z,Digitizer_run2126_subrun63.csv,93,False,,,3.82,-0.5154
2026-08-08T09:12:32Z,Digitizer_run2126_subrun63.csv,94,False,,,2.88,-0.4294
2026-08-08T09:12:32Z,Digitizer_run2126_subrun63.csv,95,False,,,2.5,-0.4401
2026-08-08T09:12:38Z,Digitizer_run2126_subrun64.csv,0,False,,,6.4,-0.6108
2026-08-08T09:12:38Z,Digitizer_run2126_subrun64.csv,1,False,,,4.15,-0.5822
2026-08-08T09:12:38Z,Digitizer_run2126_subrun64.csv,2,False,,,2.81,-0.4377
2026-08-08T09:12:38Z,Digitizer_run2126_subrun64.csv,3,False,,,2.09,-0.4608
2026-08-08T09:12:38Z,Digitizer_run2126_subrun64.csv,4,False,,,5.45,-0.5604
2026-08-08T09:12:38Z,Digitizer_run2126_subrun64.csv,5,False,,,4.56,-0.5348
2026-08-08T09:12:38Z,Digitizer_run2126_subrun64.csv,6,False,,,5.67,-0.5995
2026-08-08T09:12:38Z,Digitizer_run2126_subrun64.csv,7,True,isolation_forest,,5.67,-0.6415
2026-08-08T09:12:38Z,Digitizer_run2126_subrun64.csv,8,False,,,5.35,-0.618
2026-08-08T09:12:38Z,Digitizer_run2126_subrun64.csv,9,False,,,6.44,-0.6179
2026-08-08T09:12:38Z,Digitizer_run2126_subrun64.csv,10,True,statistical,pulseDuriation_min_mean,8.6,-0.5974
2026-08-08T09:12:38Z,Digitizer_run2126_subrun64.csv,11,False,,,7.91,-0.6245
2026-08-08T09:12:38Z,Digitizer_run2126_subrun64.csv,12,False,,,2.85,-0.5319
2026-08-08T09:12:38Z,Digitizer_run2126_subrun64.csv,13,False,,,2.9,-0.5257
2026-08-08T09:12:38Z,Digitizer_run2126_subrun64.csv,14,False,,,3.41,-0.527
2026-08-08T09:12:38Z,Digitizer_run2126_subrun64.csv,15,True,statistical,nPulses_median,19.7,-0.5546
2026-08-08T09:12:38Z,Digitizer_run2126_subrun64.csv,16,False,,,6.08,-0.6208
2026-08-08T09:12:38Z,Digitizer_run2126_subrun64.csv,17,False,,,4.55,-0.579
2026-08-08T09:12:38Z,Digitizer_run2126_subrun64.csv,18,False,,,3.13,-0.4836
2026-08-08T09:12:38Z,Digitizer_run2126_subrun64.csv,19,False,,,3.43,-0.4229
2026-08-08T09:12:38Z,Digitizer_run2126_subrun64.csv,20,False,,,3.47,-0.5044
2026-08-08T09:12:38Z,Digitizer_run2126_subrun64.csv,21,False,,,3.27,-0.5211
2026-08-08T09:12:38Z,Digitizer_run2126_subrun64.csv,22,False,,,4.78,-0.4892
2026-08-08T09:12:38Z,Digitizer_run2126_subrun64.csv,23,False,,,2.34,-0.4213
2026-08-08T09:12:38Z,Digitizer_run2126_subrun64.csv,24,False,,,6.99,-0.5815
2026-08-08T09:12:38Z,Digitizer_run2126_subrun64.csv,25,False,,,4.74,-0.5301
2026-08-08T09:12:38Z,Digitizer_run2126_subrun64.csv,26,False,,,7.43,-0.5411
2026-08-08T09:12:38Z,Digitizer_run2126_subrun64.csv,27,False,,,2.61,-0.4458
2026-08-08T09:12:38Z,Digitizer_run2126_subrun64.csv,28,False,,,5.43,-0.5569
2026-08-08T09:12:38Z,Digitizer_run2126_subrun64.csv,29,False,,,2.51,-0.4426
2026-08-08T09:12:38Z,Digitizer_run2126_subrun64.csv,30,False,,,2.99,-0.5025
2026-08-08T09:12:38Z,Digitizer_run2126_subrun64.csv,31,False,,,1.83,-0.3953
2026-08-08T09:12:38Z,Digitizer_run2126_subrun64.csv,32,False,,,5.62,-0.6254
2026-08-08T09:12:38Z,Digitizer_run2126_subrun64.csv,33,False,,,7.42,-0.5894
2026-08-08T09:12:38Z,Digitizer_run2126_subrun64.csv,34,False,,,4.62,-0.5606
2026-08-08T09:12:38Z,Digitizer_run2126_subrun64.csv,35,False,,,7.61,-0.5799
2026-08-08T09:12:38Z,Digitizer_run2126_subrun64.csv,36,True,statistical+IF,sideband_mean_mean;pulseHeight_min_median;pulseArea_min_median,13.67,-0.6401
2026-08-08T09:12:38Z,Digitizer_run2126_subrun64.csv,37,False,,,6.02,-0.6064
2026-08-08T09:12:38Z,Digitizer_run2126_subrun64.csv,38,False,,,3.58,-0.5197
2026-08-08T09:12:38Z,Digitizer_run2126_subrun64.csv,39,False,,,4.41,-0.5547
2026-08-08T09:12:38Z,Digitizer_run2126_subrun64.csv,40,False,,,4.75,-0.4778
2026-08-08T09:12:38Z,Digitizer_run2126_subrun64.csv,41,False,,,4.9,-0.4783
2026-08-08T09:12:38Z,Digitizer_run2126_subrun64.csv,42,False,,,4.31,-0.5836
2026-08-08T09:12:38Z,Digitizer_run2126_subrun64.csv,43,False,,,5.08,-0.5173
2026-08-08T09:12:38Z,Digitizer_run2126_subrun64.csv,44,False,,,3.85,-0.5601
2026-08-08T09:12:38Z,Digitizer_run2126_subrun64.csv,45,False,,,5.31,-0.5927
2026-08-08T09:12:38Z,Digitizer_run2126_subrun64.csv,46,False,,,4.88,-0.5902
2026-08-08T09:12:38Z,Digitizer_run2126_subrun64.csv,47,False,,,4.85,-0.5437
2026-08-08T09:12:38Z,Digitizer_run2126_subrun64.csv,48,True,statistical+IF,pulseArea_max_mean;pulseArea_min_mean;pulseDuriation_max_mean;pulseDuriation_min_mean,16.6,-0.6484
2026-08-08T09:12:38Z,Digitizer_run2126_subrun64.csv,49,True,statistical,pulseArea_max_mean;pulseArea_min_mean;pulseDuriation_max_mean;pulseDuriation_max_std;pulseDuriation_min_mean;pulseDuriation_min_std,15.55,-0.6336
2026-08-08T09:12:38Z,Digitizer_run2126_subrun64.csv,50,False,,,4.1,-0.535
2026-08-08T09:12:38Z,Digitizer_run2126_subrun64.csv,51,False,,,4.06,-0.5754
2026-08-08T09:12:38Z,Digitizer_run2126_subrun64.csv,52,False,,,5.72,-0.6106
2026-08-08T09:12:38Z,Digitizer_run2126_subrun64.csv,53,True,statistical,pulseHeight_max_median,9.33,-0.6368
2026-08-08T09:12:38Z,Digitizer_run2126_subrun64.csv,54,True,statistical,pulseDuriation_min_median,9.32,-0.581
2026-08-08T09:12:38Z,Digitizer_run2126_subrun64.csv,55,False,,,1.36,-0.4159
2026-08-08T09:12:38Z,Digitizer_run2126_subrun64.csv,56,False,,,6.79,-0.5514
2026-08-08T09:12:38Z,Digitizer_run2126_subrun64.csv,57,False,,,4.72,-0.5344
2026-08-08T09:12:38Z,Digitizer_run2126_subrun64.csv,58,False,,,4.45,-0.4662
2026-08-08T09:12:38Z,Digitizer_run2126_subrun64.csv,59,False,,,4.66,-0.46
2026-08-08T09:12:38Z,Digitizer_run2126_subrun64.csv,60,False,,,4.68,-0.5538
2026-08-08T09:12:38Z,Digitizer_run2126_subrun64.csv,61,False,,,4.56,-0.5377
2026-08-08T09:12:38Z,Digitizer_run2126_subrun64.csv,62,False,,,3.71,-0.4582
2026-08-08T09:12:38Z,Digitizer_run2126_subrun64.csv,63,False,,,3.42,-0.5161
2026-08-08T09:12:38Z,Digitizer_run2126_subrun64.csv,64,True,statistical,nPulses_median,14.56,-0.5725
2026-08-08T09:12:38Z,Digitizer_run2126_subrun64.csv,65,False,,,5.31,-0.5925
2026-08-08T09:12:38Z,Digitizer_run2126_subrun64.csv,66,False,,,4.75,-0.4736
2026-08-08T09:12:38Z,Digitizer_run2126_subrun64.csv,67,False,,,5.95,-0.5437
2026-08-08T09:12:38Z,Digitizer_run2126_subrun64.csv,68,False,,,3.51,-0.5611
2026-08-08T09:12:38Z,Digitizer_run2126_subrun64.csv,69,False,,,3.31,-0.5073
2026-08-08T09:12:38Z,Digitizer_run2126_subrun64.csv,70,False,,,4.35,-0.5875
2026-08-08T09:12:38Z,Digitizer_run2126_subrun64.csv,71,False,,,3.58,-0.5549
2026-08-08T09:12:38Z,Digitizer_run2126_subrun64.csv,72,False,,,6.74,-0.6196
2026-08-08T09:12:38Z,Digitizer_run2126_subrun64.csv,73,True,isolation_forest,,6.25,-0.6493
2026-08-08T09:12:38Z,Digitizer_run2126_subrun64.csv,74,False,,,3.48,-0.562
2026-08-08T09:12:38Z,Digitizer_run2126_subrun64.csv,75,False,,,5.7,-0.579
2026-08-08T09:12:38Z,Digitizer_run2126_subrun64.csv,76,False,,,3.08,-0.5154
2026-08-08T09:12:38Z,Digitizer_run2126_subrun64.csv,77,True,statistical+IF,pulseHeight_min_median;pulseArea_min_median,15.6,-0.6572
2026-08-08T09:12:38Z,Digitizer_run2126_subrun64.csv,78,True,statistical+IF,sideband_rms_mean;pulseHeight_max_median,11.39,-0.6594
2026-08-08T09:12:38Z,Digitizer_run2126_subrun64.csv,79,False,,,6.32,-0.6088
2026-08-08T09:12:38Z,Digitizer_run2126_subrun64.csv,80,False,,,4.24,-0.4251
2026-08-08T09:12:38Z,Digitizer_run2126_subrun64.csv,81,False,,,2.25,-0.4192
2026-08-08T09:12:38Z,Digitizer_run2126_subrun64.csv,82,False,,,6.72,-0.6118
2026-08-08T09:12:38Z,Digitizer_run2126_subrun64.csv,83,True,statistical,sideband_mean_mean,8.07,-0.6362
2026-08-08T09:12:38Z,Digitizer_run2126_subrun64.csv,84,False,,,7.14,-0.5618
2026-08-08T09:12:38Z,Digitizer_run2126_subrun64.csv,85,False,,,3.18,-0.4864
2026-08-08T09:12:38Z,Digitizer_run2126_subrun64.csv,86,False,,,7.0,-0.5716
2026-08-08T09:12:38Z,Digitizer_run2126_subrun64.csv,87,True,statistical,nPulses_median,10.89,-0.5366
2026-08-08T09:12:38Z,Digitizer_run2126_subrun64.csv,88,False,,,4.53,-0.5788
2026-08-08T09:12:38Z,Digitizer_run2126_subrun64.csv,89,False,,,2.65,-0.5154
2026-08-08T09:12:38Z,Digitizer_run2126_subrun64.csv,90,False,,,3.98,-0.5808
2026-08-08T09:12:38Z,Digitizer_run2126_subrun64.csv,91,False,,,3.25,-0.5122
2026-08-08T09:12:38Z,Digitizer_run2126_subrun64.csv,92,False,,,6.41,-0.6238
2026-08-08T09:12:38Z,Digitizer_run2126_subrun64.csv,93,False,,,3.86,-0.5116
2026-08-08T09:12:38Z,Digitizer_run2126_subrun64.csv,94,True,statistical,nPulses_median,10.43,-0.6052
2026-08-08T09:12:38Z,Digitizer_run2126_subrun64.csv,95,False,,,3.45,-0.4867
2026-08-08T09:12:44Z,Digitizer_run2126_subrun65.csv,0,False,,,1.42,-0.4022
2026-08-08T09:12:44Z,Digitizer_run2126_subrun65.csv,1,False,,,1.69,-0.4183
2026-08-08T09:12:44Z,Digitizer_run2126_subrun65.csv,2,False,,,2.38,-0.4548
2026-08-08T09:12:44Z,Digitizer_run2126_subrun65.csv,3,False,,,4.07,-0.4869
2026-08-08T09:12:44Z,Digitizer_run2126_subrun65.csv,4,False,,,5.58,-0.59
2026-08-08T09:12:44Z,Digitizer_run2126_subrun65.csv,5,False,,,4.78,-0.5697
2026-08-08T09:12:44Z,Digitizer_run2126_subrun65.csv,6,False,,,2.55,-0.5101
2026-08-08T09:12:44Z,Digitizer_run2126_subrun65.csv,7,False,,,3.7,-0.4808
2026-08-08T09:12:44Z,Digitizer_run2126_subrun65.csv,8,False,,,4.44,-0.5225
2026-08-08T09:12:44Z,Digitizer_run2126_subrun65.csv,9,False,,,3.47,-0.4708
2026-08-08T09:12:44Z,Digitizer_run2126_subrun65.csv,10,True,statistical,pulseArea_min_median,10.08,-0.6124
2026-08-08T09:12:44Z,Digitizer_run2126_subrun65.csv,11,False,,,4.3,-0.5524
2026-08-08T09:12:44Z,Digitizer_run2126_subrun65.csv,12,True,statistical,pulseHeight_min_median;pulseArea_min_median,10.41,-0.6196
2026-08-08T09:12:44Z,Digitizer_run2126_subrun65.csv,13,False,,,7.29,-0.599
2026-08-08T09:12:44Z,Digitizer_run2126_subrun65.csv,14,False,,,4.21,-0.516
2026-08-08T09:12:44Z,Digitizer_run2126_subrun65.csv,15,False,,,2.33,-0.4346
2026-08-08T09:12:44Z,Digitizer_run2126_subrun65.csv,16,False,,,2.45,-0.4656
2026-08-08T09:12:44Z,Digitizer_run2126_subrun65.csv,17,False,,,3.5,-0.4971
2026-08-08T09:12:44Z,Digitizer_run2126_subrun65.csv,18,False,,,3.57,-0.5466
2026-08-08T09:12:44Z,Digitizer_run2126_subrun65.csv,19,False,,,3.44,-0.5074
2026-08-08T09:12:44Z,Digitizer_run2126_subrun65.csv,20,False,,,4.12,-0.571
2026-08-08T09:12:44Z,Digitizer_run2126_subrun65.csv,21,False,,,2.05,-0.4533
2026-08-08T09:12:44Z,Digitizer_run2126_subrun65.csv,22,False,,,3.29,-0.4723
2026-08-08T09:12:44Z,Digitizer_run2126_subrun65.csv,23,False,,,1.96,-0.4237
2026-08-08T09:12:44Z,Digitizer_run2126_subrun65.csv,24,False,,,2.85,-0.4822
2026-08-08T09:12:44Z,Digitizer_run2126_subrun65.csv,25,False,,,3.97,-0.534
2026-08-08T09:12:44Z,Digitizer_run2126_subrun65.csv,26,False,,,3.93,-0.5332
2026-08-08T09:12:44Z,Digitizer_run2126_subrun65.csv,27,False,,,2.38,-0.4898
2026-08-08T09:12:44Z,Digitizer_run2126_subrun65.csv,28,False,,,3.54,-0.4814
2026-08-08T09:12:44Z,Digitizer_run2126_subrun65.csv,29,False,,,1.67,-0.4243
2026-08-08T09:12:44Z,Digitizer_run2126_subrun65.csv,30,False,,,2.04,-0.4247
2026-08-08T09:12:44Z,Digitizer_run2126_subrun65.csv,31,False,,,2.57,-0.4513
2026-08-08T09:12:44Z,Digitizer_run2126_subrun65.csv,32,False,,,5.2,-0.556
2026-08-08T09:12:44Z,Digitizer_run2126_subrun65.csv,33,False,,,6.2,-0.5544
2026-08-08T09:12:44Z,Digitizer_run2126_subrun65.csv,34,False,,,5.14,-0.5642
2026-08-08T09:12:44Z,Digitizer_run2126_subrun65.csv,35,False,,,4.18,-0.5059
2026-08-08T09:12:44Z,Digitizer_run2126_subrun65.csv,36,False,,,6.53,-0.6353
2026-08-08T09:12:44Z,Digitizer_run2126_subrun65.csv,37,False,,,3.87,-0.5763
2026-08-08T09:12:44Z,Digitizer_run2126_subrun65.csv,38,False,,,3.49,-0.4852
2026-08-08T09:12:44Z,Digitizer_run2126_subrun65.csv,39,False,,,3.49,-0.4682
2026-08-08T09:12:44Z,Digitizer_run2126_subrun65.csv,40,False,,,6.77,-0.5553
2026-08-08T09:12:44Z,Digitizer_run2126_subrun65.csv,41,False,,,2.16,-0.4057
2026-08-08T09:12:44Z,Digitizer_run2126_subrun65.csv,42,False,,,6.01,-0.546
2026-08-08T09:12:44Z,Digitizer_run2126_subrun65.csv,43,False,,,3.83,-0.5263
2026-08-08T09:12:44Z,Digitizer_run2126_subrun65.csv,44,True,statistical+IF,pulseArea_min_mean,11.49,-0.6551
2026-08-08T09:12:44Z,Digitizer_run2126_subrun65.csv,45,False,,,6.98,-0.5984
2026-08-08T09:12:44Z,Digitizer_run2126_subrun65.csv,46,False,,,3.32,-0.5283
2026-08-08T09:12:44Z,Digitizer_run2126_subrun65.csv,47,False,,,3.73,-0.52
2026-08-08T09:12:44Z,Digitizer_run2126_subrun65.csv,48,False,,,2.25,-0.4725
2026-08-08T09:12:44Z,Digitizer_run2126_subrun65.csv,49,False,,,3.31,-0.5056
2026-08-08T09:12:44Z,Digitizer_run2126_subrun65.csv,50,False,,,5.0,-0.508
2026-08-08T09:12:44Z,Digitizer_run2126_subrun65.csv,51,False,,,3.92,-0.533
2026-08-08T09:12:44Z,Digitizer_run2126_subrun65.csv,52,False,,,5.39,-0.5937
2026-08-08T09:12:44Z,Digitizer_run2126_subrun65.csv,53,False,,,7.29,-0.5931
2026-08-08T09:12:44Z,Digitizer_run2126_subrun65.csv,54,False,,,3.79,-0.4561
2026-08-08T09:12:44Z,Digitizer_run2126_subrun65.csv,55,False,,,2.65,-0.4549
2026-08-08T09:12:44Z,Digitizer_run2126_subrun65.csv,56,True,statistical,pulseHeight_max_median;pulseHeight_min_median;pulseDuriation_max_std,15.36,-0.5751
2026-08-08T09:12:44Z,Digitizer_run2126_subrun65.csv,57,False,,,4.64,-0.5218
2026-08-08T09:12:44Z,Digitizer_run2126_subrun65.csv,58,True,statistical,sideband_rms_mean,9.11,-0.5727
2026-08-08T09:12:44Z,Digitizer_run2126_subrun65.csv,59,True,statistical,sideband_rms_mean,9.27,-0.6113
2026-08-08T09:12:44Z,Digitizer_run2126_subrun65.csv,60,False,,,7.66,-0.5534
2026-08-08T09:12:44Z,Digitizer_run2126_subrun65.csv,61,False,,,2.85,-0.4781
2026-08-08T09:12:44Z,Digitizer_run2126_subrun65.csv,62,False,,,5.62,-0.4974
2026-08-08T09:12:44Z,Digitizer_run2126_subrun65.csv,63,False,,,2.68,-0.4536
2026-08-08T09:12:44Z,Digitizer_run2126_subrun65.csv,64,False,,,4.88,-0.5566
2026-08-08T09:12:44Z,Digitizer_run2126_subrun65.csv,65,False,,,6.56,-0.5596
2026-08-08T09:12:44Z,Digitizer_run2126_subrun65.csv,66,True,statistical,nPulses_median,10.53,-0.6315
2026-08-08T09:12:44Z,Digitizer_run2126_subrun65.csv,67,True,isolation_forest,,7.9,-0.6387
2026-08-08T09:12:44Z,Digitizer_run2126_subrun65.csv,68,False,,,3.6,-0.5563
2026-08-08T09:12:44Z,Digitizer_run2126_subrun65.csv,69,False,,,3.91,-0.5851
2026-08-08T09:12:44Z,Digitizer_run2126_subrun65.csv,70,False,,,3.97,-0.5037
2026-08-08T09:12:44Z,Digitizer_run2126_subrun65.csv,71,False,,,3.58,-0.5706
2026-08-08T09:12:44Z,Digitizer_run2126_subrun65.csv,72,False,,,4.47,-0.556
2026-08-08T09:12:44Z,Digitizer_run2126_subrun65.csv,73,False,,,3.82,-0.5124
2026-08-08T09:12:44Z,Digitizer_run2126_subrun65.csv,74,False,,,6.84,-0.5466
2026-08-08T09:12:44Z,Digitizer_run2126_subrun65.csv,75,False,,,2.0,-0.4581
2026-08-08T09:12:44Z,Digitizer_run2126_subrun65.csv,76,False,,,5.27,-0.5855
2026-08-08T09:12:44Z,Digitizer_run2126_subrun65.csv,77,False,,,3.67,-0.5004
2026-08-08T09:12:44Z,Digitizer_run2126_subrun65.csv,78,True,statistical+IF,sideband_rms_mean;pulseArea_max_mean,8.32,-0.7133
2026-08-08T09:12:44Z,Digitizer_run2126_subrun65.csv,79,True,statistical+IF,pulseArea_min_mean,8.92,-0.6603
2026-08-08T09:12:44Z,Digitizer_run2126_subrun65.csv,80,False,,,4.09,-0.507
2026-08-08T09:12:44Z,Digitizer_run2126_subrun65.csv,81,False,,,6.95,-0.6106
2026-08-08T09:12:44Z,Digitizer_run2126_subrun65.csv,82,True,statistical,pulseArea_min_median,8.29,-0.5185
2026-08-08T09:12:44Z,Digitizer_run2126_subrun65.csv,83,False,,,2.38,-0.4306
2026-08-08T09:12:44Z,Digitizer_run2126_subrun65.csv,84,False,,,7.69,-0.5772
2026-08-08T09:12:44Z,Digitizer_run2126_subrun65.csv,85,False,,,4.13,-0.5493
2026-08-08T09:12:44Z,Digitizer_run2126_subrun65.csv,86,True,statistical,pulseHeight_min_median,11.87,-0.5596
2026-08-08T09:12:44Z,Digitizer_run2126_subrun65.csv,87,False,,,3.61,-0.5138
2026-08-08T09:12:44Z,Digitizer_run2126_subrun65.csv,88,False,,,4.08,-0.5421
2026-08-08T09:12:44Z,Digitizer_run2126_subrun65.csv,89,False,,,3.55,-0.5321
2026-08-08T09:12:44Z,Digitizer_run2126_subrun65.csv,90,True,statistical,pulseHeight_max_median;pulseHeight_min_median;pulseArea_max_median;pulseArea_min_median,13.03,-0.6312
2026-08-08T09:12:44Z,Digitizer_run2126_subrun65.csv,91,True,statistical,pulseHeight_min_median;pulseArea_min_median,9.98,-0.6124
2026-08-08T09:12:44Z,Digitizer_run2126_subrun65.csv,92,False,,,2.16,-0.4435
2026-08-08T09:12:44Z,Digitizer_run2126_subrun65.csv,93,False,,,1.99,-0.4364
2026-08-08T09:12:44Z,Digitizer_run2126_subrun65.csv,94,False,,,2.95,-0.4937
2026-08-08T09:12:44Z,Digitizer_run2126_subrun65.csv,95,False,,,2.33,-0.4749
2026-08-08T09:12:48Z,Digitizer_run2126_subrun66.csv,0,False,,,2.43,-0.4399
2026-08-08T09:12:48Z,Digitizer_run2126_subrun66.csv,1,False,,,3.0,-0.4763
2026-08-08T09:12:48Z,Digitizer_run2126_subrun66.csv,2,False,,,6.71,-0.6023
2026-08-08T09:12:48Z,Digitizer_run2126_subrun66.csv,3,False,,,5.92,-0.4708
2026-08-08T09:12:48Z,Digitizer_run2126_subrun66.csv,4,False,,,2.96,-0.4828
2026-08-08T09:12:48Z,Digitizer_run2126_subrun66.csv,5,False,,,2.96,-0.5384
2026-08-08T09:12:48Z,Digitizer_run2126_subrun66.csv,6,False,,,4.12,-0.53
2026-08-08T09:12:48Z,Digitizer_run2126_subrun66.csv,7,False,,,3.62,-0.5135
2026-08-08T09:12:48Z,Digitizer_run2126_subrun66.csv,8,False,,,6.57,-0.581
2026-08-08T09:12:48Z,Digitizer_run2126_subrun66.csv,9,False,,,4.81,-0.5615
2026-08-08T09:12:48Z,Digitizer_run2126_subrun66.csv,10,False,,,5.68,-0.5204
2026-08-08T09:12:48Z,Digitizer_run2126_subrun66.csv,11,False,,,2.4,-0.5363
2026-08-08T09:12:48Z,Digitizer_run2126_subrun66.csv,12,False,,,5.09,-0.589
2026-08-08T09:12:48Z,Digitizer_run2126_subrun66.csv,13,False,,,4.38,-0.5223
2026-08-08T09:12:48Z,Digitizer_run2126_subrun66.csv,14,False,,,4.27,-0.5765
2026-08-08T09:12:48Z,Digitizer_run2126_subrun66.csv,15,False,,,3.1,-0.5008
2026-08-08T09:12:48Z,Digitizer_run2126_subrun66.csv,16,False,,,3.48,-0.5227
2026-08-08T09:12:48Z,Digitizer_run2126_subrun66.csv,17,False,,,5.52,-0.524
2026-08-08T09:12:48Z,Digitizer_run2126_subrun66.csv,18,False,,,3.36,-0.4615
2026-08-08T09:12:48Z,Digitizer_run2126_subrun66.csv,19,False,,,4.44,-0.5572
2026-08-08T09:12:48Z,Digitizer_run2126_subrun66.csv,20,False,,,2.46,-0.5103
2026-08-08T09:12:48Z,Digitizer_run2126_subrun66.csv,21,False,,,2.28,-0.4904
2026-08-08T09:12:48Z,Digitizer_run2126_subrun66.csv,22,False,,,5.0,-0.5496
2026-08-08T09:12:48Z,Digitizer_run2126_subrun66.csv,23,False,,,4.12,-0.5171
2026-08-08T09:12:48Z,Digitizer_run2126_subrun66.csv,24,False,,,2.43,-0.4485
2026-08-08T09:12:48Z,Digitizer_run2126_subrun66.csv,25,False,,,3.68,-0.5106
2026-08-08T09:12:48Z,Digitizer_run2126_subrun66.csv,26,False,,,3.16,-0.5405
2026-08-08T09:12:48Z,Digitizer_run2126_subrun66.csv,27,False,,,6.6,-0.5962
2026-08-08T09:12:48Z,Digitizer_run2126_subrun66.csv,28,False,,,2.66,-0.4731
2026-08-08T09:12:48Z,Digitizer_run2126_subrun66.csv,29,False,,,2.7,-0.4689
2026-08-08T09:12:48Z,Digitizer_run2126_subrun66.csv,30,False,,,3.4,-0.5796
2026-08-08T09:12:48Z,Digitizer_run2126_subrun66.csv,31,False,,,4.61,-0.5758
2026-08-08T09:12:48Z,Digitizer_run2126_subrun66.csv,32,False,,,2.86,-0.5334
2026-08-08T09:12:48Z,Digitizer_run2126_subrun66.csv,33,False,,,3.1,-0.5018
2026-08-08T09:12:48Z,Digitizer_run2126_subrun66.csv,34,False,,,6.66,-0.5801
2026-08-08T09:12:48Z,Digitizer_run2126_subrun66.csv,35,False,,,5.74,-0.6007
2026-08-08T09:12:48Z,Digitizer_run2126_subrun66.csv,36,False,,,4.39,-0.589
2026-08-08T09:12:48Z,Digitizer_run2126_subrun66.csv,37,False,,,4.72,-0.558
2026-08-08T09:12:48Z,Digitizer_run2126_subrun66.csv,38,False,,,7.21,-0.6016
2026-08-08T09:12:48Z,Digitizer_run2126_subrun66.csv,39,False,,,5.83,-0.5523
2026-08-08T09:12:48Z,Digitizer_run2126_subrun66.csv,40,False,,,7.06,-0.5902
2026-08-08T09:12:48Z,Digitizer_run2126_subrun66.csv,41,True,statistical,pulseDuriation_min_mean,8.08,-0.6377
2026-08-08T09:12:48Z,Digitizer_run2126_subrun66.csv,42,False,,,5.56,-0.5328
2026-08-08T09:12:48Z,Digitizer_run2126_subrun66.csv,43,False,,,6.68,-0.563
2026-08-08T09:12:48Z,Digitizer_run2126_subrun66.csv,44,False,,,4.3,-0.5342
2026-08-08T09:12:48Z,Digitizer_run2126_subrun66.csv,45,False,,,6.04,-0.6049
2026-08-08T09:12:48Z,Digitizer_run2126_subrun66.csv,46,False,,,4.8,-0.4868
2026-08-08T09:12:48Z,Digitizer_run2126_subrun66.csv,47,True,statistical,pulseHeight_min_median;pulseArea_min_median,15.32,-0.6259
2026-08-08T09:12:48Z,Digitizer_run2126_subrun66.csv,48,False,,,2.5,-0.4768
2026-08-08T09:12:48Z,Digitizer_run2126_subrun66.csv,49,False,,,4.06,-0.5272
2026-08-08T09:12:48Z,Digitizer_run2126_subrun66.csv,50,False,,,5.38,-0.5141
2026-08-08T09:12:48Z,Digitizer_run2126_subrun66.csv,51,False,,,5.15,-0.5672
2026-08-08T09:12:48Z,Digitizer_run2126_subrun66.csv,52,False,,,6.47,-0.4907
2026-08-08T09:12:48Z,Digitizer_run2126_subrun66.csv,53,False,,,6.02,-0.5071
2026-08-08T09:12:48Z,Digitizer_run2126_subrun66.csv,54,False,,,6.52,-0.5146
2026-08-08T09:12:48Z,Digitizer_run2126_subrun66.csv,55,False,,,3.74,-0.4465
2026-08-08T09:12:48Z,Digitizer_run2126_subrun66.csv,56,False,,,6.45,-0.509
2026-08-08T09:12:48Z,Digitizer_run2126_subrun66.csv,57,False,,,4.86,-0.5556
2026-08-08T09:12:48Z,Digitizer_run2126_subrun66.csv,58,False,,,6.3,-0.5165
2026-08-08T09:12:48Z,Digitizer_run2126_subrun66.csv,59,False,,,6.75,-0.5362
2026-08-08T09:12:48Z,Digitizer_run2126_subrun66.csv,60,False,,,4.8,-0.5175
2026-08-08T09:12:48Z,Digitizer_run2126_subrun66.csv,61,False,,,4.93,-0.4777
2026-08-08T09:12:48Z,Digitizer_run2126_subrun66.csv,62,False,,,5.5,-0.4823
2026-08-08T09:12:48Z,Digitizer_run2126_subrun66.csv,63,True,statistical,sideband_mean_median,8.48,-0.5883
2026-08-08T09:12:48Z,Digitizer_run2126_subrun66.csv,64,False,,,6.0,-0.6162
2026-08-08T09:12:48Z,Digitizer_run2126_subrun66.csv,65,True,statistical,pulseDuriation_min_mean,10.55,-0.6334
2026-08-08T09:12:48Z,Digitizer_run2126_subrun66.csv,66,False,,,7.08,-0.5844
2026-08-08T09:12:48Z,Digitizer_run2126_subrun66.csv,67,False,,,5.26,-0.5961
2026-08-08T09:12:48Z,Digitizer_run2126_subrun66.csv,68,False,,,4.68,-0.6302
2026-08-08T09:12:48Z,Digitizer_run2126_subrun66.csv,69,False,,,6.0,-0.5771
2026-08-08T09:12:48Z,Digitizer_run2126_subrun66.csv,70,False,,,3.39,-0.5096
2026-08-08T09:12:48Z,Digitizer_run2126_subrun66.csv,71,False,,,4.03,-0.4891
2026-08-08T09:12:48Z,Digitizer_run2126_subrun66.csv,72,False,,,3.88,-0.5938
2026-08-08T09:12:48Z,Digitizer_run2126_subrun66.csv,73,False,,,4.28,-0.544
2026-08-08T09:12:48Z,Digitizer_run2126_subrun66.csv,74,False,,,3.67,-0.4988
2026-08-08T09:12:48Z,Digitizer_run2126_subrun66.csv,75,False,,,3.41,-0.5109
2026-08-08T09:12:48Z,Digitizer_run2126_subrun66.csv,76,False,,,3.04,-0.4679
2026-08-08T09:12:48Z,Digitizer_run2126_subrun66.csv,77,False,,,2.84,-0.4864
2026-08-08T09:12:48Z,Digitizer_run2126_subrun66.csv,78,False,,,6.78,-0.5681
2026-08-08T09:12:48Z,Digitizer_run2126_subrun66.csv,79,False,,,2.1,-0.4328
2026-08-08T09:12:48Z,Digitizer_run2126_subrun66.csv,80,True,statistical,sideband_rms_mean,8.76,-0.5895
2026-08-08T09:12:48Z,Digitizer_run2126_subrun66.csv,81,True,statistical,sideband_rms_mean,13.06,-0.63
2026-08-08T09:12:48Z,Digitizer_run2126_subrun66.csv,82,False,,,4.85,-0.5578
2026-08-08T09:12:48Z,Digitizer_run2126_subrun66.csv,83,False,,,6.01,-0.59
2026-08-08T09:12:48Z,Digitizer_run2126_subrun66.csv,84,False,,,5.49,-0.5901
2026-08-08T09:12:48Z,Digitizer_run2126_subrun66.csv,85,False,,,4.85,-0.55
2026-08-08T09:12:48Z,Digitizer_run2126_subrun66.csv,86,False,,,6.83,-0.5536
2026-08-08T09:12:48Z,Digitizer_run2126_subrun66.csv,87,True,statistical,nPulses_median,10.89,-0.5282
2026-08-08T09:12:48Z,Digitizer_run2126_subrun66.csv,88,False,,,4.4,-0.5703
2026-08-08T09:12:48Z,Digitizer_run2126_subrun66.csv,89,False,,,4.26,-0.4648
2026-08-08T09:12:48Z,Digitizer_run2126_subrun66.csv,90,True,statistical+IF,nPulses_mean;nPulses_median;pulseHeight_max_median;pulseArea_max_median,14.61,-0.6542
2026-08-08T09:12:48Z,Digitizer_run2126_subrun66.csv,91,False,,,4.25,-0.5925
2026-08-08T09:12:48Z,Digitizer_run2126_subrun66.csv,92,False,,,2.25,-0.4995
2026-08-08T09:12:48Z,Digitizer_run2126_subrun66.csv,93,False,,,3.25,-0.5005
2026-08-08T09:12:48Z,Digitizer_run2126_subrun66.csv,94,False,,,5.49,-0.5507
2026-08-08T09:12:48Z,Digitizer_run2126_subrun66.csv,95,True,statistical,pulseHeight_max_std,8.08,-0.536
2026-08-08T09:12:54Z,Digitizer_run2126_subrun67.csv,0,True,statistical,pulseHeight_min_median;pulseArea_min_median,18.76,-0.5871
2026-08-08T09:12:54Z,Digitizer_run2126_subrun67.csv,1,False,,,6.8,-0.5714
2026-08-08T09:12:54Z,Digitizer_run2126_subrun67.csv,2,False,,,4.58,-0.4931
2026-08-08T09:12:54Z,Digitizer_run2126_subrun67.csv,3,False,,,3.47,-0.5203
2026-08-08T09:12:54Z,Digitizer_run2126_subrun67.csv,4,False,,,2.47,-0.4866
2026-08-08T09:12:54Z,Digitizer_run2126_subrun67.csv,5,False,,,4.4,-0.5179
2026-08-08T09:12:54Z,Digitizer_run2126_subrun67.csv,6,False,,,7.99,-0.5558
2026-08-08T09:12:54Z,Digitizer_run2126_subrun67.csv,7,True,statistical,pulseHeight_min_median;pulseArea_min_median,9.83,-0.6199
2026-08-08T09:12:54Z,Digitizer_run2126_subrun67.csv,8,True,statistical+IF,pulseHeight_max_median;pulseArea_max_median,13.72,-0.651
2026-08-08T09:12:54Z,Digitizer_run2126_subrun67.csv,9,True,statistical,nPulses_median;pulseHeight_max_median;pulseArea_max_median,18.7,-0.6199
2026-08-08T09:12:54Z,Digitizer_run2126_subrun67.csv,10,False,,,2.82,-0.4579
2026-08-08T09:12:54Z,Digitizer_run2126_subrun67.csv,11,False,,,3.17,-0.5005
2026-08-08T09:12:54Z,Digitizer_run2126_subrun67.csv,12,False,,,3.77,-0.5547
2026-08-08T09:12:54Z,Digitizer_run2126_subrun67.csv,13,False,,,4.02,-0.5926
2026-08-08T09:12:54Z,Digitizer_run2126_subrun67.csv,14,False,,,2.81,-0.4953
2026-08-08T09:12:54Z,Digitizer_run2126_subrun67.csv,15,True,statistical,nPulses_median,19.7,-0.5934
2026-08-08T09:12:54Z,Digitizer_run2126_subrun67.csv,16,False,,,4.14,-0.4963
2026-08-08T09:12:54Z,Digitizer_run2126_subrun67.csv,17,False,,,3.17,-0.4888
2026-08-08T09:12:54Z,Digitizer_run2126_subrun67.csv,18,False,,,2.17,-0.3985
2026-08-08T09:12:54Z,Digitizer_run2126_subrun67.csv,19,False,,,3.18,-0.4103
2026-08-08T09:12:54Z,Digitizer_run2126_subrun67.csv,20,False,,,4.54,-0.6088
2026-08-08T09:12:54Z,Digitizer_run2126_subrun67.csv,21,True,isolation_forest,,7.15,-0.649
2026-08-08T09:12:54Z,Digitizer_run2126_subrun67.csv,22,False,,,4.69,-0.5589
2026-08-08T09:12:54Z,Digitizer_run2126_subrun67.csv,23,False,,,5.22,-0.6002
2026-08-08T09:12:54Z,Digitizer_run2126_subrun67.csv,24,False,,,4.16,-0.5765
2026-08-08T09:12:54Z,Digitizer_run2126_subrun67.csv,25,False,,,5.89,-0.5893
2026-08-08T09:12:54Z,Digitizer_run2126_subrun67.csv,26,False,,,5.51,-0.5142
2026-08-08T09:12:54Z,Digitizer_run2126_subrun67.csv,27,False,,,4.01,-0.5903
2026-08-08T09:12:54Z,Digitizer_run2126_subrun67.csv,28,False,,,3.69,-0.506
2026-08-08T09:12:54Z,Digitizer_run2126_subrun67.csv,29,False,,,6.03,-0.494
2026-08-08T09:12:54Z,Digitizer_run2126_subrun67.csv,30,False,,,5.46,-0.5685
2026-08-08T09:12:54Z,Digitizer_run2126_subrun67.csv,31,True,statistical,sideband_rms_mean,10.6,-0.5042
2026-08-08T09:12:54Z,Digitizer_run2126_subrun67.csv,32,False,,,5.98,-0.6264
2026-08-08T09:12:54Z,Digitizer_run2126_subrun67.csv,33,False,,,4.87,-0.5629
2026-08-08T09:12:54Z,Digitizer_run2126_subrun67.csv,34,False,,,5.24,-0.5734
2026-08-08T09:12:54Z,Digitizer_run2126_subrun67.csv,35,False,,,4.13,-0.5762
2026-08-08T09:12:54Z,Digitizer_run2126_subrun67.csv,36,True,statistical,pulseHeight_min_median,9.47,-0.5475
2026-08-08T09:12:54Z,Digitizer_run2126_subrun67.csv,37,False,,,6.3,-0.5028
2026-08-08T09:12:54Z,Digitizer_run2126_subrun67.csv,38,False,,,3.95,-0.5106
2026-08-08T09:12:54Z,Digitizer_run2126_subrun67.csv,39,True,isolation_forest,,6.52,-0.6422
2026-08-08T09:12:54Z,Digitizer_run2126_subrun67.csv,40,False,,,2.5,-0.4856
2026-08-08T09:12:54Z,Digitizer_run2126_subrun67.csv,41,True,statistical,pulseDuriation_min_median,8.0,-0.5702
2026-08-08T09:12:54Z,Digitizer_run2126_subrun67.csv,42,False,,,4.8,-0.4677
2026-08-08T09:12:54Z,Digitizer_run2126_subrun67.csv,43,False,,,5.62,-0.5047
2026-08-08T09:12:54Z,Digitizer_run2126_subrun67.csv,44,False,,,6.62,-0.5496
2026-08-08T09:12:54Z,Digitizer_run2126_subrun67.csv,45,False,,,6.95,-0.5123
2026-08-08T09:12:54Z,Digitizer_run2126_subrun67.csv,46,False,,,5.7,-0.581
2026-08-08T09:12:54Z,Digitizer_run2126_subrun67.csv,47,False,,,6.16,-0.5446
2026-08-08T09:12:54Z,Digitizer_run2126_subrun67.csv,48,False,,,3.8,-0.5218
2026-08-08T09:12:54Z,Digitizer_run2126_subrun67.csv,49,False,,,3.47,-0.4605
2026-08-08T09:12:54Z,Digitizer_run2126_subrun67.csv,50,False,,,4.22,-0.5364
2026-08-08T09:12:54Z,Digitizer_run2126_subrun67.csv,51,False,,,5.14,-0.5795
2026-08-08T09:12:54Z,Digitizer_run2126_subrun67.csv,52,False,,,4.81,-0.4957
2026-08-08T09:12:54Z,Digitizer_run2126_subrun67.csv,53,False,,,4.58,-0.4732
2026-08-08T09:12:54Z,Digitizer_run2126_subrun67.csv,54,False,,,5.84,-0.4984
2026-08-08T09:12:54Z,Digitizer_run2126_subrun67.csv,55,False,,,3.76,-0.5352
2026-08-08T09:12:54Z,Digitizer_run2126_subrun67.csv,56,False,,,6.72,-0.5398
2026-08-08T09:12:54Z,Digitizer_run2126_subrun67.csv,57,False,,,5.2,-0.5461
2026-08-08T09:12:54Z,Digitizer_run2126_subrun67.csv,58,False,,,5.96,-0.6045
2026-08-08T09:12:54Z,Digitizer_run2126_subrun67.csv,59,False,,,5.68,-0.5713
2026-08-08T09:12:54Z,Digitizer_run2126_subrun67.csv,60,False,,,5.94,-0.5972
2026-08-08T09:12:54Z,Digitizer_run2126_subrun67.csv,61,True,statistical,pulseHeight_max_median,13.09,-0.5734
2026-08-08T09:12:54Z,Digitizer_run2126_subrun67.csv,62,False,,,2.37,-0.4622
2026-08-08T09:12:54Z,Digitizer_run2126_subrun67.csv,63,False,,,1.81,-0.4592
2026-08-08T09:12:54Z,Digitizer_run2126_subrun67.csv,64,True,statistical,nPulses_median,14.56,-0.552
2026-08-08T09:12:54Z,Digitizer_run2126_subrun67.csv,65,False,,,5.29,-0.5463
2026-08-08T09:12:54Z,Digitizer_run2126_subrun67.csv,66,False,,,4.02,-0.5189
2026-08-08T09:12:54Z,Digitizer_run2126_subrun67.csv,67,False,,,3.45,-0.4362
2026-08-08T09:12:54Z,Digitizer_run2126_subrun67.csv,68,True,statistical,nPulses_std,12.61,-0.6006
2026-08-08T09:12:54Z,Digitizer_run2126_subrun67.csv,69,True,statistical,nPulses_median,500000.0,-0.5943
2026-08-08T09:12:54Z,Digitizer_run2126_subrun67.csv,70,False,,,2.86,-0.4757
2026-08-08T09:12:54Z,Digitizer_run2126_subrun67.csv,71,False,,,3.58,-0.5352
2026-08-08T09:12:54Z,Digitizer_run2126_subrun67.csv,72,False,,,5.38,-0.5763
2026-08-08T09:12:54Z,Digitizer_run2126_subrun67.csv,73,False,,,4.03,-0.5166
2026-08-08T09:12:54Z,Digitizer_run2126_subrun67.csv,74,False,,,2.5,-0.4621
2026-08-08T09:12:54Z,Digitizer_run2126_subrun67.csv,75,False,,,3.27,-0.4771
2026-08-08T09:12:54Z,Digitizer_run2126_subrun67.csv,76,True,statistical,nPulses_median,13.13,-0.4485
2026-08-08T09:12:54Z,Digitizer_run2126_subrun67.csv,77,False,,,2.31,-0.4817
2026-08-08T09:12:54Z,Digitizer_run2126_subrun67.csv,78,False,,,5.07,-0.5023
2026-08-08T09:12:54Z,Digitizer_run2126_subrun67.csv,79,False,,,5.21,-0.5752
2026-08-08T09:12:54Z,Digitizer_run2126_subrun67.csv,80,False,,,5.53,-0.5154
2026-08-08T09:12:54Z,Digitizer_run2126_subrun67.csv,81,False,,,3.04,-0.5366
2026-08-08T09:12:54Z,Digitizer_run2126_subrun67.csv,82,False,,,2.78,-0.4595
2026-08-08T09:12:54Z,Digitizer_run2126_subrun67.csv,83,False,,,6.03,-0.5812
2026-08-08T09:12:54Z,Digitizer_run2126_subrun67.csv,84,False,,,6.7,-0.5476
2026-08-08T09:12:54Z,Digitizer_run2126_subrun67.csv,85,False,,,6.3,-0.6232
2026-08-08T09:12:54Z,Digitizer_run2126_subrun67.csv,86,False,,,7.75,-0.5978
2026-08-08T09:12:54Z,Digitizer_run2126_subrun67.csv,87,False,,,5.72,-0.5855
2026-08-08T09:12:54Z,Digitizer_run2126_subrun67.csv,88,False,,,6.3,-0.6132
2026-08-08T09:12:54Z,Digitizer_run2126_subrun67.csv,89,False,,,6.14,-0.6117
2026-08-08T09:12:54Z,Digitizer_run2126_subrun67.csv,90,False,,,4.27,-0.5507
2026-08-08T09:12:54Z,Digitizer_run2126_subrun67.csv,91,True,statistical+IF,nPulses_median,10.98,-0.6556
2026-08-08T09:12:54Z,Digitizer_run2126_subrun67.csv,92,False,,,5.11,-0.5216
2026-08-08T09:12:54Z,Digitizer_run2126_subrun67.csv,93,False,,,2.61,-0.4836
2026-08-08T09:12:54Z,Digitizer_run2126_subrun67.csv,94,False,,,4.32,-0.4962
2026-08-08T09:12:54Z,Digitizer_run2126_subrun67.csv,95,False,,,2.84,-0.4054
2026-08-08T09:13:00Z,Digitizer_run2126_subrun68.csv,0,False,,,3.91,-0.4972
2026-08-08T09:13:00Z,Digitizer_run2126_subrun68.csv,1,False,,,2.37,-0.4367
2026-08-08T09:13:00Z,Digitizer_run2126_subrun68.csv,2,False,,,2.69,-0.4563
2026-08-08T09:13:00Z,Digitizer_run2126_subrun68.csv,3,False,,,3.47,-0.4741
2026-08-08T09:13:00Z,Digitizer_run2126_subrun68.csv,4,False,,,3.72,-0.4713
2026-08-08T09:13:00Z,Digitizer_run2126_subrun68.csv,5,False,,,2.71,-0.4685
2026-08-08T09:13:00Z,Digitizer_run2126_subrun68.csv,6,False,,,4.01,-0.5135
2026-08-08T09:13:00Z,Digitizer_run2126_subrun68.csv,7,False,,,4.41,-0.496
2026-08-08T09:13:00Z,Digitizer_run2126_subrun68.csv,8,False,,,5.42,-0.5796
2026-08-08T09:13:00Z,Digitizer_run2126_subrun68.csv,9,True,statistical,nPulses_median,9.32,-0.6157
2026-08-08T09:13:00Z,Digitizer_run2126_subrun68.csv,10,False,,,5.44,-0.5385
2026-08-08T09:13:00Z,Digitizer_run2126_subrun68.csv,11,False,,,4.15,-0.5171
2026-08-08T09:13:00Z,Digitizer_run2126_subrun68.csv,12,False,,,3.81,-0.5333
2026-08-08T09:13:00Z,Digitizer_run2126_subrun68.csv,13,False,,,3.42,-0.5108
2026-08-08T09:13:00Z,Digitizer_run2126_subrun68.csv,14,False,,,3.47,-0.5387
2026-08-08T09:13:00Z,Digitizer_run2126_subrun68.csv,15,False,,,2.73,-0.4736
2026-08-08T09:13:00Z,Digitizer_run2126_subrun68.csv,16,False,,,3.85,-0.5401
2026-08-08T09:13:00Z,Digitizer_run2126_subrun68.csv,17,False,,,3.47,-0.5384
2026-08-08T09:13:00Z,Digitizer_run2126_subrun68.csv,18,False,,,3.28,-0.5119
2026-08-08T09:13:00Z,Digitizer_run2126_subrun68.csv,19,False,,,3.13,-0.4751
2026-08-08T09:13:00Z,Digitizer_run2126_subrun68.csv,20,False,,,4.11,-0.5158
2026-08-08T09:13:00Z,Digitizer_run2126_subrun68.csv,21,False,,,3.03,-0.4559
2026-08-08T09:13:00Z,Digitizer_run2126_subrun68.csv,22,False,,,3.87,-0.5605
2026-08-08T09:13:00Z,Digitizer_run2126_subrun68.csv,23,False,,,3.52,-0.5094
2026-08-08T09:13:00Z,Digitizer_run2126_subrun68.csv,24,False,,,4.39,-0.5662
2026-08-08T09:13:00Z,Digitizer_run2126_subrun68.csv,25,False,,,3.76,-0.5728
2026-08-08T09:13:00Z,Digitizer_run2126_subrun68.csv,26,False,,,2.43,-0.5032
2026-08-08T09:13:00Z,Digitizer_run2126_subrun68.csv,27,False,,,3.87,-0.4869
2026-08-08T09:13:00Z,Digitizer_run2126_subrun68.csv,28,False,,,5.13,-0.5349
2026-08-08T09:13:00Z,Digitizer_run2126_subrun68.csv,29,False,,,4.72,-0.543
2026-08-08T09:13:00Z,Digitizer_run2126_subrun68.csv,30,False,,,4.45,-0.5019
2026-08-08T09:13:00Z,Digitizer_run2126_subrun68.csv,31,False,,,6.28,-0.5824
2026-08-08T09:13:00Z,Digitizer_run2126_subrun68.csv,32,False,,,3.07,-0.4597
2026-08-08T09:13:00Z,Digitizer_run2126_subrun68.csv,33,False,,,3.5,-0.5412
2026-08-08T09:13:00Z,Digitizer_run2126_subrun68.csv,34,False,,,2.94,-0.4645
2026-08-08T09:13:00Z,Digitizer_run2126_subrun68.csv,35,False,,,3.2,-0.4441
2026-08-08T09:13:00Z,Digitizer_run2126_subrun68.csv,36,True,statistical+IF,nPulses_median;pulseArea_max_mean;pulseArea_max_median,14.38,-0.6697
2026-08-08T09:13:00Z,Digitizer_run2126_subrun68.csv,37,True,statistical,pulseArea_max_mean,10.21,-0.6183
2026-08-08T09:13:00Z,Digitizer_run2126_subrun68.csv,38,False,,,4.64,-0.5491
2026-08-08T09:13:00Z,Digitizer_run2126_subrun68.csv,39,False,,,4.89,-0.5843
2026-08-08T09:13:00Z,Digitizer_run2126_subrun68.csv,40,True,statistical,nPulses_median,13.62,-0.6228
2026-08-08T09:13:00Z,Digitizer_run2126_subrun68.csv,41,False,,,7.16,-0.623
2026-08-08T09:13:00Z,Digitizer_run2126_subrun68.csv,42,False,,,7.08,-0.5571
2026-08-08T09:13:00Z,Digitizer_run2126_subrun68.csv,43,False,,,3.92,-0.5399
2026-08-08T09:13:00Z,Digitizer_run2126_subrun68.csv,44,False,,,4.9,-0.5888
2026-08-08T09:13:00Z,Digitizer_run2126_subrun68.csv,45,True,statistical,nPulses_median,13.96,-0.5636
2026-08-08T09:13:00Z,Digitizer_run2126_subrun68.csv,46,True,statistical,pulseArea_min_median,8.0,-0.5494
2026-08-08T09:13:00Z,Digitizer_run2126_subrun68.csv,47,True,statistical,pulseHeight_min_median,11.77,-0.5934
2026-08-08T09:13:00Z,Digitizer_run2126_subrun68.csv,48,False,,,6.91,-0.5861
2026-08-08T09:13:00Z,Digitizer_run2126_subrun68.csv,49,True,statistical+IF,pulseHeight_max_median,10.24,-0.6412
2026-08-08T09:13:00Z,Digitizer_run2126_subrun68.csv,50,False,,,5.65,-0.563
2026-08-08T09:13:00Z,Digitizer_run2126_subrun68.csv,51,True,statistical,pulseHeight_max_median;pulseArea_max_median,9.53,-0.6316
2026-08-08T09:13:00Z,Digitizer_run2126_subrun68.csv,52,False,,,6.32,-0.5136
2026-08-08T09:13:00Z,Digitizer_run2126_subrun68.csv,53,False,,,5.09,-0.5198
2026-08-08T09:13:00Z,Digitizer_run2126_subrun68.csv,54,True,statistical,pulseHeight_max_median;pulseArea_max_median;pulseDuriation_min_median,14.89,-0.6119
2026-08-08T09:13:00Z,Digitizer_run2126_subrun68.csv,55,False,,,5.31,-0.5681
2026-08-08T09:13:00Z,Digitizer_run2126_subrun68.csv,56,False,,,5.93,-0.5593
2026-08-08T09:13:00Z,Digitizer_run2126_subrun68.csv,57,False,,,4.93,-0.5245
2026-08-08T09:13:00Z,Digitizer_run2126_subrun68.csv,58,False,,,7.5,-0.5564
2026-08-08T09:13:00Z,Digitizer_run2126_subrun68.csv,59,True,statistical,pulseArea_min_mean,8.57,-0.5539
2026-08-08T09:13:00Z,Digitizer_run2126_subrun68.csv,60,True,statistical,nPulses_median;pulseHeight_max_median,41.25,-0.6384
2026-08-08T09:13:00Z,Digitizer_run2126_subrun68.csv,61,True,statistical+IF,pulseHeight_max_median,8.09,-0.6688
2026-08-08T09:13:00Z,Digitizer_run2126_subrun68.csv,62,True,statistical,pulseDuriation_min_median,9.78,-0.5961
2026-08-08T09:13:00Z,Digitizer_run2126_subrun68.csv,63,False,,,3.94,-0.4582
2026-08-08T09:13:00Z,Digitizer_run2126_subrun68.csv,64,False,,,3.41,-0.4892
2026-08-08T09:13:00Z,Digitizer_run2126_subrun68.csv,65,False,,,4.15,-0.5114
2026-08-08T09:13:00Z,Digitizer_run2126_subrun68.csv,66,False,,,4.55,-0.4863
2026-08-08T09:13:00Z,Digitizer_run2126_subrun68.csv,67,False,,,4.0,-0.5577
2026-08-08T09:13:00Z,Digitizer_run2126_subrun68.csv,68,False,,,3.36,-0.4632
2026-08-08T09:13:00Z,Digitizer_run2126_subrun68.csv,69,False,,,3.89,-0.4978
2026-08-08T09:13:00Z,Digitizer_run2126_subrun68.csv,70,False,,,3.13,-0.4545
2026-08-08T09:13:00Z,Digitizer_run2126_subrun68.csv,71,False,,,3.58,-0.5391
2026-08-08T09:13:00Z,Digitizer_run2126_subrun68.csv,72,False,,,7.59,-0.5961
2026-08-08T09:13:00Z,Digitizer_run2126_subrun68.csv,73,True,statistical,nPulses_median,22.87,-0.5726
2026-08-08T09:13:00Z,Digitizer_run2126_subrun68.csv,74,False,,,6.25,-0.5428
2026-08-08T09:13:00Z,Digitizer_run2126_subrun68.csv,75,False,,,2.63,-0.5006
2026-08-08T09:13:00Z,Digitizer_run2126_subrun68.csv,76,False,,,2.61,-0.4594
2026-08-08T09:13:00Z,Digitizer_run2126_subrun68.csv,77,True,statistical,pulseArea_max_median,8.75,-0.5677
2026-08-08T09:13:00Z,Digitizer_run2126_subrun68.csv,78,False,,,5.81,-0.5836
2026-08-08T09:13:00Z,Digitizer_run2126_subrun68.csv,79,False,,,3.44,-0.5153
2026-08-08T09:13:00Z,Digitizer_run2126_subrun68.csv,80,False,,,5.91,-0.5929
2026-08-08T09:13:00Z,Digitizer_run2126_subrun68.csv,81,False,,,5.68,-0.6051
2026-08-08T09:13:00Z,Digitizer_run2126_subrun68.csv,82,True,statistical,pulseArea_min_median,8.83,-0.5635
2026-08-08T09:13:00Z,Digitizer_run2126_subrun68.csv,83,False,,,4.05,-0.4967
2026-08-08T09:13:00Z,Digitizer_run2126_subrun68.csv,84,False,,,5.27,-0.6089
2026-08-08T09:13:00Z,Digitizer_run2126_subrun68.csv,85,False,,,5.44,-0.6123
2026-08-08T09:13:00Z,Digitizer_run2126_subrun68.csv,86,False,,,4.85,-0.4938
2026-08-08T09:13:00Z,Digitizer_run2126_subrun68.csv,87,False,,,3.22,-0.4557
2026-08-08T09:13:00Z,Digitizer_run2126_subrun68.csv,88,False,,,6.56,-0.5804
2026-08-08T09:13:00Z,Digitizer_run2126_subrun68.csv,89,False,,,4.55,-0.5471
2026-08-08T09:13:00Z,Digitizer_run2126_subrun68.csv,90,False,,,6.26,-0.5413
2026-08-08T09:13:00Z,Digitizer_run2126_subrun68.csv,91,True,statistical+IF,pulseHeight_min_median;pulseArea_min_median,11.6,-0.6465
2026-08-08T09:13:00Z,Digitizer_run2126_subrun68.csv,92,False,,,3.07,-0.5275
2026-08-08T09:13:00Z,Digitizer_run2126_subrun68.csv,93,False,,,3.38,-0.4849
2026-08-08T09:13:00Z,Digitizer_run2126_subrun68.csv,94,False,,,2.81,-0.4776
2026-08-08T09:13:00Z,Digitizer_run2126_subrun68.csv,95,False,,,1.95,-0.4443
2026-08-08T09:13:05Z,Digitizer_run2126_subrun69.csv,0,False,,,4.98,-0.557
2026-08-08T09:13:05Z,Digitizer_run2126_subrun69.csv,1,False,,,7.8,-0.502
2026-08-08T09:13:05Z,Digitizer_run2126_subrun69.csv,2,False,,,4.19,-0.5069
2026-08-08T09:13:05Z,Digitizer_run2126_subrun69.csv,3,False,,,2.17,-0.4369
2026-08-08T09:13:05Z,Digitizer_run2126_subrun69.csv,4,False,,,1.57,-0.4287
2026-08-08T09:13:05Z,Digitizer_run2126_subrun69.csv,5,False,,,1.94,-0.4522
2026-08-08T09:13:05Z,Digitizer_run2126_subrun69.csv,6,False,,,5.29,-0.5791
2026-08-08T09:13:05Z,Digitizer_run2126_subrun69.csv,7,True,statistical+IF,nPulses_median;pulseArea_min_mean;pulseDuriation_max_std;pulseDuriation_min_mean;pulseDuriation_min_std,22.87,-0.653
2026-08-08T09:13:05Z,Digitizer_run2126_subrun69.csv,8,True,statistical+IF,pulseHeight_max_mean;pulseHeight_max_median;pulseHeight_min_median;pulseArea_max_median;pulseArea_min_median,17.99,-0.6782
2026-08-08T09:13:05Z,Digitizer_run2126_subrun69.csv,9,True,statistical,nPulses_median;pulseHeight_max_median;pulseArea_max_median,17.52,-0.5922
2026-08-08T09:13:05Z,Digitizer_run2126_subrun69.csv,10,False,,,3.94,-0.4524
2026-08-08T09:13:05Z,Digitizer_run2126_subrun69.csv,11,False,,,1.77,-0.4667
2026-08-08T09:13:05Z,Digitizer_run2126_subrun69.csv,12,False,,,4.14,-0.6159
2026-08-08T09:13:05Z,Digitizer_run2126_subrun69.csv,13,False,,,3.31,-0.5627
2026-08-08T09:13:05Z,Digitizer_run2126_subrun69.csv,14,False,,,5.35,-0.6332
2026-08-08T09:13:05Z,Digitizer_run2126_subrun69.csv,15,True,statistical,nPulses_median,19.7,-0.5869
2026-08-08T09:13:05Z,Digitizer_run2126_subrun69.csv,16,False,,,2.49,-0.4527
2026-08-08T09:13:05Z,Digitizer_run2126_subrun69.csv,17,False,,,2.52,-0.4715
2026-08-08T09:13:05Z,Digitizer_run2126_subrun69.csv,18,False,,,4.26,-0.4817
2026-08-08T09:13:05Z,Digitizer_run2126_subrun69.csv,19,False,,,3.75,-0.4624
2026-08-08T09:13:05Z,Digitizer_run2126_subrun69.csv,20,False,,,1.88,-0.4401
2026-08-08T09:13:05Z,Digitizer_run2126_subrun69.csv,21,False,,,1.88,-0.4257
2026-08-08T09:13:05Z,Digitizer_run2126_subrun69.csv,22,False,,,4.17,-0.592
2026-08-08T09:13:05Z,Digitizer_run2126_subrun69.csv,23,False,,,2.59,-0.4706
2026-08-08T09:13:05Z,Digitizer_run2126_subrun69.csv,24,False,,,2.1,-0.4601
2026-08-08T09:13:05Z,Digitizer_run2126_subrun69.csv,25,False,,,2.4,-0.4419
2026-08-08T09:13:05Z,Digitizer_run2126_subrun69.csv,26,False,,,3.4,-0.5154
2026-08-08T09:13:05Z,Digitizer_run2126_subrun69.csv,27,False,,,2.91,-0.5435
2026-08-08T09:13:05Z,Digitizer_run2126_subrun69.csv,28,False,,,3.82,-0.4503
2026-08-08T09:13:05Z,Digitizer_run2126_subrun69.csv,29,False,,,4.16,-0.502
2026-08-08T09:13:05Z,Digitizer_run2126_subrun69.csv,30,False,,,3.26,-0.5261
2026-08-08T09:13:05Z,Digitizer_run2126_subrun69.csv,31,False,,,2.22,-0.4325
2026-08-08T09:13:05Z,Digitizer_run2126_subrun69.csv,32,False,,,6.55,-0.6018
2026-08-08T09:13:05Z,Digitizer_run2126_subrun69.csv,33,False,,,7.42,-0.608
2026-08-08T09:13:05Z,Digitizer_run2126_subrun69.csv,34,False,,,3.16,-0.5072
2026-08-08T09:13:05Z,Digitizer_run2126_subrun69.csv,35,False,,,3.25,-0.4952
2026-08-08T09:13:05Z,Digitizer_run2126_subrun69.csv,36,False,,,4.57,-0.5615
2026-08-08T09:13:05Z,Digitizer_run2126_subrun69.csv,37,False,,,6.61,-0.6171
2026-08-08T09:13:05Z,Digitizer_run2126_subrun69.csv,38,True,statistical,pulseHeight_min_median;pulseArea_min_median,11.66,-0.5959
2026-08-08T09:13:05Z,Digitizer_run2126_subrun69.csv,39,False,,,3.43,-0.4192
2026-08-08T09:13:05Z,Digitizer_run2126_subrun69.csv,40,False,,,6.13,-0.555
2026-08-08T09:13:05Z,Digitizer_run2126_subrun69.csv,41,True,statistical,pulseHeight_min_mean;pulseHeight_min_median;pulseArea_min_median;pulseDuriation_min_median,31.25,-0.622
2026-08-08T09:13:05Z,Digitizer_run2126_subrun69.csv,42,False,,,4.78,-0.5454
2026-08-08T09:13:05Z,Digitizer_run2126_subrun69.csv,43,False,,,3.79,-0.5225
2026-08-08T09:13:05Z,Digitizer_run2126_subrun69.csv,44,True,statistical,pulseArea_min_median,9.82,-0.5791
2026-08-08T09:13:05Z,Digitizer_run2126_subrun69.csv,45,True,statistical,pulseArea_min_median,8.27,-0.6319
2026-08-08T09:13:05Z,Digitizer_run2126_subrun69.csv,46,True,statistical,nPulses_median,28.28,-0.5423
2026-08-08T09:13:05Z,Digitizer_run2126_subrun69.csv,47,False,,,4.65,-0.5451
2026-08-08T09:13:05Z,Digitizer_run2126_subrun69.csv,48,True,statistical+IF,pulseArea_min_mean,8.07,-0.6707
2026-08-08T09:13:05Z,Digitizer_run2126_subrun69.csv,49,True,isolation_forest,,6.69,-0.6455
2026-08-08T09:13:05Z,Digitizer_run2126_subrun69.csv,50,False,,,4.72,-0.6243
2026-08-08T09:13:05Z,Digitizer_run2126_subrun69.csv,51,False,,,5.69,-0.6033
2026-08-08T09:13:05Z,Digitizer_run2126_subrun69.csv,52,False,,,4.7,-0.5838
2026-08-08T09:13:05Z,Digitizer_run2126_subrun69.csv,53,True,statistical,pulseHeight_max_median;pulseArea_max_median,13.07,-0.6274
2026-08-08T09:13:05Z,Digitizer_run2126_subrun69.csv,54,True,statistical,pulseDuriation_max_mean;pulseDuriation_min_mean,8.56,-0.5919
2026-08-08T09:13:05Z,Digitizer_run2126_subrun69.csv,55,False,,,5.63,-0.5691
2026-08-08T09:13:05Z,Digitizer_run2126_subrun69.csv,56,False,,,6.53,-0.6049
2026-08-08T09:13:05Z,Digitizer_run2126_subrun69.csv,57,False,,,7.64,-0.6372
2026-08-08T09:13:05Z,Digitizer_run2126_subrun69.csv,58,False,,,5.79,-0.4727
2026-08-08T09:13:05Z,Digitizer_run2126_subrun69.csv,59,True,statistical+IF,pulseArea_min_mean,8.71,-0.6431
2026-08-08T09:13:05Z,Digitizer_run2126_subrun69.csv,60,False,,,7.38,-0.6024
2026-08-08T09:13:05Z,Digitizer_run2126_subrun69.csv,61,False,,,5.72,-0.6239
2026-08-08T09:13:05Z,Digitizer_run2126_subrun69.csv,62,False,,,6.53,-0.6072
2026-08-08T09:13:05Z,Digitizer_run2126_subrun69.csv,63,False,,,3.77,-0.5095
2026-08-08T09:13:05Z,Digitizer_run2126_subrun69.csv,64,False,,,4.35,-0.5285
2026-08-08T09:13:05Z,Digitizer_run2126_subrun69.csv,65,False,,,4.33,-0.5073
2026-08-08T09:13:05Z,Digitizer_run2126_subrun69.csv,66,True,statistical,nPulses_median;pulseHeight_max_median;pulseArea_max_median,10.63,-0.6353
2026-08-08T09:13:05Z,Digitizer_run2126_subrun69.csv,67,True,statistical,pulseHeight_max_median;pulseArea_max_median,19.18,-0.604
2026-08-08T09:13:05Z,Digitizer_run2126_subrun69.csv,68,False,,,6.14,-0.5682
2026-08-08T09:13:05Z,Digitizer_run2126_subrun69.csv,69,True,statistical,nPulses_median;pulseHeight_max_median;pulseArea_max_median,1000000.0,-0.5981
2026-08-08T09:13:05Z,Digitizer_run2126_subrun69.csv,70,False,,,5.87,-0.4896
2026-08-08T09:13:05Z,Digitizer_run2126_subrun69.csv,71,False,,,3.58,-0.5187
2026-08-08T09:13:05Z,Digitizer_run2126_subrun69.csv,72,False,,,5.13,-0.6084
2026-08-08T09:13:05Z,Digitizer_run2126_subrun69.csv,73,False,,,3.9,-0.5249
2026-08-08T09:13:05Z,Digitizer_run2126_subrun69.csv,74,False,,,2.6,-0.488
2026-08-08T09:13:05Z,Digitizer_run2126_subrun69.csv,75,False,,,2.48,-0.4591
2026-08-08T09:13:05Z,Digitizer_run2126_subrun69.csv,76,False,,,4.04,-0.5208
2026-08-08T09:13:05Z,Digitizer_run2126_subrun69.csv,77,False,,,4.55,-0.4948
2026-08-08T09:13:05Z,Digitizer_run2126_subrun69.csv,78,False,,,5.84,-0.5318
2026-08-08T09:13:05Z,Digitizer_run2126_subrun69.csv,79,False,,,3.26,-0.4955
2026-08-08T09:13:05Z,Digitizer_run2126_subrun69.csv,80,False,,,5.25,-0.5428
2026-08-08T09:13:05Z,Digitizer_run2126_subrun69.csv,81,False,,,6.43,-0.6108
2026-08-08T09:13:05Z,Digitizer_run2126_subrun69.csv,82,True,statistical+IF,pulseArea_max_mean;pulseArea_min_mean,10.34,-0.6389
2026-08-08T09:13:05Z,Digitizer_run2126_subrun69.csv,83,True,statistical,pulseArea_max_mean;pulseArea_min_mean,10.27,-0.6344
2026-08-08T09:13:05Z,Digitizer_run2126_subrun69.csv,84,False,,,4.21,-0.5724
2026-08-08T09:13:05Z,Digitizer_run2126_subrun69.csv,85,False,,,4.55,-0.5956
2026-08-08T09:13:05Z,Digitizer_run2126_subrun69.csv,86,False,,,5.17,-0.601
2026-08-08T09:13:05Z,Digitizer_run2126_subrun69.csv,87,False,,,4.0,-0.5161
2026-08-08T09:13:05Z,Digitizer_run2126_subrun69.csv,88,False,,,3.11,-0.4417
2026-08-08T09:13:05Z,Digitizer_run2126_subrun69.csv,89,False,,,4.03,-0.5341
2026-08-08T09:13:05Z,Digitizer_run2126_subrun69.csv,90,True,statistical,pulseHeight_min_median;pulseArea_min_median,10.49,-0.6255
2026-08-08T09:13:05Z,Digitizer_run2126_subrun69.csv,91,False,,,4.09,-0.5148
2026-08-08T09:13:05Z,Digitizer_run2126_subrun69.csv,92,False,,,2.57,-0.5195
2026-08-08T09:13:05Z,Digitizer_run2126_subrun69.csv,93,False,,,7.06,-0.578
2026-08-08T09:13:05Z,Digitizer_run2126_subrun69.csv,94,False,,,5.22,-0.6135
2026-08-08T09:13:05Z,Digitizer_run2126_subrun69.csv,95,False,,,7.49,-0.6224
2026-08-08T09:13:09Z,Digitizer_run2126_subrun70.csv,0,False,,,3.04,-0.5001
2026-08-08T09:13:09Z,Digitizer_run2126_subrun70.csv,1,False,,,3.66,-0.5483
2026-08-08T09:13:09Z,Digitizer_run2126_subrun70.csv,2,True,statistical,pulseArea_min_mean,10.14,-0.5856
2026-08-08T09:13:09Z,Digitizer_run2126_subrun70.csv,3,True,statistical,pulseArea_min_mean,10.8,-0.5868
2026-08-08T09:13:09Z,Digitizer_run2126_subrun70.csv,4,False,,,2.29,-0.4569
2026-08-08T09:13:09Z,Digitizer_run2126_subrun70.csv,5,False,,,3.65,-0.4916
2026-08-08T09:13:09Z,Digitizer_run2126_subrun70.csv,6,True,isolation_forest,,4.93,-0.6492
2026-08-08T09:13:09Z,Digitizer_run2126_subrun70.csv,7,False,,,2.93,-0.5604
2026-08-08T09:13:09Z,Digitizer_run2126_subrun70.csv,8,False,,,3.03,-0.5065
2026-08-08T09:13:09Z,Digitizer_run2126_subrun70.csv,9,False,,,3.11,-0.4704
2026-08-08T09:13:09Z,Digitizer_run2126_subrun70.csv,10,False,,,7.71,-0.6249
2026-08-08T09:13:09Z,Digitizer_run2126_subrun70.csv,11,False,,,4.82,-0.5822
2026-08-08T09:13:09Z,Digitizer_run2126_subrun70.csv,12,True,statistical,sideband_mean_mean;sideband_rms_mean,9.57,-0.5789
2026-08-08T09:13:09Z,Digitizer_run2126_subrun70.csv,13,True,statistical+IF,sideband_mean_mean;sideband_mean_median,9.39,-0.6536
2026-08-08T09:13:09Z,Digitizer_run2126_subrun70.csv,14,False,,,4.02,-0.5257
2026-08-08T09:13:09Z,Digitizer_run2126_subrun70.csv,15,False,,,2.3,-0.4599
2026-08-08T09:13:09Z,Digitizer_run2126_subrun70.csv,16,False,,,4.25,-0.5328
2026-08-08T09:13:09Z,Digitizer_run2126_subrun70.csv,17,False,,,4.98,-0.54
2026-08-08T09:13:09Z,Digitizer_run2126_subrun70.csv,18,False,,,2.39,-0.4667
2026-08-08T09:13:09Z,Digitizer_run2126_subrun70.csv,19,False,,,1.95,-0.4197
2026-08-08T09:13:09Z,Digitizer_run2126_subrun70.csv,20,False,,,2.17,-0.4468
2026-08-08T09:13:09Z,Digitizer_run2126_subrun70.csv,21,False,,,3.14,-0.5135
2026-08-08T09:13:09Z,Digitizer_run2126_subrun70.csv,22,False,,,4.25,-0.5545
2026-08-08T09:13:09Z,Digitizer_run2126_subrun70.csv,23,False,,,3.15,-0.494
2026-08-08T09:13:09Z,Digitizer_run2126_subrun70.csv,24,False,,,6.52,-0.6074
2026-08-08T09:13:09Z,Digitizer_run2126_subrun70.csv,25,False,,,3.87,-0.5587
2026-08-08T09:13:09Z,Digitizer_run2126_subrun70.csv,26,True,statistical,sideband_mean_mean;pulseArea_min_mean,9.07,-0.6345
2026-08-08T09:13:09Z,Digitizer_run2126_subrun70.csv,27,False,,,4.68,-0.6285
2026-08-08T09:13:09Z,Digitizer_run2126_subrun70.csv,28,False,,,2.98,-0.5105
2026-08-08T09:13:09Z,Digitizer_run2126_subrun70.csv,29,False,,,3.7,-0.5197
2026-08-08T09:13:09Z,Digitizer_run2126_subrun70.csv,30,False,,,2.14,-0.467
2026-08-08T09:13:09Z,Digitizer_run2126_subrun70.csv,31,False,,,3.04,-0.476
2026-08-08T09:13:09Z,Digitizer_run2126_subrun70.csv,32,False,,,7.3,-0.581
2026-08-08T09:13:09Z,Digitizer_run2126_subrun70.csv,33,False,,,7.42,-0.6143
2026-08-08T09:13:09Z,Digitizer_run2126_subrun70.csv,34,False,,,7.28,-0.6117
2026-08-08T09:13:09Z,Digitizer_run2126_subrun70.csv,35,False,,,4.81,-0.5717
2026-08-08T09:13:09Z,Digitizer_run2126_subrun70.csv,36,False,,,6.7,-0.5342
2026-08-08T09:13:09Z,Digitizer_run2126_subrun70.csv,37,False,,,5.78,-0.5677
2026-08-08T09:13:09Z,Digitizer_run2126_subrun70.csv,38,True,statistical,pulseArea_max_median,10.97,-0.5973
2026-08-08T09:13:09Z,Digitizer_run2126_subrun70.csv,39,True,statistical,nPulses_median;pulseHeight_max_median;pulseArea_max_median,20.0,-0.6004
2026-08-08T09:13:09Z,Digitizer_run2126_subrun70.csv,40,False,,,3.87,-0.5446
2026-08-08T09:13:09Z,Digitizer_run2126_subrun70.csv,41,False,,,6.08,-0.5525
2026-08-08T09:13:09Z,Digitizer_run2126_subrun70.csv,42,False,,,3.56,-0.476
2026-08-08T09:13:09Z,Digitizer_run2126_subrun70.csv,43,False,,,2.75,-0.4268
2026-08-08T09:13:09Z,Digitizer_run2126_subrun70.csv,44,False,,,6.39,-0.5987
2026-08-08T09:13:09Z,Digitizer_run2126_subrun70.csv,45,False,,,4.9,-0.5943
2026-08-08T09:13:09Z,Digitizer_run2126_subrun70.csv,46,True,statistical,nPulses_median,14.13,-0.5635
2026-08-08T09:13:09Z,Digitizer_run2126_subrun70.csv,47,False,,,3.95,-0.5276
2026-08-08T09:13:09Z,Digitizer_run2126_subrun70.csv,48,True,statistical+IF,pulseArea_max_mean;pulseArea_min_mean;pulseArea_min_median;pulseDuriation_max_mean;pulseDuriation_min_mean,16.59,-0.6901
2026-08-08T09:13:09Z,Digitizer_run2126_subrun70.csv,49,True,statistical+IF,pulseDuriation_max_std;pulseDuriation_min_std,9.19,-0.6535
2026-08-08T09:13:09Z,Digitizer_run2126_subrun70.csv,50,False,,,4.38,-0.5931
2026-08-08T09:13:09Z,Digitizer_run2126_subrun70.csv,51,False,,,4.08,-0.5831
2026-08-08T09:13:09Z,Digitizer_run2126_subrun70.csv,52,False,,,4.83,-0.5194
2026-08-08T09:13:09Z,Digitizer_run2126_subrun70.csv,53,True,statistical,pulseHeight_max_median;pulseArea_max_median,22.88,-0.5652
2026-08-08T09:13:09Z,Digitizer_run2126_subrun70.csv,54,False,,,6.56,-0.4811
2026-08-08T09:13:09Z,Digitizer_run2126_subrun70.csv,55,False,,,4.29,-0.4658
2026-08-08T09:13:09Z,Digitizer_run2126_subrun70.csv,56,False,,,5.38,-0.5579
2026-08-08T09:13:09Z,Digitizer_run2126_subrun70.csv,57,False,,,5.6,-0.6241
2026-08-08T09:13:09Z,Digitizer_run2126_subrun70.csv,58,True,statistical,pulseHeight_max_median,10.02,-0.6189
2026-08-08T09:13:09Z,Digitizer_run2126_subrun70.csv,59,True,statistical,pulseHeight_max_median;pulseArea_max_median,10.81,-0.6352
2026-08-08T09:13:09Z,Digitizer_run2126_subrun70.csv,60,False,,,5.42,-0.4514
2026-08-08T09:13:09Z,Digitizer_run2126_subrun70.csv,61,False,,,4.91,-0.5223
2026-08-08T09:13:09Z,Digitizer_run2126_subrun70.csv,62,True,statistical,pulseArea_min_median;pulseDuriation_min_median,18.39,-0.587
2026-08-08T09:13:09Z,Digitizer_run2126_subrun70.csv,63,False,,,2.64,-0.4405
2026-08-08T09:13:09Z,Digitizer_run2126_subrun70.csv,64,True,statistical,nPulses_median,14.56,-0.6168
2026-08-08T09:13:09Z,Digitizer_run2126_subrun70.csv,65,False,,,5.62,-0.5765
2026-08-08T09:13:09Z,Digitizer_run2126_subrun70.csv,66,True,statistical+IF,pulseHeight_min_median,8.57,-0.6472
2026-08-08T09:13:09Z,Digitizer_run2126_subrun70.csv,67,False,,,7.75,-0.6047
2026-08-08T09:13:09Z,Digitizer_run2126_subrun70.csv,68,False,,,5.71,-0.577
2026-08-08T09:13:09Z,Digitizer_run2126_subrun70.csv,69,False,,,5.06,-0.6052
2026-08-08T09:13:09Z,Digitizer_run2126_subrun70.csv,70,False,,,2.84,-0.4967
2026-08-08T09:13:09Z,Digitizer_run2126_subrun70.csv,71,False,,,4.17,-0.5294
2026-08-08T09:13:09Z,Digitizer_run2126_subrun70.csv,72,False,,,6.26,-0.52
2026-08-08T09:13:09Z,Digitizer_run2126_subrun70.csv,73,True,statistical,nPulses_median,22.87,-0.6005
2026-08-08T09:13:09Z,Digitizer_run2126_subrun70.csv,74,False,,,6.88,-0.6205
2026-08-08T09:13:09Z,Digitizer_run2126_subrun70.csv,75,True,statistical+IF,pulseHeight_min_mean;pulseHeight_min_median;pulseArea_min_median;pulseDuriation_min_mean,24.28,-0.6735
2026-08-08T09:13:09Z,Digitizer_run2126_subrun70.csv,76,False,,,1.95,-0.4218
2026-08-08T09:13:09Z,Digitizer_run2126_subrun70.csv,77,False,,,3.86,-0.539
2026-08-08T09:13:09Z,Digitizer_run2126_subrun70.csv,78,True,statistical+IF,pulseHeight_max_median,22.12,-0.6524
2026-08-08T09:13:09Z,Digitizer_run2126_subrun70.csv,79,True,statistical,nPulses_median,10.96,-0.5835
2026-08-08T09:13:09Z,Digitizer_run2126_subrun70.csv,80,False,,,5.45,-0.5217
2026-08-08T09:13:09Z,Digitizer_run2126_subrun70.csv,81,False,,,5.37,-0.5874
2026-08-08T09:13:09Z,Digitizer_run2126_subrun70.csv,82,False,,,4.02,-0.533
2026-08-08T09:13:09Z,Digitizer_run2126_subrun70.csv,83,True,statistical,nPulses_median,13.92,-0.5655
2026-08-08T09:13:09Z,Digitizer_run2126_subrun70.csv,84,False,,,5.14,-0.5979
2026-08-08T09:13:09Z,Digitizer_run2126_subrun70.csv,85,False,,,7.16,-0.5446
2026-08-08T09:13:09Z,Digitizer_run2126_subrun70.csv,86,False,,,5.34,-0.5283
2026-08-08T09:13:09Z,Digitizer_run2126_subrun70.csv,87,False,,,2.45,-0.4349
2026-08-08T09:13:09Z,Digitizer_run2126_subrun70.csv,88,False,,,4.1,-0.5359
2026-08-08T09:13:09Z,Digitizer_run2126_subrun70.csv,89,False,,,4.97,-0.5482
2026-08-08T09:13:09Z,Digitizer_run2126_subrun70.csv,90,False,,,4.47,-0.5638
2026-08-08T09:13:09Z,Digitizer_run2126_subrun70.csv,91,False,,,3.72,-0.5521
2026-08-08T09:13:09Z,Digitizer_run2126_subrun70.csv,92,False,,,4.93,-0.5727
2026-08-08T09:13:09Z,Digitizer_run2126_subrun70.csv,93,False,,,3.46,-0.5184
2026-08-08T09:13:09Z,Digitizer_run2126_subrun70.csv,94,False,,,7.19,-0.5811
2026-08-08T09:13:09Z,Digitizer_run2126_subrun70.csv,95,False,,,6.49,-0.543
2026-08-08T09:13:13Z,Digitizer_run2126_subrun71.csv,0,False,,,2.49,-0.4853
2026-08-08T09:13:13Z,Digitizer_run2126_subrun71.csv,1,False,,,7.8,-0.5151
2026-08-08T09:13:13Z,Digitizer_run2126_subrun71.csv,2,False,,,3.51,-0.4784
2026-08-08T09:13:13Z,Digitizer_run2126_subrun71.csv,3,False,,,4.92,-0.5511
2026-08-08T09:13:13Z,Digitizer_run2126_subrun71.csv,4,False,,,2.1,-0.4242
2026-08-08T09:13:13Z,Digitizer_run2126_subrun71.csv,5,False,,,2.33,-0.4785
2026-08-08T09:13:13Z,Digitizer_run2126_subrun71.csv,6,False,,,3.43,-0.4981
2026-08-08T09:13:13Z,Digitizer_run2126_subrun71.csv,7,False,,,3.05,-0.5365
2026-08-08T09:13:13Z,Digitizer_run2126_subrun71.csv,8,False,,,4.31,-0.57
2026-08-08T09:13:13Z,Digitizer_run2126_subrun71.csv,9,True,statistical+IF,pulseHeight_max_median;pulseHeight_min_mean;pulseHeight_min_median;pulseArea_max_median;pulseArea_min_median,19.7,-0.6585
2026-08-08T09:13:13Z,Digitizer_run2126_subrun71.csv,10,False,,,2.78,-0.4756
2026-08-08T09:13:13Z,Digitizer_run2126_subrun71.csv,11,False,,,3.71,-0.4952
2026-08-08T09:13:13Z,Digitizer_run2126_subrun71.csv,12,False,,,5.88,-0.5153
2026-08-08T09:13:13Z,Digitizer_run2126_subrun71.csv,13,False,,,7.06,-0.5526
2026-08-08T09:13:13Z,Digitizer_run2126_subrun71.csv,14,False,,,4.02,-0.4518
2026-08-08T09:13:13Z,Digitizer_run2126_subrun71.csv,15,False,,,2.63,-0.4762
2026-08-08T09:13:13Z,Digitizer_run2126_subrun71.csv,16,False,,,2.31,-0.4596
2026-08-08T09:13:13Z,Digitizer_run2126_subrun71.csv,17,False,,,2.16,-0.437
2026-08-08T09:13:13Z,Digitizer_run2126_subrun71.csv,18,False,,,3.66,-0.5436
2026-08-08T09:13:13Z,Digitizer_run2126_subrun71.csv,19,False,,,5.66,-0.438
2026-08-08T09:13:13Z,Digitizer_run2126_subrun71.csv,20,False,,,2.55,-0.4558
2026-08-08T09:13:13Z,Digitizer_run2126_subrun71.csv,21,False,,,4.19,-0.5073
2026-08-08T09:13:13Z,Digitizer_run2126_subrun71.csv,22,False,,,2.95,-0.4893
2026-08-08T09:13:13Z,Digitizer_run2126_subrun71.csv,23,False,,,2.05,-0.4528
2026-08-08T09:13:13Z,Digitizer_run2126_subrun71.csv,24,False,,,7.48,-0.5722
2026-08-08T09:13:13Z,Digitizer_run2126_subrun71.csv,25,False,,,5.67,-0.5747
2026-08-08T09:13:13Z,Digitizer_run2126_subrun71.csv,26,False,,,3.08,-0.5347
2026-08-08T09:13:13Z,Digitizer_run2126_subrun71.csv,27,False,,,3.13,-0.5761
2026-08-08T09:13:13Z,Digitizer_run2126_subrun71.csv,28,False,,,6.77,-0.5219
2026-08-08T09:13:13Z,Digitizer_run2126_subrun71.csv,29,False,,,6.37,-0.513
2026-08-08T09:13:13Z,Digitizer_run2126_subrun71.csv,30,False,,,6.49,-0.5348
2026-08-08T09:13:13Z,Digitizer_run2126_subrun71.csv,31,False,,,4.35,-0.5748
2026-08-08T09:13:13Z,Digitizer_run2126_subrun71.csv,32,False,,,3.07,-0.5159
2026-08-08T09:13:13Z,Digitizer_run2126_subrun71.csv,33,False,,,5.96,-0.4972
2026-08-08T09:13:13Z,Digitizer_run2126_subrun71.csv,34,False,,,4.42,-0.5398
2026-08-08T09:13:13Z,Digitizer_run2126_subrun71.csv,35,False,,,4.58,-0.5682
2026-08-08T09:13:13Z,Digitizer_run2126_subrun71.csv,36,True,statistical,nPulses_median,14.38,-0.5706
2026-08-08T09:13:13Z,Digitizer_run2126_subrun71.csv,37,False,,,3.24,-0.4545
2026-08-08T09:13:13Z,Digitizer_run2126_subrun71.csv,38,True,statistical,pulseHeight_max_median;pulseArea_max_median,8.55,-0.6085
2026-08-08T09:13:13Z,Digitizer_run2126_subrun71.csv,39,True,statistical,nPulses_median;pulseHeight_max_median;pulseArea_max_median,40.01,-0.6193
2026-08-08T09:13:13Z,Digitizer_run2126_subrun71.csv,40,False,,,4.54,-0.5285
2026-08-08T09:13:13Z,Digitizer_run2126_subrun71.csv,41,False,,,2.4,-0.4505
2026-08-08T09:13:13Z,Digitizer_run2126_subrun71.csv,42,False,,,6.02,-0.5535
2026-08-08T09:13:13Z,Digitizer_run2126_subrun71.csv,43,True,statistical,pulseHeight_max_std,11.6,-0.5867
2026-08-08T09:13:13Z,Digitizer_run2126_subrun71.csv,44,False,,,3.83,-0.4444
2026-08-08T09:13:13Z,Digitizer_run2126_subrun71.csv,45,False,,,2.72,-0.491
2026-08-08T09:13:13Z,Digitizer_run2126_subrun71.csv,46,True,statistical,nPulses_median;pulseHeight_max_median;pulseArea_max_median,14.13,-0.6181
2026-08-08T09:13:13Z,Digitizer_run2126_subrun71.csv,47,True,statistical,pulseHeight_max_median,8.46,-0.6273
2026-08-08T09:13:13Z,Digitizer_run2126_subrun71.csv,48,False,,,3.89,-0.5194
2026-08-08T09:13:13Z,Digitizer_run2126_subrun71.csv,49,True,statistical,pulseArea_min_median,8.28,-0.5696
2026-08-08T09:13:13Z,Digitizer_run2126_subrun71.csv,50,True,statistical,pulseHeight_min_median;pulseArea_min_median,10.61,-0.6115
2026-08-08T09:13:13Z,Digitizer_run2126_subrun71.csv,51,False,,,4.69,-0.5637
2026-08-08T09:13:13Z,Digitizer_run2126_subrun71.csv,52,False,,,3.85,-0.4995
2026-08-08T09:13:13Z,Digitizer_run2126_subrun71.csv,53,False,,,4.02,-0.5193
2026-08-08T09:13:13Z,Digitizer_run2126_subrun71.csv,54,True,statistical,pulseArea_max_median,8.27,-0.6286
2026-08-08T09:13:13Z,Digitizer_run2126_subrun71.csv,55,False,,,3.65,-0.5525
2026-08-08T09:13:13Z,Digitizer_run2126_subrun71.csv,56,False,,,7.24,-0.5956
2026-08-08T09:13:13Z,Digitizer_run2126_subrun71.csv,57,False,,,4.53,-0.5429
2026-08-08T09:13:13Z,Digitizer_run2126_subrun71.csv,58,False,,,4.42,-0.5112
2026-08-08T09:13:13Z,Digitizer_run2126_subrun71.csv,59,False,,,4.39,-0.5065
2026-08-08T09:13:13Z,Digitizer_run2126_subrun71.csv,60,False,,,5.26,-0.5795
2026-08-08T09:13:13Z,Digitizer_run2126_subrun71.csv,61,False,,,5.11,-0.4464
2026-08-08T09:13:13Z,Digitizer_run2126_subrun71.csv,62,False,,,5.65,-0.5758
2026-08-08T09:13:13Z,Digitizer_run2126_subrun71.csv,63,False,,,4.02,-0.4789
2026-08-08T09:13:13Z,Digitizer_run2126_subrun71.csv,64,False,,,3.1,-0.5214
2026-08-08T09:13:13Z,Digitizer_run2126_subrun71.csv,65,False,,,4.92,-0.5582
2026-08-08T09:13:13Z,Digitizer_run2126_subrun71.csv,66,False,,,3.57,-0.506
2026-08-08T09:13:13Z,Digitizer_run2126_subrun71.csv,67,False,,,3.9,-0.4863
2026-08-08T09:13:13Z,Digitizer_run2126_subrun71.csv,68,False,,,3.29,-0.4999
2026-08-08T09:13:13Z,Digitizer_run2126_subrun71.csv,69,False,,,2.94,-0.4744
2026-08-08T09:13:13Z,Digitizer_run2126_subrun71.csv,70,False,,,2.75,-0.4813
2026-08-08T09:13:13Z,Digitizer_run2126_subrun71.csv,71,False,,,3.85,-0.5343
2026-08-08T09:13:13Z,Digitizer_run2126_subrun71.csv,72,False,,,4.35,-0.5086
2026-08-08T09:13:13Z,Digitizer_run2126_subrun71.csv,73,False,,,3.41,-0.4599
2026-08-08T09:13:13Z,Digitizer_run2126_subrun71.csv,74,True,statistical,sideband_rms_mean,11.27,-0.6072
2026-08-08T09:13:13Z,Digitizer_run2126_subrun71.csv,75,True,statistical,sideband_rms_mean,8.97,-0.5913
2026-08-08T09:13:13Z,Digitizer_run2126_subrun71.csv,76,False,,,3.65,-0.5072
2026-08-08T09:13:13Z,Digitizer_run2126_subrun71.csv,77,False,,,6.73,-0.477
2026-08-08T09:13:13Z,Digitizer_run2126_subrun71.csv,78,True,statistical+IF,pulseHeight_max_median;pulseHeight_min_median;pulseArea_max_median;pulseArea_min_median,53.57,-0.6448
2026-08-08T09:13:13Z,Digitizer_run2126_subrun71.csv,79,False,,,3.07,-0.4257
2026-08-08T09:13:13Z,Digitizer_run2126_subrun71.csv,80,False,,,4.89,-0.5269
2026-08-08T09:13:13Z,Digitizer_run2126_subrun71.csv,81,False,,,5.24,-0.6052
2026-08-08T09:13:13Z,Digitizer_run2126_subrun71.csv,82,False,,,5.71,-0.5316
2026-08-08T09:13:13Z,Digitizer_run2126_subrun71.csv,83,False,,,5.27,-0.574
2026-08-08T09:13:13Z,Digitizer_run2126_subrun71.csv,84,False,,,5.15,-0.5803
2026-08-08T09:13:13Z,Digitizer_run2126_subrun71.csv,85,False,,,6.37,-0.5697
2026-08-08T09:13:13Z,Digitizer_run2126_subrun71.csv,86,False,,,5.08,-0.6286
2026-08-08T09:13:13Z,Digitizer_run2126_subrun71.csv,87,False,,,4.92,-0.5495
2026-08-08T09:13:13Z,Digitizer_run2126_subrun71.csv,88,False,,,3.85,-0.5124
2026-08-08T09:13:13Z,Digitizer_run2126_subrun71.csv,89,True,statistical,nPulses_median,11.88,-0.5802
2026-08-08T09:13:13Z,Digitizer_run2126_subrun71.csv,90,True,statistical,pulseArea_min_mean,8.26,-0.6372
2026-08-08T09:13:13Z,Digitizer_run2126_subrun71.csv,91,True,statistical,pulseArea_min_mean,8.78,-0.6318
2026-08-08T09:13:13Z,Digitizer_run2126_subrun71.csv,92,False,,,3.2,-0.495
2026-08-08T09:13:13Z,Digitizer_run2126_subrun71.csv,93,False,,,2.94,-0.5179
2026-08-08T09:13:13Z,Digitizer_run2126_subrun71.csv,94,False,,,5.16,-0.5825
2026-08-08T09:13:13Z,Digitizer_run2126_subrun71.csv,95,False,,,3.39,-0.5023
2026-08-08T09:13:19Z,Digitizer_run2126_subrun72.csv,0,False,,,2.3,-0.4736
2026-08-08T09:13:19Z,Digitizer_run2126_subrun72.csv,1,False,,,3.78,-0.5055
2026-08-08T09:13:19Z,Digitizer_run2126_subrun72.csv,2,False,,,7.31,-0.6
2026-08-08T09:13:19Z,Digitizer_run2126_subrun72.csv,3,False,,,3.76,-0.4701
2026-08-08T09:13:19Z,Digitizer_run2126_subrun72.csv,4,False,,,2.58,-0.4856
2026-08-08T09:13:19Z,Digitizer_run2126_subrun72.csv,5,False,,,2.39,-0.4824
2026-08-08T09:13:19Z,Digitizer_run2126_subrun72.csv,6,False,,,3.21,-0.5413
2026-08-08T09:13:19Z,Digitizer_run2126_subrun72.csv,7,False,,,4.27,-0.5913
2026-08-08T09:13:19Z,Digitizer_run2126_subrun72.csv,8,False,,,5.55,-0.581
2026-08-08T09:13:19Z,Digitizer_run2126_subrun72.csv,9,True,statistical,nPulses_median,9.32,-0.5849
2026-08-08T09:13:19Z,Digitizer_run2126_subrun72.csv,10,True,statistical+IF,pulseHeight_min_median;pulseArea_max_median;pulseArea_min_median,13.34,-0.6773
2026-08-08T09:13:19Z,Digitizer_run2126_subrun72.csv,11,True,statistical,pulseArea_max_median,8.27,-0.6006
2026-08-08T09:13:19Z,Digitizer_run2126_subrun72.csv,12,True,statistical,pulseHeight_min_median,8.02,-0.555
2026-08-08T09:13:19Z,Digitizer_run2126_subrun72.csv,13,False,,,3.33,-0.4332
2026-08-08T09:13:19Z,Digitizer_run2126_subrun72.csv,14,True,isolation_forest,,5.47,-0.6467
2026-08-08T09:13:19Z,Digitizer_run2126_subrun72.csv,15,True,isolation_forest,,5.35,-0.6539
2026-08-08T09:13:19Z,Digitizer_run2126_subrun72.csv,16,False,,,4.1,-0.5744
2026-08-08T09:13:19Z,Digitizer_run2126_subrun72.csv,17,False,,,5.16,-0.6087
2026-08-08T09:13:19Z,Digitizer_run2126_subrun72.csv,18,False,,,3.08,-0.4966
2026-08-08T09:13:19Z,Digitizer_run2126_subrun72.csv,19,False,,,3.17,-0.4843
2026-08-08T09:13:19Z,Digitizer_run2126_subrun72.csv,20,False,,,3.34,-0.5049
2026-08-08T09:13:19Z,Digitizer_run2126_subrun72.csv,21,False,,,3.19,-0.4536
2026-08-08T09:13:19Z,Digitizer_run2126_subrun72.csv,22,False,,,3.53,-0.5969
2026-08-08T09:13:19Z,Digitizer_run2126_subrun72.csv,23,False,,,4.26,-0.6101
2026-08-08T09:13:19Z,Digitizer_run2126_subrun72.csv,24,False,,,6.79,-0.6004
2026-08-08T09:13:19Z,Digitizer_run2126_subrun72.csv,25,False,,,2.68,-0.5053
2026-08-08T09:13:19Z,Digitizer_run2126_subrun72.csv,26,True,statistical,nPulses_median,16.07,-0.4964
2026-08-08T09:13:19Z,Digitizer_run2126_subrun72.csv,27,False,,,2.06,-0.436
2026-08-08T09:13:19Z,Digitizer_run2126_subrun72.csv,28,False,,,4.65,-0.5909
2026-08-08T09:13:19Z,Digitizer_run2126_subrun72.csv,29,False,,,3.31,-0.4865
2026-08-08T09:13:19Z,Digitizer_run2126_subrun72.csv,30,False,,,2.56,-0.4599
2026-08-08T09:13:19Z,Digitizer_run2126_subrun72.csv,31,False,,,4.07,-0.4976
2026-08-08T09:13:19Z,Digitizer_run2126_subrun72.csv,32,True,isolation_forest,,6.73,-0.6717
2026-08-08T09:13:19Z,Digitizer_run2126_subrun72.csv,33,False,,,5.25,-0.5691
2026-08-08T09:13:19Z,Digitizer_run2126_subrun72.csv,34,False,,,6.05,-0.5703
2026-08-08T09:13:19Z,Digitizer_run2126_subrun72.csv,35,False,,,4.39,-0.5236
2026-08-08T09:13:19Z,Digitizer_run2126_subrun72.csv,36,False,,,3.86,-0.5438
2026-08-08T09:13:19Z,Digitizer_run2126_subrun72.csv,37,False,,,5.39,-0.49
2026-08-08T09:13:19Z,Digitizer_run2126_subrun72.csv,38,False,,,4.49,-0.5558
2026-08-08T09:13:19Z,Digitizer_run2126_subrun72.csv,39,False,,,5.27,-0.5701
2026-08-08T09:13:19Z,Digitizer_run2126_subrun72.csv,40,True,statistical+IF,pulseHeight_max_mean;pulseHeight_max_median;pulseHeight_min_mean;pulseHeight_min_median;pulseArea_max_median;pulseArea_min_median,24.41,-0.649
2026-08-08T09:13:19Z,Digitizer_run2126_subrun72.csv,41,True,statistical+IF,pulseHeight_max_median;pulseHeight_min_median;pulseArea_max_median;pulseArea_min_median,20.02,-0.6589
2026-08-08T09:13:19Z,Digitizer_run2126_subrun72.csv,42,False,,,5.07,-0.5798
2026-08-08T09:13:19Z,Digitizer_run2126_subrun72.csv,43,False,,,4.94,-0.5473
2026-08-08T09:13:19Z,Digitizer_run2126_subrun72.csv,44,True,statistical,pulseHeight_min_median;pulseArea_min_median,11.96,-0.6301
2026-08-08T09:13:19Z,Digitizer_run2126_subrun72.csv,45,False,,,3.76,-0.5448
2026-08-08T09:13:19Z,Digitizer_run2126_subrun72.csv,46,False,,,3.76,-0.5276
2026-08-08T09:13:19Z,Digitizer_run2126_subrun72.csv,47,False,,,4.2,-0.4803
2026-08-08T09:13:19Z,Digitizer_run2126_subrun72.csv,48,True,statistical,nPulses_median,10.12,-0.5306
2026-08-08T09:13:19Z,Digitizer_run2126_subrun72.csv,49,False,,,3.27,-0.5237
2026-08-08T09:13:19Z,Digitizer_run2126_subrun72.csv,50,False,,,3.52,-0.5223
2026-08-08T09:13:19Z,Digitizer_run2126_subrun72.csv,51,False,,,4.09,-0.5018
2026-08-08T09:13:19Z,Digitizer_run2126_subrun72.csv,52,False,,,3.23,-0.5048
2026-08-08T09:13:19Z,Digitizer_run2126_subrun72.csv,53,False,,,5.38,-0.5757
2026-08-08T09:13:19Z,Digitizer_run2126_subrun72.csv,54,False,,,3.84,-0.4403
2026-08-08T09:13:19Z,Digitizer_run2126_subrun72.csv,55,False,,,2.3,-0.4482
2026-08-08T09:13:19Z,Digitizer_run2126_subrun72.csv,56,False,,,6.38,-0.5464
2026-08-08T09:13:19Z,Digitizer_run2126_subrun72.csv,57,False,,,5.35,-0.5177
2026-08-08T09:13:19Z,Digitizer_run2126_subrun72.csv,58,False,,,4.45,-0.4653
2026-08-08T09:13:19Z,Digitizer_run2126_subrun72.csv,59,False,,,3.59,-0.4596
2026-08-08T09:13:19Z,Digitizer_run2126_subrun72.csv,60,False,,,5.68,-0.5583
2026-08-08T09:13:19Z,Digitizer_run2126_subrun72.csv,61,False,,,6.93,-0.5627
2026-08-08T09:13:19Z,Digitizer_run2126_subrun72.csv,62,False,,,6.05,-0.5532
2026-08-08T09:13:19Z,Digitizer_run2126_subrun72.csv,63,False,,,3.55,-0.4866
2026-08-08T09:13:19Z,Digitizer_run2126_subrun72.csv,64,False,,,7.72,-0.6042
2026-08-08T09:13:19Z,Digitizer_run2126_subrun72.csv,65,True,statistical,pulseHeight_max_median;pulseArea_max_median,15.07,-0.5923
2026-08-08T09:13:19Z,Digitizer_run2126_subrun72.csv,66,False,,,7.76,-0.5385
2026-08-08T09:13:19Z,Digitizer_run2126_subrun72.csv,67,False,,,3.52,-0.5132
2026-08-08T09:13:19Z,Digitizer_run2126_subrun72.csv,68,False,,,7.35,-0.5927
2026-08-08T09:13:19Z,Digitizer_run2126_subrun72.csv,69,False,,,5.57,-0.5795
2026-08-08T09:13:19Z,Digitizer_run2126_subrun72.csv,70,False,,,4.16,-0.4569
2026-08-08T09:13:19Z,Digitizer_run2126_subrun72.csv,71,False,,,3.58,-0.5484
2026-08-08T09:13:19Z,Digitizer_run2126_subrun72.csv,72,False,,,3.75,-0.5745
2026-08-08T09:13:19Z,Digitizer_run2126_subrun72.csv,73,False,,,3.57,-0.5322
2026-08-08T09:13:19Z,Digitizer_run2126_subrun72.csv,74,False,,,6.25,-0.5113
2026-08-08T09:13:19Z,Digitizer_run2126_subrun72.csv,75,False,,,2.78,-0.452
2026-08-08T09:13:19Z,Digitizer_run2126_subrun72.csv,76,True,statistical,nPulses_median,13.13,-0.5079
2026-08-08T09:13:19Z,Digitizer_run2126_subrun72.csv,77,True,statistical,pulseHeight_min_median,13.63,-0.5795
2026-08-08T09:13:19Z,Digitizer_run2126_subrun72.csv,78,True,statistical+IF,pulseHeight_max_median,14.97,-0.6574
2026-08-08T09:13:19Z,Digitizer_run2126_subrun72.csv,79,False,,,3.37,-0.4924
2026-08-08T09:13:19Z,Digitizer_run2126_subrun72.csv,80,False,,,4.45,-0.4953
2026-08-08T09:13:19Z,Digitizer_run2126_subrun72.csv,81,False,,,3.51,-0.4485
2026-08-08T09:13:19Z,Digitizer_run2126_subrun72.csv,82,False,,,2.94,-0.4986
2026-08-08T09:13:19Z,Digitizer_run2126_subrun72.csv,83,False,,,5.07,-0.5187
2026-08-08T09:13:19Z,Digitizer_run2126_subrun72.csv,84,False,,,3.33,-0.5278
2026-08-08T09:13:19Z,Digitizer_run2126_subrun72.csv,85,False,,,3.39,-0.4537
2026-08-08T09:13:19Z,Digitizer_run2126_subrun72.csv,86,False,,,2.86,-0.4793
2026-08-08T09:13:19Z,Digitizer_run2126_subrun72.csv,87,False,,,2.27,-0.4134
2026-08-08T09:13:19Z,Digitizer_run2126_subrun72.csv,88,False,,,3.2,-0.4867
2026-08-08T09:13:19Z,Digitizer_run2126_subrun72.csv,89,True,statistical,nPulses_median,11.88,-0.5635
2026-08-08T09:13:19Z,Digitizer_run2126_subrun72.csv,90,False,,,4.39,-0.5652
2026-08-08T09:13:19Z,Digitizer_run2126_subrun72.csv,91,True,statistical,pulseHeight_min_median;pulseArea_min_median,10.6,-0.5782
2026-08-08T09:13:19Z,Digitizer_run2126_subrun72.csv,92,False,,,3.71,-0.6155
2026-08-08T09:13:19Z,Digitizer_run2126_subrun72.csv,93,False,,,6.6,-0.5453
2026-08-08T09:13:19Z,Digitizer_run2126_subrun72.csv,94,False,,,3.18,-0.5073
2026-08-08T09:13:19Z,Digitizer_run2126_subrun72.csv,95,False,,,4.05,-0.5033
2026-08-08T09:13:25Z,Digitizer_run2126_subrun73.csv,0,True,statistical,nPulses_median,45.76,-0.5998
2026-08-08T09:13:25Z,Digitizer_run2126_subrun73.csv,1,True,statistical,sideband_rms_mean,10.91,-0.5583
2026-08-08T09:13:25Z,Digitizer_run2126_subrun73.csv,2,False,,,6.66,-0.5566
2026-08-08T09:13:25Z,Digitizer_run2126_subrun73.csv,3,False,,,7.19,-0.5901
2026-08-08T09:13:25Z,Digitizer_run2126_subrun73.csv,4,False,,,2.65,-0.4627
2026-08-08T09:13:25Z,Digitizer_run2126_subrun73.csv,5,False,,,2.9,-0.5178
2026-08-08T09:13:25Z,Digitizer_run2126_subrun73.csv,6,False,,,4.5,-0.534
2026-08-08T09:13:25Z,Digitizer_run2126_subrun73.csv,7,False,,,3.89,-0.5064
2026-08-08T09:13:25Z,Digitizer_run2126_subrun73.csv,8,True,statistical,pulseHeight_max_median;pulseHeight_min_median;pulseArea_min_median,11.2,-0.5986
2026-08-08T09:13:25Z,Digitizer_run2126_subrun73.csv,9,True,statistical,pulseArea_min_median,8.38,-0.6299
2026-08-08T09:13:25Z,Digitizer_run2126_subrun73.csv,10,True,statistical,nPulses_median,8.38,-0.5441
2026-08-08T09:13:25Z,Digitizer_run2126_subrun73.csv,11,False,,,3.18,-0.4447
2026-08-08T09:13:25Z,Digitizer_run2126_subrun73.csv,12,False,,,5.72,-0.5498
2026-08-08T09:13:25Z,Digitizer_run2126_subrun73.csv,13,False,,,2.21,-0.4484
2026-08-08T09:13:25Z,Digitizer_run2126_subrun73.csv,14,False,,,5.58,-0.5869
2026-08-08T09:13:25Z,Digitizer_run2126_subrun73.csv,15,False,,,6.32,-0.6175
2026-08-08T09:13:25Z,Digitizer_run2126_subrun73.csv,16,False,,,4.5,-0.5219
2026-08-08T09:13:25Z,Digitizer_run2126_subrun73.csv,17,False,,,3.14,-0.5924
2026-08-08T09:13:25Z,Digitizer_run2126_subrun73.csv,18,False,,,4.02,-0.5598
2026-08-08T09:13:25Z,Digitizer_run2126_subrun73.csv,19,False,,,2.82,-0.4861
2026-08-08T09:13:25Z,Digitizer_run2126_subrun73.csv,20,False,,,3.16,-0.4903
2026-08-08T09:13:25Z,Digitizer_run2126_subrun73.csv,21,False,,,4.43,-0.5558
2026-08-08T09:13:25Z,Digitizer_run2126_subrun73.csv,22,False,,,2.38,-0.4325
2026-08-08T09:13:25Z,Digitizer_run2126_subrun73.csv,23,False,,,3.87,-0.4563
2026-08-08T09:13:25Z,Digitizer_run2126_subrun73.csv,24,False,,,3.47,-0.5379
2026-08-08T09:13:25Z,Digitizer_run2126_subrun73.csv,25,False,,,3.78,-0.5242
2026-08-08T09:13:25Z,Digitizer_run2126_subrun73.csv,26,False,,,2.83,-0.4884
2026-08-08T09:13:25Z,Digitizer_run2126_subrun73.csv,27,False,,,1.93,-0.4626
2026-08-08T09:13:25Z,Digitizer_run2126_subrun73.csv,28,True,statistical,sideband_rms_mean,9.42,-0.5919
2026-08-08T09:13:25Z,Digitizer_run2126_subrun73.csv,29,True,statistical,sideband_rms_mean,10.52,-0.6081
2026-08-08T09:13:25Z,Digitizer_run2126_subrun73.csv,30,False,,,4.84,-0.5424
2026-08-08T09:13:25Z,Digitizer_run2126_subrun73.csv,31,False,,,5.17,-0.5286
2026-08-08T09:13:25Z,Digitizer_run2126_subrun73.csv,32,False,,,5.29,-0.5425
2026-08-08T09:13:25Z,Digitizer_run2126_subrun73.csv,33,False,,,3.03,-0.4733
2026-08-08T09:13:25Z,Digitizer_run2126_subrun73.csv,34,False,,,5.7,-0.5013
2026-08-08T09:13:25Z,Digitizer_run2126_subrun73.csv,35,False,,,6.63,-0.586
2026-08-08T09:13:25Z,Digitizer_run2126_subrun73.csv,36,False,,,6.61,-0.5744
2026-08-08T09:13:25Z,Digitizer_run2126_subrun73.csv,37,False,,,4.73,-0.5369
2026-08-08T09:13:25Z,Digitizer_run2126_subrun73.csv,38,False,,,5.35,-0.5559
2026-08-08T09:13:25Z,Digitizer_run2126_subrun73.csv,39,False,,,2.49,-0.3973
2026-08-08T09:13:25Z,Digitizer_run2126_subrun73.csv,40,True,statistical+IF,pulseArea_max_mean;pulseArea_max_std;pulseArea_min_mean,10.72,-0.6681
2026-08-08T09:13:25Z,Digitizer_run2126_subrun73.csv,41,True,statistical+IF,sideband_rms_mean;pulseArea_min_mean,10.45,-0.6601
2026-08-08T09:13:25Z,Digitizer_run2126_subrun73.csv,42,True,isolation_forest,,6.92,-0.6388
2026-08-08T09:13:25Z,Digitizer_run2126_subrun73.csv,43,False,,,3.6,-0.5502
2026-08-08T09:13:25Z,Digitizer_run2126_subrun73.csv,44,True,isolation_forest,,7.85,-0.6704
2026-08-08T09:13:25Z,Digitizer_run2126_subrun73.csv,45,True,statistical,pulseHeight_min_median;pulseArea_min_median,16.13,-0.6347
2026-08-08T09:13:25Z,Digitizer_run2126_subrun73.csv,46,True,statistical+IF,nPulses_median;pulseHeight_max_median;pulseArea_max_median;pulseArea_min_mean,14.13,-0.6762
2026-08-08T09:13:25Z,Digitizer_run2126_subrun73.csv,47,True,statistical+IF,pulseHeight_max_median;pulseArea_max_mean;pulseArea_max_median;pulseArea_min_mean,11.36,-0.6497
2026-08-08T09:13:25Z,Digitizer_run2126_subrun73.csv,48,True,statistical,nPulses_median;pulseHeight_max_median;pulseArea_max_median,20.29,-0.6191
2026-08-08T09:13:25Z,Digitizer_run2126_subrun73.csv,49,True,statistical+IF,pulseHeight_min_mean;pulseArea_min_median,11.1,-0.6779
2026-08-08T09:13:25Z,Digitizer_run2126_subrun73.csv,50,True,statistical,sideband_rms_mean;pulseHeight_max_median,10.2,-0.6276
2026-08-08T09:13:25Z,Digitizer_run2126_subrun73.csv,51,True,statistical+IF,sideband_rms_mean;nPulses_median;pulseHeight_max_median;pulseArea_max_median,1000000.0,-0.6775
2026-08-08T09:13:25Z,Digitizer_run2126_subrun73.csv,52,False,,,4.37,-0.5068
2026-08-08T09:13:25Z,Digitizer_run2126_subrun73.csv,53,False,,,6.39,-0.5891
2026-08-08T09:13:25Z,Digitizer_run2126_subrun73.csv,54,True,statistical+IF,pulseArea_min_mean;pulseArea_min_median;pulseDuriation_min_median,11.64,-0.6747
2026-08-08T09:13:25Z,Digitizer_run2126_subrun73.csv,55,False,,,4.35,-0.5062
2026-08-08T09:13:25Z,Digitizer_run2126_subrun73.csv,56,True,statistical,occupancy,8.24,-0.5934
2026-08-08T09:13:25Z,Digitizer_run2126_subrun73.csv,57,False,,,5.85,-0.5835
2026-08-08T09:13:25Z,Digitizer_run2126_subrun73.csv,58,False,,,6.16,-0.582
2026-08-08T09:13:25Z,Digitizer_run2126_subrun73.csv,59,False,,,5.41,-0.6216
2026-08-08T09:13:25Z,Digitizer_run2126_subrun73.csv,60,False,,,5.56,-0.5715
2026-08-08T09:13:25Z,Digitizer_run2126_subrun73.csv,61,False,,,5.57,-0.6252
2026-08-08T09:13:25Z,Digitizer_run2126_subrun73.csv,62,False,,,4.26,-0.5364
2026-08-08T09:13:25Z,Digitizer_run2126_subrun73.csv,63,False,,,3.74,-0.5154
2026-08-08T09:13:25Z,Digitizer_run2126_subrun73.csv,64,False,,,3.73,-0.5079
2026-08-08T09:13:25Z,Digitizer_run2126_subrun73.csv,65,False,,,5.6,-0.4965
2026-08-08T09:13:25Z,Digitizer_run2126_subrun73.csv,66,True,statistical,pulseArea_min_mean,9.97,-0.6233
2026-08-08T09:13:25Z,Digitizer_run2126_subrun73.csv,67,False,,,6.65,-0.5762
2026-08-08T09:13:25Z,Digitizer_run2126_subrun73.csv,68,False,,,4.35,-0.5486
2026-08-08T09:13:25Z,Digitizer_run2126_subrun73.csv,69,False,,,5.04,-0.5391
2026-08-08T09:13:25Z,Digitizer_run2126_subrun73.csv,70,False,,,1.53,-0.3903
2026-08-08T09:13:25Z,Digitizer_run2126_subrun73.csv,71,False,,,3.58,-0.4931
2026-08-08T09:13:25Z,Digitizer_run2126_subrun73.csv,72,False,,,5.54,-0.5533
2026-08-08T09:13:25Z,Digitizer_run2126_subrun73.csv,73,False,,,4.93,-0.515
2026-08-08T09:13:25Z,Digitizer_run2126_subrun73.csv,74,False,,,2.6,-0.4977
2026-08-08T09:13:25Z,Digitizer_run2126_subrun73.csv,75,False,,,3.79,-0.5254
2026-08-08T09:13:25Z,Digitizer_run2126_subrun73.csv,76,False,,,3.14,-0.4465
2026-08-08T09:13:25Z,Digitizer_run2126_subrun73.csv,77,False,,,6.2,-0.5296
2026-08-08T09:13:25Z,Digitizer_run2126_subrun73.csv,78,False,,,5.06,-0.5448
2026-08-08T09:13:25Z,Digitizer_run2126_subrun73.csv,79,True,statistical,pulseHeight_max_std,8.98,-0.5714
2026-08-08T09:13:25Z,Digitizer_run2126_subrun73.csv,80,False,,,6.47,-0.5638
2026-08-08T09:13:25Z,Digitizer_run2126_subrun73.csv,81,False,,,3.12,-0.5196
2026-08-08T09:13:25Z,Digitizer_run2126_subrun73.csv,82,False,,,4.34,-0.5493
2026-08-08T09:13:25Z,Digitizer_run2126_subrun73.csv,83,False,,,2.43,-0.4646
2026-08-08T09:13:25Z,Digitizer_run2126_subrun73.csv,84,True,statistical,pulseHeight_min_median;pulseArea_min_median,17.81,-0.6209
2026-08-08T09:13:25Z,Digitizer_run2126_subrun73.csv,85,False,,,3.75,-0.5233
2026-08-08T09:13:25Z,Digitizer_run2126_subrun73.csv,86,False,,,3.33,-0.4493
2026-08-08T09:13:25Z,Digitizer_run2126_subrun73.csv,87,False,,,4.2,-0.5235
2026-08-08T09:13:25Z,Digitizer_run2126_subrun73.csv,88,False,,,4.64,-0.5869
2026-08-08T09:13:25Z,Digitizer_run2126_subrun73.csv,89,True,statistical,nPulses_median,23.8,-0.5499
2026-08-08T09:13:25Z,Digitizer_run2126_subrun73.csv,90,False,,,4.89,-0.5262
2026-08-08T09:13:25Z,Digitizer_run2126_subrun73.csv,91,True,statistical,nPulses_median,10.98,-0.5834
2026-08-08T09:13:25Z,Digitizer_run2126_subrun73.csv,92,False,,,3.01,-0.5247
2026-08-08T09:13:25Z,Digitizer_run2126_subrun73.csv,93,False,,,6.82,-0.5182
2026-08-08T09:13:25Z,Digitizer_run2126_subrun73.csv,94,False,,,4.32,-0.5646
2026-08-08T09:13:25Z,Digitizer_run2126_subrun73.csv,95,False,,,3.85,-0.568
2026-08-08T09:13:29Z,Digitizer_run2126_subrun74.csv,0,False,,,3.51,-0.5149
2026-08-08T09:13:29Z,Digitizer_run2126_subrun74.csv,1,False,,,3.35,-0.4969
2026-08-08T09:13:29Z,Digitizer_run2126_subrun74.csv,2,True,statistical,pulseHeight_min_median;pulseArea_min_median,8.37,-0.6027
2026-08-08T09:13:29Z,Digitizer_run2126_subrun74.csv,3,False,,,3.4,-0.4683
2026-08-08T09:13:29Z,Digitizer_run2126_subrun74.csv,4,False,,,3.06,-0.5015
2026-08-08T09:13:29Z,Digitizer_run2126_subrun74.csv,5,False,,,2.94,-0.4816
2026-08-08T09:13:29Z,Digitizer_run2126_subrun74.csv,6,False,,,6.35,-0.5831
2026-08-08T09:13:29Z,Digitizer_run2126_subrun74.csv,7,True,statistical,nPulses_median,45.76,-0.6017
2026-08-08T09:13:29Z,Digitizer_run2126_subrun74.csv,8,False,,,4.37,-0.5209
2026-08-08T09:13:29Z,Digitizer_run2126_subrun74.csv,9,True,statistical,nPulses_median,9.32,-0.5873
2026-08-08T09:13:29Z,Digitizer_run2126_subrun74.csv,10,False,,,4.11,-0.5181
2026-08-08T09:13:29Z,Digitizer_run2126_subrun74.csv,11,True,statistical,nPulses_median,10.17,-0.5681
2026-08-08T09:13:29Z,Digitizer_run2126_subrun74.csv,12,False,,,2.47,-0.4193
2026-08-08T09:13:29Z,Digitizer_run2126_subrun74.csv,13,False,,,2.06,-0.4523
2026-08-08T09:13:29Z,Digitizer_run2126_subrun74.csv,14,False,,,3.16,-0.4948
2026-08-08T09:13:29Z,Digitizer_run2126_subrun74.csv,15,False,,,5.79,-0.5639
2026-08-08T09:13:29Z,Digitizer_run2126_subrun74.csv,16,False,,,4.37,-0.5187
2026-08-08T09:13:29Z,Digitizer_run2126_subrun74.csv,17,False,,,2.21,-0.4776
2026-08-08T09:13:29Z,Digitizer_run2126_subrun74.csv,18,False,,,3.53,-0.5771
2026-08-08T09:13:29Z,Digitizer_run2126_subrun74.csv,19,False,,,3.79,-0.5557
2026-08-08T09:13:29Z,Digitizer_run2126_subrun74.csv,20,False,,,2.09,-0.4364
2026-08-08T09:13:29Z,Digitizer_run2126_subrun74.csv,21,False,,,1.92,-0.4159
2026-08-08T09:13:29Z,Digitizer_run2126_subrun74.csv,22,False,,,1.91,-0.4304
2026-08-08T09:13:29Z,Digitizer_run2126_subrun74.csv,23,False,,,2.52,-0.4415
2026-08-08T09:13:29Z,Digitizer_run2126_subrun74.csv,24,False,,,2.45,-0.5232
2026-08-08T09:13:29Z,Digitizer_run2126_subrun74.csv,25,False,,,3.44,-0.5705
2026-08-08T09:13:29Z,Digitizer_run2126_subrun74.csv,26,False,,,4.75,-0.5185
2026-08-08T09:13:29Z,Digitizer_run2126_subrun74.csv,27,False,,,2.58,-0.4755
2026-08-08T09:13:29Z,Digitizer_run2126_subrun74.csv,28,False,,,6.04,-0.5115
2026-08-08T09:13:29Z,Digitizer_run2126_subrun74.csv,29,False,,,3.28,-0.5031
2026-08-08T09:13:29Z,Digitizer_run2126_subrun74.csv,30,False,,,4.06,-0.5401
2026-08-08T09:13:29Z,Digitizer_run2126_subrun74.csv,31,False,,,2.36,-0.4409
2026-08-08T09:13:29Z,Digitizer_run2126_subrun74.csv,32,True,statistical,nPulses_median,13.17,-0.5022
2026-08-08T09:13:29Z,Digitizer_run2126_subrun74.csv,33,False,,,4.11,-0.4782
2026-08-08T09:13:29Z,Digitizer_run2126_subrun74.csv,34,True,statistical+IF,sideband_rms_mean;sideband_rms_std,19.47,-0.6693
2026-08-08T09:13:29Z,Digitizer_run2126_subrun74.csv,35,True,statistical,sideband_mean_mean,9.06,-0.5865
2026-08-08T09:13:29Z,Digitizer_run2126_subrun74.csv,36,False,,,6.98,-0.5602
2026-08-08T09:13:29Z,Digitizer_run2126_subrun74.csv,37,False,,,5.37,-0.6104
2026-08-08T09:13:29Z,Digitizer_run2126_subrun74.csv,38,False,,,4.29,-0.5007
2026-08-08T09:13:29Z,Digitizer_run2126_subrun74.csv,39,False,,,3.98,-0.499
2026-08-08T09:13:29Z,Digitizer_run2126_subrun74.csv,40,False,,,2.87,-0.4785
2026-08-08T09:13:29Z,Digitizer_run2126_subrun74.csv,41,False,,,4.38,-0.5475
2026-08-08T09:13:29Z,Digitizer_run2126_subrun74.csv,42,False,,,5.82,-0.4525
2026-08-08T09:13:29Z,Digitizer_run2126_subrun74.csv,43,False,,,5.12,-0.5566
2026-08-08T09:13:29Z,Digitizer_run2126_subrun74.csv,44,False,,,6.24,-0.5774
2026-08-08T09:13:29Z,Digitizer_run2126_subrun74.csv,45,False,,,6.16,-0.5554
2026-08-08T09:13:29Z,Digitizer_run2126_subrun74.csv,46,False,,,4.8,-0.4982
2026-08-08T09:13:29Z,Digitizer_run2126_subrun74.csv,47,False,,,5.85,-0.4489
2026-08-08T09:13:29Z,Digitizer_run2126_subrun74.csv,48,False,,,3.04,-0.5342
2026-08-08T09:13:29Z,Digitizer_run2126_subrun74.csv,49,False,,,3.1,-0.4674
2026-08-08T09:13:29Z,Digitizer_run2126_subrun74.csv,50,False,,,2.82,-0.495
2026-08-08T09:13:29Z,Digitizer_run2126_subrun74.csv,51,False,,,4.69,-0.5379
2026-08-08T09:13:29Z,Digitizer_run2126_subrun74.csv,52,False,,,7.14,-0.5777
2026-08-08T09:13:29Z,Digitizer_run2126_subrun74.csv,53,False,,,6.02,-0.4991
2026-08-08T09:13:29Z,Digitizer_run2126_subrun74.csv,54,False,,,4.59,-0.5421
2026-08-08T09:13:29Z,Digitizer_run2126_subrun74.csv,55,False,,,3.07,-0.5562
2026-08-08T09:13:29Z,Digitizer_run2126_subrun74.csv,56,False,,,6.14,-0.5283
2026-08-08T09:13:29Z,Digitizer_run2126_subrun74.csv,57,False,,,6.09,-0.5936
2026-08-08T09:13:29Z,Digitizer_run2126_subrun74.csv,58,False,,,5.02,-0.4969
2026-08-08T09:13:29Z,Digitizer_run2126_subrun74.csv,59,False,,,5.45,-0.5274
2026-08-08T09:13:29Z,Digitizer_run2126_subrun74.csv,60,False,,,7.06,-0.5873
2026-08-08T09:13:29Z,Digitizer_run2126_subrun74.csv,61,False,,,6.07,-0.5538
2026-08-08T09:13:29Z,Digitizer_run2126_subrun74.csv,62,False,,,3.29,-0.4562
2026-08-08T09:13:29Z,Digitizer_run2126_subrun74.csv,63,False,,,3.15,-0.4652
2026-08-08T09:13:29Z,Digitizer_run2126_subrun74.csv,64,False,,,3.93,-0.4666
2026-08-08T09:13:29Z,Digitizer_run2126_subrun74.csv,65,False,,,3.96,-0.5623
2026-08-08T09:13:29Z,Digitizer_run2126_subrun74.csv,66,False,,,4.21,-0.4933
2026-08-08T09:13:29Z,Digitizer_run2126_subrun74.csv,67,False,,,3.93,-0.4759
2026-08-08T09:13:29Z,Digitizer_run2126_subrun74.csv,68,False,,,4.18,-0.539
2026-08-08T09:13:29Z,Digitizer_run2126_subrun74.csv,69,False,,,6.44,-0.5421
2026-08-08T09:13:29Z,Digitizer_run2126_subrun74.csv,70,False,,,5.87,-0.4956
2026-08-08T09:13:29Z,Digitizer_run2126_subrun74.csv,71,False,,,5.52,-0.5775
2026-08-08T09:13:29Z,Digitizer_run2126_subrun74.csv,72,False,,,3.89,-0.51
2026-08-08T09:13:29Z,Digitizer_run2126_subrun74.csv,73,False,,,6.27,-0.5814
2026-08-08T09:13:29Z,Digitizer_run2126_subrun74.csv,74,False,,,2.83,-0.4712
2026-08-08T09:13:29Z,Digitizer_run2126_subrun74.csv,75,False,,,3.83,-0.5548
2026-08-08T09:13:29Z,Digitizer_run2126_subrun74.csv,76,False,,,2.98,-0.5686
2026-08-08T09:13:29Z,Digitizer_run2126_subrun74.csv,77,False,,,3.62,-0.5093
2026-08-08T09:13:29Z,Digitizer_run2126_subrun74.csv,78,False,,,5.11,-0.5374
2026-08-08T09:13:29Z,Digitizer_run2126_subrun74.csv,79,True,statistical,pulseHeight_min_median,11.13,-0.5772
2026-08-08T09:13:29Z,Digitizer_run2126_subrun74.csv,80,False,,,4.51,-0.5229
2026-08-08T09:13:29Z,Digitizer_run2126_subrun74.csv,81,False,,,4.23,-0.5638
2026-08-08T09:13:29Z,Digitizer_run2126_subrun74.csv,82,False,,,5.57,-0.593
2026-08-08T09:13:29Z,Digitizer_run2126_subrun74.csv,83,False,,,6.31,-0.557
2026-08-08T09:13:29Z,Digitizer_run2126_subrun74.csv,84,False,,,3.11,-0.4675
2026-08-08T09:13:29Z,Digitizer_run2126_subrun74.csv,85,False,,,4.25,-0.5104
2026-08-08T09:13:29Z,Digitizer_run2126_subrun74.csv,86,False,,,4.92,-0.4974
2026-08-08T09:13:29Z,Digitizer_run2126_subrun74.csv,87,False,,,5.47,-0.4815
2026-08-08T09:13:29Z,Digitizer_run2126_subrun74.csv,88,True,statistical,sideband_mean_mean;sideband_rms_mean,8.75,-0.5773
2026-08-08T09:13:29Z,Digitizer_run2126_subrun74.csv,89,True,statistical,sideband_mean_mean,9.61,-0.6383
2026-08-08T09:13:29Z,Digitizer_run2126_subrun74.csv,90,False,,,4.7,-0.5936
2026-08-08T09:13:29Z,Digitizer_run2126_subrun74.csv,91,False,,,6.14,-0.5624
2026-08-08T09:13:29Z,Digitizer_run2126_subrun74.csv,92,False,,,3.62,-0.5199
2026-08-08T09:13:29Z,Digitizer_run2126_subrun74.csv,93,False,,,3.11,-0.4346
2026-08-08T09:13:29Z,Digitizer_run2126_subrun74.csv,94,True,statistical,sideband_rms_mean,9.51,-0.6013
2026-08-08T09:13:29Z,Digitizer_run2126_subrun74.csv,95,True,statistical+IF,sideband_mean_mean;sideband_rms_mean;pulseHeight_max_median;pulseArea_max_median,14.97,-0.6953
2026-08-08T09:13:32Z,Digitizer_run2126_subrun75.csv,0,False,,,3.86,-0.5583
2026-08-08T09:13:32Z,Digitizer_run2126_subrun75.csv,1,False,,,7.45,-0.5343
2026-08-08T09:13:32Z,Digitizer_run2126_subrun75.csv,2,False,,,4.61,-0.5316
2026-08-08T09:13:32Z,Digitizer_run2126_subrun75.csv,3,False,,,3.62,-0.5454
2026-08-08T09:13:32Z,Digitizer_run2126_subrun75.csv,4,False,,,4.61,-0.4969
2026-08-08T09:13:32Z,Digitizer_run2126_subrun75.csv,5,False,,,5.88,-0.602
2026-08-08T09:13:32Z,Digitizer_run2126_subrun75.csv,6,False,,,5.57,-0.6291
2026-08-08T09:13:32Z,Digitizer_run2126_subrun75.csv,7,False,,,5.61,-0.5595
2026-08-08T09:13:32Z,Digitizer_run2126_subrun75.csv,8,False,,,3.5,-0.5127
2026-08-08T09:13:32Z,Digitizer_run2126_subrun75.csv,9,False,,,2.88,-0.4911
2026-08-08T09:13:32Z,Digitizer_run2126_subrun75.csv,10,False,,,3.03,-0.5051
2026-08-08T09:13:32Z,Digitizer_run2126_subrun75.csv,11,False,,,3.5,-0.4947
2026-08-08T09:13:32Z,Digitizer_run2126_subrun75.csv,12,False,,,7.08,-0.589
2026-08-08T09:13:32Z,Digitizer_run2126_subrun75.csv,13,True,statistical,nPulses_median,22.03,-0.6336
2026-08-08T09:13:32Z,Digitizer_run2126_subrun75.csv,14,False,,,2.83,-0.4657
2026-08-08T09:13:32Z,Digitizer_run2126_subrun75.csv,15,False,,,3.07,-0.494
2026-08-08T09:13:32Z,Digitizer_run2126_subrun75.csv,16,False,,,5.83,-0.6291
2026-08-08T09:13:32Z,Digitizer_run2126_subrun75.csv,17,False,,,5.0,-0.6047
2026-08-08T09:13:32Z,Digitizer_run2126_subrun75.csv,18,False,,,4.69,-0.5282
2026-08-08T09:13:32Z,Digitizer_run2126_subrun75.csv,19,False,,,3.0,-0.4865
2026-08-08T09:13:32Z,Digitizer_run2126_subrun75.csv,20,False,,,2.66,-0.4672
2026-08-08T09:13:32Z,Digitizer_run2126_subrun75.csv,21,False,,,2.53,-0.4674
2026-08-08T09:13:32Z,Digitizer_run2126_subrun75.csv,22,False,,,1.23,-0.4074
2026-08-08T09:13:32Z,Digitizer_run2126_subrun75.csv,23,False,,,1.94,-0.4166
2026-08-08T09:13:32Z,Digitizer_run2126_subrun75.csv,24,False,,,2.66,-0.4856
2026-08-08T09:13:32Z,Digitizer_run2126_subrun75.csv,25,False,,,3.33,-0.4839
2026-08-08T09:13:32Z,Digitizer_run2126_subrun75.csv,26,False,,,7.05,-0.621
2026-08-08T09:13:32Z,Digitizer_run2126_subrun75.csv,27,True,isolation_forest,,4.81,-0.6408
2026-08-08T09:13:32Z,Digitizer_run2126_subrun75.csv,28,False,,,4.78,-0.5761
2026-08-08T09:13:32Z,Digitizer_run2126_subrun75.csv,29,False,,,3.94,-0.5804
2026-08-08T09:13:32Z,Digitizer_run2126_subrun75.csv,30,False,,,3.8,-0.4958
2026-08-08T09:13:32Z,Digitizer_run2126_subrun75.csv,31,False,,,3.88,-0.499
2026-08-08T09:13:32Z,Digitizer_run2126_subrun75.csv,32,True,statistical,sideband_mean_median;nPulses_median,13.17,-0.5718
2026-08-08T09:13:32Z,Digitizer_run2126_subrun75.csv,33,False,,,5.91,-0.5354
2026-08-08T09:13:32Z,Digitizer_run2126_subrun75.csv,34,False,,,6.78,-0.5738
2026-08-08T09:13:32Z,Digitizer_run2126_subrun75.csv,35,False,,,5.55,-0.5221
2026-08-08T09:13:32Z,Digitizer_run2126_subrun75.csv,36,False,,,4.06,-0.5164
2026-08-08T09:13:32Z,Digitizer_run2126_subrun75.csv,37,False,,,4.37,-0.5657
2026-08-08T09:13:32Z,Digitizer_run2126_subrun75.csv,38,False,,,5.8,-0.5722
2026-08-08T09:13:32Z,Digitizer_run2126_subrun75.csv,39,False,,,5.12,-0.5007
2026-08-08T09:13:32Z,Digitizer_run2126_subrun75.csv,40,False,,,6.64,-0.5827
2026-08-08T09:13:32Z,Digitizer_run2126_subrun75.csv,41,False,,,6.6,-0.616
2026-08-08T09:13:32Z,Digitizer_run2126_subrun75.csv,42,False,,,5.48,-0.559
2026-08-08T09:13:32Z,Digitizer_run2126_subrun75.csv,43,False,,,6.39,-0.5235
2026-08-08T09:13:32Z,Digitizer_run2126_subrun75.csv,44,True,statistical+IF,pulseArea_min_mean,9.68,-0.6444
2026-08-08T09:13:32Z,Digitizer_run2126_subrun75.csv,45,False,,,6.56,-0.5796
2026-08-08T09:13:32Z,Digitizer_run2126_subrun75.csv,46,False,,,5.06,-0.4947
2026-08-08T09:13:32Z,Digitizer_run2126_subrun75.csv,47,True,statistical,pulseHeight_max_median;pulseArea_max_median,8.66,-0.6019
2026-08-08T09:13:32Z,Digitizer_run2126_subrun75.csv,48,False,,,3.62,-0.5465
2026-08-08T09:13:32Z,Digitizer_run2126_subrun75.csv,49,False,,,6.29,-0.5755
2026-08-08T09:13:32Z,Digitizer_run2126_subrun75.csv,50,True,statistical,pulseHeight_max_std,8.16,-0.5682
2026-08-08T09:13:32Z,Digitizer_run2126_subrun75.csv,51,True,statistical,pulseHeight_max_std,8.72,-0.5964
2026-08-08T09:13:32Z,Digitizer_run2126_subrun75.csv,52,False,,,5.45,-0.5311
2026-08-08T09:13:32Z,Digitizer_run2126_subrun75.csv,53,False,,,4.91,-0.516
2026-08-08T09:13:32Z,Digitizer_run2126_subrun75.csv,54,False,,,5.32,-0.4651
2026-08-08T09:13:32Z,Digitizer_run2126_subrun75.csv,55,False,,,3.05,-0.4476
2026-08-08T09:13:32Z,Digitizer_run2126_subrun75.csv,56,False,,,7.1,-0.6383
2026-08-08T09:13:32Z,Digitizer_run2126_subrun75.csv,57,False,,,5.93,-0.534
2026-08-08T09:13:32Z,Digitizer_run2126_subrun75.csv,58,False,,,5.98,-0.5256
2026-08-08T09:13:32Z,Digitizer_run2126_subrun75.csv,59,False,,,6.21,-0.5972
2026-08-08T09:13:32Z,Digitizer_run2126_subrun75.csv,60,False,,,4.52,-0.5038
2026-08-08T09:13:32Z,Digitizer_run2126_subrun75.csv,61,False,,,5.63,-0.5578
2026-08-08T09:13:32Z,Digitizer_run2126_subrun75.csv,62,False,,,3.54,-0.5224
2026-08-08T09:13:32Z,Digitizer_run2126_subrun75.csv,63,False,,,3.74,-0.4906
2026-08-08T09:13:32Z,Digitizer_run2126_subrun75.csv,64,True,statistical,pulseArea_min_median,8.2,-0.599
2026-08-08T09:13:32Z,Digitizer_run2126_subrun75.csv,65,True,statistical,pulseHeight_min_median;pulseArea_min_median;pulseDuriation_max_mean;pulseDuriation_min_mean,13.95,-0.6358
2026-08-08T09:13:32Z,Digitizer_run2126_subrun75.csv,66,False,,,4.14,-0.4733
2026-08-08T09:13:32Z,Digitizer_run2126_subrun75.csv,67,False,,,4.95,-0.5268
2026-08-08T09:13:32Z,Digitizer_run2126_subrun75.csv,68,False,,,6.85,-0.5928
2026-08-08T09:13:32Z,Digitizer_run2126_subrun75.csv,69,True,statistical,nPulses_median,1000000.0,-0.5818
2026-08-08T09:13:32Z,Digitizer_run2126_subrun75.csv,70,False,,,2.35,-0.4945
2026-08-08T09:13:32Z,Digitizer_run2126_subrun75.csv,71,False,,,3.81,-0.5328
2026-08-08T09:13:32Z,Digitizer_run2126_subrun75.csv,72,False,,,3.97,-0.5598
2026-08-08T09:13:32Z,Digitizer_run2126_subrun75.csv,73,False,,,4.63,-0.542
2026-08-08T09:13:32Z,Digitizer_run2126_subrun75.csv,74,False,,,2.97,-0.4973
2026-08-08T09:13:32Z,Digitizer_run2126_subrun75.csv,75,False,,,5.35,-0.5456
2026-08-08T09:13:32Z,Digitizer_run2126_subrun75.csv,76,True,statistical,nPulses_median,13.13,-0.622
2026-08-08T09:13:32Z,Digitizer_run2126_subrun75.csv,77,False,,,5.19,-0.6192
2026-08-08T09:13:32Z,Digitizer_run2126_subrun75.csv,78,False,,,3.27,-0.4803
2026-08-08T09:13:32Z,Digitizer_run2126_subrun75.csv,79,False,,,2.95,-0.5015
2026-08-08T09:13:32Z,Digitizer_run2126_subrun75.csv,80,False,,,6.76,-0.617
2026-08-08T09:13:32Z,Digitizer_run2126_subrun75.csv,81,True,statistical,pulseHeight_min_median;pulseArea_min_median,9.02,-0.5996
2026-08-08T09:13:32Z,Digitizer_run2126_subrun75.csv,82,False,,,4.53,-0.5646
2026-08-08T09:13:32Z,Digitizer_run2126_subrun75.csv,83,False,,,3.55,-0.5395
2026-08-08T09:13:32Z,Digitizer_run2126_subrun75.csv,84,False,,,4.05,-0.507
2026-08-08T09:13:32Z,Digitizer_run2126_subrun75.csv,85,False,,,5.12,-0.5739
2026-08-08T09:13:32Z,Digitizer_run2126_subrun75.csv,86,False,,,6.14,-0.4754
2026-08-08T09:13:32Z,Digitizer_run2126_subrun75.csv,87,False,,,6.41,-0.5102
2026-08-08T09:13:32Z,Digitizer_run2126_subrun75.csv,88,False,,,3.81,-0.4868
2026-08-08T09:13:32Z,Digitizer_run2126_subrun75.csv,89,False,,,7.37,-0.5998
2026-08-08T09:13:32Z,Digitizer_run2126_subrun75.csv,90,False,,,3.54,-0.4712
2026-08-08T09:13:32Z,Digitizer_run2126_subrun75.csv,91,False,,,3.2,-0.537
2026-08-08T09:13:32Z,Digitizer_run2126_subrun75.csv,92,False,,,4.03,-0.4718
2026-08-08T09:13:32Z,Digitizer_run2126_subrun75.csv,93,False,,,3.29,-0.5103
2026-08-08T09:13:32Z,Digitizer_run2126_subrun75.csv,94,False,,,5.74,-0.5691
2026-08-08T09:13:32Z,Digitizer_run2126_subrun75.csv,95,False,,,4.18,-0.5491
2026-08-08T09:13:36Z,Digitizer_run2126_subrun76.csv,0,False,,,4.93,-0.6005
2026-08-08T09:13:36Z,Digitizer_run2126_subrun76.csv,1,False,,,7.74,-0.6122
2026-08-08T09:13:36Z,Digitizer_run2126_subrun76.csv,2,True,statistical,pulseHeight_min_median;pulseArea_min_median,13.51,-0.6303
2026-08-08T09:13:36Z,Digitizer_run2126_subrun76.csv,3,True,statistical,pulseArea_max_median,8.29,-0.5681
2026-08-08T09:13:36Z,Digitizer_run2126_subrun76.csv,4,False,,,5.28,-0.5511
2026-08-08T09:13:36Z,Digitizer_run2126_subrun76.csv,5,False,,,3.0,-0.5082
2026-08-08T09:13:36Z,Digitizer_run2126_subrun76.csv,6,False,,,4.73,-0.5648
2026-08-08T09:13:36Z,Digitizer_run2126_subrun76.csv,7,False,,,2.24,-0.5249
2026-08-08T09:13:36Z,Digitizer_run2126_subrun76.csv,8,False,,,2.76,-0.5331
2026-08-08T09:13:36Z,Digitizer_run2126_subrun76.csv,9,False,,,2.84,-0.4906
2026-08-08T09:13:36Z,Digitizer_run2126_subrun76.csv,10,True,statistical,nPulses_median;pulseHeight_max_median;pulseArea_max_median,16.81,-0.6065
2026-08-08T09:13:36Z,Digitizer_run2126_subrun76.csv,11,True,statistical,nPulses_median;pulseArea_max_median,12.12,-0.6033
2026-08-08T09:13:36Z,Digitizer_run2126_subrun76.csv,12,False,,,3.11,-0.4507
2026-08-08T09:13:36Z,Digitizer_run2126_subrun76.csv,13,False,,,2.02,-0.455
2026-08-08T09:13:36Z,Digitizer_run2126_subrun76.csv,14,False,,,3.61,-0.5014
2026-08-08T09:13:36Z,Digitizer_run2126_subrun76.csv,15,False,,,3.05,-0.4884
2026-08-08T09:13:36Z,Digitizer_run2126_subrun76.csv,16,False,,,3.58,-0.4712
2026-08-08T09:13:36Z,Digitizer_run2126_subrun76.csv,17,False,,,2.18,-0.4753
2026-08-08T09:13:36Z,Digitizer_run2126_subrun76.csv,18,False,,,5.22,-0.5603
2026-08-08T09:13:36Z,Digitizer_run2126_subrun76.csv,19,False,,,3.07,-0.4751
2026-08-08T09:13:36Z,Digitizer_run2126_subrun76.csv,20,False,,,3.61,-0.4913
2026-08-08T09:13:36Z,Digitizer_run2126_subrun76.csv,21,False,,,1.55,-0.4137
2026-08-08T09:13:36Z,Digitizer_run2126_subrun76.csv,22,False,,,2.77,-0.4521
2026-08-08T09:13:36Z,Digitizer_run2126_subrun76.csv,23,False,,,3.72,-0.4668
2026-08-08T09:13:36Z,Digitizer_run2126_subrun76.csv,24,False,,,2.78,-0.5401
2026-08-08T09:13:36Z,Digitizer_run2126_subrun76.csv,25,False,,,3.16,-0.5567
2026-08-08T09:13:36Z,Digitizer_run2126_subrun76.csv,26,False,,,2.71,-0.4891
2026-08-08T09:13:36Z,Digitizer_run2126_subrun76.csv,27,False,,,2.69,-0.4786
2026-08-08T09:13:36Z,Digitizer_run2126_subrun76.csv,28,False,,,3.5,-0.4745
2026-08-08T09:13:36Z,Digitizer_run2126_subrun76.csv,29,False,,,2.39,-0.4823
2026-08-08T09:13:36Z,Digitizer_run2126_subrun76.csv,30,True,statistical+IF,nPulses_median,13.44,-0.6861
2026-08-08T09:13:36Z,Digitizer_run2126_subrun76.csv,31,True,statistical,sideband_rms_mean,9.31,-0.6313
2026-08-08T09:13:36Z,Digitizer_run2126_subrun76.csv,32,True,isolation_forest,,6.36,-0.6409
2026-08-08T09:13:36Z,Digitizer_run2126_subrun76.csv,33,False,,,4.28,-0.5292
2026-08-08T09:13:36Z,Digitizer_run2126_subrun76.csv,34,False,,,4.03,-0.5186
2026-08-08T09:13:36Z,Digitizer_run2126_subrun76.csv,35,False,,,3.25,-0.4819
2026-08-08T09:13:36Z,Digitizer_run2126_subrun76.csv,36,False,,,4.15,-0.4986
2026-08-08T09:13:36Z,Digitizer_run2126_subrun76.csv,37,False,,,3.71,-0.5268
2026-08-08T09:13:36Z,Digitizer_run2126_subrun76.csv,38,False,,,5.53,-0.6077
2026-08-08T09:13:36Z,Digitizer_run2126_subrun76.csv,39,False,,,6.4,-0.5708
2026-08-08T09:13:36Z,Digitizer_run2126_subrun76.csv,40,False,,,5.2,-0.573
2026-08-08T09:13:36Z,Digitizer_run2126_subrun76.csv,41,False,,,4.2,-0.5488
2026-08-08T09:13:36Z,Digitizer_run2126_subrun76.csv,42,False,,,3.8,-0.5775
2026-08-08T09:13:36Z,Digitizer_run2126_subrun76.csv,43,True,statistical,pulseHeight_max_median,8.68,-0.6057
2026-08-08T09:13:36Z,Digitizer_run2126_subrun76.csv,44,False,,,3.49,-0.5192
2026-08-08T09:13:36Z,Digitizer_run2126_subrun76.csv,45,False,,,4.05,-0.5274
2026-08-08T09:13:36Z,Digitizer_run2126_subrun76.csv,46,False,,,2.92,-0.4332
2026-08-08T09:13:36Z,Digitizer_run2126_subrun76.csv,47,False,,,2.1,-0.4091
2026-08-08T09:13:36Z,Digitizer_run2126_subrun76.csv,48,False,,,6.4,-0.6081
2026-08-08T09:13:36Z,Digitizer_run2126_subrun76.csv,49,False,,,6.92,-0.5953
2026-08-08T09:13:36Z,Digitizer_run2126_subrun76.csv,50,False,,,3.86,-0.5285
2026-08-08T09:13:36Z,Digitizer_run2126_subrun76.csv,51,False,,,7.11,-0.6047
2026-08-08T09:13:36Z,Digitizer_run2126_subrun76.csv,52,False,,,6.44,-0.599
2026-08-08T09:13:36Z,Digitizer_run2126_subrun76.csv,53,False,,,4.67,-0.5129
2026-08-08T09:13:36Z,Digitizer_run2126_subrun76.csv,54,True,statistical+IF,pulseHeight_max_median;pulseArea_max_mean;pulseArea_max_median;pulseDuriation_min_median,11.96,-0.6582
2026-08-08T09:13:36Z,Digitizer_run2126_subrun76.csv,55,False,,,6.6,-0.6007
2026-08-08T09:13:36Z,Digitizer_run2126_subrun76.csv,56,False,,,6.58,-0.5356
2026-08-08T09:13:36Z,Digitizer_run2126_subrun76.csv,57,False,,,4.75,-0.4932
2026-08-08T09:13:36Z,Digitizer_run2126_subrun76.csv,58,False,,,5.91,-0.4534
2026-08-08T09:13:36Z,Digitizer_run2126_subrun76.csv,59,False,,,6.12,-0.4784
2026-08-08T09:13:36Z,Digitizer_run2126_subrun76.csv,60,False,,,5.05,-0.6022
2026-08-08T09:13:36Z,Digitizer_run2126_subrun76.csv,61,True,statistical,pulseArea_min_median,9.71,-0.6232
2026-08-08T09:13:36Z,Digitizer_run2126_subrun76.csv,62,True,statistical,pulseArea_min_median;pulseDuriation_min_median,12.63,-0.6108
2026-08-08T09:13:36Z,Digitizer_run2126_subrun76.csv,63,False,,,6.48,-0.4969
2026-08-08T09:13:36Z,Digitizer_run2126_subrun76.csv,64,False,,,3.9,-0.4829
2026-08-08T09:13:36Z,Digitizer_run2126_subrun76.csv,65,False,,,2.83,-0.477
2026-08-08T09:13:36Z,Digitizer_run2126_subrun76.csv,66,True,statistical,nPulses_median,21.11,-0.6227
2026-08-08T09:13:36Z,Digitizer_run2126_subrun76.csv,67,False,,,7.79,-0.6253
2026-08-08T09:13:36Z,Digitizer_run2126_subrun76.csv,68,False,,,7.34,-0.6232
2026-08-08T09:13:36Z,Digitizer_run2126_subrun76.csv,69,False,,,3.98,-0.475
2026-08-08T09:13:36Z,Digitizer_run2126_subrun76.csv,70,False,,,2.18,-0.4291
2026-08-08T09:13:36Z,Digitizer_run2126_subrun76.csv,71,False,,,4.24,-0.5081
2026-08-08T09:13:36Z,Digitizer_run2126_subrun76.csv,72,False,,,3.37,-0.5353
2026-08-08T09:13:36Z,Digitizer_run2126_subrun76.csv,73,False,,,3.82,-0.5029
2026-08-08T09:13:36Z,Digitizer_run2126_subrun76.csv,74,False,,,1.7,-0.4392
2026-08-08T09:13:36Z,Digitizer_run2126_subrun76.csv,75,False,,,2.79,-0.4878
2026-08-08T09:13:36Z,Digitizer_run2126_subrun76.csv,76,False,,,2.48,-0.4251
2026-08-08T09:13:36Z,Digitizer_run2126_subrun76.csv,77,False,,,3.47,-0.5005
2026-08-08T09:13:36Z,Digitizer_run2126_subrun76.csv,78,False,,,4.76,-0.5787
2026-08-08T09:13:36Z,Digitizer_run2126_subrun76.csv,79,False,,,2.3,-0.4537
2026-08-08T09:13:36Z,Digitizer_run2126_subrun76.csv,80,False,,,5.05,-0.4502
2026-08-08T09:13:36Z,Digitizer_run2126_subrun76.csv,81,False,,,4.5,-0.5763
2026-08-08T09:13:36Z,Digitizer_run2126_subrun76.csv,82,False,,,7.27,-0.5595
2026-08-08T09:13:36Z,Digitizer_run2126_subrun76.csv,83,False,,,4.19,-0.4886
2026-08-08T09:13:36Z,Digitizer_run2126_subrun76.csv,84,True,statistical,pulseArea_max_median,8.02,-0.6353
2026-08-08T09:13:36Z,Digitizer_run2126_subrun76.csv,85,False,,,7.35,-0.5626
2026-08-08T09:13:36Z,Digitizer_run2126_subrun76.csv,86,False,,,4.83,-0.5124
2026-08-08T09:13:36Z,Digitizer_run2126_subrun76.csv,87,False,,,5.32,-0.4954
2026-08-08T09:13:36Z,Digitizer_run2126_subrun76.csv,88,False,,,7.55,-0.5706
2026-08-08T09:13:36Z,Digitizer_run2126_subrun76.csv,89,True,statistical,nPulses_median;pulseHeight_max_median,11.88,-0.6109
2026-08-08T09:13:36Z,Digitizer_run2126_subrun76.csv,90,False,,,3.25,-0.4561
2026-08-08T09:13:36Z,Digitizer_run2126_subrun76.csv,91,False,,,3.04,-0.4325
2026-08-08T09:13:36Z,Digitizer_run2126_subrun76.csv,92,False,,,4.4,-0.5888
2026-08-08T09:13:36Z,Digitizer_run2126_subrun76.csv,93,False,,,2.78,-0.5424
2026-08-08T09:13:36Z,Digitizer_run2126_subrun76.csv,94,False,,,2.68,-0.4396
2026-08-08T09:13:36Z,Digitizer_run2126_subrun76.csv,95,False,,,2.35,-0.4366
2026-08-08T09:13:39Z,Digitizer_run2126_subrun77.csv,0,False,,,7.68,-0.6338
2026-08-08T09:13:39Z,Digitizer_run2126_subrun77.csv,1,False,,,5.8,-0.6279
2026-08-08T09:13:39Z,Digitizer_run2126_subrun77.csv,2,True,statistical,pulseArea_max_median,10.08,-0.6054
2026-08-08T09:13:39Z,Digitizer_run2126_subrun77.csv,3,True,statistical,pulseHeight_min_median;pulseArea_max_median,10.36,-0.6212
2026-08-08T09:13:39Z,Digitizer_run2126_subrun77.csv,4,False,,,1.84,-0.4142
2026-08-08T09:13:39Z,Digitizer_run2126_subrun77.csv,5,False,,,4.57,-0.506
2026-08-08T09:13:39Z,Digitizer_run2126_subrun77.csv,6,False,,,3.82,-0.5881
2026-08-08T09:13:39Z,Digitizer_run2126_subrun77.csv,7,False,,,2.14,-0.4828
2026-08-08T09:13:39Z,Digitizer_run2126_subrun77.csv,8,False,,,4.68,-0.5455
2026-08-08T09:13:39Z,Digitizer_run2126_subrun77.csv,9,True,statistical,nPulses_median,9.32,-0.6053
2026-08-08T09:13:39Z,Digitizer_run2126_subrun77.csv,10,False,,,6.55,-0.5856
2026-08-08T09:13:39Z,Digitizer_run2126_subrun77.csv,11,False,,,3.08,-0.4918
2026-08-08T09:13:39Z,Digitizer_run2126_subrun77.csv,12,False,,,3.36,-0.5337
2026-08-08T09:13:39Z,Digitizer_run2126_subrun77.csv,13,False,,,4.0,-0.5397
2026-08-08T09:13:39Z,Digitizer_run2126_subrun77.csv,14,True,isolation_forest,,7.44,-0.65
2026-08-08T09:13:39Z,Digitizer_run2126_subrun77.csv,15,False,,,4.54,-0.5679
2026-08-08T09:13:39Z,Digitizer_run2126_subrun77.csv,16,True,statistical,pulseDuriation_min_mean,8.63,-0.59
2026-08-08T09:13:39Z,Digitizer_run2126_subrun77.csv,17,True,statistical,pulseDuriation_max_mean;pulseDuriation_min_mean,12.29,-0.5935
2026-08-08T09:13:39Z,Digitizer_run2126_subrun77.csv,18,False,,,3.74,-0.4919
2026-08-08T09:13:39Z,Digitizer_run2126_subrun77.csv,19,False,,,3.01,-0.5057
2026-08-08T09:13:39Z,Digitizer_run2126_subrun77.csv,20,False,,,4.09,-0.5041
2026-08-08T09:13:39Z,Digitizer_run2126_subrun77.csv,21,False,,,2.6,-0.4866
2026-08-08T09:13:39Z,Digitizer_run2126_subrun77.csv,22,False,,,7.85,-0.5792
2026-08-08T09:13:39Z,Digitizer_run2126_subrun77.csv,23,False,,,7.58,-0.5155
2026-08-08T09:13:39Z,Digitizer_run2126_subrun77.csv,24,False,,,4.55,-0.5763
2026-08-08T09:13:39Z,Digitizer_run2126_subrun77.csv,25,False,,,3.54,-0.4891
2026-08-08T09:13:39Z,Digitizer_run2126_subrun77.csv,26,False,,,2.54,-0.5145
2026-08-08T09:13:39Z,Digitizer_run2126_subrun77.csv,27,False,,,2.12,-0.4786
2026-08-08T09:13:39Z,Digitizer_run2126_subrun77.csv,28,False,,,2.31,-0.4714
2026-08-08T09:13:39Z,Digitizer_run2126_subrun77.csv,29,False,,,2.69,-0.5276
2026-08-08T09:13:39Z,Digitizer_run2126_subrun77.csv,30,False,,,2.47,-0.4627
2026-08-08T09:13:39Z,Digitizer_run2126_subrun77.csv,31,False,,,2.64,-0.446
2026-08-08T09:13:39Z,Digitizer_run2126_subrun77.csv,32,False,,,7.14,-0.5442
2026-08-08T09:13:39Z,Digitizer_run2126_subrun77.csv,33,False,,,3.64,-0.5229
2026-08-08T09:13:39Z,Digitizer_run2126_subrun77.csv,34,True,statistical+IF,pulseHeight_max_median;pulseArea_max_mean;pulseArea_max_median;pulseArea_min_mean,15.76,-0.6679
2026-08-08T09:13:39Z,Digitizer_run2126_subrun77.csv,35,False,,,5.71,-0.5317
2026-08-08T09:13:39Z,Digitizer_run2126_subrun77.csv,36,False,,,3.13,-0.5308
2026-08-08T09:13:39Z,Digitizer_run2126_subrun77.csv,37,False,,,2.91,-0.4738
2026-08-08T09:13:39Z,Digitizer_run2126_subrun77.csv,38,False,,,1.9,-0.3987
2026-08-08T09:13:39Z,Digitizer_run2126_subrun77.csv,39,False,,,2.78,-0.4545
2026-08-08T09:13:39Z,Digitizer_run2126_subrun77.csv,40,False,,,4.17,-0.5106
2026-08-08T09:13:39Z,Digitizer_run2126_subrun77.csv,41,True,statistical,pulseArea_min_median,10.82,-0.6045
2026-08-08T09:13:39Z,Digitizer_run2126_subrun77.csv,42,False,,,4.58,-0.5232
2026-08-08T09:13:39Z,Digitizer_run2126_subrun77.csv,43,False,,,3.88,-0.5423
2026-08-08T09:13:39Z,Digitizer_run2126_subrun77.csv,44,False,,,2.5,-0.4624
2026-08-08T09:13:39Z,Digitizer_run2126_subrun77.csv,45,False,,,2.76,-0.4703
2026-08-08T09:13:39Z,Digitizer_run2126_subrun77.csv,46,False,,,4.49,-0.4583
2026-08-08T09:13:39Z,Digitizer_run2126_subrun77.csv,47,False,,,4.0,-0.5401
2026-08-08T09:13:39Z,Digitizer_run2126_subrun77.csv,48,True,statistical,nPulses_median,20.29,-0.5885
2026-08-08T09:13:39Z,Digitizer_run2126_subrun77.csv,49,False,,,4.39,-0.563
2026-08-08T09:13:39Z,Digitizer_run2126_subrun77.csv,50,True,statistical,pulseArea_max_mean,8.84,-0.613
2026-08-08T09:13:39Z,Digitizer_run2126_subrun77.csv,51,True,statistical,pulseHeight_max_median;pulseArea_max_mean;pulseArea_max_median,10.04,-0.5976
2026-08-08T09:13:39Z,Digitizer_run2126_subrun77.csv,52,False,,,6.38,-0.5679
2026-08-08T09:13:39Z,Digitizer_run2126_subrun77.csv,53,False,,,2.01,-0.4222
2026-08-08T09:13:39Z,Digitizer_run2126_subrun77.csv,54,True,statistical,pulseArea_min_median;pulseDuriation_min_median,9.81,-0.6317
2026-08-08T09:13:39Z,Digitizer_run2126_subrun77.csv,55,True,statistical,nPulses_median,47.63,-0.5908
2026-08-08T09:13:39Z,Digitizer_run2126_subrun77.csv,56,False,,,6.14,-0.516
2026-08-08T09:13:39Z,Digitizer_run2126_subrun77.csv,57,False,,,4.54,-0.4891
2026-08-08T09:13:39Z,Digitizer_run2126_subrun77.csv,58,False,,,6.19,-0.6331
2026-08-08T09:13:39Z,Digitizer_run2126_subrun77.csv,59,False,,,5.57,-0.5808
2026-08-08T09:13:39Z,Digitizer_run2126_subrun77.csv,60,False,,,3.9,-0.5095
2026-08-08T09:13:39Z,Digitizer_run2126_subrun77.csv,61,False,,,4.24,-0.5147
2026-08-08T09:13:39Z,Digitizer_run2126_subrun77.csv,62,False,,,4.96,-0.4856
2026-08-08T09:13:39Z,Digitizer_run2126_subrun77.csv,63,False,,,2.96,-0.4625
2026-08-08T09:13:39Z,Digitizer_run2126_subrun77.csv,64,False,,,2.81,-0.5338
2026-08-08T09:13:39Z,Digitizer_run2126_subrun77.csv,65,False,,,2.4,-0.4396
2026-08-08T09:13:39Z,Digitizer_run2126_subrun77.csv,66,False,,,6.42,-0.5877
2026-08-08T09:13:39Z,Digitizer_run2126_subrun77.csv,67,False,,,5.54,-0.5745
2026-08-08T09:13:39Z,Digitizer_run2126_subrun77.csv,68,False,,,2.53,-0.4646
2026-08-08T09:13:39Z,Digitizer_run2126_subrun77.csv,69,True,statistical,nPulses_median,500000.0,-0.4761
2026-08-08T09:13:39Z,Digitizer_run2126_subrun77.csv,70,True,statistical+IF,pulseHeight_min_median;pulseArea_min_mean;pulseArea_min_median,10.47,-0.6834
2026-08-08T09:13:39Z,Digitizer_run2126_subrun77.csv,71,False,,,3.58,-0.5234
2026-08-08T09:13:39Z,Digitizer_run2126_subrun77.csv,72,True,statistical,pulseArea_min_mean,8.58,-0.5792
2026-08-08T09:13:39Z,Digitizer_run2126_subrun77.csv,73,True,statistical+IF,pulseHeight_min_median;pulseArea_min_mean;pulseArea_min_median,9.73,-0.6413
2026-08-08T09:13:39Z,Digitizer_run2126_subrun77.csv,74,False,,,3.9,-0.4836
2026-08-08T09:13:39Z,Digitizer_run2126_subrun77.csv,75,True,statistical,nPulses_median,14.73,-0.5805
2026-08-08T09:13:39Z,Digitizer_run2126_subrun77.csv,76,True,statistical,nPulses_median,13.13,-0.5196
2026-08-08T09:13:39Z,Digitizer_run2126_subrun77.csv,77,False,,,2.39,-0.4632
2026-08-08T09:13:39Z,Digitizer_run2126_subrun77.csv,78,False,,,6.4,-0.5435
2026-08-08T09:13:39Z,Digitizer_run2126_subrun77.csv,79,False,,,6.24,-0.5983
2026-08-08T09:13:39Z,Digitizer_run2126_subrun77.csv,80,False,,,3.92,-0.5069
2026-08-08T09:13:39Z,Digitizer_run2126_subrun77.csv,81,False,,,3.23,-0.5286
2026-08-08T09:13:39Z,Digitizer_run2126_subrun77.csv,82,False,,,6.89,-0.6127
2026-08-08T09:13:39Z,Digitizer_run2126_subrun77.csv,83,False,,,7.77,-0.5648
2026-08-08T09:13:39Z,Digitizer_run2126_subrun77.csv,84,True,statistical,pulseHeight_min_median,9.19,-0.5879
2026-08-08T09:13:39Z,Digitizer_run2126_subrun77.csv,85,True,statistical,pulseHeight_min_median;pulseArea_min_median,11.05,-0.5568
2026-08-08T09:13:39Z,Digitizer_run2126_subrun77.csv,86,False,,,4.0,-0.4857
2026-08-08T09:13:39Z,Digitizer_run2126_subrun77.csv,87,False,,,4.07,-0.5433
2026-08-08T09:13:39Z,Digitizer_run2126_subrun77.csv,88,False,,,3.5,-0.5062
2026-08-08T09:13:39Z,Digitizer_run2126_subrun77.csv,89,False,,,2.52,-0.5224
2026-08-08T09:13:39Z,Digitizer_run2126_subrun77.csv,90,False,,,6.34,-0.5992
2026-08-08T09:13:39Z,Digitizer_run2126_subrun77.csv,91,False,,,5.25,-0.4987
2026-08-08T09:13:39Z,Digitizer_run2126_subrun77.csv,92,False,,,3.94,-0.5406
2026-08-08T09:13:39Z,Digitizer_run2126_subrun77.csv,93,False,,,2.8,-0.4974
2026-08-08T09:13:39Z,Digitizer_run2126_subrun77.csv,94,False,,,5.16,-0.4875
2026-08-08T09:13:39Z,Digitizer_run2126_subrun77.csv,95,False,,,3.69,-0.5144
2026-08-08T09:13:43Z,Digitizer_run2126_subrun78.csv,0,False,,,4.29,-0.5406
2026-08-08T09:13:43Z,Digitizer_run2126_subrun78.csv,1,False,,,5.04,-0.5734
2026-08-08T09:13:43Z,Digitizer_run2126_subrun78.csv,2,False,,,6.76,-0.5523
2026-08-08T09:13:43Z,Digitizer_run2126_subrun78.csv,3,False,,,3.59,-0.4963
2026-08-08T09:13:43Z,Digitizer_run2126_subrun78.csv,4,False,,,2.95,-0.4701
2026-08-08T09:13:43Z,Digitizer_run2126_subrun78.csv,5,False,,,2.98,-0.5045
2026-08-08T09:13:43Z,Digitizer_run2126_subrun78.csv,6,False,,,2.95,-0.5265
2026-08-08T09:13:43Z,Digitizer_run2126_subrun78.csv,7,False,,,3.34,-0.4931
2026-08-08T09:13:43Z,Digitizer_run2126_subrun78.csv,8,False,,,5.82,-0.5546
2026-08-08T09:13:43Z,Digitizer_run2126_subrun78.csv,9,True,statistical,sideband_mean_median,9.0,-0.5468
2026-08-08T09:13:43Z,Digitizer_run2126_subrun78.csv,10,False,,,2.48,-0.4591
2026-08-08T09:13:43Z,Digitizer_run2126_subrun78.csv,11,False,,,4.55,-0.496
2026-08-08T09:13:43Z,Digitizer_run2126_subrun78.csv,12,False,,,4.55,-0.5258
2026-08-08T09:13:43Z,Digitizer_run2126_subrun78.csv,13,True,statistical,nPulses_median,22.03,-0.5023
2026-08-08T09:13:43Z,Digitizer_run2126_subrun78.csv,14,False,,,3.21,-0.4984
2026-08-08T09:13:43Z,Digitizer_run2126_subrun78.csv,15,True,statistical,nPulses_median,9.82,-0.6034
2026-08-08T09:13:43Z,Digitizer_run2126_subrun78.csv,16,False,,,5.65,-0.5823
2026-08-08T09:13:43Z,Digitizer_run2126_subrun78.csv,17,False,,,5.28,-0.5693
2026-08-08T09:13:43Z,Digitizer_run2126_subrun78.csv,18,False,,,3.72,-0.4868
2026-08-08T09:13:43Z,Digitizer_run2126_subrun78.csv,19,False,,,1.68,-0.4217
2026-08-08T09:13:43Z,Digitizer_run2126_subrun78.csv,20,False,,,3.24,-0.4116
2026-08-08T09:13:43Z,Digitizer_run2126_subrun78.csv,21,False,,,3.75,-0.5203
2026-08-08T09:13:43Z,Digitizer_run2126_subrun78.csv,22,False,,,3.58,-0.5575
2026-08-08T09:13:43Z,Digitizer_run2126_subrun78.csv,23,False,,,2.67,-0.5095
2026-08-08T09:13:43Z,Digitizer_run2126_subrun78.csv,24,False,,,7.05,-0.6159
2026-08-08T09:13:43Z,Digitizer_run2126_subrun78.csv,25,False,,,3.07,-0.5422
2026-08-08T09:13:43Z,Digitizer_run2126_subrun78.csv,26,False,,,5.41,-0.6127
2026-08-08T09:13:43Z,Digitizer_run2126_subrun78.csv,27,False,,,4.01,-0.5651
2026-08-08T09:13:43Z,Digitizer_run2126_subrun78.csv,28,False,,,3.78,-0.5921
2026-08-08T09:13:43Z,Digitizer_run2126_subrun78.csv,29,False,,,5.22,-0.6005
2026-08-08T09:13:43Z,Digitizer_run2126_subrun78.csv,30,False,,,5.53,-0.5198
2026-08-08T09:13:43Z,Digitizer_run2126_subrun78.csv,31,False,,,5.29,-0.5615
2026-08-08T09:13:43Z,Digitizer_run2126_subrun78.csv,32,False,,,6.19,-0.5291
2026-08-08T09:13:43Z,Digitizer_run2126_subrun78.csv,33,False,,,2.25,-0.4414
2026-08-08T09:13:43Z,Digitizer_run2126_subrun78.csv,34,False,,,2.51,-0.5127
2026-08-08T09:13:43Z,Digitizer_run2126_subrun78.csv,35,False,,,4.59,-0.526
2026-08-08T09:13:43Z,Digitizer_run2126_subrun78.csv,36,True,statistical,nPulses_median,14.38,-0.6052
2026-08-08T09:13:43Z,Digitizer_run2126_subrun78.csv,37,False,,,3.63,-0.5301
2026-08-08T09:13:43Z,Digitizer_run2126_subrun78.csv,38,False,,,2.8,-0.4682
2026-08-08T09:13:43Z,Digitizer_run2126_subrun78.csv,39,False,,,4.46,-0.5683
2026-08-08T09:13:43Z,Digitizer_run2126_subrun78.csv,40,True,statistical+IF,pulseArea_max_mean;pulseArea_min_mean,12.98,-0.6462
2026-08-08T09:13:43Z,Digitizer_run2126_subrun78.csv,41,True,statistical+IF,pulseArea_max_mean;pulseArea_min_mean,12.0,-0.6579
2026-08-08T09:13:43Z,Digitizer_run2126_subrun78.csv,42,True,statistical+IF,pulseHeight_min_median;pulseArea_min_mean;pulseArea_min_median;pulseDuriation_min_median,39.68,-0.6713
2026-08-08T09:13:43Z,Digitizer_run2126_subrun78.csv,43,False,,,7.87,-0.6221
2026-08-08T09:13:43Z,Digitizer_run2126_subrun78.csv,44,False,,,5.78,-0.5095
2026-08-08T09:13:43Z,Digitizer_run2126_subrun78.csv,45,False,,,2.51,-0.4684
2026-08-08T09:13:43Z,Digitizer_run2126_subrun78.csv,46,False,,,6.1,-0.5432
2026-08-08T09:13:43Z,Digitizer_run2126_subrun78.csv,47,False,,,7.73,-0.5773
2026-08-08T09:13:43Z,Digitizer_run2126_subrun78.csv,48,False,,,4.59,-0.5528
2026-08-08T09:13:43Z,Digitizer_run2126_subrun78.csv,49,False,,,3.82,-0.5231
2026-08-08T09:13:43Z,Digitizer_run2126_subrun78.csv,50,False,,,5.57,-0.5391
2026-08-08T09:13:43Z,Digitizer_run2126_subrun78.csv,51,False,,,6.09,-0.5844
2026-08-08T09:13:43Z,Digitizer_run2126_subrun78.csv,52,False,,,5.05,-0.5013
2026-08-08T09:13:43Z,Digitizer_run2126_subrun78.csv,53,False,,,5.42,-0.578
2026-08-08T09:13:43Z,Digitizer_run2126_subrun78.csv,54,True,statistical,pulseArea_min_mean;pulseDuriation_min_mean,8.68,-0.6275
2026-08-08T09:13:43Z,Digitizer_run2126_subrun78.csv,55,False,,,5.11,-0.5728
2026-08-08T09:13:43Z,Digitizer_run2126_subrun78.csv,56,False,,,7.07,-0.5822
2026-08-08T09:13:43Z,Digitizer_run2126_subrun78.csv,57,True,statistical+IF,pulseArea_min_mean,9.01,-0.6628
2026-08-08T09:13:43Z,Digitizer_run2126_subrun78.csv,58,True,statistical,sideband_rms_mean,8.15,-0.5533
2026-08-08T09:13:43Z,Digitizer_run2126_subrun78.csv,59,True,statistical,sideband_rms_mean,9.83,-0.5766
2026-08-08T09:13:43Z,Digitizer_run2126_subrun78.csv,60,True,statistical,pulseHeight_max_median,11.49,-0.5997
2026-08-08T09:13:43Z,Digitizer_run2126_subrun78.csv,61,True,statistical,pulseHeight_max_median,8.78,-0.585
2026-08-08T09:13:43Z,Digitizer_run2126_subrun78.csv,62,False,,,5.93,-0.5649
2026-08-08T09:13:43Z,Digitizer_run2126_subrun78.csv,63,False,,,5.8,-0.5796
2026-08-08T09:13:43Z,Digitizer_run2126_subrun78.csv,64,True,statistical,nPulses_median,29.16,-0.564
2026-08-08T09:13:43Z,Digitizer_run2126_subrun78.csv,65,False,,,4.68,-0.5235
2026-08-08T09:13:43Z,Digitizer_run2126_subrun78.csv,66,False,,,6.45,-0.53
2026-08-08T09:13:43Z,Digitizer_run2126_subrun78.csv,67,True,statistical,pulseHeight_max_median,9.04,-0.5882
2026-08-08T09:13:43Z,Digitizer_run2126_subrun78.csv,68,False,,,3.4,-0.4629
2026-08-08T09:13:43Z,Digitizer_run2126_subrun78.csv,69,False,,,3.66,-0.4936
2026-08-08T09:13:43Z,Digitizer_run2126_subrun78.csv,70,False,,,2.63,-0.4313
2026-08-08T09:13:43Z,Digitizer_run2126_subrun78.csv,71,False,,,3.58,-0.5397
2026-08-08T09:13:43Z,Digitizer_run2126_subrun78.csv,72,False,,,5.82,-0.5959
2026-08-08T09:13:43Z,Digitizer_run2126_subrun78.csv,73,True,statistical+IF,pulseHeight_max_median;pulseArea_max_median,17.24,-0.6444
2026-08-08T09:13:43Z,Digitizer_run2126_subrun78.csv,74,False,,,4.44,-0.5918
2026-08-08T09:13:43Z,Digitizer_run2126_subrun78.csv,75,False,,,5.0,-0.5684
2026-08-08T09:13:43Z,Digitizer_run2126_subrun78.csv,76,False,,,4.89,-0.5408
2026-08-08T09:13:43Z,Digitizer_run2126_subrun78.csv,77,True,statistical+IF,pulseArea_min_mean,9.72,-0.6761
2026-08-08T09:13:43Z,Digitizer_run2126_subrun78.csv,78,True,statistical,pulseHeight_max_median,9.72,-0.6331
2026-08-08T09:13:43Z,Digitizer_run2126_subrun78.csv,79,False,,,3.33,-0.4975
2026-08-08T09:13:43Z,Digitizer_run2126_subrun78.csv,80,False,,,4.07,-0.4821
2026-08-08T09:13:43Z,Digitizer_run2126_subrun78.csv,81,True,statistical,nPulses_median,33.67,-0.5463
2026-08-08T09:13:43Z,Digitizer_run2126_subrun78.csv,82,False,,,2.86,-0.475
2026-08-08T09:13:43Z,Digitizer_run2126_subrun78.csv,83,False,,,4.95,-0.5252
2026-08-08T09:13:43Z,Digitizer_run2126_subrun78.csv,84,False,,,6.49,-0.5507
2026-08-08T09:13:43Z,Digitizer_run2126_subrun78.csv,85,False,,,5.21,-0.5535
2026-08-08T09:13:43Z,Digitizer_run2126_subrun78.csv,86,False,,,2.45,-0.4421
2026-08-08T09:13:43Z,Digitizer_run2126_subrun78.csv,87,False,,,1.87,-0.4324
2026-08-08T09:13:43Z,Digitizer_run2126_subrun78.csv,88,False,,,4.16,-0.5714
2026-08-08T09:13:43Z,Digitizer_run2126_subrun78.csv,89,True,statistical,sideband_mean_mean,8.14,-0.5705
2026-08-08T09:13:43Z,Digitizer_run2126_subrun78.csv,90,False,,,3.45,-0.4451
2026-08-08T09:13:43Z,Digitizer_run2126_subrun78.csv,91,False,,,3.95,-0.4407
2026-08-08T09:13:43Z,Digitizer_run2126_subrun78.csv,92,False,,,1.88,-0.4816
2026-08-08T09:13:43Z,Digitizer_run2126_subrun78.csv,93,False,,,3.31,-0.4856
2026-08-08T09:13:43Z,Digitizer_run2126_subrun78.csv,94,True,statistical,pulseHeight_min_median;pulseArea_min_median,9.64,-0.5863
2026-08-08T09:13:43Z,Digitizer_run2126_subrun78.csv,95,True,statistical,pulseHeight_min_median;pulseArea_min_median,9.77,-0.6084
2026-08-08T09:13:46Z,Digitizer_run2126_subrun79.csv,0,True,statistical,pulseHeight_max_std,8.13,-0.6269
2026-08-08T09:13:46Z,Digitizer_run2126_subrun79.csv,1,True,statistical,pulseHeight_max_std,8.76,-0.6153
2026-08-08T09:13:46Z,Digitizer_run2126_subrun79.csv,2,True,statistical,nPulses_std;nPulses_median,10.8,-0.5626
2026-08-08T09:13:46Z,Digitizer_run2126_subrun79.csv,3,False,,,2.37,-0.4673
2026-08-08T09:13:46Z,Digitizer_run2126_subrun79.csv,4,False,,,5.71,-0.4691
2026-08-08T09:13:46Z,Digitizer_run2126_subrun79.csv,5,False,,,5.68,-0.5661
2026-08-08T09:13:46Z,Digitizer_run2126_subrun79.csv,6,False,,,4.63,-0.582
2026-08-08T09:13:46Z,Digitizer_run2126_subrun79.csv,7,False,,,3.25,-0.5256
2026-08-08T09:13:46Z,Digitizer_run2126_subrun79.csv,8,False,,,2.3,-0.5156
2026-08-08T09:13:46Z,Digitizer_run2126_subrun79.csv,9,False,,,2.12,-0.4575
2026-08-08T09:13:46Z,Digitizer_run2126_subrun79.csv,10,False,,,2.06,-0.4357
2026-08-08T09:13:46Z,Digitizer_run2126_subrun79.csv,11,False,,,2.72,-0.4661
2026-08-08T09:13:46Z,Digitizer_run2126_subrun79.csv,12,False,,,7.05,-0.6195
2026-08-08T09:13:46Z,Digitizer_run2126_subrun79.csv,13,True,statistical,nPulses_median,22.03,-0.6024
2026-08-08T09:13:46Z,Digitizer_run2126_subrun79.csv,14,False,,,3.25,-0.5567
2026-08-08T09:13:46Z,Digitizer_run2126_subrun79.csv,15,False,,,5.12,-0.5604
2026-08-08T09:13:46Z,Digitizer_run2126_subrun79.csv,16,False,,,3.23,-0.5365
2026-08-08T09:13:46Z,Digitizer_run2126_subrun79.csv,17,False,,,4.52,-0.538
2026-08-08T09:13:46Z,Digitizer_run2126_subrun79.csv,18,False,,,4.14,-0.5088
2026-08-08T09:13:46Z,Digitizer_run2126_subrun79.csv,19,False,,,6.6,-0.5433
2026-08-08T09:13:46Z,Digitizer_run2126_subrun79.csv,20,False,,,2.9,-0.5214
2026-08-08T09:13:46Z,Digitizer_run2126_subrun79.csv,21,False,,,3.51,-0.5076
2026-08-08T09:13:46Z,Digitizer_run2126_subrun79.csv,22,False,,,2.57,-0.4879
2026-08-08T09:13:46Z,Digitizer_run2126_subrun79.csv,23,False,,,3.46,-0.4657
2026-08-08T09:13:46Z,Digitizer_run2126_subrun79.csv,24,False,,,3.65,-0.5555
2026-08-08T09:13:46Z,Digitizer_run2126_subrun79.csv,25,False,,,3.98,-0.5484
2026-08-08T09:13:46Z,Digitizer_run2126_subrun79.csv,26,False,,,5.3,-0.5378
2026-08-08T09:13:46Z,Digitizer_run2126_subrun79.csv,27,False,,,4.33,-0.5614
2026-08-08T09:13:46Z,Digitizer_run2126_subrun79.csv,28,False,,,4.38,-0.5801
2026-08-08T09:13:46Z,Digitizer_run2126_subrun79.csv,29,False,,,4.24,-0.567
2026-08-08T09:13:46Z,Digitizer_run2126_subrun79.csv,30,False,,,6.04,-0.5124
2026-08-08T09:13:46Z,Digitizer_run2126_subrun79.csv,31,False,,,5.15,-0.5603
2026-08-08T09:13:46Z,Digitizer_run2126_subrun79.csv,32,False,,,3.33,-0.4723
2026-08-08T09:13:46Z,Digitizer_run2126_subrun79.csv,33,False,,,2.76,-0.4547
2026-08-08T09:13:46Z,Digitizer_run2126_subrun79.csv,34,False,,,4.32,-0.4959
2026-08-08T09:13:46Z,Digitizer_run2126_subrun79.csv,35,False,,,2.22,-0.4376
2026-08-08T09:13:46Z,Digitizer_run2126_subrun79.csv,36,False,,,7.46,-0.5965
2026-08-08T09:13:46Z,Digitizer_run2126_subrun79.csv,37,False,,,5.72,-0.6234
2026-08-08T09:13:46Z,Digitizer_run2126_subrun79.csv,38,False,,,5.12,-0.5525
2026-08-08T09:13:46Z,Digitizer_run2126_subrun79.csv,39,False,,,6.95,-0.6151
2026-08-08T09:13:46Z,Digitizer_run2126_subrun79.csv,40,True,statistical,pulseHeight_max_median;pulseArea_max_median,9.53,-0.5836
2026-08-08T09:13:46Z,Digitizer_run2126_subrun79.csv,41,True,statistical,pulseHeight_max_median;pulseArea_max_median,9.58,-0.5999
2026-08-08T09:13:46Z,Digitizer_run2126_subrun79.csv,42,False,,,7.64,-0.5299
2026-08-08T09:13:46Z,Digitizer_run2126_subrun79.csv,43,False,,,4.44,-0.4955
2026-08-08T09:13:46Z,Digitizer_run2126_subrun79.csv,44,False,,,4.86,-0.5034
2026-08-08T09:13:46Z,Digitizer_run2126_subrun79.csv,45,False,,,6.94,-0.5299
2026-08-08T09:13:46Z,Digitizer_run2126_subrun79.csv,46,False,,,4.32,-0.528
2026-08-08T09:13:46Z,Digitizer_run2126_subrun79.csv,47,False,,,6.61,-0.5102
2026-08-08T09:13:46Z,Digitizer_run2126_subrun79.csv,48,False,,,4.55,-0.5572
2026-08-08T09:13:46Z,Digitizer_run2126_subrun79.csv,49,False,,,3.35,-0.5166
2026-08-08T09:13:46Z,Digitizer_run2126_subrun79.csv,50,False,,,6.04,-0.5442
2026-08-08T09:13:46Z,Digitizer_run2126_subrun79.csv,51,False,,,6.63,-0.5732
2026-08-08T09:13:46Z,Digitizer_run2126_subrun79.csv,52,True,statistical,pulseDuriation_min_mean,8.8,-0.6272
2026-08-08T09:13:46Z,Digitizer_run2126_subrun79.csv,53,False,,,6.95,-0.5682
2026-08-08T09:13:46Z,Digitizer_run2126_subrun79.csv,54,False,,,4.7,-0.5569
2026-08-08T09:13:46Z,Digitizer_run2126_subrun79.csv,55,False,,,3.17,-0.4872
2026-08-08T09:13:46Z,Digitizer_run2126_subrun79.csv,56,False,,,5.9,-0.5429
2026-08-08T09:13:46Z,Digitizer_run2126_subrun79.csv,57,False,,,5.28,-0.5411
2026-08-08T09:13:46Z,Digitizer_run2126_subrun79.csv,58,False,,,4.28,-0.4791
2026-08-08T09:13:46Z,Digitizer_run2126_subrun79.csv,59,False,,,4.92,-0.5086
2026-08-08T09:13:46Z,Digitizer_run2126_subrun79.csv,60,False,,,3.64,-0.5466
2026-08-08T09:13:46Z,Digitizer_run2126_subrun79.csv,61,False,,,4.4,-0.6223
2026-08-08T09:13:46Z,Digitizer_run2126_subrun79.csv,62,False,,,4.24,-0.4741
2026-08-08T09:13:46Z,Digitizer_run2126_subrun79.csv,63,False,,,2.98,-0.4948
2026-08-08T09:13:46Z,Digitizer_run2126_subrun79.csv,64,False,,,4.07,-0.5148
2026-08-08T09:13:46Z,Digitizer_run2126_subrun79.csv,65,True,statistical,nPulses_median,13.09,-0.5276
2026-08-08T09:13:46Z,Digitizer_run2126_subrun79.csv,66,True,statistical,pulseHeight_min_median;pulseArea_min_median,13.28,-0.5984
2026-08-08T09:13:46Z,Digitizer_run2126_subrun79.csv,67,False,,,4.17,-0.5327
2026-08-08T09:13:46Z,Digitizer_run2126_subrun79.csv,68,False,,,5.01,-0.6107
2026-08-08T09:13:46Z,Digitizer_run2126_subrun79.csv,69,True,statistical,nPulses_median,1000000.0,-0.5921
2026-08-08T09:13:46Z,Digitizer_run2126_subrun79.csv,70,False,,,3.65,-0.4953
2026-08-08T09:13:46Z,Digitizer_run2126_subrun79.csv,71,False,,,3.58,-0.5341
2026-08-08T09:13:46Z,Digitizer_run2126_subrun79.csv,72,False,,,6.15,-0.5691
2026-08-08T09:13:46Z,Digitizer_run2126_subrun79.csv,73,False,,,4.24,-0.4796
2026-08-08T09:13:46Z,Digitizer_run2126_subrun79.csv,74,False,,,4.37,-0.5128
2026-08-08T09:13:46Z,Digitizer_run2126_subrun79.csv,75,False,,,3.05,-0.4853
2026-08-08T09:13:46Z,Digitizer_run2126_subrun79.csv,76,False,,,5.74,-0.6114
2026-08-08T09:13:46Z,Digitizer_run2126_subrun79.csv,77,False,,,7.48,-0.63
2026-08-08T09:13:46Z,Digitizer_run2126_subrun79.csv,78,True,statistical,pulseHeight_min_median;pulseArea_min_median,12.09,-0.6308
2026-08-08T09:13:46Z,Digitizer_run2126_subrun79.csv,79,False,,,4.69,-0.4912
2026-08-08T09:13:46Z,Digitizer_run2126_subrun79.csv,80,False,,,3.97,-0.4473
2026-08-08T09:13:46Z,Digitizer_run2126_subrun79.csv,81,True,statistical,pulseHeight_min_median,9.21,-0.5953
2026-08-08T09:13:46Z,Digitizer_run2126_subrun79.csv,82,False,,,2.45,-0.4101
2026-08-08T09:13:46Z,Digitizer_run2126_subrun79.csv,83,False,,,7.17,-0.5737
2026-08-08T09:13:46Z,Digitizer_run2126_subrun79.csv,84,False,,,3.27,-0.5476
2026-08-08T09:13:46Z,Digitizer_run2126_subrun79.csv,85,False,,,2.27,-0.4067
2026-08-08T09:13:46Z,Digitizer_run2126_subrun79.csv,86,False,,,4.82,-0.5508
2026-08-08T09:13:46Z,Digitizer_run2126_subrun79.csv,87,False,,,2.85,-0.4649
2026-08-08T09:13:46Z,Digitizer_run2126_subrun79.csv,88,False,,,6.56,-0.5991
2026-08-08T09:13:46Z,Digitizer_run2126_subrun79.csv,89,False,,,7.59,-0.5675
2026-08-08T09:13:46Z,Digitizer_run2126_subrun79.csv,90,False,,,7.09,-0.5438
2026-08-08T09:13:46Z,Digitizer_run2126_subrun79.csv,91,True,statistical,pulseArea_min_median,8.01,-0.5885
2026-08-08T09:13:46Z,Digitizer_run2126_subrun79.csv,92,False,,,2.32,-0.4733
2026-08-08T09:13:46Z,Digitizer_run2126_subrun79.csv,93,False,,,3.29,-0.511
2026-08-08T09:13:46Z,Digitizer_run2126_subrun79.csv,94,False,,,4.25,-0.528
2026-08-08T09:13:46Z,Digitizer_run2126_subrun79.csv,95,False,,,4.89,-0.5406
2026-08-08T09:13:50Z,Digitizer_run2126_subrun80.csv,0,False,,,3.75,-0.5116
2026-08-08T09:13:50Z,Digitizer_run2126_subrun80.csv,1,False,,,6.36,-0.6111
2026-08-08T09:13:50Z,Digitizer_run2126_subrun80.csv,2,False,,,3.51,-0.4875
2026-08-08T09:13:50Z,Digitizer_run2126_subrun80.csv,3,False,,,5.86,-0.5785
2026-08-08T09:13:50Z,Digitizer_run2126_subrun80.csv,4,False,,,2.67,-0.466
2026-08-08T09:13:50Z,Digitizer_run2126_subrun80.csv,5,False,,,2.35,-0.4327
2026-08-08T09:13:50Z,Digitizer_run2126_subrun80.csv,6,False,,,4.22,-0.5923
2026-08-08T09:13:50Z,Digitizer_run2126_subrun80.csv,7,False,,,4.24,-0.518
2026-08-08T09:13:50Z,Digitizer_run2126_subrun80.csv,8,False,,,7.48,-0.5642
2026-08-08T09:13:50Z,Digitizer_run2126_subrun80.csv,9,False,,,3.62,-0.5814
2026-08-08T09:13:50Z,Digitizer_run2126_subrun80.csv,10,False,,,3.14,-0.4474
2026-08-08T09:13:50Z,Digitizer_run2126_subrun80.csv,11,False,,,6.34,-0.5607
2026-08-08T09:13:50Z,Digitizer_run2126_subrun80.csv,12,True,statistical,pulseArea_min_median,8.39,-0.5273
2026-08-08T09:13:50Z,Digitizer_run2126_subrun80.csv,13,False,,,4.0,-0.4773
2026-08-08T09:13:50Z,Digitizer_run2126_subrun80.csv,14,False,,,5.33,-0.5547
2026-08-08T09:13:50Z,Digitizer_run2126_subrun80.csv,15,False,,,7.67,-0.6254
2026-08-08T09:13:50Z,Digitizer_run2126_subrun80.csv,16,False,,,2.54,-0.5007
2026-08-08T09:13:50Z,Digitizer_run2126_subrun80.csv,17,False,,,3.59,-0.5695
2026-08-08T09:13:50Z,Digitizer_run2126_subrun80.csv,18,False,,,3.88,-0.5678
2026-08-08T09:13:50Z,Digitizer_run2126_subrun80.csv,19,False,,,3.63,-0.4611
2026-08-08T09:13:50Z,Digitizer_run2126_subrun80.csv,20,False,,,3.69,-0.553
2026-08-08T09:13:50Z,Digitizer_run2126_subrun80.csv,21,False,,,3.64,-0.5419
2026-08-08T09:13:50Z,Digitizer_run2126_subrun80.csv,22,False,,,3.49,-0.4912
2026-08-08T09:13:50Z,Digitizer_run2126_subrun80.csv,23,False,,,2.18,-0.471
2026-08-08T09:13:50Z,Digitizer_run2126_subrun80.csv,24,False,,,3.47,-0.5396
2026-08-08T09:13:50Z,Digitizer_run2126_subrun80.csv,25,False,,,3.03,-0.4669
2026-08-08T09:13:50Z,Digitizer_run2126_subrun80.csv,26,False,,,2.4,-0.4726
2026-08-08T09:13:50Z,Digitizer_run2126_subrun80.csv,27,False,,,4.01,-0.5122
2026-08-08T09:13:50Z,Digitizer_run2126_subrun80.csv,28,False,,,5.09,-0.5612
2026-08-08T09:13:50Z,Digitizer_run2126_subrun80.csv,29,False,,,3.94,-0.5244
2026-08-08T09:13:50Z,Digitizer_run2126_subrun80.csv,30,False,,,3.72,-0.5369
2026-08-08T09:13:50Z,Digitizer_run2126_subrun80.csv,31,False,,,3.21,-0.4782
2026-08-08T09:13:50Z,Digitizer_run2126_subrun80.csv,32,False,,,2.83,-0.5033
2026-08-08T09:13:50Z,Digitizer_run2126_subrun80.csv,33,False,,,2.98,-0.4684
2026-08-08T09:13:50Z,Digitizer_run2126_subrun80.csv,34,False,,,4.11,-0.521
2026-08-08T09:13:50Z,Digitizer_run2126_subrun80.csv,35,True,statistical,nPulses_std,8.87,-0.5655
2026-08-08T09:13:50Z,Digitizer_run2126_subrun80.csv,36,False,,,4.47,-0.5918
2026-08-08T09:13:50Z,Digitizer_run2126_subrun80.csv,37,False,,,4.45,-0.516
2026-08-08T09:13:50Z,Digitizer_run2126_subrun80.csv,38,True,statistical,nPulses_median,67.36,-0.6135
2026-08-08T09:13:50Z,Digitizer_run2126_subrun80.csv,39,True,statistical+IF,nPulses_median,40.01,-0.6475
2026-08-08T09:13:50Z,Digitizer_run2126_subrun80.csv,40,False,,,2.45,-0.4615
2026-08-08T09:13:50Z,Digitizer_run2126_subrun80.csv,41,False,,,5.31,-0.5627
2026-08-08T09:13:50Z,Digitizer_run2126_subrun80.csv,42,True,statistical+IF,pulseArea_min_mean,9.17,-0.6535
2026-08-08T09:13:50Z,Digitizer_run2126_subrun80.csv,43,True,statistical+IF,nPulses_median;pulseHeight_max_median;pulseArea_max_mean;pulseArea_max_median,22.86,-0.672
2026-08-08T09:13:50Z,Digitizer_run2126_subrun80.csv,44,False,,,4.43,-0.5506
2026-08-08T09:13:50Z,Digitizer_run2126_subrun80.csv,45,False,,,4.07,-0.513
2026-08-08T09:13:50Z,Digitizer_run2126_subrun80.csv,46,False,,,3.48,-0.5302
2026-08-08T09:13:50Z,Digitizer_run2126_subrun80.csv,47,False,,,3.93,-0.5035
2026-08-08T09:13:50Z,Digitizer_run2126_subrun80.csv,48,True,statistical,pulseHeight_min_median;pulseArea_min_median,11.65,-0.6025
2026-08-08T09:13:50Z,Digitizer_run2126_subrun80.csv,49,False,,,2.65,-0.4959
2026-08-08T09:13:50Z,Digitizer_run2126_subrun80.csv,50,True,statistical,nPulses_median,500000.0,-0.59
2026-08-08T09:13:50Z,Digitizer_run2126_subrun80.csv,51,False,,,5.08,-0.4964
2026-08-08T09:13:50Z,Digitizer_run2126_subrun80.csv,52,False,,,4.56,-0.4803
2026-08-08T09:13:50Z,Digitizer_run2126_subrun80.csv,53,False,,,4.67,-0.5275
2026-08-08T09:13:50Z,Digitizer_run2126_subrun80.csv,54,True,statistical,pulseArea_max_median;pulseDuriation_min_median,10.98,-0.5934
2026-08-08T09:13:50Z,Digitizer_run2126_subrun80.csv,55,False,,,3.65,-0.48
2026-08-08T09:13:50Z,Digitizer_run2126_subrun80.csv,56,False,,,5.55,-0.6327
2026-08-08T09:13:50Z,Digitizer_run2126_subrun80.csv,57,False,,,4.28,-0.4959
2026-08-08T09:13:50Z,Digitizer_run2126_subrun80.csv,58,False,,,5.91,-0.5356
2026-08-08T09:13:50Z,Digitizer_run2126_subrun80.csv,59,False,,,5.71,-0.5673
2026-08-08T09:13:50Z,Digitizer_run2126_subrun80.csv,60,False,,,6.37,-0.6121
2026-08-08T09:13:50Z,Digitizer_run2126_subrun80.csv,61,True,statistical,pulseArea_min_median,8.03,-0.5974
2026-08-08T09:13:50Z,Digitizer_run2126_subrun80.csv,62,False,,,5.1,-0.5108
2026-08-08T09:13:50Z,Digitizer_run2126_subrun80.csv,63,False,,,3.17,-0.4192
2026-08-08T09:13:50Z,Digitizer_run2126_subrun80.csv,64,True,statistical,nPulses_median,29.16,-0.5961
2026-08-08T09:13:50Z,Digitizer_run2126_subrun80.csv,65,False,,,4.5,-0.5183
2026-08-08T09:13:50Z,Digitizer_run2126_subrun80.csv,66,True,statistical+IF,pulseHeight_min_median;pulseArea_min_median,12.79,-0.6589
2026-08-08T09:13:50Z,Digitizer_run2126_subrun80.csv,67,False,,,4.66,-0.5935
2026-08-08T09:13:50Z,Digitizer_run2126_subrun80.csv,68,False,,,3.38,-0.5226
2026-08-08T09:13:50Z,Digitizer_run2126_subrun80.csv,69,False,,,2.29,-0.4247
2026-08-08T09:13:50Z,Digitizer_run2126_subrun80.csv,70,False,,,3.88,-0.5766
2026-08-08T09:13:50Z,Digitizer_run2126_subrun80.csv,71,False,,,3.79,-0.5468
2026-08-08T09:13:50Z,Digitizer_run2126_subrun80.csv,72,False,,,3.94,-0.5024
2026-08-08T09:13:50Z,Digitizer_run2126_subrun80.csv,73,False,,,5.64,-0.455
2026-08-08T09:13:50Z,Digitizer_run2126_subrun80.csv,74,False,,,3.99,-0.4813
2026-08-08T09:13:50Z,Digitizer_run2126_subrun80.csv,75,False,,,2.79,-0.4954
2026-08-08T09:13:50Z,Digitizer_run2126_subrun80.csv,76,False,,,3.06,-0.4869
2026-08-08T09:13:50Z,Digitizer_run2126_subrun80.csv,77,True,statistical+IF,pulseArea_max_median,8.16,-0.6502
2026-08-08T09:13:50Z,Digitizer_run2126_subrun80.csv,78,False,,,4.76,-0.4721
2026-08-08T09:13:50Z,Digitizer_run2126_subrun80.csv,79,False,,,2.39,-0.4741
2026-08-08T09:13:50Z,Digitizer_run2126_subrun80.csv,80,False,,,4.63,-0.5433
2026-08-08T09:13:50Z,Digitizer_run2126_subrun80.csv,81,False,,,6.35,-0.5608
2026-08-08T09:13:50Z,Digitizer_run2126_subrun80.csv,82,False,,,2.95,-0.4802
2026-08-08T09:13:50Z,Digitizer_run2126_subrun80.csv,83,False,,,5.24,-0.5061
2026-08-08T09:13:50Z,Digitizer_run2126_subrun80.csv,84,False,,,3.45,-0.5013
2026-08-08T09:13:50Z,Digitizer_run2126_subrun80.csv,85,False,,,3.77,-0.5144
2026-08-08T09:13:50Z,Digitizer_run2126_subrun80.csv,86,False,,,4.55,-0.4936
2026-08-08T09:13:50Z,Digitizer_run2126_subrun80.csv,87,False,,,1.51,-0.4008
2026-08-08T09:13:50Z,Digitizer_run2126_subrun80.csv,88,False,,,2.93,-0.5423
2026-08-08T09:13:50Z,Digitizer_run2126_subrun80.csv,89,False,,,2.72,-0.4726
2026-08-08T09:13:50Z,Digitizer_run2126_subrun80.csv,90,False,,,3.56,-0.511
2026-08-08T09:13:50Z,Digitizer_run2126_subrun80.csv,91,False,,,5.07,-0.5561
2026-08-08T09:13:50Z,Digitizer_run2126_subrun80.csv,92,True,statistical,pulseArea_min_median,11.93,-0.6094
2026-08-08T09:13:50Z,Digitizer_run2126_subrun80.csv,93,False,,,2.72,-0.4656
2026-08-08T09:13:50Z,Digitizer_run2126_subrun80.csv,94,False,,,2.6,-0.4784
2026-08-08T09:13:50Z,Digitizer_run2126_subrun80.csv,95,False,,,5.86,-0.5635
2026-08-08T09:13:53Z,Digitizer_run2126_subrun81.csv,0,True,statistical+IF,pulseArea_min_mean,8.93,-0.6508
2026-08-08T09:13:53Z,Digitizer_run2126_subrun81.csv,1,True,statistical,pulseHeight_min_median,10.48,-0.5933
2026-08-08T09:13:53Z,Digitizer_run2126_subrun81.csv,2,False,,,2.49,-0.5043
2026-08-08T09:13:53Z,Digitizer_run2126_subrun81.csv,3,False,,,3.23,-0.5328
2026-08-08T09:13:53Z,Digitizer_run2126_subrun81.csv,4,False,,,4.28,-0.6098
2026-08-08T09:13:53Z,Digitizer_run2126_subrun81.csv,5,False,,,2.78,-0.5274
2026-08-08T09:13:53Z,Digitizer_run2126_subrun81.csv,6,False,,,5.45,-0.5813
2026-08-08T09:13:53Z,Digitizer_run2126_subrun81.csv,7,True,statistical,nPulses_median,45.76,-0.5317
2026-08-08T09:13:53Z,Digitizer_run2126_subrun81.csv,8,False,,,4.69,-0.5197
2026-08-08T09:13:53Z,Digitizer_run2126_subrun81.csv,9,False,,,4.73,-0.5196
2026-08-08T09:13:53Z,Digitizer_run2126_subrun81.csv,10,True,statistical,pulseHeight_max_median;pulseArea_max_median,10.69,-0.6138
2026-08-08T09:13:53Z,Digitizer_run2126_subrun81.csv,11,False,,,5.91,-0.6151
2026-08-08T09:13:53Z,Digitizer_run2126_subrun81.csv,12,False,,,2.54,-0.5199
2026-08-08T09:13:53Z,Digitizer_run2126_subrun81.csv,13,False,,,3.93,-0.5228
2026-08-08T09:13:53Z,Digitizer_run2126_subrun81.csv,14,False,,,2.46,-0.4889
2026-08-08T09:13:53Z,Digitizer_run2126_subrun81.csv,15,False,,,2.67,-0.5135
2026-08-08T09:13:53Z,Digitizer_run2126_subrun81.csv,16,False,,,4.5,-0.5258
2026-08-08T09:13:53Z,Digitizer_run2126_subrun81.csv,17,False,,,4.11,-0.4956
2026-08-08T09:13:53Z,Digitizer_run2126_subrun81.csv,18,False,,,3.16,-0.4501
2026-08-08T09:13:53Z,Digitizer_run2126_subrun81.csv,19,False,,,3.29,-0.5547
2026-08-08T09:13:53Z,Digitizer_run2126_subrun81.csv,20,False,,,3.44,-0.5831
2026-08-08T09:13:53Z,Digitizer_run2126_subrun81.csv,21,False,,,4.56,-0.5393
2026-08-08T09:13:53Z,Digitizer_run2126_subrun81.csv,22,False,,,2.57,-0.4636
2026-08-08T09:13:53Z,Digitizer_run2126_subrun81.csv,23,False,,,1.64,-0.4059
2026-08-08T09:13:53Z,Digitizer_run2126_subrun81.csv,24,False,,,6.44,-0.5932
2026-08-08T09:13:53Z,Digitizer_run2126_subrun81.csv,25,False,,,4.63,-0.5486
2026-08-08T09:13:53Z,Digitizer_run2126_subrun81.csv,26,False,,,4.25,-0.5401
2026-08-08T09:13:53Z,Digitizer_run2126_subrun81.csv,27,False,,,4.06,-0.5211
2026-08-08T09:13:53Z,Digitizer_run2126_subrun81.csv,28,False,,,2.94,-0.4168
2026-08-08T09:13:53Z,Digitizer_run2126_subrun81.csv,29,False,,,2.27,-0.4491
2026-08-08T09:13:53Z,Digitizer_run2126_subrun81.csv,30,False,,,5.27,-0.5529
2026-08-08T09:13:53Z,Digitizer_run2126_subrun81.csv,31,False,,,3.0,-0.4661
2026-08-08T09:13:53Z,Digitizer_run2126_subrun81.csv,32,False,,,6.24,-0.6105
2026-08-08T09:13:53Z,Digitizer_run2126_subrun81.csv,33,False,,,3.97,-0.5757
2026-08-08T09:13:53Z,Digitizer_run2126_subrun81.csv,34,True,statistical,nPulses_median,29.16,-0.5821
2026-08-08T09:13:53Z,Digitizer_run2126_subrun81.csv,35,False,,,4.64,-0.4931
2026-08-08T09:13:53Z,Digitizer_run2126_subrun81.csv,36,False,,,7.16,-0.6266
2026-08-08T09:13:53Z,Digitizer_run2126_subrun81.csv,37,False,,,5.39,-0.5102
2026-08-08T09:13:53Z,Digitizer_run2126_subrun81.csv,38,False,,,4.99,-0.5577
2026-08-08T09:13:53Z,Digitizer_run2126_subrun81.csv,39,False,,,7.02,-0.5512
2026-08-08T09:13:53Z,Digitizer_run2126_subrun81.csv,40,True,statistical+IF,pulseHeight_min_median;pulseArea_min_median,13.62,-0.6635
2026-08-08T09:13:53Z,Digitizer_run2126_subrun81.csv,41,False,,,5.61,-0.5867
2026-08-08T09:13:53Z,Digitizer_run2126_subrun81.csv,42,False,,,5.92,-0.5402
2026-08-08T09:13:53Z,Digitizer_run2126_subrun81.csv,43,True,statistical,sideband_mean_median;pulseHeight_max_median;pulseArea_max_median,18.83,-0.6183
2026-08-08T09:13:53Z,Digitizer_run2126_subrun81.csv,44,False,,,4.14,-0.5054
2026-08-08T09:13:53Z,Digitizer_run2126_subrun81.csv,45,False,,,6.04,-0.5592
2026-08-08T09:13:53Z,Digitizer_run2126_subrun81.csv,46,False,,,5.15,-0.602
2026-08-08T09:13:53Z,Digitizer_run2126_subrun81.csv,47,False,,,4.8,-0.5787
2026-08-08T09:13:53Z,Digitizer_run2126_subrun81.csv,48,False,,,5.48,-0.5233
2026-08-08T09:13:53Z,Digitizer_run2126_subrun81.csv,49,False,,,4.12,-0.5104
2026-08-08T09:13:53Z,Digitizer_run2126_subrun81.csv,50,False,,,1.9,-0.4211
2026-08-08T09:13:53Z,Digitizer_run2126_subrun81.csv,51,False,,,5.5,-0.467
2026-08-08T09:13:53Z,Digitizer_run2126_subrun81.csv,52,False,,,3.93,-0.5786
2026-08-08T09:13:53Z,Digitizer_run2126_subrun81.csv,53,False,,,5.56,-0.5497
2026-08-08T09:13:53Z,Digitizer_run2126_subrun81.csv,54,False,,,4.01,-0.5078
2026-08-08T09:13:53Z,Digitizer_run2126_subrun81.csv,55,False,,,2.62,-0.4578
2026-08-08T09:13:53Z,Digitizer_run2126_subrun81.csv,56,False,,,7.89,-0.5674
2026-08-08T09:13:53Z,Digitizer_run2126_subrun81.csv,57,False,,,6.47,-0.4897
2026-08-08T09:13:53Z,Digitizer_run2126_subrun81.csv,58,False,,,6.05,-0.6091
2026-08-08T09:13:53Z,Digitizer_run2126_subrun81.csv,59,False,,,6.96,-0.6304
2026-08-08T09:13:53Z,Digitizer_run2126_subrun81.csv,60,False,,,5.13,-0.5534
2026-08-08T09:13:53Z,Digitizer_run2126_subrun81.csv,61,False,,,4.86,-0.4526
2026-08-08T09:13:53Z,Digitizer_run2126_subrun81.csv,62,False,,,5.45,-0.5828
2026-08-08T09:13:53Z,Digitizer_run2126_subrun81.csv,63,False,,,6.56,-0.5999
2026-08-08T09:13:53Z,Digitizer_run2126_subrun81.csv,64,False,,,3.26,-0.4754
2026-08-08T09:13:53Z,Digitizer_run2126_subrun81.csv,65,False,,,4.05,-0.4401
2026-08-08T09:13:53Z,Digitizer_run2126_subrun81.csv,66,False,,,6.77,-0.5347
2026-08-08T09:13:53Z,Digitizer_run2126_subrun81.csv,67,False,,,4.31,-0.543
2026-08-08T09:13:53Z,Digitizer_run2126_subrun81.csv,68,False,,,3.73,-0.5588
2026-08-08T09:13:53Z,Digitizer_run2126_subrun81.csv,69,False,,,3.59,-0.4686
2026-08-08T09:13:53Z,Digitizer_run2126_subrun81.csv,70,True,statistical+IF,sideband_mean_mean,10.53,-0.6661
2026-08-08T09:13:53Z,Digitizer_run2126_subrun81.csv,71,False,,,3.16,-0.5453
2026-08-08T09:13:53Z,Digitizer_run2126_subrun81.csv,72,True,isolation_forest,,5.29,-0.648
2026-08-08T09:13:53Z,Digitizer_run2126_subrun81.csv,73,True,statistical,pulseHeight_max_std,8.13,-0.5885
2026-08-08T09:13:53Z,Digitizer_run2126_subrun81.csv,74,False,,,2.58,-0.467
2026-08-08T09:13:53Z,Digitizer_run2126_subrun81.csv,75,False,,,3.3,-0.5012
2026-08-08T09:13:53Z,Digitizer_run2126_subrun81.csv,76,False,,,4.04,-0.5153
2026-08-08T09:13:53Z,Digitizer_run2126_subrun81.csv,77,False,,,4.6,-0.5127
2026-08-08T09:13:53Z,Digitizer_run2126_subrun81.csv,78,False,,,7.15,-0.6153
2026-08-08T09:13:53Z,Digitizer_run2126_subrun81.csv,79,False,,,4.08,-0.5669
2026-08-08T09:13:53Z,Digitizer_run2126_subrun81.csv,80,False,,,4.84,-0.6026
2026-08-08T09:13:53Z,Digitizer_run2126_subrun81.csv,81,False,,,5.57,-0.5027
2026-08-08T09:13:53Z,Digitizer_run2126_subrun81.csv,82,False,,,2.75,-0.4686
2026-08-08T09:13:53Z,Digitizer_run2126_subrun81.csv,83,True,statistical,nPulses_median,27.88,-0.5846
2026-08-08T09:13:53Z,Digitizer_run2126_subrun81.csv,84,False,,,4.38,-0.541
2026-08-08T09:13:53Z,Digitizer_run2126_subrun81.csv,85,False,,,3.09,-0.4486
2026-08-08T09:13:53Z,Digitizer_run2126_subrun81.csv,86,True,statistical,pulseHeight_min_median,9.77,-0.5428
2026-08-08T09:13:53Z,Digitizer_run2126_subrun81.csv,87,False,,,3.94,-0.495
2026-08-08T09:13:53Z,Digitizer_run2126_subrun81.csv,88,True,statistical,sideband_mean_mean,11.18,-0.5557
2026-08-08T09:13:53Z,Digitizer_run2126_subrun81.csv,89,True,statistical,sideband_mean_mean,9.95,-0.6117
2026-08-08T09:13:53Z,Digitizer_run2126_subrun81.csv,90,False,,,4.82,-0.5878
2026-08-08T09:13:53Z,Digitizer_run2126_subrun81.csv,91,False,,,4.91,-0.6323
2026-08-08T09:13:53Z,Digitizer_run2126_subrun81.csv,92,True,statistical,pulseHeight_min_median,9.08,-0.5865
2026-08-08T09:13:53Z,Digitizer_run2126_subrun81.csv,93,False,,,2.98,-0.5031
2026-08-08T09:13:53Z,Digitizer_run2126_subrun81.csv,94,False,,,5.99,-0.5498
2026-08-08T09:13:53Z,Digitizer_run2126_subrun81.csv,95,False,,,2.65,-0.463
2026-08-08T09:13:56Z,Digitizer_run2126_subrun82.csv,0,False,,,3.1,-0.4554
2026-08-08T09:13:56Z,Digitizer_run2126_subrun82.csv,1,True,statistical,pulseHeight_min_median;pulseArea_min_median,10.46,-0.5545
2026-08-08T09:13:56Z,Digitizer_run2126_subrun82.csv,2,False,,,5.1,-0.5376
2026-08-08T09:13:56Z,Digitizer_run2126_subrun82.csv,3,False,,,5.0,-0.5238
2026-08-08T09:13:56Z,Digitizer_run2126_subrun82.csv,4,False,,,2.24,-0.4253
2026-08-08T09:13:56Z,Digitizer_run2126_subrun82.csv,5,False,,,3.91,-0.4996
2026-08-08T09:13:56Z,Digitizer_run2126_subrun82.csv,6,False,,,6.35,-0.5642
2026-08-08T09:13:56Z,Digitizer_run2126_subrun82.csv,7,False,,,2.85,-0.4813
2026-08-08T09:13:56Z,Digitizer_run2126_subrun82.csv,8,False,,,6.46,-0.6068
2026-08-08T09:13:56Z,Digitizer_run2126_subrun82.csv,9,False,,,3.86,-0.5678
2026-08-08T09:13:56Z,Digitizer_run2126_subrun82.csv,10,True,statistical,nPulses_median,16.81,-0.5941
2026-08-08T09:13:56Z,Digitizer_run2126_subrun82.csv,11,False,,,2.5,-0.4821
2026-08-08T09:13:56Z,Digitizer_run2126_subrun82.csv,12,False,,,2.83,-0.4533
2026-08-08T09:13:56Z,Digitizer_run2126_subrun82.csv,13,False,,,5.37,-0.5055
2026-08-08T09:13:56Z,Digitizer_run2126_subrun82.csv,14,True,statistical+IF,sideband_rms_mean;nPulses_median;pulseHeight_max_median;pulseArea_max_median,17.87,-0.6854
2026-08-08T09:13:56Z,Digitizer_run2126_subrun82.csv,15,True,statistical+IF,nPulses_median,19.7,-0.6814
2026-08-08T09:13:56Z,Digitizer_run2126_subrun82.csv,16,False,,,5.76,-0.5189
2026-08-08T09:13:56Z,Digitizer_run2126_subrun82.csv,17,False,,,3.14,-0.5083
2026-08-08T09:13:56Z,Digitizer_run2126_subrun82.csv,18,False,,,4.19,-0.5066
2026-08-08T09:13:56Z,Digitizer_run2126_subrun82.csv,19,False,,,1.83,-0.4437
2026-08-08T09:13:56Z,Digitizer_run2126_subrun82.csv,20,False,,,2.15,-0.4771
2026-08-08T09:13:56Z,Digitizer_run2126_subrun82.csv,21,False,,,3.7,-0.5306
2026-08-08T09:13:56Z,Digitizer_run2126_subrun82.csv,22,False,,,6.26,-0.5863
2026-08-08T09:13:56Z,Digitizer_run2126_subrun82.csv,23,False,,,7.57,-0.5852
2026-08-08T09:13:56Z,Digitizer_run2126_subrun82.csv,24,False,,,3.25,-0.5372
2026-08-08T09:13:56Z,Digitizer_run2126_subrun82.csv,25,False,,,3.83,-0.547
2026-08-08T09:13:56Z,Digitizer_run2126_subrun82.csv,26,False,,,3.42,-0.5156
2026-08-08T09:13:56Z,Digitizer_run2126_subrun82.csv,27,False,,,4.4,-0.5427
2026-08-08T09:13:56Z,Digitizer_run2126_subrun82.csv,28,False,,,5.43,-0.5605
2026-08-08T09:13:56Z,Digitizer_run2126_subrun82.csv,29,False,,,2.84,-0.5287
2026-08-08T09:13:56Z,Digitizer_run2126_subrun82.csv,30,False,,,4.6,-0.5616
2026-08-08T09:13:56Z,Digitizer_run2126_subrun82.csv,31,False,,,3.44,-0.5409
2026-08-08T09:13:56Z,Digitizer_run2126_subrun82.csv,32,False,,,3.47,-0.4785
2026-08-08T09:13:56Z,Digitizer_run2126_subrun82.csv,33,False,,,2.94,-0.4618
2026-08-08T09:13:56Z,Digitizer_run2126_subrun82.csv,34,False,,,4.93,-0.5655
2026-08-08T09:13:56Z,Digitizer_run2126_subrun82.csv,35,False,,,5.95,-0.5657
2026-08-08T09:13:56Z,Digitizer_run2126_subrun82.csv,36,False,,,6.88,-0.5971
2026-08-08T09:13:56Z,Digitizer_run2126_subrun82.csv,37,False,,,3.46,-0.4522
2026-08-08T09:13:56Z,Digitizer_run2126_subrun82.csv,38,False,,,3.96,-0.5279
2026-08-08T09:13:56Z,Digitizer_run2126_subrun82.csv,39,False,,,3.41,-0.4926
2026-08-08T09:13:56Z,Digitizer_run2126_subrun82.csv,40,True,statistical,sideband_rms_mean,9.67,-0.5549
2026-08-08T09:13:56Z,Digitizer_run2126_subrun82.csv,41,False,,,6.38,-0.6017
2026-08-08T09:13:56Z,Digitizer_run2126_subrun82.csv,42,True,statistical,pulseHeight_min_median;pulseArea_min_median;pulseDuriation_min_median,23.72,-0.6004
2026-08-08T09:13:56Z,Digitizer_run2126_subrun82.csv,43,False,,,6.98,-0.488
2026-08-08T09:13:56Z,Digitizer_run2126_subrun82.csv,44,True,statistical,sideband_rms_mean,16.86,-0.5598
2026-08-08T09:13:56Z,Digitizer_run2126_subrun82.csv,45,True,statistical,sideband_rms_mean,13.56,-0.6163
2026-08-08T09:13:56Z,Digitizer_run2126_subrun82.csv,46,False,,,6.37,-0.5588
2026-08-08T09:13:56Z,Digitizer_run2126_subrun82.csv,47,False,,,3.43,-0.4691
2026-08-08T09:13:56Z,Digitizer_run2126_subrun82.csv,48,False,,,2.54,-0.4732
2026-08-08T09:13:56Z,Digitizer_run2126_subrun82.csv,49,False,,,2.46,-0.5051
2026-08-08T09:13:56Z,Digitizer_run2126_subrun82.csv,50,False,,,4.18,-0.4803
2026-08-08T09:13:56Z,Digitizer_run2126_subrun82.csv,51,False,,,4.49,-0.4937
2026-08-08T09:13:56Z,Digitizer_run2126_subrun82.csv,52,False,,,5.5,-0.5236
2026-08-08T09:13:56Z,Digitizer_run2126_subrun82.csv,53,False,,,4.85,-0.5491
2026-08-08T09:13:56Z,Digitizer_run2126_subrun82.csv,54,False,,,6.21,-0.5867
2026-08-08T09:13:56Z,Digitizer_run2126_subrun82.csv,55,False,,,4.61,-0.5423
2026-08-08T09:13:56Z,Digitizer_run2126_subrun82.csv,56,False,,,5.5,-0.5108
2026-08-08T09:13:56Z,Digitizer_run2126_subrun82.csv,57,False,,,4.36,-0.5629
2026-08-08T09:13:56Z,Digitizer_run2126_subrun82.csv,58,False,,,4.91,-0.5267
2026-08-08T09:13:56Z,Digitizer_run2126_subrun82.csv,59,False,,,6.06,-0.5508
2026-08-08T09:13:56Z,Digitizer_run2126_subrun82.csv,60,True,statistical,pulseHeight_max_mean;pulseHeight_max_median;pulseArea_max_median,17.63,-0.6262
2026-08-08T09:13:56Z,Digitizer_run2126_subrun82.csv,61,False,,,5.79,-0.6038
2026-08-08T09:13:56Z,Digitizer_run2126_subrun82.csv,62,False,,,4.22,-0.4863
2026-08-08T09:13:56Z,Digitizer_run2126_subrun82.csv,63,False,,,4.21,-0.521
2026-08-08T09:13:56Z,Digitizer_run2126_subrun82.csv,64,True,statistical,sideband_rms_mean;sideband_rms_std;nPulses_median,15.63,-0.5972
2026-08-08T09:13:56Z,Digitizer_run2126_subrun82.csv,65,True,statistical,sideband_rms_mean,12.26,-0.5486
2026-08-08T09:13:56Z,Digitizer_run2126_subrun82.csv,66,False,,,3.97,-0.5565
2026-08-08T09:13:56Z,Digitizer_run2126_subrun82.csv,67,False,,,3.74,-0.4946
2026-08-08T09:13:56Z,Digitizer_run2126_subrun82.csv,68,True,isolation_forest,,6.27,-0.6441
2026-08-08T09:13:56Z,Digitizer_run2126_subrun82.csv,69,False,,,4.65,-0.5274
2026-08-08T09:13:56Z,Digitizer_run2126_subrun82.csv,70,False,,,4.09,-0.5022
2026-08-08T09:13:56Z,Digitizer_run2126_subrun82.csv,71,False,,,4.33,-0.5323
2026-08-08T09:13:56Z,Digitizer_run2126_subrun82.csv,72,False,,,3.7,-0.5315
2026-08-08T09:13:56Z,Digitizer_run2126_subrun82.csv,73,False,,,2.16,-0.4285
2026-08-08T09:13:56Z,Digitizer_run2126_subrun82.csv,74,True,statistical,sideband_rms_mean,9.83,-0.6049
2026-08-08T09:13:56Z,Digitizer_run2126_subrun82.csv,75,True,statistical,sideband_rms_mean;pulseHeight_min_median,10.39,-0.6303
2026-08-08T09:13:56Z,Digitizer_run2126_subrun82.csv,76,False,,,5.95,-0.5733
2026-08-08T09:13:56Z,Digitizer_run2126_subrun82.csv,77,False,,,4.34,-0.535
2026-08-08T09:13:56Z,Digitizer_run2126_subrun82.csv,78,True,statistical+IF,sideband_mean_mean,9.61,-0.6816
2026-08-08T09:13:56Z,Digitizer_run2126_subrun82.csv,79,True,statistical+IF,sideband_mean_mean,9.35,-0.6516
2026-08-08T09:13:56Z,Digitizer_run2126_subrun82.csv,80,False,,,3.58,-0.5158
2026-08-08T09:13:56Z,Digitizer_run2126_subrun82.csv,81,False,,,6.0,-0.5577
2026-08-08T09:13:56Z,Digitizer_run2126_subrun82.csv,82,False,,,4.35,-0.5668
2026-08-08T09:13:56Z,Digitizer_run2126_subrun82.csv,83,False,,,3.19,-0.4779
2026-08-08T09:13:56Z,Digitizer_run2126_subrun82.csv,84,True,isolation_forest,,7.92,-0.6429
2026-08-08T09:13:56Z,Digitizer_run2126_subrun82.csv,85,False,,,4.52,-0.5238
2026-08-08T09:13:56Z,Digitizer_run2126_subrun82.csv,86,True,statistical,pulseHeight_min_median,10.75,-0.5886
2026-08-08T09:13:56Z,Digitizer_run2126_subrun82.csv,87,False,,,5.56,-0.5784
2026-08-08T09:13:56Z,Digitizer_run2126_subrun82.csv,88,False,,,5.06,-0.5166
2026-08-08T09:13:56Z,Digitizer_run2126_subrun82.csv,89,True,statistical,nPulses_median,11.88,-0.6111
2026-08-08T09:13:56Z,Digitizer_run2126_subrun82.csv,90,False,,,3.88,-0.5892
2026-08-08T09:13:56Z,Digitizer_run2126_subrun82.csv,91,False,,,4.77,-0.6223
2026-08-08T09:13:56Z,Digitizer_run2126_subrun82.csv,92,False,,,7.37,-0.552
2026-08-08T09:13:56Z,Digitizer_run2126_subrun82.csv,93,False,,,3.24,-0.5089
2026-08-08T09:13:56Z,Digitizer_run2126_subrun82.csv,94,False,,,3.47,-0.4919
2026-08-08T09:13:56Z,Digitizer_run2126_subrun82.csv,95,False,,,3.42,-0.4919
2026-08-08T09:14:00Z,Digitizer_run2126_subrun83.csv,0,False,,,2.59,-0.4508
2026-08-08T09:14:00Z,Digitizer_run2126_subrun83.csv,1,False,,,3.48,-0.4742
2026-08-08T09:14:00Z,Digitizer_run2126_subrun83.csv,2,True,isolation_forest,,5.17,-0.6409
2026-08-08T09:14:00Z,Digitizer_run2126_subrun83.csv,3,False,,,4.26,-0.5367
2026-08-08T09:14:00Z,Digitizer_run2126_subrun83.csv,4,False,,,1.92,-0.4371
2026-08-08T09:14:00Z,Digitizer_run2126_subrun83.csv,5,False,,,2.5,-0.4905
2026-08-08T09:14:00Z,Digitizer_run2126_subrun83.csv,6,False,,,6.42,-0.6313
2026-08-08T09:14:00Z,Digitizer_run2126_subrun83.csv,7,True,statistical+IF,pulseHeight_max_median;pulseArea_max_median;pulseArea_min_mean,8.41,-0.6518
2026-08-08T09:14:00Z,Digitizer_run2126_subrun83.csv,8,False,,,2.98,-0.5037
2026-08-08T09:14:00Z,Digitizer_run2126_subrun83.csv,9,False,,,3.72,-0.5233
2026-08-08T09:14:00Z,Digitizer_run2126_subrun83.csv,10,False,,,3.02,-0.5016
2026-08-08T09:14:00Z,Digitizer_run2126_subrun83.csv,11,False,,,6.05,-0.6035
2026-08-08T09:14:00Z,Digitizer_run2126_subrun83.csv,12,True,isolation_forest,,4.97,-0.6424
2026-08-08T09:14:00Z,Digitizer_run2126_subrun83.csv,13,True,statistical,nPulses_median,22.03,-0.6122
2026-08-08T09:14:00Z,Digitizer_run2126_subrun83.csv,14,False,,,2.44,-0.5017
2026-08-08T09:14:00Z,Digitizer_run2126_subrun83.csv,15,False,,,4.84,-0.554
2026-08-08T09:14:00Z,Digitizer_run2126_subrun83.csv,16,False,,,3.96,-0.5688
2026-08-08T09:14:00Z,Digitizer_run2126_subrun83.csv,17,False,,,3.65,-0.5686
2026-08-08T09:14:00Z,Digitizer_run2126_subrun83.csv,18,False,,,2.85,-0.4697
2026-08-08T09:14:00Z,Digitizer_run2126_subrun83.csv,19,False,,,3.84,-0.5501
2026-08-08T09:14:00Z,Digitizer_run2126_subrun83.csv,20,False,,,2.97,-0.5372
2026-08-08T09:14:00Z,Digitizer_run2126_subrun83.csv,21,False,,,5.76,-0.5572
2026-08-08T09:14:00Z,Digitizer_run2126_subrun83.csv,22,False,,,2.24,-0.5173
2026-08-08T09:14:00Z,Digitizer_run2126_subrun83.csv,23,False,,,2.6,-0.5018
2026-08-08T09:14:00Z,Digitizer_run2126_subrun83.csv,24,False,,,2.4,-0.4919
2026-08-08T09:14:00Z,Digitizer_run2126_subrun83.csv,25,False,,,3.91,-0.586
2026-08-08T09:14:00Z,Digitizer_run2126_subrun83.csv,26,False,,,2.29,-0.4483
2026-08-08T09:14:00Z,Digitizer_run2126_subrun83.csv,27,False,,,1.64,-0.4603
2026-08-08T09:14:00Z,Digitizer_run2126_subrun83.csv,28,False,,,2.62,-0.5159
2026-08-08T09:14:00Z,Digitizer_run2126_subrun83.csv,29,False,,,3.04,-0.4975
2026-08-08T09:14:00Z,Digitizer_run2126_subrun83.csv,30,False,,,3.33,-0.4986
2026-08-08T09:14:00Z,Digitizer_run2126_subrun83.csv,31,False,,,4.84,-0.471
2026-08-08T09:14:00Z,Digitizer_run2126_subrun83.csv,32,False,,,4.42,-0.5628
2026-08-08T09:14:00Z,Digitizer_run2126_subrun83.csv,33,False,,,4.11,-0.574
2026-08-08T09:14:00Z,Digitizer_run2126_subrun83.csv,34,True,isolation_forest,,6.55,-0.6394
2026-08-08T09:14:00Z,Digitizer_run2126_subrun83.csv,35,False,,,6.82,-0.6367
2026-08-08T09:14:00Z,Digitizer_run2126_subrun83.csv,36,False,,,4.17,-0.4812
2026-08-08T09:14:00Z,Digitizer_run2126_subrun83.csv,37,False,,,7.03,-0.5725
2026-08-08T09:14:00Z,Digitizer_run2126_subrun83.csv,38,False,,,6.28,-0.5928
2026-08-08T09:14:00Z,Digitizer_run2126_subrun83.csv,39,False,,,4.85,-0.5116
2026-08-08T09:14:00Z,Digitizer_run2126_subrun83.csv,40,False,,,4.98,-0.5756
2026-08-08T09:14:00Z,Digitizer_run2126_subrun83.csv,41,False,,,6.29,-0.6191
2026-08-08T09:14:00Z,Digitizer_run2126_subrun83.csv,42,False,,,5.32,-0.6047
2026-08-08T09:14:00Z,Digitizer_run2126_subrun83.csv,43,True,statistical,nPulses_median,22.86,-0.5531
2026-08-08T09:14:00Z,Digitizer_run2126_subrun83.csv,44,False,,,6.26,-0.542
2026-08-08T09:14:00Z,Digitizer_run2126_subrun83.csv,45,False,,,5.65,-0.5276
2026-08-08T09:14:00Z,Digitizer_run2126_subrun83.csv,46,True,statistical,pulseHeight_min_median;pulseArea_min_median,9.16,-0.5864
2026-08-08T09:14:00Z,Digitizer_run2126_subrun83.csv,47,False,,,2.83,-0.4916
2026-08-08T09:14:00Z,Digitizer_run2126_subrun83.csv,48,False,,,3.92,-0.4954
2026-08-08T09:14:00Z,Digitizer_run2126_subrun83.csv,49,False,,,2.23,-0.4625
2026-08-08T09:14:00Z,Digitizer_run2126_subrun83.csv,50,False,,,4.52,-0.4951
2026-08-08T09:14:00Z,Digitizer_run2126_subrun83.csv,51,False,,,4.66,-0.5174
2026-08-08T09:14:00Z,Digitizer_run2126_subrun83.csv,52,False,,,7.71,-0.5883
2026-08-08T09:14:00Z,Digitizer_run2126_subrun83.csv,53,False,,,5.29,-0.5164
2026-08-08T09:14:00Z,Digitizer_run2126_subrun83.csv,54,False,,,6.63,-0.5216
2026-08-08T09:14:00Z,Digitizer_run2126_subrun83.csv,55,False,,,4.98,-0.5149
2026-08-08T09:14:00Z,Digitizer_run2126_subrun83.csv,56,False,,,7.07,-0.5902
2026-08-08T09:14:00Z,Digitizer_run2126_subrun83.csv,57,False,,,3.89,-0.5373
2026-08-08T09:14:00Z,Digitizer_run2126_subrun83.csv,58,False,,,7.6,-0.5126
2026-08-08T09:14:00Z,Digitizer_run2126_subrun83.csv,59,False,,,7.62,-0.5374
2026-08-08T09:14:00Z,Digitizer_run2126_subrun83.csv,60,False,,,7.99,-0.618
2026-08-08T09:14:00Z,Digitizer_run2126_subrun83.csv,61,True,statistical,pulseHeight_max_median,8.5,-0.5959
2026-08-08T09:14:00Z,Digitizer_run2126_subrun83.csv,62,False,,,5.62,-0.4138
2026-08-08T09:14:00Z,Digitizer_run2126_subrun83.csv,63,False,,,3.99,-0.5223
2026-08-08T09:14:00Z,Digitizer_run2126_subrun83.csv,64,True,statistical,nPulses_median,29.16,-0.6368
2026-08-08T09:14:00Z,Digitizer_run2126_subrun83.csv,65,False,,,5.94,-0.6106
2026-08-08T09:14:00Z,Digitizer_run2126_subrun83.csv,66,False,,,4.68,-0.5326
2026-08-08T09:14:00Z,Digitizer_run2126_subrun83.csv,67,False,,,5.5,-0.5082
2026-08-08T09:14:00Z,Digitizer_run2126_subrun83.csv,68,False,,,5.28,-0.5473
2026-08-08T09:14:00Z,Digitizer_run2126_subrun83.csv,69,True,statistical,nPulses_median,500000.0,-0.5614
2026-08-08T09:14:00Z,Digitizer_run2126_subrun83.csv,70,False,,,3.93,-0.5213
2026-08-08T09:14:00Z,Digitizer_run2126_subrun83.csv,71,False,,,3.58,-0.5279
2026-08-08T09:14:00Z,Digitizer_run2126_subrun83.csv,72,False,,,3.56,-0.5027
2026-08-08T09:14:00Z,Digitizer_run2126_subrun83.csv,73,False,,,4.02,-0.4831
2026-08-08T09:14:00Z,Digitizer_run2126_subrun83.csv,74,False,,,3.54,-0.5235
2026-08-08T09:14:00Z,Digitizer_run2126_subrun83.csv,75,False,,,4.29,-0.5083
2026-08-08T09:14:00Z,Digitizer_run2126_subrun83.csv,76,False,,,2.39,-0.4487
2026-08-08T09:14:00Z,Digitizer_run2126_subrun83.csv,77,False,,,6.22,-0.5344
2026-08-08T09:14:00Z,Digitizer_run2126_subrun83.csv,78,False,,,5.44,-0.5086
2026-08-08T09:14:00Z,Digitizer_run2126_subrun83.csv,79,False,,,2.05,-0.4286
2026-08-08T09:14:00Z,Digitizer_run2126_subrun83.csv,80,False,,,4.99,-0.4628
2026-08-08T09:14:00Z,Digitizer_run2126_subrun83.csv,81,False,,,4.51,-0.5156
2026-08-08T09:14:00Z,Digitizer_run2126_subrun83.csv,82,False,,,2.34,-0.4638
2026-08-08T09:14:00Z,Digitizer_run2126_subrun83.csv,83,False,,,2.49,-0.46
2026-08-08T09:14:00Z,Digitizer_run2126_subrun83.csv,84,False,,,3.14,-0.544
2026-08-08T09:14:00Z,Digitizer_run2126_subrun83.csv,85,False,,,3.46,-0.4979
2026-08-08T09:14:00Z,Digitizer_run2126_subrun83.csv,86,False,,,2.75,-0.4721
2026-08-08T09:14:00Z,Digitizer_run2126_subrun83.csv,87,True,statistical,nPulses_median,10.89,-0.5429
2026-08-08T09:14:00Z,Digitizer_run2126_subrun83.csv,88,True,statistical,sideband_mean_mean;sideband_rms_mean,10.17,-0.5991
2026-08-08T09:14:00Z,Digitizer_run2126_subrun83.csv,89,True,statistical+IF,sideband_mean_mean;sideband_rms_mean,10.12,-0.6414
2026-08-08T09:14:00Z,Digitizer_run2126_subrun83.csv,90,False,,,5.11,-0.4927
2026-08-08T09:14:00Z,Digitizer_run2126_subrun83.csv,91,False,,,3.1,-0.4747
2026-08-08T09:14:00Z,Digitizer_run2126_subrun83.csv,92,False,,,3.52,-0.5048
2026-08-08T09:14:00Z,Digitizer_run2126_subrun83.csv,93,False,,,2.44,-0.4813
2026-08-08T09:14:00Z,Digitizer_run2126_subrun83.csv,94,False,,,4.72,-0.5069
2026-08-08T09:14:00Z,Digitizer_run2126_subrun83.csv,95,False,,,2.67,-0.4704
2026-08-08T09:14:03Z,Digitizer_run2126_subrun84.csv,0,True,statistical,pulseArea_max_median,9.05,-0.6104
2026-08-08T09:14:03Z,Digitizer_run2126_subrun84.csv,1,False,,,7.8,-0.623
2026-08-08T09:14:03Z,Digitizer_run2126_subrun84.csv,2,False,,,2.74,-0.4427
2026-08-08T09:14:03Z,Digitizer_run2126_subrun84.csv,3,False,,,2.42,-0.4703
2026-08-08T09:14:03Z,Digitizer_run2126_subrun84.csv,4,False,,,2.33,-0.4264
2026-08-08T09:14:03Z,Digitizer_run2126_subrun84.csv,5,False,,,2.29,-0.4724
2026-08-08T09:14:03Z,Digitizer_run2126_subrun84.csv,6,False,,,2.43,-0.4537
2026-08-08T09:14:03Z,Digitizer_run2126_subrun84.csv,7,False,,,3.01,-0.4852
2026-08-08T09:14:03Z,Digitizer_run2126_subrun84.csv,8,False,,,4.9,-0.558
2026-08-08T09:14:03Z,Digitizer_run2126_subrun84.csv,9,True,statistical,nPulses_median,9.32,-0.5915
2026-08-08T09:14:03Z,Digitizer_run2126_subrun84.csv,10,False,,,5.26,-0.6143
2026-08-08T09:14:03Z,Digitizer_run2126_subrun84.csv,11,False,,,2.31,-0.4233
2026-08-08T09:14:03Z,Digitizer_run2126_subrun84.csv,12,False,,,2.4,-0.4415
2026-08-08T09:14:03Z,Digitizer_run2126_subrun84.csv,13,False,,,2.39,-0.4863
2026-08-08T09:14:03Z,Digitizer_run2126_subrun84.csv,14,False,,,3.28,-0.5346
2026-08-08T09:14:03Z,Digitizer_run2126_subrun84.csv,15,True,statistical,nPulses_median,9.82,-0.5867
2026-08-08T09:14:03Z,Digitizer_run2126_subrun84.csv,16,False,,,5.02,-0.6028
2026-08-08T09:14:03Z,Digitizer_run2126_subrun84.csv,17,False,,,4.54,-0.5791
2026-08-08T09:14:03Z,Digitizer_run2126_subrun84.csv,18,False,,,2.83,-0.4335
2026-08-08T09:14:03Z,Digitizer_run2126_subrun84.csv,19,False,,,6.05,-0.4411
2026-08-08T09:14:03Z,Digitizer_run2126_subrun84.csv,20,False,,,2.54,-0.4649
2026-08-08T09:14:03Z,Digitizer_run2126_subrun84.csv,21,True,statistical,nPulses_median,11.54,-0.5685
2026-08-08T09:14:03Z,Digitizer_run2126_subrun84.csv,22,False,,,3.78,-0.4863
2026-08-08T09:14:03Z,Digitizer_run2126_subrun84.csv,23,False,,,4.42,-0.4969
2026-08-08T09:14:03Z,Digitizer_run2126_subrun84.csv,24,False,,,5.04,-0.5975
2026-08-08T09:14:03Z,Digitizer_run2126_subrun84.csv,25,False,,,3.43,-0.5536
2026-08-08T09:14:03Z,Digitizer_run2126_subrun84.csv,26,False,,,3.13,-0.5482
2026-08-08T09:14:03Z,Digitizer_run2126_subrun84.csv,27,False,,,3.44,-0.5427
2026-08-08T09:14:03Z,Digitizer_run2126_subrun84.csv,28,False,,,5.21,-0.5083
2026-08-08T09:14:03Z,Digitizer_run2126_subrun84.csv,29,False,,,2.07,-0.4657
2026-08-08T09:14:03Z,Digitizer_run2126_subrun84.csv,30,False,,,4.92,-0.5666
2026-08-08T09:14:03Z,Digitizer_run2126_subrun84.csv,31,False,,,4.02,-0.6167
2026-08-08T09:14:03Z,Digitizer_run2126_subrun84.csv,32,False,,,7.95,-0.5533
2026-08-08T09:14:03Z,Digitizer_run2126_subrun84.csv,33,True,statistical,pulseHeight_max_median;pulseArea_max_median,8.54,-0.622
2026-08-08T09:14:03Z,Digitizer_run2126_subrun84.csv,34,False,,,2.73,-0.4411
2026-08-08T09:14:03Z,Digitizer_run2126_subrun84.csv,35,False,,,4.53,-0.476
2026-08-08T09:14:03Z,Digitizer_run2126_subrun84.csv,36,False,,,2.28,-0.4982
2026-08-08T09:14:03Z,Digitizer_run2126_subrun84.csv,37,False,,,3.22,-0.4679
2026-08-08T09:14:03Z,Digitizer_run2126_subrun84.csv,38,False,,,5.03,-0.5053
2026-08-08T09:14:03Z,Digitizer_run2126_subrun84.csv,39,False,,,5.05,-0.4835
2026-08-08T09:14:03Z,Digitizer_run2126_subrun84.csv,40,False,,,6.77,-0.5989
2026-08-08T09:14:03Z,Digitizer_run2126_subrun84.csv,41,False,,,7.24,-0.5709
2026-08-08T09:14:03Z,Digitizer_run2126_subrun84.csv,42,True,statistical,nPulses_std,9.65,-0.4975
2026-08-08T09:14:03Z,Digitizer_run2126_subrun84.csv,43,False,,,2.25,-0.4241
2026-08-08T09:14:03Z,Digitizer_run2126_subrun84.csv,44,False,,,4.22,-0.575
2026-08-08T09:14:03Z,Digitizer_run2126_subrun84.csv,45,True,isolation_forest,,5.98,-0.6544
2026-08-08T09:14:03Z,Digitizer_run2126_subrun84.csv,46,False,,,4.04,-0.5267
2026-08-08T09:14:03Z,Digitizer_run2126_subrun84.csv,47,True,statistical,nPulses_median,500000.0,-0.5743
2026-08-08T09:14:03Z,Digitizer_run2126_subrun84.csv,48,True,statistical,nPulses_median,10.12,-0.5189
2026-08-08T09:14:03Z,Digitizer_run2126_subrun84.csv,49,False,,,5.02,-0.5515
2026-08-08T09:14:03Z,Digitizer_run2126_subrun84.csv,50,False,,,4.18,-0.5246
2026-08-08T09:14:03Z,Digitizer_run2126_subrun84.csv,51,False,,,5.51,-0.5746
2026-08-08T09:14:03Z,Digitizer_run2126_subrun84.csv,52,False,,,6.23,-0.5371
2026-08-08T09:14:03Z,Digitizer_run2126_subrun84.csv,53,False,,,5.4,-0.5048
2026-08-08T09:14:03Z,Digitizer_run2126_subrun84.csv,54,True,statistical,pulseArea_min_median,14.62,-0.6257
2026-08-08T09:14:03Z,Digitizer_run2126_subrun84.csv,55,False,,,2.05,-0.464
2026-08-08T09:14:03Z,Digitizer_run2126_subrun84.csv,56,False,,,5.93,-0.594
2026-08-08T09:14:03Z,Digitizer_run2126_subrun84.csv,57,False,,,7.62,-0.593
2026-08-08T09:14:03Z,Digitizer_run2126_subrun84.csv,58,False,,,2.78,-0.4728
2026-08-08T09:14:03Z,Digitizer_run2126_subrun84.csv,59,False,,,3.78,-0.4768
2026-08-08T09:14:03Z,Digitizer_run2126_subrun84.csv,60,False,,,4.11,-0.5344
2026-08-08T09:14:03Z,Digitizer_run2126_subrun84.csv,61,False,,,3.84,-0.5648
2026-08-08T09:14:03Z,Digitizer_run2126_subrun84.csv,62,False,,,4.38,-0.4798
2026-08-08T09:14:03Z,Digitizer_run2126_subrun84.csv,63,False,,,4.15,-0.4337
2026-08-08T09:14:03Z,Digitizer_run2126_subrun84.csv,64,False,,,3.0,-0.4622
2026-08-08T09:14:03Z,Digitizer_run2126_subrun84.csv,65,True,statistical,pulseHeight_min_median;pulseArea_min_median,10.8,-0.5706
2026-08-08T09:14:03Z,Digitizer_run2126_subrun84.csv,66,False,,,4.22,-0.5087
2026-08-08T09:14:03Z,Digitizer_run2126_subrun84.csv,67,False,,,2.38,-0.4804
2026-08-08T09:14:03Z,Digitizer_run2126_subrun84.csv,68,False,,,6.27,-0.5882
2026-08-08T09:14:03Z,Digitizer_run2126_subrun84.csv,69,True,statistical,nPulses_median,1000000.0,-0.587
2026-08-08T09:14:03Z,Digitizer_run2126_subrun84.csv,70,False,,,5.87,-0.5871
2026-08-08T09:14:03Z,Digitizer_run2126_subrun84.csv,71,False,,,3.58,-0.5205
2026-08-08T09:14:03Z,Digitizer_run2126_subrun84.csv,72,True,statistical,sideband_rms_mean,8.87,-0.589
2026-08-08T09:14:03Z,Digitizer_run2126_subrun84.csv,73,False,,,6.29,-0.5152
2026-08-08T09:14:03Z,Digitizer_run2126_subrun84.csv,74,False,,,3.96,-0.574
2026-08-08T09:14:03Z,Digitizer_run2126_subrun84.csv,75,False,,,6.05,-0.568
2026-08-08T09:14:03Z,Digitizer_run2126_subrun84.csv,76,False,,,3.92,-0.4829
2026-08-08T09:14:03Z,Digitizer_run2126_subrun84.csv,77,False,,,4.03,-0.5395
2026-08-08T09:14:03Z,Digitizer_run2126_subrun84.csv,78,False,,,5.12,-0.5816
2026-08-08T09:14:03Z,Digitizer_run2126_subrun84.csv,79,True,statistical,nPulses_median;pulseHeight_max_median;pulseArea_max_median,10.96,-0.587
2026-08-08T09:14:03Z,Digitizer_run2126_subrun84.csv,80,False,,,5.01,-0.4635
2026-08-08T09:14:03Z,Digitizer_run2126_subrun84.csv,81,False,,,3.42,-0.5267
2026-08-08T09:14:03Z,Digitizer_run2126_subrun84.csv,82,False,,,1.98,-0.4591
2026-08-08T09:14:03Z,Digitizer_run2126_subrun84.csv,83,False,,,2.11,-0.4649
2026-08-08T09:14:03Z,Digitizer_run2126_subrun84.csv,84,False,,,3.49,-0.5961
2026-08-08T09:14:03Z,Digitizer_run2126_subrun84.csv,85,False,,,5.82,-0.6003
2026-08-08T09:14:03Z,Digitizer_run2126_subrun84.csv,86,False,,,4.35,-0.4886
2026-08-08T09:14:03Z,Digitizer_run2126_subrun84.csv,87,False,,,2.0,-0.4119
2026-08-08T09:14:03Z,Digitizer_run2126_subrun84.csv,88,False,,,4.26,-0.5633
2026-08-08T09:14:03Z,Digitizer_run2126_subrun84.csv,89,False,,,4.32,-0.5563
2026-08-08T09:14:03Z,Digitizer_run2126_subrun84.csv,90,True,statistical,nPulses_median,14.61,-0.552
2026-08-08T09:14:03Z,Digitizer_run2126_subrun84.csv,91,False,,,2.55,-0.4457
2026-08-08T09:14:03Z,Digitizer_run2126_subrun84.csv,92,False,,,3.13,-0.4957
2026-08-08T09:14:03Z,Digitizer_run2126_subrun84.csv,93,False,,,2.44,-0.4505
2026-08-08T09:14:03Z,Digitizer_run2126_subrun84.csv,94,True,statistical,nPulses_median;pulseArea_max_median,10.43,-0.5761
2026-08-08T09:14:03Z,Digitizer_run2126_subrun84.csv,95,False,,,7.63,-0.5835
2026-08-08T09:14:07Z,Digitizer_run2126_subrun85.csv,0,False,,,4.45,-0.5774
2026-08-08T09:14:07Z,Digitizer_run2126_subrun85.csv,1,False,,,3.19,-0.4825
2026-08-08T09:14:07Z,Digitizer_run2126_subrun85.csv,2,True,statistical,pulseHeight_min_median;pulseArea_min_median,12.63,-0.5322
2026-08-08T09:14:07Z,Digitizer_run2126_subrun85.csv,3,False,,,2.83,-0.4638
2026-08-08T09:14:07Z,Digitizer_run2126_subrun85.csv,4,False,,,2.15,-0.4458
2026-08-08T09:14:07Z,Digitizer_run2126_subrun85.csv,5,False,,,6.23,-0.5318
2026-08-08T09:14:07Z,Digitizer_run2126_subrun85.csv,6,False,,,3.14,-0.5098
2026-08-08T09:14:07Z,Digitizer_run2126_subrun85.csv,7,False,,,3.22,-0.4841
2026-08-08T09:14:07Z,Digitizer_run2126_subrun85.csv,8,False,,,2.59,-0.481
2026-08-08T09:14:07Z,Digitizer_run2126_subrun85.csv,9,False,,,2.54,-0.455
2026-08-08T09:14:07Z,Digitizer_run2126_subrun85.csv,10,True,statistical,nPulses_median,16.81,-0.6048
2026-08-08T09:14:07Z,Digitizer_run2126_subrun85.csv,11,False,,,6.1,-0.6257
2026-08-08T09:14:07Z,Digitizer_run2126_subrun85.csv,12,False,,,3.79,-0.5373
2026-08-08T09:14:07Z,Digitizer_run2126_subrun85.csv,13,False,,,4.95,-0.5613
2026-08-08T09:14:07Z,Digitizer_run2126_subrun85.csv,14,False,,,3.08,-0.4914
2026-08-08T09:14:07Z,Digitizer_run2126_subrun85.csv,15,False,,,4.64,-0.5061
2026-08-08T09:14:07Z,Digitizer_run2126_subrun85.csv,16,False,,,2.87,-0.5111
2026-08-08T09:14:07Z,Digitizer_run2126_subrun85.csv,17,False,,,2.97,-0.5072
2026-08-08T09:14:07Z,Digitizer_run2126_subrun85.csv,18,False,,,4.57,-0.4674
2026-08-08T09:14:07Z,Digitizer_run2126_subrun85.csv,19,False,,,2.47,-0.4797
2026-08-08T09:14:07Z,Digitizer_run2126_subrun85.csv,20,True,statistical,pulseHeight_min_median;pulseArea_min_median,8.59,-0.5481
2026-08-08T09:14:07Z,Digitizer_run2126_subrun85.csv,21,False,,,2.27,-0.469
2026-08-08T09:14:07Z,Digitizer_run2126_subrun85.csv,22,False,,,5.01,-0.5052
2026-08-08T09:14:07Z,Digitizer_run2126_subrun85.csv,23,False,,,6.91,-0.5595
2026-08-08T09:14:07Z,Digitizer_run2126_subrun85.csv,24,False,,,2.78,-0.502
2026-08-08T09:14:07Z,Digitizer_run2126_subrun85.csv,25,False,,,3.38,-0.4997
2026-08-08T09:14:07Z,Digitizer_run2126_subrun85.csv,26,False,,,7.65,-0.5575
2026-08-08T09:14:07Z,Digitizer_run2126_subrun85.csv,27,False,,,5.86,-0.5944
2026-08-08T09:14:07Z,Digitizer_run2126_subrun85.csv,28,False,,,5.31,-0.5707
2026-08-08T09:14:07Z,Digitizer_run2126_subrun85.csv,29,False,,,5.14,-0.545
2026-08-08T09:14:07Z,Digitizer_run2126_subrun85.csv,30,False,,,3.74,-0.4739
2026-08-08T09:14:07Z,Digitizer_run2126_subrun85.csv,31,False,,,1.96,-0.423
2026-08-08T09:14:07Z,Digitizer_run2126_subrun85.csv,32,False,,,4.63,-0.6063
2026-08-08T09:14:07Z,Digitizer_run2126_subrun85.csv,33,False,,,4.38,-0.5871
2026-08-08T09:14:07Z,Digitizer_run2126_subrun85.csv,34,True,statistical,pulseDuriation_max_median,9.48,-0.5674
2026-08-08T09:14:07Z,Digitizer_run2126_subrun85.csv,35,True,statistical+IF,nPulses_median,165.02,-0.6432
2026-08-08T09:14:07Z,Digitizer_run2126_subrun85.csv,36,False,,,7.01,-0.6221
2026-08-08T09:14:07Z,Digitizer_run2126_subrun85.csv,37,False,,,5.99,-0.5902
2026-08-08T09:14:07Z,Digitizer_run2126_subrun85.csv,38,False,,,5.09,-0.4814
2026-08-08T09:14:07Z,Digitizer_run2126_subrun85.csv,39,False,,,5.73,-0.5177
2026-08-08T09:14:07Z,Digitizer_run2126_subrun85.csv,40,False,,,3.33,-0.4652
2026-08-08T09:14:07Z,Digitizer_run2126_subrun85.csv,41,True,statistical,sideband_mean_median;nPulses_median,41.25,-0.5327
2026-08-08T09:14:07Z,Digitizer_run2126_subrun85.csv,42,False,,,4.94,-0.5056
2026-08-08T09:14:07Z,Digitizer_run2126_subrun85.csv,43,False,,,6.36,-0.5715
2026-08-08T09:14:07Z,Digitizer_run2126_subrun85.csv,44,True,statistical,pulseHeight_min_median;pulseArea_min_median,11.29,-0.5917
2026-08-08T09:14:07Z,Digitizer_run2126_subrun85.csv,45,False,,,4.99,-0.5035
2026-08-08T09:14:07Z,Digitizer_run2126_subrun85.csv,46,True,statistical,sideband_mean_mean;nPulses_median,16.0,-0.6151
2026-08-08T09:14:07Z,Digitizer_run2126_subrun85.csv,47,True,statistical,sideband_mean_mean,12.89,-0.5766
2026-08-08T09:14:07Z,Digitizer_run2126_subrun85.csv,48,True,statistical,nPulses_std,8.27,-0.5588
2026-08-08T09:14:07Z,Digitizer_run2126_subrun85.csv,49,False,,,3.86,-0.5629
2026-08-08T09:14:07Z,Digitizer_run2126_subrun85.csv,50,False,,,5.33,-0.5453
2026-08-08T09:14:07Z,Digitizer_run2126_subrun85.csv,51,False,,,6.47,-0.6041
2026-08-08T09:14:07Z,Digitizer_run2126_subrun85.csv,52,False,,,5.2,-0.5158
2026-08-08T09:14:07Z,Digitizer_run2126_subrun85.csv,53,False,,,5.31,-0.5213
2026-08-08T09:14:07Z,Digitizer_run2126_subrun85.csv,54,False,,,4.2,-0.4848
2026-08-08T09:14:07Z,Digitizer_run2126_subrun85.csv,55,False,,,2.28,-0.5232
2026-08-08T09:14:07Z,Digitizer_run2126_subrun85.csv,56,False,,,5.53,-0.5481
2026-08-08T09:14:07Z,Digitizer_run2126_subrun85.csv,57,False,,,7.84,-0.6283
2026-08-08T09:14:07Z,Digitizer_run2126_subrun85.csv,58,True,statistical,sideband_mean_mean,12.71,-0.5648
2026-08-08T09:14:07Z,Digitizer_run2126_subrun85.csv,59,True,statistical,sideband_mean_mean,9.83,-0.6128
2026-08-08T09:14:07Z,Digitizer_run2126_subrun85.csv,60,True,statistical,sideband_mean_mean,14.19,-0.6033
2026-08-08T09:14:07Z,Digitizer_run2126_subrun85.csv,61,True,statistical,sideband_mean_mean,12.68,-0.593
2026-08-08T09:14:07Z,Digitizer_run2126_subrun85.csv,62,False,,,6.67,-0.5207
2026-08-08T09:14:07Z,Digitizer_run2126_subrun85.csv,63,False,,,3.77,-0.495
2026-08-08T09:14:07Z,Digitizer_run2126_subrun85.csv,64,False,,,3.99,-0.5174
2026-08-08T09:14:07Z,Digitizer_run2126_subrun85.csv,65,True,statistical,nPulses_median,13.09,-0.5797
2026-08-08T09:14:07Z,Digitizer_run2126_subrun85.csv,66,False,,,6.08,-0.5786
2026-08-08T09:14:07Z,Digitizer_run2126_subrun85.csv,67,False,,,6.96,-0.5798
2026-08-08T09:14:07Z,Digitizer_run2126_subrun85.csv,68,False,,,5.59,-0.5965
2026-08-08T09:14:07Z,Digitizer_run2126_subrun85.csv,69,True,statistical,nPulses_median,1000000.0,-0.6299
2026-08-08T09:14:07Z,Digitizer_run2126_subrun85.csv,70,False,,,5.87,-0.5119
2026-08-08T09:14:07Z,Digitizer_run2126_subrun85.csv,71,False,,,3.58,-0.5515
2026-08-08T09:14:07Z,Digitizer_run2126_subrun85.csv,72,True,statistical+IF,sideband_rms_mean;sideband_rms_std,23.41,-0.6458
2026-08-08T09:14:07Z,Digitizer_run2126_subrun85.csv,73,True,statistical,sideband_rms_mean,13.31,-0.6005
2026-08-08T09:14:07Z,Digitizer_run2126_subrun85.csv,74,False,,,6.76,-0.5373
2026-08-08T09:14:07Z,Digitizer_run2126_subrun85.csv,75,False,,,3.3,-0.5375
2026-08-08T09:14:07Z,Digitizer_run2126_subrun85.csv,76,False,,,3.76,-0.5005
2026-08-08T09:14:07Z,Digitizer_run2126_subrun85.csv,77,False,,,4.72,-0.5994
2026-08-08T09:14:07Z,Digitizer_run2126_subrun85.csv,78,True,statistical,sideband_rms_median,8.22,-0.6274
2026-08-08T09:14:07Z,Digitizer_run2126_subrun85.csv,79,True,statistical,pulseHeight_max_std,8.17,-0.5683
2026-08-08T09:14:07Z,Digitizer_run2126_subrun85.csv,80,False,,,5.43,-0.4962
2026-08-08T09:14:07Z,Digitizer_run2126_subrun85.csv,81,False,,,5.15,-0.5345
2026-08-08T09:14:07Z,Digitizer_run2126_subrun85.csv,82,False,,,3.13,-0.502
2026-08-08T09:14:07Z,Digitizer_run2126_subrun85.csv,83,False,,,2.95,-0.4541
2026-08-08T09:14:07Z,Digitizer_run2126_subrun85.csv,84,True,statistical,sideband_mean_median,9.49,-0.585
2026-08-08T09:14:07Z,Digitizer_run2126_subrun85.csv,85,False,,,4.48,-0.5281
2026-08-08T09:14:07Z,Digitizer_run2126_subrun85.csv,86,False,,,3.93,-0.4656
2026-08-08T09:14:07Z,Digitizer_run2126_subrun85.csv,87,True,statistical,nPulses_median,21.84,-0.5124
2026-08-08T09:14:07Z,Digitizer_run2126_subrun85.csv,88,False,,,5.2,-0.4959
2026-08-08T09:14:07Z,Digitizer_run2126_subrun85.csv,89,False,,,3.86,-0.5022
2026-08-08T09:14:07Z,Digitizer_run2126_subrun85.csv,90,False,,,5.31,-0.5337
2026-08-08T09:14:07Z,Digitizer_run2126_subrun85.csv,91,True,statistical+IF,pulseArea_min_median,8.15,-0.6406
2026-08-08T09:14:07Z,Digitizer_run2126_subrun85.csv,92,False,,,2.81,-0.5518
2026-08-08T09:14:07Z,Digitizer_run2126_subrun85.csv,93,False,,,2.98,-0.4448
2026-08-08T09:14:07Z,Digitizer_run2126_subrun85.csv,94,False,,,3.1,-0.5165
2026-08-08T09:14:07Z,Digitizer_run2126_subrun85.csv,95,False,,,3.49,-0.5166
2026-08-08T09:14:10Z,Digitizer_run2126_subrun87.csv,0,True,missing_channel,missing_channel,nan,nan
2026-08-08T09:14:10Z,Digitizer_run2126_subrun87.csv,1,True,missing_channel,missing_channel,nan,nan
2026-08-08T09:14:10Z,Digitizer_run2126_subrun87.csv,4,True,missing_channel,missing_channel,nan,nan
2026-08-08T09:14:10Z,Digitizer_run2126_subrun87.csv,5,True,missing_channel,missing_channel,nan,nan
2026-08-08T09:14:10Z,Digitizer_run2126_subrun87.csv,8,True,missing_channel,missing_channel,nan,nan
2026-08-08T09:14:10Z,Digitizer_run2126_subrun87.csv,9,True,missing_channel,missing_channel,nan,nan
2026-08-08T09:14:10Z,Digitizer_run2126_subrun87.csv,12,True,missing_channel,missing_channel,nan,nan
2026-08-08T09:14:10Z,Digitizer_run2126_subrun87.csv,13,True,missing_channel,missing_channel,nan,nan
2026-08-08T09:14:10Z,Digitizer_run2126_subrun87.csv,21,True,missing_channel,missing_channel,nan,nan
2026-08-08T09:14:10Z,Digitizer_run2126_subrun87.csv,32,True,missing_channel,missing_channel,nan,nan
2026-08-08T09:14:10Z,Digitizer_run2126_subrun87.csv,33,True,missing_channel,missing_channel,nan,nan
2026-08-08T09:14:10Z,Digitizer_run2126_subrun87.csv,40,True,missing_channel,missing_channel,nan,nan
2026-08-08T09:14:10Z,Digitizer_run2126_subrun87.csv,41,True,missing_channel,missing_channel,nan,nan
2026-08-08T09:14:10Z,Digitizer_run2126_subrun87.csv,44,True,missing_channel,missing_channel,nan,nan
2026-08-08T09:14:10Z,Digitizer_run2126_subrun87.csv,45,True,missing_channel,missing_channel,nan,nan
2026-08-08T09:14:10Z,Digitizer_run2126_subrun87.csv,54,True,missing_channel,missing_channel,nan,nan
2026-08-08T09:14:10Z,Digitizer_run2126_subrun87.csv,81,True,missing_channel,missing_channel,nan,nan
2026-08-08T09:14:10Z,Digitizer_run2126_subrun87.csv,2,True,statistical,sideband_mean_median;nPulses_median,19.05,-0.6258
2026-08-08T09:14:10Z,Digitizer_run2126_subrun87.csv,3,False,,,7.49,-0.5448
2026-08-08T09:14:10Z,Digitizer_run2126_subrun87.csv,6,False,,,5.76,-0.5544
2026-08-08T09:14:10Z,Digitizer_run2126_subrun87.csv,7,False,,,5.52,-0.5432
2026-08-08T09:14:10Z,Digitizer_run2126_subrun87.csv,10,True,statistical,pulseHeight_max_std,12.0,-0.6275
2026-08-08T09:14:10Z,Digitizer_run2126_subrun87.csv,11,True,statistical,pulseHeight_max_std,14.75,-0.6382
2026-08-08T09:14:10Z,Digitizer_run2126_subrun87.csv,14,True,statistical+IF,sideband_mean_median;nPulses_mean;nPulses_std;nPulses_median;pulseHeight_max_std;pulseHeight_min_std;pulseArea_max_median,49.6,-0.6701
2026-08-08T09:14:10Z,Digitizer_run2126_subrun87.csv,15,True,statistical,sideband_mean_median;nPulses_median,75.17,-0.6107
2026-08-08T09:14:10Z,Digitizer_run2126_subrun87.csv,16,True,statistical+IF,sideband_mean_median;sideband_rms_median;pulseHeight_max_std,20.53,-0.6556
2026-08-08T09:14:10Z,Digitizer_run2126_subrun87.csv,17,True,statistical+IF,sideband_mean_median;sideband_rms_median;pulseHeight_max_std,17.72,-0.6498
2026-08-08T09:14:10Z,Digitizer_run2126_subrun87.csv,18,True,statistical,pulseHeight_max_std,11.59,-0.6276
2026-08-08T09:14:10Z,Digitizer_run2126_subrun87.csv,19,True,statistical,sideband_mean_median,8.72,-0.6125
2026-08-08T09:14:10Z,Digitizer_run2126_subrun87.csv,20,True,statistical+IF,sideband_mean_median;pulseHeight_max_std,40.95,-0.6405
2026-08-08T09:14:10Z,Digitizer_run2126_subrun87.csv,22,True,statistical,pulseHeight_max_std,11.99,-0.6232
2026-08-08T09:14:10Z,Digitizer_run2126_subrun87.csv,23,True,statistical,sideband_mean_median;pulseHeight_max_std,16.93,-0.6004
2026-08-08T09:14:10Z,Digitizer_run2126_subrun87.csv,24,True,statistical+IF,nPulses_std;pulseHeight_max_mean;pulseHeight_max_std;pulseDuriation_max_median,17.8,-0.6571
2026-08-08T09:14:10Z,Digitizer_run2126_subrun87.csv,25,True,statistical+IF,pulseHeight_max_std,16.25,-0.6565
2026-08-08T09:14:10Z,Digitizer_run2126_subrun87.csv,26,True,statistical,nPulses_median;pulseHeight_max_std;occupancy,16.07,-0.6289
2026-08-08T09:14:10Z,Digitizer_run2126_subrun87.csv,27,True,statistical,nPulses_median;pulseHeight_max_std;occupancy,27.49,-0.6292
2026-08-08T09:14:10Z,Digitizer_run2126_subrun87.csv,28,True,statistical+IF,sideband_mean_mean;sideband_mean_std;pulseHeight_max_mean;pulseHeight_max_median,44.78,-0.6807
2026-08-08T09:14:10Z,Digitizer_run2126_subrun87.csv,29,True,statistical+IF,sideband_mean_mean;sideband_mean_median;sideband_rms_mean,16.48,-0.6545
2026-08-08T09:14:10Z,Digitizer_run2126_subrun87.csv,30,True,statistical,nPulses_median,13.44,-0.6043
2026-08-08T09:14:10Z,Digitizer_run2126_subrun87.csv,31,True,statistical+IF,sideband_mean_median;nPulses_median;pulseHeight_max_std;pulseHeight_max_median;pulseArea_max_median,29.16,-0.6533
2026-08-08T09:14:10Z,Digitizer_run2126_subrun87.csv,34,True,statistical+IF,pulseHeight_max_std;pulseHeight_min_median;pulseArea_min_median;pulseDuriation_min_median,15.62,-0.6605
2026-08-08T09:14:10Z,Digitizer_run2126_subrun87.csv,35,True,statistical+IF,sideband_rms_median;nPulses_median;pulseHeight_max_std,165.02,-0.6563
2026-08-08T09:14:10Z,Digitizer_run2126_subrun87.csv,36,True,statistical+IF,sideband_mean_median;nPulses_median,17.9,-0.6635
2026-08-08T09:14:10Z,Digitizer_run2126_subrun87.csv,37,True,statistical+IF,pulseHeight_max_mean;pulseHeight_max_std;pulseHeight_max_median;pulseHeight_min_mean;pulseHeight_min_std;pulseHeight_min_median;pulseArea_max_median;pulseArea_min_mean;pulseArea_min_median;pulseDuriation_min_median,135.47,-0.6983
2026-08-08T09:14:10Z,Digitizer_run2126_subrun87.csv,38,True,statistical+IF,sideband_mean_median;nPulses_median;pulseHeight_max_mean;pulseHeight_max_std;pulseHeight_max_median;pulseHeight_min_std;pulseHeight_min_median;pulseArea_max_mean;pulseArea_max_median;pulseDuriation_max_mean;pulseDuriation_max_median,89.41,-0.7003
2026-08-08T09:14:10Z,Digitizer_run2126_subrun87.csv,39,True,statistical+IF,sideband_mean_median;sideband_rms_median;nPulses_median;pulseHeight_max_mean;pulseHeight_max_std;pulseHeight_max_median;pulseHeight_min_mean;pulseHeight_min_median;pulseArea_max_mean;pulseArea_max_median;pulseArea_min_median;pulseDuriation_max_mean;pulseDuriation_max_median;pulseDuriation_min_mean,97.56,-0.7122
2026-08-08T09:14:10Z,Digitizer_run2126_subrun87.csv,42,True,statistical+IF,nPulses_mean;nPulses_median;pulseHeight_max_mean;pulseHeight_max_std;pulseHeight_max_median;pulseHeight_min_std;pulseArea_max_median;pulseDuriation_min_median,1000000.0,-0.7024
2026-08-08T09:14:10Z,Digitizer_run2126_subrun87.csv,43,True,statistical+IF,nPulses_median;pulseHeight_max_mean;pulseHeight_max_std;pulseHeight_max_median;pulseArea_max_median,22.86,-0.6754
2026-08-08T09:14:10Z,Digitizer_run2126_subrun87.csv,46,True,statistical+IF,pulseHeight_max_mean;pulseHeight_max_median;pulseHeight_min_mean;pulseHeight_min_median;pulseArea_max_mean;pulseArea_max_median;pulseArea_min_mean;pulseArea_min_median;pulseDuriation_max_mean;pulseDuriation_max_median;pulseDuriation_min_mean;pulseDuriation_min_median,107.68,-0.6856
2026-08-08T09:14:10Z,Digitizer_run2126_subrun87.csv,47,True,statistical+IF,nPulses_median;pulseHeight_max_mean;pulseHeight_max_median;pulseHeight_min_median;pulseArea_max_mean;pulseArea_max_median;pulseDuriation_max_median,500000.0,-0.6708
2026-08-08T09:14:10Z,Digitizer_run2126_subrun87.csv,48,True,statistical+IF,nPulses_std;nPulses_median;pulseHeight_max_mean;pulseHeight_max_std;pulseHeight_max_median;pulseHeight_min_std;pulseArea_max_mean;pulseArea_max_median,22.91,-0.6614
2026-08-08T09:14:10Z,Digitizer_run2126_subrun87.csv,49,True,statistical+IF,sideband_mean_median;nPulses_median;pulseHeight_max_median;pulseArea_max_median,20.71,-0.6413
2026-08-08T09:14:10Z,Digitizer_run2126_subrun87.csv,50,True,statistical+IF,sideband_rms_median;pulseHeight_max_std;pulseHeight_min_median;pulseArea_min_median;pulseDuriation_min_median,22.82,-0.6465
2026-08-08T09:14:10Z,Digitizer_run2126_subrun87.csv,51,True,statistical,sideband_mean_median;pulseHeight_max_std;pulseHeight_min_median,14.1,-0.6363
2026-08-08T09:14:10Z,Digitizer_run2126_subrun87.csv,52,True,statistical+IF,pulseHeight_max_median;pulseArea_max_median,25.02,-0.641
2026-08-08T09:14:10Z,Digitizer_run2126_subrun87.csv,53,True,statistical+IF,nPulses_median;pulseHeight_max_median;pulseHeight_min_std;pulseArea_max_median;pulseDuriation_max_median,165.03,-0.6426
2026-08-08T09:14:10Z,Digitizer_run2126_subrun87.csv,55,True,statistical+IF,nPulses_median;pulseHeight_max_std,71.46,-0.6667
2026-08-08T09:14:10Z,Digitizer_run2126_subrun87.csv,56,True,statistical,sideband_rms_median,9.57,-0.6248
2026-08-08T09:14:10Z,Digitizer_run2126_subrun87.csv,57,True,statistical+IF,pulseHeight_max_std;pulseHeight_max_median;pulseHeight_min_median;pulseArea_min_median,48.32,-0.6516
2026-08-08T09:14:10Z,Digitizer_run2126_subrun87.csv,58,True,statistical,sideband_mean_median;pulseHeight_max_std,9.53,-0.5965
2026-08-08T09:14:10Z,Digitizer_run2126_subrun87.csv,59,True,statistical,pulseHeight_max_std;pulseHeight_min_std,9.28,-0.6115
2026-08-08T09:14:10Z,Digitizer_run2126_subrun87.csv,60,True,statistical+IF,nPulses_median,82.51,-0.6542
2026-08-08T09:14:10Z,Digitizer_run2126_subrun87.csv,61,True,statistical+IF,nPulses_median;pulseHeight_max_mean;pulseHeight_max_std;pulseHeight_max_median;pulseHeight_min_median;pulseArea_max_median;pulseArea_min_median,41.25,-0.6763
2026-08-08T09:14:10Z,Digitizer_run2126_subrun87.csv,62,True,statistical,pulseHeight_min_mean;pulseHeight_min_std;pulseArea_min_mean,13.52,-0.6208
2026-08-08T09:14:10Z,Digitizer_run2126_subrun87.csv,63,True,statistical+IF,nPulses_median;pulseHeight_max_std;pulseHeight_max_median;pulseArea_max_mean;pulseArea_max_median,82.51,-0.6982
2026-08-08T09:14:10Z,Digitizer_run2126_subrun87.csv,64,True,statistical,pulseHeight_max_std,11.63,-0.6369
2026-08-08T09:14:10Z,Digitizer_run2126_subrun87.csv,65,True,statistical+IF,pulseHeight_max_std,12.22,-0.6438
2026-08-08T09:14:10Z,Digitizer_run2126_subrun87.csv,66,True,statistical+IF,sideband_mean_median;pulseHeight_max_std;pulseHeight_min_median;pulseArea_min_median,19.01,-0.6426
2026-08-08T09:14:10Z,Digitizer_run2126_subrun87.csv,67,True,statistical+IF,sideband_mean_median;sideband_rms_median;pulseHeight_max_std;pulseHeight_min_median;pulseArea_min_median,28.0,-0.6628
2026-08-08T09:14:10Z,Digitizer_run2126_subrun87.csv,68,True,statistical+IF,sideband_mean_median;pulseHeight_max_std;pulseDuriation_max_median,19.16,-0.6549
2026-08-08T09:14:10Z,Digitizer_run2126_subrun87.csv,69,True,statistical+IF,nPulses_median;pulseHeight_max_std;pulseHeight_max_median;pulseArea_max_median,1000000.0,-0.6828
2026-08-08T09:14:10Z,Digitizer_run2126_subrun87.csv,70,True,statistical+IF,sideband_mean_median;pulseHeight_max_std;pulseHeight_max_median;pulseArea_max_mean;pulseArea_max_median;pulseDuriation_max_mean;pulseDuriation_max_median,39.1,-0.6476
2026-08-08T09:14:10Z,Digitizer_run2126_subrun87.csv,71,False,,,4.19,-0.5787
2026-08-08T09:14:10Z,Digitizer_run2126_subrun87.csv,72,True,statistical+IF,nPulses_mean;nPulses_std;pulseHeight_max_std;pulseHeight_min_median;pulseArea_min_median;pulseDuriation_min_median,56.55,-0.6827
2026-08-08T09:14:10Z,Digitizer_run2126_subrun87.csv,73,True,statistical+IF,pulseHeight_max_std;pulseHeight_min_std,16.47,-0.6429
2026-08-08T09:14:10Z,Digitizer_run2126_subrun87.csv,74,False,,,5.46,-0.5165
2026-08-08T09:14:10Z,Digitizer_run2126_subrun87.csv,75,True,statistical,nPulses_median,14.73,-0.5966
2026-08-08T09:14:10Z,Digitizer_run2126_subrun87.csv,76,True,statistical+IF,nPulses_mean;nPulses_std;nPulses_median;pulseDuriation_max_mean;pulseDuriation_max_median,27.26,-0.6779
2026-08-08T09:14:10Z,Digitizer_run2126_subrun87.csv,77,True,statistical+IF,pulseHeight_max_mean;pulseHeight_max_std;pulseArea_max_mean;pulseArea_max_median;pulseDuriation_max_median,23.1,-0.6604
2026-08-08T09:14:10Z,Digitizer_run2126_subrun87.csv,78,True,statistical,pulseHeight_max_median;pulseHeight_min_median;pulseArea_min_median,20.11,-0.6164
2026-08-08T09:14:10Z,Digitizer_run2126_subrun87.csv,79,True,statistical,pulseHeight_max_std,13.48,-0.6321
2026-08-08T09:14:10Z,Digitizer_run2126_subrun87.csv,80,True,statistical+IF,sideband_rms_median;pulseHeight_max_std,27.21,-0.6861
2026-08-08T09:14:10Z,Digitizer_run2126_subrun87.csv,82,True,statistical+IF,sideband_mean_mean;sideband_mean_median;sideband_rms_mean;sideband_rms_median;nPulses_mean;nPulses_std;pulseHeight_min_median;pulseDuriation_max_std,81.18,-0.7274
2026-08-08T09:14:10Z,Digitizer_run2126_subrun87.csv,83,True,statistical+IF,sideband_mean_median;nPulses_median;pulseHeight_max_std;pulseDuriation_max_median,58.96,-0.6736
2026-08-08T09:14:10Z,Digitizer_run2126_subrun87.csv,84,True,statistical+IF,pulseHeight_max_mean;pulseHeight_max_std;pulseHeight_max_median;pulseHeight_min_mean;pulseHeight_min_median;pulseArea_max_mean;pulseArea_max_median;pulseArea_min_mean;pulseArea_min_median;pulseDuriation_max_mean;pulseDuriation_max_median;pulseDuriation_min_mean;pulseDuriation_min_median,654.48,-0.7039
2026-08-08T09:14:10Z,Digitizer_run2126_subrun87.csv,85,True,statistical+IF,nPulses_std;pulseHeight_max_std;pulseArea_max_mean;pulseArea_max_std;pulseArea_max_median;pulseDuriation_max_mean;pulseDuriation_max_median,52.46,-0.6952
2026-08-08T09:14:10Z,Digitizer_run2126_subrun87.csv,86,True,statistical+IF,pulseHeight_max_mean;pulseHeight_max_std;pulseHeight_max_median;pulseHeight_min_mean;pulseHeight_min_median;pulseArea_max_mean;pulseArea_max_median;pulseArea_min_mean;pulseArea_min_median;pulseDuriation_max_mean;pulseDuriation_max_median;pulseDuriation_min_mean;pulseDuriation_min_median,52.51,-0.6913
2026-08-08T09:14:10Z,Digitizer_run2126_subrun87.csv,87,True,isolation_forest,,6.44,-0.6501
2026-08-08T09:14:10Z,Digitizer_run2126_subrun87.csv,88,True,statistical+IF,pulseHeight_max_std;pulseHeight_min_median;pulseArea_min_median;pulseDuriation_min_mean;pulseDuriation_min_median,17.22,-0.6727
2026-08-08T09:14:10Z,Digitizer_run2126_subrun87.csv,89,True,statistical+IF,pulseHeight_max_std;pulseHeight_min_std,16.97,-0.6666
2026-08-08T09:14:10Z,Digitizer_run2126_subrun87.csv,90,True,statistical,pulseHeight_max_std,11.81,-0.5947
2026-08-08T09:14:10Z,Digitizer_run2126_subrun87.csv,91,True,statistical,sideband_rms_median;pulseHeight_max_std;pulseHeight_min_median;pulseArea_min_median,12.31,-0.5976
2026-08-08T09:14:10Z,Digitizer_run2126_subrun87.csv,92,False,,,7.79,-0.6041
2026-08-08T09:14:10Z,Digitizer_run2126_subrun87.csv,93,True,statistical+IF,pulseHeight_max_mean;pulseHeight_max_std;pulseHeight_min_mean;pulseHeight_min_std;pulseArea_max_mean;pulseArea_min_mean,33.54,-0.6903
2026-08-08T09:14:10Z,Digitizer_run2126_subrun87.csv,94,True,statistical+IF,pulseHeight_min_mean;pulseHeight_min_median;pulseArea_max_median;pulseArea_min_median,36.74,-0.6656
2026-08-08T09:14:10Z,Digitizer_run2126_subrun87.csv,95,True,statistical,pulseHeight_max_std;pulseHeight_max_median;pulseHeight_min_median;pulseArea_max_median;pulseArea_min_median,20.92,-0.6278
