event_id,channel,layer,supermodule,row,column,sideband_mean,sideband_rms,nPulses,pulseHeight_max,pulseHeight_min,pulseArea_max,pulseArea_min,pulseDuriation_max,pulseDuriation_min,TDC,TDCRollovers
evt_0,15,0,-1,4,2,22.6311,1.06155,3,-418.255,-40.7493,17594,984,264.99,129.99,9.10394e+11,0
evt_0,34,1,-1,2,2,-1.36013,0.798449,4,-1250.42,-38.1672,107481,545,424.99,107.49,9.10394e+11,0
evt_0,35,1,-1,2,2,0.971717,0.771637,3,-1250.12,-77.7812,104945,3608,417.49,229.99,9.10394e+11,0
evt_0,61,2,-1,3,2,0.276357,0.589761,1,-38.3242,-38.3242,294,294,64.99,64.99,9.10394e+11,0
evt_0,71,2,-1,4,3,2.99939,0.60818,1,-46.7795,-46.7795,1637,1637,164.99,164.99,9.10394e+11,0
evt_0,80,3,-1,1,2,-6.492,0.958306,1,-237.541,-237.541,13070,13070,334.99,334.99,9.10394e+11,0
evt_0,81,3,-1,1,2,-2.11394,0.629054,2,-262.171,-24.8581,17172,839,542.49,127.49,9.10394e+11,0
evt_0,88,3,-1,1,3,9.85678,0.925101,1,-23.7923,-23.7923,496,496,97.49,97.49,1.49602e+14,1.10382e+12
evt_0,89,3,-1,1,3,18.4823,0.783653,2,-221.468,-27.526,12524,612,364.99,107.49,1.49602e+14,1.38042e+19
evt_1,38,1,-1,4,2,-0.0893284,1.07593,3,-1250.2,-24.479,76462,404,387.49,92.49,9.10467e+11,0
evt_1,39,1,-1,4,2,0.848358,0.720733,2,-864.859,-95.4656,47285,2902,407.49,127.49,9.10467e+11,0
evt_1,59,2,-1,2,2,2.47128,4.25217,1,-59.4751,-59.4751,817,817,44.99,44.99,9.10467e+11,0
evt_1,62,2,-1,4,2,6.99919,0.825767,1,-53.792,-53.792,2417,2417,212.49,212.49,9.10467e+11,0
evt_1,63,2,-1,4,2,6.58853,1.04779,1,-292.954,-292.954,16938,16938,327.49,327.49,9.10467e+11,0
evt_1,86,3,-1,4,2,1.59055,1.24173,2,-377.478,-100.052,17459,887,302.49,37.49,9.10467e+11,0
evt_1,87,3,-1,4,2,5.2064,0.958722,2,-463.059,-71.7508,26006,3052,364.99,207.49,9.10467e+11,0
evt_1,92,3,-1,3,3,-6.81436,1.12668,3,-16.2035,-15.3633,487,289,89.99,54.99,0,1.37513e+19
evt_2,12,0,-1,3,2,2.83046,0.816647,2,-34.1217,-26.0789,1293,872,164.99,122.49,9.10506e+11,0
evt_2,13,0,-1,3,2,0.398655,1.09385,1,-158.6,-158.6,12737,12737,422.49,422.49,9.10506e+11,0
evt_2,42,1,-1,2,3,-4.6011,1.1037,1,-1250.39,-1250.39,131418,131418,479.99,479.99,9.10506e+11,0
evt_2,43,1,-1,2,3,-1.71878,0.906291,1,-1250.19,-1250.19,101253,101253,494.99,494.99,9.10506e+11,0
evt_2,56,2,-1,1,2,-15.0498,0.842329,5,-21.6931,-15.3605,4373,291,687.49,54.99,9.10506e+11,0
evt_2,72,3,-1,1,1,-17.4542,0.673072,2,-29.1647,-24.2713,10879,6292,1297.49,884.99,9.10506e+11,0
evt_3,49,2,-1,1,1,1.75793,0.682865,1,-55.7232,-55.7232,326,326,67.49,67.49,9.1063e+11,0
evt_4,0,0,-1,1,1,1.49157,0.655197,1,-74.2675,-74.2675,3952,3952,249.99,249.99,9.10701e+11,0
evt_4,1,0,-1,1,1,-1.24359,0.721724,2,-145.104,-29.5469,6446,861,269.99,129.99,9.10701e+11,0
evt_4,12,0,-1,3,2,1.16181,1.39816,2,-528.712,-28.6698,26684,760,327.49,117.49,9.10701e+11,0
evt_4,13,0,-1,3,2,0.71664,0.737812,1,-994.871,-994.871,54223,54223,369.99,369.99,9.10701e+11,0
evt_4,24,1,-1,1,1,5.56544,1.36513,1,-50.9372,-50.9372,1863,1863,179.99,179.99,9.10701e+11,0
evt_4,25,1,-1,1,1,-0.176475,0.820018,1,-92.49,-92.49,4753,4753,269.99,269.99,9.10701e+11,0
evt_4,48,2,-1,1,1,1.9831,0.660282,1,-71.7989,-71.7989,3075,3075,212.49,212.49,9.10701e+11,0
evt_4,56,2,-1,1,2,1.00302,0.759495,1,-30.9805,-30.9805,416,416,87.49,87.49,9.10701e+11,0
evt_4,57,2,-1,1,2,-0.630341,0.816014,1,-38.1894,-38.1894,472,472,87.49,87.49,9.10701e+11,0
evt_4,60,2,-1,3,2,5.74416,0.906792,1,-49.5216,-49.5216,317,317,72.49,72.49,9.10701e+11,0
evt_4,61,2,-1,3,2,1.92577,0.50974,1,-78.8168,-78.8168,527,527,72.49,72.49,9.10701e+11,0
evt_4,72,3,-1,1,1,-6.81849,0.774178,1,-16.9678,-16.9678,624,624,109.99,109.99,9.10701e+11,0
evt_5,20,0,-1,3,3,0.855089,1.04833,3,-1250.53,-25.7365,95574,645,414.99,124.99,9.10705e+11,0
evt_5,21,0,-1,3,3,1.50861,0.716923,2,-1250.27,-16.5477,110862,147,642.49,69.99,9.10705e+11,0
evt_5,39,1,-1,4,2,-0.0274994,0.922102,1,-52.9942,-52.9942,2404,2404,212.49,212.49,9.10705e+11,0
evt_5,42,1,-1,2,3,2.60036,1.28857,1,-55.5852,-55.5852,2274,2274,192.49,192.49,9.10705e+11,0
evt_5,54,2,-1,4,1,0.943223,0.628335,1,-216.096,-216.096,8216,8216,249.99,249.99,9.10705e+11,0
evt_5,55,2,-1,4,1,1.67512,0.855297,1,-132.707,-132.707,6267,6267,284.99,284.99,9.10705e+11,0
evt_5,80,3,-1,1,2,-2.54019,1.41242,1,-245.232,-245.232,20356,20356,712.49,712.49,9.10705e+11,0
evt_5,81,3,-1,1,2,2.15164,1.01093,1,-329.13,-329.13,16626,16626,324.99,324.99,9.10705e+11,0
evt_5,93,3,-1,3,3,-8.03969,0.861467,2,-16.9672,-16.0158,702,318,124.99,59.99,0,4.5849e+18
evt_6,14,0,-1,4,2,-2.00148,0.909506,1,-780.153,-780.153,42523,42523,412.49,412.49,9.10775e+11,0
evt_6,15,0,-1,4,2,1.52558,0.9354,1,-659.718,-659.718,34636,34636,364.99,364.99,9.10775e+11,0
evt_6,38,1,-1,4,2,-3.52496,0.741378,1,-77.9642,-77.9642,3920,3920,244.99,244.99,9.10775e+11,0
evt_6,39,1,-1,4,2,3.11778,0.969912,1,-21.2355,-21.2355,471,471,89.99,89.99,9.10775e+11,0
evt_6,62,2,-1,4,2,5.23293,1.02342,1,-60.0447,-60.0447,2392,2392,202.49,202.49,9.10775e+11,0
evt_6,63,2,-1,4,2,2.18928,0.831518,1,-30.7688,-30.7688,1132,1132,144.99,144.99,9.10775e+11,0
evt_7,18,0,-1,2,3,-0.0943992,0.859283,2,-1250.31,-66.1469,91491,2402,392.49,229.99,9.10857e+11,0
evt_7,19,0,-1,2,3,-0.802694,0.797461,1,-1198.04,-1198.04,87338,87338,614.99,614.99,9.10857e+11,0
evt_7,36,1,-1,3,2,0.82296,0.890751,1,-51.1256,-51.1256,1724,1724,164.99,164.99,9.10857e+11,0
evt_7,37,1,-1,3,2,1.48092,1.2042,1,-163.595,-163.595,6978,6978,257.49,257.49,9.10857e+11,0
evt_7,50,2,-1,2,1,-2.1108,0.728399,1,-171.683,-171.683,8309,8309,289.99,289.99,9.10857e+11,0
evt_7,51,2,-1,2,1,-1.52327,0.746033,1,-162.945,-162.945,8300,8300,284.99,284.99,9.10857e+11,0
evt_7,60,2,-1,3,2,5.44897,0.978979,2,-264.388,-36.8249,13153,1063,299.99,134.99,9.10857e+11,0
evt_7,61,2,-1,3,2,0.654416,0.983502,1,-614.317,-614.317,27943,27943,364.99,364.99,9.10857e+11,0
evt_7,76,3,-1,3,1,2.39158,1.27856,1,-15.5248,-15.5248,295,295,57.49,57.49,9.10857e+11,0
evt_7,90,3,-1,2,3,-0.6463,0.999883,1,-119.636,-119.636,4863,4863,227.49,227.49,1.49602e+14,4.621e+18
evt_7,91,3,-1,2,3,-2.5086,0.913047,1,-251.703,-251.703,10679,10679,282.49,282.49,0,4.61272e+18
evt_7,92,3,-1,3,3,-10.0319,0.937507,1,-17.0039,-17.0039,426,426,74.99,74.99,0,4.60419e+18
evt_7,93,3,-1,3,3,-14.0837,0.800226,3,-20.0163,-15.0205,2792,284,432.49,54.99,0,4.57946e+18
evt_8,14,0,-1,4,2,2.17713,0.847002,1,-46.2918,-46.2918,1829,1829,179.99,179.99,9.10857e+11,0
evt_8,18,0,-1,2,3,-2.22791,1.14047,1,-267.284,-267.284,13460,13460,329.99,329.99,9.10857e+11,0
evt_8,19,0,-1,2,3,-1.37369,0.611291,1,-261.302,-261.302,13232,13232,349.99,349.99,9.10857e+11,0
evt_8,38,1,-1,4,2,-2.64954,7.04431,1,-41.1369,-41.1369,843,843,117.49,117.49,9.10857e+11,0
evt_8,62,2,-1,4,2,10.9237,0.683158,3,-76.1411,-22.34,2861,481,194.99,94.99,9.10857e+11,0
evt_8,63,2,-1,4,2,-26.6478,6.25437,1,-27.678,-27.678,697,697,117.49,117.49,9.10857e+11,0
evt_8,78,3,-1,4,1,-11.3176,0.880907,1,-20.0914,-20.0914,976,976,162.49,162.49,9.10857e+11,0
evt_8,87,3,-1,4,2,-4.96886,0.925762,1,-15.7531,-15.7531,276,276,57.49,57.49,9.10857e+11,0
evt_8,93,3,-1,3,3,-0.981852,0.849096,3,-22.269,-15.2891,1781,356,259.99,64.99,0,1.37512e+19
evt_9,4,0,-1,3,1,1.95979,0.693636,1,-133.512,-133.512,6696,6696,277.49,277.49,9.10876e+11,0
evt_9,5,0,-1,3,1,-0.0849645,0.721552,1,-77.8131,-77.8131,3360,3360,219.99,219.99,9.10876e+11,0
evt_9,12,0,-1,3,2,5.0546,0.641348,1,-37.8159,-37.8159,1259,1259,144.99,144.99,9.10876e+11,0
evt_9,13,0,-1,3,2,0.482406,0.808745,1,-133.772,-133.772,5610,5610,184.99,184.99,9.10876e+11,0
evt_9,15,0,-1,4,2,14.4464,0.876938,1,-24.5427,-24.5427,640,640,112.49,112.49,9.10876e+11,0
evt_9,28,1,-1,3,1,-1.15862,0.85845,2,-664.295,-234.628,28217,11688,414.99,319.99,9.10876e+11,0
evt_9,29,1,-1,3,1,2.98872,0.883224,3,-202.213,-34.9596,8230,1073,244.99,134.99,9.10876e+11,0
evt_9,30,1,-1,4,1,0.861078,0.786324,1,-262.981,-262.981,9669,9669,247.49,247.49,9.10876e+11,0
evt_9,31,1,-1,4,1,0.967024,0.915204,1,-61.5702,-61.5702,2532,2532,202.49,202.49,9.10876e+11,0
evt_9,52,2,-1,3,1,-3.11954,0.985067,1,-75.8684,-75.8684,3018,3018,204.99,204.99,9.10876e+11,0
evt_9,53,2,-1,3,1,1.12488,0.709056,1,-78.8045,-78.8045,2906,2906,197.49,197.49,9.10876e+11,0
evt_9,82,3,-1,2,2,-7.51507,1.20431,4,-69.2363,-15.7886,4019,108,357.49,19.99,9.10876e+11,0
evt_9,90,3,-1,2,3,-1.32103,1.13164,2,-1250.31,-24.6312,106107,260,399.99,92.49,1.49602e+14,4.64225e+18
evt_9,91,3,-1,2,3,0.773607,1.4847,3,-1250.5,-20.2063,117752,97,514.99,77.49,0,4.61621e+18
evt_9,93,3,-1,3,3,-1.15092,0.790147,1,-18.6011,-18.6011,1111,1111,192.49,192.49,0,4.61893e+18
evt_10,6,0,-1,4,1,1.45351,1.10389,1,-1250.04,-1250.04,74006,74006,374.99,374.99,9.10948e+11,0
evt_10,7,0,-1,4,1,-8.98482,0.767063,2,-490.628,-30.0417,26288,970,424.99,137.49,9.10948e+11,0
evt_10,30,1,-1,4,1,0.0878718,0.999852,2,-784.193,-26.3798,36367,590,332.49,104.99,9.10948e+11,0
evt_10,31,1,-1,4,1,-2.18434,0.869702,1,-273.202,-273.202,13474,13474,307.49,307.49,9.10948e+11,0
evt_10,52,2,-1,3,1,1.35115,0.75523,2,-585.176,-80.293,26079,2600,327.49,127.49,9.10948e+11,0
evt_10,53,2,-1,3,1,0.456661,0.721389,1,-474.279,-474.279,23585,23585,394.99,394.99,9.10948e+11,0
evt_10,56,2,-1,1,2,-22.2309,1.30035,3,-24.934,-17.0031,14128,124,1917.49,19.99,9.10948e+11,0
evt_10,76,3,-1,3,1,2.33425,11.3771,3,-323.303,-16.8865,14766,334,269.99,74.99,9.10948e+11,0
evt_10,77,3,-1,3,1,39.2525,0.592495,1,-33.1306,-33.1306,766,766,119.99,119.99,9.10948e+11,0
evt_10,93,3,-1,3,3,-5.71967,2.21961,3,-19.4786,-16.0878,1291,316,207.49,57.49,0,1.37899e+19
evt_11,12,0,-1,3,2,2.58818,1.64514,1,-26.8785,-26.8785,736,736,114.99,114.99,9.11001e+11,0
evt_11,30,1,-1,4,1,-6.91697,0.879054,1,-25.9628,-25.9628,945,945,139.99,139.99,9.11001e+11,0
evt_11,40,1,-1,1,3,-871.975,195.548,2,-572.668,-75.6427,11671,1882,189.99,147.49,9.11001e+11,0
evt_11,41,1,-1,1,3,-850.259,224.975,1,-540.64,-540.64,12705,12705,252.49,252.49,9.11001e+11,0
evt_11,52,2,-1,3,1,2.9081,0.7802,1,-19.1009,-19.1009,134,134,62.49,62.49,9.11001e+11,0
evt_11,53,2,-1,3,1,1.73919,0.841357,1,-20.8544,-20.8544,201,201,74.99,74.99,9.11001e+11,0
evt_11,72,3,-1,1,1,-24.354,1.42874,1,-32.9485,-32.9485,23086,23086,2507.49,2507.49,9.11001e+11,0
evt_11,82,3,-1,2,2,19.3605,1.34711,2,-77.4324,-19.1219,2201,311,157.49,77.49,9.11001e+11,0
evt_11,93,3,-1,3,3,-5.58676,1.29966,1,-15.8956,-15.8956,282,282,54.99,54.99,0,4.60278e+18
evt_12,28,1,-1,3,1,10.1704,0.874548,1,-47.8509,-47.8509,1446,1446,152.49,152.49,9.11028e+11,0
evt_12,52,2,-1,3,1,-0.938792,1.37303,1,-26.2378,-26.2378,180,180,62.49,62.49,9.11028e+11,0
evt_12,54,2,-1,4,1,2.48992,0.751722,1,-22.5029,-22.5029,181,181,64.99,64.99,9.11028e+11,0
evt_12,58,2,-1,2,2,1.63748,0.692839,1,-26.9548,-26.9548,934,934,134.99,134.99,9.11028e+11,0
evt_12,78,3,-1,4,1,-6.52689,0.925615,2,-17.4596,-17.4231,670,537,119.99,99.99,9.11028e+11,0
evt_13,44,1,-1,3,3,0.932331,1.13932,1,-32.5539,-32.5539,991,991,129.99,129.99,9.1103e+11,0
evt_13,80,3,-1,1,2,10.5711,1.76955,1,-31.9952,-31.9952,1215,1215,152.49,152.49,9.1103e+11,0
evt_14,4,0,-1,3,1,12.2758,0.862557,2,-326.845,-27.8701,13247,1182,262.49,162.49,9.1109e+11,0
evt_14,5,0,-1,3,1,2.58662,4.31905,1,-35.6825,-35.6825,847,847,124.99,124.99,9.1109e+11,0
evt_14,26,1,-1,2,1,7.28993,1.31346,1,-42.0882,-42.0882,1584,1584,167.49,167.49,9.1109e+11,0
evt_14,44,1,-1,3,3,71.8759,5.26698,4,-292.841,-49.6532,10544,87,269.99,92.49,9.1109e+11,0
evt_14,45,1,-1,3,3,100.424,1.46008,3,-138.354,-67.0226,2923,1035,149.99,114.99,9.1109e+11,0
evt_14,71,2,-1,4,3,12.1697,1.05266,1,-34.9278,-34.9278,892,892,122.49,122.49,9.1109e+11,0
evt_14,75,3,-1,2,1,-5.60222,2.20425,1,-65.7611,-65.7611,2613,2613,199.99,199.99,9.1109e+11,0
evt_14,93,3,-1,3,3,-7.16982,1.11176,4,-19.176,-16.3936,1399,367,234.99,69.99,0,1.37298e+19
evt_15,6,0,-1,4,1,-0.171227,1.23607,2,-1249.93,-39.0383,93519,1051,469.99,134.99,9.11114e+11,0
evt_15,7,0,-1,4,1,-5.58489,0.686888,2,-1249.97,-27.4413,75701,987,417.49,137.49,9.11114e+11,0
evt_15,21,0,-1,3,3,0.38791,1.00832,1,-46.9691,-46.9691,1921,1921,182.49,182.49,9.11114e+11,0
evt_15,41,1,-1,1,3,0.857245,1.06905,1,-34.16,-34.16,1160,1160,144.99,144.99,9.11114e+11,0
evt_15,42,1,-1,2,3,-3.99121,1.08232,1,-601.347,-601.347,27884,27884,332.49,332.49,9.11114e+11,0
evt_15,43,1,-1,2,3,-2.3245,0.73107,2,-340.608,-39.9506,17484,1491,322.49,164.99,9.11114e+11,0
evt_15,91,3,-1,2,3,2.1902,1.14305,2,-253.263,-21.9224,10524,623,272.49,109.99,0,1.38478e+19
evt_16,10,0,-1,2,2,-2.20745,0.936121,2,-452.774,-30.7666,21861,1040,369.99,139.99,9.11135e+11,0
evt_16,11,0,-1,2,2,-0.517553,0.739835,1,-535.346,-535.346,32881,32881,412.49,412.49,9.11135e+11,0
evt_16,24,1,-1,1,1,2.14261,1.12146,1,-128.977,-128.977,5370,5370,239.99,239.99,9.11135e+11,0
evt_16,25,1,-1,1,1,-0.0383995,0.929746,1,-361.196,-361.196,17595,17595,319.99,319.99,9.11135e+11,0
evt_16,58,2,-1,2,2,1.48502,0.643804,1,-447.897,-447.897,23939,23939,347.49,347.49,9.11135e+11,0
evt_16,59,2,-1,2,2,1.20573,0.98385,1,-516.557,-516.557,28497,28497,379.99,379.99,9.11135e+11,0
evt_16,90,3,-1,2,3,-2.60824,1.01028,2,-1249.89,-40.6018,67339,1083,397.49,134.99,1.49602e+14,1.38539e+19
evt_16,91,3,-1,2,3,0.287481,1.00779,1,-1250.31,-1250.31,78610,78610,517.49,517.49,0,1.38787e+19
evt_17,14,0,-1,4,2,5.61252,1.0317,1,-36.3698,-36.3698,1269,1269,149.99,149.99,9.11237e+11,0
evt_17,46,1,-1,4,3,0.246108,0.91768,2,-1250.84,-226.843,78846,12894,392.49,392.49,9.11237e+11,0
evt_17,47,1,-1,4,3,-3.00085,0.988905,1,-1250.39,-1250.39,84830,84830,462.49,462.49,9.11237e+11,0
evt_17,68,2,-1,3,3,3.1332,0.886231,1,-1250.08,-1250.08,103411,103411,654.99,654.99,9.11237e+11,0
evt_17,69,2,-1,3,3,1.23725,1.16587,1,-1249.97,-1249.97,71158,71158,387.49,387.49,9.11237e+11,0
evt_17,80,3,-1,1,2,3.08082,0.832721,1,-18.6424,-18.6424,589,589,104.99,104.99,9.11237e+11,0
evt_17,93,3,-1,3,3,-10.5163,1.00572,1,-16.7755,-16.7755,697,697,124.99,124.99,0,1.3685e+19
evt_17,94,3,-1,4,3,-0.131008,1.02685,3,-1168.28,-28.3634,73851,657,629.99,74.99,4.38087e+11,1.37819e+19
evt_17,95,3,-1,4,3,0.214099,0.885341,2,-1164.76,-25.5828,62660,741,392.49,114.99,4.38087e+11,1.3822e+19
evt_18,8,0,-1,1,2,-1.66775,0.800124,1,-87.3453,-87.3453,3705,3705,222.49,222.49,9.11242e+11,0
evt_18,9,0,-1,1,2,-2.02992,0.658744,1,-51.583,-51.583,1779,1779,167.49,167.49,9.11242e+11,0
evt_18,56,2,-1,1,2,2.81941,1.70337,1,-1250.77,-1250.77,135944,135944,472.49,472.49,9.11242e+11,0
evt_18,57,2,-1,1,2,-6.59518,0.499284,2,-1250.35,-29.6234,97613,554,494.99,107.49,9.11242e+11,0
evt_18,81,3,-1,1,2,-7.35428,0.81575,1,-257.256,-257.256,12300,12300,294.99,294.99,9.11242e+11,0
evt_19,2,0,-1,2,1,-0.649857,0.73108,3,-650.757,-17.4986,54369,257,364.99,67.49,9.11318e+11,0
evt_19,3,0,-1,2,1,-1.30709,1.42404,4,-842.829,-22.3479,78318,439,754.99,97.49,9.11318e+11,0
evt_19,24,1,-1,1,1,-3.5659,1.01502,1,-133.59,-133.59,7780,7780,314.99,314.99,9.11318e+11,0
evt_19,25,1,-1,1,1,-1.36957,0.863225,2,-108.504,-18.6819,4980,315,247.49,47.49,9.11318e+11,0
evt_19,48,2,-1,1,1,-0.832222,0.845388,1,-88.7541,-88.7541,4671,4671,254.99,254.99,9.11318e+11,0
evt_19,78,3,-1,4,1,-140.659,33.5352,4,-90.6293,-18.6043,4487,529,282.49,107.49,9.11318e+11,0
evt_19,79,3,-1,4,1,-111.112,30.9742,2,-66.2009,-32.4058,1118,1023,137.49,114.99,9.11318e+11,0
evt_19,87,3,-1,4,2,-1.06258,1.16483,1,-19.024,-19.024,1223,1223,202.49,202.49,9.11318e+11,0
evt_19,93,3,-1,3,3,-14.4898,0.960944,2,-16.2396,-16.0495,899,411,167.49,82.49,0,1.38109e+19
evt_20,54,2,-1,4,1,13.8352,5.28289,2,-74.3878,-18.7184,1273,233,119.99,77.49,9.1143e+11,0
evt_20,55,2,-1,4,1,30.2827,7.71251,3,-135.268,-16.4689,3600,38,167.49,62.49,9.1143e+11,0
evt_21,28,1,-1,3,1,5.36902,1.40777,1,-48.0825,-48.0825,1268,1268,137.49,137.49,9.11509e+11,0
evt_21,29,1,-1,3,1,10.2549,1.70956,1,-41.8612,-41.8612,1458,1458,162.49,162.49,9.11509e+11,0
evt_21,30,1,-1,4,1,-112.713,13.1389,2,-95.1517,-34.2745,1082,610,109.99,102.49,9.11509e+11,0
evt_21,31,1,-1,4,1,15.7385,0.774138,1,-15.2475,-15.2475,171,171,54.99,54.99,9.11509e+11,0
evt_21,40,1,-1,1,3,2.00411,0.833452,1,-126.689,-126.689,6189,6189,262.49,262.49,9.11509e+11,0
evt_21,41,1,-1,1,3,-0.174826,0.678537,1,-89.6315,-89.6315,6856,6856,362.49,362.49,9.11509e+11,0
evt_21,52,2,-1,3,1,-3.43207,0.971956,1,-464.745,-464.745,22174,22174,329.99,329.99,9.11509e+11,0
evt_21,53,2,-1,3,1,0.531607,0.751002,1,-283.043,-283.043,12765,12765,287.49,287.49,9.11509e+11,0
evt_21,54,2,-1,4,1,0.000241196,0.678213,1,-39.3616,-39.3616,487,487,87.49,87.49,9.11509e+11,0
evt_21,55,2,-1,4,1,2.16055,0.665161,1,-16.3164,-16.3164,135,135,59.99,59.99,9.11509e+11,0
evt_21,60,2,-1,3,2,-140.496,31.9548,2,-167.244,-18.7714,5431,27,209.99,72.49,9.11509e+11,0
evt_21,61,2,-1,3,2,-96.6458,48.7531,1,-165.044,-165.044,5246,5246,194.99,194.99,9.11509e+11,0
evt_21,64,2,-1,1,3,0.109623,0.713137,1,-206.142,-206.142,11126,11126,304.99,304.99,9.11509e+11,0
evt_21,65,2,-1,1,3,-3.99554,1.06921,1,-375.989,-375.989,18029,18029,312.49,312.49,9.11509e+11,0
evt_21,88,3,-1,1,3,1.40504,0.695781,1,-61.6838,-61.6838,2746,2746,234.99,234.99,1.49602e+14,1.10382e+12
evt_21,89,3,-1,1,3,0.636424,0.944145,1,-66.3772,-66.3772,2743,2743,202.49,202.49,1.49602e+14,4.6409e+18
evt_22,0,0,-1,1,1,-0.724459,0.847046,2,-1250.65,-195.01,149128,6167,497.49,282.49,9.11593e+11,0
evt_22,1,0,-1,1,1,-0.766379,1.03196,1,-1250.68,-1250.68,171758,171758,817.49,817.49,9.11593e+11,0
evt_22,24,1,-1,1,1,5.02298,0.698989,3,-1249.85,-110.294,315097,1990,994.99,57.49,9.11593e+11,0
evt_22,25,1,-1,1,1,2.02052,0.798829,1,-1250.35,-1250.35,211662,211662,754.99,754.99,9.11593e+11,0
evt_22,58,2,-1,2,2,0.15244,0.857997,1,-131.076,-131.076,5862,5862,249.99,249.99,9.11593e+11,0
evt_22,59,2,-1,2,2,-2.6395,0.838723,1,-133.05,-133.05,8615,8615,394.99,394.99,9.11593e+11,0
evt_22,72,3,-1,1,1,2.31649,0.589029,2,-204.155,-33.5482,12093,1301,324.99,157.49,9.11593e+11,0
evt_22,73,3,-1,1,1,-0.733913,0.669237,1,-181.361,-181.361,8879,8879,289.99,289.99,9.11593e+11,0
evt_22,76,3,-1,3,1,-7.56883,0.96675,1,-16.8098,-16.8098,587,587,104.99,104.99,9.11593e+11,0
evt_22,78,3,-1,4,1,-3.50459,0.986812,1,-16.8888,-16.8888,457,457,89.99,89.99,9.11593e+11,0
evt_22,93,3,-1,3,3,-6.82423,0.621075,5,-22.306,-15.7072,1755,332,259.99,59.99,0,1.38015e+19
evt_23,11,0,-1,2,2,-1.25214,0.80246,1,-66.8652,-66.8652,2842,2842,207.49,207.49,9.11827e+11,0
evt_23,40,1,-1,1,3,13.8335,11.699,3,-46.8262,-23.7518,1128,442,132.49,97.49,9.11827e+11,0
evt_23,41,1,-1,1,3,-117.533,64.9839,3,-204.849,-37.4444,6251,1004,202.49,129.99,9.11827e+11,0
evt_23,60,2,-1,3,2,3.85188,0.560899,1,-330.391,-330.391,12335,12335,269.99,269.99,9.11827e+11,0
evt_23,61,2,-1,3,2,0.363884,0.776892,1,-467.218,-467.218,21902,21902,347.49,347.49,9.11827e+11,0
evt_23,90,3,-1,2,3,4.20501,1.30383,1,-52.3072,-52.3072,1918,1918,172.49,172.49,1.49602e+14,1.38416e+19
evt_23,92,3,-1,3,3,37.7502,0.959035,2,-1249.93,-155.092,62031,5690,332.49,209.99,0,1.38083e+19
evt_23,94,3,-1,4,3,13.4237,1.01138,2,-42.7785,-17.9619,1358,398,147.49,84.99,4.38087e+11,4.50692e+18
evt_25,22,0,-1,4,3,-2.35717,0.919984,2,-1250.46,-25.5822,99751,424,412.49,94.99,9.11858e+11,0
evt_25,23,0,-1,4,3,-8.63652,0.467714,2,-1244.89,-22.951,78677,413,387.49,87.49,9.11858e+11,0
evt_25,37,1,-1,3,2,-3.15678,0.695157,1,-44.2637,-44.2637,1796,1796,182.49,182.49,9.11858e+11,0
evt_25,49,2,-1,1,1,-1.76763,0.783927,1,-66.3393,-66.3393,660,660,79.99,79.99,9.11858e+11,0
evt_25,54,2,-1,4,1,3.88506,0.868318,1,-472.596,-472.596,19494,19494,287.49,287.49,9.11858e+11,0
evt_25,55,2,-1,4,1,5.34023,0.755792,1,-825.548,-825.548,40020,40020,344.99,344.99,9.11858e+11,0
evt_25,84,3,-1,3,2,-0.755216,0.823192,1,-167.369,-167.369,9412,9412,307.49,307.49,9.11858e+11,0
evt_25,85,3,-1,3,2,2.40611,0.663401,1,-99.9659,-99.9659,3492,3492,202.49,202.49,9.11858e+11,0
evt_26,8,0,-1,1,2,16.3802,0.926894,3,-61.4567,-22.3795,1376,407,132.49,92.49,9.11946e+11,0
evt_26,12,0,-1,3,2,0.470198,0.768215,1,-95.1585,-95.1585,5565,5565,297.49,297.49,9.11946e+11,0
evt_26,13,0,-1,3,2,-0.243907,0.869744,1,-443.927,-443.927,20087,20087,327.49,327.49,9.11946e+11,0
evt_26,30,1,-1,4,1,2.14614,1.08652,1,-178.538,-178.538,6834,6834,242.49,242.49,9.11946e+11,0
evt_26,31,1,-1,4,1,-1.28136,1.10601,1,-97.41,-97.41,4388,4388,232.49,232.49,9.11946e+11,0
evt_26,49,2,-1,1,1,-0.900198,0.649973,1,-51.0233,-51.0233,266,266,62.49,62.49,9.11946e+11,0
evt_26,61,2,-1,3,2,2.31772,0.78669,1,-33.5882,-33.5882,1194,1194,152.49,152.49,9.11946e+11,0
evt_26,81,3,-1,1,2,2.53262,1.45644,1,-26.8627,-26.8627,986,986,137.49,137.49,9.11946e+11,0
evt_27,0,0,-1,1,1,0.715308,0.543465,1,-60.6159,-60.6159,2297,2297,187.49,187.49,9.12076e+11,0
evt_27,1,0,-1,1,1,-0.0962624,0.662046,1,-163.37,-163.37,6007,6007,234.99,234.99,9.12076e+11,0
evt_27,23,0,-1,4,3,3.76212,0.822786,1,-26.9187,-26.9187,628,628,107.49,107.49,9.12076e+11,0
evt_27,25,1,-1,1,1,0.653306,0.858075,1,-38.5426,-38.5426,1493,1493,167.49,167.49,9.12076e+11,0
evt_27,48,2,-1,1,1,64.2689,39.5969,1,-79.7293,-79.7293,1253,1253,127.49,127.49,9.12076e+11,0
evt_27,49,2,-1,1,1,2.00186,12.8815,1,-27.3339,-27.3339,626,626,147.49,147.49,9.12076e+11,0
evt_28,4,0,-1,3,1,0.264957,0.681794,4,-1218.63,-17.6138,94297,254,444.99,74.99,9.12079e+11,0
evt_28,5,0,-1,3,1,0.231387,0.634359,4,-1250.19,-17.6888,109154,144,472.49,69.99,9.12079e+11,0
evt_28,27,1,-1,2,1,-8.25089,1.47569,1,-23.5564,-23.5564,631,631,117.49,117.49,9.12079e+11,0
evt_28,47,1,-1,4,3,2.05651,0.89354,1,-44.6446,-44.6446,1794,1794,179.99,179.99,9.12079e+11,0
evt_28,58,2,-1,2,2,2.40857,0.743073,1,-36.0838,-36.0838,375,375,82.49,82.49,9.12079e+11,0
evt_28,59,2,-1,2,2,1.47953,0.771147,1,-36.7821,-36.7821,289,289,79.99,79.99,9.12079e+11,0
evt_28,60,2,-1,3,2,0.69116,0.587608,2,-29.4769,-26.7561,928,200,127.49,59.99,9.12079e+11,0
evt_28,61,2,-1,3,2,-0.957463,0.948629,2,-81.9315,-31.4498,2942,193,199.99,59.99,9.12079e+11,0
evt_28,90,3,-1,2,3,30.5933,2.84024,4,-348.73,-16.013,5915,117,194.99,59.99,1.49602e+14,4.40398e+18
evt_28,91,3,-1,2,3,50.1921,1.52222,2,-28.7079,-15.3641,402,75,104.99,54.99,0,4.5422e+18
evt_28,94,3,-1,4,3,0.0564343,0.844958,1,-117.12,-117.12,5167,5167,244.99,244.99,4.38087e+11,4.59172e+18
evt_28,95,3,-1,4,3,0.387071,1.19652,1,-127.147,-127.147,5735,5735,254.99,254.99,4.38087e+11,4.61551e+18
evt_29,14,0,-1,4,2,4.73053,1.26329,2,-342.749,-62.8286,15040,2311,294.99,179.99,9.1213e+11,0
evt_29,15,0,-1,4,2,5.36418,0.816482,1,-115.184,-115.184,5953,5953,279.99,279.99,9.1213e+11,0
evt_29,38,1,-1,4,2,-0.999029,1.01465,1,-194.441,-194.441,8006,8006,262.49,262.49,9.1213e+11,0
evt_29,39,1,-1,4,2,0.321233,1.22405,1,-194.859,-194.859,7922,7922,254.99,254.99,9.1213e+11,0
evt_29,62,2,-1,4,2,-0.839023,0.927126,1,-28.4794,-28.4794,368,368,84.99,84.99,9.1213e+11,0
evt_29,63,2,-1,4,2,-0.158508,0.797318,1,-23.2436,-23.2436,223,223,79.99,79.99,9.1213e+11,0
evt_29,80,3,-1,1,2,-4.39765,0.793415,2,-21.082,-19.4383,1162,460,182.49,67.49,9.1213e+11,0
evt_29,86,3,-1,4,2,-0.0029103,1.07261,2,-259.666,-21.9977,10173,605,272.49,107.49,9.1213e+11,0
evt_29,87,3,-1,4,2,-0.167173,1.00199,1,-619.722,-619.722,33069,33069,369.99,369.99,9.1213e+11,0
evt_30,4,0,-1,3,1,0.572299,0.683373,1,-373.095,-373.095,18513,18513,349.99,349.99,9.12204e+11,0
evt_30,5,0,-1,3,1,0.657766,0.787166,1,-569.168,-569.168,27517,27517,362.49,362.49,9.12204e+11,0
evt_30,26,1,-1,2,1,-297.046,38.5668,2,-332.294,-293.386,13349,10199,284.99,277.49,9.12204e+11,0
evt_30,27,1,-1,2,1,-198.01,23.1795,1,-202.01,-202.01,8337,8337,254.99,254.99,9.12204e+11,0
evt_30,60,2,-1,3,2,2.19784,0.499542,3,-1250.07,-29.3228,68586,743,384.99,112.49,9.12204e+11,0
evt_30,61,2,-1,3,2,-1.19527,0.658408,2,-1250.54,-33.704,63675,956,474.99,132.49,9.12204e+11,0
evt_30,72,3,-1,1,1,-6.51919,0.778623,3,-16.0127,-15.2119,365,291,69.99,54.99,9.12204e+11,0
evt_30,83,3,-1,2,2,1.6896,0.735933,1,-36.2573,-36.2573,1428,1428,162.49,162.49,9.12204e+11,0
evt_30,84,3,-1,3,2,-0.139719,0.812793,1,-349.342,-349.342,21185,21185,417.49,417.49,9.12204e+11,0
evt_30,85,3,-1,3,2,0.944241,0.918427,1,-92.4148,-92.4148,3211,3211,197.49,197.49,9.12204e+11,0
evt_31,8,0,-1,1,2,-0.328305,1.15427,1,-213.907,-213.907,11425,11425,302.49,302.49,9.12209e+11,0
evt_31,9,0,-1,1,2,-0.259944,0.958477,1,-37.8582,-37.8582,1109,1109,137.49,137.49,9.12209e+11,0
evt_31,47,1,-1,4,3,-2.66851,0.619379,1,-49.9058,-49.9058,2315,2315,212.49,212.49,9.12209e+11,0
evt_31,56,2,-1,1,2,1.54572,0.85254,1,-31.2536,-31.2536,204,204,62.49,62.49,9.12209e+11,0
evt_31,57,2,-1,1,2,1.20523,0.740467,1,-68.092,-68.092,293,293,62.49,62.49,9.12209e+11,0
evt_31,60,2,-1,3,2,-2.65033,0.517406,1,-231.614,-231.614,11791,11791,309.99,309.99,9.12209e+11,0
evt_31,61,2,-1,3,2,-3.9582,0.921052,1,-203.284,-203.284,9215,9215,284.99,284.99,9.12209e+11,0
evt_31,72,3,-1,1,1,-22.5589,0.829054,1,-38.0878,-38.0878,24912,24912,2507.49,2507.49,9.12209e+11,0
evt_31,82,3,-1,2,2,2.83634,1.95729,2,-830.239,-402.692,40609,7861,402.49,72.49,9.12209e+11,0
evt_31,83,3,-1,2,2,1.07684,1.09762,1,-576.717,-576.717,27517,27517,329.99,329.99,9.12209e+11,0
evt_32,0,0,-1,1,1,3.63293,1.01304,1,-72.4457,-72.4457,3433,3433,224.99,224.99,9.12214e+11,0
evt_32,1,0,-1,1,1,2.54492,1.08292,2,-268.058,-33.7812,11477,960,267.49,127.49,9.12214e+11,0
evt_32,25,1,-1,1,1,0.0443639,0.908929,1,-108.353,-108.353,4729,4729,244.99,244.99,9.12214e+11,0
evt_32,48,2,-1,1,1,-1.5987,0.954745,2,-621.463,-19.9819,34670,758,397.49,127.49,9.12214e+11,0
evt_32,49,2,-1,1,1,0.694925,0.641044,2,-689.489,-78.7577,34939,3215,367.49,207.49,9.12214e+11,0
evt_32,50,2,-1,2,1,0.313391,0.85997,1,-517.45,-517.45,25137,25137,334.99,334.99,9.12214e+11,0
evt_32,51,2,-1,2,1,0.811735,0.657645,1,-74.1143,-74.1143,4314,4314,254.99,254.99,9.12214e+11,0
evt_32,62,2,-1,4,2,-1.10989,1.00796,1,-70.1811,-70.1811,964,964,92.49,92.49,9.12214e+11,0
evt_32,63,2,-1,4,2,2.08397,0.942872,1,-41.5218,-41.5218,435,435,84.99,84.99,9.12214e+11,0
evt_32,93,3,-1,3,3,-7.48373,0.651392,1,-20.9725,-20.9725,1139,1139,177.49,177.49,0,4.64091e+18
evt_33,16,0,-1,1,3,-38.7131,9.24748,1,-22.9668,-22.9668,342,342,72.49,72.49,9.1223e+11,0
evt_33,17,0,-1,1,3,1.12759,0.665243,4,-96.151,-17.0455,4167,439,227.49,87.49,9.1223e+11,0
evt_33,25,1,-1,1,1,-1.31691,1.00414,1,-55.0773,-55.0773,2341,2341,199.99,199.99,9.1223e+11,0
evt_33,74,3,-1,2,1,1.07612,1.32216,2,-1250,-43.9601,77468,2882,507.49,317.49,9.1223e+11,0
evt_33,75,3,-1,2,1,-1.0895,0.845428,1,-1235.55,-1235.55,90760,90760,567.49,567.49,9.1223e+11,0
evt_33,76,3,-1,3,1,-7.6788,1.18469,1,-15.0598,-15.0598,212,212,54.99,54.99,9.1223e+11,0
evt_34,4,0,-1,3,1,-1.48803,0.790687,1,-66.5662,-66.5662,2885,2885,214.99,214.99,9.12231e+11,0
evt_34,5,0,-1,3,1,-1.05287,1.0997,1,-203.32,-203.32,8295,8295,252.49,252.49,9.12231e+11,0
evt_34,11,0,-1,2,2,4.50799,0.641975,1,-47.428,-47.428,1769,1769,169.99,169.99,9.12231e+11,0
evt_34,28,1,-1,3,1,0.488671,0.856766,1,-848.511,-848.511,36245,36245,334.99,334.99,9.12231e+11,0
evt_34,29,1,-1,3,1,-0.24843,1.07161,1,-458.135,-458.135,20071,20071,312.49,312.49,9.12231e+11,0
evt_34,76,3,-1,3,1,11.946,0.737317,1,-98.7445,-98.7445,4492,4492,239.99,239.99,9.12231e+11,0
evt_35,0,0,-1,1,1,-3.35268,1.02698,1,-299.093,-299.093,16305,16305,399.99,399.99,9.12249e+11,0
evt_35,1,0,-1,1,1,0.312073,0.800309,1,-366.453,-366.453,16735,16735,332.49,332.49,9.12249e+11,0
evt_35,6,0,-1,4,1,8.4257,0.682624,1,-58.6012,-58.6012,2141,2141,179.99,179.99,9.12249e+11,0
evt_35,8,0,-1,1,2,0.148647,0.74779,1,-479.838,-479.838,21418,21418,299.99,299.99,9.12249e+11,0
evt_35,9,0,-1,1,2,0.765716,0.84303,1,-77.8117,-77.8117,6225,6225,384.99,384.99,9.12249e+11,0
evt_35,48,2,-1,1,1,2.59369,0.761249,1,-67.0254,-67.0254,4020,4020,334.99,334.99,9.12249e+11,0
evt_35,49,2,-1,1,1,-0.659944,0.675553,1,-53.9886,-53.9886,2334,2334,199.99,199.99,9.12249e+11,0
evt_35,50,2,-1,2,1,-0.908433,0.843248,1,-36.1422,-36.1422,432,432,87.49,87.49,9.12249e+11,0
evt_35,51,2,-1,2,1,0.276857,0.680421,1,-37.0978,-37.0978,415,415,84.99,84.99,9.12249e+11,0
evt_35,56,2,-1,1,2,-13.7403,1.62828,8,-25.624,-15.8982,1561,610,257.49,107.49,9.12249e+11,0
evt_35,57,2,-1,1,2,3.78513,0.705814,1,-16.0134,-16.0134,77,77,62.49,62.49,9.12249e+11,0
evt_35,62,2,-1,4,2,3.96627,0.939498,1,-61.5583,-61.5583,474,474,77.49,77.49,9.12249e+11,0
evt_35,72,3,-1,1,1,-24.0182,0.998878,2,-27.7891,-22.9099,14889,2826,1869.99,407.49,9.12249e+11,0
evt_35,86,3,-1,4,2,-17.4082,5.36758,1,-93.1013,-93.1013,2300,2300,154.99,154.99,9.12249e+11,0
evt_35,87,3,-1,4,2,-14.6689,39.3889,2,-91.2336,-26.6304,3954,822,209.99,174.99,9.12249e+11,0
evt_35,94,3,-1,4,3,-0.603359,0.775352,1,-1250.23,-1250.23,15450,15450,59.99,59.99,4.38087e+11,1.38499e+19
evt_35,95,3,-1,4,3,-0.899133,0.808274,1,-1133.38,-1133.38,13428,13428,59.99,59.99,4.38087e+11,1.38656e+19
evt_36,7,0,-1,4,1,-10.1499,1.08378,1,-15.2884,-15.2884,275,275,54.99,54.99,9.12274e+11,0
evt_36,16,0,-1,1,3,-1.27642,0.856912,2,-1250.5,-275.947,79093,9964,417.49,232.49,9.12274e+11,0
evt_36,17,0,-1,1,3,-1.36023,0.808041,2,-1250.46,-60.8619,99977,2053,447.49,169.99,9.12274e+11,0
evt_36,26,1,-1,2,1,3.22933,0.996012,1,-369.395,-369.395,16114,16114,297.49,297.49,9.12274e+11,0
evt_36,27,1,-1,2,1,1.57362,0.988647,3,-433.862,-22.9136,21494,637,327.49,109.99,9.12274e+11,0
evt_36,42,1,-1,2,3,6.70278,1.20691,1,-93.4467,-93.4467,3868,3868,219.99,219.99,9.12274e+11,0
evt_36,52,2,-1,3,1,-2.70236,0.630476,1,-64.7109,-64.7109,675,675,79.99,79.99,9.12274e+11,0
evt_36,53,2,-1,3,1,-4.08036,0.770393,1,-79.4121,-79.4121,774,774,77.49,77.49,9.12274e+11,0
evt_36,54,2,-1,4,1,-1.31135,1.10485,1,-59.5562,-59.5562,804,804,92.49,92.49,9.12274e+11,0
evt_36,55,2,-1,4,1,1.86752,0.785586,1,-17.422,-17.422,63,63,59.99,59.99,9.12274e+11,0
evt_36,56,2,-1,1,2,-15.388,1.98715,3,-54.8879,-18.229,6932,1641,944.99,257.49,9.12274e+11,0
evt_36,57,2,-1,1,2,-3.23575,0.750181,1,-63.0589,-63.0589,439,439,69.99,69.99,9.12274e+11,0
evt_36,68,2,-1,3,3,-33.4434,0.927856,1,-38.7622,-38.7622,33049,33049,2507.49,2507.49,9.12274e+11,0
evt_36,69,2,-1,3,3,-18.5995,0.900805,4,-21.9206,-16.5516,10466,996,1552.49,177.49,9.12274e+11,0
evt_36,70,2,-1,4,3,-16.4989,1.02499,1,-20.1296,-20.1296,16195,16195,2507.49,2507.49,9.12274e+11,0
evt_36,71,2,-1,4,3,-20.0269,0.73657,1,-25.6579,-25.6579,20359,20359,2507.49,2507.49,9.12274e+11,0
evt_36,78,3,-1,4,1,-25.6853,2.98783,2,-26.414,-19.9382,714,283,119.99,67.49,9.12274e+11,0
evt_36,79,3,-1,4,1,-33.0897,2.79971,1,-28.3622,-28.3622,440,440,87.49,87.49,9.12274e+11,0
evt_36,90,3,-1,2,3,-11.1578,1.05557,5,-20.5874,-17.2716,3625,833,597.49,144.99,1.49602e+14,4.61824e+18
evt_36,91,3,-1,2,3,-24.2439,0.72,1,-29.3182,-29.3182,21991,21991,2507.49,2507.49,0,4.62442e+18
evt_36,92,3,-1,3,3,-100.7,0.613001,1,-129.324,-129.324,113914,113914,2507.49,2507.49,0,4.62167e+18
evt_36,93,3,-1,3,3,-19.0568,0.677395,7,-23.0278,-15.6695,3217,323,444.99,62.49,0,4.5987e+18
evt_37,20,0,-1,3,3,1.99397,0.822703,2,-1250.12,-19.6666,76558,530,369.99,99.99,9.12275e+11,0
evt_37,21,0,-1,3,3,-0.0707053,0.963573,2,-920.959,-37.5156,48067,1655,367.49,189.99,9.12275e+11,0
evt_37,46,1,-1,4,3,5.1862,0.906112,1,-106.788,-106.788,5003,5003,259.99,259.99,9.12275e+11,0
evt_37,52,2,-1,3,1,0.909747,0.714457,2,-870.549,-36.6783,42337,1138,359.99,144.99,9.12275e+11,0
evt_37,53,2,-1,3,1,-1.62635,0.773587,1,-964.21,-964.21,48475,48475,374.99,374.99,9.12275e+11,0
evt_37,54,2,-1,4,1,-2.36196,0.704256,4,-1250.38,-18.4185,77046,178,437.49,72.49,9.12275e+11,0
evt_37,55,2,-1,4,1,-0.204334,0.927346,1,-1250.39,-1250.39,106426,106426,492.49,492.49,9.12275e+11,0
evt_37,80,3,-1,1,2,-0.252003,1.16725,1,-1250.19,-1250.19,92742,92742,642.49,642.49,9.12275e+11,0
evt_37,81,3,-1,1,2,5.02071,1.2851,2,-1250.31,-59.8561,66490,2527,379.99,202.49,9.12275e+11,0
evt_37,92,3,-1,3,3,5.29654,57.5278,2,-267.521,-27.3736,6070,282,167.49,89.99,0,1.38655e+19
evt_38,8,0,-1,1,2,0.350082,0.637611,1,-578.803,-578.803,30764,30764,304.99,304.99,9.1231e+11,0
evt_38,9,0,-1,1,2,-0.722173,0.673101,1,-558.302,-558.302,23175,23175,304.99,304.99,9.1231e+11,0
evt_38,22,0,-1,4,3,-1.85433,1.15339,1,-146.857,-146.857,7958,7958,284.99,284.99,9.1231e+11,0
evt_38,23,0,-1,4,3,-2.70692,0.864033,1,-59.5487,-59.5487,2126,2126,177.49,177.49,9.1231e+11,0
evt_38,46,1,-1,4,3,-0.988665,0.760577,1,-276.254,-276.254,11695,11695,282.49,282.49,9.1231e+11,0
evt_38,47,1,-1,4,3,0.253677,1.13765,2,-268.862,-20.4731,11784,463,292.49,89.99,9.1231e+11,0
evt_38,58,2,-1,2,2,1.43141,0.875264,1,-51.1727,-51.1727,2034,2034,184.99,184.99,9.1231e+11,0
evt_38,59,2,-1,2,2,-0.572965,0.586905,1,-228.83,-228.83,13099,13099,339.99,339.99,9.1231e+11,0
evt_38,67,2,-1,2,3,1.144,0.656273,1,-18.4135,-18.4135,521,521,97.49,97.49,9.1231e+11,0
evt_38,70,2,-1,4,3,3.49048,1.19102,1,-602.794,-602.794,22793,22793,292.49,292.49,9.1231e+11,0
evt_38,71,2,-1,4,3,-0.607278,0.926368,1,-658.152,-658.152,30793,30793,324.99,324.99,9.1231e+11,0
evt_38,72,3,-1,1,1,-32.963,0.923805,1,-44.7588,-44.7588,28257,28257,2507.49,2507.49,9.1231e+11,0
evt_38,74,3,-1,2,1,5.78956,1.11094,1,-38.9656,-38.9656,958,958,127.49,127.49,9.1231e+11,0
evt_38,75,3,-1,2,1,-0.179259,0.599661,1,-33.0506,-33.0506,1379,1379,167.49,167.49,9.1231e+11,0
evt_39,2,0,-1,2,1,-0.107477,0.862863,2,-773.858,-29.2037,65059,444,372.49,99.99,9.12357e+11,0
evt_39,3,0,-1,2,1,-0.952051,0.816804,2,-908.899,-31.5663,67050,1001,447.49,144.99,9.12357e+11,0
evt_39,24,1,-1,1,1,1.57641,1.03686,1,-1250.01,-1250.01,130561,130561,629.99,629.99,9.12357e+11,0
evt_39,25,1,-1,1,1,-1.04273,0.823067,1,-1250.73,-1250.73,117799,117799,452.49,452.49,9.12357e+11,0
evt_39,26,1,-1,2,1,-1.61708,0.844909,1,-1251.22,-1251.22,78380,78380,389.99,389.99,9.12357e+11,0
evt_39,27,1,-1,2,1,1.24154,0.752832,1,-1121.6,-1121.6,101789,101789,809.99,809.99,9.12357e+11,0
evt_39,56,2,-1,1,2,6.85491,1.40924,2,-44.4173,-41.5566,1706,1589,174.99,164.99,9.12357e+11,0
evt_39,57,2,-1,1,2,0.121017,0.87784,1,-196.501,-196.501,8315,8315,257.49,257.49,9.12357e+11,0
evt_39,58,2,-1,2,2,2.58991,0.8601,1,-47.6717,-47.6717,551,551,87.49,87.49,9.12357e+11,0
evt_39,59,2,-1,2,2,1.59722,0.870201,1,-43.5576,-43.5576,417,417,82.49,82.49,9.12357e+11,0
evt_39,91,3,-1,2,3,7.21994,0.710146,1,-21.6924,-21.6924,578,578,107.49,107.49,0,1.36989e+19
evt_40,16,0,-1,1,3,2.03244,0.863746,2,-1250.61,-29.5122,83977,580,372.49,112.49,9.12441e+11,0
evt_40,17,0,-1,1,3,-0.384785,0.728184,1,-1250.46,-1250.46,101878,101878,604.99,604.99,9.12441e+11,0
evt_40,24,1,-1,1,1,-7.89008,0.961291,1,-17.6909,-17.6909,575,575,99.99,99.99,9.12441e+11,0
evt_40,40,1,-1,1,3,1.17264,0.978503,2,-145.562,-38.735,6029,1356,249.99,152.49,9.12441e+11,0
evt_40,41,1,-1,1,3,2.11267,0.750908,2,-541.836,-24.5147,26269,806,329.99,129.99,9.12441e+11,0
evt_40,65,2,-1,1,3,2.16561,0.583183,1,-27.3741,-27.3741,752,752,114.99,114.99,9.12441e+11,0
evt_40,74,3,-1,2,1,3.26798,0.810256,2,-26.9165,-25.8449,990,612,144.99,107.49,9.12441e+11,0
evt_41,3,0,-1,2,1,2.26551,1.30578,1,-25.0864,-25.0864,853,853,142.49,142.49,9.1263e+11,0
evt_41,42,1,-1,2,3,0.544879,1.10349,1,-97.7035,-97.7035,4162,4162,229.99,229.99,9.1263e+11,0
evt_41,55,2,-1,4,1,-1.52802,0.598295,1,-72.9028,-72.9028,3038,3038,217.49,217.49,9.1263e+11,0
evt_41,76,3,-1,3,1,-4.3826,0.939858,3,-18.4892,-16.9636,913,550,159.99,109.99,9.1263e+11,0
evt_41,93,3,-1,3,3,-4.75865,0.766965,1,-16.471,-16.471,437,437,82.49,82.49,0,4.62869e+18
evt_42,13,0,-1,3,2,5.33583,0.811254,1,-34.0086,-34.0086,1098,1098,149.99,149.99,9.12664e+11,0
evt_42,14,0,-1,4,2,-35.8798,3.47532,3,-30.7669,-28.9892,842,345,124.99,79.99,9.12664e+11,0
evt_42,15,0,-1,4,2,-43.6558,8.72771,1,-28.0056,-28.0056,339,339,77.49,77.49,9.12664e+11,0
evt_42,25,1,-1,1,1,7.3185,0.72816,2,-37.2474,-30.4612,1212,834,147.49,127.49,9.12664e+11,0
evt_42,44,1,-1,3,3,18.3343,1.48384,1,-56.1437,-56.1437,1304,1304,134.99,134.99,9.12664e+11,0
evt_42,56,2,-1,1,2,-16.1661,1.13996,4,-21.426,-16.3578,1775,703,267.49,122.49,9.12664e+11,0
evt_42,93,3,-1,3,3,-6.09781,1.1244,1,-21.5009,-21.5009,1267,1267,194.99,194.99,0,4.40879e+18
evt_43,8,0,-1,1,2,-0.374546,1.00938,2,-454.677,-74.5729,22532,2164,324.99,164.99,9.12679e+11,0
evt_43,9,0,-1,1,2,-1.16012,0.701896,2,-82.3126,-75.8696,4689,2073,274.99,114.99,9.12679e+11,0
evt_43,10,0,-1,2,2,-1.22399,0.883122,1,-174.498,-174.498,10691,10691,317.49,317.49,9.12679e+11,0
evt_43,11,0,-1,2,2,-0.752002,0.808933,1,-418.307,-418.307,20589,20589,329.99,329.99,9.12679e+11,0
evt_43,42,1,-1,2,3,2.36733,1.32901,1,-1250.35,-1250.35,129417,129417,474.99,474.99,9.12679e+11,0
evt_43,43,1,-1,2,3,4.50166,0.983704,2,-1250.12,-297.563,93391,8795,392.49,204.99,9.12679e+11,0
evt_43,54,2,-1,4,1,3.92254,1.00867,1,-37.7818,-37.7818,408,408,87.49,87.49,9.12679e+11,0
evt_43,56,2,-1,1,2,-12.1756,0.991226,7,-19.8378,-15.3263,2374,413,387.49,74.99,9.12679e+11,0
evt_43,65,2,-1,1,3,-2.7324,0.721158,1,-119.828,-119.828,4951,4951,134.99,134.99,9.12679e+11,0
evt_43,72,3,-1,1,1,-15.8423,1.08863,5,-24.7847,-16.9723,5447,355,759.99,72.49,9.12679e+11,0
evt_43,74,3,-1,2,1,1.06581,1.13316,2,-1250.12,-33.0532,107554,517,462.49,69.99,9.12679e+11,0
evt_43,75,3,-1,2,1,-0.249237,0.713579,1,-1250.31,-1250.31,120919,120919,622.49,622.49,9.12679e+11,0
evt_43,94,3,-1,4,3,53.2269,5.49448,2,-26.6456,-16.4773,236,13,92.49,59.99,4.38087e+11,1.3771e+19
evt_43,95,3,-1,4,3,23.7088,1.50156,2,-248.194,-40.9464,9167,790,289.99,117.49,4.38087e+11,1.38368e+19
evt_44,2,0,-1,2,1,-2.4105,0.774534,1,-64.2355,-64.2355,2545,2545,197.49,197.49,9.12684e+11,0
evt_44,3,0,-1,2,1,-2.98922,1.111,1,-46.1359,-46.1359,2046,2046,194.99,194.99,9.12684e+11,0
evt_44,12,0,-1,3,2,1.34862,0.870487,1,-193.806,-193.806,10310,10310,359.99,359.99,9.12684e+11,0
evt_44,13,0,-1,3,2,0.0751916,0.823031,3,-485.178,-36.5223,24387,1301,342.49,157.49,9.12684e+11,0
evt_44,25,1,-1,1,1,0.733835,0.759608,1,-69.4297,-69.4297,3012,3012,214.99,214.99,9.12684e+11,0
evt_44,60,2,-1,3,2,-11.3743,0.795986,2,-1250.46,-608.021,117191,26168,507.49,457.49,9.12684e+11,0
evt_44,61,2,-1,3,2,0.424988,0.708553,3,-1250.57,-34.12,120435,270,434.99,104.99,9.12684e+11,0
evt_44,74,3,-1,2,1,4.22211,0.747254,2,-365.999,-29.3559,21225,989,384.99,147.49,9.12684e+11,0
evt_44,75,3,-1,2,1,4.03143,0.876835,1,-102.861,-102.861,6728,6728,307.49,307.49,9.12684e+11,0
evt_45,6,0,-1,4,1,1.21375,0.873139,2,-895.293,-36.943,45421,1195,359.99,144.99,9.12691e+11,0
evt_45,7,0,-1,4,1,-10.442,0.917394,1,-394.555,-394.555,19732,19732,357.49,357.49,9.12691e+11,0
evt_45,30,1,-1,4,1,1.62214,0.857947,2,-1250.23,-73.0834,77511,2094,462.49,159.99,9.12691e+11,0
evt_45,31,1,-1,4,1,1.0043,0.686702,1,-358.411,-358.411,17931,17931,377.49,377.49,9.12691e+11,0
evt_45,62,2,-1,4,2,-0.609668,0.920112,2,-78.7249,-16.8553,3118,293,209.99,59.99,9.12691e+11,0
evt_45,63,2,-1,4,2,2.15079,0.975162,1,-126.346,-126.346,7338,7338,354.99,354.99,9.12691e+11,0
evt_45,78,3,-1,4,1,-9.90863,1.2471,3,-20.0536,-17.4225,1973,668,307.49,119.99,9.12691e+11,0
evt_45,90,3,-1,2,3,3.82597,1.12,2,-56.3466,-36.2119,2069,1236,179.99,152.49,1.49602e+14,4.63471e+18
evt_45,91,3,-1,2,3,4.2121,0.908478,1,-56.4616,-56.4616,2329,2329,204.99,204.99,0,4.53353e+18
evt_46,0,0,-1,1,1,1.58718,0.910788,1,-18.9102,-18.9102,447,447,89.99,89.99,9.12689e+11,0
evt_46,1,0,-1,1,1,0.114411,0.874087,1,-58.8261,-58.8261,2536,2536,209.99,209.99,9.12689e+11,0
evt_46,24,1,-1,1,1,2.65422,0.664246,1,-833.526,-833.526,36513,36513,337.49,337.49,9.12689e+11,0
evt_46,25,1,-1,1,1,1.29994,0.644448,4,-744.193,-30.0793,35524,736,437.49,92.49,9.12689e+11,0
evt_46,58,2,-1,2,2,3.27268,0.861914,1,-41.4282,-41.4282,333,333,79.99,79.99,9.12689e+11,0
evt_46,59,2,-1,2,2,0.728761,0.854451,1,-53.9343,-53.9343,458,458,79.99,79.99,9.12689e+11,0
evt_46,72,3,-1,1,1,-11.1075,1.15919,4,-28.355,-18.7969,6989,1452,949.99,232.49,9.12689e+11,0
evt_47,2,0,-1,2,1,1.59202,0.841803,3,-657.997,-40.2208,69713,405,502.49,102.49,9.12768e+11,0
evt_47,3,0,-1,2,1,2.31505,1.38613,4,-751.149,-29.1269,70110,366,494.99,97.49,9.12768e+11,0
evt_47,22,0,-1,4,3,0.623542,0.95799,2,-174.38,-19.7869,8112,530,272.49,97.49,9.12768e+11,0
evt_47,23,0,-1,4,3,1.37673,0.783618,1,-126.731,-126.731,6026,6026,252.49,252.49,9.12768e+11,0
evt_47,36,1,-1,3,2,-5.60889,0.885591,1,-442.111,-442.111,20149,20149,332.49,332.49,9.12768e+11,0
evt_47,37,1,-1,3,2,3.38393,0.798337,1,-305.953,-305.953,12721,12721,274.99,274.99,9.12768e+11,0
evt_47,38,1,-1,4,2,1.472,1.07739,3,-854.004,-45.7154,40817,754,487.49,52.49,9.12768e+11,0
evt_47,39,1,-1,4,2,3.69169,0.881063,3,-529.627,-18.5288,23083,394,297.49,84.99,9.12768e+11,0
evt_47,46,1,-1,4,3,-2.93023,0.816047,1,-51.6567,-51.6567,1981,1981,189.99,189.99,9.12768e+11,0
evt_47,47,1,-1,4,3,-0.333245,1.26982,1,-103.927,-103.927,3912,3912,209.99,209.99,9.12768e+11,0
evt_47,60,2,-1,3,2,-1.018,0.687704,1,-67.1367,-67.1367,2766,2766,217.49,217.49,9.12768e+11,0
evt_47,63,2,-1,4,2,2.22016,0.91112,1,-129.236,-129.236,5520,5520,242.49,242.49,9.12768e+11,0
evt_47,72,3,-1,1,1,-20.584,1.25733,1,-32.5582,-32.5582,23659,23659,2507.49,2507.49,9.12768e+11,0
evt_47,84,3,-1,3,2,59.2301,0.837198,2,-101.64,-73.5061,2799,1910,164.99,149.99,9.12768e+11,0
evt_47,85,3,-1,3,2,18.0491,4.40485,2,-41.5588,-17.5004,1284,179,174.99,64.99,9.12768e+11,0
evt_48,12,0,-1,3,2,-0.364199,0.596766,1,-92.491,-92.491,4036,4036,242.49,242.49,9.1277e+11,0
evt_48,13,0,-1,3,2,-0.305704,0.718597,1,-211.404,-211.404,9210,9210,269.99,269.99,9.1277e+11,0
evt_48,42,1,-1,2,3,3.92599,0.771529,1,-107.588,-107.588,4806,4806,244.99,244.99,9.1277e+11,0
evt_48,43,1,-1,2,3,-0.977438,0.785134,1,-55.36,-55.36,2131,2131,184.99,184.99,9.1277e+11,0
evt_48,62,2,-1,4,2,0.685066,1.24898,1,-104.76,-104.76,3933,3933,209.99,209.99,9.1277e+11,0
evt_48,63,2,-1,4,2,6.60354,0.788312,1,-109.537,-109.537,6168,6168,267.49,267.49,9.1277e+11,0
evt_48,83,3,-1,2,2,0.0720074,0.656895,1,-56.1607,-56.1607,2184,2184,182.49,182.49,9.1277e+11,0
evt_49,12,0,-1,3,2,15.3608,2.11542,4,-307.567,-24.5904,10131,241,214.99,89.99,9.12878e+11,0
evt_49,13,0,-1,3,2,73.918,9.37997,2,-75.4497,-39.5005,1298,366,129.99,102.49,9.12878e+11,0
evt_49,36,1,-1,3,2,-0.174057,0.813064,3,-1250.54,-76.7451,116441,1980,504.99,162.49,9.12878e+11,0
evt_49,37,1,-1,3,2,-1.92382,1.02134,3,-1250.43,-456.013,140820,12828,462.49,197.49,9.12878e+11,0
evt_49,60,2,-1,3,2,3.69923,0.787384,1,-70.4017,-70.4017,4909,4909,299.99,299.99,9.12878e+11,0
evt_49,61,2,-1,3,2,1.19597,0.640532,1,-43.043,-43.043,1454,1454,157.49,157.49,9.12878e+11,0
evt_49,76,3,-1,3,1,-8.0745,1.15098,3,-18.7952,-16.9296,1640,411,254.99,77.49,9.12878e+11,0
evt_49,80,3,-1,1,2,-5.13886,1.28933,5,-22.1873,-15.2293,4128,477,657.49,87.49,9.12878e+11,0
evt_49,93,3,-1,3,3,-7.66086,1.61246,3,-23.2541,-16.2824,2195,537,334.99,104.99,0,4.60694e+18
evt_50,14,0,-1,4,2,-0.628825,1.03913,1,-42.8013,-42.8013,1654,1654,169.99,169.99,9.12896e+11,0
evt_50,27,1,-1,2,1,1.7392,0.857529,1,-39.6115,-39.6115,1532,1532,167.49,167.49,9.12896e+11,0
evt_50,35,1,-1,2,2,-0.477941,0.878494,1,-43.8819,-43.8819,1770,1770,179.99,179.99,9.12896e+11,0
evt_50,39,1,-1,4,2,-1.33071,0.817159,1,-26.7271,-26.7271,1034,1034,144.99,144.99,9.12896e+11,0
evt_50,57,2,-1,1,2,4.76845,0.958819,1,-18.2224,-18.2224,113,113,69.99,69.99,9.12896e+11,0
evt_50,58,2,-1,2,2,0.951164,0.753301,1,-73.505,-73.505,3775,3775,267.49,267.49,9.12896e+11,0
evt_50,59,2,-1,2,2,-1.17211,0.78059,1,-63.2465,-63.2465,2830,2830,212.49,212.49,9.12896e+11,0
evt_50,80,3,-1,1,2,-7.89908,1.06862,1,-15.0331,-15.0331,269,269,54.99,54.99,9.12896e+11,0
evt_50,82,3,-1,2,2,0.869608,2.08947,1,-125.014,-125.014,5097,5097,242.49,242.49,9.12896e+11,0
evt_50,83,3,-1,2,2,0.38199,0.798976,1,-69.5434,-69.5434,2765,2765,202.49,202.49,9.12896e+11,0
evt_51,3,0,-1,2,1,15.6094,1.02199,1,-24.4334,-24.4334,651,651,109.99,109.99,9.12914e+11,0
evt_51,18,0,-1,2,3,1.10415,0.821647,1,-1037.84,-1037.84,57138,57138,654.99,654.99,9.12914e+11,0
evt_51,19,0,-1,2,3,0.143522,0.838394,3,-651.63,-15.9706,34804,493,369.99,99.99,9.12914e+11,0
evt_51,47,1,-1,4,3,2.22054,0.633906,1,-29.1278,-29.1278,1268,1268,169.99,169.99,9.12914e+11,0
evt_51,48,2,-1,1,1,-10.8229,9.16875,2,-117.576,-59.9181,3013,1261,162.49,134.99,9.12914e+11,0
evt_51,49,2,-1,1,1,9.52396,1.12089,1,-110.945,-110.945,3544,3544,184.99,184.99,9.12914e+11,0
evt_51,57,2,-1,1,2,-1.866,0.923378,1,-55.0399,-55.0399,271,271,59.99,59.99,9.12914e+11,0
evt_51,62,2,-1,4,2,-0.661936,0.785845,1,-54.2974,-54.2974,486,486,77.49,77.49,9.12914e+11,0
evt_51,63,2,-1,4,2,3.00802,0.792875,1,-35.3427,-35.3427,188,188,69.99,69.99,9.12914e+11,0
evt_51,76,3,-1,3,1,-8.49293,0.928188,5,-20.5835,-16.4299,1372,463,224.99,84.99,9.12914e+11,0
evt_52,4,0,-1,3,1,0.308449,0.765342,1,-26.4973,-26.4973,955,955,134.99,134.99,9.12998e+11,0
evt_52,5,0,-1,3,1,0.142499,0.789168,1,-48.6886,-48.6886,1792,1792,169.99,169.99,9.12998e+11,0
evt_52,26,1,-1,2,1,-2.25138,0.824248,1,-191.69,-191.69,9172,9172,304.99,304.99,9.12998e+11,0
evt_52,27,1,-1,2,1,0.914786,0.64249,1,-129.513,-129.513,6409,6409,284.99,284.99,9.12998e+11,0
evt_52,50,2,-1,2,1,0.080307,1.34709,2,-389.055,-17.8044,19569,513,329.99,99.99,9.12998e+11,0
evt_52,51,2,-1,2,1,0.933143,0.759809,1,-447.091,-447.091,22542,22542,332.49,332.49,9.12998e+11,0
evt_52,74,3,-1,2,1,0.730952,0.721768,1,-234.118,-234.118,9324,9324,262.49,262.49,9.12998e+11,0
evt_52,75,3,-1,2,1,0.651164,0.903247,2,-394.066,-34.0821,19475,1327,324.99,159.99,9.12998e+11,0
evt_52,83,3,-1,2,2,0.686615,0.736968,1,-16.5878,-16.5878,352,352,69.99,69.99,9.12998e+11,0
evt_53,30,1,-1,4,1,12.5147,0.979911,1,-21.2353,-21.2353,445,445,94.99,94.99,9.1303e+11,0
evt_53,31,1,-1,4,1,8.03414,0.922319,3,-114.495,-18.5276,3332,341,179.99,69.99,9.1303e+11,0
evt_53,54,2,-1,4,1,0.499349,0.890729,1,-25.3173,-25.3173,221,221,69.99,69.99,9.1303e+11,0
evt_53,78,3,-1,4,1,-5.24164,1.23077,1,-15.8889,-15.8889,418,418,77.49,77.49,9.1303e+11,0
evt_53,84,3,-1,3,2,-3.01326,0.609048,1,-106.432,-106.432,4708,4708,244.99,244.99,9.1303e+11,0
evt_53,93,3,-1,3,3,-8.53721,2.11747,1,-15.7417,-15.7417,292,292,54.99,54.99,0,1.38588e+19
evt_53,95,3,-1,4,3,14.2243,0.989112,1,-39.2687,-39.2687,1355,1355,157.49,157.49,4.38087e+11,1.38478e+19
evt_54,1,0,-1,1,1,0.250184,0.717893,2,-207.936,-31.2981,7147,427,224.99,39.99,9.13193e+11,0
evt_54,2,0,-1,2,1,3.1968,1.0953,1,-187.644,-187.644,9755,9755,317.49,317.49,9.13193e+11,0
evt_54,3,0,-1,2,1,4.88527,1.38736,1,-261.804,-261.804,15537,15537,369.99,369.99,9.13193e+11,0
evt_54,30,1,-1,4,1,-2.67709,1.09351,1,-56.9246,-56.9246,2177,2177,187.49,187.49,9.13193e+11,0
evt_54,44,1,-1,3,3,3.20768,0.863286,1,-63.0585,-63.0585,2154,2154,177.49,177.49,9.13193e+11,0
evt_54,62,2,-1,4,2,-2.21144,0.855567,1,-138.988,-138.988,6406,6406,267.49,267.49,9.13193e+11,0
evt_54,63,2,-1,4,2,0.118837,0.693689,1,-160.697,-160.697,7331,7331,279.99,279.99,9.13193e+11,0
evt_54,80,3,-1,1,2,3.12916,1.06493,2,-20.4806,-16.8785,756,587,127.49,109.99,9.13193e+11,0
evt_54,89,3,-1,1,3,1.1092,0.774815,1,-24.8912,-24.8912,800,800,127.49,127.49,1.49602e+14,1.36636e+19
evt_54,93,3,-1,3,3,-3.27141,0.722873,2,-17.3866,-16.1283,648,289,114.99,54.99,0,4.57228e+18
evt_55,0,0,-1,1,1,0.343345,0.880092,1,-205.229,-205.229,8778,8778,274.99,274.99,9.13208e+11,0
evt_55,1,0,-1,1,1,-1.52427,0.530973,1,-321.201,-321.201,15138,15138,307.49,307.49,9.13208e+11,0
evt_55,2,0,-1,2,1,-5.97459,0.924931,1,-289.751,-289.751,14502,14502,324.99,324.99,9.13208e+11,0
evt_55,3,0,-1,2,1,-1.58951,0.889896,1,-149.821,-149.821,9086,9086,332.49,332.49,9.13208e+11,0
evt_55,4,0,-1,3,1,0.907273,0.727497,1,-1250.19,-1250.19,87480,87480,699.99,699.99,9.13208e+11,0
evt_55,5,0,-1,3,1,0.415167,0.748823,2,-1250.08,-17.9126,96450,174,434.99,62.49,9.13208e+11,0
evt_55,6,0,-1,4,1,1.94454,1.05097,2,-1250.31,-76.1754,123713,1873,569.99,179.99,9.13208e+11,0
evt_55,7,0,-1,4,1,0.123569,0.575298,2,-1250.57,-56.3839,112776,1394,462.49,139.99,9.13208e+11,0
evt_55,18,0,-1,2,3,-1.77104,0.92407,2,-1250.16,-22.1135,103838,260,519.99,87.49,9.13208e+11,0
evt_55,19,0,-1,2,3,0.580343,0.72578,2,-859.186,-18.5251,71053,345,409.99,84.99,9.13208e+11,0
evt_55,20,0,-1,3,3,4.81284,0.94451,1,-280.409,-280.409,12238,12238,279.99,279.99,9.13208e+11,0
evt_55,21,0,-1,3,3,2.12717,0.896869,2,-236.108,-37.4058,13522,1375,327.49,157.49,9.13208e+11,0
evt_55,25,1,-1,1,1,-0.909639,0.857397,1,-35.0365,-35.0365,1298,1298,159.99,159.99,9.13208e+11,0
evt_55,26,1,-1,2,1,-3.15092,1.36406,3,-1251.22,-27.111,170747,612,542.49,72.49,9.13208e+11,0
evt_55,27,1,-1,2,1,-22.1269,4.64164,3,-1249.13,-89.0947,185451,748,734.99,122.49,9.13208e+11,0
evt_55,28,1,-1,3,1,2.44548,0.901266,1,-1248.3,-1248.3,395499,395499,1239.99,1239.99,9.13208e+11,0
evt_55,29,1,-1,3,1,3.13572,0.775722,2,-1250.04,-759.472,165397,35568,569.99,289.99,9.13208e+11,0
evt_55,30,1,-1,4,1,-4.43417,1.30633,2,-1250.23,-30.1956,67128,629,419.99,109.99,9.13208e+11,0
evt_55,31,1,-1,4,1,0.788331,0.942093,1,-519.567,-519.567,27025,27025,344.99,344.99,9.13208e+11,0
evt_55,34,1,-1,2,2,0.652443,0.763146,1,-67.5627,-67.5627,2780,2780,202.49,202.49,9.13208e+11,0
evt_55,35,1,-1,2,2,0.845864,1.0687,1,-74.803,-74.803,3589,3589,237.49,237.49,9.13208e+11,0
evt_55,38,1,-1,4,2,0.393437,0.978244,2,-990.361,-21.352,48995,452,364.99,92.49,9.13208e+11,0
evt_55,39,1,-1,4,2,2.53672,1.35965,1,-722.851,-722.851,35646,35646,362.49,362.49,9.13208e+11,0
evt_55,44,1,-1,3,3,-2.96722,0.735142,1,-1250.65,-1250.65,520929,520929,1264.99,1264.99,9.13208e+11,0
evt_55,45,1,-1,3,3,1.68005,1.03589,1,-1250.5,-1250.5,467690,467690,1264.99,1264.99,9.13208e+11,0
evt_55,46,1,-1,4,3,3.24823,0.891518,1,-1250.35,-1250.35,594130,594130,1264.99,1264.99,9.13208e+11,0
evt_55,47,1,-1,4,3,-2.75937,0.851384,1,-1250.45,-1250.45,545492,545492,1269.99,1269.99,9.13208e+11,0
evt_55,48,2,-1,1,1,0.170553,0.707428,1,-1250.65,-1250.65,270749,270749,829.99,829.99,9.13208e+11,0
evt_55,49,2,-1,1,1,-0.733585,0.760198,2,-1154.96,-230.505,222558,9316,974.99,249.99,9.13208e+11,0
evt_55,50,2,-1,2,1,1.41424,1.0044,2,-1250.61,-580.563,355284,35805,964.99,249.99,9.13208e+11,0
evt_55,51,2,-1,2,1,-0.139734,0.674202,2,-1250.5,-347.164,357064,3393,997.49,42.49,9.13208e+11,0
evt_55,52,2,-1,3,1,-0.166579,0.757443,1,-228.484,-228.484,11196,11196,294.99,294.99,9.13208e+11,0
evt_55,53,2,-1,3,1,0.114344,0.793837,1,-394.752,-394.752,17508,17508,309.99,309.99,9.13208e+11,0
evt_55,56,2,-1,1,2,7.00366,0.792518,2,-1250.77,-431.46,310325,10618,884.99,187.49,9.13208e+11,0
evt_55,57,2,-1,1,2,0.936506,1.16721,2,-1250.62,-123.382,236903,238,804.99,107.49,9.13208e+11,0
evt_55,58,2,-1,2,2,2.42071,1.38352,1,-1250.81,-1250.81,618286,618286,1292.49,1292.49,9.13208e+11,0
evt_55,59,2,-1,2,2,1.45514,1.34858,1,-1250.81,-1250.81,619752,619752,1297.49,1297.49,9.13208e+11,0
evt_55,61,2,-1,3,2,0.77731,0.759803,1,-21.6935,-21.6935,599,599,102.49,102.49,9.13208e+11,0
evt_55,64,2,-1,1,3,-0.521722,1.04208,2,-1250.5,-47.9438,129922,198,689.99,17.49,9.13208e+11,0
evt_55,65,2,-1,1,3,0.0805689,0.756743,2,-1250.27,-436.382,141816,27238,799.99,324.99,9.13208e+11,0
evt_55,66,2,-1,2,3,0.15895,0.892285,1,-1250.92,-1250.92,235565,235565,839.99,839.99,9.13208e+11,0
evt_55,67,2,-1,2,3,-0.954459,0.766004,1,-1250.27,-1250.27,227250,227250,827.49,827.49,9.13208e+11,0
evt_55,70,2,-1,4,3,0.898572,0.837577,1,-104.729,-104.729,4129,4129,219.99,219.99,9.13208e+11,0
evt_55,71,2,-1,4,3,0.685727,0.694083,1,-272.94,-272.94,11182,11182,272.49,272.49,9.13208e+11,0
evt_55,72,3,-1,1,1,-5.76254,1.37047,3,-370.233,-15.7842,19666,418,347.49,77.49,9.13208e+11,0
evt_55,73,3,-1,1,1,5.18057,0.850584,1,-237.758,-237.758,10473,10473,277.49,277.49,9.13208e+11,0
evt_55,78,3,-1,4,1,-5.82381,1.7707,2,-16.8145,-16.5075,536,302,92.49,62.49,9.13208e+11,0
evt_55,80,3,-1,1,2,1.89541,1.70493,2,-1250.08,-27.2233,95494,968,429.99,144.99,9.13208e+11,0
evt_55,81,3,-1,1,2,0.637808,1.03526,1,-1250.33,-1250.33,86408,86408,407.49,407.49,9.13208e+11,0
evt_55,82,3,-1,2,2,1.22292,1.21597,1,-175.563,-175.563,7030,7030,252.49,252.49,9.13208e+11,0
evt_55,83,3,-1,2,2,0.300955,0.925318,1,-98.5186,-98.5186,6046,6046,294.99,294.99,9.13208e+11,0
evt_55,84,3,-1,3,2,-0.335446,0.768022,1,-438.248,-438.248,22974,22974,332.49,332.49,9.13208e+11,0
evt_55,85,3,-1,3,2,2.87481,1.67178,2,-308.22,-16.0623,12848,264,284.99,59.99,9.13208e+11,0
evt_55,92,3,-1,3,3,3.42362,0.790034,2,-1250.42,-74.5715,146529,2551,452.49,182.49,0,1.36282e+19
evt_55,93,3,-1,3,3,-8.14984,1.62927,1,-1250.23,-1250.23,73606,73606,347.49,347.49,0,4.53907e+18
evt_56,2,0,-1,2,1,0.0619336,0.998763,1,-47.5038,-47.5038,1652,1652,157.49,157.49,9.13242e+11,0
evt_56,12,0,-1,3,2,-6.94442,1.03786,2,-1250,-477.096,107652,20314,417.49,287.49,9.13242e+11,0
evt_56,13,0,-1,3,2,-0.551938,0.792534,2,-1250.31,-21.5408,118108,85,479.99,84.99,9.13242e+11,0
evt_56,36,1,-1,3,2,2.11137,0.724553,1,-741.036,-741.036,37231,37231,359.99,359.99,9.13242e+11,0
evt_56,37,1,-1,3,2,-2.94829,1.36773,2,-1250.12,-65.2321,69082,1992,502.49,164.99,9.13242e+11,0
evt_56,61,2,-1,3,2,3.60698,0.757339,1,-38.0963,-38.0963,199,199,62.49,62.49,9.13242e+11,0
evt_56,72,3,-1,1,1,-1.7334,0.839257,1,-16.7742,-16.7742,418,418,84.99,84.99,9.13242e+11,0
evt_56,80,3,-1,1,2,-7.24859,0.981066,5,-22.5473,-16.8616,2008,636,307.49,114.99,9.13242e+11,0
evt_56,84,3,-1,3,2,-0.187334,0.946605,3,-1249.99,-17.1591,100186,292,449.99,34.99,9.13242e+11,0
evt_56,85,3,-1,3,2,-1.5371,1.05781,1,-1250.79,-1250.79,84450,84450,469.99,469.99,9.13242e+11,0
evt_56,90,3,-1,2,3,2.79119,0.963706,3,-768.41,-17.4616,38211,314,504.99,69.99,1.49602e+14,1.37099e+19
evt_56,91,3,-1,2,3,2.07673,0.701296,1,-624.295,-624.295,33512,33512,464.99,464.99,0,1.38361e+19
evt_57,2,0,-1,2,1,-5.38396,1.1048,1,-237.52,-237.52,12026,12026,417.49,417.49,9.13286e+11,0
evt_57,3,0,-1,2,1,-0.399797,1.17752,1,-42.9294,-42.9294,1816,1816,184.99,184.99,9.13286e+11,0
evt_57,22,0,-1,4,3,1.53275,0.91408,1,-27.4511,-27.4511,890,890,134.99,134.99,9.13286e+11,0
evt_57,26,1,-1,2,1,0.953115,1.09542,1,-490.059,-490.059,29767,29767,384.99,384.99,9.13286e+11,0
evt_57,27,1,-1,2,1,2.08092,0.845312,2,-355.48,-144.548,20972,2492,362.49,62.49,9.13286e+11,0
evt_57,50,2,-1,2,1,1.18421,0.853111,1,-40.1793,-40.1793,1501,1501,167.49,167.49,9.13286e+11,0
evt_57,51,2,-1,2,1,0.374383,0.918575,2,-64.8115,-22.5315,2931,699,227.49,119.99,9.13286e+11,0
evt_57,57,2,-1,1,2,4.405,0.876617,1,-25.9992,-25.9992,277,277,79.99,79.99,9.13286e+11,0
evt_57,94,3,-1,4,3,0.685735,0.911379,1,-61.5678,-61.5678,2536,2536,199.99,199.99,4.38087e+11,4.57813e+18
evt_58,16,0,-1,1,3,-102.505,163.554,1,-1250.49,-1250.49,81808,81808,649.99,649.99,9.13295e+11,0
evt_58,17,0,-1,1,3,-116.421,183.695,3,-1250.27,-21.96,93446,605,372.49,107.49,9.13295e+11,0
evt_58,18,0,-1,2,3,1.70694,0.695141,1,-57.6096,-57.6096,2116,2116,182.49,182.49,9.13295e+11,0
evt_58,40,1,-1,1,3,-1.50423,0.908107,2,-533.291,-47.9958,28060,1659,362.49,159.99,9.13295e+11,0
evt_58,41,1,-1,1,3,-1.48357,0.876419,2,-357.767,-59.9325,18307,2373,324.99,192.49,9.13295e+11,0
evt_58,53,2,-1,3,1,0.155357,1.29047,1,-54.2877,-54.2877,2319,2319,204.99,204.99,9.13295e+11,0
evt_58,54,2,-1,4,1,0.425025,0.925683,3,-102.021,-21.077,3939,506,217.49,99.99,9.13295e+11,0
evt_58,55,2,-1,4,1,-0.207156,0.667758,1,-275.575,-275.575,11869,11869,292.49,292.49,9.13295e+11,0
evt_58,57,2,-1,1,2,2.3529,0.720966,1,-33.6952,-33.6952,117,117,59.99,59.99,9.13295e+11,0
evt_58,60,2,-1,3,2,-0.704097,0.468901,1,-28.5571,-28.5571,382,382,87.49,87.49,9.13295e+11,0
evt_58,61,2,-1,3,2,0.409621,0.647876,1,-31.416,-31.416,434,434,87.49,87.49,9.13295e+11,0
evt_58,64,2,-1,1,3,-0.491574,0.812748,1,-64.7412,-64.7412,2736,2736,209.99,209.99,9.13295e+11,0
evt_58,65,2,-1,1,3,-0.135991,0.878282,2,-88.7966,-47.733,3438,1431,209.99,149.99,9.13295e+11,0
evt_59,4,0,-1,3,1,26.3209,0.742934,1,-16.7376,-16.7376,274,274,77.49,77.49,9.13299e+11,0
evt_59,5,0,-1,3,1,35.5864,0.915757,1,-18.4544,-18.4544,280,280,77.49,77.49,9.13299e+11,0
evt_59,34,1,-1,2,2,0.285504,0.966007,1,-52.6883,-52.6883,1966,1966,177.49,177.49,9.13299e+11,0
evt_59,35,1,-1,2,2,-0.626433,0.80093,2,-41.5185,-20.0531,1609,618,169.99,107.49,9.13299e+11,0
evt_59,41,1,-1,1,3,1.77178,0.845746,1,-33.0535,-33.0535,1209,1209,149.99,149.99,9.13299e+11,0
evt_59,49,2,-1,1,1,0.798246,0.727888,1,-40.413,-40.413,521,521,87.49,87.49,9.13299e+11,0
evt_59,56,2,-1,1,2,9.20982,0.96386,2,-35.5177,-25.3153,826,428,127.49,89.99,9.13299e+11,0
evt_59,57,2,-1,1,2,-6.36245,0.840891,1,-41.4452,-41.4452,659,659,87.49,87.49,9.13299e+11,0
evt_59,64,2,-1,1,3,3.81817,0.933065,4,-68.9679,-23.1397,2712,657,202.49,107.49,9.13299e+11,0
evt_59,88,3,-1,1,3,1.82361,1.14167,1,-70.4521,-70.4521,2686,2686,197.49,197.49,1.49602e+14,1.10382e+12
evt_59,89,3,-1,1,3,-0.0400867,0.69792,1,-46.8493,-46.8493,1737,1737,172.49,172.49,1.49602e+14,1.38056e+19
evt_59,93,3,-1,3,3,-1.34461,0.907169,1,-15.821,-15.821,267,267,54.99,54.99,0,1.37682e+19
evt_60,14,0,-1,4,2,0.243813,0.922122,1,-984.725,-984.725,56490,56490,372.49,372.49,9.13344e+11,0
evt_60,15,0,-1,4,2,-0.640331,0.700312,2,-728.503,-20.7782,64461,375,587.49,52.49,9.13344e+11,0
evt_60,42,1,-1,2,3,-3.01346,0.928457,1,-32.9777,-32.9777,1385,1385,167.49,167.49,9.13344e+11,0
evt_60,44,1,-1,3,3,-1.983,0.874548,1,-675.272,-675.272,30878,30878,339.99,339.99,9.13344e+11,0
evt_60,45,1,-1,3,3,-2.18816,1.19155,2,-685.97,-36.9039,34776,1189,507.49,144.99,9.13344e+11,0
evt_60,57,2,-1,1,2,-0.523199,0.914038,1,-58.6691,-58.6691,390,390,69.99,69.99,9.13344e+11,0
evt_60,62,2,-1,4,2,-5.60157,3.09372,2,-119.14,-35.494,5946,1239,282.49,154.99,9.13344e+11,0
evt_60,63,2,-1,4,2,-59.0843,7.43133,3,-185.893,-62.8253,11628,2355,322.49,174.99,9.13344e+11,0
evt_60,82,3,-1,2,2,1.96263,2.49532,1,-174.955,-174.955,6889,6889,249.99,249.99,9.13344e+11,0
evt_60,83,3,-1,2,2,2.14764,0.982539,1,-146.172,-146.172,5733,5733,224.99,224.99,9.13344e+11,0
evt_61,61,2,-1,3,2,1.60801,0.908389,1,-37.466,-37.466,165,165,59.99,59.99,9.1343e+11,0
evt_61,75,3,-1,2,1,1.86138,0.875204,1,-29.1245,-29.1245,1121,1121,152.49,152.49,9.1343e+11,0
evt_61,93,3,-1,3,3,-8.97188,0.70124,1,-17.0465,-17.0465,732,732,129.99,129.99,0,4.60559e+18
evt_62,10,0,-1,2,2,-0.677528,2.45182,1,-27.7166,-27.7166,820,820,119.99,119.99,9.13482e+11,0
evt_62,11,0,-1,2,2,-10.152,5.94404,3,-98.4018,-21.4294,4095,540,219.99,104.99,9.13482e+11,0
evt_62,18,0,-1,2,3,2.20239,1.56507,1,-521.18,-521.18,29208,29208,422.49,422.49,9.13482e+11,0
evt_62,19,0,-1,2,3,1.35406,0.964024,1,-142.435,-142.435,6755,6755,262.49,262.49,9.13482e+11,0
evt_62,36,1,-1,3,2,0.171719,0.720202,1,-117.425,-117.425,4460,4460,224.99,224.99,9.13482e+11,0
evt_62,37,1,-1,3,2,-2.77423,1.4132,1,-70.6074,-70.6074,2833,2833,204.99,204.99,9.13482e+11,0
evt_62,62,2,-1,4,2,-1.27239,0.774405,1,-84.8244,-84.8244,4664,4664,264.99,264.99,9.13482e+11,0
evt_62,63,2,-1,4,2,6.42662,0.591554,2,-385.566,-138.358,17316,5246,304.99,144.99,9.13482e+11,0
evt_62,72,3,-1,1,1,-19.6957,0.867816,2,-35.6848,-27.7192,12398,8001,1632.49,834.99,9.13482e+11,0
evt_62,80,3,-1,1,2,-10.4755,1.70151,2,-17.3243,-15.0852,594,286,104.99,54.99,9.13482e+11,0
evt_63,29,1,-1,3,1,0.813625,0.719373,1,-21.4675,-21.4675,583,583,104.99,104.99,9.1355e+11,0
evt_63,46,1,-1,4,3,-0.871094,1.09847,3,-1250.15,-15.7389,88290,82,507.49,54.99,9.1355e+11,0
evt_63,47,1,-1,4,3,0.507,0.946738,3,-1250.65,-31.6038,98388,340,384.99,97.49,9.1355e+11,0
evt_63,48,2,-1,1,1,2.71944,0.918654,2,-172.653,-43.345,6407,1382,237.49,147.49,9.1355e+11,0
evt_63,49,2,-1,1,1,-1.34083,0.677721,1,-29.3088,-29.3088,1178,1178,159.99,159.99,9.1355e+11,0
evt_63,50,2,-1,2,1,1.81373,0.948484,2,-342.858,-24.0179,18588,776,327.49,122.49,9.1355e+11,0
evt_63,51,2,-1,2,1,2.56054,1.0548,1,-342.78,-342.78,19331,19331,389.99,389.99,9.1355e+11,0
evt_63,56,2,-1,1,2,6.89539,1.01997,2,-978.323,-39.9657,51539,1293,414.99,147.49,9.1355e+11,0
evt_63,57,2,-1,1,2,2.60343,0.704951,1,-631.541,-631.541,28447,28447,314.99,314.99,9.1355e+11,0
evt_63,72,3,-1,1,1,-3.04529,1.66904,2,-18.6447,-17.7269,1472,865,249.99,149.99,9.1355e+11,0
evt_64,6,0,-1,4,1,-0.168058,0.998434,2,-727.614,-19.4052,39101,609,369.99,117.49,9.13565e+11,0
evt_64,7,0,-1,4,1,0.323447,0.90325,1,-399.475,-399.475,20759,20759,357.49,357.49,9.13565e+11,0
evt_64,20,0,-1,3,3,0.0172877,0.771721,1,-49.0358,-49.0358,1961,1961,179.99,179.99,9.13565e+11,0
evt_64,24,1,-1,1,1,-9.81768,0.972758,2,-17.4993,-17.1558,1077,510,184.99,94.99,9.13565e+11,0
evt_64,54,2,-1,4,1,-0.301574,0.715693,2,-217.919,-78.7581,9403,2041,254.99,127.49,9.13565e+11,0
evt_64,55,2,-1,4,1,-1.74251,0.753195,2,-176.225,-45.3009,9265,1578,362.49,162.49,9.13565e+11,0
evt_64,56,2,-1,1,2,2.54762,0.775812,1,-25.0195,-25.0195,202,202,69.99,69.99,9.13565e+11,0
evt_64,57,2,-1,1,2,-0.110118,0.848532,1,-69.2775,-69.2775,605,605,74.99,74.99,9.13565e+11,0
evt_64,60,2,-1,3,2,-0.592974,1.06906,1,-33.4354,-33.4354,383,383,84.99,84.99,9.13565e+11,0
evt_64,61,2,-1,3,2,-2.09816,0.721955,1,-47.6537,-47.6537,559,559,87.49,87.49,9.13565e+11,0
evt_64,72,3,-1,1,1,-4.12036,0.754965,1,-1250.19,-1250.19,68738,68738,384.99,384.99,9.13565e+11,0
evt_64,73,3,-1,1,1,5.05684,1.79986,1,-897.882,-897.882,55455,55455,554.99,554.99,9.13565e+11,0
evt_64,74,3,-1,2,1,-2.78233,0.895141,2,-104.121,-19.0246,5648,598,272.49,107.49,9.13565e+11,0
evt_64,75,3,-1,2,1,-0.337006,0.963951,1,-110.182,-110.182,7491,7491,324.99,324.99,9.13565e+11,0
evt_64,78,3,-1,4,1,3.28958,0.896477,2,-253.074,-39.2724,15357,1554,349.99,172.49,9.13565e+11,0
evt_64,79,3,-1,4,1,-0.803134,1.0088,1,-322.654,-322.654,18017,18017,334.99,334.99,9.13565e+11,0
evt_65,20,0,-1,3,3,1.34096,0.882041,5,-1250.31,-24.0196,92741,739,399.99,127.49,9.13597e+11,0
evt_65,21,0,-1,3,3,0.800395,0.826213,2,-1250.27,-47.731,91653,1409,444.99,152.49,9.13597e+11,0
evt_65,36,1,-1,3,2,-0.0720316,0.87983,1,-1228.8,-1228.8,86727,86727,417.49,417.49,9.13597e+11,0
evt_65,37,1,-1,3,2,4.00922,1.14387,7,-1250.38,-22.9149,84413,916,379.99,122.49,9.13597e+11,0
evt_65,56,2,-1,1,2,-15.5223,0.742562,9,-41.9178,-15.3261,2741,469,417.49,82.49,9.13597e+11,0
evt_65,57,2,-1,1,2,2.4799,0.675776,1,-64.5514,-64.5514,384,384,69.99,69.99,9.13597e+11,0
evt_65,58,2,-1,2,2,-0.884394,0.802447,1,-42.1666,-42.1666,459,459,79.99,79.99,9.13597e+11,0
evt_65,59,2,-1,2,2,-0.433255,0.872875,1,-45.5564,-45.5564,405,405,77.49,77.49,9.13597e+11,0
evt_65,72,3,-1,1,1,-10.9748,0.957857,1,-18.3736,-18.3736,1052,1052,177.49,177.49,9.13597e+11,0
evt_65,80,3,-1,1,2,0.701818,1.25088,1,-149.958,-149.958,10043,10043,414.99,414.99,9.13597e+11,0
evt_65,81,3,-1,1,2,-1.89817,0.832851,1,-129.152,-129.152,7175,7175,287.49,287.49,9.13597e+11,0
evt_65,93,3,-1,3,3,-8.84655,1.26861,1,-15.5162,-15.5162,434,434,82.49,82.49,0,4.61825e+18
evt_66,12,0,-1,3,2,-0.702292,0.781737,2,-372.556,-21.2363,15713,597,297.49,109.99,9.13638e+11,0
evt_66,13,0,-1,3,2,1.20386,1.04329,1,-849.355,-849.355,44481,44481,369.99,369.99,9.13638e+11,0
evt_66,36,1,-1,3,2,1.9926,0.754594,2,-1242.64,-19.6317,71474,317,399.99,82.49,9.13638e+11,0
evt_66,37,1,-1,3,2,3.80365,0.994094,1,-1250.92,-1250.92,83917,83917,452.49,452.49,9.13638e+11,0
evt_66,81,3,-1,1,2,-4.62002,1.16721,1,-16.5109,-16.5109,387,387,72.49,72.49,9.13638e+11,0
evt_66,84,3,-1,3,2,0.334555,0.800456,1,-201.942,-201.942,12052,12052,382.49,382.49,9.13638e+11,0
evt_66,85,3,-1,3,2,-0.269121,0.689107,1,-60.4775,-60.4775,3842,3842,282.49,282.49,9.13638e+11,0
evt_66,88,3,-1,1,3,0.978996,1.70038,2,-1250.46,-194.19,83096,11229,459.99,432.49,1.49602e+14,1.10382e+12
evt_66,89,3,-1,1,3,-0.681249,0.860072,2,-1249.78,-24.8577,77216,553,382.49,104.99,1.49602e+14,4.62172e+18
evt_66,93,3,-1,3,3,-6.72374,1.54584,1,-20.513,-20.513,1091,1091,169.99,169.99,0,4.64809e+18
evt_67,14,0,-1,4,2,0.961188,1.0638,1,-526.85,-526.85,26118,26118,342.49,342.49,9.13639e+11,0
evt_67,15,0,-1,4,2,1.46632,0.630592,1,-440.039,-440.039,21944,21944,329.99,329.99,9.13639e+11,0
evt_67,34,1,-1,2,2,-1.51415,0.829859,1,-60.3221,-60.3221,2288,2288,184.99,184.99,9.13639e+11,0
evt_67,35,1,-1,2,2,-0.0707824,1.20865,1,-176.403,-176.403,7926,7926,264.99,264.99,9.13639e+11,0
evt_67,44,1,-1,3,3,4.53773,0.84865,1,-1250.35,-1250.35,73409,73409,374.99,374.99,9.13639e+11,0
evt_67,45,1,-1,3,3,2.74885,0.879975,1,-1097.58,-1097.58,56787,56787,439.99,439.99,9.13639e+11,0
evt_67,64,2,-1,1,3,-1.69139,1.15555,1,-703.56,-703.56,35603,35603,432.49,432.49,9.13639e+11,0
evt_67,65,2,-1,1,3,2.16303,0.752156,2,-569.32,-27.8651,31939,661,554.99,107.49,9.13639e+11,0
evt_67,80,3,-1,1,2,-1.06954,1.35984,1,-15.3793,-15.3793,333,333,67.49,67.49,9.13639e+11,0
evt_67,84,3,-1,3,2,1.12281,0.732058,1,-1184.85,-1184.85,49373,49373,144.99,144.99,9.13639e+11,0
evt_67,85,3,-1,3,2,0.977909,0.842648,1,-891.586,-891.586,31525,31525,139.99,139.99,9.13639e+11,0
evt_67,88,3,-1,1,3,0.853761,1.14938,1,-217.885,-217.885,10454,10454,277.49,277.49,1.49602e+14,1.10382e+12
evt_67,89,3,-1,1,3,-1.59975,0.86235,1,-523.343,-523.343,29603,29603,384.99,384.99,1.49602e+14,1.38656e+19
evt_68,15,0,-1,4,2,0.256053,0.961443,1,-240.984,-240.984,11546,11546,304.99,304.99,9.13711e+11,0
evt_68,30,1,-1,4,1,5.70066,1.2034,1,-198.021,-198.021,8932,8932,269.99,269.99,9.13711e+11,0
evt_68,31,1,-1,4,1,1.75188,1.03402,1,-83.5304,-83.5304,2653,2653,189.99,189.99,9.13711e+11,0
evt_68,49,2,-1,1,1,-1.33532,0.76169,1,-53.3767,-53.3767,288,288,64.99,64.99,9.13711e+11,0
evt_68,52,2,-1,3,1,1.0385,0.725891,1,-29.1369,-29.1369,374,374,87.49,87.49,9.13711e+11,0
evt_68,53,2,-1,3,1,-0.164678,1.38395,1,-40.9071,-40.9071,514,514,87.49,87.49,9.13711e+11,0
evt_68,54,2,-1,4,1,5.16296,0.841407,1,-31.3768,-31.3768,971,971,132.49,132.49,9.13711e+11,0
evt_68,62,2,-1,4,2,4.30482,0.809007,1,-79.5707,-79.5707,3281,3281,209.99,209.99,9.13711e+11,0
evt_68,63,2,-1,4,2,-5.03263,1.47039,2,-157.268,-24.8546,6964,922,272.49,132.49,9.13711e+11,0
evt_69,6,0,-1,4,1,3.08492,0.93618,1,-92.4484,-92.4484,6682,6682,374.99,374.99,9.13724e+11,0
evt_69,7,0,-1,4,1,4.4843,0.746536,1,-40.9865,-40.9865,2496,2496,239.99,239.99,9.13724e+11,0
evt_69,16,0,-1,1,3,10.9402,0.894821,1,-43.4636,-43.4636,1267,1267,142.49,142.49,9.13724e+11,0
evt_69,17,0,-1,1,3,9.94088,3.35691,2,-405.679,-44.6005,14905,1242,249.99,137.49,9.13724e+11,0
evt_69,28,1,-1,3,1,-6.13718,1.43294,3,-1247.95,-124.822,93747,4585,409.99,264.99,9.13724e+11,0
evt_69,29,1,-1,3,1,-2.58708,0.887745,2,-1249.69,-32.7885,83801,897,374.99,129.99,9.13724e+11,0
evt_69,49,2,-1,1,1,1.3197,0.680715,1,-47.9272,-47.9272,376,376,64.99,64.99,9.13724e+11,0
evt_69,50,2,-1,2,1,-0.125215,0.900653,1,-164.174,-164.174,8588,8588,307.49,307.49,9.13724e+11,0
evt_69,51,2,-1,2,1,1.78523,0.778689,1,-50.3553,-50.3553,2116,2116,187.49,187.49,9.13724e+11,0
evt_69,56,2,-1,1,2,3.1053,0.880464,1,-24.6316,-24.6316,175,175,79.99,79.99,9.13724e+11,0
evt_69,57,2,-1,1,2,-4.63155,0.65339,1,-72.1079,-72.1079,1067,1067,87.49,87.49,9.13724e+11,0
evt_69,72,3,-1,1,1,-18.2954,1.14978,4,-27.8313,-21.2332,7050,1460,849.99,222.49,9.13724e+11,0
evt_70,13,0,-1,3,2,4.42331,0.85317,1,-35.8101,-35.8101,1312,1312,154.99,154.99,9.1383e+11,0
evt_70,39,1,-1,4,2,-0.230061,0.998836,1,-35.958,-35.958,1498,1498,174.99,174.99,9.1383e+11,0
evt_70,49,2,-1,1,1,0.487991,0.700792,1,-72.0413,-72.0413,899,899,87.49,87.49,9.1383e+11,0
evt_70,72,3,-1,1,1,-5.63009,1.08011,1,-15.5585,-15.5585,295,295,57.49,57.49,9.1383e+11,0
evt_71,11,0,-1,2,2,2.74559,0.844158,1,-51.4311,-51.4311,3169,3169,247.49,247.49,9.13911e+11,0
evt_71,39,1,-1,4,2,0.783021,1.1323,1,-35.5776,-35.5776,1050,1050,129.99,129.99,9.13911e+11,0
evt_71,62,2,-1,4,2,-183.861,192.577,5,-943.74,-17.8874,47751,387,329.99,79.99,9.13911e+11,0
evt_71,63,2,-1,4,2,-176.649,210.177,2,-1250.15,-95.6557,83632,7248,512.49,377.49,9.13911e+11,0
evt_71,70,2,-1,4,3,-0.152225,1.07655,1,-150.491,-150.491,5546,5546,232.49,232.49,9.13911e+11,0
evt_71,71,2,-1,4,3,2.04069,0.617937,2,-64.6587,-56.806,3512,1984,259.99,174.99,9.13911e+11,0
evt_71,72,3,-1,1,1,-17.8423,0.993066,2,-29.0123,-26.2271,9959,9714,1279.99,1109.99,9.13911e+11,0
evt_71,82,3,-1,2,2,-13.1803,1.68825,5,-91.9571,-15.8615,10579,286,1277.49,54.99,9.13911e+11,0
evt_71,83,3,-1,2,2,-0.99939,0.909054,2,-110.829,-23.4897,4865,860,234.99,134.99,9.13911e+11,0
evt_72,0,0,-1,1,1,-728.418,150.007,3,-493.823,-31.6058,11488,1078,222.49,144.99,9.1394e+11,0
evt_72,1,0,-1,1,1,-938.314,201.579,4,-622.007,-23.103,12343,393,207.49,89.99,9.1394e+11,0
evt_72,49,2,-1,1,1,4.38301,0.776469,1,-17.652,-17.652,468,468,89.99,89.99,9.1394e+11,0
evt_72,72,3,-1,1,1,-18.295,0.935685,7,-21.1576,-17.3085,3061,615,442.49,102.49,9.1394e+11,0
evt_73,11,0,-1,2,2,20.8834,5.2302,1,-18.1098,-18.1098,265,265,79.99,79.99,9.1395e+11,0
evt_73,16,0,-1,1,3,1.9651,0.766919,1,-126.921,-126.921,4749,4749,219.99,219.99,9.1395e+11,0
evt_73,17,0,-1,1,3,0.162378,0.828953,1,-138.662,-138.662,6513,6513,257.49,257.49,9.1395e+11,0
evt_73,40,1,-1,1,3,0.407016,0.856377,1,-1250.61,-1250.61,101165,101165,397.49,397.49,9.1395e+11,0
evt_73,41,1,-1,1,3,1.42317,0.864903,3,-1250.04,-18.1092,95984,187,402.49,67.49,9.1395e+11,0
evt_73,64,2,-1,1,3,2.98799,1.01426,2,-179.035,-82.5413,8500,1728,277.49,67.49,9.1395e+11,0
evt_73,65,2,-1,1,3,-2.31052,0.786389,1,-304.886,-304.886,15277,15277,317.49,317.49,9.1395e+11,0
evt_73,88,3,-1,1,3,5.99424,0.892527,3,-1087.6,-43.5004,63617,1345,384.99,154.99,1.49602e+14,1.10382e+12
evt_73,89,3,-1,1,3,4.08789,0.8013,2,-1203,-29.5124,73632,581,427.49,112.49,1.49602e+14,4.61894e+18
evt_74,26,1,-1,2,1,3.55011,1.28632,2,-38.8117,-33.0495,1275,1034,147.49,137.49,9.14055e+11,0
evt_74,27,1,-1,2,1,8.45742,0.67556,1,-50.9738,-50.9738,1835,1835,167.49,167.49,9.14055e+11,0
evt_74,50,2,-1,2,1,0.370069,1.16542,1,-155.875,-155.875,7197,7197,269.99,269.99,9.14055e+11,0
evt_74,51,2,-1,2,1,1.17786,0.931696,1,-341.525,-341.525,16600,16600,324.99,324.99,9.14055e+11,0
evt_74,74,3,-1,2,1,-1.97062,0.955872,1,-484.989,-484.989,20818,20818,322.49,322.49,9.14055e+11,0
evt_74,75,3,-1,2,1,-1.70484,0.788468,1,-193.981,-193.981,9497,9497,289.99,289.99,9.14055e+11,0
evt_74,82,3,-1,2,2,-17.2652,1.25427,5,-22.4574,-15.7838,6846,207,1109.99,32.49,9.14055e+11,0
evt_75,2,0,-1,2,1,-0.266853,0.973291,1,-37.3283,-37.3283,1352,1352,154.99,154.99,9.1418e+11,0
evt_75,3,0,-1,2,1,0.495823,1.19105,1,-102.556,-102.556,4736,4736,254.99,254.99,9.1418e+11,0
evt_75,28,1,-1,3,1,1.01815,1.19782,1,-143.353,-143.353,5787,5787,242.49,242.49,9.1418e+11,0
evt_75,29,1,-1,3,1,2.7325,0.632649,1,-231.074,-231.074,11667,11667,347.49,347.49,9.1418e+11,0
evt_75,50,2,-1,2,1,0.225211,0.75773,1,-1250.42,-1250.42,129396,129396,719.99,719.99,9.1418e+11,0
evt_75,51,2,-1,2,1,-0.927705,0.571315,2,-1250.47,-49.5955,124876,1476,722.49,187.49,9.1418e+11,0
evt_75,80,3,-1,1,2,4.24152,0.662249,2,-1200.34,-39.1244,69535,1502,437.49,167.49,9.1418e+11,0
evt_75,81,3,-1,1,2,-4.51016,1.01688,1,-1250.3,-1250.3,64986,64986,377.49,377.49,9.1418e+11,0
evt_76,10,0,-1,2,2,-0.523099,1.10121,1,-97.9463,-97.9463,4281,4281,237.49,237.49,9.14187e+11,0
evt_76,11,0,-1,2,2,0.258733,0.831267,2,-145.18,-72.094,6325,2996,252.49,204.99,9.14187e+11,0
evt_76,26,1,-1,2,1,-3.9975,1.09843,2,-1251.22,-175.108,91776,6531,422.49,217.49,9.14187e+11,0
evt_76,27,1,-1,2,1,-0.984084,0.899749,2,-1131.13,-28.2532,89186,681,662.49,114.99,9.14187e+11,0
evt_76,68,2,-1,3,3,-2.16988,0.754802,3,-255.592,-42.1107,10037,1479,272.49,137.49,9.14187e+11,0
evt_76,69,2,-1,3,3,-1.06595,1.23798,1,-151.893,-151.893,8588,8588,359.99,359.99,9.14187e+11,0
evt_76,72,3,-1,1,1,-3.92699,1.24618,1,-1250.27,-1250.27,118983,118983,447.49,447.49,9.14187e+11,0
evt_76,73,3,-1,1,1,-1.43783,1.12603,2,-1249.97,-267.065,120607,8423,479.99,107.49,9.14187e+11,0
evt_76,77,3,-1,3,1,161.011,0.933897,1,-19.5958,-19.5958,174,174,72.49,72.49,9.14187e+11,0
evt_76,80,3,-1,1,2,-4.46803,1.01954,4,-578.709,-15.4033,34179,294,432.49,54.99,9.14187e+11,0
evt_76,81,3,-1,1,2,0.322307,0.722933,1,-481.293,-481.293,23659,23659,347.49,347.49,9.14187e+11,0
evt_77,34,1,-1,2,2,10.5828,1.1028,1,-20.8585,-20.8585,452,452,92.49,92.49,9.1423e+11,0
evt_77,50,2,-1,2,1,0.312216,0.711149,1,-26.0558,-26.0558,233,233,72.49,72.49,9.1423e+11,0
evt_77,51,2,-1,2,1,0.20132,0.961528,1,-17.375,-17.375,128,128,62.49,62.49,9.1423e+11,0
evt_77,56,2,-1,1,2,-10.5766,0.724415,3,-16.2039,-15.5577,632,320,112.49,57.49,9.1423e+11,0
evt_77,80,3,-1,1,2,-1.03377,1.3903,2,-19.1354,-17.9663,788,597,134.99,109.99,9.1423e+11,0
evt_78,3,0,-1,2,1,-11.3182,1.0183,4,-16.2016,-15.2105,411,275,79.99,54.99,9.14282e+11,0
evt_78,6,0,-1,4,1,2.69084,0.888627,1,-47.2767,-47.2767,1789,1789,174.99,174.99,9.14282e+11,0
evt_78,7,0,-1,4,1,1.23574,1.0874,2,-56.4244,-19.5581,2223,599,189.99,107.49,9.14282e+11,0
evt_78,28,1,-1,3,1,5.00685,0.780514,1,-155.659,-155.659,6880,6880,249.99,249.99,9.14282e+11,0
evt_78,29,1,-1,3,1,6.59381,1.50563,1,-132.332,-132.332,5922,5922,272.49,272.49,9.14282e+11,0
evt_78,57,2,-1,1,2,0.0476729,0.556633,1,-35.2935,-35.2935,331,331,69.99,69.99,9.14282e+11,0
evt_78,58,2,-1,2,2,-0.0635301,0.708899,1,-93.7512,-93.7512,4020,4020,227.49,227.49,9.14282e+11,0
evt_78,59,2,-1,2,2,-3.95933,0.816246,1,-141.712,-141.712,8293,8293,314.99,314.99,9.14282e+11,0
evt_78,67,2,-1,2,3,-0.570889,0.788375,1,-37.1302,-37.1302,1475,1475,167.49,167.49,9.14282e+11,0
evt_78,75,3,-1,2,1,7.61407,0.705273,2,-120.17,-82.1998,5010,3685,264.99,229.99,9.14282e+11,0
evt_79,6,0,-1,4,1,1.25254,0.714209,1,-161.416,-161.416,9171,9171,309.99,309.99,9.14438e+11,0
evt_79,28,1,-1,3,1,-1.46349,0.808581,1,-68.5448,-68.5448,2622,2622,194.99,194.99,9.14438e+11,0
evt_79,52,2,-1,3,1,7.07439,0.952687,1,-133.811,-133.811,6028,6028,247.49,247.49,9.14438e+11,0
evt_79,53,2,-1,3,1,4.24387,0.742954,1,-257.026,-257.026,9813,9813,257.49,257.49,9.14438e+11,0
evt_79,76,3,-1,3,1,9.07421,0.509733,2,-114.491,-20.4015,5840,655,264.99,114.99,9.14438e+11,0
evt_79,77,3,-1,3,1,0.592026,0.927326,1,-62.6012,-62.6012,2711,2711,204.99,204.99,9.14438e+11,0
evt_80,30,1,-1,4,1,3.78165,0.939965,1,-729.787,-729.787,29648,29648,304.99,304.99,9.14469e+11,0
evt_80,31,1,-1,4,1,1.31881,1.02297,1,-299.891,-299.891,14927,14927,302.49,302.49,9.14469e+11,0
evt_80,54,2,-1,4,1,2.12812,1.34248,2,-407.778,-48.3044,18377,1198,354.99,124.99,9.14469e+11,0
evt_80,55,2,-1,4,1,-0.580342,0.902799,1,-923.922,-923.922,46876,46876,364.99,364.99,9.14469e+11,0
evt_80,78,3,-1,4,1,-2.92218,1.44602,2,-1249.78,-28.4787,90092,892,422.49,134.99,9.14469e+11,0
evt_80,79,3,-1,4,1,-0.188758,0.745664,4,-1237.8,-40.4893,67228,1525,402.49,164.99,9.14469e+11,0
evt_81,0,0,-1,1,1,0.542408,0.808391,2,-428.486,-27.9853,19554,873,317.49,129.99,9.1448e+11,0
evt_81,1,0,-1,1,1,2.18217,0.739257,5,-1021.55,-17.7676,45686,289,434.99,77.49,9.1448e+11,0
evt_81,24,1,-1,1,1,3.08285,0.877467,1,-75.8692,-75.8692,3200,3200,207.49,207.49,9.1448e+11,0
evt_81,25,1,-1,1,1,1.65912,0.652852,2,-140.073,-77.6611,7214,3244,279.99,212.49,9.1448e+11,0
evt_81,36,1,-1,3,2,1.02774,0.968366,1,-45.0646,-45.0646,1601,1601,159.99,159.99,9.1448e+11,0
evt_81,41,1,-1,1,3,-0.0347632,0.725839,1,-43.7632,-43.7632,1463,1463,109.99,109.99,9.1448e+11,0
evt_81,48,2,-1,1,1,1.88609,0.753541,1,-185.021,-185.021,7449,7449,257.49,257.49,9.1448e+11,0
evt_81,49,2,-1,1,1,-0.537363,0.94249,2,-77.7691,-25.2753,3306,932,217.49,137.49,9.1448e+11,0
evt_81,56,2,-1,1,2,1.85111,1.15485,2,-1250.39,-406.38,142284,9910,437.49,107.49,9.1448e+11,0
evt_81,57,2,-1,1,2,2.89636,1.13873,3,-1250.58,-27.5388,124129,197,602.49,69.99,9.1448e+11,0
evt_81,72,3,-1,1,1,1.28201,0.819325,1,-116.119,-116.119,5871,5871,279.99,279.99,9.1448e+11,0
evt_81,73,3,-1,1,1,-3.09247,0.957014,1,-104.196,-104.196,4944,4944,247.49,247.49,9.1448e+11,0
evt_81,76,3,-1,3,1,-6.11821,0.844422,1,-22.1101,-22.1101,1516,1516,234.99,234.99,9.1448e+11,0
evt_82,6,0,-1,4,1,-1.08905,1.00216,2,-1250.19,-26.8019,101680,423,469.99,102.49,9.14519e+11,0
evt_82,7,0,-1,4,1,-5.40222,0.641999,2,-1249.96,-43.7666,82614,1695,422.49,184.99,9.14519e+11,0
evt_82,36,1,-1,3,2,-0.00720645,0.948979,1,-595.091,-595.091,39562,39562,467.49,467.49,9.14519e+11,0
evt_82,37,1,-1,3,2,0.225415,0.983019,2,-864.029,-60.313,48716,2628,394.99,212.49,9.14519e+11,0
evt_82,49,2,-1,1,1,-0.597074,0.610839,1,-61.6157,-61.6157,629,629,79.99,79.99,9.14519e+11,0
evt_82,68,2,-1,3,3,-4.03574,0.834961,4,-1249.96,-33.3975,128358,573,627.49,104.99,9.14519e+11,0
evt_82,69,2,-1,3,3,5.32852,1.1336,1,-1250.27,-1250.27,98074,98074,452.49,452.49,9.14519e+11,0
evt_82,94,3,-1,4,3,0.142172,0.868329,1,-1250.12,-1250.12,102027,102027,602.49,602.49,4.38087e+11,1.37764e+19
evt_82,95,3,-1,4,3,-0.00798149,0.824802,2,-1250.06,-445.221,72864,20032,387.49,297.49,4.38087e+11,1.3818e+19
evt_83,10,0,-1,2,2,-3.23312,0.816398,1,-635.428,-635.428,51023,51023,414.99,414.99,9.14584e+11,0
evt_83,11,0,-1,2,2,0.724436,0.586746,3,-900.245,-62.6016,76265,1349,407.49,67.49,9.14584e+11,0
evt_83,42,1,-1,2,3,-1.87616,0.715783,1,-384.987,-384.987,19601,19601,334.99,334.99,9.14584e+11,0
evt_83,43,1,-1,2,3,-1.6475,1.20522,2,-167.175,-54.7098,6973,1845,277.49,164.99,9.14584e+11,0
evt_83,44,1,-1,3,3,8.55828,1.02367,2,-148.84,-54.747,4771,1725,204.99,162.49,9.14584e+11,0
evt_83,49,2,-1,1,1,-0.101475,0.587385,1,-65.5141,-65.5141,444,444,69.99,69.99,9.14584e+11,0
evt_83,56,2,-1,1,2,4.17332,0.599775,3,-521.405,-34.4275,29387,1279,377.49,154.99,9.14584e+11,0
evt_83,57,2,-1,1,2,-0.00849154,0.894648,1,-441.527,-441.527,24200,24200,479.99,479.99,9.14584e+11,0
evt_83,88,3,-1,1,3,-1.31007,0.920823,2,-364.857,-15.6312,17882,354,317.49,77.49,1.49602e+14,1.10382e+12
evt_83,89,3,-1,1,3,0.326399,0.932831,3,-666.916,-39.1545,39909,1137,422.49,139.99,1.49602e+14,4.60417e+18
evt_84,28,1,-1,3,1,0.415641,0.677351,1,-1247.91,-1247.91,129737,129737,769.99,769.99,9.14599e+11,0
evt_84,29,1,-1,3,1,3.85382,0.813599,2,-1249.69,-29.3941,111371,424,524.99,102.49,9.14599e+11,0
evt_84,30,1,-1,4,1,0.656335,0.842642,2,-1250.5,-44.8492,83038,1067,372.49,134.99,9.14599e+11,0
evt_84,31,1,-1,4,1,0.331759,0.810092,2,-1003.23,-30.5779,54844,911,382.49,129.99,9.14599e+11,0
evt_84,54,2,-1,4,1,0.923226,0.960427,2,-239.913,-26.5372,8660,542,254.99,99.99,9.14599e+11,0
evt_84,55,2,-1,4,1,1.91547,0.847407,1,-522.015,-522.015,24709,24709,339.99,339.99,9.14599e+11,0
evt_84,56,2,-1,1,2,-6.99359,0.764508,2,-30.62,-16.4751,715,638,124.99,92.49,9.14599e+11,0
evt_84,57,2,-1,1,2,2.17798,0.894269,1,-36.9426,-36.9426,464,464,87.49,87.49,9.14599e+11,0
evt_84,71,2,-1,4,3,10.0178,1.20568,1,-43.0364,-43.0364,1348,1348,149.99,149.99,9.14599e+11,0
evt_84,78,3,-1,4,1,-5.06726,1.15445,1,-305.077,-305.077,16110,16110,327.49,327.49,9.14599e+11,0
evt_84,79,3,-1,4,1,-1.26117,0.947011,1,-291.778,-291.778,13722,13722,309.99,309.99,9.14599e+11,0
evt_84,86,3,-1,4,2,0.100249,1.06689,3,-1250.31,-18.6067,70653,381,422.49,89.99,9.14599e+11,0
evt_84,87,3,-1,4,2,-4.35404,1.01361,2,-1250.62,-20.473,94923,394,424.99,94.99,9.14599e+11,0
evt_84,93,3,-1,3,3,-9.88769,1.45407,3,-20.1656,-15.2084,1156,396,187.49,79.99,0,1.38941e+19
evt_85,57,2,-1,1,2,-3.00089,0.598225,1,-72.5042,-72.5042,2554,2554,187.49,187.49,9.1463e+11,0
evt_85,64,2,-1,1,3,2.05656,0.908412,1,-479.272,-479.272,23142,23142,347.49,347.49,9.1463e+11,0
evt_85,65,2,-1,1,3,0.430416,0.894182,1,-231.273,-231.273,9480,9480,269.99,269.99,9.1463e+11,0
evt_86,10,0,-1,2,2,-0.567762,0.971483,1,-39.1936,-39.1936,1438,1438,157.49,157.49,9.14681e+11,0
evt_86,12,0,-1,3,2,-3.15284,1.11678,1,-206.406,-206.406,9564,9564,267.49,267.49,9.14681e+11,0
evt_86,13,0,-1,3,2,-2.06951,0.72016,1,-441.877,-441.877,25503,25503,624.99,624.99,9.14681e+11,0
evt_86,28,1,-1,3,1,0.911611,0.640082,1,-220.665,-220.665,10151,10151,287.49,287.49,9.14681e+11,0
evt_86,60,2,-1,3,2,2.03292,0.789354,1,-239.692,-239.692,9417,9417,269.99,269.99,9.14681e+11,0
evt_86,61,2,-1,3,2,0.42314,0.768091,1,-122.19,-122.19,4628,4628,227.49,227.49,9.14681e+11,0
evt_86,76,3,-1,3,1,4.54199,0.853841,1,-141.795,-141.795,7685,7685,302.49,302.49,9.14681e+11,0
evt_86,77,3,-1,3,1,-1.47228,0.895601,1,-196.302,-196.302,13191,13191,402.49,402.49,9.14681e+11,0
evt_86,84,3,-1,3,2,52.6379,0.666938,2,-78.2303,-28.4448,2873,497,199.99,102.49,9.14681e+11,0
evt_86,85,3,-1,3,2,27.8222,1.17679,1,-139.339,-139.339,4010,4010,177.49,177.49,9.14681e+11,0
evt_86,93,3,-1,3,3,-9.3778,0.677615,3,-18.6458,-17.1946,675,477,117.49,87.49,0,1.38505e+19
evt_87,6,0,-1,4,1,-2.82112,1.01795,1,-243.318,-243.318,10811,10811,292.49,292.49,9.1473e+11,0
evt_87,7,0,-1,4,1,0.780082,1.08359,1,-60.3897,-60.3897,2704,2704,207.49,207.49,9.1473e+11,0
evt_87,26,1,-1,2,1,-2.27193,1.2637,1,-55.5468,-55.5468,2238,2238,197.49,197.49,9.1473e+11,0
evt_87,37,1,-1,3,2,0.846357,0.858856,1,-40.0313,-40.0313,1459,1459,157.49,157.49,9.1473e+11,0
evt_87,48,2,-1,1,1,0.365195,1.17285,1,-368.666,-368.666,15877,15877,294.99,294.99,9.1473e+11,0
evt_87,49,2,-1,1,1,-0.615154,0.820727,1,-242.932,-242.932,11582,11582,307.49,307.49,9.1473e+11,0
evt_87,72,3,-1,1,1,-15.8541,0.923925,3,-26.9529,-17.3484,15655,593,1929.99,104.99,9.1473e+11,0
evt_87,78,3,-1,4,1,-8.70553,2.10163,3,-18.4533,-15.2502,648,280,109.99,54.99,9.1473e+11,0
evt_87,93,3,-1,3,3,-17.5782,1.24902,6,-21.4266,-15.25,1809,335,287.49,62.49,0,4.56943e+18
evt_88,14,0,-1,4,2,1.79589,1.00192,1,-191.318,-191.318,8598,8598,267.49,267.49,9.14738e+11,0
evt_88,15,0,-1,4,2,0.908998,0.868678,2,-189.635,-18.3006,8805,434,284.99,84.99,9.14738e+11,0
evt_88,38,1,-1,4,2,-2.65059,0.894101,1,-473.284,-473.284,19733,19733,314.99,314.99,9.14738e+11,0
evt_88,39,1,-1,4,2,-0.256115,1.15231,2,-283.308,-20.1706,13657,517,297.49,97.49,9.14738e+11,0
evt_88,78,3,-1,4,1,3.77072,1.77638,1,-979.126,-979.126,54762,54762,409.99,409.99,9.14738e+11,0
evt_88,79,3,-1,4,1,-0.693904,0.616622,2,-847.858,-16.8159,42167,297,374.99,67.49,9.14738e+11,0
evt_88,86,3,-1,4,2,-1.50685,0.804233,4,-1200.13,-19.4351,69818,447,392.49,89.99,9.14738e+11,0
evt_88,87,3,-1,4,2,3.50776,0.658961,2,-1250.46,-42.4293,91286,1350,462.49,152.49,9.14738e+11,0
evt_89,12,0,-1,3,2,3.5801,1.08307,2,-1250.46,-34.9989,116494,512,612.49,104.99,9.14739e+11,0
evt_89,13,0,-1,3,2,0.184319,0.870182,3,-1250.12,-142.473,104391,4816,522.49,119.99,9.14739e+11,0
evt_89,14,0,-1,4,2,-1.98054,0.741223,2,-227.558,-28.8329,10221,1063,284.99,142.49,9.14739e+11,0
evt_89,15,0,-1,4,2,-0.783157,0.804742,1,-450.447,-450.447,26920,26920,394.99,394.99,9.14739e+11,0
evt_89,44,1,-1,3,3,0.345723,0.915787,1,-916.296,-916.296,45099,45099,577.49,577.49,9.14739e+11,0
evt_89,45,1,-1,3,3,-4.28373,0.979127,1,-727.157,-727.157,46040,46040,462.49,462.49,9.14739e+11,0
evt_89,54,2,-1,4,1,18.8282,0.827384,2,-25.1638,-21.0106,598,230,109.99,82.49,9.14739e+11,0
evt_89,55,2,-1,4,1,45.2102,0.919694,3,-157.727,-21.2016,5179,305,197.49,84.99,9.14739e+11,0
evt_89,71,2,-1,4,3,-3.06829,1.16737,1,-43.8442,-43.8442,1735,1735,174.99,174.99,9.14739e+11,0
evt_90,4,0,-1,3,1,4.62828,0.771979,1,-29.663,-29.663,1028,1028,139.99,139.99,9.14753e+11,0
evt_90,5,0,-1,3,1,10.0239,0.951345,2,-143.16,-88.8698,5058,3022,204.99,184.99,9.14753e+11,0
evt_90,36,1,-1,3,2,3.08816,0.938477,1,-303.149,-303.149,15626,15626,347.49,347.49,9.14753e+11,0
evt_90,37,1,-1,3,2,-0.437136,0.895238,1,-431.892,-431.892,22396,22396,412.49,412.49,9.14753e+11,0
evt_90,52,2,-1,3,1,0.292154,0.702558,1,-45.3956,-45.3956,500,500,79.99,79.99,9.14753e+11,0
evt_90,53,2,-1,3,1,-2.59463,1.01751,1,-36.0014,-36.0014,308,308,74.99,74.99,9.14753e+11,0
evt_90,60,2,-1,3,2,-2.26315,0.872372,1,-108.387,-108.387,4839,4839,244.99,244.99,9.14753e+11,0
evt_90,61,2,-1,3,2,1.08,0.868886,1,-26.9925,-26.9925,857,857,124.99,124.99,9.14753e+11,0
evt_90,83,3,-1,2,2,0.992674,0.926402,1,-23.4859,-23.4859,814,814,127.49,127.49,9.14753e+11,0
evt_91,6,0,-1,4,1,32.3358,0.950452,2,-1250.16,-25.0186,106794,392,414.99,92.49,9.14755e+11,0
evt_91,7,0,-1,4,1,19.5889,0.784773,1,-1250,-1250,113590,113590,447.49,447.49,9.14755e+11,0
evt_91,44,1,-1,3,3,1.94034,0.714662,1,-326.238,-326.238,18810,18810,402.49,402.49,9.14755e+11,0
evt_91,52,2,-1,3,1,-0.179517,0.723358,1,-19.2225,-19.2225,103,103,57.49,57.49,9.14755e+11,0
evt_91,53,2,-1,3,1,0.672252,0.976106,1,-48.0136,-48.0136,356,356,74.99,74.99,9.14755e+11,0
evt_91,56,2,-1,1,2,-14.2384,0.948247,4,-22.0628,-18.9192,8142,1502,1204.99,239.99,9.14755e+11,0
evt_91,78,3,-1,4,1,7.04063,1.04591,1,-1250.04,-1250.04,111244,111244,462.49,462.49,9.14755e+11,0
evt_91,79,3,-1,4,1,-0.185813,0.782997,1,-1250.23,-1250.23,97782,97782,447.49,447.49,9.14755e+11,0
evt_92,4,0,-1,3,1,-1.23508,0.730273,2,-858.474,-19.5592,47007,497,379.99,97.49,9.14798e+11,0
evt_92,5,0,-1,3,1,-0.354713,1.11045,1,-1250.46,-1250.46,84391,84391,399.99,399.99,9.14798e+11,0
evt_92,28,1,-1,3,1,0.265447,0.898243,1,-325.671,-325.671,11609,11609,264.99,264.99,9.14798e+11,0
evt_92,29,1,-1,3,1,2.87768,1.03834,1,-391.465,-391.465,17767,17767,387.49,387.49,9.14798e+11,0
evt_92,49,2,-1,1,1,-1.16478,0.630155,1,-51.7423,-51.7423,648,648,89.99,89.99,9.14798e+11,0
evt_92,52,2,-1,3,1,-4.97238,1.10653,1,-245.374,-245.374,12009,12009,309.99,309.99,9.14798e+11,0
evt_92,53,2,-1,3,1,-0.430449,0.779194,1,-153.607,-153.607,7557,7557,269.99,269.99,9.14798e+11,0
evt_92,63,2,-1,4,2,2.51821,0.815193,1,-35.8733,-35.8733,1333,1333,162.49,162.49,9.14798e+11,0
evt_92,65,2,-1,1,3,19.0257,1.08968,1,-24.4,-24.4,447,447,89.99,89.99,9.14798e+11,0
evt_93,12,0,-1,3,2,-5.61249,1.54077,1,-93.3303,-93.3303,5623,5623,287.49,287.49,9.1484e+11,0
evt_93,13,0,-1,3,2,-1.20584,0.831454,1,-132.068,-132.068,8908,8908,389.99,389.99,9.1484e+11,0
evt_93,34,1,-1,2,2,-3.44011,0.783342,1,-371.223,-371.223,15876,15876,297.49,297.49,9.1484e+11,0
evt_93,35,1,-1,2,2,1.7864,0.884657,3,-267.715,-25.8386,15615,847,364.99,129.99,9.1484e+11,0
evt_93,48,2,-1,1,1,0.397544,0.825145,2,-1250.8,-47.4444,69938,1113,367.49,132.49,9.1484e+11,0
evt_93,49,2,-1,1,1,-0.907427,0.79983,3,-886.977,-165.684,43128,6799,362.49,239.99,9.1484e+11,0
evt_93,54,2,-1,4,1,17.8264,0.986933,1,-40.3323,-40.3323,1028,1028,129.99,129.99,9.1484e+11,0
evt_93,62,2,-1,4,2,1.64356,1.18777,1,-47.2646,-47.2646,728,728,92.49,92.49,9.1484e+11,0
evt_93,63,2,-1,4,2,-2.39255,0.792708,1,-38.1644,-38.1644,486,486,87.49,87.49,9.1484e+11,0
evt_93,72,3,-1,1,1,-15.2218,0.882138,6,-24.8204,-16.3522,5310,511,724.99,97.49,9.1484e+11,0
evt_93,80,3,-1,1,2,-19.0237,1.49037,7,-21.2984,-17.237,1489,180,247.49,29.99,9.1484e+11,0
evt_93,93,3,-1,3,3,-11.3368,0.823245,1,-22.4208,-22.4208,1328,1328,192.49,192.49,0,4.57502e+18
evt_94,4,0,-1,3,1,1.75899,0.92237,1,-94.094,-94.094,3968,3968,222.49,222.49,9.14883e+11,0
evt_94,5,0,-1,3,1,-0.285401,0.998682,1,-150.403,-150.403,8576,8576,417.49,417.49,9.14883e+11,0
evt_94,6,0,-1,4,1,1.11667,1.14699,1,-637.335,-637.335,30508,30508,332.49,332.49,9.14883e+11,0
evt_94,7,0,-1,4,1,1.0289,0.704292,1,-203.053,-203.053,10817,10817,287.49,287.49,9.14883e+11,0
evt_94,28,1,-1,3,1,2.0989,0.958276,2,-62.1801,-46.0539,2910,2304,279.99,189.99,9.14883e+11,0
evt_94,29,1,-1,3,1,2.05909,0.700913,1,-81.3213,-81.3213,4018,4018,254.99,254.99,9.14883e+11,0
evt_94,36,1,-1,3,2,0.309742,0.889414,1,-42.1274,-42.1274,2010,2010,222.49,222.49,9.14883e+11,0
evt_94,37,1,-1,3,2,2.30123,1.01113,1,-45.9767,-45.9767,1548,1548,157.49,157.49,9.14883e+11,0
evt_94,44,1,-1,3,3,48.8057,0.870907,1,-175.947,-175.947,4509,4509,169.99,169.99,9.14883e+11,0
evt_94,54,2,-1,4,1,5.00924,0.820438,1,-258.619,-258.619,9173,9173,239.99,239.99,9.14883e+11,0
evt_94,55,2,-1,4,1,1.77203,1.00889,1,-468.246,-468.246,20937,20937,284.99,284.99,9.14883e+11,0
evt_94,61,2,-1,3,2,1.93476,1.11022,1,-28.7522,-28.7522,946,946,134.99,134.99,9.14883e+11,0
evt_94,64,2,-1,1,3,4.9518,0.733997,1,-49.1008,-49.1008,1783,1783,172.49,172.49,9.14883e+11,0
evt_95,14,0,-1,4,2,-6.13087,0.929464,1,-98.1717,-98.1717,5879,5879,302.49,302.49,9.1489e+11,0
evt_95,15,0,-1,4,2,0.887286,0.910143,1,-174.727,-174.727,10464,10464,322.49,322.49,9.1489e+11,0
evt_95,38,1,-1,4,2,2.16853,1.02752,1,-33.3284,-33.3284,990,990,137.49,137.49,9.1489e+11,0
evt_95,39,1,-1,4,2,2.80805,0.989555,1,-32.8307,-32.8307,1229,1229,154.99,154.99,9.1489e+11,0
evt_95,42,1,-1,2,3,11.9213,0.915105,1,-1250.19,-1250.19,77020,77020,424.99,424.99,9.1489e+11,0
evt_95,62,2,-1,4,2,-0.328703,0.794042,1,-26.8764,-26.8764,735,735,119.99,119.99,9.1489e+11,0
evt_95,63,2,-1,4,2,3.76767,0.867732,1,-29.1666,-29.1666,953,953,129.99,129.99,9.1489e+11,0
evt_95,69,2,-1,3,3,2.36591,0.823588,1,-33.3248,-33.3248,1203,1203,152.49,152.49,9.1489e+11,0
evt_95,88,3,-1,1,3,1.1496,0.776343,1,-42.169,-42.169,2132,2132,199.99,199.99,1.49602e+14,1.10382e+12
evt_95,89,3,-1,1,3,-0.143945,0.877667,1,-38.6592,-38.6592,1352,1352,157.49,157.49,1.49602e+14,4.50593e+18
evt_96,14,0,-1,4,2,0.0278943,0.795754,1,-33.5452,-33.5452,1257,1257,164.99,164.99,9.14905e+11,0
evt_96,15,0,-1,4,2,-0.272968,0.554388,1,-157.229,-157.229,7208,7208,267.49,267.49,9.14905e+11,0
evt_96,36,1,-1,3,2,1.96027,0.99629,2,-442.402,-47.0495,25242,1405,339.99,152.49,9.14905e+11,0
evt_96,37,1,-1,3,2,2.02037,1.01344,1,-388.079,-388.079,18244,18244,377.49,377.49,9.14905e+11,0
evt_96,60,2,-1,3,2,-0.406954,0.759364,1,-606.647,-606.647,27449,27449,354.99,354.99,9.14905e+11,0
evt_96,61,2,-1,3,2,-1.80526,0.579419,1,-641.607,-641.607,26870,26870,327.49,327.49,9.14905e+11,0
evt_96,66,2,-1,2,3,-0.0478525,0.973944,1,-139.539,-139.539,6514,6514,252.49,252.49,9.14905e+11,0
evt_96,67,2,-1,2,3,0.409697,0.868242,1,-101.108,-101.108,4832,4832,249.99,249.99,9.14905e+11,0
evt_96,68,2,-1,3,3,2.49956,0.953198,2,-541.795,-20.2064,22479,621,309.99,102.49,9.14905e+11,0
evt_96,69,2,-1,3,3,1.70061,0.621135,1,-139.96,-139.96,7617,7617,309.99,309.99,9.14905e+11,0
evt_96,70,2,-1,4,3,4.75229,1.07079,1,-381.987,-381.987,16294,16294,287.49,287.49,9.14905e+11,0
evt_96,71,2,-1,4,3,2.05209,0.810316,3,-673.744,-24.1328,34765,581,349.99,107.49,9.14905e+11,0
evt_96,76,3,-1,3,1,-7.7042,1.62311,1,-63.9734,-63.9734,3188,3188,237.49,237.49,9.14905e+11,0
evt_96,80,3,-1,1,2,-3.97665,0.919865,1,-18.7785,-18.7785,769,769,132.49,132.49,9.14905e+11,0
evt_96,93,3,-1,3,3,4.6259,1.07331,1,-17.2724,-17.2724,215,215,39.99,39.99,0,4.61205e+18
evt_97,41,1,-1,1,3,4.23696,3.72628,1,-42.1987,-42.1987,1459,1459,162.49,162.49,9.1503e+11,0
evt_97,49,2,-1,1,1,1.13127,0.723362,1,-58.5511,-58.5511,266,266,62.49,62.49,9.1503e+11,0
evt_98,12,0,-1,3,2,-2.28723,0.599851,2,-1249.97,-45.9787,79435,1130,474.99,137.49,9.15031e+11,0
evt_98,13,0,-1,3,2,0.666098,1.0189,1,-1250.31,-1250.31,95006,95006,434.99,434.99,9.15031e+11,0
evt_98,26,1,-1,2,1,1.08916,2.13657,1,-776.27,-776.27,45379,45379,569.99,569.99,9.15031e+11,0
evt_98,27,1,-1,2,1,1.30064,0.911172,1,-385.217,-385.217,24984,24984,379.99,379.99,9.15031e+11,0
evt_98,54,2,-1,4,1,1.98594,0.622444,1,-170.689,-170.689,7495,7495,262.49,262.49,9.15031e+11,0
evt_98,55,2,-1,4,1,3.57375,0.953996,1,-64.2789,-64.2789,2690,2690,204.99,204.99,9.15031e+11,0
evt_98,72,3,-1,1,1,-9.16996,0.766874,1,-19.0987,-19.0987,805,805,137.49,137.49,9.15031e+11,0
evt_98,84,3,-1,3,2,0.879817,0.816209,1,-114.159,-114.159,4996,4996,242.49,242.49,9.15031e+11,0
evt_98,85,3,-1,3,2,0.764084,1.19282,1,-54.1517,-54.1517,2706,2706,254.99,254.99,9.15031e+11,0
evt_98,90,3,-1,2,3,-0.503588,1.63261,3,-1250.23,-18.4522,92915,272,397.49,82.49,1.49602e+14,4.59046e+18
evt_98,91,3,-1,2,3,1.5614,0.62917,1,-1250.39,-1250.39,103647,103647,437.49,437.49,0,1.37405e+19
evt_99,22,0,-1,4,3,0.891749,1.17122,2,-68.9295,-38.583,2698,1472,197.49,174.99,9.15086e+11,0
evt_99,23,0,-1,4,3,3.71248,0.808299,1,-34.6588,-34.6588,1190,1190,149.99,149.99,9.15086e+11,0
evt_99,36,1,-1,3,2,0.714996,0.765903,1,-1250,-1250,99875,99875,472.49,472.49,9.15086e+11,0
evt_99,37,1,-1,3,2,0.470229,1.00413,1,-1250.5,-1250.5,117712,117712,422.49,422.49,9.15086e+11,0
evt_99,66,2,-1,2,3,-4.00556,0.717583,2,-419.68,-33.0191,19731,1021,319.99,137.49,9.15086e+11,0
evt_99,67,2,-1,2,3,-4.16006,0.875349,1,-233.441,-233.441,11043,11043,307.49,307.49,9.15086e+11,0
evt_99,70,2,-1,4,3,-12.7872,10.6068,1,-57.378,-57.378,2122,2122,182.49,182.49,9.15086e+11,0
evt_99,76,3,-1,3,1,-6.87461,1.27183,1,-19.2906,-19.2906,2307,2307,362.49,362.49,9.15086e+11,0
evt_99,80,3,-1,1,2,9.33742,1.70218,2,-348.229,-23.8851,17804,693,312.49,114.99,9.15086e+11,0
evt_99,81,3,-1,1,2,4.50769,0.739071,1,-464.594,-464.594,23721,23721,342.49,342.49,9.15086e+11,0
evt_99,90,3,-1,2,3,-4.8947,0.919983,1,-60.7362,-60.7362,2289,2289,182.49,182.49,1.49602e+14,1.36628e+19
evt_99,91,3,-1,2,3,1.84957,0.899989,1,-36.6799,-36.6799,1277,1277,152.49,152.49,0,1.37956e+19
evt_99,92,3,-1,3,3,-8.08562,0.784898,1,-18.0711,-18.0711,543,543,87.49,87.49,0,1.38029e+19
evt_100,14,0,-1,4,2,2.45594,1.07723,1,-200.808,-200.808,10702,10702,294.99,294.99,9.15341e+11,0
evt_100,15,0,-1,4,2,1.76493,0.853741,1,-102.974,-102.974,6481,6481,302.49,302.49,9.15341e+11,0
evt_100,30,1,-1,4,1,-0.361141,1.29414,2,-199.657,-57.5307,7213,1892,232.49,162.49,9.15341e+11,0
evt_100,31,1,-1,4,1,2.37502,0.652606,1,-31.3772,-31.3772,788,788,114.99,114.99,9.15341e+11,0
evt_100,60,2,-1,3,2,-0.561513,0.819061,2,-74.7663,-27.5367,2937,818,212.49,122.49,9.15341e+11,0
evt_100,61,2,-1,3,2,0.95243,0.742051,1,-30.3088,-30.3088,986,986,134.99,134.99,9.15341e+11,0
evt_100,90,3,-1,2,3,3.52494,1.83714,1,-77.0889,-77.0889,2886,2886,202.49,202.49,1.49602e+14,1.38492e+19
evt_100,91,3,-1,2,3,-0.203554,0.780883,1,-119.354,-119.354,5243,5243,244.99,244.99,0,1.38738e+19
evt_101,34,1,-1,2,2,1.63229,0.719975,1,-100.612,-100.612,3884,3884,222.49,222.49,9.15391e+11,0
evt_101,35,1,-1,2,2,0.867084,0.981442,1,-51.3671,-51.3671,2299,2299,207.49,207.49,9.15391e+11,0
evt_101,49,2,-1,1,1,-0.0671238,0.750439,1,-64.4408,-64.4408,297,297,62.49,62.49,9.15391e+11,0
evt_101,58,2,-1,2,2,2.98147,0.670064,1,-25.5459,-25.5459,943,943,137.49,137.49,9.15391e+11,0
evt_101,59,2,-1,2,2,2.17494,0.744843,1,-125.512,-125.512,7219,7219,274.99,274.99,9.15391e+11,0
evt_101,61,2,-1,3,2,-4.2368,1.1435,1,-33.96,-33.96,300,300,67.49,67.49,9.15391e+11,0
evt_101,82,3,-1,2,2,3.93282,1.89079,1,-166.041,-166.041,10345,10345,314.99,314.99,9.15391e+11,0
evt_101,83,3,-1,2,2,-0.387851,0.587002,1,-145.254,-145.254,7024,7024,264.99,264.99,9.15391e+11,0
evt_102,30,1,-1,4,1,22.1902,0.703474,2,-31.5785,-29.7361,662,604,112.49,109.99,9.1543e+11,0
evt_102,56,2,-1,1,2,1.16782,0.900378,1,-34.308,-34.308,255,255,64.99,64.99,9.1543e+11,0
evt_102,57,2,-1,1,2,2.48401,0.66853,1,-58.1497,-58.1497,260,260,62.49,62.49,9.1543e+11,0
evt_102,80,3,-1,1,2,-8.00052,1.06031,5,-18.2868,-15.0443,662,157,122.49,24.99,9.1543e+11,0
evt_102,93,3,-1,3,3,-6.97664,1.0218,1,-16.736,-16.736,608,608,109.99,109.99,0,4.65149e+18
evt_103,4,0,-1,3,1,1.13079,0.638194,1,-1085.11,-1085.11,61410,61410,427.49,427.49,9.15503e+11,0
evt_103,5,0,-1,3,1,-0.882169,0.911976,1,-1250.42,-1250.42,88707,88707,409.99,409.99,9.15503e+11,0
evt_103,24,1,-1,1,1,-9.46372,0.837454,1,-16.3933,-16.3933,830,830,147.49,147.49,9.15503e+11,0
evt_103,36,1,-1,3,2,2.18348,0.963493,2,-1169.67,-28.5173,61447,582,472.49,104.99,9.15503e+11,0
evt_103,37,1,-1,3,2,0.0635788,0.801891,1,-1250.54,-1250.54,98496,98496,512.49,512.49,9.15503e+11,0
evt_103,38,1,-1,4,2,0.44659,1.03822,1,-67.6734,-67.6734,4289,4289,342.49,342.49,9.15503e+11,0
evt_103,40,1,-1,1,3,1.17747,0.733737,1,-1249.93,-1249.93,74615,74615,274.99,274.99,9.15503e+11,0
evt_103,41,1,-1,1,3,0.074348,0.755354,1,-1186.64,-1186.64,65540,65540,277.49,277.49,9.15503e+11,0
evt_103,46,1,-1,4,3,3.58437,0.969715,1,-287.956,-287.956,14309,14309,299.99,299.99,9.15503e+11,0
evt_103,47,1,-1,4,3,1.89378,1.09055,1,-427.305,-427.305,18606,18606,317.49,317.49,9.15503e+11,0
evt_103,48,2,-1,1,1,2.68064,0.788522,1,-239.585,-239.585,10321,10321,282.49,282.49,9.15503e+11,0
evt_103,49,2,-1,1,1,0.280407,1.04106,1,-187.347,-187.347,8719,8719,282.49,282.49,9.15503e+11,0
evt_103,50,2,-1,2,1,0.203686,0.785981,1,-41.4457,-41.4457,3012,3012,279.99,279.99,9.15503e+11,0
evt_103,72,3,-1,1,1,2.43238,0.754057,2,-180.138,-23.9796,11333,988,352.49,149.99,9.15503e+11,0
evt_103,73,3,-1,1,1,1.73041,1.25348,1,-192.689,-192.689,9067,9067,277.49,277.49,9.15503e+11,0
evt_104,4,0,-1,3,1,-0.451896,0.629977,1,-847.056,-847.056,45309,45309,404.99,404.99,9.15564e+11,0
evt_104,5,0,-1,3,1,-1.00316,1.06957,2,-1235.28,-48.0777,72889,1989,382.49,197.49,9.15564e+11,0
evt_104,24,1,-1,1,1,0.964003,1.0382,2,-870.625,-46.8181,44005,3771,394.99,369.99,9.15564e+11,0
evt_104,25,1,-1,1,1,-0.119735,0.847012,1,-1221.25,-1221.25,60482,60482,372.49,372.49,9.15564e+11,0
evt_104,52,2,-1,3,1,6.42297,1.22216,1,-29.5157,-29.5157,178,178,62.49,62.49,9.15564e+11,0
evt_104,53,2,-1,3,1,0.869351,0.750198,1,-40.6763,-40.6763,232,232,62.49,62.49,9.15564e+11,0
evt_104,62,2,-1,4,2,2.61374,1.02173,1,-60.5121,-60.5121,702,702,84.99,84.99,9.15564e+11,0
evt_104,63,2,-1,4,2,1.86103,0.924068,1,-36.0706,-36.0706,198,198,72.49,72.49,9.15564e+11,0
evt_104,64,2,-1,1,3,-1.5806,0.873375,2,-173.313,-21.0436,7311,675,254.99,109.99,9.15564e+11,0
evt_104,65,2,-1,1,3,-4.50002,0.877986,1,-210.793,-210.793,8831,8831,274.99,274.99,9.15564e+11,0
evt_104,72,3,-1,1,1,0.925456,1.12617,2,-233.365,-17.9896,12022,485,309.99,92.49,9.15564e+11,0
evt_104,73,3,-1,1,1,3.01553,0.859914,1,-549.946,-549.946,34115,34115,464.99,464.99,9.15564e+11,0
evt_105,0,0,-1,1,1,1.25609,0.931985,2,-582.473,-18.4525,30688,453,419.99,87.49,9.15571e+11,0
evt_105,1,0,-1,1,1,-1.12453,0.763664,2,-1181.19,-44.7688,55325,1101,334.99,129.99,9.15571e+11,0
evt_105,24,1,-1,1,1,5.63834,0.872432,3,-1249.81,-54.4425,111180,2037,462.49,207.49,9.15571e+11,0
evt_105,25,1,-1,1,1,1.78808,0.931121,6,-1250.62,-22.1506,126953,93,447.49,72.49,9.15571e+11,0
evt_105,56,2,-1,1,2,4.50042,1.15225,1,-70.2898,-70.2898,614,614,77.49,77.49,9.15571e+11,0
evt_105,57,2,-1,1,2,-0.98098,0.711185,1,-91.5829,-91.5829,784,784,74.99,74.99,9.15571e+11,0
evt_105,59,2,-1,2,2,0.860273,0.799231,1,-51.5132,-51.5132,584,584,87.49,87.49,9.15571e+11,0
evt_105,72,3,-1,1,1,-27.4042,1.11203,2,-30.3089,-20.652,17963,1893,2159.99,289.99,9.15571e+11,0
evt_106,18,0,-1,2,3,-1.09712,0.854706,1,-73.9632,-73.9632,2671,2671,192.49,192.49,9.15593e+11,0
evt_106,34,1,-1,2,2,1.29883,0.90164,2,-843.709,-34.3506,38652,897,332.49,127.49,9.15593e+11,0
evt_106,35,1,-1,2,2,0.0279261,0.906329,1,-613.658,-613.658,30376,30376,339.99,339.99,9.15593e+11,0
evt_106,38,1,-1,4,2,4.31389,0.941954,1,-103.314,-103.314,4165,4165,219.99,219.99,9.15593e+11,0
evt_106,39,1,-1,4,2,4.81198,1.80475,2,-270.352,-23.0272,12301,560,284.99,104.99,9.15593e+11,0
evt_106,42,1,-1,2,3,2.36872,0.929463,2,-90.3528,-58.2149,3566,2106,209.99,172.49,9.15593e+11,0
evt_106,43,1,-1,2,3,-1.1306,0.931115,1,-39.1926,-39.1926,1476,1476,164.99,164.99,9.15593e+11,0
evt_106,49,2,-1,1,1,-0.68586,0.945119,1,-55.0061,-55.0061,276,276,59.99,59.99,9.15593e+11,0
evt_106,62,2,-1,4,2,5.22007,1.50955,1,-78.0799,-78.0799,3492,3492,212.49,212.49,9.15593e+11,0
evt_106,63,2,-1,4,2,5.37642,0.973362,1,-79.4055,-79.4055,4611,4611,269.99,269.99,9.15593e+11,0
evt_106,66,2,-1,2,3,3.56432,0.837659,1,-95.8839,-95.8839,3587,3587,202.49,202.49,9.15593e+11,0
evt_106,67,2,-1,2,3,-0.637874,0.77895,1,-166.224,-166.224,7684,7684,272.49,272.49,9.15593e+11,0
evt_106,80,3,-1,1,2,-3.52605,1.29563,1,-16.2808,-16.2808,259,259,54.99,54.99,9.15593e+11,0
evt_106,86,3,-1,4,2,-0.0404281,1.2911,1,-381.97,-381.97,18262,18262,317.49,317.49,9.15593e+11,0
evt_106,87,3,-1,4,2,-2.39261,0.95909,1,-591.208,-591.208,30583,30583,337.49,337.49,9.15593e+11,0
evt_107,22,0,-1,4,3,4.6281,0.96684,1,-16.131,-16.131,245,245,57.49,57.49,9.15638e+11,0
evt_107,23,0,-1,4,3,0.324252,0.998838,1,-34.9198,-34.9198,1102,1102,139.99,139.99,9.15638e+11,0
evt_107,41,1,-1,1,3,1.24716,0.674103,1,-61.5882,-61.5882,2533,2533,199.99,199.99,9.15638e+11,0
evt_107,47,1,-1,4,3,3.40721,0.735709,1,-204.731,-204.731,7768,7768,239.99,239.99,9.15638e+11,0
evt_107,54,2,-1,4,1,0.62959,0.626157,1,-56.7252,-56.7252,2298,2298,192.49,192.49,9.15638e+11,0
evt_107,55,2,-1,4,1,0.347886,1.00136,1,-134.737,-134.737,5370,5370,237.49,237.49,9.15638e+11,0
evt_107,70,2,-1,4,3,0.636733,1.03729,2,-1250.12,-493.85,94766,23041,407.49,394.99,9.15638e+11,0
evt_107,71,2,-1,4,3,-1.26727,0.694106,1,-1250.35,-1250.35,105721,105721,427.49,427.49,9.15638e+11,0
evt_107,78,3,-1,4,1,-4.91644,0.983441,4,-20.7758,-16.7384,3094,638,484.99,117.49,9.15638e+11,0
evt_108,0,0,-1,1,1,0.129354,0.615846,1,-20.8565,-20.8565,624,624,109.99,109.99,9.1573e+11,0
evt_108,14,0,-1,4,2,0.0883102,0.960123,2,-791.412,-30.0023,41659,850,379.99,124.99,9.1573e+11,0
evt_108,15,0,-1,4,2,0.41094,0.538825,1,-586.592,-586.592,33774,33774,379.99,379.99,9.1573e+11,0
evt_108,49,2,-1,1,1,-0.879568,0.64505,1,-36.4635,-36.4635,1467,1467,167.49,167.49,9.1573e+11,0
evt_108,72,3,-1,1,1,-15.9057,1.16915,6,-28.4447,-16.5072,6793,472,984.99,87.49,9.1573e+11,0
evt_109,13,0,-1,3,2,17.0512,0.922911,1,-30.3808,-30.3808,857,857,122.49,122.49,9.15812e+11,0
evt_109,24,1,-1,1,1,-1.19258,0.806661,1,-1249.89,-1249.89,165841,165841,974.99,974.99,9.15812e+11,0
evt_109,25,1,-1,1,1,-1.13288,0.929786,1,-1250.58,-1250.58,129975,129975,494.99,494.99,9.15812e+11,0
evt_109,48,2,-1,1,1,5.5398,0.909851,1,-780.381,-780.381,36928,36928,384.99,384.99,9.15812e+11,0
evt_109,49,2,-1,1,1,1.0607,0.844214,1,-279.197,-279.197,13135,13135,304.99,304.99,9.15812e+11,0
evt_109,60,2,-1,3,2,-14.7326,0.631649,6,-20.0151,-15.8145,4307,292,702.49,54.99,9.15812e+11,0
evt_109,72,3,-1,1,1,-12.1457,1.3134,6,-22.8778,-15.7079,3777,429,552.49,79.99,9.15812e+11,0
evt_110,10,0,-1,2,2,0.510437,0.964698,1,-205.838,-205.838,9790,9790,282.49,282.49,9.1583e+11,0
evt_110,11,0,-1,2,2,1.86983,0.942018,1,-69.3867,-69.3867,2877,2877,207.49,207.49,9.1583e+11,0
evt_110,42,1,-1,2,3,-1.60018,0.823636,2,-143.24,-67.7879,10772,2683,357.49,199.99,9.1583e+11,0
evt_110,43,1,-1,2,3,1.58645,0.811344,2,-170.225,-16.7347,6944,275,254.99,62.49,9.1583e+11,0
evt_110,58,2,-1,2,2,0.765238,0.917161,1,-41.8989,-41.8989,1720,1720,179.99,179.99,9.1583e+11,0
evt_110,93,3,-1,3,3,5.2849,1.05694,1,-15.8972,-15.8972,324,324,59.99,59.99,0,4.61756e+18
evt_111,0,0,-1,1,1,1.61311,1.04453,1,-93.559,-93.559,3662,3662,217.49,217.49,9.15838e+11,0
evt_111,1,0,-1,1,1,1.76422,0.673162,1,-178.426,-178.426,7233,7233,244.99,244.99,9.15838e+11,0
evt_111,24,1,-1,1,1,2.53127,0.81552,3,-815.524,-15.2491,36973,246,354.99,57.49,9.15838e+11,0
evt_111,25,1,-1,1,1,2.42123,0.791494,2,-757.506,-45.5214,40410,1431,362.49,152.49,9.15838e+11,0
evt_111,60,2,-1,3,2,-12.4558,1.09188,2,-18.2535,-16.1168,1764,390,302.49,72.49,9.15838e+11,0
evt_111,72,3,-1,1,1,-20.4749,0.602451,1,-28.1739,-28.1739,20160,20160,2487.49,2487.49,9.15838e+11,0
evt_111,80,3,-1,1,2,-5.13731,0.596016,1,-16.4362,-16.4362,458,458,87.49,87.49,9.15838e+11,0
evt_112,14,0,-1,4,2,1.28083,0.979245,3,-292.799,-41.7073,16780,1522,439.99,114.99,9.15873e+11,0
evt_112,15,0,-1,4,2,-0.329228,0.755164,2,-229.402,-52.1153,13125,2185,339.99,192.49,9.15873e+11,0
evt_112,36,1,-1,3,2,1.58509,0.931605,2,-53.1832,-35.0692,1805,1102,162.49,137.49,9.15873e+11,0
evt_112,37,1,-1,3,2,-1.11932,0.806521,1,-148.345,-148.345,6932,6932,274.99,274.99,9.15873e+11,0
evt_112,56,2,-1,1,2,-2.76171,0.686022,1,-39.7149,-39.7149,368,368,82.49,82.49,9.15873e+11,0
evt_112,57,2,-1,1,2,0.442343,0.783508,1,-77.8013,-77.8013,857,857,84.99,84.99,9.15873e+11,0
evt_112,60,2,-1,3,2,1.64086,0.597378,1,-158.409,-158.409,8446,8446,279.99,279.99,9.15873e+11,0
evt_112,61,2,-1,3,2,0.379535,0.612514,1,-192.15,-192.15,9262,9262,294.99,294.99,9.15873e+11,0
evt_112,84,3,-1,3,2,1.65559,0.956953,1,-1101.42,-1101.42,55862,55862,367.49,367.49,9.15873e+11,0
evt_112,85,3,-1,3,2,1.12257,0.815524,2,-684.448,-38.1625,31844,1132,397.49,134.99,9.15873e+11,0
evt_113,16,0,-1,1,3,-294.186,221.071,3,-588.641,-25.4343,17876,226,257.49,89.99,9.15973e+11,0
evt_113,17,0,-1,1,3,7.01703,6.42518,3,-60.1189,-16.6201,1126,127,127.49,72.49,9.15973e+11,0
evt_113,34,1,-1,2,2,-2.13563,0.826161,2,-118.683,-37.9325,4865,1256,237.49,144.99,9.15973e+11,0
evt_113,35,1,-1,2,2,-6.00938,1.06975,1,-17.2717,-17.2717,443,443,84.99,84.99,9.15973e+11,0
evt_113,48,2,-1,1,1,-1.19517,1.17084,1,-144.645,-144.645,7032,7032,284.99,284.99,9.15973e+11,0
evt_113,72,3,-1,1,1,-11.2993,0.895072,6,-21.2702,-15.2491,1461,346,222.49,52.49,9.15973e+11,0
evt_113,78,3,-1,4,1,0.422189,1.60206,1,-17.835,-17.835,595,595,104.99,104.99,9.15973e+11,0
evt_113,83,3,-1,2,2,2.13023,0.904834,1,-125.311,-125.311,5058,5058,232.49,232.49,9.15973e+11,0
evt_113,93,3,-1,3,3,-2.39976,1.32455,1,-15.9743,-15.9743,342,342,59.99,59.99,0,4.5904e+18
evt_114,11,0,-1,2,2,16.653,0.754771,2,-76.3665,-21.195,2606,548,182.49,102.49,9.16016e+11,0
evt_114,40,1,-1,1,3,2.7468,1.10744,1,-348.988,-348.988,18019,18019,332.49,332.49,9.16016e+11,0
evt_114,41,1,-1,1,3,-0.536338,0.842316,1,-500.472,-500.472,25585,25585,357.49,357.49,9.16016e+11,0
evt_114,52,2,-1,3,1,-5.26095,0.73209,1,-75.6391,-75.6391,3651,3651,257.49,257.49,9.16016e+11,0
evt_114,53,2,-1,3,1,0.49023,0.898546,1,-254.864,-254.864,11513,11513,282.49,282.49,9.16016e+11,0
evt_114,82,3,-1,2,2,-11.4755,1.86993,2,-15.7098,-15.5972,307,250,62.49,54.99,9.16016e+11,0
evt_114,93,3,-1,3,3,-9.30455,0.835993,3,-20.8537,-16.3174,2292,475,362.49,87.49,0,4.64808e+18
evt_115,12,0,-1,3,2,0.0547748,0.893751,1,-130.119,-130.119,7718,7718,299.99,299.99,9.16018e+11,0
evt_115,13,0,-1,3,2,-1.69428,0.705777,1,-280.827,-280.827,14560,14560,319.99,319.99,9.16018e+11,0
evt_115,26,1,-1,2,1,23.2526,2.52863,1,-279.599,-279.599,12673,12673,282.49,282.49,9.16018e+11,0
evt_115,27,1,-1,2,1,26.9786,0.856297,1,-265.879,-265.879,13231,13231,277.49,277.49,9.16018e+11,0
evt_115,62,2,-1,4,2,0.0674603,0.918333,1,-463.574,-463.574,26598,26598,344.99,344.99,9.16018e+11,0
evt_115,63,2,-1,4,2,-5.56135,0.772686,1,-1249.85,-1249.85,65058,65058,412.49,412.49,9.16018e+11,0
evt_115,72,3,-1,1,1,-8.53069,0.960242,1,-16.3561,-16.3561,353,353,77.49,77.49,9.16018e+11,0
evt_115,78,3,-1,4,1,-14.6975,0.847453,9,-20.7019,-16.661,1507,614,239.99,107.49,9.16018e+11,0
evt_115,80,3,-1,1,2,-6.92692,1.46106,1,-17.0013,-17.0013,387,387,82.49,82.49,9.16018e+11,0
evt_116,6,0,-1,4,1,0.883355,1.28162,1,-1250.12,-1250.12,123552,123552,814.99,814.99,9.16045e+11,0
evt_116,7,0,-1,4,1,0.942959,0.774454,2,-1250.08,-199.889,96725,7743,412.49,229.99,9.16045e+11,0
evt_116,40,1,-1,1,3,-1.65193,1.06013,3,-1250.15,-52.081,99736,954,422.49,122.49,9.16045e+11,0
evt_116,41,1,-1,1,3,0.235647,0.728367,3,-1249.97,-45.2906,99738,1131,437.49,134.99,9.16045e+11,0
evt_116,42,1,-1,2,3,21.0495,0.736172,2,-55.8584,-32.8281,1622,903,152.49,129.99,9.16045e+11,0
evt_116,52,2,-1,3,1,1.40925,0.716466,1,-38.5509,-38.5509,370,370,79.99,79.99,9.16045e+11,0
evt_116,53,2,-1,3,1,0.0150469,0.838022,1,-40.0525,-40.0525,336,336,77.49,77.49,9.16045e+11,0
evt_116,56,2,-1,1,2,1.29131,1.11401,1,-81.4356,-81.4356,3445,3445,212.49,212.49,9.16045e+11,0
evt_116,57,2,-1,1,2,-0.123733,0.611752,1,-22.8715,-22.8715,609,609,104.99,104.99,9.16045e+11,0
evt_116,72,3,-1,1,1,-17.9754,1.39395,4,-27.7555,-15.7444,11184,357,1279.99,67.49,9.16045e+11,0
evt_117,14,0,-1,4,2,-0.152537,0.934499,2,-1249.69,-18.3385,98011,340,437.49,82.49,9.1606e+11,0
evt_117,15,0,-1,4,2,2.02347,0.876721,2,-779.926,-173.624,75973,7012,472.49,184.99,9.1606e+11,0
evt_117,28,1,-1,3,1,-1.94067,0.76847,1,-409.694,-409.694,19804,19804,324.99,324.99,9.1606e+11,0
evt_117,29,1,-1,3,1,-1.06085,1.60235,1,-170.194,-170.194,8965,8965,282.49,282.49,9.1606e+11,0
evt_117,50,2,-1,2,1,0.844906,0.838721,1,-111.962,-111.962,8165,8165,319.99,319.99,9.1606e+11,0
evt_117,51,2,-1,2,1,0.813787,1.01367,1,-244.149,-244.149,14365,14365,337.49,337.49,9.1606e+11,0
evt_117,88,3,-1,1,3,8.86267,1.8003,2,-79.6414,-42.4335,2221,1018,159.99,127.49,1.49602e+14,1.10382e+12
evt_117,89,3,-1,1,3,18.5336,0.702472,1,-136.459,-136.459,4495,4495,192.49,192.49,1.49602e+14,4.5503e+18
evt_118,4,0,-1,3,1,-1.42633,0.712346,1,-156.312,-156.312,7301,7301,274.99,274.99,9.16133e+11,0
evt_118,5,0,-1,3,1,-1.93119,0.761027,3,-239.16,-28.4038,12585,492,312.49,49.99,9.16133e+11,0
evt_118,30,1,-1,4,1,2.37894,0.988318,1,-1250.19,-1250.19,105511,105511,444.99,444.99,9.16133e+11,0
evt_118,31,1,-1,4,1,1.72278,0.923961,2,-1250.18,-92.0715,88380,3764,419.99,224.99,9.16133e+11,0
evt_118,34,1,-1,2,2,1.73103,0.831639,1,-22.9123,-22.9123,589,589,104.99,104.99,9.16133e+11,0
evt_118,42,1,-1,2,3,-0.524917,0.810591,1,-22.5546,-22.5546,684,684,117.49,117.49,9.16133e+11,0
evt_118,54,2,-1,4,1,1.84299,0.858253,1,-43.2067,-43.2067,467,467,79.99,79.99,9.16133e+11,0
evt_118,56,2,-1,1,2,-18.5572,1.14511,1,-25.5839,-25.5839,18769,18769,2507.49,2507.49,9.16133e+11,0
evt_118,90,3,-1,2,3,-0.518162,1.41887,3,-1016.8,-34.3125,57996,947,512.49,132.49,1.49602e+14,4.64979e+18
evt_118,91,3,-1,2,3,0.194902,0.75942,1,-1250.16,-1250.16,79247,79247,399.99,399.99,0,4.60546e+18
evt_119,18,0,-1,2,3,-172.72,43.4821,2,-106.189,-18.2624,1427,227,114.99,74.99,9.16159e+11,0
evt_119,19,0,-1,2,3,-4.00979,1.73177,2,-254.576,-38.8116,10677,1202,454.99,142.49,9.16159e+11,0
evt_119,30,1,-1,4,1,0.0207345,0.819411,2,-137.441,-20.6632,6212,516,247.49,97.49,9.16159e+11,0
evt_119,31,1,-1,4,1,-0.261764,0.996019,1,-161.595,-161.595,6313,6313,239.99,239.99,9.16159e+11,0
evt_119,54,2,-1,4,1,-1.31657,1.2995,3,-1250.39,-18.3037,104991,76,387.49,69.99,9.16159e+11,0
evt_119,55,2,-1,4,1,0.669946,0.756332,5,-1250.49,-16.775,113067,162,452.49,64.99,9.16159e+11,0
evt_119,56,2,-1,1,2,-0.330802,1.28665,1,-750.887,-750.887,40808,40808,359.99,359.99,9.16159e+11,0
evt_119,57,2,-1,1,2,4.08602,1.00869,2,-534.821,-17.6905,22916,371,404.99,79.99,9.16159e+11,0
evt_119,72,3,-1,1,1,-6.35712,0.816566,1,-128.405,-128.405,10816,10816,387.49,387.49,9.16159e+11,0
evt_119,73,3,-1,1,1,3.90821,0.910879,1,-237.249,-237.249,10562,10562,269.99,269.99,9.16159e+11,0
evt_120,25,1,-1,1,1,-2.00979,0.589474,1,-30.8029,-30.8029,1250,1250,159.99,159.99,9.16207e+11,0
evt_120,48,2,-1,1,1,1.98384,0.735896,1,-39.1573,-39.1573,1601,1601,174.99,174.99,9.16207e+11,0
evt_120,49,2,-1,1,1,-0.6985,0.682392,1,-30.5252,-30.5252,1163,1163,152.49,152.49,9.16207e+11,0
evt_120,72,3,-1,1,1,-21.1969,0.709425,3,-27.8668,-17.9476,12664,183,1617.49,27.49,9.16207e+11,0
evt_120,92,3,-1,3,3,18.9677,0.945919,1,-36.8667,-36.8667,1058,1058,134.99,134.99,0,1.38437e+19
evt_121,49,2,-1,1,1,-1.29355,0.828851,1,-70.3792,-70.3792,642,642,77.49,77.49,9.1623e+11,0
evt_122,16,0,-1,1,3,17.447,0.930986,1,-201.713,-201.713,7198,7198,217.49,217.49,9.16241e+11,0
evt_122,40,1,-1,1,3,0.639447,0.725119,3,-1250.42,-43.9614,122836,947,432.49,139.99,9.16241e+11,0
evt_122,41,1,-1,1,3,0.69723,0.727487,1,-1249.97,-1249.97,103522,103522,582.49,582.49,9.16241e+11,0
evt_122,64,2,-1,1,3,-1.65867,0.890026,1,-681.903,-681.903,30691,30691,344.99,344.99,9.16241e+11,0
evt_122,65,2,-1,1,3,-1.20773,0.687276,2,-501.609,-29.7375,25615,849,344.99,124.99,9.16241e+11,0
evt_122,72,3,-1,1,1,-2.86745,1.32439,1,-349.307,-349.307,18597,18597,339.99,339.99,9.16241e+11,0
evt_122,73,3,-1,1,1,0.164976,0.71961,2,-334.966,-36.0671,15910,1104,314.99,139.99,9.16241e+11,0
evt_123,2,0,-1,2,1,-0.780579,1.06662,1,-674.774,-674.774,51396,51396,427.49,427.49,9.16277e+11,0
evt_123,3,0,-1,2,1,0.243013,0.62138,1,-573.514,-573.514,40964,40964,729.99,729.99,9.16277e+11,0
evt_123,15,0,-1,4,2,-1.44911,0.922798,1,-35.1563,-35.1563,1405,1405,164.99,164.99,9.16277e+11,0
evt_123,28,1,-1,3,1,-1.71729,0.897637,1,-131.798,-131.798,4468,4468,204.99,204.99,9.16277e+11,0
evt_123,29,1,-1,3,1,-1.10524,1.41758,1,-37.2096,-37.2096,1403,1403,159.99,159.99,9.16277e+11,0
evt_123,56,2,-1,1,2,1.12953,0.938943,1,-49.4809,-49.4809,2394,2394,217.49,217.49,9.16277e+11,0
evt_123,57,2,-1,1,2,1.88556,0.767128,1,-51.8056,-51.8056,1780,1780,164.99,164.99,9.16277e+11,0
evt_123,60,2,-1,3,2,-0.731741,0.596674,1,-115.751,-115.751,5436,5436,252.49,252.49,9.16277e+11,0
evt_123,61,2,-1,3,2,2.12667,0.83141,1,-307.097,-307.097,14341,14341,302.49,302.49,9.16277e+11,0
evt_123,68,2,-1,3,3,-0.747713,0.752411,1,-145.559,-145.559,7479,7479,272.49,272.49,9.16277e+11,0
evt_123,69,2,-1,3,3,3.52018,1.01874,1,-75.1923,-75.1923,4621,4621,319.99,319.99,9.16277e+11,0
evt_123,72,3,-1,1,1,-4.39223,0.928029,1,-341.883,-341.883,21854,21854,387.49,387.49,9.16277e+11,0
evt_123,73,3,-1,1,1,-4.70581,0.755774,2,-444.5,-52.6516,25072,3885,372.49,289.99,9.16277e+11,0
evt_123,80,3,-1,1,2,-0.641402,1.78602,1,-113.575,-113.575,5628,5628,257.49,257.49,9.16277e+11,0
evt_124,30,1,-1,4,1,69.8391,1.14892,1,-1250.35,-1250.35,78173,78173,332.49,332.49,9.16419e+11,0
evt_124,31,1,-1,4,1,-84.5445,44.8325,2,-1222.44,-117.133,57755,2138,319.99,132.49,9.16419e+11,0
evt_124,54,2,-1,4,1,1.4262,0.934075,1,-128.027,-128.027,5030,5030,232.49,232.49,9.16419e+11,0
evt_124,55,2,-1,4,1,3.52329,0.813677,1,-165.966,-165.966,8095,8095,277.49,277.49,9.16419e+11,0
evt_124,58,2,-1,2,2,1.50539,0.873147,1,-37.2842,-37.2842,211,211,67.49,67.49,9.16419e+11,0
evt_124,59,2,-1,2,2,2.64498,0.722021,1,-47.9944,-47.9944,217,217,64.99,64.99,9.16419e+11,0
evt_124,72,3,-1,1,1,-15.5498,1.79309,5,-30.7288,-17.4238,5411,638,682.49,114.99,9.16419e+11,0
evt_124,78,3,-1,4,1,-4.41463,0.716703,1,-172.781,-172.781,9211,9211,317.49,317.49,9.16419e+11,0
evt_124,79,3,-1,4,1,2.79773,0.880547,1,-39.5351,-39.5351,2760,2760,264.99,264.99,9.16419e+11,0
evt_124,80,3,-1,1,2,-9.30059,0.778219,1,-17.3468,-17.3468,673,673,122.49,122.49,9.16419e+11,0
evt_125,22,0,-1,4,3,1.72281,1.44492,1,-26.1558,-26.1558,775,775,119.99,119.99,9.16436e+11,0
evt_125,37,1,-1,3,2,-0.613175,1.20282,1,-35.3799,-35.3799,1327,1327,159.99,159.99,9.16436e+11,0
evt_125,39,1,-1,4,2,-1.32639,1.10527,1,-29.3181,-29.3181,1032,1032,139.99,139.99,9.16436e+11,0
evt_125,54,2,-1,4,1,4.14515,1.09409,1,-36.144,-36.144,465,465,89.99,89.99,9.16436e+11,0
evt_125,57,2,-1,1,2,1.908,0.69217,2,-95.8889,-19.6635,3560,170,209.99,72.49,9.16436e+11,0
evt_125,58,2,-1,2,2,1.35486,0.940964,1,-459.406,-459.406,27170,27170,367.49,367.49,9.16436e+11,0
evt_125,59,2,-1,2,2,-3.75537,0.898419,2,-476.524,-27.7927,28378,860,409.99,132.49,9.16436e+11,0
evt_125,93,3,-1,3,3,-8.49156,1.1786,4,-21.4643,-18.1085,1910,841,312.49,144.99,0,1.36628e+19
evt_126,6,0,-1,4,1,31.3409,9.70884,3,-415.945,-19.7866,15278,134,227.49,74.99,9.16473e+11,0
evt_126,21,0,-1,3,3,1.80974,0.761077,1,-24.8189,-24.8189,815,815,129.99,129.99,9.16473e+11,0
evt_126,28,1,-1,3,1,-9.10129,0.894961,3,-424.447,-16.3144,27926,281,397.49,62.49,9.16473e+11,0
evt_126,29,1,-1,3,1,3.70333,1.0231,1,-398.248,-398.248,17457,17457,284.99,284.99,9.16473e+11,0
evt_126,50,2,-1,2,1,1.73547,0.860109,1,-589.719,-589.719,32356,32356,544.99,544.99,9.16473e+11,0
evt_126,51,2,-1,2,1,2.16236,0.790678,1,-918.251,-918.251,50291,50291,394.99,394.99,9.16473e+11,0
evt_126,52,2,-1,3,1,-0.658559,0.737381,1,-535.245,-535.245,24329,24329,329.99,329.99,9.16473e+11,0
evt_126,53,2,-1,3,1,1.38836,0.930286,1,-460.738,-460.738,22471,22471,392.49,392.49,9.16473e+11,0
evt_126,55,2,-1,4,1,5.84412,0.558019,1,-25.9232,-25.9232,711,711,114.99,114.99,9.16473e+11,0
evt_126,94,3,-1,4,3,1.63397,0.814374,3,-569.096,-60.1439,27025,2141,549.99,177.49,4.38087e+11,4.65702e+18
evt_126,95,3,-1,4,3,0.408227,1.01462,2,-267.447,-16.9282,14737,327,332.49,64.99,4.38087e+11,4.65462e+18
evt_127,6,0,-1,4,1,0.520629,0.896001,1,-720.034,-720.034,32661,32661,332.49,332.49,9.16513e+11,0
evt_127,7,0,-1,4,1,0.661806,1.15659,3,-180.792,-21.3894,8153,738,264.99,124.99,9.16513e+11,0
evt_127,15,0,-1,4,2,-0.445582,1.01845,1,-112.013,-112.013,5046,5046,247.49,247.49,9.16513e+11,0
evt_127,25,1,-1,1,1,0.306986,0.770516,2,-732.003,-57.9881,37734,2475,574.99,202.49,9.16513e+11,0
evt_127,56,2,-1,1,2,7.23754,0.605728,2,-77.0546,-25.4562,2950,173,194.99,74.99,9.16513e+11,0
evt_127,57,2,-1,1,2,4.28342,0.644303,2,-90.919,-19.6728,787,390,77.49,57.49,9.16513e+11,0
evt_127,82,3,-1,2,2,-0.434141,1.43895,2,-66.6808,-54.979,2305,1864,177.49,169.99,9.16513e+11,0
evt_128,28,1,-1,3,1,1.0965,1.12365,3,-1005.58,-37.8952,52881,925,414.99,119.99,9.16602e+11,0
evt_128,29,1,-1,3,1,-0.539471,1.01033,1,-447.205,-447.205,22764,22764,364.99,364.99,9.16602e+11,0
evt_128,52,2,-1,3,1,-2.53243,0.943912,1,-49.8673,-49.8673,1889,1889,174.99,174.99,9.16602e+11,0
evt_128,53,2,-1,3,1,0.922406,0.77936,1,-144.646,-144.646,6624,6624,264.99,264.99,9.16602e+11,0
evt_128,54,2,-1,4,1,3.12822,0.936121,1,-39.7831,-39.7831,406,406,79.99,79.99,9.16602e+11,0
evt_128,74,3,-1,2,1,2.30107,0.965764,1,-648.923,-648.923,30935,30935,362.49,362.49,9.16602e+11,0
evt_128,75,3,-1,2,1,-0.754025,0.776619,1,-147.811,-147.811,7920,7920,287.49,287.49,9.16602e+11,0
evt_128,76,3,-1,3,1,2.09592,2.0026,2,-73.8085,-31.2963,3407,1367,219.99,169.99,9.16602e+11,0
evt_128,77,3,-1,3,1,0.726008,0.694678,1,-366.951,-366.951,17418,17418,322.49,322.49,9.16602e+11,0
evt_129,10,0,-1,2,2,0.96257,1.03139,2,-812.561,-26.9183,66571,545,487.49,104.99,9.16628e+11,0
evt_129,11,0,-1,2,2,-1.79328,0.850854,1,-1241.5,-1241.5,95972,95972,489.99,489.99,9.16628e+11,0
evt_129,12,0,-1,3,2,2.45632,0.609897,2,-1250.19,-93.4847,225641,255,779.99,107.49,9.16628e+11,0
evt_129,13,0,-1,3,2,1.02719,0.649104,3,-1250.16,-37.215,317399,1261,1094.99,29.99,9.16628e+11,0
evt_129,18,0,-1,2,3,-0.667034,0.877651,1,-1250.19,-1250.19,275639,275639,742.49,742.49,9.16628e+11,0
evt_129,19,0,-1,2,3,1.01989,0.796422,3,-1101.43,-28.5595,255970,160,829.99,17.49,9.16628e+11,0
evt_129,20,0,-1,3,3,2.88906,0.716182,2,-1250.54,-133.519,150071,2298,742.49,142.49,9.16628e+11,0
evt_129,21,0,-1,3,3,-2.24938,0.653555,2,-1250.45,-571.113,141406,18802,742.49,217.49,9.16628e+11,0
evt_129,22,0,-1,4,3,4.12864,1.10968,2,-1250.39,-25.8113,146257,13,672.49,57.49,9.16628e+11,0
evt_129,23,0,-1,4,3,-0.686608,1.03788,3,-1251,-23.4097,111790,341,462.49,72.49,9.16628e+11,0
evt_129,34,1,-1,2,2,3.92265,0.905182,1,-1250.58,-1250.58,474693,474693,1267.49,1267.49,9.16628e+11,0
evt_129,35,1,-1,2,2,-2.06675,0.990187,2,-1250.35,-654.166,428110,26769,1062.49,154.99,9.16628e+11,0
evt_129,36,1,-1,3,2,0.46752,0.857551,1,-1250.23,-1250.23,229370,229370,802.49,802.49,9.16628e+11,0
evt_129,37,1,-1,3,2,-1.33937,0.853636,1,-1250.54,-1250.54,335299,335299,1032.49,1032.49,9.16628e+11,0
evt_129,38,1,-1,4,2,0.395213,1.06158,1,-126.882,-126.882,6848,6848,267.49,267.49,9.16628e+11,0
evt_129,39,1,-1,4,2,1.3626,0.847854,2,-256.964,-31.3795,14971,868,317.49,122.49,9.16628e+11,0
evt_129,41,1,-1,1,3,-1.43208,0.628588,1,-136.562,-136.562,5983,5983,252.49,252.49,9.16628e+11,0
evt_129,46,1,-1,4,3,-1.54785,0.98759,1,-124.554,-124.554,5544,5544,252.49,252.49,9.16628e+11,0
evt_129,47,1,-1,4,3,0.183954,0.816561,1,-68.0137,-68.0137,2641,2641,197.49,197.49,9.16628e+11,0
evt_129,50,2,-1,2,1,-0.761096,0.775679,3,-1084.66,-23.9832,55208,610,369.99,109.99,9.16628e+11,0
evt_129,51,2,-1,2,1,-0.337443,1.07607,1,-1143.07,-1143.07,66936,66936,397.49,397.49,9.16628e+11,0
evt_129,54,2,-1,4,1,-0.419327,0.846543,1,-304.282,-304.282,13561,13561,439.99,439.99,9.16628e+11,0
evt_129,55,2,-1,4,1,1.92995,0.575205,1,-237.172,-237.172,10042,10042,282.49,282.49,9.16628e+11,0
evt_129,58,2,-1,2,2,0.996995,1.43377,1,-1250.81,-1250.81,511956,511956,1247.49,1247.49,9.16628e+11,0
evt_129,59,2,-1,2,2,2.02546,1.3198,1,-1250.81,-1250.81,478817,478817,1252.49,1252.49,9.16628e+11,0
evt_129,60,2,-1,3,2,3.61799,0.63167,3,-1167.63,-24.6584,57156,560,422.49,92.49,9.16628e+11,0
evt_129,61,2,-1,3,2,-0.0333498,1.08094,2,-1250.25,-41.9372,63711,1004,377.49,127.49,9.16628e+11,0
evt_129,62,2,-1,4,2,-0.813184,0.757135,2,-115.052,-28.6971,5158,958,249.99,132.49,9.16628e+11,0
evt_129,63,2,-1,4,2,4.07196,1.06753,1,-83.7146,-83.7146,4284,4284,247.49,247.49,9.16628e+11,0
evt_129,66,2,-1,2,3,1.72668,0.81427,2,-345.752,-60.0845,16244,2165,294.99,179.99,9.16628e+11,0
evt_129,67,2,-1,2,3,-1.31968,0.537258,2,-136.138,-39.3075,6264,1584,259.99,174.99,9.16628e+11,0
evt_129,68,2,-1,3,3,-2.35838,0.790961,2,-1250.4,-36.8655,177399,324,907.49,94.99,9.16628e+11,0
evt_129,69,2,-1,3,3,0.921981,0.744018,2,-1250.07,-33.4388,123502,570,444.99,114.99,9.16628e+11,0
evt_129,70,2,-1,4,3,-0.55775,1.00556,1,-86.6578,-86.6578,3068,3068,202.49,202.49,9.16628e+11,0
evt_129,71,2,-1,4,3,-2.47076,0.72672,1,-194.133,-194.133,10154,10154,312.49,312.49,9.16628e+11,0
evt_129,72,3,-1,1,1,0.729463,0.8981,2,-497.69,-43.234,27251,1978,347.49,194.99,9.16628e+11,0
evt_129,73,3,-1,1,1,-1.65979,0.995994,2,-388.955,-176.024,20400,6625,317.49,149.99,9.16628e+11,0
evt_129,80,3,-1,1,2,2.33056,0.953255,1,-1250.29,-1250.29,467982,467982,1112.49,1112.49,9.16628e+11,0
evt_129,81,3,-1,1,2,1.84368,1.19089,2,-1250.42,-482.776,414601,12804,967.49,99.99,9.16628e+11,0
evt_129,82,3,-1,2,2,1.45233,2.6521,1,-1250.42,-1250.42,227420,227420,854.99,854.99,9.16628e+11,0
evt_129,83,3,-1,2,2,2.33404,0.723461,2,-1250.04,-20.6667,221612,360,759.99,64.99,9.16628e+11,0
evt_129,88,3,-1,1,3,2.03754,0.897103,1,-421.155,-421.155,19490,19490,367.49,367.49,1.49602e+14,1.10382e+12
evt_129,89,3,-1,1,3,1.57863,0.66058,1,-669.553,-669.553,37564,37564,354.99,354.99,1.49602e+14,4.63402e+18
evt_129,90,3,-1,2,3,-2.30596,0.878849,2,-513.118,-45.7872,23691,1527,334.99,154.99,1.49602e+14,4.61686e+18
evt_129,91,3,-1,2,3,-0.0517611,1.21547,1,-522.923,-522.923,25358,25358,344.99,344.99,0,4.62785e+18
evt_129,92,3,-1,3,3,7.80719,0.672559,1,-1084.02,-1084.02,58634,58634,522.49,522.49,0,4.61745e+18
evt_129,93,3,-1,3,3,-5.54207,0.564011,1,-943.983,-943.983,44036,44036,414.99,414.99,0,4.61961e+18
evt_129,94,3,-1,4,3,0.86381,0.973498,2,-277.476,-42.3973,15714,1527,339.99,157.49,2.61993e+12,4.62856e+18
evt_129,95,3,-1,4,3,0.244422,0.825415,1,-390.968,-390.968,22413,22413,349.99,349.99,4.38087e+11,4.64776e+18
evt_130,50,2,-1,2,1,1.44472,0.965992,1,-20.1431,-20.1431,142,142,64.99,64.99,9.1663e+11,0
evt_130,51,2,-1,2,1,1.04384,1.03845,1,-15.0985,-15.0985,60,60,54.99,54.99,9.1663e+11,0
evt_130,57,2,-1,1,2,0.455748,0.603924,1,-42.9099,-42.9099,134,134,49.99,49.99,9.1663e+11,0
evt_130,58,2,-1,2,2,2.53722,0.983188,1,-24.5616,-24.5616,128,128,59.99,59.99,9.1663e+11,0
evt_130,69,2,-1,3,3,7.28724,0.659173,1,-23.9838,-23.9838,659,659,109.99,109.99,9.1663e+11,0
evt_131,12,0,-1,3,2,2.1424,0.762261,3,-1250.17,-26.9963,70292,513,412.49,107.49,9.16768e+11,0
evt_131,13,0,-1,3,2,1.12144,0.651037,3,-1249.93,-128.822,91592,1613,427.49,44.99,9.16768e+11,0
evt_131,40,1,-1,1,3,2.63595,0.98523,1,-37.515,-37.515,1228,1228,147.49,147.49,9.16768e+11,0
evt_131,41,1,-1,1,3,-0.150562,0.821889,1,-35.2277,-35.2277,1349,1349,144.99,144.99,9.16768e+11,0
evt_131,48,2,-1,1,1,12.0845,0.711734,1,-91.0764,-91.0764,4253,4253,234.99,234.99,9.16768e+11,0
evt_131,49,2,-1,1,1,9.23529,0.57944,1,-25.4312,-25.4312,744,744,119.99,119.99,9.16768e+11,0
evt_131,78,3,-1,4,1,-8.58716,2.27744,5,-26.9134,-16.3146,3217,532,442.49,97.49,9.16768e+11,0
evt_132,8,0,-1,1,2,-0.175925,0.753974,1,-107.321,-107.321,5673,5673,272.49,272.49,9.16779e+11,0
evt_132,9,0,-1,1,2,0.296556,0.872401,1,-19.1023,-19.1023,444,444,87.49,87.49,9.16779e+11,0
evt_132,16,0,-1,1,3,0.806296,0.60138,1,-204.618,-204.618,9002,9002,284.99,284.99,9.16779e+11,0
evt_132,17,0,-1,1,3,0.4053,0.774958,1,-186.191,-186.191,8058,8058,269.99,269.99,9.16779e+11,0
evt_132,27,1,-1,2,1,-47.8592,13.2247,2,-39.6503,-28.5337,1480,466,162.49,87.49,9.16779e+11,0
evt_132,60,2,-1,3,2,4.47426,0.732907,3,-231.35,-48.765,15572,1550,387.49,154.99,9.16779e+11,0
evt_132,61,2,-1,3,2,-1.26709,0.897483,1,-349.682,-349.682,15397,15397,302.49,302.49,9.16779e+11,0
evt_132,80,3,-1,1,2,19.1786,2.35946,2,-38.9495,-34.7193,1076,1073,149.99,139.99,9.16779e+11,0
evt_133,2,0,-1,2,1,-1.79552,0.642355,2,-742.408,-496.204,251797,16185,1032.49,194.99,9.16845e+11,0
evt_133,3,0,-1,2,1,-1.71655,1.69012,1,-614.386,-614.386,227139,227139,1244.99,1244.99,9.16845e+11,0
evt_133,4,0,-1,3,1,1.82502,0.865583,1,-235.918,-235.918,12547,12547,344.99,344.99,9.16845e+11,0
evt_133,5,0,-1,3,1,1.08061,0.7779,1,-221.198,-221.198,12089,12089,314.99,314.99,9.16845e+11,0
evt_133,26,1,-1,2,1,0.550677,1.19567,4,-1251.22,-98.9795,241449,546,797.49,34.99,9.16845e+11,0
evt_133,27,1,-1,2,1,1.70382,0.997359,2,-1249.1,-137.06,316849,5614,1064.99,139.99,9.16845e+11,0
evt_133,28,1,-1,3,1,3.13711,0.830388,3,-1248.3,-20.1622,108426,167,554.99,77.49,9.16845e+11,0
evt_133,29,1,-1,3,1,2.21462,0.839865,2,-1250.04,-130.136,107363,6698,474.99,242.49,9.16845e+11,0
evt_133,30,1,-1,4,1,4.05357,0.885838,2,-1250.23,-45.1783,64165,1073,347.49,127.49,9.16845e+11,0
evt_133,31,1,-1,4,1,1.65576,0.925164,2,-685.26,-15.2495,29867,258,319.99,57.49,9.16845e+11,0
evt_133,50,2,-1,2,1,0.386321,0.789968,1,-1250.23,-1250.23,126032,126032,754.99,754.99,9.16845e+11,0
evt_133,51,2,-1,2,1,-0.557484,0.602671,1,-1250.24,-1250.24,143832,143832,607.49,607.49,9.16845e+11,0
evt_133,53,2,-1,3,1,-1.14681,1.68144,1,-31.5274,-31.5274,1215,1215,154.99,154.99,9.16845e+11,0
evt_133,54,2,-1,4,1,-0.163964,0.817107,1,-118.759,-118.759,3719,3719,192.49,192.49,9.16845e+11,0
evt_133,55,2,-1,4,1,-1.319,0.8292,1,-148.424,-148.424,7257,7257,277.49,277.49,9.16845e+11,0
evt_133,60,2,-1,3,2,-0.39867,0.773836,1,-400.173,-400.173,18346,18346,372.49,372.49,9.16845e+11,0
evt_133,61,2,-1,3,2,0.798623,0.662509,2,-330.122,-50.4002,17096,1639,339.99,152.49,9.16845e+11,0
evt_133,70,2,-1,4,3,0.458409,0.98394,4,-1250.31,-16.4323,86999,132,367.49,17.49,9.16845e+11,0
evt_133,71,2,-1,4,3,-1.35784,0.959002,3,-1250.19,-28.3668,117885,401,469.99,109.99,9.16845e+11,0
evt_133,72,3,-1,1,1,6.43527,1.41469,3,-1250.23,-16.0104,234332,591,832.49,59.99,9.16845e+11,0
evt_133,73,3,-1,1,1,-2.07973,1.07929,1,-1249.96,-1249.96,179197,179197,664.99,664.99,9.16845e+11,0
evt_133,74,3,-1,2,1,1.15615,1.007,2,-1250.31,-16.0841,110074,14,639.99,59.99,9.16845e+11,0
evt_133,75,3,-1,2,1,2.36061,0.671661,3,-1250.12,-15.8905,112308,124,467.49,57.49,9.16845e+11,0
evt_133,76,3,-1,3,1,1.58644,2.26712,2,-1250.27,-16.6988,75111,265,554.99,72.49,9.16845e+11,0
evt_133,77,3,-1,3,1,1.19096,0.787981,3,-1250.27,-43.3105,81242,1169,389.99,139.99,9.16845e+11,0
evt_134,0,0,-1,1,1,5.54029,0.977025,1,-1227.98,-1227.98,62141,62141,382.49,382.49,9.16847e+11,0
evt_134,1,0,-1,1,1,-2.08057,0.748956,3,-1250.24,-20.0184,80671,284,399.99,79.99,9.16847e+11,0
evt_134,48,2,-1,1,1,1.61328,0.881482,3,-642.809,-18.5283,29416,511,324.99,94.99,9.16847e+11,0
evt_134,49,2,-1,1,1,-0.419708,0.712091,3,-232.259,-24.5528,11324,832,299.99,124.99,9.16847e+11,0
evt_134,72,3,-1,1,1,5.7678,0.832718,1,-353.419,-353.419,22573,22573,397.49,397.49,9.16847e+11,0
evt_134,73,3,-1,1,1,2.47216,0.910073,2,-191.235,-30.6915,9051,1041,274.99,144.99,9.16847e+11,0
evt_134,80,3,-1,1,2,14.5227,1.29749,1,-58.1619,-58.1619,2246,2246,187.49,187.49,9.16847e+11,0
evt_134,81,3,-1,1,2,19.3394,0.982977,1,-21.12,-21.12,509,509,104.99,104.99,9.16847e+11,0
evt_135,7,0,-1,4,1,3.15657,0.941526,1,-24.5087,-24.5087,762,762,119.99,119.99,9.16886e+11,0
evt_135,44,1,-1,3,3,1.47013,0.9491,1,-115.859,-115.859,4938,4938,239.99,239.99,9.16886e+11,0
evt_135,45,1,-1,3,3,1.89444,1.21561,1,-34.9611,-34.9611,1204,1204,152.49,152.49,9.16886e+11,0
evt_135,64,2,-1,1,3,-3.9247,0.81016,1,-77.7336,-77.7336,3116,3116,207.49,207.49,9.16886e+11,0
evt_135,65,2,-1,1,3,0.223245,0.923893,1,-45.788,-45.788,1568,1568,157.49,157.49,9.16886e+11,0
evt_135,78,3,-1,4,1,-12.414,1.6512,4,-19.4044,-16.2032,643,237,112.49,42.49,9.16886e+11,0
evt_135,95,3,-1,4,3,1.4233,0.881965,1,-26.4953,-26.4953,927,927,137.49,137.49,4.38087e+11,4.62375e+18
evt_136,4,0,-1,3,1,1.81236,0.730768,1,-38.847,-38.847,1457,1457,159.99,159.99,9.16919e+11,0
evt_136,5,0,-1,3,1,3.02943,1.08272,1,-65.2313,-65.2313,2394,2394,187.49,187.49,9.16919e+11,0
evt_136,24,1,-1,1,1,-9.8039,0.852987,2,-16.0516,-15.1633,672,285,119.99,57.49,9.16919e+11,0
evt_136,28,1,-1,3,1,0.748935,0.930351,1,-1247.99,-1247.99,81766,81766,437.49,437.49,9.16919e+11,0
evt_136,29,1,-1,3,1,4.80362,0.712776,2,-934.284,-35.9139,48435,1076,427.49,139.99,9.16919e+11,0
evt_136,40,1,-1,1,3,1.86914,1.71601,1,-534.172,-534.172,26989,26989,357.49,357.49,9.16919e+11,0
evt_136,41,1,-1,1,3,1.28334,0.80555,1,-253.456,-253.456,12963,12963,304.99,304.99,9.16919e+11,0
evt_136,52,2,-1,3,1,2.89424,0.77266,2,-473.281,-17.5428,21699,351,324.99,79.99,9.16919e+11,0
evt_136,53,2,-1,3,1,1.23096,0.656791,2,-178,-42.0497,7425,1212,259.99,139.99,9.16919e+11,0
evt_136,64,2,-1,1,3,-1.27557,1.46678,1,-115.955,-115.955,1380,1380,49.99,49.99,9.16919e+11,0
evt_136,65,2,-1,1,3,3.14081,1.20449,1,-99.3325,-99.3325,1587,1587,59.99,59.99,9.16919e+11,0
evt_136,76,3,-1,3,1,-8.13544,0.92287,1,-15.5923,-15.5923,274,274,57.49,57.49,9.16919e+11,0
evt_137,92,3,-1,3,3,42.7004,1.1938,1,-129.97,-129.97,4178,4178,187.49,187.49,0,4.58769e+18
evt_138,3,0,-1,2,1,2.79433,1.12581,1,-23.72,-23.72,807,807,127.49,127.49,9.17064e+11,0
evt_138,8,0,-1,1,2,-0.308456,0.780137,1,-485.066,-485.066,23911,23911,332.49,332.49,9.17064e+11,0
evt_138,9,0,-1,1,2,0.0110146,0.954929,1,-137.861,-137.861,7265,7265,332.49,332.49,9.17064e+11,0
evt_138,42,1,-1,2,3,1.17194,1.11399,1,-51.2397,-51.2397,1924,1924,177.49,177.49,9.17064e+11,0
evt_138,60,2,-1,3,2,1.49206,0.867764,2,-685.332,-20.8985,42351,417,374.99,89.99,9.17064e+11,0
evt_138,61,2,-1,3,2,-2.19132,0.877569,2,-612.702,-49.7147,31145,1658,352.49,159.99,9.17064e+11,0
evt_138,72,3,-1,1,1,-1.14083,1.10261,2,-17.9571,-15.7897,634,250,114.99,57.49,9.17064e+11,0
evt_138,76,3,-1,3,1,-8.23712,1.20302,3,-16.3178,-15.4746,660,222,119.99,54.99,9.17064e+11,0
evt_138,82,3,-1,2,2,-11.4164,1.90197,5,-43.5004,-15.5197,2392,309,269.99,57.49,9.17064e+11,0
evt_138,83,3,-1,2,2,0.357728,0.904207,1,-44.3308,-44.3308,1618,1618,167.49,167.49,9.17064e+11,0
evt_139,0,0,-1,1,1,0.481824,0.715559,3,-445.15,-22.5699,23333,563,332.49,104.99,9.17118e+11,0
evt_139,1,0,-1,1,1,0.808687,0.812751,3,-770.913,-52.9552,34388,1382,392.49,137.49,9.17118e+11,0
evt_139,31,1,-1,4,1,12.7827,0.899035,1,-103.32,-103.32,3912,3912,207.49,207.49,9.17118e+11,0
evt_139,48,2,-1,1,1,13.9079,0.789305,1,-230.454,-230.454,10567,10567,267.49,267.49,9.17118e+11,0
evt_139,49,2,-1,1,1,8.64775,0.590384,2,-44.1824,-23.4498,1578,727,159.99,117.49,9.17118e+11,0
evt_139,52,2,-1,3,1,2.62636,0.866124,1,-17.6211,-17.6211,113,113,62.49,62.49,9.17118e+11,0
evt_139,53,2,-1,3,1,-4.18807,0.863704,1,-22.9914,-22.9914,379,379,84.99,84.99,9.17118e+11,0
evt_139,72,3,-1,1,1,9.27003,1.15699,2,-153.451,-33.5887,9058,1301,314.99,157.49,9.17118e+11,0
evt_139,73,3,-1,1,1,0.53312,0.857327,1,-127.031,-127.031,7601,7601,294.99,294.99,9.17118e+11,0
evt_139,78,3,-1,4,1,-15.4242,1.18428,2,-17.3866,-16.2801,554,331,99.99,64.99,9.17118e+11,0
evt_139,86,3,-1,4,2,-0.972165,0.927506,1,-616.973,-616.973,27634,27634,324.99,324.99,9.17118e+11,0
evt_139,87,3,-1,4,2,-0.865459,0.967915,1,-596.164,-596.164,37737,37737,534.99,534.99,9.17118e+11,0
evt_139,94,3,-1,4,3,-0.471812,0.692934,1,-999.115,-999.115,59468,59468,372.49,372.49,4.38087e+11,4.53939e+18
evt_139,95,3,-1,4,3,-0.538862,0.768269,2,-794.605,-59.783,43190,2419,372.49,142.49,4.38087e+11,4.59594e+18
evt_140,16,0,-1,1,3,1.09801,0.630038,2,-733.675,-45.1794,38240,1395,362.49,147.49,9.17225e+11,0
evt_140,17,0,-1,1,3,-0.721773,0.46029,2,-1180.9,-19.5543,61383,404,404.99,87.49,9.17225e+11,0
evt_140,40,1,-1,1,3,-1.40185,0.953679,1,-1250,-1250,74431,74431,539.99,539.99,9.17225e+11,0
evt_140,41,1,-1,1,3,-1.3069,0.759002,2,-960.941,-34.3135,53708,1183,474.99,149.99,9.17225e+11,0
evt_140,64,2,-1,1,3,0.432916,1.3772,1,-29.7381,-29.7381,1048,1048,137.49,137.49,9.17225e+11,0
evt_140,65,2,-1,1,3,0.261365,0.764916,1,-59.4782,-59.4782,2203,2203,187.49,187.49,9.17225e+11,0
evt_140,90,3,-1,2,3,0.496338,0.90496,1,-228.409,-228.409,11231,11231,297.49,297.49,1.49602e+14,4.63541e+18
evt_140,91,3,-1,2,3,-4.239,1.07493,2,-329.127,-28.1353,15782,1071,347.49,139.99,0,4.61823e+18
evt_141,6,0,-1,4,1,-0.211405,1.28974,1,-27.7553,-27.7553,1010,1010,142.49,142.49,9.17255e+11,0
evt_141,7,0,-1,4,1,-0.463185,0.974383,1,-80.2536,-80.2536,3299,3299,217.49,217.49,9.17255e+11,0
evt_141,10,0,-1,2,2,23.4872,0.896755,1,-70.7987,-70.7987,2469,2469,194.99,194.99,9.17255e+11,0
evt_141,11,0,-1,2,2,28.4432,0.984922,2,-95.0837,-33.9686,3149,823,182.49,122.49,9.17255e+11,0
evt_141,28,1,-1,3,1,0.57022,0.837705,1,-91.0429,-91.0429,3725,3725,257.49,257.49,9.17255e+11,0
evt_141,36,1,-1,3,2,-0.275274,0.764454,1,-201.034,-201.034,9814,9814,279.99,279.99,9.17255e+11,0
evt_141,37,1,-1,3,2,-18.2533,3.51837,1,-199.775,-199.775,10992,10992,307.49,307.49,9.17255e+11,0
evt_141,49,2,-1,1,1,-0.914592,0.607999,1,-71.6786,-71.6786,778,778,82.49,82.49,9.17255e+11,0
evt_141,56,2,-1,1,2,-11.2564,0.662854,2,-17.4235,-16.1318,736,673,124.99,119.99,9.17255e+11,0
evt_141,72,3,-1,1,1,3.70668,1.35945,1,-19.9333,-19.9333,1198,1198,192.49,192.49,9.17255e+11,0
evt_142,16,0,-1,1,3,2.14836,0.848524,1,-31.4911,-31.4911,997,997,134.99,134.99,9.17343e+11,0
evt_142,17,0,-1,1,3,-0.121632,0.947753,1,-49.3031,-49.3031,2050,2050,189.99,189.99,9.17343e+11,0
evt_142,30,1,-1,4,1,-1.30071,0.844991,1,-250.138,-250.138,15153,15153,432.49,432.49,9.17343e+11,0
evt_142,31,1,-1,4,1,2.06233,0.60695,1,-86.431,-86.431,4237,4237,249.99,249.99,9.17343e+11,0
evt_142,37,1,-1,3,2,-2.00056,0.911293,1,-21.1962,-21.1962,723,723,117.49,117.49,9.17343e+11,0
evt_142,50,2,-1,2,1,22.5158,1.04284,2,-1078.63,-61.1469,60757,1752,349.99,152.49,9.17343e+11,0
evt_142,51,2,-1,2,1,16.1733,1.01148,2,-937.007,-21.1881,45621,201,339.99,27.49,9.17343e+11,0
evt_142,72,3,-1,1,1,6.78404,0.495159,2,-270.157,-39.4988,13397,1831,307.49,202.49,9.17343e+11,0
evt_142,73,3,-1,1,1,-0.50731,0.856156,3,-635.889,-25.0101,33796,919,364.99,139.99,9.17343e+11,0
evt_143,4,0,-1,3,1,1.11516,0.897028,3,-612.784,-25.4707,31038,749,402.49,124.99,9.17351e+11,0
evt_143,5,0,-1,3,1,0.74407,1.10871,3,-932.462,-26.3392,52986,592,397.49,114.99,9.17351e+11,0
evt_143,7,0,-1,4,1,-3.06157,0.835224,1,-26.0732,-26.0732,940,940,132.49,132.49,9.17351e+11,0
evt_143,26,1,-1,2,1,-2.20817,1.50697,2,-638.53,-183.037,35391,6861,354.99,232.49,9.17351e+11,0
evt_143,27,1,-1,2,1,-0.501673,0.753119,2,-672.831,-27.8663,32515,856,344.99,127.49,9.17351e+11,0
evt_143,51,2,-1,2,1,-1.16196,0.955291,1,-39.1593,-39.1593,1568,1568,172.49,172.49,9.17351e+11,0
evt_143,56,2,-1,1,2,2.52249,1.11888,1,-53.6982,-53.6982,259,259,64.99,64.99,9.17351e+11,0
evt_143,57,2,-1,1,2,-4.15808,0.999656,1,-77.9426,-77.9426,430,430,62.49,62.49,9.17351e+11,0
evt_143,62,2,-1,4,2,-0.589621,0.912645,1,-20.7046,-20.7046,221,221,77.49,77.49,9.17351e+11,0
evt_143,63,2,-1,4,2,1.62705,1.12763,1,-17.8762,-17.8762,96,96,67.49,67.49,9.17351e+11,0
evt_143,72,3,-1,1,1,-255.59,29.6297,1,-202.889,-202.889,5077,5077,212.49,212.49,9.17351e+11,0
evt_143,73,3,-1,1,1,-168.047,9.73899,2,-149.849,-30.7718,4946,1185,252.49,152.49,9.17351e+11,0
evt_143,82,3,-1,2,2,-15.4564,1.74385,5,-21.3543,-15.9365,4685,399,779.99,79.99,9.17351e+11,0
evt_144,7,0,-1,4,1,-6.3346,1.39134,1,-30.9188,-30.9188,1379,1379,169.99,169.99,9.17404e+11,0
evt_144,8,0,-1,1,2,-2.13011,0.771233,1,-295.729,-295.729,14231,14231,307.49,307.49,9.17404e+11,0
evt_144,9,0,-1,1,2,0.0599426,0.649861,1,-60.2768,-60.2768,2255,2255,199.99,199.99,9.17404e+11,0
evt_144,25,1,-1,1,1,-2.68724,0.832452,1,-55.9676,-55.9676,2312,2312,194.99,194.99,9.17404e+11,0
evt_144,53,2,-1,3,1,-1.59211,1.01726,1,-49.2232,-49.2232,1990,1990,179.99,179.99,9.17404e+11,0
evt_144,72,3,-1,1,1,-0.916733,1.91393,1,-15.2535,-15.2535,310,310,62.49,62.49,9.17404e+11,0
evt_144,76,3,-1,3,1,-10.4535,0.971974,5,-20.3967,-16.3546,2705,251,402.49,54.99,9.17404e+11,0
evt_144,82,3,-1,2,2,-1.08322,1.79187,1,-108.5,-108.5,6155,6155,287.49,287.49,9.17404e+11,0
evt_144,83,3,-1,2,2,-8.31021,11.699,1,-50.8204,-50.8204,1834,1834,167.49,167.49,9.17404e+11,0
evt_145,12,0,-1,3,2,-3.08265,0.985772,1,-620.853,-620.853,31096,31096,357.49,357.49,9.17426e+11,0
evt_145,13,0,-1,3,2,-1.89405,0.783104,1,-1250.12,-1250.12,72650,72650,374.99,374.99,9.17426e+11,0
evt_145,26,1,-1,2,1,0.844213,1.68309,1,-206.18,-206.18,11418,11418,292.49,292.49,9.17426e+11,0
evt_145,27,1,-1,2,1,0.563126,0.679746,1,-274.233,-274.233,15213,15213,369.99,369.99,9.17426e+11,0
evt_145,52,2,-1,3,1,1.43787,0.899405,1,-33.3468,-33.3468,263,263,62.49,62.49,9.17426e+11,0
evt_145,56,2,-1,1,2,-11.6586,1.37004,2,-22.954,-17.6529,13190,1294,1987.49,207.49,9.17426e+11,0
evt_145,64,2,-1,1,3,1.49665,1.05466,1,-29.0917,-29.0917,1110,1110,149.99,149.99,9.17426e+11,0
evt_145,65,2,-1,1,3,-0.0863143,0.694211,1,-23.8683,-23.8683,699,699,112.49,112.49,9.17426e+11,0
evt_145,84,3,-1,3,2,39.2287,0.893446,1,-20.5876,-20.5876,284,284,87.49,87.49,9.17426e+11,0
evt_145,85,3,-1,3,2,23.2222,0.781374,3,-212.785,-29.1492,7132,560,212.49,104.99,9.17426e+11,0
evt_145,93,3,-1,3,3,-1.08927,1.43281,1,-17.2701,-17.2701,1008,1008,172.49,172.49,0,1.36233e+19
evt_146,41,1,-1,1,3,2.7348,0.885027,1,-44.2251,-44.2251,1794,1794,172.49,172.49,9.1743e+11,0
evt_146,80,3,-1,1,2,15.4121,1.30405,3,-29.6089,-19.1747,985,428,144.99,89.99,9.1743e+11,0
evt_147,8,0,-1,1,2,5.03772,0.914725,1,-63.3629,-63.3629,2408,2408,184.99,184.99,9.17442e+11,0
evt_147,14,0,-1,4,2,1.85972,0.941086,1,-25.0096,-25.0096,860,860,132.49,132.49,9.17442e+11,0
evt_147,15,0,-1,4,2,0.922781,0.830932,1,-100.352,-100.352,4418,4418,234.99,234.99,9.17442e+11,0
evt_147,44,1,-1,3,3,1.56081,1.13986,1,-654.485,-654.485,29147,29147,322.49,322.49,9.17442e+11,0
evt_147,45,1,-1,3,3,2.15267,0.975287,1,-87.6856,-87.6856,4773,4773,259.99,259.99,9.17442e+11,0
evt_147,48,2,-1,1,1,17.8723,4.07158,1,-41.4849,-41.4849,1057,1057,134.99,134.99,9.17442e+11,0
evt_147,49,2,-1,1,1,10.84,0.930662,2,-49.8299,-17.2678,1580,361,159.99,84.99,9.17442e+11,0
evt_147,72,3,-1,1,1,-19.8392,1.13595,6,-26.0369,-16.6559,5626,496,729.99,89.99,9.17442e+11,0
evt_148,6,0,-1,4,1,-1.09743,0.970323,1,-19.067,-19.067,539,539,99.99,99.99,9.17522e+11,0
evt_148,7,0,-1,4,1,-0.263069,0.927119,2,-56.3513,-25.468,2130,823,189.99,129.99,9.17522e+11,0
evt_148,14,0,-1,4,2,-1.64407,1.17443,1,-37.8996,-37.8996,1507,1507,172.49,172.49,9.17522e+11,0
evt_148,15,0,-1,4,2,-0.0631518,0.68568,1,-17.3855,-17.3855,455,455,84.99,84.99,9.17522e+11,0
evt_148,42,1,-1,2,3,1.77706,0.949943,2,-954.075,-33.8917,45953,939,354.99,127.49,9.17522e+11,0
evt_148,43,1,-1,2,3,-0.682489,0.974447,1,-259.817,-259.817,13458,13458,344.99,344.99,9.17522e+11,0
evt_148,64,2,-1,1,3,3.24387,0.736561,3,-1250.39,-23.4093,90960,431,394.99,94.99,9.17522e+11,0
evt_148,65,2,-1,1,3,0.324574,0.848478,1,-1250.08,-1250.08,100827,100827,439.99,439.99,9.17522e+11,0
evt_148,72,3,-1,1,1,-19.4166,0.684855,7,-26.231,-15.4422,4731,103,607.49,17.49,9.17522e+11,0
evt_149,7,0,-1,4,1,1.59718,0.936107,1,-30.2736,-30.2736,1031,1031,137.49,137.49,9.17589e+11,0
evt_149,10,0,-1,2,2,-3.69979,1.00681,3,-683.322,-105.079,65916,2994,462.49,139.99,9.17589e+11,0
evt_149,11,0,-1,2,2,0.116313,0.655353,1,-802.417,-802.417,84273,84273,622.49,622.49,9.17589e+11,0
evt_149,14,0,-1,4,2,1.24561,1.23605,1,-283.978,-283.978,15253,15253,407.49,407.49,9.17589e+11,0
evt_149,15,0,-1,4,2,5.31691,0.640577,1,-622.997,-622.997,41388,41388,417.49,417.49,9.17589e+11,0
evt_149,26,1,-1,2,1,-5.18434,1.58425,1,-560.286,-560.286,27526,27526,364.99,364.99,9.17589e+11,0
evt_149,27,1,-1,2,1,-0.268209,1.11836,1,-472.1,-472.1,23593,23593,384.99,384.99,9.17589e+11,0
evt_149,34,1,-1,2,2,-28.7366,8.92658,1,-24.5511,-24.5511,509,509,99.99,99.99,9.17589e+11,0
evt_149,35,1,-1,2,2,-15.3088,1.74964,4,-393.757,-26.1137,16553,606,277.49,112.49,9.17589e+11,0
evt_149,42,1,-1,2,3,-1.35989,1.17791,1,-28.4408,-28.4408,1232,1232,164.99,164.99,9.17589e+11,0
evt_149,49,2,-1,1,1,0.513973,0.616515,1,-96.2789,-96.2789,1129,1129,84.99,84.99,9.17589e+11,0
evt_149,56,2,-1,1,2,-14.8926,0.791675,3,-21.8488,-17.234,10256,1408,1507.49,242.49,9.17589e+11,0
evt_149,76,3,-1,3,1,-7.79039,0.961361,1,-336.951,-336.951,18907,18907,342.49,342.49,9.17589e+11,0
evt_149,77,3,-1,3,1,-1.49647,0.879224,1,-78.0415,-78.0415,3549,3549,227.49,227.49,9.17589e+11,0
evt_149,80,3,-1,1,2,-10.1216,1.00174,3,-22.6688,-17.7348,1724,1122,242.49,174.99,9.17589e+11,0
evt_149,93,3,-1,3,3,2.66109,0.965517,1,-99.6205,-99.6205,3923,3923,222.49,222.49,0,1.39111e+19
evt_150,8,0,-1,1,2,18.821,3.28785,1,-48.8792,-48.8792,820,820,109.99,109.99,9.1759e+11,0
evt_150,9,0,-1,1,2,8.54838,0.536782,1,-15.975,-15.975,237,237,72.49,72.49,9.1759e+11,0
evt_150,22,0,-1,4,3,6.21343,1.17449,1,-83.9537,-83.9537,5169,5169,297.49,297.49,9.1759e+11,0
evt_150,23,0,-1,4,3,1.10526,0.816987,1,-165.604,-165.604,6347,6347,247.49,247.49,9.1759e+11,0
evt_150,28,1,-1,3,1,-1.52352,1.33469,1,-192.146,-192.146,8384,8384,279.99,279.99,9.1759e+11,0
evt_150,29,1,-1,3,1,-2.23655,0.879938,1,-188.146,-188.146,9757,9757,292.49,292.49,9.1759e+11,0
evt_150,34,1,-1,2,2,2.838,1.07895,1,-107.933,-107.933,4177,4177,217.49,217.49,9.1759e+11,0
evt_150,37,1,-1,3,2,-1.80195,1.21564,1,-107.779,-107.779,4458,4458,239.99,239.99,9.1759e+11,0
evt_150,50,2,-1,2,1,3.91004,1.19825,1,-36.1077,-36.1077,2197,2197,224.99,224.99,9.1759e+11,0
evt_150,54,2,-1,4,1,0.885151,0.98349,1,-18.3197,-18.3197,71,71,59.99,59.99,9.1759e+11,0
evt_150,55,2,-1,4,1,3.23174,0.933531,1,-34.8489,-34.8489,236,236,69.99,69.99,9.1759e+11,0
evt_150,56,2,-1,1,2,3.29712,1.04597,1,-22.8015,-22.8015,206,206,79.99,79.99,9.1759e+11,0
evt_150,57,2,-1,1,2,2.01343,0.774689,1,-27.3371,-27.3371,346,346,84.99,84.99,9.1759e+11,0
evt_150,62,2,-1,4,2,-3.51089,0.883212,1,-16.7757,-16.7757,42,42,59.99,59.99,9.1759e+11,0
evt_150,72,3,-1,1,1,-4.65119,0.860558,2,-16.1286,-15.8597,338,307,72.49,62.49,9.1759e+11,0
evt_150,82,3,-1,2,2,-14.5006,1.64603,4,-17.3809,-15.475,594,229,114.99,54.99,9.1759e+11,0
evt_150,93,3,-1,3,3,-0.413238,1.42936,1,-15.8604,-15.8604,343,343,69.99,69.99,0,1.38745e+19
evt_151,14,0,-1,4,2,-7.00018,0.833931,2,-1250.23,-54.5702,111154,2039,467.49,192.49,9.17613e+11,0
evt_151,15,0,-1,4,2,0.446069,0.879737,1,-1007.57,-1007.57,111719,111719,642.49,642.49,9.17613e+11,0
evt_151,36,1,-1,3,2,2.20622,0.710422,3,-1250.04,-29.6647,98190,605,407.49,119.99,9.17613e+11,0
evt_151,37,1,-1,3,2,5.95266,0.849963,1,-1250.5,-1250.5,121544,121544,457.49,457.49,9.17613e+11,0
evt_151,56,2,-1,1,2,-7.85589,1.24438,2,-621.095,-38.4657,38632,2307,414.99,237.49,9.17613e+11,0
evt_151,57,2,-1,1,2,-0.0206486,0.813917,1,-230.806,-230.806,11875,11875,297.49,297.49,9.17613e+11,0
evt_151,93,3,-1,3,3,4.6422,0.925062,1,-20.2848,-20.2848,1341,1341,209.99,209.99,0,4.61757e+18
evt_152,22,0,-1,4,3,-2.18672,1.2507,2,-1250.34,-21.27,116336,164,557.49,84.99,9.17631e+11,0
evt_152,23,0,-1,4,3,-1.05188,0.769852,2,-1159.99,-28.9393,84114,463,427.49,99.99,9.17631e+11,0
evt_152,36,1,-1,3,2,1.50028,0.664871,1,-1249.93,-1249.93,86708,86708,487.49,487.49,9.17631e+11,0
evt_152,37,1,-1,3,2,0.703962,1.20568,3,-1250.31,-20.7019,95317,245,394.99,82.49,9.17631e+11,0
evt_152,56,2,-1,1,2,-8.63756,0.615596,4,-155.894,-15.3296,8584,262,519.99,54.99,9.17631e+11,0
evt_152,57,2,-1,1,2,-5.34313,0.510388,1,-94.4323,-94.4323,3421,3421,207.49,207.49,9.17631e+11,0
evt_152,67,2,-1,2,3,12.6885,0.955147,1,-17.4607,-17.4607,320,320,64.99,64.99,9.17631e+11,0
evt_152,82,3,-1,2,2,1.52747,1.50837,2,-145.06,-90.625,5897,3631,247.49,229.99,9.17631e+11,0
evt_152,83,3,-1,2,2,1.93855,0.747629,1,-130.493,-130.493,7372,7372,277.49,277.49,9.17631e+11,0
evt_153,4,0,-1,3,1,-0.491677,0.843675,2,-381.136,-16.9275,23718,423,404.99,87.49,9.17667e+11,0
evt_153,5,0,-1,3,1,-1.33899,0.573704,4,-820.14,-17.5382,46207,334,357.49,79.99,9.17667e+11,0
evt_153,10,0,-1,2,2,0.657381,1.00857,3,-641.377,-16.3178,33936,216,444.99,54.99,9.17667e+11,0
evt_153,11,0,-1,2,2,1.66311,1.0335,3,-698.297,-30.5362,52588,845,409.99,127.49,9.17667e+11,0
evt_153,25,1,-1,1,1,65.807,0.818433,1,-56.5416,-56.5416,1043,1043,127.49,127.49,9.17667e+11,0
evt_153,52,2,-1,3,1,4.09441,0.848407,2,-331.843,-17.9169,14860,31,297.49,57.49,9.17667e+11,0
evt_153,53,2,-1,3,1,-0.259415,2.4396,2,-263.362,-33.5463,13223,156,317.49,67.49,9.17667e+11,0
evt_153,58,2,-1,2,2,4.24186,0.739236,1,-64.889,-64.889,2551,2551,194.99,194.99,9.17667e+11,0
evt_153,59,2,-1,2,2,7.4243,0.785757,2,-48.2696,-28.0609,1768,900,174.99,134.99,9.17667e+11,0
evt_153,82,3,-1,2,2,-19.1816,2.25971,1,-25.0896,-25.0896,17670,17670,2507.49,2507.49,9.17667e+11,0
evt_153,93,3,-1,3,3,-9.6204,0.82051,1,-20.4704,-20.4704,902,902,142.49,142.49,0,4.62239e+18
evt_154,11,0,-1,2,2,-24.1727,12.5589,4,-47.5793,-18.7192,2151,422,247.49,92.49,9.17674e+11,0
evt_154,28,1,-1,3,1,10.844,0.970254,1,-106.036,-106.036,3595,3595,194.99,194.99,9.17674e+11,0
evt_154,48,2,-1,1,1,3.26116,0.924794,1,-45.7167,-45.7167,1767,1767,174.99,174.99,9.17674e+11,0
evt_154,49,2,-1,1,1,1.75949,0.6354,1,-43.9953,-43.9953,1426,1426,109.99,109.99,9.17674e+11,0
evt_154,92,3,-1,3,3,-5.32305,0.935438,3,-1250.58,-24.5522,154180,97,742.49,89.99,0,1.38382e+19
evt_154,93,3,-1,3,3,-10.178,0.909669,3,-1250.61,-17.4227,86099,445,367.49,89.99,0,1.38403e+19
evt_155,20,0,-1,3,3,-2.69409,0.730783,3,-959.952,-31.2252,45036,1069,352.49,139.99,9.1768e+11,0
evt_155,21,0,-1,3,3,-1.65213,0.876809,2,-992.277,-42.3955,60335,1354,437.49,154.99,9.1768e+11,0
evt_155,34,1,-1,2,2,0.574217,1.06191,1,-221.354,-221.354,11351,11351,307.49,307.49,9.1768e+11,0
evt_155,35,1,-1,2,2,-1.88436,1.05865,1,-308.928,-308.928,13568,13568,297.49,297.49,9.1768e+11,0
evt_155,37,1,-1,3,2,-2.44602,0.689876,1,-274.064,-274.064,3480,3480,54.99,54.99,9.1768e+11,0
evt_155,64,2,-1,1,3,0.00192337,0.646907,2,-251.397,-19.0972,11135,489,284.99,89.99,9.1768e+11,0
evt_155,65,2,-1,1,3,0.531386,1.10475,1,-196.422,-196.422,9838,9838,289.99,289.99,9.1768e+11,0
evt_155,66,2,-1,2,3,5.42604,1.72191,3,-1250.23,-19.7811,84957,431,389.99,94.99,9.1768e+11,0
evt_155,67,2,-1,2,3,-1.78094,0.765106,1,-1250.35,-1250.35,82588,82588,422.49,422.49,9.1768e+11,0
evt_155,78,3,-1,4,1,-8.40158,1.06892,2,-19.2527,-16.5074,661,584,122.49,97.49,9.1768e+11,0
evt_155,80,3,-1,1,2,-4.49314,0.68158,1,-15.9975,-15.9975,315,315,67.49,67.49,9.1768e+11,0
evt_156,0,0,-1,1,1,-0.295702,0.839655,2,-1250.16,-30.5763,95676,654,432.49,117.49,9.17768e+11,0
evt_156,1,0,-1,1,1,-0.157276,0.964772,2,-1250.65,-103.547,103148,2170,469.99,142.49,9.17768e+11,0
evt_156,25,1,-1,1,1,0.642845,0.645668,1,-30.5767,-30.5767,1143,1143,152.49,152.49,9.17768e+11,0
evt_156,49,2,-1,1,1,-0.442588,0.711713,1,-54.1739,-54.1739,334,334,57.49,57.49,9.17768e+11,0
evt_156,53,2,-1,3,1,-0.844608,0.679572,1,-97.5201,-97.5201,4236,4236,232.49,232.49,9.17768e+11,0
evt_156,72,3,-1,1,1,-9.64449,0.833677,7,-25.0402,-15.8898,3248,345,434.99,67.49,9.17768e+11,0
evt_156,78,3,-1,4,1,-12.5039,1.49407,6,-28.979,-17.042,2740,494,349.99,94.99,9.17768e+11,0
evt_156,80,3,-1,1,2,-6.24555,1.07308,1,-15.2414,-15.2414,419,419,79.99,79.99,9.17768e+11,0
evt_156,87,3,-1,4,2,-10.1058,1.70023,2,-16.6989,-15.6021,544,275,104.99,57.49,9.17768e+11,0
evt_156,91,3,-1,2,3,1.17837,1.48159,1,-25.0863,-25.0863,834,834,127.49,127.49,0,1.36988e+19
evt_157,40,1,-1,1,3,28.1396,1.39527,1,-26.1582,-26.1582,379,379,94.99,94.99,9.1783e+11,0
evt_157,41,1,-1,1,3,33.4639,0.969652,1,-17.9554,-17.9554,249,249,82.49,82.49,9.1783e+11,0
evt_157,49,2,-1,1,1,-0.25841,0.801144,1,-94.8917,-94.8917,887,887,77.49,77.49,9.1783e+11,0
evt_157,54,2,-1,4,1,1.24559,1.1573,1,-25.0946,-25.0946,236,236,69.99,69.99,9.1783e+11,0
evt_157,62,2,-1,4,2,-0.764625,0.773049,1,-54.9646,-54.9646,469,469,77.49,77.49,9.1783e+11,0
evt_157,63,2,-1,4,2,-1.13142,0.734905,1,-55.0076,-55.0076,438,438,72.49,72.49,9.1783e+11,0
evt_158,9,0,-1,1,2,1.36681,0.913941,1,-36.8652,-36.8652,968,968,124.99,124.99,9.17931e+11,0
evt_158,14,0,-1,4,2,-0.576896,0.819969,1,-1250.23,-1250.23,145688,145688,757.49,757.49,9.17931e+11,0
evt_158,15,0,-1,4,2,-0.0355133,0.773401,2,-660.745,-18.5255,83030,141,544.99,72.49,9.17931e+11,0
evt_158,20,0,-1,3,3,0.379487,0.583845,1,-429.33,-429.33,25789,25789,482.49,482.49,9.17931e+11,0
evt_158,21,0,-1,3,3,-0.889475,0.731606,1,-594.214,-594.214,29587,29587,342.49,342.49,9.17931e+11,0
evt_158,28,1,-1,3,1,4.92721,0.905146,3,-1136.89,-55.6998,57674,535,374.99,32.49,9.17931e+11,0
evt_158,29,1,-1,3,1,3.79808,0.900402,1,-1039.36,-1039.36,51072,51072,337.49,337.49,9.17931e+11,0
evt_158,42,1,-1,2,3,3.4154,0.698444,1,-1250.04,-1250.04,65702,65702,372.49,372.49,9.17931e+11,0
evt_158,43,1,-1,2,3,1.13289,0.560123,1,-533.215,-533.215,27841,27841,337.49,337.49,9.17931e+11,0
evt_158,56,2,-1,1,2,-0.527795,1.02373,2,-516.594,-28.8609,25915,1009,329.99,137.49,9.17931e+11,0
evt_158,57,2,-1,1,2,-0.48678,0.689535,2,-174.649,-22.2625,8806,556,307.49,99.99,9.17931e+11,0
evt_158,72,3,-1,1,1,-19.4163,0.688981,7,-24.2775,-17.1943,4377,789,597.49,134.99,9.17931e+11,0
evt_158,93,3,-1,3,3,-4.79843,1.72068,2,-18.4159,-18.3391,1245,924,207.49,149.99,0,1.37459e+19
evt_159,18,0,-1,2,3,-2.61679,0.83872,2,-1250.2,-19.4765,117291,61,424.99,74.99,9.18037e+11,0
evt_159,19,0,-1,2,3,-0.958302,0.604681,2,-1031.74,-31.8332,104340,631,597.49,109.99,9.18037e+11,0
evt_159,20,0,-1,3,3,-0.0432399,0.96424,1,-1250.77,-1250.77,97265,97265,442.49,442.49,9.18037e+11,0
evt_159,21,0,-1,3,3,0.145148,0.877458,1,-1250.27,-1250.27,103319,103319,467.49,467.49,9.18037e+11,0
evt_159,26,1,-1,2,1,-1.38008,1.50304,1,-19.8481,-19.8481,784,784,134.99,134.99,9.18037e+11,0
evt_159,27,1,-1,2,1,2.29975,0.937359,1,-79.9863,-79.9863,3465,3465,222.49,222.49,9.18037e+11,0
evt_159,54,2,-1,4,1,3.00683,0.951144,2,-68.0187,-40.5276,2411,509,184.99,89.99,9.18037e+11,0
evt_159,55,2,-1,4,1,0.115383,0.718426,3,-136.716,-44.7618,8979,640,324.99,87.49,9.18037e+11,0
evt_159,72,3,-1,1,1,-7.01957,0.744337,5,-23.5496,-16.0507,3719,468,557.49,89.99,9.18037e+11,0
evt_159,82,3,-1,2,2,1.19231,2.33223,1,-238.588,-238.588,10389,10389,287.49,287.49,9.18037e+11,0
evt_159,83,3,-1,2,2,0.954822,0.780332,2,-37.401,-36.7514,1678,1459,189.99,167.49,9.18037e+11,0
evt_160,60,2,-1,3,2,0.0530897,0.81697,1,-22.2189,-22.2189,214,214,74.99,74.99,9.1823e+11,0
evt_160,61,2,-1,3,2,1.07695,1.17397,1,-21.0164,-21.0164,142,142,64.99,64.99,9.1823e+11,0
evt_161,16,0,-1,1,3,-0.222177,1.00032,1,-415.258,-415.258,21819,21819,457.49,457.49,9.1825e+11,0
evt_161,17,0,-1,1,3,-1.04954,0.820682,1,-416.672,-416.672,21362,21362,352.49,352.49,9.1825e+11,0
evt_161,18,0,-1,2,3,-0.560351,0.885839,2,-280.369,-119.256,11461,4172,279.99,207.49,9.1825e+11,0
evt_161,19,0,-1,2,3,-0.0919362,0.773563,2,-402.369,-29.094,19469,980,332.49,137.49,9.1825e+11,0
evt_161,30,1,-1,4,1,0.131879,0.870205,1,-1250.16,-1250.16,68438,68438,474.99,474.99,9.1825e+11,0
evt_161,31,1,-1,4,1,0.922089,0.840583,2,-594.56,-25.5053,29205,723,349.99,119.99,9.1825e+11,0
evt_161,39,1,-1,4,2,4.01224,3.07422,2,-442.821,-123.981,15305,3858,187.49,182.49,9.1825e+11,0
evt_161,58,2,-1,2,2,-0.981948,0.615551,2,-1250.39,-67.4816,118154,1936,524.99,159.99,9.1825e+11,0
evt_161,59,2,-1,2,2,-2.21911,0.60122,1,-1250.44,-1250.44,115497,115497,492.49,492.49,9.1825e+11,0
evt_161,68,2,-1,3,3,10.1814,0.591919,2,-99.1536,-46.4728,3161,894,189.99,62.49,9.1825e+11,0
evt_161,72,3,-1,1,1,0.105003,1.44305,1,-16.1253,-16.1253,539,539,102.49,102.49,9.1825e+11,0
evt_161,90,3,-1,2,3,1.17294,0.888054,1,-57.3396,-57.3396,2026,2026,172.49,172.49,1.49602e+14,4.6464e+18
evt_161,91,3,-1,2,3,-1.07552,0.658347,1,-154.819,-154.819,6354,6354,244.99,244.99,0,4.64094e+18
evt_161,93,3,-1,3,3,-9.24725,1.20954,1,-19.9,-19.9,744,744,124.99,124.99,0,4.61892e+18
evt_162,1,0,-1,1,1,-13.7715,3.98099,1,-268.626,-268.626,9438,9438,259.99,259.99,9.18308e+11,0
evt_162,3,0,-1,2,1,0.133344,1.09405,1,-36.3361,-36.3361,1496,1496,172.49,172.49,9.18308e+11,0
evt_162,16,0,-1,1,3,-0.798213,0.814079,1,-720.215,-720.215,28640,28640,312.49,312.49,9.18308e+11,0
evt_162,17,0,-1,1,3,-0.421015,0.927892,2,-820.997,-38.5453,38367,1329,342.49,152.49,9.18308e+11,0
evt_162,18,0,-1,2,3,-1.10024,0.807011,1,-680.291,-680.291,30682,30682,367.49,367.49,9.18308e+11,0
evt_162,19,0,-1,2,3,0.519289,0.968055,2,-214.723,-30.7663,11744,1048,294.99,129.99,9.18308e+11,0
evt_162,24,1,-1,1,1,1.37127,0.726238,2,-246.742,-57.2609,12539,1933,334.99,164.99,9.18308e+11,0
evt_162,25,1,-1,1,1,-0.413748,1.12025,2,-523.61,-57.8744,25942,2196,337.49,187.49,9.18308e+11,0
evt_162,53,2,-1,3,1,-0.646132,0.612963,1,-30.2214,-30.2214,193,193,62.49,62.49,9.18308e+11,0
evt_162,56,2,-1,1,2,-26.1763,0.899655,2,-28.5902,-26.7626,15743,3424,1869.99,422.49,9.18308e+11,0
evt_162,74,3,-1,2,1,-0.0978897,1.01886,1,-251.206,-251.206,15203,15203,302.49,302.49,9.18308e+11,0
evt_162,75,3,-1,2,1,-0.513446,0.644839,1,-143.999,-143.999,9530,9530,309.99,309.99,9.18308e+11,0
evt_162,93,3,-1,3,3,-9.29184,0.802247,2,-19.9773,-15.556,932,372,152.49,77.49,0,4.69803e+18
evt_163,6,0,-1,4,1,-2.16418,1.18782,2,-105.694,-17.5341,6570,495,409.99,97.49,9.18396e+11,0
evt_163,7,0,-1,4,1,1.36527,1.63561,1,-34.1209,-34.1209,1183,1183,147.49,147.49,9.18396e+11,0
evt_163,10,0,-1,2,2,0.952254,1.03998,2,-868.526,-67.4444,68754,2027,429.99,164.99,9.18396e+11,0
evt_163,11,0,-1,2,2,0.811351,0.936313,1,-706.84,-706.84,67989,67989,497.49,497.49,9.18396e+11,0
evt_163,26,1,-1,2,1,-2.50174,1.21032,1,-235.078,-235.078,12720,12720,317.49,317.49,9.18396e+11,0
evt_163,27,1,-1,2,1,0.817034,0.740247,1,-254.524,-254.524,13912,13912,319.99,319.99,9.18396e+11,0
evt_163,42,1,-1,2,3,0.272313,0.874459,1,-54.0614,-54.0614,2226,2226,192.49,192.49,9.18396e+11,0
evt_163,48,2,-1,1,1,3.61079,0.808905,2,-524.873,-83.7746,23706,3550,319.99,214.99,9.18396e+11,0
evt_163,49,2,-1,1,1,0.869956,0.741719,1,-168.437,-168.437,8162,8162,279.99,279.99,9.18396e+11,0
evt_163,51,2,-1,2,1,0.403516,0.931505,1,-24.7231,-24.7231,207,207,67.49,67.49,9.18396e+11,0
evt_163,76,3,-1,3,1,45.7796,1.01053,1,-19.8635,-19.8635,364,364,87.49,87.49,9.18396e+11,0
evt_163,77,3,-1,3,1,54.6074,0.974007,1,-90.889,-90.889,3537,3537,227.49,227.49,9.18396e+11,0
evt_164,21,0,-1,3,3,15.4901,0.914168,2,-138.857,-30.0806,5541,810,224.99,124.99,9.18468e+11,0
evt_164,38,1,-1,4,2,-2.4431,0.791309,1,-21.3941,-21.3941,634,634,104.99,104.99,9.18468e+11,0
evt_164,44,1,-1,3,3,4.37552,1.02657,1,-252.307,-252.307,13073,13073,427.49,427.49,9.18468e+11,0
evt_164,46,1,-1,4,3,-1.70922,1.09425,3,-1250.31,-33.054,79686,836,384.99,122.49,9.18468e+11,0
evt_164,47,1,-1,4,3,1.98409,1.00433,2,-1250.23,-116.542,89965,3830,634.99,189.99,9.18468e+11,0
evt_164,58,2,-1,2,2,0.225214,0.956863,1,-57.0161,-57.0161,679,679,87.49,87.49,9.18468e+11,0
evt_164,59,2,-1,2,2,0.598776,0.92004,1,-51.2026,-51.2026,497,497,82.49,82.49,9.18468e+11,0
evt_164,68,2,-1,3,3,-0.432287,0.92519,1,-132.412,-132.412,6101,6101,267.49,267.49,9.18468e+11,0
evt_164,69,2,-1,3,3,0.777254,0.661361,2,-27.227,-23.8939,851,759,129.99,119.99,9.18468e+11,0
evt_164,88,3,-1,1,3,0.804032,0.806124,1,-123.868,-123.868,5260,5260,249.99,249.99,1.49602e+14,1.10382e+12
evt_164,89,3,-1,1,3,-0.884687,0.860217,1,-362.911,-362.911,18206,18206,464.99,464.99,1.49602e+14,1.38028e+19
evt_165,6,0,-1,4,1,-0.307866,0.909672,1,-558.567,-558.567,30389,30389,374.99,374.99,9.18486e+11,0
evt_165,7,0,-1,4,1,-1.74515,0.743484,1,-156.849,-156.849,6544,6544,252.49,252.49,9.18486e+11,0
evt_165,30,1,-1,4,1,2.42854,1.15114,1,-147.165,-147.165,7877,7877,287.49,287.49,9.18486e+11,0
evt_165,52,2,-1,3,1,21.6354,0.809511,1,-31.2631,-31.2631,725,725,112.49,112.49,9.18486e+11,0
evt_165,54,2,-1,4,1,2.86056,0.630794,1,-256.082,-256.082,12636,12636,297.49,297.49,9.18486e+11,0
evt_165,55,2,-1,4,1,3.47731,1.06858,1,-430.894,-430.894,26755,26755,382.49,382.49,9.18486e+11,0
evt_166,10,0,-1,2,2,0.917197,0.822106,1,-25.5065,-25.5065,748,748,119.99,119.99,9.18517e+11,0
evt_166,38,1,-1,4,2,1.18589,0.63133,2,-1250.12,-28.5133,76805,504,367.49,97.49,9.18517e+11,0
evt_166,39,1,-1,4,2,0.759179,0.66288,1,-1249.81,-1249.81,65020,65020,379.99,379.99,9.18517e+11,0
evt_166,48,2,-1,1,1,-1.29485,0.568209,1,-24.1717,-24.1717,835,835,129.99,129.99,9.18517e+11,0
evt_166,49,2,-1,1,1,1.40688,0.792907,2,-64.9297,-31.7946,1131,568,147.49,77.49,9.18517e+11,0
evt_166,64,2,-1,1,3,-1.47628,0.84335,2,-93.1797,-50.9731,3749,2008,217.49,189.99,9.18517e+11,0
evt_166,65,2,-1,1,3,2.03668,0.940758,3,-263.483,-40.1447,10015,1146,262.49,134.99,9.18517e+11,0
evt_166,76,3,-1,3,1,-5.99306,0.725333,3,-19.8583,-15.7842,1006,360,162.49,67.49,9.18517e+11,0
evt_167,16,0,-1,1,3,1.42716,1.15226,1,-56.8076,-56.8076,2559,2559,207.49,207.49,9.18552e+11,0
evt_167,17,0,-1,1,3,-0.240094,0.683813,1,-296.357,-296.357,12832,12832,287.49,287.49,9.18552e+11,0
evt_167,26,1,-1,2,1,-0.462849,1.38842,1,-400.044,-400.044,17588,17588,304.99,304.99,9.18552e+11,0
evt_167,27,1,-1,2,1,2.33499,0.777839,1,-479.772,-479.772,24300,24300,359.99,359.99,9.18552e+11,0
evt_167,40,1,-1,1,3,4.12909,0.621986,2,-1250.58,-31.4146,63197,855,364.99,127.49,9.18552e+11,0
evt_167,41,1,-1,1,3,1.51121,0.89754,2,-981.822,-24.6654,60820,648,439.99,114.99,9.18552e+11,0
evt_167,50,2,-1,2,1,-0.27274,0.95887,1,-375.049,-375.049,20974,20974,347.49,347.49,9.18552e+11,0
evt_167,51,2,-1,2,1,0.0988024,0.676718,2,-384.337,-42.8532,20454,1641,334.99,172.49,9.18552e+11,0
evt_167,74,3,-1,2,1,0.570552,0.69393,1,-879.544,-879.544,49204,49204,382.49,382.49,9.18552e+11,0
evt_167,75,3,-1,2,1,1.05989,0.651787,4,-933.058,-18.3013,49052,453,384.99,87.49,9.18552e+11,0
evt_167,78,3,-1,4,1,21.8443,0.920464,1,-28.0988,-28.0988,881,881,129.99,129.99,9.18552e+11,0
evt_167,79,3,-1,4,1,12.2378,0.827568,2,-57.6151,-30.4239,3005,953,284.99,134.99,9.18552e+11,0
evt_167,80,3,-1,1,2,3.82832,1.75458,1,-17.4282,-17.4282,492,492,94.99,94.99,9.18552e+11,0
evt_167,93,3,-1,3,3,-11.4888,1.16107,1,-16.0145,-16.0145,459,459,87.49,87.49,0,4.60415e+18
evt_168,3,0,-1,2,1,0.15117,14.3349,1,-34.9241,-34.9241,1041,1041,129.99,129.99,9.18562e+11,0
evt_168,4,0,-1,3,1,8.52308,0.665267,2,-18.8746,-15.9357,473,280,94.99,59.99,9.18562e+11,0
evt_168,47,1,-1,4,3,25.6606,1.09931,1,-46.141,-46.141,1209,1209,137.49,137.49,9.18562e+11,0
evt_168,52,2,-1,3,1,4.79078,0.601011,1,-72.015,-72.015,2591,2591,187.49,187.49,9.18562e+11,0
evt_168,76,3,-1,3,1,-14.1386,1.38029,1,-22.3459,-22.3459,1430,1430,209.99,209.99,9.18562e+11,0
evt_168,90,3,-1,2,3,2.27138,1.1492,1,-35.9884,-35.9884,1285,1285,157.49,157.49,1.49602e+14,1.37459e+19
evt_168,93,3,-1,3,3,-5.44822,1.13837,1,-15.7453,-15.7453,301,301,59.99,59.99,0,1.37567e+19
evt_169,22,0,-1,4,3,12.8702,2.12949,4,-42.7293,-15.8993,1048,158,154.99,59.99,9.18626e+11,0
evt_169,23,0,-1,4,3,10.7968,3.11218,2,-56.1975,-55.8139,2026,1339,172.49,134.99,9.18626e+11,0
evt_169,30,1,-1,4,1,2.85431,1.29458,2,-85.1021,-53.8746,2870,1753,184.99,162.49,9.18626e+11,0
evt_169,31,1,-1,4,1,4.16645,0.656391,1,-17.9563,-17.9563,480,480,94.99,94.99,9.18626e+11,0
evt_169,56,2,-1,1,2,-13.754,0.645495,6,-23.1385,-15.8634,3491,373,532.49,67.49,9.18626e+11,0
evt_169,72,3,-1,1,1,-8.85411,0.701712,4,-19.8628,-17.2397,1409,836,229.99,137.49,9.18626e+11,0
evt_169,93,3,-1,3,3,-0.459446,0.94613,1,-18.4114,-18.4114,927,927,154.99,154.99,0,4.61769e+18
evt_170,80,3,-1,1,2,-3.22298,1.08041,1,-16.8407,-16.8407,418,418,87.49,87.49,9.1863e+11,0
evt_171,18,0,-1,2,3,-17.6698,1.03815,3,-803.555,-15.1338,55057,253,1759.99,54.99,9.18806e+11,0
evt_171,19,0,-1,2,3,-12.8642,0.758887,6,-547.702,-15.0527,29862,291,429.99,54.99,9.18806e+11,0
evt_171,25,1,-1,1,1,0.121728,0.85219,1,-59.4754,-59.4754,2184,2184,182.49,182.49,9.18806e+11,0
evt_171,34,1,-1,2,2,0.30339,1.00948,2,-1250.35,-49.9033,69859,1589,384.99,152.49,9.18806e+11,0
evt_171,35,1,-1,2,2,3.93226,0.848729,2,-1036.47,-520.826,54646,22797,372.49,299.99,9.18806e+11,0
evt_171,48,2,-1,1,1,0.00272881,0.795387,2,-269.472,-25.0846,15269,734,327.49,119.99,9.18806e+11,0
evt_171,49,2,-1,1,1,0.0761602,0.70276,1,-223.718,-223.718,11133,11133,294.99,294.99,9.18806e+11,0
evt_171,56,2,-1,1,2,62.7935,0.984229,4,-503.974,-21.7763,20979,275,262.49,89.99,9.18806e+11,0
evt_171,57,2,-1,1,2,12.8319,5.00174,1,-99.8132,-99.8132,2448,2448,152.49,152.49,9.18806e+11,0
evt_171,93,3,-1,3,3,-11.2304,0.84178,3,-18.834,-15.6678,878,275,142.49,54.99,0,1.38938e+19
evt_172,8,0,-1,1,2,1.56679,0.804343,1,-76.4417,-76.4417,2774,2774,189.99,189.99,9.18822e+11,0
evt_172,9,0,-1,1,2,-0.379502,0.846455,1,-24.2859,-24.2859,648,648,107.49,107.49,9.18822e+11,0
evt_172,14,0,-1,4,2,1.5559,1.07945,1,-582.869,-582.869,29919,29919,412.49,412.49,9.18822e+11,0
evt_172,15,0,-1,4,2,3.61083,0.695407,3,-828.381,-26.4566,48901,716,384.99,114.99,9.18822e+11,0
evt_172,36,1,-1,3,2,-4.53546,0.818111,1,-229.971,-229.971,11930,11930,322.49,322.49,9.18822e+11,0
evt_172,37,1,-1,3,2,3.85605,0.80907,1,-467.635,-467.635,22425,22425,317.49,317.49,9.18822e+11,0
evt_172,46,1,-1,4,3,3.79762,1.11542,1,-141.397,-141.397,5517,5517,232.49,232.49,9.18822e+11,0
evt_172,47,1,-1,4,3,3.54935,0.982977,2,-170.221,-62.6007,7108,2098,249.99,169.99,9.18822e+11,0
evt_172,52,2,-1,3,1,-3.93199,0.687554,2,-254.103,-21.9194,17191,603,397.49,99.99,9.18822e+11,0
evt_172,53,2,-1,3,1,-1.57746,0.933609,1,-470.31,-470.31,22677,22677,327.49,327.49,9.18822e+11,0
evt_172,88,3,-1,1,3,-66.7573,26.8324,2,-44.7253,-32.0248,1393,535,147.49,109.99,1.49602e+14,1.10382e+12
evt_172,89,3,-1,1,3,-36.5838,25.9751,2,-130.236,-26.9926,4413,478,194.99,102.49,1.49602e+14,4.55855e+18
evt_173,28,1,-1,3,1,-0.909525,0.708036,1,-355.132,-355.132,19911,19911,379.99,379.99,9.18833e+11,0
evt_173,29,1,-1,3,1,1.60132,1.13057,1,-211.022,-211.022,11018,11018,334.99,334.99,9.18833e+11,0
evt_173,52,2,-1,3,1,0.3053,0.835866,1,-298.405,-298.405,14073,14073,302.49,302.49,9.18833e+11,0
evt_173,53,2,-1,3,1,3.6075,0.756741,2,-316.323,-40.8327,12266,1506,274.99,164.99,9.18833e+11,0
evt_173,76,3,-1,3,1,3.95396,0.667659,1,-942.792,-942.792,56479,56479,489.99,489.99,9.18833e+11,0
evt_173,77,3,-1,3,1,-0.597206,0.775161,2,-1092.89,-47.879,61387,2094,462.49,192.49,9.18833e+11,0
evt_174,4,0,-1,3,1,-0.105072,0.526123,1,-153.377,-153.377,7903,7903,279.99,279.99,9.18851e+11,0
evt_174,5,0,-1,3,1,-1.26232,0.910937,1,-170.19,-170.19,8767,8767,282.49,282.49,9.18851e+11,0
evt_174,10,0,-1,2,2,1.62739,1.00141,2,-652.244,-18.0323,31261,380,354.99,84.99,9.18851e+11,0
evt_174,11,0,-1,2,2,0.786018,0.677992,1,-1192.09,-1192.09,74037,74037,384.99,384.99,9.18851e+11,0
evt_174,21,0,-1,3,3,4.81992,0.754685,2,-41.5204,-30.9577,1509,1016,159.99,137.49,9.18851e+11,0
evt_174,25,1,-1,1,1,0.576557,0.858773,2,-673.634,-220.859,29900,9302,334.99,262.49,9.18851e+11,0
evt_174,41,1,-1,1,3,-0.491714,0.884528,1,-30.0399,-30.0399,1153,1153,157.49,157.49,9.18851e+11,0
evt_174,56,2,-1,1,2,-21.4589,0.673174,2,-28.3254,-22.8991,19322,839,2352.49,107.49,9.18851e+11,0
evt_174,78,3,-1,4,1,-0.750627,2.46145,2,-1250.01,-47.4638,129152,1329,542.49,149.99,9.18851e+11,0
evt_174,79,3,-1,4,1,0.723538,0.777548,1,-1250.08,-1250.08,120719,120719,567.49,567.49,9.18851e+11,0
evt_175,30,1,-1,4,1,-114.277,31.9086,2,-66.1397,-61.036,1968,1028,164.99,109.99,9.19027e+11,0
evt_175,31,1,-1,4,1,-64.3343,11.7874,2,-42.5578,-22.8752,766,751,124.99,104.99,9.19027e+11,0
evt_175,54,2,-1,4,1,1.36451,0.976731,3,-1250.39,-38.1272,121567,202,569.99,97.49,9.19027e+11,0
evt_175,55,2,-1,4,1,-0.356642,0.913874,4,-1250.65,-126.498,134186,1906,439.99,122.49,9.19027e+11,0
evt_175,62,2,-1,4,2,1.16546,1.3077,1,-19.1094,-19.1094,143,143,54.99,54.99,9.19027e+11,0
evt_175,63,2,-1,4,2,-2.54158,0.935194,1,-23.8222,-23.8222,163,163,57.49,57.49,9.19027e+11,0
evt_175,72,3,-1,1,1,0.348152,1.98801,1,-17.1173,-17.1173,410,410,74.99,74.99,9.19027e+11,0
evt_175,78,3,-1,4,1,7.7022,2.05552,1,-658.147,-658.147,34386,34386,357.49,357.49,9.19027e+11,0
evt_175,79,3,-1,4,1,0.0835699,0.872994,1,-316.512,-316.512,14546,14546,304.99,304.99,9.19027e+11,0
evt_176,15,0,-1,4,2,19.6264,0.807834,1,-19.0554,-19.0554,361,361,84.99,84.99,9.1903e+11,0
evt_176,52,2,-1,3,1,4.73368,0.998655,1,-23.3742,-23.3742,190,190,79.99,79.99,9.1903e+11,0
evt_176,53,2,-1,3,1,2.45793,0.898096,1,-26.8449,-26.8449,279,279,84.99,84.99,9.1903e+11,0
evt_176,54,2,-1,4,1,0.703032,0.79572,1,-62.2033,-62.2033,269,269,62.49,62.49,9.1903e+11,0
evt_176,93,3,-1,3,3,-3.79594,0.957878,1,-15.5487,-15.5487,508,508,94.99,94.99,0,1.37929e+19
evt_177,10,0,-1,2,2,-0.267134,0.736757,1,-50.2106,-50.2106,2357,2357,214.99,214.99,9.19053e+11,0
evt_177,11,0,-1,2,2,-1.08028,0.892603,1,-517.474,-517.474,24463,24463,332.49,332.49,9.19053e+11,0
evt_177,14,0,-1,4,2,-2.22058,0.829005,1,-43.693,-43.693,1920,1920,187.49,187.49,9.19053e+11,0
evt_177,46,1,-1,4,3,-145.848,26.2254,1,-100.497,-100.497,2035,2035,149.99,149.99,9.19053e+11,0
evt_177,47,1,-1,4,3,-36.544,6.58384,2,-43.808,-27.1831,1746,674,179.99,107.49,9.19053e+11,0
evt_177,48,2,-1,1,1,1.94037,0.878751,2,-123.411,-18.5716,7642,439,289.99,89.99,9.19053e+11,0
evt_177,49,2,-1,1,1,-0.101464,0.850051,1,-72.7412,-72.7412,4651,4651,304.99,304.99,9.19053e+11,0
evt_177,50,2,-1,2,1,-0.279318,0.936398,2,-152.458,-35.39,9003,1352,369.99,159.99,9.19053e+11,0
evt_177,51,2,-1,2,1,1.0728,0.877473,1,-152.805,-152.805,7757,7757,284.99,284.99,9.19053e+11,0
evt_177,52,2,-1,3,1,-12.8729,3.67798,1,-60.4286,-60.4286,2305,2305,197.49,197.49,9.19053e+11,0
evt_177,53,2,-1,3,1,-83.5671,23.0262,1,-50.3172,-50.3172,877,877,112.49,112.49,9.19053e+11,0
evt_177,56,2,-1,1,2,6.91691,0.733144,1,-42.7296,-42.7296,1766,1766,179.99,179.99,9.19053e+11,0
evt_177,72,3,-1,1,1,-7.69377,0.546718,6,-26.575,-18.7572,5043,564,742.49,89.99,9.19053e+11,0
evt_177,80,3,-1,1,2,-8.88947,1.491,3,-23.4091,-15.7635,1806,318,257.49,62.49,9.19053e+11,0
evt_177,92,3,-1,3,3,-10.4522,1.20983,2,-15.3633,-15.2456,382,282,69.99,54.99,0,1.37655e+19
evt_177,93,3,-1,3,3,-2.30157,0.861457,1,-16.9272,-16.9272,399,399,74.99,74.99,0,1.34398e+19
evt_178,20,0,-1,3,3,-0.257949,0.850596,1,-350.597,-350.597,17722,17722,314.99,314.99,9.19087e+11,0
evt_178,21,0,-1,3,3,0.778893,0.84887,1,-325.549,-325.549,15304,15304,309.99,309.99,9.19087e+11,0
evt_178,30,1,-1,4,1,-0.0141144,0.861059,1,-39.2312,-39.2312,1304,1304,152.49,152.49,9.19087e+11,0
evt_178,42,1,-1,2,3,0.606448,0.902483,1,-47.3198,-47.3198,1990,1990,187.49,187.49,9.19087e+11,0
evt_178,62,2,-1,4,2,4.56426,1.4561,1,-73.5939,-73.5939,834,834,89.99,89.99,9.19087e+11,0
evt_178,63,2,-1,4,2,3.04597,1.07876,1,-61.9182,-61.9182,640,640,87.49,87.49,9.19087e+11,0
evt_178,64,2,-1,1,3,-0.809832,0.870627,1,-317.815,-317.815,15410,15410,322.49,322.49,9.19087e+11,0
evt_178,65,2,-1,1,3,0.49861,0.73845,2,-170.692,-30.4632,7569,888,259.99,124.99,9.19087e+11,0
evt_178,70,2,-1,4,3,12.3511,1.58482,1,-19.0243,-19.0243,222,222,74.99,74.99,9.19087e+11,0
evt_178,83,3,-1,2,2,2.47632,0.752945,1,-26.6876,-26.6876,893,893,129.99,129.99,9.19087e+11,0
evt_179,14,0,-1,4,2,-1.04555,0.976852,1,-84.2279,-84.2279,4491,4491,287.49,287.49,9.19092e+11,0
evt_179,15,0,-1,4,2,-0.280635,0.901619,2,-319.756,-18.4402,15064,498,312.49,99.99,9.19092e+11,0
evt_179,30,1,-1,4,1,0.791714,1.04956,1,-364.467,-364.467,16877,16877,297.49,297.49,9.19092e+11,0
evt_179,31,1,-1,4,1,0.626661,0.915671,2,-157.685,-30.6521,6413,767,247.49,117.49,9.19092e+11,0
evt_179,60,2,-1,3,2,-0.794574,0.839872,1,-23.5703,-23.5703,745,745,119.99,119.99,9.19092e+11,0
evt_179,90,3,-1,2,3,2.02014,0.954098,2,-174.687,-47.3114,8890,1682,289.99,169.99,1.49602e+14,1.38595e+19
evt_179,91,3,-1,2,3,2.20472,1.36812,1,-533.376,-533.376,26453,26453,349.99,349.99,0,1.38855e+19
evt_180,4,0,-1,3,1,0.855869,0.819734,1,-135.344,-135.344,6307,6307,279.99,279.99,9.19111e+11,0
evt_180,5,0,-1,3,1,0.403539,0.911855,1,-125.856,-125.856,7095,7095,282.49,282.49,9.19111e+11,0
evt_180,26,1,-1,2,1,0.0647623,0.89948,2,-402.749,-44.4089,20332,1617,347.49,169.99,9.19111e+11,0
evt_180,27,1,-1,2,1,0.204983,0.933884,1,-182.923,-182.923,11512,11512,322.49,322.49,9.19111e+11,0
evt_180,55,2,-1,4,1,26.2562,0.907326,1,-112.309,-112.309,3544,3544,182.49,182.49,9.19111e+11,0
evt_180,63,2,-1,4,2,-2.32825,0.958251,1,-43.539,-43.539,1920,1920,197.49,197.49,9.19111e+11,0
evt_180,71,2,-1,4,3,-2.91164,0.916999,1,-44.5299,-44.5299,1690,1690,174.99,174.99,9.19111e+11,0
evt_180,82,3,-1,2,2,-2.6874,1.34275,1,-231.915,-231.915,12611,12611,314.99,314.99,9.19111e+11,0
evt_180,83,3,-1,2,2,0.357249,1.15217,1,-235.992,-235.992,10586,10586,284.99,284.99,9.19111e+11,0
evt_180,92,3,-1,3,3,103.653,3.99208,1,-144.226,-144.226,3525,3525,164.99,164.99,0,4.63538e+18
evt_181,4,0,-1,3,1,-0.52786,0.681035,1,-1250.11,-1250.11,88489,88489,634.99,634.99,9.19175e+11,0
evt_181,5,0,-1,3,1,0.497577,0.608231,1,-1250.23,-1250.23,132862,132862,884.99,884.99,9.19175e+11,0
evt_181,36,1,-1,3,2,2.13035,0.860444,1,-136.486,-136.486,5641,5641,244.99,244.99,9.19175e+11,0
evt_181,37,1,-1,3,2,4.74202,0.810858,2,-211.058,-23.0273,9111,596,259.99,107.49,9.19175e+11,0
evt_181,56,2,-1,1,2,7.122,0.635738,1,-631.858,-631.858,38287,38287,372.49,372.49,9.19175e+11,0
evt_181,57,2,-1,1,2,-2.03123,0.720631,1,-661.629,-661.629,28511,28511,309.99,309.99,9.19175e+11,0
evt_181,62,2,-1,4,2,0.00343136,0.776799,1,-72.4908,-72.4908,590,590,74.99,74.99,9.19175e+11,0
evt_181,63,2,-1,4,2,-1.90953,0.838714,1,-66.364,-66.364,491,491,72.49,72.49,9.19175e+11,0
evt_181,92,3,-1,3,3,-3.98449,1.5154,1,-606.719,-606.719,29812,29812,349.99,349.99,0,4.65944e+18
evt_181,93,3,-1,3,3,-1.36128,0.6436,1,-74.8406,-74.8406,3457,3457,247.49,247.49,0,4.67042e+18
evt_182,4,0,-1,3,1,28.3304,0.620403,2,-361.493,-22.9119,17302,417,284.99,97.49,9.19186e+11,0
evt_182,5,0,-1,3,1,25.4545,4.50609,2,-28.3689,-21.1612,594,349,109.99,87.49,9.19186e+11,0
evt_182,28,1,-1,3,1,0.193039,0.922234,1,-950.522,-950.522,45851,45851,557.49,557.49,9.19186e+11,0
evt_182,29,1,-1,3,1,2.0814,1.19037,1,-697.35,-697.35,35578,35578,439.99,439.99,9.19186e+11,0
evt_182,52,2,-1,3,1,3.2654,1.07236,2,-1250.23,-77.7423,116404,1705,409.99,137.49,9.19186e+11,0
evt_182,53,2,-1,3,1,-0.955823,0.685532,3,-1250.45,-33.4737,115403,532,394.99,127.49,9.19186e+11,0
evt_182,54,2,-1,4,1,-1.27401,0.792667,1,-40.2171,-40.2171,273,273,67.49,67.49,9.19186e+11,0
evt_182,55,2,-1,4,1,0.655047,0.693898,1,-20.3909,-20.3909,159,159,59.99,59.99,9.19186e+11,0
evt_182,56,2,-1,1,2,-13.7715,0.803469,4,-23.9119,-18.4165,4694,2248,719.99,377.49,9.19186e+11,0
evt_182,57,2,-1,1,2,0.94839,0.63591,1,-61.7926,-61.7926,315,315,64.99,64.99,9.19186e+11,0
evt_182,72,3,-1,1,1,-4.89154,0.813535,1,-17.1572,-17.1572,236,236,37.49,37.49,9.19186e+11,0
evt_183,20,0,-1,3,3,1.12183,0.802971,1,-518.957,-518.957,23670,23670,312.49,312.49,9.19199e+11,0
evt_183,21,0,-1,3,3,0.980406,1.01894,1,-256.466,-256.466,13799,13799,319.99,319.99,9.19199e+11,0
evt_183,40,1,-1,1,3,-2.26543,0.695636,1,-166.644,-166.644,7183,7183,274.99,274.99,9.19199e+11,0
evt_183,41,1,-1,1,3,-4.70419,0.892039,1,-359.023,-359.023,18495,18495,347.49,347.49,9.19199e+11,0
evt_183,66,2,-1,2,3,3.19163,0.705745,1,-72.0985,-72.0985,2888,2888,209.99,209.99,9.19199e+11,0
evt_183,67,2,-1,2,3,0.758529,0.870529,1,-161.879,-161.879,7644,7644,277.49,277.49,9.19199e+11,0
evt_183,78,3,-1,4,1,-7.7023,1.53741,2,-16.7364,-16.0171,694,407,127.49,82.49,9.19199e+11,0
evt_183,88,3,-1,1,3,-3.1804,0.693315,1,-191.742,-191.742,8685,8685,402.49,402.49,1.49602e+14,1.10382e+12
evt_183,89,3,-1,1,3,-0.822637,0.621645,1,-162.302,-162.302,7606,7606,267.49,267.49,1.49602e+14,4.58772e+18
evt_184,10,0,-1,2,2,-0.12531,1.06892,1,-305.26,-305.26,16107,16107,327.49,327.49,9.19235e+11,0
evt_184,11,0,-1,2,2,1.33956,0.853525,3,-786.285,-17.1288,43450,317,417.49,74.99,9.19235e+11,0
evt_184,14,0,-1,4,2,-0.331866,1.00624,2,-91.3844,-28.2509,4114,597,244.99,62.49,9.19235e+11,0
evt_184,15,0,-1,4,2,0.357669,0.844218,1,-72.7868,-72.7868,3247,3247,224.99,224.99,9.19235e+11,0
evt_184,36,1,-1,3,2,1.59466,0.665991,1,-205.037,-205.037,8765,8765,259.99,259.99,9.19235e+11,0
evt_184,37,1,-1,3,2,-0.848277,0.869058,1,-289.633,-289.633,17651,17651,387.49,387.49,9.19235e+11,0
evt_184,50,2,-1,2,1,0.427729,0.873977,1,-75.3001,-75.3001,3760,3760,237.49,237.49,9.19235e+11,0
evt_184,51,2,-1,2,1,-2.09355,0.826751,1,-162.072,-162.072,9138,9138,347.49,347.49,9.19235e+11,0
evt_184,53,2,-1,3,1,0.746283,0.954769,1,-48.4949,-48.4949,2033,2033,192.49,192.49,9.19235e+11,0
evt_184,58,2,-1,2,2,0.184667,0.763099,1,-45.0574,-45.0574,272,272,59.99,59.99,9.19235e+11,0
evt_184,60,2,-1,3,2,-15.3984,0.709468,6,-18.598,-15.5258,3606,332,589.99,64.99,9.19235e+11,0
evt_184,72,3,-1,1,1,-2.97499,1.5369,1,-964.072,-964.072,51991,51991,372.49,372.49,9.19235e+11,0
evt_184,73,3,-1,1,1,-1.85651,0.977403,2,-822.773,-40.4905,45323,1224,477.49,142.49,9.19235e+11,0
evt_185,26,1,-1,2,1,0.87056,1.42386,1,-119.275,-119.275,5011,5011,239.99,239.99,9.19331e+11,0
evt_185,27,1,-1,2,1,1.2348,0.897611,1,-37.0947,-37.0947,1359,1359,162.49,162.49,9.19331e+11,0
evt_185,50,2,-1,2,1,-1.02626,1.01058,1,-187.992,-187.992,9606,9606,337.49,337.49,9.19331e+11,0
evt_185,51,2,-1,2,1,-0.555594,0.763894,2,-177.129,-29.1677,8639,1511,284.99,199.99,9.19331e+11,0
evt_185,74,3,-1,2,1,-254.462,49.2038,2,-174.804,-40.8302,3783,2006,247.49,162.49,9.19331e+11,0
evt_185,75,3,-1,2,1,-232.751,49.9942,5,-157.579,-16.9277,3647,219,204.99,74.99,9.19331e+11,0
evt_186,14,0,-1,4,2,0.482137,0.998817,1,-1250.12,-1250.12,114722,114722,434.99,434.99,9.19397e+11,0
evt_186,15,0,-1,4,2,-0.293308,0.870468,2,-824.867,-85.331,92757,2065,437.49,152.49,9.19397e+11,0
evt_186,25,1,-1,1,1,15.4845,0.807377,1,-81.7009,-81.7009,2732,2732,182.49,182.49,9.19397e+11,0
evt_186,28,1,-1,3,1,0.325098,0.714803,1,-303.819,-303.819,14003,14003,327.49,327.49,9.19397e+11,0
evt_186,29,1,-1,3,1,1.49442,0.819911,1,-140.299,-140.299,7779,7779,282.49,282.49,9.19397e+11,0
evt_186,54,2,-1,4,1,1.49407,1.2905,1,-100.645,-100.645,5203,5203,259.99,259.99,9.19397e+11,0
evt_186,55,2,-1,4,1,1.54097,0.849363,1,-91.1181,-91.1181,4202,4202,244.99,244.99,9.19397e+11,0
evt_186,72,3,-1,1,1,-13.0895,0.780525,1,-15.6348,-15.6348,311,311,57.49,57.49,9.19397e+11,0
evt_186,84,3,-1,3,2,-0.440374,0.927102,2,-991.773,-70.5402,59630,2869,464.99,234.99,9.19397e+11,0
evt_186,85,3,-1,3,2,0.530057,0.750911,2,-527.181,-62.3429,23988,2329,304.99,189.99,9.19397e+11,0
evt_188,6,0,-1,4,1,-3.18254,0.902172,5,-1250.04,-25.9255,102923,296,437.49,89.99,9.19456e+11,0
evt_188,7,0,-1,4,1,-0.229075,0.704624,1,-1249.85,-1249.85,87668,87668,439.99,439.99,9.19456e+11,0
evt_188,40,1,-1,1,3,2.15887,0.90158,2,-288.945,-120.781,11488,4643,264.99,222.49,9.19456e+11,0
evt_188,41,1,-1,1,3,0.64327,0.789673,1,-314.183,-314.183,14409,14409,304.99,304.99,9.19456e+11,0
evt_188,58,2,-1,2,2,4.49492,0.733599,1,-71.728,-71.728,518,518,74.99,74.99,9.19456e+11,0
evt_188,59,2,-1,2,2,1.33247,0.806919,1,-47.3566,-47.3566,330,330,69.99,69.99,9.19456e+11,0
evt_188,70,2,-1,4,3,8.8719,1.10289,1,-63.1682,-63.1682,2806,2806,227.49,227.49,9.19456e+11,0
evt_188,71,2,-1,4,3,20.7786,1.29626,1,-139.386,-139.386,5496,5496,227.49,227.49,9.19456e+11,0
evt_188,74,3,-1,2,1,0.962701,1.08016,1,-70.4938,-70.4938,2308,2308,174.99,174.99,9.19456e+11,0
evt_189,16,0,-1,1,3,1.83887,0.800298,1,-1181.95,-1181.95,86257,86257,379.99,379.99,9.19521e+11,0
evt_189,17,0,-1,1,3,-0.717231,0.838224,2,-1250.38,-37.0972,90110,1446,502.49,189.99,9.19521e+11,0
evt_189,40,1,-1,1,3,3.19565,1.20547,2,-1250.23,-15.9366,83553,184,524.99,67.49,9.19521e+11,0
evt_189,41,1,-1,1,3,0.146529,0.861919,3,-996.627,-25.4327,57757,637,437.49,112.49,9.19521e+11,0
evt_189,54,2,-1,4,1,1.95436,0.763294,1,-30.6143,-30.6143,388,388,84.99,84.99,9.19521e+11,0
evt_189,55,2,-1,4,1,-0.841867,0.799124,1,-22.9414,-22.9414,253,253,79.99,79.99,9.19521e+11,0
evt_189,62,2,-1,4,2,0.115307,0.750784,1,-57.9717,-57.9717,737,737,87.49,87.49,9.19521e+11,0
evt_189,63,2,-1,4,2,1.32774,0.872675,1,-54.093,-54.093,510,510,84.99,84.99,9.19521e+11,0
evt_189,68,2,-1,3,3,0.761623,1.44491,1,-266.151,-266.151,11853,11853,307.49,307.49,9.19521e+11,0
evt_189,69,2,-1,3,3,2.20554,1.0849,1,-48.913,-48.913,2619,2619,234.99,234.99,9.19521e+11,0
evt_189,78,3,-1,4,1,-10.7481,1.38396,1,-17.6149,-17.6149,798,798,137.49,137.49,9.19521e+11,0
evt_189,88,3,-1,1,3,-1.26609,1.09524,1,-1138.44,-1138.44,117911,117911,624.99,624.99,1.49602e+14,1.10382e+12
evt_189,89,3,-1,1,3,-0.668237,0.822333,4,-1249.77,-58.2179,127895,233,452.49,102.49,1.49602e+14,4.57243e+18
evt_189,93,3,-1,3,3,-5.39153,1.49494,1,-17.1227,-17.1227,704,704,127.49,127.49,0,4.64773e+18
evt_190,0,0,-1,1,1,-0.0185292,0.828289,1,-45.8255,-45.8255,1758,1758,174.99,174.99,9.19534e+11,0
evt_190,4,0,-1,3,1,3.27359,0.737425,1,-19.4045,-19.4045,509,509,94.99,94.99,9.19534e+11,0
evt_190,5,0,-1,3,1,5.10153,0.828008,2,-26.6111,-22.3021,895,679,132.49,114.99,9.19534e+11,0
evt_190,29,1,-1,3,1,4.27085,0.896615,2,-55.2037,-29.0143,2046,936,177.49,134.99,9.19534e+11,0
evt_190,36,1,-1,3,2,4.76064,1.10793,2,-1080.8,-30.9975,51328,675,349.99,112.49,9.19534e+11,0
evt_190,37,1,-1,3,2,5.51431,1.08571,1,-1250.69,-1250.69,104719,104719,454.99,454.99,9.19534e+11,0
evt_190,50,2,-1,2,1,1.03022,0.774312,1,-30.8541,-30.8541,269,269,72.49,72.49,9.19534e+11,0
evt_190,51,2,-1,2,1,2.93548,0.870099,1,-20.8709,-20.8709,145,145,67.49,67.49,9.19534e+11,0
evt_190,61,2,-1,3,2,-1.50033,0.88309,1,-59.235,-59.235,609,609,69.99,69.99,9.19534e+11,0
evt_190,64,2,-1,1,3,-2.93468,2.50269,1,-56.0774,-56.0774,1933,1933,172.49,172.49,9.19534e+11,0
evt_190,65,2,-1,1,3,-24.6211,5.42357,1,-62.524,-62.524,2018,2018,162.49,162.49,9.19534e+11,0
evt_190,84,3,-1,3,2,0.299442,0.850899,4,-1190.36,-18.6432,57869,519,402.49,97.49,9.19534e+11,0
evt_190,85,3,-1,3,2,1.6134,0.637136,1,-830.671,-830.671,39673,39673,339.99,339.99,9.19534e+11,0
evt_190,86,3,-1,4,2,-0.439538,0.894045,4,-1250.16,-18.4036,74639,238,377.49,64.99,9.19534e+11,0
evt_190,87,3,-1,4,2,4.42224,0.990359,2,-1250.5,-34.5406,87615,1642,404.99,234.99,9.19534e+11,0
evt_191,6,0,-1,4,1,-3.66236,0.8432,1,-1250.16,-1250.16,98368,98368,697.49,697.49,9.19637e+11,0
evt_191,7,0,-1,4,1,2.26416,1.19143,1,-830.229,-830.229,38373,38373,344.99,344.99,9.19637e+11,0
evt_191,30,1,-1,4,1,0.9376,0.96397,2,-1250.19,-49.9439,71496,1152,444.99,107.49,9.19637e+11,0
evt_191,31,1,-1,4,1,1.11784,0.838061,1,-684.647,-684.647,38519,38519,347.49,347.49,9.19637e+11,0
evt_191,54,2,-1,4,1,-1.01709,0.966915,1,-1250.22,-1250.22,84937,84937,517.49,517.49,9.19637e+11,0
evt_191,55,2,-1,4,1,2.08419,1.05983,1,-1250.5,-1250.5,112982,112982,514.99,514.99,9.19637e+11,0
evt_191,60,2,-1,3,2,0.361272,0.632766,1,-63.7768,-63.7768,597,597,77.49,77.49,9.19637e+11,0
evt_191,61,2,-1,3,2,1.26056,0.698263,1,-85.0003,-85.0003,681,681,74.99,74.99,9.19637e+11,0
evt_192,2,0,-1,2,1,0.00628884,0.973205,1,-51.5826,-51.5826,1914,1914,179.99,179.99,9.1964e+11,0
evt_192,24,1,-1,1,1,-0.902232,1.01298,1,-186.358,-186.358,8244,8244,279.99,279.99,9.1964e+11,0
evt_192,25,1,-1,1,1,-1.02956,0.880671,1,-195.471,-195.471,8541,8541,269.99,269.99,9.1964e+11,0
evt_192,60,2,-1,3,2,2.9992,0.702464,2,-875.902,-117.149,42694,3993,387.49,207.49,9.1964e+11,0
evt_192,61,2,-1,3,2,-1.35043,0.850692,1,-1062.31,-1062.31,52235,52235,514.99,514.99,9.1964e+11,0
evt_192,66,2,-1,2,3,2.96475,0.746623,1,-849.919,-849.919,43149,43149,389.99,389.99,9.1964e+11,0
evt_192,67,2,-1,2,3,0.681146,0.73122,1,-1249.93,-1249.93,63217,63217,374.99,374.99,9.1964e+11,0
evt_192,88,3,-1,1,3,-0.14883,0.910954,1,-275.868,-275.868,11999,11999,289.99,289.99,1.49602e+14,1.10382e+12
evt_192,89,3,-1,1,3,-0.625399,0.725985,1,-838.943,-838.943,36868,36868,324.99,324.99,1.49602e+14,4.46135e+18
evt_192,90,3,-1,2,3,2.79792,0.922206,1,-290.854,-290.854,14231,14231,337.49,337.49,1.49602e+14,4.61274e+18
evt_192,91,3,-1,2,3,-2.96696,1.13884,1,-492.079,-492.079,21462,21462,319.99,319.99,0,1.3684e+19
evt_193,37,1,-1,3,2,-0.146394,0.904861,1,-45.0673,-45.0673,1713,1713,169.99,169.99,9.19744e+11,0
evt_193,44,1,-1,3,3,15.2014,0.720164,2,-317.577,-29.5083,10507,745,232.49,114.99,9.19744e+11,0
evt_193,46,1,-1,4,3,-4.20182,1.02503,2,-1250.34,-156.684,109881,1501,409.99,52.49,9.19744e+11,0
evt_193,47,1,-1,4,3,1.13686,1.05982,2,-1250.65,-17.1525,109637,176,402.49,72.49,9.19744e+11,0
evt_193,57,2,-1,1,2,-3.01331,1.05874,1,-50.8461,-50.8461,445,445,74.99,74.99,9.19744e+11,0
evt_193,62,2,-1,4,2,1.96008,0.810799,1,-18.2212,-18.2212,4,4,54.99,54.99,9.19744e+11,0
evt_193,70,2,-1,4,3,1.17858,0.917922,1,-88.6811,-88.6811,3192,3192,207.49,207.49,9.19744e+11,0
evt_193,71,2,-1,4,3,-4.49579,1.08931,1,-355.326,-355.326,15801,15801,309.99,309.99,9.19744e+11,0
evt_193,95,3,-1,4,3,0.0605415,0.922104,1,-46.9302,-46.9302,1990,1990,192.49,192.49,4.38087e+11,1.38084e+19
evt_194,4,0,-1,3,1,7.69291,0.686182,1,-155.855,-155.855,6337,6337,234.99,234.99,9.19751e+11,0
evt_194,5,0,-1,3,1,16.1542,0.560059,1,-23.0277,-23.0277,586,586,84.99,84.99,9.19751e+11,0
evt_194,41,1,-1,1,3,3.53226,0.738893,2,-47.81,-33.9308,1799,1202,174.99,147.49,9.19751e+11,0
evt_194,43,1,-1,2,3,15.8996,0.749932,1,-38.1206,-38.1206,907,907,117.49,117.49,9.19751e+11,0
evt_194,48,2,-1,1,1,27.5118,7.47506,3,-55.3194,-18.6527,1441,297,147.49,82.49,9.19751e+11,0
evt_194,49,2,-1,1,1,12.0234,0.557522,1,-17.0065,-17.0065,352,352,74.99,74.99,9.19751e+11,0
evt_194,60,2,-1,3,2,5.20725,0.478747,1,-129.29,-129.29,5885,5885,244.99,244.99,9.19751e+11,0
evt_194,61,2,-1,3,2,-0.629004,0.755766,1,-251.967,-251.967,9633,9633,267.49,267.49,9.19751e+11,0
evt_194,72,3,-1,1,1,-24.6583,1.19127,2,-34.5793,-30.7294,18066,6169,1794.99,692.49,9.19751e+11,0
evt_194,74,3,-1,2,1,-0.56992,0.932714,2,-632.157,-40.1442,32688,2068,487.49,202.49,9.19751e+11,0
evt_194,75,3,-1,2,1,-2.15521,0.91142,1,-393.684,-393.684,24153,24153,372.49,372.49,9.19751e+11,0
evt_194,80,3,-1,1,2,-12.9109,2.1655,3,-19.6645,-16.7707,1010,497,182.49,92.49,9.19751e+11,0
evt_195,7,0,-1,4,1,8.40934,1.75824,2,-324.33,-43.1218,13367,1123,264.99,139.99,9.19783e+11,0
evt_195,45,1,-1,3,3,0.288534,0.837473,1,-31.4917,-31.4917,1013,1013,142.49,142.49,9.19783e+11,0
evt_195,46,1,-1,4,3,-1.24334,0.827211,2,-50.0548,-37.3634,1750,1390,169.99,159.99,9.19783e+11,0
evt_195,47,1,-1,4,3,4.26398,0.732759,1,-102.252,-102.252,4525,4525,229.99,229.99,9.19783e+11,0
evt_195,54,2,-1,4,1,-0.0461027,0.95333,1,-46.1704,-46.1704,521,521,82.49,82.49,9.19783e+11,0
evt_195,55,2,-1,4,1,1.9027,0.883858,1,-16.7816,-16.7816,62,62,57.49,57.49,9.19783e+11,0
evt_195,58,2,-1,2,2,1.11686,0.587194,2,-313.919,-26.4186,19596,845,342.49,129.99,9.19783e+11,0
evt_195,59,2,-1,2,2,-1.7218,0.654918,1,-536.609,-536.609,28169,28169,354.99,354.99,9.19783e+11,0
evt_195,82,3,-1,2,2,2.84237,1.91694,2,-1250.46,-16.2833,76891,361,404.99,77.49,9.19783e+11,0
evt_195,83,3,-1,2,2,0.884153,0.980946,1,-1045.73,-1045.73,55154,55154,367.49,367.49,9.19783e+11,0
evt_196,56,2,-1,1,2,-16.0027,0.895808,5,-78.4744,-15.8266,8456,399,1292.49,72.49,9.1983e+11,0
evt_196,66,2,-1,2,3,38.1113,1.57966,1,-31.4912,-31.4912,790,790,144.99,144.99,9.1983e+11,0
evt_196,67,2,-1,2,3,-437.04,78.9688,2,-306.203,-18.6452,7057,211,187.49,82.49,9.1983e+11,0
evt_196,76,3,-1,3,1,-3.20029,0.819816,1,-16.5833,-16.5833,446,446,82.49,82.49,9.1983e+11,0
evt_196,78,3,-1,4,1,1.62715,1.4979,1,-17.1581,-17.1581,382,382,79.99,79.99,9.1983e+11,0
evt_196,81,3,-1,1,2,12.4822,0.741766,1,-29.1036,-29.1036,885,885,129.99,129.99,9.1983e+11,0
evt_196,93,3,-1,3,3,-4.01965,1.50209,1,-17.1615,-17.1615,455,455,79.99,79.99,0,1.38029e+19
evt_197,4,0,-1,3,1,1.70557,0.636964,1,-461.427,-461.427,25631,25631,349.99,349.99,9.19831e+11,0
evt_197,5,0,-1,3,1,0.0536087,0.918986,1,-597.419,-597.419,30455,30455,374.99,374.99,9.19831e+11,0
evt_197,14,0,-1,4,2,2.52036,1.11467,2,-737.494,-100.581,35318,3744,352.49,177.49,9.19831e+11,0
evt_197,15,0,-1,4,2,0.629402,0.828708,2,-843.932,-39.7244,48775,1388,497.49,154.99,9.19831e+11,0
evt_197,36,1,-1,3,2,-0.153632,0.959881,2,-638.707,-45.8321,33979,1311,359.99,142.49,9.19831e+11,0
evt_197,37,1,-1,3,2,-4.3279,0.934329,1,-921.56,-921.56,50306,50306,414.99,414.99,9.19831e+11,0
evt_197,62,2,-1,4,2,-1.70167,1.19729,1,-361.509,-361.509,17217,17217,322.49,322.49,9.19831e+11,0
evt_197,63,2,-1,4,2,-2.68165,1.15161,1,-372.48,-372.48,17566,17566,327.49,327.49,9.19831e+11,0
evt_197,78,3,-1,4,1,-8.32144,0.704184,3,-20.8901,-17.1529,2377,407,352.49,67.49,9.19831e+11,0
evt_197,80,3,-1,1,2,-2.52961,2.22365,1,-16.504,-16.504,400,400,79.99,79.99,9.19831e+11,0
evt_198,6,0,-1,4,1,-1.96298,0.981526,2,-1250,-345.955,82808,10825,444.99,109.99,9.19893e+11,0
evt_198,7,0,-1,4,1,-2.19659,1.04145,3,-1115.91,-23.1039,50705,513,364.99,97.49,9.19893e+11,0
evt_198,30,1,-1,4,1,0.241683,1.1167,2,-218.071,-23.6373,9079,647,259.99,109.99,9.19893e+11,0
evt_198,31,1,-1,4,1,0.1539,0.878233,1,-129.052,-129.052,4710,4710,224.99,224.99,9.19893e+11,0
evt_198,50,2,-1,2,1,-1.72841,1.03626,1,-20.7989,-20.7989,151,151,57.49,57.49,9.19893e+11,0
evt_198,52,2,-1,3,1,-0.391532,0.870112,1,-297.183,-297.183,12564,12564,289.99,289.99,9.19893e+11,0
evt_198,54,2,-1,4,1,0.0710929,1.40526,2,-253.781,-28.1164,13018,196,317.49,59.99,9.19893e+11,0
evt_198,55,2,-1,4,1,3.5741,1.02816,1,-649.529,-649.529,31318,31318,337.49,337.49,9.19893e+11,0
evt_198,76,3,-1,3,1,-8.99708,1.04331,3,-20.3219,-15.9674,1381,346,229.99,64.99,9.19893e+11,0
evt_198,78,3,-1,4,1,-2.97358,1.30359,1,-495.664,-495.664,26485,26485,347.49,347.49,9.19893e+11,0
evt_198,79,3,-1,4,1,-0.216167,0.762285,3,-450.41,-38.163,22520,1354,332.49,154.99,9.19893e+11,0
evt_199,12,0,-1,3,2,-16.8767,1.05904,7,-19.6726,-15.9351,1723,449,289.99,82.49,9.19934e+11,0
evt_199,13,0,-1,3,2,-18.5731,0.819297,1,-22.1123,-22.1123,19349,19349,2507.49,2507.49,9.19934e+11,0
evt_199,34,1,-1,2,2,-8.67927,0.852978,3,-17.8413,-15.7104,2182,424,359.99,77.49,9.19934e+11,0
evt_199,35,1,-1,2,2,-14.789,1.14919,3,-22.3762,-15.2919,9174,126,1379.99,22.49,9.19934e+11,0
evt_199,36,1,-1,3,2,-15.1945,0.749346,3,-18.148,-17.0448,10732,1150,1742.49,199.99,9.19934e+11,0
evt_199,37,1,-1,3,2,-24.059,1.37408,1,-30.003,-30.003,24447,24447,2507.49,2507.49,9.19934e+11,0
evt_199,50,2,-1,2,1,0.661296,1.00849,1,-44.5338,-44.5338,346,346,72.49,72.49,9.19934e+11,0
evt_199,51,2,-1,2,1,2.55363,0.738422,1,-37.5409,-37.5409,251,251,69.99,69.99,9.19934e+11,0
evt_199,58,2,-1,2,2,-24.1274,0.822854,1,-28.404,-28.404,24566,24566,2507.49,2507.49,9.19934e+11,0
evt_199,59,2,-1,2,2,-26.4551,0.667728,1,-30.4949,-30.4949,26699,26699,2507.49,2507.49,9.19934e+11,0
evt_199,89,3,-1,1,3,-18.9592,0.581851,1,-22.5005,-22.5005,18895,18895,2507.49,2507.49,1.49602e+14,4.4754e+18
evt_200,4,0,-1,3,1,-0.030487,0.892666,1,-26.305,-26.305,949,949,139.99,139.99,9.20068e+11,0
evt_200,17,0,-1,1,3,5.08379,0.707025,2,-92.9871,-71.1414,3268,2785,192.49,192.49,9.20068e+11,0
evt_200,38,1,-1,4,2,4.76116,1.0275,1,-42.5829,-42.5829,1192,1192,134.99,134.99,9.20068e+11,0
evt_200,56,2,-1,1,2,4.81481,1.13008,1,-323.911,-323.911,17067,17067,307.49,307.49,9.20068e+11,0
evt_200,57,2,-1,1,2,3.10803,0.664221,1,-201.45,-201.45,8923,8923,274.99,274.99,9.20068e+11,0
evt_200,74,3,-1,2,1,-87.9691,59.9596,2,-194.738,-39.1162,6690,2527,284.99,204.99,9.20068e+11,0
evt_200,75,3,-1,2,1,-102.247,62.8574,2,-215.139,-32.1744,8819,1223,262.49,154.99,9.20068e+11,0
evt_200,82,3,-1,2,2,-9.44369,17.0928,1,-459.535,-459.535,20602,20602,324.99,324.99,9.20068e+11,0
evt_200,83,3,-1,2,2,-8.07531,18.0639,1,-518.043,-518.043,22538,22538,302.49,302.49,9.20068e+11,0
evt_200,92,3,-1,3,3,-3.33856,0.99463,2,-1250.19,-28.1726,101045,887,439.99,124.99,0,1.37929e+19
evt_200,93,3,-1,3,3,4.09617,1.51683,2,-157.951,-22.6877,7838,526,289.99,94.99,0,4.5892e+18
evt_201,41,1,-1,1,3,2.59039,0.756128,1,-24.0584,-24.0584,772,772,124.99,124.99,9.20107e+11,0
evt_201,64,2,-1,1,3,-0.641247,1.13914,1,-158.869,-158.869,7700,7700,302.49,302.49,9.20107e+11,0
evt_201,65,2,-1,1,3,0.55199,0.797219,2,-419.296,-41.7845,17330,1387,307.49,149.99,9.20107e+11,0
evt_201,70,2,-1,4,3,0.0750013,1.14832,2,-820.996,-27.8327,35005,662,369.99,109.99,9.20107e+11,0
evt_201,71,2,-1,4,3,3.31206,1.03564,1,-639.165,-639.165,29419,29419,329.99,329.99,9.20107e+11,0
evt_201,88,3,-1,1,3,0.920258,1.04347,1,-107.512,-107.512,4236,4236,217.49,217.49,1.49602e+14,1.10382e+12
evt_201,89,3,-1,1,3,-0.581559,0.895979,2,-153.186,-16.6223,6394,290,249.99,59.99,1.49602e+14,4.61271e+18
evt_202,10,0,-1,2,2,2.49322,0.957559,1,-45.8662,-45.8662,1774,1774,174.99,174.99,9.20117e+11,0
evt_202,34,1,-1,2,2,-9.69941,4.77367,5,-157.879,-16.2418,5643,305,212.49,74.99,9.20117e+11,0
evt_202,56,2,-1,1,2,-12.6916,0.907405,6,-25.8842,-16.0885,5796,479,829.99,84.99,9.20117e+11,0
evt_202,93,3,-1,3,3,-4.73029,0.795878,3,-35.113,-20.2454,2860,2197,442.49,302.49,0,1.37707e+19
evt_203,0,0,-1,1,1,1.55723,1.07862,1,-28.5174,-28.5174,1558,1558,212.49,212.49,9.20215e+11,0
evt_203,1,0,-1,1,1,-0.631073,0.836479,2,-218.457,-15.7836,7755,187,237.49,54.99,9.20215e+11,0
evt_203,2,0,-1,2,1,-0.944336,1.11479,1,-70.4872,-70.4872,2726,2726,194.99,194.99,9.20215e+11,0
evt_203,3,0,-1,2,1,-0.929743,1.48529,2,-96.1154,-23.1422,7462,763,389.99,122.49,9.20215e+11,0
evt_203,24,1,-1,1,1,4.09555,0.969065,3,-124.367,-24.0558,6401,697,269.99,112.49,9.20215e+11,0
evt_203,25,1,-1,1,1,-0.387065,0.701394,2,-160.469,-38.6624,9224,1304,317.49,154.99,9.20215e+11,0
evt_203,48,2,-1,1,1,-1.265,1.09389,1,-129.735,-129.735,5199,5199,224.99,224.99,9.20215e+11,0
evt_203,49,2,-1,1,1,0.35315,0.791218,1,-59.5112,-59.5112,3508,3508,267.49,267.49,9.20215e+11,0
evt_203,58,2,-1,2,2,0.469077,0.732139,1,-35.5878,-35.5878,228,228,64.99,64.99,9.20215e+11,0
evt_203,59,2,-1,2,2,-0.610489,0.726653,1,-39.8565,-39.8565,186,186,62.49,62.49,9.20215e+11,0
evt_203,72,3,-1,1,1,-27.0679,1.17452,4,-27.612,-24.8996,5728,3141,784.99,409.99,9.20215e+11,0
evt_203,79,3,-1,4,1,43.0051,0.648246,1,-18.5279,-18.5279,251,251,77.49,77.49,9.20215e+11,0
evt_204,73,3,-1,1,1,1.56838,0.953091,1,-53.603,-53.603,2334,2334,197.49,197.49,9.2023e+11,0
evt_204,87,3,-1,4,2,-6.95966,0.903774,1,-77.1268,-77.1268,3651,3651,237.49,237.49,9.2023e+11,0
evt_205,20,0,-1,3,3,0.373648,0.804838,1,-31.1867,-31.1867,1088,1088,142.49,142.49,9.20315e+11,0
evt_205,44,1,-1,3,3,0.286667,0.736262,1,-139.499,-139.499,7030,7030,274.99,274.99,9.20315e+11,0
evt_205,45,1,-1,3,3,1.42988,1.02209,1,-205.836,-205.836,11559,11559,337.49,337.49,9.20315e+11,0
evt_205,86,3,-1,4,2,0.522126,0.887592,1,-247.2,-247.2,11979,11979,309.99,309.99,9.20315e+11,0
evt_205,87,3,-1,4,2,-3.39647,0.89469,1,-397.795,-397.795,25374,25374,492.49,492.49,9.20315e+11,0
evt_205,92,3,-1,3,3,-9.86564,0.768272,1,-15.8967,-15.8967,509,509,97.49,97.49,0,4.55566e+18
evt_205,93,3,-1,3,3,-2.97038,1.0903,1,-19.025,-19.025,1310,1310,204.99,204.99,0,1.37847e+19
evt_206,21,0,-1,3,3,0.600211,0.709363,1,-48.7204,-48.7204,1895,1895,177.49,177.49,9.20343e+11,0
evt_206,36,1,-1,3,2,0.693873,0.894471,1,-93.3993,-93.3993,4176,4176,239.99,239.99,9.20343e+11,0
evt_206,37,1,-1,3,2,-3.44384,0.722728,1,-45.2173,-45.2173,1995,1995,209.99,209.99,9.20343e+11,0
evt_206,56,2,-1,1,2,3.64454,0.722159,2,-142.473,-39.5273,6495,1627,257.49,177.49,9.20343e+11,0
evt_206,57,2,-1,1,2,2.45965,0.611864,1,-36.9397,-36.9397,1365,1365,162.49,162.49,9.20343e+11,0
evt_206,60,2,-1,3,2,-13.2159,0.621302,2,-16.5783,-16.47,2221,850,382.49,152.49,9.20343e+11,0
evt_206,76,3,-1,3,1,-9.88289,1.66964,1,-16.471,-16.471,468,468,89.99,89.99,9.20343e+11,0
evt_206,78,3,-1,4,1,-3.53304,1.21601,2,-1250,-101.297,77837,3604,407.49,124.99,9.20343e+11,0
evt_206,79,3,-1,4,1,-0.0304031,0.872791,4,-898.458,-31.2991,46653,914,537.49,132.49,9.20343e+11,0
evt_207,14,0,-1,4,2,-0.56671,0.908976,2,-1250.09,-68.3137,109275,1610,492.49,132.49,9.20362e+11,0
evt_207,15,0,-1,4,2,-2.44695,0.832678,2,-818.961,-458.267,105069,17666,754.99,264.99,9.20362e+11,0
evt_207,36,1,-1,3,2,-1.54977,0.846892,2,-422.46,-30.4211,21028,927,319.99,127.49,9.20362e+11,0
evt_207,37,1,-1,3,2,1.75569,0.992057,1,-436.536,-436.536,22962,22962,327.49,327.49,9.20362e+11,0
evt_207,56,2,-1,1,2,-10.4347,0.944359,1,-17.693,-17.693,472,472,84.99,84.99,9.20362e+11,0
evt_207,58,2,-1,2,2,1.08046,0.810706,1,-68.0181,-68.0181,3323,3323,229.99,229.99,9.20362e+11,0
evt_207,59,2,-1,2,2,-0.0111927,0.81394,1,-341.2,-341.2,15819,15819,309.99,309.99,9.20362e+11,0
evt_207,60,2,-1,3,2,-11.6293,0.735547,2,-15.7769,-15.2964,730,297,132.49,54.99,9.20362e+11,0
evt_207,80,3,-1,1,2,7.01656,0.858034,1,-446.023,-446.023,26393,26393,359.99,359.99,9.20362e+11,0
evt_207,81,3,-1,1,2,2.49245,1.99889,1,-711.506,-711.506,38825,38825,372.49,372.49,9.20362e+11,0
evt_208,20,0,-1,3,3,0.230333,0.763872,1,-261.691,-261.691,15496,15496,394.99,394.99,9.20382e+11,0
evt_208,21,0,-1,3,3,0.299193,0.754604,1,-310.909,-310.909,15759,15759,322.49,322.49,9.20382e+11,0
evt_208,34,1,-1,2,2,-0.335565,0.668704,1,-178.845,-178.845,8893,8893,282.49,282.49,9.20382e+11,0
evt_208,35,1,-1,2,2,-0.771267,0.834257,2,-50.249,-37.5531,1958,1477,179.99,169.99,9.20382e+11,0
evt_208,52,2,-1,3,1,-0.167095,0.509577,1,-31.2305,-31.2305,346,346,79.99,79.99,9.20382e+11,0
evt_208,53,2,-1,3,1,2.43754,0.616293,1,-56.244,-56.244,553,553,82.49,82.49,9.20382e+11,0
evt_208,60,2,-1,3,2,4.87398,0.596038,1,-19.4917,-19.4917,443,443,89.99,89.99,9.20382e+11,0
evt_208,61,2,-1,3,2,11.495,1.26665,2,-290.133,-91.9191,10734,2981,249.99,184.99,9.20382e+11,0
evt_208,72,3,-1,1,1,-13.3906,1.60154,4,-27.4129,-18.7924,11079,808,1362.49,122.49,9.20382e+11,0
evt_208,76,3,-1,3,1,55.3193,1.2811,3,-456.127,-50.5934,23261,1357,299.99,142.49,9.20382e+11,0
evt_208,78,3,-1,4,1,-17.6145,1.72238,8,-23.528,-15.9374,2191,167,342.49,27.49,9.20382e+11,0
evt_209,24,1,-1,1,1,0.823569,0.996384,2,-707.974,-25.6217,36091,700,434.99,112.49,9.20383e+11,0
evt_209,25,1,-1,1,1,0.472288,0.640561,1,-1188.25,-1188.25,63292,63292,399.99,399.99,9.20383e+11,0
evt_209,49,2,-1,1,1,-0.727816,0.720408,1,-44.644,-44.644,1822,1822,182.49,182.49,9.20383e+11,0
evt_209,72,3,-1,1,1,6.07518,0.902463,2,-324.981,-19.2172,18455,656,329.99,119.99,9.20383e+11,0
evt_209,73,3,-1,1,1,-4.09927,0.722837,2,-989.792,-21.655,51634,549,379.99,102.49,9.20383e+11,0
evt_209,93,3,-1,3,3,-9.31985,0.972089,1,-18.7966,-18.7966,1452,1452,234.99,234.99,0,1.38289e+19
evt_210,10,0,-1,2,2,0.986215,1.33268,2,-198.517,-42.4382,10411,1602,319.99,164.99,9.20397e+11,0
evt_210,11,0,-1,2,2,-2.58643,0.906867,1,-430.164,-430.164,21514,21514,327.49,327.49,9.20397e+11,0
evt_210,19,0,-1,2,3,0.212299,0.740752,1,-81.9697,-81.9697,3252,3252,207.49,207.49,9.20397e+11,0
evt_210,36,1,-1,3,2,-7.27194,0.915745,2,-304.845,-46.5135,18523,1674,377.49,172.49,9.20397e+11,0
evt_210,37,1,-1,3,2,2.99798,0.824801,1,-621.744,-621.744,31511,31511,342.49,342.49,9.20397e+11,0
evt_210,50,2,-1,2,1,-1.47468,1.01796,1,-35.9873,-35.9873,1416,1416,169.99,169.99,9.20397e+11,0
evt_210,54,2,-1,4,1,-2.1247,0.912498,1,-59.0185,-59.0185,764,764,84.99,84.99,9.20397e+11,0
evt_210,55,2,-1,4,1,-4.78161,0.776857,1,-20.4373,-20.4373,323,323,64.99,64.99,9.20397e+11,0
evt_210,63,2,-1,4,2,-3.36958,0.881606,1,-17.8058,-17.8058,262,262,69.99,69.99,9.20397e+11,0
evt_210,69,2,-1,3,3,-9.51324,0.923055,1,-15.3256,-15.3256,289,289,54.99,54.99,9.20397e+11,0
evt_210,76,3,-1,3,1,-9.54722,0.826159,2,-19.2537,-16.8819,606,449,107.49,82.49,9.20397e+11,0
evt_210,78,3,-1,4,1,-3.57753,2.17845,1,-166.225,-166.225,4086,4086,87.49,87.49,9.20397e+11,0
evt_210,79,3,-1,4,1,-0.281569,0.809941,1,-152.944,-152.944,3160,3160,82.49,82.49,9.20397e+11,0
evt_210,88,3,-1,1,3,3.42385,0.935713,3,-511.171,-17.6506,21178,383,299.99,77.49,1.49602e+14,1.10382e+12
evt_210,89,3,-1,1,3,0.0700209,0.905307,1,-732.035,-732.035,33868,33868,364.99,364.99,1.49602e+14,4.62237e+18
evt_211,11,0,-1,2,2,0.740377,0.925684,1,-28.2534,-28.2534,1001,1001,139.99,139.99,9.2051e+11,0
evt_211,37,1,-1,3,2,0.688,0.721292,1,-43.9966,-43.9966,1545,1545,162.49,162.49,9.2051e+11,0
evt_211,60,2,-1,3,2,2.69724,0.68075,3,-101.327,-21.0121,5496,546,372.49,99.99,9.2051e+11,0
evt_211,61,2,-1,3,2,-2.52635,1.10554,1,-34.989,-34.989,1399,1399,164.99,164.99,9.2051e+11,0
evt_211,68,2,-1,3,3,0.41568,0.809002,2,-498.692,-127.719,27554,7408,384.99,314.99,9.2051e+11,0
evt_211,69,2,-1,3,3,4.65189,0.773816,1,-275.299,-275.299,13763,13763,309.99,309.99,9.2051e+11,0
evt_211,72,3,-1,1,1,4.41834,0.736504,1,-1250.08,-1250.08,58687,58687,147.49,147.49,9.2051e+11,0
evt_211,73,3,-1,1,1,-0.269096,0.989706,1,-1249.78,-1249.78,59799,59799,147.49,147.49,9.2051e+11,0
evt_211,76,3,-1,3,1,1.69564,0.938667,3,-1250.27,-80.7489,136367,2032,854.99,154.99,9.2051e+11,0
evt_211,77,3,-1,3,1,-0.744451,0.804251,3,-1250.42,-27.4121,141623,138,514.99,87.49,9.2051e+11,0
evt_211,84,3,-1,3,2,0.564669,0.903904,4,-1214.27,-23.2609,73283,497,402.49,102.49,9.2051e+11,0
evt_211,85,3,-1,3,2,0.38522,0.873903,2,-607.734,-19.1181,30676,465,339.99,89.99,9.2051e+11,0
evt_212,10,0,-1,2,2,0.317439,0.951521,1,-24.2486,-24.2486,746,746,119.99,119.99,9.20534e+11,0
evt_212,11,0,-1,2,2,5.56743,0.776357,1,-36.7074,-36.7074,1283,1283,149.99,149.99,9.20534e+11,0
evt_212,38,1,-1,4,2,0.64351,1.30052,1,-208.812,-208.812,10738,10738,287.49,287.49,9.20534e+11,0
evt_212,39,1,-1,4,2,1.25346,0.92964,2,-117.272,-26.76,4917,924,242.49,134.99,9.20534e+11,0
evt_212,58,2,-1,2,2,47.9498,1.22574,2,-107.626,-26.6165,3141,591,169.99,112.49,9.20534e+11,0
evt_212,59,2,-1,2,2,54.7573,2.58759,1,-41.9734,-41.9734,737,737,119.99,119.99,9.20534e+11,0
evt_212,82,3,-1,2,2,-12.382,1.75886,4,-19.0675,-16.5446,2473,334,439.99,69.99,9.20534e+11,0
evt_212,93,3,-1,3,3,-6.28566,0.785602,2,-24.5531,-17.0421,2114,610,294.99,107.49,0,4.58912e+18
evt_213,19,0,-1,2,3,2.49307,0.741954,1,-21.6153,-21.6153,690,690,112.49,112.49,9.2063e+11,0
evt_213,30,1,-1,4,1,3.27577,0.820262,1,-100.193,-100.193,3497,3497,194.99,194.99,9.2063e+11,0
evt_213,35,1,-1,2,2,0.540817,0.832653,1,-37.9297,-37.9297,1647,1647,182.49,182.49,9.2063e+11,0
evt_213,54,2,-1,4,1,0.018935,0.750922,1,-18.4577,-18.4577,127,127,59.99,59.99,9.2063e+11,0
evt_213,58,2,-1,2,2,-0.048924,0.887772,1,-30.4235,-30.4235,178,178,59.99,59.99,9.2063e+11,0
evt_213,59,2,-1,2,2,-1.22004,0.830881,1,-42.8069,-42.8069,228,228,62.49,62.49,9.2063e+11,0
evt_214,20,0,-1,3,3,-906.603,383.565,5,-1250.77,-27.7576,94696,161,412.49,87.49,9.20683e+11,0
evt_214,21,0,-1,3,3,-859.951,398.987,4,-1250.27,-32.019,102249,487,462.49,109.99,9.20683e+11,0
evt_214,44,1,-1,3,3,3.08137,0.776539,1,-50.4398,-50.4398,1845,1845,172.49,172.49,9.20683e+11,0
evt_214,45,1,-1,3,3,-0.230438,1.15452,1,-32.7739,-32.7739,1180,1180,152.49,152.49,9.20683e+11,0
evt_214,93,3,-1,3,3,-9.70633,1.5201,1,-21.7698,-21.7698,2027,2027,294.99,294.99,0,4.62855e+18
evt_215,6,0,-1,4,1,-2.67778,0.83343,3,-507.637,-39.1953,25621,1391,342.49,154.99,9.20703e+11,0
evt_215,7,0,-1,4,1,-0.479313,1.02304,1,-124.896,-124.896,6548,6548,282.49,282.49,9.20703e+11,0
evt_215,26,1,-1,2,1,2.13625,1.60329,1,-102.209,-102.209,7131,7131,307.49,307.49,9.20703e+11,0
evt_215,27,1,-1,2,1,-0.458759,1.0781,1,-100.685,-100.685,4530,4530,242.49,242.49,9.20703e+11,0
evt_215,54,2,-1,4,1,0.283426,0.897167,1,-1250.24,-1250.24,73793,73793,377.49,377.49,9.20703e+11,0
evt_215,55,2,-1,4,1,-3.45795,0.84075,2,-1250.61,-69.3881,119699,1556,517.49,142.49,9.20703e+11,0
evt_215,62,2,-1,4,2,1.80187,1.07665,1,-31.2937,-31.2937,314,314,79.99,79.99,9.20703e+11,0
evt_215,72,3,-1,1,1,-20.2286,2.04968,3,-31.567,-16.6212,13186,667,1544.99,117.49,9.20703e+11,0
evt_215,80,3,-1,1,2,-3.86811,1.20263,2,-16.3821,-16.3447,286,252,54.99,54.99,9.20703e+11,0
evt_215,93,3,-1,3,3,-4.13548,0.71077,2,-16.2033,-16.0151,438,390,79.99,72.49,0,4.55846e+18
evt_216,0,0,-1,1,1,-5.69702,1.28623,3,-1250.35,-34.4658,86807,768,422.49,117.49,9.20703e+11,0
evt_216,1,0,-1,1,1,-2.32873,1.08547,1,-1250.19,-1250.19,89557,89557,387.49,387.49,9.20703e+11,0
evt_216,24,1,-1,1,1,1.66089,0.884255,2,-656.7,-19.6347,34046,856,567.49,149.99,9.20703e+11,0
evt_216,25,1,-1,1,1,0.370218,0.682535,2,-1071.16,-23.0267,60772,528,432.49,102.49,9.20703e+11,0
evt_216,53,2,-1,3,1,2.26919,0.65132,1,-70.2268,-70.2268,2964,2964,209.99,209.99,9.20703e+11,0
evt_216,57,2,-1,1,2,3.09051,1.55624,1,-58.6786,-58.6786,623,623,82.49,82.49,9.20703e+11,0
evt_216,72,3,-1,1,1,-4.77529,1.00972,1,-31.2976,-31.2976,1131,1131,147.49,147.49,9.20703e+11,0
evt_216,90,3,-1,2,3,2.83573,0.783029,1,-381.44,-381.44,19554,19554,319.99,319.99,1.49602e+14,1.39041e+19
evt_216,91,3,-1,2,3,0.667608,1.43244,2,-610.855,-58.5591,27004,1057,319.99,57.49,0,1.38924e+19
evt_217,6,0,-1,4,1,1.59158,0.846676,1,-1250.19,-1250.19,93575,93575,429.99,429.99,9.20709e+11,0
evt_217,7,0,-1,4,1,0.351187,0.795,2,-1083.43,-41.2165,59314,1459,437.49,164.99,9.20709e+11,0
evt_217,34,1,-1,2,2,2.57041,1.02372,3,-1250.06,-34.8096,60858,542,367.49,37.49,9.20709e+11,0
evt_217,35,1,-1,2,2,-2.72031,0.929239,2,-1019.65,-57.9127,52025,2034,604.99,174.99,9.20709e+11,0
evt_217,52,2,-1,3,1,-1.90627,1.22706,1,-51.2807,-51.2807,1940,1940,179.99,179.99,9.20709e+11,0
evt_217,72,3,-1,1,1,-10.3655,0.788483,6,-30.1197,-15.6702,4929,360,607.49,69.99,9.20709e+11,0
evt_217,76,3,-1,3,1,0.515365,1.03579,2,-288.075,-15.7827,15074,384,344.99,69.99,9.20709e+11,0
evt_217,77,3,-1,3,1,2.03652,0.774259,1,-253.608,-253.608,17612,17612,607.49,607.49,9.20709e+11,0
evt_218,6,0,-1,4,1,2.54587,0.808798,3,-667.74,-31.6501,30832,1366,339.99,177.49,9.20931e+11,0
evt_218,7,0,-1,4,1,-0.67636,1.05501,2,-267.71,-32.0962,11019,1437,269.99,189.99,9.20931e+11,0
evt_218,14,0,-1,4,2,11.3344,0.762682,1,-35.1142,-35.1142,1159,1159,147.49,147.49,9.20931e+11,0
evt_218,38,1,-1,4,2,2.17535,1.25201,1,-43.7647,-43.7647,1316,1316,144.99,144.99,9.20931e+11,0
evt_218,39,1,-1,4,2,6.42937,0.941488,1,-56.044,-56.044,2041,2041,179.99,179.99,9.20931e+11,0
evt_218,51,2,-1,2,1,2.64347,0.655813,1,-15.7071,-15.7071,34,34,57.49,57.49,9.20931e+11,0
evt_218,68,2,-1,3,3,5.14395,1.21205,1,-61.2279,-61.2279,2705,2705,249.99,249.99,9.20931e+11,0
evt_218,79,3,-1,4,1,5.41196,0.686177,1,-34.1966,-34.1966,1193,1193,152.49,152.49,9.20931e+11,0
evt_218,82,3,-1,2,2,-1.53803,1.47464,1,-95.8442,-95.8442,3948,3948,229.99,229.99,9.20931e+11,0
evt_219,8,0,-1,1,2,-0.762641,0.849723,2,-1250.15,-671.768,85455,34064,497.49,379.99,9.20961e+11,0
evt_219,9,0,-1,1,2,0.21604,0.656519,1,-1250.27,-1250.27,56691,56691,339.99,339.99,9.20961e+11,0
evt_219,56,2,-1,1,2,2.0507,1.05509,4,-1250.16,-40.9844,73313,1307,444.99,152.49,9.20961e+11,0
evt_219,57,2,-1,1,2,1.92956,0.678968,1,-748.36,-748.36,33217,33217,342.49,342.49,9.20961e+11,0
evt_219,80,3,-1,1,2,-5.67732,0.687596,1,-20.5655,-20.5655,1373,1373,217.49,217.49,9.20961e+11,0
evt_221,20,0,-1,3,3,0.473375,0.640664,1,-145.041,-145.041,6448,6448,254.99,254.99,9.21066e+11,0
evt_221,21,0,-1,3,3,-0.512164,0.720469,1,-173.469,-173.469,7957,7957,269.99,269.99,9.21066e+11,0
evt_221,36,1,-1,3,2,4.19494,1.07993,1,-76.7832,-76.7832,2838,2838,194.99,194.99,9.21066e+11,0
evt_221,37,1,-1,3,2,-0.0443597,1.57072,1,-41.9367,-41.9367,1562,1562,167.49,167.49,9.21066e+11,0
evt_221,49,2,-1,1,1,0.658839,0.828809,1,-45.0671,-45.0671,261,261,64.99,64.99,9.21066e+11,0
evt_221,58,2,-1,2,2,2.16371,0.947286,1,-117.664,-117.664,5248,5248,252.49,252.49,9.21066e+11,0
evt_221,59,2,-1,2,2,-0.27686,1.00837,1,-73.125,-73.125,3231,3231,222.49,222.49,9.21066e+11,0
evt_221,93,3,-1,3,3,-6.15421,0.69018,2,-17.88,-16.5079,613,588,109.99,104.99,0,4.5808e+18
evt_222,18,0,-1,2,3,-0.478933,0.802207,2,-143.313,-41.6426,5745,1313,247.49,149.99,9.2109e+11,0
evt_222,19,0,-1,2,3,0.289712,0.687286,1,-119.103,-119.103,5374,5374,254.99,254.99,9.2109e+11,0
evt_222,34,1,-1,2,2,1.6686,0.983413,1,-383.346,-383.346,19581,19581,389.99,389.99,9.2109e+11,0
evt_222,35,1,-1,2,2,2.32167,0.922854,2,-765.518,-47.002,38246,1394,424.99,147.49,9.2109e+11,0
evt_222,56,2,-1,1,2,0.24735,1.11729,1,-262.866,-262.866,15444,15444,327.49,327.49,9.2109e+11,0
evt_222,57,2,-1,1,2,0.98088,0.645524,2,-188.45,-21.4492,6951,170,247.49,74.99,9.2109e+11,0
evt_222,88,3,-1,1,3,-35.4404,8.12412,2,-61.0384,-30.3435,1229,557,127.49,104.99,1.49602e+14,1.10382e+12
evt_222,89,3,-1,1,3,37.893,2.18041,3,-123.797,-74.5346,4047,2098,259.99,157.49,1.49602e+14,1.37624e+19
evt_223,10,0,-1,2,2,1.79994,0.871724,1,-386.088,-386.088,22387,22387,364.99,364.99,9.21331e+11,0
evt_223,11,0,-1,2,2,2.26384,0.998961,1,-909.02,-909.02,53079,53079,374.99,374.99,9.21331e+11,0
evt_223,16,0,-1,1,3,0.468145,0.800664,4,-1186.44,-78.7625,109547,398,439.99,22.49,9.21331e+11,0
evt_223,17,0,-1,1,3,-1.03773,0.902399,2,-1250.5,-44.4181,138394,388,827.49,104.99,9.21331e+11,0
evt_223,30,1,-1,4,1,-0.476884,1.50859,1,-32.6696,-32.6696,1012,1012,137.49,137.49,9.21331e+11,0
evt_223,56,2,-1,1,2,-13.9244,0.898078,6,-24.2479,-17.3536,2606,1134,387.49,192.49,9.21331e+11,0
evt_223,72,3,-1,1,1,-5.41096,0.998897,3,-20.3278,-18.459,1174,892,184.99,149.99,9.21331e+11,0
evt_223,74,3,-1,2,1,16.2105,1.49473,3,-716.342,-78.8036,40408,2625,319.99,224.99,9.21331e+11,0
evt_223,77,3,-1,3,1,0.175813,0.757065,1,-151.353,-151.353,6705,6705,254.99,254.99,9.21331e+11,0
evt_224,0,0,-1,1,1,1.49002,1.00967,1,-16.3122,-16.3122,368,368,74.99,74.99,9.21354e+11,0
evt_224,16,0,-1,1,3,0.612018,0.836899,2,-662.749,-129.124,34893,5430,379.99,167.49,9.21354e+11,0
evt_224,17,0,-1,1,3,-0.597606,0.843027,2,-642.752,-59.4382,28915,2552,327.49,209.99,9.21354e+11,0
evt_224,40,1,-1,1,3,2.94629,0.676094,1,-221.509,-221.509,8782,8782,254.99,254.99,9.21354e+11,0
evt_224,41,1,-1,1,3,-1.06206,0.764905,1,-128.522,-128.522,6159,6159,274.99,274.99,9.21354e+11,0
evt_224,55,2,-1,4,1,-2.50101,0.899345,1,-85.095,-85.095,3503,3503,219.99,219.99,9.21354e+11,0
evt_224,64,2,-1,1,3,3.95118,0.876494,3,-597.577,-155.345,27440,918,379.99,27.49,9.21354e+11,0
evt_224,65,2,-1,1,3,-1.08002,0.487714,1,-688.864,-688.864,31326,31326,344.99,344.99,9.21354e+11,0
evt_224,88,3,-1,1,3,1.76986,1.17112,3,-1123.66,-36.7993,84328,266,439.99,24.99,1.49602e+14,1.10382e+12
evt_224,89,3,-1,1,3,-2.03348,0.735421,1,-1216.43,-1216.43,101717,101717,497.49,497.49,1.49602e+14,4.58491e+18
evt_224,92,3,-1,3,3,-3.40181,1.50633,3,-1250.37,-181.285,89658,6946,449.99,224.99,0,4.48573e+18
evt_224,93,3,-1,3,3,1.84235,0.86474,2,-175.339,-41.1733,8260,1656,267.49,174.99,0,4.59049e+18
evt_225,2,0,-1,2,1,1.57597,0.678669,4,-604.244,-29.9272,47120,691,372.49,109.99,9.21384e+11,0
evt_225,3,0,-1,2,1,-1.01507,0.857961,2,-769.631,-20.9345,51312,530,549.99,94.99,9.21384e+11,0
evt_225,26,1,-1,2,1,8.96148,1.01218,1,-96.4546,-96.4546,5718,5718,299.99,299.99,9.21384e+11,0
evt_225,27,1,-1,2,1,6.13311,0.787563,1,-73.5814,-73.5814,4379,4379,252.49,252.49,9.21384e+11,0
evt_225,42,1,-1,2,3,-1.25616,1.63851,1,-83.3416,-83.3416,3509,3509,219.99,219.99,9.21384e+11,0
evt_225,50,2,-1,2,1,1.4646,1.12052,1,-88.7989,-88.7989,3812,3812,224.99,224.99,9.21384e+11,0
evt_225,51,2,-1,2,1,0.173473,0.748352,1,-115.283,-115.283,5594,5594,259.99,259.99,9.21384e+11,0
evt_226,10,0,-1,2,2,1.72096,1.04735,2,-27.8714,-23.7513,957,725,134.99,114.99,9.21405e+11,0
evt_226,37,1,-1,3,2,-0.407006,1.02209,1,-77.9653,-77.9653,2869,2869,199.99,199.99,9.21405e+11,0
evt_226,53,2,-1,3,1,1.69877,0.760885,1,-70.2272,-70.2272,2801,2801,199.99,199.99,9.21405e+11,0
evt_226,60,2,-1,3,2,-19.3037,0.75048,1,-22.3791,-22.3791,18606,18606,2507.49,2507.49,9.21405e+11,0
evt_226,76,3,-1,3,1,-5.28301,0.790261,1,-16.4654,-16.4654,604,604,109.99,109.99,9.21405e+11,0
evt_226,84,3,-1,3,2,-3.57972,0.70048,2,-843.783,-21.3879,53001,738,402.49,127.49,9.21405e+11,0
evt_226,85,3,-1,3,2,3.46371,0.73275,3,-362.985,-23.4891,17695,582,304.99,104.99,9.21405e+11,0
evt_227,6,0,-1,4,1,0.728163,0.882653,1,-1235.64,-1235.64,79421,79421,579.99,579.99,9.21411e+11,0
evt_227,7,0,-1,4,1,0.747601,1.04258,1,-724.561,-724.561,45649,45649,649.99,649.99,9.21411e+11,0
evt_227,10,0,-1,2,2,1.54228,0.885552,1,-23.3068,-23.3068,706,706,119.99,119.99,9.21411e+11,0
evt_227,25,1,-1,1,1,-0.210843,1.34636,1,-35.5326,-35.5326,1395,1395,164.99,164.99,9.21411e+11,0
evt_227,26,1,-1,2,1,-3.2783,1.33182,2,-270.148,-38.166,11907,1222,287.49,109.99,9.21411e+11,0
evt_227,27,1,-1,2,1,0.837939,0.894556,2,-233.584,-46.2063,10565,3379,344.99,287.49,9.21411e+11,0
evt_227,49,2,-1,1,1,0.100924,0.695058,1,-59.1112,-59.1112,384,384,69.99,69.99,9.21411e+11,0
evt_227,60,2,-1,3,2,-5.82148,0.524359,2,-1250.2,-35.8803,74114,1058,412.49,142.49,9.21411e+11,0
evt_227,61,2,-1,3,2,-0.412763,0.649565,1,-1250.58,-1250.58,89745,89745,429.99,429.99,9.21411e+11,0
evt_227,62,2,-1,4,2,0.75557,0.778951,1,-30.959,-30.959,270,270,72.49,72.49,9.21411e+11,0
evt_227,72,3,-1,1,1,-21.2879,1.2784,3,-23.4821,-20.9626,10967,1722,1509.99,257.49,9.21411e+11,0
evt_228,9,0,-1,1,2,1.46177,0.779441,1,-47.1607,-47.1607,1237,1237,137.49,137.49,9.2143e+11,0
evt_228,11,0,-1,2,2,7.56154,0.659251,1,-21.5027,-21.5027,576,576,109.99,109.99,9.2143e+11,0
evt_228,42,1,-1,2,3,7.1353,1.00347,2,-529.752,-149.487,28424,5817,354.99,222.49,9.2143e+11,0
evt_228,43,1,-1,2,3,3.22013,0.765296,1,-143.273,-143.273,5307,5307,229.99,229.99,9.2143e+11,0
evt_228,44,1,-1,3,3,-81.5385,12.1986,3,-60.8837,-57.4844,1694,921,152.49,69.99,9.2143e+11,0
evt_228,45,1,-1,3,3,-36.317,12.2096,3,-23.7082,-15.974,620,170,107.49,57.49,9.2143e+11,0
evt_228,60,2,-1,3,2,-2.21883,0.929595,1,-33.357,-33.357,426,426,84.99,84.99,9.2143e+11,0
evt_229,6,0,-1,4,1,1.22631,1.06273,3,-1250.01,-16.1305,79454,233,379.99,69.99,9.21438e+11,0
evt_229,7,0,-1,4,1,-9.55179,1.58659,3,-1250.1,-22.5319,61777,796,389.99,127.49,9.21438e+11,0
evt_229,30,1,-1,4,1,-2.32474,1.13755,1,-95.9293,-95.9293,3582,3582,207.49,207.49,9.21438e+11,0
evt_229,31,1,-1,4,1,-0.646324,0.775325,1,-107.402,-107.402,4835,4835,249.99,249.99,9.21438e+11,0
evt_229,50,2,-1,2,1,0.683343,0.983852,1,-73.0027,-73.0027,3185,3185,224.99,224.99,9.21438e+11,0
evt_229,51,2,-1,2,1,-0.463281,0.984123,1,-16.9668,-16.9668,434,434,84.99,84.99,9.21438e+11,0
evt_229,54,2,-1,4,1,0.708428,0.915736,1,-24.385,-24.385,171,171,49.99,49.99,9.21438e+11,0
evt_229,72,3,-1,1,1,-8.91205,0.985477,9,-23.1052,-15.8214,1437,520,229.99,89.99,9.21438e+11,0
evt_230,22,0,-1,4,3,3.73958,1.03208,1,-24.8589,-24.8589,841,841,129.99,129.99,9.21454e+11,0
evt_230,36,1,-1,3,2,0.5414,0.620398,1,-267.369,-267.369,10397,10397,267.49,267.49,9.21454e+11,0
evt_230,37,1,-1,3,2,2.41575,1.08048,2,-455.442,-40.8693,23312,873,319.99,69.99,9.21454e+11,0
evt_230,58,2,-1,2,2,0.129982,0.965817,2,-371.792,-43.4252,18674,1618,327.49,172.49,9.21454e+11,0
evt_230,59,2,-1,2,2,-1.88802,0.708744,2,-679.84,-22.0724,36543,495,382.49,67.49,9.21454e+11,0
evt_230,73,3,-1,1,1,3.82589,1.27098,1,-89.8257,-89.8257,3974,3974,229.99,229.99,9.21454e+11,0
evt_231,14,0,-1,4,2,-5.342,1.05096,3,-112.055,-16.5005,7475,343,322.49,67.49,9.21456e+11,0
evt_231,15,0,-1,4,2,-4.42076,0.720112,1,-240.185,-240.185,14366,14366,364.99,364.99,9.21456e+11,0
evt_231,34,1,-1,2,2,3.13042,1.19286,2,-1250.35,-21.9995,66931,462,397.49,94.99,9.21456e+11,0
evt_231,35,1,-1,2,2,0.628135,0.848107,3,-1250.01,-34.2733,83716,958,434.99,99.99,9.21456e+11,0
evt_231,42,1,-1,2,3,10.0088,0.998764,1,-70.0358,-70.0358,2644,2644,192.49,192.49,9.21456e+11,0
evt_231,50,2,-1,2,1,-0.314827,0.840483,1,-138.809,-138.809,7706,7706,277.49,277.49,9.21456e+11,0
evt_231,51,2,-1,2,1,0.231308,0.814876,1,-138.508,-138.508,6153,6153,257.49,257.49,9.21456e+11,0
evt_231,52,2,-1,3,1,-0.777762,0.918955,1,-38.3991,-38.3991,267,267,67.49,67.49,9.21456e+11,0
evt_231,53,2,-1,3,1,0.625936,1.02082,1,-43.3202,-43.3202,248,248,67.49,67.49,9.21456e+11,0
evt_231,88,3,-1,1,3,3.03215,0.782694,3,-729.256,-24.97,31596,561,314.99,104.99,1.49602e+14,1.10382e+12
evt_231,89,3,-1,1,3,3.11715,0.616162,3,-990.894,-29.6239,49865,714,339.99,117.49,1.49602e+14,1.38097e+19
evt_232,0,0,-1,1,1,0.319988,1.03193,2,-1250.35,-35.0837,134859,340,447.49,107.49,9.21482e+11,0
evt_232,1,0,-1,1,1,-0.724765,0.900784,2,-1250.8,-84.2897,144080,633,574.99,107.49,9.21482e+11,0
evt_232,2,0,-1,2,1,-0.56741,0.847197,2,-1054.58,-78.8422,53490,2542,362.49,174.99,9.21482e+11,0
evt_232,3,0,-1,2,1,-0.940658,1.04786,2,-694.748,-23.3788,43876,687,467.49,117.49,9.21482e+11,0
evt_232,4,0,-1,3,1,0.593964,0.688404,3,-1250.27,-29.5073,87918,387,407.49,17.49,9.21482e+11,0
evt_232,5,0,-1,3,1,-0.59507,0.728048,2,-1250.54,-441.454,96442,17991,462.49,249.99,9.21482e+11,0
evt_232,6,0,-1,4,1,2.00778,0.575316,2,-1020.66,-21.5544,62204,504,417.49,102.49,9.21482e+11,0
evt_232,7,0,-1,4,1,-3.55042,0.804726,2,-840.466,-30.1175,44914,1088,384.99,144.99,9.21482e+11,0
evt_232,8,0,-1,1,2,2.56041,0.987649,3,-1250.19,-182.816,133093,4817,612.49,134.99,9.21482e+11,0
evt_232,9,0,-1,1,2,1.54195,0.547601,2,-1250.2,-44.067,103942,360,492.49,94.99,9.21482e+11,0
evt_232,10,0,-1,2,2,0.519468,0.92379,2,-738.481,-139.799,200367,1013,969.99,112.49,9.21482e+11,0
evt_232,11,0,-1,2,2,1.92042,0.630811,2,-854.077,-243.769,259763,3781,939.99,142.49,9.21482e+11,0
evt_232,12,0,-1,3,2,4.79629,1.39182,1,-1250.27,-1250.27,156722,156722,622.49,622.49,9.21482e+11,0
evt_232,13,0,-1,3,2,-0.396267,0.785194,2,-1250.31,-403.4,266506,12195,947.49,189.99,9.21482e+11,0
evt_232,14,0,-1,4,2,3.43168,0.959064,2,-1014.49,-26.5549,51063,634,364.99,107.49,9.21482e+11,0
evt_232,15,0,-1,4,2,-0.326162,0.793208,1,-780.389,-780.389,54457,54457,394.99,394.99,9.21482e+11,0
evt_232,16,0,-1,1,3,2.98349,0.652395,1,-739.334,-739.334,38650,38650,437.49,437.49,9.21482e+11,0
evt_232,17,0,-1,1,3,0.495264,0.72913,1,-766.135,-766.135,31896,31896,314.99,314.99,9.21482e+11,0
evt_232,18,0,-1,2,3,2.20013,0.871976,1,-468.594,-468.594,24338,24338,357.49,357.49,9.21482e+11,0
evt_232,19,0,-1,2,3,-1.55771,0.823251,2,-207.783,-46.4362,11591,1891,364.99,182.49,9.21482e+11,0
evt_232,20,0,-1,3,3,1.74428,0.905066,2,-1250.77,-27.2595,188790,205,712.49,77.49,9.21482e+11,0
evt_232,21,0,-1,3,3,2.13158,0.854384,2,-1250.38,-141.93,214259,2231,767.49,142.49,9.21482e+11,0
evt_232,22,0,-1,4,3,-4.67282,1.18769,1,-1250.58,-1250.58,178092,178092,802.49,802.49,9.21482e+11,0
evt_232,23,0,-1,4,3,0.586399,0.898393,1,-1250.54,-1250.54,134425,134425,489.99,489.99,9.21482e+11,0
evt_232,24,1,-1,1,1,1.35867,0.704246,1,-1249.85,-1249.85,306920,306920,992.49,992.49,9.21482e+11,0
evt_232,25,1,-1,1,1,-0.693291,0.720154,1,-1250.58,-1250.58,246485,246485,1032.49,1032.49,9.21482e+11,0
evt_232,26,1,-1,2,1,-6.58343,1.18133,2,-1251.34,-53.1041,73679,1526,519.99,152.49,9.21482e+11,0
evt_232,27,1,-1,2,1,0.624758,0.752754,2,-899.09,-34.4262,55739,953,387.49,127.49,9.21482e+11,0
evt_232,28,1,-1,3,1,-2.36309,0.856557,1,-198.004,-198.004,7594,7594,249.99,249.99,9.21482e+11,0
evt_232,29,1,-1,3,1,0.951703,0.829113,1,-140.792,-140.792,6045,6045,247.49,247.49,9.21482e+11,0
evt_232,34,1,-1,2,2,1.18486,0.915257,1,-1250.35,-1250.35,112183,112183,444.99,444.99,9.21482e+11,0
evt_232,35,1,-1,2,2,1.12248,0.902219,1,-1250.15,-1250.15,135839,135839,559.99,559.99,9.21482e+11,0
evt_232,36,1,-1,3,2,0.931294,1.14855,1,-154.069,-154.069,7562,7562,284.99,284.99,9.21482e+11,0
evt_232,37,1,-1,3,2,3.79421,1.08175,1,-157.227,-157.227,6433,6433,249.99,249.99,9.21482e+11,0
evt_232,40,1,-1,1,3,-0.0807278,0.749303,1,-1250.69,-1250.69,636694,636694,1294.99,1294.99,9.21482e+11,0
evt_232,41,1,-1,1,3,0.97332,0.757333,1,-1250.42,-1250.42,638434,638434,1302.49,1302.49,9.21482e+11,0
evt_232,42,1,-1,2,3,-2.01738,0.854611,2,-1250.5,-35.3803,169493,1178,464.99,74.99,9.21482e+11,0
evt_232,43,1,-1,2,3,-1.30756,0.836032,1,-1250.27,-1250.27,158218,158218,647.49,647.49,9.21482e+11,0
evt_232,44,1,-1,3,3,2.86682,1.1539,1,-968.182,-968.182,45264,45264,344.99,344.99,9.21482e+11,0
evt_232,45,1,-1,3,3,-3.69496,0.94072,1,-1247.91,-1247.91,60693,60693,504.99,504.99,9.21482e+11,0
evt_232,46,1,-1,4,3,-1.60735,1.01508,1,-351.744,-351.744,18775,18775,334.99,334.99,9.21482e+11,0
evt_232,47,1,-1,4,3,-1.76083,0.713404,1,-505.18,-505.18,22573,22573,324.99,324.99,9.21482e+11,0
evt_232,48,2,-1,1,1,1.63957,0.790449,2,-1250.08,-48.5325,69447,1568,357.49,159.99,9.21482e+11,0
evt_232,49,2,-1,1,1,0.865209,0.91687,3,-728.58,-28.4765,34598,965,349.99,134.99,9.21482e+11,0
evt_232,50,2,-1,2,1,-0.43071,1.0378,1,-184.286,-184.286,9889,9889,292.49,292.49,9.21482e+11,0
evt_232,51,2,-1,2,1,0.0576543,0.964426,1,-158.258,-158.258,7911,7911,287.49,287.49,9.21482e+11,0
evt_232,54,2,-1,4,1,2.6154,1.8604,1,-37.7822,-37.7822,267,267,69.99,69.99,9.21482e+11,0
evt_232,55,2,-1,4,1,2.55454,0.917495,1,-31.4831,-31.4831,178,178,64.99,64.99,9.21482e+11,0
evt_232,56,2,-1,1,2,-0.00276128,1.05012,3,-564.862,-36.9009,31911,1320,372.49,154.99,9.21482e+11,0
evt_232,57,2,-1,1,2,-3.07158,0.703521,1,-257.116,-257.116,11776,11776,302.49,302.49,9.21482e+11,0
evt_232,58,2,-1,2,2,0.586131,0.976924,1,-1250.23,-1250.23,148084,148084,749.99,749.99,9.21482e+11,0
evt_232,59,2,-1,2,2,1.03542,0.939901,4,-1250.61,-104.119,127605,1338,467.49,42.49,9.21482e+11,0
evt_232,62,2,-1,4,2,3.25862,0.571114,2,-40.3049,-28.3221,1505,800,167.49,122.49,9.21482e+11,0
evt_232,63,2,-1,4,2,2.30317,1.64373,1,-200.009,-200.009,9427,9427,284.99,284.99,9.21482e+11,0
evt_232,64,2,-1,1,3,0.237986,0.958693,1,-750.756,-750.756,39184,39184,374.99,374.99,9.21482e+11,0
evt_232,65,2,-1,1,3,1.97345,0.958068,1,-744.544,-744.544,30486,30486,327.49,327.49,9.21482e+11,0
evt_232,66,2,-1,2,3,-0.0804065,1.03898,2,-147.806,-52.8512,6685,1841,267.49,172.49,9.21482e+11,0
evt_232,67,2,-1,2,3,0.114119,0.984057,1,-244.989,-244.989,13163,13163,319.99,319.99,9.21482e+11,0
evt_232,74,3,-1,2,1,1.21176,1.16094,1,-526.693,-526.693,27265,27265,337.49,337.49,9.21482e+11,0
evt_232,75,3,-1,2,1,-0.0445343,0.857053,1,-239.426,-239.426,13154,13154,327.49,327.49,9.21482e+11,0
evt_232,94,3,-1,4,3,2.0224,0.87586,1,-569.778,-569.778,26962,26962,329.99,329.99,4.38087e+11,4.54771e+18
evt_232,95,3,-1,4,3,-2.28931,0.916285,1,-323.028,-323.028,15790,15790,324.99,324.99,4.38087e+11,4.51707e+18
evt_233,0,0,-1,1,1,1.12437,1.18556,1,-1224.84,-1224.84,59971,59971,362.49,362.49,9.2151e+11,0
evt_233,1,0,-1,1,1,1.68059,0.78576,3,-1249.85,-25.0849,76491,474,377.49,97.49,9.2151e+11,0
evt_233,2,0,-1,2,1,-0.63358,0.92727,1,-315.56,-315.56,12856,12856,279.99,279.99,9.2151e+11,0
evt_233,3,0,-1,2,1,-1.54095,1.04176,1,-223.157,-223.157,12592,12592,372.49,372.49,9.2151e+11,0
evt_233,8,0,-1,1,2,0.331702,0.81061,1,-1250.16,-1250.16,185521,185521,967.49,967.49,9.2151e+11,0
evt_233,9,0,-1,1,2,0.429602,0.955205,2,-1250.25,-26.2378,109149,464,442.49,132.49,9.2151e+11,0
evt_233,19,0,-1,2,3,27.7713,3.54799,2,-28.7872,-17.3849,563,242,109.99,72.49,9.2151e+11,0
evt_233,38,1,-1,4,2,-3.83447,9.41004,2,-37.7429,-24.2485,972,571,122.49,102.49,9.2151e+11,0
evt_233,39,1,-1,4,2,5.01401,1.0751,1,-37.2081,-37.2081,1475,1475,179.99,179.99,9.2151e+11,0
evt_233,42,1,-1,2,3,-3.23509,0.854101,1,-84.1045,-84.1045,3678,3678,237.49,237.49,9.2151e+11,0
evt_233,50,2,-1,2,1,-1.15254,0.703518,1,-26.8575,-26.8575,266,266,72.49,72.49,9.2151e+11,0
evt_233,51,2,-1,2,1,4.11984,0.696009,1,-18.1283,-18.1283,70,70,59.99,59.99,9.2151e+11,0
evt_233,67,2,-1,2,3,-0.277391,0.713724,1,-55.6246,-55.6246,2449,2449,199.99,199.99,9.2151e+11,0
evt_233,72,3,-1,1,1,-40.9753,10.2228,1,-26.8421,-26.8421,365,365,77.49,77.49,9.2151e+11,0
evt_234,4,0,-1,3,1,-0.863723,0.747915,1,-57.8399,-57.8399,2479,2479,197.49,197.49,9.21534e+11,0
evt_234,5,0,-1,3,1,0.155395,0.91683,1,-144.247,-144.247,7586,7586,279.99,279.99,9.21534e+11,0
evt_234,20,0,-1,3,3,-3.1073,1.77701,1,-57.4546,-57.4546,2181,2181,182.49,182.49,9.21534e+11,0
evt_234,34,1,-1,2,2,-0.842804,2.13947,5,-331.573,-26.0396,16088,446,294.99,24.99,9.21534e+11,0
evt_234,35,1,-1,2,2,1.37215,0.886503,1,-68.9297,-68.9297,2804,2804,204.99,204.99,9.21534e+11,0
evt_234,53,2,-1,3,1,-3.54234,0.633438,1,-102.937,-102.937,4747,4747,247.49,247.49,9.21534e+11,0
evt_234,54,2,-1,4,1,1.21418,0.567541,1,-36.6797,-36.6797,385,385,79.99,79.99,9.21534e+11,0
evt_234,55,2,-1,4,1,-0.988686,1.05289,1,-20.1134,-20.1134,126,126,64.99,64.99,9.21534e+11,0
evt_234,89,3,-1,1,3,-0.460049,0.839883,1,-47.5425,-47.5425,1755,1755,167.49,167.49,1.49602e+14,1.38907e+19
evt_235,0,0,-1,1,1,-1.22331,1.16989,1,-18.0335,-18.0335,465,465,87.49,87.49,9.21665e+11,0
evt_235,8,0,-1,1,2,14.3646,10.2231,2,-56.2673,-16.2772,648,20,104.99,59.99,9.21665e+11,0
evt_235,19,0,-1,2,3,12.603,0.790464,3,-47.3486,-28.7862,2029,663,197.49,107.49,9.21665e+11,0
evt_235,40,1,-1,1,3,16.9315,1.06265,1,-58.3644,-58.3644,1832,1832,162.49,162.49,9.21665e+11,0
evt_235,52,2,-1,3,1,-0.266884,0.911227,1,-343.354,-343.354,14505,14505,289.99,289.99,9.21665e+11,0
evt_235,53,2,-1,3,1,0.466834,0.734566,2,-124.856,-49.6019,6783,1406,299.99,139.99,9.21665e+11,0
evt_235,60,2,-1,3,2,6.25032,0.908104,1,-43.5373,-43.5373,2143,2143,224.99,224.99,9.21665e+11,0
evt_235,61,2,-1,3,2,1.34243,0.606458,1,-31.9095,-31.9095,1068,1068,139.99,139.99,9.21665e+11,0
evt_235,72,3,-1,1,1,-1.38745,1.27434,7,-21.9571,-16.0541,2258,435,347.49,79.99,9.21665e+11,0
evt_235,91,3,-1,2,3,1.83025,1.1961,1,-25.8083,-25.8083,771,771,124.99,124.99,0,4.51721e+18
evt_236,3,0,-1,2,1,-11.2724,1.03699,2,-15.1356,-15.0594,272,267,54.99,54.99,9.21668e+11,0
evt_236,30,1,-1,4,1,-2.29018,1.56352,4,-1250.35,-26.721,73234,607,357.49,107.49,9.21668e+11,0
evt_236,31,1,-1,4,1,1.2556,1.06565,1,-696.276,-696.276,32896,32896,342.49,342.49,9.21668e+11,0
evt_236,54,2,-1,4,1,-1.10995,0.945405,1,-314.075,-314.075,14505,14505,284.99,284.99,9.21668e+11,0
evt_236,55,2,-1,4,1,5.39812,0.865119,1,-309.835,-309.835,12513,12513,277.49,277.49,9.21668e+11,0
evt_236,56,2,-1,1,2,-44.9077,54.7789,1,-486.737,-486.737,36536,36536,622.49,622.49,9.21668e+11,0
evt_236,57,2,-1,1,2,-31.6217,38.8017,3,-320.847,-25.9609,15185,753,277.49,117.49,9.21668e+11,0
evt_236,62,2,-1,4,2,4.00046,1.02669,1,-17.9281,-17.9281,117,117,74.99,74.99,9.21668e+11,0
evt_236,76,3,-1,3,1,1.48393,0.807057,1,-17.4233,-17.4233,496,496,89.99,89.99,9.21668e+11,0
evt_236,78,3,-1,4,1,-7.44083,1.96495,2,-1250.2,-16.2792,115570,266,552.49,67.49,9.21668e+11,0
evt_236,79,3,-1,4,1,-0.0780274,0.684108,2,-1249.89,-28.7073,96128,619,562.49,114.99,9.21668e+11,0
evt_236,88,3,-1,1,3,0.00491836,0.852093,1,-45.8273,-45.8273,1449,1449,154.99,154.99,1.49602e+14,1.10382e+12
evt_237,8,0,-1,1,2,3.44857,0.789697,1,-196.909,-196.909,6935,6935,237.49,237.49,9.21775e+11,0
evt_237,9,0,-1,1,2,1.21166,0.986818,2,-138.542,-35.5706,5413,912,229.99,122.49,9.21775e+11,0
evt_237,28,1,-1,3,1,-1.82782,1.02126,2,-328.169,-15.3634,14540,228,297.49,54.99,9.21775e+11,0
evt_237,29,1,-1,3,1,-1.76928,1.13227,1,-113.574,-113.574,6045,6045,264.99,264.99,9.21775e+11,0
evt_237,30,1,-1,4,1,4.91681,1.18383,1,-164.206,-164.206,7847,7847,324.99,324.99,9.21775e+11,0
evt_237,31,1,-1,4,1,1.40695,0.952107,1,-28.3625,-28.3625,1706,1706,232.49,232.49,9.21775e+11,0
evt_237,62,2,-1,4,2,-3.49369,2.48169,2,-652.2,-37.5514,33335,1243,349.99,147.49,9.21775e+11,0
evt_237,63,2,-1,4,2,-9.5504,3.60285,1,-590.023,-590.023,31301,31301,397.49,397.49,9.21775e+11,0
evt_237,74,3,-1,2,1,1.86267,0.963714,1,-26.4219,-26.4219,685,685,114.99,114.99,9.21775e+11,0
evt_237,75,3,-1,2,1,2.77248,0.911128,1,-37.1718,-37.1718,1389,1389,162.49,162.49,9.21775e+11,0
evt_238,82,3,-1,2,2,4.2042,1.88258,1,-117.678,-117.678,4621,4621,237.49,237.49,9.2183e+11,0
evt_238,83,3,-1,2,2,1.18865,0.978761,1,-160.966,-160.966,6989,6989,257.49,257.49,9.2183e+11,0
evt_239,3,0,-1,2,1,-11.2699,1.0398,3,-16.4304,-15.2499,392,275,74.99,54.99,9.21864e+11,0
evt_239,37,1,-1,3,2,-0.78131,1.0269,1,-87.689,-87.689,3703,3703,227.49,227.49,9.21864e+11,0
evt_239,40,1,-1,1,3,13.4109,0.938321,2,-32.9003,-26.5777,860,685,122.49,114.99,9.21864e+11,0
evt_239,45,1,-1,3,3,-0.582859,1.27237,1,-308.279,-308.279,12519,12519,284.99,284.99,9.21864e+11,0
evt_239,56,2,-1,1,2,-9.63987,0.876993,1,-15.4059,-15.4059,302,302,54.99,54.99,9.21864e+11,0
evt_239,64,2,-1,1,3,2.80084,1.00578,2,-1250.5,-300.236,102902,9783,574.99,214.99,9.21864e+11,0
evt_239,65,2,-1,1,3,2.22138,1.30124,2,-1250.27,-16.9689,103892,139,489.99,64.99,9.21864e+11,0
evt_239,68,2,-1,3,3,2.9975,0.649695,1,-53.6043,-53.6043,1801,1801,167.49,167.49,9.21864e+11,0
evt_239,69,2,-1,3,3,1.70338,0.795113,1,-20.6265,-20.6265,703,703,119.99,119.99,9.21864e+11,0
evt_239,72,3,-1,1,1,0.823839,0.548481,2,-33.8093,-28.139,1636,1221,189.99,159.99,9.21864e+11,0
evt_239,73,3,-1,1,1,-2.43459,0.847091,1,-131.227,-131.227,5492,5492,234.99,234.99,9.21864e+11,0
evt_239,91,3,-1,2,3,-2.429,0.902296,1,-31.6438,-31.6438,1214,1214,154.99,154.99,0,1.37624e+19
evt_240,20,0,-1,3,3,0.250384,0.810976,2,-1127.2,-27.1831,65113,689,397.49,117.49,9.21873e+11,0
evt_240,21,0,-1,3,3,-0.483286,0.945038,3,-1249.79,-21.9634,66973,561,374.99,102.49,9.21873e+11,0
evt_240,40,1,-1,1,3,-2.19629,0.678226,3,-1250.27,-56.1946,107549,1969,399.99,182.49,9.21873e+11,0
evt_240,41,1,-1,1,3,-0.14902,0.864093,2,-1250.04,-23.9416,108078,361,467.49,94.99,9.21873e+11,0
evt_240,42,1,-1,2,3,-0.395053,0.781495,1,-16.1624,-16.1624,354,354,72.49,72.49,9.21873e+11,0
evt_240,43,1,-1,2,3,2.09228,1.02227,1,-309.233,-309.233,12454,12454,289.99,289.99,9.21873e+11,0
evt_240,44,1,-1,3,3,3.90647,1.62328,2,-1167.98,-32.9007,54749,806,362.49,117.49,9.21873e+11,0
evt_240,45,1,-1,3,3,0.512047,1.43522,2,-683.298,-42.1306,39360,1283,507.49,147.49,9.21873e+11,0
evt_240,69,2,-1,3,3,-7.01828,1.64791,1,-266.855,-266.855,11458,11458,304.99,304.99,9.21873e+11,0
evt_240,72,3,-1,1,1,-13.7542,0.822901,3,-32.3336,-16.8155,15447,712,1872.49,124.99,9.21873e+11,0
evt_240,78,3,-1,4,1,-6.51959,1.50496,1,-15.5164,-15.5164,721,721,139.99,139.99,9.21873e+11,0
evt_240,93,3,-1,3,3,-7.54191,1.32632,3,-18.7576,-15.3654,1038,276,172.49,54.99,0,1.3822e+19
evt_241,4,0,-1,3,1,1.5463,0.705477,1,-480.22,-480.22,25828,25828,404.99,404.99,9.21898e+11,0
evt_241,5,0,-1,3,1,1.87272,0.792167,2,-536.898,-15.9791,26400,231,407.49,57.49,9.21898e+11,0
evt_241,26,1,-1,2,1,-4.72648,1.33023,1,-101.224,-101.224,7754,7754,517.49,517.49,9.21898e+11,0
evt_241,27,1,-1,2,1,1.02674,0.899182,1,-264.665,-264.665,16254,16254,352.49,352.49,9.21898e+11,0
evt_241,37,1,-1,3,2,0.298412,0.825946,1,-39.3071,-39.3071,1405,1405,159.99,159.99,9.21898e+11,0
evt_241,50,2,-1,2,1,-0.618192,0.72721,1,-23.4858,-23.4858,844,844,132.49,132.49,9.21898e+11,0
evt_241,51,2,-1,2,1,3.08129,0.625215,1,-123.946,-123.946,5242,5242,237.49,237.49,9.21898e+11,0
evt_241,62,2,-1,4,2,1.55997,1.15192,1,-30.2965,-30.2965,399,399,87.49,87.49,9.21898e+11,0
evt_241,63,2,-1,4,2,1.39983,0.812483,1,-25.2006,-25.2006,312,312,82.49,82.49,9.21898e+11,0
evt_241,72,3,-1,1,1,-20.5604,0.819556,6,-26.7235,-17.0027,4010,776,517.49,129.99,9.21898e+11,0
evt_241,78,3,-1,4,1,-2.09496,0.960828,1,-16.0869,-16.0869,449,449,84.99,84.99,9.21898e+11,0
evt_241,86,3,-1,4,2,0.488513,0.874457,1,-1209.17,-1209.17,92876,92876,457.49,457.49,9.21898e+11,0
evt_241,87,3,-1,4,2,-0.257876,0.703723,2,-1250.07,-55.4352,110810,1519,432.49,152.49,9.21898e+11,0
evt_241,88,3,-1,1,3,2.68311,0.661112,1,-26.1534,-26.1534,740,740,117.49,117.49,1.49602e+14,1.10382e+12
evt_242,14,0,-1,4,2,2.87833,0.988081,2,-1250.27,-19.2745,90140,304,619.99,67.49,9.21941e+11,0
evt_242,15,0,-1,4,2,-0.0362014,0.626465,2,-1029.68,-64.4341,90872,1738,547.49,159.99,9.21941e+11,0
evt_242,37,1,-1,3,2,0.383368,0.699111,2,-80.2928,-27.9471,3043,921,199.99,132.49,9.21941e+11,0
evt_242,50,2,-1,2,1,-0.108036,1.27718,1,-35.2633,-35.2633,1390,1390,162.49,162.49,9.21941e+11,0
evt_242,62,2,-1,4,2,-0.236939,0.727455,1,-57.7911,-57.7911,362,362,67.49,67.49,9.21941e+11,0
evt_242,63,2,-1,4,2,-0.320918,1.30323,1,-44.5279,-44.5279,261,261,62.49,62.49,9.21941e+11,0
evt_242,80,3,-1,1,2,-1.94456,1.07053,1,-33.4132,-33.4132,1351,1351,164.99,164.99,9.21941e+11,0
evt_242,81,3,-1,1,2,-4.396,1.01885,1,-86.2113,-86.2113,4181,4181,244.99,244.99,9.21941e+11,0
evt_243,14,0,-1,4,2,-4.00985,0.788494,5,-1250.27,-28.5441,113461,506,482.49,99.99,9.21961e+11,0
evt_243,15,0,-1,4,2,-0.206774,0.801936,3,-685.103,-19.1738,82818,182,517.49,77.49,9.21961e+11,0
evt_243,16,0,-1,1,3,-0.591048,0.762151,1,-174.28,-174.28,6821,6821,242.49,242.49,9.21961e+11,0
evt_243,17,0,-1,1,3,-0.912065,0.698278,2,-68.9723,-46.7379,2853,1866,207.49,179.99,9.21961e+11,0
evt_243,24,1,-1,1,1,-2.52325,0.762114,1,-33.0926,-33.0926,1029,1029,134.99,134.99,9.21961e+11,0
evt_243,44,1,-1,3,3,-0.283167,0.757629,1,-367.182,-367.182,15518,15518,292.49,292.49,9.21961e+11,0
evt_243,56,2,-1,1,2,1.76052,0.77236,1,-46.4193,-46.4193,282,282,67.49,67.49,9.21961e+11,0
evt_243,57,2,-1,1,2,-1.87433,0.717483,1,-67.2039,-67.2039,442,442,67.49,67.49,9.21961e+11,0
evt_243,70,2,-1,4,3,2.1804,0.796432,2,-679.355,-23.5087,32425,574,427.49,104.99,9.21961e+11,0
evt_243,71,2,-1,4,3,1.83044,0.831766,3,-1249.86,-24.057,66111,512,424.99,102.49,9.21961e+11,0
evt_243,90,3,-1,2,3,-2.25068,0.974129,1,-690.863,-690.863,32412,32412,339.99,339.99,1.49602e+14,1.38423e+19
evt_243,91,3,-1,2,3,-2.20559,0.719499,1,-922.017,-922.017,42516,42516,367.49,367.49,0,1.38289e+19
evt_244,12,0,-1,3,2,1.60983,1.07213,2,-649.31,-32.9038,33390,1163,404.99,157.49,9.22022e+11,0
evt_244,13,0,-1,3,2,-1.0024,0.9981,1,-1122.2,-1122.2,61467,61467,399.99,399.99,9.22022e+11,0
evt_244,26,1,-1,2,1,-0.970844,1.1385,1,-373.588,-373.588,25555,25555,409.99,409.99,9.22022e+11,0
evt_244,27,1,-1,2,1,-0.691891,0.998041,1,-468.716,-468.716,29374,29374,374.99,374.99,9.22022e+11,0
evt_244,28,1,-1,3,1,-0.222617,0.506492,1,-166.868,-166.868,5891,5891,229.99,229.99,9.22022e+11,0
evt_244,29,1,-1,3,1,-1.25791,1.53811,1,-118.455,-118.455,5192,5192,247.49,247.49,9.22022e+11,0
evt_244,36,1,-1,3,2,-0.594104,0.809494,1,-114.336,-114.336,6241,6241,327.49,327.49,9.22022e+11,0
evt_244,37,1,-1,3,2,-2.5131,0.916976,1,-339.237,-339.237,15352,15352,299.99,299.99,9.22022e+11,0
evt_244,55,2,-1,4,1,2.78734,0.953349,1,-42.2829,-42.2829,1420,1420,157.49,157.49,9.22022e+11,0
evt_244,56,2,-1,1,2,-0.631545,0.514548,1,-465.802,-465.802,26675,26675,432.49,432.49,9.22022e+11,0
evt_244,57,2,-1,1,2,-0.873644,0.784802,1,-266.684,-266.684,10858,10858,267.49,267.49,9.22022e+11,0
evt_244,59,2,-1,2,2,-1.97186,0.824889,1,-29.7395,-29.7395,151,151,57.49,57.49,9.22022e+11,0
evt_244,94,3,-1,4,3,1.84275,0.922887,2,-1250.43,-25.6154,95266,398,424.99,99.99,4.38087e+11,4.62857e+18
evt_244,95,3,-1,4,3,1.27071,1.30328,5,-1250,-25.0481,87077,598,417.49,109.99,4.38087e+11,4.61894e+18
evt_245,6,0,-1,4,1,-0.0938705,1.03553,1,-90.9273,-90.9273,3793,3793,222.49,222.49,9.22133e+11,0
evt_245,7,0,-1,4,1,2.60057,1.18959,1,-16.3963,-16.3963,253,253,62.49,62.49,9.22133e+11,0
evt_245,30,1,-1,4,1,0.197945,1.23288,1,-181.818,-181.818,7284,7284,254.99,254.99,9.22133e+11,0
evt_245,54,2,-1,4,1,4.31072,0.75058,1,-80.8659,-80.8659,2558,2558,177.49,177.49,9.22133e+11,0
evt_245,55,2,-1,4,1,6.10079,1.01305,1,-280.256,-280.256,12506,12506,284.99,284.99,9.22133e+11,0
evt_245,56,2,-1,1,2,-16.7572,1.09391,2,-23.6761,-15.4785,16486,277,2229.99,54.99,9.22133e+11,0
evt_246,6,0,-1,4,1,0.636809,0.734826,1,-195.314,-195.314,8500,8500,272.49,272.49,9.22186e+11,0
evt_246,7,0,-1,4,1,0.744231,0.955391,1,-98.1716,-98.1716,4241,4241,229.99,229.99,9.22186e+11,0
evt_246,20,0,-1,3,3,-0.936911,0.645174,1,-280.141,-280.141,13289,13289,304.99,304.99,9.22186e+11,0
evt_246,21,0,-1,3,3,-1.36897,0.735162,2,-338.779,-45.5601,18659,1786,332.49,177.49,9.22186e+11,0
evt_246,22,0,-1,4,3,1.37238,1.82243,1,-103.359,-103.359,4284,4284,234.99,234.99,9.22186e+11,0
evt_246,36,1,-1,3,2,0.180242,0.749081,3,-1250.61,-25.0871,98005,396,437.49,67.49,9.22186e+11,0
evt_246,37,1,-1,3,2,-2.64886,1.13192,2,-1250.42,-33.6239,110384,710,447.49,109.99,9.22186e+11,0
evt_246,39,1,-1,4,2,0.919594,1.00555,2,-46.2862,-22.5668,2320,638,224.99,109.99,9.22186e+11,0
evt_246,46,1,-1,4,3,1.33397,1.09688,1,-224.402,-224.402,9260,9260,267.49,267.49,9.22186e+11,0
evt_246,47,1,-1,4,3,3.48602,0.884989,2,-193.215,-74.8421,8517,2630,272.49,184.99,9.22186e+11,0
evt_246,52,2,-1,3,1,4.73859,0.717802,1,-54.7093,-54.7093,1994,1994,179.99,179.99,9.22186e+11,0
evt_246,56,2,-1,1,2,-14.345,0.850407,5,-21.5405,-17.147,4029,772,609.99,129.99,9.22186e+11,0
evt_246,72,3,-1,1,1,-12.2613,0.777157,4,-20.8594,-15.8997,2718,511,434.99,97.49,9.22186e+11,0
evt_246,80,3,-1,1,2,7.97442,1.1605,1,-16.2801,-16.2801,299,299,77.49,77.49,9.22186e+11,0
evt_246,90,3,-1,2,3,7.29125,1.30069,2,-120.78,-25.9617,4240,709,204.99,114.99,1.49602e+14,4.5558e+18
evt_247,50,2,-1,2,1,-0.783845,0.917065,1,-36.2976,-36.2976,1459,1459,162.49,162.49,9.2223e+11,0
evt_247,56,2,-1,1,2,-18.8824,0.595298,1,-25.5858,-25.5858,19198,19198,2507.49,2507.49,9.2223e+11,0
evt_247,74,3,-1,2,1,9.3208,0.924144,1,-27.147,-27.147,834,834,127.49,127.49,9.2223e+11,0
evt_247,75,3,-1,2,1,2.63655,0.804428,1,-16.0508,-16.0508,351,351,69.99,69.99,9.2223e+11,0
evt_248,1,0,-1,1,1,-2.93009,1.21995,2,-67.1444,-66.7656,2341,2247,184.99,179.99,9.22248e+11,0
evt_248,40,1,-1,1,3,4.18013,1.04376,1,-1125.49,-1125.49,50640,50640,342.49,342.49,9.22248e+11,0
evt_248,41,1,-1,1,3,0.97445,0.721727,1,-982.218,-982.218,58480,58480,434.99,434.99,9.22248e+11,0
evt_248,56,2,-1,1,2,-1.01687,1.0089,1,-193.873,-193.873,9392,9392,292.49,292.49,9.22248e+11,0
evt_248,57,2,-1,1,2,-0.235526,0.674546,2,-237.14,-39.0754,9593,1212,257.49,139.99,9.22248e+11,0
evt_248,62,2,-1,4,2,-3.48847,0.8809,1,-55.5931,-55.5931,840,840,92.49,92.49,9.22248e+11,0
evt_248,63,2,-1,4,2,-0.686619,0.734995,1,-38.5398,-38.5398,471,471,87.49,87.49,9.22248e+11,0
evt_248,82,3,-1,2,2,8.80394,2.17673,2,-33.4242,-33.4077,929,914,127.49,127.49,9.22248e+11,0
evt_249,22,0,-1,4,3,4.48914,1.00957,1,-106.638,-106.638,5182,5182,337.49,337.49,9.22307e+11,0
evt_249,38,1,-1,4,2,0.824924,0.868713,1,-554.573,-554.573,24097,24097,319.99,319.99,9.22307e+11,0
evt_249,39,1,-1,4,2,-1.16996,1.54039,1,-110.219,-110.219,6116,6116,374.99,374.99,9.22307e+11,0
evt_249,57,2,-1,1,2,-2.06447,0.770504,1,-66.3028,-66.3028,2665,2665,197.49,197.49,9.22307e+11,0
evt_249,80,3,-1,1,2,-1.7716,1.59274,1,-17.6405,-17.6405,496,496,79.99,79.99,9.22307e+11,0
evt_249,85,3,-1,3,2,1.49419,0.787786,1,-50.7124,-50.7124,1626,1626,159.99,159.99,9.22307e+11,0
evt_250,6,0,-1,4,1,1.81861,1.12814,2,-247.456,-28.2139,13134,875,367.49,127.49,9.22417e+11,0
evt_250,7,0,-1,4,1,2.54121,0.786643,1,-76.0175,-76.0175,2917,2917,199.99,199.99,9.22417e+11,0
evt_250,36,1,-1,3,2,1.52577,0.820269,2,-1250.08,-96.1116,104700,2079,662.49,142.49,9.22417e+11,0
evt_250,37,1,-1,3,2,-0.797386,0.949626,2,-1250.38,-445.719,129758,18498,529.99,237.49,9.22417e+11,0
evt_250,46,1,-1,4,3,-0.0615706,0.846634,1,-1221.37,-1221.37,56512,56512,372.49,372.49,9.22417e+11,0
evt_250,47,1,-1,4,3,1.23346,0.900085,2,-1249.85,-196.187,59605,9330,507.49,282.49,9.22417e+11,0
evt_250,52,2,-1,3,1,-0.920836,0.896191,1,-24.9337,-24.9337,273,273,84.99,84.99,9.22417e+11,0
evt_250,53,2,-1,3,1,1.40942,0.710128,1,-26.6513,-26.6513,308,308,82.49,82.49,9.22417e+11,0
evt_250,58,2,-1,2,2,3.73765,0.738482,1,-465.811,-465.811,23760,23760,332.49,332.49,9.22417e+11,0
evt_250,59,2,-1,2,2,3.54847,0.781485,1,-398.025,-398.025,24325,24325,479.99,479.99,9.22417e+11,0
evt_250,60,2,-1,3,2,1.92889,0.8408,1,-48.7875,-48.7875,445,445,74.99,74.99,9.22417e+11,0
evt_250,61,2,-1,3,2,1.02905,0.757704,1,-37.9262,-37.9262,274,274,69.99,69.99,9.22417e+11,0
evt_250,72,3,-1,1,1,-1.0566,0.673136,1,-601.576,-601.576,33111,33111,364.99,364.99,9.22417e+11,0
evt_250,73,3,-1,1,1,1.0837,1.00466,2,-545.342,-50.8905,30527,968,359.99,59.99,9.22417e+11,0
evt_251,22,0,-1,4,3,-2.37273,1.63624,1,-36.3331,-36.3331,1288,1288,152.49,152.49,9.22573e+11,0
evt_251,44,1,-1,3,3,1.98506,1.00189,1,-154.065,-154.065,5891,5891,232.49,232.49,9.22573e+11,0
evt_251,45,1,-1,3,3,-1.36694,1.97794,1,-22.7338,-22.7338,751,751,122.49,122.49,9.22573e+11,0
evt_251,54,2,-1,4,1,1.31917,0.873972,1,-442.704,-442.704,17320,17320,287.49,287.49,9.22573e+11,0
evt_251,55,2,-1,4,1,-1.16114,0.818551,2,-414.068,-90.8149,20276,3597,337.49,214.99,9.22573e+11,0
evt_251,93,3,-1,3,3,-0.791403,0.812625,1,-122.001,-122.001,4377,4377,202.49,202.49,0,4.62027e+18
evt_252,16,0,-1,1,3,7.4541,0.818273,1,-105.5,-105.5,3870,3870,224.99,224.99,9.22591e+11,0
evt_252,17,0,-1,1,3,6.41823,0.781362,1,-51.4279,-51.4279,1924,1924,174.99,174.99,9.22591e+11,0
evt_252,47,1,-1,4,3,-0.327085,1.04923,1,-105.837,-105.837,4147,4147,219.99,219.99,9.22591e+11,0
evt_252,60,2,-1,3,2,-0.299871,0.71405,1,-40.4705,-40.4705,2388,2388,279.99,279.99,9.22591e+11,0
evt_252,61,2,-1,3,2,-3.22955,0.710043,1,-49.2955,-49.2955,1940,1940,187.49,187.49,9.22591e+11,0
evt_252,73,3,-1,1,1,4.93972,0.944172,1,-41.0577,-41.0577,1521,1521,169.99,169.99,9.22591e+11,0
evt_253,62,2,-1,4,2,1.62955,1.29978,1,-39.2702,-39.2702,445,445,77.49,77.49,9.2263e+11,0
evt_253,63,2,-1,4,2,-6.04773,1.21171,1,-25.4305,-25.4305,288,288,69.99,69.99,9.2263e+11,0
evt_254,2,0,-1,2,1,-0.387963,0.806625,2,-608.59,-24.0487,52466,300,387.49,89.99,9.22652e+11,0
evt_254,3,0,-1,2,1,-6.73713,1.02681,1,-973.889,-973.889,82756,82756,707.49,707.49,9.22652e+11,0
evt_254,24,1,-1,1,1,0.644474,0.91762,2,-146.172,-34.8076,7938,1090,279.99,137.49,9.22652e+11,0
evt_254,25,1,-1,1,1,-0.194776,0.680509,1,-210.179,-210.179,11746,11746,334.99,334.99,9.22652e+11,0
evt_254,52,2,-1,3,1,4.29594,0.968999,1,-196.688,-196.688,8493,8493,274.99,274.99,9.22652e+11,0
evt_254,80,3,-1,1,2,2.39868,1.1628,3,-931.466,-33.7702,52289,1380,469.99,159.99,9.22652e+11,0
evt_254,81,3,-1,1,2,1.23758,0.979151,3,-1221.85,-17.1579,67873,309,394.99,67.49,9.22652e+11,0
evt_254,84,3,-1,3,2,-182.057,12.0848,4,-202.404,-66.624,8291,1342,327.49,129.99,9.22652e+11,0
evt_254,85,3,-1,3,2,-15.2957,27.7854,2,-48.5323,-27.0642,419,351,94.99,89.99,9.22652e+11,0
evt_255,4,0,-1,3,1,-1215.86,51.4307,1,-1249.78,-1249.78,46323,46323,284.99,284.99,9.22653e+11,0
evt_255,5,0,-1,3,1,-1093.96,84.1912,5,-1196.83,-31.7554,43933,670,277.49,112.49,9.22653e+11,0
evt_255,14,0,-1,4,2,-225.157,52.2683,1,-268.567,-268.567,8403,8403,234.99,234.99,9.22653e+11,0
evt_255,15,0,-1,4,2,-60.5881,4.78752,1,-58.042,-58.042,1403,1403,142.49,142.49,9.22653e+11,0
evt_255,46,1,-1,4,3,4.29634,0.767292,2,-777.29,-34.5437,36694,1311,349.99,162.49,9.22653e+11,0
evt_255,47,1,-1,4,3,-0.35245,1.13866,1,-716.395,-716.395,31968,31968,334.99,334.99,9.22653e+11,0
evt_255,52,2,-1,3,1,-0.891021,0.745215,1,-16.9947,-16.9947,172,172,57.49,57.49,9.22653e+11,0
evt_255,56,2,-1,1,2,-14.729,0.788933,4,-17.995,-15.0977,994,284,167.49,54.99,9.22653e+11,0
evt_255,62,2,-1,4,2,-1.54037,0.925207,1,-142.97,-142.97,6456,6456,254.99,254.99,9.22653e+11,0
evt_255,63,2,-1,4,2,-1.62433,1.10246,1,-190.357,-190.357,9330,9330,294.99,294.99,9.22653e+11,0
evt_255,76,3,-1,3,1,-2.60145,0.821994,1,-397.043,-397.043,23321,23321,377.49,377.49,9.22653e+11,0
evt_255,77,3,-1,3,1,0.414022,0.702347,2,-781.352,-79.6426,40851,3755,367.49,247.49,9.22653e+11,0
evt_256,6,0,-1,4,1,-0.788199,0.744367,2,-329.707,-19.2146,15884,508,309.99,97.49,9.22655e+11,0
evt_256,7,0,-1,4,1,-3.36921,0.849205,1,-44.9501,-44.9501,1592,1592,167.49,167.49,9.22655e+11,0
evt_256,30,1,-1,4,1,-0.19961,0.758927,1,-133.679,-133.679,4882,4882,219.99,219.99,9.22655e+11,0
evt_256,31,1,-1,4,1,1.83268,0.680595,1,-39.575,-39.575,1674,1674,179.99,179.99,9.22655e+11,0
evt_256,62,2,-1,4,2,5.09978,0.862498,1,-52.2028,-52.2028,256,256,49.99,49.99,9.22655e+11,0
evt_256,63,2,-1,4,2,1.28914,0.759001,1,-81.2763,-81.2763,3372,3372,217.49,217.49,9.22655e+11,0
evt_256,82,3,-1,2,2,-18.5293,3.56585,1,-27.4458,-27.4458,638,638,114.99,114.99,9.22655e+11,0
evt_256,83,3,-1,2,2,2.52388,0.876079,1,-133.971,-133.971,7347,7347,277.49,277.49,9.22655e+11,0
evt_257,6,0,-1,4,1,1.31615,0.930282,1,-195.005,-195.005,8507,8507,264.99,264.99,9.22674e+11,0
evt_257,7,0,-1,4,1,-0.725991,0.956072,1,-153.409,-153.409,6620,6620,249.99,249.99,9.22674e+11,0
evt_257,14,0,-1,4,2,0.935821,0.901151,2,-775.925,-23.699,42616,647,384.99,112.49,9.22674e+11,0
evt_257,15,0,-1,4,2,-1.06014,0.735685,2,-548.613,-43.843,45957,1533,399.99,159.99,9.22674e+11,0
evt_257,37,1,-1,3,2,-36.7477,5.44201,1,-26.9629,-26.9629,448,448,82.49,82.49,9.22674e+11,0
evt_257,38,1,-1,4,2,2.07034,0.913409,1,-42.0898,-42.0898,1411,1411,154.99,154.99,9.22674e+11,0
evt_257,39,1,-1,4,2,-0.821288,1.15534,1,-138.818,-138.818,5974,5974,242.49,242.49,9.22674e+11,0
evt_257,44,1,-1,3,3,1.50667,1.01543,1,-153.756,-153.756,10782,10782,352.49,352.49,9.22674e+11,0
evt_257,45,1,-1,3,3,-1.31054,0.868526,1,-156.958,-156.958,7254,7254,264.99,264.99,9.22674e+11,0
evt_257,63,2,-1,4,2,3.2278,1.39918,1,-73.9248,-73.9248,5107,5107,299.99,299.99,9.22674e+11,0
evt_257,68,2,-1,3,3,2.15977,1.08891,2,-359.81,-59.6337,15339,1919,299.99,167.49,9.22674e+11,0
evt_257,69,2,-1,3,3,-3.15995,0.970675,1,-348.782,-348.782,16260,16260,329.99,329.99,9.22674e+11,0
evt_257,78,3,-1,4,1,-11.1869,1.13576,1,-16.8489,-16.8489,652,652,117.49,117.49,9.22674e+11,0
evt_257,86,3,-1,4,2,22.525,1.12141,3,-78.5752,-20.7747,2205,276,159.99,77.49,9.22674e+11,0
evt_258,12,0,-1,3,2,-12.2928,5.41677,2,-22.1498,-18.3337,549,357,102.49,79.99,9.22702e+11,0
evt_258,13,0,-1,3,2,22.5362,0.953722,1,-16.6675,-16.6675,281,281,67.49,67.49,9.22702e+11,0
evt_258,36,1,-1,3,2,-1109.13,170.943,3,-813.493,-17.0035,19500,256,254.99,62.49,9.22702e+11,0
evt_258,37,1,-1,3,2,-1249.26,0.479233,3,-1250.04,-65.4171,40630,1199,264.99,127.49,9.22702e+11,0
evt_258,42,1,-1,2,3,-1249.29,0.433651,4,-1250.23,-29.7374,50387,307,267.49,99.99,9.22702e+11,0
evt_258,43,1,-1,2,3,-1198.45,90.5797,2,-959.88,-20.398,23895,278,282.49,82.49,9.22702e+11,0
evt_258,61,2,-1,3,2,2.90921,0.834277,1,-35.761,-35.761,1221,1221,149.99,149.99,9.22702e+11,0
evt_258,80,3,-1,1,2,1.39041,1.01507,2,-18.0546,-17.8442,775,524,149.99,94.99,9.22702e+11,0
evt_258,89,3,-1,1,3,1.57914,0.907785,1,-163.026,-163.026,6354,6354,239.99,239.99,1.49602e+14,4.5822e+18
evt_259,14,0,-1,4,2,0.548435,0.857634,1,-82.9644,-82.9644,3510,3510,222.49,222.49,9.22783e+11,0
evt_259,15,0,-1,4,2,0.699106,0.868465,1,-180.753,-180.753,11222,11222,334.99,334.99,9.22783e+11,0
evt_259,26,1,-1,2,1,-0.681953,1.23605,1,-241.03,-241.03,12794,12794,402.49,402.49,9.22783e+11,0
evt_259,27,1,-1,2,1,0.0216231,0.87453,2,-114.569,-34.5398,5115,1229,242.49,157.49,9.22783e+11,0
evt_259,50,2,-1,2,1,-0.474533,0.820464,1,-38.8787,-38.8787,392,392,79.99,79.99,9.22783e+11,0
evt_259,51,2,-1,2,1,1.349,0.880648,2,-32.5398,-26.2344,960,285,139.99,77.49,9.22783e+11,0
evt_259,52,2,-1,3,1,-2.41655,0.742657,1,-17.6137,-17.6137,190,190,67.49,67.49,9.22783e+11,0
evt_259,62,2,-1,4,2,-0.404073,1.04892,1,-54.5648,-54.5648,556,556,77.49,77.49,9.22783e+11,0
evt_259,63,2,-1,4,2,-2.44609,1.12293,1,-36.7483,-36.7483,358,358,72.49,72.49,9.22783e+11,0
evt_259,72,3,-1,1,1,0.119846,0.914195,1,-708.172,-708.172,40628,40628,389.99,389.99,9.22783e+11,0
evt_259,73,3,-1,1,1,2.06255,0.875567,1,-851.907,-851.907,44186,44186,362.49,362.49,9.22783e+11,0
evt_259,74,3,-1,2,1,16.4569,1.11188,2,-24.0562,-23.7899,620,547,112.49,109.99,9.22783e+11,0
evt_260,2,0,-1,2,1,2.01525,0.857624,2,-704.704,-37.9787,36887,1308,334.99,169.99,9.22959e+11,0
evt_260,3,0,-1,2,1,7.34767,1.21127,1,-478.734,-478.734,27608,27608,409.99,409.99,9.22959e+11,0
evt_260,4,0,-1,3,1,1.16829,0.819476,2,-1250.42,-139.463,139586,4425,499.99,199.99,9.22959e+11,0
evt_260,5,0,-1,3,1,0.718854,0.884449,1,-1250.39,-1250.39,160928,160928,517.49,517.49,9.22959e+11,0
evt_260,6,0,-1,4,1,-1.1682,0.929186,1,-1250.42,-1250.42,622165,622165,1317.49,1317.49,9.22959e+11,0
evt_260,7,0,-1,4,1,3.75336,1.2843,2,-1250.46,-423.034,380283,14277,1072.49,227.49,9.22959e+11,0
evt_260,10,0,-1,2,2,1.31436,0.83697,1,-612.212,-612.212,45825,45825,459.99,459.99,9.22959e+11,0
evt_260,11,0,-1,2,2,1.87159,0.791735,3,-858.842,-39.8451,63290,1161,427.49,142.49,9.22959e+11,0
evt_260,12,0,-1,3,2,1.20201,0.615435,1,-1250.16,-1250.16,83951,83951,427.49,427.49,9.22959e+11,0
evt_260,13,0,-1,3,2,1.83694,0.615978,2,-1250.54,-232.83,96561,8053,479.99,212.49,9.22959e+11,0
evt_260,14,0,-1,4,2,1.52137,1.16837,2,-1250.5,-136.671,226609,2184,727.49,162.49,9.22959e+11,0
evt_260,15,0,-1,4,2,0.0176829,0.813401,2,-682.323,-349.329,193496,8429,884.99,74.99,9.22959e+11,0
evt_260,16,0,-1,1,3,0.995344,0.740516,1,-316.891,-316.891,14183,14183,289.99,289.99,9.22959e+11,0
evt_260,17,0,-1,1,3,-0.384349,0.897644,2,-161.424,-84.5994,6842,3521,244.99,212.49,9.22959e+11,0
evt_260,20,0,-1,3,3,1.47726,0.720664,1,-1054.7,-1054.7,58419,58419,522.49,522.49,9.22959e+11,0
evt_260,21,0,-1,3,3,-2.04684,0.945059,1,-1005.12,-1005.12,52673,52673,377.49,377.49,9.22959e+11,0
evt_260,22,0,-1,4,3,-1.7331,0.713445,1,-233.863,-233.863,12218,12218,417.49,417.49,9.22959e+11,0
evt_260,23,0,-1,4,3,1.18901,0.859352,1,-215.752,-215.752,8443,8443,259.99,259.99,9.22959e+11,0
evt_260,26,1,-1,2,1,1.11658,1.72798,2,-1251.3,-64.329,153175,458,534.99,24.99,9.22959e+11,0
evt_260,27,1,-1,2,1,2.45942,0.894861,1,-1249.2,-1249.2,153748,153748,829.99,829.99,9.22959e+11,0
evt_260,28,1,-1,3,1,2.54834,1.04367,1,-814.354,-814.354,44549,44549,372.49,372.49,9.22959e+11,0
evt_260,29,1,-1,3,1,-0.975143,0.828485,3,-670.196,-29.3173,30457,734,317.49,122.49,9.22959e+11,0
evt_260,34,1,-1,2,2,2.54768,0.708336,3,-1250.23,-70.9951,127521,421,484.99,22.49,9.22959e+11,0
evt_260,35,1,-1,2,2,0.989148,0.671802,1,-1250.46,-1250.46,124947,124947,632.49,632.49,9.22959e+11,0
evt_260,36,1,-1,3,2,1.22185,0.630194,2,-1239.94,-19.637,64480,355,374.99,82.49,9.22959e+11,0
evt_260,37,1,-1,3,2,-0.0583914,0.904156,1,-1250.5,-1250.5,75889,75889,382.49,382.49,9.22959e+11,0
evt_260,38,1,-1,4,2,0.981239,1.40831,1,-177.524,-177.524,7056,7056,249.99,249.99,9.22959e+11,0
evt_260,39,1,-1,4,2,0.265854,1.05063,1,-54.7092,-54.7092,2173,2173,184.99,184.99,9.22959e+11,0
evt_260,40,1,-1,1,3,3.3735,0.818315,2,-1102.5,-38.6245,60015,901,419.99,127.49,9.22959e+11,0
evt_260,41,1,-1,1,3,0.192531,0.76418,1,-1233.5,-1233.5,68590,68590,382.49,382.49,9.22959e+11,0
evt_260,42,1,-1,2,3,9.91246,1.18653,1,-816.633,-816.633,42649,42649,377.49,377.49,9.22959e+11,0
evt_260,43,1,-1,2,3,2.15829,0.808166,1,-297.298,-297.298,15221,15221,317.49,317.49,9.22959e+11,0
evt_260,44,1,-1,3,3,4.35582,1.14569,2,-822.961,-35.8781,37994,973,334.99,134.99,9.22959e+11,0
evt_260,45,1,-1,3,3,0.632348,0.81122,1,-508.894,-508.894,28127,28127,354.99,354.99,9.22959e+11,0
evt_260,46,1,-1,4,3,0.463783,1.07138,1,-240.613,-240.613,11821,11821,299.99,299.99,9.22959e+11,0
evt_260,47,1,-1,4,3,0.526347,0.889737,1,-461.504,-461.504,24659,24659,344.99,344.99,9.22959e+11,0
evt_260,48,2,-1,1,1,0.70816,0.972747,3,-520.145,-34.4623,25496,1273,339.99,157.49,9.22959e+11,0
evt_260,49,2,-1,1,1,0.0266274,0.860811,1,-124.631,-124.631,6057,6057,262.49,262.49,9.22959e+11,0
evt_260,50,2,-1,2,1,0.29334,0.898925,1,-39.8503,-39.8503,1557,1557,169.99,169.99,9.22959e+11,0
evt_260,51,2,-1,2,1,0.36197,0.775133,1,-72.9717,-72.9717,3329,3329,224.99,224.99,9.22959e+11,0
evt_260,52,2,-1,3,1,-1.59776,0.806955,2,-573.332,-216.439,26729,8372,329.99,187.49,9.22959e+11,0
evt_260,53,2,-1,3,1,1.43888,0.889244,2,-607.449,-16.0904,28701,307,329.99,69.99,9.22959e+11,0
evt_260,56,2,-1,1,2,0.878781,0.909082,2,-60.5683,-19.9391,2520,1028,194.99,179.99,9.22959e+11,0
evt_260,57,2,-1,1,2,1.64039,0.779068,1,-145.108,-145.108,5283,5283,227.49,227.49,9.22959e+11,0
evt_260,58,2,-1,2,2,-0.512883,0.778454,3,-372.939,-68.3103,21698,377,344.99,64.99,9.22959e+11,0
evt_260,59,2,-1,2,2,1.10971,0.617077,2,-268.858,-44.8501,14931,212,382.49,59.99,9.22959e+11,0
evt_260,60,2,-1,3,2,-0.712563,0.70398,2,-236.739,-44.3398,10295,510,284.99,84.99,9.22959e+11,0
evt_260,61,2,-1,3,2,-0.00763448,1.09363,2,-120.512,-31.8325,5779,974,272.49,129.99,9.22959e+11,0
evt_260,64,2,-1,1,3,4.10506,0.661433,1,-64.2029,-64.2029,2528,2528,197.49,197.49,9.22959e+11,0
evt_260,65,2,-1,1,3,0.479198,0.648329,2,-283.878,-190.892,11146,7451,279.99,254.99,9.22959e+11,0
evt_260,66,2,-1,2,3,-0.535393,0.662708,1,-1250.19,-1250.19,70965,70965,372.49,372.49,9.22959e+11,0
evt_260,67,2,-1,2,3,1.7063,0.480574,2,-1144.25,-42.3925,57503,1504,374.99,162.49,9.22959e+11,0
evt_260,70,2,-1,4,3,46.8737,3.85243,1,-39.0446,-39.0446,276,276,89.99,89.99,9.22959e+11,0
evt_260,72,3,-1,1,1,10.2181,0.966907,1,-33.0923,-33.0923,1287,1287,154.99,154.99,9.22959e+11,0
evt_260,73,3,-1,1,1,-5.67918,0.847897,1,-43.0052,-43.0052,1866,1866,187.49,187.49,9.22959e+11,0
evt_260,78,3,-1,4,1,-9.11063,2.12303,3,-53.4919,-15.1695,3320,290,287.49,59.99,9.22959e+11,0
evt_260,79,3,-1,4,1,-1.93483,0.828748,1,-85.0973,-85.0973,4026,4026,244.99,244.99,9.22959e+11,0
evt_260,80,3,-1,1,2,1.3887,0.79963,2,-1249.93,-19.4793,77578,467,489.99,99.99,9.22959e+11,0
evt_260,81,3,-1,1,2,-3.17501,0.812873,1,-1250.18,-1250.18,86249,86249,417.49,417.49,9.22959e+11,0
evt_260,88,3,-1,1,3,1.92271,0.685299,1,-67.2156,-67.2156,2336,2336,182.49,182.49,1.49602e+14,1.10382e+12
evt_260,89,3,-1,1,3,1.87597,0.995934,1,-28.2092,-28.2092,1582,1582,222.49,222.49,1.49602e+14,1.38477e+19
evt_261,12,0,-1,3,2,0.91278,1.08626,1,-136.182,-136.182,5620,5620,247.49,247.49,9.22962e+11,0
evt_261,13,0,-1,3,2,-0.798543,0.761121,1,-104.227,-104.227,4557,4557,239.99,239.99,9.22962e+11,0
evt_261,36,1,-1,3,2,2.02031,0.81051,1,-57.6052,-57.6052,1985,1985,179.99,179.99,9.22962e+11,0
evt_261,37,1,-1,3,2,-3.03532,0.725907,1,-52.8006,-52.8006,1846,1846,172.49,172.49,9.22962e+11,0
evt_261,56,2,-1,1,2,-5.83239,0.88378,1,-31.0759,-31.0759,1386,1386,172.49,172.49,9.22962e+11,0
evt_261,57,2,-1,1,2,1.47865,0.757752,1,-132.52,-132.52,5301,5301,242.49,242.49,9.22962e+11,0
evt_261,72,3,-1,1,1,-15.6997,0.804223,4,-25.963,-18.0738,7605,1403,1144.99,224.99,9.22962e+11,0
evt_262,14,0,-1,4,2,0.749372,1.01707,1,-232.407,-232.407,12341,12341,304.99,304.99,9.22972e+11,0
evt_262,15,0,-1,4,2,-1.41459,0.979509,2,-200.898,-19.7464,10450,625,312.49,112.49,9.22972e+11,0
evt_262,38,1,-1,4,2,2.9838,1.00804,2,-378.734,-41.2504,16276,1202,294.99,142.49,9.22972e+11,0
evt_262,39,1,-1,4,2,2.41604,0.884299,1,-247.159,-247.159,10144,10144,259.99,259.99,9.22972e+11,0
evt_262,62,2,-1,4,2,-2.37378,0.95838,1,-216.64,-216.64,13965,13965,392.49,392.49,9.22972e+11,0
evt_262,63,2,-1,4,2,3.75825,1.01822,1,-391.583,-391.583,17844,17844,304.99,304.99,9.22972e+11,0
evt_263,12,0,-1,3,2,2.90081,0.864732,1,-1250.38,-1250.38,77024,77024,384.99,384.99,9.22988e+11,0
evt_263,13,0,-1,3,2,-2.58896,0.672716,1,-1250.2,-1250.2,99353,99353,427.49,427.49,9.22988e+11,0
evt_263,18,0,-1,2,3,1.33588,1.22698,2,-989.079,-51.8492,53305,1396,442.49,142.49,9.22988e+11,0
evt_263,19,0,-1,2,3,-0.0619084,0.491458,1,-734.401,-734.401,41290,41290,419.99,419.99,9.22988e+11,0
evt_263,42,1,-1,2,3,0.286111,0.8831,4,-1250.19,-35.5731,90165,829,424.99,107.49,9.22988e+11,0
evt_263,43,1,-1,2,3,-0.00899121,1.00504,2,-1025.94,-46.7419,47729,1397,357.49,147.49,9.22988e+11,0
evt_263,56,2,-1,1,2,-16.9397,0.704534,5,-24.2865,-15.2112,5227,275,792.49,42.49,9.22988e+11,0
evt_263,58,2,-1,2,2,0.0615228,0.752504,1,-44.5456,-44.5456,263,263,59.99,59.99,9.22988e+11,0
evt_263,59,2,-1,2,2,-0.895029,0.808066,1,-56.3801,-56.3801,230,230,59.99,59.99,9.22988e+11,0
evt_263,65,2,-1,1,3,0.82587,0.724667,1,-26.3427,-26.3427,804,804,124.99,124.99,9.22988e+11,0
evt_263,89,3,-1,1,3,1.45008,0.71643,2,-49.4101,-24.0538,1743,703,172.49,114.99,1.49602e+14,1.38083e+19
evt_264,13,0,-1,3,2,47.509,6.91642,2,-678.47,-87.154,29710,1920,254.99,144.99,9.22988e+11,0
evt_264,20,0,-1,3,3,36.0513,5.69938,1,-50.5539,-50.5539,1418,1418,157.49,157.49,9.22988e+11,0
evt_264,28,1,-1,3,1,3.46182,1.02789,1,-39.2685,-39.2685,1094,1094,132.49,132.49,9.22988e+11,0
evt_264,44,1,-1,3,3,64.4324,3.24808,1,-164.136,-164.136,2905,2905,139.99,139.99,9.22988e+11,0
evt_264,54,2,-1,4,1,-1.02772,1.03111,1,-65.921,-65.921,2610,2610,199.99,199.99,9.22988e+11,0
evt_264,55,2,-1,4,1,-2.46895,0.774432,1,-82.3983,-82.3983,3777,3777,237.49,237.49,9.22988e+11,0
evt_264,68,2,-1,3,3,52.8707,0.822309,1,-354.482,-354.482,12026,12026,229.99,229.99,9.22988e+11,0
evt_264,69,2,-1,3,3,18.324,1.07859,2,-101.834,-19.941,4168,419,214.99,89.99,9.22988e+11,0
evt_264,82,3,-1,2,2,4.08155,1.48266,2,-351.74,-45.9023,18182,1737,319.99,182.49,9.22988e+11,0
evt_264,83,3,-1,2,2,0.118166,0.898308,1,-185.211,-185.211,8089,8089,267.49,267.49,9.22988e+11,0
evt_265,20,0,-1,3,3,0.819082,0.679493,3,-1125.41,-30.426,54315,908,349.99,132.49,9.22997e+11,0
evt_265,21,0,-1,3,3,1.1058,0.677986,1,-961.893,-961.893,50328,50328,372.49,372.49,9.22997e+11,0
evt_265,34,1,-1,2,2,-2.36906,0.76632,1,-792.119,-792.119,38430,38430,364.99,364.99,9.22997e+11,0
evt_265,35,1,-1,2,2,3.39656,1.39874,1,-738.592,-738.592,35187,35187,344.99,344.99,9.22997e+11,0
evt_265,44,1,-1,3,3,2.89876,1.27905,1,-789.415,-789.415,35881,35881,332.49,332.49,9.22997e+11,0
evt_265,45,1,-1,3,3,1.50459,1.14862,3,-360.624,-37.4774,17943,1017,347.49,99.99,9.22997e+11,0
evt_265,60,2,-1,3,2,-2.14309,0.683182,1,-39.1484,-39.1484,417,417,74.99,74.99,9.22997e+11,0
evt_265,68,2,-1,3,3,0.262083,1.07469,1,-82.3219,-82.3219,4797,4797,267.49,267.49,9.22997e+11,0
evt_265,69,2,-1,3,3,5.08379,0.907028,1,-138.969,-138.969,5979,5979,254.99,254.99,9.22997e+11,0
evt_265,80,3,-1,1,2,-2.0336,1.15698,1,-16.1714,-16.1714,382,382,72.49,72.49,9.22997e+11,0
evt_265,84,3,-1,3,2,-0.810619,0.914328,1,-122.369,-122.369,5536,5536,257.49,257.49,9.22997e+11,0
evt_265,85,3,-1,3,2,-0.62933,0.861299,1,-32.901,-32.901,1100,1100,144.99,144.99,9.22997e+11,0
evt_265,93,3,-1,3,3,-9.83899,1.00495,4,-22.2292,-16.472,1954,470,282.49,84.99,0,1.38945e+19
evt_265,94,3,-1,4,3,0.308188,0.949724,2,-1250.27,-49.4532,103169,1098,572.49,132.49,4.38087e+11,1.38914e+19
evt_265,95,3,-1,4,3,-0.936368,0.995164,3,-1249.89,-29.5429,102616,923,502.49,134.99,4.38087e+11,1.38975e+19
evt_266,4,0,-1,3,1,0.574105,0.525846,1,-295.775,-295.775,14165,14165,332.49,332.49,9.22999e+11,0
evt_266,5,0,-1,3,1,1.08814,1.19708,1,-550.648,-550.648,27014,27014,469.99,469.99,9.22999e+11,0
evt_266,26,1,-1,2,1,3.91738,1.28381,1,-120.935,-120.935,6680,6680,287.49,287.49,9.22999e+11,0
evt_266,27,1,-1,2,1,1.02056,0.731744,1,-215.101,-215.101,9478,9478,274.99,274.99,9.22999e+11,0
evt_266,57,2,-1,1,2,-0.0123456,0.632322,1,-66.4103,-66.4103,3331,3331,234.99,234.99,9.22999e+11,0
evt_266,60,2,-1,3,2,-1.53052,1.13352,1,-39.3351,-39.3351,492,492,84.99,84.99,9.22999e+11,0
evt_266,61,2,-1,3,2,-2.42411,0.687059,1,-82.7627,-82.7627,5202,5202,362.49,362.49,9.22999e+11,0
evt_266,74,3,-1,2,1,0.672877,0.963529,1,-156.121,-156.121,7174,7174,262.49,262.49,9.22999e+11,0
evt_266,75,3,-1,2,1,1.17006,0.663631,1,-115.633,-115.633,5650,5650,267.49,267.49,9.22999e+11,0
evt_266,95,3,-1,4,3,2.40384,0.833521,1,-304.05,-304.05,13196,13196,284.99,284.99,4.38087e+11,1.38179e+19
evt_267,6,0,-1,4,1,-0.660965,0.950281,1,-169.777,-169.777,8794,8794,284.99,284.99,9.23009e+11,0
evt_267,7,0,-1,4,1,-0.825798,1.27047,2,-118.746,-53.0696,5039,864,242.49,54.99,9.23009e+11,0
evt_267,34,1,-1,2,2,0.829546,1.18929,1,-61.9529,-61.9529,2223,2223,179.99,179.99,9.23009e+11,0
evt_267,35,1,-1,2,2,-0.378938,0.716667,1,-29.8885,-29.8885,1054,1054,142.49,142.49,9.23009e+11,0
evt_267,47,1,-1,4,3,3.89978,8.55257,1,-962.848,-962.848,34444,34444,259.99,259.99,9.23009e+11,0
evt_267,56,2,-1,1,2,1.97935,0.945952,1,-136.144,-136.144,7602,7602,274.99,274.99,9.23009e+11,0
evt_267,57,2,-1,1,2,-5.30158,1.4357,1,-89.0244,-89.0244,3709,3709,227.49,227.49,9.23009e+11,0
evt_267,72,3,-1,1,1,0.0117356,1.00162,1,-1250.2,-1250.2,77191,77191,427.49,427.49,9.23009e+11,0
evt_267,73,3,-1,1,1,-2.12005,1.1208,1,-1249.97,-1249.97,88316,88316,402.49,402.49,9.23009e+11,0
evt_268,52,2,-1,3,1,1.54243,0.916501,1,-18.1915,-18.1915,144,144,62.49,62.49,9.2303e+11,0
evt_268,53,2,-1,3,1,1.55269,1.14636,1,-33.9503,-33.9503,174,174,67.49,67.49,9.2303e+11,0
evt_268,54,2,-1,4,1,4.57545,0.747101,1,-36.251,-36.251,103,103,59.99,59.99,9.2303e+11,0
evt_269,4,0,-1,3,1,-1.03872,0.723029,1,-37.2861,-37.2861,1472,1472,164.99,164.99,9.23093e+11,0
evt_269,5,0,-1,3,1,-1.12127,1.11711,1,-222.417,-222.417,12166,12166,362.49,362.49,9.23093e+11,0
evt_269,16,0,-1,1,3,64.6429,1.13585,4,-87.3783,-41.67,2634,557,174.99,109.99,9.23093e+11,0
evt_269,17,0,-1,1,3,12.4549,5.36699,1,-37.2545,-37.2545,354,354,99.99,99.99,9.23093e+11,0
evt_269,28,1,-1,3,1,1.60704,0.918876,1,-1247.83,-1247.83,61126,61126,409.99,409.99,9.23093e+11,0
evt_269,29,1,-1,3,1,1.2694,1.06921,2,-560.703,-45.1012,28994,1521,357.49,157.49,9.23093e+11,0
evt_269,30,1,-1,4,1,1.35446,0.919045,1,-532.987,-532.987,28148,28148,329.99,329.99,9.23093e+11,0
evt_269,31,1,-1,4,1,2.33602,0.836964,1,-165.119,-165.119,6523,6523,249.99,249.99,9.23093e+11,0
evt_269,56,2,-1,1,2,1.68297,0.728974,2,-399.856,-66.7301,21560,2204,332.49,109.99,9.23093e+11,0
evt_269,57,2,-1,1,2,1.02375,0.880802,2,-284.912,-18.7563,11531,409,267.49,87.49,9.23093e+11,0
evt_269,60,2,-1,3,2,0.478544,0.814062,1,-45.1738,-45.1738,1498,1498,157.49,157.49,9.23093e+11,0
evt_269,61,2,-1,3,2,1.42449,0.76617,1,-170.84,-170.84,6992,6992,254.99,254.99,9.23093e+11,0
evt_269,68,2,-1,3,3,18.7252,0.703966,1,-169.692,-169.692,5729,5729,209.99,209.99,9.23093e+11,0
evt_269,69,2,-1,3,3,3.71111,0.782808,1,-43.0431,-43.0431,2070,2070,197.49,197.49,9.23093e+11,0
evt_269,80,3,-1,1,2,2.57716,1.54625,2,-132.866,-57.9055,6985,2652,299.99,219.99,9.23093e+11,0
evt_269,81,3,-1,1,2,-2.96512,2.21024,1,-223.887,-223.887,11176,11176,304.99,304.99,9.23093e+11,0
evt_270,0,0,-1,1,1,-2.0043,0.971333,2,-94.3561,-51.5052,4434,1859,249.99,164.99,9.23137e+11,0
evt_270,1,0,-1,1,1,0.264002,1.13534,2,-368.256,-35.7667,13069,445,257.49,39.99,9.23137e+11,0
evt_270,24,1,-1,1,1,3.68145,1.09326,1,-208.163,-208.163,9756,9756,284.99,284.99,9.23137e+11,0
evt_270,25,1,-1,1,1,0.381537,0.832568,1,-110.449,-110.449,5292,5292,264.99,264.99,9.23137e+11,0
evt_270,48,2,-1,1,1,1.55184,0.427452,1,-155.664,-155.664,8010,8010,289.99,289.99,9.23137e+11,0
evt_270,49,2,-1,1,1,-0.966897,0.659473,1,-92.3827,-92.3827,4065,4065,232.49,232.49,9.23137e+11,0
evt_270,56,2,-1,1,2,-16.8796,1.1157,4,-22.192,-18.5331,5742,1459,887.49,224.99,9.23137e+11,0
evt_271,12,0,-1,3,2,0.249054,0.900037,1,-1250.04,-1250.04,71568,71568,407.49,407.49,9.23148e+11,0
evt_271,13,0,-1,3,2,0.211856,0.765072,1,-1250.39,-1250.39,91930,91930,482.49,482.49,9.23148e+11,0
evt_271,30,1,-1,4,1,3.5122,0.853278,1,-212.928,-212.928,8195,8195,242.49,242.49,9.23148e+11,0
evt_271,31,1,-1,4,1,0.918596,0.570131,1,-91.381,-91.381,4340,4340,237.49,237.49,9.23148e+11,0
evt_271,52,2,-1,3,1,1.15844,1.06273,1,-746.703,-746.703,34380,34380,337.49,337.49,9.23148e+11,0
evt_271,53,2,-1,3,1,-0.351291,1.01577,1,-269.47,-269.47,12848,12848,284.99,284.99,9.23148e+11,0
evt_271,62,2,-1,4,2,1.87503,0.788103,1,-51.123,-51.123,324,324,67.49,67.49,9.23148e+11,0
evt_271,63,2,-1,4,2,2.82528,1.25108,1,-36.541,-36.541,163,163,62.49,62.49,9.23148e+11,0
evt_271,72,3,-1,1,1,-8.0541,0.981687,2,-27.6641,-23.7608,15901,1585,2199.99,224.99,9.23148e+11,0
evt_272,12,0,-1,3,2,1.51809,1.41485,1,-47.6956,-47.6956,2099,2099,202.49,202.49,9.23153e+11,0
evt_272,13,0,-1,3,2,-0.492324,0.600316,1,-26.4206,-26.4206,926,926,137.49,137.49,9.23153e+11,0
evt_272,16,0,-1,1,3,-0.480655,0.777527,1,-80.8251,-80.8251,3612,3612,227.49,227.49,9.23153e+11,0
evt_272,17,0,-1,1,3,-1.36665,0.817213,1,-63.2476,-63.2476,2362,2362,184.99,184.99,9.23153e+11,0
evt_272,21,0,-1,3,3,-0.258094,0.891177,1,-20.1311,-20.1311,602,602,102.49,102.49,9.23153e+11,0
evt_272,36,1,-1,3,2,1.44775,0.711217,1,-286.359,-286.359,15002,15002,337.49,337.49,9.23153e+11,0
evt_272,37,1,-1,3,2,2.49828,0.935712,2,-427.258,-51.6982,18503,1817,309.99,169.99,9.23153e+11,0
evt_272,56,2,-1,1,2,1.63157,0.877089,2,-1250.08,-24.5143,84223,678,539.99,117.49,9.23153e+11,0
evt_272,57,2,-1,1,2,-1.2923,0.72021,2,-1250.35,-26.7256,72524,495,402.49,102.49,9.23153e+11,0
evt_272,74,3,-1,2,1,0.226987,1.16316,2,-614.661,-20.3295,28147,391,324.99,84.99,9.23153e+11,0
evt_272,75,3,-1,2,1,1.31846,0.681581,3,-921.746,-25.2009,53831,672,379.99,114.99,9.23153e+11,0
evt_273,16,0,-1,1,3,-1.60177,0.935139,2,-1250.66,-151.574,93563,5688,457.49,167.49,9.23166e+11,0
evt_273,17,0,-1,1,3,-3.40466,0.855179,3,-1250.38,-42.9635,94967,1235,467.49,142.49,9.23166e+11,0
evt_273,64,2,-1,1,3,-39.4332,19.1024,3,-47.2723,-18.1809,1142,219,132.49,69.99,9.23166e+11,0
evt_273,65,2,-1,1,3,-97.6598,28.0128,4,-257.953,-18.1089,7496,91,197.49,72.49,9.23166e+11,0
evt_273,88,3,-1,1,3,2.60576,0.785537,1,-35.456,-35.456,1038,1038,132.49,132.49,1.49602e+14,1.10382e+12
evt_274,19,0,-1,2,3,-0.715226,0.781408,1,-98.975,-98.975,4290,4290,234.99,234.99,9.23184e+11,0
evt_274,36,1,-1,3,2,0.437526,0.781778,1,-62.066,-62.066,2155,2155,179.99,179.99,9.23184e+11,0
evt_274,43,1,-1,2,3,-0.523912,1.29073,2,-39.5407,-18.1857,1168,537,137.49,99.99,9.23184e+11,0
evt_274,52,2,-1,3,1,10.6545,14.6457,1,-30.9948,-30.9948,578,578,104.99,104.99,9.23184e+11,0
evt_274,53,2,-1,3,1,35.3094,0.846117,1,-29.6282,-29.6282,638,638,117.49,117.49,9.23184e+11,0
evt_274,66,2,-1,2,3,-0.66045,0.813495,1,-487.162,-487.162,20932,20932,307.49,307.49,9.23184e+11,0
evt_274,67,2,-1,2,3,-0.66969,0.854194,2,-383.388,-47.3499,22518,2008,382.49,192.49,9.23184e+11,0
evt_274,72,3,-1,1,1,6.81372,0.853071,1,-180.483,-180.483,9420,9420,302.49,302.49,9.23184e+11,0
evt_274,73,3,-1,1,1,-0.732731,0.872298,1,-260.849,-260.849,11947,11947,307.49,307.49,9.23184e+11,0
evt_274,93,3,-1,3,3,-7.79044,0.737184,3,-19.4419,-17.7661,1109,730,187.49,127.49,0,1.37983e+19
evt_275,3,0,-1,2,1,2.92818,1.09123,1,-28.3261,-28.3261,976,976,137.49,137.49,9.23196e+11,0
evt_275,24,1,-1,1,1,2.19945,1.07571,4,-1086.56,-19.4822,53030,424,357.49,82.49,9.23196e+11,0
evt_275,25,1,-1,1,1,-0.183357,0.81768,3,-1250.27,-48.5715,70805,1271,372.49,97.49,9.23196e+11,0
evt_275,52,2,-1,3,1,28.3832,0.728308,3,-98.4721,-32.52,2878,722,167.49,112.49,9.23196e+11,0
evt_275,58,2,-1,2,2,0.526313,0.72737,1,-27.9449,-27.9449,208,208,69.99,69.99,9.23196e+11,0
evt_275,59,2,-1,2,2,2.36786,0.942314,1,-44.0155,-44.0155,273,273,72.49,72.49,9.23196e+11,0
evt_275,62,2,-1,4,2,2.02108,0.719713,2,-88.9808,-28.962,4413,294,279.99,77.49,9.23196e+11,0
evt_275,63,2,-1,4,2,1.52126,0.790392,1,-171.296,-171.296,7618,7618,269.99,269.99,9.23196e+11,0
evt_275,84,3,-1,3,2,-1.16761,0.782855,2,-1250.56,-296.962,125702,9962,794.99,199.99,9.23196e+11,0
evt_275,85,3,-1,3,2,2.23994,0.662822,2,-1121.91,-44.289,98741,621,827.49,107.49,9.23196e+11,0
evt_275,92,3,-1,3,3,-12.9356,0.785709,7,-18.6785,-15.9359,1820,427,297.49,79.99,0,1.37709e+19
evt_276,6,0,-1,4,1,0.548202,0.949043,2,-411.145,-148.192,20620,8821,332.49,289.99,9.23202e+11,0
evt_276,7,0,-1,4,1,0.783781,0.656909,2,-86.658,-26.3837,5401,903,319.99,132.49,9.23202e+11,0
evt_276,30,1,-1,4,1,-2.90026,1.03056,1,-192.875,-192.875,8311,8311,262.49,262.49,9.23202e+11,0
evt_276,31,1,-1,4,1,-0.752565,0.945431,1,-24.4381,-24.4381,884,884,134.99,134.99,9.23202e+11,0
evt_276,70,2,-1,4,3,34.9785,0.975738,1,-22.6845,-22.6845,372,372,97.49,97.49,9.23202e+11,0
evt_276,94,3,-1,4,3,1.29281,0.94768,1,-36.7131,-36.7131,1423,1423,162.49,162.49,4.38087e+11,1.37983e+19
evt_276,95,3,-1,4,3,0.817178,0.89599,1,-52.0415,-52.0415,2168,2168,194.99,194.99,4.38087e+11,1.38263e+19
evt_277,10,0,-1,2,2,-344.695,27.2313,3,-284.716,-19.8633,7489,490,222.49,92.49,9.23216e+11,0
evt_277,11,0,-1,2,2,-419.473,32.0333,1,-349.145,-349.145,8563,8563,222.49,222.49,9.23216e+11,0
evt_277,30,1,-1,4,1,2.0586,0.831436,1,-1250.31,-1250.31,85624,85624,384.99,384.99,9.23216e+11,0
evt_277,31,1,-1,4,1,0.903908,0.76483,2,-1249.89,-30.9221,70999,757,374.99,117.49,9.23216e+11,0
evt_277,51,2,-1,2,1,-0.523442,0.74404,1,-23.9806,-23.9806,826,826,129.99,129.99,9.23216e+11,0
evt_277,53,2,-1,3,1,43.8553,1.54056,2,-55.555,-26.6494,1244,371,132.49,99.99,9.23216e+11,0
evt_277,55,2,-1,4,1,2.69906,0.826106,1,-46.0935,-46.0935,1584,1584,162.49,162.49,9.23216e+11,0
evt_277,78,3,-1,4,1,5.41585,1.19455,1,-471.146,-471.146,25778,25778,334.99,334.99,9.23216e+11,0
evt_277,79,3,-1,4,1,9.25333,0.647245,2,-337.936,-52.9954,15633,1919,297.49,169.99,9.23216e+11,0
evt_278,8,0,-1,1,2,-1.97347,0.692963,4,-311.01,-17.5437,17002,493,457.49,97.49,9.23227e+11,0
evt_278,9,0,-1,1,2,-2.81382,0.888325,1,-129.093,-129.093,4919,4919,234.99,234.99,9.23227e+11,0
evt_278,26,1,-1,2,1,-2.87428,1.2819,2,-122.953,-27.4938,5361,1015,252.49,147.49,9.23227e+11,0
evt_278,27,1,-1,2,1,0.707931,0.731076,1,-34.8105,-34.8105,1311,1311,154.99,154.99,9.23227e+11,0
evt_278,50,2,-1,2,1,0.628975,1.28904,1,-73.619,-73.619,3209,3209,217.49,217.49,9.23227e+11,0
evt_278,51,2,-1,2,1,-0.388918,0.668209,1,-79.2606,-79.2606,3415,3415,219.99,219.99,9.23227e+11,0
evt_278,62,2,-1,4,2,-0.571214,1.29844,1,-86.2013,-86.2013,859,859,77.49,77.49,9.23227e+11,0
evt_278,63,2,-1,4,2,3.42377,0.889904,1,-77.7436,-77.7436,602,602,74.99,74.99,9.23227e+11,0
evt_278,75,3,-1,2,1,1.58963,1.01489,1,-68.0151,-68.0151,2929,2929,207.49,207.49,9.23227e+11,0
evt_278,76,3,-1,3,1,-7.57726,1.01602,1,-18.7172,-18.7172,1340,1340,222.49,222.49,9.23227e+11,0
evt_279,6,0,-1,4,1,-0.852827,0.986725,1,-40.7551,-40.7551,1608,1608,169.99,169.99,9.23256e+11,0
evt_279,7,0,-1,4,1,3.23836,0.816131,1,-32.4387,-32.4387,918,918,127.49,127.49,9.23256e+11,0
evt_279,26,1,-1,2,1,-2.35685,1.20091,1,-71.5614,-71.5614,3204,3204,222.49,222.49,9.23256e+11,0
evt_279,34,1,-1,2,2,1.94803,0.657822,1,-21.0995,-21.0995,538,538,99.99,99.99,9.23256e+11,0
evt_279,35,1,-1,2,2,1.56911,0.97429,1,-59.0231,-59.0231,2528,2528,199.99,199.99,9.23256e+11,0
evt_279,50,2,-1,2,1,-1.37406,0.817246,1,-21.0133,-21.0133,187,187,64.99,64.99,9.23256e+11,0
evt_279,56,2,-1,1,2,-4.809,0.829337,3,-1137.65,-27.0286,59372,758,367.49,124.99,9.23256e+11,0
evt_279,57,2,-1,1,2,0.73312,1.01508,2,-527.154,-19.6722,25143,450,379.99,89.99,9.23256e+11,0
evt_279,72,3,-1,1,1,-7.34946,0.874523,1,-42.3802,-42.3802,2103,2103,214.99,214.99,9.23256e+11,0
evt_279,73,3,-1,1,1,-6.32758,1.28842,1,-96.3418,-96.3418,4726,4726,259.99,259.99,9.23256e+11,0
evt_280,12,0,-1,3,2,1.50654,0.911637,1,-179.719,-179.719,8278,8278,267.49,267.49,9.23289e+11,0
evt_280,13,0,-1,3,2,1.33059,0.943295,1,-105.454,-105.454,5190,5190,257.49,257.49,9.23289e+11,0
evt_280,34,1,-1,2,2,-2.24261,1.51246,2,-131.722,-19.0944,6237,506,264.99,94.99,9.23289e+11,0
evt_280,50,2,-1,2,1,-0.444659,0.99881,1,-24.8495,-24.8495,178,178,62.49,62.49,9.23289e+11,0
evt_280,52,2,-1,3,1,2.22337,1.0248,1,-27.5521,-27.5521,246,246,69.99,69.99,9.23289e+11,0
evt_280,53,2,-1,3,1,-0.0234256,0.651795,1,-27.2376,-27.2376,163,163,67.49,67.49,9.23289e+11,0
evt_280,56,2,-1,1,2,-13.5759,1.46477,8,-21.2749,-15.8546,2790,329,434.99,52.49,9.23289e+11,0
evt_280,74,3,-1,2,1,1.4348,1.11873,3,-914.769,-26.7637,50729,685,394.99,114.99,9.23289e+11,0
evt_280,75,3,-1,2,1,0.401767,0.653058,1,-486.969,-486.969,28489,28489,367.49,367.49,9.23289e+11,0
evt_280,78,3,-1,4,1,11.6081,1.80336,1,-34.5431,-34.5431,1351,1351,167.49,167.49,9.23289e+11,0
evt_280,79,3,-1,4,1,6.84805,0.882638,1,-32.2148,-32.2148,1049,1049,139.99,139.99,9.23289e+11,0
evt_280,80,3,-1,1,2,-12.5452,0.732714,4,-19.7369,-15.8261,617,243,107.49,54.99,9.23289e+11,0
evt_281,0,0,-1,1,1,0.276426,0.841808,2,-98.8937,-21.3145,4180,646,262.49,109.99,9.23297e+11,0
evt_281,1,0,-1,1,1,0.860914,1.00541,1,-46.8544,-46.8544,1573,1573,157.49,157.49,9.23297e+11,0
evt_281,14,0,-1,4,2,0.201025,1.45134,1,-126.729,-126.729,5382,5382,234.99,234.99,9.23297e+11,0
evt_281,34,1,-1,2,2,-5.04398,1.44252,3,-1249.93,-53.4868,73202,444,467.49,27.49,9.23297e+11,0
evt_281,35,1,-1,2,2,-1.54923,1.23161,4,-1250.04,-16.9614,78189,331,459.99,74.99,9.23297e+11,0
evt_281,52,2,-1,3,1,1.97186,1.0856,1,-31.7277,-31.7277,240,240,57.49,57.49,9.23297e+11,0
evt_281,53,2,-1,3,1,-2.44464,1.04314,1,-44.5578,-44.5578,321,321,62.49,62.49,9.23297e+11,0
evt_281,56,2,-1,1,2,-17.2258,1.07317,3,-23.6385,-18.6061,10134,2112,1407.49,337.49,9.23297e+11,0
evt_281,79,3,-1,4,1,77.4805,0.846131,1,-81.0943,-81.0943,1997,1997,144.99,144.99,9.23297e+11,0
evt_282,8,0,-1,1,2,1.54493,0.619491,1,-54.2505,-54.2505,2095,2095,184.99,184.99,9.23345e+11,0
evt_282,9,0,-1,1,2,0.268614,0.772099,1,-60.8867,-60.8867,1902,1902,167.49,167.49,9.23345e+11,0
evt_282,16,0,-1,1,3,0.380628,0.574104,1,-616.03,-616.03,25331,25331,309.99,309.99,9.23345e+11,0
evt_282,17,0,-1,1,3,-0.820383,0.826482,1,-557.391,-557.391,26050,26050,319.99,319.99,9.23345e+11,0
evt_282,18,0,-1,2,3,-0.12102,1.14109,1,-950.416,-950.416,51275,51275,544.99,544.99,9.23345e+11,0
evt_282,19,0,-1,2,3,-0.997124,0.57706,2,-655.254,-111.058,35584,3815,367.49,197.49,9.23345e+11,0
evt_282,24,1,-1,1,1,-0.0215831,1.27885,2,-1249.77,-24.4755,108597,285,829.99,89.99,9.23345e+11,0
evt_282,25,1,-1,1,1,0.996103,0.862896,2,-1250.53,-73.0484,113064,1340,429.99,129.99,9.23345e+11,0
evt_282,56,2,-1,1,2,-21.958,0.90195,2,-24.449,-24.1309,16530,1950,2227.49,262.49,9.23345e+11,0
evt_282,78,3,-1,4,1,-3.32205,1.07254,1,-1250.01,-1250.01,109438,109438,582.49,582.49,9.23345e+11,0
evt_282,79,3,-1,4,1,1.45415,0.682823,2,-1250.08,-44.6055,98466,993,447.49,127.49,9.23345e+11,0
evt_283,4,0,-1,3,1,-0.662733,0.924759,1,-81.44,-81.44,3720,3720,244.99,244.99,9.23363e+11,0
evt_283,12,0,-1,3,2,-1.09384,0.884927,1,-21.8395,-21.8395,692,692,117.49,117.49,9.23363e+11,0
evt_283,38,1,-1,4,2,0.982498,0.936189,1,-704.623,-704.623,29354,29354,327.49,327.49,9.23363e+11,0
evt_283,39,1,-1,4,2,2.09563,1.0997,1,-405.073,-405.073,18250,18250,302.49,302.49,9.23363e+11,0
evt_283,40,1,-1,1,3,-2.52301,0.82439,2,-802.109,-67.4037,38651,1992,427.49,107.49,9.23363e+11,0
evt_283,41,1,-1,1,3,0.046375,0.723062,2,-850.799,-23.1798,45405,666,369.99,109.99,9.23363e+11,0
evt_283,54,2,-1,4,1,-0.321838,0.8461,2,-1250.04,-51.086,73037,926,447.49,117.49,9.23363e+11,0
evt_283,55,2,-1,4,1,6.77965,0.861927,2,-1250.53,-26.9579,91747,686,432.49,99.99,9.23363e+11,0
evt_283,58,2,-1,2,2,2.30455,0.903265,1,-401.692,-401.692,27269,27269,469.99,469.99,9.23363e+11,0
evt_283,59,2,-1,2,2,0.382607,0.6305,1,-247.853,-247.853,12578,12578,302.49,302.49,9.23363e+11,0
evt_283,92,3,-1,3,3,-4.82744,0.921064,3,-1250.2,-25.0859,104261,511,447.49,104.99,0,1.3843e+19
evt_283,93,3,-1,3,3,4.51687,1.00422,1,-142.283,-142.283,6407,6407,299.99,299.99,0,1.37983e+19
evt_284,6,0,-1,4,1,-2.30635,1.10751,2,-1234.97,-27.5664,61668,893,377.49,122.49,9.2343e+11,0
evt_284,7,0,-1,4,1,-9.16652,0.737346,3,-448.96,-16.1656,26637,367,429.99,67.49,9.2343e+11,0
evt_284,31,1,-1,4,1,0.714329,0.767955,1,-91.4244,-91.4244,3970,3970,227.49,227.49,9.2343e+11,0
evt_284,49,2,-1,1,1,-1.08061,0.884791,1,-29.104,-29.104,328,328,82.49,82.49,9.2343e+11,0
evt_285,22,0,-1,4,3,0.844107,1.09278,2,-1250.39,-26.7953,119082,126,422.49,87.49,9.2348e+11,0
evt_285,23,0,-1,4,3,-1.63352,0.770154,2,-1250.5,-38.0488,89002,1342,404.99,164.99,9.2348e+11,0
evt_285,34,1,-1,2,2,1.93778,1.13562,1,-179.151,-179.151,8610,8610,282.49,282.49,9.2348e+11,0
evt_285,35,1,-1,2,2,-3.16619,1.39856,1,-115.709,-115.709,6034,6034,279.99,279.99,9.2348e+11,0
evt_285,44,1,-1,3,3,-0.277445,0.879262,1,-1250.27,-1250.27,89292,89292,379.99,379.99,9.2348e+11,0
evt_285,45,1,-1,3,3,0.69371,0.896817,1,-1250.42,-1250.42,80121,80121,457.49,457.49,9.2348e+11,0
evt_285,49,2,-1,1,1,0.568837,0.727893,1,-58.2802,-58.2802,430,430,72.49,72.49,9.2348e+11,0
evt_285,58,2,-1,2,2,-0.111596,0.865897,1,-447.359,-447.359,26017,26017,519.99,519.99,9.2348e+11,0
evt_285,59,2,-1,2,2,0.253784,1.02077,1,-948.781,-948.781,59308,59308,559.99,559.99,9.2348e+11,0
evt_285,76,3,-1,3,1,-7.25073,0.793863,1,-15.2099,-15.2099,292,292,54.99,54.99,9.2348e+11,0
evt_285,82,3,-1,2,2,3.60397,2.03009,1,-910.516,-910.516,39209,39209,352.49,352.49,9.2348e+11,0
evt_285,83,3,-1,2,2,0.361979,0.852064,2,-557.963,-37.1335,28947,1224,347.49,147.49,9.2348e+11,0
evt_286,2,0,-1,2,1,10.3248,3.23418,2,-95.5789,-21.9972,2982,433,174.99,87.49,9.23557e+11,0
evt_286,4,0,-1,3,1,42.2648,0.552199,1,-227.459,-227.459,7908,7908,209.99,209.99,9.23557e+11,0
evt_286,5,0,-1,3,1,-5.97349,3.89151,2,-27.3358,-24.2867,349,221,94.99,84.99,9.23557e+11,0
evt_286,14,0,-1,4,2,26.3448,1.37079,2,-17.8517,-17.7051,268,263,82.49,79.99,9.23557e+11,0
evt_286,16,0,-1,1,3,3.08407,0.926569,1,-61.1541,-61.1541,2365,2365,187.49,187.49,9.23557e+11,0
evt_286,18,0,-1,2,3,5.07779,1.43265,1,-79.8744,-79.8744,2549,2549,172.49,172.49,9.23557e+11,0
evt_286,19,0,-1,2,3,1.94713,1.17327,2,-27.1832,-21.7695,707,531,109.99,99.99,9.23557e+11,0
evt_286,26,1,-1,2,1,19.6389,1.8369,1,-28.4413,-28.4413,591,591,109.99,109.99,9.23557e+11,0
evt_286,46,1,-1,4,3,-392.628,222.496,3,-707.64,-18.4099,25453,141,269.99,69.99,9.23557e+11,0
evt_286,47,1,-1,4,3,-578.623,246.255,2,-898.189,-764.832,38974,31527,344.99,324.99,9.23557e+11,0
evt_286,49,2,-1,1,1,-2.63386,0.712945,1,-87.8412,-87.8412,984,984,82.49,82.49,9.23557e+11,0
evt_286,58,2,-1,2,2,5.64797,0.666153,1,-44.8393,-44.8393,1555,1555,164.99,164.99,9.23557e+11,0
evt_286,74,3,-1,2,1,0.207443,1.22231,2,-1250,-18.6415,80390,376,382.49,82.49,9.23557e+11,0
evt_286,75,3,-1,2,1,1.40388,0.582997,1,-1249.78,-1249.78,78304,78304,412.49,412.49,9.23557e+11,0
evt_287,6,0,-1,4,1,1.85323,0.924959,1,-306.542,-306.542,13874,13874,304.99,304.99,9.23574e+11,0
evt_287,7,0,-1,4,1,3.01329,0.78141,1,-104.933,-104.933,5552,5552,282.49,282.49,9.23574e+11,0
evt_287,28,1,-1,3,1,-0.208268,0.656039,3,-1247.91,-21.6558,139299,358,684.99,99.99,9.23574e+11,0
evt_287,29,1,-1,3,1,2.00584,0.641549,2,-1249.66,-58.1017,129346,1051,722.49,129.99,9.23574e+11,0
evt_287,54,2,-1,4,1,-0.0171091,0.630544,1,-29.2863,-29.2863,377,377,84.99,84.99,9.23574e+11,0
evt_287,55,2,-1,4,1,-5.65134,0.697639,1,-28.3302,-28.3302,469,469,87.49,87.49,9.23574e+11,0
evt_287,62,2,-1,4,2,-0.757288,1.05215,1,-26.6885,-26.6885,1168,1168,164.99,164.99,9.23574e+11,0
evt_287,63,2,-1,4,2,-2.09664,1.02627,2,-229.209,-26.2236,11711,914,324.99,139.99,9.23574e+11,0
evt_287,76,3,-1,3,1,-0.951803,1.42749,1,-56.9576,-56.9576,2867,2867,227.49,227.49,9.23574e+11,0
evt_287,77,3,-1,3,1,0.284627,0.980463,2,-60.3523,-18.834,2420,618,194.99,114.99,9.23574e+11,0
evt_287,78,3,-1,4,1,-0.617114,1.43433,1,-28.2496,-28.2496,1171,1171,164.99,164.99,9.23574e+11,0
evt_288,3,0,-1,2,1,3.31672,1.13485,1,-43.7731,-43.7731,1707,1707,177.49,177.49,9.23609e+11,0
evt_288,8,0,-1,1,2,14.0594,3.05248,1,-19.6725,-19.6725,274,274,74.99,74.99,9.23609e+11,0
evt_288,16,0,-1,1,3,-1.12529,1.02098,1,-290.818,-290.818,14326,14326,292.49,292.49,9.23609e+11,0
evt_288,17,0,-1,1,3,0.390324,0.903964,2,-244.767,-35.151,13387,1308,309.99,154.99,9.23609e+11,0
evt_288,19,0,-1,2,3,7.12265,0.813546,1,-17.7294,-17.7294,390,390,82.49,82.49,9.23609e+11,0
evt_288,40,1,-1,1,3,2.21123,0.697543,1,-262.871,-262.871,14168,14168,304.99,304.99,9.23609e+11,0
evt_288,41,1,-1,1,3,-0.0474869,0.808342,1,-340.457,-340.457,16071,16071,312.49,312.49,9.23609e+11,0
evt_288,56,2,-1,1,2,-1249.1,0.410676,3,-1250.77,-29.4292,40449,612,284.99,114.99,9.23609e+11,0
evt_288,57,2,-1,1,2,-738.993,179.243,3,-474.172,-22.0852,17614,479,354.99,92.49,9.23609e+11,0
evt_288,64,2,-1,1,3,3.30551,0.870788,2,-1250.27,-302.483,112704,12348,434.99,392.49,9.23609e+11,0
evt_288,65,2,-1,1,3,-3.52032,0.61518,3,-1249.96,-59.666,117550,1283,419.99,132.49,9.23609e+11,0
evt_289,18,0,-1,2,3,1.0841,0.977632,2,-900.055,-235.877,55015,7208,409.99,129.99,9.23632e+11,0
evt_289,19,0,-1,2,3,1.28769,0.720917,1,-692.388,-692.388,37634,37634,357.49,357.49,9.23632e+11,0
evt_289,24,1,-1,1,1,-10.5211,1.10645,1,-16.2035,-16.2035,320,320,57.49,57.49,9.23632e+11,0
evt_289,26,1,-1,2,1,-3.76034,0.767983,1,-342.282,-342.282,15489,15489,307.49,307.49,9.23632e+11,0
evt_289,27,1,-1,2,1,2.08635,0.968672,1,-447.928,-447.928,22526,22526,332.49,332.49,9.23632e+11,0
evt_289,56,2,-1,1,2,3.79516,0.813957,2,-95.5883,-16.8527,4396,312,232.49,67.49,9.23632e+11,0
evt_289,57,2,-1,1,2,-0.648016,1.22973,1,-142.699,-142.699,5489,5489,229.99,229.99,9.23632e+11,0
evt_289,73,3,-1,1,1,4.64923,0.873686,1,-39.5375,-39.5375,1542,1542,169.99,169.99,9.23632e+11,0
evt_290,23,0,-1,4,3,8.48699,0.763916,1,-54.7486,-54.7486,1538,1538,144.99,144.99,9.23655e+11,0
evt_290,36,1,-1,3,2,-0.404354,0.932438,3,-1060.07,-22.7239,56999,621,392.49,109.99,9.23655e+11,0
evt_290,37,1,-1,3,2,1.4117,1.37843,3,-1250.31,-17.1986,72839,409,392.49,79.99,9.23655e+11,0
evt_290,58,2,-1,2,2,2.3866,0.753222,1,-36.7212,-36.7212,213,213,67.49,67.49,9.23655e+11,0
evt_290,59,2,-1,2,2,-1.11542,0.789005,1,-38.9101,-38.9101,234,234,64.99,64.99,9.23655e+11,0
evt_290,60,2,-1,3,2,0.169348,0.680906,1,-85.3226,-85.3226,3216,3216,207.49,207.49,9.23655e+11,0
evt_290,61,2,-1,3,2,-0.375658,0.822214,1,-64.7423,-64.7423,2729,2729,207.49,207.49,9.23655e+11,0
evt_290,78,3,-1,4,1,-2.42495,0.754349,1,-17.0413,-17.0413,416,416,74.99,74.99,9.23655e+11,0
evt_290,84,3,-1,3,2,-0.378573,0.78961,1,-557.695,-557.695,29113,29113,494.99,494.99,9.23655e+11,0
evt_290,85,3,-1,3,2,2.04774,0.723434,1,-321.054,-321.054,16893,16893,452.49,452.49,9.23655e+11,0
evt_291,6,0,-1,4,1,1.04396,0.86287,1,-45.2866,-45.2866,1827,1827,182.49,182.49,9.23686e+11,0
evt_291,7,0,-1,4,1,-7.28677,0.789907,1,-17.7992,-17.7992,670,670,117.49,117.49,9.23686e+11,0
evt_291,30,1,-1,4,1,-421.554,359.766,5,-1250.23,-36.9819,63640,805,522.49,117.49,9.23686e+11,0
evt_291,31,1,-1,4,1,-418.19,256.661,2,-741.57,-32.9403,27943,1993,284.99,269.99,9.23686e+11,0
evt_291,50,2,-1,2,1,0.723484,0.877724,1,-57.0704,-57.0704,2335,2335,194.99,194.99,9.23686e+11,0
evt_291,76,3,-1,3,1,-10.5047,0.722703,4,-19.5206,-15.2515,1038,300,164.99,54.99,9.23686e+11,0
evt_291,93,3,-1,3,3,-18.5629,0.733389,6,-23.0265,-15.2498,2401,263,339.99,54.99,0,1.36848e+19
evt_291,95,3,-1,4,3,-23.4862,8.14814,4,-38.3936,-22.1871,1278,549,149.99,99.99,4.38087e+11,4.56143e+18
evt_292,13,0,-1,3,2,0.234313,0.560499,1,-62.944,-62.944,2583,2583,197.49,197.49,9.2375e+11,0
evt_292,44,1,-1,3,3,2.60529,0.740588,3,-1250.31,-17.7195,109455,305,407.49,84.99,9.2375e+11,0
evt_292,45,1,-1,3,3,3.88924,0.727499,2,-1251,-30.8453,116154,492,607.49,47.49,9.2375e+11,0
evt_292,59,2,-1,2,2,6.30713,0.650622,1,-36.4833,-36.4833,1318,1318,159.99,159.99,9.2375e+11,0
evt_292,68,2,-1,3,3,1.86138,0.878526,2,-707.284,-116.892,33605,2688,347.49,77.49,9.2375e+11,0
evt_292,69,2,-1,3,3,4.1975,0.827022,1,-195.392,-195.392,9829,9829,289.99,289.99,9.2375e+11,0
evt_292,92,3,-1,3,3,0.572254,0.911295,3,-1250.27,-31.1859,109216,433,414.99,104.99,0,4.7006e+18
evt_292,93,3,-1,3,3,1.7847,1.5255,2,-613.893,-29.9654,30735,749,334.99,117.49,0,4.69597e+18
evt_293,4,0,-1,3,1,-0.452348,0.875714,1,-478.507,-478.507,26004,26004,352.49,352.49,9.23828e+11,0
evt_293,5,0,-1,3,1,0.520279,0.915712,2,-836.996,-83.3018,44690,3094,447.49,194.99,9.23828e+11,0
evt_293,6,0,-1,4,1,-0.0109609,1.00795,1,-253.759,-253.759,10876,10876,277.49,277.49,9.23828e+11,0
evt_293,8,0,-1,1,2,4.356,0.686749,4,-1250.08,-52.6444,87884,1459,387.49,149.99,9.23828e+11,0
evt_293,9,0,-1,1,2,1.85427,0.621838,1,-839.139,-839.139,38990,38990,342.49,342.49,9.23828e+11,0
evt_293,20,0,-1,3,3,1.8337,0.839735,2,-653.308,-26.3853,30834,732,329.99,119.99,9.23828e+11,0
evt_293,21,0,-1,3,3,2.0565,0.64882,2,-916.956,-45.4081,45314,1566,357.49,162.49,9.23828e+11,0
evt_293,24,1,-1,1,1,-231.538,269.676,4,-1250.12,-17.1891,102730,93,392.49,59.99,9.23828e+11,0
evt_293,25,1,-1,1,1,-263.162,314.467,3,-1250.88,-23.1818,116810,159,487.49,84.99,9.23828e+11,0
evt_293,26,1,-1,2,1,-99.5306,156.657,3,-1251.3,-36.598,113284,634,412.49,112.49,9.23828e+11,0
evt_293,27,1,-1,2,1,-103.21,159.737,2,-1247.68,-267.53,107000,9986,432.49,259.99,9.23828e+11,0
evt_293,48,2,-1,1,1,-0.560076,0.750907,1,-100.423,-100.423,4302,4302,232.49,232.49,9.23828e+11,0
evt_293,49,2,-1,1,1,0.50907,0.801658,1,-38.5414,-38.5414,1534,1534,169.99,169.99,9.23828e+11,0
evt_293,52,2,-1,3,1,1.62481,0.68777,1,-15.9446,-15.9446,117,117,57.49,57.49,9.23828e+11,0
evt_293,93,3,-1,3,3,-1.53812,0.83134,3,-21.3102,-19.253,3708,1046,542.49,167.49,0,4.65768e+18
evt_294,72,3,-1,1,1,-13.2981,0.672964,5,-27.7132,-15.0984,2067,327,254.99,59.99,9.2383e+11,0
evt_295,12,0,-1,3,2,3.82677,1.10934,4,-1128.21,-16.6987,52142,286,352.49,74.99,9.2394e+11,0
evt_295,13,0,-1,3,2,-0.858209,0.863107,3,-1250.27,-27.6784,69937,630,392.49,109.99,9.2394e+11,0
evt_295,44,1,-1,3,3,0.856816,0.972096,1,-62.5257,-62.5257,2728,2728,219.99,219.99,9.2394e+11,0
evt_295,45,1,-1,3,3,1.95855,0.900825,1,-67.1389,-67.1389,4624,4624,349.99,349.99,9.2394e+11,0
evt_295,66,2,-1,2,3,8.47605,1.36455,1,-23.0307,-23.0307,655,655,112.49,112.49,9.2394e+11,0
evt_295,76,3,-1,3,1,-1.43759,0.699611,1,-145.487,-145.487,7307,7307,274.99,274.99,9.2394e+11,0
evt_295,77,3,-1,3,1,0.553764,0.771473,1,-55.7004,-55.7004,2577,2577,209.99,209.99,9.2394e+11,0
evt_295,80,3,-1,1,2,-2.33879,0.852706,1,-17.603,-17.603,644,644,112.49,112.49,9.2394e+11,0
evt_295,94,3,-1,4,3,60.5121,0.850255,1,-30.4616,-30.4616,479,479,102.49,102.49,4.38087e+11,4.65083e+18
evt_296,10,0,-1,2,2,-0.37664,0.949216,1,-18.8016,-18.8016,509,509,94.99,94.99,9.23972e+11,0
evt_296,11,0,-1,2,2,-1.9569,0.599161,1,-130.004,-130.004,5771,5771,252.49,252.49,9.23972e+11,0
evt_296,58,2,-1,2,2,2.86069,0.60655,1,-1249.89,-1249.89,75271,75271,572.49,572.49,9.23972e+11,0
evt_296,59,2,-1,2,2,0.563299,0.628918,4,-1250.8,-22.5301,100302,423,464.99,97.49,9.23972e+11,0
evt_296,62,2,-1,4,2,-0.0788269,0.689922,1,-79.4704,-79.4704,779,779,77.49,77.49,9.23972e+11,0
evt_296,63,2,-1,4,2,-3.77239,0.89966,1,-47.9736,-47.9736,457,457,72.49,72.49,9.23972e+11,0
evt_296,72,3,-1,1,1,-8.60521,0.954493,6,-26.0773,-16.282,5946,524,792.49,92.49,9.23972e+11,0
evt_296,82,3,-1,2,2,64.1218,1.83682,6,-985.237,-22.6462,29517,13,259.99,77.49,9.23972e+11,0
evt_296,83,3,-1,2,2,-35.2648,6.00269,1,-81.3608,-81.3608,2390,2390,212.49,212.49,9.23972e+11,0
evt_296,93,3,-1,3,3,-2.33315,0.968914,1,-15.6721,-15.6721,580,580,109.99,109.99,0,1.38317e+19
evt_297,20,0,-1,3,3,8.41258,0.81188,1,-68.6623,-68.6623,2418,2418,177.49,177.49,9.24057e+11,0
evt_297,22,0,-1,4,3,-1.17108,1.45385,1,-40.2211,-40.2211,1343,1343,154.99,154.99,9.24057e+11,0
evt_297,23,0,-1,4,3,3.16276,0.776939,1,-35.0748,-35.0748,948,948,124.99,124.99,9.24057e+11,0
evt_297,37,1,-1,3,2,-1.41684,1.14896,1,-175.337,-175.337,6846,6846,244.99,244.99,9.24057e+11,0
evt_297,44,1,-1,3,3,1.1153,0.920601,1,-89.6099,-89.6099,6479,6479,362.49,362.49,9.24057e+11,0
evt_297,45,1,-1,3,3,4.85264,1.13973,1,-32.0208,-32.0208,986,986,132.49,132.49,9.24057e+11,0
evt_297,49,2,-1,1,1,-0.147101,0.898969,1,-90.5419,-90.5419,713,713,72.49,72.49,9.24057e+11,0
evt_297,67,2,-1,2,3,3.75094,0.800308,1,-24.4007,-24.4007,202,202,24.99,24.99,9.24057e+11,0
evt_297,68,2,-1,3,3,1.38317,0.781923,1,-88.4898,-88.4898,5203,5203,267.49,267.49,9.24057e+11,0
evt_297,69,2,-1,3,3,1.7062,0.968854,2,-25.1653,-21.7712,740,627,117.49,107.49,9.24057e+11,0
evt_297,92,3,-1,3,3,-0.642569,0.555825,1,-166.492,-166.492,7984,7984,299.99,299.99,0,1.3771e+19
evt_298,6,0,-1,4,1,0.374328,0.996368,1,-1250.04,-1250.04,81631,81631,419.99,419.99,9.24094e+11,0
evt_298,7,0,-1,4,1,3.6895,0.770881,1,-900.297,-900.297,49479,49479,392.49,392.49,9.24094e+11,0
evt_298,14,0,-1,4,2,-0.4143,0.647515,2,-1211.85,-48.0355,94253,2109,599.99,164.99,9.24094e+11,0
evt_298,15,0,-1,4,2,0.799115,0.512764,3,-640.96,-68.7392,74066,2067,657.49,159.99,9.24094e+11,0
evt_298,28,1,-1,3,1,-4.52687,0.762547,1,-645.968,-645.968,27538,27538,324.99,324.99,9.24094e+11,0
evt_298,29,1,-1,3,1,0.398962,0.819357,1,-425.403,-425.403,18562,18562,294.99,294.99,9.24094e+11,0
evt_298,35,1,-1,2,2,-1.63508,0.998274,1,-38.6622,-38.6622,1389,1389,157.49,157.49,9.24094e+11,0
evt_298,42,1,-1,2,3,0.230214,0.908768,1,-60.4676,-60.4676,2420,2420,202.49,202.49,9.24094e+11,0
evt_298,43,1,-1,2,3,2.63023,1.12808,1,-34.3138,-34.3138,953,953,127.49,127.49,9.24094e+11,0
evt_298,48,2,-1,1,1,7.85113,0.632524,2,-271.572,-20.855,10656,519,262.49,104.99,9.24094e+11,0
evt_298,49,2,-1,1,1,7.44299,0.784968,1,-151.203,-151.203,6544,6544,244.99,244.99,9.24094e+11,0
evt_298,62,2,-1,4,2,-0.940627,0.691125,1,-94.286,-94.286,1191,1191,87.49,87.49,9.24094e+11,0
evt_298,63,2,-1,4,2,0.388417,0.738229,1,-57.8393,-57.8393,634,634,84.99,84.99,9.24094e+11,0
evt_298,79,3,-1,4,1,-31.1142,7.36063,2,-53.569,-21.1225,1351,379,94.99,79.99,9.24094e+11,0
evt_299,2,0,-1,2,1,4.78079,1.13174,1,-40.9895,-40.9895,1264,1264,142.49,142.49,9.24191e+11,0
evt_299,6,0,-1,4,1,-0.25574,1.0502,1,-1250.16,-1250.16,85234,85234,464.99,464.99,9.24191e+11,0
evt_299,7,0,-1,4,1,4.40388,0.69753,1,-680.119,-680.119,40062,40062,409.99,409.99,9.24191e+11,0
evt_299,36,1,-1,3,2,5.86425,0.869113,1,-198.097,-198.097,7977,7977,244.99,244.99,9.24191e+11,0
evt_299,37,1,-1,3,2,5.44484,0.80415,1,-142.092,-142.092,8261,8261,282.49,282.49,9.24191e+11,0
evt_299,48,2,-1,1,1,5.42937,0.790115,1,-19.6328,-19.6328,495,495,94.99,94.99,9.24191e+11,0
evt_299,50,2,-1,2,1,0.319212,0.997955,1,-23.5659,-23.5659,250,250,74.99,74.99,9.24191e+11,0
evt_299,51,2,-1,2,1,1.08055,0.794526,1,-15.2351,-15.2351,26,26,54.99,54.99,9.24191e+11,0
evt_299,56,2,-1,1,2,-0.0162282,0.748946,2,-292.518,-47.0419,14252,1078,299.99,69.99,9.24191e+11,0
evt_299,57,2,-1,1,2,-4.56969,1.12219,1,-67.943,-67.943,2670,2670,209.99,209.99,9.24191e+11,0
evt_299,76,3,-1,3,1,0.283824,0.952696,1,-15.7458,-15.7458,317,317,59.99,59.99,9.24191e+11,0
evt_299,82,3,-1,2,2,4.46527,2.19335,1,-1250.08,-1250.08,104573,104573,532.49,532.49,9.24191e+11,0
evt_299,83,3,-1,2,2,0.519597,0.818317,4,-1230.68,-15.2904,64009,183,369.99,57.49,9.24191e+11,0
evt_299,93,3,-1,3,3,-3.43537,0.74325,2,-17.696,-15.1362,683,271,114.99,54.99,0,1.3878e+19
evt_300,28,1,-1,3,1,32.2605,3.4558,6,-404.221,-29.1357,13046,103,284.99,82.49,9.24197e+11,0
evt_300,29,1,-1,3,1,80.4871,0.924693,2,-22.3421,-18.4906,480,21,104.99,74.99,9.24197e+11,0
evt_300,54,2,-1,4,1,0.622192,0.765327,1,-34.1646,-34.1646,324,324,77.49,77.49,9.24197e+11,0
evt_300,55,2,-1,4,1,-1.45216,0.891903,1,-40.1838,-40.1838,372,372,74.99,74.99,9.24197e+11,0
evt_300,72,3,-1,1,1,-18.6129,1.43351,2,-28.2467,-21.2047,17389,2658,2052.49,419.99,9.24197e+11,0
evt_300,77,3,-1,3,1,-0.169339,0.757836,1,-711.532,-711.532,36870,36870,242.49,242.49,9.24197e+11,0
evt_300,86,3,-1,4,2,-0.163306,0.838311,2,-1211.5,-18.1454,97716,211,482.49,72.49,9.24197e+11,0
evt_300,87,3,-1,4,2,-3.64716,0.966713,1,-1250.16,-1250.16,114818,114818,687.49,687.49,9.24197e+11,0
evt_300,90,3,-1,2,3,-0.83278,1.07823,1,-46.7034,-46.7034,1613,1613,162.49,162.49,1.49602e+14,4.46055e+18
evt_300,93,3,-1,3,3,-3.81737,0.762775,1,-22.9875,-22.9875,2729,2729,377.49,377.49,0,4.52789e+18
evt_301,2,0,-1,2,1,0.162072,0.97477,1,-254.102,-254.102,10617,10617,279.99,279.99,9.24202e+11,0
evt_301,3,0,-1,2,1,-0.0397278,1.20236,1,-319.868,-319.868,16430,16430,364.99,364.99,9.24202e+11,0
evt_301,17,0,-1,1,3,-1.88532,0.793581,1,-78.5052,-78.5052,3002,3002,202.49,202.49,9.24202e+11,0
evt_301,30,1,-1,4,1,5.20763,0.76329,1,-82.3876,-82.3876,2854,2854,194.99,194.99,9.24202e+11,0
evt_301,53,2,-1,3,1,2.07167,0.773298,1,-40.3782,-40.3782,1240,1240,142.49,142.49,9.24202e+11,0
evt_301,56,2,-1,1,2,5.18308,1.48638,1,-43.5843,-43.5843,530,530,87.49,87.49,9.24202e+11,0
evt_301,57,2,-1,1,2,2.86741,0.774491,1,-56.677,-56.677,650,650,87.49,87.49,9.24202e+11,0
evt_301,80,3,-1,1,2,7.35068,2.00677,1,-571.743,-571.743,33088,33088,442.49,442.49,9.24202e+11,0
evt_301,81,3,-1,1,2,2.83328,1.10329,2,-1250,-23.8672,64526,1030,369.99,162.49,9.24202e+11,0
evt_301,92,3,-1,3,3,-0.41224,0.657392,1,-506.947,-506.947,29404,29404,367.49,367.49,0,1.36853e+19
evt_301,93,3,-1,3,3,-10.6375,1.80404,1,-130.345,-130.345,5673,5673,264.99,264.99,0,4.46085e+18
evt_302,6,0,-1,4,1,0.790937,1.05931,3,-1249.97,-15.9738,92981,110,452.49,59.99,9.24206e+11,0
evt_302,7,0,-1,4,1,2.87257,0.653043,1,-767.075,-767.075,35209,35209,337.49,337.49,9.24206e+11,0
evt_302,23,0,-1,4,3,1.64251,0.616406,1,-26.4549,-26.4549,735,735,114.99,114.99,9.24206e+11,0
evt_302,36,1,-1,3,2,1.33848,0.850558,1,-523.875,-523.875,25315,25315,327.49,327.49,9.24206e+11,0
evt_302,37,1,-1,3,2,1.99161,0.594955,2,-1218.02,-27.1066,61863,692,372.49,109.99,9.24206e+11,0
evt_302,60,2,-1,3,2,-5.307,0.77126,1,-483.665,-483.665,24368,24368,534.99,534.99,9.24206e+11,0
evt_302,61,2,-1,3,2,-2.45383,0.544422,2,-523.043,-46.0551,27825,1423,382.49,149.99,9.24206e+11,0
evt_302,70,2,-1,4,3,0.000131606,0.937073,1,-93.7081,-93.7081,3077,3077,192.49,192.49,9.24206e+11,0
evt_302,71,2,-1,4,3,4.96897,0.770302,1,-40.1102,-40.1102,1234,1234,142.49,142.49,9.24206e+11,0
evt_302,74,3,-1,2,1,0.649415,1.03944,2,-743.356,-23.5607,35016,545,339.99,102.49,9.24206e+11,0
evt_302,75,3,-1,2,1,-1.01085,0.70372,1,-643.854,-643.854,38239,38239,402.49,402.49,9.24206e+11,0
evt_302,92,3,-1,3,3,0.497652,1.10406,1,-87.1501,-87.1501,3726,3726,219.99,219.99,0,1.36638e+19
evt_303,37,1,-1,3,2,-2.5527,0.981833,1,-1183.36,-1183.36,45101,45101,167.49,167.49,9.2423e+11,0
evt_303,62,2,-1,4,2,0.990608,0.72983,1,-106.258,-106.258,4660,4660,242.49,242.49,9.2423e+11,0
evt_303,76,3,-1,3,1,-1.17197,0.96118,1,-47.0046,-47.0046,2327,2327,214.99,214.99,9.2423e+11,0
evt_303,80,3,-1,1,2,2.34291,0.797349,1,-35.2188,-35.2188,1639,1639,187.49,187.49,9.2423e+11,0
evt_303,81,3,-1,1,2,3.34536,1.1204,1,-144.57,-144.57,6613,6613,272.49,272.49,9.2423e+11,0
evt_304,2,0,-1,2,1,4.99242,0.699472,1,-103.929,-103.929,3800,3800,202.49,202.49,9.24326e+11,0
evt_304,34,1,-1,2,2,23.5804,4.11837,4,-148.802,-22.379,4131,224,174.99,87.49,9.24326e+11,0
evt_304,35,1,-1,2,2,12.5635,5.78493,1,-110.906,-110.906,3231,3231,169.99,169.99,9.24326e+11,0
evt_304,52,2,-1,3,1,5.33015,0.789464,3,-557.807,-48.9546,24213,1646,307.49,72.49,9.24326e+11,0
evt_304,53,2,-1,3,1,1.02014,0.803895,2,-489.629,-29.3566,23557,919,324.99,132.49,9.24326e+11,0
evt_304,70,2,-1,4,3,-0.791192,0.800493,2,-149.076,-28.674,6001,805,239.99,119.99,9.24326e+11,0
evt_304,71,2,-1,4,3,-1.84782,0.898959,1,-168.516,-168.516,7964,7964,279.99,279.99,9.24326e+11,0
evt_304,76,3,-1,3,1,-10.2724,2.07061,1,-15.822,-15.822,471,471,92.49,92.49,9.24326e+11,0
evt_304,80,3,-1,1,2,-6.04317,0.940182,1,-21.1956,-21.1956,1050,1050,162.49,162.49,9.24326e+11,0
evt_305,6,0,-1,4,1,-0.389496,0.899884,1,-764.554,-764.554,37524,37524,349.99,349.99,9.24346e+11,0
evt_305,7,0,-1,4,1,-0.741357,1.02231,2,-252.235,-16.4331,13906,321,357.49,69.99,9.24346e+11,0
evt_305,36,1,-1,3,2,1.1857,0.903887,2,-1250.27,-108.617,88872,3177,399.99,174.99,9.24346e+11,0
evt_305,37,1,-1,3,2,3.1411,1.00346,2,-1250.42,-65.6105,99260,2395,554.99,214.99,9.24346e+11,0
evt_305,48,2,-1,1,1,1.06588,0.819088,1,-135.454,-135.454,5432,5432,239.99,239.99,9.24346e+11,0
evt_305,49,2,-1,1,1,-0.0654057,0.852195,1,-88.1442,-88.1442,5582,5582,389.99,389.99,9.24346e+11,0
evt_305,72,3,-1,1,1,-9.71249,1.25125,5,-25.424,-19.1758,7830,844,1002.49,137.49,9.24346e+11,0
evt_305,76,3,-1,3,1,1.35608,0.960659,1,-16.2689,-16.2689,495,495,94.99,94.99,9.24346e+11,0
evt_306,7,0,-1,4,1,3.65993,1.20348,1,-16.0926,-16.0926,339,339,69.99,69.99,9.2463e+11,0
evt_306,23,0,-1,4,3,0.63919,0.72295,1,-16.1648,-16.1648,347,347,74.99,74.99,9.2463e+11,0
evt_306,56,2,-1,1,2,-27.9826,0.707021,1,-30.3098,-30.3098,18174,18174,2507.49,2507.49,9.2463e+11,0
evt_307,2,0,-1,2,1,1.02241,0.990422,1,-30.4271,-30.4271,986,986,139.99,139.99,9.24688e+11,0
evt_307,4,0,-1,3,1,1.50515,0.751509,2,-151.621,-26.6494,8370,917,314.99,129.99,9.24688e+11,0
evt_307,5,0,-1,3,1,0.513578,0.783032,2,-224.167,-21.5059,10841,619,289.99,112.49,9.24688e+11,0
evt_307,14,0,-1,4,2,2.60303,1.13803,1,-1250.27,-1250.27,382395,382395,1062.49,1062.49,9.24688e+11,0
evt_307,15,0,-1,4,2,1.74658,0.780145,1,-946.108,-946.108,380946,380946,1242.49,1242.49,9.24688e+11,0
evt_307,38,1,-1,4,2,0.268494,1.09048,1,-1250.65,-1250.65,266225,266225,857.49,857.49,9.24688e+11,0
evt_307,39,1,-1,4,2,3.60883,0.878173,2,-1250.35,-31.2959,186554,1555,782.49,69.99,9.24688e+11,0
evt_307,52,2,-1,3,1,-3.71342,1.03039,1,-49.6006,-49.6006,780,780,92.49,92.49,9.24688e+11,0
evt_307,53,2,-1,3,1,-0.159352,0.879181,1,-49.0832,-49.0832,599,599,87.49,87.49,9.24688e+11,0
evt_307,56,2,-1,1,2,-13.398,0.746091,4,-21.9605,-17.6551,10611,824,1539.99,137.49,9.24688e+11,0
evt_307,57,2,-1,1,2,0.398839,1.16276,1,-53.6026,-53.6026,526,526,79.99,79.99,9.24688e+11,0
evt_307,62,2,-1,4,2,-4.13295,1.20711,1,-1250.38,-1250.38,227999,227999,932.49,932.49,9.24688e+11,0
evt_307,63,2,-1,4,2,-1.49003,0.972721,2,-1250.58,-154.53,308115,402,857.49,127.49,9.24688e+11,0
evt_307,76,3,-1,3,1,-5.75685,1.22327,1,-16.0504,-16.0504,340,340,64.99,64.99,9.24688e+11,0
evt_307,86,3,-1,4,2,0.436529,1.01327,1,-1250.65,-1250.65,250289,250289,837.49,837.49,9.24688e+11,0
evt_307,87,3,-1,4,2,3.83588,0.512195,2,-1250.53,-293.79,291247,13692,879.99,159.99,9.24688e+11,0
evt_307,93,3,-1,3,3,0.486355,0.901196,1,-18.1854,-18.1854,579,579,104.99,104.99,0,1.38684e+19
evt_308,14,0,-1,4,2,-24.6817,0.76086,1,-27.3765,-27.3765,23912,23912,2507.49,2507.49,9.24688e+11,0
evt_308,15,0,-1,4,2,-17.1537,0.780704,1,-20.5093,-20.5093,17504,17504,2507.49,2507.49,9.24688e+11,0
evt_308,63,2,-1,4,2,-23.2596,0.845866,1,-26.2679,-26.2679,22408,22408,2507.49,2507.49,9.24688e+11,0
evt_308,87,3,-1,4,2,-14.2134,0.814105,7,-28.0214,-17.6926,3295,1206,399.99,184.99,9.24688e+11,0
evt_308,89,3,-1,1,3,-80.748,15.7823,1,-54.0392,-54.0392,958,958,112.49,112.49,1.49602e+14,4.47563e+18
evt_309,12,0,-1,3,2,5.58824,0.731523,1,-1250.65,-1250.65,98680,98680,427.49,427.49,9.24732e+11,0
evt_309,13,0,-1,3,2,-1.51742,0.738017,3,-1250,-24.896,108470,212,459.99,89.99,9.24732e+11,0
evt_309,14,0,-1,4,2,1.32527,0.698085,1,-266.836,-266.836,18181,18181,389.99,389.99,9.24732e+11,0
evt_309,15,0,-1,4,2,-0.657381,1.00574,1,-423.836,-423.836,25949,25949,389.99,389.99,9.24732e+11,0
evt_309,41,1,-1,1,3,51.6391,1.43536,1,-289.938,-289.938,10680,10680,222.49,222.49,9.24732e+11,0
evt_309,53,2,-1,3,1,-0.170594,0.79052,1,-53.6437,-53.6437,2229,2229,194.99,194.99,9.24732e+11,0
evt_309,94,3,-1,4,3,3.33645,1.06503,1,-35.0342,-35.0342,1269,1269,152.49,152.49,4.38087e+11,4.64295e+18
evt_310,12,0,-1,3,2,-0.176989,0.962035,1,-108.008,-108.008,4836,4836,239.99,239.99,9.24763e+11,0
evt_310,13,0,-1,3,2,-3.11187,0.673946,1,-235.919,-235.919,11715,11715,304.99,304.99,9.24763e+11,0
evt_310,40,1,-1,1,3,1.92913,1.32993,1,-188.185,-188.185,9508,9508,292.49,292.49,9.24763e+11,0
evt_310,41,1,-1,1,3,-1.9555,0.766589,1,-77.9654,-77.9654,3427,3427,224.99,224.99,9.24763e+11,0
evt_310,54,2,-1,4,1,-0.00774716,0.776261,1,-41.363,-41.363,258,258,64.99,64.99,9.24763e+11,0
evt_310,62,2,-1,4,2,12.1303,0.81137,1,-19.5975,-19.5975,448,448,92.49,92.49,9.24763e+11,0
evt_310,63,2,-1,4,2,20.8903,0.99847,1,-15.064,-15.064,215,215,54.99,54.99,9.24763e+11,0
evt_310,88,3,-1,1,3,0.650457,0.829002,1,-40.9844,-40.9844,1343,1343,154.99,154.99,1.49602e+14,1.10382e+12
evt_310,89,3,-1,1,3,1.14615,0.835932,1,-42.7378,-42.7378,1552,1552,164.99,164.99,1.49602e+14,4.4858e+18
evt_311,2,0,-1,2,1,2.21609,0.92431,1,-69.3477,-69.3477,2701,2701,204.99,204.99,9.24782e+11,0
evt_311,3,0,-1,2,1,0.162018,1.51181,1,-43.4975,-43.4975,1778,1778,187.49,187.49,9.24782e+11,0
evt_311,4,0,-1,3,1,0.899825,0.90837,1,-1167.24,-1167.24,64699,64699,402.49,402.49,9.24782e+11,0
evt_311,5,0,-1,3,1,0.273028,0.833337,2,-1250.35,-15.9753,83418,198,434.99,57.49,9.24782e+11,0
evt_311,44,1,-1,3,3,9.02854,1.04765,2,-40.1846,-22.3446,1136,527,134.99,97.49,9.24782e+11,0
evt_311,48,2,-1,1,1,-0.684581,0.97755,1,-37.3627,-37.3627,1417,1417,159.99,159.99,9.24782e+11,0
evt_311,50,2,-1,2,1,0.129635,1.09036,1,-161.686,-161.686,9506,9506,312.49,312.49,9.24782e+11,0
evt_311,51,2,-1,2,1,-0.881222,0.820672,1,-387.391,-387.391,18141,18141,324.99,324.99,9.24782e+11,0
evt_311,78,3,-1,4,1,6.21602,1.05394,2,-527.115,-35.1503,32779,1340,382.49,159.99,9.24782e+11,0
evt_311,79,3,-1,4,1,-0.195162,0.889719,3,-871.988,-31.2987,45097,1118,364.99,152.49,9.24782e+11,0
evt_312,8,0,-1,1,2,-333.987,367.881,2,-1250.23,-55.8532,86029,1422,509.99,139.99,9.24782e+11,0
evt_312,9,0,-1,1,2,-229.874,276.041,2,-1216.8,-29.1684,55942,472,307.49,92.49,9.24782e+11,0
evt_312,16,0,-1,1,3,-456.881,401.301,3,-1217.9,-36.9814,73006,827,459.99,119.99,9.24782e+11,0
evt_312,17,0,-1,1,3,-468.302,388.433,5,-1250.08,-15.6676,76873,233,362.49,59.99,9.24782e+11,0
evt_312,40,1,-1,1,3,6.12063,1.3571,1,-341.371,-341.371,14864,14864,297.49,297.49,9.24782e+11,0
evt_312,41,1,-1,1,3,1.62381,0.912675,2,-173.507,-21.4987,9719,638,417.49,107.49,9.24782e+11,0
evt_312,42,1,-1,2,3,-39.225,23.8981,1,-74.9909,-74.9909,2487,2487,169.99,169.99,9.24782e+11,0
evt_312,48,2,-1,1,1,0.340925,0.578044,1,-25.806,-25.806,694,694,109.99,109.99,9.24782e+11,0
evt_312,53,2,-1,3,1,-37.7633,3.65882,1,-31.075,-31.075,561,561,94.99,94.99,9.24782e+11,0
evt_312,59,2,-1,2,2,-1.47751,0.503115,1,-166.187,-166.187,7624,7624,274.99,274.99,9.24782e+11,0
evt_312,62,2,-1,4,2,-1.50744,1.03813,1,-58.0727,-58.0727,444,444,72.49,72.49,9.24782e+11,0
evt_312,63,2,-1,4,2,1.2713,0.73861,1,-43.1981,-43.1981,282,282,69.99,69.99,9.24782e+11,0
evt_312,72,3,-1,1,1,-5.87171,1.43137,2,-24.6166,-17.6991,1493,619,204.99,104.99,9.24782e+11,0
evt_312,84,3,-1,3,2,-0.0981391,0.747185,1,-50.745,-50.745,2083,2083,189.99,189.99,9.24782e+11,0
evt_313,22,0,-1,4,3,0.181941,1.07439,1,-71.9385,-71.9385,2865,2865,204.99,204.99,9.24855e+11,0
evt_313,23,0,-1,4,3,-2.14382,1.21565,1,-30.3082,-30.3082,939,939,129.99,129.99,9.24855e+11,0
evt_313,46,1,-1,4,3,1.71606,0.869073,1,-142.738,-142.738,8044,8044,322.49,322.49,9.24855e+11,0
evt_313,47,1,-1,4,3,1.25664,0.704435,1,-146.785,-146.785,5778,5778,237.49,237.49,9.24855e+11,0
evt_313,56,2,-1,1,2,1.43407,1.33724,1,-66.5111,-66.5111,851,851,92.49,92.49,9.24855e+11,0
evt_313,57,2,-1,1,2,-0.500801,0.493392,1,-91.1746,-91.1746,1302,1302,89.99,89.99,9.24855e+11,0
evt_313,70,2,-1,4,3,1.98974,0.826092,1,-283.385,-283.385,10386,10386,259.99,259.99,9.24855e+11,0
evt_313,71,2,-1,4,3,3.2772,0.746927,1,-237.448,-237.448,9888,9888,274.99,274.99,9.24855e+11,0
evt_314,4,0,-1,3,1,1.26116,0.73762,1,-94.245,-94.245,5437,5437,299.99,299.99,9.24933e+11,0
evt_314,5,0,-1,3,1,0.867128,1.10459,1,-200.652,-200.652,9732,9732,364.99,364.99,9.24933e+11,0
evt_314,26,1,-1,2,1,-2.40518,1.11806,1,-220.633,-220.633,13957,13957,332.49,332.49,9.24933e+11,0
evt_314,27,1,-1,2,1,2.67429,1.05873,2,-347.662,-22.5722,17395,645,327.49,114.99,9.24933e+11,0
evt_314,28,1,-1,3,1,-7.54152,0.8464,2,-607.337,-16.3146,31824,390,382.49,79.99,9.24933e+11,0
evt_314,29,1,-1,3,1,1.04817,0.786869,1,-402.787,-402.787,26817,26817,439.99,439.99,9.24933e+11,0
evt_314,76,3,-1,3,1,0.280807,1.73043,1,-239.731,-239.731,15095,15095,357.49,357.49,9.24933e+11,0
evt_314,77,3,-1,3,1,-0.414234,0.697405,1,-496.007,-496.007,25450,25450,374.99,374.99,9.24933e+11,0
evt_315,6,0,-1,4,1,1.63975,0.99909,1,-813.541,-813.541,40410,40410,387.49,387.49,9.25014e+11,0
evt_315,7,0,-1,4,1,0.484397,1.54806,1,-500.739,-500.739,23940,23940,329.99,329.99,9.25014e+11,0
evt_315,22,0,-1,4,3,-3.54012,2.0856,2,-164.853,-30.5347,8443,1041,299.99,144.99,9.25014e+11,0
evt_315,23,0,-1,4,3,-0.692163,0.997506,1,-79.1876,-79.1876,3012,3012,207.49,207.49,9.25014e+11,0
evt_315,30,1,-1,4,1,5.82701,1.21094,1,-229.624,-229.624,8302,8302,232.49,232.49,9.25014e+11,0
evt_315,48,2,-1,1,1,2.83964,0.750319,1,-169.695,-169.695,9625,9625,299.99,299.99,9.25014e+11,0
evt_315,49,2,-1,1,1,-0.17131,0.719973,2,-236.08,-35.5315,12964,1354,314.99,162.49,9.25014e+11,0
evt_315,50,2,-1,2,1,39.4848,1.00527,2,-462.144,-94.7074,18364,2824,254.99,167.49,9.25014e+11,0
evt_315,51,2,-1,2,1,17.0746,2.93802,1,-20.2473,-20.2473,276,276,84.99,84.99,9.25014e+11,0
evt_315,56,2,-1,1,2,-36.5322,4.88827,1,-27.1333,-27.1333,292,292,74.99,74.99,9.25014e+11,0
evt_315,58,2,-1,2,2,2.39766,0.843884,1,-32.3393,-32.3393,206,206,67.49,67.49,9.25014e+11,0
evt_315,59,2,-1,2,2,-0.865273,0.739897,1,-47.8293,-47.8293,284,284,72.49,72.49,9.25014e+11,0
evt_315,62,2,-1,4,2,3.73319,0.74056,1,-76.4077,-76.4077,902,902,84.99,84.99,9.25014e+11,0
evt_315,63,2,-1,4,2,4.17573,0.74928,1,-69.9805,-69.9805,626,626,82.49,82.49,9.25014e+11,0
evt_315,75,3,-1,2,1,0.01973,0.88747,1,-35.9119,-35.9119,1363,1363,162.49,162.49,9.25014e+11,0
evt_315,78,3,-1,4,1,-10.4739,0.735265,5,-21.1205,-15.4355,1052,405,162.49,77.49,9.25014e+11,0
evt_316,0,0,-1,1,1,-0.471339,1.15738,1,-23.7517,-23.7517,592,592,104.99,104.99,9.2503e+11,0
evt_317,11,0,-1,2,2,12.9934,0.944805,3,-362.073,-19.6753,15045,420,269.99,84.99,9.25041e+11,0
evt_317,25,1,-1,1,1,-0.0597754,0.688495,2,-266.644,-16.0114,10722,229,269.99,54.99,9.25041e+11,0
evt_317,56,2,-1,1,2,3.8896,1.55609,4,-1250.05,-24.3098,96630,415,397.49,97.49,9.25041e+11,0
evt_317,57,2,-1,1,2,0.927303,0.774584,2,-1203.27,-65.7182,57643,1808,364.99,152.49,9.25041e+11,0
evt_317,82,3,-1,2,2,-17.5724,1.76345,2,-24.0576,-16.3274,15163,664,2282.49,134.99,9.25041e+11,0
evt_317,93,3,-1,3,3,-14.5625,0.843916,1,-17.7669,-17.7669,594,594,107.49,107.49,0,4.60695e+18
evt_318,24,1,-1,1,1,3.83611,1.04019,1,-410.607,-410.607,21930,21930,332.49,332.49,9.25046e+11,0
evt_318,25,1,-1,1,1,0.368167,0.742917,1,-669.245,-669.245,39779,39779,524.99,524.99,9.25046e+11,0
evt_318,26,1,-1,2,1,12.37,1.60189,1,-49.1862,-49.1862,1557,1557,159.99,159.99,9.25046e+11,0
evt_318,48,2,-1,1,1,1.67795,0.832008,2,-1250.39,-39.0309,98631,1109,419.99,184.99,9.25046e+11,0
evt_318,49,2,-1,1,1,0.45606,0.964221,1,-1097.16,-1097.16,72017,72017,574.99,574.99,9.25046e+11,0
evt_318,72,3,-1,1,1,-11.1034,0.691704,4,-23.4076,-18.1863,5166,432,759.99,64.99,9.25046e+11,0
evt_318,76,3,-1,3,1,-3.06151,1.41462,1,-18.1799,-18.1799,868,868,154.99,154.99,9.25046e+11,0
evt_319,4,0,-1,3,1,0.612859,0.651228,1,-1198.04,-1198.04,68212,68212,419.99,419.99,9.25067e+11,0
evt_319,5,0,-1,3,1,-0.906713,1.19112,1,-1247.68,-1247.68,96123,96123,637.49,637.49,9.25067e+11,0
evt_319,46,1,-1,4,3,3.285,0.950383,1,-317.58,-317.58,14801,14801,292.49,292.49,9.25067e+11,0
evt_319,47,1,-1,4,3,1.18312,1.32562,1,-157.764,-157.764,7277,7277,267.49,267.49,9.25067e+11,0
evt_319,53,2,-1,3,1,-0.399446,0.634072,1,-57.1493,-57.1493,1852,1852,162.49,162.49,9.25067e+11,0
evt_319,80,3,-1,1,2,1.35825,1.246,1,-527.812,-527.812,34297,34297,437.49,437.49,9.25067e+11,0
evt_319,81,3,-1,1,2,0.843261,1.51491,1,-495.415,-495.415,27747,27747,362.49,362.49,9.25067e+11,0
evt_320,1,0,-1,1,1,3.80714,1.17109,1,-406.755,-406.755,14011,14011,254.99,254.99,9.2507e+11,0
evt_320,41,1,-1,1,3,3.76138,0.843929,1,-58.6013,-58.6013,2242,2242,189.99,189.99,9.2507e+11,0
evt_320,49,2,-1,1,1,8.40168,0.825947,1,-44.8651,-44.8651,110,110,62.49,62.49,9.2507e+11,0
evt_320,56,2,-1,1,2,-24.2419,0.845722,2,-25.9609,-22.2238,10368,7224,1502.49,912.49,9.2507e+11,0
evt_320,72,3,-1,1,1,-18.2831,1.19482,5,-29.9282,-17.4215,9240,659,1109.99,114.99,9.2507e+11,0
evt_320,76,3,-1,3,1,-13.3215,1.71101,2,-17.0826,-17.0426,1140,456,202.49,87.49,9.2507e+11,0
evt_320,78,3,-1,4,1,-11.9694,0.827115,4,-21.0047,-15.2895,1612,266,274.99,54.99,9.2507e+11,0
evt_321,4,0,-1,3,1,2.14435,0.750198,1,-187.423,-187.423,9170,9170,279.99,279.99,9.25214e+11,0
evt_321,5,0,-1,3,1,1.3857,0.903103,1,-285.826,-285.826,11824,11824,279.99,279.99,9.25214e+11,0
evt_321,26,1,-1,2,1,-4.66799,1.23453,1,-465.358,-465.358,24740,24740,429.99,429.99,9.25214e+11,0
evt_321,27,1,-1,2,1,-0.414353,0.894777,1,-285.633,-285.633,14386,14386,317.49,317.49,9.25214e+11,0
evt_321,48,2,-1,1,1,0.0235277,0.833419,2,-1249.97,-112.63,87165,4276,449.99,154.99,9.25214e+11,0
evt_321,49,2,-1,1,1,0.223283,0.65028,2,-901.839,-261.996,50357,11691,529.99,302.49,9.25214e+11,0
evt_321,71,2,-1,4,3,-2.47987,0.684168,1,-20.8178,-20.8178,831,831,132.49,132.49,9.25214e+11,0
evt_321,92,3,-1,3,3,-7.13458,0.733464,1,-520.515,-520.515,24701,24701,334.99,334.99,0,4.58773e+18
evt_321,93,3,-1,3,3,10.2174,1.10016,1,-54.7854,-54.7854,1770,1770,169.99,169.99,0,4.59872e+18
evt_322,16,0,-1,1,3,-983.93,54.4497,3,-873.432,-48.1177,26223,1599,327.49,157.49,9.25228e+11,0
evt_322,17,0,-1,1,3,-954.388,49.635,2,-882.136,-26.1534,32427,571,647.49,104.99,9.25228e+11,0
evt_322,40,1,-1,1,3,3.49746,0.637082,4,-1041.85,-23.9808,51792,544,367.49,99.99,9.25228e+11,0
evt_322,41,1,-1,1,3,-1.89885,0.785901,2,-985.615,-76.2108,50894,2759,384.99,192.49,9.25228e+11,0
evt_322,52,2,-1,3,1,1.01631,0.897118,1,-22.7872,-22.7872,133,133,62.49,62.49,9.25228e+11,0
evt_322,53,2,-1,3,1,-1.4474,0.814309,1,-45.5775,-45.5775,333,333,74.99,74.99,9.25228e+11,0
evt_322,64,2,-1,1,3,-1.96845,1.01395,1,-115.331,-115.331,5298,5298,252.49,252.49,9.25228e+11,0
evt_322,65,2,-1,1,3,1.91977,1.16906,1,-120.667,-120.667,4544,4544,229.99,229.99,9.25228e+11,0
evt_322,66,2,-1,2,3,4.28501,1.55933,1,-654.264,-654.264,32625,32625,397.49,397.49,9.25228e+11,0
evt_322,67,2,-1,2,3,0.604229,0.952695,1,-938.035,-938.035,49068,49068,384.99,384.99,9.25228e+11,0
evt_323,12,0,-1,3,2,-0.0453407,2.19773,3,-1250.31,-40.1464,189244,746,744.99,39.99,9.25244e+11,0
evt_323,13,0,-1,3,2,-0.588524,0.949892,2,-1250.54,-520.093,344410,19446,1002.49,132.49,9.25244e+11,0
evt_323,20,0,-1,3,3,0.0476388,0.818093,3,-1250.54,-24.3111,269167,327,867.49,79.99,9.25244e+11,0
evt_323,21,0,-1,3,3,-0.761248,0.871728,3,-1250.5,-115.972,280246,64,894.99,107.49,9.25244e+11,0
evt_323,22,0,-1,4,3,-0.0830346,0.763522,1,-135.301,-135.301,6044,6044,257.49,257.49,9.25244e+11,0
evt_323,23,0,-1,4,3,1.66552,0.833024,1,-123.757,-123.757,4777,4777,229.99,229.99,9.25244e+11,0
evt_323,44,1,-1,3,3,0.0505935,0.955916,2,-1250.85,-395.676,345447,11906,1092.49,139.99,9.25244e+11,0
evt_323,45,1,-1,3,3,-1.63758,0.721701,2,-1250.58,-213.013,290621,5809,892.49,194.99,9.25244e+11,0
evt_323,62,2,-1,4,2,-0.384061,0.960777,1,-59.2675,-59.2675,496,496,72.49,72.49,9.25244e+11,0
evt_323,63,2,-1,4,2,1.51148,0.896264,1,-77.966,-77.966,495,495,72.49,72.49,9.25244e+11,0
evt_323,68,2,-1,3,3,-2.24639,0.764046,1,-1250.5,-1250.5,463999,463999,1257.49,1257.49,9.25244e+11,0
evt_323,69,2,-1,3,3,2.0001,0.923045,1,-1249.97,-1249.97,200796,200796,814.99,814.99,9.25244e+11,0
evt_323,79,3,-1,4,1,1.83974,0.684982,1,-66.8757,-66.8757,3208,3208,242.49,242.49,9.25244e+11,0
evt_323,92,3,-1,3,3,-0.491639,1.25839,1,-1250.43,-1250.43,219777,219777,664.99,664.99,0,1.3818e+19
evt_323,93,3,-1,3,3,9.43307,1.01379,1,-1250.43,-1250.43,122300,122300,379.99,379.99,0,1.38166e+19
evt_324,18,0,-1,2,3,-3.98465,4.00445,1,-21.1196,-21.1196,537,537,97.49,97.49,9.25343e+11,0
evt_324,22,0,-1,4,3,-6.38418,1.35187,1,-93.5607,-93.5607,5284,5284,274.99,274.99,9.25343e+11,0
evt_324,23,0,-1,4,3,-2.45098,0.870027,1,-77.3943,-77.3943,3246,3246,224.99,224.99,9.25343e+11,0
evt_324,35,1,-1,2,2,-0.679317,0.835149,1,-26.23,-26.23,887,887,129.99,129.99,9.25343e+11,0
evt_324,66,2,-1,2,3,-6.86384,0.817093,2,-1250.23,-19.3265,90752,264,444.99,82.49,9.25343e+11,0
evt_324,67,2,-1,2,3,2.82993,0.800054,2,-1250.19,-30.6142,94143,578,437.49,57.49,9.25343e+11,0
evt_324,72,3,-1,1,1,-2.98853,0.851483,1,-212.204,-212.204,11616,11616,309.99,309.99,9.25343e+11,0
evt_324,73,3,-1,1,1,2.12121,0.733969,1,-155.663,-155.663,7169,7169,277.49,277.49,9.25343e+11,0
evt_325,13,0,-1,3,2,13.067,0.829743,1,-101.946,-101.946,3975,3975,207.49,207.49,9.25376e+11,0
evt_325,16,0,-1,1,3,0.907375,0.914112,1,-208.394,-208.394,10380,10380,344.99,344.99,9.25376e+11,0
evt_325,17,0,-1,1,3,0.192851,0.848182,1,-213.231,-213.231,8458,8458,254.99,254.99,9.25376e+11,0
evt_325,36,1,-1,3,2,0.581283,0.937965,1,-632.951,-632.951,31034,31034,357.49,357.49,9.25376e+11,0
evt_325,37,1,-1,3,2,-1.53213,0.886736,2,-1215.97,-285.898,64774,11538,417.49,272.49,9.25376e+11,0
evt_325,50,2,-1,2,1,0.0507435,0.815022,2,-20.1749,-19.0847,562,93,99.99,54.99,9.25376e+11,0
evt_325,51,2,-1,2,1,-0.928291,0.760634,1,-19.4822,-19.4822,572,572,104.99,104.99,9.25376e+11,0
evt_325,56,2,-1,1,2,2.59948,0.900662,1,-60.0263,-60.0263,2642,2642,204.99,204.99,9.25376e+11,0
evt_325,70,2,-1,4,3,1.45731,1.45854,2,-609.275,-29.509,26348,770,362.49,114.99,9.25376e+11,0
evt_325,71,2,-1,4,3,2.10733,0.648413,2,-728.181,-115.252,42221,4159,429.99,204.99,9.25376e+11,0
evt_325,76,3,-1,3,1,30.7254,4.43469,1,-25.5508,-25.5508,440,440,104.99,104.99,9.25376e+11,0
evt_325,77,3,-1,3,1,-16.518,9.68482,2,-236.448,-161.688,11055,5390,309.99,194.99,9.25376e+11,0
evt_326,5,0,-1,3,1,19.9327,0.799976,1,-30.767,-30.767,811,811,124.99,124.99,9.25399e+11,0
evt_326,15,0,-1,4,2,83.5603,9.14889,3,-80.5159,-45.2169,1306,495,129.99,109.99,9.25399e+11,0
evt_326,28,1,-1,3,1,6.35027,0.823192,1,-1247.79,-1247.79,108545,108545,412.49,412.49,9.25399e+11,0
evt_326,29,1,-1,3,1,4.70922,0.767459,2,-1249.74,-15.8576,94910,102,614.99,57.49,9.25399e+11,0
evt_326,46,1,-1,4,3,1.39964,0.968555,2,-933.519,-49.6019,42903,1484,382.49,152.49,9.25399e+11,0
evt_326,47,1,-1,4,3,-2.14087,0.835195,3,-1019.03,-33.314,50730,687,442.49,44.99,9.25399e+11,0
evt_326,58,2,-1,2,2,0.0656361,0.807597,1,-247.128,-247.128,15137,15137,334.99,334.99,9.25399e+11,0
evt_326,59,2,-1,2,2,0.559026,0.750719,2,-331.154,-44.2623,20778,1678,557.49,169.99,9.25399e+11,0
evt_326,88,3,-1,1,3,-0.764537,1.04187,1,-128.674,-128.674,4672,4672,219.99,219.99,1.49602e+14,1.10382e+12
evt_326,89,3,-1,1,3,-0.101545,1.0346,1,-284.911,-284.911,12404,12404,284.99,284.99,1.49602e+14,4.63266e+18
evt_327,18,0,-1,2,3,-2.18674,0.998277,1,-116.74,-116.74,4616,4616,227.49,227.49,9.25422e+11,0
evt_327,19,0,-1,2,3,-0.430528,0.960497,1,-54.515,-54.515,2151,2151,184.99,184.99,9.25422e+11,0
evt_327,46,1,-1,4,3,6.99788,1.10406,1,-33.0112,-33.0112,1036,1036,134.99,134.99,9.25422e+11,0
evt_327,70,2,-1,4,3,0.844261,0.906577,1,-772.108,-772.108,32958,32958,327.49,327.49,9.25422e+11,0
evt_327,71,2,-1,4,3,-2.9355,1.23232,1,-442.708,-442.708,21003,21003,329.99,329.99,9.25422e+11,0
evt_327,80,3,-1,1,2,-14.4075,1.19217,4,-17.5069,-15.7012,629,278,109.99,54.99,9.25422e+11,0
evt_327,91,3,-1,2,3,2.28502,0.870156,1,-20.74,-20.74,618,618,107.49,107.49,0,4.60553e+18
evt_327,93,3,-1,3,3,-8.0702,1.28608,2,-18.948,-17.191,1297,625,202.49,112.49,0,1.36595e+19
evt_328,72,3,-1,1,1,-10.6544,1.02996,1,-16.8126,-16.8126,294,294,57.49,57.49,9.2543e+11,0
evt_329,20,0,-1,3,3,1.2235,0.777926,1,-36.7898,-36.7898,1340,1340,157.49,157.49,9.2547e+11,0
evt_329,30,1,-1,4,1,1.74913,0.890882,1,-262.796,-262.796,11832,11832,272.49,272.49,9.2547e+11,0
evt_329,31,1,-1,4,1,1.91733,0.704831,1,-356.966,-356.966,14883,14883,289.99,289.99,9.2547e+11,0
evt_329,60,2,-1,3,2,1.09305,0.843447,2,-1204.63,-212.529,62636,6408,389.99,109.99,9.2547e+11,0
evt_329,61,2,-1,3,2,0.341177,1.01703,2,-1250.81,-265.083,64184,7848,404.99,112.49,9.2547e+11,0
evt_329,72,3,-1,1,1,4.31706,1.56163,2,-195.694,-34.9218,11270,1314,414.99,164.99,9.2547e+11,0
evt_329,73,3,-1,1,1,-0.0708904,0.872021,1,-281.397,-281.397,13456,13456,304.99,304.99,9.2547e+11,0
evt_329,74,3,-1,2,1,2.12598,0.875147,2,-199.395,-140.875,9358,5850,289.99,162.49,9.2547e+11,0
evt_329,75,3,-1,2,1,-0.0350758,0.831458,3,-274.462,-20.2813,16473,601,339.99,104.99,9.2547e+11,0
evt_330,4,0,-1,3,1,1.57014,1.02461,1,-1250.46,-1250.46,98157,98157,659.99,659.99,9.25516e+11,0
evt_330,5,0,-1,3,1,-0.0674366,0.77904,1,-1250.12,-1250.12,104470,104470,474.99,474.99,9.25516e+11,0
evt_330,52,2,-1,3,1,-2.41236,0.834623,1,-58.7509,-58.7509,2234,2234,182.49,182.49,9.25516e+11,0
evt_330,53,2,-1,3,1,-1.0259,0.765828,1,-117.425,-117.425,4949,4949,239.99,239.99,9.25516e+11,0
evt_330,76,3,-1,3,1,3.29153,0.656869,1,-247.202,-247.202,12594,12594,309.99,309.99,9.25516e+11,0
evt_330,77,3,-1,3,1,1.00477,0.839981,3,-355.63,-24.856,21315,851,387.49,114.99,9.25516e+11,0
evt_330,80,3,-1,1,2,-5.67735,1.16644,3,-21.244,-18.5929,1401,611,192.49,104.99,9.25516e+11,0
evt_331,12,0,-1,3,2,1.12768,0.779308,1,-28.6331,-28.6331,1032,1032,137.49,137.49,9.2552e+11,0
evt_331,20,0,-1,3,3,0.543265,0.588301,1,-69.0428,-69.0428,2813,2813,199.99,199.99,9.2552e+11,0
evt_331,34,1,-1,2,2,1.7627,0.828177,1,-80.2545,-80.2545,3056,3056,202.49,202.49,9.2552e+11,0
evt_331,48,2,-1,1,1,-1.1117,0.715405,1,-61.4178,-61.4178,2067,2067,174.99,174.99,9.2552e+11,0
evt_331,49,2,-1,1,1,-0.478364,0.692863,1,-80.6069,-80.6069,3440,3440,217.49,217.49,9.2552e+11,0
evt_331,78,3,-1,4,1,-1.98217,1.46674,1,-16.4659,-16.4659,413,413,79.99,79.99,9.2552e+11,0
evt_331,94,3,-1,4,3,-1.22037,0.952019,3,-741.493,-51.7735,37159,1837,342.49,169.99,4.38087e+11,4.5641e+18
evt_331,95,3,-1,4,3,0.394001,0.936921,2,-856.102,-27.0662,47530,764,384.99,124.99,4.38087e+11,4.59457e+18
evt_332,6,0,-1,4,1,0.678356,1.2388,1,-453.002,-453.002,27968,27968,419.99,419.99,9.25549e+11,0
evt_332,7,0,-1,4,1,0.595447,0.973155,1,-105.26,-105.26,4324,4324,229.99,229.99,9.25549e+11,0
evt_332,22,0,-1,4,3,-2.60372,0.922987,1,-38.3107,-38.3107,2093,2093,234.99,234.99,9.25549e+11,0
evt_332,26,1,-1,2,1,-3.78886,1.05291,1,-282.669,-282.669,12842,12842,299.99,299.99,9.25549e+11,0
evt_332,27,1,-1,2,1,-1.3454,1.07025,3,-565.699,-328.482,27970,11112,339.99,94.99,9.25549e+11,0
evt_332,44,1,-1,3,3,4.89394,1.05607,3,-1250.65,-16.9643,109687,58,394.99,64.99,9.25549e+11,0
evt_332,45,1,-1,3,3,-0.90963,0.84951,2,-1250.2,-26.4553,118535,318,814.99,92.49,9.25549e+11,0
evt_332,56,2,-1,1,2,-5.06162,0.798807,1,-135.954,-135.954,7288,7288,272.49,272.49,9.25549e+11,0
evt_332,57,2,-1,1,2,0.791062,0.7771,1,-248.765,-248.765,9967,9967,264.99,264.99,9.25549e+11,0
evt_332,72,3,-1,1,1,-14.4061,2.2335,4,-21.3922,-17.2647,1672,489,247.49,92.49,9.25549e+11,0
evt_333,13,0,-1,3,2,-0.0982374,0.688437,1,-150.178,-150.178,6686,6686,262.49,262.49,9.25557e+11,0
evt_333,28,1,-1,3,1,3.43155,1.01194,1,-1085.43,-1085.43,52013,52013,354.99,354.99,9.25557e+11,0
evt_333,29,1,-1,3,1,-3.14044,0.817066,1,-708.914,-708.914,54631,54631,567.49,567.49,9.25557e+11,0
evt_333,60,2,-1,3,2,2.05656,0.960083,1,-45.8593,-45.8593,1584,1584,162.49,162.49,9.25557e+11,0
evt_333,61,2,-1,3,2,2.51133,0.786117,1,-126.115,-126.115,4637,4637,219.99,219.99,9.25557e+11,0
evt_333,74,3,-1,2,1,-1.13475,1.11633,1,-1250.46,-1250.46,94776,94776,439.99,439.99,9.25557e+11,0
evt_333,75,3,-1,2,1,1.46989,0.598107,1,-1250.31,-1250.31,102651,102651,452.49,452.49,9.25557e+11,0
evt_334,4,0,-1,3,1,-0.792829,0.798596,4,-970.468,-24.5538,52773,627,392.49,109.99,9.25592e+11,0
evt_334,5,0,-1,3,1,-0.120845,0.915004,3,-1249.76,-23.6814,66315,609,509.99,102.49,9.25592e+11,0
evt_334,37,1,-1,3,2,3.83222,0.828596,1,-65.6895,-65.6895,2349,2349,184.99,184.99,9.25592e+11,0
evt_334,44,1,-1,3,3,1.89073,0.991397,3,-1250.85,-24.9717,72209,495,367.49,97.49,9.25592e+11,0
evt_334,45,1,-1,3,3,-2.53959,1.14065,4,-822.958,-25.5788,42683,630,532.49,89.99,9.25592e+11,0
evt_334,46,1,-1,4,3,-4.8564,1.28888,2,-1250.34,-22.7935,92549,329,439.99,87.49,9.25592e+11,0
evt_334,47,1,-1,4,3,-0.463901,0.961338,3,-1250.39,-31.9925,103957,371,444.99,89.99,9.25592e+11,0
evt_334,66,2,-1,2,3,2.55139,0.748245,4,-818.114,-22.3845,41753,638,374.99,114.99,9.25592e+11,0
evt_334,67,2,-1,2,3,1.91917,0.773253,3,-1001.12,-37.0189,55851,1219,387.49,144.99,9.25592e+11,0
evt_334,82,3,-1,2,2,-16.1246,1.6689,5,-20.7854,-16.4743,4780,575,779.99,109.99,9.25592e+11,0
evt_335,30,1,-1,4,1,0.679131,1.02265,1,-1070.64,-1070.64,44807,44807,344.99,344.99,9.25647e+11,0
evt_335,31,1,-1,4,1,2.34052,1.0669,1,-601.276,-601.276,28505,28505,332.49,332.49,9.25647e+11,0
evt_335,55,2,-1,4,1,2.66674,1.2331,2,-71.329,-33.1662,2661,1053,194.99,142.49,9.25647e+11,0
evt_335,64,2,-1,1,3,0.869258,0.731738,1,-352.467,-352.467,14200,14200,284.99,284.99,9.25647e+11,0
evt_335,65,2,-1,1,3,-1.10185,0.677655,1,-417.428,-417.428,20077,20077,332.49,332.49,9.25647e+11,0
evt_335,76,3,-1,3,1,14.9962,0.769141,1,-683.809,-683.809,33111,33111,319.99,319.99,9.25647e+11,0
evt_335,77,3,-1,3,1,-42.2382,4.44179,1,-33.098,-33.098,323,323,79.99,79.99,9.25647e+11,0
evt_335,78,3,-1,4,1,-6.17835,1.50219,4,-1249.81,-15.3245,72738,267,414.99,54.99,9.25647e+11,0
evt_335,79,3,-1,4,1,0.0392111,0.981208,2,-993.159,-44.1065,58467,1631,402.49,164.99,9.25647e+11,0
evt_336,22,0,-1,4,3,3.34653,1.15876,2,-921.929,-48.9942,45095,1906,357.49,184.99,9.25675e+11,0
evt_336,23,0,-1,4,3,2.06064,0.899229,1,-445.342,-445.342,20713,20713,352.49,352.49,9.25675e+11,0
evt_336,40,1,-1,1,3,-2.40306,0.772804,2,-532.451,-32.1889,23435,1087,324.99,139.99,9.25675e+11,0
evt_336,41,1,-1,1,3,0.586098,0.686548,1,-440.415,-440.415,23663,23663,334.99,334.99,9.25675e+11,0
evt_336,58,2,-1,2,2,0.172328,1.09408,1,-89.672,-89.672,4145,4145,244.99,244.99,9.25675e+11,0
evt_336,72,3,-1,1,1,-7.52662,1.93372,2,-51.8148,-17.1196,2877,530,237.49,102.49,9.25675e+11,0
evt_336,73,3,-1,1,1,-3.66594,0.882144,1,-92.2246,-92.2246,4483,4483,257.49,257.49,9.25675e+11,0
evt_336,80,3,-1,1,2,-3.38645,0.914477,1,-150.858,-150.858,7399,7399,267.49,267.49,9.25675e+11,0
evt_336,81,3,-1,1,2,-0.504376,1.03706,1,-24.3332,-24.3332,863,863,129.99,129.99,9.25675e+11,0
evt_337,12,0,-1,3,2,2.0659,1.00801,1,-151.926,-151.926,7393,7393,262.49,262.49,9.25729e+11,0
evt_337,13,0,-1,3,2,-0.083904,0.879758,1,-177.965,-177.965,11209,11209,354.99,354.99,9.25729e+11,0
evt_337,36,1,-1,3,2,-0.0632044,0.775677,1,-1250.27,-1250.27,138307,138307,874.99,874.99,9.25729e+11,0
evt_337,37,1,-1,3,2,1.10856,1.10911,3,-1250.5,-25.165,136747,37,584.99,84.99,9.25729e+11,0
evt_337,47,1,-1,4,3,21.4502,1.09555,1,-48.9094,-48.9094,1521,1521,154.99,154.99,9.25729e+11,0
evt_337,52,2,-1,3,1,-1.10443,1.1908,1,-254.524,-254.524,10829,10829,269.99,269.99,9.25729e+11,0
evt_337,53,2,-1,3,1,7.30974,1.07249,1,-327.422,-327.422,13787,13787,279.99,279.99,9.25729e+11,0
evt_337,56,2,-1,1,2,1.32547,0.670764,1,-24.8464,-24.8464,198,198,59.99,59.99,9.25729e+11,0
evt_337,57,2,-1,1,2,1.62501,0.799599,1,-52.4108,-52.4108,246,246,62.49,62.49,9.25729e+11,0
evt_337,60,2,-1,3,2,-0.531532,0.849047,5,-1250.35,-21.5463,77599,358,447.49,84.99,9.25729e+11,0
evt_337,61,2,-1,3,2,-1.31439,1.04705,2,-1250.23,-403.629,81150,14825,579.99,264.99,9.25729e+11,0
evt_337,85,3,-1,3,2,2.77219,0.756997,1,-53.2002,-53.2002,1845,1845,172.49,172.49,9.25729e+11,0
evt_337,86,3,-1,4,2,50.5223,2.87781,1,-68.2366,-68.2366,1047,1047,117.49,117.49,9.25729e+11,0
evt_337,92,3,-1,3,3,-10.0414,0.737445,2,-1250.2,-73.1683,94315,2701,442.49,189.99,0,1.38492e+19
evt_337,93,3,-1,3,3,-4.26849,0.799867,2,-310.073,-42.5823,15215,1705,347.49,182.49,0,1.37461e+19
evt_338,50,2,-1,2,1,1.67291,0.90538,1,-29.6686,-29.6686,239,239,74.99,74.99,9.2583e+11,0
evt_338,51,2,-1,2,1,0.32806,0.652002,1,-19.4992,-19.4992,103,103,59.99,59.99,9.2583e+11,0
evt_338,60,2,-1,3,2,-0.132014,0.746497,1,-34.0428,-34.0428,245,245,72.49,72.49,9.2583e+11,0
evt_338,61,2,-1,3,2,0.477727,0.816776,1,-39.3299,-39.3299,313,313,72.49,72.49,9.2583e+11,0
evt_338,82,3,-1,2,2,-14.3373,1.22521,1,-24.7077,-24.7077,19064,19064,2479.99,2479.99,9.2583e+11,0
evt_338,93,3,-1,3,3,2.09676,0.750827,1,-15.1727,-15.1727,287,287,54.99,54.99,0,1.37769e+19
evt_339,2,0,-1,2,1,1.9406,1.16948,1,-58.2169,-58.2169,2118,2118,177.49,177.49,9.25861e+11,0
evt_339,3,0,-1,2,1,1.16352,0.932343,1,-25.2391,-25.2391,912,912,142.49,142.49,9.25861e+11,0
evt_339,7,0,-1,4,1,-10.1135,0.910542,1,-16.2798,-16.2798,495,495,89.99,89.99,9.25861e+11,0
evt_339,8,0,-1,1,2,1.03794,0.815426,4,-1250,-35.3748,107283,632,457.49,109.99,9.25861e+11,0
evt_339,9,0,-1,1,2,0.745731,0.968722,4,-1249.93,-17.7245,69025,181,352.49,67.49,9.25861e+11,0
evt_339,42,1,-1,2,3,-3.68948,0.97262,2,-445.9,-57.8741,21447,2082,329.99,177.49,9.25861e+11,0
evt_339,43,1,-1,2,3,-1.74877,0.744408,3,-166.875,-18.6808,9535,451,319.99,87.49,9.25861e+11,0
evt_339,48,2,-1,1,1,-0.655906,0.711229,1,-19.0256,-19.0256,686,686,114.99,114.99,9.25861e+11,0
evt_339,50,2,-1,2,1,-0.775181,1.00351,2,-529.286,-64.8125,26827,2563,362.49,194.99,9.25861e+11,0
evt_339,51,2,-1,2,1,1.46876,0.697902,3,-405.756,-37.2819,20501,1613,332.49,174.99,9.25861e+11,0
evt_339,90,3,-1,2,3,2.30647,1.76793,2,-391.125,-35.1168,16830,1128,307.49,144.99,1.49602e+14,1.38317e+19
evt_339,91,3,-1,2,3,0.00497709,1.5446,1,-374.117,-374.117,18536,18536,329.99,329.99,0,1.3863e+19
evt_340,22,0,-1,4,3,-3.88332,1.33673,1,-524.182,-524.182,26222,26222,344.99,344.99,9.25961e+11,0
evt_340,23,0,-1,4,3,-0.405665,0.876615,1,-300.044,-300.044,13317,13317,302.49,302.49,9.25961e+11,0
evt_340,41,1,-1,1,3,0.121659,0.69687,1,-32.8919,-32.8919,165,165,17.49,17.49,9.25961e+11,0
evt_340,46,1,-1,4,3,-1.85302,1.61122,1,-1250.31,-1250.31,80036,80036,472.49,472.49,9.25961e+11,0
evt_340,47,1,-1,4,3,0.810666,1.08811,3,-1250.23,-29.9673,78404,731,419.99,99.99,9.25961e+11,0
evt_340,53,2,-1,3,1,-4.97243,0.834798,1,-96.7587,-96.7587,4225,4225,232.49,232.49,9.25961e+11,0
evt_340,72,3,-1,1,1,-15.2567,0.995501,6,-25.8114,-16.4319,4148,514,577.49,92.49,9.25961e+11,0
evt_340,76,3,-1,3,1,-4.94881,0.618807,3,-19.5248,-16.3188,997,494,172.49,92.49,9.25961e+11,0
evt_341,6,0,-1,4,1,-2.89775,0.682507,1,-73.2758,-73.2758,3247,3247,227.49,227.49,9.25988e+11,0
evt_341,7,0,-1,4,1,0.829424,0.960639,1,-81.5108,-81.5108,3062,3062,202.49,202.49,9.25988e+11,0
evt_341,28,1,-1,3,1,-1.90119,0.878237,1,-64.0987,-64.0987,3364,3364,267.49,267.49,9.25988e+11,0
evt_341,48,2,-1,1,1,0.221644,0.661004,1,-167.759,-167.759,8266,8266,292.49,292.49,9.25988e+11,0
evt_341,49,2,-1,1,1,-0.844857,0.67368,1,-46.1686,-46.1686,1945,1945,189.99,189.99,9.25988e+11,0
evt_341,50,2,-1,2,1,-0.144064,0.954723,2,-90.4706,-36.9812,4371,1454,252.49,167.49,9.25988e+11,0
evt_341,51,2,-1,2,1,0.320705,0.743292,1,-20.4722,-20.4722,696,696,119.99,119.99,9.25988e+11,0
evt_341,64,2,-1,1,3,0.280985,0.817705,1,-276.597,-276.597,11575,11575,287.49,287.49,9.25988e+11,0
evt_341,65,2,-1,1,3,-1.42134,0.918475,1,-375.561,-375.561,15327,15327,302.49,302.49,9.25988e+11,0
evt_341,72,3,-1,1,1,15.5248,1.00476,1,-135.42,-135.42,6692,6692,264.99,264.99,9.25988e+11,0
evt_341,73,3,-1,1,1,4.27499,0.766608,1,-59.9322,-59.9322,2927,2927,232.49,232.49,9.25988e+11,0
evt_342,16,0,-1,1,3,-0.286139,0.77759,3,-1185.87,-252.845,135244,9551,832.49,207.49,9.26017e+11,0
evt_342,17,0,-1,1,3,-0.179471,0.90902,4,-1233.84,-32.6721,106049,1007,464.99,132.49,9.26017e+11,0
evt_342,28,1,-1,3,1,1.80962,0.988563,1,-192.035,-192.035,8442,8442,259.99,259.99,9.26017e+11,0
evt_342,29,1,-1,3,1,1.27039,1.35729,1,-196.991,-196.991,9774,9774,274.99,274.99,9.26017e+11,0
evt_342,36,1,-1,3,2,2.07192,0.76556,1,-101.908,-101.908,5009,5009,257.49,257.49,9.26017e+11,0
evt_342,37,1,-1,3,2,3.01945,1.0975,2,-297.18,-51.4674,15200,1677,302.49,157.49,9.26017e+11,0
evt_342,48,2,-1,1,1,-0.177026,0.861462,2,-1250.26,-48.7615,77581,1520,394.99,152.49,9.26017e+11,0
evt_342,49,2,-1,1,1,-0.119158,0.655167,3,-940.956,-30.4993,54583,1028,402.49,139.99,9.26017e+11,0
evt_342,52,2,-1,3,1,1.76483,0.915924,1,-30.4024,-30.4024,269,269,77.49,77.49,9.26017e+11,0
evt_342,53,2,-1,3,1,2.31686,0.982077,1,-43.3978,-43.3978,362,362,77.49,77.49,9.26017e+11,0
evt_342,62,2,-1,4,2,0.441204,1.01722,1,-20.7798,-20.7798,526,526,94.99,94.99,9.26017e+11,0
evt_342,68,2,-1,3,3,23.7137,0.69393,1,-39.1899,-39.1899,840,840,114.99,114.99,9.26017e+11,0
evt_342,69,2,-1,3,3,4.95621,0.950547,1,-17.9194,-17.9194,367,367,82.49,82.49,9.26017e+11,0
evt_342,86,3,-1,4,2,-2.53648,1.23899,1,-187.804,-187.804,8757,8757,294.99,294.99,9.26017e+11,0
evt_342,87,3,-1,4,2,-0.685111,0.950971,3,-223.184,-22.2634,11027,791,287.49,132.49,9.26017e+11,0
evt_342,91,3,-1,2,3,37.6184,0.92707,1,-32.5968,-32.5968,645,645,112.49,112.49,0,4.59058e+18
evt_343,0,0,-1,1,1,1.12437,0.700194,2,-789.241,-21.048,39888,543,362.49,104.99,9.26061e+11,0
evt_343,1,0,-1,1,1,0.677685,1.40447,2,-1250.16,-27.1068,63537,522,352.49,97.49,9.26061e+11,0
evt_343,24,1,-1,1,1,0.463801,1.05499,1,-310.871,-310.871,14448,14448,299.99,299.99,9.26061e+11,0
evt_343,25,1,-1,1,1,-1.42704,0.797589,1,-235.651,-235.651,11396,11396,292.49,292.49,9.26061e+11,0
evt_343,72,3,-1,1,1,-17.3995,0.657182,7,-30.9969,-15.2153,4399,278,577.49,57.49,9.26061e+11,0
evt_344,0,0,-1,1,1,-1.49423,0.902354,1,-394.136,-394.136,19150,19150,322.49,322.49,9.2612e+11,0
evt_344,1,0,-1,1,1,-1.40703,0.681099,1,-991.819,-991.819,43655,43655,327.49,327.49,9.2612e+11,0
evt_344,24,1,-1,1,1,3.67174,1.35861,2,-174.002,-46.2852,7301,1698,254.99,169.99,9.2612e+11,0
evt_344,25,1,-1,1,1,-0.907473,0.805898,1,-76.6313,-76.6313,3356,3356,219.99,219.99,9.2612e+11,0
evt_344,48,2,-1,1,1,-0.750876,0.658719,1,-1250.8,-1250.8,86594,86594,452.49,452.49,9.2612e+11,0
evt_344,49,2,-1,1,1,-1.43374,0.602723,1,-780.639,-780.639,38581,38581,364.99,364.99,9.2612e+11,0
evt_344,54,2,-1,4,1,0.559025,0.729906,1,-39.1329,-39.1329,226,226,59.99,59.99,9.2612e+11,0
evt_345,6,0,-1,4,1,0.0653469,0.808469,3,-863.862,-35.723,42108,1160,344.99,142.49,9.26155e+11,0
evt_345,7,0,-1,4,1,-1.69849,1.04095,2,-278.75,-30.122,14653,978,324.99,132.49,9.26155e+11,0
evt_345,26,1,-1,2,1,-1.64083,1.37815,2,-142.248,-39.0026,5831,1480,252.49,162.49,9.26155e+11,0
evt_345,27,1,-1,2,1,0.609565,0.967582,1,-143.804,-143.804,7487,7487,284.99,284.99,9.26155e+11,0
evt_345,56,2,-1,1,2,-1.50741,0.728934,2,-658.457,-40.9741,34569,202,349.99,67.49,9.26155e+11,0
evt_345,57,2,-1,1,2,1.62285,0.743482,2,-425.665,-61.4458,18789,285,314.99,67.49,9.26155e+11,0
evt_345,58,2,-1,2,2,-0.163015,1.05068,1,-31.8171,-31.8171,342,342,82.49,82.49,9.26155e+11,0
evt_345,59,2,-1,2,2,0.281533,0.952929,1,-47.0968,-47.0968,495,495,84.99,84.99,9.26155e+11,0
evt_345,60,2,-1,3,2,5.43315,0.716987,3,-514.998,-35.3034,27496,1061,347.49,134.99,9.26155e+11,0
evt_345,61,2,-1,3,2,-2.55424,1.00618,2,-635.544,-42.6202,33257,1217,447.49,142.49,9.26155e+11,0
evt_345,76,3,-1,3,1,7.44219,1.67456,1,-60.2758,-60.2758,2992,2992,237.49,237.49,9.26155e+11,0
evt_345,77,3,-1,3,1,-0.702456,0.811456,1,-97.5237,-97.5237,4321,4321,242.49,242.49,9.26155e+11,0
evt_345,80,3,-1,1,2,-16.2261,1.30334,5,-20.5211,-15.2732,1881,349,309.99,67.49,9.26155e+11,0
evt_346,8,0,-1,1,2,49.3064,3.49208,2,-18.6438,-15.065,222,62,77.49,54.99,9.26165e+11,0
evt_346,9,0,-1,1,2,19.0478,0.898408,3,-152.572,-54.4774,4011,1170,177.49,127.49,9.26165e+11,0
evt_346,26,1,-1,2,1,-2.41301,1.25769,1,-15.7841,-15.7841,259,259,57.49,57.49,9.26165e+11,0
evt_346,52,2,-1,3,1,2.74548,0.786342,1,-28.0573,-28.0573,282,282,74.99,74.99,9.26165e+11,0
evt_346,56,2,-1,1,2,-15.8843,0.953535,5,-21.6602,-17.7213,2642,1268,404.99,204.99,9.26165e+11,0
evt_346,62,2,-1,4,2,35.9882,1.23549,1,-21.7293,-21.7293,249,249,32.49,32.49,9.26165e+11,0
evt_346,63,2,-1,4,2,62.0986,0.872033,2,-400.957,-29.966,14806,278,234.99,94.99,9.26165e+11,0
evt_346,72,3,-1,1,1,-10.7422,0.709431,5,-217.81,-17.7729,14030,757,587.49,124.99,9.26165e+11,0
evt_346,80,3,-1,1,2,35.4145,1.36771,1,-135.817,-135.817,5104,5104,207.49,207.49,9.26165e+11,0
evt_346,81,3,-1,1,2,44.6677,1.46845,1,-42.7138,-42.7138,986,986,132.49,132.49,9.26165e+11,0
evt_347,6,0,-1,4,1,1.81016,0.853866,2,-1250.2,-92.4514,160692,3393,822.49,192.49,9.2618e+11,0
evt_347,7,0,-1,4,1,-5.10982,0.626548,4,-1250.27,-24.8876,109451,346,489.99,82.49,9.2618e+11,0
evt_347,34,1,-1,2,2,-3.19218,1.00527,2,-160.936,-27.6404,6633,923,259.99,134.99,9.2618e+11,0
evt_347,35,1,-1,2,2,0.448283,0.905295,2,-196.268,-19.1385,14955,507,394.99,94.99,9.2618e+11,0
evt_347,41,1,-1,1,3,0.330184,0.873528,1,-22.801,-22.801,787,787,127.49,127.49,9.2618e+11,0
evt_347,52,2,-1,3,1,-1.85466,1.0364,1,-23.4905,-23.4905,230,230,82.49,82.49,9.2618e+11,0
evt_347,53,2,-1,3,1,1.09106,0.804467,1,-30.1433,-30.1433,333,333,82.49,82.49,9.2618e+11,0
evt_347,54,2,-1,4,1,1.8899,0.923598,1,-36.1044,-36.1044,341,341,72.49,72.49,9.2618e+11,0
evt_347,55,2,-1,4,1,-0.58044,0.803015,1,-17.1181,-17.1181,96,96,59.99,59.99,9.2618e+11,0
evt_347,64,2,-1,1,3,2.04565,0.61351,1,-70.7611,-70.7611,2712,2712,194.99,194.99,9.2618e+11,0
evt_347,65,2,-1,1,3,0.628624,1.14111,1,-115.824,-115.824,4995,4995,247.49,247.49,9.2618e+11,0
evt_347,93,3,-1,3,3,-13.0057,1.20652,1,-21.0821,-21.0821,1354,1354,204.99,204.99,0,1.39144e+19
evt_348,11,0,-1,2,2,24.1023,0.736446,1,-45.1781,-45.1781,1281,1281,144.99,144.99,9.26202e+11,0
evt_348,31,1,-1,4,1,0.989785,0.769193,1,-38.0112,-38.0112,1503,1503,167.49,167.49,9.26202e+11,0
evt_348,37,1,-1,3,2,0.0750748,1.29603,1,-69.9974,-69.9974,2779,2779,202.49,202.49,9.26202e+11,0
evt_348,42,1,-1,2,3,-3.1364,0.643983,1,-61.4231,-61.4231,2753,2753,224.99,224.99,9.26202e+11,0
evt_348,50,2,-1,2,1,0.136615,0.867261,3,-604.585,-21.7694,29853,664,342.49,112.49,9.26202e+11,0
evt_348,51,2,-1,2,1,0.0414881,0.666742,1,-721.819,-721.819,38166,38166,512.49,512.49,9.26202e+11,0
evt_348,56,2,-1,1,2,-22.5735,0.615649,1,-27.1172,-27.1172,21046,21046,2507.49,2507.49,9.26202e+11,0
evt_348,82,3,-1,2,2,2.33912,1.31802,1,-63.8254,-63.8254,2345,2345,194.99,194.99,9.26202e+11,0
evt_349,53,2,-1,3,1,-0.680339,0.941934,1,-27.0024,-27.0024,330,330,82.49,82.49,9.2623e+11,0
evt_349,72,3,-1,1,1,-4.70476,1.75656,1,-16.7446,-16.7446,583,583,112.49,112.49,9.2623e+11,0
evt_349,74,3,-1,2,1,24.7297,0.786337,1,-30.5831,-30.5831,708,708,122.49,122.49,9.2623e+11,0
evt_349,75,3,-1,2,1,24.8895,0.901623,1,-90.4713,-90.4713,3134,3134,184.99,184.99,9.2623e+11,0
evt_349,76,3,-1,3,1,-6.99315,1.09528,1,-17.4999,-17.4999,580,580,104.99,104.99,9.2623e+11,0
evt_350,10,0,-1,2,2,1.15469,0.931175,1,-27.106,-27.106,879,879,132.49,132.49,9.26278e+11,0
evt_350,11,0,-1,2,2,2.34691,0.531767,1,-113.768,-113.768,5387,5387,257.49,257.49,9.26278e+11,0
evt_350,36,1,-1,3,2,0.684593,1.08691,1,-121.77,-121.77,6155,6155,282.49,282.49,9.26278e+11,0
evt_350,37,1,-1,3,2,3.53035,0.840525,1,-315.711,-315.711,17280,17280,327.49,327.49,9.26278e+11,0
evt_350,58,2,-1,2,2,-0.241603,0.8068,1,-52.1512,-52.1512,2089,2089,187.49,187.49,9.26278e+11,0
evt_350,59,2,-1,2,2,-0.664484,0.665973,1,-112.814,-112.814,5154,5154,252.49,252.49,9.26278e+11,0
evt_350,78,3,-1,4,1,9.68997,1.04456,2,-1249.74,-33.2791,75538,1645,422.49,214.99,9.26278e+11,0
evt_350,79,3,-1,4,1,1.07767,0.897504,2,-905.155,-16.1646,44103,378,352.49,82.49,9.26278e+11,0
evt_351,6,0,-1,4,1,1.40655,1.00019,2,-1250.08,-98.8581,110384,5045,422.49,267.49,9.2629e+11,0
evt_351,7,0,-1,4,1,-1.62286,0.724747,1,-1250.35,-1250.35,102718,102718,632.49,632.49,9.2629e+11,0
evt_351,24,1,-1,1,1,2.42605,0.921847,2,-583.893,-139.614,26267,3331,329.99,79.99,9.2629e+11,0
evt_351,25,1,-1,1,1,3.1805,0.842353,1,-660.594,-660.594,36212,36212,357.49,357.49,9.2629e+11,0
evt_351,56,2,-1,1,2,-14.1319,0.82404,5,-18.6842,-16.316,1004,402,164.99,72.49,9.2629e+11,0
evt_351,66,2,-1,2,3,2.21078,0.567311,1,-55.9191,-55.9191,1985,1985,179.99,179.99,9.2629e+11,0
evt_351,67,2,-1,2,3,1.18333,0.856214,1,-142.208,-142.208,6524,6524,262.49,262.49,9.2629e+11,0
evt_351,78,3,-1,4,1,31.4706,3.62349,2,-328.943,-174.736,15068,5880,249.99,197.49,9.2629e+11,0
evt_351,80,3,-1,1,2,-20.501,6.84015,7,-34.3782,-16.8768,1729,408,304.99,77.49,9.2629e+11,0
evt_351,88,3,-1,1,3,0.630367,0.670993,1,-109.377,-109.377,6848,6848,297.49,297.49,1.49602e+14,1.10382e+12
evt_351,89,3,-1,1,3,2.59999,0.764114,1,-203.244,-203.244,10561,10561,337.49,337.49,1.49602e+14,4.61485e+18
evt_352,19,0,-1,2,3,-0.031445,0.931484,1,-47.2369,-47.2369,1639,1639,167.49,167.49,9.26322e+11,0
evt_352,40,1,-1,1,3,-0.744666,1.02401,1,-95.9603,-95.9603,3839,3839,219.99,219.99,9.26322e+11,0
evt_352,41,1,-1,1,3,-1.3169,1.01166,2,-150.671,-49.4864,7315,1901,284.99,182.49,9.26322e+11,0
evt_352,46,1,-1,4,3,-71.7411,7.75247,1,-64.6933,-64.6933,1519,1519,142.49,142.49,9.26322e+11,0
evt_352,47,1,-1,4,3,-255.13,27.2999,1,-235.757,-235.757,5126,5126,184.99,184.99,9.26322e+11,0
evt_352,54,2,-1,4,1,-20.1902,9.75942,1,-97.4057,-97.4057,5113,5113,259.99,259.99,9.26322e+11,0
evt_352,55,2,-1,4,1,-227.925,91.6754,1,-357.188,-357.188,11516,11516,242.49,242.49,9.26322e+11,0
evt_352,56,2,-1,1,2,-1.20791,0.859025,3,-800.847,-24.8154,39836,783,347.49,124.99,9.26322e+11,0
evt_352,57,2,-1,1,2,-1.28775,1.03011,1,-261.09,-261.09,12570,12570,299.99,299.99,9.26322e+11,0
evt_352,60,2,-1,3,2,0.318475,0.731016,1,-46.5466,-46.5466,600,600,89.99,89.99,9.26322e+11,0
evt_352,61,2,-1,3,2,2.2899,0.688426,1,-66.7067,-66.7067,810,810,87.49,87.49,9.26322e+11,0
evt_352,72,3,-1,1,1,3.25196,1.04733,3,-858.982,-21.356,81313,806,897.49,132.49,9.26322e+11,0
evt_352,73,3,-1,1,1,-0.00914985,0.687757,2,-1034.82,-18.7582,55821,469,382.49,92.49,9.26322e+11,0
evt_353,14,0,-1,4,2,-2.24331,1.01668,3,-1250.12,-35.1145,85138,966,517.49,127.49,9.26345e+11,0
evt_353,15,0,-1,4,2,-0.189074,0.715089,2,-647.596,-17.9931,57153,357,407.49,82.49,9.26345e+11,0
evt_353,40,1,-1,1,3,-2.39215,1.90603,4,-1250.19,-32.7873,92631,600,439.99,107.49,9.26345e+11,0
evt_353,41,1,-1,1,3,-1.02333,0.756227,4,-1249.97,-16.0526,90239,148,394.99,57.49,9.26345e+11,0
evt_353,64,2,-1,1,3,1.20674,0.74073,1,-1002.13,-1002.13,49108,49108,379.99,379.99,9.26345e+11,0
evt_353,65,2,-1,1,3,-0.61604,0.852097,2,-1250.65,-50.1645,67045,1359,459.99,142.49,9.26345e+11,0
evt_353,72,3,-1,1,1,-18.3195,1.14457,1,-29.5511,-29.5511,20837,20837,2507.49,2507.49,9.26345e+11,0
evt_353,76,3,-1,3,1,-1.32087,1.04444,2,-18.9474,-16.8129,1115,379,179.99,62.49,9.26345e+11,0
evt_353,93,3,-1,3,3,-11.2011,1.91354,2,-18.6098,-16.8909,1323,756,222.49,134.99,0,1.38084e+19
evt_354,0,0,-1,1,1,-319.613,57.1709,1,-353.227,-353.227,9733,9733,224.99,224.99,9.26357e+11,0
evt_354,1,0,-1,1,1,-632.71,86.0953,3,-674.061,-23.218,16519,564,234.99,99.99,9.26357e+11,0
evt_354,14,0,-1,4,2,0.501058,0.715226,1,-317.043,-317.043,17015,17015,339.99,339.99,9.26357e+11,0
evt_354,15,0,-1,4,2,-0.630504,0.679318,1,-444.31,-444.31,24841,24841,374.99,374.99,9.26357e+11,0
evt_354,23,0,-1,4,3,0.638169,1.0167,1,-36.7913,-36.7913,1139,1139,142.49,142.49,9.26357e+11,0
evt_354,30,1,-1,4,1,-2.72911,0.912402,1,-71.2189,-71.2189,2500,2500,179.99,179.99,9.26357e+11,0
evt_354,36,1,-1,3,2,2.85562,0.922207,1,-42.0135,-42.0135,1291,1291,144.99,144.99,9.26357e+11,0
evt_354,37,1,-1,3,2,0.928724,0.866212,1,-268.058,-268.058,11147,11147,279.99,279.99,9.26357e+11,0
evt_354,60,2,-1,3,2,5.62178,0.764386,2,-154.71,-16.6623,5314,302,214.99,67.49,9.26357e+11,0
evt_354,61,2,-1,3,2,-0.403075,2.69881,3,-43.7633,-27.105,839,639,119.99,54.99,9.26357e+11,0
evt_354,62,2,-1,4,2,1.45876,0.894842,1,-59.0393,-59.0393,706,706,89.99,89.99,9.26357e+11,0
evt_354,63,2,-1,4,2,1.23641,0.64304,1,-49.9394,-49.9394,531,531,84.99,84.99,9.26357e+11,0
evt_354,70,2,-1,4,3,1.31289,1.04453,1,-91.6119,-91.6119,3898,3898,249.99,249.99,9.26357e+11,0
evt_354,71,2,-1,4,3,-1.59738,0.846879,1,-211.555,-211.555,8585,8585,259.99,259.99,9.26357e+11,0
evt_354,72,3,-1,1,1,-17.6718,1.11774,8,-25.1663,-15.7493,4098,283,589.99,57.49,9.26357e+11,0
evt_354,74,3,-1,2,1,0.959188,0.697996,4,-1250.12,-55.5768,99413,1065,397.49,129.99,9.26357e+11,0
evt_354,75,3,-1,2,1,-0.585173,0.63377,5,-1250.31,-26.8012,123274,486,569.99,102.49,9.26357e+11,0
evt_355,12,0,-1,3,2,2.20947,0.736851,1,-331.256,-331.256,17884,17884,394.99,394.99,9.26363e+11,0
evt_355,13,0,-1,3,2,-3.61083,0.997,1,-554.335,-554.335,26742,26742,332.49,332.49,9.26363e+11,0
evt_355,36,1,-1,3,2,7.8805,0.764522,1,-138.927,-138.927,5569,5569,232.49,232.49,9.26363e+11,0
evt_355,37,1,-1,3,2,14.408,0.901397,1,-402.143,-402.143,16974,16974,287.49,287.49,9.26363e+11,0
evt_355,56,2,-1,1,2,6.7416,0.707636,1,-855.984,-855.984,48828,48828,407.49,407.49,9.26363e+11,0
evt_355,57,2,-1,1,2,-0.342948,1.14877,1,-465.775,-465.775,23335,23335,327.49,327.49,9.26363e+11,0
evt_355,74,3,-1,2,1,18.7985,0.859456,1,-27.7575,-27.7575,694,694,114.99,114.99,9.26363e+11,0
evt_356,20,0,-1,3,3,-0.0105315,0.89441,1,-294.481,-294.481,12701,12701,287.49,287.49,9.26469e+11,0
evt_356,21,0,-1,3,3,-0.660889,1.03045,1,-140.795,-140.795,6301,6301,259.99,259.99,9.26469e+11,0
evt_356,28,1,-1,3,1,1.7946,0.871195,1,-379.115,-379.115,26138,26138,364.99,364.99,9.26469e+11,0
evt_356,29,1,-1,3,1,-0.179247,1.37362,1,-166.491,-166.491,7659,7659,274.99,274.99,9.26469e+11,0
evt_356,38,1,-1,4,2,0.735398,0.960838,1,-30.0799,-30.0799,889,889,127.49,127.49,9.26469e+11,0
evt_356,46,1,-1,4,3,2.08554,1.2309,1,-352.542,-352.542,16878,16878,314.99,314.99,9.26469e+11,0
evt_356,47,1,-1,4,3,-1.80398,0.886735,2,-609.054,-47.6191,28787,1300,334.99,87.49,9.26469e+11,0
evt_356,54,2,-1,4,1,1.20503,0.791921,1,-46.1312,-46.1312,342,342,69.99,69.99,9.26469e+11,0
evt_356,55,2,-1,4,1,0.245547,1.12627,1,-22.0972,-22.0972,181,181,64.99,64.99,9.26469e+11,0
evt_356,62,2,-1,4,2,2.21482,0.999214,3,-42.6572,-30.5716,1439,515,157.49,89.99,9.26469e+11,0
evt_356,63,2,-1,4,2,2.43494,0.749765,1,-23.7504,-23.7504,252,252,79.99,79.99,9.26469e+11,0
evt_356,70,2,-1,4,3,2.7887,1.00618,1,-31.9096,-31.9096,835,835,119.99,119.99,9.26469e+11,0
evt_356,93,3,-1,3,3,-13.9549,1.24693,5,-26.4227,-18.0695,5156,1131,754.99,187.49,0,1.38574e+19
evt_356,94,3,-1,4,3,-1.98644,1.02253,1,-527.616,-527.616,24273,24273,329.99,329.99,4.38087e+11,1.38505e+19
evt_356,95,3,-1,4,3,-0.390662,0.940006,1,-373.319,-373.319,18114,18114,319.99,319.99,4.38087e+11,1.38437e+19
evt_357,12,0,-1,3,2,1.09833,0.665809,1,-39.8779,-39.8779,1489,1489,162.49,162.49,9.2655e+11,0
evt_357,13,0,-1,3,2,-0.176079,0.782586,1,-61.5739,-61.5739,2645,2645,207.49,207.49,9.2655e+11,0
evt_357,18,0,-1,2,3,-0.106848,0.734019,1,-65.6121,-65.6121,2333,2333,182.49,182.49,9.2655e+11,0
evt_357,19,0,-1,2,3,-0.0768447,0.854159,1,-112.62,-112.62,4934,4934,239.99,239.99,9.2655e+11,0
evt_357,20,0,-1,3,3,1.4734,0.46951,2,-186.196,-50.1355,9784,1790,284.99,169.99,9.2655e+11,0
evt_357,21,0,-1,3,3,0.616537,1.14921,1,-276.062,-276.062,12639,12639,292.49,292.49,9.2655e+11,0
evt_357,30,1,-1,4,1,1.19754,0.911837,1,-427.201,-427.201,19393,19393,389.99,389.99,9.2655e+11,0
evt_357,31,1,-1,4,1,0.51028,0.934274,1,-199.661,-199.661,11446,11446,314.99,314.99,9.2655e+11,0
evt_357,60,2,-1,3,2,56.5737,0.740818,1,-63.1382,-63.1382,1158,1158,122.49,122.49,9.2655e+11,0
evt_357,80,3,-1,1,2,-2.74865,0.943524,2,-57.1599,-16.7012,3537,662,279.99,122.49,9.2655e+11,0
evt_357,86,3,-1,4,2,-1.29904,0.889025,1,-256.657,-256.657,10860,10860,347.49,347.49,9.2655e+11,0
evt_357,87,3,-1,4,2,-5.17867,0.969196,1,-292.571,-292.571,14977,14977,317.49,317.49,9.2655e+11,0
evt_358,8,0,-1,1,2,-33.1528,13.5367,2,-222.766,-42.1616,8897,855,242.49,114.99,9.26561e+11,0
evt_358,47,1,-1,4,3,20.5245,1.11871,1,-78.6141,-78.6141,3820,3820,259.99,259.99,9.26561e+11,0
evt_358,60,2,-1,3,2,32.6466,2.08645,1,-308.356,-308.356,9594,9594,209.99,209.99,9.26561e+11,0
evt_358,61,2,-1,3,2,7.08494,18.825,3,-122.688,-25.3906,2727,148,139.99,87.49,9.26561e+11,0
evt_358,62,2,-1,4,2,2.20766,1.03938,1,-20.1823,-20.1823,216,216,77.49,77.49,9.26561e+11,0
evt_358,72,3,-1,1,1,-24.656,0.876383,5,-27.5261,-20.1313,8977,1211,1082.49,172.49,9.26561e+11,0
evt_358,78,3,-1,4,1,-1.43028,0.777396,1,-17.8438,-17.8438,469,469,92.49,92.49,9.26561e+11,0
evt_358,80,3,-1,1,2,6.5668,2.06509,3,-27.2698,-22.4998,1124,793,157.49,129.99,9.26561e+11,0
evt_358,81,3,-1,1,2,4.26819,0.830093,1,-19.3604,-19.3604,344,344,49.99,49.99,9.26561e+11,0
evt_358,86,3,-1,4,2,-1.36184,1.24591,3,-1250.49,-19.2529,90012,274,474.99,62.49,9.26561e+11,0
evt_358,87,3,-1,4,2,-3.33693,1.55926,2,-1250.27,-58.0603,110645,2555,482.49,204.99,9.26561e+11,0
evt_359,12,0,-1,3,2,-2.98134,0.760399,1,-311.672,-311.672,14458,14458,332.49,332.49,9.26622e+11,0
evt_359,13,0,-1,3,2,0.188669,0.367984,2,-512.667,-23.7925,31018,754,427.49,124.99,9.26622e+11,0
evt_359,36,1,-1,3,2,0.948773,0.945456,1,-76.1313,-76.1313,2728,2728,194.99,194.99,9.26622e+11,0
evt_359,37,1,-1,3,2,-4.45092,0.759296,1,-138.775,-138.775,6428,6428,297.49,297.49,9.26622e+11,0
evt_359,56,2,-1,1,2,4.88343,0.549205,1,-42.2647,-42.2647,460,460,87.49,87.49,9.26622e+11,0
evt_359,57,2,-1,1,2,0.666589,0.88695,1,-66.9829,-66.9829,798,798,87.49,87.49,9.26622e+11,0
evt_359,60,2,-1,3,2,3.486,0.78304,1,-1250.07,-1250.07,67267,67267,442.49,442.49,9.26622e+11,0
evt_359,61,2,-1,3,2,3.79681,0.917097,1,-1250.5,-1250.5,73014,73014,422.49,422.49,9.26622e+11,0
evt_360,36,1,-1,3,2,13.6743,0.906051,1,-33.0606,-33.0606,772,772,114.99,114.99,9.2663e+11,0
evt_360,37,1,-1,3,2,-0.151947,2.83832,1,-37.1344,-37.1344,837,837,119.99,119.99,9.2663e+11,0
evt_360,60,2,-1,3,2,-0.976867,0.727038,1,-28.78,-28.78,360,360,74.99,74.99,9.2663e+11,0
evt_360,61,2,-1,3,2,1.37056,0.805185,1,-42.4919,-42.4919,410,410,82.49,82.49,9.2663e+11,0
evt_360,66,2,-1,2,3,-3.6405,0.948476,2,-598.522,-42.7786,27362,1409,359.99,147.49,9.2663e+11,0
evt_360,67,2,-1,2,3,-1.23292,0.797132,2,-557.617,-227.266,26960,10168,344.99,277.49,9.2663e+11,0
evt_360,68,2,-1,3,3,0.030963,0.875783,2,-70.1907,-65.2644,4526,2326,284.99,182.49,9.2663e+11,0
evt_360,69,2,-1,3,3,3.62847,0.816403,2,-35.8383,-24.7498,1174,819,152.49,127.49,9.2663e+11,0
evt_361,0,0,-1,1,1,0.284908,0.819626,1,-72.6631,-72.6631,2758,2758,194.99,194.99,9.2665e+11,0
evt_361,1,0,-1,1,1,-1.56866,0.921202,1,-129.584,-129.584,4628,4628,214.99,214.99,9.2665e+11,0
evt_361,31,1,-1,4,1,0.959624,1.02149,1,-47.313,-47.313,1938,1938,184.99,184.99,9.2665e+11,0
evt_361,58,2,-1,2,2,-1.10259,0.666841,1,-464.44,-464.44,24741,24741,452.49,452.49,9.2665e+11,0
evt_361,59,2,-1,2,2,-1.28233,0.770066,1,-210.651,-210.651,10485,10485,297.49,297.49,9.2665e+11,0
evt_361,74,3,-1,2,1,0.649097,1.04346,2,-1250.16,-28.3629,88813,489,474.99,99.99,9.2665e+11,0
evt_361,75,3,-1,2,1,0.469845,0.621788,4,-1250.04,-27.7933,97335,787,427.49,82.49,9.2665e+11,0
evt_361,93,3,-1,3,3,-3.82557,1.18283,1,-15.4413,-15.4413,288,288,54.99,54.99,0,4.48674e+18
evt_362,22,0,-1,4,3,-2.95149,0.926025,2,-419.222,-18.709,22342,487,404.99,92.49,9.26655e+11,0
evt_362,23,0,-1,4,3,2.04888,0.8369,1,-247.164,-247.164,12243,12243,414.99,414.99,9.26655e+11,0
evt_362,29,1,-1,3,1,-0.308359,0.849925,1,-300.501,-300.501,12310,12310,272.49,272.49,9.26655e+11,0
evt_362,30,1,-1,4,1,-0.260677,0.988302,1,-1180.39,-1180.39,54797,54797,454.99,454.99,9.26655e+11,0
evt_362,31,1,-1,4,1,0.895533,0.91049,1,-525.67,-525.67,25600,25600,327.49,327.49,9.26655e+11,0
evt_362,49,2,-1,1,1,-0.33299,0.726463,1,-67.9004,-67.9004,594,594,74.99,74.99,9.26655e+11,0
evt_362,58,2,-1,2,2,-1.35589,0.779683,1,-208.584,-208.584,9178,9178,277.49,277.49,9.26655e+11,0
evt_362,59,2,-1,2,2,-1.9171,0.754221,1,-147.355,-147.355,8689,8689,322.49,322.49,9.26655e+11,0
evt_362,93,3,-1,3,3,3.40191,1.79099,4,-21.998,-16.5841,1569,106,232.49,17.49,0,1.37286e+19
evt_363,6,0,-1,4,1,13.4675,0.973953,1,-47.7686,-47.7686,1564,1564,159.99,159.99,9.26691e+11,0
evt_363,7,0,-1,4,1,4.517,0.973847,1,-15.5964,-15.5964,262,262,62.49,62.49,9.26691e+11,0
evt_363,16,0,-1,1,3,-5.07551,3.60646,1,-40.907,-40.907,1231,1231,142.49,142.49,9.26691e+11,0
evt_363,17,0,-1,1,3,7.54085,0.733348,1,-137.934,-137.934,5657,5657,229.99,229.99,9.26691e+11,0
evt_363,36,1,-1,3,2,-0.130342,0.911744,1,-531.191,-531.191,30314,30314,397.49,397.49,9.26691e+11,0
evt_363,37,1,-1,3,2,2.19559,0.748199,4,-900.213,-32.8656,40762,862,352.49,124.99,9.26691e+11,0
evt_363,54,2,-1,4,1,-1.07947,0.874854,2,-186.582,-84.8671,9953,2298,292.49,154.99,9.26691e+11,0
evt_363,55,2,-1,4,1,-0.22846,1.21282,1,-495.739,-495.739,22296,22296,352.49,352.49,9.26691e+11,0
evt_363,58,2,-1,2,2,1.52941,0.767893,1,-1133.8,-1133.8,70520,70520,644.99,644.99,9.26691e+11,0
evt_363,59,2,-1,2,2,-2.07941,0.826485,1,-674.395,-674.395,34445,34445,367.49,367.49,9.26691e+11,0
evt_363,78,3,-1,4,1,0.578867,0.810703,1,-75.2209,-75.2209,3895,3895,249.99,249.99,9.26691e+11,0
evt_363,79,3,-1,4,1,-0.713023,0.775262,1,-62.182,-62.182,2689,2689,209.99,209.99,9.26691e+11,0
evt_364,8,0,-1,1,2,-1.80474,0.705808,1,-1051.8,-1051.8,56367,56367,379.99,379.99,9.26702e+11,0
evt_364,9,0,-1,1,2,-1.15959,0.966171,2,-518.073,-30.4154,20735,748,302.49,109.99,9.26702e+11,0
evt_364,16,0,-1,1,3,-0.62837,0.818369,1,-108.912,-108.912,4626,4626,237.49,237.49,9.26702e+11,0
evt_364,38,1,-1,4,2,0.287393,0.952641,1,-68.4599,-68.4599,4115,4115,337.49,337.49,9.26702e+11,0
evt_364,39,1,-1,4,2,1.67611,1.3058,1,-136.795,-136.795,5569,5569,242.49,242.49,9.26702e+11,0
evt_364,56,2,-1,1,2,3.04929,0.531064,2,-155.398,-65.0813,10383,2631,314.99,194.99,9.26702e+11,0
evt_364,57,2,-1,1,2,0.521727,0.72971,1,-145.257,-145.257,7992,7992,309.99,309.99,9.26702e+11,0
evt_364,72,3,-1,1,1,-0.672948,1.24571,1,-46.0193,-46.0193,2591,2591,234.99,234.99,9.26702e+11,0
evt_365,5,0,-1,3,1,0.897257,0.987226,1,-28.6327,-28.6327,902,902,127.49,127.49,9.26743e+11,0
evt_365,7,0,-1,4,1,4.31267,0.669946,1,-56.9591,-56.9591,2037,2037,174.99,174.99,9.26743e+11,0
evt_365,10,0,-1,2,2,16.9188,0.891896,1,-17.6513,-17.6513,292,292,69.99,69.99,9.26743e+11,0
evt_365,11,0,-1,2,2,34.9738,0.802923,2,-64.7364,-38.2879,2014,854,174.99,122.49,9.26743e+11,0
evt_365,38,1,-1,4,2,2.55098,0.731167,1,-19.2632,-19.2632,437,437,87.49,87.49,9.26743e+11,0
evt_365,42,1,-1,2,3,4.01482,0.938394,2,-337.184,-59.8936,15443,2125,309.99,179.99,9.26743e+11,0
evt_365,43,1,-1,2,3,-0.136317,0.898258,1,-293.555,-293.555,10639,10639,267.49,267.49,9.26743e+11,0
evt_365,56,2,-1,1,2,-16.9876,0.575476,6,-23.066,-15.4096,3742,311,564.99,57.49,9.26743e+11,0
evt_365,82,3,-1,2,2,-14.6999,1.85455,4,-21.4264,-15.2202,9071,277,1462.49,54.99,9.26743e+11,0
evt_366,16,0,-1,1,3,-989.198,262.648,2,-1166.58,-36.2555,43973,923,427.49,127.49,9.2677e+11,0
evt_366,17,0,-1,1,3,-993.105,305.727,4,-1250.54,-33.8929,64781,760,499.99,119.99,9.2677e+11,0
evt_366,27,1,-1,2,1,3.19251,1.029,1,-28.9375,-28.9375,1013,1013,142.49,142.49,9.2677e+11,0
evt_366,44,1,-1,3,3,20.8585,2.26526,4,-148.417,-30.539,5849,468,242.49,99.99,9.2677e+11,0
evt_366,45,1,-1,3,3,25.1602,0.892808,2,-45.939,-22.1425,1048,350,127.49,89.99,9.2677e+11,0
evt_366,60,2,-1,3,2,-0.933207,0.658179,1,-19.3653,-19.3653,162,162,62.49,62.49,9.2677e+11,0
evt_366,64,2,-1,1,3,-8.05393,6.68736,3,-58.0261,-22.2673,1868,534,189.99,107.49,9.2677e+11,0
evt_366,65,2,-1,1,3,-34.4767,5.92326,4,-112.203,-22.5075,2875,236,159.99,62.49,9.2677e+11,0
evt_366,84,3,-1,3,2,0.668043,0.877122,1,-26.861,-26.861,916,916,129.99,129.99,9.2677e+11,0
evt_367,0,0,-1,1,1,1.01121,0.630524,1,-1250.35,-1250.35,95631,95631,399.99,399.99,9.26832e+11,0
evt_367,1,0,-1,1,1,1.00929,0.859123,3,-1250.8,-71.179,103375,2026,469.99,52.49,9.26832e+11,0
evt_367,38,1,-1,4,2,-1249.2,0.404094,3,-1250.04,-18.5321,63147,131,507.49,72.49,9.26832e+11,0
evt_367,39,1,-1,4,2,-1249.23,0.413984,1,-1249.93,-1249.93,51156,51156,304.99,304.99,9.26832e+11,0
evt_367,48,2,-1,1,1,-914.633,224.587,3,-1166.91,-51.2801,43066,1316,317.49,137.49,9.26832e+11,0
evt_367,49,2,-1,1,1,-482.955,100.719,3,-568.814,-19.9373,24063,549,319.99,102.49,9.26832e+11,0
evt_367,56,2,-1,1,2,2.74682,1.1283,1,-21.8863,-21.8863,250,250,79.99,79.99,9.26832e+11,0
evt_367,57,2,-1,1,2,2.30358,1.03196,1,-63.6149,-63.6149,740,740,87.49,87.49,9.26832e+11,0
evt_367,60,2,-1,3,2,-16.9741,0.866914,1,-20.7407,-20.7407,16991,16991,2507.49,2507.49,9.26832e+11,0
evt_367,61,2,-1,3,2,-18.3596,0.628411,1,-23.5978,-23.5978,19515,19515,2507.49,2507.49,9.26832e+11,0
evt_367,80,3,-1,1,2,-10.6835,1.44555,4,-23.8156,-15.4049,2543,325,354.99,67.49,9.26832e+11,0
evt_367,81,3,-1,1,2,-12.6409,0.999439,6,-18.6448,-15.9548,1774,359,297.49,67.49,9.26832e+11,0
evt_368,14,0,-1,4,2,5.35073,0.890854,1,-50.9821,-50.9821,1907,1907,172.49,172.49,9.26843e+11,0
evt_368,15,0,-1,4,2,9.85033,0.79702,1,-26.0051,-26.0051,804,804,122.49,122.49,9.26843e+11,0
evt_368,38,1,-1,4,2,1.70361,0.459612,2,-1249.93,-18.2618,90760,156,424.99,67.49,9.26843e+11,0
evt_368,39,1,-1,4,2,-1.71242,0.863815,2,-1250.19,-346.327,88284,14206,444.99,267.49,9.26843e+11,0
evt_368,62,2,-1,4,2,4.47745,0.739502,1,-70.5313,-70.5313,2561,2561,187.49,187.49,9.26843e+11,0
evt_368,63,2,-1,4,2,6.33172,0.798486,1,-311.253,-311.253,16173,16173,309.99,309.99,9.26843e+11,0
evt_369,0,0,-1,1,1,-1.19071,0.897163,2,-111.134,-17.5375,4445,411,229.99,84.99,9.27024e+11,0
evt_369,1,0,-1,1,1,0.873708,0.665649,2,-94.7044,-23.9031,4122,600,219.99,104.99,9.27024e+11,0
evt_369,30,1,-1,4,1,-7.92855,9.59351,3,-1171.35,-32.7058,42461,294,262.49,112.49,9.27024e+11,0
evt_369,31,1,-1,4,1,9.62427,3.50132,2,-161.56,-40.6396,4435,1029,237.49,129.99,9.27024e+11,0
evt_369,49,2,-1,1,1,0.397968,0.707748,1,-72.5236,-72.5236,307,307,62.49,62.49,9.27024e+11,0
evt_369,54,2,-1,4,1,-3.19371,1.01677,1,-30.3492,-30.3492,225,225,67.49,67.49,9.27024e+11,0
evt_369,55,2,-1,4,1,0.171956,0.659705,1,-37.17,-37.17,255,255,67.49,67.49,9.27024e+11,0
evt_369,58,2,-1,2,2,-177.917,52.7533,5,-559.25,-94.1987,21552,584,259.99,82.49,9.27024e+11,0
evt_369,59,2,-1,2,2,-65.3732,29.6508,4,-102.213,-22.113,3180,295,174.99,64.99,9.27024e+11,0
evt_369,68,2,-1,3,3,1.96075,0.697431,3,-880.5,-30.6152,49577,686,382.49,112.49,9.27024e+11,0
evt_369,69,2,-1,3,3,4.0158,0.96389,1,-408.324,-408.324,23585,23585,347.49,347.49,9.27024e+11,0
evt_369,72,3,-1,1,1,-1.46289,2.32498,1,-20.5118,-20.5118,1201,1201,187.49,187.49,9.27024e+11,0
evt_369,78,3,-1,4,1,-5.29894,1.15136,1,-754.876,-754.876,41988,41988,417.49,417.49,9.27024e+11,0
evt_369,79,3,-1,4,1,-1.69909,1.07892,1,-629.212,-629.212,38034,38034,419.99,419.99,9.27024e+11,0
evt_369,92,3,-1,3,3,18.3942,1.13156,1,-111.672,-111.672,4039,4039,199.99,199.99,0,1.38167e+19
evt_370,8,0,-1,1,2,-2.31934,0.688551,1,-743.244,-743.244,36560,36560,347.49,347.49,9.2703e+11,0
evt_370,9,0,-1,1,2,1.07479,0.849505,2,-398.862,-15.7089,16870,160,287.49,54.99,9.2703e+11,0
evt_370,61,2,-1,3,2,-115.255,24.0027,2,-74.1287,-23.4483,1161,490,114.99,97.49,9.2703e+11,0
evt_370,80,3,-1,1,2,3.51969,1.80041,1,-18.1474,-18.1474,639,639,109.99,109.99,9.2703e+11,0
evt_371,4,0,-1,3,1,-0.641326,1.04108,1,-63.8214,-63.8214,2690,2690,204.99,204.99,9.27051e+11,0
evt_371,5,0,-1,3,1,-1.63187,0.954412,1,-139.193,-139.193,7023,7023,274.99,274.99,9.27051e+11,0
evt_371,24,1,-1,1,1,-3.22466,1.05038,2,-253.324,-15.4036,10574,336,289.99,72.49,9.27051e+11,0
evt_371,25,1,-1,1,1,-1.87964,0.929839,1,-271.755,-271.755,12607,12607,307.49,307.49,9.27051e+11,0
evt_371,52,2,-1,3,1,-0.12477,0.763944,1,-41.6258,-41.6258,285,285,72.49,72.49,9.27051e+11,0
evt_371,53,2,-1,3,1,4.1596,0.962186,1,-37.1589,-37.1589,185,185,69.99,69.99,9.27051e+11,0
evt_371,64,2,-1,1,3,3.81154,1.75739,1,-611.982,-611.982,30335,30335,362.49,362.49,9.27051e+11,0
evt_371,65,2,-1,1,3,0.365192,1.11476,1,-696.121,-696.121,30413,30413,327.49,327.49,9.27051e+11,0
evt_371,78,3,-1,4,1,-3.79438,0.927861,1,-17.7829,-17.7829,578,578,102.49,102.49,9.27051e+11,0
evt_371,82,3,-1,2,2,-5.6209,1.82613,3,-1250.38,-20.8921,111623,298,729.99,84.99,9.27051e+11,0
evt_371,83,3,-1,2,2,0.421711,0.888703,2,-1250.16,-29.9281,84505,685,444.99,114.99,9.27051e+11,0
evt_371,89,3,-1,1,3,-54.97,7.71983,3,-139.347,-39.1994,5293,630,217.49,97.49,1.49602e+14,4.58767e+18
evt_372,24,1,-1,1,1,1.08235,0.903714,4,-961.27,-21.122,49605,592,369.99,112.49,9.27125e+11,0
evt_372,25,1,-1,1,1,2.14553,0.979903,3,-1250.42,-25.7366,89796,390,407.49,94.99,9.27125e+11,0
evt_372,30,1,-1,4,1,-0.0589874,0.764912,1,-735.393,-735.393,35609,35609,462.49,462.49,9.27125e+11,0
evt_372,31,1,-1,4,1,1.6897,0.909904,1,-265.391,-265.391,12285,12285,282.49,282.49,9.27125e+11,0
evt_372,36,1,-1,3,2,3.75642,0.801831,1,-29.0516,-29.0516,844,844,127.49,127.49,9.27125e+11,0
evt_372,37,1,-1,3,2,0.784085,1.55322,1,-47.9994,-47.9994,1694,1694,172.49,172.49,9.27125e+11,0
evt_372,48,2,-1,1,1,-0.716886,0.759101,2,-55.3949,-50.2129,3669,1547,272.49,152.49,9.27125e+11,0
evt_372,49,2,-1,1,1,0.746229,0.683114,2,-34.122,-25.7353,1314,916,157.49,134.99,9.27125e+11,0
evt_372,50,2,-1,2,1,-0.224644,0.75759,1,-27.6742,-27.6742,1038,1038,142.49,142.49,9.27125e+11,0
evt_372,51,2,-1,2,1,0.655358,0.929918,1,-91.4628,-91.4628,3907,3907,222.49,222.49,9.27125e+11,0
evt_372,58,2,-1,2,2,0.11572,0.600888,1,-40.1172,-40.1172,1535,1535,164.99,164.99,9.27125e+11,0
evt_372,78,3,-1,4,1,-12.6351,1.05763,3,-20.3996,-15.8979,2199,379,349.99,69.99,9.27125e+11,0
evt_372,94,3,-1,4,3,26.5536,0.934565,1,-34.9969,-34.9969,855,855,124.99,124.99,4.38087e+11,1.37408e+19
evt_372,95,3,-1,4,3,25.6153,0.795483,3,-177.435,-57.2199,6642,2438,219.99,177.49,4.38087e+11,1.38148e+19
evt_373,22,0,-1,4,3,4.54044,0.996404,2,-747.067,-33.0164,35664,918,357.49,127.49,9.27225e+11,0
evt_373,23,0,-1,4,3,3.75259,0.609917,1,-479.119,-479.119,19904,19904,302.49,302.49,9.27225e+11,0
evt_373,44,1,-1,3,3,3.70831,0.929334,2,-123.868,-23.0277,6454,474,274.99,92.49,9.27225e+11,0
evt_373,45,1,-1,3,3,9.56418,1.27358,2,-353.878,-36.4045,17421,1052,332.49,134.99,9.27225e+11,0
evt_373,54,2,-1,4,1,0.832452,0.672359,3,-1250.5,-22.8764,100783,325,444.99,79.99,9.27225e+11,0
evt_373,55,2,-1,4,1,3.36443,0.798311,2,-1250.31,-53.6797,126735,1164,449.99,137.49,9.27225e+11,0
evt_373,76,3,-1,3,1,-3.69808,0.78031,2,-1250.31,-146.324,129220,10299,507.49,437.49,9.27225e+11,0
evt_373,77,3,-1,3,1,-1.46856,0.817723,2,-1250.23,-61.0387,129563,1175,649.99,129.99,9.27225e+11,0
evt_374,3,0,-1,2,1,-11.6098,1.35488,6,-18.1469,-15.2146,3920,267,742.49,54.99,9.27232e+11,0
evt_374,22,0,-1,4,3,1.14343,1.38852,2,-312.32,-57.2295,14541,1852,302.49,119.99,9.27232e+11,0
evt_374,23,0,-1,4,3,0.27547,0.72455,1,-94.7787,-94.7787,3445,3445,209.99,209.99,9.27232e+11,0
evt_374,46,1,-1,4,3,2.82842,0.957072,2,-1249.89,-688.576,60342,27890,349.99,304.99,9.27232e+11,0
evt_374,47,1,-1,4,3,-0.190419,0.871173,1,-576.295,-576.295,27859,27859,329.99,329.99,9.27232e+11,0
evt_374,70,2,-1,4,3,2.01726,0.861895,1,-29.4716,-29.4716,907,907,129.99,129.99,9.27232e+11,0
evt_374,71,2,-1,4,3,2.0172,0.526905,1,-21.7684,-21.7684,689,689,112.49,112.49,9.27232e+11,0
evt_374,90,3,-1,2,3,-1.53854,1.15241,1,-72.708,-72.708,2783,2783,197.49,197.49,1.49602e+14,1.37404e+19
evt_374,91,3,-1,2,3,0.311665,1.00256,1,-62.0271,-62.0271,2417,2417,199.99,199.99,0,4.49739e+18
evt_375,4,0,-1,3,1,-0.116209,0.746849,1,-36.7867,-36.7867,2309,2309,249.99,249.99,9.27232e+11,0
evt_375,5,0,-1,3,1,0.604451,1.01233,1,-83.3466,-83.3466,4002,4002,244.99,244.99,9.27232e+11,0
evt_375,24,1,-1,1,1,2.73817,0.900995,1,-144.494,-144.494,6032,6032,252.49,252.49,9.27232e+11,0
evt_375,25,1,-1,1,1,-0.109141,0.718988,1,-270.307,-270.307,14267,14267,317.49,317.49,9.27232e+11,0
evt_375,48,2,-1,1,1,3.46868,0.774974,1,-41.7092,-41.7092,2659,2659,289.99,289.99,9.27232e+11,0
evt_375,49,2,-1,1,1,0.152201,0.594934,1,-100.687,-100.687,5731,5731,289.99,289.99,9.27232e+11,0
evt_375,79,3,-1,4,1,0.758688,0.779973,1,-53.718,-53.718,2206,2206,187.49,187.49,9.27232e+11,0
evt_376,2,0,-1,2,1,-2.31424,0.887182,1,-715.571,-715.571,26471,26471,157.49,157.49,9.27383e+11,0
evt_376,3,0,-1,2,1,-2.86982,1.02287,1,-356.242,-356.242,15835,15835,159.99,159.99,9.27383e+11,0
evt_376,6,0,-1,4,1,-0.653204,1.14543,1,-535.159,-535.159,32901,32901,387.49,387.49,9.27383e+11,0
evt_376,7,0,-1,4,1,-2.58458,0.913693,3,-142.093,-19.1337,6626,519,264.99,92.49,9.27383e+11,0
evt_376,38,1,-1,4,2,1.56264,0.747007,1,-82.8403,-82.8403,2863,2863,192.49,192.49,9.27383e+11,0
evt_376,39,1,-1,4,2,1.80621,1.09947,1,-77.7398,-77.7398,4149,4149,257.49,257.49,9.27383e+11,0
evt_376,62,2,-1,4,2,1.71456,0.730195,1,-32.5604,-32.5604,1169,1169,147.49,147.49,9.27383e+11,0
evt_376,63,2,-1,4,2,-0.753313,1.16258,1,-20.7366,-20.7366,733,733,119.99,119.99,9.27383e+11,0
evt_376,65,2,-1,1,3,20.5679,0.76509,1,-33.5396,-33.5396,682,682,109.99,109.99,9.27383e+11,0
evt_376,68,2,-1,3,3,-0.548953,0.884298,1,-84.8983,-84.8983,4863,4863,302.49,302.49,9.27383e+11,0
evt_376,69,2,-1,3,3,2.59933,0.825584,1,-41.9835,-41.9835,2974,2974,287.49,287.49,9.27383e+11,0
evt_376,90,3,-1,2,3,4.40063,0.778834,1,-32.9034,-32.9034,978,978,127.49,127.49,1.49602e+14,1.38221e+19
evt_377,12,0,-1,3,2,-0.0644548,1.43554,1,-146.248,-146.248,8603,8603,399.99,399.99,9.27395e+11,0
evt_377,13,0,-1,3,2,-0.0802691,0.594624,1,-224.899,-224.899,11582,11582,307.49,307.49,9.27395e+11,0
evt_377,40,1,-1,1,3,2.29463,0.797699,1,-121.505,-121.505,5132,5132,252.49,252.49,9.27395e+11,0
evt_377,50,2,-1,2,1,12.4241,4.01724,2,-134.352,-18.4902,5166,386,214.99,87.49,9.27395e+11,0
evt_377,51,2,-1,2,1,17.8088,1.03266,2,-40.8303,-26.1145,1308,584,152.49,112.49,9.27395e+11,0
evt_377,62,2,-1,4,2,-0.243971,0.681213,1,-109.323,-109.323,5505,5505,274.99,274.99,9.27395e+11,0
evt_377,63,2,-1,4,2,2.2482,0.634355,1,-181.4,-181.4,9795,9795,292.49,292.49,9.27395e+11,0
evt_377,75,3,-1,2,1,-0.206421,1.04223,1,-117.428,-117.428,6627,6627,324.99,324.99,9.27395e+11,0
evt_377,88,3,-1,1,3,-1.00556,0.703469,3,-1249.7,-16.2038,71589,262,377.49,64.99,1.49602e+14,1.10382e+12
evt_377,89,3,-1,1,3,-2.9703,0.610057,3,-1249.6,-33.9334,89963,802,422.49,122.49,1.49602e+14,4.06187e+18
evt_378,10,0,-1,2,2,4.02879,0.809185,1,-21.8406,-21.8406,644,644,107.49,107.49,9.27397e+11,0
evt_378,26,1,-1,2,1,-2.76497,1.23154,1,-264.779,-264.779,13307,13307,322.49,322.49,9.27397e+11,0
evt_378,27,1,-1,2,1,-1.54087,0.853991,1,-340.606,-340.606,17944,17944,337.49,337.49,9.27397e+11,0
evt_378,30,1,-1,4,1,-0.159644,0.858393,1,-49.2194,-49.2194,1660,1660,162.49,162.49,9.27397e+11,0
evt_378,60,2,-1,3,2,0.243296,0.692035,1,-114.379,-114.379,6211,6211,274.99,274.99,9.27397e+11,0
evt_378,61,2,-1,3,2,1.96092,0.589356,1,-116.014,-116.014,4913,4913,287.49,287.49,9.27397e+11,0
evt_378,82,3,-1,2,2,1.9549,1.36539,1,-509.887,-509.887,21810,21810,314.99,314.99,9.27397e+11,0
evt_378,83,3,-1,2,2,2.02141,0.802733,1,-251.752,-251.752,12544,12544,294.99,294.99,9.27397e+11,0
evt_379,22,0,-1,4,3,2.7442,1.15444,3,-1250.39,-29.4311,92768,673,487.49,119.99,9.27404e+11,0
evt_379,23,0,-1,4,3,4.21403,0.769258,2,-794.982,-56.8074,34919,1507,327.49,99.99,9.27404e+11,0
evt_379,44,1,-1,3,3,2.41105,0.927721,2,-1250.46,-23.2561,144345,5,622.49,79.99,9.27404e+11,0
evt_379,45,1,-1,3,3,-3.10991,1.01876,2,-1250.73,-614.573,128158,44579,499.99,459.99,9.27404e+11,0
evt_379,49,2,-1,1,1,0.145616,0.887241,1,-90.5498,-90.5498,904,904,79.99,79.99,9.27404e+11,0
evt_379,58,2,-1,2,2,2.60022,0.928832,2,-959.194,-58.8647,52338,2023,372.49,167.49,9.27404e+11,0
evt_379,59,2,-1,2,2,1.13365,0.823478,2,-854.412,-40.7517,44835,1374,382.49,152.49,9.27404e+11,0
evt_379,62,2,-1,4,2,1.78384,0.509425,1,-73.6966,-73.6966,287,287,59.99,59.99,9.27404e+11,0
evt_379,74,3,-1,2,1,0.567187,0.944418,1,-1029.04,-1029.04,50546,50546,357.49,357.49,9.27404e+11,0
evt_379,75,3,-1,2,1,-0.899013,0.845667,1,-529.861,-529.861,28063,28063,362.49,362.49,9.27404e+11,0
evt_379,90,3,-1,2,3,-1.80809,0.891974,3,-1191.49,-25.6976,58546,590,367.49,104.99,1.49602e+14,4.6155e+18
evt_379,91,3,-1,2,3,-6.49021,0.885733,1,-1250.5,-1250.5,87195,87195,509.99,509.99,0,4.62855e+18
evt_379,92,3,-1,3,3,-3.35213,1.01105,1,-156.159,-156.159,7450,7450,294.99,294.99,0,4.60144e+18
evt_380,38,1,-1,4,2,0.0160402,0.807303,4,-404.366,-35.0055,20813,994,377.49,129.99,9.2743e+11,0
evt_380,39,1,-1,4,2,2.18129,0.770248,1,-494.002,-494.002,23502,23502,327.49,327.49,9.2743e+11,0
evt_381,8,0,-1,1,2,1.43433,0.664587,6,-1250.27,-55.124,188870,886,744.99,124.99,9.27454e+11,0
evt_381,9,0,-1,1,2,-0.623021,1.03274,2,-1112.07,-16.7376,125958,86,632.49,59.99,9.27454e+11,0
evt_381,26,1,-1,2,1,-2.28369,18.2728,1,-54.8996,-54.8996,1431,1431,139.99,139.99,9.27454e+11,0
evt_381,36,1,-1,3,2,2.16396,0.772528,1,-130.276,-130.276,6565,6565,259.99,259.99,9.27454e+11,0
evt_381,37,1,-1,3,2,-1.17493,1.06896,1,-163.364,-163.364,7981,7981,344.99,344.99,9.27454e+11,0
evt_381,48,2,-1,1,1,1.98607,0.785115,1,-959.463,-959.463,48383,48383,367.49,367.49,9.27454e+11,0
evt_381,49,2,-1,1,1,-0.653552,0.813758,2,-636.801,-19.4041,35940,531,479.99,97.49,9.27454e+11,0
evt_381,56,2,-1,1,2,-10.6366,1.14714,4,-20.0553,-16.0128,2259,504,349.99,92.49,9.27454e+11,0
evt_381,72,3,-1,1,1,-15.6819,1.10058,6,-29.5542,-15.6688,4145,411,527.49,74.99,9.27454e+11,0
evt_382,14,0,-1,4,2,2.01302,1.03981,1,-88.6759,-88.6759,3660,3660,212.49,212.49,9.2764e+11,0
evt_382,18,0,-1,2,3,5.11796,1.1118,2,-60.8497,-19.4075,2066,400,169.99,89.99,9.2764e+11,0
evt_382,19,0,-1,2,3,-1.07636,0.790192,1,-46.8193,-46.8193,1891,1891,179.99,179.99,9.2764e+11,0
evt_382,28,1,-1,3,1,-11.1457,1.45106,1,-140.223,-140.223,5753,5753,254.99,254.99,9.2764e+11,0
evt_382,29,1,-1,3,1,1.20222,0.906049,1,-179.798,-179.798,7213,7213,239.99,239.99,9.2764e+11,0
evt_382,50,2,-1,2,1,-0.620373,0.934523,2,-107.358,-40.2615,6007,1551,274.99,167.49,9.2764e+11,0
evt_382,51,2,-1,2,1,0.0743171,0.888347,2,-39.5271,-31.4468,1649,1210,179.99,157.49,9.2764e+11,0
evt_382,57,2,-1,1,2,-0.511378,0.63593,1,-30.4095,-30.4095,292,292,82.49,82.49,9.2764e+11,0
evt_382,64,2,-1,1,3,-0.481411,1.0705,1,-225.357,-225.357,11142,11142,297.49,297.49,9.2764e+11,0
evt_382,65,2,-1,1,3,-2.13106,0.619652,1,-414.532,-414.532,18100,18100,327.49,327.49,9.2764e+11,0
evt_382,72,3,-1,1,1,-22.7107,1.35535,3,-29.3549,-22.9863,7106,3235,894.99,479.99,9.2764e+11,0
evt_382,88,3,-1,1,3,0.593071,0.952078,4,-1113.86,-17.2328,75633,272,377.49,74.99,1.49602e+14,1.10382e+12
evt_382,89,3,-1,1,3,0.882115,1.1273,1,-1249.74,-1249.74,90186,90186,464.99,464.99,1.49602e+14,4.55847e+18
evt_383,34,1,-1,2,2,-2.0852,0.980465,1,-304.657,-304.657,14924,14924,434.99,434.99,9.2769e+11,0
evt_383,35,1,-1,2,2,-4.27394,1.64714,2,-206.177,-47.9229,11544,2031,317.49,192.49,9.2769e+11,0
evt_383,58,2,-1,2,2,1.75433,0.814759,1,-1107.92,-1107.92,52567,52567,367.49,367.49,9.2769e+11,0
evt_383,59,2,-1,2,2,2.33133,0.668835,1,-829.182,-829.182,44215,44215,364.99,364.99,9.2769e+11,0
evt_383,60,2,-1,3,2,-1.42457,0.988837,1,-58.1274,-58.1274,366,366,67.49,67.49,9.2769e+11,0
evt_383,61,2,-1,3,2,-0.1317,0.84983,1,-73.805,-73.805,438,438,64.99,64.99,9.2769e+11,0
evt_383,82,3,-1,2,2,-12.6563,1.70078,4,-22.9951,-16.4856,10654,652,1589.99,119.99,9.2769e+11,0
evt_384,2,0,-1,2,1,-1.24593,1.04932,2,-1139.78,-97.5208,78306,2968,372.49,174.99,9.27698e+11,0
evt_384,3,0,-1,2,1,0.475585,1.41665,2,-914.542,-418.834,56770,19260,497.49,319.99,9.27698e+11,0
evt_384,8,0,-1,1,2,1.22548,0.912468,1,-1250.23,-1250.23,131712,131712,734.99,734.99,9.27698e+11,0
evt_384,9,0,-1,1,2,-0.631146,0.989776,2,-1249.74,-53.3001,95842,1096,434.99,124.99,9.27698e+11,0
evt_384,10,0,-1,2,2,0.205495,0.754995,1,-40.9457,-40.9457,1680,1680,177.49,177.49,9.27698e+11,0
evt_384,11,0,-1,2,2,1.27232,0.956191,2,-112.199,-49.4905,4998,1855,247.49,142.49,9.27698e+11,0
evt_384,26,1,-1,2,1,-3.38602,1.22068,1,-119.256,-119.256,4926,4926,237.49,237.49,9.27698e+11,0
evt_384,50,2,-1,2,1,-0.312896,0.9312,1,-23.3526,-23.3526,232,232,69.99,69.99,9.27698e+11,0
evt_384,51,2,-1,2,1,-0.542522,0.653784,1,-22.3086,-22.3086,202,202,67.49,67.49,9.27698e+11,0
evt_384,82,3,-1,2,2,-10.2209,1.3861,2,-15.7837,-15.6713,602,264,117.49,54.99,9.27698e+11,0
evt_385,22,0,-1,4,3,-1.86612,0.898279,2,-1251.14,-33.7433,88886,576,417.49,109.99,9.27724e+11,0
evt_385,23,0,-1,4,3,-0.701069,0.869742,2,-1250.31,-432.716,77892,14609,387.49,244.99,9.27724e+11,0
evt_385,28,1,-1,3,1,1.17276,0.990464,1,-122.339,-122.339,5037,5037,242.49,242.49,9.27724e+11,0
evt_385,29,1,-1,3,1,1.91431,1.42637,1,-88.8693,-88.8693,3514,3514,212.49,212.49,9.27724e+11,0
evt_385,58,2,-1,2,2,0.889368,0.842271,1,-24.5374,-24.5374,158,158,62.49,62.49,9.27724e+11,0
evt_385,59,2,-1,2,2,0.601294,0.822317,1,-53.3141,-53.3141,305,305,64.99,64.99,9.27724e+11,0
evt_385,70,2,-1,4,3,0.277947,0.789578,3,-835.228,-35.5954,36086,1423,404.99,147.49,9.27724e+11,0
evt_385,71,2,-1,4,3,2.10988,0.944877,1,-996.509,-996.509,49494,49494,394.99,394.99,9.27724e+11,0
evt_385,92,3,-1,3,3,5.80406,0.738718,2,-681.793,-137.55,39599,5526,442.49,217.49,0,1.3833e+19
evt_385,93,3,-1,3,3,1.53186,0.981717,1,-71.9844,-71.9844,2952,2952,204.99,204.99,0,1.38248e+19
evt_386,6,0,-1,4,1,0.491404,0.811442,2,-928.495,-39.3027,43797,1314,357.49,152.49,9.27746e+11,0
evt_386,7,0,-1,4,1,0.700899,0.752297,1,-566.843,-566.843,28752,28752,394.99,394.99,9.27746e+11,0
evt_386,14,0,-1,4,2,2.68302,0.976644,1,-23.9815,-23.9815,800,800,127.49,127.49,9.27746e+11,0
evt_386,30,1,-1,4,1,-1.5717,1.1241,1,-492.004,-492.004,22029,22029,314.99,314.99,9.27746e+11,0
evt_386,31,1,-1,4,1,0.157863,1.1599,2,-158.942,-25.3529,6586,839,252.49,134.99,9.27746e+11,0
evt_386,43,1,-1,2,3,6.50292,0.817533,3,-46.4397,-22.1509,1262,492,134.99,97.49,9.27746e+11,0
evt_386,78,3,-1,4,1,-12.5593,1.55225,7,-22.1506,-17.3817,2061,518,339.99,92.49,9.27746e+11,0
evt_386,94,3,-1,4,3,10.2627,6.10975,2,-154.488,-29.7414,5337,608,199.99,109.99,4.38087e+11,4.43904e+18
evt_386,95,3,-1,4,3,-31.4079,7.21834,3,-67.6384,-17.4232,2400,176,179.99,57.49,4.38087e+11,1.37735e+19
evt_387,4,0,-1,3,1,1.55041,0.597498,1,-321.509,-321.509,17227,17227,344.99,344.99,9.27761e+11,0
evt_387,5,0,-1,3,1,0.36631,1.21469,2,-649.079,-517.168,29549,24640,329.99,292.49,9.27761e+11,0
evt_387,24,1,-1,1,1,2.00066,0.672517,2,-278.314,-66.3423,15949,4542,432.49,314.99,9.27761e+11,0
evt_387,25,1,-1,1,1,1.01477,0.820015,1,-414.227,-414.227,25115,25115,452.49,452.49,9.27761e+11,0
evt_387,27,1,-1,2,1,4.40718,0.983409,1,-76.1737,-76.1737,3153,3153,212.49,212.49,9.27761e+11,0
evt_387,52,2,-1,3,1,1.04526,0.84088,1,-58.982,-58.982,391,391,69.99,69.99,9.27761e+11,0
evt_387,53,2,-1,3,1,0.0634206,0.902405,1,-43.476,-43.476,216,216,64.99,64.99,9.27761e+11,0
evt_387,78,3,-1,4,1,-9.93768,1.20323,1,-17.576,-17.576,1271,1271,214.99,214.99,9.27761e+11,0
evt_387,93,3,-1,3,3,-12.1195,0.899193,6,-26.0776,-15.4406,2378,320,319.99,57.49,0,4.51704e+18
evt_388,40,1,-1,1,3,5.52108,4.42378,1,-23.6754,-23.6754,558,558,102.49,102.49,9.2783e+11,0
evt_388,60,2,-1,3,2,3.90409,0.905313,2,-1250.23,-64.7701,81980,1971,447.49,164.99,9.2783e+11,0
evt_388,61,2,-1,3,2,-0.34444,0.679906,5,-1250.39,-30.0088,92058,552,409.99,102.49,9.2783e+11,0
evt_388,64,2,-1,1,3,12.4262,1.15864,1,-26.4145,-26.4145,660,660,112.49,112.49,9.2783e+11,0
evt_389,5,0,-1,3,1,-0.131844,0.602451,1,-65.471,-65.471,2508,2508,192.49,192.49,9.2784e+11,0
evt_389,26,1,-1,2,1,-1.68183,1.33565,1,-495.239,-495.239,25180,25180,372.49,372.49,9.2784e+11,0
evt_389,27,1,-1,2,1,1.8682,0.904713,1,-93.4046,-93.4046,6620,6620,422.49,422.49,9.2784e+11,0
evt_389,56,2,-1,1,2,5.7771,0.744688,1,-39.0389,-39.0389,1463,1463,164.99,164.99,9.2784e+11,0
evt_389,57,2,-1,1,2,0.415869,0.81389,1,-130.08,-130.08,5163,5163,244.99,244.99,9.2784e+11,0
evt_389,88,3,-1,1,3,3.58198,0.990044,1,-471.607,-471.607,19739,19739,292.49,292.49,1.49602e+14,1.10382e+12
evt_389,89,3,-1,1,3,0.733259,0.584781,1,-440.645,-440.645,18958,18958,299.99,299.99,1.49602e+14,4.56125e+18
evt_390,18,0,-1,2,3,-47.9647,2.64479,2,-201.301,-45.8257,6528,752,289.99,104.99,9.27851e+11,0
evt_390,19,0,-1,2,3,8.07698,2.06066,2,-58.5978,-41.8605,1832,1763,214.99,157.49,9.27851e+11,0
evt_390,28,1,-1,3,1,26.873,0.89591,1,-42.471,-42.471,890,890,122.49,122.49,9.27851e+11,0
evt_390,36,1,-1,3,2,18.1076,3.97667,1,-1250.08,-1250.08,74902,74902,549.99,549.99,9.27851e+11,0
evt_390,37,1,-1,3,2,52.5236,0.58243,1,-1250.35,-1250.35,94257,94257,387.49,387.49,9.27851e+11,0
evt_390,49,2,-1,1,1,0.653983,0.847251,1,-77.2152,-77.2152,592,592,72.49,72.49,9.27851e+11,0
evt_390,56,2,-1,1,2,2.92005,1.07856,1,-51.4277,-51.4277,2036,2036,179.99,179.99,9.27851e+11,0
evt_390,72,3,-1,1,1,-26.0402,1.22063,1,-29.6612,-29.6612,22839,22839,2507.49,2507.49,9.27851e+11,0
evt_391,40,1,-1,1,3,5.00124,0.850271,1,-295.999,-295.999,14453,14453,297.49,297.49,9.27854e+11,0
evt_391,41,1,-1,1,3,-0.69246,0.719298,1,-142.396,-142.396,6622,6622,267.49,267.49,9.27854e+11,0
evt_391,64,2,-1,1,3,1.03021,1.10009,4,-1250.27,-23.4847,96333,407,454.99,97.49,9.27854e+11,0
evt_391,65,2,-1,1,3,-1.35282,0.649142,2,-1250.31,-29.0158,120562,929,672.49,112.49,9.27854e+11,0
evt_391,88,3,-1,1,3,1.03721,0.807129,1,-210.716,-210.716,7497,7497,237.49,237.49,1.49602e+14,1.10382e+12
evt_391,89,3,-1,1,3,-1.5338,0.740853,1,-47.6179,-47.6179,2972,2972,272.49,272.49,1.49602e+14,1.38331e+19
evt_392,4,0,-1,3,1,-0.673088,0.693226,1,-477.134,-477.134,24914,24914,339.99,339.99,9.27855e+11,0
evt_392,5,0,-1,3,1,-1.11311,1.07356,3,-839.368,-24.6996,61806,304,454.99,92.49,9.27855e+11,0
evt_392,8,0,-1,1,2,-0.505145,0.803103,1,-59.1341,-59.1341,2450,2450,197.49,197.49,9.27855e+11,0
evt_392,28,1,-1,3,1,5.93867,0.644295,2,-1248.84,-51.1473,102802,1405,759.99,102.49,9.27855e+11,0
evt_392,29,1,-1,3,1,4.31532,0.836179,2,-919.744,-28.8966,50219,685,377.49,117.49,9.27855e+11,0
evt_392,52,2,-1,3,1,5.52878,0.84412,1,-255.356,-255.356,10741,10741,282.49,282.49,9.27855e+11,0
evt_392,53,2,-1,3,1,0.873,0.650466,2,-320.899,-27.9075,16386,828,329.99,124.99,9.27855e+11,0
evt_392,82,3,-1,2,2,0.594493,1.54872,1,-481.785,-481.785,22785,22785,329.99,329.99,9.27855e+11,0
evt_392,83,3,-1,2,2,-0.133604,0.845022,1,-418.918,-418.918,19673,19673,317.49,317.49,9.27855e+11,0
evt_392,93,3,-1,3,3,-7.82176,0.924358,2,-18.1472,-17.9566,1337,474,219.99,77.49,0,1.37846e+19
evt_393,12,0,-1,3,2,4.95764,0.95579,2,-1250.08,-18.6427,79378,353,452.49,79.99,9.27988e+11,0
evt_393,13,0,-1,3,2,-0.204791,0.95451,1,-1250,-1250,73384,73384,377.49,377.49,9.27988e+11,0
evt_393,17,0,-1,1,3,3.32933,0.780424,1,-81.5546,-81.5546,2963,2963,189.99,189.99,9.27988e+11,0
evt_393,26,1,-1,2,1,-0.777574,1.31307,2,-521.493,-228.906,27141,9214,484.99,244.99,9.27988e+11,0
evt_393,27,1,-1,2,1,0.965813,1.04826,2,-549.949,-49.1048,25173,1811,327.49,174.99,9.27988e+11,0
evt_393,50,2,-1,2,1,-0.206255,1.15019,1,-97.0338,-97.0338,4192,4192,232.49,232.49,9.27988e+11,0
evt_393,51,2,-1,2,1,0.0113737,0.819901,1,-33.892,-33.892,1290,1290,159.99,159.99,9.27988e+11,0
evt_393,72,3,-1,1,1,2.38911,1.27194,1,-103.125,-103.125,5366,5366,287.49,287.49,9.27988e+11,0
evt_393,73,3,-1,1,1,-3.52435,1.27093,1,-108.655,-108.655,5321,5321,262.49,262.49,9.27988e+11,0
evt_394,2,0,-1,2,1,-0.352226,0.870791,2,-1056.4,-45.7094,92994,596,529.99,104.99,9.28002e+11,0
evt_394,3,0,-1,2,1,-0.388711,0.921458,1,-783.998,-783.998,74293,74293,657.49,657.49,9.28002e+11,0
evt_394,4,0,-1,3,1,-1.36806,0.712114,3,-1250.23,-24.7058,85427,450,409.99,49.99,9.28002e+11,0
evt_394,5,0,-1,3,1,0.972229,0.724739,3,-1250.65,-32.3253,87348,724,394.99,72.49,9.28002e+11,0
evt_394,20,0,-1,3,3,10.2628,0.961475,2,-27.6018,-23.5579,805,623,124.99,109.99,9.28002e+11,0
evt_394,21,0,-1,3,3,6.43818,1.05211,1,-42.3646,-42.3646,1509,1509,159.99,159.99,9.28002e+11,0
evt_394,28,1,-1,3,1,-0.40114,0.840071,1,-271.445,-271.445,13216,13216,302.49,302.49,9.28002e+11,0
evt_394,29,1,-1,3,1,3.00438,0.978812,1,-258.215,-258.215,13850,13850,319.99,319.99,9.28002e+11,0
evt_394,52,2,-1,3,1,3.55125,0.831927,2,-1250.27,-145.486,99267,4383,579.99,184.99,9.28002e+11,0
evt_394,53,2,-1,3,1,1.31324,0.769856,2,-1250.3,-87.1963,87137,3095,377.49,194.99,9.28002e+11,0
evt_394,58,2,-1,2,2,2.93359,0.671489,1,-31.3694,-31.3694,133,133,59.99,59.99,9.28002e+11,0
evt_394,62,2,-1,4,2,2.37738,0.86883,1,-66.4023,-66.4023,623,623,79.99,79.99,9.28002e+11,0
evt_394,63,2,-1,4,2,-0.730019,0.982189,1,-39.1868,-39.1868,280,280,72.49,72.49,9.28002e+11,0
evt_394,72,3,-1,1,1,-11.7881,1.1145,3,-23.7108,-20.5877,11382,1108,1607.49,182.49,9.28002e+11,0
evt_395,22,0,-1,4,3,0.376695,0.937569,1,-433.677,-433.677,19456,19456,312.49,312.49,9.28029e+11,0
evt_395,23,0,-1,4,3,1.52707,0.816951,1,-137.41,-137.41,5066,5066,227.49,227.49,9.28029e+11,0
evt_395,46,1,-1,4,3,3.26546,1.10317,2,-1250.76,-54.1393,67997,1592,372.49,149.99,9.28029e+11,0
evt_395,47,1,-1,4,3,3.11352,1.0554,2,-1250.26,-476.448,70371,17447,359.99,257.49,9.28029e+11,0
evt_395,91,3,-1,2,3,-5.83514,1.05523,1,-83.688,-83.688,2754,2754,119.99,119.99,0,1.38505e+19
evt_395,94,3,-1,4,3,1.21018,0.948906,1,-38.3922,-38.3922,1540,1540,174.99,174.99,4.38087e+11,1.38643e+19
evt_396,6,0,-1,4,1,0.927881,0.753938,1,-648.218,-648.218,30474,30474,337.49,337.49,9.28199e+11,0
evt_396,7,0,-1,4,1,-7.83888,1.08287,1,-209.499,-209.499,12303,12303,379.99,379.99,9.28199e+11,0
evt_396,8,0,-1,1,2,0.170591,0.737745,1,-226.728,-226.728,11973,11973,299.99,299.99,9.28199e+11,0
evt_396,9,0,-1,1,2,-2.0474,0.92013,1,-223.832,-223.832,7410,7410,237.49,237.49,9.28199e+11,0
evt_396,14,0,-1,4,2,0.357362,0.979903,4,-1250.04,-16.7086,113103,184,519.99,59.99,9.28199e+11,0
evt_396,15,0,-1,4,2,-13.4749,28.0292,3,-998.033,-82.6183,98986,2419,459.99,164.99,9.28199e+11,0
evt_396,44,1,-1,3,3,0.451562,2.13109,3,-1250.27,-19.7859,106999,240,419.99,44.99,9.28199e+11,0
evt_396,45,1,-1,3,3,2.24152,2.50587,2,-1250.35,-118.984,93527,3948,494.99,187.49,9.28199e+11,0
evt_396,54,2,-1,4,1,-0.890302,1.16953,1,-16.3947,-16.3947,165,165,67.49,67.49,9.28199e+11,0
evt_396,56,2,-1,1,2,-16.5154,0.76828,3,-21.3139,-18.9865,12004,1510,1847.49,204.99,9.28199e+11,0
evt_396,80,3,-1,1,2,13.8766,3.33172,2,-29.8577,-18.5299,656,382,107.49,97.49,9.28199e+11,0
evt_396,81,3,-1,1,2,63.6066,4.89188,2,-183.115,-57.8611,5286,979,172.49,134.99,9.28199e+11,0
evt_396,85,3,-1,3,2,-0.461176,0.966918,3,-131.192,-27.3394,4766,768,222.49,119.99,9.28199e+11,0
evt_396,93,3,-1,3,3,-5.69532,1.19133,1,-16.7709,-16.7709,526,526,102.49,102.49,0,1.3845e+19
evt_397,6,0,-1,4,1,2.05441,0.899624,1,-1249.93,-1249.93,120130,120130,737.49,737.49,9.28219e+11,0
evt_397,7,0,-1,4,1,1.1317,1.03892,1,-1250.27,-1250.27,103338,103338,532.49,532.49,9.28219e+11,0
evt_397,36,1,-1,3,2,21.3775,0.657528,1,-32.026,-32.026,653,653,109.99,109.99,9.28219e+11,0
evt_397,52,2,-1,3,1,0.0351167,0.661315,1,-488.462,-488.462,23908,23908,329.99,329.99,9.28219e+11,0
evt_397,53,2,-1,3,1,-1.81465,0.770893,1,-673.061,-673.061,32612,32612,337.49,337.49,9.28219e+11,0
evt_397,72,3,-1,1,1,-15.2338,1.42523,4,-27.7541,-21.7281,8325,853,1122.49,104.99,9.28219e+11,0
evt_397,76,3,-1,3,1,-1.13983,1.26529,1,-15.2869,-15.2869,409,409,72.49,72.49,9.28219e+11,0
evt_397,78,3,-1,4,1,-16.1051,0.644731,6,-28.2125,-16.6276,1802,584,264.99,109.99,9.28219e+11,0
evt_398,56,2,-1,1,2,-6.0157,0.875975,3,-19.6721,-15.3688,1212,344,189.99,62.49,9.2823e+11,0
evt_398,72,3,-1,1,1,-10.7727,0.884465,2,-17.0804,-16.7367,644,604,112.49,109.99,9.2823e+11,0
evt_399,8,0,-1,1,2,31.9724,2.65098,6,-128.484,-25.3906,4398,186,207.49,77.49,9.28289e+11,0
evt_399,9,0,-1,1,2,20.2208,1.15768,2,-40.8691,-26.3871,692,360,104.99,84.99,9.28289e+11,0
evt_399,41,1,-1,1,3,5.70446,1.03005,2,-177.434,-51.7741,7196,1935,237.49,177.49,9.28289e+11,0
evt_399,49,2,-1,1,1,-1.54088,0.833123,1,-25.1691,-25.1691,149,149,57.49,57.49,9.28289e+11,0
evt_399,56,2,-1,1,2,-11.1575,0.969834,4,-23.6384,-16.6675,6805,535,917.49,92.49,9.28289e+11,0
evt_399,80,3,-1,1,2,-2.88341,0.925485,4,-20.4936,-15.3585,981,295,162.49,54.99,9.28289e+11,0
evt_400,4,0,-1,3,1,0.826201,0.574075,3,-575.04,-17.8872,31379,401,362.49,82.49,9.28325e+11,0
evt_400,5,0,-1,3,1,-1.40959,0.96076,3,-1059.72,-32.9017,58694,965,389.99,129.99,9.28325e+11,0
evt_400,6,0,-1,4,1,-0.268929,0.929142,1,-1250.16,-1250.16,495188,495188,1357.49,1357.49,9.28325e+11,0
evt_400,7,0,-1,4,1,0.057774,0.930676,1,-1250.62,-1250.62,268409,268409,1174.99,1174.99,9.28325e+11,0
evt_400,25,1,-1,1,1,-0.0512742,0.768233,1,-71.5226,-71.5226,3056,3056,214.99,214.99,9.28325e+11,0
evt_400,26,1,-1,2,1,-1.28637,1.04206,1,-152.689,-152.689,7085,7085,277.49,277.49,9.28325e+11,0
evt_400,28,1,-1,3,1,1.70077,0.78629,3,-1248.48,-194.93,243265,3928,762.49,77.49,9.28325e+11,0
evt_400,29,1,-1,3,1,2.17841,0.834792,3,-1249.69,-21.3414,189635,250,654.99,74.99,9.28325e+11,0
evt_400,34,1,-1,2,2,0.427818,1.00136,1,-330.166,-330.166,14579,14579,297.49,297.49,9.28325e+11,0
evt_400,35,1,-1,2,2,-0.831327,0.913423,1,-548.698,-548.698,27776,27776,364.99,364.99,9.28325e+11,0
evt_400,40,1,-1,1,3,0.656907,0.911361,1,-50.5154,-50.5154,1784,1784,169.99,169.99,9.28325e+11,0
evt_400,42,1,-1,2,3,-1.52226,1.10292,1,-60.6949,-60.6949,2544,2544,207.49,207.49,9.28325e+11,0
evt_400,50,2,-1,2,1,-0.112447,0.500195,3,-1250.77,-87.3064,260479,720,909.99,149.99,9.28325e+11,0
evt_400,51,2,-1,2,1,-0.72819,0.764061,2,-1250.42,-244.624,201553,7369,642.49,189.99,9.28325e+11,0
evt_400,52,2,-1,3,1,-2.40502,0.702515,2,-831.165,-17.6425,43577,312,529.99,74.99,9.28325e+11,0
evt_400,53,2,-1,3,1,-0.360293,0.908278,2,-944.658,-95.1617,47376,3137,352.49,204.99,9.28325e+11,0
evt_400,54,2,-1,4,1,0.146109,0.708034,1,-30.7684,-30.7684,1062,1062,147.49,147.49,9.28325e+11,0
evt_400,55,2,-1,4,1,-2.64509,0.475231,1,-28.8984,-28.8984,1003,1003,134.99,134.99,9.28325e+11,0
evt_400,72,3,-1,1,1,3.67629,0.774863,1,-1250.54,-1250.54,135369,135369,542.49,542.49,9.28325e+11,0
evt_400,73,3,-1,1,1,-0.0639687,0.673327,2,-1249.89,-92.5265,137142,2050,477.49,152.49,9.28325e+11,0
evt_400,76,3,-1,3,1,-11.1031,1.40127,2,-24.6669,-17.2639,2214,397,294.99,74.99,9.28325e+11,0
evt_400,78,3,-1,4,1,3.0663,0.816354,1,-15.8599,-15.8599,400,400,74.99,74.99,9.28325e+11,0
evt_400,86,3,-1,4,2,5.55758,0.966575,2,-25.5064,-21.3506,695,492,112.49,94.99,9.28325e+11,0
evt_400,87,3,-1,4,2,10.3335,2.52881,1,-38.3521,-38.3521,1467,1467,159.99,159.99,9.28325e+11,0
evt_400,88,3,-1,1,3,0.217948,0.60573,1,-114.186,-114.186,5255,5255,239.99,239.99,1.49602e+14,1.10382e+12
evt_400,89,3,-1,1,3,-0.248166,0.839964,1,-458.032,-458.032,22270,22270,317.49,317.49,1.49602e+14,1.38317e+19
evt_400,92,3,-1,3,3,-12.8003,0.635671,9,-19.4442,-15.2499,1524,292,232.49,54.99,0,4.47534e+18
evt_400,94,3,-1,4,3,25.0688,1.23208,1,-87.1896,-87.1896,2736,2736,169.99,169.99,4.38087e+11,4.61264e+18
evt_400,95,3,-1,4,3,14.801,0.914916,1,-24.281,-24.281,573,573,109.99,109.99,4.38087e+11,4.59486e+18
evt_401,6,0,-1,4,1,0.38736,1.07335,1,-154.057,-154.057,8899,8899,297.49,297.49,9.28332e+11,0
evt_401,7,0,-1,4,1,1.62675,1.17598,1,-173.659,-173.659,7391,7391,257.49,257.49,9.28332e+11,0
evt_401,10,0,-1,2,2,1.31045,0.914272,1,-18.0753,-18.0753,466,466,89.99,89.99,9.28332e+11,0
evt_401,27,1,-1,2,1,1.71032,0.747381,1,-26.5353,-26.5353,917,917,139.99,139.99,9.28332e+11,0
evt_401,58,2,-1,2,2,0.13779,0.765616,2,-223.146,-38.0107,10765,966,294.99,82.49,9.28332e+11,0
evt_401,59,2,-1,2,2,1.15139,0.689423,1,-368.705,-368.705,18907,18907,387.49,387.49,9.28332e+11,0
evt_401,60,2,-1,3,2,-12.3267,0.786445,6,-45.6274,-16.2337,4233,779,692.49,139.99,9.28332e+11,0
evt_401,61,2,-1,3,2,1.82555,0.675527,1,-45.4711,-45.4711,356,356,74.99,74.99,9.28332e+11,0
evt_401,93,3,-1,3,3,-7.02996,1.12587,2,-21.998,-18.3784,1672,1043,247.49,177.49,0,1.39181e+19
evt_402,23,0,-1,4,3,-0.779027,0.849583,1,-35.7613,-35.7613,1182,1182,144.99,144.99,9.2842e+11,0
evt_402,46,1,-1,4,3,3.55305,1.01393,2,-777.497,-67.2456,42987,2436,379.99,182.49,9.2842e+11,0
evt_402,47,1,-1,4,3,-0.545537,0.979928,1,-927.397,-927.397,52799,52799,519.99,519.99,9.2842e+11,0
evt_402,86,3,-1,4,2,0.285185,0.850661,2,-1250.27,-234.126,117790,6617,462.49,234.99,9.2842e+11,0
evt_402,87,3,-1,4,2,3.58183,0.593921,1,-1250.27,-1250.27,140017,140017,632.49,632.49,9.2842e+11,0
evt_402,94,3,-1,4,3,-0.62343,0.97879,1,-95.2653,-95.2653,4181,4181,229.99,229.99,4.38087e+11,4.56405e+18
evt_402,95,3,-1,4,3,1.2817,0.755451,1,-33.6651,-33.6651,1330,1330,162.49,162.49,4.38087e+11,4.55303e+18
evt_403,6,0,-1,4,1,0.0568941,0.996499,1,-151.933,-151.933,6898,6898,262.49,262.49,9.28423e+11,0
evt_403,7,0,-1,4,1,0.948959,0.983251,1,-82.7307,-82.7307,4044,4044,317.49,317.49,9.28423e+11,0
evt_403,30,1,-1,4,1,-1.10348,0.839675,3,-1249.97,-36.2185,70129,842,354.99,119.99,9.28423e+11,0
evt_403,31,1,-1,4,1,-0.239671,0.775691,2,-950.495,-29.8114,47193,737,359.99,124.99,9.28423e+11,0
evt_403,49,2,-1,1,1,0.0548774,0.710616,1,-73.5829,-73.5829,637,637,74.99,74.99,9.28423e+11,0
evt_403,54,2,-1,4,1,14.4343,0.895854,1,-140.491,-140.491,5113,5113,209.99,209.99,9.28423e+11,0
evt_403,78,3,-1,4,1,-1.57908,1.66968,1,-17.0719,-17.0719,533,533,104.99,104.99,9.28423e+11,0
evt_403,84,3,-1,3,2,-0.642524,0.669349,1,-192.038,-192.038,9290,9290,294.99,294.99,9.28423e+11,0
evt_403,85,3,-1,3,2,0.160469,0.847272,1,-66.0375,-66.0375,2363,2363,187.49,187.49,9.28423e+11,0
evt_403,93,3,-1,3,3,-18.5107,1.06555,2,-23.0282,-17.9583,2241,513,347.49,92.49,0,4.64295e+18
evt_404,20,0,-1,3,3,0.795633,0.734213,1,-26.7636,-26.7636,922,922,132.49,132.49,9.28471e+11,0
evt_404,21,0,-1,3,3,1.1023,0.927178,1,-101.222,-101.222,4341,4341,232.49,232.49,9.28471e+11,0
evt_404,44,1,-1,3,3,0.55302,1.34164,2,-160.126,-57.6428,8701,1908,297.49,137.49,9.28471e+11,0
evt_404,45,1,-1,3,3,4.25992,0.916566,1,-250.062,-250.062,14863,14863,352.49,352.49,9.28471e+11,0
evt_404,62,2,-1,4,2,0.850633,1.21953,1,-45.0246,-45.0246,227,227,64.99,64.99,9.28471e+11,0
evt_404,63,2,-1,4,2,2.7384,0.636763,1,-46.9875,-46.9875,200,200,62.49,62.49,9.28471e+11,0
evt_404,86,3,-1,4,2,-379.104,69.4273,2,-273.849,-72.1326,6157,984,204.99,47.49,9.28471e+11,0
evt_404,87,3,-1,4,2,-780.093,131.671,3,-559.656,-49.8281,12669,1881,224.99,174.99,9.28471e+11,0
evt_404,93,3,-1,3,3,-5.92187,1.11595,2,-20.6239,-19.5959,1487,1396,244.99,214.99,0,4.6272e+18
evt_405,16,0,-1,1,3,1.23643,1.04685,1,-71.8648,-71.8648,2683,2683,189.99,189.99,9.2855e+11,0
evt_405,17,0,-1,1,3,-1.50011,0.914357,1,-91.0519,-91.0519,3852,3852,222.49,222.49,9.2855e+11,0
evt_405,40,1,-1,1,3,4.61807,1.26269,1,-298.327,-298.327,12908,12908,284.99,284.99,9.2855e+11,0
evt_405,41,1,-1,1,3,0.698708,0.728232,1,-200.385,-200.385,9441,9441,279.99,279.99,9.2855e+11,0
evt_405,53,2,-1,3,1,3.17156,0.778822,1,-26.8019,-26.8019,934,934,137.49,137.49,9.2855e+11,0
evt_405,88,3,-1,1,3,-0.827758,0.630136,3,-371.909,-33.4351,20459,1134,342.49,149.99,1.49602e+14,1.10382e+12
evt_405,89,3,-1,1,3,-0.270705,0.873658,3,-720.944,-48.534,39393,1937,439.99,164.99,1.49602e+14,4.46204e+18
evt_406,14,0,-1,4,2,-1.61988,0.943087,1,-183.459,-183.459,10777,10777,327.49,327.49,9.28589e+11,0
evt_406,15,0,-1,4,2,-1.55984,0.880259,1,-147.556,-147.556,9405,9405,327.49,327.49,9.28589e+11,0
evt_406,46,1,-1,4,3,-0.636448,0.91724,1,-1229.19,-1229.19,64539,64539,419.99,419.99,9.28589e+11,0
evt_406,47,1,-1,4,3,5.35109,1.42517,1,-1250,-1250,67205,67205,359.99,359.99,9.28589e+11,0
evt_406,58,2,-1,2,2,-2.00722,0.95169,1,-59.6702,-59.6702,3162,3162,252.49,252.49,9.28589e+11,0
evt_406,59,2,-1,2,2,0.502611,0.90625,1,-71.8268,-71.8268,3472,3472,242.49,242.49,9.28589e+11,0
evt_406,74,3,-1,2,1,20.3693,1.14912,2,-75.9067,-15.6666,2810,263,189.99,77.49,9.28589e+11,0
evt_406,92,3,-1,3,3,-2.2501,0.691417,1,-1230,-1230,76037,76037,449.99,449.99,0,1.37984e+19
evt_406,93,3,-1,3,3,1.82146,1.14813,1,-82.8063,-82.8063,4018,4018,257.49,257.49,0,1.38042e+19
evt_407,6,0,-1,4,1,0.907746,1.06716,2,-319.373,-55.815,14731,2218,302.49,189.99,9.28596e+11,0
evt_407,7,0,-1,4,1,1.62529,0.576625,1,-90.7358,-90.7358,3605,3605,217.49,217.49,9.28596e+11,0
evt_407,10,0,-1,2,2,0.214573,1.10982,1,-132.522,-132.522,8193,8193,347.49,347.49,9.28596e+11,0
evt_407,11,0,-1,2,2,0.899786,0.670409,1,-299.811,-299.811,14015,14015,297.49,297.49,9.28596e+11,0
evt_407,12,0,-1,3,2,-0.90516,1.20607,1,-107.781,-107.781,5096,5096,247.49,247.49,9.28596e+11,0
evt_407,13,0,-1,3,2,0.579026,0.867148,1,-29.5491,-29.5491,1179,1179,157.49,157.49,9.28596e+11,0
evt_407,80,3,-1,1,2,-7.79857,0.772837,2,-18.8528,-18.3384,944,664,164.99,117.49,9.28596e+11,0
evt_408,54,2,-1,4,1,1.52008,1.22151,1,-70.1503,-70.1503,939,939,89.99,89.99,9.2863e+11,0
evt_408,55,2,-1,4,1,5.74148,0.913982,1,-30.851,-30.851,332,332,82.49,82.49,9.2863e+11,0
evt_408,74,3,-1,2,1,0.387422,1.00028,2,-1115.16,-23.3336,51469,483,347.49,97.49,9.2863e+11,0
evt_408,75,3,-1,2,1,-2.37289,0.752033,2,-554.682,-36.6381,33647,1345,424.99,137.49,9.2863e+11,0
evt_409,4,0,-1,3,1,0.336089,0.589793,1,-1250.08,-1250.08,102182,102182,489.99,489.99,9.28669e+11,0
evt_409,5,0,-1,3,1,0.264533,0.975956,3,-1250.16,-29.3958,110148,263,482.49,92.49,9.28669e+11,0
evt_409,16,0,-1,1,3,39.122,1.17535,1,-20.0209,-20.0209,275,275,82.49,82.49,9.28669e+11,0
evt_409,34,1,-1,2,2,2.36778,1.50272,1,-78.1173,-78.1173,3824,3824,262.49,262.49,9.28669e+11,0
evt_409,35,1,-1,2,2,0.288286,1.13042,1,-244.23,-244.23,15296,15296,507.49,507.49,9.28669e+11,0
evt_409,66,2,-1,2,3,0.660218,1.28067,1,-501.441,-501.441,24078,24078,344.99,344.99,9.28669e+11,0
evt_409,67,2,-1,2,3,-0.266766,1.15058,1,-183.152,-183.152,11551,11551,354.99,354.99,9.28669e+11,0
evt_409,73,3,-1,1,1,2.149,0.737606,1,-67.5948,-67.5948,2974,2974,214.99,214.99,9.28669e+11,0
evt_409,80,3,-1,1,2,-5.76946,2.32968,2,-18.479,-17.1569,537,475,99.99,94.99,9.28669e+11,0
evt_409,88,3,-1,1,3,-78.0512,32.1567,2,-44.2272,-29.3748,914,107,127.49,62.49,1.49602e+14,1.10382e+12
evt_409,89,3,-1,1,3,61.5958,2.53059,1,-36.676,-36.676,508,508,107.49,107.49,1.49602e+14,1.37929e+19
evt_410,36,1,-1,3,2,3.1578,0.955266,4,-224.557,-28.5586,11580,755,304.99,119.99,9.28687e+11,0
evt_410,37,1,-1,3,2,4.03722,1.73675,1,-957.667,-957.667,43105,43105,342.49,342.49,9.28687e+11,0
evt_410,41,1,-1,1,3,-0.858969,0.563756,1,-37.2853,-37.2853,1505,1505,169.99,169.99,9.28687e+11,0
evt_410,52,2,-1,3,1,1.59543,0.800459,1,-29.6871,-29.6871,383,383,84.99,84.99,9.28687e+11,0
evt_410,53,2,-1,3,1,0.701163,0.64729,1,-46.0953,-46.0953,561,561,87.49,87.49,9.28687e+11,0
evt_410,60,2,-1,3,2,-2.09675,0.871418,1,-119.98,-119.98,4630,4630,234.99,234.99,9.28687e+11,0
evt_410,61,2,-1,3,2,-0.69306,0.77208,2,-77.0472,-67.1384,4101,2321,249.99,184.99,9.28687e+11,0
evt_410,67,2,-1,2,3,2.41602,0.761541,1,-46.8519,-46.8519,2019,2019,194.99,194.99,9.28687e+11,0
evt_410,78,3,-1,4,1,8.26408,0.904062,4,-473.664,-20.7818,24534,542,512.49,107.49,9.28687e+11,0
evt_410,84,3,-1,3,2,-0.045766,0.652901,3,-992.303,-56.6433,52657,1944,392.49,167.49,9.28687e+11,0
evt_410,85,3,-1,3,2,1.24993,0.719564,1,-564.326,-564.326,23812,23812,304.99,304.99,9.28687e+11,0
evt_411,4,0,-1,3,1,14.6801,0.660969,2,-65.0796,-17.3852,2223,301,169.99,69.99,9.28814e+11,0
evt_411,5,0,-1,3,1,27.0216,0.855872,2,-30.8808,-30.2286,670,628,112.49,107.49,9.28814e+11,0
evt_411,24,1,-1,1,1,4.05268,1.01961,2,-93.1753,-17.1934,5524,354,287.49,72.49,9.28814e+11,0
evt_411,25,1,-1,1,1,0.0433294,0.815513,1,-43.3086,-43.3086,1703,1703,172.49,172.49,9.28814e+11,0
evt_411,50,2,-1,2,1,3.01036,0.922673,2,-69.8797,-45.7426,4126,1711,272.49,172.49,9.28814e+11,0
evt_411,51,2,-1,2,1,2.29346,0.793822,1,-190.398,-190.398,9547,9547,289.99,289.99,9.28814e+11,0
evt_411,82,3,-1,2,2,-8.95815,1.9635,4,-17.5737,-15.5655,1081,341,189.99,74.99,9.28814e+11,0
evt_411,92,3,-1,3,3,-1249.19,0.534314,5,-1249.89,-77.5076,36872,2126,252.49,154.99,0,4.58633e+18
evt_411,93,3,-1,3,3,-426.168,97.3267,3,-283.042,-20.3204,5589,379,172.49,89.99,0,4.55849e+18
evt_412,14,0,-1,4,2,-3.05696,1.23433,1,-1250.12,-1250.12,132823,132823,564.99,564.99,9.28823e+11,0
evt_412,15,0,-1,4,2,-2.35675,0.661319,3,-1100.4,-64.9366,122928,770,449.99,119.99,9.28823e+11,0
evt_412,38,1,-1,4,2,-0.0677428,1.0458,2,-108.539,-47.9215,4040,1545,219.99,152.49,9.28823e+11,0
evt_412,39,1,-1,4,2,1.11427,1.01846,1,-173.734,-173.734,6969,6969,254.99,254.99,9.28823e+11,0
evt_412,66,2,-1,2,3,0.0852334,0.560941,2,-1250.04,-242.169,65814,8631,362.49,224.99,9.28823e+11,0
evt_412,67,2,-1,2,3,0.321275,0.746397,3,-1250.3,-19.9369,75820,384,559.99,87.49,9.28823e+11,0
evt_412,72,3,-1,1,1,3.21985,1.1488,1,-17.9197,-17.9197,607,607,104.99,104.99,9.28823e+11,0
evt_412,86,3,-1,4,2,-0.742455,0.946862,3,-1250.31,-31.1481,115863,184,587.49,87.49,9.28823e+11,0
evt_412,87,3,-1,4,2,4.0535,0.845002,3,-1250.35,-123.331,185398,3068,924.99,137.49,9.28823e+11,0
evt_413,2,0,-1,2,1,0.190927,0.923108,1,-219.648,-219.648,11192,11192,324.99,324.99,9.28832e+11,0
evt_413,3,0,-1,2,1,-0.76549,0.912029,1,-65.6881,-65.6881,3082,3082,229.99,229.99,9.28832e+11,0
evt_413,18,0,-1,2,3,-1.34117,0.883086,2,-523.446,-320.821,22287,11278,307.49,249.99,9.28832e+11,0
evt_413,19,0,-1,2,3,0.056728,0.736687,2,-137.093,-42.3933,7403,1781,282.49,182.49,9.28832e+11,0
evt_413,36,1,-1,3,2,1.68198,0.737195,1,-784.612,-784.612,43821,43821,689.99,689.99,9.28832e+11,0
evt_413,37,1,-1,3,2,-2.60137,0.983555,1,-1250.92,-1250.92,79617,79617,402.49,402.49,9.28832e+11,0
evt_413,49,2,-1,1,1,-0.821391,0.736188,1,-77.5178,-77.5178,953,953,87.49,87.49,9.28832e+11,0
evt_413,50,2,-1,2,1,-0.770811,0.900211,3,-1250.39,-34.8174,79763,170,407.49,17.49,9.28832e+11,0
evt_413,51,2,-1,2,1,0.184841,0.739412,2,-1250.16,-65.1915,71225,2586,462.49,192.49,9.28832e+11,0
evt_413,71,2,-1,4,3,-0.818601,0.811867,1,-57.9499,-57.9499,2367,2367,202.49,202.49,9.28832e+11,0
evt_413,88,3,-1,1,3,0.346973,0.614789,1,-453.05,-453.05,17464,17464,282.49,282.49,1.49602e+14,1.10382e+12
evt_413,89,3,-1,1,3,-1.2608,0.897641,1,-204.004,-204.004,11485,11485,299.99,299.99,1.49602e+14,1.38389e+19
evt_414,4,0,-1,3,1,1.32668,0.660464,1,-49.6446,-49.6446,2006,2006,184.99,184.99,9.28845e+11,0
evt_414,10,0,-1,2,2,-3.69014,1.11127,1,-43.0812,-43.0812,1895,1895,189.99,189.99,9.28845e+11,0
evt_414,11,0,-1,2,2,-1.10348,0.830178,1,-34.5395,-34.5395,1348,1348,157.49,157.49,9.28845e+11,0
evt_414,26,1,-1,2,1,-1.68434,1.01102,1,-510.913,-510.913,26444,26444,439.99,439.99,9.28845e+11,0
evt_414,27,1,-1,2,1,1.34079,0.985876,1,-381.669,-381.669,21337,21337,527.49,527.49,9.28845e+11,0
evt_414,54,2,-1,4,1,-1.04067,0.753595,1,-120.78,-120.78,6126,6126,242.49,242.49,9.28845e+11,0
evt_414,55,2,-1,4,1,3.04349,0.772401,1,-597.269,-597.269,27378,27378,334.99,334.99,9.28845e+11,0
evt_414,56,2,-1,1,2,-21.056,0.9564,9,-22.3389,-15.1396,3243,316,497.49,57.49,9.28845e+11,0
evt_414,72,3,-1,1,1,-8.31144,1.48402,2,-77.0862,-15.8232,4132,966,259.99,174.99,9.28845e+11,0
evt_414,73,3,-1,1,1,1.21368,1.12883,2,-66.2979,-36.7144,3269,1262,242.49,152.49,9.28845e+11,0
evt_414,78,3,-1,4,1,-10.5461,1.63422,1,-16.1968,-16.1968,306,306,62.49,62.49,9.28845e+11,0
evt_415,5,0,-1,3,1,-1.69658,0.91508,1,-82.6573,-82.6573,3363,3363,217.49,217.49,9.2885e+11,0
evt_415,12,0,-1,3,2,1.54339,0.832205,1,-34.3131,-34.3131,1223,1223,154.99,154.99,9.2885e+11,0
evt_415,26,1,-1,2,1,4.72801,1.31242,3,-122.002,-22.1457,5158,670,239.99,114.99,9.2885e+11,0
evt_415,27,1,-1,2,1,3.44238,0.906853,1,-143.197,-143.197,6681,6681,259.99,259.99,9.2885e+11,0
evt_415,54,2,-1,4,1,1.31647,0.97458,1,-21.887,-21.887,153,153,64.99,64.99,9.2885e+11,0
evt_415,60,2,-1,3,2,3.7379,0.715365,1,-64.8346,-64.8346,2701,2701,204.99,204.99,9.2885e+11,0
evt_415,77,3,-1,3,1,-3.38237,6.00863,2,-49.6004,-46.321,1287,1143,142.49,137.49,9.2885e+11,0
evt_416,18,0,-1,2,3,5.17983,1.05001,1,-616.621,-616.621,33453,33453,432.49,432.49,9.28973e+11,0
evt_416,19,0,-1,2,3,0.021859,0.853594,2,-491.398,-88.9866,26251,3292,347.49,142.49,9.28973e+11,0
evt_416,42,1,-1,2,3,51.5936,1.34757,2,-72.9364,-27.7932,1604,315,137.49,99.99,9.28973e+11,0
evt_416,43,1,-1,2,3,30.683,1.10231,1,-61.261,-61.261,1301,1301,132.49,132.49,9.28973e+11,0
evt_416,52,2,-1,3,1,-2.47393,0.954184,1,-23.8441,-23.8441,220,220,74.99,74.99,9.28973e+11,0
evt_416,53,2,-1,3,1,1.80394,0.903278,1,-33.1723,-33.1723,277,277,82.49,82.49,9.28973e+11,0
evt_416,62,2,-1,4,2,1.13383,0.767034,1,-69.0495,-69.0495,2561,2561,187.49,187.49,9.28973e+11,0
evt_416,63,2,-1,4,2,-0.354779,1.0736,1,-113.081,-113.081,4657,4657,232.49,232.49,9.28973e+11,0
evt_416,72,3,-1,1,1,-10.1638,2.12935,5,-27.6423,-16.6195,11667,430,1509.99,79.99,9.28973e+11,0
evt_416,74,3,-1,2,1,0.829002,0.881948,2,-1250,-72.8884,67172,1858,434.99,152.49,9.28973e+11,0
evt_416,75,3,-1,2,1,-0.051903,0.545833,3,-928.685,-33.6639,53842,563,427.49,39.99,9.28973e+11,0
evt_417,4,0,-1,3,1,-0.634278,0.550016,1,-962.77,-962.77,48488,48488,477.49,477.49,9.28989e+11,0
evt_417,5,0,-1,3,1,-0.584789,0.878068,1,-1249.39,-1249.39,71237,71237,374.99,374.99,9.28989e+11,0
evt_417,26,1,-1,2,1,-1.74632,1.29344,2,-1251.03,-54.3295,72415,2865,372.49,259.99,9.28989e+11,0
evt_417,27,1,-1,2,1,0.665269,1.04533,1,-1149.21,-1149.21,83291,83291,512.49,512.49,9.28989e+11,0
evt_417,64,2,-1,1,3,1.21816,0.713854,1,-979.095,-979.095,45981,45981,374.99,374.99,9.28989e+11,0
evt_417,65,2,-1,1,3,2.55681,1.0082,2,-933.663,-43.465,44809,1236,444.99,144.99,9.28989e+11,0
evt_417,82,3,-1,2,2,-2.40715,2.22186,1,-926.32,-926.32,50021,50021,407.49,407.49,9.28989e+11,0
evt_417,83,3,-1,2,2,-0.486776,0.8705,1,-948.627,-948.627,51960,51960,419.99,419.99,9.28989e+11,0
evt_418,26,1,-1,2,1,-1.29098,1.20666,3,-1194.04,-38.0132,60294,929,369.99,127.49,9.28991e+11,0
evt_418,27,1,-1,2,1,0.813657,1.04576,1,-1113.29,-1113.29,65322,65322,564.99,564.99,9.28991e+11,0
evt_418,50,2,-1,2,1,0.970379,1.12986,2,-763.19,-26.3445,40187,768,359.99,119.99,9.28991e+11,0
evt_418,51,2,-1,2,1,2.02092,0.659528,1,-1005.05,-1005.05,48220,48220,359.99,359.99,9.28991e+11,0
evt_418,74,3,-1,2,1,-0.830084,1.04002,2,-381.174,-54.6752,19714,2044,329.99,179.99,9.28991e+11,0
evt_418,75,3,-1,2,1,0.0709452,0.852652,1,-213.957,-213.957,12625,12625,322.49,322.49,9.28991e+11,0
evt_418,76,3,-1,3,1,-6.26921,1.07022,1,-378.923,-378.923,27153,27153,437.49,437.49,9.28991e+11,0
evt_418,77,3,-1,3,1,-1.77757,0.94626,1,-785.372,-785.372,44366,44366,392.49,392.49,9.28991e+11,0
evt_418,78,3,-1,4,1,-3.69599,1.18836,1,-18.1089,-18.1089,1198,1198,199.99,199.99,9.28991e+11,0
evt_419,78,3,-1,4,1,-1.90787,0.758079,1,-330.353,-330.353,9320,9320,107.49,107.49,9.2903e+11,0
evt_419,79,3,-1,4,1,1.29316,0.690598,1,-253.835,-253.835,8532,8532,117.49,117.49,9.2903e+11,0
evt_419,82,3,-1,2,2,-10.5219,1.66796,3,-18.4489,-15.8206,707,374,129.99,74.99,9.2903e+11,0
evt_420,6,0,-1,4,1,1.59208,0.729432,1,-296.607,-296.607,15214,15214,307.49,307.49,9.29183e+11,0
evt_420,7,0,-1,4,1,-2.3968,1.08899,1,-90.4007,-90.4007,3948,3948,239.99,239.99,9.29183e+11,0
evt_420,12,0,-1,3,2,-1.49819,1.02686,1,-183.189,-183.189,9634,9634,329.99,329.99,9.29183e+11,0
evt_420,13,0,-1,3,2,-2.19361,0.696928,2,-223.832,-96.1892,10506,6116,337.49,297.49,9.29183e+11,0
evt_420,14,0,-1,4,2,3.22645,1.17326,4,-1250,-40.4383,94733,884,497.49,124.99,9.29183e+11,0
evt_420,15,0,-1,4,2,4.72461,0.908212,3,-785.483,-103.225,75736,3261,469.99,179.99,9.29183e+11,0
evt_420,16,0,-1,1,3,0.0976217,0.798141,2,-926.505,-658.937,49491,28274,427.49,294.99,9.29183e+11,0
evt_420,17,0,-1,1,3,-0.468554,0.826072,2,-1032.31,-73.3879,60778,2652,429.99,182.49,9.29183e+11,0
evt_420,22,0,-1,4,3,-1.763,1.20272,2,-71.9421,-26.1528,3424,809,239.99,122.49,9.29183e+11,0
evt_420,23,0,-1,4,3,-1.55551,0.842411,1,-126.956,-126.956,4986,4986,244.99,244.99,9.29183e+11,0
evt_420,26,1,-1,2,1,-2.71408,1.01947,2,-1251.19,-49.9804,80778,1536,427.49,154.99,9.29183e+11,0
evt_420,27,1,-1,2,1,1.86453,0.825561,2,-1118.93,-21.5025,79878,498,449.99,99.99,9.29183e+11,0
evt_420,28,1,-1,3,1,1.57731,1.01356,1,-1247.92,-1247.92,106673,106673,419.99,419.99,9.29183e+11,0
evt_420,29,1,-1,3,1,2.02471,1.25597,2,-1250.01,-34.921,105447,552,699.99,109.99,9.29183e+11,0
evt_420,30,1,-1,4,1,1.67393,1.17228,2,-1250.42,-232.11,462748,2298,1119.99,37.49,9.29183e+11,0
evt_420,31,1,-1,4,1,-1.06199,0.652853,3,-1250.12,-81.2418,349787,1110,992.49,44.99,9.29183e+11,0
evt_420,34,1,-1,2,2,0.408729,0.572032,1,-844.815,-844.815,38962,38962,384.99,384.99,9.29183e+11,0
evt_420,35,1,-1,2,2,-3.01406,0.832535,2,-931.119,-30.1569,46571,908,387.49,129.99,9.29183e+11,0
evt_420,36,1,-1,3,2,-1.08795,0.668088,2,-255.093,-46.5919,11167,1664,279.99,174.99,9.29183e+11,0
evt_420,37,1,-1,3,2,1.81484,1.00496,3,-473.703,-64.6977,21800,2502,354.99,189.99,9.29183e+11,0
evt_420,38,1,-1,4,2,0.702597,0.826884,2,-1250.62,-386.588,84229,12334,424.99,229.99,9.29183e+11,0
evt_420,39,1,-1,4,2,2.6765,0.97855,3,-1247.76,-18.9512,62992,393,444.99,84.99,9.29183e+11,0
evt_420,44,1,-1,3,3,1.51009,1.06557,1,-1250.85,-1250.85,100485,100485,562.49,562.49,9.29183e+11,0
evt_420,45,1,-1,3,3,-1.37803,1.06417,2,-1250.23,-24.635,81704,701,432.49,122.49,9.29183e+11,0
evt_420,46,1,-1,4,3,2.28668,1.11411,1,-1250.76,-1250.76,74670,74670,377.49,377.49,9.29183e+11,0
evt_420,47,1,-1,4,3,1.10915,0.974915,3,-1250.62,-36.6305,85188,971,387.49,134.99,9.29183e+11,0
evt_420,48,2,-1,1,1,1.5155,1.02755,1,-502.718,-502.718,21981,21981,314.99,314.99,9.29183e+11,0
evt_420,49,2,-1,1,1,0.800307,0.869676,1,-268.324,-268.324,13114,13114,402.49,402.49,9.29183e+11,0
evt_420,50,2,-1,2,1,-0.959939,0.948173,1,-1064.34,-1064.34,56209,56209,384.99,384.99,9.29183e+11,0
evt_420,51,2,-1,2,1,-0.104644,1.01655,2,-777.826,-25.3174,44638,766,427.49,119.99,9.29183e+11,0
evt_420,52,2,-1,3,1,-0.729942,0.86318,2,-1250.35,-20.1301,200601,312,767.49,52.49,9.29183e+11,0
evt_420,53,2,-1,3,1,-3.28646,1.15531,2,-1250.58,-208.391,160622,2069,539.99,127.49,9.29183e+11,0
evt_420,54,2,-1,4,1,2.04037,0.966464,2,-138.388,-57.5714,5044,1497,229.99,139.99,9.29183e+11,0
evt_420,55,2,-1,4,1,1.29943,0.565007,1,-457.455,-457.455,22532,22532,329.99,329.99,9.29183e+11,0
evt_420,56,2,-1,1,2,-2.93684,1.11564,1,-387.463,-387.463,20108,20108,334.99,334.99,9.29183e+11,0
evt_420,57,2,-1,1,2,-0.3122,1.23702,1,-186.82,-186.82,6715,6715,237.49,237.49,9.29183e+11,0
evt_420,58,2,-1,2,2,1.00413,0.703016,2,-338.136,-23.3457,19254,70,409.99,67.49,9.29183e+11,0
evt_420,59,2,-1,2,2,-1.34139,0.760629,1,-107.778,-107.778,5832,5832,279.99,279.99,9.29183e+11,0
evt_420,60,2,-1,3,2,-0.596575,0.796276,1,-170.618,-170.618,8141,8141,277.49,277.49,9.29183e+11,0
evt_420,61,2,-1,3,2,5.17219,0.764105,2,-199.318,-21.8476,10288,477,309.99,89.99,9.29183e+11,0
evt_420,62,2,-1,4,2,-0.594376,0.97482,1,-850.911,-850.911,40843,40843,344.99,344.99,9.29183e+11,0
evt_420,63,2,-1,4,2,2.10057,0.694092,2,-553.691,-27.3761,32344,743,382.49,117.49,9.29183e+11,0
evt_420,64,2,-1,1,3,-2.61113,0.870937,1,-154.483,-154.483,6534,6534,262.49,262.49,9.29183e+11,0
evt_420,65,2,-1,1,3,-1.21794,0.802636,3,-157.3,-23.1004,6320,602,244.99,97.49,9.29183e+11,0
evt_420,66,2,-1,2,3,0.787004,1.02128,1,-541.604,-541.604,25202,25202,324.99,324.99,9.29183e+11,0
evt_420,67,2,-1,2,3,0.815186,0.871336,1,-1086.37,-1086.37,60282,60282,424.99,424.99,9.29183e+11,0
evt_420,68,2,-1,3,3,-0.388158,0.793488,3,-930.554,-23.9682,44861,637,354.99,107.49,9.29183e+11,0
evt_420,69,2,-1,3,3,2.31667,0.873835,1,-279.956,-279.956,14050,14050,317.49,317.49,9.29183e+11,0
evt_420,72,3,-1,1,1,-2.44726,0.778127,3,-1250.5,-79.1861,110088,2768,472.49,184.99,9.29183e+11,0
evt_420,73,3,-1,1,1,-1.6074,1.26646,1,-1249.85,-1249.85,95245,95245,472.49,472.49,9.29183e+11,0
evt_420,74,3,-1,2,1,-1.5133,1.17006,1,-233.513,-233.513,11120,11120,292.49,292.49,9.29183e+11,0
evt_420,75,3,-1,2,1,0.776929,0.554571,1,-455.556,-455.556,23308,23308,347.49,347.49,9.29183e+11,0
evt_420,76,3,-1,3,1,4.08473,0.864489,1,-457.159,-457.159,24786,24786,342.49,342.49,9.29183e+11,0
evt_420,77,3,-1,3,1,-0.639653,0.915158,1,-1249.58,-1249.58,73781,73781,434.99,434.99,9.29183e+11,0
evt_420,78,3,-1,4,1,9.97918,1.10594,2,-707.868,-41.2131,40052,1763,354.99,182.49,9.29183e+11,0
evt_420,79,3,-1,4,1,0.650209,0.802807,1,-891.434,-891.434,45491,45491,374.99,374.99,9.29183e+11,0
evt_420,80,3,-1,1,2,4.03637,1.22734,2,-517.773,-30.2134,34450,1134,412.49,152.49,9.29183e+11,0
evt_420,81,3,-1,1,2,3.56436,1.06431,3,-463.63,-43.9541,21863,1891,319.99,184.99,9.29183e+11,0
evt_420,82,3,-1,2,2,4.81327,1.58584,1,-1250.27,-1250.27,79005,79005,709.99,709.99,9.29183e+11,0
evt_420,83,3,-1,2,2,1.61215,0.712033,2,-1162.97,-45.7892,55762,1448,374.99,152.49,9.29183e+11,0
evt_420,84,3,-1,3,2,1.39552,0.791401,1,-204.347,-204.347,11211,11211,349.99,349.99,9.29183e+11,0
evt_420,85,3,-1,3,2,-0.384287,0.823799,2,-51.8573,-18.9857,1719,432,167.49,87.49,9.29183e+11,0
evt_420,86,3,-1,4,2,20.5497,1.06347,2,-1250.65,-36.6386,79692,549,364.99,99.99,9.29183e+11,0
evt_420,87,3,-1,4,2,39.0441,1.56652,3,-1250.31,-15.7082,91301,150,432.49,59.99,9.29183e+11,0
evt_420,90,3,-1,2,3,5.8998,0.852855,1,-1250.35,-1250.35,63576,63576,394.99,394.99,1.49602e+14,4.56678e+18
evt_420,91,3,-1,2,3,7.42197,0.917258,2,-1250,-25.2724,75149,613,387.49,112.49,0,4.54741e+18
evt_420,92,3,-1,3,3,5.54079,0.66787,2,-1250.58,-55.9607,99630,1514,482.49,152.49,0,4.50719e+18
evt_420,93,3,-1,3,3,4.43325,0.664399,1,-311.902,-311.902,13716,13716,277.49,277.49,0,1.3757e+19
evt_420,94,3,-1,4,3,-1.52693,0.972262,1,-1250.68,-1250.68,89564,89564,499.99,499.99,4.38087e+11,1.36847e+19
evt_420,95,3,-1,4,3,0.341909,0.711328,2,-1244.36,-87.0054,69071,6696,384.99,332.49,4.38087e+11,4.5448e+18
evt_421,10,0,-1,2,2,0.118952,1.09971,1,-138.124,-138.124,6580,6580,272.49,272.49,9.29204e+11,0
evt_421,11,0,-1,2,2,-1.27358,0.594032,2,-127.337,-62.8304,7054,2697,304.99,209.99,9.29204e+11,0
evt_421,34,1,-1,2,2,1.20361,0.684622,1,-36.2181,-36.2181,1316,1316,157.49,157.49,9.29204e+11,0
evt_421,35,1,-1,2,2,-4.73149,0.983762,1,-100.993,-100.993,5769,5769,292.49,292.49,9.29204e+11,0
evt_421,50,2,-1,2,1,1.5503,0.75716,2,-1225.84,-24.3631,62249,711,434.99,122.49,9.29204e+11,0
evt_421,51,2,-1,2,1,-1.07525,1.21779,1,-959.034,-959.034,57864,57864,389.99,389.99,9.29204e+11,0
evt_421,56,2,-1,1,2,-0.820701,0.743958,1,-419.565,-419.565,20947,20947,314.99,314.99,9.29204e+11,0
evt_421,57,2,-1,1,2,0.207626,0.889605,2,-354.753,-25.5094,13408,285,279.99,82.49,9.29204e+11,0
evt_421,58,2,-1,2,2,-1.36419,0.7707,1,-129.93,-129.93,7090,7090,307.49,307.49,9.29204e+11,0
evt_421,59,2,-1,2,2,-0.146974,0.834473,1,-188.947,-188.947,8630,8630,282.49,282.49,9.29204e+11,0
evt_421,80,3,-1,1,2,7.38217,1.81985,1,-123.223,-123.223,6537,6537,292.49,292.49,9.29204e+11,0
evt_421,81,3,-1,1,2,-4.29793,0.767795,1,-101.844,-101.844,5171,5171,272.49,272.49,9.29204e+11,0
evt_421,93,3,-1,3,3,3.87634,0.79634,1,-23.3325,-23.3325,1387,1387,194.99,194.99,0,1.38396e+19
evt_422,12,0,-1,3,2,-9.83236,16.8408,2,-110.752,-48.4174,5275,1069,247.49,119.99,9.29233e+11,0
evt_422,13,0,-1,3,2,11.5618,3.20154,3,-27.2214,-21.4677,718,518,117.49,64.99,9.29233e+11,0
evt_422,37,1,-1,3,2,0.116603,0.99431,1,-49.7531,-49.7531,1836,1836,177.49,177.49,9.29233e+11,0
evt_422,60,2,-1,3,2,-3.32458,0.676738,1,-216.492,-216.492,9121,9121,279.99,279.99,9.29233e+11,0
evt_422,61,2,-1,3,2,2.31429,0.851217,1,-224.813,-224.813,11966,11966,354.99,354.99,9.29233e+11,0
evt_422,84,3,-1,3,2,-0.703324,0.881598,2,-1213.27,-21.9168,94242,1195,479.99,204.99,9.29233e+11,0
evt_422,85,3,-1,3,2,1.51886,0.686263,2,-1034.82,-21.7782,52466,627,349.99,112.49,9.29233e+11,0
evt_422,93,3,-1,3,3,-11.5997,1.00251,1,-19.1773,-19.1773,1616,1616,252.49,252.49,0,4.6203e+18
evt_423,20,0,-1,3,3,-0.643303,0.668985,1,-477.134,-477.134,22530,22530,319.99,319.99,9.29242e+11,0
evt_423,21,0,-1,3,3,0.22514,0.89216,1,-331.879,-331.879,16165,16165,312.49,312.49,9.29242e+11,0
evt_423,24,1,-1,1,1,1.16704,0.81996,3,-974.012,-16.2414,49545,192,377.49,62.49,9.29242e+11,0
evt_423,25,1,-1,1,1,-0.746126,1.09744,2,-1250.27,-16.1282,99807,188,819.99,69.99,9.29242e+11,0
evt_423,48,2,-1,1,1,3.75387,0.905519,3,-1250.65,-44.3039,114328,806,619.99,117.49,9.29242e+11,0
evt_423,49,2,-1,1,1,-1.3183,0.835866,3,-1088.7,-110.448,82507,3632,569.99,179.99,9.29242e+11,0
evt_423,72,3,-1,1,1,-18.4233,0.68451,6,-22.3447,-15.2125,2683,262,404.99,54.99,9.29242e+11,0
evt_423,76,3,-1,3,1,-7.09805,0.687729,1,-20.969,-20.969,691,691,114.99,114.99,9.29242e+11,0
evt_423,77,3,-1,3,1,-1.30702,0.822897,2,-209.5,-61.6487,12940,2532,327.49,194.99,9.29242e+11,0
evt_423,80,3,-1,1,2,-2.24355,0.951312,2,-1250.01,-22.9129,119474,366,454.99,89.99,9.29242e+11,0
evt_423,81,3,-1,1,2,-8.69755,0.907906,1,-1251.29,-1251.29,127890,127890,524.99,524.99,9.29242e+11,0
evt_423,93,3,-1,3,3,-4.27881,0.859103,1,-21.0447,-21.0447,1248,1248,192.49,192.49,0,1.38152e+19
evt_423,94,3,-1,4,3,15.6784,2.45266,4,-134.618,-17.728,5092,296,209.99,77.49,4.38087e+11,1.37682e+19
evt_423,95,3,-1,4,3,12.517,0.789224,2,-76.0994,-42.3214,2907,1403,192.49,154.99,4.38087e+11,1.36628e+19
evt_424,4,0,-1,3,1,-0.689349,0.813767,1,-88.2217,-88.2217,4936,4936,269.99,269.99,9.29392e+11,0
evt_424,5,0,-1,3,1,-0.508545,0.797236,1,-112.816,-112.816,5669,5669,262.49,262.49,9.29392e+11,0
evt_424,34,1,-1,2,2,-0.82935,0.533345,2,-1036.85,-20.1312,50262,417,467.49,92.49,9.29392e+11,0
evt_424,35,1,-1,2,2,0.61034,1.37618,2,-954.57,-56.6145,49638,2005,494.99,179.99,9.29392e+11,0
evt_424,70,2,-1,4,3,-79.5637,21.5474,1,-48.5127,-48.5127,889,889,107.49,107.49,9.29392e+11,0
evt_424,71,2,-1,4,3,-39.2915,8.6404,2,-70.8367,-26.5042,2859,441,204.99,79.99,9.29392e+11,0
evt_424,72,3,-1,1,1,-2.20746,0.925945,2,-1091.11,-23.6724,61461,696,387.49,114.99,9.29392e+11,0
evt_424,73,3,-1,1,1,1.13212,0.756202,3,-781.63,-36.3707,39339,1190,359.99,119.99,9.29392e+11,0
evt_424,84,3,-1,3,2,-263.987,14.8535,2,-235.316,-198.682,8003,6626,214.99,169.99,9.29392e+11,0
evt_424,85,3,-1,3,2,-124.076,18.3353,1,-88.2823,-88.2823,1720,1720,137.49,137.49,9.29392e+11,0
evt_425,54,2,-1,4,1,2.71832,0.817676,1,-19.766,-19.766,155,155,69.99,69.99,9.2943e+11,0
evt_425,55,2,-1,4,1,-3.25362,0.818958,1,-27.4879,-27.4879,440,440,84.99,84.99,9.2943e+11,0
evt_425,58,2,-1,2,2,2.69771,0.732896,1,-41.7828,-41.7828,371,371,79.99,79.99,9.2943e+11,0
evt_425,59,2,-1,2,2,1.82859,0.57687,1,-40.6582,-40.6582,314,314,74.99,74.99,9.2943e+11,0
evt_426,20,0,-1,3,3,0.884049,0.663073,1,-143.807,-143.807,7817,7817,282.49,282.49,9.2945e+11,0
evt_426,21,0,-1,3,3,2.03084,0.695234,1,-167.254,-167.254,8032,8032,287.49,287.49,9.2945e+11,0
evt_426,25,1,-1,1,1,0.72218,0.58761,1,-50.9004,-50.9004,2134,2134,192.49,192.49,9.2945e+11,0
evt_426,26,1,-1,2,1,-2.41439,1.19798,1,-459.593,-459.593,27342,27342,367.49,367.49,9.2945e+11,0
evt_426,27,1,-1,2,1,1.38216,0.877167,1,-230.429,-230.429,12047,12047,299.99,299.99,9.2945e+11,0
evt_426,68,2,-1,3,3,2.33058,0.841724,3,-1249.78,-22.0339,63956,538,457.49,99.99,9.2945e+11,0
evt_426,69,2,-1,3,3,2.95682,0.882067,3,-1249.92,-20.5469,62273,448,417.49,94.99,9.2945e+11,0
evt_426,80,3,-1,1,2,4.19215,0.767077,2,-45.3941,-24.3428,1555,718,164.99,122.49,9.2945e+11,0
evt_426,90,3,-1,2,3,-1.42767,1.11303,1,-228.932,-228.932,9548,9548,274.99,274.99,1.49602e+14,1.36987e+19
evt_426,91,3,-1,2,3,1.95542,0.563141,1,-242.095,-242.095,10492,10492,287.49,287.49,0,1.38275e+19
evt_427,0,0,-1,1,1,-0.0634229,0.771766,1,-197.487,-197.487,10874,10874,312.49,312.49,9.29459e+11,0
evt_427,1,0,-1,1,1,0.079876,0.855858,1,-448.883,-448.883,20862,20862,312.49,312.49,9.29459e+11,0
evt_427,24,1,-1,1,1,-3.99975,0.959437,2,-526.967,-23.5231,26970,753,339.99,114.99,9.29459e+11,0
evt_427,25,1,-1,1,1,2.12715,0.883042,2,-940.46,-652.392,42348,29600,342.49,329.99,9.29459e+11,0
evt_427,34,1,-1,2,2,-1.37401,0.835311,1,-597.417,-597.417,26959,26959,317.49,317.49,9.29459e+11,0
evt_427,35,1,-1,2,2,2.68277,1.11887,1,-281.442,-281.442,16277,16277,407.49,407.49,9.29459e+11,0
evt_427,72,3,-1,1,1,-14.7307,0.971962,4,-28.8166,-18.4923,14407,386,1839.99,62.49,9.29459e+11,0
evt_427,76,3,-1,3,1,-6.34336,0.839977,1,-19.0637,-19.0637,869,869,144.99,144.99,9.29459e+11,0
evt_427,86,3,-1,4,2,10.4371,1.06404,2,-43.8831,-30.762,987,698,112.49,74.99,9.29459e+11,0
evt_428,38,1,-1,4,2,2.33132,1.05011,1,-1060.97,-1060.97,46369,46369,344.99,344.99,9.29481e+11,0
evt_428,39,1,-1,4,2,3.94313,0.824486,2,-594.216,-17.2277,28252,339,344.99,72.49,9.29481e+11,0
evt_428,62,2,-1,4,2,-1.09709,0.735962,2,-253.802,-63.6756,13830,569,319.99,82.49,9.29481e+11,0
evt_428,63,2,-1,4,2,3.08633,0.890721,2,-86.4279,-37.1838,3672,726,222.49,142.49,9.29481e+11,0
evt_428,71,2,-1,4,3,4.0735,0.826443,1,-42.0871,-42.0871,1550,1550,167.49,167.49,9.29481e+11,0
evt_428,86,3,-1,4,2,1.20772,1.32325,1,-374.502,-374.502,16395,16395,307.49,307.49,9.29481e+11,0
evt_428,87,3,-1,4,2,1.23309,0.769851,1,-106.633,-106.633,10482,10482,592.49,592.49,9.29481e+11,0
evt_429,22,0,-1,4,3,3.46209,0.989453,2,-622.84,-31.7122,30251,832,357.49,124.99,9.29483e+11,0
evt_429,23,0,-1,4,3,2.51405,0.970226,1,-387.158,-387.158,15093,15093,284.99,284.99,9.29483e+11,0
evt_429,36,1,-1,3,2,2.00552,0.845385,1,-109.266,-109.266,4406,4406,232.49,232.49,9.29483e+11,0
evt_429,66,2,-1,2,3,2.61332,0.831447,1,-58.2173,-58.2173,2162,2162,184.99,184.99,9.29483e+11,0
evt_429,67,2,-1,2,3,-0.346558,0.902001,1,-168.166,-168.166,8637,8637,289.99,289.99,9.29483e+11,0
evt_429,72,3,-1,1,1,2.4939,1.01296,2,-434.553,-16.47,26007,433,409.99,79.99,9.29483e+11,0
evt_429,73,3,-1,1,1,-0.503082,1.08784,1,-185.517,-185.517,8498,8498,264.99,264.99,9.29483e+11,0
evt_430,14,0,-1,4,2,0.497696,0.995204,4,-1184.81,-24.5542,69726,540,382.49,104.99,9.29524e+11,0
evt_430,15,0,-1,4,2,-1.05148,0.786327,5,-934.681,-19.5943,68170,442,464.99,94.99,9.29524e+11,0
evt_430,36,1,-1,3,2,1.04819,0.921016,2,-1231.13,-27.258,111660,83,437.49,82.49,9.29524e+11,0
evt_430,37,1,-1,3,2,1.84783,0.949997,3,-1250.5,-20.93,131634,146,472.49,79.99,9.29524e+11,0
evt_430,54,2,-1,4,1,0.959852,0.933616,1,-55.2052,-55.2052,2062,2062,184.99,184.99,9.29524e+11,0
evt_430,55,2,-1,4,1,-3.02309,0.840241,1,-62.0306,-62.0306,2524,2524,207.49,207.49,9.29524e+11,0
evt_430,62,2,-1,4,2,5.52556,0.987079,1,-63.0965,-63.0965,424,424,72.49,72.49,9.29524e+11,0
evt_430,73,3,-1,1,1,2.1146,1.00866,1,-102.48,-102.48,5013,5013,254.99,254.99,9.29524e+11,0
evt_431,13,0,-1,3,2,-1.32012,0.814965,1,-39.6881,-39.6881,1626,1626,177.49,177.49,9.29571e+11,0
evt_431,37,1,-1,3,2,0.700581,0.870623,1,-58.4846,-58.4846,2227,2227,187.49,187.49,9.29571e+11,0
evt_431,40,1,-1,1,3,1.03852,1.33705,3,-62.0292,-31.83,2340,1140,187.49,149.99,9.29571e+11,0
evt_431,60,2,-1,3,2,3.99643,0.712417,1,-43.6226,-43.6226,1327,1327,147.49,147.49,9.29571e+11,0
evt_431,72,3,-1,1,1,-6.82116,1.17581,2,-18.4964,-16.6978,1264,489,207.49,94.99,9.29571e+11,0
evt_432,20,0,-1,3,3,-0.768565,0.725908,4,-1250.42,-18.4145,81791,286,394.99,27.49,9.29599e+11,0
evt_432,21,0,-1,3,3,-0.0976759,0.661815,2,-1249.82,-38.0839,68422,1084,374.99,137.49,9.29599e+11,0
evt_432,42,1,-1,2,3,-5.09498,1.50726,1,-178.808,-178.808,8277,8277,294.99,294.99,9.29599e+11,0
evt_432,43,1,-1,2,3,-1.28253,0.729559,1,-109.724,-109.724,4119,4119,222.49,222.49,9.29599e+11,0
evt_432,52,2,-1,3,1,0.695713,1.12488,1,-24.7916,-24.7916,129,129,62.49,62.49,9.29599e+11,0
evt_432,53,2,-1,3,1,-0.156364,0.904059,1,-39.9298,-39.9298,330,330,77.49,77.49,9.29599e+11,0
evt_432,70,2,-1,4,3,-1.27087,0.858966,2,-1250.08,-36.1064,81336,852,384.99,119.99,9.29599e+11,0
evt_432,71,2,-1,4,3,2.91661,0.966617,2,-1250.19,-60.3499,101746,2191,404.99,227.49,9.29599e+11,0
evt_432,72,3,-1,1,1,-15.6525,1.68521,8,-21.4593,-15.4784,1954,184,299.99,29.99,9.29599e+11,0
evt_432,82,3,-1,2,2,-3.31772,1.60738,1,-259.29,-259.29,11168,11168,299.99,299.99,9.29599e+11,0
evt_432,83,3,-1,2,2,-1.5445,0.785142,1,-174.916,-174.916,7617,7617,264.99,264.99,9.29599e+11,0
evt_433,13,0,-1,3,2,7.6218,0.953053,1,-36.1802,-36.1802,1278,1278,154.99,154.99,9.29632e+11,0
evt_433,37,1,-1,3,2,2.46685,0.937638,1,-55.6226,-55.6226,2112,2112,184.99,184.99,9.29632e+11,0
evt_433,44,1,-1,3,3,0.822072,0.791368,2,-1250.27,-100.728,92448,4170,419.99,222.49,9.29632e+11,0
evt_433,45,1,-1,3,3,0.878847,0.82585,1,-1250.04,-1250.04,81591,81591,424.99,424.99,9.29632e+11,0
evt_433,47,1,-1,4,3,0.846644,1.63747,1,-62.6444,-62.6444,2261,2261,182.49,182.49,9.29632e+11,0
evt_433,52,2,-1,3,1,-2.29961,0.74018,1,-114.785,-114.785,7368,7368,334.99,334.99,9.29632e+11,0
evt_433,53,2,-1,3,1,1.78619,0.89794,1,-171.677,-171.677,9514,9514,332.49,332.49,9.29632e+11,0
evt_433,58,2,-1,2,2,2.22013,0.851438,1,-19.7415,-19.7415,157,157,74.99,74.99,9.29632e+11,0
evt_433,59,2,-1,2,2,0.660503,0.877579,1,-23.3748,-23.3748,283,283,82.49,82.49,9.29632e+11,0
evt_433,61,2,-1,3,2,0.633581,0.526893,1,-55.509,-55.509,1947,1947,177.49,177.49,9.29632e+11,0
evt_433,66,2,-1,2,3,-0.203807,0.779544,1,-260.348,-260.348,11871,11871,287.49,287.49,9.29632e+11,0
evt_433,67,2,-1,2,3,1.15652,1.06683,1,-382.586,-382.586,19120,19120,337.49,337.49,9.29632e+11,0
evt_434,5,0,-1,3,1,-0.223308,0.83603,1,-40.2598,-40.2598,1609,1609,167.49,167.49,9.29754e+11,0
evt_434,6,0,-1,4,1,2.15864,0.804805,1,-42.6263,-42.6263,1695,1695,179.99,179.99,9.29754e+11,0
evt_434,7,0,-1,4,1,1.10486,0.842397,1,-30.1151,-30.1151,1031,1031,137.49,137.49,9.29754e+11,0
evt_434,43,1,-1,2,3,1.74397,0.836885,1,-31.0343,-31.0343,883,883,132.49,132.49,9.29754e+11,0
evt_434,52,2,-1,3,1,0.361303,1.1626,3,-1250.16,-21.004,133418,94,849.99,82.49,9.29754e+11,0
evt_434,53,2,-1,3,1,0.113818,1.06951,2,-1250.23,-46.8553,93301,861,402.49,119.99,9.29754e+11,0
evt_434,72,3,-1,1,1,-3.44457,0.839231,1,-16.0494,-16.0494,402,402,82.49,82.49,9.29754e+11,0
evt_434,76,3,-1,3,1,0.88833,1.00143,1,-829.493,-829.493,48549,48549,427.49,427.49,9.29754e+11,0
evt_434,77,3,-1,3,1,-0.391557,0.711354,4,-1250.16,-51.3544,82758,1524,392.49,152.49,9.29754e+11,0
evt_434,93,3,-1,3,3,-13.2351,0.766986,1,-15.9744,-15.9744,360,360,67.49,67.49,0,4.61481e+18
evt_435,5,0,-1,3,1,0.448344,0.82464,1,-93.5957,-93.5957,3726,3726,219.99,219.99,9.29766e+11,0
evt_435,20,0,-1,3,3,0.326693,0.577661,1,-99.0186,-99.0186,4554,4554,239.99,239.99,9.29766e+11,0
evt_435,44,1,-1,3,3,4.58488,0.859118,1,-125.282,-125.282,4608,4608,227.49,227.49,9.29766e+11,0
evt_435,45,1,-1,3,3,0.53649,1.1535,2,-106.521,-56.2401,6174,2071,272.49,179.99,9.29766e+11,0
evt_435,52,2,-1,3,1,-2.11131,0.958574,1,-24.4329,-24.4329,287,287,69.99,69.99,9.29766e+11,0
evt_435,53,2,-1,3,1,0.210432,0.734006,1,-29.3392,-29.3392,333,333,72.49,72.49,9.29766e+11,0
evt_435,72,3,-1,1,1,-5.9221,0.916821,1,-16.8135,-16.8135,498,498,92.49,92.49,9.29766e+11,0
evt_435,92,3,-1,3,3,3.84605,2.53694,1,-70.6045,-70.6045,1963,1963,157.49,157.49,0,1.3803e+19
evt_436,5,0,-1,3,1,0.235964,0.837154,1,-25.5057,-25.5057,809,809,124.99,124.99,9.29779e+11,0
evt_436,12,0,-1,3,2,0.78024,1.01005,1,-105.495,-105.495,5026,5026,277.49,277.49,9.29779e+11,0
evt_436,13,0,-1,3,2,1.36145,0.743893,1,-137.554,-137.554,5991,5991,249.99,249.99,9.29779e+11,0
evt_436,18,0,-1,2,3,-1.51051,0.687338,1,-219.295,-219.295,8883,8883,264.99,264.99,9.29779e+11,0
evt_436,24,1,-1,1,1,5.70677,1.59975,1,-196.877,-196.877,7795,7795,254.99,254.99,9.29779e+11,0
evt_436,25,1,-1,1,1,0.259356,0.879307,1,-285.142,-285.142,18245,18245,347.49,347.49,9.29779e+11,0
evt_436,40,1,-1,1,3,2.7893,1.40758,1,-62.9447,-62.9447,4352,4352,307.49,307.49,9.29779e+11,0
evt_436,41,1,-1,1,3,-0.757753,0.683994,1,-119.667,-119.667,5302,5302,249.99,249.99,9.29779e+11,0
evt_436,53,2,-1,3,1,-2.80947,0.91637,1,-48.4568,-48.4568,2067,2067,189.99,189.99,9.29779e+11,0
evt_436,58,2,-1,2,2,-2.37889,0.832602,1,-591.966,-591.966,30286,30286,367.49,367.49,9.29779e+11,0
evt_436,59,2,-1,2,2,-2.6077,0.882111,1,-473.44,-473.44,24366,24366,349.99,349.99,9.29779e+11,0
evt_436,60,2,-1,3,2,-3.67719,0.534996,1,-35.571,-35.571,459,459,84.99,84.99,9.29779e+11,0
evt_436,61,2,-1,3,2,0.671551,0.778649,1,-53.8752,-53.8752,663,663,89.99,89.99,9.29779e+11,0
evt_436,72,3,-1,1,1,-20.323,0.863468,4,-28.1716,-21.0761,8295,1804,1039.99,279.99,9.29779e+11,0
evt_436,82,3,-1,2,2,-7.04738,1.44958,1,-15.8249,-15.8249,241,241,42.49,42.49,9.29779e+11,0
evt_436,83,3,-1,2,2,1.94161,1.07904,1,-31.2604,-31.2604,1005,1005,139.99,139.99,9.29779e+11,0
evt_437,24,1,-1,1,1,43.5811,1.56677,1,-42.9697,-42.9697,830,830,117.49,117.49,9.2983e+11,0
evt_437,72,3,-1,1,1,-12.0852,0.704811,7,-21.3492,-15.7843,1137,310,179.99,62.49,9.2983e+11,0
evt_438,10,0,-1,2,2,0.933238,0.848143,2,-874.817,-19.2521,83280,174,442.49,77.49,9.29871e+11,0
evt_438,11,0,-1,2,2,1.13112,0.883706,3,-696.355,-19.5202,73466,122,412.49,77.49,9.29871e+11,0
evt_438,26,1,-1,2,1,1.91304,1.00139,3,-1010.5,-24.4766,55455,571,377.49,104.99,9.29871e+11,0
evt_438,27,1,-1,2,1,1.50698,0.888035,2,-860.946,-43.4611,51167,1554,397.49,164.99,9.29871e+11,0
evt_438,46,1,-1,4,3,1.48691,1.20342,1,-1174.18,-1174.18,54742,54742,189.99,189.99,9.29871e+11,0
evt_438,47,1,-1,4,3,0.111976,0.867057,1,-1249.78,-1249.78,57801,57801,194.99,194.99,9.29871e+11,0
evt_438,58,2,-1,2,2,-0.246596,0.75671,1,-265.54,-265.54,13028,13028,319.99,319.99,9.29871e+11,0
evt_438,59,2,-1,2,2,-1.26749,0.818456,1,-76.2115,-76.2115,3571,3571,239.99,239.99,9.29871e+11,0
evt_438,72,3,-1,1,1,-11.2766,0.884135,5,-26.0386,-16.8127,4997,854,757.49,149.99,9.29871e+11,0
evt_438,78,3,-1,4,1,-9.24035,1.39749,5,-31.8718,-16.5463,6246,704,829.99,129.99,9.29871e+11,0
evt_438,80,3,-1,1,2,-2.28018,2.29391,1,-266.134,-266.134,11237,11237,154.99,154.99,9.29871e+11,0
evt_438,81,3,-1,1,2,3.66511,1.57479,1,-136.252,-136.252,5692,5692,159.99,159.99,9.29871e+11,0
evt_439,2,0,-1,2,1,33.9089,0.973419,1,-23.3721,-23.3721,343,343,89.99,89.99,9.29876e+11,0
evt_439,22,0,-1,4,3,0.357462,0.993386,1,-1250.2,-1250.2,67469,67469,432.49,432.49,9.29876e+11,0
evt_439,23,0,-1,4,3,2.50318,0.702983,1,-567.683,-567.683,28204,28204,332.49,332.49,9.29876e+11,0
evt_439,36,1,-1,3,2,1.14977,0.893731,1,-46.0927,-46.0927,1550,1550,159.99,159.99,9.29876e+11,0
evt_439,46,1,-1,4,3,-0.574602,1.07023,1,-207.363,-207.363,8544,8544,259.99,259.99,9.29876e+11,0
evt_439,47,1,-1,4,3,2.21642,1.16177,1,-215.749,-215.749,9057,9057,264.99,264.99,9.29876e+11,0
evt_439,60,2,-1,3,2,2.57713,0.673024,1,-25.4283,-25.4283,220,220,74.99,74.99,9.29876e+11,0
evt_439,70,2,-1,4,3,0.642358,0.895539,1,-205.268,-205.268,7469,7469,244.99,244.99,9.29876e+11,0
evt_439,71,2,-1,4,3,-3.01911,0.585236,1,-346.555,-346.555,18741,18741,337.49,337.49,9.29876e+11,0
evt_440,3,0,-1,2,1,-3.64098,1.70876,1,-53.3406,-53.3406,2434,2434,212.49,212.49,9.2988e+11,0
evt_440,40,1,-1,1,3,-0.0526323,0.779983,2,-182.807,-44.9869,7051,1666,244.99,167.49,9.2988e+11,0
evt_440,41,1,-1,1,3,0.0429472,0.875197,1,-155.094,-155.094,6943,6943,262.49,262.49,9.2988e+11,0
evt_440,42,1,-1,2,3,0.335553,1.02943,1,-50.0133,-50.0133,1777,1777,129.99,129.99,9.2988e+11,0
evt_440,58,2,-1,2,2,3.0684,0.671828,1,-425.398,-425.398,21932,21932,359.99,359.99,9.2988e+11,0
evt_440,59,2,-1,2,2,0.0908484,0.777067,2,-266.262,-58.7522,12709,2491,307.49,202.49,9.2988e+11,0
evt_440,62,2,-1,4,2,1.44873,0.756203,1,-40.3861,-40.3861,251,251,69.99,69.99,9.2988e+11,0
evt_440,80,3,-1,1,2,1.47959,3.34285,2,-33.6455,-29.176,889,882,132.49,132.49,9.2988e+11,0
evt_440,81,3,-1,1,2,8.32002,2.44422,1,-27.9494,-27.9494,795,795,109.99,109.99,9.2988e+11,0
evt_441,4,0,-1,3,1,-0.551842,1.08814,2,-1250.27,-23.1773,80147,1100,407.49,192.49,9.29886e+11,0
evt_441,5,0,-1,3,1,-0.163087,1.00538,1,-1250.12,-1250.12,93973,93973,639.99,639.99,9.29886e+11,0
evt_441,18,0,-1,2,3,-1.40212,1.06449,2,-1250.31,-58.557,124702,589,439.99,109.99,9.29886e+11,0
evt_441,19,0,-1,2,3,-1.39149,0.706509,4,-833.031,-15.0968,86911,47,429.99,57.49,9.29886e+11,0
evt_441,38,1,-1,4,2,-2.59693,1.08724,1,-160.468,-160.468,9522,9522,332.49,332.49,9.29886e+11,0
evt_441,39,1,-1,4,2,-0.882724,1.09883,1,-169.688,-169.688,7182,7182,257.49,257.49,9.29886e+11,0
evt_441,58,2,-1,2,2,0.644605,0.594113,1,-116.963,-116.963,5068,5068,239.99,239.99,9.29886e+11,0
evt_441,60,2,-1,3,2,-1.04899,0.840866,1,-113.33,-113.33,5725,5725,282.49,282.49,9.29886e+11,0
evt_441,61,2,-1,3,2,0.261108,0.734172,1,-45.4847,-45.4847,2250,2250,257.49,257.49,9.29886e+11,0
evt_441,64,2,-1,1,3,14.925,0.616383,1,-17.9945,-17.9945,260,260,72.49,72.49,9.29886e+11,0
evt_441,80,3,-1,1,2,13.8288,0.805058,1,-155.334,-155.334,9226,9226,302.49,302.49,9.29886e+11,0
evt_441,81,3,-1,1,2,-8.24559,0.789802,1,-97.3613,-97.3613,4862,4862,262.49,262.49,9.29886e+11,0
evt_442,6,0,-1,4,1,2.75652,1.04689,1,-478.435,-478.435,30706,30706,377.49,377.49,9.29918e+11,0
evt_442,7,0,-1,4,1,0.841611,1.17766,1,-267.401,-267.401,12195,12195,302.49,302.49,9.29918e+11,0
evt_442,34,1,-1,2,2,7.98268,0.626398,1,-26.8407,-26.8407,818,818,124.99,124.99,9.29918e+11,0
evt_442,42,1,-1,2,3,-2.63858,1.23011,3,-1250.35,-25.9563,84208,598,402.49,104.99,9.29918e+11,0
evt_442,43,1,-1,2,3,-2.28587,0.72487,2,-1250.31,-18.3373,74849,328,389.99,82.49,9.29918e+11,0
evt_442,48,2,-1,1,1,6.17872,1.01501,2,-543.442,-56.2029,21686,1151,282.49,132.49,9.29918e+11,0
evt_442,49,2,-1,1,1,8.99401,1.63627,2,-205.871,-88.6031,8096,2916,232.49,177.49,9.29918e+11,0
evt_442,60,2,-1,3,2,-2.87975,0.867868,2,-1249.73,-98.0571,56927,3332,364.99,189.99,9.29918e+11,0
evt_442,61,2,-1,3,2,-0.0869327,0.770956,1,-1250.57,-1250.57,72535,72535,452.49,452.49,9.29918e+11,0
evt_442,72,3,-1,1,1,-13.2656,1.25019,4,-28.6751,-23.7547,8949,1446,1154.99,202.49,9.29918e+11,0
evt_442,80,3,-1,1,2,-6.97642,1.33817,2,-1250.27,-23.0931,138579,348,502.49,109.99,9.29918e+11,0
evt_442,81,3,-1,1,2,-1.88808,1.12714,3,-1250.39,-16.0967,128873,3,504.99,54.99,9.29918e+11,0
evt_443,60,2,-1,3,2,-2.38015,1.25676,2,-1250.16,-28.4512,84952,566,427.49,102.49,9.30168e+11,0
evt_443,61,2,-1,3,2,-0.934134,0.684413,2,-1250.31,-90.0893,78348,2501,392.49,114.99,9.30168e+11,0
evt_443,68,2,-1,3,3,-1.30406,0.690498,1,-1249.97,-1249.97,120776,120776,962.49,962.49,9.30168e+11,0
evt_443,69,2,-1,3,3,-0.565362,0.947511,1,-1250.08,-1250.08,87605,87605,404.99,404.99,9.30168e+11,0
evt_443,70,2,-1,4,3,-2.62759,0.893601,1,-122.404,-122.404,4739,4739,234.99,234.99,9.30168e+11,0
evt_443,71,2,-1,4,3,-1.11455,0.800503,2,-75.5262,-47.9635,3351,2294,229.99,204.99,9.30168e+11,0
evt_443,78,3,-1,4,1,-12.3915,1.77261,5,-22.8021,-16.3195,1469,418,244.99,82.49,9.30168e+11,0
evt_443,90,3,-1,2,3,3.37666,0.828303,2,-497.378,-32.5899,21482,1015,347.49,134.99,1.49602e+14,1.37764e+19
evt_443,91,3,-1,2,3,0.973237,0.740846,1,-684.914,-684.914,29765,29765,329.99,329.99,0,1.38015e+19
evt_444,4,0,-1,3,1,-0.0580673,0.795399,1,-19.0235,-19.0235,562,562,104.99,104.99,9.30169e+11,0
evt_444,5,0,-1,3,1,-0.217696,0.856831,1,-39.2322,-39.2322,1546,1546,169.99,169.99,9.30169e+11,0
evt_444,10,0,-1,2,2,-0.361988,0.994282,1,-590.861,-590.861,41183,41183,404.99,404.99,9.30169e+11,0
evt_444,11,0,-1,2,2,1.11591,1.04784,1,-730.131,-730.131,61993,61993,514.99,514.99,9.30169e+11,0
evt_444,28,1,-1,3,1,-1.31852,0.715224,1,-355.325,-355.325,17925,17925,332.49,332.49,9.30169e+11,0
evt_444,29,1,-1,3,1,-3.39286,0.924551,1,-85.5856,-85.5856,4454,4454,254.99,254.99,9.30169e+11,0
evt_444,56,2,-1,1,2,3.10405,1.01372,1,-1250.65,-1250.65,125606,125606,457.49,457.49,9.30169e+11,0
evt_444,57,2,-1,1,2,0.503107,0.910757,2,-1250.65,-22.8343,85464,320,374.99,89.99,9.30169e+11,0
evt_444,59,2,-1,2,2,3.45033,0.768079,1,-494.567,-494.567,22719,22719,354.99,354.99,9.30169e+11,0
evt_444,78,3,-1,4,1,-2.53808,1.59082,1,-40.7931,-40.7931,1987,1987,202.49,202.49,9.30169e+11,0
evt_444,82,3,-1,2,2,-3.12717,1.68145,1,-46.7335,-46.7335,2148,2148,219.99,219.99,9.30169e+11,0
evt_445,4,0,-1,3,1,-0.266568,0.831939,1,-24.399,-24.399,929,929,142.49,142.49,9.30186e+11,0
evt_445,5,0,-1,3,1,1.00695,0.981755,1,-119.266,-119.266,5282,5282,242.49,242.49,9.30186e+11,0
evt_445,20,0,-1,3,3,0.316082,0.718886,1,-20.5492,-20.5492,615,615,107.49,107.49,9.30186e+11,0
evt_445,26,1,-1,2,1,-4.37764,1.41661,1,-360.585,-360.585,21768,21768,369.99,369.99,9.30186e+11,0
evt_445,27,1,-1,2,1,1.27051,0.771403,1,-464.323,-464.323,24473,24473,349.99,349.99,9.30186e+11,0
evt_445,58,2,-1,2,2,0.048725,1.22874,1,-261.993,-261.993,11361,11361,282.49,282.49,9.30186e+11,0
evt_445,59,2,-1,2,2,0.670059,0.965203,1,-99.5806,-99.5806,4629,4629,249.99,249.99,9.30186e+11,0
evt_445,71,2,-1,4,3,28.8859,0.87552,1,-15.9357,-15.9357,118,118,62.49,62.49,9.30186e+11,0
evt_445,72,3,-1,1,1,0.830525,1.26886,1,-82.8827,-82.8827,4899,4899,294.99,294.99,9.30186e+11,0
evt_445,73,3,-1,1,1,-3.49012,0.949336,1,-40.6332,-40.6332,1583,1583,167.49,167.49,9.30186e+11,0
evt_445,93,3,-1,3,3,-6.39811,1.55509,6,-22.4948,-15.5183,3086,337,449.99,67.49,0,4.61619e+18
evt_446,8,0,-1,1,2,-0.887878,0.627503,3,-1170.55,-15.3642,61504,174,492.49,62.49,9.30206e+11,0
evt_446,9,0,-1,1,2,-0.827961,0.525163,2,-300.767,-34.6923,13359,860,344.99,117.49,9.30206e+11,0
evt_446,26,1,-1,2,1,-2.13276,0.889185,3,-1251.19,-26.1914,115387,364,487.49,94.99,9.30206e+11,0
evt_446,27,1,-1,2,1,0.897126,1.04906,3,-1250.01,-93.6714,104576,2466,609.99,164.99,9.30206e+11,0
evt_446,59,2,-1,2,2,1.53123,0.9392,1,-25.4771,-25.4771,70,70,57.49,57.49,9.30206e+11,0
evt_446,62,2,-1,4,2,2.6752,1.16342,1,-42.0086,-42.0086,349,349,74.99,74.99,9.30206e+11,0
evt_446,63,2,-1,4,2,4.0015,0.733653,1,-42.6188,-42.6188,1482,1482,154.99,154.99,9.30206e+11,0
evt_446,76,3,-1,3,1,10.3052,1.01723,2,-1250.27,-21.0454,85549,525,459.99,104.99,9.30206e+11,0
evt_446,77,3,-1,3,1,0.248725,0.821314,3,-1250.61,-27.2221,97574,553,437.49,107.49,9.30206e+11,0
evt_447,49,2,-1,1,1,-0.275659,0.522419,1,-59.7751,-59.7751,480,480,72.49,72.49,9.3023e+11,0
evt_447,56,2,-1,1,2,-7.24269,1.01875,1,-1249.66,-1249.66,25858,25858,79.99,79.99,9.3023e+11,0
evt_447,57,2,-1,1,2,2.61231,0.7356,1,-1250.12,-1250.12,22503,22503,77.49,77.49,9.3023e+11,0
evt_447,64,2,-1,1,3,5.29532,1.02973,1,-31.6426,-31.6426,358,358,34.99,34.99,9.3023e+11,0
evt_447,78,3,-1,4,1,3.92166,0.739363,1,-34.3124,-34.3124,1778,1778,202.49,202.49,9.3023e+11,0
evt_448,30,1,-1,4,1,-3.30287,0.85859,1,-83.7996,-83.7996,2928,2928,189.99,189.99,9.30267e+11,0
evt_448,46,1,-1,4,3,1.60785,1.15144,1,-882.861,-882.861,46995,46995,359.99,359.99,9.30267e+11,0
evt_448,47,1,-1,4,3,3.07205,0.870506,2,-713.13,-46.3537,32710,1770,332.49,172.49,9.30267e+11,0
evt_448,66,2,-1,2,3,0.656368,0.951216,1,-207.323,-207.323,8789,8789,269.99,269.99,9.30267e+11,0
evt_448,67,2,-1,2,3,-3.50253,0.60559,1,-170.077,-170.077,9161,9161,314.99,314.99,9.30267e+11,0
evt_448,71,2,-1,4,3,3.06421,0.951061,1,-44.4537,-44.4537,1634,1634,167.49,167.49,9.30267e+11,0
evt_448,95,3,-1,4,3,0.650651,0.816729,1,-93.708,-93.708,3993,3993,224.99,224.99,4.38087e+11,4.64025e+18
evt_449,5,0,-1,3,1,17.9017,0.846509,3,-73.9707,-21.464,2539,471,174.99,97.49,9.30295e+11,0
evt_449,14,0,-1,4,2,0.580132,0.902177,2,-127.869,-34.7266,7483,1279,359.99,159.99,9.30295e+11,0
evt_449,15,0,-1,4,2,-0.766699,0.858906,2,-92.7205,-56.461,4239,3746,314.99,234.99,9.30295e+11,0
evt_449,34,1,-1,2,2,2.59748,0.900348,1,-183.42,-183.42,7423,7423,252.49,252.49,9.30295e+11,0
evt_449,35,1,-1,2,2,-3.76539,0.695561,1,-107.016,-107.016,5627,5627,274.99,274.99,9.30295e+11,0
evt_449,70,2,-1,4,3,-1.63536,0.777174,1,-1086.9,-1086.9,49472,49472,357.49,357.49,9.30295e+11,0
evt_449,71,2,-1,4,3,1.69755,0.680833,3,-1250.19,-30.842,85811,836,472.49,129.99,9.30295e+11,0
evt_449,84,3,-1,3,2,3.13522,0.662588,2,-1246.35,-55.1724,120454,1016,609.99,132.49,9.30295e+11,0
evt_449,85,3,-1,3,2,-4.60645,0.958073,3,-1252.81,-31.6837,97822,571,384.99,54.99,9.30295e+11,0
evt_450,4,0,-1,3,1,-0.570898,0.627312,1,-109.799,-109.799,6126,6126,309.99,309.99,9.30306e+11,0
evt_450,5,0,-1,3,1,-0.623232,0.791693,1,-81.2455,-81.2455,3109,3109,202.49,202.49,9.30306e+11,0
evt_450,6,0,-1,4,1,-0.10399,1.16084,1,-281.22,-281.22,12291,12291,287.49,287.49,9.30306e+11,0
evt_450,7,0,-1,4,1,-2.33465,0.763101,1,-74.9156,-74.9156,3039,3039,209.99,209.99,9.30306e+11,0
evt_450,12,0,-1,3,2,-4.76888,0.854291,2,-1250.27,-219.485,138290,6759,582.49,217.49,9.30306e+11,0
evt_450,13,0,-1,3,2,-1.14383,0.841416,1,-1250.23,-1250.23,210035,210035,1059.99,1059.99,9.30306e+11,0
evt_450,18,0,-1,2,3,-2.30196,1.34002,2,-506.025,-27.522,28453,781,477.49,114.99,9.30306e+11,0
evt_450,19,0,-1,2,3,-0.718433,0.849371,1,-291.386,-291.386,15677,15677,334.99,334.99,9.30306e+11,0
evt_450,20,0,-1,3,3,-0.248499,0.621466,1,-1250.46,-1250.46,336252,336252,967.49,967.49,9.30306e+11,0
evt_450,21,0,-1,3,3,-1.74488,0.907888,2,-1250.65,-348.982,312213,6294,1084.99,64.99,9.30306e+11,0
evt_450,28,1,-1,3,1,1.58211,1.09842,1,-315.833,-315.833,18482,18482,342.49,342.49,9.30306e+11,0
evt_450,29,1,-1,3,1,2.22743,1.11715,1,-461.766,-461.766,20348,20348,302.49,302.49,9.30306e+11,0
evt_450,30,1,-1,4,1,2.48887,0.913401,1,-297.489,-297.489,13421,13421,282.49,282.49,9.30306e+11,0
evt_450,31,1,-1,4,1,0.12612,0.936197,1,-213.656,-213.656,8988,8988,267.49,267.49,9.30306e+11,0
evt_450,40,1,-1,1,3,1.89384,1.13415,1,-228.261,-228.261,9122,9122,264.99,264.99,9.30306e+11,0
evt_450,41,1,-1,1,3,0.379773,0.702838,1,-132.713,-132.713,7088,7088,307.49,307.49,9.30306e+11,0
evt_450,49,2,-1,1,1,-0.400525,0.651236,1,-15.5911,-15.5911,106,106,59.99,59.99,9.30306e+11,0
evt_450,52,2,-1,3,1,-3.94814,0.93576,1,-46.1328,-46.1328,1710,1710,169.99,169.99,9.30306e+11,0
evt_450,53,2,-1,3,1,-1.49042,0.809236,1,-297.301,-297.301,15042,15042,309.99,309.99,9.30306e+11,0
evt_450,56,2,-1,1,2,1.865,1.36175,1,-27.1787,-27.1787,251,251,77.49,77.49,9.30306e+11,0
evt_450,57,2,-1,1,2,-0.362602,0.818847,1,-73.9154,-73.9154,730,730,79.99,79.99,9.30306e+11,0
evt_450,76,3,-1,3,1,2.80913,1.79329,1,-95.884,-95.884,4636,4636,242.49,242.49,9.30306e+11,0
evt_450,77,3,-1,3,1,0.233954,0.592985,1,-200.156,-200.156,11519,11519,317.49,317.49,9.30306e+11,0
evt_451,4,0,-1,3,1,3.4565,0.862658,1,-1250.2,-1250.2,67577,67577,387.49,387.49,9.30348e+11,0
evt_451,5,0,-1,3,1,2.82771,0.568334,2,-1247.83,-139.655,85692,4377,577.49,182.49,9.30348e+11,0
evt_451,24,1,-1,1,1,0.608709,0.973634,1,-34.2742,-34.2742,1226,1226,147.49,147.49,9.30348e+11,0
evt_451,25,1,-1,1,1,-0.395634,1.01621,1,-40.603,-40.603,1514,1514,164.99,164.99,9.30348e+11,0
evt_451,28,1,-1,3,1,-1.55214,0.843366,2,-1248.21,-317.699,96075,13568,389.99,349.99,9.30348e+11,0
evt_451,29,1,-1,3,1,-1.25159,1.04485,4,-1249.97,-33.4728,75018,830,399.99,119.99,9.30348e+11,0
evt_451,49,2,-1,1,1,1.09119,0.824523,1,-18.6087,-18.6087,526,526,94.99,94.99,9.30348e+11,0
evt_451,50,2,-1,2,1,0.602175,0.948799,2,-1202.18,-48.5718,83198,1876,409.99,194.99,9.30348e+11,0
evt_451,51,2,-1,2,1,-0.28938,0.650071,1,-1249.93,-1249.93,86466,86466,444.99,444.99,9.30348e+11,0
evt_451,58,2,-1,2,2,0.731677,0.652134,2,-78.2037,-35.0742,3527,1280,217.49,157.49,9.30348e+11,0
evt_451,59,2,-1,2,2,-1.89448,0.697168,1,-102.02,-102.02,4522,4522,237.49,237.49,9.30348e+11,0
evt_451,83,3,-1,2,2,45.2405,0.95634,1,-44.6731,-44.6731,881,881,117.49,117.49,9.30348e+11,0
evt_451,87,3,-1,4,2,0.890893,1.59675,1,-57.7961,-57.7961,3574,3574,274.99,274.99,9.30348e+11,0
evt_452,4,0,-1,3,1,0.629008,0.646591,1,-252.235,-252.235,11832,11832,284.99,284.99,9.30395e+11,0
evt_452,5,0,-1,3,1,-0.0883464,1.02374,1,-366.95,-366.95,16850,16850,302.49,302.49,9.30395e+11,0
evt_452,11,0,-1,2,2,4.9654,1.13429,1,-32.2912,-32.2912,1029,1029,134.99,134.99,9.30395e+11,0
evt_452,42,1,-1,2,3,-1.5857,0.716133,2,-1250.31,-70.9129,82196,2233,427.49,102.49,9.30395e+11,0
evt_452,43,1,-1,2,3,-4.37844,0.874828,1,-924.03,-924.03,44341,44341,454.99,454.99,9.30395e+11,0
evt_452,58,2,-1,2,2,-1.35625,0.82933,1,-158.339,-158.339,8030,8030,294.99,294.99,9.30395e+11,0
evt_452,59,2,-1,2,2,-1.42295,0.87926,1,-105.873,-105.873,5442,5442,274.99,274.99,9.30395e+11,0
evt_452,93,3,-1,3,3,-9.55296,0.661751,1,-18.4911,-18.4911,1246,1246,202.49,202.49,0,1.38477e+19
evt_453,12,0,-1,3,2,0.583209,1.18665,2,-37.8236,-20.9294,1270,635,147.49,109.99,9.30483e+11,0
evt_453,18,0,-1,2,3,5.40502,0.901577,1,-28.2491,-28.2491,843,843,124.99,124.99,9.30483e+11,0
evt_453,45,1,-1,3,3,18.2077,1.03775,1,-22.7605,-22.7605,539,539,99.99,99.99,9.30483e+11,0
evt_453,62,2,-1,4,2,-1.09871,0.83742,1,-29.9164,-29.9164,232,232,64.99,64.99,9.30483e+11,0
evt_453,63,2,-1,4,2,-6.74116,0.945634,1,-15.4772,-15.4772,244,244,62.49,62.49,9.30483e+11,0
evt_453,72,3,-1,1,1,1.28472,1.42277,1,-18.7969,-18.7969,589,589,107.49,107.49,9.30483e+11,0
evt_453,74,3,-1,2,1,1.32267,0.948235,2,-116.092,-86.7375,4230,4035,232.49,122.49,9.30483e+11,0
evt_453,76,3,-1,3,1,-6.18024,1.02334,1,-522.091,-522.091,29540,29540,379.99,379.99,9.30483e+11,0
evt_453,77,3,-1,3,1,0.70234,0.767778,2,-726.282,-43.8434,44214,1524,399.99,162.49,9.30483e+11,0
evt_453,85,3,-1,3,2,-0.596919,0.683426,1,-31.4829,-31.4829,908,908,127.49,127.49,9.30483e+11,0
evt_454,5,0,-1,3,1,13.6085,0.947034,1,-60.8559,-60.8559,1850,1850,162.49,162.49,9.30541e+11,0
evt_454,10,0,-1,2,2,1.04021,0.932733,1,-42.0124,-42.0124,1758,1758,184.99,184.99,9.30541e+11,0
evt_454,24,1,-1,1,1,23.4174,1.9872,3,-210.415,-38.2789,7525,611,272.49,112.49,9.30541e+11,0
evt_454,25,1,-1,1,1,-66.8461,15.464,3,-205.608,-70.1103,9027,752,227.49,97.49,9.30541e+11,0
evt_454,49,2,-1,1,1,-2.1169,0.546403,1,-15.3083,-15.3083,119,119,57.49,57.49,9.30541e+11,0
evt_454,52,2,-1,3,1,-1.4485,1.09726,1,-44.8495,-44.8495,299,299,62.49,62.49,9.30541e+11,0
evt_454,53,2,-1,3,1,-2.5292,0.870789,1,-48.7811,-48.7811,253,253,59.99,59.99,9.30541e+11,0
evt_454,56,2,-1,1,2,1.10676,0.806547,1,-34.911,-34.911,234,234,64.99,64.99,9.30541e+11,0
evt_454,57,2,-1,1,2,-0.446045,0.793608,1,-58.3599,-58.3599,276,276,64.99,64.99,9.30541e+11,0
evt_454,62,2,-1,4,2,2.76072,0.825428,1,-59.6943,-59.6943,386,386,67.49,67.49,9.30541e+11,0
evt_454,63,2,-1,4,2,-2.35168,0.694918,1,-44.8255,-44.8255,280,280,64.99,64.99,9.30541e+11,0
evt_454,70,2,-1,4,3,3.22098,0.884875,3,-1250.35,-172.248,97919,3511,427.49,152.49,9.30541e+11,0
evt_454,71,2,-1,4,3,0.167388,0.706651,2,-1250.15,-97.9429,112866,984,434.99,37.49,9.30541e+11,0
evt_454,80,3,-1,1,2,-3.94442,0.738215,2,-19.8872,-17.2676,1023,559,169.99,102.49,9.30541e+11,0
evt_454,86,3,-1,4,2,1.85554,0.989845,1,-43.2339,-43.2339,1436,1436,162.49,162.49,9.30541e+11,0
evt_454,93,3,-1,3,3,-6.09497,0.84973,2,-18.6391,-17.2323,826,443,137.49,87.49,0,4.61961e+18
evt_455,25,1,-1,1,1,10.6483,0.974424,1,-42.6235,-42.6235,1352,1352,149.99,149.99,9.3063e+11,0
evt_455,52,2,-1,3,1,-3.36729,0.829602,1,-18.453,-18.453,72,72,57.49,57.49,9.3063e+11,0
evt_455,53,2,-1,3,1,-2.89388,0.785184,1,-29.9046,-29.9046,244,244,72.49,72.49,9.3063e+11,0
evt_455,72,3,-1,1,1,-21.4893,1.33853,5,-24.0871,-20.0977,5161,773,747.49,127.49,9.3063e+11,0
evt_455,80,3,-1,1,2,-6.47605,1.59443,4,-24.0146,-16.5164,1374,286,202.49,57.49,9.3063e+11,0
evt_455,93,3,-1,3,3,-7.79897,1.26773,3,-18.4533,-15.7456,1051,375,182.49,67.49,0,4.51665e+18
evt_456,6,0,-1,4,1,-0.179102,0.969517,4,-1238.99,-23.3379,83969,559,482.49,79.99,9.30636e+11,0
evt_456,7,0,-1,4,1,-2.48333,1.05475,1,-961.512,-961.512,46747,46747,362.49,362.49,9.30636e+11,0
evt_456,30,1,-1,4,1,2.57419,0.782568,1,-245.489,-245.489,11275,11275,284.99,284.99,9.30636e+11,0
evt_456,31,1,-1,4,1,3.73027,0.995848,1,-123.72,-123.72,5142,5142,232.49,232.49,9.30636e+11,0
evt_456,53,2,-1,3,1,2.02019,0.916596,1,-61.6862,-61.6862,2547,2547,199.99,199.99,9.30636e+11,0
evt_456,54,2,-1,4,1,1.1341,1.10209,2,-1250.24,-31.9539,57965,1064,347.49,137.49,9.30636e+11,0
evt_456,55,2,-1,4,1,3.10796,0.849828,1,-1250.46,-1250.46,81402,81402,452.49,452.49,9.30636e+11,0
evt_457,0,0,-1,1,1,0.205128,0.647584,1,-33.3597,-33.3597,1304,1304,159.99,159.99,9.3071e+11,0
evt_457,1,0,-1,1,1,-1.65095,0.850063,1,-29.7385,-29.7385,1068,1068,147.49,147.49,9.3071e+11,0
evt_457,24,1,-1,1,1,3.52304,1.36216,1,-409.877,-409.877,22022,22022,334.99,334.99,9.3071e+11,0
evt_457,25,1,-1,1,1,1.51985,0.990615,2,-413.923,-75.2952,22846,2924,342.49,197.49,9.3071e+11,0
evt_457,48,2,-1,1,1,6.71748,1.95166,4,-492.673,-15.593,17687,232,254.99,69.99,9.3071e+11,0
evt_457,49,2,-1,1,1,2.76152,2.83572,2,-38.8047,-22.2629,1246,605,142.49,109.99,9.3071e+11,0
evt_458,4,0,-1,3,1,-0.159599,0.432532,2,-21.3122,-17.614,714,458,117.49,87.49,9.30733e+11,0
evt_458,14,0,-1,4,2,-1.34792,1.00633,1,-47.939,-47.939,3268,3268,284.99,284.99,9.30733e+11,0
evt_458,15,0,-1,4,2,-1.53025,0.75064,1,-186.132,-186.132,8905,8905,284.99,284.99,9.30733e+11,0
evt_458,30,1,-1,4,1,-2.13236,0.963245,1,-80.7431,-80.7431,2772,2772,182.49,182.49,9.30733e+11,0
evt_458,31,1,-1,4,1,1.25907,0.718473,1,-53.2225,-53.2225,2128,2128,189.99,189.99,9.30733e+11,0
evt_458,41,1,-1,1,3,-1.94045,0.697764,1,-19.1712,-19.1712,539,539,99.99,99.99,9.30733e+11,0
evt_458,52,2,-1,3,1,-3.49714,0.785367,1,-562.309,-562.309,24396,24396,324.99,324.99,9.30733e+11,0
evt_458,53,2,-1,3,1,-1.02428,0.762633,1,-813.284,-813.284,38915,38915,339.99,339.99,9.30733e+11,0
evt_458,56,2,-1,1,2,-4.13557,0.877495,1,-34.1506,-34.1506,412,412,82.49,82.49,9.30733e+11,0
evt_458,57,2,-1,1,2,4.08751,0.786067,1,-73.0704,-73.0704,938,938,87.49,87.49,9.30733e+11,0
evt_458,68,2,-1,3,3,0.570531,0.769839,1,-129.542,-129.542,5059,5059,232.49,232.49,9.30733e+11,0
evt_458,74,3,-1,2,1,-0.0892891,0.907058,1,-624.832,-624.832,26634,26634,314.99,314.99,9.30733e+11,0
evt_458,75,3,-1,2,1,-0.649761,0.856761,1,-720.08,-720.08,71488,71488,719.99,719.99,9.30733e+11,0
evt_458,78,3,-1,4,1,-10.884,3.70095,2,-17.7272,-15.8985,304,211,82.49,54.99,9.30733e+11,0
evt_458,79,3,-1,4,1,15.2956,0.943436,2,-23.1038,-16.6222,613,429,112.49,87.49,9.30733e+11,0
evt_458,88,3,-1,1,3,0.514338,0.641645,1,-93.977,-93.977,3266,3266,197.49,197.49,1.49602e+14,1.10382e+12
evt_458,89,3,-1,1,3,0.560831,0.619068,1,-100.121,-100.121,3772,3772,209.99,209.99,1.49602e+14,1.38015e+19
evt_459,6,0,-1,4,1,0.53549,0.843019,1,-207.323,-207.323,9790,9790,297.49,297.49,9.30801e+11,0
evt_459,7,0,-1,4,1,2.08067,0.743683,2,-199.127,-74.0386,9513,2365,287.49,112.49,9.30801e+11,0
evt_459,30,1,-1,4,1,-2.33716,0.831003,1,-625.521,-625.521,27703,27703,319.99,319.99,9.30801e+11,0
evt_459,31,1,-1,4,1,1.21995,0.881599,2,-336.147,-34.8095,17176,1194,319.99,147.49,9.30801e+11,0
evt_459,44,1,-1,3,3,5.01961,0.833003,1,-24.8205,-24.8205,752,752,122.49,122.49,9.30801e+11,0
evt_459,73,3,-1,1,1,-45.5959,6.37039,1,-33.0693,-33.0693,571,571,94.99,94.99,9.30801e+11,0
evt_459,78,3,-1,4,1,1.85845,1.62618,1,-281.055,-281.055,14679,14679,327.49,327.49,9.30801e+11,0
evt_459,79,3,-1,4,1,-2.17651,0.653633,2,-281.973,-20.049,14028,604,309.99,104.99,9.30801e+11,0
evt_459,84,3,-1,3,2,-25.5401,15.0546,2,-81.8543,-30.4961,1906,422,144.99,104.99,9.30801e+11,0
evt_459,85,3,-1,3,2,19.723,17.6306,1,-32.7701,-32.7701,525,525,99.99,99.99,9.30801e+11,0
evt_460,7,0,-1,4,1,9.3556,1.12688,2,-30.4618,-22.9893,960,637,137.49,112.49,9.30822e+11,0
evt_460,12,0,-1,3,2,-9.96823,9.06901,2,-187.959,-19.2906,6889,260,224.99,67.49,9.30822e+11,0
evt_460,38,1,-1,4,2,1.09259,0.898333,1,-1250.27,-1250.27,107127,107127,902.49,902.49,9.30822e+11,0
evt_460,39,1,-1,4,2,0.144633,1.16505,4,-1250.12,-17.8047,100088,253,422.49,77.49,9.30822e+11,0
evt_460,52,2,-1,3,1,0.269668,0.581681,2,-612.209,-277.668,25010,11709,309.99,289.99,9.30822e+11,0
evt_460,53,2,-1,3,1,0.632372,1.25215,3,-284.528,-27.4932,12684,663,289.99,109.99,9.30822e+11,0
evt_460,62,2,-1,4,2,-0.657293,4.15813,1,-25.2217,-25.2217,264,264,79.99,79.99,9.30822e+11,0
evt_460,82,3,-1,2,2,-0.602709,1.20802,1,-38.5857,-38.5857,1195,1195,147.49,147.49,9.30822e+11,0
evt_461,3,0,-1,2,1,-12.4513,1.11093,7,-18.7955,-15.0195,5808,281,982.49,54.99,9.30917e+11,0
evt_461,6,0,-1,4,1,0.819313,0.998926,2,-202.027,-37.9448,8942,1403,274.99,159.99,9.30917e+11,0
evt_461,7,0,-1,4,1,0.0393757,1.0286,1,-38.9294,-38.9294,2161,2161,232.49,232.49,9.30917e+11,0
evt_461,24,1,-1,1,1,3.54326,1.02038,1,-99.9257,-99.9257,3922,3922,214.99,214.99,9.30917e+11,0
evt_461,25,1,-1,1,1,-0.600794,0.83161,1,-137.938,-137.938,7847,7847,309.99,309.99,9.30917e+11,0
evt_461,46,1,-1,4,3,1.17295,1.02626,2,-242.593,-52.5352,10206,1883,269.99,169.99,9.30917e+11,0
evt_461,47,1,-1,4,3,-3.33803,0.759771,2,-225.777,-78.0867,9010,3056,254.99,207.49,9.30917e+11,0
evt_461,56,2,-1,1,2,-15.2155,0.544952,5,-18.834,-15.5212,1047,468,184.99,87.49,9.30917e+11,0
evt_461,66,2,-1,2,3,-0.641577,0.57036,1,-894.053,-894.053,40331,40331,364.99,364.99,9.30917e+11,0
evt_461,67,2,-1,2,3,-2.49663,0.847172,1,-295.657,-295.657,20913,20913,417.49,417.49,9.30917e+11,0
evt_461,70,2,-1,4,3,-0.52256,0.777448,1,-91.5442,-91.5442,2861,2861,189.99,189.99,9.30917e+11,0
evt_461,71,2,-1,4,3,-2.9025,0.966572,1,-37.7442,-37.7442,1457,1457,164.99,164.99,9.30917e+11,0
evt_461,78,3,-1,4,1,-7.55047,1.12912,1,-19.2899,-19.2899,896,896,154.99,154.99,9.30917e+11,0
evt_461,80,3,-1,1,2,-7.90058,1.03578,2,-16.1639,-15.3121,274,192,54.99,47.49,9.30917e+11,0
evt_461,95,3,-1,4,3,-1.23037,0.868595,1,-67.4081,-67.4081,2961,2961,212.49,212.49,4.38087e+11,1.37511e+19
evt_462,8,0,-1,1,2,2.18664,0.693778,1,-37.9656,-37.9656,1013,1013,132.49,132.49,9.30936e+11,0
evt_462,9,0,-1,1,2,-1.18327,1.00435,1,-38.4678,-38.4678,1109,1109,137.49,137.49,9.30936e+11,0
evt_462,38,1,-1,4,2,-1.14958,1.26592,1,-230.847,-230.847,9505,9505,279.99,279.99,9.30936e+11,0
evt_462,39,1,-1,4,2,-0.0116531,0.739533,1,-128.251,-128.251,6883,6883,292.49,292.49,9.30936e+11,0
evt_462,62,2,-1,4,2,-0.0342998,0.888502,1,-377.129,-377.129,19279,19279,319.99,319.99,9.30936e+11,0
evt_462,63,2,-1,4,2,-0.433814,1.34369,1,-767.607,-767.607,40397,40397,369.99,369.99,9.30936e+11,0
evt_462,80,3,-1,1,2,-8.66313,1.28299,1,-17.9563,-17.9563,447,447,72.49,72.49,9.30936e+11,0
evt_462,94,3,-1,4,3,1.61149,1.14779,3,-1096.13,-48.8391,56443,1748,379.99,137.49,4.38087e+11,1.37295e+19
evt_462,95,3,-1,4,3,2.52563,0.845344,2,-919.804,-34.6211,61146,686,437.49,59.99,4.38087e+11,4.60419e+18
evt_463,8,0,-1,1,2,0.505008,0.908357,1,-71.7515,-71.7515,2934,2934,199.99,199.99,9.3103e+11,0
evt_463,54,2,-1,4,1,-0.828294,0.656198,1,-27.9085,-27.9085,218,218,64.99,64.99,9.3103e+11,0
evt_463,56,2,-1,1,2,-99.6569,32.4993,4,-56.8836,-25.7673,2214,705,179.99,92.49,9.3103e+11,0
evt_463,57,2,-1,1,2,-11.5077,7.70452,1,-162.371,-162.371,5920,5920,242.49,242.49,9.3103e+11,0
evt_463,58,2,-1,2,2,-1.15675,0.71802,1,-38.4064,-38.4064,516,516,92.49,92.49,9.3103e+11,0
evt_463,60,2,-1,3,2,-0.30068,0.869824,1,-45.6936,-45.6936,348,348,67.49,67.49,9.3103e+11,0
evt_463,61,2,-1,3,2,-0.67517,1.16909,1,-30.7899,-30.7899,188,188,64.99,64.99,9.3103e+11,0
evt_463,62,2,-1,4,2,-1.0905,0.936874,1,-46.7413,-46.7413,301,301,67.49,67.49,9.3103e+11,0
evt_463,63,2,-1,4,2,-1.30889,0.849742,1,-30.4899,-30.4899,190,190,62.49,62.49,9.3103e+11,0
evt_464,2,0,-1,2,1,-0.845807,0.932311,5,-894.637,-43.5297,83660,603,454.99,107.49,9.31062e+11,0
evt_464,3,0,-1,2,1,-0.497764,1.34196,3,-808.822,-38.8008,72675,712,542.49,122.49,9.31062e+11,0
evt_464,6,0,-1,4,1,-0.875613,1.08776,1,-435.007,-435.007,19533,19533,314.99,314.99,9.31062e+11,0
evt_464,7,0,-1,4,1,-2.06306,1.35607,1,-926.432,-926.432,48076,48076,389.99,389.99,9.31062e+11,0
evt_464,41,1,-1,1,3,-0.619603,0.801811,1,-52.0393,-52.0393,2206,2206,197.49,197.49,9.31062e+11,0
evt_464,60,2,-1,3,2,-1.62915,0.744666,1,-1250.04,-1250.04,97972,97972,479.99,479.99,9.31062e+11,0
evt_464,61,2,-1,3,2,-0.922915,0.775743,1,-1250.54,-1250.54,98183,98183,474.99,474.99,9.31062e+11,0
evt_464,88,3,-1,1,3,4.41341,1.00572,2,-733.482,-20.472,34369,422,349.99,89.99,1.49602e+14,1.10382e+12
evt_464,89,3,-1,1,3,2.71908,0.603756,2,-1250.65,-61.7244,75153,2229,404.99,199.99,1.49602e+14,1.38797e+19
evt_465,16,0,-1,1,3,11.6739,0.848365,1,-47.5429,-47.5429,1407,1407,147.49,147.49,9.31106e+11,0
evt_465,30,1,-1,4,1,1.54961,0.880667,3,-1250.16,-25.387,87188,287,367.49,89.99,9.31106e+11,0
evt_465,31,1,-1,4,1,1.34522,0.984857,1,-1249.7,-1249.7,70689,70689,407.49,407.49,9.31106e+11,0
evt_465,52,2,-1,3,1,5.02137,0.782545,3,-1249.82,-34.8073,62183,274,362.49,77.49,9.31106e+11,0
evt_465,53,2,-1,3,1,-2.91111,13.1551,4,-1250.31,-28.7611,58117,146,349.99,72.49,9.31106e+11,0
evt_465,56,2,-1,1,2,4.84713,0.760088,1,-32.1975,-32.1975,245,245,84.99,84.99,9.31106e+11,0
evt_465,57,2,-1,1,2,3.77509,0.81559,1,-74.6639,-74.6639,994,994,89.99,89.99,9.31106e+11,0
evt_465,84,3,-1,3,2,0.377651,0.846344,1,-98.2733,-98.2733,4274,4274,229.99,229.99,9.31106e+11,0
evt_465,85,3,-1,3,2,0.274583,0.707257,1,-41.5087,-41.5087,1247,1247,142.49,142.49,9.31106e+11,0
evt_465,87,3,-1,4,2,-6.04172,0.881233,1,-16.9687,-16.9687,499,499,94.99,94.99,9.31106e+11,0
evt_465,93,3,-1,3,3,-7.92967,2.29585,1,-15.3653,-15.3653,293,293,57.49,57.49,0,1.37402e+19
evt_466,16,0,-1,1,3,20.7841,0.765551,2,-29.7375,-27.8673,635,622,107.49,107.49,9.31146e+11,0
evt_466,36,1,-1,3,2,-1.22451,0.816914,1,-1250.23,-1250.23,99045,99045,694.99,694.99,9.31146e+11,0
evt_466,37,1,-1,3,2,0.256758,0.962925,2,-1250.42,-102.671,95486,4394,427.49,207.49,9.31146e+11,0
evt_466,62,2,-1,4,2,2.23624,0.961022,2,-459.713,-41.1059,22374,1395,327.49,152.49,9.31146e+11,0
evt_466,63,2,-1,4,2,1.82535,0.914781,1,-1024.42,-1024.42,49119,49119,364.99,364.99,9.31146e+11,0
evt_466,74,3,-1,2,1,22.5561,0.952914,1,-146.819,-146.819,5668,5668,217.49,217.49,9.31146e+11,0
evt_466,75,3,-1,2,1,22.8899,0.87947,1,-313.959,-313.959,19786,19786,324.99,324.99,9.31146e+11,0
evt_467,8,0,-1,1,2,1.59624,0.73727,4,-1250.16,-26.611,104030,133,414.99,79.99,9.31162e+11,0
evt_467,9,0,-1,1,2,1.62078,0.873468,4,-1106.12,-16.7037,74475,61,352.49,62.49,9.31162e+11,0
evt_467,18,0,-1,2,3,-2.0267,0.873014,1,-41.1736,-41.1736,1359,1359,147.49,147.49,9.31162e+11,0
evt_467,30,1,-1,4,1,6.5707,1.1432,2,-351.629,-54.2892,14881,1631,272.49,157.49,9.31162e+11,0
evt_467,31,1,-1,4,1,-0.33399,0.996947,1,-112.127,-112.127,4761,4761,229.99,229.99,9.31162e+11,0
evt_467,54,2,-1,4,1,-0.936277,0.822733,1,-272.676,-272.676,11987,11987,284.99,284.99,9.31162e+11,0
evt_467,55,2,-1,4,1,-4.47869,0.917203,1,-575.87,-575.87,26441,26441,342.49,342.49,9.31162e+11,0
evt_467,58,2,-1,2,2,-1.03645,0.715748,1,-37.0613,-37.0613,652,652,54.99,54.99,9.31162e+11,0
evt_467,72,3,-1,1,1,-14.5684,1.45134,6,-26.3841,-16.8505,3175,401,434.99,74.99,9.31162e+11,0
evt_468,7,0,-1,4,1,0.653645,0.760083,1,-16.7026,-16.7026,256,256,59.99,59.99,9.31209e+11,0
evt_468,21,0,-1,3,3,-0.125065,0.658969,1,-32.0632,-32.0632,1297,1297,159.99,159.99,9.31209e+11,0
evt_468,22,0,-1,4,3,-1.69234,0.893968,1,-41.9028,-41.9028,1853,1853,197.49,197.49,9.31209e+11,0
evt_468,23,0,-1,4,3,1.56469,0.675822,1,-26.847,-26.847,763,763,117.49,117.49,9.31209e+11,0
evt_468,47,1,-1,4,3,2.38741,1.44659,1,-44.4568,-44.4568,1448,1448,154.99,154.99,9.31209e+11,0
evt_468,71,2,-1,4,3,-29.84,3.99276,3,-599.554,-26.4625,23755,439,299.99,84.99,9.31209e+11,0
evt_468,84,3,-1,3,2,1.18668,0.665064,1,-34.5445,-34.5445,1271,1271,154.99,154.99,9.31209e+11,0
evt_468,94,3,-1,4,3,-883.762,33.1798,2,-805.705,-44.0289,23411,1426,264.99,154.99,4.38087e+11,4.68172e+18
evt_468,95,3,-1,4,3,-579.458,23.1023,2,-527.453,-19.1778,15066,480,257.49,99.99,4.38087e+11,4.67661e+18
evt_469,8,0,-1,1,2,-0.842465,0.909597,1,-72.137,-72.137,2981,2981,207.49,207.49,9.31224e+11,0
evt_469,26,1,-1,2,1,17.2981,1.29869,2,-126.91,-39.1183,5584,1159,244.99,147.49,9.31224e+11,0
evt_469,27,1,-1,2,1,18.9397,0.951796,3,-33.4354,-29.3571,973,761,129.99,122.49,9.31224e+11,0
evt_469,52,2,-1,3,1,-5.15928,4.05614,2,-68.0941,-46.0969,2775,543,217.49,79.99,9.31224e+11,0
evt_469,53,2,-1,3,1,-2.87992,4.56968,2,-178.764,-54.9012,8302,518,277.49,77.49,9.31224e+11,0
evt_469,57,2,-1,1,2,3.40589,0.781229,1,-37.1606,-37.1606,267,267,72.49,72.49,9.31224e+11,0
evt_469,72,3,-1,1,1,5.33326,1.8393,3,-36.3733,-29.7761,1339,1104,154.99,149.99,9.31224e+11,0
evt_469,73,3,-1,1,1,0.415511,0.593601,1,-84.7906,-84.7906,3143,3143,199.99,199.99,9.31224e+11,0
evt_469,76,3,-1,3,1,-15.7327,1.02862,2,-18.7938,-16.398,1648,395,277.49,77.49,9.31224e+11,0
evt_469,93,3,-1,3,3,-3.30809,1.53056,4,-17.6137,-15.1773,675,261,122.49,54.99,0,1.37682e+19
evt_470,22,0,-1,4,3,-0.12018,1.13133,1,-124.515,-124.515,4790,4790,227.49,227.49,9.31306e+11,0
evt_470,46,1,-1,4,3,0.599722,0.812515,1,-256.839,-256.839,12320,12320,304.99,304.99,9.31306e+11,0
evt_470,47,1,-1,4,3,-2.88965,1.14884,1,-483.883,-483.883,22900,22900,337.49,337.49,9.31306e+11,0
evt_470,70,2,-1,4,3,2.99963,1.08343,2,-956.756,-258.54,41944,8925,339.99,237.49,9.31306e+11,0
evt_470,71,2,-1,4,3,0.681101,0.819368,1,-1250.19,-1250.19,71292,71292,382.49,382.49,9.31306e+11,0
evt_470,80,3,-1,1,2,-0.220316,1.19739,1,-16.4431,-16.4431,376,376,69.99,69.99,9.31306e+11,0
evt_470,93,3,-1,3,3,-12.3524,0.882165,3,-17.6529,-15.5169,1326,393,232.49,77.49,0,4.48655e+18
evt_471,52,2,-1,3,1,2.59185,0.727187,1,-24.017,-24.017,186,186,62.49,62.49,9.3143e+11,0
evt_471,93,3,-1,3,3,-10.0267,1.01552,3,-17.1104,-15.9365,633,502,114.99,87.49,0,1.37459e+19
evt_472,14,0,-1,4,2,0.125965,1.00323,1,-78.6998,-78.6998,3654,3654,242.49,242.49,9.31434e+11,0
evt_472,15,0,-1,4,2,0.375318,0.740084,1,-285.943,-285.943,12837,12837,287.49,287.49,9.31434e+11,0
evt_472,25,1,-1,1,1,-1.71343,0.802058,1,-33.7347,-33.7347,1210,1210,154.99,154.99,9.31434e+11,0
evt_472,26,1,-1,2,1,-2.20571,1.22163,2,-1026.86,-65.041,54472,2299,447.49,177.49,9.31434e+11,0
evt_472,27,1,-1,2,1,0.59137,0.944326,3,-690.784,-21.4271,35552,525,364.99,99.99,9.31434e+11,0
evt_472,55,2,-1,4,1,11.3586,1.15648,2,-67.172,-46.5506,2290,1399,174.99,149.99,9.31434e+11,0
evt_472,60,2,-1,3,2,2.9329,0.678702,1,-19.852,-19.852,66,66,62.49,62.49,9.31434e+11,0
evt_472,61,2,-1,3,2,-1.61516,0.741308,1,-46.081,-46.081,463,463,79.99,79.99,9.31434e+11,0
evt_472,76,3,-1,3,1,-16.4025,106.819,4,-647.514,-19.0245,29314,273,257.49,77.49,9.31434e+11,0
evt_472,77,3,-1,3,1,-34.6214,61.4344,1,-141.177,-141.177,3695,3695,152.49,152.49,9.31434e+11,0
evt_472,78,3,-1,4,1,5.40339,0.906362,1,-68.0151,-68.0151,3785,3785,279.99,279.99,9.31434e+11,0
evt_472,79,3,-1,4,1,0.561046,0.894532,1,-162.45,-162.45,7362,7362,267.49,267.49,9.31434e+11,0
evt_472,82,3,-1,2,2,-10.4137,1.5757,3,-16.387,-15.1745,362,268,74.99,54.99,9.31434e+11,0
evt_472,86,3,-1,4,2,2.34839,0.940362,1,-272.824,-272.824,12850,12850,292.49,292.49,9.31434e+11,0
evt_472,87,3,-1,4,2,7.38894,0.906221,1,-239.166,-239.166,13792,13792,362.49,362.49,9.31434e+11,0
evt_472,93,3,-1,3,3,-4.22659,0.649122,1,-19.4814,-19.4814,937,937,154.99,154.99,0,4.62992e+18
evt_473,3,0,-1,2,1,-1.09172,1.03903,1,-34.8439,-34.8439,1384,1384,162.49,162.49,9.31659e+11,0
evt_473,44,1,-1,3,3,2.35939,1.09408,1,-165.843,-165.843,6871,6871,247.49,247.49,9.31659e+11,0
evt_473,45,1,-1,3,3,0.995525,0.96783,1,-152.615,-152.615,7673,7673,262.49,262.49,9.31659e+11,0
evt_473,50,2,-1,2,1,2.83462,1.05438,1,-52.2327,-52.2327,2076,2076,182.49,182.49,9.31659e+11,0
evt_473,51,2,-1,2,1,9.24074,0.541101,1,-27.0358,-27.0358,815,815,124.99,124.99,9.31659e+11,0
evt_473,66,2,-1,2,3,7.83729,0.721595,1,-539.286,-539.286,25018,25018,327.49,327.49,9.31659e+11,0
evt_473,67,2,-1,2,3,3.06826,0.710867,1,-490.027,-490.027,22347,22347,317.49,317.49,9.31659e+11,0
evt_473,74,3,-1,2,1,19.7843,0.860348,1,-23.1039,-23.1039,370,370,87.49,87.49,9.31659e+11,0
evt_474,16,0,-1,1,3,1.34441,0.891053,2,-1250.58,-39.8097,109455,1219,564.99,169.99,9.31678e+11,0
evt_474,17,0,-1,1,3,-2.78009,0.762015,5,-1250.37,-18.5317,108058,127,494.99,79.99,9.31678e+11,0
evt_474,36,1,-1,3,2,-1175.12,112.367,2,-1250.61,-173.165,95921,4894,404.99,179.99,9.31678e+11,0
evt_474,37,1,-1,3,2,-1212.93,97.6314,2,-1250.58,-30.0365,113191,508,374.99,114.99,9.31678e+11,0
evt_474,42,1,-1,2,3,-2.16102,0.883029,1,-20.9337,-20.9337,732,732,122.49,122.49,9.31678e+11,0
evt_474,48,2,-1,1,1,-58.4608,6.6926,1,-47.2222,-47.2222,934,934,114.99,114.99,9.31678e+11,0
evt_474,58,2,-1,2,2,-499.418,29.8278,1,-460.458,-460.458,13283,13283,257.49,257.49,9.31678e+11,0
evt_474,59,2,-1,2,2,-869.42,62.9023,2,-862.139,-54.781,30158,2006,319.99,174.99,9.31678e+11,0
evt_475,10,0,-1,2,2,24.0309,8.18824,1,-25.6563,-25.6563,230,230,84.99,84.99,9.31695e+11,0
evt_475,11,0,-1,2,2,44.2916,2.97407,3,-192.535,-25.8056,5763,164,182.49,92.49,9.31695e+11,0
evt_475,12,0,-1,3,2,-1.30453,0.822687,1,-186.353,-186.353,8931,8931,324.99,324.99,9.31695e+11,0
evt_475,13,0,-1,3,2,-0.426864,0.745838,1,-163.711,-163.711,8721,8721,287.49,287.49,9.31695e+11,0
evt_475,34,1,-1,2,2,-5.75779,1.02859,3,-1250.08,-18.4899,58244,391,357.49,87.49,9.31695e+11,0
evt_475,35,1,-1,2,2,-2.46613,1.06693,4,-1068,-16.927,50915,391,367.49,82.49,9.31695e+11,0
evt_475,82,3,-1,2,2,-15.3162,2.00852,2,-23.3723,-21.9229,10779,5019,1684.99,804.99,9.31695e+11,0
evt_476,6,0,-1,4,1,0.878413,0.886514,1,-47.0851,-47.0851,1911,1911,184.99,184.99,9.31704e+11,0
evt_476,7,0,-1,4,1,1.10207,0.847317,1,-102.903,-102.903,4201,4201,227.49,227.49,9.31704e+11,0
evt_476,28,1,-1,3,1,3.77413,1.46608,1,-100.575,-100.575,6320,6320,299.99,299.99,9.31704e+11,0
evt_476,29,1,-1,3,1,2.2564,0.682015,1,-191.348,-191.348,7975,7975,254.99,254.99,9.31704e+11,0
evt_476,48,2,-1,1,1,5.86596,0.757984,1,-1250.23,-1250.23,96567,96567,619.99,619.99,9.31704e+11,0
evt_476,49,2,-1,1,1,1.18279,0.853059,1,-933.186,-933.186,61214,61214,457.49,457.49,9.31704e+11,0
evt_476,56,2,-1,1,2,0.993316,0.697193,1,-16.0818,-16.0818,399,399,77.49,77.49,9.31704e+11,0
evt_476,60,2,-1,3,2,72.9409,3.16851,2,-219.248,-118.218,7840,2294,244.99,139.99,9.31704e+11,0
evt_476,61,2,-1,3,2,74.551,5.76681,1,-540.076,-540.076,17603,17603,254.99,254.99,9.31704e+11,0
evt_476,72,3,-1,1,1,-16.5617,1.88549,7,-24.7011,-16.546,1869,513,262.49,97.49,9.31704e+11,0
evt_477,14,0,-1,4,2,-0.924325,0.731101,3,-1214.34,-60.0601,111721,2063,434.99,167.49,9.31794e+11,0
evt_477,15,0,-1,4,2,-0.490306,0.711976,2,-548.814,-42.0923,70661,509,542.49,109.99,9.31794e+11,0
evt_477,46,1,-1,4,3,-1.24979,1.15421,1,-244.306,-244.306,13105,13105,322.49,322.49,9.31794e+11,0
evt_477,47,1,-1,4,3,-2.96424,0.698085,1,-76.7454,-76.7454,2898,2898,197.49,197.49,9.31794e+11,0
evt_477,48,2,-1,1,1,0.936945,0.710985,1,-67.8248,-67.8248,2871,2871,209.99,209.99,9.31794e+11,0
evt_477,49,2,-1,1,1,-0.765795,0.640811,2,-50.8959,-17.4205,713,531,97.49,89.99,9.31794e+11,0
evt_477,62,2,-1,4,2,1.19546,0.726404,1,-46.9561,-46.9561,339,339,67.49,67.49,9.31794e+11,0
evt_477,86,3,-1,4,2,89.0488,3.86397,2,-255.936,-113.111,6054,2101,167.49,124.99,9.31794e+11,0
evt_477,87,3,-1,4,2,-225.211,21.7934,2,-460.415,-141.023,19027,2913,249.99,147.49,9.31794e+11,0
evt_478,6,0,-1,4,1,0.14367,0.82838,2,-629.781,-46.7404,36296,1629,422.49,167.49,9.3181e+11,0
evt_478,7,0,-1,4,1,2.45784,0.874272,2,-322.041,-15.1738,15931,236,314.99,54.99,9.3181e+11,0
evt_478,29,1,-1,3,1,8.15936,0.720704,1,-47.4686,-47.4686,1679,1679,162.49,162.49,9.3181e+11,0
evt_478,56,2,-1,1,2,2.61703,0.985848,1,-19.0647,-19.0647,163,163,77.49,77.49,9.3181e+11,0
evt_478,57,2,-1,1,2,-4.28143,0.867425,1,-29.3174,-29.3174,480,480,87.49,87.49,9.3181e+11,0
evt_478,58,2,-1,2,2,1.9442,0.948094,1,-619.531,-619.531,29353,29353,332.49,332.49,9.3181e+11,0
evt_478,59,2,-1,2,2,-0.293604,0.7509,1,-413.467,-413.467,23127,23127,359.99,359.99,9.3181e+11,0
evt_478,66,2,-1,2,3,1.64999,0.774347,1,-1250.92,-1250.92,68828,68828,364.99,364.99,9.3181e+11,0
evt_478,67,2,-1,2,3,1.5861,0.677703,1,-1250.08,-1250.08,74599,74599,392.49,392.49,9.3181e+11,0
evt_478,75,3,-1,2,1,1.43061,0.539199,1,-49.945,-49.945,2169,2169,194.99,194.99,9.3181e+11,0
evt_479,16,0,-1,1,3,5.76606,0.963214,2,-201.986,-77.5424,7400,2786,229.99,189.99,9.3183e+11,0
evt_479,17,0,-1,1,3,-0.0727165,0.714231,1,-36.2566,-36.2566,1223,1223,149.99,149.99,9.3183e+11,0
evt_479,56,2,-1,1,2,1.94364,0.784711,1,-29.5846,-29.5846,1240,1240,162.49,162.49,9.3183e+11,0
evt_479,90,3,-1,2,3,-76.8744,12.7559,2,-78.2699,-52.8777,4181,910,252.49,109.99,1.49602e+14,4.55857e+18
evt_479,91,3,-1,2,3,-45.981,14.9484,1,-24.055,-24.055,247,247,69.99,69.99,0,1.37738e+19
evt_480,0,0,-1,1,1,-0.579994,0.894282,2,-201.721,-24.5081,9972,644,324.99,112.49,9.319e+11,0
evt_480,1,0,-1,1,1,2.27725,0.764402,1,-649.215,-649.215,29424,29424,429.99,429.99,9.319e+11,0
evt_480,8,0,-1,1,2,-1.16882,0.761517,1,-17.4615,-17.4615,434,434,84.99,84.99,9.319e+11,0
evt_480,9,0,-1,1,2,1.35323,0.774751,1,-41.8994,-41.8994,1108,1108,132.49,132.49,9.319e+11,0
evt_480,13,0,-1,3,2,-29.6716,5.01709,1,-21.0795,-21.0795,420,420,77.49,77.49,9.319e+11,0
evt_480,14,0,-1,4,2,-65.3296,13.9342,1,-43.5892,-43.5892,845,845,109.99,109.99,9.319e+11,0
evt_480,15,0,-1,4,2,-122.866,25.4784,2,-83.6842,-43.0811,3974,1640,292.49,169.99,9.319e+11,0
evt_480,41,1,-1,1,3,-1.51465,0.837792,1,-66.15,-66.15,2834,2834,209.99,209.99,9.319e+11,0
evt_480,50,2,-1,2,1,-0.038397,0.93184,1,-752.553,-752.553,36413,36413,374.99,374.99,9.319e+11,0
evt_480,51,2,-1,2,1,-0.592988,0.880802,1,-494.366,-494.366,23703,23703,337.49,337.49,9.319e+11,0
evt_480,53,2,-1,3,1,3.4327,0.830889,1,-20.6791,-20.6791,126,126,72.49,72.49,9.319e+11,0
evt_480,74,3,-1,2,1,0.099159,1.11822,1,-278.202,-278.202,13937,13937,339.99,339.99,9.319e+11,0
evt_480,75,3,-1,2,1,0.0531341,0.713216,1,-161.884,-161.884,7590,7590,277.49,277.49,9.319e+11,0
evt_481,2,0,-1,2,1,10.5086,0.968587,1,-20.3525,-20.3525,445,445,84.99,84.99,9.32086e+11,0
evt_481,6,0,-1,4,1,-20.4281,1.16615,1,-23.8283,-23.8283,19587,19587,2507.49,2507.49,9.32086e+11,0
evt_481,10,0,-1,2,2,2.00621,0.876291,1,-23.1066,-23.1066,706,706,117.49,117.49,9.32086e+11,0
evt_481,16,0,-1,1,3,5.88497,1.52344,1,-667.397,-667.397,29464,29464,292.49,292.49,9.32086e+11,0
evt_481,18,0,-1,2,3,-2.8328,1.46024,1,-491.321,-491.321,24088,24088,342.49,342.49,9.32086e+11,0
evt_481,19,0,-1,2,3,-0.6814,0.649015,1,-535.272,-535.272,26888,26888,344.99,344.99,9.32086e+11,0
evt_481,30,1,-1,4,1,-13.6861,1.14003,4,-18.8342,-15.5156,3834,383,642.49,69.99,9.32086e+11,0
evt_481,34,1,-1,2,2,3.74224,0.723235,1,-940.505,-940.505,44103,44103,429.99,429.99,9.32086e+11,0
evt_481,35,1,-1,2,2,8.68053,0.808636,1,-1148.02,-1148.02,54273,54273,367.49,367.49,9.32086e+11,0
evt_481,80,3,-1,1,2,0.430825,1.85495,1,-17.9976,-17.9976,626,626,114.99,114.99,9.32086e+11,0
evt_481,82,3,-1,2,2,-14.9019,2.10866,2,-23.256,-21.8081,10641,4663,1684.99,794.99,9.32086e+11,0
evt_482,20,0,-1,3,3,0.460698,1.02676,1,-27.8691,-27.8691,985,985,137.49,137.49,9.32086e+11,0
evt_482,44,1,-1,3,3,2.46275,1.31599,1,-181.202,-181.202,7805,7805,267.49,267.49,9.32086e+11,0
evt_482,45,1,-1,3,3,1.36057,1.19134,1,-187.429,-187.429,9011,9011,279.99,279.99,9.32086e+11,0
evt_482,58,2,-1,2,2,1.7866,0.682008,1,-36.627,-36.627,216,216,64.99,64.99,9.32086e+11,0
evt_482,59,2,-1,2,2,0.620789,0.781803,1,-40.6104,-40.6104,167,167,62.49,62.49,9.32086e+11,0
evt_482,68,2,-1,3,3,-1.96594,0.844377,2,-36.2552,-25.7859,1314,780,157.49,122.49,9.32086e+11,0
evt_482,72,3,-1,1,1,6.29591,0.920935,1,-143.537,-143.537,7075,7075,272.49,272.49,9.32086e+11,0
evt_482,73,3,-1,1,1,0.76669,1.20309,1,-134.804,-134.804,7776,7776,289.99,289.99,9.32086e+11,0
evt_483,22,0,-1,4,3,-1.51919,1.35754,4,-1250.31,-19.5579,98462,198,479.99,72.49,9.32116e+11,0
evt_483,23,0,-1,4,3,4.26488,0.836118,2,-1250.84,-50.7049,87360,1372,399.99,149.99,9.32116e+11,0
evt_483,28,1,-1,3,1,-0.271104,1.10723,3,-191.472,-36.7952,7842,1208,262.49,142.49,9.32116e+11,0
evt_483,29,1,-1,3,1,3.312,0.983965,1,-176.441,-176.441,7825,7825,264.99,264.99,9.32116e+11,0
evt_483,62,2,-1,4,2,-2.7339,1.34197,2,-163.752,-20.8923,8363,573,319.99,99.99,9.32116e+11,0
evt_483,63,2,-1,4,2,-2.64493,0.750789,1,-229.243,-229.243,13875,13875,337.49,337.49,9.32116e+11,0
evt_483,70,2,-1,4,3,0.101432,1.06401,3,-857.669,-20.1682,35951,400,334.99,82.49,9.32116e+11,0
evt_483,71,2,-1,4,3,-1.22932,0.974969,1,-1049.89,-1049.89,86935,86935,809.99,809.99,9.32116e+11,0
evt_483,72,3,-1,1,1,-12.8452,1.64664,2,-19.8637,-19.0688,2622,2180,419.99,349.99,9.32116e+11,0
evt_483,83,3,-1,2,2,1.4449,0.940579,1,-107.356,-107.356,4168,4168,214.99,214.99,9.32116e+11,0
evt_484,6,0,-1,4,1,1.10022,0.870242,1,-271.908,-271.908,19154,19154,382.49,382.49,9.32151e+11,0
evt_484,7,0,-1,4,1,-1.05136,1.03969,1,-191.312,-191.312,8289,8289,264.99,264.99,9.32151e+11,0
evt_484,28,1,-1,3,1,0.750089,0.779081,1,-74.6405,-74.6405,2942,2942,204.99,204.99,9.32151e+11,0
evt_484,29,1,-1,3,1,0.513852,1.18961,1,-19.825,-19.825,608,608,109.99,109.99,9.32151e+11,0
evt_484,30,1,-1,4,1,16.8259,1.17812,1,-42.1706,-42.1706,1021,1021,124.99,124.99,9.32151e+11,0
evt_484,50,2,-1,2,1,1.60195,0.837012,2,-79.1844,-58.7879,4855,2402,267.49,189.99,9.32151e+11,0
evt_484,51,2,-1,2,1,2.98397,0.837768,1,-40.5265,-40.5265,1596,1596,172.49,172.49,9.32151e+11,0
evt_484,80,3,-1,1,2,6.09443,1.26523,1,-16.9955,-16.9955,255,255,54.99,54.99,9.32151e+11,0
evt_484,90,3,-1,2,3,2.30468,1.14801,1,-30.6857,-30.6857,980,980,134.99,134.99,1.49602e+14,4.60697e+18
evt_485,62,2,-1,4,2,-0.908023,0.891696,1,-75.0356,-75.0356,1050,1050,92.49,92.49,9.3223e+11,0
evt_485,63,2,-1,4,2,0.777453,1.00794,1,-31.069,-31.069,265,265,72.49,72.49,9.3223e+11,0
evt_485,80,3,-1,1,2,-10.826,1.68147,2,-17.444,-16.9782,441,365,82.49,72.49,9.3223e+11,0
evt_486,16,0,-1,1,3,29.4111,1.02255,1,-33.4764,-33.4764,680,680,112.49,112.49,9.32369e+11,0
evt_486,23,0,-1,4,3,1.15431,0.559617,1,-35.4245,-35.4245,1153,1153,147.49,147.49,9.32369e+11,0
evt_486,36,1,-1,3,2,1.58053,0.917173,1,-518.994,-518.994,22720,22720,307.49,307.49,9.32369e+11,0
evt_486,37,1,-1,3,2,-2.02372,0.759011,1,-677.711,-677.711,38021,38021,427.49,427.49,9.32369e+11,0
evt_486,56,2,-1,1,2,0.323874,0.860794,1,-21.2375,-21.2375,705,705,119.99,119.99,9.32369e+11,0
evt_486,57,2,-1,1,2,-0.703745,0.964866,1,-43.5006,-43.5006,1524,1524,159.99,159.99,9.32369e+11,0
evt_486,67,2,-1,2,3,0.197411,0.722756,1,-42.2421,-42.2421,1824,1824,187.49,187.49,9.32369e+11,0
evt_486,80,3,-1,1,2,0.675362,0.861617,1,-218.495,-218.495,14676,14676,404.99,404.99,9.32369e+11,0
evt_486,81,3,-1,1,2,1.84272,0.738059,1,-142.77,-142.77,9667,9667,324.99,324.99,9.32369e+11,0
evt_486,82,3,-1,2,2,4.14295,1.28875,3,-1250.24,-47.2775,67940,2604,412.49,237.49,9.32369e+11,0
evt_486,83,3,-1,2,2,0.775828,0.59479,2,-986.905,-23.1103,67942,509,382.49,102.49,9.32369e+11,0
evt_487,10,0,-1,2,2,-0.560953,0.982215,3,-521.518,-24.7813,24592,685,322.49,109.99,9.32382e+11,0
evt_487,11,0,-1,2,2,1.50405,0.876752,2,-739.549,-22.4954,45163,155,367.49,19.99,9.32382e+11,0
evt_487,26,1,-1,2,1,3.49858,1.15446,3,-748.471,-48.9527,40247,1688,382.49,167.49,9.32382e+11,0
evt_487,27,1,-1,2,1,0.490432,0.645503,2,-929.677,-20.2079,50467,492,457.49,102.49,9.32382e+11,0
evt_487,37,1,-1,3,2,3.3841,0.745344,1,-54.0611,-54.0611,2116,2116,187.49,187.49,9.32382e+11,0
evt_487,56,2,-1,1,2,-16.5307,0.975525,3,-58.5434,-18.8345,14164,724,1904.99,119.99,9.32382e+11,0
evt_487,57,2,-1,1,2,-0.997855,0.905257,1,-73.5022,-73.5022,932,932,89.99,89.99,9.32382e+11,0
evt_487,78,3,-1,4,1,-2.29343,1.09283,1,-17.9939,-17.9939,947,947,164.99,164.99,9.32382e+11,0
evt_487,86,3,-1,4,2,1.03188,0.984901,3,-514.354,-36.0303,22022,1028,404.99,139.99,9.32382e+11,0
evt_487,87,3,-1,4,2,-3.96713,1.74013,2,-509.122,-74.911,26088,3378,369.99,224.99,9.32382e+11,0
evt_487,90,3,-1,2,3,16.0418,0.915838,3,-25.5057,-18.4124,505,235,99.99,72.49,1.49602e+14,1.38042e+19
evt_487,91,3,-1,2,3,2.44138,1.53818,1,-21.6182,-21.6182,527,527,99.99,99.99,0,1.38581e+19
evt_488,22,0,-1,4,3,5.53819,1.22839,2,-96.6033,-23.5651,3542,670,199.99,114.99,9.32382e+11,0
evt_488,23,0,-1,4,3,-1.25275,0.704147,1,-30.9964,-30.9964,907,907,124.99,124.99,9.32382e+11,0
evt_488,24,1,-1,1,1,1.54552,1.56261,2,-570.58,-17.6523,29453,331,344.99,69.99,9.32382e+11,0
evt_488,25,1,-1,1,1,-0.326845,0.624382,1,-1055.26,-1055.26,51423,51423,369.99,369.99,9.32382e+11,0
evt_488,40,1,-1,1,3,-3.40326,0.905622,1,-154.634,-154.634,7066,7066,264.99,264.99,9.32382e+11,0
evt_488,41,1,-1,1,3,-0.550597,0.717129,1,-139.65,-139.65,6366,6366,262.49,262.49,9.32382e+11,0
evt_488,50,2,-1,2,1,-0.236165,0.814538,2,-961.398,-116.164,56827,4486,449.99,212.49,9.32382e+11,0
evt_488,51,2,-1,2,1,1.31026,0.871507,1,-907.031,-907.031,47515,47515,389.99,389.99,9.32382e+11,0
evt_488,58,2,-1,2,2,1.08396,0.995893,1,-31.0939,-31.0939,306,306,79.99,79.99,9.32382e+11,0
evt_488,59,2,-1,2,2,-0.72395,0.818004,1,-41.5836,-41.5836,403,403,82.49,82.49,9.32382e+11,0
evt_488,72,3,-1,1,1,-0.418733,1.00618,1,-16.0161,-16.0161,328,328,69.99,69.99,9.32382e+11,0
evt_488,76,3,-1,3,1,-7.59877,0.823875,1,-17.8821,-17.8821,864,864,142.49,142.49,9.32382e+11,0
evt_488,90,3,-1,2,3,10.5623,0.704108,2,-130.576,-18.2633,6386,296,294.99,79.99,1.49602e+14,4.61344e+18
evt_488,91,3,-1,2,3,19.4628,2.90259,1,-77.05,-77.05,3400,3400,262.49,262.49,0,4.59594e+18
evt_488,93,3,-1,3,3,-2.32541,1.21201,1,-18.7956,-18.7956,899,899,152.49,152.49,0,4.53899e+18
evt_489,21,0,-1,3,3,2.71109,0.987526,1,-38.1992,-38.1992,1481,1481,167.49,167.49,9.32541e+11,0
evt_489,22,0,-1,4,3,-3.16161,1.07956,1,-40.7199,-40.7199,1782,1782,184.99,184.99,9.32541e+11,0
evt_489,23,0,-1,4,3,3.89633,0.967829,1,-39.4957,-39.4957,1227,1227,144.99,144.99,9.32541e+11,0
evt_489,38,1,-1,4,2,13.1947,0.971961,1,-34.576,-34.576,811,811,117.49,117.49,9.32541e+11,0
evt_489,46,1,-1,4,3,-2.1932,1.07585,1,-144.682,-144.682,6215,6215,262.49,262.49,9.32541e+11,0
evt_489,47,1,-1,4,3,-2.82496,1.11822,1,-120.019,-120.019,6512,6512,272.49,272.49,9.32541e+11,0
evt_489,52,2,-1,3,1,-5.39437,0.761032,5,-1212.79,-24.5145,60122,634,399.99,109.99,9.32541e+11,0
evt_489,53,2,-1,3,1,-3.05129,0.746065,3,-1011.4,-18.6023,48797,311,352.49,77.49,9.32541e+11,0
evt_489,74,3,-1,2,1,0.703225,0.876428,3,-384.603,-46.3219,17502,1620,307.49,162.49,9.32541e+11,0
evt_489,75,3,-1,2,1,-1.33975,0.70649,1,-263.521,-263.521,12900,12900,309.99,309.99,9.32541e+11,0
evt_489,80,3,-1,1,2,7.61871,0.989314,2,-605.541,-46.3825,35984,1541,397.49,132.49,9.32541e+11,0
evt_489,81,3,-1,1,2,-3.77814,1.28712,2,-518.796,-145.765,29789,6152,437.49,232.49,9.32541e+11,0
evt_490,5,0,-1,3,1,-0.790751,0.959978,1,-50.9374,-50.9374,1923,1923,172.49,172.49,9.32588e+11,0
evt_490,12,0,-1,3,2,3.72342,0.802661,4,-1249.97,-32.521,60274,338,354.99,32.49,9.32588e+11,0
evt_490,13,0,-1,3,2,-1.13241,0.848486,3,-1110.16,-19.86,61737,356,447.49,29.99,9.32588e+11,0
evt_490,40,1,-1,1,3,1.82134,0.878573,1,-683.81,-683.81,31152,31152,344.99,344.99,9.32588e+11,0
evt_490,41,1,-1,1,3,-2.32463,0.967477,1,-701.654,-701.654,38153,38153,384.99,384.99,9.32588e+11,0
evt_490,50,2,-1,2,1,-0.155464,0.930552,1,-19.6314,-19.6314,110,110,57.49,57.49,9.32588e+11,0
evt_490,52,2,-1,3,1,-2.7269,0.965324,1,-21.2549,-21.2549,137,137,62.49,62.49,9.32588e+11,0
evt_490,53,2,-1,3,1,1.67082,1.05292,1,-42.0239,-42.0239,325,325,72.49,72.49,9.32588e+11,0
evt_490,56,2,-1,1,2,-17.7883,0.906129,1,-26.9785,-26.9785,21486,21486,2507.49,2507.49,9.32588e+11,0
evt_490,72,3,-1,1,1,-7.40135,0.650442,1,-15.7076,-15.7076,344,344,69.99,69.99,9.32588e+11,0
evt_490,82,3,-1,2,2,-19.9815,1.58262,5,-23.0643,-17.3492,5211,656,862.49,119.99,9.32588e+11,0
evt_490,84,3,-1,3,2,-2.0114,0.813636,4,-1223.03,-23.4081,168591,361,782.49,77.49,9.32588e+11,0
evt_490,85,3,-1,3,2,-2.05197,0.840202,4,-1113.46,-41.5957,100949,479,467.49,104.99,9.32588e+11,0
evt_490,86,3,-1,4,2,1.71081,0.823409,4,-1250.59,-29.024,112878,299,452.49,92.49,9.32588e+11,0
evt_490,87,3,-1,4,2,-5.9479,1.23041,2,-1250.24,-47.8082,117006,3257,454.99,327.49,9.32588e+11,0
evt_490,93,3,-1,3,3,-6.71603,0.97732,3,-16.0888,-15.7101,574,378,104.99,69.99,0,4.61411e+18
evt_491,20,0,-1,3,3,1.63089,0.804412,1,-16.8892,-16.8892,377,377,72.49,72.49,9.32613e+11,0
evt_491,21,0,-1,3,3,0.459246,0.902724,1,-21.5046,-21.5046,699,699,114.99,114.99,9.32613e+11,0
evt_491,42,1,-1,2,3,-0.643335,0.94393,2,-1200.93,-69.6933,58149,2431,372.49,179.99,9.32613e+11,0
evt_491,43,1,-1,2,3,-0.216958,0.8907,1,-173.584,-173.584,8424,8424,279.99,279.99,9.32613e+11,0
evt_491,50,2,-1,2,1,-1.19842,0.786774,1,-18.1846,-18.1846,499,499,94.99,94.99,9.32613e+11,0
evt_491,51,2,-1,2,1,-0.782088,0.956914,1,-107.556,-107.556,5134,5134,259.99,259.99,9.32613e+11,0
evt_491,80,3,-1,1,2,-3.98365,1.41896,1,-19.7227,-19.7227,753,753,132.49,132.49,9.32613e+11,0
evt_491,93,3,-1,3,3,-7.28874,1.15558,2,-19.2527,-15.9722,812,486,139.99,87.49,0,4.59189e+18
evt_492,16,0,-1,1,3,8.39348,0.938133,2,-74.7273,-52.841,2452,2064,187.49,169.99,9.3263e+11,0
evt_492,49,2,-1,1,1,-0.431119,0.799689,1,-73.4308,-73.4308,766,766,79.99,79.99,9.3263e+11,0
evt_493,6,0,-1,4,1,-5.79148,0.867955,2,-947.715,-42.3551,51600,1720,427.49,194.99,9.32684e+11,0
evt_493,7,0,-1,4,1,-1.75732,1.39885,1,-238.405,-238.405,10358,10358,279.99,279.99,9.32684e+11,0
evt_493,44,1,-1,3,3,1.50289,0.723364,1,-354.941,-354.941,17833,17833,332.49,332.49,9.32684e+11,0
evt_493,45,1,-1,3,3,-2.98828,1.07135,1,-172.016,-172.016,10035,10035,339.99,339.99,9.32684e+11,0
evt_493,55,2,-1,4,1,-0.155426,0.779953,1,-30.6578,-30.6578,1086,1086,142.49,142.49,9.32684e+11,0
evt_493,56,2,-1,1,2,4.60121,1.30207,1,-626.89,-626.89,34486,34486,362.49,362.49,9.32684e+11,0
evt_493,57,2,-1,1,2,1.69235,0.651712,1,-378.617,-378.617,19580,19580,344.99,344.99,9.32684e+11,0
evt_493,72,3,-1,1,1,-6.27473,1.04402,1,-549.075,-549.075,32256,32256,374.99,374.99,9.32684e+11,0
evt_493,73,3,-1,1,1,1.16749,1.63117,1,-255.743,-255.743,13667,13667,337.49,337.49,9.32684e+11,0
evt_493,76,3,-1,3,1,-10.0574,0.72231,2,-17.9176,-17.1185,640,456,109.99,87.49,9.32684e+11,0
evt_494,25,1,-1,1,1,-2.02279,0.943366,1,-42.01,-42.01,1728,1728,177.49,177.49,9.32684e+11,0
evt_494,48,2,-1,1,1,21.8142,0.812085,1,-31.6132,-31.6132,869,869,127.49,127.49,9.32684e+11,0
evt_494,49,2,-1,1,1,12.8823,0.669365,1,-41.0987,-41.0987,1265,1265,147.49,147.49,9.32684e+11,0
evt_494,72,3,-1,1,1,-18.7313,0.73392,1,-30.6513,-30.6513,21192,21192,2507.49,2507.49,9.32684e+11,0
evt_494,74,3,-1,2,1,1.54488,1.05162,2,-317.697,-47.3113,16368,1777,324.99,167.49,9.32684e+11,0
evt_494,75,3,-1,2,1,-0.684667,0.559464,1,-101.87,-101.87,6150,6150,307.49,307.49,9.32684e+11,0
evt_495,34,1,-1,2,2,4.27182,1.22923,1,-180.981,-180.981,6951,6951,242.49,242.49,9.32687e+11,0
evt_495,35,1,-1,2,2,-0.886649,1.24787,1,-21.502,-21.502,628,628,107.49,107.49,9.32687e+11,0
evt_495,62,2,-1,4,2,-1.9643,0.480566,1,-71.7428,-71.7428,544,544,72.49,72.49,9.32687e+11,0
evt_495,63,2,-1,4,2,0.200728,1.17252,1,-43.1644,-43.1644,262,262,69.99,69.99,9.32687e+11,0
evt_495,72,3,-1,1,1,-932.728,329.08,2,-1250.05,-63.1731,67165,2396,327.49,189.99,9.32687e+11,0
evt_495,73,3,-1,1,1,-1126.68,205.853,3,-1249.93,-18.071,73609,199,342.49,79.99,9.32687e+11,0
evt_496,18,0,-1,2,3,3.03728,0.925386,1,-392.384,-392.384,18660,18660,304.99,304.99,9.32705e+11,0
evt_496,19,0,-1,2,3,0.422872,0.640719,2,-549.418,-24.1704,29948,742,362.49,124.99,9.32705e+11,0
evt_496,41,1,-1,1,3,-0.294412,0.746112,1,-41.6366,-41.6366,1753,1753,182.49,182.49,9.32705e+11,0
evt_496,50,2,-1,2,1,-0.47206,0.865112,1,-1250.19,-1250.19,25681,25681,82.49,82.49,9.32705e+11,0
evt_496,51,2,-1,2,1,0.636367,0.76511,1,-1250.24,-1250.24,24335,24335,77.49,77.49,9.32705e+11,0
evt_496,52,2,-1,3,1,-0.132017,0.66129,1,-16.9395,-16.9395,53,53,54.99,54.99,9.32705e+11,0
evt_496,53,2,-1,3,1,-1.59377,0.690281,1,-16.4841,-16.4841,103,103,57.49,57.49,9.32705e+11,0
evt_496,54,2,-1,4,1,14.1805,1.35711,2,-685.345,-18.7597,27226,234,287.49,74.99,9.32705e+11,0
evt_496,62,2,-1,4,2,-0.336048,0.929942,1,-64.918,-64.918,806,806,87.49,87.49,9.32705e+11,0
evt_496,63,2,-1,4,2,-2.69181,1.02009,1,-48.2302,-48.2302,517,517,82.49,82.49,9.32705e+11,0
evt_496,66,2,-1,2,3,-2.12226,0.658285,1,-19.7856,-19.7856,577,577,109.99,109.99,9.32705e+11,0
evt_496,68,2,-1,3,3,-0.426233,1.66914,2,-265.659,-56.088,13828,1860,354.99,174.99,9.32705e+11,0
evt_496,69,2,-1,3,3,1.32672,0.651425,1,-168.739,-168.739,7754,7754,277.49,277.49,9.32705e+11,0
evt_496,80,3,-1,1,2,-1.74423,1.90778,2,-1250.27,-55.8286,84052,2050,402.49,174.99,9.32705e+11,0
evt_496,81,3,-1,1,2,1.09539,0.898256,1,-1250.21,-1250.21,81163,81163,492.49,492.49,9.32705e+11,0
evt_497,36,1,-1,3,2,13.756,1.28042,3,-780.075,-30.0806,34820,700,347.49,114.99,9.3271e+11,0
evt_497,37,1,-1,3,2,31.2581,1.21945,1,-30.1961,-30.1961,674,674,89.99,89.99,9.3271e+11,0
evt_497,51,2,-1,2,1,0.664425,0.682891,1,-18.7683,-18.7683,135,135,62.49,62.49,9.3271e+11,0
evt_497,52,2,-1,3,1,-0.00145487,0.830161,1,-50.8618,-50.8618,1925,1925,179.99,179.99,9.3271e+11,0
evt_497,60,2,-1,3,2,7.29183,0.570404,2,-534.053,-18.5296,25142,390,319.99,82.49,9.3271e+11,0
evt_497,61,2,-1,3,2,8.72309,0.828733,3,-818.469,-29.7367,39376,706,354.99,112.49,9.3271e+11,0
evt_497,82,3,-1,2,2,-7.38383,4.72053,1,-53.8324,-53.8324,1825,1825,179.99,179.99,9.3271e+11,0
evt_497,83,3,-1,2,2,-9.96643,3.76854,1,-19.3661,-19.3661,611,611,112.49,112.49,9.3271e+11,0
evt_497,84,3,-1,3,2,1.63703,0.691369,1,-205.097,-205.097,8975,8975,272.49,272.49,9.3271e+11,0
evt_497,85,3,-1,3,2,-1.05327,0.793907,1,-65.0705,-65.0705,2142,2142,174.99,174.99,9.3271e+11,0
evt_498,12,0,-1,3,2,-2.55243,1.04586,1,-57.2317,-57.2317,2648,2648,214.99,214.99,9.32886e+11,0
evt_498,20,0,-1,3,3,-3.79882,0.820881,1,-51.5128,-51.5128,2308,2308,209.99,209.99,9.32886e+11,0
evt_498,21,0,-1,3,3,-2.55261,0.788915,1,-73.923,-73.923,3221,3221,219.99,219.99,9.32886e+11,0
evt_498,34,1,-1,2,2,0.370312,0.828968,1,-91.7399,-91.7399,3486,3486,212.49,212.49,9.32886e+11,0
evt_498,35,1,-1,2,2,2.18147,1.37586,1,-239.464,-239.464,11221,11221,307.49,307.49,9.32886e+11,0
evt_498,36,1,-1,3,2,2.05595,0.564976,1,-120.022,-120.022,5739,5739,247.49,247.49,9.32886e+11,0
evt_498,37,1,-1,3,2,3.39485,0.945061,1,-83.3435,-83.3435,4029,4029,267.49,267.49,9.32886e+11,0
evt_498,60,2,-1,3,2,-1.83794,0.941338,1,-41.4808,-41.4808,2047,2047,247.49,247.49,9.32886e+11,0
evt_498,61,2,-1,3,2,-2.50092,0.892746,1,-162.449,-162.449,6330,6330,252.49,252.49,9.32886e+11,0
evt_498,82,3,-1,2,2,8.58322,2.17233,1,-841.26,-841.26,38866,38866,339.99,339.99,9.32886e+11,0
evt_498,83,3,-1,2,2,1.74567,0.701472,1,-454.984,-454.984,24607,24607,337.49,337.49,9.32886e+11,0
evt_498,84,3,-1,3,2,0.905173,0.798334,3,-1249.7,-26.3832,93635,556,429.99,107.49,9.32886e+11,0
evt_498,85,3,-1,3,2,-2.53977,0.768512,2,-1250.27,-168.854,80167,3528,377.49,72.49,9.32886e+11,0
evt_498,92,3,-1,3,3,1.59981,1.39837,1,-1251.07,-1251.07,117497,117497,339.99,339.99,0,1.37902e+19
evt_498,93,3,-1,3,3,8.84745,0.516756,1,-473.097,-473.097,24059,24059,309.99,309.99,0,1.36631e+19
evt_499,4,0,-1,3,1,1.0136,0.66793,1,-31.1871,-31.1871,1162,1162,147.49,147.49,9.32921e+11,0
evt_499,5,0,-1,3,1,-0.160611,1.26953,2,-78.1564,-27.8012,2934,1011,197.49,139.99,9.32921e+11,0
evt_499,38,1,-1,4,2,1.73933,0.914912,1,-41.1002,-41.1002,1276,1276,147.49,147.49,9.32921e+11,0
evt_499,39,1,-1,4,2,-0.0729779,0.885236,1,-29.2427,-29.2427,1266,1266,174.99,174.99,9.32921e+11,0
evt_499,46,1,-1,4,3,2.55288,0.983744,2,-1250.04,-38.9952,97075,559,384.99,44.99,9.32921e+11,0
evt_499,47,1,-1,4,3,0.126506,0.966359,1,-1250.39,-1250.39,119393,119393,462.49,462.49,9.32921e+11,0
evt_499,52,2,-1,3,1,2.73905,0.908942,1,-50.7454,-50.7454,1959,1959,184.99,184.99,9.32921e+11,0
evt_499,53,2,-1,3,1,-2.72502,1.03384,1,-124.248,-124.248,5406,5406,247.49,247.49,9.32921e+11,0
evt_499,56,2,-1,1,2,-8.30284,1.08073,3,-18.4912,-15.1678,2047,142,342.49,24.99,9.32921e+11,0
evt_499,62,2,-1,4,2,1.12699,1.00762,1,-20.3616,-20.3616,500,500,92.49,92.49,9.32921e+11,0
evt_499,63,2,-1,4,2,5.95025,0.816587,1,-65.3079,-65.3079,2745,2745,204.99,204.99,9.32921e+11,0
evt_499,76,3,-1,3,1,2.16988,0.673306,2,-1250,-26.9163,93818,551,444.99,112.49,9.32921e+11,0
evt_499,77,3,-1,3,1,-1.03834,1.22478,2,-1250.04,-27.5639,105727,574,569.99,112.49,9.32921e+11,0
evt_499,82,3,-1,2,2,-0.740898,2.00732,1,-438.471,-438.471,19672,19672,319.99,319.99,9.32921e+11,0
evt_499,83,3,-1,2,2,0.844913,0.633269,1,-413.657,-413.657,19272,19272,307.49,307.49,9.32921e+11,0
evt_499,84,3,-1,3,2,0.112846,0.69481,1,-828.267,-828.267,45054,45054,387.49,387.49,9.32921e+11,0
evt_499,85,3,-1,3,2,3.05903,0.541321,1,-514.802,-514.802,24960,24960,339.99,339.99,9.32921e+11,0
evt_499,93,3,-1,3,3,-5.25237,0.69989,1,-17.693,-17.693,844,844,144.99,144.99,0,4.58078e+18
evt_500,3,0,-1,2,1,-1.71851,0.775463,1,-41.4807,-41.4807,1736,1736,179.99,179.99,9.3303e+11,0
evt_500,72,3,-1,1,1,0.560067,2.19432,5,-20.0179,-15.5786,1417,273,219.99,57.49,9.3303e+11,0
evt_501,21,0,-1,3,3,0.297377,0.862784,1,-34.1214,-34.1214,1307,1307,162.49,162.49,9.33048e+11,0
evt_501,26,1,-1,2,1,-2.82612,0.925834,1,-42.4713,-42.4713,1713,1713,182.49,182.49,9.33048e+11,0
evt_501,44,1,-1,3,3,2.00529,0.766479,3,-1212.49,-40.6367,57978,1036,369.99,127.49,9.33048e+11,0
evt_501,45,1,-1,3,3,4.9112,1.27821,1,-451.553,-451.553,20812,20812,339.99,339.99,9.33048e+11,0
evt_501,54,2,-1,4,1,-0.91624,1.13789,1,-38.1598,-38.1598,266,266,67.49,67.49,9.33048e+11,0
evt_501,55,2,-1,4,1,-5.94635,1.01947,1,-20.2053,-20.2053,248,248,59.99,59.99,9.33048e+11,0
evt_501,62,2,-1,4,2,-1.9695,1.34233,1,-1250.27,-1250.27,93003,93003,399.99,399.99,9.33048e+11,0
evt_501,63,2,-1,4,2,-1.45963,0.731305,1,-1250.5,-1250.5,107626,107626,439.99,439.99,9.33048e+11,0
evt_501,86,3,-1,4,2,-1.70502,0.869663,2,-1250.65,-93.0612,107938,1818,404.99,137.49,9.33048e+11,0
evt_501,87,3,-1,4,2,5.91754,2.14616,5,-1250.62,-34.0834,141779,686,464.99,64.99,9.33048e+11,0
evt_502,0,0,-1,1,1,-2.96147,1.01367,2,-1250.07,-24.8566,74191,581,392.49,107.49,9.33122e+11,0
evt_502,1,0,-1,1,1,0.68702,0.785813,2,-1250.35,-73.0075,88646,3092,362.49,199.99,9.33122e+11,0
evt_502,36,1,-1,3,2,-3.89535,0.801937,1,-79.948,-79.948,3106,3106,207.49,207.49,9.33122e+11,0
evt_502,37,1,-1,3,2,3.42014,1.14737,2,-101.222,-46.1286,5149,1470,267.49,152.49,9.33122e+11,0
evt_502,70,2,-1,4,3,2.05568,1.00459,2,-60.5426,-24.7759,3686,676,272.49,107.49,9.33122e+11,0
evt_502,71,2,-1,4,3,1.79938,0.883397,1,-154.938,-154.938,7059,7059,259.99,259.99,9.33122e+11,0
evt_502,72,3,-1,1,1,-24.9758,2.54587,5,-25.619,-15.7837,4379,380,584.99,72.49,9.33122e+11,0
evt_502,73,3,-1,1,1,5.2074,1.39271,1,-38.1279,-38.1279,1376,1376,159.99,159.99,9.33122e+11,0
evt_502,94,3,-1,4,3,0.843586,0.917932,2,-156.351,-18.6974,6972,561,259.99,104.99,4.38087e+11,1.38208e+19
evt_502,95,3,-1,4,3,0.590316,0.791493,1,-199.284,-199.284,9564,9564,287.49,287.49,4.38087e+11,1.38382e+19
evt_503,5,0,-1,3,1,-2.23638,0.670146,2,-71.9806,-60.3938,3092,2370,217.49,197.49,9.33132e+11,0
evt_503,34,1,-1,2,2,2.21812,0.984945,2,-42.0933,-30.0813,2593,455,282.49,44.99,9.33132e+11,0
evt_503,35,1,-1,2,2,3.99045,0.981214,1,-179.479,-179.479,8733,8733,299.99,299.99,9.33132e+11,0
evt_503,56,2,-1,1,2,-1.74038,0.85402,1,-157.3,-157.3,8594,8594,302.49,302.49,9.33132e+11,0
evt_503,57,2,-1,1,2,-0.313654,0.805286,1,-189.253,-189.253,8537,8537,302.49,302.49,9.33132e+11,0
evt_503,59,2,-1,2,2,0.143437,0.693117,1,-33.0904,-33.0904,276,276,74.99,74.99,9.33132e+11,0
evt_503,86,3,-1,4,2,-1.22827,1.21476,4,-1250.5,-34.9999,105570,442,414.99,97.49,9.33132e+11,0
evt_503,87,3,-1,4,2,-3.99671,1.13985,1,-1250.27,-1250.27,131413,131413,629.99,629.99,9.33132e+11,0
evt_504,4,0,-1,3,1,1.6417,0.692623,2,-1236.92,-90.0511,98778,2704,429.99,119.99,9.33236e+11,0
evt_504,5,0,-1,3,1,-0.716723,0.736203,2,-1250.39,-53.8303,115154,874,627.49,119.99,9.33236e+11,0
evt_504,29,1,-1,3,1,3.12356,0.866628,2,-81.3957,-46.248,3233,1673,207.49,169.99,9.33236e+11,0
evt_504,68,2,-1,3,3,1.59823,0.769732,1,-1046.88,-1046.88,8227,8227,47.49,47.49,9.33236e+11,0
evt_504,69,2,-1,3,3,-5.95799,0.874118,1,-738.109,-738.109,7264,7264,57.49,57.49,9.33236e+11,0
evt_504,70,2,-1,4,3,2.12235,0.934501,1,-74.3573,-74.3573,3032,3032,239.99,239.99,9.33236e+11,0
evt_504,71,2,-1,4,3,0.347937,0.971042,3,-249.986,-25.3913,10114,693,267.49,112.49,9.33236e+11,0
evt_504,72,3,-1,1,1,-1.00992,0.928205,1,-18.6433,-18.6433,674,674,117.49,117.49,9.33236e+11,0
evt_504,76,3,-1,3,1,-6.535,0.986442,4,-20.6649,-16.013,1880,313,304.99,59.99,9.33236e+11,0
evt_504,78,3,-1,4,1,-12.4718,1.21425,1,-19.1386,-19.1386,879,879,144.99,144.99,9.33236e+11,0
evt_504,80,3,-1,1,2,-4.51599,0.967049,2,-21.2848,-16.9031,1125,580,174.99,107.49,9.33236e+11,0
evt_504,93,3,-1,3,3,-3.46673,0.814498,1,-17.0431,-17.0431,925,925,162.49,162.49,0,4.60968e+18
evt_505,2,0,-1,2,1,-0.719792,0.89366,1,-668.446,-668.446,55505,55505,447.49,447.49,9.33289e+11,0
evt_505,3,0,-1,2,1,1.14006,1.07173,3,-649.037,-21.9982,50229,545,477.49,99.99,9.33289e+11,0
evt_505,24,1,-1,1,1,-1.91281,1.06181,3,-525.442,-40.4888,23560,1150,319.99,119.99,9.33289e+11,0
evt_505,25,1,-1,1,1,1.11945,0.728867,1,-1007.87,-1007.87,49929,49929,362.49,362.49,9.33289e+11,0
evt_505,50,2,-1,2,1,-1.10909,0.723707,1,-1056.68,-1056.68,55394,55394,379.99,379.99,9.33289e+11,0
evt_505,51,2,-1,2,1,0.904705,0.724599,2,-953.008,-29.0122,53589,737,392.49,82.49,9.33289e+11,0
evt_505,66,2,-1,2,3,2.11175,0.989387,1,-24.247,-24.247,673,673,114.99,114.99,9.33289e+11,0
evt_505,74,3,-1,2,1,2.50535,1.20877,2,-325.631,-75.5611,13043,2972,282.49,194.99,9.33289e+11,0
evt_505,75,3,-1,2,1,1.19841,1.0859,1,-290.662,-290.662,13491,13491,299.99,299.99,9.33289e+11,0
evt_505,80,3,-1,1,2,0.197213,1.49776,1,-1249.9,-1249.9,88795,88795,439.99,439.99,9.33289e+11,0
evt_505,81,3,-1,1,2,-0.072793,1.05035,1,-1251.62,-1251.62,88089,88089,452.49,452.49,9.33289e+11,0
evt_505,85,3,-1,3,2,5.09757,0.907914,1,-33.2555,-33.2555,874,874,122.49,122.49,9.33289e+11,0
evt_506,30,1,-1,4,1,-1.28574,1.0011,2,-266.606,-20.5804,9878,563,249.99,102.49,9.33311e+11,0
evt_506,31,1,-1,4,1,0.917075,0.871013,1,-334.585,-334.585,13584,13584,282.49,282.49,9.33311e+11,0
evt_506,38,1,-1,4,2,-0.556502,0.946069,1,-91.1214,-91.1214,3567,3567,214.99,214.99,9.33311e+11,0
evt_506,39,1,-1,4,2,2.63247,0.944911,1,-93.7098,-93.7098,3589,3589,204.99,204.99,9.33311e+11,0
evt_506,68,2,-1,3,3,-2.27159,0.835283,3,-192.807,-42.6583,11934,1439,342.49,157.49,9.33311e+11,0
evt_506,69,2,-1,3,3,-5.29575,0.653027,1,-196.199,-196.199,10347,10347,342.49,342.49,9.33311e+11,0
evt_506,82,3,-1,2,2,-12.7325,1.51503,2,-21.2951,-17.1867,13733,1144,2159.99,199.99,9.33311e+11,0
evt_507,6,0,-1,4,1,-2.32631,0.922987,1,-47.6923,-47.6923,1627,1627,162.49,162.49,9.33341e+11,0
evt_507,23,0,-1,4,3,2.96205,0.794405,1,-29.7251,-29.7251,845,845,124.99,124.99,9.33341e+11,0
evt_507,30,1,-1,4,1,-2.32124,0.802871,3,-1250.23,-24.5307,113197,28,382.49,87.49,9.33341e+11,0
evt_507,31,1,-1,4,1,1.09689,0.85743,2,-1250.23,-26.3065,92922,172,389.99,74.99,9.33341e+11,0
evt_507,54,2,-1,4,1,1.68072,0.930318,4,-1250.08,-16.7402,73801,186,379.99,79.99,9.33341e+11,0
evt_507,55,2,-1,4,1,-0.731925,1.01628,3,-1250.65,-36.4493,96320,693,549.99,114.99,9.33341e+11,0
evt_507,82,3,-1,2,2,-13.299,1.77812,4,-17.1187,-15.5884,2159,401,379.99,74.99,9.33341e+11,0
evt_508,4,0,-1,3,1,35.4577,1.05249,1,-43.2323,-43.2323,1117,1117,132.49,132.49,9.33374e+11,0
evt_508,5,0,-1,3,1,50.3483,0.904701,1,-138.82,-138.82,3580,3580,159.99,159.99,9.33374e+11,0
evt_508,20,0,-1,3,3,19.5422,1.09413,5,-356.884,-18.1118,14315,164,259.99,19.99,9.33374e+11,0
evt_508,21,0,-1,3,3,9.57805,1.64669,2,-168.049,-28.8197,5519,629,197.49,107.49,9.33374e+11,0
evt_508,22,0,-1,4,3,-0.537036,0.93272,1,-1150.43,-1150.43,58121,58121,412.49,412.49,9.33374e+11,0
evt_508,23,0,-1,4,3,-0.428216,0.691702,1,-534.555,-534.555,22369,22369,307.49,307.49,9.33374e+11,0
evt_508,38,1,-1,4,2,0.340881,0.886423,1,-1250.23,-1250.23,109719,109719,424.99,424.99,9.33374e+11,0
evt_508,39,1,-1,4,2,-2.63343,1.10632,1,-1250,-1250,114084,114084,512.49,512.49,9.33374e+11,0
evt_508,42,1,-1,2,3,-6.82558,0.75422,1,-712.137,-712.137,41743,41743,487.49,487.49,9.33374e+11,0
evt_508,43,1,-1,2,3,-0.321906,0.874666,1,-244.99,-244.99,10656,10656,287.49,287.49,9.33374e+11,0
evt_508,70,2,-1,4,3,50.4963,4.26867,3,-323.993,-17.9521,10954,155,212.49,27.49,9.33374e+11,0
evt_508,71,2,-1,4,3,78.3841,7.73462,2,-451.133,-36.6765,22817,289,442.49,99.99,9.33374e+11,0
evt_508,92,3,-1,3,3,12.4756,1.29978,2,-1251.07,-1250.35,121042,104026,459.99,384.99,0,4.64504e+18
evt_508,93,3,-1,3,3,-6.47135,1.81778,3,-299.967,-28.4794,17997,815,344.99,122.49,0,4.63128e+18
evt_508,94,3,-1,4,3,-0.22871,0.908781,3,-1250.34,-24.5856,92483,389,542.49,92.49,4.38087e+11,4.63197e+18
evt_508,95,3,-1,4,3,1.38742,0.815631,4,-1249.85,-21.8093,80501,648,392.49,114.99,4.38087e+11,4.61754e+18
evt_509,17,0,-1,1,3,16.1631,0.825277,1,-24.1013,-24.1013,596,596,109.99,109.99,9.33394e+11,0
evt_509,30,1,-1,4,1,1.02722,1.32587,2,-557.578,-57.9518,28248,2813,419.99,262.49,9.33394e+11,0
evt_509,31,1,-1,4,1,0.0638821,0.618574,1,-443.89,-443.89,22911,22911,399.99,399.99,9.33394e+11,0
evt_509,54,2,-1,4,1,-0.388451,0.88311,1,-895.29,-895.29,39914,39914,389.99,389.99,9.33394e+11,0
evt_509,55,2,-1,4,1,4.96334,0.841345,1,-894.252,-894.252,43237,43237,357.49,357.49,9.33394e+11,0
evt_509,76,3,-1,3,1,-5.63092,1.38771,2,-1250.27,-40.4879,128455,861,477.49,129.99,9.33394e+11,0
evt_509,77,3,-1,3,1,0.312615,0.910236,1,-1250.27,-1250.27,129928,129928,754.99,754.99,9.33394e+11,0
evt_509,78,3,-1,4,1,2.10707,0.875121,2,-675.922,-61.4577,40446,2785,387.49,212.49,9.33394e+11,0
evt_509,79,3,-1,4,1,1.23354,1.17258,1,-601.443,-601.443,36721,36721,514.99,514.99,9.33394e+11,0
evt_510,19,0,-1,2,3,4.38405,0.802239,1,-28.3238,-28.3238,794,794,122.49,122.49,9.33402e+11,0
evt_510,36,1,-1,3,2,6.30077,1.06788,1,-46.2289,-46.2289,1311,1311,144.99,144.99,9.33402e+11,0
evt_510,52,2,-1,3,1,-2.99838,0.756899,1,-474.122,-474.122,22310,22310,337.49,337.49,9.33402e+11,0
evt_510,53,2,-1,3,1,-0.919489,1.01854,1,-386.08,-386.08,18853,18853,327.49,327.49,9.33402e+11,0
evt_510,62,2,-1,4,2,-0.34423,0.768471,1,-17.6397,-17.6397,128,128,59.99,59.99,9.33402e+11,0
evt_510,72,3,-1,1,1,-1.0757,1.58939,1,-27.2126,-27.2126,906,906,142.49,142.49,9.33402e+11,0
evt_510,73,3,-1,1,1,2.77947,1.83123,1,-37.8137,-37.8137,1617,1617,179.99,179.99,9.33402e+11,0
evt_511,56,2,-1,1,2,0.263339,0.842244,1,-39.5841,-39.5841,453,453,87.49,87.49,9.3343e+11,0
evt_511,57,2,-1,1,2,-0.037292,0.770122,1,-84.8745,-84.8745,1131,1131,87.49,87.49,9.3343e+11,0
evt_511,78,3,-1,4,1,-12.9075,1.14219,1,-15.8974,-15.8974,442,442,79.99,79.99,9.3343e+11,0
evt_511,80,3,-1,1,2,-6.13761,0.87534,3,-18.8607,-15.3972,595,276,109.99,67.49,9.3343e+11,0
evt_512,6,0,-1,4,1,-0.253747,1.0662,3,-1028.03,-40.1811,72482,1013,502.49,134.99,9.33511e+11,0
evt_512,7,0,-1,4,1,3.47407,0.911543,1,-437.071,-437.071,23228,23228,357.49,357.49,9.33511e+11,0
evt_512,26,1,-1,2,1,-1.70985,1.12008,1,-36.3307,-36.3307,1659,1659,194.99,194.99,9.33511e+11,0
evt_512,27,1,-1,2,1,0.697956,0.882749,1,-43.5792,-43.5792,1692,1692,169.99,169.99,9.33511e+11,0
evt_512,49,2,-1,1,1,0.982319,0.497386,1,-24.6717,-24.6717,859,859,129.99,129.99,9.33511e+11,0
evt_512,72,3,-1,1,1,-17.3631,1.88689,5,-27.4105,-17.843,6074,819,804.99,142.49,9.33511e+11,0
evt_513,2,0,-1,2,1,18.9189,0.898211,2,-49.4076,-33.6268,1345,830,139.99,122.49,9.33543e+11,0
evt_513,20,0,-1,3,3,1.26726,0.859943,3,-1250.19,-32.3686,93171,647,379.99,107.49,9.33543e+11,0
evt_513,21,0,-1,3,3,2.25271,0.729402,1,-1250.35,-1250.35,103006,103006,447.49,447.49,9.33543e+11,0
evt_513,25,1,-1,1,1,-1.32015,0.843232,1,-21.9244,-21.9244,660,660,109.99,109.99,9.33543e+11,0
evt_513,44,1,-1,3,3,-0.771753,0.721362,1,-94.5121,-94.5121,3915,3915,227.49,227.49,9.33543e+11,0
evt_513,45,1,-1,3,3,-0.666509,0.778795,1,-73.1245,-73.1245,4253,4253,269.99,269.99,9.33543e+11,0
evt_513,56,2,-1,1,2,-0.379642,0.771848,1,-50.0991,-50.0991,606,606,82.49,82.49,9.33543e+11,0
evt_513,57,2,-1,1,2,1.93399,0.635359,1,-88.8418,-88.8418,949,949,79.99,79.99,9.33543e+11,0
evt_513,68,2,-1,3,3,1.1047,0.699542,1,-64.0444,-64.0444,2365,2365,189.99,189.99,9.33543e+11,0
evt_513,69,2,-1,3,3,-1.05965,1.35334,1,-90.0617,-90.0617,3577,3577,219.99,219.99,9.33543e+11,0
evt_513,72,3,-1,1,1,-11.5385,1.22316,3,-30.3116,-23.4026,14387,2024,1564.99,279.99,9.33543e+11,0
evt_513,78,3,-1,4,1,-6.58227,1.1983,1,-15.9718,-15.9718,452,452,84.99,84.99,9.33543e+11,0
evt_513,80,3,-1,1,2,-4.4656,0.879652,5,-18.9154,-16.2643,1642,431,259.99,84.99,9.33543e+11,0
evt_513,92,3,-1,3,3,1.12025,1.92218,1,-218.646,-218.646,9827,9827,279.99,279.99,0,4.59996e+18
evt_513,93,3,-1,3,3,-6.76578,0.874875,1,-16.1632,-16.1632,1016,1016,184.99,184.99,0,4.58906e+18
evt_514,12,0,-1,3,2,-0.760054,1.18933,1,-186.354,-186.354,8789,8789,282.49,282.49,9.33568e+11,0
evt_514,13,0,-1,3,2,-0.9356,0.946002,2,-277.627,-51.0882,14683,2055,317.49,184.99,9.33568e+11,0
evt_514,34,1,-1,2,2,-3.72548,0.83316,1,-90.6971,-90.6971,4239,4239,239.99,239.99,9.33568e+11,0
evt_514,35,1,-1,2,2,-0.783655,0.895973,1,-89.2108,-89.2108,3982,3982,229.99,229.99,9.33568e+11,0
evt_514,48,2,-1,1,1,-1.52652,1.31361,1,-101.68,-101.68,4488,4488,232.49,232.49,9.33568e+11,0
evt_514,49,2,-1,1,1,0.101643,0.823916,1,-86.8865,-86.8865,5200,5200,302.49,302.49,9.33568e+11,0
evt_514,64,2,-1,1,3,-209.745,55.6944,2,-125.313,-23.6386,2087,527,134.99,99.99,9.33568e+11,0
evt_514,65,2,-1,1,3,-205.171,56.041,2,-121.762,-16.8153,1900,219,127.49,67.49,9.33568e+11,0
evt_514,93,3,-1,3,3,5.56249,0.658179,1,-17.2707,-17.2707,405,405,77.49,77.49,0,4.60415e+18
evt_514,94,3,-1,4,3,0.948901,1.04085,4,-1243.15,-41.8631,70175,1175,374.99,139.99,4.38087e+11,4.63194e+18
evt_514,95,3,-1,4,3,0.668394,1.08857,3,-1053.89,-36.714,54499,1163,374.99,144.99,4.38087e+11,4.60433e+18
evt_515,5,0,-1,3,1,0.109517,0.792135,1,-46.8939,-46.8939,1965,1965,182.49,182.49,9.33628e+11,0
evt_515,28,1,-1,3,1,-25.5964,1.00637,1,-28.7868,-28.7868,24499,24499,2507.49,2507.49,9.33628e+11,0
evt_515,29,1,-1,3,1,-19.4782,0.834711,1,-26.4233,-26.4233,20251,20251,2507.49,2507.49,9.33628e+11,0
evt_515,35,1,-1,2,2,0.275665,0.784228,1,-36.4859,-36.4859,1459,1459,174.99,174.99,9.33628e+11,0
evt_515,52,2,-1,3,1,-0.259216,0.84079,1,-20.6631,-20.6631,113,113,62.49,62.49,9.33628e+11,0
evt_515,53,2,-1,3,1,0.253369,1.02283,1,-30.9371,-30.9371,166,166,62.49,62.49,9.33628e+11,0
evt_515,65,2,-1,1,3,-14.3621,0.720237,4,-17.615,-15.8603,2379,448,397.49,79.99,9.33628e+11,0
evt_515,76,3,-1,3,1,2.81016,0.800946,1,-19.6348,-19.6348,920,920,147.49,147.49,9.33628e+11,0
evt_516,22,0,-1,4,3,-2.31162,1.08389,1,-53.4544,-53.4544,2552,2552,222.49,222.49,9.3364e+11,0
evt_516,23,0,-1,4,3,-7.0046,0.841817,1,-115.251,-115.251,4588,4588,239.99,239.99,9.3364e+11,0
evt_516,41,1,-1,1,3,-14.784,3.69858,1,-64.36,-64.36,2906,2906,217.49,217.49,9.3364e+11,0
evt_516,42,1,-1,2,3,4.41049,1.05295,1,-81.1616,-81.1616,3550,3550,234.99,234.99,9.3364e+11,0
evt_516,52,2,-1,3,1,4.59392,0.584434,1,-30.0425,-30.0425,445,445,87.49,87.49,9.3364e+11,0
evt_516,53,2,-1,3,1,4.14128,0.730643,1,-26.1852,-26.1852,245,245,77.49,77.49,9.3364e+11,0
evt_516,58,2,-1,2,2,1.23642,0.795417,1,-444.805,-444.805,23674,23674,364.99,364.99,9.3364e+11,0
evt_516,59,2,-1,2,2,-0.113757,0.743849,3,-574.544,-39.8798,30119,1695,344.99,187.49,9.3364e+11,0
evt_516,72,3,-1,1,1,-18.5261,0.889241,6,-28.0144,-18.7577,4981,406,684.99,59.99,9.3364e+11,0
evt_516,80,3,-1,1,2,-11.9859,2.21421,1,-16.3657,-16.3657,623,623,114.99,114.99,9.3364e+11,0
evt_516,88,3,-1,1,3,1.23548,1.10424,3,-1061.17,-38.8473,52906,1071,394.99,129.99,1.49602e+14,1.10382e+12
evt_516,89,3,-1,1,3,1.6516,0.891434,2,-1188.15,-34.3503,63444,835,392.49,119.99,1.49602e+14,4.55853e+18
evt_516,93,3,-1,3,3,-16.0399,1.26365,2,-18.6868,-16.1656,828,729,137.49,132.49,0,4.56943e+18
evt_517,16,0,-1,1,3,-2.01825,1.03722,1,-651.475,-651.475,28416,28416,329.99,329.99,9.33732e+11,0
evt_517,17,0,-1,1,3,-3.76988,0.861795,2,-466.033,-69.3869,19048,2898,307.49,204.99,9.33732e+11,0
evt_517,41,1,-1,1,3,-0.994466,0.751722,1,-37.782,-37.782,1510,1510,172.49,172.49,9.33732e+11,0
evt_517,50,2,-1,2,1,-1.14097,0.785686,1,-20.1385,-20.1385,119,119,57.49,57.49,9.33732e+11,0
evt_517,72,3,-1,1,1,0.671732,0.826308,3,-19.471,-16.1724,1262,445,202.49,84.99,9.33732e+11,0
evt_517,88,3,-1,1,3,0.0442941,0.889367,1,-222.726,-222.726,8673,8673,292.49,292.49,1.49602e+14,1.10382e+12
evt_517,89,3,-1,1,3,1.55393,1.03735,1,-313.043,-313.043,13926,13926,294.99,294.99,1.49602e+14,1.3902e+19
evt_517,93,3,-1,3,3,-1.2321,1.04787,1,-16.9773,-16.9773,509,509,94.99,94.99,0,1.38907e+19
evt_518,6,0,-1,4,1,2.43833,0.901736,1,-35.8014,-35.8014,1217,1217,144.99,144.99,9.33742e+11,0
evt_518,20,0,-1,3,3,-1.43397,0.803288,1,-158.374,-158.374,7903,7903,282.49,282.49,9.33742e+11,0
evt_518,21,0,-1,3,3,0.604389,0.809783,1,-102.404,-102.404,4799,4799,247.49,247.49,9.33742e+11,0
evt_518,36,1,-1,3,2,-1.97467,0.983359,1,-429.364,-429.364,24298,24298,417.49,417.49,9.33742e+11,0
evt_518,37,1,-1,3,2,-1.99872,1.08656,3,-663.832,-17.5758,35025,336,374.99,69.99,9.33742e+11,0
evt_518,49,2,-1,1,1,-0.370739,1.00755,1,-68.5879,-68.5879,529,529,72.49,72.49,9.33742e+11,0
evt_518,50,2,-1,2,1,0.983877,0.92945,1,-118.565,-118.565,9637,9637,362.49,362.49,9.33742e+11,0
evt_518,51,2,-1,2,1,2.03597,0.828538,1,-178.463,-178.463,8525,8525,279.99,279.99,9.33742e+11,0
evt_518,56,2,-1,1,2,4.69135,1.24024,1,-57.2725,-57.2725,2217,2217,182.49,182.49,9.33742e+11,0
evt_518,93,3,-1,3,3,-9.7035,0.598425,3,-21.8449,-16.5467,4647,1116,729.99,192.49,0,1.38111e+19
evt_519,0,0,-1,1,1,-2.61437,0.891018,1,-29.093,-29.093,1051,1051,144.99,144.99,9.33814e+11,0
evt_519,30,1,-1,4,1,0.19291,1.11565,1,-327.341,-327.341,12847,12847,269.99,269.99,9.33814e+11,0
evt_519,31,1,-1,4,1,1.36538,1.09901,1,-117.315,-117.315,4856,4856,232.49,232.49,9.33814e+11,0
evt_519,48,2,-1,1,1,4.61174,0.60552,1,-107.132,-107.132,4600,4600,272.49,272.49,9.33814e+11,0
evt_519,49,2,-1,1,1,-0.160304,0.789326,1,-180.942,-180.942,8324,8324,274.99,274.99,9.33814e+11,0
evt_519,54,2,-1,4,1,0.342772,0.859856,1,-61.333,-61.333,343,343,64.99,64.99,9.33814e+11,0
evt_519,55,2,-1,4,1,0.751781,0.810797,1,-52.2258,-52.2258,234,234,62.49,62.49,9.33814e+11,0
evt_519,56,2,-1,1,2,-16.4721,0.627583,5,-19.9844,-15.5903,7885,325,1247.49,59.99,9.33814e+11,0
evt_519,60,2,-1,3,2,0.981048,0.986887,1,-316.537,-316.537,12925,12925,287.49,287.49,9.33814e+11,0
evt_519,61,2,-1,3,2,0.267314,0.648968,2,-405.304,-36.2517,18497,1201,327.49,147.49,9.33814e+11,0
evt_519,62,2,-1,4,2,2.81434,0.810235,1,-68.2116,-68.2116,352,352,67.49,67.49,9.33814e+11,0
evt_519,63,2,-1,4,2,-0.831734,0.717476,1,-46.8956,-46.8956,217,217,64.99,64.99,9.33814e+11,0
evt_519,72,3,-1,1,1,-17.6965,0.958151,2,-34.9715,-19.0866,21442,501,2304.99,89.99,9.33814e+11,0
evt_519,76,3,-1,3,1,-2.8941,1.17364,1,-17.3863,-17.3863,458,458,89.99,89.99,9.33814e+11,0
evt_519,82,3,-1,2,2,-2.20678,1.65638,1,-45.5218,-45.5218,1746,1746,182.49,182.49,9.33814e+11,0
evt_519,83,3,-1,2,2,0.312158,1.15163,1,-50.4435,-50.4435,2076,2076,192.49,192.49,9.33814e+11,0
evt_519,87,3,-1,4,2,0.124859,1.1852,1,-16.0507,-16.0507,433,433,77.49,77.49,9.33814e+11,0
evt_520,10,0,-1,2,2,-0.169732,0.893883,1,-288.606,-288.606,14297,14297,309.99,309.99,9.33818e+11,0
evt_520,11,0,-1,2,2,-0.936373,0.660584,1,-191.387,-191.387,11502,11502,334.99,334.99,9.33818e+11,0
evt_520,15,0,-1,4,2,4.33132,0.792683,3,-50.2476,-16.4669,1927,370,182.49,77.49,9.33818e+11,0
evt_520,24,1,-1,1,1,1.90147,1.04904,1,-42.4713,-42.4713,1371,1371,149.99,149.99,9.33818e+11,0
evt_520,38,1,-1,4,2,3.73677,1.01326,1,-329.284,-329.284,13837,13837,289.99,289.99,9.33818e+11,0
evt_520,39,1,-1,4,2,1.30888,0.817997,1,-139.803,-139.803,6105,6105,252.49,252.49,9.33818e+11,0
evt_520,62,2,-1,4,2,39.6545,0.808354,2,-108.982,-31.3397,3288,451,174.99,104.99,9.33818e+11,0
evt_520,63,2,-1,4,2,67.5924,1.0354,2,-75.9472,-16.7026,1157,71,64.99,49.99,9.33818e+11,0
evt_520,79,3,-1,4,1,14.1257,0.717447,1,-29.3561,-29.3561,883,883,129.99,129.99,9.33818e+11,0
evt_521,72,3,-1,1,1,-17.0033,1.37031,6,-24.3227,-17.9644,4379,1307,634.99,197.49,9.3383e+11,0
evt_521,93,3,-1,3,3,-3.96192,1.08259,1,-16.1725,-16.1725,666,666,119.99,119.99,0,4.54507e+18
evt_522,26,1,-1,2,1,-3.37794,0.962665,1,-174.002,-174.002,8625,8625,369.99,369.99,9.33839e+11,0
evt_522,27,1,-1,2,1,-0.094683,0.78375,1,-299.316,-299.316,18424,18424,352.49,352.49,9.33839e+11,0
evt_522,51,2,-1,2,1,1.36627,0.805942,1,-85.5526,-85.5526,3666,3666,222.49,222.49,9.33839e+11,0
evt_522,74,3,-1,2,1,-0.545351,0.976349,3,-1250.16,-18.684,106730,108,439.99,72.49,9.33839e+11,0
evt_522,75,3,-1,2,1,0.359265,0.727213,2,-1250.12,-28.7038,116175,959,564.99,147.49,9.33839e+11,0
evt_523,0,0,-1,1,1,0.811047,1.07896,1,-632.913,-632.913,30722,30722,419.99,419.99,9.33858e+11,0
evt_523,1,0,-1,1,1,-0.765567,0.687917,1,-1249.89,-1249.89,59058,59058,357.49,357.49,9.33858e+11,0
evt_523,2,0,-1,2,1,-3.28744,1.00945,2,-911.292,-250.323,45052,9554,382.49,207.49,9.33858e+11,0
evt_523,3,0,-1,2,1,-1.39262,1.343,1,-330.086,-330.086,19375,19375,442.49,442.49,9.33858e+11,0
evt_523,4,0,-1,3,1,-0.0797799,0.616825,1,-1250.61,-1250.61,241121,241121,864.99,864.99,9.33858e+11,0
evt_523,5,0,-1,3,1,-0.303629,0.694527,1,-1250.39,-1250.39,230687,230687,839.99,839.99,9.33858e+11,0
evt_523,6,0,-1,4,1,-2.66054,1.4428,1,-419.221,-419.221,26582,26582,362.49,362.49,9.33858e+11,0
evt_523,7,0,-1,4,1,-2.6207,1.00252,2,-89.9007,-28.0253,5171,1135,277.49,169.99,9.33858e+11,0
evt_523,8,0,-1,1,2,-0.123297,0.997379,2,-521.97,-72.2451,22516,1758,309.99,77.49,9.33858e+11,0
evt_523,9,0,-1,1,2,-0.822103,0.722273,1,-107.284,-107.284,5149,5149,329.99,329.99,9.33858e+11,0
evt_523,14,0,-1,4,2,1.5484,0.897265,3,-1250.16,-27.0668,86754,613,539.99,92.49,9.33858e+11,0
evt_523,15,0,-1,4,2,1.03803,0.653302,3,-530.284,-69.6949,51735,3390,412.49,119.99,9.33858e+11,0
evt_523,16,0,-1,1,3,5.14748,0.836573,1,-198.856,-198.856,8548,8548,262.49,262.49,9.33858e+11,0
evt_523,17,0,-1,1,3,7.13448,0.972165,1,-356.658,-356.658,16821,16821,299.99,299.99,9.33858e+11,0
evt_523,19,0,-1,2,3,1.4437,0.890006,1,-24.8953,-24.8953,938,938,139.99,139.99,9.33858e+11,0
evt_523,24,1,-1,1,1,3.47264,0.899871,1,-1249.89,-1249.89,324365,324365,1279.99,1279.99,9.33858e+11,0
evt_523,25,1,-1,1,1,1.34232,1.02569,2,-1250.62,-693.613,219369,22134,829.99,219.99,9.33858e+11,0
evt_523,26,1,-1,2,1,-4.02896,1.13167,1,-1251.38,-1251.38,202888,202888,714.99,714.99,9.33858e+11,0
evt_523,27,1,-1,2,1,1.40447,0.597609,2,-1249.81,-203.621,173724,5415,672.49,182.49,9.33858e+11,0
evt_523,30,1,-1,4,1,3.98684,1.16311,3,-1250.88,-34.8701,104770,673,412.49,99.99,9.33858e+11,0
evt_523,31,1,-1,4,1,2.10421,1.16713,1,-1196.92,-1196.92,68671,68671,414.99,414.99,9.33858e+11,0
evt_523,34,1,-1,2,2,3.20738,1.33428,1,-1250.69,-1250.69,177400,177400,729.99,729.99,9.33858e+11,0
evt_523,35,1,-1,2,2,3.31182,1.67079,1,-1250.46,-1250.46,201902,201902,752.49,752.49,9.33858e+11,0
evt_523,36,1,-1,3,2,2.03363,0.824732,1,-447.511,-447.511,22021,22021,359.99,359.99,9.33858e+11,0
evt_523,37,1,-1,3,2,-3.39092,0.59752,1,-1172.03,-1172.03,63392,63392,429.99,429.99,9.33858e+11,0
evt_523,40,1,-1,1,3,1.23102,0.952688,1,-120.096,-120.096,5778,5778,272.49,272.49,9.33858e+11,0
evt_523,41,1,-1,1,3,-0.968649,0.929775,1,-133.132,-133.132,6108,6108,267.49,267.49,9.33858e+11,0
evt_523,42,1,-1,2,3,3.34126,1.04417,1,-1250.66,-1250.66,87336,87336,599.99,599.99,9.33858e+11,0
evt_523,43,1,-1,2,3,0.139092,0.684295,1,-819.801,-819.801,46058,46058,424.99,424.99,9.33858e+11,0
evt_523,48,2,-1,1,1,0.155631,0.70362,1,-174.111,-174.111,6534,6534,239.99,239.99,9.33858e+11,0
evt_523,49,2,-1,1,1,-0.850441,0.634674,1,-153.603,-153.603,7207,7207,277.49,277.49,9.33858e+11,0
evt_523,50,2,-1,2,1,-0.979639,1.0162,1,-119.552,-119.552,7127,7127,342.49,342.49,9.33858e+11,0
evt_523,51,2,-1,2,1,-0.127608,0.867237,1,-75.602,-75.602,3475,3475,229.99,229.99,9.33858e+11,0
evt_523,56,2,-1,1,2,2.58925,1.3775,2,-1250.65,-31.1942,103147,828,419.99,127.49,9.33858e+11,0
evt_523,57,2,-1,1,2,0.906358,0.740324,2,-1250.39,-41.786,72067,1450,384.99,157.49,9.33858e+11,0
evt_523,58,2,-1,2,2,-0.84247,0.914979,1,-57.5245,-57.5245,2374,2374,192.49,192.49,9.33858e+11,0
evt_523,59,2,-1,2,2,1.74035,0.594045,1,-240.111,-240.111,12335,12335,312.49,312.49,9.33858e+11,0
evt_523,64,2,-1,1,3,-2.7168,0.942119,1,-75.8309,-75.8309,3036,3036,209.99,209.99,9.33858e+11,0
evt_523,65,2,-1,1,3,-1.18768,0.753687,2,-145.103,-53.0673,7191,1985,297.49,182.49,9.33858e+11,0
evt_523,74,3,-1,2,1,-0.548147,0.774381,1,-546.363,-546.363,23714,23714,349.99,349.99,9.33858e+11,0
evt_523,75,3,-1,2,1,-0.948096,0.846253,2,-237.482,-38.8509,11757,1567,312.49,169.99,9.33858e+11,0
evt_523,76,3,-1,3,1,2.18734,2.30467,1,-19.2155,-19.2155,910,910,154.99,154.99,9.33858e+11,0
evt_524,10,0,-1,2,2,1.44559,0.439291,1,-91.3899,-91.3899,4420,4420,237.49,237.49,9.3388e+11,0
evt_524,11,0,-1,2,2,0.607918,0.801773,1,-356.507,-356.507,16864,16864,314.99,314.99,9.3388e+11,0
evt_524,54,2,-1,4,1,1.38765,1.18388,1,-111.591,-111.591,4038,4038,212.49,212.49,9.3388e+11,0
evt_524,55,2,-1,4,1,0.412151,0.950093,2,-96.0371,-46.9768,3853,1606,217.49,164.99,9.3388e+11,0
evt_524,58,2,-1,2,2,1.80761,0.840776,2,-1250.39,-381.134,107673,15268,439.99,262.49,9.3388e+11,0
evt_524,59,2,-1,2,2,0.235867,0.489975,2,-1250.77,-616.564,119003,51073,514.99,487.49,9.3388e+11,0
evt_524,82,3,-1,2,2,0.553661,1.29985,3,-1006.96,-36.3708,54026,1171,429.99,154.99,9.3388e+11,0
evt_524,83,3,-1,2,2,2.22071,0.865747,3,-824.113,-32.2991,43736,1027,457.49,139.99,9.3388e+11,0
evt_525,14,0,-1,4,2,-0.463971,1.17518,4,-1250.12,-18.3692,80861,275,404.99,74.99,9.33883e+11,0
evt_525,15,0,-1,4,2,0.0338716,0.66922,3,-934.063,-15.672,79248,264,687.49,64.99,9.33883e+11,0
evt_525,18,0,-1,2,3,-0.453574,0.967949,2,-658.115,-59.1316,33499,2069,364.99,177.49,9.33883e+11,0
evt_525,19,0,-1,2,3,-1.95922,0.722307,3,-500.92,-20.0548,25611,582,407.49,104.99,9.33883e+11,0
evt_525,38,1,-1,4,2,2.75663,0.856229,1,-759.529,-759.529,30571,30571,327.49,327.49,9.33883e+11,0
evt_525,39,1,-1,4,2,-0.647113,0.766895,1,-402.912,-402.912,19210,19210,352.49,352.49,9.33883e+11,0
evt_525,42,1,-1,2,3,-0.248748,0.846764,1,-47.9613,-47.9613,1992,1992,187.49,187.49,9.33883e+11,0
evt_525,53,2,-1,3,1,-2.58491,0.867961,1,-33.3984,-33.3984,1263,1263,157.49,157.49,9.33883e+11,0
evt_525,62,2,-1,4,2,-0.349217,0.661048,1,-43.5318,-43.5318,718,718,92.49,92.49,9.33883e+11,0
evt_525,63,2,-1,4,2,-1.47191,0.838642,1,-29.2987,-29.2987,310,310,82.49,82.49,9.33883e+11,0
evt_525,76,3,-1,3,1,-0.962032,0.719161,1,-19.1018,-19.1018,964,964,152.49,152.49,9.33883e+11,0
evt_526,28,1,-1,3,1,-1.25635,1.08819,2,-1247.11,-37.0969,61118,885,377.49,122.49,9.33952e+11,0
evt_526,29,1,-1,3,1,6.38868,0.860992,2,-434.32,-30.6517,19866,977,302.49,137.49,9.33952e+11,0
evt_526,30,1,-1,4,1,0.445705,1.08562,1,-156.956,-156.956,6653,6653,259.99,259.99,9.33952e+11,0
evt_526,31,1,-1,4,1,0.118106,0.841598,1,-246.364,-246.364,11031,11031,279.99,279.99,9.33952e+11,0
evt_526,55,2,-1,4,1,1.19253,1.02057,1,-70.3093,-70.3093,2724,2724,197.49,197.49,9.33952e+11,0
evt_526,78,3,-1,4,1,8.57286,0.93817,1,-327.261,-327.261,17945,17945,324.99,324.99,9.33952e+11,0
evt_526,79,3,-1,4,1,-1.17753,0.85107,1,-206.635,-206.635,9783,9783,289.99,289.99,9.33952e+11,0
evt_527,2,0,-1,2,1,-0.209858,1.10552,1,-200.424,-200.424,7936,7936,249.99,249.99,9.34057e+11,0
evt_527,3,0,-1,2,1,0.0764165,1.29613,1,-105.15,-105.15,4936,4936,262.49,262.49,9.34057e+11,0
evt_527,8,0,-1,1,2,-65.5156,10.043,3,-97.8328,-27.5257,4174,422,209.99,29.99,9.34057e+11,0
evt_527,24,1,-1,1,1,3.98343,0.810878,2,-106.829,-21.5045,4287,986,227.49,162.49,9.34057e+11,0
evt_527,25,1,-1,1,1,1.70812,0.84368,1,-180.064,-180.064,8753,8753,284.99,284.99,9.34057e+11,0
evt_527,49,2,-1,1,1,-0.54582,0.972683,1,-52.9948,-52.9948,530,530,79.99,79.99,9.34057e+11,0
evt_527,54,2,-1,4,1,0.101566,0.934328,1,-313.847,-313.847,15710,15710,314.99,314.99,9.34057e+11,0
evt_527,55,2,-1,4,1,-6.79938,0.596847,1,-151.173,-151.173,8919,8919,357.49,357.49,9.34057e+11,0
evt_527,57,2,-1,1,2,-0.744492,0.948922,1,-52.2981,-52.2981,238,238,59.99,59.99,9.34057e+11,0
evt_527,86,3,-1,4,2,0.960426,0.720337,1,-53.9851,-53.9851,1728,1728,169.99,169.99,9.34057e+11,0
evt_527,87,3,-1,4,2,1.99723,0.812329,1,-59.5485,-59.5485,3255,3255,244.99,244.99,9.34057e+11,0
evt_528,24,1,-1,1,1,-1.45506,0.900287,1,-278.701,-278.701,12998,12998,299.99,299.99,9.34092e+11,0
evt_528,25,1,-1,1,1,-0.535543,0.828414,3,-400.62,-32.2919,17934,1061,422.49,142.49,9.34092e+11,0
evt_528,49,2,-1,1,1,15.2428,9.23873,1,-44.1089,-44.1089,1666,1666,212.49,212.49,9.34092e+11,0
evt_528,54,2,-1,4,1,0.305476,0.808071,1,-93.1007,-93.1007,4435,4435,244.99,244.99,9.34092e+11,0
evt_528,55,2,-1,4,1,-1.25804,0.811491,1,-176.558,-176.558,8688,8688,314.99,314.99,9.34092e+11,0
evt_528,56,2,-1,1,2,1.70723,0.911925,1,-30.4105,-30.4105,248,248,69.99,69.99,9.34092e+11,0
evt_528,57,2,-1,1,2,2.75945,0.501748,1,-66.9402,-66.9402,493,493,69.99,69.99,9.34092e+11,0
evt_528,70,2,-1,4,3,-0.244794,0.884295,1,-31.4177,-31.4177,803,803,119.99,119.99,9.34092e+11,0
evt_528,72,3,-1,1,1,-5.02127,0.852499,6,-23.7131,-15.0962,3425,262,529.99,54.99,9.34092e+11,0
evt_528,78,3,-1,4,1,-3.67048,0.988704,1,-15.6349,-15.6349,269,269,57.49,57.49,9.34092e+11,0
evt_528,92,3,-1,3,3,-11.2867,1.88065,3,-1250.54,-16.962,70112,755,169.99,132.49,0,1.38506e+19
evt_528,93,3,-1,3,3,-1.94019,0.919045,1,-1250.27,-1250.27,68350,68350,164.99,164.99,0,1.38505e+19
evt_529,0,0,-1,1,1,-0.746159,0.730294,1,-59.1327,-59.1327,2972,2972,234.99,234.99,9.34158e+11,0
evt_529,1,0,-1,1,1,-1.02121,1.32896,2,-292.952,-24.6287,11271,673,267.49,109.99,9.34158e+11,0
evt_529,16,0,-1,1,3,-0.971692,0.883282,1,-89.0347,-89.0347,4277,4277,242.49,242.49,9.34158e+11,0
evt_529,24,1,-1,1,1,2.41296,0.805247,3,-175.262,-55.1636,7987,2137,269.99,189.99,9.34158e+11,0
evt_529,25,1,-1,1,1,2.23619,0.965084,1,-174.041,-174.041,7499,7499,262.49,262.49,9.34158e+11,0
evt_529,52,2,-1,3,1,-3.24416,0.715693,1,-46.9208,-46.9208,622,622,92.49,92.49,9.34158e+11,0
evt_529,53,2,-1,3,1,0.314225,0.940989,1,-57.3773,-57.3773,747,747,89.99,89.99,9.34158e+11,0
evt_529,72,3,-1,1,1,-13.427,0.591314,4,-29.0557,-17.9592,11422,1428,1384.99,224.99,9.34158e+11,0
evt_530,7,0,-1,4,1,-7.01496,0.871606,1,-16.6655,-16.6655,769,769,137.49,137.49,9.3423e+11,0
evt_530,14,0,-1,4,2,-298.782,315.14,3,-1250.04,-23.523,80192,567,362.49,49.99,9.3423e+11,0
evt_530,15,0,-1,4,2,-475.648,221.377,5,-687.004,-19.4808,60683,296,372.49,42.49,9.3423e+11,0
evt_530,25,1,-1,1,1,0.673446,0.716829,1,-34.0077,-34.0077,1300,1300,162.49,162.49,9.3423e+11,0
evt_530,52,2,-1,3,1,-0.539013,0.711008,1,-17.325,-17.325,104,104,67.49,67.49,9.3423e+11,0
evt_530,53,2,-1,3,1,-2.32573,0.571115,1,-21.9503,-21.9503,273,273,79.99,79.99,9.3423e+11,0
evt_530,54,2,-1,4,1,-1.08941,0.959811,1,-29.5862,-29.5862,286,286,72.49,72.49,9.3423e+11,0
evt_530,55,2,-1,4,1,-1.90859,0.762356,1,-34.0204,-34.0204,330,330,69.99,69.99,9.3423e+11,0
evt_530,81,3,-1,1,2,-3.92013,0.885047,1,-60.4106,-60.4106,2862,2862,222.49,222.49,9.3423e+11,0
evt_531,10,0,-1,2,2,-0.125381,0.894983,1,-62.0677,-62.0677,2671,2671,209.99,209.99,9.34311e+11,0
evt_531,11,0,-1,2,2,1.01513,0.610895,1,-53.6027,-53.6027,2145,2145,187.49,187.49,9.34311e+11,0
evt_531,25,1,-1,1,1,-1.79058,0.830827,1,-48.377,-48.377,2025,2025,189.99,189.99,9.34311e+11,0
evt_531,40,1,-1,1,3,1.76542,1.19684,1,-93.8269,-93.8269,5226,5226,282.49,282.49,9.34311e+11,0
evt_531,41,1,-1,1,3,1.19165,0.779079,1,-173.424,-173.424,7583,7583,257.49,257.49,9.34311e+11,0
evt_531,54,2,-1,4,1,1.35603,0.622338,1,-32.3355,-32.3355,305,305,77.49,77.49,9.34311e+11,0
evt_531,55,2,-1,4,1,2.27704,0.755583,1,-17.512,-17.512,131,131,59.99,59.99,9.34311e+11,0
evt_531,68,2,-1,3,3,5.48297,0.898957,1,-112.085,-112.085,6133,6133,259.99,259.99,9.34311e+11,0
evt_531,69,2,-1,3,3,0.738254,0.707043,1,-113.628,-113.628,5040,5040,247.49,247.49,9.34311e+11,0
evt_531,82,3,-1,2,2,1.51351,2.45524,1,-60.477,-60.477,2108,2108,187.49,187.49,9.34311e+11,0
evt_531,83,3,-1,2,2,1.97739,0.881353,1,-46.6677,-46.6677,1735,1735,169.99,169.99,9.34311e+11,0
evt_532,6,0,-1,4,1,0.978237,0.916875,1,-294.782,-294.782,12982,12982,289.99,289.99,9.34474e+11,0
evt_532,7,0,-1,4,1,4.92995,0.950839,1,-47.5056,-47.5056,1813,1813,174.99,174.99,9.34474e+11,0
evt_532,12,0,-1,3,2,29.3398,13.6131,1,-19.8283,-19.8283,231,231,77.49,77.49,9.34474e+11,0
evt_532,28,1,-1,3,1,2.76504,0.637005,2,-1229.16,-35.0738,66996,1863,382.49,239.99,9.34474e+11,0
evt_532,29,1,-1,3,1,1.51579,0.967814,2,-846.3,-23.7137,38515,217,327.49,27.49,9.34474e+11,0
evt_532,30,1,-1,4,1,1.14787,0.704232,2,-85.7048,-58.0263,3879,1841,222.49,159.99,9.34474e+11,0
evt_532,31,1,-1,4,1,1.93894,0.845801,2,-225.051,-30.8059,9669,1055,274.99,142.49,9.34474e+11,0
evt_532,54,2,-1,4,1,1.29183,0.664917,2,-1250.39,-16.2349,85499,125,377.49,59.99,9.34474e+11,0
evt_532,55,2,-1,4,1,0.398764,0.748243,3,-1250.5,-51.7347,106829,841,459.99,27.49,9.34474e+11,0
evt_532,56,2,-1,1,2,1.1273,0.698381,1,-106.406,-106.406,4856,4856,239.99,239.99,9.34474e+11,0
evt_532,57,2,-1,1,2,0.958828,0.682422,1,-94.1675,-94.1675,3375,3375,202.49,202.49,9.34474e+11,0
evt_532,58,2,-1,2,2,-0.721861,0.827782,1,-24.4051,-24.4051,349,349,87.49,87.49,9.34474e+11,0
evt_532,59,2,-1,2,2,0.425201,0.718785,1,-22.9145,-22.9145,264,264,79.99,79.99,9.34474e+11,0
evt_532,80,3,-1,1,2,9.11662,2.03628,1,-66.1359,-66.1359,3017,3017,214.99,214.99,9.34474e+11,0
evt_532,81,3,-1,1,2,-4.39929,1.35943,1,-203.333,-203.333,9781,9781,299.99,299.99,9.34474e+11,0
evt_533,11,0,-1,2,2,0.114103,0.74117,1,-129.658,-129.658,5815,5815,257.49,257.49,9.34557e+11,0
evt_533,19,0,-1,2,3,-37.3259,3.85782,1,-30.0417,-30.0417,536,536,89.99,89.99,9.34557e+11,0
evt_533,26,1,-1,2,1,-2.67264,1.41668,1,-30.5,-30.5,1269,1269,162.49,162.49,9.34557e+11,0
evt_533,48,2,-1,1,1,18.7576,0.754821,1,-241.95,-241.95,7528,7528,207.49,207.49,9.34557e+11,0
evt_533,49,2,-1,1,1,7.93441,0.542567,1,-21.8216,-21.8216,562,562,102.49,102.49,9.34557e+11,0
evt_533,56,2,-1,1,2,-18.8364,0.946325,6,-22.6091,-16.2185,7163,675,1004.99,117.49,9.34557e+11,0
evt_533,82,3,-1,2,2,-18.3355,2.33419,3,-23.4527,-16.6615,13140,286,1977.49,57.49,9.34557e+11,0
evt_534,10,0,-1,2,2,-0.766443,1.15459,2,-572.639,-21.0084,49256,451,474.99,89.99,9.3458e+11,0
evt_534,11,0,-1,2,2,-0.660422,0.719125,3,-1232.81,-30.3095,86369,769,487.49,122.49,9.3458e+11,0
evt_534,26,1,-1,2,1,-0.792531,1.09208,1,-236.299,-236.299,10829,10829,292.49,292.49,9.3458e+11,0
evt_534,27,1,-1,2,1,1.38653,0.745486,1,-100.452,-100.452,4290,4290,232.49,232.49,9.3458e+11,0
evt_534,37,1,-1,3,2,1.44197,0.838571,1,-44.3379,-44.3379,1712,1712,174.99,174.99,9.3458e+11,0
evt_534,50,2,-1,2,1,2.33677,0.850239,1,-143.206,-143.206,6782,6782,277.49,277.49,9.3458e+11,0
evt_534,51,2,-1,2,1,1.54167,0.647201,1,-158.716,-158.716,7348,7348,269.99,269.99,9.3458e+11,0
evt_534,72,3,-1,1,1,-18.2091,0.664993,5,-25.5438,-20.7407,4982,345,682.49,47.49,9.3458e+11,0
evt_535,14,0,-1,4,2,-684.97,448.761,3,-1250.01,-29.9294,109617,538,409.99,124.99,9.34628e+11,0
evt_535,15,0,-1,4,2,-563.297,163.131,5,-692.5,-32.6689,67549,405,382.49,107.49,9.34628e+11,0
evt_535,50,2,-1,2,1,1.46216,1.18468,1,-697.077,-697.077,32357,32357,337.49,337.49,9.34628e+11,0
evt_535,51,2,-1,2,1,1.47634,0.868966,2,-667.262,-25.2035,32628,754,354.99,124.99,9.34628e+11,0
evt_535,62,2,-1,4,2,-2.07612,0.855483,1,-67.9045,-67.9045,2566,2566,189.99,189.99,9.34628e+11,0
evt_535,84,3,-1,3,2,0.963061,0.78003,1,-298.54,-298.54,17844,17844,342.49,342.49,9.34628e+11,0
evt_535,85,3,-1,3,2,0.474829,0.757259,1,-253.013,-253.013,12996,12996,387.49,387.49,9.34628e+11,0
evt_535,86,3,-1,4,2,0.529697,0.943208,1,-85.6194,-85.6194,3507,3507,219.99,219.99,9.34628e+11,0
evt_535,87,3,-1,4,2,-3.28619,0.714173,1,-90.3954,-90.3954,4567,4567,254.99,254.99,9.34628e+11,0
evt_536,3,0,-1,2,1,1.57777,0.904061,1,-41.9858,-41.9858,1746,1746,184.99,184.99,9.3463e+11,0
evt_537,7,0,-1,4,1,5.18213,0.676409,1,-21.2729,-21.2729,584,584,107.49,107.49,9.34638e+11,0
evt_537,23,0,-1,4,3,3.2884,0.731915,1,-49.4904,-49.4904,1590,1590,159.99,159.99,9.34638e+11,0
evt_537,42,1,-1,2,3,0.291561,0.9238,2,-459.861,-53.4131,24262,2532,334.99,217.49,9.34638e+11,0
evt_537,43,1,-1,2,3,-1.40015,0.855435,1,-76.6725,-76.6725,4207,4207,252.49,252.49,9.34638e+11,0
evt_537,52,2,-1,3,1,-1.93692,0.844376,1,-287.463,-287.463,15770,15770,469.99,469.99,9.34638e+11,0
evt_537,53,2,-1,3,1,-1.85866,0.85305,1,-104.614,-104.614,5620,5620,267.49,267.49,9.34638e+11,0
evt_537,56,2,-1,1,2,-19.7356,1.02374,1,-45.069,-45.069,21485,21485,2507.49,2507.49,9.34638e+11,0
evt_537,57,2,-1,1,2,-0.510084,1.18445,1,-39.3178,-39.3178,341,341,69.99,69.99,9.34638e+11,0
evt_537,61,2,-1,3,2,0.0351996,0.69279,1,-52.1818,-52.1818,568,568,84.99,84.99,9.34638e+11,0
evt_537,93,3,-1,3,3,-5.09295,1.05844,1,-20.8921,-20.8921,1527,1527,242.49,242.49,0,1.39055e+19
evt_538,8,0,-1,1,2,8.72319,0.757606,1,-181.284,-181.284,12852,12852,387.49,387.49,9.34651e+11,0
evt_538,9,0,-1,1,2,4.3527,0.736537,1,-68.129,-68.129,2163,2163,169.99,169.99,9.34651e+11,0
evt_538,42,1,-1,2,3,-3.91497,0.923677,2,-838.177,-49.0241,39052,1697,344.99,164.99,9.34651e+11,0
evt_538,43,1,-1,2,3,1.5142,0.916923,1,-357.074,-357.074,15248,15248,294.99,294.99,9.34651e+11,0
evt_538,54,2,-1,4,1,-0.934623,0.936445,1,-43.8572,-43.8572,538,538,37.49,37.49,9.34651e+11,0
evt_538,60,2,-1,3,2,1.24373,0.816214,1,-108.58,-108.58,4214,4214,219.99,219.99,9.34651e+11,0
evt_538,61,2,-1,3,2,-5.60001,0.719284,1,-57.5691,-57.5691,2247,2247,197.49,197.49,9.34651e+11,0
evt_538,74,3,-1,2,1,-1.90832,1.14206,1,-494.061,-494.061,24276,24276,344.99,344.99,9.34651e+11,0
evt_538,75,3,-1,2,1,1.48937,0.571751,1,-240.149,-240.149,11215,11215,294.99,294.99,9.34651e+11,0
evt_539,1,0,-1,1,1,6.17765,0.788204,1,-48.5708,-48.5708,1380,1380,144.99,144.99,9.34669e+11,0
evt_539,40,1,-1,1,3,17.342,0.537913,3,-38.9636,-20.8929,980,316,127.49,79.99,9.34669e+11,0
evt_539,41,1,-1,1,3,17.745,0.904158,2,-107.858,-19.7486,4011,465,199.99,99.99,9.34669e+11,0
evt_539,58,2,-1,2,2,1.98816,0.917661,3,-1250.88,-30.6294,90611,724,427.49,117.49,9.34669e+11,0
evt_539,59,2,-1,2,2,2.31615,0.860238,3,-1250.54,-86.8473,85430,3297,404.99,202.49,9.34669e+11,0
evt_539,60,2,-1,3,2,-0.725195,0.794883,1,-43.724,-43.724,472,472,82.49,82.49,9.34669e+11,0
evt_539,61,2,-1,3,2,3.45581,0.902525,1,-59.6953,-59.6953,541,541,79.99,79.99,9.34669e+11,0
evt_539,82,3,-1,2,2,3.09057,1.64881,2,-922.396,-15.9337,46939,292,447.49,59.99,9.34669e+11,0
evt_539,83,3,-1,2,2,0.752294,0.732465,1,-414.608,-414.608,21270,21270,322.49,322.49,9.34669e+11,0
evt_539,92,3,-1,3,3,-49.7863,20.5013,4,-395.431,-70.455,14778,730,229.99,99.99,0,4.61099e+18
evt_540,16,0,-1,1,3,-13.8972,2.48813,1,-316.363,-316.363,12481,12481,264.99,264.99,9.34673e+11,0
evt_540,17,0,-1,1,3,-8.0056,3.76944,1,-47.8825,-47.8825,1547,1547,154.99,154.99,9.34673e+11,0
evt_540,30,1,-1,4,1,0.340492,1.01214,2,-302.719,-32.0632,11398,942,257.49,127.49,9.34673e+11,0
evt_540,31,1,-1,4,1,0.609067,0.710127,1,-98.2461,-98.2461,5408,5408,332.49,332.49,9.34673e+11,0
evt_540,49,2,-1,1,1,-1.67083,0.987048,1,-80.9057,-80.9057,947,947,84.99,84.99,9.34673e+11,0
evt_540,54,2,-1,4,1,2.94999,0.608771,1,-49.7576,-49.7576,605,605,39.99,39.99,9.34673e+11,0
evt_540,55,2,-1,4,1,-3.47151,0.871814,1,-20.4828,-20.4828,145,145,22.49,22.49,9.34673e+11,0
evt_540,56,2,-1,1,2,4.63185,0.822028,1,-245.221,-245.221,12243,12243,294.99,294.99,9.34673e+11,0
evt_540,57,2,-1,1,2,2.04369,0.654552,1,-75.1008,-75.1008,2565,2565,182.49,182.49,9.34673e+11,0
evt_540,60,2,-1,3,2,-12.4445,0.90071,8,-17.1888,-15.2131,1618,294,284.99,54.99,9.34673e+11,0
evt_540,88,3,-1,1,3,-1.21007,0.894694,1,-106.408,-106.408,3736,3736,202.49,202.49,1.49602e+14,1.10382e+12
evt_540,89,3,-1,1,3,-0.853381,0.697452,1,-78.4245,-78.4245,3003,3003,204.99,204.99,1.49602e+14,1.38167e+19
evt_541,6,0,-1,4,1,0.221466,0.848246,1,-92.721,-92.721,3910,3910,222.49,222.49,9.34702e+11,0
evt_541,7,0,-1,4,1,-5.79004,0.798142,2,-100.08,-31.5662,4533,1332,239.99,172.49,9.34702e+11,0
evt_541,35,1,-1,2,2,1.26396,0.746504,1,-37.7757,-37.7757,1631,1631,179.99,179.99,9.34702e+11,0
evt_541,44,1,-1,3,3,0.693615,1.19204,1,-225.432,-225.432,11228,11228,299.99,299.99,9.34702e+11,0
evt_541,45,1,-1,3,3,2.24236,1.74045,2,-347.7,-36.4769,20279,1769,424.99,202.49,9.34702e+11,0
evt_541,65,2,-1,1,3,-1.86105,0.802367,1,-72.323,-72.323,2723,2723,202.49,202.49,9.34702e+11,0
evt_541,88,3,-1,1,3,2.57811,0.906572,2,-1250.68,-48.8752,78149,3118,392.49,332.49,1.49602e+14,1.10382e+12
evt_541,89,3,-1,1,3,-1.57306,0.772315,2,-1250.03,-16.3925,75706,190,367.49,57.49,1.49602e+14,1.38437e+19
evt_542,20,0,-1,3,3,3.97658,0.717933,2,-102.32,-39.114,4317,1352,232.49,157.49,9.34752e+11,0
evt_542,21,0,-1,3,3,3.04778,0.667112,1,-28.4459,-28.4459,1045,1045,149.99,149.99,9.34752e+11,0
evt_542,22,0,-1,4,3,-1.37146,1.19308,1,-298.938,-298.938,13642,13642,302.49,302.49,9.34752e+11,0
evt_542,23,0,-1,4,3,0.573128,0.880789,2,-129.128,-37.8208,4767,1284,224.99,157.49,9.34752e+11,0
evt_542,44,1,-1,3,3,0.0305173,0.993863,2,-720.377,-33.2087,36992,1011,359.99,134.99,9.34752e+11,0
evt_542,45,1,-1,3,3,2.86229,0.955556,1,-740.807,-740.807,34705,34705,347.49,347.49,9.34752e+11,0
evt_542,54,2,-1,4,1,-1.15022,1.05476,1,-32.2935,-32.2935,471,471,87.49,87.49,9.34752e+11,0
evt_542,55,2,-1,4,1,1.18341,1.05075,1,-29.208,-29.208,311,311,84.99,84.99,9.34752e+11,0
evt_542,69,2,-1,3,3,3.24319,0.676553,1,-40.8727,-40.8727,1283,1283,144.99,144.99,9.34752e+11,0
evt_543,18,0,-1,2,3,-1.80763,0.958735,1,-74.7261,-74.7261,2851,2851,204.99,204.99,9.34839e+11,0
evt_543,19,0,-1,2,3,-1.76492,0.873528,1,-37.7819,-37.7819,1427,1427,157.49,157.49,9.34839e+11,0
evt_543,47,1,-1,4,3,-1.20536,0.845491,1,-92.7889,-92.7889,3884,3884,222.49,222.49,9.34839e+11,0
evt_543,60,2,-1,3,2,-0.0547089,0.770336,1,-40.0586,-40.0586,290,290,64.99,64.99,9.34839e+11,0
evt_543,70,2,-1,4,3,-2.26163,1.21208,1,-66.6425,-66.6425,2603,2603,199.99,199.99,9.34839e+11,0
evt_543,71,2,-1,4,3,3.21544,1.12431,1,-72.5527,-72.5527,3410,3410,232.49,232.49,9.34839e+11,0
evt_543,84,3,-1,3,2,1.30766,0.891222,1,-322.203,-322.203,17807,17807,332.49,332.49,9.34839e+11,0
evt_543,85,3,-1,3,2,-2.18778,0.797532,1,-63.5785,-63.5785,2767,2767,242.49,242.49,9.34839e+11,0
evt_544,20,0,-1,3,3,1.61043,0.686656,2,-1250.35,-88.413,77795,4258,382.49,262.49,9.34953e+11,0
evt_544,21,0,-1,3,3,-0.118244,0.778339,3,-1249.93,-37.3211,79760,1168,469.99,152.49,9.34953e+11,0
evt_544,30,1,-1,4,1,-1.229,0.971799,1,-89.5985,-89.5985,5609,5609,317.49,317.49,9.34953e+11,0
evt_544,31,1,-1,4,1,0.737041,0.653316,1,-47.5779,-47.5779,1819,1819,197.49,197.49,9.34953e+11,0
evt_544,52,2,-1,3,1,11.5422,1.23912,1,-274.729,-274.729,12158,12158,272.49,272.49,9.34953e+11,0
evt_544,53,2,-1,3,1,9.77459,0.936068,1,-434.887,-434.887,17200,17200,269.99,269.99,9.34953e+11,0
evt_544,54,2,-1,4,1,2.46755,0.778907,1,-25.7455,-25.7455,216,216,74.99,74.99,9.34953e+11,0
evt_544,70,2,-1,4,3,-0.892465,1.16478,1,-18.1866,-18.1866,614,614,107.49,107.49,9.34953e+11,0
evt_544,71,2,-1,4,3,-1.6745,0.863133,1,-63.4798,-63.4798,2383,2383,187.49,187.49,9.34953e+11,0
evt_544,76,3,-1,3,1,-1.29649,0.640203,1,-17.1173,-17.1173,383,383,77.49,77.49,9.34953e+11,0
evt_544,82,3,-1,2,2,-10.528,1.73906,4,-19.5962,-15.2095,906,268,159.99,54.99,9.34953e+11,0
evt_544,88,3,-1,1,3,-0.839999,0.809368,1,-69.196,-69.196,3570,3570,232.49,232.49,1.49602e+14,1.10382e+12
evt_544,89,3,-1,1,3,-1.00041,0.917616,2,-249.644,-45.2541,10739,1563,277.49,159.99,1.49602e+14,4.56945e+18
evt_545,4,0,-1,3,1,-0.849892,0.7658,1,-678.893,-678.893,38741,38741,387.49,387.49,9.34957e+11,0
evt_545,5,0,-1,3,1,1.84355,0.912455,1,-1249.89,-1249.89,73215,73215,409.99,409.99,9.34957e+11,0
evt_545,8,0,-1,1,2,14.2736,0.94128,2,-51.9629,-19.3239,1080,274,72.49,67.49,9.34957e+11,0
evt_545,12,0,-1,3,2,4.71899,1.1373,1,-42.9766,-42.9766,1704,1704,182.49,182.49,9.34957e+11,0
evt_545,13,0,-1,3,2,-1.41069,0.797604,1,-169.508,-169.508,7671,7671,269.99,269.99,9.34957e+11,0
evt_545,26,1,-1,2,1,-2.64717,1.04985,1,-119.102,-119.102,6983,6983,379.99,379.99,9.34957e+11,0
evt_545,27,1,-1,2,1,1.8626,0.828054,1,-17.3843,-17.3843,391,391,79.99,79.99,9.34957e+11,0
evt_545,56,2,-1,1,2,5.05227,1.11961,1,-70.2771,-70.2771,2929,2929,202.49,202.49,9.34957e+11,0
evt_545,57,2,-1,1,2,-1.34863,0.607027,2,-68.0185,-52.7903,2536,400,189.99,69.99,9.34957e+11,0
evt_545,64,2,-1,1,3,-0.84158,1.19642,1,-201.838,-201.838,10813,10813,312.49,312.49,9.34957e+11,0
evt_545,65,2,-1,1,3,-2.87372,1.02115,1,-143.769,-143.769,5106,5106,234.99,234.99,9.34957e+11,0
evt_545,76,3,-1,3,1,-6.4933,0.857325,1,-15.5168,-15.5168,409,409,74.99,74.99,9.34957e+11,0
evt_545,78,3,-1,4,1,-7.91917,0.89243,1,-19.9393,-19.9393,1306,1306,207.49,207.49,9.34957e+11,0
evt_546,14,0,-1,4,2,1.4119,1.20311,2,-81.8885,-53.2586,3406,2085,219.99,182.49,9.34972e+11,0
evt_546,15,0,-1,4,2,-0.274105,0.583331,2,-83.2669,-68.9304,3608,3077,227.49,219.99,9.34972e+11,0
evt_546,24,1,-1,1,1,-2.59163,1.29571,2,-121.926,-18.6025,5056,557,247.49,99.99,9.34972e+11,0
evt_546,25,1,-1,1,1,1.05986,0.89228,1,-82.1219,-82.1219,4085,4085,244.99,244.99,9.34972e+11,0
evt_546,50,2,-1,2,1,-0.586625,0.953003,1,-30.1667,-30.1667,214,214,64.99,64.99,9.34972e+11,0
evt_546,51,2,-1,2,1,0.958725,0.82927,1,-21.6102,-21.6102,113,113,59.99,59.99,9.34972e+11,0
evt_546,64,2,-1,1,3,0.983257,0.912178,2,-168.283,-26.0005,6983,798,257.49,119.99,9.34972e+11,0
evt_546,65,2,-1,1,3,-0.348542,0.799746,1,-99.166,-99.166,3703,3703,217.49,217.49,9.34972e+11,0
evt_546,72,3,-1,1,1,-19.5613,1.02453,2,-27.4896,-25.6214,16867,2072,2117.49,274.99,9.34972e+11,0
evt_546,78,3,-1,4,1,-11.405,1.12305,3,-23.4093,-17.6849,1100,626,169.99,114.99,9.34972e+11,0
evt_546,86,3,-1,4,2,0.434618,1.30798,1,-90.2788,-90.2788,3269,3269,199.99,199.99,9.34972e+11,0
evt_546,93,3,-1,3,3,-3.88105,0.559477,1,-20.206,-20.206,1315,1315,199.99,199.99,0,4.64506e+18
evt_547,22,0,-1,4,3,3.05314,1.88306,1,-33.0955,-33.0955,981,981,132.49,132.49,9.34977e+11,0
evt_547,46,1,-1,4,3,2.09756,1.18678,1,-562.083,-562.083,23465,23465,309.99,309.99,9.34977e+11,0
evt_547,47,1,-1,4,3,-1.01788,0.74191,1,-309.082,-309.082,19205,19205,552.49,552.49,9.34977e+11,0
evt_547,70,2,-1,4,3,-0.308571,1.07805,1,-34.2391,-34.2391,963,963,132.49,132.49,9.34977e+11,0
evt_547,71,2,-1,4,3,0.210997,0.888947,1,-60.0837,-60.0837,2504,2504,207.49,207.49,9.34977e+11,0
evt_548,5,0,-1,3,1,1.8764,0.651805,1,-62.1057,-62.1057,2532,2532,197.49,197.49,9.35008e+11,0
evt_548,30,1,-1,4,1,3.4859,1.14196,4,-309.004,-23.0684,12863,553,287.49,104.99,9.35008e+11,0
evt_548,31,1,-1,4,1,2.38542,0.697824,2,-171.639,-152.268,7901,6758,259.99,249.99,9.35008e+11,0
evt_548,38,1,-1,4,2,1.76083,0.85876,2,-242.246,-52.6934,11774,2079,294.99,222.49,9.35008e+11,0
evt_548,39,1,-1,4,2,-4.15521,0.912596,3,-180.331,-38.3587,7907,1596,282.49,179.99,9.35008e+11,0
evt_548,54,2,-1,4,1,0.586557,0.698839,2,-86.5815,-57.9882,3753,2022,222.49,172.49,9.35008e+11,0
evt_548,55,2,-1,4,1,-1.28235,0.719382,2,-109.98,-92.721,6260,4425,319.99,227.49,9.35008e+11,0
evt_548,60,2,-1,3,2,-7.79274,0.902095,1,-223.821,-223.821,10328,10328,312.49,312.49,9.35008e+11,0
evt_548,61,2,-1,3,2,0.418284,0.615499,1,-363.903,-363.903,15428,15428,307.49,307.49,9.35008e+11,0
evt_548,72,3,-1,1,1,2.1538,1.67795,1,-59.6242,-59.6242,3476,3476,282.49,282.49,9.35008e+11,0
evt_548,73,3,-1,1,1,1.91281,1.0407,1,-204.578,-204.578,8407,8407,254.99,254.99,9.35008e+11,0
evt_548,74,3,-1,2,1,1.34664,1.02602,1,-19.0196,-19.0196,641,641,117.49,117.49,9.35008e+11,0
evt_549,8,0,-1,1,2,28.6471,0.944958,2,-53.3349,-34.8026,1478,1114,152.49,149.99,9.35017e+11,0
evt_549,78,3,-1,4,1,-1.0067,0.848084,1,-152.311,-152.311,8893,8893,309.99,309.99,9.35017e+11,0
evt_549,79,3,-1,4,1,0.0907295,0.821083,1,-159.25,-159.25,7820,7820,297.49,297.49,9.35017e+11,0
evt_549,84,3,-1,3,2,-1.29573,0.734008,1,-85.5689,-85.5689,4987,4987,269.99,269.99,9.35017e+11,0
evt_549,85,3,-1,3,2,-2.25987,0.797604,1,-80.4047,-80.4047,3368,3368,217.49,217.49,9.35017e+11,0
evt_549,86,3,-1,4,2,-1.98646,0.954484,1,-145.372,-145.372,5529,5529,234.99,234.99,9.35017e+11,0
evt_549,87,3,-1,4,2,-7.56401,1.06851,1,-85.2477,-85.2477,3959,3959,239.99,239.99,9.35017e+11,0
evt_549,93,3,-1,3,3,0.648502,1.9208,1,-16.6594,-16.6594,525,525,94.99,94.99,0,1.38478e+19
evt_550,5,0,-1,3,1,39.1684,0.87287,1,-29.2407,-29.2407,508,508,102.49,102.49,9.3503e+11,0
evt_550,53,2,-1,3,1,-65.8004,10.7943,1,-48.5473,-48.5473,982,982,117.49,117.49,9.3503e+11,0
evt_550,62,2,-1,4,2,-0.0218879,1.04283,1,-40.2996,-40.2996,1437,1437,157.49,157.49,9.3503e+11,0
evt_550,70,2,-1,4,3,-20.9996,3.28545,4,-1250.27,-17.619,104542,213,474.99,59.99,9.3503e+11,0
evt_550,71,2,-1,4,3,6.91524,1.19053,3,-1250.38,-85.172,117881,1755,597.49,142.49,9.3503e+11,0
evt_551,0,0,-1,1,1,-0.657795,1.14485,1,-31.9113,-31.9113,1033,1033,142.49,142.49,9.35059e+11,0
evt_551,1,0,-1,1,1,0.954383,0.489269,1,-51.0496,-51.0496,1612,1612,154.99,154.99,9.35059e+11,0
evt_551,28,1,-1,3,1,-0.220164,0.97201,1,-572.132,-572.132,33579,33579,622.49,622.49,9.35059e+11,0
evt_551,29,1,-1,3,1,1.62191,1.42171,1,-631.451,-631.451,30406,30406,334.99,334.99,9.35059e+11,0
evt_551,57,2,-1,1,2,1.16847,0.97714,1,-67.2154,-67.2154,450,450,69.99,69.99,9.35059e+11,0
evt_551,62,2,-1,4,2,4.68239,0.509113,2,-1250.56,-183.918,77475,8376,374.99,337.49,9.35059e+11,0
evt_551,63,2,-1,4,2,6.26894,0.951447,3,-1250.58,-31.3378,102304,639,594.99,112.49,9.35059e+11,0
evt_551,72,3,-1,1,1,-19.3996,0.78625,6,-21.3116,-15.0225,1038,263,182.49,54.99,9.35059e+11,0
evt_551,74,3,-1,2,1,-0.185996,0.936076,1,-70.6835,-70.6835,2281,2281,172.49,172.49,9.35059e+11,0
evt_551,75,3,-1,2,1,-1.03411,0.789695,1,-52.6124,-52.6124,3269,3269,299.99,299.99,9.35059e+11,0
evt_552,20,0,-1,3,3,0.825542,0.991248,1,-276.867,-276.867,15209,15209,327.49,327.49,9.35096e+11,0
evt_552,21,0,-1,3,3,1.14908,0.906457,1,-450.148,-450.148,23046,23046,334.99,334.99,9.35096e+11,0
evt_552,42,1,-1,2,3,-0.884098,0.953867,1,-180.505,-180.505,8227,8227,274.99,274.99,9.35096e+11,0
evt_552,43,1,-1,2,3,3.66365,0.744507,1,-160.431,-160.431,6727,6727,249.99,249.99,9.35096e+11,0
evt_552,50,2,-1,2,1,0.601788,0.613729,1,-417.545,-417.545,21864,21864,339.99,339.99,9.35096e+11,0
evt_552,51,2,-1,2,1,1.42772,0.867214,1,-345.222,-345.222,19684,19684,352.49,352.49,9.35096e+11,0
evt_552,62,2,-1,4,2,1.55551,1.26456,1,-67.1146,-67.1146,771,771,84.99,84.99,9.35096e+11,0
evt_552,76,3,-1,3,1,-8.52894,1.46525,1,-18.1115,-18.1115,623,623,104.99,104.99,9.35096e+11,0
evt_552,82,3,-1,2,2,3.22096,1.32766,2,-1250.46,-491.393,78121,19389,387.49,277.49,9.35096e+11,0
evt_552,83,3,-1,2,2,0.941202,0.657053,2,-869.63,-46.283,40626,1358,342.49,147.49,9.35096e+11,0
evt_552,92,3,-1,3,3,-2.59268,0.691223,1,-592.497,-592.497,33830,33830,474.99,474.99,0,4.60152e+18
evt_552,93,3,-1,3,3,1.28314,0.957654,1,-128.446,-128.446,6934,6934,307.49,307.49,0,4.61956e+18
evt_553,3,0,-1,2,1,-10.1049,1.25219,5,-16.4615,-15.3241,1487,269,294.99,54.99,9.35097e+11,0
evt_553,7,0,-1,4,1,-8.49521,0.800948,1,-19.1048,-19.1048,798,798,137.49,137.49,9.35097e+11,0
evt_553,20,0,-1,3,3,5.44125,0.77581,1,-139.461,-139.461,5749,5749,239.99,239.99,9.35097e+11,0
evt_553,22,0,-1,4,3,-3.10361,1.25353,1,-195.543,-195.543,8539,8539,269.99,269.99,9.35097e+11,0
evt_553,23,0,-1,4,3,2.3325,0.973088,1,-100.955,-100.955,3492,3492,204.99,204.99,9.35097e+11,0
evt_553,27,1,-1,2,1,8.29343,0.701104,1,-49.3341,-49.3341,1819,1819,169.99,169.99,9.35097e+11,0
evt_553,56,2,-1,1,2,11.4449,0.811713,1,-27.5176,-27.5176,862,862,134.99,134.99,9.35097e+11,0
evt_553,61,2,-1,3,2,1.64528,0.666128,2,-118.685,-29.127,4574,838,229.99,122.49,9.35097e+11,0
evt_553,74,3,-1,2,1,0.837341,1.0697,1,-55.8527,-55.8527,2295,2295,197.49,197.49,9.35097e+11,0
evt_553,75,3,-1,2,1,-1.05644,0.737053,1,-67.4483,-67.4483,3083,3083,224.99,224.99,9.35097e+11,0
evt_554,36,1,-1,3,2,-3.57825,0.724086,1,-37.2853,-37.2853,1379,1379,159.99,159.99,9.35131e+11,0
evt_554,60,2,-1,3,2,-5.73164,0.920818,3,-584.886,-31.8717,29268,1041,387.49,132.49,9.35131e+11,0
evt_554,61,2,-1,3,2,0.805637,0.699483,2,-713.555,-36.6818,34909,1032,359.99,127.49,9.35131e+11,0
evt_554,78,3,-1,4,1,-6.28758,1.87574,1,-53.2982,-53.2982,2398,2398,207.49,207.49,9.35131e+11,0
evt_554,79,3,-1,4,1,-0.79346,0.649135,1,-43.8441,-43.8441,1847,1847,184.99,184.99,9.35131e+11,0
evt_554,84,3,-1,3,2,-1.34344,0.707375,4,-1209.88,-68.1288,77575,2008,404.99,142.49,9.35131e+11,0
evt_554,85,3,-1,3,2,1.343,0.786667,3,-901.111,-48.2661,43080,1251,349.99,134.99,9.35131e+11,0
evt_554,93,3,-1,3,3,-7.01054,1.29934,2,-18.9868,-15.5926,662,401,109.99,74.99,0,4.58496e+18
evt_555,4,0,-1,3,1,-0.458085,0.714903,1,-298.863,-298.863,14208,14208,302.49,302.49,9.35138e+11,0
evt_555,5,0,-1,3,1,-4.61637,0.951301,1,-293.875,-293.875,13253,13253,309.99,309.99,9.35138e+11,0
evt_555,6,0,-1,4,1,1.68995,0.979169,1,-130.622,-130.622,5505,5505,234.99,234.99,9.35138e+11,0
evt_555,7,0,-1,4,1,-0.562535,1.00678,1,-29.854,-29.854,1144,1144,152.49,152.49,9.35138e+11,0
evt_555,26,1,-1,2,1,-0.419451,1.18828,1,-90.6094,-90.6094,7518,7518,339.99,339.99,9.35138e+11,0
evt_555,54,2,-1,4,1,16.2584,0.759662,1,-49.6099,-49.6099,245,245,74.99,74.99,9.35138e+11,0
evt_555,55,2,-1,4,1,15.8401,0.492613,1,-182.695,-182.695,6892,6892,224.99,224.99,9.35138e+11,0
evt_555,56,2,-1,1,2,2.71456,0.958785,1,-21.2422,-21.2422,107,107,69.99,69.99,9.35138e+11,0
evt_555,57,2,-1,1,2,0.223194,1.1678,1,-72.0753,-72.0753,710,710,79.99,79.99,9.35138e+11,0
evt_556,14,0,-1,4,2,0.126357,1.09917,3,-1250.12,-32.4822,95738,925,442.49,124.99,9.35144e+11,0
evt_556,15,0,-1,4,2,0.264311,0.795078,2,-832.84,-39.9071,83175,1076,449.99,147.49,9.35144e+11,0
evt_556,54,2,-1,4,1,3.21229,1.15742,1,-24.1648,-24.1648,280,280,84.99,84.99,9.35144e+11,0
evt_556,55,2,-1,4,1,-0.351503,0.751971,1,-25.6964,-25.6964,367,367,84.99,84.99,9.35144e+11,0
evt_556,57,2,-1,1,2,0.842628,0.856702,1,-66.0274,-66.0274,559,559,74.99,74.99,9.35144e+11,0
evt_556,62,2,-1,4,2,0.449026,1.34106,2,-48.0319,-29.55,1706,814,164.99,117.49,9.35144e+11,0
evt_556,63,2,-1,4,2,5.53675,0.844504,1,-91.1237,-91.1237,4848,4848,254.99,254.99,9.35144e+11,0
evt_556,74,3,-1,2,1,2.14535,0.975603,1,-1249.51,-1249.51,12893,12893,52.49,52.49,9.35144e+11,0
evt_556,75,3,-1,2,1,1.91901,0.673208,1,-1250.12,-1250.12,13179,13179,54.99,54.99,9.35144e+11,0
evt_556,87,3,-1,4,2,1.22641,0.740829,1,-26.9543,-26.9543,1003,1003,144.99,144.99,9.35144e+11,0
evt_557,16,0,-1,1,3,9.58441,0.984149,1,-665.018,-665.018,30846,30846,299.99,299.99,9.35198e+11,0
evt_557,17,0,-1,1,3,8.53272,0.915532,1,-73.4266,-73.4266,2441,2441,172.49,172.49,9.35198e+11,0
evt_557,19,0,-1,2,3,21.951,0.832673,1,-19.2151,-19.2151,290,290,74.99,74.99,9.35198e+11,0
evt_557,20,0,-1,3,3,12.0807,0.747326,1,-34.5096,-34.5096,1044,1044,137.49,137.49,9.35198e+11,0
evt_557,46,1,-1,4,3,3.56241,0.873271,1,-60.7488,-60.7488,2406,2406,197.49,197.49,9.35198e+11,0
evt_557,47,1,-1,4,3,-0.101102,1.207,1,-42.0884,-42.0884,1482,1482,157.49,157.49,9.35198e+11,0
evt_557,60,2,-1,3,2,-5.60461,0.896662,1,-79.3792,-79.3792,3061,3061,204.99,204.99,9.35198e+11,0
evt_557,82,3,-1,2,2,-17.3574,1.27079,7,-19.7844,-15.7079,1733,304,337.49,59.99,9.35198e+11,0
evt_557,86,3,-1,4,2,0.958095,1.14083,1,-102.671,-102.671,4066,4066,219.99,219.99,9.35198e+11,0
evt_557,87,3,-1,4,2,3.3721,1.9635,1,-109.916,-109.916,5288,5288,252.49,252.49,9.35198e+11,0
evt_557,94,3,-1,4,3,103.084,1.21873,2,-94.4737,-73.3516,1806,1168,142.49,129.99,4.38087e+11,4.62098e+18
evt_557,95,3,-1,4,3,-1.08495,34.674,1,-62.9415,-62.9415,1167,1167,119.99,119.99,4.38087e+11,4.5613e+18
evt_558,10,0,-1,2,2,-2.48201,1.05226,3,-460.282,-28.8171,24927,841,399.99,127.49,9.352e+11,0
evt_558,11,0,-1,2,2,-4.15953,0.721313,3,-926.83,-17.2706,50174,382,404.99,82.49,9.352e+11,0
evt_558,34,1,-1,2,2,-3.36623,0.824633,1,-1045.7,-1045.7,48785,48785,399.99,399.99,9.352e+11,0
evt_558,35,1,-1,2,2,1.33419,0.944324,2,-1250.14,-204.693,74346,8421,549.99,269.99,9.352e+11,0
evt_558,36,1,-1,3,2,2.91635,0.781305,1,-290.284,-290.284,14823,14823,334.99,334.99,9.352e+11,0
evt_558,37,1,-1,3,2,-2.08215,1.14148,2,-578.936,-36.7157,29494,1223,454.99,142.49,9.352e+11,0
evt_558,42,1,-1,2,3,2.00187,0.926105,1,-288.678,-288.678,13240,13240,297.49,297.49,9.352e+11,0
evt_558,43,1,-1,2,3,1.29742,0.722084,1,-22.5314,-22.5314,530,530,97.49,97.49,9.352e+11,0
evt_558,44,1,-1,3,3,-1.31141,0.937623,1,-291.808,-291.808,12145,12145,287.49,287.49,9.352e+11,0
evt_558,45,1,-1,3,3,-1.4846,0.956861,1,-183.386,-183.386,10808,10808,302.49,302.49,9.352e+11,0
evt_558,56,2,-1,1,2,-16.8128,1.65429,3,-22.153,-16.2046,10789,670,1564.99,117.49,9.352e+11,0
evt_558,62,2,-1,4,2,-3.13295,0.945331,1,-58.8848,-58.8848,473,473,69.99,69.99,9.352e+11,0
evt_558,73,3,-1,1,1,29.3908,1.08194,2,-22.8369,-19.5205,473,420,99.99,94.99,9.352e+11,0
evt_558,82,3,-1,2,2,-2.53669,1.75887,4,-1250.08,-17.9115,97317,281,477.49,79.99,9.352e+11,0
evt_558,83,3,-1,2,2,1.18541,0.814693,1,-1250.04,-1250.04,78018,78018,372.49,372.49,9.352e+11,0
evt_559,20,0,-1,3,3,7.32523,0.955596,2,-164.355,-36.4051,8172,1201,307.49,144.99,9.35209e+11,0
evt_559,21,0,-1,3,3,3.99394,0.801324,2,-222.307,-28.8637,10466,905,294.99,132.49,9.35209e+11,0
evt_559,44,1,-1,3,3,-0.0170198,0.975045,2,-1250.27,-28.3646,57133,612,347.49,77.49,9.35209e+11,0
evt_559,45,1,-1,3,3,-0.730549,1.17534,2,-1160.91,-46.8929,59097,1519,457.49,159.99,9.35209e+11,0
evt_559,68,2,-1,3,3,2.24561,0.694902,3,-1250.01,-103.782,145041,1995,964.99,49.99,9.35209e+11,0
evt_559,69,2,-1,3,3,-1.56271,0.584063,2,-1250.04,-15.1103,107389,19,467.49,54.99,9.35209e+11,0
evt_559,82,3,-1,2,2,-4.20941,1.47776,3,-1250.35,-35.6871,80399,929,479.99,122.49,9.35209e+11,0
evt_559,83,3,-1,2,2,-0.538218,0.920158,5,-976.347,-16.469,51412,236,359.99,59.99,9.35209e+11,0
evt_560,19,0,-1,2,3,16.2069,1.22225,1,-22.8371,-22.8371,428,428,89.99,89.99,9.35216e+11,0
evt_560,23,0,-1,4,3,-1.22659,0.752165,1,-47.544,-47.544,1720,1720,172.49,172.49,9.35216e+11,0
evt_560,36,1,-1,3,2,2.72055,1.12501,1,-1174.01,-1174.01,57092,57092,457.49,457.49,9.35216e+11,0
evt_560,37,1,-1,3,2,-3.07278,0.831654,1,-1250.46,-1250.46,64494,64494,389.99,389.99,9.35216e+11,0
evt_560,56,2,-1,1,2,-0.287065,1.51809,1,-50.5537,-50.5537,691,691,87.49,87.49,9.35216e+11,0
evt_560,57,2,-1,1,2,-0.87062,0.897951,1,-91.5976,-91.5976,1177,1177,87.49,87.49,9.35216e+11,0
evt_560,58,2,-1,2,2,-0.505068,0.88476,2,-591.087,-23.5604,31215,741,387.49,119.99,9.35216e+11,0
evt_560,59,2,-1,2,2,-2.99824,0.686619,2,-739.015,-21.0893,41931,551,387.49,99.99,9.35216e+11,0
evt_560,88,3,-1,1,3,16.7879,1.05085,2,-43.4334,-22.8167,1225,384,139.99,89.99,1.49602e+14,1.10382e+12
evt_560,89,3,-1,1,3,25.8921,0.782236,2,-295.317,-23.0564,10524,418,227.49,94.99,1.49602e+14,1.38331e+19
evt_560,93,3,-1,3,3,-2.7887,0.711223,2,-20.7029,-17.6143,2479,481,362.49,87.49,0,1.3878e+19
evt_561,16,0,-1,1,3,-2.75505,0.834662,2,-898.889,-37.0983,38161,1170,352.49,137.49,9.35239e+11,0
evt_561,17,0,-1,1,3,-3.41895,0.664009,3,-1075.54,-24.5823,51578,777,472.49,124.99,9.35239e+11,0
evt_561,18,0,-1,2,3,2.61182,0.932842,5,-1250,-37.4723,104192,695,404.99,109.99,9.35239e+11,0
evt_561,19,0,-1,2,3,0.697174,0.640338,4,-684.117,-40.3742,74872,1361,852.49,154.99,9.35239e+11,0
evt_561,28,1,-1,3,1,-3.19268,1.37918,1,-29.4282,-29.4282,1093,1093,149.99,149.99,9.35239e+11,0
evt_561,29,1,-1,3,1,2.69437,0.861432,1,-26.1543,-26.1543,842,842,132.49,132.49,9.35239e+11,0
evt_561,30,1,-1,4,1,-1.88361,1.06896,3,-1250.27,-18.5262,77607,276,369.99,82.49,9.35239e+11,0
evt_561,31,1,-1,4,1,0.467814,0.945821,1,-997.123,-997.123,43311,43311,337.49,337.49,9.35239e+11,0
evt_561,50,2,-1,2,1,0.308694,0.952405,1,-145.449,-145.449,6548,6548,259.99,259.99,9.35239e+11,0
evt_561,51,2,-1,2,1,-0.375668,0.843446,2,-29.203,-25.6547,1078,964,149.99,139.99,9.35239e+11,0
evt_561,56,2,-1,1,2,-21.4499,1.05888,3,-24.4041,-21.9275,8436,2377,1199.99,312.49,9.35239e+11,0
evt_561,60,2,-1,3,2,-9.74003,0.87222,2,-18.7455,-17.3475,2912,489,469.99,87.49,9.35239e+11,0
evt_561,78,3,-1,4,1,9.1611,0.942301,2,-520.328,-24.2107,31088,783,399.99,134.99,9.35239e+11,0
evt_561,79,3,-1,4,1,2.66406,0.754479,1,-701.691,-701.691,34166,34166,344.99,344.99,9.35239e+11,0
evt_561,88,3,-1,1,3,9.59794,0.604423,1,-401.915,-401.915,15880,15880,267.49,267.49,1.49602e+14,1.10382e+12
evt_561,89,3,-1,1,3,14.166,0.747781,2,-214.833,-16.8131,8442,234,247.49,62.49,1.49602e+14,4.54755e+18
evt_562,16,0,-1,1,3,0.472903,0.983194,2,-360.659,-47.5055,15086,1589,284.99,159.99,9.35288e+11,0
evt_562,17,0,-1,1,3,-2.07957,0.717835,1,-557.788,-557.788,23884,23884,317.49,317.49,9.35288e+11,0
evt_562,29,1,-1,3,1,-5.77197,4.11466,1,-33.6255,-33.6255,1147,1147,142.49,142.49,9.35288e+11,0
evt_562,34,1,-1,2,2,1.42768,0.758856,1,-198.968,-198.968,10704,10704,444.99,444.99,9.35288e+11,0
evt_562,35,1,-1,2,2,-0.450182,0.915768,2,-72.8204,-24.8571,3165,696,217.49,84.99,9.35288e+11,0
evt_562,40,1,-1,1,3,1.65979,0.675205,1,-794.407,-794.407,34394,34394,342.49,342.49,9.35288e+11,0
evt_562,41,1,-1,1,3,0.998339,0.857608,3,-546.672,-46.3921,32102,1759,434.99,167.49,9.35288e+11,0
evt_562,42,1,-1,2,3,-1.57652,0.996985,1,-117.847,-117.847,9176,9176,352.49,352.49,9.35288e+11,0
evt_562,43,1,-1,2,3,1.36253,0.924733,1,-110.864,-110.864,5362,5362,264.99,264.99,9.35288e+11,0
evt_562,60,2,-1,3,2,-1.52655,0.649653,1,-17.1996,-17.1996,109,109,17.49,17.49,9.35288e+11,0
evt_562,61,2,-1,3,2,-1.68696,0.803592,1,-18.6301,-18.6301,150,150,22.49,22.49,9.35288e+11,0
evt_562,64,2,-1,1,3,1.52274,0.955852,1,-26.6458,-26.6458,782,782,119.99,119.99,9.35288e+11,0
evt_562,65,2,-1,1,3,1.50004,0.959502,1,-40.3414,-40.3414,1380,1380,157.49,157.49,9.35288e+11,0
evt_563,16,0,-1,1,3,7.19205,0.814382,2,-165.926,-20.4345,5946,510,217.49,102.49,9.35289e+11,0
evt_563,17,0,-1,1,3,1.74605,1.00563,1,-63.4179,-63.4179,2201,2201,172.49,172.49,9.35289e+11,0
evt_563,40,1,-1,1,3,-1011.67,197.987,4,-700.047,-16.2813,15590,206,234.99,67.49,9.35289e+11,0
evt_563,41,1,-1,1,3,-1044.53,217.114,3,-667.956,-65.6523,16512,1932,292.49,159.99,9.35289e+11,0
evt_563,52,2,-1,3,1,1.7225,0.775604,1,-22.3389,-22.3389,207,207,77.49,77.49,9.35289e+11,0
evt_563,53,2,-1,3,1,0.823662,0.991898,1,-22.7566,-22.7566,210,210,74.99,74.99,9.35289e+11,0
evt_563,56,2,-1,1,2,-8.69788,0.725536,3,-20.3942,-15.8986,1484,510,222.49,92.49,9.35289e+11,0
evt_563,64,2,-1,1,3,-257.879,64.8681,2,-163.839,-28.5968,4186,814,194.99,119.99,9.35289e+11,0
evt_563,65,2,-1,1,3,-527.323,119.524,4,-461.174,-48.4587,16620,1163,294.99,132.49,9.35289e+11,0
evt_564,13,0,-1,3,2,0.0764595,0.725922,1,-176.557,-176.557,9679,9679,374.99,374.99,9.35317e+11,0
evt_564,37,1,-1,3,2,0.109089,1.02937,1,-41.5567,-41.5567,1340,1340,152.49,152.49,9.35317e+11,0
evt_564,60,2,-1,3,2,-49.2058,14.4872,1,-28.9219,-28.9219,452,452,82.49,82.49,9.35317e+11,0
evt_564,61,2,-1,3,2,-33.6907,9.2827,2,-28.0947,-21.051,814,308,122.49,69.99,9.35317e+11,0
evt_564,80,3,-1,1,2,0.157792,1.00826,3,-20.4733,-15.9816,779,264,129.99,54.99,9.35317e+11,0
evt_564,94,3,-1,4,3,3.72055,1.08547,1,-173.888,-173.888,7444,7444,254.99,254.99,4.38087e+11,1.38561e+19
evt_565,44,1,-1,3,3,3.10974,0.432382,1,-581.179,-581.179,33111,33111,427.49,427.49,9.35381e+11,0
evt_565,45,1,-1,3,3,-1.19313,1.41872,2,-623.417,-80.3023,32183,582,367.49,29.99,9.35381e+11,0
evt_565,52,2,-1,3,1,4.00618,0.661087,1,-32.2176,-32.2176,436,436,89.99,89.99,9.35381e+11,0
evt_565,53,2,-1,3,1,-0.822877,0.956268,1,-37.9162,-37.9162,567,567,87.49,87.49,9.35381e+11,0
evt_565,68,2,-1,3,3,-3.02677,0.715056,1,-268.896,-268.896,11215,11215,282.49,282.49,9.35381e+11,0
evt_565,69,2,-1,3,3,3.27207,1.31709,1,-98.3482,-98.3482,4066,4066,227.49,227.49,9.35381e+11,0
evt_565,92,3,-1,3,3,-2.98705,1.23692,2,-521.126,-22.378,24938,854,334.99,134.99,0,4.62516e+18
evt_566,4,0,-1,3,1,-12.3615,0.525773,5,-15.671,-15.0608,969,288,172.49,54.99,9.35399e+11,0
evt_566,26,1,-1,2,1,-21.3986,2.00918,1,-29.0901,-29.0901,22722,22722,2507.49,2507.49,9.35399e+11,0
evt_566,27,1,-1,2,1,-19.709,1.12159,1,-22.9514,-22.9514,19427,19427,2507.49,2507.49,9.35399e+11,0
evt_566,28,1,-1,3,1,-16.6262,0.860289,1,-21.8823,-21.8823,16949,16949,2507.49,2507.49,9.35399e+11,0
evt_566,29,1,-1,3,1,-14.7922,1.09712,4,-16.4691,-15.2875,838,313,152.49,57.49,9.35399e+11,0
evt_566,50,2,-1,2,1,-15.305,0.999699,4,-17.8056,-17.0421,10057,664,1707.49,107.49,9.35399e+11,0
evt_566,77,3,-1,3,1,8.46569,0.92371,1,-24.1716,-24.1716,694,694,124.99,124.99,9.35399e+11,0
evt_566,80,3,-1,1,2,-16.8676,1.61182,3,-30.269,-20.6166,8804,3275,1062.49,434.99,9.35399e+11,0
evt_566,81,3,-1,1,2,-11.8905,0.645172,3,-24.6314,-21.5006,5478,4397,789.99,599.99,9.35399e+11,0
evt_567,7,0,-1,4,1,0.369058,1.09016,1,-26.0393,-26.0393,820,820,124.99,124.99,9.35409e+11,0
evt_567,14,0,-1,4,2,1.72848,0.835435,1,-47.6228,-47.6228,1846,1846,182.49,182.49,9.35409e+11,0
evt_567,24,1,-1,1,1,-2.95526,1.0473,1,-353.801,-353.801,16995,16995,462.49,462.49,9.35409e+11,0
evt_567,25,1,-1,1,1,-0.748225,0.697104,1,-301.185,-301.185,12814,12814,294.99,294.99,9.35409e+11,0
evt_567,31,1,-1,4,1,4.46648,0.745616,2,-31.9483,-15.1719,775,220,117.49,54.99,9.35409e+11,0
evt_567,49,2,-1,1,1,-0.804562,0.737745,1,-39.5027,-39.5027,401,401,79.99,79.99,9.35409e+11,0
evt_567,50,2,-1,2,1,-2.5771,0.715553,1,-20.5293,-20.5293,177,177,57.49,57.49,9.35409e+11,0
evt_567,51,2,-1,2,1,0.644633,0.7477,1,-37.0619,-37.0619,1518,1518,172.49,172.49,9.35409e+11,0
evt_567,70,2,-1,4,3,-0.075758,0.912426,2,-84.8677,-40.2535,4684,1336,337.49,149.99,9.35409e+11,0
evt_567,71,2,-1,4,3,0.995257,0.75898,1,-92.6057,-92.6057,3826,3826,222.49,222.49,9.35409e+11,0
evt_567,76,3,-1,3,1,6.4951,1.47104,1,-1250.12,-1250.12,83877,83877,499.99,499.99,9.35409e+11,0
evt_567,77,3,-1,3,1,-1.37335,0.775876,2,-1250.12,-23.7896,94865,496,542.49,102.49,9.35409e+11,0
evt_568,17,0,-1,1,3,13.7403,19.6994,1,-19.7917,-19.7917,259,259,74.99,74.99,9.3543e+11,0
evt_568,54,2,-1,4,1,-0.152977,0.915743,1,-45.3751,-45.3751,256,256,62.49,62.49,9.3543e+11,0
evt_568,60,2,-1,3,2,0.482451,0.888513,1,-24.7052,-24.7052,342,342,84.99,84.99,9.3543e+11,0
evt_568,61,2,-1,3,2,-0.745508,0.787571,1,-25.0121,-25.0121,297,297,82.49,82.49,9.3543e+11,0
evt_569,22,0,-1,4,3,-2.624,0.904416,1,-444.728,-444.728,21366,21366,339.99,339.99,9.35476e+11,0
evt_569,23,0,-1,4,3,-1.53761,0.931306,1,-270.604,-270.604,10848,10848,267.49,267.49,9.35476e+11,0
evt_569,46,1,-1,4,3,-3.43078,1.24359,1,-38.4227,-38.4227,1539,1539,179.99,179.99,9.35476e+11,0
evt_569,47,1,-1,4,3,0.448062,1.10613,1,-66.7198,-66.7198,2342,2342,182.49,182.49,9.35476e+11,0
evt_569,53,2,-1,3,1,-2.76675,0.905427,1,-49.6706,-49.6706,238,238,19.99,19.99,9.35476e+11,0
evt_569,70,2,-1,4,3,-1.90981,1.01983,2,-1250.08,-21.7308,74063,382,404.99,79.99,9.35476e+11,0
evt_569,71,2,-1,4,3,2.08371,0.694869,3,-1250.35,-29.4711,110199,1069,567.49,164.99,9.35476e+11,0
evt_569,88,3,-1,1,3,-0.492636,1.16499,1,-784.426,-784.426,32755,32755,319.99,319.99,1.49602e+14,1.10382e+12
evt_569,89,3,-1,1,3,0.261185,0.655865,1,-1110.89,-1110.89,58480,58480,367.49,367.49,1.49602e+14,1.37344e+19
evt_570,14,0,-1,4,2,-0.168057,1.09876,1,-150.445,-150.445,9957,9957,367.49,367.49,9.35488e+11,0
evt_570,15,0,-1,4,2,1.32282,0.573072,2,-142.924,-39.6121,9086,1449,342.49,162.49,9.35488e+11,0
evt_570,38,1,-1,4,2,11.6071,1.0123,2,-182.32,-27.1869,8635,621,264.99,104.99,9.35488e+11,0
evt_570,39,1,-1,4,2,3.83666,1.14777,1,-209.65,-209.65,10200,10200,279.99,279.99,9.35488e+11,0
evt_570,57,2,-1,1,2,-0.859546,0.98349,1,-39.2099,-39.2099,220,220,62.49,62.49,9.35488e+11,0
evt_570,62,2,-1,4,2,25.5578,1.05907,1,-1250.2,-1250.2,85978,85978,369.99,369.99,9.35488e+11,0
evt_570,63,2,-1,4,2,49.2592,0.8438,2,-1250.23,-31.2962,99799,395,399.99,109.99,9.35488e+11,0
evt_570,72,3,-1,1,1,-7.04156,1.27388,4,-25.4369,-16.7398,1627,480,222.49,84.99,9.35488e+11,0
evt_570,78,3,-1,4,1,-5.95564,1.04769,3,-22.8328,-15.0201,1311,279,204.99,54.99,9.35488e+11,0
evt_571,46,1,-1,4,3,-1.61219,0.70385,2,-1250.84,-123.102,114469,5621,427.49,219.99,9.35727e+11,0
evt_571,47,1,-1,4,3,-1.80365,1.11867,4,-1250.65,-28.5457,118472,59,414.99,87.49,9.35727e+11,0
evt_571,70,2,-1,4,3,1.24796,1.1335,2,-1071.44,-16.3172,50667,197,394.99,64.99,9.35727e+11,0
evt_571,71,2,-1,4,3,-0.505564,1.28216,2,-1250.27,-21.4642,90012,430,394.99,94.99,9.35727e+11,0
evt_571,93,3,-1,3,3,-5.08551,0.859962,1,-15.857,-15.857,336,336,67.49,67.49,0,1.38138e+19
evt_571,94,3,-1,4,3,-0.183175,0.98312,2,-437.331,-70.3348,20303,2749,319.99,194.99,4.38087e+11,1.38416e+19
evt_571,95,3,-1,4,3,-3.54551,0.995725,1,-314.798,-314.798,15201,15201,319.99,319.99,4.38087e+11,1.3856e+19
evt_572,6,0,-1,4,1,0.880431,0.954208,1,-61.9572,-61.9572,2435,2435,194.99,194.99,9.35737e+11,0
evt_572,11,0,-1,2,2,23.1003,0.553463,1,-130.044,-130.044,4477,4477,194.99,194.99,9.35737e+11,0
evt_572,28,1,-1,3,1,-2.02372,0.994865,1,-437.599,-437.599,18806,18806,317.49,317.49,9.35737e+11,0
evt_572,29,1,-1,3,1,-2.60458,0.911707,3,-466.96,-44.6075,23461,2544,382.49,129.99,9.35737e+11,0
evt_572,51,2,-1,2,1,1.99262,0.639059,1,-66.7961,-66.7961,2773,2773,204.99,204.99,9.35737e+11,0
evt_572,54,2,-1,4,1,0.727221,0.867051,1,-47.5794,-47.5794,343,343,67.49,67.49,9.35737e+11,0
evt_572,58,2,-1,2,2,0.0748049,0.988037,1,-148.04,-148.04,6846,6846,264.99,264.99,9.35737e+11,0
evt_572,59,2,-1,2,2,-0.520058,0.645372,1,-72.4756,-72.4756,3268,3268,229.99,229.99,9.35737e+11,0
evt_572,78,3,-1,4,1,-2.25589,0.751265,1,-15.9714,-15.9714,404,404,79.99,79.99,9.35737e+11,0
evt_573,36,1,-1,3,2,9.35349,0.634716,1,-1250.54,-1250.54,97327,97327,379.99,379.99,9.35789e+11,0
evt_573,37,1,-1,3,2,12.1342,1.01638,2,-1250.42,-44.4163,121339,931,414.99,127.49,9.35789e+11,0
evt_573,72,3,-1,1,1,-29.2219,0.743121,3,-29.9296,-23.1403,8142,3846,1032.49,497.49,9.35789e+11,0
evt_573,78,3,-1,4,1,-5.62978,1.11153,1,-15.7864,-15.7864,328,328,62.49,62.49,9.35789e+11,0
evt_573,79,3,-1,4,1,5.60324,1.01394,1,-719.305,-719.305,44430,44430,359.99,359.99,9.35789e+11,0
evt_573,93,3,-1,3,3,-10.2762,1.01689,2,-21.1134,-15.7038,1938,569,282.49,99.99,0,4.60694e+18
evt_574,15,0,-1,4,2,-1.2448,0.481627,1,-142.157,-142.157,6728,6728,274.99,274.99,9.35814e+11,0
evt_574,46,1,-1,4,3,4.33335,1.26323,1,-289.319,-289.319,13785,13785,297.49,297.49,9.35814e+11,0
evt_574,47,1,-1,4,3,5.12125,0.707859,1,-301.878,-301.878,13045,13045,279.99,279.99,9.35814e+11,0
evt_574,53,2,-1,3,1,0.503009,1.16138,1,-53.1111,-53.1111,2307,2307,202.49,202.49,9.35814e+11,0
evt_574,54,2,-1,4,1,1.70292,0.666219,1,-33.9727,-33.9727,322,322,77.49,77.49,9.35814e+11,0
evt_574,55,2,-1,4,1,1.01385,0.540067,1,-20.9066,-20.9066,185,185,64.99,64.99,9.35814e+11,0
evt_574,57,2,-1,1,2,2.32475,0.760431,1,-167.98,-167.98,8737,8737,322.49,322.49,9.35814e+11,0
evt_574,72,3,-1,1,1,-12.0142,1.09726,5,-25.3537,-17.5769,6313,776,824.99,132.49,9.35814e+11,0
evt_575,7,0,-1,4,1,-2.76533,0.785391,1,-25.4657,-25.4657,903,903,134.99,134.99,9.3583e+11,0
evt_575,37,1,-1,3,2,87.8978,1.22213,1,-52.1919,-52.1919,574,574,104.99,104.99,9.3583e+11,0
evt_575,76,3,-1,3,1,-5.34043,1.17515,2,-16.6214,-16.4314,534,424,97.49,94.99,9.3583e+11,0
evt_575,80,3,-1,1,2,4.3713,0.78992,3,-20.2718,-15.3137,1297,254,204.99,54.99,9.3583e+11,0
evt_575,93,3,-1,3,3,-8.06344,0.887733,1,-17.8854,-17.8854,659,659,119.99,119.99,0,4.56137e+18
evt_576,4,0,-1,3,1,-0.0865074,0.696504,1,-56.3108,-56.3108,2722,2722,224.99,224.99,9.35868e+11,0
evt_576,5,0,-1,3,1,0.310826,0.639131,1,-184.906,-184.906,10779,10779,389.99,389.99,9.35868e+11,0
evt_576,52,2,-1,3,1,0.596397,0.604424,1,-202.139,-202.139,8550,8550,262.49,262.49,9.35868e+11,0
evt_576,53,2,-1,3,1,0.789434,0.634346,1,-374.881,-374.881,20451,20451,319.99,319.99,9.35868e+11,0
evt_576,58,2,-1,2,2,0.706359,0.573351,1,-46.9993,-46.9993,511,511,87.49,87.49,9.35868e+11,0
evt_576,59,2,-1,2,2,2.12756,0.568808,1,-46.7485,-46.7485,423,423,82.49,82.49,9.35868e+11,0
evt_576,76,3,-1,3,1,3.2855,0.790562,2,-1250.38,-32.5572,107609,678,434.99,119.99,9.35868e+11,0
evt_576,77,3,-1,3,1,1.34861,0.74087,5,-1250.42,-21.7685,108007,210,532.49,82.49,9.35868e+11,0
evt_577,12,0,-1,3,2,-8.71403,0.830655,1,-50.2877,-50.2877,2253,2253,209.99,209.99,9.35887e+11,0
evt_577,34,1,-1,2,2,4.97974,0.9004,1,-155.245,-155.245,7241,7241,304.99,304.99,9.35887e+11,0
evt_577,35,1,-1,2,2,3.60494,1.20858,2,-430.353,-46.1673,25292,1855,359.99,179.99,9.35887e+11,0
evt_577,49,2,-1,1,1,-0.69713,0.838375,1,-78.4715,-78.4715,1043,1043,89.99,89.99,9.35887e+11,0
evt_577,56,2,-1,1,2,4.45772,0.879922,1,-1250.45,-1250.45,77525,77525,372.49,372.49,9.35887e+11,0
evt_577,57,2,-1,1,2,-1.56128,0.56326,1,-1030.06,-1030.06,51145,51145,477.49,477.49,9.35887e+11,0
evt_577,76,3,-1,3,1,-2.10951,1.58441,1,-20.0099,-20.0099,907,907,152.49,152.49,9.35887e+11,0
evt_577,93,3,-1,3,3,-13.5624,0.795157,3,-23.9427,-22.3796,3337,1999,474.99,302.49,0,1.38054e+19
evt_578,21,0,-1,3,3,1.28385,0.884672,1,-75.7925,-75.7925,3102,3102,212.49,212.49,9.35917e+11,0
evt_578,28,1,-1,3,1,2.03624,0.88962,2,-1247.91,-28.5195,97225,484,427.49,102.49,9.35917e+11,0
evt_578,29,1,-1,3,1,2.59578,0.781531,1,-1249.54,-1249.54,74345,74345,379.99,379.99,9.35917e+11,0
evt_578,50,2,-1,2,1,-0.0126741,0.981651,3,-1250.31,-35.2681,92942,875,637.49,129.99,9.35917e+11,0
evt_578,51,2,-1,2,1,0.359378,0.880778,1,-1250.31,-1250.31,98704,98704,429.99,429.99,9.35917e+11,0
evt_578,59,2,-1,2,2,-0.303487,0.939053,1,-47.7034,-47.7034,298,298,67.49,67.49,9.35917e+11,0
evt_578,72,3,-1,1,1,4.86878,1.67765,2,-265.463,-29.0397,13548,1243,307.49,167.49,9.35917e+11,0
evt_578,73,3,-1,1,1,-2.90118,0.746535,2,-310.986,-54.097,15113,2625,327.49,222.49,9.35917e+11,0
evt_578,80,3,-1,1,2,0.205525,0.9293,1,-87.1047,-87.1047,4290,4290,247.49,247.49,9.35917e+11,0
evt_579,10,0,-1,2,2,0.112585,1.0158,1,-133.054,-133.054,6452,6452,262.49,262.49,9.36023e+11,0
evt_579,11,0,-1,2,2,0.212489,0.895395,1,-134.087,-134.087,11013,11013,484.99,484.99,9.36023e+11,0
evt_579,13,0,-1,3,2,-0.755491,0.7362,1,-230.152,-230.152,10282,10282,282.49,282.49,9.36023e+11,0
evt_579,35,1,-1,2,2,0.120774,0.871701,1,-28.4028,-28.4028,973,973,139.99,139.99,9.36023e+11,0
evt_579,37,1,-1,3,2,-0.640493,0.967737,1,-41.2181,-41.2181,1427,1427,159.99,159.99,9.36023e+11,0
evt_579,58,2,-1,2,2,0.157639,0.946659,1,-36.1827,-36.1827,464,464,89.99,89.99,9.36023e+11,0
evt_579,59,2,-1,2,2,-1.84868,0.603776,1,-35.5754,-35.5754,398,398,84.99,84.99,9.36023e+11,0
evt_579,61,2,-1,3,2,-1.2147,0.882099,1,-77.4697,-77.4697,3643,3643,237.49,237.49,9.36023e+11,0
evt_579,76,3,-1,3,1,2.23101,1.49165,3,-20.3212,-15.63,919,363,147.49,69.99,9.36023e+11,0
evt_579,90,3,-1,2,3,0.377572,1.00879,1,-108.618,-108.618,4256,4256,232.49,232.49,1.49602e+14,1.38354e+19
evt_579,91,3,-1,2,3,2.01036,0.786056,1,-51.8124,-51.8124,1998,1998,184.99,184.99,0,1.38691e+19
evt_580,2,0,-1,2,1,0.905533,0.872831,2,-1036.46,-82.6539,75685,2149,397.49,134.99,9.36028e+11,0
evt_580,3,0,-1,2,1,0.895735,1.3345,3,-914.352,-19.7196,70687,200,532.49,27.49,9.36028e+11,0
evt_580,44,1,-1,3,3,0.896111,0.816326,2,-315.642,-54.7164,13262,1691,279.99,159.99,9.36028e+11,0
evt_580,45,1,-1,3,3,0.633211,1.32161,1,-177.358,-177.358,7415,7415,262.49,262.49,9.36028e+11,0
evt_580,68,2,-1,3,3,38.1404,0.806702,1,-95.769,-95.769,4554,4554,227.49,227.49,9.36028e+11,0
evt_580,69,2,-1,3,3,11.2114,0.995323,1,-116.097,-116.097,5005,5005,259.99,259.99,9.36028e+11,0
evt_580,92,3,-1,3,3,-2.74639,0.897175,2,-1250.2,-25.6186,130250,464,527.49,109.99,0,4.61478e+18
evt_580,93,3,-1,3,3,2.88207,1.72329,1,-465.199,-465.199,20882,20882,299.99,299.99,0,4.6306e+18
evt_581,12,0,-1,3,2,0.200574,0.704793,1,-51.8475,-51.8475,1820,1820,167.49,167.49,9.36065e+11,0
evt_581,34,1,-1,2,2,0.479976,1.58967,1,-79.8717,-79.8717,3123,3123,207.49,207.49,9.36065e+11,0
evt_581,35,1,-1,2,2,7.28172,0.982331,2,-84.6376,-31.1421,3341,1104,202.49,144.99,9.36065e+11,0
evt_581,51,2,-1,2,1,2.85229,0.83693,1,-24.7794,-24.7794,863,863,132.49,132.49,9.36065e+11,0
evt_581,56,2,-1,1,2,0.837229,0.8608,1,-243.024,-243.024,13951,13951,334.99,334.99,9.36065e+11,0
evt_581,57,2,-1,1,2,-0.783785,0.530715,1,-306.327,-306.327,13172,13172,277.49,277.49,9.36065e+11,0
evt_581,81,3,-1,1,2,7.48062,1.09652,1,-60.0194,-60.0194,2535,2535,202.49,202.49,9.36065e+11,0
evt_581,93,3,-1,3,3,-5.90826,1.2959,3,-19.5588,-18.9101,1661,907,269.99,149.99,0,1.39097e+19
evt_582,28,1,-1,3,1,21.5144,1.7933,1,-68.7789,-68.7789,1617,1617,139.99,139.99,9.36086e+11,0
evt_582,29,1,-1,3,1,12.0412,1.51246,1,-33.2476,-33.2476,1012,1012,134.99,134.99,9.36086e+11,0
evt_582,49,2,-1,1,1,-0.574613,0.736686,1,-16.3841,-16.3841,112,112,59.99,59.99,9.36086e+11,0
evt_582,52,2,-1,3,1,0.700986,0.757262,1,-100.916,-100.916,4081,4081,219.99,219.99,9.36086e+11,0
evt_582,53,2,-1,3,1,-0.452766,1.03354,1,-141.902,-141.902,6282,6282,254.99,254.99,9.36086e+11,0
evt_582,57,2,-1,1,2,2.2163,0.897796,1,-44.8029,-44.8029,1394,1394,149.99,149.99,9.36086e+11,0
evt_582,74,3,-1,2,1,0.127102,1.09023,1,-235.766,-235.766,13712,13712,357.49,357.49,9.36086e+11,0
evt_582,75,3,-1,2,1,-0.0122236,1.00746,1,-266.876,-266.876,12966,12966,314.99,314.99,9.36086e+11,0
evt_582,77,3,-1,3,1,1.25818,0.850926,1,-39.1166,-39.1166,1515,1515,164.99,164.99,9.36086e+11,0
evt_583,1,0,-1,1,1,23.8894,1.04321,1,-40.3366,-40.3366,813,813,114.99,114.99,9.36219e+11,0
evt_583,27,1,-1,2,1,5.08606,0.825827,1,-309.386,-309.386,13549,13549,274.99,274.99,9.36219e+11,0
evt_583,42,1,-1,2,3,-3.92535,0.741586,1,-226.16,-226.16,10231,10231,284.99,284.99,9.36219e+11,0
evt_583,60,2,-1,3,2,1.33204,0.895818,2,-83.9922,-20.741,3095,265,207.49,77.49,9.36219e+11,0
evt_583,61,2,-1,3,2,1.10765,0.810494,1,-165.046,-165.046,11007,11007,392.49,392.49,9.36219e+11,0
evt_583,74,3,-1,2,1,-0.462214,0.784164,2,-964.102,-66.9835,47241,1683,359.99,142.49,9.36219e+11,0
evt_583,75,3,-1,2,1,0.130153,0.961146,2,-962.695,-154.063,55001,6116,402.49,182.49,9.36219e+11,0
evt_583,90,3,-1,2,3,-1.08409,0.863008,1,-419.564,-419.564,21230,21230,334.99,334.99,1.49602e+14,4.71948e+18
evt_583,91,3,-1,2,3,1.46287,1.39547,2,-337.366,-60.4664,19529,2338,444.99,187.49,0,4.71279e+18
evt_584,22,0,-1,4,3,3.26669,0.897079,2,-132.984,-63.745,5332,2011,232.49,107.49,9.3623e+11,0
evt_584,23,0,-1,4,3,3.32334,1.13075,1,-113.579,-113.579,5388,5388,254.99,254.99,9.3623e+11,0
evt_584,24,1,-1,1,1,-11.1684,0.819055,1,-15.8639,-15.8639,437,437,79.99,79.99,9.3623e+11,0
evt_584,26,1,-1,2,1,1.92882,1.28245,2,-432.678,-16.8472,20313,371,324.99,79.99,9.3623e+11,0
evt_584,27,1,-1,2,1,2.04309,0.824629,2,-167.788,-43.6554,11538,1761,339.99,174.99,9.3623e+11,0
evt_584,62,2,-1,4,2,-1.4128,0.762191,1,-1209.02,-1209.02,61565,61565,374.99,374.99,9.3623e+11,0
evt_584,63,2,-1,4,2,-1.66304,0.745212,2,-1250.35,-32.065,112637,697,494.99,112.49,9.3623e+11,0
evt_584,68,2,-1,3,3,-2.56818,0.784029,1,-136.419,-136.419,5256,5256,239.99,239.99,9.3623e+11,0
evt_584,69,2,-1,3,3,0.443844,0.762723,2,-165.427,-27.7549,7234,821,274.99,119.99,9.3623e+11,0
evt_584,72,3,-1,1,1,-19.928,0.890392,4,-28.3345,-17.7325,6479,973,789.99,159.99,9.3623e+11,0
evt_584,82,3,-1,2,2,0.863218,1.39518,1,-181.593,-181.593,8100,8100,264.99,264.99,9.3623e+11,0
evt_584,83,3,-1,2,2,0.0308504,0.773362,1,-97.2187,-97.2187,4176,4176,229.99,229.99,9.3623e+11,0
evt_584,92,3,-1,3,3,-10.7187,0.693845,7,-21.6167,-17.0412,2859,696,494.99,119.99,0,4.55304e+18
evt_585,68,2,-1,3,3,31.8025,18.8758,1,-16.0614,-16.0614,177,177,57.49,57.49,9.3623e+11,0
evt_585,72,3,-1,1,1,-6.58373,0.933255,1,-16.6626,-16.6626,1149,1149,204.99,204.99,9.3623e+11,0
evt_585,80,3,-1,1,2,-10.8785,1.00483,4,-19.0545,-18.6379,965,591,164.99,109.99,9.3623e+11,0
evt_585,84,3,-1,3,2,-1.14157,0.828787,4,-1074.45,-15.601,57518,427,377.49,77.49,9.3623e+11,0
evt_585,85,3,-1,3,2,1.8152,1.01816,2,-427.187,-44.3687,20498,607,407.49,42.49,9.3623e+11,0
evt_585,92,3,-1,3,3,-2.04248,1.17678,1,-15.2857,-15.2857,318,318,67.49,67.49,0,1.38512e+19
evt_585,93,3,-1,3,3,-1.91718,1.0769,2,-21.5026,-18.3766,2213,1155,324.99,202.49,0,1.38124e+19
evt_586,20,0,-1,3,3,0.286975,0.705057,3,-1250.19,-29.8499,92150,536,642.49,107.49,9.36428e+11,0
evt_586,21,0,-1,3,3,0.462297,1.01839,1,-1249.77,-1249.77,84427,84427,427.49,427.49,9.36428e+11,0
evt_586,37,1,-1,3,2,1.59598,0.952648,1,-29.8134,-29.8134,940,940,129.99,129.99,9.36428e+11,0
evt_586,57,2,-1,1,2,2.93805,0.888211,1,-64.386,-64.386,565,565,77.49,77.49,9.36428e+11,0
evt_586,65,2,-1,1,3,4.86552,1.03706,2,-52.2214,-36.2251,1736,1028,172.49,129.99,9.36428e+11,0
evt_586,80,3,-1,1,2,-4.79861,1.16005,1,-19.2983,-19.2983,636,636,114.99,114.99,9.36428e+11,0
evt_587,14,0,-1,4,2,-0.107932,1.14555,1,-388.152,-388.152,23003,23003,402.49,402.49,9.36435e+11,0
evt_587,15,0,-1,4,2,-1.56415,0.816719,1,-506.454,-506.454,24897,24897,349.99,349.99,9.36435e+11,0
evt_587,26,1,-1,2,1,7.13572,2.09054,1,-40.0311,-40.0311,890,890,122.49,122.49,9.36435e+11,0
evt_587,27,1,-1,2,1,19.2554,0.931076,2,-29.8885,-17.0075,870,121,124.99,19.99,9.36435e+11,0
evt_587,37,1,-1,3,2,0.434638,1.32555,1,-22.571,-22.571,649,649,109.99,109.99,9.36435e+11,0
evt_587,38,1,-1,4,2,1.39115,0.753959,1,-57.7208,-57.7208,1998,1998,177.49,177.49,9.36435e+11,0
evt_587,39,1,-1,4,2,3.11283,0.92684,1,-57.267,-57.267,2256,2256,184.99,184.99,9.36435e+11,0
evt_587,60,2,-1,3,2,7.51407,0.696307,2,-227.378,-45.3678,8490,477,244.99,87.49,9.36435e+11,0
evt_587,61,2,-1,3,2,0.868881,0.80458,2,-177.25,-71.2932,10612,841,314.99,87.49,9.36435e+11,0
evt_587,95,3,-1,4,3,50.5863,0.880656,3,-112.809,-22.3793,3313,260,169.99,87.49,4.38087e+11,1.36836e+19
evt_588,4,0,-1,3,1,1.01195,0.731938,2,-134.695,-34.845,7253,1286,282.49,154.99,9.36448e+11,0
evt_588,5,0,-1,3,1,0.130339,0.87964,1,-119.027,-119.027,5700,5700,262.49,262.49,9.36448e+11,0
evt_588,34,1,-1,2,2,1.26615,0.577938,2,-118.072,-36.5624,5422,1120,252.49,119.99,9.36448e+11,0
evt_588,35,1,-1,2,2,-4.09725,1.06494,3,-253.452,-48.1484,11998,1913,292.49,182.49,9.36448e+11,0
evt_588,56,2,-1,1,2,1.02282,1.37215,1,-1250.39,-1250.39,138831,138831,669.99,669.99,9.36448e+11,0
evt_588,57,2,-1,1,2,1.17675,1.00977,2,-1250.22,-30.0403,92995,594,384.99,119.99,9.36448e+11,0
evt_588,58,2,-1,2,2,-1.46081,0.874936,1,-51.3717,-51.3717,524,524,79.99,79.99,9.36448e+11,0
evt_588,59,2,-1,2,2,-0.246532,0.619508,1,-58.5279,-58.5279,533,533,79.99,79.99,9.36448e+11,0
evt_588,72,3,-1,1,1,-23.1701,1.9618,3,-29.6213,-24.1336,9590,4619,1122.49,497.49,9.36448e+11,0
evt_589,16,0,-1,1,3,-331.96,129.493,2,-412.746,-52.4606,10390,1712,222.49,157.49,9.36484e+11,0
evt_589,30,1,-1,4,1,-2.73787,0.895654,3,-437.256,-37.0977,18979,1277,299.99,149.99,9.36484e+11,0
evt_589,31,1,-1,4,1,1.69187,0.817244,2,-217.625,-20.0131,10156,439,284.99,87.49,9.36484e+11,0
evt_589,54,2,-1,4,1,2.45033,0.927466,1,-191.966,-191.966,6710,6710,234.99,234.99,9.36484e+11,0
evt_589,55,2,-1,4,1,-2.10179,0.668482,2,-979.442,-48.4948,47792,1564,372.49,159.99,9.36484e+11,0
evt_589,60,2,-1,3,2,7.10184,0.734436,1,-20.2404,-20.2404,92,92,74.99,74.99,9.36484e+11,0
evt_589,61,2,-1,3,2,-0.759474,0.731294,1,-36.2575,-36.2575,547,547,87.49,87.49,9.36484e+11,0
evt_589,63,2,-1,4,2,-2.96859,0.747096,1,-24.7393,-24.7393,805,805,119.99,119.99,9.36484e+11,0
evt_589,82,3,-1,2,2,3.68699,1.97129,1,-177.305,-177.305,9053,9053,279.99,279.99,9.36484e+11,0
evt_589,83,3,-1,2,2,0.5723,0.831957,1,-101.794,-101.794,7073,7073,334.99,334.99,9.36484e+11,0
evt_590,10,0,-1,2,2,-1.51475,0.886079,1,-83.836,-83.836,1250,1250,52.49,52.49,9.36494e+11,0
evt_590,11,0,-1,2,2,-0.64081,0.864238,1,-219.028,-219.028,4280,4280,72.49,72.49,9.36494e+11,0
evt_590,22,0,-1,4,3,3.72402,1.87267,1,-309.839,-309.839,15829,15829,322.49,322.49,9.36494e+11,0
evt_590,23,0,-1,4,3,0.747649,0.980784,1,-58.2525,-58.2525,2214,2214,187.49,187.49,9.36494e+11,0
evt_590,30,1,-1,4,1,2.85381,1.25015,1,-38.7718,-38.7718,1239,1239,147.49,147.49,9.36494e+11,0
evt_590,31,1,-1,4,1,-2.28193,1.09189,1,-77.3929,-77.3929,3534,3534,232.49,232.49,9.36494e+11,0
evt_590,60,2,-1,3,2,-4.18806,0.73436,2,-706.036,-260.873,36585,9325,424.99,199.99,9.36494e+11,0
evt_590,61,2,-1,3,2,-1.09797,0.704079,1,-446.253,-446.253,29578,29578,714.99,714.99,9.36494e+11,0
evt_590,88,3,-1,1,3,-0.598837,0.754661,2,-1250.5,-80.9372,111046,1834,569.99,142.49,1.49602e+14,1.10382e+12
evt_590,89,3,-1,1,3,0.333981,0.595613,2,-1249.56,-42.0148,104501,194,447.49,97.49,1.49602e+14,4.48702e+18
evt_591,22,0,-1,4,3,-2.95823,0.782169,1,-303.856,-303.856,13735,13735,302.49,302.49,9.365e+11,0
evt_591,23,0,-1,4,3,1.48265,0.627479,1,-85.6264,-85.6264,3350,3350,212.49,212.49,9.365e+11,0
evt_591,26,1,-1,2,1,0.669733,1.61147,1,-72.5512,-72.5512,3166,3166,249.99,249.99,9.365e+11,0
evt_591,38,1,-1,4,2,-0.75704,0.848472,1,-1250.27,-1250.27,122347,122347,602.49,602.49,9.365e+11,0
evt_591,39,1,-1,4,2,1.84857,1.04852,2,-1250.16,-42.472,105640,904,494.99,127.49,9.365e+11,0
evt_591,46,1,-1,4,3,-0.280482,1.10705,4,-1250.28,-25.77,84011,458,404.99,97.49,9.365e+11,0
evt_591,47,1,-1,4,3,2.93838,0.864622,1,-1250.42,-1250.42,85512,85512,434.99,434.99,9.365e+11,0
evt_591,50,2,-1,2,1,-0.239088,0.882046,1,-104.805,-104.805,4781,4781,252.49,252.49,9.365e+11,0
evt_591,52,2,-1,3,1,0.37219,0.718616,1,-359.976,-359.976,20527,20527,434.99,434.99,9.365e+11,0
evt_591,53,2,-1,3,1,0.479705,0.53897,1,-472.406,-472.406,21320,21320,322.49,322.49,9.365e+11,0
evt_591,54,2,-1,4,1,0.342264,1.20042,2,-1250.24,-35.4174,71926,634,377.49,107.49,9.365e+11,0
evt_591,55,2,-1,4,1,1.0938,0.874957,2,-1250.65,-21.8835,96513,279,407.49,84.99,9.365e+11,0
evt_591,68,2,-1,3,3,1.69245,0.882067,2,-267.985,-46.1316,11899,1638,299.99,164.99,9.365e+11,0
evt_591,69,2,-1,3,3,1.00721,0.967548,1,-96.0724,-96.0724,4718,4718,282.49,282.49,9.365e+11,0
evt_591,70,2,-1,4,3,-0.303199,1.23928,1,-97.7486,-97.7486,3402,3402,199.99,199.99,9.365e+11,0
evt_591,71,2,-1,4,3,2.56308,0.560264,1,-168.434,-168.434,9600,9600,304.99,304.99,9.365e+11,0
evt_591,76,3,-1,3,1,-3.03885,0.797266,1,-174.612,-174.612,9577,9577,304.99,304.99,9.365e+11,0
evt_591,77,3,-1,3,1,3.52583,0.698931,1,-150.861,-150.861,6404,6404,252.49,252.49,9.365e+11,0
evt_591,82,3,-1,2,2,-1.76268,1.728,2,-124.331,-70.6354,5199,2702,247.49,204.99,9.365e+11,0
evt_591,83,3,-1,2,2,0.371405,0.854442,1,-59.0192,-59.0192,2254,2254,182.49,182.49,9.365e+11,0
evt_591,84,3,-1,3,2,-1.48727,0.803835,1,-312.838,-312.838,15824,15824,314.99,314.99,9.365e+11,0
evt_591,85,3,-1,3,2,1.09714,0.842259,1,-224.651,-224.651,9984,9984,272.49,272.49,9.365e+11,0
evt_591,86,3,-1,4,2,-0.528246,1.04467,2,-135.649,-66.3854,5361,2478,244.99,202.49,9.365e+11,0
evt_591,87,3,-1,4,2,-7.8686,1.26644,1,-219.137,-219.137,15148,15148,477.49,477.49,9.365e+11,0
evt_591,92,3,-1,3,3,-2.08933,0.897512,1,-1067.19,-1067.19,63561,63561,409.99,409.99,0,1.37929e+19
evt_591,93,3,-1,3,3,0.987752,1.05723,1,-60.8461,-60.8461,3217,3217,227.49,227.49,0,1.38235e+19
evt_591,94,3,-1,4,3,-0.255123,0.865649,2,-1250.35,-49.8481,94270,1903,397.49,207.49,4.38087e+11,1.37982e+19
evt_591,95,3,-1,4,3,-0.318952,1.12042,1,-1249.85,-1249.85,86334,86334,499.99,499.99,4.38087e+11,1.38547e+19
evt_592,2,0,-1,2,1,-0.28782,0.995323,1,-56.3116,-56.3116,2035,2035,174.99,174.99,9.36547e+11,0
evt_592,24,1,-1,1,1,-12.062,0.949888,4,-18.3007,-15.5924,1889,484,329.99,87.49,9.36547e+11,0
evt_592,26,1,-1,2,1,2.25105,1.43103,1,-38.3896,-38.3896,1259,1259,152.49,152.49,9.36547e+11,0
evt_592,27,1,-1,2,1,4.21529,1.0929,1,-28.4028,-28.4028,986,986,142.49,142.49,9.36547e+11,0
evt_592,50,2,-1,2,1,-115.091,31.9984,2,-68.5012,-28.9784,1223,959,139.99,124.99,9.36547e+11,0
evt_592,51,2,-1,2,1,-72.4402,19.2816,1,-43.8588,-43.8588,740,740,102.49,102.49,9.36547e+11,0
evt_593,30,1,-1,4,1,0.315341,0.897979,1,-115.025,-115.025,6670,6670,269.99,269.99,9.36563e+11,0
evt_593,31,1,-1,4,1,1.55134,0.842074,1,-136.449,-136.449,7032,7032,279.99,279.99,9.36563e+11,0
evt_593,60,2,-1,3,2,-0.917788,0.935022,1,-71.8703,-71.8703,2719,2719,202.49,202.49,9.36563e+11,0
evt_593,61,2,-1,3,2,-0.504276,0.621631,1,-102.633,-102.633,4219,4219,232.49,232.49,9.36563e+11,0
evt_593,67,2,-1,2,3,1.05698,0.643247,1,-127.179,-127.179,5888,5888,259.99,259.99,9.36563e+11,0
evt_593,74,3,-1,2,1,0.533122,0.929599,1,-1249.96,-1249.96,81108,81108,472.49,472.49,9.36563e+11,0
evt_593,75,3,-1,2,1,-0.29466,1.19237,2,-1249.81,-37.515,85973,1062,479.99,132.49,9.36563e+11,0
evt_594,8,0,-1,1,2,0.12716,0.71826,2,-368.514,-15.7856,17990,272,304.99,62.49,9.36627e+11,0
evt_594,9,0,-1,1,2,1.05629,0.800093,1,-177.434,-177.434,6101,6101,229.99,229.99,9.36627e+11,0
evt_594,10,0,-1,2,2,7.38584,1.00945,1,-21.9206,-21.9206,594,594,104.99,104.99,9.36627e+11,0
evt_594,30,1,-1,4,1,1.64203,1.3934,3,-1250.42,-30.6526,117340,253,582.49,104.99,9.36627e+11,0
evt_594,31,1,-1,4,1,1.64982,0.991989,2,-1249.55,-131.377,97345,3590,494.99,167.49,9.36627e+11,0
evt_594,40,1,-1,1,3,4.21231,1.30788,3,-1250.27,-47.7713,89038,1081,584.99,129.99,9.36627e+11,0
evt_594,41,1,-1,1,3,0.402944,0.837793,3,-1249.89,-39.9547,77431,1133,402.49,137.49,9.36627e+11,0
evt_594,42,1,-1,2,3,-1.45696,1.06617,1,-61.8351,-61.8351,2487,2487,192.49,192.49,9.36627e+11,0
evt_594,60,2,-1,3,2,3.30065,0.947192,1,-16.5907,-16.5907,28,28,64.99,64.99,9.36627e+11,0
evt_594,61,2,-1,3,2,1.59134,0.954947,1,-24.3673,-24.3673,247,247,79.99,79.99,9.36627e+11,0
evt_594,66,2,-1,2,3,12.9444,9.82951,1,-104.996,-104.996,2576,2576,154.99,154.99,9.36627e+11,0
evt_594,67,2,-1,2,3,41.6724,0.761386,1,-40.2593,-40.2593,877,877,124.99,124.99,9.36627e+11,0
evt_594,72,3,-1,1,1,-9.77212,2.4018,4,-67.058,-16.7778,5440,541,512.49,97.49,9.36627e+11,0
evt_594,80,3,-1,1,2,-3.78767,0.993271,1,-19.5262,-19.5262,845,845,149.99,149.99,9.36627e+11,0
evt_595,53,2,-1,3,1,-4.93272,0.706686,1,-59.3733,-59.3733,693,693,84.99,84.99,9.3663e+11,0
evt_595,62,2,-1,4,2,-2.34285,1.03909,1,-55.6075,-55.6075,726,726,89.99,89.99,9.3663e+11,0
evt_595,63,2,-1,4,2,3.62797,0.888429,1,-37.0981,-37.0981,307,307,82.49,82.49,9.3663e+11,0
evt_595,80,3,-1,1,2,-10.8358,1.15254,3,-18.3297,-16.1688,1200,390,229.99,74.99,9.3663e+11,0
evt_595,93,3,-1,3,3,-5.86741,0.782617,2,-18.4526,-15.44,1692,337,287.49,74.99,0,1.36988e+19
evt_596,6,0,-1,4,1,0.491669,1.06712,2,-586.436,-26.0404,31124,772,379.99,119.99,9.36644e+11,0
evt_596,7,0,-1,4,1,-0.667936,0.887991,2,-317.887,-18.3784,15058,520,309.99,99.99,9.36644e+11,0
evt_596,28,1,-1,3,1,2.84695,1.21936,1,-529.328,-529.328,24541,24541,319.99,319.99,9.36644e+11,0
evt_596,29,1,-1,3,1,-1.21102,0.963123,2,-358.297,-26.4205,17549,729,294.99,117.49,9.36644e+11,0
evt_596,58,2,-1,2,2,5.29063,0.936303,3,-233.356,-18.3218,12273,8,427.49,57.49,9.36644e+11,0
evt_596,59,2,-1,2,2,0.805569,0.725236,3,-180.339,-19.6746,8480,163,274.99,74.99,9.36644e+11,0
evt_596,72,3,-1,1,1,-19.4881,0.862517,1,-39.5735,-39.5735,27963,27963,2507.49,2507.49,9.36644e+11,0
evt_596,82,3,-1,2,2,-0.458886,1.71847,1,-905.582,-905.582,43721,43721,357.49,357.49,9.36644e+11,0
evt_596,83,3,-1,2,2,-0.296021,0.751473,2,-650.371,-36.372,34526,1216,477.49,147.49,9.36644e+11,0
evt_596,93,3,-1,3,3,-5.22786,1.35795,1,-15.8603,-15.8603,355,355,67.49,67.49,0,1.38677e+19
evt_597,12,0,-1,3,2,1.77327,1.2802,1,-249.301,-249.301,11888,11888,284.99,284.99,9.36708e+11,0
evt_597,13,0,-1,3,2,-0.0628874,0.70568,1,-522.846,-522.846,29419,29419,422.49,422.49,9.36708e+11,0
evt_597,38,1,-1,4,2,0.74062,1.06471,1,-522.997,-522.997,21430,21430,309.99,309.99,9.36708e+11,0
evt_597,39,1,-1,4,2,1.87691,0.804685,1,-113.688,-113.688,7447,7447,322.49,322.49,9.36708e+11,0
evt_597,49,2,-1,1,1,-0.971032,0.611878,1,-27.5068,-27.5068,274,274,74.99,74.99,9.36708e+11,0
evt_597,52,2,-1,3,1,0.132727,0.956968,1,-40.4859,-40.4859,200,200,62.49,62.49,9.36708e+11,0
evt_597,53,2,-1,3,1,0.767642,0.842849,1,-40.247,-40.247,182,182,59.99,59.99,9.36708e+11,0
evt_597,71,2,-1,4,3,-1.98069,0.99014,1,-48.9881,-48.9881,1855,1855,177.49,177.49,9.36708e+11,0
evt_597,80,3,-1,1,2,14.7511,0.931893,1,-20.006,-20.006,545,545,104.99,104.99,9.36708e+11,0
evt_597,81,3,-1,1,2,8.01985,0.874629,1,-30.5104,-30.5104,1127,1127,152.49,152.49,9.36708e+11,0
evt_598,16,0,-1,1,3,-1.07621,0.666752,1,-779.855,-779.855,41303,41303,377.49,377.49,9.36774e+11,0
evt_598,17,0,-1,1,3,-1.59977,0.832756,1,-765.703,-765.703,37451,37451,362.49,362.49,9.36774e+11,0
evt_598,18,0,-1,2,3,-1.62907,1.17482,1,-177.968,-177.968,8248,8248,292.49,292.49,9.36774e+11,0
evt_598,19,0,-1,2,3,0.347054,1.0133,2,-133.093,-44.4536,9824,1932,389.99,189.99,9.36774e+11,0
evt_598,46,1,-1,4,3,2.4875,1.17297,1,-770.396,-770.396,35859,35859,362.49,362.49,9.36774e+11,0
evt_598,47,1,-1,4,3,-1.77035,0.71776,2,-637.26,-46.3611,27833,1348,344.99,147.49,9.36774e+11,0
evt_598,54,2,-1,4,1,3.58239,1.14396,1,-33.851,-33.851,1137,1137,142.49,142.49,9.36774e+11,0
evt_598,63,2,-1,4,2,3.92838,0.531113,1,-222.231,-222.231,10725,10725,287.49,287.49,9.36774e+11,0
evt_598,66,2,-1,2,3,-0.137903,0.818471,1,-591.395,-591.395,29946,29946,367.49,367.49,9.36774e+11,0
evt_598,67,2,-1,2,3,0.47943,0.723653,1,-538.821,-538.821,27171,27171,344.99,344.99,9.36774e+11,0
evt_598,92,3,-1,3,3,-0.847473,0.90487,2,-162.219,-103.966,14302,4794,464.99,242.49,0,1.38354e+19
evt_598,93,3,-1,3,3,-2.61058,1.55866,1,-18.7579,-18.7579,772,772,134.99,134.99,0,1.37097e+19
evt_599,4,0,-1,3,1,1.78817,0.789418,2,-54.3724,-21.8456,2924,667,227.49,107.49,9.36857e+11,0
evt_599,5,0,-1,3,1,-1.82494,0.812736,1,-18.8348,-18.8348,564,564,99.99,99.99,9.36857e+11,0
evt_599,18,0,-1,2,3,5.3904,0.923614,1,-282.661,-282.661,13387,13387,277.49,277.49,9.36857e+11,0
evt_599,19,0,-1,2,3,5.1297,0.80375,2,-43.5029,-25.5077,1799,835,184.99,134.99,9.36857e+11,0
evt_599,34,1,-1,2,2,-0.116846,1.22668,1,-154.363,-154.363,6087,6087,232.49,232.49,9.36857e+11,0
evt_599,35,1,-1,2,2,-0.637411,1.21718,1,-53.9802,-53.9802,2290,2290,197.49,197.49,9.36857e+11,0
evt_599,37,1,-1,3,2,-2.03526,1.0424,1,-16.8899,-16.8899,424,424,84.99,84.99,9.36857e+11,0
evt_599,52,2,-1,3,1,-1.65839,1.28761,1,-265.083,-265.083,13259,13259,304.99,304.99,9.36857e+11,0
evt_599,53,2,-1,3,1,-2.04723,0.917828,2,-121.278,-56.1582,6561,2224,264.99,187.49,9.36857e+11,0
evt_599,60,2,-1,3,2,-5.02983,0.905565,1,-32.5518,-32.5518,1219,1219,152.49,152.49,9.36857e+11,0
evt_599,78,3,-1,4,1,-6.33371,0.726723,1,-19.5585,-19.5585,909,909,152.49,152.49,9.36857e+11,0
evt_599,85,3,-1,3,2,4.19984,0.857594,1,-34.0027,-34.0027,1006,1006,129.99,129.99,9.36857e+11,0
evt_599,90,3,-1,2,3,5.31557,0.824922,1,-354.408,-354.408,14240,14240,277.49,277.49,1.49602e+14,1.38354e+19
evt_599,91,3,-1,2,3,0.790736,0.916707,1,-484.986,-484.986,22364,22364,324.99,324.99,0,1.38581e+19
evt_600,36,1,-1,3,2,1.38265,0.914532,1,-1245.67,-1245.67,138320,138320,757.49,757.49,9.36952e+11,0
evt_600,37,1,-1,3,2,2.8165,1.13545,1,-1250.92,-1250.92,137045,137045,737.49,737.49,9.36952e+11,0
evt_600,42,1,-1,2,3,0.880609,1.31639,1,-184.638,-184.638,8192,8192,269.99,269.99,9.36952e+11,0
evt_600,46,1,-1,4,3,-2.23153,1.37137,1,-423.411,-423.411,21929,21929,324.99,324.99,9.36952e+11,0
evt_600,47,1,-1,4,3,1.60708,0.684614,1,-638.599,-638.599,30927,30927,347.49,347.49,9.36952e+11,0
evt_600,68,2,-1,3,3,37.3154,0.843428,1,-1250.31,-1250.31,134618,134618,959.99,959.99,9.36952e+11,0
evt_600,69,2,-1,3,3,18.7587,0.771659,1,-1251.73,-1251.73,100556,100556,474.99,474.99,9.36952e+11,0
evt_601,6,0,-1,4,1,0.466446,0.786716,3,-1250.34,-255.353,99801,8736,449.99,207.49,9.3699e+11,0
evt_601,7,0,-1,4,1,3.08514,0.950251,1,-1250.46,-1250.46,80751,80751,599.99,599.99,9.3699e+11,0
evt_601,28,1,-1,3,1,0.453186,0.920488,1,-109.304,-109.304,4470,4470,229.99,229.99,9.3699e+11,0
evt_601,29,1,-1,3,1,1.63184,0.750109,1,-316.282,-316.282,16173,16173,334.99,334.99,9.3699e+11,0
evt_601,30,1,-1,4,1,2.14265,0.993732,3,-938.043,-45.9415,43623,1381,352.49,139.99,9.3699e+11,0
evt_601,31,1,-1,4,1,1.24301,1.18018,2,-432.409,-23.9048,21384,708,312.49,114.99,9.3699e+11,0
evt_601,54,2,-1,4,1,0.575333,1.02574,1,-37.2124,-37.2124,1301,1301,157.49,157.49,9.3699e+11,0
evt_601,55,2,-1,4,1,7.74624,0.947826,1,-241.513,-241.513,9796,9796,262.49,262.49,9.3699e+11,0
evt_601,76,3,-1,3,1,-4.1418,1.05653,1,-93.33,-93.33,5101,5101,274.99,274.99,9.3699e+11,0
evt_601,77,3,-1,3,1,0.0993254,0.831565,1,-60.8472,-60.8472,2527,2527,197.49,197.49,9.3699e+11,0
evt_602,28,1,-1,3,1,-1.96341,1.06636,1,-953.466,-953.466,34950,34950,159.99,159.99,9.3703e+11,0
evt_602,29,1,-1,3,1,-0.14751,1.01045,1,-973.257,-973.257,42461,42461,162.49,162.49,9.3703e+11,0
evt_602,44,1,-1,3,3,-0.516108,0.699068,2,-1250.16,-17.4608,101736,275,489.99,77.49,9.3703e+11,0
evt_602,45,1,-1,3,3,-3.14572,1.15016,2,-1250.39,-74.6105,102425,2018,499.99,154.99,9.3703e+11,0
evt_602,46,1,-1,4,3,-1.21882,0.931617,1,-555.67,-555.67,26168,26168,334.99,334.99,9.3703e+11,0
evt_602,47,1,-1,4,3,-1.59157,1.26958,1,-662.083,-662.083,33485,33485,442.49,442.49,9.3703e+11,0
evt_602,64,2,-1,1,3,3.80486,0.810208,2,-235.232,-36.3718,12825,1135,337.49,142.49,9.3703e+11,0
evt_602,65,2,-1,1,3,6.49406,0.872944,1,-334.394,-334.394,17820,17820,324.99,324.99,9.3703e+11,0
evt_603,2,0,-1,2,1,-4.00531,1.05406,1,-485.405,-485.405,22263,22263,329.99,329.99,9.37125e+11,0
evt_603,3,0,-1,2,1,0.814431,1.1109,1,-408.778,-408.778,21172,21172,407.49,407.49,9.37125e+11,0
evt_603,26,1,-1,2,1,1.37417,1.24647,1,-143.464,-143.464,7515,7515,309.99,309.99,9.37125e+11,0
evt_603,50,2,-1,2,1,-0.646072,0.970814,1,-610.367,-610.367,32811,32811,402.49,402.49,9.37125e+11,0
evt_603,51,2,-1,2,1,-0.985675,0.970759,2,-258.336,-35.2664,15990,1376,344.99,159.99,9.37125e+11,0
evt_603,93,3,-1,3,3,-7.81589,1.57833,1,-20.0154,-20.0154,799,799,134.99,134.99,0,4.62306e+18
evt_604,4,0,-1,3,1,49.2142,1.07642,2,-268.438,-210.447,9422,7916,212.49,209.99,9.37126e+11,0
evt_604,18,0,-1,2,3,15.1853,0.859542,1,-79.2289,-79.2289,2691,2691,179.99,179.99,9.37126e+11,0
evt_604,22,0,-1,4,3,-112.311,29.9733,2,-66.2426,-59.1337,1950,1041,164.99,112.49,9.37126e+11,0
evt_604,23,0,-1,4,3,-51.3586,13.4228,2,-32.5648,-19.2916,526,516,99.99,89.99,9.37126e+11,0
evt_604,42,1,-1,2,3,1.08005,0.732572,2,-1250.39,-77.8094,89284,1565,474.99,64.99,9.37126e+11,0
evt_604,43,1,-1,2,3,-1.44257,0.882088,1,-629.189,-629.189,26045,26045,327.49,327.49,9.37126e+11,0
evt_604,54,2,-1,4,1,-0.311457,1.03137,1,-28.746,-28.746,373,373,87.49,87.49,9.37126e+11,0
evt_604,56,2,-1,1,2,-0.899812,1.83245,2,-188.257,-40.146,13067,1709,507.49,172.49,9.37126e+11,0
evt_604,57,2,-1,1,2,-3.47717,0.896372,1,-38.6216,-38.6216,1273,1273,144.99,144.99,9.37126e+11,0
evt_604,80,3,-1,1,2,-0.673497,1.03537,1,-23.6826,-23.6826,794,794,129.99,129.99,9.37126e+11,0
evt_604,81,3,-1,1,2,5.33666,1.0302,1,-172.471,-172.471,9146,9146,307.49,307.49,9.37126e+11,0
evt_605,0,0,-1,1,1,-0.273413,1.37354,1,-157.073,-157.073,7695,7695,259.99,259.99,9.37187e+11,0
evt_605,1,0,-1,1,1,1.03261,0.895867,3,-185.361,-19.1002,7876,462,254.99,94.99,9.37187e+11,0
evt_605,24,1,-1,1,1,-0.0233765,1.00512,4,-1249.62,-51.1246,100428,632,482.49,42.49,9.37187e+11,0
evt_605,25,1,-1,1,1,0.760603,0.959992,2,-1250.27,-169.997,114003,8463,597.49,287.49,9.37187e+11,0
evt_605,72,3,-1,1,1,-17.5422,0.807626,6,-27.5641,-17.7957,3526,1067,534.99,177.49,9.37187e+11,0
evt_606,20,0,-1,3,3,0.889768,0.732368,1,-182.48,-182.48,8470,8470,274.99,274.99,9.37229e+11,0
evt_606,21,0,-1,3,3,-0.151207,0.833933,1,-112.965,-112.965,6130,6130,277.49,277.49,9.37229e+11,0
evt_606,26,1,-1,2,1,-4.56133,1.35943,2,-507.215,-33.7408,28591,1198,414.99,152.49,9.37229e+11,0
evt_606,27,1,-1,2,1,0.602429,0.588295,3,-456.928,-30.1567,27265,996,362.49,142.49,9.37229e+11,0
evt_606,52,2,-1,3,1,3.04866,0.919319,1,-258.829,-258.829,13464,13464,319.99,319.99,9.37229e+11,0
evt_606,53,2,-1,3,1,1.30959,0.923968,1,-511.033,-511.033,23405,23405,312.49,312.49,9.37229e+11,0
evt_606,57,2,-1,1,2,0.240876,0.640069,1,-24.4954,-24.4954,177,177,62.49,62.49,9.37229e+11,0
evt_606,58,2,-1,2,2,3.51522,0.838964,3,-40.6039,-38.3151,1445,1337,159.99,149.99,9.37229e+11,0
evt_606,59,2,-1,2,2,-40.7546,12.4803,1,-52.5346,-52.5346,1476,1476,147.49,147.49,9.37229e+11,0
evt_606,80,3,-1,1,2,-14.2375,1.17646,2,-20.9763,-17.983,1800,1078,314.99,179.99,9.37229e+11,0
evt_606,81,3,-1,1,2,-0.671291,1.1235,1,-33.7135,-33.7135,1533,1533,182.49,182.49,9.37229e+11,0
evt_606,92,3,-1,3,3,-427.793,393.466,4,-1250.12,-54.63,110777,1456,404.99,147.49,0,1.37351e+19
evt_606,93,3,-1,3,3,-332.746,197.392,4,-603.033,-20.9707,22511,685,289.99,114.99,0,1.379e+19
evt_607,2,0,-1,2,1,9.68009,1.14705,1,-43.0439,-43.0439,1214,1214,99.99,99.99,9.37259e+11,0
evt_607,10,0,-1,2,2,6.90921,1.1199,2,-24.6904,-21.6177,734,650,114.99,114.99,9.37259e+11,0
evt_607,24,1,-1,1,1,-1.59275,1.02371,2,-840.046,-49.4878,44423,1850,429.99,172.49,9.37259e+11,0
evt_607,25,1,-1,1,1,9.98947,1.27081,2,-1225.22,-30.4243,71447,873,402.49,124.99,9.37259e+11,0
evt_607,28,1,-1,3,1,-1.03179,1.07567,1,-67.8628,-67.8628,2592,2592,194.99,194.99,9.37259e+11,0
evt_607,36,1,-1,3,2,-0.765116,0.902434,1,-80.1764,-80.1764,3201,3201,212.49,212.49,9.37259e+11,0
evt_607,56,2,-1,1,2,-0.66487,0.721806,3,-1217.35,-15.1742,79607,24,519.99,54.99,9.37259e+11,0
evt_607,57,2,-1,1,2,1.33461,0.876812,3,-1249.36,-20.7401,55876,193,337.49,74.99,9.37259e+11,0
evt_607,72,3,-1,1,1,1.14414,0.895067,2,-187.536,-27.1447,10666,1372,337.49,182.49,9.37259e+11,0
evt_607,73,3,-1,1,1,0.0628239,0.762495,1,-168.253,-168.253,7300,7300,259.99,259.99,9.37259e+11,0
evt_607,75,3,-1,2,1,2.64292,0.750254,1,-23.0736,-23.0736,744,744,122.49,122.49,9.37259e+11,0
evt_607,78,3,-1,4,1,-15.3474,1.73494,3,-22.7965,-18.0322,1531,923,232.49,144.99,9.37259e+11,0
evt_608,0,0,-1,1,1,0.781617,1.19736,2,-931.276,-16.6225,48526,273,387.49,64.99,9.3743e+11,0
evt_608,1,0,-1,1,1,1.80842,0.959944,1,-1249.93,-1249.93,61303,61303,339.99,339.99,9.3743e+11,0
evt_608,42,1,-1,2,3,0.751829,0.889917,1,-80.7093,-80.7093,3405,3405,214.99,214.99,9.3743e+11,0
evt_608,62,2,-1,4,2,1.585,0.636601,1,-63.5167,-63.5167,723,723,84.99,84.99,9.3743e+11,0
evt_608,63,2,-1,4,2,-0.822285,0.960344,1,-30.2066,-30.2066,274,274,72.49,72.49,9.3743e+11,0
evt_608,93,3,-1,3,3,-4.62897,1.64512,3,-16.1547,-15.7838,893,399,159.99,79.99,0,4.55575e+18
evt_609,10,0,-1,2,2,0.789725,0.888189,1,-166.263,-166.263,8074,8074,279.99,279.99,9.37453e+11,0
evt_609,11,0,-1,2,2,0.697165,0.726625,1,-218.524,-218.524,9607,9607,272.49,272.49,9.37453e+11,0
evt_609,24,1,-1,1,1,4.7664,1.17847,1,-216.322,-216.322,8282,8282,159.99,159.99,9.37453e+11,0
evt_609,25,1,-1,1,1,12.5645,0.962831,1,-189.52,-189.52,7011,7011,169.99,169.99,9.37453e+11,0
evt_609,40,1,-1,1,3,-2.97251,0.804033,1,-39.3077,-39.3077,1328,1328,154.99,154.99,9.37453e+11,0
evt_609,42,1,-1,2,3,0.635361,1.05836,1,-78.5404,-78.5404,4307,4307,262.49,262.49,9.37453e+11,0
evt_609,43,1,-1,2,3,0.132329,0.7591,1,-53.4119,-53.4119,2000,2000,182.49,182.49,9.37453e+11,0
evt_609,54,2,-1,4,1,1.31367,0.781473,4,-905.807,-34.2374,46067,1151,352.49,127.49,9.37453e+11,0
evt_609,55,2,-1,4,1,1.57164,0.597784,3,-1124.37,-56.9575,59071,1756,419.99,157.49,9.37453e+11,0
evt_609,56,2,-1,1,2,-7.5619,1.07891,4,-16.7768,-16.3902,635,478,112.49,87.49,9.37453e+11,0
evt_609,74,3,-1,2,1,1.25488,1.02742,2,-1250.19,-30.7599,100611,229,449.99,87.49,9.37453e+11,0
evt_609,75,3,-1,2,1,1.32801,0.859568,3,-1250.19,-52.9175,119799,1740,559.99,184.99,9.37453e+11,0
evt_609,82,3,-1,2,2,-8.6536,1.92359,1,-16.5854,-16.5854,274,274,57.49,57.49,9.37453e+11,0
evt_610,7,0,-1,4,1,0.510192,0.665772,1,-29.1277,-29.1277,1012,1012,139.99,139.99,9.37455e+11,0
evt_610,47,1,-1,4,3,26.0688,0.687415,2,-32.255,-28.6345,682,623,112.49,109.99,9.37455e+11,0
evt_610,54,2,-1,4,1,-1.60082,0.562208,1,-148.572,-148.572,7617,7617,302.49,302.49,9.37455e+11,0
evt_610,55,2,-1,4,1,-4.52426,0.771787,1,-73.0819,-73.0819,2940,2940,212.49,212.49,9.37455e+11,0
evt_610,61,2,-1,3,2,0.839116,1.03964,1,-60.047,-60.047,2001,2001,172.49,172.49,9.37455e+11,0
evt_610,62,2,-1,4,2,-5.09843,0.921642,1,-34.766,-34.766,286,286,67.49,67.49,9.37455e+11,0
evt_610,72,3,-1,1,1,-11.8459,0.758211,5,-25.4281,-17.5812,5527,569,744.99,94.99,9.37455e+11,0
evt_610,78,3,-1,4,1,-11.8018,1.76933,4,-18.6814,-16.2386,790,156,137.49,27.49,9.37455e+11,0
evt_610,93,3,-1,3,3,-5.18424,0.877611,3,-17.5319,-16.2488,719,557,139.99,99.99,0,1.37292e+19
evt_611,46,1,-1,4,3,5.90638,0.856676,2,-671.954,-40.4888,28346,1266,317.49,144.99,9.37504e+11,0
evt_611,52,2,-1,3,1,0.255427,0.859365,1,-1249.97,-1249.97,65430,65430,437.49,437.49,9.37504e+11,0
evt_611,53,2,-1,3,1,1.20499,0.84345,1,-1250.31,-1250.31,87915,87915,574.99,574.99,9.37504e+11,0
evt_611,56,2,-1,1,2,-21.266,0.830708,3,-26.5045,-19.5934,10771,1799,1359.99,282.49,9.37504e+11,0
evt_611,60,2,-1,3,2,0.526715,0.697979,1,-29.3503,-29.3503,225,225,64.99,64.99,9.37504e+11,0
evt_611,62,2,-1,4,2,0.568105,0.79934,1,-221.587,-221.587,9952,9952,302.49,302.49,9.37504e+11,0
evt_611,63,2,-1,4,2,2.47306,1.1434,1,-384.757,-384.757,23347,23347,367.49,367.49,9.37504e+11,0
evt_611,67,2,-1,2,3,0.0249203,1.79779,1,-20.5878,-20.5878,640,640,114.99,114.99,9.37504e+11,0
evt_612,28,1,-1,3,1,2.2551,1.04457,1,-1248.02,-1248.02,62934,62934,359.99,359.99,9.3752e+11,0
evt_612,29,1,-1,3,1,1.90976,1.22847,1,-704.214,-704.214,40824,40824,407.49,407.49,9.3752e+11,0
evt_612,50,2,-1,2,1,0.459815,0.807609,1,-25.1611,-25.1611,229,229,72.49,72.49,9.3752e+11,0
evt_612,52,2,-1,3,1,-1.43768,0.85483,1,-507.036,-507.036,29294,29294,399.99,399.99,9.3752e+11,0
evt_612,53,2,-1,3,1,0.554533,0.991559,1,-446.063,-446.063,20664,20664,347.49,347.49,9.3752e+11,0
evt_612,62,2,-1,4,2,-0.616666,0.965945,1,-68.0586,-68.0586,762,762,82.49,82.49,9.3752e+11,0
evt_612,76,3,-1,3,1,4.25195,2.11303,1,-29.468,-29.468,1335,1335,172.49,172.49,9.3752e+11,0
evt_613,8,0,-1,1,2,13.8956,0.808191,1,-58.6757,-58.6757,1956,1956,164.99,164.99,9.376e+11,0
evt_613,38,1,-1,4,2,-2.11662,1.11859,1,-129.653,-129.653,5989,5989,262.49,262.49,9.376e+11,0
evt_613,39,1,-1,4,2,0.499427,0.940419,1,-184.562,-184.562,8634,8634,274.99,274.99,9.376e+11,0
evt_613,54,2,-1,4,1,-0.196471,0.966451,1,-61.7677,-61.7677,473,473,72.49,72.49,9.376e+11,0
evt_613,55,2,-1,4,1,0.179677,0.858412,1,-30.1113,-30.1113,203,203,64.99,64.99,9.376e+11,0
evt_613,58,2,-1,2,2,-0.0279537,0.719742,1,-25.4665,-25.4665,856,856,129.99,129.99,9.376e+11,0
evt_613,59,2,-1,2,2,0.110542,0.790795,1,-37.4033,-37.4033,1566,1566,174.99,174.99,9.376e+11,0
evt_613,70,2,-1,4,3,1.45294,1.11879,1,-111.17,-111.17,5284,5284,254.99,254.99,9.376e+11,0
evt_613,71,2,-1,4,3,3.19714,0.798362,1,-263.824,-263.824,12000,12000,282.49,282.49,9.376e+11,0
evt_613,73,3,-1,1,1,5.56579,5.82969,2,-66.8713,-58.9399,1915,1444,162.49,139.99,9.376e+11,0
evt_613,80,3,-1,1,2,1.8068,0.777955,1,-18.2814,-18.2814,469,469,89.99,89.99,9.376e+11,0
evt_613,88,3,-1,1,3,-0.450331,0.662755,1,-146.705,-146.705,6558,6558,257.49,257.49,1.49602e+14,1.10382e+12
evt_613,89,3,-1,1,3,-0.127195,0.93262,1,-184.142,-184.142,8608,8608,267.49,267.49,1.49602e+14,1.38742e+19
evt_614,22,0,-1,4,3,2.03967,0.942413,2,-311.626,-19.9049,14161,554,294.99,102.49,9.37674e+11,0
evt_614,23,0,-1,4,3,0.990839,0.883667,2,-358.021,-103.317,12938,4022,264.99,222.49,9.37674e+11,0
evt_614,42,1,-1,2,3,3.38017,0.986466,1,-31.8748,-31.8748,1159,1159,149.99,149.99,9.37674e+11,0
evt_614,45,1,-1,3,3,-1.10432,1.49007,1,-60.7686,-60.7686,3742,3742,312.49,312.49,9.37674e+11,0
evt_614,56,2,-1,1,2,1.35347,1.14804,1,-21.8041,-21.8041,263,263,82.49,82.49,9.37674e+11,0
evt_614,57,2,-1,1,2,1.05856,0.629417,1,-30.2379,-30.2379,402,402,84.99,84.99,9.37674e+11,0
evt_614,58,2,-1,2,2,-0.728382,1.0818,1,-84.1463,-84.1463,3499,3499,209.99,209.99,9.37674e+11,0
evt_614,59,2,-1,2,2,0.474196,0.82073,1,-41.6332,-41.6332,1691,1691,177.49,177.49,9.37674e+11,0
evt_614,74,3,-1,2,1,2.09573,0.817985,2,-744.276,-30.0043,36343,605,359.99,107.49,9.37674e+11,0
evt_614,75,3,-1,2,1,1.66424,0.756878,1,-527.839,-527.839,27379,27379,384.99,384.99,9.37674e+11,0
evt_615,5,0,-1,3,1,2.91207,0.877031,1,-39.4588,-39.4588,1422,1422,157.49,157.49,9.37733e+11,0
evt_615,12,0,-1,3,2,1.85613,1.07687,2,-401.626,-27.6801,20797,808,327.49,124.99,9.37733e+11,0
evt_615,13,0,-1,3,2,1.39922,0.621009,2,-597.414,-53.3363,28944,2009,337.49,179.99,9.37733e+11,0
evt_615,24,1,-1,1,1,10.8678,1.19315,1,-41.7467,-41.7467,1221,1221,144.99,144.99,9.37733e+11,0
evt_615,40,1,-1,1,3,5.14122,1.64375,1,-229.279,-229.279,8983,8983,254.99,254.99,9.37733e+11,0
evt_615,41,1,-1,1,3,2.35305,0.853244,2,-66.571,-39.0462,3030,1481,227.49,162.49,9.37733e+11,0
evt_615,44,1,-1,3,3,2.79577,0.708181,1,-53.7189,-53.7189,1628,1628,152.49,152.49,9.37733e+11,0
evt_615,45,1,-1,3,3,3.98481,1.16333,1,-102.641,-102.641,4834,4834,254.99,254.99,9.37733e+11,0
evt_615,60,2,-1,3,2,3.6932,0.533275,2,-1250.42,-58.3892,90843,1405,514.99,139.99,9.37733e+11,0
evt_615,61,2,-1,3,2,3.39922,0.500072,1,-1250.5,-1250.5,93400,93400,507.49,507.49,9.37733e+11,0
evt_615,70,2,-1,4,3,1.8779,0.999335,1,-108.008,-108.008,3951,3951,212.49,212.49,9.37733e+11,0
evt_615,71,2,-1,4,3,-1.87298,1.13223,1,-212.692,-212.692,10904,10904,297.49,297.49,9.37733e+11,0
evt_615,78,3,-1,4,1,-10.7071,0.99843,8,-25.01,-15.3635,2710,309,419.99,59.99,9.37733e+11,0
evt_615,93,3,-1,3,3,-3.20517,1.30645,1,-18.9827,-18.9827,852,852,144.99,144.99,0,1.38512e+19
evt_616,13,0,-1,3,2,1.89349,0.897345,1,-49.8685,-49.8685,1996,1996,182.49,182.49,9.37739e+11,0
evt_616,36,1,-1,3,2,-1.07418,0.885635,1,-87.9179,-87.9179,3681,3681,224.99,224.99,9.37739e+11,0
evt_616,37,1,-1,3,2,0.217248,0.892369,1,-69.8831,-69.8831,3863,3863,269.99,269.99,9.37739e+11,0
evt_616,47,1,-1,4,3,43.883,1.05,1,-22.2592,-22.2592,347,347,97.49,97.49,9.37739e+11,0
evt_616,56,2,-1,1,2,-8.17539,0.869393,4,-18.2299,-15.5013,1135,366,197.49,64.99,9.37739e+11,0
evt_616,60,2,-1,3,2,-0.385402,0.763452,1,-50.2521,-50.2521,3628,3628,312.49,312.49,9.37739e+11,0
evt_616,61,2,-1,3,2,-0.746381,0.913941,1,-138.279,-138.279,6482,6482,267.49,267.49,9.37739e+11,0
evt_616,80,3,-1,1,2,-4.21691,2.02435,1,-15.1496,-15.1496,238,238,54.99,54.99,9.37739e+11,0
evt_616,84,3,-1,3,2,-0.493361,0.82593,1,-848.025,-848.025,52611,52611,389.99,389.99,9.37739e+11,0
evt_616,85,3,-1,3,2,1.69129,0.921398,2,-564.289,-38.2765,23804,1065,302.49,129.99,9.37739e+11,0
evt_616,93,3,-1,3,3,-4.94688,1.68301,1,-17.4277,-17.4277,802,802,137.49,137.49,0,1.38084e+19
evt_617,6,0,-1,4,1,1.42849,0.883844,1,-389.2,-389.2,19400,19400,324.99,324.99,9.3774e+11,0
evt_617,7,0,-1,4,1,4.40475,0.923139,1,-111.016,-111.016,4825,4825,232.49,232.49,9.3774e+11,0
evt_617,30,1,-1,4,1,1.43127,1.48498,1,-300.655,-300.655,13075,13075,322.49,322.49,9.3774e+11,0
evt_617,31,1,-1,4,1,0.358298,0.845442,1,-45.4831,-45.4831,2278,2278,209.99,209.99,9.3774e+11,0
evt_617,54,2,-1,4,1,3.59335,0.848836,2,-57.1459,-54.2154,2254,600,192.49,79.99,9.3774e+11,0
evt_617,55,2,-1,4,1,2.21683,0.814089,2,-77.8155,-35.611,3073,266,204.99,74.99,9.3774e+11,0
evt_617,62,2,-1,4,2,-113.716,14.3612,2,-88.0934,-16.6587,3279,356,204.99,77.49,9.3774e+11,0
evt_617,63,2,-1,4,2,-108.912,10.6561,1,-95.0984,-95.0984,2244,2244,152.49,152.49,9.3774e+11,0
evt_618,2,0,-1,2,1,-0.690789,1.08198,1,-50.7446,-50.7446,1891,1891,177.49,177.49,9.37811e+11,0
evt_618,19,0,-1,2,3,0.107306,0.722265,1,-32.5934,-32.5934,1019,1019,132.49,132.49,9.37811e+11,0
evt_618,40,1,-1,1,3,-0.540617,1.48903,1,-121.31,-121.31,4764,4764,224.99,224.99,9.37811e+11,0
evt_618,41,1,-1,1,3,-1.75048,0.799853,1,-41.5164,-41.5164,1772,1772,184.99,184.99,9.37811e+11,0
evt_618,50,2,-1,2,1,0.400774,1.04385,1,-87.1161,-87.1161,3741,3741,222.49,222.49,9.37811e+11,0
evt_618,51,2,-1,2,1,0.259666,1.07917,1,-94.8549,-94.8549,5558,5558,277.49,277.49,9.37811e+11,0
evt_618,56,2,-1,1,2,-1.47601,1.25655,1,-86.5064,-86.5064,3919,3919,232.49,232.49,9.37811e+11,0
evt_618,57,2,-1,1,2,0.337696,0.808758,2,-199.852,-60.36,6855,2018,224.99,169.99,9.37811e+11,0
evt_618,60,2,-1,3,2,-14.2132,1.05305,2,-19.9497,-16.0544,14207,413,2262.49,74.99,9.37811e+11,0
evt_618,74,3,-1,2,1,0.479976,1.08861,1,-40.9842,-40.9842,1652,1652,177.49,177.49,9.37811e+11,0
evt_618,75,3,-1,2,1,-0.0635506,0.609032,1,-23.0267,-23.0267,818,818,127.49,127.49,9.37811e+11,0
evt_618,76,3,-1,3,1,-13.2325,1.11332,2,-16.8087,-15.7106,694,425,119.99,77.49,9.37811e+11,0
evt_619,3,0,-1,2,1,-4.4817,3.88185,1,-25.9931,-25.9931,765,765,122.49,122.49,9.37828e+11,0
evt_619,16,0,-1,1,3,14.4935,1.2403,4,-39.9154,-15.3593,1867,190,229.99,57.49,9.37828e+11,0
evt_619,17,0,-1,1,3,4.62261,7.7447,2,-82.0461,-27.0691,3000,701,189.99,117.49,9.37828e+11,0
evt_619,40,1,-1,1,3,2.37675,0.998058,3,-520.948,-27.6716,23845,693,344.99,114.99,9.37828e+11,0
evt_619,41,1,-1,1,3,-0.38898,0.925273,1,-885.235,-885.235,47736,47736,402.49,402.49,9.37828e+11,0
evt_619,56,2,-1,1,2,-18.0923,0.557915,2,-24.553,-18.9872,17490,670,2374.99,112.49,9.37828e+11,0
evt_619,77,3,-1,3,1,-0.089533,0.691388,1,-31.3381,-31.3381,1280,1280,162.49,162.49,9.37828e+11,0
evt_620,93,3,-1,3,3,-5.76294,1.70878,4,-21.7696,-16.698,2171,783,319.99,139.99,0,4.57502e+18
evt_621,30,1,-1,4,1,-1.15334,0.996794,1,-127.98,-127.98,4516,4516,212.49,212.49,9.37876e+11,0
evt_621,31,1,-1,4,1,0.571997,0.817119,1,-99.8913,-99.8913,3863,3863,222.49,222.49,9.37876e+11,0
evt_621,52,2,-1,3,1,-0.219648,0.748511,2,-730.297,-181.056,32498,6973,332.49,237.49,9.37876e+11,0
evt_621,53,2,-1,3,1,-0.233969,0.696549,1,-505.422,-505.422,24919,24919,329.99,329.99,9.37876e+11,0
evt_621,54,2,-1,4,1,3.60353,0.758326,1,-56.6604,-56.6604,1684,1684,157.49,157.49,9.37876e+11,0
evt_621,55,2,-1,4,1,-2.56179,0.826159,1,-98.6112,-98.6112,4174,4174,242.49,242.49,9.37876e+11,0
evt_621,78,3,-1,4,1,-17.3561,1.11268,7,-26.1925,-16.5852,3654,426,459.99,79.99,9.37876e+11,0
evt_621,93,3,-1,3,3,-12.0407,1.33627,4,-21.2353,-15.4421,1550,375,229.99,69.99,0,1.37763e+19
evt_622,20,0,-1,3,3,1.34519,0.665496,2,-90.7003,-20.966,3910,607,227.49,102.49,9.37893e+11,0
evt_622,21,0,-1,3,3,-0.241628,0.801347,1,-29.6618,-29.6618,1018,1018,142.49,142.49,9.37893e+11,0
evt_622,36,1,-1,3,2,2.21706,0.712836,1,-86.5813,-86.5813,3130,3130,199.99,199.99,9.37893e+11,0
evt_622,37,1,-1,3,2,-1.68092,0.691388,1,-87.9912,-87.9912,3681,3681,219.99,219.99,9.37893e+11,0
evt_622,49,2,-1,1,1,-1.57303,0.691712,1,-65.4394,-65.4394,308,308,59.99,59.99,9.37893e+11,0
evt_622,58,2,-1,2,2,-0.697635,0.791233,1,-60.3007,-60.3007,503,503,74.99,74.99,9.37893e+11,0
evt_622,59,2,-1,2,2,-0.342088,0.906814,1,-60.6998,-60.6998,460,460,72.49,72.49,9.37893e+11,0
evt_622,60,2,-1,3,2,0.218272,0.944805,1,-49.1365,-49.1365,435,435,74.99,74.99,9.37893e+11,0
evt_622,61,2,-1,3,2,-2.55274,0.699268,1,-67.4612,-67.4612,565,565,72.49,72.49,9.37893e+11,0
evt_622,68,2,-1,3,3,0.205817,0.546821,2,-307.85,-15.6354,14927,313,352.49,79.99,9.37893e+11,0
evt_622,69,2,-1,3,3,-0.437723,0.718098,1,-173.322,-173.322,8467,8467,312.49,312.49,9.37893e+11,0
evt_622,92,3,-1,3,3,-7.75599,1.12389,1,-1251.07,-1251.07,239847,239847,999.99,999.99,0,1.38001e+19
evt_622,93,3,-1,3,3,2.4746,1.41129,1,-1250.51,-1250.51,124978,124978,419.99,419.99,0,1.38096e+19
evt_623,6,0,-1,4,1,-0.206233,1.30225,3,-464.018,-17.1966,25821,319,364.99,77.49,9.37899e+11,0
evt_623,7,0,-1,4,1,-1.60296,1.11096,1,-428.026,-428.026,22464,22464,384.99,384.99,9.37899e+11,0
evt_623,28,1,-1,3,1,-2.38633,0.990629,1,-1247.83,-1247.83,63474,63474,409.99,409.99,9.37899e+11,0
evt_623,29,1,-1,3,1,6.64157,1.16198,2,-1231.81,-30.8429,65416,819,362.49,124.99,9.37899e+11,0
evt_623,30,1,-1,4,1,-3.27552,0.912467,1,-34.8082,-34.8082,1195,1195,147.49,147.49,9.37899e+11,0
evt_623,31,1,-1,4,1,-1.62654,0.981444,1,-75.1382,-75.1382,2438,2438,179.99,179.99,9.37899e+11,0
evt_623,50,2,-1,2,1,3.11212,0.761839,2,-1230.63,-38.8577,83129,1276,392.49,149.99,9.37899e+11,0
evt_623,51,2,-1,2,1,0.688663,0.815291,3,-1250.77,-50.8586,86686,1443,402.49,139.99,9.37899e+11,0
evt_623,52,2,-1,3,1,-1.36739,0.724536,1,-17.6242,-17.6242,97,97,64.99,64.99,9.37899e+11,0
evt_623,53,2,-1,3,1,-0.476706,0.72907,1,-22.1271,-22.1271,260,260,77.49,77.49,9.37899e+11,0
evt_623,56,2,-1,1,2,3.03961,0.722416,1,-41.0101,-41.0101,454,454,82.49,82.49,9.37899e+11,0
evt_623,57,2,-1,1,2,1.91371,0.940763,1,-64.9486,-64.9486,687,687,82.49,82.49,9.37899e+11,0
evt_623,80,3,-1,1,2,-5.82587,1.519,2,-882.972,-154.406,48342,7565,417.49,269.99,9.37899e+11,0
evt_623,81,3,-1,1,2,-0.13905,1.00652,2,-1225.17,-25.057,67756,1035,389.99,152.49,9.37899e+11,0
evt_624,18,0,-1,2,3,-2.6168,1.57822,1,-979.231,-979.231,50137,50137,362.49,362.49,9.37937e+11,0
evt_624,19,0,-1,2,3,-0.699894,1.04295,1,-733.026,-733.026,36991,36991,372.49,372.49,9.37937e+11,0
evt_624,36,1,-1,3,2,-1.10322,0.940641,1,-55.9591,-55.9591,2025,2025,182.49,182.49,9.37937e+11,0
evt_624,53,2,-1,3,1,-0.867415,0.81243,1,-146.782,-146.782,6588,6588,254.99,254.99,9.37937e+11,0
evt_624,76,3,-1,3,1,6.16844,1.34921,1,-16.3175,-16.3175,465,465,89.99,89.99,9.37937e+11,0
evt_624,90,3,-1,2,3,0.860524,1.38643,1,-68.1299,-68.1299,3972,3972,274.99,274.99,1.49602e+14,1.38931e+19
evt_624,91,3,-1,2,3,6.62287,1.00437,1,-108.537,-108.537,4223,4223,219.99,219.99,0,1.38979e+19
evt_624,92,3,-1,3,3,-297.277,49.6017,2,-359.939,-92.4885,18624,3606,307.49,207.49,0,1.38955e+19
evt_624,93,3,-1,3,3,-93.5356,23.0832,1,-57.0023,-57.0023,967,967,109.99,109.99,0,1.3902e+19
evt_625,10,0,-1,2,2,-4.01813,0.947221,2,-295.127,-55.281,14596,2547,312.49,219.99,9.37951e+11,0
evt_625,11,0,-1,2,2,0.542248,0.747255,2,-302.483,-37.9729,19263,1349,382.49,157.49,9.37951e+11,0
evt_625,30,1,-1,4,1,2.72525,1.07512,2,-492.803,-22.9893,27545,532,369.99,99.99,9.37951e+11,0
evt_625,31,1,-1,4,1,1.59444,0.974448,1,-333.29,-333.29,15650,15650,327.49,327.49,9.37951e+11,0
evt_625,52,2,-1,3,1,-2.54223,0.860754,2,-1250.19,-47.9223,75536,1488,387.49,157.49,9.37951e+11,0
evt_625,53,2,-1,3,1,1.31103,1.08634,2,-1250.08,-60.9981,84830,1406,384.99,134.99,9.37951e+11,0
evt_625,66,2,-1,2,3,-3.98102,1.45171,1,-469.395,-469.395,21333,21333,322.49,322.49,9.37951e+11,0
evt_625,67,2,-1,2,3,-0.321265,0.784925,2,-293.792,-45.4037,15013,1756,329.99,177.49,9.37951e+11,0
evt_625,71,2,-1,4,3,1.37982,1.12819,1,-24.1683,-24.1683,751,751,117.49,117.49,9.37951e+11,0
evt_625,72,3,-1,1,1,0.674987,1.52531,1,-1250.12,-1250.12,103086,103086,444.99,444.99,9.37951e+11,0
evt_625,73,3,-1,1,1,1.16228,1.20329,2,-1249.97,-36.8328,93259,1363,412.49,172.49,9.37951e+11,0
evt_625,80,3,-1,1,2,0.116481,1.5633,1,-16.6377,-16.6377,320,320,67.49,67.49,9.37951e+11,0
evt_625,93,3,-1,3,3,-3.154,1.0128,2,-17.7665,-17.0032,1038,737,179.99,129.99,0,4.58913e+18
evt_626,9,0,-1,1,2,-3.09454,0.756027,3,-180.177,-19.1008,5820,393,257.49,79.99,9.37955e+11,0
evt_626,37,1,-1,3,2,5.52772,0.86912,1,-37.2104,-37.2104,1166,1166,142.49,142.49,9.37955e+11,0
evt_626,56,2,-1,1,2,-21.1844,0.854313,1,-26.1227,-26.1227,20658,20658,2507.49,2507.49,9.37955e+11,0
evt_626,72,3,-1,1,1,5.35465,0.806865,1,-116.357,-116.357,5504,5504,247.49,247.49,9.37955e+11,0
evt_626,73,3,-1,1,1,1.70284,0.987561,1,-150.103,-150.103,7188,7188,262.49,262.49,9.37955e+11,0
evt_626,82,3,-1,2,2,9.90258,1.30151,1,-16.5812,-16.5812,215,215,62.49,62.49,9.37955e+11,0
evt_627,16,0,-1,1,3,-10.5033,31.915,4,-244.946,-16.2781,8386,209,214.99,62.49,9.37994e+11,0
evt_627,20,0,-1,3,3,2.23747,0.893497,1,-415.334,-415.334,27935,27935,374.99,374.99,9.37994e+11,0
evt_627,21,0,-1,3,3,-0.499793,0.828865,1,-410.683,-410.683,20467,20467,369.99,369.99,9.37994e+11,0
evt_627,41,1,-1,1,3,0.223386,0.924914,1,-27.3331,-27.3331,1021,1021,144.99,144.99,9.37994e+11,0
evt_627,53,2,-1,3,1,50.6826,1.09333,3,-121.2,-19.3711,2558,160,144.99,77.49,9.37994e+11,0
evt_627,54,2,-1,4,1,0.117903,0.714674,1,-44.9525,-44.9525,1257,1257,139.99,139.99,9.37994e+11,0
evt_627,55,2,-1,4,1,3.55578,1.15985,1,-80.0244,-80.0244,3238,3238,209.99,209.99,9.37994e+11,0
evt_627,62,2,-1,4,2,0.862638,0.759168,1,-90.4931,-90.4931,3483,3483,214.99,214.99,9.37994e+11,0
evt_627,63,2,-1,4,2,0.208372,0.860678,1,-71.9413,-71.9413,3231,3231,229.99,229.99,9.37994e+11,0
evt_627,72,3,-1,1,1,4.23988,1.58712,2,-729.217,-35.723,39712,1312,377.49,157.49,9.37994e+11,0
evt_627,73,3,-1,1,1,3.54399,0.97255,2,-476.753,-43.4935,24099,1701,332.49,172.49,9.37994e+11,0
evt_628,14,0,-1,4,2,0.438341,1.03551,3,-279.675,-40.7097,18274,1473,379.99,164.99,9.38001e+11,0
evt_628,15,0,-1,4,2,1.04033,0.846434,1,-361.918,-361.918,25150,25150,387.49,387.49,9.38001e+11,0
evt_628,34,1,-1,2,2,10.5939,0.823554,2,-26.4203,-17.0381,590,341,104.99,77.49,9.38001e+11,0
evt_628,35,1,-1,2,2,-16.961,9.02599,2,-65.3112,-19.9748,2395,447,194.99,94.99,9.38001e+11,0
evt_628,44,1,-1,3,3,0.98966,0.748502,1,-402.284,-402.284,8634,8634,79.99,79.99,9.38001e+11,0
evt_628,45,1,-1,3,3,-2.49662,0.992788,1,-96.9906,-96.9906,2379,2379,82.49,82.49,9.38001e+11,0
evt_628,71,2,-1,4,3,0.536719,0.836729,1,-57.9505,-57.9505,2325,2325,194.99,194.99,9.38001e+11,0
evt_628,74,3,-1,2,1,18.417,1.9123,3,-24.1002,-21.0423,642,460,119.99,94.99,9.38001e+11,0
evt_628,88,3,-1,1,3,-0.217137,1.20643,1,-808.441,-808.441,38262,38262,347.49,347.49,1.49602e+14,1.10382e+12
evt_628,89,3,-1,1,3,-0.18958,0.884204,2,-1192.35,-93.445,58242,5214,349.99,322.49,1.49602e+14,4.54201e+18
evt_629,12,0,-1,3,2,-29.2472,21.2291,1,-121.5,-121.5,3302,3302,167.49,167.49,9.38103e+11,0
evt_629,13,0,-1,3,2,-57.2373,19.9164,3,-74.6179,-26.9539,1574,285,172.49,97.49,9.38103e+11,0
evt_629,22,0,-1,4,3,-0.667205,0.827338,2,-1250.66,-22.9906,91891,375,414.99,94.99,9.38103e+11,0
evt_629,23,0,-1,4,3,0.962462,1.09459,1,-1220.38,-1220.38,71368,71368,469.99,469.99,9.38103e+11,0
evt_629,30,1,-1,4,1,1.6285,1.00367,1,-233.26,-233.26,9111,9111,264.99,264.99,9.38103e+11,0
evt_629,31,1,-1,4,1,-0.110778,1.02636,1,-161.842,-161.842,8586,8586,287.49,287.49,9.38103e+11,0
evt_629,35,1,-1,2,2,0.0813898,0.772382,1,-41.1714,-41.1714,1600,1600,172.49,172.49,9.38103e+11,0
evt_629,50,2,-1,2,1,-1.45908,0.900334,2,-171.104,-41.8869,9229,533,292.49,87.49,9.38103e+11,0
evt_629,51,2,-1,2,1,-0.461403,0.697808,2,-105.301,-35.946,5149,433,259.99,84.99,9.38103e+11,0
evt_629,58,2,-1,2,2,-1.06252,0.580409,1,-40.6659,-40.6659,433,433,79.99,79.99,9.38103e+11,0
evt_629,59,2,-1,2,2,0.678487,0.750632,1,-45.8641,-45.8641,433,433,79.99,79.99,9.38103e+11,0
evt_629,60,2,-1,3,2,-10.8102,1.11807,2,-16.8099,-15.135,457,298,79.99,54.99,9.38103e+11,0
evt_629,62,2,-1,4,2,0.778925,1.15681,1,-59.0074,-59.0074,527,527,77.49,77.49,9.38103e+11,0
evt_629,76,3,-1,3,1,5.03214,1.55861,1,-220.022,-220.022,12979,12979,317.49,317.49,9.38103e+11,0
evt_629,77,3,-1,3,1,-2.12086,0.724136,1,-452.244,-452.244,23222,23222,359.99,359.99,9.38103e+11,0
evt_629,80,3,-1,1,2,-9.69617,0.976724,2,-18.5135,-16.2151,1166,277,194.99,54.99,9.38103e+11,0
evt_630,35,1,-1,2,2,1.37032,1.00616,1,-35.2687,-35.2687,1421,1421,167.49,167.49,9.3814e+11,0
evt_630,53,2,-1,3,1,2.16011,0.837159,1,-18.3794,-18.3794,561,561,102.49,102.49,9.3814e+11,0
evt_630,58,2,-1,2,2,1.24145,0.577227,3,-842.111,-43.8437,36881,1678,329.99,172.49,9.3814e+11,0
evt_630,59,2,-1,2,2,1.38769,0.819815,1,-170.113,-170.113,10417,10417,347.49,347.49,9.3814e+11,0
evt_630,62,2,-1,4,2,2.88807,0.969657,1,-17.6451,-17.6451,131,131,69.99,69.99,9.3814e+11,0
evt_630,82,3,-1,2,2,-15.3667,2.26761,3,-24.5941,-19.0657,10344,1166,1582.49,217.49,9.3814e+11,0
evt_631,10,0,-1,2,2,33.9029,1.42201,1,-97.3713,-97.3713,2708,2708,162.49,162.49,9.3816e+11,0
evt_631,24,1,-1,1,1,-1.53973,0.938017,2,-1249.74,-233.9,109324,12001,769.99,329.99,9.3816e+11,0
evt_631,25,1,-1,1,1,-2.21656,0.874368,2,-1250.73,-67.3736,103620,1590,534.99,144.99,9.3816e+11,0
evt_631,30,1,-1,4,1,18.1214,1.09425,1,-31.3767,-31.3767,703,703,117.49,117.49,9.3816e+11,0
evt_631,40,1,-1,1,3,-0.271228,1.05286,1,-285.932,-285.932,12086,12086,294.99,294.99,9.3816e+11,0
evt_631,41,1,-1,1,3,-0.172139,1.00289,1,-173.397,-173.397,9367,9367,312.49,312.49,9.3816e+11,0
evt_631,62,2,-1,4,2,-1.08499,0.799454,3,-657.591,-29.9283,32599,988,424.99,132.49,9.3816e+11,0
evt_631,63,2,-1,4,2,-0.259749,0.653178,1,-1057.82,-1057.82,54892,54892,442.49,442.49,9.3816e+11,0
evt_631,86,3,-1,4,2,41.196,1.09694,2,-67.4411,-19.7111,1498,216,137.49,82.49,9.3816e+11,0
evt_631,87,3,-1,4,2,53.1037,0.853222,1,-143.655,-143.655,6809,6809,237.49,237.49,9.3816e+11,0
evt_631,94,3,-1,4,3,3.11918,0.823037,1,-93.3765,-93.3765,3872,3872,219.99,219.99,4.38087e+11,4.55295e+18
evt_631,95,3,-1,4,3,4.31603,0.816401,1,-45.4499,-45.4499,2579,2579,234.99,234.99,4.38087e+11,4.5822e+18
evt_632,5,0,-1,3,1,2.27829,1.05373,1,-23.8302,-23.8302,782,782,129.99,129.99,9.38221e+11,0
evt_632,18,0,-1,2,3,-2.63362,0.754855,2,-1249.78,-69.0447,63006,2097,409.99,162.49,9.38221e+11,0
evt_632,19,0,-1,2,3,-1.11084,0.69441,1,-404.383,-404.383,22626,22626,404.99,404.99,9.38221e+11,0
evt_632,44,1,-1,3,3,-2.84851,0.818702,1,-160.776,-160.776,7176,7176,262.49,262.49,9.38221e+11,0
evt_632,45,1,-1,3,3,0.526537,1.24036,1,-211.38,-211.38,10735,10735,294.99,294.99,9.38221e+11,0
evt_632,50,2,-1,2,1,0.659464,1.08002,1,-30.0026,-30.0026,1131,1131,152.49,152.49,9.38221e+11,0
evt_632,84,3,-1,3,2,21.7601,1.13557,2,-1249.82,-110.108,132263,3739,572.49,187.49,9.38221e+11,0
evt_632,85,3,-1,3,2,19.8728,1.21481,2,-1233.65,-29.0919,107992,371,452.49,117.49,9.38221e+11,0
evt_633,46,1,-1,4,3,1.64482,0.743536,1,-67.2246,-67.2246,2711,2711,199.99,199.99,9.3823e+11,0
evt_633,50,2,-1,2,1,1.02446,0.915267,1,-19.0578,-19.0578,100,100,57.49,57.49,9.3823e+11,0
evt_633,76,3,-1,3,1,-11.8359,0.838756,1,-17.4988,-17.4988,704,704,129.99,129.99,9.3823e+11,0
evt_633,93,3,-1,3,3,-4.80382,1.41278,1,-15.3642,-15.3642,355,355,67.49,67.49,0,1.38903e+19
evt_634,6,0,-1,4,1,0.748342,0.836245,1,-691.635,-691.635,34409,34409,354.99,354.99,9.38276e+11,0
evt_634,7,0,-1,4,1,-1.58426,0.675107,1,-357.386,-357.386,17327,17327,414.99,414.99,9.38276e+11,0
evt_634,27,1,-1,2,1,5.33061,0.591448,2,-44.4977,-40.7547,1735,1419,177.49,157.49,9.38276e+11,0
evt_634,38,1,-1,4,2,-0.0227134,0.916549,1,-356.784,-356.784,17214,17214,329.99,329.99,9.38276e+11,0
evt_634,39,1,-1,4,2,-3.15943,0.802206,2,-199.279,-159.325,9407,7597,329.99,282.49,9.38276e+11,0
evt_634,56,2,-1,1,2,4.92807,0.679219,2,-1250.27,-109.23,121015,4341,467.49,219.99,9.38276e+11,0
evt_634,57,2,-1,1,2,-0.335853,0.77877,2,-1250.62,-214.146,87068,6355,374.99,192.49,9.38276e+11,0
evt_634,78,3,-1,4,1,-7.29829,1.77708,2,-17.3857,-15.8225,1128,392,194.99,82.49,9.38276e+11,0
evt_634,93,3,-1,3,3,-2.79768,0.772242,1,-19.1022,-19.1022,1167,1167,189.99,189.99,0,1.38409e+19
evt_635,2,0,-1,2,1,-1.43754,0.752413,1,-340.268,-340.268,15996,15996,299.99,299.99,9.38363e+11,0
evt_635,3,0,-1,2,1,0.959469,1.39101,1,-113.079,-113.079,5084,5084,254.99,254.99,9.38363e+11,0
evt_635,28,1,-1,3,1,1.80277,1.01861,1,-525.898,-525.898,23143,23143,329.99,329.99,9.38363e+11,0
evt_635,29,1,-1,3,1,1.35422,0.827271,1,-215.333,-215.333,10914,10914,294.99,294.99,9.38363e+11,0
evt_635,41,1,-1,1,3,0.669114,0.899487,1,-40.1438,-40.1438,1616,1616,172.49,172.49,9.38363e+11,0
evt_635,56,2,-1,1,2,-0.525663,1.17068,1,-181.366,-181.366,8123,8123,259.99,259.99,9.38363e+11,0
evt_635,57,2,-1,1,2,-0.663974,0.771761,2,-61.419,-45.6345,2136,1988,189.99,177.49,9.38363e+11,0
evt_635,76,3,-1,3,1,-3.68878,0.804744,1,-16.3188,-16.3188,388,388,72.49,72.49,9.38363e+11,0
evt_635,78,3,-1,4,1,6.54626,1.15685,2,-47.3134,-23.4857,1892,655,179.99,112.49,9.38363e+11,0
evt_635,79,3,-1,4,1,15.7873,0.898961,1,-36.7525,-36.7525,1100,1100,139.99,139.99,9.38363e+11,0
evt_635,80,3,-1,1,2,2.01935,1.02801,1,-19.6797,-19.6797,963,963,162.49,162.49,9.38363e+11,0
evt_635,82,3,-1,2,2,-9.70901,2.07828,1,-16.8379,-16.8379,764,764,142.49,142.49,9.38363e+11,0
evt_636,20,0,-1,3,3,1.19135,0.710102,2,-1250.35,-697.573,75117,36278,377.49,369.99,9.38381e+11,0
evt_636,21,0,-1,3,3,-1.80646,0.798115,2,-1249.78,-16.9651,74232,290,579.99,77.49,9.38381e+11,0
evt_636,36,1,-1,3,2,0.261682,0.707457,2,-522.462,-21.4664,24024,516,334.99,94.99,9.38381e+11,0
evt_636,37,1,-1,3,2,0.79108,1.15381,1,-654.393,-654.393,36073,36073,387.49,387.49,9.38381e+11,0
evt_636,58,2,-1,2,2,0.231958,0.606395,2,-1156.34,-31.5678,63776,923,412.49,127.49,9.38381e+11,0
evt_636,59,2,-1,2,2,0.0565626,0.75363,2,-1250.31,-16.6624,62646,346,372.49,77.49,9.38381e+11,0
evt_636,72,3,-1,1,1,-0.231368,1.19467,1,-855.32,-855.32,47307,47307,397.49,397.49,9.38381e+11,0
evt_636,73,3,-1,1,1,-1.65646,0.860518,1,-895.71,-895.71,48044,48044,459.99,459.99,9.38381e+11,0
evt_636,75,3,-1,2,1,-0.539971,0.815953,1,-22.6854,-22.6854,482,482,59.99,59.99,9.38381e+11,0
evt_637,0,0,-1,1,1,-0.763978,1.16687,1,-514.799,-514.799,21729,21729,332.49,332.49,9.38382e+11,0
evt_637,1,0,-1,1,1,-0.0186085,0.786745,1,-851.448,-851.448,38671,38671,337.49,337.49,9.38382e+11,0
evt_637,8,0,-1,1,2,0.230041,1.04996,2,-104.233,-73.9243,5495,2996,259.99,202.49,9.38382e+11,0
evt_637,14,0,-1,4,2,-0.413557,0.963461,1,-162.49,-162.49,7068,7068,259.99,259.99,9.38382e+11,0
evt_637,30,1,-1,4,1,-0.566214,1.61381,3,-1249.89,-41.1375,60443,1032,349.99,129.99,9.38382e+11,0
evt_637,31,1,-1,4,1,0.336246,0.715344,1,-544.046,-544.046,30744,30744,432.49,432.49,9.38382e+11,0
evt_637,56,2,-1,1,2,-13.6766,0.752629,6,-18.6128,-15.137,1796,306,292.49,57.49,9.38382e+11,0
evt_637,58,2,-1,2,2,0.255847,0.823693,2,-425.895,-22.035,25021,618,484.99,107.49,9.38382e+11,0
evt_637,59,2,-1,2,2,-2.56495,0.776097,1,-340.533,-340.533,18456,18456,342.49,342.49,9.38382e+11,0
evt_637,76,3,-1,3,1,-5.41125,0.917626,1,-16.3936,-16.3936,370,370,77.49,77.49,9.38382e+11,0
evt_637,92,3,-1,3,3,-14.7769,1.05854,1,-22.7233,-22.7233,18330,18330,2507.49,2507.49,0,1.37957e+19
evt_637,93,3,-1,3,3,-3.51294,0.748647,1,-19.253,-19.253,1236,1236,189.99,189.99,0,1.37456e+19
evt_638,8,0,-1,1,2,-0.438683,0.952981,1,-36.7527,-36.7527,1509,1509,172.49,172.49,9.38439e+11,0
evt_638,36,1,-1,3,2,0.464993,0.719756,1,-465.204,-465.204,26405,26405,469.99,469.99,9.38439e+11,0
evt_638,37,1,-1,3,2,3.40484,1.0183,2,-1130.09,-28.5181,49398,609,347.49,104.99,9.38439e+11,0
evt_638,40,1,-1,1,3,1.91444,0.938879,1,-201.524,-201.524,7980,7980,257.49,257.49,9.38439e+11,0
evt_638,41,1,-1,1,3,0.466902,0.984604,1,-275.529,-275.529,14125,14125,317.49,317.49,9.38439e+11,0
evt_638,56,2,-1,1,2,-14.8011,0.985205,7,-18.5172,-16.3926,2177,477,359.99,87.49,9.38439e+11,0
evt_638,66,2,-1,2,3,5.42369,1.38469,1,-42.4709,-42.4709,1485,1485,159.99,159.99,9.38439e+11,0
evt_638,67,2,-1,2,3,2.83668,0.652906,1,-36.9814,-36.9814,1381,1381,159.99,159.99,9.38439e+11,0
evt_638,80,3,-1,1,2,-16.5849,1.0153,4,-18.8207,-15.8493,601,291,109.99,54.99,9.38439e+11,0
evt_638,88,3,-1,1,3,-4.32001,0.828731,1,-255.031,-255.031,10062,10062,277.49,277.49,1.49602e+14,1.10382e+12
evt_638,89,3,-1,1,3,2.40388,0.861122,1,-348.883,-348.883,18354,18354,324.99,324.99,1.49602e+14,4.58363e+18
evt_639,28,1,-1,3,1,-1.27587,1.08065,1,-656.472,-656.472,34503,34503,352.49,352.49,9.38463e+11,0
evt_639,29,1,-1,3,1,-1.96637,0.781993,1,-782.02,-782.02,40327,40327,347.49,347.49,9.38463e+11,0
evt_639,38,1,-1,4,2,-1.49583,0.696233,1,-62.5256,-62.5256,2443,2443,207.49,207.49,9.38463e+11,0
evt_639,39,1,-1,4,2,2.63113,1.2235,1,-131.917,-131.917,6005,6005,264.99,264.99,9.38463e+11,0
evt_639,50,2,-1,2,1,4.00646,0.725302,1,-87.078,-87.078,3784,3784,224.99,224.99,9.38463e+11,0
evt_639,52,2,-1,3,1,-1.34131,0.868855,3,-152.234,-28.5011,7749,275,287.49,67.49,9.38463e+11,0
evt_639,53,2,-1,3,1,0.0306347,0.849049,2,-213.883,-34.3605,10338,185,274.99,67.49,9.38463e+11,0
evt_639,76,3,-1,3,1,1.64979,0.722222,1,-126.538,-126.538,13091,13091,442.49,442.49,9.38463e+11,0
evt_639,77,3,-1,3,1,-1.18702,0.773086,1,-219.448,-219.448,9999,9999,287.49,287.49,9.38463e+11,0
evt_639,93,3,-1,3,3,-11.5558,1.19925,3,-20.0937,-18.0328,1262,767,207.49,124.99,0,4.62236e+18
evt_639,95,3,-1,4,3,0.524761,0.939494,1,-30.3109,-30.3109,1095,1095,154.99,154.99,4.38087e+11,4.60011e+18
evt_640,20,0,-1,3,3,16.7897,6.14665,1,-17.5344,-17.5344,276,276,74.99,74.99,9.38481e+11,0
evt_640,28,1,-1,3,1,-2.12383,0.789837,2,-649.449,-59.7804,30891,2006,367.49,144.99,9.38481e+11,0
evt_640,29,1,-1,3,1,-1.37977,0.936161,2,-922.891,-42.0507,53997,1200,464.99,142.49,9.38481e+11,0
evt_640,53,2,-1,3,1,-2.11858,0.57963,1,-130.81,-130.81,5405,5405,249.99,249.99,9.38481e+11,0
evt_640,54,2,-1,4,1,1.84457,0.751454,1,-65.234,-65.234,1717,1717,149.99,149.99,9.38481e+11,0
evt_640,60,2,-1,3,2,-13.1687,1.31673,3,-21.5791,-18.3397,11313,1257,1772.49,204.99,9.38481e+11,0
evt_640,76,3,-1,3,1,-3.03166,0.824376,1,-32.2486,-32.2486,1363,1363,169.99,169.99,9.38481e+11,0
evt_640,82,3,-1,2,2,-14.2936,1.39769,7,-20.1295,-15.6627,3462,374,567.49,74.99,9.38481e+11,0
evt_641,18,0,-1,2,3,3.19654,1.03195,1,-15.7452,-15.7452,231,231,57.49,57.49,9.38498e+11,0
evt_641,22,0,-1,4,3,4.58789,0.654404,1,-60.9645,-60.9645,2675,2675,214.99,214.99,9.38498e+11,0
evt_641,23,0,-1,4,3,0.365099,0.882494,1,-29.2803,-29.2803,824,824,122.49,122.49,9.38498e+11,0
evt_641,46,1,-1,4,3,1.60971,1.02278,1,-429.407,-429.407,17778,17778,289.99,289.99,9.38498e+11,0
evt_641,47,1,-1,4,3,-1.50523,0.938261,1,-144.755,-144.755,5790,5790,234.99,234.99,9.38498e+11,0
evt_641,56,2,-1,1,2,-12.951,0.864143,7,-20.8414,-16.1639,3483,769,529.99,137.49,9.38498e+11,0
evt_641,70,2,-1,4,3,-1.50223,1.17332,2,-516.141,-22.4927,23153,472,312.49,94.99,9.38498e+11,0
evt_641,71,2,-1,4,3,-1.20109,1.00544,1,-463.867,-463.867,29042,29042,479.99,479.99,9.38498e+11,0
evt_642,22,0,-1,4,3,0.544312,1.07853,2,-1250.65,-197.07,97735,7846,397.49,239.99,9.38535e+11,0
evt_642,23,0,-1,4,3,-0.119508,0.906928,2,-1120.11,-19.3263,62750,309,399.99,84.99,9.38535e+11,0
evt_642,38,1,-1,4,2,-0.904186,0.743697,2,-128.587,-67.2676,6385,2294,317.49,179.99,9.38535e+11,0
evt_642,39,1,-1,4,2,2.18901,0.838705,2,-118.454,-28.2866,5368,898,249.99,134.99,9.38535e+11,0
evt_642,54,2,-1,4,1,-1.52179,10.7419,3,-524.208,-20.9007,22165,227,267.49,82.49,9.38535e+11,0
evt_642,55,2,-1,4,1,-63.6779,11.6566,3,-943.446,-26.8383,40272,339,294.99,84.99,9.38535e+11,0
evt_642,60,2,-1,3,2,0.964902,0.813199,2,-405.777,-45.6735,20926,1575,427.49,159.99,9.38535e+11,0
evt_642,61,2,-1,3,2,1.17811,0.65388,2,-435.807,-48.2671,24661,1627,344.99,164.99,9.38535e+11,0
evt_642,84,3,-1,3,2,36.8855,0.810384,1,-167.208,-167.208,5655,5655,199.99,199.99,9.38535e+11,0
evt_642,88,3,-1,1,3,-1.77352,1.25024,1,-189.896,-189.896,9490,9490,304.99,304.99,1.49602e+14,1.10382e+12
evt_642,89,3,-1,1,3,-1.08655,0.76043,1,-418.649,-418.649,17734,17734,299.99,299.99,1.49602e+14,4.65118e+18
evt_643,0,0,-1,1,1,2.96333,0.865544,1,-368.935,-368.935,18357,18357,334.99,334.99,9.38557e+11,0
evt_643,1,0,-1,1,1,1.34543,0.981805,2,-671.079,-42.2426,29649,1056,324.99,129.99,9.38557e+11,0
evt_643,24,1,-1,1,1,0.348586,0.891792,2,-93.75,-38.5058,3462,1338,207.49,152.49,9.38557e+11,0
evt_643,25,1,-1,1,1,-0.201469,0.921661,1,-199.997,-199.997,13196,13196,347.49,347.49,9.38557e+11,0
evt_643,54,2,-1,4,1,-3.66934,0.87782,1,-58.6801,-58.6801,791,791,84.99,84.99,9.38557e+11,0
evt_643,55,2,-1,4,1,-1.04687,1.14048,1,-43.9711,-43.9711,457,457,82.49,82.49,9.38557e+11,0
evt_643,58,2,-1,2,2,1.97429,1.01912,1,-19.3921,-19.3921,156,156,72.49,72.49,9.38557e+11,0
evt_643,59,2,-1,2,2,-0.721155,0.8225,1,-21.957,-21.957,254,254,77.49,77.49,9.38557e+11,0
evt_643,72,3,-1,1,1,-14.4006,2.31268,5,-19.7107,-16.0899,1200,329,209.99,62.49,9.38557e+11,0
evt_644,30,1,-1,4,1,3.6095,1.09305,1,-188.223,-188.223,7116,7116,242.49,242.49,9.38558e+11,0
evt_644,31,1,-1,4,1,1.38395,1.27472,1,-31.9456,-31.9456,1122,1122,147.49,147.49,9.38558e+11,0
evt_644,46,1,-1,4,3,2.87015,1.16565,2,-716.173,-44.4557,37858,1334,444.99,144.99,9.38558e+11,0
evt_644,47,1,-1,4,3,1.08625,0.798013,1,-1147.49,-1147.49,53175,53175,357.49,357.49,9.38558e+11,0
evt_644,54,2,-1,4,1,1.38952,0.62814,2,-33.9353,-22.4938,925,497,127.49,94.99,9.38558e+11,0
evt_644,55,2,-1,4,1,1.1636,0.915901,1,-88.9794,-88.9794,3785,3785,242.49,242.49,9.38558e+11,0
evt_644,56,2,-1,1,2,-13.7832,0.605666,6,-21.9226,-16.7417,4557,503,682.49,87.49,9.38558e+11,0
evt_644,67,2,-1,2,3,-1.54152,0.917018,1,-50.9016,-50.9016,2280,2280,207.49,207.49,9.38558e+11,0
evt_645,4,0,-1,3,1,-0.146411,0.961286,1,-45.5187,-45.5187,2333,2333,224.99,224.99,9.3859e+11,0
evt_645,5,0,-1,3,1,0.0854036,0.788328,1,-170.487,-170.487,9030,9030,287.49,287.49,9.3859e+11,0
evt_645,26,1,-1,2,1,-5.28262,1.8496,1,-46.1292,-46.1292,1878,1878,184.99,184.99,9.3859e+11,0
evt_645,44,1,-1,3,3,22.5956,0.883858,1,-38.0496,-38.0496,751,751,109.99,109.99,9.3859e+11,0
evt_645,58,2,-1,2,2,-0.441227,0.831994,2,-141.482,-31.3299,8228,204,407.49,69.99,9.3859e+11,0
evt_645,59,2,-1,2,2,0.198238,0.749338,2,-253.278,-62.43,14948,433,487.49,72.49,9.3859e+11,0
evt_645,82,3,-1,2,2,9.14134,1.83385,1,-150.104,-150.104,6065,6065,257.49,257.49,9.3859e+11,0
evt_646,2,0,-1,2,1,0.276517,0.808407,3,-721.474,-21.0833,62702,121,394.99,79.99,9.38623e+11,0
evt_646,3,0,-1,2,1,0.654581,1.23439,4,-871.043,-18.3002,73386,237,642.49,69.99,9.38623e+11,0
evt_646,40,1,-1,1,3,-1.50734,0.753173,2,-529.594,-120.018,23839,4261,322.49,154.99,9.38623e+11,0
evt_646,41,1,-1,1,3,-1.0691,0.758995,1,-745.616,-745.616,37769,37769,354.99,354.99,9.38623e+11,0
evt_646,49,2,-1,1,1,0.0282012,0.849764,1,-100.996,-100.996,1339,1339,89.99,89.99,9.38623e+11,0
evt_646,56,2,-1,1,2,-13.4605,1.08934,5,-22.8006,-15.3624,6362,89,937.49,14.99,9.38623e+11,0
evt_646,84,3,-1,3,2,8.10539,3.56222,1,-252.616,-252.616,8384,8384,199.99,199.99,9.38623e+11,0
evt_646,85,3,-1,3,2,32.9329,1.30147,1,-32.1748,-32.1748,557,557,107.49,107.49,9.38623e+11,0
evt_647,58,2,-1,2,2,5.63677,0.798522,1,-53.3694,-53.3694,1867,1867,169.99,169.99,9.3863e+11,0
evt_647,80,3,-1,1,2,4.7498,2.76311,1,-27.9094,-27.9094,796,796,127.49,127.49,9.3863e+11,0
evt_647,81,3,-1,1,2,2.28711,0.808106,1,-130.635,-130.635,5545,5545,229.99,229.99,9.3863e+11,0
evt_647,90,3,-1,2,3,2.62429,1.02487,1,-60.2271,-60.2271,247,247,17.49,17.49,1.49602e+14,4.62373e+18
evt_647,91,3,-1,2,3,1.47672,0.856964,1,-70.4319,-70.4319,416,416,24.99,24.99,0,4.62855e+18
evt_648,18,0,-1,2,3,-1.00415,1.36428,2,-236.528,-29.6698,9197,867,264.99,129.99,9.3863e+11,0
evt_648,19,0,-1,2,3,-0.527783,0.811009,1,-170.038,-170.038,7929,7929,269.99,269.99,9.3863e+11,0
evt_648,25,1,-1,1,1,4.867,0.992145,1,-70.8009,-70.8009,2826,2826,202.49,202.49,9.3863e+11,0
evt_648,40,1,-1,1,3,-2.36056,0.916166,2,-1250.16,-21.6931,115571,374,462.49,102.49,9.3863e+11,0
evt_648,41,1,-1,1,3,-0.348696,0.71761,3,-1249.97,-193.603,104728,7317,422.49,207.49,9.3863e+11,0
evt_648,54,2,-1,4,1,3.57924,0.677856,1,-29.4134,-29.4134,221,221,59.99,59.99,9.3863e+11,0
evt_648,62,2,-1,4,2,-1.68199,0.669544,1,-43.4392,-43.4392,399,399,99.99,99.99,9.3863e+11,0
evt_648,63,2,-1,4,2,-1.72611,0.961061,1,-56.1969,-56.1969,249,249,59.99,59.99,9.3863e+11,0
evt_648,67,2,-1,2,3,0.803744,0.725749,1,-46.3165,-46.3165,1900,1900,182.49,182.49,9.3863e+11,0
evt_648,90,3,-1,2,3,-4.43319,1.4402,1,-111.553,-111.553,5685,5685,259.99,259.99,1.49602e+14,1.38275e+19
evt_648,91,3,-1,2,3,-4.53347,1.22034,1,-148.797,-148.797,6383,6383,262.49,262.49,0,1.38362e+19
evt_648,93,3,-1,3,3,-5.6705,1.6802,1,-19.94,-19.94,1655,1655,267.49,267.49,0,1.3818e+19
evt_649,20,0,-1,3,3,12.5741,1.04331,1,-30.6139,-30.6139,843,843,124.99,124.99,9.38685e+11,0
evt_649,21,0,-1,3,3,9.86968,0.892939,2,-48.42,-42.8453,1747,1395,167.49,157.49,9.38685e+11,0
evt_649,29,1,-1,3,1,5.38787,0.821,1,-28.9736,-28.9736,826,826,124.99,124.99,9.38685e+11,0
evt_649,39,1,-1,4,2,3.95031,0.868878,1,-20.5875,-20.5875,569,569,102.49,102.49,9.38685e+11,0
evt_649,42,1,-1,2,3,4.25204,1.33686,1,-41.6754,-41.6754,1466,1466,159.99,159.99,9.38685e+11,0
evt_649,43,1,-1,2,3,0.0171228,0.695954,1,-21.5013,-21.5013,603,603,104.99,104.99,9.38685e+11,0
evt_649,68,2,-1,3,3,0.86,1.1263,1,-35.5673,-35.5673,1125,1125,139.99,139.99,9.38685e+11,0
evt_649,72,3,-1,1,1,-21.2977,1.07438,3,-26.6883,-17.2314,9973,552,1262.49,94.99,9.38685e+11,0
evt_650,22,0,-1,4,3,1.9843,0.884223,1,-1205.39,-1205.39,55156,55156,382.49,382.49,9.38725e+11,0
evt_650,23,0,-1,4,3,2.92781,0.548223,1,-390.592,-390.592,19807,19807,312.49,312.49,9.38725e+11,0
evt_650,46,1,-1,4,3,2.19681,1.02554,2,-89.2932,-32.1374,3646,971,224.99,132.49,9.38725e+11,0
evt_650,47,1,-1,4,3,-2.23319,0.868096,1,-63.4039,-63.4039,2795,2795,214.99,214.99,9.38725e+11,0
evt_650,56,2,-1,1,2,4.42996,0.845902,1,-60.8557,-60.8557,425,425,72.49,72.49,9.38725e+11,0
evt_650,57,2,-1,1,2,-4.05083,0.55899,1,-85.0221,-85.0221,683,683,69.99,69.99,9.38725e+11,0
evt_650,70,2,-1,4,3,1.28127,0.870587,1,-94.4054,-94.4054,3446,3446,212.49,212.49,9.38725e+11,0
evt_650,71,2,-1,4,3,1.741,0.820686,1,-79.1344,-79.1344,3238,3238,209.99,209.99,9.38725e+11,0
evt_650,72,3,-1,1,1,-14.2158,1.12172,2,-26.8464,-21.8768,8444,3636,1179.99,524.99,9.38725e+11,0
evt_650,90,3,-1,2,3,1.24609,10.9132,1,-25.2006,-25.2006,490,490,102.49,102.49,1.49602e+14,4.56414e+18
evt_651,7,0,-1,4,1,-9.67468,0.700467,2,-17.6872,-16.0883,883,388,149.99,72.49,9.38735e+11,0
evt_651,12,0,-1,3,2,4.24834,1.10785,1,-36.6388,-36.6388,1161,1161,139.99,139.99,9.38735e+11,0
evt_651,13,0,-1,3,2,9.12262,0.931528,1,-48.152,-48.152,1603,1603,159.99,159.99,9.38735e+11,0
evt_651,24,1,-1,1,1,10.2824,1.53707,1,-20.0141,-20.0141,408,408,94.99,94.99,9.38735e+11,0
evt_651,25,1,-1,1,1,18.4764,1.30115,2,-720.943,-19.5203,31125,361,299.99,84.99,9.38735e+11,0
evt_651,60,2,-1,3,2,0.66083,0.792077,2,-137.474,-35.4407,5104,1118,232.49,144.99,9.38735e+11,0
evt_651,71,2,-1,4,3,8.33488,1.02348,2,-227.659,-20.0146,8521,380,242.49,92.49,9.38735e+11,0
evt_651,72,3,-1,1,1,-14.3434,1.50214,3,-29.4659,-18.7979,8440,1758,1107.49,272.49,9.38735e+11,0
evt_651,76,3,-1,3,1,-4.65637,0.942384,1,-16.3187,-16.3187,391,391,72.49,72.49,9.38735e+11,0
evt_651,78,3,-1,4,1,-7.5497,1.58669,2,-17.4242,-16.6984,949,360,162.49,64.99,9.38735e+11,0
evt_651,87,3,-1,4,2,-7.35117,0.624416,1,-16.8889,-16.8889,308,308,54.99,54.99,9.38735e+11,0
evt_651,92,3,-1,3,3,-11.7353,0.649134,1,-15.319,-15.319,498,498,97.49,97.49,0,4.6148e+18
evt_651,93,3,-1,3,3,-9.84162,0.753622,3,-21.0855,-19.0256,1276,787,199.99,127.49,0,4.63129e+18
evt_652,5,0,-1,3,1,-0.133503,0.876366,2,-72.893,-32.6733,2747,1108,194.99,137.49,9.38862e+11,0
evt_652,28,1,-1,3,1,20.1339,0.613889,1,-64.6989,-64.6989,1871,1871,154.99,154.99,9.38862e+11,0
evt_652,76,3,-1,3,1,-93.5564,6.14276,1,-91.5469,-91.5469,6321,6321,439.99,439.99,9.38862e+11,0
evt_652,77,3,-1,3,1,-189.981,11.2515,3,-178.843,-40.0312,8823,1703,284.99,169.99,9.38862e+11,0
evt_652,78,3,-1,4,1,-13.6993,0.905904,1,-16.5075,-16.5075,292,292,57.49,57.49,9.38862e+11,0
evt_653,24,1,-1,1,1,0.409506,1.04888,1,-345.602,-345.602,16412,16412,317.49,317.49,9.38905e+11,0
evt_653,25,1,-1,1,1,-0.507086,1.07315,1,-194.171,-194.171,11637,11637,312.49,312.49,9.38905e+11,0
evt_653,48,2,-1,1,1,-2.91641,0.939659,1,-156.999,-156.999,7557,7557,274.99,274.99,9.38905e+11,0
evt_653,49,2,-1,1,1,-0.848955,0.683482,1,-106.255,-106.255,4947,4947,249.99,249.99,9.38905e+11,0
evt_653,72,3,-1,1,1,-17.0456,1.01721,3,-29.7743,-16.8495,14298,466,1624.99,84.99,9.38905e+11,0
evt_653,82,3,-1,2,2,-15.2186,2.18202,4,-24.0184,-17.4619,7556,1407,1124.99,274.99,9.38905e+11,0
evt_654,6,0,-1,4,1,0.00942362,0.995282,1,-411.172,-411.172,23528,23528,354.99,354.99,9.38919e+11,0
evt_654,7,0,-1,4,1,-1.36355,0.943051,1,-154.98,-154.98,6533,6533,262.49,262.49,9.38919e+11,0
evt_654,30,1,-1,4,1,-1.98716,0.835143,1,-295.408,-295.408,12526,12526,287.49,287.49,9.38919e+11,0
evt_654,31,1,-1,4,1,0.18203,1.07746,1,-82.4256,-82.4256,3581,3581,234.99,234.99,9.38919e+11,0
evt_654,46,1,-1,4,3,0.987315,1.16281,1,-165.771,-165.771,6985,6985,259.99,259.99,9.38919e+11,0
evt_654,47,1,-1,4,3,1.18935,1.13462,1,-46.9982,-46.9982,1714,1714,167.49,167.49,9.38919e+11,0
evt_654,50,2,-1,2,1,0.0998459,0.695916,1,-44.3457,-44.3457,1766,1766,179.99,179.99,9.38919e+11,0
evt_654,51,2,-1,2,1,-0.466363,0.697808,1,-45.4831,-45.4831,1947,1947,192.49,192.49,9.38919e+11,0
evt_654,54,2,-1,4,1,1.89903,0.91715,1,-56.849,-56.849,1903,1903,169.99,169.99,9.38919e+11,0
evt_654,55,2,-1,4,1,-4.56111,0.763251,1,-106.896,-106.896,4875,4875,267.49,267.49,9.38919e+11,0
evt_654,58,2,-1,2,2,1.41064,0.789103,2,-117.01,-44.9709,7065,346,304.99,27.49,9.38919e+11,0
evt_654,59,2,-1,2,2,-0.339011,0.738617,1,-45.407,-45.407,1888,1888,184.99,184.99,9.38919e+11,0
evt_654,60,2,-1,3,2,3.51251,1.12495,2,-1250.08,-26.5016,75802,515,397.49,99.99,9.38919e+11,0
evt_654,61,2,-1,3,2,-1.81161,1.04134,3,-1250.5,-38.1599,83712,1971,402.49,124.99,9.38919e+11,0
evt_654,62,2,-1,4,2,-1.25027,0.664181,2,-860.287,-45.6355,41569,1535,552.49,157.49,9.38919e+11,0
evt_654,63,2,-1,4,2,-0.946006,0.999863,1,-935.621,-935.621,48580,48580,384.99,384.99,9.38919e+11,0
evt_654,71,2,-1,4,3,3.4419,0.636656,1,-66.9104,-66.9104,2389,2389,182.49,182.49,9.38919e+11,0
evt_654,78,3,-1,4,1,-1.29054,1.12684,1,-331.725,-331.725,16986,16986,324.99,324.99,9.38919e+11,0
evt_654,79,3,-1,4,1,-1.63854,0.89658,1,-248.081,-248.081,13595,13595,327.49,327.49,9.38919e+11,0
evt_654,84,3,-1,3,2,0.947777,0.574274,2,-81.2814,-47.9608,3478,2449,229.99,217.49,9.38919e+11,0
evt_654,90,3,-1,2,3,1.57584,0.799025,1,-145.829,-145.829,7110,7110,347.49,347.49,1.49602e+14,1.38055e+19
evt_654,91,3,-1,2,3,0.841048,0.942615,1,-238.476,-238.476,10562,10562,287.49,287.49,0,1.38096e+19
evt_654,92,3,-1,3,3,-6.31768,0.518839,3,-1250.08,-16.5463,92335,265,482.49,67.49,0,1.3776e+19
evt_654,93,3,-1,3,3,-1.37761,1.28822,1,-345.353,-345.353,17687,17687,304.99,304.99,0,1.38344e+19
evt_654,94,3,-1,4,3,7.78322,0.924658,3,-1250.58,-25.8819,103729,355,389.99,89.99,4.38087e+11,1.38208e+19
evt_654,95,3,-1,4,3,5.29582,1.07862,2,-1250.08,-59.3276,109277,1778,427.49,167.49,4.38087e+11,4.52285e+18
evt_655,8,0,-1,1,2,-0.120452,0.965109,2,-1250.02,-23.5657,83648,336,429.99,84.99,9.38942e+11,0
evt_655,9,0,-1,1,2,0.811906,0.776002,1,-763.641,-763.641,34368,34368,389.99,389.99,9.38942e+11,0
evt_655,26,1,-1,2,1,-0.857065,1.40702,2,-139.118,-55.5069,6251,2149,262.49,192.49,9.38942e+11,0
evt_655,27,1,-1,2,1,0.820209,0.781334,2,-52.8369,-25.5822,2199,946,192.49,139.99,9.38942e+11,0
evt_655,34,1,-1,2,2,2.59702,0.637553,1,-33.7436,-33.7436,1154,1154,149.99,149.99,9.38942e+11,0
evt_655,44,1,-1,3,3,4.09056,1.05087,1,-45.2924,-45.2924,2087,2087,192.49,192.49,9.38942e+11,0
evt_655,64,2,-1,1,3,3.48586,1.10346,1,-152.232,-152.232,7364,7364,309.99,309.99,9.38942e+11,0
evt_655,65,2,-1,1,3,-1.63141,0.721844,1,-150.288,-150.288,8559,8559,322.49,322.49,9.38942e+11,0
evt_655,78,3,-1,4,1,3.38489,1.04823,1,-823.055,-823.055,43210,43210,369.99,369.99,9.38942e+11,0
evt_655,79,3,-1,4,1,1.26363,0.892136,1,-498.291,-498.291,33373,33373,379.99,379.99,9.38942e+11,0
evt_655,88,3,-1,1,3,-1.13504,0.679747,1,-204.428,-204.428,9854,9854,279.99,279.99,1.49602e+14,1.10382e+12
evt_655,89,3,-1,1,3,-0.0874273,0.767671,1,-218.759,-218.759,10946,10946,289.99,289.99,1.49602e+14,4.66697e+18
evt_656,10,0,-1,2,2,9.57708,1.11012,1,-53.375,-53.375,1907,1907,172.49,172.49,9.38997e+11,0
evt_656,11,0,-1,2,2,18.1819,0.646706,2,-37.134,-32.977,1160,930,142.49,132.49,9.38997e+11,0
evt_656,41,1,-1,1,3,3.16074,0.681354,1,-29.7419,-29.7419,1078,1078,147.49,147.49,9.38997e+11,0
evt_656,42,1,-1,2,3,2.51023,1.0514,2,-60.9306,-18.9401,1784,538,102.49,94.99,9.38997e+11,0
evt_656,43,1,-1,2,3,-0.108564,0.823936,1,-188.671,-188.671,8902,8902,327.49,327.49,9.38997e+11,0
evt_656,56,2,-1,1,2,1.00879,0.927152,1,-127.255,-127.255,6332,6332,304.99,304.99,9.38997e+11,0
evt_656,57,2,-1,1,2,3.12851,0.865803,1,-149.751,-149.751,6383,6383,312.49,312.49,9.38997e+11,0
evt_656,82,3,-1,2,2,-10.6552,2.37042,5,-22.8402,-16.5461,6638,720,964.99,139.99,9.38997e+11,0
evt_656,93,3,-1,3,3,-7.69363,0.84075,3,-19.2523,-15.86,1182,556,192.49,99.99,0,1.37903e+19
evt_657,0,0,-1,1,1,-0.444479,0.694255,1,-1250.42,-1250.42,98008,98008,514.99,514.99,9.3903e+11,0
evt_657,1,0,-1,1,1,2.21593,0.69837,1,-1250.23,-1250.23,96368,96368,419.99,419.99,9.3903e+11,0
evt_657,10,0,-1,2,2,0.348123,0.97282,1,-841.076,-841.076,57546,57546,194.99,194.99,9.3903e+11,0
evt_657,11,0,-1,2,2,-2.17747,0.641017,1,-1250.42,-1250.42,86121,86121,197.49,197.49,9.3903e+11,0
evt_657,41,1,-1,1,3,11.9084,0.675593,1,-46.8964,-46.8964,1595,1595,162.49,162.49,9.3903e+11,0
evt_657,49,2,-1,1,1,-0.197623,0.67557,1,-54.5615,-54.5615,311,311,64.99,64.99,9.3903e+11,0
evt_657,72,3,-1,1,1,-9.6833,0.554638,4,-20.8908,-19.332,1724,1106,262.49,172.49,9.3903e+11,0
evt_658,14,0,-1,4,2,43.9178,0.911151,3,-239.62,-32.9015,8471,626,212.49,109.99,9.39033e+11,0
evt_658,15,0,-1,4,2,46.2374,1.00488,1,-49.6436,-49.6436,747,747,47.49,47.49,9.39033e+11,0
evt_658,42,1,-1,2,3,23.6965,0.848474,2,-67.3586,-63.3262,2798,2016,197.49,164.99,9.39033e+11,0
evt_658,43,1,-1,2,3,6.23935,0.917811,1,-46.3224,-46.3224,1362,1362,144.99,144.99,9.39033e+11,0
evt_658,56,2,-1,1,2,-21.7505,1.73957,2,-25.3207,-22.2546,13593,5722,1667.49,807.49,9.39033e+11,0
evt_658,60,2,-1,3,2,20.4365,1.27136,1,-203.93,-203.93,6399,6399,204.99,204.99,9.39033e+11,0
evt_658,61,2,-1,3,2,22.7663,1.228,2,-202.06,-37.21,6193,723,202.49,109.99,9.39033e+11,0
evt_658,72,3,-1,1,1,-6.74553,0.844588,5,-24.6711,-17.2465,5187,679,682.49,122.49,9.39033e+11,0
evt_658,93,3,-1,3,3,-2.6095,2.19487,1,-18.7194,-18.7194,1294,1294,219.99,219.99,0,1.38109e+19
evt_659,18,0,-1,2,3,-0.199531,0.892609,1,-333.022,-333.022,12161,12161,267.49,267.49,9.39074e+11,0
evt_659,19,0,-1,2,3,0.99678,0.903707,1,-66.6063,-66.6063,3421,3421,247.49,247.49,9.39074e+11,0
evt_659,37,1,-1,3,2,-3.94501,0.97874,1,-101.064,-101.064,4144,4144,229.99,229.99,9.39074e+11,0
evt_659,42,1,-1,2,3,2.85748,1.03775,2,-687.537,-53.1461,31266,1809,329.99,167.49,9.39074e+11,0
evt_659,43,1,-1,2,3,-3.44446,0.647037,1,-291.735,-291.735,16147,16147,332.49,332.49,9.39074e+11,0
evt_659,67,2,-1,2,3,2.14328,0.702439,1,-53.7172,-53.7172,2229,2229,192.49,192.49,9.39074e+11,0
evt_660,6,0,-1,4,1,1.63681,1.14751,1,-47.2793,-47.2793,1835,1835,177.49,177.49,9.39193e+11,0
evt_660,7,0,-1,4,1,1.30585,0.848455,1,-31.2249,-31.2249,1084,1084,144.99,144.99,9.39193e+11,0
evt_660,34,1,-1,2,2,-43.0313,10.171,3,-30.424,-26.6917,997,385,139.99,77.49,9.39193e+11,0
evt_660,46,1,-1,4,3,3.14877,1.22751,1,-55.3962,-55.3962,1331,1331,79.99,79.99,9.39193e+11,0
evt_660,93,3,-1,3,3,-8.43447,0.868093,1,-15.0213,-15.0213,286,286,54.99,54.99,0,4.6162e+18
evt_661,20,0,-1,3,3,1.12097,0.86889,1,-61.1509,-61.1509,2414,2414,192.49,192.49,9.39285e+11,0
evt_661,46,1,-1,4,3,2.75039,1.09956,1,-223.22,-223.22,10506,10506,287.49,287.49,9.39285e+11,0
evt_661,47,1,-1,4,3,-0.057015,2.20406,1,-356.509,-356.509,17164,17164,304.99,304.99,9.39285e+11,0
evt_661,49,2,-1,1,1,-1.58045,0.651057,1,-31.9476,-31.9476,1312,1312,162.49,162.49,9.39285e+11,0
evt_661,60,2,-1,3,2,-0.991369,0.679265,1,-16.731,-16.731,95,95,59.99,59.99,9.39285e+11,0
evt_661,90,3,-1,2,3,-2.21172,0.870186,1,-65.8786,-65.8786,2576,2576,197.49,197.49,1.49602e+14,4.53352e+18
evt_661,91,3,-1,2,3,0.866144,0.942642,1,-25.8848,-25.8848,852,852,132.49,132.49,0,1.38029e+19
evt_661,95,3,-1,4,3,1.83665,1.07055,1,-97.0296,-97.0296,4865,4865,267.49,267.49,4.38087e+11,4.61688e+18
evt_662,2,0,-1,2,1,0.504893,1.05048,1,-283.383,-283.383,14250,14250,317.49,317.49,9.39364e+11,0
evt_662,3,0,-1,2,1,-0.0890103,0.927625,1,-362.413,-362.413,18509,18509,374.99,374.99,9.39364e+11,0
evt_662,4,0,-1,3,1,1.08005,0.839867,1,-166.87,-166.87,9820,9820,302.49,302.49,9.39364e+11,0
evt_662,5,0,-1,3,1,0.660677,0.70707,2,-166.643,-57.8067,9599,1496,319.99,82.49,9.39364e+11,0
evt_662,22,0,-1,4,3,-0.0187639,1.72759,1,-598.305,-598.305,26878,26878,327.49,327.49,9.39364e+11,0
evt_662,23,0,-1,4,3,1.50902,0.773561,1,-159.899,-159.899,7541,7541,284.99,284.99,9.39364e+11,0
evt_662,24,1,-1,1,1,2.0214,1.35878,2,-1129.99,-20.6655,54183,296,379.99,39.99,9.39364e+11,0
evt_662,25,1,-1,1,1,-0.164994,0.821914,1,-1126.56,-1126.56,63088,63088,389.99,389.99,9.39364e+11,0
evt_662,48,2,-1,1,1,2.43209,1.00804,2,-854.867,-59.9337,41112,1782,379.99,154.99,9.39364e+11,0
evt_662,49,2,-1,1,1,0.139119,0.682984,1,-426.501,-426.501,24613,24613,397.49,397.49,9.39364e+11,0
evt_662,73,3,-1,1,1,0.689677,1.16137,1,-34.2746,-34.2746,1072,1072,139.99,139.99,9.39364e+11,0
evt_663,13,0,-1,3,2,2.39116,0.80569,1,-75.4858,-75.4858,4618,4618,282.49,282.49,9.39379e+11,0
evt_663,36,1,-1,3,2,3.22978,0.756361,1,-172.668,-172.668,6353,6353,234.99,234.99,9.39379e+11,0
evt_663,37,1,-1,3,2,1.42898,0.943997,1,-29.9636,-29.9636,908,908,129.99,129.99,9.39379e+11,0
evt_663,54,2,-1,4,1,-1.44413,1.08023,1,-72.1326,-72.1326,516,516,69.99,69.99,9.39379e+11,0
evt_663,55,2,-1,4,1,-0.152713,0.764863,1,-37.7208,-37.7208,201,201,64.99,64.99,9.39379e+11,0
evt_663,60,2,-1,3,2,2.65709,0.591363,1,-86.1658,-86.1658,3201,3201,202.49,202.49,9.39379e+11,0
evt_663,61,2,-1,3,2,0.407826,0.782903,1,-27.7598,-27.7598,890,890,127.49,127.49,9.39379e+11,0
evt_663,76,3,-1,3,1,-5.44279,1.09741,1,-15.0947,-15.0947,276,276,54.99,54.99,9.39379e+11,0
evt_664,6,0,-1,4,1,-33.1786,6.83102,1,-22.8837,-22.8837,410,410,82.49,82.49,9.39421e+11,0
evt_664,18,0,-1,2,3,1.27314,1.16934,2,-1250.31,-34.4296,96825,681,522.49,107.49,9.39421e+11,0
evt_664,19,0,-1,2,3,0.0782631,0.6673,2,-1053.55,-21.1976,96436,347,427.49,89.99,9.39421e+11,0
evt_664,26,1,-1,2,1,-0.0461767,1.3911,1,-46.2468,-46.2468,1942,1942,189.99,189.99,9.39421e+11,0
evt_664,27,1,-1,2,1,1.79162,0.868116,1,-28.2913,-28.2913,984,984,139.99,139.99,9.39421e+11,0
evt_664,41,1,-1,1,3,0.34865,0.830251,1,-44.1883,-44.1883,491,491,37.49,37.49,9.39421e+11,0
evt_664,44,1,-1,3,3,68.6287,0.660463,3,-680.572,-31.8682,20334,171,214.99,89.99,9.39421e+11,0
evt_664,48,2,-1,1,1,1.21883,0.706454,1,-1250.45,-1250.45,84378,84378,432.49,432.49,9.39421e+11,0
evt_664,49,2,-1,1,1,-0.438731,0.75991,1,-873.739,-873.739,58932,58932,492.49,492.49,9.39421e+11,0
evt_664,72,3,-1,1,1,-13.082,0.638489,5,-21.4643,-15.0993,2621,275,389.99,54.99,9.39421e+11,0
evt_664,75,3,-1,2,1,1.10016,0.781624,1,-29.5853,-29.5853,1146,1146,157.49,157.49,9.39421e+11,0
evt_664,82,3,-1,2,2,-10.9747,1.81747,8,-19.48,-15.4428,1990,249,354.99,54.99,9.39421e+11,0
evt_664,86,3,-1,4,2,40.3954,0.908831,1,-277.887,-277.887,11850,11850,242.49,242.49,9.39421e+11,0
evt_664,93,3,-1,3,3,-5.35317,0.806807,1,-18.8724,-18.8724,432,432,64.99,64.99,0,4.58633e+18
evt_665,50,2,-1,2,1,-0.819954,0.882848,1,-20.3206,-20.3206,145,145,64.99,64.99,9.3943e+11,0
evt_665,60,2,-1,3,2,0.469253,1.21547,1,-34.0814,-34.0814,384,384,87.49,87.49,9.3943e+11,0
evt_665,61,2,-1,3,2,0.474876,1.13097,1,-42.9251,-42.9251,482,482,87.49,87.49,9.3943e+11,0
evt_665,93,3,-1,3,3,-9.84437,1.07415,1,-17.7662,-17.7662,625,625,114.99,114.99,0,1.3836e+19
evt_666,15,0,-1,4,2,1.00866,0.691705,1,-52.7208,-52.7208,3066,3066,247.49,247.49,9.39513e+11,0
evt_666,30,1,-1,4,1,-0.350438,1.01012,1,-1002.88,-1002.88,42778,42778,324.99,324.99,9.39513e+11,0
evt_666,31,1,-1,4,1,0.593455,0.749129,2,-302.559,-36.5249,16102,1561,309.99,189.99,9.39513e+11,0
evt_666,41,1,-1,1,3,-0.670027,0.722139,1,-55.0906,-55.0906,1875,1875,114.99,114.99,9.39513e+11,0
evt_666,42,1,-1,2,3,-0.6947,1.2999,1,-97.7849,-97.7849,4328,4328,239.99,239.99,9.39513e+11,0
evt_666,43,1,-1,2,3,-1.02005,0.857173,1,-31.031,-31.031,917,917,129.99,129.99,9.39513e+11,0
evt_666,49,2,-1,1,1,1.55489,0.665996,1,-17.6375,-17.6375,113,113,64.99,64.99,9.39513e+11,0
evt_666,54,2,-1,4,1,-2.68407,1.29208,1,-78.1571,-78.1571,3353,3353,222.49,222.49,9.39513e+11,0
evt_666,55,2,-1,4,1,1.85862,0.717002,1,-48.9363,-48.9363,1721,1721,167.49,167.49,9.39513e+11,0
evt_666,78,3,-1,4,1,0.153058,2.63217,1,-118.419,-118.419,5679,5679,252.49,252.49,9.39513e+11,0
evt_666,79,3,-1,4,1,-0.222108,0.726908,1,-64.8822,-64.8822,2808,2808,212.49,212.49,9.39513e+11,0
evt_667,11,0,-1,2,2,36.8311,6.42424,1,-31.7962,-31.7962,615,615,112.49,112.49,9.39517e+11,0
evt_667,56,2,-1,1,2,0.628877,0.55714,1,-41.5865,-41.5865,478,478,79.99,79.99,9.39517e+11,0
evt_667,57,2,-1,1,2,1.79326,0.910584,1,-66.901,-66.901,683,683,79.99,79.99,9.39517e+11,0
evt_667,58,2,-1,2,2,-0.453794,0.92537,1,-54.854,-54.854,695,695,87.49,87.49,9.39517e+11,0
evt_667,59,2,-1,2,2,0.41459,0.895355,2,-53.8927,-39.3795,1613,522,174.99,82.49,9.39517e+11,0
evt_667,82,3,-1,2,2,-0.513738,2.41439,1,-774.659,-774.659,40342,40342,542.49,542.49,9.39517e+11,0
evt_667,83,3,-1,2,2,2.02362,0.785659,1,-611.989,-611.989,30596,30596,334.99,334.99,9.39517e+11,0
evt_668,16,0,-1,1,3,2.73613,1.01264,1,-39.726,-39.726,1317,1317,147.49,147.49,9.3956e+11,0
evt_668,36,1,-1,3,2,3.37002,0.961116,1,-72.666,-72.666,2539,2539,189.99,189.99,9.3956e+11,0
evt_668,37,1,-1,3,2,-2.22939,0.809378,1,-27.5259,-27.5259,1016,1016,144.99,144.99,9.3956e+11,0
evt_668,58,2,-1,2,2,0.435746,0.61666,1,-226.121,-226.121,10679,10679,294.99,294.99,9.3956e+11,0
evt_668,59,2,-1,2,2,1.94406,0.917611,1,-215.78,-215.78,11213,11213,302.49,302.49,9.3956e+11,0
evt_668,80,3,-1,1,2,-11.4722,0.639806,1,-22.3601,-22.3601,1012,1012,157.49,157.49,9.3956e+11,0
evt_668,81,3,-1,1,2,3.76928,1.05483,3,-48.6679,-26.5667,2655,1107,247.49,152.49,9.3956e+11,0
evt_668,89,3,-1,1,3,-12.4095,12.3373,1,-90.7376,-90.7376,3445,3445,204.99,204.99,1.49602e+14,4.56097e+18
evt_668,93,3,-1,3,3,-2.57966,1.595,1,-15.4362,-15.4362,275,275,54.99,54.99,0,4.60143e+18
evt_669,39,1,-1,4,2,1.79419,0.692301,1,-38.1961,-38.1961,1470,1470,167.49,167.49,9.39584e+11,0
evt_669,54,2,-1,4,1,5.38281,1.21078,1,-61.9956,-61.9956,545,545,77.49,77.49,9.39584e+11,0
evt_669,55,2,-1,4,1,2.28511,0.885496,1,-52.0799,-52.0799,467,467,74.99,74.99,9.39584e+11,0
evt_669,60,2,-1,3,2,0.190288,0.574924,1,-35.1862,-35.1862,310,310,74.99,74.99,9.39584e+11,0
evt_669,62,2,-1,4,2,3.15944,1.0705,2,-385.587,-20.7844,20015,474,384.99,94.99,9.39584e+11,0
evt_669,63,2,-1,4,2,6.35692,1.09527,2,-604.396,-460.818,29906,19390,359.99,294.99,9.39584e+11,0
evt_669,82,3,-1,2,2,-259.317,13.5471,1,-245.351,-245.351,7487,7487,204.99,204.99,9.39584e+11,0
evt_669,83,3,-1,2,2,-118.215,11.5332,1,-95.2479,-95.2479,2092,2092,147.49,147.49,9.39584e+11,0
evt_669,86,3,-1,4,2,45.5051,2.0972,2,-278.428,-263.089,9391,8416,252.49,199.99,9.39584e+11,0
evt_669,87,3,-1,4,2,52.6762,0.961715,1,-21.9237,-21.9237,351,351,94.99,94.99,9.39584e+11,0
evt_670,0,0,-1,1,1,-7.16015,0.872408,1,-57.0357,-57.0357,2345,2345,199.99,199.99,9.39691e+11,0
evt_670,1,0,-1,1,1,1.25998,0.722608,1,-158.638,-158.638,6547,6547,239.99,239.99,9.39691e+11,0
evt_670,26,1,-1,2,1,-1.35857,1.37289,2,-201.376,-40.4515,10054,1537,299.99,169.99,9.39691e+11,0
evt_670,27,1,-1,2,1,2.21352,0.81468,1,-326.804,-326.804,15228,15228,304.99,304.99,9.39691e+11,0
evt_670,60,2,-1,3,2,0.66058,0.666607,4,-1167.77,-22.5345,60198,507,409.99,97.49,9.39691e+11,0
evt_670,61,2,-1,3,2,-0.395667,0.748046,3,-1249.97,-20.8893,76016,342,434.99,87.49,9.39691e+11,0
evt_670,68,2,-1,3,3,0.230693,1.01894,3,-1250.08,-82.5313,83258,4390,387.49,244.99,9.39691e+11,0
evt_670,69,2,-1,3,3,1.68814,0.797134,2,-952.674,-22.6075,52875,516,494.99,99.99,9.39691e+11,0
evt_670,72,3,-1,1,1,-0.112281,1.90434,1,-16.2433,-16.2433,462,462,82.49,82.49,9.39691e+11,0
evt_670,93,3,-1,3,3,-6.32834,1.79535,1,-19.8259,-19.8259,801,801,139.99,139.99,0,1.39065e+19
evt_671,6,0,-1,4,1,-0.795948,1.07681,2,-560.054,-92.5336,44268,5640,492.49,309.99,9.39707e+11,0
evt_671,7,0,-1,4,1,-5.06939,1.1717,2,-321.966,-32.6349,25133,1107,479.99,142.49,9.39707e+11,0
evt_671,25,1,-1,1,1,1.52299,0.739833,1,-42.3576,-42.3576,1638,1638,172.49,172.49,9.39707e+11,0
evt_671,28,1,-1,3,1,3.03222,1.0055,1,-393.758,-393.758,35420,35420,559.99,559.99,9.39707e+11,0
evt_671,29,1,-1,3,1,0.495791,1.2326,1,-286.088,-286.088,12356,12356,267.49,267.49,9.39707e+11,0
evt_671,52,2,-1,3,1,3.51291,0.62817,1,-105.34,-105.34,4442,4442,229.99,229.99,9.39707e+11,0
evt_671,53,2,-1,3,1,-12.6751,3.95655,1,-190.169,-190.169,8010,8010,267.49,267.49,9.39707e+11,0
evt_671,77,3,-1,3,1,-0.513563,0.471898,2,-451.399,-39.8403,31775,1630,417.49,172.49,9.39707e+11,0
evt_671,80,3,-1,1,2,6.56646,1.05292,2,-992.306,-53.8304,62524,2093,412.49,159.99,9.39707e+11,0
evt_671,81,3,-1,1,2,-1.60567,0.715615,1,-1214.08,-1214.08,65550,65550,419.99,419.99,9.39707e+11,0
evt_672,16,0,-1,1,3,3.589,2.33811,1,-32.9005,-32.9005,957,957,132.49,132.49,9.39708e+11,0
evt_672,54,2,-1,4,1,-0.358191,0.962814,1,-181.403,-181.403,6081,6081,229.99,229.99,9.39708e+11,0
evt_672,58,2,-1,2,2,1.01441,0.833419,3,-1249.97,-22.991,96015,425,412.49,94.99,9.39708e+11,0
evt_672,59,2,-1,2,2,-1.15265,0.854074,4,-1250.31,-19.521,91185,399,409.99,87.49,9.39708e+11,0
evt_672,62,2,-1,4,2,1.93042,0.675654,1,-71.1925,-71.1925,917,917,87.49,87.49,9.39708e+11,0
evt_672,63,2,-1,4,2,-1.09486,0.576861,1,-66.582,-66.582,732,732,84.99,84.99,9.39708e+11,0
evt_672,78,3,-1,4,1,-6.98044,1.4908,3,-96.3445,-18.6403,6130,796,319.99,134.99,9.39708e+11,0
evt_672,79,3,-1,4,1,-0.717773,0.847773,1,-33.7031,-33.7031,1421,1421,169.99,169.99,9.39708e+11,0
evt_672,86,3,-1,4,2,1.62824,1.17248,1,-91.9953,-91.9953,3307,3307,199.99,199.99,9.39708e+11,0
evt_672,87,3,-1,4,2,2.81066,1.3566,1,-27.1047,-27.1047,1103,1103,154.99,154.99,9.39708e+11,0
evt_673,6,0,-1,4,1,0.244221,0.97678,2,-216.932,-21.358,10526,634,294.99,114.99,9.3974e+11,0
evt_673,7,0,-1,4,1,-2.16406,1.1878,1,-185.555,-185.555,8251,8251,284.99,284.99,9.3974e+11,0
evt_673,38,1,-1,4,2,0.831696,1.06871,1,-27.1066,-27.1066,822,822,124.99,124.99,9.3974e+11,0
evt_673,39,1,-1,4,2,-4.74516,0.954638,1,-21.235,-21.235,644,644,109.99,109.99,9.3974e+11,0
evt_673,54,2,-1,4,1,-0.951847,0.870502,2,-1250.12,-31.8592,60128,209,487.49,62.49,9.3974e+11,0
evt_673,55,2,-1,4,1,-2.14723,2.19301,2,-1250.57,-99.6198,72237,3051,412.49,179.99,9.3974e+11,0
evt_673,78,3,-1,4,1,9.10427,0.964172,1,-134.275,-134.275,6159,6159,247.49,247.49,9.3974e+11,0
evt_673,79,3,-1,4,1,-0.247326,0.941154,1,-249.081,-249.081,11725,11725,299.99,299.99,9.3974e+11,0
evt_673,86,3,-1,4,2,2.18632,1.02871,1,-19.144,-19.144,451,451,89.99,89.99,9.3974e+11,0
evt_673,87,3,-1,4,2,5.99442,0.519179,2,-188.41,-17.118,8865,385,277.49,79.99,9.3974e+11,0
evt_673,94,3,-1,4,3,1.61118,0.717715,2,-55.7938,-15.823,2149,370,187.49,77.49,4.38087e+11,4.59883e+18
evt_673,95,3,-1,4,3,0.646951,1.04137,1,-235.195,-235.195,11383,11383,304.99,304.99,4.38087e+11,4.60005e+18
evt_674,22,0,-1,4,3,-4.58117,2.4326,1,-27.2974,-27.2974,277,277,29.99,29.99,9.39753e+11,0
evt_674,25,1,-1,1,1,6.5062,0.755212,1,-63.7082,-63.7082,2449,2449,192.49,192.49,9.39753e+11,0
evt_674,48,2,-1,1,1,3.97342,0.630073,1,-521.932,-521.932,25429,25429,324.99,324.99,9.39753e+11,0
evt_674,49,2,-1,1,1,0.282076,0.730812,1,-294.861,-294.861,15149,15149,319.99,319.99,9.39753e+11,0
evt_674,72,3,-1,1,1,-2.76587,0.926735,1,-432.11,-432.11,24409,24409,367.49,367.49,9.39753e+11,0
evt_674,73,3,-1,1,1,-5.04318,1.02226,1,-434.893,-434.893,22873,22873,339.99,339.99,9.39753e+11,0
evt_674,78,3,-1,4,1,2.29132,1.37362,1,-16.2411,-16.2411,380,380,82.49,82.49,9.39753e+11,0
evt_675,6,0,-1,4,1,-2.40382,0.968182,1,-1249.96,-1249.96,73531,73531,592.49,592.49,9.3976e+11,0
evt_675,7,0,-1,4,1,-10.6131,0.654192,1,-621.819,-621.819,37026,37026,479.99,479.99,9.3976e+11,0
evt_675,36,1,-1,3,2,-1.38488,0.620308,1,-71.8323,-71.8323,4915,4915,302.49,302.49,9.3976e+11,0
evt_675,37,1,-1,3,2,-2.34876,0.72755,1,-100.307,-100.307,4295,4295,242.49,242.49,9.3976e+11,0
evt_675,52,2,-1,3,1,1.86655,0.76005,1,-40.0157,-40.0157,211,211,62.49,62.49,9.3976e+11,0
evt_675,53,2,-1,3,1,0.150253,0.861566,1,-46.173,-46.173,202,202,59.99,59.99,9.3976e+11,0
evt_675,58,2,-1,2,2,0.842025,0.738812,1,-410.912,-410.912,23779,23779,364.99,364.99,9.3976e+11,0
evt_675,59,2,-1,2,2,-1.03926,0.725298,1,-513.309,-513.309,25178,25178,344.99,344.99,9.3976e+11,0
evt_675,72,3,-1,1,1,-1141.49,133.788,3,-863.671,-18.5288,30174,448,324.99,102.49,9.3976e+11,0
evt_675,73,3,-1,1,1,-972.765,212.611,2,-628.691,-54.3296,10764,2016,254.99,167.49,9.3976e+11,0
evt_676,30,1,-1,4,1,-0.69994,0.924161,2,-1133.16,-56.1977,44147,1618,317.49,152.49,9.39821e+11,0
evt_676,31,1,-1,4,1,-0.888992,0.810131,2,-767.685,-15.7845,34555,239,337.49,54.99,9.39821e+11,0
evt_676,54,2,-1,4,1,39.2543,0.966874,1,-92.1527,-92.1527,2263,2263,152.49,152.49,9.39821e+11,0
evt_676,55,2,-1,4,1,67.9843,0.90342,1,-255.628,-255.628,12699,12699,254.99,254.99,9.39821e+11,0
evt_676,70,2,-1,4,3,-3.29776,15.7607,1,-44.7547,-44.7547,800,800,102.49,102.49,9.39821e+11,0
evt_676,71,2,-1,4,3,2.41471,1.02321,1,-46.768,-46.768,1616,1616,162.49,162.49,9.39821e+11,0
evt_676,74,3,-1,2,1,11.6287,0.880223,1,-37.2875,-37.2875,828,828,114.99,114.99,9.39821e+11,0
evt_676,75,3,-1,2,1,7.48855,0.598384,1,-25.0863,-25.0863,747,747,119.99,119.99,9.39821e+11,0
evt_676,78,3,-1,4,1,3.50381,1.06001,3,-337.863,-86.4651,27781,3659,342.49,214.99,9.39821e+11,0
evt_676,79,3,-1,4,1,1.35764,0.647062,1,-288.187,-288.187,14414,14414,304.99,304.99,9.39821e+11,0
evt_676,82,3,-1,2,2,2.86295,1.49729,1,-41.8921,-41.8921,1149,1149,139.99,139.99,9.39821e+11,0
evt_678,4,0,-1,3,1,1.06607,0.822121,2,-328.068,-27.1413,16795,648,344.99,74.99,9.39924e+11,0
evt_678,5,0,-1,3,1,-1.82143,0.986591,1,-302.567,-302.567,17384,17384,334.99,334.99,9.39924e+11,0
evt_678,28,1,-1,3,1,0.425038,0.831111,1,-194.511,-194.511,9036,9036,269.99,269.99,9.39924e+11,0
evt_678,29,1,-1,3,1,-4.48915,0.874769,2,-160.431,-38.3203,11255,1349,339.99,154.99,9.39924e+11,0
evt_678,77,3,-1,3,1,2.76768,0.887149,1,-68.931,-68.931,2932,2932,209.99,209.99,9.39924e+11,0
evt_679,11,0,-1,2,2,-0.38102,0.617519,1,-30.5435,-30.5435,1069,1069,142.49,142.49,9.39926e+11,0
evt_679,20,0,-1,3,3,0.0509189,0.963823,1,-112.888,-112.888,5620,5620,272.49,272.49,9.39926e+11,0
evt_679,21,0,-1,3,3,0.513782,0.728191,1,-128.482,-128.482,8029,8029,297.49,297.49,9.39926e+11,0
evt_679,28,1,-1,3,1,1.47852,0.789428,1,-576.903,-576.903,32518,32518,434.99,434.99,9.39926e+11,0
evt_679,29,1,-1,3,1,1.72411,0.821797,1,-419.192,-419.192,22984,22984,369.99,369.99,9.39926e+11,0
evt_679,44,1,-1,3,3,2.3956,0.822076,2,-296.04,-150.284,11394,7025,269.99,264.99,9.39926e+11,0
evt_679,45,1,-1,3,3,-0.97313,0.964888,2,-132.116,-37.8206,6796,1378,284.99,162.49,9.39926e+11,0
evt_679,58,2,-1,2,2,3.45662,0.589112,1,-33.1327,-33.1327,318,318,82.49,82.49,9.39926e+11,0
evt_679,59,2,-1,2,2,0.462948,0.520388,1,-45.8905,-45.8905,486,486,84.99,84.99,9.39926e+11,0
evt_679,65,2,-1,1,3,7.43946,0.773736,1,-31.8464,-31.8464,883,883,122.49,122.49,9.39926e+11,0
evt_679,66,2,-1,2,3,11.1406,0.837298,1,-15.9384,-15.9384,224,224,59.99,59.99,9.39926e+11,0
evt_679,68,2,-1,3,3,-1.37281,0.80823,5,-1249.93,-17.1925,71417,256,392.49,72.49,9.39926e+11,0
evt_679,69,2,-1,3,3,2.45037,0.716462,1,-1249.73,-1249.73,60163,60163,369.99,369.99,9.39926e+11,0
evt_679,88,3,-1,1,3,-4.94975,1.08179,1,-40.3744,-40.3744,1258,1258,114.99,114.99,1.49602e+14,1.10382e+12
evt_680,22,0,-1,4,3,1.9988,0.85709,1,-106.178,-106.178,5231,5231,242.49,242.49,9.40141e+11,0
evt_680,23,0,-1,4,3,6.26728,0.791753,1,-66.7191,-66.7191,2473,2473,189.99,189.99,9.40141e+11,0
evt_680,28,1,-1,3,1,1.0178,1.07174,1,-173.514,-173.514,5895,5895,224.99,224.99,9.40141e+11,0
evt_680,29,1,-1,3,1,-1.64674,0.849041,1,-89.8222,-89.8222,3767,3767,217.49,217.49,9.40141e+11,0
evt_680,37,1,-1,3,2,-0.902637,0.641783,1,-60.8453,-60.8453,2546,2546,209.99,209.99,9.40141e+11,0
evt_680,50,2,-1,2,1,-0.903381,0.822141,2,-240.837,-17.2738,11053,309,287.49,64.99,9.40141e+11,0
evt_680,51,2,-1,2,1,0.388288,0.847457,1,-73.543,-73.543,5838,5838,419.99,419.99,9.40141e+11,0
evt_680,66,2,-1,2,3,1.65071,0.754561,1,-442.226,-442.226,2193,2193,29.99,29.99,9.40141e+11,0
evt_680,67,2,-1,2,3,-0.781576,0.799053,1,-522.469,-522.469,2512,2512,29.99,29.99,9.40141e+11,0
evt_680,80,3,-1,1,2,-0.00221128,0.758809,1,-47.1605,-47.1605,2494,2494,222.49,222.49,9.40141e+11,0
evt_680,81,3,-1,1,2,1.02535,1.06685,1,-22.1331,-22.1331,849,849,137.49,137.49,9.40141e+11,0
evt_680,93,3,-1,3,3,-6.67618,1.42096,1,-18.6428,-18.6428,827,827,139.99,139.99,0,4.55851e+18
evt_681,57,2,-1,1,2,1.7719,0.797478,1,-71.5436,-71.5436,850,850,84.99,84.99,9.4023e+11,0
evt_681,71,2,-1,4,3,90.8683,0.626998,3,-386.206,-101.746,21922,1808,292.49,134.99,9.4023e+11,0
evt_681,80,3,-1,1,2,-0.976084,1.00853,1,-17.3388,-17.3388,467,467,89.99,89.99,9.4023e+11,0
evt_681,92,3,-1,3,3,-11.5735,0.69531,1,-16.3584,-16.3584,484,484,89.99,89.99,0,4.51125e+18
evt_681,93,3,-1,3,3,-9.4803,0.723332,3,-19.3611,-16.6985,978,193,162.49,32.49,0,4.61888e+18
evt_682,0,0,-1,1,1,0.752423,0.839717,1,-145.256,-145.256,6315,6315,254.99,254.99,9.40242e+11,0
evt_682,1,0,-1,1,1,-0.0340983,0.931697,1,-189.634,-189.634,8891,8891,279.99,279.99,9.40242e+11,0
evt_682,5,0,-1,3,1,-0.75552,0.665158,1,-70.7965,-70.7965,3017,3017,212.49,212.49,9.40242e+11,0
evt_682,24,1,-1,1,1,-2.69621,0.838159,2,-350.956,-26.5731,15781,798,302.49,119.99,9.40242e+11,0
evt_682,25,1,-1,1,1,-0.0365185,0.859877,2,-546.152,-82.1976,24646,3558,324.99,224.99,9.40242e+11,0
evt_682,48,2,-1,1,1,2.82102,0.846129,1,-1143.45,-1143.45,58302,58302,384.99,384.99,9.40242e+11,0
evt_682,49,2,-1,1,1,1.80611,0.674787,1,-900.594,-900.594,51971,51971,379.99,379.99,9.40242e+11,0
evt_682,50,2,-1,2,1,0.605098,0.889147,1,-1250.27,-1250.27,102809,102809,519.99,519.99,9.40242e+11,0
evt_682,51,2,-1,2,1,0.409007,0.764787,2,-1250.23,-66.5293,102171,424,419.99,24.99,9.40242e+11,0
evt_682,59,2,-1,2,2,1.54227,0.52526,1,-40.5706,-40.5706,353,353,82.49,82.49,9.40242e+11,0
evt_682,66,2,-1,2,3,1.06572,0.756142,1,-241.141,-241.141,9786,9786,264.99,264.99,9.40242e+11,0
evt_682,67,2,-1,2,3,4.25932,0.744906,1,-290.398,-290.398,14326,14326,304.99,304.99,9.40242e+11,0
evt_682,72,3,-1,1,1,-13.2876,0.90556,6,-25.582,-16.6947,3275,314,462.49,59.99,9.40242e+11,0
evt_682,78,3,-1,4,1,0.550783,1.681,1,-20.5096,-20.5096,1081,1081,177.49,177.49,9.40242e+11,0
evt_683,18,0,-1,2,3,-1.62141,0.697744,1,-52.2659,-52.2659,2071,2071,184.99,184.99,9.40307e+11,0
evt_683,26,1,-1,2,1,-3.51386,1.77136,1,-21.1596,-21.1596,845,845,142.49,142.49,9.40307e+11,0
evt_683,27,1,-1,2,1,1.99683,0.82582,1,-60.0052,-60.0052,2442,2442,197.49,197.49,9.40307e+11,0
evt_683,50,2,-1,2,1,-0.936465,0.756973,2,-20.5505,-18.39,700,145,124.99,64.99,9.40307e+11,0
evt_683,54,2,-1,4,1,-0.996338,0.946585,1,-32.1515,-32.1515,236,236,59.99,59.99,9.40307e+11,0
evt_683,55,2,-1,4,1,-2.99011,0.727653,1,-17.0031,-17.0031,209,209,67.49,67.49,9.40307e+11,0
evt_683,60,2,-1,3,2,-0.729409,0.653229,1,-24.8561,-24.8561,236,236,72.49,72.49,9.40307e+11,0
evt_683,61,2,-1,3,2,-0.988814,0.987191,1,-24.6913,-24.6913,165,165,64.99,64.99,9.40307e+11,0
evt_683,70,2,-1,4,3,0.0824903,1.16824,1,-46.9698,-46.9698,1639,1639,164.99,164.99,9.40307e+11,0
evt_683,74,3,-1,2,1,1.62947,1.09549,2,-105.599,-30.6584,5517,1078,289.99,147.49,9.40307e+11,0
evt_683,75,3,-1,2,1,0.81274,0.734676,1,-172.902,-172.902,10199,10199,307.49,307.49,9.40307e+11,0
evt_684,16,0,-1,1,3,0.916944,0.77798,3,-821.402,-53.2703,34227,1778,314.99,162.49,9.40341e+11,0
evt_684,17,0,-1,1,3,0.387023,0.83891,3,-356.511,-85.4004,22739,3424,482.49,207.49,9.40341e+11,0
evt_684,37,1,-1,3,2,-1.20222,0.897831,1,-60.8454,-60.8454,2141,2141,177.49,177.49,9.40341e+11,0
evt_684,50,2,-1,2,1,-0.908153,0.825715,1,-19.9068,-19.9068,189,189,64.99,64.99,9.40341e+11,0
evt_684,56,2,-1,1,2,-0.653297,1.25315,1,-32.4566,-32.4566,341,341,82.49,82.49,9.40341e+11,0
evt_684,57,2,-1,1,2,1.88058,0.77608,1,-67.6035,-67.6035,736,736,84.99,84.99,9.40341e+11,0
evt_684,68,2,-1,3,3,1.81269,0.95827,3,-1250.31,-31.2262,101392,712,432.49,109.99,9.40341e+11,0
evt_684,69,2,-1,3,3,-0.856151,0.858712,1,-1249.95,-1249.95,77784,77784,389.99,389.99,9.40341e+11,0
evt_684,80,3,-1,1,2,-7.73222,1.15337,1,-20.3151,-20.3151,965,965,164.99,164.99,9.40341e+11,0
evt_684,82,3,-1,2,2,-0.322551,1.54284,1,-50.4775,-50.4775,1902,1902,182.49,182.49,9.40341e+11,0
evt_684,83,3,-1,2,2,1.19105,0.738972,1,-46.9324,-46.9324,2500,2500,224.99,224.99,9.40341e+11,0
evt_685,10,0,-1,2,2,-0.057613,1.09627,1,-54.972,-54.972,2161,2161,187.49,187.49,9.40398e+11,0
evt_685,11,0,-1,2,2,-1.56622,0.759309,1,-166.762,-166.762,7703,7703,289.99,289.99,9.40398e+11,0
evt_685,35,1,-1,2,2,5.48935,0.725484,1,-108.227,-108.227,4892,4892,242.49,242.49,9.40398e+11,0
evt_685,57,2,-1,1,2,2.28055,1.14699,1,-22.9398,-22.9398,95,95,62.49,62.49,9.40398e+11,0
evt_685,82,3,-1,2,2,1.78981,2.25059,4,-1250.42,-18.2179,113719,32,577.49,62.49,9.40398e+11,0
evt_685,83,3,-1,2,2,1.22614,1.12678,4,-1249.97,-17.9584,97321,240,417.49,77.49,9.40398e+11,0
evt_686,2,0,-1,2,1,0.978492,1.0396,1,-91.9572,-91.9572,3728,3728,217.49,217.49,9.40412e+11,0
evt_686,3,0,-1,2,1,0.947572,1.24503,1,-46.5506,-46.5506,1972,1972,187.49,187.49,9.40412e+11,0
evt_686,26,1,-1,2,1,0.219584,1.17115,1,-400.88,-400.88,23166,23166,349.99,349.99,9.40412e+11,0
evt_686,27,1,-1,2,1,1.13698,0.797146,2,-456.131,-32.5594,24437,1110,389.99,139.99,9.40412e+11,0
evt_686,49,2,-1,1,1,-0.816891,0.808109,1,-47.8971,-47.8971,290,290,64.99,64.99,9.40412e+11,0
evt_686,50,2,-1,2,1,-0.063612,0.845116,1,-101.375,-101.375,6080,6080,309.99,309.99,9.40412e+11,0
evt_686,51,2,-1,2,1,1.46163,0.869623,3,-311.061,-31.0748,16808,1104,367.49,72.49,9.40412e+11,0
evt_686,81,3,-1,1,2,-6.94375,1.2858,3,-21.7374,-16.0482,1323,392,204.99,74.99,9.40412e+11,0
evt_686,87,3,-1,4,2,-7.64537,1.16259,1,-16.5848,-16.5848,619,619,119.99,119.99,9.40412e+11,0
evt_686,91,3,-1,2,3,-14.231,2.40538,8,-27.26,-19.5955,1798,523,242.49,92.49,0,1.3662e+19
evt_687,46,1,-1,4,3,5.89776,1.28388,1,-257.804,-257.804,13352,13352,287.49,287.49,9.40455e+11,0
evt_687,47,1,-1,4,3,2.22091,0.687433,1,-206.94,-206.94,8500,8500,267.49,267.49,9.40455e+11,0
evt_687,54,2,-1,4,1,3.16221,1.11285,1,-18.7992,-18.7992,34,34,64.99,64.99,9.40455e+11,0
evt_687,70,2,-1,4,3,1.2481,1.26806,1,-49.0638,-49.0638,1463,1463,152.49,152.49,9.40455e+11,0
evt_687,71,2,-1,4,3,1.58485,1.15157,1,-60.2037,-60.2037,2426,2426,194.99,194.99,9.40455e+11,0
evt_687,78,3,-1,4,1,-16.6815,1.44902,2,-16.7731,-16.7017,702,455,122.49,79.99,9.40455e+11,0
evt_687,93,3,-1,3,3,3.90529,1.2208,1,-15.7084,-15.7084,381,381,74.99,74.99,0,1.38165e+19
evt_687,94,3,-1,4,3,1.12145,1.00055,1,-41.6714,-41.6714,1744,1744,182.49,182.49,4.38087e+11,4.53299e+18
evt_688,13,0,-1,3,2,-33.7001,6.32004,1,-21.2837,-21.2837,185,185,64.99,64.99,9.40503e+11,0
evt_688,20,0,-1,3,3,-0.909886,0.711436,1,-18.4477,-18.4477,512,512,94.99,94.99,9.40503e+11,0
evt_688,28,1,-1,3,1,1.44956,1.23985,2,-854.272,-52.419,35660,1707,332.49,162.49,9.40503e+11,0
evt_688,29,1,-1,3,1,2.63369,1.19048,2,-276.712,-27.9778,15466,987,309.99,142.49,9.40503e+11,0
evt_688,52,2,-1,3,1,-0.00712848,0.838114,1,-1035.45,-1035.45,48548,48548,372.49,372.49,9.40503e+11,0
evt_688,53,2,-1,3,1,-0.251012,0.73116,2,-507.892,-45.3912,22748,1158,307.49,129.99,9.40503e+11,0
evt_688,56,2,-1,1,2,-9.76843,0.881434,4,-17.7919,-15.9316,1401,307,244.99,57.49,9.40503e+11,0
evt_688,60,2,-1,3,2,-9.74409,0.767003,2,-61.9096,-15.5569,1491,306,194.99,59.99,9.40503e+11,0
evt_688,61,2,-1,3,2,1.98057,0.855326,1,-55.9608,-55.9608,498,498,77.49,77.49,9.40503e+11,0
evt_688,72,3,-1,1,1,3.05924,0.847459,2,-18.8773,-15.5967,669,368,117.49,69.99,9.40503e+11,0
evt_688,76,3,-1,3,1,-4.16291,0.687924,1,-72.8991,-72.8991,3892,3892,254.99,254.99,9.40503e+11,0
evt_688,77,3,-1,3,1,-1.80244,0.888413,1,-211.061,-211.061,11520,11520,339.99,339.99,9.40503e+11,0
evt_688,82,3,-1,2,2,-209.397,249.476,4,-1250.2,-38.162,78860,862,364.99,124.99,9.40503e+11,0
evt_688,83,3,-1,2,2,-127.647,169.83,4,-1250.16,-30.9949,65140,864,364.99,127.49,9.40503e+11,0
evt_688,93,3,-1,3,3,-3.03783,0.759343,3,-19.1014,-15.3262,1144,271,192.49,54.99,0,1.38375e+19
evt_689,12,0,-1,3,2,1.17472,1.54324,1,-27.9082,-27.9082,932,932,132.49,132.49,9.40509e+11,0
evt_689,13,0,-1,3,2,-1.19828,0.703169,1,-42.2411,-42.2411,1701,1701,174.99,174.99,9.40509e+11,0
evt_689,36,1,-1,3,2,0.946447,0.918808,1,-51.1961,-51.1961,1782,1782,172.49,172.49,9.40509e+11,0
evt_689,38,1,-1,4,2,0.80725,0.947085,1,-43.4269,-43.4269,1430,1430,154.99,154.99,9.40509e+11,0
evt_689,39,1,-1,4,2,0.594223,0.915702,1,-54.7478,-54.7478,2012,2012,174.99,174.99,9.40509e+11,0
evt_689,52,2,-1,3,1,0.22999,0.779044,1,-99.9983,-99.9983,5234,5234,259.99,259.99,9.40509e+11,0
evt_689,53,2,-1,3,1,-0.243035,0.716706,1,-99.391,-99.391,4368,4368,237.49,237.49,9.40509e+11,0
evt_689,56,2,-1,1,2,-3.66198,0.508234,1,-75.3473,-75.3473,1204,1204,89.99,89.99,9.40509e+11,0
evt_689,57,2,-1,1,2,0.643136,0.750599,1,-92.3627,-92.3627,1219,1219,89.99,89.99,9.40509e+11,0
evt_689,58,2,-1,2,2,0.0634865,0.72056,1,-79.0335,-79.0335,3419,3419,219.99,219.99,9.40509e+11,0
evt_689,59,2,-1,2,2,-2.64233,0.796435,2,-52.155,-17.6872,2189,478,197.49,89.99,9.40509e+11,0
evt_689,61,2,-1,3,2,-2.89477,0.788909,1,-53.0122,-53.0122,285,285,59.99,59.99,9.40509e+11,0
evt_689,72,3,-1,1,1,-15.6248,0.753067,4,-27.2583,-17.0065,8247,494,1099.99,87.49,9.40509e+11,0
evt_689,76,3,-1,3,1,-12.1132,1.42466,2,-1250.16,-16.7718,110797,446,487.49,84.99,9.40509e+11,0
evt_689,77,3,-1,3,1,-0.10923,0.758474,2,-1250.39,-32.138,115460,716,532.49,119.99,9.40509e+11,0
evt_690,7,0,-1,4,1,-2.24997,1.04985,1,-25.9644,-25.9644,906,906,134.99,134.99,9.40517e+11,0
evt_690,30,1,-1,4,1,0.312241,1.08072,1,-701.568,-701.568,30296,30296,317.49,317.49,9.40517e+11,0
evt_690,31,1,-1,4,1,1.20683,0.955349,1,-267.907,-267.907,12973,12973,299.99,299.99,9.40517e+11,0
evt_690,54,2,-1,4,1,1.92324,0.835501,1,-230.257,-230.257,8803,8803,269.99,269.99,9.40517e+11,0
evt_690,55,2,-1,4,1,3.41515,0.994512,1,-292.536,-292.536,15110,15110,302.49,302.49,9.40517e+11,0
evt_690,60,2,-1,3,2,0.914528,0.707351,1,-26.4745,-26.4745,213,213,64.99,64.99,9.40517e+11,0
evt_690,61,2,-1,3,2,1.21018,0.714984,1,-47.0645,-47.0645,280,280,69.99,69.99,9.40517e+11,0
evt_690,62,2,-1,4,2,3.25553,1.18562,2,-41.3271,-34.7579,1799,1294,184.99,154.99,9.40517e+11,0
evt_690,63,2,-1,4,2,4.84518,0.8392,1,-115.138,-115.138,6138,6138,309.99,309.99,9.40517e+11,0
evt_690,78,3,-1,4,1,-10.9147,1.06393,2,-1250.01,-322.73,133688,12806,927.49,232.49,9.40517e+11,0
evt_690,79,3,-1,4,1,-1.59239,1.02197,2,-1249.85,-50.6704,105714,1164,427.49,132.49,9.40517e+11,0
evt_690,93,3,-1,3,3,-5.25985,0.592682,1,-17.1961,-17.1961,553,553,102.49,102.49,0,1.38028e+19
evt_691,2,0,-1,2,1,-1.88277,0.935005,1,-395.432,-395.432,18970,18970,319.99,319.99,9.40556e+11,0
evt_691,3,0,-1,2,1,-1.37118,0.797214,1,-302.943,-302.943,17876,17876,534.99,534.99,9.40556e+11,0
evt_691,26,1,-1,2,1,2.41699,1.23634,1,-300.272,-300.272,18031,18031,344.99,344.99,9.40556e+11,0
evt_691,27,1,-1,2,1,-0.980475,1.01013,2,-366.533,-22.1507,20155,642,367.49,107.49,9.40556e+11,0
evt_691,52,2,-1,3,1,-1.0216,0.80967,1,-22.226,-22.226,179,179,62.49,62.49,9.40556e+11,0
evt_691,56,2,-1,1,2,-3.22748,0.785901,1,-479.383,-479.383,25703,25703,332.49,332.49,9.40556e+11,0
evt_691,57,2,-1,1,2,4.22033,0.827443,2,-495.402,-31.9534,20057,908,334.99,124.99,9.40556e+11,0
evt_691,76,3,-1,3,1,2.01549,0.86008,2,-246.937,-36.3712,13540,1883,312.49,204.99,9.40556e+11,0
evt_691,77,3,-1,3,1,0.475681,0.858266,2,-93.6374,-51.0054,4270,2231,234.99,199.99,9.40556e+11,0
evt_691,80,3,-1,1,2,4.96802,1.67649,1,-107.587,-107.587,5614,5614,267.49,267.49,9.40556e+11,0
evt_691,81,3,-1,1,2,-0.79483,1.28388,1,-245.66,-245.66,11473,11473,287.49,287.49,9.40556e+11,0
evt_692,1,0,-1,1,1,12.1033,0.595982,1,-57.3808,-57.3808,1590,1590,147.49,147.49,9.40601e+11,0
evt_692,37,1,-1,3,2,2.9467,0.931625,1,-25.5453,-25.5453,806,806,127.49,127.49,9.40601e+11,0
evt_692,48,2,-1,1,1,7.8148,0.768693,2,-44.6564,-36.6397,1258,982,137.49,127.49,9.40601e+11,0
evt_692,49,2,-1,1,1,1.01832,0.799728,1,-76.9012,-76.9012,814,814,82.49,82.49,9.40601e+11,0
evt_692,72,3,-1,1,1,-13.242,1.00182,4,-27.7167,-17.7279,8582,836,1137.49,137.49,9.40601e+11,0
evt_692,93,3,-1,3,3,1.99255,1.71919,1,-17.8811,-17.8811,603,603,107.49,107.49,0,4.65939e+18
evt_693,48,2,-1,1,1,8.01129,0.937786,2,-145.873,-44.5646,6127,1461,234.99,154.99,9.4063e+11,0
evt_693,93,3,-1,3,3,-6.91128,0.74713,2,-16.7753,-16.089,451,329,84.99,59.99,0,1.37195e+19
evt_694,14,0,-1,4,2,5.29587,0.943832,1,-172.897,-172.897,8031,8031,264.99,264.99,9.40648e+11,0
evt_694,15,0,-1,4,2,2.39705,0.77772,1,-142.933,-142.933,6740,6740,267.49,267.49,9.40648e+11,0
evt_694,36,1,-1,3,2,-8.79218,0.523805,1,-483.464,-483.464,23984,23984,347.49,347.49,9.40648e+11,0
evt_694,37,1,-1,3,2,-1.34179,0.62112,2,-859.756,-84.6004,43132,3194,367.49,209.99,9.40648e+11,0
evt_694,50,2,-1,2,1,0.061956,0.877819,1,-15.6814,-15.6814,103,103,57.49,57.49,9.40648e+11,0
evt_694,68,2,-1,3,3,0.208646,0.933459,1,-111.82,-111.82,4015,4015,214.99,214.99,9.40648e+11,0
evt_694,69,2,-1,3,3,-0.280942,0.680937,1,-42.3885,-42.3885,1734,1734,179.99,179.99,9.40648e+11,0
evt_694,74,3,-1,2,1,0.296817,1.18379,1,-107.438,-107.438,4301,4301,124.99,124.99,9.40648e+11,0
evt_694,75,3,-1,2,1,1.38675,0.727251,1,-77.2789,-77.2789,2724,2724,122.49,122.49,9.40648e+11,0
evt_694,90,3,-1,2,3,1.6673,1.00193,1,-170.846,-170.846,7378,7378,272.49,272.49,1.49602e+14,4.59736e+18
evt_694,91,3,-1,2,3,-2.30064,0.926103,1,-95.388,-95.388,3948,3948,227.49,227.49,0,4.55603e+18
evt_694,93,3,-1,3,3,1.98523,1.44061,1,-18.0711,-18.0711,820,820,144.99,144.99,0,4.55862e+18
evt_695,6,0,-1,4,1,-30.8564,8.31173,1,-18.6109,-18.6109,268,268,62.49,62.49,9.40665e+11,0
evt_695,8,0,-1,1,2,-28.0628,11.1102,2,-88.6405,-76.4013,3329,2835,192.49,189.99,9.40665e+11,0
evt_695,9,0,-1,1,2,-2.69465,3.03692,1,-40.4897,-40.4897,1027,1027,127.49,127.49,9.40665e+11,0
evt_695,47,1,-1,4,3,4.36393,0.696506,1,-64.7744,-64.7744,2591,2591,192.49,192.49,9.40665e+11,0
evt_695,66,2,-1,2,3,-61.5318,105.387,5,-1250.19,-29.467,99804,760,399.99,122.49,9.40665e+11,0
evt_695,67,2,-1,2,3,-140.499,203.981,3,-1250.46,-52.9426,116749,1100,424.99,129.99,9.40665e+11,0
evt_695,72,3,-1,1,1,-10.5839,0.980288,9,-21.812,-15.5931,2200,295,329.99,57.49,9.40665e+11,0
evt_695,87,3,-1,4,2,-2.89256,1.17596,1,-15.8973,-15.8973,560,560,102.49,102.49,9.40665e+11,0
evt_696,38,1,-1,4,2,6.93257,0.744738,1,-18.9142,-18.9142,350,350,82.49,82.49,9.40712e+11,0
evt_696,39,1,-1,4,2,8.02789,0.67099,1,-40.1071,-40.1071,1154,1154,139.99,139.99,9.40712e+11,0
evt_696,62,2,-1,4,2,-0.947837,0.756319,2,-104.876,-29.656,6583,1126,389.99,149.99,9.40712e+11,0
evt_696,63,2,-1,4,2,-2.37528,0.999546,2,-142.551,-43.3097,9351,1736,332.49,179.99,9.40712e+11,0
evt_696,67,2,-1,2,3,-3.00808,0.977508,1,-42.9283,-42.9283,2019,2019,199.99,199.99,9.40712e+11,0
evt_696,78,3,-1,4,1,-1.65294,0.921122,1,-15.3641,-15.3641,278,278,54.99,54.99,9.40712e+11,0
evt_696,86,3,-1,4,2,2.36457,1.02398,1,-41.7088,-41.7088,1330,1330,147.49,147.49,9.40712e+11,0
evt_696,92,3,-1,3,3,-8.16779,0.944823,1,-15.0638,-15.0638,283,283,54.99,54.99,0,1.38355e+19
evt_696,93,3,-1,3,3,1.30964,1.28077,1,-15.7846,-15.7846,411,411,79.99,79.99,0,1.38574e+19
evt_697,46,1,-1,4,3,-2.54535,0.995678,1,-141.296,-141.296,6008,6008,254.99,254.99,9.4072e+11,0
evt_697,47,1,-1,4,3,-0.0350275,1.01063,1,-229.409,-229.409,9965,9965,274.99,274.99,9.4072e+11,0
evt_697,70,2,-1,4,3,1.03695,1.02933,1,-73.8515,-73.8515,3068,3068,207.49,207.49,9.4072e+11,0
evt_697,71,2,-1,4,3,3.42007,1.16584,2,-111.059,-20.0916,4573,553,232.49,97.49,9.4072e+11,0
evt_697,94,3,-1,4,3,1.0273,0.897756,1,-133.049,-133.049,5942,5942,257.49,257.49,4.38087e+11,1.38056e+19
evt_697,95,3,-1,4,3,0.749874,0.774952,1,-78.2349,-78.2349,3470,3470,229.99,229.99,4.38087e+11,1.38553e+19
evt_698,4,0,-1,3,1,0.210712,0.798447,1,-51.773,-51.773,2344,2344,209.99,209.99,9.40875e+11,0
evt_698,5,0,-1,3,1,-1.48042,1.03385,2,-62.7533,-39.956,2392,1387,187.49,159.99,9.40875e+11,0
evt_698,28,1,-1,3,1,3.62399,1.08776,3,-1247.91,-230.125,169642,10049,804.99,294.99,9.40875e+11,0
evt_698,29,1,-1,3,1,2.99079,0.847008,2,-1249.69,-44.1109,132105,1054,627.49,139.99,9.40875e+11,0
evt_698,54,2,-1,4,1,0.194588,0.761868,1,-20.5059,-20.5059,262,262,77.49,77.49,9.40875e+11,0
evt_698,55,2,-1,4,1,-4.7836,0.70065,1,-15.7524,-15.7524,120,120,54.99,54.99,9.40875e+11,0
evt_698,56,2,-1,1,2,5.50332,0.800147,1,-36.7403,-36.7403,389,389,82.49,82.49,9.40875e+11,0
evt_698,57,2,-1,1,2,3.99998,1.05211,1,-67.4801,-67.4801,765,765,84.99,84.99,9.40875e+11,0
evt_698,76,3,-1,3,1,7.17795,2.39972,1,-69.1968,-69.1968,3402,3402,234.99,234.99,9.40875e+11,0
evt_698,78,3,-1,4,1,-10.2432,0.914918,7,-25.6196,-16.3935,3188,283,419.99,54.99,9.40875e+11,0
evt_699,6,0,-1,4,1,44.434,0.984359,1,-27.4568,-27.4568,474,474,102.49,102.49,9.40881e+11,0
evt_699,37,1,-1,3,2,4.59233,0.577837,1,-26.6495,-26.6495,805,805,122.49,122.49,9.40881e+11,0
evt_699,52,2,-1,3,1,0.928515,0.931401,1,-1250.16,-1250.16,85744,85744,424.99,424.99,9.40881e+11,0
evt_699,53,2,-1,3,1,-1.75448,0.532353,1,-1250.31,-1250.31,88827,88827,392.49,392.49,9.40881e+11,0
evt_699,76,3,-1,3,1,0.580527,1.09991,1,-16.9666,-16.9666,358,358,79.99,79.99,9.40881e+11,0
evt_699,94,3,-1,4,3,0.998518,0.760114,2,-1250.24,-203.7,98022,8503,387.49,219.99,4.38087e+11,4.62096e+18
evt_699,95,3,-1,4,3,1.20721,0.734518,1,-1250.27,-1250.27,101902,101902,449.99,449.99,4.38087e+11,4.60424e+18
evt_700,6,0,-1,4,1,0.980593,0.936693,1,-781.57,-781.57,36380,36380,342.49,342.49,9.409e+11,0
evt_700,7,0,-1,4,1,4.67524,1.03255,1,-325.808,-325.808,14815,14815,324.99,324.99,9.409e+11,0
evt_700,28,1,-1,3,1,2.15271,0.763395,2,-817.146,-46.0922,34318,1351,349.99,147.49,9.409e+11,0
evt_700,29,1,-1,3,1,-0.555691,0.950622,2,-272.212,-35.2661,12319,1161,284.99,149.99,9.409e+11,0
evt_700,41,1,-1,1,3,-0.662468,0.842375,1,-52.31,-52.31,2129,2129,189.99,189.99,9.409e+11,0
evt_700,50,2,-1,2,1,0.456973,0.756702,1,-33.1693,-33.1693,1616,1616,189.99,189.99,9.409e+11,0
evt_700,51,2,-1,2,1,0.055418,0.767781,1,-138.918,-138.918,6757,6757,267.49,267.49,9.409e+11,0
evt_700,80,3,-1,1,2,0.0657789,0.783691,1,-85.2233,-85.2233,4922,4922,277.49,277.49,9.409e+11,0
evt_700,81,3,-1,1,2,5.85584,0.756032,1,-78.6527,-78.6527,3497,3497,217.49,217.49,9.409e+11,0
evt_700,88,3,-1,1,3,-0.416049,0.773233,1,-98.4422,-98.4422,3502,3502,202.49,202.49,1.49602e+14,1.10382e+12
evt_701,8,0,-1,1,2,-1.96486,0.784111,1,-644.96,-644.96,37107,37107,362.49,362.49,9.40922e+11,0
evt_701,9,0,-1,1,2,-0.977536,0.980454,2,-418.193,-29.2433,19226,702,332.49,109.99,9.40922e+11,0
evt_701,46,1,-1,4,3,-4.45653,0.908746,1,-49.7531,-49.7531,1838,1838,177.49,177.49,9.40922e+11,0
evt_701,47,1,-1,4,3,4.46111,0.999733,1,-60.3531,-60.3531,2329,2329,187.49,187.49,9.40922e+11,0
evt_701,60,2,-1,3,2,-3.29397,1.03582,1,-58.0646,-58.0646,2187,2187,194.99,194.99,9.40922e+11,0
evt_701,61,2,-1,3,2,0.10836,0.839226,1,-49.6388,-49.6388,1972,1972,187.49,187.49,9.40922e+11,0
evt_701,67,2,-1,2,3,-2.36409,0.602051,1,-75.6835,-75.6835,3443,3443,227.49,227.49,9.40922e+11,0
evt_701,72,3,-1,1,1,-12.4136,0.798548,1,-15.2119,-15.2119,260,260,54.99,54.99,9.40922e+11,0
evt_701,90,3,-1,2,3,1.66546,0.965775,1,-66.4958,-66.4958,3928,3928,249.99,249.99,1.49602e+14,1.38194e+19
evt_701,91,3,-1,2,3,-0.0588369,0.902605,1,-21.9554,-21.9554,637,637,112.49,112.49,0,1.38302e+19
evt_702,52,2,-1,3,1,-2.33977,0.849414,1,-28.7177,-28.7177,489,489,87.49,87.49,9.4103e+11,0
evt_702,53,2,-1,3,1,1.74137,0.865094,1,-26.0452,-26.0452,314,314,84.99,84.99,9.4103e+11,0
evt_702,86,3,-1,4,2,7.61423,0.937448,1,-43.5024,-43.5024,1003,1003,74.99,74.99,9.4103e+11,0
evt_702,92,3,-1,3,3,123.805,1.07567,1,-101.481,-101.481,1783,1783,134.99,134.99,0,1.37796e+19
evt_702,93,3,-1,3,3,8.66835,0.734223,1,-30.8464,-30.8464,1240,1240,167.49,167.49,0,1.37406e+19
evt_703,3,0,-1,2,1,5.22146,0.891766,1,-34.6139,-34.6139,1270,1270,152.49,152.49,9.41058e+11,0
evt_703,12,0,-1,3,2,2.27035,1.17516,1,-52.7653,-52.7653,4537,4537,404.99,404.99,9.41058e+11,0
evt_703,13,0,-1,3,2,0.58096,0.855997,2,-329.246,-28.8209,14607,886,292.49,127.49,9.41058e+11,0
evt_703,26,1,-1,2,1,37.4657,1.24259,1,-78.6577,-78.6577,1997,1997,154.99,154.99,9.41058e+11,0
evt_703,52,2,-1,3,1,1.79946,0.617709,1,-15.5111,-15.5111,74,74,57.49,57.49,9.41058e+11,0
evt_703,53,2,-1,3,1,2.5159,0.630374,1,-23.855,-23.855,118,118,62.49,62.49,9.41058e+11,0
evt_703,74,3,-1,2,1,0.586212,0.938648,1,-615.256,-615.256,29125,29125,394.99,394.99,9.41058e+11,0
evt_703,75,3,-1,2,1,0.22715,0.839761,3,-573.593,-16.0506,31538,274,369.99,59.99,9.41058e+11,0
evt_703,78,3,-1,4,1,0.377184,1.43902,1,-17.6518,-17.6518,541,541,104.99,104.99,9.41058e+11,0
evt_703,92,3,-1,3,3,22.7721,1.3636,1,-1250.31,-1250.31,139769,139769,612.49,612.49,0,4.62583e+18
evt_703,93,3,-1,3,3,-3.72389,1.28311,1,-540.684,-540.684,26134,26134,327.49,327.49,0,4.56966e+18
evt_704,6,0,-1,4,1,-0.831497,1.02877,3,-1250.27,-93.1332,100795,857,397.49,37.49,9.41175e+11,0
evt_704,7,0,-1,4,1,1.52477,0.813537,1,-1250.46,-1250.46,85644,85644,479.99,479.99,9.41175e+11,0
evt_704,38,1,-1,4,2,0.54223,1.06991,2,-94.4754,-17.5067,4774,400,247.49,82.49,9.41175e+11,0
evt_704,39,1,-1,4,2,-1.60573,1.45585,1,-69.1198,-69.1198,3273,3273,227.49,227.49,9.41175e+11,0
evt_704,49,2,-1,1,1,-0.707603,0.709984,1,-62.6842,-62.6842,650,650,79.99,79.99,9.41175e+11,0
evt_704,64,2,-1,1,3,1.36008,0.974442,1,-93.2147,-93.2147,3701,3701,217.49,217.49,9.41175e+11,0
evt_704,65,2,-1,1,3,0.279742,0.898748,2,-88.4497,-19.9781,3131,535,199.99,97.49,9.41175e+11,0
evt_704,93,3,-1,3,3,6.37307,0.755346,2,-19.9775,-18.5299,1947,1167,304.99,187.49,0,1.38395e+19
evt_705,14,0,-1,4,2,2.26661,0.81054,1,-73.9241,-73.9241,3256,3256,219.99,219.99,9.41218e+11,0
evt_705,15,0,-1,4,2,1.71945,0.827345,1,-152.465,-152.465,6865,6865,257.49,257.49,9.41218e+11,0
evt_705,35,1,-1,2,2,7.63157,0.738189,1,-81.5875,-81.5875,4146,4146,247.49,247.49,9.41218e+11,0
evt_705,48,2,-1,1,1,0.834736,0.884982,1,-29.2081,-29.2081,1127,1127,152.49,152.49,9.41218e+11,0
evt_705,49,2,-1,1,1,0.0490988,0.876231,1,-27.6399,-27.6399,1123,1123,152.49,152.49,9.41218e+11,0
evt_705,57,2,-1,1,2,1.71034,0.495413,1,-60.1407,-60.1407,342,342,67.49,67.49,9.41218e+11,0
evt_705,74,3,-1,2,1,-0.568478,0.818249,3,-1250.34,-39.4973,87886,1006,449.99,122.49,9.41218e+11,0
evt_705,75,3,-1,2,1,-0.713841,0.801062,2,-1250.04,-54.5188,101941,3619,437.49,402.49,9.41218e+11,0
evt_705,80,3,-1,1,2,-2.03502,2.21549,1,-1250.27,-1250.27,112635,112635,429.99,429.99,9.41218e+11,0
evt_705,81,3,-1,1,2,-4.71815,1.18981,2,-1250.26,-28.4913,114586,381,457.49,39.99,9.41218e+11,0
evt_705,93,3,-1,3,3,-8.3245,0.706357,4,-23.0275,-16.3929,1601,499,264.99,87.49,0,1.38317e+19
evt_706,13,0,-1,3,2,-0.612236,0.815711,1,-95.5796,-95.5796,4504,4504,252.49,252.49,9.41308e+11,0
evt_706,18,0,-1,2,3,12.6323,1.03152,1,-34.3119,-34.3119,830,830,119.99,119.99,9.41308e+11,0
evt_706,19,0,-1,2,3,14.3773,1.94048,1,-16.7012,-16.7012,350,350,79.99,79.99,9.41308e+11,0
evt_706,38,1,-1,4,2,1.38459,1.00084,1,-72.2835,-72.2835,2629,2629,192.49,192.49,9.41308e+11,0
evt_706,39,1,-1,4,2,-0.745803,1.23664,1,-56.3879,-56.3879,1948,1948,172.49,172.49,9.41308e+11,0
evt_706,50,2,-1,2,1,0.593626,0.803301,1,-158.018,-158.018,7534,7534,277.49,277.49,9.41308e+11,0
evt_706,51,2,-1,2,1,-0.302128,0.714517,1,-133.745,-133.745,6154,6154,269.99,269.99,9.41308e+11,0
evt_706,56,2,-1,1,2,-14.7667,0.823604,5,-21.486,-16.6957,5422,78,792.49,12.49,9.41308e+11,0
evt_706,82,3,-1,2,2,5.9086,1.56159,2,-688.46,-46.0168,29719,1468,327.49,154.99,9.41308e+11,0
evt_706,83,3,-1,2,2,2.54572,0.936001,1,-245.409,-245.409,12464,12464,307.49,307.49,9.41308e+11,0
evt_706,94,3,-1,4,3,1.46994,0.898094,1,-1250.05,-1250.05,97417,97417,492.49,492.49,4.38087e+11,4.6477e+18
evt_706,95,3,-1,4,3,0.0544771,0.950096,1,-1250.16,-1250.16,91527,91527,472.49,472.49,4.38087e+11,4.64879e+18
evt_707,50,2,-1,2,1,0.502529,0.812062,1,-20.9329,-20.9329,628,628,112.49,112.49,9.4143e+11,0
evt_707,80,3,-1,1,2,-5.65822,1.31118,6,-22.9946,-15.486,3029,345,447.49,67.49,9.4143e+11,0
evt_708,20,0,-1,3,3,0.0126827,0.761003,1,-31.5678,-31.5678,1126,1126,147.49,147.49,9.41547e+11,0
evt_708,28,1,-1,3,1,-1.47596,1.12796,1,-809.775,-809.775,47896,47896,507.49,507.49,9.41547e+11,0
evt_708,29,1,-1,3,1,2.475,1.06747,1,-724.947,-724.947,36093,36093,339.99,339.99,9.41547e+11,0
evt_708,54,2,-1,4,1,-1.12259,0.531206,1,-305.2,-305.2,16651,16651,327.49,327.49,9.41547e+11,0
evt_708,55,2,-1,4,1,-1.40737,0.744511,1,-507.228,-507.228,23142,23142,322.49,322.49,9.41547e+11,0
evt_708,62,2,-1,4,2,2.27843,0.860549,1,-50.0022,-50.0022,539,539,84.99,84.99,9.41547e+11,0
evt_708,63,2,-1,4,2,-2.67888,0.661018,1,-38.1814,-38.1814,336,336,72.49,72.49,9.41547e+11,0
evt_708,74,3,-1,2,1,1.16864,1.094,1,-100.613,-100.613,3295,3295,179.99,179.99,9.41547e+11,0
evt_708,75,3,-1,2,1,-0.590089,0.908893,1,-100.191,-100.191,4502,4502,242.49,242.49,9.41547e+11,0
evt_708,93,3,-1,3,3,-8.49206,1.02596,2,-19.1388,-17.6905,900,657,142.49,112.49,0,4.55593e+18
evt_709,7,0,-1,4,1,1.93064,1.16432,1,-22.3049,-22.3049,730,730,117.49,117.49,9.4156e+11,0
evt_709,47,1,-1,4,3,-3.14238,0.812517,1,-52.9562,-52.9562,2010,2010,182.49,182.49,9.4156e+11,0
evt_709,49,2,-1,1,1,-0.282121,0.527612,1,-19.5666,-19.5666,86,86,54.99,54.99,9.4156e+11,0
evt_709,54,2,-1,4,1,-19.3622,0.924642,1,-28.2838,-28.2838,20990,20990,2507.49,2507.49,9.4156e+11,0
evt_709,55,2,-1,4,1,-42.7866,0.679533,1,-45.3327,-45.3327,39553,39553,2507.49,2507.49,9.4156e+11,0
evt_709,56,2,-1,1,2,10.444,1.22165,2,-64.1747,-27.7628,2651,981,202.49,144.99,9.4156e+11,0
evt_709,62,2,-1,4,2,0.160083,0.914604,1,-53.1755,-53.1755,459,459,77.49,77.49,9.4156e+11,0
evt_709,63,2,-1,4,2,1.0105,0.650005,1,-40.6021,-40.6021,264,264,72.49,72.49,9.4156e+11,0
evt_709,80,3,-1,1,2,-23.3866,1.01929,2,-31.5039,-29.2797,13949,7118,1587.49,789.99,9.4156e+11,0
evt_709,81,3,-1,1,2,-19.8626,1.54652,1,-35.0255,-35.0255,26739,26739,2507.49,2507.49,9.4156e+11,0
evt_710,6,0,-1,4,1,0.718572,1.31014,1,-121.474,-121.474,5163,5163,242.49,242.49,9.4161e+11,0
evt_710,7,0,-1,4,1,3.19611,1.05291,2,-130.846,-18.2239,6299,414,267.49,87.49,9.4161e+11,0
evt_710,38,1,-1,4,2,-0.737618,0.848792,1,-156.65,-156.65,7882,7882,282.49,282.49,9.4161e+11,0
evt_710,39,1,-1,4,2,1.05991,1.08364,1,-147.168,-147.168,7660,7660,277.49,277.49,9.4161e+11,0
evt_710,46,1,-1,4,3,5.08559,1.22701,1,-59.0489,-59.0489,2089,2089,177.49,177.49,9.4161e+11,0
evt_710,52,2,-1,3,1,4.2189,0.694411,1,-145.179,-145.179,6125,6125,252.49,252.49,9.4161e+11,0
evt_710,53,2,-1,3,1,-0.663375,0.854567,2,-83.4557,-46.315,4393,1976,244.99,192.49,9.4161e+11,0
evt_710,58,2,-1,2,2,0.0578944,0.612501,1,-657.343,-657.343,34214,34214,364.99,364.99,9.4161e+11,0
evt_710,59,2,-1,2,2,-1.59189,0.69294,1,-578.584,-578.584,30320,30320,354.99,354.99,9.4161e+11,0
evt_710,65,2,-1,1,3,-2.35241,0.576211,1,-50.0979,-50.0979,1831,1831,174.99,174.99,9.4161e+11,0
evt_710,86,3,-1,4,2,0.457191,1.23548,3,-455.913,-39.3821,17683,1189,294.99,139.99,9.4161e+11,0
evt_710,87,3,-1,4,2,3.45843,1.17977,1,-246.782,-246.782,11723,11723,282.49,282.49,9.4161e+11,0
evt_711,20,0,-1,3,3,1.8098,0.92245,3,-1232.96,-19.0249,62503,384,354.99,84.99,9.41641e+11,0
evt_711,21,0,-1,3,3,2.59585,0.880214,2,-1250.08,-299.472,74211,12290,384.99,257.49,9.41641e+11,0
evt_711,44,1,-1,3,3,1.68122,0.787831,2,-781.645,-24.0171,35947,525,332.49,97.49,9.41641e+11,0
evt_711,45,1,-1,3,3,1.59372,0.680024,1,-548.008,-548.008,25553,25553,332.49,332.49,9.41641e+11,0
evt_711,56,2,-1,1,2,6.32931,0.779408,2,-840.695,-30.0814,50943,853,464.99,127.49,9.41641e+11,0
evt_711,57,2,-1,1,2,1.90703,0.670384,1,-940.068,-940.068,40875,40875,329.99,329.99,9.41641e+11,0
evt_711,62,2,-1,4,2,1.98531,0.754032,1,-15.1358,-15.1358,9,9,54.99,54.99,9.41641e+11,0
evt_711,63,2,-1,4,2,-4.42782,0.769445,1,-20.3201,-20.3201,296,296,79.99,79.99,9.41641e+11,0
evt_711,76,3,-1,3,1,-1.9821,0.757096,1,-16.35,-16.35,596,596,107.49,107.49,9.41641e+11,0
evt_711,80,3,-1,1,2,-1.36341,1.17509,1,-16.2826,-16.2826,299,299,72.49,72.49,9.41641e+11,0
evt_711,83,3,-1,2,2,0.77844,0.902418,1,-206.139,-206.139,11451,11451,302.49,302.49,9.41641e+11,0
evt_712,2,0,-1,2,1,1.31451,0.900875,1,-1100.17,-1100.17,75451,75451,392.49,392.49,9.41656e+11,0
evt_712,3,0,-1,2,1,-2.03193,1.29119,2,-553.039,-26.3044,45771,849,479.99,129.99,9.41656e+11,0
evt_712,34,1,-1,2,2,3.8631,0.609577,1,-116.164,-116.164,4727,4727,229.99,229.99,9.41656e+11,0
evt_712,35,1,-1,2,2,2.70137,0.851632,1,-283.457,-283.457,12830,12830,297.49,297.49,9.41656e+11,0
evt_712,62,2,-1,4,2,0.581617,0.919889,1,-58.0443,-58.0443,453,453,72.49,72.49,9.41656e+11,0
evt_712,64,2,-1,1,3,2.63085,0.692399,1,-663.758,-663.758,31115,31115,332.49,332.49,9.41656e+11,0
evt_712,65,2,-1,1,3,-1.10137,0.773227,1,-754.703,-754.703,37031,37031,399.99,399.99,9.41656e+11,0
evt_712,90,3,-1,2,3,2.6066,1.07335,2,-1205.02,-19.825,56779,379,382.49,89.99,1.49602e+14,4.49763e+18
evt_712,91,3,-1,2,3,1.77241,0.998277,3,-742.062,-29.356,35440,788,344.99,122.49,0,4.57809e+18
evt_712,93,3,-1,3,3,-12.0483,0.574887,2,-16.5842,-16.2796,694,352,132.49,69.99,0,4.21613e+18
evt_713,3,0,-1,2,1,-11.0619,1.17907,6,-17.904,-15.6339,2788,356,502.49,67.49,9.41686e+11,0
evt_713,37,1,-1,3,2,2.60037,1.11244,1,-142.129,-142.129,7018,7018,272.49,272.49,9.41686e+11,0
evt_713,60,2,-1,3,2,-1.22465,1.39345,1,-480.716,-480.716,20721,20721,309.99,309.99,9.41686e+11,0
evt_713,61,2,-1,3,2,-2.67195,1.0267,1,-518.034,-518.034,26365,26365,342.49,342.49,9.41686e+11,0
evt_713,84,3,-1,3,2,-1.1065,0.873036,3,-1249.09,-65.9228,191777,891,824.99,119.99,9.41686e+11,0
evt_713,85,3,-1,3,2,-0.584252,0.816593,2,-1080.04,-742.401,95254,30657,387.49,312.49,9.41686e+11,0
evt_713,92,3,-1,3,3,-0.340835,1.49215,1,-614.499,-614.499,42443,42443,404.99,404.99,0,1.37455e+19
evt_713,93,3,-1,3,3,15.7598,1.70757,1,-54.5194,-54.5194,2134,2134,184.99,184.99,0,1.36617e+19
evt_714,0,0,-1,1,1,-100.165,9.06967,2,-80.6251,-22.1126,1748,651,144.99,109.99,9.4183e+11,0
evt_714,1,0,-1,1,1,-131.048,40.4148,1,-73.4837,-73.4837,1224,1224,119.99,119.99,9.4183e+11,0
evt_714,2,0,-1,2,1,-103.625,22.2775,1,-67.0823,-67.0823,1216,1216,122.49,122.49,9.4183e+11,0
evt_714,3,0,-1,2,1,-52.1422,9.01027,1,-36.6804,-36.6804,823,823,122.49,122.49,9.4183e+11,0
evt_714,14,0,-1,4,2,-7.9267,0.856126,1,-464.604,-464.604,16342,16342,127.49,127.49,9.4183e+11,0
evt_714,15,0,-1,4,2,1.83494,0.581958,1,-726.776,-726.776,27417,27417,142.49,142.49,9.4183e+11,0
evt_714,78,3,-1,4,1,-11.7968,0.813082,2,-16.1993,-15.7429,467,322,82.49,64.99,9.4183e+11,0
evt_715,8,0,-1,1,2,0.780957,0.64856,1,-383.044,-383.044,24362,24362,379.99,379.99,9.41938e+11,0
evt_715,9,0,-1,1,2,-0.377974,0.640563,1,-157.266,-157.266,6499,6499,247.49,247.49,9.41938e+11,0
evt_715,44,1,-1,3,3,2.58068,0.871866,2,-89.517,-40.9491,3300,1420,204.99,157.49,9.41938e+11,0
evt_715,45,1,-1,3,3,0.431648,0.954139,1,-38.2775,-38.2775,1375,1375,157.49,157.49,9.41938e+11,0
evt_715,57,2,-1,1,2,1.7463,1.48702,1,-70.646,-70.646,2418,2418,184.99,184.99,9.41938e+11,0
evt_715,80,3,-1,1,2,-4.08828,1.58479,1,-111.375,-111.375,5645,5645,277.49,277.49,9.41938e+11,0
evt_715,81,3,-1,1,2,-0.314135,0.838167,1,-96.3764,-96.3764,6138,6138,297.49,297.49,9.41938e+11,0
evt_716,2,0,-1,2,1,15.5277,0.651846,1,-61.6151,-61.6151,1849,1849,159.99,159.99,9.4196e+11,0
evt_716,44,1,-1,3,3,33.0359,0.933788,2,-125.765,-18.5696,3231,195,162.49,69.99,9.4196e+11,0
evt_716,49,2,-1,1,1,-1.52828,0.575167,1,-60.4769,-60.4769,380,380,67.49,67.49,9.4196e+11,0
evt_716,56,2,-1,1,2,-2.89007,0.602332,1,-170.493,-170.493,10212,10212,424.99,424.99,9.4196e+11,0
evt_716,57,2,-1,1,2,0.283759,0.812494,2,-65.6881,-64.1331,2240,570,174.99,77.49,9.4196e+11,0
evt_716,68,2,-1,3,3,-2.72341,0.797203,3,-466.992,-19.6662,29534,497,372.49,89.99,9.4196e+11,0
evt_716,69,2,-1,3,3,2.65877,1.1618,2,-268.555,-28.1771,12613,1368,324.99,187.49,9.4196e+11,0
evt_716,80,3,-1,1,2,-10.4054,1.20854,5,-18.2615,-15.4374,1094,325,192.49,67.49,9.4196e+11,0
evt_716,84,3,-1,3,2,1.22917,0.704964,2,-1250.1,-243.709,120672,10047,479.99,254.99,9.4196e+11,0
evt_716,85,3,-1,3,2,2.76517,1.20109,2,-1081.12,-21.1586,100917,363,664.99,122.49,9.4196e+11,0
evt_717,4,0,-1,3,1,0.767744,0.473121,2,-278.772,-27.3405,15721,889,324.99,132.49,9.42001e+11,0
evt_717,5,0,-1,3,1,0.831591,0.672745,1,-475.994,-475.994,21956,21956,317.49,317.49,9.42001e+11,0
evt_717,16,0,-1,1,3,0.363327,0.854007,1,-104.845,-104.845,4516,4516,239.99,239.99,9.42001e+11,0
evt_717,17,0,-1,1,3,-1.24541,0.58642,1,-179.642,-179.642,7632,7632,262.49,262.49,9.42001e+11,0
evt_717,52,2,-1,3,1,2.68532,0.802822,2,-51.2496,-39.8413,1341,427,159.99,74.99,9.42001e+11,0
evt_717,53,2,-1,3,1,0.279792,0.671357,2,-69.6946,-61.7463,3817,432,254.99,72.49,9.42001e+11,0
evt_717,54,2,-1,4,1,5.01252,0.91688,1,-50.0088,-50.0088,233,233,62.49,62.49,9.42001e+11,0
evt_717,56,2,-1,1,2,0.91364,0.792192,1,-31.5923,-31.5923,196,196,67.49,67.49,9.42001e+11,0
evt_717,57,2,-1,1,2,-2.22552,0.63179,1,-58.8826,-58.8826,324,324,64.99,64.99,9.42001e+11,0
evt_717,76,3,-1,3,1,-15.9257,1.04299,4,-21.6523,-16.0843,1248,356,217.49,67.49,9.42001e+11,0
evt_717,78,3,-1,4,1,-4.90228,0.944493,1,-16.3177,-16.3177,271,271,54.99,54.99,9.42001e+11,0
evt_717,93,3,-1,3,3,-5.68779,0.871964,2,-19.7474,-16.203,1353,118,219.99,19.99,0,1.3865e+19
evt_718,24,1,-1,1,1,2.06446,0.860411,1,-22.5701,-22.5701,617,617,107.49,107.49,9.42004e+11,0
evt_718,49,2,-1,1,1,0.654207,0.880015,1,-37.1369,-37.1369,1434,1434,162.49,162.49,9.42004e+11,0
evt_718,72,3,-1,1,1,-10.2374,0.806057,3,-26.2685,-15.8596,10330,334,1309.99,67.49,9.42004e+11,0
evt_718,80,3,-1,1,2,-2.18849,0.821953,1,-15.9378,-15.9378,329,329,77.49,77.49,9.42004e+11,0
evt_719,16,0,-1,1,3,1.25308,1.00674,1,-432.192,-432.192,18896,18896,389.99,389.99,9.42092e+11,0
evt_719,17,0,-1,1,3,-1.53105,0.620563,1,-590.669,-590.669,25256,25256,319.99,319.99,9.42092e+11,0
evt_719,30,1,-1,4,1,0.121172,1.22984,1,-210.3,-210.3,9941,9941,287.49,287.49,9.42092e+11,0
evt_719,31,1,-1,4,1,0.205349,0.776741,1,-41.7484,-41.7484,1283,1283,147.49,147.49,9.42092e+11,0
evt_719,54,2,-1,4,1,0.682176,0.7224,1,-29.9282,-29.9282,328,328,84.99,84.99,9.42092e+11,0
evt_719,55,2,-1,4,1,0.11601,0.905279,1,-28.0939,-28.0939,334,334,84.99,84.99,9.42092e+11,0
evt_719,66,2,-1,2,3,3.52881,0.481034,2,-582.437,-34.3158,26799,1074,332.49,137.49,9.42092e+11,0
evt_719,67,2,-1,2,3,0.515749,0.871497,1,-632.992,-632.992,33960,33960,412.49,412.49,9.42092e+11,0
evt_719,68,2,-1,3,3,-0.0632931,0.744452,1,-204.86,-204.86,7966,7966,249.99,249.99,9.42092e+11,0
evt_719,69,2,-1,3,3,1.16787,0.8985,1,-190.188,-190.188,8611,8611,312.49,312.49,9.42092e+11,0
evt_719,84,3,-1,3,2,0.0228722,0.905548,1,-248.496,-248.496,15328,15328,337.49,337.49,9.42092e+11,0
evt_719,85,3,-1,3,2,0.552893,0.634482,2,-296.116,-59.0399,13659,1884,294.99,162.49,9.42092e+11,0
evt_720,28,1,-1,3,1,1.74609,0.902989,2,-1067.57,-83.764,53158,2749,412.49,179.99,9.42132e+11,0
evt_720,29,1,-1,3,1,0.660054,1.22019,1,-1004.63,-1004.63,46244,46244,334.99,334.99,9.42132e+11,0
evt_720,52,2,-1,3,1,2.53123,0.961135,4,-934.525,-31.078,45333,947,359.99,127.49,9.42132e+11,0
evt_720,53,2,-1,3,1,-1.49804,0.938807,2,-381.057,-92.8705,16997,3853,314.99,217.49,9.42132e+11,0
evt_720,76,3,-1,3,1,2.04819,0.764513,1,-90.6207,-90.6207,5432,5432,269.99,269.99,9.42132e+11,0
evt_720,89,3,-1,1,3,9.95556,0.718984,1,-19.4069,-19.4069,475,475,94.99,94.99,1.49602e+14,1.3807e+19
evt_721,1,0,-1,1,1,1.71251,0.92086,1,-63.7062,-63.7062,2103,2103,172.49,172.49,9.42149e+11,0
evt_721,12,0,-1,3,2,0.421207,0.944047,1,-393.297,-393.297,17857,17857,319.99,319.99,9.42149e+11,0
evt_721,13,0,-1,3,2,-0.221859,0.771124,1,-792.823,-792.823,42997,42997,407.49,407.49,9.42149e+11,0
evt_721,36,1,-1,3,2,0.330575,0.748567,2,-147.886,-36.219,7921,791,387.49,69.99,9.42149e+11,0
evt_721,37,1,-1,3,2,0.406951,0.94478,1,-70.2262,-70.2262,2645,2645,192.49,192.49,9.42149e+11,0
evt_721,56,2,-1,1,2,-1.63406,0.755289,4,-1250.61,-17.155,101678,303,489.99,79.99,9.42149e+11,0
evt_721,57,2,-1,1,2,4.14664,0.784687,3,-1250.57,-32.406,62329,630,352.49,109.99,9.42149e+11,0
evt_721,60,2,-1,3,2,2.78881,0.915997,1,-39.2912,-39.2912,183,183,62.49,62.49,9.42149e+11,0
evt_721,61,2,-1,3,2,1.93945,0.849992,1,-67.1341,-67.1341,324,324,62.49,62.49,9.42149e+11,0
evt_721,72,3,-1,1,1,-5.30387,1.41777,4,-26.4987,-16.2889,1652,417,232.49,79.99,9.42149e+11,0
evt_721,76,3,-1,3,1,0.605729,0.847879,1,-33.6646,-33.6646,1445,1445,174.99,174.99,9.42149e+11,0
evt_722,78,3,-1,4,1,-8.5243,1.22141,1,-16.8069,-16.8069,425,425,84.99,84.99,9.4223e+11,0
evt_722,92,3,-1,3,3,-11.1587,0.759605,5,-23.2563,-15.6699,3232,407,512.49,72.49,0,4.61206e+18
evt_722,93,3,-1,3,3,-7.45188,1.10362,3,-17.4181,-16.1606,708,549,124.99,102.49,0,4.62305e+18
evt_723,4,0,-1,3,1,-17.1549,12.4433,2,-50.9729,-22.9467,1413,395,134.99,89.99,9.42233e+11,0
evt_723,5,0,-1,3,1,2.17432,14.4373,1,-28.7824,-28.7824,358,358,102.49,102.49,9.42233e+11,0
evt_723,12,0,-1,3,2,4.22529,1.40471,3,-61.1914,-21.9536,1823,524,157.49,99.99,9.42233e+11,0
evt_723,13,0,-1,3,2,-9.07483,6.87546,2,-78.6491,-70.4168,3432,2259,259.99,167.49,9.42233e+11,0
evt_723,34,1,-1,2,2,-40.2148,14.5893,1,-28.742,-28.742,733,733,114.99,114.99,9.42233e+11,0
evt_723,35,1,-1,2,2,-71.5101,22.5566,4,-68.2045,-17.195,2158,356,164.99,79.99,9.42233e+11,0
evt_723,93,3,-1,3,3,-9.65449,1.04128,2,-16.4264,-15.4808,443,372,84.99,64.99,0,4.58906e+18
evt_724,12,0,-1,3,2,2.91103,1.26043,1,-26.9925,-26.9925,952,952,137.49,137.49,9.4232e+11,0
evt_724,13,0,-1,3,2,-0.312729,0.9097,1,-59.8557,-59.8557,2383,2383,189.99,189.99,9.4232e+11,0
evt_724,26,1,-1,2,1,-0.663328,0.866513,2,-254.788,-145.713,13621,6508,314.99,252.49,9.4232e+11,0
evt_724,27,1,-1,2,1,1.05081,0.998692,1,-90.356,-90.356,3832,3832,219.99,219.99,9.4232e+11,0
evt_724,48,2,-1,1,1,0.313387,0.699155,1,-171.447,-171.447,7154,7154,259.99,259.99,9.4232e+11,0
evt_724,49,2,-1,1,1,-0.274824,0.803318,1,-108.116,-108.116,4712,4712,237.49,237.49,9.4232e+11,0
evt_724,54,2,-1,4,1,-1.55464,1.08779,1,-37.7874,-37.7874,327,327,72.49,72.49,9.4232e+11,0
evt_724,55,2,-1,4,1,-0.515717,1.07684,1,-21.3245,-21.3245,184,184,64.99,64.99,9.4232e+11,0
evt_724,56,2,-1,1,2,-0.362361,1.11489,1,-17.6141,-17.6141,103,103,64.99,64.99,9.4232e+11,0
evt_724,57,2,-1,1,2,2.91389,0.673266,1,-66.3187,-66.3187,698,698,82.49,82.49,9.4232e+11,0
evt_724,58,2,-1,2,2,0.201166,1.05875,1,-15.517,-15.517,314,314,59.99,59.99,9.4232e+11,0
evt_724,59,2,-1,2,2,-2.78106,6.90049,1,-52.7154,-52.7154,513,513,77.49,77.49,9.4232e+11,0
evt_724,67,2,-1,2,3,-2.81674,0.84197,1,-46.3884,-46.3884,2207,2207,209.99,209.99,9.4232e+11,0
evt_724,80,3,-1,1,2,-2.87147,1.46131,1,-15.6898,-15.6898,377,377,72.49,72.49,9.4232e+11,0
evt_724,93,3,-1,3,3,-4.32993,0.823528,3,-20.5875,-16.6579,2281,633,377.49,112.49,0,1.38138e+19
evt_725,2,0,-1,2,1,-1.17867,0.905521,1,-476.445,-476.445,23269,23269,327.49,327.49,9.42359e+11,0
evt_725,3,0,-1,2,1,0.426092,0.873282,1,-620.146,-620.146,42346,42346,519.99,519.99,9.42359e+11,0
evt_725,9,0,-1,1,2,-0.084887,0.697685,1,-22.7984,-22.7984,516,516,94.99,94.99,9.42359e+11,0
evt_725,22,0,-1,4,3,4.59478,1.28918,1,-88.4498,-88.4498,3864,3864,224.99,224.99,9.42359e+11,0
evt_725,23,0,-1,4,3,0.383167,0.981037,1,-48.3807,-48.3807,1668,1668,167.49,167.49,9.42359e+11,0
evt_725,46,1,-1,4,3,2.34418,1.23754,1,-155.058,-155.058,6566,6566,247.49,247.49,9.42359e+11,0
evt_725,47,1,-1,4,3,0.5918,0.787,1,-76.9394,-76.9394,2802,2802,197.49,197.49,9.42359e+11,0
evt_725,70,2,-1,4,3,-0.0300045,1.17028,1,-26.4685,-26.4685,646,646,104.99,104.99,9.42359e+11,0
evt_725,72,3,-1,1,1,6.80257,0.7138,1,-18.0335,-18.0335,567,567,99.99,99.99,9.42359e+11,0
evt_725,80,3,-1,1,2,0.538922,1.22183,1,-18.4853,-18.4853,834,834,137.49,137.49,9.42359e+11,0
evt_725,82,3,-1,2,2,-0.623604,1.87416,2,-1250,-23.6201,113911,421,449.99,89.99,9.42359e+11,0
evt_725,83,3,-1,2,2,0.0346104,0.853888,2,-1250.16,-50.5924,86950,1323,404.99,139.99,9.42359e+11,0
evt_725,90,3,-1,2,3,-1.70115,1.20807,1,-334.927,-334.927,17038,17038,309.99,309.99,1.49602e+14,4.61275e+18
evt_725,91,3,-1,2,3,1.78324,1.4247,2,-534.184,-27.0347,27116,789,354.99,124.99,0,4.51715e+18
evt_725,93,3,-1,3,3,-4.97352,1.25436,1,-17.6502,-17.6502,1279,1279,224.99,224.99,0,1.37985e+19
evt_726,4,0,-1,3,1,-0.37632,0.701975,2,-64.2732,-17.1566,2771,456,207.49,87.49,9.42398e+11,0
evt_726,5,0,-1,3,1,-0.722333,0.907783,1,-48.3807,-48.3807,1881,1881,177.49,177.49,9.42398e+11,0
evt_726,26,1,-1,2,1,-1.57641,1.14434,1,-286.394,-286.394,13849,13849,309.99,309.99,9.42398e+11,0
evt_726,27,1,-1,2,1,0.374682,1.00406,2,-83.4959,-44.3806,3629,1747,227.49,174.99,9.42398e+11,0
evt_726,54,2,-1,4,1,1.69415,0.815204,1,-38.3537,-38.3537,525,525,89.99,89.99,9.42398e+11,0
evt_726,55,2,-1,4,1,1.93776,0.927714,1,-22.9587,-22.9587,248,248,82.49,82.49,9.42398e+11,0
evt_726,56,2,-1,1,2,2.80512,0.666062,2,-32.2545,-27.7553,1169,994,152.49,142.49,9.42398e+11,0
evt_726,57,2,-1,1,2,2.15344,0.791906,1,-71.3259,-71.3259,2312,2312,172.49,172.49,9.42398e+11,0
evt_726,90,3,-1,2,3,-0.103729,1.42236,1,-38.0904,-38.0904,1589,1589,192.49,192.49,1.49602e+14,4.59593e+18
evt_727,14,0,-1,4,2,-0.27248,1.1527,1,-1250.08,-1250.08,97121,97121,404.99,404.99,9.42439e+11,0
evt_727,15,0,-1,4,2,-0.568014,0.838844,1,-766.167,-766.167,79046,79046,612.49,612.49,9.42439e+11,0
evt_727,42,1,-1,2,3,-1.66809,0.750995,5,-1250.42,-17.3851,110864,165,402.49,82.49,9.42439e+11,0
evt_727,43,1,-1,2,3,3.61898,0.789763,2,-1250,-29.1997,80613,944,474.99,137.49,9.42439e+11,0
evt_727,49,2,-1,1,1,0.119958,0.711129,1,-75.7995,-75.7995,766,766,79.99,79.99,9.42439e+11,0
evt_727,53,2,-1,3,1,4.38947,1.1666,1,-78.1271,-78.1271,3050,3050,202.49,202.49,9.42439e+11,0
evt_727,55,2,-1,4,1,21.3451,0.605736,2,-72.0568,-63.2882,2190,1575,164.99,82.49,9.42439e+11,0
evt_727,64,2,-1,1,3,1.10718,0.911144,1,-47.9526,-47.9526,1854,1854,177.49,177.49,9.42439e+11,0
evt_727,88,3,-1,1,3,-0.420528,1.04778,1,-65.1527,-65.1527,2510,2510,189.99,189.99,1.49602e+14,1.10382e+12
evt_727,89,3,-1,1,3,1.32663,0.840145,1,-83.4557,-83.4557,3933,3933,247.49,247.49,1.49602e+14,4.46205e+18
evt_728,6,0,-1,4,1,0.0361962,0.907227,2,-1249.52,-45.1007,65680,1456,372.49,152.49,9.42517e+11,0
evt_728,7,0,-1,4,1,-0.756999,0.880414,1,-502.849,-502.849,27500,27500,374.99,374.99,9.42517e+11,0
evt_728,30,1,-1,4,1,0.0846811,1.17824,3,-1249.97,-41.976,76815,765,364.99,57.49,9.42517e+11,0
evt_728,31,1,-1,4,1,0.36455,0.96011,3,-950.5,-16.508,47837,209,362.49,64.99,9.42517e+11,0
evt_728,50,2,-1,2,1,-0.48016,1.34929,1,-36.042,-36.042,372,372,79.99,79.99,9.42517e+11,0
evt_728,51,2,-1,2,1,-0.258465,0.741638,1,-25.0679,-25.0679,221,221,67.49,67.49,9.42517e+11,0
evt_728,57,2,-1,1,2,-2.14931,0.918034,1,-41.19,-41.19,384,384,74.99,74.99,9.42517e+11,0
evt_728,78,3,-1,4,1,4.06295,0.873338,1,-849.804,-849.804,51984,51984,434.99,434.99,9.42517e+11,0
evt_728,79,3,-1,4,1,1.37153,0.945671,2,-883.013,-64.7867,51849,477,539.99,47.49,9.42517e+11,0
evt_729,8,0,-1,1,2,-0.472589,0.919762,1,-104.242,-104.242,4613,4613,287.49,287.49,9.42586e+11,0
evt_729,9,0,-1,1,2,-0.501104,0.655285,1,-135.762,-135.762,5329,5329,232.49,232.49,9.42586e+11,0
evt_729,37,1,-1,3,2,0.499375,0.98911,1,-59.9293,-59.9293,2195,2195,179.99,179.99,9.42586e+11,0
evt_729,49,2,-1,1,1,-0.245415,0.662491,1,-56.5793,-56.5793,553,553,79.99,79.99,9.42586e+11,0
evt_729,50,2,-1,2,1,0.203414,0.917234,1,-1165.58,-1165.58,59419,59419,384.99,384.99,9.42586e+11,0
evt_729,51,2,-1,2,1,-1.26728,0.846418,3,-601.353,-15.5924,35171,313,462.49,67.49,9.42586e+11,0
evt_729,80,3,-1,1,2,6.25877,1.95173,3,-481.175,-19.8773,26277,477,364.99,89.99,9.42586e+11,0
evt_729,81,3,-1,1,2,0.116683,1.89441,2,-769.039,-88.5605,38269,3740,347.49,214.99,9.42586e+11,0
evt_729,86,3,-1,4,2,8.88806,5.31773,3,-32.0307,-27.4476,666,468,112.49,97.49,9.42586e+11,0
evt_729,87,3,-1,4,2,51.0985,0.80299,2,-49.8355,-27.1475,1145,424,134.99,99.99,9.42586e+11,0
evt_729,93,3,-1,3,3,-6.39998,1.61052,4,-19.5958,-16.698,2140,495,359.99,84.99,0,1.37874e+19
evt_730,0,0,-1,1,1,-1.22852,0.824655,1,-969.174,-969.174,53245,53245,417.49,417.49,9.4263e+11,0
evt_730,1,0,-1,1,1,-2.31535,0.648986,3,-1250.42,-31.4598,75260,698,369.99,107.49,9.4263e+11,0
evt_730,72,3,-1,1,1,-1.55115,2.03214,1,-352.687,-352.687,20404,20404,384.99,384.99,9.4263e+11,0
evt_730,73,3,-1,1,1,-10.6231,0.650217,1,-216.514,-216.514,12479,12479,432.49,432.49,9.4263e+11,0
evt_730,76,3,-1,3,1,2.04398,2.1055,1,-15.3285,-15.3285,289,289,57.49,57.49,9.4263e+11,0
evt_730,93,3,-1,3,3,-2.02588,0.750733,1,-18.4545,-18.4545,998,998,167.49,167.49,0,1.38423e+19
evt_731,4,0,-1,3,1,-0.872344,0.603037,1,-118.723,-118.723,5107,5107,237.49,237.49,9.42778e+11,0
evt_731,5,0,-1,3,1,-2.33628,0.714301,1,-157.003,-157.003,8508,8508,294.99,294.99,9.42778e+11,0
evt_731,6,0,-1,4,1,0.179646,1.0801,3,-1250.12,-20.2057,190140,390,962.49,62.49,9.42778e+11,0
evt_731,7,0,-1,4,1,-4.52911,1.00284,2,-1250.16,-212.585,122000,6402,439.99,134.99,9.42778e+11,0
evt_731,12,0,-1,3,2,0.0223123,0.914002,1,-373.511,-373.511,17461,17461,317.49,317.49,9.42778e+11,0
evt_731,13,0,-1,3,2,-0.253125,0.873585,1,-383.999,-383.999,22244,22244,444.99,444.99,9.42778e+11,0
evt_731,14,0,-1,4,2,-1.43627,1.04644,1,-961.383,-961.383,55923,55923,439.99,439.99,9.42778e+11,0
evt_731,15,0,-1,4,2,-1.4282,1.0606,2,-741.76,-666.08,45842,33459,382.49,379.99,9.42778e+11,0
evt_731,24,1,-1,1,1,-1.3656,0.685759,1,-161.118,-161.118,8082,8082,297.49,297.49,9.42778e+11,0
evt_731,25,1,-1,1,1,0.403316,0.584079,2,-406.448,-51.8885,21736,1976,422.49,182.49,9.42778e+11,0
evt_731,28,1,-1,3,1,-1.89527,0.908642,2,-1248.37,-272.087,136583,6463,614.99,94.99,9.42778e+11,0
evt_731,29,1,-1,3,1,-1.71793,1.11039,3,-1249.7,-18.1097,126593,89,437.49,62.49,9.42778e+11,0
evt_731,30,1,-1,4,1,-1.39329,1.33343,2,-1250.16,-32.7873,64891,801,347.49,114.99,9.42778e+11,0
evt_731,31,1,-1,4,1,2.98447,0.602396,3,-668.372,-33.6611,33998,1336,339.99,104.99,9.42778e+11,0
evt_731,34,1,-1,2,2,-0.411335,1.02261,2,-1250.54,-63.0593,70846,1926,427.49,157.49,9.42778e+11,0
evt_731,35,1,-1,2,2,-4.01372,0.763718,2,-937.151,-54.3651,48331,2525,384.99,217.49,9.42778e+11,0
evt_731,36,1,-1,3,2,2.88325,0.813021,1,-231.16,-231.16,10359,10359,309.99,309.99,9.42778e+11,0
evt_731,37,1,-1,3,2,2.33663,0.897033,1,-104.692,-104.692,4017,4017,222.49,222.49,9.42778e+11,0
evt_731,40,1,-1,1,3,-1.71454,0.737085,1,-44.7898,-44.7898,1562,1562,164.99,164.99,9.42778e+11,0
evt_731,41,1,-1,1,3,-0.634616,0.930461,1,-99.3565,-99.3565,4502,4502,242.49,242.49,9.42778e+11,0
evt_731,48,2,-1,1,1,1.17737,0.717954,1,-777.212,-777.212,37741,37741,352.49,352.49,9.42778e+11,0
evt_731,49,2,-1,1,1,-0.831893,0.72523,1,-297.119,-297.119,17751,17751,459.99,459.99,9.42778e+11,0
evt_731,52,2,-1,3,1,-2.30939,0.73535,1,-113.726,-113.726,5067,5067,262.49,262.49,9.42778e+11,0
evt_731,53,2,-1,3,1,1.20486,0.767405,1,-192.647,-192.647,9059,9059,284.99,284.99,9.42778e+11,0
evt_731,56,2,-1,1,2,1.75771,1.2652,1,-70.57,-70.57,3042,3042,204.99,204.99,9.42778e+11,0
evt_731,57,2,-1,1,2,2.25809,0.905844,1,-124.437,-124.437,5029,5029,227.49,227.49,9.42778e+11,0
evt_731,60,2,-1,3,2,-3.88667,1.11413,1,-141.38,-141.38,8270,8270,337.49,337.49,9.42778e+11,0
evt_731,61,2,-1,3,2,-1.28918,0.950694,1,-62.9828,-62.9828,4038,4038,262.49,262.49,9.42778e+11,0
evt_731,62,2,-1,4,2,0.943454,0.714349,2,-329.649,-41.0248,18273,1300,332.49,147.49,9.42778e+11,0
evt_731,63,2,-1,4,2,-0.092115,0.834513,1,-467.376,-467.376,25517,25517,357.49,357.49,9.42778e+11,0
evt_731,66,2,-1,2,3,1.4091,0.894376,2,-218.261,-123.031,8493,6309,282.49,242.49,9.42778e+11,0
evt_731,67,2,-1,2,3,0.244445,0.667379,1,-59.1322,-59.1322,2472,2472,197.49,197.49,9.42778e+11,0
evt_731,68,2,-1,3,3,-0.739974,0.834001,1,-66.1484,-66.1484,2243,2243,179.99,179.99,9.42778e+11,0
evt_731,69,2,-1,3,3,3.31733,0.708327,1,-17.3762,-17.3762,402,402,79.99,79.99,9.42778e+11,0
evt_731,76,3,-1,3,1,-0.0232617,1.03439,2,-479.19,-222.491,30436,10794,417.49,282.49,9.42778e+11,0
evt_731,77,3,-1,3,1,0.149615,0.76622,2,-901.846,-70.6871,46398,2700,372.49,189.99,9.42778e+11,0
evt_731,82,3,-1,2,2,0.264029,1.57015,1,-92.6846,-92.6846,3868,3868,227.49,227.49,9.42778e+11,0
evt_731,83,3,-1,2,2,0.110945,0.874171,1,-186.546,-186.546,8309,8309,274.99,274.99,9.42778e+11,0
evt_731,88,3,-1,1,3,2.63082,0.745863,2,-850.258,-19.1748,37204,375,329.99,82.49,1.49602e+14,1.10382e+12
evt_731,89,3,-1,1,3,-0.510699,0.844512,1,-963.228,-963.228,52130,52130,362.49,362.49,1.49602e+14,1.38859e+19
evt_732,4,0,-1,3,1,-1.23022,0.810398,1,-207.778,-207.778,9455,9455,277.49,277.49,9.42816e+11,0
evt_732,5,0,-1,3,1,-2.0925,0.750844,1,-463.639,-463.639,24524,24524,344.99,344.99,9.42816e+11,0
evt_732,8,0,-1,1,2,-0.0914046,1.02974,1,-466.574,-466.574,17817,17817,297.49,297.49,9.42816e+11,0
evt_732,9,0,-1,1,2,0.256125,0.79599,1,-93.7884,-93.7884,3457,3457,204.99,204.99,9.42816e+11,0
evt_732,24,1,-1,1,1,-8.9155,0.836295,1,-109.078,-109.078,4847,4847,262.49,262.49,9.42816e+11,0
evt_732,25,1,-1,1,1,0.183456,1.00515,2,-332.719,-74.3053,17403,2916,344.99,197.49,9.42816e+11,0
evt_732,54,2,-1,4,1,1.31285,0.703287,4,-1250.16,-29.4715,110171,376,402.49,94.99,9.42816e+11,0
evt_732,55,2,-1,4,1,-0.27855,0.831917,2,-1250.39,-22.6408,128769,14,482.49,79.99,9.42816e+11,0
evt_732,84,3,-1,3,2,-0.703771,0.888264,1,-51.8156,-51.8156,2094,2094,189.99,189.99,9.42816e+11,0
evt_732,86,3,-1,4,2,0.342544,0.913683,1,-488.761,-488.761,20758,20758,309.99,309.99,9.42816e+11,0
evt_732,87,3,-1,4,2,5.79177,0.806095,3,-804.196,-36.374,43188,1491,377.49,169.99,9.42816e+11,0
evt_732,92,3,-1,3,3,2.01052,1.13115,1,-342.133,-342.133,19800,19800,364.99,364.99,0,1.38493e+19
evt_733,10,0,-1,2,2,0.106479,0.968821,1,-139.805,-139.805,6719,6719,267.49,267.49,9.4289e+11,0
evt_733,11,0,-1,2,2,-0.0925209,0.506803,2,-249.529,-45.1781,12673,1736,314.99,172.49,9.4289e+11,0
evt_733,12,0,-1,3,2,0.127439,0.776683,1,-45.568,-45.568,1874,1874,189.99,189.99,9.4289e+11,0
evt_733,24,1,-1,1,1,1.95594,1.09144,1,-96.5326,-96.5326,4290,4290,229.99,229.99,9.4289e+11,0
evt_733,25,1,-1,1,1,1.83704,0.886257,1,-92.5269,-92.5269,5410,5410,269.99,269.99,9.4289e+11,0
evt_733,26,1,-1,2,1,0.332854,1.0685,2,-428.677,-48.0659,22442,1781,374.99,169.99,9.4289e+11,0
evt_733,27,1,-1,2,1,-0.264201,0.93004,1,-319.031,-319.031,16343,16343,324.99,324.99,9.4289e+11,0
evt_733,72,3,-1,1,1,-5.64401,2.2188,1,-47.125,-47.125,2484,2484,227.49,227.49,9.4289e+11,0
evt_733,95,3,-1,4,3,2.23341,1.00406,1,-598.675,-598.675,23953,23953,169.99,169.99,4.38087e+11,4.56116e+18
evt_734,6,0,-1,4,1,1.04006,0.758451,2,-894.792,-17.1016,51353,346,369.99,69.99,9.42929e+11,0
evt_734,7,0,-1,4,1,3.98937,1.11123,1,-633.903,-633.903,42015,42015,644.99,644.99,9.42929e+11,0
evt_734,30,1,-1,4,1,-2.54682,0.782732,2,-1250.04,-40.6737,80717,868,357.49,69.99,9.42929e+11,0
evt_734,31,1,-1,4,1,0.891117,0.680595,1,-1127.89,-1127.89,57475,57475,354.99,354.99,9.42929e+11,0
evt_734,57,2,-1,1,2,2.05258,0.73849,1,-47.8606,-47.8606,423,423,74.99,74.99,9.42929e+11,0
evt_734,78,3,-1,4,1,-12.255,1.07887,7,-25.5452,-15.0567,3729,265,499.99,54.99,9.42929e+11,0
evt_734,79,3,-1,4,1,-17.5858,0.777193,1,-19.5959,-19.5959,16566,16566,2507.49,2507.49,9.42929e+11,0
evt_735,4,0,-1,3,1,-0.44842,0.500903,1,-89.5576,-89.5576,4098,4098,237.49,237.49,9.4294e+11,0
evt_735,5,0,-1,3,1,-1.0817,1.08794,1,-118.802,-118.802,5774,5774,274.99,274.99,9.4294e+11,0
evt_735,26,1,-1,2,1,0.684339,1.11888,1,-176.744,-176.744,9456,9456,304.99,304.99,9.4294e+11,0
evt_735,27,1,-1,2,1,1.21976,0.912409,1,-106.137,-106.137,5708,5708,282.49,282.49,9.4294e+11,0
evt_735,62,2,-1,4,2,0.638933,0.793106,1,-1219.17,-1219.17,61148,61148,422.49,422.49,9.4294e+11,0
evt_735,63,2,-1,4,2,-2.29901,0.933915,2,-1250.73,-21.3891,76092,580,417.49,114.99,9.4294e+11,0
evt_735,84,3,-1,3,2,0.288536,0.748842,1,-1231.94,-1231.94,100670,100670,769.99,769.99,9.4294e+11,0
evt_735,85,3,-1,3,2,0.0941678,0.578635,1,-1147.26,-1147.26,67686,67686,504.99,504.99,9.4294e+11,0
evt_736,46,1,-1,4,3,-2.03408,1.02698,1,-56.5239,-56.5239,2476,2476,209.99,209.99,9.42951e+11,0
evt_736,47,1,-1,4,3,0.780198,1.4191,1,-104.77,-104.77,6936,6936,364.99,364.99,9.42951e+11,0
evt_736,54,2,-1,4,1,2.50842,0.864735,1,-16.627,-16.627,47,47,59.99,59.99,9.42951e+11,0
evt_736,70,2,-1,4,3,0.81917,0.882068,1,-52.9929,-52.9929,1596,1596,152.49,152.49,9.42951e+11,0
evt_736,94,3,-1,4,3,72.9272,0.997632,2,-36.0644,-18.8781,444,180,104.99,77.49,4.38087e+11,4.55289e+18
evt_736,95,3,-1,4,3,46.5316,2.36178,1,-649.257,-649.257,42483,42483,442.49,442.49,4.38087e+11,1.37735e+19
evt_738,6,0,-1,4,1,0.586713,0.811641,3,-1250.42,-25.756,97047,497,539.99,99.99,9.43035e+11,0
evt_738,7,0,-1,4,1,-2.73038,0.635373,1,-969.025,-969.025,51845,51845,522.49,522.49,9.43035e+11,0
evt_738,36,1,-1,3,2,-0.845049,1.02288,2,-209.269,-19.9012,9086,536,289.99,97.49,9.43035e+11,0
evt_738,37,1,-1,3,2,-6.62989,1.00164,1,-484.603,-484.603,30111,30111,444.99,444.99,9.43035e+11,0
evt_738,50,2,-1,2,1,0.080939,1.11804,1,-200.612,-200.612,8914,8914,277.49,277.49,9.43035e+11,0
evt_738,51,2,-1,2,1,-0.601045,0.767565,1,-49.8349,-49.8349,2404,2404,222.49,222.49,9.43035e+11,0
evt_738,54,2,-1,4,1,-0.586759,0.896959,1,-25.7344,-25.7344,226,226,69.99,69.99,9.43035e+11,0
evt_738,83,3,-1,2,2,1.44307,0.84232,1,-44.3842,-44.3842,668,668,47.49,47.49,9.43035e+11,0
evt_738,86,3,-1,4,2,-1.25073,0.776527,1,-1250.23,-1250.23,93978,93978,412.49,412.49,9.43035e+11,0
evt_738,87,3,-1,4,2,5.6953,0.64633,1,-1250.27,-1250.27,120795,120795,414.99,414.99,9.43035e+11,0
evt_738,88,3,-1,1,3,1.5596,0.874781,1,-197.717,-197.717,10689,10689,299.99,299.99,1.49602e+14,1.10382e+12
evt_738,89,3,-1,1,3,2.36233,0.547403,1,-198.556,-198.556,8812,8812,262.49,262.49,1.49602e+14,1.38166e+19
evt_739,12,0,-1,3,2,3.95408,1.05444,1,-697.704,-697.704,35077,35077,407.49,407.49,9.43111e+11,0
evt_739,13,0,-1,3,2,1.66646,0.781878,2,-700.585,-230.048,35557,11286,342.49,337.49,9.43111e+11,0
evt_739,36,1,-1,3,2,2.20281,0.74664,4,-1250.23,-61.1929,93317,1558,392.49,117.49,9.43111e+11,0
evt_739,37,1,-1,3,2,-0.031654,1.10062,1,-1250.92,-1250.92,104789,104789,532.49,532.49,9.43111e+11,0
evt_739,60,2,-1,3,2,6.26698,0.848528,1,-47.2897,-47.2897,1321,1321,142.49,142.49,9.43111e+11,0
evt_739,78,3,-1,4,1,4.41424,0.807976,1,-76.3244,-76.3244,3932,3932,254.99,254.99,9.43111e+11,0
evt_739,79,3,-1,4,1,0.0438317,0.6266,1,-147.605,-147.605,6862,6862,267.49,267.49,9.43111e+11,0
evt_740,26,1,-1,2,1,-1.61834,2.03405,1,-51.664,-51.664,1912,1912,177.49,177.49,9.43176e+11,0
evt_740,27,1,-1,2,1,-4.45279,3.49756,3,-24.5527,-20.9313,669,598,114.99,79.99,9.43176e+11,0
evt_740,50,2,-1,2,1,-0.268983,0.81915,2,-557.435,-106.218,26491,4114,334.99,164.99,9.43176e+11,0
evt_740,51,2,-1,2,1,-0.611728,0.654442,1,-606.493,-606.493,36262,36262,504.99,504.99,9.43176e+11,0
evt_740,52,2,-1,3,1,1.57813,1.11935,1,-212.621,-212.621,12696,12696,342.49,342.49,9.43176e+11,0
evt_740,53,2,-1,3,1,0.49526,0.965416,1,-89.3234,-89.3234,3374,3374,204.99,204.99,9.43176e+11,0
evt_740,72,3,-1,1,1,2.16814,0.83564,1,-91.729,-91.729,4841,4841,257.49,257.49,9.43176e+11,0
evt_740,73,3,-1,1,1,-0.119724,1.14503,1,-45.7881,-45.7881,2044,2044,202.49,202.49,9.43176e+11,0
evt_740,74,3,-1,2,1,0.741357,0.996328,2,-1250.84,-401.958,130535,19268,599.99,302.49,9.43176e+11,0
evt_740,75,3,-1,2,1,0.342462,0.862776,2,-1250.23,-50.4394,118461,1640,487.49,159.99,9.43176e+11,0
evt_740,80,3,-1,1,2,-0.916736,1.14296,1,-124.332,-124.332,6658,6658,297.49,297.49,9.43176e+11,0
evt_740,81,3,-1,1,2,1.95935,0.796226,1,-119.433,-119.433,6851,6851,404.99,404.99,9.43176e+11,0
evt_740,93,3,-1,3,3,-10.2033,0.970774,1,-18.7565,-18.7565,948,948,154.99,154.99,0,1.37093e+19
evt_741,5,0,-1,3,1,-2.2847,0.795224,1,-61.3829,-61.3829,2645,2645,202.49,202.49,9.43179e+11,0
evt_741,6,0,-1,4,1,-3.57961,1.0036,2,-518.578,-22.1199,26332,658,349.99,114.99,9.43179e+11,0
evt_741,7,0,-1,4,1,2.59609,0.986933,1,-464.705,-464.705,22273,22273,327.49,327.49,9.43179e+11,0
evt_741,30,1,-1,4,1,1.07033,1.11728,1,-1033,-1033,42465,42465,374.99,374.99,9.43179e+11,0
evt_741,31,1,-1,4,1,-1.77095,1.24087,2,-296.917,-67.0997,15588,2240,307.49,179.99,9.43179e+11,0
evt_741,54,2,-1,4,1,2.47035,0.72882,1,-286.741,-286.741,13249,13249,297.49,297.49,9.43179e+11,0
evt_741,55,2,-1,4,1,-6.07626,0.741824,1,-492.23,-492.23,26140,26140,367.49,367.49,9.43179e+11,0
evt_741,80,3,-1,1,2,-3.8707,0.721805,2,-16.6576,-15.7116,569,458,119.99,84.99,9.43179e+11,0
evt_742,24,1,-1,1,1,7.84138,1.36465,1,-120.818,-120.818,4654,4654,222.49,222.49,9.43207e+11,0
evt_742,25,1,-1,1,1,0.735246,0.684292,1,-258.489,-258.489,11421,11421,287.49,287.49,9.43207e+11,0
evt_742,48,2,-1,1,1,0.563067,0.760383,1,-234.132,-234.132,10011,10011,272.49,272.49,9.43207e+11,0
evt_742,49,2,-1,1,1,-1.03204,0.676606,2,-70.5966,-17.9195,3288,502,229.99,94.99,9.43207e+11,0
evt_742,72,3,-1,1,1,3.31441,1.12475,2,-1250.5,-51.1232,107873,1773,457.49,162.49,9.43207e+11,0
evt_742,73,3,-1,1,1,-5.11313,1.17151,1,-1249.82,-1249.82,99949,99949,559.99,559.99,9.43207e+11,0
evt_742,92,3,-1,3,3,-8.88543,1.0344,1,-151.278,-151.278,7213,7213,299.99,299.99,0,4.64705e+18
evt_743,22,0,-1,4,3,-4.30402,1.22164,1,-57.1109,-57.1109,2543,2543,212.49,212.49,9.4321e+11,0
evt_743,23,0,-1,4,3,2.1721,0.691698,1,-134.2,-134.2,6135,6135,244.99,244.99,9.4321e+11,0
evt_743,34,1,-1,2,2,3.54622,0.718166,2,-1190.46,-31.7962,61293,890,369.99,127.49,9.4321e+11,0
evt_743,35,1,-1,2,2,3.74744,0.988741,1,-895.066,-895.066,53112,53112,402.49,402.49,9.4321e+11,0
evt_743,47,1,-1,4,3,1.00244,0.756565,1,-124.632,-124.632,4591,4591,217.49,217.49,9.4321e+11,0
evt_743,56,2,-1,1,2,1.7789,0.719244,1,-378.545,-378.545,23170,23170,392.49,392.49,9.4321e+11,0
evt_743,57,2,-1,1,2,2.1634,1.03046,1,-98.0213,-98.0213,7642,7642,359.99,359.99,9.4321e+11,0
evt_743,72,3,-1,1,1,-26.0266,0.647016,2,-29.084,-26.1169,18062,1909,2259.99,222.49,9.4321e+11,0
evt_744,10,0,-1,2,2,0.323232,1.00062,1,-931.546,-931.546,50087,50087,362.49,362.49,9.43235e+11,0
evt_744,11,0,-1,2,2,0.631882,0.888982,1,-697.232,-697.232,54535,54535,382.49,382.49,9.43235e+11,0
evt_744,12,0,-1,3,2,6.18992,0.953217,2,-24.7366,-19.8903,679,505,109.99,94.99,9.43235e+11,0
evt_744,34,1,-1,2,2,3.15897,0.916851,1,-252.12,-252.12,13484,13484,317.49,317.49,9.43235e+11,0
evt_744,35,1,-1,2,2,-3.77297,0.961436,1,-303.783,-303.783,19939,19939,449.99,449.99,9.43235e+11,0
evt_744,56,2,-1,1,2,-8.57241,0.958647,6,-21.6941,-15.4754,6258,313,902.49,49.99,9.43235e+11,0
evt_744,82,3,-1,2,2,-13.7482,1.92036,2,-21.9687,-18.0712,13643,1493,2124.99,274.99,9.43235e+11,0
evt_744,88,3,-1,1,3,0.616654,0.903006,2,-1242.57,-146.784,73527,4474,499.99,184.99,1.49602e+14,1.10382e+12
evt_744,89,3,-1,1,3,-0.67727,0.83421,1,-1249.85,-1249.85,76516,76516,362.49,362.49,1.49602e+14,4.55567e+18
evt_744,93,3,-1,3,3,-3.32627,0.800505,2,-23.035,-19.0242,3339,1957,497.49,302.49,0,4.50617e+18
evt_745,10,0,-1,2,2,0.50492,0.687004,1,-79.91,-79.91,3857,3857,267.49,267.49,9.43245e+11,0
evt_745,11,0,-1,2,2,2.15022,0.801428,2,-145.639,-40.6787,6185,1562,247.49,169.99,9.43245e+11,0
evt_745,26,1,-1,2,1,-4.04346,0.899387,2,-525.743,-21.73,34330,629,864.99,109.99,9.43245e+11,0
evt_745,27,1,-1,2,1,2.10717,1.00683,1,-613.736,-613.736,30219,30219,344.99,344.99,9.43245e+11,0
evt_745,35,1,-1,2,2,-0.278816,1.06164,1,-40.4494,-40.4494,1691,1691,179.99,179.99,9.43245e+11,0
evt_745,56,2,-1,1,2,1.64153,0.757094,3,-1192.03,-27.2216,69770,610,384.99,64.99,9.43245e+11,0
evt_745,57,2,-1,1,2,1.18412,1.02814,1,-639.705,-639.705,26800,26800,329.99,329.99,9.43245e+11,0
evt_745,76,3,-1,3,1,-18.0305,0.858719,9,-23.8262,-15.4744,2613,322,369.99,59.99,9.43245e+11,0
evt_745,78,3,-1,4,1,-13.3144,0.867956,6,-23.5992,-15.4781,1959,513,319.99,92.49,9.43245e+11,0
evt_746,6,0,-1,4,1,2.78465,0.803601,1,-466.874,-466.874,29156,29156,489.99,489.99,9.43301e+11,0
evt_746,7,0,-1,4,1,1.65158,1.29751,2,-530.62,-25.7713,23860,731,319.99,117.49,9.43301e+11,0
evt_746,26,1,-1,2,1,0.0812769,1.1026,2,-951.222,-37.4028,48621,1263,382.49,154.99,9.43301e+11,0
evt_746,27,1,-1,2,1,1.98003,0.699858,2,-466.258,-45.2159,22729,1687,402.49,167.49,9.43301e+11,0
evt_746,52,2,-1,3,1,1.42793,1.01356,1,-270.342,-270.342,11529,11529,284.99,284.99,9.43301e+11,0
evt_746,53,2,-1,3,1,1.06203,1.10865,3,-409.848,-16.814,23451,343,379.99,74.99,9.43301e+11,0
evt_746,72,3,-1,1,1,27.079,0.996705,2,-234.621,-24.2861,10247,639,247.49,119.99,9.43301e+11,0
evt_746,74,3,-1,2,1,13.9871,1.03341,1,-31.6821,-31.6821,936,936,134.99,134.99,9.43301e+11,0
evt_746,80,3,-1,1,2,1.36742,2.61707,1,-17.2165,-17.2165,470,470,97.49,97.49,9.43301e+11,0
evt_747,2,0,-1,2,1,-1.16899,0.694188,2,-217.507,-29.1266,8672,971,254.99,139.99,9.43327e+11,0
evt_747,3,0,-1,2,1,1.00988,0.854451,1,-276.483,-276.483,15931,15931,499.99,499.99,9.43327e+11,0
evt_747,37,1,-1,3,2,-1.13831,0.912681,1,-64.8088,-64.8088,2583,2583,202.49,202.49,9.43327e+11,0
evt_747,38,1,-1,4,2,1.65052,0.934501,3,-1250.5,-16.5061,84385,148,407.49,47.49,9.43327e+11,0
evt_747,39,1,-1,4,2,-1.37651,1.04026,1,-1250.35,-1250.35,98918,98918,402.49,402.49,9.43327e+11,0
evt_747,46,1,-1,4,3,-4.44681,1.08453,2,-1003.02,-38.7727,46581,1034,412.49,134.99,9.43327e+11,0
evt_747,47,1,-1,4,3,-1.04532,0.805409,1,-827.966,-827.966,39983,39983,394.99,394.99,9.43327e+11,0
evt_748,0,0,-1,1,1,1.50186,0.701215,1,-77.5105,-77.5105,3559,3559,237.49,237.49,9.43365e+11,0
evt_748,24,1,-1,1,1,0.83141,1.08609,1,-33.2069,-33.2069,1061,1061,139.99,139.99,9.43365e+11,0
evt_748,34,1,-1,2,2,5.36528,0.552261,1,-25.3918,-25.3918,617,617,104.99,104.99,9.43365e+11,0
evt_748,48,2,-1,1,1,1.06561,0.505226,3,-1250.84,-69.391,111372,498,487.49,22.49,9.43365e+11,0
evt_748,49,2,-1,1,1,-0.525583,0.744048,1,-1147.01,-1147.01,77857,77857,409.99,409.99,9.43365e+11,0
evt_749,38,1,-1,4,2,0.466017,0.905464,1,-58.6427,-58.6427,2098,2098,182.49,182.49,9.4343e+11,0
evt_749,53,2,-1,3,1,-1.26168,0.754115,1,-39.3171,-39.3171,357,357,32.49,32.49,9.4343e+11,0
evt_750,34,1,-1,2,2,-2.85312,1.09173,2,-293.867,-44.5686,14604,1522,362.49,159.99,9.43516e+11,0
evt_750,35,1,-1,2,2,3.35994,0.674106,1,-356.356,-356.356,18711,18711,347.49,347.49,9.43516e+11,0
evt_750,56,2,-1,1,2,-1.38159,0.90392,1,-40.4067,-40.4067,407,407,72.49,72.49,9.43516e+11,0
evt_750,57,2,-1,1,2,-0.45301,0.893517,1,-87.9366,-87.9366,577,577,69.99,69.99,9.43516e+11,0
evt_750,58,2,-1,2,2,0.909657,0.737982,2,-1250.04,-34.541,113269,707,452.49,117.49,9.43516e+11,0
evt_750,59,2,-1,2,2,-3.30907,0.678227,3,-1250.31,-19.9019,131246,238,609.99,87.49,9.43516e+11,0
evt_750,82,3,-1,2,2,-21.7176,1.77356,1,-24.5927,-24.5927,18544,18544,2507.49,2507.49,9.43516e+11,0
evt_751,1,0,-1,1,1,4.65817,0.826289,1,-50.3259,-50.3259,1625,1625,157.49,157.49,9.43521e+11,0
evt_751,16,0,-1,1,3,-16.9309,40.0634,5,-1250.84,-35.8257,107280,1160,512.49,132.49,9.43521e+11,0
evt_751,17,0,-1,1,3,-12.049,29.6658,4,-1250.27,-23.8663,132148,160,799.99,82.49,9.43521e+11,0
evt_751,30,1,-1,4,1,4.1137,0.931366,1,-286.927,-286.927,13956,13956,297.49,297.49,9.43521e+11,0
evt_751,31,1,-1,4,1,1.29111,0.867095,1,-63.1732,-63.1732,2846,2846,222.49,222.49,9.43521e+11,0
evt_751,56,2,-1,1,2,-23.995,0.692766,1,-28.3241,-28.3241,22283,22283,2507.49,2507.49,9.43521e+11,0
evt_751,58,2,-1,2,2,1.67225,0.717641,1,-47.6054,-47.6054,567,567,89.99,89.99,9.43521e+11,0
evt_751,59,2,-1,2,2,0.780651,0.805795,1,-46.15,-46.15,427,427,84.99,84.99,9.43521e+11,0
evt_751,84,3,-1,3,2,-1.62796,0.896377,1,-211.937,-211.937,9438,9438,277.49,277.49,9.43521e+11,0
evt_751,85,3,-1,3,2,-0.271363,0.797121,2,-113.423,-48.7842,4358,1568,222.49,159.99,9.43521e+11,0
evt_752,0,0,-1,1,1,-19.0196,3.68102,1,-58.5585,-58.5585,1503,1503,144.99,144.99,9.43581e+11,0
evt_752,1,0,-1,1,1,-16.4769,2.20353,3,-45.5976,-16.2766,541,7,107.49,59.99,9.43581e+11,0
evt_752,34,1,-1,2,2,7.11212,1.02043,2,-24.7435,-21.6532,798,677,127.49,109.99,9.43581e+11,0
evt_752,56,2,-1,1,2,-6.58427,0.771545,1,-17.0411,-17.0411,798,798,134.99,134.99,9.43581e+11,0
evt_752,66,2,-1,2,3,14.5552,1.37947,1,-62.906,-62.906,2035,2035,164.99,164.99,9.43581e+11,0
evt_752,88,3,-1,1,3,-0.181564,0.896219,1,-361.806,-361.806,16236,16236,294.99,294.99,1.49602e+14,1.10382e+12
evt_752,89,3,-1,1,3,0.436868,0.702058,2,-554.413,-38.8499,24542,1231,322.49,142.49,1.49602e+14,1.39512e+19
evt_753,7,0,-1,4,1,2.5349,0.76974,1,-26.498,-26.498,886,886,129.99,129.99,9.43624e+11,0
evt_753,38,1,-1,4,2,0.230254,0.961991,2,-439.417,-27.2172,17909,707,299.99,107.49,9.43624e+11,0
evt_753,39,1,-1,4,2,0.59942,1.10292,1,-113.732,-113.732,5752,5752,344.99,344.99,9.43624e+11,0
evt_753,54,2,-1,4,1,0.478454,0.719277,1,-80.7868,-80.7868,3647,3647,229.99,229.99,9.43624e+11,0
evt_753,55,2,-1,4,1,-1.86795,0.816808,2,-176.403,-87.9924,8377,3599,284.99,224.99,9.43624e+11,0
evt_753,60,2,-1,3,2,0.570991,0.584869,1,-29.0811,-29.0811,221,221,64.99,64.99,9.43624e+11,0
evt_753,61,2,-1,3,2,0.0209781,0.803568,1,-60.2491,-60.2491,448,448,72.49,72.49,9.43624e+11,0
evt_753,67,2,-1,2,3,0.773211,0.817083,1,-34.348,-34.348,1408,1408,169.99,169.99,9.43624e+11,0
evt_753,72,3,-1,1,1,-15.6673,0.751349,5,-27.1059,-17.9555,3425,867,449.99,109.99,9.43624e+11,0
evt_753,90,3,-1,2,3,4.46115,1.37819,1,-85.2868,-85.2868,3329,3329,207.49,207.49,1.49602e+14,4.63541e+18
evt_754,12,0,-1,3,2,-2.99964,1.35899,1,-15.7124,-15.7124,278,278,54.99,54.99,9.43629e+11,0
evt_754,20,0,-1,3,3,1.61578,0.913,1,-148.96,-148.96,6252,6252,247.49,247.49,9.43629e+11,0
evt_754,21,0,-1,3,3,0.761491,1.05509,1,-30.1946,-30.1946,1026,1026,139.99,139.99,9.43629e+11,0
evt_754,28,1,-1,3,1,-1.13992,0.728277,1,-707.753,-707.753,32414,32414,344.99,344.99,9.43629e+11,0
evt_754,29,1,-1,3,1,3.33623,1.59369,1,-248.614,-248.614,13520,13520,314.99,314.99,9.43629e+11,0
evt_754,30,1,-1,4,1,0.726622,1.12399,2,-1250.2,-64.1939,66252,1678,442.49,144.99,9.43629e+11,0
evt_754,31,1,-1,4,1,1.29967,0.782949,1,-813.361,-813.361,37344,37344,334.99,334.99,9.43629e+11,0
evt_754,52,2,-1,3,1,2.22193,1.20127,2,-100.948,-41.4405,4953,476,272.49,82.49,9.43629e+11,0
evt_754,53,2,-1,3,1,0.421471,0.592565,2,-113.651,-59.9594,4603,605,234.99,79.99,9.43629e+11,0
evt_754,70,2,-1,4,3,-0.579544,1.0882,1,-63.7068,-63.7068,2217,2217,179.99,179.99,9.43629e+11,0
evt_754,71,2,-1,4,3,2.71594,0.959325,1,-39.5355,-39.5355,1380,1380,154.99,154.99,9.43629e+11,0
evt_754,76,3,-1,3,1,-59.1529,21.1257,2,-131.837,-130.311,13976,5834,559.99,234.99,9.43629e+11,0
evt_754,77,3,-1,3,1,4.71344,3.72917,2,-124.897,-22.5702,4932,554,214.99,109.99,9.43629e+11,0
evt_755,7,0,-1,4,1,-8.69473,0.819866,3,-24.9739,-15.6291,957,287,137.49,57.49,9.43692e+11,0
evt_755,30,1,-1,4,1,5.02284,1.24925,1,-58.4828,-58.4828,1851,1851,157.49,157.49,9.43692e+11,0
evt_755,56,2,-1,1,2,-20.243,0.706326,1,-28.5825,-28.5825,20616,20616,2507.49,2507.49,9.43692e+11,0
evt_755,78,3,-1,4,1,-0.651607,1.7163,2,-25.7717,-23.8692,6096,2303,914.99,307.49,9.43692e+11,0
evt_755,80,3,-1,1,2,-5.84589,1.14128,3,-18.9315,-15.0771,672,260,114.99,54.99,9.43692e+11,0
evt_755,93,3,-1,3,3,-0.93997,1.73145,1,-18.4527,-18.4527,928,928,149.99,149.99,0,4.59876e+18
evt_756,57,2,-1,1,2,10.3292,0.868977,1,-16.1193,-16.1193,295,295,64.99,64.99,9.4383e+11,0
evt_756,93,3,-1,3,3,-10.3014,1.54921,2,-20.8554,-15.7454,1328,366,214.99,69.99,0,4.56417e+18
evt_757,30,1,-1,4,1,-2.42984,1.49127,1,-213.882,-213.882,8409,8409,259.99,259.99,9.43895e+11,0
evt_757,31,1,-1,4,1,0.570498,0.737759,1,-104.043,-104.043,3313,3313,192.49,192.49,9.43895e+11,0
evt_757,54,2,-1,4,1,1.83634,0.981723,2,-86.2006,-45.9416,2711,516,179.99,84.99,9.43895e+11,0
evt_757,55,2,-1,4,1,2.75497,0.859554,2,-138.32,-41.3491,5630,440,244.99,79.99,9.43895e+11,0
evt_757,62,2,-1,4,2,4.09768,1.04529,1,-41.0325,-41.0325,252,252,69.99,69.99,9.43895e+11,0
evt_757,63,2,-1,4,2,-0.355902,0.765455,1,-42.7925,-42.7925,302,302,67.49,67.49,9.43895e+11,0
evt_757,70,2,-1,4,3,-3.81372,0.703903,1,-55.4274,-55.4274,2502,2502,224.99,224.99,9.43895e+11,0
evt_757,71,2,-1,4,3,-0.472149,0.99518,1,-120.933,-120.933,10064,10064,392.49,392.49,9.43895e+11,0
evt_757,78,3,-1,4,1,-15.5033,1.07345,5,-24.6661,-16.4314,4328,329,574.99,67.49,9.43895e+11,0
evt_757,87,3,-1,4,2,0.114854,0.841121,1,-18.1855,-18.1855,645,645,107.49,107.49,9.43895e+11,0
evt_757,93,3,-1,3,3,-9.69856,0.943569,1,-15.7861,-15.7861,300,300,54.99,54.99,0,4.6055e+18
evt_758,2,0,-1,2,1,-219.564,23.3431,5,-180.852,-18.2215,8578,273,452.49,82.49,9.4399e+11,0
evt_758,3,0,-1,2,1,-68.6479,14.0979,4,-70.7958,-29.5089,2948,1191,207.49,147.49,9.4399e+11,0
evt_758,20,0,-1,3,3,1.43636,0.657891,1,-25.1624,-25.1624,859,859,129.99,129.99,9.4399e+11,0
evt_758,21,0,-1,3,3,-0.433028,0.945285,1,-41.2488,-41.2488,1545,1545,172.49,172.49,9.4399e+11,0
evt_758,34,1,-1,2,2,-0.914938,0.780187,1,-550.411,-550.411,27191,27191,342.49,342.49,9.4399e+11,0
evt_758,35,1,-1,2,2,2.51838,0.511075,2,-383.575,-57.4921,18809,2075,314.99,177.49,9.4399e+11,0
evt_758,49,2,-1,1,1,0.821036,0.548889,1,-39.4214,-39.4214,1634,1634,179.99,179.99,9.4399e+11,0
evt_758,72,3,-1,1,1,-13.0825,1.50465,2,-25.3915,-22.9124,12263,4835,1584.99,704.99,9.4399e+11,0
evt_759,23,0,-1,4,3,-0.396223,0.750588,1,-49.7856,-49.7856,1633,1633,159.99,159.99,9.44004e+11,0
evt_759,46,1,-1,4,3,1.37335,1.06919,3,-557.538,-21.8801,26172,502,337.49,99.99,9.44004e+11,0
evt_759,47,1,-1,4,3,-2.10016,1.03324,1,-893.29,-893.29,42944,42944,349.99,349.99,9.44004e+11,0
evt_759,56,2,-1,1,2,-6.79264,1.19654,2,-17.3462,-16.3932,1168,614,194.99,109.99,9.44004e+11,0
evt_759,60,2,-1,3,2,-2.32433,0.941421,1,-42.6866,-42.6866,447,447,74.99,74.99,9.44004e+11,0
evt_759,61,2,-1,3,2,1.12353,0.757702,1,-55.7059,-55.7059,523,523,74.99,74.99,9.44004e+11,0
evt_759,62,2,-1,4,2,2.00241,0.827314,1,-34.5195,-34.5195,349,349,74.99,74.99,9.44004e+11,0
evt_759,70,2,-1,4,3,0.87654,0.896841,1,-24.2089,-24.2089,625,625,104.99,104.99,9.44004e+11,0
evt_760,46,1,-1,4,3,-52.8545,3.99363,1,-45.8185,-45.8185,889,889,109.99,109.99,9.4423e+11,0
evt_760,54,2,-1,4,1,-0.132731,1.01964,1,-24.7859,-24.7859,167,167,72.49,72.49,9.4423e+11,0
evt_760,71,2,-1,4,3,-26.0515,7.39425,2,-35.8757,-17.5773,996,360,129.99,82.49,9.4423e+11,0
evt_760,94,3,-1,4,3,-3.72694,4.28403,1,-54.9051,-54.9051,1827,1827,159.99,159.99,4.38087e+11,1.38416e+19
evt_760,95,3,-1,4,3,-3.12447,4.38007,2,-76.0229,-30.0814,3635,898,232.49,129.99,4.38087e+11,1.38368e+19
evt_761,12,0,-1,3,2,7.15054,1.03989,2,-35.4523,-21.691,1158,519,147.49,99.99,9.4427e+11,0
evt_761,13,0,-1,3,2,1.80577,0.928946,2,-486.706,-34.9235,20792,1285,294.99,154.99,9.4427e+11,0
evt_761,25,1,-1,1,1,0.00770258,0.828685,1,-73.5815,-73.5815,3199,3199,217.49,217.49,9.4427e+11,0
evt_761,56,2,-1,1,2,4.88374,0.936115,1,-26.0586,-26.0586,91,91,59.99,59.99,9.4427e+11,0
evt_761,57,2,-1,1,2,-0.471652,0.814926,1,-73.1729,-73.1729,322,322,59.99,59.99,9.4427e+11,0
evt_761,59,2,-1,2,2,-0.00492842,0.698584,1,-52.2395,-52.2395,234,234,59.99,59.99,9.4427e+11,0
evt_761,60,2,-1,3,2,-11.51,0.732159,5,-19.2885,-15.9037,4720,345,787.49,62.49,9.4427e+11,0
evt_761,66,2,-1,2,3,-62.7021,10.7158,2,-83.532,-25.1169,2304,528,154.99,102.49,9.4427e+11,0
evt_761,67,2,-1,2,3,-11.0695,7.31891,2,-284.185,-20.0925,11744,435,262.49,94.99,9.4427e+11,0
evt_761,72,3,-1,1,1,-15.9428,1.03598,4,-28.6248,-18.3001,5457,905,717.49,149.99,9.4427e+11,0
evt_761,76,3,-1,3,1,-14.312,1.85952,4,-21.4651,-15.0198,1490,251,234.99,54.99,9.4427e+11,0
evt_761,78,3,-1,4,1,-2.81117,0.931204,2,-17.1162,-16.7372,608,389,102.49,79.99,9.4427e+11,0
evt_761,80,3,-1,1,2,-9.25287,1.30889,4,-22.1683,-18.8842,2183,934,327.49,149.99,9.4427e+11,0
evt_761,93,3,-1,3,3,-11.4714,1.13442,4,-20.4732,-15.5925,2897,538,479.99,99.99,0,1.37709e+19
evt_762,5,0,-1,3,1,-1.80355,1.05273,1,-64.4319,-64.4319,2759,2759,207.49,207.49,9.44326e+11,0
evt_762,36,1,-1,3,2,1.42396,0.851461,1,-41.9758,-41.9758,1391,1391,157.49,157.49,9.44326e+11,0
evt_762,66,2,-1,2,3,-3.23199,1.15433,1,-38.6575,-38.6575,1445,1445,162.49,162.49,9.44326e+11,0
evt_762,72,3,-1,1,1,-25.8356,0.892716,1,-28.2881,-28.2881,19164,19164,2507.49,2507.49,9.44326e+11,0
evt_762,80,3,-1,1,2,2.3538,0.789153,1,-1250.36,-1250.36,105219,105219,464.99,464.99,9.44326e+11,0
evt_762,81,3,-1,1,2,4.94655,1.06001,1,-1251.14,-1251.14,106833,106833,434.99,434.99,9.44326e+11,0
evt_762,82,3,-1,2,2,-4.14347,1.74877,2,-147.85,-22.9524,6114,793,257.49,134.99,9.44326e+11,0
evt_762,83,3,-1,2,2,-0.265494,1.18402,1,-226.92,-226.92,10408,10408,284.99,284.99,9.44326e+11,0
evt_763,13,0,-1,3,2,19.2172,1.12265,4,-46.8934,-24.6623,1618,590,219.99,109.99,9.44333e+11,0
evt_763,38,1,-1,4,2,-0.794819,1.18573,1,-75.8983,-75.8983,2778,2778,199.99,199.99,9.44333e+11,0
evt_763,56,2,-1,1,2,0.921099,0.766914,2,-186.921,-52.4612,8934,2235,289.99,192.49,9.44333e+11,0
evt_763,57,2,-1,1,2,3.59426,0.765404,1,-32.8636,-32.8636,1275,1275,157.49,157.49,9.44333e+11,0
evt_763,72,3,-1,1,1,-5.4192,0.829629,1,-15.0559,-15.0559,285,285,54.99,54.99,9.44333e+11,0
evt_763,82,3,-1,2,2,1.81651,1.72944,1,-153.979,-153.979,6445,6445,257.49,257.49,9.44333e+11,0
evt_763,83,3,-1,2,2,1.69852,0.812188,1,-124.059,-124.059,5489,5489,242.49,242.49,9.44333e+11,0
evt_764,7,0,-1,4,1,-0.939702,1.14557,1,-34.8836,-34.8836,1562,1562,187.49,187.49,9.44363e+11,0
evt_764,28,1,-1,3,1,1.42923,0.718079,1,-129.091,-129.091,6498,6498,262.49,262.49,9.44363e+11,0
evt_764,29,1,-1,3,1,4.56669,0.665867,1,-226.075,-226.075,9923,9923,257.49,257.49,9.44363e+11,0
evt_764,48,2,-1,1,1,-0.366198,0.834449,1,-1182.86,-1182.86,57999,57999,387.49,387.49,9.44363e+11,0
evt_764,49,2,-1,1,1,0.2104,0.557771,2,-553.27,-21.5922,26389,646,342.49,109.99,9.44363e+11,0
evt_764,74,3,-1,2,1,5.35237,2.8285,3,-241.246,-21.3852,9910,367,277.49,77.49,9.44363e+11,0
evt_764,75,3,-1,2,1,-12.5552,6.53251,1,-37.6298,-37.6298,1064,1064,137.49,137.49,9.44363e+11,0
evt_765,0,0,-1,1,1,16.8914,1.8034,4,-46.4352,-21.4647,1229,345,137.49,87.49,9.44414e+11,0
evt_765,1,0,-1,1,1,17.1267,0.666693,2,-43.5768,-31.6433,1370,748,204.99,109.99,9.44414e+11,0
evt_765,2,0,-1,2,1,-0.318102,0.689133,3,-627.881,-20.2802,48978,341,402.49,82.49,9.44414e+11,0
evt_765,3,0,-1,2,1,0.964805,1.17656,3,-939.515,-21.6956,64299,463,512.49,97.49,9.44414e+11,0
evt_765,28,1,-1,3,1,0.248044,0.94561,1,-278.277,-278.277,11469,11469,364.99,364.99,9.44414e+11,0
evt_765,29,1,-1,3,1,-2.35579,1.10416,1,-190.509,-190.509,9413,9413,279.99,279.99,9.44414e+11,0
evt_765,50,2,-1,2,1,-0.443437,0.949404,1,-53.534,-53.534,2255,2255,192.49,192.49,9.44414e+11,0
evt_765,51,2,-1,2,1,0.612494,0.897139,1,-228.787,-228.787,10230,10230,279.99,279.99,9.44414e+11,0
evt_765,52,2,-1,3,1,-0.477368,0.868373,1,-172.822,-172.822,7720,7720,282.49,282.49,9.44414e+11,0
evt_765,53,2,-1,3,1,0.331122,0.929258,1,-143.692,-143.692,5043,5043,214.99,214.99,9.44414e+11,0
evt_765,71,2,-1,4,3,24.5982,0.671898,3,-548.201,-19.9009,23514,266,287.49,77.49,9.44414e+11,0
evt_765,72,3,-1,1,1,-2.0593,0.806487,1,-16.7785,-16.7785,389,389,77.49,77.49,9.44414e+11,0
evt_765,80,3,-1,1,2,-12.4121,0.910656,1,-19.5471,-19.5471,783,783,134.99,134.99,9.44414e+11,0
evt_765,88,3,-1,1,3,2.52898,0.644524,1,-1129.3,-1129.3,73906,73906,382.49,382.49,1.49602e+14,1.10382e+12
evt_765,89,3,-1,1,3,0.209199,0.826612,2,-1186.03,-30.079,73808,664,534.99,102.49,1.49602e+14,4.71056e+18
evt_766,6,0,-1,4,1,0.586716,0.900443,2,-1250.16,-15.8603,85274,187,562.49,54.99,9.44479e+11,0
evt_766,7,0,-1,4,1,3.0318,0.712652,1,-875.311,-875.311,45096,45096,364.99,364.99,9.44479e+11,0
evt_766,38,1,-1,4,2,-2.03022,0.978618,2,-315.186,-70.5286,12899,2264,289.99,179.99,9.44479e+11,0
evt_766,39,1,-1,4,2,2.29933,0.878645,1,-163.204,-163.204,7722,7722,279.99,279.99,9.44479e+11,0
evt_766,48,2,-1,1,1,3.10195,1.07079,2,-1042.4,-45.6254,52602,1982,362.49,227.49,9.44479e+11,0
evt_766,49,2,-1,1,1,-1.30676,0.680614,1,-542.221,-542.221,27500,27500,354.99,354.99,9.44479e+11,0
evt_766,62,2,-1,4,2,3.28694,0.90422,1,-341.113,-341.113,17142,17142,317.49,317.49,9.44479e+11,0
evt_766,63,2,-1,4,2,1.30013,0.532733,3,-582.697,-59.3934,32424,2814,387.49,197.49,9.44479e+11,0
evt_766,76,3,-1,3,1,2.20047,0.845894,2,-31.9491,-31.2978,1402,1211,172.49,149.99,9.44479e+11,0
evt_767,12,0,-1,3,2,-2.18198,0.885198,1,-141.826,-141.826,5906,5906,254.99,254.99,9.4448e+11,0
evt_767,13,0,-1,3,2,-0.00585981,0.631021,3,-168.584,-54.8998,10371,2082,387.49,177.49,9.4448e+11,0
evt_767,17,0,-1,1,3,-72.481,22.1642,1,-41.9671,-41.9671,628,628,92.49,92.49,9.4448e+11,0
evt_767,18,0,-1,2,3,-1.56465,0.622626,1,-64.9332,-64.9332,2110,2110,167.49,167.49,9.4448e+11,0
evt_767,36,1,-1,3,2,-0.753228,0.703447,1,-105.148,-105.148,5257,5257,257.49,257.49,9.4448e+11,0
evt_767,37,1,-1,3,2,0.710998,1.22308,1,-155.093,-155.093,8471,8471,309.99,309.99,9.4448e+11,0
evt_767,84,3,-1,3,2,-0.0157442,0.482192,1,-1222.32,-1222.32,90244,90244,629.99,629.99,9.4448e+11,0
evt_767,85,3,-1,3,2,0.0369396,0.623896,2,-1249.86,-16.7974,65075,183,352.49,62.49,9.4448e+11,0
evt_768,8,0,-1,1,2,-58.7499,102.47,3,-1250.5,-18.7475,87203,220,544.99,72.49,9.44525e+11,0
evt_768,9,0,-1,1,2,-20.9336,43.0917,2,-1250.06,-19.4037,66555,280,417.49,72.49,9.44525e+11,0
evt_768,13,0,-1,3,2,0.804313,1.10091,1,-140.796,-140.796,9192,9192,319.99,319.99,9.44525e+11,0
evt_768,56,2,-1,1,2,-17.7439,1.01339,3,-24.5161,-17.3442,14981,655,1989.99,107.49,9.44525e+11,0
evt_768,80,3,-1,1,2,-11.4002,0.822122,1,-18.8707,-18.8707,976,976,164.99,164.99,9.44525e+11,0
evt_769,22,0,-1,4,3,4.6863,0.895108,3,-717.872,-25.7724,35383,611,377.49,114.99,9.44548e+11,0
evt_769,23,0,-1,4,3,0.324641,0.857276,2,-389.856,-55.0139,17425,1713,304.99,159.99,9.44548e+11,0
evt_769,41,1,-1,1,3,-0.413792,0.535868,1,-43.5359,-43.5359,1738,1738,177.49,177.49,9.44548e+11,0
evt_769,50,2,-1,2,1,-0.0650442,0.775497,2,-831.232,-32.8645,45273,1012,424.99,137.49,9.44548e+11,0
evt_769,51,2,-1,2,1,-0.283792,0.822036,1,-1073.22,-1073.22,69823,69823,579.99,579.99,9.44548e+11,0
evt_769,74,3,-1,2,1,0.948498,1.01361,1,-252.307,-252.307,12293,12293,287.49,287.49,9.44548e+11,0
evt_769,75,3,-1,2,1,1.38364,0.792424,1,-483.385,-483.385,27467,27467,362.49,362.49,9.44548e+11,0
evt_769,88,3,-1,1,3,-0.57832,0.623224,4,-1250.54,-24.5148,92790,595,377.49,42.49,1.49602e+14,1.10382e+12
evt_769,89,3,-1,1,3,-1.71346,0.69239,3,-1249.85,-66.3379,93638,2574,412.49,247.49,1.49602e+14,4.62793e+18
evt_769,90,3,-1,2,3,0.673471,0.699586,1,-1250.38,-1250.38,122295,122295,602.49,602.49,1.49602e+14,4.62989e+18
evt_769,91,3,-1,2,3,3.12814,1.29068,1,-1250.23,-1250.23,124766,124766,572.49,572.49,0,4.6056e+18
evt_770,7,0,-1,4,1,-10.5226,0.784686,6,-18.6425,-15.4772,1523,294,262.49,57.49,9.4463e+11,0
evt_770,34,1,-1,2,2,4.72119,0.832512,1,-25.0071,-25.0071,642,642,107.49,107.49,9.4463e+11,0
evt_770,61,2,-1,3,2,-2.05734,0.892998,1,-22.4993,-22.4993,178,178,64.99,64.99,9.4463e+11,0
evt_770,84,3,-1,3,2,10.3249,0.632356,3,-474.969,-18.0222,25681,436,334.99,92.49,9.4463e+11,0
evt_770,85,3,-1,3,2,4.15743,0.670084,1,-104.163,-104.163,3476,3476,192.49,192.49,9.4463e+11,0
evt_771,0,0,-1,1,1,0.870819,0.964157,2,-465.468,-22.2691,22944,537,364.99,99.99,9.44656e+11,0
evt_771,1,0,-1,1,1,2.80283,0.809285,2,-875.193,-21.9601,44164,437,439.99,92.49,9.44656e+11,0
evt_771,6,0,-1,4,1,47.7373,1.53161,1,-32.6788,-32.6788,580,580,107.49,107.49,9.44656e+11,0
evt_771,7,0,-1,4,1,10.2578,0.808549,1,-41.6432,-41.6432,1131,1131,137.49,137.49,9.44656e+11,0
evt_771,38,1,-1,4,2,0.833011,0.879701,4,-439.619,-35.3814,23914,870,374.99,122.49,9.44656e+11,0
evt_771,39,1,-1,4,2,0.875314,0.934014,2,-298.597,-86.4702,13827,5195,387.49,339.99,9.44656e+11,0
evt_771,58,2,-1,2,2,-1.46021,0.879366,1,-1185.62,-1185.62,66794,66794,439.99,439.99,9.44656e+11,0
evt_771,59,2,-1,2,2,-2.03694,0.654437,2,-1132.15,-55.891,59764,2186,429.99,187.49,9.44656e+11,0
evt_771,60,2,-1,3,2,0.613178,0.919598,2,-1249.89,-42.4273,60758,368,437.49,29.99,9.44656e+11,0
evt_771,61,2,-1,3,2,0.546724,0.375551,2,-1249.97,-35.6462,61590,977,474.99,124.99,9.44656e+11,0
evt_771,88,3,-1,1,3,-0.00908961,0.833053,1,-515.968,-515.968,24421,24421,414.99,414.99,1.49602e+14,1.10382e+12
evt_771,89,3,-1,1,3,-1.11852,0.8515,2,-405.111,-63.9787,20691,2760,322.49,217.49,1.49602e+14,4.57221e+18
evt_772,12,0,-1,3,2,3.54434,1.00549,1,-90.8172,-90.8172,3443,3443,207.49,207.49,9.44726e+11,0
evt_772,13,0,-1,3,2,-0.0417934,0.831806,1,-206.027,-206.027,10262,10262,297.49,297.49,9.44726e+11,0
evt_772,14,0,-1,4,2,-0.361479,0.76954,2,-645.238,-65.1168,35174,2528,354.99,189.99,9.44726e+11,0
evt_772,15,0,-1,4,2,-0.264408,0.815051,3,-848.695,-26.4206,59970,737,409.99,119.99,9.44726e+11,0
evt_772,30,1,-1,4,1,2.03106,1.23021,3,-1250.19,-15.6341,66475,193,394.99,59.99,9.44726e+11,0
evt_772,31,1,-1,4,1,-0.194677,0.806446,3,-1098.45,-34.2369,54349,1183,417.49,24.99,9.44726e+11,0
evt_772,54,2,-1,4,1,2.45201,0.905421,1,-729.562,-729.562,34440,34440,339.99,339.99,9.44726e+11,0
evt_772,55,2,-1,4,1,4.24262,1.04954,2,-731.283,-44.5,34349,1284,352.49,142.49,9.44726e+11,0
evt_772,78,3,-1,4,1,2.83255,1.64509,1,-133.359,-133.359,6618,6618,267.49,267.49,9.44726e+11,0
evt_772,79,3,-1,4,1,1.2403,0.895452,1,-111.514,-111.514,5477,5477,262.49,262.49,9.44726e+11,0
evt_773,14,0,-1,4,2,0.399197,0.934284,2,-845.484,-369.012,47108,17000,414.99,312.49,9.44752e+11,0
evt_773,15,0,-1,4,2,1.21546,0.813272,3,-697.036,-45.5277,53739,1669,387.49,169.99,9.44752e+11,0
evt_773,26,1,-1,2,1,2.49099,1.08868,2,-1251.34,-29.9281,116474,524,464.99,117.49,9.44752e+11,0
evt_773,27,1,-1,2,1,2.10432,0.923246,5,-1249.43,-19.8915,88756,169,402.49,22.49,9.44752e+11,0
evt_773,50,2,-1,2,1,0.130228,0.955204,1,-25.2006,-25.2006,209,209,62.49,62.49,9.44752e+11,0
evt_773,56,2,-1,1,2,-19.2687,0.923456,5,-26.1097,-17.2988,8643,320,1349.99,49.99,9.44752e+11,0
evt_773,62,2,-1,4,2,-1.15223,0.897667,1,-71.2816,-71.2816,793,793,82.49,82.49,9.44752e+11,0
evt_773,63,2,-1,4,2,-1.32833,0.930768,1,-26.8251,-26.8251,163,163,67.49,67.49,9.44752e+11,0
evt_773,64,2,-1,1,3,4.20619,0.691165,4,-1250.39,-17.3809,92580,185,402.49,64.99,9.44752e+11,0
evt_773,65,2,-1,1,3,6.72958,0.949865,2,-1250.42,-18.95,110894,226,477.49,72.49,9.44752e+11,0
evt_773,72,3,-1,1,1,-10.7744,1.05538,5,-29.2502,-15.2498,7390,288,882.49,54.99,9.44752e+11,0
evt_774,4,0,-1,3,1,-0.186578,0.83683,2,-1248.75,-411.442,192933,10331,582.49,174.99,9.44765e+11,0
evt_774,5,0,-1,3,1,-0.44449,0.631861,2,-1250.54,-603.662,273175,27439,877.49,184.99,9.44765e+11,0
evt_774,12,0,-1,3,2,-2.11263,1.16272,1,-104.043,-104.043,4188,4188,224.99,224.99,9.44765e+11,0
evt_774,13,0,-1,3,2,-0.108668,0.869862,1,-165.502,-165.502,7676,7676,272.49,272.49,9.44765e+11,0
evt_774,14,0,-1,4,2,-1.67013,1.08801,1,-124.698,-124.698,5636,5636,254.99,254.99,9.44765e+11,0
evt_774,15,0,-1,4,2,-1.31576,0.716038,1,-192.429,-192.429,11934,11934,324.99,324.99,9.44765e+11,0
evt_774,26,1,-1,2,1,-2.81257,1.12271,1,-1251.34,-1251.34,327983,327983,957.49,957.49,9.44765e+11,0
evt_774,27,1,-1,2,1,0.673396,0.948571,2,-1249.47,-321.966,377018,6226,1087.49,62.49,9.44765e+11,0
evt_774,28,1,-1,3,1,-0.486254,0.911289,3,-1248.48,-28.7084,291246,182,924.99,62.49,9.44765e+11,0
evt_774,29,1,-1,3,1,-2.74848,0.840355,2,-1249.77,-119.632,359562,1055,1099.99,114.99,9.44765e+11,0
evt_774,50,2,-1,2,1,1.75437,0.868457,1,-1250.77,-1250.77,275678,275678,854.99,854.99,9.44765e+11,0
evt_774,51,2,-1,2,1,0.817089,0.931652,1,-1250.42,-1250.42,248339,248339,764.99,764.99,9.44765e+11,0
evt_774,56,2,-1,1,2,-1.15171,0.963618,1,-25.2532,-25.2532,311,311,82.49,82.49,9.44765e+11,0
evt_774,57,2,-1,1,2,-0.968191,0.645134,1,-34.6931,-34.6931,455,455,87.49,87.49,9.44765e+11,0
evt_774,74,3,-1,2,1,0.805706,0.958389,2,-1250.31,-661.43,345951,23530,1089.99,177.49,9.44765e+11,0
evt_774,75,3,-1,2,1,-1.56686,0.963784,2,-1250.04,-137.707,330438,1732,1109.99,42.49,9.44765e+11,0
evt_775,14,0,-1,4,2,0.459147,1.05424,1,-30.92,-30.92,1078,1078,147.49,147.49,9.44813e+11,0
evt_775,38,1,-1,4,2,1.6202,1.06403,1,-410.496,-410.496,17470,17470,299.99,299.99,9.44813e+11,0
evt_775,39,1,-1,4,2,2.93816,1.03651,2,-203.248,-103.386,10090,3269,284.99,107.49,9.44813e+11,0
evt_775,62,2,-1,4,2,-0.780098,0.852587,1,-699.295,-699.295,33467,33467,347.49,347.49,9.44813e+11,0
evt_775,63,2,-1,4,2,-4.02867,0.759963,1,-1096.93,-1096.93,58821,58821,444.99,444.99,9.44813e+11,0
evt_775,93,3,-1,3,3,-2.2818,0.814603,1,-17.189,-17.189,420,420,79.99,79.99,0,1.38595e+19
evt_776,27,1,-1,2,1,2.38151,0.923867,1,-26.5716,-26.5716,970,970,139.99,139.99,9.44858e+11,0
evt_776,49,2,-1,1,1,-0.792911,0.578276,1,-67.1335,-67.1335,463,463,69.99,69.99,9.44858e+11,0
evt_776,50,2,-1,2,1,0.5935,0.795412,3,-1250.31,-26.3522,130053,239,714.99,72.49,9.44858e+11,0
evt_776,51,2,-1,2,1,0.858466,0.822499,5,-1250.69,-23.7767,106354,260,462.49,77.49,9.44858e+11,0
evt_776,74,3,-1,2,1,0.505229,0.6412,3,-634.897,-25.4697,31547,853,357.49,129.99,9.44858e+11,0
evt_776,75,3,-1,2,1,0.30303,0.512694,2,-323.91,-59.0173,16332,2515,342.49,199.99,9.44858e+11,0
evt_777,6,0,-1,4,1,-0.704193,0.930333,1,-187.125,-187.125,8721,8721,277.49,277.49,9.4487e+11,0
evt_777,7,0,-1,4,1,0.260483,1.56721,1,-105.492,-105.492,4251,4251,219.99,219.99,9.4487e+11,0
evt_777,28,1,-1,3,1,0.0909548,0.946409,2,-1248.33,-46.0529,100193,1679,389.99,172.49,9.4487e+11,0
evt_777,29,1,-1,3,1,0.170556,1.20614,2,-1249.86,-30.8019,99056,1034,469.99,144.99,9.4487e+11,0
evt_777,30,1,-1,4,1,-1.37573,0.883873,1,-40.5273,-40.5273,1292,1292,144.99,144.99,9.4487e+11,0
evt_777,56,2,-1,1,2,-2.5972,0.801254,3,-1250.39,-18.1849,83315,327,464.99,79.99,9.4487e+11,0
evt_777,57,2,-1,1,2,0.920548,0.634806,1,-1026.06,-1026.06,42805,42805,327.49,327.49,9.4487e+11,0
evt_777,68,2,-1,3,3,-2.82814,0.852434,1,-53.4514,-53.4514,1985,1985,182.49,182.49,9.4487e+11,0
evt_777,78,3,-1,4,1,-5.0445,1.07796,3,-17.7674,-16.5837,1555,160,274.99,27.49,9.4487e+11,0
evt_777,80,3,-1,1,2,9.15502,0.978492,1,-1182.61,-1182.61,66711,66711,397.49,397.49,9.4487e+11,0
evt_777,81,3,-1,1,2,-2.56509,0.776734,2,-1218.79,-20.2318,63367,487,384.99,92.49,9.4487e+11,0
evt_778,7,0,-1,4,1,4.1051,0.794122,1,-16.9723,-16.9723,379,379,77.49,77.49,9.44897e+11,0
evt_778,14,0,-1,4,2,0.672199,0.954141,1,-387.387,-387.387,20100,20100,349.99,349.99,9.44897e+11,0
evt_778,15,0,-1,4,2,0.0346309,0.761434,2,-456.468,-41.0264,22379,1461,329.99,162.49,9.44897e+11,0
evt_778,26,1,-1,2,1,0.777481,1.20219,1,-811.237,-811.237,42150,42150,469.99,469.99,9.44897e+11,0
evt_778,27,1,-1,2,1,0.365028,0.921363,2,-443.172,-30.0809,27093,561,377.49,54.99,9.44897e+11,0
evt_778,60,2,-1,3,2,-2.75288,0.84846,1,-324.186,-324.186,15203,15203,307.49,307.49,9.44897e+11,0
evt_778,61,2,-1,3,2,2.33061,0.92988,3,-272.909,-42.8526,16128,1296,554.99,147.49,9.44897e+11,0
evt_778,80,3,-1,1,2,4.56656,1.12236,1,-22.4408,-22.4408,804,804,132.49,132.49,9.44897e+11,0
evt_779,18,0,-1,2,3,-3.25697,0.682879,2,-114.147,-26.0396,4441,808,229.99,119.99,9.44962e+11,0
evt_779,38,1,-1,4,2,0.539689,1.15226,1,-49.1854,-49.1854,1685,1685,169.99,169.99,9.44962e+11,0
evt_779,54,2,-1,4,1,1.95792,0.949361,1,-67.3286,-67.3286,2688,2688,209.99,209.99,9.44962e+11,0
evt_779,55,2,-1,4,1,-0.501246,1.08143,1,-53.6472,-53.6472,1857,1857,172.49,172.49,9.44962e+11,0
evt_779,72,3,-1,1,1,-20.5481,1.50977,1,-30.267,-30.267,20273,20273,2507.49,2507.49,9.44962e+11,0
evt_779,78,3,-1,4,1,-1.59853,1.03807,2,-16.1255,-15.2083,430,290,82.49,57.49,9.44962e+11,0
evt_779,90,3,-1,2,3,3.94013,1.03959,1,-547.626,-547.626,24254,24254,314.99,314.99,1.49602e+14,4.58907e+18
evt_779,91,3,-1,2,3,0.000422152,1.03651,3,-289.067,-18.4657,13480,505,297.49,97.49,0,4.57947e+18
evt_779,93,3,-1,3,3,-10.1685,1.23075,2,-17.8812,-16.1654,876,785,154.99,134.99,0,4.55858e+18
evt_780,6,0,-1,4,1,-0.255734,0.790334,2,-286.564,-75.9006,13765,3088,302.49,202.49,9.44964e+11,0
evt_780,7,0,-1,4,1,4.38604,0.951689,1,-136.342,-136.342,7051,7051,294.99,294.99,9.44964e+11,0
evt_780,49,2,-1,1,1,-0.129495,0.648398,1,-81.8279,-81.8279,397,397,62.49,62.49,9.44964e+11,0
evt_780,54,2,-1,4,1,-1.25799,0.726806,1,-311.898,-311.898,13658,13658,302.49,302.49,9.44964e+11,0
evt_780,55,2,-1,4,1,-4.37362,0.933832,1,-816.92,-816.92,41084,41084,379.99,379.99,9.44964e+11,0
evt_780,78,3,-1,4,1,2.08998,0.93985,2,-523.76,-36.5237,34618,1285,569.99,154.99,9.44964e+11,0
evt_780,79,3,-1,4,1,-1.4578,0.909935,1,-387.006,-387.006,22163,22163,382.49,382.49,9.44964e+11,0
evt_780,80,3,-1,1,2,-8.19509,1.40751,2,-19.398,-17.0238,1067,471,172.49,89.99,9.44964e+11,0
evt_781,40,1,-1,1,3,3.21903,0.538189,2,-141.523,-40.3341,6047,1371,252.49,154.99,9.45006e+11,0
evt_781,41,1,-1,1,3,0.340893,0.869693,2,-255.167,-30.1914,13401,1065,312.49,144.99,9.45006e+11,0
evt_781,56,2,-1,1,2,-17.6362,1.01343,4,-23.6291,-18.8725,6273,1428,922.49,234.99,9.45006e+11,0
evt_781,64,2,-1,1,3,0.385049,0.631625,2,-1250.35,-22.5698,79748,461,567.49,94.99,9.45006e+11,0
evt_781,65,2,-1,1,3,0.452285,0.782053,1,-1250.12,-1250.12,91759,91759,392.49,392.49,9.45006e+11,0
evt_781,82,3,-1,2,2,-17.3571,1.58297,7,-21.2551,-15.7093,8164,304,1279.99,52.49,9.45006e+11,0
evt_781,88,3,-1,1,3,1.46685,0.940419,2,-1185.45,-23.9775,57158,664,352.49,117.49,1.49602e+14,1.10382e+12
evt_781,89,3,-1,1,3,-0.0437925,0.795131,1,-1193.23,-1193.23,80627,80627,527.49,527.49,1.49602e+14,1.3811e+19
evt_783,16,0,-1,1,3,1.45872,0.849396,1,-46.4678,-46.4678,1616,1616,159.99,159.99,9.45111e+11,0
evt_783,17,0,-1,1,3,-0.39033,0.888926,1,-66.2976,-66.2976,2866,2866,207.49,207.49,9.45111e+11,0
evt_783,40,1,-1,1,3,0.975901,0.845738,1,-298.099,-298.099,16279,16279,339.99,339.99,9.45111e+11,0
evt_783,41,1,-1,1,3,-0.748601,0.457784,1,-400.248,-400.248,18949,18949,329.99,329.99,9.45111e+11,0
evt_783,58,2,-1,2,2,1.47971,0.687758,1,-29.1924,-29.1924,340,340,84.99,84.99,9.45111e+11,0
evt_783,59,2,-1,2,2,0.968181,0.683745,1,-26.1604,-26.1604,298,298,79.99,79.99,9.45111e+11,0
evt_783,64,2,-1,1,3,-0.526607,0.711702,1,-23.9452,-23.9452,790,790,124.99,124.99,9.45111e+11,0
evt_783,65,2,-1,1,3,-0.742769,0.866943,1,-25.7746,-25.7746,755,755,122.49,122.49,9.45111e+11,0
evt_784,16,0,-1,1,3,1.62845,0.667206,2,-1139.72,-36.6001,53704,1208,349.99,162.49,9.45244e+11,0
evt_784,17,0,-1,1,3,-1.21241,0.90338,1,-1250.08,-1250.08,81423,81423,404.99,404.99,9.45244e+11,0
evt_784,42,1,-1,2,3,5.41632,1.06303,1,-41.557,-41.557,1485,1485,159.99,159.99,9.45244e+11,0
evt_784,56,2,-1,1,2,-18.695,0.901651,1,-29.089,-29.089,22992,22992,2507.49,2507.49,9.45244e+11,0
evt_784,93,3,-1,3,3,-11.8953,0.834183,6,-20.9373,-15.1736,2036,98,319.99,17.49,0,4.59321e+18
evt_785,4,0,-1,3,1,-0.4643,0.741865,2,-557.306,-32.8648,28222,1040,377.49,137.49,9.4527e+11,0
evt_785,5,0,-1,3,1,-0.295284,1.12924,2,-865.561,-23.7516,41834,668,369.99,114.99,9.4527e+11,0
evt_785,40,1,-1,1,3,-0.0854941,0.932077,3,-574.849,-71.0615,26691,1306,352.49,42.49,9.4527e+11,0
evt_785,41,1,-1,1,3,-0.52444,0.504153,1,-802.224,-802.224,40502,40502,374.99,374.99,9.4527e+11,0
evt_785,56,2,-1,1,2,-17.8906,0.909996,1,-25.2315,-25.2315,18458,18458,2507.49,2507.49,9.4527e+11,0
evt_785,74,3,-1,2,1,4.42475,1.03133,1,-44.8687,-44.8687,1166,1166,132.49,132.49,9.4527e+11,0
evt_786,14,0,-1,4,2,-0.70441,0.9633,1,-155.172,-155.172,7863,7863,277.49,277.49,9.45303e+11,0
evt_786,15,0,-1,4,2,-0.188289,0.944298,1,-203.204,-203.204,11985,11985,317.49,317.49,9.45303e+11,0
evt_786,44,1,-1,3,3,-0.0236952,0.8026,1,-634.415,-634.415,33951,33951,392.49,392.49,9.45303e+11,0
evt_786,45,1,-1,3,3,5.98006,0.950994,2,-730.316,-27.4883,38555,644,444.99,104.99,9.45303e+11,0
evt_786,67,2,-1,2,3,0.796694,0.779455,1,-20.3964,-20.3964,607,607,107.49,107.49,9.45303e+11,0
evt_786,72,3,-1,1,1,-9.30543,1.09248,3,-25.9151,-18.1869,8479,224,1102.49,34.99,9.45303e+11,0
evt_787,2,0,-1,2,1,-0.780484,0.7377,1,-369.197,-369.197,14845,14845,284.99,284.99,9.45342e+11,0
evt_787,3,0,-1,2,1,0.554739,0.996775,1,-482.699,-482.699,28182,28182,419.99,419.99,9.45342e+11,0
evt_787,4,0,-1,3,1,-0.19484,0.82621,2,-211.288,-19.9401,10403,595,297.49,104.99,9.45342e+11,0
evt_787,5,0,-1,3,1,-0.251202,0.837931,1,-242.172,-242.172,10778,10778,282.49,282.49,9.45342e+11,0
evt_787,44,1,-1,3,3,1.61122,0.885066,2,-238.71,-18.2228,9640,377,267.49,79.99,9.45342e+11,0
evt_787,45,1,-1,3,3,-8.72289,1.10662,1,-244.763,-244.763,13429,13429,322.49,322.49,9.45342e+11,0
evt_787,68,2,-1,3,3,3.49685,0.861012,1,-78.1577,-78.1577,4413,4413,309.99,309.99,9.45342e+11,0
evt_787,69,2,-1,3,3,-11.0519,0.856658,2,-22.8362,-16.9761,1011,590,149.99,109.99,9.45342e+11,0
evt_787,81,3,-1,1,2,-4.61615,0.663299,2,-16.1641,-15.2585,361,313,69.99,59.99,9.45342e+11,0
evt_787,92,3,-1,3,3,-0.232829,0.81338,1,-147.464,-147.464,6670,6670,257.49,257.49,0,1.38561e+19
evt_788,8,0,-1,1,2,7.18398,0.710731,2,-653.543,-34.4305,30849,1034,304.99,134.99,9.45406e+11,0
evt_788,27,1,-1,2,1,0.201069,1.38477,1,-21.5782,-21.5782,662,662,112.49,112.49,9.45406e+11,0
evt_788,49,2,-1,1,1,-0.210998,0.711223,1,-42.7823,-42.7823,316,316,72.49,72.49,9.45406e+11,0
evt_788,50,2,-1,2,1,-0.243605,0.826247,1,-20.5853,-20.5853,157,157,64.99,64.99,9.45406e+11,0
evt_788,56,2,-1,1,2,-15.1488,1.33723,8,-21.7692,-15.8586,4836,563,722.49,99.99,9.45406e+11,0
evt_788,80,3,-1,1,2,-13.0654,0.874724,5,-20.5329,-16.8817,1352,442,214.99,82.49,9.45406e+11,0
evt_789,2,0,-1,2,1,24.3583,7.59209,3,-100.005,-25.9995,2121,197,139.99,89.99,9.45417e+11,0
evt_789,3,0,-1,2,1,10.1009,5.1428,3,-223.604,-19.2913,8037,206,212.49,74.99,9.45417e+11,0
evt_789,26,1,-1,2,1,2.36873,1.21972,1,-48.7218,-48.7218,2197,2197,204.99,204.99,9.45417e+11,0
evt_789,50,2,-1,2,1,0.852967,1.0155,2,-196.23,-30.4243,11653,1127,317.49,152.49,9.45417e+11,0
evt_789,51,2,-1,2,1,0.37428,0.54045,1,-187.459,-187.459,9197,9197,287.49,287.49,9.45417e+11,0
evt_789,54,2,-1,4,1,-1.05613,1.14896,1,-24.9322,-24.9322,273,273,77.49,77.49,9.45417e+11,0
evt_789,56,2,-1,1,2,1.27052,0.627686,1,-27.1673,-27.1673,183,183,62.49,62.49,9.45417e+11,0
evt_789,57,2,-1,1,2,1.13622,0.764107,1,-55.2067,-55.2067,238,238,62.49,62.49,9.45417e+11,0
evt_789,80,3,-1,1,2,-7.92107,1.0805,2,-17.7005,-16.2442,604,462,112.49,82.49,9.45417e+11,0
evt_789,94,3,-1,4,3,95.4219,1.17035,1,-307.59,-307.59,10315,10315,227.49,227.49,4.38087e+11,4.59053e+18
evt_789,95,3,-1,4,3,39.8607,3.65279,4,-498.183,-37.285,25708,505,442.49,112.49,4.38087e+11,4.61474e+18
evt_790,6,0,-1,4,1,-0.177968,1.07429,1,-896.855,-896.855,42249,42249,357.49,357.49,9.45419e+11,0
evt_790,7,0,-1,4,1,-1.94604,1.08997,1,-123.106,-123.106,6074,6074,274.99,274.99,9.45419e+11,0
evt_790,30,1,-1,4,1,2.53134,1.15831,2,-593.288,-31.8335,26864,785,324.99,119.99,9.45419e+11,0
evt_790,31,1,-1,4,1,0.961316,1.02121,1,-256.005,-256.005,14440,14440,329.99,329.99,9.45419e+11,0
evt_790,78,3,-1,4,1,0.599545,1.22852,1,-48.3786,-48.3786,2012,2012,187.49,187.49,9.45419e+11,0
evt_790,93,3,-1,3,3,-14.1349,0.994186,3,-19.3664,-16.933,1586,602,254.99,104.99,0,4.66629e+18
evt_791,8,0,-1,1,2,1.65429,0.799223,2,-339.952,-19.3577,14038,665,287.49,127.49,9.4542e+11,0
evt_791,9,0,-1,1,2,0.952822,0.720194,2,-242.396,-31.5301,9400,735,284.99,107.49,9.4542e+11,0
evt_791,16,0,-1,1,3,0.452485,0.709654,2,-272.099,-41.6665,11539,1380,279.99,152.49,9.4542e+11,0
evt_791,17,0,-1,1,3,-0.948436,0.842956,2,-547.897,-21.0463,27083,557,344.99,104.99,9.4542e+11,0
evt_791,41,1,-1,1,3,6.30471,0.621914,1,-59.9705,-59.9705,2289,2289,179.99,179.99,9.4542e+11,0
evt_791,87,3,-1,4,2,7.29239,1.16623,1,-48.6474,-48.6474,1933,1933,184.99,184.99,9.4542e+11,0
evt_791,88,3,-1,1,3,-0.276148,0.86445,3,-1250.23,-49.9069,106093,1846,472.49,197.49,1.49602e+14,1.10382e+12
evt_791,89,3,-1,1,3,0.30981,0.744278,2,-1249.93,-28.0554,97692,718,422.49,137.49,1.49602e+14,4.4609e+18
evt_791,93,3,-1,3,3,-7.53067,0.89124,3,-16.4691,-15.8999,486,381,92.49,77.49,0,1.38588e+19
evt_792,49,2,-1,1,1,-1.09363,0.648665,1,-53.5323,-53.5323,308,308,62.49,62.49,9.4543e+11,0
evt_792,54,2,-1,4,1,1.20373,0.660602,1,-32.7533,-32.7533,250,250,72.49,72.49,9.4543e+11,0
evt_793,4,0,-1,3,1,-1.58083,0.577715,1,-150.556,-150.556,6916,6916,269.99,269.99,9.45467e+11,0
evt_793,5,0,-1,3,1,0.581194,0.943543,1,-276.639,-276.639,11242,11242,267.49,267.49,9.45467e+11,0
evt_793,26,1,-1,2,1,-1.75,1.57866,1,-155.206,-155.206,8521,8521,309.99,309.99,9.45467e+11,0
evt_793,27,1,-1,2,1,0.452687,1.04575,1,-53.1047,-53.1047,3501,3501,272.49,272.49,9.45467e+11,0
evt_793,35,1,-1,2,2,-1.113,0.807312,1,-23.7131,-23.7131,767,767,124.99,124.99,9.45467e+11,0
evt_793,54,2,-1,4,1,1.25845,0.766601,1,-29.2026,-29.2026,270,270,72.49,72.49,9.45467e+11,0
evt_793,60,2,-1,3,2,-2.27804,0.778589,1,-16.1276,-16.1276,138,138,47.49,47.49,9.45467e+11,0
evt_793,61,2,-1,3,2,0.316732,0.858074,1,-17.0803,-17.0803,127,127,54.99,54.99,9.45467e+11,0
evt_793,66,2,-1,2,3,1.00815,0.84797,1,-33.7787,-33.7787,1116,1116,142.49,142.49,9.45467e+11,0
evt_793,67,2,-1,2,3,0.947369,0.57878,1,-43.9583,-43.9583,1692,1692,169.99,169.99,9.45467e+11,0
evt_793,80,3,-1,1,2,4.50279,1.1906,1,-415.084,-415.084,21282,21282,322.49,322.49,9.45467e+11,0
evt_793,81,3,-1,1,2,-2.9527,0.829783,1,-256.604,-256.604,19752,19752,434.99,434.99,9.45467e+11,0
evt_794,6,0,-1,4,1,0.918585,0.893572,3,-1250.27,-97.1037,142960,6131,574.99,152.49,9.45473e+11,0
evt_794,7,0,-1,4,1,1.50171,0.892046,1,-1250.46,-1250.46,124958,124958,657.49,657.49,9.45473e+11,0
evt_794,36,1,-1,3,2,2.56784,0.849561,1,-1250.46,-1250.46,89483,89483,402.49,402.49,9.45473e+11,0
evt_794,37,1,-1,3,2,-3.68856,0.970726,3,-1250.54,-39.6175,104401,760,419.99,119.99,9.45473e+11,0
evt_794,60,2,-1,3,2,-2.38999,0.708262,1,-283.764,-283.764,11053,11053,282.49,282.49,9.45473e+11,0
evt_794,61,2,-1,3,2,2.01699,0.671588,1,-43.3869,-43.3869,1371,1371,152.49,152.49,9.45473e+11,0
evt_794,80,3,-1,1,2,-6.28407,0.949143,2,-16.7688,-16.639,424,416,82.49,82.49,9.45473e+11,0
evt_794,92,3,-1,3,3,20.8955,0.756735,2,-1250.58,-358.064,102672,22391,462.49,397.49,0,4.58777e+18
evt_794,93,3,-1,3,3,0.892468,1.23249,1,-305.038,-305.038,17479,17479,324.99,324.99,0,4.61619e+18
evt_795,16,0,-1,1,3,1.51958,0.913437,1,-50.0179,-50.0179,1764,1764,164.99,164.99,9.45474e+11,0
evt_795,18,0,-1,2,3,-1.40252,0.548207,1,-120.323,-120.323,5211,5211,244.99,244.99,9.45474e+11,0
evt_795,19,0,-1,2,3,0.488025,0.644418,1,-22.3379,-22.3379,735,735,117.49,117.49,9.45474e+11,0
evt_795,62,2,-1,4,2,4.68818,0.653025,3,-418.409,-35.9888,23022,981,342.49,127.49,9.45474e+11,0
evt_795,63,2,-1,4,2,4.90798,0.808805,2,-615.185,-28.9792,42350,772,539.99,114.99,9.45474e+11,0
evt_795,72,3,-1,1,1,-20.8379,0.840831,4,-26.6114,-17.9892,9644,748,1219.99,124.99,9.45474e+11,0
evt_796,6,0,-1,4,1,-3.34317,0.885325,1,-1046.3,-1046.3,51620,51620,374.99,374.99,9.45529e+11,0
evt_796,7,0,-1,4,1,-1.21967,1.24198,1,-237.259,-237.259,12002,12002,302.49,302.49,9.45529e+11,0
evt_796,30,1,-1,4,1,3.5117,0.996268,1,-52.9978,-52.9978,1812,1812,167.49,167.49,9.45529e+11,0
evt_796,31,1,-1,4,1,2.2276,1.0973,2,-98.3213,-65.041,3121,2471,197.49,184.99,9.45529e+11,0
evt_796,58,2,-1,2,2,2.01866,0.763346,1,-65.2356,-65.2356,2642,2642,192.49,192.49,9.45529e+11,0
evt_796,59,2,-1,2,2,1.16259,0.988922,1,-134.997,-134.997,6564,6564,262.49,262.49,9.45529e+11,0
evt_796,60,2,-1,3,2,-11.427,0.735479,3,-16.201,-15.0639,517,299,92.49,57.49,9.45529e+11,0
evt_796,62,2,-1,4,2,0.0125076,0.631411,1,-61.9189,-61.9189,730,730,84.99,84.99,9.45529e+11,0
evt_796,63,2,-1,4,2,1.46236,0.972576,1,-25.6171,-25.6171,107,107,69.99,69.99,9.45529e+11,0
evt_796,79,3,-1,4,1,37.8645,0.7326,1,-52.6484,-52.6484,1322,1322,142.49,142.49,9.45529e+11,0
evt_796,92,3,-1,3,3,4.23023,1.04164,2,-200.148,-130.579,9474,5909,282.49,247.49,0,1.36854e+19
evt_796,93,3,-1,3,3,11.2699,1.19631,1,-36.1814,-36.1814,1522,1522,187.49,187.49,0,4.53352e+18
evt_797,12,0,-1,3,2,8.24793,0.54995,1,-290.852,-290.852,12391,12391,284.99,284.99,9.45555e+11,0
evt_797,13,0,-1,3,2,6.50706,0.935082,2,-808.621,-325.321,39184,13345,342.49,227.49,9.45555e+11,0
evt_797,26,1,-1,2,1,0.595473,1.03173,2,-714.728,-45.7889,36478,1398,377.49,154.99,9.45555e+11,0
evt_797,27,1,-1,2,1,2.63309,0.833262,1,-552.083,-552.083,29002,29002,422.49,422.49,9.45555e+11,0
evt_797,56,2,-1,1,2,0.340458,0.927757,1,-74.9166,-74.9166,3319,3319,219.99,219.99,9.45555e+11,0
evt_797,57,2,-1,1,2,1.75558,0.801349,1,-39.0777,-39.0777,1345,1345,152.49,152.49,9.45555e+11,0
evt_797,61,2,-1,3,2,5.55317,0.812192,1,-38.1641,-38.1641,1243,1243,152.49,152.49,9.45555e+11,0
evt_797,65,2,-1,1,3,6.71206,2.1218,2,-48.1163,-29.7779,1453,745,152.49,114.99,9.45555e+11,0
evt_797,88,3,-1,1,3,1.41298,0.855336,1,-795.078,-795.078,33906,33906,389.99,389.99,1.49602e+14,1.10382e+12
evt_797,89,3,-1,1,3,-1.49425,0.758368,1,-1034.45,-1034.45,52172,52172,349.99,349.99,1.49602e+14,4.51225e+18
evt_798,6,0,-1,4,1,1.07149,0.942677,2,-1250.16,-57.6157,87354,2025,419.99,174.99,9.45595e+11,0
evt_798,7,0,-1,4,1,-3.57841,0.644433,1,-1109.14,-1109.14,51120,51120,382.49,382.49,9.45595e+11,0
evt_798,46,1,-1,4,3,-2.3236,1.50564,4,-1250.27,-36.0328,112502,590,402.49,109.99,9.45595e+11,0
evt_798,47,1,-1,4,3,1.31005,1.0499,3,-1250.39,-73.2032,113176,1728,574.99,147.49,9.45595e+11,0
evt_798,49,2,-1,1,1,-1.03064,0.676835,1,-25.2581,-25.2581,328,328,82.49,82.49,9.45595e+11,0
evt_798,51,2,-1,2,1,9.86848,0.943319,1,-417.126,-417.126,17839,17839,289.99,289.99,9.45595e+11,0
evt_798,54,2,-1,4,1,-0.0810738,0.899615,1,-33.094,-33.094,383,383,82.49,82.49,9.45595e+11,0
evt_798,55,2,-1,4,1,2.67397,0.993429,1,-32.151,-32.151,296,296,79.99,79.99,9.45595e+11,0
evt_798,62,2,-1,4,2,2.38765,1.04882,1,-91.3537,-91.3537,4508,4508,302.49,302.49,9.45595e+11,0
evt_798,63,2,-1,4,2,1.32299,0.630511,1,-715.569,-715.569,39375,39375,372.49,372.49,9.45595e+11,0
evt_798,86,3,-1,4,2,-0.81543,0.817503,1,-64.6216,-64.6216,2226,2226,177.49,177.49,9.45595e+11,0
evt_799,6,0,-1,4,1,6.0638,0.858111,1,-110.025,-110.025,4524,4524,224.99,224.99,9.45623e+11,0
evt_799,12,0,-1,3,2,-1.75171,0.78478,2,-1250.27,-65.5324,100256,1188,392.49,59.99,9.45623e+11,0
evt_799,13,0,-1,3,2,0.165055,0.692731,4,-1250.12,-79.6038,112706,2448,419.99,154.99,9.45623e+11,0
evt_799,30,1,-1,4,1,-1.67899,0.924659,1,-358.038,-358.038,14266,14266,287.49,287.49,9.45623e+11,0
evt_799,31,1,-1,4,1,0.297586,1.07616,1,-330.239,-330.239,16505,16505,332.49,332.49,9.45623e+11,0
evt_799,42,1,-1,2,3,0.951126,1.04179,1,-73.3119,-73.3119,3165,3165,212.49,212.49,9.45623e+11,0
evt_799,54,2,-1,4,1,0.576084,0.729069,1,-265.347,-265.347,14290,14290,312.49,312.49,9.45623e+11,0
evt_799,55,2,-1,4,1,-1.22018,0.654356,1,-431.775,-431.775,20324,20324,344.99,344.99,9.45623e+11,0
evt_800,0,0,-1,1,1,5.37163,0.94724,1,-25.1284,-25.1284,687,687,112.49,112.49,9.4583e+11,0
evt_800,1,0,-1,1,1,2.41674,9.26427,2,-56.7299,-22.5632,1652,496,152.49,92.49,9.4583e+11,0
evt_801,0,0,-1,1,1,1.05032,0.83201,1,-71.4095,-71.4095,2562,2562,184.99,184.99,9.45892e+11,0
evt_801,1,0,-1,1,1,-1.08356,1.24322,3,-132.293,-23.7502,4859,576,219.99,102.49,9.45892e+11,0
evt_801,4,0,-1,3,1,1.78848,0.641218,1,-1089.31,-1089.31,56987,56987,377.49,377.49,9.45892e+11,0
evt_801,5,0,-1,3,1,-0.270172,0.684468,1,-1250.12,-1250.12,82358,82358,434.99,434.99,9.45892e+11,0
evt_801,24,1,-1,1,1,1.87621,0.862345,1,-86.5779,-86.5779,3317,3317,209.99,209.99,9.45892e+11,0
evt_801,25,1,-1,1,1,0.229895,0.763241,1,-94.1731,-94.1731,4561,4561,252.49,252.49,9.45892e+11,0
evt_801,48,2,-1,1,1,1.00498,1.33977,1,-57.9971,-57.9971,2455,2455,199.99,199.99,9.45892e+11,0
evt_801,49,2,-1,1,1,-0.177362,0.85869,2,-47.3812,-24.3883,2357,814,224.99,129.99,9.45892e+11,0
evt_801,72,3,-1,1,1,-13.967,1.56809,5,-26.1541,-17.5397,2668,919,374.99,152.49,9.45892e+11,0
evt_802,14,0,-1,4,2,-1.18172,1.06061,2,-565.254,-42.5445,37215,1492,387.49,159.99,9.45895e+11,0
evt_802,15,0,-1,4,2,-0.519628,0.503351,2,-686.372,-28.4095,37451,946,372.49,134.99,9.45895e+11,0
evt_802,44,1,-1,3,3,0.105159,1.29819,1,-42.9644,-42.9644,1553,1553,164.99,164.99,9.45895e+11,0
evt_802,45,1,-1,3,3,1.8365,1.1818,1,-43.0441,-43.0441,1473,1473,157.49,157.49,9.45895e+11,0
evt_802,49,2,-1,1,1,0.198048,0.75466,1,-54.3076,-54.3076,292,292,62.49,62.49,9.45895e+11,0
evt_802,60,2,-1,3,2,6.29693,1.03454,1,-220.823,-220.823,13422,13422,422.49,422.49,9.45895e+11,0
evt_802,61,2,-1,3,2,1.65865,0.991452,1,-83.7606,-83.7606,3687,3687,229.99,229.99,9.45895e+11,0
evt_802,72,3,-1,1,1,-0.0469864,0.801085,2,-435.359,-16.3938,23408,153,322.49,24.99,9.45895e+11,0
evt_802,73,3,-1,1,1,12.8705,0.706156,1,-564.593,-564.593,26794,26794,314.99,314.99,9.45895e+11,0
evt_803,6,0,-1,4,1,-1.7786,1.00791,1,-63.4682,-63.4682,2612,2612,202.49,202.49,9.45953e+11,0
evt_803,13,0,-1,3,2,6.92049,0.610824,2,-102.287,-91.1582,4003,3740,217.49,209.99,9.45953e+11,0
evt_803,56,2,-1,1,2,-22.4471,1.46433,1,-69.9431,-69.9431,23002,23002,2507.49,2507.49,9.45953e+11,0
evt_803,57,2,-1,1,2,-0.619882,0.722722,1,-74.2525,-74.2525,522,522,69.99,69.99,9.45953e+11,0
evt_803,60,2,-1,3,2,14.0182,0.749523,3,-39.9904,-28.0213,1033,475,124.99,47.49,9.45953e+11,0
evt_803,81,3,-1,1,2,-31.0497,4.01766,1,-23.5286,-23.5286,452,452,79.99,79.99,9.45953e+11,0
evt_803,84,3,-1,3,2,2.84359,0.791953,1,-62.9405,-62.9405,2578,2578,197.49,197.49,9.45953e+11,0
evt_804,6,0,-1,4,1,-2.03633,1.10867,1,-348.272,-348.272,17787,17787,379.99,379.99,9.45967e+11,0
evt_804,7,0,-1,4,1,1.70883,0.850858,1,-295.624,-295.624,15283,15283,312.49,312.49,9.45967e+11,0
evt_804,11,0,-1,2,2,5.0833,0.965603,1,-64.4688,-64.4688,2486,2486,189.99,189.99,9.45967e+11,0
evt_804,36,1,-1,3,2,2.65837,0.933803,2,-188.642,-42.1276,7052,1343,244.99,149.99,9.45967e+11,0
evt_804,37,1,-1,3,2,2.00889,1.25527,1,-272.897,-272.897,11324,11324,282.49,282.49,9.45967e+11,0
evt_804,49,2,-1,1,1,-0.467209,0.882778,1,-73.2409,-73.2409,893,893,87.49,87.49,9.45967e+11,0
evt_804,50,2,-1,2,1,2.09454,0.89409,2,-198.442,-24.7794,11640,796,312.49,122.49,9.45967e+11,0
evt_804,51,2,-1,2,1,1.14842,0.696422,1,-120.09,-120.09,5435,5435,252.49,252.49,9.45967e+11,0
evt_804,59,2,-1,2,2,1.86482,0.708752,1,-62.4576,-62.4576,2663,2663,202.49,202.49,9.45967e+11,0
evt_804,76,3,-1,3,1,-6.70623,0.928666,3,-18.1095,-15.8666,634,413,112.49,79.99,9.45967e+11,0
evt_804,80,3,-1,1,2,-5.67337,0.857013,4,-37.2307,-16.5184,2636,357,287.49,74.99,9.45967e+11,0
evt_804,81,3,-1,1,2,4.82913,0.921661,1,-59.9707,-59.9707,2719,2719,214.99,214.99,9.45967e+11,0
evt_804,93,3,-1,3,3,-2.64889,1.81438,1,-16.3932,-16.3932,478,478,87.49,87.49,0,4.62515e+18
evt_805,14,0,-1,4,2,-0.895528,1.00299,2,-903.68,-73.9274,50288,3893,464.99,272.49,9.4606e+11,0
evt_805,15,0,-1,4,2,0.00364024,0.989589,2,-780.338,-56.8565,49165,2503,387.49,237.49,9.4606e+11,0
evt_805,36,1,-1,3,2,1.1532,0.999056,1,-75.9818,-75.9818,3366,3366,244.99,244.99,9.4606e+11,0
evt_805,37,1,-1,3,2,5.30154,0.961121,1,-77.3938,-77.3938,2850,2850,194.99,194.99,9.4606e+11,0
evt_805,58,2,-1,2,2,-0.393612,0.734112,1,-191.424,-191.424,8922,8922,282.49,282.49,9.4606e+11,0
evt_805,59,2,-1,2,2,-0.598151,0.724518,1,-33.8551,-33.8551,1333,1333,159.99,159.99,9.4606e+11,0
evt_805,72,3,-1,1,1,2.0268,1.49417,1,-133.133,-133.133,7696,7696,307.49,307.49,9.4606e+11,0
evt_805,73,3,-1,1,1,0.580512,0.738288,2,-148.99,-33.4003,6767,1315,259.99,159.99,9.4606e+11,0
evt_806,3,0,-1,2,1,4.43031,0.844605,1,-28.5922,-28.5922,1032,1032,144.99,144.99,9.46132e+11,0
evt_806,35,1,-1,2,2,3.65592,0.838124,1,-20.739,-20.739,599,599,102.49,102.49,9.46132e+11,0
evt_806,46,1,-1,4,3,-21.5322,3.63662,1,-52.8786,-52.8786,1901,1901,164.99,164.99,9.46132e+11,0
evt_806,62,2,-1,4,2,3.88719,0.784833,2,-478.486,-25.3034,21764,708,322.49,114.99,9.46132e+11,0
evt_806,63,2,-1,4,2,-0.762568,0.540966,2,-236.644,-105.303,12816,4455,337.49,232.49,9.46132e+11,0
evt_806,82,3,-1,2,2,-7.02415,1.62398,1,-15.8998,-15.8998,399,399,79.99,79.99,9.46132e+11,0
evt_806,90,3,-1,2,3,2.83273,1.31326,1,-172.132,-172.132,7425,7425,257.49,257.49,1.49602e+14,4.64227e+18
evt_806,91,3,-1,2,3,4.75455,0.568116,1,-142.017,-142.017,6156,6156,254.99,254.99,0,4.62722e+18
evt_807,58,2,-1,2,2,3.77717,0.708157,1,-42.5698,-42.5698,502,502,89.99,89.99,9.4623e+11,0
evt_807,59,2,-1,2,2,-0.709681,0.569953,1,-44.3537,-44.3537,563,563,87.49,87.49,9.4623e+11,0
evt_808,4,0,-1,3,1,-0.556941,0.950967,1,-1074.52,-1074.52,77350,77350,562.49,562.49,9.46263e+11,0
evt_808,5,0,-1,3,1,-0.258218,0.950716,2,-1250.23,-55.2435,80918,1667,582.49,157.49,9.46263e+11,0
evt_808,12,0,-1,3,2,-1.06707,0.910565,1,-708.706,-708.706,36008,36008,514.99,514.99,9.46263e+11,0
evt_808,13,0,-1,3,2,0.142632,1.0495,1,-969.443,-969.443,53760,53760,372.49,372.49,9.46263e+11,0
evt_808,14,0,-1,4,2,-1.92418,1.01141,1,-184.755,-184.755,10249,10249,364.99,364.99,9.46263e+11,0
evt_808,15,0,-1,4,2,-2.73338,0.617437,1,-107.319,-107.319,8346,8346,352.49,352.49,9.46263e+11,0
evt_808,20,0,-1,3,3,2.65363,0.792775,1,-820.527,-820.527,49962,49962,437.49,437.49,9.46263e+11,0
evt_808,21,0,-1,3,3,0.754197,1.1017,2,-154.864,-24.0531,8861,849,319.99,134.99,9.46263e+11,0
evt_808,26,1,-1,2,1,-4.56994,1.40829,2,-1251.27,-99.4318,105712,6855,414.99,409.99,9.46263e+11,0
evt_808,27,1,-1,2,1,-0.655548,0.835941,3,-1248.29,-24.9341,103627,631,484.99,119.99,9.46263e+11,0
evt_808,28,1,-1,3,1,-0.0775221,1.23922,1,-199.991,-199.991,9860,9860,269.99,269.99,9.46263e+11,0
evt_808,29,1,-1,3,1,-0.113133,1.2025,1,-232.258,-232.258,14267,14267,337.49,337.49,9.46263e+11,0
evt_808,30,1,-1,4,1,1.51067,1.12876,2,-1250.42,-214.649,117741,8977,454.99,354.99,9.46263e+11,0
evt_808,31,1,-1,4,1,0.615813,0.790121,4,-1249.94,-33.6668,101178,711,489.99,114.99,9.46263e+11,0
evt_808,34,1,-1,2,2,3.78928,0.925155,1,-157.189,-157.189,6250,6250,239.99,239.99,9.46263e+11,0
evt_808,35,1,-1,2,2,-1.13847,0.861031,2,-201.186,-103.888,9222,2456,289.99,77.49,9.46263e+11,0
evt_808,36,1,-1,3,2,0.735238,0.813714,3,-1249.97,-18.4527,143873,92,499.99,64.99,9.46263e+11,0
evt_808,37,1,-1,3,2,1.74962,1.19974,3,-1250.92,-28.4814,152379,375,454.99,79.99,9.46263e+11,0
evt_808,38,1,-1,4,2,7.74711,0.952796,2,-1250.54,-50.0982,163982,891,619.99,89.99,9.46263e+11,0
evt_808,39,1,-1,4,2,6.37133,0.924835,1,-1250.35,-1250.35,191781,191781,969.99,969.99,9.46263e+11,0
evt_808,42,1,-1,2,3,-1.15872,0.929954,1,-97.6006,-97.6006,6188,6188,329.99,329.99,9.46263e+11,0
evt_808,44,1,-1,3,3,2.52923,0.923484,2,-1250.35,-126.039,255392,2365,934.99,104.99,9.46263e+11,0
evt_808,45,1,-1,3,3,0.22315,0.936354,2,-1250.23,-25.8772,152224,34,567.49,82.49,9.46263e+11,0
evt_808,46,1,-1,4,3,-0.648876,1.2221,1,-1250.39,-1250.39,483223,483223,1289.99,1289.99,9.46263e+11,0
evt_808,47,1,-1,4,3,1.94706,0.828921,1,-1250.65,-1250.65,435695,435695,1184.99,1184.99,9.46263e+11,0
evt_808,48,2,-1,1,1,-0.0343899,1.03193,2,-1250.81,-167.185,341468,345,962.49,107.49,9.46263e+11,0
evt_808,49,2,-1,1,1,0.054606,0.709516,1,-1186.01,-1186.01,284550,284550,1252.49,1252.49,9.46263e+11,0
evt_808,50,2,-1,2,1,1.02859,1.25873,1,-1215.58,-1215.58,601954,601954,1277.49,1277.49,9.46263e+11,0
evt_808,51,2,-1,2,1,1.00588,0.802896,1,-1250.65,-1250.65,596557,596557,1277.49,1277.49,9.46263e+11,0
evt_808,52,2,-1,3,1,1.51125,1.09584,2,-792.35,-62.487,36245,3168,344.99,254.99,9.46263e+11,0
evt_808,53,2,-1,3,1,3.70549,0.737358,1,-489.492,-489.492,23371,23371,339.99,339.99,9.46263e+11,0
evt_808,56,2,-1,1,2,-2.85623,1.13436,1,-1250.42,-1250.42,233297,233297,892.49,892.49,9.46263e+11,0
evt_808,57,2,-1,1,2,-1.97311,1.51688,1,-1250.31,-1250.31,166400,166400,659.99,659.99,9.46263e+11,0
evt_808,58,2,-1,2,2,1.74897,1.1676,1,-1250.81,-1250.81,627034,627034,1277.49,1277.49,9.46263e+11,0
evt_808,59,2,-1,2,2,-0.57498,0.824168,1,-1250.81,-1250.81,628039,628039,1282.49,1282.49,9.46263e+11,0
evt_808,60,2,-1,3,2,6.80449,0.725515,3,-279.255,-21.6202,17457,485,349.99,94.99,9.46263e+11,0
evt_808,61,2,-1,3,2,-1.96632,0.538607,1,-291.008,-291.008,14786,14786,399.99,399.99,9.46263e+11,0
evt_808,64,2,-1,1,3,-3.1142,0.78167,2,-159.976,-34.077,8981,573,294.99,49.99,9.46263e+11,0
evt_808,65,2,-1,1,3,-0.735149,0.728692,2,-397.187,-30.9194,18670,1167,312.49,149.99,9.46263e+11,0
evt_808,66,2,-1,2,3,3.54981,1.26923,1,-1250.42,-1250.42,207833,207833,799.99,799.99,9.46263e+11,0
evt_808,67,2,-1,2,3,-0.304836,0.812486,2,-1250.35,-41.4398,226600,769,924.99,87.49,9.46263e+11,0
evt_808,68,2,-1,3,3,11.0964,0.97886,2,-65.78,-47.3083,1986,1380,164.99,147.49,9.46263e+11,0
evt_808,69,2,-1,3,3,2.42939,0.733217,1,-35.0707,-35.0707,1704,1704,192.49,192.49,9.46263e+11,0
evt_808,70,2,-1,4,3,3.60596,0.951546,2,-1232.81,-28.6345,57578,588,502.49,87.49,9.46263e+11,0
evt_808,71,2,-1,4,3,6.13481,1.08746,1,-1094.68,-1094.68,57262,57262,412.49,412.49,9.46263e+11,0
evt_808,72,3,-1,1,1,1.91948,1.14823,1,-335.573,-335.573,18878,18878,347.49,347.49,9.46263e+11,0
evt_808,73,3,-1,1,1,-0.272589,0.800661,2,-314.534,-29.9369,17268,1079,324.99,144.99,9.46263e+11,0
evt_808,74,3,-1,2,1,-0.541004,1.10321,1,-221.853,-221.853,8902,8902,257.49,257.49,9.46263e+11,0
evt_808,75,3,-1,2,1,-0.934885,0.885461,1,-86.6949,-86.6949,5070,5070,269.99,269.99,9.46263e+11,0
evt_808,78,3,-1,4,1,1.45616,1.05851,1,-609.513,-609.513,32926,32926,367.49,367.49,9.46263e+11,0
evt_808,79,3,-1,4,1,0.680769,0.917286,1,-199.921,-199.921,9659,9659,299.99,299.99,9.46263e+11,0
evt_808,80,3,-1,1,2,-1.64151,1.97009,1,-226.221,-226.221,11655,11655,299.99,299.99,9.46263e+11,0
evt_808,81,3,-1,1,2,1.62983,0.766596,1,-453.195,-453.195,24862,24862,437.49,437.49,9.46263e+11,0
evt_808,84,3,-1,3,2,-1.2924,0.712554,1,-350.594,-350.594,18573,18573,454.99,454.99,9.46263e+11,0
evt_808,85,3,-1,3,2,0.77553,0.913258,1,-120.864,-120.864,5078,5078,249.99,249.99,9.46263e+11,0
evt_809,18,0,-1,2,3,-1.50583,0.871073,2,-1250.16,-20.9688,92758,263,454.99,74.99,9.46317e+11,0
evt_809,19,0,-1,2,3,-0.0614455,0.713235,2,-834.588,-60.2745,74750,1983,414.99,164.99,9.46317e+11,0
evt_809,20,0,-1,3,3,-0.707158,1.24222,2,-200.16,-44.7201,12331,1742,357.49,162.49,9.46317e+11,0
evt_809,21,0,-1,3,3,-0.662387,1.10912,1,-126.003,-126.003,5463,5463,247.49,247.49,9.46317e+11,0
evt_809,41,1,-1,1,3,1.75044,0.806735,1,-30.8442,-30.8442,1146,1146,152.49,152.49,9.46317e+11,0
evt_809,57,2,-1,1,2,-31.0398,3.99916,1,-22.3849,-22.3849,263,263,64.99,64.99,9.46317e+11,0
evt_809,72,3,-1,1,1,4.27316,1.03992,1,-157.192,-157.192,8331,8331,287.49,287.49,9.46317e+11,0
evt_809,73,3,-1,1,1,0.4148,1.00256,1,-263.294,-263.294,12251,12251,284.99,284.99,9.46317e+11,0
evt_809,74,3,-1,2,1,0.94724,0.934428,1,-197.107,-197.107,8148,8148,262.49,262.49,9.46317e+11,0
evt_809,75,3,-1,2,1,0.79268,0.813226,1,-203.436,-203.436,10799,10799,394.99,394.99,9.46317e+11,0
evt_810,11,0,-1,2,2,-0.617373,0.783773,1,-38.1224,-38.1224,1606,1606,177.49,177.49,9.46321e+11,0
evt_810,30,1,-1,4,1,0.493991,0.963904,1,-378.655,-378.655,17267,17267,432.49,432.49,9.46321e+11,0
evt_810,31,1,-1,4,1,0.662358,0.723686,1,-105.606,-105.606,5558,5558,284.99,284.99,9.46321e+11,0
evt_810,58,2,-1,2,2,2.66643,0.821454,1,-37.8486,-37.8486,224,224,69.99,69.99,9.46321e+11,0
evt_810,59,2,-1,2,2,1.16424,0.80953,1,-56.2796,-56.2796,353,353,69.99,69.99,9.46321e+11,0
evt_810,60,2,-1,3,2,-5.14229,0.860599,2,-135,-36.6862,6811,1433,289.99,167.49,9.46321e+11,0
evt_810,76,3,-1,3,1,-8.01833,0.833385,2,-17.6139,-16.5906,451,444,87.49,82.49,9.46321e+11,0
evt_810,80,3,-1,1,2,17.8309,0.962022,1,-148.989,-148.989,6548,6548,242.49,242.49,9.46321e+11,0
evt_810,81,3,-1,1,2,7.6136,1.52643,2,-247.482,-39.8087,11103,1265,269.99,134.99,9.46321e+11,0
evt_811,7,0,-1,4,1,3.70676,1.06476,1,-135.76,-135.76,5709,5709,244.99,244.99,9.46375e+11,0
evt_811,20,0,-1,3,3,1.00509,0.744179,1,-305.725,-305.725,15165,15165,329.99,329.99,9.46375e+11,0
evt_811,21,0,-1,3,3,0.428536,0.749806,2,-217.316,-22.3796,10998,753,302.49,122.49,9.46375e+11,0
evt_811,28,1,-1,3,1,0.119064,1.29773,2,-1247.36,-25.579,59554,849,359.99,137.49,9.46375e+11,0
evt_811,29,1,-1,3,1,-1.59965,1.90123,1,-585.935,-585.935,27637,27637,334.99,334.99,9.46375e+11,0
evt_811,54,2,-1,4,1,-0.181244,0.725641,1,-23.2536,-23.2536,222,222,67.49,67.49,9.46375e+11,0
evt_811,56,2,-1,1,2,-26.6153,1.83436,1,-26.2007,-26.2007,20632,20632,2507.49,2507.49,9.46375e+11,0
evt_811,71,2,-1,4,3,0.892457,1.18846,2,-28.4056,-23.49,922,718,132.49,114.99,9.46375e+11,0
evt_811,92,3,-1,3,3,-1188.81,85.086,2,-1000.85,-102.901,41633,3567,314.99,189.99,0,4.56962e+18
evt_811,93,3,-1,3,3,-78.7022,8.16471,3,-155.702,-49.6738,6104,1613,239.99,137.49,0,4.57236e+18
evt_812,20,0,-1,3,3,-0.897826,0.72609,1,-130.046,-130.046,5539,5539,247.49,247.49,9.46503e+11,0
evt_812,21,0,-1,3,3,-0.249877,0.85767,1,-136.755,-136.755,5828,5828,244.99,244.99,9.46503e+11,0
evt_812,44,1,-1,3,3,-0.182651,1.2286,1,-276.448,-276.448,15992,15992,397.49,397.49,9.46503e+11,0
evt_812,45,1,-1,3,3,-1.48722,1.28739,1,-249.989,-249.989,11744,11744,299.99,299.99,9.46503e+11,0
evt_812,62,2,-1,4,2,-2.88201,0.832305,1,-57.8583,-57.8583,628,628,79.99,79.99,9.46503e+11,0
evt_812,68,2,-1,3,3,1.29449,1.24358,1,-65.386,-65.386,2597,2597,199.99,199.99,9.46503e+11,0
evt_812,69,2,-1,3,3,-2.49145,0.810331,1,-59.6344,-59.6344,3585,3585,264.99,264.99,9.46503e+11,0
evt_813,53,2,-1,3,1,13.1241,0.878293,1,-557.577,-557.577,18613,18613,249.99,249.99,9.46598e+11,0
evt_813,62,2,-1,4,2,-4.61229,0.81285,1,-298.4,-298.4,17893,17893,354.99,354.99,9.46598e+11,0
evt_813,63,2,-1,4,2,-2.76134,0.894798,1,-828.305,-828.305,44685,44685,444.99,444.99,9.46598e+11,0
evt_813,72,3,-1,1,1,2.15535,2.21245,2,-1193.72,-86.0122,74276,4474,482.49,309.99,9.46598e+11,0
evt_813,73,3,-1,1,1,0.573439,1.0608,1,-1249.51,-1249.51,71553,71553,452.49,452.49,9.46598e+11,0
evt_813,75,3,-1,2,1,27.8359,4.95806,2,-23.9766,-16.126,473,272,102.49,69.99,9.46598e+11,0
evt_813,90,3,-1,2,3,3.52501,1.08163,3,-1250.39,-33.4347,110916,524,404.99,109.99,1.49602e+14,4.66388e+18
evt_813,91,3,-1,2,3,3.49067,0.752393,3,-1250.5,-16.4355,116134,125,474.99,64.99,0,4.65088e+18
evt_813,92,3,-1,3,3,5.17398,0.763637,1,-1250.43,-1250.43,137524,137524,429.99,429.99,0,4.64365e+18
evt_813,93,3,-1,3,3,3.78125,1.1394,1,-1250.39,-1250.39,70174,70174,354.99,354.99,0,4.65256e+18
evt_814,41,1,-1,1,3,-0.653559,0.718202,1,-52.9137,-52.9137,2178,2178,187.49,187.49,9.4663e+11,0
evt_815,34,1,-1,2,2,2.0169,0.82348,3,-1250.61,-24.6656,89955,486,394.99,94.99,9.46652e+11,0
evt_815,35,1,-1,2,2,1.7843,0.6896,2,-1250.12,-149.767,109620,4573,582.49,182.49,9.46652e+11,0
evt_815,56,2,-1,1,2,-13.3672,0.833086,5,-21.4655,-15.5146,6849,306,1002.49,54.99,9.46652e+11,0
evt_815,58,2,-1,2,2,-0.662923,0.716554,2,-1250.38,-158.296,99189,5374,407.49,199.99,9.46652e+11,0
evt_815,59,2,-1,2,2,-2.16006,0.845532,2,-1250.19,-205.227,98086,5108,497.49,117.49,9.46652e+11,0
evt_815,72,3,-1,1,1,-18.2532,0.770693,7,-22.4183,-16.8893,2534,592,372.49,102.49,9.46652e+11,0
evt_815,82,3,-1,2,2,-3.52149,2.22199,1,-404.811,-404.811,21815,21815,357.49,357.49,9.46652e+11,0
evt_815,83,3,-1,2,2,-2.12405,1.04263,1,-119.94,-119.94,12209,12209,427.49,427.49,9.46652e+11,0
evt_816,2,0,-1,2,1,-91.0259,13.8906,5,-336.879,-34.5407,10287,133,212.49,77.49,9.46685e+11,0
evt_816,3,0,-1,2,1,-175.731,41.0592,4,-242.239,-19.9,9419,92,319.99,74.99,9.46685e+11,0
evt_816,40,1,-1,1,3,0.60377,0.915255,2,-201.607,-38.6207,8843,1375,277.49,154.99,9.46685e+11,0
evt_816,41,1,-1,1,3,0.0808271,0.848768,1,-88.6318,-88.6318,7780,7780,352.49,352.49,9.46685e+11,0
evt_816,48,2,-1,1,1,0.0968564,0.607068,1,-617.781,-617.781,27445,27445,234.99,234.99,9.46685e+11,0
evt_816,49,2,-1,1,1,0.652727,0.637346,1,-276.977,-276.977,15103,15103,232.49,232.49,9.46685e+11,0
evt_816,58,2,-1,2,2,2.88029,0.84314,1,-111.02,-111.02,6637,6637,324.99,324.99,9.46685e+11,0
evt_816,59,2,-1,2,2,-1.27475,0.78882,2,-83.7267,-43.5771,4377,1766,272.49,177.49,9.46685e+11,0
evt_816,82,3,-1,2,2,-0.190129,1.35998,1,-61.112,-61.112,2168,2168,179.99,179.99,9.46685e+11,0
evt_817,4,0,-1,3,1,0.541556,1.04189,1,-74.1166,-74.1166,3200,3200,217.49,217.49,9.46689e+11,0
evt_817,5,0,-1,3,1,-0.0899188,0.934285,1,-34.7316,-34.7316,1257,1257,152.49,152.49,9.46689e+11,0
evt_817,8,0,-1,1,2,2.11841,0.780504,3,-1056.66,-19.0225,53834,348,404.99,82.49,9.46689e+11,0
evt_817,9,0,-1,1,2,0.00426041,0.906164,2,-463.832,-18.3772,19059,251,299.99,64.99,9.46689e+11,0
evt_817,16,0,-1,1,3,1.53235,0.995774,2,-895.762,-19.1405,43877,425,337.49,92.49,9.46689e+11,0
evt_817,17,0,-1,1,3,-0.872893,0.524244,1,-1036.3,-1036.3,57596,57596,394.99,394.99,9.46689e+11,0
evt_817,37,1,-1,3,2,5.85169,0.750037,1,-163.064,-163.064,6371,6371,237.49,237.49,9.46689e+11,0
evt_817,80,3,-1,1,2,-10.9359,1.38563,4,-22.8724,-16.9992,1561,422,229.99,67.49,9.46689e+11,0
evt_818,18,0,-1,2,3,-2.25676,1.02158,1,-604.742,-604.742,30674,30674,449.99,449.99,9.46704e+11,0
evt_818,19,0,-1,2,3,-0.395995,0.951135,1,-347.813,-347.813,18207,18207,447.49,447.49,9.46704e+11,0
evt_818,42,1,-1,2,3,-2.62526,0.660816,1,-81.7136,-81.7136,7131,7131,417.49,417.49,9.46704e+11,0
evt_818,60,2,-1,3,2,-0.417137,0.961187,1,-19.6568,-19.6568,105,105,59.99,59.99,9.46704e+11,0
evt_818,61,2,-1,3,2,2.23552,1.01399,1,-46.1148,-46.1148,350,350,74.99,74.99,9.46704e+11,0
evt_818,66,2,-1,2,3,-1.22726,0.621566,3,-1250.39,-27.2988,97061,570,397.49,102.49,9.46704e+11,0
evt_818,67,2,-1,2,3,0.611572,0.687929,2,-1250.46,-43.9995,106779,1772,434.99,184.99,9.46704e+11,0
evt_819,9,0,-1,1,2,12.8768,0.719055,1,-32.3702,-32.3702,659,659,107.49,107.49,9.46719e+11,0
evt_819,18,0,-1,2,3,-4.63844,0.780383,2,-1250.15,-99.4637,87352,4311,444.99,204.99,9.46719e+11,0
evt_819,19,0,-1,2,3,-2.95189,0.797012,2,-1210.62,-19.2516,87556,395,417.49,92.49,9.46719e+11,0
evt_819,40,1,-1,1,3,2.10925,1.08232,2,-1070.05,-365.351,49104,14605,364.99,319.99,9.46719e+11,0
evt_819,41,1,-1,1,3,-0.306858,0.755336,1,-816.137,-816.137,41489,41489,362.49,362.49,9.46719e+11,0
evt_819,43,1,-1,2,3,-2.50265,0.770144,1,-202.597,-202.597,9600,9600,282.49,282.49,9.46719e+11,0
evt_819,58,2,-1,2,2,2.84494,0.847119,1,-25.593,-25.593,43,43,54.99,54.99,9.46719e+11,0
evt_819,59,2,-1,2,2,1.63065,0.749172,1,-53.9506,-53.9506,368,368,74.99,74.99,9.46719e+11,0
evt_819,64,2,-1,1,3,2.62739,1.10145,1,-40.1424,-40.1424,1677,1677,184.99,184.99,9.46719e+11,0
evt_819,65,2,-1,1,3,-3.34265,0.91351,1,-78.537,-78.537,3495,3495,227.49,227.49,9.46719e+11,0
evt_819,90,3,-1,2,3,1.52722,0.851131,3,-1250.2,-27.1484,64880,723,369.99,112.49,1.49602e+14,4.6361e+18
evt_819,91,3,-1,2,3,-1.80502,0.824699,1,-1250.16,-1250.16,76561,76561,377.49,377.49,0,4.60146e+18
evt_820,10,0,-1,2,2,-0.0942446,1.05377,2,-772.747,-26.7662,70584,381,442.49,94.99,9.46719e+11,0
evt_820,11,0,-1,2,2,-0.062541,0.976822,1,-713.207,-713.207,77840,77840,472.49,472.49,9.46719e+11,0
evt_820,24,1,-1,1,1,1.38387,0.78009,1,-135.762,-135.762,5309,5309,229.99,229.99,9.46719e+11,0
evt_820,25,1,-1,1,1,0.172569,0.78746,1,-106.674,-106.674,4747,4747,242.49,242.49,9.46719e+11,0
evt_820,82,3,-1,2,2,0.49697,1.95016,2,-304.924,-45.3315,13852,1177,302.49,84.99,9.46719e+11,0
evt_820,83,3,-1,2,2,1.36755,0.892343,1,-132.296,-132.296,6647,6647,304.99,304.99,9.46719e+11,0
evt_820,88,3,-1,1,3,-1.348,0.809041,1,-33.1612,-33.1612,1135,1135,142.49,142.49,1.49602e+14,1.10382e+12
evt_820,89,3,-1,1,3,-0.58803,1.10855,1,-39.8407,-39.8407,1474,1474,162.49,162.49,1.49602e+14,1.38001e+19
evt_821,6,0,-1,4,1,0.063858,0.985653,1,-29.1066,-29.1066,986,986,142.49,142.49,9.46721e+11,0
evt_821,28,1,-1,3,1,5.29023,0.837424,3,-1247.83,-62.4842,81838,1930,389.99,169.99,9.46721e+11,0
evt_821,29,1,-1,3,1,-0.113718,1.21813,1,-1249.73,-1249.73,74440,74440,477.49,477.49,9.46721e+11,0
evt_821,30,1,-1,4,1,2.25838,0.978029,1,-56.2335,-56.2335,1826,1826,162.49,162.49,9.46721e+11,0
evt_821,31,1,-1,4,1,2.47285,0.717911,1,-18.605,-18.605,486,486,94.99,94.99,9.46721e+11,0
evt_821,54,2,-1,4,1,2.71877,1.02012,1,-1250.57,-1250.57,78514,78514,374.99,374.99,9.46721e+11,0
evt_821,55,2,-1,4,1,0.926962,0.647222,3,-1250.5,-42.7391,94002,878,439.99,119.99,9.46721e+11,0
evt_821,76,3,-1,3,1,-1.92558,0.596313,1,-318.374,-318.374,21876,21876,389.99,389.99,9.46721e+11,0
evt_821,77,3,-1,3,1,0.797635,0.998614,2,-672.565,-18.2559,42000,444,434.99,89.99,9.46721e+11,0
evt_821,78,3,-1,4,1,-4.82925,1.07819,1,-1087.71,-1087.71,65054,65054,559.99,559.99,9.46721e+11,0
evt_821,79,3,-1,4,1,0.242059,0.917004,2,-918.589,-18.2898,46107,513,394.99,102.49,9.46721e+11,0
evt_822,11,0,-1,2,2,23.1358,1.43975,1,-28.5176,-28.5176,616,616,109.99,109.99,9.46778e+11,0
evt_822,14,0,-1,4,2,0.295062,1.2088,1,-210.144,-210.144,10779,10779,314.99,314.99,9.46778e+11,0
evt_822,15,0,-1,4,2,1.07965,0.824142,1,-588.831,-588.831,37162,37162,449.99,449.99,9.46778e+11,0
evt_822,22,0,-1,4,3,-3.98514,1.85001,1,-64.9291,-64.9291,2730,2730,212.49,212.49,9.46778e+11,0
evt_822,23,0,-1,4,3,-0.820775,1.40305,1,-71.089,-71.089,2535,2535,189.99,189.99,9.46778e+11,0
evt_822,24,1,-1,1,1,-0.432086,0.738304,4,-1249.81,-18.6809,73562,261,739.99,77.49,9.46778e+11,0
evt_822,25,1,-1,1,1,0.248758,0.753594,4,-1250.31,-26.8782,86208,572,392.49,107.49,9.46778e+11,0
evt_822,46,1,-1,4,3,0.574583,1.17051,2,-176.1,-24.4382,7458,682,257.49,109.99,9.46778e+11,0
evt_822,47,1,-1,4,3,-0.260894,0.837106,2,-180.209,-58.1812,7566,2418,267.49,197.49,9.46778e+11,0
evt_822,54,2,-1,4,1,-0.10303,0.820856,1,-35.4988,-35.4988,467,467,84.99,84.99,9.46778e+11,0
evt_822,55,2,-1,4,1,-3.11463,0.97336,1,-16.3208,-16.3208,191,191,57.49,57.49,9.46778e+11,0
evt_822,58,2,-1,2,2,-0.868632,0.925717,1,-19.365,-19.365,210,210,72.49,72.49,9.46778e+11,0
evt_822,59,2,-1,2,2,-1.76529,1.09407,1,-21.185,-21.185,252,252,72.49,72.49,9.46778e+11,0
evt_822,60,2,-1,3,2,3.20087,1.00603,1,-57.143,-57.143,675,675,89.99,89.99,9.46778e+11,0
evt_822,61,2,-1,3,2,-0.924314,1.067,1,-86.685,-86.685,1130,1130,87.49,87.49,9.46778e+11,0
evt_822,62,2,-1,4,2,2.6367,1.04881,1,-100.188,-100.188,4449,4449,234.99,234.99,9.46778e+11,0
evt_822,63,2,-1,4,2,-5.1164,1.19974,1,-216.045,-216.045,15473,15473,427.49,427.49,9.46778e+11,0
evt_822,68,2,-1,3,3,-1.4928,0.901603,1,-99.4701,-99.4701,3845,3845,224.99,224.99,9.46778e+11,0
evt_822,69,2,-1,3,3,-2.71051,1.06969,1,-34.9242,-34.9242,1318,1318,159.99,159.99,9.46778e+11,0
evt_822,76,3,-1,3,1,-7.47062,0.679463,2,-1250.27,-423.532,116890,19316,594.99,197.49,9.46778e+11,0
evt_822,77,3,-1,3,1,-3.30741,0.930163,3,-1250.39,-116.32,111336,3626,554.99,42.49,9.46778e+11,0
evt_823,6,0,-1,4,1,1.95244,0.931662,1,-1250.15,-1250.15,89700,89700,594.99,594.99,9.4682e+11,0
evt_823,7,0,-1,4,1,-0.214346,0.75787,1,-943.474,-943.474,58702,58702,449.99,449.99,9.4682e+11,0
evt_823,38,1,-1,4,2,1.10057,0.836658,2,-795.286,-44.2281,37685,1299,379.99,139.99,9.4682e+11,0
evt_823,39,1,-1,4,2,-5.13145,0.901435,1,-267.6,-267.6,12755,12755,309.99,309.99,9.4682e+11,0
evt_823,42,1,-1,2,3,4.16694,1.11043,1,-115.062,-115.062,5207,5207,247.49,247.49,9.4682e+11,0
evt_823,50,2,-1,2,1,-0.261357,0.79029,1,-375.264,-375.264,19317,19317,447.49,447.49,9.4682e+11,0
evt_823,51,2,-1,2,1,0.35475,0.799615,2,-503.898,-29.3564,26930,997,352.49,139.99,9.4682e+11,0
evt_823,54,2,-1,4,1,-0.0940292,0.710026,1,-50.4414,-50.4414,366,366,72.49,72.49,9.4682e+11,0
evt_823,55,2,-1,4,1,2.13045,0.645558,1,-39.0012,-39.0012,272,272,69.99,69.99,9.4682e+11,0
evt_823,76,3,-1,3,1,-4.94541,1.65251,1,-159.629,-159.629,8741,8741,324.99,324.99,9.4682e+11,0
evt_823,77,3,-1,3,1,-2.39445,0.70225,2,-374.082,-54.748,22754,2352,362.49,197.49,9.4682e+11,0
evt_824,2,0,-1,2,1,1.22975,0.955342,2,-1127.7,-54.2137,83731,986,369.99,122.49,9.4685e+11,0
evt_824,3,0,-1,2,1,1.03097,0.928197,2,-965.399,-133.361,87728,5902,634.99,317.49,9.4685e+11,0
evt_824,24,1,-1,1,1,2.47065,0.706437,3,-1249.74,-22.225,85320,443,389.99,89.99,9.4685e+11,0
evt_824,25,1,-1,1,1,2.84296,1.11547,1,-1250.73,-1250.73,107936,107936,489.99,489.99,9.4685e+11,0
evt_824,42,1,-1,2,3,29.9668,1.01841,2,-55.0918,-34.5097,1497,875,147.49,127.49,9.4685e+11,0
evt_824,53,2,-1,3,1,1.28857,1.04724,1,-53.6769,-53.6769,1645,1645,159.99,159.99,9.4685e+11,0
evt_824,54,2,-1,4,1,2.67994,0.962986,1,-61.9536,-61.9536,865,865,89.99,89.99,9.4685e+11,0
evt_824,55,2,-1,4,1,2.64484,1.11899,2,-43.5006,-24.1029,1572,209,164.99,74.99,9.4685e+11,0
evt_824,72,3,-1,1,1,-18.8054,1.34799,4,-24.814,-16.3151,6753,352,964.99,69.99,9.4685e+11,0
evt_824,88,3,-1,1,3,6.46123,0.601933,1,-25.236,-25.236,724,724,114.99,114.99,1.49602e+14,1.10382e+12
evt_825,24,1,-1,1,1,-3.59723,1.46667,3,-616.862,-32.8306,29398,1682,359.99,172.49,9.47012e+11,0
evt_825,25,1,-1,1,1,-2.26256,0.893507,2,-608.207,-100.192,28757,4278,334.99,234.99,9.47012e+11,0
evt_825,48,2,-1,1,1,2.3804,0.675264,1,-49.6017,-49.6017,2184,2184,192.49,192.49,9.47012e+11,0
evt_825,49,2,-1,1,1,0.363461,0.825982,1,-81.6639,-81.6639,3887,3887,249.99,249.99,9.47012e+11,0
evt_825,62,2,-1,4,2,0.420465,0.980257,1,-66.0531,-66.0531,844,844,89.99,89.99,9.47012e+11,0
evt_825,63,2,-1,4,2,3.25835,0.754222,1,-69.43,-69.43,789,789,87.49,87.49,9.47012e+11,0
evt_825,72,3,-1,1,1,-9.75625,1.36771,7,-24.7356,-15.0604,2887,266,364.99,54.99,9.47012e+11,0
evt_825,86,3,-1,4,2,-1.45856,1.18366,1,-47.9616,-47.9616,1609,1609,162.49,162.49,9.47012e+11,0
evt_825,87,3,-1,4,2,3.25312,1.02088,1,-152.233,-152.233,8632,8632,332.49,332.49,9.47012e+11,0
evt_826,78,3,-1,4,1,23.0626,1.38336,1,-607.027,-607.027,29223,29223,312.49,312.49,9.4703e+11,0
evt_826,79,3,-1,4,1,0.104416,3.50402,3,-96.0058,-19.7085,3764,388,212.49,87.49,9.4703e+11,0
evt_827,8,0,-1,1,2,0.982383,0.786451,1,-42.204,-42.204,1233,1233,142.49,142.49,9.47062e+11,0
evt_827,18,0,-1,2,3,4.76942,0.718453,1,-56.4238,-56.4238,2079,2079,182.49,182.49,9.47062e+11,0
evt_827,40,1,-1,1,3,-3.34954,0.942597,1,-100.147,-100.147,6241,6241,292.49,292.49,9.47062e+11,0
evt_827,41,1,-1,1,3,-1.28541,0.632991,1,-333.365,-333.365,17005,17005,332.49,332.49,9.47062e+11,0
evt_827,49,2,-1,1,1,-0.914516,0.887329,1,-15.7257,-15.7257,89,89,54.99,54.99,9.47062e+11,0
evt_827,56,2,-1,1,2,-18.7155,0.931497,4,-23.2572,-17.7649,4928,1291,667.49,224.99,9.47062e+11,0
evt_827,62,2,-1,4,2,1.82091,0.994716,1,-42.9219,-42.9219,577,577,84.99,84.99,9.47062e+11,0
evt_827,72,3,-1,1,1,-13.2559,0.614238,4,-18.87,-17.4603,1068,565,177.49,102.49,9.47062e+11,0
evt_828,12,0,-1,3,2,2.02801,0.8974,2,-594.901,-19.2179,27882,415,327.49,84.99,9.47072e+11,0
evt_828,13,0,-1,3,2,0.70621,0.53332,3,-1249.93,-71.3659,69204,2535,369.99,184.99,9.47072e+11,0
evt_828,34,1,-1,2,2,0.732024,1.20564,1,-163.251,-163.251,6570,6570,247.49,247.49,9.47072e+11,0
evt_828,35,1,-1,2,2,2.71379,1.05567,2,-180.861,-26.2645,8983,792,284.99,122.49,9.47072e+11,0
evt_828,37,1,-1,3,2,-0.469618,0.776891,1,-15.099,-15.099,269,269,57.49,57.49,9.47072e+11,0
evt_828,56,2,-1,1,2,-16.8591,0.875229,7,-21.9572,-16.0026,4637,314,667.49,62.49,9.47072e+11,0
evt_828,84,3,-1,3,2,11.5936,1.11744,1,-81.9362,-81.9362,1933,1933,134.99,134.99,9.47072e+11,0
evt_828,88,3,-1,1,3,-2.25279,0.849902,2,-174.12,-37.4007,7272,1179,257.49,142.49,1.49602e+14,1.10382e+12
evt_828,89,3,-1,1,3,2.1592,0.740803,1,-210.523,-210.523,10010,10010,339.99,339.99,1.49602e+14,4.58908e+18
evt_829,1,0,-1,1,1,1.22851,1.09641,1,-56.3521,-56.3521,1874,1874,162.49,162.49,9.47075e+11,0
evt_829,44,1,-1,3,3,2.93647,0.884526,1,-189.441,-189.441,9188,9188,289.99,289.99,9.47075e+11,0
evt_829,45,1,-1,3,3,1.5547,1.50597,1,-37.401,-37.401,1120,1120,99.99,99.99,9.47075e+11,0
evt_829,49,2,-1,1,1,0.649983,0.613253,1,-68.0157,-68.0157,707,707,82.49,82.49,9.47075e+11,0
evt_829,65,2,-1,1,3,1.41077,0.825096,1,-45.8628,-45.8628,1455,1455,157.49,157.49,9.47075e+11,0
evt_829,82,3,-1,2,2,-14.4119,1.58229,3,-20.5095,-19.3725,2897,1542,514.99,254.99,9.47075e+11,0
evt_829,84,3,-1,3,2,-2.47166,0.583911,1,-52.0382,-52.0382,2181,2181,194.99,194.99,9.47075e+11,0
evt_830,6,0,-1,4,1,0.114755,1.04757,2,-1208.27,-35.2638,72269,1137,537.49,139.99,9.47095e+11,0
evt_830,7,0,-1,4,1,0.878821,0.635872,3,-507.557,-32.9038,26283,973,354.99,132.49,9.47095e+11,0
evt_830,28,1,-1,3,1,-1.18786,0.884639,2,-803.921,-383.192,36664,15239,332.49,277.49,9.47095e+11,0
evt_830,29,1,-1,3,1,-2.92698,0.926216,2,-572.714,-33.6255,26657,1291,334.99,154.99,9.47095e+11,0
evt_830,54,2,-1,4,1,-0.351665,0.842893,1,-541.64,-541.64,26832,26832,319.99,319.99,9.47095e+11,0
evt_830,55,2,-1,4,1,3.30853,0.649279,2,-1171.69,-30.0488,68325,640,402.49,109.99,9.47095e+11,0
evt_830,78,3,-1,4,1,1.54922,0.938453,1,-1250,-1250,87548,87548,434.99,434.99,9.47095e+11,0
evt_830,79,3,-1,4,1,0.247795,0.871175,2,-1249.89,-25.8869,84802,760,442.49,124.99,9.47095e+11,0
evt_831,2,0,-1,2,1,-0.817323,0.792231,1,-94.0145,-94.0145,5449,5449,279.99,279.99,9.47117e+11,0
evt_831,3,0,-1,2,1,0.940663,1.55806,1,-37.9728,-37.9728,1435,1435,169.99,169.99,9.47117e+11,0
evt_831,38,1,-1,4,2,2.37708,0.8632,1,-142.244,-142.244,4922,4922,212.49,212.49,9.47117e+11,0
evt_831,39,1,-1,4,2,3.34182,0.794384,1,-140.682,-140.682,6460,6460,257.49,257.49,9.47117e+11,0
evt_831,50,2,-1,2,1,0.0278148,0.83727,1,-82.6655,-82.6655,4508,4508,269.99,269.99,9.47117e+11,0
evt_831,51,2,-1,2,1,-0.0742538,0.633729,1,-36.5274,-36.5274,2240,2240,229.99,229.99,9.47117e+11,0
evt_831,60,2,-1,3,2,-2.66751,0.610715,1,-18.6064,-18.6064,222,222,64.99,64.99,9.47117e+11,0
evt_831,61,2,-1,3,2,0.79002,0.812047,1,-20.6268,-20.6268,122,122,64.99,64.99,9.47117e+11,0
evt_831,68,2,-1,3,3,-48.2386,12.7572,1,-29.9769,-29.9769,561,561,92.49,92.49,9.47117e+11,0
evt_831,69,2,-1,3,3,-30.7234,7.23331,2,-20.816,-20.2821,718,311,122.49,67.49,9.47117e+11,0
evt_831,70,2,-1,4,3,-0.664533,1.03275,4,-1250.35,-18.7523,80881,160,379.99,67.49,9.47117e+11,0
evt_831,71,2,-1,4,3,-4.91796,0.812509,1,-1250.04,-1250.04,100105,100105,554.99,554.99,9.47117e+11,0
evt_831,72,3,-1,1,1,-16.3532,0.938845,4,-17.5398,-15.2882,789,305,134.99,54.99,9.47117e+11,0
evt_831,74,3,-1,2,1,0.271775,1.20945,1,-109.414,-109.414,4511,4511,234.99,234.99,9.47117e+11,0
evt_831,75,3,-1,2,1,1.36694,0.830527,1,-34.6112,-34.6112,1398,1398,164.99,164.99,9.47117e+11,0
evt_831,76,3,-1,3,1,-0.151627,0.752096,1,-522.961,-522.961,32225,32225,482.49,482.49,9.47117e+11,0
evt_831,77,3,-1,3,1,0.0886376,0.651905,2,-1250.12,-41.9374,86662,809,597.49,59.99,9.47117e+11,0
evt_832,6,0,-1,4,1,-0.632772,1.30714,1,-1106.82,-1106.82,57497,57497,372.49,372.49,9.47156e+11,0
evt_832,7,0,-1,4,1,-3.45818,0.928877,2,-387.311,-18.3723,22173,392,377.49,84.99,9.47156e+11,0
evt_832,36,1,-1,3,2,0.234433,0.874276,1,-341.362,-341.362,16392,16392,314.99,314.99,9.47156e+11,0
evt_832,37,1,-1,3,2,1.00364,0.949993,1,-196.992,-196.992,8019,8019,254.99,254.99,9.47156e+11,0
evt_832,44,1,-1,3,3,0.0399216,1.29632,2,-362.751,-15.8209,14207,254,279.99,62.49,9.47156e+11,0
evt_832,64,2,-1,1,3,-0.813555,0.673838,2,-898.101,-32.5957,41055,1034,342.49,139.99,9.47156e+11,0
evt_832,65,2,-1,1,3,-2.74634,0.998165,2,-700.771,-22.7218,29675,504,327.49,97.49,9.47156e+11,0
evt_832,66,2,-1,2,3,-1.47748,0.687566,1,-454.369,-454.369,9591,9591,79.99,79.99,9.47156e+11,0
evt_832,67,2,-1,2,3,-1.50548,0.678841,1,-302.332,-302.332,6297,6297,82.49,82.49,9.47156e+11,0
evt_832,72,3,-1,1,1,-12.8881,0.706006,4,-454.441,-24.1679,10197,1623,1219.99,222.49,9.47156e+11,0
evt_832,73,3,-1,1,1,-0.126299,0.768361,1,-519.987,-519.987,9826,9826,79.99,79.99,9.47156e+11,0
evt_832,82,3,-1,2,2,-11.4724,1.83179,9,-19.8294,-15.2092,1508,229,277.49,54.99,9.47156e+11,0
evt_832,93,3,-1,3,3,-4.08218,0.838176,5,-24.9717,-15.5914,1908,405,259.99,74.99,0,1.37929e+19
evt_833,4,0,-1,3,1,1.50858,0.639416,1,-21.9523,-21.9523,731,731,122.49,122.49,9.47165e+11,0
evt_833,22,0,-1,4,3,0.814407,1.22274,1,-1034.9,-1034.9,45833,45833,347.49,347.49,9.47165e+11,0
evt_833,23,0,-1,4,3,0.544467,0.692577,1,-490.479,-490.479,23688,23688,372.49,372.49,9.47165e+11,0
evt_833,28,1,-1,3,1,0.0528878,0.648334,1,-80.5571,-80.5571,3126,3126,214.99,214.99,9.47165e+11,0
evt_833,29,1,-1,3,1,0.361314,0.953849,1,-130.542,-130.542,5265,5265,229.99,229.99,9.47165e+11,0
evt_833,31,1,-1,4,1,1.14043,1.21265,1,-32.4459,-32.4459,1197,1197,154.99,154.99,9.47165e+11,0
evt_833,34,1,-1,2,2,1.10712,0.858359,1,-60.5419,-60.5419,2229,2229,182.49,182.49,9.47165e+11,0
evt_833,35,1,-1,2,2,-0.91501,0.729572,1,-58.8256,-58.8256,2469,2469,202.49,202.49,9.47165e+11,0
evt_833,52,2,-1,3,1,-3.71622,0.730255,2,-483.847,-64.468,25098,2433,332.49,194.99,9.47165e+11,0
evt_833,53,2,-1,3,1,-4.07443,0.838221,1,-534.476,-534.476,27414,27414,359.99,359.99,9.47165e+11,0
evt_833,63,2,-1,4,2,20.8429,0.674124,2,-51.4713,-46.5108,1446,1290,144.99,144.99,9.47165e+11,0
evt_833,77,3,-1,3,1,19.803,0.80314,2,-52.8809,-41.4038,1752,1290,162.49,147.49,9.47165e+11,0
evt_834,20,0,-1,3,3,-1.37429,0.70343,1,-244.535,-244.535,11129,11129,287.49,287.49,9.47347e+11,0
evt_834,21,0,-1,3,3,-1.01863,0.822986,2,-298.824,-23.2572,14207,774,304.99,127.49,9.47347e+11,0
evt_834,44,1,-1,3,3,1.8981,1.11035,1,-223.035,-223.035,13645,13645,332.49,332.49,9.47347e+11,0
evt_834,45,1,-1,3,3,0.895487,1.08864,1,-203.014,-203.014,12519,12519,557.49,557.49,9.47347e+11,0
evt_834,56,2,-1,1,2,2.79367,0.871305,1,-33.3994,-33.3994,1279,1279,159.99,159.99,9.47347e+11,0
evt_834,57,2,-1,1,2,0.990681,0.844902,1,-27.8355,-27.8355,890,890,127.49,127.49,9.47347e+11,0
evt_834,82,3,-1,2,2,1.22205,1.81832,2,-1250.2,-45.0638,115014,730,784.99,117.49,9.47347e+11,0
evt_834,83,3,-1,2,2,2.08389,0.754101,3,-1250,-44.7215,102636,1384,459.99,159.99,9.47347e+11,0
evt_835,54,2,-1,4,1,1.6248,0.870967,1,-173.354,-173.354,8042,8042,287.49,287.49,9.4743e+11,0
evt_835,55,2,-1,4,1,0.997621,1.02733,1,-203.054,-203.054,8614,8614,274.99,274.99,9.4743e+11,0
evt_835,62,2,-1,4,2,2.4607,1.08585,1,-68.1983,-68.1983,660,660,79.99,79.99,9.4743e+11,0
evt_836,4,0,-1,3,1,1.55601,0.749147,1,-1250.04,-1250.04,99979,99979,514.99,514.99,9.47445e+11,0
evt_836,5,0,-1,3,1,0.16526,0.898359,1,-1250.54,-1250.54,114599,114599,422.49,422.49,9.47445e+11,0
evt_836,10,0,-1,2,2,-142.521,36.1776,1,-94.9847,-94.9847,1641,1641,124.99,124.99,9.47445e+11,0
evt_836,11,0,-1,2,2,-311.132,80.5043,4,-308.586,-21.5395,13859,444,297.49,97.49,9.47445e+11,0
evt_836,15,0,-1,4,2,-27.7956,7.84487,1,-27.6022,-27.6022,1004,1004,144.99,144.99,9.47445e+11,0
evt_836,28,1,-1,3,1,-2.02596,0.706585,1,-317.272,-317.272,19994,19994,362.49,362.49,9.47445e+11,0
evt_836,29,1,-1,3,1,2.21887,1.86912,2,-585.61,-43.8032,27825,1589,327.49,167.49,9.47445e+11,0
evt_836,41,1,-1,1,3,6.15454,0.758724,1,-23.28,-23.28,708,708,114.99,114.99,9.47445e+11,0
evt_836,42,1,-1,2,3,-69.8076,20.3976,1,-39.3507,-39.3507,613,613,92.49,92.49,9.47445e+11,0
evt_836,53,2,-1,3,1,1.08539,0.961318,1,-112.926,-112.926,5375,5375,289.99,289.99,9.47445e+11,0
evt_836,74,3,-1,2,1,1.82167,0.7949,1,-92.6853,-92.6853,4346,4346,284.99,284.99,9.47445e+11,0
evt_836,75,3,-1,2,1,1.71627,0.704219,1,-89.9362,-89.9362,8701,8701,582.49,582.49,9.47445e+11,0
evt_837,14,0,-1,4,2,0.495958,1.08255,2,-1090.67,-75.6806,60515,2565,387.49,174.99,9.47455e+11,0
evt_837,15,0,-1,4,2,0.0438805,0.854814,1,-875.621,-875.621,73076,73076,419.99,419.99,9.47455e+11,0
evt_837,42,1,-1,2,3,-3.37338,0.713455,1,-56.4623,-56.4623,2479,2479,207.49,207.49,9.47455e+11,0
evt_837,43,1,-1,2,3,-1.34557,0.610736,2,-90.461,-38.5904,3485,1136,212.49,134.99,9.47455e+11,0
evt_837,56,2,-1,1,2,6.73399,0.691364,1,-37.7831,-37.7831,1539,1539,167.49,167.49,9.47455e+11,0
evt_837,57,2,-1,1,2,1.11133,0.665776,1,-28.1002,-28.1002,858,858,124.99,124.99,9.47455e+11,0
evt_837,60,2,-1,3,2,-1139.64,150.15,4,-819.268,-32.5661,19855,469,309.99,99.99,9.47455e+11,0
evt_837,61,2,-1,3,2,-1249.33,0.560852,4,-1249.81,-29.7767,22403,276,262.49,97.49,9.47455e+11,0
evt_837,76,3,-1,3,1,-10.1441,1.15702,5,-23.6763,-15.9336,2864,335,442.49,64.99,9.47455e+11,0
evt_838,2,0,-1,2,1,-0.642706,0.694858,1,-30.9911,-30.9911,1123,1123,144.99,144.99,9.47567e+11,0
evt_838,24,1,-1,1,1,-1.53954,0.954139,3,-1250.01,-59.7034,107935,5419,422.49,337.49,9.47567e+11,0
evt_838,25,1,-1,1,1,3.77191,0.885152,2,-1250.73,-20.435,121380,108,527.49,74.99,9.47567e+11,0
evt_838,36,1,-1,3,2,0.414742,1.1718,1,-268.426,-268.426,15999,15999,399.99,399.99,9.47567e+11,0
evt_838,37,1,-1,3,2,-2.33941,1.191,1,-470.919,-470.919,21459,21459,334.99,334.99,9.47567e+11,0
evt_838,56,2,-1,1,2,-2.25009,1.6859,2,-1046.19,-27.4117,68643,723,447.49,119.99,9.47567e+11,0
evt_838,57,2,-1,1,2,0.515668,0.727679,2,-901.355,-30.0754,40139,746,339.99,112.49,9.47567e+11,0
evt_838,61,2,-1,3,2,2.19729,0.688983,1,-60.9618,-60.9618,2100,2100,174.99,174.99,9.47567e+11,0
evt_838,64,2,-1,1,3,-4.22723,0.72058,1,-1250.27,-1250.27,66856,66856,364.99,364.99,9.47567e+11,0
evt_838,65,2,-1,1,3,-0.861753,1.05186,1,-1141.65,-1141.65,48349,48349,349.99,349.99,9.47567e+11,0
evt_838,72,3,-1,1,1,-10.7416,0.892947,4,-23.6731,-20.5553,5335,1105,762.49,162.49,9.47567e+11,0
evt_839,4,0,-1,3,1,1.03655,0.686157,1,-17.6154,-17.6154,407,407,82.49,82.49,9.47648e+11,0
evt_839,34,1,-1,2,2,6.64534,1.12865,2,-60.0482,-21.6186,2092,541,169.99,99.99,9.47648e+11,0
evt_839,41,1,-1,1,3,-1.57448,1.38109,1,-47.9239,-47.9239,2024,2024,192.49,192.49,9.47648e+11,0
evt_839,42,1,-1,2,3,-2.63852,1.33296,1,-635.624,-635.624,45872,45872,417.49,417.49,9.47648e+11,0
evt_839,43,1,-1,2,3,0.44939,0.919312,1,-221.97,-221.97,13523,13523,354.99,354.99,9.47648e+11,0
evt_839,54,2,-1,4,1,1.5427,0.787334,1,-31.6947,-31.6947,302,302,74.99,74.99,9.47648e+11,0
evt_839,55,2,-1,4,1,-0.241605,0.967802,1,-26.9175,-26.9175,240,240,72.49,72.49,9.47648e+11,0
evt_839,56,2,-1,1,2,-14.2269,1.19095,1,-26.6884,-26.6884,19389,19389,2507.49,2507.49,9.47648e+11,0
evt_839,64,2,-1,1,3,5.69363,0.827978,1,-177.242,-177.242,8160,8160,264.99,264.99,9.47648e+11,0
evt_839,65,2,-1,1,3,-3.79226,0.985343,1,-55.167,-55.167,2973,2973,237.49,237.49,9.47648e+11,0
evt_839,92,3,-1,3,3,-70.3777,24.4646,3,-101.291,-68.5468,2959,1216,167.49,112.49,0,1.38698e+19
evt_839,93,3,-1,3,3,10.7375,0.871642,1,-22.0372,-22.0372,494,494,97.49,97.49,0,1.38663e+19
evt_840,0,0,-1,1,1,3.02006,0.618476,1,-28.0217,-28.0217,1032,1032,147.49,147.49,9.47661e+11,0
evt_840,1,0,-1,1,1,0.496805,0.9791,1,-110.897,-110.897,3959,3959,204.99,204.99,9.47661e+11,0
evt_840,25,1,-1,1,1,1.24761,0.841217,1,-56.2732,-56.2732,2201,2201,187.49,187.49,9.47661e+11,0
evt_840,48,2,-1,1,1,-0.25131,1.20171,1,-454.984,-454.984,22518,22518,322.49,322.49,9.47661e+11,0
evt_840,49,2,-1,1,1,-0.00796325,0.460567,2,-209.939,-16.4713,10847,364,312.49,69.99,9.47661e+11,0
evt_840,67,2,-1,2,3,-1.97616,0.701179,1,-27.2512,-27.2512,871,871,107.49,107.49,9.47661e+11,0
evt_840,72,3,-1,1,1,-10.2669,0.893648,6,-19.3675,-15.2067,1665,284,259.99,54.99,9.47661e+11,0
evt_840,92,3,-1,3,3,18.836,23.5585,1,-310.757,-310.757,6728,6728,159.99,159.99,0,4.63062e+18
evt_841,35,1,-1,2,2,1.62166,1.35115,1,-56.0058,-56.0058,2226,2226,187.49,187.49,9.4783e+11,0
evt_841,80,3,-1,1,2,-1.36618,1.31583,1,-17.3761,-17.3761,523,523,84.99,84.99,9.4783e+11,0
evt_842,23,0,-1,4,3,1.18328,0.62552,1,-47.8459,-47.8459,1586,1586,162.49,162.49,9.47848e+11,0
evt_842,26,1,-1,2,1,-3.28071,1.26555,1,-112.087,-112.087,5317,5317,287.49,287.49,9.47848e+11,0
evt_842,27,1,-1,2,1,1.50279,0.818202,1,-44.3746,-44.3746,1658,1658,172.49,172.49,9.47848e+11,0
evt_842,34,1,-1,2,2,3.36092,1.12234,1,-1250.61,-1250.61,68717,68717,369.99,369.99,9.47848e+11,0
evt_842,35,1,-1,2,2,3.484,0.59767,1,-1250.12,-1250.12,92228,92228,479.99,479.99,9.47848e+11,0
evt_842,48,2,-1,1,1,1.98072,0.808905,1,-96.3025,-96.3025,4400,4400,239.99,239.99,9.47848e+11,0
evt_842,49,2,-1,1,1,0.942114,0.5865,1,-249.108,-249.108,11462,11462,289.99,289.99,9.47848e+11,0
evt_842,72,3,-1,1,1,-2.60938,1.0554,2,-569.936,-27.7169,31592,977,357.49,139.99,9.47848e+11,0
evt_842,73,3,-1,1,1,-7.50099,0.940538,2,-419.107,-37.2492,23942,2270,489.99,279.99,9.47848e+11,0
evt_842,80,3,-1,1,2,-1.80926,0.986135,1,-72.9448,-72.9448,3965,3965,274.99,274.99,9.47848e+11,0
evt_842,92,3,-1,3,3,75.9654,19.973,2,-271.944,-44.5307,7170,261,174.99,132.49,0,4.61279e+18
evt_842,93,3,-1,3,3,5.9086,3.20558,3,-306.193,-30.805,11900,896,262.49,129.99,0,1.36614e+19
evt_843,14,0,-1,4,2,1.40867,0.841598,1,-731.686,-731.686,38878,38878,497.49,497.49,9.47857e+11,0
evt_843,15,0,-1,4,2,-0.531448,0.741521,2,-556.663,-173.66,32800,7464,417.49,254.99,9.47857e+11,0
evt_843,16,0,-1,1,3,37.9085,0.699517,1,-30.7657,-30.7657,520,520,104.99,104.99,9.47857e+11,0
evt_843,17,0,-1,1,3,27.1353,0.728175,1,-51.1662,-51.1662,1445,1445,147.49,147.49,9.47857e+11,0
evt_843,34,1,-1,2,2,-0.178295,1.18887,2,-74.1533,-33.2452,2838,1052,202.49,134.99,9.47857e+11,0
evt_843,35,1,-1,2,2,-0.198307,0.898837,1,-75.1823,-75.1823,3559,3559,227.49,227.49,9.47857e+11,0
evt_843,52,2,-1,3,1,-0.345786,1.0329,1,-45.1551,-45.1551,280,280,67.49,67.49,9.47857e+11,0
evt_843,58,2,-1,2,2,0.515991,0.791952,1,-46.0185,-46.0185,1838,1838,179.99,179.99,9.47857e+11,0
evt_843,72,3,-1,1,1,-16.2902,0.732838,6,-25.1661,-16.6195,3941,1189,504.99,179.99,9.47857e+11,0
evt_843,80,3,-1,1,2,0.791397,0.955437,1,-38.9423,-38.9423,1252,1252,122.49,122.49,9.47857e+11,0
evt_844,0,0,-1,1,1,-1.53858,0.725765,2,-1250.35,-56.9944,97442,1633,424.99,142.49,9.47996e+11,0
evt_844,1,0,-1,1,1,-1.33052,0.877586,1,-1250.35,-1250.35,105280,105280,414.99,414.99,9.47996e+11,0
evt_844,48,2,-1,1,1,4.27865,0.615503,2,-601.039,-29.126,28195,713,324.99,87.49,9.47996e+11,0
evt_844,49,2,-1,1,1,0.462943,0.738408,1,-281.742,-281.742,12732,12732,299.99,299.99,9.47996e+11,0
evt_844,50,2,-1,2,1,2.47704,1.0747,1,-93.5987,-93.5987,5113,5113,259.99,259.99,9.47996e+11,0
evt_844,51,2,-1,2,1,1.36522,0.713537,1,-36.4495,-36.4495,1368,1368,162.49,162.49,9.47996e+11,0
evt_844,58,2,-1,2,2,1.99692,0.930861,1,-30.839,-30.839,216,216,74.99,74.99,9.47996e+11,0
evt_844,59,2,-1,2,2,4.08164,0.673523,1,-37.9432,-37.9432,248,248,79.99,79.99,9.47996e+11,0
evt_844,72,3,-1,1,1,-4.37754,0.850192,6,-23.4134,-16.3573,4168,553,577.49,94.99,9.47996e+11,0
evt_845,10,0,-1,2,2,-0.946559,0.983642,3,-424.985,-32.2917,19865,1061,319.99,142.49,9.48026e+11,0
evt_845,11,0,-1,2,2,0.261642,0.735799,1,-893.914,-893.914,51777,51777,447.49,447.49,9.48026e+11,0
evt_845,18,0,-1,2,3,-1.60144,0.941235,1,-561.086,-561.086,27073,27073,329.99,329.99,9.48026e+11,0
evt_845,19,0,-1,2,3,-0.125675,0.81948,1,-741.533,-741.533,46911,46911,397.49,397.49,9.48026e+11,0
evt_845,34,1,-1,2,2,4.56554,0.637113,2,-1250.31,-37.3238,105116,733,399.99,112.49,9.48026e+11,0
evt_845,35,1,-1,2,2,0.692199,0.965013,2,-1250.35,-243.465,121355,12696,432.49,309.99,9.48026e+11,0
evt_845,82,3,-1,2,2,-13.9298,1.71538,5,-22.6843,-16.4333,9102,364,1344.99,69.99,9.48026e+11,0
evt_845,93,3,-1,3,3,-7.58035,0.902236,1,-16.4696,-16.4696,611,611,107.49,107.49,0,4.65222e+18
evt_846,2,0,-1,2,1,-4.58464,0.936174,1,-98.325,-98.325,5038,5038,252.49,252.49,9.48036e+11,0
evt_846,3,0,-1,2,1,-1.15442,0.887641,1,-75.0299,-75.0299,3743,3743,242.49,242.49,9.48036e+11,0
evt_846,26,1,-1,2,1,-0.690532,1.21408,2,-832.768,-60.1256,47551,2447,369.99,197.49,9.48036e+11,0
evt_846,27,1,-1,2,1,2.06957,0.928794,1,-648.468,-648.468,39164,39164,384.99,384.99,9.48036e+11,0
evt_846,53,2,-1,3,1,-0.0137959,1.09599,1,-114.382,-114.382,5134,5134,249.99,249.99,9.48036e+11,0
evt_846,58,2,-1,2,2,14.149,13.564,1,-106.525,-106.525,5612,5612,242.49,242.49,9.48036e+11,0
evt_846,59,2,-1,2,2,63.9226,4.62406,1,-28.939,-28.939,363,363,97.49,97.49,9.48036e+11,0
evt_846,75,3,-1,2,1,3.55718,1.0171,1,-20.7378,-20.7378,640,640,109.99,109.99,9.48036e+11,0
evt_847,8,0,-1,1,2,0.817404,0.879856,3,-527.229,-22.3415,25460,672,322.49,117.49,9.48106e+11,0
evt_847,9,0,-1,1,2,0.118822,0.804466,1,-345.48,-345.48,13272,13272,272.49,272.49,9.48106e+11,0
evt_847,30,1,-1,4,1,-1.30723,0.540425,2,-1250.04,-28.1413,78060,592,422.49,104.99,9.48106e+11,0
evt_847,31,1,-1,4,1,1.60475,0.771472,2,-898.392,-20.6645,43174,336,394.99,77.49,9.48106e+11,0
evt_847,52,2,-1,3,1,0.247537,0.798074,1,-291.848,-291.848,13353,13353,294.99,294.99,9.48106e+11,0
evt_847,53,2,-1,3,1,-0.228392,1.23853,2,-307.169,-60.1989,16271,1860,309.99,162.49,9.48106e+11,0
evt_847,72,3,-1,1,1,-8.00108,1.62995,2,-283.353,-52.0722,16686,299,339.99,22.49,9.48106e+11,0
evt_847,73,3,-1,1,1,0.457095,0.701638,1,-380.983,-380.983,22282,22282,424.99,424.99,9.48106e+11,0
evt_848,18,0,-1,2,3,-3.08761,0.831316,1,-220.744,-220.744,9778,9778,294.99,294.99,9.4814e+11,0
evt_848,19,0,-1,2,3,-0.0255652,0.710695,1,-61.3426,-61.3426,3281,3281,254.99,254.99,9.4814e+11,0
evt_848,43,1,-1,2,3,-0.376799,0.818968,1,-45.1046,-45.1046,1286,1286,137.49,137.49,9.4814e+11,0
evt_848,44,1,-1,3,3,34.6403,1.49898,1,-17.9171,-17.9171,63,63,72.49,72.49,9.4814e+11,0
evt_848,62,2,-1,4,2,1.15277,0.688099,1,-47.1283,-47.1283,1558,1558,162.49,162.49,9.4814e+11,0
evt_848,63,2,-1,4,2,1.90702,1.0962,2,-160.803,-16.4318,7800,267,269.99,59.99,9.4814e+11,0
evt_848,72,3,-1,1,1,-16.747,1.02518,5,-25.3149,-15.2866,7527,405,1079.99,74.99,9.4814e+11,0
evt_848,80,3,-1,1,2,5.63913,0.894838,2,-779.275,-24.8957,42814,802,367.49,127.49,9.4814e+11,0
evt_848,81,3,-1,1,2,7.87912,0.735947,2,-727.37,-26.3808,40180,832,364.99,132.49,9.4814e+11,0
evt_848,86,3,-1,4,2,17.0872,1.31896,1,-17.5786,-17.5786,221,221,77.49,77.49,9.4814e+11,0
evt_849,34,1,-1,2,2,4.27479,1.10206,3,-1250.42,-50.8225,116099,622,522.49,109.99,9.48182e+11,0
evt_849,35,1,-1,2,2,8.09461,0.705828,2,-1250.23,-56.199,126986,717,449.99,117.49,9.48182e+11,0
evt_849,56,2,-1,1,2,0.886204,1.1141,1,-29.1816,-29.1816,409,409,87.49,87.49,9.48182e+11,0
evt_849,57,2,-1,1,2,-1.06534,0.724319,1,-30.7669,-30.7669,362,362,87.49,87.49,9.48182e+11,0
evt_849,58,2,-1,2,2,0.409629,0.924578,2,-73.4267,-41.8231,3176,1560,217.49,164.99,9.48182e+11,0
evt_849,59,2,-1,2,2,-0.275171,0.735676,1,-57.8365,-57.8365,2493,2493,204.99,204.99,9.48182e+11,0
evt_849,80,3,-1,1,2,-12.3544,0.991093,2,-20.9828,-18.8904,1242,661,189.99,114.99,9.48182e+11,0
evt_849,82,3,-1,2,2,0.320314,2.06445,1,-1049.64,-1049.64,52188,52188,379.99,379.99,9.48182e+11,0
evt_849,83,3,-1,2,2,2.2034,1.02178,1,-436.077,-436.077,30300,30300,472.49,472.49,9.48182e+11,0
evt_850,38,1,-1,4,2,1.687,0.916069,1,-1250.04,-1250.04,66793,66793,382.49,382.49,9.4823e+11,0
evt_850,39,1,-1,4,2,-1.62534,0.956676,1,-837.872,-837.872,40845,40845,364.99,364.99,9.4823e+11,0
evt_850,80,3,-1,1,2,-3.19675,0.989579,1,-16.0936,-16.0936,350,350,74.99,74.99,9.4823e+11,0
evt_851,6,0,-1,4,1,-3.05072,4.80225,2,-45.0633,-29.3462,1424,750,149.99,117.49,9.48231e+11,0
evt_851,25,1,-1,1,1,0.00167655,1.08038,1,-56.6151,-56.6151,2408,2408,199.99,199.99,9.48231e+11,0
evt_851,28,1,-1,3,1,-3.42257,1.09131,2,-201.977,-59.237,8926,1969,277.49,127.49,9.48231e+11,0
evt_851,29,1,-1,3,1,-1.32331,1.13916,1,-88.7591,-88.7591,3963,3963,239.99,239.99,9.48231e+11,0
evt_851,35,1,-1,2,2,4.58794,0.88521,1,-31.0339,-31.0339,1181,1181,157.49,157.49,9.48231e+11,0
evt_851,68,2,-1,3,3,-1.18528,0.972126,2,-1249.97,-17.0088,73471,409,432.49,77.49,9.48231e+11,0
evt_851,69,2,-1,3,3,-1.71494,1.044,3,-575.697,-19.8255,28388,469,344.99,94.99,9.48231e+11,0
evt_851,74,3,-1,2,1,-0.271273,0.803396,2,-619.146,-17.5335,27279,505,332.49,104.99,9.48231e+11,0
evt_851,75,3,-1,2,1,-0.0945179,0.957406,2,-303.36,-22.4534,17343,754,387.49,119.99,9.48231e+11,0
evt_851,94,3,-1,4,3,-6.66132,1.14019,1,-39.3827,-39.3827,1836,1836,202.49,202.49,4.38087e+11,4.58768e+18
evt_852,0,0,-1,1,1,0.990986,1.12754,1,-22.6874,-22.6874,627,627,107.49,107.49,9.48231e+11,0
evt_852,1,0,-1,1,1,8.0989,0.680111,1,-43.6141,-43.6141,1089,1089,127.49,127.49,9.48231e+11,0
evt_852,13,0,-1,3,2,9.20062,0.873768,1,-59.7427,-59.7427,2135,2135,174.99,174.99,9.48231e+11,0
evt_852,28,1,-1,3,1,-0.520316,0.734774,1,-235.003,-235.003,9165,9165,264.99,264.99,9.48231e+11,0
evt_852,29,1,-1,3,1,-3.69056,1.56584,1,-67.1015,-67.1015,2719,2719,199.99,199.99,9.48231e+11,0
evt_852,44,1,-1,3,3,2.92699,0.790733,1,-110.677,-110.677,4483,4483,227.49,227.49,9.48231e+11,0
evt_852,49,2,-1,1,1,-0.119926,0.642615,1,-66.5281,-66.5281,829,829,87.49,87.49,9.48231e+11,0
evt_852,58,2,-1,2,2,1.29237,0.898323,1,-74.9168,-74.9168,3111,3111,212.49,212.49,9.48231e+11,0
evt_852,59,2,-1,2,2,-0.681073,0.675769,1,-99.5034,-99.5034,5333,5333,317.49,317.49,9.48231e+11,0
evt_852,92,3,-1,3,3,21.2649,1.43893,2,-254.101,-85.7843,10655,2742,252.49,179.99,0,4.6141e+18
evt_852,94,3,-1,4,3,9.89428,0.909522,2,-70.9062,-37.0554,2597,1613,202.49,189.99,5.11101e+11,4.60843e+18
evt_852,95,3,-1,4,3,12.0578,1.04878,3,-57.6456,-18.5314,1963,364,169.99,89.99,5.11101e+11,1.37413e+19
evt_853,14,0,-1,4,2,-1.6571,1.07818,1,-1201.17,-1201.17,86433,86433,447.49,447.49,9.48242e+11,0
evt_853,15,0,-1,4,2,-2.62654,0.683485,1,-667.228,-667.228,57610,57610,424.99,424.99,9.48242e+11,0
evt_853,46,1,-1,4,3,-1.3167,0.952385,3,-1250.31,-27.8703,117361,231,519.99,99.99,9.48242e+11,0
evt_853,47,1,-1,4,3,1.74514,1.04065,3,-1250.73,-29.0131,113721,285,499.99,92.49,9.48242e+11,0
evt_853,54,2,-1,4,1,-2.59514,0.944961,1,-1121.76,-1121.76,49141,49141,422.49,422.49,9.48242e+11,0
evt_853,55,2,-1,4,1,1.9205,1.57373,1,-1250.43,-1250.43,88398,88398,419.99,419.99,9.48242e+11,0
evt_853,78,3,-1,4,1,-0.890828,1.28392,2,-1250,-94.8167,81809,3856,509.99,212.49,9.48242e+11,0
evt_853,79,3,-1,4,1,0.0907943,0.860837,2,-1023.01,-20.6295,63584,468,444.99,94.99,9.48242e+11,0
evt_853,90,3,-1,2,3,4.96266,0.84562,1,-82.0069,-82.0069,4488,4488,264.99,264.99,1.49602e+14,1.3782e+19
evt_853,91,3,-1,2,3,2.29005,0.966196,1,-89.7889,-89.7889,3843,3843,229.99,229.99,0,1.37624e+19
evt_854,6,0,-1,4,1,0.0465599,1.11944,1,-283.8,-283.8,12307,12307,282.49,282.49,9.48247e+11,0
evt_854,7,0,-1,4,1,1.35033,0.897547,1,-155.702,-155.702,7046,7046,267.49,267.49,9.48247e+11,0
evt_854,26,1,-1,2,1,-2.31733,1.18843,1,-137.099,-137.099,5531,5531,244.99,244.99,9.48247e+11,0
evt_854,27,1,-1,2,1,0.786554,0.949674,1,-195.582,-195.582,9644,9644,299.99,299.99,9.48247e+11,0
evt_854,48,2,-1,1,1,-2.13721,1.18524,2,-1250.16,-19.1414,76031,396,384.99,94.99,9.48247e+11,0
evt_854,49,2,-1,1,1,-1.60555,0.557996,3,-769.63,-22.838,41762,310,379.99,79.99,9.48247e+11,0
evt_854,70,2,-1,4,3,0.541182,0.964438,1,-280.384,-280.384,9969,9969,254.99,254.99,9.48247e+11,0
evt_854,71,2,-1,4,3,-0.566633,0.699359,1,-339.351,-339.351,16714,16714,392.49,392.49,9.48247e+11,0
evt_854,80,3,-1,1,2,3.33836,1.36381,2,-529.141,-36.0096,30392,1408,367.49,167.49,9.48247e+11,0
evt_854,81,3,-1,1,2,10.1242,2.04463,2,-327.45,-25.7965,18526,764,339.99,122.49,9.48247e+11,0
evt_855,20,0,-1,3,3,0.804285,0.75858,1,-237.45,-237.45,10765,10765,284.99,284.99,9.48355e+11,0
evt_855,21,0,-1,3,3,-0.285194,0.522013,1,-74.8388,-74.8388,3898,3898,314.99,314.99,9.48355e+11,0
evt_855,44,1,-1,3,3,1.36207,0.838987,1,-216.857,-216.857,13036,13036,337.49,337.49,9.48355e+11,0
evt_855,45,1,-1,3,3,2.85362,1.10434,1,-106.98,-106.98,4476,4476,234.99,234.99,9.48355e+11,0
evt_855,55,2,-1,4,1,1.38031,1.07372,1,-33.8169,-33.8169,1185,1185,149.99,149.99,9.48355e+11,0
evt_855,58,2,-1,2,2,0.968822,0.814293,1,-54.1038,-54.1038,426,426,74.99,74.99,9.48355e+11,0
evt_855,59,2,-1,2,2,1.03842,0.88896,1,-43.7811,-43.7811,301,301,72.49,72.49,9.48355e+11,0
evt_855,67,2,-1,2,3,4.17776,0.787088,1,-73.1619,-73.1619,3176,3176,214.99,214.99,9.48355e+11,0
evt_855,69,2,-1,3,3,1.4644,1.04412,1,-26.8507,-26.8507,950,950,137.49,137.49,9.48355e+11,0
evt_855,82,3,-1,2,2,-5.61639,1.84024,2,-16.6327,-15.0224,776,211,154.99,54.99,9.48355e+11,0
evt_855,87,3,-1,4,2,-2.02776,1.66423,1,-15.2482,-15.2482,294,294,54.99,54.99,9.48355e+11,0
evt_856,22,0,-1,4,3,2.73181,1.20069,1,-95.2392,-95.2392,4012,4012,219.99,219.99,9.48387e+11,0
evt_856,23,0,-1,4,3,1.60134,0.990382,1,-36.1412,-36.1412,1179,1179,147.49,147.49,9.48387e+11,0
evt_856,28,1,-1,3,1,0.359569,0.964434,1,-218.416,-218.416,11356,11356,297.49,297.49,9.48387e+11,0
evt_856,29,1,-1,3,1,1.48503,0.936073,1,-91.9577,-91.9577,4448,4448,287.49,287.49,9.48387e+11,0
evt_856,52,2,-1,3,1,-1.69401,0.565423,2,-284.641,-47.3554,11823,1742,282.49,167.49,9.48387e+11,0
evt_856,53,2,-1,3,1,-0.895286,1.11761,2,-230.581,-69.6509,9383,2742,252.49,174.99,9.48387e+11,0
evt_856,56,2,-1,1,2,-11.641,1.35523,1,-16.922,-16.922,789,789,144.99,144.99,9.48387e+11,0
evt_856,68,2,-1,3,3,-2.74119,0.864853,1,-271.03,-271.03,13138,13138,322.49,322.49,9.48387e+11,0
evt_856,69,2,-1,3,3,1.6755,0.896411,1,-61.9576,-61.9576,3795,3795,299.99,299.99,9.48387e+11,0
evt_856,74,3,-1,2,1,-1.35449,1.20352,1,-499.635,-499.635,25208,25208,339.99,339.99,9.48387e+11,0
evt_856,75,3,-1,2,1,-0.255956,0.614966,1,-284.828,-284.828,14704,14704,314.99,314.99,9.48387e+11,0
evt_857,26,1,-1,2,1,-0.899669,1.26162,1,-55.2433,-55.2433,2101,2101,184.99,184.99,9.48442e+11,0
evt_857,28,1,-1,3,1,1.52662,0.617102,1,-1247.83,-1247.83,131067,131067,484.99,484.99,9.48442e+11,0
evt_857,29,1,-1,3,1,3.56883,1.55809,1,-1249.74,-1249.74,118863,118863,472.49,472.49,9.48442e+11,0
evt_857,50,2,-1,2,1,-0.588426,1.11307,1,-77.1999,-77.1999,4777,4777,287.49,287.49,9.48442e+11,0
evt_857,51,2,-1,2,1,0.960236,0.604215,1,-108.809,-108.809,4866,4866,242.49,242.49,9.48442e+11,0
evt_857,59,2,-1,2,2,-0.0933668,0.785938,1,-114.718,-114.718,5282,5282,254.99,254.99,9.48442e+11,0
evt_857,64,2,-1,1,3,-0.774558,0.855767,2,-1250.15,-72.9299,120392,2077,707.49,117.49,9.48442e+11,0
evt_857,65,2,-1,1,3,-0.967156,0.883127,3,-1250.31,-28.8603,117204,109,424.99,87.49,9.48442e+11,0
evt_857,72,3,-1,1,1,-17.5699,0.872407,1,-30.5286,-30.5286,21171,21171,2507.49,2507.49,9.48442e+11,0
evt_857,78,3,-1,4,1,-5.62524,1.0322,4,-20.7017,-15.3983,1141,390,197.49,77.49,9.48442e+11,0
evt_857,93,3,-1,3,3,1.40506,0.884988,1,-17.8043,-17.8043,1278,1278,209.99,209.99,0,4.57233e+18
evt_858,1,0,-1,1,1,-2.17725,1.00324,1,-159.477,-159.477,6222,6222,252.49,252.49,9.48521e+11,0
evt_858,2,0,-1,2,1,-0.19097,0.972117,2,-720.793,-30.9563,52432,845,352.49,132.49,9.48521e+11,0
evt_858,3,0,-1,2,1,0.163603,0.883635,1,-633.712,-633.712,50423,50423,529.99,529.99,9.48521e+11,0
evt_858,4,0,-1,3,1,-0.0455288,0.692712,2,-1250.27,-40.413,75557,1131,389.99,137.49,9.48521e+11,0
evt_858,5,0,-1,3,1,-0.218689,0.845907,3,-1250.54,-35.3037,94950,639,462.49,107.49,9.48521e+11,0
evt_858,6,0,-1,4,1,0.235897,0.967413,2,-1250.16,-342.494,391436,3621,1154.99,47.49,9.48521e+11,0
evt_858,7,0,-1,4,1,-2.36064,0.870018,2,-1250.19,-118.268,177497,2558,772.49,179.99,9.48521e+11,0
evt_858,8,0,-1,1,2,-2.55271,0.705903,2,-364.33,-64.8846,17204,3504,314.99,282.49,9.48521e+11,0
evt_858,9,0,-1,1,2,-1.07331,0.626483,1,-204.018,-204.018,7890,7890,259.99,259.99,9.48521e+11,0
evt_858,10,0,-1,2,2,-0.70096,1.00907,1,-252.773,-252.773,13488,13488,312.49,312.49,9.48521e+11,0
evt_858,11,0,-1,2,2,-1.30368,0.603456,2,-287.653,-27.8292,16019,931,369.99,137.49,9.48521e+11,0
evt_858,12,0,-1,3,2,1.86318,1.3043,2,-1250.27,-31.5167,82600,865,399.99,139.99,9.48521e+11,0
evt_858,13,0,-1,3,2,0.620213,0.718716,1,-1250,-1250,101250,101250,427.49,427.49,9.48521e+11,0
evt_858,14,0,-1,4,2,-2.29087,1.09305,3,-1232.75,-19.0266,113494,203,462.49,74.99,9.48521e+11,0
evt_858,15,0,-1,4,2,-0.558152,0.719956,2,-596.775,-64.3185,79259,1292,654.99,137.49,9.48521e+11,0
evt_858,16,0,-1,1,3,0.0201628,0.802439,1,-266.572,-266.572,15352,15352,384.99,384.99,9.48521e+11,0
evt_858,17,0,-1,1,3,-1.13133,0.574845,3,-484.296,-19.2556,22774,580,337.49,94.99,9.48521e+11,0
evt_858,18,0,-1,2,3,-2.85364,1.28684,1,-1155.8,-1155.8,53031,53031,399.99,399.99,9.48521e+11,0
evt_858,19,0,-1,2,3,-0.279324,0.791026,3,-503.974,-22.3401,30156,529,377.49,97.49,9.48521e+11,0
evt_858,20,0,-1,3,3,0.292405,0.667326,1,-275.942,-275.942,13040,13040,304.99,304.99,9.48521e+11,0
evt_858,21,0,-1,3,3,-1.0056,1.24329,1,-37.2868,-37.2868,1521,1521,172.49,172.49,9.48521e+11,0
evt_858,22,0,-1,4,3,-2.55152,1.15541,2,-1250.54,-47.3941,72996,1241,439.99,139.99,9.48521e+11,0
evt_858,23,0,-1,4,3,0.178847,0.82515,3,-1131.17,-22.8388,47872,472,402.49,92.49,9.48521e+11,0
evt_858,24,1,-1,1,1,1.32926,0.777712,3,-1205.32,-15.3644,58762,298,417.49,54.99,9.48521e+11,0
evt_858,25,1,-1,1,1,0.526296,1.13283,2,-940.103,-32.5943,53131,827,474.99,119.99,9.48521e+11,0
evt_858,26,1,-1,2,1,3.90223,1.4998,5,-1251.34,-17.2994,138935,167,544.99,59.99,9.48521e+11,0
evt_858,27,1,-1,2,1,0.624441,0.930469,3,-1249.1,-99.3548,123608,3330,554.99,189.99,9.48521e+11,0
evt_858,28,1,-1,3,1,-6.22708,0.946895,2,-1248.48,-412.399,214035,9500,884.99,84.99,9.48521e+11,0
evt_858,29,1,-1,3,1,3.01376,1.01643,2,-1249.81,-61.9166,156294,746,614.99,49.99,9.48521e+11,0
evt_858,30,1,-1,4,1,-0.203725,1.03349,2,-1250.04,-24.6276,152953,765,679.99,77.49,9.48521e+11,0
evt_858,31,1,-1,4,1,2.50527,0.690879,2,-1249.7,-52.8785,130579,598,489.99,124.99,9.48521e+11,0
evt_858,34,1,-1,2,2,4.05981,0.873614,3,-1250.35,-30.8016,119118,454,417.49,104.99,9.48521e+11,0
evt_858,35,1,-1,2,2,2.42862,0.850351,1,-1250.15,-1250.15,122303,122303,419.99,419.99,9.48521e+11,0
evt_858,36,1,-1,3,2,3.34273,0.736309,2,-1250.27,-98.3981,157273,1250,712.49,97.49,9.48521e+11,0
evt_858,37,1,-1,3,2,2.13911,0.656613,1,-1250.5,-1250.5,191044,191044,632.49,632.49,9.48521e+11,0
evt_858,38,1,-1,4,2,2.18513,0.992949,2,-1250.19,-126.347,187952,349,642.49,112.49,9.48521e+11,0
evt_858,39,1,-1,4,2,4.23314,1.14708,1,-1250.35,-1250.35,162579,162579,717.49,717.49,9.48521e+11,0
evt_858,40,1,-1,1,3,1.4292,0.993223,3,-1250.23,-50.6688,116996,1531,539.99,149.99,9.48521e+11,0
evt_858,41,1,-1,1,3,1.40839,0.826735,2,-1250.31,-45.4089,100051,1071,427.49,134.99,9.48521e+11,0
evt_858,42,1,-1,2,3,3.84977,0.901971,2,-1250.5,-66.0708,152601,2458,507.49,217.49,9.48521e+11,0
evt_858,43,1,-1,2,3,0.0868682,0.699102,1,-1250.27,-1250.27,121352,121352,492.49,492.49,9.48521e+11,0
evt_858,44,1,-1,3,3,4.66844,0.910652,3,-1250.23,-19.1801,134131,69,434.99,67.49,9.48521e+11,0
evt_858,45,1,-1,3,3,1.35895,0.848576,2,-1250.38,-35.4581,145386,466,584.99,114.99,9.48521e+11,0
evt_858,46,1,-1,4,3,6.49785,1.08457,2,-1250.84,-77.0868,146995,211,447.49,147.49,9.48521e+11,0
evt_858,47,1,-1,4,3,2.6256,0.535125,3,-1250.39,-127.187,156480,1192,457.49,97.49,9.48521e+11,0
evt_858,48,2,-1,1,1,-1.79896,0.605833,3,-1250.5,-32.4843,83765,695,394.99,109.99,9.48521e+11,0
evt_858,49,2,-1,1,1,-1.0981,0.64993,1,-1027.43,-1027.43,61835,61835,389.99,389.99,9.48521e+11,0
evt_858,50,2,-1,2,1,-0.468136,1.01707,2,-1250.31,-40.1879,102453,950,464.99,129.99,9.48521e+11,0
evt_858,51,2,-1,2,1,-1.07266,0.750713,1,-1250.42,-1250.42,105833,105833,459.99,459.99,9.48521e+11,0
evt_858,52,2,-1,3,1,0.77112,1.337,3,-1250.12,-54.4439,104359,2385,609.99,187.49,9.48521e+11,0
evt_858,53,2,-1,3,1,-0.433101,0.795744,2,-1250.35,-22.1507,97457,189,512.49,79.99,9.48521e+11,0
evt_858,54,2,-1,4,1,-0.484221,1.15323,3,-1250.38,-30.3043,76455,508,399.99,99.99,9.48521e+11,0
evt_858,55,2,-1,4,1,-1.78215,0.912157,2,-1250.5,-63.3264,105008,1768,519.99,157.49,9.48521e+11,0
evt_858,56,2,-1,1,2,2.33578,0.598693,1,-1250.42,-1250.42,134838,134838,592.49,592.49,9.48521e+11,0
evt_858,57,2,-1,1,2,0.562763,1.00732,3,-1250.2,-38.1629,98535,836,382.49,132.49,9.48521e+11,0
evt_858,58,2,-1,2,2,-0.629687,1.07187,2,-1250.04,-50.3257,119841,1108,569.99,139.99,9.48521e+11,0
evt_858,59,2,-1,2,2,-2.49528,0.731744,1,-1250.61,-1250.61,135110,135110,677.49,677.49,9.48521e+11,0
evt_858,60,2,-1,3,2,0.0723705,0.922836,2,-1250.47,-48.3418,94382,1584,412.49,167.49,9.48521e+11,0
evt_858,61,2,-1,3,2,1.68217,0.656031,2,-1250.46,-89.7467,111502,2648,437.49,174.99,9.48521e+11,0
evt_858,62,2,-1,4,2,-1.48776,0.895823,2,-1250.2,-28.4379,104387,398,487.49,94.99,9.48521e+11,0
evt_858,63,2,-1,4,2,1.91183,0.779143,2,-1250.42,-283.422,130212,14667,574.99,234.99,9.48521e+11,0
evt_858,64,2,-1,1,3,-4.25099,1.04334,2,-1249.66,-45.7114,62779,1350,524.99,147.49,9.48521e+11,0
evt_858,65,2,-1,1,3,0.0708599,0.517958,1,-1250.31,-1250.31,71850,71850,372.49,372.49,9.48521e+11,0
evt_858,66,2,-1,2,3,0.166735,1.02169,3,-1250.05,-46.0174,67986,1404,444.99,147.49,9.48521e+11,0
evt_858,67,2,-1,2,3,1.09251,0.999224,2,-1249.93,-16.8463,83495,324,462.49,74.99,9.48521e+11,0
evt_858,68,2,-1,3,3,-2.44368,0.845307,2,-1250.08,-72.9382,102632,1038,917.49,47.49,9.48521e+11,0
evt_858,69,2,-1,3,3,1.52795,0.606212,2,-1066.47,-61.5684,50805,2964,377.49,224.99,9.48521e+11,0
evt_858,70,2,-1,4,3,12.1647,0.992927,1,-923.464,-923.464,38697,38697,314.99,314.99,9.48521e+11,0
evt_858,71,2,-1,4,3,14.0413,1.04192,1,-1250.08,-1250.08,73862,73862,382.49,382.49,9.48521e+11,0
evt_858,72,3,-1,1,1,-7.21548,1.16155,2,-1142.23,-20.4696,70087,1005,462.49,164.99,9.48521e+11,0
evt_858,73,3,-1,1,1,2.98453,1.12203,2,-1249.39,-24.0696,63964,588,367.49,104.99,9.48521e+11,0
evt_858,74,3,-1,2,1,0.909432,0.849998,1,-1172.91,-1172.91,58282,58282,367.49,367.49,9.48521e+11,0
evt_858,75,3,-1,2,1,-0.281398,0.98229,2,-652.473,-60.0853,37370,3689,489.99,274.99,9.48521e+11,0
evt_858,76,3,-1,3,1,1.37602,1.78638,2,-547.78,-43.6148,36368,2587,392.49,229.99,9.48521e+11,0
evt_858,77,3,-1,3,1,-0.80269,1.0124,2,-936.932,-61.9888,47922,2332,372.49,182.49,9.48521e+11,0
evt_858,78,3,-1,4,1,-12.2879,1.09898,1,-1249.89,-1249.89,82627,82627,507.49,507.49,9.48521e+11,0
evt_858,79,3,-1,4,1,0.187214,0.646935,1,-1116.87,-1116.87,75346,75346,394.99,394.99,9.48521e+11,0
evt_858,80,3,-1,1,2,0.682663,1.09561,1,-382.083,-382.083,24005,24005,377.49,377.49,9.48521e+11,0
evt_858,81,3,-1,1,2,-7.97069,1.24393,1,-413.909,-413.909,22288,22288,389.99,389.99,9.48521e+11,0
evt_858,82,3,-1,2,2,2.77497,2.20396,3,-891.438,-55.0585,43107,1776,357.49,162.49,9.48521e+11,0
evt_858,83,3,-1,2,2,-0.256446,1.04829,2,-1082.52,-19.2509,52792,475,362.49,97.49,9.48521e+11,0
evt_858,86,3,-1,4,2,1.52725,0.955217,1,-1250.2,-1250.2,74701,74701,397.49,397.49,9.48521e+11,0
evt_858,87,3,-1,4,2,-5.94234,0.932359,3,-1250.34,-21.6554,109301,419,557.49,24.99,9.48521e+11,0
evt_858,88,3,-1,1,3,-1.9056,0.979298,2,-836.119,-121.354,35848,5099,317.49,274.99,1.49602e+14,1.10382e+12
evt_858,89,3,-1,1,3,-0.367968,1.00352,1,-747.598,-747.598,38687,38687,352.49,352.49,1.49602e+14,1.38097e+19
evt_858,90,3,-1,2,3,0.854698,1.21315,1,-674.203,-674.203,35299,35299,367.49,367.49,1.49602e+14,4.49744e+18
evt_858,91,3,-1,2,3,-0.221501,0.845352,1,-402.6,-402.6,18290,18290,319.99,319.99,0,1.37295e+19
evt_858,92,3,-1,3,3,0.44288,0.984562,2,-1250.31,-96.9113,91495,3529,412.49,202.49,0,1.37294e+19
evt_858,93,3,-1,3,3,-0.674134,1.12348,2,-345.752,-18.2998,17577,423,319.99,84.99,0,4.49725e+18
evt_858,94,3,-1,4,3,1.17985,0.91227,2,-1250.2,-60.5471,87954,1736,417.49,152.49,4.38087e+11,4.54782e+18
evt_858,95,3,-1,4,3,-0.0524591,0.722917,1,-1250.08,-1250.08,79396,79396,454.99,454.99,4.38087e+11,4.51727e+18
evt_859,17,0,-1,1,3,10.8157,0.675268,2,-80.0603,-44.0694,2991,1476,192.49,157.49,9.48522e+11,0
evt_859,26,1,-1,2,1,-2.0635,1.36567,2,-759.95,-25.3902,42683,735,374.99,119.99,9.48522e+11,0
evt_859,27,1,-1,2,1,1.56118,0.842266,1,-804.056,-804.056,49672,49672,487.49,487.49,9.48522e+11,0
evt_859,54,2,-1,4,1,25.9322,0.893025,2,-30.0042,-16.931,625,217,109.99,72.49,9.48522e+11,0
evt_859,55,2,-1,4,1,37.4941,1.16566,1,-148.725,-148.725,4107,4107,174.99,174.99,9.48522e+11,0
evt_859,66,2,-1,2,3,4.44123,0.841607,1,-150.774,-150.774,6838,6838,254.99,254.99,9.48522e+11,0
evt_859,67,2,-1,2,3,0.265188,0.7001,3,-532.41,-119.023,25507,5059,339.99,232.49,9.48522e+11,0
evt_859,88,3,-1,1,3,-4.22613,0.741043,3,-1135.29,-25.168,57851,718,612.49,104.99,1.49602e+14,1.10382e+12
evt_859,89,3,-1,1,3,0.774665,0.767939,1,-1249.78,-1249.78,78613,78613,424.99,424.99,1.49602e+14,1.37626e+19
evt_860,16,0,-1,1,3,0.987096,1.00825,3,-1250.61,-29.5439,90350,495,419.99,102.49,9.48524e+11,0
evt_860,17,0,-1,1,3,-0.615056,0.876145,1,-1250.27,-1250.27,93094,93094,644.99,644.99,9.48524e+11,0
evt_860,40,1,-1,1,3,4.31976,0.817039,1,-138.318,-138.318,5389,5389,237.49,237.49,9.48524e+11,0
evt_860,41,1,-1,1,3,-0.146648,0.884666,1,-211.06,-211.06,11370,11370,324.99,324.99,9.48524e+11,0
evt_860,64,2,-1,1,3,1.43233,0.843001,2,-1250.23,-34.2734,97884,1085,427.49,139.99,9.48524e+11,0
evt_860,65,2,-1,1,3,-1.15952,0.696921,2,-1250.19,-70.569,102180,1592,437.49,134.99,9.48524e+11,0
evt_860,80,3,-1,1,2,-8.02481,0.893364,3,-20.0653,-16.8865,582,416,84.99,77.49,9.48524e+11,0
evt_861,6,0,-1,4,1,0.621342,0.950014,1,-49.0219,-49.0219,2037,2037,189.99,189.99,9.48592e+11,0
evt_861,7,0,-1,4,1,8.50575,1.05286,1,-41.9429,-41.9429,1458,1458,157.49,157.49,9.48592e+11,0
evt_861,8,0,-1,1,2,0.428563,0.975694,1,-52.2338,-52.2338,1566,1566,152.49,152.49,9.48592e+11,0
evt_861,9,0,-1,1,2,-0.444762,0.828232,2,-53.7927,-36.2961,1642,1020,154.99,127.49,9.48592e+11,0
evt_861,13,0,-1,3,2,1.27407,0.640966,2,-26.6484,-16.3163,918,425,139.99,84.99,9.48592e+11,0
evt_861,16,0,-1,1,3,0.034867,0.908609,3,-1250.4,-16.8888,74731,247,477.49,72.49,9.48592e+11,0
evt_861,17,0,-1,1,3,-1.55013,0.733685,1,-1250.2,-1250.2,86213,86213,417.49,417.49,9.48592e+11,0
evt_861,18,0,-1,2,3,-2.11133,1.05548,1,-76.5565,-76.5565,2857,2857,199.99,199.99,9.48592e+11,0
evt_861,19,0,-1,2,3,-0.241107,0.722601,1,-220.561,-220.561,11458,11458,299.99,299.99,9.48592e+11,0
evt_861,26,1,-1,2,1,-0.455805,1.24847,1,-374.808,-374.808,19613,19613,339.99,339.99,9.48592e+11,0
evt_861,27,1,-1,2,1,0.765499,0.836665,1,-671.038,-671.038,34161,34161,349.99,349.99,9.48592e+11,0
evt_861,28,1,-1,3,1,-0.143403,0.813266,3,-1247.95,-25.9216,97992,303,407.49,34.99,9.48592e+11,0
evt_861,29,1,-1,3,1,0.814574,1.13191,2,-1249.62,-17.7275,95512,276,449.99,74.99,9.48592e+11,0
evt_861,36,1,-1,3,2,-0.174104,0.687153,1,-1250.27,-1250.27,105040,105040,444.99,444.99,9.48592e+11,0
evt_861,37,1,-1,3,2,1.22746,0.923268,2,-1250.5,-47.5035,146804,568,599.99,104.99,9.48592e+11,0
evt_861,38,1,-1,4,2,0.303292,0.892614,3,-1250.35,-60.9013,170880,276,544.99,107.49,9.48592e+11,0
evt_861,39,1,-1,4,2,0.692222,1.01953,3,-1250.16,-230.697,159395,9228,469.99,262.49,9.48592e+11,0
evt_861,40,1,-1,1,3,-1.20941,0.96188,1,-56.1974,-56.1974,4167,4167,339.99,339.99,9.48592e+11,0
evt_861,41,1,-1,1,3,0.572036,0.838211,1,-352.39,-352.39,19678,19678,344.99,344.99,9.48592e+11,0
evt_861,46,1,-1,4,3,2.16635,1.18771,1,-1250.27,-1250.27,230725,230725,704.99,704.99,9.48592e+11,0
evt_861,47,1,-1,4,3,-1.92296,0.762987,2,-1250.65,-1250.42,259300,39513,679.99,202.49,9.48592e+11,0
evt_861,48,2,-1,1,1,-2.71948,0.551841,1,-292.157,-292.157,16069,16069,339.99,339.99,9.48592e+11,0
evt_861,49,2,-1,1,1,-0.619147,0.808472,1,-329.007,-329.007,15459,15459,317.49,317.49,9.48592e+11,0
evt_861,50,2,-1,2,1,-0.311311,1.08435,2,-1250.58,-220.823,341249,5361,984.99,147.49,9.48592e+11,0
evt_861,51,2,-1,2,1,0.945092,1.18058,2,-1250.77,-695.035,337622,21947,967.49,162.49,9.48592e+11,0
evt_861,52,2,-1,3,1,-1.50973,0.921238,3,-1250,-49.8281,102534,1243,442.49,144.99,9.48592e+11,0
evt_861,53,2,-1,3,1,-3.49149,0.840545,1,-1250.73,-1250.73,92459,92459,394.99,394.99,9.48592e+11,0
evt_861,56,2,-1,1,2,-1.97323,0.540778,1,-1250.65,-1250.65,164036,164036,749.99,749.99,9.48592e+11,0
evt_861,57,2,-1,1,2,-3.71289,1.45089,2,-1250.54,-21.3557,113059,163,517.49,84.99,9.48592e+11,0
evt_861,58,2,-1,2,2,0.928943,0.949856,1,-1250.88,-1250.88,630537,630537,1284.99,1284.99,9.48592e+11,0
evt_861,59,2,-1,2,2,2.08914,1.16573,1,-1250.62,-1250.62,631089,631089,1287.49,1287.49,9.48592e+11,0
evt_861,60,2,-1,3,2,0.422408,0.867118,1,-1250.46,-1250.46,485861,485861,1277.49,1277.49,9.48592e+11,0
evt_861,61,2,-1,3,2,-2.04692,1.06439,2,-1250.81,-1168.95,374303,35448,1002.49,162.49,9.48592e+11,0
evt_861,62,2,-1,4,2,-5.41232,0.677673,3,-1249.93,-40.6121,92757,1060,482.49,32.49,9.48592e+11,0
evt_861,63,2,-1,4,2,-8.59323,0.865433,2,-1250.81,-32.596,115018,599,444.99,107.49,9.48592e+11,0
evt_861,64,2,-1,1,3,-1.11952,1.27813,3,-1250.39,-23.7427,141904,156,632.49,79.99,9.48592e+11,0
evt_861,65,2,-1,1,3,-2.29157,0.611659,1,-1250.23,-1250.23,167102,167102,847.49,847.49,9.48592e+11,0
evt_861,66,2,-1,2,3,2.60066,1.02705,1,-1250.54,-1250.54,472143,472143,1294.99,1294.99,9.48592e+11,0
evt_861,67,2,-1,2,3,0.704924,0.806783,2,-1250.23,-285.256,333506,3243,929.99,139.99,9.48592e+11,0
evt_861,68,2,-1,3,3,-4.89327,3.50231,4,-1250.5,-40.1843,432484,1063,1112.49,47.49,9.48592e+11,0
evt_861,69,2,-1,3,3,-3.68079,0.846278,2,-1250.19,-32.2549,220891,1018,754.99,137.49,9.48592e+11,0
evt_861,70,2,-1,4,3,0.279063,0.942429,3,-1250.42,-17.077,129065,657,439.99,62.49,9.48592e+11,0
evt_861,71,2,-1,4,3,2.25134,0.912925,2,-1250.35,-237.671,170720,4885,702.49,84.99,9.48592e+11,0
evt_861,72,3,-1,1,1,5.11316,1.01607,1,-1250.27,-1250.27,115284,115284,449.99,449.99,9.48592e+11,0
evt_861,73,3,-1,1,1,0.696801,0.906817,2,-1249.97,-15.86,111243,119,459.99,64.99,9.48592e+11,0
evt_861,74,3,-1,2,1,1.16733,1.05149,2,-827.501,-28.5167,44028,576,359.99,102.49,9.48592e+11,0
evt_861,75,3,-1,2,1,0.448288,0.881095,3,-788.537,-27.9837,41480,989,374.99,137.49,9.48592e+11,0
evt_861,76,3,-1,3,1,3.55345,0.936183,3,-689.017,-34.9226,40416,1360,389.99,159.99,9.48592e+11,0
evt_861,77,3,-1,3,1,-1.43425,0.699674,2,-941.916,-17.1839,61768,359,532.49,79.99,9.48592e+11,0
evt_861,80,3,-1,1,2,-44.31,3.28356,2,-1250.2,-39.6067,159740,1211,497.49,152.49,9.48592e+11,0
evt_861,81,3,-1,1,2,3.76501,1.20939,3,-1250.3,-23.0622,150795,948,432.49,149.99,9.48592e+11,0
evt_861,82,3,-1,2,2,-0.123881,1.93317,1,-109.269,-109.269,4160,4160,219.99,219.99,9.48592e+11,0
evt_861,83,3,-1,2,2,1.48239,0.853962,1,-145.074,-145.074,6397,6397,252.49,252.49,9.48592e+11,0
evt_861,84,3,-1,3,2,0.799527,0.834706,1,-243.137,-243.137,10639,10639,279.99,279.99,9.48592e+11,0
evt_861,85,3,-1,3,2,-0.440238,0.79709,1,-91.2332,-91.2332,3241,3241,202.49,202.49,9.48592e+11,0
evt_861,88,3,-1,1,3,1.4045,1.14854,2,-761.737,-28.3292,31166,784,344.99,119.99,1.49602e+14,1.10382e+12
evt_861,89,3,-1,1,3,0.275601,0.78072,1,-933.451,-933.451,48298,48298,377.49,377.49,1.49602e+14,1.38615e+19
evt_861,92,3,-1,3,3,-1.53616,0.998053,1,-101.066,-101.066,4748,4748,259.99,259.99,0,1.3845e+19
evt_862,20,0,-1,3,3,0.654286,0.857607,2,-751.718,-32.9777,38835,1605,347.49,182.49,9.48617e+11,0
evt_862,21,0,-1,3,3,1.70806,0.705808,2,-125.246,-47.2744,5682,1764,247.49,174.99,9.48617e+11,0
evt_862,46,1,-1,4,3,0.0693203,0.799769,1,-409.784,-409.784,17679,17679,312.49,312.49,9.48617e+11,0
evt_862,47,1,-1,4,3,-0.576824,0.804239,1,-527.901,-527.901,24449,24449,314.99,314.99,9.48617e+11,0
evt_862,52,2,-1,3,1,-2.85148,0.841315,1,-21.5319,-21.5319,180,180,62.49,62.49,9.48617e+11,0
evt_862,58,2,-1,2,2,0.527421,0.903777,1,-55.1281,-55.1281,2257,2257,189.99,189.99,9.48617e+11,0
evt_862,59,2,-1,2,2,-0.314822,0.698179,2,-138.543,-101.071,5647,4420,229.99,164.99,9.48617e+11,0
evt_862,80,3,-1,1,2,2.36019,1.50763,2,-20.7211,-19.7786,2430,649,369.99,112.49,9.48617e+11,0
evt_862,86,3,-1,4,2,12.8313,0.863006,2,-268.669,-26.087,10730,537,259.99,99.99,9.48617e+11,0
evt_862,87,3,-1,4,2,28.1449,1.90543,2,-72.9331,-25.2771,3302,461,207.49,104.99,9.48617e+11,0
evt_863,25,1,-1,1,1,-33.293,7.35861,1,-21.8542,-21.8542,417,417,77.49,77.49,9.4863e+11,0
evt_863,53,2,-1,3,1,0.0108258,0.713994,1,-61.0031,-61.0031,2629,2629,207.49,207.49,9.4863e+11,0
evt_863,56,2,-1,1,2,9.31537,0.714423,2,-1250.42,-19.8656,92402,397,414.99,94.99,9.4863e+11,0
evt_863,57,2,-1,1,2,7.30387,0.881423,4,-1209.53,-19.864,58325,375,387.49,79.99,9.4863e+11,0
evt_863,88,3,-1,1,3,2.02241,0.743615,1,-753.159,-753.159,35852,35852,359.99,359.99,1.49602e+14,1.10382e+12
evt_863,89,3,-1,1,3,-1.00121,0.890443,2,-855.142,-147.417,45514,5432,524.99,214.99,1.49602e+14,4.59475e+18
evt_863,92,3,-1,3,3,-0.707846,2.01308,1,-1250.58,-1250.58,126081,126081,542.49,542.49,0,1.34408e+19
evt_863,93,3,-1,3,3,4.37739,1.63061,2,-243.009,-29.0889,12292,897,289.99,129.99,0,4.55033e+18
evt_864,31,1,-1,4,1,4.3099,0.98979,2,-31.9487,-18.2998,812,357,119.99,72.49,9.48707e+11,0
evt_864,41,1,-1,1,3,-1.65911,0.690136,1,-53.1467,-53.1467,2265,2265,192.49,192.49,9.48707e+11,0
evt_864,49,2,-1,1,1,-1.51976,0.742828,1,-66.305,-66.305,874,874,89.99,89.99,9.48707e+11,0
evt_864,54,2,-1,4,1,-1.03864,0.8417,2,-559.218,-24.6733,30287,536,484.99,102.49,9.48707e+11,0
evt_864,55,2,-1,4,1,-5.69233,1.25554,3,-1071.28,-33.1303,51162,896,374.99,124.99,9.48707e+11,0
evt_864,56,2,-1,1,2,-8.51875,0.862434,6,-34.9191,-15.7134,2351,158,357.49,24.99,9.48707e+11,0
evt_864,57,2,-1,1,2,2.14156,0.647797,1,-22.0381,-22.0381,202,202,79.99,79.99,9.48707e+11,0
evt_864,58,2,-1,2,2,-0.113345,0.888974,1,-49.5285,-49.5285,632,632,89.99,89.99,9.48707e+11,0
evt_864,59,2,-1,2,2,-2.394,0.810385,1,-41.7823,-41.7823,432,432,82.49,82.49,9.48707e+11,0
evt_864,61,2,-1,3,2,1.09721,0.650814,1,-54.5821,-54.5821,243,243,59.99,59.99,9.48707e+11,0
evt_864,78,3,-1,4,1,-5.09989,1.02895,1,-66.1047,-66.1047,2825,2825,202.49,202.49,9.48707e+11,0
evt_864,79,3,-1,4,1,-0.741776,0.858032,1,-77.7437,-77.7437,3660,3660,242.49,242.49,9.48707e+11,0
evt_864,81,3,-1,1,2,-0.523809,0.996092,1,-18.0348,-18.0348,680,680,117.49,117.49,9.48707e+11,0
evt_864,93,3,-1,3,3,-8.44197,1.13484,2,-22.1125,-16.8885,1773,417,259.99,79.99,0,4.61208e+18
evt_865,0,0,-1,1,1,2.06728,1.47144,1,-26.0004,-26.0004,784,784,119.99,119.99,9.48745e+11,0
evt_865,1,0,-1,1,1,-4.12889,0.773532,1,-69.6905,-69.6905,2471,2471,189.99,189.99,9.48745e+11,0
evt_865,6,0,-1,4,1,1.85197,0.742012,1,-443.441,-443.441,24527,24527,349.99,349.99,9.48745e+11,0
evt_865,7,0,-1,4,1,5.76959,0.806648,1,-286.929,-286.929,14712,14712,309.99,309.99,9.48745e+11,0
evt_865,20,0,-1,3,3,-0.225472,0.862282,2,-319.527,-36.4121,16946,1684,324.99,204.99,9.48745e+11,0
evt_865,21,0,-1,3,3,-0.270092,0.819701,1,-389.714,-389.714,18049,18049,319.99,319.99,9.48745e+11,0
evt_865,22,0,-1,4,3,-2.76421,1.10346,1,-82.8481,-82.8481,4459,4459,254.99,254.99,9.48745e+11,0
evt_865,23,0,-1,4,3,-0.126477,0.890365,1,-38.504,-38.504,1302,1302,149.99,149.99,9.48745e+11,0
evt_865,34,1,-1,2,2,2.11273,1.27265,2,-42.0861,-22.6072,1433,584,154.99,102.49,9.48745e+11,0
evt_865,35,1,-1,2,2,1.42589,1.25011,1,-45.8654,-45.8654,1818,1818,179.99,179.99,9.48745e+11,0
evt_865,36,1,-1,3,2,-4.72916,0.925501,2,-1249.97,-71.4907,71150,2088,577.49,124.99,9.48745e+11,0
evt_865,37,1,-1,3,2,6.05054,0.739461,2,-1250.5,-71.4493,92325,3674,424.99,219.99,9.48745e+11,0
evt_865,38,1,-1,4,2,3.47511,0.961961,1,-450.332,-450.332,21346,21346,314.99,314.99,9.48745e+11,0
evt_865,39,1,-1,4,2,2.87683,0.717283,1,-184.602,-184.602,8787,8787,267.49,267.49,9.48745e+11,0
evt_865,40,1,-1,1,3,1.47213,1.08627,1,-184.146,-184.146,8407,8407,272.49,272.49,9.48745e+11,0
evt_865,41,1,-1,1,3,-0.995398,0.919464,2,-188.563,-63.7389,9472,2689,294.99,209.99,9.48745e+11,0
evt_865,42,1,-1,2,3,1.87347,0.90994,1,-1214.59,-1214.59,67460,67460,432.49,432.49,9.48745e+11,0
evt_865,43,1,-1,2,3,1.15891,0.901207,1,-539.924,-539.924,25280,25280,327.49,327.49,9.48745e+11,0
evt_865,44,1,-1,3,3,6.76217,0.915917,3,-813.128,-15.4772,34172,180,332.49,57.49,9.48745e+11,0
evt_865,45,1,-1,3,3,3.78953,1.42934,1,-430.317,-430.317,22825,22825,339.99,339.99,9.48745e+11,0
evt_865,46,1,-1,4,3,1.03345,1.06065,3,-639.584,-42.2777,29403,1490,349.99,159.99,9.48745e+11,0
evt_865,47,1,-1,4,3,1.0341,0.940456,1,-467.869,-467.869,25762,25762,347.49,347.49,9.48745e+11,0
evt_865,48,2,-1,1,1,-0.68244,0.782862,2,-863.557,-58.2888,45991,3178,464.99,284.99,9.48745e+11,0
evt_865,49,2,-1,1,1,-0.954687,0.658738,1,-545.456,-545.456,28522,28522,382.49,382.49,9.48745e+11,0
evt_865,50,2,-1,2,1,-1.35067,0.883675,3,-438.509,-19.4746,24387,451,352.49,87.49,9.48745e+11,0
evt_865,51,2,-1,2,1,0.871426,0.927341,1,-628.729,-628.729,32692,32692,362.49,362.49,9.48745e+11,0
evt_865,52,2,-1,3,1,-2.47372,0.811528,1,-1249.74,-1249.74,69551,69551,402.49,402.49,9.48745e+11,0
evt_865,53,2,-1,3,1,-3.68578,1.01193,3,-1250.73,-35.9912,84667,582,389.99,52.49,9.48745e+11,0
evt_865,54,2,-1,4,1,-1.92318,0.972186,2,-1250.49,-65.7294,75142,2681,392.49,222.49,9.48745e+11,0
evt_865,55,2,-1,4,1,-2.18163,0.835488,1,-1101.4,-1101.4,58772,58772,419.99,419.99,9.48745e+11,0
evt_865,56,2,-1,1,2,-6.07588,0.671456,3,-1250.65,-27.9856,81258,880,397.49,134.99,9.48745e+11,0
evt_865,57,2,-1,1,2,-0.903446,0.974281,1,-350.786,-350.786,18526,18526,382.49,382.49,9.48745e+11,0
evt_865,60,2,-1,3,2,-0.418846,0.765278,1,-1250.12,-1250.12,65558,65558,389.99,389.99,9.48745e+11,0
evt_865,61,2,-1,3,2,-1.89426,0.769498,1,-1250.65,-1250.65,87792,87792,472.49,472.49,9.48745e+11,0
evt_865,62,2,-1,4,2,-1.92575,0.919252,2,-1250.36,-63.3382,69898,2245,387.49,174.99,9.48745e+11,0
evt_865,63,2,-1,4,2,-2.61408,0.739058,3,-1250.81,-27.181,92362,655,454.99,112.49,9.48745e+11,0
evt_865,64,2,-1,1,3,-2.65183,0.989803,2,-661.856,-17.1198,30606,247,334.99,39.99,9.48745e+11,0
evt_865,65,2,-1,1,3,-0.745266,0.925098,3,-1046.98,-21.083,45928,454,422.49,89.99,9.48745e+11,0
evt_865,66,2,-1,2,3,-3.31139,0.791282,3,-1250.54,-17.9136,89109,188,417.49,67.49,9.48745e+11,0
evt_865,67,2,-1,2,3,0.633017,0.458317,2,-1250.08,-25.0842,92823,551,652.49,107.49,9.48745e+11,0
evt_865,68,2,-1,3,3,1.83792,0.8549,3,-1250.08,-35.0664,110570,366,884.99,32.49,9.48745e+11,0
evt_865,69,2,-1,3,3,6.07596,0.873525,2,-1249.92,-58.2253,73963,1320,437.49,72.49,9.48745e+11,0
evt_865,70,2,-1,4,3,0.00164131,1.0168,1,-1250.01,-1250.01,106515,106515,544.99,544.99,9.48745e+11,0
evt_865,71,2,-1,4,3,5.23665,0.932143,3,-1250.19,-52.3074,121782,1658,457.49,167.49,9.48745e+11,0
evt_865,72,3,-1,1,1,2.77729,1.03812,1,-43.6911,-43.6911,1721,1721,169.99,169.99,9.48745e+11,0
evt_865,73,3,-1,1,1,1.4497,1.18147,1,-22.2184,-22.2184,822,822,129.99,129.99,9.48745e+11,0
evt_865,74,3,-1,2,1,2.36495,0.807537,1,-418.994,-418.994,20713,20713,327.49,327.49,9.48745e+11,0
evt_865,75,3,-1,2,1,0.637138,0.893447,1,-129.359,-129.359,7072,7072,294.99,294.99,9.48745e+11,0
evt_865,76,3,-1,3,1,8.01907,2.04564,1,-248.728,-248.728,15545,15545,412.49,412.49,9.48745e+11,0
evt_865,77,3,-1,3,1,1.8249,1.29068,2,-566.537,-19.2522,30093,485,362.49,97.49,9.48745e+11,0
evt_865,80,3,-1,1,2,6.38544,1.44142,1,-1250.16,-1250.16,90520,90520,489.99,489.99,9.48745e+11,0
evt_865,81,3,-1,1,2,-4.09951,0.73886,2,-1251.4,-15.2583,103560,130,507.49,54.99,9.48745e+11,0
evt_865,82,3,-1,2,2,-5.96214,2.32372,1,-988.391,-988.391,54401,54401,472.49,472.49,9.48745e+11,0
evt_865,83,3,-1,2,2,0.984608,0.905318,1,-768.296,-768.296,38085,38085,347.49,347.49,9.48745e+11,0
evt_865,84,3,-1,3,2,1.62669,0.729904,1,-62.9881,-62.9881,2569,2569,194.99,194.99,9.48745e+11,0
evt_865,85,3,-1,3,2,0.19847,0.847048,1,-33.808,-33.808,1056,1056,137.49,137.49,9.48745e+11,0
evt_865,86,3,-1,4,2,1.96407,0.926809,2,-237.937,-58.9803,10525,1993,282.49,174.99,9.48745e+11,0
evt_865,87,3,-1,4,2,1.7251,1.64775,1,-244.916,-244.916,11741,11741,289.99,289.99,9.48745e+11,0
evt_865,88,3,-1,1,3,-0.0514749,1.30788,3,-1250.31,-31.152,64747,838,359.99,119.99,1.49602e+14,1.10382e+12
evt_865,89,3,-1,1,3,-2.91504,0.880112,3,-1231.47,-25.0207,74362,521,379.99,94.99,1.49602e+14,4.6217e+18
evt_865,90,3,-1,2,3,-0.744976,0.863194,2,-966.583,-47.4271,40785,1449,334.99,149.99,1.49602e+14,4.56959e+18
evt_865,91,3,-1,2,3,1.54656,0.951559,2,-977.49,-38.7758,49032,1143,394.99,137.49,0,4.47549e+18
evt_865,92,3,-1,3,3,-3.32913,0.983098,3,-1250.43,-96.1223,158111,1728,627.49,142.49,0,4.51148e+18
evt_865,93,3,-1,3,3,3.76155,1.20494,2,-1250.72,-147.426,70796,4518,347.49,144.99,0,4.5961e+18
evt_865,95,3,-1,4,3,2.90074,1.39651,1,-62.2176,-62.2176,3009,3009,234.99,234.99,4.38087e+11,4.63548e+18
evt_866,16,0,-1,1,3,-1.3879,0.905886,1,-806.799,-806.799,44002,44002,614.99,614.99,9.48945e+11,0
evt_866,17,0,-1,1,3,0.214445,0.98134,1,-282.885,-282.885,18743,18743,359.99,359.99,9.48945e+11,0
evt_866,26,1,-1,2,1,-0.673026,1.14829,2,-57.3477,-48.1522,2337,1910,214.99,184.99,9.48945e+11,0
evt_866,27,1,-1,2,1,-0.698467,1.03719,1,-71.2183,-71.2183,3126,3126,214.99,214.99,9.48945e+11,0
evt_866,52,2,-1,3,1,-0.688019,0.741587,1,-22.1215,-22.1215,154,154,62.49,62.49,9.48945e+11,0
evt_866,53,2,-1,3,1,0.0530627,0.975831,1,-23.1177,-23.1177,127,127,62.49,62.49,9.48945e+11,0
evt_866,56,2,-1,1,2,2.87425,0.867643,1,-709.963,-709.963,41657,41657,374.99,374.99,9.48945e+11,0
evt_866,57,2,-1,1,2,-1.02859,0.875379,1,-320.747,-320.747,15234,15234,292.49,292.49,9.48945e+11,0
evt_866,72,3,-1,1,1,-4.87239,1.04359,1,-476.295,-476.295,27747,27747,382.49,382.49,9.48945e+11,0
evt_866,73,3,-1,1,1,-4.00747,1.00834,1,-607.831,-607.831,31047,31047,357.49,357.49,9.48945e+11,0
evt_866,80,3,-1,1,2,-3.61549,0.9935,2,-59.7008,-36.5835,3335,1531,254.99,179.99,9.48945e+11,0
evt_866,81,3,-1,1,2,-4.96456,1.65769,1,-59.3148,-59.3148,3030,3030,237.49,237.49,9.48945e+11,0
evt_866,82,3,-1,2,2,-16.9847,1.96232,5,-22.1506,-15.4425,2819,286,472.49,54.99,9.48945e+11,0
evt_866,92,3,-1,3,3,-14.596,0.777993,8,-19.94,-16.2823,1899,445,307.49,82.49,0,4.53428e+18
evt_866,93,3,-1,3,3,-6.49013,0.715149,3,-22.1523,-16.8518,2270,1024,364.99,182.49,0,4.62236e+18
evt_867,6,0,-1,4,1,-0.294792,0.80313,1,-93.6733,-93.6733,4445,4445,244.99,244.99,9.49009e+11,0
evt_867,7,0,-1,4,1,-1.74403,0.891427,1,-34.6177,-34.6177,1164,1164,142.49,142.49,9.49009e+11,0
evt_867,35,1,-1,2,2,2.57672,1.04095,1,-25.1246,-25.1246,932,932,139.99,139.99,9.49009e+11,0
evt_867,44,1,-1,3,3,1.10893,0.841859,2,-503.595,-31.0363,28246,863,342.49,124.99,9.49009e+11,0
evt_867,45,1,-1,3,3,1.36114,0.743799,1,-712.632,-712.632,39317,39317,352.49,352.49,9.49009e+11,0
evt_867,58,2,-1,2,2,0.497496,0.726647,2,-1250.54,-94.1306,110950,5347,639.99,272.49,9.49009e+11,0
evt_867,59,2,-1,2,2,-1.69942,0.789325,3,-1250.31,-30.9951,107936,778,484.99,117.49,9.49009e+11,0
evt_867,60,2,-1,3,2,-12.3259,0.827276,7,-18.2639,-15.0717,1923,251,334.99,54.99,9.49009e+11,0
evt_867,62,2,-1,4,2,0.88566,1.51912,1,-50.1105,-50.1105,184,184,59.99,59.99,9.49009e+11,0
evt_867,72,3,-1,1,1,-16.3445,0.867183,4,-27.066,-16.6587,12398,638,1624.99,109.99,9.49009e+11,0
evt_868,8,0,-1,1,2,-7.06341,2.88048,5,-83.7954,-17.3791,3341,418,204.99,79.99,9.4903e+11,0
evt_868,24,1,-1,1,1,-10.6431,0.795617,5,-17.5806,-15.4028,669,299,117.49,54.99,9.4903e+11,0
evt_869,7,0,-1,4,1,-12.8499,0.724855,1,-15.214,-15.214,269,269,54.99,54.99,9.49034e+11,0
evt_869,18,0,-1,2,3,-5.17783,1.17277,1,-107.665,-107.665,5864,5864,274.99,274.99,9.49034e+11,0
evt_869,19,0,-1,2,3,-1.35755,0.920472,2,-43.5744,-30.3085,2208,939,244.99,134.99,9.49034e+11,0
evt_869,21,0,-1,3,3,13.912,0.720458,1,-17.8048,-17.8048,392,392,84.99,84.99,9.49034e+11,0
evt_869,26,1,-1,2,1,1.36173,1.34998,1,-68.8917,-68.8917,2634,2634,197.49,197.49,9.49034e+11,0
evt_869,56,2,-1,1,2,3.2913,1.68334,1,-394.9,-394.9,26752,26752,412.49,412.49,9.49034e+11,0
evt_869,57,2,-1,1,2,2.10631,1.56427,2,-412.894,-16.6846,20456,328,362.49,67.49,9.49034e+11,0
evt_869,78,3,-1,4,1,-6.5021,1.06385,2,-1021.86,-17.4619,61181,421,639.99,84.99,9.49034e+11,0
evt_869,79,3,-1,4,1,-0.613001,0.669291,1,-1060.95,-1060.95,57664,57664,407.49,407.49,9.49034e+11,0
evt_869,80,3,-1,1,2,-1.96204,1.10924,1,-17.4597,-17.4597,312,312,67.49,67.49,9.49034e+11,0
evt_869,93,3,-1,3,3,-10.0434,0.663282,1,-17.1929,-17.1929,443,443,79.99,79.99,0,4.40356e+18
evt_870,18,0,-1,2,3,0.166181,0.886789,2,-350.369,-36.9479,19152,999,327.49,127.49,9.49193e+11,0
evt_870,19,0,-1,2,3,0.701001,0.543557,1,-140.109,-140.109,8186,8186,387.49,387.49,9.49193e+11,0
evt_870,44,1,-1,3,3,1.61177,0.985143,1,-240.837,-240.837,12160,12160,327.49,327.49,9.49193e+11,0
evt_870,45,1,-1,3,3,-0.938799,1.36692,1,-120.557,-120.557,4688,4688,234.99,234.99,9.49193e+11,0
evt_870,58,2,-1,2,2,-0.809194,0.786558,1,-226.196,-226.196,10190,10190,287.49,287.49,9.49193e+11,0
evt_870,59,2,-1,2,2,-0.0115395,0.742393,1,-35.6873,-35.6873,1435,1435,162.49,162.49,9.49193e+11,0
evt_870,72,3,-1,1,1,-11.3158,0.920379,3,-365.999,-19.7447,22533,720,534.99,114.99,9.49193e+11,0
evt_870,73,3,-1,1,1,4.69462,0.945198,1,-705.514,-705.514,39278,39278,417.49,417.49,9.49193e+11,0
evt_871,14,0,-1,4,2,45.2872,1.06423,1,-665.234,-665.234,32947,32947,289.99,289.99,9.49234e+11,0
evt_871,15,0,-1,4,2,14.8431,73.4777,2,-321.89,-53.5661,10726,1577,197.49,164.99,9.49234e+11,0
evt_871,46,1,-1,4,3,0.369322,1.02101,1,-277.321,-277.321,11427,11427,279.99,279.99,9.49234e+11,0
evt_871,47,1,-1,4,3,4.53563,0.92353,1,-237.893,-237.893,10027,10027,269.99,269.99,9.49234e+11,0
evt_871,52,2,-1,3,1,0.712911,0.854445,2,-255.056,-57.6753,12069,2318,299.99,194.99,9.49234e+11,0
evt_871,53,2,-1,3,1,-1.62612,0.678833,1,-452.806,-452.806,19054,19054,307.49,307.49,9.49234e+11,0
evt_871,60,2,-1,3,2,-1.40971,0.974785,1,-1250.39,-1250.39,102878,102878,622.49,622.49,9.49234e+11,0
evt_871,61,2,-1,3,2,-0.633419,0.626702,1,-1250.77,-1250.77,106456,106456,454.99,454.99,9.49234e+11,0
evt_872,8,0,-1,1,2,0.359142,0.789984,3,-1250.25,-50.3636,116178,888,664.99,57.49,9.49276e+11,0
evt_872,9,0,-1,1,2,-0.157873,0.648663,1,-1250.27,-1250.27,94052,94052,412.49,412.49,9.49276e+11,0
evt_872,26,1,-1,2,1,-3.26993,1.27493,2,-392.726,-39.4975,21001,1605,329.99,179.99,9.49276e+11,0
evt_872,27,1,-1,2,1,0.15626,0.818351,1,-399.821,-399.821,21759,21759,339.99,339.99,9.49276e+11,0
evt_872,56,2,-1,1,2,2.75546,1.07642,2,-269.817,-25.5044,13427,247,299.99,79.99,9.49276e+11,0
evt_872,57,2,-1,1,2,1.55623,0.877357,2,-100.801,-61.2451,3748,679,207.49,87.49,9.49276e+11,0
evt_872,80,3,-1,1,2,-9.72525,0.986745,3,-19.7256,-17.7376,1212,647,214.99,117.49,9.49276e+11,0
evt_872,93,3,-1,3,3,-15.9413,0.749694,2,-24.7782,-16.2802,1505,629,202.49,112.49,0,1.3822e+19
evt_873,0,0,-1,1,1,-3.1454,0.773293,3,-1250.65,-18.7213,104621,161,434.99,77.49,9.49308e+11,0
evt_873,1,0,-1,1,1,0.212672,1.21565,1,-1250.51,-1250.51,108338,108338,417.49,417.49,9.49308e+11,0
evt_873,48,2,-1,1,1,2.59024,0.632423,2,-1250.19,-30.542,76131,600,472.49,107.49,9.49308e+11,0
evt_873,49,2,-1,1,1,-0.201552,0.528669,2,-743.746,-33.247,49578,1028,552.49,137.49,9.49308e+11,0
evt_873,73,3,-1,1,1,1.34469,1.02161,1,-45.4827,-45.4827,1641,1641,164.99,164.99,9.49308e+11,0
evt_873,82,3,-1,2,2,0.163634,2.20532,1,-75.8699,-75.8699,4737,4737,302.49,302.49,9.49308e+11,0
evt_873,83,3,-1,2,2,1.86466,0.76297,1,-190.625,-190.625,8161,8161,262.49,262.49,9.49308e+11,0
evt_874,0,0,-1,1,1,0.68641,1.30023,1,-55.3579,-55.3579,2133,2133,184.99,184.99,9.49317e+11,0
evt_874,1,0,-1,1,1,0.819497,0.768514,1,-43.273,-43.273,1390,1390,149.99,149.99,9.49317e+11,0
evt_874,8,0,-1,1,2,-0.766251,0.836741,1,-27.0339,-27.0339,819,819,124.99,124.99,9.49317e+11,0
evt_874,20,0,-1,3,3,-1.92864,0.707788,1,-702.821,-702.821,35394,35394,367.49,367.49,9.49317e+11,0
evt_874,21,0,-1,3,3,-1.34793,0.721818,2,-1049.55,-18.1856,53299,432,362.49,89.99,9.49317e+11,0
evt_874,28,1,-1,3,1,-0.287842,0.936007,1,-216.468,-216.468,8013,8013,247.49,247.49,9.49317e+11,0
evt_874,29,1,-1,3,1,-2.27736,1.01176,1,-212.625,-212.625,9177,9177,257.49,257.49,9.49317e+11,0
evt_874,52,2,-1,3,1,6.76694,0.811139,2,-56.6561,-43.92,1841,1783,174.99,164.99,9.49317e+11,0
evt_874,58,2,-1,2,2,-9.41202,15.1966,1,-60.2781,-60.2781,711,711,79.99,79.99,9.49317e+11,0
evt_874,59,2,-1,2,2,-7.43982,13.1419,1,-59.0179,-59.0179,573,573,77.49,77.49,9.49317e+11,0
evt_874,60,2,-1,3,2,1.36408,0.800234,1,-33.0061,-33.0061,198,198,64.99,64.99,9.49317e+11,0
evt_874,74,3,-1,2,1,-1.47973,0.919376,2,-393.374,-278.501,19195,12556,347.49,302.49,9.49317e+11,0
evt_874,75,3,-1,2,1,0.767352,0.778814,1,-226.234,-226.234,11542,11542,309.99,309.99,9.49317e+11,0
evt_874,77,3,-1,3,1,1.28527,0.900401,1,-36.868,-36.868,1381,1381,159.99,159.99,9.49317e+11,0
evt_874,90,3,-1,2,3,4.17141,1.54626,2,-26.613,-24.3646,868,715,129.99,114.99,1.49602e+14,4.47564e+18
evt_875,21,0,-1,3,3,0.0819005,0.886209,2,-219.775,-55.3972,12460,2350,447.49,199.99,9.49387e+11,0
evt_875,34,1,-1,2,2,5.21778,0.651808,1,-51.5831,-51.5831,1717,1717,159.99,159.99,9.49387e+11,0
evt_875,36,1,-1,3,2,0.0797954,0.787416,1,-26.9925,-26.9925,750,750,114.99,114.99,9.49387e+11,0
evt_875,37,1,-1,3,2,2.42591,0.699702,1,-205.53,-205.53,8489,8489,267.49,267.49,9.49387e+11,0
evt_875,56,2,-1,1,2,-10.1417,1.68442,6,-23.0274,-15.441,3324,439,444.99,77.49,9.49387e+11,0
evt_875,60,2,-1,3,2,-0.736861,0.839183,1,-36.7065,-36.7065,393,393,77.49,77.49,9.49387e+11,0
evt_875,61,2,-1,3,2,-0.263582,0.641758,1,-36.0905,-36.0905,311,311,77.49,77.49,9.49387e+11,0
evt_875,74,3,-1,2,1,0.392018,0.876192,1,-228.409,-228.409,12549,12549,387.49,387.49,9.49387e+11,0
evt_875,75,3,-1,2,1,0.32174,0.612564,1,-218.809,-218.809,11689,11689,319.99,319.99,9.49387e+11,0
evt_876,58,2,-1,2,2,-1.32752,1.03144,1,-39.7396,-39.7396,407,407,79.99,79.99,9.4943e+11,0
evt_876,59,2,-1,2,2,-1.01514,0.965615,1,-36.3505,-36.3505,306,306,74.99,74.99,9.4943e+11,0
evt_877,2,0,-1,2,1,-3.5125,0.839189,1,-104.808,-104.808,4326,4326,232.49,232.49,9.49497e+11,0
evt_877,3,0,-1,2,1,1.64558,1.31245,1,-117.847,-117.847,7308,7308,344.99,344.99,9.49497e+11,0
evt_877,27,1,-1,2,1,0.285618,0.978514,1,-52.1535,-52.1535,2129,2129,189.99,189.99,9.49497e+11,0
evt_877,58,2,-1,2,2,-1.5796,0.902321,1,-69.8425,-69.8425,2946,2946,209.99,209.99,9.49497e+11,0
evt_877,82,3,-1,2,2,-10.5777,1.69981,4,-21.0854,-15.9737,8268,311,1434.99,52.49,9.49497e+11,0
evt_878,12,0,-1,3,2,17.5955,0.692179,1,-17.8042,-17.8042,325,325,74.99,74.99,9.49502e+11,0
evt_878,28,1,-1,3,1,1.22593,0.993642,1,-301.646,-301.646,15437,15437,419.99,419.99,9.49502e+11,0
evt_878,29,1,-1,3,1,3.2216,0.729989,1,-178.952,-178.952,7315,7315,249.99,249.99,9.49502e+11,0
evt_878,53,2,-1,3,1,-0.366408,0.683679,1,-82.6541,-82.6541,4282,4282,249.99,249.99,9.49502e+11,0
evt_878,54,2,-1,4,1,4.34824,0.830488,1,-33.7996,-33.7996,325,325,87.49,87.49,9.49502e+11,0
evt_878,55,2,-1,4,1,7.97692,0.924499,1,-31.1875,-31.1875,274,274,87.49,87.49,9.49502e+11,0
evt_878,62,2,-1,4,2,4.10472,0.561385,1,-37.8599,-37.8599,500,500,89.99,89.99,9.49502e+11,0
evt_878,63,2,-1,4,2,2.02603,0.947553,1,-32.8266,-32.8266,321,321,87.49,87.49,9.49502e+11,0
evt_878,76,3,-1,3,1,-8.30867,0.933434,2,-607.026,-24.7057,36060,843,427.49,129.99,9.49502e+11,0
evt_878,77,3,-1,3,1,-0.889102,0.762009,1,-1205.53,-1205.53,68440,68440,392.49,392.49,9.49502e+11,0
evt_879,16,0,-1,1,3,0.699684,0.967703,3,-1250.49,-27.6404,86870,476,654.99,77.49,9.49603e+11,0
evt_879,17,0,-1,1,3,-0.923204,0.706327,3,-1250.12,-51.469,96804,1567,447.49,157.49,9.49603e+11,0
evt_879,30,1,-1,4,1,0.0573773,0.925198,1,-142.893,-142.893,5609,5609,227.49,227.49,9.49603e+11,0
evt_879,66,2,-1,2,3,3.22088,0.857472,1,-37.4786,-37.4786,1295,1295,149.99,149.99,9.49603e+11,0
evt_879,67,2,-1,2,3,2.29741,0.636771,1,-171.067,-171.067,9047,9047,387.49,387.49,9.49603e+11,0
evt_879,72,3,-1,1,1,0.24531,0.9772,1,-57.3766,-57.3766,3091,3091,239.99,239.99,9.49603e+11,0
evt_879,73,3,-1,1,1,-1.33793,1.22113,1,-260.58,-260.58,17995,17995,407.49,407.49,9.49603e+11,0
evt_879,80,3,-1,1,2,0.845602,1.44875,1,-78.2524,-78.2524,4326,4326,272.49,272.49,9.49603e+11,0
evt_879,81,3,-1,1,2,0.778312,1.72926,1,-47.9198,-47.9198,2164,2164,204.99,204.99,9.49603e+11,0
evt_880,10,0,-1,2,2,1.71175,0.96199,1,-74.7268,-74.7268,3086,3086,209.99,209.99,9.49603e+11,0
evt_880,11,0,-1,2,2,2.03731,0.841436,1,-80.5205,-80.5205,3872,3872,232.49,232.49,9.49603e+11,0
evt_880,34,1,-1,2,2,-0.840391,1.05186,1,-114.49,-114.49,5661,5661,262.49,262.49,9.49603e+11,0
evt_880,35,1,-1,2,2,-0.568349,0.881046,1,-137.25,-137.25,8046,8046,397.49,397.49,9.49603e+11,0
evt_880,60,2,-1,3,2,-0.667951,0.897058,1,-56.2714,-56.2714,789,789,92.49,92.49,9.49603e+11,0
evt_880,62,2,-1,4,2,-0.502161,0.819322,1,-58.6008,-58.6008,473,473,69.99,69.99,9.49603e+11,0
evt_880,63,2,-1,4,2,-3.64,1.39448,1,-35.2766,-35.2766,248,248,64.99,64.99,9.49603e+11,0
evt_880,82,3,-1,2,2,-16.8725,3.77429,8,-148.325,-18.1453,5267,277,209.99,37.49,9.49603e+11,0
evt_880,83,3,-1,2,2,-0.614098,4.10788,2,-37.057,-16.5824,1066,329,137.49,77.49,9.49603e+11,0
evt_881,6,0,-1,4,1,0.491235,0.987723,1,-424.288,-424.288,21966,21966,334.99,334.99,9.49612e+11,0
evt_881,7,0,-1,4,1,-4.55687,1.08087,1,-104.882,-104.882,6081,6081,299.99,299.99,9.49612e+11,0
evt_881,36,1,-1,3,2,0.872882,1.0677,2,-528.681,-23.0643,29240,565,399.99,99.99,9.49612e+11,0
evt_881,37,1,-1,3,2,-1.61195,1.13121,1,-273.203,-273.203,17488,17488,399.99,399.99,9.49612e+11,0
evt_881,68,2,-1,3,3,-2.61029,1.00325,1,-155.43,-155.43,7136,7136,267.49,267.49,9.49612e+11,0
evt_881,69,2,-1,3,3,-5.64525,0.869973,1,-43.3542,-43.3542,2113,2113,207.49,207.49,9.49612e+11,0
evt_881,88,3,-1,1,3,-0.499493,1.22609,3,-385.793,-27.2264,19576,741,349.99,112.49,1.49602e+14,1.10382e+12
evt_881,89,3,-1,1,3,1.65058,0.830597,1,-619.274,-619.274,29714,29714,397.49,397.49,1.49602e+14,1.37461e+19
evt_881,92,3,-1,3,3,-9.72333,1.13439,1,-16.7366,-16.7366,568,568,97.49,97.49,0,4.54754e+18
evt_882,0,0,-1,1,1,-29.308,0.783634,1,-31.0315,-31.0315,842,842,117.49,117.49,9.4968e+11,0
evt_882,1,0,-1,1,1,-57.1397,21.0155,2,-34.084,-27.7149,1202,307,149.99,74.99,9.4968e+11,0
evt_882,14,0,-1,4,2,-0.232889,1.15012,3,-1250.08,-25.1212,90224,501,417.49,102.49,9.4968e+11,0
evt_882,15,0,-1,4,2,-2.06389,0.720213,5,-1048.23,-17.6028,104218,221,454.99,74.99,9.4968e+11,0
evt_882,22,0,-1,4,3,2.1344,0.820417,2,-571.264,-33.2452,24128,1030,302.49,144.99,9.4968e+11,0
evt_882,23,0,-1,4,3,2.06423,0.843486,1,-463.981,-463.981,19125,19125,304.99,304.99,9.4968e+11,0
evt_882,37,1,-1,3,2,3.70689,0.732474,1,-66.2616,-66.2616,2458,2458,189.99,189.99,9.4968e+11,0
evt_882,42,1,-1,2,3,3.69187,0.746158,1,-124.664,-124.664,6827,6827,292.49,292.49,9.4968e+11,0
evt_882,43,1,-1,2,3,0.898396,0.657741,1,-33.55,-33.55,1170,1170,147.49,147.49,9.4968e+11,0
evt_882,62,2,-1,4,2,20.9243,0.880205,2,-107.9,-86.3055,3144,2417,172.49,159.99,9.4968e+11,0
evt_882,87,3,-1,4,2,52.2346,7.31399,3,-203.932,-16.5464,6284,111,189.99,64.99,9.4968e+11,0
evt_882,93,3,-1,3,3,-10.9792,1.65178,1,-17.3466,-17.3466,1103,1103,184.99,184.99,0,1.39748e+19
evt_883,13,0,-1,3,2,-0.526411,0.716161,1,-41.4442,-41.4442,1649,1649,172.49,172.49,9.49686e+11,0
evt_883,18,0,-1,2,3,3.62543,1.03248,1,-44.0379,-44.0379,1314,1314,144.99,144.99,9.49686e+11,0
evt_883,36,1,-1,3,2,2.29163,0.844707,1,-128.367,-128.367,5805,5805,344.99,344.99,9.49686e+11,0
evt_883,37,1,-1,3,2,-3.73277,1.33105,1,-161.913,-161.913,6432,6432,242.49,242.49,9.49686e+11,0
evt_883,46,1,-1,4,3,1.88935,0.873345,1,-598.616,-598.616,29998,29998,349.99,349.99,9.49686e+11,0
evt_883,47,1,-1,4,3,-0.575203,0.889248,2,-231.223,-38.9293,11169,1255,282.49,147.49,9.49686e+11,0
evt_883,52,2,-1,3,1,-40.4393,7.37417,4,-85.8959,-28.5822,3622,752,219.99,117.49,9.49686e+11,0
evt_883,53,2,-1,3,1,5.78963,4.81658,2,-78.5845,-28.7111,2656,534,179.99,99.99,9.49686e+11,0
evt_883,62,2,-1,4,2,2.18396,1.14782,1,-95.282,-95.282,4250,4250,239.99,239.99,9.49686e+11,0
evt_883,63,2,-1,4,2,-0.326822,0.711404,1,-211.672,-211.672,11832,11832,354.99,354.99,9.49686e+11,0
evt_883,70,2,-1,4,3,1.41031,0.892586,2,-533.668,-16.2421,26307,233,389.99,64.99,9.49686e+11,0
evt_883,71,2,-1,4,3,-1.46275,0.864774,1,-792.692,-792.692,46171,46171,487.49,487.49,9.49686e+11,0
evt_883,72,3,-1,1,1,-2.7906,0.95685,1,-28.059,-28.059,1071,1071,144.99,144.99,9.49686e+11,0
evt_883,73,3,-1,1,1,-3.08905,1.19191,2,-141.672,-41.7057,7232,1891,279.99,209.99,9.49686e+11,0
evt_883,74,3,-1,2,1,0.963945,0.809575,2,-1250.84,-32.6693,79247,816,397.49,139.99,9.49686e+11,0
evt_883,75,3,-1,2,1,-11.4794,3.3852,2,-1025.68,-49.2189,57787,2165,467.49,202.49,9.49686e+11,0
evt_883,78,3,-1,4,1,-16.2561,1.1283,3,-24.0933,-15.4432,949,320,149.99,64.99,9.49686e+11,0
evt_883,88,3,-1,1,3,28.3203,1.19826,1,-17.6797,-17.6797,188,188,67.49,67.49,1.49602e+14,1.10382e+12
evt_883,93,3,-1,3,3,-9.2146,1.64596,1,-16.9707,-16.9707,472,472,84.99,84.99,0,4.60965e+18
evt_884,10,0,-1,2,2,1.65736,0.775656,1,-36.5281,-36.5281,1428,1428,164.99,164.99,9.49786e+11,0
evt_884,11,0,-1,2,2,0.440098,0.730659,1,-30.3861,-30.3861,1137,1137,149.99,149.99,9.49786e+11,0
evt_884,40,1,-1,1,3,1.43518,0.749428,2,-1250.27,-27.1877,89774,500,379.99,102.49,9.49786e+11,0
evt_884,41,1,-1,1,3,-1.00458,0.739839,2,-1249.97,-83.3033,88430,3178,454.99,204.99,9.49786e+11,0
evt_884,50,2,-1,2,1,0.533642,0.812719,1,-109.071,-109.071,5361,5361,254.99,254.99,9.49786e+11,0
evt_884,56,2,-1,1,2,1.53031,0.914539,1,-29.006,-29.006,209,209,82.49,82.49,9.49786e+11,0
evt_884,57,2,-1,1,2,4.24467,0.659795,1,-64.934,-64.934,714,714,84.99,84.99,9.49786e+11,0
evt_884,72,3,-1,1,1,-13.2295,0.661983,4,-27.9455,-17.419,2100,897,264.99,154.99,9.49786e+11,0
evt_884,87,3,-1,4,2,12.1503,0.876784,1,-37.6696,-37.6696,1377,1377,157.49,157.49,9.49786e+11,0
evt_884,94,3,-1,4,3,-0.812401,0.913618,1,-33.2811,-33.2811,1318,1318,159.99,159.99,4.38087e+11,4.59059e+18
evt_885,61,2,-1,3,2,-4.27233,2.69427,1,-16.0232,-16.0232,196,196,64.99,64.99,9.4983e+11,0
evt_886,8,0,-1,1,2,-0.844476,0.520706,3,-1249.61,-30.6138,60676,884,362.49,129.99,9.49876e+11,0
evt_886,9,0,-1,1,2,0.19729,0.651134,1,-564.908,-564.908,22241,22241,334.99,334.99,9.49876e+11,0
evt_886,12,0,-1,3,2,-1249.37,0.408195,1,-1249.7,-1249.7,31587,31587,439.99,439.99,9.49876e+11,0
evt_886,13,0,-1,3,2,-1249.35,0.584331,2,-1249.59,-63.6699,44902,1737,299.99,152.49,9.49876e+11,0
evt_886,41,1,-1,1,3,-2.84565,0.690335,1,-15.5563,-15.5563,270,270,57.49,57.49,9.49876e+11,0
evt_886,44,1,-1,3,3,2.40322,0.899668,2,-1039.7,-43.9948,51477,1231,362.49,142.49,9.49876e+11,0
evt_886,45,1,-1,3,3,3.09764,1.04281,2,-792.321,-31.4157,42063,1055,374.99,142.49,9.49876e+11,0
evt_886,68,2,-1,3,3,-0.097017,0.863007,2,-277.165,-44.0646,12045,2475,297.49,289.99,9.49876e+11,0
evt_886,69,2,-1,3,3,-0.265536,0.955912,1,-135.946,-135.946,6416,6416,262.49,262.49,9.49876e+11,0
evt_886,80,3,-1,1,2,-15.1426,1.24026,4,-22.2218,-16.0448,4355,329,642.49,59.99,9.49876e+11,0
evt_886,82,3,-1,2,2,16.3509,2.08162,1,-28.9387,-28.9387,581,581,104.99,104.99,9.49876e+11,0
evt_886,83,3,-1,2,2,11.6188,0.695443,1,-24.4371,-24.4371,567,567,104.99,104.99,9.49876e+11,0
evt_886,85,3,-1,3,2,18.656,1.01208,2,-29.5177,-17.0425,576,220,107.49,69.99,9.49876e+11,0
evt_886,93,3,-1,3,3,0.078606,1.09177,1,-16.5075,-16.5075,439,439,77.49,77.49,0,4.57229e+18
evt_887,14,0,-1,4,2,24.1477,0.654403,2,-37.8379,-35.6159,1029,905,134.99,124.99,9.49884e+11,0
evt_887,18,0,-1,2,3,-2.3015,0.945796,1,-682.452,-682.452,33147,33147,347.49,347.49,9.49884e+11,0
evt_887,19,0,-1,2,3,-0.912572,0.65375,2,-470.121,-23.3329,25429,626,439.99,109.99,9.49884e+11,0
evt_887,20,0,-1,3,3,-1.97926,0.873121,1,-144.721,-144.721,10176,10176,377.49,377.49,9.49884e+11,0
evt_887,21,0,-1,3,3,0.849136,0.760328,2,-148.402,-18.1829,6360,427,252.49,84.99,9.49884e+11,0
evt_887,27,1,-1,2,1,4.8192,0.990125,1,-82.8455,-82.8455,3534,3534,217.49,217.49,9.49884e+11,0
evt_887,34,1,-1,2,2,1.42438,1.49885,1,-156.693,-156.693,6275,6275,237.49,237.49,9.49884e+11,0
evt_887,35,1,-1,2,2,-0.855115,0.667403,1,-263.895,-263.895,11882,11882,297.49,297.49,9.49884e+11,0
evt_888,14,0,-1,4,2,-1.76344,1.15988,1,-21.5405,-21.5405,667,667,112.49,112.49,9.49943e+11,0
evt_888,15,0,-1,4,2,-4.25219,0.696363,1,-73.8944,-73.8944,3614,3614,247.49,247.49,9.49943e+11,0
evt_888,28,1,-1,3,1,2.88363,1.24353,1,-286.476,-286.476,13296,13296,294.99,294.99,9.49943e+11,0
evt_888,29,1,-1,3,1,-0.338185,0.710624,1,-246.364,-246.364,10578,10578,264.99,264.99,9.49943e+11,0
evt_888,63,2,-1,4,2,9.49604,0.937503,1,-21.9582,-21.9582,534,534,99.99,99.99,9.49943e+11,0
evt_888,80,3,-1,1,2,8.67578,0.978938,2,-990.712,-63.0652,54949,3023,397.49,222.49,9.49943e+11,0
evt_888,81,3,-1,1,2,-1.72846,0.946503,2,-998.81,-29.8138,52203,868,394.99,129.99,9.49943e+11,0
evt_888,88,3,-1,1,3,0.180494,0.942407,2,-922.891,-37.3624,40665,1166,397.49,144.99,1.49602e+14,1.10382e+12
evt_888,89,3,-1,1,3,-0.555643,0.82618,1,-893.536,-893.536,46899,46899,424.99,424.99,1.49602e+14,1.38041e+19
evt_889,4,0,-1,3,1,27.8817,0.881998,1,-295.2,-295.2,12723,12723,257.49,257.49,9.50098e+11,0
evt_889,5,0,-1,3,1,37.8737,0.5821,1,-293.334,-293.334,14021,14021,259.99,259.99,9.50098e+11,0
evt_889,36,1,-1,3,2,0.778844,0.761711,1,-263.411,-263.411,11690,11690,294.99,294.99,9.50098e+11,0
evt_889,37,1,-1,3,2,2.18283,0.850201,1,-231.073,-231.073,16697,16697,452.49,452.49,9.50098e+11,0
evt_889,49,2,-1,1,1,-0.304513,0.684614,1,-22.339,-22.339,798,798,124.99,124.99,9.50098e+11,0
evt_889,60,2,-1,3,2,-5.49886,0.667685,1,-18.61,-18.61,228,228,72.49,72.49,9.50098e+11,0
evt_889,61,2,-1,3,2,2.08447,0.826921,1,-18.1858,-18.1858,127,127,69.99,69.99,9.50098e+11,0
evt_889,68,2,-1,3,3,0.683408,0.85828,1,-361.387,-361.387,15373,15373,297.49,297.49,9.50098e+11,0
evt_889,69,2,-1,3,3,-0.202026,0.861084,1,-55.4333,-55.4333,2521,2521,214.99,214.99,9.50098e+11,0
evt_889,81,3,-1,1,2,-0.184762,1.27564,1,-48.5321,-48.5321,1909,1909,179.99,179.99,9.50098e+11,0
evt_890,18,0,-1,2,3,0.602654,0.679195,2,-147.963,-36.0667,7569,1155,282.49,142.49,9.50191e+11,0
evt_890,19,0,-1,2,3,-0.191404,0.967781,1,-149.114,-149.114,7503,7503,274.99,274.99,9.50191e+11,0
evt_890,34,1,-1,2,2,0.0222219,0.96964,1,-134.315,-134.315,5191,5191,232.49,232.49,9.50191e+11,0
evt_890,35,1,-1,2,2,3.47423,0.843046,1,-57.1089,-57.1089,2607,2607,217.49,217.49,9.50191e+11,0
evt_890,58,2,-1,2,2,-0.89543,0.744187,1,-919.238,-919.238,56291,56291,434.99,434.99,9.50191e+11,0
evt_890,59,2,-1,2,2,-1.2021,0.827823,1,-560.362,-560.362,33562,33562,512.49,512.49,9.50191e+11,0
evt_890,88,3,-1,1,3,-0.860163,0.95278,1,-1250.27,-1250.27,87293,87293,529.99,529.99,1.49602e+14,1.10382e+12
evt_890,89,3,-1,1,3,0.0679185,0.915436,2,-1215.35,-582.625,86753,22411,447.49,247.49,1.49602e+14,4.58085e+18
evt_892,10,0,-1,2,2,-2.21117,0.815911,1,-1036.35,-1036.35,57892,57892,422.49,422.49,9.50314e+11,0
evt_892,11,0,-1,2,2,-0.563048,0.772458,3,-979.779,-34.9232,101656,937,612.49,137.49,9.50314e+11,0
evt_892,34,1,-1,2,2,-3.49567,0.947719,2,-689.638,-55.7373,32042,2017,342.49,184.99,9.50314e+11,0
evt_892,35,1,-1,2,2,3.30259,1.30312,2,-634.826,-28.5195,34209,886,357.49,132.49,9.50314e+11,0
evt_892,38,1,-1,4,2,13.7367,1.05013,1,-52.2328,-52.2328,1483,1483,142.49,142.49,9.50314e+11,0
evt_892,39,1,-1,4,2,5.77248,2.01128,1,-62.1043,-62.1043,2257,2257,177.49,177.49,9.50314e+11,0
evt_892,48,2,-1,1,1,1.53333,0.690716,2,-232.862,-50.2499,11310,2101,299.99,189.99,9.50314e+11,0
evt_892,49,2,-1,1,1,0.543303,0.650395,2,-167.292,-31.8073,7898,1127,277.49,142.49,9.50314e+11,0
evt_892,60,2,-1,3,2,0.640672,0.806993,1,-438.031,-438.031,21138,21138,324.99,324.99,9.50314e+11,0
evt_892,61,2,-1,3,2,-0.0285262,0.944412,1,-629.752,-629.752,32345,32345,347.49,347.49,9.50314e+11,0
evt_892,70,2,-1,4,3,-32.4952,12.6521,2,-36.2269,-25.7711,358,290,84.99,79.99,9.50314e+11,0
evt_892,82,3,-1,2,2,3.39189,1.8239,1,-40.9072,-40.9072,1236,1236,144.99,144.99,9.50314e+11,0
evt_892,83,3,-1,2,2,1.93165,0.970452,1,-126.996,-126.996,5953,5953,252.49,252.49,9.50314e+11,0
evt_893,12,0,-1,3,2,0.280261,0.933595,1,-251.207,-251.207,11875,11875,294.99,294.99,9.50363e+11,0
evt_893,13,0,-1,3,2,0.628293,0.553786,1,-381.061,-381.061,19306,19306,327.49,327.49,9.50363e+11,0
evt_893,44,1,-1,3,3,5.61224,1.20378,1,-51.6239,-51.6239,1687,1687,164.99,164.99,9.50363e+11,0
evt_893,62,2,-1,4,2,3.87666,0.756255,1,-57.4151,-57.4151,2041,2041,172.49,172.49,9.50363e+11,0
evt_893,63,2,-1,4,2,5.01987,0.671111,1,-355.861,-355.861,17707,17707,322.49,322.49,9.50363e+11,0
evt_893,70,2,-1,4,3,4.2431,1.17992,1,-22.6038,-22.6038,446,446,87.49,87.49,9.50363e+11,0
evt_893,74,3,-1,2,1,2.10783,1.07217,1,-201.718,-201.718,8209,8209,262.49,262.49,9.50363e+11,0
evt_893,75,3,-1,2,1,1.14784,0.728086,1,-76.0982,-76.0982,3977,3977,259.99,259.99,9.50363e+11,0
evt_894,14,0,-1,4,2,3.541,0.897482,1,-323.986,-323.986,17007,17007,354.99,354.99,9.50388e+11,0
evt_894,15,0,-1,4,2,0.169368,0.904603,1,-135.723,-135.723,6797,6797,282.49,282.49,9.50388e+11,0
evt_894,31,1,-1,4,1,0.484592,0.836291,1,-32.1357,-32.1357,1159,1159,147.49,147.49,9.50388e+11,0
evt_894,63,2,-1,4,2,-1.62363,0.873968,1,-83.531,-83.531,4507,4507,269.99,269.99,9.50388e+11,0
evt_894,74,3,-1,2,1,0.21202,0.841019,2,-804.937,-22.0364,46760,521,427.49,72.49,9.50388e+11,0
evt_894,75,3,-1,2,1,-0.225102,0.957169,2,-779.96,-27.7154,41057,1241,372.49,179.99,9.50388e+11,0
evt_894,76,3,-1,3,1,-0.767904,1.01673,1,-19.4141,-19.4141,866,866,137.49,137.49,9.50388e+11,0
evt_894,82,3,-1,2,2,-1.33267,1.71182,1,-34.6928,-34.6928,1112,1112,147.49,147.49,9.50388e+11,0
evt_894,83,3,-1,2,2,0.25994,0.668751,1,-157.343,-157.343,7005,7005,259.99,259.99,9.50388e+11,0
evt_894,92,3,-1,3,3,-7.77631,1.09446,3,-1250.35,-108.084,143445,4168,462.49,174.99,0,4.6347e+18
evt_894,93,3,-1,3,3,-11.2569,1.03438,3,-1250.34,-19.978,77794,1899,364.99,284.99,0,4.64947e+18
evt_895,8,0,-1,1,2,-0.875665,0.965883,2,-971.081,-61.8828,61791,2155,509.99,174.99,9.50435e+11,0
evt_895,9,0,-1,1,2,-3.9778,1.00997,1,-719.852,-719.852,30956,30956,332.49,332.49,9.50435e+11,0
evt_895,13,0,-1,3,2,13.4648,0.737258,1,-40.2602,-40.2602,1205,1205,142.49,142.49,9.50435e+11,0
evt_895,36,1,-1,3,2,2.23322,1.10355,1,-1249.93,-1249.93,58125,58125,387.49,387.49,9.50435e+11,0
evt_895,37,1,-1,3,2,-1.34883,0.825371,4,-1250.19,-23.5994,83776,496,487.49,97.49,9.50435e+11,0
evt_895,60,2,-1,3,2,-4.02297,0.74912,1,-1250.65,-1250.65,125893,125893,699.99,699.99,9.50435e+11,0
evt_895,61,2,-1,3,2,1.55844,0.628423,4,-1250.5,-19.5202,136303,143,439.99,69.99,9.50435e+11,0
evt_895,68,2,-1,3,3,-4.10132,0.835316,1,-1081.49,-1081.49,55107,55107,524.99,524.99,9.50435e+11,0
evt_895,69,2,-1,3,3,3.3011,1.19391,2,-407.562,-17.7303,18988,422,317.49,84.99,9.50435e+11,0
evt_895,76,3,-1,3,1,3.96045,0.642892,2,-154.983,-26.0372,8678,910,317.49,139.99,9.50435e+11,0
evt_895,77,3,-1,3,1,1.03523,0.716754,2,-385.254,-41.6706,20027,1635,327.49,169.99,9.50435e+11,0
evt_895,93,3,-1,3,3,-15.2808,0.756383,1,-16.6188,-16.6188,399,399,79.99,79.99,0,1.38249e+19
evt_896,4,0,-1,3,1,1.18322,0.687487,1,-152.805,-152.805,7329,7329,272.49,272.49,9.50467e+11,0
evt_896,5,0,-1,3,1,1.05589,1.12146,1,-377.169,-377.169,20257,20257,332.49,332.49,9.50467e+11,0
evt_896,24,1,-1,1,1,4.37506,0.864841,1,-49.8703,-49.8703,1730,1730,172.49,172.49,9.50467e+11,0
evt_896,25,1,-1,1,1,1.47984,0.721762,1,-162.604,-162.604,7246,7246,259.99,259.99,9.50467e+11,0
evt_896,48,2,-1,1,1,0.363747,0.86901,3,-1250.26,-18.072,87585,488,537.49,97.49,9.50467e+11,0
evt_896,49,2,-1,1,1,-1.11838,0.437053,2,-932.539,-55.6623,49380,363,504.99,69.99,9.50467e+11,0
evt_896,54,2,-1,4,1,4.67209,0.764879,1,-54.5923,-54.5923,654,654,89.99,89.99,9.50467e+11,0
evt_896,55,2,-1,4,1,6.07295,1.13429,1,-44.8459,-44.8459,463,463,84.99,84.99,9.50467e+11,0
evt_896,68,2,-1,3,3,-7.6648,6.15574,2,-190.011,-47.003,7478,1417,247.49,149.99,9.50467e+11,0
evt_896,72,3,-1,1,1,-7.40823,1.54195,3,-20.5974,-17.8408,1234,736,194.99,127.49,9.50467e+11,0
evt_896,78,3,-1,4,1,-3.31283,1.19907,2,-16.4715,-16.194,1077,578,189.99,107.49,9.50467e+11,0
evt_896,80,3,-1,1,2,9.43894,1.41051,1,-16.6552,-16.6552,602,602,109.99,109.99,9.50467e+11,0
evt_896,81,3,-1,1,2,7.96443,1.11615,1,-42.2813,-42.2813,1794,1794,189.99,189.99,9.50467e+11,0
evt_896,89,3,-1,1,3,0.718447,0.801329,1,-52.1931,-52.1931,1904,1904,172.49,172.49,1.49602e+14,1.38396e+19
evt_897,3,0,-1,2,1,-11.1453,1.03844,1,-52.3455,-52.3455,2822,2822,259.99,259.99,9.50468e+11,0
evt_897,26,1,-1,2,1,-7.29732,1.01454,2,-200.049,-39.608,12678,1296,334.99,154.99,9.50468e+11,0
evt_897,27,1,-1,2,1,0.423759,1.0392,1,-198.937,-198.937,9766,9766,292.49,292.49,9.50468e+11,0
evt_897,51,2,-1,2,1,-0.946644,0.545619,1,-26.0418,-26.0418,1023,1023,144.99,144.99,9.50468e+11,0
evt_897,52,2,-1,3,1,-181.119,48.4161,2,-111.159,-50.2487,1890,1462,147.49,134.99,9.50468e+11,0
evt_897,53,2,-1,3,1,-192.755,56.4987,2,-112.224,-48.6854,1739,1587,162.49,127.49,9.50468e+11,0
evt_897,74,3,-1,2,1,-357.422,95.5027,4,-543.028,-20.6645,5353,192,144.99,42.49,9.50468e+11,0
evt_897,75,3,-1,2,1,-539.046,133.914,3,-368.671,-16.5806,9611,240,199.99,69.99,9.50468e+11,0
evt_897,78,3,-1,4,1,-7.03074,0.881267,2,-303.704,-32.7084,15495,1455,314.99,179.99,9.50468e+11,0
evt_898,20,0,-1,3,3,14.949,0.790204,1,-79.9847,-79.9847,2888,2888,189.99,189.99,9.50469e+11,0
evt_898,21,0,-1,3,3,11.8822,1.00617,1,-37.1648,-37.1648,1234,1234,144.99,144.99,9.50469e+11,0
evt_898,24,1,-1,1,1,15.0047,0.70233,3,-992.482,-20.9686,47848,298,342.49,79.99,9.50469e+11,0
evt_898,25,1,-1,1,1,14.9284,0.692136,1,-1250.42,-1250.42,66923,66923,359.99,359.99,9.50469e+11,0
evt_898,35,1,-1,2,2,-3.16154,1.257,1,-75.3729,-75.3729,3479,3479,232.49,232.49,9.50469e+11,0
evt_898,66,2,-1,2,3,0.834942,1.67868,1,-59.5517,-59.5517,2196,2196,182.49,182.49,9.50469e+11,0
evt_898,68,2,-1,3,3,-582.601,128.128,3,-380.296,-20.7384,10659,398,387.49,84.99,9.50469e+11,0
evt_898,69,2,-1,3,3,-138.771,32.6635,1,-92.9323,-92.9323,2453,2453,222.49,222.49,9.50469e+11,0
evt_898,78,3,-1,4,1,-10.144,1.09288,4,-18.2972,-15.478,715,296,127.49,54.99,9.50469e+11,0
evt_898,80,3,-1,1,2,-4.25108,1.97101,3,-19.4787,-18.1288,815,603,142.49,109.99,9.50469e+11,0
evt_898,88,3,-1,1,3,0.639244,1.24834,1,-177.657,-177.657,10853,10853,299.99,299.99,1.49602e+14,1.10382e+12
evt_898,89,3,-1,1,3,-0.910118,0.908799,1,-395.547,-395.547,19104,19104,397.49,397.49,1.49602e+14,4.54206e+18
evt_899,18,0,-1,2,3,0.267691,1.06099,4,-1250,-30.348,69327,690,377.49,114.99,9.50568e+11,0
evt_899,19,0,-1,2,3,-0.241145,0.964705,2,-715.351,-29.4435,34646,745,359.99,112.49,9.50568e+11,0
evt_899,30,1,-1,4,1,5.07252,0.945422,1,-47.5397,-47.5397,1458,1458,149.99,149.99,9.50568e+11,0
evt_899,41,1,-1,1,3,2.39806,0.844588,2,-227.381,-61.7226,10957,2350,299.99,137.49,9.50568e+11,0
evt_899,52,2,-1,3,1,-115.81,115.533,3,-459.977,-49.4859,21230,1772,302.49,159.99,9.50568e+11,0
evt_899,53,2,-1,3,1,-141.604,94.4714,3,-1038.68,-213.007,36226,8673,294.99,242.49,9.50568e+11,0
evt_899,58,2,-1,2,2,1.7555,0.813368,1,-52.5756,-52.5756,312,312,69.99,69.99,9.50568e+11,0
evt_899,59,2,-1,2,2,3.64111,1.00233,1,-46.8466,-46.8466,202,202,67.49,67.49,9.50568e+11,0
evt_899,60,2,-1,3,2,-51.4338,43.0176,1,-160.004,-160.004,5546,5546,212.49,212.49,9.50568e+11,0
evt_899,61,2,-1,3,2,-130.19,98.0644,3,-367.373,-25.9631,19176,622,294.99,102.49,9.50568e+11,0
evt_899,74,3,-1,2,1,-412.531,155.406,5,-632.687,-26.3763,26273,530,324.99,102.49,9.50568e+11,0
evt_899,75,3,-1,2,1,-143.198,92.1325,2,-341.027,-21.1973,15066,705,282.49,119.99,9.50568e+11,0
evt_899,80,3,-1,1,2,-30.3803,21.4828,1,-75.907,-75.907,4093,4093,269.99,269.99,9.50568e+11,0
evt_899,81,3,-1,1,2,-13.5998,9.63514,1,-36.1283,-36.1283,1362,1362,154.99,154.99,9.50568e+11,0
evt_899,82,3,-1,2,2,-10.4854,1.33733,1,-15.5612,-15.5612,272,272,57.49,57.49,9.50568e+11,0
evt_899,93,3,-1,3,3,-8.54936,0.7189,2,-17.6517,-17.0805,927,586,162.49,104.99,0,4.60703e+18
evt_900,7,0,-1,4,1,-0.203016,0.891159,1,-17.0701,-17.0701,270,270,57.49,57.49,9.5063e+11,0
evt_900,54,2,-1,4,1,0.165154,0.909837,1,-67.9161,-67.9161,1033,1033,92.49,92.49,9.5063e+11,0
evt_900,60,2,-1,3,2,1.21989,0.727474,1,-151.79,-151.79,8201,8201,297.49,297.49,9.5063e+11,0
evt_900,61,2,-1,3,2,1.14961,0.824157,1,-144.228,-144.228,6422,6422,274.99,274.99,9.5063e+11,0
evt_900,76,3,-1,3,1,4.94943,2.14857,2,-1250.22,-22.111,116969,321,469.99,97.49,9.5063e+11,0
evt_900,77,3,-1,3,1,-0.57182,0.687285,2,-1250.61,-309.685,111796,11307,442.49,219.99,9.5063e+11,0
evt_900,84,3,-1,3,2,-1.26708,0.579665,1,-43.6797,-43.6797,3118,3118,277.49,277.49,9.5063e+11,0
evt_900,85,3,-1,3,2,1.93736,0.817442,1,-79.095,-79.095,3464,3464,214.99,214.99,9.5063e+11,0
evt_901,4,0,-1,3,1,0.193138,0.731212,1,-819.496,-819.496,43300,43300,369.99,369.99,9.50706e+11,0
evt_901,5,0,-1,3,1,-0.930862,0.842712,1,-874.587,-874.587,52904,52904,702.49,702.49,9.50706e+11,0
evt_901,28,1,-1,3,1,-3.01988,1.14268,1,-48.6402,-48.6402,1575,1575,157.49,157.49,9.50706e+11,0
evt_901,29,1,-1,3,1,-1.12199,1.04588,2,-72.817,-52.2672,3266,2902,324.99,207.49,9.50706e+11,0
evt_901,50,2,-1,2,1,-0.5586,0.784168,1,-290.855,-290.855,13565,13565,307.49,307.49,9.50706e+11,0
evt_901,51,2,-1,2,1,-1.09925,1.05242,2,-111.25,-45.404,6458,1852,287.49,182.49,9.50706e+11,0
evt_901,52,2,-1,3,1,20.3469,4.89379,3,-356.354,-55.9258,11792,682,207.49,112.49,9.50706e+11,0
evt_901,53,2,-1,3,1,68.0503,1.92678,2,-48.5386,-34.7686,390,11,102.49,89.99,9.50706e+11,0
evt_901,58,2,-1,2,2,-0.456077,0.895144,1,-23.2935,-23.2935,273,273,79.99,79.99,9.50706e+11,0
evt_901,80,3,-1,1,2,-6.42378,0.949264,1,-413.701,-413.701,28081,28081,422.49,422.49,9.50706e+11,0
evt_901,81,3,-1,1,2,2.59754,1.12287,1,-546.818,-546.818,32016,32016,397.49,397.49,9.50706e+11,0
evt_902,16,0,-1,1,3,-2.23624,0.933762,1,-49.9739,-49.9739,1904,1904,179.99,179.99,9.50782e+11,0
evt_902,36,1,-1,3,2,0.0844007,0.897148,1,-43.5407,-43.5407,3411,3411,334.99,334.99,9.50782e+11,0
evt_902,37,1,-1,3,2,-0.702989,0.99337,1,-25.0084,-25.0084,748,748,117.49,117.49,9.50782e+11,0
evt_902,49,2,-1,1,1,-1.71404,0.809765,1,-79.4506,-79.4506,690,690,74.99,74.99,9.50782e+11,0
evt_902,60,2,-1,3,2,3.7697,1.65368,3,-33.5445,-18.1183,970,242,127.49,39.99,9.50782e+11,0
evt_902,68,2,-1,3,3,1.61548,0.737099,1,-354.869,-354.869,17798,17798,377.49,377.49,9.50782e+11,0
evt_902,69,2,-1,3,3,0.547876,0.81543,2,-55.8874,-27.8339,3081,874,277.49,104.99,9.50782e+11,0
evt_902,80,3,-1,1,2,-4.67308,0.899891,2,-18.0697,-15.6397,598,237,109.99,54.99,9.50782e+11,0
evt_902,91,3,-1,2,3,0.861838,0.85025,1,-18.4527,-18.4527,486,486,94.99,94.99,0,4.63817e+18
evt_902,92,3,-1,3,3,0.782705,0.601469,2,-1250.2,-87.992,160110,3412,662.49,229.99,0,4.63957e+18
evt_902,93,3,-1,3,3,2.76996,1.19082,2,-1250.27,-16.1913,78738,756,557.49,137.49,0,4.65531e+18
evt_903,16,0,-1,1,3,2.25931,0.782105,1,-261.542,-261.542,13631,13631,297.49,297.49,9.50823e+11,0
evt_903,17,0,-1,1,3,0.0347164,0.754775,1,-193.905,-193.905,8051,8051,254.99,254.99,9.50823e+11,0
evt_903,28,1,-1,3,1,5.95843,1.06703,2,-284.911,-20.9677,15573,457,309.99,84.99,9.50823e+11,0
evt_903,29,1,-1,3,1,1.36723,0.889417,2,-202.329,-28.6354,8678,941,259.99,137.49,9.50823e+11,0
evt_903,45,1,-1,3,3,0.605077,1.37996,1,-19.0277,-19.0277,468,468,84.99,84.99,9.50823e+11,0
evt_903,58,2,-1,2,2,0.970887,0.53534,2,-73.5419,-24.9318,2993,823,199.99,129.99,9.50823e+11,0
evt_903,80,3,-1,1,2,-3.60487,1.19412,2,-1249.96,-16.7839,95440,702,422.49,137.49,9.50823e+11,0
evt_903,81,3,-1,1,2,1.73334,1.3102,1,-1250.15,-1250.15,115810,115810,737.49,737.49,9.50823e+11,0
evt_904,2,0,-1,2,1,0.545252,1.00904,1,-153.567,-153.567,5984,5984,232.49,232.49,9.50834e+11,0
evt_904,3,0,-1,2,1,-0.372634,1.2461,1,-57.8753,-57.8753,2561,2561,219.99,219.99,9.50834e+11,0
evt_904,26,1,-1,2,1,-0.102385,1.5448,2,-213.425,-41.438,9913,1536,299.99,174.99,9.50834e+11,0
evt_904,27,1,-1,2,1,-1.45568,0.740843,1,-271.336,-271.336,19871,19871,407.49,407.49,9.50834e+11,0
evt_904,50,2,-1,2,1,-0.210902,0.987476,1,-1249.71,-1249.71,77075,77075,399.99,399.99,9.50834e+11,0
evt_904,51,2,-1,2,1,1.62342,0.758034,3,-1250.31,-34.9989,85099,973,419.99,139.99,9.50834e+11,0
evt_905,10,0,-1,2,2,-0.322954,0.89818,1,-23.4087,-23.4087,782,782,122.49,122.49,9.5089e+11,0
evt_905,16,0,-1,1,3,15.5726,0.805674,1,-36.1053,-36.1053,951,951,127.49,127.49,9.5089e+11,0
evt_905,22,0,-1,4,3,1.74784,0.956157,1,-29.7381,-29.7381,1043,1043,139.99,139.99,9.5089e+11,0
evt_905,34,1,-1,2,2,-0.297922,0.61564,1,-38.507,-38.507,1302,1302,152.49,152.49,9.5089e+11,0
evt_905,48,2,-1,1,1,1.72599,0.62159,1,-144.493,-144.493,4995,4995,212.49,212.49,9.5089e+11,0
evt_905,49,2,-1,1,1,-0.33157,0.928388,2,-173.355,-29.6531,7907,182,272.49,67.49,9.5089e+11,0
evt_905,50,2,-1,2,1,-0.0652181,1.04314,1,-28.4755,-28.4755,222,222,69.99,69.99,9.5089e+11,0
evt_905,51,2,-1,2,1,1.25043,0.8283,1,-24.6151,-24.6151,197,197,67.49,67.49,9.5089e+11,0
evt_905,58,2,-1,2,2,0.353262,1.04737,1,-201.643,-201.643,9638,9638,307.49,307.49,9.5089e+11,0
evt_905,59,2,-1,2,2,0.719647,0.907028,1,-138.89,-138.89,7824,7824,319.99,319.99,9.5089e+11,0
evt_905,80,3,-1,1,2,-6.58794,1.09355,1,-18.6521,-18.6521,569,569,102.49,102.49,9.5089e+11,0
evt_905,82,3,-1,2,2,2.36904,1.67991,2,-75.3664,-21.0818,2887,619,202.49,117.49,9.5089e+11,0
evt_905,83,3,-1,2,2,0.986358,1.13998,1,-135.191,-135.191,6301,6301,257.49,257.49,9.5089e+11,0
evt_906,20,0,-1,3,3,1.27085,0.803705,1,-167.173,-167.173,7510,7510,257.49,257.49,9.50901e+11,0
evt_906,21,0,-1,3,3,0.668259,0.639226,1,-54.8238,-54.8238,2251,2251,192.49,192.49,9.50901e+11,0
evt_906,26,1,-1,2,1,-0.161425,1.28336,2,-121.808,-32.711,5343,1179,257.49,147.49,9.50901e+11,0
evt_906,27,1,-1,2,1,2.83804,1.00823,1,-186.584,-186.584,11258,11258,382.49,382.49,9.50901e+11,0
evt_906,44,1,-1,3,3,3.91086,0.99266,4,-1250.28,-36.9432,102918,747,394.99,112.49,9.50901e+11,0
evt_906,45,1,-1,3,3,-0.749,0.831459,1,-1250.08,-1250.08,84654,84654,402.49,402.49,9.50901e+11,0
evt_906,62,2,-1,4,2,-1.66448,0.971189,1,-83.035,-83.035,368,368,62.49,62.49,9.50901e+11,0
evt_906,66,2,-1,2,3,4.51551,0.802452,3,-1250.35,-29.5439,86406,853,377.49,127.49,9.50901e+11,0
evt_906,67,2,-1,2,3,1.14523,0.679347,2,-1250.08,-20.8924,90097,414,399.99,94.99,9.50901e+11,0
evt_906,70,2,-1,4,3,0.0632483,1.18231,1,-59.13,-59.13,2111,2111,182.49,182.49,9.50901e+11,0
evt_906,71,2,-1,4,3,2.17829,0.921588,1,-24.018,-24.018,923,923,137.49,137.49,9.50901e+11,0
evt_906,80,3,-1,1,2,8.03549,0.813914,2,-1249.82,-31.0754,92828,1095,407.49,157.49,9.50901e+11,0
evt_906,81,3,-1,1,2,2.87272,1.57586,1,-1250.17,-1250.17,96900,96900,419.99,419.99,9.50901e+11,0
evt_907,22,0,-1,4,3,1.546,1.14619,2,-193.065,-22.0366,9797,559,292.49,102.49,9.5091e+11,0
evt_907,23,0,-1,4,3,0.49744,0.790914,1,-360.59,-360.59,14344,14344,284.99,284.99,9.5091e+11,0
evt_907,26,1,-1,2,1,-1.60108,1.0945,1,-1251.3,-1251.3,123090,123090,612.49,612.49,9.5091e+11,0
evt_907,27,1,-1,2,1,0.178464,0.688159,1,-1227.62,-1227.62,92362,92362,452.49,452.49,9.5091e+11,0
evt_907,56,2,-1,1,2,-18.0221,1.07347,4,-24.0527,-19.6709,11279,922,1504.99,144.99,9.5091e+11,0
evt_907,74,3,-1,2,1,23.8276,6.39643,1,-163.134,-163.134,7240,7240,244.99,244.99,9.5091e+11,0
evt_907,75,3,-1,2,1,-3.8359,7.80146,3,-478.315,-28.9368,18250,414,242.49,102.49,9.5091e+11,0
evt_907,84,3,-1,3,2,0.111154,0.546931,1,-289.154,-289.154,12556,12556,217.49,217.49,9.5091e+11,0
evt_908,12,0,-1,3,2,5.95089,0.918395,2,-566.397,-23.1843,24985,572,312.49,104.99,9.50943e+11,0
evt_908,13,0,-1,3,2,-0.37226,0.760878,1,-332.169,-332.169,22253,22253,497.49,497.49,9.50943e+11,0
evt_908,36,1,-1,3,2,-597.184,52.1154,3,-488.022,-22.7229,12368,504,234.99,94.99,9.50943e+11,0
evt_908,37,1,-1,3,2,-560.916,27.2953,2,-523.745,-29.8554,17016,861,289.99,127.49,9.50943e+11,0
evt_908,39,1,-1,4,2,-1.78203,1.05282,1,-38.8487,-38.8487,1587,1587,169.99,169.99,9.50943e+11,0
evt_908,60,2,-1,3,2,-4.41616,0.760637,2,-95.2497,-40.2248,4086,1321,227.49,149.99,9.50943e+11,0
evt_908,61,2,-1,3,2,-1.00769,0.830127,1,-81.96,-81.96,6178,6178,367.49,367.49,9.50943e+11,0
evt_908,78,3,-1,4,1,-8.08944,0.831713,1,-18.8334,-18.8334,576,576,107.49,107.49,9.50943e+11,0
evt_908,80,3,-1,1,2,-14.5418,1.03655,5,-24.9102,-16.4935,4624,602,709.99,104.99,9.50943e+11,0
evt_908,82,3,-1,2,2,58.7321,2.30676,1,-21.6166,-21.6166,94,94,69.99,69.99,9.50943e+11,0
evt_908,93,3,-1,3,3,-12.4855,2.95792,2,-21.6172,-19.2598,1275,844,187.49,147.49,0,1.38014e+19
evt_909,3,0,-1,2,1,-10.2084,1.36327,6,-16.5454,-15.288,1303,279,254.99,54.99,9.50988e+11,0
evt_909,12,0,-1,3,2,-4.40219,1.02409,3,-1250.24,-19.6672,75964,361,519.99,89.99,9.50988e+11,0
evt_909,13,0,-1,3,2,-0.646928,0.68269,1,-1249.93,-1249.93,99857,99857,602.49,602.49,9.50988e+11,0
evt_909,24,1,-1,1,1,2.99658,1.59985,1,-248.157,-248.157,12128,12128,297.49,297.49,9.50988e+11,0
evt_909,25,1,-1,1,1,1.24194,0.873359,1,-430.737,-430.737,23565,23565,369.99,369.99,9.50988e+11,0
evt_909,52,2,-1,3,1,-4.11199,1.22866,1,-45.8244,-45.8244,478,478,79.99,79.99,9.50988e+11,0
evt_909,53,2,-1,3,1,-0.00942171,1.05071,1,-49.4624,-49.4624,437,437,77.49,77.49,9.50988e+11,0
evt_909,57,2,-1,1,2,34.4692,0.608838,1,-31.7806,-31.7806,439,439,97.49,97.49,9.50988e+11,0
evt_909,93,3,-1,3,3,0.0314319,1.16748,2,-19.9048,-16.5482,1782,541,297.49,94.99,0,1.38773e+19
evt_910,4,0,-1,3,1,1.14072,1.55349,2,-50.9737,-33.1305,3006,1148,249.99,144.99,9.5103e+11,0
evt_910,60,2,-1,3,2,-12.2045,0.782734,3,-17.4612,-15.6343,1011,384,174.99,69.99,9.5103e+11,0
evt_910,76,3,-1,3,1,-1.36103,1.01985,1,-15.8981,-15.8981,400,400,77.49,77.49,9.5103e+11,0
evt_910,93,3,-1,3,3,-6.49502,1.53354,1,-17.8037,-17.8037,800,800,134.99,134.99,0,1.37789e+19
evt_911,8,0,-1,1,2,64.4204,0.850045,1,-224.868,-224.868,8708,8708,227.49,227.49,9.51044e+11,0
evt_911,10,0,-1,2,2,1.96666,1.05296,1,-105.187,-105.187,5138,5138,262.49,262.49,9.51044e+11,0
evt_911,11,0,-1,2,2,0.362954,0.737655,1,-188.185,-188.185,11225,11225,324.99,324.99,9.51044e+11,0
evt_911,12,0,-1,3,2,0.802477,0.956807,1,-98.295,-98.295,3862,3862,222.49,222.49,9.51044e+11,0
evt_911,13,0,-1,3,2,-0.251714,0.861918,1,-278.732,-278.732,13330,13330,309.99,309.99,9.51044e+11,0
evt_911,16,0,-1,1,3,0.644825,0.716847,1,-145.563,-145.563,6044,6044,242.49,242.49,9.51044e+11,0
evt_911,17,0,-1,1,3,-0.628645,0.696117,1,-95.0461,-95.0461,4663,4663,247.49,247.49,9.51044e+11,0
evt_911,72,3,-1,1,1,-6.71672,0.8618,1,-15.632,-15.632,444,444,79.99,79.99,9.51044e+11,0
evt_911,74,3,-1,2,1,20.3082,1.11643,1,-16.6606,-16.6606,252,252,64.99,64.99,9.51044e+11,0
evt_911,76,3,-1,3,1,-23.6324,10.3878,1,-35.376,-35.376,845,845,114.99,114.99,9.51044e+11,0
evt_911,94,3,-1,4,3,28.3488,1.01926,1,-24.1636,-24.1636,466,466,99.99,99.99,4.38087e+11,1.38389e+19
evt_911,95,3,-1,4,3,16.8568,0.771844,1,-78.0038,-78.0038,2679,2679,182.49,182.49,4.38087e+11,1.38361e+19
evt_912,12,0,-1,3,2,-5.21725,0.940627,1,-1250.31,-1250.31,108003,108003,457.49,457.49,9.5109e+11,0
evt_912,13,0,-1,3,2,-1.46498,0.661308,3,-1250.16,-277.742,108287,8142,417.49,99.99,9.5109e+11,0
evt_912,44,1,-1,3,3,1.36197,0.874535,2,-118.792,-60.2882,5982,2067,262.49,179.99,9.5109e+11,0
evt_912,45,1,-1,3,3,3.66105,0.946345,1,-55.8172,-55.8172,2889,2889,232.49,232.49,9.5109e+11,0
evt_912,70,2,-1,4,3,-0.312724,1.20801,1,-1001.12,-1001.12,46611,46611,487.49,487.49,9.5109e+11,0
evt_912,71,2,-1,4,3,-0.0156069,0.649617,3,-1249.58,-41.3693,57650,1153,412.49,137.49,9.5109e+11,0
evt_912,90,3,-1,2,3,1.75494,1.46036,1,-288.53,-288.53,11851,11851,269.99,269.99,1.49602e+14,1.38381e+19
evt_912,91,3,-1,2,3,0.883939,0.823088,2,-560.246,-30.2336,29587,1084,352.49,142.49,0,1.38656e+19
evt_912,93,3,-1,3,3,-7.82336,0.748261,1,-16.3152,-16.3152,364,364,67.49,67.49,0,1.38519e+19
evt_913,6,0,-1,4,1,-0.742705,0.774541,1,-559.507,-559.507,27461,27461,362.49,362.49,9.51134e+11,0
evt_913,7,0,-1,4,1,-0.246857,0.649764,1,-155.107,-155.107,6893,6893,259.99,259.99,9.51134e+11,0
evt_913,26,1,-1,2,1,-3.49497,1.48486,3,-926.476,-18.7957,48705,463,374.99,92.49,9.51134e+11,0
evt_913,27,1,-1,2,1,1.42023,0.967071,1,-754.003,-754.003,42047,42047,372.49,372.49,9.51134e+11,0
evt_913,52,2,-1,3,1,4.71508,0.795045,1,-74.3852,-74.3852,3041,3041,209.99,209.99,9.51134e+11,0
evt_913,53,2,-1,3,1,0.126732,0.525153,1,-27.5567,-27.5567,915,915,132.49,132.49,9.51134e+11,0
evt_913,58,2,-1,2,2,0.326712,0.84024,1,-42.4918,-42.4918,348,348,74.99,74.99,9.51134e+11,0
evt_913,59,2,-1,2,2,-0.457073,0.594629,1,-47.619,-47.619,350,350,72.49,72.49,9.51134e+11,0
evt_913,76,3,-1,3,1,-0.182612,0.810114,2,-1250.27,-138.279,86878,7789,424.99,387.49,9.51134e+11,0
evt_913,77,3,-1,3,1,0.709897,0.79905,3,-1250.61,-74.9156,94939,2289,467.49,167.49,9.51134e+11,0
evt_914,24,1,-1,1,1,-1248.7,0.450667,4,-1249.74,-37.8254,61512,1015,749.99,127.49,9.5119e+11,0
evt_914,25,1,-1,1,1,-1249.34,0.478233,3,-1250.35,-50.3631,60307,1026,287.49,129.99,9.5119e+11,0
evt_914,48,2,-1,1,1,21.8073,0.767373,1,-37.3206,-37.3206,1099,1099,142.49,142.49,9.5119e+11,0
evt_914,60,2,-1,3,2,-1.95125,0.976102,1,-28.6994,-28.6994,293,293,69.99,69.99,9.5119e+11,0
evt_914,61,2,-1,3,2,0.440226,0.655217,1,-52.197,-52.197,453,453,72.49,72.49,9.5119e+11,0
evt_914,72,3,-1,1,1,-19.1768,0.667769,2,-36.3679,-26.7322,13308,7053,1612.49,882.49,9.5119e+11,0
evt_914,76,3,-1,3,1,-11.1139,0.752514,3,-17.7276,-16.2413,721,371,127.49,72.49,9.5119e+11,0
evt_915,0,0,-1,1,1,-139.507,91.2706,1,-329.702,-329.702,12875,12875,259.99,259.99,9.51259e+11,0
evt_915,1,0,-1,1,1,-374.85,211.915,2,-660.669,-33.4741,19742,883,244.99,122.49,9.51259e+11,0
evt_915,8,0,-1,1,2,-71.3635,41.194,2,-113.09,-62.9816,3296,1833,187.49,159.99,9.51259e+11,0
evt_915,9,0,-1,1,2,-64.5387,6.43173,1,-63.0144,-63.0144,1780,1780,147.49,147.49,9.51259e+11,0
evt_915,16,0,-1,1,3,0.796879,0.818205,1,-1011,-1011,63774,63774,374.99,374.99,9.51259e+11,0
evt_915,17,0,-1,1,3,1.00546,0.737883,1,-1137.73,-1137.73,61519,61519,459.99,459.99,9.51259e+11,0
evt_915,40,1,-1,1,3,-0.908682,1.09958,1,-29.6969,-29.6969,929,929,132.49,132.49,9.51259e+11,0
evt_915,41,1,-1,1,3,0.255093,1.02354,1,-100.309,-100.309,4586,4586,239.99,239.99,9.51259e+11,0
evt_915,48,2,-1,1,1,35.1635,0.522569,1,-43.8828,-43.8828,1017,1017,127.49,127.49,9.51259e+11,0
evt_915,66,2,-1,2,3,-0.93702,1.41187,1,-33.2063,-33.2063,1177,1177,147.49,147.49,9.51259e+11,0
evt_915,69,2,-1,3,3,5.80273,2.62785,1,-17.8414,-17.8414,293,293,69.99,69.99,9.51259e+11,0
evt_915,72,3,-1,1,1,-21.5549,0.687258,6,-26.8417,-17.7283,3382,317,429.99,49.99,9.51259e+11,0
evt_916,26,1,-1,2,1,-1.49562,1.39681,1,-236.337,-236.337,11422,11422,307.49,307.49,9.51276e+11,0
evt_916,27,1,-1,2,1,0.351905,0.946558,1,-46.0931,-46.0931,2089,2089,207.49,207.49,9.51276e+11,0
evt_916,49,2,-1,1,1,-0.893376,0.670329,1,-21.1602,-21.1602,257,257,77.49,77.49,9.51276e+11,0
evt_916,50,2,-1,2,1,-0.388336,1.0636,1,-1190.67,-1190.67,71701,71701,449.99,449.99,9.51276e+11,0
evt_916,51,2,-1,2,1,-0.724246,0.703796,2,-1063.96,-21.997,71112,547,402.49,104.99,9.51276e+11,0
evt_916,60,2,-1,3,2,2.08313,0.665089,1,-43.5192,-43.5192,167,167,59.99,59.99,9.51276e+11,0
evt_916,74,3,-1,2,1,-1.0923,0.896297,1,-21.0066,-21.0066,736,736,122.49,122.49,9.51276e+11,0
evt_916,75,3,-1,2,1,-1.31934,0.781725,1,-103.052,-103.052,5986,5986,284.99,284.99,9.51276e+11,0
evt_916,76,3,-1,3,1,-4.77905,0.844879,1,-15.0943,-15.0943,287,287,54.99,54.99,9.51276e+11,0
evt_916,80,3,-1,1,2,-16.5955,0.81639,4,-21.2714,-18.8348,1562,967,247.49,164.99,9.51276e+11,0
evt_916,93,3,-1,3,3,-7.45408,0.787117,1,-16.7749,-16.7749,476,476,89.99,89.99,0,1.38303e+19
evt_917,8,0,-1,1,2,0.95718,0.773152,1,-199.206,-199.206,7223,7223,257.49,257.49,9.51281e+11,0
evt_917,9,0,-1,1,2,-1.05336,0.944501,1,-54.975,-54.975,1576,1576,149.99,149.99,9.51281e+11,0
evt_917,34,1,-1,2,2,-7.56573,4.73594,1,-34.0097,-34.0097,1058,1058,134.99,134.99,9.51281e+11,0
evt_917,35,1,-1,2,2,4.81556,0.825403,3,-57.5373,-26.3066,2175,906,187.49,137.49,9.51281e+11,0
evt_917,36,1,-1,3,2,3.32653,1.23014,1,-58.6005,-58.6005,1921,1921,172.49,172.49,9.51281e+11,0
evt_917,49,2,-1,1,1,-1.51886,0.69279,1,-67.7994,-67.7994,515,515,72.49,72.49,9.51281e+11,0
evt_917,50,2,-1,2,1,1.14589,1.04263,1,-36.2594,-36.2594,445,445,87.49,87.49,9.51281e+11,0
evt_917,51,2,-1,2,1,1.75893,0.754489,1,-34.1295,-34.1295,392,392,87.49,87.49,9.51281e+11,0
evt_917,54,2,-1,4,1,0.969982,1.09287,1,-64.2106,-64.2106,879,879,92.49,92.49,9.51281e+11,0
evt_917,55,2,-1,4,1,4.02181,1.1308,1,-45.9003,-45.9003,493,493,87.49,87.49,9.51281e+11,0
evt_917,62,2,-1,4,2,0.435203,1.25514,2,-110.793,-15.8584,5604,283,249.99,62.49,9.51281e+11,0
evt_917,63,2,-1,4,2,3.59688,0.947926,1,-141.13,-141.13,5935,5935,249.99,249.99,9.51281e+11,0
evt_917,78,3,-1,4,1,-5.17783,0.615905,1,-23.4122,-23.4122,988,988,152.49,152.49,9.51281e+11,0
evt_917,93,3,-1,3,3,-6.84271,1.11646,2,-16.9604,-16.1678,1173,322,204.99,57.49,0,1.36635e+19
evt_918,11,0,-1,2,2,19.2366,0.686731,1,-45.432,-45.432,1378,1378,147.49,147.49,9.51347e+11,0
evt_918,16,0,-1,1,3,5.44233,1.83357,2,-480.343,-20.6319,18381,544,272.49,102.49,9.51347e+11,0
evt_918,58,2,-1,2,2,16.8936,1.09098,1,-33.2093,-33.2093,968,968,132.49,132.49,9.51347e+11,0
evt_918,59,2,-1,2,2,18.213,0.81537,1,-179.378,-179.378,7260,7260,237.49,237.49,9.51347e+11,0
evt_918,65,2,-1,1,3,-2.88584,1.07357,1,-58.2541,-58.2541,3297,3297,239.99,239.99,9.51347e+11,0
evt_918,88,3,-1,1,3,0.332548,1.13655,3,-1226.22,-15.563,80143,117,384.99,57.49,1.49602e+14,1.10382e+12
evt_918,89,3,-1,1,3,0.735882,0.773709,3,-1250.04,-58.1037,99313,1027,409.99,112.49,1.49602e+14,4.55847e+18
evt_919,0,0,-1,1,1,-0.707101,0.848273,1,-33.3979,-33.3979,1160,1160,139.99,139.99,9.51389e+11,0
evt_919,1,0,-1,1,1,7.58458,0.579932,1,-46.3984,-46.3984,1288,1288,139.99,139.99,9.51389e+11,0
evt_919,25,1,-1,1,1,4.65087,0.825962,1,-42.7382,-42.7382,1594,1594,167.49,167.49,9.51389e+11,0
evt_919,41,1,-1,1,3,0.16883,0.766504,1,-44.9889,-44.9889,1868,1868,179.99,179.99,9.51389e+11,0
evt_919,52,2,-1,3,1,0.4798,0.800641,1,-16.2897,-16.2897,54,54,57.49,57.49,9.51389e+11,0
evt_919,53,2,-1,3,1,-0.153969,0.771596,1,-29.7508,-29.7508,175,175,62.49,62.49,9.51389e+11,0
evt_919,68,2,-1,3,3,6.25395,0.991332,1,-35.4612,-35.4612,851,851,82.49,82.49,9.51389e+11,0
evt_919,69,2,-1,3,3,1.01196,3.0851,2,-339.079,-38.2051,13751,1300,279.99,157.49,9.51389e+11,0
evt_919,72,3,-1,1,1,-20.5347,2.60639,4,-30.3169,-17.2247,8170,584,1007.49,102.49,9.51389e+11,0
evt_920,22,0,-1,4,3,-2.42884,1.41553,2,-476.56,-26.7234,21837,762,327.49,114.99,9.5143e+11,0
evt_920,23,0,-1,4,3,2.76919,0.792464,2,-191.655,-54.099,9796,1777,287.49,167.49,9.5143e+11,0
evt_920,62,2,-1,4,2,-0.832157,0.659869,1,-55.5995,-55.5995,305,305,67.49,67.49,9.5143e+11,0
evt_920,82,3,-1,2,2,-10.5559,1.70584,5,-18.0712,-15.2516,553,267,102.49,54.99,9.5143e+11,0
evt_921,12,0,-1,3,2,16.4051,0.833861,1,-24.6316,-24.6316,678,678,112.49,112.49,9.51496e+11,0
evt_921,42,1,-1,2,3,4.12082,1.2941,1,-54.4042,-54.4042,2102,2102,182.49,182.49,9.51496e+11,0
evt_921,50,2,-1,2,1,-1.0524,0.808169,1,-329.019,-329.019,16202,16202,324.99,324.99,9.51496e+11,0
evt_921,51,2,-1,2,1,-1.53499,1.00418,3,-260.282,-15.6337,12070,276,294.99,57.49,9.51496e+11,0
evt_921,56,2,-1,1,2,6.44028,0.870976,1,-30.5521,-30.5521,319,319,82.49,82.49,9.51496e+11,0
evt_921,57,2,-1,1,2,-0.764008,1.34084,1,-55.0182,-55.0182,707,707,89.99,89.99,9.51496e+11,0
evt_921,72,3,-1,1,1,-0.633821,0.569092,1,-43.162,-43.162,1892,1892,189.99,189.99,9.51496e+11,0
evt_921,73,3,-1,1,1,-1.98642,1.17445,1,-152.486,-152.486,7266,7266,272.49,272.49,9.51496e+11,0
evt_921,80,3,-1,1,2,2.77689,1.05591,2,-105.555,-28.2473,5417,1186,259.99,162.49,9.51496e+11,0
evt_921,81,3,-1,1,2,-1.42985,0.880209,1,-52.2634,-52.2634,2482,2482,209.99,209.99,9.51496e+11,0
evt_921,95,3,-1,4,3,9.44594,0.525616,1,-15.2522,-15.2522,308,308,69.99,69.99,4.38087e+11,1.38609e+19
evt_922,4,0,-1,3,1,6.90046,0.660515,2,-111.516,-21.2756,4610,566,219.99,104.99,9.51512e+11,0
evt_922,5,0,-1,3,1,16.4316,0.653788,1,-26.687,-26.687,671,671,112.49,112.49,9.51512e+11,0
evt_922,28,1,-1,3,1,12.5671,0.840789,1,-69.4266,-69.4266,2697,2697,239.99,239.99,9.51512e+11,0
evt_922,53,2,-1,3,1,-1.71741,0.734181,1,-91.504,-91.504,4041,4041,249.99,249.99,9.51512e+11,0
evt_922,76,3,-1,3,1,6.02463,0.99669,1,-52.8834,-52.8834,2411,2411,202.49,202.49,9.51512e+11,0
evt_922,92,3,-1,3,3,-4.3499,1.9832,1,-40.9075,-40.9075,1592,1592,172.49,172.49,0,1.38409e+19
evt_923,1,0,-1,1,1,-20.3756,7.49354,1,-26.4641,-26.4641,485,485,84.99,84.99,9.51545e+11,0
evt_923,22,0,-1,4,3,-1.17861,1.21107,1,-82.9619,-82.9619,3208,3208,217.49,217.49,9.51545e+11,0
evt_923,38,1,-1,4,2,0.915824,1.08145,1,-52.6493,-52.6493,2084,2084,179.99,179.99,9.51545e+11,0
evt_923,39,1,-1,4,2,2.8784,0.787033,1,-70.1881,-70.1881,3284,3284,194.99,194.99,9.51545e+11,0
evt_923,46,1,-1,4,3,2.47111,1.51729,1,-60.197,-60.197,2215,2215,182.49,182.49,9.51545e+11,0
evt_923,47,1,-1,4,3,2.93623,0.984719,1,-150.595,-150.595,5913,5913,234.99,234.99,9.51545e+11,0
evt_923,87,3,-1,4,2,-8.12612,0.785177,2,-16.203,-15.975,493,382,94.99,72.49,9.51545e+11,0
evt_923,93,3,-1,3,3,-8.98128,1.32676,1,-16.1261,-16.1261,723,723,129.99,129.99,0,4.51167e+18
evt_923,94,3,-1,4,3,0.0773224,1.2298,2,-904.241,-43.5376,45221,1450,352.49,154.99,4.38087e+11,1.35174e+19
evt_923,95,3,-1,4,3,0.427443,1.03949,3,-826.291,-22.5323,50072,1335,482.49,152.49,4.38087e+11,1.38165e+19
evt_924,20,0,-1,3,3,-495.954,423.901,4,-1250.31,-15.5947,70924,175,327.49,59.99,9.51605e+11,0
evt_924,21,0,-1,3,3,-528.601,413.592,4,-1249.37,-19.4448,82525,345,354.99,84.99,9.51605e+11,0
evt_924,44,1,-1,3,3,25.2519,1.18802,1,-31.3763,-31.3763,540,540,102.49,102.49,9.51605e+11,0
evt_924,45,1,-1,3,3,17.2281,0.89156,1,-34.5005,-34.5005,814,814,114.99,114.99,9.51605e+11,0
evt_924,52,2,-1,3,1,2.38358,0.925184,1,-20.7374,-20.7374,225,225,74.99,74.99,9.51605e+11,0
evt_924,53,2,-1,3,1,-0.308988,1.32741,1,-19.8753,-19.8753,118,118,67.49,67.49,9.51605e+11,0
evt_924,93,3,-1,3,3,-3.77812,1.46234,3,-20.0535,-17.5769,1217,859,199.99,142.49,0,4.53902e+18
evt_925,22,0,-1,4,3,-3.76867,0.943143,1,-39.5392,-39.5392,1693,1693,187.49,187.49,9.51611e+11,0
evt_925,23,0,-1,4,3,-0.953113,0.664146,1,-42.5088,-42.5088,1629,1629,169.99,169.99,9.51611e+11,0
evt_925,42,1,-1,2,3,-1.81008,1.81184,1,-163.101,-163.101,8706,8706,304.99,304.99,9.51611e+11,0
evt_925,43,1,-1,2,3,-1.18962,0.793528,1,-145.637,-145.637,6989,6989,274.99,274.99,9.51611e+11,0
evt_925,68,2,-1,3,3,-2.03424,0.822178,1,-38.5417,-38.5417,1401,1401,159.99,159.99,9.51611e+11,0
evt_925,69,2,-1,3,3,-1.006,0.677861,1,-45.7858,-45.7858,1848,1848,187.49,187.49,9.51611e+11,0
evt_925,76,3,-1,3,1,-4.06257,1.04689,1,-15.631,-15.631,290,290,62.49,62.49,9.51611e+11,0
evt_925,86,3,-1,4,2,7.26922,0.84135,2,-55.2818,-26.1173,1708,1088,184.99,157.49,9.51611e+11,0
evt_925,87,3,-1,4,2,10.2801,0.870168,1,-58.9413,-58.9413,2316,2316,187.49,187.49,9.51611e+11,0
evt_926,11,0,-1,2,2,1.48729,0.745881,1,-67.1037,-67.1037,2766,2766,202.49,202.49,9.5164e+11,0
evt_926,34,1,-1,2,2,0.816825,0.962764,1,-222.541,-222.541,10130,10130,279.99,279.99,9.5164e+11,0
evt_926,35,1,-1,2,2,-4.6051,1.5639,1,-66.7227,-66.7227,4245,4245,267.49,267.49,9.5164e+11,0
evt_926,82,3,-1,2,2,2.3192,1.62979,1,-235.273,-235.273,9999,9999,279.99,279.99,9.5164e+11,0
evt_926,83,3,-1,2,2,0.125551,0.678381,1,-119.142,-119.142,6272,6272,257.49,257.49,9.5164e+11,0
evt_927,6,0,-1,4,1,-0.0521869,1.10381,2,-591.512,-19.5591,29535,519,334.99,102.49,9.51707e+11,0
evt_927,7,0,-1,4,1,2.1604,0.740912,1,-210.981,-210.981,10588,10588,392.49,392.49,9.51707e+11,0
evt_927,38,1,-1,4,2,3.08136,1.24984,1,-76.2882,-76.2882,2697,2697,194.99,194.99,9.51707e+11,0
evt_927,48,2,-1,1,1,1.72387,0.95053,1,-906.611,-906.611,42207,42207,404.99,404.99,9.51707e+11,0
evt_927,49,2,-1,1,1,-0.188658,0.856022,3,-518.127,-26.7581,26898,871,372.49,129.99,9.51707e+11,0
evt_927,52,2,-1,3,1,2.6677,0.711209,1,-23.5275,-23.5275,266,266,77.49,77.49,9.51707e+11,0
evt_927,58,2,-1,2,2,-1.82461,0.770718,1,-21.2079,-21.2079,239,239,79.99,79.99,9.51707e+11,0
evt_927,59,2,-1,2,2,-1.82701,0.787992,1,-21.5412,-21.5412,250,250,77.49,77.49,9.51707e+11,0
evt_927,60,2,-1,3,2,2.23324,0.651162,1,-47.008,-47.008,577,577,92.49,92.49,9.51707e+11,0
evt_927,61,2,-1,3,2,0.820187,0.718932,1,-69.872,-69.872,899,899,89.99,89.99,9.51707e+11,0
evt_927,72,3,-1,1,1,-0.19954,0.777276,1,-291.231,-291.231,15293,15293,332.49,332.49,9.51707e+11,0
evt_927,73,3,-1,1,1,7.46489,1.34482,1,-169.465,-169.465,9998,9998,304.99,304.99,9.51707e+11,0
evt_927,74,3,-1,2,1,1.93236,0.980105,2,-148.229,-33.2032,6474,851,227.49,122.49,9.51707e+11,0
evt_927,75,3,-1,2,1,0.70329,0.727703,1,-86.2371,-86.2371,3873,3873,232.49,232.49,9.51707e+11,0
evt_927,82,3,-1,2,2,-7.82716,1.7634,2,-18.5243,-15.9727,512,249,102.49,54.99,9.51707e+11,0
evt_927,84,3,-1,3,2,5.69508,1.74906,2,-51.1302,-27.5015,1578,681,152.49,114.99,9.51707e+11,0
evt_927,85,3,-1,3,2,-34.07,4.59428,3,-351.625,-16.5333,16178,190,362.49,62.49,9.51707e+11,0
evt_928,4,0,-1,3,1,0.413484,0.946956,1,-976.307,-976.307,58649,58649,482.49,482.49,9.51723e+11,0
evt_928,5,0,-1,3,1,1.7212,0.951029,3,-972.994,-23.7896,52409,820,407.49,132.49,9.51723e+11,0
evt_928,52,2,-1,3,1,2.18559,0.845648,1,-175.72,-175.72,7782,7782,262.49,262.49,9.51723e+11,0
evt_928,53,2,-1,3,1,0.171668,0.621482,2,-131.268,-20.0892,4519,407,207.49,84.99,9.51723e+11,0
evt_928,76,3,-1,3,1,-0.0157647,0.907816,1,-361.123,-361.123,18823,18823,339.99,339.99,9.51723e+11,0
evt_928,77,3,-1,3,1,0.127174,0.692715,1,-465.694,-465.694,26749,26749,404.99,404.99,9.51723e+11,0
evt_928,93,3,-1,3,3,26.7381,1.46772,1,-22.1127,-22.1127,409,409,92.49,92.49,0,4.57951e+18
evt_929,10,0,-1,2,2,8.87215,1.12892,1,-32.0243,-32.0243,1009,1009,134.99,134.99,9.51764e+11,0
evt_929,11,0,-1,2,2,-4.49823,12.562,2,-71.5201,-19.9032,3765,329,252.49,79.99,9.51764e+11,0
evt_929,34,1,-1,2,2,14.5869,0.974027,2,-158.561,-38.7684,5436,959,209.99,127.49,9.51764e+11,0
evt_929,35,1,-1,2,2,22.5065,0.773192,1,-398.818,-398.818,16341,16341,267.49,267.49,9.51764e+11,0
evt_929,58,2,-1,2,2,1.9988,0.768963,2,-1250.42,-39.038,78308,1166,447.49,144.99,9.51764e+11,0
evt_929,59,2,-1,2,2,-0.212002,0.796021,2,-1250.5,-39.0398,77408,1162,409.99,139.99,9.51764e+11,0
evt_929,72,3,-1,1,1,-31.6736,1.74925,2,-94.5126,-17.194,25416,682,2184.99,117.49,9.51764e+11,0
evt_929,73,3,-1,1,1,3.27388,0.964917,1,-141.785,-141.785,6762,6762,267.49,267.49,9.51764e+11,0
evt_929,74,3,-1,2,1,-0.544826,1.07587,1,-16.8138,-16.8138,324,324,69.99,69.99,9.51764e+11,0
evt_929,76,3,-1,3,1,-9.15902,0.981593,1,-15.8104,-15.8104,236,236,54.99,54.99,9.51764e+11,0
evt_929,93,3,-1,3,3,-10.2221,1.14617,1,-16.05,-16.05,401,401,74.99,74.99,0,1.37456e+19
evt_930,9,0,-1,1,2,0.406763,0.8841,1,-65.4608,-65.4608,2023,2023,167.49,167.49,9.51781e+11,0
evt_930,28,1,-1,3,1,14.894,1.21955,1,-33.473,-33.473,777,777,114.99,114.99,9.51781e+11,0
evt_930,29,1,-1,3,1,10.9757,0.949853,1,-294.523,-294.523,11814,11814,259.99,259.99,9.51781e+11,0
evt_930,41,1,-1,1,3,31.5775,0.887235,1,-18.2241,-18.2241,338,338,79.99,79.99,9.51781e+11,0
evt_930,70,2,-1,4,3,4.15248,0.923556,2,-1250.46,-37.3879,85655,495,589.99,99.99,9.51781e+11,0
evt_930,71,2,-1,4,3,3.81672,1.04264,1,-1250.15,-1250.15,106319,106319,559.99,559.99,9.51781e+11,0
evt_930,74,3,-1,2,1,1.55678,1.13963,1,-120.818,-120.818,4885,4885,234.99,234.99,9.51781e+11,0
evt_930,75,3,-1,2,1,0.564762,0.889992,1,-135.268,-135.268,7353,7353,277.49,277.49,9.51781e+11,0
evt_930,76,3,-1,3,1,2.67825,1.25316,1,-15.3274,-15.3274,269,269,54.99,54.99,9.51781e+11,0
evt_931,12,0,-1,3,2,-0.729424,0.898813,1,-119.372,-119.372,5209,5209,252.49,252.49,9.51793e+11,0
evt_931,13,0,-1,3,2,0.388495,0.875304,1,-243.227,-243.227,11554,11554,292.49,292.49,9.51793e+11,0
evt_931,26,1,-1,2,1,-2.81486,1.64034,1,-154.058,-154.058,6468,6468,252.49,252.49,9.51793e+11,0
evt_931,27,1,-1,2,1,2.44524,0.891782,1,-123.944,-123.944,6961,6961,294.99,294.99,9.51793e+11,0
evt_931,56,2,-1,1,2,-0.354475,0.671122,1,-57.7659,-57.7659,2623,2623,209.99,209.99,9.51793e+11,0
evt_931,57,2,-1,1,2,0.55243,1.10514,1,-24.8566,-24.8566,684,684,114.99,114.99,9.51793e+11,0
evt_931,74,3,-1,2,1,0.878887,1.25376,1,-107.479,-107.479,3946,3946,214.99,214.99,9.51793e+11,0
evt_931,75,3,-1,2,1,-0.182552,0.788945,2,-146.933,-36.4866,8268,1500,354.99,174.99,9.51793e+11,0
evt_931,76,3,-1,3,1,-3.84649,1.5616,2,-18.3309,-15.2117,1138,310,187.49,57.49,9.51793e+11,0
evt_931,78,3,-1,4,1,9.62583,1.29055,2,-405.612,-115.979,20695,5229,324.99,244.99,9.51793e+11,0
evt_931,80,3,-1,1,2,-7.65767,1.01072,4,-22.3554,-17.677,2963,1124,447.49,189.99,9.51793e+11,0
evt_932,14,0,-1,4,2,-0.524103,0.898271,1,-133.15,-133.15,8326,8326,369.99,369.99,9.51813e+11,0
evt_932,15,0,-1,4,2,-0.299179,0.718745,1,-124.319,-124.319,5453,5453,247.49,247.49,9.51813e+11,0
evt_932,46,1,-1,4,3,27.3802,1.14406,2,-66.2237,-16.5847,2014,266,162.49,77.49,9.51813e+11,0
evt_932,47,1,-1,4,3,23.9297,0.806926,2,-81.5877,-43.9172,2202,1197,154.99,139.99,9.51813e+11,0
evt_932,52,2,-1,3,1,1.80147,1.36643,2,-1249.89,-485.179,63036,21519,317.49,297.49,9.51813e+11,0
evt_932,53,2,-1,3,1,0.72049,0.645485,2,-1014.97,-307.058,51983,13025,299.99,284.99,9.51813e+11,0
evt_932,78,3,-1,4,1,-10.635,1.08239,4,-23.6026,-15.4784,1750,406,237.49,77.49,9.51813e+11,0
evt_933,22,0,-1,4,3,1.39879,1.42334,2,-481.636,-24.7339,22768,958,382.49,144.99,9.51829e+11,0
evt_933,23,0,-1,4,3,0.669617,0.73321,1,-198.965,-198.965,11595,11595,307.49,307.49,9.51829e+11,0
evt_933,44,1,-1,3,3,2.62355,0.915284,1,-1250.43,-1250.43,76813,76813,392.49,392.49,9.51829e+11,0
evt_933,45,1,-1,3,3,1.98207,1.08373,1,-1170.99,-1170.99,63393,63393,379.99,379.99,9.51829e+11,0
evt_933,56,2,-1,1,2,-11.1267,1.56114,3,-20.3618,-15.5512,3329,541,537.49,99.99,9.51829e+11,0
evt_933,62,2,-1,4,2,-0.333731,0.610154,1,-80.9733,-80.9733,1107,1107,89.99,89.99,9.51829e+11,0
evt_933,63,2,-1,4,2,-4.29539,1.03377,1,-65.4075,-65.4075,809,809,87.49,87.49,9.51829e+11,0
evt_933,66,2,-1,2,3,1.88715,0.775635,1,-997.619,-997.619,46380,46380,342.49,342.49,9.51829e+11,0
evt_933,67,2,-1,2,3,-2.15433,0.632223,1,-713.242,-713.242,37522,37522,524.99,524.99,9.51829e+11,0
evt_933,88,3,-1,1,3,2.01429,0.874994,3,-1250.28,-22.2676,67171,381,362.49,97.49,1.49602e+14,1.10382e+12
evt_933,89,3,-1,1,3,-1.76581,0.808514,1,-1249.85,-1249.85,70500,70500,382.49,382.49,1.49602e+14,4.48709e+18
evt_934,72,3,-1,1,1,-14.667,0.841007,6,-31.4942,-16.2812,4302,429,472.49,77.49,9.5183e+11,0
evt_935,20,0,-1,3,3,1.07821,0.578009,2,-1250.35,-33.9308,70806,1106,379.99,142.49,9.51835e+11,0
evt_935,21,0,-1,3,3,-0.660001,0.788858,3,-1250.05,-17.9558,62994,414,377.49,82.49,9.51835e+11,0
evt_935,42,1,-1,2,3,-2.40742,1.2613,1,-70.5311,-70.5311,2939,2939,204.99,204.99,9.51835e+11,0
evt_935,44,1,-1,3,3,-1.76316,0.801705,2,-226.769,-62.6,11625,2057,297.49,169.99,9.51835e+11,0
evt_935,45,1,-1,3,3,0.0947864,0.74656,1,-59.3199,-59.3199,2108,2108,177.49,177.49,9.51835e+11,0
evt_935,47,1,-1,4,3,1.74613,1.06491,1,-212.434,-212.434,8358,8358,252.49,252.49,9.51835e+11,0
evt_935,50,2,-1,2,1,0.254017,0.764953,1,-28.3259,-28.3259,290,290,74.99,74.99,9.51835e+11,0
evt_935,51,2,-1,2,1,-1.06042,1.04048,1,-18.8748,-18.8748,136,136,59.99,59.99,9.51835e+11,0
evt_935,58,2,-1,2,2,3.03382,0.744743,1,-103.891,-103.891,4340,4340,224.99,224.99,9.51835e+11,0
evt_935,59,2,-1,2,2,-0.878856,0.535846,1,-73.3115,-73.3115,3219,3219,217.49,217.49,9.51835e+11,0
evt_935,78,3,-1,4,1,1.84851,0.947764,1,-15.0274,-15.0274,408,408,79.99,79.99,9.51835e+11,0
evt_935,82,3,-1,2,2,2.79899,1.28345,2,-668.093,-36.9425,33807,1138,369.99,142.49,9.51835e+11,0
evt_935,83,3,-1,2,2,-0.0937955,1.1656,3,-407.819,-29.6982,18296,968,314.99,134.99,9.51835e+11,0
evt_936,22,0,-1,4,3,3.40468,1.473,3,-37.4377,-26.0371,1338,808,164.99,127.49,9.51934e+11,0
evt_936,46,1,-1,4,3,25.9403,1.54828,2,-326.001,-15.0993,11569,92,229.99,54.99,9.51934e+11,0
evt_936,47,1,-1,4,3,-12.924,9.36539,3,-372.632,-20.8557,13340,303,237.49,82.49,9.51934e+11,0
evt_936,60,2,-1,3,2,-11.7749,0.594837,2,-21.5738,-20.8943,9961,5161,1507.49,832.49,9.51934e+11,0
evt_936,70,2,-1,4,3,3.05517,1.08379,4,-1250.35,-21.2355,103146,71,619.99,69.99,9.51934e+11,0
evt_936,71,2,-1,4,3,-0.501532,0.857495,3,-1250.2,-26.0309,137198,176,489.99,79.99,9.51934e+11,0
evt_936,83,3,-1,2,2,3.52885,0.849662,1,-38.3565,-38.3565,1393,1393,162.49,162.49,9.51934e+11,0
evt_937,18,0,-1,2,3,-0.0616473,0.99163,1,-104.344,-104.344,4035,4035,217.49,217.49,9.5194e+11,0
evt_937,19,0,-1,2,3,-0.00844759,0.904431,1,-175.224,-175.224,8481,8481,309.99,309.99,9.5194e+11,0
evt_937,42,1,-1,2,3,32.5556,4.30829,1,-17.3086,-17.3086,80,80,69.99,69.99,9.5194e+11,0
evt_937,43,1,-1,2,3,6.14267,3.70539,2,-169.657,-49.4868,4501,879,172.49,114.99,9.5194e+11,0
evt_937,90,3,-1,2,3,2.22747,1.01813,1,-113.646,-113.646,4580,4580,232.49,232.49,1.49602e+14,4.65083e+18
evt_937,91,3,-1,2,3,-1.81906,0.672,2,-271.568,-59.4736,13577,2291,304.99,184.99,0,4.61618e+18
evt_938,14,0,-1,4,2,1.70077,0.734864,2,-390.846,-17.7252,20845,383,344.99,84.99,9.52026e+11,0
evt_938,15,0,-1,4,2,1.39122,0.536787,1,-333.203,-333.203,18078,18078,444.99,444.99,9.52026e+11,0
evt_938,26,1,-1,2,1,-0.140847,1.11978,1,-103.055,-103.055,4518,4518,239.99,239.99,9.52026e+11,0
evt_938,27,1,-1,2,1,0.639245,0.888759,1,-57.3415,-57.3415,2437,2437,199.99,199.99,9.52026e+11,0
evt_938,42,1,-1,2,3,1.91406,0.80437,2,-1250.58,-28.0206,156340,607,617.49,77.49,9.52026e+11,0
evt_938,43,1,-1,2,3,1.16098,0.497208,2,-1250.35,-37.1719,128388,710,474.99,157.49,9.52026e+11,0
evt_938,50,2,-1,2,1,-1.27572,0.920358,2,-642.507,-16.316,31796,267,344.99,59.99,9.52026e+11,0
evt_938,51,2,-1,2,1,1.07477,0.676584,2,-437.981,-45.4438,23329,1704,357.49,169.99,9.52026e+11,0
evt_938,80,3,-1,1,2,0.868359,1.73228,1,-262.229,-262.229,13074,13074,309.99,309.99,9.52026e+11,0
evt_938,81,3,-1,1,2,0.216473,0.618165,1,-304.84,-304.84,14913,14913,314.99,314.99,9.52026e+11,0
evt_938,82,3,-1,2,2,-1.49703,1.15047,1,-208.241,-208.241,9459,9459,307.49,307.49,9.52026e+11,0
evt_938,83,3,-1,2,2,-0.637696,0.883526,1,-87.4941,-87.4941,3607,3607,219.99,219.99,9.52026e+11,0
evt_938,90,3,-1,2,3,-2.92825,0.860527,1,-43.1181,-43.1181,1524,1524,162.49,162.49,1.49602e+14,4.64982e+18
evt_938,93,3,-1,3,3,-11.1491,1.09895,1,-16.5081,-16.5081,438,438,82.49,82.49,0,4.6605e+18
evt_939,38,1,-1,4,2,0.363419,1.10759,1,-204.275,-204.275,10422,10422,297.49,297.49,9.52128e+11,0
evt_939,39,1,-1,4,2,0.831046,0.758182,1,-115.283,-115.283,5374,5374,329.99,329.99,9.52128e+11,0
evt_939,62,2,-1,4,2,0.982291,0.781822,2,-548.807,-22.6462,28225,547,394.99,109.99,9.52128e+11,0
evt_939,63,2,-1,4,2,7.237,0.74946,2,-953.812,-42.6644,61430,1470,452.49,164.99,9.52128e+11,0
evt_939,78,3,-1,4,1,-17.0676,1.35152,9,-28.6681,-15.1315,3214,243,419.99,42.49,9.52128e+11,0
evt_939,83,3,-1,2,2,-0.0735821,0.936879,1,-28.9375,-28.9375,1071,1071,147.49,147.49,9.52128e+11,0
evt_939,87,3,-1,4,2,-9.10332,0.734308,4,-20.0537,-15.5944,1322,390,199.99,72.49,9.52128e+11,0
evt_939,93,3,-1,3,3,0.533689,1.47539,5,-21.8073,-16.3241,1595,385,239.99,79.99,0,1.37293e+19
evt_940,60,2,-1,3,2,-0.00846912,0.648239,1,-28.5115,-28.5115,284,284,74.99,74.99,9.5223e+11,0
evt_940,61,2,-1,3,2,1.96858,0.891382,1,-59.4613,-59.4613,498,498,77.49,77.49,9.5223e+11,0
evt_940,72,3,-1,1,1,-4.31289,1.54326,1,-16.1313,-16.1313,446,446,87.49,87.49,9.5223e+11,0
evt_940,76,3,-1,3,1,-10.814,1.07529,7,-18.759,-15.7447,1574,291,267.49,54.99,9.5223e+11,0
evt_940,93,3,-1,3,3,-13.6105,0.803068,4,-22.303,-18.1114,1765,929,259.99,162.49,0,1.38907e+19
evt_941,1,0,-1,1,1,5.83896,0.721141,1,-27.9484,-27.9484,726,726,114.99,114.99,9.5224e+11,0
evt_941,10,0,-1,2,2,0.11427,1.0373,1,-29.2396,-29.2396,979,979,134.99,134.99,9.5224e+11,0
evt_941,11,0,-1,2,2,-0.029126,0.599325,1,-85.1612,-85.1612,3593,3593,222.49,222.49,9.5224e+11,0
evt_941,24,1,-1,1,1,2.26758,1.1495,1,-34.9988,-34.9988,1864,1864,257.49,257.49,9.5224e+11,0
evt_941,25,1,-1,1,1,-25.8988,5.98629,2,-150.326,-17.0803,8218,252,302.49,62.49,9.5224e+11,0
evt_941,35,1,-1,2,2,2.45433,1.04202,1,-42.6984,-42.6984,1591,1591,162.49,162.49,9.5224e+11,0
evt_941,42,1,-1,2,3,4.81887,1.01205,1,-75.5247,-75.5247,3046,3046,207.49,207.49,9.5224e+11,0
evt_941,56,2,-1,1,2,-1.14954,1.00682,1,-64.5848,-64.5848,2814,2814,212.49,212.49,9.5224e+11,0
evt_941,72,3,-1,1,1,-22.5143,0.710824,7,-28.0079,-16.4248,6950,562,839.99,102.49,9.5224e+11,0
evt_941,78,3,-1,4,1,-15.2087,6.78911,1,-16.7398,-16.7398,292,292,57.49,57.49,9.5224e+11,0
evt_941,79,3,-1,4,1,-10.5138,3.05441,1,-37.9726,-37.9726,1534,1534,174.99,174.99,9.5224e+11,0
evt_941,87,3,-1,4,2,-9.29112,5.78788,1,-41.5567,-41.5567,1823,1823,182.49,182.49,9.5224e+11,0
evt_941,93,3,-1,3,3,-11.6711,1.02086,2,-19.8242,-18.6036,973,847,162.49,142.49,0,4.59596e+18
evt_942,16,0,-1,1,3,34.1206,0.706752,2,-24.0931,-20.7036,385,295,92.49,82.49,9.5235e+11,0
evt_942,17,0,-1,1,3,39.8545,0.750495,2,-75.5299,-39.9152,1846,877,144.99,124.99,9.5235e+11,0
evt_942,35,1,-1,2,2,3.43115,0.882585,1,-43.1571,-43.1571,1903,1903,202.49,202.49,9.5235e+11,0
evt_942,50,2,-1,2,1,15.7871,0.970568,1,-23.0656,-23.0656,553,553,102.49,102.49,9.5235e+11,0
evt_942,51,2,-1,2,1,19.613,0.53598,1,-109.95,-109.95,3962,3962,199.99,199.99,9.5235e+11,0
evt_942,54,2,-1,4,1,1.67736,10.2728,1,-16.4696,-16.4696,256,256,64.99,64.99,9.5235e+11,0
evt_942,62,2,-1,4,2,2.09788,0.818173,1,-59.7427,-59.7427,623,623,84.99,84.99,9.5235e+11,0
evt_942,63,2,-1,4,2,-2.89555,0.82658,1,-53.6304,-53.6304,534,534,82.49,82.49,9.5235e+11,0
evt_942,76,3,-1,3,1,3.92569,0.744762,1,-37.6334,-37.6334,1647,1647,184.99,184.99,9.5235e+11,0
evt_942,92,3,-1,3,3,-3.22054,0.71731,1,-140.948,-140.948,6277,6277,257.49,257.49,0,1.38594e+19
evt_943,6,0,-1,4,1,1.82075,0.841575,1,-67.1015,-67.1015,2762,2762,204.99,204.99,9.52357e+11,0
evt_943,7,0,-1,4,1,1.47426,1.4043,1,-83.3849,-83.3849,3609,3609,229.99,229.99,9.52357e+11,0
evt_943,26,1,-1,2,1,-0.693324,1.16621,1,-256.514,-256.514,14429,14429,459.99,459.99,9.52357e+11,0
evt_943,27,1,-1,2,1,0.972944,0.793994,1,-287.805,-287.805,13575,13575,299.99,299.99,9.52357e+11,0
evt_943,28,1,-1,3,1,12.4638,1.30188,2,-85.2875,-54.5296,2826,2305,207.49,184.99,9.52357e+11,0
evt_943,34,1,-1,2,2,2.25492,1.15095,2,-1250.58,-399.479,94884,15032,452.49,249.99,9.52357e+11,0
evt_943,35,1,-1,2,2,-1.16384,0.821727,1,-1250.19,-1250.19,100815,100815,437.49,437.49,9.52357e+11,0
evt_943,45,1,-1,3,3,0.840152,0.922331,1,-35.8374,-35.8374,1223,1223,149.99,149.99,9.52357e+11,0
evt_943,57,2,-1,1,2,-5.10782,0.735599,1,-24.9444,-24.9444,457,457,82.49,82.49,9.52357e+11,0
evt_943,60,2,-1,3,2,1.45236,0.720233,1,-1250.06,-1250.06,56230,56230,454.99,454.99,9.52357e+11,0
evt_943,61,2,-1,3,2,-0.513705,0.64733,2,-1250.08,-29.2419,72944,877,419.99,102.49,9.52357e+11,0
evt_943,68,2,-1,3,3,-1234.24,40.8117,4,-1089.55,-27.9876,22435,898,267.49,117.49,9.52357e+11,0
evt_943,69,2,-1,3,3,-949.458,245.191,4,-606.321,-18.4536,14436,301,229.99,79.99,9.52357e+11,0
evt_943,92,3,-1,3,3,-0.924992,0.909025,1,-105.833,-105.833,4821,4821,242.49,242.49,0,4.55026e+18
evt_943,93,3,-1,3,3,13.8476,0.945863,1,-19.4066,-19.4066,560,560,104.99,104.99,0,4.60697e+18
evt_944,6,0,-1,4,1,0.0109058,1.10697,2,-1250,-180.534,115820,5673,632.49,189.99,9.52403e+11,0
evt_944,7,0,-1,4,1,-1.69576,1.34582,1,-1250.22,-1250.22,77717,77717,389.99,389.99,9.52403e+11,0
evt_944,20,0,-1,3,3,-0.0457934,0.711217,1,-946.527,-946.527,51900,51900,414.99,414.99,9.52403e+11,0
evt_944,21,0,-1,3,3,-0.26295,0.578988,2,-1108.45,-24.3624,62883,137,382.49,17.49,9.52403e+11,0
evt_944,27,1,-1,2,1,-0.883442,1.07298,1,-47.9661,-47.9661,2106,2106,197.49,197.49,9.52403e+11,0
evt_944,50,2,-1,2,1,-1.19183,1.00985,1,-623.535,-623.535,32331,32331,352.49,352.49,9.52403e+11,0
evt_944,51,2,-1,2,1,-1.49662,0.671833,2,-655.589,-37.173,33245,1370,354.99,157.49,9.52403e+11,0
evt_944,74,3,-1,2,1,2.07264,0.906513,2,-1250.12,-28.3646,74926,488,374.99,99.99,9.52403e+11,0
evt_944,75,3,-1,2,1,0.727996,0.747156,2,-1005.81,-55.0531,62285,2414,432.49,234.99,9.52403e+11,0
evt_945,6,0,-1,4,1,0.151404,0.824553,1,-185.373,-185.373,10381,10381,299.99,299.99,9.52413e+11,0
evt_945,7,0,-1,4,1,-2.50837,1.08498,1,-28.2234,-28.2234,962,962,142.49,142.49,9.52413e+11,0
evt_945,19,0,-1,2,3,32.437,1.11055,3,-95.5762,-38.167,2302,778,152.49,109.99,9.52413e+11,0
evt_945,28,1,-1,3,1,1.32893,0.755305,2,-57.5698,-29.8901,1915,1000,167.49,144.99,9.52413e+11,0
evt_945,29,1,-1,3,1,0.811767,1.04462,2,-47.8884,-42.9281,1790,1673,174.99,174.99,9.52413e+11,0
evt_945,30,1,-1,4,1,1.40373,2.17019,1,-149.065,-149.065,5592,5592,232.49,232.49,9.52413e+11,0
evt_945,31,1,-1,4,1,1.2799,0.635746,1,-19.0224,-19.0224,414,414,82.49,82.49,9.52413e+11,0
evt_945,54,2,-1,4,1,15.475,0.711322,2,-43.9206,-28.5546,813,435,114.99,94.99,9.52413e+11,0
evt_946,16,0,-1,1,3,-1.42083,1.02453,2,-531.377,-40.2653,21953,1359,302.49,152.49,9.52516e+11,0
evt_946,17,0,-1,1,3,0.427101,0.760331,1,-281.094,-281.094,14107,14107,312.49,312.49,9.52516e+11,0
evt_946,38,1,-1,4,2,3.39694,0.822754,1,-150.746,-150.746,5898,5898,242.49,242.49,9.52516e+11,0
evt_946,39,1,-1,4,2,3.68217,1.88012,1,-54.4032,-54.4032,2054,2054,182.49,182.49,9.52516e+11,0
evt_946,58,2,-1,2,2,-0.62301,0.792422,1,-702.411,-702.411,39193,39193,447.49,447.49,9.52516e+11,0
evt_946,59,2,-1,2,2,0.58336,0.872565,2,-299.851,-89.8394,21910,561,494.99,27.49,9.52516e+11,0
evt_946,72,3,-1,1,1,-15.1235,2.66236,5,-23.3708,-15.8617,1216,350,187.49,64.99,9.52516e+11,0
evt_946,75,3,-1,2,1,-34.2286,9.46835,2,-46.9701,-22.0035,1813,330,177.49,69.99,9.52516e+11,0
evt_946,76,3,-1,3,1,-4.94151,1.00243,1,-16.9293,-16.9293,446,446,84.99,84.99,9.52516e+11,0
evt_946,84,3,-1,3,2,25.1261,0.968587,2,-36.9424,-15.5917,994,221,129.99,64.99,9.52516e+11,0
evt_946,85,3,-1,3,2,14.0347,0.865756,1,-18.4722,-18.4722,282,282,72.49,72.49,9.52516e+11,0
evt_946,86,3,-1,4,2,27.1687,0.931735,1,-25.6963,-25.6963,393,393,92.49,92.49,9.52516e+11,0
evt_947,10,0,-1,2,2,49.223,1.06461,5,-214.452,-25.3914,7048,301,199.99,94.99,9.52522e+11,0
evt_947,11,0,-1,2,2,-2.69214,30.9546,2,-84.701,-81.8966,1878,1864,154.99,137.49,9.52522e+11,0
evt_947,34,1,-1,2,2,24.7715,1.02267,1,-191.652,-191.652,6370,6370,207.49,207.49,9.52522e+11,0
evt_947,35,1,-1,2,2,32.7571,1.03983,2,-56.1282,-54.5162,3582,1527,299.99,147.49,9.52522e+11,0
evt_947,58,2,-1,2,2,4.1482,8.52106,1,-471.303,-471.303,17850,17850,244.99,244.99,9.52522e+11,0
evt_947,59,2,-1,2,2,49.0649,0.885141,1,-615.459,-615.459,25423,25423,272.49,272.49,9.52522e+11,0
evt_947,60,2,-1,3,2,-0.417946,0.599976,1,-47.4253,-47.4253,586,586,87.49,87.49,9.52522e+11,0
evt_947,61,2,-1,3,2,0.084698,0.859049,1,-71.9837,-71.9837,888,888,87.49,87.49,9.52522e+11,0
evt_947,67,2,-1,2,3,0.0315744,0.588846,1,-77.1661,-77.1661,3162,3162,209.99,209.99,9.52522e+11,0
evt_947,89,3,-1,1,3,10.9423,0.832747,1,-22.9512,-22.9512,609,609,107.49,107.49,1.49602e+14,4.655e+18
evt_948,4,0,-1,3,1,0.0783961,0.674775,1,-539.851,-539.851,28601,28601,372.49,372.49,9.5255e+11,0
evt_948,5,0,-1,3,1,-0.224271,0.97677,1,-676.07,-676.07,32489,32489,342.49,342.49,9.5255e+11,0
evt_948,7,0,-1,4,1,-10.5008,0.856704,1,-15.8967,-15.8967,503,503,89.99,89.99,9.5255e+11,0
evt_948,24,1,-1,1,1,1.78912,1.14239,1,-243.623,-243.623,13465,13465,394.99,394.99,9.5255e+11,0
evt_948,25,1,-1,1,1,-1.59949,0.746391,1,-428.41,-428.41,21260,21260,329.99,329.99,9.5255e+11,0
evt_948,56,2,-1,1,2,-23.0504,1.01283,2,-25.8493,-16.7363,18595,186,2432.49,29.99,9.5255e+11,0
evt_948,72,3,-1,1,1,6.46733,0.989402,1,-222.007,-222.007,11036,11036,284.99,284.99,9.5255e+11,0
evt_948,73,3,-1,1,1,0.0673499,1.04711,1,-68.4285,-68.4285,3820,3820,254.99,254.99,9.5255e+11,0
evt_948,90,3,-1,2,3,5.19279,0.979234,1,-668.676,-668.676,31157,31157,404.99,404.99,1.49602e+14,4.58084e+18
evt_948,91,3,-1,2,3,2.35284,1.39533,2,-1099.76,-343.392,52784,13519,367.49,269.99,0,1.37655e+19
evt_949,4,0,-1,3,1,-0.320033,0.978905,1,-1250.19,-1250.19,77360,77360,417.49,417.49,9.5258e+11,0
evt_949,5,0,-1,3,1,-1.51018,1.13758,2,-1243.07,-128.482,86988,3674,389.99,174.99,9.5258e+11,0
evt_949,28,1,-1,3,1,-2.41477,0.898622,1,-221.873,-221.873,8047,8047,242.49,242.49,9.5258e+11,0
evt_949,29,1,-1,3,1,-1.35456,0.675795,1,-46.5566,-46.5566,1892,1892,187.49,187.49,9.5258e+11,0
evt_949,52,2,-1,3,1,2.09279,1.01277,1,-242.017,-242.017,14139,14139,387.49,387.49,9.5258e+11,0
evt_949,53,2,-1,3,1,0.0237172,0.738106,1,-468.708,-468.708,21019,21019,367.49,367.49,9.5258e+11,0
evt_949,54,2,-1,4,1,-1.04521,0.960735,1,-17.003,-17.003,186,186,64.99,64.99,9.5258e+11,0
evt_949,82,3,-1,2,2,-3.45443,1.79552,3,-1250.39,-23.9398,121995,57,639.99,82.49,9.5258e+11,0
evt_949,83,3,-1,2,2,0.358635,0.823501,2,-1250.27,-26.5727,102033,443,409.99,109.99,9.5258e+11,0
evt_950,7,0,-1,4,1,-8.75287,0.959479,1,-15.7445,-15.7445,637,637,117.49,117.49,9.5263e+11,0
evt_950,52,2,-1,3,1,-0.604423,0.826361,1,-27.3931,-27.3931,292,292,77.49,77.49,9.5263e+11,0
evt_950,53,2,-1,3,1,-0.943871,0.994286,1,-32.3535,-32.3535,254,254,77.49,77.49,9.5263e+11,0
evt_950,62,2,-1,4,2,-2.15944,0.915314,1,-50.9102,-50.9102,376,376,67.49,67.49,9.5263e+11,0
evt_950,63,2,-1,4,2,1.06537,0.805136,1,-66.952,-66.952,394,394,67.49,67.49,9.5263e+11,0
evt_951,12,0,-1,3,2,3.22045,0.783972,1,-155.896,-155.896,8255,8255,317.49,317.49,9.52688e+11,0
evt_951,13,0,-1,3,2,0.0481536,0.766768,2,-638.021,-580.607,29688,28900,344.99,317.49,9.52688e+11,0
evt_951,34,1,-1,2,2,3.39402,1.01824,2,-162.381,-64.2898,7415,499,267.49,29.99,9.52688e+11,0
evt_951,35,1,-1,2,2,1.5393,1.01123,2,-100.344,-28.4762,4401,967,239.99,144.99,9.52688e+11,0
evt_951,54,2,-1,4,1,1.35364,1.05427,1,-63.2113,-63.2113,594,594,79.99,79.99,9.52688e+11,0
evt_951,55,2,-1,4,1,-0.461031,0.71179,1,-58.6041,-58.6041,541,541,74.99,74.99,9.52688e+11,0
evt_951,58,2,-1,2,2,3.50714,0.636426,1,-281.513,-281.513,12217,12217,279.99,279.99,9.52688e+11,0
evt_951,59,2,-1,2,2,1.55426,0.638122,1,-244.457,-244.457,13568,13568,324.99,324.99,9.52688e+11,0
evt_951,82,3,-1,2,2,0.0274552,1.90905,1,-336.024,-336.024,17184,17184,394.99,394.99,9.52688e+11,0
evt_951,83,3,-1,2,2,3.32055,0.811618,1,-321.279,-321.279,14393,14393,289.99,289.99,9.52688e+11,0
evt_952,2,0,-1,2,1,20.959,1.01231,1,-24.5904,-24.5904,517,517,97.49,97.49,9.52709e+11,0
evt_952,12,0,-1,3,2,4.72433,0.810979,2,-1250.65,-76.0142,114154,2804,624.99,217.49,9.52709e+11,0
evt_952,13,0,-1,3,2,-1.17278,0.721057,2,-1250.16,-49.7545,121254,1387,492.49,167.49,9.52709e+11,0
evt_952,36,1,-1,3,2,1.52881,0.907673,1,-656.934,-656.934,29473,29473,327.49,327.49,9.52709e+11,0
evt_952,37,1,-1,3,2,0.644952,0.649648,2,-1123.6,-78.3109,55349,3658,479.99,239.99,9.52709e+11,0
evt_952,52,2,-1,3,1,-1.34022,0.740621,1,-29.5416,-29.5416,287,287,62.49,62.49,9.52709e+11,0
evt_952,53,2,-1,3,1,-2.3289,0.686929,1,-17.9594,-17.9594,236,236,67.49,67.49,9.52709e+11,0
evt_952,61,2,-1,3,2,5.40921,0.725382,1,-63.862,-63.862,2018,2018,169.99,169.99,9.52709e+11,0
evt_953,0,0,-1,1,1,1.17291,0.723218,1,-236.146,-236.146,10040,10040,279.99,279.99,9.5274e+11,0
evt_953,1,0,-1,1,1,1.072,1.29675,1,-269.351,-269.351,10170,10170,257.49,257.49,9.5274e+11,0
evt_953,24,1,-1,1,1,1.49841,1.58246,2,-406.757,-35.1961,18087,1016,302.49,132.49,9.5274e+11,0
evt_953,25,1,-1,1,1,0.0142245,0.998706,1,-349.837,-349.837,17039,17039,314.99,314.99,9.5274e+11,0
evt_953,56,2,-1,1,2,-14.4613,1.76436,4,-24.8578,-17.2306,6285,638,904.99,117.49,9.5274e+11,0
evt_953,59,2,-1,2,2,1.72897,0.831326,1,-44.9877,-44.9877,1787,1787,182.49,182.49,9.5274e+11,0
evt_953,72,3,-1,1,1,-8.64434,0.842021,6,-27.9449,-15.5172,5161,292,702.49,54.99,9.5274e+11,0
evt_954,22,0,-1,4,3,4.71068,1.26529,1,-54.405,-54.405,1777,1777,159.99,159.99,9.52796e+11,0
evt_954,23,0,-1,4,3,1.81438,0.654666,1,-28.245,-28.245,798,798,119.99,119.99,9.52796e+11,0
evt_954,46,1,-1,4,3,1.41659,1.56602,1,-1250.39,-1250.39,82856,82856,407.49,407.49,9.52796e+11,0
evt_954,47,1,-1,4,3,3.08583,1.29073,1,-1250,-1250,81075,81075,582.49,582.49,9.52796e+11,0
evt_954,60,2,-1,3,2,1.85562,0.748226,1,-27.3333,-27.3333,822,822,122.49,122.49,9.52796e+11,0
evt_954,61,2,-1,3,2,2.01769,1.27385,2,-90.7389,-59.2083,3385,2044,212.49,182.49,9.52796e+11,0
evt_954,70,2,-1,4,3,2.85938,0.818751,1,-46.7479,-46.7479,2209,2209,262.49,262.49,9.52796e+11,0
evt_954,78,3,-1,4,1,-0.0480888,1.04952,1,-16.3929,-16.3929,471,471,92.49,92.49,9.52796e+11,0
evt_954,84,3,-1,3,2,0.558898,0.920852,1,-471.763,-471.763,26201,26201,349.99,349.99,9.52796e+11,0
evt_954,85,3,-1,3,2,-2.50198,0.634671,2,-228.148,-26.268,8710,717,254.99,114.99,9.52796e+11,0
evt_954,91,3,-1,2,3,-2.01446,0.885973,1,-202.21,-202.21,9767,9767,302.49,302.49,0,1.37099e+19
evt_954,93,3,-1,3,3,-3.30135,1.53835,5,-19.6346,-15.4361,1188,281,202.49,57.49,0,1.36261e+19
evt_955,20,0,-1,3,3,-1.62329,0.809712,2,-256.087,-49.3714,11421,1244,287.49,79.99,9.52945e+11,0
evt_955,21,0,-1,3,3,-3.2281,0.60541,1,-152.198,-152.198,7665,7665,279.99,279.99,9.52945e+11,0
evt_955,34,1,-1,2,2,0.408981,0.753329,1,-163.437,-163.437,6551,6551,244.99,244.99,9.52945e+11,0
evt_955,35,1,-1,2,2,-1.37824,0.819691,1,-391.924,-391.924,17460,17460,299.99,299.99,9.52945e+11,0
evt_955,52,2,-1,3,1,0.811375,1.14939,1,-600.965,-600.965,29550,29550,339.99,339.99,9.52945e+11,0
evt_955,53,2,-1,3,1,1.87647,0.900533,1,-647.553,-647.553,29184,29184,327.49,327.49,9.52945e+11,0
evt_955,54,2,-1,4,1,0.179388,0.774312,1,-22.7625,-22.7625,264,264,79.99,79.99,9.52945e+11,0
evt_955,90,3,-1,2,3,-0.773014,0.977881,1,-288.645,-288.645,12967,12967,284.99,284.99,1.49602e+14,1.38533e+19
evt_955,91,3,-1,2,3,1.56646,1.06142,1,-350.225,-350.225,17630,17630,319.99,319.99,0,1.38581e+19
evt_956,30,1,-1,4,1,2.41323,1.07938,1,-94.0173,-94.0173,3359,3359,204.99,204.99,9.52954e+11,0
evt_956,31,1,-1,4,1,0.383069,0.968008,1,-41.5971,-41.5971,1629,1629,172.49,172.49,9.52954e+11,0
evt_956,37,1,-1,3,2,-0.797207,0.975331,1,-64.7734,-64.7734,2574,2574,204.99,204.99,9.52954e+11,0
evt_956,58,2,-1,2,2,-1.13171,0.767009,1,-715.681,-715.681,35611,35611,249.99,249.99,9.52954e+11,0
evt_956,59,2,-1,2,2,-1.57195,1.02445,1,-357.422,-357.422,17598,17598,242.49,242.49,9.52954e+11,0
evt_956,60,2,-1,3,2,-1.51126,2.87159,1,-37.2013,-37.2013,990,990,124.99,124.99,9.52954e+11,0
evt_956,61,2,-1,3,2,9.42711,1.00374,1,-26.5739,-26.5739,625,625,104.99,104.99,9.52954e+11,0
evt_956,66,2,-1,2,3,-3.80657,0.868461,1,-92.035,-92.035,3843,3843,227.49,227.49,9.52954e+11,0
evt_956,67,2,-1,2,3,-1.24695,0.783314,1,-128.097,-128.097,5813,5813,244.99,244.99,9.52954e+11,0
evt_956,84,3,-1,3,2,-1.07512,0.693773,1,-34.4165,-34.4165,1349,1349,167.49,167.49,9.52954e+11,0
evt_957,8,0,-1,1,2,31.4742,0.956523,1,-28.0581,-28.0581,315,315,87.49,87.49,9.5303e+11,0
evt_957,9,0,-1,1,2,10.8777,0.789195,1,-16.2409,-16.2409,147,147,24.99,24.99,9.5303e+11,0
evt_957,16,0,-1,1,3,16.2643,2.53482,1,-101.148,-101.148,4256,4256,274.99,274.99,9.5303e+11,0
evt_957,19,0,-1,2,3,10.4184,0.607152,1,-251.206,-251.206,8645,8645,229.99,229.99,9.5303e+11,0
evt_957,35,1,-1,2,2,1.30338,0.812824,1,-44.6546,-44.6546,1698,1698,172.49,172.49,9.5303e+11,0
evt_957,52,2,-1,3,1,0.283195,0.754314,1,-38.4259,-38.4259,365,365,79.99,79.99,9.5303e+11,0
evt_957,53,2,-1,3,1,1.55125,0.775629,1,-66.55,-66.55,652,652,79.99,79.99,9.5303e+11,0
evt_958,6,0,-1,4,1,-3.41837,0.829392,2,-1250.19,-167.18,102702,7134,439.99,272.49,9.5306e+11,0
evt_958,7,0,-1,4,1,1.39609,0.736081,2,-1250.31,-30.8427,102658,661,544.99,99.99,9.5306e+11,0
evt_958,30,1,-1,4,1,-2.87934,1.08938,1,-1250.31,-1250.31,97467,97467,502.49,502.49,9.5306e+11,0
evt_958,31,1,-1,4,1,0.389657,0.792973,1,-1230.79,-1230.79,67928,67928,507.49,507.49,9.5306e+11,0
evt_958,42,1,-1,2,3,9.12785,0.817362,1,-19.2128,-19.2128,477,477,97.49,97.49,9.5306e+11,0
evt_958,43,1,-1,2,3,2.3198,0.760976,1,-30.8809,-30.8809,1009,1009,134.99,134.99,9.5306e+11,0
evt_958,54,2,-1,4,1,0.494322,1.08851,2,-610.418,-64.7343,27171,2074,322.49,212.49,9.5306e+11,0
evt_958,55,2,-1,4,1,7.86644,0.816539,2,-784.306,-39.3093,49867,983,409.99,124.99,9.5306e+11,0
evt_959,6,0,-1,4,1,9.3184,1.10889,1,-23.0663,-23.0663,897,897,142.49,142.49,9.53213e+11,0
evt_959,7,0,-1,4,1,8.58354,1.15125,1,-16.9264,-16.9264,286,286,67.49,67.49,9.53213e+11,0
evt_959,20,0,-1,3,3,78.459,1.02781,2,-67.63,-24.7094,1244,49,129.99,84.99,9.53213e+11,0
evt_959,21,0,-1,3,3,10.8591,5.94403,1,-69.6518,-69.6518,1522,1522,142.49,142.49,9.53213e+11,0
evt_959,40,1,-1,1,3,-0.976422,0.965586,2,-348.466,-61.4587,15150,2231,297.49,177.49,9.53213e+11,0
evt_959,41,1,-1,1,3,1.86785,0.888046,2,-111.858,-43.3089,6092,1649,284.99,169.99,9.53213e+11,0
evt_959,42,1,-1,2,3,5.7567,0.925569,1,-167.789,-167.789,7092,7092,252.49,252.49,9.53213e+11,0
evt_959,43,1,-1,2,3,0.301,0.754885,3,-70.569,-23.3394,2790,706,202.49,114.99,9.53213e+11,0
evt_959,54,2,-1,4,1,3.1598,0.856709,1,-29.8825,-29.8825,261,261,64.99,64.99,9.53213e+11,0
evt_959,55,2,-1,4,1,-1.07553,0.794544,1,-30.88,-30.88,240,240,62.49,62.49,9.53213e+11,0
evt_959,65,2,-1,1,3,-2.9607,1.02143,1,-42.6238,-42.6238,1567,1567,164.99,164.99,9.53213e+11,0
evt_959,80,3,-1,1,2,11.0372,1.61203,1,-23.6605,-23.6605,943,943,147.49,147.49,9.53213e+11,0
evt_959,81,3,-1,1,2,-2.73938,1.61141,1,-41.8567,-41.8567,1674,1674,174.99,174.99,9.53213e+11,0
evt_960,10,0,-1,2,2,-1.2904,0.919568,1,-210.333,-210.333,9147,9147,279.99,279.99,9.53262e+11,0
evt_960,11,0,-1,2,2,-1.3883,0.679615,1,-195.012,-195.012,8658,8658,274.99,274.99,9.53262e+11,0
evt_960,40,1,-1,1,3,3.31246,0.813942,1,-134.009,-134.009,6705,6705,264.99,264.99,9.53262e+11,0
evt_960,41,1,-1,1,3,-0.157291,0.720819,1,-58.6369,-58.6369,2403,2403,194.99,194.99,9.53262e+11,0
evt_960,53,2,-1,3,1,27.6341,1.0262,1,-31.9921,-31.9921,594,594,107.49,107.49,9.53262e+11,0
evt_960,55,2,-1,4,1,0.347945,0.755574,1,-15.9371,-15.9371,115,115,59.99,59.99,9.53262e+11,0
evt_960,72,3,-1,1,1,-24.8952,0.929077,4,-1250.12,-18.1616,95212,438,1172.49,77.49,9.53262e+11,0
evt_960,73,3,-1,1,1,-1.23655,0.739512,3,-1249.82,-24.5917,86068,573,392.49,107.49,9.53262e+11,0
evt_960,74,3,-1,2,1,22.7348,1.06527,2,-21.8828,-16.9666,327,222,84.99,69.99,9.53262e+11,0
evt_960,76,3,-1,3,1,-6.23772,1.33725,2,-17.7302,-17.4644,1108,178,192.49,27.49,9.53262e+11,0
evt_960,78,3,-1,4,1,-3.37159,0.909357,1,-15.9359,-15.9359,279,279,57.49,57.49,9.53262e+11,0
evt_960,94,3,-1,4,3,0.489297,0.72405,1,-54.1089,-54.1089,2231,2231,194.99,194.99,4.38087e+11,1.3909e+19
evt_961,6,0,-1,4,1,1.17157,1.08735,2,-341.045,-45.5608,15253,1662,294.99,167.49,9.53352e+11,0
evt_961,7,0,-1,4,1,2.03335,0.875885,1,-163.859,-163.859,7706,7706,277.49,277.49,9.53352e+11,0
evt_961,36,1,-1,3,2,1.43355,0.994111,2,-895.458,-41.7475,50271,1351,372.49,154.99,9.53352e+11,0
evt_961,37,1,-1,3,2,1.74265,0.649846,1,-1244.67,-1244.67,73901,73901,704.99,704.99,9.53352e+11,0
evt_961,50,2,-1,2,1,0.156177,0.947623,2,-1217.64,-22.3896,84041,621,427.49,102.49,9.53352e+11,0
evt_961,51,2,-1,2,1,-0.0555581,0.770088,2,-1249.85,-24.3994,70896,602,459.99,107.49,9.53352e+11,0
evt_961,72,3,-1,1,1,-11.6834,0.887913,5,-24.3743,-18.7577,6721,871,937.49,119.99,9.53352e+11,0
evt_961,74,3,-1,2,1,-26.2525,14.3365,1,-22.535,-22.535,441,441,99.99,99.99,9.53352e+11,0
evt_961,75,3,-1,2,1,-38.9667,9.25771,2,-35.417,-23.9881,1108,292,142.49,69.99,9.53352e+11,0
evt_962,12,0,-1,3,2,3.71371,0.702237,2,-766.621,-33.0593,36277,1057,359.99,137.49,9.53363e+11,0
evt_962,13,0,-1,3,2,1.64119,0.779729,2,-1250.61,-30.8036,64889,787,374.99,124.99,9.53363e+11,0
evt_962,20,0,-1,3,3,19.022,1.12771,2,-36.486,-17.5739,839,282,124.99,74.99,9.53363e+11,0
evt_962,21,0,-1,3,3,16.6224,1.55648,1,-22.3795,-22.3795,489,489,102.49,102.49,9.53363e+11,0
evt_962,36,1,-1,3,2,2.02166,0.930338,1,-104.77,-104.77,5294,5294,257.49,257.49,9.53363e+11,0
evt_962,37,1,-1,3,2,-2.6141,1.02909,1,-147.81,-147.81,5925,5925,242.49,242.49,9.53363e+11,0
evt_962,59,2,-1,2,2,-0.214346,0.562463,1,-19.2355,-19.2355,208,208,74.99,74.99,9.53363e+11,0
evt_962,64,2,-1,1,3,0.368363,1.43674,3,-1135.34,-18.908,58259,354,549.99,82.49,9.53363e+11,0
evt_962,65,2,-1,1,3,-0.952667,0.818729,3,-1250.08,-40.648,84807,833,412.49,119.99,9.53363e+11,0
evt_962,66,2,-1,2,3,1.40858,0.972932,1,-131.302,-131.302,5194,5194,239.99,239.99,9.53363e+11,0
evt_962,67,2,-1,2,3,-0.185242,0.769605,1,-62.5994,-62.5994,2754,2754,209.99,209.99,9.53363e+11,0
evt_962,72,3,-1,1,1,-14.6527,0.723188,5,-29.28,-20.5112,5765,792,807.49,127.49,9.53363e+11,0
evt_962,78,3,-1,4,1,-13.6545,1.92975,2,-17.3444,-16.2777,605,280,107.49,59.99,9.53363e+11,0
evt_963,22,0,-1,4,3,-0.531927,1.00308,1,-1250.31,-1250.31,74475,74475,392.49,392.49,9.53398e+11,0
evt_963,23,0,-1,4,3,-0.659426,0.767232,1,-1248.54,-1248.54,78709,78709,382.49,382.49,9.53398e+11,0
evt_963,40,1,-1,1,3,-1.97274,1.03189,2,-1067.12,-35.9503,56763,953,422.49,124.99,9.53398e+11,0
evt_963,41,1,-1,1,3,-0.30918,0.839782,1,-1090.93,-1090.93,58596,58596,394.99,394.99,9.53398e+11,0
evt_963,50,2,-1,2,1,-16.4495,4.92723,4,-181.133,-32.2539,6688,699,212.49,114.99,9.53398e+11,0
evt_963,51,2,-1,2,1,21.1149,1.03869,1,-26.1149,-26.1149,542,542,102.49,102.49,9.53398e+11,0
evt_963,64,2,-1,1,3,-3.27894,0.752406,5,-1250.08,-19.5202,75031,370,392.49,84.99,9.53398e+11,0
evt_963,65,2,-1,1,3,-3.28821,0.854285,3,-1250.42,-22.2646,92341,305,447.49,84.99,9.53398e+11,0
evt_963,83,3,-1,2,2,11.6462,0.737084,1,-44.1488,-44.1488,1282,1282,139.99,139.99,9.53398e+11,0
evt_963,93,3,-1,3,3,-7.4787,0.740543,2,-16.6593,-16.051,609,312,109.99,59.99,0,4.61823e+18
evt_964,9,0,-1,1,2,2.18795,0.596096,1,-25.4291,-25.4291,657,657,104.99,104.99,9.5343e+11,0
evt_964,62,2,-1,4,2,0.670457,1.00804,1,-64.8899,-64.8899,789,789,87.49,87.49,9.5343e+11,0
evt_964,63,2,-1,4,2,-2.12753,1.10536,1,-60.8222,-60.8222,707,707,84.99,84.99,9.5343e+11,0
evt_964,74,3,-1,2,1,12.0242,0.871674,1,-20.0942,-20.0942,320,320,82.49,82.49,9.5343e+11,0
evt_964,75,3,-1,2,1,-1.67885,2.79368,3,-33.094,-18.0319,1113,334,144.99,67.49,9.5343e+11,0
evt_965,16,0,-1,1,3,6.59934,0.74802,1,-33.1692,-33.1692,1082,1082,142.49,142.49,9.53493e+11,0
evt_965,18,0,-1,2,3,-0.758211,0.764418,1,-119.952,-119.952,4708,4708,232.49,232.49,9.53493e+11,0
evt_965,19,0,-1,2,3,0.60734,0.893619,1,-34.3865,-34.3865,1064,1064,139.99,139.99,9.53493e+11,0
evt_965,38,1,-1,4,2,-0.679509,0.756347,1,-163.366,-163.366,8272,8272,277.49,277.49,9.53493e+11,0
evt_965,39,1,-1,4,2,1.51136,0.82747,1,-153.875,-153.875,9668,9668,319.99,319.99,9.53493e+11,0
evt_965,62,2,-1,4,2,4.26616,0.908611,1,-58.0686,-58.0686,2522,2522,207.49,207.49,9.53493e+11,0
evt_965,63,2,-1,4,2,3.01605,0.879132,1,-52.079,-52.079,2158,2158,197.49,197.49,9.53493e+11,0
evt_965,93,3,-1,3,3,-4.91054,1.51792,3,-18.9864,-17.7684,1841,591,297.49,104.99,0,1.37792e+19
evt_966,7,0,-1,4,1,-6.28173,2.60905,1,-58.9447,-58.9447,2775,2775,214.99,214.99,9.53569e+11,0
evt_966,30,1,-1,4,1,2.77795,1.65141,1,-51.2394,-51.2394,1460,1460,147.49,147.49,9.53569e+11,0
evt_966,35,1,-1,2,2,-2.42222,0.790857,1,-35.4586,-35.4586,1283,1283,152.49,152.49,9.53569e+11,0
evt_966,48,2,-1,1,1,-4.48917,1.14091,1,-102.522,-102.522,5707,5707,274.99,274.99,9.53569e+11,0
evt_966,49,2,-1,1,1,0.165695,0.721446,1,-102.551,-102.551,4766,4766,252.49,252.49,9.53569e+11,0
evt_966,52,2,-1,3,1,2.20238,0.670148,1,-16.2779,-16.2779,224,224,67.49,67.49,9.53569e+11,0
evt_966,54,2,-1,4,1,-5.63571,1.52648,3,-48.0071,-17.1982,1786,514,177.49,97.49,9.53569e+11,0
evt_966,56,2,-1,1,2,-2.50438,0.840776,1,-26.8495,-26.8495,355,355,79.99,79.99,9.53569e+11,0
evt_966,57,2,-1,1,2,1.11053,0.732504,1,-64.3989,-64.3989,782,782,87.49,87.49,9.53569e+11,0
evt_967,10,0,-1,2,2,-0.462646,0.944514,2,-571.303,-198.522,51099,6748,464.99,212.49,9.53588e+11,0
evt_967,11,0,-1,2,2,0.19824,0.75021,1,-782.287,-782.287,74095,74095,554.99,554.99,9.53588e+11,0
evt_967,28,1,-1,3,1,1.28573,1.10685,1,-21.8827,-21.8827,206,206,27.49,27.49,9.53588e+11,0
evt_967,34,1,-1,2,2,10.5599,1.42622,1,-62.6388,-62.6388,2187,2187,177.49,177.49,9.53588e+11,0
evt_967,36,1,-1,3,2,1.22888,0.886898,1,-1250.31,-1250.31,68535,68535,249.99,249.99,9.53588e+11,0
evt_967,37,1,-1,3,2,2.09004,0.866747,1,-1250.35,-1250.35,85000,85000,254.99,254.99,9.53588e+11,0
evt_967,82,3,-1,2,2,-16.5811,1.83358,2,-22.1495,-19.3386,13221,2265,2102.49,364.99,9.53588e+11,0
evt_967,93,3,-1,3,3,-2.62362,0.811888,1,-17.1571,-17.1571,766,766,132.49,132.49,0,1.38728e+19
evt_968,6,0,-1,4,1,-4.82729,0.948662,2,-1250.42,-266.126,117629,8664,579.99,149.99,9.53662e+11,0
evt_968,7,0,-1,4,1,-1.77886,0.841385,1,-1250.12,-1250.12,100478,100478,404.99,404.99,9.53662e+11,0
evt_968,34,1,-1,2,2,1.65198,1.14011,1,-155.209,-155.209,6102,6102,242.49,242.49,9.53662e+11,0
evt_968,35,1,-1,2,2,0.599018,0.826208,1,-135.841,-135.841,6875,6875,297.49,297.49,9.53662e+11,0
evt_968,49,2,-1,1,1,-0.21348,0.710285,1,-69.6264,-69.6264,759,759,82.49,82.49,9.53662e+11,0
evt_968,64,2,-1,1,3,1.63014,0.959133,1,-198.553,-198.553,8954,8954,279.99,279.99,9.53662e+11,0
evt_968,65,2,-1,1,3,-1.94857,0.881671,1,-330.887,-330.887,13229,13229,282.49,282.49,9.53662e+11,0
evt_968,72,3,-1,1,1,-22.856,0.936721,2,-35.2669,-24.9278,20956,864,2397.49,107.49,9.53662e+11,0
evt_968,87,3,-1,4,2,-9.0598,0.735924,2,-19.5573,-17.3085,959,708,154.99,122.49,9.53662e+11,0
evt_969,20,0,-1,3,3,-1.1702,0.65781,2,-157.872,-39.9997,9995,1683,359.99,182.49,9.53674e+11,0
evt_969,21,0,-1,3,3,-2.0551,0.831417,2,-152.767,-23.0629,8665,795,299.99,129.99,9.53674e+11,0
evt_969,44,1,-1,3,3,1.39715,0.897232,5,-1250.39,-15.204,93902,113,407.49,54.99,9.53674e+11,0
evt_969,45,1,-1,3,3,0.756391,0.823027,2,-1250.42,-132.446,92554,4567,577.49,199.99,9.53674e+11,0
evt_969,54,2,-1,4,1,-35.56,5.4958,2,-96.7262,-23.7143,3564,304,204.99,72.49,9.53674e+11,0
evt_969,55,2,-1,4,1,13.2275,1.02924,1,-33.6264,-33.6264,871,871,122.49,122.49,9.53674e+11,0
evt_969,57,2,-1,1,2,3.16752,0.691845,1,-52.6709,-52.6709,231,231,64.99,64.99,9.53674e+11,0
evt_969,76,3,-1,3,1,-6.34449,0.675546,3,-18.8323,-17.4232,726,538,124.99,99.99,9.53674e+11,0
evt_969,93,3,-1,3,3,-4.36302,1.23674,2,-19.3297,-15.0571,890,260,144.99,54.99,0,4.61274e+18
evt_970,0,0,-1,1,1,-2.82801,0.930197,3,-637.18,-25.3509,31954,700,359.99,117.49,9.53786e+11,0
evt_970,1,0,-1,1,1,-0.487155,0.878305,1,-360.206,-360.206,16102,16102,297.49,297.49,9.53786e+11,0
evt_970,2,0,-1,2,1,0.189076,0.911558,2,-418.841,-33.169,17071,1150,289.99,144.99,9.53786e+11,0
evt_970,3,0,-1,2,1,2.70187,1.11048,1,-691.888,-691.888,42605,42605,457.49,457.49,9.53786e+11,0
evt_970,24,1,-1,1,1,0.464653,0.827772,3,-789.224,-17.5004,40528,397,442.49,84.99,9.53786e+11,0
evt_970,25,1,-1,1,1,2.31442,0.63249,1,-1165.99,-1165.99,57538,57538,367.49,367.49,9.53786e+11,0
evt_970,48,2,-1,1,1,1.08653,0.868284,1,-279.612,-279.612,14684,14684,314.99,314.99,9.53786e+11,0
evt_970,49,2,-1,1,1,1.0788,0.626019,1,-136.335,-136.335,6626,6626,274.99,274.99,9.53786e+11,0
evt_970,52,2,-1,3,1,2.29323,0.863432,1,-62.9438,-62.9438,2418,2418,194.99,194.99,9.53786e+11,0
evt_970,62,2,-1,4,2,2.11246,1.68865,1,-44.6572,-44.6572,339,339,64.99,64.99,9.53786e+11,0
evt_970,72,3,-1,1,1,-6.8216,0.704682,4,-25.1989,-15.8618,3093,385,467.49,72.49,9.53786e+11,0
evt_971,6,0,-1,4,1,-0.0341633,0.950124,1,-727.226,-727.226,38797,38797,409.99,409.99,9.53817e+11,0
evt_971,7,0,-1,4,1,1.51382,0.94157,2,-261.125,-30.7286,14080,1271,322.49,162.49,9.53817e+11,0
evt_971,44,1,-1,3,3,1.07124,0.964446,1,-172.479,-172.479,6674,6674,252.49,252.49,9.53817e+11,0
evt_971,45,1,-1,3,3,1.77839,1.20441,2,-115.707,-16.4693,4661,284,229.99,59.99,9.53817e+11,0
evt_971,54,2,-1,4,1,-1.19665,0.78358,1,-47.0844,-47.0844,472,472,82.49,82.49,9.53817e+11,0
evt_971,55,2,-1,4,1,0.832737,0.981829,1,-21.9982,-21.9982,77,77,64.99,64.99,9.53817e+11,0
evt_971,58,2,-1,2,2,0.889545,0.909205,2,-742.098,-60.0915,35433,2222,409.99,179.99,9.53817e+11,0
evt_971,59,2,-1,2,2,2.55277,0.808126,2,-753.734,-25.7302,40224,694,362.49,114.99,9.53817e+11,0
evt_971,72,3,-1,1,1,-15.4497,1.28894,5,-22.798,-15.4478,3395,367,499.99,67.49,9.53817e+11,0
evt_972,94,3,-1,4,3,-1.89052,1.02814,1,-17.6154,-17.6154,426,426,82.49,82.49,4.38087e+11,4.61271e+18
evt_973,24,1,-1,1,1,-0.4011,0.831257,1,-105.425,-105.425,4046,4046,214.99,214.99,9.53906e+11,0
evt_973,37,1,-1,3,2,-0.362179,0.759171,1,-87.5372,-87.5372,3439,3439,217.49,217.49,9.53906e+11,0
evt_973,48,2,-1,1,1,3.04598,0.633463,1,-383.356,-383.356,19129,19129,314.99,314.99,9.53906e+11,0
evt_973,49,2,-1,1,1,0.434953,0.723804,2,-78.6902,-26.7265,4101,956,262.49,137.49,9.53906e+11,0
evt_973,72,3,-1,1,1,-13.8512,0.983044,7,-19.291,-15.6694,1856,337,294.99,62.49,9.53906e+11,0
evt_974,10,0,-1,2,2,0.248518,0.797402,1,-37.5124,-37.5124,1432,1432,172.49,172.49,9.53915e+11,0
evt_974,28,1,-1,3,1,3.08364,1.07763,2,-233.394,-51.011,11077,1686,284.99,162.49,9.53915e+11,0
evt_974,29,1,-1,3,1,1.19832,0.955272,1,-79.2256,-79.2256,4421,4421,292.49,292.49,9.53915e+11,0
evt_974,58,2,-1,2,2,1.19656,0.831451,1,-317.199,-317.199,14259,14259,302.49,302.49,9.53915e+11,0
evt_974,59,2,-1,2,2,3.07931,0.757962,1,-216.893,-216.893,13228,13228,432.49,432.49,9.53915e+11,0
evt_974,76,3,-1,3,1,-1.04515,0.649635,1,-504.355,-504.355,22348,22348,154.99,154.99,9.53915e+11,0
evt_974,77,3,-1,3,1,-1.59042,0.738687,1,-636.954,-636.954,27794,27794,164.99,164.99,9.53915e+11,0
evt_974,78,3,-1,4,1,-7.31062,2.26534,1,-17.7669,-17.7669,544,544,99.99,99.99,9.53915e+11,0
evt_974,80,3,-1,1,2,3.32968,2.39298,1,-85.8448,-85.8448,4294,4294,267.49,267.49,9.53915e+11,0
evt_974,81,3,-1,1,2,-2.72661,0.942099,1,-75.6729,-75.6729,3428,3428,222.49,222.49,9.53915e+11,0
evt_975,22,0,-1,4,3,-6.83996,0.869511,2,-114.336,-17.118,6748,1093,384.99,189.99,9.53944e+11,0
evt_975,23,0,-1,4,3,-5.49863,0.71846,1,-92.6497,-92.6497,4001,4001,247.49,247.49,9.53944e+11,0
evt_975,35,1,-1,2,2,20.3443,0.62664,1,-23.6425,-23.6425,518,518,94.99,94.99,9.53944e+11,0
evt_975,46,1,-1,4,3,-0.221227,1.20755,1,-164.696,-164.696,8330,8330,279.99,279.99,9.53944e+11,0
evt_975,47,1,-1,4,3,-0.00483453,0.853925,1,-79.4152,-79.4152,3363,3363,219.99,219.99,9.53944e+11,0
evt_975,68,2,-1,3,3,77.8353,0.85789,1,-318.687,-318.687,9029,9029,194.99,194.99,9.53944e+11,0
evt_975,70,2,-1,4,3,4.94043,0.987881,2,-397.69,-32.066,18381,833,317.49,122.49,9.53944e+11,0
evt_975,71,2,-1,4,3,1.72833,0.645053,2,-603.449,-50.6312,27893,1736,337.49,164.99,9.53944e+11,0
evt_975,93,3,-1,3,3,-12.8388,0.887829,3,-19.0247,-16.2778,831,492,137.49,92.49,0,4.61686e+18
evt_976,18,0,-1,2,3,0.400072,0.851936,3,-1250,-17.005,86737,163,397.49,44.99,9.53973e+11,0
evt_976,19,0,-1,2,3,0.277833,0.923546,1,-728.916,-728.916,55231,55231,454.99,454.99,9.53973e+11,0
evt_976,40,1,-1,1,3,-1.38505,0.788264,1,-314.493,-314.493,18659,18659,347.49,347.49,9.53973e+11,0
evt_976,41,1,-1,1,3,-0.372865,0.678027,1,-431.541,-431.541,21863,21863,407.49,407.49,9.53973e+11,0
evt_976,50,2,-1,2,1,0.715056,0.798899,1,-962.958,-962.958,52346,52346,529.99,529.99,9.53973e+11,0
evt_976,51,2,-1,2,1,-0.960282,0.664604,1,-851.861,-851.861,45525,45525,379.99,379.99,9.53973e+11,0
evt_976,64,2,-1,1,3,2.99339,0.959563,1,-61.6466,-61.6466,2370,2370,187.49,187.49,9.53973e+11,0
evt_976,65,2,-1,1,3,4.94119,0.792952,1,-30.5762,-30.5762,868,868,124.99,124.99,9.53973e+11,0
evt_976,72,3,-1,1,1,-8.10603,1.42221,1,-1250.12,-1250.12,90579,90579,737.49,737.49,9.53973e+11,0
evt_976,73,3,-1,1,1,0.69917,1.02564,1,-1249.93,-1249.93,86804,86804,407.49,407.49,9.53973e+11,0
evt_976,80,3,-1,1,2,-1.886,1.04303,1,-16.3471,-16.3471,386,386,72.49,72.49,9.53973e+11,0
evt_977,18,0,-1,2,3,-0.84958,0.895036,3,-1250.09,-23.0285,63115,854,427.49,134.99,9.53977e+11,0
evt_977,19,0,-1,2,3,0.504291,0.994292,1,-507.534,-507.534,28587,28587,367.49,367.49,9.53977e+11,0
evt_977,20,0,-1,3,3,-1.25679,0.530944,1,-57.7231,-57.7231,2723,2723,212.49,212.49,9.53977e+11,0
evt_977,42,1,-1,2,3,0.749733,0.906245,1,-1250.5,-1250.5,93721,93721,362.49,362.49,9.53977e+11,0
evt_977,43,1,-1,2,3,-1.51652,1.0916,1,-772.028,-772.028,37309,37309,362.49,362.49,9.53977e+11,0
evt_977,44,1,-1,3,3,-0.0163047,0.935336,1,-176.36,-176.36,10985,10985,417.49,417.49,9.53977e+11,0
evt_977,45,1,-1,3,3,1.08887,0.862639,1,-353.111,-353.111,17226,17226,339.99,339.99,9.53977e+11,0
evt_977,66,2,-1,2,3,-2.94817,0.763297,1,-824.608,-824.608,37356,37356,369.99,369.99,9.53977e+11,0
evt_977,67,2,-1,2,3,-3.10088,1.12423,2,-1102.08,-21.1968,58780,542,484.99,104.99,9.53977e+11,0
evt_977,86,3,-1,4,2,-0.414789,1.23502,1,-927.508,-927.508,41148,41148,347.49,347.49,9.53977e+11,0
evt_977,87,3,-1,4,2,-0.626584,0.759453,2,-826.127,-16.8892,41012,400,357.49,84.99,9.53977e+11,0
evt_977,90,3,-1,2,3,2.98482,0.837854,1,-603.442,-603.442,28358,28358,332.49,332.49,1.49602e+14,4.55293e+18
evt_977,91,3,-1,2,3,2.89364,0.899765,1,-598.067,-598.067,29934,29934,389.99,389.99,0,1.3746e+19
evt_978,8,0,-1,1,2,18.2737,0.595239,3,-52.6235,-31.261,1148,876,127.49,119.99,9.53999e+11,0
evt_978,26,1,-1,2,1,-3.9876,1.14165,2,-639.167,-23.9806,35055,726,367.49,122.49,9.53999e+11,0
evt_978,27,1,-1,2,1,1.9002,1.27468,1,-329.781,-329.781,21688,21688,347.49,347.49,9.53999e+11,0
evt_978,56,2,-1,1,2,-11.2233,0.960958,5,-22.0722,-16.1277,3254,423,492.49,74.99,9.53999e+11,0
evt_978,66,2,-1,2,3,4.30716,0.791318,1,-50.2506,-50.2506,1682,1682,159.99,159.99,9.53999e+11,0
evt_978,73,3,-1,1,1,-4.16491,1.04493,1,-33.5129,-33.5129,1354,1354,162.49,162.49,9.53999e+11,0
evt_979,8,0,-1,1,2,-5.76673,0.64418,1,-24.6665,-24.6665,983,983,142.49,142.49,9.54052e+11,0
evt_979,10,0,-1,2,2,-0.51054,0.646649,1,-818.658,-818.658,58430,58430,442.49,442.49,9.54052e+11,0
evt_979,11,0,-1,2,2,6.70794,0.995966,3,-835.281,-28.136,71475,674,462.49,112.49,9.54052e+11,0
evt_979,34,1,-1,2,2,2.25163,0.833164,1,-172.821,-172.821,7601,7601,257.49,257.49,9.54052e+11,0
evt_979,35,1,-1,2,2,2.27546,0.754627,1,-350.064,-350.064,17717,17717,322.49,322.49,9.54052e+11,0
evt_979,50,2,-1,2,1,-0.498667,0.75478,1,-25.8054,-25.8054,198,198,64.99,64.99,9.54052e+11,0
evt_979,51,2,-1,2,1,-0.494489,0.764281,1,-22.2141,-22.2141,173,173,59.99,59.99,9.54052e+11,0
evt_979,52,2,-1,3,1,-1.75964,0.70776,1,-16.9736,-16.9736,55,55,57.49,57.49,9.54052e+11,0
evt_979,58,2,-1,2,2,4.75294,0.964712,2,-44.6835,-35.3782,1597,1306,164.99,154.99,9.54052e+11,0
evt_979,68,2,-1,3,3,7.79425,0.78979,2,-1250.04,-111.928,116925,2646,827.49,87.49,9.54052e+11,0
evt_979,69,2,-1,3,3,6.11333,1.04756,1,-1250,-1250,89649,89649,444.99,444.99,9.54052e+11,0
evt_980,6,0,-1,4,1,0.848782,0.968064,1,-474.157,-474.157,22686,22686,319.99,319.99,9.54173e+11,0
evt_980,7,0,-1,4,1,2.29863,0.818708,1,-110.639,-110.639,5569,5569,269.99,269.99,9.54173e+11,0
evt_980,34,1,-1,2,2,0.808971,1.10181,3,-1250.54,-43.5395,93019,1613,389.99,164.99,9.54173e+11,0
evt_980,35,1,-1,2,2,-1.8363,1.76586,1,-1250.08,-1250.08,121042,121042,499.99,499.99,9.54173e+11,0
evt_980,48,2,-1,1,1,2.85995,0.936167,1,-175.458,-175.458,7958,7958,264.99,264.99,9.54173e+11,0
evt_980,49,2,-1,1,1,-0.25082,0.986699,1,-91.1527,-91.1527,4413,4413,259.99,259.99,9.54173e+11,0
evt_980,54,2,-1,4,1,43.152,3.43168,4,-19.0163,-17.6533,669,62,77.49,62.49,9.54173e+11,0
evt_980,62,2,-1,4,2,-4.86438,0.939657,1,-22.5293,-22.5293,167,167,67.49,67.49,9.54173e+11,0
evt_980,94,3,-1,4,3,21.224,1.1556,1,-45.5267,-45.5267,1372,1372,149.99,149.99,4.38087e+11,4.62305e+18
evt_980,95,3,-1,4,3,8.70142,0.660252,1,-31.4906,-31.4906,1009,1009,137.49,137.49,4.38087e+11,4.64091e+18
evt_981,22,0,-1,4,3,9.2009,0.769189,2,-26.1929,-24.0851,670,627,112.49,109.99,9.54204e+11,0
evt_981,46,1,-1,4,3,24.5747,1.56313,4,-108.999,-21.3888,3761,282,204.99,84.99,9.54204e+11,0
evt_981,47,1,-1,4,3,25.9788,1.96812,5,-86.3531,-19.8656,2187,356,154.99,89.99,9.54204e+11,0
evt_981,62,2,-1,4,2,0.44718,0.831054,1,-18.7296,-18.7296,167,167,69.99,69.99,9.54204e+11,0
evt_981,63,2,-1,4,2,-1.70009,1.50787,1,-19.9979,-19.9979,249,249,72.49,72.49,9.54204e+11,0
evt_981,70,2,-1,4,3,10.1228,0.852648,1,-24.9343,-24.9343,493,493,97.49,97.49,9.54204e+11,0
evt_982,6,0,-1,4,1,0.359147,1.08109,1,-62.1432,-62.1432,3545,3545,309.99,309.99,9.54205e+11,0
evt_982,7,0,-1,4,1,-2.78676,1.41965,1,-23.3339,-23.3339,857,857,134.99,134.99,9.54205e+11,0
evt_982,25,1,-1,1,1,0.94225,0.85114,1,-192.3,-192.3,11224,11224,317.49,317.49,9.54205e+11,0
evt_982,30,1,-1,4,1,22.9358,0.856759,1,-80.1388,-80.1388,2175,2175,157.49,157.49,9.54205e+11,0
evt_982,31,1,-1,4,1,9.53659,0.723587,1,-22.1814,-22.1814,418,418,82.49,82.49,9.54205e+11,0
evt_982,71,2,-1,4,3,0.537329,0.911867,2,-43.9958,-33.0216,1639,1265,169.99,162.49,9.54205e+11,0
evt_982,80,3,-1,1,2,-10.4101,1.54353,4,-20.9419,-16.9391,1075,361,174.99,69.99,9.54205e+11,0
evt_983,46,1,-1,4,3,-0.894752,0.999417,1,-39.3028,-39.3028,1180,1180,107.49,107.49,9.5423e+11,0
evt_983,47,1,-1,4,3,1.01605,0.730469,1,-74.3053,-74.3053,2520,2520,104.99,104.99,9.5423e+11,0
evt_983,56,2,-1,1,2,-12.6344,0.957084,1,-19.215,-19.215,1304,1304,209.99,209.99,9.5423e+11,0
evt_983,62,2,-1,4,2,2.0675,0.865286,1,-84.411,-84.411,1029,1029,87.49,87.49,9.5423e+11,0
evt_983,63,2,-1,4,2,0.837371,0.646997,1,-83.6727,-83.6727,947,947,84.99,84.99,9.5423e+11,0
evt_983,69,2,-1,3,3,-3.23272,0.956056,1,-28.5588,-28.5588,720,720,74.99,74.99,9.5423e+11,0
evt_983,72,3,-1,1,1,-20.7158,0.854577,6,-23.5983,-15.7048,4076,356,577.49,67.49,9.5423e+11,0
evt_983,91,3,-1,2,3,3.48537,0.826211,1,-21.3507,-21.3507,533,533,84.99,84.99,0,4.64983e+18
evt_983,92,3,-1,3,3,-4.52615,0.687183,1,-520.248,-520.248,10443,10443,97.49,97.49,0,4.64701e+18
evt_983,93,3,-1,3,3,1.27585,1.1193,1,-34.9224,-34.9224,907,907,84.99,84.99,0,4.66217e+18
evt_984,2,0,-1,2,1,1.8321,0.822975,1,-55.3968,-55.3968,2018,2018,179.99,179.99,9.54405e+11,0
evt_984,26,1,-1,2,1,-1.8176,1.08594,1,-75.7909,-75.7909,2833,2833,199.99,199.99,9.54405e+11,0
evt_984,27,1,-1,2,1,0.0489144,0.924677,1,-105.987,-105.987,5303,5303,259.99,259.99,9.54405e+11,0
evt_984,28,1,-1,3,1,1.14053,0.935401,6,-1247.98,-17.8443,127484,331,437.49,87.49,9.54405e+11,0
evt_984,29,1,-1,3,1,4.55287,1.0679,2,-1249.89,-22.6851,136796,84,729.99,79.99,9.54405e+11,0
evt_984,50,2,-1,2,1,0.559167,0.95484,4,-1250.65,-49.0355,99262,1320,417.49,147.49,9.54405e+11,0
evt_984,51,2,-1,2,1,0.154413,1.09178,2,-1250.16,-107.817,102853,3358,569.99,174.99,9.54405e+11,0
evt_984,52,2,-1,3,1,-1.72082,0.957641,1,-43.3025,-43.3025,275,275,62.49,62.49,9.54405e+11,0
evt_984,66,2,-1,2,3,3.64347,1.00033,1,-45.7502,-45.7502,1772,1772,179.99,179.99,9.54405e+11,0
evt_984,73,3,-1,1,1,-2.63612,0.792124,1,-41.6691,-41.6691,1780,1780,184.99,184.99,9.54405e+11,0
evt_984,93,3,-1,3,3,-1.25765,1.04503,1,-20.1681,-20.1681,2077,2077,317.49,317.49,0,4.63196e+18
evt_985,6,0,-1,4,1,-1.51783,1.40612,3,-1249.97,-45.6721,100002,1195,499.99,139.99,9.54453e+11,0
evt_985,7,0,-1,4,1,-2.52857,0.733861,5,-1241.7,-17.4627,62483,294,442.49,72.49,9.54453e+11,0
evt_985,24,1,-1,1,1,0.224584,0.798329,1,-77.615,-77.615,3017,3017,207.49,207.49,9.54453e+11,0
evt_985,25,1,-1,1,1,1.14718,0.745925,2,-147.01,-71.0681,6805,2868,284.99,199.99,9.54453e+11,0
evt_985,28,1,-1,3,1,1.97906,0.946105,4,-254.059,-17.6901,14489,234,324.99,59.99,9.54453e+11,0
evt_985,29,1,-1,3,1,0.229598,1.26542,1,-111.706,-111.706,4789,4789,239.99,239.99,9.54453e+11,0
evt_985,30,1,-1,4,1,-3.55546,0.966618,3,-1079.5,-48.5761,50796,1455,507.49,147.49,9.54453e+11,0
evt_985,31,1,-1,4,1,1.08401,1.09887,2,-1150.59,-20.4347,56179,330,357.49,77.49,9.54453e+11,0
evt_985,52,2,-1,3,1,-0.708454,0.682323,1,-41.3878,-41.3878,350,350,74.99,74.99,9.54453e+11,0
evt_985,53,2,-1,3,1,-0.791891,0.754549,1,-52.4772,-52.4772,368,368,72.49,72.49,9.54453e+11,0
evt_985,54,2,-1,4,1,-2.565,0.896804,2,-1250.38,-34.5384,118814,623,489.99,132.49,9.54453e+11,0
evt_985,55,2,-1,4,1,-2.75641,0.671693,3,-1250.5,-86.2393,155638,1048,542.49,74.99,9.54453e+11,0
evt_985,60,2,-1,3,2,-0.728983,0.863112,1,-20.0105,-20.0105,92,92,59.99,59.99,9.54453e+11,0
evt_985,78,3,-1,4,1,1.17208,1.4326,1,-60.6524,-60.6524,2908,2908,229.99,229.99,9.54453e+11,0
evt_985,82,3,-1,2,2,-8.29852,1.55415,5,-16.237,-15.0947,616,264,119.99,54.99,9.54453e+11,0
evt_985,93,3,-1,3,3,5.87855,0.653056,1,-18.7209,-18.7209,887,887,149.99,149.99,0,4.54478e+18
evt_986,14,0,-1,4,2,-0.0696442,1.13967,1,-150.9,-150.9,9515,9515,357.49,357.49,9.54506e+11,0
evt_986,15,0,-1,4,2,0.83857,1.0065,2,-303.055,-157.606,17513,7015,359.99,257.49,9.54506e+11,0
evt_986,42,1,-1,2,3,1.55883,1.20038,1,-240.189,-240.189,12231,12231,307.49,307.49,9.54506e+11,0
evt_986,43,1,-1,2,3,1.17505,0.958034,2,-49.3327,-26.1535,1524,747,152.49,114.99,9.54506e+11,0
evt_986,54,2,-1,4,1,4.92035,0.974554,1,-47.5476,-47.5476,444,444,79.99,79.99,9.54506e+11,0
evt_986,55,2,-1,4,1,0.872022,0.991322,1,-25.8909,-25.8909,221,221,72.49,72.49,9.54506e+11,0
evt_986,60,2,-1,3,2,1.85991,0.688153,3,-1250.54,-18.7584,123137,90,482.49,69.99,9.54506e+11,0
evt_986,61,2,-1,3,2,1.44508,0.787827,2,-1250.5,-151.2,125119,12020,477.49,439.99,9.54506e+11,0
evt_986,66,2,-1,2,3,1.62741,0.886779,1,-147.807,-147.807,6224,6224,249.99,249.99,9.54506e+11,0
evt_986,67,2,-1,2,3,-0.57615,0.712406,1,-54.5665,-54.5665,2650,2650,237.49,237.49,9.54506e+11,0
evt_986,80,3,-1,1,2,2.15338,0.902293,1,-255.444,-255.444,15838,15838,364.99,364.99,9.54506e+11,0
evt_986,81,3,-1,1,2,3.90308,1.27232,1,-51.0504,-51.0504,2049,2049,189.99,189.99,9.54506e+11,0
evt_986,84,3,-1,3,2,-21.0224,0.530917,1,-23.0306,-23.0306,20022,20022,2507.49,2507.49,9.54506e+11,0
evt_987,30,1,-1,4,1,-0.779938,0.858684,1,-62.448,-62.448,2234,2234,182.49,182.49,9.5463e+11,0
evt_988,26,1,-1,2,1,-0.110008,1.6626,1,-758.915,-758.915,41881,41881,382.49,382.49,9.54705e+11,0
evt_988,27,1,-1,2,1,0.617742,0.956186,1,-245.606,-245.606,12801,12801,312.49,312.49,9.54705e+11,0
evt_988,28,1,-1,3,1,-7.31863,0.816616,1,-15.6302,-15.6302,476,476,89.99,89.99,9.54705e+11,0
evt_988,45,1,-1,3,3,-1.02963,0.900391,1,-40.5283,-40.5283,1419,1419,169.99,169.99,9.54705e+11,0
evt_988,56,2,-1,1,2,0.402344,0.96996,1,-258.029,-258.029,15501,15501,329.99,329.99,9.54705e+11,0
evt_988,57,2,-1,1,2,1.65973,0.710296,1,-165.119,-165.119,5986,5986,232.49,232.49,9.54705e+11,0
evt_988,60,2,-1,3,2,-0.837685,0.846487,1,-21.6905,-21.6905,203,203,64.99,64.99,9.54705e+11,0
evt_988,64,2,-1,1,3,-1.10564,0.635093,1,-66.6405,-66.6405,2512,2512,194.99,194.99,9.54705e+11,0
evt_988,65,2,-1,1,3,0.946816,0.85831,1,-97.2542,-97.2542,5737,5737,279.99,279.99,9.54705e+11,0
evt_988,72,3,-1,1,1,8.78061,1.28884,1,-1250.42,-1250.42,76689,76689,414.99,414.99,9.54705e+11,0
evt_988,73,3,-1,1,1,1.32639,0.995624,2,-1250.12,-28.7124,92883,654,469.99,119.99,9.54705e+11,0
evt_988,80,3,-1,1,2,-8.248,0.917913,2,-18.9124,-17.3379,813,606,149.99,109.99,9.54705e+11,0
evt_988,93,3,-1,3,3,-9.66679,2.15005,2,-19.2508,-18.4148,870,650,147.49,119.99,0,4.55858e+18
evt_989,57,2,-1,1,2,0.23763,0.890412,1,-54.2235,-54.2235,277,277,62.49,62.49,9.5481e+11,0
evt_989,70,2,-1,4,3,1.04841,1.09568,1,-38.2359,-38.2359,949,949,122.49,122.49,9.5481e+11,0
evt_989,71,2,-1,4,3,-4.8531,0.933976,1,-33.7412,-33.7412,1211,1211,147.49,147.49,9.5481e+11,0
evt_989,72,3,-1,1,1,-10.7701,1.43055,5,-26.2307,-18.6453,3500,1203,484.99,189.99,9.5481e+11,0
evt_989,74,3,-1,2,1,-11.5123,2.34005,3,-90.9277,-21.3881,3222,491,192.49,94.99,9.5481e+11,0
evt_989,76,3,-1,3,1,-7.12548,1.18164,8,-21.1165,-15.7824,1604,286,249.99,57.49,9.5481e+11,0
evt_989,78,3,-1,4,1,-8.94363,1.84116,1,-21.5025,-21.5025,1162,1162,177.49,177.49,9.5481e+11,0
evt_989,93,3,-1,3,3,-5.48456,1.17993,2,-23.6756,-17.8068,1597,753,229.99,129.99,0,4.58095e+18
evt_990,12,0,-1,3,2,-0.286091,0.869818,2,-488.193,-27.5631,23127,835,444.99,122.49,9.5487e+11,0
evt_990,13,0,-1,3,2,1.10734,0.765554,1,-379.343,-379.343,17089,17089,304.99,304.99,9.5487e+11,0
evt_990,14,0,-1,4,2,2.86869,0.862603,2,-285.821,-30.5366,16055,987,327.49,137.49,9.5487e+11,0
evt_990,15,0,-1,4,2,0.753813,0.847659,1,-560.734,-560.734,30896,30896,357.49,357.49,9.5487e+11,0
evt_990,20,0,-1,3,3,-1.01316,0.731907,2,-1250.54,-38.4662,104324,613,449.99,114.99,9.5487e+11,0
evt_990,21,0,-1,3,3,1.18564,0.716633,4,-1250.2,-21.7386,108088,261,449.99,82.49,9.5487e+11,0
evt_990,26,1,-1,2,1,0.0647337,1.26821,1,-188.484,-188.484,10018,10018,282.49,282.49,9.5487e+11,0
evt_990,27,1,-1,2,1,2.87697,1.04384,2,-417.315,-49.0689,20192,1761,357.49,162.49,9.5487e+11,0
evt_990,50,2,-1,2,1,-1.8237,0.889986,1,-47.7281,-47.7281,2041,2041,192.49,192.49,9.5487e+11,0
evt_990,61,2,-1,3,2,-3.91033,0.923474,1,-44.2978,-44.2978,650,650,87.49,87.49,9.5487e+11,0
evt_990,74,3,-1,2,1,5.38002,0.975266,2,-304.393,-36.0702,12277,1332,279.99,159.99,9.5487e+11,0
evt_990,75,3,-1,2,1,5.20403,0.711635,1,-143.922,-143.922,6225,6225,247.49,247.49,9.5487e+11,0
evt_991,4,0,-1,3,1,0.357644,0.908366,1,-106.674,-106.674,4916,4916,259.99,259.99,9.54962e+11,0
evt_991,5,0,-1,3,1,0.734168,0.968387,1,-412.704,-412.704,19865,19865,319.99,319.99,9.54962e+11,0
evt_991,11,0,-1,2,2,12.2228,0.820259,2,-40.0312,-33.6271,1253,1057,149.99,142.49,9.54962e+11,0
evt_991,24,1,-1,1,1,-0.284317,1.85859,1,-983.435,-983.435,47979,47979,442.49,442.49,9.54962e+11,0
evt_991,25,1,-1,1,1,-1.01125,0.792804,1,-1250.01,-1250.01,70374,70374,419.99,419.99,9.54962e+11,0
evt_991,52,2,-1,3,1,2.64781,0.785808,1,-661.66,-661.66,35432,35432,367.49,367.49,9.54962e+11,0
evt_991,53,2,-1,3,1,-1.52294,0.576155,2,-580.453,-35.1128,29794,934,357.49,127.49,9.54962e+11,0
evt_991,56,2,-1,1,2,10.6539,0.756658,1,-32.2839,-32.2839,972,972,134.99,134.99,9.54962e+11,0
evt_991,58,2,-1,2,2,27.0177,1.01204,1,-22.4588,-22.4588,409,409,89.99,89.99,9.54962e+11,0
evt_991,76,3,-1,3,1,-6.27988,0.704512,1,-15.0599,-15.0599,262,262,54.99,54.99,9.54962e+11,0
evt_991,78,3,-1,4,1,-11.9269,0.792465,1,-15.3665,-15.3665,230,230,44.99,44.99,9.54962e+11,0
evt_991,93,3,-1,3,3,-3.32955,0.794665,6,-26.2309,-16.0133,6315,437,799.99,79.99,0,1.37514e+19
evt_992,42,1,-1,2,3,-0.257068,1.15217,1,-77.1268,-77.1268,3190,3190,214.99,214.99,9.5503e+11,0
evt_992,52,2,-1,3,1,3.56365,0.777418,1,-23.4088,-23.4088,167,167,74.99,74.99,9.5503e+11,0
evt_992,53,2,-1,3,1,3.92637,0.650711,1,-33.2611,-33.2611,254,254,77.49,77.49,9.5503e+11,0
evt_992,58,2,-1,2,2,0.262442,0.759265,1,-20.7367,-20.7367,244,244,77.49,77.49,9.5503e+11,0
evt_992,62,2,-1,4,2,0.116758,1.48996,1,-54.1687,-54.1687,776,776,92.49,92.49,9.5503e+11,0
evt_992,63,2,-1,4,2,2.33343,0.682929,1,-49.8246,-49.8246,635,635,89.99,89.99,9.5503e+11,0
evt_992,65,2,-1,1,3,-7.91214,3.11682,3,-55.3985,-25.0864,2468,691,209.99,112.49,9.5503e+11,0
evt_992,93,3,-1,3,3,-7.05487,1.368,1,-16.0123,-16.0123,354,354,64.99,64.99,0,4.51153e+18
evt_993,14,0,-1,4,2,-1.17805,0.967975,1,-760.902,-760.902,41839,41839,389.99,389.99,9.55038e+11,0
evt_993,15,0,-1,4,2,-1.26138,0.739602,2,-435.683,-25.1925,27367,810,397.49,129.99,9.55038e+11,0
evt_993,46,1,-1,4,3,0.70872,1.09062,1,-128.558,-128.558,6017,6017,262.49,262.49,9.55038e+11,0
evt_993,53,2,-1,3,1,0.946721,1.12958,1,-61.5339,-61.5339,2698,2698,219.99,219.99,9.55038e+11,0
evt_993,56,2,-1,1,2,3.54684,0.669517,2,-1250.39,-25.7397,87279,189,482.49,69.99,9.55038e+11,0
evt_993,57,2,-1,1,2,0.77672,0.857753,2,-1178.06,-56.6193,54021,218,442.49,72.49,9.55038e+11,0
evt_993,78,3,-1,4,1,5.9634,1.30349,1,-359.593,-359.593,18681,18681,322.49,322.49,9.55038e+11,0
evt_993,79,3,-1,4,1,1.89703,0.644176,3,-650.374,-37.744,32230,1236,349.99,154.99,9.55038e+11,0
evt_994,4,0,-1,3,1,3.26111,0.941016,2,-398.787,-27.6035,20288,905,327.49,127.49,9.55108e+11,0
evt_994,5,0,-1,3,1,10.6755,0.80102,1,-394.442,-394.442,22957,22957,327.49,327.49,9.55108e+11,0
evt_994,36,1,-1,3,2,2.49867,0.86188,2,-826.253,-21.5771,40765,147,357.49,19.99,9.55108e+11,0
evt_994,37,1,-1,3,2,4.4239,1.48277,1,-483.958,-483.958,28334,28334,362.49,362.49,9.55108e+11,0
evt_994,56,2,-1,1,2,-24.3152,5.25688,3,-1250.39,-26.1919,104229,651,469.99,114.99,9.55108e+11,0
evt_994,57,2,-1,1,2,-5.94924,1.25498,3,-1250.39,-27.7608,83580,672,392.49,114.99,9.55108e+11,0
evt_994,62,2,-1,4,2,1.32591,0.798001,1,-75.9204,-75.9204,756,756,82.49,82.49,9.55108e+11,0
evt_994,72,3,-1,1,1,0.232085,0.844271,1,-29.1955,-29.1955,1312,1312,177.49,177.49,9.55108e+11,0
evt_994,73,3,-1,1,1,-102.339,7.2004,2,-111.173,-86.0869,4181,1844,209.99,144.99,9.55108e+11,0
evt_994,78,3,-1,4,1,-2.38063,1.18382,1,-17.2697,-17.2697,551,551,99.99,99.99,9.55108e+11,0
evt_995,34,1,-1,2,2,1.61721,1.37671,2,-1250.16,-33.5884,91722,740,434.99,117.49,9.55111e+11,0
evt_995,35,1,-1,2,2,-0.772996,1.38392,2,-1250.31,-31.9478,100040,837,594.99,127.49,9.55111e+11,0
evt_995,49,2,-1,1,1,-1.66895,0.773757,1,-57.2651,-57.2651,287,287,59.99,59.99,9.55111e+11,0
evt_995,56,2,-1,1,2,-2.51254,1.31558,1,-19.1063,-19.1063,190,190,62.49,62.49,9.55111e+11,0
evt_995,57,2,-1,1,2,0.735063,0.886067,1,-58.3722,-58.3722,468,468,74.99,74.99,9.55111e+11,0
evt_995,59,2,-1,2,2,33.6699,0.644961,1,-30.5785,-30.5785,668,668,112.49,112.49,9.55111e+11,0
evt_995,76,3,-1,3,1,-4.33967,1.5026,1,-44.682,-44.682,1933,1933,184.99,184.99,9.55111e+11,0
evt_995,77,3,-1,3,1,0.593643,0.917608,1,-275.567,-275.567,12818,12818,294.99,294.99,9.55111e+11,0
evt_995,83,3,-1,2,2,1.78483,0.645945,1,-78.2286,-78.2286,3346,3346,219.99,219.99,9.55111e+11,0
evt_996,18,0,-1,2,3,-0.0129679,0.691081,2,-1250.31,-27.9116,91146,432,422.49,99.99,9.55197e+11,0
evt_996,19,0,-1,2,3,0.364573,0.71387,4,-764.405,-15.9353,63491,229,399.99,59.99,9.55197e+11,0
evt_996,26,1,-1,2,1,9.30467,0.959118,1,-322.005,-322.005,15549,15549,297.49,297.49,9.55197e+11,0
evt_996,27,1,-1,2,1,12.309,0.960163,2,-208.165,-37.0953,9349,1109,267.49,137.49,9.55197e+11,0
evt_996,28,1,-1,3,1,0.580787,0.680001,2,-169.58,-16.7446,8600,342,274.99,72.49,9.55197e+11,0
evt_996,29,1,-1,3,1,10.9018,1.00636,2,-39.272,-35.1542,1313,1105,152.49,142.49,9.55197e+11,0
evt_996,50,2,-1,2,1,0.659866,1.0843,2,-105.764,-17.6169,4848,478,247.49,94.99,9.55197e+11,0
evt_996,51,2,-1,2,1,0.0835209,0.872415,1,-217.774,-217.774,12226,12226,322.49,322.49,9.55197e+11,0
evt_996,67,2,-1,2,3,1.03118,0.86952,1,-17.504,-17.504,461,461,89.99,89.99,9.55197e+11,0
evt_996,68,2,-1,3,3,-4.25897,0.869702,4,-1250.31,-70.074,161087,1335,869.99,162.49,9.55197e+11,0
evt_996,69,2,-1,3,3,3.35989,0.933129,2,-1249.97,-54.027,106799,1728,437.49,162.49,9.55197e+11,0
evt_996,71,2,-1,4,3,30.7233,18.1635,2,-51.3937,-16.4335,1061,176,127.49,64.99,9.55197e+11,0
evt_996,74,3,-1,2,1,0.509288,1.10987,2,-135.764,-33.3576,9195,879,349.99,122.49,9.55197e+11,0
evt_996,75,3,-1,2,1,0.466254,0.744122,3,-142.321,-34.2745,7308,1240,282.49,154.99,9.55197e+11,0
evt_997,5,0,-1,3,1,0.437581,0.774991,1,-38.9647,-38.9647,1323,1323,152.49,152.49,9.55254e+11,0
evt_997,6,0,-1,4,1,-1.59228,0.960909,2,-167.102,-23.3718,9612,205,297.49,24.99,9.55254e+11,0
evt_997,7,0,-1,4,1,-0.650919,1.36717,1,-79.9108,-79.9108,3211,3211,214.99,214.99,9.55254e+11,0
evt_997,28,1,-1,3,1,4.10685,0.863561,2,-1099.95,-763.373,45638,44765,369.99,322.49,9.55254e+11,0
evt_997,29,1,-1,3,1,0.0534619,1.0605,3,-742.832,-38.7005,40161,1080,372.49,137.49,9.55254e+11,0
evt_997,76,3,-1,3,1,5.07461,0.788173,2,-940.394,-34.6931,54411,1164,467.49,147.49,9.55254e+11,0
evt_997,77,3,-1,3,1,1.37796,0.810506,1,-1250.22,-1250.22,70884,70884,384.99,384.99,9.55254e+11,0
evt_998,7,0,-1,4,1,4.5001,0.893026,1,-27.0726,-27.0726,822,822,122.49,122.49,9.55274e+11,0
evt_998,36,1,-1,3,2,0.681473,0.940133,1,-96.4563,-96.4563,3498,3498,204.99,204.99,9.55274e+11,0
evt_998,37,1,-1,3,2,1.80926,0.645576,2,-152.921,-52.535,6583,1613,244.99,157.49,9.55274e+11,0
evt_998,46,1,-1,4,3,11.8928,1.0354,1,-55.4731,-55.4731,1782,1782,162.49,162.49,9.55274e+11,0
evt_998,49,2,-1,1,1,-1.30063,0.543097,1,-46.8217,-46.8217,314,314,67.49,67.49,9.55274e+11,0
evt_998,59,2,-1,2,2,45.8965,0.626299,1,-81.6671,-81.6671,2265,2265,159.99,159.99,9.55274e+11,0
evt_998,64,2,-1,1,3,-1.46177,0.905052,1,-114.527,-114.527,5441,5441,249.99,249.99,9.55274e+11,0
evt_998,65,2,-1,1,3,-2.71737,0.472033,1,-169.924,-169.924,7390,7390,259.99,259.99,9.55274e+11,0
evt_998,68,2,-1,3,3,2.40768,0.882805,1,-42.2372,-42.2372,1380,1380,154.99,154.99,9.55274e+11,0
evt_998,70,2,-1,4,3,6.15195,0.821617,2,-1052.24,-18.805,50634,240,579.99,74.99,9.55274e+11,0
evt_998,71,2,-1,4,3,2.16095,0.648399,3,-1250.08,-29.8907,75398,918,377.49,124.99,9.55274e+11,0
evt_998,82,3,-1,2,2,1.5948,1.37806,1,-157.649,-157.649,6764,6764,247.49,247.49,9.55274e+11,0
evt_998,83,3,-1,2,2,1.00709,0.477452,1,-232.408,-232.408,10042,10042,279.99,279.99,9.55274e+11,0
evt_998,86,3,-1,4,2,-2.07957,0.950257,2,-1250,-44.5697,70964,1265,417.49,139.99,9.55274e+11,0
evt_998,87,3,-1,4,2,-0.232472,1.3921,1,-1250.53,-1250.53,129055,129055,627.49,627.49,9.55274e+11,0
evt_998,92,3,-1,3,3,-1.31087,0.684499,2,-1250.27,-208.195,100308,7829,424.99,224.99,0,1.38262e+19
evt_998,93,3,-1,3,3,-2.33408,0.759553,2,-820.011,-22.7974,38909,902,484.99,172.49,0,1.38355e+19
evt_999,3,0,-1,2,1,-12.0782,0.617494,3,-16.3945,-15.0974,1282,305,227.49,54.99,9.5543e+11,0
evt_999,72,3,-1,1,1,-20.4271,1.03039,1,-35.1166,-35.1166,24387,24387,2507.49,2507.49,9.5543e+11,0
