subrunnum, triggerRate_bit1, triggerCounts_bit1, triggerRate_bit2, triggerCounts_bit2, triggerRate_bit3, triggerCounts_bit3, triggerRate_bit4, triggerCounts_bit4, triggerRate_bit5, triggerCounts_bit5, triggerRate_bit6, triggerCounts_bit6, triggerRate_bit7, triggerCounts_bit7, triggerRate_bit8, triggerCounts_bit8, triggerRate_bit9, triggerCounts_bit9, triggerRate_bit10, triggerCounts_bit10, triggerRate_bit11, triggerCounts_bit11, triggerRate_bit12, triggerCounts_bit12, triggerRate_bit13, triggerCounts_bit13, triggerRate_tot,  triggerCounts_tot  
1, 1.85399, 450, 1.31839, 320, 0, 0, 0, 0, 0.0453198, 11, 0, 0, 0.185399, 45, 0, 0, 0.226599, 55, 0, 0, 0, 0, 0, 0, 0.502637, 122, 4.13234, 1003
subrunnum, triggerRate_bit1, triggerCounts_bit1, triggerRate_bit2, triggerCounts_bit2, triggerRate_bit3, triggerCounts_bit3, triggerRate_bit4, triggerCounts_bit4, triggerRate_bit5, triggerCounts_bit5, triggerRate_bit6, triggerCounts_bit6, triggerRate_bit7, triggerCounts_bit7, triggerRate_bit8, triggerCounts_bit8, triggerRate_bit9, triggerCounts_bit9, triggerRate_bit10, triggerCounts_bit10, triggerRate_bit11, triggerCounts_bit11, triggerRate_bit12, triggerCounts_bit12, triggerRate_bit13, triggerCounts_bit13, triggerRate_tot,  triggerCounts_tot  
2, 2.22965, 503, 1.29435, 292, 0, 0, 0, 0, 0.0709231, 16, 0, 0, 0.141846, 32, 0, 0, 0.199471, 45, 0, 0, 0, 0, 0, 0, 0.500894, 113, 4.43713, 1001
subrunnum, triggerRate_bit1, triggerCounts_bit1, triggerRate_bit2, triggerCounts_bit2, triggerRate_bit3, triggerCounts_bit3, triggerRate_bit4, triggerCounts_bit4, triggerRate_bit5, triggerCounts_bit5, triggerRate_bit6, triggerCounts_bit6, triggerRate_bit7, triggerCounts_bit7, triggerRate_bit8, triggerCounts_bit8, triggerRate_bit9, triggerCounts_bit9, triggerRate_bit10, triggerCounts_bit10, triggerRate_bit11, triggerCounts_bit11, triggerRate_bit12, triggerCounts_bit12, triggerRate_bit13, triggerCounts_bit13, triggerRate_tot,  triggerCounts_tot  
3, 2.27628, 513, 1.23798, 279, 0, 0, 0, 0, 0.0576836, 13, 0, 0, 0.146428, 33, 0, 0, 0.239609, 54, 0, 0, 0, 0, 0, 0, 0.496967, 112, 4.45495, 1004
subrunnum, triggerRate_bit1, triggerCounts_bit1, triggerRate_bit2, triggerCounts_bit2, triggerRate_bit3, triggerCounts_bit3, triggerRate_bit4, triggerCounts_bit4, triggerRate_bit5, triggerCounts_bit5, triggerRate_bit6, triggerCounts_bit6, triggerRate_bit7, triggerCounts_bit7, triggerRate_bit8, triggerCounts_bit8, triggerRate_bit9, triggerCounts_bit9, triggerRate_bit10, triggerCounts_bit10, triggerRate_bit11, triggerCounts_bit11, triggerRate_bit12, triggerCounts_bit12, triggerRate_bit13, triggerCounts_bit13, triggerRate_tot,  triggerCounts_tot  
4, 2.18852, 499, 1.35083, 308, 0, 0, 0, 0, 0.0394724, 9, 0, 0, 0.0964881, 22, 0, 0, 0.210519, 48, 0, 0, 0, 0, 0, 0, 0.504369, 115, 4.39021, 1001
subrunnum, triggerRate_bit1, triggerCounts_bit1, triggerRate_bit2, triggerCounts_bit2, triggerRate_bit3, triggerCounts_bit3, triggerRate_bit4, triggerCounts_bit4, triggerRate_bit5, triggerCounts_bit5, triggerRate_bit6, triggerCounts_bit6, triggerRate_bit7, triggerCounts_bit7, triggerRate_bit8, triggerCounts_bit8, triggerRate_bit9, triggerCounts_bit9, triggerRate_bit10, triggerCounts_bit10, triggerRate_bit11, triggerCounts_bit11, triggerRate_bit12, triggerCounts_bit12, triggerRate_bit13, triggerCounts_bit13, triggerRate_tot,  triggerCounts_tot  
5, 2.10351, 481, 1.36006, 311, 0, 0, 0, 0, 0.0481051, 11, 0, 0, 0.179301, 41, 0, 0, 0.201167, 46, 0, 0, 0, 0, 0, 0, 0.498544, 114, 4.39069, 1004
subrunnum, triggerRate_bit1, triggerCounts_bit1, triggerRate_bit2, triggerCounts_bit2, triggerRate_bit3, triggerCounts_bit3, triggerRate_bit4, triggerCounts_bit4, triggerRate_bit5, triggerCounts_bit5, triggerRate_bit6, triggerCounts_bit6, triggerRate_bit7, triggerCounts_bit7, triggerRate_bit8, triggerCounts_bit8, triggerRate_bit9, triggerCounts_bit9, triggerRate_bit10, triggerCounts_bit10, triggerRate_bit11, triggerCounts_bit11, triggerRate_bit12, triggerCounts_bit12, triggerRate_bit13, triggerCounts_bit13, triggerRate_tot,  triggerCounts_tot  
6, 2.39964, 541, 1.23752, 279, 0, 0, 0, 0, 0.0310489, 7, 0, 0, 0.110889, 25, 0, 0, 0.164116, 37, 0, 0, 0, 0, 0, 0, 0.501219, 113, 4.44443, 1002
subrunnum, triggerRate_bit1, triggerCounts_bit1, triggerRate_bit2, triggerCounts_bit2, triggerRate_bit3, triggerCounts_bit3, triggerRate_bit4, triggerCounts_bit4, triggerRate_bit5, triggerCounts_bit5, triggerRate_bit6, triggerCounts_bit6, triggerRate_bit7, triggerCounts_bit7, triggerRate_bit8, triggerCounts_bit8, triggerRate_bit9, triggerCounts_bit9, triggerRate_bit10, triggerCounts_bit10, triggerRate_bit11, triggerCounts_bit11, triggerRate_bit12, triggerCounts_bit12, triggerRate_bit13, triggerCounts_bit13, triggerRate_tot,  triggerCounts_tot  
7, 2.04409, 484, 1.28811, 305, 0, 0, 0, 0, 0.0549032, 13, 0, 0, 0.13937, 33, 0, 0, 0.206943, 49, 0, 0, 0, 0, 0, 0, 0.502575, 119, 4.23599, 1003
subrunnum, triggerRate_bit1, triggerCounts_bit1, triggerRate_bit2, triggerCounts_bit2, triggerRate_bit3, triggerCounts_bit3, triggerRate_bit4, triggerCounts_bit4, triggerRate_bit5, triggerCounts_bit5, triggerRate_bit6, triggerCounts_bit6, triggerRate_bit7, triggerCounts_bit7, triggerRate_bit8, triggerCounts_bit8, triggerRate_bit9, triggerCounts_bit9, triggerRate_bit10, triggerCounts_bit10, triggerRate_bit11, triggerCounts_bit11, triggerRate_bit12, triggerCounts_bit12, triggerRate_bit13, triggerCounts_bit13, triggerRate_tot,  triggerCounts_tot  
8, 2.0507, 460, 1.40429, 315, 0, 0, 0, 0, 0.0624127, 14, 0, 0, 0.191696, 43, 0, 0, 0.254109, 57, 0, 0, 0, 0, 0, 0, 0.499302, 112, 4.46251, 1001
subrunnum, triggerRate_bit1, triggerCounts_bit1, triggerRate_bit2, triggerCounts_bit2, triggerRate_bit3, triggerCounts_bit3, triggerRate_bit4, triggerCounts_bit4, triggerRate_bit5, triggerCounts_bit5, triggerRate_bit6, triggerCounts_bit6, triggerRate_bit7, triggerCounts_bit7, triggerRate_bit8, triggerCounts_bit8, triggerRate_bit9, triggerCounts_bit9, triggerRate_bit10, triggerCounts_bit10, triggerRate_bit11, triggerCounts_bit11, triggerRate_bit12, triggerCounts_bit12, triggerRate_bit13, triggerCounts_bit13, triggerRate_tot,  triggerCounts_tot  
9, 1.98689, 460, 1.37354, 318, 0, 0, 0, 0, 0.0604704, 14, 0, 0, 0.207327, 48, 0, 0, 0.215966, 50, 0, 0, 0, 0, 0, 0, 0.496721, 115, 4.34091, 1005
subrunnum, triggerRate_bit1, triggerCounts_bit1, triggerRate_bit2, triggerCounts_bit2, triggerRate_bit3, triggerCounts_bit3, triggerRate_bit4, triggerCounts_bit4, triggerRate_bit5, triggerCounts_bit5, triggerRate_bit6, triggerCounts_bit6, triggerRate_bit7, triggerCounts_bit7, triggerRate_bit8, triggerCounts_bit8, triggerRate_bit9, triggerCounts_bit9, triggerRate_bit10, triggerCounts_bit10, triggerRate_bit11, triggerCounts_bit11, triggerRate_bit12, triggerCounts_bit12, triggerRate_bit13, triggerCounts_bit13, triggerRate_tot,  triggerCounts_tot  
10, 2.03734, 454, 1.47191, 328, 0, 0, 0, 0, 0.0762881, 17, 0, 0, 0.148089, 33, 0, 0, 0.264764, 59, 0, 0, 0, 0, 0, 0, 0.502604, 112, 4.501, 1003
subrunnum, triggerRate_bit1, triggerCounts_bit1, triggerRate_bit2, triggerCounts_bit2, triggerRate_bit3, triggerCounts_bit3, triggerRate_bit4, triggerCounts_bit4, triggerRate_bit5, triggerCounts_bit5, triggerRate_bit6, triggerCounts_bit6, triggerRate_bit7, triggerCounts_bit7, triggerRate_bit8, triggerCounts_bit8, triggerRate_bit9, triggerCounts_bit9, triggerRate_bit10, triggerCounts_bit10, triggerRate_bit11, triggerCounts_bit11, triggerRate_bit12, triggerCounts_bit12, triggerRate_bit13, triggerCounts_bit13, triggerRate_tot,  triggerCounts_tot  
11, 2.13733, 466, 1.52732, 333, 0, 0, 0, 0, 0.0733847, 16, 0, 0, 0.123837, 27, 0, 0, 0.256847, 56, 0, 0, 0, 0, 0, 0, 0.499933, 109, 4.61865, 1007
subrunnum, triggerRate_bit1, triggerCounts_bit1, triggerRate_bit2, triggerCounts_bit2, triggerRate_bit3, triggerCounts_bit3, triggerRate_bit4, triggerCounts_bit4, triggerRate_bit5, triggerCounts_bit5, triggerRate_bit6, triggerCounts_bit6, triggerRate_bit7, triggerCounts_bit7, triggerRate_bit8, triggerCounts_bit8, triggerRate_bit9, triggerCounts_bit9, triggerRate_bit10, triggerCounts_bit10, triggerRate_bit11, triggerCounts_bit11, triggerRate_bit12, triggerCounts_bit12, triggerRate_bit13, triggerCounts_bit13, triggerRate_tot,  triggerCounts_tot  
12, 2.17316, 504, 1.26768, 294, 0, 0, 0, 0, 0.0560538, 13, 0, 0, 0.150914, 35, 0, 0, 0.172473, 40, 0, 0, 0, 0, 0, 0, 0.500172, 116, 4.32045, 1002
subrunnum, triggerRate_bit1, triggerCounts_bit1, triggerRate_bit2, triggerCounts_bit2, triggerRate_bit3, triggerCounts_bit3, triggerRate_bit4, triggerCounts_bit4, triggerRate_bit5, triggerCounts_bit5, triggerRate_bit6, triggerCounts_bit6, triggerRate_bit7, triggerCounts_bit7, triggerRate_bit8, triggerCounts_bit8, triggerRate_bit9, triggerCounts_bit9, triggerRate_bit10, triggerCounts_bit10, triggerRate_bit11, triggerCounts_bit11, triggerRate_bit12, triggerCounts_bit12, triggerRate_bit13, triggerCounts_bit13, triggerRate_tot,  triggerCounts_tot  
13, 2.16077, 476, 1.4844, 327, 0, 0, 0, 0, 0.0272366, 6, 0, 0, 0.145262, 32, 0, 0, 0.24513, 54, 0, 0, 0, 0, 0, 0, 0.499338, 110, 4.56214, 1005
subrunnum, triggerRate_bit1, triggerCounts_bit1, triggerRate_bit2, triggerCounts_bit2, triggerRate_bit3, triggerCounts_bit3, triggerRate_bit4, triggerCounts_bit4, triggerRate_bit5, triggerCounts_bit5, triggerRate_bit6, triggerCounts_bit6, triggerRate_bit7, triggerCounts_bit7, triggerRate_bit8, triggerCounts_bit8, triggerRate_bit9, triggerCounts_bit9, triggerRate_bit10, triggerCounts_bit10, triggerRate_bit11, triggerCounts_bit11, triggerRate_bit12, triggerCounts_bit12, triggerRate_bit13, triggerCounts_bit13, triggerRate_tot,  triggerCounts_tot  
14, 2.06204, 478, 1.38044, 320, 0, 0, 0, 0, 0.038825, 9, 0, 0, 0.1553, 36, 0, 0, 0.198439, 46, 0, 0, 0, 0, 0, 0, 0.500411, 116, 4.33546, 1005
subrunnum, triggerRate_bit1, triggerCounts_bit1, triggerRate_bit2, triggerCounts_bit2, triggerRate_bit3, triggerCounts_bit3, triggerRate_bit4, triggerCounts_bit4, triggerRate_bit5, triggerCounts_bit5, triggerRate_bit6, triggerCounts_bit6, triggerRate_bit7, triggerCounts_bit7, triggerRate_bit8, triggerCounts_bit8, triggerRate_bit9, triggerCounts_bit9, triggerRate_bit10, triggerCounts_bit10, triggerRate_bit11, triggerCounts_bit11, triggerRate_bit12, triggerCounts_bit12, triggerRate_bit13, triggerCounts_bit13, triggerRate_tot,  triggerCounts_tot  
15, 2.1823, 481, 1.42462, 314, 0, 0, 0, 0, 0.0816662, 18, 0, 0, 0.158795, 35, 0, 0, 0.204165, 45, 0, 0, 0, 0, 0, 0, 0.503608, 111, 4.55516, 1004
subrunnum, triggerRate_bit1, triggerCounts_bit1, triggerRate_bit2, triggerCounts_bit2, triggerRate_bit3, triggerCounts_bit3, triggerRate_bit4, triggerCounts_bit4, triggerRate_bit5, triggerCounts_bit5, triggerRate_bit6, triggerCounts_bit6, triggerRate_bit7, triggerCounts_bit7, triggerRate_bit8, triggerCounts_bit8, triggerRate_bit9, triggerCounts_bit9, triggerRate_bit10, triggerCounts_bit10, triggerRate_bit11, triggerCounts_bit11, triggerRate_bit12, triggerCounts_bit12, triggerRate_bit13, triggerCounts_bit13, triggerRate_tot,  triggerCounts_tot  
16, 2.16939, 493, 1.23211, 280, 0, 0, 0, 0, 0.0836072, 19, 0, 0, 0.202417, 46, 0, 0, 0.22882, 52, 0, 0, 0, 0, 0, 0, 0.497243, 113, 4.41358, 1003
subrunnum, triggerRate_bit1, triggerCounts_bit1, triggerRate_bit2, triggerCounts_bit2, triggerRate_bit3, triggerCounts_bit3, triggerRate_bit4, triggerCounts_bit4, triggerRate_bit5, triggerCounts_bit5, triggerRate_bit6, triggerCounts_bit6, triggerRate_bit7, triggerCounts_bit7, triggerRate_bit8, triggerCounts_bit8, triggerRate_bit9, triggerCounts_bit9, triggerRate_bit10, triggerCounts_bit10, triggerRate_bit11, triggerCounts_bit11, triggerRate_bit12, triggerCounts_bit12, triggerRate_bit13, triggerCounts_bit13, triggerRate_tot,  triggerCounts_tot  
17, 2.28744, 504, 1.36157, 300, 0, 0, 0, 0, 0.0453856, 10, 0, 0, 0.136157, 30, 0, 0, 0.217851, 48, 0, 0, 0, 0, 0, 0, 0.503781, 111, 4.55218, 1003
subrunnum, triggerRate_bit1, triggerCounts_bit1, triggerRate_bit2, triggerCounts_bit2, triggerRate_bit3, triggerCounts_bit3, triggerRate_bit4, triggerCounts_bit4, triggerRate_bit5, triggerCounts_bit5, triggerRate_bit6, triggerCounts_bit6, triggerRate_bit7, triggerCounts_bit7, triggerRate_bit8, triggerCounts_bit8, triggerRate_bit9, triggerCounts_bit9, triggerRate_bit10, triggerCounts_bit10, triggerRate_bit11, triggerCounts_bit11, triggerRate_bit12, triggerCounts_bit12, triggerRate_bit13, triggerCounts_bit13, triggerRate_tot,  triggerCounts_tot  
18, 1.97076, 462, 1.37356, 322, 0, 0, 0, 0, 0.076783, 18, 0, 0, 0.157832, 37, 0, 0, 0.20902, 49, 0, 0, 0, 0, 0, 0, 0.499089, 117, 4.28705, 1005
subrunnum, triggerRate_bit1, triggerCounts_bit1, triggerRate_bit2, triggerCounts_bit2, triggerRate_bit3, triggerCounts_bit3, triggerRate_bit4, triggerCounts_bit4, triggerRate_bit5, triggerCounts_bit5, triggerRate_bit6, triggerCounts_bit6, triggerRate_bit7, triggerCounts_bit7, triggerRate_bit8, triggerCounts_bit8, triggerRate_bit9, triggerCounts_bit9, triggerRate_bit10, triggerCounts_bit10, triggerRate_bit11, triggerCounts_bit11, triggerRate_bit12, triggerCounts_bit12, triggerRate_bit13, triggerCounts_bit13, triggerRate_tot,  triggerCounts_tot  
19, 2.1841, 482, 1.42284, 314, 0, 0, 0, 0, 0.0226566, 5, 0, 0, 0.181253, 40, 0, 0, 0.24016, 53, 0, 0, 0, 0, 0, 0, 0.498446, 110, 4.54945, 1004
subrunnum, triggerRate_bit1, triggerCounts_bit1, triggerRate_bit2, triggerCounts_bit2, triggerRate_bit3, triggerCounts_bit3, triggerRate_bit4, triggerCounts_bit4, triggerRate_bit5, triggerCounts_bit5, triggerRate_bit6, triggerCounts_bit6, triggerRate_bit7, triggerCounts_bit7, triggerRate_bit8, triggerCounts_bit8, triggerRate_bit9, triggerCounts_bit9, triggerRate_bit10, triggerCounts_bit10, triggerRate_bit11, triggerCounts_bit11, triggerRate_bit12, triggerCounts_bit12, triggerRate_bit13, triggerCounts_bit13, triggerRate_tot,  triggerCounts_tot  
20, 2.13478, 491, 1.36522, 314, 0, 0, 0, 0, 0.0304348, 7, 0, 0, 0.143478, 33, 0, 0, 0.182609, 42, 0, 0, 0, 0, 0, 0, 0.504348, 116, 4.36087, 1003
subrunnum, triggerRate_bit1, triggerCounts_bit1, triggerRate_bit2, triggerCounts_bit2, triggerRate_bit3, triggerCounts_bit3, triggerRate_bit4, triggerCounts_bit4, triggerRate_bit5, triggerCounts_bit5, triggerRate_bit6, triggerCounts_bit6, triggerRate_bit7, triggerCounts_bit7, triggerRate_bit8, triggerCounts_bit8, triggerRate_bit9, triggerCounts_bit9, triggerRate_bit10, triggerCounts_bit10, triggerRate_bit11, triggerCounts_bit11, triggerRate_bit12, triggerCounts_bit12, triggerRate_bit13, triggerCounts_bit13, triggerRate_tot,  triggerCounts_tot  
21, 2.05293, 490, 1.2569, 300, 0, 0, 0, 0, 0.0377069, 9, 0, 0, 0.175966, 42, 0, 0, 0.167586, 40, 0, 0, 0, 0, 0, 0, 0.498569, 119, 4.18966, 1000
subrunnum, triggerRate_bit1, triggerCounts_bit1, triggerRate_bit2, triggerCounts_bit2, triggerRate_bit3, triggerCounts_bit3, triggerRate_bit4, triggerCounts_bit4, triggerRate_bit5, triggerCounts_bit5, triggerRate_bit6, triggerCounts_bit6, triggerRate_bit7, triggerCounts_bit7, triggerRate_bit8, triggerCounts_bit8, triggerRate_bit9, triggerCounts_bit9, triggerRate_bit10, triggerCounts_bit10, triggerRate_bit11, triggerCounts_bit11, triggerRate_bit12, triggerCounts_bit12, triggerRate_bit13, triggerCounts_bit13, triggerRate_tot,  triggerCounts_tot  
22, 2.0898, 486, 1.2857, 299, 0, 0, 0, 0, 0.0473001, 11, 0, 0, 0.1419, 33, 0, 0, 0.249401, 58, 0, 0, 0, 0, 0, 0, 0.503101, 117, 4.31721, 1004
subrunnum, triggerRate_bit1, triggerCounts_bit1, triggerRate_bit2, triggerCounts_bit2, triggerRate_bit3, triggerCounts_bit3, triggerRate_bit4, triggerCounts_bit4, triggerRate_bit5, triggerCounts_bit5, triggerRate_bit6, triggerCounts_bit6, triggerRate_bit7, triggerCounts_bit7, triggerRate_bit8, triggerCounts_bit8, triggerRate_bit9, triggerCounts_bit9, triggerRate_bit10, triggerCounts_bit10, triggerRate_bit11, triggerCounts_bit11, triggerRate_bit12, triggerCounts_bit12, triggerRate_bit13, triggerCounts_bit13, triggerRate_tot,  triggerCounts_tot  
23, 2.19306, 493, 1.33452, 300, 0, 0, 0, 0, 0.0800711, 18, 0, 0, 0.151245, 34, 0, 0, 0.200178, 45, 0, 0, 0, 0, 0, 0, 0.49822, 112, 4.45729, 1002
subrunnum, triggerRate_bit1, triggerCounts_bit1, triggerRate_bit2, triggerCounts_bit2, triggerRate_bit3, triggerCounts_bit3, triggerRate_bit4, triggerCounts_bit4, triggerRate_bit5, triggerCounts_bit5, triggerRate_bit6, triggerCounts_bit6, triggerRate_bit7, triggerCounts_bit7, triggerRate_bit8, triggerCounts_bit8, triggerRate_bit9, triggerCounts_bit9, triggerRate_bit10, triggerCounts_bit10, triggerRate_bit11, triggerCounts_bit11, triggerRate_bit12, triggerCounts_bit12, triggerRate_bit13, triggerCounts_bit13, triggerRate_tot,  triggerCounts_tot  
24, 2.05948, 478, 1.39596, 324, 0, 0, 0, 0, 0.0215427, 5, 0, 0, 0.137873, 32, 0, 0, 0.219735, 51, 0, 0, 0, 0, 0, 0, 0.491173, 114, 4.32577, 1004
subrunnum, triggerRate_bit1, triggerCounts_bit1, triggerRate_bit2, triggerCounts_bit2, triggerRate_bit3, triggerCounts_bit3, triggerRate_bit4, triggerCounts_bit4, triggerRate_bit5, triggerCounts_bit5, triggerRate_bit6, triggerCounts_bit6, triggerRate_bit7, triggerCounts_bit7, triggerRate_bit8, triggerCounts_bit8, triggerRate_bit9, triggerCounts_bit9, triggerRate_bit10, triggerCounts_bit10, triggerRate_bit11, triggerCounts_bit11, triggerRate_bit12, triggerCounts_bit12, triggerRate_bit13, triggerCounts_bit13, triggerRate_tot,  triggerCounts_tot  
25, 2.11692, 488, 1.32307, 305, 0, 0, 0, 0, 0.0520553, 12, 0, 0, 0.16918, 39, 0, 0, 0.186532, 43, 0, 0, 0, 0, 0, 0, 0.498864, 115, 4.34662, 1002
subrunnum, triggerRate_bit1, triggerCounts_bit1, triggerRate_bit2, triggerCounts_bit2, triggerRate_bit3, triggerCounts_bit3, triggerRate_bit4, triggerCounts_bit4, triggerRate_bit5, triggerCounts_bit5, triggerRate_bit6, triggerCounts_bit6, triggerRate_bit7, triggerCounts_bit7, triggerRate_bit8, triggerCounts_bit8, triggerRate_bit9, triggerCounts_bit9, triggerRate_bit10, triggerCounts_bit10, triggerRate_bit11, triggerCounts_bit11, triggerRate_bit12, triggerCounts_bit12, triggerRate_bit13, triggerCounts_bit13, triggerRate_tot,  triggerCounts_tot  
26, 2.08187, 487, 1.31667, 308, 0, 0, 0, 0, 0.042749, 10, 0, 0, 0.145346, 34, 0, 0, 0.205195, 48, 0, 0, 0, 0, 0, 0, 0.500163, 117, 4.292, 1004
subrunnum, triggerRate_bit1, triggerCounts_bit1, triggerRate_bit2, triggerCounts_bit2, triggerRate_bit3, triggerCounts_bit3, triggerRate_bit4, triggerCounts_bit4, triggerRate_bit5, triggerCounts_bit5, triggerRate_bit6, triggerCounts_bit6, triggerRate_bit7, triggerCounts_bit7, triggerRate_bit8, triggerCounts_bit8, triggerRate_bit9, triggerCounts_bit9, triggerRate_bit10, triggerCounts_bit10, triggerRate_bit11, triggerCounts_bit11, triggerRate_bit12, triggerCounts_bit12, triggerRate_bit13, triggerCounts_bit13, triggerRate_tot,  triggerCounts_tot  
27, 2.1493, 489, 1.3098, 298, 0, 0, 0, 0, 0.0395576, 9, 0, 0, 0.171416, 39, 0, 0, 0.259322, 59, 0, 0, 0, 0, 0, 0, 0.501063, 114, 4.43046, 1008
subrunnum, triggerRate_bit1, triggerCounts_bit1, triggerRate_bit2, triggerCounts_bit2, triggerRate_bit3, triggerCounts_bit3, triggerRate_bit4, triggerCounts_bit4, triggerRate_bit5, triggerCounts_bit5, triggerRate_bit6, triggerCounts_bit6, triggerRate_bit7, triggerCounts_bit7, triggerRate_bit8, triggerCounts_bit8, triggerRate_bit9, triggerCounts_bit9, triggerRate_bit10, triggerCounts_bit10, triggerRate_bit11, triggerCounts_bit11, triggerRate_bit12, triggerCounts_bit12, triggerRate_bit13, triggerCounts_bit13, triggerRate_tot,  triggerCounts_tot  
28, 2.32326, 505, 1.41696, 308, 0, 0, 0, 0, 0.0368041, 8, 0, 0, 0.142616, 31, 0, 0, 0.193221, 42, 0, 0, 0, 0, 0, 0, 0.501456, 109, 4.61431, 1003
subrunnum, triggerRate_bit1, triggerCounts_bit1, triggerRate_bit2, triggerCounts_bit2, triggerRate_bit3, triggerCounts_bit3, triggerRate_bit4, triggerCounts_bit4, triggerRate_bit5, triggerCounts_bit5, triggerRate_bit6, triggerCounts_bit6, triggerRate_bit7, triggerCounts_bit7, triggerRate_bit8, triggerCounts_bit8, triggerRate_bit9, triggerCounts_bit9, triggerRate_bit10, triggerCounts_bit10, triggerRate_bit11, triggerCounts_bit11, triggerRate_bit12, triggerCounts_bit12, triggerRate_bit13, triggerCounts_bit13, triggerRate_tot,  triggerCounts_tot  
29, 2.12622, 482, 1.31896, 299, 0, 0, 0, 0, 0.0573461, 13, 0, 0, 0.211739, 48, 0, 0, 0.216151, 49, 0, 0, 0, 0, 0, 0, 0.49847, 113, 4.42888, 1004
subrunnum, triggerRate_bit1, triggerCounts_bit1, triggerRate_bit2, triggerCounts_bit2, triggerRate_bit3, triggerCounts_bit3, triggerRate_bit4, triggerCounts_bit4, triggerRate_bit5, triggerCounts_bit5, triggerRate_bit6, triggerCounts_bit6, triggerRate_bit7, triggerCounts_bit7, triggerRate_bit8, triggerCounts_bit8, triggerRate_bit9, triggerCounts_bit9, triggerRate_bit10, triggerCounts_bit10, triggerRate_bit11, triggerCounts_bit11, triggerRate_bit12, triggerCounts_bit12, triggerRate_bit13, triggerCounts_bit13, triggerRate_tot,  triggerCounts_tot  
30, 2.21335, 496, 1.33426, 299, 0, 0, 0, 0, 0.0490865, 11, 0, 0, 0.147259, 33, 0, 0, 0.24097, 54, 0, 0, 0, 0, 0, 0, 0.504252, 113, 4.48918, 1006
subrunnum, triggerRate_bit1, triggerCounts_bit1, triggerRate_bit2, triggerCounts_bit2, triggerRate_bit3, triggerCounts_bit3, triggerRate_bit4, triggerCounts_bit4, triggerRate_bit5, triggerCounts_bit5, triggerRate_bit6, triggerCounts_bit6, triggerRate_bit7, triggerCounts_bit7, triggerRate_bit8, triggerCounts_bit8, triggerRate_bit9, triggerCounts_bit9, triggerRate_bit10, triggerCounts_bit10, triggerRate_bit11, triggerCounts_bit11, triggerRate_bit12, triggerCounts_bit12, triggerRate_bit13, triggerCounts_bit13, triggerRate_tot,  triggerCounts_tot  
31, 2.27111, 492, 1.38944, 301, 0, 0, 0, 0, 0.0369286, 8, 0, 0, 0.166179, 36, 0, 0, 0.263116, 57, 0, 0, 0, 0, 0, 0, 0.498536, 108, 4.62531, 1002
subrunnum, triggerRate_bit1, triggerCounts_bit1, triggerRate_bit2, triggerCounts_bit2, triggerRate_bit3, triggerCounts_bit3, triggerRate_bit4, triggerCounts_bit4, triggerRate_bit5, triggerCounts_bit5, triggerRate_bit6, triggerCounts_bit6, triggerRate_bit7, triggerCounts_bit7, triggerRate_bit8, triggerCounts_bit8, triggerRate_bit9, triggerCounts_bit9, triggerRate_bit10, triggerCounts_bit10, triggerRate_bit11, triggerCounts_bit11, triggerRate_bit12, triggerCounts_bit12, triggerRate_bit13, triggerCounts_bit13, triggerRate_tot,  triggerCounts_tot  
32, 2.15957, 485, 1.33581, 300, 0, 0, 0, 0, 0.0534326, 12, 0, 0, 0.160298, 36, 0, 0, 0.244899, 55, 0, 0, 0, 0, 0, 0, 0.498704, 112, 4.45272, 1000
subrunnum, triggerRate_bit1, triggerCounts_bit1, triggerRate_bit2, triggerCounts_bit2, triggerRate_bit3, triggerCounts_bit3, triggerRate_bit4, triggerCounts_bit4, triggerRate_bit5, triggerCounts_bit5, triggerRate_bit6, triggerCounts_bit6, triggerRate_bit7, triggerCounts_bit7, triggerRate_bit8, triggerCounts_bit8, triggerRate_bit9, triggerCounts_bit9, triggerRate_bit10, triggerCounts_bit10, triggerRate_bit11, triggerCounts_bit11, triggerRate_bit12, triggerCounts_bit12, triggerRate_bit13, triggerCounts_bit13, triggerRate_tot,  triggerCounts_tot  
33, 2.24648, 488, 1.48231, 322, 0, 0, 0, 0, 0.0230172, 5, 0, 0, 0.174931, 38, 0, 0, 0.202551, 44, 0, 0, 0, 0, 0, 0, 0.501775, 109, 4.63106, 1006
subrunnum, triggerRate_bit1, triggerCounts_bit1, triggerRate_bit2, triggerCounts_bit2, triggerRate_bit3, triggerCounts_bit3, triggerRate_bit4, triggerCounts_bit4, triggerRate_bit5, triggerCounts_bit5, triggerRate_bit6, triggerCounts_bit6, triggerRate_bit7, triggerCounts_bit7, triggerRate_bit8, triggerCounts_bit8, triggerRate_bit9, triggerCounts_bit9, triggerRate_bit10, triggerCounts_bit10, triggerRate_bit11, triggerCounts_bit11, triggerRate_bit12, triggerCounts_bit12, triggerRate_bit13, triggerCounts_bit13, triggerRate_tot,  triggerCounts_tot  
34, 2.05712, 482, 1.3017, 305, 0, 0, 0, 0, 0.0640183, 15, 0, 0, 0.149376, 35, 0, 0, 0.209126, 49, 0, 0, 0, 0, 0, 0, 0.499343, 117, 4.28069, 1003
subrunnum, triggerRate_bit1, triggerCounts_bit1, triggerRate_bit2, triggerCounts_bit2, triggerRate_bit3, triggerCounts_bit3, triggerRate_bit4, triggerCounts_bit4, triggerRate_bit5, triggerCounts_bit5, triggerRate_bit6, triggerCounts_bit6, triggerRate_bit7, triggerCounts_bit7, triggerRate_bit8, triggerCounts_bit8, triggerRate_bit9, triggerCounts_bit9, triggerRate_bit10, triggerCounts_bit10, triggerRate_bit11, triggerCounts_bit11, triggerRate_bit12, triggerCounts_bit12, triggerRate_bit13, triggerCounts_bit13, triggerRate_tot,  triggerCounts_tot  
35, 2.11003, 469, 1.40818, 313, 0, 0, 0, 0, 0.0494889, 11, 0, 0, 0.166463, 37, 0, 0, 0.287936, 64, 0, 0, 0, 0, 0, 0, 0.499388, 111, 4.52149, 1005
subrunnum, triggerRate_bit1, triggerCounts_bit1, triggerRate_bit2, triggerCounts_bit2, triggerRate_bit3, triggerCounts_bit3, triggerRate_bit4, triggerCounts_bit4, triggerRate_bit5, triggerCounts_bit5, triggerRate_bit6, triggerCounts_bit6, triggerRate_bit7, triggerCounts_bit7, triggerRate_bit8, triggerCounts_bit8, triggerRate_bit9, triggerCounts_bit9, triggerRate_bit10, triggerCounts_bit10, triggerRate_bit11, triggerCounts_bit11, triggerRate_bit12, triggerCounts_bit12, triggerRate_bit13, triggerCounts_bit13, triggerRate_tot,  triggerCounts_tot  
36, 2.11384, 481, 1.34477, 306, 0, 0, 0, 0, 0.0219734, 5, 0, 0, 0.184577, 42, 0, 0, 0.246102, 56, 0, 0, 0, 0, 0, 0, 0.500994, 114, 4.41226, 1004
subrunnum, triggerRate_bit1, triggerCounts_bit1, triggerRate_bit2, triggerCounts_bit2, triggerRate_bit3, triggerCounts_bit3, triggerRate_bit4, triggerCounts_bit4, triggerRate_bit5, triggerCounts_bit5, triggerRate_bit6, triggerCounts_bit6, triggerRate_bit7, triggerCounts_bit7, triggerRate_bit8, triggerCounts_bit8, triggerRate_bit9, triggerCounts_bit9, triggerRate_bit10, triggerCounts_bit10, triggerRate_bit11, triggerCounts_bit11, triggerRate_bit12, triggerCounts_bit12, triggerRate_bit13, triggerCounts_bit13, triggerRate_tot,  triggerCounts_tot  
37, 2.13266, 475, 1.33347, 297, 0, 0, 0, 0, 0.0718368, 16, 0, 0, 0.188572, 42, 0, 0, 0.273878, 61, 0, 0, 0, 0, 0, 0, 0.502858, 112, 4.50327, 1003
subrunnum, triggerRate_bit1, triggerCounts_bit1, triggerRate_bit2, triggerCounts_bit2, triggerRate_bit3, triggerCounts_bit3, triggerRate_bit4, triggerCounts_bit4, triggerRate_bit5, triggerCounts_bit5, triggerRate_bit6, triggerCounts_bit6, triggerRate_bit7, triggerCounts_bit7, triggerRate_bit8, triggerCounts_bit8, triggerRate_bit9, triggerCounts_bit9, triggerRate_bit10, triggerCounts_bit10, triggerRate_bit11, triggerCounts_bit11, triggerRate_bit12, triggerCounts_bit12, triggerRate_bit13, triggerCounts_bit13, triggerRate_tot,  triggerCounts_tot  
38, 2.00326, 476, 1.34252, 319, 0, 0, 0, 0, 0.0631278, 15, 0, 0, 0.138881, 33, 0, 0, 0.176758, 42, 0, 0, 0, 0, 0, 0, 0.500814, 119, 4.22535, 1004
subrunnum, triggerRate_bit1, triggerCounts_bit1, triggerRate_bit2, triggerCounts_bit2, triggerRate_bit3, triggerCounts_bit3, triggerRate_bit4, triggerCounts_bit4, triggerRate_bit5, triggerCounts_bit5, triggerRate_bit6, triggerCounts_bit6, triggerRate_bit7, triggerCounts_bit7, triggerRate_bit8, triggerCounts_bit8, triggerRate_bit9, triggerCounts_bit9, triggerRate_bit10, triggerCounts_bit10, triggerRate_bit11, triggerCounts_bit11, triggerRate_bit12, triggerCounts_bit12, triggerRate_bit13, triggerCounts_bit13, triggerRate_tot,  triggerCounts_tot  
39, 2.19896, 494, 1.29534, 291, 0, 0, 0, 0, 0.0400621, 9, 0, 0, 0.1647, 37, 0, 0, 0.267081, 60, 0, 0, 0, 0, 0, 0, 0.49855, 112, 4.4647, 1003
subrunnum, triggerRate_bit1, triggerCounts_bit1, triggerRate_bit2, triggerCounts_bit2, triggerRate_bit3, triggerCounts_bit3, triggerRate_bit4, triggerCounts_bit4, triggerRate_bit5, triggerCounts_bit5, triggerRate_bit6, triggerCounts_bit6, triggerRate_bit7, triggerCounts_bit7, triggerRate_bit8, triggerCounts_bit8, triggerRate_bit9, triggerCounts_bit9, triggerRate_bit10, triggerCounts_bit10, triggerRate_bit11, triggerCounts_bit11, triggerRate_bit12, triggerCounts_bit12, triggerRate_bit13, triggerCounts_bit13, triggerRate_tot,  triggerCounts_tot  
40, 2.32363, 504, 1.35084, 293, 0, 0, 0, 0, 0.0507141, 11, 0, 0, 0.225908, 49, 0, 0, 0.170584, 37, 0, 0, 0, 0, 0, 0, 0.49792, 108, 4.61959, 1002
subrunnum, triggerRate_bit1, triggerCounts_bit1, triggerRate_bit2, triggerCounts_bit2, triggerRate_bit3, triggerCounts_bit3, triggerRate_bit4, triggerCounts_bit4, triggerRate_bit5, triggerCounts_bit5, triggerRate_bit6, triggerCounts_bit6, triggerRate_bit7, triggerCounts_bit7, triggerRate_bit8, triggerCounts_bit8, triggerRate_bit9, triggerCounts_bit9, triggerRate_bit10, triggerCounts_bit10, triggerRate_bit11, triggerCounts_bit11, triggerRate_bit12, triggerCounts_bit12, triggerRate_bit13, triggerCounts_bit13, triggerRate_tot,  triggerCounts_tot  
41, 2.18993, 503, 1.30177, 299, 0, 0, 0, 0, 0.0565986, 13, 0, 0, 0.13932, 32, 0, 0, 0.178503, 41, 0, 0, 0, 0, 0, 0, 0.50068, 115, 4.3668, 1003
subrunnum, triggerRate_bit1, triggerCounts_bit1, triggerRate_bit2, triggerCounts_bit2, triggerRate_bit3, triggerCounts_bit3, triggerRate_bit4, triggerCounts_bit4, triggerRate_bit5, triggerCounts_bit5, triggerRate_bit6, triggerCounts_bit6, triggerRate_bit7, triggerCounts_bit7, triggerRate_bit8, triggerCounts_bit8, triggerRate_bit9, triggerCounts_bit9, triggerRate_bit10, triggerCounts_bit10, triggerRate_bit11, triggerCounts_bit11, triggerRate_bit12, triggerCounts_bit12, triggerRate_bit13, triggerCounts_bit13, triggerRate_tot,  triggerCounts_tot  
42, 2.22373, 503, 1.27323, 288, 0, 0, 0, 0, 0.075156, 17, 0, 0, 0.150312, 34, 0, 0, 0.203363, 46, 0, 0, 0, 0, 0, 0, 0.503987, 114, 4.42978, 1002
subrunnum, triggerRate_bit1, triggerCounts_bit1, triggerRate_bit2, triggerCounts_bit2, triggerRate_bit3, triggerCounts_bit3, triggerRate_bit4, triggerCounts_bit4, triggerRate_bit5, triggerCounts_bit5, triggerRate_bit6, triggerCounts_bit6, triggerRate_bit7, triggerCounts_bit7, triggerRate_bit8, triggerCounts_bit8, triggerRate_bit9, triggerCounts_bit9, triggerRate_bit10, triggerCounts_bit10, triggerRate_bit11, triggerCounts_bit11, triggerRate_bit12, triggerCounts_bit12, triggerRate_bit13, triggerCounts_bit13, triggerRate_tot,  triggerCounts_tot  
43, 2.20962, 498, 1.26898, 286, 0, 0, 0, 0, 0.0976138, 22, 0, 0, 0.146421, 33, 0, 0, 0.22185, 50, 0, 0, 0, 0, 0, 0, 0.496943, 112, 4.44143, 1001
subrunnum, triggerRate_bit1, triggerCounts_bit1, triggerRate_bit2, triggerCounts_bit2, triggerRate_bit3, triggerCounts_bit3, triggerRate_bit4, triggerCounts_bit4, triggerRate_bit5, triggerCounts_bit5, triggerRate_bit6, triggerCounts_bit6, triggerRate_bit7, triggerCounts_bit7, triggerRate_bit8, triggerCounts_bit8, triggerRate_bit9, triggerCounts_bit9, triggerRate_bit10, triggerCounts_bit10, triggerRate_bit11, triggerCounts_bit11, triggerRate_bit12, triggerCounts_bit12, triggerRate_bit13, triggerCounts_bit13, triggerRate_tot,  triggerCounts_tot  
44, 2.29105, 528, 1.20193, 277, 0, 0, 0, 0, 0.0607476, 14, 0, 0, 0.0954605, 22, 0, 0, 0.186582, 43, 0, 0, 0, 0, 0, 0, 0.503337, 116, 4.33911, 1000
subrunnum, triggerRate_bit1, triggerCounts_bit1, triggerRate_bit2, triggerCounts_bit2, triggerRate_bit3, triggerCounts_bit3, triggerRate_bit4, triggerCounts_bit4, triggerRate_bit5, triggerCounts_bit5, triggerRate_bit6, triggerCounts_bit6, triggerRate_bit7, triggerCounts_bit7, triggerRate_bit8, triggerCounts_bit8, triggerRate_bit9, triggerCounts_bit9, triggerRate_bit10, triggerCounts_bit10, triggerRate_bit11, triggerCounts_bit11, triggerRate_bit12, triggerCounts_bit12, triggerRate_bit13, triggerCounts_bit13, triggerRate_tot,  triggerCounts_tot  
45, 2.09497, 487, 1.28623, 299, 0, 0, 0, 0, 0.0430178, 10, 0, 0, 0.163468, 38, 0, 0, 0.219391, 51, 0, 0, 0, 0, 0, 0, 0.499006, 116, 4.30608, 1001
subrunnum, triggerRate_bit1, triggerCounts_bit1, triggerRate_bit2, triggerCounts_bit2, triggerRate_bit3, triggerCounts_bit3, triggerRate_bit4, triggerCounts_bit4, triggerRate_bit5, triggerCounts_bit5, triggerRate_bit6, triggerCounts_bit6, triggerRate_bit7, triggerCounts_bit7, triggerRate_bit8, triggerCounts_bit8, triggerRate_bit9, triggerCounts_bit9, triggerRate_bit10, triggerCounts_bit10, triggerRate_bit11, triggerCounts_bit11, triggerRate_bit12, triggerCounts_bit12, triggerRate_bit13, triggerCounts_bit13, triggerRate_tot,  triggerCounts_tot  
46, 2.19374, 487, 1.39643, 310, 0, 0, 0, 0, 0.0495506, 11, 0, 0, 0.148652, 33, 0, 0, 0.234239, 52, 0, 0, 0, 0, 0, 0, 0.500011, 111, 4.52262, 1004
subrunnum, triggerRate_bit1, triggerCounts_bit1, triggerRate_bit2, triggerCounts_bit2, triggerRate_bit3, triggerCounts_bit3, triggerRate_bit4, triggerCounts_bit4, triggerRate_bit5, triggerCounts_bit5, triggerRate_bit6, triggerCounts_bit6, triggerRate_bit7, triggerCounts_bit7, triggerRate_bit8, triggerCounts_bit8, triggerRate_bit9, triggerCounts_bit9, triggerRate_bit10, triggerCounts_bit10, triggerRate_bit11, triggerCounts_bit11, triggerRate_bit12, triggerCounts_bit12, triggerRate_bit13, triggerCounts_bit13, triggerRate_tot,  triggerCounts_tot  
47, 2.17244, 484, 1.33309, 297, 0, 0, 0, 0, 0.0897702, 20, 0, 0, 0.188517, 42, 0, 0, 0.21096, 47, 0, 0, 0, 0, 0, 0, 0.502713, 112, 4.49749, 1002
subrunnum, triggerRate_bit1, triggerCounts_bit1, triggerRate_bit2, triggerCounts_bit2, triggerRate_bit3, triggerCounts_bit3, triggerRate_bit4, triggerCounts_bit4, triggerRate_bit5, triggerCounts_bit5, triggerRate_bit6, triggerCounts_bit6, triggerRate_bit7, triggerCounts_bit7, triggerRate_bit8, triggerCounts_bit8, triggerRate_bit9, triggerCounts_bit9, triggerRate_bit10, triggerCounts_bit10, triggerRate_bit11, triggerCounts_bit11, triggerRate_bit12, triggerCounts_bit12, triggerRate_bit13, triggerCounts_bit13, triggerRate_tot,  triggerCounts_tot  
48, 2.11241, 477, 1.39499, 315, 0, 0, 0, 0, 0.0487138, 11, 0, 0, 0.18157, 41, 0, 0, 0.194855, 44, 0, 0, 0, 0, 0, 0, 0.500424, 113, 4.43296, 1001
subrunnum, triggerRate_bit1, triggerCounts_bit1, triggerRate_bit2, triggerCounts_bit2, triggerRate_bit3, triggerCounts_bit3, triggerRate_bit4, triggerCounts_bit4, triggerRate_bit5, triggerCounts_bit5, triggerRate_bit6, triggerCounts_bit6, triggerRate_bit7, triggerCounts_bit7, triggerRate_bit8, triggerCounts_bit8, triggerRate_bit9, triggerCounts_bit9, triggerRate_bit10, triggerCounts_bit10, triggerRate_bit11, triggerCounts_bit11, triggerRate_bit12, triggerCounts_bit12, triggerRate_bit13, triggerCounts_bit13, triggerRate_tot,  triggerCounts_tot  
49, 2.12912, 510, 1.23155, 295, 0, 0, 0, 0, 0.0542718, 13, 0, 0, 0.121068, 29, 0, 0, 0.162815, 39, 0, 0, 0, 0, 0, 0, 0.496796, 119, 4.19563, 1005
subrunnum, triggerRate_bit1, triggerCounts_bit1, triggerRate_bit2, triggerCounts_bit2, triggerRate_bit3, triggerCounts_bit3, triggerRate_bit4, triggerCounts_bit4, triggerRate_bit5, triggerCounts_bit5, triggerRate_bit6, triggerCounts_bit6, triggerRate_bit7, triggerCounts_bit7, triggerRate_bit8, triggerCounts_bit8, triggerRate_bit9, triggerCounts_bit9, triggerRate_bit10, triggerCounts_bit10, triggerRate_bit11, triggerCounts_bit11, triggerRate_bit12, triggerCounts_bit12, triggerRate_bit13, triggerCounts_bit13, triggerRate_tot,  triggerCounts_tot  
50, 2.14141, 493, 1.31612, 303, 0, 0, 0, 0, 0.060811, 14, 0, 0, 0.138996, 32, 0, 0, 0.199807, 46, 0, 0, 0, 0, 0, 0, 0.499519, 115, 4.35667, 1003
subrunnum, triggerRate_bit1, triggerCounts_bit1, triggerRate_bit2, triggerCounts_bit2, triggerRate_bit3, triggerCounts_bit3, triggerRate_bit4, triggerCounts_bit4, triggerRate_bit5, triggerCounts_bit5, triggerRate_bit6, triggerCounts_bit6, triggerRate_bit7, triggerCounts_bit7, triggerRate_bit8, triggerCounts_bit8, triggerRate_bit9, triggerCounts_bit9, triggerRate_bit10, triggerCounts_bit10, triggerRate_bit11, triggerCounts_bit11, triggerRate_bit12, triggerCounts_bit12, triggerRate_bit13, triggerCounts_bit13, triggerRate_tot,  triggerCounts_tot  
51, 2.14195, 492, 1.32348, 304, 0, 0, 0, 0, 0.0609498, 14, 0, 0, 0.169789, 39, 0, 0, 0.156728, 36, 0, 0, 0, 0, 0, 0, 0.500659, 115, 4.35356, 1000
subrunnum, triggerRate_bit1, triggerCounts_bit1, triggerRate_bit2, triggerCounts_bit2, triggerRate_bit3, triggerCounts_bit3, triggerRate_bit4, triggerCounts_bit4, triggerRate_bit5, triggerCounts_bit5, triggerRate_bit6, triggerCounts_bit6, triggerRate_bit7, triggerCounts_bit7, triggerRate_bit8, triggerCounts_bit8, triggerRate_bit9, triggerCounts_bit9, triggerRate_bit10, triggerCounts_bit10, triggerRate_bit11, triggerCounts_bit11, triggerRate_bit12, triggerCounts_bit12, triggerRate_bit13, triggerCounts_bit13, triggerRate_tot,  triggerCounts_tot  
52, 2.35663, 511, 1.35587, 294, 0, 0, 0, 0, 0.0507298, 11, 0, 0, 0.133742, 29, 0, 0, 0.235202, 51, 0, 0, 0, 0, 0, 0, 0.498075, 108, 4.63025, 1004
subrunnum, triggerRate_bit1, triggerCounts_bit1, triggerRate_bit2, triggerCounts_bit2, triggerRate_bit3, triggerCounts_bit3, triggerRate_bit4, triggerCounts_bit4, triggerRate_bit5, triggerCounts_bit5, triggerRate_bit6, triggerCounts_bit6, triggerRate_bit7, triggerCounts_bit7, triggerRate_bit8, triggerCounts_bit8, triggerRate_bit9, triggerCounts_bit9, triggerRate_bit10, triggerCounts_bit10, triggerRate_bit11, triggerCounts_bit11, triggerRate_bit12, triggerCounts_bit12, triggerRate_bit13, triggerCounts_bit13, triggerRate_tot,  triggerCounts_tot  
53, 2.13179, 476, 1.39283, 311, 0, 0, 0, 0, 0.0492641, 11, 0, 0, 0.161228, 36, 0, 0, 0.255278, 57, 0, 0, 0, 0, 0, 0, 0.501599, 112, 4.49199, 1003
subrunnum, triggerRate_bit1, triggerCounts_bit1, triggerRate_bit2, triggerCounts_bit2, triggerRate_bit3, triggerCounts_bit3, triggerRate_bit4, triggerCounts_bit4, triggerRate_bit5, triggerCounts_bit5, triggerRate_bit6, triggerCounts_bit6, triggerRate_bit7, triggerCounts_bit7, triggerRate_bit8, triggerCounts_bit8, triggerRate_bit9, triggerCounts_bit9, triggerRate_bit10, triggerCounts_bit10, triggerRate_bit11, triggerCounts_bit11, triggerRate_bit12, triggerCounts_bit12, triggerRate_bit13, triggerCounts_bit13, triggerRate_tot,  triggerCounts_tot  
54, 2.21469, 480, 1.44878, 314, 0, 0, 0, 0, 0.0738231, 16, 0, 0, 0.166102, 36, 0, 0, 0.239925, 52, 0, 0, 0, 0, 0, 0, 0.50292, 109, 4.64624, 1007
subrunnum, triggerRate_bit1, triggerCounts_bit1, triggerRate_bit2, triggerCounts_bit2, triggerRate_bit3, triggerCounts_bit3, triggerRate_bit4, triggerCounts_bit4, triggerRate_bit5, triggerCounts_bit5, triggerRate_bit6, triggerCounts_bit6, triggerRate_bit7, triggerCounts_bit7, triggerRate_bit8, triggerCounts_bit8, triggerRate_bit9, triggerCounts_bit9, triggerRate_bit10, triggerCounts_bit10, triggerRate_bit11, triggerCounts_bit11, triggerRate_bit12, triggerCounts_bit12, triggerRate_bit13, triggerCounts_bit13, triggerRate_tot,  triggerCounts_tot  
55, 2.24534, 495, 1.38349, 305, 0, 0, 0, 0, 0.0362883, 8, 0, 0, 0.204121, 45, 0, 0, 0.190513, 42, 0, 0, 0, 0, 0, 0, 0.498963, 110, 4.55871, 1005
subrunnum, triggerRate_bit1, triggerCounts_bit1, triggerRate_bit2, triggerCounts_bit2, triggerRate_bit3, triggerCounts_bit3, triggerRate_bit4, triggerCounts_bit4, triggerRate_bit5, triggerCounts_bit5, triggerRate_bit6, triggerCounts_bit6, triggerRate_bit7, triggerCounts_bit7, triggerRate_bit8, triggerCounts_bit8, triggerRate_bit9, triggerCounts_bit9, triggerRate_bit10, triggerCounts_bit10, triggerRate_bit11, triggerCounts_bit11, triggerRate_bit12, triggerCounts_bit12, triggerRate_bit13, triggerCounts_bit13, triggerRate_tot,  triggerCounts_tot  
56, 2.03553, 463, 1.39366, 317, 0, 0, 0, 0, 0.065946, 15, 0, 0, 0.167063, 38, 0, 0, 0.250595, 57, 0, 0, 0, 0, 0, 0, 0.501189, 114, 4.41398, 1004
subrunnum, triggerRate_bit1, triggerCounts_bit1, triggerRate_bit2, triggerCounts_bit2, triggerRate_bit3, triggerCounts_bit3, triggerRate_bit4, triggerCounts_bit4, triggerRate_bit5, triggerCounts_bit5, triggerRate_bit6, triggerCounts_bit6, triggerRate_bit7, triggerCounts_bit7, triggerRate_bit8, triggerCounts_bit8, triggerRate_bit9, triggerCounts_bit9, triggerRate_bit10, triggerCounts_bit10, triggerRate_bit11, triggerCounts_bit11, triggerRate_bit12, triggerCounts_bit12, triggerRate_bit13, triggerCounts_bit13, triggerRate_tot,  triggerCounts_tot  
57, 2.24894, 498, 1.36382, 302, 0, 0, 0, 0, 0.0451595, 10, 0, 0, 0.176122, 39, 0, 0, 0.194186, 43, 0, 0, 0, 0, 0, 0, 0.50127, 111, 4.52949, 1003
subrunnum, triggerRate_bit1, triggerCounts_bit1, triggerRate_bit2, triggerCounts_bit2, triggerRate_bit3, triggerCounts_bit3, triggerRate_bit4, triggerCounts_bit4, triggerRate_bit5, triggerCounts_bit5, triggerRate_bit6, triggerCounts_bit6, triggerRate_bit7, triggerCounts_bit7, triggerRate_bit8, triggerCounts_bit8, triggerRate_bit9, triggerCounts_bit9, triggerRate_bit10, triggerCounts_bit10, triggerRate_bit11, triggerCounts_bit11, triggerRate_bit12, triggerCounts_bit12, triggerRate_bit13, triggerCounts_bit13, triggerRate_tot,  triggerCounts_tot  
58, 2.06166, 473, 1.32068, 303, 0, 0, 0, 0, 0.0392282, 9, 0, 0, 0.183065, 42, 0, 0, 0.261521, 60, 0, 0, 0, 0, 0, 0, 0.501249, 115, 4.36741, 1002
subrunnum, triggerRate_bit1, triggerCounts_bit1, triggerRate_bit2, triggerCounts_bit2, triggerRate_bit3, triggerCounts_bit3, triggerRate_bit4, triggerCounts_bit4, triggerRate_bit5, triggerCounts_bit5, triggerRate_bit6, triggerCounts_bit6, triggerRate_bit7, triggerCounts_bit7, triggerRate_bit8, triggerCounts_bit8, triggerRate_bit9, triggerCounts_bit9, triggerRate_bit10, triggerCounts_bit10, triggerRate_bit11, triggerCounts_bit11, triggerRate_bit12, triggerCounts_bit12, triggerRate_bit13, triggerCounts_bit13, triggerRate_tot,  triggerCounts_tot  
59, 2.20491, 493, 1.36409, 305, 0, 0, 0, 0, 0.0760314, 17, 0, 0, 0.134173, 30, 0, 0, 0.20126, 45, 0, 0, 0, 0, 0, 0, 0.49644, 111, 4.47691, 1001
subrunnum, triggerRate_bit1, triggerCounts_bit1, triggerRate_bit2, triggerCounts_bit2, triggerRate_bit3, triggerCounts_bit3, triggerRate_bit4, triggerCounts_bit4, triggerRate_bit5, triggerCounts_bit5, triggerRate_bit6, triggerCounts_bit6, triggerRate_bit7, triggerCounts_bit7, triggerRate_bit8, triggerCounts_bit8, triggerRate_bit9, triggerCounts_bit9, triggerRate_bit10, triggerCounts_bit10, triggerRate_bit11, triggerCounts_bit11, triggerRate_bit12, triggerCounts_bit12, triggerRate_bit13, triggerCounts_bit13, triggerRate_tot,  triggerCounts_tot  
60, 2.02077, 463, 1.38355, 317, 0, 0, 0, 0, 0.0916546, 21, 0, 0, 0.126571, 29, 0, 0, 0.248777, 57, 0, 0, 0, 0, 0, 0, 0.501918, 115, 4.37323, 1002
subrunnum, triggerRate_bit1, triggerCounts_bit1, triggerRate_bit2, triggerCounts_bit2, triggerRate_bit3, triggerCounts_bit3, triggerRate_bit4, triggerCounts_bit4, triggerRate_bit5, triggerCounts_bit5, triggerRate_bit6, triggerCounts_bit6, triggerRate_bit7, triggerCounts_bit7, triggerRate_bit8, triggerCounts_bit8, triggerRate_bit9, triggerCounts_bit9, triggerRate_bit10, triggerCounts_bit10, triggerRate_bit11, triggerCounts_bit11, triggerRate_bit12, triggerCounts_bit12, triggerRate_bit13, triggerCounts_bit13, triggerRate_tot,  triggerCounts_tot  
61, 2.03313, 459, 1.50603, 340, 0, 0, 0, 0, 0.0398654, 9, 0, 0, 0.159462, 36, 0, 0, 0.208186, 47, 0, 0, 0, 0, 0, 0, 0.500532, 113, 4.44721, 1004
subrunnum, triggerRate_bit1, triggerCounts_bit1, triggerRate_bit2, triggerCounts_bit2, triggerRate_bit3, triggerCounts_bit3, triggerRate_bit4, triggerCounts_bit4, triggerRate_bit5, triggerCounts_bit5, triggerRate_bit6, triggerCounts_bit6, triggerRate_bit7, triggerCounts_bit7, triggerRate_bit8, triggerCounts_bit8, triggerRate_bit9, triggerCounts_bit9, triggerRate_bit10, triggerCounts_bit10, triggerRate_bit11, triggerCounts_bit11, triggerRate_bit12, triggerCounts_bit12, triggerRate_bit13, triggerCounts_bit13, triggerRate_tot,  triggerCounts_tot  
62, 2.0961, 484, 1.31223, 303, 0, 0, 0, 0, 0.0519694, 12, 0, 0, 0.160239, 37, 0, 0, 0.216539, 50, 0, 0, 0, 0, 0, 0, 0.502371, 116, 4.33944, 1002
subrunnum, triggerRate_bit1, triggerCounts_bit1, triggerRate_bit2, triggerCounts_bit2, triggerRate_bit3, triggerCounts_bit3, triggerRate_bit4, triggerCounts_bit4, triggerRate_bit5, triggerCounts_bit5, triggerRate_bit6, triggerCounts_bit6, triggerRate_bit7, triggerCounts_bit7, triggerRate_bit8, triggerCounts_bit8, triggerRate_bit9, triggerCounts_bit9, triggerRate_bit10, triggerCounts_bit10, triggerRate_bit11, triggerCounts_bit11, triggerRate_bit12, triggerCounts_bit12, triggerRate_bit13, triggerCounts_bit13, triggerRate_tot,  triggerCounts_tot  
63, 2.25979, 505, 1.26638, 283, 0, 0, 0, 0, 0.0492232, 11, 0, 0, 0.210317, 47, 0, 0, 0.201368, 45, 0, 0, 0, 0, 0, 0, 0.501182, 112, 4.48826, 1003
subrunnum, triggerRate_bit1, triggerCounts_bit1, triggerRate_bit2, triggerCounts_bit2, triggerRate_bit3, triggerCounts_bit3, triggerRate_bit4, triggerCounts_bit4, triggerRate_bit5, triggerCounts_bit5, triggerRate_bit6, triggerCounts_bit6, triggerRate_bit7, triggerCounts_bit7, triggerRate_bit8, triggerCounts_bit8, triggerRate_bit9, triggerCounts_bit9, triggerRate_bit10, triggerCounts_bit10, triggerRate_bit11, triggerCounts_bit11, triggerRate_bit12, triggerCounts_bit12, triggerRate_bit13, triggerCounts_bit13, triggerRate_tot,  triggerCounts_tot  
64, 2.17088, 507, 1.24601, 291, 0, 0, 0, 0, 0.0385363, 9, 0, 0, 0.137018, 32, 0, 0, 0.201245, 47, 0, 0, 0, 0, 0, 0, 0.500972, 117, 4.29466, 1003
subrunnum, triggerRate_bit1, triggerCounts_bit1, triggerRate_bit2, triggerCounts_bit2, triggerRate_bit3, triggerCounts_bit3, triggerRate_bit4, triggerCounts_bit4, triggerRate_bit5, triggerCounts_bit5, triggerRate_bit6, triggerCounts_bit6, triggerRate_bit7, triggerCounts_bit7, triggerRate_bit8, triggerCounts_bit8, triggerRate_bit9, triggerCounts_bit9, triggerRate_bit10, triggerCounts_bit10, triggerRate_bit11, triggerCounts_bit11, triggerRate_bit12, triggerCounts_bit12, triggerRate_bit13, triggerCounts_bit13, triggerRate_tot,  triggerCounts_tot  
65, 2.01997, 488, 1.32043, 319, 0, 0, 0, 0, 0.0372535, 9, 0, 0, 0.111761, 27, 0, 0, 0.157293, 38, 0, 0, 0, 0, 0, 0, 0.496714, 120, 4.14342, 1001
subrunnum, triggerRate_bit1, triggerCounts_bit1, triggerRate_bit2, triggerCounts_bit2, triggerRate_bit3, triggerCounts_bit3, triggerRate_bit4, triggerCounts_bit4, triggerRate_bit5, triggerCounts_bit5, triggerRate_bit6, triggerCounts_bit6, triggerRate_bit7, triggerCounts_bit7, triggerRate_bit8, triggerCounts_bit8, triggerRate_bit9, triggerCounts_bit9, triggerRate_bit10, triggerCounts_bit10, triggerRate_bit11, triggerCounts_bit11, triggerRate_bit12, triggerCounts_bit12, triggerRate_bit13, triggerCounts_bit13, triggerRate_tot,  triggerCounts_tot  
66, 2.42259, 513, 1.44033, 305, 0, 0, 0, 0, 0.0613912, 13, 0, 0, 0.127505, 27, 0, 0, 0.174729, 37, 0, 0, 0, 0, 0, 0, 0.500574, 106, 4.72712, 1001
subrunnum, triggerRate_bit1, triggerCounts_bit1, triggerRate_bit2, triggerCounts_bit2, triggerRate_bit3, triggerCounts_bit3, triggerRate_bit4, triggerCounts_bit4, triggerRate_bit5, triggerCounts_bit5, triggerRate_bit6, triggerCounts_bit6, triggerRate_bit7, triggerCounts_bit7, triggerRate_bit8, triggerCounts_bit8, triggerRate_bit9, triggerCounts_bit9, triggerRate_bit10, triggerCounts_bit10, triggerRate_bit11, triggerCounts_bit11, triggerRate_bit12, triggerCounts_bit12, triggerRate_bit13, triggerCounts_bit13, triggerRate_tot,  triggerCounts_tot  
67, 2.27584, 515, 1.22409, 277, 0, 0, 0, 0, 0.0574484, 13, 0, 0, 0.15025, 34, 0, 0, 0.220955, 50, 0, 0, 0, 0, 0, 0, 0.503778, 114, 4.43236, 1003
subrunnum, triggerRate_bit1, triggerCounts_bit1, triggerRate_bit2, triggerCounts_bit2, triggerRate_bit3, triggerCounts_bit3, triggerRate_bit4, triggerCounts_bit4, triggerRate_bit5, triggerCounts_bit5, triggerRate_bit6, triggerCounts_bit6, triggerRate_bit7, triggerCounts_bit7, triggerRate_bit8, triggerCounts_bit8, triggerRate_bit9, triggerCounts_bit9, triggerRate_bit10, triggerCounts_bit10, triggerRate_bit11, triggerCounts_bit11, triggerRate_bit12, triggerCounts_bit12, triggerRate_bit13, triggerCounts_bit13, triggerRate_tot,  triggerCounts_tot  
68, 2.26227, 508, 1.30927, 294, 0, 0, 0, 0, 0.0311731, 7, 0, 0, 0.182585, 41, 0, 0, 0.187038, 42, 0, 0, 0, 0, 0, 0, 0.498769, 112, 4.47111, 1004
subrunnum, triggerRate_bit1, triggerCounts_bit1, triggerRate_bit2, triggerCounts_bit2, triggerRate_bit3, triggerCounts_bit3, triggerRate_bit4, triggerCounts_bit4, triggerRate_bit5, triggerCounts_bit5, triggerRate_bit6, triggerCounts_bit6, triggerRate_bit7, triggerCounts_bit7, triggerRate_bit8, triggerCounts_bit8, triggerRate_bit9, triggerCounts_bit9, triggerRate_bit10, triggerCounts_bit10, triggerRate_bit11, triggerCounts_bit11, triggerRate_bit12, triggerCounts_bit12, triggerRate_bit13, triggerCounts_bit13, triggerRate_tot,  triggerCounts_tot  
69, 2.10374, 474, 1.44243, 325, 0, 0, 0, 0, 0.0488209, 11, 0, 0, 0.164216, 37, 0, 0, 0.181969, 41, 0, 0, 0, 0, 0, 0, 0.501523, 113, 4.4427, 1001
subrunnum, triggerRate_bit1, triggerCounts_bit1, triggerRate_bit2, triggerCounts_bit2, triggerRate_bit3, triggerCounts_bit3, triggerRate_bit4, triggerCounts_bit4, triggerRate_bit5, triggerCounts_bit5, triggerRate_bit6, triggerCounts_bit6, triggerRate_bit7, triggerCounts_bit7, triggerRate_bit8, triggerCounts_bit8, triggerRate_bit9, triggerCounts_bit9, triggerRate_bit10, triggerCounts_bit10, triggerRate_bit11, triggerCounts_bit11, triggerRate_bit12, triggerCounts_bit12, triggerRate_bit13, triggerCounts_bit13, triggerRate_tot,  triggerCounts_tot  
70, 2.24137, 506, 1.24028, 280, 0, 0, 0, 0, 0.0354367, 8, 0, 0, 0.181613, 41, 0, 0, 0.239197, 54, 0, 0, 0, 0, 0, 0, 0.500543, 113, 4.43844, 1002
subrunnum, triggerRate_bit1, triggerCounts_bit1, triggerRate_bit2, triggerCounts_bit2, triggerRate_bit3, triggerCounts_bit3, triggerRate_bit4, triggerCounts_bit4, triggerRate_bit5, triggerCounts_bit5, triggerRate_bit6, triggerCounts_bit6, triggerRate_bit7, triggerCounts_bit7, triggerRate_bit8, triggerCounts_bit8, triggerRate_bit9, triggerCounts_bit9, triggerRate_bit10, triggerCounts_bit10, triggerRate_bit11, triggerCounts_bit11, triggerRate_bit12, triggerCounts_bit12, triggerRate_bit13, triggerCounts_bit13, triggerRate_tot,  triggerCounts_tot  
71, 2.22961, 499, 1.41641, 317, 0, 0, 0, 0, 0.0714906, 16, 0, 0, 0.129577, 29, 0, 0, 0.134045, 30, 0, 0, 0, 0, 0, 0, 0.495966, 111, 4.4771, 1002
subrunnum, triggerRate_bit1, triggerCounts_bit1, triggerRate_bit2, triggerCounts_bit2, triggerRate_bit3, triggerCounts_bit3, triggerRate_bit4, triggerCounts_bit4, triggerRate_bit5, triggerCounts_bit5, triggerRate_bit6, triggerCounts_bit6, triggerRate_bit7, triggerCounts_bit7, triggerRate_bit8, triggerCounts_bit8, triggerRate_bit9, triggerCounts_bit9, triggerRate_bit10, triggerCounts_bit10, triggerRate_bit11, triggerCounts_bit11, triggerRate_bit12, triggerCounts_bit12, triggerRate_bit13, triggerCounts_bit13, triggerRate_tot,  triggerCounts_tot  
72, 2.08278, 491, 1.28106, 302, 0, 0, 0, 0, 0.0381773, 9, 0, 0, 0.161193, 38, 0, 0, 0.190886, 45, 0, 0, 0, 0, 0, 0, 0.500547, 118, 4.25465, 1003
subrunnum, triggerRate_bit1, triggerCounts_bit1, triggerRate_bit2, triggerCounts_bit2, triggerRate_bit3, triggerCounts_bit3, triggerRate_bit4, triggerCounts_bit4, triggerRate_bit5, triggerCounts_bit5, triggerRate_bit6, triggerCounts_bit6, triggerRate_bit7, triggerCounts_bit7, triggerRate_bit8, triggerCounts_bit8, triggerRate_bit9, triggerCounts_bit9, triggerRate_bit10, triggerCounts_bit10, triggerRate_bit11, triggerCounts_bit11, triggerRate_bit12, triggerCounts_bit12, triggerRate_bit13, triggerCounts_bit13, triggerRate_tot,  triggerCounts_tot  
73, 2.21198, 490, 1.39038, 308, 0, 0, 0, 0, 0.0631993, 14, 0, 0, 0.189598, 42, 0, 0, 0.189598, 42, 0, 0, 0, 0, 0, 0, 0.50108, 111, 4.54583, 1007
subrunnum, triggerRate_bit1, triggerCounts_bit1, triggerRate_bit2, triggerCounts_bit2, triggerRate_bit3, triggerCounts_bit3, triggerRate_bit4, triggerCounts_bit4, triggerRate_bit5, triggerCounts_bit5, triggerRate_bit6, triggerCounts_bit6, triggerRate_bit7, triggerCounts_bit7, triggerRate_bit8, triggerCounts_bit8, triggerRate_bit9, triggerCounts_bit9, triggerRate_bit10, triggerCounts_bit10, triggerRate_bit11, triggerCounts_bit11, triggerRate_bit12, triggerCounts_bit12, triggerRate_bit13, triggerCounts_bit13, triggerRate_tot,  triggerCounts_tot  
74, 2.24292, 514, 1.26546, 290, 0, 0, 0, 0, 0.0523638, 12, 0, 0, 0.117819, 27, 0, 0, 0.192001, 44, 0, 0, 0, 0, 0, 0, 0.50182, 115, 4.37238, 1002
subrunnum, triggerRate_bit1, triggerCounts_bit1, triggerRate_bit2, triggerCounts_bit2, triggerRate_bit3, triggerCounts_bit3, triggerRate_bit4, triggerCounts_bit4, triggerRate_bit5, triggerCounts_bit5, triggerRate_bit6, triggerCounts_bit6, triggerRate_bit7, triggerCounts_bit7, triggerRate_bit8, triggerCounts_bit8, triggerRate_bit9, triggerCounts_bit9, triggerRate_bit10, triggerCounts_bit10, triggerRate_bit11, triggerCounts_bit11, triggerRate_bit12, triggerCounts_bit12, triggerRate_bit13, triggerCounts_bit13, triggerRate_tot,  triggerCounts_tot  
75, 2.15282, 477, 1.40362, 311, 0, 0, 0, 0, 0.0541589, 12, 0, 0, 0.225662, 50, 0, 0, 0.212122, 47, 0, 0, 0, 0, 0, 0, 0.50097, 111, 4.54935, 1008
subrunnum, triggerRate_bit1, triggerCounts_bit1, triggerRate_bit2, triggerCounts_bit2, triggerRate_bit3, triggerCounts_bit3, triggerRate_bit4, triggerCounts_bit4, triggerRate_bit5, triggerCounts_bit5, triggerRate_bit6, triggerCounts_bit6, triggerRate_bit7, triggerCounts_bit7, triggerRate_bit8, triggerCounts_bit8, triggerRate_bit9, triggerCounts_bit9, triggerRate_bit10, triggerCounts_bit10, triggerRate_bit11, triggerCounts_bit11, triggerRate_bit12, triggerCounts_bit12, triggerRate_bit13, triggerCounts_bit13, triggerRate_tot,  triggerCounts_tot  
76, 2.18343, 478, 1.4343, 314, 0, 0, 0, 0, 0.027407, 6, 0, 0, 0.137035, 30, 0, 0, 0.301477, 66, 0, 0, 0, 0, 0, 0, 0.497895, 109, 4.58154, 1003
subrunnum, triggerRate_bit1, triggerCounts_bit1, triggerRate_bit2, triggerCounts_bit2, triggerRate_bit3, triggerCounts_bit3, triggerRate_bit4, triggerCounts_bit4, triggerRate_bit5, triggerCounts_bit5, triggerRate_bit6, triggerCounts_bit6, triggerRate_bit7, triggerCounts_bit7, triggerRate_bit8, triggerCounts_bit8, triggerRate_bit9, triggerCounts_bit9, triggerRate_bit10, triggerCounts_bit10, triggerRate_bit11, triggerCounts_bit11, triggerRate_bit12, triggerCounts_bit12, triggerRate_bit13, triggerCounts_bit13, triggerRate_tot,  triggerCounts_tot  
77, 2.25364, 505, 1.30756, 293, 0, 0, 0, 0, 0.0580145, 13, 0, 0, 0.160655, 36, 0, 0, 0.187431, 42, 0, 0, 0, 0, 0, 0, 0.499817, 112, 4.46711, 1001
subrunnum, triggerRate_bit1, triggerCounts_bit1, triggerRate_bit2, triggerCounts_bit2, triggerRate_bit3, triggerCounts_bit3, triggerRate_bit4, triggerCounts_bit4, triggerRate_bit5, triggerCounts_bit5, triggerRate_bit6, triggerCounts_bit6, triggerRate_bit7, triggerCounts_bit7, triggerRate_bit8, triggerCounts_bit8, triggerRate_bit9, triggerCounts_bit9, triggerRate_bit10, triggerCounts_bit10, triggerRate_bit11, triggerCounts_bit11, triggerRate_bit12, triggerCounts_bit12, triggerRate_bit13, triggerCounts_bit13, triggerRate_tot,  triggerCounts_tot  
78, 2.26788, 525, 1.25705, 291, 0, 0, 0, 0, 0.0475174, 11, 0, 0, 0.146872, 34, 0, 0, 0.112314, 26, 0, 0, 0, 0, 0, 0, 0.501093, 116, 4.33272, 1003
subrunnum, triggerRate_bit1, triggerCounts_bit1, triggerRate_bit2, triggerCounts_bit2, triggerRate_bit3, triggerCounts_bit3, triggerRate_bit4, triggerCounts_bit4, triggerRate_bit5, triggerCounts_bit5, triggerRate_bit6, triggerCounts_bit6, triggerRate_bit7, triggerCounts_bit7, triggerRate_bit8, triggerCounts_bit8, triggerRate_bit9, triggerCounts_bit9, triggerRate_bit10, triggerCounts_bit10, triggerRate_bit11, triggerCounts_bit11, triggerRate_bit12, triggerCounts_bit12, triggerRate_bit13, triggerCounts_bit13, triggerRate_tot,  triggerCounts_tot  
79, 2.19822, 486, 1.37502, 304, 0, 0, 0, 0, 0.0588001, 13, 0, 0, 0.199016, 44, 0, 0, 0.221631, 49, 0, 0, 0, 0, 0, 0, 0.49754, 110, 4.55023, 1006
subrunnum, triggerRate_bit1, triggerCounts_bit1, triggerRate_bit2, triggerCounts_bit2, triggerRate_bit3, triggerCounts_bit3, triggerRate_bit4, triggerCounts_bit4, triggerRate_bit5, triggerCounts_bit5, triggerRate_bit6, triggerCounts_bit6, triggerRate_bit7, triggerCounts_bit7, triggerRate_bit8, triggerCounts_bit8, triggerRate_bit9, triggerCounts_bit9, triggerRate_bit10, triggerCounts_bit10, triggerRate_bit11, triggerCounts_bit11, triggerRate_bit12, triggerCounts_bit12, triggerRate_bit13, triggerCounts_bit13, triggerRate_tot,  triggerCounts_tot  
80, 2.12023, 484, 1.34486, 307, 0, 0, 0, 0, 0.0394257, 9, 0, 0, 0.166464, 38, 0, 0, 0.219032, 50, 0, 0, 0, 0, 0, 0, 0.499393, 114, 4.3894, 1002
subrunnum, triggerRate_bit1, triggerCounts_bit1, triggerRate_bit2, triggerCounts_bit2, triggerRate_bit3, triggerCounts_bit3, triggerRate_bit4, triggerCounts_bit4, triggerRate_bit5, triggerCounts_bit5, triggerRate_bit6, triggerCounts_bit6, triggerRate_bit7, triggerCounts_bit7, triggerRate_bit8, triggerCounts_bit8, triggerRate_bit9, triggerCounts_bit9, triggerRate_bit10, triggerCounts_bit10, triggerRate_bit11, triggerCounts_bit11, triggerRate_bit12, triggerCounts_bit12, triggerRate_bit13, triggerCounts_bit13, triggerRate_tot,  triggerCounts_tot  
81, 2.17173, 490, 1.40941, 318, 0, 0, 0, 0, 0.0620493, 14, 0, 0, 0.16842, 38, 0, 0, 0.124099, 28, 0, 0, 0, 0, 0, 0, 0.500827, 113, 4.43653, 1001
subrunnum, triggerRate_bit1, triggerCounts_bit1, triggerRate_bit2, triggerCounts_bit2, triggerRate_bit3, triggerCounts_bit3, triggerRate_bit4, triggerCounts_bit4, triggerRate_bit5, triggerCounts_bit5, triggerRate_bit6, triggerCounts_bit6, triggerRate_bit7, triggerCounts_bit7, triggerRate_bit8, triggerCounts_bit8, triggerRate_bit9, triggerCounts_bit9, triggerRate_bit10, triggerCounts_bit10, triggerRate_bit11, triggerCounts_bit11, triggerRate_bit12, triggerCounts_bit12, triggerRate_bit13, triggerCounts_bit13, triggerRate_tot,  triggerCounts_tot  
82, 2.35418, 505, 1.4265, 306, 0, 0, 0, 0, 0.0512792, 11, 0, 0, 0.149176, 32, 0, 0, 0.177146, 38, 0, 0, 0, 0, 0, 0, 0.503469, 108, 4.66175, 1000
subrunnum, triggerRate_bit1, triggerCounts_bit1, triggerRate_bit2, triggerCounts_bit2, triggerRate_bit3, triggerCounts_bit3, triggerRate_bit4, triggerCounts_bit4, triggerRate_bit5, triggerCounts_bit5, triggerRate_bit6, triggerCounts_bit6, triggerRate_bit7, triggerCounts_bit7, triggerRate_bit8, triggerCounts_bit8, triggerRate_bit9, triggerCounts_bit9, triggerRate_bit10, triggerCounts_bit10, triggerRate_bit11, triggerCounts_bit11, triggerRate_bit12, triggerCounts_bit12, triggerRate_bit13, triggerCounts_bit13, triggerRate_tot,  triggerCounts_tot  
83, 2.27532, 513, 1.35721, 306, 0, 0, 0, 0, 0.0487885, 11, 0, 0, 0.106448, 24, 0, 0, 0.155236, 35, 0, 0, 0, 0, 0, 0, 0.501191, 113, 4.44419, 1002
subrunnum, triggerRate_bit1, triggerCounts_bit1, triggerRate_bit2, triggerCounts_bit2, triggerRate_bit3, triggerCounts_bit3, triggerRate_bit4, triggerCounts_bit4, triggerRate_bit5, triggerCounts_bit5, triggerRate_bit6, triggerCounts_bit6, triggerRate_bit7, triggerCounts_bit7, triggerRate_bit8, triggerCounts_bit8, triggerRate_bit9, triggerCounts_bit9, triggerRate_bit10, triggerCounts_bit10, triggerRate_bit11, triggerCounts_bit11, triggerRate_bit12, triggerCounts_bit12, triggerRate_bit13, triggerCounts_bit13, triggerRate_tot,  triggerCounts_tot  
84, 2.14487, 495, 1.33459, 308, 0, 0, 0, 0, 0.0476638, 11, 0, 0, 0.155991, 36, 0, 0, 0.16899, 39, 0, 0, 0, 0, 0, 0, 0.498303, 115, 4.3504, 1004
subrunnum, triggerRate_bit1, triggerCounts_bit1, triggerRate_bit2, triggerCounts_bit2, triggerRate_bit3, triggerCounts_bit3, triggerRate_bit4, triggerCounts_bit4, triggerRate_bit5, triggerCounts_bit5, triggerRate_bit6, triggerCounts_bit6, triggerRate_bit7, triggerCounts_bit7, triggerRate_bit8, triggerCounts_bit8, triggerRate_bit9, triggerCounts_bit9, triggerRate_bit10, triggerCounts_bit10, triggerRate_bit11, triggerCounts_bit11, triggerRate_bit12, triggerCounts_bit12, triggerRate_bit13, triggerCounts_bit13, triggerRate_tot,  triggerCounts_tot  
85, 2.20509, 504, 1.27317, 291, 0, 0, 0, 0, 0.0656276, 15, 0, 0, 0.13563, 31, 0, 0, 0.210008, 48, 0, 0, 0, 0, 0, 0, 0.494394, 113, 4.38392, 1002
subrunnum, triggerRate_bit1, triggerCounts_bit1, triggerRate_bit2, triggerCounts_bit2, triggerRate_bit3, triggerCounts_bit3, triggerRate_bit4, triggerCounts_bit4, triggerRate_bit5, triggerCounts_bit5, triggerRate_bit6, triggerCounts_bit6, triggerRate_bit7, triggerCounts_bit7, triggerRate_bit8, triggerCounts_bit8, triggerRate_bit9, triggerCounts_bit9, triggerRate_bit10, triggerCounts_bit10, triggerRate_bit11, triggerCounts_bit11, triggerRate_bit12, triggerCounts_bit12, triggerRate_bit13, triggerCounts_bit13, triggerRate_tot,  triggerCounts_tot  
86, 2.14752, 494, 1.29981, 299, 0, 0, 0, 0, 0.0608608, 14, 0, 0, 0.130416, 30, 0, 0, 0.226054, 52, 0, 0, 0, 0, 0, 0, 0.499928, 115, 4.36459, 1004
subrunnum, triggerRate_bit1, triggerCounts_bit1, triggerRate_bit2, triggerCounts_bit2, triggerRate_bit3, triggerCounts_bit3, triggerRate_bit4, triggerCounts_bit4, triggerRate_bit5, triggerCounts_bit5, triggerRate_bit6, triggerCounts_bit6, triggerRate_bit7, triggerCounts_bit7, triggerRate_bit8, triggerCounts_bit8, triggerRate_bit9, triggerCounts_bit9, triggerRate_bit10, triggerCounts_bit10, triggerRate_bit11, triggerCounts_bit11, triggerRate_bit12, triggerCounts_bit12, triggerRate_bit13, triggerCounts_bit13, triggerRate_tot,  triggerCounts_tot  
87, 2.21965, 490, 1.42239, 314, 0, 0, 0, 0, 0.0498288, 11, 0, 0, 0.154016, 34, 0, 0, 0.190255, 42, 0, 0, 0, 0, 0, 0, 0.502818, 111, 4.53895, 1002
subrunnum, triggerRate_bit1, triggerCounts_bit1, triggerRate_bit2, triggerCounts_bit2, triggerRate_bit3, triggerCounts_bit3, triggerRate_bit4, triggerCounts_bit4, triggerRate_bit5, triggerCounts_bit5, triggerRate_bit6, triggerCounts_bit6, triggerRate_bit7, triggerCounts_bit7, triggerRate_bit8, triggerCounts_bit8, triggerRate_bit9, triggerCounts_bit9, triggerRate_bit10, triggerCounts_bit10, triggerRate_bit11, triggerCounts_bit11, triggerRate_bit12, triggerCounts_bit12, triggerRate_bit13, triggerCounts_bit13, triggerRate_tot,  triggerCounts_tot  
88, 2.27126, 508, 1.35024, 302, 0, 0, 0, 0, 0.0402389, 9, 0, 0, 0.129659, 29, 0, 0, 0.196724, 44, 0, 0, 0, 0, 0, 0, 0.500751, 112, 4.48887, 1004
subrunnum, triggerRate_bit1, triggerCounts_bit1, triggerRate_bit2, triggerCounts_bit2, triggerRate_bit3, triggerCounts_bit3, triggerRate_bit4, triggerCounts_bit4, triggerRate_bit5, triggerCounts_bit5, triggerRate_bit6, triggerCounts_bit6, triggerRate_bit7, triggerCounts_bit7, triggerRate_bit8, triggerCounts_bit8, triggerRate_bit9, triggerCounts_bit9, triggerRate_bit10, triggerCounts_bit10, triggerRate_bit11, triggerCounts_bit11, triggerRate_bit12, triggerCounts_bit12, triggerRate_bit13, triggerCounts_bit13, triggerRate_tot,  triggerCounts_tot  
89, 2.38418, 501, 1.42766, 300, 0, 0, 0, 0, 0.0571062, 12, 0, 0, 0.171319, 36, 0, 0, 0.223666, 47, 0, 0, 0, 0, 0, 0, 0.499679, 105, 4.76361, 1001
subrunnum, triggerRate_bit1, triggerCounts_bit1, triggerRate_bit2, triggerCounts_bit2, triggerRate_bit3, triggerCounts_bit3, triggerRate_bit4, triggerCounts_bit4, triggerRate_bit5, triggerCounts_bit5, triggerRate_bit6, triggerCounts_bit6, triggerRate_bit7, triggerCounts_bit7, triggerRate_bit8, triggerCounts_bit8, triggerRate_bit9, triggerCounts_bit9, triggerRate_bit10, triggerCounts_bit10, triggerRate_bit11, triggerCounts_bit11, triggerRate_bit12, triggerCounts_bit12, triggerRate_bit13, triggerCounts_bit13, triggerRate_tot,  triggerCounts_tot  
90, 2.2186, 495, 1.30875, 292, 0, 0, 0, 0, 0.0313742, 7, 0, 0, 0.233065, 52, 0, 0, 0.192727, 43, 0, 0, 0, 0, 0, 0, 0.501987, 112, 4.48651, 1001
subrunnum, triggerRate_bit1, triggerCounts_bit1, triggerRate_bit2, triggerCounts_bit2, triggerRate_bit3, triggerCounts_bit3, triggerRate_bit4, triggerCounts_bit4, triggerRate_bit5, triggerCounts_bit5, triggerRate_bit6, triggerCounts_bit6, triggerRate_bit7, triggerCounts_bit7, triggerRate_bit8, triggerCounts_bit8, triggerRate_bit9, triggerCounts_bit9, triggerRate_bit10, triggerCounts_bit10, triggerRate_bit11, triggerCounts_bit11, triggerRate_bit12, triggerCounts_bit12, triggerRate_bit13, triggerCounts_bit13, triggerRate_tot,  triggerCounts_tot  
91, 2.18691, 499, 1.33231, 304, 0, 0, 0, 0, 0.0350607, 8, 0, 0, 0.122712, 28, 0, 0, 0.214747, 49, 0, 0, 0, 0, 0, 0, 0.499615, 114, 4.39135, 1002
subrunnum, triggerRate_bit1, triggerCounts_bit1, triggerRate_bit2, triggerCounts_bit2, triggerRate_bit3, triggerCounts_bit3, triggerRate_bit4, triggerCounts_bit4, triggerRate_bit5, triggerCounts_bit5, triggerRate_bit6, triggerCounts_bit6, triggerRate_bit7, triggerCounts_bit7, triggerRate_bit8, triggerCounts_bit8, triggerRate_bit9, triggerCounts_bit9, triggerRate_bit10, triggerCounts_bit10, triggerRate_bit11, triggerCounts_bit11, triggerRate_bit12, triggerCounts_bit12, triggerRate_bit13, triggerCounts_bit13, triggerRate_tot,  triggerCounts_tot  
92, 2.16927, 496, 1.35142, 309, 0, 0, 0, 0, 0.0437353, 10, 0, 0, 0.1487, 34, 0, 0, 0.183688, 42, 0, 0, 0, 0, 0, 0, 0.498582, 114, 4.39539, 1005
subrunnum, triggerRate_bit1, triggerCounts_bit1, triggerRate_bit2, triggerCounts_bit2, triggerRate_bit3, triggerCounts_bit3, triggerRate_bit4, triggerCounts_bit4, triggerRate_bit5, triggerCounts_bit5, triggerRate_bit6, triggerCounts_bit6, triggerRate_bit7, triggerCounts_bit7, triggerRate_bit8, triggerCounts_bit8, triggerRate_bit9, triggerCounts_bit9, triggerRate_bit10, triggerCounts_bit10, triggerRate_bit11, triggerCounts_bit11, triggerRate_bit12, triggerCounts_bit12, triggerRate_bit13, triggerCounts_bit13, triggerRate_tot,  triggerCounts_tot  
93, 2.18329, 505, 1.24944, 289, 0, 0, 0, 0, 0.03891, 9, 0, 0, 0.159964, 37, 0, 0, 0.20752, 48, 0, 0, 0, 0, 0, 0, 0.501507, 116, 4.34063, 1004
subrunnum, triggerRate_bit1, triggerCounts_bit1, triggerRate_bit2, triggerCounts_bit2, triggerRate_bit3, triggerCounts_bit3, triggerRate_bit4, triggerCounts_bit4, triggerRate_bit5, triggerCounts_bit5, triggerRate_bit6, triggerCounts_bit6, triggerRate_bit7, triggerCounts_bit7, triggerRate_bit8, triggerCounts_bit8, triggerRate_bit9, triggerCounts_bit9, triggerRate_bit10, triggerCounts_bit10, triggerRate_bit11, triggerCounts_bit11, triggerRate_bit12, triggerCounts_bit12, triggerRate_bit13, triggerCounts_bit13, triggerRate_tot,  triggerCounts_tot  
94, 2.22582, 508, 1.24436, 284, 0, 0, 0, 0, 0.0613415, 14, 0, 0, 0.166498, 38, 0, 0, 0.192788, 44, 0, 0, 0, 0, 0, 0, 0.499495, 114, 4.3903, 1002
subrunnum, triggerRate_bit1, triggerCounts_bit1, triggerRate_bit2, triggerCounts_bit2, triggerRate_bit3, triggerCounts_bit3, triggerRate_bit4, triggerCounts_bit4, triggerRate_bit5, triggerCounts_bit5, triggerRate_bit6, triggerCounts_bit6, triggerRate_bit7, triggerCounts_bit7, triggerRate_bit8, triggerCounts_bit8, triggerRate_bit9, triggerCounts_bit9, triggerRate_bit10, triggerCounts_bit10, triggerRate_bit11, triggerCounts_bit11, triggerRate_bit12, triggerCounts_bit12, triggerRate_bit13, triggerCounts_bit13, triggerRate_tot,  triggerCounts_tot  
95, 2.09768, 496, 1.27722, 302, 0, 0, 0, 0, 0.042292, 10, 0, 0, 0.173397, 41, 0, 0, 0.173397, 41, 0, 0, 0, 0, 0, 0, 0.499046, 118, 4.26304, 1008
subrunnum, triggerRate_bit1, triggerCounts_bit1, triggerRate_bit2, triggerCounts_bit2, triggerRate_bit3, triggerCounts_bit3, triggerRate_bit4, triggerCounts_bit4, triggerRate_bit5, triggerCounts_bit5, triggerRate_bit6, triggerCounts_bit6, triggerRate_bit7, triggerCounts_bit7, triggerRate_bit8, triggerCounts_bit8, triggerRate_bit9, triggerCounts_bit9, triggerRate_bit10, triggerCounts_bit10, triggerRate_bit11, triggerCounts_bit11, triggerRate_bit12, triggerCounts_bit12, triggerRate_bit13, triggerCounts_bit13, triggerRate_tot,  triggerCounts_tot  
96, 2.24831, 520, 1.22792, 284, 0, 0, 0, 0, 0.051884, 12, 0, 0, 0.147005, 34, 0, 0, 0.151328, 35, 0, 0, 0, 0, 0, 0, 0.501545, 116, 4.32799, 1001
subrunnum, triggerRate_bit1, triggerCounts_bit1, triggerRate_bit2, triggerCounts_bit2, triggerRate_bit3, triggerCounts_bit3, triggerRate_bit4, triggerCounts_bit4, triggerRate_bit5, triggerCounts_bit5, triggerRate_bit6, triggerCounts_bit6, triggerRate_bit7, triggerCounts_bit7, triggerRate_bit8, triggerCounts_bit8, triggerRate_bit9, triggerCounts_bit9, triggerRate_bit10, triggerCounts_bit10, triggerRate_bit11, triggerCounts_bit11, triggerRate_bit12, triggerCounts_bit12, triggerRate_bit13, triggerCounts_bit13, triggerRate_tot,  triggerCounts_tot  
97, 2.08965, 482, 1.35697, 313, 0, 0, 0, 0, 0.0823723, 19, 0, 0, 0.138732, 32, 0, 0, 0.177751, 41, 0, 0, 0, 0, 0, 0, 0.502904, 116, 4.34839, 1003
subrunnum, triggerRate_bit1, triggerCounts_bit1, triggerRate_bit2, triggerCounts_bit2, triggerRate_bit3, triggerCounts_bit3, triggerRate_bit4, triggerCounts_bit4, triggerRate_bit5, triggerCounts_bit5, triggerRate_bit6, triggerCounts_bit6, triggerRate_bit7, triggerCounts_bit7, triggerRate_bit8, triggerCounts_bit8, triggerRate_bit9, triggerCounts_bit9, triggerRate_bit10, triggerCounts_bit10, triggerRate_bit11, triggerCounts_bit11, triggerRate_bit12, triggerCounts_bit12, triggerRate_bit13, triggerCounts_bit13, triggerRate_tot,  triggerCounts_tot  
98, 2.18295, 495, 1.36269, 309, 0, 0, 0, 0, 0.0529199, 12, 0, 0, 0.13671, 31, 0, 0, 0.19404, 44, 0, 0, 0, 0, 0, 0, 0.498329, 113, 4.42763, 1004
subrunnum, triggerRate_bit1, triggerCounts_bit1, triggerRate_bit2, triggerCounts_bit2, triggerRate_bit3, triggerCounts_bit3, triggerRate_bit4, triggerCounts_bit4, triggerRate_bit5, triggerCounts_bit5, triggerRate_bit6, triggerCounts_bit6, triggerRate_bit7, triggerCounts_bit7, triggerRate_bit8, triggerCounts_bit8, triggerRate_bit9, triggerCounts_bit9, triggerRate_bit10, triggerCounts_bit10, triggerRate_bit11, triggerCounts_bit11, triggerRate_bit12, triggerCounts_bit12, triggerRate_bit13, triggerCounts_bit13, triggerRate_tot,  triggerCounts_tot  
99, 2.12216, 497, 1.29379, 303, 0, 0, 0, 0, 0.0298896, 7, 0, 0, 0.149448, 35, 0, 0, 0.179337, 42, 0, 0, 0, 0, 0, 0, 0.499583, 117, 4.27421, 1001
subrunnum, triggerRate_bit1, triggerCounts_bit1, triggerRate_bit2, triggerCounts_bit2, triggerRate_bit3, triggerCounts_bit3, triggerRate_bit4, triggerCounts_bit4, triggerRate_bit5, triggerCounts_bit5, triggerRate_bit6, triggerCounts_bit6, triggerRate_bit7, triggerCounts_bit7, triggerRate_bit8, triggerCounts_bit8, triggerRate_bit9, triggerCounts_bit9, triggerRate_bit10, triggerCounts_bit10, triggerRate_bit11, triggerCounts_bit11, triggerRate_bit12, triggerCounts_bit12, triggerRate_bit13, triggerCounts_bit13, triggerRate_tot,  triggerCounts_tot  
100, 2.25924, 493, 1.35646, 296, 0, 0, 0, 0, 0.0687396, 15, 0, 0, 0.160392, 35, 0, 0, 0.252045, 55, 0, 0, 0, 0, 0, 0, 0.50409, 110, 4.60097, 1004
subrunnum, triggerRate_bit1, triggerCounts_bit1, triggerRate_bit2, triggerCounts_bit2, triggerRate_bit3, triggerCounts_bit3, triggerRate_bit4, triggerCounts_bit4, triggerRate_bit5, triggerCounts_bit5, triggerRate_bit6, triggerCounts_bit6, triggerRate_bit7, triggerCounts_bit7, triggerRate_bit8, triggerCounts_bit8, triggerRate_bit9, triggerCounts_bit9, triggerRate_bit10, triggerCounts_bit10, triggerRate_bit11, triggerCounts_bit11, triggerRate_bit12, triggerCounts_bit12, triggerRate_bit13, triggerCounts_bit13, triggerRate_tot,  triggerCounts_tot  
101, 2.068, 472, 1.41079, 322, 0, 0, 0, 0, 0.0832456, 19, 0, 0, 0.148966, 34, 0, 0, 0.184017, 42, 0, 0, 0, 0, 0, 0, 0.499474, 114, 4.39449, 1003
subrunnum, triggerRate_bit1, triggerCounts_bit1, triggerRate_bit2, triggerCounts_bit2, triggerRate_bit3, triggerCounts_bit3, triggerRate_bit4, triggerCounts_bit4, triggerRate_bit5, triggerCounts_bit5, triggerRate_bit6, triggerCounts_bit6, triggerRate_bit7, triggerCounts_bit7, triggerRate_bit8, triggerCounts_bit8, triggerRate_bit9, triggerCounts_bit9, triggerRate_bit10, triggerCounts_bit10, triggerRate_bit11, triggerCounts_bit11, triggerRate_bit12, triggerCounts_bit12, triggerRate_bit13, triggerCounts_bit13, triggerRate_tot,  triggerCounts_tot  
102, 2.33279, 507, 1.39416, 303, 0, 0, 0, 0, 0.0460117, 10, 0, 0, 0.133434, 29, 0, 0, 0.216255, 47, 0, 0, 0, 0, 0, 0, 0.496927, 108, 4.61958, 1004
subrunnum, triggerRate_bit1, triggerCounts_bit1, triggerRate_bit2, triggerCounts_bit2, triggerRate_bit3, triggerCounts_bit3, triggerRate_bit4, triggerCounts_bit4, triggerRate_bit5, triggerCounts_bit5, triggerRate_bit6, triggerCounts_bit6, triggerRate_bit7, triggerCounts_bit7, triggerRate_bit8, triggerCounts_bit8, triggerRate_bit9, triggerCounts_bit9, triggerRate_bit10, triggerCounts_bit10, triggerRate_bit11, triggerCounts_bit11, triggerRate_bit12, triggerCounts_bit12, triggerRate_bit13, triggerCounts_bit13, triggerRate_tot,  triggerCounts_tot  
103, 2.26714, 491, 1.45448, 315, 0, 0, 0, 0, 0.0415566, 9, 0, 0, 0.152374, 33, 0, 0, 0.2124, 46, 0, 0, 0, 0, 0, 0, 0.498679, 108, 4.62663, 1002
subrunnum, triggerRate_bit1, triggerCounts_bit1, triggerRate_bit2, triggerCounts_bit2, triggerRate_bit3, triggerCounts_bit3, triggerRate_bit4, triggerCounts_bit4, triggerRate_bit5, triggerCounts_bit5, triggerRate_bit6, triggerCounts_bit6, triggerRate_bit7, triggerCounts_bit7, triggerRate_bit8, triggerCounts_bit8, triggerRate_bit9, triggerCounts_bit9, triggerRate_bit10, triggerCounts_bit10, triggerRate_bit11, triggerCounts_bit11, triggerRate_bit12, triggerCounts_bit12, triggerRate_bit13, triggerCounts_bit13, triggerRate_tot,  triggerCounts_tot  
104, 2.16378, 488, 1.32576, 299, 0, 0, 0, 0, 0.0487737, 11, 0, 0, 0.181793, 41, 0, 0, 0.226133, 51, 0, 0, 0, 0, 0, 0, 0.501039, 113, 4.44728, 1003
subrunnum, triggerRate_bit1, triggerCounts_bit1, triggerRate_bit2, triggerCounts_bit2, triggerRate_bit3, triggerCounts_bit3, triggerRate_bit4, triggerCounts_bit4, triggerRate_bit5, triggerCounts_bit5, triggerRate_bit6, triggerCounts_bit6, triggerRate_bit7, triggerCounts_bit7, triggerRate_bit8, triggerCounts_bit8, triggerRate_bit9, triggerCounts_bit9, triggerRate_bit10, triggerCounts_bit10, triggerRate_bit11, triggerCounts_bit11, triggerRate_bit12, triggerCounts_bit12, triggerRate_bit13, triggerCounts_bit13, triggerRate_tot,  triggerCounts_tot  
105, 2.16841, 501, 1.25517, 290, 0, 0, 0, 0, 0.0389535, 9, 0, 0, 0.181783, 42, 0, 0, 0.199095, 46, 0, 0, 0, 0, 0, 0, 0.497739, 115, 4.34115, 1003
subrunnum, triggerRate_bit1, triggerCounts_bit1, triggerRate_bit2, triggerCounts_bit2, triggerRate_bit3, triggerCounts_bit3, triggerRate_bit4, triggerCounts_bit4, triggerRate_bit5, triggerCounts_bit5, triggerRate_bit6, triggerCounts_bit6, triggerRate_bit7, triggerCounts_bit7, triggerRate_bit8, triggerCounts_bit8, triggerRate_bit9, triggerCounts_bit9, triggerRate_bit10, triggerCounts_bit10, triggerRate_bit11, triggerCounts_bit11, triggerRate_bit12, triggerCounts_bit12, triggerRate_bit13, triggerCounts_bit13, triggerRate_tot,  triggerCounts_tot  
106, 2.09341, 487, 1.25089, 291, 0, 0, 0, 0, 0.0644788, 15, 0, 0, 0.167645, 39, 0, 0, 0.232124, 54, 0, 0, 0, 0, 0, 0, 0.502934, 117, 4.31148, 1003
subrunnum, triggerRate_bit1, triggerCounts_bit1, triggerRate_bit2, triggerCounts_bit2, triggerRate_bit3, triggerCounts_bit3, triggerRate_bit4, triggerCounts_bit4, triggerRate_bit5, triggerCounts_bit5, triggerRate_bit6, triggerCounts_bit6, triggerRate_bit7, triggerCounts_bit7, triggerRate_bit8, triggerCounts_bit8, triggerRate_bit9, triggerCounts_bit9, triggerRate_bit10, triggerCounts_bit10, triggerRate_bit11, triggerCounts_bit11, triggerRate_bit12, triggerCounts_bit12, triggerRate_bit13, triggerCounts_bit13, triggerRate_tot,  triggerCounts_tot  
107, 2.23261, 500, 1.4378, 322, 0, 0, 0, 0, 0.0446522, 10, 0, 0, 0.107165, 24, 0, 0, 0.160748, 36, 0, 0, 0, 0, 0, 0, 0.495639, 111, 4.47862, 1003
subrunnum, triggerRate_bit1, triggerCounts_bit1, triggerRate_bit2, triggerCounts_bit2, triggerRate_bit3, triggerCounts_bit3, triggerRate_bit4, triggerCounts_bit4, triggerRate_bit5, triggerCounts_bit5, triggerRate_bit6, triggerCounts_bit6, triggerRate_bit7, triggerCounts_bit7, triggerRate_bit8, triggerCounts_bit8, triggerRate_bit9, triggerCounts_bit9, triggerRate_bit10, triggerCounts_bit10, triggerRate_bit11, triggerCounts_bit11, triggerRate_bit12, triggerCounts_bit12, triggerRate_bit13, triggerCounts_bit13, triggerRate_tot,  triggerCounts_tot  
108, 2.10213, 475, 1.4206, 321, 0, 0, 0, 0, 0.0398299, 9, 0, 0, 0.177022, 40, 0, 0, 0.199149, 45, 0, 0, 0, 0, 0, 0, 0.500086, 113, 4.43882, 1003
subrunnum, triggerRate_bit1, triggerCounts_bit1, triggerRate_bit2, triggerCounts_bit2, triggerRate_bit3, triggerCounts_bit3, triggerRate_bit4, triggerCounts_bit4, triggerRate_bit5, triggerCounts_bit5, triggerRate_bit6, triggerCounts_bit6, triggerRate_bit7, triggerCounts_bit7, triggerRate_bit8, triggerCounts_bit8, triggerRate_bit9, triggerCounts_bit9, triggerRate_bit10, triggerCounts_bit10, triggerRate_bit11, triggerCounts_bit11, triggerRate_bit12, triggerCounts_bit12, triggerRate_bit13, triggerCounts_bit13, triggerRate_tot,  triggerCounts_tot  
109, 2.11926, 480, 1.45699, 330, 0, 0, 0, 0, 0.0485664, 11, 0, 0, 0.123624, 28, 0, 0, 0.176605, 40, 0, 0, 0, 0, 0, 0, 0.503324, 114, 4.42837, 1003
subrunnum, triggerRate_bit1, triggerCounts_bit1, triggerRate_bit2, triggerCounts_bit2, triggerRate_bit3, triggerCounts_bit3, triggerRate_bit4, triggerCounts_bit4, triggerRate_bit5, triggerCounts_bit5, triggerRate_bit6, triggerCounts_bit6, triggerRate_bit7, triggerCounts_bit7, triggerRate_bit8, triggerCounts_bit8, triggerRate_bit9, triggerCounts_bit9, triggerRate_bit10, triggerCounts_bit10, triggerRate_bit11, triggerCounts_bit11, triggerRate_bit12, triggerCounts_bit12, triggerRate_bit13, triggerCounts_bit13, triggerRate_tot,  triggerCounts_tot  
110, 2.10325, 487, 1.3345, 309, 0, 0, 0, 0, 0.0345502, 8, 0, 0, 0.151157, 35, 0, 0, 0.207301, 48, 0, 0, 0, 0, 0, 0, 0.500978, 116, 4.33174, 1003
subrunnum, triggerRate_bit1, triggerCounts_bit1, triggerRate_bit2, triggerCounts_bit2, triggerRate_bit3, triggerCounts_bit3, triggerRate_bit4, triggerCounts_bit4, triggerRate_bit5, triggerCounts_bit5, triggerRate_bit6, triggerCounts_bit6, triggerRate_bit7, triggerCounts_bit7, triggerRate_bit8, triggerCounts_bit8, triggerRate_bit9, triggerCounts_bit9, triggerRate_bit10, triggerCounts_bit10, triggerRate_bit11, triggerCounts_bit11, triggerRate_bit12, triggerCounts_bit12, triggerRate_bit13, triggerCounts_bit13, triggerRate_tot,  triggerCounts_tot  
111, 2.21482, 482, 1.42447, 310, 0, 0, 0, 0, 0.0643308, 14, 0, 0, 0.188397, 41, 0, 0, 0.238943, 52, 0, 0, 0, 0, 0, 0, 0.496267, 108, 4.62723, 1007
subrunnum, triggerRate_bit1, triggerCounts_bit1, triggerRate_bit2, triggerCounts_bit2, triggerRate_bit3, triggerCounts_bit3, triggerRate_bit4, triggerCounts_bit4, triggerRate_bit5, triggerCounts_bit5, triggerRate_bit6, triggerCounts_bit6, triggerRate_bit7, triggerCounts_bit7, triggerRate_bit8, triggerCounts_bit8, triggerRate_bit9, triggerCounts_bit9, triggerRate_bit10, triggerCounts_bit10, triggerRate_bit11, triggerCounts_bit11, triggerRate_bit12, triggerCounts_bit12, triggerRate_bit13, triggerCounts_bit13, triggerRate_tot,  triggerCounts_tot  
112, 2.30492, 510, 1.34228, 297, 0, 0, 0, 0, 0.0587529, 13, 0, 0, 0.126545, 28, 0, 0, 0.194337, 43, 0, 0, 0, 0, 0, 0, 0.501659, 111, 4.52849, 1002
subrunnum, triggerRate_bit1, triggerCounts_bit1, triggerRate_bit2, triggerCounts_bit2, triggerRate_bit3, triggerCounts_bit3, triggerRate_bit4, triggerCounts_bit4, triggerRate_bit5, triggerCounts_bit5, triggerRate_bit6, triggerCounts_bit6, triggerRate_bit7, triggerCounts_bit7, triggerRate_bit8, triggerCounts_bit8, triggerRate_bit9, triggerCounts_bit9, triggerRate_bit10, triggerCounts_bit10, triggerRate_bit11, triggerCounts_bit11, triggerRate_bit12, triggerCounts_bit12, triggerRate_bit13, triggerCounts_bit13, triggerRate_tot,  triggerCounts_tot  
113, 2.19107, 484, 1.42148, 314, 0, 0, 0, 0, 0.0724321, 16, 0, 0, 0.185607, 41, 0, 0, 0.18108, 40, 0, 0, 0, 0, 0, 0, 0.502498, 111, 4.55417, 1006
subrunnum, triggerRate_bit1, triggerCounts_bit1, triggerRate_bit2, triggerCounts_bit2, triggerRate_bit3, triggerCounts_bit3, triggerRate_bit4, triggerCounts_bit4, triggerRate_bit5, triggerCounts_bit5, triggerRate_bit6, triggerCounts_bit6, triggerRate_bit7, triggerCounts_bit7, triggerRate_bit8, triggerCounts_bit8, triggerRate_bit9, triggerCounts_bit9, triggerRate_bit10, triggerCounts_bit10, triggerRate_bit11, triggerCounts_bit11, triggerRate_bit12, triggerCounts_bit12, triggerRate_bit13, triggerCounts_bit13, triggerRate_tot,  triggerCounts_tot  
114, 2.26067, 480, 1.46473, 311, 0, 0, 0, 0, 0.0565168, 12, 0, 0, 0.188389, 40, 0, 0, 0.249616, 53, 0, 0, 0, 0, 0, 0, 0.499232, 106, 4.71915, 1002
subrunnum, triggerRate_bit1, triggerCounts_bit1, triggerRate_bit2, triggerCounts_bit2, triggerRate_bit3, triggerCounts_bit3, triggerRate_bit4, triggerCounts_bit4, triggerRate_bit5, triggerCounts_bit5, triggerRate_bit6, triggerCounts_bit6, triggerRate_bit7, triggerCounts_bit7, triggerRate_bit8, triggerCounts_bit8, triggerRate_bit9, triggerCounts_bit9, triggerRate_bit10, triggerCounts_bit10, triggerRate_bit11, triggerCounts_bit11, triggerRate_bit12, triggerCounts_bit12, triggerRate_bit13, triggerCounts_bit13, triggerRate_tot,  triggerCounts_tot  
115, 2.26406, 511, 1.32476, 299, 0, 0, 0, 0, 0.0575983, 13, 0, 0, 0.132919, 30, 0, 0, 0.177225, 40, 0, 0, 0, 0, 0, 0, 0.500662, 113, 4.45722, 1006
subrunnum, triggerRate_bit1, triggerCounts_bit1, triggerRate_bit2, triggerCounts_bit2, triggerRate_bit3, triggerCounts_bit3, triggerRate_bit4, triggerCounts_bit4, triggerRate_bit5, triggerCounts_bit5, triggerRate_bit6, triggerCounts_bit6, triggerRate_bit7, triggerCounts_bit7, triggerRate_bit8, triggerCounts_bit8, triggerRate_bit9, triggerCounts_bit9, triggerRate_bit10, triggerCounts_bit10, triggerRate_bit11, triggerCounts_bit11, triggerRate_bit12, triggerCounts_bit12, triggerRate_bit13, triggerCounts_bit13, triggerRate_tot,  triggerCounts_tot  
116, 2.39259, 510, 1.3558, 289, 0, 0, 0, 0, 0.0703703, 15, 0, 0, 0.150123, 32, 0, 0, 0.24395, 52, 0, 0, 0, 0, 0, 0, 0.501975, 107, 4.71481, 1005
subrunnum, triggerRate_bit1, triggerCounts_bit1, triggerRate_bit2, triggerCounts_bit2, triggerRate_bit3, triggerCounts_bit3, triggerRate_bit4, triggerCounts_bit4, triggerRate_bit5, triggerCounts_bit5, triggerRate_bit6, triggerCounts_bit6, triggerRate_bit7, triggerCounts_bit7, triggerRate_bit8, triggerCounts_bit8, triggerRate_bit9, triggerCounts_bit9, triggerRate_bit10, triggerCounts_bit10, triggerRate_bit11, triggerCounts_bit11, triggerRate_bit12, triggerCounts_bit12, triggerRate_bit13, triggerCounts_bit13, triggerRate_tot,  triggerCounts_tot  
117, 2.24622, 507, 1.27153, 287, 0, 0, 0, 0, 0.0753169, 17, 0, 0, 0.181647, 41, 0, 0, 0.159495, 36, 0, 0, 0, 0, 0, 0, 0.500636, 113, 4.43484, 1001
subrunnum, triggerRate_bit1, triggerCounts_bit1, triggerRate_bit2, triggerCounts_bit2, triggerRate_bit3, triggerCounts_bit3, triggerRate_bit4, triggerCounts_bit4, triggerRate_bit5, triggerCounts_bit5, triggerRate_bit6, triggerCounts_bit6, triggerRate_bit7, triggerCounts_bit7, triggerRate_bit8, triggerCounts_bit8, triggerRate_bit9, triggerCounts_bit9, triggerRate_bit10, triggerCounts_bit10, triggerRate_bit11, triggerCounts_bit11, triggerRate_bit12, triggerCounts_bit12, triggerRate_bit13, triggerCounts_bit13, triggerRate_tot,  triggerCounts_tot  
118, 2.14472, 474, 1.53841, 340, 0, 0, 0, 0, 0.0542967, 12, 0, 0, 0.153841, 34, 0, 0, 0.140267, 31, 0, 0, 0, 0, 0, 0, 0.49772, 110, 4.52925, 1001
subrunnum, triggerRate_bit1, triggerCounts_bit1, triggerRate_bit2, triggerCounts_bit2, triggerRate_bit3, triggerCounts_bit3, triggerRate_bit4, triggerCounts_bit4, triggerRate_bit5, triggerCounts_bit5, triggerRate_bit6, triggerCounts_bit6, triggerRate_bit7, triggerCounts_bit7, triggerRate_bit8, triggerCounts_bit8, triggerRate_bit9, triggerCounts_bit9, triggerRate_bit10, triggerCounts_bit10, triggerRate_bit11, triggerCounts_bit11, triggerRate_bit12, triggerCounts_bit12, triggerRate_bit13, triggerCounts_bit13, triggerRate_tot,  triggerCounts_tot  
119, 2.15801, 482, 1.39241, 311, 0, 0, 0, 0, 0.0537265, 12, 0, 0, 0.188043, 42, 0, 0, 0.19252, 43, 0, 0, 0, 0, 0, 0, 0.501447, 112, 4.48616, 1002
subrunnum, triggerRate_bit1, triggerCounts_bit1, triggerRate_bit2, triggerCounts_bit2, triggerRate_bit3, triggerCounts_bit3, triggerRate_bit4, triggerCounts_bit4, triggerRate_bit5, triggerCounts_bit5, triggerRate_bit6, triggerCounts_bit6, triggerRate_bit7, triggerCounts_bit7, triggerRate_bit8, triggerCounts_bit8, triggerRate_bit9, triggerCounts_bit9, triggerRate_bit10, triggerCounts_bit10, triggerRate_bit11, triggerCounts_bit11, triggerRate_bit12, triggerCounts_bit12, triggerRate_bit13, triggerCounts_bit13, triggerRate_tot,  triggerCounts_tot  
120, 2.12568, 471, 1.41261, 313, 0, 0, 0, 0, 0.0541574, 12, 0, 0, 0.207604, 46, 0, 0, 0.221143, 49, 0, 0, 0, 0, 0, 0, 0.500956, 111, 4.52215, 1002
subrunnum, triggerRate_bit1, triggerCounts_bit1, triggerRate_bit2, triggerCounts_bit2, triggerRate_bit3, triggerCounts_bit3, triggerRate_bit4, triggerCounts_bit4, triggerRate_bit5, triggerCounts_bit5, triggerRate_bit6, triggerCounts_bit6, triggerRate_bit7, triggerCounts_bit7, triggerRate_bit8, triggerCounts_bit8, triggerRate_bit9, triggerCounts_bit9, triggerRate_bit10, triggerCounts_bit10, triggerRate_bit11, triggerCounts_bit11, triggerRate_bit12, triggerCounts_bit12, triggerRate_bit13, triggerCounts_bit13, triggerRate_tot,  triggerCounts_tot  
121, 2.10105, 487, 1.34174, 311, 0, 0, 0, 0, 0.0431427, 10, 0, 0, 0.150999, 35, 0, 0, 0.185513, 43, 0, 0, 0, 0, 0, 0, 0.500455, 116, 4.3229, 1002
subrunnum, triggerRate_bit1, triggerCounts_bit1, triggerRate_bit2, triggerCounts_bit2, triggerRate_bit3, triggerCounts_bit3, triggerRate_bit4, triggerCounts_bit4, triggerRate_bit5, triggerCounts_bit5, triggerRate_bit6, triggerCounts_bit6, triggerRate_bit7, triggerCounts_bit7, triggerRate_bit8, triggerCounts_bit8, triggerRate_bit9, triggerCounts_bit9, triggerRate_bit10, triggerCounts_bit10, triggerRate_bit11, triggerCounts_bit11, triggerRate_bit12, triggerCounts_bit12, triggerRate_bit13, triggerCounts_bit13, triggerRate_tot,  triggerCounts_tot  
122, 1.97735, 456, 1.40496, 324, 0, 0, 0, 0, 0.0607082, 14, 0, 0, 0.173452, 40, 0, 0, 0.229824, 53, 0, 0, 0, 0, 0, 0, 0.498675, 115, 4.34497, 1002
subrunnum, triggerRate_bit1, triggerCounts_bit1, triggerRate_bit2, triggerCounts_bit2, triggerRate_bit3, triggerCounts_bit3, triggerRate_bit4, triggerCounts_bit4, triggerRate_bit5, triggerCounts_bit5, triggerRate_bit6, triggerCounts_bit6, triggerRate_bit7, triggerCounts_bit7, triggerRate_bit8, triggerCounts_bit8, triggerRate_bit9, triggerCounts_bit9, triggerRate_bit10, triggerCounts_bit10, triggerRate_bit11, triggerCounts_bit11, triggerRate_bit12, triggerCounts_bit12, triggerRate_bit13, triggerCounts_bit13, triggerRate_tot,  triggerCounts_tot  
123, 2.03346, 470, 1.38016, 319, 0, 0, 0, 0, 0.0475917, 11, 0, 0, 0.190367, 44, 0, 0, 0.181714, 42, 0, 0, 0, 0, 0, 0, 0.501876, 116, 4.33517, 1002
subrunnum, triggerRate_bit1, triggerCounts_bit1, triggerRate_bit2, triggerCounts_bit2, triggerRate_bit3, triggerCounts_bit3, triggerRate_bit4, triggerCounts_bit4, triggerRate_bit5, triggerCounts_bit5, triggerRate_bit6, triggerCounts_bit6, triggerRate_bit7, triggerCounts_bit7, triggerRate_bit8, triggerCounts_bit8, triggerRate_bit9, triggerCounts_bit9, triggerRate_bit10, triggerCounts_bit10, triggerRate_bit11, triggerCounts_bit11, triggerRate_bit12, triggerCounts_bit12, triggerRate_bit13, triggerCounts_bit13, triggerRate_tot,  triggerCounts_tot  
124, 2.24428, 479, 1.48057, 316, 0, 0, 0, 0, 0.0327974, 7, 0, 0, 0.178043, 38, 0, 0, 0.267064, 57, 0, 0, 0, 0, 0, 0, 0.501331, 107, 4.70408, 1004
subrunnum, triggerRate_bit1, triggerCounts_bit1, triggerRate_bit2, triggerCounts_bit2, triggerRate_bit3, triggerCounts_bit3, triggerRate_bit4, triggerCounts_bit4, triggerRate_bit5, triggerCounts_bit5, triggerRate_bit6, triggerCounts_bit6, triggerRate_bit7, triggerCounts_bit7, triggerRate_bit8, triggerCounts_bit8, triggerRate_bit9, triggerCounts_bit9, triggerRate_bit10, triggerCounts_bit10, triggerRate_bit11, triggerCounts_bit11, triggerRate_bit12, triggerCounts_bit12, triggerRate_bit13, triggerCounts_bit13, triggerRate_tot,  triggerCounts_tot  
125, 2.10288, 494, 1.31536, 309, 0, 0, 0, 0, 0.0638526, 15, 0, 0, 0.106421, 25, 0, 0, 0.178787, 42, 0, 0, 0, 0, 0, 0, 0.49805, 117, 4.26535, 1002
subrunnum, triggerRate_bit1, triggerCounts_bit1, triggerRate_bit2, triggerCounts_bit2, triggerRate_bit3, triggerCounts_bit3, triggerRate_bit4, triggerCounts_bit4, triggerRate_bit5, triggerCounts_bit5, triggerRate_bit6, triggerCounts_bit6, triggerRate_bit7, triggerCounts_bit7, triggerRate_bit8, triggerCounts_bit8, triggerRate_bit9, triggerCounts_bit9, triggerRate_bit10, triggerCounts_bit10, triggerRate_bit11, triggerCounts_bit11, triggerRate_bit12, triggerCounts_bit12, triggerRate_bit13, triggerCounts_bit13, triggerRate_tot,  triggerCounts_tot  
126, 1.98238, 454, 1.43657, 329, 0, 0, 0, 0, 0.0829631, 19, 0, 0, 0.183392, 42, 0, 0, 0.196491, 45, 0, 0, 0, 0, 0, 0, 0.502145, 115, 4.38394, 1004
subrunnum, triggerRate_bit1, triggerCounts_bit1, triggerRate_bit2, triggerCounts_bit2, triggerRate_bit3, triggerCounts_bit3, triggerRate_bit4, triggerCounts_bit4, triggerRate_bit5, triggerCounts_bit5, triggerRate_bit6, triggerCounts_bit6, triggerRate_bit7, triggerCounts_bit7, triggerRate_bit8, triggerCounts_bit8, triggerRate_bit9, triggerCounts_bit9, triggerRate_bit10, triggerCounts_bit10, triggerRate_bit11, triggerCounts_bit11, triggerRate_bit12, triggerCounts_bit12, triggerRate_bit13, triggerCounts_bit13, triggerRate_tot,  triggerCounts_tot  
127, 2.27903, 484, 1.455, 309, 0, 0, 0, 0, 0.0753398, 16, 0, 0, 0.15068, 32, 0, 0, 0.273107, 58, 0, 0, 0, 0, 0, 0, 0.499126, 106, 4.73228, 1005
subrunnum, triggerRate_bit1, triggerCounts_bit1, triggerRate_bit2, triggerCounts_bit2, triggerRate_bit3, triggerCounts_bit3, triggerRate_bit4, triggerCounts_bit4, triggerRate_bit5, triggerCounts_bit5, triggerRate_bit6, triggerCounts_bit6, triggerRate_bit7, triggerCounts_bit7, triggerRate_bit8, triggerCounts_bit8, triggerRate_bit9, triggerCounts_bit9, triggerRate_bit10, triggerCounts_bit10, triggerRate_bit11, triggerCounts_bit11, triggerRate_bit12, triggerCounts_bit12, triggerRate_bit13, triggerCounts_bit13, triggerRate_tot,  triggerCounts_tot  
128, 2.17872, 499, 1.28802, 295, 0, 0, 0, 0, 0.0611265, 14, 0, 0, 0.139718, 32, 0, 0, 0.209577, 48, 0, 0, 0, 0, 0, 0, 0.502111, 115, 4.37928, 1003
subrunnum, triggerRate_bit1, triggerCounts_bit1, triggerRate_bit2, triggerCounts_bit2, triggerRate_bit3, triggerCounts_bit3, triggerRate_bit4, triggerCounts_bit4, triggerRate_bit5, triggerCounts_bit5, triggerRate_bit6, triggerCounts_bit6, triggerRate_bit7, triggerCounts_bit7, triggerRate_bit8, triggerCounts_bit8, triggerRate_bit9, triggerCounts_bit9, triggerRate_bit10, triggerCounts_bit10, triggerRate_bit11, triggerCounts_bit11, triggerRate_bit12, triggerCounts_bit12, triggerRate_bit13, triggerCounts_bit13, triggerRate_tot,  triggerCounts_tot  
129, 2.32152, 512, 1.29679, 286, 0, 0, 0, 0, 0.040808, 9, 0, 0, 0.176835, 39, 0, 0, 0.217643, 48, 0, 0, 0, 0, 0, 0, 0.503299, 111, 4.55689, 1005
subrunnum, triggerRate_bit1, triggerCounts_bit1, triggerRate_bit2, triggerCounts_bit2, triggerRate_bit3, triggerCounts_bit3, triggerRate_bit4, triggerCounts_bit4, triggerRate_bit5, triggerCounts_bit5, triggerRate_bit6, triggerCounts_bit6, triggerRate_bit7, triggerCounts_bit7, triggerRate_bit8, triggerCounts_bit8, triggerRate_bit9, triggerCounts_bit9, triggerRate_bit10, triggerCounts_bit10, triggerRate_bit11, triggerCounts_bit11, triggerRate_bit12, triggerCounts_bit12, triggerRate_bit13, triggerCounts_bit13, triggerRate_tot,  triggerCounts_tot  
130, 2.33278, 514, 1.34793, 297, 0, 0, 0, 0, 0.0408464, 9, 0, 0, 0.172462, 38, 0, 0, 0.154308, 34, 0, 0, 0, 0, 0, 0, 0.499233, 110, 4.54756, 1002
subrunnum, triggerRate_bit1, triggerCounts_bit1, triggerRate_bit2, triggerCounts_bit2, triggerRate_bit3, triggerCounts_bit3, triggerRate_bit4, triggerCounts_bit4, triggerRate_bit5, triggerCounts_bit5, triggerRate_bit6, triggerCounts_bit6, triggerRate_bit7, triggerCounts_bit7, triggerRate_bit8, triggerCounts_bit8, triggerRate_bit9, triggerCounts_bit9, triggerRate_bit10, triggerCounts_bit10, triggerRate_bit11, triggerCounts_bit11, triggerRate_bit12, triggerCounts_bit12, triggerRate_bit13, triggerCounts_bit13, triggerRate_tot,  triggerCounts_tot  
131, 2.32208, 498, 1.39418, 299, 0, 0, 0, 0, 0.0699422, 15, 0, 0, 0.191175, 41, 0, 0, 0.191175, 41, 0, 0, 0, 0, 0, 0, 0.503584, 108, 4.67214, 1002
subrunnum, triggerRate_bit1, triggerCounts_bit1, triggerRate_bit2, triggerCounts_bit2, triggerRate_bit3, triggerCounts_bit3, triggerRate_bit4, triggerCounts_bit4, triggerRate_bit5, triggerCounts_bit5, triggerRate_bit6, triggerCounts_bit6, triggerRate_bit7, triggerCounts_bit7, triggerRate_bit8, triggerCounts_bit8, triggerRate_bit9, triggerCounts_bit9, triggerRate_bit10, triggerCounts_bit10, triggerRate_bit11, triggerCounts_bit11, triggerRate_bit12, triggerCounts_bit12, triggerRate_bit13, triggerCounts_bit13, triggerRate_tot,  triggerCounts_tot  
132, 2.03834, 477, 1.35889, 318, 0, 0, 0, 0, 0.0555523, 13, 0, 0, 0.149564, 35, 0, 0, 0.179477, 42, 0, 0, 0, 0, 0, 0, 0.499971, 117, 4.2818, 1002
subrunnum, triggerRate_bit1, triggerCounts_bit1, triggerRate_bit2, triggerCounts_bit2, triggerRate_bit3, triggerCounts_bit3, triggerRate_bit4, triggerCounts_bit4, triggerRate_bit5, triggerCounts_bit5, triggerRate_bit6, triggerCounts_bit6, triggerRate_bit7, triggerCounts_bit7, triggerRate_bit8, triggerCounts_bit8, triggerRate_bit9, triggerCounts_bit9, triggerRate_bit10, triggerCounts_bit10, triggerRate_bit11, triggerCounts_bit11, triggerRate_bit12, triggerCounts_bit12, triggerRate_bit13, triggerCounts_bit13, triggerRate_tot,  triggerCounts_tot  
133, 2.22911, 493, 1.36098, 301, 0, 0, 0, 0, 0.067823, 15, 0, 0, 0.17634, 39, 0, 0, 0.198947, 44, 0, 0, 0, 0, 0, 0, 0.497368, 110, 4.53057, 1002
subrunnum, triggerRate_bit1, triggerCounts_bit1, triggerRate_bit2, triggerCounts_bit2, triggerRate_bit3, triggerCounts_bit3, triggerRate_bit4, triggerCounts_bit4, triggerRate_bit5, triggerCounts_bit5, triggerRate_bit6, triggerCounts_bit6, triggerRate_bit7, triggerCounts_bit7, triggerRate_bit8, triggerCounts_bit8, triggerRate_bit9, triggerCounts_bit9, triggerRate_bit10, triggerCounts_bit10, triggerRate_bit11, triggerCounts_bit11, triggerRate_bit12, triggerCounts_bit12, triggerRate_bit13, triggerCounts_bit13, triggerRate_tot,  triggerCounts_tot  
134, 2.17878, 496, 1.25631, 286, 0, 0, 0, 0, 0.0483197, 11, 0, 0, 0.184493, 42, 0, 0, 0.232813, 53, 0, 0, 0, 0, 0, 0, 0.500768, 114, 4.40149, 1002
subrunnum, triggerRate_bit1, triggerCounts_bit1, triggerRate_bit2, triggerCounts_bit2, triggerRate_bit3, triggerCounts_bit3, triggerRate_bit4, triggerCounts_bit4, triggerRate_bit5, triggerCounts_bit5, triggerRate_bit6, triggerCounts_bit6, triggerRate_bit7, triggerCounts_bit7, triggerRate_bit8, triggerCounts_bit8, triggerRate_bit9, triggerCounts_bit9, triggerRate_bit10, triggerCounts_bit10, triggerRate_bit11, triggerCounts_bit11, triggerRate_bit12, triggerCounts_bit12, triggerRate_bit13, triggerCounts_bit13, triggerRate_tot,  triggerCounts_tot  
135, 2.18407, 483, 1.42892, 316, 0, 0, 0, 0, 0.0497408, 11, 0, 0, 0.140179, 31, 0, 0, 0.230616, 51, 0, 0, 0, 0, 0, 0, 0.50193, 111, 4.53546, 1003
subrunnum, triggerRate_bit1, triggerCounts_bit1, triggerRate_bit2, triggerCounts_bit2, triggerRate_bit3, triggerCounts_bit3, triggerRate_bit4, triggerCounts_bit4, triggerRate_bit5, triggerCounts_bit5, triggerRate_bit6, triggerCounts_bit6, triggerRate_bit7, triggerCounts_bit7, triggerRate_bit8, triggerCounts_bit8, triggerRate_bit9, triggerCounts_bit9, triggerRate_bit10, triggerCounts_bit10, triggerRate_bit11, triggerCounts_bit11, triggerRate_bit12, triggerCounts_bit12, triggerRate_bit13, triggerCounts_bit13, triggerRate_tot,  triggerCounts_tot  
136, 2.10984, 482, 1.3088, 299, 0, 0, 0, 0, 0.0612817, 14, 0, 0, 0.1926, 44, 0, 0, 0.223241, 51, 0, 0, 0, 0, 0, 0, 0.499008, 114, 4.39477, 1004
subrunnum, triggerRate_bit1, triggerCounts_bit1, triggerRate_bit2, triggerCounts_bit2, triggerRate_bit3, triggerCounts_bit3, triggerRate_bit4, triggerCounts_bit4, triggerRate_bit5, triggerCounts_bit5, triggerRate_bit6, triggerCounts_bit6, triggerRate_bit7, triggerCounts_bit7, triggerRate_bit8, triggerCounts_bit8, triggerRate_bit9, triggerCounts_bit9, triggerRate_bit10, triggerCounts_bit10, triggerRate_bit11, triggerCounts_bit11, triggerRate_bit12, triggerCounts_bit12, triggerRate_bit13, triggerCounts_bit13, triggerRate_tot,  triggerCounts_tot  
137, 2.11796, 470, 1.42849, 317, 0, 0, 0, 0, 0.063088, 14, 0, 0, 0.162226, 36, 0, 0, 0.256858, 57, 0, 0, 0, 0, 0, 0, 0.500198, 111, 4.52882, 1005
subrunnum, triggerRate_bit1, triggerCounts_bit1, triggerRate_bit2, triggerCounts_bit2, triggerRate_bit3, triggerCounts_bit3, triggerRate_bit4, triggerCounts_bit4, triggerRate_bit5, triggerCounts_bit5, triggerRate_bit6, triggerCounts_bit6, triggerRate_bit7, triggerCounts_bit7, triggerRate_bit8, triggerCounts_bit8, triggerRate_bit9, triggerCounts_bit9, triggerRate_bit10, triggerCounts_bit10, triggerRate_bit11, triggerCounts_bit11, triggerRate_bit12, triggerCounts_bit12, triggerRate_bit13, triggerCounts_bit13, triggerRate_tot,  triggerCounts_tot  
138, 2.44331, 518, 1.43391, 304, 0, 0, 0, 0, 0.0518849, 11, 0, 0, 0.127354, 27, 0, 0, 0.160371, 34, 0, 0, 0, 0, 0, 0, 0.504698, 107, 4.72152, 1001
subrunnum, triggerRate_bit1, triggerCounts_bit1, triggerRate_bit2, triggerCounts_bit2, triggerRate_bit3, triggerCounts_bit3, triggerRate_bit4, triggerCounts_bit4, triggerRate_bit5, triggerCounts_bit5, triggerRate_bit6, triggerCounts_bit6, triggerRate_bit7, triggerCounts_bit7, triggerRate_bit8, triggerCounts_bit8, triggerRate_bit9, triggerCounts_bit9, triggerRate_bit10, triggerCounts_bit10, triggerRate_bit11, triggerCounts_bit11, triggerRate_bit12, triggerCounts_bit12, triggerRate_bit13, triggerCounts_bit13, triggerRate_tot,  triggerCounts_tot  
139, 2.25753, 496, 1.34724, 296, 0, 0, 0, 0, 0.0546177, 12, 0, 0, 0.177508, 39, 0, 0, 0.227574, 50, 0, 0, 0, 0, 0, 0, 0.500662, 110, 4.56513, 1003
subrunnum, triggerRate_bit1, triggerCounts_bit1, triggerRate_bit2, triggerCounts_bit2, triggerRate_bit3, triggerCounts_bit3, triggerRate_bit4, triggerCounts_bit4, triggerRate_bit5, triggerCounts_bit5, triggerRate_bit6, triggerCounts_bit6, triggerRate_bit7, triggerCounts_bit7, triggerRate_bit8, triggerCounts_bit8, triggerRate_bit9, triggerCounts_bit9, triggerRate_bit10, triggerCounts_bit10, triggerRate_bit11, triggerCounts_bit11, triggerRate_bit12, triggerCounts_bit12, triggerRate_bit13, triggerCounts_bit13, triggerRate_tot,  triggerCounts_tot  
140, 2.27947, 510, 1.30511, 292, 0, 0, 0, 0, 0.0446955, 10, 0, 0, 0.174312, 39, 0, 0, 0.174312, 39, 0, 0, 0, 0, 0, 0, 0.500589, 112, 4.47849, 1002
subrunnum, triggerRate_bit1, triggerCounts_bit1, triggerRate_bit2, triggerCounts_bit2, triggerRate_bit3, triggerCounts_bit3, triggerRate_bit4, triggerCounts_bit4, triggerRate_bit5, triggerCounts_bit5, triggerRate_bit6, triggerCounts_bit6, triggerRate_bit7, triggerCounts_bit7, triggerRate_bit8, triggerCounts_bit8, triggerRate_bit9, triggerCounts_bit9, triggerRate_bit10, triggerCounts_bit10, triggerRate_bit11, triggerCounts_bit11, triggerRate_bit12, triggerCounts_bit12, triggerRate_bit13, triggerCounts_bit13, triggerRate_tot,  triggerCounts_tot  
141, 2.04636, 479, 1.29446, 303, 0, 0, 0, 0, 0.0512658, 12, 0, 0, 0.170886, 40, 0, 0, 0.21788, 51, 0, 0, 0, 0, 0, 0, 0.499841, 117, 4.28069, 1002
subrunnum, triggerRate_bit1, triggerCounts_bit1, triggerRate_bit2, triggerCounts_bit2, triggerRate_bit3, triggerCounts_bit3, triggerRate_bit4, triggerCounts_bit4, triggerRate_bit5, triggerCounts_bit5, triggerRate_bit6, triggerCounts_bit6, triggerRate_bit7, triggerCounts_bit7, triggerRate_bit8, triggerCounts_bit8, triggerRate_bit9, triggerCounts_bit9, triggerRate_bit10, triggerCounts_bit10, triggerRate_bit11, triggerCounts_bit11, triggerRate_bit12, triggerCounts_bit12, triggerRate_bit13, triggerCounts_bit13, triggerRate_tot,  triggerCounts_tot  
142, 2.06995, 495, 1.20015, 287, 0, 0, 0, 0, 0.0585439, 14, 0, 0, 0.183995, 44, 0, 0, 0.175632, 42, 0, 0, 0, 0, 0, 0, 0.501805, 120, 4.19007, 1002
subrunnum, triggerRate_bit1, triggerCounts_bit1, triggerRate_bit2, triggerCounts_bit2, triggerRate_bit3, triggerCounts_bit3, triggerRate_bit4, triggerCounts_bit4, triggerRate_bit5, triggerCounts_bit5, triggerRate_bit6, triggerCounts_bit6, triggerRate_bit7, triggerCounts_bit7, triggerRate_bit8, triggerCounts_bit8, triggerRate_bit9, triggerCounts_bit9, triggerRate_bit10, triggerCounts_bit10, triggerRate_bit11, triggerCounts_bit11, triggerRate_bit12, triggerCounts_bit12, triggerRate_bit13, triggerCounts_bit13, triggerRate_tot,  triggerCounts_tot  
143, 2.21289, 484, 1.5225, 333, 0, 0, 0, 0, 0.0411487, 9, 0, 0, 0.141735, 31, 0, 0, 0.169167, 37, 0, 0, 0, 0, 0, 0, 0.498357, 109, 4.5858, 1003
subrunnum, triggerRate_bit1, triggerCounts_bit1, triggerRate_bit2, triggerCounts_bit2, triggerRate_bit3, triggerCounts_bit3, triggerRate_bit4, triggerCounts_bit4, triggerRate_bit5, triggerCounts_bit5, triggerRate_bit6, triggerCounts_bit6, triggerRate_bit7, triggerCounts_bit7, triggerRate_bit8, triggerCounts_bit8, triggerRate_bit9, triggerCounts_bit9, triggerRate_bit10, triggerCounts_bit10, triggerRate_bit11, triggerCounts_bit11, triggerRate_bit12, triggerCounts_bit12, triggerRate_bit13, triggerCounts_bit13, triggerRate_tot,  triggerCounts_tot  
144, 1.93444, 467, 1.27582, 308, 0, 0, 0, 0, 0.0455649, 11, 0, 0, 0.169833, 41, 0, 0, 0.227824, 55, 0, 0, 0, 0, 0, 0, 0.501214, 121, 4.15469, 1003
subrunnum, triggerRate_bit1, triggerCounts_bit1, triggerRate_bit2, triggerCounts_bit2, triggerRate_bit3, triggerCounts_bit3, triggerRate_bit4, triggerCounts_bit4, triggerRate_bit5, triggerCounts_bit5, triggerRate_bit6, triggerCounts_bit6, triggerRate_bit7, triggerCounts_bit7, triggerRate_bit8, triggerCounts_bit8, triggerRate_bit9, triggerCounts_bit9, triggerRate_bit10, triggerCounts_bit10, triggerRate_bit11, triggerCounts_bit11, triggerRate_bit12, triggerCounts_bit12, triggerRate_bit13, triggerCounts_bit13, triggerRate_tot,  triggerCounts_tot  
145, 2.27587, 478, 1.47122, 309, 0, 0, 0, 0, 0.0618961, 13, 0, 0, 0.204733, 43, 0, 0, 0.271391, 57, 0, 0, 0, 0, 0, 0, 0.49993, 105, 4.78505, 1005
subrunnum, triggerRate_bit1, triggerCounts_bit1, triggerRate_bit2, triggerCounts_bit2, triggerRate_bit3, triggerCounts_bit3, triggerRate_bit4, triggerCounts_bit4, triggerRate_bit5, triggerCounts_bit5, triggerRate_bit6, triggerCounts_bit6, triggerRate_bit7, triggerCounts_bit7, triggerRate_bit8, triggerCounts_bit8, triggerRate_bit9, triggerCounts_bit9, triggerRate_bit10, triggerCounts_bit10, triggerRate_bit11, triggerCounts_bit11, triggerRate_bit12, triggerCounts_bit12, triggerRate_bit13, triggerCounts_bit13, triggerRate_tot,  triggerCounts_tot  
146, 2.04701, 489, 1.28095, 306, 0, 0, 0, 0, 0.071164, 17, 0, 0, 0.0837224, 20, 0, 0, 0.20512, 49, 0, 0, 0, 0, 0, 0, 0.502334, 120, 4.1903, 1001
subrunnum, triggerRate_bit1, triggerCounts_bit1, triggerRate_bit2, triggerCounts_bit2, triggerRate_bit3, triggerCounts_bit3, triggerRate_bit4, triggerCounts_bit4, triggerRate_bit5, triggerCounts_bit5, triggerRate_bit6, triggerCounts_bit6, triggerRate_bit7, triggerCounts_bit7, triggerRate_bit8, triggerCounts_bit8, triggerRate_bit9, triggerCounts_bit9, triggerRate_bit10, triggerCounts_bit10, triggerRate_bit11, triggerCounts_bit11, triggerRate_bit12, triggerCounts_bit12, triggerRate_bit13, triggerCounts_bit13, triggerRate_tot,  triggerCounts_tot  
147, 2.26738, 508, 1.30776, 293, 0, 0, 0, 0, 0.0535602, 12, 0, 0, 0.151754, 34, 0, 0, 0.205314, 46, 0, 0, 0, 0, 0, 0, 0.499895, 112, 4.48567, 1005
subrunnum, triggerRate_bit1, triggerCounts_bit1, triggerRate_bit2, triggerCounts_bit2, triggerRate_bit3, triggerCounts_bit3, triggerRate_bit4, triggerCounts_bit4, triggerRate_bit5, triggerCounts_bit5, triggerRate_bit6, triggerCounts_bit6, triggerRate_bit7, triggerCounts_bit7, triggerRate_bit8, triggerCounts_bit8, triggerRate_bit9, triggerCounts_bit9, triggerRate_bit10, triggerCounts_bit10, triggerRate_bit11, triggerCounts_bit11, triggerRate_bit12, triggerCounts_bit12, triggerRate_bit13, triggerCounts_bit13, triggerRate_tot,  triggerCounts_tot  
148, 2.27312, 506, 1.30727, 291, 0, 0, 0, 0, 0.0449233, 10, 0, 0, 0.13477, 30, 0, 0, 0.251571, 56, 0, 0, 0, 0, 0, 0, 0.498649, 111, 4.5103, 1004
subrunnum, triggerRate_bit1, triggerCounts_bit1, triggerRate_bit2, triggerCounts_bit2, triggerRate_bit3, triggerCounts_bit3, triggerRate_bit4, triggerCounts_bit4, triggerRate_bit5, triggerCounts_bit5, triggerRate_bit6, triggerCounts_bit6, triggerRate_bit7, triggerCounts_bit7, triggerRate_bit8, triggerCounts_bit8, triggerRate_bit9, triggerCounts_bit9, triggerRate_bit10, triggerCounts_bit10, triggerRate_bit11, triggerCounts_bit11, triggerRate_bit12, triggerCounts_bit12, triggerRate_bit13, triggerCounts_bit13, triggerRate_tot,  triggerCounts_tot  
149, 2.20651, 490, 1.42297, 316, 0, 0, 0, 0, 0.0495339, 11, 0, 0, 0.148602, 33, 0, 0, 0.184626, 41, 0, 0, 0, 0, 0, 0, 0.499842, 111, 4.51208, 1002
subrunnum, triggerRate_bit1, triggerCounts_bit1, triggerRate_bit2, triggerCounts_bit2, triggerRate_bit3, triggerCounts_bit3, triggerRate_bit4, triggerCounts_bit4, triggerRate_bit5, triggerCounts_bit5, triggerRate_bit6, triggerCounts_bit6, triggerRate_bit7, triggerCounts_bit7, triggerRate_bit8, triggerCounts_bit8, triggerRate_bit9, triggerCounts_bit9, triggerRate_bit10, triggerCounts_bit10, triggerRate_bit11, triggerCounts_bit11, triggerRate_bit12, triggerCounts_bit12, triggerRate_bit13, triggerCounts_bit13, triggerRate_tot,  triggerCounts_tot  
150, 2.18138, 496, 1.32818, 302, 0, 0, 0, 0, 0.0571733, 13, 0, 0, 0.184714, 42, 0, 0, 0.17152, 39, 0, 0, 0, 0, 0, 0, 0.501366, 114, 4.42433, 1006
subrunnum, triggerRate_bit1, triggerCounts_bit1, triggerRate_bit2, triggerCounts_bit2, triggerRate_bit3, triggerCounts_bit3, triggerRate_bit4, triggerCounts_bit4, triggerRate_bit5, triggerCounts_bit5, triggerRate_bit6, triggerCounts_bit6, triggerRate_bit7, triggerCounts_bit7, triggerRate_bit8, triggerCounts_bit8, triggerRate_bit9, triggerCounts_bit9, triggerRate_bit10, triggerCounts_bit10, triggerRate_bit11, triggerCounts_bit11, triggerRate_bit12, triggerCounts_bit12, triggerRate_bit13, triggerCounts_bit13, triggerRate_tot,  triggerCounts_tot  
151, 2.24475, 503, 1.32989, 298, 0, 0, 0, 0, 0.0535528, 12, 0, 0, 0.182972, 41, 0, 0, 0.165121, 37, 0, 0, 0, 0, 0, 0, 0.504288, 113, 4.48058, 1004
subrunnum, triggerRate_bit1, triggerCounts_bit1, triggerRate_bit2, triggerCounts_bit2, triggerRate_bit3, triggerCounts_bit3, triggerRate_bit4, triggerCounts_bit4, triggerRate_bit5, triggerCounts_bit5, triggerRate_bit6, triggerCounts_bit6, triggerRate_bit7, triggerCounts_bit7, triggerRate_bit8, triggerCounts_bit8, triggerRate_bit9, triggerCounts_bit9, triggerRate_bit10, triggerCounts_bit10, triggerRate_bit11, triggerCounts_bit11, triggerRate_bit12, triggerCounts_bit12, triggerRate_bit13, triggerCounts_bit13, triggerRate_tot,  triggerCounts_tot  
152, 2.12577, 480, 1.39504, 315, 0, 0, 0, 0, 0.0354295, 8, 0, 0, 0.190433, 43, 0, 0, 0.199291, 45, 0, 0, 0, 0, 0, 0, 0.500441, 113, 4.4464, 1004
subrunnum, triggerRate_bit1, triggerCounts_bit1, triggerRate_bit2, triggerCounts_bit2, triggerRate_bit3, triggerCounts_bit3, triggerRate_bit4, triggerCounts_bit4, triggerRate_bit5, triggerCounts_bit5, triggerRate_bit6, triggerCounts_bit6, triggerRate_bit7, triggerCounts_bit7, triggerRate_bit8, triggerCounts_bit8, triggerRate_bit9, triggerCounts_bit9, triggerRate_bit10, triggerCounts_bit10, triggerRate_bit11, triggerCounts_bit11, triggerRate_bit12, triggerCounts_bit12, triggerRate_bit13, triggerCounts_bit13, triggerRate_tot,  triggerCounts_tot  
153, 2.45768, 527, 1.38041, 296, 0, 0, 0, 0, 0.0466353, 10, 0, 0, 0.14457, 31, 0, 0, 0.139906, 30, 0, 0, 0, 0, 0, 0, 0.498998, 107, 4.6682, 1001
subrunnum, triggerRate_bit1, triggerCounts_bit1, triggerRate_bit2, triggerCounts_bit2, triggerRate_bit3, triggerCounts_bit3, triggerRate_bit4, triggerCounts_bit4, triggerRate_bit5, triggerCounts_bit5, triggerRate_bit6, triggerCounts_bit6, triggerRate_bit7, triggerCounts_bit7, triggerRate_bit8, triggerCounts_bit8, triggerRate_bit9, triggerCounts_bit9, triggerRate_bit10, triggerCounts_bit10, triggerRate_bit11, triggerCounts_bit11, triggerRate_bit12, triggerCounts_bit12, triggerRate_bit13, triggerCounts_bit13, triggerRate_tot,  triggerCounts_tot  
154, 2.3506, 491, 1.47451, 308, 0, 0, 0, 0, 0.0909601, 19, 0, 0, 0.162771, 34, 0, 0, 0.239369, 50, 0, 0, 0, 0, 0, 0, 0.502674, 105, 4.82088, 1007
subrunnum, triggerRate_bit1, triggerCounts_bit1, triggerRate_bit2, triggerCounts_bit2, triggerRate_bit3, triggerCounts_bit3, triggerRate_bit4, triggerCounts_bit4, triggerRate_bit5, triggerCounts_bit5, triggerRate_bit6, triggerCounts_bit6, triggerRate_bit7, triggerCounts_bit7, triggerRate_bit8, triggerCounts_bit8, triggerRate_bit9, triggerCounts_bit9, triggerRate_bit10, triggerCounts_bit10, triggerRate_bit11, triggerCounts_bit11, triggerRate_bit12, triggerCounts_bit12, triggerRate_bit13, triggerCounts_bit13, triggerRate_tot,  triggerCounts_tot  
155, 2.11604, 473, 1.45394, 325, 0, 0, 0, 0, 0.0894729, 20, 0, 0, 0.134209, 30, 0, 0, 0.201314, 45, 0, 0, 0, 0, 0, 0, 0.501049, 112, 4.49602, 1005
subrunnum, triggerRate_bit1, triggerCounts_bit1, triggerRate_bit2, triggerCounts_bit2, triggerRate_bit3, triggerCounts_bit3, triggerRate_bit4, triggerCounts_bit4, triggerRate_bit5, triggerCounts_bit5, triggerRate_bit6, triggerCounts_bit6, triggerRate_bit7, triggerCounts_bit7, triggerRate_bit8, triggerCounts_bit8, triggerRate_bit9, triggerCounts_bit9, triggerRate_bit10, triggerCounts_bit10, triggerRate_bit11, triggerCounts_bit11, triggerRate_bit12, triggerCounts_bit12, triggerRate_bit13, triggerCounts_bit13, triggerRate_tot,  triggerCounts_tot  
156, 2.20942, 498, 1.37091, 309, 0, 0, 0, 0, 0.0532391, 12, 0, 0, 0.146407, 33, 0, 0, 0.1819, 41, 0, 0, 0, 0, 0, 0, 0.496898, 112, 4.45877, 1005
subrunnum, triggerRate_bit1, triggerCounts_bit1, triggerRate_bit2, triggerCounts_bit2, triggerRate_bit3, triggerCounts_bit3, triggerRate_bit4, triggerCounts_bit4, triggerRate_bit5, triggerCounts_bit5, triggerRate_bit6, triggerCounts_bit6, triggerRate_bit7, triggerCounts_bit7, triggerRate_bit8, triggerCounts_bit8, triggerRate_bit9, triggerCounts_bit9, triggerRate_bit10, triggerCounts_bit10, triggerRate_bit11, triggerCounts_bit11, triggerRate_bit12, triggerCounts_bit12, triggerRate_bit13, triggerCounts_bit13, triggerRate_tot,  triggerCounts_tot  
157, 2.25997, 493, 1.41191, 308, 0, 0, 0, 0, 0.0595935, 13, 0, 0, 0.123771, 27, 0, 0, 0.238374, 52, 0, 0, 0, 0, 0, 0, 0.499669, 109, 4.59328, 1002
subrunnum, triggerRate_bit1, triggerCounts_bit1, triggerRate_bit2, triggerCounts_bit2, triggerRate_bit3, triggerCounts_bit3, triggerRate_bit4, triggerCounts_bit4, triggerRate_bit5, triggerCounts_bit5, triggerRate_bit6, triggerCounts_bit6, triggerRate_bit7, triggerCounts_bit7, triggerRate_bit8, triggerCounts_bit8, triggerRate_bit9, triggerCounts_bit9, triggerRate_bit10, triggerCounts_bit10, triggerRate_bit11, triggerCounts_bit11, triggerRate_bit12, triggerCounts_bit12, triggerRate_bit13, triggerCounts_bit13, triggerRate_tot,  triggerCounts_tot  
158, 2.07266, 476, 1.31936, 303, 0, 0, 0, 0, 0.0348347, 8, 0, 0, 0.23078, 53, 0, 0, 0.204654, 47, 0, 0, 0, 0, 0, 0, 0.500748, 115, 4.36304, 1002
subrunnum, triggerRate_bit1, triggerCounts_bit1, triggerRate_bit2, triggerCounts_bit2, triggerRate_bit3, triggerCounts_bit3, triggerRate_bit4, triggerCounts_bit4, triggerRate_bit5, triggerCounts_bit5, triggerRate_bit6, triggerCounts_bit6, triggerRate_bit7, triggerCounts_bit7, triggerRate_bit8, triggerCounts_bit8, triggerRate_bit9, triggerCounts_bit9, triggerRate_bit10, triggerCounts_bit10, triggerRate_bit11, triggerCounts_bit11, triggerRate_bit12, triggerCounts_bit12, triggerRate_bit13, triggerCounts_bit13, triggerRate_tot,  triggerCounts_tot  
159, 2.05796, 476, 1.33162, 308, 0, 0, 0, 0, 0.0691752, 16, 0, 0, 0.185908, 43, 0, 0, 0.185908, 43, 0, 0, 0, 0, 0, 0, 0.497197, 115, 4.32777, 1001
subrunnum, triggerRate_bit1, triggerCounts_bit1, triggerRate_bit2, triggerCounts_bit2, triggerRate_bit3, triggerCounts_bit3, triggerRate_bit4, triggerCounts_bit4, triggerRate_bit5, triggerCounts_bit5, triggerRate_bit6, triggerCounts_bit6, triggerRate_bit7, triggerCounts_bit7, triggerRate_bit8, triggerCounts_bit8, triggerRate_bit9, triggerCounts_bit9, triggerRate_bit10, triggerCounts_bit10, triggerRate_bit11, triggerCounts_bit11, triggerRate_bit12, triggerCounts_bit12, triggerRate_bit13, triggerCounts_bit13, triggerRate_tot,  triggerCounts_tot  
160, 2.26885, 513, 1.33124, 301, 0, 0, 0, 0, 0.0442271, 10, 0, 0, 0.137104, 31, 0, 0, 0.14595, 33, 0, 0, 0, 0, 0, 0, 0.499767, 113, 4.42714, 1001
subrunnum, triggerRate_bit1, triggerCounts_bit1, triggerRate_bit2, triggerCounts_bit2, triggerRate_bit3, triggerCounts_bit3, triggerRate_bit4, triggerCounts_bit4, triggerRate_bit5, triggerCounts_bit5, triggerRate_bit6, triggerCounts_bit6, triggerRate_bit7, triggerCounts_bit7, triggerRate_bit8, triggerCounts_bit8, triggerRate_bit9, triggerCounts_bit9, triggerRate_bit10, triggerCounts_bit10, triggerRate_bit11, triggerCounts_bit11, triggerRate_bit12, triggerCounts_bit12, triggerRate_bit13, triggerCounts_bit13, triggerRate_tot,  triggerCounts_tot  
161, 2.23887, 498, 1.39817, 311, 0, 0, 0, 0, 0.0179829, 4, 0, 0, 0.161846, 36, 0, 0, 0.197812, 44, 0, 0, 0, 0, 0, 0, 0.503521, 112, 4.5182, 1005
subrunnum, triggerRate_bit1, triggerCounts_bit1, triggerRate_bit2, triggerCounts_bit2, triggerRate_bit3, triggerCounts_bit3, triggerRate_bit4, triggerCounts_bit4, triggerRate_bit5, triggerCounts_bit5, triggerRate_bit6, triggerCounts_bit6, triggerRate_bit7, triggerCounts_bit7, triggerRate_bit8, triggerCounts_bit8, triggerRate_bit9, triggerCounts_bit9, triggerRate_bit10, triggerCounts_bit10, triggerRate_bit11, triggerCounts_bit11, triggerRate_bit12, triggerCounts_bit12, triggerRate_bit13, triggerCounts_bit13, triggerRate_tot,  triggerCounts_tot  
162, 2.3116, 496, 1.43543, 308, 0, 0, 0, 0, 0.0605862, 13, 0, 0, 0.149135, 32, 0, 0, 0.209721, 45, 0, 0, 0, 0, 0, 0, 0.498671, 107, 4.66514, 1001
subrunnum, triggerRate_bit1, triggerCounts_bit1, triggerRate_bit2, triggerCounts_bit2, triggerRate_bit3, triggerCounts_bit3, triggerRate_bit4, triggerCounts_bit4, triggerRate_bit5, triggerCounts_bit5, triggerRate_bit6, triggerCounts_bit6, triggerRate_bit7, triggerCounts_bit7, triggerRate_bit8, triggerCounts_bit8, triggerRate_bit9, triggerCounts_bit9, triggerRate_bit10, triggerCounts_bit10, triggerRate_bit11, triggerCounts_bit11, triggerRate_bit12, triggerCounts_bit12, triggerRate_bit13, triggerCounts_bit13, triggerRate_tot,  triggerCounts_tot  
163, 2.1463, 494, 1.32514, 305, 0, 0, 0, 0, 0.0347578, 8, 0, 0, 0.1651, 38, 0, 0, 0.186823, 43, 0, 0, 0, 0, 0, 0, 0.495299, 114, 4.35342, 1002
subrunnum, triggerRate_bit1, triggerCounts_bit1, triggerRate_bit2, triggerCounts_bit2, triggerRate_bit3, triggerCounts_bit3, triggerRate_bit4, triggerCounts_bit4, triggerRate_bit5, triggerCounts_bit5, triggerRate_bit6, triggerCounts_bit6, triggerRate_bit7, triggerCounts_bit7, triggerRate_bit8, triggerCounts_bit8, triggerRate_bit9, triggerCounts_bit9, triggerRate_bit10, triggerCounts_bit10, triggerRate_bit11, triggerCounts_bit11, triggerRate_bit12, triggerCounts_bit12, triggerRate_bit13, triggerCounts_bit13, triggerRate_tot,  triggerCounts_tot  
164, 2.26437, 485, 1.48935, 319, 0, 0, 0, 0, 0.0420193, 9, 0, 0, 0.177415, 38, 0, 0, 0.214765, 46, 0, 0, 0, 0, 0, 0, 0.499562, 107, 4.68748, 1004
subrunnum, triggerRate_bit1, triggerCounts_bit1, triggerRate_bit2, triggerCounts_bit2, triggerRate_bit3, triggerCounts_bit3, triggerRate_bit4, triggerCounts_bit4, triggerRate_bit5, triggerCounts_bit5, triggerRate_bit6, triggerCounts_bit6, triggerRate_bit7, triggerCounts_bit7, triggerRate_bit8, triggerCounts_bit8, triggerRate_bit9, triggerCounts_bit9, triggerRate_bit10, triggerCounts_bit10, triggerRate_bit11, triggerCounts_bit11, triggerRate_bit12, triggerCounts_bit12, triggerRate_bit13, triggerCounts_bit13, triggerRate_tot,  triggerCounts_tot  
165, 2.13727, 493, 1.29624, 299, 0, 0, 0, 0, 0.0390171, 9, 0, 0, 0.138728, 32, 0, 0, 0.234103, 54, 0, 0, 0, 0, 0, 0, 0.502887, 116, 4.34824, 1003
subrunnum, triggerRate_bit1, triggerCounts_bit1, triggerRate_bit2, triggerCounts_bit2, triggerRate_bit3, triggerCounts_bit3, triggerRate_bit4, triggerCounts_bit4, triggerRate_bit5, triggerCounts_bit5, triggerRate_bit6, triggerCounts_bit6, triggerRate_bit7, triggerCounts_bit7, triggerRate_bit8, triggerCounts_bit8, triggerRate_bit9, triggerCounts_bit9, triggerRate_bit10, triggerCounts_bit10, triggerRate_bit11, triggerCounts_bit11, triggerRate_bit12, triggerCounts_bit12, triggerRate_bit13, triggerCounts_bit13, triggerRate_tot,  triggerCounts_tot  
166, 2.03631, 485, 1.27637, 304, 0, 0, 0, 0, 0.0545815, 13, 0, 0, 0.134355, 32, 0, 0, 0.209929, 50, 0, 0, 0, 0, 0, 0, 0.499631, 119, 4.21118, 1003
subrunnum, triggerRate_bit1, triggerCounts_bit1, triggerRate_bit2, triggerCounts_bit2, triggerRate_bit3, triggerCounts_bit3, triggerRate_bit4, triggerCounts_bit4, triggerRate_bit5, triggerCounts_bit5, triggerRate_bit6, triggerCounts_bit6, triggerRate_bit7, triggerCounts_bit7, triggerRate_bit8, triggerCounts_bit8, triggerRate_bit9, triggerCounts_bit9, triggerRate_bit10, triggerCounts_bit10, triggerRate_bit11, triggerCounts_bit11, triggerRate_bit12, triggerCounts_bit12, triggerRate_bit13, triggerCounts_bit13, triggerRate_tot,  triggerCounts_tot  
167, 2.02233, 472, 1.20825, 282, 0, 0, 0, 0, 0.0899764, 21, 0, 0, 0.192807, 45, 0, 0, 0.295637, 69, 0, 0, 0, 0, 0, 0, 0.497013, 116, 4.30601, 1005
subrunnum, triggerRate_bit1, triggerCounts_bit1, triggerRate_bit2, triggerCounts_bit2, triggerRate_bit3, triggerCounts_bit3, triggerRate_bit4, triggerCounts_bit4, triggerRate_bit5, triggerCounts_bit5, triggerRate_bit6, triggerCounts_bit6, triggerRate_bit7, triggerCounts_bit7, triggerRate_bit8, triggerCounts_bit8, triggerRate_bit9, triggerCounts_bit9, triggerRate_bit10, triggerCounts_bit10, triggerRate_bit11, triggerCounts_bit11, triggerRate_bit12, triggerCounts_bit12, triggerRate_bit13, triggerCounts_bit13, triggerRate_tot,  triggerCounts_tot  
168, 2.17423, 498, 1.31414, 301, 0, 0, 0, 0, 0.0698547, 16, 0, 0, 0.135343, 31, 0, 0, 0.187734, 43, 0, 0, 0, 0, 0, 0, 0.502081, 115, 4.38338, 1004
subrunnum, triggerRate_bit1, triggerCounts_bit1, triggerRate_bit2, triggerCounts_bit2, triggerRate_bit3, triggerCounts_bit3, triggerRate_bit4, triggerCounts_bit4, triggerRate_bit5, triggerCounts_bit5, triggerRate_bit6, triggerCounts_bit6, triggerRate_bit7, triggerCounts_bit7, triggerRate_bit8, triggerCounts_bit8, triggerRate_bit9, triggerCounts_bit9, triggerRate_bit10, triggerCounts_bit10, triggerRate_bit11, triggerCounts_bit11, triggerRate_bit12, triggerCounts_bit12, triggerRate_bit13, triggerCounts_bit13, triggerRate_tot,  triggerCounts_tot  
169, 2.07023, 488, 1.30662, 308, 0, 0, 0, 0, 0.0593918, 14, 0, 0, 0.14848, 35, 0, 0, 0.169691, 40, 0, 0, 0, 0, 0, 0, 0.500588, 118, 4.255, 1003
subrunnum, triggerRate_bit1, triggerCounts_bit1, triggerRate_bit2, triggerCounts_bit2, triggerRate_bit3, triggerCounts_bit3, triggerRate_bit4, triggerCounts_bit4, triggerRate_bit5, triggerCounts_bit5, triggerRate_bit6, triggerCounts_bit6, triggerRate_bit7, triggerCounts_bit7, triggerRate_bit8, triggerCounts_bit8, triggerRate_bit9, triggerCounts_bit9, triggerRate_bit10, triggerCounts_bit10, triggerRate_bit11, triggerCounts_bit11, triggerRate_bit12, triggerCounts_bit12, triggerRate_bit13, triggerCounts_bit13, triggerRate_tot,  triggerCounts_tot  
170, 2.45019, 490, 1.53012, 306, 0, 0, 0, 0, 0.0650051, 13, 0, 0, 0.215017, 43, 0, 0, 0.26002, 52, 0, 0, 0, 0, 0, 0, 0.500039, 100, 5.02039, 1004
subrunnum, triggerRate_bit1, triggerCounts_bit1, triggerRate_bit2, triggerCounts_bit2, triggerRate_bit3, triggerCounts_bit3, triggerRate_bit4, triggerCounts_bit4, triggerRate_bit5, triggerCounts_bit5, triggerRate_bit6, triggerCounts_bit6, triggerRate_bit7, triggerCounts_bit7, triggerRate_bit8, triggerCounts_bit8, triggerRate_bit9, triggerCounts_bit9, triggerRate_bit10, triggerCounts_bit10, triggerRate_bit11, triggerCounts_bit11, triggerRate_bit12, triggerCounts_bit12, triggerRate_bit13, triggerCounts_bit13, triggerRate_tot,  triggerCounts_tot  
171, 2.18118, 487, 1.43322, 320, 0, 0, 0, 0, 0.0940551, 21, 0, 0, 0.125407, 28, 0, 0, 0.165716, 37, 0, 0, 0, 0, 0, 0, 0.501627, 112, 4.50121, 1005
subrunnum, triggerRate_bit1, triggerCounts_bit1, triggerRate_bit2, triggerCounts_bit2, triggerRate_bit3, triggerCounts_bit3, triggerRate_bit4, triggerCounts_bit4, triggerRate_bit5, triggerCounts_bit5, triggerRate_bit6, triggerCounts_bit6, triggerRate_bit7, triggerCounts_bit7, triggerRate_bit8, triggerCounts_bit8, triggerRate_bit9, triggerCounts_bit9, triggerRate_bit10, triggerCounts_bit10, triggerRate_bit11, triggerCounts_bit11, triggerRate_bit12, triggerCounts_bit12, triggerRate_bit13, triggerCounts_bit13, triggerRate_tot,  triggerCounts_tot  
172, 2.23767, 487, 1.4152, 308, 0, 0, 0, 0, 0.0689222, 15, 0, 0, 0.192982, 42, 0, 0, 0.192982, 42, 0, 0, 0, 0, 0, 0, 0.49624, 108, 4.604, 1002
subrunnum, triggerRate_bit1, triggerCounts_bit1, triggerRate_bit2, triggerCounts_bit2, triggerRate_bit3, triggerCounts_bit3, triggerRate_bit4, triggerCounts_bit4, triggerRate_bit5, triggerCounts_bit5, triggerRate_bit6, triggerCounts_bit6, triggerRate_bit7, triggerCounts_bit7, triggerRate_bit8, triggerCounts_bit8, triggerRate_bit9, triggerCounts_bit9, triggerRate_bit10, triggerCounts_bit10, triggerRate_bit11, triggerCounts_bit11, triggerRate_bit12, triggerCounts_bit12, triggerRate_bit13, triggerCounts_bit13, triggerRate_tot,  triggerCounts_tot  
173, 2.15643, 501, 1.27406, 296, 0, 0, 0, 0, 0.0344341, 8, 0, 0, 0.154953, 36, 0, 0, 0.193692, 45, 0, 0, 0, 0, 0, 0, 0.503598, 117, 4.31717, 1003
subrunnum, triggerRate_bit1, triggerCounts_bit1, triggerRate_bit2, triggerCounts_bit2, triggerRate_bit3, triggerCounts_bit3, triggerRate_bit4, triggerCounts_bit4, triggerRate_bit5, triggerCounts_bit5, triggerRate_bit6, triggerCounts_bit6, triggerRate_bit7, triggerCounts_bit7, triggerRate_bit8, triggerCounts_bit8, triggerRate_bit9, triggerCounts_bit9, triggerRate_bit10, triggerCounts_bit10, triggerRate_bit11, triggerCounts_bit11, triggerRate_bit12, triggerCounts_bit12, triggerRate_bit13, triggerCounts_bit13, triggerRate_tot,  triggerCounts_tot  
174, 2.36041, 487, 1.5316, 316, 0, 0, 0, 0, 0.0823962, 17, 0, 0, 0.169639, 35, 0, 0, 0.213261, 44, 0, 0, 0, 0, 0, 0, 0.499224, 103, 4.85653, 1002
subrunnum, triggerRate_bit1, triggerCounts_bit1, triggerRate_bit2, triggerCounts_bit2, triggerRate_bit3, triggerCounts_bit3, triggerRate_bit4, triggerCounts_bit4, triggerRate_bit5, triggerCounts_bit5, triggerRate_bit6, triggerCounts_bit6, triggerRate_bit7, triggerCounts_bit7, triggerRate_bit8, triggerCounts_bit8, triggerRate_bit9, triggerCounts_bit9, triggerRate_bit10, triggerCounts_bit10, triggerRate_bit11, triggerCounts_bit11, triggerRate_bit12, triggerCounts_bit12, triggerRate_bit13, triggerCounts_bit13, triggerRate_tot,  triggerCounts_tot  
175, 2.06642, 481, 1.31031, 305, 0, 0, 0, 0, 0.0386649, 9, 0, 0, 0.180436, 42, 0, 0, 0.210509, 49, 0, 0, 0, 0, 0, 0, 0.498347, 116, 4.30469, 1002
subrunnum, triggerRate_bit1, triggerCounts_bit1, triggerRate_bit2, triggerCounts_bit2, triggerRate_bit3, triggerCounts_bit3, triggerRate_bit4, triggerCounts_bit4, triggerRate_bit5, triggerCounts_bit5, triggerRate_bit6, triggerCounts_bit6, triggerRate_bit7, triggerCounts_bit7, triggerRate_bit8, triggerCounts_bit8, triggerRate_bit9, triggerCounts_bit9, triggerRate_bit10, triggerCounts_bit10, triggerRate_bit11, triggerCounts_bit11, triggerRate_bit12, triggerCounts_bit12, triggerRate_bit13, triggerCounts_bit13, triggerRate_tot,  triggerCounts_tot  
176, 2.18792, 496, 1.31893, 299, 0, 0, 0, 0, 0.0397002, 9, 0, 0, 0.132334, 30, 0, 0, 0.23379, 53, 0, 0, 0, 0, 0, 0, 0.502869, 114, 4.41554, 1001
subrunnum, triggerRate_bit1, triggerCounts_bit1, triggerRate_bit2, triggerCounts_bit2, triggerRate_bit3, triggerCounts_bit3, triggerRate_bit4, triggerCounts_bit4, triggerRate_bit5, triggerCounts_bit5, triggerRate_bit6, triggerCounts_bit6, triggerRate_bit7, triggerCounts_bit7, triggerRate_bit8, triggerCounts_bit8, triggerRate_bit9, triggerCounts_bit9, triggerRate_bit10, triggerCounts_bit10, triggerRate_bit11, triggerCounts_bit11, triggerRate_bit12, triggerCounts_bit12, triggerRate_bit13, triggerCounts_bit13, triggerRate_tot,  triggerCounts_tot  
177, 2.31487, 497, 1.40662, 302, 0, 0, 0, 0, 0.0838382, 18, 0, 0, 0.13973, 30, 0, 0, 0.228226, 49, 0, 0, 0, 0, 0, 0, 0.498372, 107, 4.67165, 1003
subrunnum, triggerRate_bit1, triggerCounts_bit1, triggerRate_bit2, triggerCounts_bit2, triggerRate_bit3, triggerCounts_bit3, triggerRate_bit4, triggerCounts_bit4, triggerRate_bit5, triggerCounts_bit5, triggerRate_bit6, triggerCounts_bit6, triggerRate_bit7, triggerCounts_bit7, triggerRate_bit8, triggerCounts_bit8, triggerRate_bit9, triggerCounts_bit9, triggerRate_bit10, triggerCounts_bit10, triggerRate_bit11, triggerCounts_bit11, triggerRate_bit12, triggerCounts_bit12, triggerRate_bit13, triggerCounts_bit13, triggerRate_tot,  triggerCounts_tot  
178, 2.28154, 512, 1.21207, 272, 0, 0, 0, 0, 0.0846664, 19, 0, 0, 0.13814, 31, 0, 0, 0.245087, 55, 0, 0, 0, 0, 0, 0, 0.503542, 113, 4.46504, 1002
subrunnum, triggerRate_bit1, triggerCounts_bit1, triggerRate_bit2, triggerCounts_bit2, triggerRate_bit3, triggerCounts_bit3, triggerRate_bit4, triggerCounts_bit4, triggerRate_bit5, triggerCounts_bit5, triggerRate_bit6, triggerCounts_bit6, triggerRate_bit7, triggerCounts_bit7, triggerRate_bit8, triggerCounts_bit8, triggerRate_bit9, triggerCounts_bit9, triggerRate_bit10, triggerCounts_bit10, triggerRate_bit11, triggerCounts_bit11, triggerRate_bit12, triggerCounts_bit12, triggerRate_bit13, triggerCounts_bit13, triggerRate_tot,  triggerCounts_tot  
179, 2.18047, 483, 1.41753, 314, 0, 0, 0, 0, 0.0541732, 12, 0, 0, 0.167034, 37, 0, 0, 0.212178, 47, 0, 0, 0, 0, 0, 0, 0.501102, 111, 4.53249, 1004
subrunnum, triggerRate_bit1, triggerCounts_bit1, triggerRate_bit2, triggerCounts_bit2, triggerRate_bit3, triggerCounts_bit3, triggerRate_bit4, triggerCounts_bit4, triggerRate_bit5, triggerCounts_bit5, triggerRate_bit6, triggerCounts_bit6, triggerRate_bit7, triggerCounts_bit7, triggerRate_bit8, triggerCounts_bit8, triggerRate_bit9, triggerCounts_bit9, triggerRate_bit10, triggerCounts_bit10, triggerRate_bit11, triggerCounts_bit11, triggerRate_bit12, triggerCounts_bit12, triggerRate_bit13, triggerCounts_bit13, triggerRate_tot,  triggerCounts_tot  
180, 2.09048, 483, 1.36769, 316, 0, 0, 0, 0, 0.0519375, 12, 0, 0, 0.147156, 34, 0, 0, 0.194766, 45, 0, 0, 0, 0, 0, 0, 0.497734, 115, 4.34977, 1005
subrunnum, triggerRate_bit1, triggerCounts_bit1, triggerRate_bit2, triggerCounts_bit2, triggerRate_bit3, triggerCounts_bit3, triggerRate_bit4, triggerCounts_bit4, triggerRate_bit5, triggerCounts_bit5, triggerRate_bit6, triggerCounts_bit6, triggerRate_bit7, triggerCounts_bit7, triggerRate_bit8, triggerCounts_bit8, triggerRate_bit9, triggerCounts_bit9, triggerRate_bit10, triggerCounts_bit10, triggerRate_bit11, triggerCounts_bit11, triggerRate_bit12, triggerCounts_bit12, triggerRate_bit13, triggerCounts_bit13, triggerRate_tot,  triggerCounts_tot  
181, 2.10898, 469, 1.46144, 325, 0, 0, 0, 0, 0.053961, 12, 0, 0, 0.170877, 38, 0, 0, 0.206851, 46, 0, 0, 0, 0, 0, 0, 0.503636, 112, 4.50574, 1002
subrunnum, triggerRate_bit1, triggerCounts_bit1, triggerRate_bit2, triggerCounts_bit2, triggerRate_bit3, triggerCounts_bit3, triggerRate_bit4, triggerCounts_bit4, triggerRate_bit5, triggerCounts_bit5, triggerRate_bit6, triggerCounts_bit6, triggerRate_bit7, triggerCounts_bit7, triggerRate_bit8, triggerCounts_bit8, triggerRate_bit9, triggerCounts_bit9, triggerRate_bit10, triggerCounts_bit10, triggerRate_bit11, triggerCounts_bit11, triggerRate_bit12, triggerCounts_bit12, triggerRate_bit13, triggerCounts_bit13, triggerRate_tot,  triggerCounts_tot  
182, 2.17754, 484, 1.46219, 325, 0, 0, 0, 0, 0.0404914, 9, 0, 0, 0.130472, 29, 0, 0, 0.202457, 45, 0, 0, 0, 0, 0, 0, 0.499394, 111, 4.51254, 1003
subrunnum, triggerRate_bit1, triggerCounts_bit1, triggerRate_bit2, triggerCounts_bit2, triggerRate_bit3, triggerCounts_bit3, triggerRate_bit4, triggerCounts_bit4, triggerRate_bit5, triggerCounts_bit5, triggerRate_bit6, triggerCounts_bit6, triggerRate_bit7, triggerCounts_bit7, triggerRate_bit8, triggerCounts_bit8, triggerRate_bit9, triggerCounts_bit9, triggerRate_bit10, triggerCounts_bit10, triggerRate_bit11, triggerCounts_bit11, triggerRate_bit12, triggerCounts_bit12, triggerRate_bit13, triggerCounts_bit13, triggerRate_tot,  triggerCounts_tot  
183, 2.11233, 471, 1.44858, 323, 0, 0, 0, 0, 0.0538173, 12, 0, 0, 0.165937, 37, 0, 0, 0.224239, 50, 0, 0, 0, 0, 0, 0, 0.502295, 112, 4.5072, 1005
subrunnum, triggerRate_bit1, triggerCounts_bit1, triggerRate_bit2, triggerCounts_bit2, triggerRate_bit3, triggerCounts_bit3, triggerRate_bit4, triggerCounts_bit4, triggerRate_bit5, triggerCounts_bit5, triggerRate_bit6, triggerCounts_bit6, triggerRate_bit7, triggerCounts_bit7, triggerRate_bit8, triggerCounts_bit8, triggerRate_bit9, triggerCounts_bit9, triggerRate_bit10, triggerCounts_bit10, triggerRate_bit11, triggerCounts_bit11, triggerRate_bit12, triggerCounts_bit12, triggerRate_bit13, triggerCounts_bit13, triggerRate_tot,  triggerCounts_tot  
184, 2.18402, 479, 1.50009, 329, 0, 0, 0, 0, 0.0729527, 16, 0, 0, 0.141346, 31, 0, 0, 0.186941, 41, 0, 0, 0, 0, 0, 0, 0.49699, 109, 4.58234, 1005
subrunnum, triggerRate_bit1, triggerCounts_bit1, triggerRate_bit2, triggerCounts_bit2, triggerRate_bit3, triggerCounts_bit3, triggerRate_bit4, triggerCounts_bit4, triggerRate_bit5, triggerCounts_bit5, triggerRate_bit6, triggerCounts_bit6, triggerRate_bit7, triggerCounts_bit7, triggerRate_bit8, triggerCounts_bit8, triggerRate_bit9, triggerCounts_bit9, triggerRate_bit10, triggerCounts_bit10, triggerRate_bit11, triggerCounts_bit11, triggerRate_bit12, triggerCounts_bit12, triggerRate_bit13, triggerCounts_bit13, triggerRate_tot,  triggerCounts_tot  
185, 2.03593, 490, 1.26311, 304, 0, 0, 0, 0, 0.0498596, 12, 0, 0, 0.162044, 39, 0, 0, 0.166199, 40, 0, 0, 0, 0, 0, 0, 0.502751, 121, 4.1799, 1006
subrunnum, triggerRate_bit1, triggerCounts_bit1, triggerRate_bit2, triggerCounts_bit2, triggerRate_bit3, triggerCounts_bit3, triggerRate_bit4, triggerCounts_bit4, triggerRate_bit5, triggerCounts_bit5, triggerRate_bit6, triggerCounts_bit6, triggerRate_bit7, triggerCounts_bit7, triggerRate_bit8, triggerCounts_bit8, triggerRate_bit9, triggerCounts_bit9, triggerRate_bit10, triggerCounts_bit10, triggerRate_bit11, triggerCounts_bit11, triggerRate_bit12, triggerCounts_bit12, triggerRate_bit13, triggerCounts_bit13, triggerRate_tot,  triggerCounts_tot  
186, 2.34767, 499, 1.46788, 312, 0, 0, 0, 0, 0.0846856, 18, 0, 0, 0.145847, 31, 0, 0, 0.18819, 40, 0, 0, 0, 0, 0, 0, 0.498704, 106, 4.73299, 1006
subrunnum, triggerRate_bit1, triggerCounts_bit1, triggerRate_bit2, triggerCounts_bit2, triggerRate_bit3, triggerCounts_bit3, triggerRate_bit4, triggerCounts_bit4, triggerRate_bit5, triggerCounts_bit5, triggerRate_bit6, triggerCounts_bit6, triggerRate_bit7, triggerCounts_bit7, triggerRate_bit8, triggerCounts_bit8, triggerRate_bit9, triggerCounts_bit9, triggerRate_bit10, triggerCounts_bit10, triggerRate_bit11, triggerCounts_bit11, triggerRate_bit12, triggerCounts_bit12, triggerRate_bit13, triggerCounts_bit13, triggerRate_tot,  triggerCounts_tot  
187, 2.11307, 485, 1.31577, 302, 0, 0, 0, 0, 0.0392117, 9, 0, 0, 0.187345, 43, 0, 0, 0.213486, 49, 0, 0, 0, 0, 0, 0, 0.501038, 115, 4.36992, 1003
subrunnum, triggerRate_bit1, triggerCounts_bit1, triggerRate_bit2, triggerCounts_bit2, triggerRate_bit3, triggerCounts_bit3, triggerRate_bit4, triggerCounts_bit4, triggerRate_bit5, triggerCounts_bit5, triggerRate_bit6, triggerCounts_bit6, triggerRate_bit7, triggerCounts_bit7, triggerRate_bit8, triggerCounts_bit8, triggerRate_bit9, triggerCounts_bit9, triggerRate_bit10, triggerCounts_bit10, triggerRate_bit11, triggerCounts_bit11, triggerRate_bit12, triggerCounts_bit12, triggerRate_bit13, triggerCounts_bit13, triggerRate_tot,  triggerCounts_tot  
188, 2.1971, 491, 1.33795, 299, 0, 0, 0, 0, 0.0671211, 15, 0, 0, 0.17899, 40, 0, 0, 0.210313, 47, 0, 0, 0, 0, 0, 0, 0.501171, 112, 4.49264, 1004
subrunnum, triggerRate_bit1, triggerCounts_bit1, triggerRate_bit2, triggerCounts_bit2, triggerRate_bit3, triggerCounts_bit3, triggerRate_bit4, triggerCounts_bit4, triggerRate_bit5, triggerCounts_bit5, triggerRate_bit6, triggerCounts_bit6, triggerRate_bit7, triggerCounts_bit7, triggerRate_bit8, triggerCounts_bit8, triggerRate_bit9, triggerCounts_bit9, triggerRate_bit10, triggerCounts_bit10, triggerRate_bit11, triggerCounts_bit11, triggerRate_bit12, triggerCounts_bit12, triggerRate_bit13, triggerCounts_bit13, triggerRate_tot,  triggerCounts_tot  
189, 2.49122, 510, 1.39704, 286, 0, 0, 0, 0, 0.097695, 20, 0, 0, 0.19539, 40, 0, 0, 0.229583, 47, 0, 0, 0, 0, 0, 0, 0.49336, 101, 4.90429, 1004
subrunnum, triggerRate_bit1, triggerCounts_bit1, triggerRate_bit2, triggerCounts_bit2, triggerRate_bit3, triggerCounts_bit3, triggerRate_bit4, triggerCounts_bit4, triggerRate_bit5, triggerCounts_bit5, triggerRate_bit6, triggerCounts_bit6, triggerRate_bit7, triggerCounts_bit7, triggerRate_bit8, triggerCounts_bit8, triggerRate_bit9, triggerCounts_bit9, triggerRate_bit10, triggerCounts_bit10, triggerRate_bit11, triggerCounts_bit11, triggerRate_bit12, triggerCounts_bit12, triggerRate_bit13, triggerCounts_bit13, triggerRate_tot,  triggerCounts_tot  
190, 2.29255, 497, 1.38383, 300, 0, 0, 0, 0, 0.0876428, 19, 0, 0, 0.138383, 30, 0, 0, 0.235252, 51, 0, 0, 0, 0, 0, 0, 0.502793, 109, 4.64046, 1006
subrunnum, triggerRate_bit1, triggerCounts_bit1, triggerRate_bit2, triggerCounts_bit2, triggerRate_bit3, triggerCounts_bit3, triggerRate_bit4, triggerCounts_bit4, triggerRate_bit5, triggerCounts_bit5, triggerRate_bit6, triggerCounts_bit6, triggerRate_bit7, triggerCounts_bit7, triggerRate_bit8, triggerCounts_bit8, triggerRate_bit9, triggerCounts_bit9, triggerRate_bit10, triggerCounts_bit10, triggerRate_bit11, triggerCounts_bit11, triggerRate_bit12, triggerCounts_bit12, triggerRate_bit13, triggerCounts_bit13, triggerRate_tot,  triggerCounts_tot  
191, 2.182, 485, 1.46666, 326, 0, 0, 0, 0, 0.0404907, 9, 0, 0, 0.166462, 37, 0, 0, 0.157464, 35, 0, 0, 0, 0, 0, 0, 0.499385, 111, 4.51246, 1003
subrunnum, triggerRate_bit1, triggerCounts_bit1, triggerRate_bit2, triggerCounts_bit2, triggerRate_bit3, triggerCounts_bit3, triggerRate_bit4, triggerCounts_bit4, triggerRate_bit5, triggerCounts_bit5, triggerRate_bit6, triggerCounts_bit6, triggerRate_bit7, triggerCounts_bit7, triggerRate_bit8, triggerCounts_bit8, triggerRate_bit9, triggerCounts_bit9, triggerRate_bit10, triggerCounts_bit10, triggerRate_bit11, triggerCounts_bit11, triggerRate_bit12, triggerCounts_bit12, triggerRate_bit13, triggerCounts_bit13, triggerRate_tot,  triggerCounts_tot  
192, 2.26821, 509, 1.26111, 283, 0, 0, 0, 0, 0.0401058, 9, 0, 0, 0.204985, 46, 0, 0, 0.191617, 43, 0, 0, 0, 0, 0, 0, 0.499095, 112, 4.46512, 1002
subrunnum, triggerRate_bit1, triggerCounts_bit1, triggerRate_bit2, triggerCounts_bit2, triggerRate_bit3, triggerCounts_bit3, triggerRate_bit4, triggerCounts_bit4, triggerRate_bit5, triggerCounts_bit5, triggerRate_bit6, triggerCounts_bit6, triggerRate_bit7, triggerCounts_bit7, triggerRate_bit8, triggerCounts_bit8, triggerRate_bit9, triggerCounts_bit9, triggerRate_bit10, triggerCounts_bit10, triggerRate_bit11, triggerCounts_bit11, triggerRate_bit12, triggerCounts_bit12, triggerRate_bit13, triggerCounts_bit13, triggerRate_tot,  triggerCounts_tot  
193, 2.32465, 491, 1.47717, 312, 0, 0, 0, 0, 0.0426106, 9, 0, 0, 0.208319, 44, 0, 0, 0.189381, 40, 0, 0, 0, 0, 0, 0, 0.501859, 106, 4.74398, 1002
subrunnum, triggerRate_bit1, triggerCounts_bit1, triggerRate_bit2, triggerCounts_bit2, triggerRate_bit3, triggerCounts_bit3, triggerRate_bit4, triggerCounts_bit4, triggerRate_bit5, triggerCounts_bit5, triggerRate_bit6, triggerCounts_bit6, triggerRate_bit7, triggerCounts_bit7, triggerRate_bit8, triggerCounts_bit8, triggerRate_bit9, triggerCounts_bit9, triggerRate_bit10, triggerCounts_bit10, triggerRate_bit11, triggerCounts_bit11, triggerRate_bit12, triggerCounts_bit12, triggerRate_bit13, triggerCounts_bit13, triggerRate_tot,  triggerCounts_tot  
194, 1.93786, 460, 1.39021, 330, 0, 0, 0, 0, 0.0758294, 18, 0, 0, 0.155872, 37, 0, 0, 0.155872, 37, 0, 0, 0, 0, 0, 0, 0.501316, 119, 4.21696, 1001
subrunnum, triggerRate_bit1, triggerCounts_bit1, triggerRate_bit2, triggerCounts_bit2, triggerRate_bit3, triggerCounts_bit3, triggerRate_bit4, triggerCounts_bit4, triggerRate_bit5, triggerCounts_bit5, triggerRate_bit6, triggerCounts_bit6, triggerRate_bit7, triggerCounts_bit7, triggerRate_bit8, triggerCounts_bit8, triggerRate_bit9, triggerCounts_bit9, triggerRate_bit10, triggerCounts_bit10, triggerRate_bit11, triggerCounts_bit11, triggerRate_bit12, triggerCounts_bit12, triggerRate_bit13, triggerCounts_bit13, triggerRate_tot,  triggerCounts_tot  
195, 2.20034, 495, 1.35132, 304, 0, 0, 0, 0, 0.0622319, 14, 0, 0, 0.160025, 36, 0, 0, 0.204476, 46, 0, 0, 0, 0, 0, 0, 0.497856, 112, 4.47625, 1007
subrunnum, triggerRate_bit1, triggerCounts_bit1, triggerRate_bit2, triggerCounts_bit2, triggerRate_bit3, triggerCounts_bit3, triggerRate_bit4, triggerCounts_bit4, triggerRate_bit5, triggerCounts_bit5, triggerRate_bit6, triggerCounts_bit6, triggerRate_bit7, triggerCounts_bit7, triggerRate_bit8, triggerCounts_bit8, triggerRate_bit9, triggerCounts_bit9, triggerRate_bit10, triggerCounts_bit10, triggerRate_bit11, triggerCounts_bit11, triggerRate_bit12, triggerCounts_bit12, triggerRate_bit13, triggerCounts_bit13, triggerRate_tot,  triggerCounts_tot  
196, 2.20336, 484, 1.48408, 326, 0, 0, 0, 0, 0.0500765, 11, 0, 0, 0.136572, 30, 0, 0, 0.182096, 40, 0, 0, 0, 0, 0, 0, 0.500765, 110, 4.55696, 1001
subrunnum, triggerRate_bit1, triggerCounts_bit1, triggerRate_bit2, triggerCounts_bit2, triggerRate_bit3, triggerCounts_bit3, triggerRate_bit4, triggerCounts_bit4, triggerRate_bit5, triggerCounts_bit5, triggerRate_bit6, triggerCounts_bit6, triggerRate_bit7, triggerCounts_bit7, triggerRate_bit8, triggerCounts_bit8, triggerRate_bit9, triggerCounts_bit9, triggerRate_bit10, triggerCounts_bit10, triggerRate_bit11, triggerCounts_bit11, triggerRate_bit12, triggerCounts_bit12, triggerRate_bit13, triggerCounts_bit13, triggerRate_tot,  triggerCounts_tot  
197, 2.11894, 476, 1.40669, 316, 0, 0, 0, 0, 0.0667733, 15, 0, 0, 0.173611, 39, 0, 0, 0.209223, 47, 0, 0, 0, 0, 0, 0, 0.503026, 113, 4.47826, 1006
subrunnum, triggerRate_bit1, triggerCounts_bit1, triggerRate_bit2, triggerCounts_bit2, triggerRate_bit3, triggerCounts_bit3, triggerRate_bit4, triggerCounts_bit4, triggerRate_bit5, triggerCounts_bit5, triggerRate_bit6, triggerCounts_bit6, triggerRate_bit7, triggerCounts_bit7, triggerRate_bit8, triggerCounts_bit8, triggerRate_bit9, triggerCounts_bit9, triggerRate_bit10, triggerCounts_bit10, triggerRate_bit11, triggerCounts_bit11, triggerRate_bit12, triggerCounts_bit12, triggerRate_bit13, triggerCounts_bit13, triggerRate_tot,  triggerCounts_tot  
198, 2.2574, 504, 1.3213, 295, 0, 0, 0, 0, 0.0179159, 4, 0, 0, 0.183638, 41, 0, 0, 0.21947, 49, 0, 0, 0, 0, 0, 0, 0.497166, 111, 4.49689, 1004
subrunnum, triggerRate_bit1, triggerCounts_bit1, triggerRate_bit2, triggerCounts_bit2, triggerRate_bit3, triggerCounts_bit3, triggerRate_bit4, triggerCounts_bit4, triggerRate_bit5, triggerCounts_bit5, triggerRate_bit6, triggerCounts_bit6, triggerRate_bit7, triggerCounts_bit7, triggerRate_bit8, triggerCounts_bit8, triggerRate_bit9, triggerCounts_bit9, triggerRate_bit10, triggerCounts_bit10, triggerRate_bit11, triggerCounts_bit11, triggerRate_bit12, triggerCounts_bit12, triggerRate_bit13, triggerCounts_bit13, triggerRate_tot,  triggerCounts_tot  
199, 2.15022, 487, 1.39522, 316, 0, 0, 0, 0, 0.0573981, 13, 0, 0, 0.154533, 35, 0, 0, 0.167779, 38, 0, 0, 0, 0, 0, 0, 0.498922, 113, 4.42407, 1002
subrunnum, triggerRate_bit1, triggerCounts_bit1, triggerRate_bit2, triggerCounts_bit2, triggerRate_bit3, triggerCounts_bit3, triggerRate_bit4, triggerCounts_bit4, triggerRate_bit5, triggerCounts_bit5, triggerRate_bit6, triggerCounts_bit6, triggerRate_bit7, triggerCounts_bit7, triggerRate_bit8, triggerCounts_bit8, triggerRate_bit9, triggerCounts_bit9, triggerRate_bit10, triggerCounts_bit10, triggerRate_bit11, triggerCounts_bit11, triggerRate_bit12, triggerCounts_bit12, triggerRate_bit13, triggerCounts_bit13, triggerRate_tot,  triggerCounts_tot  
200, 1.94377, 468, 1.35399, 326, 0, 0, 0, 0, 0.0415335, 10, 0, 0, 0.182747, 44, 0, 0, 0.137061, 33, 0, 0, 0, 0, 0, 0, 0.502555, 121, 4.16166, 1002
subrunnum, triggerRate_bit1, triggerCounts_bit1, triggerRate_bit2, triggerCounts_bit2, triggerRate_bit3, triggerCounts_bit3, triggerRate_bit4, triggerCounts_bit4, triggerRate_bit5, triggerCounts_bit5, triggerRate_bit6, triggerCounts_bit6, triggerRate_bit7, triggerCounts_bit7, triggerRate_bit8, triggerCounts_bit8, triggerRate_bit9, triggerCounts_bit9, triggerRate_bit10, triggerCounts_bit10, triggerRate_bit11, triggerCounts_bit11, triggerRate_bit12, triggerCounts_bit12, triggerRate_bit13, triggerCounts_bit13, triggerRate_tot,  triggerCounts_tot  
201, 2.23455, 480, 1.36401, 293, 0, 0, 0, 0, 0.0372425, 8, 0, 0, 0.209489, 45, 0, 0, 0.330527, 71, 0, 0, 0, 0, 0, 0, 0.502773, 108, 4.67858, 1005
subrunnum, triggerRate_bit1, triggerCounts_bit1, triggerRate_bit2, triggerCounts_bit2, triggerRate_bit3, triggerCounts_bit3, triggerRate_bit4, triggerCounts_bit4, triggerRate_bit5, triggerCounts_bit5, triggerRate_bit6, triggerCounts_bit6, triggerRate_bit7, triggerCounts_bit7, triggerRate_bit8, triggerCounts_bit8, triggerRate_bit9, triggerCounts_bit9, triggerRate_bit10, triggerCounts_bit10, triggerRate_bit11, triggerCounts_bit11, triggerRate_bit12, triggerCounts_bit12, triggerRate_bit13, triggerCounts_bit13, triggerRate_tot,  triggerCounts_tot  
202, 2.95212, 46, 1.47606, 23, 0, 0, 0, 0, 0, 0, 0, 0, 0.256706, 4, 0, 0, 0.0641765, 1, 0, 0, 0, 0, 0, 0, 0.513412, 8, 5.26247, 82
