path,subrun,sha256,status,seconds
/eos/experiment/milliqan/run3_MilliMon/slab/1600/Digitizer_run1640_subrun1.csv,1,13c516d33ddf8ae434ce8a9fcfa73be7f63b613131262f21b4683a5d6076c493,valid,0.121
/eos/experiment/milliqan/run3_MilliMon/slab/1600/Digitizer_run1640_subrun2.csv,2,7be5d81cf900bf914b29b9fd8da9664e521a0bcd62ce9e7a5166625c629fb991,valid,0.105
/eos/experiment/milliqan/run3_MilliMon/slab/1600/Digitizer_run1640_subrun3.csv,3,161cc8d09fbd59cb2dda82e7955611fd58ab0af9d5d884c456e55a5c56338a1f,valid,0.081
/eos/experiment/milliqan/run3_MilliMon/slab/1600/Digitizer_run1640_subrun4.csv,4,404859c897981b899b1f6940e711883d7f74415eb1603d01fffbc0fa011a4bc3,valid,0.081
/eos/experiment/milliqan/run3_MilliMon/slab/1600/Digitizer_run1640_subrun5.csv,5,e9509dde8daeedcf6ca5914b275f3bc1b520539bde0d8039d9cc9e44175ea77a,valid,0.173
/eos/experiment/milliqan/run3_MilliMon/slab/1600/Digitizer_run1640_subrun6.csv,6,0d6d832233db7950eb3537fb1f54c9cb34fbc52ce968ca99421c207b0df69aa2,valid,0.073
/eos/experiment/milliqan/run3_MilliMon/slab/1600/Digitizer_run1640_subrun7.csv,7,ae541aad03b760f0db645f95e3e0092644c1a541d7d4b2d866606bffc9aec10c,valid,0.077
/eos/experiment/milliqan/run3_MilliMon/slab/1600/Digitizer_run1640_subrun8.csv,8,932087e48a29e7a2707832feeb129268f4adc54f1ae7addacb558ca711fb2a93,valid,0.077
/eos/experiment/milliqan/run3_MilliMon/slab/1600/Digitizer_run1640_subrun9.csv,9,aec07a4bfd83cc4b8e9c434365f8318bd0e59ae68788d598d2d43e1bb0bbeff0,valid,0.101
/eos/experiment/milliqan/run3_MilliMon/slab/1600/Digitizer_run1640_subrun10.csv,10,9c1156b8c5d47a76c4497848a494008884e1e95eb9044fcfa13c63d3f4f0bd25,valid,0.081
/eos/experiment/milliqan/run3_MilliMon/slab/1600/Digitizer_run1640_subrun11.csv,11,9eb0185d515f4bc950ab1f703d9de859725789e28b1ef5bde8c03b48e94c6a20,valid,0.066
/eos/experiment/milliqan/run3_MilliMon/slab/1600/Digitizer_run1640_subrun12.csv,12,35a21e414debca9f76361fd1c96b643a7f81527b8eaba617356e4efc2b3b96e9,valid,0.084
/eos/experiment/milliqan/run3_MilliMon/slab/1600/Digitizer_run1640_subrun13.csv,13,87ede5d279f897c85f18ff6d1c657229da4f26bb211fcbbd472ee705f9293d9d,valid,0.18
/eos/experiment/milliqan/run3_MilliMon/slab/1600/Digitizer_run1640_subrun14.csv,14,39d2895c1b438986a6438ab59771149ccfb723418af94e66f426525d506909df,valid,0.116
/eos/experiment/milliqan/run3_MilliMon/slab/1600/Digitizer_run1640_subrun15.csv,15,8f53bdb9cd5fcabd84a06492e2efa41a513c702ec3ad95fd1f609dc222baa06f,valid,0.08
/eos/experiment/milliqan/run3_MilliMon/slab/1600/Digitizer_run1640_subrun16.csv,16,070e731761b7cedf39a33158b15734c47d677e1696881a4cd895347b418c99b2,valid,0.084
/eos/experiment/milliqan/run3_MilliMon/slab/1600/Digitizer_run1640_subrun17.csv,17,683fbf441a04ece283e5104fa5207ef1b71181592a8719a7d0e597f667c4354b,valid,0.193
/eos/experiment/milliqan/run3_MilliMon/slab/1600/Digitizer_run1640_subrun18.csv,18,2ab2abb385be291e8ec25f6bf302237336acca09ec03d3293d980fea04fd2e08,valid,0.085
/eos/experiment/milliqan/run3_MilliMon/slab/1600/Digitizer_run1640_subrun19.csv,19,b8131dc4fd7336662295b95ace2b44e8cba543233cfe0440251a8bd78963e0f2,valid,0.078
/eos/experiment/milliqan/run3_MilliMon/slab/1600/Digitizer_run1640_subrun20.csv,20,0d1641a10441460debaef7c277cf7e56fbc3f5faadafd3185af93e8036eebd7e,valid,0.084
/eos/experiment/milliqan/run3_MilliMon/slab/1600/Digitizer_run1640_subrun21.csv,21,a1847cde5485cc15de493bb52394576c6b9384a82722f54fda02a36a921ee6c1,valid,0.09
/eos/experiment/milliqan/run3_MilliMon/slab/1600/Digitizer_run1640_subrun22.csv,22,a4d38b9a020ce6ee218b4bc5a8cdc9eed7221049d3115a77a08305db4b6f4772,valid,0.088
/eos/experiment/milliqan/run3_MilliMon/slab/1600/Digitizer_run1640_subrun23.csv,23,cbe47abe95bd22e8ece95a185ce44738a8dd6da72fa214d839a87f8b84505ab2,valid,0.083
/eos/experiment/milliqan/run3_MilliMon/slab/1600/Digitizer_run1640_subrun24.csv,24,193e5900d8dbcd224cb60c4bcb93dd66c894fd1767c8b659c12b2cfb06086ff7,valid,0.081
/eos/experiment/milliqan/run3_MilliMon/slab/1600/Digitizer_run1640_subrun25.csv,25,f002161fe75d8a05d243b157697f4802c29a5093a51b104cba68d43dbc0765bc,valid,0.094
/eos/experiment/milliqan/run3_MilliMon/slab/1600/Digitizer_run1640_subrun26.csv,26,bfe11e54a3754e150b2fd9485673355fc6d909a5efc01466c089c95dc85887f2,valid,0.092
/eos/experiment/milliqan/run3_MilliMon/slab/1600/Digitizer_run1640_subrun27.csv,27,fcf0b7f97bf3a29ab3b9bde734f46159cfc9716199a27ca84b1fd9e101eace06,valid,0.078
/eos/experiment/milliqan/run3_MilliMon/slab/1600/Digitizer_run1640_subrun28.csv,28,1bac7166c527f924626e2018201a58c7a2ff43b6bb24534f8977f16883b89ffb,valid,0.082
/eos/experiment/milliqan/run3_MilliMon/slab/1600/Digitizer_run1640_subrun29.csv,29,a037b116b94e909bf9f4a2c50c1a802e6655263a7120a95f8a3192a423580d9d,valid,0.339
/eos/experiment/milliqan/run3_MilliMon/slab/1600/Digitizer_run1640_subrun30.csv,30,55396da242254c48074836fa9144ff545dcc49ac949496e7512aa67b583c6cbf,valid,0.067
/eos/experiment/milliqan/run3_MilliMon/slab/1600/Digitizer_run1640_subrun31.csv,31,48f8b1a44c930a60ee1267a6b87db3c2b9acff2e41cc08928fb7edb8e39ceca7,valid,0.08
/eos/experiment/milliqan/run3_MilliMon/slab/1600/Digitizer_run1640_subrun32.csv,32,fbbd366ca6122eee4b160435b241d89fc8a9a64022b589b7d091cd955ff6bdad,valid,0.086
/eos/experiment/milliqan/run3_MilliMon/slab/1600/Digitizer_run1640_subrun33.csv,33,52945fc50165680861ccf210a75c2122c5d7835140bbbeaba0f829330c54424f,valid,0.073
/eos/experiment/milliqan/run3_MilliMon/slab/1600/Digitizer_run1640_subrun34.csv,34,91f5116d3b2d772131ba1e6ef104fc66a2d27339216165f724b7c4fa5404d101,valid,0.084
/eos/experiment/milliqan/run3_MilliMon/slab/1600/Digitizer_run1640_subrun35.csv,35,c50c70b666c3b0ac45d6dfd125a9c3be4733f79e494fe70635edf459d87f9d18,valid,0.083
/eos/experiment/milliqan/run3_MilliMon/slab/1600/Digitizer_run1640_subrun36.csv,36,be0b5244f4497351740e9ab027fefce323567eb46709e341f52e7363b265fb6a,valid,0.081
/eos/experiment/milliqan/run3_MilliMon/slab/1600/Digitizer_run1640_subrun37.csv,37,2ecb6e72433c22a8619d17ca492c3173d99734e7e942e09b4782f026e73756f2,valid,0.078
/eos/experiment/milliqan/run3_MilliMon/slab/1600/Digitizer_run1640_subrun38.csv,38,236a38ee06b64f124ed6e0eee240dd2ba5ab9e21f5aada3a59c860ea050da01a,valid,0.083
/eos/experiment/milliqan/run3_MilliMon/slab/1600/Digitizer_run1640_subrun39.csv,39,f1387c04020dabf1c24d9e828d1359c2a1bd7b79e98a30296581e47e1ff1c902,valid,0.092
/eos/experiment/milliqan/run3_MilliMon/slab/1600/Digitizer_run1640_subrun40.csv,40,fbaa14751a1b6ddac930ac08df744b5acbd5881ac243963aba9d3cfb7ed968ca,valid,0.191
/eos/experiment/milliqan/run3_MilliMon/slab/1600/Digitizer_run1640_subrun41.csv,41,48d502c3d5efddcb13ca5526f2813911a728e2b9c1eedb72f6381a1839b88929,valid,0.082
/eos/experiment/milliqan/run3_MilliMon/slab/1600/Digitizer_run1640_subrun42.csv,42,2e5293543fbe83e6f869bb4c6d816f5dd5fc87f0a38155d840a3f4ef1b7ba1e5,valid,0.081
/eos/experiment/milliqan/run3_MilliMon/slab/1600/Digitizer_run1640_subrun43.csv,43,5faf887d99d0ce3512d32e43c646b588b3f81105bbf9e0822f9d00577909181c,valid,0.097
/eos/experiment/milliqan/run3_MilliMon/slab/1600/Digitizer_run1640_subrun44.csv,44,4a5d612048e51b7eb31425a30b01197ec0861b9755b11fdb415d0ae7ae82bdf2,valid,0.111
/eos/experiment/milliqan/run3_MilliMon/slab/1600/Digitizer_run1640_subrun45.csv,45,2c8482e997923e1cea59b6945ef3178b195283d4e90d33425df6f1e9c95ec2e9,valid,0.085
/eos/experiment/milliqan/run3_MilliMon/slab/1600/Digitizer_run1640_subrun46.csv,46,9214309a16ae1e4fd738ddc09a8084da20197caacd21cc69464417e3b106d5dd,valid,0.086
/eos/experiment/milliqan/run3_MilliMon/slab/1600/Digitizer_run1640_subrun47.csv,47,53cfcf5b830e311023f2c48577980fc2d10b4b28c28591c06530420c3cd0bf18,valid,0.083
/eos/experiment/milliqan/run3_MilliMon/slab/1600/Digitizer_run1640_subrun48.csv,48,d9f58177bee654e6408e333b17adcfdb079ae16c7207a96abef7367d7d25647d,valid,0.091
/eos/experiment/milliqan/run3_MilliMon/slab/1600/Digitizer_run1640_subrun49.csv,49,641c080b2aa37d7f6d80078c2afc84d51d85a005b5c3f11d4523954d8487c6fd,valid,0.083
/eos/experiment/milliqan/run3_MilliMon/slab/1600/Digitizer_run1640_subrun50.csv,50,475ec21bdf6b3c1b4b0050a9b256745a44cb96bcc1f67e8ff2fa3a976251fecb,valid,0.078
/eos/experiment/milliqan/run3_MilliMon/slab/1600/Digitizer_run1640_subrun51.csv,51,29879629da84b23c91a2af3972601651ad5b23d7dd78cb633978b3034a5673b6,valid,0.104
/eos/experiment/milliqan/run3_MilliMon/slab/1600/Digitizer_run1640_subrun52.csv,52,590332d845048986312404992bf938fde2171da64892b4261e754f1caf539541,valid,0.108
/eos/experiment/milliqan/run3_MilliMon/slab/1600/Digitizer_run1640_subrun53.csv,53,d0d10cf956fdcca4a0b64454f282140c8051860bb59acaa87a90a67c69124b39,valid,0.078
/eos/experiment/milliqan/run3_MilliMon/slab/1600/Digitizer_run1640_subrun54.csv,54,806c1fad768b289ad651d53bdf60e676aee55612e190f279f66ca6b07aedb6b3,valid,0.086
/eos/experiment/milliqan/run3_MilliMon/slab/1600/Digitizer_run1640_subrun55.csv,55,894c8cd3648f436e00f461b02d1bc4dc8bbb63037519f4a723fbc9de1fd805f8,valid,0.077
/eos/experiment/milliqan/run3_MilliMon/slab/1600/Digitizer_run1640_subrun56.csv,56,349458ad3041a0bd9637180fa1dbaee9245365879e306b99cc3a5dbad4b24a1c,valid,0.102
/eos/experiment/milliqan/run3_MilliMon/slab/1600/Digitizer_run1640_subrun57.csv,57,5712b4e2a38f4fcab02466503cd9b0a0f974808b1305a395a7fc79ec6771a371,valid,0.087
/eos/experiment/milliqan/run3_MilliMon/slab/1600/Digitizer_run1640_subrun58.csv,58,27962aa8ada4f4b0599ca6ea21fdcf7c8dbaf252808f4d4b9596a165580ce62e,valid,0.186
/eos/experiment/milliqan/run3_MilliMon/slab/1600/Digitizer_run1640_subrun59.csv,59,e01d93109c51e980a4212c273a18d64762554a7315c5a3753c3292c63fe406f7,valid,0.115
/eos/experiment/milliqan/run3_MilliMon/slab/1600/Digitizer_run1640_subrun60.csv,60,40f75b361c0f545eaaff1f8bd0a14175e6f5e0624e5a6293bf6d5259e1c4d012,valid,0.741
/eos/experiment/milliqan/run3_MilliMon/slab/1600/Digitizer_run1640_subrun61.csv,61,0647558d012b6b1d22f49317863d49ae6299de82c8e390732985549889b32315,valid,0.082
/eos/experiment/milliqan/run3_MilliMon/slab/1600/Digitizer_run1640_subrun62.csv,62,dd90d31170bd7457bde7ebb0bf2c95207f578d637fb4d3a203e631baa74dd4cd,valid,0.059
/eos/experiment/milliqan/run3_MilliMon/slab/1600/Digitizer_run1640_subrun63.csv,63,d67dc5bed867f8de4e521d6c3c47f4a7b4d76d52b4259955efa7d526585161c3,valid,0.072
/eos/experiment/milliqan/run3_MilliMon/slab/1600/Digitizer_run1640_subrun64.csv,64,4aba10305860a5b1f8fb3504e09d576df134204964104f881c8744225caa0678,valid,0.086
/eos/experiment/milliqan/run3_MilliMon/slab/1600/Digitizer_run1640_subrun65.csv,65,854c4d536d686116818b125abd8349bb0330e14185003ffe0062f6aa26651bbe,valid,0.083
/eos/experiment/milliqan/run3_MilliMon/slab/1600/Digitizer_run1640_subrun66.csv,66,a828993601a59cadbbaba48cfde402cddb46db00120898c306810a66de40822b,valid,0.072
/eos/experiment/milliqan/run3_MilliMon/slab/1600/Digitizer_run1640_subrun67.csv,67,d977a0485c9d7cd3bf622da591c5960408b7f4cf915808d92fc3c5758c6f770e,valid,0.073
/eos/experiment/milliqan/run3_MilliMon/slab/1600/Digitizer_run1640_subrun68.csv,68,bb3d2a36ea76553da8f8a3041474f409639209505407a501af8d6f68768d21f9,valid,0.074
/eos/experiment/milliqan/run3_MilliMon/slab/1600/Digitizer_run1640_subrun69.csv,69,971ba1742c1c43ee32e8e0ab800d113888d391ce801dc54b9469a172692ad18a,valid,0.095
/eos/experiment/milliqan/run3_MilliMon/slab/1600/Digitizer_run1640_subrun70.csv,70,11124d3f6abf234851ae87ca36fdad01031d4675e95f9cba2fdad1cda3828d88,valid,0.092
/eos/experiment/milliqan/run3_MilliMon/slab/1600/Digitizer_run1640_subrun71.csv,71,08836b17d28491d901f209c34b13c6d7a795a6bfa83af3a16078b4c12657b831,valid,0.071
/eos/experiment/milliqan/run3_MilliMon/slab/1600/Digitizer_run1640_subrun72.csv,72,a0ed3c7e527c04aabe4d3f6d5ae775597144d8312290e31513810259fda339cf,valid,0.086
/eos/experiment/milliqan/run3_MilliMon/slab/1600/Digitizer_run1640_subrun73.csv,73,be7225879d373105fdca145cb9aa0dc0b7a6527d47bc9a66c07bdb85cb58782c,valid,0.105
/eos/experiment/milliqan/run3_MilliMon/slab/1600/Digitizer_run1640_subrun74.csv,74,d9e54d82942fb6e495483a3375f3e51b10ba8515e388d7c84a5134adb04a01f5,valid,0.079
/eos/experiment/milliqan/run3_MilliMon/slab/1600/Digitizer_run1640_subrun75.csv,75,62f63660f507a6d6b1420aedbb10ed1bfaf62b6cc18e8367ee51a79a5b9ff7d8,valid,0.1
/eos/experiment/milliqan/run3_MilliMon/slab/1600/Digitizer_run1640_subrun76.csv,76,ce486c7dab581305896e5e1273246afeaa7455f45c3126a553c10d17af055151,valid,0.08
/eos/experiment/milliqan/run3_MilliMon/slab/1600/Digitizer_run1640_subrun77.csv,77,4b6cb53367c560ed0c7af27632384a662c7d65a85577321e59fa177c8870eeb2,valid,0.09
/eos/experiment/milliqan/run3_MilliMon/slab/1600/Digitizer_run1640_subrun78.csv,78,be2cb901968497586baebb3e1d96c56ad7e5f1b766d4e5cd2bc0890c7aeeffdd,valid,0.081
/eos/experiment/milliqan/run3_MilliMon/slab/1600/Digitizer_run1640_subrun79.csv,79,a7d501eab8524702cbcd05977f5e92b55bf6f0dae25979eead5a3bd4085978d6,valid,0.08
/eos/experiment/milliqan/run3_MilliMon/slab/1600/Digitizer_run1640_subrun80.csv,80,956c4ce1c3c54e1fa73dd8655d51c23f59557e526c60447dc811793bf201c75c,valid,0.078
/eos/experiment/milliqan/run3_MilliMon/slab/1600/Digitizer_run1640_subrun81.csv,81,a0d44559bf73cb960f272816e77fb64a39dbd8e13e2cc7a07756f2216eeaf6fc,valid,0.075
/eos/experiment/milliqan/run3_MilliMon/slab/1600/Digitizer_run1640_subrun82.csv,82,605400d2969921b35ebc89b9dbddcce3ff8b8606dacb8d68938661f794ab9a99,valid,0.093
/eos/experiment/milliqan/run3_MilliMon/slab/1600/Digitizer_run1640_subrun83.csv,83,ee4865b68d292851d5a83867ed93eb51cdab83ea2e88226dbf1048631f0cef69,valid,0.087
/eos/experiment/milliqan/run3_MilliMon/slab/1600/Digitizer_run1640_subrun84.csv,84,2bf59a3923a770420261fd44d3db0435d336be58c76bd9f002722daa2481c98d,valid,0.291
/eos/experiment/milliqan/run3_MilliMon/slab/1600/Digitizer_run1640_subrun85.csv,85,9db478cfe6c01814401303a84ee325dfa73ee23cde37bce3079a84211add77d1,valid,0.07
/eos/experiment/milliqan/run3_MilliMon/slab/1600/Digitizer_run1640_subrun86.csv,86,a022bc103d396b8303a1209a05c295a7283b755913f39626785bba66e70fbd6c,valid,0.08
/eos/experiment/milliqan/run3_MilliMon/slab/1600/Digitizer_run1640_subrun87.csv,87,0c1c65b8040509caf6562fd73c608f0a2016ec0cc98bbb974047a8efaaa4ce6c,valid,0.083
/eos/experiment/milliqan/run3_MilliMon/slab/1600/Digitizer_run1640_subrun88.csv,88,95af23522346aba884ebbf25e6e2cbe8ec69782e10b651b707d4bc9c923963c1,valid,0.082
/eos/experiment/milliqan/run3_MilliMon/slab/1600/Digitizer_run1640_subrun89.csv,89,fd6a00056d542e97ce2d998b328a4a3893a96886a3857733cb648639f0956077,valid,0.071
/eos/experiment/milliqan/run3_MilliMon/slab/1600/Digitizer_run1640_subrun90.csv,90,a95cf7e990e81fed8f9e5d3f4508ab5a1015739f14664e80f653aaff306e56fb,valid,0.083
/eos/experiment/milliqan/run3_MilliMon/slab/1600/Digitizer_run1640_subrun91.csv,91,e8535fdea444cdef496e94999b6bd6fd43a4c415aead5a7a401e3eb0fd46afca,valid,0.076
/eos/experiment/milliqan/run3_MilliMon/slab/1600/Digitizer_run1640_subrun92.csv,92,999890e242f2a553da0dc57ab452b2d7a956b68d75124e0c99aad4d74943f294,valid,0.078
/eos/experiment/milliqan/run3_MilliMon/slab/1600/Digitizer_run1640_subrun93.csv,93,db0258784b1835dc87311577bf6646cce0dc2ebca85ec74633a789c44c10379b,valid,0.068
/eos/experiment/milliqan/run3_MilliMon/slab/1600/Digitizer_run1640_subrun94.csv,94,e43884eb654cd57611253f14706efcac34e415957a0a759b80810d04a31dc549,valid,0.082
/eos/experiment/milliqan/run3_MilliMon/slab/1600/Digitizer_run1640_subrun95.csv,95,1c5d4765c657809527a14fee2de43947ab4759f17aa0eadcb46ac662aa7a66fc,valid,0.082
/eos/experiment/milliqan/run3_MilliMon/slab/1600/Digitizer_run1640_subrun96.csv,96,4127bfa28d3c271e604f6b5cd14649829492859112a51c56e5ea0624260d2d24,valid,0.074
/eos/experiment/milliqan/run3_MilliMon/slab/1600/Digitizer_run1640_subrun97.csv,97,4d380f3ac0d52da0ab730f88126757980ae411c4917822843dbfe8e502a5667e,valid,0.077
/eos/experiment/milliqan/run3_MilliMon/slab/1600/Digitizer_run1640_subrun98.csv,98,b73e6b978333cec7f140dc9bab364925ad6548003bd35700bd6998add704438c,valid,0.096
/eos/experiment/milliqan/run3_MilliMon/slab/1600/Digitizer_run1640_subrun99.csv,99,48c8e65a0d34fda9572c343b090614b5e4d78ade1fccc23821e349ed7125071a,valid,0.076
/eos/experiment/milliqan/run3_MilliMon/slab/1600/Digitizer_run1640_subrun100.csv,100,50accba8e1d0031d9cf668e886e6cf210cbdbe142705538d81efcaaa0f4f8c01,valid,0.077
/eos/experiment/milliqan/run3_MilliMon/slab/1600/Digitizer_run1640_subrun101.csv,101,33309043321dae3506ff9333c55b7eb53d1e8389f4efc51e9d889b3f1a3b4598,valid,0.087
/eos/experiment/milliqan/run3_MilliMon/slab/1600/Digitizer_run1640_subrun102.csv,102,e86439a9be0e1947853b4f3fef3e552bc35f04fa6db17cc5e6750649237d6b94,valid,0.087
/eos/experiment/milliqan/run3_MilliMon/slab/1600/Digitizer_run1640_subrun103.csv,103,246819139cc4415519456f107283ee73027fd95c9bd153846dc74b30ef8ab9d2,valid,0.187
/eos/experiment/milliqan/run3_MilliMon/slab/1600/Digitizer_run1640_subrun104.csv,104,2d8e36c85e2335efd2bd46da3cd4f0c6523945223e833b476f0d4caa01242884,valid,0.092
/eos/experiment/milliqan/run3_MilliMon/slab/1600/Digitizer_run1640_subrun105.csv,105,3eb2539bc5cfdbd4608054d23714a494c1a7bdb75efd52cb75e7f6fffa7e3d65,valid,0.156
/eos/experiment/milliqan/run3_MilliMon/slab/1600/Digitizer_run1640_subrun106.csv,106,3779366bdebdba7ba65234d77c32b56793ad25ff3d6993560bef634f96f579d2,valid,0.079
/eos/experiment/milliqan/run3_MilliMon/slab/1600/Digitizer_run1640_subrun107.csv,107,9f79a915dfc38d5209119aaacf676c36e28f0bb6e3024a155c345d0c4c0ea994,valid,0.088
/eos/experiment/milliqan/run3_MilliMon/slab/1600/Digitizer_run1640_subrun108.csv,108,5a87f16e6b45339f017fe927120508fcd9d4d4e06f0cd9eff34ec7593800c674,valid,0.085
/eos/experiment/milliqan/run3_MilliMon/slab/1600/Digitizer_run1640_subrun109.csv,109,4461b1a9b23909ca21672f16ef1d754a307f619fb155f657e71e24d722d97ecf,valid,0.085
/eos/experiment/milliqan/run3_MilliMon/slab/1600/Digitizer_run1640_subrun110.csv,110,e7f5e5189a2c689d9a11756f1f188515b1596b7411b5d58cca9ea38e28893726,valid,0.083
/eos/experiment/milliqan/run3_MilliMon/slab/1600/Digitizer_run1640_subrun111.csv,111,4c960e97bcabc0e7981bba15dcd7c0f2d7bb9ae649ea539833b8c6120a79131c,valid,0.078
/eos/experiment/milliqan/run3_MilliMon/slab/1600/Digitizer_run1640_subrun112.csv,112,d3ff7693e3beb9d0c758ce9b9dca82acc8701b2a05d8695bf79097776cba5287,valid,0.083
/eos/experiment/milliqan/run3_MilliMon/slab/1600/Digitizer_run1640_subrun113.csv,113,8a3984c67d5d3a201f2a89363d006ee05245d6185062032f287e989cb11e00ef,valid,0.084
/eos/experiment/milliqan/run3_MilliMon/slab/1600/Digitizer_run1640_subrun114.csv,114,e8c8129b004b7b304ec90d1d85dfe9e4fa5600fa979c19202749d276c31e88fb,valid,0.076
/eos/experiment/milliqan/run3_MilliMon/slab/1600/Digitizer_run1640_subrun115.csv,115,aabdcaa9efaeb7f9b47e8a7cc7cddac51b4a8f05ab84f981c69df70b3592df04,valid,0.079
/eos/experiment/milliqan/run3_MilliMon/slab/1600/Digitizer_run1640_subrun116.csv,116,a75313fbcbbb14cf323f7370c9288cf7da16bfaa81cff8cc45aebee25508f600,valid,0.074
/eos/experiment/milliqan/run3_MilliMon/slab/1600/Digitizer_run1640_subrun117.csv,117,06a97b0fd4f0d33ec1562dc20ca471179ff87dabef8536ef3f08bf3ef0abd0ca,valid,0.081
/eos/experiment/milliqan/run3_MilliMon/slab/1600/Digitizer_run1640_subrun118.csv,118,016d4a67e088d4eb9f75e589f9b2bb3f10f1c489b0f35289e11564f9e19f9f33,valid,0.076
/eos/experiment/milliqan/run3_MilliMon/slab/1600/Digitizer_run1640_subrun119.csv,119,c9069f8c212fb55eebc63517c6524e2c5da96246e139fc4c6928d41c57125e9e,valid,0.096
/eos/experiment/milliqan/run3_MilliMon/slab/1600/Digitizer_run1640_subrun120.csv,120,0043bf5103ba16e07501212a716f2ef1bf3c552ebefde2e4d96abeb3c0c37d15,valid,0.086
/eos/experiment/milliqan/run3_MilliMon/slab/1600/Digitizer_run1640_subrun121.csv,121,91a965680e4737292bacaed530eb90137218ee1570fc4e65f80772062f6e8e6c,valid,0.089
/eos/experiment/milliqan/run3_MilliMon/slab/1600/Digitizer_run1640_subrun122.csv,122,ed532d91c1f085a4547ba5aad7e3b4d29da323b029fe67d933ccfb9ba1440405,valid,0.088
/eos/experiment/milliqan/run3_MilliMon/slab/1600/Digitizer_run1640_subrun123.csv,123,514e5d1cff406e230f1fbe6c977dcd2bdd2a91171c9526565879bb630e48f9c8,valid,0.078
/eos/experiment/milliqan/run3_MilliMon/slab/1600/Digitizer_run1640_subrun124.csv,124,ad4eaf22f3c5636ac0b69dba608556c9e9d043ee2010637dd2b7472486e66d44,valid,0.098
/eos/experiment/milliqan/run3_MilliMon/slab/1600/Digitizer_run1640_subrun125.csv,125,711e4b20052d5b7fedd7f026f4c411da61d5479668aa7ae11cde74cad6e7a5a1,valid,0.096
/eos/experiment/milliqan/run3_MilliMon/slab/1600/Digitizer_run1640_subrun126.csv,126,6fa044913b45d1f97af8b428307e55f71482a0ba870b39ab0d39b570f5eedd9f,valid,0.077
/eos/experiment/milliqan/run3_MilliMon/slab/1600/Digitizer_run1640_subrun127.csv,127,4b798575b3b3450bfde8863a417c245601c26ade5fc5a6f3a4ba6a3d55571299,valid,0.092
/eos/experiment/milliqan/run3_MilliMon/slab/1600/Digitizer_run1640_subrun128.csv,128,4abc195814fef882a619ba1ca09089ed0650c14ea1a3abae75f4536fd6bc17b9,valid,0.177
/eos/experiment/milliqan/run3_MilliMon/slab/1600/Digitizer_run1640_subrun129.csv,129,f121ad82d7c155df966788ceea720b40e191668409290755b2cc0ff5f228ff26,valid,0.098
/eos/experiment/milliqan/run3_MilliMon/slab/1600/Digitizer_run1640_subrun130.csv,130,3695d3bcca23abfa221fe96cf8497bfefed117999f11f270e62540788822d62d,valid,0.089
/eos/experiment/milliqan/run3_MilliMon/slab/1600/Digitizer_run1640_subrun131.csv,131,25338a2a681843e5475ded885290efa06edfc126159e0f8a053e1c8329fdbf06,valid,0.09
/eos/experiment/milliqan/run3_MilliMon/slab/1600/Digitizer_run1640_subrun132.csv,132,c0ab39e7b2f8330c34a4ac3f9e4053ee1f4cf10b29edd87dde6ca29cff82fb1f,valid,0.098
/eos/experiment/milliqan/run3_MilliMon/slab/1600/Digitizer_run1640_subrun133.csv,133,9f19b6714e2703c8b0ec1e9a69ca41468f8bd10b62bc3f8c0013eff502d4d5a9,valid,0.084
/eos/experiment/milliqan/run3_MilliMon/slab/1600/Digitizer_run1640_subrun134.csv,134,b392fdb34be0f3623447649dfd8e0236c6ab726ffb22b0bd32a50ea3e85800a7,valid,0.088
/eos/experiment/milliqan/run3_MilliMon/slab/1600/Digitizer_run1640_subrun135.csv,135,02215fe67cfb4e740271e763b9ecbee666c9bab41eef8790054c1eb163e496fa,valid,0.081
/eos/experiment/milliqan/run3_MilliMon/slab/1600/Digitizer_run1640_subrun136.csv,136,2f0fe4111f3524adfb6a2b362fe535891bf81b8e2f2c3aa2f2f70cfa3e2f3dcc,valid,0.104
/eos/experiment/milliqan/run3_MilliMon/slab/1600/Digitizer_run1640_subrun137.csv,137,3ebaafa297b41b6740fff8a8491802178b64aa32895ea8b9d48bada2f95a15c7,valid,0.102
/eos/experiment/milliqan/run3_MilliMon/slab/1600/Digitizer_run1640_subrun138.csv,138,d640ae32dede84b192949cd1b719f80bba05e63dc0fb512d9152c7c71ec918cf,valid,0.098
/eos/experiment/milliqan/run3_MilliMon/slab/1600/Digitizer_run1640_subrun139.csv,139,41a2aea447c07a1b73ad644ae21890dc615da52d1d9e5b2c26cd117293487573,valid,0.085
/eos/experiment/milliqan/run3_MilliMon/slab/1600/Digitizer_run1640_subrun140.csv,140,aee0ca22fe38cb2a2f1c0456bd0c4a6b25898eb2ba2755b1632ca0b6dffca99d,valid,0.075
/eos/experiment/milliqan/run3_MilliMon/slab/1600/Digitizer_run1640_subrun141.csv,141,765104b0a822b8cd26a47d88f367359670c5e3a9f13fbd1399790687b01e8d2b,valid,0.074
/eos/experiment/milliqan/run3_MilliMon/slab/1600/Digitizer_run1640_subrun142.csv,142,fe79933e3e300120b84d4a16fe8eb7a33be1bbaa61c5a477f1fa95ffa7296d09,valid,0.074
/eos/experiment/milliqan/run3_MilliMon/slab/1600/Digitizer_run1640_subrun143.csv,143,2f1facd56f155cf9f7798afffff7008ab05ecbd575d40bb029b1d726dfdc2b90,valid,0.095
/eos/experiment/milliqan/run3_MilliMon/slab/1600/Digitizer_run1640_subrun144.csv,144,05df4f6be5bb796a193322a3ba9d603b4543e4adee7e8dbbcc3807256c9274c8,valid,0.135
/eos/experiment/milliqan/run3_MilliMon/slab/1600/Digitizer_run1640_subrun145.csv,145,ddb187a5ba7cec49e740a498f5f315440540d2814ed0dd38a4f97622cb2b20f2,valid,0.092
/eos/experiment/milliqan/run3_MilliMon/slab/1600/Digitizer_run1640_subrun146.csv,146,9c10b97cb291185d1ad1fd961585b6e83fb9700ba0cb938fceeb1d2ee040afea,valid,0.3
/eos/experiment/milliqan/run3_MilliMon/slab/1600/Digitizer_run1640_subrun147.csv,147,ce62885bf938004796ee5c8c510cf3a4a21c512db5d64bfa8b4262f788b5225b,valid,0.183
/eos/experiment/milliqan/run3_MilliMon/slab/1600/Digitizer_run1640_subrun148.csv,148,0bd39041cdf2c7858ce0376d35deb4e6925c145cd69d6a79317a573778147427,valid,0.088
/eos/experiment/milliqan/run3_MilliMon/slab/1600/Digitizer_run1640_subrun149.csv,149,d64aee19bbcb82459e7df57f099e8108da31076a8948b49291d5063f6a3949e0,valid,0.073
/eos/experiment/milliqan/run3_MilliMon/slab/1600/Digitizer_run1640_subrun150.csv,150,b35e3add3de158dd1bce832ba08f3d9c68780d30bf3198561f1d81c66cf4f663,valid,0.146
/eos/experiment/milliqan/run3_MilliMon/slab/1600/Digitizer_run1640_subrun151.csv,151,9e3dff2381d79d7712442c3ffb2905d32a751031e010887b16cc9e366f86f265,valid,0.073
/eos/experiment/milliqan/run3_MilliMon/slab/1600/Digitizer_run1640_subrun152.csv,152,1abd7c5a8de3954982384ec020f150a27f71b4cfb063649e345636dceb3d391e,valid,0.087
/eos/experiment/milliqan/run3_MilliMon/slab/1600/Digitizer_run1640_subrun153.csv,153,1aaec152fc29013124effe9fdfd4cc99c904801e492ea7369acb184bc2f961ae,valid,0.158
/eos/experiment/milliqan/run3_MilliMon/slab/1600/Digitizer_run1640_subrun154.csv,154,59e13abbef5a0b9af0b801fc13e252baf042fb6f04ae5370e15c6904dccfda64,valid,0.082
/eos/experiment/milliqan/run3_MilliMon/slab/1600/Digitizer_run1640_subrun155.csv,155,3241c1ccc0c88fd99ba8c8c11cec281e85c431d28f0ada93c05c99fa81880099,valid,0.082
/eos/experiment/milliqan/run3_MilliMon/slab/1600/Digitizer_run1640_subrun156.csv,156,9cc3c9ace2a1323dfd17502c4d78a41cdceb9ef5abcf0ed86111b106e18d298b,valid,0.087
/eos/experiment/milliqan/run3_MilliMon/slab/1600/Digitizer_run1640_subrun157.csv,157,afa92150f207b360b47ff2839fc0428f6150513759de1ef6799b6533f4fd61cd,valid,0.076
/eos/experiment/milliqan/run3_MilliMon/slab/1600/Digitizer_run1640_subrun158.csv,158,287140b34b322e9c298c0708240b78712b1188885e1462dd89365a02c0176e02,valid,0.08
/eos/experiment/milliqan/run3_MilliMon/slab/1600/Digitizer_run1640_subrun159.csv,159,4e4da0d133e12f12b758c30f48218217fb10e65112594e4113e687dd35b5b67d,valid,0.08
/eos/experiment/milliqan/run3_MilliMon/slab/1600/Digitizer_run1640_subrun160.csv,160,adbe27c9dfb9ed37ede060cf58f77667311319421007fb03433542c091a4e099,valid,0.081
/eos/experiment/milliqan/run3_MilliMon/slab/1600/Digitizer_run1640_subrun161.csv,161,3160f718e3c2c11e859b0d27f85eb5253d1adf263444f15f296b34356697c4dd,valid,0.153
/eos/experiment/milliqan/run3_MilliMon/slab/1600/Digitizer_run1640_subrun162.csv,162,513e15ac2811d3b635d00834d08a8ee23524206bf7ed6733b39ac935670955f7,valid,0.129
/eos/experiment/milliqan/run3_MilliMon/slab/1600/Digitizer_run1640_subrun163.csv,163,4bc0244dd7de670c868f153ab61a87bf1d63c39032b8777114c8f711cfbb8474,valid,0.208
/eos/experiment/milliqan/run3_MilliMon/slab/1600/Digitizer_run1640_subrun164.csv,164,1f05bfde71a0cd7786e6827e049c8cd02a40a346c74b93eb06571248757435a3,valid,0.091
/eos/experiment/milliqan/run3_MilliMon/slab/1600/Digitizer_run1640_subrun165.csv,165,52f26945fea811b49539359cfb9b05b41f4d451040da85878b6f83ec686f5a67,valid,0.074
/eos/experiment/milliqan/run3_MilliMon/slab/1600/Digitizer_run1640_subrun166.csv,166,52b050677fdbe644d1960da9e0677f9abd27fba013b7c30d0b5ac79acb4bc2d1,valid,0.075
/eos/experiment/milliqan/run3_MilliMon/slab/1600/Digitizer_run1640_subrun167.csv,167,2f77ad0c601fc6db1424dbfe5d1c88aac34cf6205de17a7a14f8607f9bec5310,valid,0.077
/eos/experiment/milliqan/run3_MilliMon/slab/1600/Digitizer_run1640_subrun168.csv,168,740c9455552628c5ba4ccab42cf2a107a4be75ff3ebded8929f2f603539fc314,valid,0.073
/eos/experiment/milliqan/run3_MilliMon/slab/1600/Digitizer_run1640_subrun169.csv,169,148af6cc8f874df00d9860a832f4511416c2c022c463c8a6d432566cbc5984ec,valid,0.178
/eos/experiment/milliqan/run3_MilliMon/slab/1600/Digitizer_run1640_subrun170.csv,170,9d744bfa7adf1d4b68595837e90c7185119c3bed899851332a4157382346d3d8,valid,0.201
/eos/experiment/milliqan/run3_MilliMon/slab/1600/Digitizer_run1640_subrun171.csv,171,256be09889949155c0843ac880eb40126f7151c46776b180478d7815dcfc4cd0,valid,0.085
/eos/experiment/milliqan/run3_MilliMon/slab/1600/Digitizer_run1640_subrun172.csv,172,a5b9fc86b0445ec2426501ebe3aebd482f3b1ced08081eecc9a64fb31767e7e1,valid,0.087
/eos/experiment/milliqan/run3_MilliMon/slab/1600/Digitizer_run1640_subrun173.csv,173,047d4d66f9868dc5f3a56f517812a652f4491845c81ad2349d0cfa56a1951278,valid,0.083
/eos/experiment/milliqan/run3_MilliMon/slab/1600/Digitizer_run1640_subrun174.csv,174,136886b0e479b61c45a3e5d7b71154150e4981634715e9b0136842fcfc3f2632,valid,0.072
/eos/experiment/milliqan/run3_MilliMon/slab/1600/Digitizer_run1640_subrun175.csv,175,ee2fe28043b25a0d96d1f957b623d57c6a8bb555c35f2c347cfee1fd4bc9d7da,valid,0.072
/eos/experiment/milliqan/run3_MilliMon/slab/1600/Digitizer_run1640_subrun176.csv,176,b48d413087e5eb7b28cd2d31a5efe732f5d8e65b6b0f15ee326e31f2f8745d43,valid,0.111
/eos/experiment/milliqan/run3_MilliMon/slab/1600/Digitizer_run1640_subrun177.csv,177,f6a5cd5bc20ec45c2572c13e51bad16d8c9a3a89a39560bcf728681efcbebf52,valid,0.083
/eos/experiment/milliqan/run3_MilliMon/slab/1600/Digitizer_run1640_subrun178.csv,178,5f84ea940129eff837cd6e2d127fcedb83e95c9feca4ab15febe290ef0b1a9c8,valid,0.081
/eos/experiment/milliqan/run3_MilliMon/slab/1600/Digitizer_run1640_subrun179.csv,179,faa981e380eacd3ac2f6c295c5c8b336c53495d12794436ddfeb0eeabd29c98e,valid,0.079
/eos/experiment/milliqan/run3_MilliMon/slab/1600/Digitizer_run1640_subrun180.csv,180,c2e201d980d16f005e752a13671e95660e97f9abaa3fbb8521c6fbd3c736c711,valid,0.083
/eos/experiment/milliqan/run3_MilliMon/slab/1600/Digitizer_run1640_subrun181.csv,181,1b5ed2ce1846d49d967df89e36d97a70bfaec23efd0adec635a1d6bac24e07ee,valid,1.907
/eos/experiment/milliqan/run3_MilliMon/slab/1600/Digitizer_run1640_subrun182.csv,182,cb508c03689eb990d665510b70ac0a2455893bc559d435b6a018ddb2f7b2067f,valid,0.07
/eos/experiment/milliqan/run3_MilliMon/slab/1600/Digitizer_run1640_subrun183.csv,183,0af149f4af2aa33e32bf61527aead39b45ca628b6003964d57179e8539186d28,valid,0.083
/eos/experiment/milliqan/run3_MilliMon/slab/1600/Digitizer_run1640_subrun184.csv,184,d7259bf1883d61b86e83c6b06902896f0e8c1e65b248071fc5123c043f2e69ce,valid,0.1
/eos/experiment/milliqan/run3_MilliMon/slab/1600/Digitizer_run1640_subrun185.csv,185,30fda5b454bc93c85b79c0d6e419cad53882276d551d94aa18c001cee63764e9,valid,0.094
/eos/experiment/milliqan/run3_MilliMon/slab/1600/Digitizer_run1640_subrun186.csv,186,cee1207a2c4b46877e51b57da6edbf889f9c2148f1b7fbac010efba2b5cc9689,valid,0.1
/eos/experiment/milliqan/run3_MilliMon/slab/1600/Digitizer_run1640_subrun187.csv,187,f0ffd958042d02853623f4536e892224ae5e7888550d3a452b9696d8e4016beb,valid,0.199
/eos/experiment/milliqan/run3_MilliMon/slab/1600/Digitizer_run1640_subrun188.csv,188,cab81b26fed9352c90147caa27fc5b7d4352dca826c342cd549db82ac40040d3,valid,0.082
/eos/experiment/milliqan/run3_MilliMon/slab/1600/Digitizer_run1640_subrun189.csv,189,0286ba2b2e22ff5c1e3bcea442f512ad2d8353c66168d4b5a8376ffbedc6c00b,valid,0.076
/eos/experiment/milliqan/run3_MilliMon/slab/1600/Digitizer_run1640_subrun190.csv,190,1927e428b9a37e94eee345789cb715a5fe391af0c90fbc7665b4fc099f0885f4,valid,0.082
/eos/experiment/milliqan/run3_MilliMon/slab/1600/Digitizer_run1640_subrun191.csv,191,13d1992b4bfc68abfdef1a8f3bc77f32d4df5810c0f3f7875c6caa67da5ba47d,valid,0.085
/eos/experiment/milliqan/run3_MilliMon/slab/1600/Digitizer_run1640_subrun192.csv,192,c234551d19455988e9f3c2cb836b2672d73b610ed97021f87bd3e2f712678c14,valid,0.383
/eos/experiment/milliqan/run3_MilliMon/slab/1600/Digitizer_run1640_subrun193.csv,193,fe8ee71e5090085dd05d45602d111416fdd55eed9b38dcec8e65b3557fc2b2aa,valid,0.076
/eos/experiment/milliqan/run3_MilliMon/slab/1600/Digitizer_run1640_subrun194.csv,194,e11a7b9904c7b77208ddc0aec47d2d5001c748ee445bd00ef13b594e0973b1e0,valid,0.093
/eos/experiment/milliqan/run3_MilliMon/slab/1600/Digitizer_run1640_subrun195.csv,195,048a65eb55a502ea79c12897b62916fa2230fb3fb0b61d32ec6f6b78c732f56e,valid,0.081
/eos/experiment/milliqan/run3_MilliMon/slab/1600/Digitizer_run1640_subrun196.csv,196,5f752e824031f575121dce12ef24793601671caab083854805bc87f533a46a30,valid,0.085
/eos/experiment/milliqan/run3_MilliMon/slab/1600/Digitizer_run1640_subrun197.csv,197,9e4319d9a5056f8cadd447828781e4f01a29982aa670904aae7d365b28291aa7,valid,0.076
/eos/experiment/milliqan/run3_MilliMon/slab/1600/Digitizer_run1640_subrun198.csv,198,6c326cd688eef8263c0c6132752d5d2bf83437a7a66c68446ef840e7308be788,valid,0.086
/eos/experiment/milliqan/run3_MilliMon/slab/1600/Digitizer_run1640_subrun199.csv,199,e1b5081041ec9a046253f4c105ecb3528392a3edcf0f03d5dbe6ddb84b3424aa,valid,0.074
/eos/experiment/milliqan/run3_MilliMon/slab/1600/Digitizer_run1640_subrun200.csv,200,283ec61c67860f6258ea728b9ad089c3fa59209c9a58970d854a8731d169fab1,valid,0.077
/eos/experiment/milliqan/run3_MilliMon/slab/1600/Digitizer_run1640_subrun201.csv,201,7057eee77af3648ca269b982afd2d60ace6d54b34a612c21ed164fac69f186b8,valid,0.095
/eos/experiment/milliqan/run3_MilliMon/slab/1600/Digitizer_run1640_subrun202.csv,202,5b6286e7e33dafc148a96b69c83aae5db66116fab5a620c095470f40e3120230,valid,0.199
/eos/experiment/milliqan/run3_MilliMon/slab/1600/Digitizer_run1640_subrun203.csv,203,09a6242ad14f5b0205bf611bb1dfa64b69781d76a44e7ea0f639bfd73f97e393,valid,0.081
/eos/experiment/milliqan/run3_MilliMon/slab/1600/Digitizer_run1640_subrun204.csv,204,313756d385859dd21d209f8c24b3cf8e99b6855fd70d0666ba85278f8ba06f32,valid,0.087
/eos/experiment/milliqan/run3_MilliMon/slab/1600/Digitizer_run1640_subrun205.csv,205,a17413286e8d848de684a2b25f3ecd4daa6f5a3beaf3acb1d8ccb3f2ed137f7f,valid,0.084
/eos/experiment/milliqan/run3_MilliMon/slab/1600/Digitizer_run1640_subrun206.csv,206,971ac9c9eba35fd12bac4352304606bc4beacdd7979ee98567d4e1cf4a6c3a52,valid,0.108
/eos/experiment/milliqan/run3_MilliMon/slab/1600/Digitizer_run1640_subrun207.csv,207,7cb72f839186f779260f2408aff699aa9525fb96446b0264f3e21526543be6b5,valid,0.179
/eos/experiment/milliqan/run3_MilliMon/slab/1600/Digitizer_run1640_subrun208.csv,208,245f2dce3da216af0f24c71e92894779e10613afaf48687715a0758ae44936d3,valid,0.081
/eos/experiment/milliqan/run3_MilliMon/slab/1600/Digitizer_run1640_subrun209.csv,209,5d9553ba177f9368ee1aa22996db9fb505e30fb92c6ab4abc5581961a08830ee,valid,0.107
/eos/experiment/milliqan/run3_MilliMon/slab/1600/Digitizer_run1640_subrun210.csv,210,ada8f7bdc9a3454cceb2b5e6736bec2e2cbb7b710b0b80ba4d562d13ad7b7744,valid,0.081
/eos/experiment/milliqan/run3_MilliMon/slab/1600/Digitizer_run1640_subrun211.csv,211,8b7cdb662821d57c5bee2b95adbf6b32f7aa7da4c563b02544bb1138f10ba298,valid,0.077
/eos/experiment/milliqan/run3_MilliMon/slab/1600/Digitizer_run1640_subrun212.csv,212,624cebf742969cd6fd4154cb8e8f09fb3d530d83f084ff355ca14038498e6eb7,valid,0.073
/eos/experiment/milliqan/run3_MilliMon/slab/1600/Digitizer_run1640_subrun213.csv,213,7af1b7bb548399f1cca1ccb02adef294dc1c15721ae22fde6e62284b9eb0ff20,valid,0.156
/eos/experiment/milliqan/run3_MilliMon/slab/1600/Digitizer_run1640_subrun214.csv,214,09004bc7ecd9da158bb325b01e7edcb8ad824b960c7e53b1c955bc41f1cc1031,valid,0.089
/eos/experiment/milliqan/run3_MilliMon/slab/1600/Digitizer_run1640_subrun215.csv,215,74bb5d21ac87a3bf985cdb7cc93a0c510cbf5edda85a295596a82a2ee1b8b05c,valid,0.093
/eos/experiment/milliqan/run3_MilliMon/slab/1600/Digitizer_run1640_subrun216.csv,216,2c3447a996e47f036a93eebef3bdbd068695d3e18c92bb8012b23eaea8ae30cc,valid,0.096
/eos/experiment/milliqan/run3_MilliMon/slab/1600/Digitizer_run1640_subrun217.csv,217,d12856534a797ac13b7cc8a90c4d65b0fdbe5cf0f588ea80e61e177532b87917,valid,0.095
/eos/experiment/milliqan/run3_MilliMon/slab/1600/Digitizer_run1640_subrun218.csv,218,fec154c2308c5f2cd41f92bd2c0baed29168a3632bf2f0c9174dbb1f827e35d8,valid,0.337
/eos/experiment/milliqan/run3_MilliMon/slab/1600/Digitizer_run1640_subrun219.csv,219,d4480dae0e1be5a27167af18b86eb74b2d5a4088783e06f7fd8742e539e7cf8d,valid,0.076
/eos/experiment/milliqan/run3_MilliMon/slab/1600/Digitizer_run1640_subrun220.csv,220,44693ee7f6db7d939031c9cfbec567f6e1f2a935b78b8b31cb17497118420bce,valid,0.105
/eos/experiment/milliqan/run3_MilliMon/slab/1600/Digitizer_run1640_subrun221.csv,221,1a8cc50e198ea0183ced688d6d35a9c05f102b6f7b8a827b12d31d9250c14d57,valid,0.326
/eos/experiment/milliqan/run3_MilliMon/slab/1600/Digitizer_run1640_subrun222.csv,222,63f7fa17f325263eb620f094f6adad3915a4ecae82c94ba47a87bdfcfda98743,valid,0.076
/eos/experiment/milliqan/run3_MilliMon/slab/1600/Digitizer_run1640_subrun223.csv,223,9c001d5e7484af1ddc5f6b675fe64cbffb17313aece22460c156abe1cd88e56c,valid,0.083
/eos/experiment/milliqan/run3_MilliMon/slab/1600/Digitizer_run1640_subrun224.csv,224,c28db38c81d653fb8818097edbd8f33cd35d46324f58625d3b49a322625e2a58,valid,0.075
/eos/experiment/milliqan/run3_MilliMon/slab/1600/Digitizer_run1640_subrun225.csv,225,109a804be0b867adc545229b5a9f33971a0f1da8a76413dee205d2d0fa15d24f,valid,0.079
/eos/experiment/milliqan/run3_MilliMon/slab/1600/Digitizer_run1640_subrun226.csv,226,9ff0709c9cefee972895ca65052e1fc225fd8bbeb7e0b1053e1a458efc81aa86,valid,0.082
/eos/experiment/milliqan/run3_MilliMon/slab/1600/Digitizer_run1640_subrun227.csv,227,0e9653702478b111fb5d869f09c10b89c21a886a3aff9a641ea4c705871194eb,valid,0.076
/eos/experiment/milliqan/run3_MilliMon/slab/1600/Digitizer_run1640_subrun228.csv,228,9bc8b9387d5bc9dcb0b308cf9afbcf9b98a88f92c80c137812ab9cbbbf20d555,valid,0.073
/eos/experiment/milliqan/run3_MilliMon/slab/1600/Digitizer_run1640_subrun229.csv,229,6ff4da73423922b8e83758663d55d3b51ee14f393d817c902077074be81b765b,valid,0.083
/eos/experiment/milliqan/run3_MilliMon/slab/1600/Digitizer_run1640_subrun230.csv,230,1881b15573592b460025190b5b80a1c23972c69b4938ac18b013e9aa31519b95,valid,0.1
/eos/experiment/milliqan/run3_MilliMon/slab/1600/Digitizer_run1640_subrun231.csv,231,48d3f54977a966c1d9b6bbffadb807d0ce50a72da93b1d5b48669df73b6931f2,valid,0.091
/eos/experiment/milliqan/run3_MilliMon/slab/1600/Digitizer_run1640_subrun232.csv,232,3495514328e35d54f87baa699a3bbf87cfc201e4fd0284b0d563b85f92bb7b8d,valid,0.33
/eos/experiment/milliqan/run3_MilliMon/slab/1600/Digitizer_run1640_subrun233.csv,233,f6bbb1b0c48137302d655078c7eb1558114fba43e7a890b478278f0c38b04608,valid,0.088
/eos/experiment/milliqan/run3_MilliMon/slab/1600/Digitizer_run1640_subrun234.csv,234,32e03601e2bac627f40bf2cdc761d0fbbf6cfc440ab8f5877f463c4a395cbfad,valid,0.073
/eos/experiment/milliqan/run3_MilliMon/slab/1600/Digitizer_run1640_subrun235.csv,235,025993719d745d65dc58060aba1adeeba30ae77cb0d237896349e39354564558,valid,0.074
/eos/experiment/milliqan/run3_MilliMon/slab/1600/Digitizer_run1640_subrun236.csv,236,8557c0a5a4ff81575dafd1d0b17f1ce1a5aa85e7fe773dc7b0cecc8f93f922a7,valid,0.085
/eos/experiment/milliqan/run3_MilliMon/slab/1600/Digitizer_run1640_subrun237.csv,237,b61b822990dbe088286da9281d01fa9f117f039b2a72674e96d86778bd6728a7,valid,0.075
/eos/experiment/milliqan/run3_MilliMon/slab/1600/Digitizer_run1640_subrun238.csv,238,b87d16af314845543a96ddfe40f3dbea598d80cf4db4152dea753798e385c229,valid,0.089
/eos/experiment/milliqan/run3_MilliMon/slab/1600/Digitizer_run1640_subrun239.csv,239,1f6b6e723e351ba17a5b34c39a6e865afef7ee2feb28d292fc934b19e51fadb6,valid,0.081
/eos/experiment/milliqan/run3_MilliMon/slab/1600/Digitizer_run1640_subrun240.csv,240,716ee9d9bad38cb6474e141a95b07aef5ba4183d2705862395b32054f7fae9ea,valid,0.081
/eos/experiment/milliqan/run3_MilliMon/slab/1600/Digitizer_run1640_subrun241.csv,241,cbb4c42be5552d892e933d0b2c70d7c923d03443b3c89aab27eb5429e0d22268,valid,0.102
/eos/experiment/milliqan/run3_MilliMon/slab/1600/Digitizer_run1640_subrun242.csv,242,5a90b7a1b484069b2d164bfa0276dfadfc3055b7766504e4a546848652c89ba5,valid,0.079
/eos/experiment/milliqan/run3_MilliMon/slab/1600/Digitizer_run1640_subrun243.csv,243,62b453e3c3682f6a04e550ffba6a7d01c7405aef34914620776fe9c2502ad001,valid,0.082
/eos/experiment/milliqan/run3_MilliMon/slab/1600/Digitizer_run1640_subrun244.csv,244,a185b87b9e65fd50d371b4fecb0d9d5b115d39255ef03cbb46194db165e5d26e,valid,0.18
/eos/experiment/milliqan/run3_MilliMon/slab/1600/Digitizer_run1640_subrun245.csv,245,2186239b16ccd62c56f1969c5e2e04a4a1c9de435e182267150d9b8239a5176e,valid,0.215
/eos/experiment/milliqan/run3_MilliMon/slab/1600/Digitizer_run1640_subrun246.csv,246,c44f6582518752bef854a63dd67882b87f47df54eb8b0dcccedc53d9af80ee9e,valid,0.066
/eos/experiment/milliqan/run3_MilliMon/slab/1600/Digitizer_run1640_subrun247.csv,247,a11ffcba69692d88952222e7edb36d9993793b61cd6b8ff237453660e9cda953,valid,0.089
/eos/experiment/milliqan/run3_MilliMon/slab/1600/Digitizer_run1640_subrun248.csv,248,607696d0bb6ee9846fcd0d8aec5ed1d239cf185879f961f66d151285d7bc37b9,valid,0.085
/eos/experiment/milliqan/run3_MilliMon/slab/1600/Digitizer_run1640_subrun249.csv,249,d3a4b00e0c219400e75756f83326d847686a2ea04bb2a0f4eca5841894c5e4d2,valid,0.074
/eos/experiment/milliqan/run3_MilliMon/slab/1600/Digitizer_run1640_subrun250.csv,250,7bb8e319ab3f71754f64cc03dbf2d790acf07e54f70f7a75080ed296a3ffb37a,valid,0.077
/eos/experiment/milliqan/run3_MilliMon/slab/1600/Digitizer_run1640_subrun251.csv,251,4b3efc5713615f49b56210bbd8cb1a481aea6ae7693d718c14ed5eedd70597ab,valid,0.074
/eos/experiment/milliqan/run3_MilliMon/slab/1600/Digitizer_run1640_subrun252.csv,252,5b9c26090d136bdb3dfcb6b5de735f4c36d451010106cc44d547f4eb2c894e7a,valid,0.18
/eos/experiment/milliqan/run3_MilliMon/slab/1600/Digitizer_run1640_subrun253.csv,253,563db263152bc6b0703a3f2841027935c1ffce2e8ccab7eb7bec69697c87439a,valid,0.083
/eos/experiment/milliqan/run3_MilliMon/slab/1600/Digitizer_run1640_subrun254.csv,254,03bd41be58cadbffe0d5c44d573c18c721b620d814502673e800842f85de641e,valid,0.091
/eos/experiment/milliqan/run3_MilliMon/slab/1600/Digitizer_run1640_subrun255.csv,255,429c2eed6b43b298bed681bec42c68229b3c15b727cf413cf9df983506e978f8,valid,0.088
/eos/experiment/milliqan/run3_MilliMon/slab/1600/Digitizer_run1640_subrun256.csv,256,7f3c3d7069ac9c8c0c26a57e6f1f6be711a8c39c871560d25c05302b2560a415,valid,0.077
/eos/experiment/milliqan/run3_MilliMon/slab/1600/Digitizer_run1640_subrun257.csv,257,e21fee20d1d5af9173f073d2cba92633d8b88ffd7ac7abd50dcdf71cc7fb3d1d,valid,0.074
/eos/experiment/milliqan/run3_MilliMon/slab/1600/Digitizer_run1640_subrun258.csv,258,9430bbfd085772bcd823970e94cef84783649045af2ad9127c274f69e003b84a,valid,0.075
/eos/experiment/milliqan/run3_MilliMon/slab/1600/Digitizer_run1640_subrun259.csv,259,b8ff2ba8883e24bf73c56dd7072b79348443bee07fbf853fd2c3098e919ca28e,valid,0.083
/eos/experiment/milliqan/run3_MilliMon/slab/1600/Digitizer_run1640_subrun260.csv,260,caae800f93c18b4fffa0606b6480d09458cf877b414c27f315e2541c2b74816d,valid,0.073
/eos/experiment/milliqan/run3_MilliMon/slab/1600/Digitizer_run1640_subrun261.csv,261,4444a39165ff89ef5a30f8a4f89db87bcf4a44dda529a67c708522842104ce25,valid,0.083
/eos/experiment/milliqan/run3_MilliMon/slab/1600/Digitizer_run1640_subrun262.csv,262,c3e88356e96c1238f2a3c3555a0861c8deb781c06d408019137318c57a1aca78,valid,0.084
/eos/experiment/milliqan/run3_MilliMon/slab/1600/Digitizer_run1640_subrun263.csv,263,0804437cd86a21ba11f3f6234a6c786fc9c5657b9237606dae4a07f1bbf8cb9d,valid,0.07
/eos/experiment/milliqan/run3_MilliMon/slab/1600/Digitizer_run1640_subrun264.csv,264,cb161219df9b0f6a1e8cd758e4e96fed8c08eb5d9009546f2ef4ab2e23521f9d,valid,0.078
/eos/experiment/milliqan/run3_MilliMon/slab/1600/Digitizer_run1640_subrun265.csv,265,e53438c6b99bb3a57c1fbcb188111b6b78faef65b95e1582bb0d3cced235cf4b,valid,0.083
/eos/experiment/milliqan/run3_MilliMon/slab/1600/Digitizer_run1640_subrun266.csv,266,72100d62ebb6a67d968571896c08b748e2726f96fe3fda5bd79aba79ef32196f,valid,0.077
/eos/experiment/milliqan/run3_MilliMon/slab/1600/Digitizer_run1640_subrun267.csv,267,c625b9b9470e793f9cdcd3eaf6a6f65d00a7c84c843717804ba8b43b39f0acb4,valid,0.082
/eos/experiment/milliqan/run3_MilliMon/slab/1600/Digitizer_run1640_subrun268.csv,268,a6e5384dc83d517a82970fb6567bc97f3063992a8cf7b8663982d38cf2052a32,valid,0.189
/eos/experiment/milliqan/run3_MilliMon/slab/1600/Digitizer_run1640_subrun269.csv,269,129377e6d8554ce966f78c033dfcd7a22a62c75c2fb33a0abdd48ba266da0046,valid,0.11
/eos/experiment/milliqan/run3_MilliMon/slab/1600/Digitizer_run1640_subrun270.csv,270,0d1aa834ba86dfc8f4aeeaf3a5c2ab36a2f3b64708b5db709bf5f5500c7e966b,valid,0.105
/eos/experiment/milliqan/run3_MilliMon/slab/1600/Digitizer_run1640_subrun271.csv,271,106dea032ac86f996e5f4b897534f83b3599bf29a53818302c967f5350081752,valid,0.086
/eos/experiment/milliqan/run3_MilliMon/slab/1600/Digitizer_run1640_subrun272.csv,272,592a7049edfdf142171c17595f8d7d52058ffe5d9dc5058b9c2e224cff6113e0,valid,0.092
/eos/experiment/milliqan/run3_MilliMon/slab/1600/Digitizer_run1640_subrun273.csv,273,9b83866906a68afddea63b9548a199b339920950996f0fea3b434171c7b7d121,valid,0.074
/eos/experiment/milliqan/run3_MilliMon/slab/1600/Digitizer_run1640_subrun274.csv,274,0e0372b6419c23f1b24cf76239dceaf47bdb8338cd9f7e0620a3d8d1e7691a64,valid,0.072
/eos/experiment/milliqan/run3_MilliMon/slab/1600/Digitizer_run1640_subrun275.csv,275,cd93a1c9b5c0228350ed2c6ce7eb6356fd5684c4710dcc08bf25aaac6f97dd42,valid,0.085
/eos/experiment/milliqan/run3_MilliMon/slab/1600/Digitizer_run1640_subrun276.csv,276,292e6dafcc8dfc898680b38deef862c63d32dd490a972ee9a562424402623416,valid,0.069
/eos/experiment/milliqan/run3_MilliMon/slab/1600/Digitizer_run1640_subrun277.csv,277,7d28e57b99f44e6e25f4c16a2fecc988a55197a52126a917eb973c7117d654f8,valid,0.077
/eos/experiment/milliqan/run3_MilliMon/slab/1600/Digitizer_run1640_subrun278.csv,278,149e76cf9383ec2342a29f1fd2bfe61d46949d27bf569c18aa46dbf2af8a3194,valid,0.076
/eos/experiment/milliqan/run3_MilliMon/slab/1600/Digitizer_run1640_subrun279.csv,279,59826b609b2d1ce4ecbc35d9d7814174e9ac29b8fc5498a6a54bc71b95d757e3,valid,0.097
/eos/experiment/milliqan/run3_MilliMon/slab/1600/Digitizer_run1640_subrun280.csv,280,09d785299929a8dccf1be0a490b6725134ea6ff8e2d1f7dcc8997d042714fccc,valid,0.091
/eos/experiment/milliqan/run3_MilliMon/slab/1600/Digitizer_run1640_subrun281.csv,281,fba5298c7cf1e257af12aaf98215a94915c531339e9d814b15b2419c2925aae2,valid,0.093
/eos/experiment/milliqan/run3_MilliMon/slab/1600/Digitizer_run1640_subrun282.csv,282,8b9b1eee15d1a08dcc960a41d51754cd5522903ff03931c4c68336f6ecea6bea,valid,0.393
/eos/experiment/milliqan/run3_MilliMon/slab/1600/Digitizer_run1640_subrun283.csv,283,9ac19488ab72dde10dc161c8ffc539302cb805c2e6d3f67718522cd5bc36dec0,valid,0.094
/eos/experiment/milliqan/run3_MilliMon/slab/1600/Digitizer_run1640_subrun284.csv,284,39eaf0f634f47f0d7f8fd99a0bb7d57a0339c2f7219f6673b3e18f3038f930f4,valid,0.074
/eos/experiment/milliqan/run3_MilliMon/slab/1600/Digitizer_run1640_subrun285.csv,285,9d33808da97d6c2532a5d4ec315e31a2ba63d7b3bac74821df8636c5d164879c,valid,0.076
/eos/experiment/milliqan/run3_MilliMon/slab/1600/Digitizer_run1640_subrun286.csv,286,d5ca122a78e84664bfb90d59514e66c1f2418f38929d032115f397e50b5bbdc2,valid,0.187
/eos/experiment/milliqan/run3_MilliMon/slab/1600/Digitizer_run1640_subrun287.csv,287,54038d12df745e6899bb86ceebf63e5dee73fe18454ed69d77b5726771e30073,valid,0.349
/eos/experiment/milliqan/run3_MilliMon/slab/1600/Digitizer_run1640_subrun288.csv,288,30541c28237b24eaa8871d9df617a99fc6167c845dbf8c0c904240f8a71ae4e4,valid,0.089
/eos/experiment/milliqan/run3_MilliMon/slab/1600/Digitizer_run1640_subrun289.csv,289,326f0890d82178b9b2e7dbaf6abe3b7ba490d9f3239bfec36260bc6e92699b98,valid,0.081
/eos/experiment/milliqan/run3_MilliMon/slab/1600/Digitizer_run1640_subrun290.csv,290,fa581b3d21caea28f59ca76cb20dedb729ae6501eb5780514b932106d89e83e7,valid,0.072
/eos/experiment/milliqan/run3_MilliMon/slab/1600/Digitizer_run1640_subrun291.csv,291,931762cca3224b935858e7d2d01d121baf3e258213ff73eb29800c373406fb1f,valid,0.085
/eos/experiment/milliqan/run3_MilliMon/slab/1600/Digitizer_run1640_subrun292.csv,292,abe4aa413b93669032f342993871972922e9cb525424bccf9f37ed57465e5a22,valid,0.111
/eos/experiment/milliqan/run3_MilliMon/slab/1600/Digitizer_run1640_subrun293.csv,293,c46d79f51cf6527e2e6c413bb61dbc1b14d6b1929976e271e86524c5b615b730,valid,0.073
/eos/experiment/milliqan/run3_MilliMon/slab/1600/Digitizer_run1640_subrun294.csv,294,196d47d758119253463bf5b707d6abba0eb2db42896faf2fa0c1c68fc863f483,valid,0.125
/eos/experiment/milliqan/run3_MilliMon/slab/1600/Digitizer_run1640_subrun295.csv,295,82a8022af460d9515fad3b6680f3cd54717f874d8c14aade44e74536d6f180e8,valid,0.072
/eos/experiment/milliqan/run3_MilliMon/slab/1600/Digitizer_run1640_subrun296.csv,296,8e996e4cdf03ae7b05e6e64eaba92d791fd31ebb65edbbdb3d86acb46c9495a4,valid,0.085
/eos/experiment/milliqan/run3_MilliMon/slab/1600/Digitizer_run1640_subrun297.csv,297,3e3634143a4bca96ef6aa55797ade3e04c3782e171f8f7b88b0920944d5877fe,valid,0.081
/eos/experiment/milliqan/run3_MilliMon/slab/1600/Digitizer_run1640_subrun298.csv,298,bd4e48a006839d06daf9d8efb881057b4c6db118813ff24101f9c171df1b56b0,valid,0.091
/eos/experiment/milliqan/run3_MilliMon/slab/1600/Digitizer_run1640_subrun299.csv,299,cac46343f16ef985d2bf8f7e023b246a5db5c347289f74837dd74cbbe63a4d1f,valid,0.081
/eos/experiment/milliqan/run3_MilliMon/slab/1600/Digitizer_run1640_subrun300.csv,300,093f46ed6a4b4591928da45b636ed1309c8afbb08ab9e715d7ea4f344d8a47d8,valid,0.144
/eos/experiment/milliqan/run3_MilliMon/slab/1600/Digitizer_run1640_subrun301.csv,301,db46f2bfb8108b8404cf6e289348b7720473855dce3e437db3d5cf2003a65353,valid,0.177
/eos/experiment/milliqan/run3_MilliMon/slab/1600/Digitizer_run1640_subrun302.csv,302,b5fd5abef391dc88ae10fc731ffebba77fd2e581aedacb916aeb415dd144baff,valid,0.245
/eos/experiment/milliqan/run3_MilliMon/slab/1600/Digitizer_run1640_subrun303.csv,303,0a37bedf6e5e45671cb94e2c06ac07f34c5c4095b6cf75797f7e4e07516a5213,valid,0.11
/eos/experiment/milliqan/run3_MilliMon/slab/1600/Digitizer_run1640_subrun304.csv,304,bf0589919572991a0f1d0461d45e289ef941a69eae2a5f2cab4a9da2bcbdb589,valid,0.071
/eos/experiment/milliqan/run3_MilliMon/slab/1600/Digitizer_run1640_subrun305.csv,305,d841d379ac9e00b99b56a88b0bf779a683d6b049cfcd32aae953599aa6dc2678,valid,0.074
/eos/experiment/milliqan/run3_MilliMon/slab/1600/Digitizer_run1640_subrun306.csv,306,1c922612aa38fc3947732adce81b751d9951dbd8ac5b05c515a8216a41e3cd9d,valid,0.099
/eos/experiment/milliqan/run3_MilliMon/slab/1600/Digitizer_run1640_subrun307.csv,307,fd686c909b23b30e06d1a66a31d612a41c2d9a33ad65c373e3af2b753fe06c90,valid,0.075
/eos/experiment/milliqan/run3_MilliMon/slab/1600/Digitizer_run1640_subrun308.csv,308,3e33f46bfe0dbc7a0afce9bec5f4e9c6e04d35f8c3413bc035f4da0b15a525ff,valid,0.189
/eos/experiment/milliqan/run3_MilliMon/slab/1600/Digitizer_run1640_subrun309.csv,309,c9f5dd678a3cbe9cf1b0966e5e0e6f5390c06d63ba03a165bded6ad87f906e16,valid,0.088
/eos/experiment/milliqan/run3_MilliMon/slab/1600/Digitizer_run1640_subrun310.csv,310,d802524c3e480a957f92b9406e9295f9a9014f5f387a60edfbbd5c3e3ba3da94,valid,0.096
/eos/experiment/milliqan/run3_MilliMon/slab/1600/Digitizer_run1640_subrun311.csv,311,c213a7d5504cd7aa1691098098c6cb897f39972ce0bb8e94c1670b50d05b0f0a,valid,0.106
/eos/experiment/milliqan/run3_MilliMon/slab/1600/Digitizer_run1640_subrun312.csv,312,e736a693bac86271d2fe6c7a0f8a27c0556e3dc023be53d36116c8d404d60ac8,valid,0.132
/eos/experiment/milliqan/run3_MilliMon/slab/1600/Digitizer_run1640_subrun313.csv,313,a11298c1635b6d8307427500a0ff8d68b98aa61a758011ec94a0f0a9eaf3e120,valid,0.089
/eos/experiment/milliqan/run3_MilliMon/slab/1600/Digitizer_run1640_subrun314.csv,314,ff460c906a860ac3cbaa32966b7a9f24ded370f143a7caada49b84c4cc405676,valid,0.083
/eos/experiment/milliqan/run3_MilliMon/slab/1600/Digitizer_run1640_subrun315.csv,315,1aa25932983f6df35916185d0e8bece21fc9082aab0fb1cdd5b29ed32b985fed,valid,0.086
/eos/experiment/milliqan/run3_MilliMon/slab/1600/Digitizer_run1640_subrun316.csv,316,ef267855cfa30a0003600bfe7d1e1ac9732a5ae3a41f218ccf6b99bc61faac2b,valid,0.181
/eos/experiment/milliqan/run3_MilliMon/slab/1600/Digitizer_run1640_subrun317.csv,317,b1b0228d2b529d6e85aa313fe737104f3463792f25666055e216273a05390299,valid,0.078
/eos/experiment/milliqan/run3_MilliMon/slab/1600/Digitizer_run1640_subrun318.csv,318,0654939b4540df0a8c87f8a202c41898bf0a491e61fc49f72ad2b5800844847d,valid,0.093
/eos/experiment/milliqan/run3_MilliMon/slab/1600/Digitizer_run1640_subrun319.csv,319,1b29c45ca2dfdd0cddad808a8e5cef4fafa72358b17197eacff473f03a624d11,valid,0.086
/eos/experiment/milliqan/run3_MilliMon/slab/1600/Digitizer_run1640_subrun320.csv,320,e9640e2a4ca6ca0f09e82b07557f31e636bc46c30d1b09f0ba0633d787e44563,valid,0.097
/eos/experiment/milliqan/run3_MilliMon/slab/1600/Digitizer_run1640_subrun321.csv,321,b2289d68e97e76e3c00a367c6556cc0d2e9832dc6bb6df984797e3d24ec463cc,valid,0.073
/eos/experiment/milliqan/run3_MilliMon/slab/1600/Digitizer_run1640_subrun322.csv,322,af0d7e641efd2b955e3d856e11ac34d67f5a9ec0f4667f4f36c5fa6577f5e2c2,valid,0.075
/eos/experiment/milliqan/run3_MilliMon/slab/1600/Digitizer_run1640_subrun323.csv,323,41631d34717a1bff38c2f03290a300827c92214b628c307753ba0ab2be0cd3f9,valid,0.127
/eos/experiment/milliqan/run3_MilliMon/slab/1600/Digitizer_run1640_subrun324.csv,324,3094c957943323c992ed18c85a0e638b11b8739ca9a7197e842509da41dddc03,valid,0.076
/eos/experiment/milliqan/run3_MilliMon/slab/1600/Digitizer_run1640_subrun325.csv,325,eb8a892b342c3105c181b9e566236492f6769cd706986f4da44aecf86abbf088,valid,0.075
/eos/experiment/milliqan/run3_MilliMon/slab/1600/Digitizer_run1640_subrun326.csv,326,7b152c5ae4f5b5d4db44ab15526ba3bc749c37a2fd4aa43a871539656548edcf,valid,0.087
/eos/experiment/milliqan/run3_MilliMon/slab/1600/Digitizer_run1640_subrun327.csv,327,d8337a90bbe071c0b42426ebca87f7fe284f6858d2c84794757d239090b36de9,valid,0.08
/eos/experiment/milliqan/run3_MilliMon/slab/1600/Digitizer_run1640_subrun328.csv,328,233e676ff0bd5dbf9b690efc7461381fe5fb1bae73f2ee7356eca45d68b15144,valid,0.106
/eos/experiment/milliqan/run3_MilliMon/slab/1600/Digitizer_run1640_subrun329.csv,329,c505d4292fd075933a7081c8313830994b1b3a95ae4cac46a51b75bccf4dfa41,valid,0.198
/eos/experiment/milliqan/run3_MilliMon/slab/1600/Digitizer_run1640_subrun330.csv,330,a5f0150bb03fffa60e701199cec6887068d495e6d3e6bcac26f7c0a6b6128191,valid,0.079
/eos/experiment/milliqan/run3_MilliMon/slab/1600/Digitizer_run1640_subrun331.csv,331,49d6ae91ed1441630b94aaad7bc29bd2600105ce642766873e411237d17b3301,valid,0.199
/eos/experiment/milliqan/run3_MilliMon/slab/1600/Digitizer_run1640_subrun332.csv,332,de1c2124ca5655fd49b637020a93f0f6b9b9bf0a5246cd40918632e1f97c43cf,valid,0.087
/eos/experiment/milliqan/run3_MilliMon/slab/1600/Digitizer_run1640_subrun333.csv,333,1cb4567aa54ff5006a8bf6d2737bf645f4ff2cf71e4254cafe778c87854a5205,valid,0.079
/eos/experiment/milliqan/run3_MilliMon/slab/1600/Digitizer_run1640_subrun334.csv,334,33aac0dd642efc832c577161cbb4d1d8b6d3f555ed7d31e8e0dafff821c4b18f,valid,0.09
/eos/experiment/milliqan/run3_MilliMon/slab/1600/Digitizer_run1640_subrun335.csv,335,0ddb91b1fabb3ea414510d9736db82a7dcffe7095d49b477c90ea9046b5a529b,valid,0.175
/eos/experiment/milliqan/run3_MilliMon/slab/1600/Digitizer_run1640_subrun336.csv,336,3013a077f9f9defebaf137e03007caee0066fa64defbfdaf14a6aa9463a2d44c,valid,0.845
/eos/experiment/milliqan/run3_MilliMon/slab/1600/Digitizer_run1640_subrun337.csv,337,e2a0df9180ce031ae28a33165fc237dceb762500de3221fe4158f362d8e13348,valid,0.079
/eos/experiment/milliqan/run3_MilliMon/slab/1600/Digitizer_run1640_subrun338.csv,338,8fae365e6e8b17d87f40134b96ebb0b87369727b4268bb898e7b8d14e8de6891,valid,0.271
/eos/experiment/milliqan/run3_MilliMon/slab/1600/Digitizer_run1640_subrun339.csv,339,ddf30bd5eff9e49c662d12eb2faaf97df8a9d3ac2b462e7bc297ade6cd184c39,valid,1.198
/eos/experiment/milliqan/run3_MilliMon/slab/1600/Digitizer_run1640_subrun340.csv,340,cf23c20201d94771a6dd345f36870f68f6b4b8f6dc8c7191a44b80d8cdc37dff,valid,0.083
/eos/experiment/milliqan/run3_MilliMon/slab/1600/Digitizer_run1640_subrun341.csv,341,824ff78bf0fdae4af05c9270e2668f293c70130be058e75bc4abc88bc0229845,valid,0.079
/eos/experiment/milliqan/run3_MilliMon/slab/1600/Digitizer_run1640_subrun342.csv,342,46fe7980f7f1b14d0c47bcb85b0cb1525f442bb2104ca76af74248e733df0246,valid,0.082
/eos/experiment/milliqan/run3_MilliMon/slab/1600/Digitizer_run1640_subrun343.csv,343,5287e651ffb91f17d3da31dde35bff8bb9d29bfb4c3f965f3485e30a64332dde,valid,0.078
/eos/experiment/milliqan/run3_MilliMon/slab/1600/Digitizer_run1640_subrun344.csv,344,6eebe235c3ce1ce17946423f0d53f4bc59e69f5668fc6f06413b739dc861a68f,valid,0.075
/eos/experiment/milliqan/run3_MilliMon/slab/1600/Digitizer_run1640_subrun345.csv,345,873d3338520715cb9bff4fbbe1a5d6e102d292392cefac4290a4749c4f00d5eb,valid,0.07
/eos/experiment/milliqan/run3_MilliMon/slab/1600/Digitizer_run1640_subrun346.csv,346,066c9e5045f17cf150892b79760581522743314ea544358b3af41fc41bee6ba8,valid,0.071
/eos/experiment/milliqan/run3_MilliMon/slab/1600/Digitizer_run1640_subrun347.csv,347,057320781387c6189a89d0f487da1ea284b1986ff8b840945f6312f94813c74b,valid,0.188
/eos/experiment/milliqan/run3_MilliMon/slab/1600/Digitizer_run1640_subrun348.csv,348,dbf54a7b650ecd2dbe8e934c569c3ffecac2dd5264c9df6a139527dff14ac68c,valid,0.09
/eos/experiment/milliqan/run3_MilliMon/slab/1600/Digitizer_run1640_subrun349.csv,349,07c85f98c5da606d18e693e2edfb72787eee1d3118141bf90a50db019a10bb13,valid,0.072
/eos/experiment/milliqan/run3_MilliMon/slab/1600/Digitizer_run1640_subrun350.csv,350,a7f4e344f5377695a99c677db087f1b63a0c1903c1976ef3daacf5c77050e8ad,valid,0.087
/eos/experiment/milliqan/run3_MilliMon/slab/1600/Digitizer_run1640_subrun351.csv,351,313d5f6e2caf738782dda4cb85cd62719ba76fd016c62f529e02f0c1fea2a745,valid,0.077
/eos/experiment/milliqan/run3_MilliMon/slab/1600/Digitizer_run1640_subrun352.csv,352,54c84847f23a2ce04e2069e66c269a3862fe3b8e7d8366dfbdccc189d1c34fbb,valid,0.092
/eos/experiment/milliqan/run3_MilliMon/slab/1600/Digitizer_run1640_subrun353.csv,353,4b86f7c059f461b13099a852c641e326bdcf638868a82b9995f469baa8c15e2b,valid,0.077
/eos/experiment/milliqan/run3_MilliMon/slab/1600/Digitizer_run1640_subrun354.csv,354,dbb3ff855510c4ab18bdcfbfa1298f144c3d370dd60d3cac8a9779a7f3f79a37,valid,0.089
/eos/experiment/milliqan/run3_MilliMon/slab/1600/Digitizer_run1640_subrun355.csv,355,84c3cbf8f1d2e0cc833ff75ffff006bb7459a16916f8692f4c11dabd76e52d17,valid,0.077
/eos/experiment/milliqan/run3_MilliMon/slab/1600/Digitizer_run1640_subrun356.csv,356,8c881bb47295b4ff71fddfcca95a82731877565529ddfc19247c51e7899448c2,valid,0.11
/eos/experiment/milliqan/run3_MilliMon/slab/1600/Digitizer_run1640_subrun357.csv,357,a72828e16d611001cbb3f9f04b5835f4346234ab4526372cee8de1d061bc84b6,valid,0.183
/eos/experiment/milliqan/run3_MilliMon/slab/1600/Digitizer_run1640_subrun358.csv,358,2f96ddc524329b29a1b2597d3b4001cdc01d7e3b8be898d12ccf33170219f4da,valid,0.078
/eos/experiment/milliqan/run3_MilliMon/slab/1600/Digitizer_run1640_subrun359.csv,359,032f4d64d8d3fe16d6249f01570e6c4751f98a6091e4e07e8736dfa0d97bf45e,valid,0.085
/eos/experiment/milliqan/run3_MilliMon/slab/1600/Digitizer_run1640_subrun360.csv,360,41e2cd3d06003e6752e9960a1b21e96da727e9813d641689ae1246e882799500,valid,0.068
/eos/experiment/milliqan/run3_MilliMon/slab/1600/Digitizer_run1640_subrun361.csv,361,612ce8f9c915a6b5ec95fce6bf053ff74ec2e3af1a0d9e149ac3d9493d4c6556,valid,0.095
/eos/experiment/milliqan/run3_MilliMon/slab/1600/Digitizer_run1640_subrun362.csv,362,cb5947d0fd7efdcc6f5940a81919ae9c3c19de5052ca83189cd2c9a1e644c2c1,valid,0.069
/eos/experiment/milliqan/run3_MilliMon/slab/1600/Digitizer_run1640_subrun363.csv,363,9f89e7336d03868afa7434dc0957d3d6703d7e8c889c32f0141443110a23c6eb,valid,0.091
/eos/experiment/milliqan/run3_MilliMon/slab/1600/Digitizer_run1640_subrun364.csv,364,55ee3662ba9f49eb47343bc5002e9b449c8c19f4e6994fb2851847cda2b8c5c7,valid,0.066
/eos/experiment/milliqan/run3_MilliMon/slab/1600/Digitizer_run1640_subrun365.csv,365,a22951fb6b20282bc672d3fe4b36b264a3498be360f6a883556c539624b57026,valid,0.083
/eos/experiment/milliqan/run3_MilliMon/slab/1600/Digitizer_run1640_subrun366.csv,366,24e969e0fde9bde64439f4ae7959bafadd3b3c892194abfcdccd0d0105a46382,valid,0.089
/eos/experiment/milliqan/run3_MilliMon/slab/1600/Digitizer_run1640_subrun367.csv,367,795990313b6260ba5a64c26f4d9e23e811a887512a44b1f17ed900ae42dc7b96,valid,0.077
/eos/experiment/milliqan/run3_MilliMon/slab/1600/Digitizer_run1640_subrun368.csv,368,7fc3b42be5dfa95a81cad549d5bb8f2af0b303af419f13c2923a35cf118f5b32,valid,0.089
/eos/experiment/milliqan/run3_MilliMon/slab/1600/Digitizer_run1640_subrun369.csv,369,155bde7b05c29ff2094dd65a79421419d79fb39d1fa5d08f96bd8f7160dcb289,valid,0.073
/eos/experiment/milliqan/run3_MilliMon/slab/1600/Digitizer_run1640_subrun370.csv,370,402c996d9596665cf51da0440ad0b4ff3efce4d42d8215f6d5ce46c4b83db7fd,valid,0.102
/eos/experiment/milliqan/run3_MilliMon/slab/1600/Digitizer_run1640_subrun371.csv,371,7f0052686d574030258c2a15157c811ec0d9d925b24b007f47915e3344d7077c,valid,0.089
/eos/experiment/milliqan/run3_MilliMon/slab/1600/Digitizer_run1640_subrun372.csv,372,c926e39d3927f726a4d7b7fd2f29db3683fa8f974ee0ad8dfcd860d6ed09f37d,valid,0.078
/eos/experiment/milliqan/run3_MilliMon/slab/1600/Digitizer_run1640_subrun373.csv,373,57e57e0dfd69e9bed8146bf35fd68ffa6960a86249cadb85db86acdd946a6533,valid,0.085
/eos/experiment/milliqan/run3_MilliMon/slab/1600/Digitizer_run1640_subrun374.csv,374,856542f1490fbff0f89ff53d250b7af4a9f1cf1a8164877c651b3321eed2a98a,valid,0.174
/eos/experiment/milliqan/run3_MilliMon/slab/1600/Digitizer_run1640_subrun375.csv,375,2b9ec2f64dc3995b4fa924cb8f49fa63a248b2a0b51c069a82c186a7c2d96dd1,valid,0.066
/eos/experiment/milliqan/run3_MilliMon/slab/1600/Digitizer_run1640_subrun376.csv,376,5de5cda5a33fdb04a15c71ae7ac779b6a511ec9dd8be4de275cc4b6dfea68c1d,valid,0.095
/eos/experiment/milliqan/run3_MilliMon/slab/1600/Digitizer_run1640_subrun377.csv,377,eb21d8a05411143de3988ae733243253dad6118944d70350b1ba8bddc30c022d,valid,0.076
/eos/experiment/milliqan/run3_MilliMon/slab/1600/Digitizer_run1640_subrun378.csv,378,89e642ce9a93157387feb9a5f425acdc3c7d2ecb2cfd711c8fa259426a987bb9,valid,0.075
/eos/experiment/milliqan/run3_MilliMon/slab/1600/Digitizer_run1640_subrun379.csv,379,d102f4b3c019ee3a8a02c41881dd6828ef08a60306e9067a158b1eb4313cac5d,valid,0.092
/eos/experiment/milliqan/run3_MilliMon/slab/1600/Digitizer_run1640_subrun380.csv,380,3e8a4f33d3397cc6ac9127880f450b578bde4548537be771f92baf6b18ae39e5,valid,0.079
/eos/experiment/milliqan/run3_MilliMon/slab/1600/Digitizer_run1640_subrun381.csv,381,91f57c3d2d41c11f6ed1a51711ab578a7faee9d15a7c99f8ba036223d945e504,valid,0.074
/eos/experiment/milliqan/run3_MilliMon/slab/1600/Digitizer_run1640_subrun382.csv,382,7eeac32c369b8397d45e5083af1bdb268d3189fdcbbca48b6678e350993692ef,valid,0.074
/eos/experiment/milliqan/run3_MilliMon/slab/1600/Digitizer_run1640_subrun383.csv,383,26e586bac00cd89de06cc076d860d0c1229dc74575167db8e65c4352be121589,valid,0.077
/eos/experiment/milliqan/run3_MilliMon/slab/1600/Digitizer_run1640_subrun384.csv,384,1f96729742c8394c92fdf1a56467098ca4bf6e44df8d8d292b057a31d3ddac45,valid,0.059
/eos/experiment/milliqan/run3_MilliMon/slab/1600/Digitizer_run1640_subrun385.csv,385,a77735e0f49b8f552c45323950156cef5bd1b012d2160306ea781bb66ed53d79,valid,0.105
/eos/experiment/milliqan/run3_MilliMon/slab/1600/Digitizer_run1640_subrun386.csv,386,58c78f91fc80abf6d4c077223b1f17fc01ad08e6d9c7667c80ae93487125523f,valid,0.088
/eos/experiment/milliqan/run3_MilliMon/slab/1600/Digitizer_run1640_subrun387.csv,387,b34a57ebfbac5b9de1566f3c500bc49405e2c19ecbc1ea4e900fec29095183c8,valid,0.119
/eos/experiment/milliqan/run3_MilliMon/slab/1600/Digitizer_run1640_subrun388.csv,388,1b23c4cb190087d40f5347c128ed229fc5db4a5dabb55614610c3e034d922956,valid,0.084
/eos/experiment/milliqan/run3_MilliMon/slab/1600/Digitizer_run1640_subrun389.csv,389,c505555e2dadc15d856e00315336c5c4413533287ce949c71f838b4068cffe8a,valid,0.322
/eos/experiment/milliqan/run3_MilliMon/slab/1600/Digitizer_run1640_subrun390.csv,390,857906b5225313cec57c9827ca6949a326db3c56d67e9bb13ddc61f82d622db4,valid,0.08
/eos/experiment/milliqan/run3_MilliMon/slab/1600/Digitizer_run1640_subrun391.csv,391,a818be946b5ccbcacf2c0c54561efecb8f6d2ff0d7c3f9c87b51fc76ba7f3c71,valid,0.078
/eos/experiment/milliqan/run3_MilliMon/slab/1600/Digitizer_run1640_subrun392.csv,392,9b576f6cc989250129e4d0f9659e02d2c205f12f12395079e505ebf14a767503,valid,0.086
/eos/experiment/milliqan/run3_MilliMon/slab/1600/Digitizer_run1640_subrun393.csv,393,db38f2052141b74737e7e79fb1a064ece94967f18917871b3e7d4692449a4033,valid,0.071
/eos/experiment/milliqan/run3_MilliMon/slab/1600/Digitizer_run1640_subrun394.csv,394,2f96a7aaf7cd0adb0bf05f51666ba002f92cd540e760e2790a1cee26c633ef5a,valid,0.087
/eos/experiment/milliqan/run3_MilliMon/slab/1600/Digitizer_run1640_subrun395.csv,395,d3b6246dc45ad1c4eea3520cc48132de60c4483f8571789c51bfc579dc21493c,valid,0.082
/eos/experiment/milliqan/run3_MilliMon/slab/1600/Digitizer_run1640_subrun396.csv,396,e5daa081315f67e355b392cb926dc9c535ae2913090f69fc3dcea29042d55a74,valid,0.075
/eos/experiment/milliqan/run3_MilliMon/slab/1600/Digitizer_run1640_subrun397.csv,397,81079ef8d4b5211fcd995ad084d992c4633fe5bab41e7a52b279f0cc28699be5,valid,0.079
/eos/experiment/milliqan/run3_MilliMon/slab/1600/Digitizer_run1640_subrun398.csv,398,67a645242527a5536051d873174b91e87519db74ad2d4b8be475e22077f8866a,valid,0.096
/eos/experiment/milliqan/run3_MilliMon/slab/1600/Digitizer_run1640_subrun399.csv,399,634779b2d45beeef11e7c7398ac1f9ede377954680292a50c28c783f36936637,valid,0.07
/eos/experiment/milliqan/run3_MilliMon/slab/1600/Digitizer_run1640_subrun400.csv,400,4fc13ef683853e73ac0909d77ddfa85a0d0b1ffe331aa934a27de7dbfd4b0e82,valid,0.112
/eos/experiment/milliqan/run3_MilliMon/slab/1600/Digitizer_run1640_subrun401.csv,401,cc4fbca14a02b44493da752788b9000ba202b22ccc98e336d43e6ed2358002e2,valid,0.102
/eos/experiment/milliqan/run3_MilliMon/slab/1600/Digitizer_run1640_subrun402.csv,402,6fb1bf8382f5705b127111af9079c81274e50403decd6b9e5df993c9e45399d0,valid,0.073
/eos/experiment/milliqan/run3_MilliMon/slab/1600/Digitizer_run1640_subrun403.csv,403,9a944cbaba7645fa828cb39c526ade79d8b3d87fc7fe8707699c283583a07875,valid,0.069
/eos/experiment/milliqan/run3_MilliMon/slab/1600/Digitizer_run1640_subrun404.csv,404,0d68a32772003443cd38b8ca143030d9f1d5edb6d064b3bc0e9f254ed942cb00,valid,0.08
/eos/experiment/milliqan/run3_MilliMon/slab/1600/Digitizer_run1640_subrun405.csv,405,f4997ff1477c31bf6a69d1354eac1294bb012b3cb09508fcc04a028438206a57,valid,0.108
/eos/experiment/milliqan/run3_MilliMon/slab/1600/Digitizer_run1640_subrun406.csv,406,84d5cd11d1dbeb41e4f1333a02a46808b47706fc46b47415f0a2224daf0fa82a,valid,0.079
/eos/experiment/milliqan/run3_MilliMon/slab/1600/Digitizer_run1640_subrun407.csv,407,2ecae7af588443ffc1d5d3313c64f635f5c37ed8b69d3864b434c263ddfe0f4d,valid,0.102
/eos/experiment/milliqan/run3_MilliMon/slab/1600/Digitizer_run1640_subrun408.csv,408,743ea0dd96e4cd9741213c26ab8a62e562c146c8187ffcc8b7b79a0f369a2b99,valid,0.08
/eos/experiment/milliqan/run3_MilliMon/slab/1600/Digitizer_run1640_subrun409.csv,409,4b623c8bd233e519a28520e010386af697b8cfe92ee1d673abe51f3ed952871b,valid,0.079
/eos/experiment/milliqan/run3_MilliMon/slab/1600/Digitizer_run1640_subrun410.csv,410,531ccdf67d1c03708cd8e5c419fdab81cf990dd1729bb41692cf9abcdda39ada,valid,0.084
/eos/experiment/milliqan/run3_MilliMon/slab/1600/Digitizer_run1640_subrun411.csv,411,7c83fd6ab7a4cef74a42a83399f8eee6c08571f4b22d0bfb19f29a8612088fc2,valid,0.183
/eos/experiment/milliqan/run3_MilliMon/slab/1600/Digitizer_run1640_subrun412.csv,412,8e60faf4690774666282755e35de9980918d07320ef195ae731bb153df81d130,valid,0.174
/eos/experiment/milliqan/run3_MilliMon/slab/1600/Digitizer_run1640_subrun413.csv,413,1a967ee7f198d50a2b6fda18c5b9645924d77f8b29c5d21f23b396a2cc66c8f1,valid,0.2
/eos/experiment/milliqan/run3_MilliMon/slab/1600/Digitizer_run1640_subrun414.csv,414,f615c019a324f53fe5f6bb0c9979ade554d60160a8c3cb9c088c743ac99b6806,valid,0.075
/eos/experiment/milliqan/run3_MilliMon/slab/1600/Digitizer_run1640_subrun415.csv,415,fdf193aaaac2ecd3715e620e97a725ae908eb6c27ae7fa7a1d9fce2644ed5f13,valid,0.079
/eos/experiment/milliqan/run3_MilliMon/slab/1600/Digitizer_run1640_subrun416.csv,416,fddda7db3f720cb04b97e01b6d94b569b351ba0bc60c2ecbb885128cb5c3f26b,valid,0.071
/eos/experiment/milliqan/run3_MilliMon/slab/1600/Digitizer_run1640_subrun417.csv,417,6dd948b734d93eb4c577f0736db2e86cb82d751cfcad261211a9c3dbda27baf7,valid,0.091
/eos/experiment/milliqan/run3_MilliMon/slab/1600/Digitizer_run1640_subrun418.csv,418,fd5dff8c2c6776d2728e567a97a425e7929b16ed479b2a951cc1f06adb3fb325,valid,0.073
/eos/experiment/milliqan/run3_MilliMon/slab/1600/Digitizer_run1640_subrun419.csv,419,56ec86618e1f66df5ebb4d57836c2cc53f4ef063edddd4c687eeb62271ecc4a7,valid,0.156
/eos/experiment/milliqan/run3_MilliMon/slab/1600/Digitizer_run1640_subrun420.csv,420,d14a82122a7a9fa6e58bdee419457995c1b109bf6263aa388acc0b985df61b8f,valid,0.09
/eos/experiment/milliqan/run3_MilliMon/slab/1600/Digitizer_run1640_subrun421.csv,421,f6974e915d2152a105e356c6a2307b2581ed0ab3677f085e99b06bbb632fa7e7,valid,0.19
/eos/experiment/milliqan/run3_MilliMon/slab/1600/Digitizer_run1640_subrun422.csv,422,43c547a62a9e45cdd85b7459fb275fb570443e57d159594b904b2dfdbca303b9,valid,0.076
/eos/experiment/milliqan/run3_MilliMon/slab/1600/Digitizer_run1640_subrun423.csv,423,98e648ca348f837655dd12de2fbf3e9d12b3a839121883ed163fa3191f7dab7f,valid,0.078
/eos/experiment/milliqan/run3_MilliMon/slab/1600/Digitizer_run1640_subrun424.csv,424,b81aa6bbc890df03d4b86cd9f2e12ae28f02525f2d297996bd61e49ba33f84f6,valid,0.081
/eos/experiment/milliqan/run3_MilliMon/slab/1600/Digitizer_run1640_subrun425.csv,425,2201e61edaa233013eb1749eb61258bfd48dffc9f3c1c9d220369cdd34dbad06,valid,0.108
/eos/experiment/milliqan/run3_MilliMon/slab/1600/Digitizer_run1640_subrun426.csv,426,6377a399911aaebcbfaf32ca44417be325df255e44cc8af529b6f5289d799af4,valid,0.098
/eos/experiment/milliqan/run3_MilliMon/slab/1600/Digitizer_run1640_subrun427.csv,427,4f321495b2bcb145030eda47774b5982e7a539edc73e90b855598285ead900cd,valid,0.084
/eos/experiment/milliqan/run3_MilliMon/slab/1600/Digitizer_run1640_subrun428.csv,428,39c9e0a7c6a5c638f9eb78e7fc1b028db07c3f3c0430ae1c8510908afbb0f99d,valid,0.073
/eos/experiment/milliqan/run3_MilliMon/slab/1600/Digitizer_run1640_subrun429.csv,429,79baa27475260bf2fb23e3fc2aecb42e7a94361ac557e4e973ebdb49926dd837,valid,0.087
/eos/experiment/milliqan/run3_MilliMon/slab/1600/Digitizer_run1640_subrun430.csv,430,bb3f3bba7315463f0906810aebbd0496ce996a529ff6903be325effd21841a8a,valid,0.086
/eos/experiment/milliqan/run3_MilliMon/slab/1600/Digitizer_run1640_subrun431.csv,431,3f0c7a0c225b2cb48d3e710922acb8f6c2ee7fddd0a894280bdfe9552a0bcaa1,valid,0.076
/eos/experiment/milliqan/run3_MilliMon/slab/1600/Digitizer_run1640_subrun432.csv,432,8e30d3caa3e2e32c47bffe4a86d2107ca31339991307a1b111ebb54388946bba,valid,0.08
/eos/experiment/milliqan/run3_MilliMon/slab/1600/Digitizer_run1640_subrun433.csv,433,6302f9c471fce7c59a65ae864f91117f06df21dde70dde6667a5ed02dae5ef06,valid,0.071
/eos/experiment/milliqan/run3_MilliMon/slab/1600/Digitizer_run1640_subrun434.csv,434,4ff58adec344681587986308157dceee3a45f8c418615b534ba8bed9854b86c6,valid,0.083
/eos/experiment/milliqan/run3_MilliMon/slab/1600/Digitizer_run1640_subrun435.csv,435,8f56ccd0004aabb6324f0c75e032d79aa73d977a296180d1d1832e6c8019da4b,valid,0.074
/eos/experiment/milliqan/run3_MilliMon/slab/1600/Digitizer_run1640_subrun436.csv,436,9f39817454436f2c1e69ca19db1e7e770cba43dc621e4c4783161d961a245484,valid,0.085
/eos/experiment/milliqan/run3_MilliMon/slab/1600/Digitizer_run1640_subrun437.csv,437,93eb30ff9da92af42997f14ab914b94da88d126d4b02868f62a18e31ec58d20c,valid,0.077
/eos/experiment/milliqan/run3_MilliMon/slab/1600/Digitizer_run1640_subrun438.csv,438,43f2a676929008f3af9d678f09cdb6ebdd8a4953c1b933517f88c4080e15b82f,valid,0.185
/eos/experiment/milliqan/run3_MilliMon/slab/1600/Digitizer_run1640_subrun439.csv,439,7ff5a419c296fbbee26e65885ff4f844b43c9caff34cc8035c92452fafd62b27,valid,0.076
/eos/experiment/milliqan/run3_MilliMon/slab/1600/Digitizer_run1640_subrun440.csv,440,fff046de0597bc2dae76ed87f49d9d53b758d0b4a2898e4b07923c94d1745ecf,valid,0.174
/eos/experiment/milliqan/run3_MilliMon/slab/1600/Digitizer_run1640_subrun441.csv,441,f9e9c834cfca8c60a68f9cecd3c3ffcf85b19ecaf593d0e6bdf1da60831c5986,valid,0.069
/eos/experiment/milliqan/run3_MilliMon/slab/1600/Digitizer_run1640_subrun442.csv,442,e20daf418902c4abe9478bc3512941d4d5b5c44719e4cc12a750c472e890f08f,valid,0.075
/eos/experiment/milliqan/run3_MilliMon/slab/1600/Digitizer_run1640_subrun443.csv,443,84d6c673c5490979e1f6905d3bbcd20797bbb3f6b04bc1d754b4cf3f6fee9af9,valid,0.072
/eos/experiment/milliqan/run3_MilliMon/slab/1600/Digitizer_run1640_subrun444.csv,444,9c73e4369bfac42ab40248348607de9384488c517605a93e0bc555bfa2e41b00,valid,0.093
/eos/experiment/milliqan/run3_MilliMon/slab/1600/Digitizer_run1640_subrun445.csv,445,cb60a2032b0a8270671f0a6fb3c4285e292cf6faf52cfe49d8a0a9451f6c865e,valid,0.076
/eos/experiment/milliqan/run3_MilliMon/slab/1600/Digitizer_run1640_subrun446.csv,446,b27eeb93b4ef543319c8edd386984cf4a51af577afe33be904f1dbfaabf44793,valid,0.086
/eos/experiment/milliqan/run3_MilliMon/slab/1600/Digitizer_run1640_subrun447.csv,447,0fd0abcae1fe5b87753d19fc21c525461e540d3b501f0accf72ba8f831a9c476,valid,0.091
/eos/experiment/milliqan/run3_MilliMon/slab/1600/Digitizer_run1640_subrun448.csv,448,ece061dc1305fb7eeea6b39ee4a7de43820c49be74d37caec924907bd2536aa0,valid,0.079
/eos/experiment/milliqan/run3_MilliMon/slab/1600/Digitizer_run1640_subrun449.csv,449,f57c6d312618ba58e805be8b07e294334dc4c39d883629c5b3787e92ce8747f3,valid,0.19
/eos/experiment/milliqan/run3_MilliMon/slab/1600/Digitizer_run1640_subrun450.csv,450,9845e4272cf77c1d02f36e26b41349631cb267b8cc101da0b0545bd4c1a6258c,valid,0.109
/eos/experiment/milliqan/run3_MilliMon/slab/1600/Digitizer_run1640_subrun451.csv,451,cba9350f842f6a991fb0af396f3eb7ec22063d1048ee09962fd60ac0b9220526,valid,0.07
/eos/experiment/milliqan/run3_MilliMon/slab/1600/Digitizer_run1640_subrun452.csv,452,b0974cf679eee2471cffc072d9dd586b017b27112995223d881ffec2b8d192a8,valid,0.179
/eos/experiment/milliqan/run3_MilliMon/slab/1600/Digitizer_run1640_subrun453.csv,453,d98e4d7e5f95df3031fe01d642c6cd93783fa36290a45aeadb684f695941b1b3,valid,0.066
/eos/experiment/milliqan/run3_MilliMon/slab/1600/Digitizer_run1640_subrun454.csv,454,00ecf9e3d6e4ab3a7e1ff586f572e59f3bd7bee423c3f2d9f99927b975fe48df,valid,0.081
/eos/experiment/milliqan/run3_MilliMon/slab/1600/Digitizer_run1640_subrun455.csv,455,ee06fa24859cf9b1b1b66faa11993a0c780135f2e6bf8b6d3fac38cc4f1eefb4,valid,0.078
/eos/experiment/milliqan/run3_MilliMon/slab/1600/Digitizer_run1640_subrun456.csv,456,ba12eef87dcf3bc80e241f54b7d8ca6b536abccea72cd22902dea7f20a51c511,valid,0.081
/eos/experiment/milliqan/run3_MilliMon/slab/1600/Digitizer_run1640_subrun457.csv,457,fc03a05797838b7080493509e12054fae07e82b04e510dc624b1762b90de010e,valid,0.102
/eos/experiment/milliqan/run3_MilliMon/slab/1600/Digitizer_run1640_subrun458.csv,458,50034a6b96f6fd1db52df38ca276e01259061cebc06f2fd2f0b09228b53d630a,valid,0.075
/eos/experiment/milliqan/run3_MilliMon/slab/1600/Digitizer_run1640_subrun459.csv,459,c50ee7aa7c63d1bf026acae2d0faf0e4518329c1621afc6008c79bfa20e8ea0b,valid,0.078
/eos/experiment/milliqan/run3_MilliMon/slab/1600/Digitizer_run1640_subrun460.csv,460,704388e16cc917361383601bfe18e4bac039fe80baa97fa008741a1fd39f6689,valid,0.093
/eos/experiment/milliqan/run3_MilliMon/slab/1600/Digitizer_run1640_subrun461.csv,461,a2ca00eb833cb7d0cf56062920bc02ed7e98a1122f1926a8d322d1fa08dd3b81,valid,0.079
/eos/experiment/milliqan/run3_MilliMon/slab/1600/Digitizer_run1640_subrun462.csv,462,315191f1ffa93d674f691a32141cdc24f8797591e9c18cc60e63f928b12f42e3,valid,0.083
/eos/experiment/milliqan/run3_MilliMon/slab/1600/Digitizer_run1640_subrun463.csv,463,0af67703a5c3de37b14a5066e25e184e7064261c13537e758c978129ce9778ab,valid,0.078
/eos/experiment/milliqan/run3_MilliMon/slab/1600/Digitizer_run1640_subrun464.csv,464,711bb9bd10155da501e2c18cc5c8d023566b898ec57e469ffad5ab88b04333b3,valid,0.073
/eos/experiment/milliqan/run3_MilliMon/slab/1600/Digitizer_run1640_subrun465.csv,465,28d322c1d0297d280d7e0735a4d213fe73f8e6edee18c783f3859952c919f923,valid,0.082
/eos/experiment/milliqan/run3_MilliMon/slab/1600/Digitizer_run1640_subrun466.csv,466,653a5b12aa610468076ff96eaf80d9020ec7f05242984f76a3fc945176cf02e6,valid,0.08
/eos/experiment/milliqan/run3_MilliMon/slab/1600/Digitizer_run1640_subrun467.csv,467,d70882283c940cabb60a08c4e140b2ae7ee1b6af6b4d825b5d6e961badc471f0,valid,0.08
/eos/experiment/milliqan/run3_MilliMon/slab/1600/Digitizer_run1640_subrun468.csv,468,f2b81ccde431ffcf03c54bcf6907aacf0fbdf7c3f378bb77dd9ac6535a045ea9,valid,0.089
/eos/experiment/milliqan/run3_MilliMon/slab/1600/Digitizer_run1640_subrun469.csv,469,3901ee07896cbb2ea5ee0f270556eca3f132cf337a0231199cbd674943c7d646,valid,0.073
/eos/experiment/milliqan/run3_MilliMon/slab/1600/Digitizer_run1640_subrun470.csv,470,3e4dd8a3930c8958432cb89e08edfe684544f0b24b0ba2d73cccc5d3576b70c0,valid,0.089
/eos/experiment/milliqan/run3_MilliMon/slab/1600/Digitizer_run1640_subrun471.csv,471,2f419d01cb178497e3e435fd66cf5e1f2ba83cd620844f05036cb0d895440e46,valid,0.088
/eos/experiment/milliqan/run3_MilliMon/slab/1600/Digitizer_run1640_subrun472.csv,472,a7c94f136702e43fff62b6a5a535af37f72119178f750869c22456c3832ce027,valid,0.103
/eos/experiment/milliqan/run3_MilliMon/slab/1600/Digitizer_run1640_subrun473.csv,473,2c878f9e9655c571b5df5379aba1bb21fc54510a4f6a67a002805d300244d88a,valid,0.087
/eos/experiment/milliqan/run3_MilliMon/slab/1600/Digitizer_run1640_subrun474.csv,474,ea01080821134ba383d8e23f2347e2fb668778b1a5d6caa133830df308f5e4af,valid,0.204
/eos/experiment/milliqan/run3_MilliMon/slab/1600/Digitizer_run1640_subrun475.csv,475,4e1d6e3173bfb6396cc9d311858f1e60a1231277a8991c9fb3190a6c38c82ea7,valid,0.085
/eos/experiment/milliqan/run3_MilliMon/slab/1600/Digitizer_run1640_subrun476.csv,476,d6774c7a383d262c350e66e297ac0c8001556ec3659d0970e4a5fbb777caffd1,valid,0.098
/eos/experiment/milliqan/run3_MilliMon/slab/1600/Digitizer_run1640_subrun477.csv,477,ed4d88274773068747a3c866712cc1f44b53834663fc862e706280cd4d5f1b92,valid,0.103
/eos/experiment/milliqan/run3_MilliMon/slab/1600/Digitizer_run1640_subrun478.csv,478,dabb91d50425e694c6b5185e27802cf81a32bf6517d892b8ff6bd212ff5f5dd3,valid,0.086
/eos/experiment/milliqan/run3_MilliMon/slab/1600/Digitizer_run1640_subrun479.csv,479,b8152ad504ead05583bba0f968123fda656394850f9e41a717118b43d155de4a,valid,0.085
/eos/experiment/milliqan/run3_MilliMon/slab/1600/Digitizer_run1640_subrun480.csv,480,b5108135b3a869be2d62c0f27adcf8980eafbd123a83badcf7fd2e54379c5fc1,valid,0.116
/eos/experiment/milliqan/run3_MilliMon/slab/1600/Digitizer_run1640_subrun481.csv,481,26c0b88e6593226acf82eec1a1b90b5063373d997fc559ab0351a03549389da3,valid,0.18
/eos/experiment/milliqan/run3_MilliMon/slab/1600/Digitizer_run1640_subrun482.csv,482,db9087e217af3895c01762221d06c42481221b0ec40c08ad21660774517ef064,valid,0.106
/eos/experiment/milliqan/run3_MilliMon/slab/1600/Digitizer_run1640_subrun483.csv,483,772e9ee5f947df2038925f0a015408ff90054f417aff0c09ad3c6250b8299e03,valid,0.092
/eos/experiment/milliqan/run3_MilliMon/slab/1600/Digitizer_run1640_subrun484.csv,484,fa7bf2e8bf0ad3cca55031fedf55272361af262135d3c44a8d0f3e525b7d6030,valid,0.079
/eos/experiment/milliqan/run3_MilliMon/slab/1600/Digitizer_run1640_subrun485.csv,485,b71469c80857d744e3e4c212b9c437cd42c22feba3f16fe0317920bf9a58f55d,valid,0.076
/eos/experiment/milliqan/run3_MilliMon/slab/1600/Digitizer_run1640_subrun486.csv,486,afc892c8fd1215682fa8f15b05a6cba3fac6134ae6e92e8f59f101bbb08d0cd7,valid,0.095
/eos/experiment/milliqan/run3_MilliMon/slab/1600/Digitizer_run1640_subrun487.csv,487,785e7c2f64afc256feb7c9dda0cfb652c1df10c788c088a1f4fb332aaa011459,valid,0.086
/eos/experiment/milliqan/run3_MilliMon/slab/1600/Digitizer_run1640_subrun488.csv,488,ece4f24bf28b6498daf688aa69c35bf429463056fb1cd8207b61647c28471e7e,valid,0.078
/eos/experiment/milliqan/run3_MilliMon/slab/1600/Digitizer_run1640_subrun489.csv,489,d1f6322368675789a60fd967ce72c4313c850920836bfaf4a27ae0343adaf04c,valid,0.074
/eos/experiment/milliqan/run3_MilliMon/slab/1600/Digitizer_run1640_subrun490.csv,490,c24e57c85ad2341dc668a683360d82db5b0d3875bb77fe974f212ca1a3a9a5ed,valid,0.085
/eos/experiment/milliqan/run3_MilliMon/slab/1600/Digitizer_run1640_subrun491.csv,491,c0a43107d51a0501325a371ba91fe5c9f120fac68c239f3400869bde60e515d5,valid,0.181
/eos/experiment/milliqan/run3_MilliMon/slab/1600/Digitizer_run1640_subrun492.csv,492,43a0313bee8a3040edba97f886c6a0ff958b09efdcaddb4aeff133c8f2555a95,valid,0.105
/eos/experiment/milliqan/run3_MilliMon/slab/1600/Digitizer_run1640_subrun493.csv,493,48af13fac083b5978799d3e81cc49e51567eb540f7245361aaec2ead9f0979f3,valid,0.08
/eos/experiment/milliqan/run3_MilliMon/slab/1600/Digitizer_run1640_subrun494.csv,494,f1c48317a54f5a992170d02a233b70c84cc21a703647098e12176d0af65a0aca,valid,0.085
/eos/experiment/milliqan/run3_MilliMon/slab/1600/Digitizer_run1640_subrun495.csv,495,e67e260b86d763d798b95cf475c5638aaf95d4f84edb15216390f6152b9b12a0,valid,0.092
/eos/experiment/milliqan/run3_MilliMon/slab/1600/Digitizer_run1640_subrun496.csv,496,ffa4b2240993b9b3a9a33c01f602e32c3e7924c67f84077211d1bc41fe6c7294,valid,0.082
/eos/experiment/milliqan/run3_MilliMon/slab/1600/Digitizer_run1640_subrun497.csv,497,743c827d4c707bbecb9616a5bc9c1e068676610d69eb098ec66829ff547fc090,valid,0.121
/eos/experiment/milliqan/run3_MilliMon/slab/1600/Digitizer_run1640_subrun498.csv,498,1c0d07ffd5e9565d14dd60eca7a1f8d1a95d7024c15a5df204f04de3a253e70d,valid,0.08
/eos/experiment/milliqan/run3_MilliMon/slab/1600/Digitizer_run1640_subrun499.csv,499,48c9808fe94156b3482acdc34f247240a1ef6234adf8cef1ce1122d94b56d9c6,valid,0.154
/eos/experiment/milliqan/run3_MilliMon/slab/1600/Digitizer_run1640_subrun500.csv,500,191c4adcaf62a8515c7a6952b7c02c604eaf438fae37eefe1fed26851dc1385e,valid,0.122
/eos/experiment/milliqan/run3_MilliMon/slab/1600/Digitizer_run1640_subrun501.csv,501,279b5695133607901aba6109106208b1c7f512b83b893508db8a155914fa892a,valid,0.083
/eos/experiment/milliqan/run3_MilliMon/slab/1600/Digitizer_run1640_subrun502.csv,502,e8c003e56d94f9de349a8284507a8d7a3039f73b8497b47b34d2a87e402a6e4a,valid,0.093
/eos/experiment/milliqan/run3_MilliMon/slab/1600/Digitizer_run1640_subrun503.csv,503,50628173095fb0e9bf225a5805449f6112d28d1215fd25da32b15d05f3bd265f,valid,0.077
/eos/experiment/milliqan/run3_MilliMon/slab/1600/Digitizer_run1640_subrun504.csv,504,7b34fde34755fbb494e67bc6d444e93aa68c94efb937f8ef309d4e35d16f2423,valid,0.111
/eos/experiment/milliqan/run3_MilliMon/slab/1600/Digitizer_run1640_subrun505.csv,505,235e2747400662aa0a47b55852f00d79d5d9d28b307c8fa97dd4b6279a290a32,valid,0.107
/eos/experiment/milliqan/run3_MilliMon/slab/1600/Digitizer_run1640_subrun506.csv,506,33b7babb73f5fc098b4b06ee41eba63a91c575204d0b2c7e1a8f54992a9edb86,valid,0.087
/eos/experiment/milliqan/run3_MilliMon/slab/1600/Digitizer_run1640_subrun507.csv,507,e09d7f0bde3f3bbc8b23d8da2d8c8a6c7c704e4f1d1a3723cc803f31a0e9edb1,valid,0.086
/eos/experiment/milliqan/run3_MilliMon/slab/1600/Digitizer_run1640_subrun508.csv,508,866811d61f5252157690d41ebcea7d6bfc43e721098f6dfc1c095f38d70d2296,valid,0.081
/eos/experiment/milliqan/run3_MilliMon/slab/1600/Digitizer_run1640_subrun509.csv,509,b4f011c20bea694d1a13fa1b2b546d92d7cc3c305029ebff5164176783149ce8,valid,0.087
/eos/experiment/milliqan/run3_MilliMon/slab/1600/Digitizer_run1640_subrun510.csv,510,bdc1a766794865dfdc777f09dcfa9eb3dfd3484566b86d1de2f9852499b84aff,valid,0.082
/eos/experiment/milliqan/run3_MilliMon/slab/1600/Digitizer_run1640_subrun511.csv,511,887bad1067bb9615427ade8715bd27573f7ba2f7288542dceb36100061fd104c,valid,0.086
/eos/experiment/milliqan/run3_MilliMon/slab/1600/Digitizer_run1640_subrun512.csv,512,7ddd21c5583781b6d9a8de9a24fa324fcfbdd33b8cb12f8b3bb01aab8c50af18,valid,0.086
/eos/experiment/milliqan/run3_MilliMon/slab/1600/Digitizer_run1640_subrun513.csv,513,19a720d938e4bf307848fb04044551ec8eb5426b9afdeedcdcc76a54ef519681,valid,0.091
/eos/experiment/milliqan/run3_MilliMon/slab/1600/Digitizer_run1640_subrun514.csv,514,4e7c7fd25d8dbb4dc9e741bf546ca3d169de11b8b72117eea666bf80905edda9,valid,0.114
/eos/experiment/milliqan/run3_MilliMon/slab/1600/Digitizer_run1640_subrun515.csv,515,95b63f720864c94df50f2d202c944acaeb5ba46034913e61a781a823504c9725,valid,0.081
/eos/experiment/milliqan/run3_MilliMon/slab/1600/Digitizer_run1640_subrun516.csv,516,328fdbe84c138e031d0b0d3135180b0fb3180ae55ec6b9d53268a033f22566c0,valid,0.08
/eos/experiment/milliqan/run3_MilliMon/slab/1600/Digitizer_run1640_subrun517.csv,517,2bf56b7cc6b4b2d83cc7b27c0e9af199d52a4e3823a869f9eb382ee518e768f5,valid,0.086
/eos/experiment/milliqan/run3_MilliMon/slab/1600/Digitizer_run1640_subrun518.csv,518,002297516a4b7e1f81153c4aba6e3cf4a61574af2498c7a2e67c77a4cb7059d8,valid,0.085
/eos/experiment/milliqan/run3_MilliMon/slab/1600/Digitizer_run1640_subrun519.csv,519,221a00b87c450d68600cbc371598826c279e08f3596130370bf28fd63ef3885c,valid,0.085
/eos/experiment/milliqan/run3_MilliMon/slab/1600/Digitizer_run1640_subrun520.csv,520,625b0bf78910bc5d9848e703ad7a96a77b4e8288198e7c4addd58c1c59785995,valid,0.084
/eos/experiment/milliqan/run3_MilliMon/slab/1600/Digitizer_run1640_subrun521.csv,521,771912288aca3670a61bee6fc7e49326fe89e6a5733ad495e75b3ec609c96b73,valid,0.08
/eos/experiment/milliqan/run3_MilliMon/slab/1600/Digitizer_run1640_subrun522.csv,522,357148b76226122d04122cf26fe1fb419e3730bb7a903009e83a0616ed087f7e,valid,0.068
/eos/experiment/milliqan/run3_MilliMon/slab/1600/Digitizer_run1640_subrun523.csv,523,9c836b3322bed353aa75701c4f66a64ef7c2660fae2e47a10f443fe9ccd8b67f,valid,0.078
/eos/experiment/milliqan/run3_MilliMon/slab/1600/Digitizer_run1640_subrun524.csv,524,993caf55e2b8c2de9fe95eaa7337a24ae1ec880a93edda255caedf43e4ec7846,valid,0.074
/eos/experiment/milliqan/run3_MilliMon/slab/1600/Digitizer_run1640_subrun525.csv,525,0e19e9ff7e4eb37efcc8ed383c153858eea4377c97861c52df3c0e6411eb92e8,valid,0.088
/eos/experiment/milliqan/run3_MilliMon/slab/1600/Digitizer_run1640_subrun526.csv,526,b9c1aad198cecbc7f770a85f9bbc68382895e33a6126b0f1d4979d24bc5124fd,valid,0.085
/eos/experiment/milliqan/run3_MilliMon/slab/1600/Digitizer_run1640_subrun527.csv,527,a0da52b6528ed62d7655ef0ea6d0c1b95aabca4067466f00b7d46a981a8a168a,valid,0.072
/eos/experiment/milliqan/run3_MilliMon/slab/1600/Digitizer_run1640_subrun528.csv,528,1f30a77c610576b625e4896b931052a027e235c477249d14ab515a2a7881e510,valid,0.093
/eos/experiment/milliqan/run3_MilliMon/slab/1600/Digitizer_run1640_subrun529.csv,529,8d0113ee6c19ded9bd029ba63aac26a05457788cf7bd97a7a88eb01d604bc870,valid,0.078
/eos/experiment/milliqan/run3_MilliMon/slab/1600/Digitizer_run1640_subrun530.csv,530,21ce26e8d7c12e11268642592df5132ba3c42bc51686a8d8fcc03992bffd289d,valid,0.088
/eos/experiment/milliqan/run3_MilliMon/slab/1600/Digitizer_run1640_subrun531.csv,531,03a897ee9aea505be88565d8d4d02ad71834919e1482ee1a8605e18f19b7e440,valid,0.081
/eos/experiment/milliqan/run3_MilliMon/slab/1600/Digitizer_run1640_subrun532.csv,532,f641f9f4500581c3fea4de6469b29f547290514daeb83ecf8b57b4a005c91654,valid,0.083
/eos/experiment/milliqan/run3_MilliMon/slab/1600/Digitizer_run1640_subrun533.csv,533,2496bc5631218c4c3cf8bcbd8ed1712c94e51e2b9aacc660975b97371edde8c9,valid,0.082
/eos/experiment/milliqan/run3_MilliMon/slab/1600/Digitizer_run1640_subrun534.csv,534,eca0fb25943d8523366ad657c340d868761478a3ca55e4eafac37b0026a1ed8e,valid,0.072
/eos/experiment/milliqan/run3_MilliMon/slab/1600/Digitizer_run1640_subrun535.csv,535,cdb250ddc5a454e0f36a41f0fc66947014c824c1af754042b9d485dca1946802,valid,0.179
/eos/experiment/milliqan/run3_MilliMon/slab/1600/Digitizer_run1640_subrun536.csv,536,dd2036a645234c2f0b32efdd655d8d85e62f1c2b7b3d8494121e174998215e15,valid,0.078
/eos/experiment/milliqan/run3_MilliMon/slab/1600/Digitizer_run1640_subrun537.csv,537,faf75bf43e3cac4e372e7c24bd0e294ae8e26701fd9394687eac6736d061204e,valid,0.077
/eos/experiment/milliqan/run3_MilliMon/slab/1600/Digitizer_run1640_subrun538.csv,538,2b50eb304b1dd0940ed9f3243af9b6cb76a2d284338e1ff7c5c09e96ed85cbb4,valid,0.084
/eos/experiment/milliqan/run3_MilliMon/slab/1600/Digitizer_run1640_subrun539.csv,539,0c9e4ae7f6798cbdbde50ba0f8ab845572caf1316d544547f731897d2ad132ca,valid,0.179
/eos/experiment/milliqan/run3_MilliMon/slab/1600/Digitizer_run1640_subrun540.csv,540,0f147a8c4cf2cc96107d6dee09bc5a69d234d44da85f2ed25c8b2abde1a9d0f1,valid,0.081
/eos/experiment/milliqan/run3_MilliMon/slab/1600/Digitizer_run1640_subrun541.csv,541,b0fafc228921960ca35aa6171c21122a4bb7cceb25d8b60aead8a5ec78f9d9a9,valid,0.075
/eos/experiment/milliqan/run3_MilliMon/slab/1600/Digitizer_run1640_subrun542.csv,542,e06dc7c1f2979ba901026f3645af215f336fdbebbd0bcfee5c47874a03fafbca,valid,0.086
/eos/experiment/milliqan/run3_MilliMon/slab/1600/Digitizer_run1640_subrun543.csv,543,64561fcae6da19aa6fed6f24bdddb3e36de4993785f8b9a8ed024c4474c0e09c,valid,0.084
/eos/experiment/milliqan/run3_MilliMon/slab/1600/Digitizer_run1640_subrun544.csv,544,a8aa977d01a864490d3c2deb81f77a564bc035ad31fabf340a091743685cbd25,valid,0.074
/eos/experiment/milliqan/run3_MilliMon/slab/1600/Digitizer_run1640_subrun545.csv,545,385a9bd88fe34367383007477743476b7e6981aec63d012f715d773cb9062ba4,valid,0.078
/eos/experiment/milliqan/run3_MilliMon/slab/1600/Digitizer_run1640_subrun546.csv,546,cf41a1946b358694859b2a3a2517f938be17cb940edab9faaf621c307bb7a8b1,valid,0.185
/eos/experiment/milliqan/run3_MilliMon/slab/1600/Digitizer_run1640_subrun547.csv,547,510ec225618f14669b76fca31c57a0cbe4e01cf6d86696741e3ec62733dc1498,valid,0.078
/eos/experiment/milliqan/run3_MilliMon/slab/1600/Digitizer_run1640_subrun548.csv,548,c679fa26805cb5ad4df86e96d9b2c70700f53ae5770937206d5417390fe93f6b,valid,0.22
/eos/experiment/milliqan/run3_MilliMon/slab/1600/Digitizer_run1640_subrun549.csv,549,68f53ed5b8861d6c60bfbf0f4e23f96887da8ecd78a63ac7ecae5ec7c97cea6e,valid,0.075
/eos/experiment/milliqan/run3_MilliMon/slab/1600/Digitizer_run1640_subrun550.csv,550,9c6041e53d05929a83be966b405e86692e2b8dff80245b4ef711d320287e41ed,valid,0.098
/eos/experiment/milliqan/run3_MilliMon/slab/1600/Digitizer_run1640_subrun551.csv,551,72e17d7ef154f00b77445b79ff6bcbdc702d4b83393036cae55c7f5d8952a818,valid,0.178
/eos/experiment/milliqan/run3_MilliMon/slab/1600/Digitizer_run1640_subrun552.csv,552,674fa9393742329baa1e08a190fcd9e71000370086ab81ae8714b137da726a4d,valid,0.072
/eos/experiment/milliqan/run3_MilliMon/slab/1600/Digitizer_run1640_subrun553.csv,553,e7212a13e61c957f5916464d1f633e92924ac59cbdc1941505619749925ade8d,valid,0.122
/eos/experiment/milliqan/run3_MilliMon/slab/1600/Digitizer_run1640_subrun554.csv,554,002bb3ffe0f87e0272325a9f72f64191a32ac99abc688df116bcb9a6c74846d5,valid,0.077
/eos/experiment/milliqan/run3_MilliMon/slab/1600/Digitizer_run1640_subrun555.csv,555,de9b5c5db19c3b721c93f42cd3dabb926ac84ba21e604134a56118c90ec65a6d,valid,0.173
/eos/experiment/milliqan/run3_MilliMon/slab/1600/Digitizer_run1640_subrun556.csv,556,789ce8cdb9ee8e9e55796af96d9dec925a112bb9177dc9e5c3aed4482ec21ffe,valid,0.09
/eos/experiment/milliqan/run3_MilliMon/slab/1600/Digitizer_run1640_subrun557.csv,557,e4e98accbc951ac17c787e9f1d9976e9f60356d49c49171a135cac9d01049016,valid,0.077
/eos/experiment/milliqan/run3_MilliMon/slab/1600/Digitizer_run1640_subrun558.csv,558,d72011e57161aa3cf2f81001936ac5250cbd67d409bc9d6ec339f4213a0fffca,valid,0.075
/eos/experiment/milliqan/run3_MilliMon/slab/1600/Digitizer_run1640_subrun559.csv,559,477564b27ba0691ad8b5494aa69e68425b17ba6afe19959da6e536dc8e791e3c,valid,0.086
/eos/experiment/milliqan/run3_MilliMon/slab/1600/Digitizer_run1640_subrun560.csv,560,a118c8f6b67a662fcf01e83c4c7627fe259fd04eea507f592697c1385d05293c,valid,0.08
/eos/experiment/milliqan/run3_MilliMon/slab/1600/Digitizer_run1640_subrun561.csv,561,835984b3cf96d26adfa0226643319db1bdf61251a076c36fbf17932fd22251d6,valid,0.101
/eos/experiment/milliqan/run3_MilliMon/slab/1600/Digitizer_run1640_subrun562.csv,562,f31596d69977a638489bc475199b7996b0fa2484bcb0ba1a24e4af12f14429f9,valid,0.084
/eos/experiment/milliqan/run3_MilliMon/slab/1600/Digitizer_run1640_subrun563.csv,563,7fcc22d937bb7226a38516b8b1e69dd2def4d22e06c490366e670025b8053adb,valid,0.072
/eos/experiment/milliqan/run3_MilliMon/slab/1600/Digitizer_run1640_subrun564.csv,564,a2e311c7c54a984b7419c617ceff2b4bf92baf856bb21afcdb35b0c9bc168062,valid,0.079
/eos/experiment/milliqan/run3_MilliMon/slab/1600/Digitizer_run1640_subrun565.csv,565,8f3401f32f527834b7a7cd8294cb2364543c7509f751b912a8d517374225864d,valid,0.081
/eos/experiment/milliqan/run3_MilliMon/slab/1600/Digitizer_run1640_subrun566.csv,566,f37dcc260a8fd5f05bddc7dadc9dec7ffda8be103d008e36f4deaafe180a5f82,valid,0.077
/eos/experiment/milliqan/run3_MilliMon/slab/1600/Digitizer_run1640_subrun567.csv,567,96caccbe9af985234b4756e99f56de8a7ecb9b0767def57b03cd516ebf3b0ca5,valid,0.09
/eos/experiment/milliqan/run3_MilliMon/slab/1600/Digitizer_run1640_subrun568.csv,568,8802d93869d9bf4340c3c683c5c3f674b5ebbf3c3a0dc800c95e9d08a0326691,valid,0.075
/eos/experiment/milliqan/run3_MilliMon/slab/1600/Digitizer_run1640_subrun569.csv,569,26170ad4ef0caa572f3dc325b853337cb238603a85500854a60a54653557ad7b,valid,0.097
/eos/experiment/milliqan/run3_MilliMon/slab/1600/Digitizer_run1640_subrun570.csv,570,3ca7ee135918bf2801d1c74e0b09bea9a14d5b98fa349840dcbea56958b7f11e,valid,0.085
/eos/experiment/milliqan/run3_MilliMon/slab/1600/Digitizer_run1640_subrun571.csv,571,26f417a5f250ebf2da99f31fa29a8db1387ef2e1bdb34f3a53fc9c1974ce14f1,valid,0.078
/eos/experiment/milliqan/run3_MilliMon/slab/1600/Digitizer_run1640_subrun572.csv,572,96d38cdd4b90bdf67da90991276e0f422bb9a333e4595ef07fb5c9774314b1a6,valid,0.172
/eos/experiment/milliqan/run3_MilliMon/slab/1600/Digitizer_run1640_subrun573.csv,573,5db922cfefc1eaa5ecaa2944f8f66d82952222738715572a9ca451643dd2d331,valid,0.078
/eos/experiment/milliqan/run3_MilliMon/slab/1600/Digitizer_run1640_subrun574.csv,574,dc0bbb15bfa1c054748d3c0eba3ebbdb0fabeb67fec4cdba37ed1d03c2077a8c,valid,0.079
/eos/experiment/milliqan/run3_MilliMon/slab/1600/Digitizer_run1640_subrun575.csv,575,71903b3adbf58a2da6aca73c704a73d9ccb1932882a20bee0f410c2865c18745,valid,0.068
/eos/experiment/milliqan/run3_MilliMon/slab/1600/Digitizer_run1640_subrun576.csv,576,67b8f103d93837487dc984a9ac10da9f033b855e253a416f2bd57287519a5368,valid,0.106
/eos/experiment/milliqan/run3_MilliMon/slab/1600/Digitizer_run1640_subrun577.csv,577,b06a7c61ef7876d12998d3ececcbad2b06923f8d3803f9c09b6039dceb2dc630,valid,0.085
/eos/experiment/milliqan/run3_MilliMon/slab/1600/Digitizer_run1640_subrun578.csv,578,c5eb2ceca9924fe3543a7e0e249dc602e56ecc672e554e674923f4b165b3c942,valid,0.101
/eos/experiment/milliqan/run3_MilliMon/slab/1600/Digitizer_run1640_subrun579.csv,579,642e5d3421735f12d105215cb91f113a732de03d335f1db36d131e31ca162143,valid,0.086
/eos/experiment/milliqan/run3_MilliMon/slab/1600/Digitizer_run1640_subrun580.csv,580,0822ba579e9c68fde73843aa05050df016e4562d54ab911f8d1951268075c34d,valid,0.086
/eos/experiment/milliqan/run3_MilliMon/slab/1600/Digitizer_run1640_subrun581.csv,581,94f3e7f1502693615736c7ea19827fc2986c2e011f9ef3349a0c893f49f3f5f0,valid,0.25
/eos/experiment/milliqan/run3_MilliMon/slab/1600/Digitizer_run1640_subrun582.csv,582,8133909d0133a91016847e001644182c1d10f5d10e9222edd554880f5b63451d,valid,0.072
/eos/experiment/milliqan/run3_MilliMon/slab/1600/Digitizer_run1640_subrun583.csv,583,391216f5afdc53385c8b9b22c7ed6e87b0fd47be0b5ace0c92433ca7e8744481,valid,0.174
/eos/experiment/milliqan/run3_MilliMon/slab/1600/Digitizer_run1640_subrun584.csv,584,fc94d19e782bb93b1691426ad2dadb51eefc485a5d2da7687d662c37b8b15045,valid,0.085
/eos/experiment/milliqan/run3_MilliMon/slab/1600/Digitizer_run1640_subrun585.csv,585,8c730b7e7ca623633701893de9607c20c29a327279e0fb35c86e861dc86d6969,valid,0.184
/eos/experiment/milliqan/run3_MilliMon/slab/1600/Digitizer_run1640_subrun586.csv,586,fd9a53452191856f5fb3ce649bc1e32bd9604828f373e7d099250979dc56c32a,valid,0.088
/eos/experiment/milliqan/run3_MilliMon/slab/1600/Digitizer_run1640_subrun587.csv,587,5f6f9df0c50068777e0c8cfa824c5754bd1bacac6a7acd1e3c813c3c41781301,valid,0.074
/eos/experiment/milliqan/run3_MilliMon/slab/1600/Digitizer_run1640_subrun588.csv,588,0fc3f801d509676f21c4556bc018dcb4256ce39b245547895338c6204439d589,valid,0.081
/eos/experiment/milliqan/run3_MilliMon/slab/1600/Digitizer_run1640_subrun589.csv,589,fb8aff21954a1c0aee152261035ff2daf6a38a9836cabbc9c7be750e7dfbcab3,valid,0.081
/eos/experiment/milliqan/run3_MilliMon/slab/1600/Digitizer_run1640_subrun590.csv,590,7ec100900ed62b2ffa7861e96eefa8bd424e6a769c6309d7a92aa38f68b6b0ca,valid,0.089
/eos/experiment/milliqan/run3_MilliMon/slab/1600/Digitizer_run1640_subrun591.csv,591,f2f1d731b705fbfe4cef9257ac76b477ffe43e5d5a044dea6c5db49d42ee97b4,valid,0.107
/eos/experiment/milliqan/run3_MilliMon/slab/1600/Digitizer_run1640_subrun592.csv,592,e0ade0d77396fdfe455aeef0e0ab8190247eaa8278ebea46ddb5568dc021da8e,valid,0.094
/eos/experiment/milliqan/run3_MilliMon/slab/1600/Digitizer_run1640_subrun593.csv,593,f628da4df60415c0c257276b3d2299974426cba900807a6c04e7d93b37e244cf,valid,0.085
/eos/experiment/milliqan/run3_MilliMon/slab/1600/Digitizer_run1640_subrun594.csv,594,ca698c8aef8440f6d353398f37da9c543f7f6e431207937ac60ef05d398ec541,valid,0.079
/eos/experiment/milliqan/run3_MilliMon/slab/1600/Digitizer_run1640_subrun595.csv,595,11aa940d6fb567e13c8a378319548a26531be906ceec27fea4b30f8365534cdd,valid,0.104
/eos/experiment/milliqan/run3_MilliMon/slab/1600/Digitizer_run1640_subrun596.csv,596,5351d84cf3be538aed09ce5e86469c6a76735ace69edb431cad0ed3ebefdcc76,valid,0.091
/eos/experiment/milliqan/run3_MilliMon/slab/1600/Digitizer_run1640_subrun597.csv,597,9ab6bbb9ae394fa7ba735c9071f18ed14f01b872512e0b935074af86f9d6794f,valid,0.081
/eos/experiment/milliqan/run3_MilliMon/slab/1600/Digitizer_run1640_subrun598.csv,598,7b5065e1169ed75c2f593df308fe6be439552b5f6e5f69e28ed7c2291a149a2c,valid,0.092
/eos/experiment/milliqan/run3_MilliMon/slab/1600/Digitizer_run1640_subrun599.csv,599,f303a6ab7f310d6aa02ebf712767c9340fe4d273d193fd9c006f5b17bf294643,valid,0.081
/eos/experiment/milliqan/run3_MilliMon/slab/1600/Digitizer_run1640_subrun600.csv,600,f19a99bc0032e6d7f13cef5edb4bdc4634dd69eb7f97418beafce817dd26baf1,valid,0.078
/eos/experiment/milliqan/run3_MilliMon/slab/1600/Digitizer_run1640_subrun601.csv,601,b17cfa791729ee7e716036ebeade12abdddad1f5dfc639bf45e35fe002e53095,valid,0.077
/eos/experiment/milliqan/run3_MilliMon/slab/1600/Digitizer_run1640_subrun602.csv,602,f737e90a5d9ae274f400e4409dcb50518178d19081943b9edb854ff507db1e32,valid,0.075
/eos/experiment/milliqan/run3_MilliMon/slab/1600/Digitizer_run1640_subrun603.csv,603,6ad3e17d43f5243c85712af4169e8e9aa7c703c4a078a954de1e863ece513f51,valid,0.071
/eos/experiment/milliqan/run3_MilliMon/slab/1600/Digitizer_run1640_subrun604.csv,604,d835177a2c2f8f586eedc9207d45cc03fbb6f70d185a652e3c8c782ab297239f,valid,0.096
/eos/experiment/milliqan/run3_MilliMon/slab/1600/Digitizer_run1640_subrun605.csv,605,abd122baded701215338a68eea07d966559062b951731c38d76fc09e22468644,valid,0.082
/eos/experiment/milliqan/run3_MilliMon/slab/1600/Digitizer_run1640_subrun606.csv,606,40a06eed74531de72b941db963e71ca30e34b30c6504cd2c3fc54f405c4ca713,valid,0.089
/eos/experiment/milliqan/run3_MilliMon/slab/1600/Digitizer_run1640_subrun607.csv,607,9b44ad4fc0c31478cbb6aa6faba16bf9c25e774b7468d54a80b27b492770232d,valid,0.093
/eos/experiment/milliqan/run3_MilliMon/slab/1600/Digitizer_run1640_subrun608.csv,608,5ea1120fa47ba47c6cafa5fa3fdfae927edfcc82c5eecdbfed336ce4e6e59af6,valid,0.074
/eos/experiment/milliqan/run3_MilliMon/slab/1600/Digitizer_run1640_subrun609.csv,609,fdafdb9a734dbc1438c38cf90ec784a3352371b9ec6e364a1d52a2123f437c23,valid,0.096
/eos/experiment/milliqan/run3_MilliMon/slab/1600/Digitizer_run1640_subrun610.csv,610,b9f1cf49ec69beba00e12c190469d428cfcfb7ef9b77302acfd5f5f08dbd1324,valid,0.07
/eos/experiment/milliqan/run3_MilliMon/slab/1600/Digitizer_run1640_subrun611.csv,611,3d002f91c22879e7a1834cee45afa4220ab81e3aa6731127b758328a7e682a74,valid,0.075
/eos/experiment/milliqan/run3_MilliMon/slab/1600/Digitizer_run1640_subrun612.csv,612,60142e4cb20847aba6b590392a1291e198c1d34cb629b96fb6b6865867d89737,valid,0.1
/eos/experiment/milliqan/run3_MilliMon/slab/1600/Digitizer_run1640_subrun613.csv,613,5f87e536fc1dea0632465c9247e538d7b7ef7180b5feb23c0156a7d243f3e35a,valid,0.085
/eos/experiment/milliqan/run3_MilliMon/slab/1600/Digitizer_run1640_subrun614.csv,614,1047906952ce34ba2769728ef3dfe973890a3044645d637ba1ccb280040a4838,valid,0.078
/eos/experiment/milliqan/run3_MilliMon/slab/1600/Digitizer_run1640_subrun615.csv,615,822ac962dc500d06c2a30979aed1d372b013582cbc24ce7647aef299f39a913f,valid,0.19
/eos/experiment/milliqan/run3_MilliMon/slab/1600/Digitizer_run1640_subrun616.csv,616,e1e38869110aac550ebc5b27f82f1c2f40681ffa74e06d9347c44a5cb17f4cec,valid,0.076
/eos/experiment/milliqan/run3_MilliMon/slab/1600/Digitizer_run1640_subrun617.csv,617,f34daf9f6a45ea1eeeff0066cfab7df92b1ab71f009b21b962f7be5f9fa04682,valid,0.169
/eos/experiment/milliqan/run3_MilliMon/slab/1600/Digitizer_run1640_subrun618.csv,618,34c32eb076520738a8ac0c3996143eb283cacd0c2caebeeb985deb56dc55025d,valid,0.081
/eos/experiment/milliqan/run3_MilliMon/slab/1600/Digitizer_run1640_subrun619.csv,619,42c07419976084b2dff9604f5d43170e935fd0315770c7bddcc05aff132937d1,valid,0.09
/eos/experiment/milliqan/run3_MilliMon/slab/1600/Digitizer_run1640_subrun620.csv,620,477c1b2d63bd23567d4515f7ae7b96d19f09efb92a8a57ddb223bb0149a26f37,valid,0.072
/eos/experiment/milliqan/run3_MilliMon/slab/1600/Digitizer_run1640_subrun621.csv,621,e14846613b8fb8cb1362e7b39d4c7ca656eea756322b13aec4a4a7c492717cd8,valid,0.098
/eos/experiment/milliqan/run3_MilliMon/slab/1600/Digitizer_run1640_subrun622.csv,622,0e2bc15ddaca6f75f4cf8d83bcc4e9d3e76f4edac0518fe08ece5e79bab38913,valid,0.071
/eos/experiment/milliqan/run3_MilliMon/slab/1600/Digitizer_run1640_subrun623.csv,623,f879c726c04d0b5e839d0acb9200bec28a92579ad6b28a82c67b88e1d9495f45,valid,0.079
/eos/experiment/milliqan/run3_MilliMon/slab/1600/Digitizer_run1640_subrun624.csv,624,35d6287df8ac7d154287936b1c46f949cda695d7740a56d09a41f457935ca7de,valid,0.073
/eos/experiment/milliqan/run3_MilliMon/slab/1600/Digitizer_run1640_subrun625.csv,625,501caa2ac6c637f33e1845713a543e0ea724a8e656b9257fc39a862a8c8d7221,valid,0.095
/eos/experiment/milliqan/run3_MilliMon/slab/1600/Digitizer_run1640_subrun626.csv,626,9614cb62fc9f3c30198c547e2d78e8c7109fc8f73f3ce02ab2c9df27c9f66eec,valid,0.095
/eos/experiment/milliqan/run3_MilliMon/slab/1600/Digitizer_run1640_subrun627.csv,627,cf247ffa01acf76ca2949e5924ae81ae9f372b16a4bdaa06ddf8705cfd50dc65,valid,0.095
/eos/experiment/milliqan/run3_MilliMon/slab/1600/Digitizer_run1640_subrun628.csv,628,14beda081adab1c65b6c101cb1fbcbca93e735b2c64cb88eebaf7c027ea852b3,valid,0.091
/eos/experiment/milliqan/run3_MilliMon/slab/1600/Digitizer_run1640_subrun629.csv,629,5c527d8602201d0e73ce0deab3c51b61f56533bb8db6ea3792926ac0f280d9d8,valid,0.093
/eos/experiment/milliqan/run3_MilliMon/slab/1600/Digitizer_run1640_subrun630.csv,630,eb1a09b566fa676af190b2774ad5509bbd903529a716016fe1fd5ba8526a2b5b,valid,0.138
/eos/experiment/milliqan/run3_MilliMon/slab/1600/Digitizer_run1640_subrun631.csv,631,83c8ac4e82169c0e282d7bfa875ef1802f31c3f608f09431a8db1a78c2859723,valid,0.094
/eos/experiment/milliqan/run3_MilliMon/slab/1600/Digitizer_run1640_subrun632.csv,632,42095c43b4f984e40006353a8e3e90418d7e888c73a1c4e1abc549e169cc7210,valid,0.189
/eos/experiment/milliqan/run3_MilliMon/slab/1600/Digitizer_run1640_subrun633.csv,633,5c3878979739f15bca1ac744db895f9195924f36c417e817c7aa371f50f65e0c,valid,0.089
/eos/experiment/milliqan/run3_MilliMon/slab/1600/Digitizer_run1640_subrun634.csv,634,2c4d57d9159d25379303555b1b7eae70f218e5508ea4c0756edbd9947ff40e72,valid,0.09
/eos/experiment/milliqan/run3_MilliMon/slab/1600/Digitizer_run1640_subrun635.csv,635,9cead1d49e51ccadd359ccce4282933bbb49134b3f32f575d81f9d1c750ea941,valid,0.084
/eos/experiment/milliqan/run3_MilliMon/slab/1600/Digitizer_run1640_subrun636.csv,636,cd76cd9a27c022e85ecb2324514813b7bbece5e1a7315b2ee81779bfef5d47c8,valid,0.076
/eos/experiment/milliqan/run3_MilliMon/slab/1600/Digitizer_run1640_subrun637.csv,637,a81b234cf2e094a1f7151765521e1bc37bb2d1c8a133430443615f63f8723000,valid,0.074
/eos/experiment/milliqan/run3_MilliMon/slab/1600/Digitizer_run1640_subrun638.csv,638,ac022ea70530ad6fee4017748e9cca76e8a48db90cb5adda5b1f90c6728fb93e,valid,0.082
/eos/experiment/milliqan/run3_MilliMon/slab/1600/Digitizer_run1640_subrun639.csv,639,d2ee0d19fd522c9b51da0872ca0aa8ea45493e41e316d0ac5dce1d92e1ed7d48,valid,0.079
/eos/experiment/milliqan/run3_MilliMon/slab/1600/Digitizer_run1640_subrun640.csv,640,41e0967288fcceaadad36d61bdfbc4931ec14943d6d3a2e31a398d3558b9d296,valid,0.078
/eos/experiment/milliqan/run3_MilliMon/slab/1600/Digitizer_run1640_subrun641.csv,641,c8194e62d7bbd2e3898651ffb0c51d3c9a6c648c0fe10192939cdb924ad0bf31,valid,0.079
/eos/experiment/milliqan/run3_MilliMon/slab/1600/Digitizer_run1640_subrun642.csv,642,9707eb1720043b065191c36e6371fa399f8f10cc260ca9cfd7c75e70b232fcfc,valid,0.073
/eos/experiment/milliqan/run3_MilliMon/slab/1600/Digitizer_run1640_subrun643.csv,643,aa795ad0c3b3a7b844faac3e6eab0cb5a5a9e1eac07f7824b66784f9b1957977,valid,0.073
/eos/experiment/milliqan/run3_MilliMon/slab/1600/Digitizer_run1640_subrun644.csv,644,6867bc96b4f9c37aff7ef6e7457b3d12c014ac844d6a936082db0e06558e2587,valid,0.083
/eos/experiment/milliqan/run3_MilliMon/slab/1600/Digitizer_run1640_subrun645.csv,645,2370bf75824f4aa12bd1ffaba23ea03b8636bd7ad7566781d6322e439c67fbc4,valid,0.07
/eos/experiment/milliqan/run3_MilliMon/slab/1600/Digitizer_run1640_subrun646.csv,646,e9195b9224cee2ff11bab8c1446c4571dbfa9dfc6952ea674d02f191fb17b7ff,valid,0.182
/eos/experiment/milliqan/run3_MilliMon/slab/1600/Digitizer_run1640_subrun647.csv,647,6afdda331ce44834752a8e1eb2af160255a236e2dfa4408d4b62f366ec85932d,valid,0.073
/eos/experiment/milliqan/run3_MilliMon/slab/1600/Digitizer_run1640_subrun648.csv,648,a0dc6ea7937c50303dfbddb1075519b5b67725f54a0e0517978f53ed82343da5,valid,0.079
/eos/experiment/milliqan/run3_MilliMon/slab/1600/Digitizer_run1640_subrun649.csv,649,cd156bfd0af6e7056e57b5077d0072ccbcdac300289f76c682e6d0355e8eecce,valid,0.219
/eos/experiment/milliqan/run3_MilliMon/slab/1600/Digitizer_run1640_subrun650.csv,650,a1d8e0c644c930f98a5a1112a1ec7cb0dc207bb73e3a8be64c42e93a77feee3d,valid,0.076
/eos/experiment/milliqan/run3_MilliMon/slab/1600/Digitizer_run1640_subrun651.csv,651,706bf6a1b58cd51009963cea54d13b34f728e0fd568bf0e95493dc98a565faf8,valid,0.091
/eos/experiment/milliqan/run3_MilliMon/slab/1600/Digitizer_run1640_subrun652.csv,652,8d40a8e9c900227136fd8226f3c062703e0cdace521d8f86f682c2976f0a5f9f,valid,0.083
/eos/experiment/milliqan/run3_MilliMon/slab/1600/Digitizer_run1640_subrun653.csv,653,ab56b35a400294161f67e1e47a14c3054fb12636d0225f096cfcc64d7a824c6a,valid,0.084
/eos/experiment/milliqan/run3_MilliMon/slab/1600/Digitizer_run1640_subrun654.csv,654,78c37baf50bc1f40781924d551e181d4c1743c43f60dfae4b5053e06688032ba,valid,0.08
/eos/experiment/milliqan/run3_MilliMon/slab/1600/Digitizer_run1640_subrun655.csv,655,ec1153e1d3aefdb292b35bad1e12506cde15b56b959855c036374d407144bc10,valid,0.087
/eos/experiment/milliqan/run3_MilliMon/slab/1600/Digitizer_run1640_subrun656.csv,656,8b2ecc63ee6febb3fcc46f38123d00007e1fe6adfb1790f165f655567d378766,valid,0.077
/eos/experiment/milliqan/run3_MilliMon/slab/1600/Digitizer_run1640_subrun657.csv,657,e25da5cd6b39c89bc3ef4fe18c0e0436752c2689e42bfddb45eb2ab8a58309ce,valid,0.079
/eos/experiment/milliqan/run3_MilliMon/slab/1600/Digitizer_run1640_subrun658.csv,658,e63699d6b12292234471eb19a0946f14a41633ac4f7c8e2b7f3b49ff42369aba,valid,0.063
/eos/experiment/milliqan/run3_MilliMon/slab/1600/Digitizer_run1640_subrun659.csv,659,94e17e6e1eaa813a5f85c62aa61681f4c639bebbddd95e6df922ae5637ace34d,valid,0.073
/eos/experiment/milliqan/run3_MilliMon/slab/1600/Digitizer_run1640_subrun660.csv,660,37f647e03e4b507286c39f93087bd118a5ddfc240c63597e60ab0547c6db24a8,valid,0.093
/eos/experiment/milliqan/run3_MilliMon/slab/1600/Digitizer_run1640_subrun661.csv,661,e87e41622c4ebd08372676da232fdeb6e3ba4fbe7f836ee21d05ddf99b0484b2,valid,0.076
/eos/experiment/milliqan/run3_MilliMon/slab/1600/Digitizer_run1640_subrun662.csv,662,38adb50b5153c53eab3f3caec50c227697aa66fcce3850a5b9e880d98af09e35,valid,0.071
/eos/experiment/milliqan/run3_MilliMon/slab/1600/Digitizer_run1640_subrun663.csv,663,f20465300562c75d4f8afa3d2bf16aa263d016c554d340ba755164515ea18a84,valid,0.094
/eos/experiment/milliqan/run3_MilliMon/slab/1600/Digitizer_run1640_subrun664.csv,664,16a5e93d1ecb03faa538ec47058bf9f6c0859538c9945e5b10c1e86b9f2e9ccc,valid,0.084
/eos/experiment/milliqan/run3_MilliMon/slab/1600/Digitizer_run1640_subrun665.csv,665,7fb889c2b2fe2bd5616024fd0fea033cfc11c37eec591b63b9ec2535b65ea40d,valid,0.24
/eos/experiment/milliqan/run3_MilliMon/slab/1600/Digitizer_run1640_subrun666.csv,666,8a4990d59e460315fcba0e11a2b548dc69e9542953994281f6ddcd1299557d1d,valid,0.081
/eos/experiment/milliqan/run3_MilliMon/slab/1600/Digitizer_run1640_subrun667.csv,667,dd86e7516958822e5a1de6f3bd21b60784d1ed87cd8dc3af536104a479de90b8,valid,0.09
/eos/experiment/milliqan/run3_MilliMon/slab/1600/Digitizer_run1640_subrun668.csv,668,420bd845fdb31bb803ada9181cee0a3941c090c65fc3b2f31665a14dc1d3119f,valid,0.274
/eos/experiment/milliqan/run3_MilliMon/slab/1600/Digitizer_run1640_subrun669.csv,669,354bc25c32d81b54ad638624451d72d13dce4205209f32bd829040e1674fc512,valid,0.19
/eos/experiment/milliqan/run3_MilliMon/slab/1600/Digitizer_run1640_subrun670.csv,670,37ed6f0252a448790b478a15fe8f8d133b2deb040f43ab5a426ee9ac26e3d890,valid,0.08
/eos/experiment/milliqan/run3_MilliMon/slab/1600/Digitizer_run1640_subrun671.csv,671,947cec08be2d6fd7733ded426c9c8a7519366fead2ca44ee0eb271108bef0c49,valid,0.08
/eos/experiment/milliqan/run3_MilliMon/slab/1600/Digitizer_run1640_subrun672.csv,672,f59bd03de190ebc3362a0561fb10f1da2f8945ff11ea0d72214466f44f81530e,valid,0.066
/eos/experiment/milliqan/run3_MilliMon/slab/1600/Digitizer_run1640_subrun673.csv,673,2dcfb254f05251ce5dffd9eede7e1a48a1c81c51361af0ae90ec0b4e90d0123d,valid,0.188
/eos/experiment/milliqan/run3_MilliMon/slab/1600/Digitizer_run1640_subrun674.csv,674,e7de7494c2dc8b7af4ff67bda7d4608e81bbfc690f35bbe99d583fcb6fae4dab,valid,0.076
/eos/experiment/milliqan/run3_MilliMon/slab/1600/Digitizer_run1640_subrun675.csv,675,4b900469da855a8137c5ddef24e6fbd80db07dacd4b51b675fd9c6a02cd1facf,valid,0.099
/eos/experiment/milliqan/run3_MilliMon/slab/1600/Digitizer_run1640_subrun676.csv,676,33cc5ca9bec5eff665be8c384d12e764968295d0ab83df167522d52f1698f698,valid,0.088
/eos/experiment/milliqan/run3_MilliMon/slab/1600/Digitizer_run1640_subrun677.csv,677,cc713fb83614bdee72fc05ce95497eb77e22d72a9d60d2d79096d4407fecb8b8,valid,0.082
/eos/experiment/milliqan/run3_MilliMon/slab/1600/Digitizer_run1640_subrun678.csv,678,95783ba8a09d33f91628054a1a99391d05f53b964e1f4df882a37c54a7e5b61d,valid,0.081
/eos/experiment/milliqan/run3_MilliMon/slab/1600/Digitizer_run1640_subrun679.csv,679,8d431a563adb40a9fd88961938451d8ab83dd80d5c71f80817948f88fb5fb0df,valid,0.084
/eos/experiment/milliqan/run3_MilliMon/slab/1600/Digitizer_run1640_subrun680.csv,680,cf6949eebbba95e077a028a7f7f9c313e7b8fae98c9484a39284b0f64409f8fb,valid,0.091
/eos/experiment/milliqan/run3_MilliMon/slab/1600/Digitizer_run1640_subrun681.csv,681,9327ac8b569a794bdbce09f1922a423741e7f1b9067bc72b527258b45f78fa0e,valid,0.175
/eos/experiment/milliqan/run3_MilliMon/slab/1600/Digitizer_run1640_subrun682.csv,682,ae460983ccf1452c29893d62971f3bf2c1dff221d863f9857b1dfcb35e9a1589,valid,0.085
/eos/experiment/milliqan/run3_MilliMon/slab/1600/Digitizer_run1640_subrun683.csv,683,ef0e9b55e81f2fac8409195bc80a8e0f2650ae55e92c04d946277cd4897b9ff9,valid,0.085
/eos/experiment/milliqan/run3_MilliMon/slab/1600/Digitizer_run1640_subrun684.csv,684,464228e03118b0684bbf72713dcc574e51c6e5807f417ec43a95e56880e98bde,valid,0.089
/eos/experiment/milliqan/run3_MilliMon/slab/1600/Digitizer_run1640_subrun685.csv,685,6a03c5b3a5d6f19eb76f4cc1f54e770e06f1c57b40e2be2352b88ed7791b69bd,valid,0.087
/eos/experiment/milliqan/run3_MilliMon/slab/1600/Digitizer_run1640_subrun686.csv,686,cfdfe3e799c44cc24a5bc670d5a88590000e2979c1ad755c3acbf2b8f8fe6f79,valid,0.083
/eos/experiment/milliqan/run3_MilliMon/slab/1600/Digitizer_run1640_subrun687.csv,687,2a6d5c73acdd9d4ed11bec99bad93165a5d4b3700f6f890a22661f860e74766e,valid,0.076
/eos/experiment/milliqan/run3_MilliMon/slab/1600/Digitizer_run1640_subrun688.csv,688,a74072b2220239c2775d62bf416eb5c9785357cb60c81343b3be31378a6c5401,valid,0.089
/eos/experiment/milliqan/run3_MilliMon/slab/1600/Digitizer_run1640_subrun689.csv,689,9567b05a5ef2d17ecd5c3d17a9f2d00cd77d8e2884302ea232fceddfc08baba9,valid,0.08
/eos/experiment/milliqan/run3_MilliMon/slab/1600/Digitizer_run1640_subrun690.csv,690,de640ac8ce53ab8f0b5232ccbd9ac1330d12780f3e2d1ac6e6a3fe3376280881,valid,0.076
/eos/experiment/milliqan/run3_MilliMon/slab/1600/Digitizer_run1640_subrun691.csv,691,c95d895c8b61bea10cd3e44446ac621a8d94c6131891f91a8087b5e42a3568cb,valid,0.088
/eos/experiment/milliqan/run3_MilliMon/slab/1600/Digitizer_run1640_subrun692.csv,692,82f76887d6f5509c572a4ae580936ba15af9a7c7869d9adca299bddd5b50df83,valid,0.08
/eos/experiment/milliqan/run3_MilliMon/slab/1600/Digitizer_run1640_subrun693.csv,693,cd2dfc7e45b3c22ca2df4cde38b98d0dd448c286f8057aa6977bbc67703a62f0,valid,0.103
/eos/experiment/milliqan/run3_MilliMon/slab/1600/Digitizer_run1640_subrun694.csv,694,b7a0292a59f5952e17c005d62a3d09031e4c8a96d03b6a2f7fd0332b7e12583a,valid,0.108
/eos/experiment/milliqan/run3_MilliMon/slab/1600/Digitizer_run1640_subrun695.csv,695,a1a70b2bb6c4aa566a9ecf5c9c669ad5bd05415d37e854aa223eb24694a48714,valid,0.084
/eos/experiment/milliqan/run3_MilliMon/slab/1600/Digitizer_run1640_subrun696.csv,696,4491ac225a6e5233d25b4f1675009e416290bad428ad258d81afe869c3ded120,valid,0.082
/eos/experiment/milliqan/run3_MilliMon/slab/1600/Digitizer_run1640_subrun697.csv,697,c09bea17444df8991d1090f3a3f6f259d2a0b5cca331975632096dfefaeed98f,valid,0.08
/eos/experiment/milliqan/run3_MilliMon/slab/1600/Digitizer_run1640_subrun698.csv,698,19f7286e08e7ddb1c8e19604e70f859dfb04a600af247b4cc3327681f0c606db,valid,0.079
/eos/experiment/milliqan/run3_MilliMon/slab/1600/Digitizer_run1640_subrun699.csv,699,af9d2ebd089ba2801e383decc62a0c510cafc438373047992edc3e4c91e95891,valid,0.075
/eos/experiment/milliqan/run3_MilliMon/slab/1600/Digitizer_run1640_subrun700.csv,700,2d826aab5d9648124be5d21c359d95bef9a32af8addce3382a531364c293f2e9,valid,0.072
/eos/experiment/milliqan/run3_MilliMon/slab/1600/Digitizer_run1640_subrun701.csv,701,f2b754c8c2981f502b1881184579c133104fb9c78702a54c97193cf7293644dd,valid,0.078
/eos/experiment/milliqan/run3_MilliMon/slab/1600/Digitizer_run1640_subrun702.csv,702,2abdc7ca96d890500346727bab8d92d809320b93e3756d768e61b62e153860d4,valid,0.19
/eos/experiment/milliqan/run3_MilliMon/slab/1600/Digitizer_run1640_subrun703.csv,703,be19c857a044a188b958c3d7265c6623846f308c44043c741ea485a29e6e96e8,valid,0.187
/eos/experiment/milliqan/run3_MilliMon/slab/1600/Digitizer_run1640_subrun704.csv,704,58b6eef4a75d2dab22040c86e460a2b2270064330f713966c8bcc3bb16fd8d5a,valid,0.071
/eos/experiment/milliqan/run3_MilliMon/slab/1600/Digitizer_run1640_subrun705.csv,705,2a1e93f6060f2aaeeef582ea9c3c05013796ae4df6f97a95fd5060f63bfaf387,valid,0.088
/eos/experiment/milliqan/run3_MilliMon/slab/1600/Digitizer_run1640_subrun706.csv,706,79f0f4170eebb7bbdd9ad3717a02a459c264bc3bc1b8469fbf83a6bae94ce301,valid,0.075
/eos/experiment/milliqan/run3_MilliMon/slab/1600/Digitizer_run1640_subrun707.csv,707,a6b494eacd752cf93eada0401de98704c4d255a9bf23d8f1cb41d749f605c647,valid,0.101
/eos/experiment/milliqan/run3_MilliMon/slab/1600/Digitizer_run1640_subrun708.csv,708,1e1cc397ef9359a38da946e64bc57d7af11edd28c9b979edb875df1246e85231,valid,0.102
/eos/experiment/milliqan/run3_MilliMon/slab/1600/Digitizer_run1640_subrun709.csv,709,c510c9ed6655951260673d272a5db61cd67f9c15d6946209658d2163d8701bba,valid,0.083
/eos/experiment/milliqan/run3_MilliMon/slab/1600/Digitizer_run1640_subrun710.csv,710,52f5eadbd43a4f7985236e0f33034f99d4e897d5d48e13ebcb5e00d1d278b2e8,valid,0.119
/eos/experiment/milliqan/run3_MilliMon/slab/1600/Digitizer_run1640_subrun711.csv,711,3591c657a927e0ff314433aea6343ef355ceec3c3b8a3ee9ef25f0ac3b8fe1d7,valid,0.089
/eos/experiment/milliqan/run3_MilliMon/slab/1600/Digitizer_run1640_subrun712.csv,712,f406804341a0dc30babd7fe399ed78c15599ce2eabccda2198c1462a20081e13,valid,0.082
/eos/experiment/milliqan/run3_MilliMon/slab/1600/Digitizer_run1640_subrun713.csv,713,b216bee3f7b3450ff683ab2def9f7b482eed5270c03f52cd4352b453f2e15098,valid,0.088
/eos/experiment/milliqan/run3_MilliMon/slab/1600/Digitizer_run1640_subrun714.csv,714,c1cc2b9c131710d2f7e4553f7eabc45766c92be5fcb6c338c23c5f5c905e4653,valid,0.083
/eos/experiment/milliqan/run3_MilliMon/slab/1600/Digitizer_run1640_subrun715.csv,715,8b4a5149c47bd1b4978b336d9df80efd0fab2fd00988d4b8279d3c8e61ae0c82,valid,0.13
/eos/experiment/milliqan/run3_MilliMon/slab/1600/Digitizer_run1640_subrun716.csv,716,320709cc753a7743f5d2e45855bcf9444f59abda78d9670e8623e77eecd49066,valid,0.1
/eos/experiment/milliqan/run3_MilliMon/slab/1600/Digitizer_run1640_subrun717.csv,717,d547d95d48ce4301b1f1549064c924d5141e11ee3758f10f7282a97fab1e13a1,valid,0.089
/eos/experiment/milliqan/run3_MilliMon/slab/1600/Digitizer_run1640_subrun718.csv,718,1b4decbf50fe5ad15c4306b727e1d9572c91daebd043cca4de29a2ff96981ac7,valid,0.068
/eos/experiment/milliqan/run3_MilliMon/slab/1600/Digitizer_run1640_subrun719.csv,719,e62d0c4189e79f7edd6fa7f7e753c25acc34572be42e6601e0a0db489247bf93,valid,0.073
/eos/experiment/milliqan/run3_MilliMon/slab/1600/Digitizer_run1640_subrun720.csv,720,c6992b1a8e10dffeb4d0b274ac543dfc498e0dafbe8399d9521e03118bbdcb86,valid,0.082
/eos/experiment/milliqan/run3_MilliMon/slab/1600/Digitizer_run1640_subrun721.csv,721,fdd32f82263b11737aef27c50b1292b3f7723415889eed6e75ed4de9e477839a,valid,0.08
/eos/experiment/milliqan/run3_MilliMon/slab/1600/Digitizer_run1640_subrun722.csv,722,13dc8cc25a75daf802d897265dc0469da8802880e5673cf87f2c44596a825c17,valid,0.2
/eos/experiment/milliqan/run3_MilliMon/slab/1600/Digitizer_run1640_subrun723.csv,723,687e9097c6902883714d1b17ead2fba2be6dfc9d0b392fcb242bbba18b33b357,valid,0.082
/eos/experiment/milliqan/run3_MilliMon/slab/1600/Digitizer_run1640_subrun724.csv,724,37ee3deac8daae49c7740c8aebcf6a23704b41b14fbd6c2abe243923cc77bc89,valid,0.08
/eos/experiment/milliqan/run3_MilliMon/slab/1600/Digitizer_run1640_subrun725.csv,725,e0bcfe8ddb439bd353de68582722ab65a4934f6fefd839e66e11aa9565f1a1c3,valid,0.179
/eos/experiment/milliqan/run3_MilliMon/slab/1600/Digitizer_run1640_subrun726.csv,726,ae05b4a97efe796e1b70e249cfc00b99303e8e042db05bdd1d3ceb950fda5a9d,valid,0.095
/eos/experiment/milliqan/run3_MilliMon/slab/1600/Digitizer_run1640_subrun727.csv,727,7f4e111a524cab4ccf2a13d3a9067e08d0aafd5535497dfe8cfadfbf433da6e3,valid,0.083
/eos/experiment/milliqan/run3_MilliMon/slab/1600/Digitizer_run1640_subrun728.csv,728,a13f800467320134007cf2d122cbc9c3cb48b3ce09c86b4ca75d87f6d71453e0,valid,0.081
/eos/experiment/milliqan/run3_MilliMon/slab/1600/Digitizer_run1640_subrun729.csv,729,1da9553b27fd42e8d508c067303eb6e6f26ac37bb7fc086abd34f527a92b89e9,valid,0.071
/eos/experiment/milliqan/run3_MilliMon/slab/1600/Digitizer_run1640_subrun730.csv,730,9ab4c4fdb19d15488bc49c3debb800d9f8817ef8c30c4484b1657c4a5192c38c,valid,0.086
/eos/experiment/milliqan/run3_MilliMon/slab/1600/Digitizer_run1640_subrun731.csv,731,4d6ec59e274f7cb29af65bb88854b73b2ee6afaf9792e1a5ec237f8ff3f25440,valid,0.072
/eos/experiment/milliqan/run3_MilliMon/slab/1600/Digitizer_run1640_subrun732.csv,732,33ac3fc3ba0c670f57c24e998b62c8c145eae1a9d18e7dae0038b2d842f9fe58,valid,0.088
/eos/experiment/milliqan/run3_MilliMon/slab/1600/Digitizer_run1640_subrun733.csv,733,06df719ee3c95cfa14e79cd96f8319ba1660188ca185d02ea97c6a16c4af8444,valid,0.191
/eos/experiment/milliqan/run3_MilliMon/slab/1600/Digitizer_run1640_subrun734.csv,734,911d96d203d1bb8ff6ebe051c79475c2e056d5860151a09ced3e47f80ca26055,valid,0.089
/eos/experiment/milliqan/run3_MilliMon/slab/1600/Digitizer_run1640_subrun735.csv,735,72b42417c48f01c5c520400453e4d974867d3caf177255b84321a8171fb299ca,valid,0.08
/eos/experiment/milliqan/run3_MilliMon/slab/1600/Digitizer_run1640_subrun736.csv,736,83110dc41b0fd9929324d60fc51e1663cbc10ea3c8ee392c8cb631a4dbc0393d,valid,0.076
/eos/experiment/milliqan/run3_MilliMon/slab/1600/Digitizer_run1640_subrun737.csv,737,2431b2bb7d57aa3360b1036b8466cbb7d2a40431847275c9ba5ba14fdab085ae,valid,0.083
/eos/experiment/milliqan/run3_MilliMon/slab/1600/Digitizer_run1640_subrun738.csv,738,31f0ecc1d111a7bed1b86bd5788f554e94e5cba3daff340ec837a63f248e8471,valid,0.074
/eos/experiment/milliqan/run3_MilliMon/slab/1600/Digitizer_run1640_subrun739.csv,739,e781c64ecc31e7e289643c1d8920ccad8131fedfb0a121fe49ddd422e0d93328,valid,0.103
/eos/experiment/milliqan/run3_MilliMon/slab/1600/Digitizer_run1640_subrun740.csv,740,4938c2dbd9d5144e8d4380f00ec2f93b7440af7329d0b6c06408f2d68dc969ca,valid,0.075
/eos/experiment/milliqan/run3_MilliMon/slab/1600/Digitizer_run1640_subrun741.csv,741,4691a78cd37197a214918dd6c60098122dd04c873fa23b7d680ee488eeb6d7a9,valid,0.15
