subrunnum, triggerRate_bit1, triggerCounts_bit1, triggerRate_bit2, triggerCounts_bit2, triggerRate_bit3, triggerCounts_bit3, triggerRate_bit4, triggerCounts_bit4, triggerRate_bit5, triggerCounts_bit5, triggerRate_bit6, triggerCounts_bit6, triggerRate_bit7, triggerCounts_bit7, triggerRate_bit8, triggerCounts_bit8, triggerRate_bit9, triggerCounts_bit9, triggerRate_bit10, triggerCounts_bit10, triggerRate_bit11, triggerCounts_bit11, triggerRate_bit12, triggerCounts_bit12, triggerRate_bit13, triggerCounts_bit13, triggerRate_tot,  triggerCounts_tot  
1, 2.28957, 479, 1.54391, 323, 0, 0, 0, 0, 0.0477989, 10, 0, 0, 0.157736, 33, 0, 0, 0.253334, 53, 0, 0, 0, 0, 0, 0, 0.501889, 105, 4.79423, 1003
subrunnum, triggerRate_bit1, triggerCounts_bit1, triggerRate_bit2, triggerCounts_bit2, triggerRate_bit3, triggerCounts_bit3, triggerRate_bit4, triggerCounts_bit4, triggerRate_bit5, triggerCounts_bit5, triggerRate_bit6, triggerCounts_bit6, triggerRate_bit7, triggerCounts_bit7, triggerRate_bit8, triggerCounts_bit8, triggerRate_bit9, triggerCounts_bit9, triggerRate_bit10, triggerCounts_bit10, triggerRate_bit11, triggerCounts_bit11, triggerRate_bit12, triggerCounts_bit12, triggerRate_bit13, triggerCounts_bit13, triggerRate_tot,  triggerCounts_tot  
2, 2.48794, 514, 1.49083, 308, 0, 0, 0, 0, 0.0435631, 9, 0, 0, 0.150051, 31, 0, 0, 0.179093, 37, 0, 0, 0, 0, 0, 0, 0.503396, 104, 4.85487, 1003
subrunnum, triggerRate_bit1, triggerCounts_bit1, triggerRate_bit2, triggerCounts_bit2, triggerRate_bit3, triggerCounts_bit3, triggerRate_bit4, triggerCounts_bit4, triggerRate_bit5, triggerCounts_bit5, triggerRate_bit6, triggerCounts_bit6, triggerRate_bit7, triggerCounts_bit7, triggerRate_bit8, triggerCounts_bit8, triggerRate_bit9, triggerCounts_bit9, triggerRate_bit10, triggerCounts_bit10, triggerRate_bit11, triggerCounts_bit11, triggerRate_bit12, triggerCounts_bit12, triggerRate_bit13, triggerCounts_bit13, triggerRate_tot,  triggerCounts_tot  
3, 2.34644, 475, 1.65486, 335, 0, 0, 0, 0, 0.0543386, 11, 0, 0, 0.133377, 27, 0, 0, 0.271693, 55, 0, 0, 0, 0, 0, 0, 0.498927, 101, 4.95963, 1004
subrunnum, triggerRate_bit1, triggerCounts_bit1, triggerRate_bit2, triggerCounts_bit2, triggerRate_bit3, triggerCounts_bit3, triggerRate_bit4, triggerCounts_bit4, triggerRate_bit5, triggerCounts_bit5, triggerRate_bit6, triggerCounts_bit6, triggerRate_bit7, triggerCounts_bit7, triggerRate_bit8, triggerCounts_bit8, triggerRate_bit9, triggerCounts_bit9, triggerRate_bit10, triggerCounts_bit10, triggerRate_bit11, triggerCounts_bit11, triggerRate_bit12, triggerCounts_bit12, triggerRate_bit13, triggerCounts_bit13, triggerRate_tot,  triggerCounts_tot  
4, 2.27604, 474, 1.59899, 333, 0, 0, 0, 0, 0.0576211, 12, 0, 0, 0.172863, 36, 0, 0, 0.216079, 45, 0, 0, 0, 0, 0, 0, 0.499383, 104, 4.82097, 1004
subrunnum, triggerRate_bit1, triggerCounts_bit1, triggerRate_bit2, triggerCounts_bit2, triggerRate_bit3, triggerCounts_bit3, triggerRate_bit4, triggerCounts_bit4, triggerRate_bit5, triggerCounts_bit5, triggerRate_bit6, triggerCounts_bit6, triggerRate_bit7, triggerCounts_bit7, triggerRate_bit8, triggerCounts_bit8, triggerRate_bit9, triggerCounts_bit9, triggerRate_bit10, triggerCounts_bit10, triggerRate_bit11, triggerCounts_bit11, triggerRate_bit12, triggerCounts_bit12, triggerRate_bit13, triggerCounts_bit13, triggerRate_tot,  triggerCounts_tot  
5, 2.24597, 483, 1.49267, 321, 0, 0, 0, 0, 0.0511505, 11, 0, 0, 0.116251, 25, 0, 0, 0.246453, 53, 0, 0, 0, 0, 0, 0, 0.502205, 108, 4.6547, 1001
subrunnum, triggerRate_bit1, triggerCounts_bit1, triggerRate_bit2, triggerCounts_bit2, triggerRate_bit3, triggerCounts_bit3, triggerRate_bit4, triggerCounts_bit4, triggerRate_bit5, triggerCounts_bit5, triggerRate_bit6, triggerCounts_bit6, triggerRate_bit7, triggerCounts_bit7, triggerRate_bit8, triggerCounts_bit8, triggerRate_bit9, triggerCounts_bit9, triggerRate_bit10, triggerCounts_bit10, triggerRate_bit11, triggerCounts_bit11, triggerRate_bit12, triggerCounts_bit12, triggerRate_bit13, triggerCounts_bit13, triggerRate_tot,  triggerCounts_tot  
6, 2.2222, 488, 1.49816, 329, 0, 0, 0, 0, 0.0227684, 5, 0, 0, 0.136611, 30, 0, 0, 0.186701, 41, 0, 0, 0, 0, 0, 0, 0.500905, 110, 4.56734, 1003
subrunnum, triggerRate_bit1, triggerCounts_bit1, triggerRate_bit2, triggerCounts_bit2, triggerRate_bit3, triggerCounts_bit3, triggerRate_bit4, triggerCounts_bit4, triggerRate_bit5, triggerCounts_bit5, triggerRate_bit6, triggerCounts_bit6, triggerRate_bit7, triggerCounts_bit7, triggerRate_bit8, triggerCounts_bit8, triggerRate_bit9, triggerCounts_bit9, triggerRate_bit10, triggerCounts_bit10, triggerRate_bit11, triggerCounts_bit11, triggerRate_bit12, triggerCounts_bit12, triggerRate_bit13, triggerCounts_bit13, triggerRate_tot,  triggerCounts_tot  
7, 1.83526, 471, 1.22351, 314, 0, 0, 0, 0, 0.0428617, 11, 0, 0, 0.124689, 32, 0, 0, 0.19093, 49, 0, 0, 0, 0, 0, 0, 0.498755, 128, 3.916, 1005
subrunnum, triggerRate_bit1, triggerCounts_bit1, triggerRate_bit2, triggerCounts_bit2, triggerRate_bit3, triggerCounts_bit3, triggerRate_bit4, triggerCounts_bit4, triggerRate_bit5, triggerCounts_bit5, triggerRate_bit6, triggerCounts_bit6, triggerRate_bit7, triggerCounts_bit7, triggerRate_bit8, triggerCounts_bit8, triggerRate_bit9, triggerCounts_bit9, triggerRate_bit10, triggerCounts_bit10, triggerRate_bit11, triggerCounts_bit11, triggerRate_bit12, triggerCounts_bit12, triggerRate_bit13, triggerCounts_bit13, triggerRate_tot,  triggerCounts_tot  
8, 2.44514, 487, 1.49621, 298, 0, 0, 0, 0, 0.0753124, 15, 0, 0, 0.175729, 35, 0, 0, 0.341416, 68, 0, 0, 0, 0, 0, 0, 0.502083, 100, 5.03589, 1003
subrunnum, triggerRate_bit1, triggerCounts_bit1, triggerRate_bit2, triggerCounts_bit2, triggerRate_bit3, triggerCounts_bit3, triggerRate_bit4, triggerCounts_bit4, triggerRate_bit5, triggerCounts_bit5, triggerRate_bit6, triggerCounts_bit6, triggerRate_bit7, triggerCounts_bit7, triggerRate_bit8, triggerCounts_bit8, triggerRate_bit9, triggerCounts_bit9, triggerRate_bit10, triggerCounts_bit10, triggerRate_bit11, triggerCounts_bit11, triggerRate_bit12, triggerCounts_bit12, triggerRate_bit13, triggerCounts_bit13, triggerRate_tot,  triggerCounts_tot  
9, 2.28257, 485, 1.49191, 317, 0, 0, 0, 0, 0.0423571, 9, 0, 0, 0.155309, 33, 0, 0, 0.249436, 53, 0, 0, 0, 0, 0, 0, 0.498872, 106, 4.72046, 1003
subrunnum, triggerRate_bit1, triggerCounts_bit1, triggerRate_bit2, triggerCounts_bit2, triggerRate_bit3, triggerCounts_bit3, triggerRate_bit4, triggerCounts_bit4, triggerRate_bit5, triggerCounts_bit5, triggerRate_bit6, triggerCounts_bit6, triggerRate_bit7, triggerCounts_bit7, triggerRate_bit8, triggerCounts_bit8, triggerRate_bit9, triggerCounts_bit9, triggerRate_bit10, triggerCounts_bit10, triggerRate_bit11, triggerCounts_bit11, triggerRate_bit12, triggerCounts_bit12, triggerRate_bit13, triggerCounts_bit13, triggerRate_tot,  triggerCounts_tot  
10, 2.36366, 475, 1.61724, 325, 0, 0, 0, 0, 0.0497612, 10, 0, 0, 0.204021, 41, 0, 0, 0.238854, 48, 0, 0, 0, 0, 0, 0, 0.502589, 101, 4.97612, 1000
subrunnum, triggerRate_bit1, triggerCounts_bit1, triggerRate_bit2, triggerCounts_bit2, triggerRate_bit3, triggerCounts_bit3, triggerRate_bit4, triggerCounts_bit4, triggerRate_bit5, triggerCounts_bit5, triggerRate_bit6, triggerCounts_bit6, triggerRate_bit7, triggerCounts_bit7, triggerRate_bit8, triggerCounts_bit8, triggerRate_bit9, triggerCounts_bit9, triggerRate_bit10, triggerCounts_bit10, triggerRate_bit11, triggerCounts_bit11, triggerRate_bit12, triggerCounts_bit12, triggerRate_bit13, triggerCounts_bit13, triggerRate_tot,  triggerCounts_tot  
11, 2.20385, 471, 1.6096, 344, 0, 0, 0, 0, 0.0421118, 9, 0, 0, 0.131014, 28, 0, 0, 0.20588, 44, 0, 0, 0, 0, 0, 0, 0.495983, 106, 4.68844, 1002
subrunnum, triggerRate_bit1, triggerCounts_bit1, triggerRate_bit2, triggerCounts_bit2, triggerRate_bit3, triggerCounts_bit3, triggerRate_bit4, triggerCounts_bit4, triggerRate_bit5, triggerCounts_bit5, triggerRate_bit6, triggerCounts_bit6, triggerRate_bit7, triggerCounts_bit7, triggerRate_bit8, triggerCounts_bit8, triggerRate_bit9, triggerCounts_bit9, triggerRate_bit10, triggerCounts_bit10, triggerRate_bit11, triggerCounts_bit11, triggerRate_bit12, triggerCounts_bit12, triggerRate_bit13, triggerCounts_bit13, triggerRate_tot,  triggerCounts_tot  
12, 2.52909, 502, 1.52652, 303, 0, 0, 0, 0, 0.0453422, 9, 0, 0, 0.166255, 33, 0, 0, 0.277091, 55, 0, 0, 0, 0, 0, 0, 0.503802, 100, 5.04809, 1002
subrunnum, triggerRate_bit1, triggerCounts_bit1, triggerRate_bit2, triggerCounts_bit2, triggerRate_bit3, triggerCounts_bit3, triggerRate_bit4, triggerCounts_bit4, triggerRate_bit5, triggerCounts_bit5, triggerRate_bit6, triggerCounts_bit6, triggerRate_bit7, triggerCounts_bit7, triggerRate_bit8, triggerCounts_bit8, triggerRate_bit9, triggerCounts_bit9, triggerRate_bit10, triggerCounts_bit10, triggerRate_bit11, triggerCounts_bit11, triggerRate_bit12, triggerCounts_bit12, triggerRate_bit13, triggerCounts_bit13, triggerRate_tot,  triggerCounts_tot  
13, 2.2258, 450, 1.68666, 341, 0, 0, 0, 0, 0.0741934, 15, 0, 0, 0.22258, 45, 0, 0, 0.247311, 50, 0, 0, 0, 0, 0, 0, 0.499569, 101, 4.95612, 1002
subrunnum, triggerRate_bit1, triggerCounts_bit1, triggerRate_bit2, triggerCounts_bit2, triggerRate_bit3, triggerCounts_bit3, triggerRate_bit4, triggerCounts_bit4, triggerRate_bit5, triggerCounts_bit5, triggerRate_bit6, triggerCounts_bit6, triggerRate_bit7, triggerCounts_bit7, triggerRate_bit8, triggerCounts_bit8, triggerRate_bit9, triggerCounts_bit9, triggerRate_bit10, triggerCounts_bit10, triggerRate_bit11, triggerCounts_bit11, triggerRate_bit12, triggerCounts_bit12, triggerRate_bit13, triggerCounts_bit13, triggerRate_tot,  triggerCounts_tot  
14, 2.30769, 496, 1.47022, 316, 0, 0, 0, 0, 0.0604838, 13, 0, 0, 0.144231, 31, 0, 0, 0.172146, 37, 0, 0, 0, 0, 0, 0, 0.502481, 108, 4.65725, 1001
subrunnum, triggerRate_bit1, triggerCounts_bit1, triggerRate_bit2, triggerCounts_bit2, triggerRate_bit3, triggerCounts_bit3, triggerRate_bit4, triggerCounts_bit4, triggerRate_bit5, triggerCounts_bit5, triggerRate_bit6, triggerCounts_bit6, triggerRate_bit7, triggerCounts_bit7, triggerRate_bit8, triggerCounts_bit8, triggerRate_bit9, triggerCounts_bit9, triggerRate_bit10, triggerCounts_bit10, triggerRate_bit11, triggerCounts_bit11, triggerRate_bit12, triggerCounts_bit12, triggerRate_bit13, triggerCounts_bit13, triggerRate_tot,  triggerCounts_tot  
15, 2.28248, 494, 1.44619, 313, 0, 0, 0, 0, 0.0600654, 13, 0, 0, 0.152474, 33, 0, 0, 0.189437, 41, 0, 0, 0, 0, 0, 0, 0.499005, 108, 4.62965, 1002
subrunnum, triggerRate_bit1, triggerCounts_bit1, triggerRate_bit2, triggerCounts_bit2, triggerRate_bit3, triggerCounts_bit3, triggerRate_bit4, triggerCounts_bit4, triggerRate_bit5, triggerCounts_bit5, triggerRate_bit6, triggerCounts_bit6, triggerRate_bit7, triggerCounts_bit7, triggerRate_bit8, triggerCounts_bit8, triggerRate_bit9, triggerCounts_bit9, triggerRate_bit10, triggerCounts_bit10, triggerRate_bit11, triggerCounts_bit11, triggerRate_bit12, triggerCounts_bit12, triggerRate_bit13, triggerCounts_bit13, triggerRate_tot,  triggerCounts_tot  
16, 2.15864, 459, 1.53315, 326, 0, 0, 0, 0, 0.061138, 13, 0, 0, 0.221038, 47, 0, 0, 0.239849, 51, 0, 0, 0, 0, 0, 0, 0.49851, 106, 4.71233, 1002
subrunnum, triggerRate_bit1, triggerCounts_bit1, triggerRate_bit2, triggerCounts_bit2, triggerRate_bit3, triggerCounts_bit3, triggerRate_bit4, triggerCounts_bit4, triggerRate_bit5, triggerCounts_bit5, triggerRate_bit6, triggerCounts_bit6, triggerRate_bit7, triggerCounts_bit7, triggerRate_bit8, triggerCounts_bit8, triggerRate_bit9, triggerCounts_bit9, triggerRate_bit10, triggerCounts_bit10, triggerRate_bit11, triggerCounts_bit11, triggerRate_bit12, triggerCounts_bit12, triggerRate_bit13, triggerCounts_bit13, triggerRate_tot,  triggerCounts_tot  
17, 2.18095, 458, 1.65714, 348, 0, 0, 0, 0, 0.0333333, 7, 0, 0, 0.195238, 41, 0, 0, 0.22381, 47, 0, 0, 0, 0, 0, 0, 0.504762, 106, 4.79524, 1007
subrunnum, triggerRate_bit1, triggerCounts_bit1, triggerRate_bit2, triggerCounts_bit2, triggerRate_bit3, triggerCounts_bit3, triggerRate_bit4, triggerCounts_bit4, triggerRate_bit5, triggerCounts_bit5, triggerRate_bit6, triggerCounts_bit6, triggerRate_bit7, triggerCounts_bit7, triggerRate_bit8, triggerCounts_bit8, triggerRate_bit9, triggerCounts_bit9, triggerRate_bit10, triggerCounts_bit10, triggerRate_bit11, triggerCounts_bit11, triggerRate_bit12, triggerCounts_bit12, triggerRate_bit13, triggerCounts_bit13, triggerRate_tot,  triggerCounts_tot  
18, 2.3451, 479, 1.60583, 328, 0, 0, 0, 0, 0.0489581, 10, 0, 0, 0.200728, 41, 0, 0, 0.215416, 44, 0, 0, 0, 0, 0, 0, 0.499373, 102, 4.9154, 1004
subrunnum, triggerRate_bit1, triggerCounts_bit1, triggerRate_bit2, triggerCounts_bit2, triggerRate_bit3, triggerCounts_bit3, triggerRate_bit4, triggerCounts_bit4, triggerRate_bit5, triggerCounts_bit5, triggerRate_bit6, triggerCounts_bit6, triggerRate_bit7, triggerCounts_bit7, triggerRate_bit8, triggerCounts_bit8, triggerRate_bit9, triggerCounts_bit9, triggerRate_bit10, triggerCounts_bit10, triggerRate_bit11, triggerCounts_bit11, triggerRate_bit12, triggerCounts_bit12, triggerRate_bit13, triggerCounts_bit13, triggerRate_tot,  triggerCounts_tot  
19, 2.17076, 464, 1.57193, 336, 0, 0, 0, 0, 0.0608188, 13, 0, 0, 0.196491, 42, 0, 0, 0.210527, 45, 0, 0, 0, 0, 0, 0, 0.500585, 107, 4.71112, 1007
subrunnum, triggerRate_bit1, triggerCounts_bit1, triggerRate_bit2, triggerCounts_bit2, triggerRate_bit3, triggerCounts_bit3, triggerRate_bit4, triggerCounts_bit4, triggerRate_bit5, triggerCounts_bit5, triggerRate_bit6, triggerCounts_bit6, triggerRate_bit7, triggerCounts_bit7, triggerRate_bit8, triggerCounts_bit8, triggerRate_bit9, triggerCounts_bit9, triggerRate_bit10, triggerCounts_bit10, triggerRate_bit11, triggerCounts_bit11, triggerRate_bit12, triggerCounts_bit12, triggerRate_bit13, triggerCounts_bit13, triggerRate_tot,  triggerCounts_tot  
20, 2.30752, 467, 1.64047, 332, 0, 0, 0, 0, 0.0444704, 9, 0, 0, 0.237176, 48, 0, 0, 0.242117, 49, 0, 0, 0, 0, 0, 0, 0.499057, 101, 4.97081, 1006
subrunnum, triggerRate_bit1, triggerCounts_bit1, triggerRate_bit2, triggerCounts_bit2, triggerRate_bit3, triggerCounts_bit3, triggerRate_bit4, triggerCounts_bit4, triggerRate_bit5, triggerCounts_bit5, triggerRate_bit6, triggerCounts_bit6, triggerRate_bit7, triggerCounts_bit7, triggerRate_bit8, triggerCounts_bit8, triggerRate_bit9, triggerCounts_bit9, triggerRate_bit10, triggerCounts_bit10, triggerRate_bit11, triggerCounts_bit11, triggerRate_bit12, triggerCounts_bit12, triggerRate_bit13, triggerCounts_bit13, triggerRate_tot,  triggerCounts_tot  
21, 2.28667, 475, 1.56456, 325, 0, 0, 0, 0, 0.0481403, 10, 0, 0, 0.192561, 40, 0, 0, 0.245516, 51, 0, 0, 0, 0, 0, 0, 0.500659, 104, 4.8381, 1005
subrunnum, triggerRate_bit1, triggerCounts_bit1, triggerRate_bit2, triggerCounts_bit2, triggerRate_bit3, triggerCounts_bit3, triggerRate_bit4, triggerCounts_bit4, triggerRate_bit5, triggerCounts_bit5, triggerRate_bit6, triggerCounts_bit6, triggerRate_bit7, triggerCounts_bit7, triggerRate_bit8, triggerCounts_bit8, triggerRate_bit9, triggerCounts_bit9, triggerRate_bit10, triggerCounts_bit10, triggerRate_bit11, triggerCounts_bit11, triggerRate_bit12, triggerCounts_bit12, triggerRate_bit13, triggerCounts_bit13, triggerRate_tot,  triggerCounts_tot  
22, 2.364, 488, 1.55985, 322, 0, 0, 0, 0, 0.0484425, 10, 0, 0, 0.169549, 35, 0, 0, 0.213147, 44, 0, 0, 0, 0, 0, 0, 0.503802, 104, 4.85879, 1003
subrunnum, triggerRate_bit1, triggerCounts_bit1, triggerRate_bit2, triggerCounts_bit2, triggerRate_bit3, triggerCounts_bit3, triggerRate_bit4, triggerCounts_bit4, triggerRate_bit5, triggerCounts_bit5, triggerRate_bit6, triggerCounts_bit6, triggerRate_bit7, triggerCounts_bit7, triggerRate_bit8, triggerCounts_bit8, triggerRate_bit9, triggerCounts_bit9, triggerRate_bit10, triggerCounts_bit10, triggerRate_bit11, triggerCounts_bit11, triggerRate_bit12, triggerCounts_bit12, triggerRate_bit13, triggerCounts_bit13, triggerRate_tot,  triggerCounts_tot  
23, 2.35064, 489, 1.53825, 320, 0, 0, 0, 0, 0.0672985, 14, 0, 0, 0.144211, 30, 0, 0, 0.216317, 45, 0, 0, 0, 0, 0, 0, 0.499932, 104, 4.81665, 1002
subrunnum, triggerRate_bit1, triggerCounts_bit1, triggerRate_bit2, triggerCounts_bit2, triggerRate_bit3, triggerCounts_bit3, triggerRate_bit4, triggerCounts_bit4, triggerRate_bit5, triggerCounts_bit5, triggerRate_bit6, triggerCounts_bit6, triggerRate_bit7, triggerCounts_bit7, triggerRate_bit8, triggerCounts_bit8, triggerRate_bit9, triggerCounts_bit9, triggerRate_bit10, triggerCounts_bit10, triggerRate_bit11, triggerCounts_bit11, triggerRate_bit12, triggerCounts_bit12, triggerRate_bit13, triggerCounts_bit13, triggerRate_tot,  triggerCounts_tot  
24, 2.03116, 449, 1.53807, 340, 0, 0, 0, 0, 0.0497612, 11, 0, 0, 0.194521, 43, 0, 0, 0.226187, 50, 0, 0, 0, 0, 0, 0, 0.497612, 110, 4.53732, 1003
subrunnum, triggerRate_bit1, triggerCounts_bit1, triggerRate_bit2, triggerCounts_bit2, triggerRate_bit3, triggerCounts_bit3, triggerRate_bit4, triggerCounts_bit4, triggerRate_bit5, triggerCounts_bit5, triggerRate_bit6, triggerCounts_bit6, triggerRate_bit7, triggerCounts_bit7, triggerRate_bit8, triggerCounts_bit8, triggerRate_bit9, triggerCounts_bit9, triggerRate_bit10, triggerCounts_bit10, triggerRate_bit11, triggerCounts_bit11, triggerRate_bit12, triggerCounts_bit12, triggerRate_bit13, triggerCounts_bit13, triggerRate_tot,  triggerCounts_tot  
25, 2.30466, 490, 1.43924, 306, 0, 0, 0, 0, 0.061144, 13, 0, 0, 0.192839, 41, 0, 0, 0.230466, 49, 0, 0, 0, 0, 0, 0, 0.498559, 106, 4.7269, 1005
subrunnum, triggerRate_bit1, triggerCounts_bit1, triggerRate_bit2, triggerCounts_bit2, triggerRate_bit3, triggerCounts_bit3, triggerRate_bit4, triggerCounts_bit4, triggerRate_bit5, triggerCounts_bit5, triggerRate_bit6, triggerCounts_bit6, triggerRate_bit7, triggerCounts_bit7, triggerRate_bit8, triggerCounts_bit8, triggerRate_bit9, triggerCounts_bit9, triggerRate_bit10, triggerCounts_bit10, triggerRate_bit11, triggerCounts_bit11, triggerRate_bit12, triggerCounts_bit12, triggerRate_bit13, triggerCounts_bit13, triggerRate_tot,  triggerCounts_tot  
26, 2.33833, 487, 1.49807, 312, 0, 0, 0, 0, 0.0768241, 16, 0, 0, 0.168053, 35, 0, 0, 0.235274, 49, 0, 0, 0, 0, 0, 0, 0.499356, 104, 4.81591, 1003
subrunnum, triggerRate_bit1, triggerCounts_bit1, triggerRate_bit2, triggerCounts_bit2, triggerRate_bit3, triggerCounts_bit3, triggerRate_bit4, triggerCounts_bit4, triggerRate_bit5, triggerCounts_bit5, triggerRate_bit6, triggerCounts_bit6, triggerRate_bit7, triggerCounts_bit7, triggerRate_bit8, triggerCounts_bit8, triggerRate_bit9, triggerCounts_bit9, triggerRate_bit10, triggerCounts_bit10, triggerRate_bit11, triggerCounts_bit11, triggerRate_bit12, triggerCounts_bit12, triggerRate_bit13, triggerCounts_bit13, triggerRate_tot,  triggerCounts_tot  
27, 2.63073, 501, 1.68031, 320, 0, 0, 0, 0, 0.0630115, 12, 0, 0, 0.131274, 25, 0, 0, 0.267799, 51, 0, 0, 0, 0, 0, 0, 0.504092, 96, 5.27721, 1005
subrunnum, triggerRate_bit1, triggerCounts_bit1, triggerRate_bit2, triggerCounts_bit2, triggerRate_bit3, triggerCounts_bit3, triggerRate_bit4, triggerCounts_bit4, triggerRate_bit5, triggerCounts_bit5, triggerRate_bit6, triggerCounts_bit6, triggerRate_bit7, triggerCounts_bit7, triggerRate_bit8, triggerCounts_bit8, triggerRate_bit9, triggerCounts_bit9, triggerRate_bit10, triggerCounts_bit10, triggerRate_bit11, triggerCounts_bit11, triggerRate_bit12, triggerCounts_bit12, triggerRate_bit13, triggerCounts_bit13, triggerRate_tot,  triggerCounts_tot  
28, 2.2548, 463, 1.63144, 335, 0, 0, 0, 0, 0.0389598, 8, 0, 0, 0.209409, 43, 0, 0, 0.262979, 54, 0, 0, 0, 0, 0, 0, 0.496737, 102, 4.89433, 1005
subrunnum, triggerRate_bit1, triggerCounts_bit1, triggerRate_bit2, triggerCounts_bit2, triggerRate_bit3, triggerCounts_bit3, triggerRate_bit4, triggerCounts_bit4, triggerRate_bit5, triggerCounts_bit5, triggerRate_bit6, triggerCounts_bit6, triggerRate_bit7, triggerCounts_bit7, triggerRate_bit8, triggerCounts_bit8, triggerRate_bit9, triggerCounts_bit9, triggerRate_bit10, triggerCounts_bit10, triggerRate_bit11, triggerCounts_bit11, triggerRate_bit12, triggerCounts_bit12, triggerRate_bit13, triggerCounts_bit13, triggerRate_tot,  triggerCounts_tot  
29, 2.4737, 498, 1.51502, 305, 0, 0, 0, 0, 0.0447054, 9, 0, 0, 0.21856, 44, 0, 0, 0.228494, 46, 0, 0, 0, 0, 0, 0, 0.501694, 101, 4.98217, 1003
subrunnum, triggerRate_bit1, triggerCounts_bit1, triggerRate_bit2, triggerCounts_bit2, triggerRate_bit3, triggerCounts_bit3, triggerRate_bit4, triggerCounts_bit4, triggerRate_bit5, triggerCounts_bit5, triggerRate_bit6, triggerCounts_bit6, triggerRate_bit7, triggerCounts_bit7, triggerRate_bit8, triggerCounts_bit8, triggerRate_bit9, triggerCounts_bit9, triggerRate_bit10, triggerCounts_bit10, triggerRate_bit11, triggerCounts_bit11, triggerRate_bit12, triggerCounts_bit12, triggerRate_bit13, triggerCounts_bit13, triggerRate_tot,  triggerCounts_tot  
30, 2.29087, 487, 1.50529, 320, 0, 0, 0, 0, 0.0376324, 8, 0, 0, 0.202274, 43, 0, 0, 0.183458, 39, 0, 0, 0, 0, 0, 0, 0.503333, 107, 4.72286, 1004
subrunnum, triggerRate_bit1, triggerCounts_bit1, triggerRate_bit2, triggerCounts_bit2, triggerRate_bit3, triggerCounts_bit3, triggerRate_bit4, triggerCounts_bit4, triggerRate_bit5, triggerCounts_bit5, triggerRate_bit6, triggerCounts_bit6, triggerRate_bit7, triggerCounts_bit7, triggerRate_bit8, triggerCounts_bit8, triggerRate_bit9, triggerCounts_bit9, triggerRate_bit10, triggerCounts_bit10, triggerRate_bit11, triggerCounts_bit11, triggerRate_bit12, triggerCounts_bit12, triggerRate_bit13, triggerCounts_bit13, triggerRate_tot,  triggerCounts_tot  
31, 2.38692, 500, 1.43693, 301, 0, 0, 0, 0, 0.06206, 13, 0, 0, 0.171859, 36, 0, 0, 0.233919, 49, 0, 0, 0, 0, 0, 0, 0.491706, 103, 4.7834, 1002
subrunnum, triggerRate_bit1, triggerCounts_bit1, triggerRate_bit2, triggerCounts_bit2, triggerRate_bit3, triggerCounts_bit3, triggerRate_bit4, triggerCounts_bit4, triggerRate_bit5, triggerCounts_bit5, triggerRate_bit6, triggerCounts_bit6, triggerRate_bit7, triggerCounts_bit7, triggerRate_bit8, triggerCounts_bit8, triggerRate_bit9, triggerCounts_bit9, triggerRate_bit10, triggerCounts_bit10, triggerRate_bit11, triggerCounts_bit11, triggerRate_bit12, triggerCounts_bit12, triggerRate_bit13, triggerCounts_bit13, triggerRate_tot,  triggerCounts_tot  
32, 2.46281, 485, 1.63511, 322, 0, 0, 0, 0, 0.0609356, 12, 0, 0, 0.121871, 24, 0, 0, 0.304678, 60, 0, 0, 0, 0, 0, 0, 0.502719, 99, 5.08812, 1002
subrunnum, triggerRate_bit1, triggerCounts_bit1, triggerRate_bit2, triggerCounts_bit2, triggerRate_bit3, triggerCounts_bit3, triggerRate_bit4, triggerCounts_bit4, triggerRate_bit5, triggerCounts_bit5, triggerRate_bit6, triggerCounts_bit6, triggerRate_bit7, triggerCounts_bit7, triggerRate_bit8, triggerCounts_bit8, triggerRate_bit9, triggerCounts_bit9, triggerRate_bit10, triggerCounts_bit10, triggerRate_bit11, triggerCounts_bit11, triggerRate_bit12, triggerCounts_bit12, triggerRate_bit13, triggerCounts_bit13, triggerRate_tot,  triggerCounts_tot  
33, 2.11833, 441, 1.71484, 357, 0, 0, 0, 0, 0.0576417, 12, 0, 0, 0.206549, 43, 0, 0, 0.22096, 46, 0, 0, 0, 0, 0, 0, 0.499561, 104, 4.81789, 1003
subrunnum, triggerRate_bit1, triggerCounts_bit1, triggerRate_bit2, triggerCounts_bit2, triggerRate_bit3, triggerCounts_bit3, triggerRate_bit4, triggerCounts_bit4, triggerRate_bit5, triggerCounts_bit5, triggerRate_bit6, triggerCounts_bit6, triggerRate_bit7, triggerCounts_bit7, triggerRate_bit8, triggerCounts_bit8, triggerRate_bit9, triggerCounts_bit9, triggerRate_bit10, triggerCounts_bit10, triggerRate_bit11, triggerCounts_bit11, triggerRate_bit12, triggerCounts_bit12, triggerRate_bit13, triggerCounts_bit13, triggerRate_tot,  triggerCounts_tot  
34, 2.38878, 494, 1.58607, 328, 0, 0, 0, 0, 0.0290136, 6, 0, 0, 0.16441, 34, 0, 0, 0.178917, 37, 0, 0, 0, 0, 0, 0, 0.502902, 104, 4.8501, 1003
subrunnum, triggerRate_bit1, triggerCounts_bit1, triggerRate_bit2, triggerCounts_bit2, triggerRate_bit3, triggerCounts_bit3, triggerRate_bit4, triggerCounts_bit4, triggerRate_bit5, triggerCounts_bit5, triggerRate_bit6, triggerCounts_bit6, triggerRate_bit7, triggerCounts_bit7, triggerRate_bit8, triggerCounts_bit8, triggerRate_bit9, triggerCounts_bit9, triggerRate_bit10, triggerCounts_bit10, triggerRate_bit11, triggerCounts_bit11, triggerRate_bit12, triggerCounts_bit12, triggerRate_bit13, triggerCounts_bit13, triggerRate_tot,  triggerCounts_tot  
35, 2.28532, 475, 1.56364, 325, 0, 0, 0, 0, 0.0384896, 8, 0, 0, 0.197259, 41, 0, 0, 0.24056, 50, 0, 0, 0, 0, 0, 0, 0.495554, 103, 4.82083, 1002
subrunnum, triggerRate_bit1, triggerCounts_bit1, triggerRate_bit2, triggerCounts_bit2, triggerRate_bit3, triggerCounts_bit3, triggerRate_bit4, triggerCounts_bit4, triggerRate_bit5, triggerCounts_bit5, triggerRate_bit6, triggerCounts_bit6, triggerRate_bit7, triggerCounts_bit7, triggerRate_bit8, triggerCounts_bit8, triggerRate_bit9, triggerCounts_bit9, triggerRate_bit10, triggerCounts_bit10, triggerRate_bit11, triggerCounts_bit11, triggerRate_bit12, triggerCounts_bit12, triggerRate_bit13, triggerCounts_bit13, triggerRate_tot,  triggerCounts_tot  
36, 2.18389, 478, 1.51228, 331, 0, 0, 0, 0, 0.0776699, 17, 0, 0, 0.127927, 28, 0, 0, 0.173615, 38, 0, 0, 0, 0, 0, 0, 0.50257, 110, 4.57796, 1002
subrunnum, triggerRate_bit1, triggerCounts_bit1, triggerRate_bit2, triggerCounts_bit2, triggerRate_bit3, triggerCounts_bit3, triggerRate_bit4, triggerCounts_bit4, triggerRate_bit5, triggerCounts_bit5, triggerRate_bit6, triggerCounts_bit6, triggerRate_bit7, triggerCounts_bit7, triggerRate_bit8, triggerCounts_bit8, triggerRate_bit9, triggerCounts_bit9, triggerRate_bit10, triggerCounts_bit10, triggerRate_bit11, triggerCounts_bit11, triggerRate_bit12, triggerCounts_bit12, triggerRate_bit13, triggerCounts_bit13, triggerRate_tot,  triggerCounts_tot  
37, 2.10554, 459, 1.52296, 332, 0, 0, 0, 0, 0.059634, 13, 0, 0, 0.197251, 43, 0, 0, 0.206425, 45, 0, 0, 0, 0, 0, 0, 0.500008, 109, 4.59182, 1001
subrunnum, triggerRate_bit1, triggerCounts_bit1, triggerRate_bit2, triggerCounts_bit2, triggerRate_bit3, triggerCounts_bit3, triggerRate_bit4, triggerCounts_bit4, triggerRate_bit5, triggerCounts_bit5, triggerRate_bit6, triggerCounts_bit6, triggerRate_bit7, triggerCounts_bit7, triggerRate_bit8, triggerCounts_bit8, triggerRate_bit9, triggerCounts_bit9, triggerRate_bit10, triggerCounts_bit10, triggerRate_bit11, triggerCounts_bit11, triggerRate_bit12, triggerCounts_bit12, triggerRate_bit13, triggerCounts_bit13, triggerRate_tot,  triggerCounts_tot  
38, 2.25187, 468, 1.58786, 330, 0, 0, 0, 0, 0.062552, 13, 0, 0, 0.206903, 43, 0, 0, 0.211714, 44, 0, 0, 0, 0, 0, 0, 0.500416, 104, 4.82131, 1002
subrunnum, triggerRate_bit1, triggerCounts_bit1, triggerRate_bit2, triggerCounts_bit2, triggerRate_bit3, triggerCounts_bit3, triggerRate_bit4, triggerCounts_bit4, triggerRate_bit5, triggerCounts_bit5, triggerRate_bit6, triggerCounts_bit6, triggerRate_bit7, triggerCounts_bit7, triggerRate_bit8, triggerCounts_bit8, triggerRate_bit9, triggerCounts_bit9, triggerRate_bit10, triggerCounts_bit10, triggerRate_bit11, triggerCounts_bit11, triggerRate_bit12, triggerCounts_bit12, triggerRate_bit13, triggerCounts_bit13, triggerRate_tot,  triggerCounts_tot  
39, 2.32565, 485, 1.51047, 315, 0, 0, 0, 0, 0.0431564, 9, 0, 0, 0.187011, 39, 0, 0, 0.244553, 51, 0, 0, 0, 0, 0, 0, 0.503491, 105, 4.81433, 1004
subrunnum, triggerRate_bit1, triggerCounts_bit1, triggerRate_bit2, triggerCounts_bit2, triggerRate_bit3, triggerCounts_bit3, triggerRate_bit4, triggerCounts_bit4, triggerRate_bit5, triggerCounts_bit5, triggerRate_bit6, triggerCounts_bit6, triggerRate_bit7, triggerCounts_bit7, triggerRate_bit8, triggerCounts_bit8, triggerRate_bit9, triggerCounts_bit9, triggerRate_bit10, triggerCounts_bit10, triggerRate_bit11, triggerCounts_bit11, triggerRate_bit12, triggerCounts_bit12, triggerRate_bit13, triggerCounts_bit13, triggerRate_tot,  triggerCounts_tot  
40, 2.25674, 469, 1.55422, 323, 0, 0, 0, 0, 0.0625536, 13, 0, 0, 0.202096, 42, 0, 0, 0.259838, 54, 0, 0, 0, 0, 0, 0, 0.500429, 104, 4.83587, 1005
subrunnum, triggerRate_bit1, triggerCounts_bit1, triggerRate_bit2, triggerCounts_bit2, triggerRate_bit3, triggerCounts_bit3, triggerRate_bit4, triggerCounts_bit4, triggerRate_bit5, triggerCounts_bit5, triggerRate_bit6, triggerCounts_bit6, triggerRate_bit7, triggerCounts_bit7, triggerRate_bit8, triggerCounts_bit8, triggerRate_bit9, triggerCounts_bit9, triggerRate_bit10, triggerCounts_bit10, triggerRate_bit11, triggerCounts_bit11, triggerRate_bit12, triggerCounts_bit12, triggerRate_bit13, triggerCounts_bit13, triggerRate_tot,  triggerCounts_tot  
41, 2.19521, 454, 1.59081, 329, 0, 0, 0, 0, 0.0628586, 13, 0, 0, 0.222423, 46, 0, 0, 0.26594, 55, 0, 0, 0, 0, 0, 0, 0.498033, 103, 4.83527, 1000
subrunnum, triggerRate_bit1, triggerCounts_bit1, triggerRate_bit2, triggerCounts_bit2, triggerRate_bit3, triggerCounts_bit3, triggerRate_bit4, triggerCounts_bit4, triggerRate_bit5, triggerCounts_bit5, triggerRate_bit6, triggerCounts_bit6, triggerRate_bit7, triggerCounts_bit7, triggerRate_bit8, triggerCounts_bit8, triggerRate_bit9, triggerCounts_bit9, triggerRate_bit10, triggerCounts_bit10, triggerRate_bit11, triggerCounts_bit11, triggerRate_bit12, triggerCounts_bit12, triggerRate_bit13, triggerCounts_bit13, triggerRate_tot,  triggerCounts_tot  
42, 2.15121, 465, 1.57293, 340, 0, 0, 0, 0, 0.0832727, 18, 0, 0, 0.143414, 31, 0, 0, 0.194303, 42, 0, 0, 0, 0, 0, 0, 0.499636, 108, 4.64477, 1004
subrunnum, triggerRate_bit1, triggerCounts_bit1, triggerRate_bit2, triggerCounts_bit2, triggerRate_bit3, triggerCounts_bit3, triggerRate_bit4, triggerCounts_bit4, triggerRate_bit5, triggerCounts_bit5, triggerRate_bit6, triggerCounts_bit6, triggerRate_bit7, triggerCounts_bit7, triggerRate_bit8, triggerCounts_bit8, triggerRate_bit9, triggerCounts_bit9, triggerRate_bit10, triggerCounts_bit10, triggerRate_bit11, triggerCounts_bit11, triggerRate_bit12, triggerCounts_bit12, triggerRate_bit13, triggerCounts_bit13, triggerRate_tot,  triggerCounts_tot  
43, 2.32834, 474, 1.61118, 328, 0, 0, 0, 0, 0.0589454, 12, 0, 0, 0.216133, 44, 0, 0, 0.206309, 42, 0, 0, 0, 0, 0, 0, 0.501036, 102, 4.92194, 1002
subrunnum, triggerRate_bit1, triggerCounts_bit1, triggerRate_bit2, triggerCounts_bit2, triggerRate_bit3, triggerCounts_bit3, triggerRate_bit4, triggerCounts_bit4, triggerRate_bit5, triggerCounts_bit5, triggerRate_bit6, triggerCounts_bit6, triggerRate_bit7, triggerCounts_bit7, triggerRate_bit8, triggerCounts_bit8, triggerRate_bit9, triggerCounts_bit9, triggerRate_bit10, triggerCounts_bit10, triggerRate_bit11, triggerCounts_bit11, triggerRate_bit12, triggerCounts_bit12, triggerRate_bit13, triggerCounts_bit13, triggerRate_tot,  triggerCounts_tot  
44, 2.20614, 461, 1.57445, 329, 0, 0, 0, 0, 0.0813545, 17, 0, 0, 0.191422, 40, 0, 0, 0.239278, 50, 0, 0, 0, 0, 0, 0, 0.497698, 104, 4.79035, 1001
subrunnum, triggerRate_bit1, triggerCounts_bit1, triggerRate_bit2, triggerCounts_bit2, triggerRate_bit3, triggerCounts_bit3, triggerRate_bit4, triggerCounts_bit4, triggerRate_bit5, triggerCounts_bit5, triggerRate_bit6, triggerCounts_bit6, triggerRate_bit7, triggerCounts_bit7, triggerRate_bit8, triggerCounts_bit8, triggerRate_bit9, triggerCounts_bit9, triggerRate_bit10, triggerCounts_bit10, triggerRate_bit11, triggerCounts_bit11, triggerRate_bit12, triggerCounts_bit12, triggerRate_bit13, triggerCounts_bit13, triggerRate_tot,  triggerCounts_tot  
45, 2.29987, 479, 1.56526, 326, 0, 0, 0, 0, 0.0576168, 12, 0, 0, 0.196858, 41, 0, 0, 0.192056, 40, 0, 0, 0, 0, 0, 0, 0.499346, 104, 4.81101, 1002
subrunnum, triggerRate_bit1, triggerCounts_bit1, triggerRate_bit2, triggerCounts_bit2, triggerRate_bit3, triggerCounts_bit3, triggerRate_bit4, triggerCounts_bit4, triggerRate_bit5, triggerCounts_bit5, triggerRate_bit6, triggerCounts_bit6, triggerRate_bit7, triggerCounts_bit7, triggerRate_bit8, triggerCounts_bit8, triggerRate_bit9, triggerCounts_bit9, triggerRate_bit10, triggerCounts_bit10, triggerRate_bit11, triggerCounts_bit11, triggerRate_bit12, triggerCounts_bit12, triggerRate_bit13, triggerCounts_bit13, triggerRate_tot,  triggerCounts_tot  
46, 2.19924, 472, 1.57488, 338, 0, 0, 0, 0, 0.055913, 12, 0, 0, 0.144442, 31, 0, 0, 0.195695, 42, 0, 0, 0, 0, 0, 0, 0.498558, 107, 4.66874, 1002
subrunnum, triggerRate_bit1, triggerCounts_bit1, triggerRate_bit2, triggerCounts_bit2, triggerRate_bit3, triggerCounts_bit3, triggerRate_bit4, triggerCounts_bit4, triggerRate_bit5, triggerCounts_bit5, triggerRate_bit6, triggerCounts_bit6, triggerRate_bit7, triggerCounts_bit7, triggerRate_bit8, triggerCounts_bit8, triggerRate_bit9, triggerCounts_bit9, triggerRate_bit10, triggerCounts_bit10, triggerRate_bit11, triggerCounts_bit11, triggerRate_bit12, triggerCounts_bit12, triggerRate_bit13, triggerCounts_bit13, triggerRate_tot,  triggerCounts_tot  
47, 2.3747, 493, 1.47395, 306, 0, 0, 0, 0, 0.0770693, 16, 0, 0, 0.163772, 34, 0, 0, 0.250475, 52, 0, 0, 0, 0, 0, 0, 0.50095, 104, 4.84091, 1005
subrunnum, triggerRate_bit1, triggerCounts_bit1, triggerRate_bit2, triggerCounts_bit2, triggerRate_bit3, triggerCounts_bit3, triggerRate_bit4, triggerCounts_bit4, triggerRate_bit5, triggerCounts_bit5, triggerRate_bit6, triggerCounts_bit6, triggerRate_bit7, triggerCounts_bit7, triggerRate_bit8, triggerCounts_bit8, triggerRate_bit9, triggerCounts_bit9, triggerRate_bit10, triggerCounts_bit10, triggerRate_bit11, triggerCounts_bit11, triggerRate_bit12, triggerCounts_bit12, triggerRate_bit13, triggerCounts_bit13, triggerRate_tot,  triggerCounts_tot  
48, 2.3526, 490, 1.50278, 313, 0, 0, 0, 0, 0.0528135, 11, 0, 0, 0.134434, 28, 0, 0, 0.264067, 55, 0, 0, 0, 0, 0, 0, 0.504128, 105, 4.81083, 1002
subrunnum, triggerRate_bit1, triggerCounts_bit1, triggerRate_bit2, triggerCounts_bit2, triggerRate_bit3, triggerCounts_bit3, triggerRate_bit4, triggerCounts_bit4, triggerRate_bit5, triggerCounts_bit5, triggerRate_bit6, triggerCounts_bit6, triggerRate_bit7, triggerCounts_bit7, triggerRate_bit8, triggerCounts_bit8, triggerRate_bit9, triggerCounts_bit9, triggerRate_bit10, triggerCounts_bit10, triggerRate_bit11, triggerCounts_bit11, triggerRate_bit12, triggerCounts_bit12, triggerRate_bit13, triggerCounts_bit13, triggerRate_tot,  triggerCounts_tot  
49, 2.22437, 456, 1.64876, 338, 0, 0, 0, 0, 0.092682, 19, 0, 0, 0.21951, 45, 0, 0, 0.204876, 42, 0, 0, 0, 0, 0, 0, 0.497556, 102, 4.88776, 1002
subrunnum, triggerRate_bit1, triggerCounts_bit1, triggerRate_bit2, triggerCounts_bit2, triggerRate_bit3, triggerCounts_bit3, triggerRate_bit4, triggerCounts_bit4, triggerRate_bit5, triggerCounts_bit5, triggerRate_bit6, triggerCounts_bit6, triggerRate_bit7, triggerCounts_bit7, triggerRate_bit8, triggerCounts_bit8, triggerRate_bit9, triggerCounts_bit9, triggerRate_bit10, triggerCounts_bit10, triggerRate_bit11, triggerCounts_bit11, triggerRate_bit12, triggerCounts_bit12, triggerRate_bit13, triggerCounts_bit13, triggerRate_tot,  triggerCounts_tot  
50, 2.31449, 473, 1.59519, 326, 0, 0, 0, 0, 0.0587187, 12, 0, 0, 0.195729, 40, 0, 0, 0.234875, 48, 0, 0, 0, 0, 0, 0, 0.504002, 103, 4.90301, 1002
subrunnum, triggerRate_bit1, triggerCounts_bit1, triggerRate_bit2, triggerCounts_bit2, triggerRate_bit3, triggerCounts_bit3, triggerRate_bit4, triggerCounts_bit4, triggerRate_bit5, triggerCounts_bit5, triggerRate_bit6, triggerCounts_bit6, triggerRate_bit7, triggerCounts_bit7, triggerRate_bit8, triggerCounts_bit8, triggerRate_bit9, triggerCounts_bit9, triggerRate_bit10, triggerCounts_bit10, triggerRate_bit11, triggerCounts_bit11, triggerRate_bit12, triggerCounts_bit12, triggerRate_bit13, triggerCounts_bit13, triggerRate_tot,  triggerCounts_tot  
51, 2.18934, 460, 1.5135, 318, 0, 0, 0, 0, 0.0761508, 16, 0, 0, 0.223693, 47, 0, 0, 0.280806, 59, 0, 0, 0, 0, 0, 0, 0.49974, 105, 4.78322, 1005
subrunnum, triggerRate_bit1, triggerCounts_bit1, triggerRate_bit2, triggerCounts_bit2, triggerRate_bit3, triggerCounts_bit3, triggerRate_bit4, triggerCounts_bit4, triggerRate_bit5, triggerCounts_bit5, triggerRate_bit6, triggerCounts_bit6, triggerRate_bit7, triggerCounts_bit7, triggerRate_bit8, triggerCounts_bit8, triggerRate_bit9, triggerCounts_bit9, triggerRate_bit10, triggerCounts_bit10, triggerRate_bit11, triggerCounts_bit11, triggerRate_bit12, triggerCounts_bit12, triggerRate_bit13, triggerCounts_bit13, triggerRate_tot,  triggerCounts_tot  
52, 2.32424, 491, 1.51005, 319, 0, 0, 0, 0, 0.0568042, 12, 0, 0, 0.189347, 40, 0, 0, 0.175146, 37, 0, 0, 0, 0, 0, 0, 0.497037, 105, 4.75262, 1004
subrunnum, triggerRate_bit1, triggerCounts_bit1, triggerRate_bit2, triggerCounts_bit2, triggerRate_bit3, triggerCounts_bit3, triggerRate_bit4, triggerCounts_bit4, triggerRate_bit5, triggerCounts_bit5, triggerRate_bit6, triggerCounts_bit6, triggerRate_bit7, triggerCounts_bit7, triggerRate_bit8, triggerCounts_bit8, triggerRate_bit9, triggerCounts_bit9, triggerRate_bit10, triggerCounts_bit10, triggerRate_bit11, triggerCounts_bit11, triggerRate_bit12, triggerCounts_bit12, triggerRate_bit13, triggerCounts_bit13, triggerRate_tot,  triggerCounts_tot  
53, 2.29378, 486, 1.53391, 325, 0, 0, 0, 0, 0.0519169, 11, 0, 0, 0.136872, 29, 0, 0, 0.231266, 49, 0, 0, 0, 0, 0, 0, 0.50029, 106, 4.74804, 1006
subrunnum, triggerRate_bit1, triggerCounts_bit1, triggerRate_bit2, triggerCounts_bit2, triggerRate_bit3, triggerCounts_bit3, triggerRate_bit4, triggerCounts_bit4, triggerRate_bit5, triggerCounts_bit5, triggerRate_bit6, triggerCounts_bit6, triggerRate_bit7, triggerCounts_bit7, triggerRate_bit8, triggerCounts_bit8, triggerRate_bit9, triggerCounts_bit9, triggerRate_bit10, triggerCounts_bit10, triggerRate_bit11, triggerCounts_bit11, triggerRate_bit12, triggerCounts_bit12, triggerRate_bit13, triggerCounts_bit13, triggerRate_tot,  triggerCounts_tot  
54, 2.45069, 504, 1.55599, 320, 0, 0, 0, 0, 0.0534873, 11, 0, 0, 0.13615, 28, 0, 0, 0.179912, 37, 0, 0, 0, 0, 0, 0, 0.500836, 103, 4.87707, 1003
subrunnum, triggerRate_bit1, triggerCounts_bit1, triggerRate_bit2, triggerCounts_bit2, triggerRate_bit3, triggerCounts_bit3, triggerRate_bit4, triggerCounts_bit4, triggerRate_bit5, triggerCounts_bit5, triggerRate_bit6, triggerCounts_bit6, triggerRate_bit7, triggerCounts_bit7, triggerRate_bit8, triggerCounts_bit8, triggerRate_bit9, triggerCounts_bit9, triggerRate_bit10, triggerCounts_bit10, triggerRate_bit11, triggerCounts_bit11, triggerRate_bit12, triggerCounts_bit12, triggerRate_bit13, triggerCounts_bit13, triggerRate_tot,  triggerCounts_tot  
55, 2.22865, 480, 1.45327, 313, 0, 0, 0, 0, 0.0650023, 14, 0, 0, 0.190364, 41, 0, 0, 0.222865, 48, 0, 0, 0, 0, 0, 0, 0.501446, 108, 4.66159, 1004
subrunnum, triggerRate_bit1, triggerCounts_bit1, triggerRate_bit2, triggerCounts_bit2, triggerRate_bit3, triggerCounts_bit3, triggerRate_bit4, triggerCounts_bit4, triggerRate_bit5, triggerCounts_bit5, triggerRate_bit6, triggerCounts_bit6, triggerRate_bit7, triggerCounts_bit7, triggerRate_bit8, triggerCounts_bit8, triggerRate_bit9, triggerCounts_bit9, triggerRate_bit10, triggerCounts_bit10, triggerRate_bit11, triggerCounts_bit11, triggerRate_bit12, triggerCounts_bit12, triggerRate_bit13, triggerCounts_bit13, triggerRate_tot,  triggerCounts_tot  
56, 2.24633, 458, 1.67739, 342, 0, 0, 0, 0, 0.0392373, 8, 0, 0, 0.186377, 38, 0, 0, 0.259947, 53, 0, 0, 0, 0, 0, 0, 0.500275, 102, 4.90957, 1001
subrunnum, triggerRate_bit1, triggerCounts_bit1, triggerRate_bit2, triggerCounts_bit2, triggerRate_bit3, triggerCounts_bit3, triggerRate_bit4, triggerCounts_bit4, triggerRate_bit5, triggerCounts_bit5, triggerRate_bit6, triggerCounts_bit6, triggerRate_bit7, triggerCounts_bit7, triggerRate_bit8, triggerCounts_bit8, triggerRate_bit9, triggerCounts_bit9, triggerRate_bit10, triggerCounts_bit10, triggerRate_bit11, triggerCounts_bit11, triggerRate_bit12, triggerCounts_bit12, triggerRate_bit13, triggerCounts_bit13, triggerRate_tot,  triggerCounts_tot  
57, 2.37017, 484, 1.57195, 321, 0, 0, 0, 0, 0.0881467, 18, 0, 0, 0.142014, 29, 0, 0, 0.230161, 47, 0, 0, 0, 0, 0, 0, 0.499498, 102, 4.90193, 1001
subrunnum, triggerRate_bit1, triggerCounts_bit1, triggerRate_bit2, triggerCounts_bit2, triggerRate_bit3, triggerCounts_bit3, triggerRate_bit4, triggerCounts_bit4, triggerRate_bit5, triggerCounts_bit5, triggerRate_bit6, triggerCounts_bit6, triggerRate_bit7, triggerCounts_bit7, triggerRate_bit8, triggerCounts_bit8, triggerRate_bit9, triggerCounts_bit9, triggerRate_bit10, triggerCounts_bit10, triggerRate_bit11, triggerCounts_bit11, triggerRate_bit12, triggerCounts_bit12, triggerRate_bit13, triggerCounts_bit13, triggerRate_tot,  triggerCounts_tot  
58, 2.25441, 491, 1.41877, 309, 0, 0, 0, 0, 0.0550977, 12, 0, 0, 0.179068, 39, 0, 0, 0.197433, 43, 0, 0, 0, 0, 0, 0, 0.500471, 109, 4.60525, 1003
subrunnum, triggerRate_bit1, triggerCounts_bit1, triggerRate_bit2, triggerCounts_bit2, triggerRate_bit3, triggerCounts_bit3, triggerRate_bit4, triggerCounts_bit4, triggerRate_bit5, triggerCounts_bit5, triggerRate_bit6, triggerCounts_bit6, triggerRate_bit7, triggerCounts_bit7, triggerRate_bit8, triggerCounts_bit8, triggerRate_bit9, triggerCounts_bit9, triggerRate_bit10, triggerCounts_bit10, triggerRate_bit11, triggerCounts_bit11, triggerRate_bit12, triggerCounts_bit12, triggerRate_bit13, triggerCounts_bit13, triggerRate_tot,  triggerCounts_tot  
59, 2.25071, 477, 1.5854, 336, 0, 0, 0, 0, 0.0660584, 14, 0, 0, 0.117961, 25, 0, 0, 0.207612, 44, 0, 0, 0, 0, 0, 0, 0.500157, 106, 4.7279, 1002
subrunnum, triggerRate_bit1, triggerCounts_bit1, triggerRate_bit2, triggerCounts_bit2, triggerRate_bit3, triggerCounts_bit3, triggerRate_bit4, triggerCounts_bit4, triggerRate_bit5, triggerCounts_bit5, triggerRate_bit6, triggerCounts_bit6, triggerRate_bit7, triggerCounts_bit7, triggerRate_bit8, triggerCounts_bit8, triggerRate_bit9, triggerCounts_bit9, triggerRate_bit10, triggerCounts_bit10, triggerRate_bit11, triggerCounts_bit11, triggerRate_bit12, triggerCounts_bit12, triggerRate_bit13, triggerCounts_bit13, triggerRate_tot,  triggerCounts_tot  
60, 2.2448, 479, 1.54184, 329, 0, 0, 0, 0, 0.0468643, 10, 0, 0, 0.173398, 37, 0, 0, 0.21089, 45, 0, 0, 0, 0, 0, 0, 0.501448, 107, 4.71924, 1007
subrunnum, triggerRate_bit1, triggerCounts_bit1, triggerRate_bit2, triggerCounts_bit2, triggerRate_bit3, triggerCounts_bit3, triggerRate_bit4, triggerCounts_bit4, triggerRate_bit5, triggerCounts_bit5, triggerRate_bit6, triggerCounts_bit6, triggerRate_bit7, triggerCounts_bit7, triggerRate_bit8, triggerCounts_bit8, triggerRate_bit9, triggerCounts_bit9, triggerRate_bit10, triggerCounts_bit10, triggerRate_bit11, triggerCounts_bit11, triggerRate_bit12, triggerCounts_bit12, triggerRate_bit13, triggerCounts_bit13, triggerRate_tot,  triggerCounts_tot  
61, 2.27106, 477, 1.55213, 326, 0, 0, 0, 0, 0.038089, 8, 0, 0, 0.190445, 40, 0, 0, 0.228534, 48, 0, 0, 0, 0, 0, 0, 0.499919, 105, 4.78017, 1004
subrunnum, triggerRate_bit1, triggerCounts_bit1, triggerRate_bit2, triggerCounts_bit2, triggerRate_bit3, triggerCounts_bit3, triggerRate_bit4, triggerCounts_bit4, triggerRate_bit5, triggerCounts_bit5, triggerRate_bit6, triggerCounts_bit6, triggerRate_bit7, triggerCounts_bit7, triggerRate_bit8, triggerCounts_bit8, triggerRate_bit9, triggerCounts_bit9, triggerRate_bit10, triggerCounts_bit10, triggerRate_bit11, triggerCounts_bit11, triggerRate_bit12, triggerCounts_bit12, triggerRate_bit13, triggerCounts_bit13, triggerRate_tot,  triggerCounts_tot  
62, 2.16941, 475, 1.49347, 327, 0, 0, 0, 0, 0.0593734, 13, 0, 0, 0.17812, 39, 0, 0, 0.191822, 42, 0, 0, 0, 0, 0, 0, 0.497823, 109, 4.59002, 1005
subrunnum, triggerRate_bit1, triggerCounts_bit1, triggerRate_bit2, triggerCounts_bit2, triggerRate_bit3, triggerCounts_bit3, triggerRate_bit4, triggerCounts_bit4, triggerRate_bit5, triggerCounts_bit5, triggerRate_bit6, triggerCounts_bit6, triggerRate_bit7, triggerCounts_bit7, triggerRate_bit8, triggerCounts_bit8, triggerRate_bit9, triggerCounts_bit9, triggerRate_bit10, triggerCounts_bit10, triggerRate_bit11, triggerCounts_bit11, triggerRate_bit12, triggerCounts_bit12, triggerRate_bit13, triggerCounts_bit13, triggerRate_tot,  triggerCounts_tot  
63, 2.28619, 477, 1.51454, 316, 0, 0, 0, 0, 0.0623069, 13, 0, 0, 0.196506, 41, 0, 0, 0.244435, 51, 0, 0, 0, 0, 0, 0, 0.503248, 105, 4.80722, 1003
subrunnum, triggerRate_bit1, triggerCounts_bit1, triggerRate_bit2, triggerCounts_bit2, triggerRate_bit3, triggerCounts_bit3, triggerRate_bit4, triggerCounts_bit4, triggerRate_bit5, triggerCounts_bit5, triggerRate_bit6, triggerCounts_bit6, triggerRate_bit7, triggerCounts_bit7, triggerRate_bit8, triggerCounts_bit8, triggerRate_bit9, triggerCounts_bit9, triggerRate_bit10, triggerCounts_bit10, triggerRate_bit11, triggerCounts_bit11, triggerRate_bit12, triggerCounts_bit12, triggerRate_bit13, triggerCounts_bit13, triggerRate_tot,  triggerCounts_tot  
64, 2.2092, 480, 1.52803, 332, 0, 0, 0, 0, 0.0598324, 13, 0, 0, 0.119665, 26, 0, 0, 0.197907, 43, 0, 0, 0, 0, 0, 0, 0.49707, 108, 4.6117, 1002
subrunnum, triggerRate_bit1, triggerCounts_bit1, triggerRate_bit2, triggerCounts_bit2, triggerRate_bit3, triggerCounts_bit3, triggerRate_bit4, triggerCounts_bit4, triggerRate_bit5, triggerCounts_bit5, triggerRate_bit6, triggerCounts_bit6, triggerRate_bit7, triggerCounts_bit7, triggerRate_bit8, triggerCounts_bit8, triggerRate_bit9, triggerCounts_bit9, triggerRate_bit10, triggerCounts_bit10, triggerRate_bit11, triggerCounts_bit11, triggerRate_bit12, triggerCounts_bit12, triggerRate_bit13, triggerCounts_bit13, triggerRate_tot,  triggerCounts_tot  
65, 2.10795, 462, 1.57868, 346, 0, 0, 0, 0, 0.041064, 9, 0, 0, 0.146005, 32, 0, 0, 0.200757, 44, 0, 0, 0, 0, 0, 0, 0.501894, 110, 4.57636, 1003
subrunnum, triggerRate_bit1, triggerCounts_bit1, triggerRate_bit2, triggerCounts_bit2, triggerRate_bit3, triggerCounts_bit3, triggerRate_bit4, triggerCounts_bit4, triggerRate_bit5, triggerCounts_bit5, triggerRate_bit6, triggerCounts_bit6, triggerRate_bit7, triggerCounts_bit7, triggerRate_bit8, triggerCounts_bit8, triggerRate_bit9, triggerCounts_bit9, triggerRate_bit10, triggerCounts_bit10, triggerRate_bit11, triggerCounts_bit11, triggerRate_bit12, triggerCounts_bit12, triggerRate_bit13, triggerCounts_bit13, triggerRate_tot,  triggerCounts_tot  
66, 2.38608, 479, 1.62393, 326, 0, 0, 0, 0, 0.0298882, 6, 0, 0, 0.174348, 35, 0, 0, 0.283938, 57, 0, 0, 0, 0, 0, 0, 0.498137, 100, 4.99631, 1003
subrunnum, triggerRate_bit1, triggerCounts_bit1, triggerRate_bit2, triggerCounts_bit2, triggerRate_bit3, triggerCounts_bit3, triggerRate_bit4, triggerCounts_bit4, triggerRate_bit5, triggerCounts_bit5, triggerRate_bit6, triggerCounts_bit6, triggerRate_bit7, triggerCounts_bit7, triggerRate_bit8, triggerCounts_bit8, triggerRate_bit9, triggerCounts_bit9, triggerRate_bit10, triggerCounts_bit10, triggerRate_bit11, triggerCounts_bit11, triggerRate_bit12, triggerCounts_bit12, triggerRate_bit13, triggerCounts_bit13, triggerRate_tot,  triggerCounts_tot  
67, 2.14014, 458, 1.60277, 343, 0, 0, 0, 0, 0.0514007, 11, 0, 0, 0.154202, 33, 0, 0, 0.247658, 53, 0, 0, 0, 0, 0, 0, 0.504661, 108, 4.70083, 1006
subrunnum, triggerRate_bit1, triggerCounts_bit1, triggerRate_bit2, triggerCounts_bit2, triggerRate_bit3, triggerCounts_bit3, triggerRate_bit4, triggerCounts_bit4, triggerRate_bit5, triggerCounts_bit5, triggerRate_bit6, triggerCounts_bit6, triggerRate_bit7, triggerCounts_bit7, triggerRate_bit8, triggerCounts_bit8, triggerRate_bit9, triggerCounts_bit9, triggerRate_bit10, triggerCounts_bit10, triggerRate_bit11, triggerCounts_bit11, triggerRate_bit12, triggerCounts_bit12, triggerRate_bit13, triggerCounts_bit13, triggerRate_tot,  triggerCounts_tot  
68, 2.23948, 464, 1.5879, 329, 0, 0, 0, 0, 0.0868762, 18, 0, 0, 0.212364, 44, 0, 0, 0.222017, 46, 0, 0, 0, 0, 0, 0, 0.497125, 103, 4.84576, 1004
subrunnum, triggerRate_bit1, triggerCounts_bit1, triggerRate_bit2, triggerCounts_bit2, triggerRate_bit3, triggerCounts_bit3, triggerRate_bit4, triggerCounts_bit4, triggerRate_bit5, triggerCounts_bit5, triggerRate_bit6, triggerCounts_bit6, triggerRate_bit7, triggerCounts_bit7, triggerRate_bit8, triggerCounts_bit8, triggerRate_bit9, triggerCounts_bit9, triggerRate_bit10, triggerCounts_bit10, triggerRate_bit11, triggerCounts_bit11, triggerRate_bit12, triggerCounts_bit12, triggerRate_bit13, triggerCounts_bit13, triggerRate_tot,  triggerCounts_tot  
69, 2.24001, 483, 1.50262, 324, 0, 0, 0, 0, 0.0556524, 12, 0, 0, 0.171595, 37, 0, 0, 0.190146, 41, 0, 0, 0, 0, 0, 0, 0.500872, 108, 4.66089, 1005
subrunnum, triggerRate_bit1, triggerCounts_bit1, triggerRate_bit2, triggerCounts_bit2, triggerRate_bit3, triggerCounts_bit3, triggerRate_bit4, triggerCounts_bit4, triggerRate_bit5, triggerCounts_bit5, triggerRate_bit6, triggerCounts_bit6, triggerRate_bit7, triggerCounts_bit7, triggerRate_bit8, triggerCounts_bit8, triggerRate_bit9, triggerCounts_bit9, triggerRate_bit10, triggerCounts_bit10, triggerRate_bit11, triggerCounts_bit11, triggerRate_bit12, triggerCounts_bit12, triggerRate_bit13, triggerCounts_bit13, triggerRate_tot,  triggerCounts_tot  
70, 2.20463, 472, 1.56006, 334, 0, 0, 0, 0, 0.0747333, 16, 0, 0, 0.140125, 30, 0, 0, 0.205517, 44, 0, 0, 0, 0, 0, 0, 0.499779, 107, 4.68484, 1003
subrunnum, triggerRate_bit1, triggerCounts_bit1, triggerRate_bit2, triggerCounts_bit2, triggerRate_bit3, triggerCounts_bit3, triggerRate_bit4, triggerCounts_bit4, triggerRate_bit5, triggerCounts_bit5, triggerRate_bit6, triggerCounts_bit6, triggerRate_bit7, triggerCounts_bit7, triggerRate_bit8, triggerCounts_bit8, triggerRate_bit9, triggerCounts_bit9, triggerRate_bit10, triggerCounts_bit10, triggerRate_bit11, triggerCounts_bit11, triggerRate_bit12, triggerCounts_bit12, triggerRate_bit13, triggerCounts_bit13, triggerRate_tot,  triggerCounts_tot  
71, 2.2946, 489, 1.47342, 314, 0, 0, 0, 0, 0.0610015, 13, 0, 0, 0.15485, 33, 0, 0, 0.225236, 48, 0, 0, 0, 0, 0, 0, 0.50209, 107, 4.7112, 1004
subrunnum, triggerRate_bit1, triggerCounts_bit1, triggerRate_bit2, triggerCounts_bit2, triggerRate_bit3, triggerCounts_bit3, triggerRate_bit4, triggerCounts_bit4, triggerRate_bit5, triggerCounts_bit5, triggerRate_bit6, triggerCounts_bit6, triggerRate_bit7, triggerCounts_bit7, triggerRate_bit8, triggerCounts_bit8, triggerRate_bit9, triggerCounts_bit9, triggerRate_bit10, triggerCounts_bit10, triggerRate_bit11, triggerCounts_bit11, triggerRate_bit12, triggerCounts_bit12, triggerRate_bit13, triggerCounts_bit13, triggerRate_tot,  triggerCounts_tot  
72, 2.30066, 490, 1.44613, 308, 0, 0, 0, 0, 0.0516475, 11, 0, 0, 0.183114, 39, 0, 0, 0.220675, 47, 0, 0, 0, 0, 0, 0, 0.502389, 107, 4.70461, 1002
subrunnum, triggerRate_bit1, triggerCounts_bit1, triggerRate_bit2, triggerCounts_bit2, triggerRate_bit3, triggerCounts_bit3, triggerRate_bit4, triggerCounts_bit4, triggerRate_bit5, triggerCounts_bit5, triggerRate_bit6, triggerCounts_bit6, triggerRate_bit7, triggerCounts_bit7, triggerRate_bit8, triggerCounts_bit8, triggerRate_bit9, triggerCounts_bit9, triggerRate_bit10, triggerCounts_bit10, triggerRate_bit11, triggerCounts_bit11, triggerRate_bit12, triggerCounts_bit12, triggerRate_bit13, triggerCounts_bit13, triggerRate_tot,  triggerCounts_tot  
73, 2.42739, 483, 1.64841, 328, 0, 0, 0, 0, 0.0502564, 10, 0, 0, 0.196, 39, 0, 0, 0.226154, 45, 0, 0, 0, 0, 0, 0, 0.497539, 99, 5.04575, 1004
subrunnum, triggerRate_bit1, triggerCounts_bit1, triggerRate_bit2, triggerCounts_bit2, triggerRate_bit3, triggerCounts_bit3, triggerRate_bit4, triggerCounts_bit4, triggerRate_bit5, triggerCounts_bit5, triggerRate_bit6, triggerCounts_bit6, triggerRate_bit7, triggerCounts_bit7, triggerRate_bit8, triggerCounts_bit8, triggerRate_bit9, triggerCounts_bit9, triggerRate_bit10, triggerCounts_bit10, triggerRate_bit11, triggerCounts_bit11, triggerRate_bit12, triggerCounts_bit12, triggerRate_bit13, triggerCounts_bit13, triggerRate_tot,  triggerCounts_tot  
74, 2.15606, 459, 1.51253, 322, 0, 0, 0, 0, 0.0892485, 19, 0, 0, 0.192589, 41, 0, 0, 0.263048, 56, 0, 0, 0, 0, 0, 0, 0.497913, 106, 4.71138, 1003
subrunnum, triggerRate_bit1, triggerCounts_bit1, triggerRate_bit2, triggerCounts_bit2, triggerRate_bit3, triggerCounts_bit3, triggerRate_bit4, triggerCounts_bit4, triggerRate_bit5, triggerCounts_bit5, triggerRate_bit6, triggerCounts_bit6, triggerRate_bit7, triggerCounts_bit7, triggerRate_bit8, triggerCounts_bit8, triggerRate_bit9, triggerCounts_bit9, triggerRate_bit10, triggerCounts_bit10, triggerRate_bit11, triggerCounts_bit11, triggerRate_bit12, triggerCounts_bit12, triggerRate_bit13, triggerCounts_bit13, triggerRate_tot,  triggerCounts_tot  
75, 2.11152, 460, 1.52397, 332, 0, 0, 0, 0, 0.0550831, 12, 0, 0, 0.188201, 41, 0, 0, 0.224923, 49, 0, 0, 0, 0, 0, 0, 0.500338, 109, 4.60403, 1003
subrunnum, triggerRate_bit1, triggerCounts_bit1, triggerRate_bit2, triggerCounts_bit2, triggerRate_bit3, triggerCounts_bit3, triggerRate_bit4, triggerCounts_bit4, triggerRate_bit5, triggerCounts_bit5, triggerRate_bit6, triggerCounts_bit6, triggerRate_bit7, triggerCounts_bit7, triggerRate_bit8, triggerCounts_bit8, triggerRate_bit9, triggerCounts_bit9, triggerRate_bit10, triggerCounts_bit10, triggerRate_bit11, triggerCounts_bit11, triggerRate_bit12, triggerCounts_bit12, triggerRate_bit13, triggerCounts_bit13, triggerRate_tot,  triggerCounts_tot  
76, 2.24199, 479, 1.55395, 332, 0, 0, 0, 0, 0.0608473, 13, 0, 0, 0.107653, 23, 0, 0, 0.234028, 50, 0, 0, 0, 0, 0, 0, 0.50082, 107, 4.69929, 1004
subrunnum, triggerRate_bit1, triggerCounts_bit1, triggerRate_bit2, triggerCounts_bit2, triggerRate_bit3, triggerCounts_bit3, triggerRate_bit4, triggerCounts_bit4, triggerRate_bit5, triggerCounts_bit5, triggerRate_bit6, triggerCounts_bit6, triggerRate_bit7, triggerCounts_bit7, triggerRate_bit8, triggerCounts_bit8, triggerRate_bit9, triggerCounts_bit9, triggerRate_bit10, triggerCounts_bit10, triggerRate_bit11, triggerCounts_bit11, triggerRate_bit12, triggerCounts_bit12, triggerRate_bit13, triggerCounts_bit13, triggerRate_tot,  triggerCounts_tot  
77, 2.37549, 495, 1.48768, 310, 0, 0, 0, 0, 0.0479897, 10, 0, 0, 0.153567, 32, 0, 0, 0.23515, 49, 0, 0, 0, 0, 0, 0, 0.503892, 105, 4.80377, 1001
subrunnum, triggerRate_bit1, triggerCounts_bit1, triggerRate_bit2, triggerCounts_bit2, triggerRate_bit3, triggerCounts_bit3, triggerRate_bit4, triggerCounts_bit4, triggerRate_bit5, triggerCounts_bit5, triggerRate_bit6, triggerCounts_bit6, triggerRate_bit7, triggerCounts_bit7, triggerRate_bit8, triggerCounts_bit8, triggerRate_bit9, triggerCounts_bit9, triggerRate_bit10, triggerCounts_bit10, triggerRate_bit11, triggerCounts_bit11, triggerRate_bit12, triggerCounts_bit12, triggerRate_bit13, triggerCounts_bit13, triggerRate_tot,  triggerCounts_tot  
78, 2.52165, 505, 1.55793, 312, 0, 0, 0, 0, 0.0549271, 11, 0, 0, 0.174768, 35, 0, 0, 0.214715, 43, 0, 0, 0, 0, 0, 0, 0.499337, 100, 5.02333, 1006
subrunnum, triggerRate_bit1, triggerCounts_bit1, triggerRate_bit2, triggerCounts_bit2, triggerRate_bit3, triggerCounts_bit3, triggerRate_bit4, triggerCounts_bit4, triggerRate_bit5, triggerCounts_bit5, triggerRate_bit6, triggerCounts_bit6, triggerRate_bit7, triggerCounts_bit7, triggerRate_bit8, triggerCounts_bit8, triggerRate_bit9, triggerCounts_bit9, triggerRate_bit10, triggerCounts_bit10, triggerRate_bit11, triggerCounts_bit11, triggerRate_bit12, triggerCounts_bit12, triggerRate_bit13, triggerCounts_bit13, triggerRate_tot,  triggerCounts_tot  
79, 2.3339, 466, 1.68281, 336, 0, 0, 0, 0, 0.0651087, 13, 0, 0, 0.230385, 46, 0, 0, 0.205343, 41, 0, 0, 0, 0, 0, 0, 0.500836, 100, 5.01838, 1002
subrunnum, triggerRate_bit1, triggerCounts_bit1, triggerRate_bit2, triggerCounts_bit2, triggerRate_bit3, triggerCounts_bit3, triggerRate_bit4, triggerCounts_bit4, triggerRate_bit5, triggerCounts_bit5, triggerRate_bit6, triggerCounts_bit6, triggerRate_bit7, triggerCounts_bit7, triggerRate_bit8, triggerCounts_bit8, triggerRate_bit9, triggerCounts_bit9, triggerRate_bit10, triggerCounts_bit10, triggerRate_bit11, triggerCounts_bit11, triggerRate_bit12, triggerCounts_bit12, triggerRate_bit13, triggerCounts_bit13, triggerRate_tot,  triggerCounts_tot  
80, 2.33702, 487, 1.54522, 322, 0, 0, 0, 0, 0.0575858, 12, 0, 0, 0.177556, 37, 0, 0, 0.187154, 39, 0, 0, 0, 0, 0, 0, 0.499077, 104, 4.80361, 1001
subrunnum, triggerRate_bit1, triggerCounts_bit1, triggerRate_bit2, triggerCounts_bit2, triggerRate_bit3, triggerCounts_bit3, triggerRate_bit4, triggerCounts_bit4, triggerRate_bit5, triggerCounts_bit5, triggerRate_bit6, triggerCounts_bit6, triggerRate_bit7, triggerCounts_bit7, triggerRate_bit8, triggerCounts_bit8, triggerRate_bit9, triggerCounts_bit9, triggerRate_bit10, triggerCounts_bit10, triggerRate_bit11, triggerCounts_bit11, triggerRate_bit12, triggerCounts_bit12, triggerRate_bit13, triggerCounts_bit13, triggerRate_tot,  triggerCounts_tot  
81, 2.32075, 480, 1.56167, 323, 0, 0, 0, 0, 0.0386791, 8, 0, 0, 0.21757, 45, 0, 0, 0.21757, 45, 0, 0, 0, 0, 0, 0, 0.497993, 103, 4.85423, 1004
subrunnum, triggerRate_bit1, triggerCounts_bit1, triggerRate_bit2, triggerCounts_bit2, triggerRate_bit3, triggerCounts_bit3, triggerRate_bit4, triggerCounts_bit4, triggerRate_bit5, triggerCounts_bit5, triggerRate_bit6, triggerCounts_bit6, triggerRate_bit7, triggerCounts_bit7, triggerRate_bit8, triggerCounts_bit8, triggerRate_bit9, triggerCounts_bit9, triggerRate_bit10, triggerCounts_bit10, triggerRate_bit11, triggerCounts_bit11, triggerRate_bit12, triggerCounts_bit12, triggerRate_bit13, triggerCounts_bit13, triggerRate_tot,  triggerCounts_tot  
82, 2.26408, 477, 1.51413, 319, 0, 0, 0, 0, 0.075944, 16, 0, 0, 0.17562, 37, 0, 0, 0.232578, 49, 0, 0, 0, 0, 0, 0, 0.503129, 106, 4.76548, 1004
subrunnum, triggerRate_bit1, triggerCounts_bit1, triggerRate_bit2, triggerCounts_bit2, triggerRate_bit3, triggerCounts_bit3, triggerRate_bit4, triggerCounts_bit4, triggerRate_bit5, triggerCounts_bit5, triggerRate_bit6, triggerCounts_bit6, triggerRate_bit7, triggerCounts_bit7, triggerRate_bit8, triggerCounts_bit8, triggerRate_bit9, triggerCounts_bit9, triggerRate_bit10, triggerCounts_bit10, triggerRate_bit11, triggerCounts_bit11, triggerRate_bit12, triggerCounts_bit12, triggerRate_bit13, triggerCounts_bit13, triggerRate_tot,  triggerCounts_tot  
83, 2.37065, 474, 1.69546, 339, 0, 0, 0, 0, 0.0450123, 9, 0, 0, 0.165045, 33, 0, 0, 0.235064, 47, 0, 0, 0, 0, 0, 0, 0.500137, 100, 5.01137, 1002
subrunnum, triggerRate_bit1, triggerCounts_bit1, triggerRate_bit2, triggerCounts_bit2, triggerRate_bit3, triggerCounts_bit3, triggerRate_bit4, triggerCounts_bit4, triggerRate_bit5, triggerCounts_bit5, triggerRate_bit6, triggerCounts_bit6, triggerRate_bit7, triggerCounts_bit7, triggerRate_bit8, triggerCounts_bit8, triggerRate_bit9, triggerCounts_bit9, triggerRate_bit10, triggerCounts_bit10, triggerRate_bit11, triggerCounts_bit11, triggerRate_bit12, triggerCounts_bit12, triggerRate_bit13, triggerCounts_bit13, triggerRate_tot,  triggerCounts_tot  
84, 2.4756, 508, 1.47171, 302, 0, 0, 0, 0, 0.043859, 9, 0, 0, 0.214422, 44, 0, 0, 0.190056, 39, 0, 0, 0, 0, 0, 0, 0.497068, 102, 4.89271, 1004
subrunnum, triggerRate_bit1, triggerCounts_bit1, triggerRate_bit2, triggerCounts_bit2, triggerRate_bit3, triggerCounts_bit3, triggerRate_bit4, triggerCounts_bit4, triggerRate_bit5, triggerCounts_bit5, triggerRate_bit6, triggerCounts_bit6, triggerRate_bit7, triggerCounts_bit7, triggerRate_bit8, triggerCounts_bit8, triggerRate_bit9, triggerCounts_bit9, triggerRate_bit10, triggerCounts_bit10, triggerRate_bit11, triggerCounts_bit11, triggerRate_bit12, triggerCounts_bit12, triggerRate_bit13, triggerCounts_bit13, triggerRate_tot,  triggerCounts_tot  
85, 2.2472, 472, 1.52353, 320, 0, 0, 0, 0, 0.0666543, 14, 0, 0, 0.190441, 40, 0, 0, 0.242812, 51, 0, 0, 0, 0, 0, 0, 0.504668, 106, 4.7753, 1003
subrunnum, triggerRate_bit1, triggerCounts_bit1, triggerRate_bit2, triggerCounts_bit2, triggerRate_bit3, triggerCounts_bit3, triggerRate_bit4, triggerCounts_bit4, triggerRate_bit5, triggerCounts_bit5, triggerRate_bit6, triggerCounts_bit6, triggerRate_bit7, triggerCounts_bit7, triggerRate_bit8, triggerCounts_bit8, triggerRate_bit9, triggerCounts_bit9, triggerRate_bit10, triggerCounts_bit10, triggerRate_bit11, triggerCounts_bit11, triggerRate_bit12, triggerCounts_bit12, triggerRate_bit13, triggerCounts_bit13, triggerRate_tot,  triggerCounts_tot  
86, 2.28727, 472, 1.56523, 323, 0, 0, 0, 0, 0.0533051, 11, 0, 0, 0.203528, 42, 0, 0, 0.242296, 50, 0, 0, 0, 0, 0, 0, 0.499129, 103, 4.85076, 1001
subrunnum, triggerRate_bit1, triggerCounts_bit1, triggerRate_bit2, triggerCounts_bit2, triggerRate_bit3, triggerCounts_bit3, triggerRate_bit4, triggerCounts_bit4, triggerRate_bit5, triggerCounts_bit5, triggerRate_bit6, triggerCounts_bit6, triggerRate_bit7, triggerCounts_bit7, triggerRate_bit8, triggerCounts_bit8, triggerRate_bit9, triggerCounts_bit9, triggerRate_bit10, triggerCounts_bit10, triggerRate_bit11, triggerCounts_bit11, triggerRate_bit12, triggerCounts_bit12, triggerRate_bit13, triggerCounts_bit13, triggerRate_tot,  triggerCounts_tot  
87, 2.26731, 479, 1.47683, 312, 0, 0, 0, 0, 0.0568011, 12, 0, 0, 0.241404, 51, 0, 0, 0.198804, 42, 0, 0, 0, 0, 0, 0, 0.497009, 105, 4.73815, 1001
subrunnum, triggerRate_bit1, triggerCounts_bit1, triggerRate_bit2, triggerCounts_bit2, triggerRate_bit3, triggerCounts_bit3, triggerRate_bit4, triggerCounts_bit4, triggerRate_bit5, triggerCounts_bit5, triggerRate_bit6, triggerCounts_bit6, triggerRate_bit7, triggerCounts_bit7, triggerRate_bit8, triggerCounts_bit8, triggerRate_bit9, triggerCounts_bit9, triggerRate_bit10, triggerCounts_bit10, triggerRate_bit11, triggerCounts_bit11, triggerRate_bit12, triggerCounts_bit12, triggerRate_bit13, triggerCounts_bit13, triggerRate_tot,  triggerCounts_tot  
88, 2.31692, 478, 1.56562, 323, 0, 0, 0, 0, 0.0290826, 6, 0, 0, 0.208426, 43, 0, 0, 0.242355, 50, 0, 0, 0, 0, 0, 0, 0.504099, 104, 4.8665, 1004
subrunnum, triggerRate_bit1, triggerCounts_bit1, triggerRate_bit2, triggerCounts_bit2, triggerRate_bit3, triggerCounts_bit3, triggerRate_bit4, triggerCounts_bit4, triggerRate_bit5, triggerCounts_bit5, triggerRate_bit6, triggerCounts_bit6, triggerRate_bit7, triggerCounts_bit7, triggerRate_bit8, triggerCounts_bit8, triggerRate_bit9, triggerCounts_bit9, triggerRate_bit10, triggerCounts_bit10, triggerRate_bit11, triggerCounts_bit11, triggerRate_bit12, triggerCounts_bit12, triggerRate_bit13, triggerCounts_bit13, triggerRate_tot,  triggerCounts_tot  
89, 2.47676, 482, 1.64432, 320, 0, 0, 0, 0, 0.10277, 20, 0, 0, 0.20554, 40, 0, 0, 0.251786, 49, 0, 0, 0, 0, 0, 0, 0.498434, 97, 5.17961, 1008
subrunnum, triggerRate_bit1, triggerCounts_bit1, triggerRate_bit2, triggerCounts_bit2, triggerRate_bit3, triggerCounts_bit3, triggerRate_bit4, triggerCounts_bit4, triggerRate_bit5, triggerCounts_bit5, triggerRate_bit6, triggerCounts_bit6, triggerRate_bit7, triggerCounts_bit7, triggerRate_bit8, triggerCounts_bit8, triggerRate_bit9, triggerCounts_bit9, triggerRate_bit10, triggerCounts_bit10, triggerRate_bit11, triggerCounts_bit11, triggerRate_bit12, triggerCounts_bit12, triggerRate_bit13, triggerCounts_bit13, triggerRate_tot,  triggerCounts_tot  
90, 2.23462, 493, 1.35074, 298, 0, 0, 0, 0, 0.045327, 10, 0, 0, 0.213037, 47, 0, 0, 0.194906, 43, 0, 0, 0, 0, 0, 0, 0.498597, 110, 4.53723, 1001
subrunnum, triggerRate_bit1, triggerCounts_bit1, triggerRate_bit2, triggerCounts_bit2, triggerRate_bit3, triggerCounts_bit3, triggerRate_bit4, triggerCounts_bit4, triggerRate_bit5, triggerCounts_bit5, triggerRate_bit6, triggerCounts_bit6, triggerRate_bit7, triggerCounts_bit7, triggerRate_bit8, triggerCounts_bit8, triggerRate_bit9, triggerCounts_bit9, triggerRate_bit10, triggerCounts_bit10, triggerRate_bit11, triggerCounts_bit11, triggerRate_bit12, triggerCounts_bit12, triggerRate_bit13, triggerCounts_bit13, triggerRate_tot,  triggerCounts_tot  
91, 2.36707, 482, 1.52239, 310, 0, 0, 0, 0, 0.0589313, 12, 0, 0, 0.230814, 47, 0, 0, 0.245547, 50, 0, 0, 0, 0, 0, 0, 0.500916, 102, 4.92567, 1003
subrunnum, triggerRate_bit1, triggerCounts_bit1, triggerRate_bit2, triggerCounts_bit2, triggerRate_bit3, triggerCounts_bit3, triggerRate_bit4, triggerCounts_bit4, triggerRate_bit5, triggerCounts_bit5, triggerRate_bit6, triggerCounts_bit6, triggerRate_bit7, triggerCounts_bit7, triggerRate_bit8, triggerCounts_bit8, triggerRate_bit9, triggerCounts_bit9, triggerRate_bit10, triggerCounts_bit10, triggerRate_bit11, triggerCounts_bit11, triggerRate_bit12, triggerCounts_bit12, triggerRate_bit13, triggerCounts_bit13, triggerRate_tot,  triggerCounts_tot  
92, 2.31702, 483, 1.63583, 341, 0, 0, 0, 0, 0.00479715, 1, 0, 0, 0.143915, 30, 0, 0, 0.211075, 44, 0, 0, 0, 0, 0, 0, 0.503701, 105, 4.81634, 1004
subrunnum, triggerRate_bit1, triggerCounts_bit1, triggerRate_bit2, triggerCounts_bit2, triggerRate_bit3, triggerCounts_bit3, triggerRate_bit4, triggerCounts_bit4, triggerRate_bit5, triggerCounts_bit5, triggerRate_bit6, triggerCounts_bit6, triggerRate_bit7, triggerCounts_bit7, triggerRate_bit8, triggerCounts_bit8, triggerRate_bit9, triggerCounts_bit9, triggerRate_bit10, triggerCounts_bit10, triggerRate_bit11, triggerCounts_bit11, triggerRate_bit12, triggerCounts_bit12, triggerRate_bit13, triggerCounts_bit13, triggerRate_tot,  triggerCounts_tot  
93, 2.04645, 444, 1.57171, 341, 0, 0, 0, 0, 0.0414821, 9, 0, 0, 0.198192, 43, 0, 0, 0.258111, 56, 0, 0, 0, 0, 0, 0, 0.497785, 108, 4.61373, 1001
subrunnum, triggerRate_bit1, triggerCounts_bit1, triggerRate_bit2, triggerCounts_bit2, triggerRate_bit3, triggerCounts_bit3, triggerRate_bit4, triggerCounts_bit4, triggerRate_bit5, triggerCounts_bit5, triggerRate_bit6, triggerCounts_bit6, triggerRate_bit7, triggerCounts_bit7, triggerRate_bit8, triggerCounts_bit8, triggerRate_bit9, triggerCounts_bit9, triggerRate_bit10, triggerCounts_bit10, triggerRate_bit11, triggerCounts_bit11, triggerRate_bit12, triggerCounts_bit12, triggerRate_bit13, triggerCounts_bit13, triggerRate_tot,  triggerCounts_tot  
94, 2.40781, 485, 1.57873, 318, 0, 0, 0, 0, 0.0496456, 10, 0, 0, 0.193618, 39, 0, 0, 0.233334, 47, 0, 0, 0, 0, 0, 0, 0.501421, 101, 4.96456, 1000
subrunnum, triggerRate_bit1, triggerCounts_bit1, triggerRate_bit2, triggerCounts_bit2, triggerRate_bit3, triggerCounts_bit3, triggerRate_bit4, triggerCounts_bit4, triggerRate_bit5, triggerCounts_bit5, triggerRate_bit6, triggerCounts_bit6, triggerRate_bit7, triggerCounts_bit7, triggerRate_bit8, triggerCounts_bit8, triggerRate_bit9, triggerCounts_bit9, triggerRate_bit10, triggerCounts_bit10, triggerRate_bit11, triggerCounts_bit11, triggerRate_bit12, triggerCounts_bit12, triggerRate_bit13, triggerCounts_bit13, triggerRate_tot,  triggerCounts_tot  
95, 2.40613, 485, 1.57763, 318, 0, 0, 0, 0, 0.0446499, 9, 0, 0, 0.193483, 39, 0, 0, 0.248055, 50, 0, 0, 0, 0, 0, 0, 0.501071, 101, 4.97102, 1002
subrunnum, triggerRate_bit1, triggerCounts_bit1, triggerRate_bit2, triggerCounts_bit2, triggerRate_bit3, triggerCounts_bit3, triggerRate_bit4, triggerCounts_bit4, triggerRate_bit5, triggerCounts_bit5, triggerRate_bit6, triggerCounts_bit6, triggerRate_bit7, triggerCounts_bit7, triggerRate_bit8, triggerCounts_bit8, triggerRate_bit9, triggerCounts_bit9, triggerRate_bit10, triggerCounts_bit10, triggerRate_bit11, triggerCounts_bit11, triggerRate_bit12, triggerCounts_bit12, triggerRate_bit13, triggerCounts_bit13, triggerRate_tot,  triggerCounts_tot  
96, 2.16379, 463, 1.58896, 340, 0, 0, 0, 0, 0.0560809, 12, 0, 0, 0.140202, 30, 0, 0, 0.243017, 52, 0, 0, 0, 0, 0, 0, 0.500055, 107, 4.6921, 1004
subrunnum, triggerRate_bit1, triggerCounts_bit1, triggerRate_bit2, triggerCounts_bit2, triggerRate_bit3, triggerCounts_bit3, triggerRate_bit4, triggerCounts_bit4, triggerRate_bit5, triggerCounts_bit5, triggerRate_bit6, triggerCounts_bit6, triggerRate_bit7, triggerCounts_bit7, triggerRate_bit8, triggerCounts_bit8, triggerRate_bit9, triggerCounts_bit9, triggerRate_bit10, triggerCounts_bit10, triggerRate_bit11, triggerCounts_bit11, triggerRate_bit12, triggerCounts_bit12, triggerRate_bit13, triggerCounts_bit13, triggerRate_tot,  triggerCounts_tot  
97, 2.15494, 467, 1.48585, 322, 0, 0, 0, 0, 0.04153, 9, 0, 0, 0.184578, 40, 0, 0, 0.263023, 57, 0, 0, 0, 0, 0, 0, 0.502974, 109, 4.6329, 1004
subrunnum, triggerRate_bit1, triggerCounts_bit1, triggerRate_bit2, triggerCounts_bit2, triggerRate_bit3, triggerCounts_bit3, triggerRate_bit4, triggerCounts_bit4, triggerRate_bit5, triggerCounts_bit5, triggerRate_bit6, triggerCounts_bit6, triggerRate_bit7, triggerCounts_bit7, triggerRate_bit8, triggerCounts_bit8, triggerRate_bit9, triggerCounts_bit9, triggerRate_bit10, triggerCounts_bit10, triggerRate_bit11, triggerCounts_bit11, triggerRate_bit12, triggerCounts_bit12, triggerRate_bit13, triggerCounts_bit13, triggerRate_tot,  triggerCounts_tot  
98, 2.26955, 479, 1.50672, 318, 0, 0, 0, 0, 0.0805478, 17, 0, 0, 0.151619, 32, 0, 0, 0.236905, 50, 0, 0, 0, 0, 0, 0, 0.497501, 105, 4.74285, 1001
subrunnum, triggerRate_bit1, triggerCounts_bit1, triggerRate_bit2, triggerCounts_bit2, triggerRate_bit3, triggerCounts_bit3, triggerRate_bit4, triggerCounts_bit4, triggerRate_bit5, triggerCounts_bit5, triggerRate_bit6, triggerCounts_bit6, triggerRate_bit7, triggerCounts_bit7, triggerRate_bit8, triggerCounts_bit8, triggerRate_bit9, triggerCounts_bit9, triggerRate_bit10, triggerCounts_bit10, triggerRate_bit11, triggerCounts_bit11, triggerRate_bit12, triggerCounts_bit12, triggerRate_bit13, triggerCounts_bit13, triggerRate_tot,  triggerCounts_tot  
99, 2.38999, 511, 1.42183, 304, 0, 0, 0, 0, 0.0420937, 9, 0, 0, 0.159021, 34, 0, 0, 0.19176, 41, 0, 0, 0, 0, 0, 0, 0.500448, 107, 4.70514, 1006
subrunnum, triggerRate_bit1, triggerCounts_bit1, triggerRate_bit2, triggerCounts_bit2, triggerRate_bit3, triggerCounts_bit3, triggerRate_bit4, triggerCounts_bit4, triggerRate_bit5, triggerCounts_bit5, triggerRate_bit6, triggerCounts_bit6, triggerRate_bit7, triggerCounts_bit7, triggerRate_bit8, triggerCounts_bit8, triggerRate_bit9, triggerCounts_bit9, triggerRate_bit10, triggerCounts_bit10, triggerRate_bit11, triggerCounts_bit11, triggerRate_bit12, triggerCounts_bit12, triggerRate_bit13, triggerCounts_bit13, triggerRate_tot,  triggerCounts_tot  
100, 2.37629, 500, 1.47805, 311, 0, 0, 0, 0, 0.0522784, 11, 0, 0, 0.161588, 34, 0, 0, 0.190103, 40, 0, 0, 0, 0, 0, 0, 0.503773, 106, 4.76208, 1002
subrunnum, triggerRate_bit1, triggerCounts_bit1, triggerRate_bit2, triggerCounts_bit2, triggerRate_bit3, triggerCounts_bit3, triggerRate_bit4, triggerCounts_bit4, triggerRate_bit5, triggerCounts_bit5, triggerRate_bit6, triggerCounts_bit6, triggerRate_bit7, triggerCounts_bit7, triggerRate_bit8, triggerCounts_bit8, triggerRate_bit9, triggerCounts_bit9, triggerRate_bit10, triggerCounts_bit10, triggerRate_bit11, triggerCounts_bit11, triggerRate_bit12, triggerCounts_bit12, triggerRate_bit13, triggerCounts_bit13, triggerRate_tot,  triggerCounts_tot  
101, 2.41621, 481, 1.58234, 315, 0, 0, 0, 0, 0.0552563, 11, 0, 0, 0.256188, 51, 0, 0, 0.221025, 44, 0, 0, 0, 0, 0, 0, 0.497307, 99, 5.02832, 1001
subrunnum, triggerRate_bit1, triggerCounts_bit1, triggerRate_bit2, triggerCounts_bit2, triggerRate_bit3, triggerCounts_bit3, triggerRate_bit4, triggerCounts_bit4, triggerRate_bit5, triggerCounts_bit5, triggerRate_bit6, triggerCounts_bit6, triggerRate_bit7, triggerCounts_bit7, triggerRate_bit8, triggerCounts_bit8, triggerRate_bit9, triggerCounts_bit9, triggerRate_bit10, triggerCounts_bit10, triggerRate_bit11, triggerCounts_bit11, triggerRate_bit12, triggerCounts_bit12, triggerRate_bit13, triggerCounts_bit13, triggerRate_tot,  triggerCounts_tot  
102, 2.29996, 491, 1.47553, 315, 0, 0, 0, 0, 0.0234211, 5, 0, 0, 0.21079, 45, 0, 0, 0.187369, 40, 0, 0, 0, 0, 0, 0, 0.501212, 107, 4.69828, 1003
subrunnum, triggerRate_bit1, triggerCounts_bit1, triggerRate_bit2, triggerCounts_bit2, triggerRate_bit3, triggerCounts_bit3, triggerRate_bit4, triggerCounts_bit4, triggerRate_bit5, triggerCounts_bit5, triggerRate_bit6, triggerCounts_bit6, triggerRate_bit7, triggerCounts_bit7, triggerRate_bit8, triggerCounts_bit8, triggerRate_bit9, triggerCounts_bit9, triggerRate_bit10, triggerCounts_bit10, triggerRate_bit11, triggerCounts_bit11, triggerRate_bit12, triggerCounts_bit12, triggerRate_bit13, triggerCounts_bit13, triggerRate_tot,  triggerCounts_tot  
103, 2.35679, 487, 1.52441, 315, 0, 0, 0, 0, 0.0532335, 11, 0, 0, 0.140343, 29, 0, 0, 0.261328, 54, 0, 0, 0, 0, 0, 0, 0.503299, 104, 4.83941, 1000
subrunnum, triggerRate_bit1, triggerCounts_bit1, triggerRate_bit2, triggerCounts_bit2, triggerRate_bit3, triggerCounts_bit3, triggerRate_bit4, triggerCounts_bit4, triggerRate_bit5, triggerCounts_bit5, triggerRate_bit6, triggerCounts_bit6, triggerRate_bit7, triggerCounts_bit7, triggerRate_bit8, triggerCounts_bit8, triggerRate_bit9, triggerCounts_bit9, triggerRate_bit10, triggerCounts_bit10, triggerRate_bit11, triggerCounts_bit11, triggerRate_bit12, triggerCounts_bit12, triggerRate_bit13, triggerCounts_bit13, triggerRate_tot,  triggerCounts_tot  
104, 2.1088, 462, 1.5428, 338, 0, 0, 0, 0, 0.073032, 16, 0, 0, 0.196274, 43, 0, 0, 0.159758, 35, 0, 0, 0, 0, 0, 0, 0.497531, 109, 4.57819, 1003
subrunnum, triggerRate_bit1, triggerCounts_bit1, triggerRate_bit2, triggerCounts_bit2, triggerRate_bit3, triggerCounts_bit3, triggerRate_bit4, triggerCounts_bit4, triggerRate_bit5, triggerCounts_bit5, triggerRate_bit6, triggerCounts_bit6, triggerRate_bit7, triggerCounts_bit7, triggerRate_bit8, triggerCounts_bit8, triggerRate_bit9, triggerCounts_bit9, triggerRate_bit10, triggerCounts_bit10, triggerRate_bit11, triggerCounts_bit11, triggerRate_bit12, triggerCounts_bit12, triggerRate_bit13, triggerCounts_bit13, triggerRate_tot,  triggerCounts_tot  
105, 2.28005, 482, 1.56576, 331, 0, 0, 0, 0, 0.0425736, 9, 0, 0, 0.165564, 35, 0, 0, 0.184486, 39, 0, 0, 0, 0, 0, 0, 0.501423, 106, 4.73986, 1002
subrunnum, triggerRate_bit1, triggerCounts_bit1, triggerRate_bit2, triggerCounts_bit2, triggerRate_bit3, triggerCounts_bit3, triggerRate_bit4, triggerCounts_bit4, triggerRate_bit5, triggerCounts_bit5, triggerRate_bit6, triggerCounts_bit6, triggerRate_bit7, triggerCounts_bit7, triggerRate_bit8, triggerCounts_bit8, triggerRate_bit9, triggerCounts_bit9, triggerRate_bit10, triggerCounts_bit10, triggerRate_bit11, triggerCounts_bit11, triggerRate_bit12, triggerCounts_bit12, triggerRate_bit13, triggerCounts_bit13, triggerRate_tot,  triggerCounts_tot  
106, 2.3727, 495, 1.48593, 310, 0, 0, 0, 0, 0.0719, 15, 0, 0, 0.15818, 33, 0, 0, 0.206113, 43, 0, 0, 0, 0, 0, 0, 0.5033, 105, 4.79813, 1001
subrunnum, triggerRate_bit1, triggerCounts_bit1, triggerRate_bit2, triggerCounts_bit2, triggerRate_bit3, triggerCounts_bit3, triggerRate_bit4, triggerCounts_bit4, triggerRate_bit5, triggerCounts_bit5, triggerRate_bit6, triggerCounts_bit6, triggerRate_bit7, triggerCounts_bit7, triggerRate_bit8, triggerCounts_bit8, triggerRate_bit9, triggerCounts_bit9, triggerRate_bit10, triggerCounts_bit10, triggerRate_bit11, triggerCounts_bit11, triggerRate_bit12, triggerCounts_bit12, triggerRate_bit13, triggerCounts_bit13, triggerRate_tot,  triggerCounts_tot  
107, 2.41869, 460, 1.78773, 340, 0, 0, 0, 0, 0.0473222, 9, 0, 0, 0.304965, 58, 0, 0, 0.205063, 39, 0, 0, 0, 0, 0, 0, 0.499512, 95, 5.26328, 1001
subrunnum, triggerRate_bit1, triggerCounts_bit1, triggerRate_bit2, triggerCounts_bit2, triggerRate_bit3, triggerCounts_bit3, triggerRate_bit4, triggerCounts_bit4, triggerRate_bit5, triggerCounts_bit5, triggerRate_bit6, triggerCounts_bit6, triggerRate_bit7, triggerCounts_bit7, triggerRate_bit8, triggerCounts_bit8, triggerRate_bit9, triggerCounts_bit9, triggerRate_bit10, triggerCounts_bit10, triggerRate_bit11, triggerCounts_bit11, triggerRate_bit12, triggerCounts_bit12, triggerRate_bit13, triggerCounts_bit13, triggerRate_tot,  triggerCounts_tot  
108, 2.28356, 474, 1.56573, 325, 0, 0, 0, 0, 0.0578117, 12, 0, 0, 0.158982, 33, 0, 0, 0.255335, 53, 0, 0, 0, 0, 0, 0, 0.501035, 104, 4.82246, 1001
subrunnum, triggerRate_bit1, triggerCounts_bit1, triggerRate_bit2, triggerCounts_bit2, triggerRate_bit3, triggerCounts_bit3, triggerRate_bit4, triggerCounts_bit4, triggerRate_bit5, triggerCounts_bit5, triggerRate_bit6, triggerCounts_bit6, triggerRate_bit7, triggerCounts_bit7, triggerRate_bit8, triggerCounts_bit8, triggerRate_bit9, triggerCounts_bit9, triggerRate_bit10, triggerCounts_bit10, triggerRate_bit11, triggerCounts_bit11, triggerRate_bit12, triggerCounts_bit12, triggerRate_bit13, triggerCounts_bit13, triggerRate_tot,  triggerCounts_tot  
109, 2.2767, 468, 1.52753, 314, 0, 0, 0, 0, 0.0681065, 14, 0, 0, 0.214049, 44, 0, 0, 0.291885, 60, 0, 0, 0, 0, 0, 0, 0.496204, 102, 4.87448, 1002
subrunnum, triggerRate_bit1, triggerCounts_bit1, triggerRate_bit2, triggerCounts_bit2, triggerRate_bit3, triggerCounts_bit3, triggerRate_bit4, triggerCounts_bit4, triggerRate_bit5, triggerCounts_bit5, triggerRate_bit6, triggerCounts_bit6, triggerRate_bit7, triggerCounts_bit7, triggerRate_bit8, triggerCounts_bit8, triggerRate_bit9, triggerCounts_bit9, triggerRate_bit10, triggerCounts_bit10, triggerRate_bit11, triggerCounts_bit11, triggerRate_bit12, triggerCounts_bit12, triggerRate_bit13, triggerCounts_bit13, triggerRate_tot,  triggerCounts_tot  
110, 2.20092, 473, 1.48434, 319, 0, 0, 0, 0, 0.0837559, 18, 0, 0, 0.158206, 34, 0, 0, 0.232655, 50, 0, 0, 0, 0, 0, 0, 0.502536, 108, 4.66241, 1002
subrunnum, triggerRate_bit1, triggerCounts_bit1, triggerRate_bit2, triggerCounts_bit2, triggerRate_bit3, triggerCounts_bit3, triggerRate_bit4, triggerCounts_bit4, triggerRate_bit5, triggerCounts_bit5, triggerRate_bit6, triggerCounts_bit6, triggerRate_bit7, triggerCounts_bit7, triggerRate_bit8, triggerCounts_bit8, triggerRate_bit9, triggerCounts_bit9, triggerRate_bit10, triggerCounts_bit10, triggerRate_bit11, triggerCounts_bit11, triggerRate_bit12, triggerCounts_bit12, triggerRate_bit13, triggerCounts_bit13, triggerRate_tot,  triggerCounts_tot  
111, 2.38866, 491, 1.47893, 304, 0, 0, 0, 0, 0.0729733, 15, 0, 0, 0.204325, 42, 0, 0, 0.22865, 47, 0, 0, 0, 0, 0, 0, 0.501083, 103, 4.87462, 1002
subrunnum, triggerRate_bit1, triggerCounts_bit1, triggerRate_bit2, triggerCounts_bit2, triggerRate_bit3, triggerCounts_bit3, triggerRate_bit4, triggerCounts_bit4, triggerRate_bit5, triggerCounts_bit5, triggerRate_bit6, triggerCounts_bit6, triggerRate_bit7, triggerCounts_bit7, triggerRate_bit8, triggerCounts_bit8, triggerRate_bit9, triggerCounts_bit9, triggerRate_bit10, triggerCounts_bit10, triggerRate_bit11, triggerCounts_bit11, triggerRate_bit12, triggerCounts_bit12, triggerRate_bit13, triggerCounts_bit13, triggerRate_tot,  triggerCounts_tot  
112, 2.33514, 507, 1.3495, 293, 0, 0, 0, 0, 0.0276348, 6, 0, 0, 0.202656, 44, 0, 0, 0.202656, 44, 0, 0, 0, 0, 0, 0, 0.502033, 109, 4.61963, 1003
subrunnum, triggerRate_bit1, triggerCounts_bit1, triggerRate_bit2, triggerCounts_bit2, triggerRate_bit3, triggerCounts_bit3, triggerRate_bit4, triggerCounts_bit4, triggerRate_bit5, triggerCounts_bit5, triggerRate_bit6, triggerCounts_bit6, triggerRate_bit7, triggerCounts_bit7, triggerRate_bit8, triggerCounts_bit8, triggerRate_bit9, triggerCounts_bit9, triggerRate_bit10, triggerCounts_bit10, triggerRate_bit11, triggerCounts_bit11, triggerRate_bit12, triggerCounts_bit12, triggerRate_bit13, triggerCounts_bit13, triggerRate_tot,  triggerCounts_tot  
113, 2.39532, 485, 1.52115, 308, 0, 0, 0, 0, 0.0642043, 13, 0, 0, 0.207429, 42, 0, 0, 0.271634, 55, 0, 0, 0, 0, 0, 0, 0.498818, 101, 4.95855, 1004
subrunnum, triggerRate_bit1, triggerCounts_bit1, triggerRate_bit2, triggerCounts_bit2, triggerRate_bit3, triggerCounts_bit3, triggerRate_bit4, triggerCounts_bit4, triggerRate_bit5, triggerCounts_bit5, triggerRate_bit6, triggerCounts_bit6, triggerRate_bit7, triggerCounts_bit7, triggerRate_bit8, triggerCounts_bit8, triggerRate_bit9, triggerCounts_bit9, triggerRate_bit10, triggerCounts_bit10, triggerRate_bit11, triggerCounts_bit11, triggerRate_bit12, triggerCounts_bit12, triggerRate_bit13, triggerCounts_bit13, triggerRate_tot,  triggerCounts_tot  
114, 2.40781, 491, 1.57905, 322, 0, 0, 0, 0, 0.0588466, 12, 0, 0, 0.161828, 33, 0, 0, 0.215771, 44, 0, 0, 0, 0, 0, 0, 0.500196, 102, 4.9235, 1004
subrunnum, triggerRate_bit1, triggerCounts_bit1, triggerRate_bit2, triggerCounts_bit2, triggerRate_bit3, triggerCounts_bit3, triggerRate_bit4, triggerCounts_bit4, triggerRate_bit5, triggerCounts_bit5, triggerRate_bit6, triggerCounts_bit6, triggerRate_bit7, triggerCounts_bit7, triggerRate_bit8, triggerCounts_bit8, triggerRate_bit9, triggerCounts_bit9, triggerRate_bit10, triggerCounts_bit10, triggerRate_bit11, triggerCounts_bit11, triggerRate_bit12, triggerCounts_bit12, triggerRate_bit13, triggerCounts_bit13, triggerRate_tot,  triggerCounts_tot  
115, 2.34878, 492, 1.42741, 299, 0, 0, 0, 0, 0.0429654, 9, 0, 0, 0.219601, 46, 0, 0, 0.257793, 54, 0, 0, 0, 0, 0, 0, 0.501263, 105, 4.79781, 1005
subrunnum, triggerRate_bit1, triggerCounts_bit1, triggerRate_bit2, triggerCounts_bit2, triggerRate_bit3, triggerCounts_bit3, triggerRate_bit4, triggerCounts_bit4, triggerRate_bit5, triggerCounts_bit5, triggerRate_bit6, triggerCounts_bit6, triggerRate_bit7, triggerCounts_bit7, triggerRate_bit8, triggerCounts_bit8, triggerRate_bit9, triggerCounts_bit9, triggerRate_bit10, triggerCounts_bit10, triggerRate_bit11, triggerCounts_bit11, triggerRate_bit12, triggerCounts_bit12, triggerRate_bit13, triggerCounts_bit13, triggerRate_tot,  triggerCounts_tot  
116, 2.37602, 473, 1.64262, 327, 0, 0, 0, 0, 0.0904194, 18, 0, 0, 0.180839, 36, 0, 0, 0.251165, 50, 0, 0, 0, 0, 0, 0, 0.50233, 100, 5.04339, 1004
subrunnum, triggerRate_bit1, triggerCounts_bit1, triggerRate_bit2, triggerCounts_bit2, triggerRate_bit3, triggerCounts_bit3, triggerRate_bit4, triggerCounts_bit4, triggerRate_bit5, triggerCounts_bit5, triggerRate_bit6, triggerCounts_bit6, triggerRate_bit7, triggerCounts_bit7, triggerRate_bit8, triggerCounts_bit8, triggerRate_bit9, triggerCounts_bit9, triggerRate_bit10, triggerCounts_bit10, triggerRate_bit11, triggerCounts_bit11, triggerRate_bit12, triggerCounts_bit12, triggerRate_bit13, triggerCounts_bit13, triggerRate_tot,  triggerCounts_tot  
117, 2.2565, 470, 1.56515, 326, 0, 0, 0, 0, 0.0864192, 18, 0, 0, 0.177639, 37, 0, 0, 0.235252, 49, 0, 0, 0, 0, 0, 0, 0.499311, 104, 4.82027, 1004
subrunnum, triggerRate_bit1, triggerCounts_bit1, triggerRate_bit2, triggerCounts_bit2, triggerRate_bit3, triggerCounts_bit3, triggerRate_bit4, triggerCounts_bit4, triggerRate_bit5, triggerCounts_bit5, triggerRate_bit6, triggerCounts_bit6, triggerRate_bit7, triggerCounts_bit7, triggerRate_bit8, triggerCounts_bit8, triggerRate_bit9, triggerCounts_bit9, triggerRate_bit10, triggerCounts_bit10, triggerRate_bit11, triggerCounts_bit11, triggerRate_bit12, triggerCounts_bit12, triggerRate_bit13, triggerCounts_bit13, triggerRate_tot,  triggerCounts_tot  
118, 2.30558, 460, 1.70413, 340, 0, 0, 0, 0, 0.0601457, 12, 0, 0, 0.195473, 39, 0, 0, 0.275668, 55, 0, 0, 0, 0, 0, 0, 0.501214, 100, 5.04221, 1006
subrunnum, triggerRate_bit1, triggerCounts_bit1, triggerRate_bit2, triggerCounts_bit2, triggerRate_bit3, triggerCounts_bit3, triggerRate_bit4, triggerCounts_bit4, triggerRate_bit5, triggerCounts_bit5, triggerRate_bit6, triggerCounts_bit6, triggerRate_bit7, triggerCounts_bit7, triggerRate_bit8, triggerCounts_bit8, triggerRate_bit9, triggerCounts_bit9, triggerRate_bit10, triggerCounts_bit10, triggerRate_bit11, triggerCounts_bit11, triggerRate_bit12, triggerCounts_bit12, triggerRate_bit13, triggerCounts_bit13, triggerRate_tot,  triggerCounts_tot  
119, 2.32807, 463, 1.66937, 332, 0, 0, 0, 0, 0.0703953, 14, 0, 0, 0.216214, 43, 0, 0, 0.251412, 50, 0, 0, 0, 0, 0, 0, 0.497795, 99, 5.03326, 1001
subrunnum, triggerRate_bit1, triggerCounts_bit1, triggerRate_bit2, triggerCounts_bit2, triggerRate_bit3, triggerCounts_bit3, triggerRate_bit4, triggerCounts_bit4, triggerRate_bit5, triggerCounts_bit5, triggerRate_bit6, triggerCounts_bit6, triggerRate_bit7, triggerCounts_bit7, triggerRate_bit8, triggerCounts_bit8, triggerRate_bit9, triggerCounts_bit9, triggerRate_bit10, triggerCounts_bit10, triggerRate_bit11, triggerCounts_bit11, triggerRate_bit12, triggerCounts_bit12, triggerRate_bit13, triggerCounts_bit13, triggerRate_tot,  triggerCounts_tot  
120, 2.30912, 480, 1.50574, 313, 0, 0, 0, 0, 0.0577281, 12, 0, 0, 0.230912, 48, 0, 0, 0.21648, 45, 0, 0, 0, 0, 0, 0, 0.50031, 104, 4.8203, 1002
subrunnum, triggerRate_bit1, triggerCounts_bit1, triggerRate_bit2, triggerCounts_bit2, triggerRate_bit3, triggerCounts_bit3, triggerRate_bit4, triggerCounts_bit4, triggerRate_bit5, triggerCounts_bit5, triggerRate_bit6, triggerCounts_bit6, triggerRate_bit7, triggerCounts_bit7, triggerRate_bit8, triggerCounts_bit8, triggerRate_bit9, triggerCounts_bit9, triggerRate_bit10, triggerCounts_bit10, triggerRate_bit11, triggerCounts_bit11, triggerRate_bit12, triggerCounts_bit12, triggerRate_bit13, triggerCounts_bit13, triggerRate_tot,  triggerCounts_tot  
121, 2.24764, 471, 1.6225, 340, 0, 0, 0, 0, 0.0190883, 4, 0, 0, 0.16225, 34, 0, 0, 0.25292, 53, 0, 0, 0, 0, 0, 0, 0.501067, 105, 4.80547, 1007
subrunnum, triggerRate_bit1, triggerCounts_bit1, triggerRate_bit2, triggerCounts_bit2, triggerRate_bit3, triggerCounts_bit3, triggerRate_bit4, triggerCounts_bit4, triggerRate_bit5, triggerCounts_bit5, triggerRate_bit6, triggerCounts_bit6, triggerRate_bit7, triggerCounts_bit7, triggerRate_bit8, triggerCounts_bit8, triggerRate_bit9, triggerCounts_bit9, triggerRate_bit10, triggerCounts_bit10, triggerRate_bit11, triggerCounts_bit11, triggerRate_bit12, triggerCounts_bit12, triggerRate_bit13, triggerCounts_bit13, triggerRate_tot,  triggerCounts_tot  
122, 2.25933, 502, 1.39071, 309, 0, 0, 0, 0, 0.0630093, 14, 0, 0, 0.121518, 27, 0, 0, 0.175526, 39, 0, 0, 0, 0, 0, 0, 0.504074, 112, 4.51417, 1003
subrunnum, triggerRate_bit1, triggerCounts_bit1, triggerRate_bit2, triggerCounts_bit2, triggerRate_bit3, triggerCounts_bit3, triggerRate_bit4, triggerCounts_bit4, triggerRate_bit5, triggerCounts_bit5, triggerRate_bit6, triggerCounts_bit6, triggerRate_bit7, triggerCounts_bit7, triggerRate_bit8, triggerCounts_bit8, triggerRate_bit9, triggerCounts_bit9, triggerRate_bit10, triggerCounts_bit10, triggerRate_bit11, triggerCounts_bit11, triggerRate_bit12, triggerCounts_bit12, triggerRate_bit13, triggerCounts_bit13, triggerRate_tot,  triggerCounts_tot  
123, 2.27655, 489, 1.50839, 324, 0, 0, 0, 0, 0.0325886, 7, 0, 0, 0.172254, 37, 0, 0, 0.186221, 40, 0, 0, 0, 0, 0, 0, 0.498141, 107, 4.67414, 1004
subrunnum, triggerRate_bit1, triggerCounts_bit1, triggerRate_bit2, triggerCounts_bit2, triggerRate_bit3, triggerCounts_bit3, triggerRate_bit4, triggerCounts_bit4, triggerRate_bit5, triggerCounts_bit5, triggerRate_bit6, triggerCounts_bit6, triggerRate_bit7, triggerCounts_bit7, triggerRate_bit8, triggerCounts_bit8, triggerRate_bit9, triggerCounts_bit9, triggerRate_bit10, triggerCounts_bit10, triggerRate_bit11, triggerCounts_bit11, triggerRate_bit12, triggerCounts_bit12, triggerRate_bit13, triggerCounts_bit13, triggerRate_tot,  triggerCounts_tot  
124, 2.40403, 491, 1.44438, 295, 0, 0, 0, 0, 0.0587543, 12, 0, 0, 0.215433, 44, 0, 0, 0.298668, 61, 0, 0, 0, 0, 0, 0, 0.499412, 102, 4.92068, 1005
subrunnum, triggerRate_bit1, triggerCounts_bit1, triggerRate_bit2, triggerCounts_bit2, triggerRate_bit3, triggerCounts_bit3, triggerRate_bit4, triggerCounts_bit4, triggerRate_bit5, triggerCounts_bit5, triggerRate_bit6, triggerCounts_bit6, triggerRate_bit7, triggerCounts_bit7, triggerRate_bit8, triggerCounts_bit8, triggerRate_bit9, triggerCounts_bit9, triggerRate_bit10, triggerCounts_bit10, triggerRate_bit11, triggerCounts_bit11, triggerRate_bit12, triggerCounts_bit12, triggerRate_bit13, triggerCounts_bit13, triggerRate_tot,  triggerCounts_tot  
125, 2.33777, 478, 1.65306, 338, 0, 0, 0, 0, 0.0342351, 7, 0, 0, 0.122268, 25, 0, 0, 0.254318, 52, 0, 0, 0, 0, 0, 0, 0.503744, 103, 4.9054, 1003
subrunnum, triggerRate_bit1, triggerCounts_bit1, triggerRate_bit2, triggerCounts_bit2, triggerRate_bit3, triggerCounts_bit3, triggerRate_bit4, triggerCounts_bit4, triggerRate_bit5, triggerCounts_bit5, triggerRate_bit6, triggerCounts_bit6, triggerRate_bit7, triggerCounts_bit7, triggerRate_bit8, triggerCounts_bit8, triggerRate_bit9, triggerCounts_bit9, triggerRate_bit10, triggerCounts_bit10, triggerRate_bit11, triggerCounts_bit11, triggerRate_bit12, triggerCounts_bit12, triggerRate_bit13, triggerCounts_bit13, triggerRate_tot,  triggerCounts_tot  
126, 2.24756, 487, 1.42145, 308, 0, 0, 0, 0, 0.0507662, 11, 0, 0, 0.20768, 45, 0, 0, 0.193835, 42, 0, 0, 0, 0, 0, 0, 0.498432, 108, 4.61972, 1001
subrunnum, triggerRate_bit1, triggerCounts_bit1, triggerRate_bit2, triggerCounts_bit2, triggerRate_bit3, triggerCounts_bit3, triggerRate_bit4, triggerCounts_bit4, triggerRate_bit5, triggerCounts_bit5, triggerRate_bit6, triggerCounts_bit6, triggerRate_bit7, triggerCounts_bit7, triggerRate_bit8, triggerCounts_bit8, triggerRate_bit9, triggerCounts_bit9, triggerRate_bit10, triggerCounts_bit10, triggerRate_bit11, triggerCounts_bit11, triggerRate_bit12, triggerCounts_bit12, triggerRate_bit13, triggerCounts_bit13, triggerRate_tot,  triggerCounts_tot  
127, 2.52756, 508, 1.56729, 315, 0, 0, 0, 0, 0.0497551, 10, 0, 0, 0.139314, 28, 0, 0, 0.203996, 41, 0, 0, 0, 0, 0, 0, 0.502527, 101, 4.99044, 1003
subrunnum, triggerRate_bit1, triggerCounts_bit1, triggerRate_bit2, triggerCounts_bit2, triggerRate_bit3, triggerCounts_bit3, triggerRate_bit4, triggerCounts_bit4, triggerRate_bit5, triggerCounts_bit5, triggerRate_bit6, triggerCounts_bit6, triggerRate_bit7, triggerCounts_bit7, triggerRate_bit8, triggerCounts_bit8, triggerRate_bit9, triggerCounts_bit9, triggerRate_bit10, triggerCounts_bit10, triggerRate_bit11, triggerCounts_bit11, triggerRate_bit12, triggerCounts_bit12, triggerRate_bit13, triggerCounts_bit13, triggerRate_tot,  triggerCounts_tot  
128, 2.18482, 467, 1.53452, 328, 0, 0, 0, 0, 0.0467841, 10, 0, 0, 0.20585, 44, 0, 0, 0.243277, 52, 0, 0, 0, 0, 0, 0, 0.500589, 107, 4.71583, 1008
subrunnum, triggerRate_bit1, triggerCounts_bit1, triggerRate_bit2, triggerCounts_bit2, triggerRate_bit3, triggerCounts_bit3, triggerRate_bit4, triggerCounts_bit4, triggerRate_bit5, triggerCounts_bit5, triggerRate_bit6, triggerCounts_bit6, triggerRate_bit7, triggerCounts_bit7, triggerRate_bit8, triggerCounts_bit8, triggerRate_bit9, triggerCounts_bit9, triggerRate_bit10, triggerCounts_bit10, triggerRate_bit11, triggerCounts_bit11, triggerRate_bit12, triggerCounts_bit12, triggerRate_bit13, triggerCounts_bit13, triggerRate_tot,  triggerCounts_tot  
129, 2.13657, 468, 1.55677, 341, 0, 0, 0, 0, 0.0228266, 5, 0, 0, 0.196309, 43, 0, 0, 0.164351, 36, 0, 0, 0, 0, 0, 0, 0.497619, 109, 4.57444, 1002
subrunnum, triggerRate_bit1, triggerCounts_bit1, triggerRate_bit2, triggerCounts_bit2, triggerRate_bit3, triggerCounts_bit3, triggerRate_bit4, triggerCounts_bit4, triggerRate_bit5, triggerCounts_bit5, triggerRate_bit6, triggerCounts_bit6, triggerRate_bit7, triggerCounts_bit7, triggerRate_bit8, triggerCounts_bit8, triggerRate_bit9, triggerCounts_bit9, triggerRate_bit10, triggerCounts_bit10, triggerRate_bit11, triggerCounts_bit11, triggerRate_bit12, triggerCounts_bit12, triggerRate_bit13, triggerCounts_bit13, triggerRate_tot,  triggerCounts_tot  
130, 2.40166, 484, 1.60772, 324, 0, 0, 0, 0, 0.0744316, 15, 0, 0, 0.198484, 40, 0, 0, 0.183598, 37, 0, 0, 0, 0, 0, 0, 0.501173, 101, 4.96707, 1001
subrunnum, triggerRate_bit1, triggerCounts_bit1, triggerRate_bit2, triggerCounts_bit2, triggerRate_bit3, triggerCounts_bit3, triggerRate_bit4, triggerCounts_bit4, triggerRate_bit5, triggerCounts_bit5, triggerRate_bit6, triggerCounts_bit6, triggerRate_bit7, triggerCounts_bit7, triggerRate_bit8, triggerCounts_bit8, triggerRate_bit9, triggerCounts_bit9, triggerRate_bit10, triggerCounts_bit10, triggerRate_bit11, triggerCounts_bit11, triggerRate_bit12, triggerCounts_bit12, triggerRate_bit13, triggerCounts_bit13, triggerRate_tot,  triggerCounts_tot  
131, 2.24652, 478, 1.54155, 328, 0, 0, 0, 0, 0.028199, 6, 0, 0, 0.150395, 32, 0, 0, 0.263191, 56, 0, 0, 0, 0, 0, 0, 0.498182, 106, 4.72803, 1006
subrunnum, triggerRate_bit1, triggerCounts_bit1, triggerRate_bit2, triggerCounts_bit2, triggerRate_bit3, triggerCounts_bit3, triggerRate_bit4, triggerCounts_bit4, triggerRate_bit5, triggerCounts_bit5, triggerRate_bit6, triggerCounts_bit6, triggerRate_bit7, triggerCounts_bit7, triggerRate_bit8, triggerCounts_bit8, triggerRate_bit9, triggerCounts_bit9, triggerRate_bit10, triggerCounts_bit10, triggerRate_bit11, triggerCounts_bit11, triggerRate_bit12, triggerCounts_bit12, triggerRate_bit13, triggerCounts_bit13, triggerRate_tot,  triggerCounts_tot  
132, 2.27638, 454, 1.6396, 327, 0, 0, 0, 0, 0.100281, 20, 0, 0, 0.21059, 42, 0, 0, 0.300843, 60, 0, 0, 0, 0, 0, 0, 0.501405, 100, 5.0291, 1003
subrunnum, triggerRate_bit1, triggerCounts_bit1, triggerRate_bit2, triggerCounts_bit2, triggerRate_bit3, triggerCounts_bit3, triggerRate_bit4, triggerCounts_bit4, triggerRate_bit5, triggerCounts_bit5, triggerRate_bit6, triggerCounts_bit6, triggerRate_bit7, triggerCounts_bit7, triggerRate_bit8, triggerCounts_bit8, triggerRate_bit9, triggerCounts_bit9, triggerRate_bit10, triggerCounts_bit10, triggerRate_bit11, triggerCounts_bit11, triggerRate_bit12, triggerCounts_bit12, triggerRate_bit13, triggerCounts_bit13, triggerRate_tot,  triggerCounts_tot  
133, 2.28651, 461, 1.72604, 348, 0, 0, 0, 0, 0.0495989, 10, 0, 0, 0.193436, 39, 0, 0, 0.233115, 47, 0, 0, 0, 0, 0, 0, 0.500949, 101, 4.98965, 1006
subrunnum, triggerRate_bit1, triggerCounts_bit1, triggerRate_bit2, triggerCounts_bit2, triggerRate_bit3, triggerCounts_bit3, triggerRate_bit4, triggerCounts_bit4, triggerRate_bit5, triggerCounts_bit5, triggerRate_bit6, triggerCounts_bit6, triggerRate_bit7, triggerCounts_bit7, triggerRate_bit8, triggerCounts_bit8, triggerRate_bit9, triggerCounts_bit9, triggerRate_bit10, triggerCounts_bit10, triggerRate_bit11, triggerCounts_bit11, triggerRate_bit12, triggerCounts_bit12, triggerRate_bit13, triggerCounts_bit13, triggerRate_tot,  triggerCounts_tot  
134, 2.33013, 489, 1.52483, 320, 0, 0, 0, 0, 0.0524161, 11, 0, 0, 0.138188, 29, 0, 0, 0.228725, 48, 0, 0, 0, 0, 0, 0, 0.500335, 105, 4.77463, 1002
subrunnum, triggerRate_bit1, triggerCounts_bit1, triggerRate_bit2, triggerCounts_bit2, triggerRate_bit3, triggerCounts_bit3, triggerRate_bit4, triggerCounts_bit4, triggerRate_bit5, triggerCounts_bit5, triggerRate_bit6, triggerCounts_bit6, triggerRate_bit7, triggerCounts_bit7, triggerRate_bit8, triggerCounts_bit8, triggerRate_bit9, triggerCounts_bit9, triggerRate_bit10, triggerCounts_bit10, triggerRate_bit11, triggerCounts_bit11, triggerRate_bit12, triggerCounts_bit12, triggerRate_bit13, triggerCounts_bit13, triggerRate_tot,  triggerCounts_tot  
135, 2.26038, 476, 1.54333, 325, 0, 0, 0, 0, 0.0569844, 12, 0, 0, 0.189948, 40, 0, 0, 0.199445, 42, 0, 0, 0, 0, 0, 0, 0.503362, 106, 4.75345, 1001
subrunnum, triggerRate_bit1, triggerCounts_bit1, triggerRate_bit2, triggerCounts_bit2, triggerRate_bit3, triggerCounts_bit3, triggerRate_bit4, triggerCounts_bit4, triggerRate_bit5, triggerCounts_bit5, triggerRate_bit6, triggerCounts_bit6, triggerRate_bit7, triggerCounts_bit7, triggerRate_bit8, triggerCounts_bit8, triggerRate_bit9, triggerCounts_bit9, triggerRate_bit10, triggerCounts_bit10, triggerRate_bit11, triggerCounts_bit11, triggerRate_bit12, triggerCounts_bit12, triggerRate_bit13, triggerCounts_bit13, triggerRate_tot,  triggerCounts_tot  
136, 2.32528, 505, 1.40438, 305, 0, 0, 0, 0, 0.0782769, 17, 0, 0, 0.0920905, 20, 0, 0, 0.230226, 50, 0, 0, 0, 0, 0, 0, 0.497289, 108, 4.62755, 1005
subrunnum, triggerRate_bit1, triggerCounts_bit1, triggerRate_bit2, triggerCounts_bit2, triggerRate_bit3, triggerCounts_bit3, triggerRate_bit4, triggerCounts_bit4, triggerRate_bit5, triggerCounts_bit5, triggerRate_bit6, triggerCounts_bit6, triggerRate_bit7, triggerCounts_bit7, triggerRate_bit8, triggerCounts_bit8, triggerRate_bit9, triggerCounts_bit9, triggerRate_bit10, triggerCounts_bit10, triggerRate_bit11, triggerCounts_bit11, triggerRate_bit12, triggerCounts_bit12, triggerRate_bit13, triggerCounts_bit13, triggerRate_tot,  triggerCounts_tot  
137, 2.30068, 468, 1.62228, 330, 0, 0, 0, 0, 0.0884878, 18, 0, 0, 0.176976, 36, 0, 0, 0.245799, 50, 0, 0, 0, 0, 0, 0, 0.501431, 102, 4.93565, 1004
subrunnum, triggerRate_bit1, triggerCounts_bit1, triggerRate_bit2, triggerCounts_bit2, triggerRate_bit3, triggerCounts_bit3, triggerRate_bit4, triggerCounts_bit4, triggerRate_bit5, triggerCounts_bit5, triggerRate_bit6, triggerCounts_bit6, triggerRate_bit7, triggerCounts_bit7, triggerRate_bit8, triggerCounts_bit8, triggerRate_bit9, triggerCounts_bit9, triggerRate_bit10, triggerCounts_bit10, triggerRate_bit11, triggerCounts_bit11, triggerRate_bit12, triggerCounts_bit12, triggerRate_bit13, triggerCounts_bit13, triggerRate_tot,  triggerCounts_tot  
138, 2.41482, 496, 1.55308, 319, 0, 0, 0, 0, 0.0486859, 10, 0, 0, 0.116846, 24, 0, 0, 0.253166, 52, 0, 0, 0, 0, 0, 0, 0.501464, 103, 4.88806, 1004
subrunnum, triggerRate_bit1, triggerCounts_bit1, triggerRate_bit2, triggerCounts_bit2, triggerRate_bit3, triggerCounts_bit3, triggerRate_bit4, triggerCounts_bit4, triggerRate_bit5, triggerCounts_bit5, triggerRate_bit6, triggerCounts_bit6, triggerRate_bit7, triggerCounts_bit7, triggerRate_bit8, triggerCounts_bit8, triggerRate_bit9, triggerCounts_bit9, triggerRate_bit10, triggerCounts_bit10, triggerRate_bit11, triggerCounts_bit11, triggerRate_bit12, triggerCounts_bit12, triggerRate_bit13, triggerCounts_bit13, triggerRate_tot,  triggerCounts_tot  
139, 2.1352, 467, 1.50424, 329, 0, 0, 0, 0, 0.0411495, 9, 0, 0, 0.196603, 43, 0, 0, 0.205747, 45, 0, 0, 0, 0, 0, 0, 0.502938, 110, 4.58588, 1003
subrunnum, triggerRate_bit1, triggerCounts_bit1, triggerRate_bit2, triggerCounts_bit2, triggerRate_bit3, triggerCounts_bit3, triggerRate_bit4, triggerCounts_bit4, triggerRate_bit5, triggerCounts_bit5, triggerRate_bit6, triggerCounts_bit6, triggerRate_bit7, triggerCounts_bit7, triggerRate_bit8, triggerCounts_bit8, triggerRate_bit9, triggerCounts_bit9, triggerRate_bit10, triggerCounts_bit10, triggerRate_bit11, triggerCounts_bit11, triggerRate_bit12, triggerCounts_bit12, triggerRate_bit13, triggerCounts_bit13, triggerRate_tot,  triggerCounts_tot  
140, 2.35866, 481, 1.50542, 307, 0, 0, 0, 0, 0.098073, 20, 0, 0, 0.20105, 41, 0, 0, 0.25499, 52, 0, 0, 0, 0, 0, 0, 0.500172, 102, 4.91836, 1003
subrunnum, triggerRate_bit1, triggerCounts_bit1, triggerRate_bit2, triggerCounts_bit2, triggerRate_bit3, triggerCounts_bit3, triggerRate_bit4, triggerCounts_bit4, triggerRate_bit5, triggerCounts_bit5, triggerRate_bit6, triggerCounts_bit6, triggerRate_bit7, triggerCounts_bit7, triggerRate_bit8, triggerCounts_bit8, triggerRate_bit9, triggerCounts_bit9, triggerRate_bit10, triggerCounts_bit10, triggerRate_bit11, triggerCounts_bit11, triggerRate_bit12, triggerCounts_bit12, triggerRate_bit13, triggerCounts_bit13, triggerRate_tot,  triggerCounts_tot  
141, 2.3357, 480, 1.55713, 320, 0, 0, 0, 0, 0.0486604, 10, 0, 0, 0.189776, 39, 0, 0, 0.253034, 52, 0, 0, 0, 0, 0, 0, 0.496336, 102, 4.88064, 1003
subrunnum, triggerRate_bit1, triggerCounts_bit1, triggerRate_bit2, triggerCounts_bit2, triggerRate_bit3, triggerCounts_bit3, triggerRate_bit4, triggerCounts_bit4, triggerRate_bit5, triggerCounts_bit5, triggerRate_bit6, triggerCounts_bit6, triggerRate_bit7, triggerCounts_bit7, triggerRate_bit8, triggerCounts_bit8, triggerRate_bit9, triggerCounts_bit9, triggerRate_bit10, triggerCounts_bit10, triggerRate_bit11, triggerCounts_bit11, triggerRate_bit12, triggerCounts_bit12, triggerRate_bit13, triggerCounts_bit13, triggerRate_tot,  triggerCounts_tot  
142, 2.37388, 491, 1.61482, 334, 0, 0, 0, 0, 0.0338436, 7, 0, 0, 0.12087, 25, 0, 0, 0.207896, 43, 0, 0, 0, 0, 0, 0, 0.502819, 104, 4.85413, 1004
subrunnum, triggerRate_bit1, triggerCounts_bit1, triggerRate_bit2, triggerCounts_bit2, triggerRate_bit3, triggerCounts_bit3, triggerRate_bit4, triggerCounts_bit4, triggerRate_bit5, triggerCounts_bit5, triggerRate_bit6, triggerCounts_bit6, triggerRate_bit7, triggerCounts_bit7, triggerRate_bit8, triggerCounts_bit8, triggerRate_bit9, triggerCounts_bit9, triggerRate_bit10, triggerCounts_bit10, triggerRate_bit11, triggerCounts_bit11, triggerRate_bit12, triggerCounts_bit12, triggerRate_bit13, triggerCounts_bit13, triggerRate_tot,  triggerCounts_tot  
143, 2.25325, 476, 1.56213, 330, 0, 0, 0, 0, 0.0331361, 7, 0, 0, 0.16568, 35, 0, 0, 0.227219, 48, 0, 0, 0, 0, 0, 0, 0.501775, 106, 4.7432, 1002
subrunnum, triggerRate_bit1, triggerCounts_bit1, triggerRate_bit2, triggerCounts_bit2, triggerRate_bit3, triggerCounts_bit3, triggerRate_bit4, triggerCounts_bit4, triggerRate_bit5, triggerCounts_bit5, triggerRate_bit6, triggerCounts_bit6, triggerRate_bit7, triggerCounts_bit7, triggerRate_bit8, triggerCounts_bit8, triggerRate_bit9, triggerCounts_bit9, triggerRate_bit10, triggerCounts_bit10, triggerRate_bit11, triggerCounts_bit11, triggerRate_bit12, triggerCounts_bit12, triggerRate_bit13, triggerCounts_bit13, triggerRate_tot,  triggerCounts_tot  
144, 2.14172, 469, 1.4476, 317, 0, 0, 0, 0, 0.0410992, 9, 0, 0, 0.210063, 46, 0, 0, 0.237462, 52, 0, 0, 0, 0, 0, 0, 0.497757, 109, 4.57571, 1002
subrunnum, triggerRate_bit1, triggerCounts_bit1, triggerRate_bit2, triggerCounts_bit2, triggerRate_bit3, triggerCounts_bit3, triggerRate_bit4, triggerCounts_bit4, triggerRate_bit5, triggerCounts_bit5, triggerRate_bit6, triggerCounts_bit6, triggerRate_bit7, triggerCounts_bit7, triggerRate_bit8, triggerCounts_bit8, triggerRate_bit9, triggerCounts_bit9, triggerRate_bit10, triggerCounts_bit10, triggerRate_bit11, triggerCounts_bit11, triggerRate_bit12, triggerCounts_bit12, triggerRate_bit13, triggerCounts_bit13, triggerRate_tot,  triggerCounts_tot  
145, 2.34445, 508, 1.3799, 299, 0, 0, 0, 0, 0.0369205, 8, 0, 0, 0.184603, 40, 0, 0, 0.175372, 38, 0, 0, 0, 0, 0, 0, 0.503042, 109, 4.6243, 1002
subrunnum, triggerRate_bit1, triggerCounts_bit1, triggerRate_bit2, triggerCounts_bit2, triggerRate_bit3, triggerCounts_bit3, triggerRate_bit4, triggerCounts_bit4, triggerRate_bit5, triggerCounts_bit5, triggerRate_bit6, triggerCounts_bit6, triggerRate_bit7, triggerCounts_bit7, triggerRate_bit8, triggerCounts_bit8, triggerRate_bit9, triggerCounts_bit9, triggerRate_bit10, triggerCounts_bit10, triggerRate_bit11, triggerCounts_bit11, triggerRate_bit12, triggerCounts_bit12, triggerRate_bit13, triggerCounts_bit13, triggerRate_tot,  triggerCounts_tot  
146, 2.53883, 493, 1.67367, 325, 0, 0, 0, 0, 0.0360484, 7, 0, 0, 0.164793, 32, 0, 0, 0.247189, 48, 0, 0, 0, 0, 0, 0, 0.499527, 97, 5.16007, 1002
subrunnum, triggerRate_bit1, triggerCounts_bit1, triggerRate_bit2, triggerCounts_bit2, triggerRate_bit3, triggerCounts_bit3, triggerRate_bit4, triggerCounts_bit4, triggerRate_bit5, triggerCounts_bit5, triggerRate_bit6, triggerCounts_bit6, triggerRate_bit7, triggerCounts_bit7, triggerRate_bit8, triggerCounts_bit8, triggerRate_bit9, triggerCounts_bit9, triggerRate_bit10, triggerCounts_bit10, triggerRate_bit11, triggerCounts_bit11, triggerRate_bit12, triggerCounts_bit12, triggerRate_bit13, triggerCounts_bit13, triggerRate_tot,  triggerCounts_tot  
147, 2.16289, 464, 1.58488, 340, 0, 0, 0, 0, 0.0745826, 16, 0, 0, 0.139842, 30, 0, 0, 0.205102, 44, 0, 0, 0, 0, 0, 0, 0.503432, 108, 4.67073, 1002
subrunnum, triggerRate_bit1, triggerCounts_bit1, triggerRate_bit2, triggerCounts_bit2, triggerRate_bit3, triggerCounts_bit3, triggerRate_bit4, triggerCounts_bit4, triggerRate_bit5, triggerCounts_bit5, triggerRate_bit6, triggerCounts_bit6, triggerRate_bit7, triggerCounts_bit7, triggerRate_bit8, triggerCounts_bit8, triggerRate_bit9, triggerCounts_bit9, triggerRate_bit10, triggerCounts_bit10, triggerRate_bit11, triggerCounts_bit11, triggerRate_bit12, triggerCounts_bit12, triggerRate_bit13, triggerCounts_bit13, triggerRate_tot,  triggerCounts_tot  
148, 2.30742, 496, 1.40957, 303, 0, 0, 0, 0, 0.0558246, 12, 0, 0, 0.167474, 36, 0, 0, 0.218646, 47, 0, 0, 0, 0, 0, 0, 0.497769, 107, 4.6567, 1001
subrunnum, triggerRate_bit1, triggerCounts_bit1, triggerRate_bit2, triggerCounts_bit2, triggerRate_bit3, triggerCounts_bit3, triggerRate_bit4, triggerCounts_bit4, triggerRate_bit5, triggerCounts_bit5, triggerRate_bit6, triggerCounts_bit6, triggerRate_bit7, triggerCounts_bit7, triggerRate_bit8, triggerCounts_bit8, triggerRate_bit9, triggerCounts_bit9, triggerRate_bit10, triggerCounts_bit10, triggerRate_bit11, triggerCounts_bit11, triggerRate_bit12, triggerCounts_bit12, triggerRate_bit13, triggerCounts_bit13, triggerRate_tot,  triggerCounts_tot  
149, 2.34678, 479, 1.60208, 327, 0, 0, 0, 0, 0.0783893, 16, 0, 0, 0.166577, 34, 0, 0, 0.225369, 46, 0, 0, 0, 0, 0, 0, 0.499732, 102, 4.91893, 1004
subrunnum, triggerRate_bit1, triggerCounts_bit1, triggerRate_bit2, triggerCounts_bit2, triggerRate_bit3, triggerCounts_bit3, triggerRate_bit4, triggerCounts_bit4, triggerRate_bit5, triggerCounts_bit5, triggerRate_bit6, triggerCounts_bit6, triggerRate_bit7, triggerCounts_bit7, triggerRate_bit8, triggerCounts_bit8, triggerRate_bit9, triggerCounts_bit9, triggerRate_bit10, triggerCounts_bit10, triggerRate_bit11, triggerCounts_bit11, triggerRate_bit12, triggerCounts_bit12, triggerRate_bit13, triggerCounts_bit13, triggerRate_tot,  triggerCounts_tot  
150, 2.07698, 430, 1.70023, 352, 0, 0, 0, 0, 0.0724528, 15, 0, 0, 0.183547, 38, 0, 0, 0.309132, 64, 0, 0, 0, 0, 0, 0, 0.50234, 104, 4.84468, 1003
subrunnum, triggerRate_bit1, triggerCounts_bit1, triggerRate_bit2, triggerCounts_bit2, triggerRate_bit3, triggerCounts_bit3, triggerRate_bit4, triggerCounts_bit4, triggerRate_bit5, triggerCounts_bit5, triggerRate_bit6, triggerCounts_bit6, triggerRate_bit7, triggerCounts_bit7, triggerRate_bit8, triggerCounts_bit8, triggerRate_bit9, triggerCounts_bit9, triggerRate_bit10, triggerCounts_bit10, triggerRate_bit11, triggerCounts_bit11, triggerRate_bit12, triggerCounts_bit12, triggerRate_bit13, triggerCounts_bit13, triggerRate_tot,  triggerCounts_tot  
151, 2.26043, 475, 1.5942, 335, 0, 0, 0, 0, 0.0571057, 12, 0, 0, 0.138005, 29, 0, 0, 0.218905, 46, 0, 0, 0, 0, 0, 0, 0.499675, 105, 4.76832, 1002
subrunnum, triggerRate_bit1, triggerCounts_bit1, triggerRate_bit2, triggerCounts_bit2, triggerRate_bit3, triggerCounts_bit3, triggerRate_bit4, triggerCounts_bit4, triggerRate_bit5, triggerCounts_bit5, triggerRate_bit6, triggerCounts_bit6, triggerRate_bit7, triggerCounts_bit7, triggerRate_bit8, triggerCounts_bit8, triggerRate_bit9, triggerCounts_bit9, triggerRate_bit10, triggerCounts_bit10, triggerRate_bit11, triggerCounts_bit11, triggerRate_bit12, triggerCounts_bit12, triggerRate_bit13, triggerCounts_bit13, triggerRate_tot,  triggerCounts_tot  
152, 2.31233, 481, 1.50469, 313, 0, 0, 0, 0, 0.0528806, 11, 0, 0, 0.211523, 44, 0, 0, 0.240367, 50, 0, 0, 0, 0, 0, 0, 0.499962, 104, 4.82175, 1003
subrunnum, triggerRate_bit1, triggerCounts_bit1, triggerRate_bit2, triggerCounts_bit2, triggerRate_bit3, triggerCounts_bit3, triggerRate_bit4, triggerCounts_bit4, triggerRate_bit5, triggerCounts_bit5, triggerRate_bit6, triggerCounts_bit6, triggerRate_bit7, triggerCounts_bit7, triggerRate_bit8, triggerCounts_bit8, triggerRate_bit9, triggerCounts_bit9, triggerRate_bit10, triggerCounts_bit10, triggerRate_bit11, triggerCounts_bit11, triggerRate_bit12, triggerCounts_bit12, triggerRate_bit13, triggerCounts_bit13, triggerRate_tot,  triggerCounts_tot  
153, 2.31304, 497, 1.3962, 300, 0, 0, 0, 0, 0.032578, 7, 0, 0, 0.218738, 47, 0, 0, 0.190814, 41, 0, 0, 0, 0, 0, 0, 0.502632, 108, 4.654, 1000
subrunnum, triggerRate_bit1, triggerCounts_bit1, triggerRate_bit2, triggerCounts_bit2, triggerRate_bit3, triggerCounts_bit3, triggerRate_bit4, triggerCounts_bit4, triggerRate_bit5, triggerCounts_bit5, triggerRate_bit6, triggerCounts_bit6, triggerRate_bit7, triggerCounts_bit7, triggerRate_bit8, triggerCounts_bit8, triggerRate_bit9, triggerCounts_bit9, triggerRate_bit10, triggerCounts_bit10, triggerRate_bit11, triggerCounts_bit11, triggerRate_bit12, triggerCounts_bit12, triggerRate_bit13, triggerCounts_bit13, triggerRate_tot,  triggerCounts_tot  
154, 2.34975, 471, 1.58645, 318, 0, 0, 0, 0, 0.109755, 22, 0, 0, 0.159643, 32, 0, 0, 0.294342, 59, 0, 0, 0, 0, 0, 0, 0.498884, 100, 4.99882, 1002
subrunnum, triggerRate_bit1, triggerCounts_bit1, triggerRate_bit2, triggerCounts_bit2, triggerRate_bit3, triggerCounts_bit3, triggerRate_bit4, triggerCounts_bit4, triggerRate_bit5, triggerCounts_bit5, triggerRate_bit6, triggerCounts_bit6, triggerRate_bit7, triggerCounts_bit7, triggerRate_bit8, triggerCounts_bit8, triggerRate_bit9, triggerCounts_bit9, triggerRate_bit10, triggerCounts_bit10, triggerRate_bit11, triggerCounts_bit11, triggerRate_bit12, triggerCounts_bit12, triggerRate_bit13, triggerCounts_bit13, triggerRate_tot,  triggerCounts_tot  
155, 2.4329, 488, 1.59036, 319, 0, 0, 0, 0, 0.0498544, 10, 0, 0, 0.204403, 41, 0, 0, 0.219359, 44, 0, 0, 0, 0, 0, 0, 0.498544, 100, 4.99541, 1002
subrunnum, triggerRate_bit1, triggerCounts_bit1, triggerRate_bit2, triggerCounts_bit2, triggerRate_bit3, triggerCounts_bit3, triggerRate_bit4, triggerCounts_bit4, triggerRate_bit5, triggerCounts_bit5, triggerRate_bit6, triggerCounts_bit6, triggerRate_bit7, triggerCounts_bit7, triggerRate_bit8, triggerCounts_bit8, triggerRate_bit9, triggerCounts_bit9, triggerRate_bit10, triggerCounts_bit10, triggerRate_bit11, triggerCounts_bit11, triggerRate_bit12, triggerCounts_bit12, triggerRate_bit13, triggerCounts_bit13, triggerRate_tot,  triggerCounts_tot  
156, 2.13194, 459, 1.56993, 338, 0, 0, 0, 0, 0.055737, 12, 0, 0, 0.222948, 48, 0, 0, 0.1765, 38, 0, 0, 0, 0, 0, 0, 0.501633, 108, 4.65868, 1003
subrunnum, triggerRate_bit1, triggerCounts_bit1, triggerRate_bit2, triggerCounts_bit2, triggerRate_bit3, triggerCounts_bit3, triggerRate_bit4, triggerCounts_bit4, triggerRate_bit5, triggerCounts_bit5, triggerRate_bit6, triggerCounts_bit6, triggerRate_bit7, triggerCounts_bit7, triggerRate_bit8, triggerCounts_bit8, triggerRate_bit9, triggerCounts_bit9, triggerRate_bit10, triggerCounts_bit10, triggerRate_bit11, triggerCounts_bit11, triggerRate_bit12, triggerCounts_bit12, triggerRate_bit13, triggerCounts_bit13, triggerRate_tot,  triggerCounts_tot  
157, 2.29154, 467, 1.70762, 348, 0, 0, 0, 0, 0.0441625, 9, 0, 0, 0.166836, 34, 0, 0, 0.210998, 43, 0, 0, 0, 0, 0, 0, 0.500508, 102, 4.92166, 1003
subrunnum, triggerRate_bit1, triggerCounts_bit1, triggerRate_bit2, triggerCounts_bit2, triggerRate_bit3, triggerCounts_bit3, triggerRate_bit4, triggerCounts_bit4, triggerRate_bit5, triggerCounts_bit5, triggerRate_bit6, triggerCounts_bit6, triggerRate_bit7, triggerCounts_bit7, triggerRate_bit8, triggerCounts_bit8, triggerRate_bit9, triggerCounts_bit9, triggerRate_bit10, triggerCounts_bit10, triggerRate_bit11, triggerCounts_bit11, triggerRate_bit12, triggerCounts_bit12, triggerRate_bit13, triggerCounts_bit13, triggerRate_tot,  triggerCounts_tot  
158, 2.42162, 483, 1.64951, 329, 0, 0, 0, 0, 0.035096, 7, 0, 0, 0.17548, 35, 0, 0, 0.250685, 50, 0, 0, 0, 0, 0, 0, 0.501371, 100, 5.03376, 1004
subrunnum, triggerRate_bit1, triggerCounts_bit1, triggerRate_bit2, triggerCounts_bit2, triggerRate_bit3, triggerCounts_bit3, triggerRate_bit4, triggerCounts_bit4, triggerRate_bit5, triggerCounts_bit5, triggerRate_bit6, triggerCounts_bit6, triggerRate_bit7, triggerCounts_bit7, triggerRate_bit8, triggerCounts_bit8, triggerRate_bit9, triggerCounts_bit9, triggerRate_bit10, triggerCounts_bit10, triggerRate_bit11, triggerCounts_bit11, triggerRate_bit12, triggerCounts_bit12, triggerRate_bit13, triggerCounts_bit13, triggerRate_tot,  triggerCounts_tot  
159, 2.20545, 474, 1.52614, 328, 0, 0, 0, 0, 0.0372228, 8, 0, 0, 0.200073, 43, 0, 0, 0.204726, 44, 0, 0, 0, 0, 0, 0, 0.493202, 106, 4.66681, 1003
subrunnum, triggerRate_bit1, triggerCounts_bit1, triggerRate_bit2, triggerCounts_bit2, triggerRate_bit3, triggerCounts_bit3, triggerRate_bit4, triggerCounts_bit4, triggerRate_bit5, triggerCounts_bit5, triggerRate_bit6, triggerCounts_bit6, triggerRate_bit7, triggerCounts_bit7, triggerRate_bit8, triggerCounts_bit8, triggerRate_bit9, triggerCounts_bit9, triggerRate_bit10, triggerCounts_bit10, triggerRate_bit11, triggerCounts_bit11, triggerRate_bit12, triggerCounts_bit12, triggerRate_bit13, triggerCounts_bit13, triggerRate_tot,  triggerCounts_tot  
160, 2.4287, 507, 1.41794, 296, 0, 0, 0, 0, 0.0526936, 11, 0, 0, 0.1485, 31, 0, 0, 0.249097, 52, 0, 0, 0, 0, 0, 0, 0.502985, 105, 4.79991, 1002
subrunnum, triggerRate_bit1, triggerCounts_bit1, triggerRate_bit2, triggerCounts_bit2, triggerRate_bit3, triggerCounts_bit3, triggerRate_bit4, triggerCounts_bit4, triggerRate_bit5, triggerCounts_bit5, triggerRate_bit6, triggerCounts_bit6, triggerRate_bit7, triggerCounts_bit7, triggerRate_bit8, triggerCounts_bit8, triggerRate_bit9, triggerCounts_bit9, triggerRate_bit10, triggerCounts_bit10, triggerRate_bit11, triggerCounts_bit11, triggerRate_bit12, triggerCounts_bit12, triggerRate_bit13, triggerCounts_bit13, triggerRate_tot,  triggerCounts_tot  
161, 2.30125, 459, 1.69961, 339, 0, 0, 0, 0, 0.0451225, 9, 0, 0, 0.220599, 44, 0, 0, 0.260708, 52, 0, 0, 0, 0, 0, 0, 0.496348, 99, 5.02364, 1002
subrunnum, triggerRate_bit1, triggerCounts_bit1, triggerRate_bit2, triggerCounts_bit2, triggerRate_bit3, triggerCounts_bit3, triggerRate_bit4, triggerCounts_bit4, triggerRate_bit5, triggerCounts_bit5, triggerRate_bit6, triggerCounts_bit6, triggerRate_bit7, triggerCounts_bit7, triggerRate_bit8, triggerCounts_bit8, triggerRate_bit9, triggerCounts_bit9, triggerRate_bit10, triggerCounts_bit10, triggerRate_bit11, triggerCounts_bit11, triggerRate_bit12, triggerCounts_bit12, triggerRate_bit13, triggerCounts_bit13, triggerRate_tot,  triggerCounts_tot  
162, 2.29367, 502, 1.38443, 303, 0, 0, 0, 0, 0.0548287, 12, 0, 0, 0.14621, 32, 0, 0, 0.205608, 45, 0, 0, 0, 0, 0, 0, 0.502597, 110, 4.58734, 1004
subrunnum, triggerRate_bit1, triggerCounts_bit1, triggerRate_bit2, triggerCounts_bit2, triggerRate_bit3, triggerCounts_bit3, triggerRate_bit4, triggerCounts_bit4, triggerRate_bit5, triggerCounts_bit5, triggerRate_bit6, triggerCounts_bit6, triggerRate_bit7, triggerCounts_bit7, triggerRate_bit8, triggerCounts_bit8, triggerRate_bit9, triggerCounts_bit9, triggerRate_bit10, triggerCounts_bit10, triggerRate_bit11, triggerCounts_bit11, triggerRate_bit12, triggerCounts_bit12, triggerRate_bit13, triggerCounts_bit13, triggerRate_tot,  triggerCounts_tot  
163, 2.24497, 490, 1.41112, 308, 0, 0, 0, 0, 0.0503973, 11, 0, 0, 0.164937, 36, 0, 0, 0.224497, 49, 0, 0, 0, 0, 0, 0, 0.499392, 109, 4.59532, 1003
subrunnum, triggerRate_bit1, triggerCounts_bit1, triggerRate_bit2, triggerCounts_bit2, triggerRate_bit3, triggerCounts_bit3, triggerRate_bit4, triggerCounts_bit4, triggerRate_bit5, triggerCounts_bit5, triggerRate_bit6, triggerCounts_bit6, triggerRate_bit7, triggerCounts_bit7, triggerRate_bit8, triggerCounts_bit8, triggerRate_bit9, triggerCounts_bit9, triggerRate_bit10, triggerCounts_bit10, triggerRate_bit11, triggerCounts_bit11, triggerRate_bit12, triggerCounts_bit12, triggerRate_bit13, triggerCounts_bit13, triggerRate_tot,  triggerCounts_tot  
164, 2.25318, 473, 1.54817, 325, 0, 0, 0, 0, 0.0428723, 9, 0, 0, 0.195307, 41, 0, 0, 0.238179, 50, 0, 0, 0, 0, 0, 0, 0.500177, 105, 4.77788, 1003
subrunnum, triggerRate_bit1, triggerCounts_bit1, triggerRate_bit2, triggerCounts_bit2, triggerRate_bit3, triggerCounts_bit3, triggerRate_bit4, triggerCounts_bit4, triggerRate_bit5, triggerCounts_bit5, triggerRate_bit6, triggerCounts_bit6, triggerRate_bit7, triggerCounts_bit7, triggerRate_bit8, triggerCounts_bit8, triggerRate_bit9, triggerCounts_bit9, triggerRate_bit10, triggerCounts_bit10, triggerRate_bit11, triggerCounts_bit11, triggerRate_bit12, triggerCounts_bit12, triggerRate_bit13, triggerCounts_bit13, triggerRate_tot,  triggerCounts_tot  
165, 2.22886, 462, 1.53415, 318, 0, 0, 0, 0, 0.0771898, 16, 0, 0, 0.241218, 50, 0, 0, 0.260516, 54, 0, 0, 0, 0, 0, 0, 0.501734, 104, 4.84366, 1004
subrunnum, triggerRate_bit1, triggerCounts_bit1, triggerRate_bit2, triggerCounts_bit2, triggerRate_bit3, triggerCounts_bit3, triggerRate_bit4, triggerCounts_bit4, triggerRate_bit5, triggerCounts_bit5, triggerRate_bit6, triggerCounts_bit6, triggerRate_bit7, triggerCounts_bit7, triggerRate_bit8, triggerCounts_bit8, triggerRate_bit9, triggerCounts_bit9, triggerRate_bit10, triggerCounts_bit10, triggerRate_bit11, triggerCounts_bit11, triggerRate_bit12, triggerCounts_bit12, triggerRate_bit13, triggerCounts_bit13, triggerRate_tot,  triggerCounts_tot  
166, 2.32064, 490, 1.44922, 306, 0, 0, 0, 0, 0.028416, 6, 0, 0, 0.184704, 39, 0, 0, 0.26048, 55, 0, 0, 0, 0, 0, 0, 0.502017, 106, 4.74548, 1002
subrunnum, triggerRate_bit1, triggerCounts_bit1, triggerRate_bit2, triggerCounts_bit2, triggerRate_bit3, triggerCounts_bit3, triggerRate_bit4, triggerCounts_bit4, triggerRate_bit5, triggerCounts_bit5, triggerRate_bit6, triggerCounts_bit6, triggerRate_bit7, triggerCounts_bit7, triggerRate_bit8, triggerCounts_bit8, triggerRate_bit9, triggerCounts_bit9, triggerRate_bit10, triggerCounts_bit10, triggerRate_bit11, triggerCounts_bit11, triggerRate_bit12, triggerCounts_bit12, triggerRate_bit13, triggerCounts_bit13, triggerRate_tot,  triggerCounts_tot  
167, 2.25757, 482, 1.48007, 316, 0, 0, 0, 0, 0.0655726, 14, 0, 0, 0.18735, 40, 0, 0, 0.210769, 45, 0, 0, 0, 0, 0, 0, 0.501162, 107, 4.70249, 1004
subrunnum, triggerRate_bit1, triggerCounts_bit1, triggerRate_bit2, triggerCounts_bit2, triggerRate_bit3, triggerCounts_bit3, triggerRate_bit4, triggerCounts_bit4, triggerRate_bit5, triggerCounts_bit5, triggerRate_bit6, triggerCounts_bit6, triggerRate_bit7, triggerCounts_bit7, triggerRate_bit8, triggerCounts_bit8, triggerRate_bit9, triggerCounts_bit9, triggerRate_bit10, triggerCounts_bit10, triggerRate_bit11, triggerCounts_bit11, triggerRate_bit12, triggerCounts_bit12, triggerRate_bit13, triggerCounts_bit13, triggerRate_tot,  triggerCounts_tot  
168, 2.26079, 464, 1.73457, 356, 0, 0, 0, 0, 0.0438515, 9, 0, 0, 0.194895, 40, 0, 0, 0.160789, 33, 0, 0, 0, 0, 0, 0, 0.496983, 102, 4.89187, 1004
subrunnum, triggerRate_bit1, triggerCounts_bit1, triggerRate_bit2, triggerCounts_bit2, triggerRate_bit3, triggerCounts_bit3, triggerRate_bit4, triggerCounts_bit4, triggerRate_bit5, triggerCounts_bit5, triggerRate_bit6, triggerCounts_bit6, triggerRate_bit7, triggerCounts_bit7, triggerRate_bit8, triggerCounts_bit8, triggerRate_bit9, triggerCounts_bit9, triggerRate_bit10, triggerCounts_bit10, triggerRate_bit11, triggerCounts_bit11, triggerRate_bit12, triggerCounts_bit12, triggerRate_bit13, triggerCounts_bit13, triggerRate_tot,  triggerCounts_tot  
169, 2.32258, 472, 1.60907, 327, 0, 0, 0, 0, 0.0738107, 15, 0, 0, 0.172225, 35, 0, 0, 0.265718, 54, 0, 0, 0, 0, 0, 0, 0.501913, 102, 4.94531, 1005
subrunnum, triggerRate_bit1, triggerCounts_bit1, triggerRate_bit2, triggerCounts_bit2, triggerRate_bit3, triggerCounts_bit3, triggerRate_bit4, triggerCounts_bit4, triggerRate_bit5, triggerCounts_bit5, triggerRate_bit6, triggerCounts_bit6, triggerRate_bit7, triggerCounts_bit7, triggerRate_bit8, triggerCounts_bit8, triggerRate_bit9, triggerCounts_bit9, triggerRate_bit10, triggerCounts_bit10, triggerRate_bit11, triggerCounts_bit11, triggerRate_bit12, triggerCounts_bit12, triggerRate_bit13, triggerCounts_bit13, triggerRate_tot,  triggerCounts_tot  
170, 2.07928, 460, 1.53234, 339, 0, 0, 0, 0, 0.0406816, 9, 0, 0, 0.153686, 34, 0, 0, 0.216968, 48, 0, 0, 0, 0, 0, 0, 0.501739, 111, 4.52469, 1001
subrunnum, triggerRate_bit1, triggerCounts_bit1, triggerRate_bit2, triggerCounts_bit2, triggerRate_bit3, triggerCounts_bit3, triggerRate_bit4, triggerCounts_bit4, triggerRate_bit5, triggerCounts_bit5, triggerRate_bit6, triggerCounts_bit6, triggerRate_bit7, triggerCounts_bit7, triggerRate_bit8, triggerCounts_bit8, triggerRate_bit9, triggerCounts_bit9, triggerRate_bit10, triggerCounts_bit10, triggerRate_bit11, triggerCounts_bit11, triggerRate_bit12, triggerCounts_bit12, triggerRate_bit13, triggerCounts_bit13, triggerRate_tot,  triggerCounts_tot  
171, 2.17818, 474, 1.40616, 306, 0, 0, 0, 0, 0.0919062, 20, 0, 0, 0.188408, 41, 0, 0, 0.234361, 51, 0, 0, 0, 0, 0, 0, 0.500889, 109, 4.5999, 1001
subrunnum, triggerRate_bit1, triggerCounts_bit1, triggerRate_bit2, triggerCounts_bit2, triggerRate_bit3, triggerCounts_bit3, triggerRate_bit4, triggerCounts_bit4, triggerRate_bit5, triggerCounts_bit5, triggerRate_bit6, triggerCounts_bit6, triggerRate_bit7, triggerCounts_bit7, triggerRate_bit8, triggerCounts_bit8, triggerRate_bit9, triggerCounts_bit9, triggerRate_bit10, triggerCounts_bit10, triggerRate_bit11, triggerCounts_bit11, triggerRate_bit12, triggerCounts_bit12, triggerRate_bit13, triggerCounts_bit13, triggerRate_tot,  triggerCounts_tot  
172, 2.38487, 466, 1.65815, 324, 0, 0, 0, 0, 0.0921195, 18, 0, 0, 0.214945, 42, 0, 0, 0.286594, 56, 0, 0, 0, 0, 0, 0, 0.496422, 97, 5.1331, 1003
subrunnum, triggerRate_bit1, triggerCounts_bit1, triggerRate_bit2, triggerCounts_bit2, triggerRate_bit3, triggerCounts_bit3, triggerRate_bit4, triggerCounts_bit4, triggerRate_bit5, triggerCounts_bit5, triggerRate_bit6, triggerCounts_bit6, triggerRate_bit7, triggerCounts_bit7, triggerRate_bit8, triggerCounts_bit8, triggerRate_bit9, triggerCounts_bit9, triggerRate_bit10, triggerCounts_bit10, triggerRate_bit11, triggerCounts_bit11, triggerRate_bit12, triggerCounts_bit12, triggerRate_bit13, triggerCounts_bit13, triggerRate_tot,  triggerCounts_tot  
173, 2.30011, 488, 1.46585, 311, 0, 0, 0, 0, 0.04242, 9, 0, 0, 0.16968, 36, 0, 0, 0.249807, 53, 0, 0, 0, 0, 0, 0, 0.499613, 106, 4.72747, 1003
subrunnum, triggerRate_bit1, triggerCounts_bit1, triggerRate_bit2, triggerCounts_bit2, triggerRate_bit3, triggerCounts_bit3, triggerRate_bit4, triggerCounts_bit4, triggerRate_bit5, triggerCounts_bit5, triggerRate_bit6, triggerCounts_bit6, triggerRate_bit7, triggerCounts_bit7, triggerRate_bit8, triggerCounts_bit8, triggerRate_bit9, triggerCounts_bit9, triggerRate_bit10, triggerCounts_bit10, triggerRate_bit11, triggerCounts_bit11, triggerRate_bit12, triggerCounts_bit12, triggerRate_bit13, triggerCounts_bit13, triggerRate_tot,  triggerCounts_tot  
174, 2.24757, 463, 1.58252, 326, 0, 0, 0, 0, 0.0485437, 10, 0, 0, 0.213592, 44, 0, 0, 0.276699, 57, 0, 0, 0, 0, 0, 0, 0.504854, 104, 4.87379, 1004
subrunnum, triggerRate_bit1, triggerCounts_bit1, triggerRate_bit2, triggerCounts_bit2, triggerRate_bit3, triggerCounts_bit3, triggerRate_bit4, triggerCounts_bit4, triggerRate_bit5, triggerCounts_bit5, triggerRate_bit6, triggerCounts_bit6, triggerRate_bit7, triggerCounts_bit7, triggerRate_bit8, triggerCounts_bit8, triggerRate_bit9, triggerCounts_bit9, triggerRate_bit10, triggerCounts_bit10, triggerRate_bit11, triggerCounts_bit11, triggerRate_bit12, triggerCounts_bit12, triggerRate_bit13, triggerCounts_bit13, triggerRate_tot,  triggerCounts_tot  
175, 2.46884, 494, 1.52429, 305, 0, 0, 0, 0, 0.0549742, 11, 0, 0, 0.214899, 43, 0, 0, 0.249883, 50, 0, 0, 0, 0, 0, 0, 0.499766, 100, 5.01265, 1003
subrunnum, triggerRate_bit1, triggerCounts_bit1, triggerRate_bit2, triggerCounts_bit2, triggerRate_bit3, triggerCounts_bit3, triggerRate_bit4, triggerCounts_bit4, triggerRate_bit5, triggerCounts_bit5, triggerRate_bit6, triggerCounts_bit6, triggerRate_bit7, triggerCounts_bit7, triggerRate_bit8, triggerCounts_bit8, triggerRate_bit9, triggerCounts_bit9, triggerRate_bit10, triggerCounts_bit10, triggerRate_bit11, triggerCounts_bit11, triggerRate_bit12, triggerCounts_bit12, triggerRate_bit13, triggerCounts_bit13, triggerRate_tot,  triggerCounts_tot  
176, 2.36364, 491, 1.62711, 338, 0, 0, 0, 0, 0.0336975, 7, 0, 0, 0.15886, 33, 0, 0, 0.154046, 32, 0, 0, 0, 0, 0, 0, 0.500649, 104, 4.838, 1005
subrunnum, triggerRate_bit1, triggerCounts_bit1, triggerRate_bit2, triggerCounts_bit2, triggerRate_bit3, triggerCounts_bit3, triggerRate_bit4, triggerCounts_bit4, triggerRate_bit5, triggerCounts_bit5, triggerRate_bit6, triggerCounts_bit6, triggerRate_bit7, triggerCounts_bit7, triggerRate_bit8, triggerCounts_bit8, triggerRate_bit9, triggerCounts_bit9, triggerRate_bit10, triggerCounts_bit10, triggerRate_bit11, triggerCounts_bit11, triggerRate_bit12, triggerCounts_bit12, triggerRate_bit13, triggerCounts_bit13, triggerRate_tot,  triggerCounts_tot  
177, 2.27423, 488, 1.46334, 314, 0, 0, 0, 0, 0.0512634, 11, 0, 0, 0.163111, 35, 0, 0, 0.214374, 46, 0, 0, 0, 0, 0, 0, 0.498653, 107, 4.66497, 1001
subrunnum, triggerRate_bit1, triggerCounts_bit1, triggerRate_bit2, triggerCounts_bit2, triggerRate_bit3, triggerCounts_bit3, triggerRate_bit4, triggerCounts_bit4, triggerRate_bit5, triggerCounts_bit5, triggerRate_bit6, triggerCounts_bit6, triggerRate_bit7, triggerCounts_bit7, triggerRate_bit8, triggerCounts_bit8, triggerRate_bit9, triggerCounts_bit9, triggerRate_bit10, triggerCounts_bit10, triggerRate_bit11, triggerCounts_bit11, triggerRate_bit12, triggerCounts_bit12, triggerRate_bit13, triggerCounts_bit13, triggerRate_tot,  triggerCounts_tot  
178, 2.22229, 468, 1.47678, 311, 0, 0, 0, 0, 0.0664787, 14, 0, 0, 0.213682, 45, 0, 0, 0.265915, 56, 0, 0, 0, 0, 0, 0, 0.503339, 106, 4.74848, 1000
subrunnum, triggerRate_bit1, triggerCounts_bit1, triggerRate_bit2, triggerCounts_bit2, triggerRate_bit3, triggerCounts_bit3, triggerRate_bit4, triggerCounts_bit4, triggerRate_bit5, triggerCounts_bit5, triggerRate_bit6, triggerCounts_bit6, triggerRate_bit7, triggerCounts_bit7, triggerRate_bit8, triggerCounts_bit8, triggerRate_bit9, triggerCounts_bit9, triggerRate_bit10, triggerCounts_bit10, triggerRate_bit11, triggerCounts_bit11, triggerRate_bit12, triggerCounts_bit12, triggerRate_bit13, triggerCounts_bit13, triggerRate_tot,  triggerCounts_tot  
179, 2.22481, 468, 1.61631, 340, 0, 0, 0, 0, 0.0570463, 12, 0, 0, 0.199662, 42, 0, 0, 0.166385, 35, 0, 0, 0, 0, 0, 0, 0.499155, 105, 4.76337, 1002
subrunnum, triggerRate_bit1, triggerCounts_bit1, triggerRate_bit2, triggerCounts_bit2, triggerRate_bit3, triggerCounts_bit3, triggerRate_bit4, triggerCounts_bit4, triggerRate_bit5, triggerCounts_bit5, triggerRate_bit6, triggerCounts_bit6, triggerRate_bit7, triggerCounts_bit7, triggerRate_bit8, triggerCounts_bit8, triggerRate_bit9, triggerCounts_bit9, triggerRate_bit10, triggerCounts_bit10, triggerRate_bit11, triggerCounts_bit11, triggerRate_bit12, triggerCounts_bit12, triggerRate_bit13, triggerCounts_bit13, triggerRate_tot,  triggerCounts_tot  
180, 2.24467, 480, 1.53853, 329, 0, 0, 0, 0, 0.0327348, 7, 0, 0, 0.130939, 28, 0, 0, 0.238496, 51, 0, 0, 0, 0, 0, 0, 0.500374, 107, 4.68575, 1002
subrunnum, triggerRate_bit1, triggerCounts_bit1, triggerRate_bit2, triggerCounts_bit2, triggerRate_bit3, triggerCounts_bit3, triggerRate_bit4, triggerCounts_bit4, triggerRate_bit5, triggerCounts_bit5, triggerRate_bit6, triggerCounts_bit6, triggerRate_bit7, triggerCounts_bit7, triggerRate_bit8, triggerCounts_bit8, triggerRate_bit9, triggerCounts_bit9, triggerRate_bit10, triggerCounts_bit10, triggerRate_bit11, triggerCounts_bit11, triggerRate_bit12, triggerCounts_bit12, triggerRate_bit13, triggerCounts_bit13, triggerRate_tot,  triggerCounts_tot  
181, 2.23805, 454, 1.70072, 345, 0, 0, 0, 0, 0.0542258, 11, 0, 0, 0.231692, 47, 0, 0, 0.207044, 42, 0, 0, 0, 0, 0, 0, 0.497891, 101, 4.92962, 1000
subrunnum, triggerRate_bit1, triggerCounts_bit1, triggerRate_bit2, triggerCounts_bit2, triggerRate_bit3, triggerCounts_bit3, triggerRate_bit4, triggerCounts_bit4, triggerRate_bit5, triggerCounts_bit5, triggerRate_bit6, triggerCounts_bit6, triggerRate_bit7, triggerCounts_bit7, triggerRate_bit8, triggerCounts_bit8, triggerRate_bit9, triggerCounts_bit9, triggerRate_bit10, triggerCounts_bit10, triggerRate_bit11, triggerCounts_bit11, triggerRate_bit12, triggerCounts_bit12, triggerRate_bit13, triggerCounts_bit13, triggerRate_tot,  triggerCounts_tot  
182, 2.14137, 475, 1.46064, 324, 0, 0, 0, 0, 0.0676223, 15, 0, 0, 0.126228, 28, 0, 0, 0.234424, 52, 0, 0, 0, 0, 0, 0, 0.500405, 111, 4.53069, 1005
subrunnum, triggerRate_bit1, triggerCounts_bit1, triggerRate_bit2, triggerCounts_bit2, triggerRate_bit3, triggerCounts_bit3, triggerRate_bit4, triggerCounts_bit4, triggerRate_bit5, triggerCounts_bit5, triggerRate_bit6, triggerCounts_bit6, triggerRate_bit7, triggerCounts_bit7, triggerRate_bit8, triggerCounts_bit8, triggerRate_bit9, triggerCounts_bit9, triggerRate_bit10, triggerCounts_bit10, triggerRate_bit11, triggerCounts_bit11, triggerRate_bit12, triggerCounts_bit12, triggerRate_bit13, triggerCounts_bit13, triggerRate_tot,  triggerCounts_tot  
183, 2.27058, 473, 1.56493, 326, 0, 0, 0, 0, 0.0480039, 10, 0, 0, 0.225618, 47, 0, 0, 0.201616, 42, 0, 0, 0, 0, 0, 0, 0.504041, 105, 4.81479, 1003
subrunnum, triggerRate_bit1, triggerCounts_bit1, triggerRate_bit2, triggerCounts_bit2, triggerRate_bit3, triggerCounts_bit3, triggerRate_bit4, triggerCounts_bit4, triggerRate_bit5, triggerCounts_bit5, triggerRate_bit6, triggerCounts_bit6, triggerRate_bit7, triggerCounts_bit7, triggerRate_bit8, triggerCounts_bit8, triggerRate_bit9, triggerCounts_bit9, triggerRate_bit10, triggerCounts_bit10, triggerRate_bit11, triggerCounts_bit11, triggerRate_bit12, triggerCounts_bit12, triggerRate_bit13, triggerCounts_bit13, triggerRate_tot,  triggerCounts_tot  
184, 2.31122, 492, 1.44686, 308, 0, 0, 0, 0, 0.0657663, 14, 0, 0, 0.164416, 35, 0, 0, 0.216089, 46, 0, 0, 0, 0, 0, 0, 0.497945, 106, 4.70229, 1001
subrunnum, triggerRate_bit1, triggerCounts_bit1, triggerRate_bit2, triggerCounts_bit2, triggerRate_bit3, triggerCounts_bit3, triggerRate_bit4, triggerCounts_bit4, triggerRate_bit5, triggerCounts_bit5, triggerRate_bit6, triggerCounts_bit6, triggerRate_bit7, triggerCounts_bit7, triggerRate_bit8, triggerCounts_bit8, triggerRate_bit9, triggerCounts_bit9, triggerRate_bit10, triggerCounts_bit10, triggerRate_bit11, triggerCounts_bit11, triggerRate_bit12, triggerCounts_bit12, triggerRate_bit13, triggerCounts_bit13, triggerRate_tot,  triggerCounts_tot  
185, 2.28592, 489, 1.5146, 324, 0, 0, 0, 0, 0.060771, 13, 0, 0, 0.163614, 35, 0, 0, 0.154265, 33, 0, 0, 0, 0, 0, 0, 0.500192, 107, 4.67936, 1001
subrunnum, triggerRate_bit1, triggerCounts_bit1, triggerRate_bit2, triggerCounts_bit2, triggerRate_bit3, triggerCounts_bit3, triggerRate_bit4, triggerCounts_bit4, triggerRate_bit5, triggerCounts_bit5, triggerRate_bit6, triggerCounts_bit6, triggerRate_bit7, triggerCounts_bit7, triggerRate_bit8, triggerCounts_bit8, triggerRate_bit9, triggerCounts_bit9, triggerRate_bit10, triggerCounts_bit10, triggerRate_bit11, triggerCounts_bit11, triggerRate_bit12, triggerCounts_bit12, triggerRate_bit13, triggerCounts_bit13, triggerRate_tot,  triggerCounts_tot  
186, 2.22689, 484, 1.40331, 305, 0, 0, 0, 0, 0.0874191, 19, 0, 0, 0.161035, 35, 0, 0, 0.243853, 53, 0, 0, 0, 0, 0, 0, 0.50151, 109, 4.62401, 1005
subrunnum, triggerRate_bit1, triggerCounts_bit1, triggerRate_bit2, triggerCounts_bit2, triggerRate_bit3, triggerCounts_bit3, triggerRate_bit4, triggerCounts_bit4, triggerRate_bit5, triggerCounts_bit5, triggerRate_bit6, triggerCounts_bit6, triggerRate_bit7, triggerCounts_bit7, triggerRate_bit8, triggerCounts_bit8, triggerRate_bit9, triggerCounts_bit9, triggerRate_bit10, triggerCounts_bit10, triggerRate_bit11, triggerCounts_bit11, triggerRate_bit12, triggerCounts_bit12, triggerRate_bit13, triggerCounts_bit13, triggerRate_tot,  triggerCounts_tot  
187, 2.22637, 481, 1.46265, 316, 0, 0, 0, 0, 0.074058, 16, 0, 0, 0.175888, 38, 0, 0, 0.199031, 43, 0, 0, 0, 0, 0, 0, 0.499892, 108, 4.63788, 1002
subrunnum, triggerRate_bit1, triggerCounts_bit1, triggerRate_bit2, triggerCounts_bit2, triggerRate_bit3, triggerCounts_bit3, triggerRate_bit4, triggerCounts_bit4, triggerRate_bit5, triggerCounts_bit5, triggerRate_bit6, triggerCounts_bit6, triggerRate_bit7, triggerCounts_bit7, triggerRate_bit8, triggerCounts_bit8, triggerRate_bit9, triggerCounts_bit9, triggerRate_bit10, triggerCounts_bit10, triggerRate_bit11, triggerCounts_bit11, triggerRate_bit12, triggerCounts_bit12, triggerRate_bit13, triggerCounts_bit13, triggerRate_tot,  triggerCounts_tot  
188, 2.29511, 484, 1.46053, 308, 0, 0, 0, 0, 0.0569036, 12, 0, 0, 0.218131, 46, 0, 0, 0.246582, 52, 0, 0, 0, 0, 0, 0, 0.497907, 105, 4.77516, 1007
subrunnum, triggerRate_bit1, triggerCounts_bit1, triggerRate_bit2, triggerCounts_bit2, triggerRate_bit3, triggerCounts_bit3, triggerRate_bit4, triggerCounts_bit4, triggerRate_bit5, triggerCounts_bit5, triggerRate_bit6, triggerCounts_bit6, triggerRate_bit7, triggerCounts_bit7, triggerRate_bit8, triggerCounts_bit8, triggerRate_bit9, triggerCounts_bit9, triggerRate_bit10, triggerCounts_bit10, triggerRate_bit11, triggerCounts_bit11, triggerRate_bit12, triggerCounts_bit12, triggerRate_bit13, triggerCounts_bit13, triggerRate_tot,  triggerCounts_tot  
189, 1.99298, 446, 1.60422, 359, 0, 0, 0, 0, 0.06256, 14, 0, 0, 0.147463, 33, 0, 0, 0.178743, 40, 0, 0, 0, 0, 0, 0, 0.50048, 112, 4.48645, 1004
subrunnum, triggerRate_bit1, triggerCounts_bit1, triggerRate_bit2, triggerCounts_bit2, triggerRate_bit3, triggerCounts_bit3, triggerRate_bit4, triggerCounts_bit4, triggerRate_bit5, triggerCounts_bit5, triggerRate_bit6, triggerCounts_bit6, triggerRate_bit7, triggerCounts_bit7, triggerRate_bit8, triggerCounts_bit8, triggerRate_bit9, triggerCounts_bit9, triggerRate_bit10, triggerCounts_bit10, triggerRate_bit11, triggerCounts_bit11, triggerRate_bit12, triggerCounts_bit12, triggerRate_bit13, triggerCounts_bit13, triggerRate_tot,  triggerCounts_tot  
190, 2.25293, 473, 1.52894, 321, 0, 0, 0, 0, 0.0571567, 12, 0, 0, 0.190522, 40, 0, 0, 0.242916, 51, 0, 0, 0, 0, 0, 0, 0.500121, 105, 4.77258, 1002
subrunnum, triggerRate_bit1, triggerCounts_bit1, triggerRate_bit2, triggerCounts_bit2, triggerRate_bit3, triggerCounts_bit3, triggerRate_bit4, triggerCounts_bit4, triggerRate_bit5, triggerCounts_bit5, triggerRate_bit6, triggerCounts_bit6, triggerRate_bit7, triggerCounts_bit7, triggerRate_bit8, triggerCounts_bit8, triggerRate_bit9, triggerCounts_bit9, triggerRate_bit10, triggerCounts_bit10, triggerRate_bit11, triggerCounts_bit11, triggerRate_bit12, triggerCounts_bit12, triggerRate_bit13, triggerCounts_bit13, triggerRate_tot,  triggerCounts_tot  
191, 2.37379, 489, 1.5534, 320, 0, 0, 0, 0, 0.0485437, 10, 0, 0, 0.179612, 37, 0, 0, 0.208738, 43, 0, 0, 0, 0, 0, 0, 0.504854, 104, 4.86893, 1003
subrunnum, triggerRate_bit1, triggerCounts_bit1, triggerRate_bit2, triggerCounts_bit2, triggerRate_bit3, triggerCounts_bit3, triggerRate_bit4, triggerCounts_bit4, triggerRate_bit5, triggerCounts_bit5, triggerRate_bit6, triggerCounts_bit6, triggerRate_bit7, triggerCounts_bit7, triggerRate_bit8, triggerCounts_bit8, triggerRate_bit9, triggerCounts_bit9, triggerRate_bit10, triggerCounts_bit10, triggerRate_bit11, triggerCounts_bit11, triggerRate_bit12, triggerCounts_bit12, triggerRate_bit13, triggerCounts_bit13, triggerRate_tot,  triggerCounts_tot  
192, 2.43915, 507, 1.45772, 303, 0, 0, 0, 0, 0.0817861, 17, 0, 0, 0.120274, 25, 0, 0, 0.221303, 46, 0, 0, 0, 0, 0, 0, 0.495527, 103, 4.81576, 1001
subrunnum, triggerRate_bit1, triggerCounts_bit1, triggerRate_bit2, triggerCounts_bit2, triggerRate_bit3, triggerCounts_bit3, triggerRate_bit4, triggerCounts_bit4, triggerRate_bit5, triggerCounts_bit5, triggerRate_bit6, triggerCounts_bit6, triggerRate_bit7, triggerCounts_bit7, triggerRate_bit8, triggerCounts_bit8, triggerRate_bit9, triggerCounts_bit9, triggerRate_bit10, triggerCounts_bit10, triggerRate_bit11, triggerCounts_bit11, triggerRate_bit12, triggerCounts_bit12, triggerRate_bit13, triggerCounts_bit13, triggerRate_tot,  triggerCounts_tot  
193, 2.31348, 482, 1.45913, 304, 0, 0, 0, 0, 0.0671966, 14, 0, 0, 0.20159, 42, 0, 0, 0.263987, 55, 0, 0, 0, 0, 0, 0, 0.503975, 105, 4.80936, 1002
subrunnum, triggerRate_bit1, triggerCounts_bit1, triggerRate_bit2, triggerCounts_bit2, triggerRate_bit3, triggerCounts_bit3, triggerRate_bit4, triggerCounts_bit4, triggerRate_bit5, triggerCounts_bit5, triggerRate_bit6, triggerCounts_bit6, triggerRate_bit7, triggerCounts_bit7, triggerRate_bit8, triggerCounts_bit8, triggerRate_bit9, triggerCounts_bit9, triggerRate_bit10, triggerCounts_bit10, triggerRate_bit11, triggerCounts_bit11, triggerRate_bit12, triggerCounts_bit12, triggerRate_bit13, triggerCounts_bit13, triggerRate_tot,  triggerCounts_tot  
194, 2.22224, 467, 1.57508, 331, 0, 0, 0, 0, 0.052344, 11, 0, 0, 0.223651, 47, 0, 0, 0.1951, 41, 0, 0, 0, 0, 0, 0, 0.499647, 105, 4.76806, 1002
subrunnum, triggerRate_bit1, triggerCounts_bit1, triggerRate_bit2, triggerCounts_bit2, triggerRate_bit3, triggerCounts_bit3, triggerRate_bit4, triggerCounts_bit4, triggerRate_bit5, triggerCounts_bit5, triggerRate_bit6, triggerCounts_bit6, triggerRate_bit7, triggerCounts_bit7, triggerRate_bit8, triggerCounts_bit8, triggerRate_bit9, triggerCounts_bit9, triggerRate_bit10, triggerCounts_bit10, triggerRate_bit11, triggerCounts_bit11, triggerRate_bit12, triggerCounts_bit12, triggerRate_bit13, triggerCounts_bit13, triggerRate_tot,  triggerCounts_tot  
195, 2.34155, 483, 1.55619, 321, 0, 0, 0, 0, 0.0339355, 7, 0, 0, 0.155134, 32, 0, 0, 0.276332, 57, 0, 0, 0, 0, 0, 0, 0.494489, 102, 4.85763, 1002
subrunnum, triggerRate_bit1, triggerCounts_bit1, triggerRate_bit2, triggerCounts_bit2, triggerRate_bit3, triggerCounts_bit3, triggerRate_bit4, triggerCounts_bit4, triggerRate_bit5, triggerCounts_bit5, triggerRate_bit6, triggerCounts_bit6, triggerRate_bit7, triggerCounts_bit7, triggerRate_bit8, triggerCounts_bit8, triggerRate_bit9, triggerCounts_bit9, triggerRate_bit10, triggerCounts_bit10, triggerRate_bit11, triggerCounts_bit11, triggerRate_bit12, triggerCounts_bit12, triggerRate_bit13, triggerCounts_bit13, triggerRate_tot,  triggerCounts_tot  
196, 2.23994, 474, 1.54055, 326, 0, 0, 0, 0, 0.0661584, 14, 0, 0, 0.179573, 38, 0, 0, 0.207926, 44, 0, 0, 0, 0, 0, 0, 0.500914, 106, 4.73505, 1002
subrunnum, triggerRate_bit1, triggerCounts_bit1, triggerRate_bit2, triggerCounts_bit2, triggerRate_bit3, triggerCounts_bit3, triggerRate_bit4, triggerCounts_bit4, triggerRate_bit5, triggerCounts_bit5, triggerRate_bit6, triggerCounts_bit6, triggerRate_bit7, triggerCounts_bit7, triggerRate_bit8, triggerCounts_bit8, triggerRate_bit9, triggerCounts_bit9, triggerRate_bit10, triggerCounts_bit10, triggerRate_bit11, triggerCounts_bit11, triggerRate_bit12, triggerCounts_bit12, triggerRate_bit13, triggerCounts_bit13, triggerRate_tot,  triggerCounts_tot  
197, 2.28308, 465, 1.62516, 331, 0, 0, 0, 0, 0.0490986, 10, 0, 0, 0.181665, 37, 0, 0, 0.279862, 57, 0, 0, 0, 0, 0, 0, 0.500806, 102, 4.91968, 1002
subrunnum, triggerRate_bit1, triggerCounts_bit1, triggerRate_bit2, triggerCounts_bit2, triggerRate_bit3, triggerCounts_bit3, triggerRate_bit4, triggerCounts_bit4, triggerRate_bit5, triggerCounts_bit5, triggerRate_bit6, triggerCounts_bit6, triggerRate_bit7, triggerCounts_bit7, triggerRate_bit8, triggerCounts_bit8, triggerRate_bit9, triggerCounts_bit9, triggerRate_bit10, triggerCounts_bit10, triggerRate_bit11, triggerCounts_bit11, triggerRate_bit12, triggerCounts_bit12, triggerRate_bit13, triggerCounts_bit13, triggerRate_tot,  triggerCounts_tot  
198, 2.23109, 481, 1.48894, 321, 0, 0, 0, 0, 0.0602997, 13, 0, 0, 0.171622, 37, 0, 0, 0.199453, 43, 0, 0, 0, 0, 0, 0, 0.500951, 108, 4.65235, 1003
subrunnum, triggerRate_bit1, triggerCounts_bit1, triggerRate_bit2, triggerCounts_bit2, triggerRate_bit3, triggerCounts_bit3, triggerRate_bit4, triggerCounts_bit4, triggerRate_bit5, triggerCounts_bit5, triggerRate_bit6, triggerCounts_bit6, triggerRate_bit7, triggerCounts_bit7, triggerRate_bit8, triggerCounts_bit8, triggerRate_bit9, triggerCounts_bit9, triggerRate_bit10, triggerCounts_bit10, triggerRate_bit11, triggerCounts_bit11, triggerRate_bit12, triggerCounts_bit12, triggerRate_bit13, triggerCounts_bit13, triggerRate_tot,  triggerCounts_tot  
199, 2.23339, 476, 1.50613, 321, 0, 0, 0, 0, 0.042228, 9, 0, 0, 0.150144, 32, 0, 0, 0.272136, 58, 0, 0, 0, 0, 0, 0, 0.497352, 106, 4.70138, 1002
subrunnum, triggerRate_bit1, triggerCounts_bit1, triggerRate_bit2, triggerCounts_bit2, triggerRate_bit3, triggerCounts_bit3, triggerRate_bit4, triggerCounts_bit4, triggerRate_bit5, triggerCounts_bit5, triggerRate_bit6, triggerCounts_bit6, triggerRate_bit7, triggerCounts_bit7, triggerRate_bit8, triggerCounts_bit8, triggerRate_bit9, triggerCounts_bit9, triggerRate_bit10, triggerCounts_bit10, triggerRate_bit11, triggerCounts_bit11, triggerRate_bit12, triggerCounts_bit12, triggerRate_bit13, triggerCounts_bit13, triggerRate_tot,  triggerCounts_tot  
200, 2.27963, 485, 1.52289, 324, 0, 0, 0, 0, 0.0517029, 11, 0, 0, 0.17391, 37, 0, 0, 0.188011, 40, 0, 0, 0, 0, 0, 0, 0.502928, 107, 4.71907, 1004
subrunnum, triggerRate_bit1, triggerCounts_bit1, triggerRate_bit2, triggerCounts_bit2, triggerRate_bit3, triggerCounts_bit3, triggerRate_bit4, triggerCounts_bit4, triggerRate_bit5, triggerCounts_bit5, triggerRate_bit6, triggerCounts_bit6, triggerRate_bit7, triggerCounts_bit7, triggerRate_bit8, triggerCounts_bit8, triggerRate_bit9, triggerCounts_bit9, triggerRate_bit10, triggerCounts_bit10, triggerRate_bit11, triggerCounts_bit11, triggerRate_bit12, triggerCounts_bit12, triggerRate_bit13, triggerCounts_bit13, triggerRate_tot,  triggerCounts_tot  
201, 2.43611, 491, 1.56288, 315, 0, 0, 0, 0, 0.084346, 17, 0, 0, 0.158769, 32, 0, 0, 0.233192, 47, 0, 0, 0, 0, 0, 0, 0.501114, 101, 4.97641, 1003
subrunnum, triggerRate_bit1, triggerCounts_bit1, triggerRate_bit2, triggerCounts_bit2, triggerRate_bit3, triggerCounts_bit3, triggerRate_bit4, triggerCounts_bit4, triggerRate_bit5, triggerCounts_bit5, triggerRate_bit6, triggerCounts_bit6, triggerRate_bit7, triggerCounts_bit7, triggerRate_bit8, triggerCounts_bit8, triggerRate_bit9, triggerCounts_bit9, triggerRate_bit10, triggerCounts_bit10, triggerRate_bit11, triggerCounts_bit11, triggerRate_bit12, triggerCounts_bit12, triggerRate_bit13, triggerCounts_bit13, triggerRate_tot,  triggerCounts_tot  
202, 2.27222, 472, 1.61751, 336, 0, 0, 0, 0, 0.0529542, 11, 0, 0, 0.182933, 38, 0, 0, 0.197375, 41, 0, 0, 0, 0, 0, 0, 0.500658, 104, 4.82365, 1002
subrunnum, triggerRate_bit1, triggerCounts_bit1, triggerRate_bit2, triggerCounts_bit2, triggerRate_bit3, triggerCounts_bit3, triggerRate_bit4, triggerCounts_bit4, triggerRate_bit5, triggerCounts_bit5, triggerRate_bit6, triggerCounts_bit6, triggerRate_bit7, triggerCounts_bit7, triggerRate_bit8, triggerCounts_bit8, triggerRate_bit9, triggerCounts_bit9, triggerRate_bit10, triggerCounts_bit10, triggerRate_bit11, triggerCounts_bit11, triggerRate_bit12, triggerCounts_bit12, triggerRate_bit13, triggerCounts_bit13, triggerRate_tot,  triggerCounts_tot  
203, 2.39625, 493, 1.43872, 296, 0, 0, 0, 0, 0.0680476, 14, 0, 0, 0.218724, 45, 0, 0, 0.252748, 52, 0, 0, 0, 0, 0, 0, 0.500636, 103, 4.87513, 1003
subrunnum, triggerRate_bit1, triggerCounts_bit1, triggerRate_bit2, triggerCounts_bit2, triggerRate_bit3, triggerCounts_bit3, triggerRate_bit4, triggerCounts_bit4, triggerRate_bit5, triggerCounts_bit5, triggerRate_bit6, triggerCounts_bit6, triggerRate_bit7, triggerCounts_bit7, triggerRate_bit8, triggerCounts_bit8, triggerRate_bit9, triggerCounts_bit9, triggerRate_bit10, triggerCounts_bit10, triggerRate_bit11, triggerCounts_bit11, triggerRate_bit12, triggerCounts_bit12, triggerRate_bit13, triggerCounts_bit13, triggerRate_tot,  triggerCounts_tot  
204, 2.41868, 477, 1.68344, 332, 0, 0, 0, 0, 0.0608473, 12, 0, 0, 0.16226, 32, 0, 0, 0.253531, 50, 0, 0, 0, 0, 0, 0, 0.49692, 98, 5.07568, 1001
subrunnum, triggerRate_bit1, triggerCounts_bit1, triggerRate_bit2, triggerCounts_bit2, triggerRate_bit3, triggerCounts_bit3, triggerRate_bit4, triggerCounts_bit4, triggerRate_bit5, triggerCounts_bit5, triggerRate_bit6, triggerCounts_bit6, triggerRate_bit7, triggerCounts_bit7, triggerRate_bit8, triggerCounts_bit8, triggerRate_bit9, triggerCounts_bit9, triggerRate_bit10, triggerCounts_bit10, triggerRate_bit11, triggerCounts_bit11, triggerRate_bit12, triggerCounts_bit12, triggerRate_bit13, triggerCounts_bit13, triggerRate_tot,  triggerCounts_tot  
205, 2.3652, 487, 1.58327, 326, 0, 0, 0, 0, 0.0388534, 8, 0, 0, 0.16027, 33, 0, 0, 0.223407, 46, 0, 0, 0, 0, 0, 0, 0.500237, 103, 4.87124, 1003
subrunnum, triggerRate_bit1, triggerCounts_bit1, triggerRate_bit2, triggerCounts_bit2, triggerRate_bit3, triggerCounts_bit3, triggerRate_bit4, triggerCounts_bit4, triggerRate_bit5, triggerCounts_bit5, triggerRate_bit6, triggerCounts_bit6, triggerRate_bit7, triggerCounts_bit7, triggerRate_bit8, triggerCounts_bit8, triggerRate_bit9, triggerCounts_bit9, triggerRate_bit10, triggerCounts_bit10, triggerRate_bit11, triggerCounts_bit11, triggerRate_bit12, triggerCounts_bit12, triggerRate_bit13, triggerCounts_bit13, triggerRate_tot,  triggerCounts_tot  
206, 2.42765, 489, 1.61843, 326, 0, 0, 0, 0, 0.0595741, 12, 0, 0, 0.168793, 34, 0, 0, 0.213474, 43, 0, 0, 0, 0, 0, 0, 0.501416, 101, 4.98933, 1005
subrunnum, triggerRate_bit1, triggerCounts_bit1, triggerRate_bit2, triggerCounts_bit2, triggerRate_bit3, triggerCounts_bit3, triggerRate_bit4, triggerCounts_bit4, triggerRate_bit5, triggerCounts_bit5, triggerRate_bit6, triggerCounts_bit6, triggerRate_bit7, triggerCounts_bit7, triggerRate_bit8, triggerCounts_bit8, triggerRate_bit9, triggerCounts_bit9, triggerRate_bit10, triggerCounts_bit10, triggerRate_bit11, triggerCounts_bit11, triggerRate_bit12, triggerCounts_bit12, triggerRate_bit13, triggerCounts_bit13, triggerRate_tot,  triggerCounts_tot  
207, 2.36196, 481, 1.56646, 319, 0, 0, 0, 0, 0.0834788, 17, 0, 0, 0.166958, 34, 0, 0, 0.255347, 52, 0, 0, 0, 0, 0, 0, 0.500873, 102, 4.93507, 1005
subrunnum, triggerRate_bit1, triggerCounts_bit1, triggerRate_bit2, triggerCounts_bit2, triggerRate_bit3, triggerCounts_bit3, triggerRate_bit4, triggerCounts_bit4, triggerRate_bit5, triggerCounts_bit5, triggerRate_bit6, triggerCounts_bit6, triggerRate_bit7, triggerCounts_bit7, triggerRate_bit8, triggerCounts_bit8, triggerRate_bit9, triggerCounts_bit9, triggerRate_bit10, triggerCounts_bit10, triggerRate_bit11, triggerCounts_bit11, triggerRate_bit12, triggerCounts_bit12, triggerRate_bit13, triggerCounts_bit13, triggerRate_tot,  triggerCounts_tot  
208, 2.22571, 464, 1.59733, 333, 0, 0, 0, 0, 0.0383743, 8, 0, 0, 0.182278, 38, 0, 0, 0.263824, 55, 0, 0, 0, 0, 0, 0, 0.503663, 105, 4.81118, 1003
subrunnum, triggerRate_bit1, triggerCounts_bit1, triggerRate_bit2, triggerCounts_bit2, triggerRate_bit3, triggerCounts_bit3, triggerRate_bit4, triggerCounts_bit4, triggerRate_bit5, triggerCounts_bit5, triggerRate_bit6, triggerCounts_bit6, triggerRate_bit7, triggerCounts_bit7, triggerRate_bit8, triggerCounts_bit8, triggerRate_bit9, triggerCounts_bit9, triggerRate_bit10, triggerCounts_bit10, triggerRate_bit11, triggerCounts_bit11, triggerRate_bit12, triggerCounts_bit12, triggerRate_bit13, triggerCounts_bit13, triggerRate_tot,  triggerCounts_tot  
209, 2.44428, 64, 2.17694, 57, 0, 0, 0, 0, 0.0763837, 2, 0, 0, 0.152767, 4, 0, 0, 0.496494, 13, 0, 0, 0, 0, 0, 0, 0.496494, 13, 5.84335, 153
